#,Player ID,League,Season,Team,Name,Position,Sofascore Rating,Goals,xG,Big chances missed,Total shots,Shots on target,Shots off target,Goal conversion %,Succ. dribbles,Succ. dribbles %,Goals inside box,Goals outside box,Headed goals,Left-footed goals,Right-footed goals,Hit woodwork,Offsides,Penalties won,Penalties taken,Penalty goals,Penalty conversion %,Free kick goals,Shots from set piece,Set piece conv. %,Tackles,Interceptions,Clearances,Blocked shots,Dribbled past,Errors leading to goal,Errors leading to shot,Penalties committed,Own goals,Clean sheets,Big chances created,Assists,Passes to assist,Key passes,Total passes,Accurate passes,Inaccurate passes,Accurate passes %,Passes in own half,Passes in opp. half,Acc. final third passes,Accurate crosses,Accurate crosses %,Accurate long balls,Accurate long balls %,Appearances,Started,Minutes played,Yellow cards,Red cards,Fouls,Was fouled,Possession lost,Dispossessed,Total duels won,Total duels won %,Ground duels won,Ground duels won %,Aerial duels won,Aerial duels won %
1,842718,Bundesliga,25/26,FC Union Berlin,Matheo Raab,Goalkeeper,9.7,0.0,0.0,0.0,0.0,0.0,0.0,0.0,0.0,0.0,0.0,0.0,0.0,0.0,0.0,0.0,0.0,0.0,0.0,0.0,0.0,0.0,0.0,0.0,0.0,0.0,2.0,0.0,0.0,0.0,0.0,0.0,0.0,1.0,0.0,0.0,0.0,0.0,32.0,17.0,15.0,53.13,8.0,9.0,1.0,0.0,0.0,11.0,42.31,1,1,90,0.0,0.0,0.0,0.0,17.0,0.0,1.0,50.0,0.0,0.0,1.0,50.0
2,1030355,Bundesliga,25/26,Hamburger SV,Sander Tangvik,Goalkeeper,8.8,0.0,0.0,0.0,0.0,0.0,0.0,0.0,0.0,0.0,0.0,0.0,0.0,0.0,0.0,0.0,0.0,0.0,0.0,0.0,0.0,0.0,0.0,0.0,0.0,0.0,3.0,0.0,0.0,0.0,0.0,0.0,0.0,0.0,0.0,0.0,0.0,0.0,51.0,34.0,17.0,66.67,28.0,6.0,1.0,0.0,0.0,9.0,34.62,1,1,90,0.0,0.0,0.0,1.0,17.0,0.0,1.0,100.0,1.0,100.0,0.0,0.0
3,978838,Bundesliga,25/26,FC Bayern München,Michael Olise,Midfielder,7.87,0.58,0.45,0.58,3.92,1.94,0.82,14.85,2.52,47.1,0.43,0.16,0.0,0.47,0.12,0.23,0.27,0.08,0.0,0.0,0.0,0.0,0.19,0.0,0.93,0.5,0.35,0.04,1.09,0.0,0.04,0.0,0.0,0.31,1.05,0.74,0.08,3.15,60.48,50.88,9.59,84.14,9.09,41.8,29.09,1.2,21.09,1.09,60.87,32,23,2317,0.31,0.0,1.24,2.25,22.26,1.2,6.02,46.97,5.71,47.57,0.31,38.1
4,108579,Bundesliga,25/26,FC Bayern München,Harry Kane,Forward,7.84,1.36,1.02,0.68,4.5,2.53,0.91,30.25,1.21,62.75,1.13,0.23,0.11,0.23,1.02,0.15,0.76,0.08,0.42,0.38,90.91,0.04,0.15,25.0,0.72,0.3,1.25,0.23,0.53,0.04,0.0,0.04,0.0,0.15,0.68,0.19,0.0,1.51,27.47,22.25,5.21,81.02,7.22,15.04,10.16,0.04,8.33,2.95,70.91,31,25,2382,0.04,0.0,0.94,1.21,9.75,1.21,4.76,52.72,3.14,49.11,1.62,61.43
5,1083359,Bundesliga,25/26,FC Heidenheim,Frank Feller,Goalkeeper,7.77,0.0,0.0,0.0,0.0,0.0,0.0,0.0,0.0,0.0,0.0,0.0,0.0,0.0,0.0,0.0,0.0,0.0,0.0,0.0,0.0,0.0,0.0,0.0,0.33,0.0,1.33,0.0,0.67,0.0,0.0,0.0,0.0,0.0,0.0,0.0,0.0,0.0,38.67,27.67,11.0,71.55,21.33,6.33,3.0,0.0,0.0,10.33,49.21,3,3,270,0.0,0.0,0.0,0.67,11.67,0.0,1.33,66.67,1.0,60.0,0.33,100.0
6,2087085,Bundesliga,25/26,RB Leipzig,Yan Diomande,Forward,7.72,0.44,0.26,0.22,1.93,0.95,0.55,22.64,4.29,59.9,0.36,0.07,0.0,0.25,0.18,0.0,0.25,0.0,0.0,0.0,0.0,0.0,0.0,0.0,1.05,0.58,0.33,0.04,0.65,0.0,0.04,0.0,0.0,0.11,0.62,0.29,0.0,2.04,38.78,32.57,6.22,83.97,9.85,22.72,14.79,0.25,16.28,1.02,73.68,33,28,2476,0.07,0.0,0.69,1.24,16.39,2.25,6.76,47.45,6.58,50.56,0.18,14.71
7,259117,Bundesliga,25/26,FC Bayern München,Joshua Kimmich,Midfielder,7.71,0.08,0.1,0.04,1.11,0.39,0.47,7.14,0.43,61.11,0.08,0.0,0.0,0.08,0.0,0.12,0.0,0.0,0.0,0.0,0.0,0.0,0.0,0.0,1.26,0.99,0.71,0.24,0.91,0.0,0.16,0.04,0.0,0.32,0.63,0.32,0.08,2.29,104.61,96.63,7.97,92.38,35.53,61.11,28.7,1.11,23.33,6.32,71.11,29,24,2280,0.16,0.0,0.32,0.83,13.97,0.55,2.8,52.99,2.53,55.65,0.28,36.84
8,940871,Bundesliga,25/26,Borussia Dortmund,Nico Schlotterbeck,Defender,7.67,0.18,0.13,0.07,1.14,0.32,0.43,15.63,0.54,65.22,0.18,0.0,0.11,0.07,0.0,0.07,0.04,0.04,0.0,0.0,0.0,0.0,0.0,0.0,1.79,0.96,4.54,0.43,0.29,0.0,0.04,0.04,0.0,0.39,0.04,0.04,0.0,0.43,70.89,62.57,8.32,88.26,33.64,28.93,12.54,0.21,18.75,6.68,61.72,28,28,2520,0.29,0.0,1.07,0.96,11.86,0.54,5.64,61.96,3.29,61.33,2.36,62.86
9,991591,Bundesliga,25/26,SV Werder Bremen,Karl Hein,Goalkeeper,7.6,0.0,0.0,0.0,0.0,0.0,0.0,0.0,0.5,100.0,0.0,0.0,0.0,0.0,0.0,0.0,0.0,0.0,0.0,0.0,0.0,0.0,0.0,0.0,0.0,0.0,2.0,0.0,0.0,0.0,0.0,0.0,0.0,0.5,0.0,0.0,0.0,0.0,55.0,41.5,13.5,75.45,38.0,3.5,0.5,0.0,0.0,9.0,40.91,2,2,180,0.0,0.0,0.0,0.0,13.5,0.0,1.5,100.0,0.5,100.0,1.0,100.0
10,26768,Bundesliga,25/26,FC Bayern München,Sven Ulreich,Goalkeeper,7.6,0.0,0.0,0.0,0.0,0.0,0.0,0.0,0.0,0.0,0.0,0.0,0.0,0.0,0.0,0.0,0.0,0.0,0.0,0.0,0.0,0.0,0.0,0.0,0.0,0.0,0.0,0.0,0.0,0.0,0.0,0.0,0.0,0.0,0.0,0.0,0.0,0.0,38.0,18.0,20.0,47.37,15.0,3.0,0.0,0.0,0.0,5.0,20.0,1,1,90,1.0,0.0,0.0,1.0,20.0,0.0,1.0,100.0,1.0,100.0,0.0,0.0
11,826205,Bundesliga,25/26,VfB Stuttgart,Dan Zagadou,Defender,7.53,0.0,0.15,0.0,2.57,0.43,1.71,0.0,0.43,100.0,0.0,0.0,0.0,0.0,0.0,0.0,0.0,0.43,0.0,0.0,0.0,0.0,0.0,0.0,2.14,2.14,7.29,2.14,0.86,0.0,0.0,0.0,0.0,0.0,0.0,0.0,0.0,0.43,91.29,78.86,12.43,86.38,41.14,37.71,9.0,0.0,0.0,1.71,22.22,3,3,210,0.0,0.0,2.14,0.43,13.29,0.43,10.29,66.67,3.0,46.67,7.29,80.95
12,1568521,Bundesliga,25/26,SV Werder Bremen,Mick Schmetgens,Defender,7.5,0.0,0.0,0.0,0.0,0.0,0.0,0.0,0.0,0.0,0.0,0.0,0.0,0.0,0.0,0.0,0.0,0.0,0.0,0.0,0.0,0.0,0.0,0.0,2.5,2.5,12.5,5.0,0.0,0.0,0.0,0.0,0.0,0.0,0.0,0.0,0.0,0.0,100.0,90.0,10.0,90.0,50.0,40.0,2.5,2.5,50.0,0.0,0.0,2,0,36,0.0,0.0,0.0,0.0,12.5,0.0,7.5,75.0,2.5,100.0,5.0,66.67
13,1386651,Bundesliga,25/26,FC Heidenheim,Leo Scienza,Midfielder,7.45,0.5,0.07,0.0,2.0,0.5,0.5,25.0,1.5,33.33,0.0,0.5,0.0,0.0,0.5,0.0,0.0,0.0,0.0,0.0,0.0,0.5,0.5,100.0,1.0,0.0,0.0,0.0,1.0,0.0,0.0,0.0,0.0,0.0,1.5,0.0,0.0,1.5,18.5,14.0,4.5,75.68,8.0,6.0,4.5,1.0,15.38,0.5,50.0,2,2,180,0.0,0.0,0.5,3.5,17.5,1.0,6.0,48.0,6.0,52.17,0.0,0.0
14,796047,Bundesliga,25/26,Bayer 04 Leverkusen,Aleix García,Midfielder,7.45,0.1,0.08,0.03,1.01,0.17,0.47,10.0,0.13,28.57,0.1,0.0,0.0,0.07,0.03,0.0,0.07,0.0,0.0,0.0,0.0,0.0,0.2,0.0,0.87,0.77,1.04,0.17,0.61,0.0,0.2,0.0,0.0,0.17,0.5,0.27,0.03,1.72,102.07,94.81,7.26,92.88,42.24,52.57,22.84,1.28,30.89,5.92,75.21,33,31,2676,0.2,0.0,0.27,0.64,11.37,0.17,1.95,53.21,1.61,53.93,0.34,50.0
15,327755,Bundesliga,25/26,FSV Mainz 05,Nadiem Amiri,Midfielder,7.43,0.52,0.45,0.17,2.37,0.99,0.47,21.82,1.08,51.02,0.52,0.0,0.0,0.04,0.47,0.09,0.13,0.04,0.34,0.34,100.0,0.0,0.22,0.0,1.33,0.95,0.39,0.13,0.56,0.0,0.0,0.0,0.0,0.04,0.69,0.09,0.0,2.71,47.84,38.89,8.96,81.28,14.3,24.59,15.67,1.94,32.61,2.76,48.85,26,24,2090,0.26,0.0,0.86,1.12,17.87,1.12,4.05,50.27,3.53,50.0,0.52,52.17
16,94312,Bundesliga,25/26,FSV Mainz 05,Daniel Batz,Goalkeeper,7.42,0.0,0.0,0.0,0.0,0.0,0.0,0.0,0.0,0.0,0.0,0.0,0.0,0.0,0.0,0.0,0.0,0.0,0.0,0.0,0.0,0.0,0.0,0.0,0.0,0.0,0.9,0.0,0.14,0.05,0.0,0.0,0.0,0.19,0.0,0.0,0.05,0.05,31.62,20.19,11.43,63.86,13.62,6.57,2.38,0.0,0.0,7.71,40.7,21,21,1890,0.1,0.0,0.0,0.05,11.76,0.0,0.43,64.29,0.05,25.0,0.38,80.0
17,577726,Bundesliga,25/26,Borussia Dortmund,Ramy Bensebaini,Defender,7.38,0.29,0.18,0.0,1.0,0.41,0.35,29.41,0.24,57.14,0.29,0.0,0.12,0.12,0.06,0.0,0.06,0.0,0.12,0.12,100.0,0.0,0.0,0.0,1.65,1.06,5.0,0.47,0.35,0.06,0.12,0.0,0.0,0.53,0.06,0.12,0.0,0.59,68.75,60.1,8.65,87.41,30.26,29.84,13.36,0.18,25.0,2.59,40.37,21,15,1529,0.35,0.0,1.82,0.94,10.83,0.12,5.12,55.41,2.83,53.93,2.3,57.35
18,578166,Bundesliga,25/26,Borussia M'gladbach,Moritz Nicolas,Goalkeeper,7.34,0.0,0.0,0.0,0.0,0.0,0.0,0.0,0.0,0.0,0.0,0.0,0.0,0.0,0.0,0.0,0.0,0.0,0.0,0.0,0.0,0.0,0.0,0.0,0.03,0.03,0.79,0.0,0.0,0.0,0.03,0.0,0.0,0.38,0.03,0.0,0.0,0.06,33.0,23.32,9.68,70.68,19.15,4.18,1.06,0.0,0.0,6.44,40.56,34,34,3060,0.03,0.0,0.0,0.09,10.0,0.0,0.35,100.0,0.12,100.0,0.24,100.0
19,856076,Bundesliga,25/26,RB Leipzig,David Raum,Defender,7.33,0.11,0.08,0.07,0.85,0.28,0.46,12.5,0.56,44.44,0.07,0.04,0.0,0.11,0.0,0.11,0.21,0.0,0.04,0.04,100.0,0.04,0.28,12.5,1.69,1.06,3.66,0.32,0.99,0.04,0.04,0.07,0.0,0.28,0.77,0.25,0.07,3.45,59.72,48.24,11.48,80.78,23.24,25.0,12.32,3.06,34.52,3.1,45.36,30,29,2556,0.21,0.0,1.02,0.6,21.09,0.18,3.42,48.5,2.85,49.69,0.56,43.24
20,177177,Bundesliga,25/26,Bayer 04 Leverkusen,Alejandro Grimaldo,Midfielder,7.31,0.29,0.24,0.14,2.14,0.75,0.78,13.33,0.89,40.98,0.18,0.11,0.0,0.29,0.0,0.0,0.29,0.0,0.11,0.11,100.0,0.11,0.53,20.0,1.75,0.68,1.85,0.18,0.96,0.0,0.0,0.0,0.0,0.18,0.57,0.29,0.0,2.5,65.36,57.12,8.24,87.4,24.03,33.09,18.04,1.78,28.74,1.82,49.04,29,29,2524,0.18,0.0,0.39,1.03,16.87,0.96,4.03,46.31,3.67,50.74,0.36,24.39
21,1405212,Bundesliga,25/26,Hamburger SV,Luka Vušković,Defender,7.28,0.22,0.16,0.18,1.18,0.37,0.59,18.75,0.29,88.89,0.18,0.04,0.07,0.0,0.15,0.07,0.04,0.07,0.04,0.04,100.0,0.04,0.11,33.33,0.81,1.47,9.25,0.96,0.26,0.04,0.07,0.0,0.0,0.18,0.0,0.0,0.0,0.41,56.56,46.97,9.59,83.05,33.4,13.57,3.8,0.0,0.0,3.24,42.31,28,27,2441,0.22,0.0,1.07,1.18,11.17,0.55,7.63,67.65,2.14,54.72,5.49,74.5
22,883537,Bundesliga,25/26,FC Bayern München,Luis Díaz,Midfielder,7.26,0.55,0.55,0.55,3.23,1.36,0.99,17.05,2.24,48.8,0.48,0.07,0.11,0.11,0.33,0.04,0.96,0.07,0.0,0.0,0.0,0.0,0.0,0.0,0.77,0.51,0.07,0.07,0.4,0.04,0.07,0.0,0.0,0.15,0.62,0.51,0.07,2.46,47.39,40.67,6.72,85.81,9.55,31.11,18.33,0.29,17.02,1.51,75.93,32,27,2450,0.18,0.04,1.29,1.4,15.24,1.87,4.85,42.17,4.41,43.01,0.44,35.29
23,96832,Bundesliga,25/26,Bayer 04 Leverkusen,Janis Blaswich,Goalkeeper,7.25,0.0,0.0,0.0,0.0,0.0,0.0,0.0,0.0,0.0,0.0,0.0,0.0,0.0,0.0,0.0,0.0,0.0,0.0,0.0,0.0,0.0,0.0,0.0,0.0,0.0,0.97,0.0,0.1,0.1,0.0,0.0,0.0,0.29,0.0,0.0,0.0,0.19,24.0,17.81,6.19,74.19,15.87,1.94,0.29,0.0,0.0,3.0,32.63,11,10,930,0.1,0.0,0.0,0.0,6.48,0.0,0.39,80.0,0.0,0.0,0.39,100.0
24,901882,Bundesliga,25/26,VfB Stuttgart,Angelo Stiller,Midfielder,7.25,0.07,0.1,0.13,0.56,0.26,0.13,11.76,0.46,58.33,0.07,0.0,0.0,0.07,0.0,0.0,0.0,0.0,0.03,0.0,0.0,0.0,0.03,0.0,1.6,0.98,1.57,0.23,0.56,0.0,0.0,0.0,0.0,0.26,0.33,0.16,0.03,1.83,76.32,67.25,9.07,88.12,27.1,40.16,18.26,0.82,23.58,2.65,47.37,34,30,2750,0.03,0.0,0.59,1.44,13.88,0.62,4.58,58.09,3.5,62.94,1.08,46.48
25,799046,Bundesliga,25/26,Borussia Dortmund,Waldemar Anton,Defender,7.25,0.06,0.05,0.0,0.5,0.19,0.16,12.5,0.41,56.52,0.06,0.0,0.0,0.0,0.06,0.0,0.0,0.0,0.0,0.0,0.0,0.0,0.0,0.0,2.28,0.94,5.16,0.53,0.34,0.0,0.09,0.0,0.0,0.44,0.0,0.0,0.0,0.25,73.91,66.41,7.5,89.85,39.78,26.62,9.03,0.12,33.33,2.66,41.26,32,32,2880,0.09,0.0,0.84,0.5,9.31,0.19,5.75,62.59,3.09,65.56,2.66,59.44
26,794962,Bundesliga,25/26,SV Werder Bremen,Maximilian Wöber,Defender,7.25,0.0,0.0,0.0,0.0,0.0,0.0,0.0,0.0,0.0,0.0,0.0,0.0,0.0,0.0,0.0,0.0,0.0,0.0,0.0,0.0,0.0,0.0,0.0,2.57,5.14,10.29,2.57,0.0,0.0,0.0,0.0,0.0,0.0,2.57,0.0,0.0,2.57,20.57,10.29,10.29,50.0,5.14,5.14,5.14,2.57,100.0,2.57,33.33,2,0,35,0.0,0.0,2.57,0.0,12.86,0.0,5.14,66.67,2.57,50.0,2.57,100.0
27,227672,Bundesliga,25/26,FC Bayern München,Jonathan Tah,Defender,7.24,0.09,0.03,0.04,0.36,0.22,0.09,25.0,0.13,60.0,0.09,0.0,0.04,0.0,0.04,0.04,0.0,0.0,0.0,0.0,0.0,0.0,0.0,0.0,1.07,1.16,5.51,0.93,0.31,0.0,0.04,0.0,0.0,0.27,0.04,0.04,0.0,0.22,84.35,81.24,3.11,96.31,42.38,38.86,10.05,0.0,0.0,1.91,66.15,28,23,2024,0.31,0.0,1.16,0.27,4.09,0.18,3.38,58.91,1.47,48.53,1.91,70.49
28,1500263,Bundesliga,25/26,Borussia Dortmund,Aarón Anselmino,Defender,7.24,0.24,0.02,0.0,0.24,0.24,0.0,100.0,0.24,50.0,0.24,0.0,0.24,0.0,0.0,0.0,0.0,0.0,0.0,0.0,0.0,0.0,0.0,0.0,2.2,1.22,3.67,0.49,1.22,0.0,0.24,0.0,0.0,0.49,0.0,0.0,0.0,0.0,52.09,45.49,6.6,87.32,22.26,23.23,7.09,0.0,0.0,0.49,28.57,6,4,368,0.0,0.0,1.47,0.73,8.56,0.0,5.38,55.0,3.18,52.0,2.2,60.0
29,148167,Bundesliga,25/26,FC Union Berlin,Carl Klaus,Goalkeeper,7.23,0.0,0.0,0.0,0.0,0.0,0.0,0.0,0.0,0.0,0.0,0.0,0.0,0.0,0.0,0.0,0.0,0.0,0.0,0.0,0.0,0.0,0.0,0.0,0.0,0.0,0.82,0.0,0.0,0.0,0.0,0.0,0.0,0.27,0.0,0.0,0.0,0.0,29.82,18.33,11.49,61.47,12.58,5.74,1.37,0.0,0.0,6.02,34.92,4,3,329,0.0,0.0,0.0,0.0,12.04,0.0,0.55,100.0,0.0,0.0,0.55,100.0
30,896569,Bundesliga,25/26,FC Bayern München,Kim Min-jae,Defender,7.23,0.06,0.03,0.0,0.28,0.17,0.06,20.0,0.06,50.0,0.06,0.0,0.06,0.0,0.0,0.0,0.0,0.0,0.0,0.0,0.0,0.0,0.0,0.0,1.22,2.17,4.44,1.0,0.28,0.06,0.0,0.0,0.0,0.28,0.06,0.06,0.06,0.28,87.72,83.28,4.44,94.94,41.09,42.2,13.38,0.0,0.0,1.22,57.89,25,19,1621,0.06,0.0,0.5,0.17,4.94,0.0,4.0,62.61,1.44,63.41,2.55,62.16
31,136924,Bundesliga,25/26,RB Leipzig,Willi Orbán,Defender,7.22,0.06,0.07,0.12,0.61,0.27,0.21,10.0,0.18,75.0,0.06,0.0,0.06,0.0,0.0,0.03,0.06,0.0,0.0,0.0,0.0,0.0,0.0,0.0,1.43,1.28,7.41,1.1,0.52,0.03,0.06,0.0,0.0,0.31,0.03,0.0,0.0,0.34,69.96,62.73,7.23,89.66,37.34,25.38,7.11,0.03,12.5,2.47,40.5,33,33,2950,0.12,0.0,0.64,0.7,8.15,0.09,6.47,67.09,2.26,63.25,4.21,69.35
32,138156,Bundesliga,25/26,Borussia Dortmund,Emre Can,Defender,7.22,0.43,0.36,0.0,0.72,0.58,0.14,60.0,0.43,60.0,0.43,0.0,0.0,0.0,0.43,0.0,0.0,0.0,0.43,0.43,100.0,0.0,0.0,0.0,1.74,2.32,5.22,1.01,1.45,0.0,0.0,0.0,0.0,0.14,0.0,0.0,0.0,0.0,65.22,56.23,8.99,86.22,30.29,25.94,8.99,0.0,0.0,3.48,48.98,9,7,621,0.43,0.0,1.45,1.45,10.72,0.29,6.23,53.09,3.62,52.08,2.61,54.55
33,1518931,Bundesliga,25/26,SC Freiburg,Johan Manzambi,Midfielder,7.22,0.21,0.17,0.21,2.19,0.52,1.03,9.8,1.42,52.38,0.09,0.13,0.04,0.0,0.17,0.04,0.09,0.04,0.0,0.0,0.0,0.0,0.0,0.0,1.5,1.16,1.63,0.09,0.82,0.0,0.21,0.0,0.0,0.09,0.26,0.17,0.0,0.86,40.36,34.08,6.28,84.45,15.52,18.57,9.24,0.47,31.43,1.38,51.61,27,26,2094,0.17,0.09,0.95,3.35,13.71,1.33,7.69,58.88,6.28,59.84,1.42,55.0
34,1006489,Bundesliga,25/26,Bayer 04 Leverkusen,Loïc Badé,Defender,7.21,0.0,0.07,0.05,0.65,0.22,0.27,0.0,0.16,60.0,0.0,0.0,0.0,0.0,0.0,0.0,0.0,0.0,0.0,0.0,0.0,0.0,0.0,0.0,1.79,1.14,6.02,1.03,0.16,0.05,0.0,0.0,0.05,0.27,0.0,0.0,0.0,0.11,77.09,71.01,6.08,92.12,44.32,26.69,7.81,0.05,25.0,2.44,51.14,23,19,1659,0.27,0.0,0.6,0.22,7.22,0.54,5.15,63.33,2.17,61.54,2.98,64.71
35,902080,Bundesliga,25/26,VfL Wolfsburg,Kamil Grabara,Goalkeeper,7.21,0.0,0.0,0.0,0.03,0.0,0.03,0.0,0.03,100.0,0.0,0.0,0.0,0.0,0.0,0.0,0.0,0.0,0.0,0.0,0.0,0.0,0.0,0.0,0.03,0.03,1.5,0.0,0.0,0.06,0.03,0.0,0.0,0.06,0.0,0.0,0.0,0.09,33.74,22.26,11.47,66.0,18.5,3.76,1.85,0.0,0.0,5.82,33.9,34,34,3060,0.03,0.0,0.0,0.06,11.74,0.0,0.5,94.44,0.12,100.0,0.38,92.86
36,788949,Bundesliga,25/26,VfB Stuttgart,Maximilian Mittelstädt,Defender,7.2,0.25,0.18,0.04,1.27,0.66,0.41,19.35,0.57,63.64,0.21,0.04,0.0,0.25,0.0,0.04,0.08,0.0,0.16,0.16,100.0,0.0,0.08,0.0,2.75,1.52,2.91,0.37,0.82,0.0,0.04,0.04,0.0,0.12,0.41,0.16,0.04,1.52,54.86,47.28,7.59,86.17,20.99,26.28,12.75,1.44,28.0,2.13,48.15,32,24,2195,0.16,0.0,0.45,1.07,13.41,0.57,5.86,65.0,4.39,66.88,1.48,60.0
37,883262,Bundesliga,25/26,Bayer 04 Leverkusen,Edmond Tapsoba,Defender,7.2,0.17,0.09,0.1,1.01,0.35,0.45,17.24,0.28,57.14,0.17,0.0,0.1,0.03,0.03,0.0,0.07,0.0,0.0,0.0,0.0,0.0,0.0,0.0,1.08,0.7,4.89,0.66,0.24,0.0,0.1,0.07,0.0,0.21,0.14,0.1,0.0,0.38,84.17,76.55,7.62,90.95,42.27,34.27,10.69,0.14,33.33,3.53,47.2,29,29,2576,0.24,0.0,1.08,0.07,8.8,0.03,3.88,54.95,1.43,48.81,2.45,59.32
38,584722,Bundesliga,25/26,VfB Stuttgart,Alexander Nübel,Goalkeeper,7.19,0.0,0.0,0.0,0.0,0.0,0.0,0.0,0.0,0.0,0.0,0.0,0.0,0.0,0.0,0.0,0.0,0.0,0.0,0.0,0.0,0.0,0.0,0.0,0.0,0.03,0.91,0.0,0.0,0.06,0.0,0.03,0.0,0.32,0.03,0.03,0.0,0.09,36.38,25.38,11.0,69.77,20.68,4.71,1.32,0.0,0.0,7.24,40.13,34,34,3060,0.0,0.0,0.03,0.21,11.41,0.0,0.41,93.33,0.18,85.71,0.24,100.0
39,794298,Bundesliga,25/26,VfB Stuttgart,Deniz Undav,Forward,7.19,0.76,0.66,0.76,4.89,1.84,1.76,15.57,0.36,50.0,0.72,0.04,0.04,0.08,0.64,0.08,1.0,0.0,0.04,0.0,0.0,0.0,0.08,0.0,0.72,0.16,0.28,0.08,0.56,0.0,0.0,0.04,0.0,0.12,0.32,0.24,0.12,1.64,25.03,18.18,6.85,72.64,4.57,13.62,8.93,0.04,6.25,0.68,54.84,29,25,2247,0.2,0.0,1.28,0.92,11.9,1.16,3.4,37.28,1.96,37.12,1.44,37.5
40,1440948,Bundesliga,25/26,Eintracht Frankfurt,Can Uzun,Midfielder,7.19,0.61,0.3,0.08,3.15,1.46,0.84,19.51,1.23,40.0,0.54,0.08,0.0,0.08,0.54,0.08,0.0,0.0,0.08,0.08,100.0,0.0,0.0,0.0,1.15,0.15,0.38,0.15,0.69,0.0,0.0,0.0,0.0,0.0,0.31,0.31,0.0,1.54,45.54,37.17,8.37,81.62,11.98,25.19,15.51,0.38,20.83,1.92,58.14,21,15,1172,0.23,0.0,1.15,2.0,16.66,1.92,4.84,45.65,4.38,44.88,0.46,54.55
41,1130647,Bundesliga,25/26,FC Bayern München,Jonas Urbig,Goalkeeper,7.19,0.0,0.0,0.0,0.0,0.0,0.0,0.0,0.0,0.0,0.0,0.0,0.0,0.0,0.0,0.0,0.0,0.0,0.0,0.0,0.0,0.0,0.0,0.0,0.0,0.0,0.73,0.0,0.08,0.08,0.0,0.0,0.0,0.41,0.0,0.0,0.0,0.08,35.19,29.35,5.84,83.41,25.54,3.81,1.7,0.0,0.0,6.0,51.75,14,11,1110,0.0,0.0,0.0,0.16,6.16,0.0,0.32,66.67,0.16,66.67,0.16,66.67
42,1142251,Bundesliga,25/26,FC Bayern München,Aleksandar Pavlović,Midfielder,7.18,0.18,0.1,0.0,0.62,0.31,0.18,30.0,0.25,50.0,0.12,0.06,0.0,0.12,0.06,0.0,0.0,0.0,0.0,0.0,0.0,0.0,0.0,0.0,1.6,0.86,1.05,0.49,0.55,0.0,0.0,0.0,0.0,0.06,0.18,0.06,0.0,1.29,98.32,92.96,5.36,94.55,32.49,60.47,25.71,0.18,20.0,4.32,78.65,24,16,1460,0.12,0.0,1.17,0.62,8.2,0.31,3.14,47.66,2.47,51.95,0.68,36.67
43,1198075,Bundesliga,25/26,RB Leipzig,Brajan Gruda,Midfielder,7.18,0.36,0.41,0.36,2.62,1.19,0.36,13.64,2.5,60.0,0.36,0.0,0.0,0.36,0.0,0.0,0.12,0.0,0.0,0.0,0.0,0.0,0.0,0.0,0.95,0.0,0.6,0.0,0.36,0.0,0.0,0.0,0.0,0.12,0.6,0.36,0.0,2.03,30.99,24.32,6.68,78.46,5.72,18.6,11.92,0.95,30.77,0.83,46.67,13,8,755,0.12,0.0,1.19,1.43,16.93,2.15,5.48,46.46,4.89,48.81,0.6,33.33
44,113442,Bundesliga,25/26,Hamburger SV,Daniel Fernandes,Goalkeeper,7.18,0.0,0.01,0.0,0.03,0.0,0.03,0.0,0.03,100.0,0.0,0.0,0.0,0.0,0.0,0.0,0.0,0.0,0.0,0.0,0.0,0.0,0.0,0.0,0.0,0.0,0.91,0.0,0.0,0.03,0.12,0.0,0.0,0.18,0.0,0.0,0.0,0.0,50.3,37.3,13.0,74.16,32.39,4.91,1.36,0.0,0.0,8.09,38.75,33,33,2970,0.09,0.0,0.0,0.12,13.12,0.0,0.27,90.0,0.12,100.0,0.15,83.33
45,904835,Bundesliga,25/26,Hamburger SV,Fábio Vieira,Midfielder,7.18,0.28,0.19,0.04,2.4,0.77,0.77,11.86,1.3,53.33,0.2,0.08,0.0,0.28,0.0,0.12,0.04,0.0,0.04,0.04,100.0,0.04,0.12,33.33,0.81,0.53,0.85,0.08,0.28,0.04,0.04,0.0,0.0,0.08,0.28,0.2,0.0,1.58,34.46,28.6,5.85,83.02,11.17,17.43,8.98,0.81,33.33,2.48,53.04,29,25,2215,0.08,0.08,0.73,1.79,11.38,0.85,4.31,52.48,3.9,56.47,0.41,31.25
46,891510,Bundesliga,25/26,VfB Stuttgart,Chris Führich,Midfielder,7.17,0.37,0.22,0.26,2.35,1.2,0.57,15.56,1.46,58.33,0.26,0.1,0.0,0.16,0.21,0.0,0.26,0.0,0.0,0.0,0.0,0.0,0.1,0.0,0.78,0.16,0.47,0.0,0.37,0.0,0.0,0.05,0.0,0.0,0.78,0.37,0.1,2.56,46.02,38.18,7.84,82.97,9.82,28.36,17.19,1.46,32.56,1.31,54.35,33,20,1723,0.1,0.0,0.31,0.31,15.1,0.94,2.77,47.75,2.56,50.0,0.21,30.77
47,798583,Bundesliga,25/26,FC Bayern München,Dayot Upamecano,Defender,7.16,0.05,0.05,0.05,0.4,0.1,0.2,12.5,0.2,40.0,0.05,0.0,0.0,0.0,0.05,0.0,0.0,0.0,0.0,0.0,0.0,0.0,0.0,0.0,2.2,0.95,2.6,0.25,0.45,0.0,0.1,0.0,0.0,0.2,0.2,0.05,0.0,0.55,82.59,76.48,6.11,92.6,39.27,37.21,11.82,0.15,42.86,2.9,54.21,24,21,1797,0.2,0.0,0.75,0.25,8.06,0.5,4.36,57.62,2.65,58.24,1.7,56.67
48,556866,Bundesliga,25/26,Borussia Dortmund,Gregor Kobel,Goalkeeper,7.14,0.0,0.0,0.0,0.0,0.0,0.0,0.0,0.0,0.0,0.0,0.0,0.0,0.0,0.0,0.0,0.0,0.0,0.0,0.0,0.0,0.0,0.0,0.0,0.0,0.0,0.71,0.0,0.03,0.0,0.03,0.0,0.0,0.44,0.0,0.0,0.0,0.0,31.56,22.76,8.79,72.13,19.5,3.26,1.35,0.0,0.0,5.12,37.58,34,34,3060,0.09,0.0,0.0,0.15,8.88,0.0,0.24,72.73,0.06,66.67,0.18,75.0
49,184661,Bundesliga,25/26,FC Bayern München,Leon Goretzka,Midfielder,7.13,0.23,0.22,0.28,1.61,0.51,0.55,14.29,0.51,78.57,0.18,0.05,0.0,0.05,0.18,0.0,0.09,0.0,0.0,0.0,0.0,0.05,0.14,33.33,1.34,1.2,1.93,0.37,0.64,0.0,0.0,0.0,0.0,0.23,0.14,0.14,0.05,1.01,74.52,68.12,6.4,91.41,26.9,41.22,18.88,0.0,0.0,2.3,68.49,31,25,1954,0.18,0.0,0.69,0.74,8.8,0.69,3.59,48.75,2.58,55.45,1.01,37.29
50,187185,Bundesliga,25/26,FC Köln,Marvin Schwäbe,Goalkeeper,7.12,0.0,0.0,0.0,0.0,0.0,0.0,0.0,0.0,0.0,0.0,0.0,0.0,0.0,0.0,0.0,0.0,0.0,0.0,0.0,0.0,0.0,0.0,0.0,0.03,0.0,1.12,0.0,0.0,0.0,0.06,0.03,0.0,0.09,0.03,0.0,0.0,0.03,46.88,32.65,14.24,69.64,24.59,8.06,2.56,0.0,0.0,10.76,43.36,34,34,3060,0.06,0.0,0.03,0.12,14.44,0.0,0.24,72.73,0.12,80.0,0.12,66.67
51,1083390,Bundesliga,25/26,SV Werder Bremen,Mio Backhaus,Goalkeeper,7.12,0.0,0.0,0.0,0.0,0.0,0.0,0.0,0.0,0.0,0.0,0.0,0.0,0.0,0.0,0.0,0.0,0.0,0.0,0.0,0.0,0.0,0.0,0.0,0.0,0.0,1.44,0.0,0.03,0.03,0.12,0.0,0.03,0.16,0.0,0.0,0.0,0.0,33.03,26.06,6.97,78.9,23.19,2.88,0.81,0.0,0.0,5.28,44.59,32,32,2880,0.03,0.0,0.0,0.38,7.34,0.03,0.78,89.29,0.25,80.0,0.53,94.44
52,138024,Bundesliga,25/26,TSG Hoffenheim,Vladimír Coufal,Defender,7.12,0.03,0.03,0.0,0.75,0.18,0.33,4.0,0.92,50.0,0.0,0.03,0.0,0.0,0.03,0.03,0.03,0.0,0.0,0.0,0.0,0.03,0.15,20.0,1.79,1.1,3.22,0.48,0.75,0.0,0.03,0.03,0.0,0.21,0.48,0.24,0.0,1.76,39.71,31.05,8.65,78.21,12.8,18.26,9.99,1.88,30.14,1.82,42.66,34,34,3017,0.12,0.0,0.98,1.25,19.63,0.63,5.16,56.17,3.91,54.58,1.25,61.76
53,863271,Bundesliga,25/26,VfB Stuttgart,Jeff Chabot,Defender,7.11,0.0,0.04,0.08,0.71,0.27,0.35,0.0,0.16,57.14,0.0,0.0,0.0,0.0,0.0,0.0,0.0,0.0,0.0,0.0,0.0,0.0,0.0,0.0,1.33,1.41,7.84,0.59,0.24,0.04,0.04,0.04,0.04,0.31,0.0,0.0,0.0,0.27,67.7,60.13,7.57,88.82,34.26,25.87,6.94,0.0,0.0,3.25,51.23,27,26,2296,0.12,0.0,1.37,1.57,8.66,0.12,8.0,66.89,2.98,62.3,5.02,69.95
54,801263,Bundesliga,25/26,FC Köln,Jakub Kamiński,Midfielder,7.1,0.21,0.21,0.21,1.88,0.78,0.48,11.11,0.72,48.98,0.21,0.0,0.0,0.03,0.18,0.06,0.21,0.06,0.0,0.0,0.0,0.0,0.06,0.0,1.34,0.69,1.1,0.24,0.66,0.0,0.06,0.0,0.0,0.06,0.3,0.09,0.06,1.55,30.2,24.18,6.02,80.06,8.44,15.74,10.55,0.83,23.93,0.95,42.11,34,34,3019,0.12,0.0,0.42,0.83,13.03,1.19,3.31,44.94,2.89,48.99,0.42,28.57
55,147289,Bundesliga,25/26,VfL Wolfsburg,Maximilian Arnold,Midfielder,7.1,0.05,0.02,0.0,0.68,0.24,0.19,7.14,0.24,62.5,0.0,0.05,0.0,0.05,0.0,0.0,0.0,0.0,0.0,0.0,0.0,0.05,0.1,50.0,1.06,1.16,3.63,0.58,0.68,0.0,0.05,0.0,0.0,0.05,0.53,0.19,0.0,1.4,49.79,42.19,7.6,84.74,22.94,19.26,7.21,1.26,32.5,3.82,49.07,25,20,1860,0.24,0.0,0.82,1.26,11.56,0.29,3.1,55.17,2.52,57.14,0.58,48.0
56,1407524,Bundesliga,25/26,Bayer 04 Leverkusen,Ibrahim Maza,Forward,7.1,0.15,0.26,0.39,2.61,0.82,1.02,5.56,2.32,56.47,0.15,0.0,0.0,0.0,0.15,0.1,0.15,0.05,0.0,0.0,0.0,0.0,0.0,0.0,1.98,0.77,0.63,0.05,0.82,0.0,0.05,0.0,0.0,0.15,0.44,0.19,0.05,1.4,43.14,35.83,7.31,83.05,10.46,25.37,14.67,0.68,21.88,1.16,60.0,28,20,1859,0.1,0.0,0.92,1.74,15.83,1.11,6.44,53.85,6.05,56.56,0.39,30.77
57,325061,Bundesliga,25/26,FC St. Pauli,Nikola Vasilj,Goalkeeper,7.09,0.0,0.0,0.0,0.0,0.0,0.0,0.0,0.0,0.0,0.0,0.0,0.0,0.0,0.0,0.0,0.0,0.0,0.0,0.0,0.0,0.0,0.0,0.0,0.03,0.0,0.91,0.0,0.0,0.15,0.15,0.0,0.03,0.15,0.0,0.0,0.0,0.0,33.06,22.94,10.12,69.4,20.53,2.41,0.88,0.0,0.0,3.85,28.05,34,34,3060,0.0,0.0,0.0,0.03,10.26,0.0,0.38,100.0,0.06,100.0,0.32,100.0
58,187433,Bundesliga,25/26,FC Bayern München,Serge Gnabry,Midfielder,7.09,0.59,0.46,0.44,3.66,1.25,1.32,16.0,1.17,47.06,0.59,0.0,0.07,0.0,0.51,0.07,0.44,0.0,0.0,0.0,0.0,0.0,0.07,0.0,1.32,0.29,0.22,0.07,0.51,0.0,0.15,0.0,0.0,0.0,0.66,0.44,0.07,1.69,47.57,42.73,4.84,89.83,12.97,29.76,16.64,0.29,20.0,1.1,68.18,21,16,1228,0.07,0.0,0.66,0.44,10.19,1.03,2.93,41.67,2.93,46.51,0.0,0.0
59,800951,Bundesliga,25/26,Borussia Dortmund,Julian Ryerson,Midfielder,7.08,0.0,0.04,0.04,0.48,0.04,0.2,0.0,0.95,35.82,0.0,0.0,0.0,0.0,0.0,0.0,0.16,0.0,0.0,0.0,0.0,0.0,0.0,0.0,1.35,0.55,1.62,0.16,1.15,0.0,0.04,0.04,0.0,0.28,0.87,0.59,0.0,2.22,35.93,29.67,6.26,82.58,9.59,20.08,12.08,2.65,27.02,1.11,45.9,31,26,2272,0.32,0.0,1.03,0.83,19.85,1.31,3.53,38.53,3.09,38.05,0.44,42.31
60,916946,Bundesliga,25/26,TSG Hoffenheim,Wouter Burger,Midfielder,7.08,0.15,0.13,0.15,1.33,0.48,0.59,11.11,0.15,33.33,0.11,0.04,0.0,0.11,0.04,0.07,0.04,0.04,0.0,0.0,0.0,0.04,0.04,100.0,2.66,0.63,2.69,0.22,0.7,0.0,0.0,0.04,0.0,0.22,0.33,0.18,0.0,1.88,50.2,38.91,11.29,77.52,15.12,23.79,13.32,0.77,23.86,2.62,44.1,30,30,2440,0.26,0.04,2.1,0.44,17.15,1.14,5.72,49.21,3.25,44.22,2.47,57.76
61,976421,Bundesliga,25/26,RB Leipzig,Castello Lukeba,Defender,7.07,0.04,0.05,0.0,0.33,0.08,0.12,12.5,0.91,75.86,0.04,0.0,0.0,0.04,0.0,0.04,0.04,0.0,0.0,0.0,0.0,0.0,0.0,0.0,1.28,1.24,5.13,0.87,0.17,0.04,0.08,0.0,0.0,0.33,0.0,0.0,0.04,0.29,71.07,64.08,6.99,90.17,40.31,23.77,5.95,0.0,0.0,2.36,42.22,26,24,2177,0.12,0.0,0.45,0.5,8.1,0.12,3.93,63.33,2.65,72.73,1.28,50.0
62,980626,Bundesliga,25/26,SC Freiburg,Noah Atubolu,Goalkeeper,7.07,0.0,0.0,0.0,0.0,0.0,0.0,0.0,0.0,0.0,0.0,0.0,0.0,0.0,0.0,0.0,0.0,0.0,0.0,0.0,0.0,0.0,0.0,0.0,0.0,0.0,1.21,0.0,0.0,0.03,0.03,0.0,0.0,0.18,0.03,0.0,0.0,0.09,40.03,26.82,13.21,67.01,20.82,6.0,2.65,0.0,0.0,8.59,39.78,34,34,3060,0.03,0.0,0.0,0.18,13.41,0.0,0.47,100.0,0.18,100.0,0.29,100.0
63,934385,Bundesliga,25/26,RB Leipzig,Maarten Vandevoordt,Goalkeeper,7.07,0.0,0.0,0.0,0.0,0.0,0.0,0.0,0.09,100.0,0.0,0.0,0.0,0.0,0.0,0.0,0.0,0.0,0.0,0.0,0.0,0.0,0.0,0.0,0.09,0.0,0.34,0.0,0.0,0.09,0.0,0.0,0.0,0.17,0.0,0.0,0.0,0.0,36.05,26.2,9.85,72.68,23.12,3.08,0.94,0.0,0.0,5.14,35.09,12,11,1051,0.0,0.0,0.0,0.09,9.93,0.0,0.6,100.0,0.26,100.0,0.34,100.0
64,1121923,Bundesliga,25/26,RB Leipzig,Antonio Nusa,Forward,7.07,0.18,0.2,0.13,2.7,0.88,0.97,6.56,3.01,52.71,0.09,0.09,0.0,0.0,0.18,0.18,0.04,0.0,0.0,0.0,0.0,0.0,0.09,0.0,1.15,0.44,0.31,0.0,0.4,0.0,0.09,0.0,0.0,0.13,0.4,0.13,0.0,1.46,26.18,20.7,5.48,79.05,5.09,15.61,9.51,0.57,20.31,0.84,55.88,31,24,2035,0.0,0.0,0.4,2.83,15.83,1.72,7.21,54.52,6.99,57.25,0.22,21.74
65,822600,Bundesliga,25/26,Bayer 04 Leverkusen,Exequiel Palacios,Midfielder,7.06,0.0,0.05,0.0,0.82,0.16,0.41,0.0,0.33,36.36,0.0,0.0,0.0,0.0,0.0,0.0,0.0,0.0,0.0,0.0,0.0,0.0,0.0,0.0,1.72,0.66,1.64,0.25,0.82,0.0,0.08,0.0,0.0,0.16,0.16,0.08,0.0,1.07,96.73,87.7,9.02,90.67,29.95,57.76,25.43,0.0,0.0,1.64,51.28,18,12,1097,0.25,0.0,0.49,1.48,12.14,0.9,3.86,54.65,3.53,55.84,0.33,44.44
66,851254,Bundesliga,25/26,SV Werder Bremen,Amos Pieper,Defender,7.03,0.0,0.03,0.0,0.54,0.18,0.24,0.0,0.0,0.0,0.0,0.0,0.0,0.0,0.0,0.0,0.12,0.0,0.0,0.0,0.0,0.0,0.0,0.0,1.86,1.5,6.76,0.96,0.36,0.06,0.12,0.0,0.0,0.12,0.0,0.0,0.0,0.12,60.98,52.24,8.74,85.67,33.39,18.85,5.92,0.24,50.0,4.13,46.62,19,19,1504,0.24,0.0,0.6,0.9,9.81,0.06,5.8,71.85,2.69,72.58,3.11,71.23
67,67647,Bundesliga,25/26,TSG Hoffenheim,Andrej Kramarić,Forward,7.03,0.57,0.48,0.32,2.59,1.34,0.69,21.88,0.77,57.58,0.57,0.0,0.08,0.04,0.45,0.0,0.2,0.0,0.2,0.2,100.0,0.0,0.16,0.0,0.32,0.32,0.36,0.08,0.28,0.0,0.0,0.0,0.0,0.0,0.28,0.24,0.0,1.46,39.9,34.02,5.87,85.28,12.07,21.95,13.08,1.01,31.25,0.93,62.16,34,26,2222,0.08,0.0,0.2,0.57,11.54,1.26,1.86,40.0,1.66,42.27,0.2,27.78
68,990201,Bundesliga,25/26,VfB Stuttgart,Jamie Leweling,Midfielder,7.03,0.27,0.16,0.04,1.86,0.68,0.45,14.29,1.17,45.59,0.19,0.08,0.0,0.11,0.15,0.0,0.57,0.0,0.0,0.0,0.0,0.0,0.04,0.0,0.83,0.53,1.14,0.08,0.38,0.0,0.0,0.04,0.0,0.23,0.38,0.34,0.04,1.55,28.65,22.17,6.48,77.38,6.1,16.07,8.83,1.17,25.41,0.87,48.94,32,26,2375,0.15,0.0,0.64,1.67,15.92,1.44,4.13,48.23,3.68,49.24,0.45,41.38
69,1493305,Bundesliga,25/26,TSG Hoffenheim,Leon Avdullahu,Midfielder,7.03,0.0,0.02,0.0,0.44,0.06,0.22,0.0,0.25,44.44,0.0,0.0,0.0,0.0,0.0,0.03,0.03,0.0,0.0,0.0,0.0,0.0,0.0,0.0,1.49,1.08,1.46,0.19,1.14,0.03,0.03,0.0,0.0,0.22,0.06,0.03,0.0,0.7,64.82,58.32,6.5,89.97,28.64,29.68,11.99,0.06,14.29,3.04,67.13,33,32,2838,0.16,0.0,0.82,0.38,8.66,0.51,3.14,46.92,2.12,43.51,1.01,56.14
70,789192,Bundesliga,25/26,Hamburger SV,Jean-Luc Dompé,Forward,7.03,0.24,0.16,0.08,1.98,0.95,0.71,12.0,1.66,56.76,0.24,0.0,0.0,0.0,0.24,0.16,0.32,0.0,0.08,0.08,100.0,0.0,0.24,0.0,0.4,0.0,0.08,0.0,0.24,0.0,0.0,0.0,0.0,0.08,0.55,0.0,0.0,2.61,22.74,18.38,4.36,80.84,4.44,13.94,8.87,1.66,25.0,0.48,46.15,20,12,1136,0.0,0.0,0.16,0.71,13.15,0.71,2.77,51.47,2.77,53.85,0.0,0.0
71,920379,Bundesliga,25/26,Bayer 04 Leverkusen,Nathan Tella,Forward,7.03,0.1,0.28,0.4,2.42,0.81,0.81,4.17,1.31,50.0,0.1,0.0,0.0,0.1,0.0,0.2,0.5,0.2,0.0,0.0,0.0,0.0,0.0,0.0,1.21,0.5,0.71,0.1,0.81,0.0,0.0,0.0,0.0,0.0,0.5,0.4,0.0,1.92,23.81,20.28,3.53,85.17,5.65,14.63,8.37,0.71,23.33,0.71,70.0,17,10,892,0.2,0.0,1.51,1.92,11.6,1.31,5.35,47.75,4.44,47.83,0.91,47.37
72,48557,Bundesliga,25/26,FC Union Berlin,Christopher Trimmel,Midfielder,7.02,0.0,0.0,0.0,0.24,0.05,0.05,0.0,0.05,16.67,0.0,0.0,0.0,0.0,0.0,0.05,0.0,0.0,0.0,0.0,0.0,0.0,0.0,0.0,1.82,0.53,3.6,0.43,0.53,0.0,0.0,0.0,0.0,0.1,0.53,0.14,0.0,2.54,32.59,22.18,10.42,68.04,11.14,11.04,6.86,2.64,31.25,3.22,39.88,29,22,1875,0.38,0.0,1.3,0.43,20.69,0.14,3.02,52.94,2.3,51.61,0.72,57.69
73,1028307,Bundesliga,25/26,FSV Mainz 05,Kaishu Sano,Midfielder,7.02,0.03,0.04,0.06,0.71,0.18,0.29,4.17,0.82,66.67,0.0,0.03,0.0,0.03,0.0,0.0,0.12,0.0,0.0,0.0,0.0,0.0,0.0,0.0,1.53,1.94,1.35,0.41,0.53,0.0,0.03,0.0,0.0,0.12,0.18,0.06,0.0,0.74,37.72,30.22,7.5,80.11,12.74,17.48,8.3,0.12,22.22,1.62,42.31,34,34,3059,0.03,0.0,0.41,0.88,10.59,0.53,5.38,62.67,3.21,63.74,2.18,61.16
74,282229,Bundesliga,25/26,Borussia M'gladbach,Nico Elvedi,Defender,7.01,0.0,0.01,0.03,0.27,0.0,0.15,0.0,0.03,50.0,0.0,0.0,0.0,0.0,0.0,0.0,0.03,0.03,0.0,0.0,0.0,0.0,0.0,0.0,1.3,1.24,8.19,0.88,0.21,0.0,0.06,0.0,0.0,0.36,0.09,0.06,0.0,0.39,55.21,50.78,4.43,91.98,36.04,14.74,4.52,0.0,0.0,1.76,55.24,33,33,2967,0.15,0.0,0.55,0.49,5.13,0.12,4.1,60.54,1.82,67.42,2.28,55.97
75,822564,Bundesliga,25/26,FC Augsburg,Finn Dahmen,Goalkeeper,7.01,0.0,0.01,0.03,0.03,0.0,0.03,0.0,0.0,0.0,0.0,0.0,0.0,0.0,0.0,0.0,0.0,0.0,0.0,0.0,0.0,0.0,0.0,0.0,0.09,0.0,1.62,0.0,0.0,0.21,0.06,0.0,0.0,0.15,0.03,0.0,0.0,0.12,42.03,28.88,13.15,68.72,22.79,6.09,1.97,0.0,0.0,8.24,38.78,34,34,3060,0.03,0.0,0.0,0.26,13.32,0.0,0.76,100.0,0.32,100.0,0.44,100.0
76,40239,Bundesliga,25/26,Eintracht Frankfurt,Timothy Chandler,Midfielder,7.0,0.0,0.0,0.0,0.0,0.0,0.0,0.0,0.0,0.0,0.0,0.0,0.0,0.0,0.0,0.0,0.0,0.0,0.0,0.0,0.0,0.0,0.0,0.0,0.0,0.0,9.0,0.0,0.0,0.0,0.0,0.0,0.0,0.0,0.0,0.0,0.0,9.0,90.0,72.0,18.0,80.0,36.0,36.0,27.0,9.0,100.0,0.0,0.0,1,0,10,0.0,0.0,0.0,0.0,36.0,0.0,18.0,100.0,0.0,0.0,18.0,100.0
77,226978,Bundesliga,25/26,Borussia Dortmund,Julian Brandt,Forward,6.99,0.39,0.32,0.17,2.05,1.0,0.83,18.92,1.0,52.94,0.39,0.0,0.06,0.11,0.22,0.0,0.39,0.0,0.0,0.0,0.0,0.0,0.22,0.0,0.77,0.28,0.55,0.0,0.44,0.0,0.11,0.0,0.0,0.17,0.44,0.22,0.11,1.77,41.99,33.96,8.02,80.9,9.63,24.34,14.77,0.39,28.0,1.0,54.55,29,17,1627,0.0,0.0,0.44,0.28,13.72,1.05,3.32,46.15,2.05,42.53,1.27,53.49
78,1126569,Bundesliga,25/26,VfB Stuttgart,Bilal El Khannouss,Midfielder,6.98,0.22,0.17,0.17,2.31,0.83,0.61,9.52,0.99,56.25,0.11,0.11,0.06,0.0,0.17,0.0,0.06,0.0,0.0,0.0,0.0,0.0,0.0,0.0,1.54,0.55,0.5,0.17,0.39,0.0,0.06,0.0,0.0,0.11,0.44,0.28,0.0,2.48,52.0,41.25,10.74,79.34,11.9,29.36,18.07,1.16,31.82,2.64,65.75,25,19,1634,0.33,0.0,1.05,0.5,18.01,0.99,4.13,51.02,3.03,48.67,1.1,58.82
79,142259,Bundesliga,25/26,SC Freiburg,Matthias Ginter,Defender,6.98,0.1,0.07,0.03,0.6,0.22,0.19,15.79,0.1,42.86,0.1,0.0,0.03,0.0,0.06,0.06,0.06,0.0,0.0,0.0,0.0,0.0,0.0,0.0,0.7,0.73,6.12,0.67,0.25,0.0,0.06,0.0,0.0,0.16,0.16,0.13,0.0,0.48,56.71,49.6,7.11,87.47,30.43,19.17,6.82,0.16,27.78,3.05,46.15,32,32,2836,0.1,0.0,0.51,0.63,8.31,0.1,4.82,61.29,1.4,60.27,3.43,61.71
80,939880,Bundesliga,25/26,Borussia M'gladbach,Philipp Sander,Defender,6.98,0.07,0.06,0.04,0.92,0.29,0.44,8.0,0.18,38.46,0.07,0.0,0.0,0.07,0.0,0.0,0.0,0.0,0.0,0.0,0.0,0.0,0.0,0.0,2.38,1.83,3.81,0.29,0.62,0.0,0.04,0.04,0.04,0.22,0.0,0.0,0.0,0.4,52.0,44.78,7.22,86.11,27.98,16.8,6.38,0.4,39.29,2.42,47.83,30,29,2454,0.15,0.0,1.03,0.51,10.75,0.37,5.17,60.0,3.08,57.14,2.09,64.77
81,830142,Bundesliga,25/26,SV Werder Bremen,Jens Stage,Midfielder,6.98,0.36,0.22,0.18,2.04,0.77,0.73,17.86,0.47,52.0,0.29,0.07,0.15,0.04,0.18,0.04,0.11,0.0,0.0,0.0,0.0,0.0,0.0,0.0,1.5,0.66,1.46,0.33,0.98,0.0,0.04,0.0,0.0,0.11,0.15,0.07,0.04,0.95,40.37,30.41,9.96,75.34,15.35,15.06,8.21,0.18,38.46,2.04,41.18,29,29,2468,0.18,0.0,1.28,1.09,12.4,0.47,5.29,54.72,3.06,49.41,2.22,64.21
82,791642,Bundesliga,25/26,FC Union Berlin,Josip Juranović,Midfielder,6.98,0.27,0.19,0.0,1.08,0.27,0.81,25.0,0.0,0.0,0.27,0.0,0.0,0.0,0.27,0.0,0.0,0.0,0.0,0.0,0.0,0.0,0.27,0.0,1.89,0.27,1.89,1.08,0.54,0.0,0.0,0.0,0.0,0.0,0.81,0.27,0.0,3.23,35.3,26.41,8.89,74.81,11.32,15.09,7.81,3.77,34.15,1.89,36.84,11,3,334,0.27,0.0,0.0,0.81,21.29,0.54,2.96,64.71,2.69,66.67,0.27,50.0
83,1000269,Bundesliga,25/26,TSG Hoffenheim,Albian Hajdari,Defender,6.98,0.04,0.06,0.04,0.7,0.15,0.26,5.26,0.07,66.67,0.04,0.0,0.0,0.0,0.04,0.04,0.0,0.0,0.0,0.0,0.0,0.0,0.0,0.0,2.14,1.55,6.09,0.85,0.74,0.0,0.07,0.04,0.0,0.18,0.15,0.07,0.0,0.37,57.91,47.95,9.96,82.8,31.13,16.82,6.42,0.11,15.0,3.84,38.81,30,28,2440,0.37,0.0,1.59,0.85,11.8,0.26,5.05,53.52,3.02,55.03,2.03,51.4
84,1000263,Bundesliga,25/26,Hamburger SV,Albert Grønbæk,Midfielder,6.97,0.18,0.09,0.18,1.45,0.73,0.18,12.5,0.91,62.5,0.18,0.0,0.0,0.0,0.18,0.18,0.0,0.0,0.0,0.0,0.0,0.0,0.18,0.0,2.73,2.0,1.45,0.18,1.09,0.18,0.36,0.0,0.0,0.0,0.36,0.36,0.0,1.45,25.09,18.73,6.36,74.64,8.55,10.18,6.73,0.0,0.0,1.09,42.86,7,6,495,0.0,0.0,0.36,1.09,10.0,0.73,5.09,60.87,4.73,63.41,0.36,40.0
85,1800475,Bundesliga,25/26,FC Köln,Said El Mala,Midfielder,6.97,0.6,0.52,0.78,3.45,1.43,1.43,17.33,2.02,36.97,0.51,0.09,0.05,0.14,0.41,0.14,0.78,0.0,0.05,0.05,100.0,0.0,0.0,0.0,1.1,0.37,0.23,0.0,0.46,0.0,0.0,0.0,0.0,0.0,0.37,0.18,0.0,0.97,15.68,11.64,4.05,74.19,2.9,8.74,5.24,0.46,25.64,0.18,44.44,34,20,1957,0.18,0.0,0.69,1.06,14.67,1.93,4.97,40.15,4.18,39.39,0.78,44.74
86,190161,Bundesliga,25/26,Eintracht Frankfurt,Michael Zetterer,Goalkeeper,6.96,0.0,0.0,0.0,0.0,0.0,0.0,0.0,0.0,0.0,0.0,0.0,0.0,0.0,0.0,0.0,0.0,0.0,0.0,0.0,0.0,0.0,0.0,0.0,0.0,0.05,1.0,0.0,0.05,0.14,0.14,0.0,0.0,0.23,0.0,0.0,0.0,0.0,34.82,25.02,9.8,71.86,21.14,3.87,1.5,0.0,0.0,7.29,43.6,22,21,1975,0.05,0.0,0.0,0.32,10.21,0.0,0.55,85.71,0.27,85.71,0.27,85.71
87,901892,Bundesliga,25/26,Hamburger SV,Albert Sambi Lokonga,Midfielder,6.96,0.26,0.11,0.0,1.0,0.58,0.26,26.32,0.42,50.0,0.26,0.0,0.0,0.05,0.21,0.05,0.0,0.05,0.0,0.0,0.0,0.0,0.0,0.0,1.63,0.74,1.05,0.63,0.84,0.05,0.0,0.0,0.0,0.0,0.0,0.0,0.0,1.31,40.16,35.22,4.94,87.7,18.19,17.03,7.62,0.26,45.45,1.89,65.45,26,20,1712,0.16,0.0,1.05,1.42,7.89,0.74,4.63,54.66,3.47,53.23,1.16,59.46
88,1146148,Bundesliga,25/26,Eintracht Frankfurt,Jean-Mattéo Bahoya,Forward,6.96,0.2,0.14,0.0,1.96,0.61,0.4,10.34,2.76,59.42,0.2,0.0,0.07,0.07,0.07,0.0,0.2,0.0,0.0,0.0,0.0,0.0,0.0,0.0,2.09,0.88,0.88,0.13,0.74,0.0,0.0,0.0,0.0,0.2,0.4,0.27,0.0,2.09,30.0,24.13,5.87,80.45,9.37,14.76,8.09,0.47,21.21,0.4,37.5,27,15,1335,0.13,0.0,0.88,1.48,13.89,1.08,6.81,54.01,6.34,58.39,0.47,26.92
89,891651,Bundesliga,25/26,FC Augsburg,Keven Schlotterbeck,Defender,6.96,0.0,0.06,0.04,0.53,0.13,0.27,0.0,0.44,83.33,0.0,0.0,0.0,0.0,0.0,0.04,0.04,0.04,0.04,0.0,0.0,0.0,0.0,0.0,1.77,1.46,5.49,1.02,0.4,0.04,0.04,0.04,0.0,0.18,0.04,0.04,0.0,0.53,53.62,45.86,7.75,85.54,29.47,16.4,5.49,0.18,66.67,3.72,53.16,24,22,2031,0.22,0.04,1.15,0.89,9.13,0.13,6.03,64.45,3.06,65.71,2.97,63.21
90,921789,Bundesliga,25/26,Eintracht Frankfurt,Rasmus Kristensen,Defender,6.96,0.12,0.04,0.0,0.86,0.35,0.35,13.33,0.81,63.64,0.12,0.0,0.12,0.0,0.0,0.0,0.17,0.0,0.0,0.0,0.0,0.0,0.0,0.0,2.65,1.09,3.34,0.06,0.92,0.0,0.06,0.0,0.0,0.12,0.06,0.0,0.0,0.46,58.16,46.18,11.98,79.41,22.23,23.95,11.52,0.29,15.15,2.71,45.19,22,19,1563,0.23,0.06,1.38,0.63,18.25,0.58,5.93,55.98,4.09,55.04,1.84,58.18
91,581302,Bundesliga,25/26,Eintracht Frankfurt,Robin Koch,Defender,6.96,0.1,0.04,0.03,0.48,0.16,0.25,20.0,0.06,66.67,0.1,0.0,0.03,0.03,0.03,0.03,0.0,0.03,0.0,0.0,0.0,0.0,0.0,0.0,1.33,1.46,6.63,0.89,0.32,0.06,0.13,0.03,0.0,0.16,0.03,0.03,0.0,0.32,67.9,62.32,5.59,91.77,40.35,21.97,4.44,0.0,0.0,2.92,49.2,32,32,2835,0.03,0.03,0.98,0.41,6.6,0.16,5.24,60.0,1.81,55.88,3.43,62.43
92,387220,Bundesliga,25/26,FC Köln,Timo Hübers,Defender,6.96,0.0,0.0,0.0,0.0,0.0,0.0,0.0,0.13,100.0,0.0,0.0,0.0,0.0,0.0,0.0,0.0,0.0,0.0,0.0,0.0,0.0,0.0,0.0,1.88,1.48,8.21,0.67,0.67,0.0,0.0,0.0,0.0,0.27,0.0,0.0,0.0,0.0,49.37,43.05,6.32,87.19,28.52,14.53,3.23,0.0,0.0,2.56,54.29,8,8,669,0.0,0.0,1.08,1.35,7.8,0.4,6.19,57.5,3.36,64.1,2.83,51.22
93,583806,Bundesliga,25/26,Borussia M'gladbach,Kevin Diks,Defender,6.96,0.18,0.19,0.04,0.84,0.47,0.29,21.74,0.36,83.33,0.15,0.04,0.0,0.0,0.18,0.0,0.0,0.04,0.15,0.15,100.0,0.0,0.04,0.0,1.57,0.88,4.82,0.62,0.4,0.04,0.07,0.04,0.0,0.33,0.0,0.0,0.0,0.29,58.59,52.39,6.2,89.41,35.75,16.64,5.55,0.04,20.0,2.99,51.9,30,28,2467,0.22,0.0,0.55,0.8,7.77,0.22,4.52,64.92,2.74,68.81,1.79,59.76
94,1464641,Bundesliga,25/26,VfB Stuttgart,Chema Andrés,Midfielder,6.95,0.2,0.09,0.14,1.02,0.41,0.41,20.0,0.14,100.0,0.14,0.07,0.14,0.0,0.07,0.0,0.07,0.07,0.0,0.0,0.0,0.0,0.0,0.0,2.03,2.17,3.05,0.75,0.41,0.0,0.0,0.14,0.0,0.2,0.07,0.0,0.0,1.02,49.31,41.85,7.46,84.87,14.58,27.26,10.92,0.0,0.0,0.81,46.15,25,14,1327,0.34,0.0,1.36,0.47,9.02,0.34,6.1,56.25,2.58,56.72,3.53,55.91
95,355486,Bundesliga,25/26,FSV Mainz 05,Stefan Posch,Defender,6.95,0.0,0.03,0.0,0.71,0.19,0.39,0.0,0.26,44.44,0.0,0.0,0.0,0.0,0.0,0.06,0.06,0.0,0.0,0.0,0.0,0.0,0.0,0.0,2.97,1.35,5.74,0.71,0.65,0.06,0.06,0.0,0.0,0.13,0.06,0.0,0.0,0.52,44.32,34.39,9.94,77.58,19.87,14.52,5.68,0.32,45.45,2.52,30.95,16,16,1395,0.26,0.0,0.52,0.77,12.26,0.45,6.77,64.42,4.0,67.39,2.77,60.56
96,319853,Bundesliga,25/26,RB Leipzig,Lukas Klostermann,Defender,6.95,0.0,0.08,0.0,1.76,0.88,0.0,0.0,0.0,0.0,0.0,0.0,0.0,0.0,0.0,0.0,0.0,0.0,0.0,0.0,0.0,0.0,0.0,0.0,2.65,0.88,5.29,0.88,1.76,0.0,0.0,0.0,0.0,0.0,0.0,0.88,0.0,1.76,49.41,45.0,4.41,91.07,26.47,18.53,6.18,0.0,0.0,0.88,33.33,5,1,102,0.0,0.0,0.0,0.0,4.41,0.0,4.41,71.43,2.65,60.0,1.76,100.0
97,576266,Bundesliga,25/26,SC Freiburg,Philipp Lienhart,Defender,6.95,0.07,0.07,0.07,0.55,0.14,0.41,12.5,0.21,60.0,0.07,0.0,0.07,0.0,0.0,0.0,0.14,0.0,0.0,0.0,0.0,0.0,0.0,0.0,1.24,1.03,5.24,0.55,0.41,0.0,0.07,0.0,0.0,0.21,0.0,0.0,0.07,0.34,67.38,60.83,6.55,90.28,37.52,23.31,7.79,0.34,38.46,3.17,45.1,20,14,1305,0.14,0.07,0.48,0.55,12.34,0.14,4.14,65.22,2.0,64.44,2.14,65.96
98,1090010,Bundesliga,25/26,FC Union Berlin,Marin Ljubičić,Forward,6.95,9.0,6.08,0.0,9.0,9.0,0.0,100.0,4.5,100.0,9.0,0.0,4.5,0.0,4.5,0.0,0.0,0.0,0.0,0.0,0.0,0.0,0.0,0.0,0.0,0.0,0.0,0.0,0.0,0.0,0.0,0.0,0.0,0.0,0.0,0.0,0.0,0.0,22.5,9.0,13.5,40.0,4.5,4.5,4.5,0.0,0.0,0.0,0.0,2,0,20,0.0,0.0,9.0,0.0,18.0,4.5,4.5,25.0,4.5,25.0,0.0,0.0
99,280551,Bundesliga,25/26,FC St. Pauli,Manolis Saliakas,Midfielder,6.95,0.08,0.05,0.0,1.3,0.24,0.16,6.25,0.41,62.5,0.08,0.0,0.0,0.0,0.08,0.0,0.32,0.08,0.0,0.0,0.0,0.0,0.0,0.0,2.35,1.05,2.11,0.08,0.57,0.0,0.0,0.0,0.0,0.08,0.08,0.24,0.0,0.97,42.0,31.22,10.78,74.32,13.22,18.0,8.92,0.57,15.91,2.35,37.18,17,12,1110,0.24,0.0,0.32,0.57,17.84,0.16,3.97,65.33,3.32,71.93,0.65,44.44
100,280609,Bundesliga,25/26,Bayer 04 Leverkusen,Patrik Schick,Forward,6.94,0.72,0.78,0.81,3.25,1.53,1.13,22.22,0.45,31.25,0.68,0.05,0.18,0.5,0.05,0.14,0.27,0.05,0.23,0.18,80.0,0.0,0.0,0.0,0.41,0.14,0.95,0.09,0.09,0.0,0.0,0.0,0.0,0.05,0.23,0.14,0.0,0.63,18.54,14.93,3.61,80.54,5.68,9.25,5.46,0.0,0.0,0.27,100.0,28,23,1995,0.09,0.0,0.99,0.9,7.98,0.72,4.51,48.31,1.71,39.18,2.8,56.36
101,939830,Bundesliga,25/26,Eintracht Frankfurt,Jonathan Burkardt,Forward,6.94,0.87,0.81,0.54,2.75,1.41,0.81,31.71,0.4,54.55,0.87,0.0,0.07,0.27,0.54,0.27,0.13,0.13,0.27,0.27,100.0,0.0,0.07,0.0,0.54,0.07,0.74,0.0,0.2,0.0,0.07,0.0,0.0,0.13,0.07,0.07,0.0,0.6,13.84,10.14,3.69,73.3,3.83,6.31,4.1,0.07,20.0,0.54,66.67,22,15,1340,0.07,0.0,0.81,1.01,8.13,1.28,2.69,32.79,1.95,43.28,0.74,20.0
102,907463,Bundesliga,25/26,Borussia Dortmund,Felix Nmecha,Midfielder,6.94,0.08,0.15,0.12,1.36,0.29,0.49,6.06,1.28,57.41,0.04,0.04,0.0,0.0,0.08,0.0,0.08,0.0,0.04,0.0,0.0,0.0,0.04,0.0,1.52,1.11,1.2,0.16,0.54,0.04,0.12,0.0,0.0,0.25,0.12,0.12,0.0,0.82,44.3,38.61,5.69,87.16,15.62,22.99,11.79,0.08,28.57,1.61,61.9,29,25,2184,0.0,0.0,1.15,0.91,9.44,0.62,4.82,55.19,3.71,53.25,1.11,62.79
103,791079,Bundesliga,25/26,RB Leipzig,Xaver Schlager,Midfielder,6.94,0.15,0.1,0.05,1.03,0.34,0.2,14.29,1.08,68.75,0.15,0.0,0.0,0.1,0.05,0.05,0.1,0.0,0.0,0.0,0.0,0.0,0.0,0.0,1.81,0.39,1.42,0.1,0.64,0.0,0.1,0.0,0.0,0.24,0.1,0.05,0.0,1.03,51.93,45.12,6.81,86.89,18.03,27.09,11.66,0.24,45.45,1.52,50.0,26,21,1837,0.29,0.0,1.22,0.78,11.22,1.27,4.7,52.46,3.58,49.66,1.13,63.89
104,981562,Bundesliga,25/26,FC Heidenheim,Diant Ramaj,Goalkeeper,6.94,0.0,0.0,0.0,0.0,0.0,0.0,0.0,0.0,0.0,0.0,0.0,0.0,0.0,0.0,0.0,0.0,0.0,0.0,0.0,0.0,0.0,0.0,0.0,0.03,0.0,1.45,0.0,0.03,0.19,0.06,0.03,0.0,0.03,0.03,0.03,0.0,0.03,49.39,32.16,17.23,65.12,24.68,7.48,3.39,0.0,0.0,12.06,41.42,31,31,2790,0.06,0.0,0.06,0.06,17.58,0.03,0.48,71.43,0.06,33.33,0.42,86.67
105,174345,Bundesliga,25/26,FSV Mainz 05,Robin Zentner,Goalkeeper,6.94,0.0,0.0,0.0,0.0,0.0,0.0,0.0,0.1,100.0,0.0,0.0,0.0,0.0,0.0,0.0,0.0,0.0,0.0,0.0,0.0,0.0,0.0,0.0,0.0,0.0,2.16,0.0,0.1,0.1,0.0,0.0,0.0,0.0,0.0,0.0,0.0,0.0,37.66,20.42,17.24,54.22,12.62,7.8,4.0,0.0,0.0,9.03,34.38,10,10,877,0.21,0.1,0.21,0.1,17.86,0.0,0.82,57.14,0.1,25.0,0.72,70.0
106,255239,Bundesliga,25/26,Bayer 04 Leverkusen,Lucas Vázquez,Midfielder,6.94,0.18,0.09,0.18,0.72,0.18,0.36,25.0,0.18,33.33,0.18,0.0,0.0,0.0,0.18,0.0,0.18,0.0,0.0,0.0,0.0,0.0,0.0,0.0,1.08,0.36,1.62,0.36,0.54,0.0,0.0,0.0,0.0,0.0,1.08,0.36,0.0,1.98,42.02,36.61,5.41,87.12,11.9,24.71,13.17,1.26,36.84,0.54,30.0,12,6,499,0.36,0.0,1.08,1.44,11.9,1.26,3.43,48.72,2.71,46.88,0.72,57.14
107,171961,Bundesliga,25/26,SC Freiburg,Vincenzo Grifo,Midfielder,6.94,0.37,0.3,0.05,1.57,0.63,0.42,23.33,0.52,62.5,0.31,0.05,0.0,0.05,0.31,0.1,0.1,0.0,0.21,0.21,100.0,0.05,0.1,50.0,0.52,0.73,1.05,0.05,0.52,0.05,0.05,0.0,0.0,0.05,0.58,0.21,0.05,2.15,41.23,33.85,7.38,82.11,15.75,18.1,9.16,1.47,25.69,3.24,58.49,33,21,1720,0.0,0.0,0.52,0.63,14.55,0.73,1.99,46.91,1.67,45.07,0.31,60.0
108,1064305,Bundesliga,25/26,Hamburger SV,Nicolai Remberg,Midfielder,6.93,0.0,0.03,0.03,0.53,0.25,0.16,0.0,0.44,56.0,0.0,0.0,0.0,0.0,0.0,0.0,0.03,0.03,0.0,0.0,0.0,0.0,0.0,0.0,1.88,1.31,3.5,0.5,0.56,0.0,0.12,0.03,0.0,0.19,0.16,0.06,0.0,0.41,41.91,37.31,4.59,89.04,23.81,13.5,3.66,0.03,20.0,1.91,63.54,32,32,2880,0.34,0.0,1.38,1.5,6.09,0.34,5.31,60.71,3.72,59.8,1.59,62.96
109,825956,Bundesliga,25/26,RB Leipzig,Christoph Baumgartner,Midfielder,6.93,0.42,0.49,0.68,2.61,1.13,1.13,16.05,0.42,39.39,0.42,0.0,0.13,0.03,0.26,0.13,0.13,0.0,0.03,0.0,0.0,0.0,0.0,0.0,1.74,0.68,1.39,0.13,1.0,0.03,0.06,0.03,0.0,0.19,0.19,0.26,0.0,1.19,36.14,27.36,8.78,75.71,13.59,13.78,7.2,0.06,40.0,1.16,39.56,33,32,2789,0.32,0.0,2.03,1.06,12.78,1.03,5.13,44.66,3.23,42.19,1.9,49.58
110,798303,Bundesliga,25/26,Hamburger SV,Miro Muheim,Midfielder,6.93,0.0,0.04,0.07,0.85,0.26,0.37,0.0,0.78,67.74,0.0,0.0,0.0,0.0,0.0,0.04,0.04,0.0,0.0,0.0,0.0,0.0,0.15,0.0,2.29,1.0,2.29,0.18,1.07,0.0,0.07,0.04,0.0,0.18,0.22,0.15,0.0,1.51,40.92,30.95,9.97,75.63,15.25,15.7,8.38,1.4,25.33,2.81,43.43,29,27,2437,0.26,0.04,1.44,1.85,17.1,0.44,5.54,57.03,4.87,60.0,0.66,41.86
111,975798,Bundesliga,25/26,Bayer 04 Leverkusen,Malik Tillman,Midfielder,6.93,0.32,0.25,0.27,1.81,0.69,0.8,17.65,0.59,34.38,0.27,0.05,0.0,0.05,0.27,0.0,0.11,0.05,0.0,0.0,0.0,0.0,0.0,0.0,2.02,0.96,0.69,0.32,0.75,0.0,0.05,0.0,0.0,0.05,0.43,0.0,0.0,1.39,41.72,34.85,6.87,83.52,12.95,21.9,11.35,0.11,11.11,0.69,52.0,29,18,1689,0.11,0.0,0.96,1.55,12.9,1.6,5.54,51.49,4.16,48.45,1.39,63.41
112,861981,Bundesliga,25/26,VfB Stuttgart,Nikolas Nartey,Midfielder,6.93,0.29,0.18,0.29,1.57,0.86,0.43,18.18,1.28,66.67,0.29,0.0,0.0,0.21,0.07,0.0,0.07,0.0,0.0,0.0,0.0,0.0,0.0,0.0,1.0,0.71,1.5,0.21,0.43,0.0,0.07,0.0,0.0,0.07,0.43,0.21,0.0,1.71,36.73,30.59,6.13,83.3,9.98,20.61,11.05,0.29,28.57,0.57,47.06,28,14,1262,0.14,0.0,1.28,1.64,10.63,0.64,6.63,58.49,3.92,57.29,2.71,60.32
113,354878,Bundesliga,25/26,FC Augsburg,Dimitrios Giannoulis,Midfielder,6.92,0.09,0.06,0.05,0.47,0.28,0.14,20.0,0.9,45.24,0.09,0.0,0.0,0.09,0.0,0.0,0.19,0.0,0.0,0.0,0.0,0.0,0.0,0.0,1.28,0.9,3.12,0.52,0.43,0.0,0.05,0.0,0.0,0.05,0.38,0.24,0.0,1.61,31.06,22.16,8.9,71.34,9.56,12.59,7.86,1.42,30.61,1.37,43.94,27,25,1901,0.38,0.0,0.76,0.95,15.81,0.24,3.69,53.79,3.12,56.41,0.57,42.86
114,930272,Bundesliga,25/26,FC Köln,Tom Krauß,Midfielder,6.92,0.0,0.02,0.0,0.45,0.1,0.15,0.0,0.45,50.0,0.0,0.0,0.0,0.0,0.0,0.0,0.0,0.0,0.0,0.0,0.0,0.0,0.0,0.0,3.6,1.4,2.35,0.45,0.8,0.0,0.05,0.0,0.0,0.05,0.1,0.1,0.0,0.75,41.68,35.93,5.75,86.21,18.34,17.59,8.4,0.1,14.29,1.5,46.88,26,19,1801,0.2,0.0,1.15,1.1,9.54,0.75,5.9,60.82,5.15,62.42,0.75,51.72
115,1597260,Bundesliga,25/26,FC Augsburg,Noahkai Banks,Defender,6.92,0.05,0.06,0.05,0.47,0.26,0.05,11.11,0.26,55.56,0.05,0.0,0.0,0.05,0.0,0.0,0.16,0.0,0.0,0.0,0.0,0.0,0.0,0.0,2.17,0.78,4.51,0.67,0.72,0.0,0.05,0.0,0.0,0.26,0.05,0.05,0.0,0.36,45.62,41.12,4.51,90.12,24.65,16.47,7.2,0.05,25.0,2.64,67.11,23,20,1738,0.41,0.0,1.5,0.93,5.7,0.31,5.13,57.56,3.37,55.56,1.76,61.82
116,846471,Bundesliga,25/26,FSV Mainz 05,Anthony Caci,Midfielder,6.92,0.0,0.06,0.0,1.04,0.0,0.69,0.0,1.21,70.0,0.0,0.0,0.0,0.0,0.0,0.0,0.17,0.0,0.0,0.0,0.0,0.0,0.0,0.0,2.6,0.52,2.42,0.17,0.17,0.0,0.0,0.0,0.0,0.0,0.52,0.0,0.0,1.9,52.1,42.23,9.87,81.06,11.94,30.29,18.17,1.73,23.81,2.77,48.48,10,6,520,0.52,0.0,1.56,0.52,22.5,0.52,5.02,59.18,4.33,60.98,0.69,50.0
117,878081,Bundesliga,25/26,VfB Stuttgart,Ermedin Demirović,Forward,6.92,0.72,0.45,0.6,2.45,1.31,0.72,29.27,0.42,50.0,0.66,0.06,0.06,0.06,0.6,0.0,0.48,0.12,0.06,0.06,100.0,0.0,0.0,0.0,0.84,0.06,0.72,0.06,0.3,0.0,0.06,0.0,0.0,0.18,0.24,0.18,0.0,1.02,14.94,10.94,4.0,73.2,1.97,8.96,5.68,0.0,0.0,0.06,33.33,25,17,1506,0.3,0.0,2.21,1.55,9.08,1.49,4.6,37.75,2.75,39.66,1.85,35.23
118,927407,Bundesliga,25/26,FC Bayern München,Josip Stanišić,Defender,6.91,0.1,0.07,0.0,0.34,0.19,0.15,28.57,0.49,62.5,0.1,0.0,0.05,0.0,0.05,0.0,0.19,0.05,0.0,0.0,0.0,0.0,0.0,0.0,1.36,0.87,2.96,0.39,0.82,0.0,0.05,0.0,0.0,0.24,0.19,0.15,0.0,1.16,61.04,54.78,6.26,89.75,18.39,36.39,19.94,0.34,19.44,1.75,56.25,26,19,1855,0.05,0.0,0.39,0.53,10.19,0.39,3.54,56.59,2.33,55.17,1.21,59.52
119,1861666,Bundesliga,25/26,Borussia Dortmund,Samuele Inacio,Midfielder,6.91,0.23,0.41,0.47,2.11,1.17,0.23,11.11,1.17,71.43,0.23,0.0,0.0,0.0,0.23,0.23,0.0,0.0,0.0,0.0,0.0,0.0,0.0,0.0,1.41,0.47,0.7,0.0,0.94,0.0,0.0,0.0,0.0,0.0,0.23,0.0,0.0,1.88,29.14,24.67,4.46,84.68,10.34,14.33,8.22,0.7,27.27,0.7,75.0,7,4,383,0.47,0.0,1.64,2.35,10.1,1.41,5.4,51.11,4.93,52.5,0.47,40.0
120,352544,Bundesliga,25/26,FSV Mainz 05,Sheraldo Becker,Forward,6.91,0.28,0.41,0.57,2.74,1.42,0.85,10.34,0.38,44.44,0.28,0.0,0.0,0.09,0.19,0.09,0.94,0.0,0.0,0.0,0.0,0.0,0.0,0.0,0.09,0.28,0.09,0.0,0.09,0.0,0.19,0.0,0.0,0.0,0.66,0.28,0.0,1.61,16.81,12.37,4.44,73.6,2.36,10.01,7.65,0.57,20.0,0.47,71.43,14,11,953,0.19,0.0,1.23,0.76,10.86,0.57,2.17,37.1,1.23,34.21,0.94,41.67
121,1568123,Bundesliga,25/26,TSG Hoffenheim,Bazoumana Touré,Midfielder,6.91,0.19,0.16,0.12,1.86,0.5,0.77,10.42,1.86,42.86,0.19,0.0,0.0,0.12,0.08,0.04,0.31,0.04,0.0,0.0,0.0,0.0,0.0,0.0,1.32,0.23,0.77,0.08,0.46,0.0,0.0,0.0,0.0,0.0,0.43,0.35,0.04,1.78,25.59,19.47,6.12,76.1,5.26,14.21,8.9,1.51,33.62,0.93,66.67,30,29,2325,0.08,0.0,1.7,1.12,16.65,1.63,5.88,42.34,4.3,40.96,1.59,46.59
122,105734,Bundesliga,25/26,VfL Wolfsburg,Christian Eriksen,Midfielder,6.91,0.11,0.22,0.11,1.41,0.52,0.52,7.89,0.37,47.62,0.11,0.0,0.0,0.0,0.11,0.07,0.11,0.0,0.15,0.11,75.0,0.0,0.19,0.0,1.41,0.67,1.64,0.3,1.0,0.0,0.04,0.0,0.0,0.04,0.56,0.33,0.0,2.34,43.2,33.56,9.64,77.69,14.36,19.2,10.16,1.45,29.55,1.9,38.64,31,27,2419,0.15,0.0,0.48,0.19,16.22,0.89,2.34,41.45,1.97,41.73,0.37,40.0
123,830127,Bundesliga,25/26,SV Werder Bremen,Romano Schmid,Midfielder,6.91,0.12,0.24,0.21,1.72,0.63,0.54,7.02,1.11,37.76,0.09,0.03,0.0,0.0,0.12,0.03,0.15,0.0,0.12,0.09,75.0,0.0,0.12,0.0,1.39,0.33,0.39,0.12,0.81,0.0,0.03,0.0,0.0,0.12,0.51,0.24,0.0,2.68,43.83,33.4,10.42,76.22,9.91,23.49,15.33,1.27,26.25,2.23,56.92,34,34,2988,0.12,0.0,0.57,0.93,20.03,1.66,3.95,38.99,3.43,41.45,0.51,27.87
124,1129935,Bundesliga,25/26,FC Bayern München,Tom Bischof,Midfielder,6.9,0.2,0.12,0.07,2.05,0.61,0.75,10.0,0.48,50.0,0.0,0.2,0.0,0.14,0.07,0.14,0.07,0.0,0.0,0.0,0.0,0.0,0.2,0.0,1.77,1.02,0.89,0.34,0.95,0.0,0.0,0.07,0.0,0.27,0.34,0.2,0.0,1.64,80.18,74.25,5.93,92.6,24.34,49.91,25.36,0.48,26.92,2.05,66.67,26,14,1320,0.14,0.0,1.02,0.61,9.68,0.48,3.61,53.54,2.86,50.0,0.75,73.33
125,133908,Bundesliga,25/26,Borussia Dortmund,Marcel Sabitzer,Midfielder,6.9,0.05,0.06,0.0,0.99,0.2,0.49,5.0,0.15,60.0,0.05,0.0,0.0,0.0,0.05,0.0,0.15,0.0,0.0,0.0,0.0,0.0,0.1,0.0,1.48,0.94,2.12,0.3,0.64,0.0,0.0,0.0,0.0,0.25,0.2,0.1,0.0,0.74,39.12,32.8,6.32,83.84,11.31,21.49,11.31,0.59,34.29,1.43,50.88,26,21,1822,0.15,0.0,0.99,0.84,8.84,0.25,3.21,52.85,2.42,55.68,0.79,45.71
126,976575,Bundesliga,25/26,RB Leipzig,Nicolas Seiwald,Midfielder,6.9,0.0,0.06,0.07,0.63,0.23,0.2,0.0,0.27,72.73,0.0,0.0,0.0,0.0,0.0,0.07,0.0,0.0,0.0,0.0,0.0,0.0,0.0,0.0,2.2,1.86,2.13,0.33,0.6,0.0,0.07,0.0,0.0,0.27,0.1,0.07,0.0,0.5,48.08,42.75,5.33,88.92,22.57,20.18,6.29,0.07,28.57,2.0,53.57,33,31,2703,0.07,0.0,0.6,0.2,6.89,0.23,3.76,60.43,2.66,63.49,1.1,54.1
127,8959,Bundesliga,25/26,FC Bayern München,Manuel Neuer,Goalkeeper,6.89,0.0,0.0,0.0,0.0,0.0,0.0,0.0,0.0,0.0,0.0,0.0,0.0,0.0,0.0,0.0,0.0,0.0,0.0,0.0,0.0,0.0,0.0,0.0,0.0,0.0,0.63,0.0,0.0,0.19,0.15,0.0,0.0,0.29,0.0,0.0,0.0,0.0,34.11,27.73,6.39,81.28,25.26,2.47,0.87,0.0,0.0,6.34,50.97,22,22,1860,0.0,0.0,0.0,0.1,6.73,0.0,0.15,100.0,0.1,100.0,0.05,100.0
128,171919,Bundesliga,25/26,Bayer 04 Leverkusen,Mark Flekken,Goalkeeper,6.89,0.0,0.0,0.0,0.0,0.0,0.0,0.0,0.04,100.0,0.0,0.0,0.0,0.0,0.0,0.0,0.0,0.0,0.0,0.0,0.0,0.0,0.0,0.0,0.0,0.0,0.76,0.0,0.04,0.08,0.04,0.0,0.0,0.21,0.04,0.0,0.0,0.04,30.17,22.01,8.15,72.97,19.69,2.32,1.14,0.0,0.0,4.65,37.29,24,24,2130,0.04,0.0,0.0,0.13,8.2,0.0,0.55,92.86,0.17,80.0,0.38,100.0
129,1418623,Bundesliga,25/26,RB Leipzig,Assan Ouédraogo,Midfielder,6.89,0.37,0.22,0.18,2.49,1.2,0.55,14.81,1.29,53.85,0.09,0.28,0.0,0.18,0.18,0.09,0.09,0.0,0.0,0.0,0.0,0.0,0.0,0.0,0.74,0.28,1.02,0.28,0.28,0.0,0.0,0.0,0.0,0.09,0.55,0.28,0.0,1.29,27.44,22.82,4.62,83.16,8.5,14.32,8.13,0.09,25.0,0.92,55.56,19,13,974,0.0,0.0,0.37,2.03,10.72,2.03,4.62,51.02,4.07,51.76,0.55,46.15
130,929620,Bundesliga,25/26,FC Augsburg,Fabian Rieder,Midfielder,6.89,0.23,0.16,0.04,1.45,0.5,0.65,15.79,0.72,43.18,0.19,0.04,0.04,0.19,0.0,0.0,0.08,0.0,0.08,0.08,100.0,0.0,0.11,0.0,1.41,0.61,0.61,0.11,0.95,0.0,0.0,0.0,0.0,0.04,0.34,0.11,0.0,1.68,31.36,23.77,7.59,75.79,7.29,16.48,10.53,1.07,23.93,1.79,51.65,32,28,2359,0.15,0.0,1.72,1.45,15.53,1.07,4.08,40.07,3.55,43.66,0.53,25.93
131,825771,Bundesliga,25/26,SV Werder Bremen,Marco Friedl,Defender,6.88,0.04,0.02,0.0,0.28,0.07,0.21,12.5,0.14,57.14,0.04,0.0,0.04,0.0,0.0,0.0,0.04,0.0,0.0,0.0,0.0,0.0,0.0,0.0,1.55,1.24,5.54,0.85,0.64,0.04,0.07,0.04,0.0,0.18,0.0,0.0,0.0,0.18,63.41,56.42,6.99,88.98,33.75,22.67,7.94,0.04,7.14,4.2,55.09,30,29,2549,0.32,0.04,0.6,0.56,8.58,0.11,4.17,62.11,2.22,60.58,1.94,63.95
132,168937,Bundesliga,25/26,Borussia Dortmund,Niklas Süle,Defender,6.88,0.0,0.01,0.0,0.37,0.18,0.18,0.0,0.18,50.0,0.0,0.0,0.0,0.0,0.0,0.0,0.0,0.0,0.0,0.0,0.0,0.0,0.0,0.0,1.48,0.92,2.59,0.37,0.55,0.0,0.0,0.18,0.0,0.18,0.18,0.18,0.0,0.37,66.9,62.65,4.25,93.65,34.93,27.72,10.53,0.18,16.67,3.33,78.26,11,7,487,0.55,0.0,1.48,0.18,6.1,0.18,3.14,53.13,1.85,45.45,1.29,70.0
133,877544,Bundesliga,25/26,FC Köln,Ragnar Ache,Forward,6.88,0.37,0.54,0.68,2.71,1.15,0.89,13.46,0.47,45.0,0.37,0.0,0.1,0.1,0.16,0.0,0.52,0.05,0.0,0.0,0.0,0.0,0.0,0.0,0.68,0.21,2.03,0.21,0.21,0.0,0.0,0.05,0.0,0.0,0.31,0.21,0.0,1.46,15.91,9.7,6.21,60.98,2.45,7.25,4.33,0.0,0.0,0.21,57.14,29,18,1725,0.16,0.0,0.94,1.51,11.53,1.25,9.23,52.68,2.56,47.12,6.68,55.17
134,794995,Bundesliga,25/26,FC Heidenheim,Niklas Dorsch,Midfielder,6.88,0.0,0.02,0.0,0.56,0.12,0.24,0.0,0.48,50.0,0.0,0.0,0.0,0.0,0.0,0.0,0.04,0.0,0.0,0.0,0.0,0.0,0.04,0.0,2.34,0.79,1.59,0.24,0.71,0.0,0.2,0.04,0.0,0.0,0.2,0.04,0.0,0.95,38.93,34.57,4.36,88.8,18.71,15.86,7.77,0.63,48.48,3.21,69.23,32,27,2270,0.08,0.0,1.19,1.07,7.77,0.59,4.44,58.64,3.85,57.4,0.59,68.18
135,979290,Bundesliga,25/26,VfL Wolfsburg,Vinícius Souza,Midfielder,6.88,0.0,0.05,0.05,0.46,0.1,0.3,0.0,0.4,57.14,0.0,0.0,0.0,0.0,0.0,0.05,0.0,0.0,0.0,0.0,0.0,0.0,0.0,0.0,2.78,1.37,3.75,0.46,0.51,0.0,0.0,0.05,0.0,0.05,0.05,0.0,0.0,0.4,34.83,28.19,6.63,80.96,13.67,14.53,6.73,0.15,75.0,1.16,33.82,24,22,1778,0.25,0.0,2.02,1.16,8.55,0.46,7.04,60.17,4.35,57.72,2.68,64.63
136,987504,Bundesliga,25/26,VfL Wolfsburg,Patrick Wimmer,Midfielder,6.88,0.22,0.17,0.22,1.32,0.44,0.61,16.67,2.09,50.67,0.17,0.06,0.0,0.0,0.22,0.0,0.11,0.0,0.0,0.0,0.0,0.0,0.0,0.0,2.59,1.38,1.16,0.11,1.21,0.0,0.0,0.0,0.0,0.0,0.22,0.17,0.0,0.88,27.21,17.74,9.47,65.18,5.73,12.01,7.33,0.17,12.0,0.77,35.9,25,21,1634,0.22,0.0,1.54,1.82,18.12,1.98,8.21,46.42,6.33,48.94,1.87,39.53
137,37096,Bundesliga,25/26,RB Leipzig,Péter Gulácsi,Goalkeeper,6.88,0.0,0.0,0.0,0.0,0.0,0.0,0.0,0.0,0.0,0.0,0.0,0.0,0.0,0.0,0.0,0.0,0.0,0.0,0.0,0.0,0.0,0.0,0.0,0.0,0.0,1.21,0.0,0.04,0.0,0.0,0.0,0.0,0.4,0.0,0.0,0.0,0.0,32.57,26.97,5.6,82.81,25.13,1.84,0.45,0.0,0.0,3.49,39.2,23,23,2009,0.04,0.0,0.0,0.0,5.64,0.0,0.09,50.0,0.0,0.0,0.09,66.67
138,1003339,Bundesliga,25/26,Bayer 04 Leverkusen,Jarell Quansah,Defender,6.88,0.16,0.11,0.19,0.7,0.31,0.31,22.22,0.55,51.85,0.16,0.0,0.12,0.04,0.0,0.0,0.04,0.0,0.0,0.0,0.0,0.0,0.0,0.0,1.09,1.05,3.47,0.55,0.08,0.0,0.12,0.0,0.0,0.19,0.04,0.0,0.0,0.43,63.87,57.67,6.2,90.29,29.95,27.73,11.82,0.16,20.0,1.83,43.52,28,25,2308,0.35,0.0,0.7,0.82,9.09,0.43,4.02,59.88,2.42,59.62,1.6,60.29
139,857740,Bundesliga,25/26,TSG Hoffenheim,Ozan Kabak,Defender,6.88,0.2,0.22,0.31,1.84,0.61,0.87,11.11,0.31,60.0,0.2,0.0,0.1,0.0,0.1,0.15,0.0,0.0,0.0,0.0,0.0,0.0,0.0,0.0,1.02,1.28,7.15,0.71,0.26,0.05,0.15,0.0,0.0,0.1,0.0,0.0,0.0,0.41,57.79,48.96,8.83,84.72,29.15,19.81,5.62,0.0,0.0,1.74,35.42,25,18,1763,0.26,0.0,1.38,0.41,10.31,0.1,7.61,60.32,1.74,49.28,5.87,64.61
140,1864760,Bundesliga,25/26,FC Heidenheim,Hennes Behrens,Defender,6.88,0.07,0.02,0.0,0.61,0.27,0.07,11.11,1.02,71.43,0.0,0.07,0.0,0.0,0.07,0.07,0.07,0.0,0.0,0.0,0.0,0.0,0.0,0.0,1.91,1.09,3.14,0.48,1.3,0.0,0.14,0.0,0.07,0.07,0.41,0.14,0.0,1.23,32.07,23.27,8.8,72.55,12.42,10.85,5.66,1.09,28.07,1.23,29.03,16,15,1319,0.0,0.0,0.34,1.84,19.31,0.61,5.73,61.31,4.78,64.22,0.96,50.0
141,1086547,Bundesliga,25/26,FC Union Berlin,Leopold Querfeld,Defender,6.87,0.1,0.12,0.07,0.97,0.33,0.43,10.34,0.13,57.14,0.1,0.0,0.0,0.0,0.1,0.07,0.0,0.0,0.1,0.07,66.67,0.0,0.07,0.0,1.73,1.2,7.32,0.8,0.53,0.03,0.13,0.1,0.0,0.17,0.1,0.0,0.0,0.7,40.51,32.39,8.12,79.95,21.14,11.25,4.29,0.0,0.0,4.49,52.73,31,30,2704,0.2,0.0,1.53,0.93,9.19,0.3,7.02,60.29,2.76,54.61,4.26,64.65
142,944899,Bundesliga,25/26,TSG Hoffenheim,Valentin Gendrey,Defender,6.87,1.3,0.37,1.3,2.61,1.3,1.3,50.0,0.0,0.0,0.0,1.3,0.0,0.0,1.3,0.0,0.0,0.0,0.0,0.0,0.0,0.0,0.0,0.0,1.3,1.3,3.91,0.0,2.61,0.0,0.0,0.0,0.0,0.0,1.3,1.3,0.0,3.91,33.91,32.61,1.3,96.15,14.35,18.26,13.04,1.3,50.0,1.3,100.0,8,0,69,0.0,0.0,2.61,1.3,11.74,1.3,6.52,41.67,2.61,25.0,3.91,75.0
143,960114,Bundesliga,25/26,SV Werder Bremen,Olivier Deman,Defender,6.87,0.07,0.04,0.0,0.72,0.22,0.14,10.0,0.43,46.15,0.0,0.07,0.0,0.07,0.0,0.0,0.22,0.07,0.0,0.0,0.0,0.0,0.07,0.0,2.8,0.79,2.94,0.29,0.57,0.0,0.07,0.07,0.0,0.14,0.07,0.14,0.0,1.22,43.1,34.28,8.82,79.53,18.0,16.28,8.25,0.86,19.05,1.65,37.7,16,14,1255,0.22,0.0,1.36,0.86,15.92,0.36,5.74,62.5,4.02,60.22,1.72,68.57
144,1048009,Bundesliga,25/26,RB Leipzig,El Chadaille Bitshiabu,Defender,6.87,0.0,0.02,0.0,0.27,0.0,0.27,0.0,0.0,0.0,0.0,0.0,0.0,0.0,0.0,0.0,0.0,0.0,0.0,0.0,0.0,0.0,0.0,0.0,1.07,0.94,5.89,1.34,0.27,0.0,0.13,0.0,0.0,0.13,0.0,0.0,0.0,0.27,75.0,69.64,5.36,92.86,46.74,22.9,4.96,0.0,0.0,2.41,51.43,11,8,672,0.0,0.0,0.54,0.0,6.29,0.13,2.41,47.37,1.07,50.0,1.34,45.45
145,856553,Bundesliga,25/26,RB Leipzig,Ridle Baku,Defender,6.87,0.07,0.09,0.22,1.08,0.22,0.43,6.67,0.47,35.14,0.07,0.0,0.0,0.04,0.04,0.0,0.14,0.0,0.0,0.0,0.0,0.0,0.0,0.0,2.15,1.11,3.16,0.25,0.93,0.04,0.11,0.0,0.0,0.29,0.36,0.11,0.0,1.33,58.97,50.76,8.21,86.07,26.08,24.68,11.66,0.57,28.07,3.23,56.96,32,28,2509,0.14,0.0,0.83,0.79,13.63,0.54,3.8,48.4,3.41,52.78,0.39,28.21
146,822877,Bundesliga,25/26,FC Augsburg,Alexis Claude-Maurice,Forward,6.87,0.21,0.29,0.21,3.03,1.11,1.37,7.04,1.88,53.66,0.09,0.13,0.0,0.0,0.21,0.13,0.04,0.0,0.09,0.04,50.0,0.0,0.09,0.0,1.75,0.34,0.51,0.04,0.77,0.0,0.04,0.0,0.0,0.13,0.21,0.17,0.04,1.41,31.22,26.36,4.87,84.4,10.25,16.1,8.37,0.73,25.76,0.3,31.82,29,25,2107,0.13,0.0,0.98,1.79,13.97,2.05,6.15,47.06,5.38,50.0,0.77,33.33
147,280453,Bundesliga,25/26,Borussia M'gladbach,Franck Honorat,Midfielder,6.87,0.09,0.04,0.05,0.77,0.23,0.27,11.76,0.77,34.0,0.09,0.0,0.0,0.05,0.05,0.0,0.45,0.05,0.0,0.0,0.0,0.0,0.0,0.0,1.0,0.27,1.13,0.18,0.5,0.0,0.05,0.0,0.0,0.14,0.45,0.27,0.0,2.04,26.18,19.48,6.7,74.39,6.75,12.73,7.97,1.72,29.01,0.36,26.67,28,24,1987,0.0,0.0,0.54,0.27,15.17,0.95,2.58,38.51,2.04,37.5,0.54,42.86
148,940054,Bundesliga,25/26,Borussia Dortmund,Karim Adeyemi,Forward,6.86,0.52,0.36,0.37,2.3,1.04,0.89,22.58,2.0,36.49,0.44,0.07,0.07,0.3,0.15,0.07,0.37,0.07,0.0,0.0,0.0,0.0,0.0,0.0,0.37,0.59,0.15,0.0,0.67,0.0,0.0,0.0,0.0,0.0,0.44,0.3,0.0,1.19,21.7,15.56,6.15,71.67,3.48,12.07,8.44,0.22,25.0,0.3,40.0,28,15,1215,0.37,0.0,1.56,1.85,17.04,1.48,4.74,38.1,4.22,37.25,0.52,46.67
149,253993,Bundesliga,25/26,TSG Hoffenheim,Grischa Prömel,Midfielder,6.86,0.36,0.26,0.26,2.21,0.72,1.03,16.28,0.31,40.0,0.31,0.05,0.15,0.0,0.21,0.0,0.05,0.0,0.0,0.0,0.0,0.0,0.0,0.0,1.85,0.82,2.36,0.26,0.57,0.0,0.05,0.0,0.0,0.15,0.15,0.1,0.0,0.82,47.67,39.09,8.58,82.0,16.75,22.35,10.94,0.1,18.18,1.34,40.63,33,16,1752,0.26,0.0,1.18,1.44,11.97,0.72,4.98,51.05,3.6,56.45,1.39,40.91
150,1048650,Bundesliga,25/26,Borussia M'gladbach,Rocco Reitz,Midfielder,6.86,0.0,0.09,0.0,1.6,0.48,0.68,0.0,0.82,47.06,0.0,0.0,0.0,0.0,0.0,0.0,0.2,0.0,0.0,0.0,0.0,0.0,0.03,0.0,2.32,1.67,1.67,0.2,1.19,0.0,0.1,0.03,0.0,0.24,0.24,0.14,0.0,0.96,42.3,32.95,9.36,77.89,15.13,17.82,8.84,0.44,15.12,1.95,43.85,31,31,2636,0.27,0.03,1.19,1.88,16.66,1.23,5.84,52.94,4.98,52.9,0.85,53.19
151,542038,Bundesliga,25/26,FC St. Pauli,Eric Smith,Defender,6.86,0.08,0.02,0.04,0.47,0.19,0.16,16.67,0.35,60.0,0.04,0.04,0.0,0.0,0.08,0.04,0.04,0.0,0.0,0.0,0.0,0.0,0.12,0.0,1.32,0.89,4.04,0.66,0.51,0.04,0.08,0.08,0.0,0.16,0.04,0.08,0.04,0.7,57.1,48.38,8.71,84.74,28.35,20.03,6.88,0.62,25.4,3.11,38.83,27,26,2314,0.16,0.04,0.58,1.13,12.21,0.35,3.97,58.29,2.8,62.61,1.17,50.0
152,828571,Bundesliga,25/26,TSG Hoffenheim,Bernardo,Defender,6.86,0.0,0.02,0.0,0.39,0.0,0.19,0.0,0.23,54.55,0.0,0.0,0.0,0.0,0.0,0.0,0.08,0.0,0.0,0.0,0.0,0.0,0.0,0.0,2.64,1.55,5.05,0.5,0.62,0.0,0.04,0.08,0.0,0.16,0.04,0.0,0.0,0.35,48.53,38.52,10.02,79.36,18.64,19.88,8.58,0.08,12.5,1.86,35.29,29,26,2318,0.35,0.0,1.59,0.43,13.9,0.16,7.18,61.26,3.22,57.64,3.96,64.56
153,254429,Bundesliga,25/26,FC Heidenheim,Patrick Mainka,Defender,6.85,0.06,0.1,0.15,1.09,0.26,0.74,5.41,0.12,100.0,0.06,0.0,0.03,0.03,0.0,0.0,0.09,0.0,0.0,0.0,0.0,0.0,0.0,0.0,1.32,1.03,7.68,1.21,0.59,0.03,0.03,0.0,0.0,0.03,0.09,0.06,0.0,0.29,39.82,34.68,5.15,87.08,24.12,10.56,2.24,0.0,0.0,1.29,42.72,34,34,3060,0.03,0.0,0.32,0.59,5.68,0.03,6.24,63.86,2.0,68.69,4.24,61.8
154,569784,Bundesliga,25/26,SC Freiburg,Maximilian Eggestein,Midfielder,6.85,0.09,0.11,0.06,1.29,0.38,0.32,6.82,0.44,68.18,0.09,0.0,0.03,0.0,0.06,0.0,0.03,0.0,0.0,0.0,0.0,0.0,0.0,0.0,1.88,0.88,1.82,0.44,0.38,0.0,0.09,0.0,0.0,0.18,0.06,0.03,0.0,0.56,43.59,36.03,7.56,82.66,16.79,19.24,8.35,0.06,14.29,1.26,42.16,34,34,3060,0.12,0.0,0.53,0.59,10.03,0.5,4.53,57.04,2.91,64.71,1.62,47.01
155,790965,Bundesliga,25/26,Eintracht Frankfurt,Ritsu Doan,Midfielder,6.85,0.19,0.13,0.15,1.55,0.57,0.57,12.2,1.29,42.5,0.15,0.04,0.0,0.15,0.04,0.0,0.11,0.0,0.0,0.0,0.0,0.0,0.08,0.0,1.63,0.64,0.61,0.04,0.87,0.0,0.0,0.0,0.0,0.11,0.45,0.19,0.04,1.51,33.18,25.76,7.41,77.65,7.83,17.93,10.21,1.13,26.55,0.79,42.0,31,28,2379,0.19,0.0,0.98,1.29,16.46,1.82,4.99,42.31,4.2,43.87,0.79,35.59
156,1129365,Bundesliga,25/26,FC Augsburg,Anton Kade,Midfielder,6.84,0.31,0.33,0.26,2.47,1.08,0.88,12.5,1.24,46.15,0.31,0.0,0.1,0.05,0.15,0.0,0.52,0.1,0.0,0.0,0.0,0.0,0.0,0.0,1.6,0.67,0.98,0.05,0.67,0.0,0.0,0.05,0.0,0.05,0.21,0.0,0.0,1.34,23.09,16.91,6.19,73.21,5.21,11.7,8.2,0.26,21.74,0.57,50.0,28,18,1746,0.15,0.0,1.03,0.93,12.94,1.24,5.62,45.42,3.76,47.4,1.86,41.86
157,988639,Bundesliga,25/26,FC Köln,Eric Martel,Midfielder,6.84,0.07,0.09,0.11,0.81,0.14,0.28,8.7,0.07,50.0,0.07,0.0,0.07,0.0,0.0,0.04,0.0,0.0,0.0,0.0,0.0,0.0,0.0,0.0,1.61,1.23,4.39,0.77,0.88,0.0,0.07,0.04,0.0,0.11,0.14,0.07,0.0,0.53,49.77,42.96,6.81,86.32,26.12,16.85,6.32,0.14,36.36,1.23,38.89,31,30,2564,0.35,0.04,1.47,1.79,8.49,0.56,6.53,53.91,3.3,53.41,3.23,54.44
158,1119502,Bundesliga,25/26,Bayer 04 Leverkusen,Ernest Poku,Forward,6.84,0.3,0.18,0.24,1.64,0.55,0.55,18.52,1.7,42.42,0.18,0.12,0.0,0.12,0.18,0.18,0.18,0.0,0.0,0.0,0.0,0.0,0.0,0.0,0.79,0.49,0.91,0.06,0.79,0.0,0.0,0.0,0.0,0.06,0.24,0.3,0.06,1.7,33.84,28.14,5.7,83.15,7.22,20.92,12.31,0.0,0.0,0.42,53.85,29,16,1484,0.0,0.0,0.24,1.03,13.4,1.82,3.7,37.2,3.52,40.56,0.18,14.29
159,378340,Bundesliga,25/26,FC Köln,Marius Bülter,Forward,6.84,0.28,0.24,0.28,2.35,0.95,1.01,11.9,0.34,31.58,0.22,0.06,0.11,0.06,0.11,0.0,0.34,0.0,0.0,0.0,0.0,0.0,0.0,0.0,0.39,0.39,1.01,0.22,0.34,0.0,0.0,0.0,0.0,0.06,0.39,0.22,0.0,1.46,22.53,16.48,6.05,73.13,5.77,10.7,6.78,0.84,24.19,0.95,51.52,32,18,1606,0.17,0.0,0.95,1.34,13.73,0.95,4.26,40.21,1.91,39.53,2.35,40.78
160,168903,Bundesliga,25/26,Bayer 04 Leverkusen,Robert Andrich,Defender,6.83,0.07,0.03,0.07,0.42,0.11,0.21,16.67,0.04,16.67,0.04,0.04,0.04,0.0,0.04,0.0,0.0,0.0,0.0,0.0,0.0,0.0,0.0,0.0,1.52,1.17,2.86,0.67,0.32,0.11,0.11,0.04,0.0,0.21,0.0,0.0,0.0,0.42,65.69,59.19,6.5,90.1,32.33,26.86,8.66,0.14,33.33,2.58,46.5,32,29,2547,0.14,0.04,1.06,0.78,7.49,0.18,3.78,60.45,2.3,57.52,1.48,65.63
161,1100836,Bundesliga,25/26,SV Werder Bremen,Samuel Mbangula,Midfielder,6.83,0.23,0.13,0.15,1.29,0.61,0.3,17.65,2.28,55.56,0.15,0.08,0.0,0.0,0.23,0.0,0.3,0.15,0.0,0.0,0.0,0.0,0.0,0.0,1.22,0.3,0.23,0.08,0.84,0.0,0.0,0.0,0.0,0.0,0.15,0.15,0.08,1.14,36.62,31.83,4.8,86.9,11.35,20.48,13.4,0.3,18.18,0.69,47.37,26,12,1182,0.0,0.0,0.3,1.75,12.56,1.6,5.71,49.67,5.25,53.49,0.46,27.27
162,1861975,Bundesliga,25/26,FC Bayern München,Lennart Karl,Midfielder,6.83,0.35,0.53,0.7,2.95,1.47,1.12,11.9,1.54,33.33,0.28,0.07,0.0,0.21,0.14,0.21,0.28,0.07,0.0,0.0,0.0,0.0,0.0,0.0,1.76,0.98,0.14,0.14,1.54,0.0,0.14,0.0,0.0,0.07,0.35,0.35,0.07,1.68,57.29,49.21,8.07,85.91,12.78,36.44,19.87,0.56,27.59,1.9,64.29,26,16,1282,0.07,0.0,0.35,0.77,17.2,1.33,4.14,36.65,4.0,38.78,0.14,14.29
163,97926,Bundesliga,25/26,FSV Mainz 05,Danny da Costa,Defender,6.83,0.07,0.05,0.07,0.47,0.17,0.17,14.29,0.5,62.5,0.07,0.0,0.03,0.0,0.03,0.03,0.03,0.0,0.0,0.0,0.0,0.0,0.0,0.0,1.43,1.0,5.24,0.53,0.5,0.0,0.03,0.0,0.03,0.1,0.13,0.1,0.0,0.53,38.21,28.93,9.28,75.72,15.32,13.62,6.07,0.57,35.42,2.54,36.19,34,30,2697,0.1,0.0,0.73,0.8,12.85,0.33,4.37,57.46,2.7,59.56,1.67,54.35
164,1192318,Bundesliga,25/26,Eintracht Frankfurt,Farès Chaïbi,Midfielder,6.83,0.1,0.14,0.25,1.75,0.45,0.5,5.71,0.55,50.0,0.1,0.0,0.0,0.1,0.0,0.1,0.25,0.0,0.0,0.0,0.0,0.0,0.2,0.0,1.55,0.7,1.45,0.1,0.85,0.0,0.05,0.0,0.0,0.0,0.55,0.45,0.0,2.0,40.07,31.6,8.46,78.88,11.87,19.73,11.17,1.1,23.91,1.4,51.85,28,21,1797,0.1,0.0,0.7,1.05,15.33,0.8,4.31,50.59,3.16,52.5,1.15,46.0
165,328027,Bundesliga,25/26,Borussia Dortmund,Serhou Guirassy,Forward,6.83,0.65,0.67,0.8,3.22,1.53,1.19,20.24,0.46,46.15,0.61,0.04,0.19,0.04,0.42,0.11,0.27,0.08,0.11,0.04,33.33,0.0,0.04,0.0,0.08,0.0,1.3,0.08,0.15,0.0,0.04,0.04,0.0,0.23,0.04,0.04,0.0,0.77,21.81,16.48,5.33,75.57,5.14,11.35,6.32,0.0,0.0,0.27,63.64,33,27,2348,0.11,0.0,1.49,1.38,10.89,1.19,5.52,47.84,1.88,37.12,3.64,56.21
166,1002813,Bundesliga,25/26,Borussia Dortmund,Yan Couto,Midfielder,6.83,0.18,0.09,0.0,0.8,0.36,0.27,22.22,1.16,52.0,0.18,0.0,0.0,0.09,0.09,0.0,0.18,0.0,0.0,0.0,0.0,0.0,0.0,0.0,1.78,0.62,1.69,0.09,0.8,0.0,0.0,0.0,0.0,0.36,0.36,0.18,0.0,1.51,40.9,33.42,7.49,81.7,11.14,22.28,13.28,1.34,26.79,1.43,50.0,19,11,1010,0.36,0.0,1.51,1.16,17.55,1.16,4.28,45.28,4.1,47.92,0.18,20.0
167,843665,Bundesliga,25/26,FC Bayern München,Alphonso Davies,Defender,6.82,0.17,0.06,0.17,0.67,0.17,0.51,25.0,2.19,50.0,0.17,0.0,0.0,0.17,0.0,0.0,0.0,0.0,0.0,0.0,0.0,0.0,0.0,0.0,1.52,0.51,1.52,0.51,0.17,0.0,0.0,0.0,0.0,0.0,0.34,0.51,0.0,1.52,60.67,56.8,3.88,93.61,23.26,33.54,20.06,0.34,33.33,1.35,88.89,13,6,534,0.17,0.0,0.34,0.84,10.96,1.18,5.56,50.77,4.55,54.0,1.01,40.0
168,157377,Bundesliga,25/26,FSV Mainz 05,Silvan Widmer,Midfielder,6.82,0.1,0.12,0.2,0.99,0.2,0.54,10.0,0.1,22.22,0.1,0.0,0.0,0.0,0.1,0.0,0.2,0.0,0.0,0.0,0.0,0.0,0.0,0.0,1.98,0.79,3.07,0.4,0.54,0.0,0.0,0.0,0.0,0.0,0.2,0.05,0.0,0.4,27.61,20.63,6.98,74.73,9.8,10.84,6.23,0.25,13.51,1.09,45.83,27,22,1819,0.25,0.0,0.74,0.54,13.16,0.35,4.01,54.36,2.57,57.14,1.43,50.0
169,1127823,Bundesliga,25/26,VfB Stuttgart,Luca Jaquez,Defender,6.82,0.0,0.01,0.0,0.4,0.0,0.3,0.0,0.2,100.0,0.0,0.0,0.0,0.0,0.0,0.0,0.0,0.0,0.0,0.0,0.0,0.0,0.0,0.0,0.8,1.0,4.5,0.7,0.4,0.0,0.1,0.0,0.0,0.2,0.1,0.1,0.0,0.5,72.7,66.0,6.7,90.78,37.5,28.5,7.8,0.0,0.0,1.8,37.5,14,10,900,0.1,0.0,0.4,0.2,7.1,0.1,3.0,54.55,1.1,55.0,1.9,54.29
170,801030,Bundesliga,25/26,VfB Stuttgart,Atakan Karazor,Midfielder,6.81,0.0,0.03,0.09,0.33,0.09,0.14,0.0,0.38,57.14,0.0,0.0,0.0,0.0,0.0,0.05,0.05,0.0,0.0,0.0,0.0,0.0,0.0,0.0,1.99,0.76,2.51,0.38,0.43,0.05,0.14,0.0,0.0,0.19,0.14,0.05,0.0,0.57,51.88,44.1,7.78,85.01,17.54,26.55,10.62,0.05,20.0,0.85,43.9,28,22,1898,0.24,0.05,0.95,1.61,9.96,0.47,6.45,65.38,3.98,66.14,2.47,64.2
171,355492,Bundesliga,25/26,FC Bayern München,Konrad Laimer,Defender,6.81,0.14,0.11,0.09,0.77,0.36,0.32,17.65,0.63,38.89,0.14,0.0,0.0,0.05,0.09,0.05,0.18,0.0,0.0,0.0,0.0,0.0,0.0,0.0,2.07,0.77,1.35,0.27,0.99,0.05,0.05,0.0,0.0,0.27,0.23,0.41,0.0,2.03,62.1,55.93,6.17,90.06,16.86,39.07,23.39,0.54,31.58,1.04,46.0,29,22,1997,0.41,0.0,1.31,0.41,11.67,0.81,3.79,42.0,3.11,43.4,0.68,36.59
172,873106,Bundesliga,25/26,FC Bayern München,Hiroki Itō,Defender,6.81,0.1,0.08,0.1,0.97,0.29,0.48,10.0,0.39,100.0,0.1,0.0,0.1,0.0,0.0,0.0,0.0,0.0,0.0,0.0,0.0,0.0,0.0,0.0,0.39,1.35,3.57,0.29,0.19,0.0,0.0,0.0,0.0,0.0,0.19,0.19,0.0,0.58,78.03,71.07,6.95,91.09,33.03,38.05,14.87,0.0,0.0,1.83,43.18,16,10,932,0.0,0.0,0.97,0.29,8.88,0.0,3.09,59.26,1.06,50.0,2.03,65.63
173,888537,Bundesliga,25/26,VfL Wolfsburg,Andreas Skov Olsen,Midfielder,6.81,0.24,0.08,0.24,1.71,0.49,0.98,14.29,0.73,75.0,0.0,0.24,0.0,0.24,0.0,0.0,0.0,0.0,0.0,0.0,0.0,0.0,0.0,0.0,0.49,0.24,1.95,0.0,0.98,0.0,0.0,0.0,0.0,0.0,0.24,0.0,0.0,1.71,30.73,26.83,3.9,87.3,11.46,15.37,10.0,0.24,16.67,1.71,77.78,8,4,369,0.24,0.0,0.24,0.98,7.07,0.24,2.93,60.0,2.2,56.25,0.73,75.0
174,839898,Bundesliga,25/26,FC Köln,Alessio Castro-Montes,Midfielder,6.81,0.13,0.18,0.13,1.07,0.13,0.67,12.5,0.13,11.11,0.13,0.0,0.0,0.0,0.13,0.0,0.27,0.0,0.0,0.0,0.0,0.0,0.13,0.0,2.42,0.67,2.69,0.27,1.21,0.0,0.0,0.13,0.0,0.13,0.54,0.4,0.0,3.09,41.37,31.16,10.21,75.32,10.75,20.42,12.9,3.09,38.98,1.21,26.47,14,7,670,0.27,0.0,1.75,1.34,18.94,0.94,5.64,50.6,3.9,44.62,1.75,72.22
175,138126,Bundesliga,25/26,FSV Mainz 05,Phillipp Mwene,Midfielder,6.81,0.04,0.09,0.09,0.43,0.09,0.3,10.0,0.35,50.0,0.04,0.0,0.0,0.04,0.0,0.09,0.13,0.09,0.0,0.0,0.0,0.0,0.0,0.0,1.26,0.65,2.0,0.39,0.87,0.0,0.04,0.0,0.0,0.04,0.13,0.09,0.0,0.78,25.71,19.37,6.34,75.34,7.99,11.38,7.04,0.96,29.73,1.61,44.58,29,24,2072,0.17,0.0,1.0,1.39,12.86,0.96,3.56,47.4,3.0,50.0,0.56,37.14
176,978062,Bundesliga,25/26,TSG Hoffenheim,Alexander Prass,Midfielder,6.81,0.2,0.08,0.07,1.23,0.75,0.41,16.67,1.09,53.33,0.07,0.14,0.0,0.2,0.0,0.0,0.14,0.0,0.0,0.0,0.0,0.0,0.2,0.0,2.19,0.48,1.23,0.2,1.57,0.0,0.07,0.0,0.0,0.07,0.27,0.14,0.0,1.23,35.37,26.97,8.4,76.25,8.95,18.03,10.24,1.16,38.64,1.23,42.86,32,12,1318,0.27,0.0,1.78,1.43,15.36,1.78,5.74,46.93,4.71,44.23,1.02,65.22
177,846445,Bundesliga,25/26,Bayer 04 Leverkusen,Martin Terrier,Forward,6.81,0.54,0.34,0.54,2.28,0.8,1.07,23.53,0.67,41.67,0.54,0.0,0.13,0.13,0.27,0.13,0.13,0.0,0.0,0.0,0.0,0.0,0.0,0.0,1.47,0.13,0.54,0.13,0.54,0.0,0.13,0.0,0.0,0.0,0.27,0.13,0.0,1.21,33.08,28.12,4.96,85.02,9.24,18.88,10.85,0.13,20.0,0.27,50.0,18,7,672,0.13,0.0,0.13,1.74,8.97,0.67,4.82,59.02,3.88,63.04,0.94,46.67
178,963198,Bundesliga,25/26,FC Augsburg,Chrislain Matsima,Defender,6.81,0.06,0.03,0.0,0.42,0.06,0.18,14.29,0.06,33.33,0.06,0.0,0.06,0.0,0.0,0.0,0.0,0.0,0.0,0.0,0.0,0.0,0.0,0.0,1.14,1.81,5.54,1.2,0.24,0.06,0.0,0.0,0.0,0.12,0.06,0.06,0.0,0.24,45.66,38.86,6.81,85.09,25.24,13.61,3.8,0.06,25.0,2.11,41.18,18,17,1494,0.3,0.0,0.6,0.24,8.43,0.12,3.73,65.96,1.39,56.1,2.35,73.58
179,48480,Bundesliga,25/26,Borussia Dortmund,Pascal Groß,Midfielder,6.81,0.0,0.09,0.15,1.17,0.15,0.44,0.0,0.58,80.0,0.0,0.0,0.0,0.0,0.0,0.0,0.0,0.0,0.0,0.0,0.0,0.0,0.0,0.0,1.17,0.87,1.31,0.0,0.58,0.0,0.15,0.0,0.0,0.15,0.15,0.15,0.0,1.6,67.57,58.98,8.59,87.28,22.57,36.41,19.37,1.17,34.78,2.48,58.62,11,7,618,0.0,0.0,1.46,0.58,13.69,1.02,2.77,42.22,2.33,42.11,0.44,42.86
180,136922,Bundesliga,25/26,FC Köln,Dominique Heintz,Defender,6.81,0.0,0.0,0.0,0.0,0.0,0.0,0.0,0.68,75.0,0.0,0.0,0.0,0.0,0.0,0.0,0.0,0.0,0.0,0.0,0.0,0.0,0.0,0.0,0.68,1.13,5.43,0.9,0.45,0.0,0.0,0.23,0.0,0.0,0.0,0.0,0.0,0.23,61.06,51.78,9.27,84.81,34.6,17.19,3.84,0.0,0.0,2.94,40.63,9,5,398,0.0,0.0,0.45,0.9,11.31,0.23,5.2,67.65,2.26,62.5,2.94,72.22
181,1019321,Bundesliga,25/26,SC Freiburg,Igor Matanović,Forward,6.8,0.63,0.53,0.29,2.98,1.15,1.09,21.15,0.69,40.0,0.63,0.0,0.11,0.17,0.34,0.06,0.34,0.0,0.11,0.06,50.0,0.0,0.0,0.0,1.32,0.52,2.01,0.11,0.86,0.06,0.0,0.0,0.0,0.06,0.23,0.11,0.0,1.26,18.23,11.41,6.82,62.58,4.3,7.11,4.13,0.0,0.0,0.4,43.75,31,14,1570,0.0,0.0,2.46,1.26,13.36,1.38,8.03,44.59,3.27,37.01,4.76,51.88
182,1418620,Bundesliga,25/26,Borussia Dortmund,Almugera Kabar,Defender,6.8,0.0,0.6,0.0,6.0,0.0,6.0,0.0,0.0,0.0,0.0,0.0,0.0,0.0,0.0,0.0,0.0,0.0,0.0,0.0,0.0,0.0,0.0,0.0,6.0,0.0,6.0,0.0,0.0,0.0,0.0,0.0,0.0,0.0,0.0,0.0,0.0,0.0,12.0,6.0,6.0,50.0,0.0,6.0,6.0,6.0,50.0,0.0,0.0,1,0,15,0.0,0.0,0.0,0.0,12.0,0.0,12.0,100.0,6.0,100.0,6.0,100.0
183,1937833,Bundesliga,25/26,Borussia Dortmund,Luca Reggiani,Defender,6.8,0.18,0.08,0.18,0.53,0.18,0.35,33.33,0.7,100.0,0.18,0.0,0.18,0.0,0.0,0.0,0.0,0.0,0.0,0.0,0.0,0.0,0.0,0.0,2.46,0.35,2.63,0.18,0.7,0.0,0.35,0.0,0.0,0.35,0.18,0.0,0.0,0.35,66.32,58.42,7.89,88.1,36.14,22.28,7.19,0.0,0.0,1.23,29.17,8,6,513,0.35,0.0,0.53,0.35,10.18,0.35,4.39,62.5,3.51,68.97,0.88,45.45
184,1122806,Bundesliga,25/26,FC Augsburg,Arthur Chaves,Defender,6.8,0.17,0.09,0.0,0.42,0.17,0.08,40.0,0.17,50.0,0.17,0.0,0.08,0.0,0.08,0.0,0.0,0.0,0.0,0.0,0.0,0.0,0.0,0.0,2.19,1.01,6.4,0.93,1.26,0.0,0.0,0.0,0.08,0.0,0.0,0.0,0.0,0.34,38.01,31.18,6.83,82.04,21.66,9.52,3.12,0.0,0.0,2.19,38.24,15,11,1068,0.17,0.0,1.1,0.93,8.09,0.08,5.39,53.78,3.29,55.71,2.11,51.02
185,927340,Bundesliga,25/26,FC Augsburg,Han-Noah Massengo,Midfielder,6.8,0.07,0.05,0.04,0.74,0.22,0.33,10.0,0.96,63.41,0.07,0.0,0.0,0.0,0.07,0.0,0.0,0.0,0.0,0.0,0.0,0.0,0.0,0.0,1.52,1.4,1.59,0.33,0.37,0.0,0.04,0.0,0.0,0.11,0.11,0.04,0.0,0.63,41.25,35.41,5.84,85.84,16.52,18.89,7.54,0.04,6.25,1.07,42.03,33,29,2435,0.18,0.0,0.92,0.85,9.54,0.81,3.95,52.97,3.33,55.9,0.63,41.46
186,980628,Bundesliga,25/26,Borussia Dortmund,Maximilian Beier,Forward,6.8,0.4,0.32,0.44,2.21,0.88,0.71,18.0,0.8,37.5,0.4,0.0,0.04,0.09,0.27,0.09,0.13,0.13,0.0,0.0,0.0,0.0,0.04,0.0,1.15,0.62,0.93,0.13,0.75,0.0,0.04,0.0,0.0,0.04,0.4,0.27,0.04,1.15,25.99,18.3,7.69,70.41,5.39,12.91,8.05,0.09,7.14,0.66,46.88,32,24,2036,0.13,0.0,1.37,1.06,15.38,1.41,4.07,38.17,3.01,38.42,1.06,37.5
187,1470008,Bundesliga,25/26,Borussia M'gladbach,Charles Herrmann,Forward,6.8,0.0,0.0,0.0,0.0,0.0,0.0,0.0,0.0,0.0,0.0,0.0,0.0,0.0,0.0,0.0,0.0,0.0,0.0,0.0,0.0,0.0,0.0,0.0,0.0,9.0,0.0,0.0,0.0,0.0,0.0,0.0,0.0,0.0,9.0,9.0,0.0,9.0,27.0,18.0,9.0,66.67,0.0,18.0,9.0,9.0,100.0,0.0,0.0,1,0,10,0.0,0.0,9.0,0.0,27.0,0.0,0.0,0.0,0.0,0.0,0.0,0.0
188,860461,Bundesliga,25/26,FC Augsburg,Robin Fellhauer,Midfielder,6.8,0.1,0.09,0.1,0.96,0.29,0.48,10.0,0.48,44.12,0.1,0.0,0.0,0.06,0.03,0.03,0.19,0.0,0.0,0.0,0.0,0.0,0.0,0.0,1.83,0.77,2.24,0.29,0.96,0.0,0.03,0.0,0.0,0.1,0.1,0.06,0.0,0.99,28.92,21.88,7.05,75.64,10.19,11.69,6.47,0.45,15.38,1.06,40.24,34,31,2810,0.06,0.0,0.77,1.06,13.13,0.45,4.61,52.36,3.3,54.5,1.31,47.67
189,836711,Bundesliga,25/26,SC Freiburg,Jan-Niklas Beste,Midfielder,6.8,0.1,0.18,0.26,1.26,0.73,0.42,8.33,0.79,36.59,0.1,0.0,0.0,0.05,0.05,0.0,0.26,0.0,0.0,0.0,0.0,0.0,0.1,0.0,2.1,0.89,1.31,0.1,0.94,0.0,0.05,0.0,0.0,0.0,0.21,0.1,0.0,1.84,25.86,19.51,6.35,75.46,8.02,11.49,5.51,1.63,28.97,1.05,51.28,28,20,1716,0.26,0.0,0.89,1.89,14.16,0.94,5.09,49.74,4.77,53.53,0.31,24.0
190,796206,Bundesliga,25/26,FC Augsburg,Kristijan Jakić,Midfielder,6.8,0.11,0.08,0.05,0.98,0.33,0.38,11.11,0.33,42.86,0.11,0.0,0.0,0.0,0.11,0.0,0.11,0.0,0.0,0.0,0.0,0.0,0.0,0.0,1.85,0.87,2.94,0.38,0.82,0.0,0.16,0.0,0.0,0.05,0.11,0.05,0.0,0.71,39.2,31.47,7.73,80.28,14.7,16.77,7.35,0.16,50.0,2.56,51.09,26,18,1653,0.27,0.0,0.93,0.93,10.56,0.54,4.08,51.37,3.05,52.83,1.03,47.5
191,1003012,Bundesliga,25/26,Bayer 04 Leverkusen,Ezequiel Fernández,Midfielder,6.8,0.0,0.06,0.0,0.99,0.09,0.54,0.0,0.81,56.25,0.0,0.0,0.0,0.0,0.0,0.0,0.09,0.0,0.0,0.0,0.0,0.0,0.0,0.0,2.79,1.08,1.53,0.27,1.26,0.0,0.09,0.0,0.0,0.0,0.09,0.09,0.0,0.72,74.27,66.44,7.82,89.47,30.3,36.14,13.13,0.0,0.0,3.15,66.04,20,12,1001,0.18,0.09,1.26,2.16,11.6,1.26,6.47,52.55,5.66,56.76,0.81,34.62
192,1142248,Bundesliga,25/26,FC Heidenheim,Arijon Ibrahimović,Midfielder,6.8,0.08,0.26,0.29,1.94,0.78,0.58,4.26,0.95,45.1,0.08,0.0,0.0,0.0,0.08,0.04,0.21,0.0,0.04,0.04,100.0,0.0,0.21,0.0,1.4,0.95,0.83,0.21,1.61,0.0,0.08,0.0,0.0,0.0,0.45,0.17,0.0,2.31,33.55,24.18,9.37,72.08,10.23,13.95,8.79,1.4,26.98,1.73,52.5,32,25,2181,0.08,0.0,0.54,1.11,18.49,0.78,4.5,43.78,3.43,45.6,1.07,38.81
193,1568522,Bundesliga,25/26,Bayer 04 Leverkusen,Montrell Culbreath,Forward,6.79,0.12,0.22,0.24,1.09,0.24,0.49,11.11,0.61,27.78,0.12,0.0,0.0,0.0,0.12,0.12,0.0,0.0,0.0,0.0,0.0,0.0,0.0,0.0,3.28,0.97,1.22,0.0,0.36,0.0,0.0,0.12,0.0,0.0,0.0,0.0,0.0,0.73,30.77,26.03,4.74,84.58,8.27,17.76,9.85,0.36,12.5,0.49,40.0,12,9,740,0.0,0.0,0.61,1.34,11.19,0.73,5.59,56.79,5.23,61.43,0.36,27.27
194,40244,Bundesliga,25/26,TSG Hoffenheim,Oliver Baumann,Goalkeeper,6.79,0.0,0.0,0.0,0.0,0.0,0.0,0.0,0.06,100.0,0.0,0.0,0.0,0.0,0.0,0.0,0.0,0.0,0.0,0.0,0.0,0.0,0.0,0.0,0.0,0.0,1.18,0.0,0.06,0.09,0.06,0.03,0.0,0.21,0.0,0.0,0.0,0.03,37.06,26.35,10.71,71.11,21.38,4.97,2.47,0.0,0.0,6.56,38.25,34,34,3060,0.09,0.0,0.03,0.18,10.88,0.0,0.44,83.33,0.21,70.0,0.24,100.0
195,1548910,Bundesliga,25/26,FSV Mainz 05,Kacper Potulski,Defender,6.79,0.08,0.16,0.34,1.19,0.42,0.34,7.14,0.17,50.0,0.08,0.0,0.08,0.0,0.0,0.08,0.0,0.0,0.0,0.0,0.0,0.0,0.0,0.0,1.27,1.53,6.2,1.27,0.42,0.0,0.0,0.08,0.0,0.17,0.08,0.0,0.0,0.17,37.36,30.74,6.62,82.27,19.78,10.95,2.63,0.0,0.0,1.61,40.43,15,9,1060,0.25,0.0,1.44,0.42,7.9,0.17,5.09,53.57,1.87,45.83,3.23,59.38
196,152206,Bundesliga,25/26,FSV Mainz 05,Dominik Kohr,Defender,6.79,0.08,0.06,0.15,0.58,0.15,0.27,13.33,0.19,45.45,0.08,0.0,0.0,0.0,0.08,0.04,0.04,0.0,0.0,0.0,0.0,0.0,0.0,0.0,1.84,1.73,5.1,0.65,1.07,0.08,0.08,0.0,0.0,0.12,0.12,0.0,0.0,0.38,43.18,36.12,7.06,83.64,20.72,15.39,6.99,0.08,11.76,3.8,56.57,29,28,2345,0.35,0.08,1.54,1.65,9.02,0.15,5.14,52.34,3.61,55.29,1.54,46.51
197,319861,Bundesliga,25/26,FC Köln,Luca Waldschmidt,Forward,6.79,0.66,0.73,0.53,3.42,1.71,1.05,19.23,0.92,43.75,0.66,0.0,0.13,0.39,0.13,0.39,0.26,0.0,0.26,0.26,100.0,0.0,0.13,0.0,1.05,0.53,1.18,0.26,0.66,0.0,0.0,0.0,0.0,0.0,0.66,0.53,0.0,1.71,29.47,22.37,7.11,75.89,9.08,13.29,7.63,0.79,27.27,1.97,53.57,24,7,684,0.13,0.0,1.18,0.79,13.68,0.66,4.08,46.97,2.76,42.86,1.32,58.82
198,1067120,Bundesliga,25/26,FC Heidenheim,Eren Dinkçi,Forward,6.79,0.19,0.26,0.26,1.87,0.58,0.96,10.34,0.71,39.29,0.19,0.0,0.0,0.0,0.19,0.0,0.0,0.06,0.0,0.0,0.0,0.0,0.0,0.0,1.61,0.64,0.96,0.06,1.35,0.06,0.06,0.0,0.0,0.0,0.06,0.06,0.0,0.71,26.05,18.4,7.66,70.62,7.33,11.07,5.79,0.51,24.24,1.16,37.5,22,16,1399,0.26,0.0,0.71,0.32,13.83,0.84,2.89,38.46,2.64,39.81,0.26,28.57
199,954061,Bundesliga,25/26,Eintracht Frankfurt,Arnaud Kalimuendo,Forward,6.79,0.38,0.26,0.44,1.9,1.01,0.19,20.0,1.33,51.22,0.38,0.0,0.0,0.13,0.25,0.0,0.38,0.0,0.0,0.0,0.0,0.0,0.0,0.0,0.7,0.25,0.44,0.06,0.19,0.0,0.0,0.0,0.0,0.06,0.19,0.06,0.0,1.39,19.08,16.35,2.73,85.71,4.94,11.41,6.85,0.19,20.0,0.51,61.54,19,17,1420,0.25,0.0,0.57,1.14,9.0,1.96,3.93,36.9,3.17,44.25,0.76,21.82
200,168861,Bundesliga,25/26,FC Heidenheim,Marnon Busch,Defender,6.79,0.05,0.05,0.05,0.56,0.14,0.24,8.33,0.14,23.08,0.05,0.0,0.0,0.05,0.0,0.0,0.05,0.0,0.0,0.0,0.0,0.0,0.05,0.0,1.69,1.51,4.05,0.52,0.8,0.0,0.0,0.0,0.0,0.05,0.38,0.24,0.05,0.8,32.2,25.79,6.4,80.12,14.31,11.49,6.07,0.38,13.79,3.01,55.17,29,20,1912,0.19,0.0,0.85,0.38,11.3,0.09,3.2,48.57,2.21,50.54,0.99,44.68
201,1159759,Bundesliga,25/26,Eintracht Frankfurt,Nathaniel Brown,Defender,6.79,0.14,0.09,0.07,0.61,0.3,0.17,22.22,0.58,43.59,0.1,0.03,0.0,0.03,0.1,0.0,0.03,0.0,0.0,0.0,0.0,0.0,0.0,0.0,2.74,0.88,1.49,0.24,0.64,0.0,0.0,0.0,0.0,0.2,0.24,0.14,0.0,1.15,38.4,32.54,5.86,84.74,17.4,15.14,7.69,0.3,19.15,0.98,39.19,33,29,2658,0.1,0.0,0.91,1.12,11.0,0.81,4.74,55.56,4.44,59.01,0.3,30.0
202,826171,Bundesliga,25/26,SV Werder Bremen,Senne Lynen,Midfielder,6.79,0.0,0.04,0.03,0.82,0.13,0.33,0.0,0.2,31.58,0.0,0.0,0.0,0.0,0.0,0.07,0.0,0.0,0.0,0.0,0.0,0.0,0.0,0.0,2.06,2.55,3.13,0.36,1.34,0.03,0.1,0.03,0.0,0.16,0.03,0.0,0.0,0.49,53.44,46.29,7.15,86.62,25.23,21.06,8.0,0.07,15.38,3.07,60.65,31,31,2757,0.13,0.0,1.24,0.39,9.24,0.39,3.66,44.44,2.64,44.75,1.01,43.66
203,801003,Bundesliga,25/26,Hamburger SV,Jordan Torunarigha,Defender,6.78,0.0,0.02,0.0,0.23,0.05,0.09,0.0,0.27,75.0,0.0,0.0,0.0,0.0,0.0,0.0,0.0,0.0,0.0,0.0,0.0,0.0,0.0,0.0,1.69,1.37,8.29,0.82,0.5,0.0,0.14,0.05,0.0,0.14,0.0,0.0,0.0,0.09,48.0,40.99,7.01,85.4,30.41,10.58,3.44,0.0,0.0,2.34,41.8,24,21,1965,0.14,0.0,0.87,0.6,9.02,0.41,4.99,58.92,2.56,58.33,2.43,59.55
204,1394353,Bundesliga,25/26,Bayer 04 Leverkusen,Eliesse Ben Seghir,Forward,6.78,0.0,0.05,0.0,1.72,0.69,0.34,0.0,3.1,64.29,0.0,0.0,0.0,0.0,0.0,0.34,0.0,0.0,0.0,0.0,0.0,0.0,0.0,0.0,1.38,0.34,0.34,0.0,0.34,0.0,0.0,0.0,0.0,0.0,0.69,0.0,0.0,1.72,46.21,39.66,6.55,85.82,6.55,33.1,17.93,0.34,11.11,1.03,60.0,10,2,261,0.69,0.0,1.03,3.45,16.9,1.38,8.97,65.0,7.93,65.71,1.03,60.0
205,1021272,Bundesliga,25/26,Borussia Dortmund,Daniel Svensson,Midfielder,6.78,0.07,0.07,0.15,0.44,0.15,0.15,16.67,0.44,50.0,0.07,0.0,0.0,0.04,0.04,0.0,0.07,0.0,0.0,0.0,0.0,0.0,0.0,0.0,1.39,0.73,2.86,0.29,0.59,0.04,0.04,0.0,0.0,0.37,0.22,0.07,0.0,1.28,30.83,25.73,5.1,83.45,10.97,14.76,8.19,1.28,27.56,0.48,36.11,33,27,2452,0.0,0.0,1.03,0.81,11.27,0.44,3.41,48.19,2.61,51.45,0.81,40.0
206,965778,Bundesliga,25/26,Eintracht Frankfurt,Arthur Theate,Defender,6.78,0.04,0.05,0.13,0.63,0.29,0.29,6.67,0.17,50.0,0.04,0.0,0.04,0.0,0.0,0.0,0.04,0.04,0.0,0.0,0.0,0.0,0.04,0.0,1.47,1.26,5.67,0.67,0.42,0.04,0.13,0.0,0.0,0.13,0.04,0.0,0.0,0.5,68.33,61.44,6.89,89.92,37.5,23.94,8.57,0.04,7.69,3.32,51.63,24,24,2143,0.34,0.0,0.63,0.55,9.41,0.0,3.49,51.88,2.14,64.56,1.34,39.51
207,246999,Bundesliga,25/26,FC Bayern München,Raphaël Guerreiro,Defender,6.77,0.56,0.38,0.0,1.34,0.56,0.56,41.67,0.34,21.43,0.56,0.0,0.0,0.45,0.11,0.0,0.11,0.0,0.0,0.0,0.0,0.0,0.0,0.0,0.78,0.22,0.78,0.11,0.0,0.0,0.11,0.0,0.0,0.11,0.34,0.22,0.11,2.13,58.84,52.68,6.16,89.52,15.8,36.87,21.86,0.0,0.0,0.45,57.14,18,8,803,0.0,0.0,0.34,0.22,10.42,1.23,1.57,31.82,1.34,32.43,0.22,28.57
208,95381,Bundesliga,25/26,Borussia M'gladbach,Kevin Stöger,Midfielder,6.77,0.07,0.17,0.13,1.54,0.47,0.74,4.35,0.2,21.43,0.0,0.07,0.0,0.07,0.0,0.07,0.0,0.0,0.07,0.0,0.0,0.07,0.07,100.0,2.48,0.94,1.21,0.13,1.14,0.0,0.0,0.0,0.0,0.07,0.4,0.07,0.0,1.74,53.83,44.5,9.33,82.67,19.6,24.9,12.95,1.14,28.33,2.35,51.47,29,15,1341,0.2,0.0,1.54,1.95,15.84,1.14,4.77,48.3,4.63,50.36,0.13,20.0
209,855663,Bundesliga,25/26,FC Union Berlin,Diogo Leite,Defender,6.77,0.0,0.06,0.09,0.46,0.05,0.23,0.0,0.27,50.0,0.0,0.0,0.0,0.0,0.0,0.0,0.05,0.05,0.0,0.0,0.0,0.0,0.0,0.0,1.51,1.96,6.58,0.46,0.55,0.0,0.0,0.0,0.05,0.23,0.0,0.0,0.0,0.41,48.38,37.01,11.38,76.49,22.48,14.53,6.03,0.14,42.86,4.11,39.65,23,23,1970,0.18,0.0,1.14,1.14,13.29,0.41,5.76,56.5,2.88,56.76,2.88,56.25
210,845742,Bundesliga,25/26,FC Heidenheim,Adrian Beck,Midfielder,6.77,0.1,0.09,0.1,1.12,0.41,0.31,9.09,1.83,60.0,0.1,0.0,0.0,0.1,0.0,0.0,0.1,0.0,0.0,0.0,0.0,0.0,0.0,0.0,1.83,0.41,0.81,0.41,1.12,0.0,0.1,0.0,0.0,0.0,0.41,0.1,0.0,1.83,39.5,33.19,6.31,84.02,14.76,18.43,9.37,0.41,26.67,1.22,66.67,24,9,884,0.1,0.0,1.32,1.43,12.32,1.63,6.11,46.88,5.09,49.5,1.02,37.04
211,253469,Bundesliga,25/26,FC St. Pauli,Hauke Wahl,Defender,6.76,0.07,0.02,0.03,0.35,0.14,0.17,20.0,0.07,50.0,0.07,0.0,0.03,0.0,0.03,0.0,0.14,0.0,0.0,0.0,0.0,0.0,0.0,0.0,1.49,1.04,5.63,0.66,0.42,0.07,0.07,0.03,0.0,0.17,0.03,0.03,0.0,0.21,55.16,47.62,7.54,86.34,29.59,18.03,6.39,0.03,8.33,2.15,37.8,30,29,2591,0.03,0.0,0.38,0.45,8.93,0.14,3.89,54.37,1.98,67.06,1.91,45.45
212,1020422,Bundesliga,25/26,SC Freiburg,Yuito Suzuki,Midfielder,6.76,0.22,0.21,0.28,2.09,0.77,0.72,10.53,0.99,52.94,0.22,0.0,0.0,0.0,0.22,0.11,0.11,0.0,0.0,0.0,0.0,0.0,0.0,0.0,1.1,0.55,0.55,0.06,0.33,0.0,0.0,0.0,0.0,0.0,0.11,0.11,0.0,1.38,22.28,17.27,5.01,77.53,5.56,11.72,7.43,0.33,30.0,0.83,62.5,25,18,1636,0.17,0.0,1.05,0.55,10.56,1.93,3.14,37.75,2.64,39.67,0.5,30.0
213,1198074,Bundesliga,25/26,FC Union Berlin,Aljoscha Kemlein,Midfielder,6.76,0.0,0.05,0.05,0.78,0.09,0.37,0.0,0.78,70.83,0.0,0.0,0.0,0.0,0.0,0.0,0.0,0.0,0.0,0.0,0.0,0.0,0.0,0.0,1.83,0.73,1.37,0.23,1.1,0.0,0.05,0.0,0.0,0.09,0.14,0.09,0.05,0.69,44.15,33.9,10.25,76.79,16.52,17.39,8.42,0.09,22.22,2.75,48.39,30,23,1967,0.18,0.0,1.01,0.5,12.77,0.78,4.48,52.41,3.07,49.26,1.42,60.78
214,1142211,Bundesliga,25/26,Eintracht Frankfurt,Hugo Larsson,Midfielder,6.76,0.1,0.07,0.0,0.64,0.3,0.2,15.38,0.2,44.44,0.1,0.0,0.05,0.0,0.05,0.0,0.0,0.0,0.0,0.0,0.0,0.0,0.0,0.0,0.94,1.53,1.92,0.25,0.54,0.0,0.05,0.05,0.0,0.1,0.05,0.1,0.0,0.94,50.77,44.06,6.71,86.78,22.2,21.86,9.33,0.2,44.44,2.32,57.32,25,21,1824,0.0,0.0,0.35,0.1,8.59,0.3,1.68,45.95,1.23,47.17,0.44,42.86
215,78781,Bundesliga,25/26,FC Köln,Florian Kainz,Midfielder,6.76,0.33,0.25,0.65,2.61,0.98,0.65,12.5,0.98,100.0,0.0,0.33,0.0,0.0,0.33,0.0,0.0,0.0,0.0,0.0,0.0,0.33,0.33,100.0,1.3,1.3,1.3,0.0,1.3,0.0,0.0,0.0,0.0,0.0,0.0,0.33,0.0,2.93,59.02,48.59,10.43,82.32,14.35,34.24,20.22,2.28,31.82,2.61,57.14,15,2,276,0.33,0.0,1.63,1.3,17.93,1.3,3.91,48.0,3.59,47.83,0.33,50.0
216,979144,Bundesliga,25/26,Borussia M'gladbach,Luca Netz,Defender,6.76,0.0,0.0,0.0,0.19,0.0,0.0,0.0,0.86,56.25,0.0,0.0,0.0,0.0,0.0,0.0,0.0,0.0,0.0,0.0,0.0,0.0,0.0,0.0,1.53,0.48,3.63,0.48,0.86,0.0,0.0,0.0,0.0,0.48,0.38,0.19,0.0,0.95,33.79,25.96,7.83,76.84,13.74,12.22,6.3,0.67,26.92,0.95,22.22,15,10,943,0.1,0.0,0.76,0.19,12.69,0.57,3.34,48.61,2.58,48.21,0.76,50.0
217,142390,Bundesliga,25/26,Bayer 04 Leverkusen,Jonas Hofmann,Forward,6.76,0.18,0.14,0.09,2.04,0.62,0.89,8.7,0.62,63.64,0.18,0.0,0.09,0.0,0.09,0.09,0.18,0.09,0.0,0.0,0.0,0.0,0.0,0.0,1.15,0.18,1.15,0.0,0.62,0.0,0.27,0.0,0.0,0.18,0.44,0.18,0.0,1.42,48.5,40.52,7.98,83.55,15.52,25.0,12.77,0.27,8.11,1.51,62.96,23,11,1015,0.27,0.0,0.44,0.8,13.83,0.62,2.93,55.0,2.57,56.86,0.35,44.44
218,815612,Bundesliga,25/26,SV Werder Bremen,Marco Grüll,Forward,6.76,0.13,0.16,0.13,1.92,0.58,0.71,6.98,0.94,48.84,0.13,0.0,0.0,0.09,0.04,0.13,0.09,0.0,0.0,0.0,0.0,0.0,0.13,0.0,1.69,0.67,1.11,0.31,0.89,0.0,0.0,0.0,0.0,0.13,0.04,0.04,0.0,1.47,27.45,21.16,6.28,77.11,6.91,14.26,8.82,0.8,25.0,0.58,50.0,33,23,2020,0.22,0.0,1.47,1.2,14.57,1.34,4.5,43.91,3.83,45.26,0.67,37.5
219,111483,Bundesliga,25/26,FC Augsburg,Michael Gregoritsch,Forward,6.76,0.58,0.51,0.58,2.82,0.97,1.36,20.69,0.19,18.18,0.49,0.1,0.1,0.39,0.1,0.39,0.39,0.0,0.1,0.1,100.0,0.0,0.1,0.0,0.49,0.49,1.46,0.49,0.49,0.0,0.0,0.0,0.0,0.0,0.29,0.19,0.0,0.68,17.28,9.61,7.67,55.62,2.82,6.8,4.37,0.19,33.33,0.49,45.45,17,11,927,0.19,0.0,0.49,1.65,12.52,0.78,5.34,39.86,2.23,46.0,3.11,36.36
220,608362,Bundesliga,25/26,FC Union Berlin,Oliver Burke,Forward,6.75,0.32,0.28,0.32,1.76,0.8,0.69,18.18,0.59,31.43,0.27,0.05,0.0,0.11,0.16,0.0,0.43,0.0,0.0,0.0,0.0,0.0,0.0,0.0,0.64,0.27,0.27,0.11,0.53,0.0,0.0,0.0,0.0,0.0,0.16,0.11,0.0,1.17,18.52,13.36,5.16,72.13,3.57,9.79,6.44,0.69,34.21,0.21,66.67,29,21,1691,0.21,0.0,0.53,0.43,11.34,1.06,3.25,38.36,1.65,33.33,1.6,45.45
221,1085381,Bundesliga,25/26,FC Bayern München,Nicolas Jackson,Forward,6.75,0.69,0.63,0.87,3.3,1.82,0.87,21.05,0.95,36.67,0.69,0.0,0.09,0.17,0.43,0.09,0.69,0.09,0.0,0.0,0.0,0.0,0.0,0.0,0.69,0.35,0.35,0.0,0.35,0.0,0.0,0.0,0.0,0.09,0.35,0.09,0.0,1.56,27.77,22.65,5.12,81.56,4.34,18.31,13.02,0.0,0.0,0.26,75.0,23,12,1037,0.17,0.09,1.3,0.87,11.63,1.39,3.12,36.73,2.52,34.94,0.61,46.67
222,1165722,Bundesliga,25/26,SV Werder Bremen,Skelly Alvero,Midfielder,6.75,0.0,0.0,0.0,0.0,0.0,0.0,0.0,0.0,0.0,0.0,0.0,0.0,0.0,0.0,0.0,0.0,0.0,0.0,0.0,0.0,0.0,0.0,0.0,0.0,2.43,7.3,2.43,0.0,0.0,0.0,0.0,0.0,0.0,0.0,0.0,0.0,0.0,58.38,55.95,2.43,95.83,38.92,17.03,4.86,0.0,0.0,2.43,50.0,2,0,37,0.0,0.0,0.0,2.43,2.43,0.0,2.43,100.0,2.43,100.0,0.0,0.0
223,973564,Bundesliga,25/26,Hamburger SV,Nicolás Capaldo,Defender,6.75,0.04,0.09,0.18,0.99,0.27,0.4,4.55,0.45,41.67,0.04,0.0,0.0,0.0,0.04,0.09,0.09,0.0,0.0,0.0,0.0,0.0,0.0,0.0,3.05,1.57,2.82,0.27,1.12,0.04,0.04,0.04,0.0,0.09,0.09,0.13,0.0,0.99,33.6,26.12,7.48,77.73,13.17,12.95,5.06,0.27,30.0,1.03,31.51,26,24,2009,0.45,0.0,1.39,2.06,11.02,0.85,7.21,56.89,5.51,58.57,1.7,52.05
224,1134083,Bundesliga,25/26,Borussia Dortmund,Jobe Bellingham,Midfielder,6.75,0.0,0.05,0.0,0.95,0.3,0.2,0.0,0.75,48.39,0.0,0.0,0.0,0.0,0.0,0.0,0.0,0.0,0.0,0.0,0.0,0.0,0.0,0.0,2.2,1.9,1.25,0.4,0.45,0.05,0.05,0.0,0.0,0.2,0.1,0.05,0.0,0.45,52.4,45.8,6.6,87.4,19.4,26.4,12.6,0.0,0.0,1.75,63.64,32,20,1800,0.1,0.05,0.75,1.0,10.4,1.3,5.15,55.38,3.95,54.86,1.2,57.14
225,989056,Bundesliga,25/26,Borussia M'gladbach,Giovanni Reyna,Midfielder,6.75,0.17,0.11,0.0,1.2,0.34,0.17,14.29,1.71,55.56,0.17,0.0,0.0,0.0,0.17,0.17,0.0,0.0,0.0,0.0,0.0,0.0,0.17,0.0,1.54,0.86,1.88,0.17,0.34,0.0,0.0,0.0,0.0,0.0,0.0,0.0,0.0,2.22,50.48,42.6,7.87,84.41,17.79,24.81,13.17,0.34,25.0,1.88,61.11,19,4,526,0.17,0.0,0.86,1.71,14.71,1.71,5.65,44.59,4.96,53.7,0.68,20.0
226,990209,Bundesliga,25/26,Borussia M'gladbach,Yannick Engelhardt,Midfielder,6.75,0.07,0.08,0.04,0.76,0.18,0.43,9.52,0.22,54.55,0.07,0.0,0.0,0.0,0.07,0.04,0.0,0.0,0.0,0.0,0.0,0.0,0.0,0.0,1.55,1.23,1.66,0.4,1.23,0.0,0.04,0.04,0.0,0.4,0.04,0.07,0.0,0.5,47.83,41.16,6.67,86.06,24.47,16.69,5.69,0.11,50.0,1.12,46.27,31,29,2497,0.25,0.0,1.48,1.23,8.58,0.65,4.33,49.38,2.99,46.63,1.33,56.92
227,1112327,Bundesliga,25/26,FC Köln,Ísak Bergmann Jóhannesson,Midfielder,6.75,0.05,0.07,0.0,0.65,0.2,0.3,7.69,0.3,85.71,0.05,0.0,0.0,0.05,0.0,0.0,0.1,0.0,0.0,0.0,0.0,0.0,0.15,0.0,1.34,0.4,1.09,0.3,0.79,0.0,0.05,0.0,0.0,0.0,0.1,0.1,0.05,1.69,44.95,37.65,7.3,83.76,15.99,21.66,11.03,1.14,35.94,2.43,44.95,31,21,1812,0.3,0.0,0.7,0.25,10.78,0.35,2.38,48.0,1.89,50.0,0.5,41.67
228,885892,Bundesliga,25/26,FC St. Pauli,James Sands,Midfielder,6.75,0.05,0.05,0.0,0.74,0.19,0.42,6.25,0.09,40.0,0.05,0.0,0.05,0.0,0.0,0.0,0.0,0.0,0.0,0.0,0.0,0.0,0.0,0.0,1.95,1.95,1.85,0.32,0.56,0.0,0.0,0.0,0.0,0.19,0.09,0.0,0.0,0.46,40.85,30.83,10.02,75.48,13.96,16.88,7.7,0.14,33.33,0.88,26.76,24,23,1941,0.19,0.0,1.21,1.76,12.33,0.79,6.45,56.97,3.62,57.78,2.83,55.96
229,1010726,Bundesliga,25/26,FC Köln,Jan Uwe Thielmann,Midfielder,6.75,0.17,0.13,0.17,1.62,0.64,0.41,10.71,0.46,33.33,0.17,0.0,0.0,0.06,0.12,0.0,0.23,0.0,0.0,0.0,0.0,0.0,0.0,0.0,1.04,0.87,2.55,0.17,0.7,0.0,0.0,0.0,0.0,0.0,0.06,0.06,0.0,0.81,23.53,17.68,5.85,75.12,7.01,10.66,6.37,0.7,33.33,1.51,44.07,26,20,1553,0.23,0.0,0.64,1.33,10.72,0.93,3.88,48.91,2.78,46.6,1.1,55.88
230,830803,Bundesliga,25/26,FC Union Berlin,Danilho Doekhi,Defender,6.75,0.15,0.12,0.12,1.35,0.32,0.85,10.87,0.09,75.0,0.15,0.0,0.06,0.03,0.06,0.03,0.03,0.0,0.0,0.0,0.0,0.0,0.0,0.0,1.29,1.18,5.56,0.71,0.41,0.0,0.03,0.0,0.0,0.21,0.0,0.0,0.0,0.24,37.0,28.62,8.38,77.34,18.47,10.15,3.79,0.03,16.67,2.21,33.63,34,34,3060,0.12,0.0,0.82,0.44,9.74,0.15,6.38,62.9,1.79,56.48,4.59,65.82
231,916943,Bundesliga,25/26,VfB Stuttgart,Ramon Hendriks,Defender,6.75,0.0,0.01,0.0,0.22,0.0,0.18,0.0,0.35,100.0,0.0,0.0,0.0,0.0,0.0,0.0,0.0,0.0,0.0,0.0,0.0,0.0,0.0,0.0,1.55,0.93,3.36,0.49,0.4,0.09,0.13,0.0,0.0,0.27,0.04,0.13,0.0,0.27,54.54,49.32,5.22,90.42,28.02,21.29,6.77,0.27,30.0,1.51,49.28,31,22,2033,0.13,0.0,0.75,1.11,9.12,0.35,4.91,67.68,2.97,67.68,1.95,67.69
232,1107591,Bundesliga,25/26,VfL Wolfsburg,Mohamed Amoura,Forward,6.74,0.37,0.4,0.51,2.79,0.88,1.44,13.33,0.74,34.04,0.37,0.0,0.05,0.09,0.23,0.0,0.56,0.09,0.05,0.05,100.0,0.0,0.0,0.0,1.77,0.33,0.88,0.05,1.26,0.05,0.0,0.0,0.0,0.0,0.33,0.14,0.0,1.16,22.98,16.0,6.98,69.64,5.77,10.23,6.09,0.19,12.12,0.84,60.0,30,23,1935,0.09,0.0,0.98,0.51,13.95,0.79,4.19,38.96,3.02,40.37,1.16,35.71
233,1066042,Bundesliga,25/26,FC Heidenheim,Julian Niehues,Midfielder,6.74,0.19,0.08,0.06,1.22,0.32,0.52,15.79,0.32,55.56,0.13,0.06,0.0,0.13,0.06,0.06,0.13,0.0,0.0,0.0,0.0,0.0,0.0,0.0,1.1,1.35,2.58,0.45,0.84,0.06,0.0,0.0,0.0,0.0,0.06,0.0,0.0,0.45,39.36,32.28,7.09,82.0,18.17,14.11,4.9,0.06,33.33,2.13,47.14,24,17,1397,0.06,0.0,0.64,0.58,9.53,0.45,3.61,51.85,2.0,48.44,1.61,56.82
234,137692,Bundesliga,25/26,FC Union Berlin,Frederik Rønnow,Goalkeeper,6.74,0.0,0.0,0.0,0.0,0.0,0.0,0.0,0.0,0.0,0.0,0.0,0.0,0.0,0.0,0.0,0.0,0.0,0.0,0.0,0.0,0.0,0.0,0.0,0.03,0.03,0.99,0.0,0.14,0.07,0.1,0.03,0.0,0.17,0.0,0.0,0.0,0.07,31.62,17.65,13.97,55.82,11.42,6.24,2.49,0.0,0.0,8.18,37.09,30,30,2641,0.07,0.0,0.03,0.1,14.11,0.0,0.37,68.75,0.14,44.44,0.24,100.0
235,252343,Bundesliga,25/26,FC St. Pauli,Adam Dźwigała,Defender,6.74,0.07,0.01,0.0,0.28,0.14,0.14,25.0,0.21,75.0,0.07,0.0,0.0,0.0,0.07,0.0,0.0,0.0,0.0,0.0,0.0,0.0,0.0,0.0,3.2,1.6,5.42,0.35,0.76,0.0,0.0,0.0,0.0,0.07,0.0,0.07,0.0,0.35,43.44,35.17,8.27,80.96,20.64,14.53,5.0,0.07,50.0,1.95,37.33,19,14,1295,0.35,0.0,1.39,0.42,9.38,0.0,5.98,56.95,3.82,63.22,2.15,48.44
236,927405,Bundesliga,25/26,FC Union Berlin,Woo-Yeong Jeong,Forward,6.74,0.3,0.2,0.15,1.64,0.6,0.6,18.18,0.52,38.89,0.3,0.0,0.07,0.22,0.0,0.0,0.3,0.0,0.0,0.0,0.0,0.0,0.0,0.0,1.34,0.52,1.34,0.0,0.6,0.0,0.0,0.0,0.0,0.0,0.0,0.07,0.0,0.45,24.55,18.58,5.97,75.68,6.94,11.64,6.57,0.37,16.13,0.37,35.71,28,13,1206,0.0,0.0,0.97,1.49,12.24,0.9,4.1,45.08,3.36,51.72,0.75,28.57
237,876858,Bundesliga,25/26,Borussia M'gladbach,Robin Hack,Midfielder,6.73,0.28,0.33,0.0,3.12,1.14,1.14,9.09,0.85,42.86,0.28,0.0,0.0,0.0,0.28,0.0,0.28,0.0,0.0,0.0,0.0,0.0,0.0,0.0,0.57,0.28,1.42,0.0,0.57,0.0,0.0,0.0,0.0,0.28,0.28,0.0,0.28,3.69,34.64,28.96,5.68,83.61,7.67,21.29,13.34,1.42,35.71,0.85,60.0,8,3,317,0.28,0.0,1.14,0.85,16.47,2.84,2.56,25.0,2.27,28.57,0.28,12.5
238,1008245,Bundesliga,25/26,Borussia M'gladbach,Oscar Fraulo,Midfielder,6.73,1.64,0.47,0.0,1.64,1.64,0.0,100.0,0.0,0.0,1.64,0.0,0.0,0.0,1.64,0.0,0.0,0.0,0.0,0.0,0.0,0.0,0.0,0.0,1.64,1.64,3.27,1.64,1.64,0.0,0.0,0.0,0.0,0.0,0.0,0.0,0.0,0.0,27.82,27.82,0.0,100.0,11.45,16.36,8.18,0.0,0.0,3.27,100.0,4,0,55,0.0,0.0,4.91,0.0,3.27,1.64,1.64,14.29,1.64,16.67,0.0,0.0
239,983540,Bundesliga,25/26,VfB Stuttgart,Tiago Tomás,Forward,6.73,0.43,0.52,0.43,3.03,0.87,1.39,14.29,1.13,38.24,0.43,0.0,0.09,0.0,0.35,0.09,0.35,0.17,0.0,0.0,0.0,0.0,0.0,0.0,1.3,0.43,0.87,0.17,0.26,0.0,0.0,0.0,0.0,0.0,0.17,0.26,0.0,0.95,26.07,20.62,5.46,79.07,5.02,15.59,9.01,0.26,25.0,0.35,40.0,27,10,1039,0.35,0.0,1.04,2.51,12.91,1.47,5.8,47.86,4.94,52.29,0.87,32.26
240,1010117,Bundesliga,25/26,TSG Hoffenheim,Fisnik Asllani,Forward,6.73,0.38,0.32,0.31,2.79,1.07,1.15,13.7,0.65,42.5,0.31,0.08,0.08,0.15,0.15,0.08,0.54,0.04,0.0,0.0,0.0,0.0,0.0,0.0,0.65,0.27,0.8,0.0,0.69,0.0,0.0,0.0,0.0,0.0,0.31,0.27,0.04,1.38,24.93,17.09,7.84,68.56,5.77,11.32,6.58,0.11,33.33,0.5,46.43,33,31,2354,0.08,0.0,0.99,1.41,13.23,1.19,3.59,37.01,2.68,42.94,0.92,26.37
241,1418649,Bundesliga,25/26,VfB Stuttgart,Finn Jeltsch,Defender,6.73,0.0,0.01,0.0,0.18,0.0,0.12,0.0,0.3,71.43,0.0,0.0,0.0,0.0,0.0,0.0,0.18,0.0,0.0,0.0,0.0,0.0,0.0,0.0,1.43,1.13,4.11,0.83,0.71,0.06,0.3,0.06,0.0,0.36,0.0,0.06,0.0,0.3,62.14,56.43,5.71,90.8,32.68,23.75,7.5,0.0,0.0,1.85,48.44,23,17,1512,0.18,0.0,0.77,0.95,7.2,0.3,4.4,55.22,2.68,59.21,1.73,50.0
242,1513469,Bundesliga,25/26,FC Union Berlin,Livan Burcu,Forward,6.73,0.14,0.22,0.41,2.2,0.41,1.1,6.25,2.06,46.88,0.0,0.14,0.0,0.0,0.14,0.0,0.14,0.0,0.0,0.0,0.0,0.0,0.41,0.0,1.65,0.27,1.24,0.0,0.41,0.0,0.0,0.0,0.0,0.0,0.0,0.14,0.0,1.24,28.58,22.81,5.77,79.81,9.76,13.05,8.52,0.55,26.67,0.96,53.85,18,6,655,0.55,0.0,0.82,1.92,15.39,1.65,5.63,46.59,5.5,51.28,0.14,10.0
243,1184855,Bundesliga,25/26,VfL Wolfsburg,Konstantinos Koulierakis,Defender,6.73,0.14,0.12,0.14,0.94,0.43,0.29,15.38,0.11,42.86,0.14,0.0,0.14,0.0,0.0,0.04,0.0,0.0,0.0,0.0,0.0,0.0,0.04,0.0,1.41,1.34,5.86,0.54,0.33,0.04,0.04,0.14,0.04,0.07,0.11,0.04,0.0,0.51,53.68,45.25,8.43,84.3,30.39,14.87,5.32,0.33,45.0,3.26,39.47,29,27,2488,0.18,0.0,1.05,0.47,9.84,0.18,4.23,56.8,1.95,56.84,2.28,56.76
244,149479,Bundesliga,25/26,FC Union Berlin,Rani Khedira,Midfielder,6.72,0.16,0.06,0.03,0.73,0.32,0.16,21.74,0.1,23.08,0.16,0.0,0.0,0.0,0.16,0.0,0.06,0.03,0.0,0.0,0.0,0.0,0.0,0.0,1.87,1.17,2.13,0.16,0.57,0.03,0.0,0.0,0.0,0.19,0.13,0.03,0.0,0.51,20.83,13.87,6.95,66.62,7.27,6.6,3.62,0.22,26.92,0.67,27.63,32,32,2835,0.22,0.0,1.65,0.57,9.3,0.48,3.71,46.99,2.51,46.2,1.21,48.72
245,886737,Bundesliga,25/26,FC Union Berlin,Derrick Köhn,Midfielder,6.72,0.05,0.1,0.09,1.32,0.24,0.66,3.57,0.52,42.31,0.05,0.0,0.0,0.05,0.0,0.09,0.28,0.0,0.05,0.05,100.0,0.0,0.24,0.0,1.6,0.38,1.88,0.24,0.42,0.0,0.05,0.0,0.0,0.14,0.24,0.09,0.05,1.23,26.25,20.03,6.22,76.3,9.24,10.79,5.98,1.46,26.96,1.51,36.78,29,21,1910,0.24,0.05,1.55,0.75,15.27,1.08,3.16,44.08,2.87,43.57,0.28,50.0
246,921033,Bundesliga,25/26,FC Köln,Linton Maina,Midfielder,6.72,0.17,0.12,0.09,1.75,0.7,0.61,10.0,0.79,42.86,0.0,0.17,0.0,0.17,0.0,0.0,0.09,0.0,0.0,0.0,0.0,0.0,0.0,0.0,0.79,0.35,0.52,0.17,0.96,0.0,0.0,0.0,0.0,0.0,0.52,0.0,0.0,1.49,26.76,22.65,4.11,84.64,6.73,15.92,10.32,0.35,15.38,0.61,53.85,24,9,1029,0.0,0.0,0.7,0.61,9.45,0.96,2.27,36.11,2.19,37.31,0.09,20.0
247,1088896,Bundesliga,25/26,RB Leipzig,Johan Bakayoko,Forward,6.72,0.23,0.24,0.35,2.77,1.04,0.69,8.33,1.73,48.39,0.12,0.12,0.0,0.23,0.0,0.35,0.35,0.12,0.0,0.0,0.0,0.0,0.0,0.0,0.58,0.23,0.35,0.0,0.69,0.0,0.0,0.0,0.0,0.12,0.12,0.0,0.0,1.04,33.16,27.38,5.78,82.58,10.74,16.64,9.13,0.35,20.0,0.46,36.36,20,8,779,0.12,0.0,1.27,1.27,12.36,1.04,3.81,39.76,3.58,43.06,0.23,18.18
248,826069,Bundesliga,25/26,VfL Wolfsburg,Jonas Wind,Forward,6.72,0.19,0.22,0.56,1.69,1.12,0.38,11.11,0.38,66.67,0.19,0.0,0.0,0.19,0.0,0.38,0.38,0.0,0.0,0.0,0.0,0.0,0.0,0.0,0.0,0.0,0.94,0.19,0.38,0.0,0.0,0.0,0.0,0.0,0.0,0.0,0.0,0.94,27.19,17.25,9.94,63.45,5.62,11.63,8.25,0.0,0.0,0.56,50.0,11,5,480,0.19,0.0,0.38,2.62,12.56,0.75,6.75,50.0,3.0,66.67,3.75,41.67
249,887500,Bundesliga,25/26,FC St. Pauli,Danel Sinani,Forward,6.72,0.22,0.22,0.13,2.22,0.78,0.7,9.8,0.52,38.71,0.17,0.04,0.0,0.22,0.0,0.04,0.44,0.0,0.13,0.13,100.0,0.04,0.13,33.33,1.09,0.3,0.57,0.04,0.44,0.0,0.0,0.0,0.0,0.09,0.22,0.13,0.04,2.05,41.52,30.81,10.71,74.21,11.4,19.41,11.58,1.35,22.96,1.13,32.5,30,23,2068,0.17,0.0,1.7,1.18,20.02,1.52,3.26,34.56,2.79,39.02,0.48,20.75
250,1016810,Bundesliga,25/26,VfL Wolfsburg,Kevin Paredes,Midfielder,6.72,0.0,0.03,0.0,1.05,0.52,0.52,0.0,1.05,33.33,0.0,0.0,0.0,0.0,0.0,0.0,0.0,0.0,0.0,0.0,0.0,0.0,0.0,0.0,2.09,1.05,4.19,1.05,0.0,0.0,0.0,0.0,0.0,0.0,0.0,0.0,0.0,0.52,29.3,23.02,6.28,78.57,6.8,16.22,10.47,1.05,28.57,1.57,75.0,6,1,172,0.52,0.0,1.05,3.14,14.65,2.09,8.37,57.14,6.28,54.55,2.09,66.67
251,537552,Bundesliga,25/26,FSV Mainz 05,Jae-sung Lee,Midfielder,6.72,0.16,0.13,0.16,1.23,0.37,0.37,13.33,0.2,33.33,0.16,0.0,0.08,0.04,0.04,0.04,0.37,0.04,0.0,0.0,0.0,0.0,0.0,0.0,1.56,1.02,1.43,0.04,0.94,0.04,0.04,0.0,0.0,0.04,0.29,0.08,0.0,0.9,27.56,21.29,6.26,77.27,9.7,11.59,6.96,0.29,21.88,0.94,48.94,28,26,2198,0.16,0.0,0.78,0.86,10.73,0.9,4.42,44.08,2.62,47.41,1.8,40.0
252,957615,Bundesliga,25/26,TSG Hoffenheim,Robin Hranáč,Defender,6.72,0.04,0.09,0.12,0.32,0.12,0.12,12.5,0.08,50.0,0.04,0.0,0.04,0.0,0.0,0.04,0.0,0.0,0.0,0.0,0.0,0.0,0.0,0.0,1.0,0.68,6.2,0.72,0.28,0.04,0.04,0.0,0.0,0.24,0.0,0.0,0.0,0.12,50.58,43.66,6.92,86.32,29.91,13.75,4.6,0.04,16.67,2.2,43.31,29,26,2251,0.2,0.0,1.04,0.4,7.88,0.08,4.76,58.05,1.44,50.7,3.32,61.94
253,181581,Bundesliga,25/26,FC St. Pauli,Jackson Irvine,Midfielder,6.71,0.0,0.08,0.06,1.05,0.22,0.5,0.0,0.55,55.56,0.0,0.0,0.0,0.0,0.0,0.0,0.06,0.0,0.0,0.0,0.0,0.0,0.0,0.0,1.88,1.49,2.81,0.44,0.55,0.0,0.06,0.0,0.0,0.17,0.17,0.06,0.0,0.61,37.89,27.24,10.64,71.91,11.42,15.83,9.49,0.11,16.67,1.27,43.4,24,18,1632,0.0,0.06,1.1,0.66,13.95,0.66,5.68,52.02,3.09,53.85,2.59,50.0
254,1002461,Bundesliga,25/26,FC St. Pauli,Joel Chima Fujita,Midfielder,6.71,0.03,0.04,0.03,1.04,0.24,0.47,3.23,1.58,55.29,0.03,0.0,0.0,0.0,0.03,0.03,0.13,0.0,0.0,0.0,0.0,0.0,0.0,0.0,2.29,1.11,0.61,0.13,1.21,0.0,0.1,0.0,0.0,0.17,0.17,0.1,0.0,1.01,39.63,30.39,9.23,76.7,12.16,18.23,9.7,0.13,14.81,1.15,31.48,32,31,2671,0.2,0.0,1.25,0.64,15.4,1.15,4.99,47.44,4.52,48.38,0.47,40.0
255,293127,Bundesliga,25/26,VfL Wolfsburg,Denis Vavro,Defender,6.71,0.07,0.07,0.15,0.89,0.37,0.37,8.33,0.15,100.0,0.07,0.0,0.07,0.0,0.0,0.0,0.0,0.0,0.0,0.0,0.0,0.0,0.07,0.0,0.6,1.04,10.56,0.67,0.82,0.0,0.0,0.15,0.0,0.07,0.0,0.0,0.0,0.22,38.53,32.88,5.65,85.33,23.13,9.74,3.27,0.15,50.0,2.16,38.67,17,13,1210,0.15,0.0,0.67,0.37,6.17,0.0,3.42,54.76,1.04,42.42,2.38,62.75
256,848458,Bundesliga,25/26,FSV Mainz 05,Arnaud Nordin,Forward,6.71,0.0,0.15,0.0,2.47,0.38,1.33,0.0,0.76,40.0,0.0,0.0,0.0,0.0,0.0,0.38,0.19,0.0,0.0,0.0,0.0,0.0,0.0,0.0,1.9,0.76,1.14,0.19,0.57,0.0,0.0,0.0,0.0,0.0,0.0,0.0,0.0,0.57,30.38,25.06,5.32,82.5,8.54,16.52,7.78,0.57,16.67,0.95,50.0,13,5,474,0.0,0.0,0.76,2.47,13.86,0.57,5.51,52.73,5.13,62.79,0.38,16.67
257,259803,Bundesliga,25/26,Borussia M'gladbach,Haris Tabaković,Forward,6.71,0.49,0.49,0.38,2.52,1.02,0.9,19.4,0.23,37.5,0.49,0.0,0.19,0.15,0.15,0.08,1.05,0.0,0.08,0.0,0.0,0.0,0.0,0.0,0.38,0.0,2.26,0.19,0.34,0.0,0.0,0.0,0.0,0.11,0.04,0.08,0.0,0.6,18.23,12.33,5.9,67.63,5.34,6.99,3.42,0.0,0.0,0.11,60.0,32,28,2394,0.19,0.0,1.8,0.75,10.38,1.09,5.19,41.44,1.24,26.83,3.95,50.0
258,1180758,Bundesliga,25/26,VfL Wolfsburg,Adam Daghim,Forward,6.71,0.13,0.16,0.33,1.76,0.59,0.59,7.41,1.11,34.69,0.13,0.0,0.0,0.13,0.0,0.07,0.26,0.0,0.0,0.0,0.0,0.0,0.0,0.0,1.69,0.85,1.82,0.13,1.17,0.0,0.0,0.0,0.0,0.07,0.39,0.2,0.0,1.17,25.87,17.27,8.6,66.75,3.85,13.43,9.45,0.2,15.0,0.33,19.23,27,12,1381,0.2,0.0,1.17,1.5,16.88,1.17,5.54,44.5,4.3,44.59,1.24,44.19
259,2029648,Bundesliga,25/26,Bayer 04 Leverkusen,Christian Kofane,Forward,6.71,0.35,0.48,0.78,3.26,1.35,1.42,10.87,0.5,58.33,0.28,0.07,0.0,0.07,0.28,0.07,0.21,0.07,0.0,0.0,0.0,0.0,0.0,0.0,0.92,0.14,1.21,0.07,0.14,0.0,0.0,0.0,0.0,0.07,0.21,0.28,0.0,1.21,14.4,11.91,2.48,82.76,3.55,8.37,5.74,0.0,0.0,0.0,0.0,29,12,1269,0.21,0.0,2.13,1.21,6.74,1.28,4.82,42.77,2.55,41.38,2.27,44.44
260,909485,Bundesliga,25/26,FC Heidenheim,Marvin Pieringer,Forward,6.71,0.22,0.32,0.38,1.74,0.44,1.14,12.5,0.87,55.17,0.22,0.0,0.05,0.0,0.16,0.05,0.6,0.05,0.05,0.05,100.0,0.0,0.0,0.0,1.09,0.54,1.69,0.05,0.49,0.0,0.0,0.0,0.0,0.0,0.16,0.05,0.0,0.87,20.85,14.16,6.7,67.89,6.53,7.62,4.95,0.16,18.75,0.27,20.83,27,20,1653,0.11,0.0,2.01,1.47,12.58,1.03,6.81,46.64,3.32,44.85,3.48,48.48
261,1010231,Bundesliga,25/26,FC Bayern München,Jamal Musiala,Midfielder,6.71,0.39,0.63,0.53,3.94,1.18,1.18,10.0,2.76,52.5,0.39,0.0,0.13,0.0,0.26,0.26,0.0,0.0,0.13,0.13,100.0,0.0,0.0,0.0,1.45,0.26,0.13,0.0,1.18,0.13,0.0,0.0,0.0,0.0,0.39,0.53,0.0,2.23,38.36,32.58,5.78,84.93,7.75,24.83,15.77,0.0,0.0,0.13,33.33,15,7,685,0.13,0.0,0.66,2.36,17.34,2.89,6.83,48.6,6.57,47.62,0.26,100.0
262,1995809,Bundesliga,25/26,Borussia M'gladbach,Wael Mohya,Midfielder,6.7,0.32,0.15,0.0,1.6,0.8,0.16,20.0,0.48,20.0,0.32,0.0,0.0,0.0,0.32,0.16,0.0,0.0,0.0,0.0,0.0,0.0,0.0,0.0,1.28,0.16,0.32,0.16,0.64,0.0,0.0,0.0,0.0,0.0,0.0,0.16,0.0,0.64,27.86,23.06,4.8,82.76,7.37,15.69,8.97,0.0,0.0,0.48,37.5,15,6,562,0.16,0.0,0.64,2.08,12.65,1.92,4.64,42.03,3.84,42.86,0.8,38.46
263,280631,Bundesliga,25/26,VfL Wolfsburg,Václav Černý,Midfielder,6.7,0.0,0.06,0.0,1.96,0.0,0.0,0.0,1.96,50.0,0.0,0.0,0.0,0.0,0.0,0.0,0.0,0.0,0.0,0.0,0.0,0.0,0.0,0.0,0.0,0.0,3.91,0.0,1.96,0.0,0.0,0.0,0.0,0.0,0.0,0.0,0.0,0.0,13.7,9.78,3.91,71.43,7.83,1.96,1.96,0.0,0.0,0.0,0.0,2,0,46,0.0,0.0,0.0,3.91,11.74,0.0,7.83,57.14,5.87,60.0,1.96,50.0
264,953767,Bundesliga,25/26,FC Union Berlin,Andrej Ilić,Forward,6.7,0.2,0.45,0.6,2.87,1.04,1.28,6.94,0.28,33.33,0.16,0.04,0.12,0.0,0.08,0.12,0.64,0.08,0.04,0.0,0.0,0.0,0.0,0.0,0.16,0.04,1.32,0.24,0.36,0.0,0.0,0.0,0.0,0.08,0.28,0.36,0.0,1.2,17.19,9.41,7.78,54.76,2.43,6.98,4.39,0.08,11.11,0.08,18.18,32,24,2256,0.2,0.0,1.52,1.28,13.16,1.44,8.5,41.93,1.72,32.09,6.78,45.45
265,1134525,Bundesliga,25/26,FSV Mainz 05,Ben Bobzien,Forward,6.7,0.0,0.0,0.0,0.0,0.0,0.0,0.0,0.0,0.0,0.0,0.0,0.0,0.0,0.0,0.0,0.0,0.0,0.0,0.0,0.0,0.0,0.0,0.0,20.0,0.0,0.0,0.0,0.0,0.0,0.0,0.0,0.0,0.0,0.0,0.0,0.0,0.0,100.0,90.0,10.0,90.0,50.0,40.0,30.0,0.0,0.0,0.0,0.0,1,0,9,0.0,0.0,0.0,0.0,40.0,10.0,20.0,66.67,20.0,66.67,0.0,0.0
266,835480,Bundesliga,25/26,RB Leipzig,Loïs Openda,Forward,6.7,0.0,0.2,0.0,4.91,0.0,0.0,0.0,1.64,33.33,0.0,0.0,0.0,0.0,0.0,0.0,0.0,0.0,0.0,0.0,0.0,0.0,1.64,0.0,0.0,0.0,0.0,0.0,0.0,0.0,0.0,0.0,0.0,0.0,0.0,0.0,0.0,1.64,24.55,21.27,3.27,86.67,9.82,11.45,4.91,0.0,0.0,1.64,100.0,2,1,55,0.0,0.0,0.0,4.91,13.09,0.0,6.55,66.67,6.55,66.67,0.0,0.0
267,837205,Bundesliga,25/26,Borussia M'gladbach,Florian Neuhaus,Midfielder,6.7,0.0,0.1,0.1,2.11,0.58,0.58,0.0,0.58,50.0,0.0,0.0,0.0,0.0,0.0,0.1,0.0,0.0,0.0,0.0,0.0,0.0,0.0,0.0,1.15,0.86,1.15,0.38,1.05,0.0,0.1,0.0,0.0,0.0,0.1,0.1,0.0,0.86,47.16,37.67,9.49,79.88,16.58,21.09,9.2,0.19,22.22,2.11,45.83,17,11,939,0.0,0.0,0.86,0.86,13.9,1.34,2.78,39.19,2.59,41.54,0.19,22.22
268,834244,Bundesliga,25/26,FC St. Pauli,Mathias Rasmussen,Midfielder,6.7,0.0,0.1,0.38,0.77,0.26,0.38,0.0,0.64,83.33,0.0,0.0,0.0,0.0,0.0,0.0,0.13,0.0,0.0,0.0,0.0,0.0,0.0,0.0,1.91,0.89,1.02,0.13,0.51,0.0,0.0,0.0,0.0,0.0,0.0,0.0,0.0,0.64,39.57,30.51,9.06,77.1,15.19,15.32,6.64,0.26,40.0,1.28,40.0,13,8,705,0.0,0.0,0.77,0.89,12.64,0.89,4.34,56.67,3.32,60.47,1.02,47.06
269,1064630,Bundesliga,25/26,FC St. Pauli,Fin Stevens,Defender,6.7,0.0,0.0,0.0,0.0,0.0,0.0,0.0,0.0,0.0,0.0,0.0,0.0,0.0,0.0,0.0,0.0,0.0,0.0,0.0,0.0,0.0,0.0,0.0,0.0,0.0,3.46,0.0,3.46,0.0,0.0,0.0,0.0,0.0,0.0,0.0,0.0,3.46,45.0,24.23,20.77,53.85,3.46,20.77,6.92,0.0,0.0,0.0,0.0,1,0,26,0.0,0.0,0.0,0.0,27.69,0.0,3.46,50.0,0.0,0.0,3.46,100.0
270,1002837,Bundesliga,25/26,Bayer 04 Leverkusen,Piero Hincapié,Defender,6.7,0.0,0.38,0.0,2.0,1.0,1.0,0.0,0.0,0.0,0.0,0.0,0.0,0.0,0.0,0.0,0.0,0.0,0.0,0.0,0.0,0.0,0.0,0.0,0.0,2.0,0.0,0.0,0.0,0.0,0.0,0.0,0.0,0.0,0.0,0.0,0.0,0.0,90.0,77.0,13.0,85.56,44.0,33.0,10.0,0.0,0.0,3.0,50.0,1,1,90,0.0,0.0,2.0,0.0,13.0,0.0,5.0,62.5,0.0,0.0,5.0,83.33
271,2427970,Bundesliga,25/26,FC Bayern München,Bara Sapoko Ndiaye,Midfielder,6.7,0.0,0.0,0.0,0.0,0.0,0.0,0.0,4.86,80.0,0.0,0.0,0.0,0.0,0.0,0.0,0.0,0.0,0.0,0.0,0.0,0.0,0.0,0.0,3.65,1.22,0.61,0.0,2.43,0.0,0.61,0.0,0.0,0.0,0.0,0.0,0.0,0.0,75.41,70.54,4.86,93.55,26.15,44.39,12.16,0.0,0.0,0.0,0.0,4,2,148,0.0,0.0,0.61,1.82,13.38,2.43,12.16,62.5,10.34,60.71,1.82,75.0
272,2216257,Bundesliga,25/26,TSG Hoffenheim,Luka Duric,Midfielder,6.7,0.0,0.0,0.0,0.0,0.0,0.0,0.0,0.0,0.0,0.0,0.0,0.0,0.0,0.0,0.0,0.0,0.0,0.0,0.0,0.0,0.0,0.0,0.0,0.0,0.0,20.0,0.0,0.0,0.0,0.0,0.0,0.0,0.0,0.0,0.0,0.0,0.0,20.0,20.0,0.0,100.0,10.0,10.0,0.0,0.0,0.0,0.0,0.0,1,0,9,0.0,0.0,0.0,0.0,0.0,0.0,0.0,0.0,0.0,0.0,0.0,0.0
273,836706,Bundesliga,25/26,FC Augsburg,Arne Maier,Midfielder,6.7,0.0,0.0,0.0,0.0,0.0,0.0,0.0,0.0,0.0,0.0,0.0,0.0,0.0,0.0,0.0,0.0,0.0,0.0,0.0,0.0,0.0,0.0,0.0,6.0,6.0,0.0,0.0,0.0,0.0,0.0,0.0,0.0,0.0,0.0,0.0,0.0,0.0,30.0,24.0,6.0,80.0,18.0,6.0,0.0,0.0,0.0,0.0,0.0,1,0,15,0.0,0.0,0.0,0.0,18.0,0.0,6.0,100.0,6.0,100.0,0.0,0.0
274,1418624,Bundesliga,25/26,VfL Wolfsburg,Bence Dárdai,Midfielder,6.7,0.0,0.0,0.0,0.0,0.0,0.0,0.0,0.0,0.0,0.0,0.0,0.0,0.0,0.0,0.0,0.0,0.0,0.0,0.0,0.0,0.0,0.0,0.0,2.65,2.65,2.65,0.0,0.0,0.0,0.0,0.0,0.0,0.0,0.0,0.0,0.0,2.65,21.18,21.18,0.0,100.0,7.94,13.24,5.29,0.0,0.0,0.0,0.0,1,0,34,0.0,0.0,2.65,0.0,2.65,0.0,2.65,33.33,2.65,50.0,0.0,0.0
275,1142210,Bundesliga,25/26,Borussia M'gladbach,Hugo Bolin,Midfielder,6.7,0.16,0.13,0.0,2.45,0.65,0.82,6.67,0.49,27.27,0.16,0.0,0.0,0.0,0.16,0.0,0.16,0.16,0.0,0.0,0.0,0.0,0.0,0.0,0.65,0.16,0.65,0.0,0.98,0.0,0.16,0.0,0.0,0.0,0.0,0.16,0.0,1.3,22.34,18.26,4.08,81.75,7.34,10.92,6.52,0.16,6.25,0.49,50.0,13,5,552,0.0,0.0,0.33,1.96,11.41,1.3,3.59,44.9,3.1,44.19,0.49,50.0
276,994556,Bundesliga,25/26,Borussia Dortmund,Carney Chukwuemeka,Midfielder,6.69,0.19,0.18,0.1,1.73,0.19,0.96,11.11,2.11,46.81,0.19,0.0,0.0,0.0,0.19,0.1,0.0,0.0,0.0,0.0,0.0,0.0,0.0,0.0,2.01,0.58,0.48,0.1,0.58,0.0,0.19,0.0,0.0,0.0,0.0,0.0,0.0,1.05,36.71,31.25,5.46,85.12,8.24,23.0,14.66,0.0,0.0,0.19,40.0,28,8,939,0.19,0.0,1.05,1.44,13.32,1.73,6.13,46.72,5.56,50.0,0.58,28.57
277,168985,Bundesliga,25/26,FC Union Berlin,Janik Haberer,Midfielder,6.69,0.0,0.03,0.05,0.6,0.05,0.11,0.0,0.33,37.5,0.0,0.0,0.0,0.0,0.0,0.0,0.05,0.0,0.0,0.0,0.0,0.0,0.0,0.0,1.9,0.43,2.33,0.16,1.14,0.0,0.0,0.0,0.0,0.0,0.16,0.05,0.0,1.14,31.81,24.26,7.55,76.28,12.65,11.62,5.86,1.79,48.53,1.95,43.9,28,20,1658,0.43,0.0,1.3,1.14,12.97,0.54,4.4,45.25,3.26,48.39,1.14,38.18
278,949062,Bundesliga,25/26,FSV Mainz 05,Silas,Midfielder,6.69,0.26,0.44,0.79,2.11,1.84,0.26,12.5,2.11,53.33,0.26,0.0,0.0,0.0,0.26,0.0,0.53,0.0,0.0,0.0,0.0,0.0,0.0,0.0,0.79,0.0,0.0,0.26,0.53,0.0,0.0,0.0,0.0,0.0,0.0,0.0,0.0,0.79,15.26,11.32,3.95,74.14,3.95,7.37,5.0,0.0,0.0,0.0,0.0,8,4,342,0.26,0.0,1.05,1.32,13.16,2.11,5.26,36.36,4.21,43.24,1.05,22.22
279,591706,Bundesliga,25/26,Eintracht Frankfurt,Ellyes Skhiri,Midfielder,6.69,0.0,0.04,0.12,0.5,0.0,0.37,0.0,0.43,58.33,0.0,0.0,0.0,0.0,0.0,0.06,0.0,0.0,0.0,0.0,0.0,0.0,0.0,0.0,1.24,1.61,1.99,0.37,0.68,0.0,0.06,0.0,0.0,0.12,0.0,0.0,0.0,0.43,56.48,49.72,6.77,88.02,28.99,20.73,7.82,0.12,50.0,2.05,42.86,25,16,1450,0.06,0.06,0.68,0.81,8.69,0.5,3.97,51.61,2.48,53.33,1.49,48.98
280,1019312,Bundesliga,25/26,Borussia M'gladbach,Jens Castrop,Midfielder,6.69,0.17,0.21,0.39,1.69,0.68,0.56,10.0,1.41,37.88,0.11,0.06,0.06,0.06,0.06,0.0,0.17,0.0,0.0,0.0,0.0,0.0,0.0,0.0,3.26,1.01,1.69,0.06,0.84,0.0,0.0,0.0,0.0,0.28,0.0,0.06,0.06,1.07,28.03,21.11,6.92,75.3,8.78,12.33,7.32,0.23,19.05,1.01,43.9,26,20,1599,0.11,0.11,1.74,1.46,14.63,1.07,6.87,51.48,6.14,51.17,0.73,54.17
281,1131002,Bundesliga,25/26,SC Freiburg,Derry Scherhant,Forward,6.69,0.34,0.18,0.14,2.48,0.89,0.69,13.89,2.06,37.5,0.34,0.0,0.0,0.07,0.28,0.07,0.28,0.0,0.0,0.0,0.0,0.0,0.34,0.0,1.38,0.48,1.24,0.28,0.89,0.0,0.0,0.0,0.0,0.0,0.07,0.07,0.0,1.51,15.55,11.77,3.78,75.66,3.85,7.91,4.61,1.38,27.78,0.34,45.45,31,12,1308,0.14,0.0,1.31,2.48,17.41,2.48,6.33,40.17,5.92,42.36,0.41,23.08
282,1898148,Bundesliga,25/26,Eintracht Frankfurt,Ayoube Amaimouni Echghouyab,Forward,6.69,0.3,0.08,0.15,1.82,1.06,0.61,16.67,3.03,55.56,0.3,0.0,0.0,0.3,0.0,0.0,0.91,0.0,0.0,0.0,0.0,0.0,0.0,0.0,0.91,0.45,1.51,0.15,1.97,0.0,0.0,0.0,0.0,0.0,0.15,0.45,0.0,0.91,19.06,14.67,4.39,76.98,3.93,10.74,6.35,1.36,30.0,0.45,37.5,17,6,595,0.15,0.0,1.21,1.51,15.73,1.82,5.45,39.56,5.45,42.86,0.0,0.0
283,842364,Bundesliga,25/26,VfL Wolfsburg,Joakim Mæhle,Defender,6.69,0.07,0.06,0.07,1.02,0.22,0.44,7.14,0.58,22.86,0.0,0.07,0.0,0.0,0.07,0.07,0.0,0.0,0.0,0.0,0.0,0.0,0.0,0.0,2.56,1.46,2.78,0.0,0.66,0.0,0.07,0.15,0.0,0.07,0.22,0.15,0.0,1.02,36.48,30.05,6.43,82.36,15.35,14.7,8.48,0.29,19.05,1.32,48.65,16,14,1231,0.07,0.0,0.58,0.44,13.09,1.02,4.31,46.83,3.58,46.23,0.73,50.0
284,1048569,Bundesliga,25/26,Eintracht Frankfurt,Nnamdi Collins,Defender,6.69,0.06,0.03,0.06,0.24,0.06,0.18,25.0,0.66,45.83,0.06,0.0,0.0,0.0,0.06,0.06,0.0,0.0,0.0,0.0,0.0,0.0,0.0,0.0,2.92,1.49,3.4,0.06,0.6,0.06,0.06,0.0,0.0,0.24,0.06,0.12,0.0,0.18,64.22,56.28,7.94,87.64,31.27,25.01,9.43,0.06,25.0,2.98,55.56,23,16,1508,0.24,0.0,1.31,1.13,11.82,0.3,5.79,60.25,4.66,60.94,1.13,57.58
285,798926,Bundesliga,25/26,FC Augsburg,Cedric Zesiger,Defender,6.69,0.0,0.04,0.2,0.59,0.15,0.24,0.0,0.15,27.27,0.0,0.0,0.0,0.0,0.0,0.0,0.0,0.0,0.0,0.0,0.0,0.0,0.0,0.0,1.66,0.88,5.77,0.88,0.68,0.0,0.0,0.05,0.05,0.15,0.05,0.0,0.0,0.39,46.12,37.66,8.46,81.65,22.94,14.72,7.34,0.49,30.3,1.76,31.03,27,20,1840,0.34,0.0,0.88,0.78,11.2,0.24,4.26,55.06,2.54,54.17,1.71,56.45
286,1125024,Bundesliga,25/26,FC St. Pauli,Tomoya Ando,Defender,6.69,0.0,0.03,0.07,0.57,0.14,0.36,0.0,0.36,55.56,0.0,0.0,0.0,0.0,0.0,0.0,0.0,0.0,0.0,0.0,0.0,0.0,0.0,0.0,2.36,1.07,5.78,0.57,0.71,0.0,0.21,0.07,0.0,0.0,0.21,0.07,0.0,0.43,49.1,42.11,6.99,85.76,25.05,17.06,6.85,0.07,16.67,1.5,30.43,15,14,1261,0.21,0.0,0.86,0.86,8.78,0.21,6.42,67.67,3.5,63.64,2.93,73.21
287,168987,Bundesliga,25/26,Hamburger SV,Robert Glatzel,Forward,6.68,0.42,0.38,0.42,2.25,0.98,1.12,18.75,0.7,35.71,0.42,0.0,0.0,0.0,0.42,0.28,0.28,0.14,0.14,0.14,100.0,0.0,0.0,0.0,0.14,0.0,1.12,0.0,0.0,0.0,0.0,0.0,0.0,0.0,0.14,0.28,0.0,0.84,18.7,13.64,5.06,72.93,3.94,9.7,4.64,0.0,0.0,0.28,66.67,19,7,640,0.0,0.0,1.27,1.83,10.97,1.55,4.92,41.18,2.67,40.43,2.25,42.11
288,1005343,Bundesliga,25/26,SV Werder Bremen,Justin Njinmah,Forward,6.68,0.23,0.31,0.28,2.85,1.06,1.1,8.06,0.97,38.18,0.23,0.0,0.0,0.05,0.18,0.05,0.92,0.0,0.0,0.0,0.0,0.0,0.0,0.0,1.06,0.28,0.6,0.05,0.46,0.0,0.0,0.0,0.0,0.0,0.05,0.0,0.0,0.74,20.16,15.47,4.7,76.71,5.89,9.58,6.4,0.41,25.71,0.18,21.05,33,22,1955,0.09,0.0,0.37,1.15,11.09,0.6,3.96,50.59,3.18,52.27,0.78,44.74
289,106662,Bundesliga,25/26,FSV Mainz 05,Stefan Bell,Defender,6.68,0.17,0.15,0.0,1.03,0.43,0.51,16.67,0.09,50.0,0.17,0.0,0.0,0.09,0.09,0.0,0.09,0.09,0.0,0.0,0.0,0.0,0.0,0.0,1.03,1.54,8.84,0.86,0.34,0.0,0.09,0.0,0.0,0.09,0.26,0.09,0.0,0.43,35.78,25.14,10.64,70.26,15.96,9.18,3.52,0.0,0.0,2.92,34.34,18,13,1049,0.34,0.0,1.29,0.6,11.67,0.17,6.86,56.74,1.63,50.0,5.23,59.22
290,925910,Bundesliga,25/26,Borussia M'gladbach,Shuto Machino,Forward,6.68,0.25,0.24,0.25,2.16,0.91,0.75,11.54,0.25,30.0,0.25,0.0,0.0,0.0,0.25,0.0,0.75,0.0,0.0,0.0,0.0,0.0,0.0,0.0,0.66,0.25,1.16,0.08,0.66,0.0,0.0,0.0,0.0,0.0,0.0,0.08,0.0,1.16,23.75,17.27,6.48,72.73,7.72,9.55,4.9,0.08,10.0,0.66,88.89,32,9,1084,0.17,0.0,1.16,0.91,13.28,0.75,4.48,43.2,1.83,37.93,2.66,47.76
291,1028306,Bundesliga,25/26,FSV Mainz 05,Sota Kawasaki,Midfielder,6.68,0.0,0.02,0.0,0.28,0.0,0.0,0.0,0.0,0.0,0.0,0.0,0.0,0.0,0.0,0.0,0.0,0.0,0.0,0.0,0.0,0.0,0.0,0.0,3.05,0.28,2.49,0.83,0.83,0.0,0.0,0.0,0.0,0.0,0.0,0.0,0.0,0.0,20.49,14.12,6.37,68.92,4.71,9.42,5.26,0.28,33.33,1.94,63.64,10,3,325,0.28,0.0,1.66,0.55,9.97,0.55,4.71,48.57,3.6,48.15,1.11,50.0
292,877302,Bundesliga,25/26,FC Union Berlin,András Schäfer,Midfielder,6.68,0.12,0.12,0.12,1.69,0.62,0.62,7.41,0.56,47.37,0.0,0.12,0.0,0.06,0.06,0.06,0.0,0.0,0.0,0.0,0.0,0.0,0.0,0.0,2.56,1.44,1.25,0.56,1.44,0.0,0.06,0.0,0.0,0.12,0.06,0.06,0.06,0.44,31.89,24.34,7.55,76.32,11.55,12.79,7.05,0.25,22.22,0.56,29.03,28,16,1442,0.12,0.06,2.0,1.44,12.61,0.69,6.24,49.5,4.49,50.0,1.75,48.28
293,1088897,Bundesliga,25/26,VfL Wolfsburg,Jenson Seelt,Defender,6.68,0.0,0.03,0.13,0.26,0.0,0.26,0.0,0.26,66.67,0.0,0.0,0.0,0.0,0.0,0.0,0.0,0.0,0.0,0.0,0.0,0.0,0.0,0.0,1.68,0.65,9.31,0.65,0.13,0.0,0.13,0.13,0.13,0.13,0.0,0.0,0.0,0.0,49.01,42.16,6.85,86.02,30.52,11.64,1.68,0.0,0.0,1.81,36.84,9,8,696,0.0,0.0,0.65,0.78,7.89,0.26,5.69,62.86,2.72,72.41,2.97,56.1
294,1064842,Bundesliga,25/26,FC Köln,Denis Huseinbašić,Midfielder,6.67,0.0,0.05,0.0,0.73,0.0,0.24,0.0,0.12,50.0,0.0,0.0,0.0,0.0,0.0,0.0,0.0,0.0,0.0,0.0,0.0,0.0,0.0,0.0,2.08,0.49,1.22,0.12,0.61,0.0,0.0,0.0,0.0,0.0,0.0,0.0,0.0,0.49,52.51,47.5,5.01,90.47,23.93,23.57,8.55,0.0,0.0,1.59,54.17,15,9,737,0.12,0.0,0.98,0.98,6.35,0.61,3.66,58.82,3.18,59.09,0.49,57.14
295,1482457,Bundesliga,25/26,FC Köln,Felipe Chávez,Midfielder,6.67,0.0,0.22,0.0,3.91,0.65,0.0,0.0,0.0,0.0,0.0,0.0,0.0,0.0,0.0,0.0,0.0,0.0,0.0,0.0,0.0,0.0,0.0,0.0,1.96,1.3,0.65,0.0,1.96,0.0,0.0,0.0,0.0,0.0,0.0,0.0,0.0,0.65,55.43,48.26,7.17,87.06,16.3,31.96,12.39,0.0,0.0,3.91,54.55,9,0,138,0.0,0.0,0.65,0.65,9.78,0.65,2.61,44.44,2.61,44.44,0.0,0.0
296,999276,Bundesliga,25/26,Eintracht Frankfurt,Aurèle Amenda,Defender,6.67,0.0,0.04,0.11,0.53,0.11,0.43,0.0,0.11,50.0,0.0,0.0,0.0,0.0,0.0,0.0,0.0,0.0,0.0,0.0,0.0,0.0,0.0,0.0,0.8,1.39,6.36,0.37,0.32,0.05,0.16,0.0,0.05,0.21,0.05,0.0,0.0,0.32,73.55,64.52,9.03,87.73,38.51,26.01,7.85,0.05,16.67,2.67,41.67,24,18,1685,0.27,0.0,1.18,0.69,10.04,0.05,5.66,62.72,1.6,50.85,4.06,69.09
297,978521,Bundesliga,25/26,SV Werder Bremen,Victor Okoh Boniface,Forward,6.67,0.0,0.3,0.0,4.43,1.66,1.66,0.0,1.38,35.71,0.0,0.0,0.0,0.0,0.0,0.0,0.83,0.0,0.0,0.0,0.0,0.0,0.28,0.0,0.55,0.0,2.22,0.0,0.0,0.0,0.0,0.0,0.0,0.0,0.55,0.55,0.0,1.94,30.18,20.77,9.42,68.81,6.65,14.12,8.86,0.28,50.0,1.38,100.0,11,2,325,0.28,0.0,0.28,1.66,18.83,1.11,7.75,53.85,3.6,48.15,4.15,60.0
298,994529,Bundesliga,25/26,FC St. Pauli,Ricky-Jade Jones,Forward,6.67,0.52,0.42,1.03,2.84,1.55,0.52,18.18,1.03,66.67,0.52,0.0,0.26,0.0,0.26,0.0,1.55,0.0,0.0,0.0,0.0,0.0,0.0,0.0,0.77,0.52,0.52,0.0,0.52,0.0,0.0,0.26,0.0,0.0,0.52,0.0,0.0,1.81,14.7,7.48,7.22,50.88,2.58,4.9,3.35,0.26,12.5,0.52,66.67,9,3,349,0.26,0.0,2.06,1.81,15.73,1.55,6.19,38.71,3.61,46.67,2.58,31.25
299,842869,Bundesliga,25/26,FSV Mainz 05,Maxim Leitsch,Defender,6.67,0.0,0.01,0.0,0.56,0.0,0.56,0.0,0.0,0.0,0.0,0.0,0.0,0.0,0.0,0.0,0.0,0.0,0.0,0.0,0.0,0.0,0.0,0.0,1.67,2.78,6.11,1.11,0.56,0.0,0.0,0.0,0.0,0.0,0.0,0.0,0.0,0.0,50.0,40.0,10.0,80.0,25.56,14.44,5.56,0.0,0.0,2.78,35.71,3,2,162,0.0,0.0,1.11,0.56,13.33,0.56,5.0,47.37,2.22,50.0,2.78,45.45
300,254119,Bundesliga,25/26,FC Augsburg,Marius Wolf,Midfielder,6.67,0.09,0.09,0.17,1.21,0.43,0.61,7.14,0.61,43.75,0.09,0.0,0.0,0.0,0.09,0.0,0.95,0.0,0.0,0.0,0.0,0.0,0.0,0.0,1.64,0.95,2.16,0.0,0.61,0.09,0.17,0.09,0.0,0.0,0.52,0.09,0.0,1.82,28.38,18.69,9.69,65.85,7.44,11.25,7.1,0.87,23.26,1.12,32.5,29,12,1040,0.35,0.0,0.87,0.17,17.48,0.43,3.03,46.67,2.42,48.28,0.61,41.18
301,280009,Bundesliga,25/26,SC Freiburg,Lucas Höler,Forward,6.67,0.13,0.2,0.31,1.48,0.65,0.52,8.82,0.44,40.0,0.13,0.0,0.04,0.04,0.04,0.0,0.52,0.09,0.0,0.0,0.0,0.0,0.0,0.0,1.09,0.48,1.79,0.09,0.52,0.0,0.0,0.0,0.0,0.13,0.09,0.04,0.0,1.05,24.41,16.82,7.58,68.93,6.06,10.77,6.23,0.04,11.11,0.31,58.33,33,25,2065,0.17,0.0,1.31,1.31,12.46,1.18,5.75,45.83,2.79,43.84,2.96,47.89
302,1508537,Bundesliga,25/26,SC Freiburg,Cyriaque Irié,Midfielder,6.66,0.0,0.19,0.26,1.84,0.52,1.05,0.0,3.15,60.0,0.0,0.0,0.0,0.0,0.0,0.0,1.31,0.0,0.0,0.0,0.0,0.0,0.0,0.0,2.36,0.79,1.57,0.0,0.0,0.0,0.26,0.0,0.0,0.0,0.0,0.0,0.0,1.05,28.86,24.14,4.72,83.64,11.02,13.12,8.66,0.0,0.0,0.79,100.0,10,3,343,0.79,0.0,2.89,2.1,13.91,2.89,8.66,47.14,7.61,50.88,1.05,30.77
303,933398,Bundesliga,25/26,SV Werder Bremen,Felix Agu,Defender,6.66,0.0,0.01,0.0,0.24,0.12,0.12,0.0,0.48,57.14,0.0,0.0,0.0,0.0,0.0,0.0,0.36,0.0,0.0,0.0,0.0,0.0,0.0,0.0,2.41,1.33,2.65,0.84,0.72,0.24,0.0,0.0,0.0,0.12,0.0,0.0,0.0,0.84,34.99,27.75,7.24,79.31,13.15,14.6,7.12,0.6,38.46,1.09,33.33,11,9,746,0.12,0.0,0.97,1.81,11.82,0.36,6.39,68.83,4.71,66.1,1.69,77.78
304,142525,Bundesliga,25/26,SC Freiburg,Lukas Kübler,Defender,6.66,0.11,0.18,0.0,1.07,0.28,0.51,10.53,0.11,40.0,0.11,0.0,0.0,0.0,0.11,0.06,0.34,0.0,0.0,0.0,0.0,0.0,0.0,0.0,2.26,2.2,4.12,0.51,0.51,0.0,0.0,0.0,0.0,0.06,0.17,0.11,0.0,0.62,35.88,29.15,6.72,81.26,16.55,12.6,6.05,0.45,27.59,1.47,40.63,23,19,1593,0.17,0.0,1.13,0.62,9.83,0.4,5.14,58.71,2.99,59.55,2.15,57.58
305,916176,Bundesliga,25/26,SV Werder Bremen,Cameron Puertas,Midfielder,6.66,0.05,0.09,0.0,1.77,0.38,0.81,2.7,0.72,36.59,0.05,0.0,0.0,0.0,0.05,0.0,0.1,0.0,0.0,0.0,0.0,0.0,0.19,0.0,2.88,0.91,1.05,0.38,1.25,0.0,0.05,0.05,0.0,0.1,0.24,0.1,0.0,1.29,42.17,35.94,6.23,85.23,17.25,18.69,9.2,0.77,20.78,1.63,61.82,28,22,1878,0.29,0.0,1.73,1.05,14.52,1.29,5.27,44.72,4.65,46.19,0.62,36.11
306,1154491,Bundesliga,25/26,SV Werder Bremen,Jovan Milošević,Forward,6.66,0.54,0.36,0.54,2.16,0.72,0.9,25.0,0.9,55.56,0.54,0.0,0.18,0.0,0.36,0.0,1.08,0.0,0.0,0.0,0.0,0.0,0.0,0.0,0.72,0.18,0.54,0.18,0.54,0.0,0.0,0.0,0.0,0.0,0.18,0.18,0.0,0.54,19.04,14.19,4.85,74.53,7.01,7.19,3.05,0.0,0.0,0.0,0.0,13,5,501,0.18,0.0,1.44,0.54,10.6,1.08,5.21,39.19,2.16,37.5,3.05,40.48
307,963043,Bundesliga,25/26,FC Köln,Kristoffer Lund,Defender,6.66,0.0,0.03,0.0,0.79,0.12,0.43,0.0,0.75,55.88,0.0,0.0,0.0,0.0,0.0,0.0,0.12,0.0,0.0,0.0,0.0,0.0,0.0,0.0,1.49,1.02,3.89,0.28,0.35,0.0,0.04,0.08,0.0,0.0,0.16,0.08,0.04,0.83,32.87,25.28,7.59,76.91,12.54,12.74,6.33,0.98,30.49,1.61,36.94,33,26,2289,0.08,0.0,0.51,1.53,14.51,0.55,5.03,56.89,3.77,66.21,1.26,40.0
308,979820,Bundesliga,25/26,SC Freiburg,Philipp Treu,Defender,6.66,0.04,0.05,0.12,0.7,0.21,0.29,5.88,0.62,41.67,0.04,0.0,0.0,0.0,0.04,0.0,0.08,0.0,0.0,0.0,0.0,0.0,0.0,0.0,1.85,0.37,1.72,0.29,0.62,0.08,0.04,0.0,0.0,0.08,0.12,0.08,0.0,0.82,33.39,28.59,4.8,85.63,16.0,12.59,6.03,0.33,25.0,1.19,50.88,28,24,2194,0.08,0.0,0.82,1.52,10.87,0.45,4.43,53.2,3.9,59.38,0.53,30.23
309,999030,Bundesliga,25/26,Hamburger SV,Warmed Omari,Defender,6.66,0.0,0.01,0.0,0.17,0.06,0.11,0.0,0.34,100.0,0.0,0.0,0.0,0.0,0.0,0.0,0.0,0.0,0.0,0.0,0.0,0.0,0.0,0.0,1.23,1.51,4.7,0.78,0.56,0.0,0.11,0.11,0.0,0.11,0.0,0.06,0.0,0.45,40.55,34.78,5.77,85.77,24.47,10.3,2.91,0.06,25.0,2.41,48.86,20,17,1607,0.0,0.0,0.9,0.62,6.89,0.17,3.42,52.14,2.13,58.46,1.29,44.23
310,1146250,Bundesliga,25/26,RB Leipzig,Max Finkgräfe,Defender,6.66,0.18,0.03,0.0,0.72,0.36,0.36,25.0,0.9,100.0,0.0,0.18,0.0,0.18,0.0,0.0,0.0,0.0,0.0,0.0,0.0,0.0,0.0,0.0,2.87,1.25,1.25,0.18,1.08,0.0,0.18,0.0,0.0,0.0,0.36,0.18,0.0,2.15,54.32,49.12,5.2,90.43,25.1,24.02,12.19,1.25,19.44,0.54,42.86,13,5,502,0.36,0.0,0.54,0.72,15.24,0.72,4.84,58.7,4.48,65.79,0.36,25.0
311,1174761,Bundesliga,25/26,Bayer 04 Leverkusen,Arthur,Midfielder,6.66,0.08,0.07,0.08,0.8,0.16,0.24,10.0,1.11,33.33,0.08,0.0,0.0,0.0,0.08,0.0,0.24,0.0,0.0,0.0,0.0,0.0,0.0,0.0,1.59,1.35,2.23,0.16,0.32,0.0,0.0,0.08,0.0,0.16,0.16,0.24,0.0,1.11,36.57,30.61,5.96,83.7,11.93,18.68,8.98,0.56,21.21,1.03,37.14,20,13,1132,0.24,0.0,1.51,0.8,14.15,1.03,4.69,45.04,3.5,40.74,1.19,65.22
312,149728,Bundesliga,25/26,FC Heidenheim,Budu Zivzivadze,Forward,6.65,0.47,0.42,0.47,2.2,1.1,0.71,21.43,1.02,41.94,0.47,0.0,0.0,0.31,0.16,0.0,0.63,0.0,0.0,0.0,0.0,0.0,0.0,0.0,1.1,0.08,0.94,0.16,1.02,0.0,0.0,0.0,0.0,0.0,0.16,0.0,0.0,0.55,17.2,12.41,4.79,72.15,3.93,8.48,5.34,0.0,0.0,0.63,50.0,20,14,1146,0.16,0.08,1.18,1.02,11.86,1.34,4.4,35.0,3.14,40.0,1.26,26.67
313,1130946,Bundesliga,25/26,FC Augsburg,Elias Saad,Forward,6.65,0.0,0.1,0.18,1.26,0.54,0.18,0.0,2.71,44.12,0.0,0.0,0.0,0.0,0.0,0.0,0.72,0.0,0.0,0.0,0.0,0.0,0.18,0.0,2.71,0.18,0.36,0.18,1.44,0.0,0.0,0.0,0.0,0.0,0.0,0.0,0.0,2.16,27.41,21.82,5.59,79.61,4.87,16.95,10.46,0.0,0.0,0.18,33.33,10,7,499,0.18,0.0,1.44,2.16,18.94,1.98,8.66,48.48,7.58,48.84,1.08,46.15
314,1127790,Bundesliga,25/26,VfL Wolfsburg,Dženan Pejčinović,Forward,6.65,0.49,0.48,0.36,3.04,1.4,1.09,16.0,0.24,26.67,0.43,0.06,0.12,0.24,0.12,0.12,0.3,0.0,0.0,0.0,0.0,0.0,0.0,0.0,0.61,0.18,1.03,0.18,0.3,0.0,0.0,0.06,0.0,0.06,0.18,0.0,0.0,0.79,23.2,15.73,7.47,67.8,6.86,8.87,5.65,0.06,20.0,0.79,56.52,30,16,1482,0.06,0.0,1.34,0.43,11.6,0.49,4.37,36.0,1.28,33.87,3.1,36.96
315,794294,Bundesliga,25/26,FSV Mainz 05,Andreas Hanche Olsen,Defender,6.65,0.0,0.04,0.0,0.64,0.32,0.21,0.0,0.0,0.0,0.0,0.0,0.0,0.0,0.0,0.0,0.21,0.0,0.0,0.0,0.0,0.0,0.0,0.0,0.85,1.59,8.79,0.95,0.32,0.0,0.21,0.0,0.11,0.11,0.11,0.11,0.0,0.32,46.38,37.69,8.68,81.28,25.73,11.96,3.81,0.0,0.0,2.33,37.93,13,8,850,0.32,0.0,1.38,0.64,9.64,0.11,6.99,60.0,1.48,42.42,5.51,67.53
316,1035752,Bundesliga,25/26,Hamburger SV,Giorgi Gocholeishvili,Defender,6.65,0.0,0.07,0.09,1.32,0.19,0.47,0.0,1.69,46.15,0.0,0.0,0.0,0.0,0.0,0.09,0.28,0.0,0.0,0.0,0.0,0.0,0.0,0.0,2.35,0.75,2.45,0.09,0.75,0.09,0.09,0.0,0.0,0.09,0.09,0.09,0.0,0.94,23.04,17.21,5.83,74.69,9.5,7.71,3.76,0.66,31.82,1.88,40.82,24,9,957,0.09,0.09,1.22,1.79,14.58,1.5,6.77,50.35,5.74,51.69,1.03,44.0
317,1133743,Bundesliga,25/26,RB Leipzig,Rômulo,Forward,6.65,0.37,0.59,0.9,2.57,1.1,1.1,14.29,0.45,34.38,0.37,0.0,0.04,0.0,0.33,0.08,0.33,0.0,0.04,0.0,0.0,0.0,0.0,0.0,1.23,0.37,1.14,0.16,0.41,0.0,0.04,0.0,0.04,0.08,0.25,0.16,0.04,1.06,22.79,17.07,5.72,74.91,6.13,10.94,6.74,0.0,0.0,0.41,58.82,30,27,2204,0.12,0.0,0.82,0.82,11.96,1.43,4.57,40.43,2.41,42.14,2.16,38.69
318,1546267,Bundesliga,25/26,Hamburger SV,Fabio Baldé,Forward,6.65,0.2,0.18,0.0,1.78,0.79,0.79,11.11,1.98,52.63,0.2,0.0,0.0,0.0,0.2,0.0,0.0,0.0,0.0,0.0,0.0,0.0,0.0,0.0,2.77,0.2,0.99,0.0,2.18,0.0,0.0,0.0,0.0,0.0,0.4,0.2,0.0,0.99,20.97,15.43,5.54,73.58,7.32,8.11,3.96,0.99,31.25,0.2,16.67,16,3,455,0.2,0.0,0.79,0.4,14.64,1.58,6.33,43.24,5.14,44.83,1.19,37.5
319,971481,Bundesliga,25/26,FC St. Pauli,Arkadiusz Pyrka,Midfielder,6.65,0.0,0.04,0.03,0.66,0.1,0.21,0.0,0.56,36.36,0.0,0.0,0.0,0.0,0.0,0.0,0.0,0.0,0.0,0.0,0.0,0.0,0.0,0.0,1.36,0.84,3.03,0.38,0.38,0.0,0.07,0.0,0.0,0.14,0.21,0.03,0.0,0.84,31.95,23.44,8.51,73.36,10.19,13.26,7.85,0.21,12.77,0.98,27.45,31,30,2580,0.1,0.0,0.59,1.08,13.92,0.52,3.45,48.77,3.0,55.13,0.45,27.66
320,148256,Bundesliga,25/26,Hamburger SV,Jonas Meffert,Midfielder,6.65,0.0,0.0,0.0,0.0,0.0,0.0,0.0,0.0,0.0,0.0,0.0,0.0,0.0,0.0,0.0,0.0,0.0,0.0,0.0,0.0,0.0,0.0,0.0,2.38,0.6,0.6,0.0,0.6,0.0,0.0,0.0,0.0,0.0,0.0,0.0,0.0,1.19,48.28,36.95,11.32,76.54,25.63,11.32,5.36,0.0,0.0,2.98,71.43,4,1,151,0.0,0.0,0.6,0.0,11.32,0.0,4.17,70.0,2.38,66.67,1.79,75.0
321,914755,Bundesliga,25/26,SC Freiburg,Patrick Osterhage,Midfielder,6.65,0.08,0.07,0.08,0.53,0.15,0.23,14.29,0.45,35.29,0.08,0.0,0.0,0.0,0.08,0.0,0.15,0.0,0.0,0.0,0.0,0.0,0.0,0.0,1.05,1.28,1.13,0.75,0.45,0.0,0.0,0.0,0.0,0.08,0.0,0.0,0.0,0.45,34.36,29.77,4.59,86.65,14.59,15.19,6.47,0.3,44.44,0.9,57.14,20,13,1197,0.3,0.0,0.98,0.98,7.52,0.45,3.08,40.59,2.48,47.83,0.6,25.0
322,988476,Bundesliga,25/26,Hamburger SV,Philip Otele,Midfielder,6.65,0.19,0.21,0.0,1.32,0.57,0.38,14.29,1.32,53.85,0.19,0.0,0.0,0.19,0.0,0.0,0.19,0.0,0.0,0.0,0.0,0.0,0.0,0.0,0.38,0.57,0.94,0.0,0.94,0.0,0.0,0.0,0.0,0.0,0.57,0.19,0.0,1.7,21.32,14.53,6.79,68.14,3.4,11.13,7.92,0.38,16.67,0.94,62.5,9,7,477,0.57,0.19,1.51,0.75,14.34,0.94,4.34,42.59,2.45,35.14,1.89,58.82
323,111969,Bundesliga,25/26,SV Werder Bremen,Leonardo Bittencourt,Midfielder,6.64,0.0,0.04,0.0,1.01,0.0,0.86,0.0,0.43,37.5,0.0,0.0,0.0,0.0,0.0,0.14,0.0,0.0,0.0,0.0,0.0,0.0,0.0,0.0,2.3,1.15,1.44,0.0,0.72,0.0,0.0,0.0,0.0,0.0,0.29,0.14,0.0,0.72,62.93,53.71,9.22,85.35,29.09,24.62,12.1,0.0,0.0,1.44,34.48,17,5,625,0.72,0.0,1.01,1.58,11.81,0.43,5.18,59.02,4.32,60.0,0.86,54.55
324,1155383,Bundesliga,25/26,RB Leipzig,Ezechiel Banzuzi,Midfielder,6.64,0.0,0.21,0.3,2.26,0.6,0.6,0.0,0.3,66.67,0.0,0.0,0.0,0.0,0.0,0.0,0.0,0.0,0.0,0.0,0.0,0.0,0.0,0.0,2.26,1.21,4.97,0.45,0.3,0.0,0.15,0.0,0.0,0.0,0.0,0.15,0.0,1.06,42.96,36.48,6.48,84.91,13.12,23.37,11.61,0.0,0.0,1.81,70.59,24,2,597,0.45,0.0,2.11,1.06,9.95,0.9,7.39,52.69,3.62,51.06,3.77,54.35
325,1462742,Bundesliga,25/26,FC Union Berlin,Ilyas Ansah,Forward,6.64,0.24,0.15,0.19,1.56,0.57,0.61,15.15,1.18,34.72,0.14,0.09,0.05,0.0,0.19,0.05,0.42,0.05,0.0,0.0,0.0,0.0,0.0,0.0,0.8,0.24,0.8,0.14,0.66,0.0,0.05,0.0,0.0,0.0,0.05,0.05,0.0,0.75,14.1,10.56,3.54,74.92,3.35,7.21,4.81,0.19,21.05,0.24,38.46,33,23,1909,0.05,0.0,1.04,2.03,14.8,2.97,4.76,33.78,3.96,36.68,0.8,24.29
326,1015164,Bundesliga,25/26,SV Werder Bremen,Isaac Schmidt,Defender,6.64,0.13,0.13,0.0,0.8,0.27,0.4,16.67,1.33,58.82,0.0,0.13,0.0,0.13,0.0,0.0,0.0,0.0,0.0,0.0,0.0,0.0,0.0,0.0,2.13,1.46,2.66,0.0,0.8,0.0,0.13,0.0,0.0,0.0,0.0,0.0,0.0,1.33,46.26,35.76,10.5,77.3,14.76,21.0,11.57,0.13,14.29,1.06,47.06,19,6,677,0.27,0.0,1.2,0.4,16.09,0.53,5.98,57.69,3.86,52.73,2.13,69.57
327,1390682,Bundesliga,25/26,FC Augsburg,Mert Kömür,Midfielder,6.64,0.12,0.21,0.31,2.64,0.98,0.92,4.65,1.04,42.5,0.12,0.0,0.0,0.06,0.06,0.06,0.12,0.0,0.0,0.0,0.0,0.0,0.06,0.0,0.92,0.43,1.35,0.0,0.74,0.0,0.0,0.0,0.0,0.06,0.31,0.25,0.0,1.41,28.18,22.65,5.53,80.39,7.24,15.41,9.15,0.8,21.67,0.49,66.67,28,17,1466,0.06,0.0,1.6,1.17,14.73,1.47,3.93,33.33,3.07,37.59,0.86,23.73
328,1021075,Bundesliga,25/26,FSV Mainz 05,William Bøving,Forward,6.64,0.0,0.01,0.0,0.4,0.0,0.4,0.0,0.4,25.0,0.0,0.0,0.0,0.0,0.0,0.0,0.0,0.0,0.0,0.0,0.0,0.0,0.0,0.0,2.38,0.79,2.78,0.4,0.4,0.0,0.0,0.0,0.0,0.0,0.4,0.4,0.0,1.59,24.58,18.24,6.34,74.19,6.34,11.89,5.55,1.59,50.0,1.19,50.0,9,2,227,0.4,0.0,0.79,0.79,12.69,0.4,4.36,47.83,3.57,56.25,0.79,28.57
329,1596573,Bundesliga,25/26,SC Freiburg,Bruno Ogbus,Defender,6.64,0.0,0.03,0.15,0.38,0.15,0.15,0.0,0.23,20.0,0.0,0.0,0.0,0.0,0.0,0.0,0.0,0.0,0.0,0.0,0.0,0.0,0.0,0.0,1.75,0.83,5.77,1.37,0.15,0.08,0.15,0.0,0.0,0.08,0.0,0.0,0.0,0.08,46.97,43.03,3.95,91.6,30.73,12.29,3.87,0.08,33.33,1.06,46.67,18,14,1186,0.08,0.0,0.38,0.83,7.36,0.76,4.48,50.43,2.73,55.38,1.75,44.23
330,842526,Bundesliga,25/26,Hamburger SV,Bakery Jatta,Midfielder,6.63,0.1,0.08,0.29,1.08,0.39,0.59,9.09,0.29,33.33,0.1,0.0,0.0,0.0,0.1,0.0,0.2,0.0,0.0,0.0,0.0,0.0,0.0,0.0,1.47,0.88,2.94,0.39,0.88,0.1,0.0,0.0,0.0,0.2,0.0,0.1,0.0,0.39,21.86,17.84,4.02,81.61,8.24,9.61,5.2,0.1,5.26,1.08,57.89,15,12,918,0.1,0.0,1.27,0.49,10.49,0.98,2.84,35.8,2.25,38.33,0.59,28.57
331,2189165,Bundesliga,25/26,FC Heidenheim,Yannik Wagner,Forward,6.63,0.0,0.04,0.0,2.0,0.0,0.0,0.0,0.0,0.0,0.0,0.0,0.0,0.0,0.0,0.0,0.0,0.0,0.0,0.0,0.0,0.0,0.0,0.0,2.0,0.0,0.0,0.0,0.0,0.0,0.0,0.0,0.0,0.0,2.0,0.0,0.0,4.0,20.0,14.0,6.0,70.0,2.0,12.0,8.0,4.0,100.0,0.0,0.0,4,0,45,0.0,0.0,0.0,0.0,8.0,0.0,2.0,50.0,2.0,100.0,0.0,0.0
332,1002920,Bundesliga,25/26,Borussia M'gladbach,Joe Scally,Defender,6.63,0.07,0.04,0.07,0.55,0.34,0.14,12.5,0.83,44.44,0.07,0.0,0.0,0.07,0.0,0.03,0.1,0.0,0.0,0.0,0.0,0.0,0.0,0.0,1.65,0.59,2.69,0.14,0.65,0.03,0.07,0.0,0.03,0.38,0.07,0.1,0.0,0.62,31.44,25.23,6.2,80.26,13.93,11.31,5.38,0.28,16.67,0.97,35.0,32,29,2611,0.28,0.0,1.14,1.76,11.41,0.86,5.27,51.52,4.24,53.48,1.03,44.78
333,933833,Bundesliga,25/26,FC Heidenheim,Christian Conteh,Forward,6.63,0.0,0.05,0.0,0.67,0.0,0.44,0.0,1.11,33.33,0.0,0.0,0.0,0.0,0.0,0.0,0.22,0.0,0.0,0.0,0.0,0.0,0.0,0.0,0.44,0.44,1.33,0.0,0.44,0.0,0.0,0.22,0.0,0.0,0.89,0.0,0.0,1.56,17.56,14.0,3.56,79.75,2.67,11.33,8.22,0.67,27.27,0.22,33.33,9,4,405,0.0,0.0,0.89,0.67,11.78,0.89,2.22,30.3,2.22,33.33,0.0,0.0
334,809219,Bundesliga,25/26,FC Augsburg,Mads Pedersen,Defender,6.63,0.0,0.07,0.0,1.27,0.0,0.42,0.0,0.0,0.0,0.0,0.0,0.0,0.0,0.0,0.0,0.42,0.0,0.0,0.0,0.0,0.0,0.0,0.0,2.11,0.42,2.54,0.42,0.42,0.0,0.0,0.42,0.0,0.0,0.0,0.0,0.0,1.27,25.77,19.86,5.92,77.05,6.76,13.1,7.18,0.85,18.18,0.85,66.67,7,1,213,0.0,0.0,2.11,1.27,17.75,2.11,3.38,27.59,3.38,34.78,0.0,0.0
335,169255,Bundesliga,25/26,VfL Wolfsburg,Yannick Gerhardt,Midfielder,6.63,0.08,0.08,0.0,0.93,0.08,0.51,9.09,0.08,12.5,0.08,0.0,0.08,0.0,0.0,0.0,0.0,0.08,0.0,0.0,0.0,0.0,0.0,0.0,1.18,0.76,2.86,0.76,0.59,0.0,0.0,0.0,0.0,0.0,0.08,0.0,0.0,0.67,39.15,32.08,7.07,81.94,17.93,14.14,5.72,0.08,14.29,0.84,45.45,19,12,1069,0.08,0.0,1.68,1.18,10.36,0.67,4.13,40.5,2.44,42.65,1.68,37.74
336,796987,Bundesliga,25/26,VfL Wolfsburg,Mattias Svanberg,Midfielder,6.63,0.31,0.3,0.31,2.14,0.82,0.82,14.29,0.31,27.27,0.31,0.0,0.1,0.1,0.1,0.2,0.1,0.0,0.0,0.0,0.0,0.0,0.1,0.0,1.02,0.92,2.14,0.41,1.22,0.0,0.0,0.0,0.0,0.0,0.1,0.1,0.0,0.61,23.06,16.33,6.73,70.8,6.43,9.9,5.41,0.1,12.5,0.92,42.86,24,8,882,0.41,0.1,1.84,2.04,11.63,0.82,4.59,42.45,3.37,41.77,1.22,44.44
337,841947,Bundesliga,25/26,VfL Wolfsburg,Lovro Majer,Midfielder,6.63,0.13,0.2,0.33,1.77,0.46,0.85,7.41,0.79,48.0,0.13,0.0,0.0,0.0,0.13,0.13,0.26,0.0,0.0,0.0,0.0,0.0,0.13,0.0,1.7,0.59,1.25,0.07,0.98,0.0,0.0,0.0,0.0,0.0,0.26,0.2,0.0,1.44,35.0,28.71,6.29,82.02,11.8,16.91,10.16,0.46,24.14,1.25,57.58,28,16,1373,0.33,0.0,1.97,1.38,12.45,1.31,4.65,42.01,3.87,43.38,0.79,36.36
338,795005,Bundesliga,25/26,Borussia Dortmund,Salih Özcan,Midfielder,6.63,0.0,0.1,0.0,0.97,0.0,0.0,0.0,0.0,0.0,0.0,0.0,0.0,0.0,0.0,0.0,0.0,0.0,0.0,0.0,0.0,0.0,0.0,0.0,1.94,0.0,0.97,0.97,0.0,0.0,0.0,0.0,0.0,0.0,0.0,0.0,0.0,1.94,90.0,81.29,8.71,90.32,21.29,60.0,34.84,0.0,0.0,0.97,100.0,11,0,93,0.0,0.0,0.97,0.97,12.58,0.0,7.74,72.73,2.9,60.0,4.84,83.33
339,842188,Bundesliga,25/26,FC Augsburg,Elvis Rexhbeçaj,Midfielder,6.63,0.16,0.04,0.0,0.88,0.4,0.24,18.18,0.4,62.5,0.16,0.0,0.08,0.08,0.0,0.08,0.08,0.0,0.0,0.0,0.0,0.0,0.0,0.0,1.45,0.4,1.61,0.08,1.04,0.0,0.0,0.08,0.0,0.0,0.08,0.0,0.0,0.8,32.62,25.23,7.39,77.34,10.53,14.71,7.71,0.16,11.76,0.96,27.27,26,10,1120,0.32,0.0,1.04,1.29,12.86,1.69,4.1,45.13,3.13,44.32,0.96,48.0
340,962898,Bundesliga,25/26,FC Heidenheim,Leonidas Stergiou,Defender,6.62,0.0,0.04,0.0,0.44,0.0,0.44,0.0,0.44,100.0,0.0,0.0,0.0,0.0,0.0,0.0,0.0,0.0,0.0,0.0,0.0,0.0,0.0,0.0,3.53,0.88,5.29,1.76,2.65,0.0,0.0,0.0,0.0,0.0,0.0,0.0,0.0,0.0,33.53,26.03,7.5,77.63,15.88,10.15,3.53,0.0,0.0,3.09,58.33,6,1,204,0.0,0.0,1.32,0.44,10.15,0.44,6.62,55.56,4.41,50.0,2.21,71.43
341,920525,Bundesliga,25/26,VfL Wolfsburg,Moritz Jenz,Defender,6.62,0.05,0.03,0.0,0.25,0.05,0.05,20.0,0.0,0.0,0.05,0.0,0.05,0.0,0.0,0.0,0.0,0.0,0.0,0.0,0.0,0.0,0.0,0.0,1.61,0.6,6.44,1.01,0.3,0.0,0.1,0.05,0.05,0.0,0.0,0.0,0.0,0.1,51.36,45.73,5.63,89.03,32.45,13.28,2.72,0.05,100.0,1.31,35.62,22,20,1789,0.3,0.05,1.56,0.35,6.19,0.05,5.13,61.08,1.96,52.7,3.17,67.74
342,953097,Bundesliga,25/26,FC Köln,Cenk Özkaçar,Defender,6.62,0.0,0.05,0.15,0.55,0.2,0.35,0.0,0.3,54.55,0.0,0.0,0.0,0.0,0.0,0.05,0.05,0.0,0.0,0.0,0.0,0.0,0.0,0.0,1.65,1.2,5.85,0.7,0.8,0.1,0.0,0.0,0.0,0.05,0.0,0.0,0.0,0.25,54.37,47.17,7.2,86.76,28.88,18.29,6.35,0.0,0.0,1.75,33.65,25,20,1801,0.1,0.0,0.55,0.3,8.9,0.4,5.35,56.91,2.25,52.94,3.1,60.19
343,877842,Bundesliga,25/26,FC Augsburg,Yannik Keitel,Midfielder,6.62,0.0,0.0,0.0,0.0,0.0,0.0,0.0,0.0,0.0,0.0,0.0,0.0,0.0,0.0,0.0,0.0,0.0,0.0,0.0,0.0,0.0,0.0,0.0,2.19,0.73,4.74,1.46,1.46,0.0,0.0,0.0,0.0,0.0,0.0,0.0,0.0,0.0,32.43,26.23,6.19,80.9,14.94,11.3,2.91,0.0,0.0,1.82,45.45,6,2,247,0.73,0.0,1.09,0.73,7.65,0.36,5.47,57.69,2.55,46.67,2.91,72.73
344,933707,Bundesliga,25/26,FC Heidenheim,Jan Schöppner,Midfielder,6.62,0.12,0.09,0.08,1.0,0.28,0.32,12.0,0.44,34.38,0.12,0.0,0.08,0.0,0.04,0.04,0.12,0.0,0.0,0.0,0.0,0.0,0.0,0.0,1.27,1.35,3.9,0.44,1.23,0.04,0.08,0.04,0.0,0.04,0.2,0.12,0.0,0.56,27.76,18.88,8.88,68.01,9.8,9.08,5.22,0.12,21.43,0.92,31.08,31,29,2260,0.2,0.0,0.8,0.68,12.62,0.8,4.26,43.32,2.35,39.6,1.91,48.98
345,1134203,Bundesliga,25/26,Eintracht Frankfurt,Kauã Santos,Goalkeeper,6.62,0.0,0.0,0.0,0.0,0.0,0.0,0.0,0.08,100.0,0.0,0.0,0.0,0.0,0.0,0.0,0.0,0.0,0.0,0.0,0.0,0.0,0.0,0.0,0.08,0.0,1.66,0.0,0.0,0.25,0.08,0.0,0.0,0.08,0.0,0.0,0.0,0.0,35.42,22.31,13.11,63.0,19.66,2.65,0.75,0.0,0.0,5.31,29.09,13,13,1085,0.0,0.0,0.0,0.25,13.27,0.0,1.16,93.33,0.41,100.0,0.75,90.0
346,1012235,Bundesliga,25/26,Hamburger SV,Ransford Yeboah Königsdörffer,Forward,6.62,0.19,0.29,0.42,2.48,0.84,1.07,7.69,0.57,37.5,0.15,0.04,0.04,0.04,0.11,0.0,1.07,0.0,0.04,0.0,0.0,0.0,0.0,0.0,0.23,0.23,1.3,0.0,0.19,0.0,0.04,0.0,0.0,0.0,0.0,0.0,0.04,0.76,16.32,11.52,4.81,70.56,4.12,7.4,4.92,0.11,14.29,0.27,43.75,33,29,2360,0.08,0.0,0.95,1.22,10.07,0.95,3.78,40.08,2.02,40.46,1.75,39.66
347,800400,Bundesliga,25/26,FC Heidenheim,Sirlord Conteh,Forward,6.62,0.29,0.41,0.29,1.45,0.44,0.87,20.0,0.44,33.33,0.29,0.0,0.0,0.0,0.29,0.0,1.16,0.0,0.0,0.0,0.0,0.0,0.0,0.0,1.02,0.58,0.73,0.0,0.44,0.0,0.15,0.0,0.0,0.0,0.0,0.15,0.0,1.16,18.9,12.65,6.25,66.92,4.51,8.14,4.36,0.87,37.5,0.58,33.33,15,3,619,0.15,0.0,1.02,1.45,11.78,0.29,4.22,45.31,2.91,52.63,1.31,34.62
348,135264,Bundesliga,25/26,Hamburger SV,Yussuf Poulsen,Forward,6.62,0.26,0.2,0.0,1.84,0.79,0.53,14.29,0.79,75.0,0.26,0.0,0.0,0.26,0.0,0.0,0.53,0.0,0.0,0.0,0.0,0.0,0.0,0.0,1.05,0.53,2.89,0.26,0.26,0.0,0.0,0.0,0.0,0.0,0.26,0.0,0.0,0.53,29.21,17.11,12.11,58.56,5.0,12.11,7.89,0.0,0.0,0.26,25.0,15,1,342,1.05,0.0,3.42,0.79,19.21,1.32,12.37,51.65,2.37,32.14,10.0,60.32
349,842922,Bundesliga,25/26,FC Heidenheim,Stefan Schimmer,Forward,6.62,0.55,0.6,1.22,3.44,1.22,1.22,16.13,0.11,50.0,0.55,0.0,0.0,0.33,0.22,0.22,0.44,0.0,0.0,0.0,0.0,0.0,0.0,0.0,1.22,0.33,2.0,0.0,0.33,0.0,0.0,0.0,0.0,0.0,0.22,0.11,0.0,1.33,17.29,11.08,6.21,64.1,3.33,7.76,4.54,0.33,30.0,0.67,75.0,27,3,812,0.11,0.0,1.44,0.55,10.2,1.0,5.21,42.73,1.88,40.48,3.33,44.12
350,1888501,Bundesliga,25/26,FC St. Pauli,Abdoulie Ceesay,Forward,6.62,0.76,0.32,0.76,2.8,1.02,1.27,27.27,1.53,75.0,0.76,0.0,0.25,0.25,0.25,0.0,0.51,0.25,0.0,0.0,0.0,0.0,0.0,0.0,0.76,0.0,0.51,0.0,0.51,0.0,0.0,0.0,0.0,0.0,0.25,0.0,0.0,0.76,18.61,12.49,6.12,67.12,3.06,9.43,5.1,0.25,33.33,0.0,0.0,20,0,353,1.02,0.0,3.57,1.53,14.02,2.04,7.65,37.04,3.82,36.59,3.82,37.5
351,980621,Bundesliga,25/26,FSV Mainz 05,Paul Nebel,Forward,6.61,0.22,0.23,0.22,1.38,0.35,0.48,15.63,0.86,40.0,0.22,0.0,0.04,0.04,0.13,0.13,0.13,0.0,0.0,0.0,0.0,0.0,0.0,0.0,2.16,0.56,1.08,0.09,0.86,0.0,0.0,0.0,0.0,0.13,0.39,0.09,0.0,1.77,33.3,26.12,7.18,78.44,9.47,16.65,10.34,1.21,22.4,0.61,41.18,30,24,2081,0.09,0.09,1.25,0.86,16.82,1.04,4.45,41.53,3.85,46.6,0.61,24.56
352,1864786,Bundesliga,25/26,SV Werder Bremen,Salim Musah,Forward,6.61,0.43,0.37,0.43,3.0,1.71,0.43,14.29,0.43,50.0,0.43,0.0,0.0,0.43,0.0,0.0,0.43,0.0,0.0,0.0,0.0,0.0,0.0,0.0,1.29,0.86,0.43,0.0,0.0,0.0,0.0,0.0,0.0,0.0,0.0,0.0,0.0,1.29,24.0,18.0,6.0,75.0,9.0,9.0,6.43,0.0,0.0,0.43,33.33,8,2,210,0.0,0.0,1.71,1.29,12.43,1.29,3.86,39.13,3.0,46.67,0.86,25.0
353,1014493,Bundesliga,25/26,FC Köln,Rav van den Berg,Defender,6.61,0.0,0.0,0.0,0.0,0.0,0.0,0.0,0.0,0.0,0.0,0.0,0.0,0.0,0.0,0.0,0.08,0.0,0.0,0.0,0.0,0.0,0.0,0.0,1.11,1.11,5.62,0.95,0.32,0.0,0.08,0.0,0.0,0.0,0.08,0.08,0.0,0.08,55.83,52.12,3.72,93.34,38.91,13.21,2.06,0.08,100.0,0.63,32.0,14,12,1138,0.0,0.08,0.79,0.24,4.27,0.08,3.4,53.75,1.34,54.84,2.06,53.06
354,1173172,Bundesliga,25/26,VfL Wolfsburg,Jeanuël Belocian,Defender,6.61,0.0,0.03,0.06,0.23,0.0,0.17,0.0,0.41,58.33,0.0,0.0,0.0,0.0,0.0,0.0,0.0,0.0,0.0,0.0,0.0,0.0,0.0,0.0,2.04,0.93,4.07,0.81,0.29,0.0,0.0,0.06,0.0,0.06,0.06,0.06,0.0,0.29,41.95,37.52,4.42,89.46,20.25,17.28,6.92,0.06,12.5,1.45,53.19,22,17,1547,0.17,0.0,1.34,0.76,6.92,0.41,4.13,52.59,3.2,59.14,0.93,38.1
355,341589,Bundesliga,25/26,Eintracht Frankfurt,Mahmoud Dahoud,Midfielder,6.61,0.25,0.1,0.0,2.11,0.25,0.99,11.76,0.62,55.56,0.25,0.0,0.0,0.25,0.0,0.12,0.0,0.0,0.0,0.0,0.0,0.0,0.25,0.0,1.36,1.24,1.24,0.25,0.87,0.0,0.0,0.0,0.0,0.0,0.0,0.37,0.0,0.87,45.12,36.69,8.43,81.32,15.74,20.95,7.56,0.12,12.5,1.36,34.38,15,8,726,0.0,0.0,1.98,0.25,11.78,1.12,2.85,34.33,2.23,33.96,0.62,35.71
356,1138150,Bundesliga,25/26,FSV Mainz 05,Nikolas Veratschnig,Defender,6.61,0.0,0.01,0.0,0.55,0.14,0.27,0.0,0.82,50.0,0.0,0.0,0.0,0.0,0.0,0.0,0.14,0.0,0.0,0.0,0.0,0.0,0.0,0.0,2.59,1.36,2.32,0.27,1.23,0.0,0.0,0.14,0.0,0.0,0.27,0.14,0.0,0.55,28.5,19.23,9.27,67.46,7.91,11.32,6.68,0.55,19.05,0.95,26.92,21,6,660,0.41,0.0,1.64,1.36,17.86,1.09,5.86,47.78,4.77,50.0,1.09,40.0
357,1097453,Bundesliga,25/26,FC Heidenheim,Luca Kerber,Midfielder,6.61,0.25,0.21,0.25,1.0,0.37,0.5,25.0,0.0,0.0,0.25,0.0,0.12,0.0,0.12,0.0,0.12,0.0,0.0,0.0,0.0,0.0,0.0,0.0,2.12,0.37,1.87,0.37,1.25,0.0,0.12,0.0,0.0,0.0,0.0,0.0,0.0,0.25,14.36,10.36,3.99,72.17,5.24,5.12,2.87,0.12,25.0,0.75,50.0,18,8,721,0.37,0.0,1.5,0.75,6.37,0.37,4.37,44.87,2.87,43.4,1.5,48.0
358,902381,Bundesliga,25/26,SC Freiburg,Junior Adamu,Forward,6.6,0.2,0.33,0.59,1.38,0.59,0.79,14.29,0.99,41.67,0.2,0.0,0.0,0.2,0.0,0.0,1.18,0.0,0.0,0.0,0.0,0.0,0.0,0.0,2.17,1.18,1.18,0.39,0.2,0.0,0.0,0.0,0.0,0.0,0.39,0.2,0.0,0.79,16.18,9.47,6.71,58.54,2.96,6.51,3.16,0.2,50.0,0.2,50.0,9,7,456,0.2,0.0,1.97,1.78,14.21,0.59,9.47,49.48,4.93,54.35,4.54,45.1
359,1494826,Bundesliga,25/26,RB Leipzig,Conrad Harder,Forward,6.6,0.29,0.4,0.78,4.11,1.27,1.66,7.14,0.49,20.0,0.29,0.0,0.2,0.1,0.0,0.1,0.39,0.0,0.0,0.0,0.0,0.0,0.0,0.0,0.98,0.59,0.78,0.1,0.29,0.0,0.0,0.0,0.0,0.0,0.39,0.29,0.0,1.37,19.1,13.51,5.58,70.77,4.41,9.11,4.7,0.1,7.69,0.39,80.0,29,8,919,0.29,0.0,2.06,1.76,14.98,2.06,5.39,35.95,3.23,34.38,2.15,38.6
360,1482424,Bundesliga,25/26,Bayer 04 Leverkusen,Claudio Echeverri,Midfielder,6.6,0.0,0.07,0.0,0.66,0.0,0.0,0.0,0.66,20.0,0.0,0.0,0.0,0.0,0.0,0.0,0.0,0.0,0.0,0.0,0.0,0.0,0.0,0.0,0.66,0.66,0.0,0.66,0.66,0.0,0.0,0.0,0.0,0.0,0.0,0.0,0.0,0.66,48.31,45.0,3.31,93.15,20.51,24.49,15.22,1.32,33.33,1.32,100.0,6,1,136,0.0,0.0,0.0,1.32,13.24,2.65,2.65,30.77,2.65,30.77,0.0,0.0
361,1503757,Bundesliga,25/26,FC Bayern München,Jonah Kusi-Asare,Forward,6.6,0.0,0.0,0.0,0.0,0.0,0.0,0.0,0.0,0.0,0.0,0.0,0.0,0.0,0.0,0.0,0.0,0.0,0.0,0.0,0.0,0.0,0.0,0.0,0.0,0.0,0.0,9.0,0.0,0.0,0.0,0.0,0.0,0.0,0.0,0.0,0.0,0.0,0.0,0.0,0.0,0.0,0.0,0.0,0.0,0.0,0.0,0.0,0.0,1,0,10,0.0,0.0,9.0,0.0,9.0,0.0,0.0,0.0,0.0,0.0,0.0,0.0
362,1403018,Bundesliga,25/26,Eintracht Frankfurt,Elias Baum,Defender,6.6,0.0,0.0,0.0,0.0,0.0,0.0,0.0,0.0,0.0,0.0,0.0,0.0,0.0,0.0,0.0,0.0,0.0,0.0,0.0,0.0,0.0,0.0,0.0,1.27,1.27,1.27,0.0,0.0,0.0,0.0,0.0,0.0,0.0,0.0,0.0,0.0,1.27,82.39,74.79,7.61,90.77,44.37,30.42,15.21,1.27,25.0,3.8,37.5,5,0,71,0.0,0.0,3.8,0.0,16.48,0.0,3.8,30.0,1.27,16.67,2.54,50.0
363,1979970,Bundesliga,25/26,VfB Stuttgart,Ameen Al-Dakhil,Defender,6.6,0.0,0.01,0.0,0.23,0.0,0.23,0.0,0.46,66.67,0.0,0.0,0.0,0.0,0.0,0.0,0.0,0.0,0.0,0.0,0.0,0.0,0.0,0.0,1.85,0.92,5.77,0.69,0.46,0.0,0.23,0.0,0.0,0.0,0.0,0.0,0.0,0.46,58.62,51.92,6.69,88.58,30.69,21.23,6.0,0.0,0.0,1.15,31.25,8,3,390,0.23,0.0,0.23,0.23,8.54,0.92,4.38,55.88,2.31,55.56,2.08,56.25
364,311676,Bundesliga,25/26,FC Heidenheim,Jonas Föhrenbach,Defender,6.6,0.04,0.02,0.0,0.19,0.04,0.0,20.0,0.08,22.22,0.04,0.0,0.04,0.0,0.0,0.0,0.04,0.0,0.0,0.0,0.0,0.0,0.0,0.0,1.78,1.16,3.79,0.35,0.58,0.0,0.0,0.0,0.0,0.04,0.12,0.04,0.0,0.81,31.79,25.37,6.42,79.81,14.89,10.48,4.91,0.73,24.05,1.28,34.02,27,25,2327,0.12,0.0,0.62,0.7,10.48,0.15,3.52,57.23,2.51,60.75,1.01,50.0
365,1489220,Bundesliga,25/26,FC Bayern München,David Daiber,Midfielder,6.6,0.0,0.2,0.0,3.33,0.0,0.0,0.0,6.67,100.0,0.0,0.0,0.0,0.0,0.0,0.0,0.0,0.0,0.0,0.0,0.0,0.0,0.0,0.0,0.0,0.0,3.33,0.0,0.0,0.0,0.0,0.0,0.0,0.0,0.0,0.0,0.0,0.0,83.33,80.0,3.33,96.0,33.33,46.67,30.0,0.0,0.0,10.0,100.0,2,0,27,0.0,0.0,6.67,0.0,3.33,0.0,6.67,50.0,6.67,50.0,0.0,0.0
366,1596105,Bundesliga,25/26,SV Werder Bremen,Patrice Čović,Midfielder,6.6,0.26,0.34,0.26,1.29,0.52,0.0,20.0,0.0,0.0,0.26,0.0,0.0,0.0,0.26,0.0,0.0,0.0,0.0,0.0,0.0,0.0,0.0,0.0,3.36,1.03,2.33,0.0,1.55,0.0,0.0,0.0,0.0,0.0,0.52,0.0,0.0,0.78,51.72,41.12,10.6,79.5,18.1,23.02,11.64,0.78,42.86,3.1,50.0,15,2,348,0.26,0.0,1.55,0.52,14.48,0.52,3.88,41.67,3.88,45.45,0.0,0.0
367,1128638,Bundesliga,25/26,TSG Hoffenheim,Muhammed Damar,Midfielder,6.6,0.0,0.37,0.6,3.58,2.38,0.0,0.0,0.6,28.57,0.0,0.0,0.0,0.0,0.0,0.0,0.3,0.0,0.0,0.0,0.0,0.0,0.3,0.0,1.49,0.3,0.3,0.0,1.49,0.0,0.0,0.0,0.0,0.0,0.3,0.0,0.0,3.58,37.25,30.4,6.85,81.6,8.05,22.35,13.71,2.98,30.3,1.19,44.44,15,2,302,0.0,0.0,1.19,0.6,20.56,2.09,2.98,27.03,2.68,30.0,0.3,14.29
368,1406171,Bundesliga,25/26,RB Leipzig,Andrija Maksimović,Midfielder,6.6,0.0,0.08,0.0,2.05,0.0,0.0,0.0,0.0,0.0,0.0,0.0,0.0,0.0,0.0,0.0,0.0,0.0,0.0,0.0,0.0,0.0,0.0,0.0,0.0,0.0,1.02,1.02,0.0,0.0,0.0,0.0,0.0,0.0,1.02,0.0,0.0,3.07,52.16,49.09,3.07,94.12,20.45,28.64,13.3,1.02,50.0,4.09,80.0,8,0,88,0.0,0.0,1.02,2.05,7.16,1.02,3.07,33.33,2.05,40.0,1.02,25.0
369,954076,Bundesliga,25/26,Borussia Dortmund,Fábio Silva,Forward,6.59,0.22,0.29,0.11,2.5,0.87,0.65,8.7,1.3,41.38,0.22,0.0,0.0,0.11,0.11,0.0,0.33,0.0,0.0,0.0,0.0,0.0,0.0,0.0,0.76,0.22,0.11,0.11,0.22,0.0,0.0,0.0,0.0,0.0,0.76,0.65,0.0,1.85,29.13,21.09,8.04,72.39,4.46,16.63,11.09,0.33,23.08,0.43,57.14,28,7,828,0.33,0.0,2.07,1.09,15.33,1.63,4.67,33.08,3.15,35.37,1.52,29.17
370,873347,Bundesliga,25/26,FC St. Pauli,Lars Ritzka,Defender,6.59,0.0,0.04,0.0,0.37,0.09,0.28,0.0,0.0,0.0,0.0,0.0,0.0,0.0,0.0,0.0,0.19,0.0,0.0,0.0,0.0,0.0,0.0,0.0,3.71,1.48,3.15,0.46,1.76,0.0,0.0,0.0,0.0,0.0,0.19,0.0,0.0,0.56,35.44,25.7,9.74,72.51,15.22,10.48,4.64,0.37,21.05,1.39,27.27,21,12,970,0.09,0.0,1.02,0.28,13.08,0.0,5.01,52.94,3.9,57.53,1.11,41.38
371,319857,Bundesliga,25/26,RB Leipzig,Benjamin Henrichs,Defender,6.59,0.28,0.06,0.0,1.13,0.56,0.56,25.0,0.28,16.67,0.28,0.0,0.0,0.28,0.0,0.0,0.0,0.0,0.0,0.0,0.0,0.0,0.0,0.0,1.97,1.41,2.82,0.28,0.56,0.0,0.0,0.0,0.0,0.0,0.0,0.0,0.0,0.85,49.66,40.34,9.31,81.25,20.88,19.47,9.59,0.0,0.0,2.54,45.0,17,3,319,0.0,0.0,0.85,0.28,16.36,1.69,3.1,35.48,2.54,36.0,0.56,33.33
372,904991,Bundesliga,25/26,FC Union Berlin,Stanley Nsoki,Defender,6.59,0.11,0.02,0.0,0.33,0.11,0.11,33.33,0.44,66.67,0.11,0.0,0.0,0.11,0.0,0.0,0.0,0.0,0.0,0.0,0.0,0.0,0.0,0.0,1.42,2.08,6.45,0.22,0.33,0.11,0.11,0.11,0.0,0.22,0.0,0.22,0.0,0.44,35.32,24.71,10.61,69.97,14.54,10.17,5.47,0.33,25.0,3.61,38.82,13,10,823,0.22,0.0,0.87,0.87,14.54,0.33,4.59,65.63,2.73,62.5,1.86,70.83
373,103442,Bundesliga,25/26,SC Freiburg,Anthony Jung,Defender,6.59,0.0,0.01,0.0,0.17,0.0,0.17,0.0,0.17,100.0,0.0,0.0,0.0,0.0,0.0,0.0,0.0,0.0,0.0,0.0,0.0,0.0,0.0,0.0,0.68,1.53,6.48,1.36,0.51,0.17,0.0,0.0,0.0,0.0,0.17,0.0,0.0,0.68,55.23,45.68,9.55,82.72,28.3,17.39,6.48,0.0,0.0,2.22,31.71,12,4,528,0.34,0.0,0.68,0.51,10.23,0.34,3.58,58.33,1.19,43.75,2.39,70.0
374,57627,Bundesliga,25/26,FC St. Pauli,Karol Mets,Defender,6.59,0.05,0.04,0.0,0.33,0.05,0.19,14.29,0.05,50.0,0.05,0.0,0.05,0.0,0.0,0.0,0.05,0.0,0.0,0.0,0.0,0.0,0.0,0.0,1.16,0.93,5.77,0.33,0.28,0.05,0.09,0.05,0.0,0.09,0.0,0.0,0.0,0.19,55.84,47.89,7.96,85.75,32.48,15.4,5.44,0.09,33.33,2.75,38.82,23,22,1934,0.14,0.0,0.6,0.51,8.75,0.0,3.72,59.7,1.63,64.81,2.09,56.25
375,1131339,Bundesliga,25/26,SC Freiburg,Jordy Makengo,Defender,6.59,0.0,0.0,0.0,0.0,0.0,0.0,0.0,0.53,53.85,0.0,0.0,0.0,0.0,0.0,0.0,0.15,0.0,0.0,0.0,0.0,0.0,0.0,0.0,1.67,1.14,3.94,0.76,0.3,0.15,0.08,0.08,0.0,0.15,0.08,0.08,0.0,0.38,33.71,28.33,5.38,84.04,17.05,11.29,5.68,0.76,30.3,0.98,41.94,20,12,1188,0.08,0.0,0.76,0.68,9.85,0.3,3.94,61.9,2.88,63.33,1.06,58.33
376,997012,Bundesliga,25/26,Eintracht Frankfurt,Ansgar Knauff,Forward,6.58,0.27,0.26,0.2,2.36,0.95,0.47,11.43,0.74,40.74,0.27,0.0,0.0,0.07,0.2,0.07,0.47,0.0,0.0,0.0,0.0,0.0,0.0,0.0,0.88,0.61,0.68,0.0,0.74,0.0,0.0,0.0,0.0,0.0,0.27,0.07,0.0,1.15,23.92,16.89,7.03,70.62,4.26,12.64,7.84,0.54,20.51,0.2,30.0,28,12,1332,0.2,0.0,1.76,0.81,15.0,1.01,3.31,32.45,2.43,34.62,0.88,27.66
377,2245371,Bundesliga,25/26,FC Köln,Fynn Schenten,Forward,6.58,0.0,0.02,0.0,0.76,0.0,0.76,0.0,0.0,0.0,0.0,0.0,0.0,0.0,0.0,0.0,0.0,0.0,0.0,0.0,0.0,0.0,0.0,0.0,0.0,0.0,0.76,0.0,0.0,0.0,0.0,0.0,0.0,0.0,0.0,0.0,0.0,0.76,12.2,8.39,3.81,68.75,3.05,5.34,3.81,0.76,33.33,0.0,0.0,7,1,118,0.0,0.0,1.53,0.0,7.63,0.76,2.29,42.86,0.0,0.0,2.29,75.0
378,940236,Bundesliga,25/26,FC Heidenheim,Thomas Keller,Defender,6.58,0.0,0.02,0.0,0.94,0.0,0.47,0.0,0.47,100.0,0.0,0.0,0.0,0.0,0.0,0.0,0.0,0.0,0.0,0.0,0.0,0.0,0.47,0.0,0.47,0.0,4.71,0.0,0.0,0.0,0.0,0.0,0.0,0.0,0.0,0.0,0.0,0.0,56.07,46.65,9.42,83.19,35.34,11.31,1.41,0.0,0.0,2.36,41.67,4,3,191,0.47,0.0,1.41,0.94,10.84,0.0,3.77,57.14,1.88,66.67,1.88,50.0
379,800252,Bundesliga,25/26,FC Union Berlin,Tim Skarke,Midfielder,6.58,0.15,0.13,0.0,2.04,0.73,1.16,7.14,0.73,41.67,0.15,0.0,0.0,0.0,0.15,0.0,0.58,0.0,0.0,0.0,0.0,0.0,0.0,0.0,1.02,0.15,1.45,0.0,0.73,0.0,0.0,0.0,0.0,0.0,0.29,0.15,0.0,1.74,22.39,15.7,6.69,70.13,5.67,10.03,7.12,1.02,50.0,0.73,35.71,22,4,619,0.0,0.0,1.16,1.31,12.65,1.02,3.63,34.72,3.05,43.75,0.58,16.67
380,991824,Bundesliga,25/26,Hamburger SV,Rayan Philippe,Forward,6.58,0.35,0.36,0.28,2.72,1.11,0.98,12.82,0.84,32.43,0.35,0.0,0.0,0.28,0.07,0.07,0.14,0.0,0.07,0.0,0.0,0.0,0.0,0.0,1.39,0.28,0.63,0.0,0.56,0.0,0.0,0.07,0.0,0.0,0.21,0.0,0.0,1.11,14.21,9.89,4.32,69.61,3.2,6.69,4.18,0.49,22.58,0.42,35.29,28,13,1292,0.14,0.0,1.67,0.63,13.1,0.91,3.34,32.43,2.86,38.32,0.49,17.07
381,1127788,Bundesliga,25/26,VfL Wolfsburg,Aaron Zehnter,Defender,6.58,0.12,0.08,0.18,0.68,0.31,0.31,18.18,0.43,70.0,0.12,0.0,0.0,0.12,0.0,0.0,0.0,0.0,0.0,0.0,0.0,0.0,0.0,0.0,0.92,1.11,2.7,0.43,0.49,0.0,0.06,0.0,0.0,0.06,0.06,0.0,0.0,0.98,36.61,28.14,8.48,76.85,16.96,11.18,4.98,0.8,37.14,2.58,45.16,20,17,1465,0.0,0.0,0.12,0.0,11.61,0.06,1.9,49.21,1.35,62.86,0.55,32.14
382,825740,Bundesliga,25/26,FC Union Berlin,Alex Král,Midfielder,6.58,0.0,0.06,0.0,1.35,0.58,0.19,0.0,1.74,69.23,0.0,0.0,0.0,0.0,0.0,0.0,0.0,0.0,0.0,0.0,0.0,0.0,0.0,0.0,1.74,0.77,1.74,0.19,0.19,0.0,0.0,0.0,0.0,0.0,0.0,0.0,0.0,0.77,26.65,21.05,5.6,78.99,6.57,14.48,8.88,0.39,15.38,1.35,70.0,20,2,466,0.19,0.0,0.77,2.12,13.91,2.32,7.15,54.41,5.41,57.14,1.74,47.37
383,1069252,Bundesliga,25/26,FSV Mainz 05,Lasse Riess,Goalkeeper,6.58,0.0,0.0,0.0,0.0,0.0,0.0,0.0,0.31,100.0,0.0,0.0,0.0,0.0,0.0,0.0,0.0,0.0,0.0,0.0,0.0,0.0,0.0,0.0,0.0,0.0,0.31,0.0,0.0,0.0,0.0,0.0,0.0,0.0,0.0,0.0,0.0,0.0,30.62,18.87,11.75,61.62,14.54,4.33,1.55,0.0,0.0,4.95,29.63,4,3,291,0.0,0.0,0.0,0.31,12.06,0.0,1.24,100.0,0.93,100.0,0.31,100.0
384,1568535,Bundesliga,25/26,Hamburger SV,Otto Stange,Forward,6.57,0.0,0.3,0.31,2.81,0.31,1.25,0.0,1.56,50.0,0.0,0.0,0.0,0.0,0.0,0.0,0.0,0.0,0.0,0.0,0.0,0.0,0.0,0.0,0.94,0.0,0.31,0.0,0.31,0.0,0.0,0.0,0.0,0.0,0.0,0.0,0.0,0.31,13.12,9.38,3.75,71.43,4.06,5.31,1.88,0.31,16.67,0.31,100.0,10,2,288,0.0,0.0,1.56,1.88,13.12,2.81,5.94,43.18,4.38,41.18,1.56,50.0
385,831400,Bundesliga,25/26,FC St. Pauli,Mathias Pereira Lage,Forward,6.57,0.09,0.19,0.31,1.91,0.67,0.67,4.65,0.67,48.39,0.04,0.04,0.04,0.0,0.04,0.09,0.71,0.0,0.0,0.0,0.0,0.0,0.09,0.0,1.68,0.71,1.46,0.09,0.75,0.0,0.0,0.0,0.0,0.09,0.18,0.09,0.0,1.06,21.55,14.32,7.23,66.46,4.74,9.58,5.67,0.58,22.03,0.58,40.63,28,25,2030,0.13,0.0,1.37,1.42,14.1,1.02,5.67,45.07,3.68,49.4,2.0,38.79
386,1137900,Bundesliga,25/26,FC St. Pauli,Louis Oppie,Midfielder,6.57,0.06,0.05,0.06,0.84,0.22,0.45,6.67,0.17,33.33,0.06,0.0,0.0,0.06,0.0,0.06,0.22,0.0,0.0,0.0,0.0,0.0,0.0,0.0,1.34,0.56,2.39,0.11,0.56,0.06,0.0,0.0,0.0,0.11,0.17,0.0,0.0,0.56,36.09,28.29,7.8,78.4,11.86,16.43,8.69,0.39,12.07,1.23,32.35,23,17,1616,0.0,0.0,0.84,0.84,12.75,0.45,2.67,46.15,2.28,51.25,0.39,29.17
387,888854,Bundesliga,25/26,FC St. Pauli,Connor Metcalfe,Midfielder,6.57,0.0,0.09,0.15,2.4,0.6,1.05,0.0,0.9,42.86,0.0,0.0,0.0,0.0,0.0,0.0,0.0,0.0,0.0,0.0,0.0,0.0,0.0,0.0,2.25,0.9,0.75,0.0,1.2,0.0,0.0,0.0,0.0,0.0,0.45,0.3,0.0,1.5,29.25,21.6,7.65,73.85,5.7,15.9,10.05,1.2,34.78,0.45,23.08,25,3,600,0.3,0.0,1.35,0.3,15.9,1.5,4.5,40.54,3.45,39.66,1.05,43.75
388,327863,Bundesliga,25/26,FC Union Berlin,Robert Skov,Midfielder,6.57,0.0,0.01,0.0,0.4,0.0,0.4,0.0,1.21,100.0,0.0,0.0,0.0,0.0,0.0,0.0,0.0,0.0,0.0,0.0,0.0,0.0,0.0,0.0,2.42,0.81,2.83,0.0,1.21,0.0,0.0,0.0,0.0,0.0,0.0,0.0,0.0,0.4,25.02,16.95,8.07,67.74,7.26,9.69,4.84,1.21,23.08,0.4,11.11,3,3,223,0.0,0.0,2.02,1.21,16.95,0.81,5.25,54.17,4.84,54.55,0.4,50.0
389,142231,Bundesliga,25/26,SC Freiburg,Christian Günter,Defender,6.57,0.0,0.02,0.0,0.51,0.0,0.34,0.0,0.11,40.0,0.0,0.0,0.0,0.0,0.0,0.0,0.29,0.0,0.0,0.0,0.0,0.0,0.11,0.0,1.09,0.51,1.89,0.34,0.4,0.0,0.06,0.0,0.0,0.11,0.17,0.17,0.06,1.14,29.41,23.17,6.24,78.79,11.84,11.33,6.41,1.32,31.51,1.66,39.73,24,18,1573,0.17,0.0,0.57,0.34,12.02,0.23,2.12,53.62,1.54,54.0,0.57,52.63
390,988252,Bundesliga,25/26,FC Heidenheim,Tim Siersleben,Defender,6.57,0.0,0.04,0.08,0.41,0.25,0.16,0.0,0.0,0.0,0.0,0.0,0.0,0.0,0.0,0.0,0.08,0.0,0.0,0.0,0.0,0.0,0.0,0.0,1.89,1.65,6.01,0.82,0.91,0.0,0.0,0.08,0.0,0.0,0.0,0.0,0.0,0.16,44.88,36.56,8.32,81.47,24.04,12.52,5.11,0.25,23.08,3.05,37.0,15,12,1093,0.16,0.0,1.07,1.07,10.7,0.25,4.03,54.44,2.8,55.74,1.24,51.72
391,146853,Bundesliga,25/26,FC Augsburg,Jeffrey Gouweleeuw,Defender,6.57,0.0,0.03,0.0,0.53,0.32,0.11,0.0,0.21,66.67,0.0,0.0,0.0,0.0,0.0,0.0,0.11,0.0,0.0,0.0,0.0,0.0,0.0,0.0,2.01,1.48,6.45,0.32,0.42,0.0,0.0,0.11,0.0,0.0,0.0,0.11,0.0,0.53,39.24,31.09,8.14,79.25,19.35,11.74,3.81,0.32,60.0,2.75,38.24,11,10,851,0.32,0.0,0.74,0.32,10.26,0.32,4.02,53.52,2.54,63.16,1.48,42.42
392,1402924,Bundesliga,25/26,FC Köln,Jahmai Simpson-Pusey,Defender,6.57,0.0,0.04,0.0,0.62,0.31,0.1,0.0,0.31,100.0,0.0,0.0,0.0,0.0,0.0,0.0,0.0,0.0,0.0,0.0,0.0,0.0,0.0,0.0,0.94,1.35,6.44,0.73,0.1,0.0,0.1,0.0,0.0,0.0,0.0,0.0,0.0,0.21,55.91,48.43,7.48,86.62,33.67,14.76,3.74,0.0,0.0,2.29,34.92,11,10,866,0.21,0.1,0.42,0.42,8.73,0.1,4.16,68.97,1.66,76.19,2.49,64.86
393,575952,Bundesliga,25/26,FC Heidenheim,Mathias Honsak,Midfielder,6.56,0.14,0.23,0.29,2.21,0.57,1.14,6.45,1.07,39.47,0.14,0.0,0.0,0.14,0.0,0.07,0.64,0.0,0.0,0.0,0.0,0.0,0.0,0.0,1.5,1.29,2.0,0.07,0.71,0.0,0.0,0.0,0.0,0.0,0.14,0.07,0.07,0.86,21.43,15.86,5.57,74.0,6.29,9.57,5.07,0.21,11.54,0.93,72.22,27,15,1260,0.07,0.0,0.79,1.07,14.79,1.71,4.71,42.04,3.57,42.74,1.14,40.0
394,1130067,Bundesliga,25/26,Borussia M'gladbach,Fabio Chiarodia,Defender,6.56,0.0,0.08,0.26,0.52,0.13,0.39,0.0,0.13,50.0,0.0,0.0,0.0,0.0,0.0,0.39,0.0,0.0,0.0,0.0,0.0,0.0,0.0,0.0,1.96,1.57,5.61,0.78,0.52,0.0,0.0,0.0,0.0,0.0,0.0,0.0,0.0,0.13,57.52,49.43,8.09,85.94,35.87,13.57,3.52,0.0,0.0,1.3,24.39,15,8,690,0.13,0.0,1.04,0.13,8.87,0.13,3.0,52.27,2.22,54.84,0.78,46.15
395,945532,Bundesliga,25/26,Hamburger SV,Daniel Elfadli,Defender,6.56,0.0,0.03,0.07,0.28,0.07,0.14,0.0,0.21,75.0,0.0,0.0,0.0,0.0,0.0,0.0,0.0,0.0,0.0,0.0,0.0,0.0,0.0,0.0,1.56,1.42,4.27,0.64,0.5,0.0,0.0,0.14,0.0,0.21,0.0,0.0,0.0,0.14,47.35,44.22,3.13,93.39,32.06,12.16,2.42,0.0,0.0,1.0,51.85,21,15,1266,0.28,0.07,1.42,1.07,4.91,0.43,4.12,51.33,2.77,54.17,1.35,46.34
396,1009334,Bundesliga,25/26,VfB Stuttgart,Lorenz Assignon,Defender,6.56,0.0,0.05,0.08,0.97,0.32,0.41,0.0,0.89,52.38,0.0,0.0,0.0,0.0,0.0,0.0,0.08,0.0,0.0,0.0,0.0,0.0,0.0,0.0,1.79,1.06,2.52,0.16,0.41,0.0,0.0,0.08,0.0,0.24,0.24,0.0,0.0,0.81,38.95,32.62,6.33,83.75,13.63,18.99,9.5,0.89,27.5,0.73,34.62,24,12,1109,0.24,0.08,1.54,0.57,13.47,0.97,4.87,48.78,3.25,47.62,1.62,51.28
397,1153265,Bundesliga,25/26,VfB Stuttgart,Badredine Bouanani,Midfielder,6.56,0.0,0.18,0.37,2.99,0.75,1.31,0.0,0.75,26.67,0.0,0.0,0.0,0.0,0.0,0.0,0.19,0.0,0.0,0.0,0.0,0.0,0.56,0.0,0.75,0.75,0.75,0.0,0.56,0.0,0.0,0.0,0.0,0.19,0.0,0.0,0.0,0.94,37.8,29.38,8.42,77.72,5.24,24.14,13.85,0.94,19.23,0.94,71.43,14,5,481,0.19,0.0,0.19,1.12,18.34,1.5,2.99,36.36,2.62,37.84,0.37,28.57
398,1130950,Bundesliga,25/26,Borussia M'gladbach,Grant-Leon Ranos,Forward,6.55,0.74,0.39,0.0,2.95,1.48,1.48,25.0,0.74,25.0,0.74,0.0,0.74,0.0,0.0,0.0,0.0,0.0,0.0,0.0,0.0,0.0,0.0,0.0,0.74,0.74,0.74,0.0,2.21,0.0,0.0,0.0,0.0,0.0,0.0,0.0,0.0,0.74,31.72,26.56,5.16,83.72,5.16,21.39,9.59,0.0,0.0,0.0,0.0,8,0,122,0.74,0.0,0.74,0.74,17.7,1.48,3.69,27.78,2.21,25.0,1.48,33.33
399,228981,Bundesliga,25/26,Borussia M'gladbach,Tim Kleindienst,Forward,6.55,0.0,0.0,0.0,0.0,0.0,0.0,0.0,0.0,0.0,0.0,0.0,0.0,0.0,0.0,0.0,5.0,0.0,0.0,0.0,0.0,0.0,0.0,0.0,10.0,5.0,0.0,5.0,0.0,0.0,0.0,0.0,0.0,0.0,0.0,0.0,0.0,0.0,25.0,15.0,10.0,60.0,5.0,10.0,5.0,0.0,0.0,0.0,0.0,3,0,18,0.0,0.0,5.0,0.0,15.0,5.0,20.0,50.0,10.0,50.0,10.0,50.0
400,1014290,Bundesliga,25/26,TSG Hoffenheim,Tim Lemperle,Forward,6.55,0.37,0.39,0.41,2.43,0.96,0.96,15.09,0.69,37.5,0.32,0.05,0.05,0.0,0.32,0.23,0.83,0.05,0.05,0.05,100.0,0.0,0.05,0.0,0.96,0.28,1.19,0.05,0.83,0.0,0.0,0.0,0.0,0.05,0.09,0.09,0.0,1.24,23.61,16.58,7.03,70.23,5.05,11.53,7.86,0.18,16.67,0.23,33.33,29,24,1959,0.05,0.05,2.76,0.74,13.46,0.96,4.09,34.36,2.39,30.06,1.7,43.02
401,1210666,Bundesliga,25/26,FC Union Berlin,Tom Alexander Rothe,Defender,6.55,0.17,0.1,0.0,1.56,0.43,0.78,11.11,0.61,31.82,0.17,0.0,0.09,0.09,0.0,0.0,0.17,0.0,0.0,0.0,0.0,0.0,0.0,0.0,1.73,1.65,3.72,0.17,1.47,0.0,0.09,0.09,0.0,0.09,0.09,0.0,0.0,0.95,32.83,23.91,8.92,72.82,12.3,11.61,7.02,0.61,20.0,1.21,35.0,21,10,1039,0.09,0.09,0.87,0.52,18.62,1.13,5.11,45.38,2.86,37.5,2.25,61.9
402,918437,Bundesliga,25/26,FC Heidenheim,Mikkel Kaufmann,Forward,6.55,0.16,0.23,0.66,1.81,0.49,0.82,9.09,0.0,0.0,0.16,0.0,0.0,0.0,0.16,0.0,0.16,0.0,0.0,0.0,0.0,0.0,0.0,0.0,0.49,0.16,1.81,0.16,0.99,0.0,0.0,0.0,0.0,0.0,0.49,0.16,0.0,0.66,16.32,10.55,5.77,64.65,4.62,5.93,3.79,0.16,100.0,0.33,33.33,16,6,546,0.33,0.0,2.31,2.14,10.05,1.48,6.26,39.18,2.47,34.88,3.79,42.59
403,49639,Bundesliga,25/26,SC Freiburg,Nicolas Höfler,Midfielder,6.55,0.0,0.04,0.0,1.13,0.56,0.56,0.0,0.28,50.0,0.0,0.0,0.0,0.0,0.0,0.0,0.0,0.0,0.0,0.0,0.0,0.0,0.0,0.0,1.97,0.56,3.39,0.28,0.85,0.0,0.0,0.0,0.0,0.0,0.0,0.0,0.0,0.0,34.14,29.06,5.08,85.12,16.36,12.7,5.64,0.0,0.0,0.28,33.33,13,2,319,0.0,0.0,1.69,0.85,5.92,0.28,4.23,44.12,3.1,52.38,1.13,30.77
404,1977245,Bundesliga,25/26,Eintracht Frankfurt,Love Arrhov,Midfielder,6.55,0.0,0.0,0.0,0.0,0.0,0.0,0.0,1.17,33.33,0.0,0.0,0.0,0.0,0.0,0.0,0.0,0.0,0.0,0.0,0.0,0.0,0.0,0.0,2.34,0.0,1.17,0.0,0.0,0.0,0.0,0.0,0.0,0.0,0.0,0.0,0.0,1.17,26.88,19.87,7.01,73.91,7.01,12.86,5.84,0.0,0.0,0.0,0.0,5,1,77,1.17,0.0,2.34,1.17,14.03,2.34,4.68,40.0,4.68,40.0,0.0,0.0
405,1102528,Bundesliga,25/26,Hamburger SV,William Mikelbrencis,Midfielder,6.55,0.0,0.07,0.06,0.77,0.38,0.26,0.0,0.83,40.63,0.0,0.0,0.0,0.0,0.0,0.0,0.32,0.0,0.0,0.0,0.0,0.0,0.0,0.0,2.18,0.32,2.44,0.19,0.83,0.0,0.0,0.06,0.0,0.0,0.32,0.26,0.0,1.09,22.88,16.28,6.6,71.15,6.92,9.36,5.58,0.38,11.32,0.64,21.74,26,15,1404,0.19,0.0,1.15,0.32,17.12,1.28,3.97,43.06,3.33,42.98,0.64,43.48
406,1862226,Bundesliga,25/26,Hamburger SV,Alexander Røssing-Lelesiit,Midfielder,6.54,0.0,0.02,0.0,0.54,0.54,0.0,0.0,1.63,37.5,0.0,0.0,0.0,0.0,0.0,0.0,0.27,0.0,0.0,0.0,0.0,0.0,0.0,0.0,2.44,0.0,0.81,0.27,0.81,0.0,0.0,0.0,0.0,0.0,0.54,0.27,0.0,1.36,18.43,14.91,3.52,80.88,5.42,9.49,6.78,0.54,50.0,0.54,66.67,11,5,332,0.27,0.27,3.52,1.9,13.01,2.71,6.23,36.51,5.96,37.93,0.27,20.0
407,66518,Bundesliga,25/26,Eintracht Frankfurt,Mario Götze,Midfielder,6.54,0.0,0.06,0.0,0.51,0.0,0.2,0.0,0.51,35.71,0.0,0.0,0.0,0.0,0.0,0.0,0.1,0.0,0.0,0.0,0.0,0.0,0.0,0.0,1.43,0.51,0.31,0.31,1.33,0.0,0.0,0.0,0.0,0.0,0.61,0.0,0.0,1.54,50.58,42.08,8.5,83.2,20.48,21.6,11.88,0.61,26.09,1.33,52.0,21,8,879,0.1,0.0,0.92,1.23,14.85,1.54,3.28,34.41,3.17,40.26,0.1,6.25
408,1083410,Bundesliga,25/26,TSG Hoffenheim,Umut Tohumcu,Midfielder,6.54,0.0,0.06,0.0,1.3,0.0,1.3,0.0,0.65,50.0,0.0,0.0,0.0,0.0,0.0,0.0,0.0,0.0,0.0,0.0,0.0,0.0,0.0,0.0,1.96,0.0,1.3,0.0,0.0,0.0,0.0,0.0,0.0,0.0,0.0,0.0,0.0,0.0,30.0,25.43,4.57,84.78,14.35,11.09,3.91,0.0,0.0,2.61,100.0,5,1,138,1.3,0.0,1.3,1.3,10.43,1.3,3.91,50.0,3.91,54.55,0.0,0.0
409,1149113,Bundesliga,25/26,Eintracht Frankfurt,Oscar Højlund,Midfielder,6.54,0.08,0.04,0.16,0.57,0.25,0.16,14.29,0.41,41.67,0.0,0.08,0.0,0.0,0.08,0.0,0.08,0.08,0.0,0.0,0.0,0.0,0.0,0.0,2.37,0.57,1.39,0.41,0.66,0.08,0.08,0.08,0.0,0.0,0.16,0.08,0.0,0.57,46.19,41.44,4.75,89.72,19.41,22.03,9.17,0.0,0.0,1.64,64.52,24,12,1099,0.16,0.08,2.21,0.41,8.19,1.47,3.6,37.93,3.19,39.8,0.41,27.78
410,229544,Bundesliga,25/26,SV Werder Bremen,Niklas Stark,Defender,6.54,0.0,0.05,0.12,0.37,0.12,0.25,0.0,0.0,0.0,0.0,0.0,0.0,0.0,0.0,0.0,0.0,0.0,0.0,0.0,0.0,0.0,0.0,0.0,1.98,1.73,7.3,0.62,0.12,0.0,0.0,0.25,0.0,0.12,0.0,0.0,0.0,0.0,56.45,49.64,6.81,87.94,34.42,15.23,3.59,0.0,0.0,2.72,45.83,14,9,727,0.5,0.25,1.36,0.87,7.55,0.0,4.21,60.71,2.85,63.89,1.36,55.0
411,975800,Bundesliga,25/26,FSV Mainz 05,Benedict Hollerbach,Forward,6.53,0.1,0.21,0.51,2.24,0.61,0.92,4.55,1.22,38.71,0.1,0.0,0.0,0.0,0.1,0.2,0.51,0.0,0.0,0.0,0.0,0.0,0.0,0.0,1.33,0.1,0.31,0.1,0.41,0.0,0.1,0.0,0.0,0.0,0.31,0.2,0.0,0.41,18.78,13.57,5.2,72.28,4.59,8.98,5.41,0.31,15.0,0.31,75.0,14,13,882,0.0,0.0,1.84,1.33,17.24,3.57,5.61,31.61,3.88,33.93,1.73,27.42
412,1144143,Bundesliga,25/26,Borussia M'gladbach,Kota Takai,Defender,6.53,0.0,0.04,0.25,0.76,0.5,0.25,0.0,0.0,0.0,0.0,0.0,0.0,0.0,0.0,0.0,0.0,0.0,0.0,0.0,0.0,0.0,0.0,0.0,2.77,1.26,5.04,0.25,0.5,0.25,0.0,0.0,0.0,0.0,0.0,0.0,0.0,0.5,65.29,57.48,7.82,88.03,37.06,20.42,8.57,0.0,0.0,2.77,57.89,8,3,357,0.25,0.0,0.76,0.76,9.83,0.5,6.81,58.7,3.53,63.64,3.28,54.17
413,893962,Bundesliga,25/26,FSV Mainz 05,Lennard Maloney,Midfielder,6.53,0.0,0.06,0.17,0.86,0.17,0.34,0.0,0.0,0.0,0.0,0.0,0.0,0.0,0.0,0.0,0.17,0.0,0.0,0.0,0.0,0.0,0.0,0.0,1.72,1.38,4.83,0.34,0.34,0.0,0.0,0.0,0.0,0.0,0.0,0.0,0.0,0.17,29.83,21.55,8.28,72.25,16.03,5.52,2.41,0.17,50.0,0.69,23.53,21,4,522,0.17,0.0,2.24,0.52,9.14,0.52,6.03,46.05,2.24,41.94,3.79,48.89
414,1426577,Bundesliga,25/26,RB Leipzig,Tidiam Gomis,Midfielder,6.53,0.25,0.12,0.0,2.28,0.76,0.51,11.11,2.53,34.48,0.25,0.0,0.0,0.0,0.25,0.0,0.76,0.0,0.0,0.0,0.0,0.0,0.0,0.0,1.01,0.0,0.0,0.25,0.0,0.0,0.0,0.0,0.0,0.0,0.25,0.0,0.0,0.51,26.54,22.5,4.04,84.76,6.57,15.93,9.35,0.0,0.0,0.51,66.67,18,2,356,0.25,0.0,1.01,0.76,16.43,1.01,5.31,37.5,4.3,38.64,1.01,33.33
415,2114948,Bundesliga,25/26,VfL Wolfsburg,Pharell Hensel,Midfielder,6.53,0.0,0.02,0.0,1.02,0.0,1.02,0.0,1.02,100.0,0.0,0.0,0.0,0.0,0.0,0.0,0.0,0.0,0.0,0.0,0.0,0.0,0.0,0.0,1.02,0.0,3.07,0.0,0.0,0.0,0.0,0.0,0.0,0.0,0.0,0.0,0.0,0.0,26.59,21.48,5.11,80.77,9.2,12.27,5.11,0.0,0.0,2.05,100.0,5,1,88,0.0,0.0,0.0,1.02,9.2,1.02,3.07,50.0,3.07,75.0,0.0,0.0
416,1427148,Bundesliga,25/26,VfB Stuttgart,Lazar Jovanović,Midfielder,6.53,0.0,0.15,0.0,2.09,0.0,2.09,0.0,2.09,100.0,0.0,0.0,0.0,0.0,0.0,0.0,0.0,0.0,0.0,0.0,0.0,0.0,0.0,0.0,0.0,0.0,0.0,0.0,0.0,0.0,0.0,0.0,0.0,0.0,0.0,0.0,0.0,4.19,27.21,16.74,10.47,61.54,4.19,12.56,10.47,0.0,0.0,0.0,0.0,3,0,43,0.0,0.0,2.09,2.09,16.74,4.19,8.37,50.0,4.19,40.0,4.19,66.67
417,1418703,Bundesliga,25/26,TSG Hoffenheim,Max Moerstedt,Forward,6.53,0.44,0.18,0.0,1.53,0.88,0.44,28.57,0.88,57.14,0.44,0.0,0.44,0.0,0.0,0.0,0.66,0.0,0.0,0.0,0.0,0.0,0.0,0.0,1.53,0.0,1.09,0.22,0.22,0.0,0.0,0.0,0.0,0.0,0.22,0.0,0.0,0.44,22.99,16.86,6.13,73.33,6.13,10.73,5.26,0.22,25.0,0.22,25.0,22,1,411,0.44,0.0,3.07,2.19,14.01,2.19,6.79,39.24,4.6,42.86,2.19,33.33
418,827192,Bundesliga,25/26,Hamburger SV,Guilherme Ramos,Defender,6.53,0.0,0.27,0.0,1.15,1.15,0.0,0.0,1.15,100.0,0.0,0.0,0.0,0.0,0.0,0.0,0.0,0.0,0.0,0.0,0.0,0.0,0.0,0.0,0.0,0.0,8.08,0.0,0.0,0.0,0.0,0.0,0.0,0.0,0.0,0.0,0.0,1.15,51.92,35.77,16.15,68.89,20.77,15.0,6.92,0.0,0.0,0.0,0.0,8,0,78,0.0,0.0,1.15,1.15,19.62,0.0,6.92,46.15,2.31,66.67,4.62,40.0
419,1131337,Bundesliga,25/26,SC Freiburg,Maximilian Rosenfelder,Defender,6.53,0.0,0.0,0.0,0.18,0.0,0.0,0.0,0.36,66.67,0.0,0.0,0.0,0.0,0.0,0.0,0.18,0.0,0.0,0.0,0.0,0.0,0.0,0.0,1.42,0.89,5.15,0.36,0.0,0.0,0.18,0.0,0.18,0.36,0.0,0.0,0.0,0.0,42.43,37.81,4.62,89.12,28.22,9.59,2.49,0.0,0.0,1.78,47.62,12,5,507,0.0,0.0,0.36,0.89,6.21,0.36,3.55,51.28,2.49,73.68,1.07,30.0
420,254449,Bundesliga,25/26,Borussia M'gladbach,Marvin Friedrich,Defender,6.53,0.0,0.0,0.0,0.0,0.0,0.0,0.0,0.0,0.0,0.0,0.0,0.0,0.0,0.0,0.0,0.0,0.0,0.0,0.0,0.0,0.0,0.0,0.0,3.46,0.58,12.12,1.15,0.58,0.0,0.0,0.0,0.0,0.0,0.0,0.0,0.0,0.0,58.85,48.46,10.38,82.35,36.92,11.54,1.73,0.0,0.0,1.15,15.38,6,1,156,0.0,0.0,1.15,1.15,10.96,0.0,7.5,61.9,4.62,80.0,2.88,45.45
421,1464642,Bundesliga,25/26,VfB Stuttgart,Jeremy Arevalo,Forward,6.52,0.0,0.2,0.0,4.58,1.53,1.53,0.0,1.53,33.33,0.0,0.0,0.0,0.0,0.0,0.0,0.0,0.0,0.0,0.0,0.0,0.0,0.0,0.0,0.0,0.0,3.05,0.0,0.0,0.0,0.0,0.0,0.0,0.0,0.0,1.53,0.0,1.53,28.98,21.36,7.63,73.68,10.68,10.68,6.1,0.0,0.0,0.0,0.0,7,0,59,0.0,0.0,0.0,4.58,15.25,1.53,9.15,54.55,6.1,57.14,3.05,50.0
422,905347,Bundesliga,25/26,SV Werder Bremen,Yukinari Sugawara,Defender,6.52,0.0,0.07,0.07,1.11,0.41,0.37,0.0,0.41,39.29,0.0,0.0,0.0,0.0,0.0,0.0,0.07,0.0,0.0,0.0,0.0,0.0,0.0,0.0,1.33,0.44,2.63,0.22,0.37,0.0,0.07,0.0,0.0,0.22,0.15,0.22,0.0,0.74,41.19,32.9,8.29,79.87,15.36,17.54,9.66,0.7,26.03,2.33,40.13,31,29,2432,0.07,0.04,0.81,0.41,13.91,0.37,2.55,49.29,2.15,49.57,0.41,47.83
423,1215904,Bundesliga,25/26,FC Augsburg,Rodrigo Ribeiro,Forward,6.52,0.28,0.5,0.57,3.7,1.0,1.57,7.69,1.14,66.67,0.28,0.0,0.0,0.0,0.28,0.14,1.28,0.0,0.0,0.0,0.0,0.0,0.0,0.0,0.85,0.71,0.14,0.43,0.43,0.0,0.0,0.0,0.0,0.0,0.0,0.0,0.0,0.14,16.66,11.39,5.27,68.38,3.99,7.41,4.56,0.14,33.33,0.0,0.0,14,6,632,0.14,0.0,1.42,0.43,11.11,0.57,5.41,39.58,2.42,45.95,2.99,35.59
424,1499696,Bundesliga,25/26,VfL Wolfsburg,Kento Shiogai,Forward,6.51,0.27,0.42,0.82,2.46,1.64,0.55,11.11,0.82,33.33,0.27,0.0,0.0,0.0,0.27,0.0,0.82,0.0,0.0,0.0,0.0,0.0,0.0,0.0,1.91,0.82,1.09,0.0,3.28,0.0,0.0,0.0,0.0,0.0,0.27,0.0,0.0,0.55,15.32,10.94,4.38,71.43,3.28,7.66,4.65,0.0,0.0,0.27,25.0,12,2,329,0.82,0.0,2.19,0.82,10.67,1.91,3.83,26.42,3.56,30.23,0.27,10.0
425,1155226,Bundesliga,25/26,VfL Wolfsburg,Saël Kumbedi,Defender,6.51,0.0,0.02,0.05,0.25,0.0,0.15,0.0,0.8,43.24,0.0,0.0,0.0,0.0,0.0,0.0,0.2,0.0,0.0,0.0,0.0,0.0,0.0,0.0,2.24,0.8,3.44,0.3,1.05,0.0,0.0,0.05,0.0,0.0,0.2,0.25,0.0,0.85,33.31,25.78,7.53,77.4,12.96,12.81,7.03,0.4,20.0,0.55,20.0,24,20,1805,0.1,0.0,1.05,0.9,13.06,0.7,4.49,48.13,3.94,50.97,0.55,34.38
426,1113488,Bundesliga,25/26,FC Augsburg,Ismael Gharbi,Midfielder,6.5,0.0,0.23,0.0,2.93,0.0,1.96,0.0,0.98,16.67,0.0,0.0,0.0,0.0,0.0,0.0,0.0,0.0,0.0,0.0,0.0,0.0,1.96,0.0,0.98,0.0,0.98,0.0,0.0,0.0,0.0,0.0,0.0,0.0,0.0,0.0,0.0,0.98,42.07,32.28,9.78,76.74,9.78,22.5,10.76,0.98,25.0,0.0,0.0,6,0,92,0.0,0.0,1.96,7.83,23.48,2.93,9.78,45.45,9.78,50.0,0.0,0.0
427,1861987,Bundesliga,25/26,FC Augsburg,Tim Schnitzer,Midfielder,6.5,0.0,0.0,0.0,0.0,0.0,0.0,0.0,0.0,0.0,0.0,0.0,0.0,0.0,0.0,0.0,0.0,0.0,0.0,0.0,0.0,0.0,0.0,0.0,0.0,0.0,0.0,0.0,0.0,0.0,0.0,0.0,0.0,0.0,0.0,0.0,0.0,0.0,40.91,32.73,8.18,80.0,16.36,16.36,0.0,0.0,0.0,0.0,0.0,1,0,11,0.0,0.0,0.0,0.0,8.18,0.0,8.18,100.0,0.0,0.0,8.18,100.0
428,2217897,Bundesliga,25/26,SC Freiburg,Rouven Tarnutzer,Midfielder,6.5,0.0,0.0,0.0,0.0,0.0,0.0,0.0,0.0,0.0,0.0,0.0,0.0,0.0,0.0,0.0,0.0,0.0,0.0,0.0,0.0,0.0,0.0,0.0,0.0,0.0,0.0,0.0,0.0,0.0,0.0,0.0,0.0,0.0,0.0,0.0,0.0,0.0,24.55,24.55,0.0,100.0,24.55,0.0,0.0,0.0,0.0,8.18,100.0,1,0,11,0.0,0.0,0.0,8.18,8.18,8.18,8.18,50.0,8.18,50.0,0.0,0.0
429,1521250,Bundesliga,25/26,Borussia M'gladbach,Jan Urbich,Forward,6.5,0.0,0.0,0.0,0.0,0.0,0.0,0.0,2.25,33.33,0.0,0.0,0.0,0.0,0.0,0.0,0.0,0.0,0.0,0.0,0.0,0.0,0.0,0.0,0.0,0.0,4.5,0.0,0.0,0.0,0.0,0.0,0.0,0.0,0.0,0.0,0.0,2.25,20.25,9.0,11.25,44.44,4.5,4.5,2.25,0.0,0.0,0.0,0.0,3,0,40,0.0,0.0,2.25,4.5,20.25,0.0,11.25,55.56,6.75,50.0,4.5,66.67
430,871621,Bundesliga,25/26,FC St. Pauli,Oladapo Afolayan,Forward,6.5,0.0,0.36,1.16,2.32,1.16,0.58,0.0,1.16,16.67,0.0,0.0,0.0,0.0,0.0,0.0,0.0,0.0,0.0,0.0,0.0,0.0,0.0,0.0,2.32,0.0,1.16,0.58,0.0,0.0,0.0,0.0,0.0,0.0,0.0,0.0,0.0,1.16,37.16,28.45,8.71,76.56,3.48,24.97,12.19,0.58,10.0,2.32,80.0,7,1,155,0.58,0.0,1.16,3.48,29.61,4.06,8.71,40.54,6.97,40.0,1.74,42.86
431,254297,Bundesliga,25/26,TSG Hoffenheim,Ihlas Bebou,Forward,6.5,0.0,0.23,0.42,2.09,0.84,0.84,0.0,1.26,100.0,0.0,0.0,0.0,0.0,0.0,0.0,0.84,0.0,0.0,0.0,0.0,0.0,0.0,0.0,0.42,1.26,1.26,0.42,0.84,0.0,0.0,0.0,0.0,0.0,0.84,0.0,0.0,0.84,19.26,15.91,3.35,82.61,4.19,11.72,7.53,0.0,0.0,0.0,0.0,16,0,215,0.42,0.0,2.51,0.84,10.47,1.67,2.51,23.08,2.51,35.29,0.0,0.0
432,2197599,Bundesliga,25/26,FC Köln,Youssoupha Niang,Forward,6.5,0.0,0.14,0.0,2.1,0.42,1.26,0.0,0.0,0.0,0.0,0.0,0.0,0.0,0.0,0.0,0.0,0.0,0.0,0.0,0.0,0.0,0.0,0.0,1.26,0.0,2.94,0.0,0.42,0.0,0.0,0.0,0.0,0.0,0.0,0.0,0.0,1.26,19.35,13.46,5.89,69.57,5.47,7.99,5.05,0.84,100.0,0.0,0.0,10,2,214,0.0,0.0,2.52,1.68,12.2,0.84,7.57,42.86,2.94,36.84,4.63,47.83
433,1152505,Bundesliga,25/26,FSV Mainz 05,Nelson Weiper,Forward,6.5,0.0,0.43,0.77,2.0,0.92,0.61,0.0,1.08,50.0,0.0,0.0,0.0,0.0,0.0,0.0,0.92,0.0,0.0,0.0,0.0,0.0,0.0,0.0,0.46,0.46,0.46,0.15,0.61,0.0,0.0,0.0,0.0,0.0,0.0,0.0,0.0,0.92,21.35,13.36,7.99,62.59,4.45,8.91,6.45,0.0,0.0,0.61,80.0,24,3,586,0.15,0.0,0.92,0.46,16.13,2.15,7.22,37.6,2.0,29.55,5.22,41.98
434,232306,Bundesliga,25/26,RB Leipzig,Timo Werner,Forward,6.5,0.0,0.0,0.0,0.0,0.0,0.0,0.0,0.0,0.0,0.0,0.0,0.0,0.0,0.0,0.0,6.92,0.0,0.0,0.0,0.0,0.0,0.0,0.0,0.0,0.0,0.0,0.0,0.0,0.0,0.0,0.0,0.0,0.0,0.0,0.0,0.0,0.0,55.38,48.46,6.92,87.5,6.92,41.54,20.77,6.92,50.0,0.0,0.0,3,0,13,0.0,0.0,0.0,0.0,13.85,0.0,0.0,0.0,0.0,0.0,0.0,0.0
435,2236502,Bundesliga,25/26,FC Bayern München,Maycon Cardozo,Forward,6.5,0.0,0.0,0.0,0.0,0.0,0.0,0.0,0.0,0.0,0.0,0.0,0.0,0.0,0.0,0.0,0.0,0.0,0.0,0.0,0.0,0.0,0.0,0.0,0.0,0.0,2.81,0.0,0.0,0.0,0.0,0.0,0.0,0.0,0.0,0.0,0.0,0.0,45.0,42.19,2.81,93.75,14.06,28.12,8.44,0.0,0.0,0.0,0.0,2,0,32,0.0,0.0,0.0,5.62,8.44,0.0,5.62,66.67,5.62,66.67,0.0,0.0
436,861850,Bundesliga,25/26,FC St. Pauli,Martijn Kaars,Forward,6.5,0.2,0.23,0.26,1.58,0.66,0.33,12.5,0.33,35.71,0.2,0.0,0.0,0.0,0.2,0.07,0.26,0.07,0.07,0.07,100.0,0.0,0.0,0.0,0.46,0.0,0.46,0.0,0.39,0.0,0.0,0.0,0.0,0.0,0.2,0.07,0.0,0.66,21.78,17.17,4.61,78.85,6.38,10.79,6.64,0.13,12.5,0.39,66.67,29,14,1368,0.13,0.0,0.53,0.39,10.07,1.38,2.04,27.43,1.18,29.03,0.86,25.49
437,2269705,Bundesliga,25/26,RB Leipzig,Samba Konaté,Forward,6.5,0.0,0.23,0.0,11.25,0.0,11.25,0.0,0.0,0.0,0.0,0.0,0.0,0.0,0.0,0.0,0.0,0.0,0.0,0.0,0.0,0.0,0.0,0.0,0.0,0.0,0.0,0.0,0.0,0.0,0.0,0.0,0.0,0.0,0.0,0.0,0.0,0.0,0.0,0.0,0.0,0.0,0.0,0.0,0.0,0.0,0.0,0.0,0.0,1,0,8,0.0,0.0,0.0,0.0,0.0,0.0,0.0,0.0,0.0,0.0,0.0,0.0
438,980418,Bundesliga,25/26,FC Bayern München,Sacha Boey,Defender,6.5,0.0,0.05,0.0,1.17,0.0,0.39,0.0,0.19,11.11,0.0,0.0,0.0,0.0,0.0,0.0,0.0,0.0,0.0,0.0,0.0,0.0,0.0,0.0,1.17,0.97,1.56,0.0,0.58,0.19,0.0,0.0,0.0,0.19,0.0,0.0,0.0,0.78,57.08,49.29,7.79,86.35,17.92,31.36,15.78,0.19,20.0,0.19,16.67,9,5,462,0.19,0.0,1.95,1.56,13.64,0.78,3.9,41.67,2.73,36.84,1.17,60.0
439,1083382,Bundesliga,25/26,Borussia M'gladbach,Lukas Ullrich,Defender,6.5,0.0,0.04,0.0,0.68,0.14,0.41,0.0,0.62,40.91,0.0,0.0,0.0,0.0,0.0,0.0,0.07,0.0,0.0,0.0,0.0,0.0,0.0,0.0,1.92,1.44,2.87,0.34,0.68,0.0,0.07,0.07,0.0,0.14,0.07,0.0,0.0,0.96,33.33,25.94,7.39,77.82,14.65,11.29,5.34,0.68,26.32,1.23,30.51,23,14,1315,0.14,0.0,1.16,0.75,13.14,0.48,3.97,51.79,3.29,51.06,0.68,55.56
440,1568511,Bundesliga,25/26,VfL Wolfsburg,Jan Bürger,Defender,6.48,0.0,0.02,0.0,0.69,0.35,0.35,0.0,0.35,20.0,0.0,0.0,0.0,0.0,0.0,0.0,0.0,0.0,0.0,0.0,0.0,0.0,0.0,0.0,1.04,0.35,4.52,1.04,0.69,0.0,0.0,0.0,0.0,0.0,0.0,0.0,0.0,0.69,22.24,15.29,6.95,68.75,8.69,6.6,4.17,0.69,33.33,1.04,33.33,7,2,259,0.0,0.0,1.39,1.74,15.64,0.69,3.82,40.74,3.13,42.86,0.69,33.33
441,1005834,Bundesliga,25/26,FSV Mainz 05,Armindo Sieb,Forward,6.47,0.33,0.36,0.65,2.93,0.98,0.98,11.11,0.98,33.33,0.33,0.0,0.0,0.0,0.33,0.16,0.49,0.0,0.0,0.0,0.0,0.0,0.0,0.0,1.14,0.16,0.49,0.0,0.81,0.0,0.16,0.0,0.0,0.0,0.16,0.0,0.0,1.46,23.92,16.6,7.32,69.39,4.88,11.72,7.97,0.81,38.46,0.16,33.33,22,3,553,0.16,0.0,2.6,0.33,18.72,3.09,4.39,27.84,2.44,23.81,1.95,35.29
442,1797852,Bundesliga,25/26,SV Werder Bremen,Karim Coulibaly,Defender,6.47,0.04,0.03,0.04,0.25,0.04,0.21,16.67,0.34,66.67,0.04,0.0,0.0,0.04,0.0,0.0,0.04,0.0,0.0,0.0,0.0,0.0,0.0,0.0,1.15,0.98,4.54,0.72,0.64,0.04,0.08,0.0,0.04,0.13,0.0,0.0,0.0,0.3,60.95,52.85,8.1,86.71,35.37,17.47,5.05,0.13,23.08,2.59,40.4,27,24,2122,0.13,0.04,0.76,0.38,9.59,0.08,3.39,49.69,1.87,53.66,1.53,45.57
443,855808,Bundesliga,25/26,FC Augsburg,Samuel Essende,Forward,6.47,0.21,0.37,0.43,3.63,0.85,1.92,5.88,1.07,71.43,0.21,0.0,0.0,0.0,0.21,0.21,1.07,0.0,0.0,0.0,0.0,0.0,0.0,0.0,0.85,0.0,0.43,0.0,0.21,0.0,0.0,0.0,0.0,0.0,0.0,0.0,0.0,0.85,19.62,13.44,6.18,68.48,4.05,9.38,4.69,0.0,0.0,0.0,0.0,14,2,422,0.43,0.0,3.63,2.99,14.93,2.13,8.32,39.8,4.69,43.14,3.63,36.17
444,1482433,Bundesliga,25/26,Borussia M'gladbach,Alejo Sarco,Forward,6.45,0.0,0.21,0.0,2.86,0.0,2.14,0.0,0.71,100.0,0.0,0.0,0.0,0.0,0.0,0.0,0.0,0.0,0.0,0.0,0.0,0.0,0.0,0.0,0.71,0.0,0.71,0.0,0.71,0.0,0.0,0.0,0.0,0.0,0.71,0.0,0.0,1.43,16.43,11.43,5.0,69.57,2.86,8.57,7.86,0.0,0.0,0.0,0.0,6,0,126,0.0,0.0,1.43,1.43,8.57,1.43,3.57,38.46,2.86,44.44,0.71,25.0
445,841985,Bundesliga,25/26,Hamburger SV,Emir Sahiti,Forward,6.45,0.0,0.0,0.0,0.0,0.0,0.0,0.0,2.95,66.67,0.0,0.0,0.0,0.0,0.0,0.0,0.0,0.0,0.0,0.0,0.0,0.0,0.0,0.0,0.0,0.0,0.74,0.0,2.21,0.0,0.0,0.0,0.0,0.0,0.0,0.0,0.0,0.74,22.87,16.23,6.64,70.97,8.85,7.38,4.43,0.0,0.0,0.0,0.0,2,2,122,0.0,0.0,0.0,0.74,11.07,1.48,3.69,38.46,3.69,41.67,0.0,0.0
446,822340,Bundesliga,25/26,FSV Mainz 05,Phillip Tietz,Forward,6.45,0.3,0.44,0.95,2.59,1.2,1.05,11.54,0.6,38.71,0.3,0.0,0.15,0.0,0.15,0.15,1.05,0.05,0.05,0.0,0.0,0.0,0.1,0.0,0.4,0.35,1.84,0.05,0.25,0.0,0.0,0.0,0.0,0.05,0.15,0.15,0.05,1.1,24.65,14.39,10.26,58.38,4.13,10.26,5.98,0.05,33.33,0.35,50.0,29,19,1807,0.2,0.0,1.89,1.25,16.69,1.64,6.92,41.25,2.24,32.61,4.68,47.24
447,352562,Bundesliga,25/26,VfB Stuttgart,Pascal Stenzel,Defender,6.45,0.0,0.26,0.0,2.52,0.84,0.84,0.0,0.0,0.0,0.0,0.0,0.0,0.0,0.0,0.0,0.0,0.0,0.0,0.0,0.0,0.0,0.0,0.0,0.0,1.68,1.68,0.0,0.0,0.0,0.0,0.0,0.0,0.0,0.0,0.0,0.0,0.0,47.1,40.37,6.73,85.71,15.14,25.23,9.25,0.0,0.0,3.36,80.0,2,2,107,1.68,0.0,1.68,1.68,15.98,0.0,2.52,50.0,1.68,50.0,0.84,50.0
448,1087043,Bundesliga,25/26,SV Werder Bremen,Julián Malatini,Defender,6.44,0.0,0.0,0.0,0.33,0.0,0.17,0.0,0.17,33.33,0.0,0.0,0.0,0.0,0.0,0.0,0.0,0.0,0.0,0.0,0.0,0.0,0.0,0.0,2.5,0.83,7.67,0.17,0.67,0.17,0.0,0.0,0.0,0.0,0.0,0.0,0.0,0.33,56.5,47.17,9.33,83.48,32.33,14.83,6.17,0.33,40.0,1.33,25.0,11,5,540,0.5,0.0,1.17,0.17,11.67,0.17,4.67,52.83,2.83,54.84,1.83,50.0
449,1976732,Bundesliga,25/26,FC Bayern München,Wisdom Mike,Forward,6.43,0.0,0.22,0.0,4.86,2.43,2.43,0.0,0.0,0.0,0.0,0.0,0.0,0.0,0.0,0.0,0.0,0.0,0.0,0.0,0.0,0.0,0.0,0.0,0.0,2.43,0.0,0.0,0.0,0.0,0.0,0.0,0.0,0.0,0.0,0.0,0.0,0.0,41.35,34.05,7.3,82.35,12.16,21.89,7.3,0.0,0.0,0.0,0.0,4,0,37,0.0,0.0,0.0,0.0,19.46,4.86,0.0,0.0,0.0,0.0,0.0,0.0
450,906278,Bundesliga,25/26,VfB Stuttgart,Josha Vagnoman,Defender,6.43,0.06,0.16,0.28,1.07,0.62,0.4,5.26,0.34,54.55,0.06,0.0,0.0,0.06,0.0,0.0,0.0,0.06,0.0,0.0,0.0,0.0,0.0,0.0,1.69,0.17,2.77,0.23,0.79,0.0,0.11,0.0,0.0,0.28,0.17,0.17,0.0,0.9,34.46,28.19,6.27,81.8,12.71,15.48,8.19,0.34,18.75,0.68,30.0,27,18,1593,0.17,0.0,0.96,0.9,11.13,0.73,3.9,48.59,2.94,51.49,0.96,41.46
451,906276,Bundesliga,25/26,Eintracht Frankfurt,Jessic Ngankam,Forward,6.43,0.0,0.0,0.0,0.0,0.0,0.0,0.0,1.29,100.0,0.0,0.0,0.0,0.0,0.0,0.0,0.0,0.0,0.0,0.0,0.0,0.0,0.0,0.0,0.0,0.0,0.0,1.29,0.0,0.0,0.0,0.0,0.0,0.0,0.0,0.0,0.0,0.0,21.86,19.29,2.57,88.24,7.71,11.57,3.86,0.0,0.0,1.29,100.0,3,0,70,0.0,0.0,5.14,2.57,9.0,3.86,3.86,20.0,3.86,30.0,0.0,0.0
452,1134578,Bundesliga,25/26,TSG Hoffenheim,Cole Campbell,Midfielder,6.43,0.0,0.14,0.0,1.82,0.0,0.91,0.0,0.91,100.0,0.0,0.0,0.0,0.0,0.0,0.0,0.0,0.0,0.0,0.0,0.0,0.0,0.0,0.0,0.0,0.0,0.0,0.0,0.91,0.0,0.0,0.0,0.0,0.0,0.0,0.0,0.0,2.73,29.09,24.55,4.55,84.38,2.73,21.82,16.36,1.82,40.0,0.0,0.0,6,0,99,0.0,0.0,0.0,0.91,15.45,1.82,1.82,22.22,1.82,40.0,0.0,0.0
453,798936,Bundesliga,25/26,FC Heidenheim,Benedikt Gimber,Defender,6.43,0.0,0.02,0.0,0.31,0.12,0.12,0.0,0.31,71.43,0.0,0.0,0.0,0.0,0.0,0.0,0.0,0.0,0.0,0.0,0.0,0.0,0.0,0.0,2.18,0.81,5.53,0.44,0.56,0.0,0.06,0.06,0.0,0.0,0.06,0.0,0.0,0.06,41.21,34.56,6.65,83.86,25.86,8.7,2.42,0.19,60.0,2.18,39.77,21,18,1448,0.37,0.0,1.68,1.93,8.39,0.62,6.09,59.39,4.41,59.66,1.68,58.7
454,1112796,Bundesliga,25/26,FC St. Pauli,Andreas Hountondji,Forward,6.42,0.33,0.35,0.58,1.74,1.08,0.33,19.05,0.75,33.33,0.33,0.0,0.08,0.08,0.17,0.0,0.5,0.0,0.08,0.0,0.0,0.0,0.0,0.0,0.58,0.08,0.42,0.17,0.42,0.0,0.0,0.0,0.0,0.0,0.08,0.0,0.0,0.5,12.45,8.22,4.23,66.0,2.08,6.14,4.32,0.08,5.0,0.17,66.67,21,15,1084,0.17,0.0,0.75,0.5,12.29,1.25,2.74,23.74,1.83,33.33,0.91,15.07
455,947929,Bundesliga,25/26,VfL Wolfsburg,Jesper Lindstrøm,Midfielder,6.42,0.0,0.22,0.23,2.08,1.15,0.69,0.0,1.85,44.44,0.0,0.0,0.0,0.0,0.0,0.23,0.0,0.0,0.0,0.0,0.0,0.0,0.0,0.0,1.85,0.0,0.69,0.0,1.62,0.0,0.0,0.0,0.0,0.0,0.46,0.0,0.0,0.92,26.31,20.54,5.77,78.07,6.69,13.85,8.31,0.46,33.33,0.23,33.33,13,4,390,0.46,0.0,2.31,0.92,14.08,2.31,5.31,36.51,4.62,35.71,0.69,42.86
456,920022,Bundesliga,25/26,FC Heidenheim,Omar Haktab Traore,Defender,6.42,0.0,0.03,0.06,0.59,0.12,0.36,0.0,0.77,52.0,0.0,0.0,0.0,0.0,0.0,0.0,0.12,0.0,0.0,0.0,0.0,0.0,0.0,0.0,1.43,0.83,1.61,0.06,0.65,0.0,0.0,0.0,0.0,0.0,0.18,0.12,0.0,0.77,33.65,25.92,7.73,77.03,12.72,13.2,7.01,0.24,10.81,1.9,43.84,26,16,1514,0.12,0.0,1.31,1.13,14.45,0.71,3.92,46.48,3.27,50.93,0.65,32.35
457,1020206,Bundesliga,25/26,FC Köln,Sebastian Sebulonsen,Defender,6.42,0.0,0.06,0.0,1.11,0.18,0.4,0.0,0.65,46.15,0.0,0.0,0.0,0.0,0.0,0.0,0.14,0.0,0.0,0.0,0.0,0.0,0.07,0.0,1.58,0.5,3.02,0.18,0.57,0.04,0.11,0.0,0.0,0.07,0.18,0.0,0.0,0.75,29.17,22.49,6.68,77.09,11.96,10.53,5.14,0.36,15.15,1.15,32.32,31,28,2505,0.18,0.0,0.4,0.32,14.23,0.57,3.59,52.63,2.55,52.59,1.04,52.73
458,1166832,Bundesliga,25/26,SV Werder Bremen,Keke Topp,Forward,6.42,0.14,0.28,0.55,3.41,0.41,1.5,4.0,0.68,55.56,0.14,0.0,0.0,0.14,0.0,0.0,0.27,0.0,0.0,0.0,0.0,0.0,0.0,0.0,1.23,0.14,1.5,0.0,0.96,0.0,0.0,0.0,0.0,0.0,0.14,0.14,0.0,1.09,25.81,19.39,6.42,75.13,5.87,13.52,8.19,0.14,20.0,0.41,42.86,20,7,659,0.55,0.0,2.19,0.96,15.02,1.5,5.87,37.39,2.73,35.71,3.14,38.98
459,1474296,Bundesliga,25/26,Eintracht Frankfurt,Younes Ebnoutalib,Forward,6.42,0.65,0.42,0.65,3.24,1.29,1.94,20.0,0.65,33.33,0.65,0.0,0.0,0.0,0.65,0.0,0.0,0.0,0.0,0.0,0.0,0.0,0.0,0.0,0.0,0.65,0.65,0.0,1.29,0.0,0.0,0.0,0.0,0.0,0.0,0.0,0.0,1.29,13.6,10.36,3.24,76.19,3.24,7.12,4.53,0.0,0.0,0.0,0.0,5,2,139,0.0,0.0,1.29,1.29,12.3,4.53,3.24,16.13,1.94,18.75,1.29,13.33
460,1146091,Bundesliga,25/26,Hamburger SV,Damion Downs,Forward,6.41,0.0,0.1,0.16,1.15,0.65,0.16,0.0,0.33,22.22,0.0,0.0,0.0,0.0,0.0,0.0,0.33,0.0,0.0,0.0,0.0,0.0,0.0,0.0,0.98,0.0,0.98,0.16,0.0,0.0,0.0,0.0,0.0,0.0,0.16,0.0,0.0,1.15,11.45,9.0,2.45,78.57,3.6,5.4,3.11,0.0,0.0,0.16,50.0,12,6,550,0.0,0.0,1.31,0.16,7.69,0.98,2.62,26.23,1.47,31.03,1.15,21.88
461,1481370,Bundesliga,25/26,FC Augsburg,Aiman Dardari,Forward,6.4,0.0,0.15,0.0,2.57,0.0,0.0,0.0,0.0,0.0,0.0,0.0,0.0,0.0,0.0,0.0,0.0,0.0,0.0,0.0,0.0,0.0,0.0,0.0,0.0,0.0,0.0,0.0,0.0,0.0,0.0,0.0,0.0,0.0,0.0,0.0,0.0,0.0,25.71,15.43,10.29,60.0,7.71,7.71,5.14,0.0,0.0,0.0,0.0,3,0,35,2.57,0.0,2.57,2.57,20.57,0.0,2.57,16.67,2.57,33.33,0.0,0.0
462,1996846,Bundesliga,25/26,FC Augsburg,Uchenna Ogundu,Forward,6.4,0.0,0.41,0.0,5.4,0.0,3.6,0.0,0.0,0.0,0.0,0.0,0.0,0.0,0.0,1.8,0.0,1.8,0.0,0.0,0.0,0.0,0.0,0.0,0.0,0.0,1.8,0.0,0.0,0.0,0.0,0.0,0.0,0.0,0.0,0.0,0.0,0.0,16.2,9.0,7.2,55.56,3.6,5.4,5.4,0.0,0.0,0.0,0.0,5,0,50,0.0,0.0,1.8,1.8,23.4,1.8,5.4,23.08,1.8,33.33,3.6,20.0
463,979315,Bundesliga,25/26,Eintracht Frankfurt,Elye Wahi,Forward,6.4,0.0,0.22,1.64,1.91,0.82,0.82,0.0,0.27,14.29,0.0,0.0,0.0,0.0,0.0,0.0,1.09,0.0,0.0,0.0,0.0,0.0,0.0,0.0,0.55,0.0,0.0,0.27,0.0,0.0,0.0,0.0,0.0,0.0,0.27,0.27,0.0,1.09,21.55,18.0,3.55,83.54,7.64,10.36,6.27,0.0,0.0,0.0,0.0,10,3,330,0.27,0.0,0.55,1.09,12.55,1.64,3.55,38.24,1.91,35.0,1.64,42.86
464,147745,Bundesliga,25/26,Eintracht Frankfurt,Michy Batshuayi,Forward,6.4,0.64,0.73,0.64,3.21,0.64,0.64,20.0,0.64,50.0,0.64,0.0,0.0,0.0,0.64,0.0,0.64,0.0,0.64,0.64,100.0,0.0,0.0,0.0,0.64,0.0,0.64,0.0,0.0,0.0,0.0,0.0,0.0,0.0,0.0,0.0,0.0,1.29,24.43,18.0,6.43,73.68,9.0,9.0,6.43,0.0,0.0,0.64,100.0,6,1,140,0.0,0.0,1.29,0.64,14.14,2.57,3.86,26.09,1.93,33.33,1.93,21.43
465,925790,Bundesliga,25/26,FC St. Pauli,Taichi Hara,Forward,6.4,0.0,0.41,2.9,2.9,0.0,2.9,0.0,0.0,0.0,0.0,0.0,0.0,0.0,0.0,0.0,0.0,0.0,0.0,0.0,0.0,0.0,0.0,0.0,0.0,0.0,0.0,0.0,0.0,0.0,0.0,0.0,0.0,0.0,0.0,0.0,0.0,0.0,20.32,8.71,11.61,42.86,2.9,5.81,5.81,0.0,0.0,0.0,0.0,4,0,31,0.0,0.0,0.0,0.0,20.32,0.0,2.9,33.33,0.0,0.0,2.9,33.33
466,907530,Bundesliga,25/26,FC Köln,Jusuf Gazibegović,Defender,6.4,0.0,0.0,0.0,0.0,0.0,0.0,0.0,0.0,0.0,0.0,0.0,0.0,0.0,0.0,0.0,0.0,0.0,0.0,0.0,0.0,0.0,0.0,0.0,0.0,0.0,8.18,0.0,0.0,0.0,0.0,0.0,0.0,0.0,0.0,0.0,0.0,0.0,24.55,20.45,4.09,83.33,16.36,4.09,0.0,4.09,100.0,0.0,0.0,1,0,22,0.0,0.0,0.0,0.0,12.27,0.0,0.0,0.0,0.0,0.0,0.0,0.0
467,2192753,Bundesliga,25/26,FC Heidenheim,Adam Kölle,Defender,6.38,1.01,0.66,1.01,2.02,1.01,1.01,50.0,0.0,0.0,1.01,0.0,0.0,1.01,0.0,0.0,0.0,0.0,0.0,0.0,0.0,0.0,0.0,0.0,1.01,1.01,11.12,0.0,1.01,0.0,1.01,0.0,0.0,0.0,0.0,0.0,0.0,1.01,31.35,21.24,10.11,67.74,15.17,6.07,4.04,1.01,100.0,2.02,33.33,6,0,89,1.01,0.0,5.06,1.01,14.16,0.0,5.06,29.41,2.02,22.22,3.03,37.5
468,171927,Bundesliga,25/26,SC Freiburg,Maximilian Philipp,Forward,6.35,0.0,0.0,0.0,0.0,0.0,0.0,0.0,0.0,0.0,0.0,0.0,0.0,0.0,0.0,0.0,0.0,0.0,0.0,0.0,0.0,0.0,0.0,0.0,2.81,0.0,0.0,0.0,0.0,0.0,0.0,0.0,0.0,0.0,0.0,0.0,0.0,0.0,22.5,11.25,11.25,50.0,2.81,8.44,0.0,0.0,0.0,0.0,0.0,2,0,32,0.0,0.0,5.62,0.0,16.88,0.0,2.81,16.67,2.81,33.33,0.0,0.0
469,1937795,Bundesliga,25/26,Bayer 04 Leverkusen,Axel Tape,Defender,6.33,0.0,0.09,0.41,1.22,0.41,0.41,0.0,2.85,46.67,0.0,0.0,0.0,0.0,0.0,0.0,0.0,0.0,0.0,0.0,0.0,0.0,0.0,0.0,0.41,0.41,1.22,0.0,0.41,0.0,0.0,0.41,0.0,0.0,0.0,0.0,0.0,0.0,30.95,29.73,1.22,96.05,16.29,13.44,5.29,0.0,0.0,0.41,50.0,6,2,221,0.41,0.0,2.85,2.85,9.37,0.81,6.52,44.44,6.11,45.45,0.41,33.33
470,963801,Bundesliga,25/26,TSG Hoffenheim,Adam Hložek,Forward,6.33,0.0,1.15,5.0,7.5,2.5,2.5,0.0,0.0,0.0,0.0,0.0,0.0,0.0,0.0,0.0,0.0,0.0,0.0,0.0,0.0,0.0,0.0,0.0,0.0,0.0,0.0,0.0,0.0,0.0,0.0,0.0,0.0,0.0,0.0,0.0,0.0,0.0,27.5,22.5,5.0,81.82,7.5,15.0,10.0,0.0,0.0,0.0,0.0,5,0,36,0.0,0.0,0.0,2.5,27.5,7.5,7.5,42.86,2.5,25.0,5.0,66.67
471,965950,Bundesliga,25/26,FC Köln,Joel Schmied,Defender,6.31,0.0,0.02,0.0,0.42,0.0,0.17,0.0,0.08,100.0,0.0,0.0,0.0,0.0,0.0,0.0,0.0,0.0,0.0,0.0,0.0,0.0,0.0,0.0,0.92,0.92,4.08,0.83,0.33,0.08,0.0,0.0,0.0,0.17,0.0,0.0,0.0,0.17,36.58,32.08,4.5,87.7,20.33,11.75,5.25,0.08,20.0,1.25,42.86,16,13,1080,0.42,0.0,1.33,0.67,6.25,0.25,3.17,46.91,1.67,47.62,1.5,46.15
472,2311163,Bundesliga,25/26,FC Union Berlin,Linus Guther,Forward,6.3,0.0,0.0,0.0,0.0,0.0,0.0,0.0,0.0,0.0,0.0,0.0,0.0,0.0,0.0,0.0,0.0,0.0,0.0,0.0,0.0,0.0,0.0,0.0,0.0,0.0,0.0,0.0,6.43,0.0,0.0,0.0,0.0,0.0,0.0,0.0,0.0,0.0,19.29,0.0,19.29,0.0,0.0,0.0,0.0,0.0,0.0,0.0,0.0,1,0,14,6.43,0.0,6.43,0.0,19.29,0.0,0.0,0.0,0.0,0.0,0.0,0.0
473,1064082,Bundesliga,25/26,SC Freiburg,Merlin Röhl,Midfielder,6.3,0.0,0.0,0.0,0.0,0.0,0.0,0.0,0.0,0.0,0.0,0.0,0.0,0.0,0.0,0.0,0.0,0.0,0.0,0.0,0.0,0.0,0.0,0.0,1.38,0.0,0.0,1.38,0.0,0.0,0.0,0.0,0.0,0.0,0.0,0.0,0.0,0.0,38.77,34.62,4.15,89.29,13.85,20.77,9.69,0.0,0.0,2.77,100.0,2,0,65,0.0,0.0,2.77,0.0,11.08,1.38,4.15,33.33,1.38,25.0,2.77,40.0
474,790977,Bundesliga,25/26,TSG Hoffenheim,Koki Machida,Defender,6.3,0.0,0.0,0.0,0.0,0.0,0.0,0.0,0.0,0.0,0.0,0.0,0.0,0.0,0.0,0.0,0.0,0.0,0.0,0.0,0.0,0.0,0.0,0.0,2.05,2.05,4.09,2.05,2.05,0.0,0.0,0.0,0.0,0.0,0.0,0.0,0.0,0.0,73.64,65.45,8.18,88.89,42.95,22.5,2.05,0.0,0.0,8.18,50.0,1,1,44,2.05,0.0,4.09,0.0,8.18,0.0,4.09,33.33,2.05,25.0,2.05,50.0
475,2204961,Bundesliga,25/26,Hamburger SV,Shafiq Nandja,Defender,6.3,0.0,0.0,0.0,0.0,0.0,0.0,0.0,0.0,0.0,0.0,0.0,0.0,0.0,0.0,0.0,0.0,0.0,0.0,0.0,0.0,0.0,0.0,0.0,0.0,0.0,12.86,0.0,0.0,0.0,0.0,0.0,0.0,0.0,0.0,0.0,0.0,0.0,32.14,25.71,6.43,80.0,12.86,12.86,0.0,0.0,0.0,0.0,0.0,2,0,14,0.0,0.0,0.0,0.0,6.43,0.0,0.0,0.0,0.0,0.0,0.0,0.0
476,1584884,Bundesliga,25/26,FC Bayern München,Deniz Ofli,Defender,6.3,0.0,0.0,0.0,0.0,0.0,0.0,0.0,0.0,0.0,0.0,0.0,0.0,0.0,0.0,0.0,0.0,0.0,0.0,0.0,0.0,0.0,0.0,0.0,0.0,0.0,11.25,0.0,0.0,0.0,0.0,0.0,0.0,0.0,0.0,0.0,0.0,0.0,56.25,56.25,0.0,100.0,56.25,0.0,0.0,0.0,0.0,0.0,0.0,1,0,8,0.0,0.0,0.0,0.0,11.25,0.0,0.0,0.0,0.0,0.0,0.0,0.0
477,1138778,Bundesliga,25/26,Bayer 04 Leverkusen,Tim Oermann,Defender,6.3,0.0,0.0,0.0,0.0,0.0,0.0,0.0,0.0,0.0,0.0,0.0,0.0,0.0,0.0,0.0,0.0,0.0,0.0,0.0,0.0,0.0,0.0,0.0,5.62,0.0,0.0,0.0,0.0,0.0,0.0,0.0,0.0,0.0,0.0,0.0,0.0,5.62,50.62,28.12,22.5,55.56,16.88,11.25,11.25,0.0,0.0,0.0,0.0,2,0,16,0.0,0.0,0.0,5.62,22.5,0.0,11.25,66.67,11.25,100.0,0.0,0.0
478,1152923,Bundesliga,25/26,RB Leipzig,Kosta Nedeljković,Defender,6.3,0.0,0.0,0.0,0.0,0.0,0.0,0.0,0.0,0.0,0.0,0.0,0.0,0.0,0.0,0.0,0.0,0.0,0.0,0.0,0.0,0.0,0.0,0.0,0.36,0.36,3.57,0.0,1.07,0.0,0.0,0.0,0.0,0.36,0.0,0.0,0.0,0.0,44.29,38.57,5.71,87.1,23.57,15.0,7.86,0.71,33.33,1.79,62.5,5,3,252,0.0,0.0,0.36,0.36,10.0,1.07,1.43,26.67,0.71,15.38,0.71,100.0
479,995316,Bundesliga,25/26,VfL Wolfsburg,Kilian Fischer,Defender,6.29,0.0,0.01,0.0,0.22,0.0,0.22,0.0,0.11,16.67,0.0,0.0,0.0,0.0,0.0,0.0,0.0,0.0,0.0,0.0,0.0,0.0,0.0,0.0,2.24,1.34,3.59,0.34,0.9,0.0,0.11,0.0,0.11,0.0,0.11,0.0,0.0,0.34,40.91,32.95,7.96,80.55,21.07,11.88,5.94,0.22,12.5,2.24,47.62,11,10,803,0.0,0.0,1.12,0.45,12.89,0.34,4.15,51.39,2.8,49.02,1.34,57.14
480,1823913,Bundesliga,25/26,FC Köln,Cenny Neumann,Defender,6.25,0.0,0.0,0.0,0.0,0.0,0.0,0.0,0.0,0.0,0.0,0.0,0.0,0.0,0.0,0.0,0.0,0.0,0.0,0.0,0.0,0.0,0.0,0.0,2.17,1.08,3.25,1.08,0.0,0.0,0.0,0.0,0.0,0.0,0.0,0.0,0.0,0.0,30.36,21.69,8.67,71.43,11.93,9.76,3.25,0.0,0.0,0.0,0.0,2,1,83,0.0,0.0,1.08,0.0,10.84,0.0,3.25,60.0,2.17,50.0,1.08,100.0
481,1065051,Bundesliga,25/26,FSV Mainz 05,Fabio Moreno Fell,Forward,6.2,0.0,0.08,0.0,1.15,0.0,1.15,0.0,1.15,100.0,0.0,0.0,0.0,0.0,0.0,0.0,1.15,0.0,0.0,0.0,0.0,0.0,0.0,0.0,0.0,0.0,0.0,0.0,0.0,0.0,0.0,0.0,0.0,0.0,0.0,0.0,0.0,0.0,26.54,13.85,12.69,52.17,4.62,9.23,6.92,0.0,0.0,0.0,0.0,2,1,78,0.0,0.0,0.0,0.0,20.77,3.46,2.31,25.0,1.15,25.0,1.15,25.0
482,980623,Bundesliga,25/26,VfB Stuttgart,Nick Woltemade,Forward,6.2,0.0,0.0,0.0,0.0,0.0,0.0,0.0,1.0,100.0,0.0,0.0,0.0,0.0,0.0,0.0,1.0,0.0,0.0,0.0,0.0,0.0,0.0,0.0,1.0,0.0,3.0,0.0,0.0,0.0,0.0,0.0,0.0,0.0,1.0,0.0,0.0,1.0,9.0,5.0,4.0,55.56,0.0,5.0,5.0,0.0,0.0,0.0,0.0,1,1,90,0.0,0.0,1.0,3.0,9.0,4.0,5.0,35.71,5.0,50.0,0.0,0.0
483,1605225,Bundesliga,25/26,Hamburger SV,Aboubaka Soumahoro,Defender,6.2,0.0,0.0,0.0,0.0,0.0,0.0,0.0,0.0,0.0,0.0,0.0,0.0,0.0,0.0,0.0,0.64,0.0,0.0,0.0,0.0,0.0,0.0,0.0,0.64,0.0,5.74,0.0,0.0,0.0,0.0,0.64,0.0,0.0,0.0,0.0,0.0,0.64,38.3,34.47,3.83,90.0,22.34,12.13,7.02,0.0,0.0,0.0,0.0,4,2,141,0.64,0.0,1.91,0.0,8.3,1.28,0.64,20.0,0.64,20.0,0.0,0.0
484,997183,Bundesliga,25/26,RB Leipzig,Xavi Simons,Midfielder,6.2,0.0,0.0,0.0,0.0,0.0,0.0,0.0,2.0,50.0,0.0,0.0,0.0,0.0,0.0,0.0,0.0,0.0,0.0,0.0,0.0,0.0,0.0,0.0,0.0,1.0,0.0,0.0,0.0,0.0,0.0,0.0,0.0,0.0,0.0,0.0,0.0,1.0,37.0,33.0,4.0,89.19,24.0,9.0,5.0,0.0,0.0,1.0,100.0,1,1,90,0.0,0.0,1.0,3.0,11.0,0.0,5.0,62.5,5.0,62.5,0.0,0.0
485,1218056,Bundesliga,25/26,VfL Wolfsburg,Jonas Adjei Adjetey,Defender,6.2,0.0,0.05,0.0,1.97,0.0,1.31,0.0,0.66,50.0,0.0,0.0,0.0,0.0,0.0,0.0,0.0,0.0,0.0,0.0,0.0,0.0,0.0,0.0,1.31,0.66,4.6,0.66,0.66,0.0,0.0,0.66,0.0,0.0,0.0,0.0,0.0,0.0,47.3,34.16,13.14,72.22,17.08,17.08,3.28,1.31,40.0,1.97,20.0,4,1,137,0.66,0.0,2.63,0.0,21.68,0.66,5.26,42.11,1.97,33.33,3.28,50.0
486,357752,Bundesliga,25/26,Eintracht Frankfurt,Aurélio Buta,Defender,6.18,0.0,0.01,0.0,0.6,0.0,0.6,0.0,0.6,50.0,0.0,0.0,0.0,0.0,0.0,0.0,0.0,0.0,0.0,0.0,0.0,0.0,0.0,0.0,3.58,0.0,2.38,0.6,1.19,0.0,0.0,0.0,0.0,0.0,0.0,0.0,0.0,0.6,40.53,31.59,8.94,77.94,19.07,12.52,5.36,0.0,0.0,0.0,0.0,4,1,151,0.6,0.0,1.79,1.19,13.11,0.0,5.36,50.0,5.36,60.0,0.0,0.0
487,989203,Bundesliga,25/26,Hamburger SV,Immanuel Pherai,Midfielder,6.17,0.0,0.07,0.0,1.43,0.0,0.0,0.0,1.43,50.0,0.0,0.0,0.0,0.0,0.0,0.0,0.0,0.0,0.0,0.0,0.0,0.0,0.0,0.0,2.86,0.0,1.43,0.0,0.0,0.0,0.0,0.0,0.0,0.0,0.0,0.0,0.0,0.0,32.86,25.71,7.14,78.26,8.57,17.14,12.86,0.0,0.0,0.0,0.0,6,0,63,0.0,1.43,5.71,2.86,18.57,0.0,8.57,54.55,7.14,50.0,1.43,100.0
488,1137131,Bundesliga,25/26,Borussia Dortmund,Filippo Mané,Defender,6.15,0.0,0.0,0.0,0.0,0.0,0.0,0.0,0.0,0.0,0.0,0.0,0.0,0.0,0.0,0.0,0.0,0.0,0.0,0.0,0.0,0.0,0.0,0.0,0.68,1.36,5.45,0.0,0.0,0.0,0.0,0.68,0.0,0.0,0.0,0.0,0.0,0.0,69.55,60.0,9.55,86.27,38.86,21.14,7.5,0.68,100.0,2.05,30.0,4,2,132,0.0,0.68,0.68,1.36,12.95,1.36,2.73,40.0,2.05,42.86,0.68,33.33
489,187423,Bundesliga,25/26,TSG Hoffenheim,Kevin Akpoguma,Defender,5.53,0.0,0.0,0.0,0.0,0.0,0.0,0.0,0.0,0.0,0.0,0.0,0.0,0.0,0.0,0.0,0.0,0.0,0.0,0.0,0.0,0.0,0.0,0.0,6.21,1.55,6.21,0.0,0.0,0.0,0.0,1.55,0.0,0.0,0.0,0.0,0.0,0.0,62.07,51.21,10.86,82.5,32.59,18.62,9.31,0.0,0.0,3.1,66.67,8,1,58,0.0,1.55,1.55,0.0,15.52,0.0,7.76,62.5,6.21,80.0,1.55,33.33
490,1994983,Bundesliga,25/26,FC Bayern München,Erblin Osmani,Midfielder,0.0,0.0,0.0,0.0,0.0,0.0,0.0,0.0,0.0,0.0,0.0,0.0,0.0,0.0,0.0,0.0,0.0,0.0,0.0,0.0,0.0,0.0,0.0,0.0,0.0,30.0,0.0,0.0,0.0,0.0,0.0,0.0,0.0,0.0,0.0,0.0,0.0,0.0,180.0,150.0,30.0,83.33,90.0,60.0,0.0,0.0,0.0,0.0,0.0,1,0,3,0.0,0.0,0.0,0.0,30.0,0.0,0.0,0.0,0.0,0.0,0.0,0.0
491,84251,Bundesliga,25/26,RB Leipzig,Kevin Kampl,Midfielder,0.0,0.0,0.0,0.0,0.0,0.0,0.0,0.0,0.0,0.0,0.0,0.0,0.0,0.0,0.0,0.0,0.0,0.0,0.0,0.0,0.0,0.0,0.0,0.0,0.0,0.0,0.0,0.0,30.0,0.0,0.0,0.0,0.0,0.0,0.0,0.0,0.0,0.0,60.0,30.0,30.0,50.0,30.0,0.0,0.0,0.0,0.0,0.0,0.0,3,0,3,0.0,0.0,0.0,0.0,30.0,0.0,0.0,0.0,0.0,0.0,0.0,0.0
492,1937835,Bundesliga,25/26,Borussia Dortmund,Mathis Albert,Forward,0.0,0.0,0.0,0.0,0.0,0.0,0.0,0.0,0.0,0.0,0.0,0.0,0.0,0.0,0.0,0.0,0.0,0.0,0.0,0.0,0.0,0.0,0.0,0.0,90.0,0.0,0.0,0.0,0.0,0.0,0.0,0.0,0.0,0.0,0.0,0.0,0.0,0.0,270.0,180.0,90.0,66.67,0.0,180.0,180.0,0.0,0.0,0.0,0.0,1,0,1,0.0,0.0,90.0,0.0,180.0,0.0,90.0,50.0,90.0,50.0,0.0,0.0
493,1019011,Bundesliga,25/26,SV Werder Bremen,Isak Hansen Aarøen,Midfielder,0.0,0.0,0.0,0.0,0.0,0.0,0.0,0.0,0.0,0.0,0.0,0.0,0.0,0.0,0.0,0.0,0.0,0.0,0.0,0.0,0.0,0.0,0.0,0.0,180.0,0.0,0.0,0.0,0.0,0.0,0.0,0.0,0.0,0.0,0.0,0.0,0.0,0.0,450.0,270.0,180.0,60.0,90.0,180.0,90.0,0.0,0.0,0.0,0.0,1,0,1,0.0,0.0,0.0,0.0,270.0,0.0,180.0,66.67,180.0,66.67,0.0,0.0
494,151581,Bundesliga,25/26,FC Heidenheim,Leart Paqarada,Defender,0.0,0.0,0.0,0.0,0.0,0.0,0.0,0.0,0.0,0.0,0.0,0.0,0.0,0.0,0.0,0.0,0.0,0.0,0.0,0.0,0.0,0.0,0.0,0.0,0.0,0.0,0.0,0.0,12.86,0.0,0.0,0.0,0.0,0.0,0.0,0.0,0.0,0.0,25.71,25.71,0.0,100.0,12.86,12.86,0.0,0.0,0.0,0.0,0.0,1,1,7,0.0,0.0,0.0,0.0,0.0,0.0,0.0,0.0,0.0,0.0,0.0,0.0
495,1994978,Bundesliga,25/26,FC Bayern München,Cassiano Kiala,Defender,0.0,0.0,0.0,0.0,0.0,0.0,0.0,0.0,0.0,0.0,0.0,0.0,0.0,0.0,0.0,0.0,0.0,0.0,0.0,0.0,0.0,0.0,0.0,0.0,0.0,0.0,0.0,0.0,0.0,0.0,0.0,0.0,0.0,0.0,0.0,0.0,0.0,0.0,180.0,180.0,0.0,100.0,90.0,90.0,0.0,0.0,0.0,0.0,0.0,1,0,1,0.0,0.0,0.0,0.0,90.0,0.0,0.0,0.0,0.0,0.0,0.0,0.0
496,1995000,Bundesliga,25/26,Hamburger SV,Louis Lemke,Defender,0.0,0.0,0.0,0.0,0.0,0.0,0.0,0.0,0.0,0.0,0.0,0.0,0.0,0.0,0.0,0.0,0.0,0.0,0.0,0.0,0.0,0.0,0.0,0.0,0.0,0.0,90.0,0.0,0.0,0.0,0.0,0.0,0.0,0.0,0.0,0.0,0.0,0.0,0.0,0.0,0.0,0.0,0.0,0.0,0.0,0.0,0.0,0.0,0.0,1,0,1,0.0,0.0,0.0,0.0,0.0,0.0,0.0,0.0,0.0,0.0,0.0,0.0
497,1440627,Bundesliga,25/26,TSG Hoffenheim,Yannick Eduardo,Forward,0.0,0.0,0.0,0.0,0.0,0.0,0.0,0.0,0.0,0.0,0.0,0.0,0.0,0.0,0.0,0.0,0.0,0.0,0.0,0.0,0.0,0.0,0.0,0.0,0.0,0.0,0.0,0.0,0.0,0.0,0.0,0.0,0.0,0.0,0.0,0.0,0.0,0.0,0.0,0.0,0.0,0.0,0.0,0.0,0.0,0.0,0.0,0.0,0.0,1,0,1,0.0,0.0,0.0,0.0,90.0,90.0,0.0,0.0,0.0,0.0,0.0,0.0
498,2255188,Bundesliga,25/26,FC Heidenheim,Tobias Weigel,Forward,0.0,0.0,0.0,0.0,0.0,0.0,0.0,0.0,0.0,0.0,0.0,0.0,0.0,0.0,0.0,0.0,0.0,0.0,0.0,0.0,0.0,0.0,0.0,0.0,0.0,0.0,0.0,0.0,0.0,0.0,0.0,0.0,0.0,0.0,0.0,0.0,0.0,0.0,180.0,180.0,0.0,100.0,90.0,90.0,90.0,0.0,0.0,0.0,0.0,1,0,1,0.0,0.0,0.0,0.0,0.0,0.0,0.0,0.0,0.0,0.0,0.0,0.0
499,1568506,Bundesliga,25/26,FC Union Berlin,Dmytro Bogdanov,Forward,0.0,0.0,17.46,18.0,54.0,18.0,18.0,0.0,0.0,0.0,0.0,0.0,0.0,0.0,0.0,0.0,0.0,0.0,0.0,0.0,0.0,0.0,0.0,0.0,0.0,0.0,0.0,0.0,0.0,0.0,0.0,0.0,0.0,0.0,0.0,0.0,0.0,0.0,18.0,18.0,0.0,100.0,18.0,0.0,0.0,0.0,0.0,0.0,0.0,2,0,5,0.0,0.0,0.0,0.0,54.0,36.0,0.0,0.0,0.0,0.0,0.0,0.0
