#,Player ID,League,Season,Team,Name,Position,Sofascore Rating,Goals,xG,Big chances missed,Total shots,Shots on target,Shots off target,Goal conversion %,Succ. dribbles,Succ. dribbles %,Goals inside box,Goals outside box,Headed goals,Left-footed goals,Right-footed goals,Hit woodwork,Offsides,Penalties won,Penalties taken,Penalty goals,Penalty conversion %,Free kick goals,Shots from set piece,Set piece conv. %,Tackles,Interceptions,Clearances,Blocked shots,Dribbled past,Errors leading to goal,Errors leading to shot,Penalties committed,Own goals,Clean sheets,Big chances created,Assists,Passes to assist,Key passes,Total passes,Accurate passes,Inaccurate passes,Accurate passes %,Passes in own half,Passes in opp. half,Acc. final third passes,Accurate crosses,Accurate crosses %,Accurate long balls,Accurate long balls %,Appearances,Started,Minutes played,Yellow cards,Red cards,Fouls,Was fouled,Possession lost,Dispossessed,Total duels won,Total duels won %,Ground duels won,Ground duels won %,Aerial duels won,Aerial duels won %
1,108579,Bundesliga,23/24,FC Bayern München,Harry Kane,Forward,7.76,1.14,0.97,0.85,4.62,2.12,1.33,24.66,0.76,44.44,1.04,0.09,0.25,0.19,0.7,0.13,0.41,0.0,0.16,0.16,100.0,0.03,0.13,25.0,0.41,0.19,0.44,0,0.38,0.0,0.0,0.0,0.0,0.25,0.41,0.25,0.0,0.98,19.69,14.5,5.19,73.63,4.15,10.6,7.28,0.25,25.81,1.61,61.45,32,32,2843,0.06,0.0,0.32,1.23,9.88,1.42,3.36,44.92,2.41,44.19,0.95,46.88
2,177177,Bundesliga,23/24,Bayer 04 Leverkusen,Alejandro Grimaldo,Midfielder,7.75,0.32,0.18,0.03,2.29,0.74,0.9,14.08,0.65,46.51,0.23,0.1,0.0,0.29,0.03,0.1,0.1,0.03,0.0,0.0,0.0,0.06,0.58,11.11,1.45,0.71,1.13,0,0.81,0.0,0.0,0.0,0.0,0.42,0.58,0.42,0.03,2.55,56.39,49.18,7.21,87.22,19.81,31.15,17.29,1.78,27.23,1.1,47.22,33,31,2785,0.03,0.0,0.45,0.84,15.54,0.58,3.33,51.5,2.94,53.85,0.39,38.71
3,328027,Bundesliga,23/24,VfB Stuttgart,Serhou Guirassy,Forward,7.72,1.14,0.85,0.81,3.74,1.83,1.22,30.43,0.65,43.24,0.98,0.16,0.2,0.2,0.73,0.08,0.73,0.08,0.16,0.16,100.0,0.0,0.12,0.0,0.24,0.24,1.18,0,0.12,0.0,0.0,0.0,0.0,0.24,0.49,0.08,0.0,2.16,31.29,25.47,5.82,81.4,8.87,16.6,8.06,0.0,0.0,0.49,75.0,28,25,2212,0.0,0.0,0.73,2.24,11.35,1.55,5.78,51.26,3.13,49.68,2.64,53.28
4,997183,Bundesliga,23/24,RB Leipzig,Xavi Simons,Midfielder,7.7,0.27,0.28,0.17,2.73,1.11,0.74,9.88,2.83,60.0,0.2,0.07,0.03,0.03,0.2,0.1,0.03,0.07,0.07,0.03,50.0,0.0,0.1,0.0,1.01,0.54,0.07,0,0.54,0.0,0.0,0.0,0.0,0.17,0.47,0.37,0.0,2.66,44.98,36.9,8.08,82.04,11.75,26.16,15.89,1.01,39.47,1.75,68.42,32,32,2673,0.3,0.03,1.08,2.36,16.33,1.65,6.84,55.16,6.16,55.45,0.67,52.63
5,794298,Bundesliga,23/24,VfB Stuttgart,Deniz Undav,Forward,7.65,0.77,0.64,0.51,4.58,2.27,1.54,16.82,1.16,57.45,0.69,0.09,0.17,0.17,0.43,0.21,0.13,0.09,0.04,0.0,0.0,0.0,0.0,0.0,1.2,0.26,0.21,0,0.47,0.0,0.0,0.0,0.0,0.04,0.64,0.39,0.04,1.76,33.01,24.88,8.14,75.36,7.84,17.13,11.52,0.09,28.57,0.73,53.13,30,23,2102,0.21,0.0,1.24,1.16,14.47,2.18,4.24,40.91,3.51,42.93,0.73,33.33
6,293519,Bundesliga,23/24,FC Bayern München,Leroy Sané,Midfielder,7.65,0.34,0.46,0.34,3.07,1.18,0.92,10.96,3.91,58.86,0.29,0.04,0.0,0.29,0.04,0.17,0.42,0.0,0.0,0.0,0.0,0.0,0.25,0.0,0.63,0.29,0.08,0,0.63,0.0,0.0,0.0,0.0,0.29,0.67,0.46,0.04,3.07,41.85,35.34,6.51,84.44,8.61,27.86,18.11,1.13,31.4,0.92,75.86,27,25,2142,0.17,0.0,1.09,0.88,16.76,1.76,5.55,46.81,5.42,46.57,0.13,60.0
7,1019322,Bundesliga,23/24,Bayer 04 Leverkusen,Florian Wirtz,Midfielder,7.63,0.42,0.34,0.3,2.69,1.29,0.76,15.49,2.99,51.3,0.38,0.04,0.0,0.04,0.38,0.27,0.23,0.0,0.04,0.04,100.0,0.0,0.04,0.0,1.02,0.34,0.11,0,0.76,0.0,0.0,0.0,0.0,0.15,0.45,0.42,0.04,2.84,67.02,56.72,10.3,84.63,12.53,44.53,28.85,0.34,25.0,1.14,55.56,32,26,2377,0.11,0.0,0.87,1.02,21.24,2.99,5.38,40.46,5.04,40.67,0.34,37.5
8,95381,Bundesliga,23/24,VfL Bochum 1848,Kevin Stöger,Midfielder,7.6,0.24,0.21,0.03,2.52,0.6,1.04,9.33,0.84,44.64,0.2,0.03,0.0,0.24,0.0,0.07,0.03,0.0,0.13,0.13,100.0,0.03,0.44,7.69,1.65,0.64,0.5,0,1.28,0.0,0.0,0.0,0.0,0.1,0.57,0.3,0.0,4.27,57.6,41.34,16.27,71.76,14.55,29.91,16.03,3.13,36.05,3.23,51.06,32,32,2678,0.27,0.0,1.21,2.12,26.45,1.34,4.87,45.03,4.57,48.57,0.3,21.43
9,152463,Bundesliga,23/24,VfB Stuttgart,Fabian Bredlow,Goalkeeper,7.6,0.0,0.0,0.0,0.0,0.0,0.0,0.0,0.0,0.0,0.0,0.0,0.0,0.0,0.0,0.0,0.0,0.0,0.0,0.0,0.0,0.0,0.0,0.0,0.0,0.0,1.25,0,0.25,0.0,0.0,0.0,0.0,0.25,0.0,0.0,0.0,0.0,41.0,30.25,10.75,73.78,26.25,4.0,0.25,0.0,0.0,7.5,42.25,4,4,360,0.0,0.0,0.0,0.25,10.75,0.0,0.25,50.0,0.0,0.0,0.25,100.0
10,822600,Bundesliga,23/24,Bayer 04 Leverkusen,Exequiel Palacios,Midfielder,7.6,0.2,0.16,0.1,1.03,0.34,0.59,19.05,1.12,88.46,0.2,0.0,0.0,0.05,0.15,0.0,0.0,0.0,0.1,0.1,100.0,0.0,0.0,0.0,2.93,1.42,0.88,0,1.32,0.0,0.1,0.0,0.0,0.2,0.39,0.24,0.0,1.37,97.92,90.2,7.73,92.11,35.95,54.34,21.91,0.1,33.33,2.69,67.9,24,21,1840,0.29,0.0,0.78,2.69,10.03,0.64,7.14,68.54,6.7,69.9,0.44,52.94
11,67647,Bundesliga,23/24,TSG Hoffenheim,Andrej Kramarić,Forward,7.55,0.61,0.45,0.2,2.82,1.39,0.9,21.74,1.02,53.19,0.57,0.04,0.04,0.12,0.45,0.04,0.33,0.04,0.2,0.2,100.0,0.0,0.33,0.0,0.45,0.41,0.45,0,0.29,0.08,0.0,0.0,0.0,0.04,0.57,0.24,0.04,3.22,40.84,34.39,6.45,84.22,11.42,24.64,13.54,1.67,36.28,1.14,66.67,30,25,2206,0.16,0.0,0.33,1.43,13.63,1.1,3.26,50.96,2.9,52.59,0.37,40.91
12,352610,Bundesliga,23/24,FC Union Berlin,Miloš Pantović,Midfielder,7.5,6.43,4.89,0.0,6.43,6.43,0.0,100.0,6.43,100.0,6.43,0.0,0.0,0.0,6.43,0.0,0.0,0.0,0.0,0.0,0.0,0.0,0.0,0.0,0.0,0.0,0.0,0,0.0,0.0,0.0,0.0,0.0,0.0,0.0,0.0,0.0,0.0,45.0,25.71,19.29,57.14,19.29,6.43,0.0,0.0,0.0,6.43,50.0,1,0,14,0.0,0.0,0.0,12.86,25.71,0.0,19.29,100.0,19.29,100.0,0.0,0.0
13,927366,Bundesliga,23/24,Bayer 04 Leverkusen,Matěj Kovář,Goalkeeper,7.5,0.0,0.0,0.0,0.0,0.0,0.0,0.0,0.0,0.0,0.0,0.0,0.0,0.0,0.0,0.0,0.0,0.0,0.0,0.0,0.0,0.0,0.0,0.0,0.0,0.0,0.0,0,0.0,0.0,0.0,0.0,0.0,1.0,0.0,0.0,0.0,0.0,11.0,11.0,0.0,100.0,11.0,0.0,0.0,0.0,0.0,0.0,0.0,1,1,90,0.0,0.0,0.0,0.0,0.0,0.0,0.0,0.0,0.0,0.0,0.0,0.0
14,1010231,Bundesliga,23/24,FC Bayern München,Jamal Musiala,Midfielder,7.49,0.51,0.4,0.51,2.96,1.07,0.76,17.24,4.43,59.59,0.46,0.05,0.05,0.1,0.36,0.1,0.1,0.0,0.0,0.0,0.0,0.0,0.0,0.0,2.04,0.82,0.15,0,1.12,0.0,0.0,0.0,0.0,0.0,0.61,0.31,0.0,2.14,38.02,31.14,6.88,81.9,7.95,23.24,15.59,0.05,9.09,0.25,50.0,24,20,1766,0.1,0.0,1.33,1.99,16.97,2.6,8.82,50.73,8.46,51.55,0.36,36.84
15,117777,Bundesliga,23/24,Bayer 04 Leverkusen,Granit Xhaka,Midfielder,7.49,0.1,0.06,0.0,1.43,0.45,0.48,6.67,0.51,64.0,0.0,0.1,0.0,0.1,0.0,0.06,0.0,0.0,0.0,0.0,0.0,0.0,0.0,0.0,0.92,0.6,1.27,0,0.67,0.0,0.0,0.0,0.0,0.32,0.13,0.0,0.1,1.4,103.72,95.57,8.15,92.14,36.82,58.75,27.62,0.0,0.0,4.26,81.21,33,32,2828,0.16,0.0,0.95,1.37,10.88,0.95,3.63,50.44,2.77,49.43,0.86,54.0
16,142390,Bundesliga,23/24,Bayer 04 Leverkusen,Jonas Hofmann,Forward,7.47,0.2,0.24,0.28,2.44,1.02,0.45,8.33,0.73,51.43,0.12,0.08,0.0,0.04,0.16,0.0,0.53,0.08,0.0,0.0,0.0,0.0,0.0,0.0,0.81,0.33,0.16,0,0.57,0.0,0.0,0.0,0.0,0.08,0.69,0.28,0.08,3.29,55.49,46.91,8.58,84.54,13.7,34.39,19.88,1.18,23.02,2.24,83.33,32,26,2214,0.12,0.0,0.57,0.77,15.69,0.69,2.4,45.74,2.32,47.9,0.08,20.0
17,259117,Bundesliga,23/24,FC Bayern München,Joshua Kimmich,Midfielder,7.42,0.04,0.05,0.04,1.03,0.29,0.41,4.0,0.41,45.45,0.0,0.04,0.0,0.0,0.04,0.0,0.08,0.0,0.0,0.0,0.0,0.0,0.12,0.0,1.85,0.58,0.99,0,0.54,0.04,0.0,0.0,0.0,0.25,0.45,0.25,0.0,2.97,81.72,74.64,7.08,91.33,31.88,45.43,21.95,2.68,33.33,3.71,70.31,28,27,2185,0.04,0.04,0.45,0.99,14.95,0.66,3.46,56.0,3.21,60.0,0.25,30.0
18,184661,Bundesliga,23/24,FC Bayern München,Leon Goretzka,Midfielder,7.41,0.24,0.2,0.08,2.25,0.6,0.88,10.71,0.52,61.9,0.2,0.04,0.04,0.08,0.12,0.04,0.08,0.0,0.0,0.0,0.0,0.0,0.0,0.0,1.65,1.24,1.65,0,1.2,0.0,0.04,0.0,0.0,0.16,0.4,0.28,0.04,1.32,69.49,62.1,7.39,89.37,29.18,33.04,15.98,0.12,30.0,2.49,59.62,30,25,2242,0.12,0.0,0.92,0.56,9.27,0.56,4.17,50.0,2.69,47.18,1.49,56.06
19,134778,Bundesliga,23/24,FC Union Berlin,Alexander Schwolow,Goalkeeper,7.4,0.0,0.0,0.0,0.0,0.0,0.0,0.0,0.0,0.0,0.0,0.0,0.0,0.0,0.0,0.0,0.0,0.0,0.0,0.0,0.0,0.0,0.0,0.0,0.0,0.0,2.0,0,0.0,0.0,0.0,0.0,0.0,0.0,0.0,0.0,0.0,0.0,32.0,25.0,7.0,78.13,22.0,3.0,1.0,0.0,0.0,7.0,50.0,1,1,90,0.0,0.0,0.0,0.0,7.0,0.0,0.0,0.0,0.0,0.0,0.0,0.0
20,836711,Bundesliga,23/24,FC Heidenheim,Jan-Niklas Beste,Midfielder,7.4,0.28,0.15,0.07,1.68,0.65,0.48,16.33,1.03,40.0,0.1,0.17,0.0,0.21,0.07,0.0,0.14,0.03,0.03,0.0,0.0,0.07,0.34,20.0,2.65,0.62,0.79,0,0.93,0.0,0.0,0.0,0.0,0.0,0.34,0.38,0.14,2.54,21.69,14.58,7.12,67.19,6.05,11.48,4.92,2.96,30.82,1.0,40.85,31,31,2618,0.14,0.0,0.96,1.75,18.6,1.1,5.71,52.7,5.43,55.24,0.28,27.59
21,40244,Bundesliga,23/24,TSG Hoffenheim,Oliver Baumann,Goalkeeper,7.38,0.0,0.0,0.0,0.0,0.0,0.0,0.0,0.0,0.0,0.0,0.0,0.0,0.0,0.0,0.0,0.0,0.0,0.0,0.0,0.0,0.0,0.0,0.0,0.03,0.0,0.91,0,0.03,0.03,0.03,0.03,0.0,0.06,0.0,0.03,0.0,0.06,36.56,26.21,10.35,71.68,21.03,5.18,1.79,0.0,0.0,7.65,42.9,34,34,3060,0.03,0.0,0.03,0.18,10.5,0.0,0.32,78.57,0.15,71.43,0.18,85.71
22,856076,Bundesliga,23/24,RB Leipzig,David Raum,Defender,7.38,0.07,0.02,0.0,0.46,0.13,0.13,14.29,0.59,58.06,0.07,0.0,0.03,0.03,0.0,0.03,0.13,0.0,0.0,0.0,0.0,0.0,0.13,0.0,1.9,0.89,2.0,0,0.79,0.03,0.03,0.0,0.0,0.16,0.49,0.26,0.07,2.3,51.22,41.28,9.94,80.59,20.9,23.0,10.04,2.62,26.14,2.26,44.23,31,31,2743,0.2,0.0,0.95,0.39,21.29,0.49,3.77,53.74,2.85,53.05,0.92,56.0
23,124294,Bundesliga,23/24,FC Augsburg,Tomáš Koubek,Goalkeeper,7.37,0.0,0.0,0.0,0.0,0.0,0.0,0.0,0.0,0.0,0.0,0.0,0.0,0.0,0.0,0.0,0.0,0.0,0.0,0.0,0.0,0.0,0.0,0.0,0.0,0.0,0.33,0,0.0,0.33,0.0,0.0,0.0,0.0,0.0,0.0,0.0,0.0,30.67,21.0,9.67,68.48,16.33,4.67,1.0,0.0,0.0,7.33,44.9,3,3,270,0.0,0.0,0.0,0.0,9.67,0.0,0.33,100.0,0.33,100.0,0.0,0.0
24,978521,Bundesliga,23/24,Bayer 04 Leverkusen,Victor Okoh Boniface,Forward,7.36,0.81,0.89,0.92,4.61,1.96,1.67,17.5,2.65,52.27,0.81,0.0,0.06,0.12,0.63,0.17,1.04,0.0,0.23,0.23,100.0,0.0,0.0,0.0,0.35,0.0,0.75,0,0.17,0.0,0.0,0.0,0.0,0.0,0.46,0.46,0.0,1.27,21.54,15.72,5.82,72.99,3.74,11.98,7.2,0.0,0.0,0.58,62.5,23,18,1563,0.12,0.0,0.92,0.98,14.28,1.73,5.53,47.06,3.92,44.16,1.61,56.0
25,327755,Bundesliga,23/24,FSV Mainz 05,Nadiem Amiri,Midfielder,7.36,0.06,0.15,0.13,2.48,0.64,0.95,2.56,1.65,48.15,0.0,0.06,0.0,0.0,0.06,0.13,0.06,0.0,0.06,0.0,0.0,0.06,0.7,9.09,1.65,0.89,1.21,0,0.57,0.0,0.0,0.0,0.0,0.32,0.64,0.25,0.19,3.56,48.11,38.64,9.47,80.32,15.19,26.19,14.05,2.73,33.86,2.86,51.14,23,16,1416,0.32,0.0,0.76,2.22,19.77,1.21,6.17,57.4,5.53,56.49,0.64,66.67
26,835480,Bundesliga,23/24,RB Leipzig,Loïs Openda,Forward,7.35,0.8,0.74,0.73,4.01,2.05,1.13,19.83,0.66,36.36,0.76,0.03,0.13,0.17,0.5,0.07,1.09,0.03,0.1,0.07,66.67,0.0,0.03,0.0,0.1,0.17,0.46,0,0.2,0.0,0.0,0.03,0.0,0.03,0.36,0.23,0.0,1.16,15.91,11.0,4.9,69.17,3.48,7.75,5.2,0.23,21.88,0.23,50.0,34,33,2716,0.13,0.0,1.26,2.12,10.84,1.26,3.61,43.08,2.82,43.15,0.8,42.86
27,940871,Bundesliga,23/24,Borussia Dortmund,Nico Schlotterbeck,Defender,7.32,0.06,0.1,0.13,0.85,0.19,0.44,7.41,0.25,53.33,0.03,0.03,0.03,0.03,0.0,0.0,0.0,0.03,0.0,0.0,0.0,0.0,0.0,0.0,2.2,1.42,3.05,0,0.75,0.03,0.06,0.0,0.03,0.25,0.13,0.03,0.0,0.5,83.58,74.55,9.03,89.2,47.88,26.71,7.99,0.03,12.5,5.95,60.19,33,32,2861,0.13,0.0,0.53,1.01,10.38,0.09,5.28,64.62,3.43,68.13,1.86,59.0
28,901882,Bundesliga,23/24,VfB Stuttgart,Angelo Stiller,Midfielder,7.32,0.03,0.06,0.06,0.58,0.13,0.16,5.56,0.55,73.91,0.03,0.0,0.0,0.03,0.0,0.03,0.0,0.0,0.0,0.0,0.0,0.0,0.06,0.0,1.78,0.91,0.84,0,0.62,0.03,0.03,0.0,0.0,0.29,0.19,0.16,0.0,1.72,83.72,76.11,7.61,90.91,34.45,42.44,17.61,0.78,28.57,2.65,53.25,32,31,2780,0.16,0.0,1.17,1.1,12.04,0.87,4.47,54.55,3.43,55.79,1.04,50.79
29,190161,Bundesliga,23/24,SV Werder Bremen,Michael Zetterer,Goalkeeper,7.31,0.0,0.0,0.0,0.04,0.0,0.04,0.0,0.0,0.0,0.0,0.0,0.0,0.0,0.0,0.0,0.0,0.0,0.0,0.0,0.0,0.0,0.0,0.0,0.11,0.0,0.63,0,0.0,0.04,0.07,0.0,0.0,0.22,0.0,0.0,0.0,0.11,35.56,27.3,8.26,76.77,24.0,3.3,1.44,0.0,0.0,8.3,51.38,27,27,2430,0.07,0.0,0.0,0.26,8.85,0.0,0.89,88.89,0.3,100.0,0.59,84.21
30,258325,Bundesliga,23/24,SV Werder Bremen,Marvin Ducksch,Forward,7.31,0.4,0.42,0.27,2.66,1.26,0.83,15.0,0.4,42.86,0.37,0.03,0.07,0.03,0.3,0.07,0.6,0.03,0.2,0.17,83.33,0.03,0.4,8.33,0.27,0.13,0.73,0,0.27,0.0,0.0,0.0,0.0,0.0,0.4,0.3,0.03,1.96,25.87,17.17,8.7,66.37,5.94,12.69,6.51,1.46,27.67,1.2,49.32,33,32,2710,0.3,0.0,0.2,0.6,15.61,0.56,1.96,40.41,1.26,45.78,0.7,33.33
31,788949,Bundesliga,23/24,VfB Stuttgart,Maximilian Mittelstädt,Defender,7.3,0.08,0.04,0.0,0.89,0.25,0.42,9.52,1.53,65.45,0.08,0.0,0.0,0.08,0.0,0.04,0.04,0.0,0.0,0.0,0.0,0.0,0.0,0.0,3.87,1.95,2.25,0,1.53,0.0,0.0,0.0,0.0,0.34,0.34,0.17,0.0,1.27,61.33,53.77,7.56,87.67,27.23,27.95,11.76,1.4,31.43,1.87,55.0,31,23,2119,0.21,0.0,1.19,1.32,14.27,0.89,7.98,60.45,6.71,60.77,1.27,58.82
32,1100321,Bundesliga,23/24,Bayer 04 Leverkusen,Noah Mbamba,Midfielder,7.3,0.0,0.19,0.0,6.43,0.0,0.0,0.0,6.43,33.33,0.0,0.0,0.0,0.0,0.0,0.0,0.0,0.0,0.0,0.0,0.0,0.0,0.0,0.0,0.0,6.43,0.0,0,0.0,0.0,0.0,0.0,0.0,0.0,6.43,6.43,0.0,6.43,122.14,115.71,6.43,94.74,6.43,115.71,57.86,6.43,100.0,0.0,0.0,3,0,14,0.0,0.0,6.43,0.0,45.0,12.86,6.43,16.67,6.43,16.67,0.0,0.0
33,970361,Bundesliga,23/24,Bayer 04 Leverkusen,Jeremie Frimpong,Defender,7.27,0.36,0.33,0.44,2.19,0.84,0.84,16.36,1.91,50.0,0.32,0.04,0.0,0.08,0.28,0.08,0.48,0.04,0.0,0.0,0.0,0.0,0.0,0.0,1.03,0.28,0.6,0,0.48,0.0,0.0,0.0,0.0,0.12,0.36,0.28,0.04,1.83,32.97,26.81,6.16,81.3,6.6,21.28,12.21,1.07,29.03,0.32,32.0,31,27,2263,0.24,0.0,0.84,1.35,14.83,1.47,4.81,48.79,4.3,48.87,0.52,48.15
34,976263,Bundesliga,23/24,Borussia Dortmund,Ian Maatsen,Defender,7.27,0.14,0.07,0.0,0.78,0.28,0.43,18.18,0.92,56.52,0.07,0.07,0.0,0.14,0.0,0.07,0.0,0.0,0.0,0.0,0.0,0.0,0.0,0.0,2.13,0.92,1.21,0,0.99,0.0,0.0,0.0,0.0,0.43,0.21,0.14,0.0,0.57,66.45,59.43,7.02,89.43,31.7,28.23,14.26,0.5,26.92,3.62,67.11,16,15,1269,0.35,0.0,1.35,0.64,12.55,0.64,3.83,46.96,3.69,50.0,0.14,18.18
35,280441,Bundesliga,23/24,FC Bayern München,Kingsley Coman,Midfielder,7.27,0.24,0.22,0.24,2.72,0.64,1.2,8.82,2.32,47.54,0.16,0.08,0.0,0.08,0.16,0.24,0.08,0.0,0.0,0.0,0.0,0.0,0.0,0.0,0.96,0.16,0.32,0,0.64,0.0,0.0,0.0,0.0,0.16,0.32,0.24,0.0,2.32,46.24,40.63,5.61,87.87,10.02,31.9,19.23,1.28,26.67,0.96,70.59,17,15,1123,0.08,0.0,0.48,1.52,15.95,1.76,5.29,47.48,4.81,46.88,0.48,54.55
36,171961,Bundesliga,23/24,SC Freiburg,Vincenzo Grifo,Midfielder,7.26,0.31,0.3,0.08,1.84,0.69,0.73,16.67,0.88,45.1,0.27,0.04,0.0,0.08,0.23,0.08,0.23,0.04,0.23,0.23,100.0,0.0,0.19,0.0,1.19,0.58,0.77,0,0.65,0.0,0.0,0.04,0.0,0.04,0.65,0.31,0.0,2.15,43.69,35.17,8.52,80.49,15.44,21.35,10.48,1.61,24.28,2.5,48.87,32,29,2344,0.12,0.0,0.5,0.61,17.35,0.77,3.15,45.56,2.69,47.3,0.46,37.5
37,873554,Bundesliga,23/24,Eintracht Frankfurt,Omar Marmoush,Forward,7.25,0.47,0.45,0.23,3.07,1.28,0.89,15.19,1.51,37.86,0.47,0.0,0.0,0.04,0.43,0.04,0.47,0.08,0.08,0.08,100.0,0.0,0.19,0.0,0.82,0.43,0.27,0,0.39,0.0,0.0,0.04,0.0,0.04,0.23,0.23,0.04,1.59,20.74,15.23,5.52,73.41,5.28,10.41,6.91,0.47,36.36,0.62,55.17,29,27,2317,0.27,0.0,1.09,2.87,15.54,2.25,6.25,46.13,5.13,45.36,1.13,50.0
38,803039,Bundesliga,23/24,Borussia Dortmund,Donyell Malen,Forward,7.24,0.66,0.48,0.3,3.63,1.82,0.76,18.06,2.12,51.22,0.56,0.1,0.05,0.0,0.61,0.05,0.15,0.05,0.0,0.0,0.0,0.0,0.1,0.0,0.56,0.1,0.4,0,0.2,0.0,0.0,0.0,0.0,0.2,0.45,0.05,0.05,1.16,24.99,19.89,5.1,79.6,4.9,15.34,9.34,0.35,17.95,0.45,50.0,27,21,1783,0.25,0.0,0.56,1.21,13.78,1.97,4.24,42.64,3.89,45.03,0.35,26.92
39,891510,Bundesliga,23/24,VfB Stuttgart,Chris Führich,Midfielder,7.24,0.28,0.23,0.28,1.87,0.87,0.56,14.81,2.53,51.77,0.28,0.0,0.0,0.07,0.21,0.0,0.1,0.0,0.03,0.0,0.0,0.0,0.07,0.0,1.04,0.24,0.21,0,0.73,0.0,0.0,0.0,0.0,0.03,0.38,0.24,0.07,1.91,42.5,36.53,5.97,85.96,8.88,28.45,17.21,0.8,23.0,0.83,48.0,34,33,2594,0.07,0.0,0.21,0.35,14.43,0.94,4.06,46.25,3.92,48.09,0.14,22.22
40,377118,Bundesliga,23/24,FC Union Berlin,Robin Gosens,Midfielder,7.24,0.23,0.08,0.0,1.25,0.39,0.67,18.75,0.2,41.67,0.2,0.04,0.12,0.12,0.0,0.04,0.67,0.0,0.0,0.0,0.0,0.0,0.0,0.0,2.47,1.41,2.66,0,0.55,0.0,0.0,0.04,0.0,0.04,0.23,0.12,0.0,1.29,35.61,26.57,9.04,74.62,12.17,15.22,7.55,0.82,32.81,1.53,50.65,30,27,2300,0.27,0.04,1.13,0.94,14.6,0.31,5.95,59.84,3.52,61.22,2.43,57.94
41,280453,Bundesliga,23/24,Borussia M'gladbach,Franck Honorat,Midfielder,7.24,0.11,0.06,0.08,1.07,0.38,0.49,10.71,0.8,42.86,0.08,0.04,0.0,0.0,0.11,0.04,0.23,0.0,0.0,0.0,0.0,0.0,0.04,0.0,0.95,0.34,1.03,0,0.34,0.0,0.04,0.0,0.0,0.04,0.72,0.34,0.08,3.46,34.96,26.02,8.94,74.43,9.51,19.74,10.27,3.23,36.02,0.76,35.09,32,28,2366,0.04,0.0,0.34,0.53,18.33,0.68,2.93,48.13,2.28,48.39,0.65,47.22
42,35166,Bundesliga,23/24,FC Bayern München,Thomas Müller,Midfielder,7.22,0.27,0.32,0.32,1.93,0.75,0.59,13.89,0.59,57.89,0.27,0.0,0.05,0.0,0.21,0.05,0.8,0.05,0.0,0.0,0.0,0.0,0.0,0.0,1.39,0.16,0.32,0,1.18,0.0,0.0,0.05,0.0,0.11,0.91,0.48,0.05,2.79,38.52,30.16,8.36,78.3,7.29,23.52,16.02,0.64,21.82,0.96,50.0,31,20,1680,0.0,0.0,0.64,1.12,14.36,1.23,4.71,49.72,3.11,48.33,1.61,52.63
43,851100,Bundesliga,23/24,Borussia Dortmund,Jadon Sancho,Midfielder,7.22,0.19,0.07,0.28,0.85,0.38,0.28,22.22,3.4,54.55,0.19,0.0,0.0,0.0,0.19,0.0,0.28,0.09,0.0,0.0,0.0,0.0,0.0,0.0,0.47,0.38,0.57,0,0.38,0.0,0.0,0.0,0.0,0.0,0.38,0.19,0.0,2.36,44.25,37.08,7.17,83.8,10.94,27.08,18.4,0.94,34.48,0.57,66.67,14,11,954,0.09,0.0,0.28,0.94,15.19,0.85,4.91,53.06,4.81,53.13,0.09,50.0
44,826069,Bundesliga,23/24,VfL Wolfsburg,Jonas Wind,Forward,7.21,0.37,0.32,0.37,2.47,1.18,0.84,15.07,0.44,44.83,0.37,0.0,0.03,0.07,0.27,0.07,0.3,0.0,0.03,0.0,0.0,0.0,0.0,0.0,0.44,0.1,0.71,0,0.34,0.0,0.0,0.0,0.0,0.07,0.3,0.24,0.0,1.28,22.32,15.91,6.42,71.26,4.96,11.01,6.45,0.07,25.0,0.61,62.07,34,31,2665,0.1,0.0,0.95,1.52,10.71,1.18,5.44,48.49,2.33,45.39,3.11,51.11
45,226978,Bundesliga,23/24,Borussia Dortmund,Julian Brandt,Forward,7.21,0.28,0.18,0.12,1.33,0.65,0.44,21.21,1.09,41.54,0.24,0.04,0.0,0.08,0.2,0.0,0.2,0.0,0.0,0.0,0.0,0.04,0.08,50.0,0.69,0.32,0.73,0,0.69,0.0,0.0,0.0,0.0,0.08,0.73,0.44,0.08,3.31,45.81,39.96,5.85,87.22,15.22,26.72,13.12,1.98,29.7,2.06,75.0,32,26,2230,0.08,0.0,0.32,0.61,15.82,1.7,2.74,33.83,2.38,35.98,0.36,24.32
46,578166,Bundesliga,23/24,Borussia M'gladbach,Moritz Nicolas,Goalkeeper,7.21,0.0,0.0,0.0,0.0,0.0,0.0,0.0,0.0,0.0,0.0,0.0,0.0,0.0,0.0,0.0,0.0,0.0,0.0,0.0,0.0,0.0,0.0,0.0,0.04,0.0,1.04,0,0.07,0.11,0.07,0.04,0.0,0.15,0.0,0.0,0.0,0.0,33.67,25.22,8.44,74.92,22.56,2.67,0.41,0.0,0.0,5.52,40.49,27,27,2430,0.07,0.0,0.04,0.07,8.78,0.0,0.48,81.25,0.07,50.0,0.41,91.67
47,789071,Bundesliga,23/24,RB Leipzig,Dani Olmo,Midfielder,7.21,0.25,0.21,0.19,2.79,0.87,1.24,8.89,1.92,44.93,0.12,0.12,0.06,0.06,0.12,0.06,0.06,0.0,0.0,0.0,0.0,0.0,0.19,0.0,1.61,0.8,0.74,0,0.74,0.06,0.0,0.0,0.0,0.19,0.5,0.31,0.0,1.98,38.81,30.89,7.92,79.59,11.39,19.99,11.39,0.5,38.1,2.17,68.63,21,17,1454,0.0,0.0,0.93,1.05,14.92,1.61,5.26,43.59,4.52,44.51,0.74,38.71
48,168903,Bundesliga,23/24,Bayer 04 Leverkusen,Robert Andrich,Defender,7.2,0.21,0.09,0.11,1.23,0.48,0.43,17.39,0.37,63.64,0.16,0.05,0.0,0.05,0.16,0.0,0.0,0.0,0.0,0.0,0.0,0.0,0.11,0.0,1.6,1.07,0.91,0,0.59,0.0,0.0,0.0,0.0,0.53,0.16,0.11,0.0,1.17,78.79,71.53,7.26,90.79,33.47,38.27,15.0,0.21,28.57,2.08,56.52,28,18,1686,0.21,0.0,1.23,0.75,9.18,0.37,3.79,51.82,2.62,53.26,1.17,48.89
49,27214,Bundesliga,23/24,Eintracht Frankfurt,Jens Grahl,Goalkeeper,7.2,0.0,0.0,0.0,0.0,0.0,0.0,0.0,0.0,0.0,0.0,0.0,0.0,0.0,0.0,0.0,0.0,0.0,0.0,0.0,0.0,0.0,0.0,0.0,0.0,0.0,2.0,0,0.0,0.0,0.0,0.0,0.0,0.0,0.5,0.5,0.0,0.5,38.5,23.0,15.5,59.74,21.5,1.5,1.5,0.0,0.0,2.5,14.29,2,2,180,0.0,0.0,0.0,0.0,15.5,0.0,0.5,100.0,0.0,0.0,0.5,100.0
50,121908,Bundesliga,23/24,FC Heidenheim,Kevin Müller,Goalkeeper,7.2,0.0,0.0,0.0,0.0,0.0,0.0,0.0,0.0,0.0,0.0,0.0,0.0,0.0,0.0,0.0,0.0,0.0,0.0,0.0,0.0,0.0,0.0,0.0,0.09,0.0,0.41,0,0.06,0.03,0.0,0.03,0.0,0.18,0.0,0.0,0.0,0.03,38.62,27.74,10.88,71.82,22.06,5.68,1.74,0.0,0.0,9.44,46.66,34,34,3060,0.03,0.0,0.03,0.06,11.18,0.0,0.29,71.43,0.15,62.5,0.15,83.33
51,927407,Bundesliga,23/24,Bayer 04 Leverkusen,Josip Stanišić,Defender,7.2,0.21,0.05,0.07,0.71,0.35,0.14,30.0,0.85,66.67,0.21,0.0,0.07,0.0,0.14,0.0,0.07,0.0,0.0,0.0,0.0,0.0,0.0,0.0,2.68,0.63,1.55,0,0.78,0.0,0.0,0.0,0.0,0.56,0.14,0.07,0.0,0.78,71.87,65.17,6.7,90.68,28.5,37.1,17.7,0.42,37.5,2.89,58.57,20,13,1276,0.21,0.0,0.35,0.49,9.95,0.35,4.87,62.73,4.02,68.67,0.85,44.44
52,37092,Bundesliga,23/24,Borussia Dortmund,Marco Reus,Midfielder,7.19,0.33,0.36,0.56,2.34,1.12,0.95,14.29,0.45,44.44,0.28,0.06,0.0,0.11,0.22,0.17,0.22,0.0,0.0,0.0,0.0,0.06,0.45,12.5,2.07,0.28,1.0,0,0.84,0.0,0.0,0.0,0.0,0.0,0.56,0.33,0.0,2.01,37.13,31.88,5.25,85.86,13.01,19.43,10.83,0.56,31.25,0.67,60.0,26,18,1612,0.11,0.0,1.17,1.17,10.55,0.84,4.41,50.0,3.68,51.97,0.73,41.94
53,556866,Bundesliga,23/24,Borussia Dortmund,Gregor Kobel,Goalkeeper,7.19,0.0,0.0,0.0,0.0,0.0,0.0,0.0,0.04,100.0,0.0,0.0,0.0,0.0,0.0,0.0,0.0,0.0,0.0,0.0,0.0,0.0,0.0,0.0,0.0,0.0,0.95,0,0.04,0.0,0.0,0.08,0.0,0.27,0.0,0.0,0.0,0.0,40.51,33.17,7.34,81.88,30.16,3.01,0.65,0.0,0.0,6.01,45.8,27,27,2366,0.04,0.0,0.08,0.11,7.65,0.0,0.34,75.0,0.11,50.0,0.23,100.0
54,571622,Bundesliga,23/24,Borussia M'gladbach,Jonas Omlin,Goalkeeper,7.19,0.0,0.0,0.0,0.0,0.0,0.0,0.0,0.29,100.0,0.0,0.0,0.0,0.0,0.0,0.0,0.0,0.0,0.0,0.0,0.0,0.0,0.0,0.0,0.14,0.0,0.71,0,0.0,0.0,0.0,0.0,0.0,0.0,0.14,0.14,0.0,0.14,34.14,24.43,9.71,71.55,21.14,3.29,0.71,0.0,0.0,6.86,41.74,7,7,630,0.14,0.0,0.0,0.29,9.71,0.0,1.14,100.0,0.57,100.0,0.57,100.0
55,822708,Bundesliga,23/24,RB Leipzig,Amadou Haidara,Midfielder,7.19,0.12,0.07,0.0,1.23,0.53,0.41,9.52,0.53,81.82,0.06,0.06,0.0,0.12,0.0,0.06,0.12,0.06,0.0,0.0,0.0,0.0,0.0,0.0,2.46,1.23,2.17,0,1.05,0.0,0.0,0.0,0.0,0.06,0.12,0.06,0.0,1.0,47.96,40.52,7.44,84.49,17.51,23.07,10.42,0.06,25.0,1.82,56.36,21,19,1537,0.29,0.0,0.82,0.88,9.02,0.53,5.86,62.11,3.81,60.19,2.05,66.04
56,24937,Bundesliga,23/24,VfL Bochum 1848,Manuel Riemann,Goalkeeper,7.18,0.0,0.0,0.0,0.0,0.0,0.0,0.0,0.03,100.0,0.0,0.0,0.0,0.0,0.0,0.0,0.0,0.0,0.0,0.0,0.0,0.0,0.0,0.0,0.06,0.03,1.15,0,0.06,0.03,0.0,0.06,0.0,0.12,0.0,0.0,0.03,0.15,48.88,28.52,20.36,58.34,15.7,12.88,4.27,0.06,50.0,15.39,43.57,33,33,2970,0.15,0.0,0.06,0.12,20.79,0.0,0.64,75.0,0.21,63.64,0.42,82.35
57,187433,Bundesliga,23/24,FC Bayern München,Serge Gnabry,Midfielder,7.18,0.62,0.51,0.83,3.53,1.25,0.83,17.65,1.25,50.0,0.62,0.0,0.21,0.21,0.21,0.0,0.21,0.21,0.0,0.0,0.0,0.0,0.0,0.0,1.66,0.62,0.42,0,2.29,0.0,0.0,0.0,0.0,0.0,0.62,0.21,0.0,1.87,40.95,35.75,5.2,87.31,11.64,24.53,13.93,0.42,20.0,0.62,60.0,10,5,433,0.0,0.0,1.25,0.62,11.43,0.62,4.16,41.67,3.53,40.48,0.62,50.0
58,878081,Bundesliga,23/24,FC Augsburg,Ermedin Demirović,Forward,7.17,0.47,0.42,0.28,2.53,1.13,0.94,18.52,0.91,48.33,0.47,0.0,0.03,0.0,0.41,0.03,0.5,0.03,0.13,0.09,75.0,0.0,0.0,0.0,0.75,0.34,0.75,0,0.88,0.0,0.0,0.0,0.0,0.06,0.25,0.28,0.0,1.03,17.29,11.5,5.78,66.55,3.56,7.97,5.53,0.03,10.0,0.28,50.0,33,33,2879,0.22,0.0,1.88,1.09,11.13,1.22,4.35,36.29,2.72,36.1,1.63,36.62
59,137692,Bundesliga,23/24,FC Union Berlin,Frederik Rønnow,Goalkeeper,7.17,0.0,0.0,0.0,0.09,0.0,0.06,0.0,0.0,0.0,0.0,0.0,0.0,0.0,0.0,0.0,0.0,0.0,0.0,0.0,0.0,0.0,0.0,0.0,0.03,0.03,0.91,0,0.0,0.06,0.0,0.0,0.0,0.21,0.03,0.0,0.0,0.03,34.55,23.58,10.97,68.25,18.55,5.03,1.7,0.0,0.0,7.39,40.73,33,33,2970,0.06,0.0,0.0,0.12,11.09,0.0,0.45,93.75,0.09,100.0,0.36,92.31
60,227672,Bundesliga,23/24,Bayer 04 Leverkusen,Jonathan Tah,Defender,7.17,0.14,0.07,0.07,0.89,0.34,0.38,15.38,0.17,55.56,0.14,0.0,0.07,0.03,0.03,0.0,0.03,0.0,0.0,0.0,0.0,0.0,0.0,0.0,0.65,0.79,3.25,0,0.38,0.0,0.03,0.0,0.0,0.41,0.03,0.03,0.0,0.17,74.72,70.75,3.97,94.69,38.37,32.38,8.28,0.0,0.0,1.81,60.23,31,30,2632,0.21,0.0,1.13,0.14,4.92,0.17,3.08,54.88,0.96,35.9,2.12,72.09
61,883262,Bundesliga,23/24,Bayer 04 Leverkusen,Edmond Tapsoba,Defender,7.16,0.0,0.04,0.04,0.52,0.04,0.26,0.0,0.56,81.25,0.0,0.0,0.0,0.0,0.0,0.0,0.04,0.0,0.0,0.0,0.0,0.0,0.0,0.0,1.47,1.04,2.16,0,0.3,0.0,0.13,0.0,0.0,0.3,0.09,0.04,0.0,0.39,84.34,77.09,7.26,91.4,37.96,39.13,13.43,0.0,0.0,2.98,57.02,28,23,2084,0.17,0.0,1.08,0.17,8.72,0.3,3.93,53.22,2.2,56.04,1.73,50.0
62,896569,Bundesliga,23/24,FC Bayern München,Kim Min-jae,Defender,7.16,0.05,0.04,0.05,0.46,0.14,0.23,10.0,0.09,100.0,0.05,0.0,0.05,0.0,0.0,0.0,0.05,0.0,0.0,0.0,0.0,0.0,0.0,0.0,1.69,2.06,3.11,0,0.55,0.05,0.05,0.0,0.0,0.27,0.05,0.05,0.0,0.37,97.36,90.55,6.81,93.01,59.66,30.88,7.08,0.0,0.0,2.47,54.0,25,22,1970,0.14,0.0,0.87,0.09,7.45,0.23,5.3,64.09,1.87,53.95,3.43,71.43
63,891651,Bundesliga,23/24,VfL Bochum 1848,Keven Schlotterbeck,Defender,7.15,0.21,0.08,0.08,1.11,0.49,0.33,18.52,0.25,75.0,0.21,0.0,0.16,0.04,0.0,0.0,0.0,0.08,0.0,0.0,0.0,0.0,0.0,0.0,1.73,1.36,4.11,0,0.21,0.0,0.08,0.08,0.08,0.12,0.0,0.04,0.0,0.41,41.24,32.7,8.54,79.28,23.17,9.65,2.83,0.12,25.0,1.77,40.95,27,24,2191,0.37,0.0,1.48,1.31,9.82,0.0,7.89,62.95,3.16,64.71,4.72,61.83
64,924378,Bundesliga,23/24,FSV Mainz 05,Sepp van den Berg,Defender,7.15,0.1,0.08,0.1,0.79,0.35,0.25,12.0,0.13,80.0,0.1,0.0,0.06,0.03,0.0,0.0,0.0,0.0,0.0,0.0,0.0,0.0,0.0,0.0,1.21,1.36,4.88,0,0.35,0.0,0.06,0.0,0.03,0.25,0.03,0.0,0.0,0.22,46.33,37.67,8.66,81.31,27.91,9.77,3.39,0.0,0.0,1.84,40.0,33,31,2838,0.29,0.0,0.98,0.57,9.36,0.13,7.33,64.89,1.84,55.77,5.49,68.65
65,94312,Bundesliga,23/24,FSV Mainz 05,Daniel Batz,Goalkeeper,7.15,0.0,0.0,0.0,0.0,0.0,0.0,0.0,0.0,0.0,0.0,0.0,0.0,0.0,0.0,0.0,0.0,0.0,0.0,0.0,0.0,0.0,0.0,0.0,0.0,0.0,0.75,0,0.0,0.0,0.0,0.0,0.0,0.25,0.0,0.0,0.0,0.0,34.75,22.5,12.25,64.75,18.25,4.25,1.75,0.0,0.0,5.75,32.39,4,4,360,0.0,0.0,0.0,0.0,12.25,0.0,0.25,100.0,0.0,0.0,0.25,100.0
66,889861,Bundesliga,23/24,TSG Hoffenheim,Anton Stach,Midfielder,7.14,0.07,0.07,0.04,1.44,0.36,0.58,5.0,1.01,46.67,0.04,0.04,0.0,0.0,0.07,0.0,0.0,0.04,0.0,0.0,0.0,0.0,0.04,0.0,2.73,2.66,2.41,0,1.15,0.0,0.04,0.0,0.0,0.04,0.22,0.11,0.0,0.76,47.36,38.19,9.17,80.64,17.33,21.25,9.64,0.4,19.64,2.12,50.86,33,28,2503,0.14,0.0,1.15,1.62,14.24,0.54,7.66,59.33,5.29,57.65,2.37,63.46
67,799046,Bundesliga,23/24,VfB Stuttgart,Waldemar Anton,Defender,7.13,0.0,0.05,0.03,0.87,0.19,0.53,0.0,0.47,68.18,0.0,0.0,0.0,0.0,0.0,0.0,0.0,0.03,0.0,0.0,0.0,0.0,0.0,0.0,1.22,1.25,4.61,0,0.59,0.03,0.0,0.03,0.03,0.28,0.06,0.09,0.0,0.28,80.31,71.71,8.6,89.29,46.22,25.55,6.7,0.06,14.29,3.09,45.83,33,32,2888,0.22,0.0,0.78,0.81,10.66,0.37,4.95,60.46,2.34,55.56,2.62,65.63
68,1192318,Bundesliga,23/24,Eintracht Frankfurt,Farès Chaïbi,Midfielder,7.13,0.09,0.14,0.14,1.88,0.66,0.66,5.0,0.33,35.0,0.09,0.0,0.0,0.0,0.09,0.05,0.42,0.0,0.0,0.0,0.0,0.0,0.28,0.0,1.27,0.23,0.8,0,0.47,0.0,0.0,0.0,0.0,0.0,0.7,0.19,0.0,2.39,33.38,24.28,9.09,72.75,8.53,18.0,10.31,2.25,27.27,1.27,45.76,28,21,1920,0.09,0.0,0.66,0.52,18.89,0.75,2.58,33.95,2.11,46.88,0.47,15.15
69,980628,Bundesliga,23/24,TSG Hoffenheim,Maximilian Beier,Forward,7.13,0.59,0.42,0.41,3.03,1.44,0.96,19.51,1.22,42.31,0.52,0.07,0.0,0.18,0.41,0.11,0.48,0.07,0.0,0.0,0.0,0.0,0.0,0.0,0.74,0.33,0.41,0,0.55,0.0,0.0,0.0,0.0,0.0,0.15,0.04,0.0,0.89,18.55,13.63,4.91,73.51,4.36,9.61,5.95,0.33,23.68,0.07,40.0,33,29,2436,0.0,0.0,0.78,1.18,12.04,1.18,3.88,41.02,3.14,43.37,0.74,33.33
70,1002837,Bundesliga,23/24,Bayer 04 Leverkusen,Piero Hincapié,Defender,7.12,0.06,0.12,0.18,1.08,0.36,0.42,5.56,0.06,16.67,0.06,0.0,0.0,0.06,0.0,0.06,0.0,0.0,0.0,0.0,0.0,0.0,0.0,0.0,2.1,0.78,2.52,0,0.24,0.0,0.0,0.0,0.0,0.42,0.06,0.12,0.0,0.36,83.64,76.75,6.9,91.76,40.41,36.34,14.27,0.0,0.0,2.28,50.0,26,16,1501,0.12,0.0,0.96,0.66,8.93,0.24,4.98,59.71,2.82,61.84,2.16,57.14
71,791079,Bundesliga,23/24,RB Leipzig,Xaver Schlager,Midfielder,7.12,0.0,0.04,0.04,0.76,0.11,0.25,0.0,0.69,70.37,0.0,0.0,0.0,0.0,0.0,0.0,0.07,0.0,0.0,0.0,0.0,0.0,0.0,0.0,2.94,0.69,0.94,0,1.16,0.0,0.0,0.0,0.0,0.25,0.07,0.18,0.04,1.02,64.15,57.0,7.14,88.86,25.64,31.51,13.09,0.15,28.57,2.32,60.38,29,29,2482,0.25,0.0,1.23,0.91,10.19,0.98,5.37,55.64,4.53,55.56,0.83,56.1
72,133908,Bundesliga,23/24,Borussia Dortmund,Marcel Sabitzer,Midfielder,7.12,0.18,0.16,0.05,2.15,0.92,0.55,8.51,0.5,42.31,0.18,0.0,0.0,0.09,0.09,0.14,0.05,0.0,0.05,0.05,100.0,0.0,0.23,0.0,1.79,0.55,1.51,0,0.87,0.0,0.0,0.0,0.0,0.32,0.27,0.14,0.0,1.01,46.76,38.79,7.97,82.96,16.9,22.26,11.08,0.37,26.67,1.56,48.57,25,23,1965,0.14,0.05,0.69,1.28,11.59,0.64,3.85,50.3,3.57,55.71,0.27,22.22
73,132654,Bundesliga,23/24,Darmstadt 98,Marcel Schuhen,Goalkeeper,7.12,0.0,0.0,0.0,0.0,0.0,0.0,0.0,0.03,100.0,0.0,0.0,0.0,0.0,0.0,0.0,0.0,0.0,0.0,0.0,0.0,0.0,0.0,0.0,0.03,0.06,0.77,0,0.06,0.06,0.06,0.0,0.0,0.1,0.0,0.0,0.0,0.0,42.29,28.77,13.52,68.04,22.23,6.55,2.16,0.0,0.0,9.87,42.74,31,31,2790,0.06,0.0,0.0,0.26,13.94,0.0,0.58,81.82,0.29,81.82,0.29,81.82
74,822564,Bundesliga,23/24,FC Augsburg,Finn Dahmen,Goalkeeper,7.12,0.0,0.0,0.0,0.0,0.0,0.0,0.0,0.0,0.0,0.0,0.0,0.0,0.0,0.0,0.0,0.0,0.0,0.0,0.0,0.0,0.0,0.0,0.0,0.03,0.0,0.97,0,0.06,0.03,0.13,0.06,0.03,0.1,0.0,0.0,0.0,0.03,40.19,30.1,10.1,74.88,24.9,5.19,2.03,0.0,0.0,6.77,40.86,31,31,2790,0.13,0.0,0.06,0.13,10.35,0.0,0.39,63.16,0.16,55.56,0.23,70.0
75,319857,Bundesliga,23/24,RB Leipzig,Benjamin Henrichs,Defender,7.11,0.04,0.09,0.11,1.24,0.32,0.43,2.86,1.17,68.75,0.04,0.0,0.0,0.0,0.04,0.0,0.07,0.0,0.0,0.0,0.0,0.0,0.14,0.0,2.41,1.17,1.06,0,1.1,0.0,0.0,0.07,0.0,0.21,0.32,0.18,0.07,1.49,48.62,38.65,9.97,79.49,19.7,19.63,9.58,0.67,28.36,2.16,45.52,33,28,2536,0.18,0.0,0.96,1.24,15.01,0.71,5.64,58.24,4.72,59.11,0.92,54.17
76,801030,Bundesliga,23/24,VfB Stuttgart,Atakan Karazor,Midfielder,7.11,0.0,0.04,0.0,0.65,0.07,0.34,0.0,0.17,26.32,0.0,0.0,0.0,0.0,0.0,0.03,0.0,0.0,0.0,0.0,0.0,0.0,0.0,0.0,2.46,0.92,1.37,0,1.06,0.0,0.0,0.0,0.0,0.24,0.14,0.14,0.0,0.99,64.54,57.88,6.66,89.68,26.17,31.81,11.75,0.1,75.0,1.03,60.0,33,31,2634,0.31,0.0,0.96,2.08,8.85,0.65,6.22,58.33,4.68,59.83,1.54,54.22
77,252215,Bundesliga,23/24,TSG Hoffenheim,Wout Weghorst,Forward,7.11,0.32,0.33,0.23,1.76,0.68,0.5,17.95,0.14,20.0,0.32,0.0,0.09,0.14,0.09,0.05,0.59,0.0,0.05,0.05,100.0,0.0,0.0,0.0,0.59,0.27,1.09,0,0.27,0.0,0.0,0.0,0.0,0.0,0.14,0.14,0.0,1.54,25.61,18.69,6.92,72.97,5.79,12.94,7.96,0.05,25.0,0.41,56.25,28,24,1989,0.18,0.0,1.04,1.54,11.0,0.86,5.2,46.37,2.26,47.17,2.94,45.77
78,326695,Bundesliga,23/24,FC Heidenheim,Christian Kühlwetter,Midfielder,7.1,0.0,0.0,0.0,0.0,0.0,0.0,0.0,0.0,0.0,0.0,0.0,0.0,0.0,0.0,0.0,0.0,0.0,0.0,0.0,0.0,0.0,0.0,0.0,0.0,0.0,0.0,0,0.0,0.0,0.0,0.0,0.0,0.0,6.92,6.92,0.0,6.92,13.85,6.92,6.92,50.0,0.0,6.92,6.92,0.0,0.0,0.0,0.0,1,0,13,0.0,0.0,0.0,0.0,13.85,0.0,0.0,0.0,0.0,0.0,0.0,0.0
79,192308,Bundesliga,23/24,Borussia M'gladbach,Alassane Pléa,Midfielder,7.1,0.33,0.33,0.23,2.71,0.89,1.26,12.07,0.98,44.68,0.33,0.0,0.09,0.0,0.23,0.05,0.28,0.05,0.05,0.05,100.0,0.0,0.0,0.0,0.79,0.09,0.28,0,0.37,0.0,0.0,0.0,0.0,0.0,0.23,0.19,0.05,1.73,33.94,24.69,9.26,72.73,8.46,16.64,10.47,0.42,20.45,1.59,62.96,27,24,1925,0.05,0.0,0.7,1.36,15.38,1.54,3.83,43.39,3.13,45.89,0.7,34.88
80,1428576,Bundesliga,23/24,Borussia Dortmund,Kjell Wätjen,Midfielder,7.1,0.0,0.0,0.0,0.0,0.0,0.0,0.0,1.73,66.67,0.0,0.0,0.0,0.0,0.0,0.0,0.0,0.0,0.0,0.0,0.0,0.0,0.0,0.0,2.6,0.0,2.6,0,2.6,0.0,0.0,0.0,0.0,0.0,1.73,0.87,0.0,2.6,45.0,38.94,6.06,86.54,20.77,18.17,5.19,0.0,0.0,4.33,100.0,2,1,104,0.0,0.0,0.87,0.87,7.79,0.0,5.19,50.0,5.19,54.55,0.0,0.0
81,843665,Bundesliga,23/24,FC Bayern München,Alphonso Davies,Defender,7.1,0.09,0.04,0.0,0.57,0.17,0.22,15.38,3.05,59.83,0.04,0.04,0.0,0.04,0.04,0.0,0.0,0.0,0.0,0.0,0.0,0.0,0.0,0.0,2.05,1.13,1.65,0,1.0,0.0,0.04,0.04,0.0,0.22,0.13,0.22,0.04,1.65,63.18,56.17,7.01,88.9,27.65,28.96,15.5,0.44,32.26,0.3,25.0,29,24,2067,0.0,0.0,0.7,0.87,14.02,1.04,6.57,56.13,5.97,55.69,0.61,60.87
82,132645,Bundesliga,23/24,Borussia Dortmund,Niclas Füllkrug,Forward,7.1,0.45,0.48,0.49,2.17,1.09,0.82,20.69,0.19,31.25,0.45,0.0,0.11,0.07,0.26,0.0,0.52,0.0,0.11,0.11,100.0,0.0,0.0,0.0,0.3,0.07,0.97,0,0.22,0.0,0.0,0.0,0.0,0.11,0.26,0.3,0.0,1.35,23.65,15.9,7.75,67.25,4.83,11.11,6.51,0.04,20.0,0.79,63.64,31,29,2405,0.04,0.0,1.05,1.65,11.3,0.9,5.09,42.63,2.1,46.67,2.99,40.2
83,147289,Bundesliga,23/24,VfL Wolfsburg,Maximilian Arnold,Midfielder,7.1,0.07,0.04,0.0,1.15,0.43,0.4,6.25,0.25,70.0,0.0,0.07,0.0,0.07,0.0,0.04,0.0,0.0,0.0,0.0,0.0,0.04,0.29,12.5,1.83,0.86,1.94,0,1.04,0.0,0.0,0.0,0.0,0.11,0.18,0.04,0.0,1.73,52.64,44.98,7.66,85.45,24.23,21.93,9.67,1.19,30.0,3.81,51.71,30,27,2503,0.32,0.0,1.33,1.65,12.15,0.61,4.24,50.86,3.7,55.08,0.54,33.33
84,138156,Bundesliga,23/24,Borussia Dortmund,Emre Can,Defender,7.09,0.09,0.1,0.05,0.78,0.14,0.41,11.76,0.69,57.69,0.09,0.0,0.0,0.0,0.09,0.0,0.0,0.0,0.09,0.09,100.0,0.0,0.0,0.0,2.89,1.01,1.7,0,0.92,0.05,0.05,0.0,0.0,0.23,0.05,0.09,0.0,0.92,67.14,58.79,8.35,87.56,33.46,25.33,9.91,0.0,0.0,3.26,59.17,25,22,1961,0.23,0.0,1.24,1.06,11.38,0.96,5.97,56.77,4.59,56.18,1.38,58.82
85,863271,Bundesliga,23/24,FC Köln,Jeff Chabot,Defender,7.09,0.0,0.05,0.03,0.63,0.13,0.3,0.0,0.3,52.94,0.0,0.0,0.0,0.0,0.0,0.03,0.13,0.0,0.0,0.0,0.0,0.0,0.0,0.0,1.96,1.5,4.52,0,0.8,0.0,0.0,0.0,0.0,0.07,0.0,0.0,0.0,0.3,53.43,45.15,8.28,84.51,33.85,11.34,3.79,0.03,25.0,3.03,41.74,32,32,2707,0.23,0.03,0.93,1.4,9.44,0.07,7.02,67.85,3.52,63.47,3.49,72.92
86,826205,Bundesliga,23/24,VfB Stuttgart,Dan Zagadou,Defender,7.09,0.06,0.06,0.0,0.67,0.18,0.37,9.09,0.18,75.0,0.06,0.0,0.06,0.0,0.0,0.0,0.06,0.0,0.0,0.0,0.0,0.0,0.0,0.0,1.29,1.23,4.54,0,0.25,0.0,0.06,0.0,0.06,0.18,0.0,0.0,0.0,0.18,83.26,72.16,11.1,86.67,47.33,24.83,4.84,0.0,0.0,3.86,44.68,19,16,1468,0.06,0.0,1.04,0.18,11.59,0.06,5.33,70.73,1.66,56.25,3.68,80.0
87,957889,Bundesliga,23/24,VfB Stuttgart,Enzo Millot,Midfielder,7.09,0.2,0.21,0.12,1.56,0.72,0.56,12.82,1.84,55.42,0.2,0.0,0.0,0.2,0.0,0.04,0.16,0.04,0.04,0.04,100.0,0.0,0.0,0.0,1.6,0.64,0.28,0,0.84,0.0,0.04,0.0,0.0,0.12,0.28,0.16,0.0,1.32,56.3,48.83,7.47,86.74,19.96,29.19,13.98,0.32,21.05,1.24,58.49,31,27,2254,0.2,0.0,1.44,1.4,14.45,1.36,5.11,45.07,4.83,48.99,0.28,18.92
88,991478,Bundesliga,23/24,Bayer 04 Leverkusen,Amine Adli,Forward,7.08,0.4,0.33,0.4,2.69,1.5,0.8,14.81,1.3,56.52,0.4,0.0,0.1,0.3,0.0,0.2,0.7,0.0,0.0,0.0,0.0,0.0,0.0,0.0,1.6,0.6,0.5,0,1.0,0.0,0.0,0.0,0.0,0.0,0.3,0.4,0.1,2.2,42.71,35.42,7.28,82.94,10.18,25.74,15.37,0.5,21.74,0.3,33.33,23,8,902,0.5,0.0,1.4,2.79,12.87,1.0,7.78,54.17,5.69,57.58,2.1,46.67
89,1048422,Bundesliga,23/24,Eintracht Frankfurt,Hugo Ekitiké,Forward,7.08,0.5,0.3,0.25,3.73,1.24,1.74,13.33,2.24,48.65,0.37,0.12,0.25,0.0,0.25,0.12,0.75,0.0,0.0,0.0,0.0,0.0,0.0,0.0,1.37,0.25,0.5,0,0.25,0.0,0.0,0.0,0.0,0.0,0.37,0.25,0.0,1.49,22.75,16.16,6.59,71.04,5.59,10.69,6.59,0.12,11.11,0.99,80.0,14,7,724,0.37,0.0,1.49,1.49,15.17,1.62,6.84,42.97,5.1,47.13,1.74,34.15
90,1174761,Bundesliga,23/24,Bayer 04 Leverkusen,Arthur,Midfielder,7.08,0.0,0.03,0.0,0.98,0.49,0.49,0.0,0.98,40.0,0.0,0.0,0.0,0.0,0.0,0.0,0.0,0.0,0.0,0.0,0.0,0.0,0.0,0.0,1.96,0.0,2.45,0,0.0,0.0,0.0,0.0,0.0,0.49,0.0,0.98,0.0,2.45,44.02,35.71,8.32,81.11,15.16,22.99,11.74,2.45,71.43,0.98,40.0,4,2,184,0.0,0.0,0.98,0.0,15.16,1.47,3.91,42.11,2.93,42.86,0.98,40.0
91,973437,Bundesliga,23/24,Bayer 04 Leverkusen,Odilon Kossounou,Defender,7.08,0.05,0.03,0.0,0.25,0.05,0.2,20.0,1.14,57.5,0.05,0.0,0.05,0.0,0.0,0.0,0.0,0.0,0.0,0.0,0.0,0.0,0.0,0.0,1.49,1.34,1.94,0,0.55,0.0,0.05,0.0,0.0,0.35,0.05,0.0,0.0,0.5,67.95,60.55,7.4,89.11,28.31,32.24,13.76,0.0,0.0,1.84,53.62,22,21,1812,0.15,0.0,0.84,0.35,9.93,0.75,4.12,52.2,2.98,50.42,1.14,57.5
92,873106,Bundesliga,23/24,VfB Stuttgart,Hiroki Itō,Defender,7.07,0.0,0.04,0.0,0.73,0.16,0.2,0.0,0.28,70.0,0.0,0.0,0.0,0.0,0.0,0.0,0.08,0.0,0.0,0.0,0.0,0.0,0.0,0.0,0.77,1.17,3.15,0,0.61,0.0,0.08,0.0,0.0,0.28,0.12,0.08,0.04,0.81,79.39,70.96,8.43,89.38,44.33,26.95,8.67,0.32,34.78,3.31,43.85,26,25,2231,0.04,0.0,0.69,0.32,10.25,0.2,2.58,45.39,1.29,45.07,1.29,45.71
93,1142251,Bundesliga,23/24,FC Bayern München,Aleksandar Pavlović,Midfielder,7.07,0.15,0.09,0.0,0.58,0.15,0.15,25.0,0.36,50.0,0.15,0.0,0.0,0.07,0.07,0.0,0.0,0.0,0.0,0.0,0.0,0.0,0.0,0.0,2.04,1.24,0.8,0,1.17,0.0,0.0,0.0,0.0,0.15,0.15,0.15,0.07,0.87,68.94,64.49,4.45,93.55,28.71,36.51,14.65,0.73,55.56,2.99,83.67,19,14,1235,0.44,0.0,1.46,1.17,7.65,1.02,4.3,46.46,3.57,47.57,0.73,41.67
94,37096,Bundesliga,23/24,RB Leipzig,Péter Gulácsi,Goalkeeper,7.07,0.0,0.0,0.0,0.0,0.0,0.0,0.0,0.0,0.0,0.0,0.0,0.0,0.0,0.0,0.0,0.0,0.0,0.0,0.0,0.0,0.0,0.0,0.0,0.0,0.0,1.23,0,0.0,0.08,0.0,0.0,0.0,0.38,0.0,0.0,0.0,0.0,31.69,26.77,4.92,84.47,25.77,1.0,0.23,0.0,0.0,3.38,40.74,13,13,1170,0.0,0.0,0.0,0.0,4.92,0.0,0.46,100.0,0.0,0.0,0.46,100.0
95,136924,Bundesliga,23/24,RB Leipzig,Willi Orbán,Defender,7.06,0.0,0.02,0.06,0.4,0.11,0.23,0.0,0.11,100.0,0.0,0.0,0.0,0.0,0.0,0.0,0.0,0.0,0.0,0.0,0.0,0.0,0.0,0.0,1.13,0.91,4.13,0,0.51,0.0,0.06,0.0,0.0,0.28,0.06,0.0,0.0,0.4,78.73,70.63,8.1,89.71,47.69,23.0,4.81,0.06,100.0,2.83,47.17,19,18,1589,0.11,0.0,0.91,0.57,8.78,0.11,4.87,61.87,1.81,59.26,3.06,63.53
96,138150,Bundesliga,23/24,SV Werder Bremen,Mitchell Weiser,Midfielder,7.06,0.1,0.13,0.03,1.5,0.44,0.55,6.82,1.71,50.0,0.1,0.0,0.07,0.03,0.0,0.03,0.14,0.0,0.0,0.0,0.0,0.0,0.0,0.0,2.18,0.68,1.33,0,0.75,0.0,0.0,0.0,0.0,0.14,0.27,0.24,0.0,1.26,38.64,29.16,9.48,75.46,13.81,16.27,8.25,0.92,32.93,1.67,49.0,30,30,2639,0.17,0.0,0.99,1.33,17.43,1.16,6.0,50.14,5.22,53.31,0.78,35.94
97,577726,Bundesliga,23/24,Borussia Dortmund,Ramy Bensebaini,Defender,7.06,0.0,0.16,0.26,1.37,0.0,1.11,0.0,1.37,100.0,0.0,0.0,0.0,0.0,0.0,0.0,0.0,0.0,0.0,0.0,0.0,0.0,0.0,0.0,2.91,1.37,2.49,0,0.86,0.0,0.0,0.0,0.09,0.09,0.09,0.0,0.0,0.51,64.03,53.14,10.89,83.0,27.51,25.8,11.74,0.17,9.52,2.57,49.18,17,11,1050,0.17,0.09,1.29,2.49,14.74,0.26,8.31,71.32,6.69,75.0,1.63,59.38
98,246999,Bundesliga,23/24,FC Bayern München,Raphaël Guerreiro,Defender,7.06,0.22,0.18,0.22,1.34,0.45,0.52,16.67,0.97,68.42,0.15,0.07,0.0,0.22,0.0,0.07,0.0,0.0,0.0,0.0,0.0,0.0,0.0,0.0,1.42,1.12,0.37,0,0.45,0.0,0.07,0.0,0.0,0.15,0.22,0.0,0.0,1.72,68.86,61.02,7.84,88.61,24.72,37.42,19.94,1.12,35.71,1.64,70.97,20,13,1205,0.15,0.0,0.22,0.52,12.32,0.82,3.06,56.94,2.91,60.0,0.15,28.57
99,228981,Bundesliga,23/24,FC Heidenheim,Tim Kleindienst,Forward,7.05,0.38,0.44,0.56,2.6,1.06,1.25,14.46,0.59,31.67,0.34,0.03,0.09,0.19,0.09,0.06,0.5,0.0,0.06,0.06,100.0,0.0,0.0,0.0,0.66,0.38,1.82,0,0.56,0.0,0.0,0.0,0.0,0.16,0.16,0.09,0.0,0.85,26.34,15.78,10.55,59.93,4.6,11.24,6.58,0.06,10.53,0.56,62.07,33,33,2874,0.19,0.0,2.76,0.41,17.72,1.75,7.27,42.26,1.63,21.22,5.64,59.21
100,825771,Bundesliga,23/24,SV Werder Bremen,Marco Friedl,Defender,7.05,0.04,0.01,0.0,0.29,0.04,0.2,14.29,0.2,83.33,0.04,0.0,0.0,0.04,0.0,0.0,0.04,0.0,0.0,0.0,0.0,0.0,0.0,0.0,2.17,1.43,5.2,0,0.49,0.0,0.0,0.04,0.0,0.25,0.0,0.0,0.0,0.04,43.69,37.92,5.77,86.79,29.07,8.89,2.5,0.04,25.0,3.64,53.61,25,25,2198,0.25,0.0,1.27,0.7,7.0,0.2,4.71,56.65,2.99,60.83,1.72,50.6
101,847030,Bundesliga,23/24,FC Bayern München,Noussair Mazraoui,Defender,7.05,0.0,0.07,0.08,0.9,0.23,0.23,0.0,0.9,52.17,0.0,0.0,0.0,0.0,0.0,0.08,0.0,0.0,0.0,0.0,0.0,0.0,0.0,0.0,2.41,1.5,1.73,0,0.6,0.08,0.0,0.0,0.0,0.45,0.38,0.23,0.0,1.13,64.66,58.12,6.54,89.88,23.83,34.51,18.2,0.23,15.79,1.28,58.62,19,15,1197,0.23,0.0,0.75,0.83,10.98,0.45,5.56,57.36,4.14,61.8,1.43,47.5
102,830803,Bundesliga,23/24,FC Union Berlin,Danilho Doekhi,Defender,7.05,0.08,0.05,0.04,0.67,0.08,0.38,12.5,0.08,100.0,0.08,0.0,0.08,0.0,0.0,0.0,0.0,0.04,0.0,0.0,0.0,0.0,0.0,0.0,1.42,1.58,4.29,0,0.25,0.0,0.04,0.0,0.0,0.17,0.0,0.0,0.0,0.17,37.96,30.67,7.29,80.79,20.5,10.21,3.92,0.04,25.0,2.88,44.52,24,24,2160,0.08,0.0,0.54,0.83,8.0,0.08,4.54,63.37,2.25,72.97,2.29,56.12
103,16632,Bundesliga,23/24,Borussia Dortmund,Mats Hummels,Defender,7.05,0.17,0.18,0.17,0.91,0.34,0.51,18.75,0.11,33.33,0.17,0.0,0.11,0.06,0.0,0.0,0.0,0.0,0.0,0.0,0.0,0.0,0.0,0.0,2.95,1.87,4.59,0,1.3,0.0,0.0,0.11,0.0,0.28,0.11,0.0,0.0,0.51,79.91,71.35,8.56,89.29,44.09,27.26,6.52,0.0,0.0,5.95,67.74,25,20,1588,0.23,0.06,0.68,0.51,9.86,0.34,5.72,59.41,3.51,58.49,2.21,60.94
104,254429,Bundesliga,23/24,FC Heidenheim,Patrick Mainka,Defender,7.05,0.06,0.1,0.09,0.85,0.21,0.29,6.9,0.29,58.82,0.06,0.0,0.06,0.0,0.0,0.06,0.06,0.0,0.0,0.0,0.0,0.0,0.0,0.0,2.5,1.44,4.59,0,1.06,0.0,0.03,0.03,0.0,0.18,0.0,0.0,0.0,0.09,45.53,37.79,7.74,83.01,26.97,10.82,3.06,0.0,0.0,2.47,45.9,34,34,3060,0.03,0.0,0.71,0.47,8.56,0.15,6.76,59.59,3.21,60.89,3.56,58.45
105,15219,Bundesliga,23/24,Bayer 04 Leverkusen,Lukáš Hrádecký,Goalkeeper,7.04,0.0,0.0,0.0,0.0,0.0,0.0,0.0,0.0,0.0,0.0,0.0,0.0,0.0,0.0,0.0,0.0,0.0,0.0,0.0,0.0,0.0,0.0,0.0,0.0,0.0,0.55,0,0.03,0.03,0.03,0.0,0.0,0.45,0.0,0.0,0.0,0.0,21.7,16.45,5.24,75.84,15.06,1.39,0.36,0.0,0.0,3.15,38.66,33,33,2970,0.06,0.0,0.0,0.03,5.48,0.0,0.27,81.82,0.03,50.0,0.24,88.89
106,945063,Bundesliga,23/24,RB Leipzig,Mohamed Simakan,Defender,7.04,0.08,0.17,0.08,1.26,0.46,0.59,6.67,0.5,60.0,0.08,0.0,0.0,0.0,0.08,0.0,0.13,0.04,0.0,0.0,0.0,0.0,0.0,0.0,2.02,1.22,2.86,0,0.5,0.0,0.0,0.04,0.0,0.17,0.13,0.13,0.0,0.63,62.56,53.99,8.57,86.3,33.4,20.67,7.73,0.08,11.11,2.35,45.16,32,23,2142,0.34,0.0,1.47,1.05,11.47,0.38,6.09,59.92,3.53,57.93,2.56,62.89
107,1165722,Bundesliga,23/24,SV Werder Bremen,Skelly Alvero,Midfielder,7.04,0.67,0.22,0.0,3.33,2.0,0.67,20.0,1.33,100.0,0.67,0.0,0.0,0.0,0.67,0.0,0.0,0.0,0.0,0.0,0.0,0.0,0.0,0.0,4.0,0.67,0.67,0,0.0,0.0,0.0,0.0,0.0,0.0,0.0,0.0,0.0,0.67,50.67,39.33,11.33,77.63,16.0,23.33,8.0,0.0,0.0,4.0,75.0,6,1,135,0.67,0.0,1.33,2.0,13.33,0.67,11.33,80.95,7.33,78.57,4.0,85.71
108,584722,Bundesliga,23/24,VfB Stuttgart,Alexander Nübel,Goalkeeper,7.03,0.0,0.0,0.0,0.0,0.0,0.0,0.0,0.0,0.0,0.0,0.0,0.0,0.0,0.0,0.0,0.0,0.0,0.0,0.0,0.0,0.0,0.0,0.0,0.07,0.0,0.8,0,0.07,0.1,0.03,0.0,0.03,0.37,0.0,0.0,0.0,0.0,36.1,28.93,7.17,80.15,26.7,2.23,0.47,0.0,0.0,5.9,47.45,30,30,2700,0.03,0.0,0.0,0.13,7.33,0.0,0.47,82.35,0.07,50.0,0.4,92.31
109,237068,Bundesliga,23/24,Borussia M'gladbach,Julian Weigl,Midfielder,7.03,0.07,0.08,0.03,0.62,0.2,0.23,10.53,0.46,70.0,0.07,0.0,0.0,0.0,0.07,0.0,0.0,0.0,0.07,0.07,100.0,0.0,0.03,0.0,2.15,1.56,1.98,0,0.85,0.0,0.03,0.0,0.0,0.1,0.13,0.1,0.03,0.81,47.6,42.53,5.08,89.34,24.79,17.77,6.77,0.03,33.33,2.67,62.12,31,31,2766,0.33,0.0,1.07,0.98,6.34,0.29,4.39,59.21,3.58,60.11,0.81,55.56
110,537552,Bundesliga,23/24,FSV Mainz 05,Jae-sung Lee,Midfielder,7.03,0.25,0.21,0.34,1.61,0.55,0.68,15.79,0.64,46.88,0.21,0.04,0.08,0.17,0.0,0.08,0.38,0.08,0.0,0.0,0.0,0.0,0.0,0.0,1.4,1.14,0.85,0,1.1,0.0,0.0,0.0,0.0,0.08,0.21,0.13,0.0,1.36,31.82,25.3,6.53,79.49,8.98,16.4,8.81,0.08,11.76,0.76,47.37,29,24,2124,0.25,0.0,0.81,1.14,10.72,0.93,4.58,42.52,3.09,47.1,1.48,35.35
111,876858,Bundesliga,23/24,Borussia M'gladbach,Robin Hack,Midfielder,7.03,0.67,0.26,0.27,2.86,1.46,1.0,23.26,1.73,45.61,0.6,0.07,0.13,0.13,0.4,0.07,0.6,0.0,0.0,0.0,0.0,0.0,0.0,0.0,1.0,0.93,0.93,0,0.87,0.0,0.0,0.0,0.0,0.0,0.2,0.13,0.0,1.66,31.75,24.63,7.12,77.57,9.85,15.91,8.85,1.13,38.64,0.93,43.75,29,14,1352,0.13,0.0,1.13,1.46,17.04,2.4,5.26,40.1,4.13,39.49,1.13,42.5
112,387220,Bundesliga,23/24,FC Köln,Timo Hübers,Defender,7.03,0.0,0.06,0.06,0.71,0.16,0.45,0.0,0.13,66.67,0.0,0.0,0.0,0.0,0.0,0.0,0.03,0.03,0.0,0.0,0.0,0.0,0.0,0.0,2.2,2.04,5.41,0,1.0,0.03,0.0,0.0,0.0,0.13,0.03,0.0,0.0,0.19,55.96,47.45,8.52,84.78,34.17,13.31,3.95,0.03,33.33,2.66,39.05,31,31,2779,0.19,0.0,1.42,0.81,9.39,0.23,6.35,59.76,3.08,53.98,3.27,66.45
113,138491,Bundesliga,23/24,Borussia Dortmund,Alexander Meyer,Goalkeeper,7.03,0.0,0.0,0.0,0.0,0.0,0.0,0.0,0.13,100.0,0.0,0.0,0.0,0.0,0.0,0.0,0.0,0.0,0.0,0.0,0.0,0.0,0.0,0.0,0.13,0.0,0.39,0,0.0,0.13,0.0,0.0,0.0,0.39,0.0,0.0,0.0,0.0,43.57,35.4,8.17,81.25,33.2,2.2,0.52,0.0,0.0,5.97,43.4,8,7,694,0.0,0.0,0.0,0.0,8.3,0.0,0.26,100.0,0.26,100.0,0.0,0.0
114,352562,Bundesliga,23/24,VfB Stuttgart,Pascal Stenzel,Defender,7.02,0.0,0.03,0.0,1.13,0.32,0.73,0.0,0.48,75.0,0.0,0.0,0.0,0.0,0.0,0.0,0.0,0.0,0.0,0.0,0.0,0.0,0.08,0.0,1.45,1.21,1.86,0,1.61,0.0,0.0,0.0,0.0,0.0,0.57,0.4,0.08,1.29,55.94,49.32,6.62,88.17,23.41,26.8,12.35,0.89,42.31,5.49,74.73,23,14,1115,0.08,0.08,1.29,0.89,10.74,0.48,3.55,41.9,2.83,44.3,0.73,34.62
115,146101,Bundesliga,23/24,FC Bayern München,Eric Dier,Defender,7.02,0.0,0.05,0.15,0.69,0.31,0.15,0.0,0.08,100.0,0.0,0.0,0.0,0.0,0.0,0.0,0.08,0.0,0.0,0.0,0.0,0.0,0.0,0.0,0.85,0.77,3.55,0,0.08,0.0,0.08,0.0,0.0,0.08,0.0,0.0,0.0,0.15,87.22,80.12,7.1,91.86,52.41,27.79,6.1,0.08,14.29,4.48,63.04,15,13,1166,0.08,0.0,0.93,0.69,7.95,0.0,4.25,66.27,1.62,65.63,2.62,66.67
116,1198075,Bundesliga,23/24,FSV Mainz 05,Brajan Gruda,Midfielder,7.02,0.22,0.19,0.11,1.63,0.65,0.54,13.33,3.75,52.27,0.16,0.05,0.05,0.16,0.0,0.05,0.49,0.05,0.0,0.0,0.0,0.0,0.11,0.0,1.2,0.27,0.22,0,0.54,0.0,0.0,0.0,0.0,0.0,0.49,0.16,0.0,2.34,28.86,20.6,8.26,71.37,5.38,15.76,10.6,0.54,18.87,0.65,28.57,28,19,1656,0.27,0.0,1.52,2.55,23.26,2.66,8.32,45.95,7.5,48.08,0.82,32.61
117,186719,Bundesliga,23/24,TSG Hoffenheim,Florian Grillitsch,Midfielder,7.01,0.04,0.05,0.04,0.82,0.23,0.27,4.76,0.51,61.9,0.0,0.04,0.0,0.0,0.04,0.04,0.0,0.0,0.0,0.0,0.0,0.0,0.0,0.0,2.11,2.03,3.36,0,1.25,0.04,0.04,0.0,0.0,0.04,0.08,0.23,0.08,0.82,67.45,58.03,9.42,86.04,31.93,26.3,9.22,0.2,29.41,4.06,51.74,30,25,2303,0.31,0.0,1.06,0.94,11.37,0.47,4.88,53.19,3.56,53.53,1.33,52.31
118,1048650,Bundesliga,23/24,Borussia M'gladbach,Rocco Reitz,Midfielder,7.01,0.25,0.15,0.04,1.38,0.59,0.38,18.18,0.84,44.44,0.25,0.0,0.04,0.04,0.17,0.0,0.08,0.0,0.0,0.0,0.0,0.0,0.0,0.0,2.55,1.84,1.05,0,1.13,0.04,0.0,0.0,0.0,0.04,0.13,0.13,0.0,0.84,42.8,32.62,10.18,76.22,18.3,14.41,7.33,0.08,13.33,1.68,48.78,34,24,2149,0.08,0.0,1.09,1.88,14.99,1.26,5.82,51.1,5.19,53.68,0.63,36.59
119,906800,Bundesliga,23/24,FSV Mainz 05,Leandro Barreiro,Midfielder,7.0,0.14,0.16,0.1,1.31,0.52,0.35,10.53,0.52,50.0,0.14,0.0,0.03,0.0,0.1,0.0,0.1,0.0,0.0,0.0,0.0,0.0,0.0,0.0,2.24,1.24,1.8,0,0.69,0.0,0.0,0.0,0.0,0.24,0.03,0.03,0.0,0.69,31.53,23.31,8.22,73.93,12.71,10.67,5.56,0.07,40.0,1.07,37.8,31,29,2606,0.28,0.0,2.0,1.8,11.16,0.48,5.91,50.15,4.49,55.56,1.42,38.32
120,280009,Bundesliga,23/24,SC Freiburg,Lucas Höler,Forward,7.0,0.27,0.33,0.27,1.32,0.7,0.43,20.59,0.51,46.43,0.27,0.0,0.04,0.16,0.08,0.04,0.27,0.08,0.08,0.04,50.0,0.0,0.0,0.0,1.24,0.58,1.32,0,0.74,0.0,0.0,0.0,0.0,0.04,0.04,0.08,0.0,1.24,27.9,18.92,8.98,67.83,6.61,12.51,6.57,0.19,41.67,0.62,50.0,33,26,2316,0.27,0.0,0.97,1.87,13.17,0.74,6.72,49.01,3.54,54.17,3.19,44.32
121,70987,Bundesliga,23/24,VfL Wolfsburg,Koen Casteels,Goalkeeper,7.0,0.0,0.0,0.0,0.0,0.0,0.0,0.0,0.0,0.0,0.0,0.0,0.0,0.0,0.0,0.0,0.0,0.0,0.0,0.0,0.0,0.0,0.0,0.0,0.08,0.0,1.04,0,0.04,0.16,0.04,0.04,0.0,0.16,0.04,0.0,0.0,0.04,33.16,22.88,10.28,69.0,18.08,4.8,1.44,0.0,0.0,8.52,46.1,25,25,2250,0.08,0.0,0.04,0.12,10.48,0.0,0.52,86.67,0.2,71.43,0.32,100.0
122,794962,Bundesliga,23/24,Borussia M'gladbach,Maximilian Wöber,Defender,7.0,0.09,0.06,0.04,0.83,0.13,0.57,10.53,0.09,50.0,0.09,0.0,0.09,0.0,0.0,0.0,0.22,0.0,0.0,0.0,0.0,0.0,0.0,0.0,2.87,1.65,4.61,0,0.96,0.0,0.0,0.0,0.0,0.0,0.09,0.13,0.0,0.52,60.83,50.96,9.87,83.77,33.83,17.52,6.7,0.39,42.86,2.52,37.42,25,24,2070,0.09,0.04,1.17,0.13,11.87,0.09,5.13,58.42,3.09,58.68,2.04,58.02
123,168937,Bundesliga,23/24,Borussia Dortmund,Niklas Süle,Defender,6.99,0.06,0.03,0.0,0.42,0.06,0.12,14.29,0.18,75.0,0.06,0.0,0.0,0.0,0.06,0.0,0.0,0.0,0.0,0.0,0.0,0.0,0.0,0.0,1.07,1.49,3.4,0,0.3,0.06,0.06,0.0,0.0,0.24,0.0,0.0,0.0,0.3,88.87,82.78,6.08,93.15,57.02,25.83,7.1,0.06,50.0,5.01,71.19,23,14,1509,0.0,0.0,0.54,0.06,6.8,0.36,2.62,55.7,1.31,52.38,1.31,59.46
124,980626,Bundesliga,23/24,SC Freiburg,Noah Atubolu,Goalkeeper,6.99,0.0,0.0,0.0,0.0,0.0,0.0,0.0,0.0,0.0,0.0,0.0,0.0,0.0,0.0,0.0,0.0,0.0,0.0,0.0,0.0,0.0,0.0,0.0,0.0,0.0,0.62,0,0.03,0.03,0.0,0.0,0.0,0.29,0.0,0.0,0.0,0.0,36.15,24.21,11.94,66.97,19.76,4.44,1.56,0.0,0.0,7.68,39.61,34,34,3060,0.0,0.0,0.0,0.09,12.12,0.0,0.29,90.91,0.06,66.67,0.24,100.0
125,797691,Bundesliga,23/24,Darmstadt 98,Marvin Mehlem,Midfielder,6.99,0.18,0.23,0.18,1.39,0.48,0.54,13.04,0.6,45.45,0.18,0.0,0.0,0.12,0.06,0.0,0.48,0.0,0.0,0.0,0.0,0.0,0.0,0.0,1.69,1.99,0.72,0,0.97,0.0,0.0,0.0,0.0,0.06,0.0,0.12,0.0,1.33,33.44,26.14,7.3,78.16,11.89,14.55,7.79,0.3,27.78,1.15,47.5,20,19,1491,0.18,0.0,1.21,2.05,12.68,1.15,5.13,51.52,4.35,52.17,0.78,48.15
126,164171,Bundesliga,23/24,VfL Wolfsburg,Kevin Behrens,Forward,6.98,0.24,0.37,0.53,2.49,0.91,1.24,9.62,0.34,46.67,0.24,0.0,0.24,0.0,0.0,0.05,0.57,0.0,0.0,0.0,0.0,0.0,0.0,0.0,0.72,0.43,1.15,0,0.24,0.0,0.0,0.0,0.0,0.0,0.14,0.05,0.0,1.15,23.7,15.51,8.19,65.45,4.07,11.49,7.28,0.05,10.0,0.77,64.0,31,21,1880,0.19,0.0,1.44,1.2,12.88,1.05,8.19,50.29,2.15,43.69,6.03,53.16
127,174345,Bundesliga,23/24,FSV Mainz 05,Robin Zentner,Goalkeeper,6.98,0.0,0.0,0.0,0.03,0.0,0.0,0.0,0.03,100.0,0.0,0.0,0.0,0.0,0.0,0.0,0.0,0.0,0.0,0.0,0.0,0.0,0.0,0.0,0.07,0.03,1.17,0,0.1,0.03,0.0,0.03,0.0,0.23,0.0,0.0,0.0,0.03,29.77,17.4,12.37,58.45,12.13,5.27,1.43,0.0,0.0,7.23,37.22,30,30,2700,0.1,0.0,0.03,0.13,12.77,0.0,0.53,76.19,0.2,60.0,0.33,90.91
128,111483,Bundesliga,23/24,SC Freiburg,Michael Gregoritsch,Forward,6.98,0.37,0.5,0.8,3.95,1.66,1.82,9.46,0.27,31.25,0.37,0.0,0.16,0.11,0.11,0.16,0.32,0.0,0.0,0.0,0.0,0.0,0.11,0.0,0.86,0.48,1.39,0,0.64,0.0,0.0,0.0,0.0,0.11,0.05,0.21,0.0,0.8,22.82,14.22,8.6,62.3,5.13,9.19,5.08,0.11,18.18,0.75,66.67,32,19,1684,0.11,0.0,0.86,1.02,12.51,0.69,7.0,47.46,2.14,44.44,4.86,48.92
129,1048888,Bundesliga,23/24,FC Bayern München,Mathys Tel,Forward,6.98,0.61,0.32,0.17,3.72,1.56,1.04,16.28,3.2,56.06,0.61,0.0,0.17,0.0,0.43,0.26,0.26,0.0,0.0,0.0,0.0,0.0,0.0,0.0,1.04,0.52,0.52,0,0.17,0.0,0.0,0.0,0.0,0.17,0.52,0.43,0.0,1.04,32.88,27.95,4.93,85.0,9.09,19.56,12.2,0.69,44.44,0.61,77.78,30,6,1040,0.17,0.0,1.56,1.3,15.23,2.86,6.75,45.09,5.54,43.84,1.21,51.85
130,78781,Bundesliga,23/24,FC Köln,Florian Kainz,Midfielder,6.98,0.2,0.2,0.0,1.14,0.37,0.41,17.86,0.94,57.5,0.2,0.0,0.0,0.0,0.2,0.0,0.04,0.0,0.2,0.2,100.0,0.0,0.12,0.0,1.14,0.53,0.81,0,0.9,0.0,0.04,0.0,0.0,0.0,0.16,0.16,0.08,2.24,37.59,28.43,9.16,75.62,11.24,19.14,9.81,1.95,28.74,2.04,39.68,33,29,2210,0.16,0.0,0.77,1.34,17.1,1.02,3.91,47.29,3.3,49.69,0.61,37.5
131,796987,Bundesliga,23/24,VfL Wolfsburg,Mattias Svanberg,Midfielder,6.98,0.05,0.15,0.1,2.19,0.57,0.83,2.38,0.78,53.57,0.05,0.0,0.0,0.0,0.05,0.05,0.1,0.05,0.0,0.0,0.0,0.0,0.31,0.0,1.93,1.1,1.3,0,1.36,0.0,0.0,0.0,0.0,0.0,0.26,0.16,0.0,1.36,39.08,29.37,9.7,75.17,13.62,16.33,8.5,0.57,20.0,1.2,34.85,25,20,1725,0.42,0.0,2.19,1.67,15.5,0.57,5.43,50.49,4.33,48.82,1.1,58.33
132,836706,Bundesliga,23/24,FC Augsburg,Arne Maier,Midfielder,6.98,0.18,0.13,0.0,1.93,0.44,0.7,9.09,1.05,60.0,0.18,0.0,0.0,0.09,0.09,0.26,0.0,0.0,0.0,0.0,0.0,0.09,0.26,33.33,1.23,0.53,0.96,0,0.79,0.0,0.0,0.09,0.0,0.09,0.18,0.35,0.0,2.45,43.51,36.33,7.18,83.5,13.48,25.21,13.39,2.36,31.76,2.98,75.56,22,10,1028,0.0,0.0,0.35,0.35,15.58,0.96,3.15,50.0,2.63,48.39,0.53,60.0
133,355492,Bundesliga,23/24,FC Bayern München,Konrad Laimer,Defender,6.98,0.0,0.05,0.05,0.86,0.25,0.46,0.0,1.17,51.11,0.0,0.0,0.0,0.0,0.0,0.0,0.1,0.0,0.0,0.0,0.0,0.0,0.0,0.0,2.85,0.92,0.56,0,1.53,0.05,0.05,0.0,0.0,0.2,0.31,0.15,0.0,1.27,68.03,61.37,6.66,90.21,26.03,35.8,18.86,0.46,29.03,1.12,61.11,29,18,1770,0.15,0.0,1.42,0.76,11.69,0.86,5.39,48.18,4.78,50.0,0.61,37.5
134,800252,Bundesliga,23/24,Darmstadt 98,Tim Skarke,Midfielder,6.98,0.3,0.13,0.11,2.57,0.74,1.0,11.59,1.04,46.67,0.3,0.0,0.0,0.07,0.22,0.07,0.63,0.0,0.0,0.0,0.0,0.0,0.04,0.0,0.97,0.22,0.71,0,0.67,0.0,0.0,0.0,0.0,0.04,0.07,0.0,0.0,1.15,26.99,21.36,5.62,79.17,9.45,12.77,6.36,0.86,24.47,1.15,54.39,30,29,2418,0.26,0.0,1.15,1.49,12.95,0.86,3.91,40.7,3.42,47.67,0.48,20.0
135,146853,Bundesliga,23/24,FC Augsburg,Jeffrey Gouweleeuw,Defender,6.97,0.03,0.05,0.0,0.8,0.1,0.21,4.35,0.52,65.22,0.03,0.0,0.0,0.03,0.0,0.0,0.14,0.0,0.0,0.0,0.0,0.0,0.0,0.0,1.21,1.21,3.61,0,0.31,0.0,0.0,0.0,0.0,0.07,0.1,0.0,0.0,0.52,50.55,39.59,10.96,78.31,24.77,14.92,7.25,0.1,16.67,4.72,41.98,30,29,2594,0.24,0.0,0.87,0.31,12.84,0.24,3.85,56.06,1.98,54.29,1.87,58.06
136,851254,Bundesliga,23/24,SV Werder Bremen,Amos Pieper,Defender,6.97,0.0,0.1,0.0,0.61,0.15,0.3,0.0,0.0,0.0,0.0,0.0,0.0,0.0,0.0,0.0,0.0,0.0,0.0,0.0,0.0,0.0,0.0,0.0,2.13,1.37,5.03,0,0.91,0.15,0.0,0.0,0.0,0.15,0.15,0.0,0.0,0.3,46.6,34.72,11.88,74.51,21.32,13.4,4.87,0.0,0.0,3.05,44.44,7,7,591,0.0,0.0,0.76,0.76,13.4,0.0,6.85,64.29,2.89,63.33,3.96,65.0
137,280609,Bundesliga,23/24,Bayer 04 Leverkusen,Patrik Schick,Forward,6.97,0.59,0.51,0.42,3.36,1.09,1.34,17.5,0.67,36.36,0.59,0.0,0.17,0.42,0.0,0.0,0.42,0.08,0.08,0.08,100.0,0.0,0.0,0.0,0.5,0.08,0.59,0,0.34,0.0,0.0,0.0,0.0,0.17,0.17,0.0,0.0,0.75,19.12,15.27,3.86,79.82,3.69,11.58,6.88,0.0,0.0,0.17,66.67,20,12,1073,0.08,0.0,0.92,1.09,8.56,1.43,4.28,43.97,2.26,39.13,2.01,51.06
138,986397,Bundesliga,23/24,RB Leipzig,Benjamin Šeško,Forward,6.97,0.82,0.45,0.47,2.76,1.47,1.0,29.79,1.0,51.52,0.76,0.06,0.29,0.18,0.35,0.0,0.7,0.0,0.0,0.0,0.0,0.0,0.0,0.0,0.76,0.18,1.58,0,0.41,0.0,0.0,0.0,0.0,0.06,0.06,0.12,0.06,0.76,18.94,12.61,6.33,66.56,4.4,8.21,5.22,0.0,0.0,0.18,42.86,31,17,1535,0.0,0.0,0.82,0.59,11.96,2.23,4.57,43.33,2.35,35.4,2.23,56.72
139,340719,Bundesliga,23/24,VfL Bochum 1848,Philipp Hofmann,Forward,6.96,0.23,0.27,0.46,2.23,0.86,0.8,10.26,0.51,60.0,0.23,0.0,0.11,0.11,0.0,0.11,0.23,0.0,0.0,0.0,0.0,0.0,0.0,0.0,0.57,0.23,0.97,0,0.17,0.0,0.0,0.0,0.0,0.06,0.29,0.11,0.0,1.09,23.47,15.19,8.28,64.72,4.4,10.79,5.71,0.0,0.0,0.29,50.0,29,18,1576,0.06,0.0,1.14,1.48,12.22,0.8,8.91,53.61,2.57,52.94,6.34,53.88
140,800951,Bundesliga,23/24,Borussia Dortmund,Julian Ryerson,Midfielder,6.96,0.2,0.09,0.05,0.91,0.41,0.3,22.22,0.81,47.06,0.15,0.05,0.0,0.05,0.15,0.0,0.0,0.0,0.0,0.0,0.0,0.0,0.0,0.0,2.08,0.51,1.52,0,1.02,0.0,0.15,0.0,0.0,0.2,0.25,0.05,0.0,0.71,49.06,43.37,5.69,88.41,25.45,18.39,8.84,0.46,22.5,1.22,47.06,21,20,1772,0.15,0.0,0.91,1.27,11.68,1.32,4.57,49.18,4.11,50.31,0.46,40.91
141,109296,Bundesliga,23/24,TSG Hoffenheim,Pavel Kadeřábek,Midfielder,6.96,0.11,0.09,0.04,0.71,0.22,0.33,15.79,0.11,21.43,0.11,0.0,0.04,0.0,0.07,0.0,0.04,0.0,0.0,0.0,0.0,0.0,0.0,0.0,1.15,0.86,2.31,0,0.82,0.0,0.0,0.0,0.0,0.04,0.37,0.15,0.07,1.45,34.86,24.82,10.05,71.18,10.38,15.37,8.0,0.93,24.75,1.08,32.58,29,28,2419,0.26,0.0,0.63,0.45,15.55,0.41,4.02,46.55,1.71,44.23,2.31,48.44
142,828571,Bundesliga,23/24,VfL Bochum 1848,Bernardo,Defender,6.96,0.03,0.06,0.06,0.89,0.25,0.43,3.45,0.37,57.14,0.03,0.0,0.03,0.0,0.0,0.0,0.06,0.0,0.0,0.0,0.0,0.0,0.0,0.0,3.05,1.69,3.23,0,0.74,0.03,0.0,0.06,0.0,0.12,0.0,0.0,0.0,0.4,41.61,29.58,12.03,71.08,17.11,12.8,5.48,0.34,36.67,2.68,40.47,33,33,2924,0.28,0.0,1.66,0.86,15.88,0.49,8.77,61.16,4.22,59.57,4.56,62.71
143,857740,Bundesliga,23/24,TSG Hoffenheim,Ozan Kabak,Defender,6.96,0.16,0.09,0.08,0.75,0.28,0.31,21.05,0.35,64.29,0.12,0.04,0.08,0.04,0.04,0.0,0.0,0.0,0.0,0.0,0.0,0.0,0.0,0.0,1.89,1.81,4.13,0,0.55,0.04,0.04,0.04,0.0,0.04,0.04,0.04,0.0,0.31,53.17,45.47,7.7,85.51,29.04,16.51,5.46,0.08,66.67,2.2,40.58,28,28,2290,0.35,0.04,1.22,0.35,8.76,0.2,5.27,57.02,2.55,54.62,2.71,59.48
144,798583,Bundesliga,23/24,FC Bayern München,Dayot Upamecano,Defender,6.96,0.05,0.08,0.1,0.56,0.2,0.31,9.09,0.31,60.0,0.05,0.0,0.05,0.0,0.0,0.0,0.1,0.0,0.0,0.0,0.0,0.0,0.0,0.0,1.73,0.97,2.65,0,0.71,0.05,0.1,0.05,0.0,0.25,0.05,0.0,0.0,0.31,91.43,84.76,6.67,92.71,48.61,36.19,10.49,0.05,33.33,3.16,65.96,25,19,1768,0.05,0.05,1.12,0.41,7.79,0.2,4.58,56.6,2.44,53.33,2.14,60.87
145,920379,Bundesliga,23/24,Bayer 04 Leverkusen,Nathan Tella,Forward,6.95,0.53,0.37,0.21,2.24,1.17,0.43,23.81,0.75,18.92,0.53,0.0,0.21,0.0,0.32,0.0,0.43,0.21,0.0,0.0,0.0,0.0,0.0,0.0,1.39,0.32,0.64,0,0.53,0.0,0.0,0.0,0.0,0.11,0.53,0.21,0.0,1.49,31.71,26.37,5.34,83.16,5.98,21.14,12.49,0.75,25.93,0.96,60.0,24,8,843,0.21,0.0,1.17,1.92,14.41,1.6,4.59,38.74,4.06,39.18,0.53,35.71
146,879543,Bundesliga,23/24,Borussia Dortmund,Mateu Morey,Defender,6.95,0.0,0.02,0.0,0.82,0.82,0.0,0.0,0.82,100.0,0.0,0.0,0.0,0.0,0.0,0.0,0.82,0.0,0.0,0.0,0.0,0.0,0.0,0.0,1.64,0.82,1.64,0,1.64,0.0,0.0,0.0,0.0,0.0,0.0,0.0,0.0,0.82,65.45,57.27,8.18,87.5,39.27,18.0,9.0,0.0,0.0,0.82,33.33,3,2,110,0.0,0.0,2.45,4.09,13.09,0.82,8.18,55.56,6.55,57.14,1.64,50.0
147,187185,Bundesliga,23/24,FC Köln,Marvin Schwäbe,Goalkeeper,6.95,0.0,0.0,0.0,0.0,0.0,0.0,0.0,0.0,0.0,0.0,0.0,0.0,0.0,0.0,0.0,0.0,0.0,0.0,0.0,0.0,0.0,0.0,0.0,0.03,0.0,0.71,0,0.0,0.03,0.03,0.0,0.0,0.12,0.0,0.0,0.0,0.06,35.18,26.94,8.24,76.59,24.26,2.68,0.76,0.0,0.0,5.47,41.15,34,34,3060,0.0,0.0,0.0,0.03,8.56,0.0,0.21,70.0,0.06,100.0,0.15,62.5
148,66518,Bundesliga,23/24,Eintracht Frankfurt,Mario Götze,Midfielder,6.95,0.13,0.12,0.13,0.56,0.3,0.09,23.08,0.78,48.65,0.09,0.04,0.04,0.0,0.09,0.0,0.04,0.0,0.0,0.0,0.0,0.0,0.0,0.0,2.21,0.61,0.43,0,1.47,0.0,0.0,0.04,0.0,0.04,0.22,0.09,0.0,1.52,54.48,44.5,9.98,81.69,22.6,22.55,12.49,0.65,27.78,1.82,50.0,30,23,2075,0.13,0.04,0.61,1.52,15.48,1.13,4.86,51.38,4.51,52.79,0.35,38.1
149,591706,Bundesliga,23/24,Eintracht Frankfurt,Ellyes Skhiri,Midfielder,6.95,0.08,0.1,0.21,0.75,0.33,0.21,11.11,0.5,70.59,0.04,0.04,0.0,0.0,0.08,0.0,0.12,0.0,0.0,0.0,0.0,0.0,0.0,0.0,1.83,1.62,1.74,0,0.71,0.0,0.08,0.0,0.0,0.21,0.12,0.04,0.0,0.83,52.99,44.73,8.26,84.42,26.18,18.55,7.63,0.0,0.0,2.03,45.79,27,24,2169,0.04,0.0,0.58,0.75,11.0,1.04,4.36,55.26,3.07,55.22,1.29,55.36
150,979480,Bundesliga,23/24,Eintracht Frankfurt,Willian Pacho,Defender,6.95,0.0,0.04,0.09,0.3,0.06,0.15,0.0,0.36,85.71,0.0,0.0,0.0,0.0,0.0,0.0,0.03,0.0,0.0,0.0,0.0,0.0,0.0,0.0,1.88,1.42,4.24,0,0.67,0.03,0.03,0.03,0.0,0.21,0.03,0.06,0.0,0.18,68.39,58.06,10.33,84.89,40.09,18.03,5.09,0.06,28.57,2.64,33.98,33,33,2970,0.21,0.0,0.67,0.42,11.76,0.21,4.3,58.44,2.67,62.41,1.64,52.94
151,964191,Bundesliga,23/24,Eintracht Frankfurt,Tuta,Defender,6.95,0.03,0.05,0.07,0.62,0.24,0.24,5.56,0.38,44.0,0.03,0.0,0.03,0.0,0.0,0.03,0.0,0.0,0.0,0.0,0.0,0.0,0.0,0.0,2.18,1.24,3.04,0,0.69,0.0,0.0,0.0,0.0,0.17,0.1,0.07,0.07,0.48,63.4,53.93,9.47,85.07,35.27,18.73,7.01,0.07,18.18,2.97,40.38,30,30,2605,0.03,0.07,1.0,0.59,11.92,0.52,4.94,54.17,3.14,54.17,1.8,54.17
152,988639,Bundesliga,23/24,FC Köln,Eric Martel,Midfielder,6.95,0.04,0.08,0.07,0.99,0.33,0.44,3.7,0.26,53.85,0.04,0.0,0.0,0.0,0.04,0.0,0.07,0.04,0.0,0.0,0.0,0.0,0.0,0.0,2.56,1.57,2.92,0,1.1,0.0,0.0,0.04,0.0,0.15,0.04,0.04,0.0,0.44,40.18,33.13,7.05,82.45,18.92,14.32,6.25,0.11,15.79,1.13,43.66,30,29,2464,0.22,0.0,1.9,1.5,9.79,0.88,6.87,53.11,4.27,51.54,2.59,55.91
153,803031,Bundesliga,23/24,FC Bayern München,Matthijs de Ligt,Defender,6.95,0.13,0.11,0.13,0.9,0.45,0.26,14.29,0.13,100.0,0.13,0.0,0.13,0.0,0.0,0.0,0.0,0.0,0.0,0.0,0.0,0.0,0.0,0.0,0.97,1.22,3.35,0,0.32,0.0,0.0,0.0,0.0,0.13,0.0,0.0,0.0,0.19,76.55,71.97,4.57,94.03,41.27,30.77,9.79,0.06,50.0,2.58,61.54,22,16,1398,0.32,0.0,0.77,0.52,5.41,0.13,4.25,58.93,1.61,59.52,2.64,58.57
154,870038,Bundesliga,23/24,Eintracht Frankfurt,Saša Kalajdžić,Forward,6.94,0.0,0.05,0.0,0.55,0.27,0.27,0.0,0.27,33.33,0.0,0.0,0.0,0.0,0.0,0.0,0.27,0.0,0.0,0.0,0.0,0.0,0.0,0.0,0.55,0.55,1.64,0,0.0,0.0,0.0,0.0,0.0,0.27,0.27,0.27,0.0,0.82,21.06,16.41,4.65,77.92,7.93,8.75,3.01,0.27,100.0,0.82,75.0,5,5,329,0.0,0.0,0.82,2.74,7.11,0.55,6.02,55.0,3.56,65.0,2.46,45.0
155,187437,Bundesliga,23/24,FC Köln,Davie Selke,Forward,6.94,0.42,0.34,0.14,2.34,0.78,0.92,18.18,0.42,50.0,0.42,0.0,0.07,0.0,0.35,0.07,0.71,0.0,0.0,0.0,0.0,0.0,0.0,0.0,0.28,0.0,1.42,0,0.14,0.0,0.0,0.0,0.0,0.0,0.0,0.0,0.0,0.78,16.22,10.2,6.02,62.88,4.11,6.09,3.47,0.0,0.0,0.0,0.0,19,16,1271,0.21,0.0,1.7,1.27,9.13,0.85,6.73,49.48,1.77,38.46,4.96,55.12
156,8959,Bundesliga,23/24,FC Bayern München,Manuel Neuer,Goalkeeper,6.94,0.0,0.0,0.0,0.0,0.0,0.0,0.0,0.04,100.0,0.0,0.0,0.0,0.0,0.0,0.0,0.0,0.0,0.0,0.0,0.0,0.0,0.0,0.0,0.04,0.0,0.83,0,0.0,0.09,0.04,0.04,0.0,0.26,0.0,0.0,0.0,0.0,33.52,28.22,5.3,84.18,26.29,1.93,0.66,0.0,0.0,5.08,50.22,23,23,2054,0.04,0.0,0.04,0.09,5.39,0.0,0.44,71.43,0.13,100.0,0.31,63.64
157,790965,Bundesliga,23/24,SC Freiburg,Ritsu Doan,Midfielder,6.94,0.28,0.2,0.16,1.47,0.76,0.4,18.92,2.11,49.07,0.24,0.04,0.12,0.08,0.08,0.04,0.08,0.04,0.0,0.0,0.0,0.0,0.0,0.0,1.99,0.36,0.96,0,0.6,0.0,0.0,0.0,0.0,0.12,0.16,0.08,0.0,1.24,25.63,19.33,6.3,75.43,5.74,14.19,7.29,0.6,24.59,0.6,28.85,30,26,2258,0.08,0.0,1.04,1.4,14.07,1.43,6.34,50.0,5.5,51.3,0.84,42.86
158,791642,Bundesliga,23/24,FC Union Berlin,Josip Juranović,Midfielder,6.94,0.0,0.1,0.07,0.84,0.21,0.35,0.0,0.7,47.62,0.0,0.0,0.0,0.0,0.0,0.07,0.0,0.0,0.07,0.0,0.0,0.0,0.14,0.0,1.4,0.84,1.74,0,0.77,0.07,0.0,0.0,0.0,0.07,0.21,0.14,0.0,2.72,33.84,26.09,7.74,77.11,14.58,14.16,7.53,2.65,36.54,2.65,45.78,21,14,1290,0.28,0.0,0.28,0.7,16.88,0.42,3.0,54.43,2.79,55.56,0.21,42.86
159,841947,Bundesliga,23/24,VfL Wolfsburg,Lovro Majer,Midfielder,6.94,0.21,0.23,0.26,1.57,0.51,0.51,13.51,1.06,56.82,0.21,0.0,0.0,0.17,0.04,0.04,0.04,0.04,0.09,0.09,100.0,0.0,0.09,0.0,1.66,0.51,0.51,0,0.81,0.0,0.0,0.0,0.0,0.0,0.26,0.21,0.0,1.62,40.15,31.35,8.8,78.07,11.02,21.18,12.97,0.85,22.47,0.89,38.18,32,25,2116,0.21,0.0,1.57,1.57,16.59,1.15,4.76,48.48,4.21,49.5,0.55,41.94
160,792142,Bundesliga,23/24,FC Augsburg,Felix Uduokhai,Defender,6.94,0.06,0.04,0.0,0.4,0.09,0.25,15.38,0.18,85.71,0.06,0.0,0.0,0.0,0.03,0.0,0.0,0.03,0.0,0.0,0.0,0.0,0.0,0.0,1.14,1.42,5.36,0,0.28,0.03,0.03,0.0,0.03,0.09,0.0,0.0,0.0,0.28,50.7,41.43,9.27,81.71,28.83,12.6,4.07,0.0,0.0,3.11,41.22,33,33,2922,0.09,0.03,0.89,0.71,10.32,0.22,5.45,60.82,2.0,60.19,3.45,61.2
161,869644,Bundesliga,23/24,FC Augsburg,Iago Borduchi,Defender,6.94,0.06,0.08,0.17,1.0,0.39,0.33,5.56,1.05,55.88,0.06,0.0,0.0,0.0,0.06,0.11,0.22,0.0,0.0,0.0,0.0,0.0,0.0,0.0,2.0,1.0,2.16,0,0.89,0.0,0.0,0.11,0.0,0.11,0.22,0.06,0.0,0.94,32.18,24.53,7.66,76.21,12.48,13.15,5.88,1.11,45.45,2.27,47.13,23,18,1622,0.22,0.0,0.78,1.28,14.09,0.55,5.44,57.31,4.33,59.54,1.11,50.0
162,282229,Bundesliga,23/24,Borussia M'gladbach,Nico Elvedi,Defender,6.94,0.07,0.06,0.07,0.65,0.25,0.32,11.11,0.22,85.71,0.07,0.0,0.04,0.0,0.04,0.0,0.04,0.0,0.0,0.0,0.0,0.0,0.0,0.0,1.19,1.55,5.16,0,0.22,0.04,0.04,0.0,0.0,0.14,0.0,0.04,0.0,0.11,59.89,53.18,6.71,88.79,38.77,14.44,4.04,0.04,33.33,1.44,34.78,30,28,2493,0.18,0.0,0.47,0.65,7.29,0.14,4.66,64.82,1.99,69.62,2.67,61.67
163,846471,Bundesliga,23/24,FSV Mainz 05,Anthony Caci,Midfielder,6.94,0.07,0.06,0.04,1.12,0.22,0.47,6.45,0.83,63.89,0.07,0.0,0.0,0.04,0.04,0.04,0.0,0.0,0.0,0.0,0.0,0.0,0.0,0.0,2.02,1.16,1.44,0,0.61,0.0,0.0,0.04,0.0,0.14,0.22,0.11,0.04,0.94,45.88,35.38,10.51,77.1,19.42,16.64,8.34,0.69,26.03,3.94,51.42,31,29,2493,0.29,0.0,1.23,0.54,16.35,0.36,4.44,54.42,3.39,56.63,1.05,48.33
164,939830,Bundesliga,23/24,FSV Mainz 05,Jonathan Burkardt,Forward,6.93,0.47,0.36,0.47,2.39,0.99,0.88,19.51,1.34,44.23,0.41,0.06,0.18,0.12,0.18,0.12,0.18,0.0,0.06,0.06,100.0,0.0,0.0,0.0,0.7,0.18,0.12,0,0.41,0.0,0.0,0.0,0.0,0.18,0.23,0.12,0.0,0.88,20.85,15.01,5.84,71.99,5.72,9.75,4.67,0.47,24.24,0.58,43.48,21,18,1541,0.12,0.0,1.11,2.1,14.6,2.16,4.91,33.73,4.03,43.4,0.88,16.67
165,38440,Bundesliga,23/24,Eintracht Frankfurt,Kevin Trapp,Goalkeeper,6.93,0.0,0.0,0.0,0.0,0.0,0.0,0.0,0.0,0.0,0.0,0.0,0.0,0.0,0.0,0.0,0.0,0.0,0.0,0.0,0.0,0.0,0.0,0.0,0.0,0.03,0.59,0,0.0,0.03,0.0,0.0,0.0,0.22,0.0,0.0,0.0,0.0,32.0,22.91,9.09,71.58,21.03,1.88,0.31,0.0,0.0,4.34,32.86,32,32,2880,0.06,0.0,0.0,0.19,9.34,0.0,0.44,93.33,0.12,100.0,0.31,90.91
166,254297,Bundesliga,23/24,TSG Hoffenheim,Ihlas Bebou,Forward,6.93,0.38,0.27,0.22,2.08,0.77,0.77,18.42,1.42,44.83,0.38,0.0,0.05,0.11,0.22,0.05,0.38,0.05,0.0,0.0,0.0,0.0,0.0,0.0,1.2,0.77,0.66,0,0.44,0.0,0.0,0.0,0.0,0.0,0.27,0.27,0.0,0.82,23.87,17.79,6.08,74.54,5.64,12.48,6.95,0.33,17.14,0.77,53.85,32,16,1644,0.16,0.0,1.31,1.15,15.27,1.37,5.53,42.98,3.78,43.67,1.75,41.56
167,96832,Bundesliga,23/24,RB Leipzig,Janis Blaswich,Goalkeeper,6.93,0.0,0.0,0.0,0.0,0.0,0.0,0.0,0.0,0.0,0.0,0.0,0.0,0.0,0.0,0.0,0.0,0.0,0.0,0.0,0.0,0.0,0.0,0.0,0.05,0.0,0.95,0,0.0,0.14,0.0,0.0,0.0,0.24,0.0,0.0,0.0,0.05,41.29,35.62,5.67,86.27,32.95,2.67,0.52,0.0,0.0,4.62,46.63,21,21,1890,0.0,0.0,0.0,0.1,5.81,0.0,0.48,83.33,0.1,100.0,0.38,80.0
168,822340,Bundesliga,23/24,FC Augsburg,Phillip Tietz,Forward,6.93,0.3,0.31,0.45,1.95,0.71,0.9,15.38,0.49,35.14,0.3,0.0,0.04,0.11,0.15,0.04,0.6,0.0,0.0,0.0,0.0,0.0,0.04,0.0,0.86,0.22,1.31,0,0.34,0.0,0.0,0.0,0.0,0.04,0.11,0.15,0.0,1.09,19.53,12.39,7.15,63.41,3.52,8.91,5.35,0.04,16.67,0.3,47.06,34,31,2405,0.04,0.0,1.57,0.64,11.94,0.79,5.91,41.69,1.91,35.42,4.0,45.53
169,904994,Bundesliga,23/24,Eintracht Frankfurt,Eric Ebimbe,Midfielder,6.93,0.23,0.23,0.23,2.37,0.77,1.09,9.62,1.91,48.84,0.23,0.0,0.05,0.14,0.05,0.0,0.14,0.0,0.0,0.0,0.0,0.0,0.0,0.0,2.0,0.41,1.59,0,1.05,0.0,0.05,0.0,0.0,0.05,0.23,0.14,0.0,0.91,37.45,28.53,8.92,76.18,12.88,15.79,8.19,0.14,14.29,0.77,38.64,31,25,1978,0.23,0.0,2.23,0.68,16.47,1.37,6.46,44.38,4.55,40.98,1.91,55.26
170,879674,Bundesliga,23/24,VfL Wolfsburg,Maxence Lacroix,Defender,6.93,0.15,0.03,0.0,0.46,0.3,0.11,33.33,0.27,46.67,0.11,0.04,0.04,0.04,0.08,0.04,0.0,0.0,0.0,0.0,0.0,0.0,0.0,0.0,1.83,0.91,4.42,0,0.46,0.0,0.0,0.0,0.0,0.15,0.0,0.04,0.0,0.3,54.71,46.64,8.07,85.25,33.01,13.74,4.23,0.11,60.0,3.69,57.06,28,27,2364,0.11,0.11,1.03,0.72,9.52,0.04,5.25,58.47,2.82,62.18,2.44,54.7
171,254125,Bundesliga,23/24,VfL Bochum 1848,Maximilian Wittek,Defender,6.93,0.25,0.11,0.0,2.17,0.67,0.92,11.54,0.83,52.63,0.17,0.08,0.0,0.25,0.0,0.08,0.17,0.0,0.0,0.0,0.0,0.08,0.25,33.33,1.92,1.5,1.75,0,0.67,0.0,0.0,0.0,0.0,0.0,0.08,0.08,0.0,2.0,30.95,20.02,10.93,64.69,7.34,14.26,7.34,1.58,37.25,1.08,22.81,21,13,1079,0.33,0.0,1.67,2.17,18.18,0.42,6.17,52.11,4.75,57.58,1.42,39.53
172,830127,Bundesliga,23/24,SV Werder Bremen,Romano Schmid,Midfielder,6.93,0.14,0.18,0.17,1.31,0.34,0.79,10.53,1.41,40.59,0.14,0.0,0.03,0.0,0.1,0.03,0.14,0.0,0.0,0.0,0.0,0.0,0.03,0.0,1.21,0.38,0.48,0,1.1,0.03,0.03,0.0,0.0,0.07,0.41,0.21,0.0,1.76,39.15,31.33,7.82,80.04,11.78,20.42,11.16,0.86,40.32,1.45,58.33,33,30,2614,0.17,0.0,1.14,1.82,16.35,2.0,5.27,39.95,4.44,41.88,0.83,32.0
173,142259,Bundesliga,23/24,SC Freiburg,Matthias Ginter,Defender,6.92,0.0,0.07,0.09,0.33,0.19,0.09,0.0,0.09,40.0,0.0,0.0,0.0,0.0,0.0,0.05,0.0,0.0,0.0,0.0,0.0,0.0,0.0,0.0,1.36,0.75,4.32,0,0.61,0.0,0.0,0.0,0.05,0.28,0.09,0.09,0.0,0.23,56.45,47.63,8.82,84.37,29.47,18.3,4.97,0.14,18.75,2.3,36.84,23,22,1918,0.14,0.0,0.38,0.7,10.51,0.09,4.5,64.86,2.02,66.15,2.49,63.86
174,846356,Bundesliga,23/24,FC Augsburg,Fredrik Jensen,Midfielder,6.92,0.13,0.06,0.0,0.93,0.33,0.27,14.29,0.33,20.0,0.13,0.0,0.0,0.0,0.13,0.0,0.33,0.0,0.0,0.0,0.0,0.0,0.0,0.0,1.53,0.8,1.33,0,0.93,0.0,0.0,0.07,0.0,0.0,0.33,0.27,0.0,2.13,25.07,17.4,7.67,69.41,4.93,14.33,7.87,1.87,30.77,0.87,37.14,22,18,1350,0.07,0.0,0.93,0.13,16.27,0.67,3.6,40.91,2.0,34.48,1.6,53.33
175,327863,Bundesliga,23/24,TSG Hoffenheim,Robert Skov,Midfielder,6.92,0.21,0.13,0.07,2.27,0.5,0.92,9.38,0.64,40.91,0.21,0.0,0.0,0.21,0.0,0.07,0.07,0.0,0.0,0.0,0.0,0.0,0.43,0.0,1.7,0.71,1.56,0,1.35,0.0,0.07,0.0,0.0,0.0,0.21,0.28,0.07,1.7,40.21,31.47,8.74,78.27,12.64,19.82,9.45,0.99,20.0,2.2,51.67,25,14,1267,0.14,0.0,1.07,1.42,17.12,0.43,4.69,51.56,3.76,50.0,0.92,59.09
176,940886,Bundesliga,23/24,Darmstadt 98,Fabian Nürnberger,Defender,6.91,0.06,0.05,0.0,1.13,0.36,0.36,5.26,1.07,54.55,0.06,0.0,0.06,0.0,0.0,0.06,0.0,0.06,0.0,0.0,0.0,0.0,0.24,0.0,1.72,1.01,1.3,0,1.13,0.0,0.0,0.0,0.0,0.06,0.06,0.06,0.0,1.78,42.96,35.79,7.17,83.31,18.31,18.49,9.6,1.01,26.56,1.78,51.72,21,17,1519,0.12,0.0,1.07,0.95,13.39,0.83,4.5,50.67,3.73,49.22,0.77,59.09
177,576266,Bundesliga,23/24,SC Freiburg,Philipp Lienhart,Defender,6.91,0.07,0.08,0.14,0.5,0.21,0.28,14.29,0.0,0.0,0.07,0.0,0.07,0.0,0.0,0.07,0.07,0.0,0.0,0.0,0.0,0.0,0.0,0.0,1.42,1.0,3.56,0,0.71,0.0,0.0,0.07,0.0,0.36,0.14,0.0,0.0,0.21,68.16,57.06,11.1,83.72,39.2,17.86,4.7,0.0,0.0,5.19,46.79,15,14,1265,0.21,0.0,0.85,0.43,12.74,0.0,4.2,60.2,1.85,50.98,2.35,70.21
178,790989,Bundesliga,23/24,Borussia M'gladbach,Ko Itakura,Defender,6.91,0.17,0.07,0.17,1.18,0.39,0.56,14.29,0.28,71.43,0.11,0.06,0.11,0.0,0.06,0.0,0.0,0.0,0.0,0.0,0.0,0.0,0.0,0.0,1.91,1.24,3.38,0,0.56,0.0,0.0,0.0,0.0,0.11,0.0,0.0,0.0,0.28,50.97,44.89,6.08,88.07,31.37,13.57,3.77,0.06,20.0,1.86,44.0,20,18,1598,0.51,0.0,1.58,0.23,7.1,0.28,4.56,51.92,2.42,48.86,2.14,55.88
179,1067120,Bundesliga,23/24,FC Heidenheim,Eren Dinkçi,Forward,6.91,0.34,0.15,0.07,1.65,0.71,0.54,20.41,1.38,47.13,0.24,0.1,0.0,0.1,0.24,0.0,0.07,0.0,0.0,0.0,0.0,0.0,0.0,0.0,1.08,0.4,0.54,0,0.98,0.0,0.0,0.0,0.0,0.0,0.24,0.13,0.0,1.21,24.22,15.83,8.39,65.37,6.1,10.41,5.96,0.67,25.32,0.74,44.0,33,33,2672,0.27,0.0,0.94,0.74,17.21,1.55,3.57,37.99,3.17,38.68,0.4,33.33
180,830142,Bundesliga,23/24,SV Werder Bremen,Jens Stage,Midfielder,6.91,0.12,0.17,0.23,1.54,0.42,0.66,7.5,0.27,53.85,0.12,0.0,0.08,0.0,0.04,0.08,0.08,0.04,0.0,0.0,0.0,0.0,0.0,0.0,2.01,0.89,1.97,0,1.23,0.0,0.0,0.0,0.0,0.15,0.15,0.04,0.0,0.96,39.25,29.46,9.79,75.05,16.43,13.19,5.82,0.15,40.0,1.35,37.23,30,26,2334,0.19,0.04,1.89,1.5,11.72,0.54,6.21,54.58,3.7,49.74,2.51,63.73
181,888954,Bundesliga,23/24,Borussia Dortmund,Antonios Papadopoulos,Defender,6.9,0.0,0.0,0.0,0.0,0.0,0.0,0.0,0.0,0.0,0.0,0.0,0.0,0.0,0.0,0.0,0.0,0.0,0.0,0.0,0.0,0.0,0.0,0.0,4.66,1.55,4.66,0,0.78,0.0,0.0,0.0,0.0,0.0,0.0,0.0,0.0,0.0,57.41,45.78,11.64,79.73,41.12,4.66,0.78,0.0,0.0,1.55,25.0,2,1,116,0.0,0.0,0.78,0.78,12.41,0.0,9.31,66.67,5.43,77.78,3.88,55.56
182,976421,Bundesliga,23/24,RB Leipzig,Castello Lukeba,Defender,6.9,0.04,0.03,0.0,0.28,0.12,0.12,14.29,0.69,73.91,0.04,0.0,0.0,0.04,0.0,0.0,0.04,0.0,0.0,0.0,0.0,0.0,0.0,0.0,0.77,0.49,3.74,0,0.08,0.0,0.08,0.0,0.0,0.28,0.0,0.0,0.0,0.16,76.25,69.94,6.31,91.73,47.56,22.46,5.45,0.08,40.0,2.08,43.22,32,24,2212,0.12,0.0,0.33,0.94,7.93,0.37,3.7,63.64,2.4,71.08,1.3,53.33
183,803185,Bundesliga,23/24,VfL Wolfsburg,Lukas Nmecha,Forward,6.9,2.31,0.32,0.0,2.31,2.31,0.0,100.0,0.0,0.0,2.31,0.0,0.0,0.0,2.31,0.0,0.0,0.0,0.0,0.0,0.0,0.0,0.0,0.0,2.31,0.0,0.0,0,0.0,0.0,0.0,0.0,0.0,0.0,0.0,0.0,0.0,2.31,27.69,13.85,13.85,50.0,2.31,11.54,6.92,0.0,0.0,2.31,100.0,3,0,39,0.0,0.0,2.31,2.31,27.69,4.62,11.54,45.45,4.62,50.0,6.92,42.86
184,1005343,Bundesliga,23/24,SV Werder Bremen,Justin Njinmah,Forward,6.9,0.52,0.43,0.35,2.88,1.22,1.22,18.18,2.27,44.83,0.35,0.17,0.0,0.09,0.44,0.09,0.78,0.0,0.0,0.0,0.0,0.0,0.0,0.0,0.44,0.17,0.44,0,0.52,0.0,0.0,0.0,0.0,0.0,0.35,0.17,0.0,1.13,17.62,12.3,5.32,69.8,4.01,8.63,5.41,0.35,40.0,0.35,50.0,24,10,1032,0.09,0.0,0.52,1.74,13.34,0.61,5.15,47.2,4.45,50.0,0.7,34.78
185,319861,Bundesliga,23/24,FC Köln,Luca Waldschmidt,Forward,6.9,0.23,0.23,0.23,3.36,1.25,1.17,6.98,1.41,47.37,0.08,0.16,0.08,0.16,0.0,0.16,0.39,0.08,0.08,0.0,0.0,0.0,0.16,0.0,1.49,0.47,0.47,0,0.86,0.08,0.0,0.0,0.0,0.0,0.23,0.0,0.0,1.33,31.04,24.08,6.96,77.58,10.09,14.7,7.27,0.7,23.08,1.25,66.67,22,14,1151,0.0,0.0,1.56,1.17,14.54,1.09,4.61,44.7,3.99,44.35,0.63,47.06
186,842364,Bundesliga,23/24,VfL Wolfsburg,Joakim Mæhle,Defender,6.9,0.07,0.05,0.07,0.73,0.22,0.29,10.0,0.81,43.14,0.04,0.04,0.0,0.0,0.07,0.0,0.07,0.0,0.0,0.0,0.0,0.0,0.0,0.0,2.27,1.06,2.05,0,0.84,0.0,0.0,0.04,0.0,0.18,0.15,0.11,0.04,0.84,45.29,37.33,7.96,82.43,18.3,19.47,10.82,0.44,20.0,1.39,40.0,30,27,2454,0.18,0.0,0.7,0.55,13.79,0.55,4.44,53.07,3.63,54.4,0.81,47.83
187,581302,Bundesliga,23/24,Eintracht Frankfurt,Robin Koch,Defender,6.9,0.07,0.1,0.2,0.79,0.16,0.43,8.33,0.07,50.0,0.07,0.0,0.0,0.03,0.03,0.0,0.0,0.0,0.0,0.0,0.0,0.0,0.0,0.0,1.25,1.05,4.43,0,0.33,0.03,0.03,0.07,0.0,0.23,0.0,0.0,0.0,0.13,70.75,62.38,8.38,88.16,44.24,18.16,3.88,0.03,25.0,2.79,39.72,31,31,2740,0.33,0.0,0.66,0.43,8.93,0.07,4.37,61.29,1.64,59.52,2.73,62.41
188,121551,Bundesliga,23/24,VfL Bochum 1848,Danilo Soares,Midfielder,6.9,0.0,0.02,0.0,0.77,0.0,0.77,0.0,1.54,100.0,0.0,0.0,0.0,0.0,0.0,0.0,0.0,0.0,0.0,0.0,0.0,0.0,0.0,0.0,2.56,1.79,2.56,0,0.77,0.0,0.0,0.0,0.0,0.26,0.0,0.0,0.0,0.77,33.33,22.82,10.51,68.46,11.03,11.79,6.41,0.0,0.0,0.77,17.65,5,3,351,0.0,0.0,1.28,1.28,16.41,0.51,6.41,60.98,5.38,70.0,1.03,36.36
189,837205,Bundesliga,23/24,Borussia M'gladbach,Florian Neuhaus,Midfielder,6.9,0.29,0.32,0.29,2.85,1.17,0.88,10.26,0.8,57.89,0.29,0.0,0.07,0.07,0.15,0.15,0.0,0.0,0.07,0.07,100.0,0.0,0.07,0.0,1.1,1.02,0.58,0,1.32,0.0,0.0,0.0,0.0,0.0,0.29,0.15,0.0,1.39,40.36,33.7,6.65,83.51,12.87,21.35,10.02,0.51,70.0,2.49,58.62,25,15,1231,0.29,0.0,0.66,1.32,9.87,1.17,3.73,47.66,3.22,47.31,0.51,50.0
190,842212,Bundesliga,23/24,Darmstadt 98,Luca Pfeiffer,Forward,6.89,0.06,0.26,0.39,2.66,1.05,1.0,2.08,0.39,43.75,0.06,0.0,0.0,0.0,0.06,0.17,0.06,0.0,0.0,0.0,0.0,0.0,0.0,0.0,0.61,0.11,1.16,0,0.33,0.0,0.0,0.0,0.0,0.0,0.11,0.17,0.0,1.05,22.26,15.9,6.37,71.39,6.37,9.58,5.59,0.06,20.0,0.44,38.1,24,20,1625,0.17,0.0,1.55,1.5,9.69,1.05,5.48,46.26,2.33,42.42,3.16,49.57
191,165413,Bundesliga,23/24,FSV Mainz 05,Karim Onisiwo,Forward,6.89,0.06,0.14,0.06,1.98,0.42,1.02,3.03,1.14,52.78,0.06,0.0,0.0,0.06,0.0,0.0,0.9,0.0,0.0,0.0,0.0,0.0,0.0,0.0,1.02,0.12,0.42,0,0.3,0.0,0.0,0.0,0.0,0.06,0.18,0.18,0.0,0.96,18.46,11.62,6.83,62.99,3.18,8.93,5.57,0.48,38.1,0.48,61.54,24,17,1502,0.06,0.0,1.92,2.64,13.96,1.68,6.77,43.97,4.79,50.96,1.98,33.0
192,137673,Bundesliga,23/24,VfL Bochum 1848,Ivan Ordets,Defender,6.89,0.05,0.06,0.05,0.76,0.29,0.33,6.25,0.0,0.0,0.05,0.0,0.05,0.0,0.0,0.0,0.14,0.05,0.0,0.0,0.0,0.0,0.0,0.0,0.91,1.48,6.02,0,0.33,0.0,0.0,0.19,0.05,0.05,0.05,0.0,0.0,0.19,30.91,22.5,8.41,72.8,16.48,6.02,2.29,0.0,0.0,1.19,32.47,24,21,1884,0.19,0.0,1.39,0.96,8.79,0.0,8.22,66.41,1.72,52.94,6.5,71.2
193,1016810,Bundesliga,23/24,VfL Wolfsburg,Kevin Paredes,Midfielder,6.89,0.19,0.19,0.25,1.19,0.5,0.63,15.79,0.88,42.42,0.19,0.0,0.0,0.06,0.13,0.0,0.31,0.06,0.0,0.0,0.0,0.0,0.0,0.0,2.63,1.44,1.5,0,0.88,0.0,0.0,0.0,0.0,0.06,0.13,0.0,0.0,1.07,32.47,25.51,6.96,78.57,10.22,15.86,9.59,0.56,27.27,1.07,36.17,28,15,1436,0.25,0.0,0.69,3.32,13.22,1.07,7.46,61.98,6.71,64.46,0.75,46.15
194,569784,Bundesliga,23/24,SC Freiburg,Maximilian Eggestein,Midfielder,6.88,0.03,0.07,0.0,1.2,0.25,0.37,2.56,0.62,58.82,0.03,0.0,0.0,0.0,0.03,0.0,0.06,0.0,0.0,0.0,0.0,0.0,0.0,0.0,1.51,0.86,1.11,0,0.65,0.0,0.03,0.03,0.0,0.31,0.12,0.03,0.0,0.77,40.4,33.16,7.25,82.06,15.64,17.55,7.9,0.03,11.11,0.96,51.67,33,33,2918,0.19,0.0,0.99,0.74,9.78,0.59,4.44,52.75,2.87,52.25,1.57,53.68
195,103442,Bundesliga,23/24,SV Werder Bremen,Anthony Jung,Defender,6.88,0.03,0.02,0.0,0.17,0.03,0.1,20.0,0.17,100.0,0.03,0.0,0.03,0.0,0.0,0.0,0.03,0.0,0.0,0.0,0.0,0.0,0.0,0.0,1.29,0.84,3.34,0,0.52,0.0,0.0,0.03,0.0,0.24,0.0,0.0,0.0,0.21,60.49,53.1,7.39,87.79,38.15,15.09,4.01,0.14,17.39,3.03,52.1,31,30,2583,0.14,0.03,0.52,0.52,8.89,0.07,3.52,63.92,1.99,65.52,1.53,61.97
196,355088,Bundesliga,23/24,SC Freiburg,Roland Sallai,Defender,6.88,0.15,0.39,0.39,2.71,0.92,0.82,5.36,1.02,42.86,0.15,0.0,0.05,0.05,0.05,0.15,0.53,0.05,0.05,0.0,0.0,0.0,0.0,0.0,0.82,0.29,1.02,0,0.58,0.0,0.0,0.0,0.0,0.1,0.34,0.0,0.0,1.41,24.67,19.24,5.43,78.0,8.63,11.44,5.96,0.82,23.29,0.58,38.71,27,22,1857,0.29,0.0,1.99,2.04,12.65,0.73,5.28,44.13,3.83,47.59,1.45,37.04
197,855663,Bundesliga,23/24,FC Union Berlin,Diogo Leite,Defender,6.88,0.0,0.03,0.03,0.43,0.13,0.17,0.0,0.2,54.55,0.0,0.0,0.0,0.0,0.0,0.03,0.03,0.0,0.0,0.0,0.0,0.0,0.0,0.0,1.73,1.56,4.75,0,0.86,0.03,0.0,0.07,0.0,0.23,0.03,0.0,0.0,0.2,51.55,41.48,10.07,80.46,26.89,14.62,5.68,0.03,25.0,3.02,37.3,32,31,2708,0.2,0.0,1.33,1.03,11.8,0.23,5.32,57.14,2.96,54.6,2.36,60.68
198,48660,Bundesliga,23/24,FC Union Berlin,Kevin Vogt,Defender,6.87,0.0,0.02,0.03,0.1,0.03,0.0,0.0,0.2,85.71,0.0,0.0,0.0,0.0,0.0,0.0,0.03,0.0,0.0,0.0,0.0,0.0,0.0,0.0,0.82,0.54,3.95,0,0.37,0.03,0.03,0.0,0.0,0.17,0.0,0.0,0.0,0.1,56.32,49.48,6.84,87.85,32.93,16.55,5.04,0.0,0.0,6.5,65.64,32,30,2643,0.24,0.0,0.95,0.58,7.7,0.07,2.35,54.33,1.57,52.87,0.78,57.5
199,142672,Bundesliga,23/24,Eintracht Frankfurt,Philipp Max,Defender,6.87,0.07,0.02,0.0,0.53,0.13,0.33,12.5,0.4,54.55,0.07,0.0,0.0,0.07,0.0,0.0,0.13,0.0,0.0,0.0,0.0,0.0,0.0,0.0,1.72,0.46,0.99,0,0.46,0.07,0.07,0.07,0.0,0.13,0.33,0.13,0.0,1.33,46.89,39.73,7.16,84.72,21.62,19.37,7.89,1.26,32.2,1.53,39.66,23,17,1357,0.13,0.0,0.46,0.6,11.61,0.2,3.52,58.24,2.65,64.52,0.86,44.83
200,963801,Bundesliga,23/24,Bayer 04 Leverkusen,Adam Hložek,Forward,6.87,0.38,0.58,0.19,3.4,1.13,0.95,11.11,0.76,30.77,0.38,0.0,0.0,0.19,0.19,0.0,0.19,0.0,0.0,0.0,0.0,0.0,0.0,0.0,1.89,0.38,0.19,0,0.76,0.0,0.0,0.0,0.0,0.0,0.38,0.57,0.0,1.7,28.55,23.07,5.48,80.79,8.51,14.56,8.51,0.0,0.0,0.95,71.43,23,5,476,0.19,0.0,1.51,1.32,11.53,2.46,5.48,39.73,3.97,38.18,1.51,44.44
201,844203,Bundesliga,23/24,VfL Bochum 1848,Christopher Antwi-Adjei,Forward,6.86,0.15,0.16,0.07,2.14,0.66,0.81,6.9,0.52,22.58,0.15,0.0,0.0,0.07,0.07,0.0,1.33,0.0,0.0,0.0,0.0,0.0,0.0,0.0,1.55,0.15,0.66,0,0.74,0.0,0.07,0.0,0.0,0.0,0.52,0.15,0.0,1.77,21.36,15.91,5.45,74.48,4.35,12.3,7.44,0.74,18.18,0.37,35.71,25,11,1222,0.37,0.0,0.96,1.25,19.44,1.77,4.12,38.1,3.31,39.47,0.81,33.33
202,142525,Bundesliga,23/24,SC Freiburg,Lukas Kübler,Defender,6.86,0.05,0.03,0.05,0.39,0.15,0.19,12.5,0.15,50.0,0.05,0.0,0.05,0.0,0.0,0.05,0.15,0.0,0.0,0.0,0.0,0.0,0.0,0.0,2.44,1.8,2.63,0,0.78,0.0,0.05,0.0,0.0,0.19,0.0,0.0,0.0,0.19,40.67,32.34,8.33,79.52,18.8,13.64,6.09,0.1,9.52,2.19,42.06,26,22,1848,0.34,0.0,0.93,1.17,11.83,0.29,5.45,61.88,3.75,64.17,1.7,57.38
203,49639,Bundesliga,23/24,SC Freiburg,Nicolas Höfler,Midfielder,6.86,0.04,0.03,0.0,0.62,0.04,0.35,6.25,0.54,82.35,0.04,0.0,0.04,0.0,0.0,0.04,0.0,0.0,0.0,0.0,0.0,0.0,0.0,0.0,2.43,1.19,1.58,0,1.04,0.0,0.0,0.0,0.0,0.19,0.0,0.04,0.0,0.35,44.15,37.84,6.31,85.7,19.67,18.21,6.43,0.04,50.0,1.23,50.79,28,26,2338,0.38,0.04,1.12,1.19,8.08,0.77,6.04,55.28,3.96,56.91,2.08,52.43
204,796206,Bundesliga,23/24,FC Augsburg,Kristijan Jakić,Midfielder,6.86,0.14,0.06,0.0,1.01,0.36,0.36,14.29,0.43,50.0,0.07,0.07,0.0,0.0,0.14,0.0,0.0,0.0,0.0,0.0,0.0,0.0,0.0,0.0,2.23,1.58,1.15,0,1.44,0.0,0.0,0.0,0.0,0.07,0.0,0.07,0.0,0.57,43.31,35.05,8.26,80.93,17.38,17.67,7.18,0.0,0.0,2.23,54.39,18,14,1253,0.36,0.0,1.65,1.44,11.21,1.15,5.39,49.02,4.02,47.46,1.36,54.29
205,138126,Bundesliga,23/24,FSV Mainz 05,Phillipp Mwene,Midfielder,6.86,0.04,0.07,0.04,1.08,0.4,0.22,4.17,0.67,53.57,0.0,0.04,0.0,0.0,0.04,0.0,0.13,0.04,0.0,0.0,0.0,0.0,0.0,0.0,1.53,0.76,1.8,0,0.76,0.0,0.0,0.0,0.0,0.18,0.18,0.09,0.0,0.99,29.6,22.05,7.54,74.51,9.66,13.52,7.01,1.12,29.07,1.48,37.5,23,23,2004,0.18,0.04,1.53,0.58,15.09,0.63,3.59,45.98,2.78,45.26,0.81,48.65
206,253993,Bundesliga,23/24,TSG Hoffenheim,Grischa Prömel,Midfielder,6.86,0.17,0.16,0.17,1.09,0.34,0.5,15.38,0.5,44.44,0.08,0.08,0.0,0.0,0.17,0.0,0.04,0.0,0.0,0.0,0.0,0.0,0.0,0.0,1.34,0.92,1.47,0,0.75,0.0,0.0,0.0,0.0,0.08,0.21,0.21,0.0,0.88,40.55,33.42,7.13,82.42,16.1,17.4,8.26,0.08,20.0,1.22,39.73,28,27,2146,0.34,0.04,1.38,1.22,10.61,1.05,3.73,44.06,3.06,45.06,0.67,40.0
207,872919,Bundesliga,23/24,FC Augsburg,Rubén Vargas,Midfielder,6.86,0.18,0.18,0.18,2.23,0.77,0.77,8.16,1.0,42.31,0.18,0.0,0.0,0.09,0.09,0.05,0.82,0.05,0.0,0.0,0.0,0.0,0.14,0.0,1.05,0.32,0.73,0,0.68,0.0,0.0,0.05,0.0,0.05,0.18,0.18,0.0,1.18,26.48,20.2,6.28,76.29,6.69,14.11,8.05,0.59,20.63,0.68,45.45,31,25,1978,0.14,0.0,1.5,1.27,14.88,0.82,4.28,42.34,3.32,43.45,0.96,38.89
208,907463,Bundesliga,23/24,Borussia Dortmund,Felix Nmecha,Midfielder,6.86,0.09,0.15,0.18,2.04,0.27,0.89,4.35,0.8,60.0,0.09,0.0,0.0,0.0,0.09,0.18,0.09,0.0,0.0,0.0,0.0,0.0,0.0,0.0,1.68,0.97,1.68,0,0.97,0.0,0.0,0.0,0.0,0.18,0.0,0.18,0.0,1.24,40.22,33.84,6.38,84.14,14.7,19.13,8.95,0.0,0.0,1.59,69.23,20,10,1016,0.27,0.0,0.8,2.39,10.1,1.15,6.64,61.98,4.78,58.7,1.86,72.41
209,1083404,Bundesliga,23/24,Borussia Dortmund,Samuel Bamba,Midfielder,6.85,0.0,0.54,2.0,4.0,0.0,4.0,0.0,2.0,100.0,0.0,0.0,0.0,0.0,0.0,0.0,0.0,0.0,0.0,0.0,0.0,0.0,0.0,0.0,2.0,0.0,2.0,0,2.0,0.0,0.0,0.0,0.0,0.0,0.0,0.0,0.0,2.0,30.0,24.0,6.0,80.0,2.0,24.0,18.0,2.0,25.0,0.0,0.0,2,0,45,0.0,0.0,2.0,2.0,22.0,0.0,6.0,60.0,6.0,60.0,0.0,0.0
210,157377,Bundesliga,23/24,FSV Mainz 05,Silvan Widmer,Midfielder,6.85,0.07,0.1,0.29,1.01,0.22,0.43,7.14,0.14,12.5,0.07,0.0,0.0,0.0,0.07,0.07,0.22,0.0,0.0,0.0,0.0,0.0,0.0,0.0,1.66,1.15,2.17,0,0.79,0.0,0.0,0.0,0.0,0.07,0.58,0.22,0.0,1.15,35.58,27.35,8.23,76.88,12.13,15.88,8.52,0.65,25.71,1.88,50.0,20,13,1247,0.29,0.0,0.72,0.22,16.09,0.58,3.39,38.52,2.02,40.0,1.37,36.54
211,319853,Bundesliga,23/24,RB Leipzig,Lukas Klostermann,Defender,6.85,0.06,0.05,0.0,0.37,0.12,0.19,16.67,0.0,0.0,0.06,0.0,0.0,0.0,0.06,0.0,0.06,0.0,0.0,0.0,0.0,0.0,0.0,0.0,0.93,0.81,3.72,0,0.56,0.0,0.06,0.0,0.0,0.19,0.0,0.0,0.0,0.31,70.21,63.27,6.95,90.11,39.82,23.51,6.51,0.06,12.5,2.98,52.17,25,16,1451,0.19,0.0,0.68,0.31,7.82,0.0,2.23,40.45,1.24,48.78,0.99,33.33
212,1140599,Bundesliga,23/24,Borussia Dortmund,Jamie Gittens,Midfielder,6.85,0.08,0.19,0.17,3.63,0.93,1.1,2.33,3.63,50.59,0.0,0.08,0.0,0.0,0.08,0.17,0.0,0.17,0.0,0.0,0.0,0.0,0.0,0.0,1.18,0.34,0.51,0,1.27,0.0,0.0,0.0,0.0,0.0,0.34,0.34,0.0,1.52,29.15,23.41,5.75,80.29,7.61,16.06,9.21,0.25,23.08,0.42,35.71,25,14,1065,0.08,0.0,1.01,2.11,16.31,2.62,7.27,43.88,6.93,45.05,0.34,28.57
213,914755,Bundesliga,23/24,VfL Bochum 1848,Patrick Osterhage,Midfielder,6.85,0.1,0.07,0.05,1.06,0.14,0.63,9.09,0.82,47.22,0.05,0.05,0.0,0.1,0.0,0.05,0.14,0.0,0.0,0.0,0.0,0.0,0.0,0.0,1.84,1.3,1.4,0,0.92,0.05,0.0,0.0,0.0,0.14,0.0,0.05,0.0,0.63,38.89,31.26,7.63,80.37,15.07,16.38,7.68,0.19,20.0,1.3,45.76,24,21,1863,0.24,0.0,1.01,1.16,11.93,0.82,5.07,50.0,3.77,50.98,1.3,47.37
214,352544,Bundesliga,23/24,FC Union Berlin,Sheraldo Becker,Forward,6.85,0.0,0.12,0.28,2.22,0.55,0.97,0.0,0.83,42.86,0.0,0.0,0.0,0.0,0.0,0.0,0.55,0.14,0.0,0.0,0.0,0.0,0.14,0.0,0.42,0.0,0.28,0,0.28,0.0,0.0,0.0,0.0,0.0,0.55,0.14,0.0,1.66,28.98,22.05,6.93,76.08,8.18,15.39,9.43,1.53,19.3,1.11,53.33,11,7,649,0.0,0.0,0.83,0.69,17.33,0.55,1.94,35.0,1.94,43.75,0.0,0.0
215,869883,Bundesliga,23/24,FC Köln,Dejan Ljubičić,Midfielder,6.85,0.0,0.08,0.04,1.66,0.44,0.74,0.0,0.66,48.39,0.0,0.0,0.0,0.0,0.0,0.0,0.04,0.0,0.0,0.0,0.0,0.0,0.0,0.0,1.88,0.79,0.48,0,1.01,0.0,0.0,0.0,0.0,0.04,0.35,0.09,0.0,1.23,35.26,28.86,6.39,81.86,12.74,16.38,8.63,0.26,19.35,1.31,60.0,26,24,2055,0.26,0.0,1.4,0.57,10.69,0.79,3.46,44.38,3.11,44.94,0.35,40.0
216,856553,Bundesliga,23/24,VfL Wolfsburg,Ridle Baku,Defender,6.84,0.04,0.08,0.09,1.2,0.4,0.45,3.7,0.76,48.57,0.04,0.0,0.0,0.0,0.04,0.04,0.13,0.0,0.0,0.0,0.0,0.0,0.04,0.0,1.65,0.93,1.6,0,1.11,0.04,0.0,0.0,0.0,0.04,0.45,0.0,0.0,1.34,38.64,29.69,8.95,76.84,13.13,17.09,9.44,0.53,22.22,1.56,41.67,33,22,2022,0.18,0.0,1.07,1.56,15.45,0.89,4.9,49.33,3.96,51.15,0.93,42.86
217,906278,Bundesliga,23/24,VfB Stuttgart,Josha Vagnoman,Defender,6.84,0.15,0.1,0.23,1.3,0.53,0.61,11.76,0.76,71.43,0.15,0.0,0.0,0.15,0.0,0.0,0.15,0.0,0.0,0.0,0.0,0.0,0.0,0.0,2.13,0.15,0.99,0,1.14,0.0,0.08,0.0,0.0,0.15,0.15,0.15,0.0,0.53,38.79,33.23,5.56,85.66,16.84,16.61,8.84,0.23,13.64,0.69,45.0,18,12,1181,0.15,0.0,0.84,0.61,10.44,0.76,4.12,50.47,3.51,55.42,0.61,33.33
218,941179,Bundesliga,23/24,Eintracht Frankfurt,Niels Nkounkou,Defender,6.84,0.21,0.09,0.0,1.51,0.48,0.68,13.64,3.15,57.5,0.21,0.0,0.0,0.21,0.0,0.0,0.0,0.0,0.0,0.0,0.0,0.0,0.0,0.0,3.7,1.1,1.64,0,2.4,0.0,0.0,0.07,0.0,0.07,0.27,0.14,0.07,1.16,45.96,33.9,12.05,73.77,17.81,16.64,7.88,0.55,15.09,2.05,35.71,29,13,1314,0.21,0.07,1.85,0.14,21.64,0.68,8.15,47.22,6.99,49.04,1.16,38.64
219,989056,Bundesliga,23/24,Borussia Dortmund,Giovanni Reyna,Midfielder,6.84,0.0,0.28,0.33,2.66,0.66,0.66,0.0,1.66,62.5,0.0,0.0,0.0,0.0,0.0,0.0,0.33,0.0,0.0,0.0,0.0,0.0,0.0,0.0,2.99,0.66,1.66,0,1.0,0.0,0.0,0.0,0.0,0.0,0.33,0.0,0.0,2.32,62.1,53.8,8.3,86.63,17.6,36.86,22.58,0.66,50.0,0.66,50.0,11,1,271,0.33,0.0,0.66,1.66,15.28,2.32,7.64,53.49,6.31,55.88,1.33,44.44
220,974087,Bundesliga,23/24,Borussia M'gladbach,Manu Koné,Midfielder,6.84,0.06,0.07,0.0,1.37,0.46,0.52,4.17,2.12,58.73,0.0,0.06,0.0,0.0,0.06,0.11,0.17,0.06,0.0,0.0,0.0,0.0,0.0,0.0,2.58,0.86,0.86,0,0.46,0.06,0.0,0.06,0.0,0.06,0.06,0.0,0.0,1.37,39.13,33.4,5.73,85.36,16.1,17.3,8.77,0.0,0.0,1.26,64.71,22,18,1571,0.23,0.06,1.6,2.01,12.43,2.35,7.91,52.47,6.7,53.67,1.2,46.67
221,37630,Bundesliga,23/24,Darmstadt 98,Tobias Kempe,Midfielder,6.84,0.2,0.24,0.07,1.39,0.26,0.4,14.29,0.53,44.44,0.2,0.0,0.0,0.0,0.2,0.0,0.0,0.07,0.2,0.2,100.0,0.0,0.2,0.0,1.32,0.59,0.73,0,1.06,0.0,0.0,0.0,0.0,0.0,0.2,0.13,0.0,1.85,31.08,25.21,5.87,81.1,10.95,16.17,7.32,1.91,35.8,1.19,51.43,24,15,1364,0.07,0.0,0.92,0.73,12.73,0.73,3.43,42.28,2.57,43.33,0.86,39.39
222,933707,Bundesliga,23/24,FC Heidenheim,Jan Schöppner,Midfielder,6.84,0.09,0.05,0.0,0.77,0.18,0.4,11.76,0.49,50.0,0.09,0.0,0.09,0.0,0.0,0.04,0.04,0.0,0.0,0.0,0.0,0.0,0.0,0.0,2.16,1.17,2.48,0,0.95,0.0,0.0,0.0,0.0,0.18,0.14,0.09,0.0,0.58,29.7,19.93,9.77,67.12,10.49,9.49,4.86,0.04,14.29,1.44,42.11,26,23,2000,0.14,0.0,0.63,0.54,12.69,0.63,4.95,52.63,3.15,54.69,1.8,49.38
223,227224,Bundesliga,23/24,SV Werder Bremen,Miloš Veljković,Defender,6.84,0.09,0.08,0.0,0.28,0.14,0.09,33.33,0.14,75.0,0.09,0.0,0.0,0.05,0.05,0.0,0.0,0.0,0.0,0.0,0.0,0.0,0.0,0.0,1.45,0.8,2.62,0,0.7,0.0,0.0,0.0,0.0,0.14,0.05,0.05,0.0,0.28,59.17,49.47,9.7,83.61,34.06,15.74,4.83,0.33,35.0,5.39,51.57,23,21,1921,0.09,0.0,0.42,0.23,11.34,0.09,3.61,52.03,1.78,58.46,1.83,46.99
224,229544,Bundesliga,23/24,SV Werder Bremen,Niklas Stark,Defender,6.84,0.17,0.02,0.0,0.33,0.17,0.08,50.0,0.08,100.0,0.08,0.08,0.08,0.0,0.08,0.0,0.08,0.0,0.0,0.0,0.0,0.0,0.0,0.0,2.15,1.57,4.87,0,0.5,0.0,0.08,0.08,0.0,0.33,0.0,0.0,0.0,0.0,48.88,39.06,9.83,79.9,27.41,11.64,3.14,0.0,0.0,3.88,42.34,17,12,1090,0.33,0.0,1.65,1.32,10.32,0.08,5.94,59.02,3.39,60.29,2.56,57.41
225,933398,Bundesliga,23/24,SV Werder Bremen,Felix Agu,Defender,6.83,0.0,0.05,0.11,0.6,0.0,0.49,0.0,0.77,45.16,0.0,0.0,0.0,0.0,0.0,0.0,0.11,0.16,0.0,0.0,0.0,0.0,0.0,0.0,2.47,0.71,2.09,0,0.66,0.0,0.0,0.0,0.0,0.11,0.11,0.0,0.0,0.38,27.25,20.33,6.92,74.6,12.03,8.85,3.74,0.55,21.74,0.82,34.88,24,19,1638,0.11,0.0,0.82,2.42,13.35,0.55,6.48,60.2,5.55,65.58,0.93,40.48
226,187423,Bundesliga,23/24,TSG Hoffenheim,Kevin Akpoguma,Defender,6.83,0.0,0.02,0.08,0.16,0.0,0.08,0.0,0.74,69.23,0.0,0.0,0.0,0.0,0.0,0.0,0.0,0.0,0.0,0.0,0.0,0.0,0.0,0.0,2.88,1.48,2.38,0,0.74,0.0,0.0,0.08,0.0,0.08,0.0,0.0,0.0,0.41,56.96,49.32,7.64,86.58,30.9,18.49,7.81,0.08,25.0,2.55,46.97,17,11,1095,0.58,0.0,1.23,1.15,9.62,0.08,6.82,62.88,4.77,67.44,2.05,54.35
227,142231,Bundesliga,23/24,SC Freiburg,Christian Günter,Defender,6.83,0.08,0.04,0.08,0.51,0.17,0.08,16.67,0.34,50.0,0.0,0.08,0.0,0.08,0.0,0.0,0.08,0.0,0.0,0.0,0.0,0.0,0.0,0.0,1.69,0.17,1.35,0,0.93,0.0,0.0,0.0,0.0,0.0,0.25,0.17,0.0,1.52,31.72,25.71,6.01,81.07,12.94,14.38,6.51,1.61,30.65,1.61,41.3,15,13,1064,0.08,0.0,0.68,0.25,11.84,0.59,2.71,44.44,2.28,47.37,0.42,33.33
228,949062,Bundesliga,23/24,VfB Stuttgart,Silas,Midfielder,6.83,0.5,0.56,0.69,2.38,0.89,0.89,20.83,3.76,55.07,0.4,0.1,0.0,0.0,0.5,0.2,0.5,0.1,0.1,0.0,0.0,0.0,0.0,0.0,0.5,0.0,0.3,0,0.89,0.0,0.0,0.0,0.0,0.0,0.59,0.2,0.0,1.49,24.65,20.4,4.26,82.73,6.44,14.26,7.52,0.3,10.71,0.4,57.14,27,8,909,0.0,0.0,1.29,1.58,17.03,1.98,6.34,43.54,5.84,45.04,0.5,31.25
229,48557,Bundesliga,23/24,FC Union Berlin,Christopher Trimmel,Midfielder,6.83,0.0,0.03,0.0,0.33,0.22,0.05,0.0,0.33,66.67,0.0,0.0,0.0,0.0,0.0,0.0,0.16,0.05,0.0,0.0,0.0,0.0,0.0,0.0,1.25,0.71,2.82,0,1.08,0.0,0.0,0.05,0.0,0.05,0.16,0.11,0.0,2.12,33.36,24.63,8.73,73.82,12.15,14.65,7.27,2.17,24.24,2.44,48.39,26,19,1659,0.11,0.05,0.71,0.22,18.39,0.27,3.2,49.58,1.79,45.21,1.41,56.52
230,45686,Bundesliga,23/24,FSV Mainz 05,Josuha Guilavogui,Defender,6.83,0.0,0.0,0.0,0.0,0.0,0.0,0.0,0.0,0.0,0.0,0.0,0.0,0.0,0.0,0.0,0.0,0.0,0.0,0.0,0.0,0.0,0.0,0.0,3.28,2.84,4.59,0,0.22,0.0,0.0,0.0,0.0,0.22,0.0,0.22,0.0,0.22,39.32,33.86,5.46,86.11,26.43,7.43,1.97,0.0,0.0,1.97,45.0,11,5,412,0.22,0.0,1.09,0.44,7.21,0.22,5.24,64.86,3.71,73.91,1.53,50.0
231,1146250,Bundesliga,23/24,FC Köln,Max Finkgräfe,Defender,6.83,0.05,0.05,0.1,0.61,0.2,0.2,8.33,1.84,63.16,0.0,0.05,0.0,0.05,0.0,0.0,0.0,0.0,0.0,0.0,0.0,0.05,0.1,50.0,3.32,1.12,1.63,0,1.79,0.0,0.0,0.0,0.0,0.05,0.1,0.0,0.0,1.17,31.91,23.13,8.78,72.48,11.38,12.35,6.43,0.61,19.67,1.33,36.62,24,18,1763,0.2,0.0,0.97,1.07,17.71,1.23,7.4,53.51,6.18,55.0,1.23,47.06
232,154040,Bundesliga,23/24,SV Werder Bremen,Jiří Pavlenka,Goalkeeper,6.83,0.0,0.0,0.0,0.0,0.0,0.0,0.0,0.0,0.0,0.0,0.0,0.0,0.0,0.0,0.0,0.0,0.0,0.0,0.0,0.0,0.0,0.0,0.0,0.0,0.0,0.86,0,0.0,0.0,0.0,0.0,0.0,0.14,0.0,0.0,0.0,0.0,29.86,21.43,8.43,71.77,17.86,3.57,1.0,0.0,0.0,5.71,40.4,7,7,630,0.0,0.0,0.0,0.0,8.57,0.0,0.43,100.0,0.0,0.0,0.43,100.0
233,909485,Bundesliga,23/24,FC Heidenheim,Marvin Pieringer,Forward,6.83,0.18,0.14,0.12,1.59,0.47,0.65,11.11,0.59,43.48,0.18,0.0,0.06,0.06,0.06,0.0,0.35,0.0,0.0,0.0,0.0,0.0,0.0,0.0,1.12,0.71,1.24,0,0.71,0.0,0.0,0.0,0.0,0.0,0.18,0.18,0.0,0.83,24.85,17.47,7.38,70.31,7.32,10.15,6.14,0.0,0.0,0.83,51.85,31,18,1525,0.3,0.0,2.24,1.77,12.28,1.24,7.02,46.67,3.42,42.34,3.6,51.69
234,132149,Bundesliga,23/24,TSG Hoffenheim,John Brooks,Defender,6.83,0.12,0.15,0.12,0.64,0.23,0.35,18.18,0.18,75.0,0.12,0.0,0.06,0.06,0.0,0.0,0.06,0.0,0.0,0.0,0.0,0.0,0.0,0.0,1.64,1.58,6.2,0,0.88,0.06,0.0,0.0,0.0,0.06,0.0,0.0,0.0,0.18,51.93,43.1,8.83,83.0,29.12,14.09,3.98,0.12,66.67,4.15,49.31,21,18,1539,0.35,0.06,0.94,0.76,9.36,0.23,5.2,60.96,2.51,55.13,2.69,67.65
235,152206,Bundesliga,23/24,FSV Mainz 05,Dominik Kohr,Defender,6.83,0.04,0.07,0.08,1.02,0.29,0.49,4.0,0.2,45.45,0.04,0.0,0.04,0.0,0.0,0.0,0.0,0.0,0.0,0.0,0.0,0.0,0.0,0.0,2.65,1.75,2.12,0,0.86,0.0,0.0,0.0,0.0,0.16,0.04,0.0,0.0,0.61,45.92,35.24,10.67,76.75,22.2,13.24,5.66,0.2,22.73,2.89,36.6,31,27,2209,0.53,0.04,1.96,1.06,12.83,0.16,5.62,53.91,3.87,55.23,1.75,51.19
236,843132,Bundesliga,23/24,Darmstadt 98,Julian Justvan,Midfielder,6.82,0.17,0.08,0.0,1.51,0.33,0.59,11.11,1.34,45.71,0.08,0.08,0.0,0.17,0.0,0.0,0.0,0.0,0.0,0.0,0.0,0.0,0.0,0.0,0.92,0.92,0.5,0,1.25,0.08,0.0,0.0,0.0,0.0,0.17,0.17,0.0,1.92,32.79,25.01,7.78,76.28,8.78,17.15,10.12,0.92,22.0,1.76,58.33,18,11,1076,0.08,0.0,0.17,0.42,15.31,0.92,2.76,34.74,2.68,40.51,0.08,6.25
237,796027,Bundesliga,23/24,FSV Mainz 05,Marco Richter,Midfielder,6.82,0.13,0.24,0.13,4.76,1.13,2.01,2.63,2.01,47.06,0.13,0.0,0.0,0.0,0.13,0.25,0.38,0.0,0.0,0.0,0.0,0.0,0.5,0.0,1.25,0.25,0.13,0,0.88,0.0,0.0,0.0,0.0,0.0,0.25,0.0,0.0,1.38,30.33,20.93,9.4,69.01,7.02,14.92,9.15,1.0,22.22,1.88,55.56,20,7,718,0.38,0.0,1.25,2.13,21.43,1.5,5.77,42.2,5.26,48.84,0.5,17.39
238,135264,Bundesliga,23/24,RB Leipzig,Yussuf Poulsen,Forward,6.82,0.37,0.43,0.59,2.15,1.19,0.67,17.24,0.89,63.16,0.37,0.0,0.0,0.07,0.3,0.0,0.3,0.07,0.0,0.0,0.0,0.0,0.0,0.0,0.96,0.3,1.04,0,0.74,0.0,0.0,0.0,0.0,0.0,0.22,0.15,0.0,0.96,20.74,14.96,5.78,72.14,5.26,9.93,4.74,0.22,75.0,0.15,33.33,28,12,1215,0.0,0.0,1.63,2.15,10.0,1.48,5.41,44.24,3.93,48.18,1.48,36.36
239,21626,Bundesliga,23/24,FC Bayern München,Eric Maxim Choupo-Moting,Forward,6.82,0.24,0.54,0.84,3.1,1.43,1.19,7.69,2.75,63.89,0.24,0.0,0.12,0.0,0.12,0.0,0.24,0.0,0.0,0.0,0.0,0.0,0.0,0.0,2.03,0.84,0.72,0,0.95,0.0,0.0,0.0,0.0,0.12,0.24,0.24,0.12,2.03,32.35,27.21,5.13,84.13,9.43,18.26,11.1,0.48,36.36,0.6,71.43,27,7,754,0.12,0.0,1.19,0.84,12.29,2.15,7.4,51.67,5.61,49.47,1.79,60.0
240,991479,Bundesliga,23/24,VfB Stuttgart,Anthony Rouault,Defender,6.82,0.0,0.01,0.0,0.27,0.09,0.0,0.0,0.18,33.33,0.0,0.0,0.0,0.0,0.0,0.0,0.09,0.0,0.0,0.0,0.0,0.0,0.0,0.0,1.86,0.71,2.12,0,0.71,0.0,0.0,0.09,0.0,0.18,0.27,0.18,0.0,0.71,79.48,70.64,8.84,88.88,42.08,28.64,8.58,0.09,33.33,3.18,50.7,22,11,1018,0.27,0.0,0.8,0.35,10.79,0.27,4.07,47.42,2.3,52.0,1.77,42.55
241,1087043,Bundesliga,23/24,SV Werder Bremen,Julián Malatini,Defender,6.82,0.15,0.15,0.0,0.45,0.15,0.0,33.33,0.89,85.71,0.15,0.0,0.0,0.15,0.0,0.0,0.0,0.0,0.0,0.0,0.0,0.0,0.0,0.0,2.67,1.93,3.71,0,1.19,0.0,0.0,0.15,0.0,0.15,0.0,0.0,0.0,0.59,52.57,43.22,9.36,82.2,31.19,12.33,5.79,0.3,33.33,2.08,37.84,11,6,606,0.15,0.0,1.49,0.15,12.48,0.45,5.05,51.52,3.71,54.35,1.34,45.0
242,980623,Bundesliga,23/24,SV Werder Bremen,Nick Woltemade,Forward,6.82,0.15,0.18,0.15,1.65,0.45,0.6,9.09,2.17,65.91,0.15,0.0,0.07,0.0,0.07,0.0,0.45,0.0,0.0,0.0,0.0,0.0,0.0,0.0,2.55,0.37,1.12,0,0.45,0.0,0.0,0.0,0.0,0.0,0.0,0.0,0.0,1.8,30.42,23.53,6.89,77.34,7.12,16.49,9.82,0.07,33.33,1.27,62.96,30,12,1201,0.07,0.0,1.65,1.72,17.01,3.97,8.54,45.97,6.44,48.59,2.1,39.44
243,560116,Bundesliga,23/24,SV Werder Bremen,Rafael Borré,Forward,6.82,0.36,0.21,0.0,1.78,0.71,0.36,20.0,0.62,33.33,0.36,0.0,0.18,0.0,0.18,0.09,1.25,0.0,0.0,0.0,0.0,0.0,0.0,0.0,0.89,0.18,0.89,0,0.98,0.0,0.0,0.0,0.0,0.18,0.27,0.0,0.0,1.16,25.04,19.16,5.88,76.51,7.04,12.48,7.13,0.36,33.33,0.89,90.91,19,11,1010,0.0,0.0,1.51,0.71,12.3,1.43,4.54,36.96,2.23,31.65,2.32,44.07
244,909958,Bundesliga,23/24,FC Union Berlin,Yorbe Vertessen,Forward,6.82,0.46,0.41,0.91,3.64,1.37,1.82,12.5,2.12,43.75,0.3,0.15,0.0,0.15,0.3,0.0,0.15,0.0,0.0,0.0,0.0,0.0,0.0,0.0,0.46,0.15,0.46,0,0.46,0.0,0.0,0.0,0.0,0.0,0.3,0.3,0.0,1.06,20.03,14.57,5.46,72.73,5.01,9.56,6.53,0.0,0.0,0.15,50.0,13,7,593,0.15,0.0,1.21,1.67,14.57,1.52,4.86,35.56,4.25,41.79,0.61,17.39
245,997012,Bundesliga,23/24,Eintracht Frankfurt,Ansgar Knauff,Forward,6.82,0.3,0.24,0.26,1.57,0.55,0.6,18.92,1.06,43.1,0.3,0.0,0.0,0.04,0.26,0.0,0.09,0.0,0.0,0.0,0.0,0.0,0.0,0.0,1.83,0.85,0.55,0,0.6,0.0,0.0,0.13,0.0,0.04,0.17,0.09,0.0,0.77,27.21,17.6,9.61,64.69,6.04,12.03,6.8,0.47,23.91,0.51,27.91,31,24,2117,0.21,0.04,1.36,1.02,16.2,1.11,4.89,43.73,3.87,46.43,1.02,35.82
246,119179,Bundesliga,23/24,VfL Bochum 1848,Anthony Losilla,Midfielder,6.82,0.03,0.08,0.03,0.97,0.21,0.59,3.57,0.35,43.48,0.03,0.0,0.0,0.0,0.03,0.03,0.17,0.0,0.0,0.0,0.0,0.0,0.0,0.0,2.19,0.87,1.71,0,0.97,0.0,0.0,0.0,0.0,0.14,0.07,0.07,0.0,0.66,30.84,22.41,8.42,72.69,11.21,11.31,5.43,0.1,50.0,0.84,32.43,31,31,2586,0.35,0.0,1.32,0.77,10.41,0.42,6.16,55.49,3.2,51.69,2.96,60.28
247,130433,Bundesliga,23/24,FC Union Berlin,Robin Knoche,Defender,6.82,0.05,0.06,0.09,0.38,0.19,0.09,12.5,0.14,75.0,0.05,0.0,0.05,0.0,0.0,0.0,0.0,0.0,0.05,0.0,0.0,0.0,0.0,0.0,1.6,0.61,3.29,0,0.52,0.0,0.0,0.05,0.05,0.19,0.0,0.0,0.0,0.14,53.55,43.4,10.15,81.05,31.75,11.65,2.96,0.0,0.0,3.29,39.11,24,20,1916,0.05,0.0,0.47,0.47,11.23,0.0,4.37,60.0,2.16,68.66,2.21,53.41
248,138890,Bundesliga,23/24,VfL Bochum 1848,Gonçalo Paciência,Forward,6.81,0.41,0.41,0.41,5.21,1.78,2.05,7.89,1.64,46.15,0.41,0.0,0.0,0.14,0.27,0.0,0.27,0.0,0.0,0.0,0.0,0.0,0.14,0.0,1.1,0.0,0.96,0,0.41,0.0,0.0,0.0,0.0,0.0,0.41,0.14,0.0,1.23,22.05,14.66,7.4,66.46,3.84,11.23,6.44,0.41,30.0,0.96,53.85,19,6,657,0.41,0.0,1.23,3.01,18.49,3.7,8.49,41.61,5.48,43.48,3.01,38.6
249,788786,Bundesliga,23/24,Borussia M'gladbach,Jordan Siebatcheu,Forward,6.81,0.31,0.43,0.43,2.16,0.62,1.11,14.29,0.19,25.0,0.31,0.0,0.12,0.0,0.19,0.06,0.43,0.06,0.0,0.0,0.0,0.0,0.0,0.0,0.62,0.31,1.67,0,0.31,0.0,0.0,0.0,0.0,0.0,0.43,0.19,0.0,1.36,17.68,13.78,3.89,77.97,6.24,7.54,4.27,0.0,0.0,0.49,72.73,26,18,1456,0.12,0.0,2.29,1.85,9.33,1.92,5.56,41.47,2.6,35.0,2.97,49.48
250,877842,Bundesliga,23/24,SC Freiburg,Yannik Keitel,Midfielder,6.81,0.1,0.07,0.1,0.58,0.19,0.29,16.67,0.29,50.0,0.1,0.0,0.0,0.0,0.1,0.0,0.0,0.0,0.0,0.0,0.0,0.0,0.0,0.0,1.94,1.17,4.17,0,0.49,0.1,0.19,0.0,0.0,0.29,0.1,0.0,0.0,0.19,54.17,43.01,11.17,79.39,26.7,16.31,5.63,0.0,0.0,3.4,36.46,15,11,927,0.0,0.0,1.17,0.58,12.62,0.29,5.05,56.52,2.72,54.9,2.33,58.54
251,826171,Bundesliga,23/24,SV Werder Bremen,Senne Lynen,Midfielder,6.81,0.0,0.02,0.0,0.6,0.1,0.2,0.0,0.4,42.11,0.0,0.0,0.0,0.0,0.0,0.0,0.0,0.0,0.0,0.0,0.0,0.0,0.0,0.0,3.19,2.05,2.75,0,2.0,0.0,0.0,0.0,0.0,0.1,0.15,0.15,0.0,0.75,44.78,37.14,7.64,82.94,21.06,16.12,6.09,0.05,25.0,2.35,56.63,32,20,1803,0.3,0.0,1.75,0.85,9.68,0.45,5.04,45.29,4.44,48.9,0.6,29.27
252,927405,Bundesliga,23/24,VfB Stuttgart,Woo-Yeong Jeong,Forward,6.8,0.28,0.25,0.28,2.48,1.1,0.83,11.11,0.55,26.67,0.28,0.0,0.14,0.0,0.14,0.28,0.28,0.0,0.0,0.0,0.0,0.0,0.0,0.0,2.07,0.97,0.69,0,0.28,0.0,0.0,0.0,0.0,0.14,0.41,0.41,0.0,1.24,43.62,37.27,6.35,85.44,12.29,25.54,12.7,0.55,50.0,0.69,62.5,26,5,652,0.14,0.0,0.55,1.24,12.01,0.97,4.28,46.97,3.87,53.85,0.41,21.43
253,362470,Bundesliga,23/24,FSV Mainz 05,Anwar El Ghazi,Forward,6.8,0.0,0.23,0.0,3.53,0.0,3.53,0.0,3.53,50.0,0.0,0.0,0.0,0.0,0.0,0.0,0.0,0.0,0.0,0.0,0.0,0.0,0.0,0.0,0.0,0.0,0.0,0,1.76,0.0,0.0,0.0,0.0,0.0,3.53,1.76,0.0,3.53,37.06,26.47,10.59,71.43,3.53,22.94,14.12,0.0,0.0,0.0,0.0,3,0,51,0.0,0.0,1.76,0.0,21.18,0.0,3.53,33.33,3.53,33.33,0.0,0.0
254,1123613,Bundesliga,23/24,Borussia M'gladbach,Yvandro Borges Sanches,Forward,6.8,0.0,0.0,0.0,0.0,0.0,0.0,0.0,0.0,0.0,0.0,0.0,0.0,0.0,0.0,0.0,0.0,3.6,0.0,0.0,0.0,0.0,0.0,0.0,0.0,0.0,0.0,0,0.0,0.0,0.0,0.0,0.0,0.0,0.0,0.0,0.0,0.0,28.8,21.6,7.2,75.0,3.6,21.6,14.4,3.6,33.33,0.0,0.0,3,0,25,0.0,0.0,7.2,7.2,18.0,0.0,7.2,40.0,7.2,50.0,0.0,0.0
255,997006,Bundesliga,23/24,Borussia Dortmund,Youssoufa Moukoko,Forward,6.8,0.7,0.54,0.14,1.97,0.98,0.56,35.71,1.55,52.38,0.7,0.0,0.0,0.28,0.42,0.14,0.98,0.0,0.0,0.0,0.0,0.0,0.0,0.0,0.56,0.28,0.56,0,0.56,0.0,0.0,0.0,0.0,0.0,0.0,0.0,0.0,0.98,17.02,14.34,2.67,84.3,4.92,9.56,6.75,0.14,25.0,0.42,100.0,20,4,640,0.14,0.0,1.12,0.28,9.14,1.41,3.23,35.94,2.39,35.42,0.84,37.5
256,84251,Bundesliga,23/24,RB Leipzig,Kevin Kampl,Midfielder,6.8,0.07,0.01,0.0,0.39,0.07,0.2,16.67,0.65,76.92,0.0,0.07,0.0,0.0,0.07,0.0,0.0,0.0,0.0,0.0,0.0,0.0,0.0,0.0,1.24,0.72,0.72,0,0.72,0.0,0.07,0.07,0.0,0.26,0.13,0.0,0.0,0.98,65.41,60.17,5.23,92.0,26.62,33.75,12.43,0.2,27.27,1.9,58.0,26,14,1376,0.2,0.0,1.05,0.2,7.91,0.92,2.29,40.23,2.09,43.84,0.2,21.43
257,1142249,Bundesliga,23/24,FC Bayern München,Frans Krätzig,Defender,6.8,0.0,0.45,0.0,3.46,3.46,0.0,0.0,0.0,0.0,0.0,0.0,0.0,0.0,0.0,0.0,1.73,0.0,0.0,0.0,0.0,0.0,0.0,0.0,3.46,0.0,0.0,0,1.73,0.0,0.0,0.0,0.0,0.0,1.73,0.0,0.0,3.46,77.88,69.23,8.65,88.89,34.62,34.62,19.04,0.0,0.0,1.73,50.0,4,0,52,0.0,0.0,0.0,0.0,17.31,3.46,3.46,33.33,3.46,33.33,0.0,0.0
258,904897,Bundesliga,23/24,FC Bayern München,Ryan Gravenberch,Midfielder,6.8,0.0,0.0,0.0,0.0,0.0,0.0,0.0,10.0,100.0,0.0,0.0,0.0,0.0,0.0,0.0,0.0,0.0,0.0,0.0,0.0,0.0,0.0,0.0,0.0,0.0,0.0,0,0.0,0.0,0.0,0.0,0.0,0.0,0.0,0.0,0.0,20.0,70.0,50.0,20.0,71.43,20.0,30.0,30.0,0.0,0.0,0.0,0.0,1,0,9,10.0,0.0,10.0,0.0,20.0,0.0,10.0,100.0,10.0,100.0,0.0,0.0
259,1152502,Bundesliga,23/24,VfB Stuttgart,Samuele Di Benedetto,Midfielder,6.8,0.0,0.0,0.0,0.0,0.0,0.0,0.0,0.0,0.0,0.0,0.0,0.0,0.0,0.0,0.0,0.0,0.0,0.0,0.0,0.0,0.0,0.0,0.0,0.0,7.5,0.0,0,0.0,0.0,0.0,0.0,0.0,0.0,0.0,0.0,0.0,7.5,82.5,75.0,7.5,90.91,30.0,45.0,15.0,0.0,0.0,0.0,0.0,1,0,12,0.0,0.0,0.0,15.0,15.0,7.5,15.0,66.67,15.0,66.67,0.0,0.0
260,1140597,Bundesliga,23/24,Borussia Dortmund,Hendry Blank,Defender,6.8,0.0,0.0,0.0,0.0,0.0,0.0,0.0,0.0,0.0,0.0,0.0,0.0,0.0,0.0,0.0,0.0,0.0,0.0,0.0,0.0,0.0,0.0,0.0,2.0,0.0,8.0,0,0.0,0.0,0.0,0.0,0.0,0.0,0.0,0.0,0.0,0.0,118.0,116.0,2.0,98.31,100.0,16.0,2.0,0.0,0.0,6.0,75.0,1,0,45,0.0,0.0,0.0,0.0,4.0,2.0,6.0,50.0,2.0,50.0,4.0,50.0
261,990201,Bundesliga,23/24,VfB Stuttgart,Jamie Leweling,Midfielder,6.79,0.23,0.36,0.53,2.58,1.35,0.47,9.09,1.53,49.06,0.23,0.0,0.0,0.12,0.12,0.23,0.47,0.0,0.0,0.0,0.0,0.0,0.0,0.0,1.06,0.29,0.7,0,0.7,0.0,0.0,0.06,0.0,0.0,0.29,0.23,0.0,1.35,31.55,26.02,5.52,82.5,8.4,18.51,10.4,0.88,32.61,0.65,47.83,34,17,1532,0.18,0.0,1.29,1.35,14.75,2.29,4.17,38.8,3.94,40.36,0.23,23.53
262,825956,Bundesliga,23/24,RB Leipzig,Christoph Baumgartner,Midfielder,6.79,0.39,0.29,0.31,2.41,0.93,0.93,16.13,1.4,54.55,0.23,0.16,0.0,0.0,0.39,0.08,0.08,0.08,0.0,0.0,0.0,0.0,0.0,0.0,2.02,0.39,1.09,0,1.86,0.0,0.0,0.0,0.0,0.0,0.16,0.08,0.0,1.24,34.06,26.15,7.91,76.77,9.62,16.6,9.78,0.08,12.5,0.93,50.0,32,11,1160,0.23,0.0,2.09,2.09,15.44,2.17,7.06,42.72,5.43,43.48,1.63,40.38
263,169255,Bundesliga,23/24,VfL Wolfsburg,Yannick Gerhardt,Midfielder,6.79,0.11,0.1,0.16,1.04,0.49,0.27,10.53,0.0,0.0,0.11,0.0,0.05,0.05,0.0,0.0,0.11,0.0,0.0,0.0,0.0,0.0,0.0,0.0,1.7,0.38,1.76,0,1.26,0.0,0.0,0.0,0.0,0.16,0.05,0.05,0.0,0.77,38.63,30.9,7.74,79.97,15.37,15.75,8.34,0.22,14.81,1.15,42.86,25,18,1640,0.27,0.0,0.99,0.88,10.76,0.49,4.12,48.39,2.47,46.39,1.65,51.72
264,979144,Bundesliga,23/24,Borussia M'gladbach,Luca Netz,Defender,6.79,0.0,0.04,0.04,0.69,0.2,0.24,0.0,0.93,52.27,0.0,0.0,0.0,0.0,0.0,0.0,0.04,0.0,0.0,0.0,0.0,0.0,0.0,0.0,1.53,0.89,2.58,0,0.81,0.04,0.0,0.08,0.0,0.12,0.24,0.16,0.0,1.53,39.09,31.39,7.71,80.29,16.3,15.77,7.66,0.69,22.97,1.33,38.37,30,25,2231,0.08,0.0,1.05,0.65,14.56,1.13,4.6,48.31,3.11,45.29,1.49,56.06
265,809219,Bundesliga,23/24,FC Augsburg,Mads Pedersen,Defender,6.79,0.05,0.04,0.0,0.65,0.05,0.5,7.69,1.15,71.88,0.0,0.05,0.0,0.05,0.0,0.05,0.1,0.0,0.0,0.0,0.0,0.0,0.0,0.0,3.21,0.95,2.15,0,1.0,0.0,0.0,0.0,0.0,0.05,0.1,0.05,0.0,0.6,31.02,25.21,5.81,81.26,12.93,13.03,6.97,0.75,28.3,1.55,50.0,27,19,1796,0.25,0.05,1.7,1.3,13.18,0.65,6.16,55.66,5.61,59.89,0.55,32.35
266,960114,Bundesliga,23/24,SV Werder Bremen,Olivier Deman,Defender,6.79,0.13,0.07,0.06,1.09,0.45,0.32,11.76,0.64,62.5,0.13,0.0,0.13,0.0,0.0,0.0,0.0,0.0,0.0,0.0,0.0,0.0,0.0,0.0,1.79,0.9,2.62,0,1.28,0.0,0.06,0.06,0.06,0.06,0.13,0.06,0.0,0.83,36.68,28.23,8.45,76.96,16.64,12.42,5.38,0.83,28.89,2.75,50.59,29,14,1406,0.32,0.0,1.73,0.83,14.47,0.38,4.29,46.85,3.07,45.28,1.22,51.35
267,974582,Bundesliga,23/24,Eintracht Frankfurt,Hrvoje Smolčić,Defender,6.79,0.25,0.25,0.0,0.75,0.25,0.5,33.33,0.5,100.0,0.25,0.0,0.25,0.0,0.0,0.0,0.0,0.0,0.0,0.0,0.0,0.0,0.0,0.0,1.75,1.5,5.5,0,0.25,0.25,0.0,0.0,0.0,0.0,0.0,0.0,0.0,0.25,79.75,70.75,9.0,88.71,56.0,14.75,3.0,0.0,0.0,3.5,51.85,11,3,360,0.0,0.0,0.75,0.5,9.75,0.5,6.25,58.14,2.75,68.75,3.5,51.85
268,71952,Bundesliga,23/24,SC Freiburg,Manuel Gulde,Defender,6.78,0.04,0.05,0.04,0.53,0.04,0.31,8.33,0.09,50.0,0.04,0.0,0.04,0.0,0.0,0.0,0.04,0.0,0.0,0.0,0.0,0.0,0.0,0.0,1.62,1.1,3.46,0,0.26,0.0,0.0,0.0,0.0,0.22,0.0,0.0,0.0,0.13,47.61,41.08,6.53,86.28,28.93,12.19,3.16,0.04,33.33,2.02,39.66,27,23,2053,0.13,0.04,0.75,0.66,7.5,0.09,4.52,63.98,2.32,68.83,2.19,59.52
269,920525,Bundesliga,23/24,VfL Wolfsburg,Moritz Jenz,Defender,6.78,0.0,0.02,0.05,0.36,0.0,0.36,0.0,0.05,100.0,0.0,0.0,0.0,0.0,0.0,0.0,0.0,0.0,0.0,0.0,0.0,0.0,0.0,0.0,1.75,1.34,4.69,0,0.36,0.0,0.0,0.0,0.05,0.1,0.05,0.05,0.0,0.21,54.88,48.43,6.45,88.25,36.98,11.45,2.53,0.0,0.0,1.81,36.46,22,21,1745,0.26,0.05,1.34,0.15,7.01,0.1,4.44,60.14,1.96,52.05,2.48,68.57
270,798936,Bundesliga,23/24,FC Heidenheim,Benedikt Gimber,Defender,6.78,0.04,0.06,0.04,0.8,0.13,0.53,5.56,0.36,88.89,0.04,0.0,0.0,0.04,0.0,0.04,0.0,0.0,0.0,0.0,0.0,0.0,0.0,0.0,1.78,0.71,4.35,0,0.71,0.04,0.0,0.09,0.04,0.22,0.09,0.04,0.0,0.13,37.36,30.21,7.15,80.86,25.72,4.49,1.07,0.0,0.0,2.27,38.06,24,24,2026,0.4,0.0,1.78,1.2,8.13,0.18,5.46,54.91,3.33,56.82,2.13,52.17
271,877302,Bundesliga,23/24,FC Union Berlin,András Schäfer,Midfielder,6.78,0.07,0.13,0.15,1.55,0.37,0.59,4.76,1.55,44.68,0.0,0.07,0.0,0.0,0.07,0.0,0.15,0.0,0.0,0.0,0.0,0.0,0.0,0.0,2.14,1.48,1.63,0,0.67,0.0,0.0,0.0,0.0,0.0,0.22,0.15,0.0,1.33,38.42,29.41,9.01,76.54,12.34,17.36,10.27,0.3,22.22,0.89,35.29,20,14,1218,0.07,0.07,1.63,1.26,16.55,1.48,6.58,46.84,4.95,46.53,1.63,47.83
272,330099,Bundesliga,23/24,FSV Mainz 05,Edimilson Fernandes,Midfielder,6.78,0.0,0.04,0.0,1.04,0.0,0.48,0.0,0.42,75.0,0.0,0.0,0.0,0.0,0.0,0.0,0.14,0.0,0.0,0.0,0.0,0.0,0.21,0.0,1.73,1.52,3.6,0,0.55,0.0,0.0,0.0,0.0,0.07,0.07,0.14,0.0,1.25,50.16,40.6,9.56,80.94,24.6,16.91,6.44,0.9,24.53,4.71,46.58,21,13,1299,0.28,0.0,0.69,0.55,13.79,0.35,4.02,56.86,2.7,60.94,1.32,50.0
273,40239,Bundesliga,23/24,Eintracht Frankfurt,Timothy Chandler,Midfielder,6.78,0.0,0.16,0.0,4.0,2.0,2.0,0.0,0.0,0.0,0.0,0.0,0.0,0.0,0.0,0.0,0.0,0.0,0.0,0.0,0.0,0.0,0.0,0.0,0.0,0.0,0.0,0,0.0,0.0,0.0,0.0,0.0,0.0,2.0,2.0,0.0,4.0,36.0,32.0,4.0,88.89,2.0,30.0,24.0,0.0,0.0,4.0,100.0,6,0,45,0.0,0.0,0.0,0.0,18.0,2.0,4.0,50.0,0.0,0.0,4.0,66.67
274,128587,Bundesliga,23/24,Borussia Dortmund,Thomas Meunier,Defender,6.78,0.0,0.08,0.0,1.21,0.15,0.46,0.0,0.3,28.57,0.0,0.0,0.0,0.0,0.0,0.0,0.0,0.0,0.0,0.0,0.0,0.0,0.0,0.0,0.76,0.61,3.34,0,1.52,0.0,0.0,0.0,0.0,0.3,0.15,0.0,0.0,0.61,62.83,51.15,11.69,81.4,31.11,20.34,9.11,0.3,11.76,3.34,55.0,8,7,593,0.0,0.0,1.52,0.0,17.0,0.61,2.12,28.57,1.06,19.44,1.06,53.85
275,826884,Bundesliga,23/24,FC Köln,Steffen Tigges,Forward,6.78,0.36,0.31,0.24,2.65,1.09,1.09,13.64,0.48,50.0,0.36,0.0,0.24,0.0,0.0,0.12,0.24,0.0,0.0,0.0,0.0,0.0,0.0,0.0,1.21,0.12,1.33,0,0.48,0.0,0.0,0.0,0.0,0.0,0.36,0.0,0.0,1.21,23.4,14.24,9.17,60.82,5.31,8.93,4.46,0.0,0.0,0.24,50.0,25,6,746,0.0,0.0,0.84,0.97,14.36,1.09,7.24,48.39,2.53,47.73,4.71,48.75
276,378340,Bundesliga,23/24,TSG Hoffenheim,Marius Bülter,Forward,6.78,0.07,0.1,0.13,1.4,0.4,0.6,4.76,1.2,46.15,0.0,0.07,0.0,0.0,0.07,0.13,0.27,0.0,0.0,0.0,0.0,0.0,0.0,0.0,1.2,0.67,1.26,0,0.73,0.0,0.0,0.07,0.0,0.0,0.4,0.27,0.0,1.4,34.86,26.47,8.38,75.95,11.18,16.3,8.78,1.0,20.55,1.8,42.86,30,15,1353,0.07,0.07,0.86,1.13,17.29,1.26,5.12,45.03,3.53,45.69,1.6,43.64
277,828077,Bundesliga,23/24,FC Union Berlin,Aissa Laïdouni,Midfielder,6.77,0.0,0.06,0.08,1.1,0.42,0.42,0.0,0.85,38.46,0.0,0.0,0.0,0.0,0.0,0.0,0.0,0.0,0.0,0.0,0.0,0.0,0.0,0.0,1.78,1.02,1.02,0,0.68,0.08,0.08,0.0,0.0,0.0,0.25,0.25,0.0,1.02,41.02,33.33,7.7,81.24,16.07,17.85,10.23,0.59,31.82,1.69,58.82,23,10,1064,0.17,0.0,1.69,2.28,13.79,1.69,5.92,47.95,4.82,47.9,1.1,48.15
278,1001867,Bundesliga,23/24,FC Augsburg,Arne Engels,Midfielder,6.77,0.19,0.12,0.06,1.28,0.45,0.45,15.0,0.38,54.55,0.19,0.0,0.06,0.0,0.13,0.06,0.06,0.13,0.0,0.0,0.0,0.0,0.13,0.0,2.11,0.96,1.28,0,1.09,0.0,0.0,0.0,0.0,0.0,0.06,0.13,0.0,1.22,30.3,22.68,7.62,74.84,10.12,13.58,6.34,1.02,20.0,1.86,56.86,32,13,1405,0.06,0.06,1.54,0.96,14.09,0.45,4.23,48.18,3.46,51.92,0.77,36.36
279,795005,Bundesliga,23/24,Borussia Dortmund,Salih Özcan,Midfielder,6.77,0.0,0.01,0.0,0.37,0.15,0.15,0.0,0.45,60.0,0.0,0.0,0.0,0.0,0.0,0.0,0.15,0.0,0.0,0.0,0.0,0.0,0.0,0.0,1.5,1.27,1.2,0,0.6,0.0,0.07,0.0,0.0,0.15,0.07,0.0,0.0,0.82,58.83,50.51,8.32,85.86,27.88,22.63,8.39,0.0,0.0,1.72,46.94,23,13,1201,0.22,0.0,1.65,1.65,10.42,0.52,4.8,53.33,3.45,52.87,1.35,54.55
280,1174889,Bundesliga,23/24,Bayer 04 Leverkusen,Gustavo Puerta,Midfielder,6.77,0.0,0.18,0.0,4.0,0.0,4.0,0.0,2.0,100.0,0.0,0.0,0.0,0.0,0.0,0.0,0.0,0.0,0.0,0.0,0.0,0.0,0.0,0.0,10.0,0.0,0.0,0,2.0,0.0,0.0,0.0,0.0,0.0,0.0,0.0,0.0,2.0,82.0,78.0,4.0,95.12,28.0,50.0,20.0,0.0,0.0,6.0,100.0,7,0,45,0.0,0.0,4.0,2.0,8.0,0.0,16.0,66.67,14.0,77.78,2.0,33.33
281,1010726,Bundesliga,23/24,FC Köln,Jan Uwe Thielmann,Midfielder,6.77,0.06,0.13,0.23,2.1,0.68,0.85,2.7,1.02,75.0,0.06,0.0,0.0,0.0,0.06,0.11,0.34,0.0,0.0,0.0,0.0,0.0,0.0,0.0,1.59,0.45,1.36,0,0.68,0.0,0.0,0.0,0.0,0.17,0.06,0.0,0.0,0.91,24.99,17.34,7.65,69.39,7.37,10.48,5.5,0.51,21.43,1.3,45.1,22,20,1588,0.23,0.06,1.53,1.53,14.62,1.36,5.27,49.21,3.97,50.72,1.3,45.1
282,842188,Bundesliga,23/24,FC Augsburg,Elvis Rexhbeçaj,Midfielder,6.77,0.09,0.08,0.0,1.31,0.18,0.68,6.9,0.36,36.36,0.05,0.05,0.0,0.09,0.0,0.0,0.09,0.0,0.05,0.05,100.0,0.0,0.0,0.0,1.35,0.9,0.9,0,0.81,0.0,0.0,0.0,0.0,0.0,0.0,0.0,0.0,0.59,30.83,23.15,7.67,75.11,10.92,12.55,6.77,0.32,33.33,1.22,44.26,25,24,1994,0.18,0.0,0.9,1.9,11.55,0.81,4.83,53.23,3.57,54.11,1.26,50.91
283,796032,Bundesliga,23/24,Darmstadt 98,Emir Karić,Defender,6.76,0.0,0.02,0.0,0.61,0.15,0.3,0.0,0.91,64.29,0.0,0.0,0.0,0.0,0.0,0.0,0.25,0.0,0.0,0.0,0.0,0.0,0.0,0.0,2.27,0.66,2.02,0,0.61,0.0,0.0,0.0,0.0,0.05,0.0,0.0,0.0,1.06,49.98,40.17,9.8,80.38,18.09,22.69,11.42,0.61,23.08,2.78,48.67,27,18,1781,0.2,0.0,0.86,0.35,15.01,0.51,4.6,58.71,3.54,59.32,1.06,56.76
284,15004,Bundesliga,23/24,FC Heidenheim,Norman Theuerkauf,Defender,6.76,0.0,0.03,0.07,0.5,0.14,0.07,0.0,0.21,50.0,0.0,0.0,0.0,0.0,0.0,0.0,0.0,0.0,0.0,0.0,0.0,0.0,0.0,0.0,1.72,1.0,1.29,0,0.64,0.0,0.0,0.07,0.0,0.07,0.07,0.07,0.0,0.93,37.16,29.43,7.73,79.19,17.61,12.39,5.51,0.57,36.36,3.87,56.84,25,14,1257,0.21,0.0,0.93,1.15,10.53,0.36,3.94,57.89,3.08,58.9,0.86,54.55
285,794294,Bundesliga,23/24,FSV Mainz 05,Andreas Hanche Olsen,Defender,6.76,0.09,0.06,0.09,0.36,0.09,0.27,25.0,0.0,0.0,0.09,0.0,0.0,0.0,0.09,0.0,0.09,0.0,0.0,0.0,0.0,0.0,0.0,0.0,1.81,0.99,3.53,0,0.54,0.0,0.0,0.09,0.0,0.18,0.0,0.0,0.0,0.09,39.53,30.93,8.59,78.26,23.79,7.15,1.45,0.0,0.0,2.53,38.36,15,12,995,0.45,0.0,1.18,0.72,9.32,0.18,5.16,61.96,2.35,57.78,2.8,65.96
286,882019,Bundesliga,23/24,SC Freiburg,Florent Muslija,Midfielder,6.76,0.0,0.06,0.0,1.58,0.79,0.0,0.0,0.79,100.0,0.0,0.0,0.0,0.0,0.0,0.0,0.0,0.0,0.0,0.0,0.0,0.0,0.0,0.0,3.95,0.0,0.79,0,2.37,0.0,0.0,0.0,0.0,0.0,0.79,0.0,0.0,4.74,57.63,42.63,15.0,73.97,18.95,26.05,16.58,2.37,33.33,1.58,50.0,10,0,114,0.0,0.0,0.79,1.58,26.05,1.58,7.11,56.25,6.32,57.14,0.79,50.0
287,1084730,Bundesliga,23/24,FC Bayern München,Bryan Zaragoza,Forward,6.76,0.0,0.23,0.49,3.42,1.96,0.49,0.0,3.91,50.0,0.0,0.0,0.0,0.0,0.0,0.0,0.49,0.0,0.0,0.0,0.0,0.0,0.0,0.0,1.96,0.98,0.0,0,0.0,0.0,0.0,0.0,0.0,0.0,0.0,0.0,0.0,1.96,34.73,27.88,6.85,80.28,9.78,19.08,10.27,0.98,20.0,1.96,66.67,7,1,184,0.49,0.0,0.98,0.49,20.05,1.96,6.85,50.0,6.36,48.15,0.49,100.0
288,103289,Bundesliga,23/24,Borussia M'gladbach,Patrick Herrmann,Forward,6.76,0.0,0.17,0.0,3.6,0.0,2.7,0.0,0.0,0.0,0.0,0.0,0.0,0.0,0.0,0.0,0.0,0.0,0.0,0.0,0.0,0.0,0.0,0.0,3.6,0.9,1.8,0,0.0,0.0,0.0,0.0,0.0,0.0,0.0,0.0,0.0,2.7,35.1,23.4,11.7,66.67,6.3,19.8,9.9,2.7,60.0,1.8,66.67,8,0,100,0.9,0.0,2.7,1.8,15.3,0.9,6.3,58.33,5.4,60.0,0.9,50.0
289,111969,Bundesliga,23/24,SV Werder Bremen,Leonardo Bittencourt,Midfielder,6.76,0.06,0.13,0.17,1.73,0.28,0.89,3.23,0.95,40.48,0.06,0.0,0.0,0.06,0.0,0.06,0.11,0.0,0.0,0.0,0.0,0.0,0.06,0.0,2.34,0.73,0.33,0,1.34,0.0,0.0,0.0,0.0,0.0,0.28,0.11,0.0,1.45,43.38,36.18,7.2,83.4,17.59,19.15,9.88,0.56,25.0,1.56,45.9,29,19,1612,0.5,0.0,1.9,1.73,13.4,0.61,5.36,46.83,5.02,49.18,0.33,27.27
290,39718,Bundesliga,23/24,Darmstadt 98,Fabian Holland,Defender,6.75,0.0,0.03,0.1,0.54,0.15,0.29,0.0,0.39,57.14,0.0,0.0,0.0,0.0,0.0,0.0,0.05,0.0,0.0,0.0,0.0,0.0,0.05,0.0,2.29,1.17,1.22,0,0.83,0.0,0.0,0.0,0.0,0.05,0.1,0.1,0.05,0.88,41.32,33.13,8.19,80.19,15.89,17.59,8.28,0.34,26.92,2.68,43.31,23,23,1847,0.19,0.05,1.66,1.61,11.6,0.44,4.73,51.87,4.19,56.95,0.54,30.56
291,794995,Bundesliga,23/24,FC Augsburg,Niklas Dorsch,Midfielder,6.75,0.0,0.04,0.0,0.9,0.0,0.64,0.0,0.45,70.0,0.0,0.0,0.0,0.0,0.0,0.06,0.0,0.0,0.0,0.0,0.0,0.0,0.13,0.0,2.25,1.03,1.74,0,1.29,0.0,0.0,0.13,0.0,0.0,0.0,0.0,0.06,0.26,39.99,34.97,5.01,87.46,21.86,13.18,5.14,0.06,33.33,1.93,51.72,21,16,1400,0.32,0.0,1.22,1.74,7.52,0.64,5.01,53.06,4.37,57.14,0.64,35.71
292,309546,Bundesliga,23/24,VfL Bochum 1848,Takuma Asano,Midfielder,6.75,0.27,0.35,0.54,2.92,1.08,1.12,9.23,0.72,47.06,0.27,0.0,0.0,0.0,0.27,0.04,1.03,0.0,0.0,0.0,0.0,0.0,0.0,0.0,0.76,0.18,0.45,0,0.72,0.0,0.0,0.0,0.0,0.0,0.09,0.04,0.0,0.94,16.0,11.55,4.45,72.19,2.61,9.08,5.66,0.13,8.11,0.31,43.75,29,26,2003,0.09,0.0,0.67,0.99,10.74,1.48,3.15,34.65,2.47,40.74,0.67,22.39
293,280631,Bundesliga,23/24,VfL Wolfsburg,Václav Černý,Midfielder,6.74,0.39,0.22,0.29,1.93,0.48,0.77,20.0,1.35,43.75,0.39,0.0,0.0,0.29,0.1,0.1,0.39,0.0,0.0,0.0,0.0,0.0,0.0,0.0,0.77,0.77,0.39,0,1.16,0.0,0.0,0.0,0.0,0.0,0.1,0.0,0.0,1.35,31.12,23.32,7.81,74.92,7.03,16.96,11.08,0.67,21.21,1.35,45.16,22,12,934,0.19,0.0,0.87,0.0,16.0,1.45,2.22,28.05,2.12,29.73,0.1,12.5
294,962409,Bundesliga,23/24,Borussia M'gladbach,Nathan N'Goumou,Midfielder,6.74,0.33,0.24,0.26,2.02,0.78,0.85,16.13,1.3,38.46,0.33,0.0,0.07,0.0,0.2,0.0,0.39,0.0,0.0,0.0,0.0,0.0,0.0,0.0,2.41,0.33,1.11,0,1.17,0.0,0.07,0.07,0.0,0.0,0.13,0.13,0.0,1.04,26.4,20.35,6.05,77.09,6.89,14.05,7.93,0.59,32.14,0.52,61.54,32,14,1384,0.07,0.0,0.85,1.17,13.14,0.91,5.46,43.08,4.88,49.34,0.59,20.93
295,227900,Bundesliga,23/24,FC Augsburg,Kevin Mbabu,Defender,6.74,0.0,0.0,0.0,0.18,0.04,0.04,0.0,1.27,37.66,0.0,0.0,0.0,0.0,0.0,0.0,0.09,0.0,0.0,0.0,0.0,0.0,0.0,0.0,2.24,1.05,1.85,0,0.75,0.0,0.0,0.0,0.0,0.09,0.13,0.09,0.0,0.88,30.1,21.36,8.75,70.95,9.32,13.18,7.34,1.14,25.74,1.32,41.1,25,22,2048,0.22,0.0,1.98,1.14,21.8,1.1,5.8,47.14,4.61,44.49,1.19,61.36
296,1129360,Bundesliga,23/24,Darmstadt 98,Clemens Riedel,Defender,6.74,0.0,0.03,0.0,0.95,0.36,0.24,0.0,0.47,50.0,0.0,0.0,0.0,0.0,0.0,0.0,0.0,0.0,0.0,0.0,0.0,0.0,0.12,0.0,2.61,1.3,2.96,0,1.07,0.0,0.0,0.0,0.0,0.12,0.12,0.0,0.0,0.71,64.18,55.18,9.0,85.98,31.62,23.57,7.7,0.0,0.0,3.79,53.33,14,9,760,0.24,0.0,1.18,0.47,11.25,0.24,4.86,51.25,3.55,55.56,1.3,42.31
297,1014222,Bundesliga,23/24,SC Freiburg,Kiliann Sildillia,Defender,6.74,0.0,0.03,0.05,0.35,0.05,0.25,0.0,0.8,48.48,0.0,0.0,0.0,0.0,0.0,0.0,0.2,0.0,0.0,0.0,0.0,0.0,0.0,0.0,2.15,1.1,3.09,0,0.8,0.0,0.0,0.0,0.0,0.3,0.05,0.05,0.05,0.6,47.79,36.57,11.23,76.51,20.11,17.06,6.14,0.6,32.43,2.25,42.06,27,20,1804,0.1,0.05,1.45,0.5,18.66,0.5,5.04,48.33,3.39,49.28,1.65,46.48
298,993211,Bundesliga,23/24,Darmstadt 98,Oscar Vilhelmsson,Forward,6.74,0.26,0.27,0.07,1.82,0.72,0.65,14.29,0.33,29.41,0.26,0.0,0.07,0.2,0.0,0.07,0.46,0.0,0.0,0.0,0.0,0.0,0.0,0.0,0.85,0.2,1.24,0,0.2,0.0,0.0,0.0,0.0,0.07,0.07,0.07,0.0,0.72,13.07,7.93,5.14,60.7,2.21,5.79,3.06,0.07,10.0,0.07,20.0,26,16,1384,0.13,0.0,2.08,1.76,9.1,0.52,5.66,39.19,2.93,46.39,2.73,33.6
299,341589,Bundesliga,23/24,VfB Stuttgart,Mahmoud Dahoud,Midfielder,6.74,0.39,0.22,0.0,1.17,0.39,0.39,33.33,0.0,0.0,0.39,0.0,0.0,0.0,0.39,0.0,0.0,0.0,0.0,0.0,0.0,0.0,0.0,0.0,1.96,0.0,0.39,0,1.57,0.0,0.0,0.0,0.0,0.0,0.39,0.0,0.0,2.74,89.22,79.43,9.78,89.04,36.78,43.43,17.22,0.78,33.33,3.91,62.5,13,1,230,0.0,0.0,0.0,0.78,16.43,1.17,3.52,39.13,2.74,43.75,0.78,28.57
300,1142211,Bundesliga,23/24,Eintracht Frankfurt,Hugo Larsson,Midfielder,6.74,0.1,0.06,0.1,0.48,0.19,0.14,20.0,0.33,38.89,0.05,0.05,0.0,0.05,0.05,0.0,0.05,0.0,0.0,0.0,0.0,0.0,0.0,0.0,1.53,1.38,1.38,0,0.62,0.05,0.0,0.0,0.0,0.19,0.14,0.05,0.0,0.48,45.36,39.49,5.87,87.05,22.73,16.95,6.25,0.19,50.0,1.29,52.94,29,21,1885,0.05,0.0,0.76,0.1,8.36,0.33,2.39,43.48,1.96,47.13,0.43,32.14
301,929806,Bundesliga,23/24,FC Heidenheim,Kevin Sessa,Midfielder,6.74,0.27,0.26,0.36,2.61,0.63,1.17,10.34,1.08,50.0,0.18,0.09,0.0,0.09,0.18,0.0,0.09,0.0,0.0,0.0,0.0,0.0,0.09,0.0,1.53,0.36,1.44,0,0.81,0.0,0.0,0.0,0.0,0.0,0.18,0.0,0.0,1.53,37.76,28.41,9.35,75.24,12.23,16.9,9.8,0.72,40.0,2.16,48.0,30,7,1001,0.09,0.0,1.44,1.8,14.75,0.54,5.66,52.07,4.32,53.33,1.35,48.39
302,800444,Bundesliga,23/24,Darmstadt 98,Matthias Bader,Midfielder,6.73,0.05,0.04,0.0,0.85,0.05,0.3,5.88,0.9,42.86,0.05,0.0,0.0,0.0,0.05,0.0,0.05,0.0,0.0,0.0,0.0,0.0,0.0,0.0,2.54,1.25,0.85,0,1.59,0.0,0.0,0.0,0.0,0.1,0.15,0.1,0.0,0.9,35.86,26.65,9.21,74.31,14.34,12.65,5.78,0.35,21.88,2.09,37.84,24,21,1807,0.05,0.0,0.85,2.04,14.89,0.7,6.03,53.78,5.48,55.84,0.55,39.29
303,268791,Bundesliga,23/24,VfL Bochum 1848,Philipp Förster,Midfielder,6.73,0.0,0.11,0.0,1.37,0.23,0.23,0.0,0.23,50.0,0.0,0.0,0.0,0.0,0.0,0.0,0.0,0.0,0.0,0.0,0.0,0.0,0.0,0.0,2.05,1.59,0.68,0,0.91,0.0,0.0,0.0,0.0,0.0,0.0,0.0,0.0,2.05,40.78,33.49,7.29,82.12,10.71,24.84,12.08,2.05,32.14,0.91,66.67,13,3,395,0.23,0.0,1.37,2.05,15.95,1.59,4.78,45.65,4.33,51.35,0.46,22.22
304,787889,Bundesliga,23/24,FC Union Berlin,Lucas Tousart,Midfielder,6.73,0.0,0.09,0.11,1.43,0.34,0.74,0.0,0.57,47.62,0.0,0.0,0.0,0.0,0.0,0.0,0.0,0.0,0.0,0.0,0.0,0.0,0.0,0.0,2.0,1.43,2.17,0,1.14,0.0,0.0,0.0,0.0,0.29,0.11,0.0,0.0,0.4,29.16,22.14,7.02,75.93,12.84,9.36,4.17,0.06,11.11,1.03,46.15,23,18,1577,0.29,0.0,1.77,0.46,11.01,0.74,5.19,44.61,3.02,41.41,2.17,50.0
305,97926,Bundesliga,23/24,FSV Mainz 05,Danny da Costa,Defender,6.73,0.0,0.03,0.0,0.64,0.11,0.32,0.0,0.75,58.33,0.0,0.0,0.0,0.0,0.0,0.0,0.0,0.0,0.0,0.0,0.0,0.0,0.0,0.0,1.93,1.72,2.47,0,1.07,0.0,0.0,0.11,0.0,0.11,0.21,0.11,0.0,0.97,34.22,24.24,9.98,70.85,11.37,13.95,8.05,1.07,25.0,1.5,36.84,19,9,839,0.11,0.0,0.75,0.43,18.67,0.75,4.18,44.32,3.11,50.0,1.07,33.33
306,826167,Bundesliga,23/24,VfL Wolfsburg,Sebastiaan Bornauw,Defender,6.73,0.0,0.05,0.06,0.63,0.25,0.31,0.0,0.25,80.0,0.0,0.0,0.0,0.0,0.0,0.0,0.06,0.0,0.0,0.0,0.0,0.0,0.0,0.0,1.63,1.13,4.83,0,0.38,0.0,0.0,0.0,0.13,0.19,0.0,0.0,0.0,0.19,52.71,46.19,6.52,87.63,34.91,11.28,1.94,0.0,0.0,1.88,37.04,20,16,1436,0.31,0.0,1.69,0.31,7.27,0.06,4.01,52.03,2.13,50.0,1.88,54.55
307,842869,Bundesliga,23/24,FSV Mainz 05,Maxim Leitsch,Defender,6.73,0.0,0.0,0.0,0.0,0.0,0.0,0.0,0.0,0.0,0.0,0.0,0.0,0.0,0.0,0.0,0.0,0.0,0.0,0.0,0.0,0.0,0.0,0.0,1.43,0.95,3.1,0,0.72,0.0,0.0,0.0,0.0,0.48,0.0,0.0,0.0,0.0,40.82,31.75,9.07,77.78,24.83,6.92,2.15,0.0,0.0,3.1,44.83,7,4,377,0.0,0.0,0.48,0.48,9.79,0.0,5.01,61.76,1.91,53.33,3.1,68.42
308,357752,Bundesliga,23/24,Eintracht Frankfurt,Aurélio Buta,Defender,6.72,0.05,0.02,0.0,0.66,0.2,0.15,7.69,0.56,36.67,0.05,0.0,0.05,0.0,0.0,0.0,0.05,0.0,0.0,0.0,0.0,0.0,0.0,0.0,2.05,0.77,1.64,0,0.87,0.0,0.0,0.0,0.0,0.05,0.0,0.05,0.0,0.46,45.72,36.92,8.8,80.76,18.72,18.77,10.84,0.56,23.91,1.53,42.25,30,20,1760,0.26,0.0,1.18,1.18,15.55,1.02,5.27,50.99,3.78,48.37,1.48,59.18
309,39733,Bundesliga,23/24,Darmstadt 98,Sebastian Polter,Forward,6.72,0.0,0.2,0.2,2.03,0.61,1.22,0.0,0.41,40.0,0.0,0.0,0.0,0.0,0.0,0.2,0.41,0.0,0.0,0.0,0.0,0.0,0.0,0.0,0.2,0.0,0.81,0,0.2,0.0,0.0,0.0,0.0,0.0,0.2,0.2,0.0,0.61,21.49,12.97,8.51,60.38,3.65,9.53,5.88,0.2,25.0,0.2,100.0,9,4,444,0.0,0.0,1.82,2.03,15.2,1.42,6.69,50.77,2.64,41.94,4.05,58.82
310,558680,Bundesliga,23/24,Darmstadt 98,Aaron Seydel,Forward,6.72,0.14,0.18,0.14,2.01,0.86,0.86,7.14,0.43,30.0,0.14,0.0,0.0,0.0,0.14,0.0,0.29,0.0,0.0,0.0,0.0,0.0,0.0,0.0,0.43,0.14,1.29,0,0.43,0.0,0.0,0.0,0.0,0.0,0.0,0.0,0.0,1.29,26.51,15.62,10.89,58.92,4.73,10.89,6.74,0.0,0.0,0.29,100.0,16,5,628,0.14,0.0,1.29,1.0,17.91,1.72,8.31,48.74,1.86,30.23,6.45,59.21
311,51785,Bundesliga,23/24,RB Leipzig,Emil Forsberg,Midfielder,6.72,0.38,0.28,0.38,2.28,0.95,0.76,16.67,0.57,42.86,0.19,0.19,0.0,0.0,0.38,0.19,0.0,0.0,0.19,0.0,0.0,0.19,0.19,100.0,1.33,0.0,0.95,0,1.33,0.0,0.0,0.0,0.0,0.0,0.38,0.19,0.0,1.14,35.96,30.63,5.33,85.19,10.27,20.74,9.51,0.38,25.0,0.57,42.86,14,5,473,0.0,0.0,0.76,1.71,11.23,1.33,4.0,45.65,3.62,46.34,0.38,40.0
312,129927,Bundesliga,23/24,FC Köln,Sargis Adamyan,Forward,6.72,0.11,0.44,0.87,3.37,1.52,0.98,3.23,0.76,41.18,0.11,0.0,0.0,0.11,0.0,0.11,0.87,0.11,0.0,0.0,0.0,0.0,0.0,0.0,1.52,0.54,0.65,0,0.54,0.0,0.0,0.0,0.0,0.0,0.44,0.22,0.0,1.31,19.81,14.26,5.55,71.98,5.22,9.03,5.88,0.0,0.0,0.33,50.0,20,8,827,0.22,0.0,1.96,1.41,12.41,1.85,5.22,35.82,3.7,41.46,1.52,26.92
313,989371,Bundesliga,23/24,VfL Wolfsburg,Aster Vranckx,Midfielder,6.72,0.0,0.01,0.0,0.31,0.15,0.08,0.0,1.24,64.0,0.0,0.0,0.0,0.0,0.0,0.0,0.0,0.0,0.0,0.0,0.0,0.0,0.0,0.0,2.47,1.08,2.24,0,1.0,0.0,0.0,0.0,0.0,0.15,0.0,0.0,0.0,0.39,44.42,38.39,6.03,86.43,22.87,15.68,6.18,0.15,20.0,2.24,50.88,24,12,1165,0.46,0.0,2.24,1.85,9.42,0.85,6.72,56.49,5.48,53.79,1.24,72.73
314,117373,Bundesliga,23/24,FC Union Berlin,Kevin Volland,Midfielder,6.72,0.2,0.35,0.53,2.39,0.93,0.73,8.33,0.4,33.33,0.2,0.0,0.0,0.13,0.07,0.33,0.46,0.0,0.2,0.13,66.67,0.0,0.0,0.0,1.46,0.4,0.73,0,0.8,0.0,0.0,0.0,0.0,0.07,0.4,0.27,0.0,1.33,23.83,15.86,7.96,66.57,5.77,11.22,6.31,1.13,30.36,1.0,48.39,26,17,1356,0.07,0.13,1.86,0.86,15.33,1.46,4.25,35.75,2.65,35.09,1.59,36.92
315,798926,Bundesliga,23/24,VfL Wolfsburg,Cedric Zesiger,Defender,6.71,0.0,0.07,0.06,0.88,0.11,0.55,0.0,0.17,100.0,0.0,0.0,0.0,0.0,0.0,0.06,0.0,0.0,0.0,0.0,0.0,0.0,0.0,0.0,1.05,0.83,4.74,0,0.66,0.0,0.06,0.06,0.0,0.22,0.0,0.0,0.0,0.06,59.65,50.45,9.2,84.58,34.98,15.59,4.96,0.11,40.0,2.64,37.21,23,18,1634,0.28,0.0,1.32,0.55,10.19,0.33,3.91,55.04,1.71,42.47,2.2,71.43
316,929163,Bundesliga,23/24,Borussia M'gladbach,Tomáš Čvančara,Forward,6.71,0.4,0.59,0.8,3.6,1.3,1.3,11.11,0.5,33.33,0.3,0.1,0.0,0.0,0.4,0.0,0.4,0.0,0.2,0.1,50.0,0.0,0.1,0.0,0.4,0.2,0.8,0,0.2,0.0,0.0,0.0,0.0,0.0,0.1,0.1,0.0,0.7,21.22,13.52,7.71,63.68,4.4,9.31,4.61,0.2,66.67,0.2,66.67,21,7,899,0.4,0.0,0.9,1.3,12.91,1.1,4.51,42.06,2.1,39.62,2.4,44.44
317,962898,Bundesliga,23/24,VfB Stuttgart,Leonidas Stergiou,Defender,6.71,0.15,0.05,0.0,0.45,0.15,0.3,33.33,0.15,50.0,0.15,0.0,0.0,0.0,0.15,0.0,0.0,0.0,0.0,0.0,0.0,0.0,0.0,0.0,2.23,0.74,1.93,0,0.6,0.0,0.0,0.0,0.0,0.3,0.3,0.0,0.0,0.74,46.12,39.87,6.25,86.45,23.06,17.55,7.59,0.74,41.67,0.45,21.43,15,6,605,0.0,0.0,0.74,0.15,9.67,0.3,3.12,50.0,2.53,58.62,0.6,30.77
318,26768,Bundesliga,23/24,FC Bayern München,Sven Ulreich,Goalkeeper,6.71,0.0,0.0,0.0,0.0,0.0,0.0,0.0,0.0,0.0,0.0,0.0,0.0,0.0,0.0,0.0,0.0,0.0,0.0,0.0,0.0,0.0,0.0,0.0,0.09,0.0,0.55,0,0.0,0.09,0.09,0.0,0.0,0.36,0.0,0.0,0.0,0.09,30.73,25.09,5.64,81.66,23.36,1.73,0.36,0.0,0.0,3.45,39.18,11,11,990,0.09,0.0,0.0,0.0,5.64,0.0,0.18,100.0,0.09,100.0,0.09,100.0
319,995773,Bundesliga,23/24,FC Augsburg,Dion Drena Beljo,Forward,6.71,0.31,0.46,0.47,2.95,1.4,0.93,10.53,1.71,52.38,0.31,0.0,0.0,0.0,0.31,0.16,0.93,0.0,0.0,0.0,0.0,0.0,0.0,0.0,0.0,0.16,0.62,0,0.31,0.0,0.0,0.0,0.0,0.0,0.16,0.0,0.0,1.24,23.9,17.53,6.36,73.38,5.12,12.57,7.29,0.16,33.33,0.31,66.67,26,3,580,0.31,0.0,1.4,1.09,13.19,0.78,5.59,46.75,2.64,40.48,2.95,54.29
320,1146132,Bundesliga,23/24,FC Köln,Justin Diehl,Midfielder,6.7,0.0,0.12,0.0,3.75,1.07,1.07,0.0,4.29,57.14,0.0,0.0,0.0,0.0,0.0,0.0,0.0,0.0,0.0,0.0,0.0,0.0,0.54,0.0,0.0,0.0,0.0,0,0.0,0.0,0.54,0.0,0.0,0.0,0.0,0.0,0.0,2.68,24.11,19.29,4.82,80.0,8.04,13.39,4.82,2.14,22.22,1.07,66.67,7,1,168,0.0,0.0,1.07,2.14,21.96,0.54,6.43,52.17,6.43,57.14,0.0,0.0
321,963399,Bundesliga,23/24,FC Augsburg,Nathanaël Mbuku,Midfielder,6.7,0.0,0.3,0.0,10.0,0.0,10.0,0.0,0.0,0.0,0.0,0.0,0.0,0.0,0.0,0.0,0.0,0.0,0.0,0.0,0.0,0.0,0.0,0.0,0.0,0.0,0.0,0,0.0,0.0,0.0,0.0,0.0,0.0,0.0,0.0,0.0,10.0,70.0,60.0,10.0,85.71,10.0,50.0,40.0,0.0,0.0,0.0,0.0,1,0,9,0.0,0.0,0.0,0.0,20.0,0.0,0.0,0.0,0.0,0.0,0.0,0.0
322,918438,Bundesliga,23/24,FC Köln,Jacob Christensen,Midfielder,6.7,0.0,0.01,0.0,0.42,0.0,0.0,0.0,0.42,50.0,0.0,0.0,0.0,0.0,0.0,0.0,0.0,0.0,0.0,0.0,0.0,0.0,0.0,0.0,4.17,1.67,1.67,0,1.25,0.0,0.0,0.0,0.0,0.0,0.0,0.0,0.0,0.83,33.33,27.5,5.83,82.5,15.83,11.67,5.0,0.0,0.0,2.5,60.0,7,2,216,0.42,0.0,1.67,0.0,10.42,0.0,4.58,45.83,4.58,57.89,0.0,0.0
323,1129935,Bundesliga,23/24,TSG Hoffenheim,Tom Bischof,Midfielder,6.7,0.0,0.16,0.0,2.21,0.44,0.88,0.0,0.88,66.67,0.0,0.0,0.0,0.0,0.0,0.0,0.88,0.0,0.0,0.0,0.0,0.0,0.0,0.0,3.53,0.44,0.88,0,3.09,0.0,0.0,0.0,0.0,0.0,0.44,0.88,0.0,2.21,44.56,37.5,7.06,84.16,10.15,29.56,17.65,2.21,45.45,2.21,83.33,13,1,204,0.0,0.0,0.44,0.44,13.68,1.32,5.29,48.0,4.85,47.83,0.44,50.0
324,921033,Bundesliga,23/24,FC Köln,Linton Maina,Midfielder,6.7,0.05,0.09,0.05,1.56,0.52,0.61,3.03,1.04,41.51,0.05,0.0,0.0,0.0,0.05,0.09,0.24,0.0,0.0,0.0,0.0,0.0,0.0,0.0,0.85,0.28,0.52,0,0.9,0.0,0.0,0.0,0.0,0.05,0.28,0.14,0.0,0.99,25.81,20.61,5.2,79.85,6.81,14.32,7.56,0.52,14.86,0.43,52.94,31,21,1904,0.19,0.0,0.47,0.8,13.19,1.28,2.69,36.08,2.69,39.58,0.0,0.0
325,976575,Bundesliga,23/24,RB Leipzig,Nicolas Seiwald,Midfielder,6.7,0.0,0.0,0.0,0.0,0.0,0.0,0.0,0.49,66.67,0.0,0.0,0.0,0.0,0.0,0.0,0.0,0.0,0.0,0.0,0.0,0.0,0.0,0.0,4.07,0.99,1.73,0,1.11,0.0,0.0,0.0,0.12,0.0,0.0,0.25,0.12,0.74,47.28,39.38,7.9,83.29,25.19,14.32,5.43,0.12,25.0,2.96,55.81,21,6,729,0.12,0.0,0.62,0.12,10.25,0.99,5.43,57.89,4.69,61.29,0.74,42.86
326,158233,Bundesliga,23/24,FC Bayern München,Bouna Sarr,Defender,6.7,0.0,0.19,0.86,0.86,0.86,0.0,0.0,0.86,33.33,0.0,0.0,0.0,0.0,0.0,0.0,0.0,0.0,0.0,0.0,0.0,0.0,0.0,0.0,1.71,0.0,0.0,0,0.0,0.0,0.0,0.0,0.0,0.0,0.0,0.0,0.0,0.0,78.86,69.43,9.43,88.04,36.0,34.29,11.14,0.86,100.0,1.71,66.67,2,1,105,0.0,0.0,0.0,0.86,13.71,0.0,4.29,62.5,3.43,66.67,0.86,50.0
327,930135,Bundesliga,23/24,FC Augsburg,Patric Pfeiffer,Defender,6.7,0.0,0.09,0.0,1.94,0.0,0.88,0.0,0.0,0.0,0.0,0.0,0.0,0.0,0.0,0.0,0.0,0.0,0.0,0.0,0.0,0.0,0.0,0.0,1.94,1.94,3.71,0,0.18,0.0,0.0,0.18,0.0,0.0,0.18,0.18,0.0,0.71,46.33,33.42,12.91,72.14,23.16,10.43,3.71,0.18,100.0,3.54,37.04,11,4,509,0.0,0.0,1.24,0.71,14.5,0.18,6.19,61.4,2.65,60.0,3.54,62.5
328,147775,Bundesliga,23/24,FC Köln,Benno Schmitz,Defender,6.7,0.0,0.02,0.0,0.62,0.39,0.23,0.0,0.39,41.67,0.0,0.0,0.0,0.0,0.0,0.0,0.0,0.0,0.0,0.0,0.0,0.0,0.0,0.0,2.09,0.54,2.02,0,1.32,0.0,0.0,0.0,0.0,0.08,0.0,0.08,0.0,0.39,41.12,29.72,11.41,72.26,14.2,16.06,8.46,0.54,17.5,1.78,35.38,22,13,1160,0.39,0.0,0.7,0.78,17.22,0.0,4.34,50.45,3.18,56.16,1.16,39.47
329,246431,Bundesliga,23/24,FC Augsburg,Sven Michel,Forward,6.7,0.3,0.36,0.3,2.1,1.05,0.6,14.29,1.5,47.62,0.3,0.0,0.0,0.3,0.0,0.0,0.6,0.0,0.3,0.15,50.0,0.0,0.0,0.0,1.05,0.0,0.6,0,0.75,0.0,0.0,0.0,0.0,0.0,0.3,0.15,0.0,1.5,23.74,13.82,9.92,58.23,4.51,9.92,5.71,0.6,40.0,0.6,57.14,22,5,599,0.3,0.0,1.8,0.6,18.18,1.65,5.86,36.11,3.16,35.59,2.7,36.73
330,991096,Bundesliga,23/24,FSV Mainz 05,David Mamutovic,Forward,6.7,0.0,0.0,0.0,0.0,0.0,0.0,0.0,0.0,0.0,0.0,0.0,0.0,0.0,0.0,0.0,0.0,0.0,0.0,0.0,0.0,0.0,0.0,0.0,4.09,0.0,0.0,0,0.0,0.0,0.0,0.0,0.0,0.0,0.0,0.0,0.0,0.0,36.82,28.64,8.18,77.78,4.09,24.55,16.36,0.0,0.0,4.09,33.33,2,0,22,0.0,0.0,0.0,8.18,12.27,0.0,12.27,75.0,12.27,100.0,0.0,0.0
331,35194,Bundesliga,23/24,Eintracht Frankfurt,Sebastian Rode,Midfielder,6.7,0.0,0.0,0.0,0.0,0.0,0.0,0.0,0.0,0.0,0.0,0.0,0.0,0.0,0.0,0.0,0.0,0.0,0.0,0.0,0.0,0.0,0.0,0.0,7.61,1.27,1.27,0,2.54,0.0,0.0,0.0,0.0,0.0,0.0,0.0,0.0,1.27,69.72,54.51,15.21,78.18,22.82,31.69,16.48,0.0,0.0,2.54,50.0,8,1,71,0.0,0.0,0.0,1.27,19.01,0.0,11.41,64.29,8.87,77.78,2.54,40.0
332,930272,Bundesliga,23/24,FSV Mainz 05,Tom Krauß,Midfielder,6.7,0.07,0.05,0.0,1.27,0.13,0.6,5.26,0.2,27.27,0.0,0.07,0.0,0.0,0.07,0.13,0.0,0.0,0.0,0.0,0.0,0.0,0.0,0.0,3.8,1.13,1.8,0,2.46,0.0,0.0,0.0,0.0,0.0,0.07,0.13,0.0,0.47,42.57,32.11,10.46,75.43,16.05,16.25,7.46,0.2,42.86,1.47,36.67,29,13,1351,0.33,0.0,2.07,1.07,14.26,0.87,6.06,48.15,5.06,46.63,1.0,57.69
333,168985,Bundesliga,23/24,FC Union Berlin,Janik Haberer,Midfielder,6.7,0.07,0.07,0.0,1.1,0.29,0.44,6.67,0.59,44.44,0.07,0.0,0.0,0.0,0.07,0.0,0.07,0.0,0.0,0.0,0.0,0.0,0.0,0.0,2.64,0.88,1.32,0,1.68,0.0,0.0,0.0,0.0,0.07,0.07,0.07,0.0,0.73,37.13,27.9,9.23,75.15,14.5,13.77,6.44,0.37,33.33,1.24,35.42,21,14,1229,0.51,0.0,1.61,1.17,12.67,0.37,5.86,50.31,4.32,50.0,1.54,51.22
334,1048820,Bundesliga,23/24,SC Freiburg,Noah Weißhaupt,Midfielder,6.7,0.11,0.05,0.0,0.34,0.11,0.11,33.33,0.92,27.59,0.11,0.0,0.0,0.0,0.11,0.0,0.23,0.23,0.0,0.0,0.0,0.0,0.0,0.0,1.03,0.92,1.26,0,0.69,0.0,0.0,0.0,0.0,0.0,0.57,0.23,0.0,1.83,35.54,28.2,7.34,79.35,12.96,16.85,7.45,1.61,26.92,1.49,35.14,24,6,785,0.11,0.0,0.92,3.55,17.66,0.46,5.85,51.0,5.5,55.17,0.34,23.08
335,1149080,Bundesliga,23/24,FC Bayern München,Matteo Pérez Vinlöf,Defender,6.7,0.0,0.0,0.0,0.0,0.0,0.0,0.0,0.0,0.0,0.0,0.0,0.0,0.0,0.0,0.0,0.0,0.0,0.0,0.0,0.0,0.0,0.0,0.0,0.0,6.0,0.0,0,0.0,0.0,0.0,0.0,0.0,0.0,0.0,0.0,0.0,0.0,60.0,54.0,6.0,90.0,42.0,12.0,6.0,0.0,0.0,0.0,0.0,1,0,15,0.0,0.0,6.0,6.0,24.0,0.0,6.0,33.33,6.0,33.33,0.0,0.0
336,995316,Bundesliga,23/24,VfL Wolfsburg,Kilian Fischer,Defender,6.7,0.0,0.12,0.0,1.23,0.0,0.62,0.0,0.31,50.0,0.0,0.0,0.0,0.0,0.0,0.0,0.0,0.0,0.0,0.0,0.0,0.0,0.0,0.0,2.47,0.31,3.08,0,0.92,0.0,0.0,0.0,0.0,0.0,0.0,0.0,0.0,0.62,32.36,24.04,8.32,74.29,12.64,11.71,5.86,0.31,9.09,1.23,36.36,6,4,292,0.31,0.0,1.23,0.92,15.72,0.31,3.7,46.15,3.7,57.14,0.0,0.0
337,918437,Bundesliga,23/24,FC Union Berlin,Mikkel Kaufmann,Forward,6.69,0.18,0.24,0.18,2.73,1.09,1.28,6.67,0.55,30.0,0.0,0.18,0.0,0.0,0.18,0.0,0.0,0.0,0.0,0.0,0.0,0.0,0.0,0.0,1.09,0.18,0.73,0,1.28,0.0,0.0,0.0,0.0,0.0,0.36,0.0,0.0,0.73,21.86,11.84,10.02,54.17,4.01,8.02,5.47,0.18,20.0,0.73,66.67,18,4,494,0.0,0.0,1.28,1.82,18.77,1.82,8.2,40.91,3.46,38.0,4.74,43.33
338,865554,Bundesliga,23/24,Darmstadt 98,Christoph Klarer,Defender,6.69,0.08,0.05,0.04,0.34,0.08,0.23,22.22,0.23,85.71,0.08,0.0,0.0,0.04,0.04,0.0,0.15,0.0,0.0,0.0,0.0,0.0,0.0,0.0,1.41,0.8,3.44,0,0.46,0.0,0.04,0.0,0.0,0.08,0.08,0.08,0.0,0.46,45.19,39.61,5.58,87.66,29.07,10.58,3.25,0.04,12.5,2.9,52.05,30,28,2356,0.34,0.0,1.11,0.5,6.46,0.23,3.74,53.85,2.14,55.45,1.6,51.85
339,136922,Bundesliga,23/24,FC Köln,Dominique Heintz,Defender,6.69,0.0,0.01,0.0,0.0,0.0,0.0,0.0,0.47,75.0,0.0,0.0,0.0,0.0,0.0,0.0,0.16,0.0,0.0,0.0,0.0,0.0,0.0,0.0,1.89,0.47,4.25,0,0.63,0.0,0.0,0.0,0.0,0.16,0.0,0.0,0.0,1.1,54.44,46.57,7.87,85.55,29.58,17.94,6.61,0.94,26.09,2.99,45.24,12,6,572,0.0,0.0,1.1,0.63,13.37,0.47,4.72,53.57,2.83,54.55,1.89,52.17
340,940054,Bundesliga,23/24,Borussia Dortmund,Karim Adeyemi,Forward,6.69,0.3,0.34,0.4,2.27,0.99,0.89,13.04,1.78,36.0,0.3,0.0,0.0,0.2,0.1,0.0,0.1,0.0,0.0,0.0,0.0,0.0,0.0,0.0,1.58,0.3,0.4,0,1.19,0.0,0.0,0.0,0.0,0.0,0.3,0.1,0.0,0.89,25.98,20.25,5.73,77.95,7.9,12.65,7.41,0.3,12.0,0.4,44.44,21,10,911,0.4,0.1,1.98,1.88,17.49,2.47,6.62,40.85,5.24,37.59,1.38,60.87
341,311676,Bundesliga,23/24,FC Heidenheim,Jonas Föhrenbach,Defender,6.69,0.0,0.02,0.0,0.39,0.0,0.19,0.0,0.26,33.33,0.0,0.0,0.0,0.0,0.0,0.03,0.06,0.0,0.0,0.0,0.0,0.0,0.0,0.0,1.42,1.0,1.97,0,0.55,0.0,0.0,0.0,0.03,0.16,0.0,0.0,0.0,0.42,35.35,26.1,9.26,73.81,15.81,10.77,5.42,0.48,20.55,3.29,43.78,33,32,2790,0.06,0.0,0.48,0.55,15.06,0.35,3.42,56.99,2.19,53.97,1.23,63.33
342,987504,Bundesliga,23/24,VfL Wolfsburg,Patrick Wimmer,Midfielder,6.69,0.3,0.22,0.45,1.52,0.61,0.61,20.0,1.21,47.06,0.3,0.0,0.0,0.15,0.15,0.15,0.15,0.0,0.0,0.0,0.0,0.0,0.0,0.0,2.12,0.45,0.45,0,1.52,0.0,0.0,0.0,0.0,0.0,0.0,0.0,0.0,0.61,27.88,18.94,8.94,67.93,7.27,11.67,7.27,0.0,0.0,0.76,50.0,14,8,594,0.45,0.15,2.12,1.67,16.67,0.91,6.97,48.94,5.0,45.83,1.97,59.09
343,834986,Bundesliga,23/24,FC Augsburg,Robert Gumny,Defender,6.68,0.0,0.04,0.0,0.55,0.18,0.18,0.0,0.91,55.56,0.0,0.0,0.0,0.0,0.0,0.0,0.0,0.0,0.0,0.0,0.0,0.0,0.0,0.0,1.1,1.28,2.37,0,0.73,0.0,0.0,0.0,0.0,0.0,0.18,0.0,0.0,0.37,24.83,18.44,6.39,74.26,9.31,9.49,4.56,0.37,25.0,0.91,45.45,13,6,493,0.55,0.0,1.28,0.91,13.87,0.18,3.47,52.78,2.92,51.61,0.55,60.0
344,33901,Bundesliga,23/24,Borussia M'gladbach,Tony Jantschke,Defender,6.68,0.0,0.0,0.0,0.0,0.0,0.0,0.0,0.0,0.0,0.0,0.0,0.0,0.0,0.0,0.0,0.0,0.0,0.0,0.0,0.0,0.0,0.0,0.0,2.0,2.0,8.0,0,0.0,0.0,0.0,0.0,0.0,0.0,0.0,0.0,0.0,0.0,24.0,24.0,0.0,100.0,14.0,10.0,4.0,0.0,0.0,0.0,0.0,4,0,45,0.0,0.0,2.0,4.0,0.0,0.0,10.0,62.5,6.0,75.0,4.0,50.0
345,1064842,Bundesliga,23/24,FC Köln,Denis Huseinbašić,Midfielder,6.68,0.0,0.02,0.0,0.66,0.16,0.22,0.0,0.55,45.45,0.0,0.0,0.0,0.0,0.0,0.0,0.0,0.0,0.0,0.0,0.0,0.0,0.0,0.0,2.09,0.71,0.6,0,0.6,0.0,0.0,0.0,0.0,0.05,0.0,0.16,0.0,0.88,42.28,36.67,5.61,86.74,18.09,18.69,8.47,0.11,13.33,1.59,52.73,26,18,1637,0.27,0.0,1.54,0.77,9.24,1.04,3.85,48.28,3.41,48.06,0.44,50.0
346,1083410,Bundesliga,23/24,TSG Hoffenheim,Umut Tohumcu,Midfielder,6.68,0.0,0.04,0.0,1.33,0.27,0.36,0.0,0.27,20.0,0.0,0.0,0.0,0.0,0.0,0.0,0.0,0.0,0.0,0.0,0.0,0.0,0.0,0.0,1.42,0.53,0.89,0,1.16,0.0,0.0,0.0,0.0,0.0,0.27,0.18,0.0,0.8,36.37,32.28,4.09,88.75,14.76,17.79,8.72,0.27,50.0,1.6,62.07,20,12,1012,0.44,0.0,0.89,2.13,7.92,0.98,4.0,44.55,3.82,48.31,0.18,16.67
347,361790,Bundesliga,23/24,Eintracht Frankfurt,Donny van de Beek,Midfielder,6.68,0.0,0.02,0.0,0.25,0.0,0.0,0.0,0.76,50.0,0.0,0.0,0.0,0.0,0.0,0.0,1.26,0.0,0.0,0.0,0.0,0.0,0.0,0.0,2.02,0.76,0.25,0,1.01,0.0,0.0,0.0,0.0,0.0,0.25,0.0,0.0,0.76,33.28,26.97,6.3,81.06,14.62,12.86,7.31,0.5,28.57,0.25,33.33,8,4,357,0.25,0.0,1.76,0.25,10.84,0.76,4.03,42.11,3.03,41.38,1.01,44.44
348,151581,Bundesliga,23/24,FC Köln,Leart Paqarada,Defender,6.68,0.0,0.03,0.0,0.84,0.34,0.25,0.0,0.59,70.0,0.0,0.0,0.0,0.0,0.0,0.0,0.08,0.0,0.0,0.0,0.0,0.0,0.25,0.0,1.76,0.84,2.18,0,0.92,0.0,0.08,0.0,0.0,0.0,0.25,0.0,0.0,1.85,43.36,31.37,11.99,72.34,15.52,17.78,8.39,1.93,25.0,2.01,35.29,17,11,1073,0.0,0.0,0.59,0.67,20.47,0.5,3.77,48.39,3.02,57.14,0.75,30.0
349,142568,Bundesliga,23/24,Darmstadt 98,Christoph Zimmermann,Defender,6.68,0.0,0.02,0.0,0.29,0.07,0.15,0.0,0.15,66.67,0.0,0.0,0.0,0.0,0.0,0.0,0.07,0.0,0.0,0.0,0.0,0.0,0.0,0.0,2.43,1.54,4.85,0,1.47,0.0,0.07,0.0,0.07,0.07,0.0,0.0,0.0,0.22,40.29,33.16,7.13,82.3,23.9,9.26,3.01,0.0,0.0,3.38,50.0,19,12,1224,0.37,0.0,0.96,0.74,8.09,0.15,5.44,56.49,3.31,55.56,2.13,58.0
350,232306,Bundesliga,23/24,RB Leipzig,Timo Werner,Forward,6.67,0.88,1.04,0.88,3.97,2.65,0.44,22.22,2.21,55.56,0.88,0.0,0.0,0.0,0.88,0.0,0.0,0.0,0.44,0.44,100.0,0.0,0.0,0.0,0.88,0.44,0.0,0,0.0,0.0,0.0,0.0,0.0,0.0,0.0,0.0,0.0,0.88,35.29,24.71,10.59,70.0,7.5,18.09,7.94,0.88,50.0,0.88,50.0,8,2,204,0.0,0.0,0.88,0.0,17.21,2.21,3.09,35.0,3.09,38.89,0.0,0.0
351,359236,Bundesliga,23/24,FC Union Berlin,Chris Bedia,Forward,6.67,0.62,0.12,0.0,1.88,0.62,0.0,33.33,1.25,100.0,0.62,0.0,0.0,0.62,0.0,0.0,0.0,0.0,0.0,0.0,0.0,0.0,0.0,0.0,1.25,0.0,1.25,0,0.62,0.0,0.0,0.0,0.0,0.0,0.0,0.0,0.0,1.88,12.5,8.75,3.75,70.0,1.25,7.5,4.38,0.0,0.0,0.0,0.0,7,0,144,0.0,0.0,4.38,1.25,8.12,0.62,5.62,39.13,3.12,45.45,2.5,33.33
352,149731,Bundesliga,23/24,Borussia Dortmund,Sébastien Haller,Forward,6.67,0.0,0.21,0.0,1.57,0.45,0.45,0.0,0.9,80.0,0.0,0.0,0.0,0.0,0.0,0.0,0.67,0.0,0.0,0.0,0.0,0.0,0.0,0.0,0.22,0.0,1.57,0,0.0,0.0,0.0,0.22,0.0,0.0,0.0,0.22,0.0,1.12,25.75,17.46,8.28,67.83,6.04,11.42,8.96,0.0,0.0,0.45,100.0,14,5,402,0.45,0.0,1.79,2.24,12.09,0.9,7.61,50.75,2.91,56.52,4.7,47.73
353,1196903,Bundesliga,23/24,Eintracht Frankfurt,Nacho Ferri,Forward,6.67,1.07,1.26,1.07,5.36,2.14,0.0,20.0,0.0,0.0,1.07,0.0,0.0,0.0,1.07,0.0,0.0,0.0,0.0,0.0,0.0,0.0,0.0,0.0,3.21,0.0,2.14,0,1.07,0.0,0.0,0.0,0.0,0.0,0.0,0.0,0.0,1.07,26.79,13.93,12.86,52.0,5.36,8.57,5.36,0.0,0.0,0.0,0.0,8,0,84,0.0,0.0,1.07,2.14,23.57,2.14,15.0,50.0,5.36,50.0,9.64,50.0
354,254449,Bundesliga,23/24,Borussia M'gladbach,Marvin Friedrich,Defender,6.67,0.0,0.03,0.11,0.69,0.11,0.46,0.0,0.11,66.67,0.0,0.0,0.0,0.0,0.0,0.06,0.0,0.0,0.0,0.0,0.0,0.0,0.0,0.0,1.32,0.98,4.93,0,0.46,0.0,0.0,0.0,0.0,0.11,0.0,0.0,0.0,0.29,50.48,42.33,8.15,83.86,33.21,9.12,2.29,0.0,0.0,1.61,26.17,24,17,1569,0.06,0.0,0.57,0.57,9.29,0.06,4.13,64.86,1.95,62.96,2.18,66.67
355,1131339,Bundesliga,23/24,SC Freiburg,Jordy Makengo,Defender,6.67,0.0,0.02,0.0,0.26,0.0,0.26,0.0,1.05,54.55,0.0,0.0,0.0,0.0,0.0,0.0,0.09,0.0,0.0,0.0,0.0,0.0,0.0,0.0,1.49,0.96,3.07,0,0.35,0.0,0.0,0.18,0.0,0.26,0.0,0.0,0.0,0.44,40.75,34.79,5.96,85.38,17.61,17.61,7.8,0.44,21.74,1.31,39.47,20,10,1027,0.09,0.0,1.23,0.96,10.95,0.44,5.0,54.81,3.51,56.34,1.49,51.52
356,113920,Bundesliga,23/24,Borussia M'gladbach,Stefan Lainer,Defender,6.67,0.0,0.02,0.12,0.36,0.0,0.36,0.0,0.24,25.0,0.0,0.0,0.0,0.0,0.0,0.12,0.12,0.0,0.0,0.0,0.0,0.0,0.0,0.0,2.76,0.6,2.76,0,1.2,0.0,0.0,0.0,0.0,0.0,0.12,0.12,0.0,0.96,48.18,38.33,9.85,79.55,21.63,17.18,8.41,0.48,21.05,1.56,33.33,15,8,749,0.24,0.0,0.96,0.84,15.38,0.48,4.69,49.37,3.85,53.33,0.84,36.84
357,110508,Bundesliga,23/24,FC Köln,Mark Uth,Midfielder,6.67,0.0,0.5,0.98,2.93,1.22,0.49,0.0,0.98,44.44,0.0,0.0,0.0,0.0,0.0,0.0,0.0,0.0,0.0,0.0,0.0,0.0,0.24,0.0,1.95,0.24,0.24,0,1.95,0.0,0.0,0.0,0.0,0.0,0.49,0.24,0.0,2.44,32.93,24.88,8.05,75.56,10.49,16.1,9.51,1.71,22.58,1.46,54.55,11,3,369,0.49,0.0,2.2,2.93,20.98,1.95,6.59,46.55,5.85,46.15,0.73,50.0
358,893962,Bundesliga,23/24,FC Heidenheim,Lennard Maloney,Midfielder,6.67,0.04,0.03,0.12,0.55,0.12,0.23,7.14,0.23,75.0,0.04,0.0,0.04,0.0,0.0,0.0,0.0,0.0,0.0,0.0,0.0,0.0,0.0,0.0,1.68,0.98,3.21,0,1.33,0.0,0.0,0.08,0.04,0.16,0.08,0.04,0.0,0.31,36.51,27.2,9.31,74.49,17.84,9.35,4.07,0.0,0.0,2.5,42.67,29,27,2300,0.04,0.0,1.72,0.59,10.84,0.43,5.13,48.52,2.39,40.67,2.74,58.33
359,988252,Bundesliga,23/24,FC Heidenheim,Tim Siersleben,Defender,6.66,0.0,0.02,0.0,0.3,0.0,0.3,0.0,0.0,0.0,0.0,0.0,0.0,0.0,0.0,0.0,0.0,0.0,0.0,0.0,0.0,0.0,0.0,0.0,2.66,2.07,2.86,0,1.18,0.0,0.1,0.2,0.0,0.1,0.2,0.0,0.0,0.3,54.55,44.61,9.95,81.77,30.82,13.79,4.33,0.0,0.0,5.02,45.95,14,10,914,0.1,0.0,1.58,0.49,11.23,0.2,4.43,52.33,3.15,51.61,1.28,54.17
360,1002920,Bundesliga,23/24,Borussia M'gladbach,Joe Scally,Defender,6.66,0.04,0.02,0.04,0.44,0.04,0.32,9.09,0.44,35.48,0.0,0.04,0.0,0.0,0.04,0.0,0.04,0.0,0.0,0.0,0.0,0.0,0.0,0.0,1.65,0.72,2.85,0,0.68,0.0,0.08,0.0,0.0,0.12,0.12,0.16,0.0,0.64,42.47,34.76,7.71,81.85,22.12,13.09,5.02,0.44,23.91,1.53,38.38,31,25,2242,0.16,0.0,0.64,1.85,13.09,0.84,4.82,53.57,3.93,57.65,0.88,40.74
361,168861,Bundesliga,23/24,FC Heidenheim,Marnon Busch,Defender,6.66,0.0,0.02,0.0,0.74,0.15,0.59,0.0,0.44,75.0,0.0,0.0,0.0,0.0,0.0,0.0,0.0,0.0,0.0,0.0,0.0,0.0,0.15,0.0,1.63,1.48,1.48,0,0.74,0.0,0.0,0.0,0.0,0.15,0.0,0.0,0.0,0.74,45.44,34.19,11.25,75.24,18.36,16.13,8.88,0.3,7.69,4.14,49.12,16,5,608,0.15,0.0,1.33,0.59,19.84,0.15,3.85,45.61,2.66,52.94,1.18,34.78
362,343971,Bundesliga,23/24,FSV Mainz 05,Ludovic Ajorque,Forward,6.66,0.13,0.34,0.58,1.88,0.71,0.84,6.9,0.13,20.0,0.13,0.0,0.13,0.0,0.0,0.13,0.32,0.0,0.13,0.0,0.0,0.0,0.0,0.0,0.19,0.26,0.65,0,0.58,0.0,0.0,0.0,0.0,0.06,0.0,0.0,0.0,1.04,29.05,20.62,8.43,70.98,8.62,12.0,6.74,0.0,0.0,0.58,56.25,26,15,1388,0.26,0.0,1.82,0.97,12.71,0.65,6.35,40.66,1.23,26.76,5.12,46.47
363,991604,Bundesliga,23/24,RB Leipzig,Fabio Carvalho,Forward,6.66,0.0,0.1,0.0,1.43,0.95,0.0,0.0,1.43,50.0,0.0,0.0,0.0,0.0,0.0,0.0,0.0,0.0,0.0,0.0,0.0,0.0,0.0,0.0,1.43,0.0,0.48,0,0.95,0.0,0.0,0.0,0.0,0.0,0.0,0.0,0.0,0.95,40.48,33.33,7.14,82.35,11.9,21.9,15.71,0.48,16.67,0.0,0.0,9,1,189,0.0,0.0,0.0,1.43,15.71,0.95,5.24,52.38,4.29,56.25,0.95,40.0
364,138143,Bundesliga,23/24,FC Heidenheim,Nikola Dovedan,Midfielder,6.66,0.41,0.26,0.0,1.92,0.68,0.27,21.43,1.1,38.1,0.41,0.0,0.14,0.0,0.27,0.0,0.0,0.0,0.0,0.0,0.0,0.0,0.0,0.0,1.92,0.14,0.41,0,2.74,0.0,0.0,0.0,0.0,0.0,0.27,0.14,0.0,1.1,26.3,16.71,9.59,63.54,5.89,10.96,6.03,0.14,12.5,0.96,30.43,21,5,657,0.0,0.14,1.37,3.29,18.36,2.05,7.12,38.52,6.3,44.23,0.82,19.35
365,35976,Bundesliga,23/24,VfL Wolfsburg,Pavao Pervan,Goalkeeper,6.66,0.0,0.0,0.0,0.0,0.0,0.0,0.0,0.0,0.0,0.0,0.0,0.0,0.0,0.0,0.0,0.0,0.0,0.0,0.0,0.0,0.0,0.0,0.0,0.0,0.0,0.56,0,0.0,0.0,0.0,0.0,0.0,0.22,0.0,0.0,0.0,0.0,29.0,21.11,7.89,72.8,18.22,2.89,0.44,0.0,0.0,6.0,45.0,9,9,810,0.11,0.0,0.0,0.11,7.89,0.0,0.22,100.0,0.0,0.0,0.22,100.0
366,1390682,Bundesliga,23/24,FC Augsburg,Mert Kömür,Midfielder,6.65,0.78,0.16,0.0,1.55,0.78,0.0,50.0,0.0,0.0,0.78,0.0,0.0,0.0,0.78,0.0,0.0,0.0,0.0,0.0,0.0,0.0,0.0,0.0,2.33,0.0,0.78,0,1.55,0.0,0.0,0.0,0.0,0.0,0.0,0.0,0.0,0.78,24.83,21.72,3.1,87.5,3.88,18.62,9.31,0.78,100.0,0.0,0.0,4,1,116,0.0,0.0,1.55,1.55,8.53,1.55,3.88,33.33,3.88,35.71,0.0,0.0
367,983540,Bundesliga,23/24,VfL Wolfsburg,Tiago Tomás,Forward,6.65,0.09,0.23,0.26,2.33,0.86,0.69,3.7,1.81,42.86,0.09,0.0,0.0,0.0,0.09,0.09,0.26,0.0,0.0,0.0,0.0,0.0,0.0,0.0,0.43,0.26,0.69,0,0.43,0.0,0.0,0.0,0.0,0.0,0.17,0.09,0.0,0.86,21.42,15.2,6.22,70.97,6.22,9.33,5.01,0.35,14.29,0.26,30.0,26,11,1042,0.26,0.0,1.04,2.25,17.27,1.99,5.79,45.58,4.49,44.07,1.3,51.72
368,146500,Bundesliga,23/24,FC Union Berlin,Jérôme Roussillon,Defender,6.65,0.0,0.04,0.12,0.82,0.47,0.0,0.0,0.58,50.0,0.0,0.0,0.0,0.0,0.0,0.0,0.0,0.0,0.0,0.0,0.0,0.0,0.0,0.0,1.86,0.58,2.79,0,0.47,0.0,0.0,0.0,0.0,0.0,0.12,0.12,0.0,0.93,29.34,22.12,7.22,75.4,11.06,11.64,6.75,0.58,23.81,1.4,40.0,23,8,773,0.23,0.0,0.47,1.16,14.44,0.93,4.66,57.97,3.61,59.62,1.05,52.94
369,920022,Bundesliga,23/24,FC Heidenheim,Omar Haktab Traore,Defender,6.65,0.0,0.01,0.0,0.4,0.04,0.18,0.0,0.73,43.48,0.0,0.0,0.0,0.0,0.0,0.0,0.04,0.0,0.0,0.0,0.0,0.0,0.0,0.0,2.18,1.46,1.64,0,0.87,0.0,0.04,0.04,0.0,0.07,0.07,0.07,0.04,0.73,31.72,23.5,8.22,74.08,12.59,11.57,5.82,0.65,24.66,1.46,30.53,31,29,2474,0.18,0.0,1.09,1.13,16.22,0.62,4.58,52.72,3.97,53.69,0.62,47.22
370,940393,Bundesliga,23/24,FC Augsburg,Maximilian Bauer,Defender,6.65,0.11,0.15,0.11,0.45,0.11,0.11,25.0,0.22,66.67,0.11,0.0,0.0,0.0,0.11,0.0,0.0,0.0,0.0,0.0,0.0,0.0,0.0,0.0,2.12,1.23,3.23,0,0.89,0.0,0.11,0.0,0.0,0.0,0.0,0.0,0.0,0.0,52.91,46.11,6.79,87.16,34.2,11.92,4.46,0.0,0.0,2.34,44.68,14,9,808,0.33,0.0,1.45,1.23,8.35,0.0,5.46,55.68,3.45,58.49,2.0,51.43
371,988203,Bundesliga,23/24,FC Köln,Rasmus Carstensen,Midfielder,6.65,0.0,0.05,0.05,0.54,0.22,0.16,0.0,0.71,52.0,0.0,0.0,0.0,0.0,0.0,0.0,0.16,0.0,0.0,0.0,0.0,0.0,0.0,0.0,2.55,1.08,2.6,0,1.36,0.0,0.11,0.05,0.0,0.05,0.27,0.0,0.0,0.87,33.47,24.2,9.28,72.29,11.93,12.86,6.51,0.6,18.97,0.98,33.33,23,18,1659,0.0,0.05,1.19,0.71,16.65,1.19,4.83,47.34,3.91,47.37,0.92,47.22
372,973431,Bundesliga,23/24,FC Union Berlin,Brenden Aaronson,Midfielder,6.65,0.14,0.14,0.14,1.27,0.49,0.42,11.11,2.39,45.33,0.14,0.0,0.0,0.07,0.07,0.0,0.35,0.0,0.0,0.0,0.0,0.0,0.0,0.0,2.25,0.14,0.21,0,1.12,0.0,0.0,0.0,0.0,0.0,0.28,0.14,0.0,1.55,30.52,24.47,6.05,80.18,8.93,15.89,9.28,0.35,22.73,0.63,64.29,30,14,1280,0.07,0.07,1.05,1.76,16.1,2.67,7.31,45.41,6.4,45.73,0.91,43.33
373,254119,Bundesliga,23/24,Borussia Dortmund,Marius Wolf,Midfielder,6.65,0.0,0.06,0.15,0.69,0.08,0.38,0.0,0.84,50.0,0.0,0.0,0.0,0.0,0.0,0.0,0.08,0.0,0.0,0.0,0.0,0.0,0.0,0.0,1.53,0.61,1.23,0,0.92,0.0,0.0,0.08,0.0,0.0,0.23,0.08,0.0,0.84,55.66,43.39,12.27,77.96,21.24,23.07,11.12,0.92,26.67,2.07,35.06,22,12,1174,0.15,0.0,0.92,0.54,18.94,0.38,3.37,49.44,2.91,50.67,0.46,42.86
374,845742,Bundesliga,23/24,FC Heidenheim,Adrian Beck,Midfielder,6.65,0.09,0.16,0.19,1.11,0.28,0.56,8.33,1.95,61.76,0.09,0.0,0.0,0.09,0.0,0.09,0.19,0.0,0.0,0.0,0.0,0.0,0.0,0.0,2.04,0.37,1.39,0,1.39,0.0,0.0,0.0,0.0,0.0,0.19,0.09,0.0,1.02,39.11,28.73,10.38,73.46,14.0,14.74,8.9,0.0,0.0,1.39,48.39,23,11,971,0.09,0.0,1.3,0.93,16.41,1.67,6.58,45.22,4.82,47.27,1.76,40.43
375,830551,Bundesliga,23/24,VfL Wolfsburg,Rogério,Defender,6.65,0.1,0.03,0.1,0.4,0.2,0.2,25.0,0.4,23.53,0.1,0.0,0.0,0.1,0.0,0.0,0.0,0.0,0.0,0.0,0.0,0.0,0.0,0.0,1.38,0.49,1.68,0,0.4,0.0,0.1,0.0,0.0,0.0,0.0,0.0,0.0,0.59,42.23,35.01,7.22,82.9,16.81,19.19,7.81,0.99,37.04,1.48,42.86,13,10,910,0.0,0.0,0.69,1.19,12.96,0.79,3.66,44.58,2.87,47.54,0.79,36.36
376,975800,Bundesliga,23/24,FC Union Berlin,Benedict Hollerbach,Forward,6.64,0.35,0.24,0.28,2.37,0.7,0.56,14.71,2.09,42.25,0.21,0.14,0.0,0.14,0.21,0.07,0.35,0.0,0.0,0.0,0.0,0.0,0.0,0.0,1.19,0.28,0.14,0,1.05,0.0,0.0,0.0,0.0,0.0,0.14,0.0,0.0,0.98,24.16,16.9,7.26,69.94,6.21,11.31,6.14,0.63,20.45,0.7,62.5,28,15,1289,0.14,0.0,2.02,1.4,21.57,3.63,5.93,32.95,4.61,32.84,1.33,33.33
377,171927,Bundesliga,23/24,SC Freiburg,Maximilian Philipp,Forward,6.64,0.26,0.13,0.0,2.33,0.78,1.03,11.11,0.0,0.0,0.26,0.0,0.0,0.0,0.26,0.26,0.0,0.0,0.0,0.0,0.0,0.0,0.0,0.0,2.07,0.26,0.78,0,1.29,0.0,0.0,0.0,0.0,0.0,0.26,0.0,0.0,0.78,27.16,20.69,6.47,76.19,8.53,12.41,6.47,0.26,25.0,0.0,0.0,17,1,348,0.52,0.0,2.59,0.78,11.64,1.81,4.66,33.33,2.84,34.38,1.81,31.82
378,286103,Bundesliga,23/24,SV Werder Bremen,Dawid Kownacki,Forward,6.64,0.0,0.28,0.43,4.11,0.87,1.95,0.0,0.43,66.67,0.0,0.0,0.0,0.0,0.0,0.22,0.22,0.0,0.0,0.0,0.0,0.0,0.0,0.0,0.22,0.0,0.22,0,0.65,0.0,0.0,0.0,0.0,0.0,0.0,0.0,0.0,1.08,22.28,14.5,7.79,65.05,3.68,10.82,6.49,0.0,0.0,0.0,0.0,22,3,416,0.0,0.0,1.95,1.95,13.85,1.08,8.87,46.59,2.6,40.0,6.27,50.0
379,206620,Bundesliga,23/24,FC Heidenheim,Florian Pick,Midfielder,6.64,0.0,0.07,0.0,2.05,0.26,1.02,0.0,2.81,45.83,0.0,0.0,0.0,0.0,0.0,0.26,0.26,0.0,0.0,0.0,0.0,0.0,0.0,0.0,1.02,0.51,0.26,0,0.26,0.0,0.0,0.0,0.0,0.0,0.51,0.26,0.0,2.3,37.07,26.59,10.48,71.72,7.67,21.48,12.02,2.56,31.25,1.28,35.71,22,1,352,0.51,0.0,1.53,1.79,23.78,1.79,6.9,45.76,5.62,44.9,1.28,50.0
380,838232,Bundesliga,23/24,RB Leipzig,Eljif Elmas,Midfielder,6.64,0.0,0.25,0.31,3.1,1.24,1.24,0.0,1.55,62.5,0.0,0.0,0.0,0.0,0.0,0.31,0.0,0.0,0.0,0.0,0.0,0.0,0.31,0.0,2.48,0.31,0.62,0,0.62,0.0,0.0,0.0,0.0,0.0,0.0,0.0,0.0,0.62,36.0,30.41,5.59,84.48,11.17,19.24,11.48,0.0,0.0,0.31,25.0,14,2,290,0.0,0.0,1.24,1.24,10.86,1.86,5.28,50.0,5.28,54.84,0.0,0.0
381,1152499,Bundesliga,23/24,TSG Hoffenheim,Tim Drexler,Defender,6.63,0.0,0.0,0.0,0.0,0.0,0.0,0.0,0.16,25.0,0.0,0.0,0.0,0.0,0.0,0.16,0.0,0.0,0.0,0.0,0.0,0.0,0.0,0.0,2.51,1.26,2.2,0,1.41,0.0,0.0,0.0,0.0,0.0,0.0,0.0,0.0,0.16,54.5,49.32,5.18,90.49,35.65,13.66,2.51,0.0,0.0,1.1,38.89,8,6,573,0.16,0.0,0.63,0.79,6.75,0.16,3.93,44.64,3.46,56.41,0.47,17.65
382,40323,Bundesliga,23/24,SV Werder Bremen,Christian Groß,Defender,6.63,0.0,0.04,0.0,0.43,0.11,0.22,0.0,0.22,66.67,0.0,0.0,0.0,0.0,0.0,0.0,0.22,0.0,0.0,0.0,0.0,0.0,0.0,0.0,2.28,1.41,2.93,0,1.52,0.0,0.11,0.11,0.0,0.0,0.0,0.11,0.0,0.87,52.92,46.08,6.83,87.09,28.73,17.46,6.07,0.11,12.5,1.3,41.38,20,8,830,0.11,0.0,1.63,0.54,9.43,0.43,4.77,42.31,3.04,46.67,1.73,36.36
383,856668,Bundesliga,23/24,FC Union Berlin,Paul Jaeckel,Defender,6.63,0.0,0.0,0.0,0.0,0.0,0.0,0.0,0.0,0.0,0.0,0.0,0.0,0.0,0.0,0.0,0.0,0.0,0.0,0.0,0.0,0.0,0.0,0.0,2.59,1.48,2.59,0,1.48,0.0,0.0,0.0,0.0,0.0,0.0,0.0,0.0,0.74,49.63,44.44,5.19,89.55,31.11,13.33,2.96,0.0,0.0,5.93,66.67,6,2,243,0.0,0.0,0.0,0.74,6.3,0.37,5.19,66.67,3.33,64.29,1.85,71.43
384,856594,Bundesliga,23/24,FSV Mainz 05,Aymen Barkok,Midfielder,6.63,0.28,0.47,0.84,3.34,1.95,0.84,8.33,0.56,33.33,0.28,0.0,0.0,0.28,0.0,0.0,0.0,0.0,0.28,0.0,0.0,0.0,0.0,0.0,2.51,0.56,0.28,0,0.84,0.0,0.0,0.0,0.0,0.0,0.0,0.0,0.0,1.39,45.42,30.09,15.33,66.26,9.75,21.18,11.98,0.84,23.08,1.67,50.0,13,1,323,0.56,0.0,4.18,0.84,24.8,1.39,6.97,37.88,3.9,34.15,3.07,44.0
385,825740,Bundesliga,23/24,FC Union Berlin,Alex Král,Midfielder,6.63,0.0,0.11,0.13,1.18,0.33,0.59,0.0,0.33,50.0,0.0,0.0,0.0,0.0,0.0,0.0,0.13,0.0,0.0,0.0,0.0,0.0,0.0,0.0,1.24,0.72,1.83,0,0.79,0.0,0.0,0.0,0.0,0.13,0.07,0.0,0.0,0.33,29.52,21.47,8.05,72.73,10.6,11.06,5.43,0.2,17.65,1.05,36.36,24,13,1375,0.13,0.0,1.05,0.85,11.78,0.79,3.47,46.9,2.42,46.25,1.05,48.48
386,122578,Bundesliga,23/24,FC Heidenheim,Denis Thomalla,Midfielder,6.63,0.0,0.06,0.0,0.61,0.0,0.0,0.0,0.41,100.0,0.0,0.0,0.0,0.0,0.0,0.0,0.0,0.0,0.0,0.0,0.0,0.0,0.0,0.0,1.82,0.81,2.23,0,1.22,0.0,0.0,0.0,0.0,0.0,0.2,0.0,0.0,0.81,37.91,28.78,9.12,75.94,11.96,17.03,7.3,0.2,50.0,2.03,71.43,21,3,444,0.0,0.0,1.22,0.41,10.74,0.81,6.28,49.21,2.64,44.83,3.65,52.94
387,1127790,Bundesliga,23/24,VfL Wolfsburg,Dženan Pejčinović,Forward,6.63,0.0,0.25,0.0,4.19,0.0,2.09,0.0,0.0,0.0,0.0,0.0,0.0,0.0,0.0,0.0,0.0,0.0,0.0,0.0,0.0,0.0,0.0,0.0,0.0,0.0,0.0,0,0.0,0.0,0.0,0.0,0.0,0.0,0.0,0.0,0.0,4.19,20.93,12.56,8.37,60.0,4.19,8.37,4.19,0.0,0.0,0.0,0.0,4,0,43,2.09,0.0,4.19,0.0,10.47,0.0,2.09,20.0,0.0,0.0,2.09,25.0
388,914857,Bundesliga,23/24,FC Augsburg,Pep Biel,Midfielder,6.63,0.0,0.32,0.64,1.93,0.32,0.64,0.0,1.93,85.71,0.0,0.0,0.0,0.0,0.0,0.0,0.0,0.0,0.0,0.0,0.0,0.0,0.0,0.0,1.29,0.64,0.64,0,0.64,0.0,0.0,0.0,0.0,0.0,0.0,0.0,0.0,1.29,35.04,30.54,4.5,87.16,11.57,20.25,13.5,1.29,28.57,1.93,66.67,11,0,280,0.32,0.0,2.57,0.0,12.86,0.32,4.18,48.15,3.21,50.0,0.96,42.86
389,914877,Bundesliga,23/24,Darmstadt 98,Fraser Hornby,Midfielder,6.63,0.0,0.27,0.41,4.09,0.82,2.05,0.0,0.41,25.0,0.0,0.0,0.0,0.0,0.0,0.0,0.41,0.0,0.0,0.0,0.0,0.0,0.0,0.0,0.0,0.0,1.64,0,0.41,0.0,0.0,0.0,0.0,0.0,0.82,0.0,0.0,2.05,22.91,13.5,9.41,58.93,4.09,9.82,5.73,0.41,25.0,0.41,100.0,7,1,220,0.41,0.0,2.05,0.41,15.95,1.64,5.32,33.33,0.82,14.29,4.5,44.0
390,1030711,Bundesliga,23/24,TSG Hoffenheim,David Jurásek,Defender,6.63,0.0,0.03,0.0,0.92,0.37,0.37,0.0,0.55,25.0,0.0,0.0,0.0,0.0,0.0,0.0,0.0,0.0,0.0,0.0,0.0,0.0,0.0,0.0,2.57,0.55,3.86,0,1.84,0.0,0.18,0.0,0.0,0.0,0.18,0.18,0.0,1.1,33.8,22.96,10.84,67.93,11.76,12.12,5.51,0.92,20.83,0.73,19.05,13,4,490,0.18,0.0,0.55,0.18,19.84,0.18,4.22,46.94,3.31,43.9,0.92,62.5
391,1049628,Bundesliga,23/24,Darmstadt 98,Andreas Müller,Midfielder,6.63,0.0,0.03,0.0,0.79,0.26,0.53,0.0,0.0,0.0,0.0,0.0,0.0,0.0,0.0,0.0,0.0,0.0,0.0,0.0,0.0,0.0,0.0,0.0,3.7,1.06,1.06,0,1.32,0.0,0.0,0.0,0.0,0.0,0.0,0.0,0.0,0.26,43.55,33.78,9.77,77.58,18.48,15.31,7.13,0.0,0.0,0.53,18.18,11,2,341,0.79,0.0,1.32,1.06,12.4,0.53,5.54,58.33,4.49,54.84,1.06,80.0
392,1146091,Bundesliga,23/24,FC Köln,Damion Downs,Forward,6.62,1.01,0.52,0.5,2.51,1.01,0.5,40.0,0.5,25.0,1.01,0.0,0.5,0.5,0.0,0.5,0.0,0.0,0.0,0.0,0.0,0.0,0.0,0.0,0.5,0.0,0.5,0,0.5,0.0,0.0,0.0,0.0,0.0,0.0,0.0,0.0,0.0,17.09,11.56,5.53,67.65,3.52,8.55,4.53,0.5,100.0,1.01,100.0,10,0,179,0.0,0.0,0.5,0.0,9.55,0.5,1.51,20.0,1.01,25.0,0.5,14.29
393,994197,Bundesliga,23/24,FC Köln,Faride Alidou,Forward,6.62,0.28,0.21,0.49,2.31,0.77,0.7,12.12,1.68,38.71,0.28,0.0,0.14,0.0,0.14,0.14,0.21,0.07,0.0,0.0,0.0,0.0,0.0,0.0,0.7,0.56,0.91,0,0.98,0.07,0.0,0.07,0.0,0.0,0.0,0.0,0.0,0.98,18.15,12.9,5.26,71.04,4.91,8.41,4.91,0.42,15.38,0.7,41.67,26,14,1284,0.28,0.0,1.47,1.61,15.63,1.89,5.26,37.13,4.0,36.77,1.26,38.3
394,168897,Bundesliga,23/24,RB Leipzig,Christopher Lenz,Midfielder,6.62,0.0,0.0,0.0,0.0,0.0,0.0,0.0,0.0,0.0,0.0,0.0,0.0,0.0,0.0,0.0,0.0,0.0,0.0,0.0,0.0,0.0,0.0,0.0,4.74,3.16,4.74,0,0.0,0.0,0.0,0.0,0.0,0.0,0.0,0.0,0.0,1.58,69.47,55.26,14.21,79.55,34.74,20.53,15.79,0.0,0.0,1.58,16.67,6,0,57,0.0,0.0,3.16,1.58,28.42,1.58,9.47,60.0,6.32,57.14,3.16,66.67
395,138159,Bundesliga,23/24,Darmstadt 98,Fabian Schnellhardt,Midfielder,6.62,0.0,0.08,0.0,1.86,0.74,0.37,0.0,0.37,50.0,0.0,0.0,0.0,0.0,0.0,0.0,0.0,0.0,0.0,0.0,0.0,0.0,0.37,0.0,1.49,1.49,1.86,0,0.74,0.0,0.0,0.0,0.0,0.0,0.0,0.0,0.0,0.74,62.48,54.67,7.81,87.5,27.89,27.52,12.64,0.74,50.0,2.6,70.0,10,2,242,0.37,0.0,0.74,1.12,10.41,0.74,3.35,50.0,2.98,57.14,0.37,25.0
396,795000,Bundesliga,23/24,VfL Bochum 1848,Felix Passlack,Midfielder,6.62,0.19,0.08,0.0,1.3,0.28,0.56,14.29,0.56,66.67,0.19,0.0,0.0,0.0,0.19,0.0,0.19,0.0,0.0,0.0,0.0,0.0,0.0,0.0,1.95,0.93,1.67,0,0.93,0.0,0.0,0.0,0.0,0.0,0.28,0.19,0.0,1.3,25.12,16.31,8.81,64.94,7.6,9.45,5.19,0.74,20.0,1.3,30.43,15,13,971,0.19,0.09,1.3,1.2,15.85,0.37,4.26,54.12,3.52,55.88,0.74,47.06
397,785989,Bundesliga,23/24,Bayer 04 Leverkusen,Borja Iglesias,Forward,6.61,0.0,0.49,1.07,2.86,1.07,0.71,0.0,0.0,0.0,0.0,0.0,0.0,0.0,0.0,0.36,0.36,0.0,0.0,0.0,0.0,0.0,0.0,0.0,0.36,0.36,0.36,0,0.36,0.0,0.0,0.0,0.0,0.36,0.36,0.0,0.0,1.07,26.07,20.71,5.36,79.45,3.57,17.14,12.14,0.0,0.0,0.0,0.0,7,2,252,0.0,0.0,0.71,1.07,10.36,2.14,2.86,33.33,1.43,28.57,1.43,40.0
398,1064082,Bundesliga,23/24,SC Freiburg,Merlin Röhl,Midfielder,6.61,0.12,0.12,0.3,1.45,0.48,0.54,8.33,1.27,60.0,0.12,0.0,0.0,0.0,0.12,0.0,0.12,0.0,0.0,0.0,0.0,0.0,0.0,0.0,1.27,0.54,1.33,0,0.79,0.0,0.0,0.0,0.0,0.18,0.3,0.18,0.06,1.21,26.73,21.59,5.14,80.77,8.23,13.85,7.86,0.48,50.0,0.73,50.0,24,17,1488,0.18,0.06,2.12,1.69,12.34,2.54,5.5,40.27,4.17,39.88,1.33,41.51
399,187207,Bundesliga,23/24,VfL Bochum 1848,Matúš Bero,Midfielder,6.61,0.05,0.16,0.32,1.62,0.32,0.86,3.33,0.22,22.22,0.05,0.0,0.0,0.0,0.05,0.0,0.27,0.05,0.0,0.0,0.0,0.0,0.0,0.0,1.72,0.65,1.35,0,1.02,0.0,0.0,0.0,0.0,0.0,0.22,0.05,0.0,0.59,26.46,18.22,8.25,68.84,7.76,10.62,5.93,0.16,18.75,1.08,41.67,24,20,1670,0.32,0.0,2.05,1.08,13.04,0.92,3.66,35.6,3.02,40.0,0.65,23.53
400,1138778,Bundesliga,23/24,VfL Bochum 1848,Tim Oermann,Defender,6.61,0.0,0.01,0.0,0.62,0.0,0.25,0.0,0.62,50.0,0.0,0.0,0.0,0.0,0.0,0.0,0.0,0.0,0.0,0.0,0.0,0.0,0.0,0.0,2.36,0.25,2.6,0,0.62,0.0,0.0,0.0,0.0,0.12,0.0,0.0,0.0,0.5,23.43,15.12,8.31,64.55,6.82,8.68,4.34,0.37,37.5,1.86,46.88,16,8,726,0.25,0.0,0.99,0.99,12.64,0.62,4.83,52.7,3.84,57.41,0.99,40.0
401,149479,Bundesliga,23/24,FC Union Berlin,Rani Khedira,Midfielder,6.61,0.0,0.03,0.07,0.2,0.07,0.0,0.0,0.27,57.14,0.0,0.0,0.0,0.0,0.0,0.0,0.07,0.0,0.0,0.0,0.0,0.0,0.0,0.0,2.32,1.46,2.39,0,0.6,0.0,0.0,0.07,0.0,0.27,0.0,0.0,0.0,0.33,29.34,21.77,7.57,74.21,13.21,8.63,3.65,0.07,16.67,0.93,28.0,20,18,1356,0.33,0.07,1.66,0.93,9.62,0.6,4.78,53.73,3.52,54.64,1.26,51.35
402,15444,Bundesliga,23/24,FC Union Berlin,Leonardo Bonucci,Defender,6.61,0.19,0.15,0.0,0.19,0.19,0.0,100.0,0.19,50.0,0.19,0.0,0.0,0.0,0.19,0.0,0.0,0.0,0.19,0.19,100.0,0.0,0.0,0.0,1.17,1.36,3.11,0,0.0,0.0,0.0,0.19,0.0,0.0,0.19,0.0,0.0,0.39,46.07,35.96,10.11,78.06,22.94,13.22,4.08,0.19,16.67,4.28,38.6,7,6,463,0.0,0.0,0.39,0.19,11.86,0.0,2.53,56.52,1.56,72.73,0.97,41.67
403,1403018,Bundesliga,23/24,Eintracht Frankfurt,Elias Baum,Defender,6.6,0.0,0.0,0.0,0.0,0.0,0.0,0.0,0.0,0.0,0.0,0.0,0.0,0.0,0.0,0.0,0.0,0.0,0.0,0.0,0.0,0.0,0.0,0.0,2.31,0.0,0.0,0,0.0,0.0,0.0,0.0,0.0,0.0,0.0,0.0,0.0,0.0,30.0,23.08,6.92,76.92,13.85,9.23,0.0,0.0,0.0,0.0,0.0,4,0,39,0.0,0.0,2.31,0.0,20.77,2.31,2.31,20.0,2.31,20.0,0.0,0.0
404,787931,Bundesliga,23/24,SV Werder Bremen,Nicolai Rapp,Defender,6.6,0.0,0.0,0.0,0.0,0.0,0.0,0.0,0.0,0.0,0.0,0.0,0.0,0.0,0.0,0.0,0.0,0.0,0.0,0.0,0.0,0.0,0.0,0.0,3.29,2.2,7.68,0,0.0,0.0,0.0,0.0,0.0,0.0,0.0,0.0,0.0,0.0,42.8,34.02,8.78,79.49,26.34,7.68,0.0,0.0,0.0,1.1,25.0,2,1,82,1.1,0.0,2.2,0.0,10.98,1.1,4.39,57.14,3.29,50.0,1.1,100.0
405,833213,Bundesliga,23/24,VfL Bochum 1848,Erhan Mašović,Defender,6.6,0.0,0.04,0.08,0.69,0.12,0.28,0.0,0.12,60.0,0.0,0.0,0.0,0.0,0.0,0.0,0.0,0.0,0.0,0.0,0.0,0.0,0.0,0.0,2.58,1.01,2.87,0,1.33,0.0,0.08,0.0,0.04,0.08,0.04,0.0,0.0,0.16,28.57,22.36,6.22,78.25,14.89,7.47,3.27,0.0,0.0,1.65,40.59,29,24,2230,0.28,0.0,0.89,0.61,7.51,0.24,4.72,50.21,3.31,56.55,1.41,39.77
406,1120914,Bundesliga,23/24,FC Bayern München,Lovro Zvonarek,Midfielder,6.6,0.55,0.04,0.55,0.55,0.55,0.0,100.0,0.55,33.33,0.55,0.0,0.0,0.0,0.55,0.0,0.55,0.0,0.0,0.0,0.0,0.0,0.0,0.0,0.0,0.0,1.1,0,2.76,0.0,0.0,0.0,0.0,0.0,0.0,0.0,0.55,1.66,32.58,27.61,4.97,84.75,12.15,15.46,11.04,0.0,0.0,0.0,0.0,5,1,163,0.0,0.0,1.66,0.0,8.83,0.55,1.66,15.79,0.55,8.33,1.1,28.57
407,163673,Bundesliga,23/24,Darmstadt 98,Klaus Gjasula,Midfielder,6.6,0.0,0.03,0.07,0.59,0.07,0.53,0.0,0.2,60.0,0.0,0.0,0.0,0.0,0.0,0.0,0.0,0.0,0.0,0.0,0.0,0.0,0.0,0.0,2.89,1.25,2.49,0,0.85,0.13,0.0,0.07,0.0,0.07,0.0,0.0,0.0,0.39,48.32,40.18,8.14,83.15,24.62,15.75,6.43,0.2,42.86,4.4,58.77,22,17,1371,0.46,0.07,1.51,0.72,9.58,0.39,6.04,56.44,3.81,56.86,2.23,55.74
408,794770,Bundesliga,23/24,FC Augsburg,Masaya Okugawa,Midfielder,6.6,0.0,0.0,0.0,0.0,0.0,0.0,0.0,0.0,0.0,0.0,0.0,0.0,0.0,0.0,0.0,0.0,0.0,0.0,0.0,0.0,0.0,0.0,0.0,0.0,0.0,3.0,0,0.0,0.0,0.0,0.0,0.0,0.0,0.0,0.0,0.0,0.0,27.0,18.0,9.0,66.67,3.0,15.0,12.0,0.0,0.0,0.0,0.0,2,0,30,0.0,0.0,0.0,0.0,12.0,0.0,3.0,100.0,0.0,0.0,3.0,100.0
409,877297,Bundesliga,23/24,VfL Bochum 1848,Lukas Daschner,Midfielder,6.6,0.16,0.38,0.65,2.12,0.98,0.82,7.69,1.96,60.0,0.16,0.0,0.0,0.0,0.16,0.16,0.0,0.0,0.0,0.0,0.0,0.0,0.0,0.0,1.47,0.33,0.16,0,0.82,0.0,0.0,0.0,0.0,0.0,0.16,0.16,0.0,1.63,25.48,16.5,8.98,64.74,4.08,13.07,7.68,0.65,20.0,0.0,0.0,20,3,551,0.33,0.0,0.65,1.47,17.15,1.31,5.72,48.61,4.9,54.55,0.82,29.41
410,253517,Bundesliga,23/24,Darmstadt 98,Gerrit Holtmann,Midfielder,6.6,0.0,0.14,0.23,3.25,1.16,1.16,0.0,1.62,53.85,0.0,0.0,0.0,0.0,0.0,0.0,0.0,0.0,0.0,0.0,0.0,0.0,0.0,0.0,1.86,0.46,0.93,0,0.7,0.23,0.0,0.0,0.0,0.0,0.0,0.0,0.0,1.16,30.39,23.43,6.96,77.1,6.49,16.93,11.37,0.0,0.0,1.16,55.56,10,2,388,0.23,0.0,1.86,0.46,17.86,3.02,5.1,37.29,3.94,36.17,1.16,41.67
411,924205,Bundesliga,23/24,VfL Bochum 1848,Moritz Broschinski,Forward,6.6,0.14,0.17,0.29,1.88,0.58,0.72,7.69,0.8,36.67,0.07,0.07,0.0,0.0,0.14,0.0,0.8,0.0,0.0,0.0,0.0,0.0,0.0,0.0,0.8,0.0,0.29,0,0.43,0.0,0.0,0.0,0.0,0.0,0.36,0.14,0.0,1.09,15.07,9.49,5.58,62.98,2.03,7.75,4.49,0.29,33.33,0.0,0.0,26,14,1242,0.29,0.0,2.32,0.94,13.91,2.54,5.0,26.44,2.32,26.67,2.68,26.24
412,1085199,Bundesliga,23/24,FSV Mainz 05,Marcus Müller,Forward,6.6,0.0,0.26,0.0,5.29,0.0,0.0,0.0,0.0,0.0,0.0,0.0,0.0,0.0,0.0,0.0,0.0,0.0,0.0,0.0,0.0,0.0,0.0,0.0,0.0,0.0,0.0,0,0.0,0.0,0.0,0.0,0.0,0.0,0.0,0.0,0.0,0.0,26.47,15.88,10.59,60.0,0.0,15.88,10.59,0.0,0.0,0.0,0.0,1,0,17,0.0,0.0,5.29,0.0,10.59,0.0,15.88,60.0,0.0,0.0,15.88,75.0
413,842215,Bundesliga,23/24,FC Köln,Florian Dietz,Forward,6.6,0.0,0.31,0.0,3.6,1.2,1.2,0.0,0.0,0.0,0.0,0.0,0.0,0.0,0.0,0.0,0.0,0.0,0.0,0.0,0.0,0.0,0.0,0.0,0.0,0.0,0.0,0,0.0,0.0,0.0,0.0,0.0,0.0,0.0,0.0,0.0,2.4,22.8,15.6,7.2,68.42,2.4,13.2,6.0,0.0,0.0,0.0,0.0,5,0,75,0.0,0.0,1.2,0.0,9.6,0.0,2.4,18.18,0.0,0.0,2.4,20.0
414,605552,Bundesliga,23/24,FC Augsburg,Irvin Cardona,Forward,6.6,0.0,0.35,0.0,5.29,0.0,3.53,0.0,0.0,0.0,0.0,0.0,0.0,0.0,0.0,0.0,0.0,0.0,0.0,0.0,0.0,0.0,0.0,0.0,1.76,0.0,1.76,0,3.53,0.0,0.0,0.0,0.0,0.0,0.0,0.0,0.0,0.0,12.35,8.82,3.53,71.43,1.76,8.82,7.06,1.76,16.67,0.0,0.0,3,0,51,1.76,0.0,1.76,0.0,17.65,0.0,3.53,25.0,1.76,20.0,1.76,33.33
415,837064,Bundesliga,23/24,Darmstadt 98,Frank Ronstadt,Midfielder,6.6,0.0,0.09,0.0,3.38,0.0,1.12,0.0,0.0,0.0,0.0,0.0,0.0,0.0,0.0,0.0,0.0,0.0,0.0,0.0,0.0,0.0,0.0,0.0,1.12,1.12,2.25,0,1.12,0.0,0.0,0.0,0.0,0.0,0.0,0.0,0.0,2.25,41.62,37.12,4.5,89.19,23.62,14.62,9.0,1.12,50.0,0.0,0.0,4,0,80,0.0,0.0,0.0,2.25,12.38,2.25,4.5,50.0,2.25,33.33,2.25,100.0
416,930273,Bundesliga,23/24,Borussia Dortmund,Olinho,Midfielder,6.6,0.0,0.09,0.0,1.73,0.0,1.73,0.0,1.73,50.0,0.0,0.0,0.0,0.0,0.0,0.0,0.0,0.0,0.0,0.0,0.0,0.0,0.0,0.0,1.73,0.0,1.73,0,1.73,0.0,0.0,0.0,0.0,0.0,0.0,0.0,0.0,1.73,29.42,22.5,6.92,76.47,6.92,15.58,5.19,0.0,0.0,0.0,0.0,2,0,52,0.0,0.0,0.0,0.0,20.77,1.73,5.19,50.0,3.46,40.0,1.73,100.0
417,1403053,Bundesliga,23/24,Eintracht Frankfurt,Marko Mladenović,Midfielder,6.6,0.0,0.0,0.0,0.0,0.0,0.0,0.0,0.0,0.0,0.0,0.0,0.0,0.0,0.0,0.0,0.0,0.0,0.0,0.0,0.0,0.0,0.0,0.0,0.0,0.0,0.0,0,0.0,0.0,0.0,0.0,0.0,0.0,0.0,0.0,0.0,0.0,30.0,20.0,10.0,66.67,10.0,10.0,0.0,0.0,0.0,0.0,0.0,1,0,9,0.0,0.0,0.0,0.0,10.0,0.0,0.0,0.0,0.0,0.0,0.0,0.0
418,770083,Bundesliga,23/24,TSG Hoffenheim,Mergim Berisha,Forward,6.59,0.0,0.23,0.34,3.69,0.34,2.35,0.0,0.67,50.0,0.0,0.0,0.0,0.0,0.0,0.0,0.67,0.0,0.0,0.0,0.0,0.0,0.67,0.0,0.0,0.0,1.01,0,0.0,0.0,0.0,0.0,0.0,0.0,0.0,0.0,0.0,1.34,14.44,10.41,4.03,72.09,2.35,8.4,5.04,0.34,33.33,0.67,66.67,8,2,268,0.0,0.0,1.68,1.68,12.09,3.02,3.69,30.56,2.35,31.82,1.34,28.57
419,117794,Bundesliga,23/24,VfL Bochum 1848,Cristian Gamboa,Defender,6.59,0.0,0.01,0.0,0.45,0.08,0.23,0.0,0.38,55.56,0.0,0.0,0.0,0.0,0.0,0.0,0.0,0.0,0.0,0.0,0.0,0.0,0.0,0.0,1.81,1.13,2.11,0,1.43,0.0,0.08,0.08,0.0,0.08,0.15,0.08,0.0,0.75,27.38,20.37,7.02,74.38,11.69,9.13,4.07,0.45,26.09,2.19,39.19,22,12,1193,0.45,0.0,1.06,0.45,11.01,0.23,3.55,49.47,2.64,47.3,0.91,57.14
420,1130067,Bundesliga,23/24,Borussia M'gladbach,Fabio Chiarodia,Defender,6.59,0.0,0.0,0.0,0.0,0.0,0.0,0.0,0.0,0.0,0.0,0.0,0.0,0.0,0.0,0.0,0.0,0.0,0.0,0.0,0.0,0.0,0.0,0.0,4.39,1.65,4.94,0,1.1,0.0,0.0,0.55,0.0,0.0,0.0,0.0,0.0,0.55,45.0,41.16,3.84,91.46,34.02,7.68,2.2,0.55,100.0,1.1,40.0,7,1,164,0.0,0.0,0.55,0.0,5.49,0.55,7.13,65.0,4.39,66.67,2.74,62.5
421,1049177,Bundesliga,23/24,FC Augsburg,Tim Breithaupt,Midfielder,6.59,0.0,0.01,0.0,0.43,0.0,0.14,0.0,0.14,100.0,0.0,0.0,0.0,0.0,0.0,0.0,0.0,0.0,0.0,0.0,0.0,0.0,0.0,0.0,2.85,1.14,1.42,0,1.14,0.0,0.0,0.0,0.0,0.14,0.0,0.0,0.0,0.43,39.59,33.04,6.55,83.45,19.08,13.96,6.41,0.0,0.0,0.85,42.86,16,6,632,0.43,0.0,1.71,0.57,8.54,0.71,5.13,54.55,3.56,52.08,1.57,61.11
422,1185359,Bundesliga,23/24,TSG Hoffenheim,Bambasé Conté,Midfielder,6.58,0.0,0.25,0.0,4.22,0.0,1.41,0.0,2.81,40.0,0.0,0.0,0.0,0.0,0.0,0.0,0.0,0.0,0.0,0.0,0.0,0.0,0.0,0.0,4.22,0.0,0.0,0,0.0,0.0,0.0,0.0,0.0,0.0,0.0,0.0,0.0,1.41,32.34,26.72,5.62,82.61,11.25,15.47,11.25,0.0,0.0,0.0,0.0,7,0,64,0.0,0.0,4.22,8.44,15.47,2.81,16.88,57.14,15.47,57.89,1.41,50.0
423,959003,Bundesliga,23/24,Darmstadt 98,Filip Stojilković,Forward,6.58,0.0,0.11,0.0,2.42,0.6,1.21,0.0,0.6,50.0,0.0,0.0,0.0,0.0,0.0,0.0,1.21,0.0,0.0,0.0,0.0,0.0,0.0,0.0,0.6,0.0,0.6,0,0.0,0.0,0.0,0.0,0.0,0.0,0.0,0.0,0.0,0.0,10.87,6.04,4.83,55.56,1.81,4.23,2.42,0.0,0.0,0.6,100.0,6,0,149,0.6,0.0,1.81,0.6,9.66,0.0,1.81,37.5,1.81,50.0,0.0,0.0
424,1090458,Bundesliga,23/24,FC Union Berlin,David Datro Fofana,Forward,6.58,0.13,0.37,0.92,3.41,1.7,1.05,3.85,2.49,42.22,0.13,0.0,0.0,0.0,0.13,0.26,0.52,0.0,0.0,0.0,0.0,0.0,0.52,0.0,1.31,0.0,0.52,0,0.66,0.0,0.0,0.0,0.0,0.0,0.0,0.0,0.0,0.66,18.21,13.36,4.85,73.38,3.8,9.96,5.63,0.39,27.27,0.66,83.33,12,8,687,0.0,0.0,1.05,1.57,17.29,3.41,6.68,38.93,5.37,39.42,1.31,37.04
425,838805,Bundesliga,23/24,Eintracht Frankfurt,Jens Petter Hauge,Forward,6.58,0.0,0.04,0.0,0.54,0.0,0.0,0.0,1.08,33.33,0.0,0.0,0.0,0.0,0.0,0.0,0.54,0.0,0.0,0.0,0.0,0.0,0.0,0.0,1.08,0.0,0.54,0,2.69,0.0,0.0,0.0,0.0,0.0,0.0,0.0,0.0,1.08,43.11,35.03,8.08,81.25,15.63,19.94,14.55,0.54,50.0,1.62,60.0,10,0,167,0.0,0.0,0.54,1.08,12.4,0.0,3.77,35.0,3.23,37.5,0.54,25.0
426,365772,Bundesliga,23/24,SV Werder Bremen,Naby Keïta,Midfielder,6.58,0.0,0.08,0.0,1.53,0.0,1.53,0.0,3.05,66.67,0.0,0.0,0.0,0.0,0.0,0.0,0.0,0.0,0.0,0.0,0.0,0.0,0.0,0.0,0.76,1.53,0.0,0,0.76,0.0,0.0,0.0,0.0,0.0,0.0,0.0,0.0,0.0,51.1,39.66,11.44,77.61,18.31,21.36,8.39,0.0,0.0,1.53,33.33,5,1,118,1.53,0.0,1.53,0.76,16.02,0.76,4.58,40.0,4.58,50.0,0.0,0.0
427,24397,Bundesliga,23/24,Eintracht Frankfurt,Makoto Hasebe,Defender,6.58,0.0,0.0,0.0,0.0,0.0,0.0,0.0,0.0,0.0,0.0,0.0,0.0,0.0,0.0,0.0,0.0,0.0,0.0,0.0,0.0,0.0,0.0,0.0,1.64,0.82,1.64,0,1.23,0.0,0.0,0.41,0.0,0.0,0.0,0.0,0.0,0.0,76.91,67.91,9.0,88.3,47.05,20.86,6.55,0.0,0.0,3.27,44.44,8,2,220,0.41,0.0,1.64,1.23,10.23,0.41,4.5,50.0,2.86,46.67,1.64,57.14
428,110967,Bundesliga,23/24,Borussia M'gladbach,Christoph Kramer,Midfielder,6.57,0.0,0.04,0.0,0.38,0.0,0.38,0.0,1.5,44.44,0.0,0.0,0.0,0.0,0.0,0.0,0.0,0.0,0.0,0.0,0.0,0.0,0.0,0.0,3.75,1.5,1.88,0,4.5,0.0,0.0,0.0,0.0,0.0,0.0,0.0,0.0,0.75,67.12,54.0,13.12,80.45,22.88,31.5,18.38,0.38,33.33,2.25,50.0,14,1,240,1.5,0.0,2.25,1.12,18.75,1.5,9.0,41.38,6.38,38.64,2.62,50.0
429,902381,Bundesliga,23/24,SC Freiburg,Junior Adamu,Forward,6.57,0.0,0.04,0.0,1.43,0.71,0.71,0.0,0.0,0.0,0.0,0.0,0.0,0.0,0.0,0.0,1.43,0.0,0.0,0.0,0.0,0.0,0.0,0.0,3.57,0.0,1.43,0,0.71,0.0,0.0,0.0,0.0,0.0,0.71,0.0,0.0,0.71,20.71,12.86,7.86,62.07,5.71,7.14,4.29,0.0,0.0,0.0,0.0,15,0,126,0.0,0.0,5.0,2.86,17.14,3.57,10.0,40.0,6.43,37.5,3.57,45.45
430,1154491,Bundesliga,23/24,VfB Stuttgart,Jovan Milošević,Forward,6.57,0.0,0.0,0.0,0.0,0.0,0.0,0.0,5.29,100.0,0.0,0.0,0.0,0.0,0.0,0.0,0.0,0.0,0.0,0.0,0.0,0.0,0.0,0.0,0.0,0.0,0.0,0,0.0,0.0,0.0,0.0,0.0,0.0,0.0,0.0,0.0,0.0,31.76,18.53,13.24,58.33,7.94,10.59,7.94,0.0,0.0,0.0,0.0,5,0,34,0.0,0.0,2.65,2.65,21.18,0.0,7.94,42.86,7.94,75.0,0.0,0.0
431,842922,Bundesliga,23/24,FC Heidenheim,Stefan Schimmer,Forward,6.56,0.0,0.27,0.46,2.32,0.0,1.39,0.0,0.0,0.0,0.0,0.0,0.0,0.0,0.0,0.46,0.0,0.0,0.0,0.0,0.0,0.0,0.0,0.0,0.46,0.46,1.86,0,1.39,0.0,0.0,0.0,0.0,0.0,0.46,0.46,0.0,0.46,19.95,9.74,10.21,48.84,2.32,7.89,5.1,0.46,50.0,0.0,0.0,16,0,194,0.0,0.0,0.46,0.46,16.7,1.86,5.1,32.35,0.93,18.18,4.18,39.13
432,1022204,Bundesliga,23/24,VfL Wolfsburg,Amin Sarr,Forward,6.56,0.0,0.13,0.0,1.37,0.46,0.69,0.0,0.46,20.0,0.0,0.0,0.0,0.0,0.0,0.0,0.46,0.0,0.0,0.0,0.0,0.0,0.0,0.0,0.69,0.46,0.23,0,0.23,0.0,0.0,0.0,0.0,0.0,0.0,0.0,0.0,0.46,29.08,21.53,7.56,74.02,6.18,15.34,7.79,0.0,0.0,0.0,0.0,14,2,393,0.0,0.0,0.69,0.69,14.89,2.06,4.81,39.62,1.83,27.59,2.98,54.17
433,169249,Bundesliga,23/24,Darmstadt 98,Jannik Müller,Defender,6.56,0.0,0.02,0.0,0.24,0.0,0.24,0.0,0.16,50.0,0.0,0.0,0.0,0.0,0.0,0.0,0.0,0.0,0.0,0.0,0.0,0.0,0.0,0.0,2.62,1.35,3.1,0,0.87,0.08,0.0,0.0,0.0,0.08,0.0,0.0,0.0,0.16,40.83,31.62,9.21,77.43,21.84,10.01,3.5,0.24,42.86,3.1,46.99,16,12,1133,0.4,0.0,1.51,0.56,11.12,0.24,5.0,54.78,3.34,54.55,1.67,55.26
434,1048009,Bundesliga,23/24,RB Leipzig,El Chadaille Bitshiabu,Defender,6.56,0.0,0.0,0.0,0.0,0.0,0.0,0.0,0.0,0.0,0.0,0.0,0.0,0.0,0.0,0.0,0.0,0.0,0.0,0.0,0.0,0.0,0.0,0.0,1.53,1.53,6.1,0,0.0,0.0,0.0,0.0,0.0,0.0,0.0,0.0,0.0,0.0,77.8,65.59,12.2,84.31,44.24,21.36,9.15,0.0,0.0,1.53,33.33,6,0,59,0.0,0.0,0.0,0.0,16.78,0.0,1.53,25.0,1.53,100.0,0.0,0.0
435,1048569,Bundesliga,23/24,Eintracht Frankfurt,Nnamdi Collins,Defender,6.55,0.0,0.0,0.0,0.0,0.0,0.0,0.0,1.0,50.0,0.0,0.0,0.0,0.0,0.0,0.0,0.0,0.0,0.0,0.0,0.0,0.0,0.0,0.0,0.0,2.0,4.0,0,0.0,0.0,0.0,0.0,0.0,0.0,0.0,0.0,0.0,0.0,64.0,53.0,11.0,82.81,28.0,26.0,11.0,1.0,50.0,1.0,16.67,2,1,90,0.0,0.0,0.0,1.0,16.0,1.0,2.0,33.33,2.0,50.0,0.0,0.0
436,871706,Bundesliga,23/24,Eintracht Frankfurt,Randal Kolo Muani,Forward,6.55,0.58,0.75,0.58,2.9,0.58,1.16,20.0,2.32,28.57,0.58,0.0,0.0,0.0,0.58,0.0,0.0,0.0,0.0,0.0,0.0,0.0,0.0,0.0,0.0,0.0,0.58,0,0.0,0.0,0.0,0.0,0.0,0.0,0.0,0.0,0.0,0.0,15.1,9.87,5.23,65.38,3.48,6.39,4.06,0.0,0.0,1.16,50.0,2,2,155,0.0,0.0,2.32,2.9,18.0,4.65,7.55,33.33,5.23,30.0,2.32,44.44
437,1493496,Bundesliga,23/24,Borussia M'gladbach,Shio Fukuda ,Forward,6.55,0.0,0.35,0.0,4.09,0.0,4.09,0.0,2.05,100.0,0.0,0.0,0.0,0.0,0.0,0.0,0.0,0.0,0.0,0.0,0.0,0.0,0.0,0.0,4.09,2.05,0.0,0,2.05,0.0,0.0,0.0,0.0,0.0,0.0,0.0,0.0,2.05,12.27,6.14,6.14,50.0,0.0,6.14,6.14,0.0,0.0,0.0,0.0,5,0,44,0.0,0.0,2.05,0.0,14.32,6.14,12.27,40.0,6.14,37.5,6.14,42.86
438,1146148,Bundesliga,23/24,Eintracht Frankfurt,Jean-Mattéo Bahoya,Forward,6.55,0.0,0.0,0.0,0.0,0.0,0.0,0.0,3.09,54.55,0.0,0.0,0.0,0.0,0.0,0.0,0.51,0.0,0.0,0.0,0.0,0.0,0.0,0.0,1.54,0.51,0.51,0,1.54,0.0,0.0,0.0,0.0,0.0,0.0,0.0,0.0,1.54,38.06,30.34,7.71,79.73,12.86,18.0,6.69,0.51,16.67,1.03,66.67,8,1,175,0.0,0.0,0.51,0.51,16.97,0.51,5.66,44.0,5.14,50.0,0.51,20.0
439,855676,Bundesliga,23/24,FC Köln,Luca Kilian,Defender,6.54,0.0,0.0,0.0,0.0,0.0,0.0,0.0,0.0,0.0,0.0,0.0,0.0,0.0,0.0,0.0,0.0,0.0,0.0,0.0,0.0,0.0,0.0,0.0,2.28,1.0,3.99,0,0.71,0.0,0.0,0.0,0.0,0.0,0.0,0.0,0.0,0.14,44.29,34.03,10.25,76.85,25.21,8.83,3.13,0.0,0.0,2.14,28.85,13,6,632,0.14,0.0,0.57,0.0,11.68,0.0,3.7,60.47,2.28,61.54,1.42,58.82
440,1035515,Bundesliga,23/24,Eintracht Frankfurt,Paxten Aaronson,Midfielder,6.54,0.0,0.11,0.0,1.7,1.7,0.0,0.0,1.7,33.33,0.0,0.0,0.0,0.0,0.0,0.0,0.0,0.0,0.0,0.0,0.0,0.0,0.0,0.0,1.7,0.0,0.0,0,0.0,0.0,0.0,0.0,0.0,0.0,0.0,0.85,0.0,0.85,41.6,33.96,7.64,81.63,14.43,19.53,7.64,0.0,0.0,0.0,0.0,7,1,106,0.0,0.0,5.09,3.4,18.68,3.4,9.34,44.0,6.79,36.36,2.55,100.0
441,801263,Bundesliga,23/24,VfL Wolfsburg,Jakub Kamiński,Midfielder,6.54,0.0,0.08,0.18,1.83,0.55,0.55,0.0,0.18,8.33,0.0,0.0,0.0,0.0,0.0,0.0,0.37,0.0,0.0,0.0,0.0,0.0,0.0,0.0,2.57,0.37,0.92,0,0.55,0.0,0.0,0.0,0.0,0.0,0.37,0.37,0.0,1.1,29.69,24.38,5.32,82.1,7.7,17.41,10.08,0.73,25.0,0.92,33.33,17,4,491,0.0,0.0,0.55,0.92,14.11,2.57,4.4,35.82,3.67,40.0,0.73,23.53
442,904991,Bundesliga,23/24,TSG Hoffenheim,Stanley Nsoki,Defender,6.53,0.0,0.0,0.0,0.0,0.0,0.0,0.0,1.27,60.0,0.0,0.0,0.0,0.0,0.0,0.0,0.0,0.0,0.0,0.0,0.0,0.0,0.0,0.0,2.97,1.13,4.39,0,1.7,0.0,0.0,0.14,0.0,0.0,0.0,0.0,0.0,0.28,51.37,41.32,10.05,80.44,25.47,15.85,6.08,0.0,0.0,1.56,39.29,11,7,636,0.14,0.14,1.7,0.28,13.58,0.14,6.23,52.38,4.53,50.79,1.7,57.14
443,1007962,Bundesliga,23/24,VfB Stuttgart,Lilian Egloff,Midfielder,6.52,0.0,0.14,0.0,2.29,0.0,1.53,0.0,0.0,0.0,0.0,0.0,0.0,0.0,0.0,0.0,0.0,0.0,0.0,0.0,0.0,0.0,0.0,0.0,3.05,0.76,0.0,0,1.53,0.0,0.0,0.0,0.0,0.0,0.0,0.0,0.0,0.0,31.27,24.41,6.86,78.05,16.02,8.39,4.58,0.0,0.0,1.53,50.0,5,1,118,0.76,0.0,1.53,1.53,9.15,0.76,4.58,50.0,4.58,50.0,0.0,0.0
444,106662,Bundesliga,23/24,FSV Mainz 05,Stefan Bell,Defender,6.52,0.0,0.03,0.0,0.54,0.27,0.27,0.0,0.27,100.0,0.0,0.0,0.0,0.0,0.0,0.0,0.13,0.0,0.0,0.0,0.0,0.0,0.0,0.0,1.08,0.81,4.04,0,0.54,0.0,0.0,0.0,0.0,0.0,0.0,0.0,0.0,0.13,49.64,39.82,9.82,80.22,30.0,9.96,2.96,0.13,100.0,2.69,37.74,10,8,669,0.4,0.0,1.35,1.08,10.22,0.13,5.65,52.5,2.29,54.84,3.36,51.02
445,789138,Bundesliga,23/24,VfL Bochum 1848,Noah Loosli,Defender,6.51,0.0,0.0,0.0,0.0,0.0,0.0,0.0,0.26,100.0,0.0,0.0,0.0,0.0,0.0,0.0,0.0,0.0,0.0,0.0,0.0,0.0,0.0,0.0,2.59,1.82,4.41,0,1.82,0.0,0.0,0.0,0.0,0.26,0.0,0.0,0.0,0.0,30.86,19.71,11.15,63.87,14.01,5.71,3.11,0.0,0.0,1.3,20.83,10,2,347,0.26,0.0,1.04,0.0,13.23,0.0,4.15,47.06,2.85,50.0,1.3,41.67
446,1418703,Bundesliga,23/24,TSG Hoffenheim,Max Moerstedt,Forward,6.5,0.0,0.0,0.0,0.0,0.0,0.0,0.0,0.0,0.0,0.0,0.0,0.0,0.0,0.0,0.0,0.0,0.0,0.0,0.0,0.0,0.0,0.0,0.0,0.0,0.0,0.0,0,8.18,0.0,0.0,0.0,0.0,0.0,0.0,0.0,0.0,0.0,24.55,16.36,8.18,66.67,0.0,16.36,16.36,0.0,0.0,0.0,0.0,1,0,11,0.0,0.0,0.0,0.0,8.18,0.0,0.0,0.0,0.0,0.0,0.0,0.0
447,575952,Bundesliga,23/24,Darmstadt 98,Mathias Honsak,Midfielder,6.5,0.09,0.16,0.26,2.01,0.52,0.79,4.35,0.79,30.0,0.09,0.0,0.0,0.0,0.09,0.0,0.26,0.0,0.0,0.0,0.0,0.0,0.0,0.0,1.22,0.7,1.92,0,1.22,0.0,0.0,0.0,0.0,0.0,0.17,0.09,0.0,1.05,22.61,17.11,5.5,75.68,6.55,10.82,5.59,0.26,27.27,0.35,33.33,23,10,1031,0.09,0.0,1.22,1.05,14.32,1.22,4.36,36.5,2.97,35.05,1.4,40.0
448,795004,Bundesliga,23/24,TSG Hoffenheim,Dennis Geiger,Midfielder,6.5,0.0,0.0,0.0,0.0,0.0,0.0,0.0,0.0,0.0,0.0,0.0,0.0,0.0,0.0,0.0,0.0,0.0,0.0,0.0,0.0,0.0,0.0,0.0,1.45,0.0,0.0,0,0.0,0.0,0.0,0.0,0.0,0.0,0.0,0.0,0.0,1.45,17.42,11.61,5.81,66.67,5.81,5.81,5.81,0.0,0.0,0.0,0.0,3,0,62,1.45,0.0,2.9,0.0,7.26,0.0,2.9,50.0,1.45,50.0,1.45,50.0
449,947929,Bundesliga,23/24,Eintracht Frankfurt,Jesper Lindstrøm,Midfielder,6.5,0.0,0.2,0.0,1.07,0.0,1.07,0.0,1.07,25.0,0.0,0.0,0.0,0.0,0.0,0.0,0.0,0.0,0.0,0.0,0.0,0.0,0.0,0.0,1.07,0.0,0.0,0,0.0,0.0,0.0,0.0,0.0,0.0,0.0,0.0,0.0,0.0,33.21,25.71,7.5,77.42,10.71,15.0,6.43,0.0,0.0,0.0,0.0,1,1,84,0.0,0.0,1.07,0.0,19.29,2.14,2.14,25.0,2.14,28.57,0.0,0.0
450,1198074,Bundesliga,23/24,FC Union Berlin,Aljoscha Kemlein,Midfielder,6.5,0.0,0.13,0.0,3.33,0.0,3.33,0.0,3.33,100.0,0.0,0.0,0.0,0.0,0.0,3.33,0.0,0.0,0.0,0.0,0.0,0.0,0.0,0.0,0.0,0.0,0.0,0,10.0,0.0,0.0,0.0,0.0,0.0,0.0,0.0,0.0,0.0,26.67,23.33,3.33,87.5,16.67,6.67,3.33,0.0,0.0,3.33,100.0,2,0,27,0.0,0.0,6.67,0.0,10.0,0.0,3.33,12.5,3.33,16.67,0.0,0.0
451,94286,Bundesliga,23/24,Borussia Dortmund,Thorgan Hazard,Midfielder,6.5,0.0,0.0,0.0,0.0,0.0,0.0,0.0,0.0,0.0,0.0,0.0,0.0,0.0,0.0,0.0,0.0,0.0,0.0,0.0,0.0,0.0,0.0,0.0,0.0,0.0,0.0,0,0.0,0.0,0.0,0.0,0.0,0.0,0.0,0.0,0.0,0.0,62.31,48.46,13.85,77.78,20.77,27.69,13.85,0.0,0.0,6.92,100.0,1,0,13,0.0,0.0,0.0,0.0,13.85,0.0,0.0,0.0,0.0,0.0,0.0,0.0
452,846458,Bundesliga,23/24,SC Freiburg,Fabian Rudlin,Midfielder,6.5,0.0,0.0,0.0,0.0,0.0,0.0,0.0,0.0,0.0,0.0,0.0,0.0,0.0,0.0,0.0,0.0,0.0,0.0,0.0,0.0,0.0,0.0,0.0,9.0,0.0,0.0,0,0.0,0.0,0.0,0.0,0.0,0.0,0.0,0.0,0.0,0.0,45.0,36.0,9.0,80.0,0.0,36.0,9.0,0.0,0.0,0.0,0.0,1,0,10,0.0,0.0,0.0,0.0,9.0,0.0,9.0,100.0,9.0,100.0,0.0,0.0
453,88471,Bundesliga,23/24,VfL Bochum 1848,Simon Zoller,Forward,6.5,0.0,0.0,0.0,0.0,0.0,0.0,0.0,0.0,0.0,0.0,0.0,0.0,0.0,0.0,0.0,0.0,0.0,0.0,0.0,0.0,0.0,0.0,0.0,0.0,0.0,0.0,0,0.0,0.0,0.0,0.0,0.0,0.0,0.0,0.0,0.0,0.0,16.0,10.0,6.0,62.5,10.0,0.0,0.0,0.0,0.0,2.0,100.0,1,0,45,0.0,0.0,2.0,0.0,8.0,0.0,2.0,50.0,0.0,0.0,2.0,100.0
454,1481688,Bundesliga,23/24,SV Werder Bremen,Leon Opitz,Midfielder,6.5,0.0,0.0,0.0,0.0,0.0,0.0,0.0,4.29,50.0,0.0,0.0,0.0,0.0,0.0,0.0,0.0,0.0,0.0,0.0,0.0,0.0,0.0,0.0,8.57,0.0,0.0,0,4.29,0.0,0.0,0.0,0.0,0.0,0.0,0.0,0.0,0.0,30.0,12.86,17.14,42.86,8.57,4.29,0.0,0.0,0.0,4.29,100.0,3,0,21,0.0,0.0,0.0,0.0,47.14,0.0,12.86,60.0,12.86,60.0,0.0,0.0
455,979821,Bundesliga,23/24,TSG Hoffenheim,Finn Ole Becker,Midfielder,6.49,0.0,0.03,0.0,0.87,0.15,0.58,0.0,0.73,29.41,0.0,0.0,0.0,0.0,0.0,0.15,0.0,0.0,0.0,0.0,0.0,0.0,0.0,0.0,1.45,0.15,1.45,0,1.89,0.0,0.0,0.0,0.0,0.0,0.15,0.0,0.0,0.87,43.84,34.98,8.85,79.8,16.26,19.02,8.27,0.29,28.57,2.03,50.0,22,5,620,0.15,0.0,0.87,1.02,15.53,1.74,3.92,34.18,3.05,32.81,0.87,40.0
456,930279,Bundesliga,23/24,FSV Mainz 05,Merveille Papela,Midfielder,6.49,0.0,0.11,0.35,1.4,0.35,0.7,0.0,1.05,100.0,0.0,0.0,0.0,0.0,0.0,0.0,0.0,0.0,0.0,0.0,0.0,0.0,0.0,0.0,1.74,1.4,0.7,0,1.4,0.0,0.0,0.0,0.0,0.0,0.35,0.0,0.0,1.05,28.26,20.23,8.02,71.6,10.47,9.77,5.58,0.0,0.0,1.74,38.46,11,3,258,0.35,0.0,2.09,0.35,15.0,3.49,4.53,32.5,3.14,31.03,1.4,36.36
457,1082797,Bundesliga,23/24,Darmstadt 98,Matej Maglica,Defender,6.49,0.05,0.03,0.0,0.53,0.11,0.21,10.0,0.05,25.0,0.05,0.0,0.05,0.0,0.0,0.0,0.05,0.0,0.0,0.0,0.0,0.0,0.05,0.0,1.84,1.16,4.62,0,0.74,0.11,0.16,0.05,0.0,0.11,0.05,0.0,0.0,0.47,51.72,39.7,12.02,76.75,25.2,14.49,4.83,0.0,0.0,3.73,35.86,26,21,1714,0.37,0.11,1.63,0.37,13.49,0.32,4.94,55.29,2.26,46.74,2.68,65.38
458,886286,Bundesliga,23/24,VfL Wolfsburg,Nicolas Cozza,Defender,6.48,0.0,0.01,0.0,0.32,0.0,0.32,0.0,1.27,57.14,0.0,0.0,0.0,0.0,0.0,0.0,0.0,0.0,0.0,0.0,0.0,0.0,0.0,0.0,2.54,1.27,1.59,0,1.59,0.0,0.0,0.0,0.0,0.0,0.0,0.0,0.0,0.64,49.93,38.8,11.13,77.71,19.4,20.35,8.27,0.95,75.0,1.27,25.0,6,3,283,0.32,0.0,0.32,0.0,17.81,0.0,4.77,45.45,3.82,57.14,0.95,25.0
459,844625,Bundesliga,23/24,Darmstadt 98,Braydon Manu,Midfielder,6.48,0.0,0.19,0.53,2.63,0.53,2.11,0.0,2.11,44.44,0.0,0.0,0.0,0.0,0.0,0.0,0.0,0.0,0.0,0.0,0.0,0.0,0.0,0.0,1.05,0.0,0.0,0,0.0,0.0,0.0,0.0,0.0,0.0,0.0,0.0,0.0,1.58,13.16,11.05,2.11,84.0,2.63,8.42,4.74,0.0,0.0,0.53,100.0,4,3,171,0.53,0.0,2.11,0.53,10.0,0.53,3.68,35.0,3.68,41.18,0.0,0.0
460,906276,Bundesliga,23/24,FSV Mainz 05,Jessic Ngankam,Forward,6.46,0.0,0.39,0.56,2.82,0.94,0.75,0.0,1.5,57.14,0.0,0.0,0.0,0.0,0.0,0.0,0.56,0.0,0.19,0.0,0.0,0.0,0.0,0.0,0.75,0.56,0.19,0,0.0,0.0,0.0,0.0,0.0,0.0,0.19,0.0,0.0,0.94,12.78,8.64,4.13,67.65,3.76,4.89,3.01,0.0,0.0,0.0,0.0,22,4,479,0.38,0.19,3.57,1.88,11.46,3.01,5.07,30.34,4.13,34.92,0.94,19.23
461,911956,Bundesliga,23/24,VfB Stuttgart,Massimo,Midfielder,6.46,0.0,0.0,0.0,0.0,0.0,0.0,0.0,0.0,0.0,0.0,0.0,0.0,0.0,0.0,0.0,0.0,0.0,0.0,0.0,0.0,0.0,0.0,0.0,1.06,0.0,1.06,0,1.06,0.0,0.0,0.0,0.0,0.0,0.0,0.0,0.0,1.06,36.0,28.59,7.41,79.41,13.76,14.82,5.29,0.0,0.0,2.12,66.67,5,0,85,1.06,0.0,2.12,1.06,11.65,0.0,3.18,33.33,2.12,40.0,1.06,25.0
462,357584,Bundesliga,23/24,VfB Stuttgart,Borna Sosa,Midfielder,6.45,0.0,0.06,0.0,2.05,0.0,0.0,0.0,0.0,0.0,0.0,0.0,0.0,0.0,0.0,0.0,0.0,0.0,0.0,0.0,0.0,0.0,0.0,0.0,0.0,0.0,0.0,0,2.05,0.0,0.0,0.0,0.0,0.0,0.0,0.0,0.0,6.14,61.36,53.18,8.18,86.67,18.41,36.82,20.45,2.05,8.33,4.09,66.67,2,0,44,0.0,0.0,0.0,0.0,34.77,0.0,0.0,0.0,0.0,0.0,0.0,0.0
463,880742,Bundesliga,23/24,Darmstadt 98,Bartol Franjić,Defender,6.45,0.0,0.02,0.0,0.29,0.0,0.07,0.0,0.51,53.85,0.0,0.0,0.0,0.0,0.0,0.0,0.0,0.0,0.0,0.0,0.0,0.0,0.0,0.0,1.1,2.19,2.05,0,1.53,0.07,0.07,0.0,0.0,0.07,0.07,0.07,0.0,0.15,39.67,33.24,6.43,83.79,19.14,14.17,5.11,0.07,25.0,1.39,52.78,20,14,1232,0.37,0.0,1.46,0.15,8.84,0.58,3.0,36.28,1.75,31.17,1.24,47.22
464,935281,Bundesliga,23/24,SC Freiburg,Maximilian Breunig,Forward,6.45,0.0,0.0,0.0,0.0,0.0,0.0,0.0,0.0,0.0,0.0,0.0,0.0,0.0,0.0,0.0,0.0,0.0,0.0,0.0,0.0,0.0,0.0,0.0,0.0,0.0,0.0,0,0.0,0.0,0.0,0.0,0.0,0.0,0.0,0.0,0.0,0.0,10.0,5.0,5.0,50.0,0.0,5.0,0.0,0.0,0.0,0.0,0.0,2,0,18,0.0,0.0,5.0,0.0,15.0,0.0,5.0,20.0,0.0,0.0,5.0,25.0
465,886132,Bundesliga,23/24,VfL Bochum 1848,Moritz Kwarteng,Midfielder,6.44,0.0,0.33,0.96,4.5,0.96,2.25,0.0,2.25,46.67,0.0,0.0,0.0,0.0,0.0,0.0,0.64,0.0,0.0,0.0,0.0,0.0,0.32,0.0,0.96,0.64,0.0,0,1.93,0.0,0.0,0.0,0.0,0.0,0.32,0.32,0.0,1.29,28.29,21.21,7.07,75.0,6.75,14.46,7.39,0.0,0.0,0.64,40.0,11,2,280,0.32,0.32,1.61,1.61,18.96,1.61,4.82,31.91,4.82,38.46,0.0,0.0
466,1130950,Bundesliga,23/24,Borussia M'gladbach,Grant-Leon Ranos,Forward,6.43,0.0,0.33,0.0,3.91,0.0,1.3,0.0,1.3,33.33,0.0,0.0,0.0,0.0,0.0,0.0,1.3,0.0,0.0,0.0,0.0,0.0,0.0,0.0,1.3,0.0,0.0,0,0.0,0.0,0.0,0.0,0.0,0.0,0.0,0.0,0.0,0.0,31.3,26.09,5.22,83.33,6.52,19.57,10.43,0.0,0.0,0.0,0.0,9,0,69,0.0,0.0,0.0,0.0,18.26,6.52,3.91,20.0,2.61,22.22,1.3,16.67
467,791928,Bundesliga,23/24,Darmstadt 98,Thomas Isherwood,Defender,6.41,0.0,0.0,0.0,0.0,0.0,0.0,0.0,0.14,100.0,0.0,0.0,0.0,0.0,0.0,0.0,0.14,0.0,0.0,0.0,0.0,0.0,0.0,0.0,1.55,1.41,4.66,0,0.56,0.0,0.0,0.0,0.14,0.0,0.0,0.0,0.0,0.14,37.66,31.46,6.21,83.52,23.28,8.18,2.68,0.0,0.0,2.4,44.74,12,8,638,0.14,0.0,1.13,0.42,6.77,0.0,3.24,57.5,2.12,57.69,1.13,57.14
468,1409371,Bundesliga,23/24,VfB Stuttgart,Luca Raimund,Forward,6.4,0.0,3.5,3.21,6.43,0.0,6.43,0.0,0.0,0.0,0.0,0.0,0.0,0.0,0.0,3.21,0.0,0.0,0.0,0.0,0.0,0.0,0.0,0.0,9.64,0.0,0.0,0,0.0,0.0,0.0,0.0,0.0,0.0,0.0,0.0,0.0,0.0,70.71,51.43,19.29,72.73,16.07,35.36,12.86,0.0,0.0,0.0,0.0,3,0,28,3.21,0.0,6.43,0.0,35.36,6.43,12.86,44.44,9.64,42.86,3.21,50.0
469,911679,Bundesliga,23/24,SV Werder Bremen,Ilia Gruev,Midfielder,6.4,0.0,0.0,0.0,0.0,0.0,0.0,0.0,0.0,0.0,0.0,0.0,0.0,0.0,0.0,0.0,0.0,0.0,0.0,0.0,0.0,0.0,0.0,0.0,0.0,0.0,0.0,0,0.0,0.0,0.0,0.0,0.0,0.0,0.0,0.0,0.0,0.0,8.18,8.18,0.0,100.0,8.18,0.0,0.0,0.0,0.0,0.0,0.0,1,0,11,0.0,0.0,0.0,0.0,16.36,0.0,0.0,0.0,0.0,0.0,0.0,0.0
470,48243,Bundesliga,23/24,VfB Stuttgart,Genki Haraguchi,Midfielder,6.4,0.0,0.0,0.0,0.0,0.0,0.0,0.0,0.0,0.0,0.0,0.0,0.0,0.0,0.0,0.0,0.0,0.0,0.0,0.0,0.0,0.0,0.0,0.0,3.21,0.0,3.21,0,0.0,0.0,0.0,0.0,0.0,0.0,0.0,0.0,0.0,0.0,57.86,45.0,12.86,77.78,28.93,16.07,9.64,0.0,0.0,0.0,0.0,2,0,28,0.0,0.0,6.43,0.0,12.86,0.0,3.21,33.33,3.21,33.33,0.0,0.0
471,1855791,Bundesliga,23/24,Darmstadt 98,Asaf Arania,Midfielder,6.4,0.0,0.0,0.0,0.0,0.0,0.0,0.0,0.0,0.0,0.0,0.0,0.0,0.0,0.0,0.0,0.0,0.0,0.0,0.0,0.0,0.0,0.0,0.0,0.0,0.0,0.0,0,0.0,0.0,0.0,0.0,0.0,0.0,0.0,0.0,0.0,0.0,27.0,27.0,0.0,100.0,9.0,18.0,9.0,0.0,0.0,0.0,0.0,1,0,10,0.0,0.0,0.0,0.0,9.0,0.0,0.0,0.0,0.0,0.0,0.0,0.0
472,1171540,Bundesliga,23/24,Borussia Dortmund,Julien Duranville,Forward,6.4,0.0,0.0,0.0,0.0,0.0,0.0,0.0,10.38,60.0,0.0,0.0,0.0,0.0,0.0,0.0,0.0,0.0,0.0,0.0,0.0,0.0,0.0,0.0,3.46,0.0,0.0,0,0.0,0.0,0.0,0.0,0.0,0.0,0.0,0.0,0.0,0.0,13.85,0.0,13.85,0.0,0.0,0.0,0.0,0.0,0.0,0.0,0.0,2,0,26,0.0,0.0,10.38,0.0,45.0,13.85,17.31,38.46,13.85,33.33,3.46,100.0
473,608362,Bundesliga,23/24,SV Werder Bremen,Oliver Burke,Forward,6.4,0.0,0.0,0.0,0.0,0.0,0.0,0.0,2.9,100.0,0.0,0.0,0.0,0.0,0.0,0.0,0.0,0.0,0.0,0.0,0.0,0.0,0.0,0.0,0.0,0.0,0.0,0,5.81,0.0,0.0,0.0,0.0,0.0,0.0,0.0,0.0,0.0,17.42,8.71,8.71,50.0,8.71,0.0,0.0,0.0,0.0,0.0,0.0,1,0,31,0.0,0.0,0.0,0.0,17.42,0.0,2.9,33.33,2.9,33.33,0.0,0.0
474,609706,Bundesliga,23/24,TSG Hoffenheim,Kasim Adams,Defender,6.4,0.0,0.0,0.0,0.0,0.0,0.0,0.0,0.0,0.0,0.0,0.0,0.0,0.0,0.0,0.0,0.0,0.0,0.0,0.0,0.0,0.0,0.0,0.0,0.0,0.0,0.0,0,0.0,0.0,0.0,0.0,0.0,0.0,0.0,0.0,0.0,0.0,11.25,11.25,0.0,100.0,11.25,0.0,0.0,0.0,0.0,0.0,0.0,1,0,8,0.0,0.0,11.25,0.0,22.5,0.0,0.0,0.0,0.0,0.0,0.0,0.0
475,1048265,Bundesliga,23/24,FC Bayern München,Daniel Peretz,Goalkeeper,6.4,0.0,0.0,0.0,0.0,0.0,0.0,0.0,0.0,0.0,0.0,0.0,0.0,0.0,0.0,0.0,0.0,0.0,0.0,0.0,0.0,0.0,0.0,0.0,0.0,0.0,0.0,0,0.0,0.0,0.0,0.0,0.0,0.0,0.0,0.0,0.0,0.0,78.75,50.62,28.12,64.29,50.62,0.0,0.0,0.0,0.0,0.0,0.0,1,0,16,0.0,0.0,0.0,0.0,28.12,0.0,0.0,0.0,0.0,0.0,0.0,0.0
476,1391596,Bundesliga,23/24,Darmstadt 98,Fabio Torsiello,Midfielder,6.38,0.0,0.15,0.56,2.25,0.0,0.56,0.0,0.56,33.33,0.0,0.0,0.0,0.0,0.0,0.0,0.0,0.0,0.0,0.0,0.0,0.0,0.0,0.0,0.56,0.56,0.56,0,3.94,0.0,0.0,0.0,0.0,0.0,0.0,0.0,0.0,0.0,12.94,10.69,2.25,82.61,2.81,8.44,5.62,0.56,50.0,1.12,40.0,10,1,160,0.0,0.0,2.25,0.0,10.69,1.69,1.12,10.53,1.12,12.5,0.0,0.0
477,1152505,Bundesliga,23/24,FSV Mainz 05,Nelson Weiper,Forward,6.38,0.0,0.36,0.74,1.49,0.0,0.74,0.0,1.49,28.57,0.0,0.0,0.0,0.0,0.0,0.0,0.0,0.0,0.0,0.0,0.0,0.0,0.0,0.0,1.49,0.74,0.0,0,0.74,0.0,0.0,0.0,0.0,0.0,0.0,0.0,0.0,1.49,29.75,17.85,11.9,60.0,2.98,14.88,10.41,0.0,0.0,0.0,0.0,5,1,121,0.0,0.0,0.0,0.0,22.31,0.74,5.21,26.92,2.98,36.36,2.23,20.0
478,1063364,Bundesliga,23/24,SC Freiburg,Kenneth Schmidt,Defender,6.38,0.0,0.02,0.0,1.07,0.0,1.07,0.0,0.0,0.0,0.0,0.0,0.0,0.0,0.0,0.0,0.0,0.0,0.0,0.0,0.0,0.0,0.0,0.0,2.14,1.07,2.14,0,2.14,0.0,0.0,0.0,0.0,0.0,0.0,0.0,0.0,2.14,42.86,38.57,4.29,90.0,27.86,12.86,5.36,2.14,100.0,1.07,50.0,5,0,84,0.0,0.0,1.07,0.0,7.5,1.07,3.21,37.5,2.14,33.33,1.07,50.0
479,994490,Bundesliga,23/24,FC Köln,Mathias Olesen,Midfielder,6.37,0.0,0.02,0.0,0.8,0.0,0.8,0.0,0.8,100.0,0.0,0.0,0.0,0.0,0.0,0.0,0.0,0.0,0.0,0.0,0.0,0.0,0.0,0.0,0.0,1.59,1.59,0,0.0,0.0,0.0,0.0,0.0,0.0,0.0,0.0,0.0,0.8,40.62,32.65,7.96,80.39,15.13,18.32,11.95,0.8,100.0,0.8,25.0,6,0,113,0.0,0.8,2.39,1.59,11.15,1.59,3.19,33.33,2.39,37.5,0.8,25.0
480,980418,Bundesliga,23/24,FC Bayern München,Sacha Boey,Defender,6.35,0.0,0.2,0.0,0.83,0.0,0.83,0.0,1.65,40.0,0.0,0.0,0.0,0.0,0.0,0.0,0.0,0.0,0.0,0.0,0.0,0.0,0.0,0.0,1.65,0.83,1.65,0,0.83,0.0,0.0,0.0,0.0,0.0,0.0,0.0,0.0,0.0,44.59,37.16,7.43,83.33,15.69,21.47,9.91,0.0,0.0,0.0,0.0,2,1,109,0.83,0.0,4.95,2.48,13.21,0.0,6.61,42.11,4.95,40.0,1.65,50.0
481,823092,Bundesliga,23/24,SC Freiburg,Attila Szalai,Defender,6.34,0.0,0.0,0.0,0.23,0.23,0.0,0.0,0.0,0.0,0.0,0.0,0.0,0.0,0.0,0.0,0.23,0.0,0.0,0.0,0.0,0.0,0.0,0.0,0.92,0.46,4.15,0,0.92,0.23,0.0,0.0,0.23,0.0,0.46,0.0,0.0,0.69,54.92,42.69,12.23,77.73,25.85,17.08,4.85,0.23,20.0,1.85,25.81,7,4,390,0.23,0.0,1.62,0.0,15.0,0.46,2.54,34.38,0.92,22.22,1.62,50.0
482,174285,Bundesliga,23/24,Darmstadt 98,Alexander Brunst,Goalkeeper,6.33,0.0,0.0,0.0,0.0,0.0,0.0,0.0,0.0,0.0,0.0,0.0,0.0,0.0,0.0,0.0,0.0,0.0,0.0,0.0,0.0,0.0,0.0,0.0,0.0,0.0,1.0,0,0.67,0.33,0.0,0.0,0.0,0.0,0.0,0.0,0.0,0.0,45.67,30.0,15.67,65.69,20.33,9.67,3.33,0.0,0.0,12.67,45.24,3,3,270,0.67,0.0,0.0,0.67,15.67,0.0,0.67,50.0,0.33,33.33,0.33,100.0
483,1518691,Bundesliga,23/24,VfL Wolfsburg,Bennit Bröger,Forward,6.1,0.0,0.0,0.0,0.0,0.0,0.0,0.0,0.0,0.0,0.0,0.0,0.0,0.0,0.0,0.0,0.0,0.0,0.0,0.0,0.0,0.0,0.0,0.0,0.0,0.0,0.0,0,0.0,0.0,0.0,0.0,0.0,0.0,0.0,0.0,0.0,0.0,36.0,18.0,18.0,50.0,18.0,0.0,0.0,0.0,0.0,0.0,0.0,1,0,10,0.0,0.0,9.0,18.0,45.0,9.0,18.0,28.57,18.0,40.0,0.0,0.0
484,1019011,Bundesliga,23/24,SV Werder Bremen,Isak Hansen Aarøen,Midfielder,6.05,0.0,0.0,0.0,0.0,0.0,0.0,0.0,0.0,0.0,0.0,0.0,0.0,0.0,0.0,0.0,0.0,0.0,0.0,0.0,0.0,0.0,0.0,0.0,0.0,3.6,0.0,0,3.6,0.0,0.0,0.0,0.0,0.0,0.0,0.0,0.0,3.6,46.8,36.0,10.8,76.92,21.6,14.4,7.2,0.0,0.0,0.0,0.0,3,0,25,3.6,0.0,3.6,0.0,28.8,7.2,0.0,0.0,0.0,0.0,0.0,0.0
485,1083382,Bundesliga,23/24,Borussia M'gladbach,Lukas Ullrich,Defender,5.8,0.0,0.0,0.0,0.0,0.0,0.0,0.0,0.0,0.0,0.0,0.0,0.0,0.0,0.0,0.0,0.0,0.0,0.0,0.0,0.0,0.0,0.0,0.0,2.05,0.0,2.05,0,6.14,0.0,0.0,0.0,0.0,0.0,0.0,0.0,0.0,0.0,34.77,18.41,16.36,52.94,10.23,8.18,4.09,0.0,0.0,0.0,0.0,4,0,44,0.0,0.0,0.0,2.05,38.86,6.14,4.09,18.18,4.09,22.22,0.0,0.0
486,40372,Bundesliga,23/24,VfL Bochum 1848,Andreas Luthe,Goalkeeper,5.3,0.0,0.0,0.0,0.0,0.0,0.0,0.0,0.0,0.0,0.0,0.0,0.0,0.0,0.0,0.0,0.0,0.0,0.0,0.0,0.0,0.0,0.0,0.0,0.0,0.0,1.0,0,0.0,0.0,0.0,0.0,0.0,0.0,0.0,0.0,0.0,0.0,47.0,23.0,24.0,48.94,5.0,18.0,10.0,0.0,0.0,20.0,46.51,1,1,90,0.0,0.0,0.0,0.0,24.0,0.0,0.0,0.0,0.0,0.0,0.0,0.0
487,1489202,Bundesliga,23/24,RB Leipzig,Nuha Jatta,Midfielder,0.0,0.0,0.0,0.0,0.0,0.0,0.0,0.0,0.0,0.0,0.0,0.0,0.0,0.0,0.0,0.0,0.0,0.0,0.0,0.0,0.0,0.0,0.0,0.0,0.0,0.0,0.0,0,0.0,0.0,0.0,0.0,0.0,0.0,0.0,0.0,0.0,0.0,0.0,0.0,0.0,0.0,0.0,0.0,0.0,0.0,0.0,0.0,0.0,1,0,1,0.0,0.0,0.0,0.0,0.0,0.0,0.0,0.0,0.0,0.0,0.0,0.0
488,1467703,Bundesliga,23/24,VfL Wolfsburg,Kofi Jeremy Amoako,Midfielder,0.0,0.0,0.0,0.0,0.0,0.0,0.0,0.0,0.0,0.0,0.0,0.0,0.0,0.0,0.0,0.0,0.0,0.0,0.0,0.0,0.0,0.0,0.0,0.0,0.0,0.0,0.0,0,0.0,0.0,0.0,0.0,0.0,0.0,0.0,0.0,0.0,0.0,45.0,0.0,45.0,0.0,0.0,0.0,0.0,0.0,0.0,0.0,0.0,2,0,2,0.0,0.0,0.0,0.0,45.0,0.0,0.0,0.0,0.0,0.0,0.0,0.0
489,1388328,Bundesliga,23/24,FC Augsburg,Mahmut Kücüksahin,Midfielder,0.0,0.0,0.0,0.0,0.0,0.0,0.0,0.0,0.0,0.0,0.0,0.0,0.0,0.0,0.0,0.0,0.0,0.0,0.0,0.0,0.0,0.0,0.0,0.0,0.0,0.0,0.0,0,0.0,0.0,0.0,0.0,0.0,0.0,0.0,0.0,0.0,0.0,360.0,360.0,0.0,100.0,180.0,180.0,90.0,0.0,0.0,0.0,0.0,1,0,1,0.0,0.0,0.0,0.0,0.0,0.0,0.0,0.0,0.0,0.0,0.0,0.0
490,796358,Bundesliga,23/24,TSG Hoffenheim,Diadié Samassékou,Midfielder,0.0,0.0,0.0,0.0,0.0,0.0,0.0,0.0,0.0,0.0,0.0,0.0,0.0,0.0,0.0,0.0,0.0,0.0,0.0,0.0,0.0,0.0,0.0,0.0,0.0,90.0,0.0,0,0.0,0.0,0.0,0.0,0.0,0.0,0.0,0.0,0.0,0.0,180.0,180.0,0.0,100.0,180.0,0.0,0.0,0.0,0.0,0.0,0.0,1,0,1,0.0,0.0,0.0,90.0,0.0,0.0,90.0,100.0,90.0,100.0,0.0,0.0
491,940236,Bundesliga,23/24,FC Heidenheim,Thomas Keller,Defender,0.0,0.0,0.0,0.0,0.0,0.0,0.0,0.0,0.0,0.0,0.0,0.0,0.0,0.0,0.0,0.0,0.0,0.0,0.0,0.0,0.0,0.0,0.0,0.0,0.0,0.0,0.0,0,0.0,0.0,0.0,0.0,0.0,0.0,0.0,0.0,0.0,0.0,315.0,225.0,90.0,71.43,90.0,135.0,45.0,0.0,0.0,45.0,33.33,2,0,2,0.0,0.0,45.0,0.0,135.0,0.0,0.0,0.0,0.0,0.0,0.0,0.0
492,1606622,Bundesliga,23/24,RB Leipzig,Jonathan Norbye,Defender,0.0,0.0,0.0,0.0,0.0,0.0,0.0,0.0,0.0,0.0,0.0,0.0,0.0,0.0,0.0,0.0,0.0,0.0,0.0,0.0,0.0,0.0,0.0,0.0,0.0,0.0,0.0,0,0.0,0.0,0.0,0.0,0.0,0.0,0.0,0.0,0.0,0.0,90.0,90.0,0.0,100.0,90.0,0.0,0.0,0.0,0.0,0.0,0.0,1,0,1,0.0,0.0,0.0,0.0,0.0,0.0,0.0,0.0,0.0,0.0,0.0,0.0
493,1146545,Bundesliga,23/24,FC Bayern München,Jonathan Asp Jensen,Forward,0.0,0.0,0.0,0.0,0.0,0.0,0.0,0.0,0.0,0.0,0.0,0.0,0.0,0.0,0.0,0.0,0.0,0.0,0.0,0.0,0.0,0.0,0.0,0.0,0.0,0.0,90.0,0,0.0,0.0,0.0,0.0,0.0,0.0,0.0,0.0,0.0,0.0,0.0,0.0,0.0,0.0,0.0,0.0,0.0,0.0,0.0,0.0,0.0,1,0,1,0.0,0.0,0.0,0.0,0.0,0.0,0.0,0.0,0.0,0.0,0.0,0.0
494,1536650,Bundesliga,23/24,SV Werder Bremen,Joel Imasuen,Forward,0.0,0.0,0.0,0.0,0.0,0.0,0.0,0.0,0.0,0.0,0.0,0.0,0.0,0.0,0.0,0.0,0.0,0.0,0.0,0.0,0.0,0.0,0.0,0.0,0.0,0.0,0.0,0,0.0,0.0,0.0,0.0,0.0,0.0,0.0,0.0,0.0,0.0,90.0,90.0,0.0,100.0,0.0,90.0,90.0,0.0,0.0,0.0,0.0,1,0,1,0.0,0.0,0.0,0.0,0.0,0.0,0.0,0.0,0.0,0.0,0.0,0.0
