#,Player ID,League,Team,Name,Position,Sofascore Rating,Goals,xG,Big chances missed,Total shots,Shots on target,Shots off target,Goal conversion %,Succ. dribbles,Succ. dribbles %,Goals inside box,Goals outside box,Headed goals,Left-footed goals,Right-footed goals,Hit woodwork,Offsides,Penalties won,Penalties taken,Penalty goals,Penalty conversion %,Free kick goals,Shots from set piece,Set piece conv. %,Tackles,Interceptions,Clearances,Blocked shots,Dribbled past,Errors leading to goal,Errors leading to shot,Penalties committed,Own goals,Clean sheets,Big chances created,Assists,Passes to assist,Key passes,Total passes,Accurate passes,Inaccurate passes,Accurate passes %,Passes in own half,Passes in opp. half,Acc. final third passes,Accurate crosses,Accurate crosses %,Accurate long balls,Accurate long balls %,Appearances,Started,Minutes played,Yellow cards,Red cards,Fouls,Was fouled,Possession lost,Dispossessed,Total duels won,Total duels won %,Ground duels won,Ground duels won %,Aerial duels won,Aerial duels won %
1,1402912,La Liga,FC Barcelona,Lamine Yamal,Midfielder,7.93,0.57,0.46,0.25,4.18,1.32,1.71,13.68,4.75,54.73,0.5,0.07,0.0,0.5,0.07,0.14,0.5,0.07,0.14,0.11,75.0,0.0,0.14,0.0,1.25,0.36,0.11,0.0,0.39,0.0,0.0,0.0,0.0,0.21,0.93,0.39,0.04,2.61,48.18,39.07,9.11,81.1,7.68,31.39,20.32,0.82,28.05,1.14,47.06,28,26,2268,0.04,0.0,1.0,1.86,20.32,1.43,7.86,53.14,7.86,53.79,0.0,0.0
2,1085579,La Liga,Levante UD,Pablo Cuñat,Goalkeeper,7.75,0.0,0.0,0.0,0.0,0.0,0.0,0.0,0.0,0.0,0.0,0.0,0.0,0.0,0.0,0.0,0.0,0.0,0.0,0.0,0.0,0.0,0.0,0.0,0.0,0.0,3.0,0.0,0.0,0.0,0.0,0.0,0.0,0.0,0.0,0.0,0.0,0.0,28.5,14.5,14.0,50.88,10.0,4.5,1.5,0.0,0.0,7.5,35.71,2,2,180,0.0,0.0,0.0,0.0,14.0,0.0,1.0,100.0,0.0,0.0,1.0,100.0
3,1464652,La Liga,FC Barcelona,Álvaro Cortés,Defender,7.6,0.0,0.0,0.0,0.0,0.0,0.0,0.0,1.0,100.0,0.0,0.0,0.0,0.0,0.0,0.0,0.0,0.0,0.0,0.0,0.0,0.0,0.0,0.0,1.0,1.0,5.0,1.0,0.0,0.0,0.0,0.0,0.0,0.0,0.0,0.0,0.0,0.0,92.0,87.0,5.0,94.57,50.0,37.0,9.0,0.0,0.0,5.0,62.5,1,1,90,0.0,0.0,0.0,1.0,7.0,1.0,7.0,53.85,3.0,75.0,4.0,44.44
4,99516,La Liga,Osasuna,Aitor Fernández,Goalkeeper,7.6,0.0,0.0,0.0,0.0,0.0,0.0,0.0,0.5,100.0,0.0,0.0,0.0,0.0,0.0,0.0,0.0,0.0,0.0,0.0,0.0,0.0,0.0,0.0,0.0,0.0,0.5,0.0,0.0,0.0,0.0,0.0,0.0,0.0,0.0,0.0,0.0,0.0,25.5,15.5,10.0,60.78,10.0,5.5,0.5,0.0,0.0,8.0,44.44,2,1,136,1.0,0.0,0.0,0.0,10.0,0.0,0.5,100.0,0.5,100.0,0.0,0.0
5,992587,La Liga,FC Barcelona,Pedri,Midfielder,7.56,0.07,0.05,0.14,0.72,0.34,0.21,9.52,1.28,67.27,0.03,0.03,0.0,0.03,0.03,0.0,0.03,0.0,0.0,0.0,0.0,0.0,0.0,0.0,1.72,0.83,0.79,0.07,1.07,0.0,0.03,0.0,0.0,0.14,0.28,0.31,0.03,2.21,70.86,64.9,5.97,91.58,20.79,44.1,22.9,0.17,38.46,3.24,68.61,29,23,2107,0.0,0.03,0.31,1.48,9.17,1.0,4.83,61.14,4.48,59.91,0.34,83.33
6,826643,La Liga,Real Madrid,Kylian Mbappé,Forward,7.54,0.8,0.79,0.67,4.7,2.03,1.47,17.02,2.57,52.38,0.63,0.17,0.0,0.07,0.73,0.1,1.13,0.13,0.3,0.27,88.89,0.0,0.2,0.0,0.13,0.07,0.0,0.0,0.27,0.0,0.0,0.0,0.0,0.27,0.27,0.17,0.0,2.17,31.97,27.73,4.23,86.76,4.6,23.13,16.5,0.2,22.22,1.07,80.0,30,28,2514,0.13,0.0,0.43,1.13,11.17,1.37,4.07,48.22,3.83,47.33,0.23,70.0
7,831005,La Liga,FC Barcelona,Raphinha,Midfielder,7.51,0.59,0.47,0.27,2.95,1.09,1.14,20.0,0.95,51.22,0.45,0.14,0.05,0.45,0.09,0.23,0.18,0.05,0.14,0.14,100.0,0.05,0.18,25.0,0.68,0.23,0.5,0.05,0.64,0.0,0.0,0.0,0.0,0.14,0.5,0.14,0.09,1.95,29.05,23.59,5.45,81.22,5.86,17.73,11.32,0.86,25.68,1.23,57.45,22,18,1388,0.23,0.0,0.45,0.45,11.27,0.59,2.23,44.95,2.09,45.1,0.14,42.86
8,1544428,La Liga,Atlético Madrid,Iker Luque,Midfielder,7.5,1.0,0.4,1.0,3.0,2.0,1.0,33.33,0.0,0.0,0.0,1.0,0.0,0.0,1.0,0.0,0.0,0.0,0.0,0.0,0.0,0.0,0.0,0.0,1.0,0.0,0.0,0.0,0.0,0.0,0.0,0.0,0.0,0.0,0.0,0.0,0.0,0.0,7.0,6.0,1.0,85.71,1.0,5.0,3.0,0.0,0.0,0.0,0.0,1,0,27,0.0,0.0,2.0,0.0,4.0,1.0,2.0,33.33,1.0,25.0,1.0,50.0
9,868812,La Liga,Real Madrid,Vinicius Júnior,Forward,7.5,0.44,0.38,0.36,2.81,1.28,0.81,15.84,2.42,44.62,0.39,0.06,0.0,0.06,0.39,0.11,0.36,0.11,0.14,0.11,80.0,0.0,0.0,0.0,0.81,0.06,0.03,0.0,0.36,0.0,0.03,0.0,0.0,0.11,0.19,0.14,0.0,1.94,31.36,26.08,5.28,83.17,3.53,22.56,15.42,0.25,14.75,1.06,64.41,36,32,2825,0.22,0.0,1.06,2.25,14.19,1.22,5.47,48.88,5.47,49.62,0.0,0.0
10,965832,La Liga,Rayo Vallecano,Dani Cárdenas,Goalkeeper,7.43,0.0,0.0,0.0,0.0,0.0,0.0,0.0,0.0,0.0,0.0,0.0,0.0,0.0,0.0,0.0,0.0,0.0,0.0,0.0,0.0,0.0,0.0,0.0,0.33,0.0,2.67,0.0,0.0,0.0,0.0,0.0,0.0,0.33,0.0,0.0,0.0,0.0,31.0,20.33,10.67,65.59,16.0,4.33,1.33,0.0,0.0,7.67,41.82,3,3,270,0.0,0.0,0.0,0.0,11.33,0.0,0.33,100.0,0.33,100.0,0.0,0.0
11,556884,La Liga,Elche,Matías Dituro,Goalkeeper,7.4,0.0,0.0,0.0,0.0,0.0,0.0,0.0,0.0,0.0,0.0,0.0,0.0,0.0,0.0,0.0,0.0,0.0,0.0,0.0,0.0,0.0,0.0,0.0,0.0,0.05,1.1,0.0,0.24,0.05,0.14,0.0,0.0,0.19,0.0,0.0,0.05,0.14,53.67,40.86,12.81,76.13,32.38,8.48,2.52,0.0,0.0,12.52,50.87,21,21,1890,0.05,0.0,0.0,0.33,13.1,0.0,0.86,78.26,0.29,54.55,0.57,100.0
12,930267,La Liga,FC Barcelona,Joan García,Goalkeeper,7.34,0.0,0.0,0.0,0.0,0.0,0.0,0.0,0.03,100.0,0.0,0.0,0.0,0.0,0.0,0.0,0.0,0.0,0.0,0.0,0.0,0.0,0.0,0.0,0.2,0.1,1.33,0.0,0.0,0.03,0.0,0.0,0.0,0.5,0.0,0.0,0.0,0.0,28.53,25.6,2.93,89.72,24.73,0.87,0.13,0.0,0.0,2.93,51.16,30,30,2700,0.03,0.0,0.0,0.13,3.1,0.03,0.6,94.74,0.37,91.67,0.23,100.0
13,831808,La Liga,Real Madrid,Federico Valverde,Midfielder,7.31,0.16,0.09,0.03,1.56,0.66,0.59,10.0,0.69,62.86,0.06,0.09,0.0,0.0,0.16,0.03,0.03,0.0,0.0,0.0,0.0,0.0,0.12,0.0,1.28,0.72,1.56,0.25,0.34,0.03,0.03,0.0,0.0,0.31,0.25,0.25,0.0,1.34,56.53,50.84,5.69,89.94,17.34,33.5,17.81,0.22,23.33,2.0,60.95,32,30,2656,0.09,0.03,0.56,0.41,7.97,0.25,3.06,60.87,2.38,60.32,0.69,62.86
14,1176744,La Liga,Real Madrid,Dean Huijsen,Defender,7.31,0.07,0.08,0.07,0.74,0.19,0.41,10.0,0.07,100.0,0.07,0.0,0.04,0.0,0.04,0.0,0.04,0.0,0.0,0.0,0.0,0.0,0.0,0.0,1.15,0.7,4.78,0.63,0.22,0.0,0.11,0.04,0.0,0.26,0.04,0.07,0.0,0.37,60.85,54.7,6.15,89.9,27.67,27.04,9.37,0.0,0.0,4.19,64.57,27,24,2017,0.26,0.04,0.78,0.48,6.56,0.07,3.56,61.94,1.7,63.89,1.85,60.24
15,795222,La Liga,FC Barcelona,Frenkie de Jong,Midfielder,7.3,0.04,0.05,0.0,0.29,0.08,0.12,14.29,0.21,71.43,0.04,0.0,0.0,0.0,0.04,0.0,0.08,0.0,0.0,0.0,0.0,0.0,0.0,0.0,1.88,0.71,0.62,0.17,0.42,0.0,0.0,0.0,0.0,0.21,0.38,0.21,0.0,1.46,61.58,57.96,3.62,94.11,18.0,39.96,19.17,0.17,66.67,1.88,81.82,24,16,1609,0.17,0.04,0.42,1.12,5.08,0.5,3.54,66.93,3.21,69.37,0.33,50.0
16,1011375,La Liga,Real Betis,Abdessamad Ezzalzouli,Midfielder,7.28,0.32,0.3,0.29,2.57,0.89,0.96,12.5,1.39,46.43,0.29,0.04,0.0,0.07,0.25,0.14,0.14,0.04,0.0,0.0,0.0,0.0,0.11,0.0,1.86,0.57,0.46,0.04,0.89,0.0,0.04,0.0,0.0,0.11,0.39,0.29,0.0,1.04,27.43,21.71,5.71,79.17,5.89,15.82,9.07,0.29,14.55,0.5,60.87,28,25,2175,0.11,0.0,0.93,2.46,13.46,1.43,6.79,52.34,5.71,55.17,1.07,41.1
17,822519,La Liga,Real Madrid,Éder Militão,Defender,7.27,0.12,0.11,0.06,1.31,0.56,0.56,9.52,0.19,50.0,0.06,0.06,0.06,0.0,0.06,0.06,0.0,0.0,0.0,0.0,0.0,0.0,0.0,0.0,1.44,0.69,3.25,0.75,0.19,0.0,0.06,0.0,0.0,0.25,0.12,0.06,0.0,0.5,47.94,43.56,4.38,90.87,25.0,18.56,5.44,0.0,0.0,2.69,53.09,16,14,1141,0.12,0.0,0.94,0.81,5.31,0.06,4.06,61.32,2.44,66.1,1.62,55.32
18,991421,La Liga,Girona FC,Azzedine Ounahi,Midfielder,7.27,0.22,0.15,0.0,2.17,0.78,0.7,10.0,2.96,52.31,0.17,0.04,0.0,0.0,0.22,0.04,0.0,0.04,0.04,0.04,100.0,0.0,0.09,0.0,1.0,0.7,0.39,0.04,0.96,0.0,0.0,0.0,0.0,0.04,0.48,0.09,0.04,1.48,38.17,32.96,5.22,86.33,9.43,23.52,15.7,0.43,27.03,1.13,59.09,23,19,1676,0.3,0.0,0.78,2.52,14.35,1.65,6.65,51.34,6.43,51.39,0.22,50.0
19,134029,La Liga,Levante UD,Mathew Ryan,Goalkeeper,7.25,0.0,0.0,0.0,0.06,0.0,0.03,0.0,0.0,0.0,0.0,0.0,0.0,0.0,0.0,0.0,0.0,0.0,0.0,0.0,0.0,0.0,0.0,0.0,0.06,0.03,1.2,0.0,0.03,0.0,0.03,0.0,0.0,0.26,0.0,0.0,0.0,0.0,32.11,22.63,9.49,70.46,17.86,4.77,1.51,0.0,0.0,7.89,46.08,35,35,3150,0.11,0.0,0.0,0.03,9.66,0.0,0.57,90.91,0.11,80.0,0.46,94.12
20,991011,La Liga,Real Madrid,Jude Bellingham,Midfielder,7.24,0.19,0.26,0.3,1.81,0.89,0.22,10.2,1.33,55.38,0.15,0.04,0.04,0.04,0.11,0.0,0.11,0.0,0.0,0.0,0.0,0.0,0.0,0.0,1.89,0.48,0.63,0.07,0.44,0.0,0.0,0.0,0.0,0.26,0.15,0.15,0.0,1.33,41.56,37.0,4.56,89.04,12.37,24.63,13.11,0.15,25.0,2.48,78.82,27,21,1843,0.07,0.0,1.11,1.89,8.89,1.19,6.37,58.5,5.07,58.3,1.3,59.32
21,368922,La Liga,Real Oviedo,Aarón Escandell,Goalkeeper,7.24,0.0,0.0,0.0,0.0,0.0,0.0,0.0,0.06,100.0,0.0,0.0,0.0,0.0,0.0,0.0,0.0,0.0,0.0,0.0,0.0,0.0,0.0,0.0,0.0,0.0,1.36,0.0,0.0,0.06,0.06,0.0,0.0,0.28,0.03,0.03,0.0,0.06,34.5,22.81,11.69,66.1,17.17,5.64,1.31,0.0,0.0,8.31,42.23,36,36,3240,0.08,0.0,0.03,0.22,12.0,0.0,0.39,100.0,0.25,100.0,0.14,100.0
22,859025,La Liga,Real Madrid,Aurélien Tchouaméni,Midfielder,7.23,0.03,0.08,0.12,1.36,0.21,0.7,2.22,0.09,30.0,0.03,0.0,0.0,0.0,0.03,0.0,0.0,0.0,0.0,0.0,0.0,0.0,0.0,0.0,2.06,1.42,1.67,0.39,0.48,0.0,0.06,0.0,0.0,0.24,0.12,0.0,0.0,0.76,57.97,53.06,4.91,91.53,21.45,31.61,12.97,0.03,14.29,2.0,61.68,33,31,2622,0.24,0.0,0.94,0.82,6.18,0.15,5.15,68.0,2.97,63.23,2.18,75.79
23,593526,La Liga,Villarreal,Nicolas Pépé,Forward,7.21,0.23,0.23,0.2,1.69,0.69,0.49,13.56,1.69,48.36,0.23,0.0,0.0,0.23,0.0,0.09,0.4,0.06,0.03,0.03,100.0,0.0,0.03,0.0,0.89,0.43,0.69,0.03,0.63,0.0,0.0,0.0,0.0,0.09,0.34,0.17,0.09,1.57,23.6,19.37,4.23,82.08,6.14,13.23,9.09,0.66,32.39,0.49,53.13,35,25,2306,0.11,0.0,0.66,1.17,11.09,1.23,4.2,45.79,3.71,46.59,0.49,40.48
24,1884145,La Liga,Getafe,Christantus Uche,Forward,7.2,0.33,0.47,0.33,2.0,0.33,1.0,16.67,2.0,40.0,0.33,0.0,0.0,0.33,0.0,0.0,0.33,0.0,0.0,0.0,0.0,0.0,0.0,0.0,0.67,0.0,0.67,0.0,0.0,0.0,0.0,0.0,0.0,0.33,0.33,0.33,0.0,1.33,14.33,9.0,5.33,62.79,1.33,7.67,6.0,0.33,100.0,0.33,25.0,3,3,270,0.33,0.0,3.33,2.67,18.33,2.67,8.0,41.38,5.0,35.71,3.0,56.25
25,958380,La Liga,Real Betis,Antony,Midfielder,7.2,0.26,0.28,0.42,2.74,1.06,0.97,9.41,0.74,43.4,0.1,0.16,0.0,0.23,0.03,0.06,0.06,0.0,0.0,0.0,0.0,0.0,0.0,0.0,1.19,0.77,0.55,0.03,0.77,0.0,0.03,0.0,0.0,0.06,0.29,0.19,0.0,1.71,36.94,30.23,6.71,81.83,8.71,21.52,13.65,0.48,23.44,0.65,54.05,31,29,2369,0.16,0.03,0.58,1.39,11.61,0.68,3.55,51.16,3.32,53.09,0.23,33.33
26,823631,La Liga,Sevilla,Dodi Lukebakio,Midfielder,7.2,0.5,0.04,0.0,1.0,0.5,0.5,50.0,0.5,33.33,0.0,0.5,0.0,0.5,0.0,0.5,0.0,0.0,0.0,0.0,0.0,0.0,0.0,0.0,0.0,0.5,0.0,0.0,0.5,0.0,0.0,0.0,0.0,0.0,0.5,0.0,0.0,4.5,36.0,31.0,5.0,86.11,9.0,22.0,12.5,2.5,50.0,2.5,71.43,2,2,180,0.0,0.0,1.5,1.5,15.0,1.0,2.0,36.36,2.0,36.36,0.0,0.0
27,1091116,La Liga,Real Madrid,Arda Güler,Midfielder,7.19,0.12,0.14,0.09,1.53,0.59,0.5,8.16,0.84,62.79,0.09,0.03,0.03,0.09,0.0,0.0,0.09,0.0,0.0,0.0,0.0,0.0,0.03,0.0,1.44,0.28,0.28,0.06,0.66,0.03,0.03,0.03,0.0,0.06,0.44,0.28,0.0,2.19,41.91,38.0,3.91,90.68,11.47,26.53,16.16,1.22,30.23,2.25,72.73,32,25,2010,0.03,0.0,0.66,1.0,9.09,0.5,3.41,57.07,3.28,58.99,0.12,30.77
28,794949,La Liga,Elche,Iñaki Peña,Goalkeeper,7.19,0.0,0.0,0.0,0.0,0.0,0.0,0.0,0.0,0.0,0.0,0.0,0.0,0.0,0.0,0.0,0.0,0.0,0.0,0.0,0.0,0.0,0.0,0.0,0.0,0.0,1.25,0.0,0.31,0.06,0.06,0.0,0.0,0.25,0.06,0.0,0.0,0.19,55.56,41.12,14.44,74.02,35.94,5.19,1.94,0.0,0.0,7.38,34.81,16,16,1440,0.0,0.0,0.0,0.06,14.75,0.0,0.19,37.5,0.0,0.0,0.19,100.0
29,604258,La Liga,Getafe,David Soria,Goalkeeper,7.19,0.0,0.0,0.0,0.0,0.0,0.0,0.0,0.0,0.0,0.0,0.0,0.0,0.0,0.0,0.0,0.0,0.0,0.0,0.0,0.0,0.0,0.0,0.0,0.0,0.0,0.95,0.0,0.0,0.08,0.0,0.0,0.0,0.3,0.0,0.0,0.0,0.03,29.46,13.11,16.35,44.5,4.89,8.22,2.32,0.0,0.0,10.05,38.15,37,37,3330,0.05,0.0,0.0,0.08,16.76,0.0,0.14,83.33,0.05,100.0,0.08,75.0
30,1402913,La Liga,FC Barcelona,Pau Cubarsí,Defender,7.18,0.03,0.02,0.0,0.32,0.06,0.16,10.0,0.03,100.0,0.03,0.0,0.03,0.0,0.0,0.0,0.0,0.0,0.0,0.0,0.0,0.0,0.0,0.0,1.35,0.97,4.74,0.39,0.42,0.0,0.06,0.0,0.0,0.35,0.03,0.0,0.0,0.16,89.32,84.81,4.52,94.94,51.81,33.0,7.97,0.0,0.0,2.29,57.72,31,31,2708,0.1,0.0,0.81,0.29,4.94,0.13,3.77,60.0,1.68,57.14,2.1,62.5
31,609752,La Liga,Valencia,Guido Rodríguez,Midfielder,7.18,0.2,0.06,0.0,0.93,0.27,0.53,21.43,0.6,50.0,0.2,0.0,0.07,0.0,0.13,0.0,0.0,0.0,0.0,0.0,0.0,0.0,0.0,0.0,2.47,0.6,2.6,0.47,1.33,0.0,0.13,0.07,0.0,0.2,0.07,0.0,0.0,0.47,45.47,39.6,5.87,87.1,19.8,19.8,9.53,0.07,50.0,1.73,50.0,15,13,1218,0.27,0.0,1.07,1.73,8.67,1.13,6.0,55.21,4.8,54.96,1.2,56.25
32,138892,La Liga,FC Barcelona,João Cancelo,Defender,7.16,0.13,0.03,0.0,0.87,0.27,0.27,15.38,1.47,51.16,0.07,0.07,0.0,0.07,0.07,0.07,0.27,0.07,0.0,0.0,0.0,0.0,0.07,0.0,1.73,0.67,1.07,0.13,1.0,0.0,0.2,0.0,0.0,0.27,0.4,0.13,0.0,1.0,35.67,31.07,4.6,87.1,14.33,16.73,8.87,0.67,34.48,0.93,53.85,15,11,945,0.07,0.0,0.67,0.87,9.4,0.33,4.53,54.84,4.07,54.46,0.47,58.33
33,1094106,La Liga,Atlético Madrid,Marc Pubill,Defender,7.16,0.0,0.03,0.0,0.56,0.17,0.33,0.0,0.22,80.0,0.0,0.0,0.0,0.0,0.0,0.0,0.06,0.0,0.0,0.0,0.0,0.0,0.0,0.0,1.33,1.11,4.72,0.83,0.17,0.0,0.11,0.0,0.0,0.28,0.06,0.06,0.0,0.17,48.44,42.56,5.89,87.84,27.33,15.22,4.0,0.11,25.0,1.28,37.7,18,14,1337,0.11,0.0,0.89,0.78,7.67,0.28,5.61,71.13,2.33,63.64,3.28,77.63
34,286167,La Liga,Elche,Aleix Febas,Midfielder,7.15,0.06,0.06,0.03,0.66,0.23,0.17,8.7,1.46,57.95,0.06,0.0,0.0,0.0,0.06,0.03,0.03,0.0,0.0,0.0,0.0,0.0,0.0,0.0,2.09,0.71,0.63,0.11,0.77,0.0,0.06,0.03,0.0,0.2,0.09,0.06,0.0,0.77,55.23,49.51,5.71,89.65,17.14,32.37,16.74,0.09,12.0,1.23,66.15,35,35,3082,0.29,0.0,0.94,3.11,10.97,1.34,6.8,60.41,6.63,62.2,0.17,28.57
35,873189,La Liga,Villarreal,Juan Foyth,Defender,7.15,0.0,0.01,0.0,0.15,0.0,0.08,0.0,0.23,75.0,0.0,0.0,0.0,0.0,0.0,0.0,0.0,0.0,0.0,0.0,0.0,0.0,0.0,0.0,1.54,1.23,4.31,0.77,0.08,0.0,0.15,0.0,0.0,0.23,0.0,0.0,0.0,0.0,43.46,39.0,4.46,89.73,27.15,11.85,3.46,0.08,100.0,2.38,52.54,13,12,936,0.15,0.0,0.62,0.08,4.85,0.08,2.54,64.71,1.85,68.57,0.69,56.25
36,146866,La Liga,Villarreal,Gerard Moreno,Forward,7.13,0.45,0.29,0.14,1.77,0.73,0.5,25.64,0.77,54.84,0.36,0.09,0.09,0.32,0.05,0.0,0.27,0.05,0.14,0.14,100.0,0.0,0.0,0.0,0.68,0.18,0.77,0.05,0.82,0.0,0.0,0.0,0.0,0.0,0.18,0.0,0.0,1.05,25.82,20.45,5.36,79.23,8.09,12.36,7.59,0.09,18.18,1.68,67.27,22,16,1350,0.0,0.0,0.64,0.73,8.91,0.82,3.05,45.27,2.18,44.44,0.86,47.5
37,94527,La Liga,Espanyol,Marko Dmitrović,Goalkeeper,7.13,0.0,0.0,0.0,0.0,0.0,0.0,0.0,0.0,0.0,0.0,0.0,0.0,0.0,0.0,0.0,0.0,0.0,0.0,0.0,0.0,0.0,0.0,0.0,0.08,0.0,0.89,0.0,0.05,0.03,0.05,0.0,0.0,0.27,0.0,0.0,0.0,0.03,26.7,14.43,12.27,54.05,9.81,4.62,1.92,0.0,0.0,5.78,32.13,37,37,3330,0.0,0.0,0.0,0.14,12.57,0.0,0.41,88.24,0.19,77.78,0.22,100.0
38,816763,La Liga,Real Betis,Pablo Fornals,Midfielder,7.11,0.22,0.1,0.06,1.17,0.47,0.28,19.05,0.67,53.33,0.14,0.08,0.03,0.0,0.19,0.03,0.36,0.0,0.0,0.0,0.0,0.03,0.06,50.0,1.08,0.94,0.56,0.08,1.06,0.0,0.0,0.0,0.0,0.11,0.28,0.17,0.06,2.33,47.81,41.39,6.42,86.58,15.17,26.22,14.31,0.97,25.18,2.53,67.41,36,33,2785,0.06,0.0,0.89,0.72,12.11,0.83,2.86,39.62,2.44,42.51,0.42,28.3
39,50490,La Liga,FC Barcelona,Wojciech Szczęsny,Goalkeeper,7.11,0.0,0.0,0.0,0.0,0.0,0.0,0.0,0.0,0.0,0.0,0.0,0.0,0.0,0.0,0.0,0.0,0.0,0.0,0.0,0.0,0.0,0.0,0.0,0.0,0.0,1.57,0.0,0.0,0.0,0.0,0.0,0.0,0.0,0.0,0.0,0.0,0.0,29.0,24.0,5.0,82.76,23.14,0.86,0.29,0.0,0.0,2.29,32.0,7,7,630,0.0,0.0,0.0,0.0,5.71,0.0,0.0,0.0,0.0,0.0,0.0,0.0
40,876214,La Liga,FC Barcelona,Eric García,Defender,7.11,0.03,0.09,0.09,0.73,0.21,0.3,4.17,0.06,25.0,0.03,0.0,0.0,0.03,0.0,0.0,0.03,0.0,0.0,0.0,0.0,0.0,0.0,0.0,2.18,1.39,2.36,0.21,0.7,0.0,0.03,0.03,0.0,0.33,0.09,0.06,0.0,0.91,68.97,63.58,5.39,92.18,29.73,33.85,14.73,0.03,7.14,2.03,55.37,33,31,2668,0.18,0.0,1.0,0.73,7.12,0.3,4.24,56.91,2.94,58.43,1.3,53.75
41,2282845,La Liga,Mallorca,Javier Olaizola,Defender,7.1,0.0,0.0,0.0,0.0,0.0,0.0,0.0,0.0,0.0,0.0,0.0,0.0,0.0,0.0,0.0,0.0,0.0,0.0,0.0,0.0,0.0,0.0,0.0,1.0,0.0,4.0,0.0,0.0,0.0,0.0,0.0,0.0,0.0,0.0,0.0,0.0,0.0,46.0,40.0,6.0,86.96,22.0,18.0,1.0,1.0,50.0,4.0,66.67,1,0,45,0.0,0.0,0.0,1.0,7.0,0.0,4.0,100.0,2.0,100.0,2.0,100.0
42,84539,La Liga,Atlético Madrid,Koke,Midfielder,7.1,0.06,0.02,0.0,0.42,0.12,0.15,14.29,0.09,33.33,0.03,0.03,0.0,0.0,0.06,0.0,0.0,0.0,0.0,0.0,0.0,0.0,0.0,0.0,1.52,0.52,0.73,0.15,0.91,0.0,0.03,0.0,0.0,0.15,0.09,0.06,0.0,0.97,55.15,50.82,4.33,92.14,23.85,26.97,12.67,0.36,30.77,2.88,68.84,33,23,2146,0.18,0.0,0.64,0.67,6.55,0.55,2.67,49.44,2.27,50.0,0.39,46.43
43,69768,La Liga,Atlético Madrid,Jan Oblak,Goalkeeper,7.1,0.0,0.0,0.0,0.0,0.0,0.0,0.0,0.0,0.0,0.0,0.0,0.0,0.0,0.0,0.0,0.0,0.0,0.0,0.0,0.0,0.0,0.0,0.0,0.0,0.0,0.8,0.0,0.07,0.0,0.0,0.0,0.0,0.37,0.0,0.0,0.0,0.0,29.53,21.67,7.87,73.36,17.57,4.1,0.53,0.0,0.0,6.87,46.82,30,30,2700,0.0,0.0,0.0,0.13,7.93,0.0,0.27,72.73,0.1,60.0,0.17,83.33
44,1521733,La Liga,Girona FC,Vladyslav Krapyvtsov,Goalkeeper,7.1,0.0,0.0,0.0,0.0,0.0,0.0,0.0,0.0,0.0,0.0,0.0,0.0,0.0,0.0,0.0,0.0,0.0,0.0,0.0,0.0,0.0,0.0,0.0,0.0,0.0,1.0,0.0,0.0,0.0,0.0,0.0,0.0,0.0,0.0,0.0,0.0,0.0,19.5,12.5,7.0,64.1,10.5,2.0,1.0,0.0,0.0,4.0,36.36,2,1,136,0.0,0.0,0.0,0.5,7.0,0.0,0.5,100.0,0.5,100.0,0.0,0.0
45,984624,La Liga,Villarreal,Yéremy Pino,Forward,7.1,0.0,0.08,0.0,1.0,0.5,0.5,0.0,0.0,0.0,0.0,0.0,0.0,0.0,0.0,0.0,0.0,0.0,0.0,0.0,0.0,0.0,0.0,0.0,1.0,1.0,1.0,0.5,1.0,0.0,0.0,0.0,0.0,0.5,1.0,0.5,0.5,3.5,44.0,36.5,7.5,82.95,6.0,30.5,21.0,2.0,33.33,0.5,33.33,2,2,160,0.0,0.0,1.0,0.0,16.5,0.0,1.0,20.0,1.0,25.0,0.0,0.0
46,857574,La Liga,Real Madrid,Andriy Lunin,Goalkeeper,7.08,0.0,0.0,0.0,0.0,0.0,0.0,0.0,0.0,0.0,0.0,0.0,0.0,0.0,0.0,0.0,0.0,0.0,0.0,0.0,0.0,0.0,0.0,0.0,0.17,0.0,0.5,0.0,0.0,0.0,0.0,0.0,0.0,0.17,0.0,0.0,0.0,0.0,34.83,30.5,4.33,87.56,28.67,1.83,1.17,0.0,0.0,5.67,57.63,6,6,540,0.0,0.17,0.0,0.0,4.5,0.0,0.33,100.0,0.17,100.0,0.17,100.0
47,548848,La Liga,Real Betis,Pau López,Goalkeeper,7.08,0.0,0.0,0.0,0.0,0.0,0.0,0.0,0.0,0.0,0.0,0.0,0.0,0.0,0.0,0.0,0.0,0.0,0.0,0.0,0.0,0.0,0.0,0.0,0.11,0.0,0.78,0.0,0.11,0.0,0.11,0.0,0.0,0.22,0.0,0.0,0.0,0.0,27.11,20.78,6.33,76.64,18.67,2.11,0.33,0.0,0.0,5.0,44.12,9,9,810,0.11,0.0,0.0,0.22,6.67,0.0,0.56,83.33,0.33,75.0,0.22,100.0
48,310874,La Liga,Mallorca,Vedat Muriqi,Forward,7.08,0.61,0.48,0.47,2.94,1.31,1.11,20.75,0.44,59.26,0.58,0.03,0.17,0.28,0.14,0.03,0.42,0.03,0.19,0.14,71.43,0.0,0.0,0.0,0.25,0.06,1.56,0.14,0.19,0.0,0.0,0.0,0.0,0.08,0.08,0.03,0.0,0.53,18.81,12.06,6.75,64.11,4.47,7.58,3.61,0.08,37.5,0.58,70.0,36,35,3044,0.11,0.03,1.11,1.78,11.08,1.22,6.31,51.95,2.33,46.93,3.97,55.43
49,97951,La Liga,Valencia,Stole Dimitrievski,Goalkeeper,7.07,0.0,0.0,0.0,0.0,0.0,0.0,0.0,0.0,0.0,0.0,0.0,0.0,0.0,0.0,0.0,0.0,0.0,0.0,0.0,0.0,0.0,0.0,0.0,0.05,0.05,0.47,0.0,0.05,0.05,0.05,0.0,0.0,0.26,0.0,0.0,0.0,0.0,33.42,20.47,12.95,61.26,15.95,4.53,1.53,0.0,0.0,6.89,35.22,19,19,1710,0.05,0.0,0.0,0.21,13.16,0.0,0.58,91.67,0.21,80.0,0.37,100.0
50,305278,La Liga,Real Betis,Diego Llorente,Defender,7.06,0.06,0.05,0.0,0.18,0.12,0.06,33.33,0.0,0.0,0.06,0.0,0.0,0.0,0.06,0.0,0.0,0.0,0.0,0.0,0.0,0.0,0.0,0.0,1.53,1.65,5.18,0.59,0.29,0.0,0.0,0.0,0.0,0.18,0.0,0.0,0.0,0.06,39.12,35.06,4.06,89.62,25.82,9.24,1.53,0.0,0.0,1.41,42.86,17,13,1136,0.29,0.0,0.65,0.71,4.53,0.12,4.0,61.82,2.0,66.67,2.0,57.63
51,1153270,La Liga,FC Barcelona,Fermín López,Midfielder,7.06,0.2,0.23,0.23,2.27,0.83,1.0,8.82,1.47,55.0,0.13,0.07,0.0,0.07,0.13,0.07,0.17,0.0,0.0,0.0,0.0,0.0,0.0,0.0,1.6,0.23,0.2,0.0,0.7,0.0,0.07,0.0,0.0,0.03,0.5,0.3,0.0,1.13,29.67,25.93,3.73,87.42,8.03,17.9,9.77,0.23,17.5,1.13,64.15,30,19,1797,0.1,0.0,1.13,0.67,8.47,0.67,4.0,49.18,3.73,50.68,0.27,34.78
52,823622,La Liga,Real Sociedad,Mikel Oyarzabal,Forward,7.06,0.45,0.46,0.52,2.39,1.09,0.79,18.99,1.09,59.02,0.33,0.12,0.0,0.39,0.06,0.03,0.39,0.0,0.21,0.21,100.0,0.0,0.06,0.0,0.88,0.12,0.79,0.09,0.52,0.0,0.06,0.0,0.0,0.06,0.39,0.12,0.0,1.27,23.3,17.97,5.33,77.11,7.03,10.94,7.06,0.06,10.53,0.58,57.58,33,30,2701,0.09,0.0,0.85,1.24,10.88,1.33,4.3,43.69,3.18,48.61,1.12,33.94
53,996903,La Liga,Mallorca,Lucas Bergström,Goalkeeper,7.06,0.0,0.0,0.0,0.0,0.0,0.0,0.0,0.0,0.0,0.0,0.0,0.0,0.0,0.0,0.0,0.0,0.0,0.0,0.0,0.0,0.0,0.0,0.0,0.0,0.0,3.2,0.0,0.2,0.0,0.0,0.0,0.0,0.4,0.0,0.0,0.0,0.0,29.0,15.6,13.4,53.79,7.6,8.0,2.6,0.0,0.0,9.4,41.59,5,5,450,0.2,0.0,0.0,0.0,13.4,0.0,1.0,83.33,0.0,0.0,1.0,100.0
54,164343,La Liga,Girona FC,Paulo Gazzaniga,Goalkeeper,7.06,0.0,0.0,0.0,0.0,0.0,0.0,0.0,0.0,0.0,0.0,0.0,0.0,0.0,0.0,0.0,0.0,0.0,0.0,0.0,0.0,0.0,0.0,0.0,0.03,0.0,1.24,0.0,0.03,0.09,0.06,0.03,0.0,0.18,0.0,0.0,0.0,0.0,32.24,21.62,10.62,67.06,19.06,2.56,0.65,0.0,0.0,4.91,32.3,34,34,3013,0.12,0.03,0.03,0.15,10.79,0.0,0.35,80.0,0.15,62.5,0.21,100.0
55,88528,La Liga,Rayo Vallecano,Florian Lejeune,Defender,7.06,0.06,0.06,0.03,1.39,0.5,0.69,4.0,0.22,80.0,0.06,0.0,0.03,0.0,0.03,0.03,0.03,0.0,0.0,0.0,0.0,0.0,0.5,0.0,1.83,1.33,6.36,0.75,0.61,0.0,0.06,0.0,0.0,0.31,0.06,0.03,0.0,0.47,59.14,51.61,7.53,87.27,35.75,15.86,4.81,0.08,37.5,4.03,43.81,36,36,3231,0.19,0.0,1.31,0.39,8.53,0.19,4.69,59.3,2.42,54.04,2.28,66.13
56,353250,La Liga,Real Sociedad,Álvaro Odriozola,Defender,7.05,0.2,0.1,0.0,0.2,0.2,0.0,100.0,0.0,0.0,0.2,0.0,0.0,0.0,0.2,0.0,0.0,0.2,0.0,0.0,0.0,0.0,0.0,0.0,1.0,0.2,0.6,0.4,0.2,0.0,0.0,0.0,0.0,0.0,0.4,0.0,0.0,0.6,5.6,4.8,0.8,85.71,1.4,3.4,1.6,0.4,66.67,0.6,100.0,5,2,202,0.0,0.0,0.2,0.6,3.0,0.2,1.8,60.0,1.6,61.54,0.2,50.0
57,877262,La Liga,Espanyol,Edu Expósito,Midfielder,7.05,0.03,0.07,0.09,1.23,0.37,0.51,2.33,0.94,75.0,0.0,0.03,0.0,0.03,0.0,0.0,0.06,0.0,0.0,0.0,0.0,0.0,0.09,0.0,1.43,0.63,0.94,0.06,0.69,0.0,0.03,0.0,0.0,0.03,0.31,0.17,0.03,2.29,27.63,21.17,6.46,76.63,7.83,13.34,7.51,1.8,24.9,1.74,42.96,35,31,2452,0.26,0.0,0.77,1.2,14.43,1.14,4.03,53.01,3.54,55.36,0.49,40.48
58,879694,La Liga,Villarreal,Pape Gueye,Midfielder,7.05,0.14,0.13,0.14,1.55,0.41,0.83,8.89,0.52,51.72,0.07,0.07,0.0,0.1,0.0,0.0,0.07,0.0,0.03,0.03,100.0,0.0,0.03,0.0,1.31,1.14,1.9,0.31,0.24,0.07,0.1,0.03,0.0,0.03,0.1,0.07,0.03,0.83,35.52,28.52,7.0,80.29,12.72,15.79,8.24,0.17,35.71,2.93,52.15,29,25,2068,0.28,0.0,1.21,1.86,9.9,0.66,4.52,58.74,3.69,59.44,0.83,55.81
59,1094827,La Liga,FC Barcelona,Gerard Martín,Defender,7.04,0.0,0.01,0.0,0.23,0.13,0.03,0.0,0.19,66.67,0.0,0.0,0.0,0.0,0.0,0.0,0.0,0.0,0.0,0.0,0.0,0.0,0.0,0.0,1.19,0.87,3.23,0.23,0.32,0.0,0.1,0.0,0.0,0.26,0.03,0.0,0.0,0.42,59.48,54.29,5.19,91.27,31.42,22.87,8.77,0.06,15.38,1.52,48.96,31,25,2050,0.19,0.0,0.52,0.23,6.45,0.06,3.0,66.91,1.61,63.29,1.39,71.67
60,263651,La Liga,Atlético Madrid,Juan Musso,Goalkeeper,7.04,0.0,0.0,0.0,0.0,0.0,0.0,0.0,0.0,0.0,0.0,0.0,0.0,0.0,0.0,0.0,0.0,0.0,0.0,0.0,0.0,0.0,0.0,0.0,0.0,0.0,0.71,0.0,0.0,0.0,0.0,0.0,0.0,0.43,0.0,0.0,0.0,0.0,28.43,21.57,6.86,75.88,19.43,2.14,0.71,0.0,0.0,5.14,42.86,7,7,630,0.29,0.0,0.0,0.43,7.14,0.0,0.71,100.0,0.14,100.0,0.57,100.0
61,69408,La Liga,Celta Vigo,Marcos Alonso,Defender,7.03,0.03,0.07,0.03,0.74,0.1,0.29,4.35,0.55,70.83,0.03,0.0,0.0,0.03,0.0,0.0,0.0,0.0,0.03,0.03,100.0,0.0,0.13,0.0,1.32,0.87,5.1,0.52,0.52,0.0,0.13,0.06,0.0,0.29,0.1,0.0,0.0,0.42,74.1,66.74,7.35,90.07,39.13,27.61,11.9,0.19,30.0,4.26,55.46,31,30,2680,0.16,0.0,0.74,0.61,9.58,0.42,3.97,58.02,2.48,57.46,1.48,58.97
62,1131909,La Liga,Mallorca,Leo Román,Goalkeeper,7.03,0.0,0.0,0.0,0.0,0.0,0.0,0.0,0.03,100.0,0.0,0.0,0.0,0.0,0.0,0.0,0.0,0.0,0.0,0.0,0.0,0.0,0.0,0.0,0.03,0.03,0.94,0.0,0.03,0.06,0.03,0.03,0.0,0.09,0.0,0.0,0.0,0.0,34.62,25.09,9.53,72.47,20.0,5.09,1.31,0.0,0.0,6.97,42.72,32,32,2880,0.12,0.0,0.03,0.06,9.66,0.0,0.22,70.0,0.09,60.0,0.12,80.0
63,789071,La Liga,FC Barcelona,Dani Olmo,Midfielder,7.03,0.22,0.24,0.28,2.16,0.66,0.94,10.14,0.5,37.21,0.19,0.03,0.0,0.06,0.16,0.12,0.19,0.06,0.0,0.0,0.0,0.0,0.19,0.0,1.06,0.41,0.69,0.03,0.44,0.0,0.06,0.0,0.0,0.06,0.31,0.25,0.0,1.5,36.88,31.5,5.38,85.42,10.09,21.41,12.19,0.19,21.43,1.25,57.97,32,23,2015,0.03,0.0,0.81,1.31,8.94,0.69,3.47,52.36,2.88,50.83,0.59,61.29
64,913679,La Liga,Rayo Vallecano,Pathé Ismaël Ciss,Midfielder,7.03,0.07,0.12,0.21,0.68,0.25,0.36,10.53,0.32,69.23,0.07,0.0,0.04,0.0,0.04,0.0,0.07,0.0,0.0,0.0,0.0,0.0,0.0,0.0,1.93,1.25,2.75,0.57,0.39,0.0,0.04,0.0,0.0,0.18,0.0,0.0,0.0,0.39,42.04,37.43,4.61,89.04,22.79,14.64,5.93,0.04,100.0,3.18,64.49,28,20,1974,0.29,0.07,1.04,0.46,5.96,0.39,3.93,57.29,2.71,58.02,1.21,55.74
65,880218,La Liga,Real Sociedad,Takefusa Kubo,Midfielder,7.03,0.08,0.1,0.08,1.17,0.5,0.25,7.14,1.54,50.0,0.04,0.04,0.04,0.04,0.0,0.04,0.5,0.0,0.0,0.0,0.0,0.0,0.04,0.0,1.21,0.46,0.42,0.0,0.62,0.0,0.04,0.0,0.0,0.0,0.29,0.17,0.04,1.38,20.38,16.17,4.21,79.35,4.33,11.83,6.79,0.38,22.5,0.25,40.0,24,17,1508,0.08,0.0,0.38,2.08,10.46,0.71,5.12,57.75,4.83,59.79,0.29,36.84
66,910031,La Liga,Atlético Madrid,Alex Baena,Midfielder,7.02,0.08,0.07,0.04,1.04,0.27,0.5,7.41,0.54,38.89,0.08,0.0,0.0,0.0,0.08,0.04,0.35,0.0,0.0,0.0,0.0,0.0,0.04,0.0,0.69,0.62,0.46,0.15,0.38,0.0,0.04,0.0,0.0,0.08,0.5,0.12,0.0,1.77,26.54,21.46,5.08,80.87,8.08,13.38,8.73,1.31,29.82,0.88,58.97,26,20,1511,0.19,0.0,0.96,1.12,11.19,0.85,2.62,41.46,2.35,44.85,0.27,25.0
67,1142588,La Liga,Atlético Madrid,Pablo Barrios,Midfielder,7.02,0.04,0.08,0.04,1.0,0.26,0.3,4.35,1.43,61.11,0.04,0.0,0.0,0.04,0.0,0.04,0.0,0.0,0.0,0.0,0.0,0.0,0.0,0.0,1.3,1.17,0.52,0.09,0.57,0.0,0.17,0.04,0.0,0.26,0.13,0.04,0.0,0.87,45.74,40.7,5.04,88.97,14.87,25.83,13.78,0.43,32.26,1.96,63.38,23,20,1666,0.0,0.0,0.52,1.0,9.87,1.09,4.52,55.03,3.74,54.78,0.78,56.25
68,1085081,La Liga,Real Madrid,Álvaro Carreras,Defender,7.02,0.07,0.02,0.04,0.33,0.11,0.11,22.22,0.63,51.52,0.07,0.0,0.0,0.04,0.04,0.0,0.19,0.04,0.0,0.0,0.0,0.0,0.0,0.0,1.52,1.33,2.22,0.26,0.74,0.0,0.07,0.0,0.0,0.41,0.04,0.07,0.04,1.04,60.74,55.19,5.56,90.85,20.44,34.74,20.0,0.11,9.68,1.22,47.83,27,25,2250,0.19,0.04,0.78,1.15,9.52,0.74,4.3,53.21,3.26,53.33,1.04,52.83
69,84531,La Liga,Athletic Club,Yuri Berchiche,Defender,7.02,0.0,0.02,0.0,0.75,0.16,0.44,0.0,0.31,47.62,0.0,0.0,0.0,0.0,0.0,0.0,0.09,0.0,0.0,0.0,0.0,0.0,0.0,0.0,1.34,1.09,3.16,0.09,0.41,0.0,0.06,0.06,0.0,0.16,0.22,0.19,0.0,0.94,46.12,40.38,5.75,87.53,17.34,23.03,10.91,0.44,21.88,1.81,56.86,32,31,2709,0.16,0.0,0.81,1.06,10.25,0.5,4.5,60.5,2.66,58.22,1.84,64.13
70,1396048,La Liga,Espanyol,Carlos Romero,Defender,7.02,0.17,0.08,0.06,1.11,0.31,0.37,15.38,1.26,55.7,0.11,0.06,0.0,0.17,0.0,0.0,0.03,0.0,0.0,0.0,0.0,0.0,0.0,0.0,2.71,1.11,2.06,0.46,0.91,0.0,0.11,0.03,0.0,0.26,0.14,0.09,0.0,0.74,27.69,21.94,5.74,79.26,10.4,11.54,5.8,0.49,18.68,1.4,50.0,35,35,3105,0.11,0.0,1.17,0.51,12.63,0.8,4.86,53.29,4.46,54.55,0.4,42.42
71,973887,La Liga,Real Madrid,Eduardo Camavinga,Midfielder,7.02,0.03,0.04,0.0,0.45,0.07,0.28,7.69,0.45,65.0,0.03,0.0,0.03,0.0,0.0,0.03,0.07,0.0,0.0,0.0,0.0,0.0,0.0,0.0,2.24,0.48,0.83,0.38,0.48,0.03,0.07,0.0,0.0,0.1,0.07,0.0,0.0,0.52,37.45,34.38,3.07,91.8,14.76,19.62,10.03,0.0,0.0,1.97,72.15,29,16,1532,0.07,0.0,1.17,1.07,4.79,0.31,4.1,62.96,3.76,63.74,0.34,55.56
72,96365,La Liga,Athletic Club,Iñigo Ruiz de Galarreta,Midfielder,7.02,0.03,0.02,0.0,0.61,0.06,0.24,5.0,0.97,66.67,0.03,0.0,0.0,0.0,0.03,0.0,0.0,0.0,0.0,0.0,0.0,0.0,0.0,0.0,1.82,0.64,0.61,0.15,0.67,0.0,0.03,0.0,0.0,0.0,0.18,0.06,0.03,0.94,36.88,30.55,6.33,82.83,11.52,19.03,10.3,0.55,29.51,1.82,45.45,33,29,2171,0.27,0.0,1.58,1.21,10.21,0.73,4.76,54.51,4.0,54.32,0.76,55.56
73,606346,La Liga,Real Oviedo,Eric Bailly,Defender,7.01,0.07,0.02,0.0,0.29,0.07,0.14,25.0,0.36,71.43,0.07,0.0,0.07,0.0,0.0,0.0,0.0,0.0,0.0,0.0,0.0,0.0,0.0,0.0,0.79,1.07,5.64,1.21,0.14,0.0,0.0,0.0,0.0,0.29,0.0,0.0,0.0,0.14,37.71,32.29,5.43,85.61,24.43,7.86,1.93,0.0,0.0,1.79,35.71,14,14,1146,0.21,0.0,0.93,0.5,6.57,0.21,4.29,63.83,1.64,56.1,2.64,69.81
74,811629,La Liga,Getafe,Luis Milla,Midfielder,7.01,0.0,0.03,0.03,0.69,0.06,0.31,0.0,0.58,53.85,0.0,0.0,0.0,0.0,0.0,0.0,0.06,0.0,0.0,0.0,0.0,0.0,0.08,0.0,1.61,1.17,1.42,0.19,1.0,0.0,0.08,0.0,0.0,0.31,0.33,0.28,0.06,2.19,37.61,29.31,8.31,77.92,11.08,18.22,9.44,1.83,29.86,2.22,46.51,36,36,3183,0.11,0.03,0.81,1.19,14.94,0.75,4.75,54.29,3.36,53.3,1.39,56.82
75,1097719,La Liga,Sevilla,Kike Salas,Defender,7.01,0.08,0.06,0.0,0.76,0.32,0.2,10.53,0.32,61.54,0.04,0.04,0.0,0.08,0.0,0.0,0.08,0.04,0.0,0.0,0.0,0.0,0.0,0.0,2.28,1.44,6.4,0.72,0.64,0.0,0.08,0.0,0.0,0.12,0.0,0.0,0.0,0.28,52.8,42.36,10.44,80.23,28.8,13.56,4.88,0.08,20.0,2.52,30.29,25,23,2118,0.04,0.0,1.24,0.76,12.68,0.28,6.88,63.24,3.12,57.35,3.76,69.12
76,294377,La Liga,Osasuna,Sergio Herrera,Goalkeeper,7.0,0.0,0.0,0.0,0.0,0.0,0.0,0.0,0.0,0.0,0.0,0.0,0.0,0.0,0.0,0.0,0.0,0.0,0.0,0.0,0.0,0.0,0.0,0.0,0.0,0.0,1.36,0.0,0.03,0.06,0.03,0.03,0.0,0.19,0.0,0.0,0.0,0.0,28.42,19.83,8.58,69.79,15.89,3.94,0.72,0.0,0.0,6.03,41.73,36,36,3195,0.08,0.03,0.08,0.11,8.89,0.0,0.33,80.0,0.11,66.67,0.22,88.89
77,984623,La Liga,Villarreal,Rafa Marín,Defender,7.0,0.05,0.02,0.0,0.23,0.05,0.18,20.0,0.05,100.0,0.05,0.0,0.05,0.0,0.0,0.0,0.14,0.0,0.0,0.0,0.0,0.0,0.0,0.0,1.55,0.82,6.09,0.73,0.45,0.0,0.14,0.05,0.05,0.18,0.05,0.0,0.0,0.23,47.23,42.5,4.73,89.99,28.82,13.68,3.95,0.0,0.0,3.05,55.37,22,20,1890,0.05,0.0,0.73,0.32,5.14,0.0,3.64,57.55,1.91,61.76,1.73,53.52
78,980732,La Liga,Villarreal,Adrià Altimira,Defender,7.0,0.0,0.0,0.0,0.0,0.0,0.0,0.0,0.0,0.0,0.0,0.0,0.0,0.0,0.0,0.0,0.0,0.0,0.0,0.0,0.0,0.0,0.0,0.0,1.0,0.0,0.0,0.0,0.0,0.0,0.0,0.0,0.0,0.0,0.0,0.0,0.0,0.0,8.0,8.0,0.0,100.0,4.0,4.0,2.0,0.0,0.0,0.0,0.0,1,0,8,0.0,0.0,0.0,0.0,0.0,0.0,1.0,100.0,1.0,100.0,0.0,0.0
79,826948,La Liga,Valencia,Pepelu,Midfielder,6.99,0.07,0.12,0.07,0.8,0.1,0.37,8.33,0.27,80.0,0.03,0.03,0.0,0.0,0.07,0.03,0.03,0.0,0.1,0.03,33.33,0.0,0.17,0.0,2.0,0.7,2.07,0.27,0.5,0.03,0.0,0.0,0.0,0.1,0.03,0.0,0.0,0.7,45.07,39.03,6.03,86.61,20.4,18.63,8.27,0.3,20.0,3.03,53.22,30,25,2142,0.13,0.0,1.0,0.47,8.27,0.4,3.7,58.12,2.73,58.57,0.97,56.86
80,1066603,La Liga,Villarreal,Luiz Júnior,Goalkeeper,6.99,0.0,0.0,0.0,0.0,0.0,0.0,0.0,0.0,0.0,0.0,0.0,0.0,0.0,0.0,0.0,0.0,0.0,0.0,0.0,0.0,0.0,0.0,0.0,0.0,0.04,2.11,0.0,0.04,0.04,0.04,0.07,0.0,0.29,0.0,0.0,0.0,0.0,22.18,15.39,6.79,69.4,13.14,2.25,0.79,0.0,0.0,3.96,37.5,28,28,2520,0.11,0.0,0.07,0.14,6.89,0.0,0.39,73.33,0.11,50.0,0.29,88.89
81,353138,La Liga,Atlético Madrid,Marcos Llorente,Defender,6.99,0.0,0.07,0.07,0.64,0.21,0.18,0.0,0.46,54.17,0.0,0.0,0.0,0.0,0.0,0.0,0.14,0.0,0.0,0.0,0.0,0.0,0.0,0.0,2.07,0.43,1.79,0.07,0.71,0.0,0.0,0.0,0.0,0.21,0.32,0.14,0.0,0.71,49.11,43.82,5.29,89.24,21.79,22.04,11.68,0.36,21.74,1.93,58.7,28,24,2094,0.18,0.04,0.96,0.39,8.79,0.29,3.29,54.12,2.93,55.41,0.36,45.45
82,914765,La Liga,Elche,Gonzalo Villar,Midfielder,6.99,0.09,0.02,0.0,0.36,0.09,0.09,25.0,0.82,64.29,0.09,0.0,0.0,0.09,0.0,0.0,0.0,0.0,0.0,0.0,0.0,0.0,0.0,0.0,1.09,0.18,0.55,0.18,0.55,0.0,0.0,0.0,0.0,0.09,0.0,0.0,0.0,0.18,33.82,30.55,3.27,90.32,8.64,21.91,12.73,0.18,18.18,0.55,54.55,11,7,643,0.27,0.0,1.0,2.09,6.09,0.91,4.91,58.06,4.0,57.89,0.91,58.82
83,997244,La Liga,Levante UD,Adrián de la Fuente,Defender,6.98,0.09,0.12,0.12,1.16,0.25,0.34,8.11,0.22,77.78,0.06,0.03,0.03,0.0,0.06,0.06,0.03,0.0,0.09,0.03,33.33,0.0,0.12,0.0,0.91,1.47,5.53,0.69,0.22,0.0,0.0,0.06,0.03,0.25,0.09,0.03,0.03,0.59,45.16,37.0,8.16,81.94,24.62,12.38,4.78,0.38,30.77,5.47,48.48,32,29,2620,0.16,0.0,1.09,0.84,10.44,0.09,3.25,58.76,1.97,57.27,1.28,61.19
84,815202,La Liga,Celta Vigo,Ionuț Radu,Goalkeeper,6.98,0.0,0.0,0.0,0.0,0.0,0.0,0.0,0.03,100.0,0.0,0.0,0.0,0.0,0.0,0.0,0.0,0.0,0.0,0.0,0.0,0.0,0.0,0.0,0.0,0.03,1.0,0.0,0.03,0.05,0.0,0.0,0.0,0.24,0.03,0.0,0.0,0.03,25.35,17.24,8.11,68.02,15.14,2.11,1.05,0.0,0.0,3.43,30.09,37,37,3330,0.05,0.0,0.0,0.19,8.3,0.0,0.3,91.67,0.11,80.0,0.19,100.0
85,358910,La Liga,Rayo Vallecano,Augusto Batalla,Goalkeeper,6.98,0.0,0.0,0.0,0.0,0.0,0.0,0.0,0.15,83.33,0.0,0.0,0.0,0.0,0.0,0.0,0.0,0.0,0.0,0.0,0.0,0.0,0.0,0.0,0.03,0.0,0.68,0.0,0.12,0.0,0.12,0.03,0.0,0.32,0.0,0.0,0.0,0.06,37.0,23.65,13.35,63.91,19.0,4.65,2.03,0.0,0.0,8.88,40.43,34,34,3060,0.18,0.0,0.03,0.12,13.76,0.0,0.53,69.23,0.29,66.67,0.24,72.73
86,1428699,La Liga,Sevilla,Andres Castrin,Defender,6.98,0.05,0.02,0.0,0.53,0.16,0.32,10.0,0.47,81.82,0.05,0.0,0.0,0.0,0.05,0.0,0.05,0.0,0.0,0.0,0.0,0.0,0.0,0.0,1.37,1.05,4.37,0.74,0.42,0.0,0.05,0.0,0.0,0.16,0.0,0.0,0.0,0.11,39.42,34.0,5.42,86.25,24.63,9.37,3.05,0.0,0.0,2.53,48.0,19,13,1281,0.21,0.0,0.68,0.68,6.21,0.11,3.95,61.98,2.53,66.67,1.42,55.1
87,1120669,La Liga,Celta Vigo,Hugo Sotelo,Midfielder,6.98,0.0,0.0,0.0,0.1,0.05,0.05,0.0,0.1,50.0,0.0,0.0,0.0,0.0,0.0,0.0,0.0,0.0,0.0,0.0,0.0,0.0,0.05,0.0,1.5,0.65,0.85,0.45,0.55,0.0,0.05,0.0,0.0,0.0,0.25,0.1,0.0,1.3,49.75,45.9,3.85,92.26,18.8,27.1,13.3,0.75,34.09,2.1,64.62,20,16,1342,0.15,0.0,1.35,0.7,6.55,0.5,2.45,48.04,2.25,47.37,0.2,57.14
88,1085400,La Liga,Athletic Club,Nico Williams,Midfielder,6.98,0.24,0.21,0.16,1.84,0.64,0.72,13.04,2.68,46.21,0.24,0.0,0.0,0.08,0.16,0.08,0.28,0.04,0.08,0.04,50.0,0.0,0.0,0.0,0.6,0.28,0.36,0.0,0.76,0.0,0.0,0.0,0.0,0.04,0.2,0.12,0.0,1.36,22.68,17.56,5.12,77.43,5.32,12.24,7.72,0.68,21.79,0.32,38.1,25,20,1687,0.08,0.0,1.04,1.16,15.44,1.28,4.76,42.35,4.44,42.21,0.32,44.44
89,832427,La Liga,Real Sociedad,Carlos Soler,Midfielder,6.98,0.12,0.08,0.16,1.09,0.59,0.31,11.43,0.41,65.0,0.09,0.03,0.03,0.03,0.06,0.0,0.0,0.0,0.0,0.0,0.0,0.0,0.03,0.0,1.12,0.47,0.81,0.28,0.44,0.03,0.0,0.0,0.0,0.03,0.28,0.09,0.0,1.44,35.88,31.09,4.78,86.67,13.06,18.03,10.03,0.78,35.71,1.81,59.79,32,25,2243,0.09,0.03,0.84,0.62,7.53,0.53,2.41,50.33,2.16,51.49,0.25,42.11
90,831253,La Liga,Deportivo Alavés,Toni Martínez,Forward,6.97,0.36,0.3,0.28,2.5,0.94,1.11,14.44,0.47,42.5,0.31,0.06,0.11,0.03,0.22,0.06,0.36,0.06,0.03,0.03,100.0,0.0,0.06,0.0,0.75,0.11,1.03,0.06,0.19,0.0,0.03,0.0,0.0,0.03,0.17,0.08,0.0,0.67,18.22,10.69,7.53,58.69,3.58,7.11,3.89,0.11,26.67,0.28,32.26,36,31,2635,0.06,0.0,1.25,0.97,11.11,0.97,7.0,51.12,2.14,42.08,4.86,56.45
91,964983,La Liga,Real Betis,Álvaro Valles,Goalkeeper,6.97,0.0,0.0,0.0,0.0,0.0,0.0,0.0,0.04,100.0,0.0,0.0,0.0,0.0,0.0,0.0,0.0,0.0,0.0,0.0,0.0,0.0,0.0,0.0,0.0,0.04,1.39,0.0,0.14,0.04,0.07,0.0,0.0,0.29,0.0,0.0,0.0,0.0,30.68,22.04,8.64,71.83,19.68,2.36,0.79,0.0,0.0,5.21,38.42,28,28,2520,0.04,0.0,0.0,0.14,9.07,0.0,0.39,73.33,0.21,60.0,0.18,100.0
92,1137814,La Liga,Real Betis,Sergi Altimira,Midfielder,6.97,0.04,0.01,0.0,0.29,0.12,0.08,14.29,0.17,57.14,0.04,0.0,0.0,0.04,0.0,0.0,0.0,0.0,0.0,0.0,0.0,0.0,0.0,0.0,2.12,0.88,0.83,0.17,0.75,0.0,0.0,0.0,0.0,0.08,0.0,0.08,0.0,0.46,32.0,29.17,2.83,91.15,14.42,14.75,5.17,0.08,66.67,1.42,77.27,24,13,1198,0.12,0.0,0.58,0.92,4.25,0.38,3.88,64.58,3.17,63.87,0.71,68.0
93,962710,La Liga,Elche,Germán Valera,Midfielder,6.97,0.11,0.07,0.06,0.77,0.23,0.34,14.81,1.06,48.68,0.09,0.03,0.0,0.09,0.03,0.03,0.11,0.03,0.0,0.0,0.0,0.0,0.0,0.0,1.54,0.6,1.23,0.23,0.37,0.0,0.06,0.0,0.0,0.09,0.37,0.14,0.03,1.31,32.26,28.2,4.06,87.42,8.23,19.97,11.71,0.74,25.24,0.71,50.0,35,32,2785,0.11,0.03,1.06,2.0,11.11,0.8,4.91,56.95,4.6,58.55,0.31,40.74
94,988351,La Liga,Mallorca,Samú Costa,Midfielder,6.97,0.21,0.12,0.06,1.18,0.48,0.45,17.95,0.42,27.45,0.18,0.03,0.06,0.15,0.0,0.0,0.18,0.0,0.0,0.0,0.0,0.0,0.0,0.0,1.97,0.76,2.67,0.39,1.09,0.0,0.09,0.0,0.0,0.12,0.03,0.06,0.0,0.45,37.12,29.67,7.45,79.92,15.06,14.61,6.18,0.09,10.0,2.06,56.2,33,30,2643,0.3,0.0,1.91,2.03,11.79,0.94,6.55,51.55,4.24,46.2,2.3,65.52
95,798835,La Liga,Real Betis,Giovani Lo Celso,Midfielder,6.97,0.09,0.11,0.09,1.26,0.48,0.39,6.9,0.65,48.39,0.09,0.0,0.04,0.0,0.04,0.04,0.17,0.0,0.0,0.0,0.0,0.0,0.17,0.0,0.83,0.26,0.3,0.0,0.52,0.0,0.0,0.04,0.0,0.0,0.26,0.13,0.0,1.39,36.39,32.0,4.39,87.93,11.48,20.52,12.35,0.74,27.87,1.48,72.34,23,15,1360,0.17,0.0,0.39,1.83,9.43,0.87,3.74,56.95,3.3,57.14,0.43,55.56
96,138149,La Liga,Sevilla,Odysseas Vlachodimos,Goalkeeper,6.97,0.0,0.0,0.0,0.0,0.0,0.0,0.0,0.03,100.0,0.0,0.0,0.0,0.0,0.0,0.0,0.0,0.0,0.0,0.0,0.0,0.0,0.0,0.0,0.0,0.03,1.27,0.0,0.0,0.0,0.09,0.0,0.0,0.15,0.0,0.0,0.0,0.0,29.33,18.7,10.64,63.74,14.3,4.39,0.91,0.0,0.0,6.24,37.25,33,33,2970,0.06,0.0,0.0,0.06,10.94,0.0,0.21,87.5,0.09,100.0,0.12,80.0
97,1108450,La Liga,Getafe,Zaid Romero,Defender,6.97,0.07,0.06,0.0,0.64,0.07,0.36,11.11,1.0,70.0,0.07,0.0,0.07,0.0,0.0,0.0,0.0,0.0,0.0,0.0,0.0,0.0,0.0,0.0,2.14,2.0,6.29,0.21,0.36,0.0,0.07,0.07,0.0,0.43,0.0,0.0,0.0,0.07,28.07,19.21,8.86,68.45,11.64,7.57,3.21,0.07,25.0,2.86,36.04,14,14,1260,0.21,0.07,0.79,0.79,11.5,0.5,5.71,61.07,3.93,67.07,1.79,51.02
98,99519,La Liga,Real Betis,Marc Bartra,Defender,6.97,0.04,0.03,0.0,0.64,0.2,0.36,6.25,0.24,75.0,0.04,0.0,0.04,0.0,0.0,0.0,0.0,0.0,0.0,0.0,0.0,0.0,0.04,0.0,1.8,1.08,6.36,1.0,0.92,0.0,0.12,0.04,0.04,0.24,0.0,0.0,0.0,0.2,46.6,40.32,6.28,86.52,28.32,12.0,4.12,0.04,33.33,3.04,44.44,25,21,1984,0.12,0.0,0.6,0.44,7.32,0.12,4.2,59.66,2.48,60.19,1.72,58.9
99,1468046,La Liga,Villarreal,Santiago Mouriño,Defender,6.97,0.04,0.04,0.0,0.56,0.11,0.3,6.67,0.48,56.52,0.04,0.0,0.0,0.0,0.04,0.0,0.04,0.0,0.0,0.0,0.0,0.0,0.0,0.0,3.7,1.0,4.48,0.33,2.07,0.0,0.07,0.0,0.0,0.22,0.04,0.07,0.0,0.26,43.0,36.0,7.0,83.72,21.78,14.22,5.63,0.0,0.0,1.41,40.43,27,26,2294,0.33,0.04,1.96,1.26,10.7,0.22,6.78,55.45,5.44,54.24,1.33,61.02
100,359272,La Liga,Real Betis,Sofyan Amrabat,Midfielder,6.96,0.0,0.02,0.0,0.47,0.06,0.24,0.0,0.35,75.0,0.0,0.0,0.0,0.0,0.0,0.0,0.0,0.0,0.0,0.0,0.0,0.0,0.0,0.0,1.59,0.65,0.88,0.24,0.88,0.0,0.06,0.0,0.0,0.18,0.0,0.0,0.0,0.41,52.82,48.12,4.71,91.09,26.18,21.94,8.35,0.0,0.0,3.12,67.95,17,14,1296,0.24,0.0,1.29,1.12,6.53,0.24,3.29,53.85,3.06,56.52,0.24,33.33
101,944656,La Liga,Atlético Madrid,Julián Alvarez,Forward,6.96,0.28,0.27,0.28,1.86,0.9,0.62,14.81,0.9,50.0,0.17,0.1,0.0,0.1,0.17,0.1,0.07,0.0,0.1,0.07,66.67,0.07,0.24,28.57,0.72,0.1,0.17,0.0,0.52,0.0,0.0,0.0,0.0,0.03,0.34,0.14,0.0,1.62,23.76,19.83,3.93,83.45,5.62,14.21,9.34,0.93,31.76,0.86,73.53,29,22,1902,0.07,0.0,0.48,0.62,9.93,1.14,2.41,40.0,2.24,43.05,0.17,20.83
102,70988,La Liga,Real Madrid,Thibaut Courtois,Goalkeeper,6.96,0.0,0.0,0.0,0.0,0.0,0.0,0.0,0.0,0.0,0.0,0.0,0.0,0.0,0.0,0.0,0.0,0.0,0.0,0.0,0.0,0.0,0.0,0.0,0.03,0.0,0.65,0.0,0.1,0.0,0.0,0.03,0.0,0.42,0.03,0.0,0.0,0.03,30.81,24.45,6.35,79.37,22.55,1.9,0.58,0.0,0.0,3.61,36.72,31,31,2790,0.03,0.0,0.03,0.06,6.45,0.0,0.26,61.54,0.1,42.86,0.16,83.33
103,807116,La Liga,Mallorca,Antonio Raíllo,Defender,6.95,0.0,0.02,0.04,0.52,0.04,0.48,0.0,0.0,0.0,0.0,0.0,0.0,0.0,0.0,0.0,0.04,0.0,0.0,0.0,0.0,0.0,0.0,0.0,1.09,0.7,5.22,1.48,0.13,0.0,0.04,0.13,0.0,0.13,0.04,0.04,0.0,0.3,48.96,43.22,5.74,88.28,29.65,13.57,3.7,0.04,25.0,2.3,48.18,23,23,2033,0.17,0.0,1.0,0.65,6.43,0.13,4.96,63.33,1.7,60.94,3.26,64.66
104,44864,La Liga,Girona FC,Daley Blind,Defender,6.95,0.0,0.01,0.0,0.16,0.03,0.03,0.0,0.39,80.0,0.0,0.0,0.0,0.0,0.0,0.0,0.0,0.0,0.0,0.0,0.0,0.0,0.0,0.0,1.77,1.26,4.06,0.65,0.52,0.03,0.1,0.1,0.0,0.16,0.03,0.0,0.0,0.35,67.97,60.74,7.23,89.37,38.19,22.55,9.84,0.1,25.0,4.19,51.38,31,30,2610,0.03,0.0,0.61,0.65,8.77,0.29,3.87,58.82,2.81,64.93,1.06,47.14
105,1156645,La Liga,Real Madrid,Raúl Asencio,Defender,6.95,0.09,0.06,0.09,0.64,0.18,0.36,14.29,0.05,50.0,0.09,0.0,0.09,0.0,0.0,0.0,0.0,0.0,0.0,0.0,0.0,0.0,0.0,0.0,0.77,0.41,2.45,0.55,0.32,0.0,0.09,0.0,0.0,0.32,0.05,0.0,0.0,0.23,49.64,46.68,2.95,94.05,28.14,18.55,5.09,0.0,0.0,1.45,53.33,22,17,1616,0.18,0.0,0.73,0.86,3.73,0.14,2.64,58.0,1.68,58.73,0.95,56.76
106,1084399,La Liga,Deportivo Alavés,Carlos Vicente,Midfielder,6.95,0.24,0.17,0.05,0.57,0.29,0.19,41.67,0.52,29.73,0.24,0.0,0.0,0.0,0.24,0.0,0.48,0.05,0.14,0.14,100.0,0.0,0.0,0.0,1.29,0.33,0.67,0.1,0.95,0.0,0.0,0.0,0.0,0.0,0.33,0.0,0.05,1.29,22.48,18.0,4.48,80.08,7.33,10.67,5.76,1.38,22.66,0.33,43.75,21,11,1256,0.05,0.0,0.57,2.0,12.43,0.29,4.33,54.49,3.81,55.56,0.52,47.83
107,2238907,La Liga,Atlético Madrid,Miguel Cubo,Forward,6.95,0.5,0.09,0.0,1.5,1.0,0.5,33.33,0.5,50.0,0.5,0.0,0.0,0.0,0.5,0.0,0.0,0.0,0.0,0.0,0.0,0.0,0.0,0.0,1.0,0.0,0.0,0.0,0.0,0.0,0.0,0.0,0.0,0.0,0.0,0.0,0.0,0.0,1.5,0.5,1.0,33.33,0.0,0.5,0.0,0.0,0.0,0.0,0.0,2,0,48,0.0,0.0,0.5,1.5,2.5,0.0,3.5,53.85,3.0,75.0,0.5,20.0
108,560756,La Liga,Real Oviedo,Dani Calvo,Defender,6.95,0.0,0.01,0.0,0.11,0.0,0.11,0.0,0.05,50.0,0.0,0.0,0.0,0.0,0.0,0.0,0.0,0.0,0.0,0.0,0.0,0.0,0.0,0.0,1.32,0.53,7.0,1.16,0.11,0.0,0.0,0.05,0.0,0.26,0.05,0.0,0.0,0.11,40.32,36.58,3.74,90.73,29.74,6.84,1.63,0.0,0.0,1.53,43.94,19,16,1527,0.16,0.0,0.58,0.26,4.16,0.05,3.84,66.97,1.63,68.89,2.21,65.63
109,1398526,La Liga,Celta Vigo,Miguel Román,Midfielder,6.95,0.05,0.05,0.05,0.42,0.05,0.21,12.5,0.16,25.0,0.05,0.0,0.0,0.0,0.05,0.0,0.0,0.0,0.0,0.0,0.0,0.0,0.0,0.0,1.42,0.63,1.21,0.37,0.84,0.0,0.0,0.0,0.0,0.26,0.21,0.0,0.0,0.89,39.37,34.53,4.84,87.7,15.16,19.37,7.16,0.42,38.1,2.21,53.16,19,14,1310,0.16,0.0,1.05,0.58,6.79,0.11,2.68,47.22,2.16,47.13,0.53,47.62
110,369004,La Liga,Deportivo Alavés,Antonio Sivera,Goalkeeper,6.94,0.0,0.0,0.0,0.0,0.0,0.0,0.0,0.0,0.0,0.0,0.0,0.0,0.0,0.0,0.0,0.0,0.0,0.0,0.0,0.0,0.0,0.0,0.0,0.05,0.0,1.38,0.0,0.03,0.03,0.05,0.03,0.03,0.14,0.0,0.0,0.0,0.0,26.92,13.38,13.54,49.7,5.81,7.57,2.51,0.0,0.0,8.73,39.39,37,37,3330,0.08,0.0,0.03,0.03,13.7,0.0,0.41,83.33,0.08,60.0,0.32,92.31
111,1083832,La Liga,Levante UD,Kervin Arriaga,Midfielder,6.94,0.12,0.04,0.0,0.62,0.23,0.23,18.75,0.31,42.11,0.08,0.04,0.04,0.0,0.08,0.0,0.08,0.0,0.0,0.0,0.0,0.0,0.08,0.0,1.5,0.54,2.31,0.5,0.38,0.04,0.04,0.0,0.0,0.12,0.08,0.12,0.0,0.27,26.58,22.12,4.46,83.21,12.12,10.0,4.04,0.12,60.0,1.04,51.92,26,15,1499,0.19,0.04,0.81,0.81,6.27,0.69,4.35,56.5,2.58,52.76,1.77,63.01
112,547838,La Liga,Real Madrid,Dani Ceballos,Midfielder,6.94,0.0,0.0,0.0,0.2,0.0,0.2,0.0,0.2,23.08,0.0,0.0,0.0,0.0,0.0,0.0,0.0,0.0,0.0,0.0,0.0,0.0,0.0,0.0,1.2,0.47,0.33,0.27,0.53,0.07,0.0,0.0,0.0,0.0,0.0,0.0,0.0,0.6,29.2,27.07,2.13,92.69,8.87,18.2,9.07,0.0,0.0,1.0,88.24,15,4,482,0.07,0.0,0.4,1.0,3.4,0.13,2.47,56.06,2.4,58.06,0.07,25.0
113,965031,La Liga,Rayo Vallecano,Andrei Rațiu,Defender,6.94,0.0,0.07,0.09,0.91,0.26,0.5,0.0,1.82,53.91,0.0,0.0,0.0,0.0,0.0,0.0,0.12,0.0,0.0,0.0,0.0,0.0,0.0,0.0,2.06,1.12,2.32,0.21,0.62,0.0,0.0,0.03,0.0,0.32,0.29,0.12,0.0,1.26,38.74,31.85,6.88,82.23,14.5,17.35,9.88,0.74,24.04,1.12,41.76,34,31,2802,0.26,0.0,0.65,0.62,15.12,1.32,5.09,49.71,4.44,52.07,0.65,37.93
114,791773,La Liga,Real Sociedad,Álex Remiro,Goalkeeper,6.94,0.0,0.0,0.0,0.0,0.0,0.0,0.0,0.03,100.0,0.0,0.0,0.0,0.0,0.0,0.0,0.0,0.0,0.0,0.0,0.0,0.0,0.0,0.0,0.03,0.03,1.11,0.0,0.05,0.08,0.05,0.0,0.03,0.08,0.03,0.0,0.0,0.11,37.14,26.54,10.59,71.47,21.78,4.76,1.78,0.0,0.0,8.38,44.67,37,37,3330,0.03,0.0,0.0,0.19,10.89,0.0,0.46,89.47,0.22,80.0,0.24,100.0
115,976104,La Liga,Real Oviedo,Federico Viñas,Forward,6.94,0.27,0.26,0.3,1.73,0.64,0.82,15.79,1.45,67.61,0.27,0.0,0.12,0.12,0.03,0.0,0.39,0.03,0.06,0.06,100.0,0.0,0.03,0.0,1.52,0.42,0.85,0.12,0.33,0.0,0.03,0.0,0.0,0.09,0.15,0.03,0.0,0.82,15.67,11.27,4.39,71.95,4.09,7.18,4.03,0.03,50.0,0.33,68.75,33,28,2451,0.15,0.09,1.39,2.09,9.7,1.67,7.85,52.54,5.03,56.46,2.82,46.73
116,1086346,La Liga,Osasuna,Iker Benito,Forward,6.93,0.17,0.1,0.0,0.33,0.17,0.17,50.0,0.17,33.33,0.0,0.17,0.0,0.17,0.0,0.0,0.0,0.0,0.0,0.0,0.0,0.0,0.0,0.0,0.17,0.33,1.0,0.17,0.5,0.0,0.0,0.0,0.0,0.0,0.0,0.0,0.0,0.33,12.5,10.17,2.33,81.33,4.17,6.0,2.0,0.5,60.0,0.83,45.45,6,1,171,0.17,0.0,0.5,0.5,4.83,0.17,1.0,33.33,0.83,35.71,0.17,25.0
117,1099352,La Liga,Atlético Madrid,Giuliano Simeone,Midfielder,6.93,0.13,0.16,0.23,1.13,0.43,0.5,11.76,0.97,44.62,0.1,0.03,0.0,0.07,0.07,0.03,0.23,0.0,0.0,0.0,0.0,0.0,0.0,0.0,1.47,0.57,0.37,0.1,1.33,0.0,0.03,0.0,0.0,0.07,0.3,0.2,0.07,1.03,30.9,25.23,5.67,81.66,9.5,15.73,9.2,0.33,21.28,0.33,55.56,30,24,2064,0.07,0.0,0.67,1.33,11.37,0.87,4.6,50.18,3.77,48.92,0.83,56.82
118,900003,La Liga,Rayo Vallecano,Jorge de Frutos,Forward,6.93,0.29,0.29,0.31,1.74,0.8,0.6,16.39,0.77,46.55,0.29,0.0,0.0,0.09,0.2,0.03,0.51,0.09,0.03,0.03,100.0,0.0,0.0,0.0,0.86,0.31,0.34,0.0,0.6,0.0,0.0,0.0,0.0,0.09,0.11,0.03,0.0,0.86,11.03,8.4,2.63,76.17,3.06,5.34,3.51,0.29,21.74,0.17,46.15,35,31,2438,0.09,0.0,0.97,1.06,8.37,0.97,3.2,42.75,2.66,44.08,0.54,37.25
119,1009372,La Liga,Villarreal,Georges Mikautadze,Forward,6.93,0.39,0.34,0.58,2.0,0.94,0.71,19.35,1.0,47.69,0.35,0.03,0.03,0.03,0.32,0.03,0.1,0.0,0.0,0.0,0.0,0.0,0.0,0.0,0.19,0.16,0.19,0.03,0.13,0.0,0.0,0.0,0.0,0.0,0.23,0.19,0.0,0.84,12.23,9.13,3.1,74.67,2.84,6.29,3.97,0.13,19.05,0.45,63.64,31,22,2028,0.03,0.0,0.42,1.45,8.03,0.97,2.97,45.54,2.65,51.25,0.32,23.81
120,325355,La Liga,Atlético Madrid,José María Giménez,Defender,6.93,0.0,0.11,0.19,0.81,0.19,0.56,0.0,0.12,66.67,0.0,0.0,0.0,0.0,0.0,0.0,0.06,0.06,0.0,0.0,0.0,0.0,0.0,0.0,1.56,1.0,4.0,0.75,0.62,0.06,0.06,0.0,0.0,0.44,0.06,0.06,0.0,0.06,50.12,45.19,4.94,90.15,29.06,16.12,5.06,0.0,0.0,2.75,57.14,16,13,1177,0.25,0.0,1.25,0.62,5.44,0.12,4.62,52.11,2.31,54.41,2.31,50.0
121,900792,La Liga,Osasuna,Alejandro Catena,Defender,6.93,0.09,0.08,0.03,0.56,0.12,0.29,15.79,0.18,54.55,0.09,0.0,0.09,0.0,0.0,0.0,0.09,0.0,0.0,0.0,0.0,0.0,0.0,0.0,1.15,0.97,6.09,0.94,0.29,0.06,0.06,0.06,0.0,0.21,0.06,0.06,0.0,0.35,49.26,42.26,7.0,85.79,30.59,11.68,3.5,0.0,0.0,4.29,52.52,34,34,2983,0.32,0.03,1.29,0.41,7.62,0.12,4.03,53.94,1.71,49.15,2.32,58.09
122,845693,La Liga,Valencia,André Almeida,Midfielder,6.93,0.0,0.03,0.05,0.43,0.14,0.14,0.0,0.71,50.0,0.0,0.0,0.0,0.0,0.0,0.0,0.0,0.05,0.0,0.0,0.0,0.0,0.1,0.0,1.1,0.48,0.24,0.05,0.33,0.0,0.0,0.0,0.0,0.0,0.19,0.1,0.0,0.86,26.95,24.24,2.71,89.93,8.19,16.05,9.76,0.71,23.44,1.67,81.4,21,11,1034,0.0,0.0,0.52,1.05,7.81,0.95,3.0,53.85,2.86,53.1,0.14,75.0
123,1526618,La Liga,FC Barcelona,Marc Bernal,Midfielder,6.92,0.1,0.05,0.05,0.33,0.1,0.1,28.57,0.48,76.92,0.1,0.0,0.0,0.05,0.05,0.0,0.0,0.0,0.0,0.0,0.0,0.0,0.0,0.0,1.19,0.57,0.86,0.1,0.43,0.0,0.05,0.0,0.0,0.0,0.1,0.05,0.0,0.24,25.86,23.76,2.1,91.9,10.71,13.05,5.0,0.0,0.0,0.67,58.33,21,8,712,0.19,0.0,0.67,0.48,3.1,0.33,2.86,56.6,2.14,57.69,0.71,53.57
124,788216,La Liga,Mallorca,Pablo Maffeo,Defender,6.92,0.03,0.01,0.0,0.23,0.03,0.13,14.29,1.13,62.96,0.0,0.03,0.0,0.03,0.0,0.0,0.0,0.0,0.0,0.0,0.0,0.0,0.0,0.0,2.27,1.13,3.27,0.73,0.6,0.0,0.0,0.0,0.03,0.13,0.03,0.03,0.0,0.6,29.73,22.7,7.03,76.35,10.93,11.77,5.43,0.87,33.77,1.57,34.56,30,29,2582,0.37,0.0,0.83,0.77,12.23,0.37,5.17,62.25,4.17,62.81,1.0,60.0
125,988672,La Liga,Elche,David Affengruber,Defender,6.92,0.03,0.02,0.06,0.4,0.11,0.26,7.14,0.31,64.71,0.03,0.0,0.0,0.0,0.03,0.0,0.06,0.03,0.0,0.0,0.0,0.0,0.0,0.0,2.06,1.43,4.86,0.74,0.51,0.06,0.06,0.03,0.0,0.17,0.06,0.03,0.0,0.23,58.29,51.2,7.09,87.84,32.4,18.8,5.14,0.03,11.11,1.97,36.51,35,32,2863,0.17,0.03,0.94,0.94,8.4,0.17,5.09,63.35,3.29,64.61,1.8,61.17
126,910536,La Liga,Real Madrid,Rodrygo,Forward,6.92,0.05,0.14,0.16,1.42,0.58,0.42,3.7,0.95,47.37,0.05,0.0,0.0,0.0,0.05,0.05,0.0,0.05,0.0,0.0,0.0,0.0,0.11,0.0,0.68,0.16,0.21,0.0,0.32,0.0,0.0,0.0,0.0,0.05,0.37,0.16,0.0,0.89,17.05,15.47,1.58,90.74,2.74,12.74,8.0,0.63,28.57,0.11,28.57,19,6,680,0.16,0.0,0.26,1.21,5.74,0.47,2.84,52.94,2.84,58.06,0.0,0.0
127,149370,La Liga,Osasuna,Moi Gómez,Midfielder,6.92,0.0,0.02,0.0,0.44,0.08,0.16,0.0,0.48,57.14,0.0,0.0,0.0,0.0,0.0,0.0,0.0,0.0,0.0,0.0,0.0,0.0,0.0,0.0,0.8,0.44,0.36,0.04,0.4,0.04,0.0,0.04,0.0,0.0,0.16,0.08,0.0,0.64,34.16,30.32,3.84,88.76,10.0,20.32,10.68,0.24,17.14,2.12,65.43,25,12,1198,0.12,0.0,0.76,0.84,6.16,0.32,2.56,55.65,2.12,54.64,0.44,61.11
128,319735,La Liga,Girona FC,Viktor Tsygankov,Midfielder,6.92,0.19,0.22,0.19,1.61,0.68,0.58,12.0,0.84,49.06,0.19,0.0,0.03,0.13,0.03,0.03,0.16,0.0,0.0,0.0,0.0,0.0,0.19,0.0,1.0,0.65,0.94,0.13,0.48,0.0,0.0,0.0,0.0,0.1,0.13,0.16,0.03,1.71,31.42,25.9,5.52,82.44,7.61,18.29,12.23,0.87,22.88,0.97,75.0,31,30,2551,0.1,0.0,0.65,1.1,11.29,0.68,3.87,50.42,2.9,52.63,0.97,44.78
129,859773,La Liga,Celta Vigo,Óscar Mingueza,Midfielder,6.92,0.03,0.02,0.0,0.42,0.15,0.15,7.14,0.45,53.57,0.0,0.03,0.0,0.0,0.03,0.03,0.03,0.0,0.0,0.0,0.0,0.0,0.03,0.0,1.24,0.27,1.15,0.15,1.03,0.0,0.06,0.0,0.0,0.06,0.21,0.12,0.06,0.97,37.45,31.82,5.64,84.95,12.97,18.85,11.21,0.39,19.4,1.67,50.93,33,21,1966,0.12,0.0,0.45,0.85,9.58,0.45,2.97,53.55,2.52,51.88,0.45,65.22
130,1014042,La Liga,Levante UD,Iván Romero,Forward,6.92,0.23,0.27,0.35,1.87,0.55,0.71,12.07,1.16,49.32,0.23,0.0,0.0,0.0,0.23,0.03,0.23,0.03,0.03,0.0,0.0,0.0,0.0,0.0,1.03,0.39,0.29,0.06,0.65,0.0,0.0,0.0,0.0,0.06,0.16,0.03,0.0,0.77,16.71,12.13,4.58,72.59,4.68,7.45,4.74,0.1,15.0,0.39,57.14,31,27,2209,0.16,0.0,1.26,2.42,11.94,1.77,5.58,48.6,4.61,48.97,0.97,46.88
131,1012410,La Liga,Celta Vigo,Alvaro Núñez,Defender,6.91,0.0,0.01,0.0,0.24,0.04,0.04,0.0,0.6,65.22,0.0,0.0,0.0,0.0,0.0,0.0,0.08,0.0,0.0,0.0,0.0,0.0,0.0,0.0,1.16,0.64,1.36,0.32,0.52,0.0,0.0,0.04,0.0,0.16,0.24,0.08,0.04,0.88,48.88,44.68,4.2,91.41,22.28,22.4,11.08,0.84,32.81,1.96,60.49,25,24,1984,0.08,0.0,0.56,0.88,7.76,0.24,3.08,54.61,2.64,62.26,0.44,31.43
132,845385,La Liga,Real Sociedad,Brais Méndez,Midfielder,6.91,0.21,0.2,0.17,1.24,0.55,0.31,16.67,0.72,42.0,0.21,0.0,0.0,0.21,0.0,0.03,0.24,0.0,0.07,0.03,50.0,0.0,0.14,0.0,1.28,0.24,0.31,0.1,0.28,0.0,0.0,0.0,0.0,0.0,0.21,0.07,0.0,0.86,30.28,24.83,5.45,82.0,9.45,15.38,9.41,0.48,21.54,1.31,59.38,29,21,1672,0.17,0.03,1.48,1.21,10.9,0.69,4.17,51.05,3.14,48.4,1.03,61.22
133,1014412,La Liga,Valencia,Julen Agirrezabala,Goalkeeper,6.91,0.0,0.0,0.0,0.0,0.0,0.0,0.0,0.0,0.0,0.0,0.0,0.0,0.0,0.0,0.0,0.0,0.0,0.0,0.0,0.0,0.0,0.0,0.0,0.11,0.0,1.39,0.0,0.11,0.0,0.0,0.0,0.0,0.22,0.0,0.0,0.0,0.06,27.44,19.11,8.33,69.64,16.22,2.89,0.78,0.0,0.0,4.5,35.22,18,18,1620,0.06,0.0,0.0,0.06,8.39,0.0,0.56,83.33,0.17,60.0,0.39,100.0
134,141832,La Liga,Elche,Pedro Bigas,Defender,6.91,0.04,0.02,0.04,0.37,0.11,0.19,10.0,0.15,57.14,0.0,0.04,0.0,0.04,0.0,0.0,0.0,0.0,0.0,0.0,0.0,0.0,0.0,0.0,1.26,1.0,3.85,0.7,0.59,0.0,0.15,0.07,0.0,0.19,0.15,0.07,0.0,0.52,54.81,48.78,6.04,88.99,26.67,22.11,9.07,0.3,32.0,2.89,45.61,27,24,1978,0.11,0.04,0.93,0.7,8.85,0.26,3.78,58.96,2.07,53.33,1.7,67.65
135,908714,La Liga,Villarreal,Arnau Tenas,Goalkeeper,6.91,0.0,0.0,0.0,0.0,0.0,0.0,0.0,0.0,0.0,0.0,0.0,0.0,0.0,0.0,0.0,0.0,0.0,0.0,0.0,0.0,0.0,0.0,0.0,0.11,0.0,0.89,0.0,0.0,0.11,0.0,0.0,0.0,0.0,0.0,0.0,0.0,0.0,27.89,17.56,10.33,62.95,14.89,2.67,0.78,0.0,0.0,5.33,34.78,9,9,810,0.0,0.0,0.0,0.11,10.44,0.0,0.22,100.0,0.22,100.0,0.0,0.0
136,1119345,La Liga,Atlético Madrid,Obed Vargas,Midfielder,6.9,0.0,0.01,0.0,0.36,0.0,0.27,0.0,0.82,69.23,0.0,0.0,0.0,0.0,0.0,0.0,0.09,0.0,0.0,0.0,0.0,0.0,0.0,0.0,2.09,0.64,0.82,0.36,0.73,0.0,0.18,0.0,0.0,0.09,0.0,0.09,0.0,0.36,25.27,20.73,4.55,82.01,10.36,10.36,5.18,0.09,20.0,1.0,45.83,11,7,649,0.18,0.0,0.36,0.82,6.82,0.18,3.91,66.15,3.73,70.69,0.18,28.57
137,901325,La Liga,Atlético Madrid,Nicolás González,Midfielder,6.9,0.21,0.18,0.25,1.79,0.83,0.71,11.63,1.0,51.06,0.21,0.0,0.12,0.08,0.0,0.08,0.08,0.04,0.0,0.0,0.0,0.0,0.0,0.0,1.0,0.5,1.12,0.12,0.67,0.04,0.0,0.0,0.0,0.08,0.12,0.0,0.0,0.5,22.25,16.92,5.33,76.03,6.88,10.04,5.33,0.12,11.11,0.92,52.38,24,18,1460,0.17,0.04,1.17,1.04,9.75,0.83,5.12,51.9,3.04,47.1,2.08,60.98
138,999178,La Liga,Deportivo Alavés,Ville Koski,Defender,6.9,0.0,0.0,0.0,0.0,0.0,0.0,0.0,0.0,0.0,0.0,0.0,0.0,0.0,0.0,0.0,0.0,0.0,0.0,0.0,0.0,0.0,0.0,0.0,1.25,1.0,3.5,0.5,0.0,0.0,0.0,0.0,0.0,0.5,0.0,0.0,0.0,0.0,7.75,5.75,2.0,74.19,4.5,1.25,0.25,0.0,0.0,0.75,42.86,4,2,191,0.0,0.0,0.25,0.0,2.25,0.0,2.25,75.0,1.25,83.33,1.0,66.67
139,827212,La Liga,FC Barcelona,Jules Koundé,Defender,6.9,0.03,0.06,0.17,0.47,0.13,0.23,7.14,0.7,60.0,0.03,0.0,0.03,0.0,0.0,0.03,0.07,0.0,0.0,0.0,0.0,0.0,0.0,0.0,1.57,1.0,1.83,0.43,0.73,0.0,0.07,0.03,0.0,0.27,0.2,0.1,0.0,0.77,64.07,58.67,5.4,91.57,26.9,31.77,14.2,0.4,30.0,1.03,46.97,30,24,2269,0.2,0.0,0.77,0.8,9.33,0.77,4.23,54.51,3.07,53.8,1.17,56.45
140,142622,La Liga,Real Madrid,Antonio Rüdiger,Defender,6.9,0.06,0.05,0.06,0.72,0.06,0.5,7.69,0.0,0.0,0.06,0.0,0.0,0.0,0.06,0.0,0.11,0.0,0.0,0.0,0.0,0.0,0.0,0.0,0.78,0.22,2.89,0.22,0.06,0.0,0.06,0.0,0.0,0.28,0.06,0.0,0.06,0.17,65.11,60.61,4.5,93.09,39.67,20.94,5.28,0.0,0.0,2.67,53.33,18,16,1492,0.0,0.0,0.61,0.11,5.06,0.06,2.56,63.89,0.89,55.17,1.67,69.77
141,1546073,La Liga,FC Barcelona,Xavi Espart,Defender,6.9,0.0,0.0,0.0,0.0,0.0,0.0,0.0,1.0,100.0,0.0,0.0,0.0,0.0,0.0,0.0,0.0,0.0,0.0,0.0,0.0,0.0,0.0,0.0,0.67,1.67,1.0,0.0,0.33,0.0,0.0,0.0,0.0,0.0,0.0,0.0,0.0,0.0,29.0,26.0,3.0,89.66,15.67,10.33,2.67,0.0,0.0,0.67,40.0,3,1,119,0.0,0.0,0.0,1.0,5.0,1.0,4.0,70.59,2.67,66.67,1.33,80.0
142,1002347,La Liga,Girona FC,Alejandro Francés,Defender,6.9,0.0,0.03,0.04,0.67,0.17,0.21,0.0,0.29,63.64,0.0,0.0,0.0,0.0,0.0,0.0,0.04,0.0,0.0,0.0,0.0,0.0,0.0,0.0,1.04,0.62,2.5,0.25,0.29,0.0,0.04,0.0,0.0,0.0,0.08,0.08,0.0,0.42,30.46,25.33,5.12,83.17,13.29,12.04,6.33,0.38,37.5,2.0,41.38,24,11,1121,0.08,0.04,0.62,0.96,6.54,0.12,2.88,66.35,2.25,66.67,0.62,65.22
143,949962,La Liga,Celta Vigo,Ferran Jutglà,Forward,6.9,0.31,0.23,0.28,1.55,0.9,0.52,20.0,0.72,39.62,0.24,0.07,0.0,0.07,0.24,0.03,0.34,0.0,0.0,0.0,0.0,0.0,0.0,0.0,0.38,0.24,0.69,0.03,0.14,0.0,0.0,0.0,0.0,0.0,0.07,0.1,0.03,0.48,13.97,10.79,3.17,77.28,3.97,6.83,3.79,0.1,15.79,0.41,66.67,29,21,1645,0.14,0.0,0.83,0.97,7.48,0.69,2.62,40.86,2.07,43.17,0.55,34.04
144,280979,La Liga,Real Sociedad,Gonçalo Guedes,Midfielder,6.9,0.25,0.12,0.09,1.44,0.56,0.34,17.39,0.56,46.15,0.19,0.06,0.0,0.06,0.19,0.06,0.41,0.0,0.0,0.0,0.0,0.0,0.0,0.0,0.78,0.12,0.19,0.0,0.78,0.0,0.03,0.0,0.0,0.03,0.19,0.12,0.03,0.78,17.66,13.19,4.47,74.69,3.59,9.59,6.34,0.53,24.29,0.78,58.14,32,22,1839,0.09,0.0,0.56,1.03,9.38,0.75,2.72,44.85,2.38,46.91,0.34,34.38
145,1154587,La Liga,Elche,Álvaro Rodriguez,Forward,6.89,0.18,0.27,0.52,2.24,0.7,1.18,8.11,1.15,49.35,0.15,0.03,0.03,0.15,0.0,0.0,0.55,0.0,0.0,0.0,0.0,0.0,0.0,0.0,0.64,0.09,0.79,0.03,0.27,0.0,0.0,0.03,0.0,0.03,0.21,0.15,0.0,1.0,15.7,10.12,5.58,64.48,2.45,7.67,4.55,0.12,40.0,0.39,65.0,33,23,2125,0.06,0.0,1.09,1.39,11.7,1.3,7.12,51.65,3.18,45.85,3.94,57.52
146,85859,La Liga,Atlético Madrid,Antoine Griezmann,Forward,6.89,0.21,0.22,0.24,1.36,0.73,0.58,15.56,0.24,33.33,0.21,0.0,0.0,0.15,0.06,0.03,0.45,0.0,0.0,0.0,0.0,0.0,0.03,0.0,0.42,0.21,0.36,0.06,0.33,0.0,0.06,0.0,0.0,0.06,0.24,0.09,0.03,0.91,20.79,17.12,3.67,82.36,6.21,10.91,5.91,0.61,26.67,0.97,66.67,33,12,1385,0.03,0.0,0.12,0.3,7.52,0.21,1.27,42.42,0.97,45.71,0.3,34.48
147,1485300,La Liga,Girona FC,Vitor Reis,Defender,6.89,0.03,0.05,0.11,0.54,0.11,0.31,5.26,0.23,72.73,0.03,0.0,0.03,0.0,0.0,0.0,0.03,0.0,0.0,0.0,0.0,0.0,0.0,0.0,1.37,0.89,5.91,1.14,0.31,0.0,0.2,0.0,0.03,0.14,0.06,0.03,0.0,0.26,53.71,48.94,4.77,91.12,34.86,14.09,3.71,0.0,0.0,2.2,51.33,35,34,3048,0.2,0.03,1.03,0.69,5.8,0.17,4.63,57.65,2.29,59.7,2.34,55.78
148,110783,La Liga,Mallorca,Sergi Darder,Midfielder,6.89,0.03,0.05,0.05,0.95,0.35,0.41,2.86,0.92,57.63,0.03,0.0,0.0,0.0,0.0,0.0,0.05,0.0,0.0,0.0,0.0,0.0,0.03,0.0,0.68,0.68,0.49,0.16,0.41,0.0,0.0,0.0,0.0,0.03,0.32,0.14,0.03,1.54,29.86,25.19,4.68,84.34,10.05,15.14,7.57,1.46,32.93,2.11,58.21,37,29,2599,0.08,0.0,0.54,0.76,9.76,0.49,2.54,52.81,2.35,53.05,0.19,50.0
149,1012444,La Liga,Villarreal,Alberto Moleiro,Midfielder,6.88,0.28,0.16,0.17,1.28,0.56,0.53,21.74,0.89,48.48,0.19,0.08,0.0,0.03,0.25,0.03,0.08,0.03,0.0,0.0,0.0,0.0,0.03,0.0,0.83,0.31,0.33,0.08,1.61,0.03,0.06,0.0,0.0,0.0,0.25,0.14,0.0,1.0,21.83,17.25,4.58,79.01,6.03,11.22,7.06,0.25,29.03,0.42,41.67,36,29,2400,0.11,0.0,0.89,0.69,8.86,0.69,2.5,34.88,2.42,37.18,0.08,12.5
150,797291,La Liga,Athletic Club,Unai Simón,Goalkeeper,6.88,0.0,0.0,0.0,0.0,0.0,0.0,0.0,0.0,0.0,0.0,0.0,0.0,0.0,0.0,0.0,0.0,0.0,0.0,0.0,0.0,0.0,0.0,0.0,0.03,0.0,0.95,0.0,0.0,0.0,0.03,0.0,0.0,0.16,0.0,0.0,0.0,0.03,30.38,17.62,12.76,58.01,12.11,5.51,2.7,0.0,0.0,7.0,35.87,37,37,3330,0.03,0.0,0.0,0.22,12.97,0.0,0.46,100.0,0.14,100.0,0.32,100.0
151,855831,La Liga,Elche,Víctor Chust,Defender,6.88,0.03,0.02,0.03,0.3,0.1,0.2,11.11,0.27,66.67,0.0,0.03,0.0,0.0,0.03,0.0,0.03,0.0,0.0,0.0,0.0,0.0,0.03,0.0,2.03,0.67,2.63,0.57,0.67,0.0,0.1,0.0,0.0,0.13,0.0,0.0,0.0,0.17,49.23,44.53,4.7,90.45,26.47,18.07,7.17,0.27,23.53,2.0,45.45,30,21,2075,0.2,0.03,1.2,0.3,6.67,0.13,3.53,53.27,2.6,55.32,0.93,48.28
152,149734,La Liga,Athletic Club,Aymeric Laporte,Defender,6.88,0.0,0.06,0.08,0.6,0.2,0.16,0.0,0.08,100.0,0.0,0.0,0.0,0.0,0.0,0.04,0.04,0.04,0.0,0.0,0.0,0.0,0.04,0.0,1.08,1.0,5.08,0.52,0.36,0.0,0.04,0.0,0.0,0.04,0.04,0.04,0.0,0.28,49.48,44.12,5.36,89.17,28.76,15.36,4.36,0.04,50.0,2.64,51.16,25,24,2060,0.16,0.0,0.36,0.52,5.84,0.04,4.08,68.0,1.68,68.85,2.4,67.42
153,21555,La Liga,Sevilla,César Azpilicueta,Defender,6.87,0.0,0.0,0.0,0.06,0.0,0.06,0.0,0.12,40.0,0.0,0.0,0.0,0.0,0.0,0.06,0.06,0.0,0.0,0.0,0.0,0.0,0.0,0.0,1.62,1.38,2.44,0.56,0.62,0.0,0.0,0.0,0.0,0.12,0.06,0.06,0.0,0.12,40.62,35.75,4.88,88.0,23.38,12.38,4.38,0.25,36.36,1.88,47.62,16,16,1128,0.25,0.0,1.38,0.5,8.0,0.12,3.44,52.88,2.19,49.3,1.25,60.61
154,925097,La Liga,FC Barcelona,Ronald Araújo,Defender,6.87,0.13,0.06,0.09,0.48,0.22,0.22,27.27,0.0,0.0,0.13,0.0,0.09,0.0,0.04,0.0,0.0,0.0,0.0,0.0,0.0,0.0,0.0,0.0,0.78,0.39,1.48,0.17,0.04,0.0,0.0,0.04,0.0,0.09,0.04,0.0,0.0,0.13,34.17,31.3,2.87,91.6,18.3,13.0,3.13,0.0,0.0,0.91,46.67,23,10,1027,0.09,0.0,0.74,0.13,3.7,0.04,2.48,60.64,0.91,53.85,1.57,65.45
155,887055,La Liga,Real Betis,Cucho Hernández,Forward,6.87,0.35,0.35,0.29,2.74,0.81,1.23,12.94,0.87,54.0,0.26,0.1,0.03,0.03,0.29,0.1,0.52,0.0,0.03,0.03,100.0,0.0,0.06,0.0,0.87,0.29,0.77,0.06,0.32,0.03,0.0,0.0,0.0,0.19,0.26,0.1,0.0,1.06,20.68,14.81,5.87,71.61,4.71,10.1,6.74,0.1,13.04,1.0,70.45,31,29,2502,0.16,0.0,0.71,1.19,12.23,1.68,4.06,45.0,2.9,46.39,1.16,41.86
156,39182,La Liga,Villarreal,Dani Parejo,Midfielder,6.87,0.0,0.01,0.0,0.06,0.0,0.03,0.0,0.26,50.0,0.0,0.0,0.0,0.0,0.0,0.03,0.0,0.0,0.0,0.0,0.0,0.0,0.06,0.0,1.26,0.39,0.45,0.23,0.32,0.03,0.13,0.0,0.0,0.0,0.1,0.0,0.03,0.81,27.39,23.94,3.45,87.4,11.58,12.35,5.68,0.39,32.43,1.68,60.47,31,15,1332,0.1,0.0,0.52,0.84,5.48,0.32,2.61,65.32,2.35,64.04,0.26,80.0
157,855832,La Liga,Deportivo Alavés,Antonio Blanco,Midfielder,6.87,0.06,0.03,0.0,1.09,0.34,0.31,5.26,0.66,74.19,0.03,0.03,0.0,0.03,0.03,0.0,0.06,0.0,0.0,0.0,0.0,0.0,0.0,0.0,2.69,1.54,1.17,0.31,1.86,0.0,0.06,0.0,0.0,0.11,0.06,0.09,0.0,0.63,51.29,43.8,7.49,85.4,21.94,21.86,8.29,0.23,26.67,2.86,57.47,35,35,3026,0.26,0.0,2.0,1.17,10.46,0.97,5.46,47.51,4.46,47.13,1.0,49.3
158,360718,La Liga,Celta Vigo,Carl Starfelt,Defender,6.86,0.0,0.03,0.11,0.21,0.05,0.16,0.0,0.05,50.0,0.0,0.0,0.0,0.0,0.0,0.0,0.0,0.0,0.0,0.0,0.0,0.0,0.0,0.0,1.21,0.89,5.68,0.68,0.05,0.0,0.05,0.0,0.05,0.26,0.0,0.0,0.0,0.05,53.42,51.21,2.21,95.86,39.47,11.74,1.95,0.0,0.0,1.63,72.09,19,17,1493,0.05,0.05,1.0,0.42,2.68,0.11,3.26,59.05,1.63,59.62,1.63,58.49
159,1518971,La Liga,Elche,Adam Boayar,Forward,6.86,0.14,0.04,0.0,0.71,0.29,0.29,20.0,0.14,20.0,0.14,0.0,0.0,0.0,0.14,0.0,0.14,0.0,0.0,0.0,0.0,0.0,0.0,0.0,0.57,0.14,0.57,0.0,0.43,0.0,0.0,0.0,0.0,0.0,0.0,0.0,0.0,0.29,5.57,4.86,0.71,87.18,1.57,3.29,2.86,0.0,0.0,0.43,100.0,7,0,106,0.0,0.0,0.0,0.14,2.71,0.57,1.29,42.86,0.86,35.29,0.43,75.0
160,1084730,La Liga,Celta Vigo,Bryan Zaragoza,Forward,6.86,0.05,0.11,0.0,1.37,0.63,0.42,3.85,1.42,38.57,0.05,0.0,0.0,0.0,0.05,0.0,0.32,0.05,0.05,0.05,100.0,0.0,0.0,0.0,0.53,0.11,0.26,0.0,0.63,0.0,0.05,0.0,0.0,0.05,0.21,0.05,0.0,0.95,17.58,13.63,3.95,77.54,3.37,10.26,6.63,0.79,22.06,0.68,56.52,19,13,1135,0.05,0.0,0.37,0.89,11.37,0.26,2.89,42.64,2.84,44.63,0.05,12.5
161,814590,La Liga,FC Barcelona,Marcus Rashford,Forward,6.86,0.26,0.24,0.32,2.45,0.94,0.65,10.53,0.94,34.94,0.19,0.06,0.03,0.1,0.13,0.1,0.32,0.0,0.0,0.0,0.0,0.03,0.35,9.09,0.26,0.06,0.45,0.1,0.16,0.0,0.0,0.0,0.0,0.0,0.23,0.23,0.0,1.35,23.77,20.1,3.68,84.53,3.45,16.65,11.48,0.87,24.55,0.74,56.1,31,17,1671,0.1,0.0,0.32,0.81,11.06,0.74,2.13,40.24,2.0,40.26,0.13,40.0
162,1649918,La Liga,Levante UD,Carlos Espí,Forward,6.86,0.42,0.26,0.38,2.17,0.92,0.92,19.23,0.5,50.0,0.29,0.12,0.17,0.08,0.17,0.0,0.38,0.0,0.0,0.0,0.0,0.0,0.0,0.0,0.54,0.25,0.54,0.04,0.33,0.0,0.0,0.0,0.0,0.0,0.04,0.0,0.0,0.38,8.29,5.29,3.0,63.82,1.83,3.46,2.04,0.0,0.0,0.04,33.33,24,12,1260,0.12,0.0,1.25,0.96,6.71,0.79,3.88,47.45,2.0,41.74,1.88,55.56
163,103417,La Liga,Real Betis,Isco,Midfielder,6.86,0.14,0.13,0.0,0.71,0.14,0.14,20.0,0.14,50.0,0.14,0.0,0.0,0.0,0.14,0.0,0.0,0.14,0.14,0.14,100.0,0.0,0.0,0.0,0.43,0.14,0.0,0.0,0.57,0.0,0.0,0.0,0.0,0.0,0.14,0.14,0.0,0.71,18.14,16.43,1.71,90.55,5.71,10.71,6.43,0.29,25.0,1.0,70.0,7,0,174,0.0,0.0,0.43,1.14,4.0,0.29,1.86,50.0,1.71,54.55,0.14,25.0
164,949707,La Liga,Getafe,Juan Iglesias,Defender,6.86,0.03,0.03,0.0,0.72,0.14,0.19,3.85,0.83,51.72,0.03,0.0,0.0,0.0,0.03,0.0,0.03,0.0,0.0,0.0,0.0,0.0,0.0,0.0,3.08,0.69,3.81,0.31,1.39,0.06,0.03,0.0,0.03,0.25,0.08,0.06,0.0,0.5,23.5,15.22,8.28,64.78,5.97,9.25,4.94,0.58,20.79,2.03,32.74,36,35,3099,0.11,0.0,1.69,1.83,17.0,0.47,6.58,55.24,5.75,57.66,0.83,42.86
165,973699,La Liga,Girona FC,Iván Martín,Midfielder,6.86,0.0,0.03,0.06,0.38,0.15,0.12,0.0,0.85,60.42,0.0,0.0,0.0,0.0,0.0,0.0,0.09,0.03,0.0,0.0,0.0,0.0,0.0,0.0,1.74,0.47,0.82,0.12,0.53,0.0,0.03,0.0,0.0,0.12,0.06,0.03,0.0,0.68,40.03,35.76,4.26,89.35,16.82,18.94,9.94,0.09,21.43,1.85,71.59,34,28,2448,0.09,0.03,0.82,0.88,7.59,0.94,4.03,53.31,3.47,56.46,0.56,39.58
166,795064,La Liga,Real Madrid,Trent Alexander-Arnold,Defender,6.86,0.0,0.02,0.0,0.48,0.1,0.29,0.0,0.24,41.67,0.0,0.0,0.0,0.0,0.0,0.05,0.0,0.0,0.0,0.0,0.0,0.0,0.19,0.0,0.67,0.67,0.48,0.14,0.48,0.0,0.0,0.0,0.0,0.05,0.14,0.19,0.05,1.38,39.1,33.33,5.76,85.26,12.95,20.38,10.14,1.57,25.98,3.67,57.89,21,14,1169,0.19,0.0,0.48,0.24,12.62,0.19,1.38,46.03,1.14,43.64,0.24,62.5
167,37318,La Liga,Osasuna,Ante Budimir,Forward,6.85,0.47,0.48,0.44,2.83,1.14,1.31,16.67,0.08,18.75,0.47,0.0,0.14,0.28,0.06,0.17,0.61,0.06,0.22,0.17,75.0,0.0,0.0,0.0,0.56,0.17,1.25,0.17,0.11,0.0,0.03,0.0,0.0,0.06,0.06,0.0,0.0,0.42,10.53,6.42,4.11,60.95,2.14,4.28,2.61,0.0,0.0,0.11,44.44,36,34,2863,0.11,0.0,1.36,1.0,8.31,0.89,4.83,47.15,1.58,38.51,3.25,52.94
168,824200,La Liga,Atlético Madrid,Ademola Lookman,Forward,6.85,0.36,0.38,0.18,1.91,0.45,0.91,19.05,0.55,46.15,0.36,0.0,0.09,0.0,0.27,0.09,0.64,0.0,0.09,0.09,100.0,0.0,0.0,0.0,0.27,0.09,0.0,0.0,0.18,0.0,0.0,0.0,0.0,0.0,0.18,0.0,0.0,0.91,14.64,12.18,2.45,83.23,2.82,9.36,5.82,0.18,18.18,0.09,33.33,11,8,561,0.09,0.0,0.45,0.82,5.82,1.0,1.82,41.67,1.64,42.86,0.18,33.33
169,855833,La Liga,FC Barcelona,Ferran Torres,Forward,6.85,0.5,0.41,0.62,2.09,1.12,0.62,23.88,0.22,29.17,0.41,0.09,0.03,0.03,0.44,0.19,0.34,0.0,0.0,0.0,0.0,0.0,0.03,0.0,0.22,0.09,0.31,0.03,0.25,0.0,0.0,0.0,0.0,0.06,0.12,0.03,0.0,0.69,13.34,10.09,3.25,75.64,3.41,6.69,4.25,0.03,50.0,0.22,58.33,32,22,1901,0.06,0.0,0.41,0.56,6.12,0.59,1.75,43.08,0.97,35.63,0.78,58.14
170,19356,La Liga,Celta Vigo,Iago Aspas,Forward,6.85,0.16,0.14,0.06,0.9,0.39,0.35,17.86,0.39,60.0,0.13,0.03,0.0,0.13,0.03,0.03,0.0,0.03,0.06,0.06,100.0,0.0,0.0,0.0,0.45,0.39,0.06,0.0,0.29,0.0,0.0,0.0,0.0,0.0,0.26,0.1,0.0,0.97,19.48,15.32,4.16,78.64,3.39,11.94,7.71,0.19,25.0,1.1,61.82,31,10,1089,0.13,0.0,0.1,0.48,6.52,0.48,1.42,50.0,1.32,53.95,0.1,25.0
171,843678,La Liga,Villarreal,Santi Comesaña,Midfielder,6.85,0.09,0.12,0.12,0.79,0.21,0.41,11.11,0.32,52.38,0.09,0.0,0.0,0.03,0.06,0.06,0.03,0.0,0.0,0.0,0.0,0.0,0.0,0.0,1.32,0.82,1.59,0.44,0.74,0.0,0.18,0.03,0.0,0.06,0.09,0.18,0.0,0.79,35.56,29.59,5.97,83.21,13.71,15.88,8.06,0.06,13.33,1.24,52.5,34,28,2413,0.15,0.03,1.26,0.82,8.71,0.79,3.5,46.48,2.47,45.16,1.03,50.0
172,966862,La Liga,Real Sociedad,Ander Barrenetxea,Midfielder,6.85,0.1,0.09,0.2,1.13,0.37,0.6,8.82,1.83,47.41,0.03,0.07,0.0,0.0,0.1,0.0,0.17,0.0,0.0,0.0,0.0,0.03,0.03,100.0,1.0,0.5,0.37,0.13,0.53,0.0,0.03,0.0,0.0,0.0,0.37,0.17,0.0,1.47,24.2,19.43,4.77,80.3,5.1,14.33,8.3,0.33,13.89,0.9,49.09,30,22,1769,0.17,0.0,1.23,1.0,12.93,1.1,4.13,43.51,3.83,44.4,0.3,34.62
173,255999,La Liga,Mallorca,Omar Mascarell,Midfielder,6.85,0.07,0.01,0.0,0.24,0.1,0.07,28.57,0.21,66.67,0.03,0.03,0.03,0.0,0.03,0.0,0.0,0.0,0.0,0.0,0.0,0.0,0.0,0.0,1.62,1.21,2.79,0.59,0.62,0.07,0.07,0.0,0.0,0.14,0.07,0.07,0.0,0.28,36.1,30.97,5.14,85.77,18.0,12.97,4.45,0.03,16.67,2.72,54.48,29,25,2192,0.17,0.0,1.31,0.45,6.34,0.14,3.28,49.22,2.28,51.16,1.0,45.31
174,927066,La Liga,Levante UD,Pablo Martínez,Midfielder,6.85,0.04,0.07,0.04,1.08,0.15,0.54,3.57,0.54,42.42,0.04,0.0,0.0,0.04,0.0,0.04,0.15,0.0,0.0,0.0,0.0,0.0,0.15,0.0,0.65,0.73,1.12,0.38,0.46,0.0,0.04,0.0,0.0,0.12,0.35,0.15,0.0,1.19,25.04,19.46,5.58,77.73,9.04,10.42,5.58,1.08,35.0,1.35,41.18,26,20,1779,0.12,0.0,1.15,0.46,9.96,0.65,2.12,39.57,1.62,35.29,0.5,65.0
175,900008,La Liga,Rayo Vallecano,Óscar Valentín,Midfielder,6.85,0.03,0.03,0.0,0.41,0.12,0.19,7.69,0.16,41.67,0.03,0.0,0.0,0.03,0.0,0.0,0.0,0.0,0.0,0.0,0.0,0.0,0.0,0.0,2.16,0.84,1.84,0.44,1.03,0.0,0.06,0.03,0.0,0.12,0.03,0.0,0.0,0.31,27.12,24.0,3.12,88.48,11.47,12.53,5.28,0.0,0.0,0.75,50.0,32,25,2052,0.09,0.03,0.97,0.62,4.53,0.34,3.72,49.79,2.91,54.71,0.81,37.68
176,976141,La Liga,Osasuna,Jon Moncayola,Midfielder,6.85,0.0,0.06,0.09,0.66,0.14,0.17,0.0,0.37,61.9,0.0,0.0,0.0,0.0,0.0,0.03,0.0,0.0,0.0,0.0,0.0,0.0,0.03,0.0,1.51,0.6,1.37,0.17,1.23,0.0,0.0,0.0,0.0,0.17,0.26,0.11,0.0,1.09,39.14,31.54,7.6,80.58,14.0,17.54,8.43,0.97,24.64,2.49,49.15,35,34,2947,0.26,0.0,1.11,0.37,12.97,0.26,2.74,45.93,2.23,44.57,0.51,52.94
177,787751,La Liga,Atlético Madrid,Robin Le Normand,Defender,6.85,0.04,0.02,0.04,0.21,0.04,0.11,16.67,0.04,25.0,0.04,0.0,0.04,0.0,0.0,0.0,0.04,0.0,0.0,0.0,0.0,0.0,0.0,0.0,1.25,0.71,3.5,0.25,0.29,0.04,0.0,0.0,0.0,0.21,0.04,0.04,0.0,0.07,37.39,33.46,3.93,89.49,23.0,10.46,2.89,0.04,33.33,1.29,40.0,28,17,1789,0.18,0.0,0.79,0.5,4.64,0.04,3.57,63.29,1.75,59.76,1.82,67.11
178,807771,La Liga,Atlético Madrid,Dávid Hancko,Defender,6.85,0.0,0.05,0.07,0.72,0.17,0.45,0.0,0.28,53.33,0.0,0.0,0.0,0.0,0.0,0.03,0.07,0.0,0.0,0.0,0.0,0.0,0.0,0.0,1.48,0.66,3.45,0.34,0.69,0.0,0.03,0.03,0.0,0.28,0.14,0.07,0.0,0.45,49.21,43.1,6.1,87.6,24.66,18.45,8.28,0.1,10.34,2.31,51.15,29,26,2389,0.07,0.0,0.52,0.14,8.9,0.28,3.34,54.49,1.9,52.88,1.45,56.76
179,857205,La Liga,Espanyol,Fernando Calero,Defender,6.84,0.0,0.07,0.15,0.44,0.04,0.37,0.0,0.07,28.57,0.0,0.0,0.0,0.0,0.0,0.0,0.0,0.0,0.0,0.0,0.0,0.0,0.0,0.0,1.0,1.04,4.56,1.15,0.22,0.0,0.0,0.0,0.0,0.19,0.04,0.0,0.0,0.11,42.7,37.67,5.04,88.2,30.15,7.52,1.78,0.0,0.0,2.56,46.0,27,23,2060,0.19,0.0,0.56,0.33,5.67,0.04,2.78,52.08,1.41,58.46,1.37,46.84
180,1145642,La Liga,Osasuna,Victor Muñoz,Forward,6.84,0.18,0.17,0.26,2.38,0.91,0.74,7.41,2.21,42.13,0.12,0.06,0.06,0.03,0.09,0.03,0.15,0.03,0.0,0.0,0.0,0.0,0.0,0.0,0.65,0.26,0.59,0.0,0.53,0.0,0.0,0.0,0.0,0.09,0.06,0.06,0.0,0.79,18.32,14.79,3.53,80.74,3.79,11.0,6.5,0.65,21.36,0.15,35.71,34,31,2668,0.09,0.0,0.94,1.59,13.79,1.65,4.91,41.44,4.41,42.25,0.5,35.42
181,1026015,La Liga,Real Sociedad,Orri Óskarsson,Forward,6.84,0.42,0.28,0.32,1.21,0.84,0.32,34.78,0.16,100.0,0.42,0.0,0.11,0.0,0.32,0.0,0.74,0.0,0.0,0.0,0.0,0.0,0.0,0.0,0.32,0.05,0.32,0.05,0.21,0.0,0.0,0.0,0.0,0.0,0.11,0.0,0.0,0.26,6.05,3.74,2.32,61.74,1.11,2.63,1.58,0.11,40.0,0.11,50.0,19,7,765,0.26,0.0,0.79,0.32,3.79,0.26,1.53,39.73,0.79,39.47,0.74,40.0
182,825133,La Liga,Osasuna,Javi Galán,Defender,6.84,0.0,0.01,0.0,0.21,0.04,0.12,0.0,1.58,61.29,0.0,0.0,0.0,0.0,0.0,0.04,0.08,0.0,0.0,0.0,0.0,0.0,0.0,0.0,1.96,1.21,2.29,0.21,0.5,0.0,0.04,0.08,0.0,0.08,0.08,0.04,0.0,1.12,36.88,31.08,5.79,84.29,15.75,15.33,8.38,1.25,35.71,1.62,43.82,24,19,1730,0.12,0.0,1.21,1.54,11.96,0.58,5.62,58.7,5.04,61.11,0.58,43.75
183,990169,La Liga,Atlético Madrid,Johnny Cardoso,Midfielder,6.84,0.0,0.01,0.0,0.13,0.0,0.07,0.0,0.33,50.0,0.0,0.0,0.0,0.0,0.0,0.0,0.0,0.0,0.0,0.0,0.0,0.0,0.0,0.0,2.47,1.07,1.47,0.4,0.67,0.0,0.0,0.0,0.0,0.07,0.07,0.0,0.0,0.2,33.27,29.4,3.87,88.38,14.53,14.87,6.6,0.07,50.0,1.8,75.0,15,12,892,0.33,0.0,1.53,0.93,6.47,1.0,4.53,49.64,3.73,51.38,0.8,42.86
184,1103693,La Liga,FC Barcelona,Pablo Gavi,Midfielder,6.84,0.0,0.0,0.0,0.0,0.0,0.0,0.0,0.1,14.29,0.0,0.0,0.0,0.0,0.0,0.0,0.0,0.0,0.0,0.0,0.0,0.0,0.0,0.0,1.5,0.3,0.6,0.1,0.7,0.0,0.0,0.1,0.0,0.0,0.1,0.1,0.0,0.7,35.8,33.3,2.5,93.02,13.7,19.6,8.9,0.0,0.0,1.4,82.35,10,6,484,0.3,0.0,1.0,1.2,3.9,0.1,3.8,56.72,2.6,52.0,1.2,70.59
185,942836,La Liga,Real Oviedo,Haissem Hassan,Midfielder,6.84,0.0,0.04,0.06,0.92,0.22,0.42,0.0,1.67,49.59,0.0,0.0,0.0,0.0,0.0,0.03,0.08,0.0,0.0,0.0,0.0,0.0,0.0,0.0,1.06,0.17,0.31,0.0,0.89,0.03,0.0,0.0,0.0,0.0,0.06,0.08,0.0,0.56,13.5,10.81,2.69,80.04,4.81,6.0,3.36,0.75,24.32,1.22,72.13,36,20,1898,0.03,0.0,0.33,0.67,9.22,0.42,3.44,49.8,3.39,50.41,0.06,28.57
186,35612,La Liga,Girona FC,Axel Witsel,Midfielder,6.84,0.03,0.08,0.16,0.65,0.16,0.35,5.0,0.32,71.43,0.03,0.0,0.0,0.0,0.03,0.06,0.03,0.0,0.0,0.0,0.0,0.0,0.0,0.0,1.16,0.94,1.77,0.35,0.94,0.0,0.03,0.0,0.0,0.06,0.06,0.06,0.0,0.55,46.45,42.39,4.06,91.25,22.26,20.13,9.06,0.0,0.0,1.29,63.49,31,29,2475,0.03,0.03,1.1,1.19,5.94,0.61,4.16,53.53,2.65,49.4,1.52,62.67
187,893062,La Liga,Real Betis,Aitor Ruibal,Defender,6.83,0.15,0.14,0.11,1.15,0.44,0.37,12.9,0.56,46.88,0.15,0.0,0.04,0.04,0.07,0.0,0.04,0.04,0.0,0.0,0.0,0.0,0.04,0.0,1.67,0.78,1.67,0.11,1.0,0.0,0.04,0.11,0.0,0.19,0.11,0.07,0.0,0.7,25.85,21.37,4.48,82.66,10.0,11.37,6.22,0.37,31.25,1.22,40.74,27,20,1814,0.15,0.04,1.19,0.93,8.63,0.7,3.37,46.91,3.11,48.28,0.26,35.0
188,1170694,La Liga,Levante UD,Ugo Raghouber,Midfielder,6.83,0.0,0.0,0.0,0.2,0.0,0.13,0.0,0.6,75.0,0.0,0.0,0.0,0.0,0.0,0.0,0.07,0.0,0.0,0.0,0.0,0.0,0.0,0.0,1.4,1.0,1.2,0.0,0.73,0.0,0.07,0.0,0.0,0.07,0.0,0.0,0.0,0.2,21.4,18.07,3.33,84.42,11.87,6.2,2.6,0.0,0.0,0.87,54.17,15,8,709,0.07,0.0,0.6,0.93,5.0,0.27,4.27,62.75,2.8,61.76,1.47,64.71
189,344751,La Liga,Valencia,Baptiste Santamaria,Midfielder,6.83,0.05,0.02,0.0,0.32,0.11,0.11,16.67,0.32,50.0,0.05,0.0,0.05,0.0,0.0,0.0,0.05,0.0,0.0,0.0,0.0,0.0,0.0,0.0,0.63,0.37,1.58,0.11,0.32,0.0,0.05,0.0,0.0,0.11,0.11,0.05,0.0,0.21,21.32,17.47,3.84,81.98,9.05,8.42,4.16,0.05,33.33,1.21,54.76,19,7,775,0.11,0.0,0.68,0.53,5.42,0.26,2.42,55.42,1.47,50.0,0.95,66.67
190,855835,La Liga,Real Sociedad,Sergio Gómez,Defender,6.83,0.0,0.03,0.06,0.35,0.0,0.24,0.0,0.38,52.0,0.0,0.0,0.0,0.0,0.0,0.03,0.12,0.0,0.0,0.0,0.0,0.0,0.0,0.0,2.56,0.88,2.0,0.18,1.24,0.0,0.03,0.0,0.0,0.06,0.38,0.15,0.0,1.29,43.41,37.68,5.74,86.79,17.03,20.65,9.56,1.12,24.84,1.74,49.58,34,29,2637,0.12,0.03,1.26,0.41,12.32,0.21,3.94,54.25,3.32,52.8,0.62,63.64
191,875890,La Liga,Sevilla,Chidera Ejuke,Forward,6.83,0.04,0.06,0.08,0.88,0.12,0.35,4.35,2.15,61.54,0.04,0.0,0.0,0.0,0.04,0.0,0.08,0.0,0.0,0.0,0.0,0.0,0.0,0.0,0.73,0.23,0.12,0.04,0.04,0.0,0.0,0.0,0.0,0.0,0.04,0.04,0.0,0.5,13.65,11.42,2.23,83.66,3.73,7.69,4.65,0.15,15.38,0.69,69.23,26,6,941,0.0,0.0,0.19,0.62,6.81,0.81,3.69,57.83,3.5,60.26,0.19,33.33
192,1466116,La Liga,Real Sociedad,Jon Martin,Defender,6.82,0.08,0.08,0.16,0.6,0.2,0.28,13.33,0.32,66.67,0.08,0.0,0.08,0.0,0.0,0.04,0.04,0.0,0.0,0.0,0.0,0.0,0.0,0.0,1.24,1.36,6.36,0.96,0.12,0.0,0.12,0.04,0.0,0.04,0.0,0.0,0.0,0.08,54.24,49.48,4.76,91.22,34.68,14.8,3.4,0.0,0.0,1.28,45.71,25,25,2250,0.24,0.0,0.72,0.48,6.0,0.32,5.4,65.53,2.04,62.2,3.36,67.74
193,1496360,La Liga,Levante UD,Matias Moreno,Defender,6.82,0.0,0.04,0.07,0.37,0.0,0.19,0.0,0.15,50.0,0.0,0.0,0.0,0.0,0.0,0.04,0.07,0.0,0.0,0.0,0.0,0.0,0.0,0.0,1.22,1.22,4.74,0.67,0.26,0.04,0.0,0.0,0.0,0.3,0.04,0.0,0.0,0.3,38.74,33.15,5.59,85.56,23.0,10.15,3.59,0.04,33.33,2.15,46.03,27,26,2176,0.3,0.0,0.85,0.85,6.56,0.15,4.0,60.0,2.19,62.11,1.81,57.65
194,17651,La Liga,Real Oviedo,Santi Cazorla,Midfielder,6.82,0.0,0.01,0.0,0.26,0.04,0.19,0.0,0.41,61.11,0.0,0.0,0.0,0.0,0.0,0.04,0.0,0.0,0.0,0.0,0.0,0.0,0.04,0.0,0.63,0.11,0.26,0.11,0.41,0.0,0.04,0.0,0.0,0.0,0.11,0.04,0.0,0.96,18.93,16.56,2.37,87.48,6.07,10.48,5.63,0.59,23.88,1.67,68.18,27,5,877,0.04,0.04,0.19,0.7,5.89,0.33,1.96,61.63,1.74,61.04,0.22,66.67
195,1010383,La Liga,Levante UD,Jon Ander Olasagasti,Midfielder,6.82,0.03,0.06,0.09,0.81,0.25,0.28,3.85,0.38,50.0,0.0,0.03,0.0,0.03,0.0,0.03,0.0,0.0,0.0,0.0,0.0,0.0,0.06,0.0,0.84,0.38,0.72,0.25,0.59,0.0,0.0,0.0,0.0,0.06,0.19,0.16,0.03,1.09,20.12,15.16,4.97,75.31,6.22,8.94,4.94,0.66,20.59,0.91,40.85,32,17,1670,0.09,0.03,0.62,0.94,9.28,0.56,3.06,51.58,2.16,50.36,0.91,54.72
196,1084081,La Liga,Girona FC,Arnau Martínez,Defender,6.82,0.03,0.04,0.03,0.53,0.09,0.29,5.56,0.38,52.0,0.03,0.0,0.0,0.0,0.03,0.06,0.09,0.0,0.0,0.0,0.0,0.0,0.0,0.0,1.94,1.21,3.65,0.38,0.76,0.0,0.03,0.0,0.0,0.12,0.21,0.09,0.0,0.71,41.5,35.47,6.03,85.47,20.0,15.47,8.29,0.24,16.0,1.94,43.71,34,32,2620,0.18,0.0,0.68,0.88,9.35,0.5,4.18,56.57,3.21,58.6,0.97,50.77
197,1184541,La Liga,Villarreal,Alexander Freeman,Defender,6.82,0.0,0.0,0.0,0.11,0.0,0.11,0.0,0.33,50.0,0.0,0.0,0.0,0.0,0.0,0.11,0.0,0.0,0.0,0.0,0.0,0.0,0.0,0.0,1.44,0.44,1.78,0.22,0.56,0.0,0.11,0.0,0.0,0.0,0.0,0.0,0.0,0.11,26.0,23.56,2.44,90.6,14.33,9.22,3.56,0.0,0.0,0.78,63.64,9,3,356,0.0,0.0,0.22,0.33,4.67,0.22,2.78,65.79,2.11,61.29,0.67,85.71
198,862223,La Liga,Villarreal,Manor Solomon,Midfielder,6.82,0.17,0.07,0.0,0.33,0.17,0.0,50.0,1.0,54.55,0.17,0.0,0.0,0.17,0.0,0.0,0.17,0.0,0.0,0.0,0.0,0.0,0.0,0.0,0.17,0.0,0.0,0.0,0.33,0.0,0.0,0.0,0.0,0.0,0.17,0.17,0.0,0.33,8.17,7.0,1.17,85.71,1.83,5.17,4.0,0.33,20.0,0.0,0.0,6,1,153,0.0,0.0,0.0,0.33,5.0,0.33,1.5,47.37,1.5,50.0,0.0,0.0
199,960006,La Liga,Sevilla,Lucien Agoumé,Midfielder,6.82,0.03,0.03,0.0,0.45,0.06,0.21,6.67,0.33,52.38,0.0,0.03,0.0,0.03,0.0,0.0,0.24,0.0,0.0,0.0,0.0,0.0,0.0,0.0,2.09,1.42,1.21,0.15,0.48,0.03,0.03,0.0,0.0,0.06,0.24,0.09,0.03,0.85,38.52,31.15,7.36,80.88,13.97,17.18,9.79,0.09,15.0,2.0,47.83,33,30,2607,0.36,0.0,1.64,0.42,10.39,0.64,4.48,51.57,2.85,48.7,1.64,57.45
200,1014595,La Liga,Elche,Marc Aguado,Midfielder,6.82,0.03,0.01,0.0,0.09,0.06,0.0,33.33,0.0,0.0,0.03,0.0,0.0,0.0,0.03,0.0,0.0,0.0,0.0,0.0,0.0,0.0,0.0,0.0,1.35,1.24,1.5,0.62,0.29,0.0,0.0,0.0,0.0,0.0,0.0,0.06,0.0,0.29,37.79,34.41,3.38,91.05,17.06,17.35,6.41,0.06,100.0,0.76,42.62,34,29,2432,0.06,0.0,0.68,0.68,4.06,0.18,2.26,57.89,2.0,63.55,0.26,34.62
201,257091,La Liga,Real Sociedad,Duje Ćaleta-Car,Defender,6.81,0.04,0.04,0.04,0.48,0.11,0.22,7.69,0.0,0.0,0.04,0.0,0.04,0.0,0.0,0.0,0.04,0.0,0.0,0.0,0.0,0.0,0.0,0.0,0.89,1.04,4.78,0.96,0.15,0.0,0.0,0.0,0.04,0.07,0.0,0.0,0.0,0.11,50.3,45.56,4.74,90.57,32.3,13.26,2.85,0.0,0.0,1.78,48.48,27,24,2152,0.22,0.04,1.11,0.3,5.04,0.07,4.3,58.0,1.19,48.48,3.11,62.69
202,1010656,La Liga,Levante UD,Carlos Álvarez,Midfielder,6.81,0.1,0.09,0.07,1.0,0.37,0.27,10.0,0.63,33.33,0.07,0.03,0.0,0.1,0.0,0.1,0.07,0.03,0.0,0.0,0.0,0.03,0.17,20.0,0.73,0.43,0.2,0.03,0.73,0.0,0.03,0.0,0.0,0.03,0.2,0.03,0.0,1.33,21.87,17.7,4.17,80.95,5.77,11.93,7.53,0.33,18.18,0.73,70.97,30,23,1907,0.1,0.0,0.73,1.63,10.47,1.1,3.1,41.52,2.97,44.06,0.13,18.18
203,797306,La Liga,Valencia,Mouctar Diakhaby,Defender,6.81,0.12,0.07,0.0,0.5,0.38,0.12,25.0,0.12,33.33,0.12,0.0,0.12,0.0,0.0,0.0,0.12,0.12,0.0,0.0,0.0,0.0,0.0,0.0,1.0,1.25,5.38,0.25,0.0,0.12,0.0,0.0,0.0,0.25,0.0,0.0,0.0,0.12,40.0,35.0,5.0,87.5,25.38,9.62,2.12,0.0,0.0,1.25,31.25,8,7,544,0.38,0.0,0.88,0.38,5.75,0.0,3.5,66.67,1.5,60.0,2.0,72.73
204,896073,La Liga,Deportivo Alavés,Nahuel Tenaglia,Defender,6.81,0.06,0.05,0.03,0.63,0.2,0.31,9.09,0.29,43.48,0.06,0.0,0.0,0.03,0.03,0.03,0.11,0.03,0.0,0.0,0.0,0.0,0.0,0.0,1.86,1.29,5.06,0.86,0.43,0.06,0.03,0.03,0.0,0.14,0.03,0.0,0.0,0.17,37.89,32.8,5.09,86.58,21.26,11.54,3.34,0.09,17.65,2.31,46.29,35,35,3149,0.06,0.0,0.83,1.17,7.34,0.26,4.66,59.06,3.31,64.09,1.34,49.47
205,808955,La Liga,Elche,Josan,Midfielder,6.81,0.0,0.01,0.0,0.16,0.05,0.05,0.0,0.37,53.85,0.0,0.0,0.0,0.0,0.0,0.0,0.05,0.0,0.0,0.0,0.0,0.0,0.0,0.0,0.63,0.26,0.26,0.05,0.11,0.0,0.0,0.0,0.0,0.0,0.21,0.16,0.0,1.11,13.0,11.63,1.37,89.47,3.21,8.42,5.21,1.11,28.38,0.53,90.91,19,4,572,0.11,0.0,0.26,0.32,5.05,0.16,1.37,56.52,1.32,60.98,0.05,20.0
206,799054,La Liga,Sevilla,Djibril Sow,Midfielder,6.81,0.16,0.06,0.03,0.59,0.25,0.22,26.32,0.19,46.15,0.16,0.0,0.03,0.03,0.09,0.0,0.09,0.0,0.0,0.0,0.0,0.0,0.0,0.0,1.38,0.62,0.28,0.06,0.25,0.0,0.09,0.03,0.0,0.03,0.06,0.12,0.0,0.72,28.0,24.88,3.12,88.84,12.91,11.97,5.97,0.34,50.0,1.31,70.0,32,26,2105,0.19,0.0,1.19,0.91,4.94,0.25,2.94,51.65,2.47,57.66,0.47,33.33
207,835484,La Liga,Girona FC,Fran Beltrán,Midfielder,6.81,0.04,0.03,0.0,0.62,0.15,0.19,6.25,0.27,77.78,0.04,0.0,0.0,0.0,0.04,0.0,0.0,0.0,0.0,0.0,0.0,0.0,0.0,0.0,1.19,0.62,0.88,0.23,0.58,0.0,0.0,0.0,0.0,0.08,0.08,0.0,0.0,0.5,39.65,36.27,3.38,91.46,15.77,20.5,9.15,0.08,25.0,1.65,67.19,26,18,1529,0.12,0.0,0.73,0.46,5.27,0.69,2.27,45.04,1.92,48.54,0.35,32.14
208,1126447,La Liga,Elche,Lucas Cepeda,Midfielder,6.81,0.1,0.09,0.1,1.3,0.5,0.5,7.69,0.5,38.46,0.1,0.0,0.0,0.1,0.0,0.0,0.1,0.0,0.0,0.0,0.0,0.0,0.1,0.0,0.9,0.1,0.0,0.1,0.5,0.0,0.0,0.0,0.0,0.0,0.0,0.0,0.0,0.6,15.7,13.2,2.5,84.08,3.2,10.0,6.1,0.8,47.06,0.4,80.0,10,4,405,0.1,0.0,0.7,1.0,5.5,0.3,2.5,47.17,2.4,51.06,0.1,16.67
209,847128,La Liga,Real Betis,Marc Roca,Midfielder,6.81,0.04,0.05,0.07,0.5,0.18,0.21,7.14,0.39,73.33,0.0,0.04,0.0,0.0,0.04,0.04,0.0,0.0,0.0,0.0,0.0,0.0,0.0,0.0,1.32,0.82,1.36,0.29,0.82,0.0,0.0,0.0,0.0,0.18,0.11,0.04,0.04,0.64,35.36,31.0,4.36,87.68,15.57,15.43,6.86,0.11,27.27,1.61,52.94,28,22,1935,0.04,0.0,1.43,0.79,6.18,0.61,2.82,44.63,2.5,46.05,0.32,36.0
210,309078,La Liga,Atlético Madrid,Alexander Sørloth,Forward,6.81,0.38,0.3,0.5,1.97,1.0,0.59,19.4,0.29,35.71,0.38,0.0,0.15,0.18,0.06,0.09,0.29,0.0,0.0,0.0,0.0,0.0,0.0,0.0,0.41,0.0,0.71,0.06,0.15,0.0,0.0,0.03,0.0,0.0,0.06,0.0,0.0,0.29,12.32,8.38,3.94,68.02,2.85,5.53,3.62,0.06,18.18,0.15,55.56,34,20,1936,0.12,0.03,0.82,0.47,7.59,0.85,3.94,48.2,1.18,33.9,2.76,58.75
211,1010421,La Liga,Rayo Vallecano,Josep Chavarría,Defender,6.8,0.03,0.02,0.03,0.55,0.09,0.24,5.56,0.52,38.64,0.0,0.03,0.0,0.03,0.0,0.0,0.09,0.0,0.0,0.0,0.0,0.0,0.0,0.0,1.64,0.94,2.61,0.42,0.45,0.03,0.12,0.06,0.0,0.27,0.15,0.06,0.0,0.82,38.73,32.76,5.97,84.59,17.48,15.27,7.73,0.48,16.49,1.79,40.97,33,29,2681,0.12,0.03,1.0,1.06,12.55,0.48,3.88,51.82,3.21,54.64,0.67,41.51
212,857482,La Liga,Valencia,Filip Ugrinić,Midfielder,6.8,0.0,0.04,0.0,0.73,0.08,0.35,0.0,0.65,68.0,0.0,0.0,0.0,0.0,0.0,0.0,0.23,0.0,0.0,0.0,0.0,0.0,0.04,0.0,0.96,0.35,1.15,0.15,0.38,0.0,0.0,0.0,0.0,0.0,0.23,0.12,0.0,0.81,24.54,20.54,4.0,83.7,9.35,11.19,5.81,0.62,29.63,1.04,51.92,26,16,1423,0.12,0.0,0.62,0.5,7.92,0.46,2.69,55.56,2.12,55.56,0.58,55.56
213,1100646,La Liga,Elche,Martim Neto,Midfielder,6.8,0.08,0.03,0.04,0.48,0.16,0.24,16.67,0.84,67.74,0.04,0.04,0.0,0.0,0.08,0.0,0.0,0.0,0.0,0.0,0.0,0.0,0.0,0.0,0.84,0.08,0.52,0.04,0.44,0.04,0.0,0.0,0.0,0.04,0.16,0.2,0.0,1.0,24.08,21.16,2.92,87.87,7.16,14.0,8.6,0.4,29.41,0.44,52.38,25,15,1352,0.12,0.0,0.72,0.44,6.48,0.64,2.32,48.33,2.12,49.53,0.2,38.46
214,959872,La Liga,Athletic Club,Aitor Paredes,Defender,6.8,0.11,0.06,0.06,0.72,0.22,0.39,15.38,0.17,100.0,0.11,0.0,0.11,0.0,0.0,0.0,0.0,0.0,0.0,0.0,0.0,0.0,0.0,0.0,1.17,1.44,4.0,0.22,0.22,0.0,0.11,0.0,0.0,0.17,0.06,0.0,0.0,0.22,50.89,44.61,6.28,87.66,27.94,16.67,4.28,0.0,0.0,3.33,50.85,18,17,1539,0.22,0.0,1.06,0.39,6.94,0.06,3.39,59.22,1.72,56.36,1.67,62.5
215,1154935,La Liga,Celta Vigo,Hugo Álvarez,Midfielder,6.8,0.15,0.1,0.11,0.48,0.3,0.07,30.77,0.56,37.5,0.15,0.0,0.0,0.04,0.11,0.0,0.07,0.0,0.0,0.0,0.0,0.0,0.0,0.0,0.56,0.37,0.33,0.0,0.37,0.0,0.0,0.0,0.0,0.04,0.19,0.07,0.0,0.89,22.22,19.04,3.19,85.67,5.56,13.48,8.3,0.15,17.39,0.52,66.67,27,15,1318,0.07,0.0,0.59,0.63,7.07,0.48,1.78,40.68,1.74,43.12,0.04,11.11
216,944660,La Liga,Atlético Madrid,Thiago Almada,Midfielder,6.8,0.11,0.14,0.19,0.78,0.37,0.26,14.29,0.78,53.85,0.11,0.0,0.0,0.04,0.07,0.0,0.07,0.0,0.0,0.0,0.0,0.0,0.0,0.0,1.07,0.3,0.22,0.07,0.81,0.0,0.0,0.04,0.0,0.0,0.15,0.04,0.0,1.04,25.52,22.11,3.41,86.65,7.74,14.37,8.85,0.3,19.51,1.0,62.79,27,16,1312,0.07,0.04,0.48,0.59,7.33,0.74,2.63,45.81,2.44,47.48,0.19,31.25
217,900433,La Liga,Valencia,Luis Rioja,Midfielder,6.8,0.06,0.06,0.03,1.11,0.11,0.36,5.0,0.97,56.45,0.06,0.0,0.0,0.06,0.0,0.0,0.25,0.0,0.0,0.0,0.0,0.0,0.08,0.0,0.97,0.47,0.92,0.0,0.94,0.0,0.0,0.0,0.0,0.14,0.19,0.17,0.03,1.03,22.89,17.97,4.92,78.52,6.69,11.28,7.14,1.03,25.34,0.75,47.37,36,30,2546,0.03,0.0,0.33,0.81,10.72,0.72,2.86,46.61,2.75,50.0,0.11,17.39
218,985329,La Liga,Osasuna,Aimar Oroz,Midfielder,6.8,0.0,0.06,0.0,0.97,0.13,0.33,0.0,0.93,52.83,0.0,0.0,0.0,0.0,0.0,0.0,0.03,0.0,0.0,0.0,0.0,0.0,0.1,0.0,1.2,0.3,0.47,0.03,0.57,0.0,0.03,0.0,0.0,0.03,0.13,0.07,0.0,1.2,27.73,22.23,5.5,80.17,7.47,14.77,9.4,0.3,33.33,1.03,70.45,30,25,2070,0.2,0.0,1.03,2.07,10.63,1.6,5.1,50.33,4.17,51.02,0.93,47.46
219,997033,La Liga,Sevilla,Peque Fernández,Midfielder,6.8,0.08,0.04,0.0,0.56,0.24,0.16,14.29,0.64,38.1,0.08,0.0,0.0,0.0,0.08,0.04,0.04,0.0,0.0,0.0,0.0,0.0,0.0,0.0,0.44,0.04,0.08,0.0,0.4,0.0,0.0,0.0,0.0,0.0,0.0,0.04,0.0,0.6,13.76,11.08,2.68,80.52,3.8,7.28,4.4,0.16,14.29,0.64,64.0,25,11,948,0.32,0.0,0.48,1.84,6.16,0.56,3.6,54.88,2.92,54.89,0.68,54.84
220,909966,La Liga,Valencia,Largie Ramazani,Forward,6.8,0.23,0.26,0.15,1.88,0.69,0.54,12.24,0.81,38.89,0.23,0.0,0.0,0.08,0.15,0.04,0.08,0.0,0.12,0.12,100.0,0.0,0.0,0.0,0.5,0.54,0.31,0.0,0.5,0.0,0.08,0.04,0.0,0.0,0.15,0.04,0.0,0.62,11.88,8.88,3.0,74.76,3.35,5.54,3.96,0.27,25.0,0.35,52.94,26,11,1212,0.15,0.0,0.65,0.77,7.96,1.27,2.15,34.78,2.08,36.49,0.08,15.38
221,1546404,La Liga,Real Madrid,Daniel Yañez,Midfielder,6.8,0.0,0.0,0.0,0.0,0.0,0.0,0.0,0.0,0.0,0.0,0.0,0.0,0.0,0.0,0.0,0.0,0.0,0.0,0.0,0.0,0.0,0.0,0.0,0.5,0.0,0.0,0.0,0.5,0.0,0.0,0.0,0.0,0.0,0.5,0.5,0.0,1.0,10.0,9.0,1.0,90.0,1.5,7.5,2.5,0.5,100.0,0.0,0.0,2,0,45,0.0,0.0,0.0,2.0,2.0,0.5,3.0,60.0,2.5,62.5,0.5,50.0
222,260031,La Liga,Osasuna,Rubén García,Midfielder,6.8,0.06,0.07,0.09,0.91,0.29,0.35,6.45,0.53,47.37,0.0,0.06,0.0,0.06,0.0,0.03,0.03,0.0,0.0,0.0,0.0,0.03,0.21,14.29,1.47,0.5,0.65,0.06,0.94,0.0,0.0,0.0,0.0,0.0,0.24,0.15,0.0,1.29,24.35,19.35,5.0,79.47,7.18,12.18,6.74,1.47,32.47,1.47,57.47,34,28,2245,0.18,0.0,1.06,0.79,10.71,0.62,3.47,43.54,2.79,47.26,0.68,32.86
223,911853,La Liga,Villarreal,Logan Costa,Defender,6.8,0.0,0.0,0.0,0.0,0.0,0.0,0.0,0.0,0.0,0.0,0.0,0.0,0.0,0.0,0.0,0.0,0.0,0.0,0.0,0.0,0.0,0.0,0.0,0.0,0.0,0.0,0.0,0.0,0.0,0.0,0.0,0.0,0.0,0.0,0.0,0.0,1.0,12.0,12.0,0.0,100.0,9.0,3.0,3.0,0.0,0.0,2.0,100.0,1,0,13,0.0,0.0,1.0,0.0,0.0,0.0,0.0,0.0,0.0,0.0,0.0,0.0
224,814023,La Liga,Valencia,Eray Cömert,Defender,6.8,0.12,0.07,0.0,0.65,0.18,0.29,18.18,0.0,0.0,0.12,0.0,0.06,0.0,0.06,0.0,0.06,0.0,0.0,0.0,0.0,0.0,0.0,0.0,1.53,1.18,5.18,0.35,0.47,0.0,0.18,0.0,0.0,0.18,0.06,0.06,0.0,0.35,47.0,40.35,6.65,85.86,29.0,11.35,3.53,0.06,100.0,2.41,39.81,17,15,1339,0.18,0.06,0.53,0.76,7.47,0.06,3.29,63.64,2.29,68.42,1.0,54.84
225,138572,La Liga,Real Madrid,Dani Carvajal,Defender,6.79,0.0,0.02,0.06,0.31,0.06,0.19,0.0,0.12,50.0,0.0,0.0,0.0,0.0,0.0,0.06,0.0,0.0,0.0,0.0,0.0,0.0,0.0,0.0,0.88,0.38,1.31,0.44,0.81,0.0,0.06,0.06,0.0,0.12,0.25,0.0,0.0,0.56,29.81,27.69,2.12,92.87,12.81,14.88,7.12,0.19,30.0,1.25,80.0,16,9,892,0.0,0.0,0.44,0.5,4.25,0.19,1.81,48.33,1.5,50.0,0.31,41.67
226,973290,La Liga,Villarreal,Tajon Buchanan,Midfielder,6.79,0.21,0.06,0.06,0.79,0.32,0.29,25.93,0.62,31.82,0.12,0.09,0.0,0.03,0.18,0.0,0.24,0.0,0.0,0.0,0.0,0.0,0.0,0.0,0.82,0.62,0.47,0.06,0.47,0.0,0.0,0.0,0.0,0.03,0.15,0.03,0.03,0.5,13.71,11.15,2.56,81.33,3.59,7.56,4.41,0.12,11.76,0.29,37.04,34,21,1835,0.24,0.0,0.53,1.06,7.74,0.82,2.59,42.93,2.5,44.5,0.09,21.43
227,580550,La Liga,Atlético Madrid,Clément Lenglet,Defender,6.79,0.0,0.02,0.0,0.28,0.0,0.22,0.0,0.17,100.0,0.0,0.0,0.0,0.0,0.0,0.0,0.0,0.0,0.0,0.0,0.0,0.0,0.0,0.0,0.89,1.17,4.0,0.33,0.33,0.06,0.0,0.0,0.0,0.28,0.11,0.06,0.0,0.22,48.17,42.11,6.06,87.43,25.61,16.5,5.33,0.0,0.0,5.22,60.65,18,16,1303,0.22,0.06,1.11,0.33,6.72,0.06,2.94,51.96,1.33,50.0,1.61,53.7
228,785989,La Liga,Celta Vigo,Borja Iglesias,Forward,6.79,0.41,0.31,0.21,1.35,0.76,0.35,30.43,0.35,54.55,0.35,0.06,0.03,0.18,0.21,0.0,0.65,0.09,0.12,0.12,100.0,0.0,0.0,0.0,0.24,0.03,0.47,0.15,0.26,0.0,0.03,0.0,0.0,0.0,0.09,0.06,0.0,0.5,13.0,9.59,3.41,73.76,4.06,5.53,3.24,0.0,0.0,0.5,53.13,34,20,1828,0.21,0.0,1.03,0.85,6.74,0.97,2.0,39.08,1.44,36.57,0.56,47.5
229,965011,La Liga,Atlético Madrid,Matteo Ruggeri,Defender,6.79,0.0,0.01,0.0,0.2,0.08,0.08,0.0,0.2,27.78,0.0,0.0,0.0,0.0,0.0,0.0,0.04,0.0,0.0,0.0,0.0,0.0,0.0,0.0,1.44,0.76,2.56,0.12,0.92,0.0,0.0,0.0,0.0,0.2,0.2,0.12,0.04,1.04,34.48,30.0,4.48,87.01,13.92,16.08,9.8,1.16,33.72,1.36,55.74,25,20,1730,0.16,0.0,1.12,0.08,8.76,0.2,2.72,44.16,1.72,38.74,1.0,58.14
230,542634,La Liga,Rayo Vallecano,Pacha,Defender,6.79,0.07,0.06,0.1,0.66,0.28,0.21,10.53,0.55,59.26,0.03,0.03,0.0,0.07,0.0,0.0,0.31,0.03,0.0,0.0,0.0,0.0,0.0,0.0,1.69,0.52,1.0,0.14,1.14,0.0,0.07,0.03,0.0,0.03,0.17,0.0,0.0,0.55,18.79,13.24,5.55,70.46,5.76,7.48,4.34,0.31,19.15,0.83,36.92,29,14,1403,0.07,0.0,0.79,1.0,9.66,0.41,3.83,54.95,3.24,55.95,0.59,50.0
231,81992,La Liga,Espanyol,Leandro Cabrera,Defender,6.79,0.08,0.07,0.14,1.08,0.33,0.44,7.69,0.17,75.0,0.08,0.0,0.08,0.0,0.0,0.06,0.03,0.03,0.0,0.0,0.0,0.0,0.0,0.0,1.0,0.72,6.0,0.75,0.56,0.03,0.03,0.0,0.03,0.25,0.03,0.0,0.0,0.31,40.83,32.86,7.97,80.48,21.36,11.5,3.97,0.08,15.0,2.94,40.46,36,36,3240,0.08,0.0,0.94,0.22,9.28,0.14,4.25,57.52,1.33,45.71,2.92,65.22
232,1008259,La Liga,Celta Vigo,Javier Rueda,Defender,6.79,0.08,0.05,0.08,0.44,0.12,0.24,18.18,0.76,50.0,0.08,0.0,0.0,0.0,0.08,0.0,0.12,0.04,0.0,0.0,0.0,0.0,0.0,0.0,0.76,0.8,1.28,0.24,0.32,0.0,0.0,0.0,0.0,0.04,0.28,0.24,0.0,0.52,19.88,15.0,4.88,75.45,5.32,9.68,5.4,0.16,14.81,0.72,38.3,25,15,1321,0.24,0.0,1.0,0.8,8.84,0.2,2.6,46.76,2.32,50.88,0.28,28.0
233,345333,La Liga,Real Oviedo,David Costas,Defender,6.79,0.04,0.04,0.08,0.2,0.04,0.16,20.0,0.28,77.78,0.04,0.0,0.0,0.0,0.04,0.04,0.12,0.0,0.0,0.0,0.0,0.0,0.0,0.0,1.04,1.08,4.56,0.72,0.36,0.12,0.0,0.0,0.0,0.28,0.04,0.0,0.0,0.2,41.0,36.44,4.56,88.88,27.6,8.84,2.4,0.0,0.0,3.76,58.75,25,22,2075,0.12,0.0,0.64,0.4,5.36,0.12,3.6,60.81,1.6,60.61,2.0,60.98
234,973536,La Liga,Getafe,Martín Satriano,Forward,6.79,0.33,0.24,0.06,1.94,0.78,0.72,17.14,1.39,40.98,0.22,0.11,0.06,0.06,0.22,0.0,0.22,0.0,0.0,0.0,0.0,0.0,0.0,0.0,1.28,0.5,1.0,0.11,0.5,0.0,0.0,0.0,0.0,0.28,0.28,0.06,0.0,0.83,20.44,13.22,7.22,64.67,3.94,9.28,6.17,0.33,28.57,0.44,40.0,18,18,1604,0.28,0.0,1.17,1.72,15.83,2.11,6.67,40.96,4.39,43.41,2.28,36.94
235,944629,La Liga,Real Oviedo,Nicolas Fonseca,Midfielder,6.79,0.0,0.02,0.0,0.39,0.06,0.17,0.0,0.11,66.67,0.0,0.0,0.0,0.0,0.0,0.0,0.0,0.0,0.0,0.0,0.0,0.0,0.0,0.0,2.17,0.89,0.78,0.28,1.06,0.0,0.06,0.0,0.0,0.06,0.0,0.0,0.0,0.11,29.11,24.89,4.22,85.5,14.06,10.83,3.94,0.06,25.0,2.89,66.67,18,11,929,0.33,0.0,1.33,0.67,5.67,0.39,3.22,50.88,2.89,52.0,0.33,42.86
236,588566,La Liga,Rayo Vallecano,Unai López,Midfielder,6.79,0.0,0.03,0.04,0.79,0.14,0.21,0.0,0.46,59.09,0.0,0.0,0.0,0.0,0.0,0.07,0.04,0.0,0.0,0.0,0.0,0.0,0.04,0.0,1.11,0.79,0.82,0.11,0.64,0.0,0.11,0.0,0.0,0.14,0.14,0.14,0.0,1.29,38.0,32.93,5.07,86.65,16.86,16.07,7.68,0.5,21.88,2.68,54.35,28,19,1623,0.18,0.04,1.32,0.5,8.43,0.46,2.46,44.81,2.07,43.28,0.39,55.0
237,190159,La Liga,Elche,André Silva,Forward,6.79,0.33,0.35,0.27,1.9,0.97,0.43,17.54,0.47,42.42,0.33,0.0,0.03,0.1,0.2,0.0,0.2,0.03,0.1,0.1,100.0,0.0,0.13,0.0,0.43,0.17,0.6,0.03,0.53,0.0,0.0,0.0,0.0,0.07,0.03,0.0,0.0,0.73,16.37,12.97,3.4,79.23,3.73,9.23,5.67,0.0,0.0,0.23,50.0,30,22,1843,0.1,0.0,0.8,1.13,7.53,1.23,2.83,38.12,2.03,39.61,0.8,34.78
238,1129360,La Liga,Espanyol,Clemens Riedel,Defender,6.79,0.0,0.01,0.0,0.15,0.05,0.05,0.0,0.05,100.0,0.0,0.0,0.0,0.0,0.0,0.0,0.1,0.0,0.0,0.0,0.0,0.0,0.0,0.0,1.4,0.55,5.0,0.3,0.3,0.0,0.05,0.0,0.0,0.2,0.0,0.05,0.0,0.2,40.6,35.85,4.75,88.3,27.25,8.6,2.4,0.05,50.0,2.3,46.46,20,16,1402,0.25,0.0,1.15,0.35,5.6,0.1,3.5,53.85,1.75,53.85,1.75,53.85
239,838629,La Liga,Real Betis,Álvaro Fidalgo,Midfielder,6.79,0.12,0.06,0.0,0.5,0.25,0.25,25.0,0.38,60.0,0.12,0.0,0.0,0.0,0.12,0.0,0.12,0.0,0.0,0.0,0.0,0.0,0.0,0.0,1.5,0.38,1.12,0.0,1.38,0.0,0.0,0.0,0.0,0.0,0.0,0.0,0.0,0.5,37.0,34.38,2.62,92.91,14.0,20.38,10.0,0.12,16.67,0.88,63.64,8,8,537,0.0,0.0,0.25,0.75,5.38,0.62,2.75,45.83,2.62,51.22,0.12,14.29
240,952222,La Liga,Levante UD,Víctor García,Midfielder,6.78,0.1,0.09,0.05,0.9,0.38,0.33,10.53,0.62,43.33,0.05,0.05,0.0,0.0,0.1,0.0,0.14,0.0,0.0,0.0,0.0,0.0,0.05,0.0,1.05,0.48,0.71,0.19,0.33,0.0,0.05,0.0,0.0,0.0,0.1,0.05,0.0,0.67,14.0,10.67,3.33,76.19,4.38,6.29,3.29,0.71,23.08,0.43,31.03,21,12,1056,0.05,0.0,0.62,0.52,8.38,0.33,2.81,50.0,2.14,51.72,0.67,45.16
241,1122610,La Liga,Valencia,Javier Guerra,Midfielder,6.78,0.09,0.09,0.09,0.8,0.31,0.26,10.71,0.66,41.07,0.09,0.0,0.0,0.03,0.06,0.03,0.03,0.0,0.0,0.0,0.0,0.0,0.06,0.0,0.83,0.66,0.71,0.17,0.71,0.0,0.0,0.0,0.0,0.06,0.17,0.17,0.0,0.86,27.69,22.6,5.09,81.63,10.8,11.8,6.03,0.31,24.44,1.4,50.0,35,24,1997,0.09,0.0,0.8,0.54,9.54,0.94,2.4,39.44,2.03,37.57,0.37,54.17
242,1087359,La Liga,Villarreal,Renato Veiga,Defender,6.78,0.0,0.01,0.0,0.28,0.09,0.09,0.0,0.0,0.0,0.0,0.0,0.0,0.0,0.0,0.0,0.09,0.0,0.0,0.0,0.0,0.0,0.0,0.0,0.59,0.72,4.88,0.94,0.38,0.0,0.03,0.03,0.0,0.16,0.0,0.0,0.0,0.09,48.25,42.66,5.59,88.41,31.06,11.59,4.12,0.0,0.0,2.78,47.34,32,27,2485,0.16,0.03,0.75,0.19,6.53,0.06,2.31,52.86,0.78,39.68,1.53,63.64
243,1002764,La Liga,Celta Vigo,Sergio Carreira,Midfielder,6.78,0.06,0.04,0.06,0.39,0.18,0.09,15.38,0.73,47.06,0.06,0.0,0.0,0.0,0.06,0.0,0.06,0.0,0.0,0.0,0.0,0.0,0.0,0.0,0.97,0.76,1.97,0.09,0.36,0.0,0.0,0.03,0.0,0.12,0.0,0.03,0.0,0.55,44.24,37.79,6.45,85.41,17.88,19.91,10.0,0.15,16.67,1.7,47.86,33,28,2603,0.06,0.0,0.58,1.03,10.39,0.42,3.03,51.55,2.7,55.28,0.33,33.33
244,1067582,La Liga,Osasuna,Enzo Boyomo,Defender,6.78,0.03,0.04,0.0,0.38,0.14,0.17,9.09,0.1,37.5,0.03,0.0,0.0,0.0,0.03,0.0,0.0,0.0,0.0,0.0,0.0,0.0,0.0,0.0,1.97,0.52,3.9,0.45,0.24,0.03,0.0,0.07,0.0,0.17,0.07,0.07,0.0,0.31,44.66,38.59,6.07,86.41,26.55,12.03,3.38,0.07,20.0,1.76,38.06,29,28,2455,0.21,0.0,1.03,0.17,7.69,0.31,3.48,54.01,2.24,57.02,1.24,49.32
245,186795,La Liga,FC Barcelona,Andreas Christensen,Defender,6.78,0.0,0.01,0.0,0.17,0.0,0.0,0.0,0.0,0.0,0.0,0.0,0.0,0.0,0.0,0.0,0.0,0.0,0.0,0.0,0.0,0.0,0.0,0.0,0.42,0.17,1.58,0.25,0.17,0.0,0.0,0.0,0.0,0.08,0.0,0.0,0.0,0.08,27.17,26.0,1.17,95.71,13.92,12.08,3.42,0.0,0.0,0.17,66.67,12,3,406,0.08,0.0,0.33,0.33,1.33,0.17,1.75,63.64,0.67,50.0,1.08,76.47
246,949156,La Liga,Real Sociedad,Luka Sučić,Midfielder,6.77,0.14,0.07,0.1,0.95,0.29,0.33,15.0,0.57,54.55,0.1,0.05,0.0,0.14,0.0,0.05,0.05,0.0,0.0,0.0,0.0,0.0,0.0,0.0,0.81,0.14,0.67,0.05,0.33,0.0,0.05,0.0,0.0,0.0,0.0,0.05,0.0,0.38,20.38,16.24,4.14,79.67,6.67,9.57,4.05,0.0,0.0,1.52,64.0,21,9,928,0.05,0.0,0.38,0.29,6.33,0.67,2.38,46.73,1.67,47.95,0.71,44.12
247,827064,La Liga,Valencia,Arnaut Danjuma,Forward,6.77,0.1,0.16,0.27,1.2,0.47,0.47,8.33,0.9,42.19,0.1,0.0,0.0,0.0,0.1,0.1,0.17,0.03,0.03,0.0,0.0,0.0,0.0,0.0,0.43,0.07,0.2,0.03,0.2,0.0,0.0,0.0,0.0,0.0,0.2,0.07,0.0,0.57,13.07,10.13,2.93,77.55,3.8,6.33,3.4,0.53,32.65,0.67,71.43,30,18,1627,0.0,0.0,0.7,0.73,7.07,0.5,2.3,43.67,2.03,43.88,0.27,42.11
248,66492,La Liga,Real Madrid,David Alaba,Defender,6.77,0.0,0.02,0.0,0.3,0.1,0.1,0.0,0.0,0.0,0.0,0.0,0.0,0.0,0.0,0.0,0.0,0.0,0.0,0.0,0.0,0.0,0.1,0.0,0.5,0.0,1.6,0.5,0.2,0.0,0.0,0.0,0.0,0.1,0.0,0.0,0.0,0.0,29.1,27.2,1.9,93.47,16.0,11.2,2.5,0.0,0.0,0.4,26.67,10,4,358,0.1,0.0,0.1,0.0,2.1,0.0,1.1,55.0,0.5,62.5,0.6,50.0
249,1142591,La Liga,Atlético Madrid,Javier Boñar,Defender,6.77,0.33,0.11,0.0,0.67,0.33,0.33,50.0,0.33,16.67,0.33,0.0,0.33,0.0,0.0,0.0,0.0,0.0,0.0,0.0,0.0,0.0,0.0,0.0,1.67,0.0,4.67,0.33,1.0,0.0,0.0,0.0,0.0,0.0,0.0,0.0,0.0,0.33,39.67,33.33,6.33,84.03,18.0,15.33,5.67,0.0,0.0,1.0,25.0,3,3,269,0.0,0.0,0.67,0.33,11.0,0.67,3.33,40.0,2.33,36.84,1.0,50.0
250,831799,La Liga,Atlético Madrid,Nahuel Molina,Defender,6.77,0.08,0.02,0.04,0.54,0.15,0.27,14.29,0.58,55.56,0.0,0.08,0.0,0.0,0.08,0.04,0.19,0.0,0.0,0.0,0.0,0.0,0.04,0.0,1.54,0.5,1.23,0.19,0.81,0.0,0.08,0.0,0.0,0.23,0.23,0.08,0.0,0.81,26.88,21.65,5.23,80.54,10.08,11.58,5.92,0.46,24.49,0.96,41.67,26,13,1332,0.15,0.0,0.54,0.19,9.73,0.31,2.58,49.26,2.31,52.63,0.27,31.82
251,934383,La Liga,Deportivo Alavés,Jon Pacheco,Defender,6.77,0.0,0.01,0.0,0.18,0.05,0.14,0.0,0.14,75.0,0.0,0.0,0.0,0.0,0.0,0.0,0.05,0.0,0.0,0.0,0.0,0.0,0.0,0.0,1.64,0.5,4.68,0.95,0.5,0.0,0.05,0.09,0.0,0.09,0.05,0.0,0.0,0.23,42.68,36.91,5.77,86.47,23.59,13.32,4.23,0.05,25.0,2.86,47.01,22,20,1734,0.18,0.05,0.64,0.32,6.68,0.14,3.95,61.7,2.05,60.81,1.91,62.69
252,1526627,La Liga,Celta Vigo,Javi Rodríguez,Defender,6.77,0.0,0.02,0.03,0.38,0.06,0.22,0.0,0.22,58.33,0.0,0.0,0.0,0.0,0.0,0.0,0.03,0.0,0.0,0.0,0.0,0.0,0.0,0.0,1.19,0.75,3.0,0.56,0.59,0.03,0.12,0.03,0.0,0.19,0.06,0.03,0.0,0.31,55.5,50.09,5.41,90.26,28.69,21.41,8.28,0.0,0.0,1.75,44.8,32,27,2471,0.16,0.0,0.97,1.0,6.66,0.31,3.19,51.0,2.38,54.68,0.81,42.62
253,345111,La Liga,Rayo Vallecano,Álvaro García,Midfielder,6.77,0.13,0.21,0.26,1.52,0.61,0.52,8.51,0.13,25.0,0.13,0.0,0.0,0.1,0.03,0.0,0.45,0.03,0.0,0.0,0.0,0.0,0.0,0.0,0.87,0.42,0.87,0.06,0.52,0.0,0.0,0.0,0.0,0.03,0.48,0.16,0.03,1.35,16.58,11.32,5.26,68.29,3.39,7.94,5.0,0.48,16.85,0.77,41.38,31,22,2060,0.1,0.0,0.58,0.39,9.84,0.29,1.77,39.01,1.35,43.3,0.42,29.55
254,1534422,La Liga,Sevilla,Oso,Midfielder,6.77,0.1,0.06,0.05,0.85,0.4,0.25,11.76,0.75,53.57,0.1,0.0,0.0,0.0,0.1,0.1,0.2,0.0,0.0,0.0,0.0,0.0,0.05,0.0,1.25,0.3,0.8,0.15,0.75,0.0,0.05,0.05,0.0,0.05,0.15,0.15,0.0,1.0,20.6,15.5,5.1,75.24,6.55,8.95,5.5,0.95,22.09,0.9,47.37,20,13,1332,0.05,0.0,0.5,0.75,12.2,0.65,3.45,51.11,2.75,52.38,0.7,46.67
255,980410,La Liga,Real Sociedad,Beñat Turrientes,Midfielder,6.77,0.0,0.03,0.0,0.73,0.23,0.35,0.0,0.77,62.5,0.0,0.0,0.0,0.0,0.0,0.04,0.0,0.0,0.0,0.0,0.0,0.0,0.0,0.0,1.5,0.31,0.96,0.23,0.54,0.04,0.0,0.0,0.0,0.04,0.04,0.12,0.0,0.42,25.08,21.62,3.46,86.2,10.58,11.04,4.54,0.08,25.0,0.96,62.5,26,15,1277,0.27,0.0,1.04,0.85,5.85,0.62,3.5,53.53,3.08,54.05,0.42,50.0
256,1129401,La Liga,Real Betis,Nelson Deossa,Midfielder,6.77,0.0,0.02,0.0,0.9,0.0,0.6,0.0,1.45,78.38,0.0,0.0,0.0,0.0,0.0,0.0,0.05,0.0,0.0,0.0,0.0,0.0,0.0,0.0,0.7,0.25,0.55,0.0,0.4,0.0,0.1,0.0,0.0,0.05,0.05,0.0,0.0,0.4,16.0,13.35,2.65,83.44,4.35,9.0,5.1,0.0,0.0,0.45,60.0,20,8,736,0.15,0.0,0.9,1.2,5.15,0.9,4.7,60.26,3.35,56.78,1.35,71.05
257,934351,La Liga,Espanyol,Miguel Rubio,Defender,6.77,0.08,0.06,0.0,0.17,0.08,0.08,50.0,0.08,100.0,0.08,0.0,0.0,0.0,0.08,0.0,0.0,0.0,0.0,0.0,0.0,0.0,0.0,0.0,0.33,0.08,2.42,0.42,0.0,0.0,0.0,0.0,0.0,0.0,0.0,0.0,0.0,0.0,6.08,4.67,1.42,76.71,3.67,1.0,0.08,0.0,0.0,0.17,33.33,12,1,226,0.0,0.0,0.08,0.08,1.58,0.0,1.67,68.97,0.5,85.71,1.17,63.64
258,41789,La Liga,FC Barcelona,Robert Lewandowski,Forward,6.76,0.43,0.45,0.5,2.03,0.93,0.63,21.31,0.3,50.0,0.43,0.0,0.13,0.07,0.2,0.07,0.57,0.0,0.1,0.03,33.33,0.0,0.0,0.0,0.17,0.1,0.63,0.0,0.27,0.0,0.0,0.0,0.0,0.1,0.13,0.07,0.0,0.47,10.4,8.3,2.1,79.81,2.8,5.5,3.3,0.0,0.0,0.17,45.45,30,16,1566,0.07,0.0,0.4,0.6,4.87,0.83,1.77,40.46,1.03,36.9,0.73,46.81
259,1495844,La Liga,Athletic Club,Mikel Jauregizar,Midfielder,6.76,0.06,0.05,0.0,1.11,0.31,0.26,5.13,0.29,35.71,0.0,0.06,0.0,0.0,0.06,0.0,0.0,0.0,0.0,0.0,0.0,0.0,0.0,0.0,1.83,1.29,0.77,0.09,1.37,0.03,0.09,0.0,0.0,0.14,0.03,0.0,0.0,0.8,37.71,30.51,7.2,80.91,10.66,19.86,9.97,0.34,17.14,1.54,50.0,35,33,2758,0.11,0.03,1.26,0.94,11.86,0.86,4.31,46.6,3.06,43.67,1.26,55.7
260,190405,La Liga,Real Oviedo,Leander Dendoncker,Midfielder,6.76,0.05,0.04,0.05,0.47,0.21,0.16,11.11,0.21,50.0,0.05,0.0,0.0,0.05,0.0,0.0,0.05,0.0,0.0,0.0,0.0,0.0,0.0,0.0,1.89,0.63,1.79,0.37,0.89,0.0,0.11,0.05,0.0,0.11,0.0,0.0,0.0,0.32,29.16,25.11,4.05,86.1,14.68,10.42,4.79,0.11,40.0,0.68,52.0,19,15,1339,0.11,0.0,0.63,0.16,6.0,0.32,3.47,53.66,2.26,53.09,1.21,54.76
261,818986,La Liga,Sevilla,Gabriel Suazo,Defender,6.76,0.0,0.02,0.0,0.18,0.07,0.07,0.0,0.54,60.0,0.0,0.0,0.0,0.0,0.0,0.0,0.07,0.0,0.0,0.0,0.0,0.0,0.0,0.0,3.0,0.96,1.64,0.18,0.89,0.04,0.04,0.04,0.0,0.14,0.18,0.04,0.0,1.29,34.46,28.75,5.71,83.42,13.29,15.46,8.11,1.0,29.79,1.5,50.6,28,24,2006,0.25,0.0,1.11,0.54,12.0,0.57,4.5,55.75,4.04,58.85,0.46,38.24
262,21949,La Liga,Rayo Vallecano,Óscar Trejo,Midfielder,6.76,0.0,0.02,0.0,0.14,0.14,0.0,0.0,0.14,50.0,0.0,0.0,0.0,0.0,0.0,0.0,0.0,0.0,0.0,0.0,0.0,0.0,0.0,0.0,0.86,0.0,0.29,0.0,0.57,0.0,0.0,0.0,0.0,0.0,0.14,0.14,0.0,1.0,15.14,13.29,1.86,87.74,4.14,9.14,5.43,0.57,50.0,0.43,60.0,7,1,139,0.29,0.0,0.43,0.71,4.43,0.29,1.86,52.0,1.71,54.55,0.14,33.33
263,814385,La Liga,Deportivo Alavés,Lucas Boyé,Forward,6.76,0.39,0.32,0.29,2.11,0.71,0.93,18.64,1.32,49.33,0.36,0.04,0.07,0.0,0.32,0.0,0.32,0.0,0.11,0.11,100.0,0.04,0.18,20.0,1.21,0.25,0.64,0.21,0.54,0.0,0.0,0.0,0.0,0.07,0.18,0.04,0.0,0.89,14.14,10.32,3.82,72.98,2.57,7.75,4.46,0.04,10.0,0.14,40.0,28,21,1875,0.07,0.04,1.96,1.29,12.18,2.39,4.96,36.39,3.82,38.77,1.14,30.19
264,1905699,La Liga,Mallorca,Jan Salas,Midfielder,6.75,0.0,0.0,0.0,0.0,0.0,0.0,0.0,0.5,100.0,0.0,0.0,0.0,0.0,0.0,0.0,0.0,0.0,0.0,0.0,0.0,0.0,0.0,0.0,0.0,0.0,0.5,0.0,0.0,0.0,0.0,0.0,0.0,0.0,0.0,0.0,0.0,0.0,5.0,3.0,2.0,60.0,0.5,2.5,1.5,0.0,0.0,1.0,100.0,2,0,16,0.0,0.0,0.0,0.5,2.5,0.5,1.5,75.0,1.0,66.67,0.5,100.0
265,822379,La Liga,Real Oviedo,Santiago Colombatto,Midfielder,6.75,0.0,0.02,0.0,0.48,0.06,0.29,0.0,0.16,71.43,0.0,0.0,0.0,0.0,0.0,0.0,0.03,0.0,0.0,0.0,0.0,0.0,0.06,0.0,1.39,0.45,1.16,0.19,0.55,0.0,0.13,0.0,0.0,0.13,0.1,0.03,0.0,0.77,32.0,27.55,4.45,86.09,15.29,12.26,6.35,0.61,28.36,1.13,46.05,31,22,2006,0.19,0.0,1.42,1.23,7.29,0.35,3.13,53.3,2.77,55.13,0.35,42.31
266,1216309,La Liga,Real Sociedad,Jon Gorrotxategi,Midfielder,6.75,0.03,0.03,0.0,0.43,0.03,0.2,7.69,0.33,58.82,0.03,0.0,0.0,0.0,0.03,0.0,0.0,0.0,0.0,0.0,0.0,0.0,0.0,0.0,1.5,1.17,1.5,0.43,0.8,0.0,0.13,0.0,0.03,0.03,0.07,0.1,0.0,0.6,43.63,37.93,5.7,86.94,19.33,18.6,7.33,0.0,0.0,1.23,53.62,30,26,2215,0.2,0.0,1.07,0.9,7.63,0.63,3.73,48.91,2.73,50.0,1.0,46.15
267,1063015,La Liga,Espanyol,Tyrhys Dolan,Midfielder,6.75,0.06,0.07,0.06,0.91,0.31,0.29,6.25,0.97,41.98,0.06,0.0,0.0,0.0,0.06,0.03,0.14,0.06,0.0,0.0,0.0,0.0,0.0,0.0,1.54,0.51,0.37,0.06,0.63,0.0,0.0,0.0,0.0,0.03,0.2,0.14,0.0,0.91,15.57,12.97,2.6,83.3,4.17,8.8,5.0,0.63,21.36,0.11,26.67,35,28,2386,0.14,0.03,1.06,1.29,10.14,0.97,4.09,48.15,3.8,50.38,0.29,30.3
268,1126779,La Liga,Celta Vigo,Williot Swedberg,Midfielder,6.75,0.18,0.13,0.11,0.75,0.43,0.11,23.81,0.36,37.04,0.18,0.0,0.04,0.04,0.11,0.0,0.21,0.0,0.0,0.0,0.0,0.0,0.0,0.0,1.0,0.14,0.25,0.07,0.57,0.0,0.0,0.0,0.0,0.0,0.14,0.18,0.0,0.36,10.04,7.75,2.29,77.22,2.57,5.18,2.93,0.07,28.57,0.11,42.86,28,12,1203,0.07,0.0,1.04,1.18,4.75,0.64,2.61,43.98,2.54,47.33,0.07,12.5
269,826004,La Liga,Mallorca,Manu Morlanes,Midfielder,6.75,0.06,0.06,0.03,0.35,0.1,0.16,18.18,0.26,66.67,0.06,0.0,0.0,0.0,0.06,0.0,0.0,0.0,0.0,0.0,0.0,0.0,0.0,0.0,1.68,0.55,0.68,0.06,0.74,0.0,0.0,0.0,0.0,0.0,0.06,0.0,0.0,0.52,29.13,25.97,3.16,89.15,11.52,14.45,7.06,0.06,22.22,1.19,57.81,31,21,1698,0.06,0.03,0.87,0.39,4.61,0.39,2.71,50.91,2.32,52.94,0.39,41.38
270,892235,La Liga,Real Oviedo,David Carmo,Defender,6.75,0.05,0.04,0.0,0.45,0.14,0.23,10.0,0.09,66.67,0.05,0.0,0.0,0.05,0.0,0.0,0.0,0.0,0.0,0.0,0.0,0.0,0.0,0.0,1.55,0.95,6.77,0.82,0.55,0.09,0.05,0.05,0.0,0.14,0.05,0.0,0.0,0.32,46.23,38.09,8.14,82.4,27.14,10.95,3.73,0.05,50.0,4.77,47.95,22,20,1787,0.27,0.05,0.91,0.18,8.82,0.09,4.59,61.96,1.77,54.17,2.82,68.13
271,1391616,La Liga,Girona FC,Joel Roca,Midfielder,6.75,0.1,0.12,0.16,1.52,0.48,0.48,6.38,1.19,41.57,0.06,0.03,0.0,0.0,0.1,0.03,0.13,0.03,0.0,0.0,0.0,0.0,0.0,0.0,0.74,0.06,0.42,0.03,0.48,0.0,0.03,0.0,0.0,0.0,0.06,0.03,0.0,0.52,12.0,9.97,2.03,83.06,2.81,7.16,4.77,0.1,8.82,0.1,42.86,31,15,1415,0.13,0.03,0.39,1.32,7.58,0.94,3.42,46.09,3.26,48.56,0.16,22.73
272,997280,La Liga,Osasuna,Raúl García de Haro,Forward,6.75,0.2,0.18,0.14,1.03,0.6,0.26,19.44,0.4,48.28,0.17,0.03,0.03,0.03,0.14,0.0,0.17,0.0,0.0,0.0,0.0,0.03,0.03,100.0,0.43,0.2,0.43,0.03,0.06,0.0,0.0,0.0,0.0,0.03,0.03,0.03,0.0,0.31,6.31,4.4,1.91,69.68,1.57,2.83,1.26,0.11,44.44,0.17,85.71,35,5,952,0.06,0.03,0.34,0.34,3.86,0.51,2.26,50.0,1.17,46.59,1.09,54.29
273,1482424,La Liga,Girona FC,Claudio Echeverri,Midfielder,6.75,0.06,0.13,0.06,1.25,0.38,0.44,5.0,1.0,64.0,0.06,0.0,0.0,0.0,0.06,0.0,0.06,0.0,0.0,0.0,0.0,0.0,0.12,0.0,0.38,0.06,0.25,0.0,0.06,0.06,0.0,0.0,0.0,0.0,0.12,0.06,0.0,0.5,13.31,11.56,1.75,86.85,2.69,8.88,6.12,0.19,21.43,0.5,61.54,16,5,595,0.19,0.0,0.31,0.88,5.38,0.75,2.31,55.22,2.25,57.14,0.06,25.0
274,872919,La Liga,Sevilla,Ruben Vargas,Midfielder,6.75,0.13,0.13,0.0,1.65,0.35,0.61,7.89,0.91,43.75,0.09,0.04,0.0,0.09,0.04,0.0,0.3,0.0,0.04,0.04,100.0,0.0,0.04,0.0,0.78,0.3,0.57,0.04,0.43,0.0,0.13,0.0,0.0,0.0,0.17,0.26,0.0,1.22,23.52,16.96,6.57,72.09,6.3,10.65,6.74,1.0,25.84,1.09,53.19,23,20,1582,0.09,0.0,0.57,0.74,14.39,0.74,3.3,49.03,2.43,47.06,0.87,55.56
275,188365,La Liga,Real Betis,Héctor Bellerín,Defender,6.74,0.08,0.02,0.0,0.27,0.19,0.0,28.57,0.23,50.0,0.08,0.0,0.0,0.0,0.08,0.0,0.08,0.0,0.0,0.0,0.0,0.0,0.0,0.0,1.15,0.5,2.62,0.15,0.69,0.04,0.0,0.0,0.0,0.12,0.19,0.12,0.0,0.92,36.73,32.15,4.58,87.54,15.96,16.19,7.54,0.23,20.69,0.85,44.0,26,19,1750,0.08,0.0,0.58,0.15,7.38,0.31,2.19,49.14,1.54,45.98,0.65,58.62
276,1082981,La Liga,Mallorca,Pablo Torre,Midfielder,6.74,0.09,0.04,0.09,0.65,0.29,0.21,13.64,0.44,44.12,0.03,0.06,0.0,0.06,0.03,0.03,0.03,0.0,0.0,0.0,0.0,0.0,0.12,0.0,0.59,0.26,0.38,0.06,0.5,0.0,0.03,0.0,0.0,0.0,0.09,0.12,0.0,0.88,22.35,18.94,3.41,84.74,6.59,12.35,6.56,0.56,22.62,0.97,58.93,34,18,1552,0.12,0.0,0.85,0.97,7.5,0.53,2.15,40.78,2.0,45.33,0.15,17.24
277,1152139,La Liga,Real Betis,Angel Ortiz,Defender,6.74,0.0,0.0,0.0,0.08,0.0,0.0,0.0,0.54,41.18,0.0,0.0,0.0,0.0,0.0,0.0,0.0,0.0,0.0,0.0,0.0,0.0,0.0,0.0,2.08,0.23,1.23,0.31,0.62,0.0,0.0,0.0,0.0,0.0,0.08,0.0,0.0,0.46,19.23,16.0,3.23,83.2,8.62,7.38,3.15,0.38,26.32,0.69,34.62,13,7,582,0.08,0.0,0.69,0.69,6.92,0.38,3.38,54.32,3.31,58.11,0.08,14.29
278,962890,La Liga,Celta Vigo,Ilaix Moriba,Midfielder,6.74,0.03,0.04,0.06,0.49,0.11,0.26,5.88,0.37,48.15,0.03,0.0,0.0,0.03,0.0,0.0,0.0,0.03,0.0,0.0,0.0,0.0,0.0,0.0,2.43,0.74,0.91,0.17,0.63,0.06,0.09,0.0,0.0,0.17,0.14,0.09,0.0,0.49,28.46,25.11,3.34,88.25,11.46,13.66,6.17,0.0,0.0,0.89,67.39,35,25,2405,0.2,0.0,1.11,1.6,5.83,0.6,4.83,57.09,4.4,61.85,0.43,31.91
279,1082968,La Liga,Deportivo Alavés,Abderrahman Rebbach,Midfielder,6.73,0.03,0.08,0.1,1.14,0.38,0.45,3.03,0.59,36.17,0.03,0.0,0.0,0.0,0.03,0.03,0.17,0.0,0.0,0.0,0.0,0.0,0.03,0.0,1.38,0.52,0.76,0.0,0.76,0.0,0.0,0.0,0.0,0.03,0.31,0.14,0.0,0.97,14.72,11.59,3.14,78.69,4.76,6.83,4.38,0.66,19.19,0.66,47.5,29,14,1418,0.24,0.0,1.24,0.97,9.31,0.59,3.24,44.55,2.93,44.97,0.31,40.91
280,1000483,La Liga,FC Barcelona,Marc Casadó,Midfielder,6.73,0.0,0.05,0.04,0.48,0.0,0.09,0.0,0.09,33.33,0.0,0.0,0.0,0.0,0.0,0.04,0.0,0.0,0.0,0.0,0.0,0.0,0.0,0.0,0.78,0.3,0.3,0.13,0.35,0.0,0.0,0.0,0.0,0.13,0.0,0.04,0.0,0.61,38.26,34.78,3.48,90.91,15.13,19.65,7.39,0.09,100.0,0.87,54.05,23,10,982,0.04,0.0,1.09,0.87,4.7,0.26,2.04,50.0,1.74,49.38,0.3,53.85
281,385888,La Liga,Getafe,Mauro Arambarri,Midfielder,6.73,0.17,0.2,0.17,1.61,0.53,0.72,10.34,0.83,50.85,0.17,0.0,0.06,0.03,0.08,0.06,0.14,0.0,0.08,0.06,66.67,0.0,0.03,0.0,1.83,0.64,0.94,0.17,1.03,0.03,0.0,0.0,0.0,0.31,0.03,0.06,0.0,0.58,21.39,16.03,5.36,74.94,5.97,10.06,4.92,0.08,16.67,1.0,48.0,36,36,3165,0.17,0.0,1.64,1.86,10.0,1.28,6.08,49.1,4.53,49.85,1.56,47.06
282,986245,La Liga,Villarreal,Sergi Cardona,Defender,6.73,0.03,0.03,0.0,0.6,0.17,0.37,5.56,0.13,28.57,0.03,0.0,0.0,0.03,0.0,0.03,0.03,0.0,0.0,0.0,0.0,0.0,0.0,0.0,1.57,1.2,1.87,0.3,0.93,0.03,0.07,0.0,0.0,0.2,0.13,0.13,0.03,0.7,24.23,19.77,4.47,81.57,10.37,9.4,5.17,0.67,24.39,0.7,37.5,30,20,1946,0.13,0.0,0.93,0.73,9.1,0.27,3.03,49.73,2.37,49.31,0.67,51.28
283,191182,La Liga,Girona FC,Thomas Lemar,Midfielder,6.73,0.12,0.07,0.04,0.62,0.31,0.08,18.75,0.73,55.88,0.04,0.08,0.0,0.08,0.04,0.04,0.0,0.0,0.0,0.0,0.0,0.0,0.04,0.0,1.0,0.19,0.08,0.08,0.62,0.0,0.0,0.0,0.0,0.0,0.04,0.04,0.04,0.77,24.77,21.77,3.0,87.89,7.69,14.08,8.65,0.65,31.48,0.88,74.19,26,14,1260,0.12,0.0,0.73,0.77,7.65,1.27,2.58,44.37,2.5,44.22,0.08,50.0
284,899982,La Liga,Rayo Vallecano,Isi Palazón,Midfielder,6.73,0.1,0.17,0.19,1.71,0.52,0.68,5.66,0.74,47.92,0.1,0.0,0.0,0.1,0.0,0.1,0.19,0.0,0.1,0.06,66.67,0.0,0.06,0.0,0.94,0.1,0.74,0.19,0.74,0.0,0.03,0.0,0.0,0.03,0.29,0.1,0.0,1.26,28.13,23.19,4.94,82.45,9.0,14.19,9.06,0.94,27.62,1.42,57.89,31,27,2262,0.32,0.03,1.16,1.65,11.74,1.32,3.97,44.73,3.29,45.54,0.68,41.18
285,797290,La Liga,Villarreal,Alfonso Pedraza,Defender,6.73,0.04,0.04,0.04,0.42,0.12,0.19,9.09,0.73,61.29,0.04,0.0,0.0,0.04,0.0,0.0,0.15,0.0,0.0,0.0,0.0,0.0,0.0,0.0,1.54,1.0,1.42,0.23,0.58,0.04,0.04,0.04,0.0,0.08,0.23,0.12,0.0,0.77,22.27,17.69,4.58,79.45,9.65,8.04,4.04,0.77,24.39,1.12,39.73,26,18,1623,0.31,0.0,1.04,0.88,9.5,0.54,3.23,53.16,3.15,55.78,0.08,18.18
286,1525863,La Liga,Villarreal,Pau Navarro,Defender,6.73,0.0,0.0,0.0,0.09,0.09,0.0,0.0,0.27,60.0,0.0,0.0,0.0,0.0,0.0,0.0,0.05,0.0,0.0,0.0,0.0,0.0,0.0,0.0,2.86,0.82,4.64,0.73,1.45,0.05,0.0,0.0,0.05,0.14,0.05,0.0,0.0,0.18,42.32,37.36,4.95,88.29,27.36,10.0,2.77,0.05,50.0,1.55,40.48,22,22,1834,0.18,0.0,1.55,0.45,6.0,0.09,4.77,51.72,3.59,52.67,1.18,49.06
287,910024,La Liga,Rayo Vallecano,Sergio Camello,Forward,6.73,0.19,0.13,0.24,1.19,0.57,0.38,16.0,0.81,51.52,0.14,0.05,0.0,0.05,0.14,0.05,0.1,0.0,0.0,0.0,0.0,0.0,0.0,0.0,0.48,0.1,0.0,0.0,0.24,0.0,0.05,0.0,0.0,0.0,0.05,0.0,0.0,0.71,9.67,7.86,1.81,81.28,3.05,4.81,3.0,0.05,33.33,0.24,62.5,21,8,778,0.1,0.05,0.33,0.62,5.1,0.95,2.05,43.0,1.86,45.35,0.19,28.57
288,158615,La Liga,Celta Vigo,Matías Vecino,Midfielder,6.73,0.0,0.02,0.0,0.4,0.0,0.2,0.0,0.2,100.0,0.0,0.0,0.0,0.0,0.0,0.0,0.0,0.0,0.0,0.0,0.0,0.0,0.0,0.0,1.4,0.4,0.6,0.0,0.4,0.0,0.0,0.0,0.0,0.0,0.0,0.0,0.0,0.0,17.4,14.4,3.0,82.76,4.6,9.8,4.0,0.0,0.0,0.2,25.0,5,2,127,0.0,0.0,0.6,0.0,3.4,0.2,2.2,55.0,1.6,61.54,0.6,42.86
289,175185,La Liga,Espanyol,Pere Milla,Midfielder,6.73,0.22,0.21,0.22,1.81,0.62,0.84,12.07,0.28,40.91,0.22,0.0,0.09,0.09,0.03,0.0,0.31,0.0,0.0,0.0,0.0,0.0,0.22,0.0,1.12,0.53,0.59,0.09,1.12,0.0,0.0,0.0,0.0,0.03,0.12,0.0,0.0,1.03,16.19,11.56,4.62,71.43,4.47,7.09,4.34,0.25,22.86,0.59,46.34,32,24,1944,0.19,0.03,0.72,1.12,8.19,0.88,3.16,43.72,2.44,44.32,0.72,41.82
290,152446,La Liga,Rayo Vallecano,Iván Balliu,Defender,6.73,0.0,0.03,0.08,0.15,0.0,0.15,0.0,0.54,70.0,0.0,0.0,0.0,0.0,0.0,0.0,0.0,0.0,0.0,0.0,0.0,0.0,0.0,0.0,0.77,0.54,0.38,0.23,0.08,0.0,0.0,0.0,0.0,0.08,0.0,0.0,0.0,0.15,17.23,14.15,3.08,82.14,6.92,7.23,3.92,0.08,12.5,0.85,40.74,13,5,506,0.15,0.0,0.62,0.31,4.85,0.08,1.92,54.35,1.62,61.76,0.31,33.33
291,1064026,La Liga,Espanyol,Omar El Hilali,Defender,6.72,0.0,0.0,0.0,0.03,0.0,0.03,0.0,0.2,70.0,0.0,0.0,0.0,0.0,0.0,0.0,0.09,0.0,0.0,0.0,0.0,0.0,0.0,0.0,2.06,1.14,2.66,0.49,0.69,0.03,0.03,0.03,0.0,0.23,0.09,0.06,0.0,0.49,35.46,28.54,6.91,80.5,16.94,11.6,4.74,0.51,32.14,1.83,36.36,35,32,2817,0.26,0.0,1.26,0.69,10.43,0.14,3.71,54.85,2.91,58.29,0.8,45.16
292,997035,La Liga,FC Barcelona,Alejandro Balde,Defender,6.72,0.0,0.01,0.0,0.33,0.04,0.26,0.0,0.85,58.97,0.0,0.0,0.0,0.0,0.0,0.0,0.15,0.04,0.0,0.0,0.0,0.0,0.0,0.0,1.3,0.19,0.85,0.33,0.22,0.0,0.04,0.04,0.0,0.11,0.15,0.07,0.04,0.85,42.07,38.63,3.44,91.81,16.07,22.56,12.0,0.19,19.23,0.56,55.56,27,20,1784,0.07,0.0,0.52,0.89,6.93,0.7,3.41,58.97,3.04,60.29,0.37,50.0
293,1092769,La Liga,Girona FC,Yáser Asprilla,Midfielder,6.72,0.0,0.04,0.0,1.0,0.33,0.33,0.0,0.87,59.09,0.0,0.0,0.0,0.0,0.0,0.0,0.33,0.07,0.0,0.0,0.0,0.0,0.07,0.0,0.53,0.33,0.27,0.07,0.13,0.0,0.0,0.0,0.0,0.0,0.13,0.0,0.0,0.8,10.07,8.6,1.47,85.43,3.33,5.27,3.6,0.73,29.73,0.73,84.62,15,6,605,0.0,0.0,0.67,0.53,6.07,0.67,2.07,46.27,1.93,48.33,0.13,28.57
294,187313,La Liga,Osasuna,Lucas Torró,Midfielder,6.72,0.0,0.04,0.03,0.76,0.18,0.45,0.0,0.27,69.23,0.0,0.0,0.0,0.0,0.0,0.03,0.0,0.0,0.0,0.0,0.0,0.0,0.0,0.0,1.09,0.82,1.36,0.21,0.33,0.0,0.06,0.0,0.0,0.06,0.03,0.03,0.0,0.45,29.58,22.15,7.42,74.9,10.97,11.18,4.82,0.0,0.0,1.18,37.14,33,30,2239,0.18,0.0,1.15,0.85,8.94,0.33,5.24,63.14,2.15,54.62,3.09,70.83
295,1101232,La Liga,Getafe,Abdel Abqar,Defender,6.72,0.0,0.01,0.05,0.32,0.05,0.23,0.0,0.09,33.33,0.0,0.0,0.0,0.0,0.0,0.0,0.05,0.0,0.0,0.0,0.0,0.0,0.0,0.0,1.68,0.95,3.23,0.32,0.27,0.0,0.05,0.05,0.0,0.0,0.14,0.09,0.0,0.18,19.18,13.86,5.32,72.27,9.73,4.14,1.55,0.0,0.0,2.41,44.17,22,16,1350,0.45,0.05,1.18,1.55,6.27,0.14,4.18,63.89,3.32,65.77,0.86,57.58
296,1513222,La Liga,Deportivo Alavés,Ángel Pérez,Midfielder,6.72,0.07,0.07,0.07,0.87,0.2,0.13,7.69,1.2,41.86,0.07,0.0,0.0,0.07,0.0,0.0,0.33,0.0,0.0,0.0,0.0,0.0,0.0,0.0,1.0,0.6,1.73,0.07,0.73,0.0,0.0,0.0,0.0,0.13,0.13,0.2,0.0,1.47,29.2,21.6,7.6,73.97,6.67,14.93,8.07,1.33,23.53,0.93,25.0,15,13,1200,0.2,0.0,1.0,1.07,16.07,0.33,3.33,44.25,3.27,47.12,0.07,11.11
297,1010165,La Liga,Osasuna,Abel Bretones,Defender,6.71,0.04,0.02,0.0,0.39,0.11,0.25,9.09,0.46,44.83,0.0,0.04,0.0,0.04,0.0,0.0,0.04,0.04,0.0,0.0,0.0,0.0,0.0,0.0,1.18,0.64,1.82,0.18,0.61,0.0,0.04,0.0,0.0,0.11,0.11,0.07,0.0,0.46,17.96,13.86,4.11,77.14,5.71,8.14,4.43,0.43,36.36,0.86,38.71,28,17,1658,0.18,0.04,0.61,0.68,8.43,0.43,2.79,52.7,2.32,51.18,0.46,61.9
298,882475,La Liga,Real Oviedo,Alberto Reina,Midfielder,6.71,0.11,0.09,0.08,0.61,0.31,0.19,18.18,0.42,51.72,0.08,0.03,0.0,0.08,0.03,0.06,0.06,0.0,0.0,0.0,0.0,0.0,0.0,0.0,1.19,0.47,0.39,0.17,0.42,0.03,0.11,0.03,0.0,0.03,0.19,0.03,0.0,0.94,27.86,23.72,4.14,85.14,11.5,12.22,6.33,0.47,32.08,1.56,60.22,36,30,2397,0.11,0.03,0.97,1.25,7.11,0.64,3.28,51.98,2.83,54.84,0.44,39.02
299,859769,La Liga,Levante UD,Oriol Rey,Midfielder,6.71,0.0,0.02,0.0,0.42,0.05,0.21,0.0,0.05,50.0,0.0,0.0,0.0,0.0,0.0,0.05,0.0,0.0,0.0,0.0,0.0,0.0,0.0,0.0,1.05,0.47,1.74,0.21,0.79,0.0,0.05,0.0,0.0,0.0,0.0,0.05,0.0,0.53,28.95,25.26,3.68,87.27,12.05,13.21,5.21,0.21,50.0,1.16,50.0,19,14,1282,0.21,0.0,1.21,0.74,4.68,0.16,2.53,46.15,1.84,45.45,0.68,48.15
300,1526628,La Liga,Celta Vigo,Fer López,Midfielder,6.71,0.06,0.07,0.12,0.75,0.31,0.19,8.33,1.25,58.82,0.06,0.0,0.0,0.06,0.0,0.06,0.06,0.0,0.0,0.0,0.0,0.0,0.0,0.0,0.94,0.44,0.56,0.12,0.69,0.06,0.12,0.0,0.0,0.06,0.12,0.0,0.06,0.56,33.19,28.19,5.0,84.93,10.94,17.25,9.12,0.19,20.0,1.69,61.36,16,12,1100,0.19,0.0,1.5,0.81,9.81,0.94,3.31,42.4,3.0,43.64,0.31,33.33
301,892521,La Liga,Valencia,Unai Núñez,Defender,6.71,0.0,0.02,0.08,0.42,0.0,0.25,0.0,0.0,0.0,0.0,0.0,0.0,0.0,0.0,0.08,0.0,0.0,0.0,0.0,0.0,0.0,0.0,0.0,1.83,0.92,3.25,0.42,0.5,0.0,0.0,0.0,0.0,0.25,0.0,0.0,0.0,0.08,34.58,29.5,5.08,85.3,18.83,10.67,2.92,0.08,33.33,2.42,50.88,12,9,831,0.17,0.0,0.83,0.58,7.17,0.25,3.42,55.41,2.33,58.33,1.08,50.0
302,946381,La Liga,Sevilla,Akor Adams,Forward,6.71,0.32,0.32,0.29,1.94,0.97,0.58,16.67,0.52,57.14,0.29,0.03,0.03,0.06,0.23,0.0,1.32,0.0,0.1,0.1,100.0,0.0,0.0,0.0,0.26,0.03,0.81,0.13,0.1,0.03,0.0,0.0,0.0,0.06,0.03,0.1,0.0,0.42,11.29,7.26,4.03,64.29,2.71,4.55,2.9,0.03,5.56,0.23,36.84,31,21,2044,0.1,0.0,1.16,0.39,8.0,1.06,2.94,37.14,1.16,31.03,1.77,42.64
303,1186010,La Liga,Real Betis,Valentín Gómez,Defender,6.71,0.04,0.03,0.04,0.41,0.19,0.22,9.09,0.48,92.86,0.04,0.0,0.04,0.0,0.0,0.0,0.04,0.0,0.0,0.0,0.0,0.0,0.0,0.0,1.7,0.89,4.19,0.48,0.81,0.04,0.04,0.07,0.0,0.15,0.11,0.0,0.0,0.37,35.19,30.19,5.0,85.79,18.85,11.33,3.48,0.11,25.0,1.56,43.75,27,19,1870,0.19,0.0,0.96,0.44,7.15,0.26,4.15,56.85,2.56,56.1,1.59,58.11
304,1000150,La Liga,Mallorca,Zito Luvumbo,Forward,6.7,0.0,0.06,0.2,0.9,0.7,0.2,0.0,0.9,39.13,0.0,0.0,0.0,0.0,0.0,0.0,0.6,0.0,0.0,0.0,0.0,0.0,0.0,0.0,0.1,0.0,0.2,0.0,0.3,0.0,0.0,0.0,0.0,0.0,0.2,0.2,0.0,0.9,5.8,4.1,1.7,70.69,0.5,3.6,2.7,0.4,20.0,0.0,0.0,10,6,519,0.2,0.0,1.3,2.1,7.5,0.7,3.2,41.03,3.1,46.27,0.1,9.09
305,605374,La Liga,Elche,Tete Morente,Forward,6.7,0.08,0.04,0.0,0.67,0.08,0.33,12.5,0.58,25.93,0.08,0.0,0.08,0.0,0.0,0.0,0.17,0.0,0.0,0.0,0.0,0.0,0.0,0.0,1.83,0.75,1.5,0.42,0.58,0.0,0.0,0.0,0.0,0.17,0.25,0.08,0.0,0.92,24.5,18.5,6.0,75.51,4.33,14.17,9.0,0.5,13.64,0.42,20.0,12,10,843,0.08,0.0,1.17,0.75,14.5,0.92,4.17,44.25,3.17,42.7,1.0,50.0
306,1901143,La Liga,Real Madrid,Víctor Valdepeñas,Defender,6.7,0.0,0.0,0.0,0.0,0.0,0.0,0.0,1.0,100.0,0.0,0.0,0.0,0.0,0.0,0.0,0.0,0.0,0.0,0.0,0.0,0.0,0.0,0.0,5.0,0.0,1.0,0.0,1.0,0.0,0.0,0.0,0.0,0.0,0.0,0.0,0.0,1.0,34.0,32.0,2.0,94.12,14.0,18.0,6.0,1.0,100.0,1.0,50.0,1,1,78,0.0,0.0,3.0,1.0,7.0,1.0,7.0,58.33,7.0,58.33,0.0,0.0
307,1402908,La Liga,Elche,Hector Fort,Defender,6.7,0.15,0.05,0.08,0.92,0.38,0.15,16.67,0.62,42.11,0.15,0.0,0.0,0.0,0.15,0.0,0.15,0.0,0.0,0.0,0.0,0.0,0.0,0.0,0.92,0.46,0.62,0.08,0.23,0.0,0.0,0.0,0.0,0.0,0.0,0.15,0.0,0.31,12.38,10.31,2.08,83.23,3.54,6.77,2.85,0.15,22.22,0.62,57.14,13,7,486,0.0,0.0,0.31,0.08,5.08,0.54,2.08,47.37,1.62,45.65,0.46,54.55
308,1458073,La Liga,Rayo Vallecano,Nobel Mendy,Defender,6.7,0.09,0.07,0.09,0.48,0.13,0.3,18.18,0.13,75.0,0.09,0.0,0.09,0.0,0.0,0.0,0.04,0.0,0.0,0.0,0.0,0.0,0.0,0.0,1.09,0.91,6.57,0.91,0.35,0.0,0.04,0.04,0.0,0.22,0.04,0.0,0.0,0.13,39.83,34.35,5.48,86.24,27.43,6.91,1.7,0.0,0.0,1.96,37.5,23,21,1721,0.3,0.09,1.3,0.52,6.17,0.13,3.0,51.88,1.74,51.28,1.26,52.73
309,910267,La Liga,Athletic Club,Jesús Areso,Defender,6.7,0.0,0.0,0.0,0.12,0.0,0.04,0.0,0.54,56.0,0.0,0.0,0.0,0.0,0.0,0.0,0.04,0.0,0.0,0.0,0.0,0.0,0.0,0.0,0.85,0.69,1.96,0.31,0.23,0.0,0.08,0.0,0.0,0.08,0.12,0.04,0.0,0.88,22.35,18.65,3.69,83.48,7.88,10.77,5.46,0.65,20.0,0.69,47.37,26,14,1513,0.12,0.0,0.73,0.27,10.23,0.31,2.88,59.52,1.62,50.6,1.27,76.74
310,1167704,La Liga,Valencia,Rubén Iranzo,Defender,6.7,0.0,0.0,0.0,0.0,0.0,0.0,0.0,0.0,0.0,0.0,0.0,0.0,0.0,0.0,0.0,0.0,0.0,0.0,0.0,0.0,0.0,0.0,0.0,1.0,0.0,2.0,0.0,0.0,0.0,0.0,0.0,0.0,0.0,0.0,0.0,0.0,0.0,2.0,2.0,0.0,100.0,0.0,2.0,1.0,0.0,0.0,1.0,100.0,1,0,12,0.0,0.0,1.0,0.0,0.0,0.0,1.0,33.33,1.0,50.0,0.0,0.0
311,941464,La Liga,Sevilla,Federico Gattoni,Defender,6.7,0.0,0.0,0.0,0.0,0.0,0.0,0.0,0.0,0.0,0.0,0.0,0.0,0.0,0.0,0.0,0.0,0.0,0.0,0.0,0.0,0.0,0.0,0.0,0.0,0.0,2.0,0.0,0.0,0.0,0.0,0.0,0.0,0.0,0.0,0.0,0.0,0.0,1.0,1.0,0.0,100.0,0.0,1.0,1.0,0.0,0.0,0.0,0.0,1,0,9,0.0,0.0,0.0,0.0,1.0,0.0,1.0,100.0,0.0,0.0,1.0,100.0
312,2115056,La Liga,Real Oviedo,Omar Falah,Defender,6.7,0.0,0.0,0.0,0.0,0.0,0.0,0.0,0.0,0.0,0.0,0.0,0.0,0.0,0.0,0.0,0.0,0.0,0.0,0.0,0.0,0.0,0.0,0.0,0.0,0.0,2.0,0.0,0.0,0.0,0.0,0.0,0.0,0.0,0.0,0.0,0.0,0.0,7.0,6.0,1.0,85.71,4.0,2.0,1.0,0.0,0.0,1.0,100.0,1,0,13,0.0,0.0,0.0,0.0,2.0,0.0,0.0,0.0,0.0,0.0,0.0,0.0
313,88625,La Liga,Girona FC,Marc-André Ter Stegen,Goalkeeper,6.7,0.0,0.0,0.0,0.0,0.0,0.0,0.0,0.0,0.0,0.0,0.0,0.0,0.0,0.0,0.0,0.0,0.0,0.0,0.0,0.0,0.0,0.0,0.0,0.0,0.0,0.5,0.0,0.0,0.0,0.0,0.0,0.0,0.0,0.0,0.0,0.0,0.0,37.5,34.5,3.0,92.0,34.5,0.0,0.0,0.0,0.0,3.5,53.85,2,2,180,0.0,0.0,0.0,0.0,3.0,0.0,0.0,0.0,0.0,0.0,0.0,0.0
314,344129,La Liga,Levante UD,José Luis Morales,Forward,6.7,0.05,0.11,0.2,0.55,0.2,0.15,9.09,0.45,52.94,0.05,0.0,0.0,0.0,0.05,0.0,0.2,0.0,0.05,0.05,100.0,0.0,0.0,0.0,0.5,0.15,0.2,0.1,0.05,0.0,0.0,0.0,0.0,0.0,0.1,0.05,0.0,0.35,6.35,4.75,1.6,74.8,1.55,3.2,2.15,0.1,20.0,0.05,25.0,20,1,383,0.05,0.0,0.15,0.2,3.35,0.3,1.25,53.19,1.15,56.1,0.1,33.33
315,1174937,La Liga,Real Madrid,Endrick,Forward,6.7,0.0,0.0,0.0,0.0,0.0,0.0,0.0,1.0,100.0,0.0,0.0,0.0,0.0,0.0,0.0,0.0,0.0,0.0,0.0,0.0,0.0,0.0,0.0,0.0,0.0,0.0,0.0,0.0,0.0,0.0,0.0,0.0,0.0,0.0,0.0,0.0,0.0,0.0,0.0,0.0,0.0,0.0,0.0,0.0,0.0,0.0,0.0,0.0,1,0,11,0.0,1.0,0.0,1.0,1.0,0.0,2.0,100.0,2.0,100.0,0.0,0.0
316,328145,La Liga,Sevilla,Adnan Januzaj,Midfielder,6.7,0.0,0.02,0.0,0.58,0.0,0.17,0.0,0.67,42.11,0.0,0.0,0.0,0.0,0.0,0.0,0.08,0.0,0.0,0.0,0.0,0.0,0.0,0.0,0.5,0.08,0.25,0.0,0.08,0.0,0.0,0.08,0.0,0.0,0.0,0.0,0.0,0.92,10.75,9.42,1.33,87.6,3.17,6.25,4.75,0.67,26.67,1.25,68.18,12,2,320,0.08,0.0,0.67,0.83,6.33,0.33,2.0,50.0,2.0,50.0,0.0,0.0
317,1084381,La Liga,Deportivo Alavés,Pablo Ibáñez,Midfielder,6.7,0.03,0.12,0.08,1.25,0.33,0.53,2.22,0.86,43.66,0.03,0.0,0.0,0.0,0.03,0.03,0.08,0.0,0.0,0.0,0.0,0.0,0.0,0.0,1.5,0.58,0.72,0.28,0.83,0.0,0.03,0.0,0.0,0.06,0.03,0.03,0.0,0.53,27.56,23.69,3.86,85.99,9.64,14.06,7.0,0.17,18.18,0.69,43.86,36,27,2179,0.19,0.0,1.06,1.78,8.72,1.31,4.86,49.3,4.14,49.17,0.72,50.0
318,1111081,La Liga,Real Sociedad,Job Ochieng,Midfielder,6.7,0.0,0.0,0.0,0.0,0.0,0.0,0.0,0.0,0.0,0.0,0.0,0.0,0.0,0.0,0.0,0.0,0.0,0.0,0.0,0.0,0.0,0.0,0.0,1.0,0.0,0.0,0.0,0.0,0.0,0.0,0.0,0.0,0.0,0.0,0.0,0.0,2.0,12.0,9.0,3.0,75.0,3.0,6.0,4.0,0.0,0.0,1.0,100.0,1,0,25,0.0,0.0,0.0,0.0,9.0,0.0,1.0,25.0,1.0,33.33,0.0,0.0
319,1858279,La Liga,Celta Vigo,Hugo Burcio,Midfielder,6.7,0.0,0.0,0.0,0.0,0.0,0.0,0.0,0.0,0.0,0.0,0.0,0.0,0.0,0.0,0.0,0.0,0.0,0.0,0.0,0.0,0.0,0.0,0.0,1.0,0.0,0.0,0.0,0.0,0.0,0.0,0.0,0.0,0.0,0.0,0.0,0.0,0.0,5.0,5.0,0.0,100.0,1.0,4.0,0.0,0.0,0.0,0.0,0.0,1,0,12,0.0,0.0,0.0,0.0,0.0,0.0,1.0,100.0,1.0,100.0,0.0,0.0
320,2198232,La Liga,Rayo Vallecano,Samu Becerra,Midfielder,6.7,0.0,0.0,0.0,0.0,0.0,0.0,0.0,0.0,0.0,0.0,0.0,0.0,0.0,0.0,0.0,0.0,0.0,0.0,0.0,0.0,0.0,0.0,0.0,0.0,0.0,0.0,0.0,0.0,0.0,0.0,0.0,0.0,0.0,0.0,0.0,0.0,0.33,4.0,3.67,0.33,91.67,1.67,2.0,1.33,0.33,50.0,0.0,0.0,3,0,11,0.0,0.0,0.33,0.0,1.0,0.0,0.0,0.0,0.0,0.0,0.0,0.0
321,2110897,La Liga,Athletic Club,Alejandro Rego Mora,Midfielder,6.7,0.04,0.02,0.0,0.43,0.11,0.11,8.33,0.32,47.37,0.04,0.0,0.0,0.0,0.04,0.04,0.0,0.0,0.0,0.0,0.0,0.0,0.0,0.0,1.5,0.86,0.57,0.18,0.54,0.0,0.0,0.04,0.0,0.04,0.04,0.04,0.0,0.39,18.71,15.32,3.39,81.87,6.64,8.68,3.64,0.11,50.0,0.86,64.86,28,11,1236,0.21,0.0,1.43,0.21,4.64,0.21,2.54,47.65,2.04,44.88,0.5,63.64
322,1142689,La Liga,Real Madrid,David Jiménez,Defender,6.7,0.0,0.06,0.5,0.5,0.5,0.0,0.0,0.0,0.0,0.0,0.0,0.0,0.0,0.0,0.0,0.0,0.0,0.0,0.0,0.0,0.0,0.0,0.0,0.5,0.0,0.5,0.0,0.0,0.0,0.0,0.0,0.0,0.0,0.0,0.0,0.0,0.0,17.5,17.0,0.5,97.14,6.5,10.5,5.5,0.0,0.0,0.0,0.0,2,1,77,0.0,0.0,0.0,0.0,3.0,0.5,0.5,50.0,0.5,50.0,0.0,0.0
323,597876,La Liga,Real Oviedo,Lucas Ahijado,Defender,6.69,0.0,0.05,0.11,0.53,0.11,0.21,0.0,0.84,59.26,0.0,0.0,0.0,0.0,0.0,0.0,0.11,0.0,0.0,0.0,0.0,0.0,0.0,0.0,2.42,0.89,1.63,0.21,0.53,0.0,0.0,0.05,0.0,0.05,0.11,0.05,0.0,0.42,22.16,17.74,4.42,80.05,8.47,9.26,4.11,0.26,31.25,0.79,28.3,19,11,1087,0.16,0.0,0.74,0.16,7.47,0.16,3.79,63.16,3.42,63.73,0.37,58.33
324,944225,La Liga,Osasuna,Jorge Herrando,Defender,6.69,0.0,0.01,0.04,0.11,0.0,0.04,0.0,0.11,100.0,0.0,0.0,0.0,0.0,0.0,0.0,0.0,0.04,0.0,0.0,0.0,0.0,0.0,0.0,1.15,0.67,3.7,0.41,0.37,0.0,0.0,0.0,0.0,0.07,0.04,0.04,0.0,0.07,25.63,22.15,3.48,86.42,15.78,6.37,1.41,0.0,0.0,0.81,36.07,27,16,1540,0.11,0.0,0.85,0.3,3.93,0.04,2.56,56.56,1.52,55.41,1.04,58.33
325,966802,La Liga,Levante UD,Unai Vencedor,Midfielder,6.69,0.0,0.0,0.0,0.0,0.0,0.0,0.0,0.25,57.14,0.0,0.0,0.0,0.0,0.0,0.0,0.0,0.0,0.0,0.0,0.0,0.0,0.0,0.0,1.38,0.38,0.88,0.31,1.12,0.0,0.0,0.0,0.0,0.0,0.19,0.0,0.0,0.75,26.0,21.19,4.81,81.49,10.38,10.81,5.31,0.56,40.91,2.5,57.97,16,11,818,0.19,0.06,1.5,0.5,6.31,0.19,3.0,44.04,2.12,41.98,0.88,50.0
326,1162107,La Liga,FC Barcelona,Roony Bardghji,Forward,6.69,0.05,0.07,0.14,1.05,0.57,0.29,4.55,1.05,53.66,0.05,0.0,0.0,0.0,0.05,0.0,0.0,0.0,0.0,0.0,0.0,0.0,0.0,0.0,0.29,0.1,0.14,0.0,0.05,0.0,0.05,0.0,0.0,0.0,0.14,0.05,0.05,0.71,16.0,14.19,1.81,88.69,4.86,9.33,5.24,0.71,27.78,0.19,66.67,21,7,661,0.0,0.0,0.33,0.38,5.86,0.52,1.71,46.75,1.71,48.65,0.0,0.0
327,1403559,La Liga,Real Madrid,Franco Mastantuono,Forward,6.69,0.05,0.14,0.14,1.36,0.32,0.77,3.33,1.0,43.14,0.05,0.0,0.0,0.0,0.05,0.14,0.05,0.0,0.0,0.0,0.0,0.0,0.05,0.0,0.91,0.14,0.14,0.0,0.68,0.0,0.05,0.0,0.0,0.05,0.23,0.0,0.0,0.68,20.95,18.95,2.0,90.46,4.64,14.32,7.55,0.41,31.03,0.45,62.5,22,10,975,0.23,0.05,0.82,1.27,7.14,1.23,3.41,44.12,3.18,44.59,0.23,38.46
328,268903,La Liga,Sevilla,Neal Maupay,Forward,6.69,0.18,0.16,0.18,1.55,0.64,0.45,11.76,0.36,40.0,0.18,0.0,0.09,0.0,0.09,0.0,0.27,0.0,0.0,0.0,0.0,0.0,0.0,0.0,0.36,0.09,0.18,0.09,0.27,0.0,0.09,0.0,0.0,0.0,0.0,0.09,0.0,1.18,17.18,14.09,3.09,82.01,5.09,9.0,5.09,0.0,0.0,1.27,77.78,11,10,844,0.09,0.0,1.36,1.45,7.18,1.18,3.0,35.87,2.18,41.38,0.82,26.47
329,1069703,La Liga,Celta Vigo,Carlos Domínguez,Defender,6.69,0.0,0.06,0.12,0.25,0.12,0.12,0.0,0.0,0.0,0.0,0.0,0.0,0.0,0.0,0.0,0.0,0.0,0.0,0.0,0.0,0.0,0.0,0.0,1.62,0.62,5.38,0.62,0.25,0.12,0.0,0.12,0.0,0.0,0.0,0.0,0.0,0.12,55.25,50.5,4.75,91.4,36.88,13.62,4.12,0.0,0.0,2.0,43.24,8,6,610,0.12,0.0,0.75,0.12,6.0,0.5,3.5,60.87,1.75,53.85,1.75,70.0
330,1119586,La Liga,Osasuna,Iker Muñoz,Midfielder,6.69,0.0,0.02,0.0,0.47,0.21,0.21,0.0,0.21,36.36,0.0,0.0,0.0,0.0,0.0,0.0,0.05,0.0,0.0,0.0,0.0,0.0,0.05,0.0,0.63,0.58,1.21,0.11,0.79,0.0,0.0,0.0,0.0,0.0,0.0,0.0,0.0,0.26,23.63,20.05,3.58,84.86,9.26,10.79,5.42,0.05,16.67,1.32,58.14,19,8,953,0.26,0.0,0.95,1.11,5.05,0.32,2.68,45.13,1.89,43.9,0.79,48.39
331,235648,La Liga,Deportivo Alavés,Jonny Otto,Defender,6.69,0.0,0.02,0.06,0.26,0.09,0.15,0.0,0.74,73.53,0.0,0.0,0.0,0.0,0.0,0.03,0.03,0.0,0.0,0.0,0.0,0.0,0.0,0.0,1.94,1.21,1.85,0.41,0.94,0.0,0.06,0.0,0.0,0.09,0.06,0.0,0.0,0.5,51.68,44.76,6.91,86.62,24.41,20.35,8.91,0.21,29.17,1.85,50.81,34,34,2998,0.21,0.0,1.09,0.88,10.82,0.91,4.32,53.65,3.56,53.54,0.76,54.17
332,998950,La Liga,Valencia,Diego López,Midfielder,6.69,0.12,0.08,0.12,0.76,0.24,0.24,16.0,0.39,37.14,0.12,0.0,0.0,0.0,0.12,0.03,0.09,0.0,0.0,0.0,0.0,0.0,0.0,0.0,0.64,0.27,0.3,0.06,0.48,0.0,0.06,0.0,0.0,0.06,0.09,0.03,0.0,0.48,15.21,11.64,3.58,76.49,3.97,7.67,4.24,0.18,15.0,0.3,76.92,33,19,1725,0.06,0.0,0.58,1.0,7.06,0.48,2.73,42.86,2.0,47.83,0.73,33.33
333,835485,La Liga,Real Madrid,Brahim Díaz,Midfielder,6.69,0.0,0.04,0.03,0.48,0.21,0.17,0.0,0.86,56.82,0.0,0.0,0.0,0.0,0.0,0.0,0.1,0.07,0.0,0.0,0.0,0.0,0.0,0.0,0.52,0.07,0.14,0.0,0.07,0.0,0.03,0.0,0.0,0.0,0.24,0.21,0.0,1.03,18.17,16.45,1.72,90.51,4.34,12.1,7.17,0.28,40.0,0.31,90.0,29,13,1268,0.07,0.0,0.66,1.28,5.66,1.1,2.72,49.69,2.66,51.68,0.07,20.0
334,1632454,La Liga,Girona FC,Hugo Rincón,Defender,6.69,0.03,0.03,0.06,0.22,0.06,0.12,14.29,0.28,52.94,0.03,0.0,0.0,0.0,0.03,0.0,0.03,0.03,0.0,0.0,0.0,0.0,0.0,0.0,1.41,0.16,1.53,0.28,0.41,0.0,0.03,0.03,0.0,0.06,0.06,0.03,0.0,0.31,23.62,19.53,4.09,82.67,9.22,10.31,6.44,0.09,8.82,0.5,39.02,32,16,1726,0.12,0.0,1.0,1.56,6.94,0.38,3.84,57.48,3.25,61.54,0.59,42.22
335,1064009,La Liga,Espanyol,Urko González,Midfielder,6.69,0.0,0.02,0.0,0.49,0.03,0.29,0.0,0.4,66.67,0.0,0.0,0.0,0.0,0.0,0.0,0.03,0.0,0.0,0.0,0.0,0.0,0.0,0.0,1.51,0.91,1.69,0.31,1.2,0.0,0.03,0.0,0.0,0.11,0.0,0.03,0.03,0.31,26.83,21.66,5.17,80.72,10.6,11.06,4.54,0.03,9.09,0.77,34.18,35,27,2539,0.2,0.0,1.17,1.17,7.6,0.74,3.74,48.88,3.06,48.86,0.69,48.98
336,344847,La Liga,Mallorca,Johan Mojica,Defender,6.69,0.0,0.02,0.03,0.49,0.06,0.34,0.0,0.43,36.59,0.0,0.0,0.0,0.0,0.0,0.0,0.06,0.0,0.0,0.0,0.0,0.0,0.17,0.0,1.46,0.69,2.4,0.17,0.29,0.0,0.06,0.0,0.0,0.14,0.17,0.11,0.0,1.03,34.57,27.34,7.23,79.09,12.69,14.66,7.46,1.09,28.57,1.89,36.46,35,30,2737,0.17,0.03,0.83,0.86,13.86,0.8,3.37,52.21,2.71,50.8,0.66,58.97
337,32048,La Liga,Girona FC,Cristhian Stuani,Forward,6.68,0.25,0.26,0.3,0.8,0.5,0.2,31.25,0.1,100.0,0.25,0.0,0.05,0.0,0.2,0.0,0.3,0.1,0.2,0.15,75.0,0.0,0.0,0.0,0.25,0.05,0.15,0.0,0.15,0.0,0.0,0.0,0.0,0.0,0.0,0.0,0.0,0.1,2.95,1.95,1.0,66.1,0.95,1.0,0.65,0.0,0.0,0.0,0.0,20,1,398,0.2,0.0,0.6,0.5,1.55,0.1,1.65,50.0,0.85,50.0,0.8,50.0
338,84972,La Liga,Espanyol,Kike García,Forward,6.68,0.22,0.24,0.31,1.67,0.75,0.64,13.33,0.25,39.13,0.22,0.0,0.03,0.06,0.14,0.0,0.72,0.0,0.06,0.03,50.0,0.0,0.0,0.0,0.33,0.17,0.53,0.03,0.31,0.03,0.0,0.0,0.0,0.0,0.11,0.03,0.0,0.53,10.61,6.92,3.69,65.18,2.39,4.53,2.5,0.03,5.88,0.28,52.63,36,17,1726,0.08,0.0,0.89,1.19,7.03,0.58,4.11,47.59,1.72,46.27,2.39,48.59
339,345195,La Liga,Villarreal,Ayoze Pérez,Forward,6.68,0.12,0.2,0.21,0.83,0.38,0.25,15.0,0.46,33.33,0.12,0.0,0.0,0.08,0.04,0.04,0.21,0.0,0.04,0.04,100.0,0.0,0.0,0.0,0.92,0.17,0.29,0.0,0.33,0.0,0.0,0.0,0.0,0.0,0.08,0.12,0.0,0.62,9.71,7.33,2.38,75.54,2.62,4.71,3.08,0.04,12.5,0.12,37.5,24,11,1052,0.17,0.0,0.67,0.92,6.08,1.12,2.83,40.48,2.25,42.52,0.58,34.15
340,591132,La Liga,Osasuna,Kike Barja,Forward,6.68,0.08,0.04,0.0,0.31,0.15,0.12,25.0,0.23,31.58,0.08,0.0,0.0,0.04,0.04,0.0,0.04,0.0,0.0,0.0,0.0,0.0,0.0,0.0,0.19,0.08,0.19,0.04,0.15,0.0,0.0,0.0,0.0,0.0,0.0,0.08,0.0,0.42,4.62,3.42,1.19,74.17,0.96,2.46,1.62,0.62,25.4,0.31,61.54,26,2,462,0.15,0.0,0.42,0.38,4.38,0.42,1.08,38.36,0.81,35.0,0.27,53.85
341,850035,La Liga,Rayo Vallecano,Luiz Felipe,Defender,6.68,0.0,0.04,0.0,0.3,0.1,0.1,0.0,0.0,0.0,0.0,0.0,0.0,0.0,0.0,0.0,0.0,0.0,0.0,0.0,0.0,0.0,0.0,0.0,1.2,0.8,2.4,0.3,0.3,0.0,0.0,0.0,0.0,0.2,0.0,0.0,0.0,0.1,25.4,23.1,2.3,90.94,18.7,4.4,0.5,0.0,0.0,0.8,44.44,10,7,491,0.1,0.0,0.5,0.1,3.1,0.0,2.2,57.89,1.3,61.9,0.9,52.94
342,910978,La Liga,Athletic Club,Dani Vivian,Defender,6.68,0.03,0.04,0.07,0.57,0.2,0.23,5.88,0.17,83.33,0.0,0.03,0.0,0.0,0.03,0.03,0.03,0.0,0.0,0.0,0.0,0.0,0.0,0.0,1.73,1.03,4.67,0.43,0.63,0.07,0.07,0.03,0.0,0.13,0.1,0.0,0.0,0.2,44.23,37.83,6.4,85.53,22.47,15.37,4.53,0.1,27.27,3.07,48.42,30,27,2473,0.27,0.03,1.23,0.53,8.5,0.5,3.43,48.82,2.4,51.06,1.03,44.29
343,67769,La Liga,Real Betis,Ricardo Rodríguez,Defender,6.68,0.0,0.01,0.0,0.14,0.0,0.09,0.0,0.05,50.0,0.0,0.0,0.0,0.0,0.0,0.0,0.0,0.0,0.0,0.0,0.0,0.0,0.0,0.0,1.0,0.36,2.91,0.14,0.5,0.0,0.0,0.0,0.0,0.23,0.05,0.05,0.0,0.32,26.95,22.77,4.18,84.49,11.5,11.27,4.5,0.32,46.67,0.95,34.43,22,17,1470,0.0,0.0,0.41,0.23,6.23,0.18,1.91,52.5,1.27,52.83,0.64,51.85
344,813574,La Liga,Levante UD,Unai Elgezabal,Defender,6.68,0.08,0.06,0.08,0.25,0.08,0.17,33.33,0.0,0.0,0.08,0.0,0.0,0.0,0.08,0.0,0.0,0.0,0.0,0.0,0.0,0.0,0.0,0.0,0.67,0.25,5.83,1.33,0.58,0.0,0.08,0.08,0.08,0.08,0.0,0.0,0.0,0.17,34.08,29.0,5.08,85.09,19.92,9.08,1.67,0.0,0.0,1.17,30.43,12,11,958,0.17,0.0,0.92,0.5,5.58,0.0,3.75,60.0,1.17,43.75,2.58,72.09
345,1392092,La Liga,Getafe,Sebastián Boselli,Defender,6.68,0.0,0.03,0.09,0.36,0.09,0.18,0.0,0.18,100.0,0.0,0.0,0.0,0.0,0.0,0.0,0.0,0.0,0.0,0.0,0.0,0.0,0.0,0.0,1.55,0.09,1.73,0.09,1.18,0.0,0.09,0.0,0.0,0.27,0.09,0.0,0.0,0.09,7.64,4.18,3.45,54.76,0.91,3.27,1.55,0.18,25.0,0.73,28.57,11,4,406,0.27,0.0,0.55,0.0,5.64,0.18,2.36,50.98,1.73,47.5,0.64,63.64
346,68332,La Liga,Sevilla,Nemanja Gudelj,Midfielder,6.68,0.06,0.04,0.0,0.91,0.24,0.48,6.67,0.15,45.45,0.03,0.03,0.03,0.03,0.0,0.0,0.0,0.0,0.0,0.0,0.0,0.0,0.15,0.0,1.06,0.76,3.85,0.55,0.52,0.0,0.03,0.0,0.0,0.09,0.03,0.0,0.0,0.21,33.39,29.48,3.91,88.29,20.39,9.09,3.03,0.03,14.29,1.64,50.0,33,26,2361,0.27,0.0,1.21,0.3,5.03,0.21,2.82,50.27,1.52,42.74,1.3,63.24
347,845025,La Liga,Real Oviedo,Ovie Ejaria,Midfielder,6.68,0.0,0.02,0.0,0.38,0.12,0.12,0.0,0.5,66.67,0.0,0.0,0.0,0.0,0.0,0.0,0.12,0.0,0.0,0.0,0.0,0.0,0.0,0.0,0.5,0.38,0.38,0.0,0.5,0.0,0.0,0.0,0.0,0.0,0.0,0.0,0.0,0.12,13.5,11.88,1.62,87.96,4.25,7.62,3.62,0.0,0.0,0.25,50.0,8,2,196,0.12,0.0,0.38,0.62,3.12,0.5,2.5,51.28,1.5,48.0,1.0,57.14
348,1046796,La Liga,Deportivo Alavés,Calebe Gonçalves,Midfielder,6.68,0.0,0.01,0.0,0.26,0.05,0.05,0.0,0.84,41.03,0.0,0.0,0.0,0.0,0.0,0.0,0.0,0.0,0.0,0.0,0.0,0.0,0.0,0.0,1.32,0.47,0.21,0.05,0.26,0.0,0.0,0.0,0.0,0.0,0.05,0.0,0.0,0.68,16.47,14.47,2.0,87.86,6.32,8.16,4.53,0.11,12.5,0.32,60.0,19,13,764,0.11,0.0,0.95,1.0,5.53,0.42,3.26,52.99,3.16,53.57,0.11,40.0
349,859021,La Liga,Sevilla,Batista Mendy,Midfielder,6.68,0.04,0.04,0.0,0.63,0.19,0.19,5.88,0.37,58.82,0.04,0.0,0.0,0.04,0.0,0.04,0.0,0.0,0.0,0.0,0.0,0.0,0.0,0.0,1.3,0.67,0.89,0.19,0.56,0.04,0.07,0.0,0.0,0.07,0.0,0.0,0.0,0.33,24.19,20.93,3.26,86.52,11.41,9.52,5.19,0.04,20.0,1.26,57.63,27,19,1624,0.22,0.0,1.37,1.0,5.3,0.67,3.22,49.71,2.63,47.97,0.59,59.26
350,138383,La Liga,Deportivo Alavés,Denis Suárez,Midfielder,6.68,0.03,0.03,0.07,0.28,0.1,0.07,12.5,0.83,46.15,0.03,0.0,0.0,0.0,0.03,0.03,0.0,0.0,0.0,0.0,0.0,0.0,0.0,0.0,0.79,0.21,0.41,0.1,0.9,0.0,0.03,0.0,0.0,0.03,0.07,0.07,0.0,0.72,26.93,23.1,3.83,85.79,9.14,13.97,7.03,0.34,26.32,0.93,45.0,29,15,1416,0.21,0.0,0.69,0.9,7.48,0.83,2.66,41.85,2.52,42.69,0.14,30.77
351,992331,La Liga,Levante UD,Iker Losada,Midfielder,6.68,0.14,0.08,0.09,0.64,0.18,0.32,21.43,0.27,40.0,0.09,0.05,0.0,0.0,0.14,0.0,0.09,0.0,0.0,0.0,0.0,0.0,0.0,0.0,0.55,0.5,0.45,0.09,0.45,0.0,0.0,0.0,0.0,0.0,0.05,0.05,0.0,0.5,10.14,7.23,2.91,71.3,2.59,4.64,2.5,0.27,28.57,0.14,17.65,22,10,896,0.05,0.0,0.27,0.32,5.09,0.18,1.27,39.44,1.14,47.17,0.14,16.67
352,1392054,La Liga,Getafe,Coba Da Costa,Midfielder,6.68,0.0,0.02,0.0,0.36,0.07,0.21,0.0,0.71,50.0,0.0,0.0,0.0,0.0,0.0,0.0,0.14,0.0,0.0,0.0,0.0,0.0,0.0,0.0,0.71,0.07,0.07,0.0,0.43,0.0,0.0,0.0,0.0,0.0,0.0,0.0,0.07,0.29,9.43,6.43,3.0,68.18,1.57,4.86,2.64,0.29,17.39,0.29,44.44,14,2,361,0.07,0.0,0.57,0.43,7.93,0.57,3.14,53.01,1.86,45.61,1.29,69.23
353,839585,La Liga,Real Sociedad,Yangel Herrera,Midfielder,6.68,0.0,0.03,0.08,0.46,0.08,0.23,0.0,0.38,62.5,0.0,0.0,0.0,0.0,0.0,0.0,0.08,0.08,0.0,0.0,0.0,0.0,0.0,0.0,0.85,0.15,1.62,0.23,0.62,0.08,0.0,0.0,0.0,0.0,0.0,0.0,0.0,0.0,18.23,14.23,4.0,78.06,7.08,7.15,3.31,0.08,50.0,0.85,57.89,13,7,552,0.08,0.0,0.92,1.46,5.69,0.54,4.38,57.0,2.62,53.13,1.77,63.89
354,300522,La Liga,Mallorca,Martin Valjent,Defender,6.67,0.0,0.02,0.03,0.44,0.22,0.11,0.0,0.11,80.0,0.0,0.0,0.0,0.0,0.0,0.0,0.0,0.0,0.0,0.0,0.0,0.0,0.0,0.0,1.36,0.58,6.61,0.39,0.25,0.03,0.03,0.06,0.0,0.11,0.0,0.0,0.0,0.08,48.03,41.94,6.08,87.33,28.78,13.17,3.94,0.0,0.0,2.89,44.07,36,36,3219,0.17,0.0,1.0,0.28,7.0,0.17,3.17,56.44,1.72,55.86,1.44,57.14
355,1021165,La Liga,Espanyol,Rubén Sánchez,Defender,6.67,0.0,0.01,0.0,0.4,0.05,0.35,0.0,0.75,57.69,0.0,0.0,0.0,0.0,0.0,0.0,0.1,0.0,0.0,0.0,0.0,0.0,0.0,0.0,0.45,0.45,1.05,0.25,0.5,0.05,0.0,0.1,0.0,0.05,0.1,0.05,0.0,0.45,13.7,9.9,3.8,72.26,4.2,5.7,2.7,0.45,26.47,0.7,34.15,20,7,751,0.1,0.0,0.55,0.55,7.85,0.4,2.35,48.96,1.65,47.83,0.7,51.85
356,980383,La Liga,Osasuna,Raúl Moro,Midfielder,6.67,0.0,0.02,0.0,0.46,0.0,0.15,0.0,0.92,50.0,0.0,0.0,0.0,0.0,0.0,0.0,0.38,0.0,0.0,0.0,0.0,0.0,0.0,0.0,0.15,0.08,0.62,0.0,0.08,0.08,0.0,0.0,0.0,0.0,0.15,0.15,0.08,0.85,12.38,9.54,2.85,77.02,2.0,7.54,5.08,0.31,14.29,0.23,60.0,13,7,621,0.0,0.0,0.08,0.46,7.62,0.46,1.62,46.67,1.54,50.0,0.08,20.0
357,944165,La Liga,Athletic Club,Robert Navarro,Midfielder,6.67,0.19,0.13,0.0,0.65,0.32,0.26,30.0,0.74,41.82,0.19,0.0,0.0,0.1,0.1,0.0,0.13,0.0,0.0,0.0,0.0,0.0,0.0,0.0,0.52,0.23,0.29,0.03,0.13,0.0,0.0,0.0,0.0,0.0,0.1,0.03,0.0,0.68,12.61,10.19,2.42,80.82,2.16,8.03,5.1,0.29,12.86,0.19,50.0,31,9,1221,0.03,0.0,0.52,0.52,8.19,1.0,2.06,35.36,1.77,39.86,0.29,20.93
358,294593,La Liga,Girona FC,Álex Moreno,Defender,6.67,0.0,0.05,0.07,0.53,0.17,0.23,0.0,1.17,48.61,0.0,0.0,0.0,0.0,0.0,0.0,0.3,0.0,0.0,0.0,0.0,0.0,0.0,0.0,1.33,0.93,3.3,0.33,1.0,0.03,0.0,0.03,0.0,0.17,0.2,0.1,0.0,0.53,34.03,28.57,5.47,83.94,14.13,14.43,8.43,0.27,12.5,0.6,28.13,30,27,2472,0.17,0.0,1.0,0.6,11.53,0.33,3.77,48.71,3.1,46.97,0.67,58.82
359,842419,La Liga,Osasuna,Valentin Rosier,Defender,6.67,0.03,0.02,0.03,0.6,0.1,0.3,5.56,0.93,63.64,0.03,0.0,0.0,0.0,0.03,0.0,0.1,0.0,0.0,0.0,0.0,0.0,0.0,0.0,1.53,1.43,2.77,0.1,0.63,0.0,0.0,0.0,0.0,0.13,0.13,0.03,0.0,0.5,34.27,27.9,6.37,81.42,13.47,14.43,6.87,0.33,22.22,1.1,30.28,30,29,2464,0.13,0.03,1.13,0.63,10.97,0.9,3.7,50.68,3.1,49.47,0.6,58.06
360,1393673,La Liga,Levante UD,Etta Eyong,Forward,6.67,0.22,0.27,0.34,1.53,0.75,0.59,14.29,0.34,37.93,0.22,0.0,0.12,0.03,0.06,0.03,0.22,0.0,0.03,0.0,0.0,0.0,0.0,0.0,0.84,0.19,0.56,0.03,0.12,0.0,0.0,0.0,0.0,0.06,0.12,0.12,0.0,0.44,8.78,6.06,2.72,69.04,2.06,4.0,2.31,0.03,7.69,0.28,64.29,32,18,1694,0.09,0.0,1.0,1.06,6.97,1.09,3.31,42.57,2.25,46.15,1.06,36.56
361,1015240,La Liga,Sevilla,José Ángel Carmona,Defender,6.66,0.03,0.02,0.03,0.59,0.09,0.29,5.0,0.53,43.9,0.03,0.0,0.0,0.0,0.03,0.0,0.09,0.0,0.0,0.0,0.0,0.0,0.0,0.0,1.88,1.09,2.09,0.26,1.26,0.03,0.0,0.06,0.0,0.15,0.09,0.09,0.0,0.59,33.06,26.79,6.26,81.05,14.79,12.0,6.32,0.32,25.0,1.38,45.19,34,28,2474,0.38,0.0,1.41,1.26,11.47,0.32,4.94,54.19,3.65,50.2,1.29,69.84
362,1015287,La Liga,Real Betis,Natan,Defender,6.66,0.0,0.02,0.0,0.31,0.03,0.19,0.0,0.09,75.0,0.0,0.0,0.0,0.0,0.0,0.0,0.0,0.0,0.0,0.0,0.0,0.0,0.0,0.0,1.0,1.16,6.59,0.69,0.28,0.03,0.0,0.0,0.0,0.25,0.0,0.0,0.0,0.22,43.34,38.16,5.19,88.03,28.78,9.38,2.06,0.0,0.0,1.56,34.01,32,31,2731,0.25,0.0,0.88,0.34,5.97,0.22,3.5,52.83,1.38,49.44,2.12,55.28
363,1513896,La Liga,Mallorca,David López,Defender,6.66,0.0,0.02,0.0,0.29,0.0,0.21,0.0,0.14,100.0,0.0,0.0,0.0,0.0,0.0,0.0,0.0,0.0,0.0,0.0,0.0,0.0,0.0,0.0,0.79,0.57,5.79,1.0,0.14,0.07,0.0,0.0,0.07,0.07,0.0,0.0,0.0,0.0,32.79,27.29,5.5,83.22,19.79,7.5,1.93,0.0,0.0,2.5,40.7,14,9,833,0.14,0.0,0.93,0.29,5.71,0.0,3.14,59.46,1.21,53.13,1.93,64.29
364,1010655,La Liga,Sevilla,Juanlu Sánchez,Midfielder,6.66,0.0,0.03,0.0,0.44,0.03,0.19,0.0,0.84,52.94,0.0,0.0,0.0,0.0,0.0,0.0,0.12,0.03,0.0,0.0,0.0,0.0,0.0,0.0,1.97,0.38,1.0,0.0,0.97,0.0,0.0,0.06,0.0,0.0,0.16,0.09,0.0,0.69,23.88,19.88,4.0,83.25,8.09,11.78,6.88,0.62,32.79,1.12,60.0,32,23,2002,0.16,0.03,0.72,1.31,8.22,0.53,4.69,55.97,4.12,58.67,0.56,41.86
365,1019318,La Liga,Athletic Club,Nico Serrano,Midfielder,6.66,0.06,0.04,0.0,1.0,0.25,0.25,6.25,0.44,36.84,0.06,0.0,0.0,0.0,0.06,0.0,0.0,0.0,0.0,0.0,0.0,0.0,0.0,0.0,0.38,0.12,0.12,0.0,0.56,0.0,0.0,0.0,0.0,0.0,0.06,0.0,0.0,0.62,7.69,6.19,1.5,80.49,1.06,5.12,3.31,0.75,28.57,0.44,70.0,16,4,365,0.0,0.0,0.62,0.5,5.06,0.25,1.44,37.7,1.31,38.89,0.12,28.57
366,996928,La Liga,Valencia,César Tárrega,Defender,6.66,0.0,0.02,0.03,0.32,0.03,0.23,0.0,0.32,76.92,0.0,0.0,0.0,0.0,0.0,0.0,0.0,0.0,0.0,0.0,0.0,0.0,0.0,0.0,1.32,0.9,6.16,0.61,0.26,0.06,0.03,0.03,0.06,0.23,0.0,0.0,0.0,0.06,41.97,36.23,5.74,86.32,28.23,8.0,1.9,0.0,0.0,1.9,38.31,31,28,2507,0.23,0.0,1.29,0.39,6.65,0.13,4.03,55.8,2.03,54.31,2.0,57.41
367,826010,La Liga,Espanyol,Pol Lozano,Midfielder,6.66,0.06,0.02,0.0,0.52,0.15,0.12,11.76,0.09,27.27,0.03,0.03,0.0,0.0,0.06,0.0,0.0,0.0,0.0,0.0,0.0,0.0,0.03,0.0,1.15,0.67,0.79,0.18,0.91,0.0,0.0,0.03,0.0,0.18,0.06,0.03,0.0,0.7,28.67,24.91,3.76,86.89,10.76,14.15,6.58,0.24,27.59,1.09,59.02,33,28,2182,0.3,0.03,1.94,0.91,5.79,0.42,2.48,38.32,2.15,38.8,0.33,35.48
368,1170693,La Liga,Mallorca,Mateo Joseph,Forward,6.66,0.07,0.18,0.28,1.14,0.48,0.48,6.06,0.62,47.37,0.07,0.0,0.0,0.03,0.03,0.03,0.14,0.03,0.0,0.0,0.0,0.0,0.0,0.0,1.0,0.41,0.83,0.14,0.52,0.0,0.0,0.0,0.0,0.03,0.1,0.1,0.0,0.48,10.41,8.48,1.93,81.46,2.86,5.62,3.28,0.14,28.57,0.07,50.0,29,19,1710,0.07,0.0,0.66,1.07,6.28,1.24,3.03,40.18,2.69,46.43,0.34,19.61
369,825754,La Liga,Elche,Rafa Mir,Forward,6.66,0.3,0.3,0.48,2.56,1.33,1.0,11.59,0.19,25.0,0.26,0.04,0.0,0.07,0.22,0.15,0.26,0.0,0.07,0.04,50.0,0.04,0.11,33.33,0.59,0.19,0.7,0.04,0.3,0.0,0.04,0.0,0.0,0.11,0.11,0.0,0.0,0.33,15.37,12.3,3.07,80.0,4.04,8.26,4.96,0.11,15.0,0.56,75.0,27,21,1815,0.15,0.0,1.44,0.59,6.78,0.93,2.07,32.18,1.37,32.46,0.7,31.67
370,840951,La Liga,Sevilla,Marcão,Defender,6.65,0.0,0.05,0.08,0.77,0.15,0.31,0.0,0.08,100.0,0.0,0.0,0.0,0.0,0.0,0.0,0.08,0.0,0.0,0.0,0.0,0.0,0.0,0.0,1.0,0.38,4.54,0.38,0.38,0.08,0.15,0.08,0.0,0.15,0.0,0.0,0.0,0.0,35.85,31.31,4.54,87.34,22.46,8.85,2.38,0.0,0.0,2.0,44.83,13,11,943,0.15,0.08,1.69,1.62,5.38,0.0,4.77,55.86,2.69,58.33,2.08,52.94
371,22209,La Liga,Sevilla,Ørjan Nyland,Goalkeeper,6.65,0.0,0.0,0.0,0.0,0.0,0.0,0.0,0.0,0.0,0.0,0.0,0.0,0.0,0.0,0.0,0.0,0.0,0.0,0.0,0.0,0.0,0.0,0.0,0.0,0.0,1.25,0.0,0.0,0.0,0.0,0.0,0.0,0.25,0.0,0.0,0.0,0.0,29.25,19.75,9.5,67.52,17.0,2.75,1.25,0.0,0.0,5.25,35.59,4,4,360,0.25,0.0,0.0,0.0,9.75,0.0,0.25,100.0,0.0,0.0,0.25,100.0
372,1089108,La Liga,Rayo Vallecano,Ilias Akhomach,Midfielder,6.65,0.0,0.1,0.2,1.2,0.4,0.5,0.0,0.7,31.82,0.0,0.0,0.0,0.0,0.0,0.0,0.05,0.0,0.0,0.0,0.0,0.0,0.05,0.0,1.2,0.1,0.45,0.1,0.1,0.0,0.0,0.0,0.0,0.0,0.15,0.05,0.0,0.65,12.9,10.85,2.05,84.11,3.3,7.55,4.9,0.3,19.35,0.45,52.94,20,9,897,0.15,0.0,0.9,1.8,8.3,1.35,3.75,47.47,3.7,49.33,0.05,12.5
373,1145100,La Liga,Celta Vigo,Yoel Lago,Defender,6.65,0.0,0.0,0.0,0.0,0.0,0.0,0.0,0.09,100.0,0.0,0.0,0.0,0.0,0.0,0.0,0.09,0.0,0.0,0.0,0.0,0.0,0.0,0.0,1.45,0.64,5.73,0.91,0.36,0.0,0.36,0.18,0.0,0.09,0.0,0.0,0.0,0.18,42.36,38.82,3.55,91.63,27.91,10.91,1.64,0.0,0.0,1.27,42.42,11,10,857,0.36,0.0,1.55,1.18,3.91,0.09,3.45,55.07,2.73,57.69,0.73,47.06
374,2049311,La Liga,Levante UD,Nacho Pérez,Defender,6.65,0.0,0.0,0.0,0.0,0.0,0.0,0.0,0.0,0.0,0.0,0.0,0.0,0.0,0.0,0.0,0.0,0.0,0.0,0.0,0.0,0.0,0.0,0.0,1.33,0.67,1.33,0.0,0.33,0.0,0.0,0.0,0.0,0.0,0.0,0.0,0.0,0.67,16.0,13.0,3.0,81.25,8.0,5.0,1.33,0.0,0.0,0.33,16.67,3,1,147,0.33,0.0,0.33,0.33,4.67,0.33,1.67,45.45,1.67,55.56,0.0,0.0
375,846147,La Liga,Rayo Vallecano,Abdul Mumin,Defender,6.65,0.0,0.0,0.0,0.0,0.0,0.0,0.0,0.0,0.0,0.0,0.0,0.0,0.0,0.0,0.0,0.0,0.0,0.0,0.0,0.0,0.0,0.0,0.0,0.0,0.0,1.0,0.5,0.0,0.0,0.0,0.0,0.0,0.0,0.0,0.0,0.0,0.0,4.0,3.5,0.5,87.5,3.5,0.0,0.0,0.0,0.0,0.0,0.0,2,0,17,0.0,0.0,0.5,0.0,0.5,0.0,0.0,0.0,0.0,0.0,0.0,0.0
376,1630975,La Liga,Celta Vigo,Manu Fernández,Defender,6.65,0.0,0.0,0.0,0.14,0.0,0.14,0.0,0.07,50.0,0.0,0.0,0.0,0.0,0.0,0.0,0.0,0.0,0.0,0.0,0.0,0.0,0.0,0.0,0.93,0.57,2.43,0.21,0.0,0.0,0.07,0.14,0.0,0.07,0.0,0.0,0.07,0.21,36.0,32.43,3.57,90.08,21.21,11.21,3.07,0.0,0.0,1.71,45.28,14,9,765,0.14,0.0,0.57,0.5,4.36,0.43,2.0,60.87,1.5,60.0,0.5,63.64
377,363774,La Liga,Celta Vigo,Mihailo Ristić,Defender,6.65,0.0,0.0,0.0,0.2,0.0,0.0,0.0,1.2,66.67,0.0,0.0,0.0,0.0,0.0,0.0,0.0,0.0,0.0,0.0,0.0,0.0,0.0,0.0,0.2,0.4,1.4,0.4,0.6,0.0,0.0,0.0,0.0,0.0,0.0,0.0,0.0,0.4,29.2,24.4,4.8,83.56,16.2,8.2,4.8,0.0,0.0,1.0,33.33,5,4,256,0.0,0.0,0.0,0.4,7.0,0.2,2.0,52.63,1.8,56.25,0.2,33.33
378,807648,La Liga,Athletic Club,Yeray Álvarez,Defender,6.65,0.0,0.02,0.0,0.17,0.0,0.17,0.0,0.0,0.0,0.0,0.0,0.0,0.0,0.0,0.0,0.0,0.0,0.0,0.0,0.0,0.0,0.0,0.0,0.17,2.0,5.0,0.33,0.0,0.0,0.0,0.17,0.0,0.17,0.0,0.0,0.0,0.5,45.83,38.67,7.17,84.36,23.83,14.83,6.33,0.0,0.0,3.83,40.35,6,5,469,0.0,0.0,0.5,0.67,8.33,0.0,1.67,40.0,0.83,62.5,0.83,29.41
379,996929,La Liga,Valencia,Jesús Vázquez,Defender,6.65,0.0,0.01,0.0,0.35,0.09,0.13,0.0,0.91,61.76,0.0,0.0,0.0,0.0,0.0,0.0,0.09,0.0,0.0,0.0,0.0,0.0,0.0,0.0,1.0,0.09,1.35,0.17,0.65,0.0,0.0,0.0,0.0,0.04,0.09,0.0,0.0,0.52,14.0,11.87,2.13,84.78,5.26,6.61,3.3,0.17,16.0,0.39,50.0,23,6,890,0.09,0.0,0.7,0.3,5.3,0.57,2.7,48.44,2.22,47.22,0.48,55.0
380,604954,La Liga,Getafe,Borja Mayoral,Forward,6.65,0.25,0.19,0.19,0.94,0.44,0.19,26.67,0.38,66.67,0.25,0.0,0.06,0.06,0.12,0.0,0.69,0.0,0.06,0.0,0.0,0.0,0.0,0.0,0.31,0.31,0.31,0.12,0.25,0.0,0.0,0.0,0.0,0.12,0.06,0.06,0.0,0.31,16.5,13.38,3.12,81.06,4.19,9.19,5.38,0.06,16.67,0.75,66.67,16,12,1068,0.0,0.0,0.38,0.44,6.38,1.12,2.06,34.74,1.12,36.73,0.94,32.61
381,827504,La Liga,Elche,Léo Pétrot,Defender,6.65,0.0,0.02,0.0,0.26,0.0,0.13,0.0,0.1,42.86,0.0,0.0,0.0,0.0,0.0,0.0,0.06,0.0,0.0,0.0,0.0,0.0,0.0,0.0,1.19,0.48,2.23,0.48,0.26,0.0,0.06,0.0,0.0,0.06,0.03,0.0,0.0,0.06,30.68,26.61,4.06,86.75,15.9,10.71,3.97,0.06,11.76,1.0,50.82,31,18,1606,0.06,0.03,0.61,0.19,6.06,0.16,2.52,59.54,1.48,56.1,1.03,65.31
382,326471,La Liga,Rayo Vallecano,Gerard Gumbau,Midfielder,6.65,0.0,0.03,0.04,0.63,0.19,0.19,0.0,0.22,75.0,0.0,0.0,0.0,0.0,0.0,0.0,0.0,0.0,0.0,0.0,0.0,0.0,0.04,0.0,1.07,0.37,1.0,0.22,0.19,0.0,0.0,0.04,0.0,0.0,0.19,0.11,0.0,0.78,16.26,13.56,2.7,83.37,6.63,6.93,3.04,0.59,33.33,0.85,52.27,27,13,1107,0.15,0.0,1.3,0.19,4.67,0.15,1.93,45.61,1.48,47.06,0.44,41.38
383,1010891,La Liga,Elche,Mourad El Ghezouani,Forward,6.65,0.0,0.04,0.0,0.5,0.0,0.0,0.0,0.0,0.0,0.0,0.0,0.0,0.0,0.0,0.0,0.0,0.0,0.0,0.0,0.0,0.0,0.0,0.0,2.0,0.0,0.0,0.0,0.0,0.0,0.0,0.0,0.0,0.0,0.0,0.0,0.0,0.5,7.5,5.5,2.0,73.33,2.0,3.5,0.5,0.0,0.0,0.0,0.0,2,0,50,0.0,0.0,0.5,0.5,3.0,0.0,3.5,77.78,2.5,83.33,1.0,66.67
384,1403364,La Liga,Deportivo Alavés,Youssef Enriquez,Defender,6.65,0.0,0.03,0.04,0.44,0.12,0.16,0.0,0.32,34.78,0.0,0.0,0.0,0.0,0.0,0.0,0.0,0.0,0.0,0.0,0.0,0.0,0.0,0.0,0.68,0.4,1.48,0.04,0.44,0.0,0.04,0.0,0.0,0.04,0.16,0.04,0.04,0.68,21.4,16.96,4.44,79.25,8.4,8.56,4.04,0.8,32.79,1.04,48.15,25,13,1347,0.28,0.0,0.96,0.52,8.72,0.32,2.16,46.15,1.52,40.86,0.64,66.67
385,873717,La Liga,Deportivo Alavés,Carlos Benavídez,Midfielder,6.65,0.0,0.02,0.0,0.25,0.17,0.0,0.0,0.0,0.0,0.0,0.0,0.0,0.0,0.0,0.0,0.0,0.0,0.0,0.0,0.0,0.0,0.0,0.0,0.92,0.17,1.17,0.33,0.08,0.0,0.0,0.0,0.0,0.0,0.0,0.0,0.0,0.25,10.25,8.58,1.67,83.74,4.58,4.0,1.92,0.08,100.0,0.83,62.5,12,3,281,0.0,0.08,0.58,0.17,2.42,0.08,1.58,55.88,1.08,54.17,0.5,60.0
386,904970,La Liga,Atlético Madrid,Conor Gallagher,Midfielder,6.64,0.11,0.06,0.05,0.68,0.26,0.37,15.38,0.16,18.75,0.11,0.0,0.0,0.05,0.05,0.0,0.11,0.0,0.0,0.0,0.0,0.0,0.0,0.0,0.89,0.58,0.26,0.16,0.53,0.0,0.0,0.0,0.0,0.05,0.05,0.0,0.0,0.21,18.89,17.05,1.84,90.25,7.63,9.42,4.79,0.05,9.09,0.32,50.0,19,4,665,0.11,0.0,0.95,0.47,4.74,0.47,2.05,41.49,1.53,38.16,0.53,55.56
387,1201412,La Liga,Real Oviedo,Thiago Fernández,Midfielder,6.64,0.0,0.03,0.0,0.81,0.31,0.31,0.0,1.25,40.82,0.0,0.0,0.0,0.0,0.0,0.06,0.12,0.0,0.0,0.0,0.0,0.0,0.0,0.0,0.81,0.31,0.19,0.0,0.56,0.06,0.0,0.0,0.0,0.0,0.25,0.25,0.0,0.62,15.81,12.75,3.06,80.63,3.81,8.94,4.75,0.5,27.59,0.56,52.94,16,9,822,0.25,0.0,0.44,0.69,10.06,1.5,2.88,36.51,2.75,38.94,0.12,15.38
388,1116388,La Liga,Real Sociedad,Jon Aramburu,Defender,6.64,0.03,0.06,0.06,0.62,0.15,0.35,4.76,0.32,50.0,0.03,0.0,0.03,0.0,0.0,0.0,0.09,0.0,0.0,0.0,0.0,0.0,0.0,0.0,3.0,1.32,2.71,0.26,1.29,0.0,0.03,0.06,0.0,0.09,0.0,0.0,0.0,0.32,36.82,29.74,7.09,80.75,14.5,15.24,6.71,0.21,15.22,1.12,36.19,34,30,2711,0.32,0.0,1.97,1.26,11.94,0.41,5.94,56.58,4.53,53.29,1.41,70.59
389,754710,La Liga,Valencia,Umar Sadiq,Forward,6.64,0.17,0.14,0.25,1.21,0.42,0.54,13.79,0.58,41.18,0.12,0.04,0.12,0.0,0.04,0.0,0.62,0.12,0.0,0.0,0.0,0.0,0.0,0.0,0.33,0.04,0.12,0.04,0.17,0.0,0.0,0.0,0.0,0.0,0.12,0.08,0.0,0.42,7.33,5.0,2.33,68.18,1.83,3.17,2.08,0.12,50.0,0.08,66.67,24,10,1051,0.17,0.0,1.33,0.88,6.96,1.42,2.79,33.0,1.71,31.78,1.08,35.14
390,976374,La Liga,Girona FC,Vladyslav Vanat,Forward,6.64,0.33,0.32,0.33,1.0,0.67,0.15,33.33,0.33,47.37,0.3,0.04,0.0,0.19,0.15,0.0,0.74,0.04,0.11,0.11,100.0,0.0,0.0,0.0,0.19,0.11,0.59,0.04,0.15,0.0,0.07,0.0,0.0,0.04,0.11,0.04,0.0,0.44,10.11,7.89,2.22,78.02,4.07,3.81,2.67,0.04,20.0,0.11,50.0,27,27,1960,0.15,0.0,1.04,0.63,4.89,0.52,1.78,35.56,1.15,36.9,0.63,33.33
391,851271,La Liga,Real Madrid,Fran García,Defender,6.64,0.08,0.06,0.08,0.46,0.15,0.23,16.67,0.23,33.33,0.08,0.0,0.0,0.08,0.0,0.0,0.08,0.0,0.0,0.0,0.0,0.0,0.0,0.0,1.46,0.54,1.69,0.31,0.38,0.0,0.0,0.0,0.0,0.15,0.0,0.08,0.0,0.38,34.15,30.38,3.77,88.96,12.54,17.85,9.0,0.46,21.43,1.08,56.0,13,10,933,0.0,0.08,0.54,1.08,8.0,0.62,3.31,53.09,2.77,59.02,0.54,35.0
392,909119,La Liga,Valencia,Hugo Duro,Forward,6.64,0.29,0.25,0.23,1.0,0.4,0.43,28.57,0.09,18.75,0.29,0.0,0.09,0.17,0.03,0.06,0.17,0.03,0.06,0.03,50.0,0.0,0.0,0.0,0.43,0.11,0.6,0.17,0.43,0.0,0.0,0.0,0.0,0.03,0.06,0.0,0.0,0.49,10.97,7.77,3.2,70.83,3.46,4.31,2.17,0.0,0.0,0.23,72.73,35,21,1909,0.14,0.0,0.6,1.03,5.49,0.34,2.77,38.19,1.54,48.21,1.23,30.28
393,1402716,La Liga,Real Madrid,Gonzalo García,Forward,6.64,0.17,0.17,0.21,0.69,0.34,0.28,25.0,0.1,21.43,0.14,0.03,0.03,0.03,0.1,0.0,0.0,0.0,0.0,0.0,0.0,0.0,0.0,0.0,0.38,0.1,0.31,0.0,0.14,0.0,0.0,0.0,0.0,0.0,0.07,0.03,0.0,0.41,7.86,6.62,1.24,84.21,2.41,4.21,2.03,0.0,0.0,0.07,100.0,29,8,914,0.07,0.0,0.31,0.17,3.0,0.28,1.34,45.88,0.62,36.73,0.72,58.33
394,844752,La Liga,Real Oviedo,Nacho Vidal,Defender,6.64,0.0,0.08,0.18,0.57,0.11,0.29,0.0,0.5,46.67,0.0,0.0,0.0,0.0,0.0,0.04,0.04,0.0,0.0,0.0,0.0,0.0,0.0,0.0,1.61,1.11,2.82,0.25,0.71,0.0,0.11,0.0,0.0,0.21,0.0,0.0,0.0,0.25,31.79,25.96,5.82,81.69,14.75,11.21,4.64,0.14,10.0,1.54,40.95,28,26,2200,0.14,0.0,0.86,0.96,9.61,0.25,3.75,55.26,3.0,55.63,0.75,53.85
395,891931,La Liga,Deportivo Alavés,Ander Guevara,Midfielder,6.63,0.04,0.01,0.0,0.21,0.04,0.12,20.0,0.21,50.0,0.04,0.0,0.0,0.04,0.0,0.04,0.0,0.0,0.0,0.0,0.0,0.0,0.0,0.0,0.5,0.29,1.12,0.08,0.5,0.0,0.08,0.0,0.0,0.0,0.08,0.04,0.0,0.25,18.67,15.38,3.29,82.37,7.25,8.12,3.29,0.12,42.86,0.83,52.63,24,2,668,0.08,0.04,0.46,0.21,4.58,0.5,1.54,42.05,0.92,36.07,0.62,55.56
396,1518564,La Liga,Sevilla,Miguel Sierra,Midfielder,6.63,0.0,0.04,0.0,1.0,0.25,0.75,0.0,0.5,100.0,0.0,0.0,0.0,0.0,0.0,0.0,0.0,0.0,0.0,0.0,0.0,0.0,0.0,0.0,1.0,0.0,0.5,0.0,0.0,0.0,0.0,0.0,0.0,0.0,0.0,0.0,0.0,0.0,6.0,3.75,2.25,62.5,2.0,1.75,1.25,0.25,25.0,0.25,25.0,4,0,63,0.0,0.0,0.25,0.75,3.75,0.25,2.25,69.23,2.25,81.82,0.0,0.0
397,316148,La Liga,Villarreal,Thomas Partey,Midfielder,6.63,0.0,0.03,0.0,0.44,0.08,0.24,0.0,0.32,80.0,0.0,0.0,0.0,0.0,0.0,0.0,0.0,0.0,0.0,0.0,0.0,0.0,0.0,0.0,0.72,0.56,0.72,0.16,0.36,0.08,0.04,0.04,0.0,0.08,0.0,0.0,0.0,0.32,21.88,18.92,2.96,86.47,9.72,9.2,4.16,0.12,75.0,0.88,56.41,25,8,930,0.04,0.0,0.44,0.24,4.24,0.52,1.84,51.11,1.28,50.79,0.56,51.85
398,227922,La Liga,Valencia,José Luis Gayà,Defender,6.63,0.03,0.03,0.03,0.41,0.09,0.19,7.69,0.34,45.83,0.03,0.0,0.0,0.03,0.0,0.06,0.09,0.0,0.0,0.0,0.0,0.0,0.0,0.0,2.16,0.72,2.69,0.22,0.59,0.03,0.03,0.0,0.0,0.16,0.09,0.06,0.0,0.78,28.88,24.22,4.66,83.87,12.34,11.88,6.31,0.59,21.59,1.03,39.29,32,31,2461,0.19,0.03,0.97,0.62,9.0,0.19,3.84,59.13,3.12,59.52,0.72,57.5
399,814360,La Liga,Osasuna,Juan Cruz,Defender,6.63,0.0,0.03,0.07,0.07,0.0,0.07,0.0,0.13,66.67,0.0,0.0,0.0,0.0,0.0,0.0,0.0,0.0,0.0,0.0,0.0,0.0,0.0,0.0,0.27,0.27,1.67,0.4,0.13,0.0,0.0,0.07,0.0,0.13,0.0,0.0,0.0,0.13,15.8,13.93,1.87,88.19,9.2,4.73,1.8,0.13,40.0,0.53,36.36,15,7,660,0.13,0.0,0.27,0.13,3.13,0.07,0.87,50.0,0.53,50.0,0.33,50.0
400,1895964,La Liga,Getafe,Ismael Bekhoucha,Defender,6.63,0.0,0.0,0.0,0.25,0.0,0.0,0.0,0.5,66.67,0.0,0.0,0.0,0.0,0.0,0.0,0.0,0.0,0.0,0.0,0.0,0.0,0.0,0.0,1.5,0.5,1.0,0.0,0.75,0.0,0.0,0.0,0.0,0.25,0.25,0.25,0.0,0.25,4.75,3.0,1.75,63.16,0.25,2.75,1.25,0.25,25.0,0.5,50.0,4,1,120,0.5,0.0,1.75,0.75,4.25,0.75,2.75,40.74,2.75,44.0,0.0,0.0
401,350560,La Liga,Getafe,Diego Rico,Defender,6.63,0.0,0.01,0.0,0.39,0.04,0.25,0.0,0.21,40.0,0.0,0.0,0.0,0.0,0.0,0.0,0.04,0.0,0.0,0.0,0.0,0.0,0.0,0.0,1.68,1.11,2.11,0.11,0.86,0.0,0.07,0.0,0.0,0.14,0.04,0.0,0.0,0.39,21.07,13.46,7.61,63.9,5.89,7.57,4.46,0.46,19.7,0.96,24.11,28,18,1767,0.14,0.0,0.79,1.25,12.68,0.21,3.93,55.84,3.14,60.27,0.79,43.14
402,877037,La Liga,Espanyol,Cyril Ngonge,Forward,6.63,0.0,0.05,0.11,1.22,0.44,0.78,0.0,0.56,26.32,0.0,0.0,0.0,0.0,0.0,0.11,0.56,0.0,0.0,0.0,0.0,0.0,0.22,0.0,0.78,0.44,0.22,0.0,0.22,0.0,0.0,0.0,0.0,0.0,0.44,0.22,0.0,0.89,13.56,10.11,3.44,74.59,4.11,6.0,3.78,0.67,23.08,0.67,42.86,9,6,426,0.44,0.0,1.0,1.33,9.67,0.89,3.56,47.76,2.67,43.64,0.89,66.67
403,576276,La Liga,Getafe,Domingos Duarte,Defender,6.63,0.03,0.03,0.0,0.36,0.12,0.21,8.33,0.0,0.0,0.03,0.0,0.03,0.0,0.0,0.0,0.09,0.0,0.0,0.0,0.0,0.0,0.0,0.0,0.94,1.06,6.0,0.48,0.3,0.0,0.03,0.06,0.03,0.24,0.03,0.03,0.0,0.06,26.27,20.12,6.15,76.59,13.21,6.91,2.3,0.0,0.0,2.24,41.57,33,33,2838,0.36,0.0,0.94,0.7,6.67,0.12,3.85,56.95,1.64,54.55,2.21,58.87
404,893642,La Liga,Mallorca,Marash Kumbulla,Defender,6.63,0.0,0.01,0.0,0.38,0.0,0.38,0.0,0.12,100.0,0.0,0.0,0.0,0.0,0.0,0.0,0.12,0.0,0.0,0.0,0.0,0.0,0.0,0.0,0.38,0.25,1.75,0.25,0.12,0.0,0.12,0.0,0.0,0.0,0.0,0.0,0.0,0.12,36.62,28.75,7.88,78.5,20.75,8.0,3.12,0.0,0.0,3.38,41.54,8,5,438,0.12,0.0,0.25,0.62,8.88,0.12,2.5,68.97,1.12,69.23,1.38,68.75
405,252815,La Liga,Sevilla,Fábio Cardoso,Defender,6.63,0.0,0.0,0.0,0.0,0.0,0.0,0.0,0.0,0.0,0.0,0.0,0.0,0.0,0.0,0.0,0.0,0.0,0.0,0.0,0.0,0.0,0.0,0.0,1.25,0.75,5.5,0.25,0.25,0.0,0.0,0.25,0.0,0.25,0.0,0.0,0.0,0.0,35.25,32.75,2.5,92.91,26.75,6.0,1.25,0.0,0.0,2.5,58.82,4,4,298,0.0,0.0,2.25,0.25,3.0,0.0,3.25,44.83,1.5,40.0,1.75,50.0
406,115665,La Liga,Real Betis,Cédric Bakambu,Forward,6.63,0.17,0.19,0.28,1.17,0.5,0.56,14.29,0.06,25.0,0.17,0.0,0.06,0.0,0.11,0.06,0.56,0.0,0.0,0.0,0.0,0.0,0.0,0.0,0.11,0.11,0.5,0.0,0.11,0.0,0.0,0.0,0.0,0.0,0.11,0.06,0.0,0.22,5.0,3.83,1.17,76.67,1.44,2.39,1.33,0.0,0.0,0.17,75.0,18,5,593,0.06,0.0,0.61,0.5,2.44,0.39,1.17,35.0,0.67,35.29,0.5,34.62
407,1173575,La Liga,Celta Vigo,Jones El-Abdellaoui,Forward,6.63,0.09,0.12,0.14,0.77,0.18,0.32,11.76,0.5,40.74,0.09,0.0,0.0,0.0,0.09,0.0,0.09,0.0,0.0,0.0,0.0,0.0,0.0,0.0,0.27,0.14,0.55,0.0,0.27,0.0,0.0,0.0,0.0,0.0,0.0,0.0,0.0,0.41,6.5,5.41,1.09,83.22,1.27,4.14,2.55,0.27,20.0,0.05,50.0,22,4,683,0.0,0.0,0.32,0.14,4.27,0.64,1.18,34.67,0.91,32.26,0.27,46.15
408,592012,La Liga,Athletic Club,Álex Berenguer,Midfielder,6.62,0.06,0.14,0.23,1.42,0.65,0.39,4.55,0.74,38.98,0.03,0.03,0.0,0.03,0.03,0.03,0.19,0.0,0.0,0.0,0.0,0.0,0.0,0.0,0.9,0.42,0.58,0.03,0.71,0.03,0.03,0.0,0.03,0.06,0.23,0.1,0.0,1.58,24.77,19.06,5.71,76.95,5.13,13.94,9.19,1.52,23.5,0.87,44.26,31,25,2164,0.13,0.0,0.87,1.23,15.35,1.45,3.84,39.27,2.84,40.37,1.0,36.47
409,866810,La Liga,Athletic Club,Andoni Gorosabel,Defender,6.62,0.0,0.01,0.0,0.22,0.04,0.17,0.0,0.52,60.0,0.0,0.0,0.0,0.0,0.0,0.0,0.0,0.0,0.0,0.0,0.0,0.0,0.0,0.0,1.61,0.65,1.65,0.09,0.7,0.0,0.04,0.0,0.0,0.09,0.09,0.04,0.0,0.65,23.83,20.39,3.43,85.58,8.39,12.0,5.87,0.48,20.75,0.22,21.74,23,15,1314,0.13,0.0,0.52,0.52,8.09,0.48,3.22,56.06,2.65,56.48,0.57,54.17
410,913695,La Liga,Valencia,José Copete,Defender,6.62,0.0,0.07,0.14,0.62,0.0,0.52,0.0,0.33,77.78,0.0,0.0,0.0,0.0,0.0,0.0,0.1,0.0,0.0,0.0,0.0,0.0,0.0,0.0,1.24,1.05,5.33,0.76,0.38,0.05,0.05,0.1,0.05,0.1,0.0,0.0,0.0,0.24,47.81,40.9,6.9,85.56,25.62,15.29,5.19,0.14,75.0,2.38,41.67,21,19,1768,0.24,0.0,0.95,0.52,7.67,0.14,3.81,57.14,2.1,57.14,1.71,57.14
411,879875,La Liga,Deportivo Alavés,Facundo Garcés,Defender,6.62,0.0,0.03,0.1,0.8,0.4,0.3,0.0,0.0,0.0,0.0,0.0,0.0,0.0,0.0,0.0,0.2,0.0,0.0,0.0,0.0,0.0,0.0,0.0,1.3,0.7,6.8,0.9,0.3,0.0,0.0,0.0,0.0,0.1,0.0,0.0,0.0,0.0,35.4,29.9,5.5,84.46,20.4,9.5,1.3,0.0,0.0,1.1,25.0,10,8,792,0.3,0.0,1.3,0.3,6.4,0.0,4.0,53.33,1.6,51.61,2.4,54.55
412,1120504,La Liga,Real Oviedo,Abdel Rahim,Defender,6.62,0.0,0.0,0.0,0.12,0.0,0.0,0.0,0.31,47.06,0.0,0.0,0.0,0.0,0.0,0.0,0.35,0.0,0.0,0.0,0.0,0.0,0.0,0.0,1.27,1.19,2.46,0.23,0.31,0.04,0.08,0.0,0.0,0.12,0.08,0.0,0.0,0.65,26.38,21.27,5.12,80.61,11.54,9.73,4.77,0.5,19.7,0.77,35.09,26,17,1649,0.08,0.0,0.38,0.27,10.15,0.15,2.58,62.04,1.85,61.54,0.73,63.33
413,34120,La Liga,Sevilla,Alexis Sánchez,Forward,6.62,0.15,0.12,0.11,0.89,0.3,0.37,16.67,0.26,35.0,0.15,0.0,0.04,0.0,0.11,0.0,0.41,0.0,0.04,0.04,100.0,0.0,0.04,0.0,0.74,0.26,0.15,0.0,0.56,0.0,0.07,0.0,0.0,0.04,0.04,0.07,0.0,0.96,15.74,11.7,4.04,74.35,3.41,8.3,5.7,0.22,26.09,0.44,42.86,27,10,1241,0.11,0.0,0.59,0.93,7.63,0.48,2.44,46.48,1.93,49.06,0.52,38.89
414,1008037,La Liga,Real Oviedo,Ilyas Chaira,Midfielder,6.62,0.17,0.2,0.2,2.29,1.0,0.74,7.5,0.86,29.41,0.14,0.03,0.03,0.06,0.09,0.06,0.51,0.03,0.0,0.0,0.0,0.0,0.0,0.0,1.4,0.14,0.31,0.14,0.83,0.03,0.0,0.0,0.0,0.06,0.09,0.06,0.0,0.49,18.37,15.29,3.09,83.2,6.89,8.4,5.17,0.31,15.07,0.31,57.89,35,29,2368,0.06,0.03,1.49,1.11,10.37,0.97,3.94,39.09,3.37,39.07,0.57,39.22
415,1939173,La Liga,Mallorca,Jan Virgili,Midfielder,6.62,0.07,0.08,0.03,1.07,0.53,0.17,6.25,1.53,43.4,0.07,0.0,0.0,0.03,0.03,0.03,0.07,0.07,0.0,0.0,0.0,0.0,0.13,0.0,0.5,0.23,0.3,0.07,0.47,0.0,0.0,0.03,0.0,0.0,0.23,0.13,0.0,0.97,13.13,9.93,3.2,75.63,2.93,7.0,4.27,0.4,25.53,0.23,50.0,30,19,1775,0.0,0.03,0.73,0.8,9.77,1.13,3.3,39.76,2.83,40.09,0.47,37.84
416,838159,La Liga,Real Sociedad,Igor Zubeldia,Defender,6.62,0.0,0.01,0.0,0.25,0.04,0.12,0.0,0.04,25.0,0.0,0.0,0.0,0.0,0.0,0.0,0.0,0.0,0.0,0.0,0.0,0.0,0.0,0.0,1.46,0.92,6.04,0.54,0.29,0.0,0.04,0.0,0.0,0.08,0.04,0.04,0.0,0.21,46.12,40.5,5.62,87.8,28.54,11.96,2.88,0.0,0.0,1.5,33.96,24,22,1998,0.38,0.0,1.5,0.21,6.17,0.04,3.67,47.31,1.67,47.06,2.0,47.52
417,35532,La Liga,Real Oviedo,Salomón Rondón,Forward,6.61,0.12,0.19,0.25,1.5,0.31,0.94,8.33,0.56,47.37,0.12,0.0,0.06,0.0,0.06,0.0,0.75,0.0,0.06,0.0,0.0,0.0,0.0,0.0,0.19,0.06,0.75,0.06,0.12,0.0,0.06,0.0,0.0,0.06,0.0,0.0,0.0,0.31,12.88,9.25,3.62,71.84,4.56,4.69,2.5,0.06,50.0,0.44,70.0,16,13,1037,0.12,0.0,0.69,1.31,7.56,1.31,4.81,48.13,2.0,42.67,2.81,52.94
418,974713,La Liga,Getafe,Luis Vázquez,Forward,6.61,0.19,0.12,0.06,1.44,0.56,0.69,13.04,0.19,25.0,0.19,0.0,0.0,0.12,0.06,0.06,1.0,0.12,0.0,0.0,0.0,0.0,0.0,0.0,0.31,0.25,0.75,0.06,0.19,0.0,0.06,0.0,0.0,0.06,0.0,0.0,0.0,0.12,11.81,6.81,5.0,57.67,2.0,4.81,2.88,0.0,0.0,0.19,60.0,16,13,1114,0.12,0.0,1.25,1.69,9.5,0.94,4.5,42.11,2.06,42.86,2.44,41.49
419,1869106,La Liga,Levante UD,Paco Cortés,Forward,6.61,0.0,0.04,0.0,1.0,0.33,0.08,0.0,0.75,39.13,0.0,0.0,0.0,0.0,0.0,0.0,0.08,0.0,0.0,0.0,0.0,0.0,0.0,0.0,0.33,0.17,0.33,0.08,0.33,0.0,0.0,0.0,0.0,0.0,0.17,0.0,0.0,0.5,8.75,6.75,2.0,77.14,2.67,4.08,2.08,0.08,4.76,0.08,16.67,12,4,476,0.17,0.0,0.5,0.5,6.67,0.75,1.67,37.74,1.58,38.0,0.08,33.33
420,1088565,La Liga,Espanyol,Ramón Terrats,Midfielder,6.61,0.04,0.05,0.0,0.5,0.11,0.29,7.14,0.29,33.33,0.04,0.0,0.0,0.04,0.0,0.04,0.04,0.0,0.0,0.0,0.0,0.0,0.04,0.0,0.79,0.39,0.25,0.18,0.36,0.0,0.0,0.0,0.0,0.0,0.14,0.07,0.0,0.57,8.86,6.86,2.0,77.42,2.39,4.46,2.68,0.25,23.33,0.39,52.38,28,11,1017,0.0,0.0,0.54,0.71,5.25,0.82,2.11,41.84,1.79,43.86,0.32,33.33
421,602164,La Liga,Elche,Jairo Izquierdo,Defender,6.6,0.0,0.0,0.0,0.0,0.0,0.0,0.0,0.0,0.0,0.0,0.0,0.0,0.0,0.0,0.0,0.0,0.0,0.0,0.0,0.0,0.0,0.0,0.0,0.0,0.0,0.0,0.0,0.0,0.0,0.0,0.0,0.0,0.0,0.0,0.0,0.0,0.0,13.0,11.0,2.0,84.62,6.0,5.0,1.0,0.0,0.0,1.0,100.0,1,0,25,0.0,0.0,0.0,0.0,6.0,1.0,0.0,0.0,0.0,0.0,0.0,0.0
422,2588613,La Liga,Mallorca,Miguel Calatayud,Defender,6.6,0.0,0.02,0.0,0.5,0.0,0.5,0.0,0.5,100.0,0.0,0.0,0.0,0.0,0.0,0.0,0.0,0.0,0.0,0.0,0.0,0.0,0.0,0.0,0.5,0.0,0.5,0.5,0.5,0.0,0.0,0.0,0.0,0.0,0.0,0.0,0.0,0.0,15.5,14.0,1.5,90.32,4.5,9.5,5.0,0.0,0.0,0.5,25.0,2,0,41,0.0,0.0,1.0,0.0,2.0,0.0,1.5,60.0,1.0,50.0,0.5,100.0
423,128637,La Liga,Getafe,Allan Nyom,Defender,6.6,0.0,0.01,0.0,0.21,0.07,0.07,0.0,0.07,33.33,0.0,0.0,0.0,0.0,0.0,0.0,0.07,0.0,0.0,0.0,0.0,0.0,0.0,0.0,0.57,0.07,1.29,0.0,0.21,0.0,0.0,0.0,0.0,0.0,0.07,0.07,0.07,0.43,11.14,7.0,4.14,62.82,3.57,3.43,1.36,0.43,75.0,0.93,34.21,14,6,434,0.43,0.07,0.93,0.43,5.5,0.21,2.21,55.36,1.07,42.86,1.14,76.19
424,1117026,La Liga,Elche,Federico Redondo,Midfielder,6.6,0.0,0.01,0.0,0.09,0.0,0.09,0.0,0.0,0.0,0.0,0.0,0.0,0.0,0.0,0.0,0.0,0.0,0.0,0.0,0.0,0.0,0.0,0.0,0.55,0.45,0.64,0.0,0.09,0.0,0.0,0.0,0.0,0.0,0.0,0.0,0.0,0.09,12.27,10.82,1.45,88.15,5.55,5.27,2.09,0.0,0.0,0.36,57.14,11,1,217,0.0,0.09,0.73,0.45,2.09,0.0,1.18,50.0,0.91,47.62,0.27,60.0
425,361790,La Liga,Girona FC,Donny van de Beek,Midfielder,6.6,0.0,0.04,0.0,1.0,0.5,0.5,0.0,0.0,0.0,0.0,0.0,0.0,0.0,0.0,0.0,0.5,0.0,0.0,0.0,0.0,0.0,0.0,0.0,0.0,0.0,1.0,0.5,0.0,0.0,0.0,0.0,0.0,0.0,0.0,0.0,0.0,0.0,6.5,6.0,0.5,92.31,2.0,4.0,2.5,0.0,0.0,0.0,0.0,2,1,41,0.0,0.0,0.0,0.0,1.0,0.0,0.0,0.0,0.0,0.0,0.0,0.0
426,357598,La Liga,Real Oviedo,Josip Brekalo,Midfielder,6.6,0.0,0.02,0.0,0.64,0.21,0.36,0.0,0.29,36.36,0.0,0.0,0.0,0.0,0.0,0.0,0.0,0.0,0.0,0.0,0.0,0.0,0.0,0.0,0.86,0.21,0.07,0.0,0.43,0.0,0.0,0.07,0.0,0.0,0.21,0.0,0.0,0.79,14.93,10.86,4.07,72.73,3.36,7.5,4.71,0.43,23.08,1.14,64.0,14,6,483,0.07,0.0,0.5,0.43,7.07,0.21,1.57,45.83,1.57,51.16,0.0,0.0
427,1590121,La Liga,Real Madrid,Jorge Cestero,Midfielder,6.6,0.0,0.0,0.0,0.0,0.0,0.0,0.0,0.0,0.0,0.0,0.0,0.0,0.0,0.0,0.0,0.0,0.0,0.0,0.0,0.0,0.0,0.0,0.0,0.5,0.0,0.5,0.0,1.0,0.0,0.0,0.0,0.0,0.0,0.0,0.0,0.0,0.0,3.0,2.0,1.0,66.67,1.5,0.5,0.5,0.0,0.0,0.0,0.0,2,0,12,0.0,0.0,0.0,0.0,1.0,0.0,0.5,33.33,0.5,33.33,0.0,0.0
428,758666,La Liga,Real Oviedo,Borja Sánchez,Midfielder,6.6,0.0,0.0,0.0,0.0,0.0,0.0,0.0,0.0,0.0,0.0,0.0,0.0,0.0,0.0,0.0,0.0,0.0,0.0,0.0,0.0,0.0,0.0,0.0,0.0,0.0,0.0,0.0,0.0,0.0,0.0,0.0,0.0,0.0,0.0,0.0,0.0,0.0,12.0,10.0,2.0,83.33,6.0,4.0,0.0,0.0,0.0,2.0,100.0,1,0,13,0.0,0.0,0.0,0.0,2.0,0.0,0.0,0.0,0.0,0.0,0.0,0.0
429,966836,La Liga,Getafe,Álex Sola,Forward,6.6,0.0,0.0,0.0,0.0,0.0,0.0,0.0,0.0,0.0,0.0,0.0,0.0,0.0,0.0,0.0,0.0,0.0,0.0,0.0,0.0,0.0,0.0,0.0,0.0,0.0,0.0,0.0,0.0,0.0,0.0,0.0,0.0,0.0,0.0,0.0,0.0,0.0,0.0,0.0,0.0,0.0,0.0,0.0,0.0,0.0,0.0,0.0,0.0,1,0,12,0.0,0.0,0.0,2.0,3.0,0.0,2.0,40.0,2.0,50.0,0.0,0.0
430,1216282,La Liga,Espanyol,Luca Koleosho,Forward,6.6,0.0,0.01,0.0,0.33,0.0,0.0,0.0,1.33,57.14,0.0,0.0,0.0,0.0,0.0,0.0,0.0,0.0,0.0,0.0,0.0,0.0,0.0,0.0,0.33,0.33,0.33,0.0,0.0,0.0,0.0,0.0,0.0,0.0,0.0,0.0,0.0,0.33,8.0,7.67,0.33,95.83,3.33,4.33,2.67,0.0,0.0,0.33,100.0,3,0,60,0.0,0.0,1.0,0.0,5.67,0.33,1.67,38.46,1.67,41.67,0.0,0.0
431,2216007,La Liga,Elche,Alex Sanchez,Forward,6.6,0.0,0.0,0.0,0.0,0.0,0.0,0.0,0.0,0.0,0.0,0.0,0.0,0.0,0.0,0.0,0.0,0.0,0.0,0.0,0.0,0.0,0.0,0.0,1.0,0.0,0.0,0.0,0.0,0.0,0.0,0.0,0.0,0.0,0.0,1.0,0.0,1.0,6.0,4.0,2.0,66.67,2.0,2.0,1.0,0.0,0.0,0.0,0.0,1,0,14,0.0,0.0,0.0,0.0,4.0,0.0,1.0,33.33,1.0,33.33,0.0,0.0
432,359742,La Liga,Athletic Club,Mikel Vesga,Midfielder,6.6,0.0,0.01,0.05,0.14,0.0,0.14,0.0,0.32,77.78,0.0,0.0,0.0,0.0,0.0,0.0,0.0,0.0,0.0,0.0,0.0,0.0,0.0,0.0,0.82,0.41,0.45,0.0,0.55,0.0,0.09,0.0,0.0,0.0,0.0,0.0,0.0,0.18,12.77,9.77,3.0,76.51,3.59,6.18,2.86,0.0,0.0,0.82,64.29,22,1,454,0.0,0.0,0.36,0.32,4.05,0.27,2.09,54.76,1.45,53.33,0.64,58.33
433,1832286,La Liga,Atlético Madrid,Jano Monserrate,Midfielder,6.6,0.0,0.01,0.0,0.5,0.5,0.0,0.0,0.5,50.0,0.0,0.0,0.0,0.0,0.0,0.0,0.0,0.0,0.0,0.0,0.0,0.0,0.0,0.0,1.0,0.0,0.5,0.0,1.0,0.0,0.0,0.0,0.0,0.0,0.0,0.0,0.0,0.0,7.0,6.5,0.5,92.86,1.0,5.5,2.5,0.0,0.0,0.0,0.0,2,0,28,0.0,0.0,1.0,0.5,3.0,0.0,2.5,50.0,2.0,44.44,0.5,100.0
434,1142683,La Liga,Real Madrid,Manuel Ángel Morán,Midfielder,6.6,0.0,0.01,0.0,0.5,0.25,0.0,0.0,0.25,50.0,0.0,0.0,0.0,0.0,0.0,0.0,0.0,0.0,0.0,0.0,0.0,0.0,0.0,0.0,1.0,0.0,0.25,0.0,0.5,0.0,0.0,0.0,0.25,0.0,0.0,0.0,0.0,0.0,17.25,15.5,1.75,89.86,5.0,10.5,4.75,0.0,0.0,0.25,100.0,4,1,95,0.0,0.0,0.5,1.0,3.0,0.25,2.25,60.0,2.25,60.0,0.0,0.0
435,2238900,La Liga,Villarreal,Carlos Maciá,Midfielder,6.6,0.0,0.02,0.0,0.25,0.0,0.25,0.0,0.25,100.0,0.0,0.0,0.0,0.0,0.0,0.0,0.0,0.0,0.0,0.0,0.0,0.0,0.0,0.0,1.25,0.5,0.5,0.0,0.25,0.0,0.0,0.0,0.0,0.0,0.0,0.0,0.0,0.0,9.5,8.0,1.5,84.21,2.0,6.0,2.0,0.0,0.0,0.0,0.0,4,0,77,0.25,0.0,0.25,0.0,2.25,0.0,1.5,75.0,1.5,75.0,0.0,0.0
436,989113,La Liga,Real Betis,Rodrigo Riquelme,Midfielder,6.6,0.04,0.09,0.16,0.96,0.28,0.36,4.17,0.44,28.21,0.04,0.0,0.0,0.0,0.04,0.08,0.04,0.0,0.0,0.0,0.0,0.0,0.0,0.0,0.64,0.2,0.28,0.0,0.64,0.0,0.0,0.0,0.0,0.0,0.04,0.04,0.0,0.56,12.36,10.28,2.08,83.17,3.28,7.0,4.44,0.2,22.73,0.28,41.18,25,7,838,0.08,0.0,0.32,0.44,5.24,0.68,1.68,35.9,1.52,36.54,0.16,30.77
437,1019236,La Liga,Espanyol,Jofre Carreras,Midfielder,6.59,0.04,0.07,0.0,0.8,0.2,0.28,5.0,0.64,38.1,0.04,0.0,0.0,0.0,0.04,0.0,0.08,0.0,0.0,0.0,0.0,0.0,0.0,0.0,0.32,0.24,0.32,0.0,0.36,0.0,0.0,0.0,0.0,0.0,0.08,0.0,0.0,0.52,7.64,5.64,2.0,73.82,1.8,3.84,1.8,0.32,22.86,0.08,25.0,25,8,849,0.04,0.0,0.48,1.0,5.72,0.24,2.08,46.02,1.96,48.04,0.12,27.27
438,905639,La Liga,Real Oviedo,Kwasi Sibo,Midfielder,6.59,0.0,0.01,0.0,0.35,0.08,0.15,0.0,0.15,80.0,0.0,0.0,0.0,0.0,0.0,0.04,0.0,0.0,0.0,0.0,0.0,0.0,0.0,0.0,1.31,0.58,1.38,0.23,0.62,0.0,0.12,0.0,0.0,0.12,0.0,0.0,0.0,0.12,26.12,22.65,3.46,86.75,13.65,9.0,3.42,0.0,0.0,1.12,67.44,26,21,1689,0.12,0.04,1.15,0.15,4.77,0.65,2.15,41.18,1.62,40.0,0.54,45.16
439,783374,La Liga,Athletic Club,Iñaki Williams,Midfielder,6.59,0.1,0.22,0.41,1.97,0.69,0.66,5.26,0.34,18.87,0.1,0.0,0.0,0.0,0.1,0.03,0.31,0.07,0.03,0.03,100.0,0.0,0.0,0.0,0.38,0.21,0.45,0.07,0.38,0.0,0.0,0.0,0.0,0.03,0.17,0.14,0.03,0.83,16.62,11.69,4.93,70.33,2.83,8.86,5.93,0.31,14.06,0.21,33.33,29,24,2078,0.07,0.0,0.9,0.79,11.97,1.17,2.52,33.95,1.52,28.21,1.0,49.15
440,1142094,La Liga,Sevilla,Manu Bueno,Midfielder,6.59,0.0,0.01,0.0,0.25,0.0,0.25,0.0,0.12,100.0,0.0,0.0,0.0,0.0,0.0,0.0,0.0,0.0,0.0,0.0,0.0,0.0,0.0,0.0,0.38,0.0,0.38,0.0,0.25,0.0,0.0,0.0,0.0,0.0,0.0,0.0,0.0,0.25,13.5,11.5,2.0,85.19,5.5,6.0,2.88,0.25,100.0,0.5,40.0,8,2,279,0.25,0.0,0.5,0.38,3.38,0.12,1.0,47.06,0.88,50.0,0.12,33.33
441,891511,La Liga,Espanyol,Javi Puado,Midfielder,6.59,0.2,0.35,0.6,1.5,0.9,0.6,13.33,0.5,35.71,0.2,0.0,0.1,0.0,0.1,0.0,0.0,0.0,0.2,0.1,50.0,0.0,0.0,0.0,0.4,0.3,0.3,0.1,0.5,0.0,0.0,0.0,0.0,0.0,0.2,0.0,0.0,1.0,19.9,16.7,3.2,83.92,6.2,10.5,6.8,0.5,25.0,0.6,66.67,10,8,678,0.2,0.0,1.1,0.6,7.7,0.5,1.7,30.36,1.5,34.88,0.2,15.38
442,962029,La Liga,Valencia,Lucas Beltrán,Forward,6.59,0.04,0.15,0.26,1.26,0.33,0.48,2.94,0.59,51.61,0.0,0.04,0.0,0.0,0.04,0.07,0.15,0.04,0.0,0.0,0.0,0.0,0.0,0.0,0.81,0.15,0.48,0.04,0.3,0.0,0.0,0.0,0.0,0.04,0.15,0.07,0.0,0.48,14.48,11.33,3.15,78.26,3.89,7.44,4.59,0.07,22.22,0.33,52.94,27,16,1366,0.04,0.0,0.96,1.44,7.41,1.26,3.78,44.93,2.85,49.04,0.93,35.71
443,1914318,La Liga,Mallorca,Marc Domenech,Forward,6.59,0.0,0.02,0.0,0.43,0.0,0.14,0.0,0.14,25.0,0.0,0.0,0.0,0.0,0.0,0.0,0.0,0.0,0.0,0.0,0.0,0.0,0.0,0.0,0.43,0.0,0.57,0.0,0.0,0.0,0.0,0.0,0.0,0.0,0.14,0.14,0.0,0.29,4.57,2.71,1.86,59.38,1.43,1.29,0.71,0.14,14.29,0.14,33.33,7,2,217,0.0,0.0,0.43,0.43,4.71,0.29,1.29,45.0,1.0,46.67,0.29,40.0
444,932764,La Liga,Rayo Vallecano,Randy Nteka,Forward,6.58,0.17,0.19,0.42,0.92,0.33,0.33,18.18,0.17,40.0,0.08,0.08,0.0,0.17,0.0,0.08,0.33,0.0,0.08,0.0,0.0,0.0,0.0,0.0,0.25,0.0,0.67,0.08,0.08,0.0,0.0,0.0,0.0,0.0,0.0,0.0,0.0,0.25,5.42,4.17,1.25,76.92,1.42,2.75,1.75,0.0,0.0,0.0,0.0,12,2,291,0.25,0.0,0.83,0.33,3.67,0.5,2.0,42.86,0.75,32.14,1.25,53.57
445,966801,La Liga,Athletic Club,Oihan Sancet,Midfielder,6.58,0.14,0.23,0.25,1.71,0.54,0.79,8.33,0.57,53.33,0.14,0.0,0.0,0.04,0.11,0.0,0.0,0.04,0.07,0.07,100.0,0.0,0.0,0.0,0.89,0.14,0.32,0.07,0.29,0.0,0.04,0.0,0.0,0.0,0.0,0.0,0.0,0.96,21.25,17.29,3.96,81.34,5.96,11.32,7.11,0.14,17.39,0.79,64.71,28,22,1803,0.14,0.04,1.0,1.0,8.36,1.11,3.14,44.22,2.46,46.0,0.68,38.78
446,873947,La Liga,Valencia,Dani Raba,Forward,6.58,0.0,0.03,0.0,0.77,0.08,0.23,0.0,0.23,33.33,0.0,0.0,0.0,0.0,0.0,0.0,0.0,0.0,0.0,0.0,0.0,0.0,0.15,0.0,0.54,0.31,0.08,0.0,0.08,0.0,0.0,0.0,0.0,0.0,0.08,0.08,0.0,0.15,9.38,7.54,1.85,80.33,2.0,5.54,3.46,0.08,7.14,0.92,85.71,13,3,291,0.0,0.0,0.46,0.15,4.77,0.46,0.92,35.29,0.92,38.71,0.0,0.0
447,1398524,La Liga,Celta Vigo,Pablo Durán,Forward,6.58,0.07,0.14,0.17,1.24,0.48,0.34,5.56,0.24,23.33,0.07,0.0,0.0,0.03,0.03,0.0,0.66,0.0,0.0,0.0,0.0,0.0,0.0,0.0,0.52,0.17,0.52,0.1,0.31,0.0,0.0,0.0,0.0,0.03,0.1,0.07,0.0,0.34,12.31,8.9,3.41,72.27,3.0,5.9,3.62,0.0,0.0,0.55,57.14,29,17,1415,0.03,0.0,0.52,0.41,6.28,0.45,1.62,38.21,1.17,36.96,0.45,41.94
448,1832076,La Liga,Atlético Madrid,Javi Morcillo,Midfielder,6.58,0.0,0.06,0.0,0.5,0.0,0.5,0.0,0.0,0.0,0.0,0.0,0.0,0.0,0.0,0.0,0.0,0.0,0.0,0.0,0.0,0.0,0.0,0.0,1.25,0.25,0.75,0.25,1.75,0.0,0.0,0.0,0.0,0.0,0.0,0.0,0.0,0.25,13.0,11.75,1.25,90.38,7.25,4.5,1.25,0.0,0.0,0.0,0.0,4,1,140,0.5,0.0,1.25,0.5,1.5,0.0,2.25,40.91,1.75,38.89,0.5,50.0
449,96369,La Liga,Getafe,Juanmi,Forward,6.58,0.12,0.02,0.25,0.25,0.12,0.12,50.0,0.12,50.0,0.12,0.0,0.0,0.0,0.12,0.0,0.38,0.0,0.0,0.0,0.0,0.0,0.0,0.0,0.25,0.0,0.0,0.0,0.25,0.0,0.0,0.0,0.0,0.0,0.0,0.0,0.0,0.38,4.5,3.0,1.5,66.67,1.0,2.0,0.88,0.0,0.0,0.0,0.0,8,0,176,0.0,0.0,0.25,0.12,2.62,0.25,1.12,37.5,0.5,36.36,0.62,38.46
450,789381,La Liga,Real Betis,Chimy Ávila,Forward,6.58,0.07,0.11,0.13,0.53,0.13,0.13,12.5,0.0,0.0,0.07,0.0,0.0,0.0,0.07,0.0,0.13,0.0,0.07,0.07,100.0,0.0,0.07,0.0,0.13,0.27,0.47,0.0,0.27,0.0,0.0,0.0,0.0,0.0,0.0,0.0,0.0,0.53,6.53,4.6,1.93,70.41,1.2,3.4,2.13,0.4,46.15,0.27,36.36,15,3,384,0.27,0.0,0.4,0.53,3.67,0.33,1.2,41.86,0.6,36.0,0.6,50.0
451,307702,La Liga,Getafe,Djené,Defender,6.58,0.0,0.0,0.0,0.12,0.0,0.06,0.0,0.26,90.0,0.0,0.0,0.0,0.0,0.0,0.0,0.0,0.03,0.0,0.0,0.0,0.0,0.0,0.0,1.06,1.03,4.26,0.29,0.29,0.0,0.06,0.0,0.0,0.24,0.0,0.0,0.0,0.06,23.44,18.44,5.0,78.67,10.56,7.88,3.12,0.0,0.0,1.5,38.35,34,32,2585,0.29,0.06,1.03,0.76,6.5,0.32,3.38,57.5,2.03,56.1,1.35,59.74
452,1402990,La Liga,Atlético Madrid,Julio Díaz,Defender,6.58,0.0,0.01,0.0,0.25,0.0,0.0,0.0,1.75,70.0,0.0,0.0,0.0,0.0,0.0,0.0,0.25,0.0,0.0,0.0,0.0,0.0,0.0,0.0,1.5,1.0,0.25,0.0,1.25,0.0,0.0,0.0,0.0,0.5,0.25,0.25,0.0,1.5,34.75,31.0,3.75,89.21,16.0,15.0,5.75,0.5,33.33,0.5,50.0,4,4,311,0.5,0.0,1.0,0.75,7.5,0.0,4.5,52.94,4.0,57.14,0.5,33.33
453,1392592,La Liga,Espanyol,Roberto Fernández,Forward,6.58,0.16,0.22,0.19,1.51,0.57,0.59,10.71,0.24,39.13,0.14,0.03,0.08,0.0,0.08,0.03,0.22,0.03,0.03,0.03,100.0,0.0,0.0,0.0,0.3,0.19,0.7,0.14,0.35,0.0,0.03,0.0,0.0,0.11,0.16,0.08,0.0,0.49,9.46,6.57,2.89,69.43,2.43,4.14,2.32,0.03,11.11,0.08,42.86,37,24,2320,0.08,0.0,1.05,1.16,6.49,0.95,3.16,35.56,1.59,38.82,1.57,32.77
454,1094758,La Liga,Elche,John Donald,Defender,6.57,0.05,0.04,0.05,0.3,0.1,0.15,16.67,0.1,33.33,0.05,0.0,0.0,0.0,0.05,0.0,0.0,0.0,0.0,0.0,0.0,0.0,0.0,0.0,0.75,0.35,0.8,0.05,0.2,0.0,0.0,0.0,0.0,0.05,0.0,0.0,0.0,0.05,14.15,12.65,1.5,89.4,5.65,7.0,2.7,0.0,0.0,0.4,72.73,20,6,638,0.15,0.0,0.85,0.3,3.3,0.3,1.75,47.3,1.15,44.23,0.6,54.55
455,1399702,La Liga,Osasuna,Asier Osambela,Defender,6.57,0.06,0.02,0.0,0.31,0.12,0.19,20.0,0.0,0.0,0.0,0.06,0.0,0.0,0.06,0.0,0.0,0.0,0.0,0.0,0.0,0.0,0.0,0.0,0.38,0.25,1.12,0.25,0.19,0.0,0.0,0.0,0.0,0.0,0.06,0.0,0.0,0.19,9.75,6.94,2.81,71.15,3.75,3.19,1.75,0.0,0.0,0.31,29.41,16,2,363,0.06,0.06,0.88,0.06,3.69,0.0,1.38,42.31,0.38,24.0,1.0,59.26
456,1520814,La Liga,Getafe,Alejandro Mestanza,Midfielder,6.57,0.0,0.01,0.0,0.33,0.0,0.33,0.0,0.67,100.0,0.0,0.0,0.0,0.0,0.0,0.0,0.33,0.0,0.0,0.0,0.0,0.0,0.0,0.0,0.67,0.0,0.0,0.0,0.0,0.0,0.0,0.0,0.0,0.0,0.0,0.0,0.0,0.0,7.67,5.67,2.0,73.91,1.67,4.0,1.33,0.0,0.0,0.0,0.0,3,1,79,0.0,0.0,0.33,0.67,5.0,0.33,2.33,77.78,2.0,75.0,0.33,100.0
457,891505,La Liga,Levante UD,Goduine Koyalipou,Forward,6.57,0.09,0.09,0.09,0.91,0.36,0.09,10.0,0.82,60.0,0.09,0.0,0.0,0.0,0.09,0.0,0.27,0.0,0.0,0.0,0.0,0.0,0.0,0.0,0.36,0.09,0.36,0.0,0.09,0.0,0.0,0.0,0.0,0.0,0.09,0.0,0.0,0.09,4.91,2.82,2.09,57.41,1.0,1.82,1.27,0.09,100.0,0.0,0.0,11,2,239,0.09,0.0,0.18,0.09,4.0,1.0,1.91,42.86,1.27,41.18,0.64,46.67
458,1926085,La Liga,FC Barcelona,Dro Fernández,Midfielder,6.57,0.0,0.0,0.0,0.0,0.0,0.0,0.0,1.0,100.0,0.0,0.0,0.0,0.0,0.0,0.0,0.25,0.0,0.0,0.0,0.0,0.0,0.0,0.0,0.25,0.0,0.0,0.0,0.25,0.0,0.0,0.0,0.0,0.0,0.0,0.0,0.0,0.5,11.75,10.0,1.75,85.11,1.75,8.25,4.0,0.0,0.0,0.25,100.0,4,1,90,0.0,0.0,0.25,0.25,2.5,0.5,2.0,61.54,1.5,60.0,0.5,66.67
459,1468090,La Liga,Villarreal,Alfon González,Forward,6.56,0.1,0.09,0.1,0.85,0.5,0.05,11.76,0.3,26.09,0.1,0.0,0.0,0.0,0.1,0.0,0.05,0.0,0.0,0.0,0.0,0.0,0.0,0.0,0.15,0.1,0.35,0.0,0.25,0.0,0.0,0.0,0.0,0.05,0.0,0.0,0.0,0.45,6.6,5.4,1.2,81.82,1.65,3.75,2.55,0.2,30.77,0.05,25.0,20,7,655,0.0,0.0,0.5,0.4,4.5,0.9,0.95,25.33,0.85,25.37,0.1,25.0
460,949722,La Liga,Mallorca,Antonio Sánchez,Midfielder,6.56,0.0,0.01,0.03,0.21,0.1,0.1,0.0,0.17,41.67,0.0,0.0,0.0,0.0,0.0,0.0,0.03,0.0,0.0,0.0,0.0,0.0,0.0,0.0,0.69,0.41,0.76,0.1,0.62,0.0,0.03,0.0,0.0,0.0,0.1,0.0,0.0,0.34,12.52,9.9,2.62,79.06,4.52,5.38,2.72,0.17,17.24,0.48,35.0,29,9,1060,0.1,0.03,0.52,0.34,5.0,0.62,1.38,38.46,1.21,38.04,0.17,41.67
461,1391752,La Liga,Atlético Madrid,Rodrigo Mendoza,Midfielder,6.56,0.04,0.07,0.04,0.71,0.17,0.25,5.88,0.83,54.05,0.04,0.0,0.0,0.0,0.04,0.04,0.08,0.0,0.0,0.0,0.0,0.0,0.0,0.0,0.67,0.17,0.54,0.08,0.33,0.0,0.04,0.0,0.0,0.0,0.08,0.04,0.0,0.62,26.79,22.88,3.92,85.38,9.38,13.5,6.96,0.25,33.33,1.04,59.52,24,14,1231,0.25,0.0,1.25,0.96,7.83,0.92,2.75,40.49,2.46,44.03,0.29,24.14
462,966637,La Liga,Rayo Vallecano,Fran Pérez,Midfielder,6.56,0.07,0.08,0.1,0.59,0.28,0.21,11.76,0.48,46.67,0.07,0.0,0.0,0.0,0.07,0.03,0.21,0.0,0.0,0.0,0.0,0.0,0.0,0.0,0.52,0.07,0.24,0.07,0.48,0.0,0.0,0.0,0.0,0.0,0.1,0.03,0.0,0.45,10.48,8.62,1.86,82.24,3.24,5.38,3.34,0.24,14.58,0.17,50.0,29,12,1250,0.14,0.0,0.62,0.52,5.76,0.55,1.55,35.16,1.52,40.74,0.03,5.0
463,352544,La Liga,Osasuna,Sheraldo Becker,Forward,6.56,0.0,0.01,0.0,0.33,0.0,0.11,0.0,0.0,0.0,0.0,0.0,0.0,0.0,0.0,0.0,0.11,0.0,0.0,0.0,0.0,0.0,0.0,0.0,0.22,0.33,0.44,0.0,0.0,0.0,0.0,0.0,0.0,0.0,0.0,0.0,0.0,0.22,5.0,3.56,1.44,71.11,1.78,1.78,0.78,0.11,9.09,0.22,50.0,9,0,171,0.0,0.0,0.44,0.11,3.89,0.33,0.33,18.75,0.33,25.0,0.0,0.0
464,984789,La Liga,Levante UD,Manuel Sánchez,Defender,6.56,0.03,0.02,0.03,0.41,0.12,0.19,7.69,0.38,36.36,0.03,0.0,0.03,0.0,0.0,0.0,0.06,0.0,0.0,0.0,0.0,0.0,0.0,0.0,2.44,0.97,2.56,0.16,0.94,0.0,0.03,0.0,0.0,0.22,0.06,0.06,0.0,0.5,27.88,22.78,5.09,81.73,11.53,11.25,5.94,0.41,19.7,0.88,30.43,32,30,2728,0.25,0.0,1.09,0.66,10.28,0.44,4.12,50.77,3.47,52.86,0.66,42.0
465,53739,La Liga,Getafe,Kiko Femenía,Defender,6.56,0.04,0.02,0.04,0.29,0.11,0.14,12.5,0.25,35.0,0.04,0.0,0.0,0.0,0.04,0.0,0.18,0.0,0.0,0.0,0.0,0.0,0.0,0.0,1.39,1.21,1.57,0.07,0.54,0.07,0.0,0.0,0.0,0.07,0.07,0.04,0.0,0.61,21.46,16.61,4.86,77.37,7.79,8.82,5.36,0.36,23.81,0.86,43.64,28,25,2020,0.21,0.0,0.75,0.39,8.79,0.43,2.68,49.34,2.04,49.57,0.64,48.65
466,794937,La Liga,Deportivo Alavés,Carles Aleñá,Midfielder,6.56,0.0,0.08,0.06,0.88,0.15,0.41,0.0,0.38,46.43,0.0,0.0,0.0,0.0,0.0,0.0,0.03,0.0,0.0,0.0,0.0,0.0,0.0,0.0,1.09,0.29,0.65,0.06,0.74,0.03,0.03,0.0,0.0,0.0,0.18,0.12,0.0,1.12,25.0,21.32,3.68,85.29,6.94,14.38,8.06,1.15,31.45,0.65,42.31,34,23,1995,0.15,0.0,1.12,1.06,8.76,1.06,2.94,43.29,2.53,43.65,0.41,41.18
467,945404,La Liga,Real Oviedo,Javi López,Defender,6.56,0.0,0.02,0.04,0.29,0.04,0.08,0.0,0.75,45.0,0.0,0.0,0.0,0.0,0.0,0.0,0.08,0.0,0.0,0.0,0.0,0.0,0.0,0.0,1.79,0.83,2.29,0.08,0.54,0.0,0.0,0.0,0.0,0.12,0.08,0.04,0.04,0.79,30.58,24.42,6.17,79.84,13.62,10.79,4.75,0.75,30.51,1.21,35.37,24,20,1713,0.12,0.04,1.58,1.08,12.25,0.42,4.12,48.53,3.54,51.52,0.58,35.9
468,1012409,La Liga,Athletic Club,Beñat Prados,Midfielder,6.55,0.0,0.02,0.0,0.5,0.0,0.5,0.0,0.5,50.0,0.0,0.0,0.0,0.0,0.0,0.0,0.0,0.0,0.0,0.0,0.0,0.0,0.0,0.0,1.5,1.0,0.0,0.0,0.5,0.0,0.0,0.0,0.0,0.0,0.0,0.0,0.0,1.0,24.5,18.5,6.0,75.51,8.0,10.5,2.0,0.0,0.0,0.5,50.0,2,1,85,0.5,0.0,2.5,0.0,8.0,0.5,3.0,42.86,2.0,33.33,1.0,100.0
469,900669,La Liga,Rayo Vallecano,Pedro Díaz,Midfielder,6.55,0.0,0.05,0.03,1.33,0.18,0.7,0.0,0.45,51.72,0.0,0.0,0.0,0.0,0.0,0.03,0.0,0.0,0.0,0.0,0.0,0.0,0.03,0.0,1.06,0.21,0.45,0.03,0.88,0.0,0.0,0.0,0.0,0.06,0.09,0.03,0.0,0.67,22.36,19.06,3.3,85.23,7.76,11.3,6.15,0.18,15.79,0.67,59.46,33,20,1791,0.09,0.0,0.61,0.33,6.7,0.58,2.24,44.05,1.85,42.96,0.39,50.0
470,792073,La Liga,Real Madrid,Ferland Mendy,Defender,6.55,0.0,0.0,0.0,0.0,0.0,0.0,0.0,0.4,66.67,0.0,0.0,0.0,0.0,0.0,0.0,0.0,0.0,0.0,0.0,0.0,0.0,0.0,0.0,0.2,0.4,0.2,0.0,0.0,0.2,0.0,0.0,0.0,0.0,0.0,0.0,0.0,0.0,31.6,29.2,2.4,92.41,11.0,18.2,6.6,0.0,0.0,0.4,50.0,5,3,206,0.0,0.0,0.4,0.2,3.0,0.0,1.2,54.55,0.8,57.14,0.4,50.0
471,851282,La Liga,Valencia,Thierry Correia,Defender,6.55,0.0,0.02,0.0,0.22,0.04,0.04,0.0,0.35,50.0,0.0,0.0,0.0,0.0,0.0,0.0,0.17,0.0,0.0,0.0,0.0,0.0,0.0,0.0,1.3,0.74,1.17,0.0,0.17,0.0,0.04,0.04,0.0,0.09,0.13,0.09,0.0,0.57,28.13,22.96,5.17,81.61,9.96,13.0,6.26,0.26,15.0,0.78,36.0,23,17,1384,0.17,0.0,1.22,1.04,9.57,0.43,3.3,51.35,2.7,55.86,0.61,37.84
472,353154,La Liga,Getafe,Javier Muñoz,Midfielder,6.54,0.0,0.02,0.0,0.76,0.35,0.41,0.0,0.24,57.14,0.0,0.0,0.0,0.0,0.0,0.0,0.0,0.0,0.0,0.0,0.0,0.0,0.0,0.0,0.47,0.41,0.35,0.06,0.12,0.0,0.0,0.0,0.0,0.0,0.0,0.0,0.0,0.41,11.0,7.59,3.41,68.98,2.0,5.59,3.06,0.12,18.18,0.41,36.84,17,4,560,0.0,0.0,0.53,0.12,5.35,0.41,1.06,40.0,0.82,40.0,0.24,40.0
473,309546,La Liga,Mallorca,Takuma Asano,Midfielder,6.54,0.05,0.07,0.11,0.63,0.11,0.47,8.33,0.11,20.0,0.05,0.0,0.0,0.05,0.0,0.0,0.42,0.0,0.0,0.0,0.0,0.0,0.0,0.0,0.68,0.11,0.21,0.0,0.16,0.0,0.0,0.0,0.0,0.0,0.11,0.0,0.0,0.11,5.53,4.05,1.47,73.33,1.32,2.74,1.79,0.05,9.09,0.0,0.0,19,7,620,0.11,0.0,0.42,0.53,4.16,0.63,1.63,39.74,1.32,45.45,0.32,26.09
474,758664,La Liga,Espanyol,Charles Pickel,Midfielder,6.54,0.04,0.03,0.04,0.42,0.17,0.08,10.0,0.21,83.33,0.04,0.0,0.0,0.04,0.0,0.0,0.0,0.0,0.0,0.0,0.0,0.0,0.0,0.0,0.54,0.25,0.5,0.12,0.25,0.0,0.0,0.0,0.0,0.04,0.0,0.0,0.0,0.08,10.46,8.38,2.08,80.08,4.17,4.21,2.12,0.0,0.0,0.25,50.0,24,4,712,0.08,0.08,0.62,0.08,2.83,0.33,1.62,44.83,0.83,40.0,0.79,51.35
475,848512,La Liga,Elche,Grady Diangana,Midfielder,6.54,0.05,0.06,0.1,0.8,0.1,0.25,6.25,0.5,31.25,0.0,0.05,0.0,0.05,0.0,0.0,0.25,0.0,0.0,0.0,0.0,0.0,0.0,0.0,0.7,0.2,0.45,0.15,0.3,0.0,0.05,0.05,0.0,0.0,0.1,0.0,0.0,0.5,14.7,12.3,2.4,83.67,4.4,7.9,4.35,0.1,16.67,0.15,42.86,20,13,929,0.15,0.0,0.75,0.95,6.5,0.9,2.45,40.5,2.1,41.18,0.35,36.84
476,1542721,La Liga,Elche,Buba Sangare,Defender,6.54,0.0,0.01,0.0,0.09,0.0,0.09,0.0,0.36,25.0,0.0,0.0,0.0,0.0,0.0,0.0,0.0,0.0,0.0,0.0,0.0,0.0,0.0,0.0,1.82,0.55,1.0,0.09,0.09,0.0,0.18,0.0,0.0,0.0,0.09,0.0,0.0,0.09,20.91,17.82,3.09,85.22,9.0,8.82,3.55,0.0,0.0,0.64,43.75,11,7,512,0.18,0.0,1.82,0.55,6.73,0.27,3.36,46.25,2.64,46.77,0.73,44.44
477,605672,La Liga,Athletic Club,Gorka Guruzeta,Forward,6.54,0.26,0.3,0.26,2.35,0.91,0.88,11.25,0.21,20.59,0.26,0.0,0.06,0.03,0.18,0.06,0.29,0.0,0.03,0.03,100.0,0.0,0.0,0.0,0.56,0.32,0.5,0.06,0.53,0.0,0.0,0.0,0.0,0.03,0.21,0.09,0.0,0.74,14.74,9.94,4.79,67.47,3.15,6.79,4.29,0.03,14.29,0.47,57.14,34,27,2297,0.12,0.03,1.41,0.85,8.35,0.44,3.88,38.15,1.62,34.81,2.26,40.96
478,1515554,La Liga,Getafe,Adrian Liso,Forward,6.54,0.11,0.08,0.07,0.96,0.37,0.22,11.54,0.56,36.59,0.04,0.07,0.0,0.07,0.04,0.04,0.59,0.04,0.0,0.0,0.0,0.0,0.0,0.0,1.04,0.15,0.26,0.07,0.74,0.0,0.0,0.0,0.0,0.11,0.0,0.0,0.0,0.15,9.78,6.81,2.96,69.7,2.3,4.52,2.81,0.22,14.63,0.07,28.57,27,20,1641,0.11,0.04,1.37,1.52,9.52,0.96,4.3,38.16,3.07,43.68,1.22,28.95
479,1084043,La Liga,Deportivo Alavés,Ibrahim Diabaté,Forward,6.54,0.22,0.19,0.33,1.56,0.56,0.67,14.29,0.11,50.0,0.22,0.0,0.0,0.0,0.11,0.0,0.33,0.0,0.0,0.0,0.0,0.0,0.0,0.0,0.44,0.22,0.67,0.0,0.22,0.0,0.0,0.0,0.0,0.0,0.0,0.0,0.0,0.22,9.56,5.89,3.67,61.63,1.89,4.0,2.44,0.0,0.0,0.0,0.0,9,6,575,0.11,0.0,0.67,0.44,6.44,0.56,2.56,36.51,1.0,40.91,1.56,34.15
480,828239,La Liga,Mallorca,Toni Lato,Defender,6.54,0.0,0.0,0.0,0.0,0.0,0.0,0.0,0.64,77.78,0.0,0.0,0.0,0.0,0.0,0.0,0.0,0.0,0.0,0.0,0.0,0.0,0.0,0.0,0.82,0.45,1.09,0.27,0.55,0.0,0.0,0.0,0.0,0.0,0.09,0.09,0.0,0.36,16.0,13.0,3.0,81.25,6.64,6.36,2.73,0.55,33.33,0.82,47.37,11,6,514,0.27,0.0,0.45,0.09,5.91,0.64,1.82,40.0,1.55,45.95,0.27,23.08
481,914835,La Liga,Real Betis,Junior Firpo,Defender,6.53,0.0,0.04,0.0,0.42,0.0,0.25,0.0,0.33,50.0,0.0,0.0,0.0,0.0,0.0,0.0,0.08,0.0,0.0,0.0,0.0,0.0,0.0,0.0,2.0,0.83,2.92,0.08,0.67,0.08,0.0,0.0,0.0,0.0,0.17,0.08,0.0,0.67,31.92,27.0,4.92,84.6,13.58,13.42,6.83,0.42,26.32,0.17,15.38,12,10,832,0.17,0.0,0.92,0.67,8.58,0.42,4.17,58.82,3.0,56.25,1.17,66.67
482,1099344,La Liga,Espanyol,Antoniu Roca,Midfielder,6.53,0.0,0.02,0.0,0.33,0.0,0.08,0.0,0.75,50.0,0.0,0.0,0.0,0.0,0.0,0.0,0.0,0.0,0.0,0.0,0.0,0.0,0.0,0.0,0.58,0.17,0.0,0.0,0.25,0.0,0.08,0.0,0.0,0.0,0.0,0.0,0.0,0.33,4.25,3.0,1.25,70.59,0.58,2.42,2.0,0.42,71.43,0.0,0.0,12,2,253,0.17,0.0,0.67,0.67,2.92,0.25,2.17,46.43,2.0,51.06,0.17,22.22
483,1066045,La Liga,Real Sociedad,Arsen Zakharyan,Midfielder,6.53,0.0,0.06,0.12,0.82,0.18,0.29,0.0,0.06,8.33,0.0,0.0,0.0,0.0,0.0,0.0,0.24,0.0,0.0,0.0,0.0,0.0,0.0,0.0,0.59,0.12,0.06,0.0,0.29,0.0,0.0,0.0,0.0,0.0,0.18,0.0,0.0,0.59,12.71,10.12,2.59,79.63,2.65,7.47,4.53,0.29,19.23,0.82,63.64,17,3,448,0.12,0.0,0.53,0.12,5.71,0.18,0.88,31.91,0.76,32.5,0.12,28.57
484,981604,La Liga,Rayo Vallecano,Alemão,Forward,6.53,0.16,0.14,0.2,0.96,0.48,0.28,16.67,0.24,50.0,0.16,0.0,0.08,0.04,0.04,0.0,0.16,0.0,0.0,0.0,0.0,0.0,0.0,0.0,0.2,0.04,0.52,0.08,0.36,0.0,0.0,0.0,0.0,0.04,0.0,0.0,0.0,0.28,7.16,4.88,2.28,68.16,1.72,3.16,1.84,0.04,20.0,0.12,42.86,25,11,1120,0.12,0.0,0.88,1.08,5.76,0.6,2.24,39.16,1.52,44.19,0.72,31.58
485,910026,La Liga,Girona FC,Bryan Gil,Midfielder,6.53,0.0,0.1,0.11,0.93,0.21,0.29,0.0,1.11,39.74,0.0,0.0,0.0,0.0,0.0,0.0,0.21,0.0,0.0,0.0,0.0,0.0,0.0,0.0,1.11,0.32,0.36,0.04,0.64,0.04,0.0,0.0,0.0,0.0,0.21,0.11,0.0,0.75,18.0,15.04,2.96,83.53,5.79,9.25,5.89,0.43,23.53,0.29,42.11,28,19,1539,0.18,0.0,0.64,1.32,9.93,1.61,3.68,42.39,3.54,43.81,0.14,23.53
486,149606,La Liga,Levante UD,Jeremy Toljan,Defender,6.53,0.03,0.03,0.0,0.25,0.03,0.11,11.11,0.14,27.78,0.03,0.0,0.0,0.0,0.03,0.0,0.06,0.0,0.0,0.0,0.0,0.0,0.0,0.0,1.78,0.86,2.53,0.44,0.61,0.0,0.0,0.03,0.03,0.22,0.31,0.11,0.0,0.78,30.61,23.58,7.03,77.04,13.0,10.58,4.81,0.78,37.84,1.5,33.13,36,36,3083,0.19,0.0,0.86,0.53,10.97,0.28,2.81,48.56,2.44,53.99,0.36,28.89
487,135116,La Liga,Girona FC,David López,Defender,6.53,0.0,0.11,0.2,0.2,0.2,0.0,0.0,0.2,100.0,0.0,0.0,0.0,0.0,0.0,0.0,0.2,0.0,0.0,0.0,0.0,0.0,0.0,0.0,0.4,0.0,1.2,0.2,0.0,0.0,0.4,0.0,0.0,0.0,0.0,0.0,0.0,0.0,35.4,31.2,4.2,88.14,22.2,9.0,2.0,0.0,0.0,2.6,48.15,5,2,216,0.0,0.0,0.2,0.0,4.4,0.0,1.2,60.0,0.6,75.0,0.6,50.0
488,1391375,La Liga,Athletic Club,Unai Gómez,Midfielder,6.52,0.04,0.09,0.12,0.92,0.28,0.44,4.35,0.24,40.0,0.04,0.0,0.0,0.04,0.0,0.04,0.16,0.0,0.0,0.0,0.0,0.0,0.0,0.0,0.52,0.04,0.24,0.04,0.28,0.0,0.04,0.0,0.0,0.0,0.0,0.04,0.0,0.32,8.64,6.48,2.16,75.0,2.28,4.2,2.52,0.16,17.39,0.2,38.46,25,11,889,0.04,0.0,0.36,0.24,4.64,0.36,1.64,38.68,0.96,41.38,0.68,35.42
489,928672,La Liga,Elche,Adrià Pedrosa,Defender,6.52,0.04,0.02,0.04,0.46,0.12,0.15,8.33,0.19,18.52,0.04,0.0,0.0,0.04,0.0,0.0,0.04,0.0,0.0,0.0,0.0,0.0,0.0,0.0,1.27,0.54,1.46,0.04,0.42,0.04,0.0,0.0,0.0,0.0,0.15,0.04,0.0,0.88,16.19,13.58,2.62,83.85,6.04,7.54,3.77,0.65,32.69,0.46,33.33,26,8,1077,0.15,0.0,0.69,0.35,6.38,0.19,2.08,43.2,1.81,45.63,0.27,31.82
490,1177401,La Liga,Levante UD,Alan Matturro,Defender,6.52,0.05,0.03,0.0,0.42,0.05,0.16,12.5,0.0,0.0,0.05,0.0,0.05,0.0,0.0,0.0,0.0,0.0,0.0,0.0,0.0,0.0,0.0,0.0,1.11,0.32,4.11,0.32,0.16,0.0,0.05,0.0,0.0,0.05,0.11,0.05,0.0,0.21,24.95,20.58,4.37,82.49,16.42,4.16,1.68,0.0,0.0,1.0,25.68,19,10,957,0.0,0.05,0.37,0.53,5.47,0.16,2.53,61.54,1.63,65.96,0.89,54.84
491,1649919,La Liga,Levante UD,Kareem Tunde,Midfielder,6.52,0.0,0.06,0.05,0.95,0.1,0.55,0.0,0.75,48.39,0.0,0.0,0.0,0.0,0.0,0.05,0.05,0.0,0.0,0.0,0.0,0.0,0.0,0.0,1.0,0.7,0.15,0.0,0.3,0.0,0.0,0.0,0.0,0.0,0.05,0.05,0.0,0.3,10.75,8.3,2.45,77.21,2.95,5.35,2.65,0.05,9.09,0.25,50.0,20,16,1106,0.15,0.0,0.8,1.05,6.2,0.75,3.35,49.63,2.8,52.83,0.55,37.93
492,1402688,La Liga,Real Madrid,César Palacios,Midfielder,6.52,0.0,0.03,0.0,0.4,0.0,0.2,0.0,0.4,66.67,0.0,0.0,0.0,0.0,0.0,0.0,0.0,0.0,0.0,0.0,0.0,0.0,0.0,0.0,0.6,0.6,0.0,0.0,0.4,0.0,0.0,0.0,0.0,0.0,0.0,0.0,0.0,0.2,10.6,9.6,1.0,90.57,4.6,5.0,1.8,0.0,0.0,0.2,100.0,5,0,87,0.0,0.0,0.8,0.6,2.4,0.2,1.6,50.0,1.6,50.0,0.0,0.0
493,1162309,La Liga,Mallorca,Javi Llabrés,Midfielder,6.51,0.0,0.03,0.12,0.31,0.12,0.19,0.0,0.06,20.0,0.0,0.0,0.0,0.0,0.0,0.0,0.0,0.0,0.0,0.0,0.0,0.0,0.0,0.0,0.31,0.0,0.25,0.0,0.06,0.0,0.0,0.0,0.0,0.0,0.0,0.0,0.0,0.06,3.81,3.0,0.81,78.69,1.19,1.81,1.0,0.12,20.0,0.06,20.0,16,1,224,0.0,0.0,0.25,0.19,2.19,0.25,0.62,40.0,0.56,40.91,0.06,33.33
494,966441,La Liga,Real Sociedad,Aihen Muñoz,Defender,6.51,0.05,0.02,0.05,0.3,0.1,0.2,16.67,0.2,30.77,0.05,0.0,0.0,0.05,0.0,0.0,0.0,0.0,0.0,0.0,0.0,0.0,0.0,0.0,1.35,0.25,1.7,0.05,0.85,0.0,0.0,0.0,0.0,0.0,0.0,0.0,0.0,0.25,15.2,12.7,2.5,83.55,6.15,6.55,3.25,0.35,31.82,0.5,33.33,20,9,863,0.05,0.0,0.35,0.15,5.2,0.1,2.0,47.06,1.6,47.76,0.4,44.44
495,1939137,La Liga,FC Barcelona,Tomás Marqués,Midfielder,6.5,0.0,0.0,0.0,0.0,0.0,0.0,0.0,0.0,0.0,0.0,0.0,0.0,0.0,0.0,0.0,0.0,0.0,0.0,0.0,0.0,0.0,0.0,0.0,0.0,0.0,0.0,0.0,0.0,0.0,0.0,0.0,0.0,0.0,0.0,0.0,0.0,0.0,6.0,5.0,1.0,83.33,2.5,2.5,0.5,0.0,0.0,0.0,0.0,2,0,12,0.0,0.0,0.5,0.0,2.0,0.0,0.0,0.0,0.0,0.0,0.0,0.0
496,1018190,La Liga,Sevilla,Isaac Romero,Forward,6.5,0.14,0.19,0.29,1.39,0.5,0.61,10.26,0.36,23.81,0.11,0.04,0.0,0.07,0.07,0.11,0.18,0.07,0.04,0.0,0.0,0.0,0.0,0.0,0.54,0.21,0.64,0.04,0.29,0.0,0.04,0.0,0.0,0.0,0.07,0.0,0.0,0.5,11.61,8.36,3.25,72.0,3.64,4.71,2.71,0.04,11.11,0.57,69.57,28,17,1434,0.14,0.04,0.96,0.82,8.54,1.11,2.46,35.03,1.68,32.41,0.79,42.31
497,1542759,La Liga,Real Betis,Ivan Corralejo,Midfielder,6.5,0.0,0.0,0.0,0.0,0.0,0.0,0.0,0.0,0.0,0.0,0.0,0.0,0.0,0.0,0.0,0.0,0.0,0.0,0.0,0.0,0.0,0.0,0.0,0.0,0.0,0.0,0.0,2.0,0.0,0.0,0.0,0.0,0.0,0.0,0.0,0.0,0.0,7.0,7.0,0.0,100.0,2.0,5.0,3.0,0.0,0.0,0.0,0.0,1,0,14,0.0,0.0,1.0,1.0,0.0,0.0,1.0,20.0,1.0,25.0,0.0,0.0
498,349526,La Liga,Mallorca,Dani Rodríguez,Midfielder,6.5,0.0,0.01,0.0,0.5,0.0,0.0,0.0,0.5,100.0,0.0,0.0,0.0,0.0,0.0,0.0,0.0,0.0,0.0,0.0,0.0,0.0,0.0,0.0,1.0,0.0,0.5,0.0,0.0,0.0,0.0,0.0,0.0,0.0,0.0,0.0,0.0,0.5,9.0,6.0,3.0,66.67,2.5,3.5,2.0,0.5,33.33,0.0,0.0,2,0,67,0.0,0.0,0.0,1.5,9.0,2.5,3.5,46.67,2.5,50.0,1.0,40.0
499,1216080,La Liga,Celta Vigo,Damián Rodríguez,Midfielder,6.5,0.0,0.03,0.0,1.5,0.0,1.5,0.0,0.0,0.0,0.0,0.0,0.0,0.0,0.0,0.0,0.0,0.0,0.0,0.0,0.0,0.0,0.0,0.0,0.0,0.5,1.5,0.0,0.5,0.0,0.0,0.0,0.0,0.0,0.0,0.0,0.0,1.0,57.0,53.0,4.0,92.98,17.0,36.0,12.0,0.5,33.33,1.0,100.0,2,2,151,0.5,0.0,1.5,0.0,5.5,0.0,0.0,0.0,0.0,0.0,0.0,0.0
500,1398521,La Liga,Getafe,Damián Cáceres,Midfielder,6.5,0.0,0.0,0.0,0.0,0.0,0.0,0.0,0.0,0.0,0.0,0.0,0.0,0.0,0.0,0.0,0.0,0.0,0.0,0.0,0.0,0.0,0.0,0.0,2.5,1.5,1.5,1.5,0.5,0.0,0.0,0.0,0.0,0.0,0.0,0.0,0.0,0.0,21.5,13.5,8.0,62.79,9.0,4.5,1.5,0.0,0.0,0.5,12.5,2,2,143,0.0,0.0,2.0,0.0,10.0,0.0,3.5,41.18,2.5,41.67,1.0,40.0
501,1491660,La Liga,Getafe,José Luis Pérez,Forward,6.5,0.0,0.02,0.0,0.5,0.0,0.5,0.0,0.0,0.0,0.0,0.0,0.0,0.0,0.0,0.0,0.0,0.0,0.0,0.0,0.0,0.0,0.0,0.0,0.0,0.0,1.0,0.0,0.0,0.0,0.0,0.0,0.0,0.0,0.0,0.0,0.0,0.0,2.0,0.5,1.5,25.0,0.0,0.5,0.0,0.0,0.0,0.0,0.0,2,0,20,0.0,0.0,0.5,1.0,3.0,0.0,2.0,50.0,1.0,66.67,1.0,40.0
502,1172477,La Liga,Villarreal,Tani Oluwaseyi,Forward,6.5,0.07,0.13,0.22,0.59,0.26,0.22,12.5,0.33,40.91,0.07,0.0,0.0,0.04,0.04,0.0,0.37,0.0,0.0,0.0,0.0,0.0,0.0,0.0,0.26,0.04,0.3,0.11,0.22,0.04,0.0,0.0,0.0,0.0,0.11,0.07,0.0,0.22,4.15,2.63,1.52,63.39,0.85,1.78,1.19,0.07,66.67,0.15,80.0,27,9,922,0.04,0.0,0.41,0.3,4.04,0.78,1.7,35.94,0.89,32.0,0.81,41.51
503,218616,La Liga,Girona FC,Portu,Forward,6.5,0.0,0.14,0.3,0.9,0.5,0.1,0.0,0.0,0.0,0.0,0.0,0.0,0.0,0.0,0.1,0.3,0.0,0.0,0.0,0.0,0.0,0.0,0.0,0.4,0.2,0.0,0.1,0.2,0.0,0.0,0.0,0.0,0.0,0.0,0.0,0.0,0.3,7.8,5.6,2.2,71.79,1.8,3.8,2.6,0.3,17.65,0.1,100.0,10,4,473,0.1,0.0,0.6,0.4,5.8,0.6,1.2,32.43,0.7,29.17,0.5,38.46
504,1136721,La Liga,Villarreal,Willy Kambwala,Defender,6.5,0.0,0.0,0.0,0.0,0.0,0.0,0.0,0.0,0.0,0.0,0.0,0.0,0.0,0.0,0.0,0.0,0.0,0.0,0.0,0.0,0.0,0.0,0.0,0.0,0.0,2.0,0.5,0.0,0.0,0.0,0.0,0.0,0.0,0.0,0.0,0.0,0.0,21.5,19.0,2.5,88.37,18.5,0.5,0.0,0.0,0.0,1.0,66.67,2,1,86,0.0,0.0,0.0,0.0,2.5,0.0,0.5,50.0,0.0,0.0,0.5,50.0
505,996931,La Liga,Celta Vigo,Hugo González,Midfielder,6.5,0.0,0.0,0.0,0.0,0.0,0.0,0.0,0.0,0.0,0.0,0.0,0.0,0.0,0.0,0.0,0.0,0.0,0.0,0.0,0.0,0.0,0.0,0.0,1.0,0.0,0.0,0.0,0.0,0.0,0.0,0.0,0.0,0.0,0.0,0.0,0.0,0.0,2.0,1.0,1.0,50.0,1.0,0.0,0.0,0.0,0.0,0.0,0.0,1,0,12,0.0,0.0,0.0,0.0,3.0,0.0,1.0,50.0,1.0,50.0,0.0,0.0
506,1429059,La Liga,Getafe,Hugo Solozábal,Midfielder,6.5,0.0,0.0,0.0,0.0,0.0,0.0,0.0,0.0,0.0,0.0,0.0,0.0,0.0,0.0,0.0,0.0,0.0,0.0,0.0,0.0,0.0,0.0,0.0,0.0,0.0,0.0,0.0,1.0,0.0,0.0,0.0,0.0,0.0,0.0,0.0,0.0,0.0,5.0,5.0,0.0,100.0,3.0,2.0,2.0,0.0,0.0,0.0,0.0,1,0,10,0.0,0.0,0.0,0.0,1.0,1.0,0.0,0.0,0.0,0.0,0.0,0.0
507,1545061,La Liga,Real Sociedad,Ibai Aguirre,Midfielder,6.5,0.0,0.0,0.0,0.0,0.0,0.0,0.0,0.0,0.0,0.0,0.0,0.0,0.0,0.0,0.0,0.0,0.0,0.0,0.0,0.0,0.0,0.0,0.0,0.0,0.0,0.0,0.0,0.0,0.0,0.0,0.0,0.0,0.0,0.0,0.0,0.0,0.0,4.0,1.0,3.0,25.0,1.0,0.0,0.0,0.0,0.0,0.0,0.0,1,0,10,0.0,0.0,1.0,0.0,4.0,1.0,1.0,33.33,0.0,0.0,1.0,100.0
508,879543,La Liga,Mallorca,Mateu Morey,Defender,6.5,0.06,0.02,0.0,0.22,0.11,0.06,25.0,0.22,66.67,0.06,0.0,0.0,0.0,0.06,0.0,0.06,0.0,0.0,0.0,0.0,0.0,0.0,0.0,1.06,0.39,1.67,0.17,0.78,0.06,0.0,0.06,0.0,0.0,0.06,0.0,0.0,0.17,13.39,10.22,3.17,76.35,4.72,5.5,2.44,0.33,42.86,0.56,35.71,18,9,736,0.11,0.0,0.83,0.56,5.5,0.22,2.17,46.43,1.83,49.25,0.33,35.29
509,1614687,La Liga,Real Madrid,Diego Aguado,Defender,6.5,0.0,0.0,0.0,0.0,0.0,0.0,0.0,0.0,0.0,0.0,0.0,0.0,0.0,0.0,0.0,0.0,0.0,0.0,0.0,0.0,0.0,0.0,0.0,2.0,0.0,2.0,1.0,1.0,0.0,0.0,0.0,0.0,0.0,0.0,0.0,0.0,0.0,17.0,14.0,3.0,82.35,9.0,5.0,1.0,0.0,0.0,1.0,25.0,1,0,29,0.0,0.0,0.0,0.0,5.0,2.0,2.0,40.0,2.0,40.0,0.0,0.0
510,1548439,La Liga,Real Oviedo,Marco Esteban,Defender,6.5,0.0,0.0,0.0,0.0,0.0,0.0,0.0,0.0,0.0,0.0,0.0,0.0,0.0,0.0,0.0,0.0,0.0,0.0,0.0,0.0,0.0,0.0,0.0,0.0,0.0,2.0,0.0,0.0,0.0,1.0,0.0,0.0,0.0,0.0,0.0,0.0,0.0,13.0,11.0,2.0,84.62,10.0,1.0,0.0,0.0,0.0,0.0,0.0,1,0,45,0.0,0.0,0.0,0.0,3.0,0.0,0.0,0.0,0.0,0.0,0.0,0.0
511,985726,La Liga,Deportivo Alavés,Victor Parada,Defender,6.49,0.0,0.03,0.07,0.38,0.03,0.28,0.0,0.24,53.85,0.0,0.0,0.0,0.0,0.0,0.03,0.14,0.0,0.0,0.0,0.0,0.0,0.0,0.0,1.14,0.34,2.76,0.38,0.38,0.0,0.0,0.03,0.0,0.07,0.1,0.1,0.0,0.48,25.86,21.24,4.62,82.13,12.28,8.97,3.62,0.28,25.81,0.97,35.44,29,24,2132,0.24,0.03,1.0,0.52,7.31,0.24,3.0,49.71,1.9,51.4,1.1,47.06
512,865651,La Liga,Atlético Madrid,Giacomo Raspadori,Forward,6.49,0.0,0.06,0.08,0.58,0.25,0.25,0.0,0.08,25.0,0.0,0.0,0.0,0.0,0.0,0.0,0.17,0.0,0.0,0.0,0.0,0.0,0.0,0.0,0.17,0.0,0.08,0.0,0.17,0.0,0.0,0.0,0.0,0.0,0.17,0.08,0.0,0.33,7.58,6.0,1.58,79.12,2.33,3.67,1.83,0.25,33.33,0.08,100.0,12,1,250,0.08,0.0,0.25,0.58,3.0,0.33,1.08,41.94,0.83,47.62,0.25,30.0
513,1893910,La Liga,Real Betis,Pablo García,Midfielder,6.49,0.0,0.09,0.07,0.87,0.27,0.47,0.0,0.33,29.41,0.0,0.0,0.0,0.0,0.0,0.13,0.2,0.0,0.0,0.0,0.0,0.0,0.07,0.0,0.67,0.27,0.07,0.0,0.4,0.0,0.0,0.0,0.0,0.0,0.0,0.0,0.0,0.13,6.4,5.2,1.2,81.25,1.87,3.33,2.2,0.0,0.0,0.33,83.33,15,2,388,0.07,0.0,0.33,0.6,4.27,0.67,1.6,40.68,1.6,42.11,0.0,0.0
514,1639543,La Liga,Deportivo Alavés,Aitor Mañas,Forward,6.49,0.0,0.08,0.22,0.22,0.11,0.11,0.0,0.22,28.57,0.0,0.0,0.0,0.0,0.0,0.11,0.0,0.0,0.0,0.0,0.0,0.0,0.0,0.0,0.33,0.11,0.0,0.0,0.22,0.0,0.0,0.0,0.0,0.0,0.0,0.0,0.0,0.22,2.33,2.0,0.33,85.71,0.56,1.44,0.78,0.0,0.0,0.0,0.0,9,0,134,0.0,0.0,0.22,0.11,2.22,0.44,1.0,31.03,0.67,31.58,0.33,30.0
515,1154549,La Liga,Getafe,Mario Martín,Midfielder,6.49,0.06,0.06,0.06,0.79,0.18,0.26,7.41,0.35,35.29,0.06,0.0,0.06,0.0,0.0,0.0,0.12,0.0,0.0,0.0,0.0,0.0,0.0,0.0,1.65,0.44,0.74,0.15,0.88,0.0,0.03,0.0,0.0,0.03,0.03,0.03,0.0,0.24,16.24,11.97,4.26,73.73,4.88,7.09,3.32,0.06,16.67,0.59,54.05,34,25,2045,0.32,0.0,2.0,0.94,8.21,0.94,4.97,39.58,2.94,40.82,2.03,37.91
516,1953923,La Liga,Athletic Club,Selton Sanchez,Midfielder,6.49,0.0,0.04,0.0,0.57,0.14,0.43,0.0,0.14,16.67,0.0,0.0,0.0,0.0,0.0,0.0,0.14,0.0,0.0,0.0,0.0,0.0,0.0,0.0,0.43,0.14,0.0,0.0,0.43,0.0,0.0,0.0,0.0,0.0,0.0,0.14,0.0,0.57,9.0,6.0,3.0,66.67,2.57,3.43,2.0,0.0,0.0,0.43,60.0,7,2,199,0.0,0.0,0.71,0.71,6.0,0.57,1.43,35.71,1.29,34.62,0.14,50.0
517,1398511,La Liga,Athletic Club,Adama Boiro,Defender,6.48,0.0,0.0,0.0,0.08,0.0,0.0,0.0,0.38,38.46,0.0,0.0,0.0,0.0,0.0,0.0,0.0,0.0,0.0,0.0,0.0,0.0,0.0,0.0,1.38,1.23,1.54,0.08,0.38,0.08,0.0,0.0,0.0,0.0,0.0,0.0,0.0,0.23,24.92,21.69,3.23,87.04,9.0,12.69,6.54,0.46,28.57,0.62,42.11,13,7,729,0.08,0.0,0.38,0.77,6.31,0.23,3.31,57.33,2.54,61.11,0.77,47.62
518,1003007,La Liga,Sevilla,Tanguy Nianzou,Defender,6.48,0.0,0.04,0.0,0.75,0.0,0.5,0.0,0.17,40.0,0.0,0.0,0.0,0.0,0.0,0.0,0.0,0.0,0.0,0.0,0.0,0.0,0.0,0.0,1.17,0.33,4.17,0.08,0.17,0.0,0.17,0.08,0.0,0.08,0.0,0.0,0.0,0.17,26.58,23.5,3.08,88.4,17.17,6.33,2.17,0.0,0.0,2.25,58.7,12,8,648,0.42,0.08,1.25,0.5,4.42,0.33,3.75,60.0,1.83,48.89,1.92,76.67
519,1520799,La Liga,Athletic Club,Maroan Sannadi,Forward,6.48,0.1,0.11,0.0,0.8,0.4,0.2,12.5,0.1,20.0,0.1,0.0,0.0,0.0,0.1,0.0,0.3,0.0,0.0,0.0,0.0,0.0,0.0,0.0,0.1,0.1,0.3,0.0,0.2,0.0,0.0,0.0,0.0,0.0,0.1,0.0,0.0,0.3,7.0,5.0,2.0,71.43,1.4,3.6,1.9,0.0,0.0,0.2,66.67,10,2,281,0.1,0.0,0.8,0.5,4.7,0.3,1.8,42.86,0.7,31.82,1.1,55.0
520,1018547,La Liga,Real Oviedo,Thiago Borbas,Forward,6.48,0.0,0.07,0.09,0.45,0.18,0.18,0.0,0.0,0.0,0.0,0.0,0.0,0.0,0.0,0.0,0.27,0.0,0.0,0.0,0.0,0.0,0.0,0.0,0.27,0.0,0.45,0.0,0.09,0.0,0.0,0.0,0.0,0.0,0.0,0.0,0.0,0.0,3.27,2.0,1.27,61.11,1.0,1.0,0.45,0.0,0.0,0.09,50.0,11,0,164,0.09,0.0,0.55,0.27,2.0,0.27,1.36,40.54,0.55,37.5,0.82,42.86
521,1160250,La Liga,Levante UD,Tai Abed,Midfielder,6.48,0.0,0.0,0.0,0.0,0.0,0.0,0.0,0.17,50.0,0.0,0.0,0.0,0.0,0.0,0.0,0.0,0.0,0.0,0.0,0.0,0.0,0.0,0.0,0.17,0.0,0.33,0.0,0.17,0.0,0.0,0.0,0.0,0.0,0.0,0.0,0.0,0.0,2.0,1.33,0.67,66.67,0.33,1.0,0.5,0.0,0.0,0.0,0.0,6,0,65,0.0,0.0,0.17,0.33,1.83,0.33,0.67,40.0,0.67,44.44,0.0,0.0
522,1106573,La Liga,Girona FC,Jhon Solís,Midfielder,6.48,0.0,0.01,0.0,0.25,0.17,0.08,0.0,0.25,27.27,0.0,0.0,0.0,0.0,0.0,0.0,0.0,0.0,0.0,0.0,0.0,0.0,0.0,0.0,0.25,0.33,0.67,0.08,0.58,0.0,0.08,0.0,0.0,0.0,0.0,0.0,0.0,0.08,13.67,12.08,1.58,88.41,5.83,6.25,3.0,0.0,0.0,0.25,37.5,12,3,384,0.0,0.0,0.17,0.58,3.08,0.25,1.25,35.71,1.08,39.39,0.17,22.22
523,1139409,La Liga,Real Sociedad,Pablo Marín,Midfielder,6.48,0.0,0.04,0.06,0.39,0.12,0.09,0.0,0.52,41.46,0.0,0.0,0.0,0.0,0.0,0.03,0.15,0.03,0.0,0.0,0.0,0.0,0.0,0.0,0.58,0.21,0.48,0.03,0.3,0.0,0.0,0.0,0.0,0.0,0.06,0.03,0.0,0.36,11.15,8.85,2.3,79.35,3.64,5.21,2.48,0.12,23.53,0.21,36.84,33,15,1489,0.06,0.0,0.67,0.67,5.7,0.7,1.97,39.63,1.73,42.54,0.24,26.67
524,1484974,La Liga,Mallorca,Justin-Noel Kalumba,Midfielder,6.47,0.0,0.03,0.0,0.33,0.0,0.33,0.0,0.33,25.0,0.0,0.0,0.0,0.0,0.0,0.0,0.0,0.0,0.0,0.0,0.0,0.0,0.0,0.0,0.33,0.0,0.0,0.0,0.67,0.0,0.0,0.0,0.0,0.0,0.0,0.0,0.0,0.0,9.0,6.67,2.33,74.07,1.33,5.33,4.67,0.0,0.0,0.0,0.0,3,1,91,0.0,0.0,0.67,1.33,6.33,0.67,2.0,35.29,2.0,40.0,0.0,0.0
525,1086128,La Liga,Real Oviedo,Álex Forés,Forward,6.47,0.0,0.07,0.12,0.47,0.12,0.18,0.0,0.18,50.0,0.0,0.0,0.0,0.0,0.0,0.0,0.06,0.0,0.0,0.0,0.0,0.0,0.0,0.0,0.12,0.06,0.0,0.0,0.18,0.0,0.0,0.0,0.0,0.0,0.0,0.06,0.0,0.06,3.29,2.29,1.0,69.64,1.06,1.24,0.82,0.0,0.0,0.0,0.0,17,2,337,0.0,0.0,0.18,0.35,2.24,0.24,0.76,37.14,0.65,45.83,0.12,18.18
526,788141,La Liga,Deportivo Alavés,Jon Guridi,Midfielder,6.47,0.0,0.07,0.11,0.56,0.15,0.26,0.0,0.33,47.37,0.0,0.0,0.0,0.0,0.0,0.04,0.07,0.04,0.0,0.0,0.0,0.0,0.0,0.0,0.93,0.33,0.67,0.07,0.59,0.0,0.0,0.0,0.0,0.04,0.0,0.0,0.0,0.3,15.59,12.85,2.74,82.42,5.7,7.15,3.89,0.07,20.0,0.33,60.0,27,14,1175,0.04,0.0,0.56,0.3,4.81,0.26,2.3,44.93,1.48,45.98,0.81,43.14
527,1398518,La Liga,Getafe,Álex Sancris,Midfielder,6.46,0.0,0.02,0.0,0.72,0.28,0.22,0.0,0.28,50.0,0.0,0.0,0.0,0.0,0.0,0.0,0.44,0.0,0.0,0.0,0.0,0.0,0.06,0.0,0.56,0.11,0.22,0.0,0.61,0.0,0.0,0.0,0.0,0.0,0.06,0.06,0.0,0.44,10.78,7.44,3.33,69.07,2.44,5.0,2.78,0.44,13.33,0.28,33.33,18,5,710,0.11,0.06,0.89,0.67,8.28,0.5,1.72,33.7,1.44,40.0,0.28,18.52
528,1120947,La Liga,Rayo Vallecano,Jozhua Vertrouwd,Defender,6.46,0.0,0.01,0.0,0.11,0.0,0.11,0.0,0.0,0.0,0.0,0.0,0.0,0.0,0.0,0.0,0.0,0.0,0.0,0.0,0.0,0.0,0.0,0.0,0.78,0.44,3.0,0.33,0.0,0.11,0.0,0.0,0.11,0.11,0.0,0.0,0.0,0.22,22.0,20.0,2.0,90.91,15.89,4.11,1.22,0.0,0.0,0.78,58.33,9,3,441,0.0,0.0,0.67,0.33,2.89,0.11,1.78,57.14,1.11,55.56,0.67,60.0
529,785468,La Liga,Real Sociedad,Aritz Elustondo,Defender,6.46,0.0,0.02,0.07,0.27,0.13,0.13,0.0,0.0,0.0,0.0,0.0,0.0,0.0,0.0,0.0,0.0,0.0,0.0,0.0,0.0,0.0,0.0,0.0,0.93,0.67,2.47,0.2,0.93,0.0,0.07,0.07,0.0,0.0,0.0,0.07,0.0,0.07,24.8,21.27,3.53,85.75,13.53,7.73,2.93,0.13,33.33,0.8,42.86,15,8,712,0.0,0.0,1.13,0.67,5.47,0.2,2.67,45.45,1.6,39.34,1.07,59.26
530,1092515,La Liga,Elche,Yago Santiago,Midfielder,6.46,0.0,0.01,0.0,0.22,0.0,0.0,0.0,0.44,40.0,0.0,0.0,0.0,0.0,0.0,0.0,0.11,0.0,0.0,0.0,0.0,0.0,0.0,0.0,0.22,0.11,0.56,0.0,0.33,0.0,0.0,0.0,0.0,0.0,0.0,0.0,0.0,0.22,11.56,9.89,1.67,85.58,2.89,7.0,3.67,0.22,33.33,0.22,50.0,9,3,289,0.11,0.11,0.33,0.22,4.0,0.22,1.11,33.33,0.89,36.36,0.22,25.0
531,1430667,La Liga,Athletic Club,Urko Izeta,Forward,6.45,0.0,0.07,0.17,0.75,0.33,0.33,0.0,0.08,33.33,0.0,0.0,0.0,0.0,0.0,0.17,0.0,0.0,0.0,0.0,0.0,0.0,0.08,0.0,0.17,0.0,0.0,0.0,0.25,0.0,0.0,0.0,0.0,0.0,0.08,0.0,0.0,0.17,4.83,3.42,1.42,70.69,1.0,2.42,1.42,0.0,0.0,0.08,33.33,12,1,173,0.17,0.0,0.42,0.08,2.92,0.17,0.58,28.0,0.33,25.0,0.25,33.33
532,1482463,La Liga,Girona FC,Juan Arango,Forward,6.45,0.0,0.0,0.0,0.0,0.0,0.0,0.0,1.0,100.0,0.0,0.0,0.0,0.0,0.0,0.0,0.0,0.0,0.0,0.0,0.0,0.0,0.0,0.0,0.0,0.0,0.0,0.0,0.0,0.0,0.0,0.0,0.0,0.0,0.0,0.0,0.0,0.0,1.5,1.5,0.0,100.0,0.0,1.5,1.5,0.0,0.0,0.0,0.0,2,0,19,0.5,0.0,0.5,0.0,1.5,0.5,1.0,50.0,1.0,50.0,0.0,0.0
533,1495856,La Liga,Osasuna,Iñigo Arguibide,Defender,6.45,0.0,0.0,0.0,0.0,0.0,0.0,0.0,0.0,0.0,0.0,0.0,0.0,0.0,0.0,0.0,0.0,0.0,0.0,0.0,0.0,0.0,0.0,0.0,0.5,0.33,1.17,0.17,0.17,0.0,0.0,0.0,0.0,0.0,0.0,0.0,0.0,0.17,6.33,4.0,2.33,63.16,1.83,2.17,0.83,0.17,20.0,0.33,18.18,6,2,196,0.0,0.17,0.5,0.0,5.0,0.33,0.5,23.08,0.5,27.27,0.0,0.0
534,146852,La Liga,Mallorca,Abdón Prats,Forward,6.45,0.0,0.05,0.07,0.21,0.07,0.0,0.0,0.07,50.0,0.0,0.0,0.0,0.0,0.0,0.0,0.0,0.0,0.0,0.0,0.0,0.0,0.0,0.0,0.0,0.0,0.07,0.0,0.29,0.0,0.0,0.0,0.0,0.0,0.0,0.0,0.0,0.14,1.71,1.14,0.57,66.67,0.29,0.86,0.43,0.0,0.0,0.0,0.0,14,0,138,0.0,0.0,0.14,0.21,1.29,0.14,0.64,34.62,0.29,30.77,0.36,38.46
535,1425060,La Liga,Athletic Club,Eder Garcia,Midfielder,6.45,0.0,0.02,0.0,0.5,0.0,0.0,0.0,0.0,0.0,0.0,0.0,0.0,0.0,0.0,0.0,0.0,0.0,0.0,0.0,0.0,0.0,0.0,0.0,0.0,0.0,0.0,0.0,0.0,0.0,0.0,0.0,0.0,0.0,0.0,0.0,0.0,0.0,11.5,8.5,3.0,73.91,5.5,3.0,1.5,0.0,0.0,0.0,0.0,2,0,36,0.5,0.0,1.0,0.0,4.5,0.5,0.5,25.0,0.0,0.0,0.5,100.0
536,831510,La Liga,Getafe,Veljko Birmančević,Forward,6.45,0.0,0.02,0.0,0.33,0.17,0.0,0.0,0.33,50.0,0.0,0.0,0.0,0.0,0.0,0.0,0.5,0.0,0.0,0.0,0.0,0.0,0.0,0.0,0.0,0.33,0.33,0.17,0.5,0.0,0.0,0.0,0.0,0.0,0.0,0.0,0.0,0.33,6.17,3.67,2.5,59.46,1.33,2.33,1.5,0.17,50.0,0.17,16.67,6,1,144,0.0,0.0,0.5,0.5,4.17,0.33,1.0,25.0,0.83,35.71,0.17,10.0
537,315916,La Liga,Valencia,Renzo Saravia,Defender,6.44,0.0,0.01,0.0,0.2,0.0,0.2,0.0,0.4,40.0,0.0,0.0,0.0,0.0,0.0,0.0,0.0,0.0,0.0,0.0,0.0,0.0,0.0,0.0,1.6,1.4,2.0,0.0,1.2,0.0,0.0,0.2,0.0,0.0,0.0,0.0,0.0,0.2,29.8,24.6,5.2,82.55,14.4,10.2,4.6,0.0,0.0,0.6,23.08,5,4,353,0.4,0.0,0.8,2.0,7.8,0.4,4.6,52.27,4.0,57.14,0.6,33.33
538,1087476,La Liga,Getafe,Abu Kamara,Midfielder,6.44,0.0,0.04,0.08,0.33,0.08,0.17,0.0,0.17,22.22,0.0,0.0,0.0,0.0,0.0,0.0,0.17,0.0,0.0,0.0,0.0,0.0,0.0,0.0,0.33,0.17,0.08,0.08,0.33,0.0,0.0,0.0,0.0,0.0,0.0,0.0,0.0,0.25,6.33,4.33,2.0,68.42,1.08,3.25,1.75,0.0,0.0,0.17,66.67,12,1,264,0.08,0.0,0.17,0.33,4.5,0.5,1.08,35.14,0.83,35.71,0.25,33.33
539,885664,La Liga,Real Oviedo,Luka Ilić,Midfielder,6.44,0.06,0.04,0.17,0.5,0.28,0.22,11.11,0.17,25.0,0.06,0.0,0.0,0.0,0.06,0.0,0.11,0.0,0.0,0.0,0.0,0.0,0.0,0.0,0.56,0.28,0.44,0.17,0.83,0.0,0.0,0.0,0.0,0.0,0.0,0.0,0.0,0.17,12.56,10.06,2.5,80.09,4.44,5.61,2.89,0.06,14.29,0.61,52.38,18,8,729,0.11,0.06,0.89,0.39,4.94,0.61,1.44,30.95,1.11,28.57,0.33,42.86
540,869931,La Liga,Getafe,Yvan Neyou,Midfielder,6.43,0.0,0.0,0.0,0.0,0.0,0.0,0.0,0.0,0.0,0.0,0.0,0.0,0.0,0.0,0.0,0.0,0.0,0.0,0.0,0.0,0.0,0.0,0.0,0.0,0.0,0.6,0.0,0.2,0.0,0.0,0.0,0.0,0.0,0.0,0.0,0.0,0.0,3.6,3.0,0.6,83.33,1.0,2.0,1.2,0.0,0.0,0.2,100.0,5,0,73,0.4,0.0,0.8,0.4,1.6,0.4,0.4,20.0,0.4,25.0,0.0,0.0
541,826013,La Liga,Girona FC,Abel Ruíz,Forward,6.43,0.0,0.03,0.0,0.56,0.11,0.11,0.0,0.11,100.0,0.0,0.0,0.0,0.0,0.0,0.0,0.11,0.0,0.0,0.0,0.0,0.0,0.0,0.0,0.11,0.11,0.0,0.0,0.11,0.0,0.0,0.0,0.0,0.0,0.0,0.0,0.0,0.22,4.0,3.11,0.89,77.78,0.67,2.44,1.67,0.0,0.0,0.11,100.0,9,0,194,0.0,0.0,0.22,0.11,2.0,0.11,0.78,35.0,0.33,42.86,0.44,30.77
542,1099175,La Liga,Real Sociedad,Jon Karrikaburu,Forward,6.43,0.0,0.13,0.29,1.0,0.29,0.43,0.0,0.0,0.0,0.0,0.0,0.0,0.0,0.0,0.0,0.29,0.0,0.0,0.0,0.0,0.0,0.0,0.0,0.29,0.0,0.0,0.0,0.14,0.0,0.0,0.0,0.0,0.0,0.0,0.0,0.0,0.14,2.43,1.43,1.0,58.82,0.57,0.86,0.57,0.0,0.0,0.0,0.0,7,0,136,0.0,0.0,0.43,0.57,2.57,0.0,1.29,39.13,0.57,44.44,0.71,35.71
543,857229,La Liga,Real Oviedo,Oier Luengo,Defender,6.43,0.0,0.01,0.0,0.33,0.0,0.33,0.0,0.0,0.0,0.0,0.0,0.0,0.0,0.0,0.0,0.0,0.0,0.0,0.0,0.0,0.0,0.0,0.0,2.0,0.67,1.67,0.67,0.0,0.0,0.0,0.0,0.0,0.0,0.0,0.33,0.0,0.33,29.33,26.0,3.33,88.64,23.67,2.33,0.33,0.0,0.0,0.67,25.0,3,3,225,0.33,0.0,0.67,0.33,3.67,0.0,3.0,56.25,2.33,77.78,0.67,28.57
544,909554,La Liga,Levante UD,Roger Brugué,Midfielder,6.42,0.05,0.17,0.32,1.47,0.47,0.74,3.57,0.47,37.5,0.05,0.0,0.05,0.0,0.0,0.16,0.32,0.0,0.0,0.0,0.0,0.0,0.0,0.0,0.58,0.21,1.0,0.05,0.53,0.0,0.16,0.0,0.0,0.05,0.11,0.05,0.0,0.42,12.84,10.58,2.26,82.38,4.11,6.47,3.42,0.32,54.55,0.16,37.5,19,10,1007,0.05,0.05,0.58,0.42,5.79,0.95,2.16,34.75,1.47,34.15,0.68,36.11
545,1211632,La Liga,Real Sociedad,Wesley,Midfielder,6.42,0.0,0.0,0.0,0.2,0.0,0.0,0.0,0.6,60.0,0.0,0.0,0.0,0.0,0.0,0.0,0.0,0.0,0.0,0.0,0.0,0.0,0.0,0.0,0.0,0.0,0.2,0.0,0.0,0.0,0.0,0.0,0.0,0.0,0.0,0.0,0.0,0.0,6.0,4.2,1.8,70.0,1.0,3.2,1.8,0.0,0.0,0.6,60.0,5,1,91,0.0,0.0,0.6,0.2,4.8,0.8,1.2,37.5,0.8,33.33,0.4,50.0
546,1985103,La Liga,Real Sociedad,Gorka Carrera Zarranz,Forward,6.4,0.0,0.11,0.33,0.33,0.33,0.0,0.0,0.0,0.0,0.0,0.0,0.0,0.0,0.0,0.0,0.0,0.0,0.0,0.0,0.0,0.0,0.0,0.0,0.0,0.33,0.0,0.0,0.33,0.0,0.0,0.0,0.0,0.0,0.0,0.0,0.0,0.0,4.0,3.67,0.33,91.67,1.67,2.0,0.33,0.0,0.0,0.0,0.0,3,0,59,0.33,0.0,0.67,0.67,1.33,0.33,1.0,37.5,0.67,40.0,0.33,33.33
547,985262,La Liga,Deportivo Alavés,Moussa Diarra,Defender,6.4,0.0,0.0,0.0,0.0,0.0,0.0,0.0,0.33,25.0,0.0,0.0,0.0,0.0,0.0,0.0,0.0,0.0,0.0,0.0,0.0,0.0,0.0,0.0,2.0,0.33,2.0,0.0,1.33,0.0,0.0,0.0,0.0,0.0,0.0,0.0,0.0,0.33,21.33,13.67,7.67,64.06,6.33,7.33,3.0,0.33,100.0,1.0,33.33,3,3,219,0.33,0.0,1.33,0.33,13.67,0.67,4.33,48.15,2.67,38.1,1.67,83.33
548,1139724,La Liga,Rayo Vallecano,Pelayo Fernández,Defender,6.4,0.0,0.04,0.0,1.0,0.0,1.0,0.0,0.0,0.0,0.0,0.0,0.0,0.0,0.0,0.0,0.0,0.0,0.0,0.0,0.0,0.0,0.0,0.0,1.0,0.0,3.0,0.0,1.0,0.0,0.0,0.0,0.0,0.0,0.0,0.0,0.0,0.0,35.0,30.0,5.0,85.71,19.0,11.0,3.0,0.0,0.0,1.0,100.0,1,0,45,0.0,0.0,1.0,0.0,5.0,0.0,4.0,50.0,1.0,33.33,3.0,60.0
549,1895197,La Liga,Getafe,Jorge Montes,Defender,6.4,0.0,0.0,0.0,0.0,0.0,0.0,0.0,2.0,100.0,0.0,0.0,0.0,0.0,0.0,0.0,0.0,0.0,0.0,0.0,0.0,0.0,0.0,0.0,3.0,0.0,0.0,0.0,0.0,0.0,0.0,0.0,0.0,0.0,1.0,0.0,0.0,1.0,9.0,8.0,1.0,88.89,4.0,4.0,1.0,0.0,0.0,0.0,0.0,1,0,26,0.0,0.0,1.0,0.0,4.0,0.0,5.0,55.56,5.0,83.33,0.0,0.0
550,1414932,La Liga,Atlético Madrid,Dani Martinez,Defender,6.4,0.0,0.0,0.0,0.0,0.0,0.0,0.0,0.0,0.0,0.0,0.0,0.0,0.0,0.0,0.0,0.0,0.0,0.0,0.0,0.0,0.0,0.0,0.0,1.0,1.0,2.0,1.0,0.0,0.0,0.0,1.0,0.0,0.0,0.0,0.0,0.0,0.0,86.0,77.0,9.0,89.53,44.0,33.0,1.0,0.0,0.0,1.0,16.67,1,1,90,0.0,0.0,1.0,0.0,11.0,1.0,1.0,33.33,1.0,33.33,0.0,0.0
551,1587196,La Liga,FC Barcelona,Jofre Torrents ,Defender,6.4,0.0,0.0,0.0,0.0,0.0,0.0,0.0,0.0,0.0,0.0,0.0,0.0,0.0,0.0,0.0,0.0,0.0,0.0,0.0,0.0,0.0,0.0,0.0,0.67,0.0,0.67,0.0,0.0,0.0,0.0,0.0,0.0,0.0,0.0,0.0,0.0,0.0,11.33,10.0,1.33,88.24,3.67,6.33,5.0,0.33,33.33,0.33,100.0,3,0,47,0.0,0.0,0.0,0.0,3.33,0.33,1.0,37.5,0.67,50.0,0.33,25.0
552,1550822,La Liga,Athletic Club,Asier Hierro,Forward,6.4,0.0,0.07,0.0,1.0,0.0,1.0,0.0,0.0,0.0,0.0,0.0,0.0,0.0,0.0,0.0,0.0,0.0,0.0,0.0,0.0,0.0,0.0,0.0,0.0,0.0,1.0,0.0,0.0,0.0,0.0,0.0,0.0,0.0,0.0,0.0,0.0,1.0,9.0,6.0,3.0,66.67,1.0,5.0,2.0,0.0,0.0,0.0,0.0,1,0,33,0.0,0.0,0.0,0.0,3.0,0.0,1.0,33.33,0.0,0.0,1.0,33.33
553,1151851,La Liga,Girona FC,Dawda Camara,Forward,6.4,0.0,0.06,0.0,1.0,0.5,0.0,0.0,0.0,0.0,0.0,0.0,0.0,0.0,0.0,0.0,0.0,0.0,0.0,0.0,0.0,0.0,0.0,0.0,0.5,0.5,0.0,0.0,0.0,0.0,0.0,0.0,0.0,0.0,0.0,0.0,0.0,1.0,5.0,3.5,1.5,70.0,2.0,1.5,1.5,0.0,0.0,0.0,0.0,2,1,71,0.0,0.0,1.0,0.0,2.5,0.0,1.0,25.0,0.5,33.33,0.5,20.0
554,1149152,La Liga,Sevilla,Stanis Idumbo Muzambo,Midfielder,6.4,0.0,0.03,0.0,1.0,0.0,0.0,0.0,0.0,0.0,0.0,0.0,0.0,0.0,0.0,0.0,0.0,0.0,0.0,0.0,0.0,0.0,0.0,0.0,1.0,0.0,0.0,0.0,1.0,0.0,0.0,0.0,0.0,0.0,0.0,0.0,0.0,1.0,11.0,7.0,4.0,63.64,1.0,6.0,3.0,0.0,0.0,0.0,0.0,1,1,45,0.0,0.0,0.0,0.0,7.0,0.0,1.0,25.0,1.0,33.33,0.0,0.0
555,914749,La Liga,Levante UD,Sergio Lozano,Midfielder,6.4,0.0,0.0,0.0,0.0,0.0,0.0,0.0,0.0,0.0,0.0,0.0,0.0,0.0,0.0,0.0,0.0,0.0,0.0,0.0,0.0,0.0,0.0,0.0,2.0,0.0,0.0,0.0,0.0,0.0,0.0,0.0,0.0,0.0,0.0,0.0,0.0,0.0,7.0,7.0,0.0,100.0,2.0,5.0,3.0,0.0,0.0,0.0,0.0,1,0,11,0.0,0.0,0.0,0.0,2.0,0.0,2.0,40.0,2.0,50.0,0.0,0.0
556,1466128,La Liga,Real Sociedad,Dani Díaz,Midfielder,6.4,0.0,0.0,0.0,0.0,0.0,0.0,0.0,0.0,0.0,0.0,0.0,0.0,0.0,0.0,0.0,0.0,0.0,0.0,0.0,0.0,0.0,0.0,0.0,0.0,0.0,0.0,0.0,0.0,0.0,0.0,0.0,0.0,0.0,0.0,0.0,0.0,0.0,4.0,3.0,1.0,75.0,0.0,3.0,2.0,0.0,0.0,0.0,0.0,1,0,17,0.0,0.0,0.0,0.0,3.0,0.0,0.0,0.0,0.0,0.0,0.0,0.0
557,1590761,La Liga,FC Barcelona,Toni Fernández,Midfielder,6.4,0.0,0.0,0.0,0.0,0.0,0.0,0.0,0.0,0.0,0.0,0.0,0.0,0.0,0.0,0.0,0.0,0.0,0.0,0.0,0.0,0.0,0.0,0.0,0.0,0.0,0.0,0.0,0.0,0.0,0.0,0.0,0.0,0.0,0.0,0.0,0.0,1.0,9.0,7.0,2.0,77.78,1.0,6.0,4.0,0.0,0.0,0.0,0.0,1,1,45,0.0,0.0,0.0,0.0,3.0,0.0,0.0,0.0,0.0,0.0,0.0,0.0
558,857065,La Liga,Real Oviedo,Horațiu Moldovan,Goalkeeper,6.4,0.0,0.0,0.0,0.0,0.0,0.0,0.0,0.0,0.0,0.0,0.0,0.0,0.0,0.0,0.0,0.0,0.0,0.0,0.0,0.0,0.0,0.0,0.0,0.0,0.0,1.0,0.0,0.0,0.0,0.0,0.0,0.0,0.0,0.0,0.0,0.0,0.0,35.0,30.0,5.0,85.71,26.0,4.0,1.0,0.0,0.0,1.0,16.67,1,1,90,0.0,0.0,0.0,0.0,5.0,0.0,0.0,0.0,0.0,0.0,0.0,0.0
559,945768,La Liga,Girona FC,Bojan Miovski,Forward,6.4,0.0,0.0,0.0,0.0,0.0,0.0,0.0,0.0,0.0,0.0,0.0,0.0,0.0,0.0,0.0,0.0,0.0,0.0,0.0,0.0,0.0,0.0,0.0,0.0,0.0,0.0,0.0,0.0,0.0,0.0,0.0,0.0,0.0,0.0,0.0,0.0,0.0,3.0,2.0,1.0,66.67,2.0,0.0,0.0,0.0,0.0,0.0,0.0,1,1,44,0.0,0.0,0.0,0.0,2.0,0.0,0.0,0.0,0.0,0.0,0.0,0.0
560,1918369,La Liga,Getafe,Davinchi,Defender,6.39,0.0,0.02,0.0,0.31,0.15,0.08,0.0,0.77,52.63,0.0,0.0,0.0,0.0,0.0,0.0,0.0,0.0,0.0,0.0,0.0,0.0,0.0,0.0,2.0,0.46,1.69,0.08,0.46,0.0,0.08,0.0,0.0,0.08,0.0,0.0,0.0,0.23,16.23,9.46,6.77,58.29,3.54,5.92,3.0,0.23,15.79,0.54,18.42,13,7,697,0.15,0.0,2.08,0.15,11.77,0.69,3.62,44.34,2.92,43.18,0.69,50.0
561,2237795,La Liga,Real Madrid,Thiago Pitarch,Midfielder,6.39,0.0,0.03,0.0,0.44,0.11,0.11,0.0,0.56,45.45,0.0,0.0,0.0,0.0,0.0,0.0,0.22,0.0,0.0,0.0,0.0,0.0,0.0,0.0,1.11,0.67,0.56,0.0,2.22,0.0,0.33,0.0,0.0,0.0,0.11,0.0,0.0,0.44,35.56,32.0,3.56,90.0,13.67,18.33,7.33,0.0,0.0,1.22,64.71,9,7,506,0.11,0.0,1.22,0.44,6.0,0.67,2.22,29.41,2.11,31.15,0.11,14.29
562,1131581,La Liga,Rayo Vallecano,Carlos Martín,Forward,6.39,0.0,0.12,0.1,0.8,0.3,0.2,0.0,0.4,80.0,0.0,0.0,0.0,0.0,0.0,0.0,0.0,0.0,0.0,0.0,0.0,0.0,0.0,0.0,1.1,0.0,0.4,0.2,1.3,0.0,0.0,0.0,0.0,0.0,0.1,0.0,0.0,0.3,10.1,8.4,1.7,83.17,4.1,4.3,2.7,0.1,12.5,0.1,25.0,10,6,429,0.1,0.0,1.0,0.5,4.8,0.5,2.5,39.68,1.9,39.58,0.6,40.0
563,151138,La Liga,Valencia,Dimitri Foulquier,Defender,6.38,0.0,0.04,0.0,0.4,0.07,0.27,0.0,0.67,50.0,0.0,0.0,0.0,0.0,0.0,0.0,0.0,0.0,0.0,0.0,0.0,0.0,0.0,0.0,1.0,0.53,2.67,0.07,0.2,0.0,0.07,0.07,0.0,0.2,0.0,0.0,0.0,0.4,34.53,29.27,5.27,84.75,19.13,10.13,4.67,0.27,33.33,1.2,42.86,15,12,1157,0.07,0.0,1.07,0.47,9.07,0.4,2.87,47.25,2.13,48.48,0.73,44.0
564,175753,La Liga,Deportivo Alavés,Mariano Díaz,Forward,6.36,0.0,0.02,0.0,0.6,0.3,0.2,0.0,0.1,50.0,0.0,0.0,0.0,0.0,0.0,0.0,0.6,0.0,0.0,0.0,0.0,0.0,0.0,0.0,0.4,0.0,0.2,0.1,0.0,0.0,0.0,0.0,0.0,0.0,0.2,0.0,0.0,0.2,4.3,2.8,1.5,65.12,0.7,2.1,1.4,0.0,0.0,0.0,0.0,10,3,295,0.1,0.0,1.3,0.0,3.9,0.6,1.7,29.82,0.5,21.74,1.2,35.29
565,1807070,La Liga,Levante UD,Jorge Cabello,Defender,6.36,0.0,0.0,0.0,0.0,0.0,0.0,0.0,0.4,100.0,0.0,0.0,0.0,0.0,0.0,0.0,0.0,0.0,0.0,0.0,0.0,0.0,0.0,0.0,1.4,0.0,4.4,0.8,0.2,0.2,0.2,0.0,0.0,0.0,0.0,0.0,0.0,0.0,24.6,21.2,3.4,86.18,15.6,5.6,1.4,0.0,0.0,1.4,43.75,5,4,364,0.2,0.0,0.6,0.6,3.6,0.0,3.6,60.0,2.4,75.0,1.2,42.86
566,1860172,La Liga,Girona FC,Lass Kourouma,Midfielder,6.36,0.0,0.0,0.0,0.0,0.0,0.0,0.0,0.0,0.0,0.0,0.0,0.0,0.0,0.0,0.0,0.0,0.0,0.0,0.0,0.0,0.0,0.0,0.0,0.0,0.2,0.0,0.0,0.4,0.0,0.0,0.0,0.0,0.0,0.0,0.0,0.0,0.0,2.6,2.0,0.6,76.92,0.4,1.6,0.8,0.0,0.0,0.0,0.0,5,0,64,0.0,0.2,0.4,0.2,1.0,0.2,0.2,14.29,0.2,20.0,0.0,0.0
567,591750,La Liga,Sevilla,Joan Jordán,Midfielder,6.35,0.0,0.0,0.0,0.0,0.0,0.0,0.0,0.0,0.0,0.0,0.0,0.0,0.0,0.0,0.0,0.0,0.0,0.0,0.0,0.0,0.0,0.0,0.0,0.0,0.0,2.0,0.0,0.33,0.0,0.0,0.0,0.0,0.0,0.0,0.0,0.0,0.0,9.0,7.0,2.0,77.78,3.33,3.67,1.67,0.0,0.0,0.0,0.0,3,0,22,0.33,0.33,1.33,0.0,2.67,0.0,0.0,0.0,0.0,0.0,0.0,0.0
568,1587199,La Liga,Real Oviedo,Pablo Agudín,Midfielder,6.35,0.0,0.01,0.0,0.29,0.0,0.14,0.0,0.14,100.0,0.0,0.0,0.0,0.0,0.0,0.0,0.0,0.0,0.0,0.0,0.0,0.0,0.0,0.0,0.14,0.0,0.29,0.0,0.29,0.0,0.0,0.14,0.0,0.0,0.0,0.0,0.0,0.0,2.86,1.57,1.29,55.0,0.71,0.86,0.29,0.0,0.0,0.0,0.0,7,0,93,0.0,0.0,0.57,0.14,3.29,0.43,0.71,33.33,0.43,25.0,0.29,66.67
569,1068891,La Liga,Espanyol,Jose Salinas,Defender,6.35,0.0,0.01,0.09,0.09,0.0,0.0,0.0,0.27,75.0,0.0,0.0,0.0,0.0,0.0,0.0,0.0,0.0,0.0,0.0,0.0,0.0,0.0,0.0,0.18,0.27,0.45,0.18,0.18,0.0,0.0,0.0,0.09,0.0,0.0,0.0,0.0,0.45,10.18,8.55,1.64,83.93,4.45,4.09,1.55,0.09,14.29,0.0,0.0,11,2,268,0.18,0.0,0.73,0.36,3.27,0.09,1.09,40.0,0.82,42.86,0.27,33.33
570,1090681,La Liga,Sevilla,Ramón Martínez,Defender,6.35,0.0,0.0,0.0,0.0,0.0,0.0,0.0,0.0,0.0,0.0,0.0,0.0,0.0,0.0,0.0,0.0,0.0,0.0,0.0,0.0,0.0,0.0,0.0,0.0,0.5,1.0,0.0,0.5,0.0,0.0,0.0,0.0,0.0,0.0,0.0,0.0,0.0,32.0,28.5,3.5,89.06,20.0,8.5,1.0,0.0,0.0,3.5,70.0,2,0,100,0.0,0.0,0.5,0.5,4.5,0.5,1.0,33.33,0.5,25.0,0.5,50.0
571,855837,La Liga,Levante UD,Diego Pampín,Defender,6.34,0.0,0.03,0.0,0.38,0.0,0.12,0.0,0.75,85.71,0.0,0.0,0.0,0.0,0.0,0.0,0.0,0.0,0.0,0.0,0.0,0.0,0.0,0.0,1.38,0.75,2.5,0.0,1.12,0.0,0.12,0.0,0.0,0.0,0.0,0.0,0.0,0.38,33.75,28.88,4.88,85.56,18.5,10.38,4.25,0.38,21.43,1.0,40.0,8,6,534,0.38,0.0,1.0,0.88,8.88,0.5,3.62,51.79,2.88,51.11,0.75,54.55
572,796320,La Liga,Celta Vigo,Joseph Aidoo,Defender,6.33,0.0,0.03,0.25,0.25,0.0,0.25,0.0,0.12,100.0,0.0,0.0,0.0,0.0,0.0,0.0,0.0,0.0,0.0,0.0,0.0,0.0,0.0,0.0,0.88,1.12,5.25,0.25,0.12,0.12,0.25,0.25,0.0,0.12,0.0,0.0,0.0,0.0,48.88,45.5,3.38,93.09,30.88,14.62,2.38,0.0,0.0,1.25,55.56,8,7,639,0.0,0.0,0.62,0.12,4.12,0.12,2.62,53.85,1.12,60.0,1.5,50.0
573,849731,La Liga,Elche,Bambo Diaby,Defender,6.3,0.0,0.0,0.0,0.0,0.0,0.0,0.0,0.0,0.0,0.0,0.0,0.0,0.0,0.0,0.0,0.0,0.0,0.0,0.0,0.0,0.0,0.0,0.0,0.0,0.25,1.0,0.0,0.75,0.0,0.0,0.0,0.0,0.0,0.0,0.0,0.0,0.0,15.5,14.75,0.75,95.16,10.75,4.0,0.75,0.0,0.0,0.5,100.0,4,1,107,0.25,0.0,0.75,0.75,1.25,0.0,1.25,33.33,0.75,37.5,0.5,28.57
574,1539149,La Liga,Real Sociedad,Luken Beitia,Defender,6.3,0.0,0.0,0.0,0.0,0.0,0.0,0.0,0.0,0.0,0.0,0.0,0.0,0.0,0.0,0.0,0.0,0.0,0.0,0.0,0.0,0.0,0.0,0.0,0.0,0.0,0.0,0.0,0.0,0.0,0.0,0.0,0.0,0.0,0.0,0.0,0.0,0.0,2.0,1.0,1.0,50.0,1.0,0.0,0.0,0.0,0.0,0.0,0.0,1,0,14,0.0,0.0,0.0,1.0,1.0,0.0,1.0,50.0,1.0,100.0,0.0,0.0
575,1563578,La Liga,Atlético Madrid,Taufik Seidu,Midfielder,6.3,0.0,0.0,0.0,0.0,0.0,0.0,0.0,0.0,0.0,0.0,0.0,0.0,0.0,0.0,0.0,0.0,0.0,0.0,0.0,0.0,0.0,0.0,0.0,0.0,0.0,0.0,0.0,0.0,0.0,0.0,0.0,0.0,0.0,0.0,0.0,0.0,0.0,4.0,2.0,2.0,50.0,2.0,0.0,0.0,0.0,0.0,0.0,0.0,1,0,22,1.0,0.0,2.0,0.0,3.0,0.0,0.0,0.0,0.0,0.0,0.0,0.0
576,1516812,La Liga,Elche,Ali Houary,Midfielder,6.3,0.0,0.04,0.0,1.0,0.0,0.5,0.0,0.5,33.33,0.0,0.0,0.0,0.0,0.0,0.0,0.0,0.0,0.0,0.0,0.0,0.0,0.0,0.0,2.0,0.5,0.5,0.0,1.0,0.0,0.0,0.0,0.0,0.0,0.0,0.0,0.0,0.0,26.5,23.5,3.0,88.68,10.5,13.0,5.5,0.0,0.0,0.5,50.0,2,2,125,0.0,0.0,3.5,1.0,9.0,2.0,3.5,31.82,3.5,31.82,0.0,0.0
577,1966890,La Liga,Villarreal,Hugo López,Forward,6.3,0.0,0.0,0.0,0.0,0.0,0.0,0.0,0.0,0.0,0.0,0.0,0.0,0.0,0.0,0.0,0.0,0.0,0.0,0.0,0.0,0.0,0.0,0.0,0.5,0.5,0.0,0.0,0.0,0.0,0.0,0.0,0.0,0.0,0.0,0.0,0.0,0.0,2.5,2.5,0.0,100.0,0.5,2.0,1.0,0.0,0.0,0.0,0.0,2,1,55,0.0,0.0,1.0,0.0,2.0,0.5,0.5,16.67,0.5,20.0,0.0,0.0
578,801837,La Liga,Athletic Club,Íñigo Lekue,Defender,6.29,0.0,0.01,0.0,0.3,0.1,0.0,0.0,0.6,35.29,0.0,0.0,0.0,0.0,0.0,0.0,0.0,0.0,0.0,0.0,0.0,0.0,0.0,0.0,1.5,0.4,1.7,0.0,0.5,0.1,0.1,0.1,0.0,0.1,0.0,0.0,0.0,0.1,24.3,18.6,5.7,76.54,10.5,8.1,3.9,0.3,16.67,1.7,42.5,10,8,570,0.2,0.2,1.1,0.0,10.2,0.5,2.2,33.33,2.1,39.62,0.1,7.69
579,1916256,La Liga,Celta Vigo,Andrés Antañón,Midfielder,6.25,0.0,0.08,0.5,1.0,1.0,0.0,0.0,0.0,0.0,0.0,0.0,0.0,0.0,0.0,0.0,0.0,0.0,0.0,0.0,0.0,0.0,0.0,0.0,0.0,0.0,0.0,0.0,2.5,0.0,0.0,0.0,0.0,0.0,0.0,0.0,0.0,0.0,9.0,6.0,3.0,66.67,3.0,3.0,1.5,0.0,0.0,0.5,100.0,2,1,62,0.0,0.0,0.5,0.0,4.0,0.0,0.5,11.11,0.0,0.0,0.5,50.0
580,1402936,La Liga,Deportivo Alavés,Carlos Ballestero,Defender,6.2,0.0,0.0,0.0,0.0,0.0,0.0,0.0,0.0,0.0,0.0,0.0,0.0,0.0,0.0,0.0,0.0,0.0,0.0,0.0,0.0,0.0,0.0,0.0,0.0,0.0,1.0,0.0,1.0,0.0,0.0,0.0,0.0,0.0,0.0,0.0,0.0,0.0,0.0,0.0,0.0,0.0,0.0,0.0,0.0,0.0,0.0,0.0,0.0,1,0,9,0.0,0.0,0.0,0.0,1.0,0.0,0.0,0.0,0.0,0.0,0.0,0.0
581,1179148,La Liga,Atlético Madrid,Rayane Belaid,Midfielder,6.1,0.0,0.28,0.5,2.0,0.0,1.5,0.0,1.0,28.57,0.0,0.0,0.0,0.0,0.0,0.0,0.5,0.0,0.0,0.0,0.0,0.0,0.0,0.0,1.0,0.0,1.0,0.0,2.0,0.0,0.0,0.0,0.0,0.0,0.0,0.0,0.0,1.0,15.0,13.5,1.5,90.0,5.5,8.0,4.0,0.0,0.0,0.0,0.0,2,2,134,0.0,0.0,0.5,0.5,8.5,1.5,3.0,26.09,2.5,27.78,0.5,20.0
582,1430809,La Liga,Deportivo Alavés,Diego Morcillo,Forward,6.1,0.0,0.45,1.0,1.0,0.0,1.0,0.0,0.0,0.0,0.0,0.0,0.0,0.0,0.0,0.0,0.0,0.0,0.0,0.0,0.0,0.0,0.0,0.0,0.0,0.0,0.0,0.0,0.0,0.0,0.0,0.0,0.0,0.0,0.0,0.0,0.0,0.0,4.0,2.0,2.0,50.0,0.0,2.0,2.0,0.0,0.0,0.0,0.0,1,0,9,0.0,0.0,1.0,1.0,4.0,0.0,1.0,50.0,1.0,50.0,0.0,0.0
583,2269442,La Liga,Mallorca,Luis Orejuela,Defender,6.1,0.0,0.05,0.0,1.0,0.0,1.0,0.0,1.0,100.0,0.0,0.0,0.0,0.0,0.0,0.0,0.0,0.0,0.0,0.0,0.0,0.0,0.0,0.0,0.0,1.0,3.0,0.0,0.0,0.0,0.0,0.0,0.0,0.0,0.0,0.0,0.0,0.0,32.0,30.0,2.0,93.75,17.0,13.0,6.0,0.0,0.0,2.0,66.67,1,1,90,0.0,0.0,1.0,4.0,11.0,1.0,6.0,46.15,5.0,83.33,1.0,14.29
584,1136702,La Liga,Real Sociedad,Mikel Goti,Midfielder,6.07,0.0,0.09,0.25,0.75,0.0,0.25,0.0,0.5,66.67,0.0,0.0,0.0,0.0,0.0,0.0,0.0,0.0,0.0,0.0,0.0,0.0,0.0,0.0,0.0,0.0,0.25,0.25,0.0,0.25,0.0,0.0,0.0,0.0,0.0,0.0,0.0,0.0,7.25,3.5,3.75,48.28,0.5,3.0,1.75,0.0,0.0,0.25,20.0,4,1,81,0.0,0.0,1.5,0.0,6.0,0.5,1.25,23.81,0.5,20.0,0.75,27.27
585,856250,La Liga,Girona FC,Ladislav Krejčí,Defender,5.7,0.0,0.06,0.0,0.5,0.0,0.5,0.0,0.0,0.0,0.0,0.0,0.0,0.0,0.0,0.0,0.0,0.0,0.0,0.0,0.0,0.0,0.0,0.0,1.0,0.5,0.5,0.0,0.5,0.0,0.0,0.0,0.0,0.0,0.0,0.0,0.0,0.0,52.0,46.0,6.0,88.46,32.5,13.5,2.5,0.0,0.0,1.0,22.22,2,2,180,0.5,0.0,1.0,0.0,6.5,0.0,2.5,45.45,1.0,40.0,1.5,50.0
586,1100964,La Liga,Atlético Madrid,Aleksa Purić,Defender,0.0,0.0,0.0,0.0,0.0,0.0,0.0,0.0,0.0,0.0,0.0,0.0,0.0,0.0,0.0,0.0,0.0,0.0,0.0,0.0,0.0,0.0,0.0,0.0,0.0,1.0,0.0,0.0,0.0,0.0,0.0,0.0,0.0,0.0,0.0,0.0,0.0,0.0,0.0,0.0,0.0,0.0,0.0,0.0,0.0,0.0,0.0,0.0,0.0,1,0,1,0.0,0.0,0.0,1.0,0.0,0.0,1.0,100.0,1.0,100.0,0.0,0.0
587,1110138,La Liga,Real Madrid,Alvaro Leiva,Midfielder,0.0,0.0,0.0,0.0,0.0,0.0,0.0,0.0,0.0,0.0,0.0,0.0,0.0,0.0,0.0,0.0,0.0,0.0,0.0,0.0,0.0,0.0,0.0,0.0,0.0,0.0,0.0,0.0,0.0,0.0,0.0,0.0,0.0,0.0,0.0,0.0,0.0,0.0,2.0,1.0,1.0,50.0,1.0,0.0,0.0,0.0,0.0,0.0,0.0,1,0,3,0.0,0.0,0.0,0.0,2.0,0.0,0.0,0.0,0.0,0.0,0.0,0.0
588,1535581,La Liga,Real Sociedad,Lander Astiazaran,Midfielder,0.0,0.0,0.03,0.0,1.0,0.0,1.0,0.0,0.0,0.0,0.0,0.0,0.0,0.0,0.0,0.0,0.0,0.0,0.0,0.0,0.0,0.0,0.0,0.0,0.0,0.0,0.0,0.0,0.0,0.0,0.0,0.0,0.0,0.0,0.0,0.0,0.0,0.0,3.0,0.0,3.0,0.0,0.0,0.0,0.0,0.0,0.0,0.0,0.0,1,0,1,0.0,0.0,0.0,0.0,4.0,1.0,0.0,0.0,0.0,0.0,0.0,0.0
589,1122588,La Liga,Deportivo Alavés,Lander Pinillos,Midfielder,0.0,0.0,0.0,0.0,0.0,0.0,0.0,0.0,0.0,0.0,0.0,0.0,0.0,0.0,0.0,0.0,0.0,0.0,0.0,0.0,0.0,0.0,0.0,0.0,0.0,0.0,0.0,0.0,0.0,0.0,0.0,0.0,0.0,0.0,0.0,0.0,0.0,0.0,1.0,1.0,0.0,100.0,0.0,1.0,0.0,0.0,0.0,0.0,0.0,1,0,1,0.0,0.0,0.0,0.0,1.0,0.0,0.0,0.0,0.0,0.0,0.0,0.0
590,1171626,La Liga,Real Betis,Dani Pérez,Midfielder,0.0,0.0,0.0,0.0,0.0,0.0,0.0,0.0,1.0,50.0,0.0,0.0,0.0,0.0,0.0,0.0,0.0,0.0,0.0,0.0,0.0,0.0,0.0,0.0,0.0,0.0,0.0,0.0,0.0,0.0,0.0,0.0,0.0,0.0,0.0,0.0,0.0,0.0,1.0,1.0,0.0,100.0,1.0,0.0,0.0,0.0,0.0,0.0,0.0,1,0,1,0.0,0.0,0.0,1.0,1.0,0.0,2.0,66.67,2.0,66.67,0.0,0.0
591,1526575,La Liga,Real Sociedad,Arkaitz Mariezkurrena,Forward,0.0,0.0,0.0,0.0,0.0,0.0,0.0,0.0,0.0,0.0,0.0,0.0,0.0,0.0,0.0,0.0,0.0,0.0,0.0,0.0,0.0,0.0,0.0,0.0,0.0,0.0,2.0,0.0,0.0,0.0,0.0,1.0,0.0,0.0,0.0,0.0,0.0,0.0,0.0,0.0,0.0,0.0,0.0,0.0,0.0,0.0,0.0,0.0,0.0,1,0,1,0.0,0.0,2.0,0.0,0.0,0.0,0.0,0.0,0.0,0.0,0.0,0.0
