#,Player ID,League,Season,Team,Name,Position,Sofascore Rating,Goals,xG,Big chances missed,Total shots,Shots on target,Shots off target,Goal conversion %,Succ. dribbles,Succ. dribbles %,Goals inside box,Goals outside box,Headed goals,Left-footed goals,Right-footed goals,Hit woodwork,Offsides,Penalties won,Penalties taken,Penalty goals,Penalty conversion %,Free kick goals,Shots from set piece,Set piece conv. %,Tackles,Interceptions,Clearances,Blocked shots,Dribbled past,Errors leading to goal,Errors leading to shot,Penalties committed,Own goals,Clean sheets,Big chances created,Assists,Passes to assist,Key passes,Total passes,Accurate passes,Inaccurate passes,Accurate passes %,Passes in own half,Passes in opp. half,Acc. final third passes,Accurate crosses,Accurate crosses %,Accurate long balls,Accurate long balls %,Appearances,Started,Minutes played,Yellow cards,Red cards,Fouls,Was fouled,Possession lost,Dispossessed,Total duels won,Total duels won %,Ground duels won,Ground duels won %,Aerial duels won,Aerial duels won %
1,991011,La Liga,23/24,Real Madrid,Jude Bellingham,Midfielder,8.05,0.74,0.43,0.27,2.44,1.36,0.54,30.16,1.94,58.82,0.7,0.04,0.12,0.27,0.35,0.04,0.15,0.0,0.04,0.04,100.0,0.0,0.0,0.0,1.63,0.81,0.5,0,0.93,0.0,0.0,0.0,0.0,0.35,0.27,0.23,0.0,1.86,58.09,52.16,5.93,89.8,17.58,34.74,18.63,0.15,19.05,1.94,83.33,28,27,2324,0.19,0.04,1.24,2.79,12.04,1.55,7.28,54.81,6.27,55.67,1.01,50.0
2,70988,La Liga,23/24,Real Madrid,Thibaut Courtois,Goalkeeper,8.0,0.0,0.0,0.0,0.0,0.0,0.0,0.0,0.0,0.0,0.0,0.0,0.0,0.0,0.0,0.0,0.0,0.0,0.0,0.0,0.0,0.0,0.0,0.0,0.27,0.0,0.54,0,0.0,0.0,0.0,0.0,0.0,0.81,0.27,0.0,0.0,0.27,26.49,23.78,2.7,89.8,23.24,0.54,0.54,0.0,0.0,3.51,56.52,4,4,333,0.0,0.0,0.0,0.27,2.7,0.0,0.81,100.0,0.54,100.0,0.27,100.0
3,791046,La Liga,23/24,Mallorca,Dominik Greif,Goalkeeper,7.8,0.0,0.0,0.0,0.0,0.0,0.0,0.0,0.0,0.0,0.0,0.0,0.0,0.0,0.0,0.0,0.0,0.0,0.0,0.0,0.0,0.0,0.0,0.0,0.0,0.0,0.0,0,0.0,0.0,0.0,0.0,0.0,1.0,0.0,0.0,0.0,0.0,29.0,21.0,8.0,72.41,11.0,10.0,4.0,0.0,0.0,11.0,57.89,1,1,90,0.0,0.0,0.0,0.0,8.0,0.0,0.0,0.0,0.0,0.0,0.0,0.0
4,26502,La Liga,23/24,Real Madrid,Toni Kroos,Midfielder,7.63,0.04,0.07,0.0,1.48,0.55,0.51,2.86,0.21,62.5,0.0,0.04,0.0,0.0,0.04,0.08,0.13,0.0,0.0,0.0,0.0,0.0,0.42,0.0,2.23,0.72,0.25,0,1.48,0.0,0.04,0.0,0.0,0.21,0.38,0.34,0.04,2.66,99.82,94.51,5.31,94.68,41.27,54.76,24.28,1.52,30.51,9.74,85.87,33,24,2135,0.13,0.0,0.72,1.6,9.74,0.25,4.38,61.9,4.05,61.54,0.34,66.67
5,19356,La Liga,23/24,Celta Vigo,Iago Aspas,Forward,7.54,0.3,0.38,0.3,2.62,0.93,1.09,11.39,0.96,70.73,0.23,0.07,0.0,0.27,0.03,0.07,0.4,0.03,0.17,0.1,60.0,0.0,0.2,0.0,0.36,0.33,0.2,0,0.46,0.0,0.0,0.0,0.0,0.03,0.7,0.33,0.03,3.02,37.96,29.77,8.19,78.43,7.89,23.3,14.85,1.43,28.86,1.52,56.79,35,31,2715,0.2,0.03,0.63,1.96,15.25,1.19,3.51,49.07,3.25,55.06,0.27,21.05
6,103417,La Liga,23/24,Real Betis,Isco,Midfielder,7.52,0.31,0.32,0.42,2.46,1.0,0.69,12.5,2.93,59.38,0.31,0.0,0.0,0.08,0.23,0.12,0.12,0.0,0.08,0.08,100.0,0.0,0.15,0.0,1.58,0.38,0.23,0,0.92,0.0,0.0,0.0,0.0,0.15,0.46,0.19,0.0,3.12,51.39,44.31,7.08,86.22,12.24,33.72,18.75,1.66,28.29,2.73,71.72,29,28,2338,0.38,0.0,1.19,3.04,19.4,2.58,8.16,50.12,7.54,53.26,0.62,29.09
7,796047,La Liga,23/24,Girona FC,Aleix García,Midfielder,7.48,0.08,0.05,0.0,1.1,0.34,0.42,7.69,0.42,71.43,0.06,0.03,0.0,0.0,0.08,0.03,0.03,0.0,0.0,0.0,0.0,0.0,0.22,0.0,1.38,1.01,1.38,0,0.73,0.03,0.06,0.0,0.0,0.28,0.25,0.17,0.06,1.66,76.59,70.26,6.33,91.74,34.55,37.34,17.21,1.63,30.21,6.13,74.15,37,36,3201,0.11,0.03,0.82,1.01,11.7,0.42,3.29,54.93,2.76,57.31,0.53,45.24
8,45853,La Liga,23/24,FC Barcelona,İlkay Gündoğan,Midfielder,7.48,0.15,0.22,0.18,1.29,0.51,0.45,11.63,1.02,64.15,0.15,0.0,0.0,0.06,0.09,0.03,0.18,0.03,0.06,0.03,50.0,0.0,0.15,0.0,0.93,0.6,0.48,0,0.81,0.0,0.03,0.0,0.0,0.3,0.42,0.27,0.0,2.91,70.15,63.51,6.64,90.54,26.55,38.23,17.93,1.26,26.75,2.55,72.03,36,33,2997,0.15,0.0,0.45,1.26,13.09,0.84,3.42,51.58,3.18,54.36,0.24,30.77
9,7635,La Liga,23/24,Sevilla,Ivan Rakitić,Midfielder,7.46,0.13,0.08,0.0,2.02,0.51,0.82,6.25,0.51,47.06,0.06,0.06,0.0,0.0,0.13,0.0,0.06,0.0,0.0,0.0,0.0,0.0,0.19,0.0,1.89,0.88,0.69,0,0.51,0.0,0.0,0.0,0.0,0.13,0.19,0.06,0.0,3.09,58.99,47.94,11.05,81.26,19.14,31.45,16.23,2.65,32.06,5.68,60.4,18,16,1425,0.38,0.0,1.01,1.2,20.21,0.32,4.36,57.5,3.54,59.57,0.82,50.0
10,85859,La Liga,23/24,Atlético Madrid,Antoine Griezmann,Forward,7.45,0.54,0.42,0.37,2.68,1.15,0.75,20.25,0.75,59.46,0.54,0.0,0.07,0.41,0.07,0.07,0.47,0.0,0.14,0.14,100.0,0.0,0.1,0.0,1.12,0.34,0.71,0,0.88,0.03,0.0,0.0,0.0,0.2,0.34,0.2,0.0,1.46,42.25,34.93,7.32,82.66,13.29,22.58,11.09,0.95,22.76,1.9,71.79,33,31,2654,0.17,0.0,0.54,0.88,13.7,0.88,3.22,46.8,2.75,50.0,0.47,34.15
11,795222,La Liga,23/24,FC Barcelona,Frenkie de Jong,Midfielder,7.45,0.11,0.04,0.0,0.38,0.22,0.05,28.57,0.71,61.9,0.11,0.0,0.0,0.0,0.11,0.05,0.05,0.0,0.0,0.0,0.0,0.0,0.0,0.0,2.36,0.77,1.48,0,0.6,0.0,0.05,0.0,0.0,0.33,0.22,0.0,0.05,1.21,90.11,83.9,6.21,93.11,34.91,49.54,21.94,0.55,40.0,2.53,67.65,20,20,1637,0.38,0.0,1.04,1.21,9.4,0.93,5.55,58.38,4.29,58.65,1.26,57.5
12,880218,La Liga,23/24,Real Sociedad,Takefusa Kubo,Midfielder,7.41,0.29,0.15,0.17,1.92,0.88,0.54,15.22,2.3,55.56,0.29,0.0,0.0,0.25,0.04,0.04,0.33,0.0,0.0,0.0,0.0,0.0,0.08,0.0,1.09,0.46,0.21,0,0.58,0.0,0.04,0.0,0.0,0.21,0.42,0.17,0.04,2.46,29.65,23.89,5.76,80.56,5.89,19.55,12.03,1.55,25.52,0.92,68.75,30,24,2155,0.08,0.0,0.88,2.17,16.58,1.13,6.01,54.75,5.55,56.6,0.46,39.29
13,831808,La Liga,23/24,Real Madrid,Federico Valverde,Midfielder,7.38,0.06,0.11,0.19,1.73,0.59,0.71,3.57,0.68,51.16,0.03,0.03,0.0,0.0,0.06,0.06,0.0,0.0,0.0,0.0,0.0,0.0,0.03,0.0,1.45,1.33,0.93,0,0.56,0.0,0.0,0.0,0.0,0.43,0.28,0.22,0.0,1.52,64.11,58.45,5.66,91.17,22.61,36.03,18.74,0.19,20.0,2.69,68.5,37,33,2910,0.06,0.0,0.59,0.46,8.72,0.37,3.25,57.38,2.6,55.26,0.65,67.74
14,15466,La Liga,23/24,Real Madrid,Luka Modrić,Midfielder,7.35,0.11,0.07,0.0,1.34,0.53,0.48,8.0,1.12,55.26,0.05,0.05,0.0,0.05,0.05,0.11,0.11,0.0,0.0,0.0,0.0,0.0,0.05,0.0,1.18,1.12,0.32,0,0.85,0.0,0.0,0.0,0.0,0.11,0.64,0.32,0.11,3.04,83.48,76.06,7.42,91.11,26.76,50.37,25.69,1.07,22.22,5.29,79.2,32,18,1685,0.11,0.0,1.01,1.12,14.37,1.01,3.85,48.0,3.42,47.76,0.43,50.0
15,146866,La Liga,23/24,Villarreal,Gerard Moreno,Forward,7.35,0.4,0.39,0.28,2.54,0.85,0.93,15.87,1.74,54.43,0.36,0.04,0.0,0.28,0.12,0.12,0.69,0.0,0.12,0.08,66.67,0.0,0.0,0.0,1.01,0.36,0.93,0,0.57,0.0,0.0,0.0,0.0,0.04,0.36,0.24,0.08,2.22,38.88,30.93,7.95,79.54,9.17,22.05,13.12,0.28,25.93,2.14,67.09,30,28,2229,0.0,0.0,0.89,1.53,14.86,2.14,5.37,47.33,4.28,46.9,1.09,49.09
16,1402912,La Liga,23/24,FC Barcelona,Lamine Yamal,Midfielder,7.34,0.2,0.21,0.12,2.38,0.86,0.94,8.62,2.87,54.69,0.16,0.04,0.0,0.16,0.04,0.2,0.16,0.08,0.0,0.0,0.0,0.0,0.0,0.0,2.5,0.78,0.37,0,1.23,0.0,0.0,0.0,0.0,0.2,0.53,0.2,0.0,1.56,42.03,35.35,6.68,84.11,7.13,29.29,17.04,1.07,29.89,0.7,70.83,37,22,2197,0.12,0.0,0.94,2.13,15.57,1.07,7.58,55.72,7.5,57.37,0.08,15.38
17,10710,La Liga,23/24,Sevilla,Sergio Ramos,Defender,7.34,0.11,0.07,0.04,1.0,0.39,0.39,10.71,0.21,66.67,0.11,0.0,0.07,0.0,0.04,0.04,0.32,0.0,0.0,0.0,0.0,0.0,0.18,0.0,1.61,1.47,5.58,0,0.46,0.0,0.0,0.04,0.04,0.25,0.0,0.0,0.0,0.14,54.15,48.29,5.86,89.17,32.99,15.3,4.72,0.0,0.0,6.33,66.29,28,28,2518,0.25,0.04,0.97,0.79,6.79,0.21,5.47,64.02,2.61,62.39,2.86,65.57
18,868812,La Liga,23/24,Real Madrid,Vinícius Júnior,Forward,7.33,0.72,0.63,0.82,3.75,1.88,1.11,19.23,3.12,40.63,0.62,0.1,0.05,0.05,0.53,0.0,0.48,0.0,0.05,0.05,100.0,0.0,0.0,0.0,0.87,0.05,0.0,0,0.43,0.05,0.05,0.0,0.0,0.19,0.43,0.24,0.05,1.54,29.9,23.37,6.54,78.14,3.7,19.95,12.88,0.29,10.71,1.54,61.54,26,22,1872,0.34,0.0,1.15,2.6,19.9,1.92,6.63,44.23,6.59,45.07,0.05,12.5
19,783374,La Liga,23/24,Athletic Club,Iñaki Williams,Midfielder,7.32,0.38,0.3,0.35,2.93,1.36,1.01,12.9,1.54,44.95,0.32,0.06,0.03,0.06,0.28,0.16,0.79,0.0,0.0,0.0,0.0,0.0,0.0,0.0,0.76,0.44,0.85,0,0.66,0.0,0.0,0.0,0.03,0.25,0.32,0.09,0.0,1.39,27.02,19.92,7.09,73.75,4.95,15.57,9.17,0.6,17.12,0.22,35.0,34,32,2855,0.13,0.0,1.01,1.42,16.68,1.48,4.73,45.05,3.72,42.45,1.01,58.18
20,910536,La Liga,23/24,Real Madrid,Rodrygo,Forward,7.31,0.38,0.44,0.45,3.28,1.36,1.17,11.49,2.26,46.88,0.34,0.04,0.0,0.04,0.34,0.08,0.49,0.04,0.04,0.0,0.0,0.0,0.15,0.0,0.6,0.3,0.15,0,0.53,0.0,0.0,0.0,0.0,0.15,0.19,0.19,0.0,1.73,36.22,32.56,3.66,89.91,5.16,27.74,18.73,0.34,28.13,0.34,81.82,34,28,2388,0.08,0.0,0.38,1.73,11.46,1.13,4.79,47.04,4.6,50.0,0.19,19.23
21,1471513,La Liga,23/24,Girona FC,Antal Yaakobishvili,Defender,7.3,0.0,0.0,0.0,0.0,0.0,0.0,0.0,0.0,0.0,0.0,0.0,0.0,0.0,0.0,0.0,0.0,0.0,0.0,0.0,0.0,0.0,0.0,0.0,3.0,4.5,4.5,0,0.0,0.0,0.0,0.0,0.0,0.0,1.5,0.0,0.0,1.5,63.0,55.5,7.5,88.1,46.5,9.0,3.0,0.0,0.0,7.5,62.5,1,0,60,0.0,0.0,1.5,0.0,9.0,1.5,6.0,57.14,3.0,50.0,3.0,66.67
22,19013,La Liga,23/24,Mallorca,Iván Cuéllar,Goalkeeper,7.3,0.0,0.0,0.0,0.0,0.0,0.0,0.0,0.0,0.0,0.0,0.0,0.0,0.0,0.0,0.0,0.0,0.0,0.0,0.0,0.0,0.0,0.0,0.0,0.0,0.0,0.0,0,0.0,0.0,0.0,0.0,0.0,0.0,0.0,0.0,0.0,0.0,27.0,16.0,11.0,59.26,16.0,0.0,0.0,0.0,0.0,4.0,28.57,1,1,90,0.0,0.0,0.0,0.0,11.0,0.0,0.0,0.0,0.0,0.0,0.0,0.0
23,1046795,La Liga,23/24,Girona FC,Savinho,Midfielder,7.29,0.27,0.18,0.15,1.35,0.6,0.42,20.0,3.13,53.61,0.24,0.03,0.0,0.27,0.0,0.06,0.48,0.06,0.0,0.0,0.0,0.0,0.0,0.0,1.26,0.54,0.15,0,0.36,0.0,0.03,0.0,0.0,0.12,0.42,0.3,0.03,1.63,27.94,23.25,4.7,83.19,6.5,17.61,10.72,0.87,24.17,0.57,61.29,37,35,2989,0.15,0.0,0.9,1.99,15.39,1.48,6.5,53.2,6.38,54.5,0.12,23.53
24,990659,La Liga,23/24,Deportivo Alavés,Jesús Owono,Goalkeeper,7.28,0.0,0.0,0.0,0.0,0.0,0.0,0.0,0.0,0.0,0.0,0.0,0.0,0.0,0.0,0.0,0.0,0.0,0.0,0.0,0.0,0.0,0.0,0.0,0.0,0.0,1.25,0,0.0,0.0,0.0,0.0,0.0,0.25,0.0,0.0,0.0,0.0,27.5,17.0,10.5,61.82,8.5,8.5,4.25,0.0,0.0,9.5,47.5,4,4,360,0.25,0.0,0.0,0.0,10.5,0.0,0.5,100.0,0.0,0.0,0.5,100.0
25,831005,La Liga,23/24,FC Barcelona,Raphinha,Midfielder,7.28,0.39,0.48,0.65,3.85,1.44,1.63,10.17,1.57,55.81,0.26,0.13,0.07,0.33,0.0,0.2,0.46,0.07,0.07,0.07,100.0,0.0,0.65,0.0,0.91,0.85,0.72,0,0.91,0.0,0.0,0.0,0.0,0.13,0.72,0.59,0.0,2.68,38.31,31.0,7.31,80.92,9.72,23.1,13.25,1.83,34.57,1.83,59.57,28,17,1379,0.26,0.07,1.11,1.63,15.73,0.52,4.7,53.33,4.11,52.07,0.59,64.29
26,1091116,La Liga,23/24,Real Madrid,Arda Güler,Midfielder,7.27,1.38,0.33,0.0,3.46,1.38,0.92,40.0,2.54,55.0,1.38,0.0,0.0,1.15,0.23,0.23,0.23,0.23,0.0,0.0,0.0,0.0,0.23,0.0,1.38,0.46,0.23,0,0.69,0.0,0.0,0.0,0.0,0.23,0.0,0.0,0.0,0.46,46.85,41.31,5.54,88.18,13.85,27.92,14.77,0.46,15.38,2.08,75.0,10,4,390,0.23,0.0,2.54,1.85,12.92,1.15,5.77,47.17,5.77,47.17,0.0,0.0
27,910031,La Liga,23/24,Villarreal,Alex Baena,Midfielder,7.25,0.07,0.28,0.28,2.53,0.9,0.87,2.74,0.9,52.0,0.07,0.0,0.0,0.0,0.07,0.07,0.28,0.03,0.03,0.0,0.0,0.0,0.17,0.0,1.18,0.45,0.55,0,0.93,0.0,0.03,0.03,0.0,0.07,0.59,0.48,0.07,2.98,36.36,28.53,7.83,78.48,10.28,20.29,11.32,2.04,33.71,2.15,59.62,34,33,2599,0.38,0.03,1.8,1.97,16.83,1.14,4.33,46.3,4.05,46.8,0.28,40.0
28,138892,La Liga,23/24,FC Barcelona,João Cancelo,Defender,7.25,0.07,0.06,0.04,1.15,0.36,0.29,6.25,2.15,61.22,0.07,0.0,0.0,0.0,0.07,0.04,0.14,0.0,0.0,0.0,0.0,0.0,0.0,0.0,2.3,1.04,1.51,0,0.72,0.04,0.0,0.0,0.0,0.36,0.4,0.14,0.0,1.26,55.92,47.33,8.58,84.65,20.08,27.91,13.43,0.65,21.95,2.55,58.68,32,29,2506,0.25,0.0,1.44,0.93,16.09,0.9,6.25,54.38,5.39,55.15,0.86,50.0
29,164343,La Liga,23/24,Girona FC,Paulo Gazzaniga,Goalkeeper,7.24,0.0,0.0,0.0,0.0,0.0,0.0,0.0,0.16,100.0,0.0,0.0,0.0,0.0,0.0,0.03,0.0,0.0,0.0,0.0,0.0,0.0,0.0,0.0,0.05,0.0,0.45,0,0.05,0.0,0.03,0.0,0.0,0.32,0.05,0.0,0.0,0.08,31.79,24.13,7.66,75.91,21.21,2.92,0.92,0.0,0.0,5.21,41.25,38,38,3420,0.05,0.0,0.0,0.21,7.89,0.03,0.63,88.89,0.39,83.33,0.24,100.0
30,249399,La Liga,23/24,Atlético Madrid,Rodrigo De Paul,Midfielder,7.24,0.13,0.08,0.09,1.3,0.52,0.52,10.0,1.21,58.33,0.04,0.09,0.0,0.0,0.13,0.09,0.04,0.0,0.0,0.0,0.0,0.0,0.04,0.0,1.34,0.48,0.52,0,0.99,0.04,0.04,0.0,0.0,0.09,0.48,0.22,0.0,1.68,63.83,54.67,9.16,85.66,23.45,31.79,15.85,0.56,28.26,4.28,68.28,34,25,2084,0.3,0.0,1.17,2.55,14.42,0.56,5.31,59.42,5.05,59.69,0.26,54.55
31,826948,La Liga,23/24,Valencia,Pepelu,Midfielder,7.24,0.19,0.2,0.03,0.95,0.33,0.44,20.0,0.33,54.55,0.19,0.0,0.0,0.0,0.19,0.08,0.03,0.0,0.22,0.19,87.5,0.0,0.33,0.0,2.12,1.33,1.88,0,0.93,0.0,0.0,0.03,0.0,0.33,0.05,0.03,0.03,1.52,53.62,44.17,9.45,82.38,20.8,24.62,11.71,1.25,31.29,3.65,54.92,37,37,3305,0.11,0.0,1.39,1.09,13.83,0.57,5.09,54.36,3.51,52.87,1.58,58.0
32,255239,La Liga,23/24,Real Madrid,Lucas Vázquez,Midfielder,7.24,0.19,0.07,0.12,0.75,0.44,0.25,25.0,1.5,55.81,0.19,0.0,0.06,0.06,0.06,0.0,0.31,0.06,0.0,0.0,0.0,0.0,0.0,0.0,2.31,0.75,1.81,0,0.44,0.0,0.0,0.0,0.0,0.37,0.56,0.37,0.0,1.87,57.23,50.68,6.55,88.55,21.53,29.77,14.98,0.62,21.28,0.75,30.0,29,14,1442,0.0,0.0,1.37,1.56,13.04,0.94,5.62,56.6,5.37,57.72,0.25,40.0
33,41789,La Liga,23/24,FC Barcelona,Robert Lewandowski,Forward,7.23,0.62,0.59,0.59,3.07,1.4,0.85,20.21,0.75,43.4,0.55,0.07,0.13,0.03,0.46,0.03,0.78,0.03,0.13,0.13,100.0,0.03,0.1,33.33,0.26,0.29,0.59,0,0.26,0.0,0.0,0.0,0.0,0.29,0.33,0.26,0.0,0.88,18.47,13.35,5.12,72.26,3.43,10.12,5.68,0.2,33.33,0.49,53.57,35,32,2758,0.16,0.0,0.75,1.79,10.7,0.91,4.47,49.82,2.81,49.71,1.66,50.0
34,138572,La Liga,23/24,Real Madrid,Dani Carvajal,Defender,7.23,0.16,0.07,0.12,0.74,0.41,0.25,22.22,0.37,45.0,0.12,0.04,0.04,0.04,0.08,0.04,0.08,0.0,0.0,0.0,0.0,0.0,0.0,0.0,1.94,0.91,1.81,0,0.78,0.04,0.12,0.0,0.0,0.33,0.16,0.12,0.04,0.91,52.44,45.8,6.64,87.34,21.73,24.45,11.58,0.37,18.37,1.48,54.55,28,25,2183,0.12,0.04,0.95,0.78,10.84,0.74,3.96,51.89,3.05,51.39,0.91,53.66
35,319735,La Liga,23/24,Girona FC,Viktor Tsygankov,Midfielder,7.22,0.35,0.27,0.22,1.92,0.7,0.7,18.18,0.96,47.83,0.3,0.04,0.0,0.17,0.17,0.17,0.17,0.0,0.0,0.0,0.0,0.0,0.13,0.0,1.26,0.52,0.87,0,0.52,0.0,0.0,0.04,0.0,0.04,0.52,0.3,0.0,1.48,36.62,30.44,6.18,83.12,10.28,20.99,12.98,0.83,30.65,0.78,58.06,30,26,2067,0.0,0.0,0.61,1.79,13.06,1.52,4.57,51.72,3.96,52.0,0.61,50.0
36,592010,La Liga,23/24,Real Sociedad,Mikel Merino,Midfielder,7.22,0.18,0.12,0.14,1.09,0.4,0.51,16.67,0.87,64.86,0.18,0.0,0.07,0.07,0.04,0.0,0.22,0.0,0.0,0.0,0.0,0.0,0.0,0.0,2.79,0.58,1.99,0,0.94,0.0,0.11,0.04,0.0,0.33,0.14,0.11,0.0,0.72,49.98,38.72,11.26,77.46,15.72,23.14,12.82,0.14,21.05,2.03,65.88,32,27,2485,0.36,0.0,2.54,2.21,16.41,1.52,11.81,56.11,5.72,52.15,6.08,60.43
37,992587,La Liga,23/24,FC Barcelona,Pedri,Midfielder,7.22,0.24,0.19,0.24,0.91,0.42,0.24,26.67,0.97,44.44,0.24,0.0,0.0,0.24,0.0,0.06,0.06,0.0,0.0,0.0,0.0,0.0,0.0,0.0,2.0,0.85,0.42,0,1.15,0.0,0.0,0.0,0.0,0.06,0.48,0.12,0.0,2.24,70.57,61.98,8.59,87.82,21.49,40.73,19.61,0.24,44.44,2.24,74.0,24,16,1487,0.18,0.0,0.67,1.33,13.44,0.91,4.48,51.39,4.3,52.21,0.18,37.5
38,962053,La Liga,23/24,Villarreal,Filip Jørgensen,Goalkeeper,7.21,0.0,0.0,0.0,0.0,0.0,0.0,0.0,0.03,100.0,0.0,0.0,0.0,0.0,0.0,0.0,0.0,0.0,0.0,0.0,0.0,0.0,0.0,0.0,0.08,0.06,0.72,0,0.03,0.0,0.08,0.03,0.0,0.17,0.0,0.0,0.0,0.0,31.17,24.31,6.86,77.99,21.33,2.97,0.83,0.0,0.0,4.94,42.58,36,36,3240,0.11,0.0,0.06,0.14,7.11,0.03,0.56,83.33,0.25,69.23,0.31,100.0
39,874705,La Liga,23/24,Atlético Madrid,Samuel Lino,Midfielder,7.21,0.17,0.24,0.22,2.33,0.91,0.52,7.41,1.72,58.82,0.17,0.0,0.0,0.13,0.04,0.09,0.39,0.04,0.0,0.0,0.0,0.0,0.0,0.0,2.63,0.6,0.73,0,1.51,0.0,0.0,0.0,0.0,0.09,0.43,0.22,0.04,1.51,39.93,33.25,6.68,83.26,13.97,19.54,10.31,0.26,14.63,1.25,56.86,34,25,2087,0.0,0.0,1.12,2.41,13.5,1.51,7.16,54.79,6.73,56.73,0.43,35.71
40,13249,La Liga,23/24,Real Betis,Claudio Bravo,Goalkeeper,7.2,0.0,0.0,0.0,0.0,0.0,0.0,0.0,0.0,0.0,0.0,0.0,0.0,0.0,0.0,0.0,0.0,0.0,0.0,0.0,0.0,0.0,0.0,0.0,0.0,0.0,1.14,0,0.14,0.0,0.0,0.0,0.0,0.29,0.0,0.0,0.0,0.14,28.43,22.29,6.14,78.39,19.29,3.0,0.43,0.0,0.0,6.29,50.57,7,7,630,0.0,0.0,0.0,0.14,6.29,0.0,0.43,75.0,0.0,0.0,0.43,100.0
41,835485,La Liga,23/24,Real Madrid,Brahim Díaz,Midfielder,7.2,0.46,0.32,0.23,2.16,0.97,0.57,21.05,3.13,52.88,0.46,0.0,0.0,0.11,0.34,0.11,0.28,0.0,0.0,0.0,0.0,0.0,0.0,0.0,1.65,0.28,0.11,0,0.4,0.0,0.0,0.0,0.0,0.06,0.51,0.34,0.0,1.71,39.65,34.53,5.12,87.09,7.91,27.36,16.5,0.74,41.94,0.85,65.22,31,18,1582,0.0,0.0,1.25,2.33,14.85,2.39,7.28,50.0,7.11,51.23,0.17,25.0
42,341097,La Liga,23/24,Cádiz,Jeremías Ledesma,Goalkeeper,7.2,0.0,0.0,0.0,0.0,0.0,0.0,0.0,0.06,100.0,0.0,0.0,0.0,0.0,0.0,0.0,0.0,0.0,0.0,0.0,0.0,0.0,0.0,0.0,0.03,0.0,1.15,0,0.09,0.06,0.03,0.0,0.0,0.27,0.0,0.0,0.0,0.03,31.47,17.06,14.4,54.22,8.5,8.56,3.69,0.0,0.0,9.68,40.34,34,34,3049,0.0,0.0,0.03,0.15,14.7,0.0,0.41,66.67,0.21,63.64,0.21,70.0
43,807116,La Liga,23/24,Mallorca,Antonio Raíllo,Defender,7.2,0.12,0.06,0.0,1.19,0.37,0.49,10.34,0.04,50.0,0.12,0.0,0.12,0.0,0.0,0.0,0.12,0.0,0.0,0.0,0.0,0.0,0.0,0.0,1.23,1.51,4.25,0,0.25,0.0,0.08,0.0,0.0,0.25,0.12,0.08,0.0,0.33,47.17,40.46,6.7,85.79,28.2,12.26,3.6,0.0,0.0,2.57,53.39,26,25,2202,0.16,0.04,1.31,0.33,7.64,0.29,6.62,60.67,1.59,47.56,5.03,66.49
44,798820,La Liga,23/24,Girona FC,Artem Dovbyk,Forward,7.2,0.83,0.84,0.76,2.94,1.59,1.07,28.24,0.59,68.0,0.79,0.03,0.21,0.59,0.03,0.03,1.14,0.0,0.28,0.24,87.5,0.0,0.03,0.0,0.14,0.0,0.59,0,0.07,0.0,0.0,0.0,0.0,0.1,0.35,0.28,0.0,0.93,13.34,9.57,3.77,71.76,3.49,6.08,4.21,0.0,0.0,0.14,100.0,36,32,2605,0.07,0.0,0.93,0.45,7.57,1.35,2.52,39.04,1.14,30.84,1.38,50.0
45,235386,La Liga,23/24,Valencia,Jaume Doménech,Goalkeeper,7.2,0.0,0.0,0.0,0.0,0.0,0.0,0.0,0.0,0.0,0.0,0.0,0.0,0.0,0.0,0.0,0.0,0.0,0.0,0.0,0.0,0.0,0.0,0.0,0.0,0.0,2.28,0,0.0,0.0,0.0,0.0,0.0,0.0,0.0,0.0,0.0,0.0,33.04,12.53,20.51,37.93,9.11,3.42,1.14,0.0,0.0,4.56,18.18,2,1,79,0.0,0.0,0.0,1.14,20.51,0.0,1.14,50.0,1.14,100.0,0.0,0.0
46,138390,La Liga,23/24,Cádiz,David Gil,Goalkeeper,7.2,0.0,0.0,0.0,0.0,0.0,0.0,0.0,0.0,0.0,0.0,0.0,0.0,0.0,0.0,0.0,0.0,0.0,0.0,0.0,0.0,0.0,0.0,0.0,0.0,0.0,1.21,0,0.24,0.0,0.0,0.0,0.0,0.24,0.0,0.0,0.0,0.0,34.93,16.98,17.95,48.61,5.09,11.89,2.91,0.0,0.0,12.61,41.27,5,4,371,0.24,0.0,0.0,0.49,17.95,0.0,1.46,85.71,0.49,66.67,0.97,100.0
47,88625,La Liga,23/24,FC Barcelona,Marc-André Ter Stegen,Goalkeeper,7.2,0.0,0.0,0.0,0.0,0.0,0.0,0.0,0.0,0.0,0.0,0.0,0.0,0.0,0.0,0.0,0.0,0.0,0.0,0.0,0.0,0.0,0.0,0.0,0.0,0.0,0.46,0,0.0,0.07,0.04,0.0,0.0,0.54,0.0,0.0,0.0,0.04,32.82,29.0,3.82,88.36,27.04,1.96,0.39,0.0,0.0,5.82,63.67,28,28,2520,0.11,0.0,0.0,0.04,3.93,0.0,0.18,100.0,0.04,100.0,0.14,100.0
48,857574,La Liga,23/24,Real Madrid,Andriy Lunin,Goalkeeper,7.2,0.0,0.0,0.0,0.0,0.0,0.0,0.0,0.0,0.0,0.0,0.0,0.0,0.0,0.0,0.0,0.0,0.0,0.0,0.0,0.0,0.0,0.0,0.0,0.0,0.0,1.38,0,0.05,0.05,0.0,0.0,0.0,0.48,0.0,0.0,0.0,0.05,27.1,23.1,4.0,85.24,22.29,0.81,0.38,0.0,0.0,3.19,45.89,21,21,1890,0.1,0.0,0.0,0.14,4.1,0.0,0.52,91.67,0.05,50.0,0.48,100.0
49,37318,La Liga,23/24,Osasuna,Ante Budimir,Forward,7.19,0.62,0.52,0.44,2.83,1.28,0.92,22.08,0.37,33.33,0.59,0.04,0.15,0.44,0.04,0.07,0.99,0.11,0.15,0.11,75.0,0.0,0.0,0.0,0.77,0.18,0.66,0,0.33,0.0,0.0,0.0,0.0,0.07,0.15,0.07,0.0,0.44,15.67,8.59,7.08,54.8,2.13,6.57,3.74,0.11,30.0,0.04,20.0,33,29,2453,0.15,0.0,1.47,0.95,12.29,1.14,7.89,49.65,1.91,35.62,5.98,56.79
50,605672,La Liga,23/24,Athletic Club,Gorka Guruzeta,Forward,7.19,0.56,0.47,0.32,2.57,1.25,0.6,21.88,0.76,59.38,0.52,0.04,0.12,0.08,0.36,0.04,0.44,0.04,0.04,0.0,0.0,0.0,0.12,0.0,1.37,0.68,0.92,0,0.84,0.0,0.0,0.04,0.0,0.12,0.2,0.2,0.0,1.08,24.15,16.79,7.35,69.55,5.54,11.37,6.43,0.12,27.27,0.56,51.85,32,30,2240,0.08,0.0,1.81,0.92,12.05,1.17,5.87,42.82,3.05,42.22,2.81,43.48
51,973887,La Liga,23/24,Real Madrid,Eduardo Camavinga,Midfielder,7.19,0.0,0.05,0.0,0.84,0.35,0.25,0.0,1.78,66.67,0.0,0.0,0.0,0.0,0.0,0.0,0.05,0.0,0.0,0.0,0.0,0.0,0.0,0.0,3.75,1.43,1.04,0,0.79,0.0,0.05,0.05,0.0,0.15,0.1,0.1,0.0,0.99,64.05,58.47,5.58,91.29,27.48,31.13,14.31,0.15,75.0,1.92,62.9,31,21,1824,0.44,0.0,2.42,3.36,9.62,1.18,9.77,62.26,8.88,63.83,0.89,50.0
52,845385,La Liga,23/24,Real Sociedad,Brais Méndez,Midfielder,7.19,0.19,0.16,0.04,2.45,0.63,0.97,7.58,0.89,43.64,0.07,0.11,0.07,0.11,0.0,0.15,0.11,0.04,0.0,0.0,0.0,0.07,0.37,20.0,1.56,0.45,0.78,0,1.04,0.0,0.0,0.0,0.0,0.19,0.33,0.22,0.04,1.52,41.99,33.99,8.0,80.96,12.16,22.72,11.53,0.89,23.08,1.86,56.18,32,27,2420,0.26,0.0,2.16,2.08,15.77,1.12,5.47,45.09,4.5,45.83,0.97,41.94
53,309078,La Liga,23/24,Villarreal,Alexander Sørloth,Forward,7.19,0.83,0.45,0.51,2.82,1.3,0.83,29.49,1.08,42.86,0.83,0.0,0.25,0.43,0.14,0.04,0.83,0.04,0.0,0.0,0.0,0.0,0.0,0.0,0.22,0.0,0.94,0,0.14,0.0,0.0,0.0,0.0,0.11,0.22,0.22,0.0,1.23,16.69,12.79,3.9,76.62,3.97,8.89,5.85,0.07,28.57,0.11,37.5,34,30,2491,0.11,0.0,1.23,0.69,11.67,2.2,4.88,42.99,1.99,29.1,2.89,64.0
54,859025,La Liga,23/24,Real Madrid,Aurélien Tchouaméni,Midfielder,7.18,0.14,0.06,0.0,1.22,0.32,0.36,11.11,0.27,66.67,0.09,0.05,0.09,0.0,0.05,0.0,0.0,0.0,0.0,0.0,0.0,0.0,0.0,0.0,1.72,1.27,2.26,0,0.41,0.0,0.05,0.0,0.0,0.5,0.05,0.05,0.0,0.5,67.32,61.94,5.38,92.01,33.07,29.05,11.61,0.18,18.18,2.26,64.94,27,22,1992,0.32,0.0,0.9,0.99,7.77,0.54,5.29,63.59,2.98,60.55,2.3,68.0
55,816763,La Liga,23/24,Real Betis,Pablo Fornals,Midfielder,7.18,0.23,0.14,0.16,1.33,0.47,0.23,17.65,0.86,44.0,0.23,0.0,0.0,0.16,0.08,0.08,0.31,0.0,0.0,0.0,0.0,0.0,0.0,0.0,1.87,1.72,0.47,0,0.78,0.0,0.16,0.0,0.0,0.08,0.31,0.16,0.0,1.8,47.22,37.0,10.23,78.35,12.25,25.92,14.13,1.17,29.41,1.95,52.08,15,14,1153,0.16,0.0,1.01,1.09,17.56,1.01,4.68,50.85,3.82,50.0,0.86,55.0
56,1513451,La Liga,23/24,Las Palmas,Juanma Herzog,Defender,7.18,0.62,0.21,0.0,0.93,0.93,0.0,66.67,0.31,100.0,0.62,0.0,0.62,0.0,0.0,0.0,0.0,0.0,0.0,0.0,0.0,0.0,0.0,0.0,1.86,0.62,5.26,0,0.93,0.0,0.0,0.0,0.0,0.62,0.0,0.0,0.0,0.0,68.04,60.31,7.73,88.64,50.41,9.9,0.62,0.0,0.0,0.93,25.0,4,3,291,0.31,0.0,0.31,0.31,8.04,0.0,3.71,63.16,2.47,66.67,1.24,57.14
57,964983,La Liga,23/24,Las Palmas,Álvaro Valles,Goalkeeper,7.18,0.0,0.0,0.0,0.0,0.0,0.0,0.0,0.03,100.0,0.0,0.0,0.0,0.0,0.0,0.0,0.0,0.0,0.0,0.0,0.0,0.0,0.0,0.0,0.08,0.0,1.82,0,0.14,0.03,0.0,0.0,0.0,0.22,0.0,0.0,0.0,0.0,47.34,37.31,10.04,78.8,34.3,3.01,0.72,0.0,0.0,6.04,39.04,37,37,3264,0.06,0.03,0.03,0.17,10.53,0.0,0.5,69.23,0.25,60.0,0.25,81.82
58,929975,La Liga,23/24,Real Betis,Francisco Vieites,Goalkeeper,7.18,0.0,0.0,0.0,0.0,0.0,0.0,0.0,0.0,0.0,0.0,0.0,0.0,0.0,0.0,0.0,0.0,0.0,0.0,0.0,0.0,0.0,0.0,0.0,0.29,0.0,1.14,0,0.0,0.0,0.29,0.0,0.0,0.57,0.0,0.0,0.0,0.0,28.29,16.57,11.71,58.59,14.29,2.29,0.29,0.0,0.0,5.43,32.2,4,3,315,0.0,0.0,0.0,0.0,12.29,0.0,0.57,100.0,0.29,100.0,0.29,100.0
59,337671,La Liga,23/24,Real Betis,Nabil Fekir,Midfielder,7.17,0.09,0.19,0.26,2.4,0.77,0.77,3.57,1.8,77.78,0.09,0.0,0.0,0.0,0.09,0.09,0.69,0.0,0.0,0.0,0.0,0.0,0.51,0.0,1.29,0.6,0.17,0,0.43,0.0,0.0,0.0,0.0,0.09,0.34,0.17,0.0,2.57,47.02,39.55,7.46,84.12,10.12,30.97,18.79,1.54,32.14,1.03,57.14,19,10,1049,0.09,0.0,1.89,3.0,17.59,1.97,6.95,56.25,6.09,57.72,0.86,47.62
60,129451,La Liga,23/24,Almería,Jonathan Viera,Midfielder,7.17,0.12,0.21,0.18,1.52,0.64,0.64,7.69,1.11,52.78,0.12,0.0,0.0,0.0,0.12,0.06,0.29,0.0,0.12,0.12,100.0,0.0,0.18,0.0,1.46,0.23,0.12,0,0.99,0.0,0.0,0.0,0.0,0.0,0.47,0.23,0.0,2.57,59.94,53.29,6.65,88.9,21.65,31.93,16.87,0.29,22.73,1.05,54.55,21,19,1542,0.12,0.06,0.76,1.87,12.02,1.05,4.67,51.61,4.44,53.9,0.23,28.57
61,1154935,La Liga,23/24,Celta Vigo,Hugo Álvarez,Midfielder,7.16,0.12,0.12,0.12,1.38,0.46,0.46,8.33,1.84,59.26,0.0,0.12,0.0,0.0,0.12,0.0,0.12,0.0,0.0,0.0,0.0,0.0,0.0,0.0,1.61,0.58,0.92,0,1.27,0.0,0.0,0.0,0.0,0.0,0.35,0.12,0.0,2.19,42.87,36.65,6.22,85.48,9.45,27.66,15.67,0.46,18.18,0.23,16.67,12,8,781,0.12,0.0,1.04,1.04,13.48,1.5,5.07,46.81,4.49,46.99,0.58,45.45
62,26937,La Liga,23/24,Villarreal,Pepe Reina,Goalkeeper,7.15,0.0,0.0,0.0,0.0,0.0,0.0,0.0,0.0,0.0,0.0,0.0,0.0,0.0,0.0,0.0,0.0,0.0,0.0,0.0,0.0,0.0,0.0,0.0,0.0,0.0,1.0,0,0.0,0.0,0.0,0.0,0.0,0.0,0.0,0.0,0.0,0.0,28.5,22.5,6.0,78.95,20.0,2.5,1.0,0.0,0.0,5.0,45.45,2,2,180,1.0,0.5,0.0,0.0,6.0,0.0,0.5,100.0,0.0,0.0,0.5,100.0
63,827212,La Liga,23/24,FC Barcelona,Jules Koundé,Defender,7.15,0.03,0.06,0.03,0.75,0.22,0.25,4.17,0.5,50.0,0.03,0.0,0.03,0.0,0.0,0.0,0.06,0.0,0.0,0.0,0.0,0.0,0.0,0.0,1.15,0.78,2.42,0,0.71,0.0,0.16,0.0,0.0,0.47,0.16,0.06,0.0,0.71,78.14,71.0,7.14,90.86,35.11,36.17,15.9,0.28,26.47,3.14,57.06,35,32,2899,0.12,0.0,0.68,0.5,10.4,0.4,4.35,54.69,2.14,49.29,2.2,61.21
64,876214,La Liga,23/24,Girona FC,Eric García,Defender,7.14,0.17,0.1,0.07,0.57,0.2,0.23,29.41,0.13,50.0,0.17,0.0,0.17,0.0,0.0,0.0,0.1,0.03,0.0,0.0,0.0,0.0,0.0,0.0,1.84,1.0,2.44,0,0.5,0.0,0.07,0.0,0.0,0.23,0.03,0.0,0.0,0.33,74.65,67.44,7.21,90.34,38.74,28.8,11.71,0.1,30.0,3.5,54.97,32,30,2697,0.17,0.0,0.83,0.87,9.24,0.3,4.51,60.27,2.77,62.41,1.74,57.14
65,942116,La Liga,23/24,Getafe,Mason Greenwood,Forward,7.14,0.27,0.3,0.13,3.44,1.18,1.25,7.84,2.43,58.06,0.24,0.03,0.0,0.1,0.17,0.1,0.03,0.03,0.1,0.07,66.67,0.0,0.17,0.0,0.37,0.13,0.13,0,0.57,0.0,0.0,0.0,0.0,0.17,0.24,0.2,0.0,1.21,30.98,25.34,5.64,81.81,7.12,19.0,9.89,0.78,21.5,1.89,65.88,33,30,2667,0.2,0.0,1.32,1.45,14.75,1.69,4.42,42.67,4.25,44.68,0.17,20.0
66,39182,La Liga,23/24,Villarreal,Dani Parejo,Midfielder,7.13,0.1,0.1,0.0,0.42,0.21,0.14,25.0,0.66,67.86,0.1,0.0,0.0,0.0,0.1,0.03,0.0,0.0,0.1,0.1,100.0,0.0,0.07,0.0,1.5,0.73,1.01,0,0.9,0.03,0.07,0.0,0.0,0.1,0.17,0.17,0.0,1.18,61.77,55.72,6.06,90.2,26.66,29.79,12.56,0.73,36.84,4.04,72.96,33,29,2586,0.14,0.0,0.63,1.77,9.43,0.8,4.77,61.99,3.93,60.43,0.84,70.59
67,1103693,La Liga,23/24,FC Barcelona,Pablo Gavi,Midfielder,7.13,0.1,0.09,0.1,0.86,0.38,0.38,11.11,1.15,60.0,0.1,0.0,0.1,0.0,0.0,0.1,0.38,0.0,0.0,0.0,0.0,0.0,0.0,0.0,3.72,0.76,1.43,0,1.72,0.1,0.0,0.0,0.0,0.38,0.19,0.1,0.0,1.05,50.2,45.91,4.29,91.44,15.75,30.35,12.12,0.19,25.0,1.62,73.91,12,10,943,0.48,0.0,2.96,2.2,8.69,1.05,8.3,48.88,7.06,53.24,1.24,33.33
68,964985,La Liga,23/24,Las Palmas,Kirian Rodríguez,Midfielder,7.13,0.17,0.06,0.0,1.2,0.39,0.34,13.95,0.73,74.29,0.08,0.08,0.0,0.03,0.14,0.03,0.03,0.0,0.0,0.0,0.0,0.0,0.06,0.0,1.45,0.78,0.64,0,1.2,0.0,0.03,0.06,0.0,0.14,0.06,0.06,0.0,1.04,84.29,75.42,8.87,89.48,38.38,37.18,15.83,0.14,19.23,2.13,55.47,37,36,3217,0.2,0.0,0.64,1.04,12.98,1.34,3.83,45.51,3.22,49.36,0.62,32.35
69,791773,La Liga,23/24,Real Sociedad,Álex Remiro,Goalkeeper,7.13,0.0,0.0,0.0,0.0,0.0,0.0,0.0,0.0,0.0,0.0,0.0,0.0,0.0,0.0,0.0,0.0,0.0,0.0,0.0,0.0,0.0,0.0,0.0,0.0,0.0,1.13,0,0.0,0.0,0.05,0.0,0.0,0.41,0.0,0.0,0.0,0.03,31.37,23.49,7.88,74.87,19.89,3.6,1.43,0.0,0.0,6.62,46.44,37,37,3276,0.05,0.03,0.03,0.11,8.1,0.0,0.3,100.0,0.11,100.0,0.19,100.0
70,253809,La Liga,23/24,Real Betis,Rui Silva,Goalkeeper,7.12,0.0,0.0,0.0,0.0,0.0,0.0,0.0,0.04,100.0,0.0,0.0,0.0,0.0,0.0,0.0,0.0,0.0,0.0,0.0,0.0,0.0,0.0,0.0,0.0,0.04,0.8,0,0.11,0.0,0.04,0.07,0.04,0.33,0.0,0.0,0.0,0.0,30.4,20.07,10.33,66.03,17.02,3.05,0.65,0.0,0.0,5.89,36.9,28,28,2475,0.15,0.0,0.07,0.25,10.51,0.0,0.65,69.23,0.22,54.55,0.44,80.0
71,84531,La Liga,23/24,Athletic Club,Yuri Berchiche,Defender,7.12,0.14,0.04,0.09,0.84,0.28,0.37,16.67,0.42,81.82,0.09,0.05,0.0,0.09,0.05,0.0,0.0,0.0,0.0,0.0,0.0,0.0,0.0,0.0,1.54,0.93,2.56,0,0.65,0.0,0.0,0.05,0.05,0.42,0.19,0.05,0.0,0.65,48.89,40.88,8.02,83.6,19.62,21.77,9.88,0.51,25.0,1.58,41.46,27,22,1931,0.23,0.0,1.35,1.54,11.75,0.47,5.03,59.67,3.45,58.73,1.58,61.82
72,345195,La Liga,23/24,Real Betis,Ayoze Pérez,Forward,7.11,0.35,0.29,0.39,2.65,1.01,1.01,13.24,1.95,48.08,0.31,0.04,0.0,0.04,0.31,0.08,0.43,0.0,0.0,0.0,0.0,0.0,0.0,0.0,2.3,0.86,0.47,0,1.09,0.0,0.0,0.0,0.0,0.2,0.27,0.04,0.0,1.17,27.7,22.08,5.62,79.72,6.24,15.92,9.4,0.08,10.53,0.39,52.63,31,29,2307,0.16,0.0,1.4,1.87,13.54,1.99,6.91,46.83,6.12,48.46,0.78,37.04
73,839585,La Liga,23/24,Girona FC,Yangel Herrera,Midfielder,7.11,0.21,0.21,0.25,2.21,0.76,0.93,9.62,0.93,75.86,0.17,0.04,0.04,0.0,0.17,0.17,0.08,0.04,0.0,0.0,0.0,0.0,0.0,0.0,2.72,1.02,1.91,0,1.1,0.0,0.04,0.0,0.0,0.13,0.13,0.0,0.04,0.81,46.74,40.84,5.9,87.38,21.99,19.19,9.21,0.34,27.59,1.83,60.56,29,27,2120,0.38,0.0,2.76,2.63,11.46,2.12,8.87,52.38,6.24,50.52,2.63,57.41
74,66492,La Liga,23/24,Real Madrid,David Alaba,Defender,7.11,0.0,0.07,0.08,1.09,0.31,0.47,0.0,0.0,0.0,0.0,0.0,0.0,0.0,0.0,0.08,0.0,0.0,0.0,0.0,0.0,0.0,0.47,0.0,1.01,1.17,2.65,0,0.31,0.0,0.0,0.0,0.08,0.31,0.16,0.08,0.0,0.78,68.36,62.52,5.84,91.46,43.44,19.23,6.93,0.16,11.76,2.96,52.78,14,14,1156,0.16,0.0,0.31,0.0,7.79,0.08,1.79,56.1,1.01,59.09,0.78,52.63
75,32023,La Liga,23/24,Celta Vigo,Vicente Guaita,Goalkeeper,7.1,0.0,0.0,0.0,0.0,0.0,0.0,0.0,0.0,0.0,0.0,0.0,0.0,0.0,0.0,0.0,0.0,0.0,0.0,0.0,0.0,0.0,0.0,0.0,0.04,0.0,1.31,0,0.04,0.04,0.0,0.04,0.04,0.22,0.0,0.0,0.0,0.0,25.03,15.85,9.18,63.32,12.48,3.37,0.94,0.0,0.0,5.96,39.55,27,26,2402,0.07,0.0,0.04,0.19,9.4,0.0,0.64,85.0,0.11,60.0,0.52,93.33
76,1085400,La Liga,23/24,Athletic Club,Nico Williams,Midfielder,7.1,0.2,0.24,0.2,2.21,0.75,0.75,8.93,3.39,48.31,0.2,0.0,0.0,0.08,0.12,0.08,0.47,0.12,0.0,0.0,0.0,0.0,0.04,0.0,1.22,0.12,0.12,0,0.91,0.0,0.04,0.04,0.0,0.12,0.39,0.43,0.0,1.86,26.05,20.64,5.41,79.24,6.12,16.3,9.55,1.78,29.41,0.75,57.58,31,29,2280,0.16,0.04,0.75,1.46,18.99,2.01,6.39,45.76,6.08,45.7,0.32,47.06
77,848926,La Liga,23/24,Almería,Lucas Robertone,Midfielder,7.1,0.0,0.04,0.0,1.39,0.49,0.64,0.0,0.3,47.06,0.0,0.0,0.0,0.0,0.0,0.0,0.08,0.0,0.0,0.0,0.0,0.0,0.11,0.0,2.3,1.92,1.51,0,0.94,0.0,0.0,0.0,0.0,0.15,0.19,0.19,0.0,1.28,48.18,40.69,7.49,84.45,21.15,20.25,8.66,0.72,28.36,2.82,54.74,33,29,2391,0.41,0.0,1.43,2.03,11.67,0.6,6.06,58.55,4.59,58.94,1.47,57.35
78,986245,La Liga,23/24,Las Palmas,Sergi Cardona,Defender,7.1,0.03,0.09,0.06,0.83,0.16,0.38,3.85,0.54,51.52,0.03,0.0,0.0,0.03,0.0,0.0,0.16,0.0,0.0,0.0,0.0,0.0,0.0,0.0,2.88,1.47,2.94,0,1.31,0.0,0.0,0.0,0.0,0.22,0.13,0.06,0.0,1.25,55.39,45.67,9.72,82.46,24.13,22.05,10.23,0.51,17.98,1.09,30.09,35,30,2816,0.32,0.0,1.66,1.92,16.33,0.7,7.0,57.03,5.31,56.66,1.69,58.24
79,310874,La Liga,23/24,Mallorca,Vedat Muriqi,Forward,7.1,0.27,0.41,0.39,2.51,0.97,1.16,10.77,0.5,48.15,0.27,0.0,0.12,0.12,0.04,0.15,1.2,0.0,0.12,0.04,33.33,0.0,0.0,0.0,0.43,0.23,1.0,0,0.46,0.0,0.0,0.0,0.0,0.19,0.23,0.08,0.0,1.31,24.69,15.81,8.89,64.01,5.37,10.51,5.91,0.08,18.18,0.58,62.5,29,25,2329,0.19,0.0,1.55,1.66,14.76,1.31,8.08,48.6,2.43,41.45,5.64,52.52
80,990169,La Liga,23/24,Real Betis,Johnny Cardoso,Midfielder,7.09,0.07,0.07,0.2,0.81,0.2,0.47,8.33,0.74,57.89,0.0,0.07,0.0,0.0,0.07,0.0,0.0,0.07,0.0,0.0,0.0,0.0,0.0,0.0,3.25,2.16,1.89,0,0.74,0.0,0.0,0.0,0.0,0.27,0.0,0.14,0.0,0.54,42.87,36.31,6.56,84.7,18.39,17.99,6.69,0.07,33.33,1.42,58.33,17,15,1331,0.2,0.0,1.42,1.28,9.53,1.01,7.84,59.49,5.27,59.09,2.57,60.32
81,604258,La Liga,23/24,Getafe,David Soria,Goalkeeper,7.09,0.0,0.0,0.0,0.0,0.0,0.0,0.0,0.0,0.0,0.0,0.0,0.0,0.0,0.0,0.0,0.0,0.0,0.0,0.0,0.0,0.0,0.0,0.0,0.0,0.0,0.84,0,0.05,0.11,0.05,0.03,0.0,0.26,0.0,0.0,0.0,0.0,30.74,14.87,15.87,48.37,7.01,7.86,2.29,0.0,0.0,9.83,38.53,38,38,3414,0.08,0.0,0.03,0.05,16.13,0.0,0.13,62.5,0.03,25.0,0.11,100.0
82,930997,La Liga,23/24,Valencia,Giorgi Mamardashvili,Goalkeeper,7.09,0.0,0.0,0.0,0.0,0.0,0.0,0.0,0.0,0.0,0.0,0.0,0.0,0.0,0.0,0.0,0.0,0.0,0.0,0.0,0.0,0.0,0.0,0.0,0.11,0.05,1.12,0,0.0,0.05,0.0,0.03,0.0,0.36,0.03,0.0,0.0,0.05,26.46,12.42,14.04,46.95,8.21,4.21,1.53,0.0,0.0,5.69,29.01,37,37,3289,0.08,0.03,0.08,0.11,14.39,0.0,0.47,89.47,0.19,87.5,0.27,90.91
83,22209,La Liga,23/24,Sevilla,Ørjan Nyland,Goalkeeper,7.09,0.0,0.0,0.0,0.0,0.0,0.0,0.0,0.0,0.0,0.0,0.0,0.0,0.0,0.0,0.0,0.0,0.0,0.0,0.0,0.0,0.0,0.0,0.0,0.0,0.0,0.67,0,0.04,0.0,0.04,0.0,0.0,0.25,0.04,0.0,0.0,0.08,28.17,15.96,12.21,56.66,10.33,5.62,1.42,0.0,0.0,7.12,37.17,24,24,2160,0.04,0.0,0.0,0.08,12.62,0.0,0.5,92.31,0.04,50.0,0.46,100.0
84,358910,La Liga,23/24,Granada,Augusto Batalla,Goalkeeper,7.08,0.0,0.0,0.0,0.06,0.0,0.0,0.0,0.18,100.0,0.0,0.0,0.0,0.0,0.0,0.0,0.0,0.0,0.0,0.0,0.0,0.0,0.0,0.0,0.0,0.0,0.88,0,0.06,0.06,0.06,0.0,0.0,0.18,0.0,0.0,0.0,0.06,35.88,21.65,14.24,60.33,15.53,6.12,2.82,0.0,0.0,8.76,38.6,17,17,1530,0.18,0.0,0.0,0.12,14.41,0.0,0.47,88.89,0.29,83.33,0.18,100.0
85,155702,La Liga,23/24,Sevilla,Lucas Ocampos,Midfielder,7.08,0.12,0.17,0.31,2.0,0.75,0.94,6.25,1.5,42.11,0.09,0.03,0.03,0.03,0.06,0.03,0.25,0.0,0.03,0.03,100.0,0.0,0.0,0.0,2.06,0.66,0.72,0,0.9,0.0,0.0,0.0,0.0,0.06,0.28,0.09,0.0,1.12,31.16,22.93,8.24,73.57,6.93,16.72,10.92,0.72,19.17,1.15,48.68,35,34,2885,0.28,0.0,1.0,2.21,20.09,1.75,7.74,51.03,5.68,50.0,2.06,54.1
86,797291,La Liga,23/24,Athletic Club,Unai Simón,Goalkeeper,7.08,0.0,0.0,0.0,0.0,0.0,0.0,0.0,0.0,0.0,0.0,0.0,0.0,0.0,0.0,0.0,0.0,0.0,0.0,0.0,0.0,0.0,0.0,0.0,0.06,0.03,0.4,0,0.03,0.0,0.0,0.0,0.03,0.45,0.0,0.0,0.0,0.03,30.47,16.56,13.91,54.36,11.33,5.23,2.23,0.0,0.0,7.01,33.79,36,36,3184,0.06,0.0,0.0,0.23,14.1,0.0,0.62,91.67,0.28,90.91,0.34,92.31
87,44864,La Liga,23/24,Girona FC,Daley Blind,Defender,7.07,0.03,0.05,0.06,0.51,0.18,0.18,5.88,0.51,65.38,0.03,0.0,0.0,0.03,0.0,0.0,0.0,0.0,0.0,0.0,0.0,0.0,0.03,0.0,1.42,0.63,3.32,0,0.54,0.0,0.0,0.03,0.0,0.33,0.06,0.06,0.0,0.51,76.28,68.88,7.4,90.29,40.68,28.35,12.3,0.15,29.41,2.99,49.5,34,33,2978,0.18,0.0,0.57,0.36,9.43,0.09,3.48,59.28,2.3,62.3,1.18,54.17
88,914213,La Liga,23/24,Almería,Luis Javier Suárez,Forward,7.07,0.58,0.63,0.19,3.89,1.36,1.85,15.0,1.17,57.14,0.58,0.0,0.0,0.1,0.49,0.1,0.39,0.0,0.1,0.1,100.0,0.0,0.0,0.0,0.68,0.0,1.07,0,0.39,0.0,0.0,0.0,0.0,0.0,0.1,0.0,0.0,0.68,18.88,14.4,4.48,76.29,4.77,9.83,4.86,0.19,28.57,0.97,83.33,15,10,925,0.29,0.0,1.75,1.75,10.12,0.97,4.57,38.84,3.6,47.44,0.97,23.26
89,182001,La Liga,23/24,Atlético Madrid,Yannick Carrasco,Forward,7.07,0.0,0.03,0.0,0.81,0.4,0.4,0.0,2.02,83.33,0.0,0.0,0.0,0.0,0.0,0.0,0.4,0.0,0.0,0.0,0.0,0.0,0.0,0.0,1.61,0.4,2.42,0,2.02,0.0,0.0,0.0,0.0,0.0,0.0,0.4,0.0,1.61,30.27,23.41,6.86,77.33,11.3,13.32,8.88,1.21,37.5,1.61,66.67,3,3,223,0.0,0.0,0.81,0.81,13.72,1.21,4.44,50.0,4.44,52.38,0.0,0.0
90,188107,La Liga,23/24,Mallorca,Predrag Rajković,Goalkeeper,7.07,0.0,0.0,0.0,0.0,0.0,0.0,0.0,0.08,100.0,0.0,0.0,0.0,0.0,0.0,0.0,0.0,0.0,0.0,0.0,0.0,0.0,0.0,0.0,0.06,0.0,0.83,0,0.0,0.0,0.0,0.0,0.0,0.25,0.0,0.0,0.0,0.11,31.36,17.28,14.08,55.09,9.39,7.89,2.89,0.0,0.0,9.83,41.4,36,36,3240,0.06,0.0,0.03,0.11,14.31,0.0,0.39,82.35,0.22,100.0,0.17,66.67
91,966837,La Liga,23/24,Real Sociedad,Martín Zubimendi,Midfielder,7.06,0.14,0.09,0.07,0.75,0.37,0.14,18.18,0.41,70.59,0.14,0.0,0.03,0.03,0.07,0.1,0.0,0.0,0.0,0.0,0.0,0.0,0.0,0.0,1.66,1.25,1.8,0,0.64,0.0,0.0,0.0,0.0,0.31,0.07,0.03,0.03,0.58,51.73,44.68,7.05,86.37,22.27,22.44,9.39,0.03,14.29,1.63,52.17,31,29,2655,0.17,0.0,1.22,0.68,9.12,0.54,4.24,54.59,2.75,51.59,1.49,61.11
92,84539,La Liga,23/24,Atlético Madrid,Koke,Midfielder,7.06,0.0,0.02,0.04,0.36,0.07,0.14,0.0,0.18,45.45,0.0,0.0,0.0,0.0,0.0,0.0,0.0,0.0,0.0,0.0,0.0,0.0,0.0,0.0,2.37,0.58,1.15,0,1.55,0.04,0.0,0.0,0.0,0.25,0.25,0.14,0.04,0.97,80.47,73.17,7.3,90.93,38.06,35.14,14.24,0.04,9.09,4.28,65.38,35,32,2502,0.18,0.0,0.68,0.68,9.82,0.72,3.78,50.24,3.2,50.28,0.58,50.0
93,1014835,La Liga,23/24,Villarreal,Yerson Mosquera,Defender,7.06,0.15,0.11,0.0,0.73,0.29,0.44,20.0,0.29,50.0,0.15,0.0,0.07,0.0,0.07,0.0,0.0,0.0,0.0,0.0,0.0,0.0,0.0,0.0,1.96,1.24,4.29,0,0.22,0.0,0.0,0.0,0.0,0.22,0.0,0.07,0.0,0.36,50.78,43.65,7.13,85.96,33.32,10.62,3.2,0.29,57.14,1.89,34.67,16,14,1237,0.29,0.0,1.02,1.96,8.8,0.29,6.11,71.79,4.07,70.89,2.04,73.68
94,88528,La Liga,23/24,Rayo Vallecano,Florian Lejeune,Defender,7.05,0.08,0.09,0.0,1.81,0.57,0.89,4.48,0.11,100.0,0.05,0.03,0.0,0.0,0.08,0.03,0.08,0.0,0.0,0.0,0.0,0.03,0.87,3.13,1.05,0.62,4.16,0,0.3,0.0,0.03,0.0,0.03,0.3,0.05,0.03,0.0,0.24,54.25,44.11,10.14,81.31,29.48,14.66,5.03,0.03,14.29,5.14,44.39,37,37,3328,0.14,0.0,0.7,0.35,11.14,0.11,3.68,60.18,1.49,57.89,2.19,61.83
95,52663,La Liga,23/24,Athletic Club,Óscar de Marcos,Defender,7.05,0.04,0.03,0.04,0.2,0.08,0.08,20.0,0.24,27.27,0.04,0.0,0.0,0.0,0.04,0.0,0.2,0.0,0.0,0.0,0.0,0.0,0.0,0.0,2.23,0.6,1.47,0,1.15,0.0,0.0,0.0,0.0,0.36,0.2,0.2,0.0,0.84,46.65,38.73,7.92,83.02,16.32,23.64,11.54,1.23,25.62,2.31,50.0,28,26,2261,0.2,0.0,0.88,0.48,14.45,0.24,3.46,49.43,2.91,50.34,0.56,45.16
96,369004,La Liga,23/24,Deportivo Alavés,Antonio Sivera,Goalkeeper,7.05,0.0,0.0,0.0,0.0,0.0,0.0,0.0,0.0,0.0,0.0,0.0,0.0,0.0,0.0,0.0,0.0,0.0,0.0,0.0,0.0,0.0,0.0,0.0,0.0,0.0,1.21,0,0.03,0.0,0.03,0.0,0.0,0.29,0.0,0.0,0.0,0.12,29.0,15.85,13.15,54.67,9.21,6.65,2.85,0.0,0.0,8.65,39.89,34,34,3060,0.09,0.0,0.0,0.06,13.44,0.0,0.26,81.82,0.06,66.67,0.21,87.5
97,811629,La Liga,23/24,Getafe,Luis Milla,Midfielder,7.05,0.0,0.03,0.04,0.68,0.21,0.38,0.0,0.47,39.29,0.0,0.0,0.0,0.0,0.0,0.04,0.04,0.0,0.0,0.0,0.0,0.0,0.04,0.0,2.42,1.36,0.38,0,0.81,0.0,0.0,0.0,0.0,0.04,0.08,0.04,0.04,1.27,49.18,41.38,7.8,84.14,15.01,27.68,11.74,1.31,30.39,4.28,63.13,27,25,2123,0.25,0.0,1.82,1.23,13.74,0.72,5.3,51.44,4.11,51.05,1.19,52.83
98,110783,La Liga,23/24,Mallorca,Sergi Darder,Midfielder,7.05,0.08,0.09,0.04,1.34,0.5,0.33,6.25,1.42,61.82,0.04,0.04,0.0,0.0,0.08,0.04,0.04,0.0,0.0,0.0,0.0,0.0,0.04,0.0,1.63,0.67,0.58,0,0.79,0.0,0.0,0.0,0.0,0.13,0.33,0.21,0.04,2.17,34.64,27.53,7.1,79.49,9.57,20.18,9.69,2.21,35.57,2.38,51.35,36,21,2154,0.17,0.0,0.79,1.46,15.54,1.0,4.85,54.72,4.51,56.84,0.33,36.36
99,997203,La Liga,23/24,Almería,Sergio Arribas,Midfielder,7.05,0.39,0.37,0.31,2.62,0.96,1.05,15.0,0.7,34.04,0.39,0.0,0.04,0.17,0.13,0.04,0.04,0.0,0.0,0.0,0.0,0.0,0.04,0.0,1.48,0.7,0.35,0,0.74,0.0,0.04,0.0,0.0,0.09,0.44,0.17,0.0,1.83,29.64,24.62,5.01,83.09,8.76,16.56,9.24,0.7,26.67,0.78,51.43,34,22,2065,0.04,0.0,0.61,1.83,10.98,0.7,4.84,52.36,3.97,54.17,0.87,45.45
100,851671,La Liga,23/24,FC Barcelona,João Félix,Forward,7.04,0.41,0.51,0.41,3.55,1.45,1.16,11.48,1.69,36.25,0.41,0.0,0.0,0.12,0.29,0.23,0.52,0.0,0.0,0.0,0.0,0.0,0.06,0.0,1.28,0.58,0.64,0,0.81,0.0,0.0,0.0,0.0,0.06,0.35,0.17,0.0,1.1,36.45,30.52,5.93,83.73,7.5,23.08,12.91,0.06,5.88,0.87,50.0,30,18,1548,0.17,0.0,1.22,3.14,14.83,1.86,6.57,47.68,6.1,47.51,0.47,50.0
101,123976,La Liga,23/24,FC Barcelona,Sergi Roberto,Midfielder,7.04,0.31,0.18,0.1,1.04,0.42,0.63,30.0,0.31,75.0,0.31,0.0,0.1,0.0,0.21,0.21,0.1,0.0,0.0,0.0,0.0,0.0,0.0,0.0,1.56,0.83,0.63,0,0.83,0.1,0.0,0.0,0.0,0.1,0.1,0.21,0.0,0.94,65.81,59.44,6.36,90.33,24.92,34.83,14.39,0.31,33.33,1.46,63.64,14,10,863,0.42,0.0,0.83,0.73,10.64,0.73,3.86,52.11,2.61,52.08,1.25,52.17
102,604954,La Liga,23/24,Getafe,Borja Mayoral,Forward,7.04,0.62,0.49,0.29,1.96,1.12,0.29,31.91,0.75,45.0,0.62,0.0,0.21,0.04,0.37,0.08,0.58,0.04,0.17,0.17,100.0,0.0,0.0,0.0,0.37,0.17,0.67,0,0.71,0.0,0.0,0.0,0.0,0.08,0.08,0.04,0.0,0.83,22.19,17.23,4.95,77.67,4.66,12.86,7.04,0.29,31.82,1.29,73.81,27,25,2162,0.08,0.0,1.29,1.33,10.7,1.17,4.45,39.19,2.37,38.26,2.08,40.32
103,232422,La Liga,23/24,Real Madrid,Kepa Arrizabalaga,Goalkeeper,7.04,0.0,0.0,0.0,0.0,0.0,0.0,0.0,0.0,0.0,0.0,0.0,0.0,0.0,0.0,0.0,0.0,0.0,0.0,0.0,0.0,0.0,0.0,0.0,0.0,0.0,0.6,0,0.08,0.0,0.0,0.0,0.0,0.53,0.0,0.0,0.0,0.0,30.0,24.74,5.26,82.46,23.38,1.35,0.23,0.0,0.0,3.53,41.59,14,13,1197,0.08,0.0,0.0,0.15,5.26,0.0,0.3,80.0,0.15,66.67,0.15,100.0
104,855829,La Liga,23/24,Real Betis,Juan Miranda,Defender,7.03,0.05,0.08,0.24,0.77,0.29,0.29,6.25,0.34,46.67,0.05,0.0,0.0,0.05,0.0,0.0,0.15,0.0,0.0,0.0,0.0,0.0,0.05,0.0,1.84,0.92,2.47,0,0.68,0.0,0.0,0.05,0.0,0.29,0.19,0.05,0.05,1.16,44.52,36.68,7.84,82.39,16.5,21.05,9.73,0.87,29.03,2.37,46.67,25,21,1860,0.39,0.0,1.02,1.65,13.98,0.24,5.08,58.33,3.82,62.7,1.26,48.15
105,984624,La Liga,23/24,Villarreal,Yéremy Pino,Forward,7.03,0.0,0.27,0.19,1.69,0.75,0.56,0.0,1.69,60.0,0.0,0.0,0.0,0.0,0.0,0.0,0.56,0.0,0.0,0.0,0.0,0.0,0.0,0.0,4.7,0.94,0.75,0,1.69,0.0,0.0,0.0,0.0,0.0,0.0,0.0,0.0,0.94,29.69,24.61,5.07,82.91,9.77,15.41,10.15,0.56,42.86,1.32,63.64,7,7,479,0.75,0.0,4.13,1.69,12.4,1.69,9.58,48.57,8.08,49.43,1.5,44.44
106,96370,La Liga,23/24,Sevilla,Suso,Midfielder,7.03,0.06,0.08,0.06,1.55,0.36,0.65,3.85,1.61,62.79,0.0,0.06,0.0,0.06,0.0,0.06,0.18,0.0,0.0,0.0,0.0,0.0,0.06,0.0,1.43,0.3,0.18,0,1.19,0.0,0.0,0.0,0.0,0.0,0.48,0.24,0.0,2.5,44.94,38.34,6.6,85.32,11.71,29.25,16.53,2.62,33.33,3.15,74.65,29,15,1514,0.3,0.06,1.31,2.08,16.76,1.31,5.59,52.81,5.11,53.42,0.48,47.06
107,925097,La Liga,23/24,FC Barcelona,Ronald Araújo,Defender,7.03,0.05,0.1,0.05,1.04,0.41,0.36,4.35,0.36,80.0,0.05,0.0,0.05,0.0,0.0,0.05,0.0,0.0,0.0,0.0,0.0,0.0,0.0,0.0,1.22,0.54,2.8,0,0.18,0.09,0.0,0.05,0.0,0.32,0.14,0.09,0.0,0.36,71.68,64.23,7.45,89.61,40.35,23.97,6.82,0.09,25.0,3.29,48.03,25,21,1994,0.27,0.0,1.13,0.41,9.21,0.18,4.69,65.0,1.94,56.58,2.75,72.62
108,316152,La Liga,23/24,Atlético Madrid,Ángel Correa,Forward,7.03,0.53,0.47,0.35,2.53,1.17,0.82,20.93,1.64,50.91,0.47,0.06,0.12,0.12,0.29,0.12,1.0,0.0,0.06,0.06,100.0,0.0,0.06,0.0,1.29,0.12,0.35,0,0.7,0.0,0.0,0.0,0.0,0.06,0.41,0.12,0.0,1.88,27.49,21.85,5.64,79.49,6.17,16.1,10.63,0.41,17.5,0.59,55.56,32,14,1532,0.18,0.0,1.41,1.88,14.86,1.94,5.11,44.62,4.76,46.02,0.35,31.58
109,908716,La Liga,23/24,Girona FC,Miguel Gutiérrez,Defender,7.02,0.06,0.08,0.06,1.01,0.15,0.53,5.88,0.74,45.45,0.06,0.0,0.0,0.03,0.03,0.0,0.18,0.0,0.0,0.0,0.0,0.0,0.0,0.0,0.86,0.65,1.66,0,0.65,0.03,0.03,0.06,0.0,0.3,0.62,0.21,0.0,1.24,44.96,39.74,5.22,88.4,21.25,19.32,9.87,0.83,28.87,1.16,55.71,35,35,3037,0.12,0.0,0.8,0.77,11.41,0.95,3.02,44.74,2.37,42.55,0.65,55.0
110,69408,La Liga,23/24,FC Barcelona,Marcos Alonso,Defender,7.02,0.0,0.04,0.0,1.08,0.72,0.36,0.0,1.08,60.0,0.0,0.0,0.0,0.0,0.0,0.0,0.0,0.0,0.0,0.0,0.0,0.0,0.0,0.0,1.8,1.44,1.44,0,0.36,0.0,0.0,0.0,0.0,0.36,0.36,0.0,0.0,1.8,61.92,55.08,6.84,88.95,21.24,34.92,16.56,1.08,20.0,1.8,45.45,5,3,250,0.0,0.0,2.52,2.16,14.76,1.08,5.76,50.0,5.04,53.85,0.72,33.33
111,609752,La Liga,23/24,Real Betis,Guido Rodríguez,Midfielder,7.02,0.1,0.03,0.0,0.88,0.34,0.24,11.11,0.49,76.92,0.1,0.0,0.0,0.0,0.1,0.05,0.19,0.0,0.0,0.0,0.0,0.0,0.0,0.0,2.58,1.41,1.9,0,1.02,0.0,0.0,0.05,0.0,0.24,0.05,0.0,0.0,0.19,50.23,43.17,7.06,85.95,22.93,20.25,7.69,0.0,0.0,3.26,55.83,24,22,1849,0.29,0.0,1.12,1.7,9.44,0.83,5.74,60.2,4.72,60.25,1.02,60.0
112,353130,La Liga,23/24,Atlético Madrid,Mario Hermoso,Defender,7.02,0.0,0.05,0.07,0.6,0.14,0.35,0.0,0.39,64.71,0.0,0.0,0.0,0.0,0.0,0.07,0.04,0.04,0.0,0.0,0.0,0.0,0.0,0.0,1.62,1.06,2.89,0,0.81,0.0,0.0,0.0,0.0,0.28,0.0,0.04,0.0,0.6,62.68,54.61,8.06,87.13,30.42,24.47,9.68,0.28,21.05,4.79,59.39,31,29,2556,0.32,0.0,1.13,0.81,10.88,0.39,4.44,55.02,2.78,53.02,1.65,58.75
113,352376,La Liga,23/24,Celta Vigo,Renato Tapia,Midfielder,7.02,0.0,0.07,0.07,1.27,0.07,0.94,0.0,1.8,75.0,0.0,0.0,0.0,0.0,0.0,0.0,0.07,0.0,0.0,0.0,0.0,0.0,0.13,0.0,2.74,1.4,3.27,0,0.73,0.0,0.07,0.0,0.0,0.2,0.07,0.0,0.0,0.47,46.57,35.68,10.89,76.61,17.1,18.71,8.55,0.13,22.22,3.94,47.58,21,15,1347,0.2,0.07,1.6,1.8,14.37,0.67,9.22,61.33,6.28,63.51,2.94,57.14
114,1035995,La Liga,23/24,Real Betis,Luiz Henrique,Midfielder,7.01,0.0,0.18,0.44,2.62,0.58,1.17,0.0,3.79,66.67,0.0,0.0,0.0,0.0,0.0,0.0,0.0,0.0,0.0,0.0,0.0,0.0,0.0,0.0,2.18,0.73,0.87,0,0.73,0.0,0.0,0.0,0.0,0.15,0.87,0.44,0.0,1.6,26.94,20.1,6.84,74.59,6.7,14.42,8.3,1.02,29.17,1.02,70.0,14,6,618,0.15,0.0,1.02,2.18,16.31,2.48,10.34,56.35,8.16,58.33,2.18,50.0
115,900433,La Liga,23/24,Deportivo Alavés,Luis Rioja,Midfielder,7.01,0.18,0.22,0.18,2.03,0.68,0.53,8.77,1.46,64.06,0.14,0.04,0.0,0.18,0.0,0.04,0.36,0.04,0.14,0.11,75.0,0.0,0.14,0.0,0.96,0.57,0.78,0,1.03,0.0,0.0,0.0,0.0,0.04,0.32,0.14,0.04,1.49,23.39,17.52,5.86,74.92,4.91,14.11,8.1,1.49,24.14,0.68,35.19,37,31,2532,0.14,0.0,0.78,0.64,14.5,0.71,3.41,45.5,3.02,48.02,0.39,32.35
116,280979,La Liga,23/24,Villarreal,Gonçalo Guedes,Midfielder,7.01,0.28,0.22,0.28,2.46,0.76,0.85,11.54,0.95,66.67,0.28,0.0,0.0,0.09,0.19,0.0,0.28,0.0,0.0,0.0,0.0,0.0,0.0,0.0,0.57,0.19,0.28,0,0.47,0.0,0.0,0.0,0.0,0.0,0.38,0.19,0.0,1.8,28.49,23.09,5.39,81.06,6.15,17.89,11.64,0.95,37.04,0.76,50.0,17,9,951,0.0,0.0,0.47,1.51,12.21,1.14,3.22,48.57,3.03,55.17,0.19,16.67
117,123223,La Liga,23/24,Real Betis,Willian José,Forward,7.01,0.45,0.26,0.18,2.18,1.09,0.73,20.83,0.27,50.0,0.36,0.09,0.05,0.18,0.23,0.0,0.41,0.0,0.0,0.0,0.0,0.05,0.18,25.0,0.32,0.09,0.68,0,0.14,0.0,0.0,0.0,0.0,0.05,0.18,0.23,0.0,1.23,24.16,19.34,4.81,80.08,7.4,12.08,6.45,0.14,42.86,0.95,72.41,33,25,1982,0.0,0.05,0.41,0.91,7.95,1.14,2.91,44.14,1.45,44.44,1.45,43.84
118,845797,La Liga,23/24,Almería,Luís Maximiano,Goalkeeper,7.01,0.0,0.0,0.0,0.0,0.0,0.0,0.0,0.09,100.0,0.0,0.0,0.0,0.0,0.0,0.0,0.0,0.0,0.0,0.0,0.0,0.0,0.0,0.0,0.0,0.0,0.82,0,0.03,0.06,0.0,0.03,0.0,0.18,0.0,0.0,0.0,0.0,33.73,20.94,12.79,62.08,17.36,3.58,1.09,0.0,0.0,6.12,32.63,33,33,2970,0.03,0.0,0.03,0.09,13.12,0.0,0.3,83.33,0.18,75.0,0.12,100.0
119,69768,La Liga,23/24,Atlético Madrid,Jan Oblak,Goalkeeper,7.01,0.0,0.0,0.0,0.0,0.0,0.0,0.0,0.03,100.0,0.0,0.0,0.0,0.0,0.0,0.0,0.0,0.0,0.0,0.0,0.0,0.0,0.0,0.0,0.0,0.0,0.61,0,0.0,0.0,0.0,0.0,0.0,0.34,0.0,0.0,0.0,0.0,22.18,15.74,6.45,70.94,13.68,2.05,0.42,0.0,0.0,4.45,41.32,38,38,3420,0.03,0.0,0.0,0.05,6.68,0.03,0.29,91.67,0.05,66.67,0.24,100.0
120,859773,La Liga,23/24,Celta Vigo,Óscar Mingueza,Midfielder,7.01,0.06,0.08,0.03,0.84,0.39,0.3,7.14,1.08,51.43,0.03,0.03,0.0,0.0,0.06,0.03,0.03,0.0,0.0,0.0,0.0,0.0,0.0,0.0,1.86,0.51,0.96,0,1.29,0.06,0.0,0.03,0.0,0.06,0.27,0.06,0.03,1.5,47.13,38.13,8.99,80.92,15.62,23.44,12.86,0.93,20.95,2.13,44.65,38,33,3002,0.12,0.0,0.63,1.32,17.6,0.78,4.74,53.02,4.26,53.79,0.48,47.06
121,294377,La Liga,23/24,Osasuna,Sergio Herrera,Goalkeeper,7.0,0.0,0.0,0.0,0.0,0.0,0.0,0.0,0.0,0.0,0.0,0.0,0.0,0.0,0.0,0.0,0.0,0.0,0.0,0.0,0.0,0.0,0.0,0.0,0.06,0.0,0.94,0,0.03,0.03,0.06,0.0,0.0,0.28,0.0,0.0,0.0,0.03,33.93,21.01,12.92,61.92,13.52,7.49,1.79,0.0,0.0,9.75,43.56,32,32,2870,0.06,0.0,0.0,0.22,13.2,0.0,0.6,95.0,0.25,88.89,0.34,100.0
122,353138,La Liga,23/24,Atlético Madrid,Marcos Llorente,Defender,7.0,0.21,0.14,0.18,1.05,0.67,0.28,20.0,0.39,50.0,0.21,0.0,0.04,0.04,0.14,0.0,0.67,0.0,0.0,0.0,0.0,0.0,0.0,0.0,1.4,0.49,1.05,0,0.98,0.0,0.0,0.0,0.0,0.14,0.39,0.14,0.0,0.95,37.33,31.1,6.23,83.3,14.04,17.47,10.23,0.42,17.14,0.63,50.0,37,29,2570,0.18,0.0,1.09,0.95,10.75,0.63,3.29,44.34,2.7,47.24,0.6,34.69
123,595576,La Liga,23/24,Celta Vigo,Jonathan Bamba,Forward,7.0,0.14,0.14,0.14,1.85,0.72,0.41,7.32,1.9,44.21,0.09,0.05,0.0,0.05,0.09,0.09,0.32,0.0,0.0,0.0,0.0,0.0,0.0,0.0,0.63,0.81,0.36,0,0.68,0.0,0.0,0.0,0.0,0.05,0.14,0.09,0.0,1.72,31.75,25.6,6.14,80.65,7.23,18.92,11.02,0.54,24.0,0.41,56.25,27,24,1993,0.0,0.0,0.68,2.94,13.82,1.08,5.78,50.2,5.46,53.54,0.32,24.14
124,873189,La Liga,23/24,Villarreal,Juan Foyth,Defender,7.0,0.08,0.03,0.08,0.51,0.17,0.17,16.67,1.69,76.92,0.08,0.0,0.08,0.0,0.0,0.08,0.0,0.0,0.0,0.0,0.0,0.0,0.0,0.0,2.2,1.02,3.56,0,1.27,0.0,0.0,0.0,0.0,0.08,0.08,0.08,0.0,0.42,48.77,40.39,8.38,82.81,18.97,21.59,11.09,0.17,11.11,2.37,53.85,12,12,1063,0.08,0.0,1.52,0.59,13.21,0.59,6.69,56.03,4.49,54.08,2.2,60.47
125,1006489,La Liga,23/24,Sevilla,Loïc Badé,Defender,7.0,0.0,0.04,0.0,0.55,0.12,0.39,0.0,0.43,52.38,0.0,0.0,0.0,0.0,0.0,0.04,0.04,0.0,0.0,0.0,0.0,0.0,0.0,0.0,2.56,1.5,4.45,0,0.75,0.0,0.08,0.0,0.0,0.2,0.0,0.04,0.0,0.35,52.67,43.72,8.95,83.01,31.38,12.34,3.75,0.0,0.0,2.68,39.77,28,27,2283,0.2,0.04,0.95,0.39,10.25,0.16,6.39,63.04,3.39,60.99,3.0,65.52
126,909119,La Liga,23/24,Valencia,Hugo Duro,Forward,7.0,0.39,0.35,0.3,1.98,0.87,0.81,19.7,0.39,36.11,0.39,0.0,0.12,0.15,0.12,0.06,0.51,0.09,0.0,0.0,0.0,0.0,0.06,0.0,0.48,0.15,0.81,0,0.6,0.0,0.0,0.0,0.0,0.09,0.09,0.06,0.0,0.42,16.71,12.08,4.63,72.3,4.33,7.76,4.24,0.0,0.0,0.12,40.0,37,35,2994,0.12,0.0,1.23,2.86,9.68,1.14,5.47,42.92,3.64,51.27,1.83,32.45
127,978150,La Liga,23/24,Las Palmas,Julián Araujo,Defender,6.99,0.06,0.04,0.06,0.43,0.12,0.31,14.29,0.74,66.67,0.06,0.0,0.06,0.0,0.0,0.0,0.12,0.0,0.0,0.0,0.0,0.0,0.0,0.0,2.52,0.62,2.65,0,0.62,0.0,0.06,0.0,0.0,0.25,0.12,0.0,0.0,0.98,42.48,35.4,7.08,83.33,17.11,18.96,8.25,0.68,47.83,1.11,40.0,25,15,1462,0.31,0.0,0.8,0.55,11.57,0.12,5.6,64.08,3.82,67.39,1.79,58.0
128,173883,La Liga,23/24,FC Barcelona,Iñigo Martínez,Defender,6.99,0.0,0.03,0.07,0.55,0.07,0.28,0.0,0.0,0.0,0.0,0.0,0.0,0.0,0.0,0.07,0.07,0.0,0.0,0.0,0.0,0.0,0.0,0.0,0.69,0.76,3.46,0,0.14,0.0,0.0,0.0,0.0,0.48,0.0,0.0,0.0,0.07,77.28,68.57,8.71,88.73,37.6,31.04,9.4,0.07,33.33,4.7,57.14,20,13,1302,0.35,0.0,0.69,0.76,9.33,0.0,3.73,57.45,1.45,63.64,2.28,54.1
129,1402913,La Liga,23/24,FC Barcelona,Pau Cubarsí,Defender,6.99,0.0,0.01,0.0,0.17,0.0,0.17,0.0,0.17,75.0,0.0,0.0,0.0,0.0,0.0,0.0,0.0,0.0,0.0,0.0,0.0,0.0,0.0,0.0,1.27,0.69,3.69,0,0.29,0.0,0.0,0.06,0.0,0.46,0.06,0.0,0.0,0.29,85.28,78.19,7.09,91.69,53.76,24.43,5.65,0.0,0.0,4.21,57.94,19,18,1562,0.23,0.0,0.86,0.12,7.78,0.17,3.17,51.89,1.56,54.0,1.61,50.0
130,360718,La Liga,23/24,Celta Vigo,Carl Starfelt,Defender,6.99,0.04,0.06,0.12,0.49,0.2,0.24,8.33,0.0,0.0,0.04,0.0,0.04,0.0,0.0,0.04,0.0,0.0,0.0,0.0,0.0,0.0,0.0,0.0,1.46,1.38,6.29,0,0.37,0.04,0.04,0.04,0.0,0.12,0.0,0.0,0.0,0.08,41.83,36.76,5.07,87.88,28.77,7.99,1.66,0.0,0.0,1.62,43.48,27,26,2218,0.16,0.0,0.61,0.41,5.52,0.04,4.79,65.92,1.87,64.79,2.92,66.67
131,96365,La Liga,23/24,Athletic Club,Iñigo Ruiz de Galarreta,Midfielder,6.99,0.04,0.01,0.0,0.47,0.09,0.3,9.09,0.94,73.33,0.0,0.04,0.0,0.0,0.04,0.0,0.0,0.0,0.0,0.0,0.0,0.0,0.0,0.0,2.1,0.51,0.73,0,1.07,0.0,0.0,0.0,0.04,0.17,0.21,0.04,0.0,1.15,49.92,41.49,8.43,83.12,16.55,25.84,12.19,0.9,36.84,2.82,58.93,29,25,2104,0.3,0.0,2.31,1.75,12.88,1.24,5.73,49.26,4.79,49.34,0.94,48.89
132,1142588,La Liga,23/24,Atlético Madrid,Pablo Barrios,Midfielder,6.99,0.0,0.05,0.12,0.98,0.4,0.29,0.0,2.02,79.55,0.0,0.0,0.0,0.0,0.0,0.06,0.0,0.0,0.0,0.0,0.0,0.0,0.0,0.0,2.6,1.62,1.33,0,1.21,0.0,0.12,0.0,0.0,0.12,0.17,0.06,0.0,0.93,48.76,41.88,6.88,85.88,19.03,22.85,10.76,0.0,0.0,1.56,51.92,24,17,1556,0.29,0.0,1.33,1.39,12.61,1.33,6.83,55.14,5.96,57.87,0.87,41.67
133,125407,La Liga,23/24,Atlético Madrid,Álvaro Morata,Forward,6.98,0.71,0.65,1.08,3.15,1.6,1.22,22.39,0.8,51.52,0.71,0.0,0.24,0.14,0.33,0.14,1.55,0.09,0.05,0.0,0.0,0.0,0.0,0.0,0.75,0.05,1.22,0,0.09,0.0,0.0,0.0,0.0,0.05,0.19,0.14,0.0,0.71,17.49,12.37,5.13,70.7,4.94,7.62,4.42,0.19,40.0,0.52,50.0,32,21,1914,0.09,0.05,1.55,1.65,9.64,1.46,5.27,50.22,3.15,45.89,2.12,58.44
134,260031,La Liga,23/24,Osasuna,Rubén García,Midfielder,6.98,0.17,0.13,0.17,1.62,0.58,0.64,10.71,1.04,66.67,0.17,0.0,0.06,0.06,0.06,0.06,0.35,0.0,0.0,0.0,0.0,0.0,0.17,0.0,1.85,0.7,0.87,0,1.16,0.0,0.0,0.0,0.0,0.06,0.35,0.12,0.0,1.8,38.6,28.05,10.55,72.67,8.52,21.15,11.65,1.62,27.72,1.45,51.02,30,19,1553,0.06,0.0,1.39,1.56,18.49,1.33,6.2,49.08,4.4,50.33,1.8,46.27
135,35612,La Liga,23/24,Atlético Madrid,Axel Witsel,Midfielder,6.98,0.06,0.03,0.06,0.23,0.1,0.1,28.57,0.16,62.5,0.06,0.0,0.03,0.0,0.03,0.03,0.0,0.0,0.0,0.0,0.0,0.0,0.0,0.0,1.13,0.52,3.56,0,0.23,0.0,0.0,0.0,0.0,0.36,0.03,0.0,0.0,0.1,58.8,54.25,4.56,92.25,38.24,16.07,3.52,0.06,50.0,2.07,59.26,35,30,2784,0.16,0.0,0.78,0.94,5.53,0.19,4.01,65.61,2.17,63.21,1.84,68.67
136,831424,La Liga,23/24,Atlético Madrid,Reinildo Mandava,Defender,6.98,0.25,0.11,0.0,0.62,0.37,0.12,40.0,0.99,53.33,0.25,0.0,0.12,0.12,0.0,0.0,0.0,0.0,0.0,0.0,0.0,0.0,0.0,0.0,3.71,1.85,2.35,0,0.37,0.0,0.0,0.0,0.0,0.25,0.12,0.12,0.0,0.62,44.63,38.45,6.18,86.15,22.01,16.57,6.8,0.12,16.67,1.11,36.0,16,7,728,0.25,0.0,1.73,0.99,10.01,0.12,7.17,62.37,5.69,65.71,1.48,52.17
137,1084730,La Liga,23/24,Granada,Bryan Zaragoza,Forward,6.97,0.33,0.21,0.11,1.87,1.04,0.55,17.65,2.91,44.92,0.27,0.05,0.0,0.0,0.33,0.11,0.77,0.05,0.05,0.05,100.0,0.0,0.05,0.0,0.99,0.16,0.05,0,0.82,0.0,0.0,0.0,0.0,0.05,0.33,0.11,0.05,1.32,18.49,12.13,6.37,65.58,4.12,9.27,5.65,1.26,23.47,0.49,24.32,21,18,1640,0.27,0.0,0.66,1.81,18.44,0.6,5.93,49.32,5.71,50.49,0.22,30.77
138,787751,La Liga,23/24,Real Sociedad,Robin Le Normand,Defender,6.97,0.07,0.04,0.0,0.29,0.18,0.11,25.0,0.04,100.0,0.07,0.0,0.0,0.0,0.07,0.0,0.04,0.0,0.0,0.0,0.0,0.0,0.0,0.0,1.13,1.02,3.42,0,0.47,0.0,0.04,0.04,0.04,0.25,0.0,0.0,0.0,0.11,64.12,56.85,7.28,88.65,40.8,16.05,4.08,0.0,0.0,3.35,56.79,29,28,2473,0.47,0.0,1.2,0.84,8.19,0.22,6.0,60.0,1.93,52.48,4.08,64.37
139,973699,La Liga,23/24,Girona FC,Iván Martín,Midfielder,6.97,0.16,0.1,0.07,0.62,0.36,0.13,26.32,1.28,66.1,0.16,0.0,0.0,0.13,0.03,0.0,0.13,0.0,0.0,0.0,0.0,0.0,0.0,0.0,1.44,0.69,0.39,0,1.15,0.0,0.0,0.03,0.0,0.1,0.13,0.13,0.0,0.95,52.49,48.44,4.06,92.27,21.86,26.61,13.45,0.03,10.0,1.01,73.81,36,33,2750,0.16,0.0,0.88,1.11,8.84,1.34,4.09,46.13,3.83,48.95,0.26,25.0
140,847128,La Liga,23/24,Real Betis,Marc Roca,Midfielder,6.97,0.09,0.05,0.0,0.91,0.32,0.32,10.0,0.5,55.0,0.09,0.0,0.05,0.0,0.05,0.0,0.05,0.0,0.0,0.0,0.0,0.0,0.0,0.0,2.36,0.77,0.95,0,1.04,0.0,0.05,0.0,0.0,0.36,0.09,0.09,0.0,0.86,52.48,44.86,7.61,85.49,22.75,22.25,10.6,0.14,12.0,2.99,55.0,26,24,1986,0.23,0.0,2.18,1.04,11.01,0.82,4.31,44.19,3.81,46.15,0.5,33.33
141,259339,La Liga,23/24,Cádiz,Rubén Alcaraz,Midfielder,6.97,0.09,0.09,0.0,1.38,0.34,0.66,6.25,0.29,47.62,0.06,0.03,0.0,0.0,0.09,0.03,0.03,0.0,0.06,0.06,100.0,0.03,0.23,12.5,2.78,0.95,1.41,0,2.04,0.03,0.03,0.0,0.0,0.26,0.06,0.03,0.0,0.66,43.74,35.97,7.77,82.23,16.43,19.82,8.89,0.29,27.78,3.73,50.58,36,36,3138,0.37,0.0,2.41,2.04,10.84,0.77,6.45,48.39,5.05,47.96,1.41,50.0
142,591136,La Liga,23/24,Osasuna,David García,Defender,6.96,0.0,0.04,0.08,0.58,0.08,0.46,0.0,0.12,75.0,0.0,0.0,0.0,0.0,0.0,0.04,0.04,0.0,0.0,0.0,0.0,0.0,0.0,0.0,1.12,0.69,4.35,0,0.39,0.0,0.08,0.04,0.0,0.31,0.04,0.04,0.0,0.19,51.05,42.42,8.63,83.09,24.66,17.76,6.32,0.0,0.0,3.89,52.88,27,27,2336,0.19,0.0,1.27,0.5,9.32,0.08,5.32,63.3,1.7,49.44,3.62,72.87
143,331449,La Liga,23/24,Getafe,Nemanja Maksimović,Midfielder,6.96,0.11,0.15,0.25,0.94,0.41,0.36,11.76,0.19,43.75,0.11,0.0,0.08,0.03,0.0,0.06,0.03,0.0,0.0,0.0,0.0,0.0,0.0,0.0,1.79,1.27,1.51,0,0.5,0.0,0.0,0.03,0.0,0.28,0.03,0.0,0.0,0.55,28.11,23.05,5.06,82.0,10.59,12.49,5.45,0.03,20.0,0.58,44.68,37,37,3272,0.11,0.0,0.55,0.36,6.44,0.22,4.26,57.2,2.34,61.15,1.93,53.03
144,1084399,La Liga,23/24,Deportivo Alavés,Carlos Vicente,Midfielder,6.96,0.16,0.19,0.16,1.21,0.64,0.4,13.33,1.21,39.47,0.16,0.0,0.0,0.0,0.16,0.08,0.72,0.0,0.0,0.0,0.0,0.0,0.08,0.0,1.29,0.32,0.24,0,1.21,0.0,0.0,0.0,0.0,0.0,0.64,0.32,0.08,2.74,20.93,13.36,7.57,63.85,4.67,11.03,5.8,2.33,32.22,0.4,33.33,18,12,1118,0.08,0.0,1.45,2.01,18.6,0.89,6.28,45.61,4.43,45.08,1.85,46.94
145,850035,La Liga,23/24,Real Betis,Luiz Felipe,Defender,6.95,0.0,0.02,0.0,0.5,0.0,0.5,0.0,0.0,0.0,0.0,0.0,0.0,0.0,0.0,0.0,0.0,0.0,0.0,0.0,0.0,0.0,0.0,0.0,1.75,1.0,4.0,0,0.25,0.0,0.0,0.0,0.0,0.5,0.0,0.0,0.0,0.25,41.75,37.75,4.0,90.42,29.25,8.5,1.25,0.0,0.0,1.0,44.44,4,4,360,0.25,0.0,0.5,0.25,4.75,0.0,2.5,52.63,2.0,72.73,0.5,25.0
146,158241,La Liga,23/24,Real Betis,Germán Pezzella,Defender,6.95,0.03,0.07,0.1,0.75,0.16,0.36,4.35,0.1,50.0,0.03,0.0,0.0,0.0,0.03,0.0,0.19,0.0,0.0,0.0,0.0,0.0,0.0,0.0,1.1,1.01,4.68,0,0.49,0.0,0.0,0.0,0.0,0.29,0.03,0.0,0.0,0.13,48.09,41.36,6.73,86.01,32.26,9.13,2.11,0.03,50.0,1.85,39.31,32,32,2770,0.23,0.0,0.71,0.42,7.6,0.13,4.35,62.04,1.53,54.02,2.83,67.44
147,94527,La Liga,23/24,Sevilla,Marko Dmitrović,Goalkeeper,6.95,0.0,0.0,0.0,0.0,0.0,0.0,0.0,0.08,100.0,0.0,0.0,0.0,0.0,0.0,0.0,0.0,0.0,0.0,0.0,0.0,0.0,0.0,0.0,0.08,0.08,0.92,0,0.08,0.0,0.0,0.0,0.08,0.15,0.0,0.0,0.0,0.08,24.85,17.08,7.77,68.73,13.54,3.54,1.08,0.0,0.0,4.69,37.65,13,13,1170,0.08,0.0,0.0,0.08,7.85,0.0,0.38,83.33,0.23,75.0,0.15,100.0
148,846470,La Liga,23/24,Sevilla,Youssef En-Nesyri,Forward,6.95,0.56,0.38,0.45,2.55,1.05,1.22,21.92,0.38,30.56,0.52,0.03,0.21,0.31,0.0,0.17,0.77,0.0,0.03,0.03,100.0,0.0,0.0,0.0,0.35,0.24,0.98,0,0.35,0.0,0.03,0.0,0.0,0.1,0.07,0.07,0.0,0.31,10.88,7.07,3.81,64.95,3.78,3.29,1.68,0.0,0.0,0.1,37.5,33,28,2573,0.14,0.0,0.73,0.77,7.63,0.59,3.88,40.81,1.43,37.61,2.45,42.94
149,851271,La Liga,23/24,Real Madrid,Fran García,Defender,6.95,0.06,0.03,0.0,0.57,0.06,0.45,11.11,0.51,47.06,0.06,0.0,0.0,0.06,0.0,0.0,0.64,0.0,0.0,0.0,0.0,0.0,0.0,0.0,1.6,1.21,1.02,0,1.15,0.06,0.0,0.0,0.0,0.32,0.32,0.32,0.0,1.02,51.93,46.12,5.81,88.81,19.23,27.47,12.52,0.57,15.0,1.21,38.78,25,15,1409,0.13,0.0,0.64,0.96,12.58,0.51,3.51,47.83,3.0,51.09,0.51,34.78
150,350560,La Liga,23/24,Getafe,Diego Rico,Defender,6.95,0.0,0.01,0.0,0.64,0.18,0.39,0.0,0.39,35.48,0.0,0.0,0.0,0.0,0.0,0.0,0.07,0.0,0.0,0.0,0.0,0.0,0.0,0.0,2.27,1.46,2.06,0,1.24,0.0,0.0,0.0,0.0,0.14,0.28,0.25,0.0,1.38,37.05,24.98,12.07,67.43,10.26,15.97,6.49,1.24,26.92,2.73,38.5,32,28,2536,0.35,0.0,1.14,1.95,20.62,0.71,5.64,55.59,4.51,54.51,1.14,60.38
151,1002813,La Liga,23/24,Girona FC,Yan Couto,Midfielder,6.94,0.04,0.06,0.08,1.16,0.44,0.56,3.45,1.92,48.98,0.04,0.0,0.0,0.04,0.0,0.0,0.28,0.08,0.0,0.0,0.0,0.0,0.0,0.0,1.8,0.4,0.68,0,0.8,0.0,0.04,0.04,0.0,0.2,0.28,0.32,0.04,1.12,43.9,36.24,7.66,82.56,15.8,21.25,11.18,0.8,18.02,1.28,47.06,34,24,2245,0.32,0.0,1.4,1.68,17.32,1.48,5.57,47.44,5.37,48.91,0.2,26.32
152,366592,La Liga,23/24,Real Sociedad,Kieran Tierney,Defender,6.94,0.0,0.01,0.0,0.14,0.0,0.07,0.0,0.5,46.67,0.0,0.0,0.0,0.0,0.0,0.0,0.0,0.0,0.0,0.0,0.0,0.0,0.0,0.0,2.67,0.72,2.88,0,0.65,0.0,0.0,0.0,0.0,0.14,0.14,0.14,0.0,0.58,52.46,42.01,10.45,80.08,21.55,20.9,10.23,0.43,23.08,2.09,34.12,20,14,1249,0.07,0.0,0.43,0.58,17.58,0.22,4.9,59.65,3.75,66.67,1.15,44.44
153,892521,La Liga,23/24,Celta Vigo,Unai Núñez,Defender,6.94,0.03,0.05,0.1,0.71,0.16,0.42,4.55,0.32,83.33,0.03,0.0,0.03,0.0,0.0,0.0,0.0,0.03,0.0,0.0,0.0,0.0,0.03,0.0,1.64,1.67,4.82,0,0.84,0.03,0.06,0.0,0.0,0.16,0.0,0.0,0.0,0.32,52.29,41.76,10.54,79.85,27.46,14.29,4.63,0.0,0.0,4.05,43.15,34,31,2802,0.13,0.0,1.19,0.77,11.88,0.16,5.59,58.0,2.67,55.33,2.92,60.67
154,135116,La Liga,23/24,Girona FC,David López,Defender,6.94,0.14,0.09,0.05,0.73,0.27,0.36,18.75,0.23,71.43,0.14,0.0,0.0,0.05,0.09,0.05,0.05,0.0,0.0,0.0,0.0,0.0,0.0,0.0,1.5,0.91,2.83,0,0.23,0.14,0.05,0.05,0.0,0.23,0.0,0.0,0.0,0.18,71.91,66.81,5.1,92.9,50.81,15.99,2.96,0.0,0.0,1.64,46.15,25,25,1975,0.18,0.0,0.77,0.68,5.92,0.09,3.87,57.05,2.37,67.53,1.5,45.83
155,345111,La Liga,23/24,Rayo Vallecano,Álvaro García,Midfielder,6.94,0.22,0.22,0.32,1.62,0.61,0.72,13.33,0.36,41.67,0.22,0.0,0.0,0.14,0.07,0.0,0.9,0.04,0.0,0.0,0.0,0.0,0.0,0.0,1.23,1.3,0.9,0,0.97,0.0,0.0,0.0,0.0,0.04,0.14,0.04,0.0,1.41,24.8,17.08,7.73,68.85,5.38,12.74,7.0,1.05,23.97,0.36,14.93,32,30,2493,0.22,0.04,0.9,0.83,13.97,0.4,2.92,43.78,2.38,46.15,0.54,35.71
156,910978,La Liga,23/24,Athletic Club,Dani Vivian,Defender,6.93,0.0,0.02,0.06,0.34,0.03,0.19,0.0,0.16,55.56,0.0,0.0,0.0,0.0,0.0,0.06,0.03,0.0,0.0,0.0,0.0,0.0,0.0,0.0,1.31,0.97,3.13,0,0.53,0.0,0.0,0.0,0.0,0.38,0.03,0.0,0.0,0.19,53.08,44.8,8.28,84.39,30.2,14.63,4.28,0.03,25.0,3.34,44.77,33,31,2879,0.19,0.0,1.16,0.81,9.78,0.16,3.34,49.77,2.28,54.48,1.06,41.98
157,352544,La Liga,23/24,Real Sociedad,Sheraldo Becker,Forward,6.93,0.23,0.17,0.12,2.45,1.17,0.82,9.52,0.47,57.14,0.23,0.0,0.0,0.0,0.23,0.0,0.7,0.0,0.0,0.0,0.0,0.0,0.0,0.0,0.23,0.12,0.0,0,0.12,0.0,0.0,0.0,0.0,0.0,0.23,0.23,0.0,0.93,22.73,17.25,5.48,75.9,4.55,13.29,7.93,0.58,10.87,0.35,50.0,15,8,772,0.12,0.0,1.28,0.58,13.17,0.58,1.87,33.33,1.28,35.48,0.58,29.41
158,1153270,La Liga,23/24,FC Barcelona,Fermín López,Midfielder,6.93,0.5,0.47,0.43,3.16,1.55,1.05,15.69,1.36,64.71,0.43,0.06,0.19,0.12,0.19,0.06,0.62,0.0,0.0,0.0,0.0,0.0,0.0,0.0,2.54,0.25,0.56,0,1.61,0.0,0.0,0.0,0.0,0.06,0.06,0.0,0.0,1.12,37.59,31.94,5.64,84.98,10.05,22.14,11.29,0.25,23.53,1.55,64.1,31,14,1451,0.12,0.0,2.67,1.05,12.34,1.55,5.46,40.55,4.96,43.24,0.5,25.0
159,797306,La Liga,23/24,Valencia,Mouctar Diakhaby,Defender,6.93,0.08,0.06,0.08,0.59,0.25,0.17,14.29,0.34,80.0,0.08,0.0,0.0,0.08,0.0,0.0,0.0,0.0,0.0,0.0,0.0,0.0,0.0,0.0,1.51,0.92,5.04,0,0.17,0.0,0.0,0.0,0.0,0.25,0.0,0.0,0.0,0.17,45.8,39.92,5.88,87.16,28.99,10.92,3.28,0.0,0.0,2.44,46.77,14,12,1071,0.5,0.0,0.76,0.17,7.23,0.34,4.12,62.82,2.02,60.0,2.1,65.79
160,227922,La Liga,23/24,Valencia,José Luis Gayà,Defender,6.93,0.05,0.02,0.0,0.5,0.05,0.3,10.0,0.4,50.0,0.05,0.0,0.0,0.05,0.0,0.0,0.05,0.0,0.0,0.0,0.0,0.0,0.05,0.0,3.56,0.55,1.85,0,1.2,0.0,0.0,0.0,0.0,0.3,0.2,0.1,0.0,1.25,39.72,31.45,8.26,79.19,16.43,15.78,7.51,0.75,18.29,2.2,40.74,24,22,1797,0.1,0.0,1.2,0.6,14.57,0.35,5.11,60.0,4.56,60.67,0.55,55.0
161,792073,La Liga,23/24,Real Madrid,Ferland Mendy,Defender,6.93,0.0,0.01,0.0,0.26,0.1,0.05,0.0,0.67,50.0,0.0,0.0,0.0,0.0,0.0,0.0,0.0,0.0,0.0,0.0,0.0,0.0,0.0,0.0,0.78,0.67,0.93,0,0.16,0.0,0.05,0.0,0.0,0.52,0.05,0.0,0.0,0.57,58.86,55.43,3.43,94.18,26.31,29.22,13.44,0.1,40.0,1.25,68.57,23,21,1734,0.26,0.0,0.88,0.78,6.28,0.73,2.54,48.51,2.23,47.78,0.31,54.55
162,855833,La Liga,23/24,FC Barcelona,Ferran Torres,Forward,6.93,0.52,0.41,0.45,2.82,1.11,0.74,18.42,0.74,47.62,0.45,0.07,0.0,0.22,0.3,0.0,1.19,0.07,0.0,0.0,0.0,0.07,0.15,50.0,0.67,0.37,0.45,0,0.82,0.0,0.0,0.0,0.0,0.15,0.15,0.15,0.0,1.93,31.09,25.0,6.08,80.43,6.53,19.22,11.28,0.74,47.62,1.04,73.68,29,12,1213,0.15,0.0,0.59,1.19,11.8,0.96,2.89,41.94,2.6,44.87,0.3,26.67
163,188407,La Liga,23/24,Las Palmas,Sandro Ramírez,Midfielder,6.93,0.05,0.19,0.35,2.57,0.94,0.89,1.92,1.09,46.81,0.0,0.05,0.0,0.0,0.05,0.1,0.79,0.05,0.05,0.0,0.0,0.0,0.25,0.0,0.59,0.2,0.69,0,0.45,0.0,0.05,0.0,0.0,0.0,0.2,0.15,0.0,1.58,29.34,24.19,5.15,82.46,7.27,18.11,9.6,1.19,26.97,1.09,84.62,27,21,1819,0.15,0.0,0.99,1.78,14.45,1.14,3.81,47.24,3.46,48.28,0.35,38.89
164,82474,La Liga,23/24,Athletic Club,Ander Herrera,Midfielder,6.93,0.0,0.06,0.18,1.23,0.18,0.53,0.0,0.44,55.56,0.0,0.0,0.0,0.0,0.0,0.09,0.0,0.0,0.0,0.0,0.0,0.0,0.0,0.0,3.87,1.32,1.5,0,1.41,0.09,0.0,0.0,0.0,0.26,0.18,0.26,0.09,1.14,64.84,56.13,8.71,86.57,21.73,34.75,15.92,0.35,30.77,2.46,53.85,23,10,1023,0.35,0.0,1.85,0.97,11.35,0.53,6.51,51.03,5.28,56.07,1.23,36.84
165,142622,La Liga,23/24,Real Madrid,Antonio Rüdiger,Defender,6.93,0.03,0.05,0.07,0.63,0.07,0.37,5.26,0.03,33.33,0.03,0.0,0.03,0.0,0.0,0.03,0.03,0.0,0.0,0.0,0.0,0.0,0.0,0.0,0.86,0.37,2.86,0,0.13,0.0,0.0,0.0,0.0,0.47,0.1,0.0,0.0,0.17,59.78,53.83,5.95,90.04,38.5,15.39,3.59,0.07,50.0,2.59,45.09,33,30,2707,0.23,0.0,0.86,0.17,6.42,0.07,2.69,59.12,1.06,49.23,1.63,68.06
166,362014,La Liga,23/24,Real Sociedad,Hamari Traoré,Defender,6.92,0.0,0.02,0.0,0.71,0.08,0.51,0.0,0.63,64.0,0.0,0.0,0.0,0.0,0.0,0.0,0.04,0.0,0.0,0.0,0.0,0.0,0.0,0.0,1.72,0.94,1.88,0,0.71,0.04,0.04,0.04,0.0,0.24,0.04,0.08,0.0,1.14,47.82,40.45,7.37,84.59,20.38,20.5,10.11,0.43,23.4,2.94,54.74,31,27,2296,0.27,0.0,1.25,0.71,13.6,0.35,4.19,51.69,2.94,53.96,1.25,47.06
167,218160,La Liga,23/24,Villarreal,Bertrand Traoré,Forward,6.92,0.16,0.15,0.0,3.14,1.1,1.25,5.0,1.25,29.63,0.16,0.0,0.0,0.16,0.0,0.0,0.31,0.16,0.0,0.0,0.0,0.0,0.0,0.0,0.78,0.16,0.16,0,0.47,0.0,0.0,0.0,0.0,0.0,0.0,0.0,0.16,0.94,31.52,25.4,6.11,80.6,6.59,19.29,13.01,0.47,33.33,1.88,75.0,11,6,574,0.63,0.0,1.1,3.29,13.95,0.94,5.96,50.0,5.33,49.28,0.63,57.14
168,876599,La Liga,23/24,Celta Vigo,Jørgen Strand Larsen,Forward,6.92,0.41,0.45,0.5,2.56,1.09,1.0,15.85,0.9,42.65,0.41,0.0,0.06,0.09,0.25,0.19,0.65,0.03,0.0,0.0,0.0,0.0,0.0,0.0,0.65,0.16,0.5,0,0.94,0.0,0.0,0.0,0.0,0.06,0.16,0.09,0.0,0.75,18.55,13.0,5.55,70.08,4.55,8.57,4.52,0.12,22.22,0.31,55.56,37,36,2887,0.16,0.0,2.03,1.5,12.47,1.56,5.33,39.58,3.06,35.77,2.28,46.2
169,97951,La Liga,23/24,Rayo Vallecano,Stole Dimitrievski,Goalkeeper,6.92,0.0,0.0,0.0,0.0,0.0,0.0,0.0,0.03,100.0,0.0,0.0,0.0,0.0,0.0,0.0,0.0,0.0,0.0,0.0,0.0,0.0,0.0,0.0,0.03,0.0,0.95,0,0.0,0.08,0.0,0.0,0.0,0.35,0.0,0.0,0.0,0.05,27.68,15.32,12.35,55.37,11.76,3.57,1.59,0.0,0.0,5.16,29.8,37,37,3330,0.05,0.0,0.0,0.08,12.59,0.0,0.3,91.67,0.11,100.0,0.19,87.5
170,98440,La Liga,23/24,Mallorca,Matija Nastasić,Defender,6.92,0.08,0.04,0.0,0.32,0.08,0.16,25.0,0.0,0.0,0.08,0.0,0.04,0.0,0.04,0.0,0.08,0.0,0.0,0.0,0.0,0.0,0.0,0.0,1.39,1.15,4.49,0,0.32,0.0,0.0,0.0,0.0,0.24,0.0,0.0,0.0,0.2,38.98,31.19,7.79,80.02,20.78,10.53,2.94,0.12,60.0,3.18,44.69,26,25,2265,0.32,0.0,1.31,0.28,8.38,0.08,3.42,55.13,1.63,48.81,1.79,62.5
171,116955,La Liga,23/24,Atlético Madrid,Saúl Ñíguez,Midfielder,6.92,0.07,0.1,0.07,1.05,0.26,0.59,6.25,0.52,61.54,0.07,0.0,0.0,0.07,0.0,0.0,0.13,0.0,0.0,0.0,0.0,0.0,0.0,0.0,4.2,0.92,3.21,0,1.25,0.0,0.0,0.0,0.0,0.2,0.46,0.33,0.0,0.92,43.2,35.46,7.73,82.09,17.04,18.75,8.59,0.33,31.25,1.05,43.24,34,14,1373,0.52,0.07,2.69,0.92,11.8,0.92,8.72,54.51,5.57,52.15,3.15,59.26
172,899982,La Liga,23/24,Rayo Vallecano,Isi Palazón,Midfielder,6.92,0.13,0.19,0.13,2.31,1.06,0.74,5.56,1.12,43.75,0.1,0.03,0.0,0.13,0.0,0.03,0.32,0.0,0.06,0.06,100.0,0.0,0.16,0.0,1.47,0.51,1.15,0,1.22,0.0,0.0,0.0,0.0,0.13,0.06,0.03,0.0,1.15,33.79,25.3,8.49,74.88,7.69,18.54,10.6,0.93,22.14,1.28,45.98,37,34,2810,0.26,0.0,1.02,2.43,18.8,2.08,6.31,44.47,5.0,47.27,1.31,36.28
173,966801,La Liga,23/24,Athletic Club,Oihan Sancet,Midfielder,6.92,0.18,0.28,0.36,1.9,0.54,0.95,9.52,1.18,53.06,0.14,0.05,0.0,0.0,0.18,0.09,0.14,0.0,0.05,0.0,0.0,0.0,0.0,0.0,0.86,0.45,0.18,0,0.59,0.0,0.0,0.0,0.0,0.05,0.32,0.23,0.0,1.9,34.63,28.66,5.97,82.77,6.78,22.19,13.74,0.32,23.33,0.81,66.67,30,25,1991,0.14,0.09,1.36,1.58,14.01,1.94,4.7,45.61,3.62,43.24,1.08,55.81
174,578560,La Liga,23/24,Sevilla,Marcos Acuña,Defender,6.91,0.07,0.02,0.0,0.62,0.28,0.28,11.11,0.69,55.56,0.07,0.0,0.07,0.0,0.0,0.0,0.07,0.0,0.0,0.0,0.0,0.0,0.0,0.0,2.29,0.28,1.46,0,0.35,0.0,0.0,0.0,0.0,0.14,0.28,0.14,0.07,1.67,44.51,35.49,9.03,79.72,18.47,19.17,8.4,2.15,37.8,3.26,53.41,21,18,1296,0.49,0.0,1.25,1.18,18.47,1.11,5.07,55.73,4.1,55.66,0.97,56.0
175,1097719,La Liga,23/24,Sevilla,Kike Salas,Defender,6.91,0.17,0.05,0.0,0.89,0.28,0.61,18.75,0.0,0.0,0.17,0.0,0.11,0.06,0.0,0.06,0.06,0.0,0.0,0.0,0.0,0.0,0.0,0.0,2.28,1.45,4.79,0,0.78,0.0,0.06,0.0,0.0,0.22,0.0,0.0,0.0,0.28,53.82,42.58,11.24,79.11,27.61,15.08,5.68,0.11,28.57,1.5,24.11,23,19,1617,0.56,0.0,1.78,0.56,13.36,0.45,6.51,53.67,2.78,45.45,3.73,62.04
176,346516,La Liga,23/24,Almería,Adrián Embarba,Midfielder,6.91,0.11,0.16,0.14,2.32,0.91,0.72,4.69,1.67,41.44,0.07,0.04,0.0,0.04,0.07,0.07,0.58,0.0,0.04,0.04,100.0,0.0,0.43,0.0,1.99,0.54,0.29,0,0.98,0.0,0.0,0.0,0.0,0.07,0.33,0.07,0.04,1.92,26.55,20.06,6.48,75.58,6.88,14.63,7.57,1.45,23.39,1.2,47.83,36,29,2485,0.18,0.0,1.34,1.45,18.65,1.27,6.01,44.99,5.07,46.82,0.94,37.14
177,845693,La Liga,23/24,Valencia,André Almeida,Midfielder,6.91,0.19,0.05,0.0,0.93,0.37,0.19,20.0,1.21,52.0,0.19,0.0,0.0,0.0,0.19,0.0,0.09,0.0,0.0,0.0,0.0,0.0,0.0,0.0,2.32,0.56,0.37,0,0.93,0.0,0.0,0.0,0.0,0.0,0.19,0.09,0.0,1.21,35.2,28.7,6.5,81.53,9.1,19.97,11.52,0.37,22.22,1.3,50.0,18,12,969,0.0,0.0,1.11,1.86,12.54,1.58,5.76,48.44,5.39,53.21,0.37,21.05
178,1216080,La Liga,23/24,Celta Vigo,Damián Rodríguez,Midfielder,6.9,0.0,0.01,0.0,0.35,0.0,0.35,0.0,0.0,0.0,0.0,0.0,0.0,0.0,0.0,0.0,0.0,0.0,0.0,0.0,0.0,0.0,0.0,0.0,2.1,0.35,0.7,0,0.7,0.0,0.0,0.0,0.0,0.0,0.35,0.7,0.0,2.1,71.44,66.54,4.9,93.14,27.32,39.57,19.26,0.35,11.11,0.7,33.33,5,3,257,0.35,0.0,1.4,0.35,8.75,0.7,2.45,41.18,2.45,46.67,0.0,0.0
179,232548,La Liga,23/24,Granada,Marc Martínez,Goalkeeper,6.9,0.0,0.0,0.0,0.0,0.0,0.0,0.0,0.0,0.0,0.0,0.0,0.0,0.0,0.0,0.0,0.0,0.0,0.0,0.0,0.0,0.0,0.0,0.0,0.0,0.0,0.33,0,0.33,0.0,0.0,0.0,0.0,0.0,0.0,0.0,0.0,0.0,29.67,22.33,7.33,75.28,17.0,5.33,1.0,0.0,0.0,6.67,47.62,3,3,270,0.0,0.0,0.0,0.0,7.67,0.0,0.0,0.0,0.0,0.0,0.0,0.0
180,839309,La Liga,23/24,Real Betis,Paul Akouokou,Midfielder,6.9,0.0,0.0,0.0,0.0,0.0,0.0,0.0,0.0,0.0,0.0,0.0,0.0,0.0,0.0,0.0,0.0,0.0,0.0,0.0,0.0,0.0,0.0,0.0,17.31,3.46,3.46,0,0.0,0.0,0.0,0.0,0.0,0.0,0.0,0.0,0.0,0.0,58.85,55.38,3.46,94.12,41.54,13.85,0.0,0.0,0.0,3.46,100.0,2,0,26,0.0,0.0,3.46,3.46,3.46,0.0,20.77,85.71,20.77,85.71,0.0,0.0
181,1464647,La Liga,23/24,Real Betis,Pablo Busto,Defender,6.9,0.0,0.02,0.0,1.73,0.0,1.73,0.0,1.73,100.0,0.0,0.0,0.0,0.0,0.0,0.0,0.0,0.0,0.0,0.0,0.0,0.0,0.0,0.0,1.73,1.73,3.46,0,0.0,0.0,0.0,0.0,0.0,0.0,1.73,0.0,0.0,1.73,36.35,27.69,8.65,76.19,15.58,12.12,5.19,0.0,0.0,1.73,100.0,2,0,52,0.0,0.0,0.0,1.73,15.58,1.73,5.19,75.0,5.19,75.0,0.0,0.0
182,756344,La Liga,23/24,Deportivo Alavés,Ianis Hagi,Forward,6.9,0.0,0.31,0.33,2.99,1.0,1.66,0.0,1.55,63.64,0.0,0.0,0.0,0.0,0.0,0.0,0.11,0.0,0.11,0.0,0.0,0.0,0.44,0.0,1.88,0.55,0.33,0,0.77,0.0,0.0,0.0,0.0,0.0,0.44,0.22,0.0,2.65,25.32,18.8,6.52,74.24,6.08,14.26,9.73,1.55,25.93,1.33,48.0,22,8,814,0.33,0.0,1.44,2.1,15.7,1.44,6.97,55.75,5.53,56.82,1.44,52.0
183,280815,La Liga,23/24,Almería,Srđan Babić,Defender,6.9,0.0,0.04,0.0,1.0,0.0,1.0,0.0,0.0,0.0,0.0,0.0,0.0,0.0,0.0,0.0,0.0,0.0,0.0,0.0,0.0,0.0,0.0,0.0,2.0,0.0,2.0,0,0.0,0.0,0.0,0.0,0.0,0.0,0.0,0.0,0.0,0.0,62.0,58.0,4.0,93.55,42.0,16.0,3.0,0.0,0.0,4.0,100.0,1,1,90,0.0,0.0,2.0,0.0,4.0,0.0,5.0,62.5,2.0,50.0,3.0,75.0
184,928672,La Liga,23/24,Sevilla,Adrià Pedrosa,Defender,6.89,0.05,0.04,0.0,0.81,0.2,0.41,6.25,0.61,40.0,0.05,0.0,0.0,0.05,0.0,0.1,0.1,0.0,0.0,0.0,0.0,0.0,0.0,0.0,2.34,0.76,1.73,0,0.56,0.0,0.0,0.0,0.0,0.15,0.46,0.2,0.0,1.37,33.76,26.54,7.22,78.61,11.85,15.86,7.42,1.17,20.72,1.12,29.33,31,15,1770,0.05,0.0,0.31,1.63,16.68,1.17,5.08,55.87,4.58,60.81,0.51,32.26
185,910267,La Liga,23/24,Osasuna,Jesús Areso,Defender,6.89,0.03,0.01,0.0,0.3,0.07,0.13,11.11,1.48,56.41,0.0,0.03,0.0,0.0,0.03,0.0,0.1,0.0,0.0,0.0,0.0,0.0,0.0,0.0,1.51,0.61,1.38,0,0.24,0.0,0.0,0.0,0.0,0.13,0.2,0.2,0.0,1.21,31.74,25.58,6.15,80.61,9.95,16.61,9.88,0.97,26.36,1.28,45.78,37,29,2677,0.1,0.0,1.01,0.67,15.6,0.84,4.61,53.94,3.66,53.43,0.94,56.0
186,785468,La Liga,23/24,Real Sociedad,Aritz Elustondo,Defender,6.89,0.0,0.03,0.0,0.77,0.22,0.44,0.0,0.22,66.67,0.0,0.0,0.0,0.0,0.0,0.0,0.0,0.0,0.0,0.0,0.0,0.0,0.0,0.0,1.21,0.77,2.65,0,0.88,0.0,0.0,0.0,0.0,0.33,0.11,0.11,0.0,0.77,47.43,41.47,5.96,87.44,29.12,12.35,3.64,0.0,0.0,1.76,47.06,15,7,816,0.22,0.0,0.99,1.1,8.05,0.33,5.74,60.47,2.54,52.27,3.2,69.05
187,893062,La Liga,23/24,Real Betis,Aitor Ruibal,Defender,6.89,0.17,0.08,0.09,1.14,0.17,0.61,15.38,2.36,65.85,0.09,0.09,0.0,0.0,0.17,0.0,0.09,0.0,0.0,0.0,0.0,0.0,0.0,0.0,4.02,1.22,2.45,0,2.36,0.0,0.09,0.09,0.0,0.09,0.17,0.09,0.0,0.96,41.33,32.5,8.83,78.65,13.11,19.92,10.49,0.52,21.43,2.18,41.67,18,11,1030,0.44,0.0,1.4,1.14,16.08,0.79,7.86,54.55,7.51,56.58,0.35,30.77
188,186795,La Liga,23/24,FC Barcelona,Andreas Christensen,Defender,6.89,0.09,0.04,0.0,0.54,0.18,0.23,16.67,0.14,50.0,0.09,0.0,0.05,0.0,0.05,0.0,0.0,0.0,0.0,0.0,0.0,0.0,0.0,0.0,1.04,0.95,1.85,0,0.54,0.0,0.0,0.0,0.0,0.14,0.09,0.09,0.0,0.32,70.73,66.71,4.03,94.31,37.58,29.13,7.6,0.0,0.0,2.17,73.85,30,27,1990,0.18,0.0,1.18,0.45,4.84,0.41,4.07,55.56,1.63,41.86,2.44,71.05
189,149370,La Liga,23/24,Osasuna,Moi Gómez,Midfielder,6.89,0.13,0.08,0.09,0.85,0.36,0.18,15.79,0.76,60.71,0.13,0.0,0.0,0.04,0.09,0.04,0.09,0.0,0.0,0.0,0.0,0.0,0.04,0.0,1.34,0.49,0.94,0,0.67,0.0,0.0,0.0,0.0,0.22,0.04,0.0,0.0,1.07,49.7,41.64,8.06,83.78,15.45,26.87,13.88,0.67,28.85,2.33,49.52,28,23,2010,0.13,0.0,1.3,1.34,12.13,0.58,4.03,51.14,3.45,53.1,0.58,41.94
190,1094106,La Liga,23/24,Almería,Marc Pubill,Defender,6.89,0.05,0.03,0.05,0.95,0.24,0.43,5.0,1.57,58.93,0.05,0.0,0.0,0.0,0.05,0.0,0.0,0.0,0.0,0.0,0.0,0.0,0.0,0.0,2.24,0.71,3.38,0,0.81,0.0,0.05,0.0,0.0,0.14,0.1,0.14,0.0,1.0,33.4,25.63,7.77,76.75,13.86,12.24,4.81,0.48,14.71,1.19,32.05,23,22,1889,0.1,0.0,1.0,1.62,16.58,0.67,6.62,59.66,5.38,60.75,1.24,55.32
191,1010655,La Liga,23/24,Sevilla,Juanlu Sánchez,Midfielder,6.89,0.0,0.06,0.08,0.83,0.15,0.6,0.0,1.88,51.02,0.0,0.0,0.0,0.0,0.0,0.08,0.08,0.0,0.0,0.0,0.0,0.0,0.0,0.0,4.21,0.9,1.88,0,1.8,0.0,0.0,0.15,0.0,0.15,0.0,0.15,0.0,1.28,41.5,34.51,6.99,83.15,15.34,20.15,11.35,0.98,21.31,0.68,30.0,26,11,1197,0.15,0.0,0.83,1.73,15.71,0.3,8.87,60.82,7.82,63.03,1.05,48.28
192,887581,La Liga,23/24,Sevilla,Boubakary Soumaré,Midfielder,6.89,0.0,0.0,0.0,0.04,0.0,0.04,0.0,0.82,80.77,0.0,0.0,0.0,0.0,0.0,0.0,0.0,0.0,0.0,0.0,0.0,0.0,0.0,0.0,1.53,1.02,0.71,0,0.47,0.0,0.04,0.0,0.0,0.16,0.08,0.04,0.0,0.31,48.1,43.43,4.67,90.29,23.27,20.2,8.16,0.04,33.33,1.88,76.19,28,26,2294,0.39,0.0,1.29,1.14,6.87,0.55,4.28,59.56,3.49,58.94,0.78,62.5
193,913679,La Liga,23/24,Rayo Vallecano,Pathé Ismaël Ciss,Midfielder,6.89,0.05,0.08,0.05,1.19,0.43,0.6,4.55,0.92,85.0,0.05,0.0,0.0,0.0,0.05,0.05,0.22,0.0,0.0,0.0,0.0,0.0,0.0,0.0,2.39,1.63,2.88,0,0.71,0.0,0.0,0.0,0.0,0.11,0.0,0.0,0.0,0.6,47.66,39.84,7.82,83.6,23.02,16.94,6.84,0.11,66.67,2.82,59.77,31,16,1658,0.54,0.0,1.47,1.57,10.75,0.98,7.6,58.09,4.83,60.54,2.77,54.26
194,68332,La Liga,23/24,Sevilla,Nemanja Gudelj,Midfielder,6.89,0.05,0.04,0.0,0.98,0.15,0.52,5.26,0.21,66.67,0.05,0.0,0.0,0.0,0.05,0.05,0.0,0.0,0.0,0.0,0.0,0.0,0.21,0.0,1.6,1.39,2.84,0,0.72,0.0,0.0,0.0,0.0,0.21,0.1,0.05,0.0,0.36,54.24,46.91,7.33,86.49,29.36,17.65,6.61,0.1,66.67,2.17,43.75,22,20,1744,0.36,0.0,1.55,0.57,8.41,0.21,4.49,55.06,2.37,47.92,2.12,66.13
195,988351,La Liga,23/24,Mallorca,Samú Costa,Midfielder,6.89,0.04,0.04,0.04,0.86,0.12,0.51,4.55,0.47,60.0,0.04,0.0,0.0,0.04,0.0,0.04,0.23,0.0,0.0,0.0,0.0,0.0,0.04,0.0,3.55,1.52,2.23,0,1.84,0.0,0.12,0.04,0.0,0.23,0.0,0.04,0.04,0.51,41.31,32.13,9.18,77.79,17.49,14.84,6.44,0.2,20.83,2.69,53.91,34,26,2305,0.31,0.0,2.42,1.91,12.96,0.86,8.32,55.91,5.9,52.8,2.42,65.26
196,1144630,La Liga,23/24,Valencia,Cristhian Mosquera,Defender,6.88,0.0,0.02,0.03,0.26,0.06,0.2,0.0,0.18,85.71,0.0,0.0,0.0,0.0,0.0,0.0,0.0,0.0,0.0,0.0,0.0,0.0,0.0,0.0,1.67,1.05,3.81,0,0.41,0.03,0.03,0.03,0.0,0.32,0.0,0.0,0.0,0.03,47.55,42.13,5.42,88.61,32.91,9.22,1.79,0.0,0.0,2.17,43.79,36,33,3074,0.06,0.0,0.73,0.82,6.24,0.12,4.19,56.52,2.66,67.91,1.52,43.7
197,21555,La Liga,23/24,Atlético Madrid,César Azpilicueta,Defender,6.88,0.0,0.04,0.06,0.13,0.13,0.0,0.0,0.06,25.0,0.0,0.0,0.0,0.0,0.0,0.0,0.0,0.0,0.0,0.0,0.0,0.0,0.0,0.0,1.58,1.01,2.47,0,0.44,0.0,0.0,0.0,0.0,0.25,0.38,0.13,0.0,0.95,57.45,49.47,7.98,86.11,25.08,24.51,9.94,0.13,18.18,1.2,26.03,25,14,1421,0.25,0.0,1.84,0.76,11.84,0.38,3.74,47.2,2.34,47.44,1.39,46.81
198,914848,La Liga,23/24,Las Palmas,Alex Suárez,Defender,6.88,0.07,0.05,0.07,0.25,0.18,0.0,28.57,0.39,84.62,0.07,0.0,0.04,0.0,0.04,0.0,0.11,0.0,0.0,0.0,0.0,0.0,0.0,0.0,1.86,0.63,2.63,0,0.21,0.0,0.0,0.04,0.04,0.18,0.0,0.0,0.0,0.21,51.49,45.0,6.49,87.4,28.34,16.77,4.98,0.11,20.0,2.6,46.84,32,30,2566,0.25,0.0,0.95,0.98,8.63,0.39,4.88,60.96,3.16,68.18,1.72,51.04
199,212074,La Liga,23/24,Cádiz,Roger Martí,Forward,6.88,0.13,0.18,0.2,2.17,0.79,1.05,6.06,0.2,33.33,0.13,0.0,0.07,0.0,0.07,0.0,0.59,0.0,0.0,0.0,0.0,0.0,0.0,0.0,0.79,0.46,0.26,0,0.33,0.0,0.0,0.0,0.0,0.0,0.59,0.2,0.0,0.72,21.86,14.81,7.04,67.77,5.99,8.82,4.74,0.0,0.0,0.46,33.33,23,18,1367,0.2,0.0,2.24,1.84,12.71,1.32,3.95,38.71,2.77,41.18,1.19,33.96
200,851282,La Liga,23/24,Valencia,Thierry Correia,Defender,6.88,0.0,0.03,0.08,0.21,0.08,0.04,0.0,0.95,52.27,0.0,0.0,0.0,0.0,0.0,0.0,0.08,0.04,0.0,0.0,0.0,0.0,0.0,0.0,2.61,1.37,2.03,0,0.87,0.0,0.0,0.04,0.0,0.21,0.17,0.08,0.0,0.75,42.12,32.14,9.98,76.3,19.22,13.5,6.09,0.58,29.17,2.24,33.13,31,25,2173,0.17,0.04,1.7,1.7,15.53,0.33,5.92,53.76,5.26,58.53,0.66,32.65
201,982327,La Liga,23/24,Almería,Dion Lopy,Midfielder,6.87,0.0,0.06,0.05,1.07,0.37,0.37,0.0,1.35,65.91,0.0,0.0,0.0,0.0,0.0,0.0,0.0,0.0,0.0,0.0,0.0,0.0,0.0,0.0,2.9,0.7,0.89,0,1.26,0.05,0.05,0.0,0.0,0.05,0.14,0.0,0.0,0.61,40.45,34.37,6.07,84.99,18.07,16.44,7.05,0.14,42.86,3.32,74.74,30,23,1927,0.23,0.0,1.4,1.87,9.01,0.7,7.57,62.55,6.02,60.56,1.54,71.74
202,1126779,La Liga,23/24,Celta Vigo,Williot Swedberg,Midfielder,6.87,1.0,0.46,0.2,2.41,1.2,0.8,41.67,1.4,58.33,0.8,0.2,0.2,0.2,0.6,0.0,0.4,0.2,0.0,0.0,0.0,0.0,0.0,0.0,1.8,0.0,0.4,0,0.6,0.0,0.0,0.0,0.0,0.0,0.0,0.0,0.0,0.6,20.45,15.84,4.61,77.45,4.61,11.43,7.62,0.2,20.0,0.4,50.0,15,4,449,0.2,0.0,1.2,2.2,10.82,2.0,6.41,52.46,5.41,52.94,1.0,50.0
203,336655,La Liga,23/24,Getafe,Enes Ünal,Forward,6.87,0.0,0.07,0.0,0.65,0.0,0.65,0.0,1.3,66.67,0.0,0.0,0.0,0.0,0.0,0.0,2.61,0.0,0.0,0.0,0.0,0.0,0.0,0.0,0.0,0.0,1.3,0,0.0,0.0,0.0,0.0,0.0,0.0,0.65,0.65,0.0,1.96,22.17,15.0,7.17,67.65,2.61,13.04,7.83,0.65,100.0,0.65,50.0,3,1,138,0.0,0.0,3.26,3.26,9.78,0.65,6.52,33.33,4.57,50.0,1.96,18.75
204,789381,La Liga,23/24,Real Betis,Chimy Ávila,Forward,6.87,0.15,0.21,0.23,2.77,0.69,1.31,5.56,0.54,38.89,0.08,0.08,0.0,0.15,0.0,0.08,0.31,0.0,0.0,0.0,0.0,0.0,0.0,0.0,0.38,0.38,0.85,0,0.77,0.0,0.0,0.0,0.0,0.08,0.23,0.23,0.0,1.77,27.44,19.68,7.76,71.71,6.15,15.29,7.92,1.77,25.27,2.84,67.27,23,14,1171,0.38,0.23,0.85,2.46,15.99,0.31,4.46,48.74,3.38,55.0,1.08,35.9
205,989113,La Liga,23/24,Atlético Madrid,Rodrigo Riquelme,Midfielder,6.87,0.18,0.16,0.12,2.18,0.94,0.77,8.11,1.42,38.71,0.12,0.06,0.0,0.12,0.06,0.12,0.53,0.0,0.0,0.0,0.0,0.0,0.0,0.0,1.77,0.53,0.77,0,1.65,0.0,0.0,0.06,0.0,0.06,0.59,0.29,0.06,1.71,33.97,26.95,7.02,79.34,9.32,18.64,10.85,1.0,26.15,0.65,40.74,34,17,1526,0.06,0.0,0.65,1.71,16.45,0.94,5.19,45.36,4.9,47.98,0.29,23.81
206,960006,La Liga,23/24,Sevilla,Lucien Agoumé,Midfielder,6.87,0.0,0.1,0.23,0.69,0.23,0.35,0.0,0.81,87.5,0.0,0.0,0.0,0.0,0.0,0.0,0.0,0.0,0.0,0.0,0.0,0.0,0.0,0.0,2.66,0.81,0.81,0,0.35,0.0,0.0,0.0,0.0,0.12,0.0,0.0,0.0,1.04,41.47,34.63,6.83,83.52,17.95,16.91,8.92,0.23,100.0,3.01,66.67,12,9,777,0.35,0.0,2.2,0.23,7.88,0.46,4.75,56.16,3.71,56.14,1.04,56.25
207,69404,La Liga,23/24,Real Madrid,Nacho Fernández,Defender,6.87,0.0,0.02,0.05,0.25,0.05,0.15,0.0,0.1,40.0,0.0,0.0,0.0,0.0,0.0,0.0,0.1,0.0,0.0,0.0,0.0,0.0,0.0,0.0,0.92,0.92,2.8,0,0.36,0.0,0.0,0.0,0.0,0.46,0.1,0.05,0.0,0.25,64.61,59.76,4.84,92.5,42.88,16.93,3.67,0.05,33.33,1.73,50.75,29,18,1765,0.2,0.1,1.07,0.66,5.56,0.0,3.06,55.05,1.58,54.39,1.48,55.77
208,846147,La Liga,23/24,Rayo Vallecano,Abdul Mumin,Defender,6.87,0.05,0.02,0.05,0.32,0.05,0.21,16.67,0.11,66.67,0.05,0.0,0.0,0.0,0.05,0.0,0.0,0.0,0.0,0.0,0.0,0.0,0.0,0.0,1.0,1.16,4.33,0,0.11,0.0,0.05,0.0,0.0,0.32,0.05,0.0,0.0,0.21,40.49,32.46,8.02,80.18,24.65,7.81,2.38,0.0,0.0,2.9,37.41,20,19,1705,0.26,0.05,0.79,0.84,8.87,0.16,4.01,59.38,1.9,65.45,2.11,54.79
209,11869,La Liga,23/24,Sevilla,Jesús Navas,Defender,6.87,0.0,0.01,0.0,0.31,0.09,0.13,0.0,0.58,65.0,0.0,0.0,0.0,0.0,0.0,0.04,0.04,0.0,0.0,0.0,0.0,0.0,0.0,0.0,1.66,0.99,1.88,0,0.81,0.0,0.0,0.04,0.0,0.09,0.31,0.09,0.0,0.99,42.09,33.0,9.09,78.4,16.07,18.18,10.43,1.25,19.58,3.36,48.39,29,25,2010,0.27,0.04,0.54,0.54,17.1,0.18,3.22,58.54,2.78,62.63,0.45,41.67
210,823622,La Liga,23/24,Real Sociedad,Mikel Oyarzabal,Forward,6.86,0.38,0.38,0.33,1.67,0.79,0.33,22.5,0.42,38.46,0.33,0.04,0.0,0.25,0.08,0.08,0.79,0.0,0.08,0.08,100.0,0.0,0.13,0.0,0.96,0.17,0.46,0,0.58,0.0,0.0,0.0,0.0,0.17,0.17,0.13,0.0,0.88,20.53,15.52,5.01,75.61,6.43,9.14,5.3,0.04,10.0,0.54,59.09,33,23,2157,0.13,0.0,0.83,0.83,9.93,1.08,3.3,38.92,2.17,41.6,1.13,34.62
211,900008,La Liga,23/24,Rayo Vallecano,Óscar Valentín,Midfielder,6.86,0.03,0.06,0.07,0.5,0.23,0.13,6.67,0.23,63.64,0.03,0.0,0.0,0.03,0.0,0.03,0.0,0.0,0.0,0.0,0.0,0.0,0.0,0.0,3.57,1.17,1.6,0,1.83,0.03,0.0,0.0,0.0,0.27,0.03,0.0,0.0,0.37,40.88,33.42,7.46,81.74,16.66,16.79,6.73,0.03,20.0,1.77,43.8,34,32,2701,0.17,0.03,2.57,1.37,9.33,0.33,6.26,49.21,5.1,51.52,1.17,41.18
212,788141,La Liga,23/24,Deportivo Alavés,Jon Guridi,Midfielder,6.86,0.1,0.13,0.17,1.2,0.27,0.57,8.33,0.47,40.0,0.1,0.0,0.03,0.07,0.0,0.1,0.07,0.0,0.0,0.0,0.0,0.0,0.0,0.0,1.4,0.73,0.73,0,1.1,0.0,0.0,0.0,0.0,0.03,0.23,0.13,0.0,1.07,26.76,21.29,5.47,79.55,8.34,13.08,7.41,0.13,19.05,0.9,58.7,36,34,2697,0.07,0.0,0.7,1.0,9.18,0.93,4.37,46.79,2.87,45.74,1.5,48.91
213,32048,La Liga,23/24,Girona FC,Cristhian Stuani,Forward,6.86,1.0,1.07,1.34,3.79,1.9,1.45,26.47,0.11,20.0,1.0,0.0,0.0,0.45,0.56,0.11,0.45,0.0,0.0,0.0,0.0,0.0,0.0,0.0,1.56,0.56,1.45,0,0.33,0.0,0.0,0.0,0.0,0.0,0.45,0.33,0.0,1.12,12.71,9.37,3.35,73.68,4.35,5.02,2.68,0.0,0.0,0.11,50.0,31,5,807,0.67,0.0,3.12,0.78,6.13,0.33,5.24,43.52,2.45,37.29,2.79,51.02
214,794861,La Liga,23/24,Celta Vigo,Jailson,Defender,6.86,0.0,0.02,0.0,0.5,0.3,0.2,0.0,0.6,60.0,0.0,0.0,0.0,0.0,0.0,0.0,0.0,0.0,0.0,0.0,0.0,0.0,0.1,0.0,2.72,1.21,2.82,0,1.11,0.0,0.0,0.0,0.0,0.1,0.2,0.1,0.0,0.2,48.68,40.82,7.86,83.85,21.16,19.75,7.56,0.1,25.0,2.02,47.62,14,9,893,0.1,0.0,1.31,1.31,10.48,0.91,6.35,50.4,4.64,55.42,1.71,40.48
215,592012,La Liga,23/24,Athletic Club,Álex Berenguer,Midfielder,6.86,0.4,0.29,0.23,1.82,0.68,0.51,21.88,1.2,37.5,0.34,0.06,0.06,0.17,0.17,0.0,0.68,0.0,0.06,0.06,100.0,0.0,0.17,0.0,1.31,0.28,0.68,0,0.97,0.0,0.0,0.0,0.0,0.17,0.4,0.17,0.0,1.88,25.33,18.44,6.89,72.81,6.15,14.46,8.14,2.16,27.34,0.8,45.16,35,15,1581,0.23,0.0,1.71,1.25,19.58,2.05,4.95,35.37,3.76,36.07,1.2,33.33
216,794948,La Liga,23/24,Getafe,Óscar Rodríguez,Midfielder,6.86,0.19,0.14,0.0,3.16,0.93,1.3,5.88,1.3,46.67,0.19,0.0,0.0,0.09,0.09,0.19,0.09,0.0,0.0,0.0,0.0,0.0,0.37,0.0,2.23,0.47,0.37,0,0.56,0.0,0.0,0.0,0.0,0.0,0.0,0.09,0.0,1.95,39.18,30.34,8.84,77.43,7.35,23.36,12.56,0.37,23.53,2.89,59.62,24,9,967,0.84,0.0,1.86,1.4,16.75,1.12,5.86,44.37,4.93,50.48,0.93,27.03
217,790833,La Liga,23/24,Valencia,Sergi Canós,Midfielder,6.86,0.07,0.2,0.22,3.11,1.23,1.38,2.33,1.3,50.0,0.07,0.0,0.0,0.0,0.07,0.14,0.14,0.0,0.0,0.0,0.0,0.0,0.0,0.0,1.67,0.8,0.51,0,1.01,0.0,0.0,0.0,0.0,0.0,0.43,0.14,0.0,0.87,26.07,18.03,8.04,69.17,5.36,13.11,8.4,0.43,17.14,1.01,36.84,27,15,1243,0.14,0.0,1.23,1.16,14.99,0.87,5.07,49.65,4.13,49.14,0.94,52.0
218,69418,La Liga,23/24,Real Madrid,Joselu,Forward,6.85,0.54,0.62,0.7,3.38,1.55,1.02,15.87,0.32,46.15,0.54,0.0,0.21,0.11,0.21,0.16,0.96,0.0,0.11,0.0,0.0,0.0,0.0,0.0,0.32,0.32,0.54,0,0.38,0.0,0.0,0.0,0.0,0.38,0.21,0.11,0.0,0.64,18.64,13.71,4.93,73.56,5.41,8.36,5.09,0.05,16.67,0.16,60.0,34,15,1680,0.05,0.0,0.54,0.75,7.82,0.48,3.59,50.0,1.39,45.61,2.2,53.25
219,253415,La Liga,23/24,Deportivo Alavés,Rubén Duarte,Defender,6.85,0.1,0.03,0.0,0.71,0.24,0.38,13.33,0.14,75.0,0.05,0.05,0.05,0.05,0.0,0.05,0.0,0.0,0.0,0.0,0.0,0.0,0.14,0.0,1.86,1.09,2.81,0,0.48,0.0,0.0,0.0,0.0,0.24,0.24,0.05,0.0,0.81,30.63,21.55,9.09,70.34,10.7,11.84,5.71,1.0,30.0,2.95,36.26,28,21,1892,0.33,0.0,1.47,1.43,13.18,0.19,4.71,58.24,3.42,61.54,1.28,50.94
220,1012409,La Liga,23/24,Athletic Club,Beñat Prados,Midfielder,6.85,0.0,0.03,0.0,0.43,0.25,0.12,0.0,0.74,66.67,0.0,0.0,0.0,0.0,0.0,0.0,0.0,0.0,0.0,0.0,0.0,0.0,0.0,0.0,2.78,1.42,1.61,0,1.11,0.0,0.0,0.06,0.0,0.25,0.06,0.0,0.0,0.62,48.34,40.3,8.04,83.38,16.94,23.55,11.25,0.19,30.0,1.11,42.86,26,16,1456,0.06,0.0,1.79,1.42,11.74,1.17,6.68,51.43,4.82,52.0,1.85,50.0
221,802665,La Liga,23/24,Mallorca,Nemanja Radonjić,Midfielder,6.85,0.0,0.41,0.26,2.57,1.8,0.26,0.0,5.4,65.63,0.0,0.0,0.0,0.0,0.0,0.51,0.0,0.0,0.0,0.0,0.0,0.0,0.0,0.0,1.03,0.77,0.51,0,0.77,0.0,0.0,0.0,0.0,0.0,0.26,0.0,0.0,1.8,24.69,18.0,6.69,72.92,5.91,13.37,7.46,1.29,25.0,1.54,85.71,11,4,350,0.0,0.0,0.26,1.29,19.03,1.29,8.49,61.11,7.71,60.0,0.77,75.0
222,41837,La Liga,23/24,Sevilla,Fernando,Midfielder,6.85,0.0,0.0,0.0,0.2,0.0,0.0,0.0,0.78,80.0,0.0,0.0,0.0,0.0,0.0,0.0,0.0,0.0,0.0,0.0,0.0,0.0,0.0,0.0,1.76,1.37,1.57,0,0.78,0.0,0.0,0.0,0.0,0.0,0.2,0.0,0.0,0.39,46.47,40.59,5.88,87.34,21.76,19.22,9.22,0.39,50.0,2.94,68.18,8,5,459,0.0,0.0,1.18,0.59,8.24,0.59,5.1,54.17,3.14,53.33,1.96,55.56
223,838159,La Liga,23/24,Real Sociedad,Igor Zubeldia,Defender,6.85,0.0,0.03,0.04,0.43,0.0,0.18,0.0,0.14,50.0,0.0,0.0,0.0,0.0,0.0,0.04,0.0,0.0,0.0,0.0,0.0,0.0,0.0,0.0,1.14,1.14,3.35,0,0.25,0.04,0.07,0.04,0.0,0.29,0.04,0.07,0.0,0.36,61.87,52.6,9.27,85.01,36.01,16.62,3.99,0.04,33.33,3.39,46.12,30,29,2524,0.39,0.04,1.53,0.32,10.38,0.11,4.56,48.3,1.6,46.88,2.96,49.11
224,1014412,La Liga,23/24,Athletic Club,Julen Agirrezabala,Goalkeeper,6.85,0.0,0.0,0.0,0.0,0.0,0.0,0.0,0.0,0.0,0.0,0.0,0.0,0.0,0.0,0.0,0.0,0.0,0.0,0.0,0.0,0.0,0.0,0.0,0.0,0.0,0.76,0,0.0,0.0,0.0,0.0,0.0,0.38,0.0,0.0,0.0,0.0,30.51,17.92,12.58,58.75,11.44,6.48,1.53,0.0,0.0,7.25,36.54,4,2,236,0.0,0.0,0.0,0.0,12.58,0.0,0.38,100.0,0.0,0.0,0.38,100.0
225,979146,La Liga,23/24,Las Palmas,Mika Mármol,Defender,6.85,0.0,0.02,0.0,0.08,0.0,0.06,0.0,0.48,54.84,0.0,0.0,0.0,0.0,0.0,0.0,0.08,0.0,0.0,0.0,0.0,0.0,0.0,0.0,1.98,1.24,4.05,0,0.51,0.0,0.06,0.08,0.03,0.2,0.03,0.03,0.0,0.14,71.81,63.91,7.89,89.01,45.75,18.22,5.72,0.06,40.0,2.07,35.27,36,36,3181,0.11,0.03,0.65,0.96,9.79,0.28,4.3,60.56,3.4,65.22,0.91,47.76
226,984623,La Liga,23/24,Deportivo Alavés,Rafa Marín,Defender,6.85,0.0,0.03,0.11,0.48,0.11,0.33,0.0,0.11,75.0,0.0,0.0,0.0,0.0,0.0,0.04,0.0,0.0,0.0,0.0,0.0,0.0,0.0,0.0,1.17,1.21,4.68,0,0.48,0.04,0.04,0.0,0.04,0.26,0.0,0.0,0.0,0.18,37.24,30.84,6.4,82.81,20.63,10.21,3.55,0.0,0.0,3.77,52.02,33,27,2460,0.22,0.0,1.02,0.59,7.13,0.15,3.91,55.15,1.87,53.68,2.05,56.57
227,998950,La Liga,23/24,Valencia,Diego López,Midfielder,6.85,0.1,0.12,0.27,1.38,0.51,0.44,7.32,0.94,41.18,0.1,0.0,0.03,0.0,0.07,0.0,0.27,0.03,0.0,0.0,0.0,0.0,0.0,0.0,1.25,0.67,0.34,0,1.45,0.0,0.0,0.0,0.0,0.1,0.37,0.2,0.0,1.31,23.79,16.41,7.38,68.98,5.39,11.32,6.37,0.3,13.85,0.57,50.0,36,30,2671,0.07,0.0,0.88,1.04,14.05,0.91,4.58,41.46,3.17,40.87,1.42,42.86
228,1000483,La Liga,23/24,FC Barcelona,Marc Casadó,Midfielder,6.85,0.0,0.0,0.0,0.0,0.0,0.0,0.0,0.0,0.0,0.0,0.0,0.0,0.0,0.0,0.0,0.0,0.0,0.0,0.0,0.0,0.0,0.0,0.0,5.0,5.0,5.0,0,0.0,0.0,0.0,0.0,0.0,0.0,0.0,0.0,0.0,0.0,30.0,30.0,0.0,100.0,5.0,25.0,15.0,0.0,0.0,0.0,0.0,2,0,18,0.0,0.0,0.0,10.0,0.0,0.0,15.0,100.0,15.0,100.0,0.0,0.0
229,1119586,La Liga,23/24,Osasuna,Iker Muñoz,Midfielder,6.84,0.19,0.05,0.0,1.12,0.29,0.48,17.39,0.24,35.71,0.15,0.05,0.0,0.05,0.15,0.1,0.0,0.0,0.0,0.0,0.0,0.0,0.0,0.0,1.55,0.53,2.42,0,0.78,0.0,0.0,0.0,0.0,0.15,0.0,0.0,0.0,0.24,47.04,35.84,11.2,76.19,17.02,18.81,8.15,0.0,0.0,2.67,39.86,28,20,1856,0.24,0.0,1.79,2.67,13.92,0.19,7.18,58.96,4.41,58.33,2.76,60.0
230,966836,La Liga,23/24,Deportivo Alavés,Álex Sola,Forward,6.84,0.0,0.11,0.28,1.94,0.48,0.76,0.0,2.97,61.43,0.0,0.0,0.0,0.0,0.0,0.07,0.69,0.0,0.0,0.0,0.0,0.0,0.14,0.0,1.87,0.83,0.9,0,0.83,0.0,0.0,0.07,0.0,0.0,0.28,0.21,0.0,1.87,21.77,15.62,6.15,71.75,5.05,12.03,6.84,1.45,25.0,0.55,33.33,31,14,1302,0.14,0.0,0.9,2.07,17.49,1.24,8.16,57.28,6.91,58.82,1.24,50.0
231,84972,La Liga,23/24,Deportivo Alavés,Kike García,Forward,6.84,0.19,0.48,0.94,3.57,1.63,1.57,5.26,0.94,50.0,0.19,0.0,0.06,0.06,0.06,0.25,0.44,0.13,0.06,0.0,0.0,0.0,0.0,0.0,0.5,0.06,0.75,0,0.31,0.0,0.0,0.0,0.0,0.0,0.13,0.13,0.0,1.13,18.04,12.34,5.7,68.4,3.13,9.39,6.14,0.19,30.0,0.5,50.0,33,15,1437,0.19,0.0,1.57,2.25,12.15,1.32,6.83,46.58,3.7,49.17,3.13,43.86
232,349526,La Liga,23/24,Mallorca,Dani Rodríguez,Midfielder,6.84,0.07,0.05,0.0,0.92,0.14,0.58,7.41,1.13,45.21,0.07,0.0,0.0,0.03,0.03,0.07,0.2,0.0,0.0,0.0,0.0,0.0,0.0,0.0,1.6,0.51,0.68,0,0.82,0.0,0.0,0.0,0.0,0.03,0.24,0.14,0.03,1.67,27.94,21.6,6.35,77.29,7.92,15.45,8.5,1.77,30.77,1.23,43.9,36,31,2638,0.31,0.0,2.08,1.47,16.24,2.05,4.98,38.73,4.2,40.46,0.78,31.51
233,914765,La Liga,23/24,Granada,Gonzalo Villar,Midfielder,6.84,0.05,0.09,0.05,1.11,0.25,0.45,4.55,1.16,60.53,0.05,0.0,0.0,0.0,0.05,0.0,0.1,0.05,0.0,0.0,0.0,0.0,0.0,0.0,2.57,0.3,1.21,0,0.76,0.0,0.05,0.0,0.0,0.05,0.15,0.15,0.0,0.71,45.88,38.52,7.36,83.96,20.92,18.05,8.22,0.45,37.5,2.02,59.7,35,21,1785,0.35,0.0,2.22,3.33,11.45,1.41,8.62,59.17,7.06,58.09,1.56,64.58
234,823996,La Liga,23/24,Almería,Aleksandar Radovanović,Defender,6.84,0.0,0.01,0.0,0.16,0.0,0.0,0.0,0.0,0.0,0.0,0.0,0.0,0.0,0.0,0.0,0.0,0.0,0.0,0.0,0.0,0.0,0.0,0.0,1.26,1.73,7.57,0,0.0,0.0,0.0,0.0,0.0,0.16,0.0,0.0,0.0,0.16,30.89,28.53,2.36,92.35,23.64,4.89,0.32,0.0,0.0,1.58,52.63,9,8,571,0.32,0.0,1.1,0.32,2.99,0.0,3.78,58.54,1.58,55.56,2.21,60.87
235,359742,La Liga,23/24,Athletic Club,Mikel Vesga,Midfielder,6.84,0.17,0.16,0.0,1.11,0.41,0.47,15.79,0.12,16.67,0.17,0.0,0.06,0.12,0.0,0.0,0.0,0.0,0.12,0.12,100.0,0.0,0.0,0.0,2.33,1.86,2.04,0,1.75,0.0,0.06,0.0,0.0,0.17,0.17,0.06,0.0,0.41,47.42,36.99,10.43,78.01,16.6,20.62,8.62,0.23,30.77,2.68,56.79,27,18,1545,0.12,0.0,1.63,0.35,13.34,0.64,4.6,42.02,2.8,38.1,1.81,50.0
236,997035,La Liga,23/24,FC Barcelona,Alejandro Balde,Defender,6.84,0.0,0.01,0.0,0.33,0.07,0.07,0.0,1.31,50.0,0.0,0.0,0.0,0.0,0.0,0.0,0.26,0.0,0.0,0.0,0.0,0.0,0.0,0.0,1.31,0.33,1.24,0,0.26,0.0,0.07,0.0,0.0,0.2,0.07,0.07,0.0,0.85,43.69,38.66,5.03,88.49,14.89,24.3,12.54,0.52,21.62,0.78,50.0,18,15,1378,0.07,0.0,0.59,1.18,13.13,1.04,4.57,53.03,3.79,54.21,0.78,48.0
237,69416,La Liga,23/24,FC Barcelona,Oriol Romeu,Midfielder,6.84,0.0,0.07,0.0,0.95,0.19,0.38,0.0,0.38,80.0,0.0,0.0,0.0,0.0,0.0,0.0,0.0,0.0,0.0,0.0,0.0,0.0,0.0,0.0,3.23,0.95,1.71,0,1.05,0.0,0.0,0.0,0.0,0.1,0.29,0.1,0.0,0.76,76.01,68.02,7.99,89.49,28.54,39.58,15.6,0.1,16.67,2.28,64.86,28,11,946,0.38,0.0,1.43,1.05,10.18,0.76,5.99,53.85,4.66,58.33,1.33,42.42
238,557008,La Liga,23/24,Celta Vigo,Franco Cervi,Midfielder,6.84,0.0,0.07,0.0,1.28,0.16,0.64,0.0,0.0,0.0,0.0,0.0,0.0,0.0,0.0,0.0,0.32,0.0,0.0,0.0,0.0,0.0,0.0,0.0,3.84,1.44,0.32,0,1.76,0.0,0.0,0.0,0.0,0.16,0.48,0.16,0.0,1.6,38.43,32.51,5.93,84.58,13.93,18.74,9.77,0.16,5.56,0.8,45.45,17,5,562,0.32,0.0,0.96,3.04,12.17,0.48,7.85,59.76,6.89,63.24,0.96,42.86
239,1493216,La Liga,23/24,Almería,Marcos Peña,Midfielder,6.84,0.0,0.03,0.21,0.82,0.21,0.62,0.0,0.0,0.0,0.0,0.0,0.0,0.0,0.0,0.0,0.0,0.0,0.0,0.0,0.0,0.0,0.0,0.0,3.9,2.67,1.64,0,1.23,0.0,0.0,0.0,0.0,0.21,0.0,0.0,0.0,0.21,44.49,38.54,5.95,86.64,26.45,12.1,2.46,0.0,0.0,1.03,55.56,7,4,439,0.62,0.0,1.64,0.82,7.38,0.62,5.33,54.17,4.72,56.1,0.62,42.86
240,966441,La Liga,23/24,Real Sociedad,Aihen Muñoz,Defender,6.84,0.0,0.02,0.0,0.56,0.16,0.32,0.0,0.8,58.82,0.0,0.0,0.0,0.0,0.0,0.0,0.0,0.0,0.0,0.0,0.0,0.0,0.0,0.0,2.86,0.72,2.54,0,0.87,0.0,0.0,0.0,0.0,0.16,0.24,0.16,0.0,0.95,40.23,31.09,9.14,77.27,17.01,14.95,6.12,0.87,37.93,1.67,36.21,21,11,1132,0.16,0.0,1.35,0.64,18.29,0.64,6.12,56.2,4.29,55.67,1.83,57.5
241,822519,La Liga,23/24,Real Madrid,Éder Militão,Defender,6.84,0.0,0.02,0.0,0.36,0.36,0.0,0.0,0.0,0.0,0.0,0.0,0.0,0.0,0.0,0.0,0.36,0.0,0.0,0.0,0.0,0.0,0.0,0.0,1.27,0.72,3.44,0,0.54,0.0,0.18,0.0,0.0,0.54,0.0,0.0,0.0,0.0,59.03,53.6,5.43,90.8,36.76,16.84,3.98,0.0,0.0,2.9,55.17,10,6,497,0.0,0.0,0.91,0.91,6.52,0.18,4.16,51.11,2.17,57.14,1.99,45.83
242,122702,La Liga,23/24,Sevilla,Erik Lamela,Midfielder,6.84,0.37,0.18,0.37,1.65,0.73,0.73,22.22,1.28,43.75,0.18,0.18,0.0,0.37,0.0,0.18,0.55,0.0,0.0,0.0,0.0,0.0,0.0,0.0,3.85,0.18,0.73,0,0.92,0.0,0.0,0.0,0.0,0.0,0.37,0.0,0.0,2.2,28.78,24.75,4.03,85.99,6.42,18.7,11.73,0.37,16.67,0.37,66.67,13,5,491,0.55,0.0,3.3,1.1,13.75,2.38,6.78,42.53,6.23,43.04,0.55,37.5
243,866810,La Liga,23/24,Deportivo Alavés,Andoni Gorosabel,Defender,6.84,0.03,0.02,0.0,0.47,0.19,0.09,6.67,0.79,59.52,0.03,0.0,0.0,0.0,0.03,0.0,0.0,0.03,0.0,0.0,0.0,0.0,0.0,0.0,1.95,0.88,2.04,0,1.16,0.0,0.0,0.03,0.0,0.16,0.09,0.0,0.0,0.47,30.15,24.71,5.44,81.96,11.16,14.02,7.32,0.47,18.52,1.01,48.48,36,33,2863,0.19,0.0,0.91,1.29,11.1,0.91,4.81,48.26,3.99,54.51,0.82,30.95
244,823631,La Liga,23/24,Sevilla,Dodi Lukebakio,Midfielder,6.84,0.4,0.44,0.63,3.33,1.35,1.59,11.9,2.38,53.57,0.4,0.0,0.0,0.32,0.08,0.08,0.32,0.0,0.0,0.0,0.0,0.0,0.08,0.0,0.4,0.16,0.24,0,0.4,0.0,0.0,0.08,0.0,0.08,0.0,0.08,0.0,1.03,24.6,20.71,3.89,84.19,5.79,15.4,8.73,0.48,16.67,1.03,81.25,23,12,1134,0.0,0.0,1.9,1.75,14.05,1.51,5.48,44.52,4.52,43.85,0.95,48.0
245,14942,La Liga,23/24,Real Betis,Andrés Guardado,Midfielder,6.83,0.0,0.03,0.0,0.98,0.0,0.39,0.0,1.18,85.71,0.0,0.0,0.0,0.0,0.0,0.0,0.0,0.0,0.0,0.0,0.0,0.0,0.0,0.0,3.34,1.18,0.98,0,1.38,0.0,0.0,0.0,0.0,0.2,0.0,0.0,0.0,0.98,55.81,48.54,7.27,86.97,24.37,25.15,13.95,0.98,45.45,6.48,71.74,12,4,458,0.39,0.0,1.97,0.59,11.4,0.59,5.9,51.72,5.11,56.52,0.79,33.33
246,1018190,La Liga,23/24,Sevilla,Isaac Romero,Forward,6.83,0.34,0.62,1.46,3.6,1.46,1.46,9.52,1.11,44.83,0.34,0.0,0.09,0.17,0.09,0.17,0.51,0.0,0.0,0.0,0.0,0.0,0.0,0.0,0.51,0.0,0.86,0,0.34,0.0,0.0,0.0,0.0,0.0,0.6,0.34,0.0,0.94,16.46,12.43,4.03,75.52,4.63,7.89,4.63,0.09,8.33,0.26,50.0,14,14,1050,0.17,0.0,2.4,1.46,11.4,0.77,4.46,41.94,3.09,40.45,1.37,45.71
247,139925,La Liga,23/24,Almería,Fernando Martínez,Goalkeeper,6.83,0.0,0.0,0.0,0.0,0.0,0.0,0.0,0.0,0.0,0.0,0.0,0.0,0.0,0.0,0.0,0.0,0.0,0.0,0.0,0.0,0.0,0.0,0.0,0.0,0.0,1.25,0,0.0,0.0,0.0,0.0,0.0,0.0,0.0,0.0,0.0,0.0,32.75,20.5,12.25,62.6,16.5,4.0,1.0,0.0,0.0,7.25,37.18,4,4,360,0.0,0.0,0.0,0.0,12.5,0.0,0.5,100.0,0.0,0.0,0.5,100.0
248,868715,La Liga,23/24,Villarreal,Jorge Cuenca,Defender,6.83,0.14,0.06,0.05,0.91,0.32,0.55,15.0,0.37,57.14,0.14,0.0,0.14,0.0,0.0,0.0,0.0,0.0,0.0,0.0,0.0,0.0,0.0,0.0,1.92,0.96,4.94,0,0.5,0.0,0.0,0.0,0.0,0.09,0.0,0.05,0.0,0.27,49.91,41.91,8.0,83.97,28.43,13.8,4.66,0.32,53.85,1.74,28.15,29,21,1969,0.32,0.0,1.14,0.55,9.78,0.18,5.58,59.51,2.79,58.1,2.79,61.0
249,949707,La Liga,23/24,Getafe,Juan Iglesias,Defender,6.83,0.0,0.04,0.0,0.95,0.38,0.32,0.0,0.38,42.86,0.0,0.0,0.0,0.0,0.0,0.0,0.06,0.0,0.0,0.0,0.0,0.0,0.0,0.0,2.6,1.01,2.73,0,0.76,0.0,0.0,0.0,0.0,0.25,0.06,0.13,0.0,0.7,28.99,18.9,10.08,65.21,8.18,11.54,5.58,0.82,22.41,2.28,27.91,23,16,1419,0.25,0.0,1.01,0.63,17.63,0.38,4.38,57.02,3.55,57.14,0.82,56.52
250,825133,La Liga,23/24,Real Sociedad,Javi Galán,Defender,6.83,0.0,0.01,0.0,0.23,0.08,0.08,0.0,1.53,51.28,0.0,0.0,0.0,0.0,0.0,0.0,0.23,0.0,0.0,0.0,0.0,0.0,0.0,0.0,3.3,1.15,1.3,0,1.23,0.0,0.08,0.08,0.0,0.31,0.08,0.08,0.0,0.92,41.7,34.11,7.59,81.8,15.33,19.86,10.35,1.07,26.92,1.23,30.19,19,13,1174,0.31,0.0,1.69,1.76,15.72,1.07,7.36,55.81,6.59,55.48,0.77,58.82
251,325355,La Liga,23/24,Atlético Madrid,José María Giménez,Defender,6.83,0.0,0.03,0.0,0.48,0.07,0.41,0.0,0.14,66.67,0.0,0.0,0.0,0.0,0.0,0.0,0.0,0.0,0.0,0.0,0.0,0.0,0.0,0.0,1.22,0.68,6.19,0,0.75,0.0,0.0,0.0,0.0,0.34,0.0,0.0,0.0,0.14,44.22,38.23,5.99,86.46,27.14,11.09,1.9,0.0,0.0,3.67,57.45,22,14,1323,0.34,0.0,1.16,0.14,6.39,0.0,3.61,53.0,1.5,44.0,2.11,62.0
252,985329,La Liga,23/24,Osasuna,Aimar Oroz,Midfielder,6.83,0.08,0.14,0.08,0.96,0.23,0.46,8.0,1.0,59.09,0.08,0.0,0.0,0.0,0.08,0.04,0.08,0.0,0.04,0.04,100.0,0.0,0.04,0.0,1.65,0.61,0.31,0,0.92,0.0,0.0,0.0,0.0,0.15,0.11,0.04,0.0,1.0,38.72,31.83,6.89,82.2,9.73,22.14,12.83,0.04,9.09,1.03,57.45,33,26,2350,0.11,0.0,1.49,1.76,12.26,1.61,5.13,45.27,4.37,48.31,0.77,33.33
253,252857,La Liga,23/24,Almería,Léo Baptistão,Midfielder,6.83,0.29,0.25,0.29,2.3,0.86,1.01,12.5,0.57,46.15,0.29,0.0,0.0,0.0,0.29,0.05,0.62,0.0,0.0,0.0,0.0,0.0,0.0,0.0,1.2,0.53,0.96,0,0.77,0.0,0.0,0.0,0.0,0.14,0.1,0.0,0.0,0.91,25.37,17.04,8.33,67.17,6.89,10.29,4.5,0.14,11.11,0.57,30.0,32,22,1880,0.29,0.05,1.01,1.39,13.21,0.81,5.46,45.42,3.16,49.62,2.3,40.68
254,326471,La Liga,23/24,Granada,Gerard Gumbau,Midfielder,6.83,0.0,0.06,0.03,1.51,0.3,0.67,0.0,0.34,66.67,0.0,0.0,0.0,0.0,0.0,0.03,0.0,0.0,0.0,0.0,0.0,0.0,0.27,0.0,1.84,0.84,0.94,0,1.31,0.03,0.03,0.0,0.0,0.03,0.3,0.1,0.03,1.41,44.83,34.74,10.09,77.49,18.95,17.13,8.25,1.34,26.67,3.89,50.22,35,31,2684,0.4,0.0,2.08,0.87,15.56,0.5,3.82,44.19,3.05,43.33,0.77,47.92
255,152446,La Liga,23/24,Rayo Vallecano,Iván Balliu,Defender,6.82,0.0,0.02,0.06,0.34,0.13,0.09,0.0,0.22,41.18,0.0,0.0,0.0,0.0,0.0,0.0,0.25,0.0,0.0,0.0,0.0,0.0,0.0,0.0,1.38,0.91,1.72,0,0.53,0.0,0.03,0.0,0.0,0.34,0.09,0.03,0.0,0.75,32.48,25.0,7.48,76.97,11.64,13.83,6.38,0.47,22.06,1.63,35.86,33,32,2876,0.13,0.0,1.28,0.94,13.3,0.34,3.47,51.15,2.5,50.63,0.97,52.54
256,831799,La Liga,23/24,Atlético Madrid,Nahuel Molina,Defender,6.82,0.1,0.06,0.05,0.58,0.24,0.15,16.67,0.78,55.17,0.1,0.0,0.0,0.0,0.1,0.0,0.34,0.0,0.0,0.0,0.0,0.0,0.05,0.0,1.84,0.44,1.36,0,1.36,0.05,0.0,0.0,0.0,0.19,0.19,0.15,0.0,0.92,49.36,37.97,11.4,76.92,17.65,21.29,10.86,0.97,22.99,1.99,41.41,30,19,1856,0.19,0.05,0.97,0.82,19.83,0.63,3.78,48.15,3.44,49.31,0.34,38.89
257,799054,La Liga,23/24,Sevilla,Djibril Sow,Midfielder,6.82,0.06,0.09,0.12,1.1,0.31,0.31,5.56,0.31,71.43,0.0,0.06,0.0,0.0,0.06,0.0,0.12,0.0,0.0,0.0,0.0,0.0,0.0,0.0,1.71,1.04,0.37,0,0.98,0.0,0.06,0.0,0.0,0.0,0.06,0.06,0.0,0.92,41.18,35.32,5.87,85.76,17.54,17.96,9.84,0.18,60.0,1.28,52.5,24,18,1473,0.31,0.0,1.65,1.16,7.82,0.18,4.03,50.0,3.12,51.52,0.92,45.45
258,826004,La Liga,23/24,Mallorca,Manu Morlanes,Midfielder,6.82,0.0,0.06,0.06,0.61,0.22,0.06,0.0,1.16,75.0,0.0,0.0,0.0,0.0,0.0,0.0,0.0,0.0,0.0,0.0,0.0,0.0,0.0,0.0,2.76,1.1,1.05,0,1.66,0.0,0.0,0.0,0.0,0.0,0.11,0.11,0.0,0.88,43.12,36.55,6.57,84.76,16.18,20.6,10.05,0.22,23.53,1.88,52.31,35,16,1630,0.11,0.0,0.83,1.33,10.1,0.94,6.18,58.03,5.25,58.64,0.94,54.84
259,146852,La Liga,23/24,Mallorca,Abdón Prats,Forward,6.82,0.42,0.23,0.14,2.33,0.99,0.78,18.18,0.56,44.44,0.42,0.0,0.21,0.14,0.07,0.07,0.35,0.0,0.0,0.0,0.0,0.0,0.14,0.0,0.42,0.14,0.85,0,0.14,0.0,0.0,0.0,0.0,0.07,0.28,0.07,0.0,0.99,16.31,9.25,7.06,56.71,2.89,6.42,3.74,0.07,12.5,0.49,53.85,34,11,1275,0.21,0.0,1.27,1.27,12.0,0.71,5.01,41.76,2.12,44.12,2.89,40.2
260,945404,La Liga,23/24,Deportivo Alavés,Javi López,Defender,6.82,0.04,0.04,0.0,0.68,0.11,0.38,5.56,1.55,59.42,0.04,0.0,0.0,0.04,0.0,0.0,0.04,0.0,0.0,0.0,0.0,0.0,0.0,0.0,0.87,0.38,2.38,0,0.41,0.0,0.04,0.04,0.0,0.34,0.15,0.11,0.0,0.53,29.18,21.11,8.07,72.35,10.22,11.69,5.47,0.79,20.0,2.07,33.74,32,25,2387,0.11,0.0,0.94,1.09,16.85,0.75,4.56,53.54,3.47,52.57,1.09,56.86
261,349794,La Liga,23/24,Cádiz,Fali,Defender,6.82,0.0,0.03,0.04,0.39,0.11,0.25,0.0,0.11,75.0,0.0,0.0,0.0,0.0,0.0,0.0,0.0,0.0,0.0,0.0,0.0,0.0,0.0,0.0,1.45,0.95,4.13,0,0.53,0.0,0.0,0.0,0.0,0.21,0.0,0.0,0.0,0.14,36.46,28.16,8.29,77.25,18.18,10.02,3.42,0.04,10.0,4.02,42.07,30,30,2550,0.42,0.0,0.81,0.67,9.18,0.07,3.6,56.35,2.22,62.38,1.38,48.75
262,934383,La Liga,23/24,Real Sociedad,Jon Pacheco,Defender,6.82,0.06,0.06,0.06,0.35,0.18,0.12,16.67,0.24,100.0,0.06,0.0,0.06,0.0,0.0,0.0,0.06,0.0,0.0,0.0,0.0,0.0,0.0,0.0,1.47,0.59,3.12,0,0.47,0.06,0.0,0.0,0.0,0.47,0.06,0.06,0.0,0.18,68.47,59.76,8.71,87.29,43.65,16.18,3.65,0.06,100.0,3.24,43.31,23,16,1530,0.47,0.0,1.71,0.06,9.65,0.12,5.12,54.72,1.76,44.78,3.35,61.96
263,1101232,La Liga,23/24,Deportivo Alavés,Abdel Abqar,Defender,6.82,0.0,0.02,0.0,0.39,0.12,0.19,0.0,0.12,75.0,0.0,0.0,0.0,0.0,0.0,0.04,0.04,0.0,0.0,0.0,0.0,0.0,0.0,0.0,1.36,0.89,4.28,0,0.54,0.0,0.0,0.08,0.04,0.27,0.0,0.0,0.0,0.12,29.29,21.35,7.93,72.91,14.97,6.38,2.88,0.0,0.0,3.11,36.87,27,27,2314,0.39,0.0,1.28,0.89,8.79,0.04,3.89,54.05,2.37,55.96,1.52,51.32
264,1066045,La Liga,23/24,Real Sociedad,Arsen Zakharyan,Midfielder,6.81,0.07,0.17,0.07,2.39,0.65,1.23,3.03,0.72,40.0,0.07,0.0,0.0,0.0,0.07,0.07,0.22,0.0,0.0,0.0,0.0,0.0,0.43,0.0,1.59,0.29,0.58,0,0.94,0.0,0.0,0.0,0.0,0.0,0.22,0.14,0.0,1.88,32.87,25.34,7.53,77.09,7.67,19.4,9.77,1.74,32.0,1.16,47.06,29,15,1243,0.07,0.0,1.52,0.8,15.35,0.43,3.91,42.19,3.11,44.79,0.8,34.38
265,966862,La Liga,23/24,Real Sociedad,Ander Barrenetxea,Midfielder,6.81,0.25,0.22,0.12,2.3,0.75,1.06,10.81,2.36,55.88,0.25,0.0,0.12,0.0,0.12,0.06,0.19,0.0,0.0,0.0,0.0,0.0,0.06,0.0,1.99,0.37,0.25,0,1.0,0.0,0.0,0.0,0.0,0.0,0.12,0.06,0.06,0.87,31.04,22.52,8.52,72.55,5.16,17.73,9.52,0.37,12.77,0.93,53.57,29,20,1447,0.06,0.0,1.68,1.37,19.84,2.8,6.59,43.27,5.72,44.44,0.87,36.84
266,588566,La Liga,23/24,Rayo Vallecano,Unai López,Midfielder,6.81,0.04,0.05,0.0,1.36,0.21,0.85,3.13,0.93,56.41,0.0,0.04,0.0,0.0,0.04,0.04,0.13,0.0,0.0,0.0,0.0,0.0,0.13,0.0,2.03,0.68,0.55,0,1.36,0.0,0.08,0.0,0.0,0.13,0.21,0.08,0.0,1.31,57.91,48.79,9.11,84.26,25.99,23.78,11.57,0.98,31.51,3.39,45.45,35,28,2123,0.38,0.0,2.54,0.93,14.75,0.98,4.58,41.86,3.9,41.26,0.68,45.71
267,933426,La Liga,23/24,Las Palmas,Enzo Loiodice,Midfielder,6.81,0.0,0.03,0.0,0.8,0.3,0.25,0.0,1.41,57.14,0.0,0.0,0.0,0.0,0.0,0.1,0.05,0.0,0.0,0.0,0.0,0.0,0.0,0.0,3.11,0.6,0.75,0,1.1,0.0,0.05,0.0,0.0,0.05,0.05,0.05,0.0,0.95,55.25,46.56,8.69,84.27,21.9,24.96,11.1,0.3,26.09,1.16,50.0,34,19,1792,0.1,0.0,1.61,1.91,15.27,2.11,7.78,52.19,6.38,52.48,1.41,50.91
268,1012444,La Liga,23/24,Las Palmas,Alberto Moleiro,Midfielder,6.81,0.15,0.1,0.0,1.64,0.5,0.75,9.09,2.84,51.35,0.05,0.1,0.0,0.0,0.15,0.05,0.1,0.05,0.0,0.0,0.0,0.0,0.0,0.0,0.75,0.35,0.45,0,1.2,0.0,0.0,0.0,0.0,0.0,0.2,0.15,0.0,1.34,34.67,28.34,6.33,81.75,8.92,19.62,11.51,0.2,14.81,0.35,46.67,28,21,1807,0.05,0.0,0.85,0.9,15.14,1.34,4.53,39.91,4.48,42.65,0.05,5.88
269,187313,La Liga,23/24,Osasuna,Lucas Torró,Midfielder,6.81,0.05,0.07,0.1,1.5,0.35,0.8,3.33,0.3,85.71,0.05,0.0,0.0,0.0,0.05,0.0,0.0,0.0,0.0,0.0,0.0,0.0,0.05,0.0,1.25,1.65,1.85,0,0.85,0.0,0.0,0.0,0.0,0.2,0.05,0.0,0.0,0.45,39.79,30.27,9.52,76.07,15.23,15.03,7.32,0.0,0.0,1.2,41.38,28,21,1796,0.25,0.0,2.15,0.8,10.97,0.5,5.91,51.3,2.31,40.0,3.61,62.61
270,1120669,La Liga,23/24,Celta Vigo,Hugo Sotelo,Midfielder,6.81,0.0,0.04,0.0,0.99,0.12,0.62,0.0,1.11,64.29,0.0,0.0,0.0,0.0,0.0,0.12,0.0,0.0,0.0,0.0,0.0,0.0,0.12,0.0,2.35,0.25,0.62,0,1.49,0.0,0.0,0.0,0.0,0.0,0.5,0.12,0.0,1.86,68.83,63.01,5.82,91.55,22.41,41.35,20.55,0.74,20.69,4.21,66.67,17,8,727,0.12,0.0,1.98,0.37,12.5,1.49,4.09,38.82,3.84,40.79,0.25,22.22
271,788197,La Liga,23/24,Granada,André Ferreira,Goalkeeper,6.81,0.0,0.0,0.0,0.0,0.0,0.0,0.0,0.0,0.0,0.0,0.0,0.0,0.0,0.0,0.0,0.0,0.0,0.0,0.0,0.0,0.0,0.0,0.0,0.0,0.0,1.21,0,0.07,0.13,0.0,0.13,0.0,0.0,0.0,0.0,0.0,0.0,27.56,18.28,9.28,66.34,14.32,3.97,1.28,0.0,0.0,5.85,39.55,15,14,1339,0.07,0.0,0.13,0.13,9.54,0.07,0.6,64.29,0.13,33.33,0.47,87.5
272,138833,La Liga,23/24,Atlético Madrid,Memphis Depay,Forward,6.81,0.5,0.58,0.6,3.83,1.51,1.61,13.16,1.81,52.94,0.3,0.2,0.1,0.0,0.4,0.1,0.81,0.0,0.0,0.0,0.0,0.0,0.3,0.0,0.5,0.1,0.0,0,0.3,0.0,0.0,0.0,0.0,0.0,0.3,0.1,0.0,1.31,24.87,18.93,5.94,76.11,7.35,12.08,6.85,0.5,41.67,1.01,83.33,23,9,894,0.2,0.0,1.41,1.61,15.6,2.21,4.33,39.45,3.93,41.94,0.4,25.0
273,857227,La Liga,23/24,Granada,Sergio Ruiz,Midfielder,6.81,0.0,0.03,0.04,0.47,0.04,0.22,0.0,0.82,57.5,0.0,0.0,0.0,0.0,0.0,0.0,0.0,0.0,0.0,0.0,0.0,0.0,0.0,0.0,2.98,1.0,1.51,0,1.65,0.0,0.04,0.04,0.0,0.07,0.11,0.14,0.0,0.43,45.07,38.37,6.71,85.12,23.16,15.45,5.41,0.25,41.18,1.97,50.93,35,30,2510,0.32,0.0,1.51,2.37,9.9,0.54,7.31,57.79,6.1,58.82,1.22,53.13
274,826195,La Liga,23/24,Villarreal,Matteo Gabbia,Defender,6.81,0.0,0.0,0.0,0.0,0.0,0.0,0.0,0.0,0.0,0.0,0.0,0.0,0.0,0.0,0.0,0.0,0.0,0.0,0.0,0.0,0.0,0.0,0.0,1.88,1.51,6.78,0,0.56,0.0,0.19,0.0,0.0,0.19,0.0,0.0,0.0,0.19,56.11,50.27,5.84,89.6,35.21,15.06,3.39,0.0,0.0,3.77,60.61,7,6,478,0.38,0.0,1.69,0.56,6.78,0.0,5.65,63.83,2.45,52.0,3.2,77.27
275,807648,La Liga,23/24,Athletic Club,Yeray Álvarez,Defender,6.81,0.0,0.02,0.0,0.55,0.16,0.31,0.0,0.16,66.67,0.0,0.0,0.0,0.0,0.0,0.0,0.0,0.0,0.0,0.0,0.0,0.0,0.0,0.0,1.4,0.86,2.57,0,0.55,0.0,0.08,0.0,0.0,0.47,0.0,0.0,0.0,0.23,54.78,44.42,10.36,81.08,29.06,15.35,4.52,0.0,0.0,3.82,40.83,19,14,1155,0.08,0.08,1.17,1.09,11.45,0.0,6.0,68.75,2.57,62.26,3.43,74.58
276,41013,La Liga,23/24,Rayo Vallecano,Aridane Hernández,Defender,6.81,0.0,0.02,0.05,0.27,0.0,0.21,0.0,0.05,100.0,0.0,0.0,0.0,0.0,0.0,0.0,0.0,0.0,0.0,0.0,0.0,0.0,0.0,0.0,0.53,0.75,5.22,0,0.37,0.0,0.05,0.05,0.0,0.32,0.0,0.0,0.0,0.16,41.73,35.82,5.91,85.84,28.47,7.34,1.6,0.0,0.0,2.66,51.02,19,19,1691,0.16,0.0,0.59,0.64,6.44,0.0,3.09,62.37,1.22,57.5,1.86,66.04
277,855831,La Liga,23/24,Cádiz,Víctor Chust,Defender,6.81,0.0,0.03,0.0,0.19,0.0,0.14,0.0,0.05,50.0,0.0,0.0,0.0,0.0,0.0,0.0,0.0,0.0,0.0,0.0,0.0,0.0,0.0,0.0,1.4,0.53,4.33,0,0.67,0.0,0.05,0.0,0.0,0.34,0.05,0.05,0.0,0.29,49.43,39.85,9.58,80.62,25.7,14.15,3.61,0.0,0.0,4.33,41.86,22,22,1870,0.14,0.1,0.72,0.19,10.49,0.05,2.89,51.72,1.64,52.31,1.25,50.98
278,3041,La Liga,23/24,Villarreal,Raúl Albiol,Defender,6.81,0.0,0.02,0.0,0.27,0.04,0.18,0.0,0.0,0.0,0.0,0.0,0.0,0.0,0.0,0.0,0.04,0.0,0.0,0.0,0.0,0.0,0.0,0.0,1.11,0.71,4.51,0,0.4,0.0,0.0,0.0,0.0,0.13,0.13,0.04,0.0,0.13,55.95,48.29,7.65,86.32,35.51,12.78,3.23,0.0,0.0,3.54,47.06,26,24,2035,0.27,0.0,0.93,0.35,8.4,0.13,3.49,56.43,1.42,50.79,2.08,61.04
279,124737,La Liga,23/24,Atlético Madrid,Gabriel Paulista,Defender,6.8,0.0,0.03,0.0,0.4,0.05,0.25,0.0,0.0,0.0,0.0,0.0,0.0,0.0,0.0,0.0,0.0,0.0,0.0,0.0,0.0,0.0,0.0,0.0,0.85,1.4,5.18,0,0.3,0.0,0.0,0.0,0.0,0.25,0.0,0.0,0.0,0.2,54.07,46.79,7.28,86.54,35.73,11.06,2.69,0.0,0.0,3.59,48.98,23,21,1806,0.25,0.05,0.75,0.2,7.77,0.1,3.14,56.25,1.05,46.67,2.09,62.69
280,218616,La Liga,23/24,Girona FC,Portu,Forward,6.8,0.49,0.25,0.28,1.54,0.84,0.35,31.82,0.28,19.05,0.49,0.0,0.07,0.0,0.42,0.07,0.7,0.07,0.0,0.0,0.0,0.0,0.0,0.0,1.61,0.28,0.35,0,1.12,0.0,0.0,0.0,0.0,0.0,0.49,0.35,0.0,1.26,21.52,17.17,4.35,79.8,5.54,11.92,7.57,0.28,19.05,0.07,16.67,36,11,1284,0.28,0.0,1.26,1.12,9.88,1.12,3.57,36.96,3.01,40.19,0.56,25.81
281,894863,La Liga,23/24,Celta Vigo,Anastasios Douvikas,Forward,6.8,0.67,0.44,0.57,2.48,1.43,0.38,26.92,0.86,45.0,0.67,0.0,0.1,0.19,0.38,0.0,0.57,0.0,0.0,0.0,0.0,0.0,0.0,0.0,1.43,0.19,0.86,0,0.48,0.0,0.0,0.0,0.0,0.0,0.19,0.1,0.0,0.76,15.67,9.94,5.73,63.41,3.73,6.31,3.54,0.1,50.0,0.19,50.0,32,7,942,0.19,0.0,1.72,2.87,12.61,1.91,8.5,52.35,5.06,50.0,3.44,56.25
282,824130,La Liga,23/24,Osasuna,José Manuel Arnáiz,Forward,6.8,0.19,0.17,0.1,2.81,0.87,1.07,6.9,1.07,42.31,0.1,0.1,0.0,0.0,0.19,0.0,0.29,0.0,0.0,0.0,0.0,0.0,0.48,0.0,1.36,0.29,0.19,0,1.45,0.0,0.0,0.0,0.0,0.0,0.48,0.1,0.0,1.36,26.06,21.12,4.94,81.04,5.72,16.57,8.23,1.16,26.09,0.58,42.86,26,9,929,0.29,0.0,0.78,1.84,14.82,2.33,5.33,42.31,4.26,41.9,1.07,44.0
283,928047,La Liga,23/24,Cádiz,Milutin Osmajić,Forward,6.8,0.0,0.55,0.0,13.85,0.0,6.92,0.0,0.0,0.0,0.0,0.0,0.0,0.0,0.0,0.0,0.0,0.0,0.0,0.0,0.0,0.0,0.0,0.0,0.0,0.0,0.0,0,0.0,0.0,0.0,0.0,0.0,0.0,0.0,0.0,0.0,6.92,20.77,13.85,6.92,66.67,0.0,13.85,13.85,0.0,0.0,0.0,0.0,1,0,13,0.0,0.0,0.0,0.0,6.92,0.0,6.92,100.0,0.0,0.0,6.92,100.0
284,1175743,La Liga,23/24,Granada,Pablo Sáenz,Forward,6.8,0.0,0.0,0.0,0.0,0.0,0.0,0.0,0.0,0.0,0.0,0.0,0.0,0.0,0.0,0.0,0.0,0.0,0.0,0.0,0.0,0.0,0.0,0.0,15.0,0.0,0.0,0,10.0,0.0,0.0,0.0,0.0,0.0,0.0,0.0,0.0,0.0,30.0,20.0,10.0,66.67,5.0,20.0,10.0,5.0,100.0,0.0,0.0,1,0,18,0.0,0.0,0.0,5.0,10.0,0.0,20.0,66.67,20.0,66.67,0.0,0.0
285,1046322,La Liga,23/24,Real Betis,Ricardo Visus,Defender,6.8,0.0,0.0,0.0,0.0,0.0,0.0,0.0,0.0,0.0,0.0,0.0,0.0,0.0,0.0,0.0,0.0,0.0,0.0,0.0,0.0,0.0,0.0,0.0,1.09,1.09,4.91,0,0.0,0.0,0.55,0.0,0.0,0.55,0.0,0.0,0.0,0.0,33.27,27.27,6.0,81.97,20.73,6.55,1.64,0.0,0.0,2.18,30.77,3,1,165,0.0,0.0,1.64,0.55,6.0,0.0,2.73,38.46,1.64,50.0,1.09,28.57
286,873717,La Liga,23/24,Deportivo Alavés,Carlos Benavídez,Midfielder,6.8,0.23,0.08,0.0,1.1,0.55,0.23,21.43,0.16,50.0,0.16,0.08,0.16,0.0,0.08,0.0,0.08,0.0,0.0,0.0,0.0,0.0,0.0,0.0,4.38,1.49,2.03,0,1.17,0.0,0.0,0.16,0.0,0.23,0.08,0.08,0.0,0.47,35.3,24.89,10.41,70.51,11.19,13.7,7.36,0.0,0.0,2.35,37.5,29,10,1150,0.39,0.0,2.97,0.7,12.21,0.39,7.98,53.13,5.24,53.17,2.74,53.03
287,1392573,La Liga,23/24,Rayo Vallecano,Diego Mendez,Midfielder,6.8,0.0,0.0,0.0,0.0,0.0,0.0,0.0,0.0,0.0,0.0,0.0,0.0,0.0,0.0,0.0,0.0,0.0,0.0,0.0,0.0,0.0,0.0,0.0,10.0,10.0,0.0,0,0.0,0.0,0.0,0.0,0.0,0.0,0.0,0.0,0.0,0.0,20.0,20.0,0.0,100.0,10.0,10.0,0.0,0.0,0.0,0.0,0.0,1,0,9,0.0,0.0,10.0,0.0,0.0,0.0,20.0,66.67,10.0,50.0,10.0,100.0
288,796358,La Liga,23/24,Cádiz,Diadié Samassékou,Midfielder,6.8,0.0,0.03,0.0,1.03,1.03,0.0,0.0,2.07,100.0,0.0,0.0,0.0,0.0,0.0,0.0,0.0,0.0,0.0,0.0,0.0,0.0,0.0,0.0,5.17,3.1,0.0,0,1.03,0.0,0.0,0.0,0.0,0.0,0.0,0.0,0.0,1.03,48.62,46.55,2.07,95.74,23.79,22.76,12.41,0.0,0.0,5.17,100.0,4,0,87,0.0,0.0,2.07,0.0,4.14,0.0,10.34,71.43,7.24,77.78,3.1,60.0
289,846446,La Liga,23/24,Cádiz,Rominigue Kouamé,Midfielder,6.8,0.0,0.03,0.0,0.54,0.0,0.33,0.0,0.76,87.5,0.0,0.0,0.0,0.0,0.0,0.0,0.11,0.0,0.0,0.0,0.0,0.0,0.0,0.0,1.52,1.41,1.09,0,0.87,0.0,0.11,0.0,0.0,0.0,0.0,0.0,0.0,0.43,44.57,38.48,6.09,86.34,19.02,19.57,8.59,0.11,100.0,2.39,73.33,16,9,828,0.22,0.0,1.2,0.98,7.28,0.11,5.33,59.04,3.26,58.82,2.07,59.38
290,828239,La Liga,23/24,Mallorca,Toni Lato,Defender,6.8,0.0,0.01,0.0,0.29,0.12,0.17,0.0,0.58,66.67,0.0,0.0,0.0,0.0,0.0,0.0,0.12,0.06,0.0,0.0,0.0,0.0,0.0,0.0,2.2,0.98,1.39,0,0.64,0.0,0.0,0.0,0.0,0.06,0.17,0.06,0.0,0.58,33.1,25.65,7.45,77.49,11.21,15.13,6.76,0.69,24.49,1.5,38.81,28,16,1558,0.17,0.0,1.1,1.04,13.06,0.4,4.39,55.47,3.81,61.11,0.58,34.48
291,2322979,La Liga,23/24,Real Betis,Sokratis Papastathopoulos,Defender,6.8,0.0,0.02,0.0,0.16,0.08,0.08,0.0,0.0,0.0,0.0,0.0,0.0,0.0,0.0,0.0,0.0,0.0,0.0,0.0,0.0,0.0,0.0,0.0,1.66,0.47,4.58,0,0.32,0.0,0.0,0.0,0.08,0.39,0.0,0.0,0.0,0.08,45.24,39.95,5.29,88.31,32.37,7.58,0.87,0.0,0.0,1.58,35.71,15,12,1140,0.47,0.0,1.03,0.47,5.53,0.0,4.11,59.77,2.13,61.36,1.97,58.14
292,959872,La Liga,23/24,Athletic Club,Aitor Paredes,Defender,6.8,0.03,0.04,0.03,0.46,0.1,0.3,7.14,0.07,66.67,0.03,0.0,0.0,0.0,0.03,0.0,0.0,0.0,0.0,0.0,0.0,0.0,0.0,0.0,0.66,1.09,3.35,0,0.23,0.0,0.0,0.0,0.0,0.36,0.0,0.0,0.0,0.13,51.43,44.04,7.39,85.63,31.88,12.19,2.58,0.03,100.0,3.18,46.15,34,31,2716,0.23,0.03,1.23,0.36,7.85,0.07,3.08,52.54,1.09,41.77,1.99,61.22
293,868227,La Liga,23/24,Las Palmas,Eric Curbelo,Defender,6.8,0.0,0.0,0.0,0.0,0.0,0.0,0.0,0.0,0.0,0.0,0.0,0.0,0.0,0.0,0.0,0.0,0.0,0.0,0.0,0.0,0.0,0.0,0.0,3.56,1.78,4.46,0,0.89,0.0,0.89,0.0,0.0,0.0,0.0,0.0,0.0,0.0,51.68,49.9,1.78,96.55,39.21,10.69,0.0,0.0,0.0,1.78,100.0,2,1,101,0.0,0.0,0.0,0.0,4.46,0.0,3.56,66.67,3.56,80.0,0.0,0.0
294,1064218,La Liga,23/24,Real Betis,Chadi Riad,Defender,6.8,0.0,0.03,0.0,0.46,0.21,0.21,0.0,0.0,0.0,0.0,0.0,0.0,0.0,0.0,0.04,0.04,0.0,0.0,0.0,0.0,0.0,0.0,0.0,1.46,0.96,4.37,0,0.42,0.0,0.0,0.04,0.0,0.17,0.0,0.0,0.0,0.08,49.7,44.58,5.12,89.71,35.77,8.82,1.25,0.0,0.0,1.16,29.47,26,24,2164,0.04,0.0,0.62,0.29,5.61,0.08,3.58,57.72,1.75,63.64,1.83,53.01
295,921621,La Liga,23/24,Cádiz,Mamadou Mbaye,Defender,6.8,0.0,0.11,0.31,0.63,0.31,0.0,0.0,0.0,0.0,0.0,0.0,0.0,0.0,0.0,0.0,0.0,0.0,0.0,0.0,0.0,0.0,0.0,0.0,1.89,1.57,8.18,0,0.94,0.0,0.0,0.31,0.0,0.0,0.0,0.0,0.0,0.0,26.12,14.79,11.33,56.63,10.38,4.41,1.26,0.0,0.0,3.15,31.25,4,2,286,0.63,0.0,1.89,0.0,12.27,0.0,4.72,51.72,1.89,42.86,2.83,60.0
296,1167704,La Liga,23/24,Valencia,Rubén Iranzo,Defender,6.8,0.0,0.0,0.0,0.0,0.0,0.0,0.0,0.0,0.0,0.0,0.0,0.0,0.0,0.0,0.0,0.0,0.0,0.0,0.0,0.0,0.0,0.0,0.0,18.0,0.0,9.0,0,0.0,0.0,0.0,0.0,0.0,0.0,0.0,0.0,0.0,0.0,54.0,54.0,0.0,100.0,9.0,45.0,9.0,0.0,0.0,0.0,0.0,1,0,10,0.0,0.0,0.0,0.0,0.0,0.0,18.0,100.0,18.0,100.0,0.0,0.0
297,69379,La Liga,23/24,Almería,Diego Mariño,Goalkeeper,6.8,0.0,0.0,0.0,0.0,0.0,0.0,0.0,0.0,0.0,0.0,0.0,0.0,0.0,0.0,0.0,0.0,0.0,0.0,0.0,0.0,0.0,0.0,0.0,0.0,0.0,1.0,0,0.0,0.0,0.0,0.0,0.0,0.0,0.0,0.0,0.0,0.0,21.0,17.0,4.0,80.95,16.0,1.0,1.0,0.0,0.0,2.0,33.33,1,1,90,0.0,0.0,0.0,0.0,4.0,0.0,0.0,0.0,0.0,0.0,0.0,0.0
298,53739,La Liga,23/24,Villarreal,Kiko Femenía,Defender,6.79,0.0,0.0,0.0,0.06,0.0,0.06,0.0,0.34,54.55,0.0,0.0,0.0,0.0,0.0,0.0,0.0,0.0,0.0,0.0,0.0,0.0,0.06,0.0,1.98,1.76,2.27,0,0.85,0.0,0.0,0.06,0.0,0.17,0.06,0.0,0.0,0.4,53.14,45.31,7.83,85.27,24.78,20.7,11.29,0.17,10.71,2.21,41.94,23,16,1587,0.34,0.06,1.42,0.17,11.97,0.28,3.06,47.37,2.5,47.31,0.57,47.62
299,76265,La Liga,23/24,Atlético Madrid,Stefan Savić,Defender,6.79,0.0,0.02,0.06,0.28,0.06,0.22,0.0,0.44,100.0,0.0,0.0,0.0,0.0,0.0,0.0,0.06,0.0,0.0,0.0,0.0,0.0,0.0,0.0,1.49,1.49,3.25,0,0.83,0.0,0.06,0.0,0.0,0.28,0.0,0.0,0.0,0.06,53.45,44.64,8.81,83.52,31.43,13.32,4.4,0.11,66.67,2.7,36.57,23,19,1635,0.28,0.06,0.88,0.33,9.63,0.0,4.79,58.0,2.26,56.94,2.53,58.97
300,855832,La Liga,23/24,Deportivo Alavés,Antonio Blanco,Midfielder,6.79,0.0,0.03,0.0,0.74,0.11,0.26,0.0,0.7,70.37,0.0,0.0,0.0,0.0,0.0,0.0,0.0,0.0,0.0,0.0,0.0,0.0,0.0,0.0,2.25,1.29,1.03,0,2.03,0.0,0.0,0.0,0.0,0.29,0.11,0.04,0.0,0.74,37.97,29.57,8.4,77.89,14.18,15.69,7.51,0.29,53.33,2.54,52.67,33,29,2444,0.18,0.04,1.33,1.47,10.75,0.81,5.19,50.54,4.35,49.58,0.85,56.1
301,229740,La Liga,23/24,Villarreal,Alberto Moreno,Defender,6.79,0.12,0.04,0.06,1.02,0.3,0.36,11.76,0.3,55.56,0.12,0.0,0.0,0.12,0.0,0.0,0.3,0.06,0.0,0.0,0.0,0.0,0.0,0.0,1.86,1.44,1.62,0,1.2,0.0,0.0,0.0,0.0,0.06,0.12,0.12,0.0,0.96,35.71,29.82,5.89,83.5,15.27,15.27,8.36,0.72,24.49,2.65,53.01,27,17,1497,0.06,0.12,1.44,0.84,10.34,0.18,3.61,48.39,3.01,50.51,0.6,40.0
302,841854,La Liga,23/24,Las Palmas,Marc Cardona,Forward,6.79,0.48,0.51,0.12,2.64,1.32,1.08,18.18,1.68,42.42,0.48,0.0,0.0,0.12,0.36,0.0,2.16,0.12,0.12,0.12,100.0,0.0,0.0,0.0,1.08,0.24,0.84,0,1.32,0.0,0.0,0.0,0.0,0.0,0.24,0.12,0.0,0.96,26.68,20.31,6.37,76.13,8.05,12.38,6.25,0.12,20.0,0.12,16.67,26,6,749,0.48,0.0,1.44,2.28,13.94,1.8,6.13,42.15,5.05,42.86,1.08,39.13
303,966679,La Liga,23/24,Getafe,Juanmi Latasa,Forward,6.79,0.12,0.22,0.4,2.53,0.86,1.21,4.55,0.35,54.55,0.12,0.0,0.12,0.0,0.0,0.0,0.4,0.06,0.0,0.0,0.0,0.0,0.0,0.0,0.52,0.23,1.21,0,0.58,0.0,0.0,0.06,0.0,0.06,0.12,0.0,0.0,1.09,20.88,11.04,9.83,52.89,2.65,8.4,4.89,0.0,0.0,0.29,62.5,32,15,1565,0.29,0.06,3.8,2.24,15.41,1.21,11.33,46.9,2.88,34.72,8.45,53.26
304,913695,La Liga,23/24,Mallorca,José Copete,Defender,6.79,0.07,0.04,0.0,0.47,0.07,0.27,14.29,0.27,50.0,0.07,0.0,0.0,0.07,0.0,0.0,0.0,0.0,0.0,0.0,0.0,0.0,0.0,0.0,3.03,2.16,2.76,0,0.88,0.0,0.07,0.13,0.0,0.2,0.07,0.07,0.0,0.27,38.49,30.07,8.43,78.11,19.08,11.19,3.84,0.2,30.0,2.76,39.81,19,17,1335,0.47,0.0,2.43,0.88,10.31,0.2,5.53,53.25,4.11,52.59,1.42,55.26
305,984789,La Liga,23/24,Celta Vigo,Manuel Sánchez,Defender,6.79,0.0,0.02,0.05,0.45,0.1,0.1,0.0,0.55,40.74,0.0,0.0,0.0,0.0,0.0,0.0,0.0,0.0,0.0,0.0,0.0,0.0,0.0,0.0,2.72,0.96,2.27,0,1.21,0.0,0.0,0.0,0.0,0.15,0.3,0.25,0.0,1.01,32.15,24.59,7.56,76.49,11.89,13.56,6.85,0.86,29.82,1.31,38.24,26,20,1786,0.15,0.0,1.06,0.25,13.66,0.55,3.98,46.2,3.53,49.65,0.45,30.0
306,814385,La Liga,23/24,Granada,Lucas Boyé,Forward,6.79,0.21,0.22,0.21,1.97,0.53,0.99,10.71,1.87,41.41,0.21,0.0,0.04,0.04,0.14,0.07,0.28,0.0,0.0,0.0,0.0,0.0,0.04,0.0,1.76,0.35,1.62,0,0.7,0.0,0.0,0.0,0.0,0.04,0.04,0.11,0.0,0.92,21.45,15.82,5.64,73.73,6.13,9.83,5.95,0.14,28.57,0.63,62.07,31,30,2555,0.28,0.04,2.54,1.51,16.06,3.03,7.19,38.64,5.14,37.44,2.04,42.03
307,255973,La Liga,23/24,Osasuna,Rubén Peña,Defender,6.78,0.0,0.04,0.04,0.73,0.21,0.26,0.0,1.5,51.47,0.0,0.0,0.0,0.0,0.0,0.04,0.26,0.0,0.0,0.0,0.0,0.0,0.0,0.0,2.01,1.28,1.41,0,1.24,0.0,0.13,0.0,0.0,0.09,0.21,0.09,0.0,1.2,29.37,21.08,8.29,71.76,7.74,14.37,7.65,1.03,21.62,1.28,42.25,29,26,2105,0.13,0.0,1.2,1.03,18.94,1.41,5.13,42.25,4.49,46.67,0.64,25.42
308,1184317,La Liga,23/24,Valencia,Yarek Gasiorowski,Defender,6.78,0.0,0.0,0.0,0.12,0.0,0.0,0.0,0.12,33.33,0.0,0.0,0.0,0.0,0.0,0.0,0.0,0.0,0.0,0.0,0.0,0.0,0.0,0.0,2.69,1.83,5.5,0,0.73,0.0,0.12,0.0,0.12,0.12,0.0,0.0,0.0,0.0,29.06,21.74,7.33,74.79,14.53,7.33,2.56,0.12,16.67,1.59,26.0,14,7,737,0.12,0.0,1.34,0.24,11.6,0.12,4.88,63.49,3.05,56.82,1.83,78.95
309,350170,La Liga,23/24,Las Palmas,Munir El Haddadi,Forward,6.78,0.11,0.16,0.22,1.56,0.44,0.76,6.98,0.76,37.5,0.11,0.0,0.0,0.11,0.0,0.07,0.76,0.0,0.04,0.0,0.0,0.0,0.11,0.0,1.45,0.4,0.44,0,0.76,0.0,0.0,0.0,0.0,0.04,0.07,0.07,0.0,0.87,25.93,20.85,5.08,80.39,7.23,13.91,7.08,0.29,19.51,0.84,46.94,38,32,2478,0.11,0.0,1.09,2.65,11.48,1.74,5.56,46.93,4.69,49.62,0.87,36.36
310,71707,La Liga,23/24,Athletic Club,Iker Muniain,Midfielder,6.78,0.3,0.26,0.3,1.93,1.04,0.89,15.38,1.93,44.83,0.3,0.0,0.0,0.0,0.3,0.15,0.0,0.0,0.0,0.0,0.0,0.0,0.0,0.0,0.74,0.0,0.0,0,0.3,0.0,0.0,0.0,0.0,0.0,0.15,0.0,0.0,1.93,56.05,49.82,6.23,88.89,16.31,34.7,17.94,1.19,25.81,1.63,61.11,20,5,607,0.15,0.0,0.74,1.63,16.16,1.63,4.45,41.67,4.3,47.54,0.15,9.09
311,1134396,La Liga,23/24,Real Sociedad,Jon Magunazelaia,Midfielder,6.78,0.0,0.2,0.0,2.75,0.0,2.06,0.0,1.37,50.0,0.0,0.0,0.0,0.0,0.0,0.0,0.0,0.0,0.0,0.0,0.0,0.0,0.0,0.0,3.44,0.0,0.69,0,2.75,0.0,0.0,0.0,0.0,0.0,0.69,0.0,0.0,0.69,28.85,20.61,8.24,71.43,6.18,14.43,6.18,0.0,0.0,0.0,0.0,5,1,131,0.0,0.0,1.37,2.06,15.11,1.37,7.56,44.0,6.87,50.0,0.69,20.0
312,914819,La Liga,23/24,Cádiz,Chris Ramos,Forward,6.78,0.17,0.35,0.55,2.6,0.93,1.27,6.58,0.62,29.03,0.17,0.0,0.1,0.0,0.07,0.0,0.41,0.07,0.0,0.0,0.0,0.0,0.0,0.0,0.96,0.31,1.47,0,0.65,0.0,0.0,0.0,0.0,0.1,0.07,0.03,0.0,0.48,16.0,9.22,6.78,57.6,2.95,6.34,3.67,0.07,16.67,0.21,60.0,37,30,2627,0.17,0.0,2.09,1.58,14.08,1.82,9.04,44.07,3.12,35.27,5.93,50.73
313,137978,La Liga,23/24,Real Betis,William Carvalho,Midfielder,6.78,0.13,0.05,0.0,1.05,0.39,0.39,12.5,0.53,33.33,0.0,0.13,0.0,0.0,0.13,0.0,0.0,0.0,0.0,0.0,0.0,0.0,0.0,0.0,2.63,1.05,1.18,0,0.79,0.0,0.13,0.0,0.0,0.0,0.13,0.39,0.0,1.32,82.5,73.55,8.95,89.15,28.82,44.74,18.42,0.0,0.0,3.42,61.9,22,4,684,0.26,0.0,1.71,0.66,12.89,1.32,4.87,48.05,3.82,43.94,1.05,72.73
314,591750,La Liga,23/24,Sevilla,Joan Jordán,Midfielder,6.78,0.0,0.04,0.0,1.43,0.24,0.71,0.0,0.24,100.0,0.0,0.0,0.0,0.0,0.0,0.0,0.0,0.0,0.0,0.0,0.0,0.0,0.24,0.0,1.9,0.95,0.48,0,1.9,0.0,0.0,0.0,0.0,0.24,0.0,0.0,0.0,0.48,56.43,49.76,6.67,88.19,17.14,32.86,15.0,0.24,33.33,4.29,81.82,8,4,378,0.24,0.0,0.24,0.71,9.29,0.71,3.81,48.48,2.86,50.0,0.95,44.44
315,891931,La Liga,23/24,Deportivo Alavés,Ander Guevara,Midfielder,6.78,0.03,0.02,0.0,0.49,0.09,0.18,6.25,0.58,65.52,0.0,0.03,0.0,0.03,0.0,0.0,0.0,0.03,0.0,0.0,0.0,0.0,0.0,0.0,1.81,0.4,1.2,0,1.01,0.0,0.03,0.0,0.0,0.18,0.03,0.0,0.0,0.64,44.63,33.9,10.73,75.96,15.69,18.3,9.87,0.09,37.5,2.02,49.62,37,33,2936,0.21,0.0,1.47,0.92,13.09,0.74,4.69,50.0,3.28,48.86,1.41,52.87
316,231776,La Liga,23/24,Sevilla,Óliver Torres,Midfielder,6.78,0.0,0.03,0.06,0.5,0.17,0.22,0.0,0.61,47.83,0.0,0.0,0.0,0.0,0.0,0.0,0.33,0.0,0.0,0.0,0.0,0.0,0.0,0.0,2.05,0.33,0.17,0,1.93,0.0,0.0,0.0,0.0,0.06,0.22,0.06,0.0,1.22,45.61,38.2,7.41,83.76,15.04,23.94,12.44,0.77,31.82,2.16,48.75,27,18,1628,0.17,0.0,1.44,1.27,12.99,1.33,4.53,40.0,3.93,42.77,0.61,28.21
317,934351,La Liga,23/24,Granada,Miguel Rubio,Defender,6.78,0.06,0.05,0.06,0.52,0.12,0.35,11.11,0.29,83.33,0.06,0.0,0.06,0.0,0.0,0.0,0.06,0.0,0.0,0.0,0.0,0.0,0.0,0.0,1.15,1.62,4.1,0,0.4,0.0,0.12,0.0,0.0,0.06,0.0,0.0,0.0,0.12,44.62,35.85,8.77,80.34,27.94,7.91,1.91,0.0,0.0,2.25,35.78,19,17,1559,0.29,0.0,1.15,0.64,9.58,0.12,5.43,61.04,2.02,54.69,3.41,65.56
318,122810,La Liga,23/24,Villarreal,Aïssa Mandi,Defender,6.78,0.08,0.05,0.0,0.32,0.16,0.16,25.0,0.0,0.0,0.08,0.0,0.0,0.0,0.08,0.0,0.0,0.0,0.0,0.0,0.0,0.0,0.0,0.0,1.05,0.64,3.14,0,0.56,0.0,0.0,0.08,0.0,0.08,0.08,0.0,0.0,0.16,58.69,53.86,4.83,91.77,36.87,16.99,5.64,0.0,0.0,4.51,71.79,16,12,1118,0.24,0.0,0.56,0.4,5.39,0.16,2.42,53.57,1.45,54.55,0.97,52.17
319,300522,La Liga,23/24,Mallorca,Martin Valjent,Defender,6.78,0.0,0.01,0.0,0.34,0.0,0.15,0.0,0.04,33.33,0.0,0.0,0.0,0.0,0.0,0.0,0.08,0.0,0.0,0.0,0.0,0.0,0.0,0.0,1.3,1.11,4.09,0,0.46,0.0,0.04,0.0,0.0,0.19,0.11,0.04,0.0,0.27,37.58,30.62,6.96,81.49,20.26,10.48,4.36,0.11,16.67,2.52,40.24,28,28,2354,0.19,0.0,1.11,0.38,9.1,0.08,3.48,57.23,1.64,49.43,1.84,66.67
320,944165,La Liga,23/24,Cádiz,Robert Navarro,Midfielder,6.78,0.05,0.1,0.19,1.42,0.43,0.71,3.33,2.55,49.54,0.05,0.0,0.0,0.0,0.05,0.09,0.19,0.0,0.0,0.0,0.0,0.0,0.0,0.0,2.17,0.9,0.24,0,0.99,0.05,0.0,0.0,0.0,0.0,0.33,0.05,0.0,1.94,29.72,23.57,6.14,79.33,6.76,18.05,10.44,1.23,27.08,0.33,30.43,28,24,1905,0.0,0.05,0.71,1.28,17.43,1.75,6.57,48.6,6.0,49.8,0.57,38.71
321,896073,La Liga,23/24,Deportivo Alavés,Nahuel Tenaglia,Defender,6.78,0.08,0.05,0.0,0.62,0.08,0.23,12.5,0.54,77.78,0.08,0.0,0.0,0.0,0.08,0.0,0.15,0.0,0.0,0.0,0.0,0.0,0.0,0.0,2.23,0.92,4.39,0,0.92,0.0,0.0,0.0,0.0,0.31,0.08,0.0,0.08,0.54,29.26,21.79,7.47,74.47,12.32,9.7,4.0,0.23,17.65,2.31,38.96,25,11,1169,0.38,0.0,1.0,1.08,10.55,0.38,5.77,60.0,3.85,60.98,1.92,58.14
322,16701,La Liga,23/24,Villarreal,Étienne Capoue,Midfielder,6.77,0.06,0.06,0.06,0.86,0.31,0.31,7.14,1.35,51.16,0.06,0.0,0.06,0.0,0.0,0.0,0.12,0.06,0.0,0.0,0.0,0.0,0.0,0.0,1.96,1.35,1.41,0,0.43,0.06,0.0,0.0,0.0,0.06,0.06,0.06,0.0,0.55,48.99,42.54,6.45,86.84,19.28,23.33,11.6,0.06,14.29,2.52,59.42,32,15,1466,0.49,0.0,1.53,2.52,11.85,1.23,7.12,55.77,5.83,56.89,1.29,51.22
323,1089108,La Liga,23/24,Villarreal,Ilias Akhomach,Midfielder,6.77,0.12,0.19,0.12,1.78,0.41,0.59,6.67,3.37,49.14,0.12,0.0,0.0,0.06,0.06,0.06,0.24,0.0,0.0,0.0,0.0,0.0,0.0,0.0,2.13,0.77,0.41,0,0.59,0.0,0.0,0.0,0.0,0.0,0.41,0.12,0.0,1.24,26.27,21.18,5.09,80.63,4.97,16.8,9.64,0.59,34.48,0.53,56.25,31,17,1521,0.24,0.0,2.43,2.07,15.92,2.13,7.75,46.29,7.51,46.69,0.24,36.36
324,987490,La Liga,23/24,Almería,Bruno Langa,Defender,6.77,0.11,0.02,0.11,0.88,0.22,0.66,12.5,1.43,72.22,0.0,0.11,0.0,0.11,0.0,0.11,0.0,0.0,0.0,0.0,0.0,0.0,0.0,0.0,1.87,0.44,2.64,0,0.88,0.0,0.22,0.0,0.0,0.0,0.0,0.0,0.0,0.77,34.84,26.48,8.35,76.03,15.93,10.88,4.4,0.33,18.75,1.98,42.86,11,9,819,0.11,0.11,0.44,1.32,11.76,0.33,4.84,63.77,4.62,68.85,0.22,25.0
325,900792,La Liga,23/24,Osasuna,Alejandro Catena,Defender,6.77,0.04,0.05,0.14,0.64,0.18,0.43,5.56,0.11,42.86,0.04,0.0,0.04,0.0,0.0,0.04,0.04,0.0,0.0,0.0,0.0,0.0,0.04,0.0,1.17,0.53,4.08,0,0.57,0.04,0.07,0.04,0.0,0.21,0.14,0.11,0.0,0.21,47.31,38.75,8.55,81.92,24.95,13.81,4.44,0.0,0.0,5.47,50.49,30,28,2536,0.28,0.04,1.67,0.53,9.19,0.14,3.9,52.63,1.74,42.24,2.16,65.59
326,547838,La Liga,23/24,Real Madrid,Dani Ceballos,Midfielder,6.77,0.0,0.05,0.0,1.04,0.15,0.3,0.0,0.74,38.46,0.0,0.0,0.0,0.0,0.0,0.0,0.0,0.0,0.0,0.0,0.0,0.0,0.15,0.0,1.49,0.0,0.3,0,1.34,0.15,0.0,0.0,0.0,0.3,0.3,0.3,0.0,1.64,78.55,71.55,6.99,91.1,25.29,46.26,23.65,0.0,0.0,2.53,68.0,20,5,605,0.3,0.0,0.74,2.83,12.94,1.93,5.36,47.37,5.06,49.28,0.3,28.57
327,353154,La Liga,23/24,Las Palmas,Javier Muñoz,Midfielder,6.77,0.07,0.09,0.07,1.29,0.3,0.51,5.26,0.47,42.42,0.07,0.0,0.0,0.0,0.07,0.03,0.07,0.0,0.0,0.0,0.0,0.0,0.0,0.0,1.42,0.68,0.74,0,0.95,0.0,0.03,0.03,0.0,0.1,0.07,0.1,0.03,0.85,41.47,33.96,7.51,81.89,14.44,19.79,9.1,0.27,17.02,0.95,41.18,37,30,2661,0.2,0.0,1.22,0.54,11.97,0.81,2.64,38.61,2.44,40.68,0.2,24.0
328,989803,La Liga,23/24,Granada,Facundo Pellistri,Midfielder,6.77,0.15,0.18,0.15,1.25,0.44,0.3,11.76,0.89,46.15,0.15,0.0,0.0,0.0,0.15,0.0,0.37,0.07,0.0,0.0,0.0,0.0,0.0,0.0,2.14,0.3,0.3,0,1.11,0.0,0.0,0.0,0.0,0.07,0.07,0.07,0.0,1.33,19.33,14.61,4.72,75.57,4.5,10.55,5.9,0.44,20.0,0.22,42.86,15,14,1220,0.0,0.07,1.62,1.55,12.54,1.48,5.24,43.29,4.57,46.62,0.66,29.03
329,843678,La Liga,23/24,Villarreal,Santi Comesaña,Midfielder,6.77,0.11,0.1,0.05,0.92,0.38,0.33,11.76,1.14,65.63,0.11,0.0,0.05,0.0,0.05,0.0,0.05,0.0,0.0,0.0,0.0,0.0,0.0,0.0,2.38,1.19,1.35,0,1.03,0.0,0.05,0.0,0.0,0.11,0.16,0.0,0.0,0.65,46.6,40.69,5.91,87.33,19.78,20.92,10.57,0.0,0.0,2.11,66.1,27,20,1661,0.33,0.11,1.79,1.19,9.21,1.03,6.39,52.44,4.71,52.1,1.68,53.45
330,1414933,La Liga,23/24,FC Barcelona,Marc Guiu,Forward,6.77,1.1,0.83,1.1,4.39,1.1,1.1,25.0,0.0,0.0,1.1,0.0,0.0,0.0,1.1,0.0,1.1,0.0,0.0,0.0,0.0,0.0,0.0,0.0,1.1,0.0,0.0,0,0.0,0.0,0.0,0.0,0.0,0.0,1.1,0.0,0.0,1.1,8.78,8.78,0.0,100.0,4.39,4.39,2.2,0.0,0.0,0.0,0.0,3,1,82,1.1,0.0,1.1,2.2,5.49,2.2,4.39,40.0,3.29,50.0,1.1,25.0
331,260097,La Liga,23/24,Cádiz,Luis Hernández,Defender,6.76,0.12,0.12,0.0,0.12,0.12,0.0,100.0,0.0,0.0,0.12,0.0,0.0,0.12,0.0,0.0,0.0,0.0,0.0,0.0,0.0,0.0,0.0,0.0,0.86,0.99,3.08,0,0.49,0.0,0.0,0.0,0.0,0.25,0.0,0.0,0.0,0.74,37.36,29.34,8.01,78.55,17.38,11.96,4.68,0.0,0.0,2.96,38.71,9,8,730,0.49,0.0,0.99,0.0,13.07,0.0,1.97,53.33,0.86,36.84,1.11,81.82
332,96369,La Liga,23/24,Cádiz,Juanmi,Forward,6.76,0.31,0.28,0.1,1.44,0.72,0.52,21.43,0.93,40.91,0.31,0.0,0.1,0.0,0.21,0.0,1.34,0.0,0.0,0.0,0.0,0.0,0.0,0.0,0.93,0.62,0.31,0,0.72,0.0,0.0,0.0,0.0,0.1,0.21,0.1,0.0,1.14,22.91,18.37,4.54,80.18,7.12,11.35,5.99,0.1,50.0,0.31,50.0,16,9,872,0.31,0.0,2.48,1.14,10.63,1.75,3.82,30.33,2.99,32.58,0.83,24.24
333,980578,La Liga,23/24,Getafe,Gastón Álvarez,Defender,6.76,0.07,0.03,0.04,0.49,0.11,0.21,14.29,0.32,45.0,0.07,0.0,0.04,0.04,0.0,0.0,0.04,0.0,0.0,0.0,0.0,0.0,0.0,0.0,2.4,1.23,2.71,0,0.71,0.0,0.0,0.0,0.0,0.25,0.04,0.0,0.0,0.28,31.37,23.9,7.47,76.18,13.89,10.12,3.77,0.11,12.0,1.97,32.37,34,29,2553,0.25,0.0,1.52,0.35,11.07,0.35,4.86,54.76,3.07,51.48,1.8,61.45
334,800403,La Liga,23/24,Cádiz,Iza Carcelén,Defender,6.76,0.0,0.02,0.0,0.34,0.1,0.17,0.0,0.45,59.09,0.0,0.0,0.0,0.0,0.0,0.0,0.17,0.0,0.0,0.0,0.0,0.0,0.03,0.0,1.75,0.93,2.19,0,0.69,0.03,0.03,0.0,0.0,0.24,0.0,0.0,0.03,0.62,29.35,21.84,7.51,74.42,10.01,12.21,5.59,0.38,16.42,1.3,32.2,35,29,2625,0.07,0.0,0.55,1.51,12.31,0.65,4.46,56.52,3.7,63.16,0.75,37.29
335,590404,La Liga,23/24,Mallorca,Giovanni González,Defender,6.76,0.04,0.02,0.0,0.51,0.15,0.18,7.14,0.55,55.56,0.04,0.0,0.0,0.0,0.04,0.04,0.11,0.0,0.0,0.0,0.0,0.0,0.0,0.0,2.67,1.13,1.97,0,1.5,0.04,0.04,0.04,0.0,0.18,0.04,0.04,0.0,0.77,36.43,28.14,8.29,77.23,14.29,14.4,6.32,0.55,24.19,2.45,43.23,34,27,2463,0.26,0.0,1.39,0.73,12.83,0.55,5.3,51.24,3.95,51.67,1.35,50.0
336,144606,La Liga,23/24,Granada,Ignasi Miquel,Defender,6.76,0.03,0.04,0.06,0.66,0.24,0.3,4.55,0.24,53.33,0.03,0.0,0.03,0.0,0.0,0.0,0.0,0.0,0.0,0.0,0.0,0.0,0.0,0.0,1.41,1.35,3.88,0,0.51,0.0,0.12,0.0,0.0,0.09,0.06,0.03,0.0,0.36,46.25,37.94,8.3,82.04,29.61,8.34,2.65,0.0,0.0,2.62,37.5,34,33,2991,0.15,0.0,0.96,0.78,9.51,0.12,4.12,54.37,2.41,57.97,1.72,50.0
337,923000,La Liga,23/24,Granada,Bruno Méndez,Defender,6.76,0.13,0.04,0.0,0.54,0.34,0.2,25.0,0.4,85.71,0.13,0.0,0.0,0.07,0.07,0.0,0.0,0.0,0.0,0.0,0.0,0.0,0.0,0.0,2.43,1.75,2.83,0,1.08,0.0,0.0,0.0,0.0,0.13,0.0,0.0,0.0,0.27,36.58,26.34,10.24,72.01,15.76,10.71,4.51,0.13,25.0,2.96,36.67,17,15,1336,0.27,0.0,0.94,0.0,13.34,0.27,4.18,54.87,2.83,56.0,1.35,52.63
338,293115,La Liga,23/24,Granada,Famara Diédhiou,Forward,6.76,0.0,0.41,0.81,4.05,2.43,0.81,0.0,3.24,80.0,0.0,0.0,0.0,0.0,0.0,0.0,0.0,0.81,0.0,0.0,0.0,0.0,0.0,0.0,0.81,0.0,1.62,0,0.81,0.0,0.0,0.0,0.0,0.0,0.81,0.81,0.0,0.81,30.81,15.41,15.41,50.0,4.05,11.35,4.05,0.0,0.0,2.43,100.0,8,0,111,0.81,0.0,4.86,2.43,29.19,1.62,16.22,57.14,6.49,47.06,9.73,66.67
339,351140,La Liga,23/24,Getafe,Jaime Mata,Forward,6.76,0.25,0.28,0.2,1.59,0.6,0.6,15.63,0.4,53.33,0.25,0.0,0.05,0.15,0.05,0.05,1.54,0.0,0.0,0.0,0.0,0.0,0.0,0.0,1.2,0.85,1.54,0,0.75,0.0,0.0,0.0,0.0,0.05,0.1,0.05,0.0,0.9,23.51,16.19,7.32,68.86,4.53,12.0,7.07,0.35,17.95,0.35,29.17,35,22,1807,0.4,0.05,3.14,1.25,12.8,1.0,5.28,38.83,2.69,35.06,2.59,43.7
340,542634,La Liga,23/24,Rayo Vallecano,Pacha,Defender,6.75,0.0,0.04,0.04,0.64,0.18,0.29,0.0,0.86,48.98,0.0,0.0,0.0,0.0,0.0,0.0,0.0,0.0,0.0,0.0,0.0,0.0,0.0,0.0,2.4,1.43,1.65,0,1.86,0.0,0.0,0.04,0.04,0.29,0.18,0.04,0.0,1.0,39.77,29.88,9.89,75.14,14.8,15.59,6.66,0.5,28.0,1.58,29.33,31,29,2512,0.32,0.0,1.61,1.47,16.12,0.64,5.2,47.54,4.73,49.62,0.47,33.33
341,799195,La Liga,23/24,Deportivo Alavés,Aleksandar Sedlar,Defender,6.75,0.09,0.03,0.0,0.38,0.09,0.28,25.0,0.19,100.0,0.09,0.0,0.0,0.0,0.09,0.0,0.09,0.0,0.0,0.0,0.0,0.0,0.0,0.0,1.33,1.23,4.08,0,0.57,0.0,0.0,0.09,0.0,0.0,0.0,0.0,0.0,0.19,38.26,32.47,5.79,84.86,20.79,11.68,3.8,0.0,0.0,2.85,51.72,11,11,948,0.19,0.0,1.33,0.38,6.36,0.19,3.51,48.68,1.9,48.78,1.61,48.57
342,788216,La Liga,23/24,Mallorca,Pablo Maffeo,Defender,6.75,0.06,0.05,0.12,0.68,0.25,0.19,9.09,0.99,55.17,0.06,0.0,0.0,0.0,0.06,0.0,0.25,0.0,0.0,0.0,0.0,0.0,0.0,0.0,2.16,0.62,1.11,0,1.05,0.0,0.0,0.0,0.0,0.19,0.06,0.12,0.0,0.68,25.84,17.12,8.72,66.27,7.48,10.51,4.88,0.87,20.9,1.17,26.76,22,17,1456,0.19,0.06,1.36,1.24,18.17,0.87,6.43,53.33,4.39,52.21,2.04,55.93
343,895533,La Liga,23/24,Granada,Myrto Uzuni,Forward,6.75,0.4,0.47,0.4,2.31,1.02,0.77,17.46,0.48,50.0,0.33,0.07,0.04,0.11,0.26,0.04,0.66,0.0,0.18,0.15,80.0,0.0,0.07,0.0,0.66,0.15,0.26,0,0.77,0.0,0.0,0.0,0.0,0.0,0.18,0.04,0.0,0.66,10.43,8.24,2.2,78.95,4.1,4.28,2.71,0.15,36.36,0.26,43.75,34,28,2459,0.11,0.0,0.95,0.7,6.0,1.24,2.23,29.05,1.83,35.97,0.4,15.49
344,1518119,La Liga,23/24,Girona FC,Jastin García,Forward,6.75,0.0,0.0,0.0,0.0,0.0,0.0,0.0,2.9,50.0,0.0,0.0,0.0,0.0,0.0,0.0,0.0,0.0,0.0,0.0,0.0,0.0,0.0,0.0,2.9,0.0,0.0,0,0.0,0.0,0.0,0.0,0.0,0.0,0.0,0.0,0.0,0.0,29.03,20.32,8.71,70.0,0.0,20.32,14.52,0.0,0.0,0.0,0.0,3,0,31,0.0,0.0,0.0,5.81,23.23,0.0,11.61,80.0,11.61,80.0,0.0,0.0
345,1211006,La Liga,23/24,Valencia,Mario Domínguez,Forward,6.75,0.0,0.63,0.0,11.74,3.91,7.83,0.0,0.0,0.0,0.0,0.0,0.0,0.0,0.0,0.0,0.0,0.0,0.0,0.0,0.0,0.0,0.0,0.0,0.0,0.0,0.0,0,0.0,0.0,0.0,0.0,0.0,0.0,0.0,0.0,0.0,0.0,15.65,15.65,0.0,100.0,0.0,15.65,15.65,0.0,0.0,3.91,100.0,3,0,23,0.0,0.0,0.0,0.0,11.74,0.0,0.0,0.0,0.0,0.0,0.0,0.0
346,40672,La Liga,23/24,Villarreal,Francis Coquelin,Midfielder,6.75,0.0,0.01,0.0,0.29,0.0,0.1,0.0,0.29,37.5,0.0,0.0,0.0,0.0,0.0,0.0,0.1,0.0,0.0,0.0,0.0,0.0,0.0,0.0,1.96,1.57,1.47,0,0.78,0.0,0.0,0.0,0.0,0.0,0.0,0.0,0.0,0.1,42.01,37.02,4.99,88.11,17.43,19.68,8.72,0.1,50.0,1.86,63.33,17,10,919,0.39,0.0,1.76,0.78,7.34,0.78,4.11,46.67,3.04,44.93,1.08,52.38
347,972410,La Liga,23/24,Rayo Vallecano,Miguel Crespo,Midfielder,6.75,0.0,0.02,0.0,0.52,0.0,0.17,0.0,2.25,72.22,0.0,0.0,0.0,0.0,0.0,0.0,0.0,0.0,0.0,0.0,0.0,0.0,0.0,0.0,2.76,1.73,1.21,0,1.38,0.0,0.0,0.0,0.0,0.0,0.35,0.0,0.0,1.04,46.47,39.73,6.74,85.5,18.83,20.9,11.57,0.0,0.0,1.21,50.0,15,4,521,0.69,0.0,3.28,3.8,15.03,2.59,10.36,54.05,8.64,52.08,1.73,66.67
348,1010421,La Liga,23/24,Rayo Vallecano,Josep Chavarría,Defender,6.75,0.08,0.07,0.08,0.84,0.15,0.46,9.09,0.84,52.38,0.0,0.08,0.0,0.08,0.0,0.0,0.23,0.0,0.0,0.0,0.0,0.0,0.0,0.0,1.76,0.46,1.84,0,0.46,0.08,0.0,0.0,0.0,0.23,0.15,0.08,0.0,0.99,49.29,39.41,9.87,79.97,19.36,21.2,11.86,1.15,21.43,1.38,26.47,22,12,1176,0.23,0.08,0.61,1.68,18.06,0.54,5.28,62.73,4.21,63.95,1.07,58.33
349,976141,La Liga,23/24,Osasuna,Jon Moncayola,Midfielder,6.75,0.05,0.03,0.05,0.79,0.25,0.4,6.25,0.3,50.0,0.05,0.0,0.0,0.0,0.05,0.0,0.0,0.0,0.0,0.0,0.0,0.0,0.0,0.0,1.34,0.74,0.84,0,1.24,0.0,0.0,0.0,0.0,0.15,0.25,0.15,0.0,1.04,45.79,37.37,8.43,81.6,16.45,22.2,11.1,1.29,28.89,2.68,49.09,33,21,1816,0.1,0.05,1.19,0.4,13.78,0.64,2.82,41.3,2.03,37.96,0.79,53.33
350,962890,La Liga,23/24,Getafe,Ilaix Moriba,Midfielder,6.75,0.0,0.05,0.0,0.58,0.15,0.29,0.0,0.58,33.33,0.0,0.0,0.0,0.0,0.0,0.0,0.15,0.0,0.0,0.0,0.0,0.0,0.0,0.0,2.91,0.58,1.46,0,0.73,0.0,0.0,0.0,0.0,0.0,0.29,0.29,0.0,0.73,29.27,21.7,7.57,74.13,7.86,13.83,6.84,0.0,0.0,1.17,53.33,14,8,618,0.44,0.15,2.77,3.35,12.23,0.87,8.3,52.29,6.7,55.42,1.6,42.31
351,980410,La Liga,23/24,Real Sociedad,Beñat Turrientes,Midfielder,6.74,0.0,0.06,0.05,1.22,0.53,0.37,0.0,1.11,60.0,0.0,0.0,0.0,0.0,0.0,0.0,0.0,0.0,0.0,0.0,0.0,0.0,0.05,0.0,1.64,0.32,0.9,0,0.9,0.0,0.0,0.0,0.0,0.16,0.11,0.05,0.0,0.48,36.2,31.55,4.65,87.15,15.22,16.38,6.45,0.05,5.26,2.01,64.41,29,19,1703,0.21,0.0,1.9,1.9,8.61,0.74,5.5,48.6,4.65,52.69,0.85,34.04
352,1086286,La Liga,23/24,Las Palmas,Máximo Perrone,Midfielder,6.74,0.0,0.01,0.0,0.39,0.17,0.22,0.0,0.61,50.0,0.0,0.0,0.0,0.0,0.0,0.0,0.0,0.0,0.0,0.0,0.0,0.0,0.0,0.0,2.31,1.32,1.16,0,1.1,0.0,0.0,0.0,0.0,0.11,0.0,0.0,0.0,0.5,71.99,65.05,6.94,90.36,38.34,26.71,9.36,0.0,0.0,1.05,42.22,29,20,1634,0.33,0.0,1.49,0.88,9.86,0.77,4.13,43.1,3.8,49.29,0.33,17.65
353,835484,La Liga,23/24,Celta Vigo,Fran Beltrán,Midfielder,6.74,0.0,0.03,0.0,0.77,0.11,0.29,0.0,0.44,50.0,0.0,0.0,0.0,0.0,0.0,0.0,0.07,0.0,0.0,0.0,0.0,0.0,0.0,0.0,2.06,0.66,1.14,0,1.44,0.0,0.0,0.07,0.0,0.15,0.04,0.0,0.0,0.66,49.42,43.2,6.22,87.41,20.51,22.91,10.86,0.22,31.58,1.55,51.85,33,28,2444,0.07,0.0,1.03,0.59,9.02,0.74,3.57,42.73,3.09,46.41,0.48,28.26
354,148588,La Liga,23/24,Cádiz,Álex Fernández,Midfielder,6.74,0.0,0.02,0.0,0.48,0.07,0.14,0.0,0.27,66.67,0.0,0.0,0.0,0.0,0.0,0.0,0.0,0.0,0.0,0.0,0.0,0.0,0.0,0.0,1.31,1.03,1.99,0,0.76,0.0,0.0,0.0,0.0,0.07,0.07,0.07,0.0,0.89,41.5,35.73,5.77,86.09,17.38,19.24,8.18,0.89,37.14,1.92,54.9,26,14,1310,0.21,0.0,0.34,1.1,9.14,0.82,3.57,53.06,2.61,55.88,0.96,46.67
355,1031658,La Liga,23/24,Cádiz,Javier Hernández,Defender,6.74,0.04,0.05,0.11,1.07,0.29,0.39,3.33,0.46,43.33,0.04,0.0,0.0,0.04,0.0,0.04,0.04,0.0,0.0,0.0,0.0,0.0,0.21,0.0,1.54,0.68,2.47,0,0.75,0.0,0.04,0.0,0.0,0.18,0.14,0.07,0.04,1.18,34.72,25.67,9.05,73.94,12.09,14.98,6.51,1.39,30.71,1.82,32.9,30,28,2517,0.36,0.0,1.61,0.68,15.52,0.46,3.79,46.29,2.68,44.12,1.11,52.54
356,1009386,La Liga,23/24,Sevilla,Hannibal Mejbri,Midfielder,6.74,0.0,0.01,0.0,0.84,0.0,0.84,0.0,2.52,75.0,0.0,0.0,0.0,0.0,0.0,0.0,0.0,0.0,0.0,0.0,0.0,0.0,0.0,0.0,2.52,0.0,0.0,0,0.84,0.0,0.0,0.0,0.0,0.0,1.68,0.0,0.0,3.36,40.37,33.64,6.73,83.33,11.78,22.71,14.3,0.84,50.0,0.0,0.0,6,1,107,1.68,0.0,3.36,3.36,18.5,5.05,8.41,43.48,8.41,47.62,0.0,0.0
357,914522,La Liga,23/24,Almería,Edgar González,Defender,6.74,0.07,0.08,0.07,0.46,0.11,0.32,15.38,0.25,70.0,0.04,0.04,0.0,0.07,0.0,0.0,0.11,0.0,0.0,0.0,0.0,0.0,0.0,0.0,1.6,1.35,4.34,0,0.85,0.04,0.07,0.04,0.0,0.11,0.0,0.0,0.0,0.25,47.81,40.83,6.98,85.41,29.62,11.25,2.63,0.04,50.0,2.21,44.29,31,30,2528,0.18,0.04,1.03,0.25,7.94,0.18,4.59,52.02,2.1,49.58,2.49,54.26
358,1084081,La Liga,23/24,Girona FC,Arnau Martínez,Defender,6.74,0.0,0.01,0.07,0.07,0.0,0.07,0.0,0.22,42.86,0.0,0.0,0.0,0.0,0.0,0.0,0.07,0.0,0.0,0.0,0.0,0.0,0.0,0.0,1.8,0.72,2.45,0,1.22,0.0,0.22,0.0,0.0,0.14,0.22,0.14,0.0,0.79,53.97,48.49,5.48,89.85,28.97,19.89,8.36,0.36,71.43,0.86,34.29,21,14,1249,0.36,0.0,1.01,1.59,8.07,0.65,4.32,51.28,3.6,54.35,0.72,40.0
359,801837,La Liga,23/24,Athletic Club,Íñigo Lekue,Defender,6.74,0.0,0.01,0.0,0.22,0.0,0.09,0.0,0.81,41.86,0.0,0.0,0.0,0.0,0.0,0.0,0.0,0.0,0.0,0.0,0.0,0.0,0.0,0.0,1.8,0.67,1.89,0,1.17,0.0,0.0,0.0,0.0,0.31,0.09,0.09,0.0,0.76,46.1,37.06,9.04,80.39,18.58,18.8,8.05,0.31,18.92,1.8,37.38,27,22,2001,0.18,0.0,0.67,0.31,14.12,0.4,3.6,48.78,2.92,46.43,0.67,62.5
360,1142094,La Liga,23/24,Sevilla,Manu Bueno,Midfielder,6.73,0.0,0.02,0.0,0.75,0.0,0.75,0.0,0.75,50.0,0.0,0.0,0.0,0.0,0.0,0.0,0.0,0.0,0.0,0.0,0.0,0.0,0.0,0.0,3.0,0.0,0.75,0,0.0,0.0,0.0,0.0,0.0,0.0,0.0,0.0,0.0,1.5,36.75,33.75,3.0,91.84,19.5,14.25,4.5,0.0,0.0,3.0,80.0,4,1,120,0.75,0.0,0.75,1.5,9.75,0.75,5.25,63.64,5.25,70.0,0.0,0.0
361,138383,La Liga,23/24,Villarreal,Denis Suárez,Midfielder,6.73,0.0,0.06,0.0,0.65,0.0,0.0,0.0,3.26,62.5,0.0,0.0,0.0,0.0,0.0,0.0,0.65,0.0,0.0,0.0,0.0,0.0,0.0,0.0,0.0,0.0,2.61,0,1.3,0.0,0.0,0.0,0.0,0.0,0.65,0.0,0.0,1.96,58.04,49.57,8.48,85.39,16.3,34.57,16.3,1.3,50.0,1.96,60.0,4,1,138,0.0,0.0,2.61,1.3,15.65,1.3,4.57,36.84,4.57,38.89,0.0,0.0
362,1137814,La Liga,23/24,Real Betis,Sergi Altimira,Midfielder,6.73,0.16,0.03,0.0,1.1,0.31,0.16,14.29,0.94,54.55,0.0,0.16,0.0,0.0,0.16,0.0,0.0,0.0,0.0,0.0,0.0,0.0,0.0,0.0,2.36,1.42,1.57,0,1.89,0.0,0.0,0.0,0.0,0.16,0.0,0.0,0.0,0.63,49.72,45.16,4.56,90.82,23.6,21.71,8.5,0.16,100.0,3.3,70.0,14,6,572,0.16,0.0,1.26,1.26,8.34,1.42,4.88,44.93,4.56,46.03,0.31,33.33
363,840951,La Liga,23/24,Sevilla,Marcão,Defender,6.73,0.0,0.0,0.0,0.0,0.0,0.0,0.0,0.25,50.0,0.0,0.0,0.0,0.0,0.0,0.0,0.0,0.0,0.0,0.0,0.0,0.0,0.0,0.0,2.29,1.02,2.8,0,1.02,0.0,0.25,0.0,0.0,0.0,0.25,0.0,0.0,0.25,49.58,44.49,5.08,89.74,28.47,16.02,5.34,0.0,0.0,1.02,36.36,7,3,354,0.51,0.0,1.27,1.53,6.86,0.0,5.34,61.76,3.81,60.0,1.53,66.67
364,1841875,La Liga,23/24,Getafe,Alberto Risco,Midfielder,6.73,0.0,0.05,0.0,1.33,0.67,0.0,0.0,1.33,66.67,0.0,0.0,0.0,0.0,0.0,0.0,0.0,0.0,0.0,0.0,0.0,0.0,0.0,0.0,1.33,0.0,0.0,0,2.67,0.0,0.0,0.0,0.0,0.0,0.67,0.0,0.0,2.67,28.67,24.0,4.67,83.72,3.33,20.67,11.33,0.0,0.0,0.0,0.0,4,1,135,0.0,0.0,0.67,0.67,11.33,1.33,3.33,35.71,3.33,38.46,0.0,0.0
365,1031421,La Liga,23/24,Real Betis,Rodri Sánchez,Midfielder,6.73,0.0,0.09,0.08,1.5,0.42,0.42,0.0,2.01,50.0,0.0,0.0,0.0,0.0,0.0,0.08,0.33,0.0,0.0,0.0,0.0,0.0,0.0,0.0,1.42,0.67,0.17,0,1.09,0.0,0.0,0.0,0.0,0.08,0.0,0.0,0.0,1.25,43.29,35.85,7.44,82.82,13.29,23.15,12.79,0.58,19.44,1.42,56.67,29,9,1077,0.0,0.0,0.5,2.42,16.38,1.5,5.85,50.0,5.85,53.44,0.0,0.0
366,953097,La Liga,23/24,Valencia,Cenk Özkaçar,Defender,6.73,0.0,0.01,0.0,0.34,0.17,0.06,0.0,0.17,42.86,0.0,0.0,0.0,0.0,0.0,0.0,0.06,0.0,0.0,0.0,0.0,0.0,0.0,0.0,1.46,1.01,4.43,0,0.45,0.0,0.06,0.06,0.06,0.34,0.0,0.0,0.0,0.06,46.63,38.1,8.53,81.71,26.82,11.33,3.87,0.06,16.67,2.64,36.72,23,18,1604,0.17,0.0,0.73,0.45,9.76,0.17,3.82,53.54,2.08,57.81,1.74,49.21
367,344847,La Liga,23/24,Osasuna,Johan Mojica,Defender,6.73,0.0,0.04,0.04,0.75,0.04,0.4,0.0,0.75,40.48,0.0,0.0,0.0,0.0,0.0,0.04,0.0,0.0,0.0,0.0,0.0,0.0,0.09,0.0,1.32,0.93,1.41,0,0.4,0.04,0.04,0.0,0.0,0.09,0.26,0.13,0.0,1.1,39.86,30.69,9.17,76.99,12.35,19.76,9.35,1.41,27.59,2.2,38.46,30,22,2041,0.04,0.0,0.97,0.79,18.39,0.44,3.53,50.31,2.87,50.0,0.66,51.72
368,111803,La Liga,23/24,Real Betis,Youssouf Sabaly,Defender,6.73,0.0,0.01,0.0,0.34,0.0,0.34,0.0,1.03,60.0,0.0,0.0,0.0,0.0,0.0,0.0,0.0,0.0,0.0,0.0,0.0,0.0,0.0,0.0,1.37,0.94,2.23,0,0.34,0.0,0.0,0.0,0.0,0.26,0.17,0.09,0.0,0.34,46.37,39.68,6.7,85.56,21.3,18.64,9.02,0.26,11.11,0.86,34.48,12,12,1048,0.17,0.0,0.77,0.52,13.48,1.12,3.78,48.35,2.92,50.0,0.86,43.48
369,363774,La Liga,23/24,Celta Vigo,Mihailo Ristić,Defender,6.73,0.0,0.04,0.0,1.12,0.45,0.22,0.0,0.78,38.89,0.0,0.0,0.0,0.0,0.0,0.0,0.0,0.0,0.0,0.0,0.0,0.0,0.11,0.0,1.67,1.12,2.23,0,0.33,0.0,0.0,0.0,0.0,0.22,0.0,0.0,0.0,0.67,43.38,32.45,10.93,74.81,12.6,20.63,11.49,0.78,17.95,1.9,27.42,12,9,807,0.22,0.0,1.34,1.56,19.96,0.89,5.02,52.33,4.01,51.43,1.0,56.25
370,129861,La Liga,23/24,Girona FC,Juanpe,Defender,6.73,0.0,0.02,0.0,0.48,0.0,0.48,0.0,0.12,50.0,0.0,0.0,0.0,0.0,0.0,0.0,0.12,0.0,0.0,0.0,0.0,0.0,0.0,0.0,1.32,0.84,5.9,0,0.12,0.12,0.0,0.0,0.0,0.12,0.0,0.0,0.0,0.0,65.94,60.04,5.9,91.06,46.2,13.84,1.44,0.0,0.0,2.29,44.19,17,6,748,0.48,0.0,0.6,0.0,6.74,0.12,3.97,61.11,1.44,63.16,2.53,60.0
371,1069703,La Liga,23/24,Celta Vigo,Carlos Domínguez,Defender,6.73,0.0,0.02,0.0,0.28,0.0,0.28,0.0,0.11,100.0,0.0,0.0,0.0,0.0,0.0,0.0,0.0,0.0,0.0,0.0,0.0,0.0,0.0,0.0,1.85,1.23,4.15,0,0.79,0.0,0.0,0.0,0.11,0.17,0.0,0.0,0.0,0.17,47.94,37.96,9.98,79.18,22.49,15.53,5.83,0.06,33.33,3.03,39.71,22,18,1605,0.11,0.0,0.84,0.45,11.33,0.11,4.43,56.83,2.41,58.9,2.02,54.55
372,138387,La Liga,23/24,Rayo Vallecano,Raúl de Tomás,Forward,6.73,0.07,0.24,0.21,2.75,0.85,1.06,2.56,1.41,51.28,0.07,0.0,0.0,0.0,0.07,0.07,0.85,0.0,0.07,0.07,100.0,0.0,0.21,0.0,0.63,0.07,0.56,0,0.21,0.0,0.0,0.0,0.0,0.0,0.14,0.14,0.0,0.56,18.32,14.59,3.74,79.62,6.2,8.39,5.14,0.0,0.0,1.2,70.83,25,15,1277,0.35,0.0,1.69,1.83,11.06,1.9,5.57,41.8,3.88,44.35,1.69,36.92
373,805137,La Liga,23/24,Getafe,Omar Alderete,Defender,6.73,0.0,0.05,0.12,0.98,0.21,0.53,0.0,0.37,75.0,0.0,0.0,0.0,0.0,0.0,0.0,0.08,0.0,0.0,0.0,0.0,0.0,0.12,0.0,1.15,0.53,4.47,0,0.66,0.0,0.0,0.0,0.0,0.21,0.08,0.04,0.0,0.53,42.5,27.65,14.85,65.06,15.55,12.14,5.25,0.04,20.0,5.5,37.54,31,24,2194,0.33,0.04,1.39,0.45,16.24,0.21,4.23,50.49,1.97,47.06,2.26,53.92
374,909966,La Liga,23/24,Almería,Largie Ramazani,Forward,6.73,0.17,0.27,0.46,2.28,0.74,0.86,7.5,1.77,44.93,0.17,0.0,0.0,0.0,0.17,0.0,0.51,0.06,0.0,0.0,0.0,0.0,0.06,0.0,0.69,1.94,0.4,0,1.14,0.0,0.0,0.0,0.0,0.0,0.57,0.29,0.0,1.48,17.3,11.14,6.17,64.36,3.43,7.99,5.25,0.29,15.63,1.03,58.06,29,16,1576,0.4,0.11,1.54,1.37,15.13,1.88,4.11,33.8,3.83,36.61,0.29,16.67
375,794950,La Liga,23/24,Celta Vigo,Carles Pérez,Midfielder,6.73,0.12,0.14,0.12,2.81,0.7,0.94,4.17,1.64,43.75,0.12,0.0,0.0,0.12,0.0,0.12,0.12,0.0,0.0,0.0,0.0,0.0,0.23,0.0,1.52,0.59,0.7,0,1.29,0.0,0.0,0.0,0.0,0.0,0.23,0.12,0.0,1.17,27.66,22.62,5.04,81.78,7.5,15.47,8.2,0.35,17.65,1.05,45.0,16,7,768,0.35,0.0,1.76,1.41,13.59,1.99,5.04,37.07,4.57,39.39,0.47,23.53
376,796320,La Liga,23/24,Celta Vigo,Joseph Aidoo,Defender,6.72,0.0,0.02,0.0,0.65,0.0,0.43,0.0,0.43,100.0,0.0,0.0,0.0,0.0,0.0,0.0,0.0,0.0,0.0,0.0,0.0,0.0,0.0,0.0,1.73,0.87,5.84,0,0.87,0.0,0.0,0.0,0.0,0.0,0.0,0.0,0.0,0.22,39.16,30.72,8.44,78.45,22.07,8.65,2.38,0.0,0.0,3.25,44.12,6,4,416,0.0,0.0,0.87,0.0,9.3,0.43,5.19,55.81,2.16,52.63,3.03,58.33
377,925220,La Liga,23/24,Las Palmas,Pejiño,Midfielder,6.72,0.34,0.22,0.17,2.93,1.38,0.86,11.76,2.58,45.45,0.17,0.17,0.17,0.17,0.0,0.17,0.0,0.0,0.0,0.0,0.0,0.0,0.0,0.0,2.07,0.34,0.52,0,2.07,0.0,0.0,0.0,0.0,0.0,0.17,0.0,0.0,1.55,33.73,27.19,6.54,80.61,8.09,19.79,9.64,0.69,12.9,1.72,62.5,17,6,523,0.17,0.0,1.03,0.69,19.96,2.24,6.02,41.18,5.33,39.24,0.69,66.67
378,1391375,La Liga,23/24,Athletic Club,Unai Gómez,Midfielder,6.72,0.2,0.15,0.2,1.62,0.81,0.3,12.5,1.11,44.0,0.2,0.0,0.1,0.0,0.1,0.0,0.0,0.0,0.0,0.0,0.0,0.0,0.0,0.0,1.21,0.2,0.91,0,0.51,0.0,0.0,0.0,0.0,0.0,0.1,0.0,0.0,1.21,24.17,19.31,4.85,79.92,5.66,14.36,7.69,0.71,33.33,1.21,75.0,25,9,890,0.1,0.0,1.11,2.02,11.33,2.22,5.66,45.9,4.35,45.74,1.31,46.43
379,997280,La Liga,23/24,Osasuna,Raúl García de Haro,Forward,6.72,0.39,0.32,0.46,2.16,0.79,0.98,18.18,0.39,31.58,0.39,0.0,0.07,0.07,0.26,0.13,0.59,0.0,0.0,0.0,0.0,0.0,0.0,0.0,0.66,0.33,0.72,0,0.52,0.0,0.0,0.0,0.0,0.0,0.13,0.07,0.0,0.66,19.32,12.38,6.94,64.07,4.0,8.38,4.39,0.0,0.0,0.39,75.0,35,13,1374,0.26,0.0,0.85,0.79,11.99,1.05,5.11,39.8,1.83,37.33,3.28,41.32
380,355072,La Liga,23/24,Athletic Club,Asier Villalibre,Forward,6.72,0.35,0.3,0.53,2.13,1.06,1.06,16.67,0.71,40.0,0.35,0.0,0.18,0.18,0.0,0.0,0.53,0.0,0.0,0.0,0.0,0.0,0.0,0.0,0.35,0.0,1.06,0,0.0,0.0,0.0,0.0,0.0,0.0,0.35,0.18,0.0,1.59,21.61,15.59,6.02,72.13,3.72,11.87,8.15,0.0,0.0,0.18,100.0,18,4,508,0.0,0.0,1.24,1.95,11.52,1.95,6.73,45.24,3.01,42.5,3.72,47.73
381,790179,La Liga,23/24,Mallorca,Cyle Larin,Forward,6.71,0.15,0.45,0.59,3.4,1.28,1.62,4.35,0.69,37.84,0.15,0.0,0.0,0.05,0.1,0.0,1.53,0.0,0.0,0.0,0.0,0.0,0.0,0.0,0.84,0.15,0.84,0,0.25,0.0,0.0,0.05,0.0,0.0,0.1,0.1,0.0,0.54,13.93,9.0,4.92,64.66,3.15,5.86,3.49,0.0,0.0,0.2,80.0,35,20,1829,0.39,0.0,1.33,1.67,11.17,1.67,7.28,44.31,3.15,43.54,4.13,44.92
382,1085081,La Liga,23/24,Granada,Álvaro Carreras,Defender,6.71,0.0,0.07,0.18,1.28,0.18,0.91,0.0,1.28,58.33,0.0,0.0,0.0,0.0,0.0,0.18,0.18,0.0,0.0,0.0,0.0,0.0,0.0,0.0,2.38,1.28,1.1,0,1.1,0.0,0.18,0.0,0.0,0.0,0.37,0.0,0.0,1.28,34.94,27.44,7.5,78.53,12.26,15.91,8.05,0.73,28.57,1.28,63.64,13,5,492,0.18,0.0,1.1,2.01,15.18,1.65,7.5,56.94,5.49,54.55,2.01,64.71
383,1402908,La Liga,23/24,FC Barcelona,Hector Fort,Defender,6.71,0.0,0.0,0.0,0.27,0.0,0.27,0.0,0.82,42.86,0.0,0.0,0.0,0.0,0.0,0.0,0.27,0.0,0.0,0.0,0.0,0.0,0.0,0.0,1.64,0.55,0.55,0,1.64,0.0,0.0,0.0,0.0,0.0,0.27,0.55,0.0,0.82,55.36,48.82,6.55,88.18,26.73,22.36,11.18,0.27,16.67,1.64,40.0,7,4,330,0.0,0.0,2.18,0.27,10.09,0.55,2.73,30.3,2.73,33.33,0.0,0.0
384,782396,La Liga,23/24,Real Sociedad,Carlos Fernández,Forward,6.71,0.44,0.33,0.0,1.97,0.88,0.88,22.22,0.66,30.0,0.44,0.0,0.0,0.22,0.22,0.0,0.44,0.0,0.22,0.22,100.0,0.0,0.0,0.0,2.41,0.0,1.09,0,0.44,0.0,0.0,0.22,0.0,0.22,0.22,0.22,0.0,0.22,17.96,9.64,8.32,53.66,5.47,4.16,2.41,0.0,0.0,0.22,20.0,10,5,411,0.66,0.0,3.28,0.66,15.99,3.07,7.23,37.93,3.72,32.08,3.5,47.06
385,307702,La Liga,23/24,Getafe,Djené,Defender,6.71,0.0,0.0,0.0,0.22,0.04,0.11,0.0,0.65,85.71,0.0,0.0,0.0,0.0,0.0,0.0,0.04,0.0,0.0,0.0,0.0,0.0,0.0,0.0,1.23,0.83,2.46,0,0.4,0.0,0.0,0.04,0.0,0.29,0.0,0.0,0.0,0.25,37.59,29.53,8.06,78.56,16.27,13.52,4.66,0.25,23.33,2.57,42.51,33,30,2490,0.43,0.04,1.84,1.34,10.84,0.47,4.55,54.31,3.18,53.99,1.37,55.07
386,910024,La Liga,23/24,Rayo Vallecano,Sergio Camello,Forward,6.71,0.16,0.24,0.11,1.77,0.7,0.43,9.09,0.86,34.04,0.16,0.0,0.0,0.05,0.11,0.05,0.32,0.0,0.0,0.0,0.0,0.0,0.0,0.0,0.86,0.16,0.81,0,0.48,0.0,0.0,0.0,0.0,0.05,0.11,0.05,0.0,1.07,19.92,14.66,5.26,73.58,5.32,9.34,5.53,0.0,0.0,0.43,42.11,31,20,1676,0.16,0.0,0.97,0.59,11.76,1.4,3.17,32.6,2.31,34.4,0.86,28.57
387,1122610,La Liga,23/24,Valencia,Javier Guerra,Midfielder,6.71,0.14,0.1,0.04,1.51,0.5,0.54,9.52,1.37,52.05,0.07,0.07,0.0,0.0,0.14,0.04,0.07,0.0,0.0,0.0,0.0,0.0,0.04,0.0,1.94,0.65,1.44,0,1.29,0.0,0.0,0.0,0.0,0.18,0.07,0.04,0.0,0.47,33.78,25.04,8.74,74.12,12.09,13.02,6.15,0.07,8.33,1.22,34.69,36,28,2502,0.11,0.04,1.44,1.08,14.75,1.87,5.29,43.24,4.39,43.11,0.9,43.86
388,754710,La Liga,23/24,Real Sociedad,Umar Sadiq,Forward,6.71,0.24,0.3,0.65,2.69,0.81,1.46,9.09,2.52,64.58,0.08,0.16,0.08,0.0,0.16,0.16,2.2,0.0,0.0,0.0,0.0,0.0,0.0,0.0,1.22,0.0,0.81,0,0.33,0.0,0.0,0.0,0.0,0.08,0.16,0.08,0.0,0.81,14.65,10.42,4.23,71.11,3.66,7.0,4.23,0.24,25.0,0.24,50.0,26,12,1106,0.33,0.0,3.66,1.55,13.75,3.17,7.65,37.9,5.29,39.63,2.36,34.52
389,298920,La Liga,23/24,Athletic Club,Dani García,Midfielder,6.71,0.12,0.09,0.12,0.73,0.36,0.36,16.67,0.36,100.0,0.12,0.0,0.12,0.0,0.0,0.12,0.0,0.0,0.0,0.0,0.0,0.0,0.0,0.0,2.06,0.97,1.21,0,1.46,0.0,0.0,0.0,0.0,0.24,0.0,0.0,0.0,0.24,40.03,33.72,6.31,84.24,16.86,16.86,6.43,0.0,0.0,1.46,46.15,17,7,742,0.49,0.0,1.33,0.85,7.04,0.24,4.12,51.52,3.27,52.94,0.85,46.67
390,1099352,La Liga,23/24,Deportivo Alavés,Giuliano Simeone,Midfielder,6.7,0.14,0.34,0.43,2.13,0.43,0.99,6.67,1.28,42.86,0.14,0.0,0.0,0.0,0.14,0.0,0.28,0.14,0.14,0.0,0.0,0.0,0.0,0.0,0.99,0.71,0.43,0,1.7,0.0,0.0,0.0,0.0,0.14,0.57,0.28,0.0,1.56,21.83,15.73,6.09,72.08,4.96,11.2,8.08,0.43,21.43,0.14,16.67,14,6,635,0.14,0.0,1.56,0.85,13.04,1.28,3.4,31.17,3.12,33.85,0.28,16.67
391,914014,La Liga,23/24,Almería,Iddrisu Baba,Midfielder,6.7,0.0,0.04,0.12,0.5,0.12,0.25,0.0,0.87,82.35,0.0,0.0,0.0,0.0,0.0,0.0,0.0,0.0,0.0,0.0,0.0,0.0,0.0,0.0,2.87,0.69,1.56,0,1.37,0.06,0.06,0.06,0.0,0.06,0.06,0.0,0.0,0.37,40.38,33.77,6.62,83.62,20.6,13.29,4.43,0.12,50.0,2.12,66.67,25,14,1442,0.31,0.0,1.81,2.12,8.86,0.44,7.74,61.39,5.87,60.65,1.87,63.83
392,1526648,La Liga,23/24,Granada,Sergio Rodelas,Forward,6.7,0.0,0.02,0.0,1.48,0.0,0.0,0.0,1.48,40.0,0.0,0.0,0.0,0.0,0.0,0.0,0.0,0.0,0.0,0.0,0.0,0.0,0.0,0.0,2.21,0.0,0.0,0,2.21,0.0,0.0,0.0,0.0,0.0,1.48,0.74,0.0,1.48,19.18,17.7,1.48,92.31,9.59,8.85,4.43,0.74,25.0,0.74,100.0,3,2,122,0.0,0.0,1.48,0.74,13.28,0.74,4.43,37.5,4.43,42.86,0.0,0.0
393,785989,La Liga,23/24,Real Betis,Borja Iglesias,Forward,6.7,0.0,0.13,0.22,2.23,0.0,1.11,0.0,0.22,50.0,0.0,0.0,0.0,0.0,0.0,0.22,1.56,0.0,0.0,0.0,0.0,0.0,0.0,0.0,0.0,0.45,0.45,0,0.67,0.0,0.0,0.22,0.0,0.0,0.45,0.22,0.0,2.45,22.28,18.49,3.79,83.0,5.35,13.14,8.24,0.0,0.0,0.67,75.0,11,4,404,0.45,0.0,1.56,1.11,8.47,0.89,2.67,36.36,1.34,30.0,1.34,46.15
394,973838,La Liga,23/24,Real Betis,Abner Vinícius,Defender,6.7,0.0,0.01,0.0,0.25,0.0,0.06,0.0,0.44,58.33,0.0,0.0,0.0,0.0,0.0,0.0,0.13,0.0,0.0,0.0,0.0,0.0,0.0,0.0,1.59,0.95,3.05,0,1.08,0.0,0.0,0.06,0.0,0.32,0.19,0.06,0.0,0.51,38.65,31.29,7.36,80.95,15.74,15.68,7.05,0.13,7.69,1.27,37.04,23,15,1418,0.19,0.0,1.02,0.13,13.77,0.7,3.05,45.28,2.16,41.46,0.89,58.33
395,965265,La Liga,23/24,Cádiz,Aiham Ousou,Defender,6.7,0.0,0.04,0.0,0.42,0.0,0.21,0.0,0.21,100.0,0.0,0.0,0.0,0.0,0.0,0.0,0.0,0.0,0.0,0.0,0.0,0.0,0.0,0.0,1.68,1.47,3.15,0,0.0,0.0,0.0,0.0,0.0,0.21,0.0,0.0,0.0,0.0,37.55,29.58,7.97,78.77,21.19,8.39,2.52,0.0,0.0,2.31,37.93,6,5,429,0.0,0.0,0.84,1.26,8.81,0.0,4.83,67.65,3.15,78.95,1.68,53.33
396,1142091,La Liga,23/24,Sevilla,Diego Hormigo,Defender,6.7,0.0,0.0,0.0,0.0,0.0,0.0,0.0,2.5,100.0,0.0,0.0,0.0,0.0,0.0,0.0,0.0,0.0,0.0,0.0,0.0,0.0,0.0,0.0,0.0,0.0,5.0,0,0.0,0.0,0.0,0.0,0.0,0.0,0.0,0.0,0.0,0.0,22.5,15.0,7.5,66.67,10.0,5.0,2.5,0.0,0.0,0.0,0.0,1,0,36,0.0,0.0,2.5,0.0,12.5,0.0,2.5,50.0,2.5,50.0,0.0,0.0
397,944225,La Liga,23/24,Osasuna,Jorge Herrando,Defender,6.7,0.0,0.02,0.0,0.22,0.0,0.16,0.0,0.11,100.0,0.0,0.0,0.0,0.0,0.0,0.05,0.0,0.0,0.0,0.0,0.0,0.0,0.0,0.0,1.59,0.82,3.67,0,0.38,0.05,0.0,0.0,0.0,0.22,0.05,0.0,0.0,0.11,40.29,32.19,8.1,79.89,22.34,9.85,2.63,0.0,0.0,2.14,30.23,19,18,1644,0.22,0.0,1.42,0.55,8.49,0.11,3.67,52.76,2.24,53.95,1.42,50.98
398,139919,La Liga,23/24,Girona FC,Bernardo Espinosa,Defender,6.7,0.0,0.0,0.0,0.0,0.0,0.0,0.0,0.0,0.0,0.0,0.0,0.0,0.0,0.0,0.0,0.0,0.0,0.0,0.0,0.0,0.0,0.0,0.0,9.0,0.0,18.0,0,0.0,0.0,0.0,0.0,0.0,0.0,0.0,0.0,0.0,0.0,72.0,63.0,9.0,87.5,63.0,0.0,0.0,0.0,0.0,0.0,0.0,2,0,10,0.0,0.0,0.0,9.0,9.0,0.0,27.0,75.0,18.0,100.0,9.0,50.0
399,910975,La Liga,23/24,Athletic Club,Peru Nolaskoain,Defender,6.7,0.0,0.0,0.0,0.0,0.0,0.0,0.0,0.0,0.0,0.0,0.0,0.0,0.0,0.0,0.0,0.0,0.0,0.0,0.0,0.0,0.0,0.0,0.0,6.92,0.0,6.92,0,0.0,0.0,0.0,0.0,0.0,0.0,0.0,0.0,0.0,0.0,55.38,34.62,20.77,62.5,27.69,6.92,6.92,0.0,0.0,0.0,0.0,2,0,13,0.0,0.0,0.0,0.0,20.77,0.0,20.77,100.0,6.92,100.0,13.85,100.0
400,1082968,La Liga,23/24,Deportivo Alavés,Abderrahman Rebbach,Midfielder,6.7,0.12,0.1,0.0,2.08,0.49,1.1,5.88,1.22,38.46,0.12,0.0,0.0,0.0,0.12,0.12,0.37,0.0,0.0,0.0,0.0,0.0,0.12,0.0,1.1,0.37,0.86,0,1.22,0.0,0.0,0.0,0.0,0.0,0.24,0.0,0.0,2.2,18.12,12.12,6.0,66.89,3.43,10.29,6.37,1.59,20.63,0.61,41.67,23,6,735,0.12,0.0,1.59,1.22,19.35,1.47,4.41,36.0,3.43,35.44,0.98,38.1
401,123906,La Liga,23/24,Sevilla,Jesús Corona,Midfielder,6.7,0.0,0.0,0.0,0.0,0.0,0.0,0.0,5.62,100.0,0.0,0.0,0.0,0.0,0.0,0.0,0.0,0.0,0.0,0.0,0.0,0.0,0.0,0.0,0.0,5.62,0.0,0,0.0,0.0,0.0,0.0,0.0,0.0,0.0,0.0,0.0,0.0,67.5,50.62,16.88,75.0,16.88,33.75,22.5,0.0,0.0,0.0,0.0,2,0,16,0.0,0.0,5.62,0.0,33.75,0.0,5.62,50.0,5.62,50.0,0.0,0.0
402,1142260,La Liga,23/24,Villarreal,Jorge Pascual,Forward,6.7,0.0,0.0,0.0,0.0,0.0,0.0,0.0,6.92,100.0,0.0,0.0,0.0,0.0,0.0,0.0,0.0,0.0,0.0,0.0,0.0,0.0,0.0,0.0,0.0,0.0,0.0,0,0.0,0.0,0.0,0.0,0.0,0.0,0.0,0.0,0.0,0.0,34.62,27.69,6.92,80.0,0.0,27.69,13.85,0.0,0.0,6.92,50.0,1,0,13,0.0,0.0,0.0,0.0,13.85,0.0,6.92,50.0,6.92,100.0,0.0,0.0
403,1464649,La Liga,23/24,Almería,Rachad Fettal,Forward,6.7,0.0,0.45,0.0,5.62,0.0,5.62,0.0,0.0,0.0,0.0,0.0,0.0,0.0,0.0,0.0,0.0,0.0,0.0,0.0,0.0,0.0,0.0,0.0,5.62,0.0,0.0,0,0.0,0.0,0.0,0.0,0.0,0.0,0.0,0.0,0.0,5.62,28.12,22.5,5.62,80.0,11.25,11.25,0.0,0.0,0.0,0.0,0.0,1,0,16,0.0,0.0,5.62,0.0,16.88,0.0,11.25,66.67,5.62,50.0,5.62,100.0
404,914744,La Liga,23/24,Valencia,Cristian Rivero,Goalkeeper,6.7,0.0,0.0,0.0,0.0,0.0,0.0,0.0,0.0,0.0,0.0,0.0,0.0,0.0,0.0,0.0,0.0,0.0,0.0,0.0,0.0,0.0,0.0,0.0,0.0,0.0,3.21,0,0.0,0.0,0.0,0.0,0.0,0.0,0.0,0.0,0.0,0.0,22.5,14.46,8.04,64.29,12.86,1.61,0.0,0.0,0.0,3.21,28.57,1,0,56,0.0,0.0,0.0,0.0,8.04,0.0,1.61,100.0,0.0,0.0,1.61,100.0
405,36982,La Liga,23/24,Getafe,Damián Suárez,Defender,6.7,0.0,0.02,0.07,0.28,0.07,0.14,0.0,0.62,47.37,0.0,0.0,0.0,0.0,0.0,0.0,0.0,0.0,0.0,0.0,0.0,0.0,0.07,0.0,2.48,0.69,1.79,0,1.31,0.0,0.0,0.07,0.0,0.21,0.0,0.14,0.0,1.17,33.08,23.43,9.65,70.83,7.99,16.47,8.06,1.03,30.61,2.27,35.87,16,15,1306,0.48,0.07,1.65,0.83,16.47,0.41,4.55,49.25,3.93,49.14,0.62,50.0
406,894477,La Liga,23/24,Las Palmas,Fabio González,Midfielder,6.7,0.0,0.0,0.0,0.0,0.0,0.0,0.0,0.74,100.0,0.0,0.0,0.0,0.0,0.0,0.0,0.0,0.0,0.0,0.0,0.0,0.0,0.0,0.0,1.49,0.0,0.0,0,0.74,0.0,0.0,0.0,0.0,0.0,0.0,0.0,0.0,0.0,93.72,87.77,5.95,93.65,46.86,40.91,17.85,0.0,0.0,3.72,71.43,6,1,121,0.74,0.0,0.74,0.74,8.93,1.49,3.72,45.45,2.98,50.0,0.74,33.33
407,1154549,La Liga,23/24,Real Madrid,Mario Martín,Midfielder,6.7,0.0,0.0,0.0,0.0,0.0,0.0,0.0,0.0,0.0,0.0,0.0,0.0,0.0,0.0,0.0,0.0,0.0,0.0,0.0,0.0,0.0,0.0,0.0,28.12,0.0,0.0,0,5.62,0.0,0.0,0.0,0.0,0.0,0.0,0.0,0.0,0.0,84.38,67.5,16.88,80.0,45.0,22.5,5.62,0.0,0.0,0.0,0.0,2,0,16,0.0,0.0,5.62,5.62,28.12,0.0,33.75,75.0,33.75,75.0,0.0,0.0
408,1048927,La Liga,23/24,Valencia,Peter González,Midfielder,6.69,0.0,0.24,0.42,2.37,0.84,1.11,0.0,1.81,48.15,0.0,0.0,0.0,0.0,0.0,0.0,0.14,0.14,0.0,0.0,0.0,0.0,0.0,0.0,0.7,0.98,1.25,0,1.25,0.0,0.0,0.0,0.0,0.0,0.28,0.0,0.0,0.98,18.95,13.24,5.71,69.85,4.32,9.61,5.85,0.7,27.78,0.42,42.86,15,5,646,0.14,0.0,1.53,1.53,14.07,0.98,5.43,43.82,4.04,42.03,1.39,50.0
409,1088565,La Liga,23/24,Villarreal,Ramón Terrats,Midfielder,6.69,0.0,0.04,0.0,0.9,0.11,0.45,0.0,1.24,55.0,0.0,0.0,0.0,0.0,0.0,0.0,0.11,0.0,0.0,0.0,0.0,0.0,0.0,0.0,1.91,0.34,0.67,0,0.9,0.0,0.0,0.11,0.0,0.0,0.22,0.22,0.0,0.9,46.18,39.89,6.29,86.37,16.52,23.71,10.0,0.34,10.71,1.57,56.0,19,6,801,0.45,0.0,1.69,1.8,13.71,1.24,5.51,51.04,4.94,51.16,0.56,50.0
410,846492,La Liga,23/24,Celta Vigo,Luca De La Torre,Midfielder,6.69,0.05,0.11,0.09,1.1,0.37,0.28,4.17,0.51,36.67,0.05,0.0,0.0,0.05,0.0,0.05,0.18,0.0,0.0,0.0,0.0,0.0,0.0,0.0,1.79,0.55,0.74,0,0.97,0.0,0.0,0.0,0.0,0.09,0.09,0.18,0.0,0.78,34.19,28.48,5.71,83.31,9.06,19.46,11.46,0.05,5.88,0.32,41.18,31,22,1956,0.09,0.05,1.84,0.87,10.77,1.29,3.82,36.4,3.17,38.98,0.64,27.45
411,949722,La Liga,23/24,Mallorca,Antonio Sánchez,Midfielder,6.69,0.18,0.15,0.18,1.4,0.55,0.43,13.04,0.85,53.85,0.12,0.06,0.0,0.06,0.12,0.06,0.06,0.0,0.0,0.0,0.0,0.0,0.0,0.0,1.52,0.79,0.55,0,1.28,0.0,0.0,0.0,0.0,0.0,0.06,0.06,0.0,0.73,29.88,21.95,7.93,73.47,9.76,12.8,7.01,0.61,27.78,1.28,37.5,29,21,1476,0.18,0.0,1.59,0.79,15.06,1.65,3.6,36.2,3.17,37.96,0.43,26.92
412,825754,La Liga,23/24,Sevilla,Rafa Mir,Forward,6.69,0.45,0.32,0.22,3.34,1.56,0.89,13.33,0.45,40.0,0.22,0.22,0.0,0.0,0.22,0.0,0.67,0.0,0.0,0.0,0.0,0.0,0.0,0.0,0.45,0.22,0.22,0,0.22,0.0,0.0,0.0,0.0,0.0,0.0,0.0,0.0,1.11,18.94,13.37,5.57,70.59,5.57,8.02,4.68,0.22,50.0,0.22,25.0,15,3,404,0.22,0.0,2.0,1.11,9.58,0.67,4.68,38.18,2.0,37.5,2.67,38.71
413,328145,La Liga,23/24,Sevilla,Adnan Januzaj,Midfielder,6.69,0.0,0.28,0.46,2.77,0.46,2.31,0.0,2.31,55.56,0.0,0.0,0.0,0.0,0.0,0.0,0.0,0.0,0.0,0.0,0.0,0.0,0.0,0.0,1.38,0.46,0.0,0,0.46,0.0,0.0,0.0,0.0,0.0,0.0,0.0,0.0,0.92,35.54,29.54,6.0,83.12,7.85,23.08,12.0,1.38,37.5,2.31,62.5,8,0,195,0.0,0.0,1.38,4.15,15.23,0.46,9.23,66.67,7.85,65.38,1.38,75.0
414,1503836,La Liga,23/24,Deportivo Alavés,Samu Aghehowa,Forward,6.69,0.4,0.52,0.85,3.01,1.21,1.35,13.43,0.99,40.0,0.36,0.04,0.13,0.13,0.13,0.09,0.72,0.04,0.0,0.0,0.0,0.0,0.0,0.0,0.31,0.04,0.63,0,0.18,0.0,0.0,0.0,0.0,0.0,0.09,0.04,0.0,0.81,14.87,10.74,4.13,72.21,4.9,5.84,2.97,0.0,0.0,0.36,66.67,35,22,2003,0.27,0.0,1.39,1.48,11.64,1.62,5.53,38.8,2.7,37.74,2.83,39.87
415,1032022,La Liga,23/24,Almería,Luka Romero,Forward,6.69,0.61,0.26,0.41,1.64,0.61,0.82,37.5,1.43,46.67,0.41,0.2,0.0,0.61,0.0,0.2,0.0,0.0,0.0,0.0,0.0,0.0,0.0,0.0,1.02,0.2,0.41,0,0.41,0.0,0.2,0.0,0.0,0.0,0.0,0.0,0.0,0.41,29.66,27.61,2.05,93.1,9.61,18.2,8.18,0.2,50.0,0.2,50.0,13,5,440,0.41,0.0,1.64,2.25,10.23,1.84,5.11,43.1,4.7,46.0,0.41,25.0
416,606346,La Liga,23/24,Villarreal,Eric Bailly,Defender,6.69,0.0,0.02,0.0,0.21,0.0,0.11,0.0,0.75,100.0,0.0,0.0,0.0,0.0,0.0,0.0,0.0,0.0,0.0,0.0,0.0,0.0,0.0,0.0,0.54,0.97,3.97,0,0.0,0.0,0.21,0.0,0.11,0.11,0.0,0.0,0.0,0.0,41.13,36.19,4.94,87.99,26.74,9.45,1.61,0.0,0.0,2.04,54.29,10,9,838,0.43,0.0,0.64,0.54,6.01,0.32,3.44,66.67,1.72,64.0,1.72,69.57
417,44577,La Liga,23/24,Mallorca,Jaume Costa,Defender,6.69,0.0,0.02,0.0,0.32,0.11,0.16,0.0,0.43,47.06,0.0,0.0,0.0,0.0,0.0,0.0,0.11,0.0,0.0,0.0,0.0,0.0,0.0,0.0,2.03,0.85,1.71,0,0.59,0.0,0.0,0.0,0.0,0.11,0.0,0.05,0.0,1.01,31.23,24.13,7.1,77.26,12.28,12.65,5.87,0.8,23.81,1.44,36.99,30,19,1686,0.37,0.0,1.33,1.17,13.19,0.27,4.32,55.1,3.52,56.9,0.8,48.39
418,1011375,La Liga,23/24,Real Betis,Abdessamad Ezzalzouli,Midfielder,6.69,0.1,0.31,0.58,3.65,0.96,1.73,2.63,2.21,47.92,0.1,0.0,0.0,0.0,0.1,0.19,0.38,0.0,0.1,0.0,0.0,0.0,0.0,0.0,1.73,0.48,0.48,0,1.06,0.0,0.0,0.0,0.0,0.0,0.0,0.0,0.0,0.58,32.56,23.53,9.03,72.27,7.59,16.14,9.41,0.19,5.0,0.48,38.46,28,6,937,0.1,0.0,0.96,1.82,22.38,3.17,8.07,44.68,5.76,43.17,2.31,48.98
419,801211,La Liga,23/24,Valencia,Selim Amallah,Midfielder,6.68,0.0,0.06,0.14,1.56,0.71,0.43,0.0,2.56,54.55,0.0,0.0,0.0,0.0,0.0,0.0,0.14,0.0,0.0,0.0,0.0,0.0,0.0,0.0,2.42,1.56,0.71,0,0.85,0.0,0.0,0.0,0.0,0.0,0.14,0.14,0.0,0.57,22.75,17.06,5.69,75.0,4.83,12.23,7.54,0.0,0.0,0.71,62.5,20,7,633,0.43,0.14,2.99,3.41,15.07,2.13,9.95,50.36,8.25,52.73,1.71,41.38
420,1121430,La Liga,23/24,Granada,Theo Corbeanu,Midfielder,6.68,0.46,0.14,0.0,2.3,0.92,0.92,20.0,0.92,25.0,0.46,0.0,0.0,0.46,0.0,0.0,0.0,0.0,0.0,0.0,0.0,0.0,0.46,0.0,2.3,1.38,0.46,0,0.92,0.0,0.0,0.0,0.0,0.0,0.0,0.0,0.0,0.0,22.04,15.15,6.89,68.75,5.51,11.48,5.97,1.84,33.33,0.46,25.0,9,2,196,0.92,0.0,0.92,0.46,16.07,0.46,5.51,50.0,3.67,42.11,1.84,80.0
421,1391487,La Liga,23/24,Athletic Club,Malcom Ares,Midfielder,6.68,0.0,0.03,0.0,1.32,0.0,0.66,0.0,4.96,68.18,0.0,0.0,0.0,0.0,0.0,0.0,0.33,0.0,0.0,0.0,0.0,0.0,0.0,0.0,2.65,0.33,0.0,0,0.33,0.0,0.0,0.0,0.0,0.0,0.0,0.0,0.0,0.33,30.77,26.14,4.63,84.95,10.92,15.22,8.6,0.0,0.0,0.99,75.0,12,2,272,0.66,0.0,1.65,3.97,14.89,1.32,11.91,64.29,11.25,66.67,0.66,40.0
422,1082981,La Liga,23/24,Girona FC,Pablo Torre,Midfielder,6.68,0.0,0.1,0.13,1.65,0.13,0.51,0.0,0.76,37.5,0.0,0.0,0.0,0.0,0.0,0.0,0.0,0.0,0.0,0.0,0.0,0.0,0.0,0.0,0.63,0.51,0.38,0,0.76,0.0,0.13,0.0,0.0,0.0,0.0,0.25,0.13,1.52,53.31,45.19,8.12,84.76,16.88,28.31,15.99,0.0,0.0,2.16,65.38,26,4,709,0.13,0.0,1.02,2.67,14.6,1.65,4.06,42.11,4.06,46.38,0.0,0.0
423,1089453,La Liga,23/24,Las Palmas,Saúl Coco,Defender,6.68,0.04,0.04,0.0,0.78,0.16,0.43,5.0,0.12,50.0,0.0,0.04,0.0,0.0,0.04,0.0,0.0,0.0,0.0,0.0,0.0,0.04,0.31,12.5,1.26,0.78,4.55,0,0.27,0.04,0.08,0.0,0.04,0.16,0.0,0.0,0.0,0.04,55.42,49.26,6.16,88.88,34.81,14.44,2.24,0.0,0.0,1.73,41.12,30,26,2293,0.24,0.04,0.75,0.94,7.38,0.35,4.59,61.26,2.32,62.11,2.28,60.42
424,1136896,La Liga,23/24,Cádiz,Lucas Pires,Defender,6.68,0.06,0.05,0.0,0.64,0.23,0.35,9.09,0.87,51.72,0.06,0.0,0.0,0.06,0.0,0.0,0.12,0.0,0.0,0.0,0.0,0.0,0.17,0.0,2.74,0.99,2.39,0,1.34,0.0,0.0,0.0,0.0,0.17,0.17,0.0,0.0,1.28,34.02,26.45,7.57,77.74,12.7,15.2,5.83,1.46,34.72,1.63,38.36,28,15,1545,0.35,0.0,0.7,0.35,15.61,1.05,4.6,46.75,3.96,50.75,0.64,31.43
425,1084381,La Liga,23/24,Osasuna,Pablo Ibáñez,Midfielder,6.68,0.08,0.18,0.15,2.07,0.54,1.07,3.7,0.61,27.59,0.08,0.0,0.0,0.08,0.0,0.0,0.15,0.08,0.0,0.0,0.0,0.0,0.0,0.0,1.38,0.69,1.23,0,1.23,0.0,0.0,0.0,0.0,0.0,0.23,0.15,0.0,0.92,33.22,25.78,7.44,77.6,8.29,17.72,11.05,0.23,25.0,1.0,48.15,33,12,1173,0.38,0.0,1.99,1.23,12.28,0.77,5.98,41.49,2.99,35.14,2.99,50.65
426,805245,La Liga,23/24,Cádiz,Maximiliano Gómez,Forward,6.68,0.0,0.12,0.15,1.23,0.46,0.46,0.0,0.31,44.44,0.0,0.0,0.0,0.0,0.0,0.08,1.0,0.0,0.0,0.0,0.0,0.0,0.08,0.0,0.46,0.23,0.23,0,0.15,0.0,0.0,0.0,0.0,0.0,0.08,0.0,0.0,0.77,17.86,9.97,7.9,55.79,2.15,7.97,4.68,0.15,10.0,0.31,44.44,31,12,1174,0.15,0.0,1.53,2.45,13.88,1.53,8.66,49.78,3.14,48.24,5.52,50.7
427,311462,La Liga,23/24,Getafe,Fabrizio Angileri,Defender,6.68,0.0,0.0,0.0,0.0,0.0,0.0,0.0,0.98,66.67,0.0,0.0,0.0,0.0,0.0,0.0,0.0,0.0,0.0,0.0,0.0,0.0,0.0,0.0,0.49,1.96,3.91,0,0.98,0.0,0.0,0.0,0.0,0.0,1.47,0.0,0.0,1.96,43.53,28.86,14.67,66.29,13.7,17.12,7.83,1.96,50.0,2.93,46.15,11,2,184,0.98,0.49,0.49,0.49,18.1,0.0,4.89,52.63,1.96,50.0,2.93,54.55
428,175753,La Liga,23/24,Sevilla,Mariano Díaz,Forward,6.68,0.0,0.43,0.35,4.86,0.69,3.82,0.0,0.35,50.0,0.0,0.0,0.0,0.0,0.0,0.0,1.04,0.35,0.0,0.0,0.0,0.0,0.0,0.0,0.35,0.0,0.69,0,0.35,0.0,0.0,0.0,0.0,0.0,0.0,0.0,0.0,0.69,17.72,12.16,5.56,68.63,5.21,7.3,4.17,0.35,100.0,0.35,33.33,9,2,259,0.35,0.0,2.78,0.35,11.12,2.08,4.17,33.33,1.04,16.67,3.13,50.0
429,344129,La Liga,23/24,Villarreal,José Luis Morales,Forward,6.68,0.59,0.47,0.25,2.19,1.01,0.59,26.92,0.76,29.03,0.59,0.0,0.0,0.25,0.34,0.0,1.1,0.0,0.0,0.0,0.0,0.0,0.0,0.0,0.42,0.59,0.25,0,0.84,0.0,0.0,0.0,0.0,0.0,0.08,0.0,0.08,0.42,16.95,12.91,4.05,76.12,5.31,7.68,4.22,0.08,10.0,0.76,64.29,29,8,1067,0.0,0.0,0.25,0.34,10.63,1.1,1.69,25.0,1.52,27.27,0.17,14.29
430,900003,La Liga,23/24,Rayo Vallecano,Jorge de Frutos,Forward,6.67,0.11,0.15,0.29,1.66,0.63,0.69,6.9,0.86,37.5,0.11,0.0,0.0,0.06,0.06,0.06,0.23,0.0,0.0,0.0,0.0,0.0,0.0,0.0,1.09,0.4,0.8,0,0.86,0.0,0.0,0.0,0.0,0.06,0.11,0.0,0.0,0.97,23.97,18.31,5.66,76.37,6.06,13.22,8.07,0.97,32.08,0.23,33.33,36,14,1573,0.06,0.0,0.86,1.43,12.36,0.86,4.18,45.34,3.26,44.88,0.92,47.06
431,141945,La Liga,23/24,Cádiz,Sergi Guardiola,Forward,6.67,0.18,0.32,0.71,2.5,0.89,0.89,7.14,1.25,53.85,0.18,0.0,0.0,0.18,0.0,0.0,0.53,0.0,0.0,0.0,0.0,0.0,0.0,0.0,1.78,0.0,0.71,0,0.89,0.0,0.0,0.0,0.0,0.0,0.53,0.18,0.0,0.71,34.04,25.84,8.2,75.92,8.91,17.29,9.62,0.36,11.76,1.07,42.86,22,1,505,0.18,0.0,3.21,3.92,15.86,1.78,7.84,47.31,6.95,52.0,0.89,27.78
432,362032,La Liga,23/24,Las Palmas,Cristian Herrera,Forward,6.67,0.5,0.43,0.0,0.5,0.5,0.0,100.0,0.5,50.0,0.5,0.0,0.0,0.5,0.0,0.0,1.0,0.0,0.0,0.0,0.0,0.0,0.0,0.0,0.5,0.0,1.0,0,0.5,0.0,0.0,0.0,0.0,0.0,0.0,0.0,0.0,0.5,49.5,45.5,4.0,91.92,15.5,30.0,12.5,0.0,0.0,0.5,100.0,8,1,180,0.5,0.0,1.5,1.5,10.0,1.0,2.5,38.46,2.5,45.45,0.0,0.0
433,329563,La Liga,23/24,Cádiz,Rubén Sobrino,Forward,6.67,0.0,0.1,0.11,1.15,0.16,0.49,0.0,0.87,41.03,0.0,0.0,0.0,0.0,0.0,0.0,0.38,0.0,0.0,0.0,0.0,0.0,0.0,0.0,2.84,0.87,0.76,0,1.58,0.0,0.0,0.0,0.0,0.0,0.16,0.05,0.0,1.2,27.14,20.64,6.5,76.06,8.03,12.94,6.99,0.33,27.27,0.38,33.33,32,18,1648,0.44,0.05,2.51,1.69,12.72,1.53,6.61,45.15,5.41,44.59,1.2,47.83
434,252863,La Liga,23/24,Cádiz,Darwin Machís,Midfielder,6.67,0.45,0.16,0.0,2.37,1.13,0.68,19.05,0.68,40.0,0.23,0.23,0.0,0.11,0.34,0.0,0.23,0.0,0.11,0.11,100.0,0.0,0.11,0.0,2.59,0.45,0.23,0,1.24,0.0,0.0,0.0,0.0,0.0,0.0,0.0,0.0,1.24,24.67,17.68,6.98,71.69,5.52,13.85,5.52,1.69,23.44,1.69,50.0,21,10,799,0.0,0.11,1.35,1.58,17.57,1.24,5.18,47.42,4.73,51.22,0.45,26.67
435,1010383,La Liga,23/24,Real Sociedad,Jon Ander Olasagasti,Midfielder,6.67,0.0,0.21,0.49,2.19,0.0,1.46,0.0,1.7,70.0,0.0,0.0,0.0,0.0,0.0,0.0,0.24,0.0,0.0,0.0,0.0,0.0,0.0,0.0,3.89,0.73,1.22,0,0.73,0.0,0.24,0.0,0.0,0.0,0.0,0.0,0.0,1.46,40.86,30.89,9.97,75.6,13.86,17.03,9.73,0.0,0.0,0.97,33.33,14,2,370,0.73,0.0,1.7,1.7,14.84,1.46,8.76,55.38,7.05,60.42,1.7,41.18
436,990232,La Liga,23/24,Valencia,Alberto Mari,Forward,6.67,0.3,0.59,0.6,2.11,0.9,0.6,14.29,0.9,60.0,0.3,0.0,0.0,0.0,0.3,0.0,0.6,0.3,0.3,0.3,100.0,0.0,0.0,0.0,1.2,0.0,1.51,0,0.0,0.0,0.0,0.0,0.0,0.0,0.3,0.3,0.0,1.81,17.76,11.14,6.62,62.71,2.71,8.73,5.72,0.3,50.0,0.3,100.0,16,2,299,0.0,0.0,3.01,1.81,11.74,0.9,6.32,37.5,3.91,46.43,2.41,28.57
437,1116388,La Liga,23/24,Real Sociedad,Jon Aramburu,Defender,6.67,0.0,0.02,0.0,0.67,0.0,0.33,0.0,0.33,33.33,0.0,0.0,0.0,0.0,0.0,0.0,0.0,0.0,0.0,0.0,0.0,0.0,0.0,0.0,3.99,1.16,2.5,0,1.66,0.0,0.0,0.0,0.0,0.17,0.0,0.0,0.0,0.0,42.59,35.1,7.49,82.42,16.3,18.96,9.15,0.17,14.29,1.16,38.89,11,5,541,0.5,0.0,1.83,0.83,13.81,1.0,6.32,50.0,5.16,50.0,1.16,50.0
438,153966,La Liga,23/24,Villarreal,Manu Trigueros,Midfielder,6.67,0.0,0.12,0.26,1.58,0.79,0.79,0.0,0.0,0.0,0.0,0.0,0.0,0.0,0.0,0.0,0.26,0.0,0.0,0.0,0.0,0.0,0.0,0.0,1.84,0.79,2.37,0,1.58,0.0,0.0,0.0,0.0,0.0,0.0,0.0,0.0,1.32,42.11,36.58,5.53,86.88,15.26,21.58,12.37,0.26,20.0,1.84,70.0,14,2,342,0.0,0.0,1.32,0.79,9.74,1.05,3.68,45.16,2.63,38.46,1.05,80.0
439,124950,La Liga,23/24,Rayo Vallecano,Bebé,Midfielder,6.67,0.71,0.52,0.36,5.69,1.78,2.13,12.5,4.27,57.14,0.36,0.36,0.0,0.0,0.71,0.0,1.07,0.0,0.36,0.36,100.0,0.0,1.07,0.0,0.71,0.0,0.0,0,1.42,0.0,0.0,0.0,0.0,0.0,0.0,0.0,0.0,1.07,24.19,17.43,6.76,72.06,3.91,15.65,7.47,2.13,21.43,1.78,41.67,19,0,253,0.36,0.0,0.0,0.71,23.48,1.07,6.05,45.95,5.69,50.0,0.36,20.0
440,1009662,La Liga,23/24,Athletic Club,Imanol García de Albéniz,Defender,6.67,0.0,0.0,0.0,0.17,0.0,0.0,0.0,0.69,80.0,0.0,0.0,0.0,0.0,0.0,0.0,0.0,0.0,0.0,0.0,0.0,0.0,0.0,0.0,1.2,1.2,1.89,0,2.24,0.0,0.0,0.0,0.0,0.17,0.0,0.0,0.0,0.34,44.74,37.34,7.4,83.46,19.79,18.76,10.15,1.2,33.33,1.38,44.44,9,5,523,0.34,0.0,0.86,0.34,12.39,0.52,3.96,46.94,2.24,37.14,1.72,71.43
441,960401,La Liga,23/24,Las Palmas,Marvin Park,Defender,6.67,0.0,0.05,0.1,0.68,0.15,0.34,0.0,0.92,47.5,0.0,0.0,0.0,0.0,0.0,0.0,0.19,0.0,0.0,0.0,0.0,0.0,0.0,0.0,1.9,0.68,0.68,0,0.87,0.0,0.05,0.05,0.0,0.0,0.19,0.1,0.0,0.63,31.0,24.74,6.27,79.78,10.64,14.48,6.8,0.39,8.79,0.34,35.0,31,17,1852,0.24,0.0,1.9,1.26,15.36,1.12,4.81,41.77,4.08,46.41,0.73,26.79
442,962378,La Liga,23/24,Girona FC,Valery Fernández,Midfielder,6.67,0.34,0.12,0.17,0.85,0.34,0.51,40.0,1.2,53.85,0.17,0.17,0.0,0.0,0.34,0.0,0.51,0.0,0.0,0.0,0.0,0.0,0.0,0.0,1.88,0.17,0.51,0,0.34,0.0,0.0,0.0,0.0,0.0,0.17,0.0,0.17,1.02,33.81,30.23,3.59,89.39,12.3,18.44,11.27,0.51,23.08,0.17,50.0,27,2,527,0.17,0.0,1.02,2.22,10.59,1.37,5.64,57.89,5.29,59.62,0.34,40.0
443,40965,La Liga,23/24,Granada,José Callejón,Forward,6.66,0.0,0.15,0.22,1.33,0.44,0.56,0.0,0.33,42.86,0.0,0.0,0.0,0.0,0.0,0.0,0.33,0.0,0.0,0.0,0.0,0.0,0.11,0.0,1.45,0.56,1.11,0,1.56,0.0,0.0,0.0,0.0,0.0,0.22,0.11,0.0,1.78,35.49,29.26,6.23,82.45,13.79,16.69,9.01,1.22,32.35,2.67,57.14,25,7,809,0.22,0.0,1.22,2.34,11.57,0.67,4.89,49.44,4.0,51.43,0.89,42.11
444,844752,La Liga,23/24,Mallorca,Nacho Vidal,Defender,6.66,0.17,0.23,0.34,1.87,0.68,0.85,9.09,0.51,25.0,0.17,0.0,0.0,0.17,0.0,0.0,0.0,0.0,0.0,0.0,0.0,0.0,0.0,0.0,2.89,0.51,2.55,0,1.7,0.0,0.0,0.0,0.0,0.0,0.0,0.0,0.0,0.68,33.35,25.01,8.34,75.0,10.04,15.65,4.76,0.68,26.67,0.68,18.18,15,5,529,0.34,0.0,1.53,0.68,14.46,0.68,6.64,48.15,4.08,43.64,2.55,57.69
445,914178,La Liga,23/24,Granada,Carlos Neva,Defender,6.66,0.0,0.0,0.0,0.11,0.0,0.06,0.0,0.2,41.18,0.0,0.0,0.0,0.0,0.0,0.0,0.0,0.0,0.0,0.0,0.0,0.0,0.0,0.0,0.91,0.86,2.51,0,0.66,0.0,0.06,0.0,0.0,0.09,0.2,0.06,0.0,0.57,36.09,27.53,8.57,76.27,16.9,11.22,4.34,0.6,25.3,1.88,35.68,36,36,3152,0.11,0.0,0.63,1.26,13.28,0.34,3.14,53.14,2.34,55.41,0.8,47.46
446,986726,La Liga,23/24,Granada,Ricard Sánchez,Defender,6.66,0.12,0.04,0.04,0.54,0.19,0.16,21.43,0.74,59.38,0.12,0.0,0.0,0.0,0.12,0.0,0.19,0.0,0.0,0.0,0.0,0.0,0.0,0.0,1.13,0.51,1.71,0,0.47,0.0,0.0,0.04,0.0,0.0,0.04,0.0,0.0,0.86,30.29,22.93,7.36,75.71,11.09,12.65,6.46,0.82,25.61,1.99,49.51,33,25,2312,0.31,0.0,1.05,0.82,13.39,0.58,3.43,51.16,2.69,51.11,0.74,51.35
447,814820,La Liga,23/24,Granada,Kamil Jóźwiak,Midfielder,6.66,0.0,0.02,0.0,0.61,0.15,0.0,0.0,1.22,57.14,0.0,0.0,0.0,0.0,0.0,0.0,0.3,0.0,0.0,0.0,0.0,0.0,0.0,0.0,1.98,0.3,0.76,0,1.22,0.0,0.0,0.0,0.0,0.0,0.46,0.15,0.0,0.76,26.04,19.04,7.01,73.1,8.07,11.12,7.46,0.15,16.67,0.3,22.22,11,7,591,0.3,0.0,1.98,1.83,12.64,1.52,7.16,47.47,5.03,47.14,2.13,48.28
448,255999,La Liga,23/24,Mallorca,Omar Mascarell,Midfielder,6.66,0.0,0.03,0.0,0.34,0.0,0.23,0.0,0.46,88.89,0.0,0.0,0.0,0.0,0.0,0.0,0.0,0.0,0.0,0.0,0.0,0.0,0.0,0.0,1.88,1.77,1.65,0,0.97,0.0,0.06,0.0,0.06,0.17,0.0,0.0,0.0,0.17,44.14,36.27,7.87,82.17,20.48,15.86,5.59,0.06,25.0,2.97,50.98,29,18,1578,0.4,0.0,1.77,0.8,8.9,0.46,4.85,51.83,3.08,50.47,1.77,54.39
449,552668,La Liga,23/24,Las Palmas,Omenuke Mfulu,Midfielder,6.66,0.0,0.0,0.0,0.0,0.0,0.0,0.0,0.98,100.0,0.0,0.0,0.0,0.0,0.0,0.0,0.0,0.0,0.0,0.0,0.0,0.0,0.0,0.0,3.91,1.96,4.89,0,0.98,0.0,0.0,0.0,0.0,0.0,0.0,0.0,0.0,0.0,58.7,51.85,6.85,88.33,26.41,25.43,7.83,0.0,0.0,0.0,0.0,5,1,92,0.98,0.0,0.0,1.96,8.8,0.0,9.78,66.67,6.85,87.5,2.93,42.86
450,1162309,La Liga,23/24,Mallorca,Javi Llabrés,Midfielder,6.65,0.33,0.22,0.33,2.93,1.3,0.65,11.11,1.63,62.5,0.33,0.0,0.0,0.0,0.33,0.0,0.0,0.0,0.0,0.0,0.0,0.0,0.0,0.0,0.98,0.98,0.65,0,0.33,0.0,0.0,0.0,0.0,0.0,0.0,0.0,0.0,1.63,24.78,18.59,6.2,75.0,6.52,14.02,4.89,1.96,30.0,0.65,28.57,16,1,276,0.33,0.0,1.63,0.33,17.93,2.28,3.59,36.67,2.93,36.0,0.65,40.0
451,855830,La Liga,23/24,Valencia,Hugo Guillamón,Midfielder,6.65,0.07,0.01,0.0,0.21,0.14,0.07,33.33,0.14,100.0,0.0,0.07,0.0,0.0,0.07,0.0,0.0,0.0,0.0,0.0,0.0,0.0,0.0,0.0,1.64,0.82,1.57,0,0.41,0.0,0.14,0.07,0.0,0.14,0.07,0.0,0.0,0.62,46.88,38.47,8.41,82.07,17.97,20.57,9.09,0.07,16.67,3.83,54.9,26,12,1317,0.41,0.0,2.46,1.71,10.05,0.55,4.51,51.16,3.49,51.52,1.03,50.0
452,1010409,La Liga,23/24,Deportivo Alavés,Xeber Alkain,Midfielder,6.65,0.0,0.1,0.28,1.41,0.0,1.13,0.0,0.85,42.86,0.0,0.0,0.0,0.0,0.0,0.0,0.28,0.0,0.0,0.0,0.0,0.0,0.0,0.0,1.41,0.28,0.56,0,1.13,0.0,0.0,0.0,0.0,0.0,0.28,0.0,0.0,1.69,23.7,17.77,5.92,75.0,4.23,14.39,9.03,0.85,21.43,0.85,42.86,10,3,319,0.28,0.0,2.54,0.0,13.26,0.85,2.82,28.57,2.26,28.57,0.56,28.57
453,169549,La Liga,23/24,Almería,Choco Lozano,Forward,6.65,0.31,0.36,0.72,2.78,0.93,1.55,11.11,0.52,26.32,0.31,0.0,0.1,0.1,0.1,0.0,0.62,0.1,0.0,0.0,0.0,0.0,0.0,0.0,0.72,0.21,1.34,0,0.41,0.0,0.0,0.0,0.0,0.0,0.21,0.0,0.0,0.82,15.05,11.03,4.02,73.29,3.71,7.42,4.23,0.1,20.0,0.21,50.0,19,10,873,0.21,0.0,2.89,2.16,11.03,1.86,6.29,34.86,3.4,34.74,2.89,35.0
454,27838,La Liga,23/24,Cádiz,Álvaro Negredo,Forward,6.65,0.0,0.16,0.0,3.8,1.27,0.0,0.0,2.54,100.0,0.0,0.0,0.0,0.0,0.0,0.0,3.8,0.0,0.0,0.0,0.0,0.0,1.27,0.0,0.0,1.27,0.0,0,0.0,0.0,0.0,0.0,0.0,0.0,0.0,0.0,0.0,1.27,21.55,11.41,10.14,52.94,5.07,7.61,3.8,1.27,50.0,0.0,0.0,7,0,71,0.0,0.0,0.0,2.54,19.01,0.0,8.87,87.5,5.07,100.0,3.8,75.0
455,1094782,La Liga,23/24,Real Sociedad,Unai Marrero,Goalkeeper,6.65,0.0,0.0,0.0,0.0,0.0,0.0,0.0,0.0,0.0,0.0,0.0,0.0,0.0,0.0,0.0,0.0,0.0,0.0,0.0,0.0,0.0,0.0,0.0,0.0,0.0,0.0,0,0.0,0.0,0.0,0.0,0.0,0.0,0.0,0.0,0.0,0.0,25.53,14.68,10.85,57.5,7.66,7.02,1.91,0.0,0.0,6.38,37.04,2,1,141,0.0,0.0,0.0,0.0,10.85,0.0,0.0,0.0,0.0,0.0,0.0,0.0
456,801287,La Liga,23/24,Granada,Faitout Maouassa,Midfielder,6.65,0.0,0.06,0.0,1.79,0.0,1.07,0.0,0.36,33.33,0.0,0.0,0.0,0.0,0.0,0.0,0.0,0.0,0.0,0.0,0.0,0.0,0.0,0.0,2.86,0.36,1.07,0,0.36,0.0,0.0,0.0,0.0,0.0,0.36,0.36,0.0,1.79,20.71,13.57,7.14,65.52,6.79,7.86,3.21,1.07,15.0,0.71,25.0,6,2,252,0.0,0.0,1.07,1.07,17.14,0.36,5.36,65.22,4.29,63.16,1.07,75.0
457,797290,La Liga,23/24,Villarreal,Alfonso Pedraza,Defender,6.65,0.08,0.05,0.08,0.72,0.32,0.16,11.11,0.8,34.48,0.08,0.0,0.0,0.08,0.0,0.0,0.32,0.0,0.0,0.0,0.0,0.0,0.0,0.0,2.01,1.05,1.21,0,0.64,0.0,0.0,0.0,0.0,0.08,0.48,0.24,0.0,1.61,35.15,27.75,7.4,78.95,15.28,13.75,6.84,1.29,27.59,0.97,27.91,19,14,1119,0.32,0.08,1.13,1.37,14.08,0.16,4.66,53.21,4.18,55.32,0.48,40.0
458,818406,La Liga,23/24,Almería,César Montes,Defender,6.65,0.0,0.04,0.0,0.65,0.1,0.3,0.0,0.15,100.0,0.0,0.0,0.0,0.0,0.0,0.0,0.1,0.0,0.0,0.0,0.0,0.0,0.0,0.0,1.1,0.55,4.72,0,0.45,0.0,0.0,0.0,0.0,0.2,0.0,0.0,0.0,0.2,48.36,37.57,10.8,77.67,27.52,10.15,3.06,0.1,66.67,2.86,32.39,21,21,1792,0.25,0.0,1.1,0.55,11.6,0.05,4.77,62.91,1.76,55.56,3.01,68.18
459,827942,La Liga,23/24,Almería,Sergio Akieme,Defender,6.64,0.11,0.06,0.05,0.48,0.27,0.21,22.22,1.13,53.85,0.11,0.0,0.0,0.11,0.0,0.0,0.05,0.0,0.0,0.0,0.0,0.0,0.0,0.0,1.45,0.54,1.77,0,0.16,0.0,0.0,0.11,0.0,0.16,0.21,0.0,0.0,0.91,31.9,25.45,6.44,79.8,16.32,10.04,4.08,0.91,29.82,1.83,40.48,19,19,1676,0.11,0.0,0.97,0.91,12.4,0.86,4.03,52.82,3.49,56.03,0.54,38.46
460,794949,La Liga,23/24,FC Barcelona,Iñaki Peña,Goalkeeper,6.64,0.0,0.0,0.0,0.0,0.0,0.0,0.0,0.0,0.0,0.0,0.0,0.0,0.0,0.0,0.0,0.0,0.0,0.0,0.0,0.0,0.0,0.0,0.0,0.0,0.0,1.3,0,0.1,0.1,0.0,0.0,0.0,0.2,0.0,0.0,0.0,0.0,25.1,21.3,3.8,84.86,20.4,0.9,0.1,0.0,0.0,3.0,44.78,10,10,900,0.0,0.0,0.0,0.1,3.8,0.0,0.5,83.33,0.1,50.0,0.4,100.0
461,997221,La Liga,23/24,Celta Vigo,Carlos Dotor,Midfielder,6.64,0.0,0.02,0.0,0.5,0.0,0.38,0.0,0.38,100.0,0.0,0.0,0.0,0.0,0.0,0.0,0.0,0.0,0.0,0.0,0.0,0.0,0.0,0.0,1.76,0.5,0.25,0,1.13,0.0,0.0,0.0,0.0,0.0,0.0,0.0,0.0,0.13,42.23,35.82,6.41,84.82,16.34,19.61,8.92,0.13,11.11,1.38,50.0,17,7,716,0.25,0.0,1.76,1.26,10.43,1.13,4.02,45.07,3.14,44.64,0.88,46.67
462,355046,La Liga,23/24,Cádiz,Jorge Meré,Defender,6.64,0.0,0.02,0.0,0.52,0.13,0.26,0.0,0.13,100.0,0.0,0.0,0.0,0.0,0.0,0.0,0.0,0.0,0.0,0.0,0.0,0.0,0.0,0.0,1.05,1.05,4.06,0,0.39,0.0,0.0,0.0,0.0,0.13,0.0,0.0,0.0,0.0,29.48,21.62,7.86,73.33,14.67,6.94,2.49,0.0,0.0,2.62,32.79,10,8,687,0.0,0.0,0.13,0.52,8.91,0.13,2.75,56.76,1.57,70.59,1.18,45.0
463,210082,La Liga,23/24,Celta Vigo,Javier Manquillo,Defender,6.64,0.0,0.01,0.0,0.12,0.0,0.12,0.0,0.48,50.0,0.0,0.0,0.0,0.0,0.0,0.0,0.0,0.0,0.0,0.0,0.0,0.0,0.0,0.0,1.81,0.36,1.93,0,0.84,0.0,0.0,0.0,0.0,0.12,0.12,0.12,0.0,0.12,43.55,36.8,6.76,84.49,20.75,16.05,8.08,0.0,0.0,1.45,37.5,12,10,746,0.36,0.0,1.69,0.48,12.43,0.48,4.34,48.0,2.77,44.23,1.57,56.52
464,966637,La Liga,23/24,Valencia,Fran Pérez,Midfielder,6.64,0.04,0.05,0.0,0.87,0.09,0.48,5.0,1.74,45.98,0.04,0.0,0.0,0.0,0.04,0.0,0.35,0.0,0.0,0.0,0.0,0.0,0.0,0.0,1.3,0.61,0.17,0,1.26,0.0,0.0,0.0,0.0,0.09,0.26,0.17,0.0,0.83,23.01,18.4,4.61,79.96,6.52,12.22,6.7,0.35,16.0,0.39,56.25,32,27,2069,0.17,0.0,1.35,1.0,13.66,1.83,4.31,37.08,4.05,38.43,0.26,24.0
465,1493689,La Liga,23/24,Real Betis,Assane Diao,Forward,6.64,0.17,0.21,0.34,1.79,0.26,1.02,9.52,1.53,39.13,0.09,0.09,0.0,0.17,0.0,0.0,0.09,0.0,0.0,0.0,0.0,0.0,0.0,0.0,1.7,0.6,0.51,0,0.94,0.0,0.0,0.0,0.0,0.0,0.0,0.0,0.0,0.85,21.65,16.88,4.77,77.95,4.6,12.44,7.24,0.17,22.22,0.34,80.0,18,13,1056,0.34,0.0,1.02,1.88,16.79,2.98,6.31,40.66,4.94,40.28,1.36,42.11
466,1410925,La Liga,23/24,Deportivo Alavés,Joaquin Panichelli,Forward,6.64,0.0,0.21,0.0,3.43,0.76,1.91,0.0,0.0,0.0,0.0,0.0,0.0,0.0,0.0,0.0,0.38,0.0,0.0,0.0,0.0,0.0,0.0,0.0,1.14,0.38,1.53,0,0.38,0.0,0.0,0.0,0.0,0.0,0.0,0.0,0.0,0.76,16.78,10.68,6.1,63.64,4.96,5.72,3.81,0.0,0.0,0.0,0.0,8,2,236,0.0,0.0,3.05,1.53,14.49,2.67,9.15,55.81,2.67,35.0,6.48,73.91
467,96373,La Liga,23/24,Las Palmas,José Campaña,Midfielder,6.64,0.0,0.01,0.0,0.52,0.0,0.52,0.0,0.52,33.33,0.0,0.0,0.0,0.0,0.0,0.0,0.0,0.0,0.0,0.0,0.0,0.0,0.0,0.0,1.04,1.04,1.56,0,1.04,0.0,0.0,0.0,0.0,0.0,0.0,0.0,0.0,0.0,81.16,70.23,10.92,86.54,38.5,31.73,8.84,0.0,0.0,1.56,33.33,8,1,173,0.0,0.0,0.0,2.6,18.21,1.04,5.2,62.5,3.12,50.0,2.08,100.0
468,844179,La Liga,23/24,Granada,Njegoš Petrović,Midfielder,6.63,0.0,0.02,0.0,1.07,0.53,0.0,0.0,1.6,60.0,0.0,0.0,0.0,0.0,0.0,0.0,0.0,0.0,0.0,0.0,0.0,0.0,0.53,0.0,2.66,0.53,1.6,0,0.53,0.0,0.0,0.0,0.0,0.0,0.0,0.0,0.0,1.07,41.54,35.15,6.39,84.62,12.25,22.9,10.12,0.0,0.0,0.0,0.0,10,0,169,0.0,0.0,0.0,0.53,11.18,0.0,5.86,73.33,4.79,75.0,1.07,66.67
469,191182,La Liga,23/24,Atlético Madrid,Thomas Lemar,Midfielder,6.63,0.0,0.09,0.0,1.08,0.0,0.54,0.0,0.54,50.0,0.0,0.0,0.0,0.0,0.0,0.0,0.0,0.0,0.0,0.0,0.0,0.0,0.0,0.0,1.63,0.0,0.0,0,0.54,0.0,0.0,0.0,0.0,0.0,0.0,0.0,0.0,0.54,41.75,37.41,4.34,89.61,11.39,26.57,13.55,0.54,16.67,0.0,0.0,3,3,166,0.0,0.0,1.63,1.08,10.3,1.08,3.25,40.0,3.25,46.15,0.0,0.0
470,376382,La Liga,23/24,Cádiz,Fede San Emeterio,Midfielder,6.63,0.55,0.03,0.0,0.55,0.55,0.0,100.0,0.0,0.0,0.55,0.0,0.55,0.0,0.0,0.0,0.0,0.0,0.0,0.0,0.0,0.0,0.0,0.0,1.64,1.09,0.55,0,1.64,0.0,0.0,0.0,0.0,0.0,0.0,0.0,0.0,0.55,27.27,22.91,4.36,84.0,12.0,11.45,2.73,0.55,100.0,2.18,66.67,4,3,165,0.55,0.55,4.36,1.64,5.45,0.0,4.91,37.5,3.27,37.5,1.64,37.5
471,842164,La Liga,23/24,Mallorca,Siebe Van Der Heyden,Defender,6.63,0.0,0.05,0.0,0.62,0.0,0.31,0.0,0.0,0.0,0.0,0.0,0.0,0.0,0.0,0.0,0.31,0.0,0.0,0.0,0.0,0.0,0.0,0.0,2.77,2.16,3.39,0,0.62,0.0,0.0,0.0,0.0,0.31,0.0,0.0,0.0,0.0,28.36,19.11,9.25,67.39,13.87,5.24,1.23,0.0,0.0,1.54,22.73,6,4,292,0.62,0.31,2.47,0.31,9.86,0.0,5.55,52.94,3.08,52.63,2.47,53.33
472,857178,La Liga,23/24,Rayo Vallecano,Kike Pérez,Midfielder,6.63,0.11,0.2,0.32,1.38,0.53,0.42,7.69,0.95,32.14,0.11,0.0,0.0,0.11,0.0,0.0,0.0,0.0,0.0,0.0,0.0,0.0,0.11,0.0,2.86,0.85,0.64,0,1.27,0.0,0.0,0.0,0.0,0.0,0.11,0.0,0.0,0.74,36.25,28.94,7.31,79.82,13.57,15.48,8.27,0.11,5.56,2.01,57.58,24,9,849,0.74,0.0,4.45,3.6,16.43,1.7,8.59,41.75,7.31,44.23,1.27,31.58
473,794937,La Liga,23/24,Getafe,Carles Aleñá,Midfielder,6.63,0.09,0.11,0.09,1.42,0.44,0.53,6.25,0.53,23.08,0.09,0.0,0.09,0.0,0.0,0.0,0.27,0.0,0.0,0.0,0.0,0.0,0.0,0.0,2.13,0.35,0.89,0,1.24,0.0,0.0,0.0,0.0,0.0,0.44,0.09,0.0,1.59,31.62,25.78,5.85,81.51,7.18,19.75,10.1,1.15,39.39,1.59,46.15,29,10,1016,0.53,0.0,1.95,1.59,13.55,1.59,5.23,39.07,4.16,39.17,1.06,38.71
474,868223,La Liga,23/24,Las Palmas,Benito Ramírez,Midfielder,6.63,0.23,0.08,0.0,2.3,0.69,0.92,10.0,0.46,18.18,0.23,0.0,0.0,0.23,0.0,0.0,0.46,0.0,0.0,0.0,0.0,0.0,0.23,0.0,1.15,0.69,0.0,0,0.69,0.0,0.0,0.0,0.0,0.0,0.23,0.23,0.0,0.46,34.67,27.78,6.89,80.13,9.64,19.52,10.1,1.38,18.18,0.46,20.0,20,2,392,0.0,0.0,0.92,0.92,19.06,0.69,2.98,30.23,2.53,36.67,0.46,15.38
475,190159,La Liga,23/24,Real Sociedad,André Silva,Forward,6.62,0.36,0.4,0.0,1.94,0.73,1.09,18.75,0.73,27.27,0.36,0.0,0.12,0.0,0.24,0.12,0.48,0.0,0.12,0.12,100.0,0.0,0.12,0.0,0.24,0.12,0.36,0,0.48,0.0,0.0,0.0,0.0,0.0,0.0,0.0,0.0,0.6,19.35,15.85,3.51,81.88,4.96,10.89,6.17,0.0,0.0,0.24,100.0,19,9,744,0.12,0.0,1.69,0.97,10.16,2.18,3.39,29.17,1.94,24.24,1.45,40.0
476,316170,La Liga,23/24,Cádiz,Gonzalo Escalante,Midfielder,6.62,0.05,0.1,0.05,0.74,0.16,0.42,7.14,0.16,42.86,0.05,0.0,0.0,0.0,0.05,0.0,0.11,0.0,0.0,0.0,0.0,0.0,0.0,0.0,2.06,1.37,1.75,0,1.85,0.11,0.0,0.0,0.0,0.21,0.05,0.11,0.0,0.58,36.91,28.34,8.57,76.79,14.81,13.54,6.13,0.0,0.0,2.01,41.3,25,18,1702,0.11,0.05,1.64,0.74,11.0,0.63,4.6,43.94,2.96,41.48,1.64,49.21
477,1211005,La Liga,23/24,Getafe,Yellu Santiago,Midfielder,6.62,0.14,0.08,0.0,0.68,0.27,0.0,20.0,0.41,37.5,0.14,0.0,0.0,0.0,0.14,0.0,0.0,0.0,0.0,0.0,0.0,0.0,0.0,0.0,2.31,0.0,0.95,0,0.41,0.0,0.0,0.0,0.0,0.0,0.0,0.0,0.0,0.82,24.88,19.58,5.3,78.69,8.7,10.88,5.03,0.0,0.0,0.68,27.78,14,8,662,0.54,0.0,2.31,1.5,8.56,0.54,5.03,50.68,4.21,51.67,0.82,46.15
478,861317,La Liga,23/24,Granada,Óscar Melendo,Midfielder,6.62,0.0,0.03,0.0,0.48,0.16,0.0,0.0,0.87,57.89,0.0,0.0,0.0,0.0,0.0,0.0,0.08,0.0,0.0,0.0,0.0,0.0,0.0,0.0,1.11,0.4,0.24,0,0.64,0.08,0.0,0.08,0.0,0.0,0.0,0.0,0.0,0.87,31.38,25.74,5.64,82.03,11.2,14.77,6.51,0.24,33.33,1.19,53.57,26,15,1133,0.16,0.0,0.95,2.94,9.53,0.71,5.4,56.2,4.92,62.63,0.48,27.27
479,814360,La Liga,23/24,Osasuna,Juan Cruz,Defender,6.62,0.0,0.0,0.0,0.16,0.0,0.11,0.0,0.16,30.0,0.0,0.0,0.0,0.0,0.0,0.0,0.05,0.0,0.0,0.0,0.0,0.0,0.0,0.0,1.46,0.65,1.95,0,0.43,0.0,0.05,0.0,0.0,0.16,0.05,0.05,0.0,0.27,40.64,33.12,7.52,81.49,15.26,18.13,7.2,0.27,23.81,1.79,42.86,26,18,1663,0.16,0.0,1.08,0.22,14.13,0.32,2.98,48.67,1.84,45.33,1.14,55.26
480,151138,La Liga,23/24,Valencia,Dimitri Foulquier,Defender,6.62,0.0,0.03,0.05,0.34,0.05,0.15,0.0,1.08,57.89,0.0,0.0,0.0,0.0,0.0,0.0,0.1,0.0,0.0,0.0,0.0,0.0,0.0,0.0,1.91,0.79,2.16,0,0.39,0.0,0.05,0.0,0.0,0.2,0.1,0.0,0.0,0.69,37.86,27.59,10.26,72.89,14.98,12.96,5.89,0.34,16.67,1.37,26.17,33,19,1833,0.15,0.0,1.18,1.37,17.04,0.79,4.86,55.62,4.37,58.94,0.49,37.04
481,848980,La Liga,23/24,Celta Vigo,Iván Villar,Goalkeeper,6.61,0.0,0.0,0.0,0.0,0.0,0.0,0.0,0.0,0.0,0.0,0.0,0.0,0.0,0.0,0.0,0.0,0.0,0.0,0.0,0.0,0.0,0.0,0.0,0.0,0.0,0.89,0,0.09,0.0,0.0,0.18,0.0,0.0,0.0,0.0,0.0,0.09,24.21,14.72,9.49,60.81,12.06,2.66,0.8,0.0,0.0,4.34,31.61,12,12,1015,0.0,0.18,0.18,0.18,9.84,0.0,0.27,50.0,0.0,0.0,0.27,100.0
482,975814,La Liga,23/24,Granada,Matías Arezo,Forward,6.61,0.0,0.28,0.24,2.91,0.97,1.46,0.0,0.24,100.0,0.0,0.0,0.0,0.0,0.0,0.0,1.94,0.0,0.0,0.0,0.0,0.0,0.0,0.0,1.7,0.24,0.97,0,0.97,0.0,0.0,0.0,0.0,0.0,0.0,0.0,0.0,0.49,18.68,12.13,6.55,64.94,4.12,8.25,2.91,0.24,25.0,0.97,80.0,14,3,371,0.24,0.0,1.46,0.24,9.7,0.97,4.85,39.22,2.18,40.91,2.67,37.93
483,964174,La Liga,23/24,Almería,Álex Centelles,Defender,6.61,0.0,0.0,0.0,0.18,0.09,0.09,0.0,0.37,44.44,0.0,0.0,0.0,0.0,0.0,0.0,0.09,0.0,0.0,0.0,0.0,0.0,0.0,0.0,1.01,1.65,2.39,0,0.92,0.0,0.0,0.09,0.0,0.18,0.18,0.09,0.0,1.01,37.69,28.77,8.92,76.34,15.63,14.34,6.89,1.2,29.55,2.57,34.57,14,11,979,0.18,0.0,0.92,1.2,15.26,0.55,3.95,51.19,2.48,47.37,1.47,59.26
484,789886,La Liga,23/24,Almería,Gonzalo Melero,Midfielder,6.61,0.08,0.16,0.32,1.12,0.32,0.72,7.14,0.56,41.18,0.0,0.08,0.0,0.0,0.08,0.08,0.08,0.0,0.0,0.0,0.0,0.0,0.0,0.0,1.12,0.32,0.88,0,0.96,0.0,0.0,0.0,0.0,0.0,0.24,0.08,0.0,0.88,36.61,30.35,6.26,82.89,14.29,16.14,8.11,0.08,25.0,0.64,57.14,28,10,1121,0.24,0.0,1.69,1.36,10.84,1.04,4.58,43.18,3.05,41.76,1.53,46.34
485,941405,La Liga,23/24,Cádiz,Brian Ocampo,Midfielder,6.61,0.37,0.1,0.0,1.86,0.74,0.74,20.0,3.72,55.56,0.0,0.37,0.0,0.0,0.37,0.0,0.0,0.0,0.0,0.0,0.0,0.0,0.0,0.0,1.49,1.12,0.0,0,1.12,0.0,0.0,0.0,0.0,0.0,0.0,0.0,0.0,0.74,39.79,27.15,12.64,68.22,8.93,19.71,9.67,1.49,21.05,2.23,50.0,13,1,242,0.74,0.0,3.35,3.35,31.24,3.72,10.04,45.76,8.55,44.23,1.49,57.14
486,996931,La Liga,23/24,Valencia,Hugo González,Midfielder,6.61,0.0,0.02,0.0,1.01,0.0,0.0,0.0,0.0,0.0,0.0,0.0,0.0,0.0,0.0,0.0,2.02,0.0,0.0,0.0,0.0,0.0,0.0,0.0,2.02,0.0,0.0,0,0.0,0.0,0.0,0.0,0.0,0.0,1.01,1.01,0.0,4.04,30.34,21.24,9.1,70.0,11.12,13.15,6.07,3.03,33.33,0.0,0.0,9,0,89,0.0,0.0,3.03,2.02,23.26,2.02,4.04,28.57,4.04,40.0,0.0,0.0
487,962883,La Liga,23/24,FC Barcelona,Ansu Fati,Forward,6.6,0.0,1.42,3.83,13.4,1.91,9.57,0.0,1.91,50.0,0.0,0.0,0.0,0.0,0.0,0.0,1.91,0.0,0.0,0.0,0.0,0.0,0.0,0.0,0.0,0.0,0.0,0,1.91,0.0,0.0,0.0,0.0,0.0,0.0,0.0,0.0,0.0,51.7,44.04,7.66,85.19,0.0,44.04,34.47,0.0,0.0,1.91,100.0,3,0,47,0.0,0.0,0.0,7.66,13.4,1.91,11.49,60.0,9.57,62.5,1.91,50.0
488,25682,La Liga,23/24,Rayo Vallecano,Radamel Falcao,Forward,6.6,0.22,0.61,0.89,3.8,1.56,1.34,5.88,0.67,42.86,0.22,0.0,0.0,0.0,0.22,0.22,1.34,0.0,0.22,0.22,100.0,0.0,0.0,0.0,1.56,0.67,0.89,0,0.45,0.0,0.0,0.0,0.0,0.0,0.22,0.0,0.0,0.89,23.9,19.88,4.02,83.18,6.25,13.85,8.04,0.22,100.0,0.45,100.0,22,2,403,0.89,0.0,3.35,2.23,10.5,2.68,7.59,37.78,4.24,38.0,3.35,37.5
489,1402716,La Liga,23/24,Real Madrid,Gonzalo García,Forward,6.6,0.0,0.13,0.0,4.29,4.29,0.0,0.0,0.0,0.0,0.0,0.0,0.0,0.0,0.0,0.0,0.0,0.0,0.0,0.0,0.0,0.0,0.0,0.0,0.0,0.0,0.0,0,4.29,0.0,0.0,0.0,0.0,0.0,0.0,0.0,0.0,0.0,30.0,17.14,12.86,57.14,4.29,12.86,4.29,0.0,0.0,0.0,0.0,2,0,21,0.0,0.0,0.0,4.29,17.14,0.0,4.29,33.33,4.29,33.33,0.0,0.0
490,52125,La Liga,23/24,Granada,Alberto Perea,Forward,6.6,0.0,0.0,0.0,0.0,0.0,0.0,0.0,0.0,0.0,0.0,0.0,0.0,0.0,0.0,0.0,0.0,0.0,0.0,0.0,0.0,0.0,0.0,0.0,0.0,0.0,0.0,0,20.0,0.0,0.0,0.0,0.0,0.0,0.0,0.0,0.0,10.0,60.0,60.0,0.0,100.0,30.0,30.0,30.0,0.0,0.0,0.0,0.0,2,0,9,0.0,0.0,0.0,20.0,10.0,0.0,20.0,50.0,20.0,50.0,0.0,0.0
491,813523,La Liga,23/24,Girona FC,Toni Villa,Midfielder,6.6,0.0,0.08,0.0,3.75,3.75,0.0,0.0,0.0,0.0,0.0,0.0,0.0,0.0,0.0,0.0,0.0,0.0,0.0,0.0,0.0,0.0,0.0,0.0,0.0,0.0,0.0,0,0.0,0.0,0.0,0.0,0.0,0.0,0.0,0.0,0.0,0.0,30.0,26.25,3.75,87.5,7.5,18.75,11.25,0.0,0.0,0.0,0.0,2,0,24,0.0,0.0,0.0,3.75,15.0,0.0,3.75,50.0,3.75,50.0,0.0,0.0
492,936234,La Liga,23/24,Real Betis,Juan Cruz,Midfielder,6.6,0.0,0.08,0.0,2.34,0.0,2.34,0.0,4.68,57.14,0.0,0.0,0.0,0.0,0.0,0.0,0.0,0.0,0.0,0.0,0.0,0.0,0.0,0.0,0.0,0.0,0.0,0,1.17,0.0,0.0,0.0,0.0,0.0,0.0,0.0,0.0,1.17,23.38,17.53,5.84,75.0,4.68,12.86,9.35,0.0,0.0,0.0,0.0,5,0,77,0.0,0.0,2.34,2.34,12.86,0.0,8.18,53.85,7.01,54.55,1.17,50.0
493,608370,La Liga,23/24,Rayo Vallecano,José Pozo,Midfielder,6.6,0.0,0.0,0.0,0.0,0.0,0.0,0.0,0.0,0.0,0.0,0.0,0.0,0.0,0.0,0.0,0.0,0.0,0.0,0.0,0.0,0.0,0.0,0.0,5.29,0.0,0.0,0,0.0,0.0,0.0,0.0,0.0,0.0,0.0,0.0,0.0,0.0,58.24,58.24,0.0,100.0,31.76,26.47,15.88,0.0,0.0,0.0,0.0,2,0,17,0.0,0.0,5.29,5.29,21.18,0.0,10.59,50.0,10.59,66.67,0.0,0.0
494,1513673,La Liga,23/24,Girona FC,Selvi Clúa,Midfielder,6.6,0.0,0.0,0.0,0.0,0.0,0.0,0.0,0.0,0.0,0.0,0.0,0.0,0.0,0.0,0.0,0.0,0.0,0.0,0.0,0.0,0.0,0.0,0.0,22.5,0.0,0.0,0,0.0,0.0,0.0,0.0,0.0,0.0,0.0,0.0,0.0,0.0,56.25,56.25,0.0,100.0,45.0,11.25,11.25,0.0,0.0,0.0,0.0,1,0,8,0.0,0.0,11.25,0.0,22.5,0.0,22.5,66.67,22.5,66.67,0.0,0.0
495,141997,La Liga,23/24,Cádiz,José Mari,Midfielder,6.6,0.0,0.0,0.0,0.0,0.0,0.0,0.0,0.0,0.0,0.0,0.0,0.0,0.0,0.0,0.0,0.0,0.0,0.0,0.0,0.0,0.0,0.0,0.0,6.67,0.0,0.0,0,3.33,0.0,0.0,0.0,0.0,0.0,0.0,0.0,0.0,6.67,66.67,53.33,13.33,80.0,26.67,26.67,20.0,0.0,0.0,6.67,50.0,3,0,27,3.33,0.0,3.33,3.33,16.67,0.0,10.0,75.0,10.0,75.0,0.0,0.0
496,845168,La Liga,23/24,Mallorca,Amath Ndiaye,Midfielder,6.6,0.0,0.34,0.44,2.65,0.66,0.88,0.0,1.76,34.78,0.0,0.0,0.0,0.0,0.0,0.0,0.88,0.22,0.0,0.0,0.0,0.0,0.0,0.0,1.99,0.66,1.1,0,1.76,0.0,0.0,0.0,0.0,0.0,0.22,0.0,0.0,0.66,22.94,16.1,6.84,70.19,3.53,13.01,7.06,0.44,28.57,1.1,71.43,15,3,408,0.44,0.0,2.21,1.54,18.09,1.76,6.62,39.47,5.29,36.92,1.32,54.55
497,1031566,La Liga,23/24,Girona FC,Ibrahima Kébé,Midfielder,6.6,0.0,0.0,0.0,0.0,0.0,0.0,0.0,0.0,0.0,0.0,0.0,0.0,0.0,0.0,0.0,0.0,0.0,0.0,0.0,0.0,0.0,0.0,0.0,3.75,3.75,0.0,0,0.0,0.0,0.0,0.0,0.0,0.0,0.0,0.0,0.0,0.0,30.0,18.75,11.25,62.5,11.25,7.5,7.5,0.0,0.0,0.0,0.0,2,0,24,3.75,0.0,3.75,7.5,18.75,7.5,22.5,54.55,11.25,50.0,11.25,60.0
498,1513452,La Liga,23/24,Las Palmas,Iñaki González,Midfielder,6.6,0.0,0.0,0.0,0.0,0.0,0.0,0.0,0.0,0.0,0.0,0.0,0.0,0.0,0.0,0.0,0.0,0.0,0.0,0.0,0.0,0.0,0.0,0.0,10.0,0.0,10.0,0,0.0,0.0,0.0,0.0,0.0,0.0,0.0,0.0,0.0,0.0,40.0,40.0,0.0,100.0,30.0,10.0,10.0,0.0,0.0,0.0,0.0,1,0,9,0.0,0.0,0.0,0.0,0.0,0.0,10.0,100.0,10.0,100.0,0.0,0.0
499,108736,La Liga,23/24,Getafe,Stefan Mitrović,Defender,6.6,0.13,0.01,0.0,0.13,0.13,0.0,100.0,0.25,66.67,0.13,0.0,0.13,0.0,0.0,0.0,0.0,0.0,0.0,0.0,0.0,0.0,0.0,0.0,1.15,0.76,3.06,0,0.51,0.0,0.0,0.13,0.0,0.25,0.13,0.0,0.0,0.25,32.0,24.35,7.65,76.1,16.32,8.03,2.68,0.0,0.0,3.19,43.86,11,9,706,0.38,0.0,1.66,0.25,8.16,0.0,3.06,39.34,1.53,41.38,1.53,37.5
500,1466116,La Liga,23/24,Real Sociedad,Jon Martin,Defender,6.6,0.0,0.0,0.0,0.0,0.0,0.0,0.0,0.0,0.0,0.0,0.0,0.0,0.0,0.0,0.0,0.0,0.0,0.0,0.0,0.0,0.0,0.0,0.0,0.0,0.0,11.74,0,0.0,0.0,0.0,0.0,0.0,0.0,0.0,0.0,0.0,0.0,27.39,19.57,7.83,71.43,15.65,3.91,0.0,0.0,0.0,3.91,33.33,1,0,23,0.0,0.0,0.0,0.0,7.83,0.0,3.91,100.0,0.0,0.0,3.91,100.0
501,913455,La Liga,23/24,Almería,Chumi,Defender,6.6,0.0,0.04,0.04,0.18,0.04,0.11,0.0,0.18,83.33,0.0,0.0,0.0,0.0,0.0,0.0,0.0,0.0,0.0,0.0,0.0,0.0,0.0,0.0,1.26,0.52,3.91,0,0.37,0.07,0.04,0.04,0.0,0.07,0.11,0.04,0.0,0.15,43.43,37.63,5.8,86.65,27.03,10.64,2.66,0.04,50.0,1.62,35.48,31,26,2437,0.15,0.0,0.85,0.3,6.87,0.15,3.32,56.6,1.62,53.66,1.7,59.74
502,985726,La Liga,23/24,Deportivo Alavés,Victor Parada,Defender,6.6,0.0,0.0,0.0,0.0,0.0,0.0,0.0,0.0,0.0,0.0,0.0,0.0,0.0,0.0,0.0,0.0,0.0,0.0,0.0,0.0,0.0,0.0,0.0,10.0,0.0,0.0,0,0.0,0.0,0.0,0.0,0.0,0.0,0.0,0.0,0.0,0.0,0.0,0.0,0.0,0.0,0.0,0.0,0.0,0.0,0.0,0.0,0.0,2,0,9,0.0,0.0,0.0,0.0,10.0,0.0,10.0,100.0,10.0,100.0,0.0,0.0
503,944049,La Liga,23/24,Granada,Alberto Soro,Forward,6.6,0.0,0.0,0.0,0.0,0.0,0.0,0.0,0.0,0.0,0.0,0.0,0.0,0.0,0.0,0.0,0.0,0.0,0.0,0.0,0.0,0.0,0.0,0.0,0.0,0.0,0.0,0,0.0,0.0,0.0,0.0,0.0,0.0,0.0,0.0,0.0,5.29,15.88,15.88,0.0,100.0,0.0,15.88,10.59,0.0,0.0,0.0,0.0,1,0,17,0.0,0.0,0.0,5.29,5.29,0.0,5.29,50.0,5.29,100.0,0.0,0.0
504,1399702,La Liga,23/24,Osasuna,Asier Osambela,Defender,6.6,0.0,0.0,0.0,0.0,0.0,0.0,0.0,0.0,0.0,0.0,0.0,0.0,0.0,0.0,0.0,0.0,0.0,0.0,0.0,0.0,0.0,0.0,0.0,20.0,0.0,0.0,0,0.0,0.0,0.0,0.0,0.0,0.0,0.0,0.0,0.0,0.0,50.0,20.0,30.0,40.0,0.0,20.0,20.0,0.0,0.0,0.0,0.0,1,0,9,0.0,0.0,10.0,0.0,50.0,10.0,40.0,50.0,20.0,50.0,20.0,50.0
505,996928,La Liga,23/24,Valencia,César Tárrega,Defender,6.6,0.0,0.0,0.0,0.0,0.0,0.0,0.0,0.0,0.0,0.0,0.0,0.0,0.0,0.0,0.0,0.0,0.0,0.0,0.0,0.0,0.0,0.0,0.0,0.0,0.0,13.85,0,0.0,0.0,0.0,0.0,0.0,0.0,0.0,0.0,0.0,0.0,34.62,34.62,0.0,100.0,34.62,0.0,0.0,0.0,0.0,0.0,0.0,1,0,13,0.0,0.0,0.0,0.0,0.0,0.0,0.0,0.0,0.0,0.0,0.0,0.0
506,1145100,La Liga,23/24,Celta Vigo,Yoel Lago,Defender,6.6,0.0,0.0,0.0,0.0,0.0,0.0,0.0,0.0,0.0,0.0,0.0,0.0,0.0,0.0,0.0,0.0,0.0,0.0,0.0,0.0,0.0,0.0,0.0,2.0,0.0,2.0,0,0.0,0.0,0.0,0.0,0.0,0.0,0.0,0.0,0.0,0.0,86.0,82.0,4.0,95.35,67.0,15.0,0.0,0.0,0.0,1.0,100.0,1,1,90,0.0,0.0,1.0,2.0,4.0,0.0,4.0,80.0,4.0,80.0,0.0,0.0
507,1390614,La Liga,23/24,Getafe,Gorka Rivera,Defender,6.6,0.0,0.0,0.0,0.0,0.0,0.0,0.0,0.0,0.0,0.0,0.0,0.0,0.0,0.0,0.0,0.0,0.0,0.0,0.0,0.0,0.0,0.0,0.0,0.0,0.0,0.0,0,0.0,0.0,0.0,0.0,0.0,0.0,0.0,0.0,0.0,0.0,40.91,32.73,8.18,80.0,8.18,24.55,16.36,0.0,0.0,8.18,100.0,1,0,11,0.0,0.0,0.0,0.0,16.36,0.0,0.0,0.0,0.0,0.0,0.0,0.0
508,1134758,La Liga,23/24,Granada,Raúl Torrente,Defender,6.59,0.0,0.01,0.0,0.22,0.0,0.22,0.0,0.0,0.0,0.0,0.0,0.0,0.0,0.0,0.0,0.07,0.0,0.0,0.0,0.0,0.0,0.0,0.0,2.08,0.79,4.67,0,0.36,0.07,0.07,0.07,0.07,0.0,0.07,0.0,0.0,0.22,54.56,43.35,11.21,79.45,34.5,8.84,2.95,0.0,0.0,4.1,34.34,17,14,1252,0.29,0.0,1.29,0.58,11.65,0.07,4.24,59.6,2.66,59.68,1.58,59.46
509,1100957,La Liga,23/24,Almería,Marko Milovanović,Forward,6.59,0.28,0.44,0.57,1.42,0.28,1.14,20.0,0.28,33.33,0.28,0.0,0.28,0.0,0.0,0.28,1.14,0.0,0.0,0.0,0.0,0.0,0.0,0.0,1.14,0.0,0.85,0,0.57,0.0,0.0,0.0,0.0,0.0,0.0,0.0,0.0,0.57,19.08,12.25,6.84,64.18,5.98,6.27,5.13,0.0,0.0,0.0,0.0,11,2,316,0.0,0.0,4.27,1.71,10.54,1.14,6.84,35.29,2.85,32.26,3.99,37.84
510,21949,La Liga,23/24,Rayo Vallecano,Óscar Trejo,Midfielder,6.58,0.0,0.06,0.0,1.17,0.19,0.52,0.0,2.14,43.42,0.0,0.0,0.0,0.0,0.0,0.06,0.19,0.06,0.0,0.0,0.0,0.0,0.0,0.0,1.75,0.32,0.58,0,0.52,0.0,0.0,0.0,0.0,0.0,0.06,0.0,0.0,1.49,48.47,41.14,7.33,84.87,10.77,30.69,18.17,0.32,21.74,0.97,50.0,31,19,1387,0.26,0.06,2.6,2.6,18.56,3.89,7.4,40.28,6.49,40.16,0.91,41.18
511,1015240,La Liga,23/24,Getafe,José Ángel Carmona,Defender,6.58,0.07,0.06,0.0,0.81,0.2,0.13,8.33,0.61,34.62,0.07,0.0,0.07,0.0,0.0,0.0,0.2,0.0,0.0,0.0,0.0,0.0,0.0,0.0,2.02,1.42,1.48,0,1.28,0.0,0.0,0.0,0.0,0.07,0.07,0.07,0.0,0.67,31.42,24.0,7.42,76.39,10.92,13.55,5.53,0.47,24.14,1.42,46.67,30,15,1335,0.61,0.0,2.22,1.55,14.56,0.94,5.39,43.72,4.18,43.36,1.21,45.0
512,795257,La Liga,23/24,Celta Vigo,Kevin Vázquez,Defender,6.58,0.0,0.0,0.0,0.25,0.12,0.12,0.0,0.37,42.86,0.0,0.0,0.0,0.0,0.0,0.0,0.0,0.0,0.0,0.0,0.0,0.0,0.0,0.0,1.86,0.62,2.61,0,1.12,0.0,0.0,0.12,0.0,0.12,0.0,0.0,0.0,0.37,38.66,28.96,9.7,74.92,15.41,13.92,5.22,0.37,37.5,1.37,39.29,12,10,724,0.37,0.0,1.37,1.24,12.8,0.12,4.72,53.52,3.48,52.83,1.24,55.56
513,353250,La Liga,23/24,Real Sociedad,Álvaro Odriozola,Defender,6.58,0.0,0.0,0.0,0.0,0.0,0.0,0.0,0.45,28.57,0.0,0.0,0.0,0.0,0.0,0.0,0.23,0.0,0.0,0.0,0.0,0.0,0.0,0.0,2.04,1.81,1.36,0,0.0,0.0,0.0,0.23,0.0,0.0,0.0,0.0,0.0,0.45,42.62,37.86,4.76,88.83,22.44,16.32,7.25,0.91,40.0,0.91,40.0,9,6,397,0.0,0.0,1.59,0.91,11.11,0.91,3.63,41.03,3.4,50.0,0.23,11.11
514,996929,La Liga,23/24,Valencia,Jesús Vázquez,Defender,6.58,0.12,0.14,0.12,0.87,0.25,0.37,14.29,0.74,33.33,0.12,0.0,0.0,0.12,0.0,0.0,0.12,0.0,0.0,0.0,0.0,0.0,0.0,0.0,2.97,0.37,2.48,0,0.74,0.0,0.0,0.0,0.0,0.12,0.0,0.0,0.0,0.37,22.16,14.86,7.3,67.04,6.19,9.28,5.57,0.62,27.78,0.37,14.29,20,6,727,0.12,0.0,0.99,0.87,16.46,1.61,6.07,45.79,4.58,48.68,1.49,38.71
515,347450,La Liga,23/24,Cádiz,Joseba Zaldúa,Defender,6.58,0.0,0.0,0.0,0.12,0.0,0.12,0.0,0.25,50.0,0.0,0.0,0.0,0.0,0.0,0.0,0.25,0.0,0.0,0.0,0.0,0.0,0.0,0.0,2.5,0.25,2.12,0,1.0,0.0,0.0,0.0,0.12,0.0,0.25,0.0,0.0,0.62,23.25,16.38,6.88,70.43,7.5,10.0,3.88,1.12,52.94,0.75,25.0,13,9,720,0.38,0.0,1.75,0.5,10.12,0.38,4.5,52.94,3.25,50.0,1.25,62.5
516,813645,La Liga,23/24,Las Palmas,Álvaro Lemos,Defender,6.58,0.0,0.01,0.0,0.36,0.0,0.36,0.0,0.0,0.0,0.0,0.0,0.0,0.0,0.0,0.0,0.36,0.0,0.0,0.0,0.0,0.0,0.0,0.0,1.43,0.72,1.08,0,0.72,0.0,0.0,0.0,0.0,0.0,0.0,0.0,0.0,0.0,51.99,42.31,9.68,81.38,20.08,22.23,9.68,0.0,0.0,1.43,26.67,4,3,251,0.36,0.0,0.72,1.08,16.49,0.0,4.3,60.0,2.51,53.85,1.79,71.43
517,829296,La Liga,23/24,Valencia,Roman Yaremchuk,Forward,6.58,0.29,0.44,0.57,1.72,0.86,0.67,16.67,0.48,35.71,0.29,0.0,0.1,0.1,0.1,0.0,1.53,0.0,0.0,0.0,0.0,0.0,0.0,0.0,0.48,0.1,0.86,0,0.29,0.0,0.0,0.0,0.0,0.0,0.0,0.0,0.0,0.48,19.42,13.49,5.93,69.46,3.83,9.66,5.83,0.0,0.0,0.19,100.0,25,11,941,0.19,0.0,0.67,1.24,11.57,1.63,4.69,37.4,2.1,37.93,2.58,36.99
518,591132,La Liga,23/24,Osasuna,Kike Barja,Forward,6.58,0.0,0.06,0.57,1.15,0.57,0.29,0.0,3.15,57.89,0.0,0.0,0.0,0.0,0.0,0.0,0.29,0.0,0.0,0.0,0.0,0.0,0.0,0.0,1.72,0.57,0.57,0,1.43,0.0,0.0,0.0,0.0,0.0,0.29,0.0,0.0,1.43,25.8,22.36,3.44,86.67,5.16,18.34,9.17,1.15,17.39,0.86,50.0,16,3,314,0.86,0.0,2.29,1.15,18.63,2.01,6.88,42.86,6.02,43.75,0.86,37.5
519,99519,La Liga,23/24,Real Betis,Marc Bartra,Defender,6.57,0.0,0.08,0.0,1.2,0.0,0.4,0.0,0.8,100.0,0.0,0.0,0.0,0.0,0.0,0.0,0.0,0.0,0.0,0.0,0.0,0.0,0.0,0.0,1.6,1.2,4.0,0,0.4,0.0,0.0,0.0,0.0,0.0,0.0,0.0,0.0,0.0,46.4,40.4,6.0,87.07,30.8,9.6,2.8,0.0,0.0,2.8,50.0,3,3,225,0.4,0.0,1.6,0.4,8.0,0.8,4.4,50.0,2.8,50.0,1.6,50.0
520,352486,La Liga,23/24,Cádiz,Iván Alejo,Defender,6.57,0.0,0.03,0.05,0.58,0.11,0.37,0.0,1.26,43.64,0.0,0.0,0.0,0.0,0.0,0.0,0.47,0.0,0.0,0.0,0.0,0.0,0.0,0.0,2.1,0.37,0.79,0,2.1,0.0,0.0,0.05,0.0,0.05,0.21,0.11,0.0,0.84,15.97,10.25,5.73,64.14,3.47,8.35,3.84,1.58,19.87,0.79,36.59,30,21,1713,0.89,0.0,2.57,2.57,18.49,1.47,6.73,43.69,5.94,43.46,0.79,45.45
521,385888,La Liga,23/24,Getafe,Mauro Arambarri,Midfielder,6.57,0.0,0.14,0.0,2.4,0.53,1.6,0.0,0.53,33.33,0.0,0.0,0.0,0.0,0.0,0.0,0.0,0.0,0.0,0.0,0.0,0.0,0.0,0.0,1.6,0.53,1.87,0,1.34,0.0,0.0,0.0,0.0,0.27,0.0,0.0,0.0,0.53,36.05,29.64,6.41,82.22,10.42,19.76,8.55,0.53,33.33,3.74,66.67,7,3,337,0.53,0.0,4.81,0.8,11.22,1.34,4.27,29.09,2.94,26.19,1.34,38.46
522,4581,La Liga,23/24,Athletic Club,Raúl García,Midfielder,6.57,0.21,0.19,0.0,2.09,0.21,1.04,10.0,0.42,40.0,0.21,0.0,0.21,0.0,0.0,0.21,1.04,0.0,0.0,0.0,0.0,0.0,0.0,0.0,1.88,0.63,1.88,0,1.04,0.0,0.0,0.21,0.0,0.0,0.0,0.0,0.0,0.0,26.94,16.5,10.44,61.24,4.39,12.11,8.14,0.0,0.0,1.04,50.0,20,1,431,0.84,0.0,4.18,2.09,16.5,1.04,10.02,48.48,4.39,41.18,5.64,56.25
523,99516,La Liga,23/24,Osasuna,Aitor Fernández,Goalkeeper,6.56,0.0,0.0,0.0,0.0,0.0,0.0,0.0,0.0,0.0,0.0,0.0,0.0,0.0,0.0,0.0,0.0,0.0,0.0,0.0,0.0,0.0,0.0,0.0,0.0,0.0,0.82,0,0.16,0.16,0.0,0.0,0.0,0.0,0.0,0.0,0.0,0.0,28.96,17.67,11.29,61.02,11.29,6.38,2.13,0.0,0.0,9.0,44.72,7,6,550,0.33,0.0,0.0,0.0,11.62,0.0,0.0,0.0,0.0,0.0,0.0,0.0
524,1010513,La Liga,23/24,Getafe,Jordi Martín,Midfielder,6.56,0.0,0.2,0.47,1.1,0.47,0.31,0.0,1.1,41.18,0.0,0.0,0.0,0.0,0.0,0.16,0.16,0.0,0.0,0.0,0.0,0.0,0.0,0.0,2.51,1.25,0.94,0,1.25,0.0,0.0,0.16,0.0,0.0,0.16,0.0,0.0,1.1,33.08,22.42,10.66,67.77,6.74,15.84,6.43,0.16,4.55,0.63,19.05,13,5,574,0.16,0.0,2.98,0.94,19.6,1.41,6.27,37.74,4.55,39.19,1.72,34.38
525,873630,La Liga,23/24,Almería,Ibrahima Kone,Forward,6.56,0.0,0.13,0.61,1.22,0.61,0.61,0.0,0.31,33.33,0.0,0.0,0.0,0.0,0.0,0.0,1.83,0.0,0.0,0.0,0.0,0.0,0.0,0.0,0.31,0.0,1.22,0,0.0,0.0,0.0,0.0,0.0,0.0,0.0,0.0,0.0,0.61,15.86,10.98,4.88,69.23,3.36,7.63,4.27,0.0,0.0,0.0,0.0,9,2,295,0.0,0.0,0.92,1.22,8.54,0.31,4.58,48.39,1.83,50.0,2.75,47.37
526,330675,La Liga,23/24,Osasuna,Unai García,Defender,6.56,0.16,0.02,0.0,0.32,0.16,0.16,50.0,0.0,0.0,0.16,0.0,0.0,0.0,0.16,0.0,0.0,0.0,0.0,0.0,0.0,0.0,0.0,0.0,1.93,1.29,2.9,0,0.81,0.0,0.0,0.0,0.0,0.0,0.0,0.0,0.0,0.16,31.23,25.12,6.12,80.41,18.03,7.08,1.93,0.0,0.0,3.06,41.3,9,6,559,0.64,0.16,1.45,0.16,8.21,0.48,2.74,40.48,2.09,41.94,0.64,36.36
527,1002556,La Liga,23/24,Almería,Lázaro,Forward,6.56,0.0,0.29,0.99,2.63,1.31,0.66,0.0,1.64,33.33,0.0,0.0,0.0,0.0,0.0,0.33,0.66,0.0,0.0,0.0,0.0,0.0,0.0,0.0,1.31,0.33,0.33,0,1.97,0.0,0.0,0.0,0.0,0.0,0.33,0.0,0.0,1.97,27.59,21.35,6.24,77.38,5.58,16.09,7.23,0.33,8.33,1.64,100.0,14,2,274,0.0,0.0,0.99,2.3,18.72,1.64,6.57,36.36,5.26,40.0,1.31,26.67
528,793761,La Liga,23/24,Deportivo Alavés,Mamadou Sylla,Forward,6.55,0.0,0.0,0.0,0.0,0.0,0.0,0.0,0.0,0.0,0.0,0.0,0.0,0.0,0.0,0.0,0.0,0.0,0.0,0.0,0.0,0.0,0.0,0.0,0.0,0.0,3.46,0,0.0,0.0,0.0,0.0,0.0,0.0,0.0,0.0,0.0,0.0,24.23,10.38,13.85,42.86,3.46,6.92,6.92,0.0,0.0,0.0,0.0,2,0,26,0.0,0.0,3.46,6.92,24.23,3.46,17.31,45.45,6.92,40.0,10.38,50.0
529,115665,La Liga,23/24,Real Betis,Cédric Bakambu,Forward,6.55,0.0,0.2,0.46,1.85,0.46,0.92,0.0,0.46,33.33,0.0,0.0,0.0,0.0,0.0,0.0,1.38,0.0,0.0,0.0,0.0,0.0,0.0,0.0,0.46,0.0,0.0,0,0.0,0.0,0.0,0.0,0.0,0.0,0.46,0.0,0.0,1.38,18.0,12.0,6.0,66.67,3.69,8.31,5.08,0.0,0.0,0.0,0.0,4,2,195,0.46,0.0,1.85,1.38,13.85,1.85,3.69,32.0,2.31,33.33,1.38,30.0
530,1105331,La Liga,23/24,Almería,Kaiky,Defender,6.55,0.17,0.04,0.0,0.51,0.17,0.17,33.33,0.51,75.0,0.17,0.0,0.0,0.0,0.17,0.0,0.0,0.0,0.0,0.0,0.0,0.0,0.0,0.0,1.19,0.51,4.94,0,0.51,0.0,0.17,0.17,0.0,0.0,0.0,0.0,0.0,0.17,44.49,36.82,7.67,82.76,25.4,11.42,3.41,0.0,0.0,3.24,45.24,8,5,528,0.34,0.0,1.19,0.0,8.18,0.0,3.58,50.0,1.7,50.0,1.88,50.0
531,188365,La Liga,23/24,Real Betis,Héctor Bellerín,Defender,6.55,0.0,0.01,0.05,0.11,0.0,0.11,0.0,0.89,36.17,0.0,0.0,0.0,0.0,0.0,0.0,0.05,0.0,0.0,0.0,0.0,0.0,0.0,0.0,1.79,1.16,1.84,0,1.73,0.0,0.05,0.0,0.05,0.42,0.11,0.05,0.0,0.79,40.33,32.24,8.09,79.95,15.28,17.17,8.77,0.21,10.0,1.31,42.37,23,20,1714,0.0,0.05,1.1,0.53,15.65,0.89,4.04,36.49,3.2,37.65,0.84,32.65
532,965031,La Liga,23/24,Rayo Vallecano,Andrei Rațiu,Defender,6.54,0.0,0.04,0.0,0.84,0.14,0.28,0.0,1.83,48.15,0.0,0.0,0.0,0.0,0.0,0.0,0.0,0.0,0.0,0.0,0.0,0.0,0.0,0.0,1.69,0.0,1.41,0,0.98,0.0,0.0,0.0,0.0,0.14,0.14,0.0,0.0,0.84,33.61,27.0,6.61,80.33,14.62,13.08,6.89,0.7,27.78,0.98,38.89,12,6,640,0.14,0.0,0.28,0.56,14.91,0.98,4.92,48.61,4.08,49.15,0.84,46.15
533,914212,La Liga,23/24,Deportivo Alavés,Miguel de la Fuente,Forward,6.53,0.0,0.1,0.0,2.12,1.06,1.06,0.0,0.0,0.0,0.0,0.0,0.0,0.0,0.0,0.0,0.0,0.0,0.0,0.0,0.0,0.0,0.0,0.0,0.0,0.0,0.0,0,0.0,0.0,0.0,0.0,0.0,0.0,0.0,0.0,0.0,0.0,15.88,7.41,8.47,46.67,4.24,3.18,2.12,0.0,0.0,0.0,0.0,3,1,85,0.0,0.0,2.12,3.18,14.82,4.24,4.24,33.33,3.18,33.33,1.06,33.33
534,316406,La Liga,23/24,Granada,Antonio Puertas,Midfielder,6.53,0.0,0.37,0.58,2.2,0.58,1.04,0.0,1.74,50.0,0.0,0.0,0.0,0.0,0.0,0.12,0.69,0.12,0.23,0.0,0.0,0.0,0.0,0.0,1.39,0.69,0.46,0,1.04,0.0,0.0,0.0,0.0,0.0,0.0,0.23,0.0,1.16,21.43,16.68,4.75,77.84,6.83,10.19,6.14,0.35,15.0,0.81,77.78,27,6,777,0.35,0.12,2.43,1.39,12.74,1.27,6.02,39.69,4.52,41.49,1.51,35.14
535,1108451,La Liga,23/24,Celta Vigo,Tadeo Allende,Midfielder,6.53,0.27,0.39,0.55,2.18,0.55,1.09,12.5,0.82,42.86,0.27,0.0,0.0,0.0,0.27,0.0,0.82,0.0,0.0,0.0,0.0,0.0,0.0,0.0,1.64,0.82,0.82,0,0.55,0.0,0.0,0.0,0.0,0.0,0.27,0.0,0.0,0.55,24.0,15.82,8.18,65.91,7.09,9.27,4.91,0.55,20.0,1.09,66.67,10,2,330,0.27,0.0,0.55,0.82,16.36,2.18,4.64,45.95,3.27,42.86,1.36,55.56
536,1106573,La Liga,23/24,Girona FC,Jhon Solís,Midfielder,6.53,0.0,0.23,0.66,1.97,0.66,0.87,0.0,1.31,50.0,0.0,0.0,0.0,0.0,0.0,0.0,0.0,0.0,0.0,0.0,0.0,0.0,0.0,0.0,2.18,1.75,1.09,0,1.75,0.22,0.0,0.0,0.0,0.0,0.22,0.0,0.0,0.66,48.93,41.5,7.43,84.82,18.57,22.94,10.7,0.0,0.0,0.22,50.0,18,2,412,0.0,0.0,2.18,1.09,13.54,2.4,5.9,36.49,4.59,37.5,1.31,33.33
537,1064009,La Liga,23/24,Real Sociedad,Urko González,Midfielder,6.52,0.0,0.05,0.0,1.13,0.0,0.57,0.0,0.57,50.0,0.0,0.0,0.0,0.0,0.0,0.0,0.0,0.0,0.0,0.0,0.0,0.0,0.0,0.0,2.26,0.57,3.4,0,0.0,0.0,0.0,0.0,0.0,0.0,0.0,0.0,0.0,0.0,50.38,40.19,10.19,79.78,20.38,19.81,7.36,0.0,0.0,1.13,22.22,5,2,159,0.57,0.0,0.57,1.13,13.58,1.7,6.79,57.14,3.96,58.33,2.83,55.56
538,869131,La Liga,23/24,Las Palmas,Sory Kaba,Forward,6.52,0.12,0.18,0.48,1.56,0.12,0.84,7.69,1.32,50.0,0.12,0.0,0.0,0.0,0.12,0.0,1.08,0.0,0.0,0.0,0.0,0.0,0.0,0.0,0.24,0.0,1.08,0,0.6,0.0,0.0,0.0,0.0,0.0,0.0,0.12,0.0,0.72,18.89,13.24,5.66,70.06,4.69,8.54,5.29,0.0,0.0,0.72,75.0,17,9,748,0.24,0.0,1.93,1.8,14.8,1.68,7.1,42.45,3.25,38.57,3.85,46.38
539,790817,La Liga,23/24,Granada,Shon Weissman,Forward,6.52,0.0,0.04,0.0,1.0,0.0,1.0,0.0,1.0,50.0,0.0,0.0,0.0,0.0,0.0,0.0,0.0,0.0,0.0,0.0,0.0,0.0,0.0,0.0,1.0,0.0,1.0,0,3.0,0.0,0.0,0.0,0.0,0.0,0.0,0.0,0.0,0.0,12.0,9.0,3.0,75.0,4.0,6.0,2.0,1.0,100.0,0.0,0.0,5,0,90,0.0,0.0,1.0,1.0,7.0,0.0,4.0,28.57,3.0,37.5,1.0,16.67
540,867583,La Liga,23/24,Villarreal,Ben Brereton Díaz,Midfielder,6.52,0.0,0.06,0.0,1.48,0.3,0.59,0.0,0.59,20.0,0.0,0.0,0.0,0.0,0.0,0.0,0.59,0.0,0.0,0.0,0.0,0.0,0.0,0.0,0.59,0.0,0.0,0,0.59,0.0,0.0,0.0,0.0,0.0,0.0,0.0,0.0,0.59,20.36,15.93,4.43,78.26,4.13,11.8,8.26,0.0,0.0,0.59,100.0,14,2,305,0.59,0.0,1.48,1.18,10.92,1.48,2.66,29.03,2.36,28.57,0.3,33.33
541,1149127,La Liga,23/24,Atlético Madrid,Arthur Vermeeren,Midfielder,6.52,0.0,0.0,0.0,0.0,0.0,0.0,0.0,0.0,0.0,0.0,0.0,0.0,0.0,0.0,0.0,0.0,0.0,0.0,0.0,0.0,0.0,0.0,0.0,0.57,3.4,1.13,0,0.57,0.0,0.0,0.0,0.0,0.0,0.0,0.0,0.0,1.13,50.38,42.45,7.92,84.27,22.08,20.38,8.49,0.0,0.0,0.0,0.0,5,2,159,1.13,0.0,3.96,0.57,14.15,1.13,1.7,15.79,1.13,16.67,0.57,14.29
542,1003007,La Liga,23/24,Sevilla,Tanguy Nianzou,Defender,6.51,0.0,0.01,0.0,0.27,0.0,0.27,0.0,0.54,100.0,0.0,0.0,0.0,0.0,0.0,0.0,0.0,0.0,0.0,0.0,0.0,0.0,0.0,0.0,3.26,0.82,2.18,0,0.82,0.0,0.27,0.0,0.0,0.0,0.0,0.0,0.0,0.0,41.06,36.44,4.62,88.74,21.75,14.68,5.44,0.0,0.0,1.36,55.56,8,3,331,0.82,0.0,1.63,1.09,6.53,0.54,5.98,57.89,4.89,62.07,1.09,44.44
543,1142596,La Liga,23/24,Atlético Madrid,Salim El Jebari,Forward,6.5,0.0,0.0,0.0,0.0,0.0,0.0,0.0,0.0,0.0,0.0,0.0,0.0,0.0,0.0,0.0,0.0,0.0,0.0,0.0,0.0,0.0,0.0,0.0,7.5,0.0,7.5,0,0.0,0.0,0.0,0.0,0.0,0.0,0.0,0.0,0.0,0.0,22.5,22.5,0.0,100.0,0.0,22.5,15.0,0.0,0.0,0.0,0.0,1,0,12,0.0,0.0,7.5,0.0,22.5,7.5,7.5,20.0,7.5,33.33,0.0,0.0
544,1594156,La Liga,23/24,Getafe,Jeremy Jorge,Forward,6.5,0.0,0.0,0.0,0.0,0.0,0.0,0.0,0.0,0.0,0.0,0.0,0.0,0.0,0.0,0.0,9.0,0.0,0.0,0.0,0.0,0.0,0.0,0.0,0.0,0.0,0.0,0,0.0,0.0,0.0,0.0,0.0,0.0,0.0,0.0,0.0,0.0,0.0,0.0,0.0,0.0,0.0,0.0,0.0,0.0,0.0,0.0,0.0,1,0,10,0.0,0.0,0.0,0.0,0.0,0.0,0.0,0.0,0.0,0.0,0.0,0.0
545,1150391,La Liga,23/24,FC Barcelona,Vitor Roque,Forward,6.5,0.56,0.72,1.41,3.67,1.69,1.13,15.38,1.13,30.77,0.56,0.0,0.28,0.28,0.0,0.0,0.56,0.0,0.0,0.0,0.0,0.0,0.0,0.0,0.85,0.0,1.41,0,0.56,0.0,0.0,0.0,0.0,0.0,0.0,0.0,0.0,0.28,18.06,13.82,4.23,76.56,2.54,11.29,6.21,0.0,0.0,0.0,0.0,14,2,319,0.56,0.28,3.67,3.1,12.98,2.26,5.92,35.59,5.08,36.0,0.85,33.33
546,1561756,La Liga,23/24,Almería,Paco Sanz,Defender,6.5,0.0,0.0,0.0,0.0,0.0,0.0,0.0,0.0,0.0,0.0,0.0,0.0,0.0,0.0,0.0,0.0,0.0,0.0,0.0,0.0,0.0,0.0,0.0,0.0,0.0,15.65,0,3.91,0.0,0.0,0.0,0.0,0.0,0.0,0.0,0.0,0.0,39.13,27.39,11.74,70.0,19.57,7.83,0.0,0.0,0.0,3.91,33.33,1,0,23,0.0,0.0,0.0,0.0,15.65,0.0,3.91,50.0,0.0,0.0,3.91,100.0
547,1120373,La Liga,23/24,Deportivo Alavés,Eneko Ortiz,Defender,6.5,0.0,0.0,0.0,0.0,0.0,0.0,0.0,0.0,0.0,0.0,0.0,0.0,0.0,0.0,0.0,0.0,0.0,0.0,0.0,0.0,0.0,0.0,0.0,0.0,0.0,0.0,0,0.0,0.0,0.0,0.0,0.0,0.0,0.0,0.0,0.0,0.0,6.92,6.92,0.0,100.0,0.0,6.92,6.92,0.0,0.0,0.0,0.0,1,0,13,0.0,0.0,0.0,0.0,6.92,0.0,0.0,0.0,0.0,0.0,0.0,0.0
548,1099175,La Liga,23/24,Deportivo Alavés,Jon Karrikaburu,Forward,6.5,0.0,0.0,0.0,0.0,0.0,0.0,0.0,0.0,0.0,0.0,0.0,0.0,0.0,0.0,0.0,2.9,0.0,0.0,0.0,0.0,0.0,0.0,0.0,0.0,0.0,0.0,0,0.0,0.0,0.0,0.0,0.0,0.0,0.0,0.0,0.0,0.0,11.61,5.81,5.81,50.0,2.9,2.9,0.0,0.0,0.0,2.9,100.0,2,0,31,0.0,0.0,2.9,0.0,14.52,0.0,0.0,0.0,0.0,0.0,0.0,0.0
549,811493,La Liga,23/24,Rayo Vallecano,Salvi Sánchez,Forward,6.5,0.0,0.0,0.0,0.0,0.0,0.0,0.0,3.33,100.0,0.0,0.0,0.0,0.0,0.0,0.0,0.0,0.0,0.0,0.0,0.0,0.0,0.0,0.0,0.0,3.33,0.0,0,13.33,0.0,0.0,0.0,0.0,0.0,0.0,0.0,0.0,0.0,40.0,33.33,6.67,83.33,10.0,23.33,10.0,0.0,0.0,0.0,0.0,1,0,27,0.0,0.0,0.0,3.33,13.33,6.67,6.67,25.0,6.67,25.0,0.0,0.0
550,1393673,La Liga,23/24,Cádiz,Etta Eyong,Forward,6.5,0.0,0.0,0.0,0.0,0.0,0.0,0.0,0.0,0.0,0.0,0.0,0.0,0.0,0.0,0.0,4.5,0.0,0.0,0.0,0.0,0.0,0.0,0.0,4.5,0.0,0.0,0,0.0,0.0,0.0,0.0,0.0,0.0,0.0,0.0,0.0,0.0,9.0,9.0,0.0,100.0,4.5,4.5,4.5,0.0,0.0,0.0,0.0,1,0,20,0.0,0.0,4.5,0.0,4.5,0.0,4.5,33.33,4.5,50.0,0.0,0.0
551,94539,La Liga,23/24,Osasuna,Darko Brašanac,Midfielder,6.5,0.0,0.0,0.0,0.0,0.0,0.0,0.0,0.0,0.0,0.0,0.0,0.0,0.0,0.0,0.0,0.0,0.0,0.0,0.0,0.0,0.0,0.0,0.0,1.96,0.0,0.0,0,0.0,0.0,0.0,0.0,0.0,0.0,0.0,0.0,0.0,1.96,27.39,17.61,9.78,64.29,5.87,11.74,9.78,0.0,0.0,1.96,50.0,2,0,46,0.0,0.0,1.96,0.0,11.74,0.0,3.91,50.0,1.96,50.0,1.96,50.0
552,1605227,La Liga,23/24,Athletic Club,Aingeru Olabarrieta,Midfielder,6.5,0.0,0.11,0.0,11.25,0.0,0.0,0.0,0.0,0.0,0.0,0.0,0.0,0.0,0.0,0.0,0.0,0.0,0.0,0.0,0.0,0.0,0.0,0.0,0.0,0.0,0.0,0,0.0,0.0,0.0,0.0,0.0,0.0,0.0,0.0,0.0,0.0,33.75,22.5,11.25,66.67,0.0,22.5,11.25,0.0,0.0,0.0,0.0,1,0,8,0.0,0.0,0.0,0.0,33.75,0.0,0.0,0.0,0.0,0.0,0.0,0.0
553,1146225,La Liga,23/24,Villarreal,Stefan Leković,Defender,6.5,0.0,0.0,0.0,0.0,0.0,0.0,0.0,0.0,0.0,0.0,0.0,0.0,0.0,0.0,0.0,0.0,0.0,0.0,0.0,0.0,0.0,0.0,0.0,0.0,0.0,3.21,0,0.0,0.0,0.0,0.0,0.0,0.0,0.0,0.0,0.0,0.0,45.0,38.57,6.43,85.71,38.57,0.0,0.0,0.0,0.0,0.0,0.0,1,0,28,0.0,0.0,0.0,0.0,6.43,0.0,0.0,0.0,0.0,0.0,0.0,0.0
554,1495856,La Liga,23/24,Osasuna,Iñigo Arguibide,Defender,6.5,0.0,0.0,0.0,0.0,0.0,0.0,0.0,0.0,0.0,0.0,0.0,0.0,0.0,0.0,0.0,0.0,0.0,0.0,0.0,0.0,0.0,0.0,0.0,5.62,0.0,5.62,0,0.0,0.0,0.0,0.0,0.0,0.0,0.0,0.0,0.0,0.0,16.88,0.0,16.88,0.0,0.0,0.0,0.0,0.0,0.0,0.0,0.0,1,0,16,0.0,0.0,5.62,0.0,22.5,0.0,11.25,66.67,5.62,100.0,5.62,50.0
555,1008259,La Liga,23/24,Celta Vigo,Javier Rueda,Defender,6.5,0.0,0.0,0.0,0.0,0.0,0.0,0.0,0.0,0.0,0.0,0.0,0.0,0.0,0.0,0.0,0.0,0.0,0.0,0.0,0.0,0.0,0.0,0.0,0.0,0.0,0.0,0,0.0,0.0,0.0,0.0,0.0,0.0,0.0,0.0,0.0,0.0,61.58,52.11,9.47,84.62,37.89,14.21,9.47,0.0,0.0,4.74,100.0,1,0,19,0.0,0.0,0.0,4.74,14.21,0.0,4.74,100.0,4.74,100.0,0.0,0.0
556,932764,La Liga,23/24,Rayo Vallecano,Randy Nteka,Forward,6.49,0.16,0.36,0.31,2.34,0.93,0.62,6.67,1.09,46.67,0.16,0.0,0.0,0.16,0.0,0.0,0.93,0.16,0.16,0.16,100.0,0.0,0.0,0.0,1.71,0.31,1.71,0,0.93,0.16,0.0,0.0,0.0,0.0,0.16,0.16,0.0,1.4,26.94,19.93,7.01,73.99,5.61,14.33,7.79,0.0,0.0,0.62,100.0,16,3,578,0.31,0.0,2.96,2.18,15.1,3.11,9.19,44.03,4.98,38.55,4.2,52.94
557,845119,La Liga,23/24,Almería,Houboulang Mendes,Defender,6.49,0.0,0.0,0.0,0.23,0.0,0.0,0.0,0.45,40.0,0.0,0.0,0.0,0.0,0.0,0.0,0.23,0.0,0.0,0.0,0.0,0.0,0.0,0.0,3.64,0.23,3.64,0,1.82,0.23,0.0,0.0,0.0,0.0,0.0,0.0,0.0,0.23,26.82,19.77,7.05,73.73,10.91,9.09,3.18,0.23,25.0,0.91,21.05,7,4,396,0.0,0.0,1.36,2.27,14.55,0.91,7.95,57.38,6.36,57.14,1.59,58.33
558,1014118,La Liga,23/24,Celta Vigo,Miguel Rodríguez,Midfielder,6.49,0.0,0.06,0.0,1.63,0.0,1.09,0.0,0.82,21.43,0.0,0.0,0.0,0.0,0.0,0.0,0.0,0.0,0.0,0.0,0.0,0.0,0.0,0.0,1.63,1.09,0.0,0,1.63,0.0,0.0,0.0,0.0,0.0,0.0,0.0,0.0,0.54,25.83,20.66,5.17,80.0,6.53,14.14,7.61,0.0,0.0,0.27,33.33,15,2,331,0.54,0.0,4.08,2.99,15.23,1.09,5.71,32.31,5.44,36.36,0.27,10.0
559,848080,La Liga,23/24,Almería,Pozo,Midfielder,6.49,0.0,0.04,0.09,0.36,0.27,0.09,0.0,0.09,7.69,0.0,0.0,0.0,0.0,0.0,0.0,0.0,0.0,0.0,0.0,0.0,0.0,0.0,0.0,1.72,0.64,1.45,0,0.73,0.0,0.0,0.0,0.0,0.09,0.0,0.0,0.0,1.18,40.74,31.3,9.44,76.84,14.79,17.51,8.35,1.0,26.83,2.0,34.38,21,9,992,0.27,0.0,1.45,0.54,17.15,0.36,2.81,39.24,2.36,40.0,0.45,35.71
560,1493213,La Liga,23/24,Almería,Marciano,Midfielder,6.48,0.0,0.04,0.0,1.34,0.0,0.0,0.0,0.0,0.0,0.0,0.0,0.0,0.0,0.0,0.0,0.0,0.0,0.0,0.0,0.0,0.0,0.0,0.0,0.0,0.0,0.0,0,0.0,0.0,0.0,0.0,0.0,0.0,0.0,0.0,0.0,1.34,30.9,18.81,12.09,60.87,5.37,13.43,2.69,0.0,0.0,0.0,0.0,6,0,67,0.0,0.0,0.0,0.0,16.12,1.34,5.37,44.44,0.0,0.0,5.37,50.0
561,1396048,La Liga,23/24,Villarreal,Carlos Romero,Defender,6.48,0.0,0.14,0.35,0.69,0.35,0.0,0.0,1.04,50.0,0.0,0.0,0.0,0.0,0.0,0.0,0.0,0.0,0.0,0.0,0.0,0.0,0.0,0.0,3.82,0.35,3.13,0,1.74,0.0,0.0,0.0,0.0,0.0,0.0,0.0,0.0,0.0,41.35,30.23,11.12,73.11,16.68,13.55,7.64,0.0,0.0,1.39,25.0,7,2,259,0.35,0.0,0.69,2.08,21.2,0.69,7.3,60.0,6.6,61.29,0.69,50.0
562,1116987,La Liga,23/24,Sevilla,Alejo Véliz,Forward,6.48,0.0,0.44,1.91,3.83,3.83,0.0,0.0,0.0,0.0,0.0,0.0,0.0,0.0,0.0,0.0,0.0,0.0,0.0,0.0,0.0,0.0,0.0,0.0,1.91,0.0,1.91,0,1.91,0.0,0.0,0.0,0.0,0.0,0.0,0.0,0.0,0.0,11.49,7.66,3.83,66.67,3.83,3.83,3.83,0.0,0.0,0.0,0.0,6,0,47,0.0,0.0,7.66,1.91,9.57,0.0,9.57,50.0,3.83,33.33,5.74,75.0
563,576276,La Liga,23/24,Getafe,Domingos Duarte,Defender,6.47,0.0,0.03,0.1,0.1,0.0,0.1,0.0,0.1,50.0,0.0,0.0,0.0,0.0,0.0,0.0,0.0,0.0,0.0,0.0,0.0,0.0,0.0,0.0,0.68,0.78,2.64,0,0.2,0.0,0.0,0.0,0.0,0.2,0.0,0.0,0.0,0.2,36.74,28.53,8.21,77.66,14.95,13.68,4.5,0.1,100.0,4.01,51.9,15,11,921,0.29,0.2,0.78,0.78,9.19,0.2,2.93,57.69,1.56,57.14,1.37,58.33
564,1063235,La Liga,23/24,Real Sociedad,Mohamed Ali Cho,Forward,6.47,0.0,0.14,0.73,1.09,0.0,1.09,0.0,2.55,43.75,0.0,0.0,0.0,0.0,0.0,0.0,1.09,0.0,0.0,0.0,0.0,0.0,0.0,0.0,1.46,0.36,0.0,0,1.82,0.0,0.0,0.0,0.0,0.36,0.0,0.0,0.0,0.36,20.04,13.48,6.56,67.27,6.19,7.65,3.64,0.36,9.09,0.0,0.0,11,1,247,0.0,0.0,1.82,2.19,18.58,0.73,7.29,43.48,5.83,44.44,1.46,40.0
565,377206,La Liga,23/24,Las Palmas,Daley Sinkgraven,Defender,6.46,0.0,0.0,0.0,0.0,0.0,0.0,0.0,0.0,0.0,0.0,0.0,0.0,0.0,0.0,0.0,0.0,0.0,0.0,0.0,0.0,0.0,0.0,0.0,2.63,1.43,1.19,0,1.43,0.0,0.0,0.24,0.0,0.0,0.0,0.0,0.0,0.0,56.34,49.18,7.16,87.29,24.59,24.59,9.31,0.0,0.0,1.19,45.45,10,6,377,0.0,0.24,0.95,1.19,11.22,0.48,5.01,56.76,3.82,51.61,1.19,83.33
566,856062,La Liga,23/24,Granada,Martin Hongla,Midfielder,6.45,0.0,0.03,0.16,0.47,0.16,0.16,0.0,0.0,0.0,0.0,0.0,0.0,0.0,0.0,0.0,0.0,0.0,0.0,0.0,0.0,0.0,0.0,0.0,1.11,0.95,2.06,0,0.95,0.16,0.0,0.0,0.0,0.0,0.0,0.0,0.0,0.0,43.97,37.17,6.8,84.53,24.99,12.18,5.54,0.0,0.0,3.16,52.63,13,6,569,0.0,0.0,1.11,0.16,9.02,0.0,1.74,28.21,1.27,33.33,0.47,20.0
567,1171451,La Liga,23/24,Real Madrid,Nico Paz,Midfielder,6.45,0.0,0.28,0.0,6.92,0.0,3.46,0.0,0.0,0.0,0.0,0.0,0.0,0.0,0.0,0.0,0.0,0.0,0.0,0.0,0.0,0.0,0.0,0.0,0.0,3.46,0.0,0,0.0,0.0,0.0,0.0,0.0,0.0,0.0,0.0,0.0,0.0,79.62,62.31,17.31,78.26,20.77,41.54,20.77,0.0,0.0,0.0,0.0,4,0,26,0.0,0.0,3.46,0.0,27.69,0.0,3.46,25.0,0.0,0.0,3.46,100.0
568,980732,La Liga,23/24,Villarreal,Adrià Altimira,Defender,6.45,0.0,0.0,0.0,0.12,0.0,0.12,0.0,1.27,73.33,0.0,0.0,0.0,0.0,0.0,0.0,0.0,0.0,0.0,0.0,0.0,0.0,0.0,0.0,1.85,0.58,1.62,0,1.73,0.0,0.0,0.12,0.0,0.0,0.0,0.0,0.0,0.23,46.21,38.59,7.63,83.5,20.33,18.49,6.7,0.23,40.0,1.96,54.84,11,10,779,0.35,0.0,1.39,0.46,10.86,0.58,3.81,44.0,3.58,46.97,0.23,22.22
569,910023,La Liga,23/24,Almería,Arnau Puigmal,Midfielder,6.44,0.0,0.0,0.0,0.0,0.0,0.0,0.0,0.66,33.33,0.0,0.0,0.0,0.0,0.0,0.0,0.0,0.0,0.0,0.0,0.0,0.0,0.0,0.0,0.66,1.0,0.66,0,0.66,0.0,0.0,0.33,0.0,0.0,0.0,0.0,0.0,1.0,24.58,18.93,5.65,77.03,7.31,12.62,6.31,1.0,21.43,1.0,37.5,11,3,271,1.0,0.0,2.32,1.33,13.95,0.66,2.99,33.33,2.66,34.78,0.33,25.0
570,1495844,La Liga,23/24,Athletic Club,Mikel Jauregizar,Midfielder,6.44,0.0,0.02,0.0,1.14,0.0,1.14,0.0,0.57,33.33,0.0,0.0,0.0,0.0,0.0,0.0,0.0,0.0,0.0,0.0,0.0,0.0,0.0,0.0,0.0,0.0,1.14,0,3.42,0.0,0.0,0.0,0.0,0.0,0.0,0.0,0.0,1.14,41.01,30.76,10.25,75.0,9.68,21.65,10.82,0.57,16.67,0.0,0.0,7,1,158,0.0,0.0,2.28,0.57,18.8,2.28,1.71,11.11,1.14,11.11,0.57,11.11
571,355048,La Liga,23/24,Granada,Jesús Vallejo,Defender,6.43,0.0,0.0,0.0,0.0,0.0,0.0,0.0,0.78,100.0,0.0,0.0,0.0,0.0,0.0,0.0,0.0,0.0,0.0,0.0,0.0,0.0,0.0,0.0,2.35,0.0,0.0,0,0.0,0.78,0.0,0.0,0.0,0.0,0.0,0.0,0.0,0.0,63.39,57.91,5.48,91.36,37.57,20.35,5.48,0.0,0.0,4.7,54.55,3,1,115,0.78,0.0,1.57,0.78,7.04,0.0,3.91,62.5,3.91,71.43,0.0,0.0
572,1830852,La Liga,23/24,Getafe,Yassin Tallal,Forward,6.4,0.0,0.0,0.0,0.0,0.0,0.0,0.0,0.0,0.0,0.0,0.0,0.0,0.0,0.0,0.0,0.0,0.0,0.0,0.0,0.0,0.0,0.0,0.0,0.0,0.0,0.0,0,0.0,0.0,0.0,0.0,0.0,0.0,0.0,0.0,0.0,0.0,22.5,0.0,22.5,0.0,0.0,0.0,0.0,0.0,0.0,0.0,0.0,1,0,8,0.0,0.0,11.25,0.0,33.75,0.0,11.25,33.33,0.0,0.0,11.25,50.0
573,1213236,La Liga,23/24,Atlético Madrid,Abde Raihani,Forward,6.4,0.0,0.0,0.0,0.0,0.0,0.0,0.0,0.0,0.0,0.0,0.0,0.0,0.0,0.0,0.0,0.0,0.0,0.0,0.0,0.0,0.0,0.0,0.0,0.0,0.0,0.0,0,10.0,0.0,0.0,0.0,0.0,0.0,0.0,0.0,0.0,0.0,0.0,0.0,0.0,0.0,0.0,0.0,0.0,0.0,0.0,0.0,0.0,1,0,9,0.0,0.0,0.0,10.0,10.0,0.0,10.0,50.0,10.0,50.0,0.0,0.0
574,360938,La Liga,23/24,Sevilla,Bono,Goalkeeper,6.4,0.0,0.0,0.0,0.0,0.0,0.0,0.0,0.0,0.0,0.0,0.0,0.0,0.0,0.0,0.0,0.0,0.0,0.0,0.0,0.0,0.0,0.0,0.0,0.0,0.0,0.0,0,0.0,0.0,0.0,0.0,0.0,0.0,0.0,0.0,0.0,0.0,27.0,16.0,11.0,59.26,11.0,5.0,1.0,0.0,0.0,7.0,38.89,1,1,90,0.0,0.0,0.0,0.0,11.0,0.0,0.0,0.0,0.0,0.0,0.0,0.0
575,1119693,La Liga,23/24,Deportivo Alavés,Tomás Mendes,Midfielder,6.4,0.0,0.0,0.0,0.0,0.0,0.0,0.0,0.0,0.0,0.0,0.0,0.0,0.0,0.0,0.0,0.0,0.0,0.0,0.0,0.0,0.0,0.0,0.0,0.0,0.0,0.0,0,0.0,0.0,0.0,0.0,0.0,0.0,0.0,0.0,0.0,0.0,45.0,30.0,15.0,66.67,22.5,7.5,0.0,0.0,0.0,0.0,0.0,1,0,12,0.0,0.0,0.0,0.0,22.5,7.5,0.0,0.0,0.0,0.0,0.0,0.0
576,1100596,La Liga,23/24,Osasuna,Xabi Huarte,Midfielder,6.4,0.0,0.0,0.0,0.0,0.0,0.0,0.0,0.0,0.0,0.0,0.0,0.0,0.0,0.0,0.0,0.0,0.0,0.0,0.0,0.0,0.0,0.0,0.0,0.0,0.0,0.0,0,0.0,0.0,0.0,0.0,0.0,0.0,0.0,0.0,0.0,0.0,22.5,22.5,0.0,100.0,11.25,11.25,0.0,0.0,0.0,0.0,0.0,1,0,8,0.0,0.0,0.0,0.0,11.25,11.25,0.0,0.0,0.0,0.0,0.0,0.0
577,941464,La Liga,23/24,Sevilla,Federico Gattoni,Defender,6.4,0.0,0.0,0.0,0.0,0.0,0.0,0.0,0.0,0.0,0.0,0.0,0.0,0.0,0.0,0.0,0.0,0.0,0.0,0.0,0.0,0.0,0.0,0.0,5.62,0.0,5.62,0,0.0,0.0,0.0,0.0,0.0,0.0,0.0,0.0,0.0,0.0,45.0,33.75,11.25,75.0,33.75,0.0,0.0,0.0,0.0,0.0,0.0,2,0,16,0.0,0.0,11.25,0.0,11.25,0.0,16.88,50.0,5.62,33.33,11.25,66.67
578,1170458,La Liga,23/24,Real Sociedad,Alberto Dadie,Defender,6.4,0.0,0.0,0.0,0.0,0.0,0.0,0.0,0.0,0.0,0.0,0.0,0.0,0.0,0.0,0.0,0.0,0.0,0.0,0.0,0.0,0.0,0.0,0.0,6.67,0.0,0.0,0,0.0,0.0,0.0,0.0,0.0,0.0,0.0,0.0,0.0,0.0,20.0,10.0,10.0,50.0,6.67,3.33,3.33,0.0,0.0,0.0,0.0,1,0,27,0.0,0.0,13.33,0.0,30.0,0.0,6.67,28.57,6.67,28.57,0.0,0.0
579,344205,La Liga,23/24,Granada,Wilson Manafá,Defender,6.4,0.0,0.0,0.0,0.37,0.0,0.37,0.0,2.24,66.67,0.0,0.0,0.0,0.0,0.0,0.0,0.0,0.0,0.0,0.0,0.0,0.0,0.0,0.0,2.24,0.37,1.12,0,1.12,0.37,0.0,0.0,0.0,0.0,0.0,0.0,0.0,0.37,36.6,28.01,8.59,76.53,17.18,11.2,2.99,0.37,12.5,1.87,33.33,4,3,241,0.37,0.0,1.12,0.0,15.31,0.75,5.23,51.85,4.48,52.17,0.75,50.0
580,942335,La Liga,23/24,Granada,Kamil Piątkowski,Defender,6.36,0.0,0.14,0.18,0.71,0.36,0.36,0.0,0.18,100.0,0.0,0.0,0.0,0.0,0.0,0.0,0.0,0.0,0.0,0.0,0.0,0.0,0.0,0.0,3.2,1.42,4.62,0,0.71,0.0,0.18,0.0,0.0,0.0,0.0,0.0,0.0,0.36,40.2,34.68,5.51,86.28,25.97,8.89,2.31,0.18,50.0,1.25,25.93,9,6,506,0.18,0.18,0.53,0.53,7.29,0.18,5.87,64.71,3.91,73.33,1.96,52.38
581,31828,La Liga,23/24,Granada,Raúl Fernández,Goalkeeper,6.35,0.0,0.0,0.0,0.0,0.0,0.0,0.0,0.0,0.0,0.0,0.0,0.0,0.0,0.0,0.0,0.0,0.0,0.0,0.0,0.0,0.0,0.0,0.0,0.0,0.0,0.32,0,0.32,0.0,0.64,0.0,0.0,0.0,0.0,0.0,0.0,0.0,30.43,18.9,11.53,62.11,15.05,3.84,0.96,0.0,0.0,5.12,32.0,4,4,281,0.0,0.0,0.0,0.0,12.17,0.0,0.0,0.0,0.0,0.0,0.0,0.0
582,996932,La Liga,23/24,Valencia,Pablo Gozálbez,Midfielder,6.32,0.0,0.02,0.0,0.79,0.0,0.79,0.0,0.0,0.0,0.0,0.0,0.0,0.0,0.0,0.0,0.79,0.0,0.0,0.0,0.0,0.0,0.0,0.0,0.79,0.79,0.79,0,3.95,0.0,0.0,0.0,0.0,0.0,0.0,0.0,0.0,0.0,23.68,12.63,11.05,53.33,3.95,8.68,6.32,0.0,0.0,0.0,0.0,5,1,114,0.0,0.0,4.74,1.58,15.0,0.0,3.16,18.18,2.37,18.75,0.79,16.67
583,1018197,La Liga,23/24,Deportivo Alavés,Unai Ropero,Midfielder,6.3,0.0,0.0,0.0,0.0,0.0,0.0,0.0,0.0,0.0,0.0,0.0,0.0,0.0,0.0,0.0,0.0,0.0,0.0,0.0,0.0,0.0,0.0,0.0,0.0,0.0,0.0,0,0.0,0.0,0.0,0.0,0.0,0.0,0.0,0.0,0.0,0.0,25.71,25.71,0.0,100.0,6.43,19.29,12.86,0.0,0.0,0.0,0.0,1,0,14,0.0,0.0,6.43,0.0,19.29,0.0,0.0,0.0,0.0,0.0,0.0,0.0
584,1134642,La Liga,23/24,Osasuna,Jorge Moreno,Defender,6.3,0.0,0.0,0.0,0.0,0.0,0.0,0.0,0.0,0.0,0.0,0.0,0.0,0.0,0.0,0.0,0.0,0.0,0.0,0.0,0.0,0.0,0.0,0.0,0.0,0.0,20.77,0,0.0,0.0,0.0,0.0,0.0,0.0,0.0,0.0,0.0,0.0,41.54,13.85,27.69,33.33,13.85,0.0,0.0,0.0,0.0,0.0,0.0,1,0,13,0.0,0.0,0.0,0.0,34.62,0.0,6.92,50.0,0.0,0.0,6.92,50.0
585,1084746,La Liga,23/24,Getafe,Santi García,Midfielder,6.3,0.0,0.0,0.0,0.0,0.0,0.0,0.0,0.0,0.0,0.0,0.0,0.0,0.0,0.0,0.0,0.0,0.0,0.0,0.0,0.0,0.0,0.0,0.0,3.75,0.0,0.0,0,0.0,0.0,0.0,0.0,0.0,0.0,0.0,0.0,0.0,0.0,26.25,22.5,3.75,85.71,3.75,18.75,18.75,0.0,0.0,0.0,0.0,1,0,24,0.0,0.0,3.75,3.75,22.5,0.0,7.5,33.33,7.5,33.33,0.0,0.0
586,965832,La Liga,23/24,Rayo Vallecano,Dani Cárdenas,Goalkeeper,6.3,0.0,0.0,0.0,0.0,0.0,0.0,0.0,0.0,0.0,0.0,0.0,0.0,0.0,0.0,0.0,0.0,0.0,0.0,0.0,0.0,0.0,0.0,0.0,0.0,0.0,2.0,0,0.0,0.0,0.0,0.0,0.0,0.0,0.0,0.0,0.0,0.0,35.0,21.0,14.0,60.0,20.0,1.0,1.0,0.0,0.0,2.0,13.33,1,1,90,0.0,0.0,0.0,0.0,14.0,0.0,0.0,0.0,0.0,0.0,0.0,0.0
587,1136806,La Liga,23/24,Getafe,Nabil Aberdin,Defender,6.25,0.0,0.0,0.0,0.0,0.0,0.0,0.0,0.0,0.0,0.0,0.0,0.0,0.0,0.0,0.0,0.0,0.0,0.0,0.0,0.0,0.0,0.0,0.0,0.0,0.0,2.0,0,0.5,0.0,0.0,0.0,0.0,0.0,0.0,0.0,0.0,0.0,39.5,30.0,9.5,75.95,20.5,9.5,2.0,0.0,0.0,2.0,26.67,2,2,180,0.0,0.0,0.5,0.5,10.5,0.5,2.5,35.71,0.5,25.0,2.0,40.0
588,141655,La Liga,23/24,Granada,Víctor Díaz,Defender,6.25,0.0,0.0,0.0,0.0,0.0,0.0,0.0,0.56,100.0,0.0,0.0,0.0,0.0,0.0,0.0,0.0,0.0,0.0,0.0,0.0,0.0,0.0,0.0,2.8,0.56,4.47,0,1.12,0.0,0.0,0.0,0.0,0.0,0.0,0.0,0.0,0.0,38.57,25.16,13.42,65.22,20.68,4.47,1.68,0.0,0.0,4.47,36.36,4,2,161,0.56,0.0,0.0,0.0,16.21,0.0,5.03,75.0,3.35,75.0,1.68,75.0
589,863276,La Liga,23/24,Getafe,Daniel Fuzato,Goalkeeper,6.2,0.0,0.0,0.0,0.0,0.0,0.0,0.0,0.0,0.0,0.0,0.0,0.0,0.0,0.0,0.0,0.0,0.0,0.0,0.0,0.0,0.0,0.0,0.0,0.0,0.0,4.29,0,0.0,0.0,0.0,0.0,0.0,0.0,0.0,0.0,0.0,0.0,38.57,17.14,21.43,44.44,8.57,8.57,0.0,0.0,0.0,8.57,28.57,1,0,21,0.0,0.0,0.0,0.0,21.43,0.0,0.0,0.0,0.0,0.0,0.0,0.0
590,368922,La Liga,23/24,Las Palmas,Aarón Escandell,Goalkeeper,6.2,0.0,0.0,0.0,0.0,0.0,0.0,0.0,0.0,0.0,0.0,0.0,0.0,0.0,0.0,0.0,0.0,0.0,0.0,0.0,0.0,0.0,0.0,0.0,0.0,0.0,0.59,0,0.0,0.59,0.0,0.0,0.0,0.0,0.0,0.0,0.0,0.0,44.41,31.97,12.43,72.0,27.24,4.74,0.59,0.0,0.0,9.47,43.24,2,1,152,0.0,0.59,0.0,0.0,13.03,0.0,0.0,0.0,0.0,0.0,0.0,0.0
591,1089161,La Liga,23/24,Granada,Miguel Ángel Brau,Defender,6.2,0.0,0.0,0.0,0.0,0.0,0.0,0.0,3.0,100.0,0.0,0.0,0.0,0.0,0.0,0.0,0.0,0.0,0.0,0.0,0.0,0.0,0.0,0.0,3.0,0.0,3.0,0,0.0,0.0,0.0,0.0,0.0,0.0,0.0,0.0,0.0,0.0,24.0,18.0,6.0,75.0,6.0,12.0,9.0,0.0,0.0,0.0,0.0,1,0,30,0.0,0.0,0.0,0.0,12.0,0.0,6.0,100.0,6.0,100.0,0.0,0.0
592,1004239,La Liga,23/24,Granada,Adrià Bosch,Defender,6.1,0.0,0.0,0.0,0.0,0.0,0.0,0.0,0.0,0.0,0.0,0.0,0.0,0.0,0.0,0.0,0.0,0.0,0.0,0.0,0.0,0.0,0.0,0.0,3.6,0.0,3.6,0,0.0,0.0,0.0,0.0,3.6,0.0,0.0,0.0,0.0,0.0,50.4,39.6,10.8,78.57,28.8,10.8,7.2,0.0,0.0,10.8,60.0,1,0,25,0.0,0.0,0.0,0.0,10.8,0.0,3.6,50.0,3.6,100.0,0.0,0.0
593,758608,La Liga,23/24,Atlético Madrid,Çağlar Söyüncü,Defender,6.1,0.0,0.0,0.0,0.0,0.0,0.0,0.0,0.82,100.0,0.0,0.0,0.0,0.0,0.0,0.0,0.82,0.0,0.0,0.0,0.0,0.0,0.0,0.0,0.82,0.82,5.73,0,0.0,0.0,0.0,0.82,0.0,0.0,0.0,0.0,0.0,0.0,66.27,58.09,8.18,87.65,42.55,15.55,4.09,0.0,0.0,2.45,50.0,6,1,110,0.0,0.82,2.45,0.82,9.82,1.64,3.27,44.44,2.45,37.5,0.82,100.0
594,1010505,La Liga,23/24,Celta Vigo,Gabri Veiga,Midfielder,6.1,0.0,0.0,0.0,0.0,0.0,0.0,0.0,0.0,0.0,0.0,0.0,0.0,0.0,0.0,0.0,0.0,0.0,0.0,0.0,0.0,0.0,0.0,0.0,0.0,0.0,0.0,0,0.0,0.0,0.0,0.0,0.0,0.0,0.0,0.0,0.0,0.0,21.18,15.88,5.29,75.0,0.0,15.88,10.59,0.0,0.0,0.0,0.0,1,0,17,0.0,0.0,0.0,0.0,26.47,5.29,0.0,0.0,0.0,0.0,0.0,0.0
595,1432130,La Liga,23/24,Cádiz,Moussa Diakité,Midfielder,0.0,0.0,0.0,0.0,0.0,0.0,0.0,0.0,0.0,0.0,0.0,0.0,0.0,0.0,0.0,0.0,0.0,0.0,0.0,0.0,0.0,0.0,0.0,0.0,0.0,0.0,0.0,0,0.0,0.0,0.0,0.0,0.0,0.0,0.0,0.0,0.0,0.0,0.0,0.0,0.0,0.0,0.0,0.0,0.0,0.0,0.0,0.0,0.0,1,0,1,0.0,0.0,0.0,0.0,90.0,0.0,0.0,0.0,0.0,0.0,0.0,0.0
596,1865387,La Liga,23/24,Cádiz,Borja Vázquez,Midfielder,0.0,0.0,0.0,0.0,0.0,0.0,0.0,0.0,0.0,0.0,0.0,0.0,0.0,0.0,0.0,0.0,0.0,0.0,0.0,0.0,0.0,0.0,0.0,0.0,30.0,0.0,30.0,0,0.0,0.0,0.0,0.0,0.0,0.0,0.0,0.0,0.0,30.0,30.0,30.0,0.0,100.0,0.0,30.0,30.0,0.0,0.0,0.0,0.0,1,0,3,0.0,0.0,0.0,0.0,30.0,0.0,30.0,100.0,30.0,100.0,0.0,0.0
597,1085569,La Liga,23/24,Osasuna,Max Svensson,Forward,0.0,0.0,0.0,0.0,0.0,0.0,0.0,0.0,0.0,0.0,0.0,0.0,0.0,0.0,0.0,0.0,0.0,0.0,0.0,0.0,0.0,0.0,0.0,0.0,45.0,0.0,0.0,0,0.0,0.0,0.0,0.0,0.0,0.0,0.0,0.0,0.0,0.0,0.0,0.0,0.0,0.0,0.0,0.0,0.0,0.0,0.0,0.0,0.0,1,0,2,0.0,0.0,45.0,0.0,45.0,0.0,45.0,100.0,45.0,100.0,0.0,0.0
598,1154587,La Liga,23/24,Real Madrid,Álvaro Rodriguez,Forward,0.0,0.0,0.0,0.0,0.0,0.0,0.0,0.0,180.0,100.0,0.0,0.0,0.0,0.0,0.0,0.0,0.0,0.0,0.0,0.0,0.0,0.0,0.0,0.0,0.0,0.0,90.0,0,0.0,0.0,0.0,0.0,0.0,0.0,0.0,0.0,0.0,0.0,0.0,0.0,0.0,0.0,0.0,0.0,0.0,0.0,0.0,0.0,0.0,1,0,1,0.0,0.0,0.0,0.0,180.0,90.0,180.0,66.67,180.0,66.67,0.0,0.0
