#,Player ID,League,Team,Name,Position,Sofascore Rating,Goals,xG,Big chances missed,Total shots,Shots on target,Shots off target,Goal conversion %,Succ. dribbles,Succ. dribbles %,Goals inside box,Goals outside box,Headed goals,Left-footed goals,Right-footed goals,Hit woodwork,Offsides,Penalties won,Penalties taken,Penalty goals,Penalty conversion %,Free kick goals,Shots from set piece,Set piece conv. %,Tackles,Interceptions,Clearances,Blocked shots,Dribbled past,Errors leading to goal,Errors leading to shot,Penalties committed,Own goals,Clean sheets,Big chances created,Assists,Passes to assist,Key passes,Total passes,Accurate passes,Inaccurate passes,Accurate passes %,Passes in own half,Passes in opp. half,Acc. final third passes,Accurate crosses,Accurate crosses %,Accurate long balls,Accurate long balls %,Appearances,Started,Minutes played,Yellow cards,Red cards,Fouls,Was fouled,Possession lost,Dispossessed,Total duels won,Total duels won %,Ground duels won,Ground duels won %,Aerial duels won,Aerial duels won %
1,1402912,La Liga,FC Barcelona,Lamine Yamal,Midfielder,7.93,0.63,0.51,0.28,4.64,1.47,1.9,13.68,5.28,54.73,0.56,0.08,0.0,0.56,0.08,0.16,0.56,0.08,0.16,0.12,75.0,0.0,0.16,0.0,1.39,0.4,0.12,0.0,0.44,0.0,0.0,0.0,0.0,0.24,1.03,0.44,0.04,2.9,53.53,43.41,10.12,81.1,8.53,34.88,22.58,0.91,28.05,1.27,47.06,28,26,2268,0.04,0.0,1.11,2.06,22.58,1.59,8.73,53.14,8.73,53.79,0.0,0.0
2,1085579,La Liga,Levante UD,Pablo Cuñat,Goalkeeper,7.75,0.0,0.0,0.0,0.0,0.0,0.0,0.0,0.0,0.0,0.0,0.0,0.0,0.0,0.0,0.0,0.0,0.0,0.0,0.0,0.0,0.0,0.0,0.0,0.0,0.0,3.0,0.0,0.0,0.0,0.0,0.0,0.0,0.0,0.0,0.0,0.0,0.0,28.5,14.5,14.0,50.88,10.0,4.5,1.5,0.0,0.0,7.5,35.71,2,2,180,0.0,0.0,0.0,0.0,14.0,0.0,1.0,100.0,0.0,0.0,1.0,100.0
3,1464652,La Liga,FC Barcelona,Álvaro Cortés,Defender,7.6,0.0,0.0,0.0,0.0,0.0,0.0,0.0,1.0,100.0,0.0,0.0,0.0,0.0,0.0,0.0,0.0,0.0,0.0,0.0,0.0,0.0,0.0,0.0,1.0,1.0,5.0,1.0,0.0,0.0,0.0,0.0,0.0,0.0,0.0,0.0,0.0,0.0,92.0,87.0,5.0,94.57,50.0,37.0,9.0,0.0,0.0,5.0,62.5,1,1,90,0.0,0.0,0.0,1.0,7.0,1.0,7.0,53.85,3.0,75.0,4.0,44.44
4,99516,La Liga,Osasuna,Aitor Fernández,Goalkeeper,7.6,0.0,0.0,0.0,0.0,0.0,0.0,0.0,0.66,100.0,0.0,0.0,0.0,0.0,0.0,0.0,0.0,0.0,0.0,0.0,0.0,0.0,0.0,0.0,0.0,0.0,0.66,0.0,0.0,0.0,0.0,0.0,0.0,0.0,0.0,0.0,0.0,0.0,33.75,20.51,13.24,60.78,13.24,7.28,0.66,0.0,0.0,10.59,44.44,2,1,136,1.32,0.0,0.0,0.0,13.24,0.0,0.66,100.0,0.66,100.0,0.0,0.0
5,992587,La Liga,FC Barcelona,Pedri,Midfielder,7.56,0.09,0.07,0.17,0.9,0.43,0.26,9.52,1.58,67.27,0.04,0.04,0.0,0.04,0.04,0.0,0.04,0.0,0.0,0.0,0.0,0.0,0.0,0.0,2.14,1.03,0.98,0.09,1.32,0.0,0.04,0.0,0.0,0.17,0.34,0.38,0.04,2.73,87.78,80.39,7.39,91.58,25.76,54.63,28.36,0.21,38.46,4.02,68.61,29,23,2107,0.0,0.04,0.38,1.84,11.36,1.24,5.98,61.14,5.55,59.91,0.43,83.33
6,826643,La Liga,Real Madrid,Kylian Mbappé,Forward,7.54,0.86,0.85,0.72,5.05,2.18,1.58,17.02,2.76,52.38,0.68,0.18,0.0,0.07,0.79,0.11,1.22,0.14,0.32,0.29,88.89,0.0,0.21,0.0,0.14,0.07,0.0,0.0,0.29,0.0,0.0,0.0,0.0,0.29,0.29,0.18,0.0,2.33,34.33,29.79,4.55,86.76,4.94,24.84,17.72,0.21,22.22,1.15,80.0,30,28,2514,0.14,0.0,0.47,1.22,11.99,1.47,4.37,48.22,4.12,47.33,0.25,70.0
7,831005,La Liga,FC Barcelona,Raphinha,Midfielder,7.51,0.84,0.67,0.39,4.21,1.56,1.62,20.0,1.36,51.22,0.65,0.19,0.06,0.65,0.13,0.32,0.26,0.06,0.19,0.19,100.0,0.06,0.26,25.0,0.97,0.32,0.71,0.06,0.91,0.0,0.0,0.0,0.0,0.19,0.71,0.19,0.13,2.79,41.43,33.65,7.78,81.22,8.36,25.29,16.15,1.23,25.68,1.75,57.45,22,18,1388,0.32,0.0,0.65,0.65,16.08,0.84,3.18,44.95,2.98,45.1,0.19,42.86
9,868812,La Liga,Real Madrid,Vinicius Júnior,Forward,7.5,0.51,0.43,0.41,3.22,1.47,0.92,15.84,2.77,44.62,0.45,0.06,0.0,0.06,0.45,0.13,0.41,0.13,0.16,0.13,80.0,0.0,0.0,0.0,0.92,0.06,0.03,0.0,0.41,0.0,0.03,0.0,0.0,0.13,0.22,0.16,0.0,2.23,35.97,29.92,6.05,83.17,4.05,25.87,17.68,0.29,14.75,1.21,64.41,36,32,2825,0.25,0.0,1.21,2.58,16.28,1.4,6.28,48.88,6.28,49.62,0.0,0.0
10,965832,La Liga,Rayo Vallecano,Dani Cárdenas,Goalkeeper,7.43,0.0,0.0,0.0,0.0,0.0,0.0,0.0,0.0,0.0,0.0,0.0,0.0,0.0,0.0,0.0,0.0,0.0,0.0,0.0,0.0,0.0,0.0,0.0,0.33,0.0,2.67,0.0,0.0,0.0,0.0,0.0,0.0,0.33,0.0,0.0,0.0,0.0,31.0,20.33,10.67,65.59,16.0,4.33,1.33,0.0,0.0,7.67,41.82,3,3,270,0.0,0.0,0.0,0.0,11.33,0.0,0.33,100.0,0.33,100.0,0.0,0.0
11,556884,La Liga,Elche,Matías Dituro,Goalkeeper,7.4,0.0,0.0,0.0,0.0,0.0,0.0,0.0,0.0,0.0,0.0,0.0,0.0,0.0,0.0,0.0,0.0,0.0,0.0,0.0,0.0,0.0,0.0,0.0,0.0,0.05,1.1,0.0,0.24,0.05,0.14,0.0,0.0,0.19,0.0,0.0,0.05,0.14,53.67,40.86,12.81,76.13,32.38,8.48,2.52,0.0,0.0,12.52,50.87,21,21,1890,0.05,0.0,0.0,0.33,13.1,0.0,0.86,78.26,0.29,54.55,0.57,100.0
12,930267,La Liga,FC Barcelona,Joan García,Goalkeeper,7.34,0.0,0.0,0.0,0.0,0.0,0.0,0.0,0.03,100.0,0.0,0.0,0.0,0.0,0.0,0.0,0.0,0.0,0.0,0.0,0.0,0.0,0.0,0.0,0.2,0.1,1.33,0.0,0.0,0.03,0.0,0.0,0.0,0.5,0.0,0.0,0.0,0.0,28.53,25.6,2.93,89.72,24.73,0.87,0.13,0.0,0.0,2.93,51.16,30,30,2700,0.03,0.0,0.0,0.13,3.1,0.03,0.6,94.74,0.37,91.67,0.23,100.0
13,831808,La Liga,Real Madrid,Federico Valverde,Midfielder,7.31,0.17,0.1,0.03,1.69,0.71,0.64,10.0,0.75,62.86,0.07,0.1,0.0,0.0,0.17,0.03,0.03,0.0,0.0,0.0,0.0,0.0,0.14,0.0,1.39,0.78,1.69,0.27,0.37,0.03,0.03,0.0,0.0,0.34,0.27,0.27,0.0,1.46,61.3,55.13,6.17,89.94,18.81,36.33,19.31,0.24,23.33,2.17,60.95,32,30,2656,0.1,0.03,0.61,0.44,8.64,0.27,3.32,60.87,2.58,60.32,0.75,62.86
14,1176744,La Liga,Real Madrid,Dean Huijsen,Defender,7.31,0.09,0.1,0.09,0.89,0.22,0.49,10.0,0.09,100.0,0.09,0.0,0.04,0.0,0.04,0.0,0.04,0.0,0.0,0.0,0.0,0.0,0.0,0.0,1.38,0.85,5.76,0.76,0.27,0.0,0.13,0.04,0.0,0.31,0.04,0.09,0.0,0.45,73.31,65.9,7.41,89.9,33.33,32.57,11.29,0.0,0.0,5.04,64.57,27,24,2017,0.31,0.04,0.94,0.58,7.9,0.09,4.28,61.94,2.05,63.89,2.23,60.24
15,795222,La Liga,FC Barcelona,Frenkie de Jong,Midfielder,7.3,0.06,0.07,0.0,0.39,0.11,0.17,14.29,0.28,71.43,0.06,0.0,0.0,0.0,0.06,0.0,0.11,0.0,0.0,0.0,0.0,0.0,0.0,0.0,2.52,0.95,0.84,0.22,0.56,0.0,0.0,0.0,0.0,0.28,0.5,0.28,0.0,1.96,82.67,77.81,4.87,94.11,24.16,53.64,25.73,0.22,66.67,2.52,81.82,24,16,1609,0.22,0.06,0.56,1.51,6.82,0.67,4.75,66.93,4.31,69.37,0.45,50.0
16,1011375,La Liga,Real Betis,Abdessamad Ezzalzouli,Midfielder,7.28,0.37,0.35,0.33,2.98,1.03,1.12,12.5,1.61,46.43,0.33,0.04,0.0,0.08,0.29,0.17,0.17,0.04,0.0,0.0,0.0,0.0,0.12,0.0,2.15,0.66,0.54,0.04,1.03,0.0,0.04,0.0,0.0,0.12,0.46,0.33,0.0,1.2,31.78,25.16,6.62,79.17,6.83,18.33,10.51,0.33,14.55,0.58,60.87,28,25,2175,0.12,0.0,1.08,2.86,15.6,1.66,7.86,52.34,6.62,55.17,1.24,41.1
17,822519,La Liga,Real Madrid,Éder Militão,Defender,7.27,0.16,0.14,0.08,1.66,0.71,0.71,9.52,0.24,50.0,0.08,0.08,0.08,0.0,0.08,0.08,0.0,0.0,0.0,0.0,0.0,0.0,0.0,0.0,1.81,0.87,4.1,0.95,0.24,0.0,0.08,0.0,0.0,0.32,0.16,0.08,0.0,0.63,60.5,54.98,5.52,90.87,31.55,23.43,6.86,0.0,0.0,3.39,53.09,16,14,1141,0.16,0.0,1.18,1.03,6.7,0.08,5.13,61.32,3.08,66.1,2.05,55.32
18,991421,La Liga,Girona FC,Azzedine Ounahi,Midfielder,7.27,0.27,0.18,0.0,2.68,0.97,0.86,10.0,3.65,52.31,0.21,0.05,0.0,0.0,0.27,0.05,0.0,0.05,0.05,0.05,100.0,0.0,0.11,0.0,1.24,0.86,0.48,0.05,1.18,0.0,0.0,0.0,0.0,0.05,0.59,0.11,0.05,1.83,47.15,40.7,6.44,86.33,11.65,29.05,19.39,0.54,27.03,1.4,59.09,23,19,1676,0.38,0.0,0.97,3.11,17.72,2.04,8.22,51.34,7.95,51.39,0.27,50.0
19,134029,La Liga,Levante UD,Mathew Ryan,Goalkeeper,7.25,0.0,0.0,0.0,0.06,0.0,0.03,0.0,0.0,0.0,0.0,0.0,0.0,0.0,0.0,0.0,0.0,0.0,0.0,0.0,0.0,0.0,0.0,0.0,0.06,0.03,1.2,0.0,0.03,0.0,0.03,0.0,0.0,0.26,0.0,0.0,0.0,0.0,32.11,22.63,9.49,70.46,17.86,4.77,1.51,0.0,0.0,7.89,46.08,35,35,3150,0.11,0.0,0.0,0.03,9.66,0.0,0.57,90.91,0.11,80.0,0.46,94.12
20,991011,La Liga,Real Madrid,Jude Bellingham,Midfielder,7.24,0.24,0.34,0.39,2.39,1.17,0.29,10.2,1.76,55.38,0.2,0.05,0.05,0.05,0.15,0.0,0.15,0.0,0.0,0.0,0.0,0.0,0.0,0.0,2.49,0.63,0.83,0.1,0.59,0.0,0.0,0.0,0.0,0.34,0.2,0.2,0.0,1.76,54.79,48.78,6.01,89.04,16.31,32.47,17.29,0.2,25.0,3.27,78.82,27,21,1843,0.1,0.0,1.47,2.49,11.72,1.56,8.4,58.5,6.69,58.3,1.71,59.32
21,368922,La Liga,Real Oviedo,Aarón Escandell,Goalkeeper,7.24,0.0,0.0,0.0,0.0,0.0,0.0,0.0,0.06,100.0,0.0,0.0,0.0,0.0,0.0,0.0,0.0,0.0,0.0,0.0,0.0,0.0,0.0,0.0,0.0,0.0,1.36,0.0,0.0,0.06,0.06,0.0,0.0,0.28,0.03,0.03,0.0,0.06,34.5,22.81,11.69,66.1,17.17,5.64,1.31,0.0,0.0,8.31,42.23,36,36,3240,0.08,0.0,0.03,0.22,12.0,0.0,0.39,100.0,0.25,100.0,0.14,100.0
22,859025,La Liga,Real Madrid,Aurélien Tchouaméni,Midfielder,7.23,0.03,0.09,0.14,1.54,0.24,0.79,2.22,0.1,30.0,0.03,0.0,0.0,0.0,0.03,0.0,0.0,0.0,0.0,0.0,0.0,0.0,0.0,0.0,2.33,1.61,1.89,0.45,0.55,0.0,0.07,0.0,0.0,0.27,0.14,0.0,0.0,0.86,65.66,60.1,5.56,91.53,24.3,35.8,14.69,0.03,14.29,2.27,61.68,33,31,2622,0.27,0.0,1.06,0.93,7.0,0.17,5.84,68.0,3.36,63.23,2.47,75.79
23,593526,La Liga,Villarreal,Nicolas Pépé,Forward,7.21,0.31,0.32,0.27,2.3,0.94,0.66,13.56,2.3,48.36,0.31,0.0,0.0,0.31,0.0,0.12,0.55,0.08,0.04,0.04,100.0,0.0,0.04,0.0,1.21,0.59,0.94,0.04,0.86,0.0,0.0,0.0,0.0,0.12,0.47,0.23,0.12,2.15,32.24,26.46,5.78,82.08,8.39,18.07,12.41,0.9,32.39,0.66,53.13,35,25,2306,0.16,0.0,0.9,1.6,15.14,1.68,5.74,45.79,5.07,46.59,0.66,40.48
24,1884145,La Liga,Getafe,Christantus Uche,Forward,7.2,0.33,0.47,0.33,2.0,0.33,1.0,16.67,2.0,40.0,0.33,0.0,0.0,0.33,0.0,0.0,0.33,0.0,0.0,0.0,0.0,0.0,0.0,0.0,0.67,0.0,0.67,0.0,0.0,0.0,0.0,0.0,0.0,0.33,0.33,0.33,0.0,1.33,14.33,9.0,5.33,62.79,1.33,7.67,6.0,0.33,100.0,0.33,25.0,3,3,270,0.33,0.0,3.33,2.67,18.33,2.67,8.0,41.38,5.0,35.71,3.0,56.25
25,958380,La Liga,Real Betis,Antony,Midfielder,7.2,0.3,0.33,0.49,3.23,1.25,1.14,9.41,0.87,43.4,0.11,0.19,0.0,0.27,0.04,0.08,0.08,0.0,0.0,0.0,0.0,0.0,0.0,0.0,1.41,0.91,0.65,0.04,0.91,0.0,0.04,0.0,0.0,0.08,0.34,0.23,0.0,2.01,43.5,35.6,7.9,81.83,10.26,25.34,16.07,0.57,23.44,0.76,54.05,31,29,2369,0.19,0.04,0.68,1.63,13.68,0.8,4.18,51.16,3.91,53.09,0.27,33.33
26,823631,La Liga,Sevilla,Dodi Lukebakio,Midfielder,7.2,0.5,0.04,0.0,1.0,0.5,0.5,50.0,0.5,33.33,0.0,0.5,0.0,0.5,0.0,0.5,0.0,0.0,0.0,0.0,0.0,0.0,0.0,0.0,0.0,0.5,0.0,0.0,0.5,0.0,0.0,0.0,0.0,0.0,0.5,0.0,0.0,4.5,36.0,31.0,5.0,86.11,9.0,22.0,12.5,2.5,50.0,2.5,71.43,2,2,180,0.0,0.0,1.5,1.5,15.0,1.0,2.0,36.36,2.0,36.36,0.0,0.0
27,1091116,La Liga,Real Madrid,Arda Güler,Midfielder,7.19,0.18,0.2,0.13,2.19,0.85,0.72,8.16,1.21,62.79,0.13,0.04,0.04,0.13,0.0,0.0,0.13,0.0,0.0,0.0,0.0,0.0,0.04,0.0,2.06,0.4,0.4,0.09,0.94,0.04,0.04,0.04,0.0,0.09,0.63,0.4,0.0,3.13,60.04,54.45,5.6,90.68,16.43,38.01,23.15,1.75,30.23,3.22,72.73,32,25,2010,0.04,0.0,0.94,1.43,13.03,0.72,4.88,57.07,4.7,58.99,0.18,30.77
28,794949,La Liga,Elche,Iñaki Peña,Goalkeeper,7.19,0.0,0.0,0.0,0.0,0.0,0.0,0.0,0.0,0.0,0.0,0.0,0.0,0.0,0.0,0.0,0.0,0.0,0.0,0.0,0.0,0.0,0.0,0.0,0.0,0.0,1.25,0.0,0.31,0.06,0.06,0.0,0.0,0.25,0.06,0.0,0.0,0.19,55.56,41.12,14.44,74.02,35.94,5.19,1.94,0.0,0.0,7.38,34.81,16,16,1440,0.0,0.0,0.0,0.06,14.75,0.0,0.19,37.5,0.0,0.0,0.19,100.0
29,604258,La Liga,Getafe,David Soria,Goalkeeper,7.19,0.0,0.0,0.0,0.0,0.0,0.0,0.0,0.0,0.0,0.0,0.0,0.0,0.0,0.0,0.0,0.0,0.0,0.0,0.0,0.0,0.0,0.0,0.0,0.0,0.0,0.95,0.0,0.0,0.08,0.0,0.0,0.0,0.3,0.0,0.0,0.0,0.03,29.46,13.11,16.35,44.5,4.89,8.22,2.32,0.0,0.0,10.05,38.15,37,37,3330,0.05,0.0,0.0,0.08,16.76,0.0,0.14,83.33,0.05,100.0,0.08,75.0
30,1402913,La Liga,FC Barcelona,Pau Cubarsí,Defender,7.18,0.03,0.02,0.0,0.33,0.07,0.17,10.0,0.03,100.0,0.03,0.0,0.03,0.0,0.0,0.0,0.0,0.0,0.0,0.0,0.0,0.0,0.0,0.0,1.4,1.0,4.89,0.4,0.43,0.0,0.07,0.0,0.0,0.37,0.03,0.0,0.0,0.17,92.03,87.37,4.65,94.94,53.38,34.0,8.21,0.0,0.0,2.36,57.72,31,31,2708,0.1,0.0,0.83,0.3,5.08,0.13,3.89,60.0,1.73,57.14,2.16,62.5
31,609752,La Liga,Valencia,Guido Rodríguez,Midfielder,7.18,0.22,0.07,0.0,1.03,0.3,0.59,21.43,0.67,50.0,0.22,0.0,0.07,0.0,0.15,0.0,0.0,0.0,0.0,0.0,0.0,0.0,0.0,0.0,2.73,0.67,2.88,0.52,1.48,0.0,0.15,0.07,0.0,0.22,0.07,0.0,0.0,0.52,50.39,43.89,6.5,87.1,21.95,21.95,10.57,0.07,50.0,1.92,50.0,15,13,1218,0.3,0.0,1.18,1.92,9.61,1.26,6.65,55.21,5.32,54.96,1.33,56.25
32,138892,La Liga,FC Barcelona,João Cancelo,Defender,7.16,0.19,0.05,0.0,1.24,0.38,0.38,15.38,2.1,51.16,0.1,0.1,0.0,0.1,0.1,0.1,0.38,0.1,0.0,0.0,0.0,0.0,0.1,0.0,2.48,0.95,1.52,0.19,1.43,0.0,0.29,0.0,0.0,0.38,0.57,0.19,0.0,1.43,50.95,44.38,6.57,87.1,20.48,23.9,12.67,0.95,34.48,1.33,53.85,15,11,945,0.1,0.0,0.95,1.24,13.43,0.48,6.48,54.84,5.81,54.46,0.67,58.33
33,1094106,La Liga,Atlético Madrid,Marc Pubill,Defender,7.16,0.0,0.03,0.0,0.67,0.2,0.4,0.0,0.27,80.0,0.0,0.0,0.0,0.0,0.0,0.0,0.07,0.0,0.0,0.0,0.0,0.0,0.0,0.0,1.62,1.35,5.72,1.01,0.2,0.0,0.13,0.0,0.0,0.34,0.07,0.07,0.0,0.2,58.7,51.56,7.14,87.84,33.12,18.44,4.85,0.13,25.0,1.55,37.7,18,14,1337,0.13,0.0,1.08,0.94,9.29,0.34,6.8,71.13,2.83,63.64,3.97,77.63
34,286167,La Liga,Elche,Aleix Febas,Midfielder,7.15,0.06,0.06,0.03,0.67,0.23,0.18,8.7,1.49,57.95,0.06,0.0,0.0,0.0,0.06,0.03,0.03,0.0,0.0,0.0,0.0,0.0,0.0,0.0,2.13,0.73,0.64,0.12,0.79,0.0,0.06,0.03,0.0,0.2,0.09,0.06,0.0,0.79,56.45,50.61,5.84,89.65,17.52,33.09,17.11,0.09,12.0,1.26,66.15,35,35,3082,0.29,0.0,0.96,3.18,11.21,1.37,6.95,60.41,6.77,62.2,0.18,28.57
35,873189,La Liga,Villarreal,Juan Foyth,Defender,7.15,0.0,0.01,0.0,0.19,0.0,0.1,0.0,0.29,75.0,0.0,0.0,0.0,0.0,0.0,0.0,0.0,0.0,0.0,0.0,0.0,0.0,0.0,0.0,1.92,1.54,5.38,0.96,0.1,0.0,0.19,0.0,0.0,0.29,0.0,0.0,0.0,0.0,54.33,48.75,5.58,89.73,33.94,14.81,4.33,0.1,100.0,2.98,52.54,13,12,936,0.19,0.0,0.77,0.1,6.06,0.1,3.17,64.71,2.31,68.57,0.87,56.25
36,146866,La Liga,Villarreal,Gerard Moreno,Forward,7.13,0.67,0.42,0.2,2.6,1.07,0.73,25.64,1.13,54.84,0.53,0.13,0.13,0.47,0.07,0.0,0.4,0.07,0.2,0.2,100.0,0.0,0.0,0.0,1.0,0.27,1.13,0.07,1.2,0.0,0.0,0.0,0.0,0.0,0.27,0.0,0.0,1.53,37.87,30.0,7.87,79.23,11.87,18.13,11.13,0.13,18.18,2.47,67.27,22,16,1350,0.0,0.0,0.93,1.07,13.07,1.2,4.47,45.27,3.2,44.44,1.27,47.5
37,94527,La Liga,Espanyol,Marko Dmitrović,Goalkeeper,7.13,0.0,0.0,0.0,0.0,0.0,0.0,0.0,0.0,0.0,0.0,0.0,0.0,0.0,0.0,0.0,0.0,0.0,0.0,0.0,0.0,0.0,0.0,0.0,0.08,0.0,0.89,0.0,0.05,0.03,0.05,0.0,0.0,0.27,0.0,0.0,0.0,0.03,26.7,14.43,12.27,54.05,9.81,4.62,1.92,0.0,0.0,5.78,32.13,37,37,3330,0.0,0.0,0.0,0.14,12.57,0.0,0.41,88.24,0.19,77.78,0.22,100.0
38,816763,La Liga,Real Betis,Pablo Fornals,Midfielder,7.11,0.26,0.12,0.06,1.36,0.55,0.32,19.05,0.78,53.33,0.16,0.1,0.03,0.0,0.23,0.03,0.42,0.0,0.0,0.0,0.0,0.03,0.06,50.0,1.26,1.1,0.65,0.1,1.23,0.0,0.0,0.0,0.0,0.13,0.32,0.19,0.06,2.71,55.62,48.15,7.46,86.58,17.64,30.51,16.64,1.13,25.18,2.94,67.41,36,33,2785,0.06,0.0,1.03,0.84,14.09,0.97,3.33,39.62,2.84,42.51,0.48,28.3
39,50490,La Liga,FC Barcelona,Wojciech Szczęsny,Goalkeeper,7.11,0.0,0.0,0.0,0.0,0.0,0.0,0.0,0.0,0.0,0.0,0.0,0.0,0.0,0.0,0.0,0.0,0.0,0.0,0.0,0.0,0.0,0.0,0.0,0.0,0.0,1.57,0.0,0.0,0.0,0.0,0.0,0.0,0.0,0.0,0.0,0.0,0.0,29.0,24.0,5.0,82.76,23.14,0.86,0.29,0.0,0.0,2.29,32.0,7,7,630,0.0,0.0,0.0,0.0,5.71,0.0,0.0,0.0,0.0,0.0,0.0,0.0
40,876214,La Liga,FC Barcelona,Eric García,Defender,7.11,0.03,0.1,0.1,0.81,0.24,0.34,4.17,0.07,25.0,0.03,0.0,0.0,0.03,0.0,0.0,0.03,0.0,0.0,0.0,0.0,0.0,0.0,0.0,2.43,1.55,2.63,0.24,0.78,0.0,0.03,0.03,0.0,0.37,0.1,0.07,0.0,1.01,76.78,70.77,6.0,92.18,33.09,37.68,16.39,0.03,7.14,2.26,55.37,33,31,2668,0.2,0.0,1.11,0.81,7.93,0.34,4.72,56.91,3.27,58.43,1.45,53.75
42,84539,La Liga,Atlético Madrid,Koke,Midfielder,7.1,0.08,0.03,0.0,0.59,0.17,0.21,14.29,0.13,33.33,0.04,0.04,0.0,0.0,0.08,0.0,0.0,0.0,0.0,0.0,0.0,0.0,0.0,0.0,2.1,0.71,1.01,0.21,1.26,0.0,0.04,0.0,0.0,0.21,0.13,0.08,0.0,1.34,76.33,70.33,6.0,92.14,33.01,37.33,17.53,0.5,30.77,3.98,68.84,33,23,2146,0.25,0.0,0.88,0.92,9.06,0.75,3.69,49.44,3.15,50.0,0.55,46.43
43,69768,La Liga,Atlético Madrid,Jan Oblak,Goalkeeper,7.1,0.0,0.0,0.0,0.0,0.0,0.0,0.0,0.0,0.0,0.0,0.0,0.0,0.0,0.0,0.0,0.0,0.0,0.0,0.0,0.0,0.0,0.0,0.0,0.0,0.0,0.8,0.0,0.07,0.0,0.0,0.0,0.0,0.37,0.0,0.0,0.0,0.0,29.53,21.67,7.87,73.36,17.57,4.1,0.53,0.0,0.0,6.87,46.82,30,30,2700,0.0,0.0,0.0,0.13,7.93,0.0,0.27,72.73,0.1,60.0,0.17,83.33
44,1521733,La Liga,Girona FC,Vladyslav Krapyvtsov,Goalkeeper,7.1,0.0,0.0,0.0,0.0,0.0,0.0,0.0,0.0,0.0,0.0,0.0,0.0,0.0,0.0,0.0,0.0,0.0,0.0,0.0,0.0,0.0,0.0,0.0,0.0,0.0,1.32,0.0,0.0,0.0,0.0,0.0,0.0,0.0,0.0,0.0,0.0,0.0,25.81,16.54,9.26,64.1,13.9,2.65,1.32,0.0,0.0,5.29,36.36,2,1,136,0.0,0.0,0.0,0.66,9.26,0.0,0.66,100.0,0.66,100.0,0.0,0.0
45,984624,La Liga,Villarreal,Yéremy Pino,Forward,7.1,0.0,0.09,0.0,1.12,0.56,0.56,0.0,0.0,0.0,0.0,0.0,0.0,0.0,0.0,0.0,0.0,0.0,0.0,0.0,0.0,0.0,0.0,0.0,1.12,1.12,1.12,0.56,1.12,0.0,0.0,0.0,0.0,0.56,1.12,0.56,0.56,3.94,49.5,41.06,8.44,82.95,6.75,34.31,23.62,2.25,33.33,0.56,33.33,2,2,160,0.0,0.0,1.12,0.0,18.56,0.0,1.12,20.0,1.12,25.0,0.0,0.0
46,857574,La Liga,Real Madrid,Andriy Lunin,Goalkeeper,7.08,0.0,0.0,0.0,0.0,0.0,0.0,0.0,0.0,0.0,0.0,0.0,0.0,0.0,0.0,0.0,0.0,0.0,0.0,0.0,0.0,0.0,0.0,0.0,0.17,0.0,0.5,0.0,0.0,0.0,0.0,0.0,0.0,0.17,0.0,0.0,0.0,0.0,34.83,30.5,4.33,87.56,28.67,1.83,1.17,0.0,0.0,5.67,57.63,6,6,540,0.0,0.17,0.0,0.0,4.5,0.0,0.33,100.0,0.17,100.0,0.17,100.0
47,548848,La Liga,Real Betis,Pau López,Goalkeeper,7.08,0.0,0.0,0.0,0.0,0.0,0.0,0.0,0.0,0.0,0.0,0.0,0.0,0.0,0.0,0.0,0.0,0.0,0.0,0.0,0.0,0.0,0.0,0.0,0.11,0.0,0.78,0.0,0.11,0.0,0.11,0.0,0.0,0.22,0.0,0.0,0.0,0.0,27.11,20.78,6.33,76.64,18.67,2.11,0.33,0.0,0.0,5.0,44.12,9,9,810,0.11,0.0,0.0,0.22,6.67,0.0,0.56,83.33,0.33,75.0,0.22,100.0
48,310874,La Liga,Mallorca,Vedat Muriqi,Forward,7.08,0.65,0.51,0.5,3.13,1.39,1.18,20.75,0.47,59.26,0.62,0.03,0.18,0.3,0.15,0.03,0.44,0.03,0.21,0.15,71.43,0.0,0.0,0.0,0.27,0.06,1.66,0.15,0.21,0.0,0.0,0.0,0.0,0.09,0.09,0.03,0.0,0.56,20.02,12.83,7.18,64.11,4.76,8.07,3.84,0.09,37.5,0.62,70.0,36,35,3044,0.12,0.03,1.18,1.89,11.8,1.3,6.71,51.95,2.48,46.93,4.23,55.43
49,97951,La Liga,Valencia,Stole Dimitrievski,Goalkeeper,7.07,0.0,0.0,0.0,0.0,0.0,0.0,0.0,0.0,0.0,0.0,0.0,0.0,0.0,0.0,0.0,0.0,0.0,0.0,0.0,0.0,0.0,0.0,0.0,0.05,0.05,0.47,0.0,0.05,0.05,0.05,0.0,0.0,0.26,0.0,0.0,0.0,0.0,33.42,20.47,12.95,61.26,15.95,4.53,1.53,0.0,0.0,6.89,35.22,19,19,1710,0.05,0.0,0.0,0.21,13.16,0.0,0.58,91.67,0.21,80.0,0.37,100.0
50,305278,La Liga,Real Betis,Diego Llorente,Defender,7.06,0.08,0.06,0.0,0.24,0.16,0.08,33.33,0.0,0.0,0.08,0.0,0.0,0.0,0.08,0.0,0.0,0.0,0.0,0.0,0.0,0.0,0.0,0.0,2.06,2.22,6.97,0.79,0.4,0.0,0.0,0.0,0.0,0.24,0.0,0.0,0.0,0.08,52.68,47.22,5.47,89.62,34.78,12.44,2.06,0.0,0.0,1.9,42.86,17,13,1136,0.4,0.0,0.87,0.95,6.1,0.16,5.39,61.82,2.69,66.67,2.69,57.63
51,1153270,La Liga,FC Barcelona,Fermín López,Midfielder,7.06,0.3,0.35,0.35,3.41,1.25,1.5,8.82,2.2,55.0,0.2,0.1,0.0,0.1,0.2,0.1,0.25,0.0,0.0,0.0,0.0,0.0,0.0,0.0,2.4,0.35,0.3,0.0,1.05,0.0,0.1,0.0,0.0,0.05,0.75,0.45,0.0,1.7,44.57,38.96,5.61,87.42,12.07,26.89,14.67,0.35,17.5,1.7,64.15,30,19,1797,0.15,0.0,1.7,1.0,12.72,1.0,6.01,49.18,5.61,50.68,0.4,34.78
52,823622,La Liga,Real Sociedad,Mikel Oyarzabal,Forward,7.06,0.5,0.51,0.57,2.63,1.2,0.87,18.99,1.2,59.02,0.37,0.13,0.0,0.43,0.07,0.03,0.43,0.0,0.23,0.23,100.0,0.0,0.07,0.0,0.97,0.13,0.87,0.1,0.57,0.0,0.07,0.0,0.0,0.07,0.43,0.13,0.0,1.4,25.62,19.76,5.86,77.11,7.73,12.03,7.76,0.07,10.53,0.63,57.58,33,30,2701,0.1,0.0,0.93,1.37,11.96,1.47,4.73,43.69,3.5,48.61,1.23,33.94
53,996903,La Liga,Mallorca,Lucas Bergström,Goalkeeper,7.06,0.0,0.0,0.0,0.0,0.0,0.0,0.0,0.0,0.0,0.0,0.0,0.0,0.0,0.0,0.0,0.0,0.0,0.0,0.0,0.0,0.0,0.0,0.0,0.0,0.0,3.2,0.0,0.2,0.0,0.0,0.0,0.0,0.4,0.0,0.0,0.0,0.0,29.0,15.6,13.4,53.79,7.6,8.0,2.6,0.0,0.0,9.4,41.59,5,5,450,0.2,0.0,0.0,0.0,13.4,0.0,1.0,83.33,0.0,0.0,1.0,100.0
54,164343,La Liga,Girona FC,Paulo Gazzaniga,Goalkeeper,7.06,0.0,0.0,0.0,0.0,0.0,0.0,0.0,0.0,0.0,0.0,0.0,0.0,0.0,0.0,0.0,0.0,0.0,0.0,0.0,0.0,0.0,0.0,0.0,0.03,0.0,1.25,0.0,0.03,0.09,0.06,0.03,0.0,0.18,0.0,0.0,0.0,0.0,32.74,21.95,10.78,67.06,19.36,2.6,0.66,0.0,0.0,4.99,32.3,34,34,3013,0.12,0.03,0.03,0.15,10.96,0.0,0.36,80.0,0.15,62.5,0.21,100.0
55,88528,La Liga,Rayo Vallecano,Florian Lejeune,Defender,7.06,0.06,0.06,0.03,1.39,0.5,0.7,4.0,0.22,80.0,0.06,0.0,0.03,0.0,0.03,0.03,0.03,0.0,0.0,0.0,0.0,0.0,0.5,0.0,1.84,1.34,6.38,0.75,0.61,0.0,0.06,0.0,0.0,0.31,0.06,0.03,0.0,0.47,59.3,51.75,7.55,87.27,35.85,15.91,4.82,0.08,37.5,4.04,43.81,36,36,3231,0.19,0.0,1.31,0.39,8.55,0.19,4.71,59.3,2.42,54.04,2.28,66.13
56,353250,La Liga,Real Sociedad,Álvaro Odriozola,Defender,7.05,0.45,0.23,0.0,0.45,0.45,0.0,100.0,0.0,0.0,0.45,0.0,0.0,0.0,0.45,0.0,0.0,0.45,0.0,0.0,0.0,0.0,0.0,0.0,2.23,0.45,1.34,0.89,0.45,0.0,0.0,0.0,0.0,0.0,0.89,0.0,0.0,1.34,12.48,10.69,1.78,85.71,3.12,7.57,3.56,0.89,66.67,1.34,100.0,5,2,202,0.0,0.0,0.45,1.34,6.68,0.45,4.01,60.0,3.56,61.54,0.45,50.0
57,877262,La Liga,Espanyol,Edu Expósito,Midfielder,7.05,0.04,0.09,0.11,1.58,0.48,0.66,2.33,1.21,75.0,0.0,0.04,0.0,0.04,0.0,0.0,0.07,0.0,0.0,0.0,0.0,0.0,0.11,0.0,1.84,0.81,1.21,0.07,0.88,0.0,0.04,0.0,0.0,0.04,0.4,0.22,0.04,2.94,35.49,27.2,8.3,76.63,10.06,17.14,9.65,2.31,24.9,2.24,42.96,35,31,2452,0.33,0.0,0.99,1.54,18.54,1.47,5.18,53.01,4.55,55.36,0.62,40.48
58,879694,La Liga,Villarreal,Pape Gueye,Midfielder,7.05,0.17,0.17,0.17,1.96,0.52,1.04,8.89,0.65,51.72,0.09,0.09,0.0,0.13,0.0,0.0,0.09,0.0,0.04,0.04,100.0,0.0,0.04,0.0,1.65,1.44,2.39,0.39,0.3,0.09,0.13,0.04,0.0,0.04,0.13,0.09,0.04,1.04,44.83,35.99,8.83,80.29,16.06,19.93,10.4,0.22,35.71,3.7,52.15,29,25,2068,0.35,0.0,1.52,2.35,12.49,0.83,5.7,58.74,4.66,59.44,1.04,55.81
59,1094827,La Liga,FC Barcelona,Gerard Martín,Defender,7.04,0.0,0.01,0.0,0.31,0.18,0.04,0.0,0.26,66.67,0.0,0.0,0.0,0.0,0.0,0.0,0.0,0.0,0.0,0.0,0.0,0.0,0.0,0.0,1.62,1.19,4.39,0.31,0.44,0.0,0.13,0.0,0.0,0.35,0.04,0.0,0.0,0.57,80.96,73.89,7.07,91.27,42.76,31.13,11.94,0.09,15.38,2.06,48.96,31,25,2050,0.26,0.0,0.7,0.31,8.78,0.09,4.08,66.91,2.2,63.29,1.89,71.67
60,263651,La Liga,Atlético Madrid,Juan Musso,Goalkeeper,7.04,0.0,0.0,0.0,0.0,0.0,0.0,0.0,0.0,0.0,0.0,0.0,0.0,0.0,0.0,0.0,0.0,0.0,0.0,0.0,0.0,0.0,0.0,0.0,0.0,0.0,0.71,0.0,0.0,0.0,0.0,0.0,0.0,0.43,0.0,0.0,0.0,0.0,28.43,21.57,6.86,75.88,19.43,2.14,0.71,0.0,0.0,5.14,42.86,7,7,630,0.29,0.0,0.0,0.43,7.14,0.0,0.71,100.0,0.14,100.0,0.57,100.0
61,69408,La Liga,Celta Vigo,Marcos Alonso,Defender,7.03,0.03,0.07,0.03,0.77,0.1,0.3,4.35,0.57,70.83,0.03,0.0,0.0,0.03,0.0,0.0,0.0,0.0,0.03,0.03,100.0,0.0,0.13,0.0,1.38,0.91,5.31,0.54,0.54,0.0,0.13,0.07,0.0,0.3,0.1,0.0,0.0,0.44,77.14,69.48,7.66,90.07,40.74,28.75,12.39,0.2,30.0,4.43,55.46,31,30,2680,0.17,0.0,0.77,0.64,9.97,0.44,4.13,58.02,2.59,57.46,1.54,58.97
62,1131909,La Liga,Mallorca,Leo Román,Goalkeeper,7.03,0.0,0.0,0.0,0.0,0.0,0.0,0.0,0.03,100.0,0.0,0.0,0.0,0.0,0.0,0.0,0.0,0.0,0.0,0.0,0.0,0.0,0.0,0.0,0.03,0.03,0.94,0.0,0.03,0.06,0.03,0.03,0.0,0.09,0.0,0.0,0.0,0.0,34.62,25.09,9.53,72.47,20.0,5.09,1.31,0.0,0.0,6.97,42.72,32,32,2880,0.12,0.0,0.03,0.06,9.66,0.0,0.22,70.0,0.09,60.0,0.12,80.0
63,789071,La Liga,FC Barcelona,Dani Olmo,Midfielder,7.03,0.31,0.34,0.4,3.08,0.94,1.34,10.14,0.71,37.21,0.27,0.04,0.0,0.09,0.22,0.18,0.27,0.09,0.0,0.0,0.0,0.0,0.27,0.0,1.52,0.58,0.98,0.04,0.63,0.0,0.09,0.0,0.0,0.09,0.45,0.36,0.0,2.14,52.7,45.02,7.68,85.42,14.43,30.6,17.42,0.27,21.43,1.79,57.97,32,23,2015,0.04,0.0,1.16,1.88,12.77,0.98,4.96,52.36,4.11,50.83,0.85,61.29
64,913679,La Liga,Rayo Vallecano,Pathé Ismaël Ciss,Midfielder,7.03,0.09,0.15,0.27,0.87,0.32,0.46,10.53,0.41,69.23,0.09,0.0,0.05,0.0,0.05,0.0,0.09,0.0,0.0,0.0,0.0,0.0,0.0,0.0,2.46,1.6,3.51,0.73,0.5,0.0,0.05,0.0,0.0,0.23,0.0,0.0,0.0,0.5,53.66,47.78,5.88,89.04,29.09,18.69,7.57,0.05,100.0,4.06,64.49,28,20,1974,0.36,0.09,1.32,0.59,7.61,0.5,5.02,57.29,3.47,58.02,1.55,55.74
65,880218,La Liga,Real Sociedad,Takefusa Kubo,Midfielder,7.03,0.12,0.14,0.12,1.67,0.72,0.36,7.14,2.21,50.0,0.06,0.06,0.06,0.06,0.0,0.06,0.72,0.0,0.0,0.0,0.0,0.0,0.06,0.0,1.73,0.66,0.6,0.0,0.9,0.0,0.06,0.0,0.0,0.0,0.42,0.24,0.06,1.97,29.18,23.16,6.03,79.35,6.21,16.95,9.73,0.54,22.5,0.36,40.0,24,17,1508,0.12,0.0,0.54,2.98,14.98,1.01,7.34,57.75,6.92,59.79,0.42,36.84
66,910031,La Liga,Atlético Madrid,Alex Baena,Midfielder,7.02,0.12,0.11,0.06,1.61,0.42,0.77,7.41,0.83,38.89,0.12,0.0,0.0,0.0,0.12,0.06,0.54,0.0,0.0,0.0,0.0,0.0,0.06,0.0,1.07,0.95,0.71,0.24,0.6,0.0,0.06,0.0,0.0,0.12,0.77,0.18,0.0,2.74,41.1,33.24,7.86,80.87,12.51,20.73,13.52,2.03,29.82,1.37,58.97,26,20,1511,0.3,0.0,1.49,1.73,17.33,1.31,4.05,41.46,3.63,44.85,0.42,25.0
67,1142588,La Liga,Atlético Madrid,Pablo Barrios,Midfielder,7.02,0.05,0.1,0.05,1.24,0.32,0.38,4.35,1.78,61.11,0.05,0.0,0.0,0.05,0.0,0.05,0.0,0.0,0.0,0.0,0.0,0.0,0.0,0.0,1.62,1.46,0.65,0.11,0.7,0.0,0.22,0.05,0.0,0.32,0.16,0.05,0.0,1.08,56.83,50.56,6.27,88.97,18.48,32.09,17.12,0.54,32.26,2.43,63.38,23,20,1666,0.0,0.0,0.65,1.24,12.26,1.35,5.62,55.03,4.65,54.78,0.97,56.25
68,1085081,La Liga,Real Madrid,Álvaro Carreras,Defender,7.02,0.08,0.02,0.04,0.36,0.12,0.12,22.22,0.68,51.52,0.08,0.0,0.0,0.04,0.04,0.0,0.2,0.04,0.0,0.0,0.0,0.0,0.0,0.0,1.64,1.44,2.4,0.28,0.8,0.0,0.08,0.0,0.0,0.44,0.04,0.08,0.04,1.12,65.6,59.6,6.0,90.85,22.08,37.52,21.6,0.12,9.68,1.32,47.83,27,25,2250,0.2,0.04,0.84,1.24,10.28,0.8,4.64,53.21,3.52,53.33,1.12,52.83
69,84531,La Liga,Athletic Club,Yuri Berchiche,Defender,7.02,0.0,0.02,0.0,0.8,0.17,0.47,0.0,0.33,47.62,0.0,0.0,0.0,0.0,0.0,0.0,0.1,0.0,0.0,0.0,0.0,0.0,0.0,0.0,1.43,1.16,3.36,0.1,0.43,0.0,0.07,0.07,0.0,0.17,0.23,0.2,0.0,1.0,49.04,42.92,6.11,87.53,18.44,24.49,11.59,0.47,21.88,1.93,56.86,32,31,2709,0.17,0.0,0.86,1.13,10.9,0.53,4.78,60.5,2.82,58.22,1.96,64.13
70,1396048,La Liga,Espanyol,Carlos Romero,Defender,7.02,0.17,0.08,0.06,1.13,0.32,0.38,15.38,1.28,55.7,0.12,0.06,0.0,0.17,0.0,0.0,0.03,0.0,0.0,0.0,0.0,0.0,0.0,0.0,2.75,1.13,2.09,0.46,0.93,0.0,0.12,0.03,0.0,0.26,0.14,0.09,0.0,0.75,28.09,22.26,5.83,79.26,10.55,11.71,5.88,0.49,18.68,1.42,50.0,35,35,3105,0.12,0.0,1.19,0.52,12.81,0.81,4.93,53.29,4.52,54.55,0.41,42.42
71,973887,La Liga,Real Madrid,Eduardo Camavinga,Midfielder,7.02,0.06,0.07,0.0,0.76,0.12,0.47,7.69,0.76,65.0,0.06,0.0,0.06,0.0,0.0,0.06,0.12,0.0,0.0,0.0,0.0,0.0,0.0,0.0,3.82,0.82,1.41,0.65,0.82,0.06,0.12,0.0,0.0,0.18,0.12,0.0,0.0,0.88,63.8,58.57,5.23,91.8,25.14,33.43,17.1,0.0,0.0,3.35,72.15,29,16,1532,0.12,0.0,2.0,1.82,8.17,0.53,6.99,62.96,6.4,63.74,0.59,55.56
72,96365,La Liga,Athletic Club,Iñigo Ruiz de Galarreta,Midfielder,7.02,0.04,0.03,0.0,0.83,0.08,0.33,5.0,1.33,66.67,0.04,0.0,0.0,0.0,0.04,0.0,0.0,0.0,0.0,0.0,0.0,0.0,0.0,0.0,2.49,0.87,0.83,0.21,0.91,0.0,0.04,0.0,0.0,0.0,0.25,0.08,0.04,1.29,50.45,41.79,8.66,82.83,15.75,26.03,14.09,0.75,29.51,2.49,45.45,33,29,2171,0.37,0.0,2.16,1.66,13.97,0.99,6.51,54.51,5.47,54.32,1.04,55.56
73,606346,La Liga,Real Oviedo,Eric Bailly,Defender,7.01,0.08,0.02,0.0,0.31,0.08,0.16,25.0,0.39,71.43,0.08,0.0,0.08,0.0,0.0,0.0,0.0,0.0,0.0,0.0,0.0,0.0,0.0,0.0,0.86,1.18,6.2,1.34,0.16,0.0,0.0,0.0,0.0,0.31,0.0,0.0,0.0,0.16,41.47,35.5,5.97,85.61,26.86,8.64,2.12,0.0,0.0,1.96,35.71,14,14,1146,0.24,0.0,1.02,0.55,7.23,0.24,4.71,63.83,1.81,56.1,2.91,69.81
74,811629,La Liga,Getafe,Luis Milla,Midfielder,7.01,0.0,0.03,0.03,0.71,0.06,0.31,0.0,0.59,53.85,0.0,0.0,0.0,0.0,0.0,0.0,0.06,0.0,0.0,0.0,0.0,0.0,0.08,0.0,1.64,1.19,1.44,0.2,1.02,0.0,0.08,0.0,0.0,0.31,0.34,0.28,0.06,2.23,38.28,29.83,8.45,77.92,11.28,18.55,9.61,1.87,29.86,2.26,46.51,36,36,3183,0.11,0.03,0.82,1.22,15.21,0.76,4.84,54.29,3.42,53.3,1.41,56.82
75,1097719,La Liga,Sevilla,Kike Salas,Defender,7.01,0.08,0.07,0.0,0.81,0.34,0.21,10.53,0.34,61.54,0.04,0.04,0.0,0.08,0.0,0.0,0.08,0.04,0.0,0.0,0.0,0.0,0.0,0.0,2.42,1.53,6.8,0.76,0.68,0.0,0.08,0.0,0.0,0.13,0.0,0.0,0.0,0.3,56.09,45.0,11.09,80.23,30.59,14.41,5.18,0.08,20.0,2.68,30.29,25,23,2118,0.04,0.0,1.32,0.81,13.47,0.3,7.31,63.24,3.31,57.35,3.99,69.12
76,294377,La Liga,Osasuna,Sergio Herrera,Goalkeeper,7.0,0.0,0.0,0.0,0.0,0.0,0.0,0.0,0.0,0.0,0.0,0.0,0.0,0.0,0.0,0.0,0.0,0.0,0.0,0.0,0.0,0.0,0.0,0.0,0.0,0.0,1.38,0.0,0.03,0.06,0.03,0.03,0.0,0.2,0.0,0.0,0.0,0.0,28.82,20.11,8.7,69.79,16.11,4.0,0.73,0.0,0.0,6.11,41.73,36,36,3195,0.08,0.03,0.08,0.11,9.01,0.0,0.34,80.0,0.11,66.67,0.23,88.89
77,984623,La Liga,Villarreal,Rafa Marín,Defender,7.0,0.05,0.02,0.0,0.24,0.05,0.19,20.0,0.05,100.0,0.05,0.0,0.05,0.0,0.0,0.0,0.14,0.0,0.0,0.0,0.0,0.0,0.0,0.0,1.62,0.86,6.38,0.76,0.48,0.0,0.14,0.05,0.05,0.19,0.05,0.0,0.0,0.24,49.48,44.52,4.95,89.99,30.19,14.33,4.14,0.0,0.0,3.19,55.37,22,20,1890,0.05,0.0,0.76,0.33,5.38,0.0,3.81,57.55,2.0,61.76,1.81,53.52
79,826948,La Liga,Valencia,Pepelu,Midfielder,6.99,0.08,0.15,0.08,1.01,0.13,0.46,8.33,0.34,80.0,0.04,0.04,0.0,0.0,0.08,0.04,0.04,0.0,0.13,0.04,33.33,0.0,0.21,0.0,2.52,0.88,2.61,0.34,0.63,0.04,0.0,0.0,0.0,0.13,0.04,0.0,0.0,0.88,56.81,49.2,7.61,86.61,25.71,23.49,10.42,0.38,20.0,3.82,53.22,30,25,2142,0.17,0.0,1.26,0.59,10.42,0.5,4.66,58.12,3.45,58.57,1.22,56.86
80,1066603,La Liga,Villarreal,Luiz Júnior,Goalkeeper,6.99,0.0,0.0,0.0,0.0,0.0,0.0,0.0,0.0,0.0,0.0,0.0,0.0,0.0,0.0,0.0,0.0,0.0,0.0,0.0,0.0,0.0,0.0,0.0,0.0,0.04,2.11,0.0,0.04,0.04,0.04,0.07,0.0,0.29,0.0,0.0,0.0,0.0,22.18,15.39,6.79,69.4,13.14,2.25,0.79,0.0,0.0,3.96,37.5,28,28,2520,0.11,0.0,0.07,0.14,6.89,0.0,0.39,73.33,0.11,50.0,0.29,88.89
81,353138,La Liga,Atlético Madrid,Marcos Llorente,Defender,6.99,0.0,0.09,0.09,0.77,0.26,0.21,0.0,0.56,54.17,0.0,0.0,0.0,0.0,0.0,0.0,0.17,0.0,0.0,0.0,0.0,0.0,0.0,0.0,2.49,0.52,2.15,0.09,0.86,0.0,0.0,0.0,0.0,0.26,0.39,0.17,0.0,0.86,59.1,52.74,6.36,89.24,26.22,26.52,14.05,0.43,21.74,2.32,58.7,28,24,2094,0.21,0.04,1.16,0.47,10.57,0.34,3.95,54.12,3.52,55.41,0.43,45.45
82,914765,La Liga,Elche,Gonzalo Villar,Midfielder,6.99,0.14,0.03,0.0,0.56,0.14,0.14,25.0,1.26,64.29,0.14,0.0,0.0,0.14,0.0,0.0,0.0,0.0,0.0,0.0,0.0,0.0,0.0,0.0,1.68,0.28,0.84,0.28,0.84,0.0,0.0,0.0,0.0,0.14,0.0,0.0,0.0,0.28,52.07,47.03,5.04,90.32,13.3,33.73,19.6,0.28,18.18,0.84,54.55,11,7,643,0.42,0.0,1.54,3.22,9.38,1.4,7.56,58.06,6.16,57.89,1.4,58.82
83,997244,La Liga,Levante UD,Adrián de la Fuente,Defender,6.98,0.1,0.13,0.14,1.27,0.27,0.38,8.11,0.24,77.78,0.07,0.03,0.03,0.0,0.07,0.07,0.03,0.0,0.1,0.03,33.33,0.0,0.14,0.0,1.0,1.61,6.08,0.76,0.24,0.0,0.0,0.07,0.03,0.27,0.1,0.03,0.03,0.65,49.64,40.67,8.97,81.94,27.07,13.6,5.26,0.41,30.77,6.01,48.48,32,29,2620,0.17,0.0,1.2,0.93,11.47,0.1,3.57,58.76,2.16,57.27,1.41,61.19
84,815202,La Liga,Celta Vigo,Ionuț Radu,Goalkeeper,6.98,0.0,0.0,0.0,0.0,0.0,0.0,0.0,0.03,100.0,0.0,0.0,0.0,0.0,0.0,0.0,0.0,0.0,0.0,0.0,0.0,0.0,0.0,0.0,0.0,0.03,1.0,0.0,0.03,0.05,0.0,0.0,0.0,0.24,0.03,0.0,0.0,0.03,25.35,17.24,8.11,68.02,15.14,2.11,1.05,0.0,0.0,3.43,30.09,37,37,3330,0.05,0.0,0.0,0.19,8.3,0.0,0.3,91.67,0.11,80.0,0.19,100.0
85,358910,La Liga,Rayo Vallecano,Augusto Batalla,Goalkeeper,6.98,0.0,0.0,0.0,0.0,0.0,0.0,0.0,0.15,83.33,0.0,0.0,0.0,0.0,0.0,0.0,0.0,0.0,0.0,0.0,0.0,0.0,0.0,0.0,0.03,0.0,0.68,0.0,0.12,0.0,0.12,0.03,0.0,0.32,0.0,0.0,0.0,0.06,37.0,23.65,13.35,63.91,19.0,4.65,2.03,0.0,0.0,8.88,40.43,34,34,3060,0.18,0.0,0.03,0.12,13.76,0.0,0.53,69.23,0.29,66.67,0.24,72.73
86,1428699,La Liga,Sevilla,Andres Castrin,Defender,6.98,0.07,0.03,0.0,0.7,0.21,0.42,10.0,0.63,81.82,0.07,0.0,0.0,0.0,0.07,0.0,0.07,0.0,0.0,0.0,0.0,0.0,0.0,0.0,1.83,1.41,5.83,0.98,0.56,0.0,0.07,0.0,0.0,0.21,0.0,0.0,0.0,0.14,52.62,45.39,7.24,86.25,32.88,12.51,4.07,0.0,0.0,3.37,48.0,19,13,1281,0.28,0.0,0.91,0.91,8.29,0.14,5.27,61.98,3.37,66.67,1.9,55.1
87,1120669,La Liga,Celta Vigo,Hugo Sotelo,Midfielder,6.98,0.0,0.01,0.0,0.13,0.07,0.07,0.0,0.13,50.0,0.0,0.0,0.0,0.0,0.0,0.0,0.0,0.0,0.0,0.0,0.0,0.0,0.07,0.0,2.01,0.87,1.14,0.6,0.74,0.0,0.07,0.0,0.0,0.0,0.34,0.13,0.0,1.74,66.73,61.56,5.16,92.26,25.22,36.35,17.84,1.01,34.09,2.82,64.62,20,16,1342,0.2,0.0,1.81,0.94,8.79,0.67,3.29,48.04,3.02,47.37,0.27,57.14
88,1085400,La Liga,Athletic Club,Nico Williams,Midfielder,6.98,0.32,0.29,0.21,2.45,0.85,0.96,13.04,3.57,46.21,0.32,0.0,0.0,0.11,0.21,0.11,0.37,0.05,0.11,0.05,50.0,0.0,0.0,0.0,0.8,0.37,0.48,0.0,1.01,0.0,0.0,0.0,0.0,0.05,0.27,0.16,0.0,1.81,30.25,23.42,6.83,77.43,7.1,16.32,10.3,0.91,21.79,0.43,38.1,25,20,1687,0.11,0.0,1.39,1.55,20.59,1.71,6.35,42.35,5.92,42.21,0.43,44.44
89,832427,La Liga,Real Sociedad,Carlos Soler,Midfielder,6.98,0.16,0.11,0.2,1.4,0.76,0.4,11.43,0.52,65.0,0.12,0.04,0.04,0.04,0.08,0.0,0.0,0.0,0.0,0.0,0.0,0.0,0.04,0.0,1.44,0.6,1.04,0.36,0.56,0.04,0.0,0.0,0.0,0.04,0.36,0.12,0.0,1.85,46.06,39.92,6.14,86.67,16.77,23.15,12.88,1.0,35.71,2.33,59.79,32,25,2243,0.12,0.04,1.08,0.8,9.67,0.68,3.09,50.33,2.77,51.49,0.32,42.11
90,831253,La Liga,Deportivo Alavés,Toni Martínez,Forward,6.97,0.44,0.37,0.34,3.07,1.16,1.37,14.44,0.58,42.5,0.38,0.07,0.14,0.03,0.27,0.07,0.44,0.07,0.03,0.03,100.0,0.0,0.07,0.0,0.92,0.14,1.26,0.07,0.24,0.0,0.03,0.0,0.0,0.03,0.2,0.1,0.0,0.82,22.41,13.15,9.26,58.69,4.41,8.74,4.78,0.14,26.67,0.34,32.26,36,31,2635,0.07,0.0,1.54,1.2,13.66,1.2,8.61,51.12,2.63,42.08,5.98,56.45
91,964983,La Liga,Real Betis,Álvaro Valles,Goalkeeper,6.97,0.0,0.0,0.0,0.0,0.0,0.0,0.0,0.04,100.0,0.0,0.0,0.0,0.0,0.0,0.0,0.0,0.0,0.0,0.0,0.0,0.0,0.0,0.0,0.0,0.04,1.39,0.0,0.14,0.04,0.07,0.0,0.0,0.29,0.0,0.0,0.0,0.0,30.68,22.04,8.64,71.83,19.68,2.36,0.79,0.0,0.0,5.21,38.42,28,28,2520,0.04,0.0,0.0,0.14,9.07,0.0,0.39,73.33,0.21,60.0,0.18,100.0
92,1137814,La Liga,Real Betis,Sergi Altimira,Midfielder,6.97,0.08,0.03,0.0,0.53,0.23,0.15,14.29,0.3,57.14,0.08,0.0,0.0,0.08,0.0,0.0,0.0,0.0,0.0,0.0,0.0,0.0,0.0,0.0,3.83,1.58,1.5,0.3,1.35,0.0,0.0,0.0,0.0,0.15,0.0,0.15,0.0,0.83,57.7,52.59,5.11,91.15,25.99,26.59,9.32,0.15,66.67,2.55,77.27,24,13,1198,0.23,0.0,1.05,1.65,7.66,0.68,6.99,64.58,5.71,63.87,1.28,68.0
93,962710,La Liga,Elche,Germán Valera,Midfielder,6.97,0.13,0.08,0.06,0.87,0.26,0.39,14.81,1.2,48.68,0.1,0.03,0.0,0.1,0.03,0.03,0.13,0.03,0.0,0.0,0.0,0.0,0.0,0.0,1.75,0.68,1.39,0.26,0.42,0.0,0.06,0.0,0.0,0.1,0.42,0.16,0.03,1.49,36.48,31.9,4.59,87.42,9.31,22.59,13.25,0.84,25.24,0.81,50.0,35,32,2785,0.13,0.03,1.2,2.26,12.57,0.9,5.56,56.95,5.2,58.55,0.36,40.74
94,988351,La Liga,Mallorca,Samú Costa,Midfielder,6.97,0.24,0.14,0.07,1.33,0.54,0.51,17.95,0.48,27.45,0.2,0.03,0.07,0.17,0.0,0.0,0.2,0.0,0.0,0.0,0.0,0.0,0.0,0.0,2.21,0.85,3.0,0.44,1.23,0.0,0.1,0.0,0.0,0.14,0.03,0.07,0.0,0.51,41.71,33.34,8.38,79.92,16.92,16.41,6.95,0.1,10.0,2.32,56.2,33,30,2643,0.34,0.0,2.15,2.28,13.25,1.06,7.36,51.55,4.77,46.2,2.59,65.52
95,798835,La Liga,Real Betis,Giovani Lo Celso,Midfielder,6.97,0.13,0.16,0.13,1.92,0.73,0.6,6.9,0.99,48.39,0.13,0.0,0.07,0.0,0.07,0.07,0.26,0.0,0.0,0.0,0.0,0.0,0.26,0.0,1.26,0.4,0.46,0.0,0.79,0.0,0.0,0.07,0.0,0.0,0.4,0.2,0.0,2.12,55.39,48.71,6.68,87.93,17.47,31.24,18.79,1.12,27.87,2.25,72.34,23,15,1360,0.26,0.0,0.6,2.78,14.36,1.32,5.69,56.95,5.03,57.14,0.66,55.56
96,138149,La Liga,Sevilla,Odysseas Vlachodimos,Goalkeeper,6.97,0.0,0.0,0.0,0.0,0.0,0.0,0.0,0.03,100.0,0.0,0.0,0.0,0.0,0.0,0.0,0.0,0.0,0.0,0.0,0.0,0.0,0.0,0.0,0.0,0.03,1.27,0.0,0.0,0.0,0.09,0.0,0.0,0.15,0.0,0.0,0.0,0.0,29.33,18.7,10.64,63.74,14.3,4.39,0.91,0.0,0.0,6.24,37.25,33,33,2970,0.06,0.0,0.0,0.06,10.94,0.0,0.21,87.5,0.09,100.0,0.12,80.0
97,1108450,La Liga,Getafe,Zaid Romero,Defender,6.97,0.07,0.06,0.0,0.64,0.07,0.36,11.11,1.0,70.0,0.07,0.0,0.07,0.0,0.0,0.0,0.0,0.0,0.0,0.0,0.0,0.0,0.0,0.0,2.14,2.0,6.29,0.21,0.36,0.0,0.07,0.07,0.0,0.43,0.0,0.0,0.0,0.07,28.07,19.21,8.86,68.45,11.64,7.57,3.21,0.07,25.0,2.86,36.04,14,14,1260,0.21,0.07,0.79,0.79,11.5,0.5,5.71,61.07,3.93,67.07,1.79,51.02
98,99519,La Liga,Real Betis,Marc Bartra,Defender,6.97,0.05,0.04,0.0,0.73,0.23,0.41,6.25,0.27,75.0,0.05,0.0,0.05,0.0,0.0,0.0,0.0,0.0,0.0,0.0,0.0,0.0,0.05,0.0,2.04,1.22,7.21,1.13,1.04,0.0,0.14,0.05,0.05,0.27,0.0,0.0,0.0,0.23,52.85,45.73,7.12,86.52,32.12,13.61,4.67,0.05,33.33,3.45,44.44,25,21,1984,0.14,0.0,0.68,0.5,8.3,0.14,4.76,59.66,2.81,60.19,1.95,58.9
99,1468046,La Liga,Villarreal,Santiago Mouriño,Defender,6.97,0.04,0.04,0.0,0.59,0.12,0.31,6.67,0.51,56.52,0.04,0.0,0.0,0.0,0.04,0.0,0.04,0.0,0.0,0.0,0.0,0.0,0.0,0.0,3.92,1.06,4.75,0.35,2.2,0.0,0.08,0.0,0.0,0.24,0.04,0.08,0.0,0.27,45.55,38.13,7.41,83.72,23.07,15.07,5.96,0.0,0.0,1.49,40.43,27,26,2294,0.35,0.04,2.08,1.33,11.34,0.24,7.18,55.45,5.77,54.24,1.41,61.02
100,359272,La Liga,Real Betis,Sofyan Amrabat,Midfielder,6.96,0.0,0.02,0.0,0.56,0.07,0.28,0.0,0.42,75.0,0.0,0.0,0.0,0.0,0.0,0.0,0.0,0.0,0.0,0.0,0.0,0.0,0.0,0.0,1.88,0.76,1.04,0.28,1.04,0.0,0.07,0.0,0.0,0.21,0.0,0.0,0.0,0.49,62.36,56.81,5.56,91.09,30.9,25.9,9.86,0.0,0.0,3.68,67.95,17,14,1296,0.28,0.0,1.53,1.32,7.71,0.28,3.89,53.85,3.61,56.52,0.28,33.33
101,944656,La Liga,Atlético Madrid,Julián Alvarez,Forward,6.96,0.38,0.36,0.38,2.56,1.23,0.85,14.81,1.23,50.0,0.24,0.14,0.0,0.14,0.24,0.14,0.09,0.0,0.14,0.09,66.67,0.09,0.33,28.57,0.99,0.14,0.24,0.0,0.71,0.0,0.0,0.0,0.0,0.05,0.47,0.19,0.0,2.22,32.6,27.21,5.39,83.45,7.71,19.5,12.82,1.28,31.76,1.18,73.53,29,22,1902,0.09,0.0,0.66,0.85,13.63,1.56,3.31,40.0,3.08,43.05,0.24,20.83
102,70988,La Liga,Real Madrid,Thibaut Courtois,Goalkeeper,6.96,0.0,0.0,0.0,0.0,0.0,0.0,0.0,0.0,0.0,0.0,0.0,0.0,0.0,0.0,0.0,0.0,0.0,0.0,0.0,0.0,0.0,0.0,0.0,0.03,0.0,0.65,0.0,0.1,0.0,0.0,0.03,0.0,0.42,0.03,0.0,0.0,0.03,30.81,24.45,6.35,79.37,22.55,1.9,0.58,0.0,0.0,3.61,36.72,31,31,2790,0.03,0.0,0.03,0.06,6.45,0.0,0.26,61.54,0.1,42.86,0.16,83.33
103,807116,La Liga,Mallorca,Antonio Raíllo,Defender,6.95,0.0,0.02,0.04,0.53,0.04,0.49,0.0,0.0,0.0,0.0,0.0,0.0,0.0,0.0,0.0,0.04,0.0,0.0,0.0,0.0,0.0,0.0,0.0,1.11,0.71,5.31,1.51,0.13,0.0,0.04,0.13,0.0,0.13,0.04,0.04,0.0,0.31,49.85,44.0,5.84,88.28,30.19,13.81,3.76,0.04,25.0,2.35,48.18,23,23,2033,0.18,0.0,1.02,0.66,6.55,0.13,5.05,63.33,1.73,60.94,3.32,64.66
104,44864,La Liga,Girona FC,Daley Blind,Defender,6.95,0.0,0.01,0.0,0.17,0.03,0.03,0.0,0.41,80.0,0.0,0.0,0.0,0.0,0.0,0.0,0.0,0.0,0.0,0.0,0.0,0.0,0.0,0.0,1.9,1.34,4.34,0.69,0.55,0.03,0.1,0.1,0.0,0.17,0.03,0.0,0.0,0.38,72.66,64.93,7.72,89.37,40.83,24.1,10.52,0.1,25.0,4.48,51.38,31,30,2610,0.03,0.0,0.66,0.69,9.38,0.31,4.14,58.82,3.0,64.93,1.14,47.14
105,1156645,La Liga,Real Madrid,Raúl Asencio,Defender,6.95,0.11,0.07,0.11,0.78,0.22,0.45,14.29,0.06,50.0,0.11,0.0,0.11,0.0,0.0,0.0,0.0,0.0,0.0,0.0,0.0,0.0,0.0,0.0,0.95,0.5,3.01,0.67,0.39,0.0,0.11,0.0,0.0,0.39,0.06,0.0,0.0,0.28,60.82,57.2,3.62,94.05,34.47,22.72,6.24,0.0,0.0,1.78,53.33,22,17,1616,0.22,0.0,0.89,1.06,4.57,0.17,3.23,58.0,2.06,58.73,1.17,56.76
106,1084399,La Liga,Deportivo Alavés,Carlos Vicente,Midfielder,6.95,0.36,0.26,0.07,0.86,0.43,0.29,41.67,0.79,29.73,0.36,0.0,0.0,0.0,0.36,0.0,0.72,0.07,0.21,0.21,100.0,0.0,0.0,0.0,1.93,0.5,1.0,0.14,1.43,0.0,0.0,0.0,0.0,0.0,0.5,0.0,0.07,1.93,33.82,27.09,6.74,80.08,11.04,16.05,8.67,2.08,22.66,0.5,43.75,21,11,1256,0.07,0.0,0.86,3.01,18.7,0.43,6.52,54.49,5.73,55.56,0.79,47.83
108,560756,La Liga,Real Oviedo,Dani Calvo,Defender,6.95,0.0,0.01,0.0,0.12,0.0,0.12,0.0,0.06,50.0,0.0,0.0,0.0,0.0,0.0,0.0,0.0,0.0,0.0,0.0,0.0,0.0,0.0,0.0,1.47,0.59,7.84,1.3,0.12,0.0,0.0,0.06,0.0,0.29,0.06,0.0,0.0,0.12,45.15,40.96,4.18,90.73,33.3,7.66,1.83,0.0,0.0,1.71,43.94,19,16,1527,0.18,0.0,0.65,0.29,4.66,0.06,4.3,66.97,1.83,68.89,2.48,65.63
109,1398526,La Liga,Celta Vigo,Miguel Román,Midfielder,6.95,0.07,0.06,0.07,0.55,0.07,0.27,12.5,0.21,25.0,0.07,0.0,0.0,0.0,0.07,0.0,0.0,0.0,0.0,0.0,0.0,0.0,0.0,0.0,1.85,0.82,1.58,0.48,1.1,0.0,0.0,0.0,0.0,0.34,0.27,0.0,0.0,1.17,51.39,45.07,6.32,87.7,19.79,25.28,9.34,0.55,38.1,2.89,53.16,19,14,1310,0.21,0.0,1.37,0.76,8.86,0.14,3.5,47.22,2.82,47.13,0.69,47.62
110,369004,La Liga,Deportivo Alavés,Antonio Sivera,Goalkeeper,6.94,0.0,0.0,0.0,0.0,0.0,0.0,0.0,0.0,0.0,0.0,0.0,0.0,0.0,0.0,0.0,0.0,0.0,0.0,0.0,0.0,0.0,0.0,0.0,0.05,0.0,1.38,0.0,0.03,0.03,0.05,0.03,0.03,0.14,0.0,0.0,0.0,0.0,26.92,13.38,13.54,49.7,5.81,7.57,2.51,0.0,0.0,8.73,39.39,37,37,3330,0.08,0.0,0.03,0.03,13.7,0.0,0.41,83.33,0.08,60.0,0.32,92.31
111,1083832,La Liga,Levante UD,Kervin Arriaga,Midfielder,6.94,0.18,0.06,0.0,0.96,0.36,0.36,18.75,0.48,42.11,0.12,0.06,0.06,0.0,0.12,0.0,0.12,0.0,0.0,0.0,0.0,0.0,0.12,0.0,2.34,0.84,3.6,0.78,0.6,0.06,0.06,0.0,0.0,0.18,0.12,0.18,0.0,0.42,41.49,34.52,6.96,83.21,18.91,15.61,6.3,0.18,60.0,1.62,51.92,26,15,1499,0.3,0.06,1.26,1.26,9.79,1.08,6.78,56.5,4.02,52.76,2.76,63.01
112,547838,La Liga,Real Madrid,Dani Ceballos,Midfielder,6.94,0.0,0.01,0.0,0.56,0.0,0.56,0.0,0.56,23.08,0.0,0.0,0.0,0.0,0.0,0.0,0.0,0.0,0.0,0.0,0.0,0.0,0.0,0.0,3.36,1.31,0.93,0.75,1.49,0.19,0.0,0.0,0.0,0.0,0.0,0.0,0.0,1.68,81.78,75.81,5.98,92.69,24.83,50.98,25.39,0.0,0.0,2.8,88.24,15,4,482,0.19,0.0,1.12,2.8,9.52,0.37,6.91,56.06,6.72,58.06,0.19,25.0
113,965031,La Liga,Rayo Vallecano,Andrei Rațiu,Defender,6.94,0.0,0.07,0.1,1.0,0.29,0.55,0.0,1.99,53.91,0.0,0.0,0.0,0.0,0.0,0.0,0.13,0.0,0.0,0.0,0.0,0.0,0.0,0.0,2.25,1.22,2.54,0.22,0.67,0.0,0.0,0.03,0.0,0.35,0.32,0.13,0.0,1.38,42.3,34.79,7.52,82.23,15.84,18.95,10.79,0.8,24.04,1.22,41.76,34,31,2802,0.29,0.0,0.71,0.67,16.51,1.45,5.56,49.71,4.85,52.07,0.71,37.93
114,791773,La Liga,Real Sociedad,Álex Remiro,Goalkeeper,6.94,0.0,0.0,0.0,0.0,0.0,0.0,0.0,0.03,100.0,0.0,0.0,0.0,0.0,0.0,0.0,0.0,0.0,0.0,0.0,0.0,0.0,0.0,0.0,0.03,0.03,1.11,0.0,0.05,0.08,0.05,0.0,0.03,0.08,0.03,0.0,0.0,0.11,37.14,26.54,10.59,71.47,21.78,4.76,1.78,0.0,0.0,8.38,44.67,37,37,3330,0.03,0.0,0.0,0.19,10.89,0.0,0.46,89.47,0.22,80.0,0.24,100.0
115,976104,La Liga,Real Oviedo,Federico Viñas,Forward,6.94,0.33,0.32,0.37,2.09,0.77,0.99,15.79,1.76,67.61,0.33,0.0,0.15,0.15,0.04,0.0,0.48,0.04,0.07,0.07,100.0,0.0,0.04,0.0,1.84,0.51,1.03,0.15,0.4,0.0,0.04,0.0,0.0,0.11,0.18,0.04,0.0,0.99,18.98,13.66,5.32,71.95,4.96,8.7,4.88,0.04,50.0,0.4,68.75,33,28,2451,0.18,0.11,1.69,2.53,11.75,2.02,9.51,52.54,6.1,56.46,3.41,46.73
116,1086346,La Liga,Osasuna,Iker Benito,Forward,6.93,0.53,0.32,0.0,1.05,0.53,0.53,50.0,0.53,33.33,0.0,0.53,0.0,0.53,0.0,0.0,0.0,0.0,0.0,0.0,0.0,0.0,0.0,0.0,0.53,1.05,3.16,0.53,1.58,0.0,0.0,0.0,0.0,0.0,0.0,0.0,0.0,1.05,39.47,32.11,7.37,81.33,13.16,18.95,6.32,1.58,60.0,2.63,45.45,6,1,171,0.53,0.0,1.58,1.58,15.26,0.53,3.16,33.33,2.63,35.71,0.53,25.0
117,1099352,La Liga,Atlético Madrid,Giuliano Simeone,Midfielder,6.93,0.17,0.21,0.31,1.48,0.57,0.65,11.76,1.26,44.62,0.13,0.04,0.0,0.09,0.09,0.04,0.31,0.0,0.0,0.0,0.0,0.0,0.0,0.0,1.92,0.74,0.48,0.13,1.74,0.0,0.04,0.0,0.0,0.09,0.39,0.26,0.09,1.35,40.42,33.01,7.41,81.66,12.43,20.58,12.03,0.44,21.28,0.44,55.56,30,24,2064,0.09,0.0,0.87,1.74,14.87,1.13,6.02,50.18,4.93,48.92,1.09,56.82
118,900003,La Liga,Rayo Vallecano,Jorge de Frutos,Forward,6.93,0.37,0.38,0.41,2.25,1.03,0.78,16.39,1.0,46.55,0.37,0.0,0.0,0.11,0.26,0.04,0.66,0.11,0.04,0.04,100.0,0.0,0.0,0.0,1.11,0.41,0.44,0.0,0.78,0.0,0.0,0.0,0.0,0.11,0.15,0.04,0.0,1.11,14.25,10.85,3.4,76.17,3.95,6.9,4.54,0.37,21.74,0.22,46.15,35,31,2438,0.11,0.0,1.26,1.37,10.82,1.26,4.13,42.75,3.43,44.08,0.7,37.25
119,1009372,La Liga,Villarreal,Georges Mikautadze,Forward,6.93,0.53,0.46,0.8,2.75,1.29,0.98,19.35,1.38,47.69,0.49,0.04,0.04,0.04,0.44,0.04,0.13,0.0,0.0,0.0,0.0,0.0,0.0,0.0,0.27,0.22,0.27,0.04,0.18,0.0,0.0,0.0,0.0,0.0,0.31,0.27,0.0,1.15,16.82,12.56,4.26,74.67,3.91,8.65,5.46,0.18,19.05,0.62,63.64,31,22,2028,0.04,0.0,0.58,2.0,11.05,1.33,4.08,45.54,3.64,51.25,0.44,23.81
120,325355,La Liga,Atlético Madrid,José María Giménez,Defender,6.93,0.0,0.13,0.23,0.99,0.23,0.69,0.0,0.15,66.67,0.0,0.0,0.0,0.0,0.0,0.0,0.08,0.08,0.0,0.0,0.0,0.0,0.0,0.0,1.91,1.22,4.89,0.92,0.76,0.08,0.08,0.0,0.0,0.54,0.08,0.08,0.0,0.08,61.33,55.28,6.04,90.15,35.56,19.73,6.19,0.0,0.0,3.36,57.14,16,13,1177,0.31,0.0,1.53,0.76,6.65,0.15,5.66,52.11,2.83,54.41,2.83,50.0
121,900792,La Liga,Osasuna,Alejandro Catena,Defender,6.93,0.09,0.08,0.03,0.57,0.12,0.3,15.79,0.18,54.55,0.09,0.0,0.09,0.0,0.0,0.0,0.09,0.0,0.0,0.0,0.0,0.0,0.0,0.0,1.18,1.0,6.25,0.97,0.3,0.06,0.06,0.06,0.0,0.21,0.06,0.06,0.0,0.36,50.54,43.36,7.18,85.79,31.38,11.98,3.59,0.0,0.0,4.4,52.52,34,34,2983,0.33,0.03,1.33,0.42,7.81,0.12,4.13,53.94,1.75,49.15,2.38,58.09
122,845693,La Liga,Valencia,André Almeida,Midfielder,6.93,0.0,0.05,0.09,0.78,0.26,0.26,0.0,1.31,50.0,0.0,0.0,0.0,0.0,0.0,0.0,0.0,0.09,0.0,0.0,0.0,0.0,0.17,0.0,2.0,0.87,0.44,0.09,0.61,0.0,0.0,0.0,0.0,0.0,0.35,0.17,0.0,1.57,49.26,44.3,4.96,89.93,14.97,29.33,17.84,1.31,23.44,3.05,81.4,21,11,1034,0.0,0.0,0.96,1.91,14.27,1.74,5.48,53.85,5.22,53.1,0.26,75.0
123,1526618,La Liga,FC Barcelona,Marc Bernal,Midfielder,6.92,0.25,0.13,0.13,0.88,0.25,0.25,28.57,1.26,76.92,0.25,0.0,0.0,0.13,0.13,0.0,0.0,0.0,0.0,0.0,0.0,0.0,0.0,0.0,3.16,1.52,2.28,0.25,1.14,0.0,0.13,0.0,0.0,0.0,0.25,0.13,0.0,0.63,68.64,63.08,5.56,91.9,28.44,34.63,13.27,0.0,0.0,1.77,58.33,21,8,712,0.51,0.0,1.77,1.26,8.22,0.88,7.58,56.6,5.69,57.69,1.9,53.57
124,788216,La Liga,Mallorca,Pablo Maffeo,Defender,6.92,0.03,0.01,0.0,0.24,0.03,0.14,14.29,1.19,62.96,0.0,0.03,0.0,0.03,0.0,0.0,0.0,0.0,0.0,0.0,0.0,0.0,0.0,0.0,2.37,1.19,3.42,0.77,0.63,0.0,0.0,0.0,0.03,0.14,0.03,0.03,0.0,0.63,31.09,23.74,7.35,76.35,11.43,12.3,5.68,0.91,33.77,1.64,34.56,30,29,2582,0.38,0.0,0.87,0.8,12.79,0.38,5.4,62.25,4.36,62.81,1.05,60.0
125,988672,La Liga,Elche,David Affengruber,Defender,6.92,0.03,0.03,0.06,0.44,0.13,0.28,7.14,0.35,64.71,0.03,0.0,0.0,0.0,0.03,0.0,0.06,0.03,0.0,0.0,0.0,0.0,0.0,0.0,2.26,1.57,5.34,0.82,0.57,0.06,0.06,0.03,0.0,0.19,0.06,0.03,0.0,0.25,64.13,56.33,7.8,87.84,35.65,20.68,5.66,0.03,11.11,2.17,36.51,35,32,2863,0.19,0.03,1.04,1.04,9.24,0.19,5.6,63.35,3.62,64.61,1.98,61.17
126,910536,La Liga,Real Madrid,Rodrygo,Forward,6.92,0.13,0.34,0.4,3.57,1.46,1.06,3.7,2.38,47.37,0.13,0.0,0.0,0.0,0.13,0.13,0.0,0.13,0.0,0.0,0.0,0.0,0.26,0.0,1.72,0.4,0.53,0.0,0.79,0.0,0.0,0.0,0.0,0.13,0.93,0.4,0.0,2.25,42.88,38.91,3.97,90.74,6.88,32.03,20.12,1.59,28.57,0.26,28.57,19,6,680,0.4,0.0,0.66,3.04,14.43,1.19,7.15,52.94,7.15,58.06,0.0,0.0
127,149370,La Liga,Osasuna,Moi Gómez,Midfielder,6.92,0.0,0.03,0.0,0.83,0.15,0.3,0.0,0.9,57.14,0.0,0.0,0.0,0.0,0.0,0.0,0.0,0.0,0.0,0.0,0.0,0.0,0.0,0.0,1.5,0.83,0.68,0.08,0.75,0.08,0.0,0.08,0.0,0.0,0.3,0.15,0.0,1.2,64.16,56.94,7.21,88.76,18.78,38.16,20.06,0.45,17.14,3.98,65.43,25,12,1198,0.23,0.0,1.43,1.58,11.57,0.6,4.81,55.65,3.98,54.64,0.83,61.11
128,319735,La Liga,Girona FC,Viktor Tsygankov,Midfielder,6.92,0.21,0.24,0.21,1.76,0.74,0.64,12.0,0.92,49.06,0.21,0.0,0.04,0.14,0.04,0.04,0.18,0.0,0.0,0.0,0.0,0.0,0.21,0.0,1.09,0.71,1.02,0.14,0.53,0.0,0.0,0.0,0.0,0.11,0.14,0.18,0.04,1.87,34.36,28.33,6.03,82.44,8.33,20.0,13.37,0.95,22.88,1.06,75.0,31,30,2551,0.11,0.0,0.71,1.2,12.35,0.74,4.23,50.42,3.18,52.63,1.06,44.78
129,859773,La Liga,Celta Vigo,Óscar Mingueza,Midfielder,6.92,0.05,0.03,0.0,0.64,0.23,0.23,7.14,0.69,53.57,0.0,0.05,0.0,0.0,0.05,0.05,0.05,0.0,0.0,0.0,0.0,0.0,0.05,0.0,1.88,0.41,1.74,0.23,1.56,0.0,0.09,0.0,0.0,0.09,0.32,0.18,0.09,1.46,56.58,48.07,8.51,84.95,19.59,28.47,16.94,0.6,19.4,2.52,50.93,33,21,1966,0.18,0.0,0.69,1.28,14.47,0.69,4.49,53.55,3.8,51.88,0.69,65.22
130,1014042,La Liga,Levante UD,Iván Romero,Forward,6.92,0.29,0.34,0.45,2.36,0.69,0.9,12.07,1.47,49.32,0.29,0.0,0.0,0.0,0.29,0.04,0.29,0.04,0.04,0.0,0.0,0.0,0.0,0.0,1.3,0.49,0.37,0.08,0.81,0.0,0.0,0.0,0.0,0.08,0.2,0.04,0.0,0.98,21.1,15.32,5.79,72.59,5.91,9.41,5.99,0.12,15.0,0.49,57.14,31,27,2209,0.2,0.0,1.59,3.06,15.07,2.24,7.05,48.6,5.83,48.97,1.22,46.88
131,1012410,La Liga,Celta Vigo,Alvaro Núñez,Defender,6.91,0.0,0.01,0.0,0.27,0.05,0.05,0.0,0.68,65.22,0.0,0.0,0.0,0.0,0.0,0.0,0.09,0.0,0.0,0.0,0.0,0.0,0.0,0.0,1.32,0.73,1.54,0.36,0.59,0.0,0.0,0.05,0.0,0.18,0.27,0.09,0.05,1.0,55.43,50.67,4.76,91.41,25.27,25.4,12.57,0.95,32.81,2.22,60.49,25,24,1984,0.09,0.0,0.64,1.0,8.8,0.27,3.49,54.61,2.99,62.26,0.5,31.43
132,845385,La Liga,Real Sociedad,Brais Méndez,Midfielder,6.91,0.32,0.31,0.27,1.94,0.86,0.48,16.67,1.13,42.0,0.32,0.0,0.0,0.32,0.0,0.05,0.38,0.0,0.11,0.05,50.0,0.0,0.22,0.0,1.99,0.38,0.48,0.16,0.43,0.0,0.0,0.0,0.0,0.0,0.32,0.11,0.0,1.35,47.26,38.76,8.5,82.0,14.75,24.01,14.69,0.75,21.54,2.05,59.38,29,21,1672,0.27,0.05,2.31,1.88,17.01,1.08,6.51,51.05,4.9,48.4,1.61,61.22
133,1014412,La Liga,Valencia,Julen Agirrezabala,Goalkeeper,6.91,0.0,0.0,0.0,0.0,0.0,0.0,0.0,0.0,0.0,0.0,0.0,0.0,0.0,0.0,0.0,0.0,0.0,0.0,0.0,0.0,0.0,0.0,0.0,0.11,0.0,1.39,0.0,0.11,0.0,0.0,0.0,0.0,0.22,0.0,0.0,0.0,0.06,27.44,19.11,8.33,69.64,16.22,2.89,0.78,0.0,0.0,4.5,35.22,18,18,1620,0.06,0.0,0.0,0.06,8.39,0.0,0.56,83.33,0.17,60.0,0.39,100.0
134,141832,La Liga,Elche,Pedro Bigas,Defender,6.91,0.05,0.03,0.05,0.46,0.14,0.23,10.0,0.18,57.14,0.0,0.05,0.0,0.05,0.0,0.0,0.0,0.0,0.0,0.0,0.0,0.0,0.0,0.0,1.55,1.23,4.73,0.86,0.73,0.0,0.18,0.09,0.0,0.23,0.18,0.09,0.0,0.64,67.34,59.92,7.42,88.99,32.76,27.16,11.15,0.36,32.0,3.55,45.61,27,24,1978,0.14,0.05,1.14,0.86,10.87,0.32,4.64,58.96,2.55,53.33,2.09,67.65
135,908714,La Liga,Villarreal,Arnau Tenas,Goalkeeper,6.91,0.0,0.0,0.0,0.0,0.0,0.0,0.0,0.0,0.0,0.0,0.0,0.0,0.0,0.0,0.0,0.0,0.0,0.0,0.0,0.0,0.0,0.0,0.0,0.11,0.0,0.89,0.0,0.0,0.11,0.0,0.0,0.0,0.0,0.0,0.0,0.0,0.0,27.89,17.56,10.33,62.95,14.89,2.67,0.78,0.0,0.0,5.33,34.78,9,9,810,0.0,0.0,0.0,0.11,10.44,0.0,0.22,100.0,0.22,100.0,0.0,0.0
136,1119345,La Liga,Atlético Madrid,Obed Vargas,Midfielder,6.9,0.0,0.02,0.0,0.55,0.0,0.42,0.0,1.25,69.23,0.0,0.0,0.0,0.0,0.0,0.0,0.14,0.0,0.0,0.0,0.0,0.0,0.0,0.0,3.19,0.97,1.25,0.55,1.11,0.0,0.28,0.0,0.0,0.14,0.0,0.14,0.0,0.55,38.55,31.62,6.93,82.01,15.81,15.81,7.9,0.14,20.0,1.53,45.83,11,7,649,0.28,0.0,0.55,1.25,10.4,0.28,5.96,66.15,5.69,70.69,0.28,28.57
137,901325,La Liga,Atlético Madrid,Nicolás González,Midfielder,6.9,0.31,0.26,0.37,2.65,1.23,1.05,11.63,1.48,51.06,0.31,0.0,0.18,0.12,0.0,0.12,0.12,0.06,0.0,0.0,0.0,0.0,0.0,0.0,1.48,0.74,1.66,0.18,0.99,0.06,0.0,0.0,0.0,0.12,0.18,0.0,0.0,0.74,32.92,25.03,7.89,76.03,10.17,14.86,7.89,0.18,11.11,1.36,52.38,24,18,1460,0.25,0.06,1.73,1.54,14.42,1.23,7.58,51.9,4.5,47.1,3.08,60.98
138,999178,La Liga,Deportivo Alavés,Ville Koski,Defender,6.9,0.0,0.0,0.0,0.0,0.0,0.0,0.0,0.0,0.0,0.0,0.0,0.0,0.0,0.0,0.0,0.0,0.0,0.0,0.0,0.0,0.0,0.0,0.0,2.36,1.88,6.6,0.94,0.0,0.0,0.0,0.0,0.0,0.94,0.0,0.0,0.0,0.0,14.61,10.84,3.77,74.19,8.48,2.36,0.47,0.0,0.0,1.41,42.86,4,2,191,0.0,0.0,0.47,0.0,4.24,0.0,4.24,75.0,2.36,83.33,1.88,66.67
139,827212,La Liga,FC Barcelona,Jules Koundé,Defender,6.9,0.04,0.07,0.2,0.56,0.16,0.28,7.14,0.83,60.0,0.04,0.0,0.04,0.0,0.0,0.04,0.08,0.0,0.0,0.0,0.0,0.0,0.0,0.0,1.86,1.19,2.18,0.52,0.87,0.0,0.08,0.04,0.0,0.32,0.24,0.12,0.0,0.91,76.24,69.81,6.43,91.57,32.01,37.8,16.9,0.48,30.0,1.23,46.97,30,24,2269,0.24,0.0,0.91,0.95,11.11,0.91,5.04,54.51,3.65,53.8,1.39,56.45
140,142622,La Liga,Real Madrid,Antonio Rüdiger,Defender,6.9,0.06,0.06,0.06,0.78,0.06,0.54,7.69,0.0,0.0,0.06,0.0,0.0,0.0,0.06,0.0,0.12,0.0,0.0,0.0,0.0,0.0,0.0,0.0,0.84,0.24,3.14,0.24,0.06,0.0,0.06,0.0,0.0,0.3,0.06,0.0,0.06,0.18,70.7,65.81,4.89,93.09,43.07,22.74,5.73,0.0,0.0,2.9,53.33,18,16,1492,0.0,0.0,0.66,0.12,5.49,0.06,2.77,63.89,0.97,55.17,1.81,69.77
141,1546073,La Liga,FC Barcelona,Xavi Espart,Defender,6.9,0.0,0.0,0.0,0.0,0.0,0.0,0.0,2.27,100.0,0.0,0.0,0.0,0.0,0.0,0.0,0.0,0.0,0.0,0.0,0.0,0.0,0.0,0.0,1.51,3.78,2.27,0.0,0.76,0.0,0.0,0.0,0.0,0.0,0.0,0.0,0.0,0.0,65.8,58.99,6.81,89.66,35.55,23.45,6.05,0.0,0.0,1.51,40.0,3,1,119,0.0,0.0,0.0,2.27,11.34,2.27,9.08,70.59,6.05,66.67,3.03,80.0
142,1002347,La Liga,Girona FC,Alejandro Francés,Defender,6.9,0.0,0.07,0.08,1.28,0.32,0.4,0.0,0.56,63.64,0.0,0.0,0.0,0.0,0.0,0.0,0.08,0.0,0.0,0.0,0.0,0.0,0.0,0.0,2.01,1.2,4.82,0.48,0.56,0.0,0.08,0.0,0.0,0.0,0.16,0.16,0.0,0.8,58.69,48.81,9.88,83.17,25.61,23.2,12.2,0.72,37.5,3.85,41.38,24,11,1121,0.16,0.08,1.2,1.85,12.6,0.24,5.54,66.35,4.34,66.67,1.2,65.22
143,949962,La Liga,Celta Vigo,Ferran Jutglà,Forward,6.9,0.49,0.37,0.44,2.46,1.42,0.82,20.0,1.15,39.62,0.38,0.11,0.0,0.11,0.38,0.05,0.55,0.0,0.0,0.0,0.0,0.0,0.0,0.0,0.6,0.38,1.09,0.05,0.22,0.0,0.0,0.0,0.0,0.0,0.11,0.16,0.05,0.77,22.16,17.12,5.03,77.28,6.29,10.83,6.02,0.16,15.79,0.66,66.67,29,21,1645,0.22,0.0,1.31,1.53,11.87,1.09,4.16,40.86,3.28,43.17,0.88,34.04
144,280979,La Liga,Real Sociedad,Gonçalo Guedes,Midfielder,6.9,0.39,0.19,0.15,2.25,0.88,0.54,17.39,0.88,46.15,0.29,0.1,0.0,0.1,0.29,0.1,0.64,0.0,0.0,0.0,0.0,0.0,0.0,0.0,1.22,0.2,0.29,0.0,1.22,0.0,0.05,0.0,0.0,0.05,0.29,0.2,0.05,1.22,27.65,20.65,7.0,74.69,5.63,15.02,9.93,0.83,24.29,1.22,58.14,32,22,1839,0.15,0.0,0.88,1.62,14.68,1.17,4.26,44.85,3.72,46.91,0.54,34.38
145,1154587,La Liga,Elche,Álvaro Rodriguez,Forward,6.89,0.25,0.37,0.72,3.13,0.97,1.65,8.11,1.61,49.35,0.21,0.04,0.04,0.21,0.0,0.0,0.76,0.0,0.0,0.0,0.0,0.0,0.0,0.0,0.89,0.13,1.1,0.04,0.38,0.0,0.0,0.04,0.0,0.04,0.3,0.21,0.0,1.4,21.94,14.15,7.79,64.48,3.43,10.72,6.35,0.17,40.0,0.55,65.0,33,23,2125,0.08,0.0,1.52,1.95,16.35,1.82,9.95,51.65,4.45,45.85,5.51,57.52
146,85859,La Liga,Atlético Madrid,Antoine Griezmann,Forward,6.89,0.45,0.48,0.52,2.92,1.56,1.23,15.56,0.52,33.33,0.45,0.0,0.0,0.32,0.13,0.06,0.97,0.0,0.0,0.0,0.0,0.0,0.06,0.0,0.91,0.45,0.78,0.13,0.71,0.0,0.13,0.0,0.0,0.13,0.52,0.19,0.06,1.95,44.58,36.71,7.86,82.36,13.32,23.39,12.67,1.3,26.67,2.08,66.67,33,12,1385,0.06,0.0,0.26,0.65,16.12,0.45,2.73,42.42,2.08,45.71,0.65,34.48
147,1485300,La Liga,Girona FC,Vitor Reis,Defender,6.89,0.03,0.05,0.12,0.56,0.12,0.32,5.26,0.24,72.73,0.03,0.0,0.03,0.0,0.0,0.0,0.03,0.0,0.0,0.0,0.0,0.0,0.0,0.0,1.42,0.92,6.11,1.18,0.32,0.0,0.21,0.0,0.03,0.15,0.06,0.03,0.0,0.27,55.51,50.58,4.93,91.12,36.02,14.56,3.84,0.0,0.0,2.27,51.33,35,34,3048,0.21,0.03,1.06,0.71,5.99,0.18,4.78,57.65,2.36,59.7,2.42,55.78
148,110783,La Liga,Mallorca,Sergi Darder,Midfielder,6.89,0.03,0.07,0.07,1.21,0.45,0.52,2.86,1.18,57.63,0.03,0.0,0.0,0.0,0.0,0.0,0.07,0.0,0.0,0.0,0.0,0.0,0.03,0.0,0.87,0.87,0.62,0.21,0.52,0.0,0.0,0.0,0.0,0.03,0.42,0.17,0.03,1.97,38.26,32.27,5.99,84.34,12.88,19.39,9.7,1.87,32.93,2.7,58.21,37,29,2599,0.1,0.0,0.69,0.97,12.5,0.62,3.26,52.81,3.01,53.05,0.24,50.0
149,1012444,La Liga,Villarreal,Alberto Moleiro,Midfielder,6.88,0.38,0.22,0.22,1.72,0.75,0.71,21.74,1.2,48.48,0.26,0.11,0.0,0.04,0.34,0.04,0.11,0.04,0.0,0.0,0.0,0.0,0.04,0.0,1.12,0.41,0.45,0.11,2.17,0.04,0.08,0.0,0.0,0.0,0.34,0.19,0.0,1.35,29.48,23.29,6.19,79.01,8.14,15.15,9.52,0.34,29.03,0.56,41.67,36,29,2400,0.15,0.0,1.2,0.94,11.96,0.94,3.38,34.88,3.26,37.18,0.11,12.5
150,797291,La Liga,Athletic Club,Unai Simón,Goalkeeper,6.88,0.0,0.0,0.0,0.0,0.0,0.0,0.0,0.0,0.0,0.0,0.0,0.0,0.0,0.0,0.0,0.0,0.0,0.0,0.0,0.0,0.0,0.0,0.0,0.03,0.0,0.95,0.0,0.0,0.0,0.03,0.0,0.0,0.16,0.0,0.0,0.0,0.03,30.38,17.62,12.76,58.01,12.11,5.51,2.7,0.0,0.0,7.0,35.87,37,37,3330,0.03,0.0,0.0,0.22,12.97,0.0,0.46,100.0,0.14,100.0,0.32,100.0
151,855831,La Liga,Elche,Víctor Chust,Defender,6.88,0.04,0.02,0.04,0.39,0.13,0.26,11.11,0.35,66.67,0.0,0.04,0.0,0.0,0.04,0.0,0.04,0.0,0.0,0.0,0.0,0.0,0.04,0.0,2.65,0.87,3.43,0.74,0.87,0.0,0.13,0.0,0.0,0.17,0.0,0.0,0.0,0.22,64.06,57.95,6.12,90.45,34.44,23.51,9.33,0.35,23.53,2.6,45.45,30,21,2075,0.26,0.04,1.56,0.39,8.67,0.17,4.6,53.27,3.38,55.32,1.21,48.28
152,149734,La Liga,Athletic Club,Aymeric Laporte,Defender,6.88,0.0,0.07,0.09,0.66,0.22,0.17,0.0,0.09,100.0,0.0,0.0,0.0,0.0,0.0,0.04,0.04,0.04,0.0,0.0,0.0,0.0,0.04,0.0,1.18,1.09,5.55,0.57,0.39,0.0,0.04,0.0,0.0,0.04,0.04,0.04,0.0,0.31,54.04,48.19,5.85,89.17,31.41,16.78,4.76,0.04,50.0,2.88,51.16,25,24,2060,0.17,0.0,0.39,0.57,6.38,0.04,4.46,68.0,1.83,68.85,2.62,67.42
153,21555,La Liga,Sevilla,César Azpilicueta,Defender,6.87,0.0,0.0,0.0,0.08,0.0,0.08,0.0,0.16,40.0,0.0,0.0,0.0,0.0,0.0,0.08,0.08,0.0,0.0,0.0,0.0,0.0,0.0,0.0,2.07,1.76,3.11,0.72,0.8,0.0,0.0,0.0,0.0,0.16,0.08,0.08,0.0,0.16,51.86,45.64,6.22,88.0,29.84,15.8,5.59,0.32,36.36,2.39,47.62,16,16,1128,0.32,0.0,1.76,0.64,10.21,0.16,4.39,52.88,2.79,49.3,1.6,60.61
154,925097,La Liga,FC Barcelona,Ronald Araújo,Defender,6.87,0.26,0.12,0.18,0.96,0.44,0.44,27.27,0.0,0.0,0.26,0.0,0.18,0.0,0.09,0.0,0.0,0.0,0.0,0.0,0.0,0.0,0.0,0.0,1.58,0.79,2.98,0.35,0.09,0.0,0.0,0.09,0.0,0.18,0.09,0.0,0.0,0.26,68.88,63.1,5.78,91.6,36.89,26.2,6.31,0.0,0.0,1.84,46.67,23,10,1027,0.18,0.0,1.49,0.26,7.45,0.09,5.0,60.64,1.84,53.85,3.15,65.45
155,887055,La Liga,Real Betis,Cucho Hernández,Forward,6.87,0.4,0.39,0.32,3.06,0.9,1.37,12.94,0.97,54.0,0.29,0.11,0.04,0.04,0.32,0.11,0.58,0.0,0.04,0.04,100.0,0.0,0.07,0.0,0.97,0.32,0.86,0.07,0.36,0.04,0.0,0.0,0.0,0.22,0.29,0.11,0.0,1.19,23.06,16.51,6.55,71.61,5.25,11.26,7.52,0.11,13.04,1.12,70.45,31,29,2502,0.18,0.0,0.79,1.33,13.63,1.87,4.53,45.0,3.24,46.39,1.29,41.86
156,39182,La Liga,Villarreal,Dani Parejo,Midfielder,6.87,0.0,0.01,0.0,0.14,0.0,0.07,0.0,0.54,50.0,0.0,0.0,0.0,0.0,0.0,0.07,0.0,0.0,0.0,0.0,0.0,0.0,0.14,0.0,2.64,0.81,0.95,0.47,0.68,0.07,0.27,0.0,0.0,0.0,0.2,0.0,0.07,1.69,57.36,50.14,7.23,87.4,24.26,25.88,11.89,0.81,32.43,3.51,60.47,31,15,1332,0.2,0.0,1.08,1.76,11.49,0.68,5.47,65.32,4.93,64.04,0.54,80.0
157,855832,La Liga,Deportivo Alavés,Antonio Blanco,Midfielder,6.87,0.06,0.03,0.0,1.13,0.36,0.33,5.26,0.68,74.19,0.03,0.03,0.0,0.03,0.03,0.0,0.06,0.0,0.0,0.0,0.0,0.0,0.0,0.0,2.8,1.61,1.22,0.33,1.93,0.0,0.06,0.0,0.0,0.12,0.06,0.09,0.0,0.65,53.39,45.59,7.79,85.4,22.84,22.75,8.63,0.24,26.67,2.97,57.47,35,35,3026,0.27,0.0,2.08,1.22,10.89,1.01,5.68,47.51,4.64,47.13,1.04,49.3
158,360718,La Liga,Celta Vigo,Carl Starfelt,Defender,6.86,0.0,0.03,0.12,0.24,0.06,0.18,0.0,0.06,50.0,0.0,0.0,0.0,0.0,0.0,0.0,0.0,0.0,0.0,0.0,0.0,0.0,0.0,0.0,1.39,1.02,6.51,0.78,0.06,0.0,0.06,0.0,0.06,0.3,0.0,0.0,0.0,0.06,61.19,58.65,2.53,95.86,45.21,13.44,2.23,0.0,0.0,1.87,72.09,19,17,1493,0.06,0.06,1.15,0.48,3.07,0.12,3.74,59.05,1.87,59.62,1.87,58.49
159,1518971,La Liga,Elche,Adam Boayar,Forward,6.86,0.85,0.25,0.0,4.25,1.7,1.7,20.0,0.85,20.0,0.85,0.0,0.0,0.0,0.85,0.0,0.85,0.0,0.0,0.0,0.0,0.0,0.0,0.0,3.4,0.85,3.4,0.0,2.55,0.0,0.0,0.0,0.0,0.0,0.0,0.0,0.0,1.7,33.11,28.87,4.25,87.18,9.34,19.53,16.98,0.0,0.0,2.55,100.0,7,0,106,0.0,0.0,0.0,0.85,16.13,3.4,7.64,42.86,5.09,35.29,2.55,75.0
160,1084730,La Liga,Celta Vigo,Bryan Zaragoza,Forward,6.86,0.08,0.16,0.0,2.06,0.95,0.63,3.85,2.14,38.57,0.08,0.0,0.0,0.0,0.08,0.0,0.48,0.08,0.08,0.08,100.0,0.0,0.0,0.0,0.79,0.16,0.4,0.0,0.95,0.0,0.08,0.0,0.0,0.08,0.32,0.08,0.0,1.43,26.48,20.54,5.95,77.54,5.07,15.46,9.99,1.19,22.06,1.03,56.52,19,13,1135,0.08,0.0,0.56,1.35,17.13,0.4,4.36,42.64,4.28,44.63,0.08,12.5
161,814590,La Liga,FC Barcelona,Marcus Rashford,Forward,6.86,0.43,0.41,0.54,4.09,1.56,1.08,10.53,1.56,34.94,0.32,0.11,0.05,0.16,0.22,0.16,0.54,0.0,0.0,0.0,0.0,0.05,0.59,9.09,0.43,0.11,0.75,0.16,0.27,0.0,0.0,0.0,0.0,0.0,0.38,0.38,0.0,2.26,39.69,33.55,6.14,84.53,5.76,27.79,19.17,1.45,24.55,1.24,56.1,31,17,1671,0.16,0.0,0.54,1.35,18.47,1.24,3.55,40.24,3.34,40.26,0.22,40.0
162,1649918,La Liga,Levante UD,Carlos Espí,Forward,6.86,0.71,0.45,0.64,3.71,1.57,1.57,19.23,0.86,50.0,0.5,0.21,0.29,0.14,0.29,0.0,0.64,0.0,0.0,0.0,0.0,0.0,0.0,0.0,0.93,0.43,0.93,0.07,0.57,0.0,0.0,0.0,0.0,0.0,0.07,0.0,0.0,0.64,14.21,9.07,5.14,63.82,3.14,5.93,3.5,0.0,0.0,0.07,33.33,24,12,1260,0.21,0.0,2.14,1.64,11.5,1.36,6.64,47.45,3.43,41.74,3.21,55.56
163,103417,La Liga,Real Betis,Isco,Midfielder,6.86,0.52,0.49,0.0,2.59,0.52,0.52,20.0,0.52,50.0,0.52,0.0,0.0,0.0,0.52,0.0,0.0,0.52,0.52,0.52,100.0,0.0,0.0,0.0,1.55,0.52,0.0,0.0,2.07,0.0,0.0,0.0,0.0,0.0,0.52,0.52,0.0,2.59,65.69,59.48,6.21,90.55,20.69,38.79,23.28,1.03,25.0,3.62,70.0,7,0,174,0.0,0.0,1.55,4.14,14.48,1.03,6.72,50.0,6.21,54.55,0.52,25.0
164,949707,La Liga,Getafe,Juan Iglesias,Defender,6.86,0.03,0.03,0.0,0.76,0.15,0.2,3.85,0.87,51.72,0.03,0.0,0.0,0.0,0.03,0.0,0.03,0.0,0.0,0.0,0.0,0.0,0.0,0.0,3.22,0.73,3.98,0.32,1.45,0.06,0.03,0.0,0.03,0.26,0.09,0.06,0.0,0.52,24.57,15.91,8.65,64.78,6.24,9.67,5.17,0.61,20.79,2.12,32.74,36,35,3099,0.12,0.0,1.77,1.92,17.77,0.49,6.88,55.24,6.01,57.66,0.87,42.86
165,973699,La Liga,Girona FC,Iván Martín,Midfielder,6.86,0.0,0.03,0.07,0.48,0.18,0.15,0.0,1.07,60.42,0.0,0.0,0.0,0.0,0.0,0.0,0.11,0.04,0.0,0.0,0.0,0.0,0.0,0.0,2.17,0.59,1.03,0.15,0.66,0.0,0.04,0.0,0.0,0.15,0.07,0.04,0.0,0.85,50.04,44.71,5.33,89.35,21.03,23.68,12.43,0.11,21.43,2.32,71.59,34,28,2448,0.11,0.04,1.03,1.1,9.49,1.18,5.04,53.31,4.34,56.46,0.7,39.58
166,795064,La Liga,Real Madrid,Trent Alexander-Arnold,Defender,6.86,0.0,0.02,0.0,0.77,0.15,0.46,0.0,0.38,41.67,0.0,0.0,0.0,0.0,0.0,0.08,0.0,0.0,0.0,0.0,0.0,0.0,0.31,0.0,1.08,1.08,0.77,0.23,0.77,0.0,0.0,0.0,0.0,0.08,0.23,0.31,0.08,2.23,63.21,53.89,9.32,85.26,20.94,32.95,16.4,2.54,25.98,5.93,57.89,21,14,1169,0.31,0.0,0.77,0.38,20.4,0.31,2.23,46.03,1.85,43.64,0.38,62.5
167,37318,La Liga,Osasuna,Ante Budimir,Forward,6.85,0.53,0.54,0.5,3.21,1.29,1.48,16.67,0.09,18.75,0.53,0.0,0.16,0.31,0.06,0.19,0.69,0.06,0.25,0.19,75.0,0.0,0.0,0.0,0.63,0.19,1.41,0.19,0.13,0.0,0.03,0.0,0.0,0.06,0.06,0.0,0.0,0.47,11.91,7.26,4.65,60.95,2.42,4.84,2.95,0.0,0.0,0.13,44.44,36,34,2863,0.13,0.0,1.54,1.13,9.4,1.01,5.47,47.15,1.79,38.51,3.68,52.94
168,824200,La Liga,Atlético Madrid,Ademola Lookman,Forward,6.85,0.64,0.67,0.32,3.37,0.8,1.6,19.05,0.96,46.15,0.64,0.0,0.16,0.0,0.48,0.16,1.12,0.0,0.16,0.16,100.0,0.0,0.0,0.0,0.48,0.16,0.0,0.0,0.32,0.0,0.0,0.0,0.0,0.0,0.32,0.0,0.0,1.6,25.83,21.5,4.33,83.23,4.97,16.52,10.27,0.32,18.18,0.16,33.33,11,8,561,0.16,0.0,0.8,1.44,10.27,1.76,3.21,41.67,2.89,42.86,0.32,33.33
169,855833,La Liga,FC Barcelona,Ferran Torres,Forward,6.85,0.76,0.62,0.95,3.17,1.7,0.95,23.88,0.33,29.17,0.62,0.14,0.05,0.05,0.66,0.28,0.52,0.0,0.0,0.0,0.0,0.0,0.05,0.0,0.33,0.14,0.47,0.05,0.38,0.0,0.0,0.0,0.0,0.09,0.19,0.05,0.0,1.04,20.22,15.29,4.92,75.64,5.16,10.13,6.44,0.05,50.0,0.33,58.33,32,22,1901,0.09,0.0,0.62,0.85,9.28,0.9,2.65,43.08,1.47,35.63,1.18,58.14
170,19356,La Liga,Celta Vigo,Iago Aspas,Forward,6.85,0.41,0.37,0.17,2.31,0.99,0.91,17.86,0.99,60.0,0.33,0.08,0.0,0.33,0.08,0.08,0.0,0.08,0.17,0.17,100.0,0.0,0.0,0.0,1.16,0.99,0.17,0.0,0.74,0.0,0.0,0.0,0.0,0.0,0.66,0.25,0.0,2.48,49.92,39.26,10.66,78.64,8.68,30.58,19.75,0.5,25.0,2.81,61.82,31,10,1089,0.33,0.0,0.25,1.24,16.69,1.24,3.64,50.0,3.39,53.95,0.25,25.0
171,843678,La Liga,Villarreal,Santi Comesaña,Midfielder,6.85,0.11,0.16,0.15,1.01,0.26,0.52,11.11,0.41,52.38,0.11,0.0,0.0,0.04,0.07,0.07,0.04,0.0,0.0,0.0,0.0,0.0,0.0,0.0,1.68,1.04,2.01,0.56,0.93,0.0,0.22,0.04,0.0,0.07,0.11,0.22,0.0,1.01,45.09,37.52,7.57,83.21,17.38,20.14,10.22,0.07,13.33,1.57,52.5,34,28,2413,0.19,0.04,1.6,1.04,11.04,1.01,4.44,46.48,3.13,45.16,1.31,50.0
172,966862,La Liga,Real Sociedad,Ander Barrenetxea,Midfielder,6.85,0.15,0.13,0.31,1.73,0.56,0.92,8.82,2.8,47.41,0.05,0.1,0.0,0.0,0.15,0.0,0.25,0.0,0.0,0.0,0.0,0.05,0.05,100.0,1.53,0.76,0.56,0.2,0.81,0.0,0.05,0.0,0.0,0.0,0.56,0.25,0.0,2.24,36.94,29.66,7.28,80.3,7.78,21.88,12.67,0.51,13.89,1.37,49.09,30,22,1769,0.25,0.0,1.88,1.53,19.74,1.68,6.31,43.51,5.85,44.4,0.46,34.62
173,255999,La Liga,Mallorca,Omar Mascarell,Midfielder,6.85,0.08,0.01,0.0,0.29,0.12,0.08,28.57,0.25,66.67,0.04,0.04,0.04,0.0,0.04,0.0,0.0,0.0,0.0,0.0,0.0,0.0,0.0,0.0,1.93,1.44,3.33,0.7,0.74,0.08,0.08,0.0,0.0,0.16,0.08,0.08,0.0,0.33,42.99,36.87,6.12,85.77,21.43,15.44,5.3,0.04,16.67,3.24,54.48,29,25,2192,0.21,0.0,1.56,0.53,7.55,0.16,3.9,49.22,2.71,51.16,1.19,45.31
174,927066,La Liga,Levante UD,Pablo Martínez,Midfielder,6.85,0.05,0.1,0.05,1.42,0.2,0.71,3.57,0.71,42.42,0.05,0.0,0.0,0.05,0.0,0.05,0.2,0.0,0.0,0.0,0.0,0.0,0.2,0.0,0.86,0.96,1.47,0.51,0.61,0.0,0.05,0.0,0.0,0.15,0.46,0.2,0.0,1.57,32.93,25.6,7.34,77.73,11.89,13.71,7.34,1.42,35.0,1.77,41.18,26,20,1779,0.15,0.0,1.52,0.61,13.1,0.86,2.78,39.57,2.12,35.29,0.66,65.0
175,900008,La Liga,Rayo Vallecano,Óscar Valentín,Midfielder,6.85,0.04,0.04,0.0,0.57,0.18,0.26,7.69,0.22,41.67,0.04,0.0,0.0,0.04,0.0,0.0,0.0,0.0,0.0,0.0,0.0,0.0,0.0,0.0,3.03,1.18,2.59,0.61,1.45,0.0,0.09,0.04,0.0,0.18,0.04,0.0,0.0,0.44,38.07,33.68,4.39,88.48,16.1,17.59,7.41,0.0,0.0,1.05,50.0,32,25,2052,0.13,0.04,1.36,0.88,6.36,0.48,5.22,49.79,4.08,54.71,1.14,37.68
176,976141,La Liga,Osasuna,Jon Moncayola,Midfielder,6.85,0.0,0.06,0.09,0.7,0.15,0.18,0.0,0.4,61.9,0.0,0.0,0.0,0.0,0.0,0.03,0.0,0.0,0.0,0.0,0.0,0.0,0.03,0.0,1.62,0.64,1.47,0.18,1.31,0.0,0.0,0.0,0.0,0.18,0.27,0.12,0.0,1.16,41.84,33.72,8.12,80.58,14.96,18.75,9.01,1.04,24.64,2.66,49.15,35,34,2947,0.27,0.0,1.19,0.4,13.86,0.27,2.93,45.93,2.38,44.57,0.55,52.94
177,787751,La Liga,Atlético Madrid,Robin Le Normand,Defender,6.85,0.05,0.03,0.05,0.3,0.05,0.15,16.67,0.05,25.0,0.05,0.0,0.05,0.0,0.0,0.0,0.05,0.0,0.0,0.0,0.0,0.0,0.0,0.0,1.76,1.01,4.93,0.35,0.4,0.05,0.0,0.0,0.0,0.3,0.05,0.05,0.0,0.1,52.67,47.14,5.53,89.49,32.4,14.74,4.07,0.05,33.33,1.81,40.0,28,17,1789,0.25,0.0,1.11,0.7,6.54,0.05,5.03,63.29,2.47,59.76,2.57,67.11
178,807771,La Liga,Atlético Madrid,Dávid Hancko,Defender,6.85,0.0,0.05,0.08,0.79,0.19,0.49,0.0,0.3,53.33,0.0,0.0,0.0,0.0,0.0,0.04,0.08,0.0,0.0,0.0,0.0,0.0,0.0,0.0,1.62,0.72,3.77,0.38,0.75,0.0,0.04,0.04,0.0,0.3,0.15,0.08,0.0,0.49,53.76,47.09,6.67,87.6,26.94,20.15,9.04,0.11,10.34,2.52,51.15,29,26,2389,0.08,0.0,0.57,0.15,9.72,0.3,3.65,54.49,2.07,52.88,1.58,56.76
179,857205,La Liga,Espanyol,Fernando Calero,Defender,6.84,0.0,0.08,0.17,0.52,0.04,0.44,0.0,0.09,28.57,0.0,0.0,0.0,0.0,0.0,0.0,0.0,0.0,0.0,0.0,0.0,0.0,0.0,0.0,1.18,1.22,5.37,1.35,0.26,0.0,0.0,0.0,0.0,0.22,0.04,0.0,0.0,0.13,50.37,44.43,5.94,88.2,35.56,8.87,2.1,0.0,0.0,3.01,46.0,27,23,2060,0.22,0.0,0.66,0.39,6.68,0.04,3.28,52.08,1.66,58.46,1.62,46.84
180,1145642,La Liga,Osasuna,Victor Muñoz,Forward,6.84,0.2,0.2,0.3,2.73,1.05,0.84,7.41,2.53,42.13,0.13,0.07,0.07,0.03,0.1,0.03,0.17,0.03,0.0,0.0,0.0,0.0,0.0,0.0,0.74,0.3,0.67,0.0,0.61,0.0,0.0,0.0,0.0,0.1,0.07,0.07,0.0,0.91,21.02,16.97,4.05,80.74,4.35,12.62,7.46,0.74,21.36,0.17,35.71,34,31,2668,0.1,0.0,1.08,1.82,15.82,1.89,5.63,41.44,5.06,42.25,0.57,35.42
181,1026015,La Liga,Real Sociedad,Orri Óskarsson,Forward,6.84,0.94,0.63,0.71,2.71,1.88,0.71,34.78,0.35,100.0,0.94,0.0,0.24,0.0,0.71,0.0,1.65,0.0,0.0,0.0,0.0,0.0,0.0,0.0,0.71,0.12,0.71,0.12,0.47,0.0,0.0,0.0,0.0,0.0,0.24,0.0,0.0,0.59,13.53,8.35,5.18,61.74,2.47,5.88,3.53,0.24,40.0,0.24,50.0,19,7,765,0.59,0.0,1.76,0.71,8.47,0.59,3.41,39.73,1.76,39.47,1.65,40.0
182,825133,La Liga,Osasuna,Javi Galán,Defender,6.84,0.0,0.01,0.0,0.26,0.05,0.16,0.0,1.98,61.29,0.0,0.0,0.0,0.0,0.0,0.05,0.1,0.0,0.0,0.0,0.0,0.0,0.0,0.0,2.45,1.51,2.86,0.26,0.62,0.0,0.05,0.1,0.0,0.1,0.1,0.05,0.0,1.4,46.04,38.81,7.23,84.29,19.66,19.14,10.46,1.56,35.71,2.03,43.82,24,19,1730,0.16,0.0,1.51,1.92,14.93,0.73,7.02,58.7,6.29,61.11,0.73,43.75
183,990169,La Liga,Atlético Madrid,Johnny Cardoso,Midfielder,6.84,0.0,0.01,0.0,0.2,0.0,0.1,0.0,0.5,50.0,0.0,0.0,0.0,0.0,0.0,0.0,0.0,0.0,0.0,0.0,0.0,0.0,0.0,0.0,3.73,1.61,2.22,0.61,1.01,0.0,0.0,0.0,0.0,0.1,0.1,0.0,0.0,0.3,50.35,44.5,5.85,88.38,22.0,22.5,9.99,0.1,50.0,2.72,75.0,15,12,892,0.5,0.0,2.32,1.41,9.79,1.51,6.86,49.64,5.65,51.38,1.21,42.86
184,1103693,La Liga,FC Barcelona,Pablo Gavi,Midfielder,6.84,0.0,0.0,0.0,0.0,0.0,0.0,0.0,0.19,14.29,0.0,0.0,0.0,0.0,0.0,0.0,0.0,0.0,0.0,0.0,0.0,0.0,0.0,0.0,2.79,0.56,1.12,0.19,1.3,0.0,0.0,0.19,0.0,0.0,0.19,0.19,0.0,1.3,66.57,61.92,4.65,93.02,25.48,36.45,16.55,0.0,0.0,2.6,82.35,10,6,484,0.56,0.0,1.86,2.23,7.25,0.19,7.07,56.72,4.83,52.0,2.23,70.59
185,942836,La Liga,Real Oviedo,Haissem Hassan,Midfielder,6.84,0.0,0.07,0.09,1.56,0.38,0.71,0.0,2.85,49.59,0.0,0.0,0.0,0.0,0.0,0.05,0.14,0.0,0.0,0.0,0.0,0.0,0.0,0.0,1.8,0.28,0.52,0.0,1.52,0.05,0.0,0.0,0.0,0.0,0.09,0.14,0.0,0.95,23.05,18.45,4.6,80.04,8.2,10.24,5.74,1.28,24.32,2.09,72.13,36,20,1898,0.05,0.0,0.57,1.14,15.74,0.71,5.88,49.8,5.79,50.41,0.09,28.57
186,35612,La Liga,Girona FC,Axel Witsel,Midfielder,6.84,0.04,0.09,0.18,0.73,0.18,0.4,5.0,0.36,71.43,0.04,0.0,0.0,0.0,0.04,0.07,0.04,0.0,0.0,0.0,0.0,0.0,0.0,0.0,1.31,1.05,2.0,0.4,1.05,0.0,0.04,0.0,0.0,0.07,0.07,0.07,0.0,0.62,52.36,47.78,4.58,91.25,25.09,22.69,10.22,0.0,0.0,1.45,63.49,31,29,2475,0.04,0.04,1.24,1.35,6.69,0.69,4.69,53.53,2.98,49.4,1.71,62.67
187,893062,La Liga,Real Betis,Aitor Ruibal,Defender,6.83,0.2,0.19,0.15,1.54,0.6,0.5,12.9,0.74,46.88,0.2,0.0,0.05,0.05,0.1,0.0,0.05,0.05,0.0,0.0,0.0,0.0,0.05,0.0,2.23,1.04,2.23,0.15,1.34,0.0,0.05,0.15,0.0,0.25,0.15,0.1,0.0,0.94,34.63,28.63,6.0,82.66,13.4,15.23,8.34,0.5,31.25,1.64,40.74,27,20,1814,0.2,0.05,1.59,1.24,11.56,0.94,4.51,46.91,4.17,48.28,0.35,35.0
188,1170694,La Liga,Levante UD,Ugo Raghouber,Midfielder,6.83,0.0,0.01,0.0,0.38,0.0,0.25,0.0,1.14,75.0,0.0,0.0,0.0,0.0,0.0,0.0,0.13,0.0,0.0,0.0,0.0,0.0,0.0,0.0,2.67,1.9,2.28,0.0,1.4,0.0,0.13,0.0,0.0,0.13,0.0,0.0,0.0,0.38,40.75,34.4,6.35,84.42,22.6,11.81,4.95,0.0,0.0,1.65,54.17,15,8,709,0.13,0.0,1.14,1.78,9.52,0.51,8.12,62.75,5.33,61.76,2.79,64.71
189,344751,La Liga,Valencia,Baptiste Santamaria,Midfielder,6.83,0.12,0.04,0.0,0.7,0.23,0.23,16.67,0.7,50.0,0.12,0.0,0.12,0.0,0.0,0.0,0.12,0.0,0.0,0.0,0.0,0.0,0.0,0.0,1.39,0.81,3.48,0.23,0.7,0.0,0.12,0.0,0.0,0.23,0.23,0.12,0.0,0.46,47.03,38.55,8.48,81.98,19.97,18.58,9.17,0.12,33.33,2.67,54.76,19,7,775,0.23,0.0,1.51,1.16,11.96,0.58,5.34,55.42,3.25,50.0,2.09,66.67
190,855835,La Liga,Real Sociedad,Sergio Gómez,Defender,6.83,0.0,0.04,0.07,0.41,0.0,0.27,0.0,0.44,52.0,0.0,0.0,0.0,0.0,0.0,0.03,0.14,0.0,0.0,0.0,0.0,0.0,0.0,0.0,2.97,1.02,2.32,0.2,1.43,0.0,0.03,0.0,0.0,0.07,0.44,0.17,0.0,1.5,50.38,43.72,6.66,86.79,19.76,23.96,11.09,1.3,24.84,2.01,49.58,34,29,2637,0.14,0.03,1.47,0.48,14.3,0.24,4.57,54.25,3.86,52.8,0.72,63.64
191,875890,La Liga,Sevilla,Chidera Ejuke,Forward,6.83,0.1,0.15,0.19,2.2,0.29,0.86,4.35,5.36,61.54,0.1,0.0,0.0,0.0,0.1,0.0,0.19,0.0,0.0,0.0,0.0,0.0,0.0,0.0,1.82,0.57,0.29,0.1,0.1,0.0,0.0,0.0,0.0,0.0,0.1,0.1,0.0,1.24,33.95,28.41,5.55,83.66,9.28,19.13,11.57,0.38,15.38,1.72,69.23,26,6,941,0.0,0.0,0.48,1.53,16.93,2.01,9.18,57.83,8.7,60.26,0.48,33.33
192,1466116,La Liga,Real Sociedad,Jon Martin,Defender,6.82,0.08,0.08,0.16,0.6,0.2,0.28,13.33,0.32,66.67,0.08,0.0,0.08,0.0,0.0,0.04,0.04,0.0,0.0,0.0,0.0,0.0,0.0,0.0,1.24,1.36,6.36,0.96,0.12,0.0,0.12,0.04,0.0,0.04,0.0,0.0,0.0,0.08,54.24,49.48,4.76,91.22,34.68,14.8,3.4,0.0,0.0,1.28,45.71,25,25,2250,0.24,0.0,0.72,0.48,6.0,0.32,5.4,65.53,2.04,62.2,3.36,67.74
193,1496360,La Liga,Levante UD,Matias Moreno,Defender,6.82,0.0,0.04,0.08,0.41,0.0,0.21,0.0,0.17,50.0,0.0,0.0,0.0,0.0,0.0,0.04,0.08,0.0,0.0,0.0,0.0,0.0,0.0,0.0,1.36,1.36,5.29,0.74,0.29,0.04,0.0,0.0,0.0,0.33,0.04,0.0,0.0,0.33,43.26,37.02,6.25,85.56,25.68,11.33,4.01,0.04,33.33,2.4,46.03,27,26,2176,0.33,0.0,0.95,0.95,7.32,0.17,4.47,60.0,2.44,62.11,2.03,57.65
194,17651,La Liga,Real Oviedo,Santi Cazorla,Midfielder,6.82,0.0,0.04,0.0,0.72,0.1,0.51,0.0,1.13,61.11,0.0,0.0,0.0,0.0,0.0,0.1,0.0,0.0,0.0,0.0,0.0,0.0,0.1,0.0,1.74,0.31,0.72,0.31,1.13,0.0,0.1,0.0,0.0,0.0,0.31,0.1,0.0,2.67,52.44,45.87,6.57,87.48,16.83,29.04,15.6,1.64,23.88,4.62,68.18,27,5,877,0.1,0.1,0.51,1.95,16.32,0.92,5.44,61.63,4.82,61.04,0.62,66.67
195,1010383,La Liga,Levante UD,Jon Ander Olasagasti,Midfielder,6.82,0.05,0.1,0.16,1.4,0.43,0.49,3.85,0.65,50.0,0.0,0.05,0.0,0.05,0.0,0.05,0.0,0.0,0.0,0.0,0.0,0.0,0.11,0.0,1.46,0.65,1.24,0.43,1.02,0.0,0.0,0.0,0.0,0.11,0.32,0.27,0.05,1.89,34.71,26.14,8.57,75.31,10.72,15.41,8.51,1.13,20.59,1.56,40.85,32,17,1670,0.16,0.05,1.08,1.62,16.01,0.97,5.28,51.58,3.72,50.36,1.56,54.72
196,1084081,La Liga,Girona FC,Arnau Martínez,Defender,6.82,0.03,0.05,0.03,0.62,0.1,0.34,5.56,0.45,52.0,0.03,0.0,0.0,0.0,0.03,0.07,0.1,0.0,0.0,0.0,0.0,0.0,0.0,0.0,2.27,1.41,4.26,0.45,0.89,0.0,0.03,0.0,0.0,0.14,0.24,0.1,0.0,0.82,48.47,41.43,7.04,85.47,23.36,18.07,9.69,0.27,16.0,2.27,43.71,34,32,2620,0.21,0.0,0.79,1.03,10.92,0.58,4.88,56.57,3.74,58.6,1.13,50.77
197,1184541,La Liga,Villarreal,Alexander Freeman,Defender,6.82,0.0,0.01,0.0,0.25,0.0,0.25,0.0,0.76,50.0,0.0,0.0,0.0,0.0,0.0,0.25,0.0,0.0,0.0,0.0,0.0,0.0,0.0,0.0,3.29,1.01,4.04,0.51,1.26,0.0,0.25,0.0,0.0,0.0,0.0,0.0,0.0,0.25,59.16,53.6,5.56,90.6,32.61,20.98,8.09,0.0,0.0,1.77,63.64,9,3,356,0.0,0.0,0.51,0.76,10.62,0.51,6.32,65.79,4.8,61.29,1.52,85.71
198,862223,La Liga,Villarreal,Manor Solomon,Midfielder,6.82,0.59,0.25,0.0,1.18,0.59,0.0,50.0,3.53,54.55,0.59,0.0,0.0,0.59,0.0,0.0,0.59,0.0,0.0,0.0,0.0,0.0,0.0,0.0,0.59,0.0,0.0,0.0,1.18,0.0,0.0,0.0,0.0,0.0,0.59,0.59,0.0,1.18,28.82,24.71,4.12,85.71,6.47,18.24,14.12,1.18,20.0,0.0,0.0,6,1,153,0.0,0.0,0.0,1.18,17.65,1.18,5.29,47.37,5.29,50.0,0.0,0.0
199,960006,La Liga,Sevilla,Lucien Agoumé,Midfielder,6.82,0.03,0.03,0.0,0.52,0.07,0.24,6.67,0.38,52.38,0.0,0.03,0.0,0.03,0.0,0.0,0.28,0.0,0.0,0.0,0.0,0.0,0.0,0.0,2.38,1.62,1.38,0.17,0.55,0.03,0.03,0.0,0.0,0.07,0.28,0.1,0.03,0.97,43.88,35.49,8.39,80.88,15.91,19.57,11.15,0.1,15.0,2.28,47.83,33,30,2607,0.41,0.0,1.86,0.48,11.84,0.72,5.11,51.57,3.25,48.7,1.86,57.45
200,1014595,La Liga,Elche,Marc Aguado,Midfielder,6.82,0.04,0.01,0.0,0.11,0.07,0.0,33.33,0.0,0.0,0.04,0.0,0.0,0.0,0.04,0.0,0.0,0.0,0.0,0.0,0.0,0.0,0.0,0.0,1.7,1.55,1.89,0.78,0.37,0.0,0.0,0.0,0.0,0.0,0.0,0.07,0.0,0.37,47.55,43.3,4.26,91.05,21.46,21.83,8.07,0.07,100.0,0.96,42.62,34,29,2432,0.07,0.0,0.85,0.85,5.11,0.22,2.85,57.89,2.52,63.55,0.33,34.62
201,257091,La Liga,Real Sociedad,Duje Ćaleta-Car,Defender,6.81,0.04,0.05,0.04,0.54,0.13,0.25,7.69,0.0,0.0,0.04,0.0,0.04,0.0,0.0,0.0,0.04,0.0,0.0,0.0,0.0,0.0,0.0,0.0,1.0,1.17,5.39,1.09,0.17,0.0,0.0,0.0,0.04,0.08,0.0,0.0,0.0,0.13,56.79,51.44,5.35,90.57,36.47,14.97,3.22,0.0,0.0,2.01,48.48,27,24,2152,0.25,0.04,1.25,0.33,5.69,0.08,4.85,58.0,1.34,48.48,3.51,62.69
202,1010656,La Liga,Levante UD,Carlos Álvarez,Midfielder,6.81,0.14,0.13,0.09,1.42,0.52,0.38,10.0,0.9,33.33,0.09,0.05,0.0,0.14,0.0,0.14,0.09,0.05,0.0,0.0,0.0,0.05,0.24,20.0,1.04,0.61,0.28,0.05,1.04,0.0,0.05,0.0,0.0,0.05,0.28,0.05,0.0,1.89,30.96,25.06,5.9,80.95,8.16,16.9,10.67,0.47,18.18,1.04,70.97,30,23,1907,0.14,0.0,1.04,2.31,14.82,1.56,4.39,41.52,4.2,44.06,0.19,18.18
203,797306,La Liga,Valencia,Mouctar Diakhaby,Defender,6.81,0.17,0.09,0.0,0.66,0.5,0.17,25.0,0.17,33.33,0.17,0.0,0.17,0.0,0.0,0.0,0.17,0.17,0.0,0.0,0.0,0.0,0.0,0.0,1.32,1.65,7.11,0.33,0.0,0.17,0.0,0.0,0.0,0.33,0.0,0.0,0.0,0.17,52.94,46.32,6.62,87.5,33.58,12.74,2.81,0.0,0.0,1.65,31.25,8,7,544,0.5,0.0,1.16,0.5,7.61,0.0,4.63,66.67,1.99,60.0,2.65,72.73
204,896073,La Liga,Deportivo Alavés,Nahuel Tenaglia,Defender,6.81,0.06,0.05,0.03,0.63,0.2,0.31,9.09,0.29,43.48,0.06,0.0,0.0,0.03,0.03,0.03,0.11,0.03,0.0,0.0,0.0,0.0,0.0,0.0,1.86,1.29,5.06,0.86,0.43,0.06,0.03,0.03,0.0,0.14,0.03,0.0,0.0,0.17,37.9,32.81,5.09,86.58,21.26,11.55,3.34,0.09,17.65,2.32,46.29,35,35,3149,0.06,0.0,0.83,1.17,7.35,0.26,4.66,59.06,3.32,64.09,1.34,49.47
205,808955,La Liga,Elche,Josan,Midfielder,6.81,0.0,0.04,0.0,0.47,0.16,0.16,0.0,1.1,53.85,0.0,0.0,0.0,0.0,0.0,0.0,0.16,0.0,0.0,0.0,0.0,0.0,0.0,0.0,1.89,0.79,0.79,0.16,0.31,0.0,0.0,0.0,0.0,0.0,0.63,0.47,0.0,3.3,38.86,34.77,4.09,89.47,9.6,25.17,15.58,3.3,28.38,1.57,90.91,19,4,572,0.31,0.0,0.79,0.94,15.1,0.47,4.09,56.52,3.93,60.98,0.16,20.0
206,799054,La Liga,Sevilla,Djibril Sow,Midfielder,6.81,0.21,0.08,0.04,0.81,0.34,0.3,26.32,0.26,46.15,0.21,0.0,0.04,0.04,0.13,0.0,0.13,0.0,0.0,0.0,0.0,0.0,0.0,0.0,1.88,0.86,0.38,0.09,0.34,0.0,0.13,0.04,0.0,0.04,0.09,0.17,0.0,0.98,38.31,34.03,4.28,88.84,17.66,16.38,8.17,0.47,50.0,1.8,70.0,32,26,2105,0.26,0.0,1.62,1.24,6.76,0.34,4.02,51.65,3.38,57.66,0.64,33.33
207,835484,La Liga,Girona FC,Fran Beltrán,Midfielder,6.81,0.06,0.04,0.0,0.94,0.24,0.29,6.25,0.41,77.78,0.06,0.0,0.0,0.0,0.06,0.0,0.0,0.0,0.0,0.0,0.0,0.0,0.0,0.0,1.82,0.94,1.35,0.35,0.88,0.0,0.0,0.0,0.0,0.12,0.12,0.0,0.0,0.77,60.69,55.51,5.18,91.46,24.13,31.37,14.01,0.12,25.0,2.53,67.19,26,18,1529,0.18,0.0,1.12,0.71,8.06,1.06,3.47,45.04,2.94,48.54,0.53,32.14
208,1126447,La Liga,Elche,Lucas Cepeda,Midfielder,6.81,0.22,0.2,0.22,2.89,1.11,1.11,7.69,1.11,38.46,0.22,0.0,0.0,0.22,0.0,0.0,0.22,0.0,0.0,0.0,0.0,0.0,0.22,0.0,2.0,0.22,0.0,0.22,1.11,0.0,0.0,0.0,0.0,0.0,0.0,0.0,0.0,1.33,34.89,29.33,5.56,84.08,7.11,22.22,13.56,1.78,47.06,0.89,80.0,10,4,405,0.22,0.0,1.56,2.22,12.22,0.67,5.56,47.17,5.33,51.06,0.22,16.67
209,847128,La Liga,Real Betis,Marc Roca,Midfielder,6.81,0.05,0.06,0.09,0.65,0.23,0.28,7.14,0.51,73.33,0.0,0.05,0.0,0.0,0.05,0.05,0.0,0.0,0.0,0.0,0.0,0.0,0.0,0.0,1.72,1.07,1.77,0.37,1.07,0.0,0.0,0.0,0.0,0.23,0.14,0.05,0.05,0.84,46.05,40.37,5.67,87.68,20.28,20.09,8.93,0.14,27.27,2.09,52.94,28,22,1935,0.05,0.0,1.86,1.02,8.05,0.79,3.67,44.63,3.26,46.05,0.42,36.0
210,309078,La Liga,Atlético Madrid,Alexander Sørloth,Forward,6.81,0.6,0.47,0.79,3.11,1.58,0.93,19.4,0.46,35.71,0.6,0.0,0.23,0.28,0.09,0.14,0.46,0.0,0.0,0.0,0.0,0.0,0.0,0.0,0.65,0.0,1.12,0.09,0.23,0.0,0.0,0.05,0.0,0.0,0.09,0.0,0.0,0.46,19.48,13.25,6.23,68.02,4.51,8.74,5.72,0.09,18.18,0.23,55.56,34,20,1936,0.19,0.05,1.3,0.74,11.99,1.35,6.23,48.2,1.86,33.9,4.37,58.75
211,1010421,La Liga,Rayo Vallecano,Josep Chavarría,Defender,6.8,0.03,0.02,0.03,0.6,0.1,0.27,5.56,0.57,38.64,0.0,0.03,0.0,0.03,0.0,0.0,0.1,0.0,0.0,0.0,0.0,0.0,0.0,0.0,1.81,1.04,2.89,0.47,0.5,0.03,0.13,0.07,0.0,0.3,0.17,0.07,0.0,0.91,42.9,36.29,6.61,84.59,19.37,16.92,8.56,0.54,16.49,1.98,40.97,33,29,2681,0.13,0.03,1.11,1.17,13.9,0.54,4.3,51.82,3.56,54.64,0.74,41.51
212,857482,La Liga,Valencia,Filip Ugrinić,Midfielder,6.8,0.0,0.06,0.0,1.2,0.13,0.57,0.0,1.08,68.0,0.0,0.0,0.0,0.0,0.0,0.0,0.38,0.0,0.0,0.0,0.0,0.0,0.06,0.0,1.58,0.57,1.9,0.25,0.63,0.0,0.0,0.0,0.0,0.0,0.38,0.19,0.0,1.33,40.35,33.77,6.58,83.7,15.37,18.4,9.55,1.01,29.63,1.71,51.92,26,16,1423,0.19,0.0,1.01,0.82,13.03,0.76,4.43,55.56,3.48,55.56,0.95,55.56
213,1100646,La Liga,Elche,Martim Neto,Midfielder,6.8,0.13,0.06,0.07,0.8,0.27,0.4,16.67,1.4,67.74,0.07,0.07,0.0,0.0,0.13,0.0,0.0,0.0,0.0,0.0,0.0,0.0,0.0,0.0,1.4,0.13,0.87,0.07,0.73,0.07,0.0,0.0,0.0,0.07,0.27,0.33,0.0,1.66,40.07,35.21,4.86,87.87,11.92,23.3,14.31,0.67,29.41,0.73,52.38,25,15,1352,0.2,0.0,1.2,0.73,10.78,1.07,3.86,48.33,3.53,49.53,0.33,38.46
214,959872,La Liga,Athletic Club,Aitor Paredes,Defender,6.8,0.12,0.06,0.06,0.76,0.23,0.41,15.38,0.18,100.0,0.12,0.0,0.12,0.0,0.0,0.0,0.0,0.0,0.0,0.0,0.0,0.0,0.0,0.0,1.23,1.52,4.21,0.23,0.23,0.0,0.12,0.0,0.0,0.18,0.06,0.0,0.0,0.23,53.57,46.96,6.61,87.66,29.42,17.54,4.5,0.0,0.0,3.51,50.85,18,17,1539,0.23,0.0,1.11,0.41,7.31,0.06,3.57,59.22,1.81,56.36,1.75,62.5
215,1154935,La Liga,Celta Vigo,Hugo Álvarez,Midfielder,6.8,0.27,0.18,0.2,0.89,0.55,0.14,30.77,1.02,37.5,0.27,0.0,0.0,0.07,0.2,0.0,0.14,0.0,0.0,0.0,0.0,0.0,0.0,0.0,1.02,0.68,0.61,0.0,0.68,0.0,0.0,0.0,0.0,0.07,0.34,0.14,0.0,1.64,40.97,35.1,5.87,85.67,10.24,24.86,15.3,0.27,17.39,0.96,66.67,27,15,1318,0.14,0.0,1.09,1.16,13.04,0.89,3.28,40.68,3.21,43.12,0.07,11.11
216,944660,La Liga,Atlético Madrid,Thiago Almada,Midfielder,6.8,0.21,0.26,0.34,1.44,0.69,0.48,14.29,1.44,53.85,0.21,0.0,0.0,0.07,0.14,0.0,0.14,0.0,0.0,0.0,0.0,0.0,0.0,0.0,1.99,0.55,0.41,0.14,1.51,0.0,0.0,0.07,0.0,0.0,0.27,0.07,0.0,1.92,47.26,40.95,6.31,86.65,14.34,26.62,16.39,0.55,19.51,1.85,62.79,27,16,1312,0.14,0.07,0.89,1.1,13.58,1.37,4.87,45.81,4.53,47.48,0.34,31.25
217,900433,La Liga,Valencia,Luis Rioja,Midfielder,6.8,0.07,0.07,0.04,1.41,0.14,0.46,5.0,1.24,56.45,0.07,0.0,0.0,0.07,0.0,0.0,0.32,0.0,0.0,0.0,0.0,0.0,0.11,0.0,1.24,0.6,1.17,0.0,1.2,0.0,0.0,0.0,0.0,0.18,0.25,0.21,0.04,1.31,29.13,22.87,6.26,78.52,8.52,14.35,9.08,1.31,25.34,0.95,47.37,36,30,2546,0.04,0.0,0.42,1.03,13.64,0.92,3.64,46.61,3.5,50.0,0.14,17.39
218,985329,La Liga,Osasuna,Aimar Oroz,Midfielder,6.8,0.0,0.07,0.0,1.26,0.17,0.43,0.0,1.22,52.83,0.0,0.0,0.0,0.0,0.0,0.0,0.04,0.0,0.0,0.0,0.0,0.0,0.13,0.0,1.57,0.39,0.61,0.04,0.74,0.0,0.04,0.0,0.0,0.04,0.17,0.09,0.0,1.57,36.17,29.0,7.17,80.17,9.74,19.26,12.26,0.39,33.33,1.35,70.45,30,25,2070,0.26,0.0,1.35,2.7,13.87,2.09,6.65,50.33,5.43,51.02,1.22,47.46
219,997033,La Liga,Sevilla,Peque Fernández,Midfielder,6.8,0.19,0.09,0.0,1.33,0.57,0.38,14.29,1.52,38.1,0.19,0.0,0.0,0.0,0.19,0.09,0.09,0.0,0.0,0.0,0.0,0.0,0.0,0.0,1.04,0.09,0.19,0.0,0.95,0.0,0.0,0.0,0.0,0.0,0.0,0.09,0.0,1.42,32.66,26.3,6.36,80.52,9.02,17.28,10.44,0.38,14.29,1.52,64.0,25,11,948,0.76,0.0,1.14,4.37,14.62,1.33,8.54,54.88,6.93,54.89,1.61,54.84
220,909966,La Liga,Valencia,Largie Ramazani,Forward,6.8,0.45,0.51,0.3,3.64,1.34,1.04,12.24,1.56,38.89,0.45,0.0,0.0,0.15,0.3,0.07,0.15,0.0,0.22,0.22,100.0,0.0,0.0,0.0,0.97,1.04,0.59,0.0,0.97,0.0,0.15,0.07,0.0,0.0,0.3,0.07,0.0,1.19,22.95,17.15,5.79,74.76,6.46,10.69,7.65,0.52,25.0,0.67,52.94,26,11,1212,0.3,0.0,1.26,1.49,15.37,2.45,4.16,34.78,4.01,36.49,0.15,15.38
222,260031,La Liga,Osasuna,Rubén García,Midfielder,6.8,0.08,0.1,0.12,1.24,0.4,0.48,6.45,0.72,47.37,0.0,0.08,0.0,0.08,0.0,0.04,0.04,0.0,0.0,0.0,0.0,0.04,0.28,14.29,2.0,0.68,0.88,0.08,1.28,0.0,0.0,0.0,0.0,0.0,0.32,0.2,0.0,1.76,33.19,26.38,6.82,79.47,9.78,16.6,9.18,2.0,32.47,2.0,57.47,34,28,2245,0.24,0.0,1.44,1.08,14.59,0.84,4.73,43.54,3.81,47.26,0.92,32.86
224,814023,La Liga,Valencia,Eray Cömert,Defender,6.8,0.13,0.08,0.0,0.74,0.2,0.34,18.18,0.0,0.0,0.13,0.0,0.07,0.0,0.07,0.0,0.07,0.0,0.0,0.0,0.0,0.0,0.0,0.0,1.75,1.34,5.91,0.4,0.54,0.0,0.2,0.0,0.0,0.2,0.07,0.07,0.0,0.4,53.7,46.11,7.6,85.86,33.14,12.97,4.03,0.07,100.0,2.76,39.81,17,15,1339,0.2,0.07,0.6,0.87,8.54,0.07,3.76,63.64,2.62,68.42,1.14,54.84
225,138572,La Liga,Real Madrid,Dani Carvajal,Defender,6.79,0.0,0.04,0.1,0.5,0.1,0.3,0.0,0.2,50.0,0.0,0.0,0.0,0.0,0.0,0.1,0.0,0.0,0.0,0.0,0.0,0.0,0.0,0.0,1.41,0.61,2.12,0.71,1.31,0.0,0.1,0.1,0.0,0.2,0.4,0.0,0.0,0.91,48.13,44.7,3.43,92.87,20.68,24.01,11.5,0.3,30.0,2.02,80.0,16,9,892,0.0,0.0,0.71,0.81,6.86,0.3,2.93,48.33,2.42,50.0,0.5,41.67
226,973290,La Liga,Villarreal,Tajon Buchanan,Midfielder,6.79,0.34,0.1,0.1,1.32,0.54,0.49,25.93,1.03,31.82,0.2,0.15,0.0,0.05,0.29,0.0,0.39,0.0,0.0,0.0,0.0,0.0,0.0,0.0,1.37,1.03,0.78,0.1,0.78,0.0,0.0,0.0,0.0,0.05,0.25,0.05,0.05,0.83,22.86,18.59,4.27,81.33,5.98,12.6,7.36,0.2,11.76,0.49,37.04,34,21,1835,0.39,0.0,0.88,1.77,12.9,1.37,4.32,42.93,4.17,44.5,0.15,21.43
227,580550,La Liga,Atlético Madrid,Clément Lenglet,Defender,6.79,0.0,0.03,0.0,0.35,0.0,0.28,0.0,0.21,100.0,0.0,0.0,0.0,0.0,0.0,0.0,0.0,0.0,0.0,0.0,0.0,0.0,0.0,0.0,1.11,1.45,4.97,0.41,0.41,0.07,0.0,0.0,0.0,0.35,0.14,0.07,0.0,0.28,59.88,52.36,7.53,87.43,31.84,20.51,6.63,0.0,0.0,6.49,60.65,18,16,1303,0.28,0.07,1.38,0.41,8.36,0.07,3.66,51.96,1.66,50.0,2.0,53.7
228,785989,La Liga,Celta Vigo,Borja Iglesias,Forward,6.79,0.69,0.51,0.34,2.26,1.28,0.59,30.43,0.59,54.55,0.59,0.1,0.05,0.3,0.34,0.0,1.08,0.15,0.2,0.2,100.0,0.0,0.0,0.0,0.39,0.05,0.79,0.25,0.44,0.0,0.05,0.0,0.0,0.0,0.15,0.1,0.0,0.84,21.76,16.05,5.71,73.76,6.79,9.26,5.42,0.0,0.0,0.84,53.13,34,20,1828,0.34,0.0,1.72,1.43,11.27,1.62,3.35,39.08,2.41,36.57,0.94,47.5
229,965011,La Liga,Atlético Madrid,Matteo Ruggeri,Defender,6.79,0.0,0.01,0.0,0.26,0.1,0.1,0.0,0.26,27.78,0.0,0.0,0.0,0.0,0.0,0.0,0.05,0.0,0.0,0.0,0.0,0.0,0.0,0.0,1.87,0.99,3.33,0.16,1.2,0.0,0.0,0.0,0.0,0.26,0.26,0.16,0.05,1.35,44.84,39.02,5.83,87.01,18.1,20.91,12.75,1.51,33.72,1.77,55.74,25,20,1730,0.21,0.0,1.46,0.1,11.39,0.26,3.54,44.16,2.24,38.74,1.3,58.14
230,542634,La Liga,Rayo Vallecano,Pacha,Defender,6.79,0.13,0.1,0.19,1.22,0.51,0.38,10.53,1.03,59.26,0.06,0.06,0.0,0.13,0.0,0.0,0.58,0.06,0.0,0.0,0.0,0.0,0.0,0.0,3.14,0.96,1.86,0.26,2.12,0.0,0.13,0.06,0.0,0.06,0.32,0.0,0.0,1.03,34.96,24.63,10.33,70.46,10.71,13.92,8.08,0.58,19.15,1.54,36.92,29,14,1403,0.13,0.0,1.48,1.86,17.96,0.77,7.12,54.95,6.03,55.95,1.09,50.0
231,81992,La Liga,Espanyol,Leandro Cabrera,Defender,6.79,0.08,0.07,0.14,1.08,0.33,0.44,7.69,0.17,75.0,0.08,0.0,0.08,0.0,0.0,0.06,0.03,0.03,0.0,0.0,0.0,0.0,0.0,0.0,1.0,0.72,6.0,0.75,0.56,0.03,0.03,0.0,0.03,0.25,0.03,0.0,0.0,0.31,40.83,32.86,7.97,80.48,21.36,11.5,3.97,0.08,15.0,2.94,40.46,36,36,3240,0.08,0.0,0.94,0.22,9.28,0.14,4.25,57.52,1.33,45.71,2.92,65.22
232,1008259,La Liga,Celta Vigo,Javier Rueda,Defender,6.79,0.14,0.09,0.14,0.75,0.2,0.41,18.18,1.29,50.0,0.14,0.0,0.0,0.0,0.14,0.0,0.2,0.07,0.0,0.0,0.0,0.0,0.0,0.0,1.29,1.36,2.18,0.41,0.55,0.0,0.0,0.0,0.0,0.07,0.48,0.41,0.0,0.89,33.86,25.55,8.31,75.45,9.06,16.49,9.2,0.27,14.81,1.23,38.3,25,15,1321,0.41,0.0,1.7,1.36,15.06,0.34,4.43,46.76,3.95,50.88,0.48,28.0
233,345333,La Liga,Real Oviedo,David Costas,Defender,6.79,0.04,0.04,0.09,0.22,0.04,0.17,20.0,0.3,77.78,0.04,0.0,0.0,0.0,0.04,0.04,0.13,0.0,0.0,0.0,0.0,0.0,0.0,0.0,1.13,1.17,4.94,0.78,0.39,0.13,0.0,0.0,0.0,0.3,0.04,0.0,0.0,0.22,44.46,39.51,4.94,88.88,29.93,9.59,2.6,0.0,0.0,4.08,58.75,25,22,2075,0.13,0.0,0.69,0.43,5.81,0.13,3.9,60.81,1.73,60.61,2.17,60.98
234,973536,La Liga,Getafe,Martín Satriano,Forward,6.79,0.34,0.24,0.06,1.96,0.79,0.73,17.14,1.4,40.98,0.22,0.11,0.06,0.06,0.22,0.0,0.22,0.0,0.0,0.0,0.0,0.0,0.0,0.0,1.29,0.5,1.01,0.11,0.5,0.0,0.0,0.0,0.0,0.28,0.28,0.06,0.0,0.84,20.65,13.35,7.29,64.67,3.98,9.37,6.23,0.34,28.57,0.45,40.0,18,18,1604,0.28,0.0,1.18,1.74,15.99,2.13,6.73,40.96,4.43,43.41,2.3,36.94
235,944629,La Liga,Real Oviedo,Nicolas Fonseca,Midfielder,6.79,0.0,0.03,0.0,0.68,0.1,0.29,0.0,0.19,66.67,0.0,0.0,0.0,0.0,0.0,0.0,0.0,0.0,0.0,0.0,0.0,0.0,0.0,0.0,3.78,1.55,1.36,0.48,1.84,0.0,0.1,0.0,0.0,0.1,0.0,0.0,0.0,0.19,50.76,43.4,7.36,85.5,24.51,18.89,6.88,0.1,25.0,5.04,66.67,18,11,929,0.58,0.0,2.33,1.16,9.88,0.68,5.62,50.88,5.04,52.0,0.58,42.86
236,588566,La Liga,Rayo Vallecano,Unai López,Midfielder,6.79,0.0,0.05,0.06,1.22,0.22,0.33,0.0,0.72,59.09,0.0,0.0,0.0,0.0,0.0,0.11,0.06,0.0,0.0,0.0,0.0,0.0,0.06,0.0,1.72,1.22,1.28,0.17,1.0,0.0,0.17,0.0,0.0,0.22,0.22,0.22,0.0,2.0,59.0,51.13,7.87,86.65,26.17,24.95,11.92,0.78,21.88,4.16,54.35,28,19,1623,0.28,0.06,2.05,0.78,13.09,0.72,3.83,44.81,3.22,43.28,0.61,55.0
237,190159,La Liga,Elche,André Silva,Forward,6.79,0.49,0.52,0.39,2.78,1.42,0.63,17.54,0.68,42.42,0.49,0.0,0.05,0.15,0.29,0.0,0.29,0.05,0.15,0.15,100.0,0.0,0.2,0.0,0.63,0.24,0.88,0.05,0.78,0.0,0.0,0.0,0.0,0.1,0.05,0.0,0.0,1.07,23.98,19.0,4.98,79.23,5.47,13.53,8.3,0.0,0.0,0.34,50.0,30,22,1843,0.15,0.0,1.17,1.66,11.04,1.81,4.15,38.12,2.98,39.61,1.17,34.78
238,1129360,La Liga,Espanyol,Clemens Riedel,Defender,6.79,0.0,0.01,0.0,0.19,0.06,0.06,0.0,0.06,100.0,0.0,0.0,0.0,0.0,0.0,0.0,0.13,0.0,0.0,0.0,0.0,0.0,0.0,0.0,1.8,0.71,6.42,0.39,0.39,0.0,0.06,0.0,0.0,0.26,0.0,0.06,0.0,0.26,52.13,46.03,6.1,88.3,34.99,11.04,3.08,0.06,50.0,2.95,46.46,20,16,1402,0.32,0.0,1.48,0.45,7.19,0.13,4.49,53.85,2.25,53.85,2.25,53.85
239,838629,La Liga,Real Betis,Álvaro Fidalgo,Midfielder,6.79,0.17,0.09,0.0,0.67,0.34,0.34,25.0,0.5,60.0,0.17,0.0,0.0,0.0,0.17,0.0,0.17,0.0,0.0,0.0,0.0,0.0,0.0,0.0,2.01,0.5,1.51,0.0,1.84,0.0,0.0,0.0,0.0,0.0,0.0,0.0,0.0,0.67,49.61,46.09,3.52,92.91,18.77,27.32,13.41,0.17,16.67,1.17,63.64,8,8,537,0.0,0.0,0.34,1.01,7.21,0.84,3.69,45.83,3.52,51.22,0.17,14.29
240,952222,La Liga,Levante UD,Víctor García,Midfielder,6.78,0.17,0.17,0.09,1.62,0.68,0.6,10.53,1.11,43.33,0.09,0.09,0.0,0.0,0.17,0.0,0.26,0.0,0.0,0.0,0.0,0.0,0.09,0.0,1.88,0.85,1.28,0.34,0.6,0.0,0.09,0.0,0.0,0.0,0.17,0.09,0.0,1.19,25.06,19.09,5.97,76.19,7.84,11.25,5.88,1.28,23.08,0.77,31.03,21,12,1056,0.09,0.0,1.11,0.94,15.0,0.6,5.03,50.0,3.84,51.72,1.19,45.16
241,1122610,La Liga,Valencia,Javier Guerra,Midfielder,6.78,0.14,0.14,0.14,1.26,0.5,0.41,10.71,1.04,41.07,0.14,0.0,0.0,0.05,0.09,0.05,0.05,0.0,0.0,0.0,0.0,0.0,0.09,0.0,1.31,1.04,1.13,0.27,1.13,0.0,0.0,0.0,0.0,0.09,0.27,0.27,0.0,1.35,43.67,35.65,8.02,81.63,17.04,18.61,9.51,0.5,24.44,2.21,50.0,35,24,1997,0.14,0.0,1.26,0.86,15.05,1.49,3.79,39.44,3.2,37.57,0.59,54.17
242,1087359,La Liga,Villarreal,Renato Veiga,Defender,6.78,0.0,0.01,0.0,0.33,0.11,0.11,0.0,0.0,0.0,0.0,0.0,0.0,0.0,0.0,0.0,0.11,0.0,0.0,0.0,0.0,0.0,0.0,0.0,0.69,0.83,5.65,1.09,0.43,0.0,0.04,0.04,0.0,0.18,0.0,0.0,0.0,0.11,55.92,49.44,6.48,88.41,36.0,13.44,4.78,0.0,0.0,3.22,47.34,32,27,2485,0.18,0.04,0.87,0.22,7.57,0.07,2.68,52.86,0.91,39.68,1.77,63.64
243,1002764,La Liga,Celta Vigo,Sergio Carreira,Midfielder,6.78,0.07,0.05,0.07,0.45,0.21,0.1,15.38,0.83,47.06,0.07,0.0,0.0,0.0,0.07,0.0,0.07,0.0,0.0,0.0,0.0,0.0,0.0,0.0,1.11,0.86,2.25,0.1,0.41,0.0,0.0,0.03,0.0,0.14,0.0,0.03,0.0,0.62,50.48,43.12,7.36,85.41,20.4,22.72,11.41,0.17,16.67,1.94,47.86,33,28,2603,0.07,0.0,0.66,1.18,11.86,0.48,3.46,51.55,3.08,55.28,0.38,33.33
244,1067582,La Liga,Osasuna,Enzo Boyomo,Defender,6.78,0.04,0.04,0.0,0.4,0.15,0.18,9.09,0.11,37.5,0.04,0.0,0.0,0.0,0.04,0.0,0.0,0.0,0.0,0.0,0.0,0.0,0.0,0.0,2.09,0.55,4.14,0.48,0.26,0.04,0.0,0.07,0.0,0.18,0.07,0.07,0.0,0.33,47.47,41.02,6.45,86.41,28.23,12.79,3.59,0.07,20.0,1.87,38.06,29,28,2455,0.22,0.0,1.1,0.18,8.18,0.33,3.7,54.01,2.38,57.02,1.32,49.32
245,186795,La Liga,FC Barcelona,Andreas Christensen,Defender,6.78,0.0,0.02,0.0,0.44,0.0,0.0,0.0,0.0,0.0,0.0,0.0,0.0,0.0,0.0,0.0,0.0,0.0,0.0,0.0,0.0,0.0,0.0,0.0,1.11,0.44,4.21,0.67,0.44,0.0,0.0,0.0,0.0,0.22,0.0,0.0,0.0,0.22,72.27,69.16,3.1,95.71,37.02,32.14,9.09,0.0,0.0,0.44,66.67,12,3,406,0.22,0.0,0.89,0.89,3.55,0.44,4.66,63.64,1.77,50.0,2.88,76.47
246,949156,La Liga,Real Sociedad,Luka Sučić,Midfielder,6.77,0.29,0.15,0.19,1.94,0.58,0.68,15.0,1.16,54.55,0.19,0.1,0.0,0.29,0.0,0.1,0.1,0.0,0.0,0.0,0.0,0.0,0.0,0.0,1.65,0.29,1.36,0.1,0.68,0.0,0.1,0.0,0.0,0.0,0.0,0.1,0.0,0.78,41.51,33.07,8.44,79.67,13.58,19.49,8.24,0.0,0.0,3.1,64.0,21,9,928,0.1,0.0,0.78,0.58,12.9,1.36,4.85,46.73,3.39,47.95,1.45,44.12
247,827064,La Liga,Valencia,Arnaut Danjuma,Forward,6.77,0.17,0.26,0.44,1.99,0.77,0.77,8.33,1.49,42.19,0.17,0.0,0.0,0.0,0.17,0.17,0.28,0.06,0.06,0.0,0.0,0.0,0.0,0.0,0.72,0.11,0.33,0.06,0.33,0.0,0.0,0.0,0.0,0.0,0.33,0.11,0.0,0.94,21.68,16.82,4.87,77.55,6.31,10.51,5.64,0.89,32.65,1.11,71.43,30,18,1627,0.0,0.0,1.16,1.22,11.73,0.83,3.82,43.67,3.37,43.88,0.44,42.11
248,66492,La Liga,Real Madrid,David Alaba,Defender,6.77,0.0,0.05,0.0,0.75,0.25,0.25,0.0,0.0,0.0,0.0,0.0,0.0,0.0,0.0,0.0,0.0,0.0,0.0,0.0,0.0,0.0,0.25,0.0,1.26,0.0,4.02,1.26,0.5,0.0,0.0,0.0,0.0,0.25,0.0,0.0,0.0,0.0,73.16,68.38,4.78,93.47,40.22,28.16,6.28,0.0,0.0,1.01,26.67,10,4,358,0.25,0.0,0.25,0.0,5.28,0.0,2.77,55.0,1.26,62.5,1.51,50.0
249,1142591,La Liga,Atlético Madrid,Javier Boñar,Defender,6.77,0.33,0.11,0.0,0.67,0.33,0.33,50.0,0.33,16.67,0.33,0.0,0.33,0.0,0.0,0.0,0.0,0.0,0.0,0.0,0.0,0.0,0.0,0.0,1.67,0.0,4.68,0.33,1.0,0.0,0.0,0.0,0.0,0.0,0.0,0.0,0.0,0.33,39.81,33.46,6.36,84.03,18.07,15.39,5.69,0.0,0.0,1.0,25.0,3,3,269,0.0,0.0,0.67,0.33,11.04,0.67,3.35,40.0,2.34,36.84,1.0,50.0
250,831799,La Liga,Atlético Madrid,Nahuel Molina,Defender,6.77,0.14,0.03,0.07,0.95,0.27,0.47,14.29,1.01,55.56,0.0,0.14,0.0,0.0,0.14,0.07,0.34,0.0,0.0,0.0,0.0,0.0,0.07,0.0,2.7,0.88,2.16,0.34,1.42,0.0,0.14,0.0,0.0,0.41,0.41,0.14,0.0,1.42,47.23,38.04,9.19,80.54,17.7,20.34,10.41,0.81,24.49,1.69,41.67,26,13,1332,0.27,0.0,0.95,0.34,17.09,0.54,4.53,49.26,4.05,52.63,0.47,31.82
251,934383,La Liga,Deportivo Alavés,Jon Pacheco,Defender,6.77,0.0,0.02,0.0,0.21,0.05,0.16,0.0,0.16,75.0,0.0,0.0,0.0,0.0,0.0,0.0,0.05,0.0,0.0,0.0,0.0,0.0,0.0,0.0,1.87,0.57,5.35,1.09,0.57,0.0,0.05,0.1,0.0,0.1,0.05,0.0,0.0,0.26,48.74,42.15,6.59,86.47,26.94,15.21,4.83,0.05,25.0,3.27,47.01,22,20,1734,0.21,0.05,0.73,0.36,7.63,0.16,4.52,61.7,2.34,60.81,2.18,62.69
252,1526627,La Liga,Celta Vigo,Javi Rodríguez,Defender,6.77,0.0,0.02,0.04,0.44,0.07,0.25,0.0,0.25,58.33,0.0,0.0,0.0,0.0,0.0,0.0,0.04,0.0,0.0,0.0,0.0,0.0,0.0,0.0,1.38,0.87,3.5,0.66,0.69,0.04,0.15,0.04,0.0,0.22,0.07,0.04,0.0,0.36,64.69,58.39,6.3,90.26,33.44,24.95,9.65,0.0,0.0,2.04,44.8,32,27,2471,0.18,0.0,1.13,1.17,7.76,0.36,3.72,51.0,2.77,54.68,0.95,42.62
253,345111,La Liga,Rayo Vallecano,Álvaro García,Midfielder,6.77,0.17,0.28,0.35,2.05,0.83,0.7,8.51,0.17,25.0,0.17,0.0,0.0,0.13,0.04,0.0,0.61,0.04,0.0,0.0,0.0,0.0,0.0,0.0,1.18,0.57,1.18,0.09,0.7,0.0,0.0,0.0,0.0,0.04,0.66,0.22,0.04,1.83,22.46,15.33,7.12,68.29,4.59,10.75,6.77,0.66,16.85,1.05,41.38,31,22,2060,0.13,0.0,0.79,0.52,13.33,0.39,2.4,39.01,1.83,43.3,0.57,29.55
254,1534422,La Liga,Sevilla,Oso,Midfielder,6.77,0.14,0.09,0.07,1.15,0.54,0.34,11.76,1.01,53.57,0.14,0.0,0.0,0.0,0.14,0.14,0.27,0.0,0.0,0.0,0.0,0.0,0.07,0.0,1.69,0.41,1.08,0.2,1.01,0.0,0.07,0.07,0.0,0.07,0.2,0.2,0.0,1.35,27.84,20.95,6.89,75.24,8.85,12.09,7.43,1.28,22.09,1.22,47.37,20,13,1332,0.07,0.0,0.68,1.01,16.49,0.88,4.66,51.11,3.72,52.38,0.95,46.67
255,980410,La Liga,Real Sociedad,Beñat Turrientes,Midfielder,6.77,0.0,0.05,0.0,1.34,0.42,0.63,0.0,1.41,62.5,0.0,0.0,0.0,0.0,0.0,0.07,0.0,0.0,0.0,0.0,0.0,0.0,0.0,0.0,2.75,0.56,1.76,0.42,0.99,0.07,0.0,0.0,0.0,0.07,0.07,0.21,0.0,0.78,45.95,39.61,6.34,86.2,19.38,20.23,8.32,0.14,25.0,1.76,62.5,26,15,1277,0.49,0.0,1.9,1.55,10.71,1.13,6.41,53.53,5.64,54.05,0.78,50.0
256,1129401,La Liga,Real Betis,Nelson Deossa,Midfielder,6.77,0.0,0.06,0.0,2.2,0.0,1.47,0.0,3.55,78.38,0.0,0.0,0.0,0.0,0.0,0.0,0.12,0.0,0.0,0.0,0.0,0.0,0.0,0.0,1.71,0.61,1.35,0.0,0.98,0.0,0.24,0.0,0.0,0.12,0.12,0.0,0.0,0.98,39.13,32.65,6.48,83.44,10.64,22.01,12.47,0.0,0.0,1.1,60.0,20,8,736,0.37,0.0,2.2,2.93,12.6,2.2,11.49,60.26,8.19,56.78,3.3,71.05
257,934351,La Liga,Espanyol,Miguel Rubio,Defender,6.77,0.4,0.29,0.0,0.8,0.4,0.4,50.0,0.4,100.0,0.4,0.0,0.0,0.0,0.4,0.0,0.0,0.0,0.0,0.0,0.0,0.0,0.0,0.0,1.59,0.4,11.55,1.99,0.0,0.0,0.0,0.0,0.0,0.0,0.0,0.0,0.0,0.0,29.07,22.3,6.77,76.71,17.52,4.78,0.4,0.0,0.0,0.8,33.33,12,1,226,0.0,0.0,0.4,0.4,7.57,0.0,7.96,68.97,2.39,85.71,5.58,63.64
258,41789,La Liga,FC Barcelona,Robert Lewandowski,Forward,6.76,0.75,0.78,0.86,3.51,1.61,1.09,21.31,0.52,50.0,0.75,0.0,0.23,0.11,0.34,0.11,0.98,0.0,0.17,0.06,33.33,0.0,0.0,0.0,0.29,0.17,1.09,0.0,0.46,0.0,0.0,0.0,0.0,0.17,0.23,0.11,0.0,0.8,17.93,14.31,3.62,79.81,4.83,9.48,5.69,0.0,0.0,0.29,45.45,30,16,1566,0.11,0.0,0.69,1.03,8.39,1.44,3.05,40.46,1.78,36.9,1.26,46.81
259,1495844,La Liga,Athletic Club,Mikel Jauregizar,Midfielder,6.76,0.07,0.06,0.0,1.27,0.36,0.29,5.13,0.33,35.71,0.0,0.07,0.0,0.0,0.07,0.0,0.0,0.0,0.0,0.0,0.0,0.0,0.0,0.0,2.09,1.47,0.88,0.1,1.57,0.03,0.1,0.0,0.0,0.16,0.03,0.0,0.0,0.91,43.07,34.85,8.22,80.91,12.17,22.68,11.39,0.39,17.14,1.76,50.0,35,33,2758,0.13,0.03,1.44,1.08,13.54,0.98,4.93,46.6,3.49,43.67,1.44,55.7
260,190405,La Liga,Real Oviedo,Leander Dendoncker,Midfielder,6.76,0.07,0.05,0.07,0.6,0.27,0.2,11.11,0.27,50.0,0.07,0.0,0.0,0.07,0.0,0.0,0.07,0.0,0.0,0.0,0.0,0.0,0.0,0.0,2.42,0.81,2.29,0.47,1.14,0.0,0.13,0.07,0.0,0.13,0.0,0.0,0.0,0.4,37.24,32.06,5.18,86.1,18.75,13.31,6.12,0.13,40.0,0.87,52.0,19,15,1339,0.13,0.0,0.81,0.2,7.66,0.4,4.44,53.66,2.89,53.09,1.55,54.76
261,818986,La Liga,Sevilla,Gabriel Suazo,Defender,6.76,0.0,0.02,0.0,0.22,0.09,0.09,0.0,0.67,60.0,0.0,0.0,0.0,0.0,0.0,0.0,0.09,0.0,0.0,0.0,0.0,0.0,0.0,0.0,3.77,1.21,2.06,0.22,1.12,0.04,0.04,0.04,0.0,0.18,0.22,0.04,0.0,1.62,43.3,36.12,7.18,83.42,16.69,19.43,10.18,1.26,29.79,1.88,50.6,28,24,2006,0.31,0.0,1.39,0.67,15.07,0.72,5.65,55.75,5.07,58.85,0.58,38.24
262,21949,La Liga,Rayo Vallecano,Óscar Trejo,Midfielder,6.76,0.0,0.11,0.0,0.65,0.65,0.0,0.0,0.65,50.0,0.0,0.0,0.0,0.0,0.0,0.0,0.0,0.0,0.0,0.0,0.0,0.0,0.0,0.0,3.88,0.0,1.29,0.0,2.59,0.0,0.0,0.0,0.0,0.0,0.65,0.65,0.0,4.53,68.63,60.22,8.42,87.74,18.78,41.44,24.6,2.59,50.0,1.94,60.0,7,1,139,1.29,0.0,1.94,3.24,20.07,1.29,8.42,52.0,7.77,54.55,0.65,33.33
263,814385,La Liga,Deportivo Alavés,Lucas Boyé,Forward,6.76,0.53,0.44,0.38,2.83,0.96,1.25,18.64,1.78,49.33,0.48,0.05,0.1,0.0,0.43,0.0,0.43,0.0,0.14,0.14,100.0,0.05,0.24,20.0,1.63,0.34,0.86,0.29,0.72,0.0,0.0,0.0,0.0,0.1,0.24,0.05,0.0,1.2,19.01,13.87,5.14,72.98,3.46,10.42,6.0,0.05,10.0,0.19,40.0,28,21,1875,0.1,0.05,2.64,1.73,16.37,3.22,6.67,36.39,5.14,38.77,1.54,30.19
265,822379,La Liga,Real Oviedo,Santiago Colombatto,Midfielder,6.75,0.0,0.03,0.0,0.67,0.09,0.4,0.0,0.22,71.43,0.0,0.0,0.0,0.0,0.0,0.0,0.04,0.0,0.0,0.0,0.0,0.0,0.09,0.0,1.93,0.63,1.62,0.27,0.76,0.0,0.18,0.0,0.0,0.18,0.13,0.04,0.0,1.08,44.51,38.32,6.19,86.09,21.27,17.05,8.84,0.85,28.36,1.57,46.05,31,22,2006,0.27,0.0,1.97,1.7,10.14,0.49,4.35,53.3,3.86,55.13,0.49,42.31
266,1216309,La Liga,Real Sociedad,Jon Gorrotxategi,Midfielder,6.75,0.04,0.03,0.0,0.53,0.04,0.24,7.69,0.41,58.82,0.04,0.0,0.0,0.0,0.04,0.0,0.0,0.0,0.0,0.0,0.0,0.0,0.0,0.0,1.83,1.42,1.83,0.53,0.98,0.0,0.16,0.0,0.04,0.04,0.08,0.12,0.0,0.73,53.19,46.24,6.95,86.94,23.57,22.67,8.94,0.0,0.0,1.5,53.62,30,26,2215,0.24,0.0,1.3,1.1,9.3,0.77,4.55,48.91,3.33,50.0,1.22,46.15
267,1063015,La Liga,Espanyol,Tyrhys Dolan,Midfielder,6.75,0.08,0.09,0.08,1.21,0.41,0.38,6.25,1.28,41.98,0.08,0.0,0.0,0.0,0.08,0.04,0.19,0.08,0.0,0.0,0.0,0.0,0.0,0.0,2.04,0.68,0.49,0.08,0.83,0.0,0.0,0.0,0.0,0.04,0.26,0.19,0.0,1.21,20.56,17.12,3.43,83.3,5.51,11.62,6.6,0.83,21.36,0.15,26.67,35,28,2386,0.19,0.04,1.4,1.7,13.39,1.28,5.39,48.15,5.02,50.38,0.38,30.3
268,1126779,La Liga,Celta Vigo,Williot Swedberg,Midfielder,6.75,0.37,0.27,0.22,1.57,0.9,0.22,23.81,0.75,37.04,0.37,0.0,0.07,0.07,0.22,0.0,0.45,0.0,0.0,0.0,0.0,0.0,0.0,0.0,2.09,0.3,0.52,0.15,1.2,0.0,0.0,0.0,0.0,0.0,0.3,0.37,0.0,0.75,21.02,16.23,4.79,77.22,5.39,10.85,6.13,0.15,28.57,0.22,42.86,28,12,1203,0.15,0.0,2.17,2.47,9.95,1.35,5.46,43.98,5.31,47.33,0.15,12.5
269,826004,La Liga,Mallorca,Manu Morlanes,Midfielder,6.75,0.11,0.1,0.05,0.58,0.16,0.27,18.18,0.42,66.67,0.11,0.0,0.0,0.0,0.11,0.0,0.0,0.0,0.0,0.0,0.0,0.0,0.0,0.0,2.76,0.9,1.11,0.11,1.22,0.0,0.0,0.0,0.0,0.0,0.11,0.0,0.0,0.85,47.86,42.67,5.19,89.15,18.92,23.75,11.61,0.11,22.22,1.96,57.81,31,21,1698,0.11,0.05,1.43,0.64,7.58,0.64,4.45,50.91,3.82,52.94,0.64,41.38
270,892235,La Liga,Real Oviedo,David Carmo,Defender,6.75,0.05,0.05,0.0,0.5,0.15,0.25,10.0,0.1,66.67,0.05,0.0,0.0,0.05,0.0,0.0,0.0,0.0,0.0,0.0,0.0,0.0,0.0,0.0,1.71,1.06,7.5,0.91,0.6,0.1,0.05,0.05,0.0,0.15,0.05,0.0,0.0,0.35,51.22,42.2,9.02,82.4,30.07,12.14,4.13,0.05,50.0,5.29,47.95,22,20,1787,0.3,0.05,1.01,0.2,9.77,0.1,5.09,61.96,1.96,54.17,3.12,68.13
271,1391616,La Liga,Girona FC,Joel Roca,Midfielder,6.75,0.19,0.23,0.32,2.99,0.95,0.95,6.38,2.35,41.57,0.13,0.06,0.0,0.0,0.19,0.06,0.25,0.06,0.0,0.0,0.0,0.0,0.0,0.0,1.46,0.13,0.83,0.06,0.95,0.0,0.06,0.0,0.0,0.0,0.13,0.06,0.0,1.02,23.66,19.65,4.01,83.06,5.53,14.12,9.41,0.19,8.82,0.19,42.86,31,15,1415,0.25,0.06,0.76,2.61,14.95,1.84,6.74,46.09,6.42,48.56,0.32,22.73
272,997280,La Liga,Osasuna,Raúl García de Haro,Forward,6.75,0.66,0.59,0.47,3.4,1.99,0.85,19.44,1.32,48.28,0.57,0.09,0.09,0.09,0.47,0.0,0.57,0.0,0.0,0.0,0.0,0.09,0.09,100.0,1.42,0.66,1.42,0.09,0.19,0.0,0.0,0.0,0.0,0.09,0.09,0.09,0.0,1.04,20.89,14.56,6.33,69.68,5.2,9.36,4.16,0.38,44.44,0.57,85.71,35,5,952,0.19,0.09,1.13,1.13,12.76,1.7,7.47,50.0,3.88,46.59,3.59,54.29
273,1482424,La Liga,Girona FC,Claudio Echeverri,Midfielder,6.75,0.15,0.31,0.15,3.03,0.91,1.06,5.0,2.42,64.0,0.15,0.0,0.0,0.0,0.15,0.0,0.15,0.0,0.0,0.0,0.0,0.0,0.3,0.0,0.91,0.15,0.61,0.0,0.15,0.15,0.0,0.0,0.0,0.0,0.3,0.15,0.0,1.21,32.22,27.98,4.24,86.85,6.5,21.48,14.82,0.45,21.43,1.21,61.54,16,5,595,0.45,0.0,0.76,2.12,13.01,1.82,5.6,55.22,5.45,57.14,0.15,25.0
274,872919,La Liga,Sevilla,Ruben Vargas,Midfielder,6.75,0.17,0.18,0.0,2.16,0.46,0.8,7.89,1.19,43.75,0.11,0.06,0.0,0.11,0.06,0.0,0.4,0.0,0.06,0.06,100.0,0.0,0.06,0.0,1.02,0.4,0.74,0.06,0.57,0.0,0.17,0.0,0.0,0.0,0.23,0.34,0.0,1.59,30.78,22.19,8.59,72.09,8.25,13.94,8.82,1.31,25.84,1.42,53.19,23,20,1582,0.11,0.0,0.74,0.97,18.83,0.97,4.32,49.03,3.19,47.06,1.14,55.56
275,188365,La Liga,Real Betis,Héctor Bellerín,Defender,6.74,0.1,0.02,0.0,0.36,0.26,0.0,28.57,0.31,50.0,0.1,0.0,0.0,0.0,0.1,0.0,0.1,0.0,0.0,0.0,0.0,0.0,0.0,0.0,1.54,0.67,3.5,0.21,0.93,0.05,0.0,0.0,0.0,0.15,0.26,0.15,0.0,1.23,49.11,42.99,6.12,87.54,21.34,21.65,10.08,0.31,20.69,1.13,44.0,26,19,1750,0.1,0.0,0.77,0.21,9.87,0.41,2.93,49.14,2.06,45.98,0.87,58.62
276,1082981,La Liga,Mallorca,Pablo Torre,Midfielder,6.74,0.17,0.08,0.17,1.28,0.58,0.41,13.64,0.87,44.12,0.06,0.12,0.0,0.12,0.06,0.06,0.06,0.0,0.0,0.0,0.0,0.0,0.23,0.0,1.16,0.52,0.75,0.12,0.99,0.0,0.06,0.0,0.0,0.0,0.17,0.23,0.0,1.74,44.07,37.35,6.73,84.74,12.99,24.36,12.93,1.1,22.62,1.91,58.93,34,18,1552,0.23,0.0,1.68,1.91,14.79,1.04,4.23,40.78,3.94,45.33,0.29,17.24
277,1152139,La Liga,Real Betis,Angel Ortiz,Defender,6.74,0.0,0.01,0.0,0.15,0.0,0.0,0.0,1.08,41.18,0.0,0.0,0.0,0.0,0.0,0.0,0.0,0.0,0.0,0.0,0.0,0.0,0.0,0.0,4.18,0.46,2.47,0.62,1.24,0.0,0.0,0.0,0.0,0.0,0.15,0.0,0.0,0.93,38.66,32.16,6.49,83.2,17.32,14.85,6.34,0.77,26.32,1.39,34.62,13,7,582,0.15,0.0,1.39,1.39,13.92,0.77,6.8,54.32,6.65,58.11,0.15,14.29
278,962890,La Liga,Celta Vigo,Ilaix Moriba,Midfielder,6.74,0.04,0.05,0.07,0.64,0.15,0.34,5.88,0.49,48.15,0.04,0.0,0.0,0.04,0.0,0.0,0.0,0.04,0.0,0.0,0.0,0.0,0.0,0.0,3.18,0.97,1.2,0.22,0.82,0.07,0.11,0.0,0.0,0.22,0.19,0.11,0.0,0.64,37.27,32.89,4.38,88.25,15.01,17.89,8.08,0.0,0.0,1.16,67.39,35,25,2405,0.26,0.0,1.46,2.1,7.63,0.79,6.32,57.09,5.76,61.85,0.56,31.91
279,1082968,La Liga,Deportivo Alavés,Abderrahman Rebbach,Midfielder,6.73,0.06,0.14,0.19,2.09,0.7,0.83,3.03,1.08,36.17,0.06,0.0,0.0,0.0,0.06,0.06,0.32,0.0,0.0,0.0,0.0,0.0,0.06,0.0,2.54,0.95,1.4,0.0,1.4,0.0,0.0,0.0,0.0,0.06,0.57,0.25,0.0,1.78,27.1,21.33,5.78,78.69,8.76,12.57,8.06,1.21,19.19,1.21,47.5,29,14,1418,0.44,0.0,2.28,1.78,17.14,1.08,5.97,44.55,5.39,44.97,0.57,40.91
280,1000483,La Liga,FC Barcelona,Marc Casadó,Midfielder,6.73,0.0,0.1,0.09,1.01,0.0,0.18,0.0,0.18,33.33,0.0,0.0,0.0,0.0,0.0,0.09,0.0,0.0,0.0,0.0,0.0,0.0,0.0,0.0,1.65,0.64,0.64,0.27,0.73,0.0,0.0,0.0,0.0,0.27,0.0,0.09,0.0,1.28,80.65,73.32,7.33,90.91,31.89,41.43,15.58,0.18,100.0,1.83,54.05,23,10,982,0.09,0.0,2.29,1.83,9.9,0.55,4.31,50.0,3.67,49.38,0.64,53.85
281,385888,La Liga,Getafe,Mauro Arambarri,Midfielder,6.73,0.17,0.2,0.17,1.65,0.54,0.74,10.34,0.85,50.85,0.17,0.0,0.06,0.03,0.09,0.06,0.14,0.0,0.09,0.06,66.67,0.0,0.03,0.0,1.88,0.65,0.97,0.17,1.05,0.03,0.0,0.0,0.0,0.31,0.03,0.06,0.0,0.6,21.9,16.41,5.49,74.94,6.11,10.29,5.03,0.09,16.67,1.02,48.0,36,36,3165,0.17,0.0,1.68,1.91,10.24,1.31,6.23,49.1,4.64,49.85,1.59,47.06
282,986245,La Liga,Villarreal,Sergi Cardona,Defender,6.73,0.05,0.05,0.0,0.83,0.23,0.51,5.56,0.18,28.57,0.05,0.0,0.0,0.05,0.0,0.05,0.05,0.0,0.0,0.0,0.0,0.0,0.0,0.0,2.17,1.66,2.59,0.42,1.29,0.05,0.09,0.0,0.0,0.28,0.18,0.18,0.05,0.97,33.62,27.43,6.2,81.57,14.38,13.04,7.17,0.92,24.39,0.97,37.5,30,20,1946,0.18,0.0,1.29,1.02,12.63,0.37,4.21,49.73,3.28,49.31,0.92,51.28
283,191182,La Liga,Girona FC,Thomas Lemar,Midfielder,6.73,0.21,0.13,0.07,1.14,0.57,0.14,18.75,1.36,55.88,0.07,0.14,0.0,0.14,0.07,0.07,0.0,0.0,0.0,0.0,0.0,0.0,0.07,0.0,1.86,0.36,0.14,0.14,1.14,0.0,0.0,0.0,0.0,0.0,0.07,0.07,0.07,1.43,46.0,40.43,5.57,87.89,14.29,26.14,16.07,1.21,31.48,1.64,74.19,26,14,1260,0.21,0.0,1.36,1.43,14.21,2.36,4.79,44.37,4.64,44.22,0.14,50.0
284,899982,La Liga,Rayo Vallecano,Isi Palazón,Midfielder,6.73,0.12,0.21,0.24,2.11,0.64,0.84,5.66,0.92,47.92,0.12,0.0,0.0,0.12,0.0,0.12,0.24,0.0,0.12,0.08,66.67,0.0,0.08,0.0,1.15,0.12,0.92,0.24,0.92,0.0,0.04,0.0,0.0,0.04,0.36,0.12,0.0,1.55,34.69,28.61,6.09,82.45,11.1,17.51,11.18,1.15,27.62,1.75,57.89,31,27,2262,0.4,0.04,1.43,2.03,14.48,1.63,4.89,44.73,4.06,45.54,0.84,41.18
285,797290,La Liga,Villarreal,Alfonso Pedraza,Defender,6.73,0.06,0.06,0.06,0.61,0.17,0.28,9.09,1.05,61.29,0.06,0.0,0.0,0.06,0.0,0.0,0.22,0.0,0.0,0.0,0.0,0.0,0.0,0.0,2.22,1.44,2.05,0.33,0.83,0.06,0.06,0.06,0.0,0.11,0.33,0.17,0.0,1.11,32.11,25.51,6.6,79.45,13.92,11.59,5.82,1.11,24.39,1.61,39.73,26,18,1623,0.44,0.0,1.5,1.28,13.7,0.78,4.66,53.16,4.55,55.78,0.11,18.18
286,1525863,La Liga,Villarreal,Pau Navarro,Defender,6.73,0.0,0.0,0.0,0.1,0.1,0.0,0.0,0.29,60.0,0.0,0.0,0.0,0.0,0.0,0.0,0.05,0.0,0.0,0.0,0.0,0.0,0.0,0.0,3.09,0.88,5.01,0.79,1.57,0.05,0.0,0.0,0.05,0.15,0.05,0.0,0.0,0.2,45.69,40.34,5.35,88.29,29.54,10.8,2.99,0.05,50.0,1.67,40.48,22,22,1834,0.2,0.0,1.67,0.49,6.48,0.1,5.15,51.72,3.88,52.67,1.28,49.06
287,910024,La Liga,Rayo Vallecano,Sergio Camello,Forward,6.73,0.46,0.31,0.58,2.89,1.39,0.93,16.0,1.97,51.52,0.35,0.12,0.0,0.12,0.35,0.12,0.23,0.0,0.0,0.0,0.0,0.0,0.0,0.0,1.16,0.23,0.0,0.0,0.58,0.0,0.12,0.0,0.0,0.0,0.12,0.0,0.0,1.74,23.48,19.09,4.4,81.28,7.4,11.68,7.29,0.12,33.33,0.58,62.5,21,8,778,0.23,0.12,0.81,1.5,12.38,2.31,4.97,43.0,4.51,45.35,0.46,28.57
288,158615,La Liga,Celta Vigo,Matías Vecino,Midfielder,6.73,0.0,0.06,0.0,1.42,0.0,0.71,0.0,0.71,100.0,0.0,0.0,0.0,0.0,0.0,0.0,0.0,0.0,0.0,0.0,0.0,0.0,0.0,0.0,4.96,1.42,2.13,0.0,1.42,0.0,0.0,0.0,0.0,0.0,0.0,0.0,0.0,0.0,61.65,51.02,10.63,82.76,16.3,34.72,14.17,0.0,0.0,0.71,25.0,5,2,127,0.0,0.0,2.13,0.0,12.05,0.71,7.8,55.0,5.67,61.54,2.13,42.86
289,175185,La Liga,Espanyol,Pere Milla,Midfielder,6.73,0.32,0.32,0.32,2.69,0.93,1.25,12.07,0.42,40.91,0.32,0.0,0.14,0.14,0.05,0.0,0.46,0.0,0.0,0.0,0.0,0.0,0.32,0.0,1.67,0.79,0.88,0.14,1.67,0.0,0.0,0.0,0.0,0.05,0.19,0.0,0.0,1.53,23.98,17.13,6.85,71.43,6.62,10.51,6.44,0.37,22.86,0.88,46.34,32,24,1944,0.28,0.05,1.06,1.67,12.13,1.3,4.68,43.72,3.61,44.32,1.06,41.82
290,152446,La Liga,Rayo Vallecano,Iván Balliu,Defender,6.73,0.0,0.06,0.18,0.36,0.0,0.36,0.0,1.25,70.0,0.0,0.0,0.0,0.0,0.0,0.0,0.0,0.0,0.0,0.0,0.0,0.0,0.0,0.0,1.78,1.25,0.89,0.53,0.18,0.0,0.0,0.0,0.0,0.18,0.0,0.0,0.0,0.36,39.84,32.73,7.11,82.14,16.01,16.72,9.07,0.18,12.5,1.96,40.74,13,5,506,0.36,0.0,1.42,0.71,11.21,0.18,4.45,54.35,3.74,61.76,0.71,33.33
291,1064026,La Liga,Espanyol,Omar El Hilali,Defender,6.72,0.0,0.0,0.0,0.03,0.0,0.03,0.0,0.22,70.0,0.0,0.0,0.0,0.0,0.0,0.0,0.1,0.0,0.0,0.0,0.0,0.0,0.0,0.0,2.3,1.28,2.97,0.54,0.77,0.03,0.03,0.03,0.0,0.26,0.1,0.06,0.0,0.54,39.65,31.92,7.73,80.5,18.95,12.97,5.3,0.58,32.14,2.04,36.36,35,32,2817,0.29,0.0,1.41,0.77,11.66,0.16,4.15,54.85,3.26,58.29,0.89,45.16
292,997035,La Liga,FC Barcelona,Alejandro Balde,Defender,6.72,0.0,0.02,0.0,0.45,0.05,0.35,0.0,1.16,58.97,0.0,0.0,0.0,0.0,0.0,0.0,0.2,0.05,0.0,0.0,0.0,0.0,0.0,0.0,1.77,0.25,1.16,0.45,0.3,0.0,0.05,0.05,0.0,0.15,0.2,0.1,0.05,1.16,57.31,52.62,4.69,91.81,21.89,30.72,16.35,0.25,19.23,0.76,55.56,27,20,1784,0.1,0.0,0.71,1.21,9.43,0.96,4.64,58.97,4.14,60.29,0.5,50.0
293,1092769,La Liga,Girona FC,Yáser Asprilla,Midfielder,6.72,0.0,0.09,0.0,2.23,0.74,0.74,0.0,1.93,59.09,0.0,0.0,0.0,0.0,0.0,0.0,0.74,0.15,0.0,0.0,0.0,0.0,0.15,0.0,1.19,0.74,0.6,0.15,0.3,0.0,0.0,0.0,0.0,0.0,0.3,0.0,0.0,1.79,22.46,19.19,3.27,85.43,7.44,11.75,8.03,1.64,29.73,1.64,84.62,15,6,605,0.0,0.0,1.49,1.19,13.54,1.49,4.61,46.27,4.31,48.33,0.3,28.57
294,187313,La Liga,Osasuna,Lucas Torró,Midfielder,6.72,0.0,0.06,0.04,1.0,0.24,0.6,0.0,0.36,69.23,0.0,0.0,0.0,0.0,0.0,0.04,0.0,0.0,0.0,0.0,0.0,0.0,0.0,0.0,1.45,1.09,1.81,0.28,0.44,0.0,0.08,0.0,0.0,0.08,0.04,0.04,0.0,0.6,39.23,29.38,9.85,74.9,14.55,14.83,6.39,0.0,0.0,1.57,37.14,33,30,2239,0.24,0.0,1.53,1.13,11.86,0.44,6.95,63.14,2.85,54.62,4.1,70.83
295,1101232,La Liga,Getafe,Abdel Abqar,Defender,6.72,0.0,0.02,0.07,0.47,0.07,0.33,0.0,0.13,33.33,0.0,0.0,0.0,0.0,0.0,0.0,0.07,0.0,0.0,0.0,0.0,0.0,0.0,0.0,2.47,1.4,4.73,0.47,0.4,0.0,0.07,0.07,0.0,0.0,0.2,0.13,0.0,0.27,28.13,20.33,7.8,72.27,14.27,6.07,2.27,0.0,0.0,3.53,44.17,22,16,1350,0.67,0.07,1.73,2.27,9.2,0.2,6.13,63.89,4.87,65.77,1.27,57.58
296,1513222,La Liga,Deportivo Alavés,Ángel Pérez,Midfielder,6.72,0.08,0.07,0.08,0.98,0.22,0.15,7.69,1.35,41.86,0.08,0.0,0.0,0.08,0.0,0.0,0.38,0.0,0.0,0.0,0.0,0.0,0.0,0.0,1.12,0.68,1.95,0.08,0.82,0.0,0.0,0.0,0.0,0.15,0.15,0.22,0.0,1.65,32.85,24.3,8.55,73.97,7.5,16.8,9.07,1.5,23.53,1.05,25.0,15,13,1200,0.22,0.0,1.12,1.2,18.08,0.38,3.75,44.25,3.68,47.12,0.08,11.11
297,1010165,La Liga,Osasuna,Abel Bretones,Defender,6.71,0.05,0.03,0.0,0.6,0.16,0.38,9.09,0.71,44.83,0.0,0.05,0.0,0.05,0.0,0.0,0.05,0.05,0.0,0.0,0.0,0.0,0.0,0.0,1.79,0.98,2.77,0.27,0.92,0.0,0.05,0.0,0.0,0.16,0.16,0.11,0.0,0.71,27.3,21.06,6.24,77.14,8.69,12.38,6.73,0.65,36.36,1.3,38.71,28,17,1658,0.27,0.05,0.92,1.03,12.81,0.65,4.23,52.7,3.53,51.18,0.71,61.9
298,882475,La Liga,Real Oviedo,Alberto Reina,Midfielder,6.71,0.15,0.13,0.11,0.83,0.41,0.26,18.18,0.56,51.72,0.11,0.04,0.0,0.11,0.04,0.08,0.08,0.0,0.0,0.0,0.0,0.0,0.0,0.0,1.61,0.64,0.53,0.23,0.56,0.04,0.15,0.04,0.0,0.04,0.26,0.04,0.0,1.28,37.66,32.07,5.59,85.14,15.54,16.52,8.56,0.64,32.08,2.1,60.22,36,30,2397,0.15,0.04,1.31,1.69,9.61,0.86,4.43,51.98,3.83,54.84,0.6,39.02
299,859769,La Liga,Levante UD,Oriol Rey,Midfielder,6.71,0.0,0.03,0.0,0.56,0.07,0.28,0.0,0.07,50.0,0.0,0.0,0.0,0.0,0.0,0.07,0.0,0.0,0.0,0.0,0.0,0.0,0.0,0.0,1.4,0.63,2.32,0.28,1.05,0.0,0.07,0.0,0.0,0.0,0.0,0.07,0.0,0.7,38.61,33.7,4.91,87.27,16.08,17.62,6.95,0.28,50.0,1.54,50.0,19,14,1282,0.28,0.0,1.61,0.98,6.25,0.21,3.37,46.15,2.46,45.45,0.91,48.15
300,1526628,La Liga,Celta Vigo,Fer López,Midfielder,6.71,0.08,0.09,0.16,0.98,0.41,0.25,8.33,1.64,58.82,0.08,0.0,0.0,0.08,0.0,0.08,0.08,0.0,0.0,0.0,0.0,0.0,0.0,0.0,1.23,0.57,0.74,0.16,0.9,0.08,0.16,0.0,0.0,0.08,0.16,0.0,0.08,0.74,43.45,36.9,6.55,84.93,14.32,22.58,11.95,0.25,20.0,2.21,61.36,16,12,1100,0.25,0.0,1.96,1.06,12.85,1.23,4.34,42.4,3.93,43.64,0.41,33.33
301,892521,La Liga,Valencia,Unai Núñez,Defender,6.71,0.0,0.02,0.11,0.54,0.0,0.32,0.0,0.0,0.0,0.0,0.0,0.0,0.0,0.0,0.11,0.0,0.0,0.0,0.0,0.0,0.0,0.0,0.0,2.38,1.19,4.22,0.54,0.65,0.0,0.0,0.0,0.0,0.32,0.0,0.0,0.0,0.11,44.95,38.34,6.61,85.3,24.48,13.86,3.79,0.11,33.33,3.14,50.88,12,9,831,0.22,0.0,1.08,0.76,9.31,0.32,4.44,55.41,3.03,58.33,1.41,50.0
302,946381,La Liga,Sevilla,Akor Adams,Forward,6.71,0.44,0.44,0.4,2.64,1.32,0.79,16.67,0.7,57.14,0.4,0.04,0.04,0.09,0.31,0.0,1.81,0.0,0.13,0.13,100.0,0.0,0.0,0.0,0.35,0.04,1.1,0.18,0.13,0.04,0.0,0.0,0.0,0.09,0.04,0.13,0.0,0.57,15.41,9.91,5.5,64.29,3.7,6.21,3.96,0.04,5.56,0.31,36.84,31,21,2044,0.13,0.0,1.59,0.53,10.92,1.45,4.01,37.14,1.59,31.03,2.42,42.64
303,1186010,La Liga,Real Betis,Valentín Gómez,Defender,6.71,0.05,0.04,0.05,0.53,0.24,0.29,9.09,0.63,92.86,0.05,0.0,0.05,0.0,0.0,0.0,0.05,0.0,0.0,0.0,0.0,0.0,0.0,0.0,2.21,1.16,5.44,0.63,1.06,0.05,0.05,0.1,0.0,0.19,0.14,0.0,0.0,0.48,45.72,39.22,6.5,85.79,24.5,14.73,4.52,0.14,25.0,2.02,43.75,27,19,1870,0.24,0.0,1.25,0.58,9.29,0.34,5.39,56.85,3.32,56.1,2.07,58.11
304,1000150,La Liga,Mallorca,Zito Luvumbo,Forward,6.7,0.0,0.11,0.35,1.56,1.21,0.35,0.0,1.56,39.13,0.0,0.0,0.0,0.0,0.0,0.0,1.04,0.0,0.0,0.0,0.0,0.0,0.0,0.0,0.17,0.0,0.35,0.0,0.52,0.0,0.0,0.0,0.0,0.0,0.35,0.35,0.0,1.56,10.06,7.11,2.95,70.69,0.87,6.24,4.68,0.69,20.0,0.0,0.0,10,6,519,0.35,0.0,2.25,3.64,13.01,1.21,5.55,41.03,5.38,46.27,0.17,9.09
305,605374,La Liga,Elche,Tete Morente,Forward,6.7,0.11,0.06,0.0,0.85,0.11,0.43,12.5,0.75,25.93,0.11,0.0,0.11,0.0,0.0,0.0,0.21,0.0,0.0,0.0,0.0,0.0,0.0,0.0,2.35,0.96,1.92,0.53,0.75,0.0,0.0,0.0,0.0,0.21,0.32,0.11,0.0,1.17,31.39,23.7,7.69,75.51,5.55,18.15,11.53,0.64,13.64,0.53,20.0,12,10,843,0.11,0.0,1.49,0.96,18.58,1.17,5.34,44.25,4.06,42.7,1.28,50.0
307,1402908,La Liga,Elche,Hector Fort,Defender,6.7,0.37,0.11,0.19,2.22,0.93,0.37,16.67,1.48,42.11,0.37,0.0,0.0,0.0,0.37,0.0,0.37,0.0,0.0,0.0,0.0,0.0,0.0,0.0,2.22,1.11,1.48,0.19,0.56,0.0,0.0,0.0,0.0,0.0,0.0,0.37,0.0,0.74,29.81,24.81,5.0,83.23,8.52,16.3,6.85,0.37,22.22,1.48,57.14,13,7,486,0.0,0.0,0.74,0.19,12.22,1.3,5.0,47.37,3.89,45.65,1.11,54.55
308,1458073,La Liga,Rayo Vallecano,Nobel Mendy,Defender,6.7,0.1,0.08,0.1,0.58,0.16,0.37,18.18,0.16,75.0,0.1,0.0,0.1,0.0,0.0,0.0,0.05,0.0,0.0,0.0,0.0,0.0,0.0,0.0,1.31,1.1,7.9,1.1,0.42,0.0,0.05,0.05,0.0,0.26,0.05,0.0,0.0,0.16,47.9,41.31,6.59,86.24,33.0,8.31,2.04,0.0,0.0,2.35,37.5,23,21,1721,0.37,0.1,1.57,0.63,7.43,0.16,3.61,51.88,2.09,51.28,1.52,52.73
309,910267,La Liga,Athletic Club,Jesús Areso,Defender,6.7,0.0,0.01,0.0,0.18,0.0,0.06,0.0,0.83,56.0,0.0,0.0,0.0,0.0,0.0,0.0,0.06,0.0,0.0,0.0,0.0,0.0,0.0,0.0,1.31,1.07,3.03,0.48,0.36,0.0,0.12,0.0,0.0,0.12,0.18,0.06,0.0,1.37,34.56,28.85,5.71,83.48,12.19,16.66,8.45,1.01,20.0,1.07,47.37,26,14,1513,0.18,0.0,1.13,0.42,15.82,0.48,4.46,59.52,2.5,50.6,1.96,76.74
313,88625,La Liga,Girona FC,Marc-André Ter Stegen,Goalkeeper,6.7,0.0,0.0,0.0,0.0,0.0,0.0,0.0,0.0,0.0,0.0,0.0,0.0,0.0,0.0,0.0,0.0,0.0,0.0,0.0,0.0,0.0,0.0,0.0,0.0,0.0,0.5,0.0,0.0,0.0,0.0,0.0,0.0,0.0,0.0,0.0,0.0,0.0,37.5,34.5,3.0,92.0,34.5,0.0,0.0,0.0,0.0,3.5,53.85,2,2,180,0.0,0.0,0.0,0.0,3.0,0.0,0.0,0.0,0.0,0.0,0.0,0.0
314,344129,La Liga,Levante UD,José Luis Morales,Forward,6.7,0.23,0.52,0.94,2.58,0.94,0.7,9.09,2.11,52.94,0.23,0.0,0.0,0.0,0.23,0.0,0.94,0.0,0.23,0.23,100.0,0.0,0.0,0.0,2.35,0.7,0.94,0.47,0.23,0.0,0.0,0.0,0.0,0.0,0.47,0.23,0.0,1.64,29.84,22.32,7.52,74.8,7.28,15.04,10.1,0.47,20.0,0.23,25.0,20,1,383,0.23,0.0,0.7,0.94,15.74,1.41,5.87,53.19,5.4,56.1,0.47,33.33
316,328145,La Liga,Sevilla,Adnan Januzaj,Midfielder,6.7,0.0,0.07,0.0,1.97,0.0,0.56,0.0,2.25,42.11,0.0,0.0,0.0,0.0,0.0,0.0,0.28,0.0,0.0,0.0,0.0,0.0,0.0,0.0,1.69,0.28,0.84,0.0,0.28,0.0,0.0,0.28,0.0,0.0,0.0,0.0,0.0,3.09,36.28,31.78,4.5,87.6,10.69,21.09,16.03,2.25,26.67,4.22,68.18,12,2,320,0.28,0.0,2.25,2.81,21.38,1.12,6.75,50.0,6.75,50.0,0.0,0.0
317,1084381,La Liga,Deportivo Alavés,Pablo Ibáñez,Midfielder,6.7,0.04,0.17,0.12,1.86,0.5,0.78,2.22,1.28,43.66,0.04,0.0,0.0,0.0,0.04,0.04,0.12,0.0,0.0,0.0,0.0,0.0,0.0,0.0,2.23,0.87,1.07,0.41,1.24,0.0,0.04,0.0,0.0,0.08,0.04,0.04,0.0,0.78,40.97,35.23,5.74,85.99,14.33,20.9,10.41,0.25,18.18,1.03,43.86,36,27,2179,0.29,0.0,1.57,2.64,12.97,1.94,7.23,49.3,6.15,49.17,1.07,50.0
321,2110897,La Liga,Athletic Club,Alejandro Rego Mora,Midfielder,6.7,0.07,0.04,0.0,0.87,0.22,0.22,8.33,0.66,47.37,0.07,0.0,0.0,0.0,0.07,0.07,0.0,0.0,0.0,0.0,0.0,0.0,0.0,0.0,3.06,1.75,1.17,0.36,1.09,0.0,0.0,0.07,0.0,0.07,0.07,0.07,0.0,0.8,38.16,31.24,6.92,81.87,13.54,17.69,7.43,0.22,50.0,1.75,64.86,28,11,1236,0.44,0.0,2.91,0.44,9.47,0.44,5.17,47.65,4.15,44.88,1.02,63.64
323,597876,La Liga,Real Oviedo,Lucas Ahijado,Defender,6.69,0.0,0.08,0.17,0.83,0.17,0.33,0.0,1.32,59.26,0.0,0.0,0.0,0.0,0.0,0.0,0.17,0.0,0.0,0.0,0.0,0.0,0.0,0.0,3.81,1.41,2.57,0.33,0.83,0.0,0.0,0.08,0.0,0.08,0.17,0.08,0.0,0.66,34.86,27.9,6.95,80.05,13.33,14.57,6.46,0.41,31.25,1.24,28.3,19,11,1087,0.25,0.0,1.16,0.25,11.76,0.25,5.96,63.16,5.38,63.73,0.58,58.33
324,944225,La Liga,Osasuna,Jorge Herrando,Defender,6.69,0.0,0.02,0.06,0.18,0.0,0.06,0.0,0.18,100.0,0.0,0.0,0.0,0.0,0.0,0.0,0.0,0.06,0.0,0.0,0.0,0.0,0.0,0.0,1.81,1.05,5.84,0.64,0.58,0.0,0.0,0.0,0.0,0.12,0.06,0.06,0.0,0.12,40.44,34.95,5.49,86.42,24.9,10.05,2.22,0.0,0.0,1.29,36.07,27,16,1540,0.18,0.0,1.34,0.47,6.19,0.06,4.03,56.56,2.4,55.41,1.64,58.33
325,966802,La Liga,Levante UD,Unai Vencedor,Midfielder,6.69,0.0,0.0,0.0,0.0,0.0,0.0,0.0,0.44,57.14,0.0,0.0,0.0,0.0,0.0,0.0,0.0,0.0,0.0,0.0,0.0,0.0,0.0,0.0,2.42,0.66,1.54,0.55,1.98,0.0,0.0,0.0,0.0,0.0,0.33,0.0,0.0,1.32,45.77,37.3,8.47,81.49,18.26,19.03,9.35,0.99,40.91,4.4,57.97,16,11,818,0.33,0.11,2.64,0.88,11.11,0.33,5.28,44.04,3.74,41.98,1.54,50.0
326,1162107,La Liga,FC Barcelona,Roony Bardghji,Forward,6.69,0.14,0.19,0.41,3.0,1.63,0.82,4.55,3.0,53.66,0.14,0.0,0.0,0.0,0.14,0.0,0.0,0.0,0.0,0.0,0.0,0.0,0.0,0.0,0.82,0.27,0.41,0.0,0.14,0.0,0.14,0.0,0.0,0.0,0.41,0.14,0.14,2.04,45.75,40.57,5.17,88.69,13.89,26.69,14.98,2.04,27.78,0.54,66.67,21,7,661,0.0,0.0,0.95,1.09,16.75,1.5,4.9,46.75,4.9,48.65,0.0,0.0
327,1403559,La Liga,Real Madrid,Franco Mastantuono,Forward,6.69,0.09,0.29,0.28,2.77,0.65,1.57,3.33,2.03,43.14,0.09,0.0,0.0,0.0,0.09,0.28,0.09,0.0,0.0,0.0,0.0,0.0,0.09,0.0,1.85,0.28,0.28,0.0,1.38,0.0,0.09,0.0,0.0,0.09,0.46,0.0,0.0,1.38,42.55,38.49,4.06,90.46,9.42,29.08,15.32,0.83,31.03,0.92,62.5,22,10,975,0.46,0.09,1.66,2.58,14.49,2.49,6.92,44.12,6.46,44.59,0.46,38.46
328,268903,La Liga,Sevilla,Neal Maupay,Forward,6.69,0.21,0.19,0.21,1.81,0.75,0.53,11.76,0.43,40.0,0.21,0.0,0.11,0.0,0.11,0.0,0.32,0.0,0.0,0.0,0.0,0.0,0.0,0.0,0.43,0.11,0.21,0.11,0.32,0.0,0.11,0.0,0.0,0.0,0.0,0.11,0.0,1.39,20.15,16.53,3.63,82.01,5.97,10.56,5.97,0.0,0.0,1.49,77.78,11,10,844,0.11,0.0,1.6,1.71,8.42,1.39,3.52,35.87,2.56,41.38,0.96,26.47
329,1069703,La Liga,Celta Vigo,Carlos Domínguez,Defender,6.69,0.0,0.08,0.15,0.3,0.15,0.15,0.0,0.0,0.0,0.0,0.0,0.0,0.0,0.0,0.0,0.0,0.0,0.0,0.0,0.0,0.0,0.0,0.0,1.92,0.74,6.34,0.74,0.3,0.15,0.0,0.15,0.0,0.0,0.0,0.0,0.0,0.15,65.21,59.61,5.61,91.4,43.52,16.08,4.87,0.0,0.0,2.36,43.24,8,6,610,0.15,0.0,0.89,0.15,7.08,0.59,4.13,60.87,2.07,53.85,2.07,70.0
330,1119586,La Liga,Osasuna,Iker Muñoz,Midfielder,6.69,0.0,0.03,0.0,0.85,0.38,0.38,0.0,0.38,36.36,0.0,0.0,0.0,0.0,0.0,0.0,0.09,0.0,0.0,0.0,0.0,0.0,0.09,0.0,1.13,1.04,2.17,0.19,1.42,0.0,0.0,0.0,0.0,0.0,0.0,0.0,0.0,0.47,42.4,35.98,6.42,84.86,16.62,19.36,9.73,0.09,16.67,2.36,58.14,19,8,953,0.47,0.0,1.7,1.98,9.07,0.57,4.82,45.13,3.4,43.9,1.42,48.39
331,235648,La Liga,Deportivo Alavés,Jonny Otto,Defender,6.69,0.0,0.02,0.06,0.27,0.09,0.15,0.0,0.75,73.53,0.0,0.0,0.0,0.0,0.0,0.03,0.03,0.0,0.0,0.0,0.0,0.0,0.0,0.0,1.98,1.23,1.89,0.42,0.96,0.0,0.06,0.0,0.0,0.09,0.06,0.0,0.0,0.51,52.75,45.69,7.05,86.62,24.92,20.77,9.1,0.21,29.17,1.89,50.81,34,34,2998,0.21,0.0,1.11,0.9,11.05,0.93,4.41,53.65,3.63,53.54,0.78,54.17
332,998950,La Liga,Valencia,Diego López,Midfielder,6.69,0.21,0.13,0.21,1.3,0.42,0.42,16.0,0.68,37.14,0.21,0.0,0.0,0.0,0.21,0.05,0.16,0.0,0.0,0.0,0.0,0.0,0.0,0.0,1.1,0.47,0.52,0.1,0.83,0.0,0.1,0.0,0.0,0.1,0.16,0.05,0.0,0.83,26.19,20.03,6.16,76.49,6.83,13.2,7.3,0.31,15.0,0.52,76.92,33,19,1725,0.1,0.0,0.99,1.72,12.16,0.83,4.7,42.86,3.44,47.83,1.25,33.33
333,835485,La Liga,Real Madrid,Brahim Díaz,Midfielder,6.69,0.0,0.08,0.07,0.99,0.43,0.35,0.0,1.77,56.82,0.0,0.0,0.0,0.0,0.0,0.0,0.21,0.14,0.0,0.0,0.0,0.0,0.0,0.0,1.06,0.14,0.28,0.0,0.14,0.0,0.07,0.0,0.0,0.0,0.5,0.43,0.0,2.13,37.41,33.86,3.55,90.51,8.94,24.91,14.76,0.57,40.0,0.64,90.0,29,13,1268,0.14,0.0,1.35,2.63,11.64,2.27,5.61,49.69,5.47,51.68,0.14,20.0
334,1632454,La Liga,Girona FC,Hugo Rincón,Defender,6.69,0.05,0.04,0.1,0.37,0.1,0.21,14.29,0.47,52.94,0.05,0.0,0.0,0.0,0.05,0.0,0.05,0.05,0.0,0.0,0.0,0.0,0.0,0.0,2.35,0.26,2.56,0.47,0.68,0.0,0.05,0.05,0.0,0.1,0.1,0.05,0.0,0.52,39.42,32.59,6.83,82.67,15.38,17.21,10.74,0.16,8.82,0.83,39.02,32,16,1726,0.21,0.0,1.67,2.61,11.58,0.63,6.41,57.48,5.42,61.54,0.99,42.22
335,1064009,La Liga,Espanyol,Urko González,Midfielder,6.69,0.0,0.03,0.0,0.6,0.04,0.35,0.0,0.5,66.67,0.0,0.0,0.0,0.0,0.0,0.0,0.04,0.0,0.0,0.0,0.0,0.0,0.0,0.0,1.88,1.13,2.09,0.39,1.49,0.0,0.04,0.0,0.0,0.14,0.0,0.04,0.04,0.39,33.28,26.87,6.42,80.72,13.15,13.72,5.64,0.04,9.09,0.96,34.18,35,27,2539,0.25,0.0,1.45,1.45,9.43,0.92,4.64,48.88,3.79,48.86,0.85,48.98
336,344847,La Liga,Mallorca,Johan Mojica,Defender,6.69,0.0,0.02,0.03,0.56,0.07,0.39,0.0,0.49,36.59,0.0,0.0,0.0,0.0,0.0,0.0,0.07,0.0,0.0,0.0,0.0,0.0,0.2,0.0,1.68,0.79,2.76,0.2,0.33,0.0,0.07,0.0,0.0,0.16,0.2,0.13,0.0,1.18,39.79,31.47,8.32,79.09,14.6,16.87,8.58,1.25,28.57,2.17,36.46,35,30,2737,0.2,0.03,0.95,0.99,15.95,0.92,3.88,52.21,3.12,50.8,0.76,58.97
337,32048,La Liga,Girona FC,Cristhian Stuani,Forward,6.68,1.13,1.18,1.36,3.62,2.26,0.9,31.25,0.45,100.0,1.13,0.0,0.23,0.0,0.9,0.0,1.36,0.45,0.9,0.68,75.0,0.0,0.0,0.0,1.13,0.23,0.68,0.0,0.68,0.0,0.0,0.0,0.0,0.0,0.0,0.0,0.0,0.45,13.34,8.82,4.52,66.1,4.3,4.52,2.94,0.0,0.0,0.0,0.0,20,1,398,0.9,0.0,2.71,2.26,7.01,0.45,7.46,50.0,3.84,50.0,3.62,50.0
338,84972,La Liga,Espanyol,Kike García,Forward,6.68,0.42,0.46,0.57,3.13,1.41,1.2,13.33,0.47,39.13,0.42,0.0,0.05,0.1,0.26,0.0,1.36,0.0,0.1,0.05,50.0,0.0,0.0,0.0,0.63,0.31,0.99,0.05,0.57,0.05,0.0,0.0,0.0,0.0,0.21,0.05,0.0,0.99,19.92,12.98,6.94,65.18,4.48,8.5,4.69,0.05,5.88,0.52,52.63,36,17,1726,0.16,0.0,1.67,2.24,13.19,1.1,7.72,47.59,3.23,46.27,4.48,48.59
339,345195,La Liga,Villarreal,Ayoze Pérez,Forward,6.68,0.26,0.42,0.43,1.71,0.77,0.51,15.0,0.94,33.33,0.26,0.0,0.0,0.17,0.09,0.09,0.43,0.0,0.09,0.09,100.0,0.0,0.0,0.0,1.88,0.34,0.6,0.0,0.68,0.0,0.0,0.0,0.0,0.0,0.17,0.26,0.0,1.28,19.93,15.06,4.88,75.54,5.39,9.67,6.33,0.09,12.5,0.26,37.5,24,11,1052,0.34,0.0,1.37,1.88,12.49,2.31,5.82,40.48,4.62,42.52,1.2,34.15
340,591132,La Liga,Osasuna,Kike Barja,Forward,6.68,0.39,0.18,0.0,1.56,0.78,0.58,25.0,1.17,31.58,0.39,0.0,0.0,0.19,0.19,0.0,0.19,0.0,0.0,0.0,0.0,0.0,0.0,0.0,0.97,0.39,0.97,0.19,0.78,0.0,0.0,0.0,0.0,0.0,0.0,0.39,0.0,2.14,23.38,17.34,6.04,74.17,4.87,12.47,8.18,3.12,25.4,1.56,61.54,26,2,462,0.78,0.0,2.14,1.95,22.21,2.14,5.45,38.36,4.09,35.0,1.36,53.85
341,850035,La Liga,Rayo Vallecano,Luiz Felipe,Defender,6.68,0.0,0.07,0.0,0.55,0.18,0.18,0.0,0.0,0.0,0.0,0.0,0.0,0.0,0.0,0.0,0.0,0.0,0.0,0.0,0.0,0.0,0.0,0.0,2.2,1.47,4.4,0.55,0.55,0.0,0.0,0.0,0.0,0.37,0.0,0.0,0.0,0.18,46.56,42.34,4.22,90.94,34.28,8.07,0.92,0.0,0.0,1.47,44.44,10,7,491,0.18,0.0,0.92,0.18,5.68,0.0,4.03,57.89,2.38,61.9,1.65,52.94
342,910978,La Liga,Athletic Club,Dani Vivian,Defender,6.68,0.04,0.04,0.07,0.62,0.22,0.25,5.88,0.18,83.33,0.0,0.04,0.0,0.0,0.04,0.04,0.04,0.0,0.0,0.0,0.0,0.0,0.0,0.0,1.89,1.13,5.1,0.47,0.69,0.07,0.07,0.04,0.0,0.15,0.11,0.0,0.0,0.22,48.29,41.31,6.99,85.53,24.53,16.78,4.95,0.11,27.27,3.35,48.42,30,27,2473,0.29,0.04,1.35,0.58,9.28,0.55,3.75,48.82,2.62,51.06,1.13,44.29
343,67769,La Liga,Real Betis,Ricardo Rodríguez,Defender,6.68,0.0,0.01,0.0,0.18,0.0,0.12,0.0,0.06,50.0,0.0,0.0,0.0,0.0,0.0,0.0,0.0,0.0,0.0,0.0,0.0,0.0,0.0,0.0,1.35,0.49,3.92,0.18,0.67,0.0,0.0,0.0,0.0,0.31,0.06,0.06,0.0,0.43,36.31,30.67,5.63,84.49,15.49,15.18,6.06,0.43,46.67,1.29,34.43,22,17,1470,0.0,0.0,0.55,0.31,8.39,0.24,2.57,52.5,1.71,52.83,0.86,51.85
344,813574,La Liga,Levante UD,Unai Elgezabal,Defender,6.68,0.09,0.06,0.09,0.28,0.09,0.19,33.33,0.0,0.0,0.09,0.0,0.0,0.0,0.09,0.0,0.0,0.0,0.0,0.0,0.0,0.0,0.0,0.0,0.75,0.28,6.58,1.5,0.66,0.0,0.09,0.09,0.09,0.09,0.0,0.0,0.0,0.19,38.42,32.69,5.73,85.09,22.45,10.24,1.88,0.0,0.0,1.32,30.43,12,11,958,0.19,0.0,1.03,0.56,6.29,0.0,4.23,60.0,1.32,43.75,2.91,72.09
345,1392092,La Liga,Getafe,Sebastián Boselli,Defender,6.68,0.0,0.08,0.22,0.89,0.22,0.44,0.0,0.44,100.0,0.0,0.0,0.0,0.0,0.0,0.0,0.0,0.0,0.0,0.0,0.0,0.0,0.0,0.0,3.77,0.22,4.21,0.22,2.88,0.0,0.22,0.0,0.0,0.67,0.22,0.0,0.0,0.22,18.62,10.2,8.42,54.76,2.22,7.98,3.77,0.44,25.0,1.77,28.57,11,4,406,0.67,0.0,1.33,0.0,13.74,0.44,5.76,50.98,4.21,47.5,1.55,63.64
346,68332,La Liga,Sevilla,Nemanja Gudelj,Midfielder,6.68,0.08,0.05,0.0,1.14,0.3,0.61,6.67,0.19,45.45,0.04,0.04,0.04,0.04,0.0,0.0,0.0,0.0,0.0,0.0,0.0,0.0,0.19,0.0,1.33,0.95,4.84,0.69,0.65,0.0,0.04,0.0,0.0,0.11,0.04,0.0,0.0,0.27,42.01,37.09,4.92,88.29,25.65,11.44,3.81,0.04,14.29,2.06,50.0,33,26,2361,0.34,0.0,1.52,0.38,6.33,0.27,3.55,50.27,1.91,42.74,1.64,63.24
347,845025,La Liga,Real Oviedo,Ovie Ejaria,Midfielder,6.68,0.0,0.06,0.0,1.38,0.46,0.46,0.0,1.84,66.67,0.0,0.0,0.0,0.0,0.0,0.0,0.46,0.0,0.0,0.0,0.0,0.0,0.0,0.0,1.84,1.38,1.38,0.0,1.84,0.0,0.0,0.0,0.0,0.0,0.0,0.0,0.0,0.46,49.59,43.62,5.97,87.96,15.61,28.01,13.32,0.0,0.0,0.92,50.0,8,2,196,0.46,0.0,1.38,2.3,11.48,1.84,9.18,51.28,5.51,48.0,3.67,57.14
348,1046796,La Liga,Deportivo Alavés,Calebe Gonçalves,Midfielder,6.68,0.0,0.02,0.0,0.59,0.12,0.12,0.0,1.88,41.03,0.0,0.0,0.0,0.0,0.0,0.0,0.0,0.0,0.0,0.0,0.0,0.0,0.0,0.0,2.95,1.06,0.47,0.12,0.59,0.0,0.0,0.0,0.0,0.0,0.12,0.0,0.0,1.53,36.87,32.4,4.48,87.86,14.14,18.26,10.13,0.24,12.5,0.71,60.0,19,13,764,0.24,0.0,2.12,2.24,12.37,0.94,7.3,52.99,7.07,53.57,0.24,40.0
349,859021,La Liga,Sevilla,Batista Mendy,Midfielder,6.68,0.06,0.06,0.0,0.94,0.28,0.28,5.88,0.55,58.82,0.06,0.0,0.0,0.06,0.0,0.06,0.0,0.0,0.0,0.0,0.0,0.0,0.0,0.0,1.94,1.0,1.33,0.28,0.83,0.06,0.11,0.0,0.0,0.11,0.0,0.0,0.0,0.5,36.19,31.31,4.88,86.52,17.07,14.24,7.76,0.06,20.0,1.88,57.63,27,19,1624,0.33,0.0,2.05,1.5,7.92,1.0,4.82,49.71,3.93,47.97,0.89,59.26
350,138383,La Liga,Deportivo Alavés,Denis Suárez,Midfielder,6.68,0.06,0.06,0.13,0.51,0.19,0.13,12.5,1.53,46.15,0.06,0.0,0.0,0.0,0.06,0.06,0.0,0.0,0.0,0.0,0.0,0.0,0.0,0.0,1.46,0.38,0.76,0.19,1.65,0.0,0.06,0.0,0.0,0.06,0.13,0.13,0.0,1.33,49.64,42.58,7.06,85.79,16.84,25.74,12.97,0.64,26.32,1.72,45.0,29,15,1416,0.38,0.0,1.27,1.65,13.79,1.53,4.89,41.85,4.64,42.69,0.25,30.77
351,992331,La Liga,Levante UD,Iker Losada,Midfielder,6.68,0.3,0.17,0.2,1.41,0.4,0.7,21.43,0.6,40.0,0.2,0.1,0.0,0.0,0.3,0.0,0.2,0.0,0.0,0.0,0.0,0.0,0.0,0.0,1.21,1.1,1.0,0.2,1.0,0.0,0.0,0.0,0.0,0.0,0.1,0.1,0.0,1.1,22.4,15.97,6.43,71.3,5.73,10.25,5.52,0.6,28.57,0.3,17.65,22,10,896,0.1,0.0,0.6,0.7,11.25,0.4,2.81,39.44,2.51,47.17,0.3,16.67
352,1392054,La Liga,Getafe,Coba Da Costa,Midfielder,6.68,0.0,0.08,0.0,1.25,0.25,0.75,0.0,2.49,50.0,0.0,0.0,0.0,0.0,0.0,0.0,0.5,0.0,0.0,0.0,0.0,0.0,0.0,0.0,2.49,0.25,0.25,0.0,1.5,0.0,0.0,0.0,0.0,0.0,0.0,0.0,0.25,1.0,32.91,22.44,10.47,68.18,5.48,16.95,9.22,1.0,17.39,1.0,44.44,14,2,361,0.25,0.0,1.99,1.5,27.67,1.99,10.97,53.01,6.48,45.61,4.49,69.23
353,839585,La Liga,Real Sociedad,Yangel Herrera,Midfielder,6.68,0.0,0.07,0.16,0.98,0.16,0.49,0.0,0.82,62.5,0.0,0.0,0.0,0.0,0.0,0.0,0.16,0.16,0.0,0.0,0.0,0.0,0.0,0.0,1.79,0.33,3.42,0.49,1.3,0.16,0.0,0.0,0.0,0.0,0.0,0.0,0.0,0.0,38.64,30.16,8.48,78.06,15.0,15.16,7.01,0.16,50.0,1.79,57.89,13,7,552,0.16,0.0,1.96,3.1,12.07,1.14,9.29,57.0,5.54,53.13,3.75,63.89
354,300522,La Liga,Mallorca,Martin Valjent,Defender,6.67,0.0,0.02,0.03,0.45,0.22,0.11,0.0,0.11,80.0,0.0,0.0,0.0,0.0,0.0,0.0,0.0,0.0,0.0,0.0,0.0,0.0,0.0,0.0,1.37,0.59,6.65,0.39,0.25,0.03,0.03,0.06,0.0,0.11,0.0,0.0,0.0,0.08,48.34,42.22,6.12,87.33,28.97,13.25,3.97,0.0,0.0,2.91,44.07,36,36,3219,0.17,0.0,1.01,0.28,7.05,0.17,3.19,56.44,1.73,55.86,1.45,57.14
355,1021165,La Liga,Espanyol,Rubén Sánchez,Defender,6.67,0.0,0.03,0.0,0.96,0.12,0.84,0.0,1.8,57.69,0.0,0.0,0.0,0.0,0.0,0.0,0.24,0.0,0.0,0.0,0.0,0.0,0.0,0.0,1.08,1.08,2.52,0.6,1.2,0.12,0.0,0.24,0.0,0.12,0.24,0.12,0.0,1.08,32.84,23.73,9.11,72.26,10.07,13.66,6.47,1.08,26.47,1.68,34.15,20,7,751,0.24,0.0,1.32,1.32,18.81,0.96,5.63,48.96,3.95,47.83,1.68,51.85
356,980383,La Liga,Osasuna,Raúl Moro,Midfielder,6.67,0.0,0.03,0.0,0.87,0.0,0.29,0.0,1.74,50.0,0.0,0.0,0.0,0.0,0.0,0.0,0.72,0.0,0.0,0.0,0.0,0.0,0.0,0.0,0.29,0.14,1.16,0.0,0.14,0.14,0.0,0.0,0.0,0.0,0.29,0.29,0.14,1.59,23.33,17.97,5.36,77.02,3.77,14.2,9.57,0.58,14.29,0.43,60.0,13,7,621,0.0,0.0,0.14,0.87,14.35,0.87,3.04,46.67,2.9,50.0,0.14,20.0
357,944165,La Liga,Athletic Club,Robert Navarro,Midfielder,6.67,0.44,0.29,0.0,1.47,0.74,0.59,30.0,1.7,41.82,0.44,0.0,0.0,0.22,0.22,0.0,0.29,0.0,0.0,0.0,0.0,0.0,0.0,0.0,1.18,0.52,0.66,0.07,0.29,0.0,0.0,0.0,0.0,0.0,0.22,0.07,0.0,1.55,28.82,23.29,5.53,80.82,4.94,18.35,11.65,0.66,12.86,0.44,50.0,31,9,1221,0.07,0.0,1.18,1.18,18.72,2.29,4.72,35.36,4.05,39.86,0.66,20.93
358,294593,La Liga,Girona FC,Álex Moreno,Defender,6.67,0.0,0.05,0.07,0.58,0.18,0.25,0.0,1.27,48.61,0.0,0.0,0.0,0.0,0.0,0.0,0.33,0.0,0.0,0.0,0.0,0.0,0.0,0.0,1.46,1.02,3.6,0.36,1.09,0.04,0.0,0.04,0.0,0.18,0.22,0.11,0.0,0.58,37.17,31.2,5.97,83.94,15.44,15.76,9.21,0.29,12.5,0.66,28.13,30,27,2472,0.18,0.0,1.09,0.66,12.6,0.36,4.11,48.71,3.39,46.97,0.73,58.82
359,842419,La Liga,Osasuna,Valentin Rosier,Defender,6.67,0.04,0.02,0.04,0.66,0.11,0.33,5.56,1.02,63.64,0.04,0.0,0.0,0.0,0.04,0.0,0.11,0.0,0.0,0.0,0.0,0.0,0.0,0.0,1.68,1.57,3.03,0.11,0.69,0.0,0.0,0.0,0.0,0.15,0.15,0.04,0.0,0.55,37.55,30.57,6.98,81.42,14.76,15.82,7.52,0.37,22.22,1.21,30.28,30,29,2464,0.15,0.04,1.24,0.69,12.02,0.99,4.05,50.68,3.4,49.47,0.66,58.06
360,1393673,La Liga,Levante UD,Etta Eyong,Forward,6.67,0.37,0.46,0.58,2.6,1.28,1.01,14.29,0.58,37.93,0.37,0.0,0.21,0.05,0.11,0.05,0.37,0.0,0.05,0.0,0.0,0.0,0.0,0.0,1.43,0.32,0.96,0.05,0.21,0.0,0.0,0.0,0.0,0.11,0.21,0.21,0.0,0.74,14.93,10.31,4.62,69.04,3.51,6.8,3.93,0.05,7.69,0.48,64.29,32,18,1694,0.16,0.0,1.7,1.81,11.85,1.86,5.63,42.57,3.83,46.15,1.81,36.56
361,1015240,La Liga,Sevilla,José Ángel Carmona,Defender,6.66,0.04,0.03,0.04,0.73,0.11,0.36,5.0,0.65,43.9,0.04,0.0,0.0,0.0,0.04,0.0,0.11,0.0,0.0,0.0,0.0,0.0,0.0,0.0,2.33,1.35,2.58,0.33,1.56,0.04,0.0,0.07,0.0,0.18,0.11,0.11,0.0,0.73,40.89,33.14,7.75,81.05,18.3,14.84,7.82,0.4,25.0,1.71,45.19,34,28,2474,0.47,0.0,1.75,1.56,14.19,0.4,6.11,54.19,4.51,50.2,1.6,69.84
362,1015287,La Liga,Real Betis,Natan,Defender,6.66,0.0,0.02,0.0,0.33,0.03,0.2,0.0,0.1,75.0,0.0,0.0,0.0,0.0,0.0,0.0,0.0,0.0,0.0,0.0,0.0,0.0,0.0,0.0,1.05,1.22,6.95,0.73,0.3,0.03,0.0,0.0,0.0,0.26,0.0,0.0,0.0,0.23,45.71,40.24,5.47,88.03,30.35,9.89,2.18,0.0,0.0,1.65,34.01,32,31,2731,0.26,0.0,0.92,0.36,6.29,0.23,3.69,52.83,1.45,49.44,2.24,55.28
363,1513896,La Liga,Mallorca,David López,Defender,6.66,0.0,0.03,0.0,0.43,0.0,0.32,0.0,0.22,100.0,0.0,0.0,0.0,0.0,0.0,0.0,0.0,0.0,0.0,0.0,0.0,0.0,0.0,0.0,1.19,0.86,8.75,1.51,0.22,0.11,0.0,0.0,0.11,0.11,0.0,0.0,0.0,0.0,49.59,41.27,8.32,83.22,29.93,11.34,2.92,0.0,0.0,3.78,40.7,14,9,833,0.22,0.0,1.4,0.43,8.64,0.0,4.75,59.46,1.84,53.13,2.92,64.29
364,1010655,La Liga,Sevilla,Juanlu Sánchez,Midfielder,6.66,0.0,0.04,0.0,0.63,0.04,0.27,0.0,1.21,52.94,0.0,0.0,0.0,0.0,0.0,0.0,0.18,0.04,0.0,0.0,0.0,0.0,0.0,0.0,2.83,0.54,1.44,0.0,1.39,0.0,0.0,0.09,0.0,0.0,0.22,0.13,0.0,0.99,34.35,28.59,5.75,83.25,11.64,16.95,9.89,0.9,32.79,1.62,60.0,32,23,2002,0.22,0.04,1.03,1.89,11.82,0.76,6.74,55.97,5.93,58.67,0.81,41.86
365,1019318,La Liga,Athletic Club,Nico Serrano,Midfielder,6.66,0.25,0.17,0.0,3.95,0.99,0.99,6.25,1.73,36.84,0.25,0.0,0.0,0.0,0.25,0.0,0.0,0.0,0.0,0.0,0.0,0.0,0.0,0.0,1.48,0.49,0.49,0.0,2.22,0.0,0.0,0.0,0.0,0.0,0.25,0.0,0.0,2.47,30.33,24.41,5.92,80.49,4.19,20.22,13.07,2.96,28.57,1.73,70.0,16,4,365,0.0,0.0,2.47,1.97,19.97,0.99,5.67,37.7,5.18,38.89,0.49,28.57
366,996928,La Liga,Valencia,César Tárrega,Defender,6.66,0.0,0.02,0.04,0.36,0.04,0.25,0.0,0.36,76.92,0.0,0.0,0.0,0.0,0.0,0.0,0.0,0.0,0.0,0.0,0.0,0.0,0.0,0.0,1.47,1.01,6.86,0.68,0.29,0.07,0.04,0.04,0.07,0.25,0.0,0.0,0.0,0.07,46.71,40.32,6.39,86.32,31.41,8.9,2.12,0.0,0.0,2.12,38.31,31,28,2507,0.25,0.0,1.44,0.43,7.4,0.14,4.49,55.8,2.26,54.31,2.23,57.41
367,826010,La Liga,Espanyol,Pol Lozano,Midfielder,6.66,0.08,0.03,0.0,0.7,0.21,0.16,11.76,0.12,27.27,0.04,0.04,0.0,0.0,0.08,0.0,0.0,0.0,0.0,0.0,0.0,0.0,0.04,0.0,1.57,0.91,1.07,0.25,1.24,0.0,0.0,0.04,0.0,0.25,0.08,0.04,0.0,0.95,39.02,33.9,5.11,86.89,14.64,19.26,8.95,0.33,27.59,1.48,59.02,33,28,2182,0.41,0.04,2.64,1.24,7.88,0.58,3.38,38.32,2.93,38.8,0.45,35.48
368,1170693,La Liga,Mallorca,Mateo Joseph,Forward,6.66,0.11,0.27,0.42,1.74,0.74,0.74,6.06,0.95,47.37,0.11,0.0,0.0,0.05,0.05,0.05,0.21,0.05,0.0,0.0,0.0,0.0,0.0,0.0,1.53,0.63,1.26,0.21,0.79,0.0,0.0,0.0,0.0,0.05,0.16,0.16,0.0,0.74,15.89,12.95,2.95,81.46,4.37,8.58,5.0,0.21,28.57,0.11,50.0,29,19,1710,0.11,0.0,1.0,1.63,9.58,1.89,4.63,40.18,4.11,46.43,0.53,19.61
369,825754,La Liga,Elche,Rafa Mir,Forward,6.66,0.4,0.4,0.64,3.42,1.79,1.34,11.59,0.25,25.0,0.35,0.05,0.0,0.1,0.3,0.2,0.35,0.0,0.1,0.05,50.0,0.05,0.15,33.33,0.79,0.25,0.94,0.05,0.4,0.0,0.05,0.0,0.0,0.15,0.15,0.0,0.0,0.45,20.58,16.46,4.12,80.0,5.4,11.06,6.64,0.15,15.0,0.74,75.0,27,21,1815,0.2,0.0,1.93,0.79,9.07,1.24,2.78,32.18,1.83,32.46,0.94,31.67
370,840951,La Liga,Sevilla,Marcão,Defender,6.65,0.0,0.07,0.1,0.95,0.19,0.38,0.0,0.1,100.0,0.0,0.0,0.0,0.0,0.0,0.0,0.1,0.0,0.0,0.0,0.0,0.0,0.0,0.0,1.24,0.48,5.63,0.48,0.48,0.1,0.19,0.1,0.0,0.19,0.0,0.0,0.0,0.0,44.48,38.84,5.63,87.34,27.87,10.98,2.96,0.0,0.0,2.48,44.83,13,11,943,0.19,0.1,2.1,2.0,6.68,0.0,5.92,55.86,3.34,58.33,2.58,52.94
371,22209,La Liga,Sevilla,Ørjan Nyland,Goalkeeper,6.65,0.0,0.0,0.0,0.0,0.0,0.0,0.0,0.0,0.0,0.0,0.0,0.0,0.0,0.0,0.0,0.0,0.0,0.0,0.0,0.0,0.0,0.0,0.0,0.0,0.0,1.25,0.0,0.0,0.0,0.0,0.0,0.0,0.25,0.0,0.0,0.0,0.0,29.25,19.75,9.5,67.52,17.0,2.75,1.25,0.0,0.0,5.25,35.59,4,4,360,0.25,0.0,0.0,0.0,9.75,0.0,0.25,100.0,0.0,0.0,0.25,100.0
372,1089108,La Liga,Rayo Vallecano,Ilias Akhomach,Midfielder,6.65,0.0,0.19,0.4,2.41,0.8,1.0,0.0,1.4,31.82,0.0,0.0,0.0,0.0,0.0,0.0,0.1,0.0,0.0,0.0,0.0,0.0,0.1,0.0,2.41,0.2,0.9,0.2,0.2,0.0,0.0,0.0,0.0,0.0,0.3,0.1,0.0,1.3,25.89,21.77,4.11,84.11,6.62,15.15,9.83,0.6,19.35,0.9,52.94,20,9,897,0.3,0.0,1.81,3.61,16.66,2.71,7.53,47.47,7.42,49.33,0.1,12.5
373,1145100,La Liga,Celta Vigo,Yoel Lago,Defender,6.65,0.0,0.0,0.0,0.0,0.0,0.0,0.0,0.11,100.0,0.0,0.0,0.0,0.0,0.0,0.0,0.11,0.0,0.0,0.0,0.0,0.0,0.0,0.0,1.68,0.74,6.62,1.05,0.42,0.0,0.42,0.21,0.0,0.11,0.0,0.0,0.0,0.21,48.94,44.84,4.1,91.63,32.24,12.6,1.89,0.0,0.0,1.47,42.42,11,10,857,0.42,0.0,1.79,1.37,4.52,0.11,3.99,55.07,3.15,57.69,0.84,47.06
374,2049311,La Liga,Levante UD,Nacho Pérez,Defender,6.65,0.0,0.0,0.0,0.0,0.0,0.0,0.0,0.0,0.0,0.0,0.0,0.0,0.0,0.0,0.0,0.0,0.0,0.0,0.0,0.0,0.0,0.0,0.0,2.45,1.22,2.45,0.0,0.61,0.0,0.0,0.0,0.0,0.0,0.0,0.0,0.0,1.22,29.39,23.88,5.51,81.25,14.69,9.18,2.45,0.0,0.0,0.61,16.67,3,1,147,0.61,0.0,0.61,0.61,8.57,0.61,3.06,45.45,3.06,55.56,0.0,0.0
376,1630975,La Liga,Celta Vigo,Manu Fernández,Defender,6.65,0.0,0.01,0.0,0.24,0.0,0.24,0.0,0.12,50.0,0.0,0.0,0.0,0.0,0.0,0.0,0.0,0.0,0.0,0.0,0.0,0.0,0.0,0.0,1.53,0.94,4.0,0.35,0.0,0.0,0.12,0.24,0.0,0.12,0.0,0.0,0.12,0.35,59.29,53.41,5.88,90.08,34.94,18.47,5.06,0.0,0.0,2.82,45.28,14,9,765,0.24,0.0,0.94,0.82,7.18,0.71,3.29,60.87,2.47,60.0,0.82,63.64
377,363774,La Liga,Celta Vigo,Mihailo Ristić,Defender,6.65,0.0,0.01,0.0,0.35,0.0,0.0,0.0,2.11,66.67,0.0,0.0,0.0,0.0,0.0,0.0,0.0,0.0,0.0,0.0,0.0,0.0,0.0,0.0,0.35,0.7,2.46,0.7,1.05,0.0,0.0,0.0,0.0,0.0,0.0,0.0,0.0,0.7,51.33,42.89,8.44,83.56,28.48,14.41,8.44,0.0,0.0,1.76,33.33,5,4,256,0.0,0.0,0.0,0.7,12.3,0.35,3.52,52.63,3.16,56.25,0.35,33.33
378,807648,La Liga,Athletic Club,Yeray Álvarez,Defender,6.65,0.0,0.02,0.0,0.19,0.0,0.19,0.0,0.0,0.0,0.0,0.0,0.0,0.0,0.0,0.0,0.0,0.0,0.0,0.0,0.0,0.0,0.0,0.0,0.19,2.3,5.76,0.38,0.0,0.0,0.0,0.19,0.0,0.19,0.0,0.0,0.0,0.58,52.77,44.52,8.25,84.36,27.44,17.08,7.29,0.0,0.0,4.41,40.35,6,5,469,0.0,0.0,0.58,0.77,9.59,0.0,1.92,40.0,0.96,62.5,0.96,29.41
379,996929,La Liga,Valencia,Jesús Vázquez,Defender,6.65,0.0,0.03,0.0,0.81,0.2,0.3,0.0,2.12,61.76,0.0,0.0,0.0,0.0,0.0,0.0,0.2,0.0,0.0,0.0,0.0,0.0,0.0,0.0,2.33,0.2,3.13,0.4,1.52,0.0,0.0,0.0,0.0,0.1,0.2,0.0,0.0,1.21,32.56,27.61,4.96,84.78,12.24,15.37,7.69,0.4,16.0,0.91,50.0,23,6,890,0.2,0.0,1.62,0.71,12.34,1.31,6.27,48.44,5.16,47.22,1.11,55.0
380,604954,La Liga,Getafe,Borja Mayoral,Forward,6.65,0.34,0.26,0.25,1.26,0.59,0.25,26.67,0.51,66.67,0.34,0.0,0.08,0.08,0.17,0.0,0.93,0.0,0.08,0.0,0.0,0.0,0.0,0.0,0.42,0.42,0.42,0.17,0.34,0.0,0.0,0.0,0.0,0.17,0.08,0.08,0.0,0.42,22.25,18.03,4.21,81.06,5.65,12.39,7.25,0.08,16.67,1.01,66.67,16,12,1068,0.0,0.0,0.51,0.59,8.6,1.52,2.78,34.74,1.52,36.73,1.26,32.61
381,827504,La Liga,Elche,Léo Pétrot,Defender,6.65,0.0,0.04,0.0,0.45,0.0,0.22,0.0,0.17,42.86,0.0,0.0,0.0,0.0,0.0,0.0,0.11,0.0,0.0,0.0,0.0,0.0,0.0,0.0,2.07,0.84,3.87,0.84,0.45,0.0,0.11,0.0,0.0,0.11,0.06,0.0,0.0,0.11,53.29,46.23,7.06,86.75,27.63,18.61,6.89,0.11,11.76,1.74,50.82,31,18,1606,0.11,0.06,1.06,0.34,10.54,0.28,4.37,59.54,2.58,56.1,1.79,65.31
382,326471,La Liga,Rayo Vallecano,Gerard Gumbau,Midfielder,6.65,0.0,0.06,0.08,1.38,0.41,0.41,0.0,0.49,75.0,0.0,0.0,0.0,0.0,0.0,0.0,0.0,0.0,0.0,0.0,0.0,0.0,0.08,0.0,2.36,0.81,2.2,0.49,0.41,0.0,0.0,0.08,0.0,0.0,0.41,0.24,0.0,1.71,35.69,29.76,5.93,83.37,14.55,15.2,6.67,1.3,33.33,1.87,52.27,27,13,1107,0.33,0.0,2.85,0.41,10.24,0.33,4.23,45.61,3.25,47.06,0.98,41.38
384,1403364,La Liga,Deportivo Alavés,Youssef Enriquez,Defender,6.65,0.0,0.05,0.07,0.73,0.2,0.27,0.0,0.53,34.78,0.0,0.0,0.0,0.0,0.0,0.0,0.0,0.0,0.0,0.0,0.0,0.0,0.0,0.0,1.14,0.67,2.47,0.07,0.73,0.0,0.07,0.0,0.0,0.07,0.27,0.07,0.07,1.14,35.75,28.33,7.42,79.25,14.03,14.3,6.75,1.34,32.79,1.74,48.15,25,13,1347,0.47,0.0,1.6,0.87,14.57,0.53,3.61,46.15,2.54,40.86,1.07,66.67
385,873717,La Liga,Deportivo Alavés,Carlos Benavídez,Midfielder,6.65,0.0,0.07,0.0,0.96,0.64,0.0,0.0,0.0,0.0,0.0,0.0,0.0,0.0,0.0,0.0,0.0,0.0,0.0,0.0,0.0,0.0,0.0,0.0,3.52,0.64,4.48,1.28,0.32,0.0,0.0,0.0,0.0,0.0,0.0,0.0,0.0,0.96,39.4,32.99,6.41,83.74,17.62,15.37,7.37,0.32,100.0,3.2,62.5,12,3,281,0.0,0.32,2.24,0.64,9.29,0.32,6.09,55.88,4.16,54.17,1.92,60.0
386,904970,La Liga,Atlético Madrid,Conor Gallagher,Midfielder,6.64,0.27,0.15,0.14,1.76,0.68,0.95,15.38,0.41,18.75,0.27,0.0,0.0,0.14,0.14,0.0,0.27,0.0,0.0,0.0,0.0,0.0,0.0,0.0,2.3,1.49,0.68,0.41,1.35,0.0,0.0,0.0,0.0,0.14,0.14,0.0,0.0,0.54,48.59,43.85,4.74,90.25,19.62,24.23,12.32,0.14,9.09,0.81,50.0,19,4,665,0.27,0.0,2.44,1.22,12.18,1.22,5.28,41.49,3.92,38.16,1.35,55.56
387,1201412,La Liga,Real Oviedo,Thiago Fernández,Midfielder,6.64,0.0,0.06,0.0,1.42,0.55,0.55,0.0,2.19,40.82,0.0,0.0,0.0,0.0,0.0,0.11,0.22,0.0,0.0,0.0,0.0,0.0,0.0,0.0,1.42,0.55,0.33,0.0,0.99,0.11,0.0,0.0,0.0,0.0,0.44,0.44,0.0,1.09,27.7,22.34,5.36,80.63,6.68,15.66,8.32,0.88,27.59,0.99,52.94,16,9,822,0.44,0.0,0.77,1.2,17.63,2.63,5.04,36.51,4.82,38.94,0.22,15.38
388,1116388,La Liga,Real Sociedad,Jon Aramburu,Defender,6.64,0.03,0.06,0.07,0.7,0.17,0.4,4.76,0.37,50.0,0.03,0.0,0.03,0.0,0.0,0.0,0.1,0.0,0.0,0.0,0.0,0.0,0.0,0.0,3.39,1.49,3.05,0.3,1.46,0.0,0.03,0.07,0.0,0.1,0.0,0.0,0.0,0.37,41.56,33.56,8.0,80.75,16.37,17.2,7.57,0.23,15.22,1.26,36.19,34,30,2711,0.37,0.0,2.22,1.43,13.48,0.46,6.71,56.58,5.11,53.29,1.59,70.59
389,754710,La Liga,Valencia,Umar Sadiq,Forward,6.64,0.34,0.3,0.51,2.48,0.86,1.11,13.79,1.2,41.18,0.26,0.09,0.26,0.0,0.09,0.0,1.28,0.26,0.0,0.0,0.0,0.0,0.0,0.0,0.69,0.09,0.26,0.09,0.34,0.0,0.0,0.0,0.0,0.0,0.26,0.17,0.0,0.86,15.07,10.28,4.8,68.18,3.77,6.51,4.28,0.26,50.0,0.17,66.67,24,10,1051,0.34,0.0,2.74,1.8,14.3,2.91,5.74,33.0,3.51,31.78,2.23,35.14
390,976374,La Liga,Girona FC,Vladyslav Vanat,Forward,6.64,0.41,0.39,0.41,1.24,0.83,0.18,33.33,0.41,47.37,0.37,0.05,0.0,0.23,0.18,0.0,0.92,0.05,0.14,0.14,100.0,0.0,0.0,0.0,0.23,0.14,0.73,0.05,0.18,0.0,0.09,0.0,0.0,0.05,0.14,0.05,0.0,0.55,12.54,9.78,2.76,78.02,5.05,4.73,3.31,0.05,20.0,0.14,50.0,27,27,1960,0.18,0.0,1.29,0.78,6.06,0.64,2.2,35.56,1.42,36.9,0.78,33.33
391,851271,La Liga,Real Madrid,Fran García,Defender,6.64,0.1,0.08,0.1,0.58,0.19,0.29,16.67,0.29,33.33,0.1,0.0,0.0,0.1,0.0,0.0,0.1,0.0,0.0,0.0,0.0,0.0,0.0,0.0,1.83,0.68,2.12,0.39,0.48,0.0,0.0,0.0,0.0,0.19,0.0,0.1,0.0,0.48,42.83,38.1,4.73,88.96,15.72,22.38,11.29,0.58,21.43,1.35,56.0,13,10,933,0.0,0.1,0.68,1.35,10.03,0.77,4.15,53.09,3.47,59.02,0.68,35.0
392,909119,La Liga,Valencia,Hugo Duro,Forward,6.64,0.47,0.41,0.38,1.65,0.66,0.71,28.57,0.14,18.75,0.47,0.0,0.14,0.28,0.05,0.09,0.28,0.05,0.09,0.05,50.0,0.0,0.0,0.0,0.71,0.19,0.99,0.28,0.71,0.0,0.0,0.0,0.0,0.05,0.09,0.0,0.0,0.8,18.1,12.82,5.28,70.83,5.7,7.12,3.58,0.0,0.0,0.38,72.73,35,21,1909,0.24,0.0,0.99,1.7,9.05,0.57,4.57,38.19,2.55,48.21,2.03,30.28
393,1402716,La Liga,Real Madrid,Gonzalo García,Forward,6.64,0.49,0.48,0.59,1.97,0.98,0.79,25.0,0.3,21.43,0.39,0.1,0.1,0.1,0.3,0.0,0.0,0.0,0.0,0.0,0.0,0.0,0.0,0.0,1.08,0.3,0.89,0.0,0.39,0.0,0.0,0.0,0.0,0.0,0.2,0.1,0.0,1.18,22.45,18.91,3.54,84.21,6.89,12.01,5.81,0.0,0.0,0.2,100.0,29,8,914,0.2,0.0,0.89,0.49,8.57,0.79,3.84,45.88,1.77,36.73,2.07,58.33
394,844752,La Liga,Real Oviedo,Nacho Vidal,Defender,6.64,0.0,0.09,0.2,0.65,0.12,0.33,0.0,0.57,46.67,0.0,0.0,0.0,0.0,0.0,0.04,0.04,0.0,0.0,0.0,0.0,0.0,0.0,0.0,1.84,1.27,3.23,0.29,0.82,0.0,0.12,0.0,0.0,0.25,0.0,0.0,0.0,0.29,36.41,29.74,6.67,81.69,16.9,12.85,5.32,0.16,10.0,1.76,40.95,28,26,2200,0.16,0.0,0.98,1.1,11.0,0.29,4.3,55.26,3.44,55.63,0.86,53.85
395,891931,La Liga,Deportivo Alavés,Ander Guevara,Midfielder,6.63,0.13,0.03,0.0,0.67,0.13,0.4,20.0,0.67,50.0,0.13,0.0,0.0,0.13,0.0,0.13,0.0,0.0,0.0,0.0,0.0,0.0,0.0,0.0,1.62,0.94,3.64,0.27,1.62,0.0,0.27,0.0,0.0,0.0,0.27,0.13,0.0,0.81,60.36,49.72,10.64,82.37,23.44,26.27,10.64,0.4,42.86,2.69,52.63,24,2,668,0.27,0.13,1.48,0.67,14.82,1.62,4.99,42.05,2.96,36.07,2.02,55.56
397,316148,La Liga,Villarreal,Thomas Partey,Midfielder,6.63,0.0,0.07,0.0,1.06,0.19,0.58,0.0,0.77,80.0,0.0,0.0,0.0,0.0,0.0,0.0,0.0,0.0,0.0,0.0,0.0,0.0,0.0,0.0,1.74,1.35,1.74,0.39,0.87,0.19,0.1,0.1,0.0,0.19,0.0,0.0,0.0,0.77,52.94,45.77,7.16,86.47,23.52,22.26,10.06,0.29,75.0,2.13,56.41,25,8,930,0.1,0.0,1.06,0.58,10.26,1.26,4.45,51.11,3.1,50.79,1.35,51.85
398,227922,La Liga,Valencia,José Luis Gayà,Defender,6.63,0.04,0.03,0.04,0.48,0.11,0.22,7.69,0.4,45.83,0.04,0.0,0.0,0.04,0.0,0.07,0.11,0.0,0.0,0.0,0.0,0.0,0.0,0.0,2.52,0.84,3.15,0.26,0.69,0.04,0.04,0.0,0.0,0.18,0.11,0.07,0.0,0.91,33.79,28.34,5.45,83.87,14.45,13.9,7.39,0.69,21.59,1.21,39.29,32,31,2461,0.22,0.04,1.13,0.73,10.53,0.22,4.5,59.13,3.66,59.52,0.84,57.5
399,814360,La Liga,Osasuna,Juan Cruz,Defender,6.63,0.0,0.05,0.14,0.14,0.0,0.14,0.0,0.27,66.67,0.0,0.0,0.0,0.0,0.0,0.0,0.0,0.0,0.0,0.0,0.0,0.0,0.0,0.0,0.55,0.55,3.41,0.82,0.27,0.0,0.0,0.14,0.0,0.27,0.0,0.0,0.0,0.27,32.32,28.5,3.82,88.19,18.82,9.68,3.68,0.27,40.0,1.09,36.36,15,7,660,0.27,0.0,0.55,0.27,6.41,0.14,1.77,50.0,1.09,50.0,0.68,50.0
400,1895964,La Liga,Getafe,Ismael Bekhoucha,Defender,6.63,0.0,0.02,0.0,0.75,0.0,0.0,0.0,1.5,66.67,0.0,0.0,0.0,0.0,0.0,0.0,0.0,0.0,0.0,0.0,0.0,0.0,0.0,0.0,4.5,1.5,3.0,0.0,2.25,0.0,0.0,0.0,0.0,0.75,0.75,0.75,0.0,0.75,14.25,9.0,5.25,63.16,0.75,8.25,3.75,0.75,25.0,1.5,50.0,4,1,120,1.5,0.0,5.25,2.25,12.75,2.25,8.25,40.74,8.25,44.0,0.0,0.0
401,350560,La Liga,Getafe,Diego Rico,Defender,6.63,0.0,0.02,0.0,0.56,0.05,0.36,0.0,0.31,40.0,0.0,0.0,0.0,0.0,0.0,0.0,0.05,0.0,0.0,0.0,0.0,0.0,0.0,0.0,2.39,1.58,3.01,0.15,1.22,0.0,0.1,0.0,0.0,0.2,0.05,0.0,0.0,0.56,30.05,19.2,10.85,63.9,8.4,10.8,6.37,0.66,19.7,1.38,24.11,28,18,1767,0.2,0.0,1.12,1.78,18.08,0.31,5.6,55.84,4.48,60.27,1.12,43.14
402,877037,La Liga,Espanyol,Cyril Ngonge,Forward,6.63,0.0,0.1,0.21,2.32,0.85,1.48,0.0,1.06,26.32,0.0,0.0,0.0,0.0,0.0,0.21,1.06,0.0,0.0,0.0,0.0,0.0,0.42,0.0,1.48,0.85,0.42,0.0,0.42,0.0,0.0,0.0,0.0,0.0,0.85,0.42,0.0,1.69,25.77,19.23,6.55,74.59,7.82,11.41,7.18,1.27,23.08,1.27,42.86,9,6,426,0.85,0.0,1.9,2.54,18.38,1.69,6.76,47.76,5.07,43.64,1.69,66.67
403,576276,La Liga,Getafe,Domingos Duarte,Defender,6.63,0.03,0.03,0.0,0.38,0.13,0.22,8.33,0.0,0.0,0.03,0.0,0.03,0.0,0.0,0.0,0.1,0.0,0.0,0.0,0.0,0.0,0.0,0.0,0.98,1.11,6.28,0.51,0.32,0.0,0.03,0.06,0.03,0.25,0.03,0.03,0.0,0.06,27.49,21.06,6.44,76.59,13.83,7.23,2.41,0.0,0.0,2.35,41.57,33,33,2838,0.38,0.0,0.98,0.73,6.98,0.13,4.03,56.95,1.71,54.55,2.32,58.87
404,893642,La Liga,Mallorca,Marash Kumbulla,Defender,6.63,0.0,0.02,0.0,0.62,0.0,0.62,0.0,0.21,100.0,0.0,0.0,0.0,0.0,0.0,0.0,0.21,0.0,0.0,0.0,0.0,0.0,0.0,0.0,0.62,0.41,2.88,0.41,0.21,0.0,0.21,0.0,0.0,0.0,0.0,0.0,0.0,0.21,60.21,47.26,12.95,78.5,34.11,13.15,5.14,0.0,0.0,5.55,41.54,8,5,438,0.21,0.0,0.41,1.03,14.59,0.21,4.11,68.97,1.85,69.23,2.26,68.75
405,252815,La Liga,Sevilla,Fábio Cardoso,Defender,6.63,0.0,0.0,0.0,0.0,0.0,0.0,0.0,0.0,0.0,0.0,0.0,0.0,0.0,0.0,0.0,0.0,0.0,0.0,0.0,0.0,0.0,0.0,0.0,1.51,0.91,6.64,0.3,0.3,0.0,0.0,0.3,0.0,0.3,0.0,0.0,0.0,0.0,42.58,39.56,3.02,92.91,32.32,7.25,1.51,0.0,0.0,3.02,58.82,4,4,298,0.0,0.0,2.72,0.3,3.62,0.0,3.93,44.83,1.81,40.0,2.11,50.0
406,115665,La Liga,Real Betis,Cédric Bakambu,Forward,6.63,0.46,0.51,0.76,3.19,1.37,1.52,14.29,0.15,25.0,0.46,0.0,0.15,0.0,0.3,0.15,1.52,0.0,0.0,0.0,0.0,0.0,0.0,0.0,0.3,0.3,1.37,0.0,0.3,0.0,0.0,0.0,0.0,0.0,0.3,0.15,0.0,0.61,13.66,10.47,3.19,76.67,3.95,6.53,3.64,0.0,0.0,0.46,75.0,18,5,593,0.15,0.0,1.67,1.37,6.68,1.06,3.19,35.0,1.82,35.29,1.37,34.62
407,1173575,La Liga,Celta Vigo,Jones El-Abdellaoui,Forward,6.63,0.26,0.34,0.4,2.24,0.53,0.92,11.76,1.45,40.74,0.26,0.0,0.0,0.0,0.26,0.0,0.26,0.0,0.0,0.0,0.0,0.0,0.0,0.0,0.79,0.4,1.58,0.0,0.79,0.0,0.0,0.0,0.0,0.0,0.0,0.0,0.0,1.19,18.84,15.68,3.16,83.22,3.69,11.99,7.38,0.79,20.0,0.13,50.0,22,4,683,0.0,0.0,0.92,0.4,12.39,1.84,3.43,34.67,2.64,32.26,0.79,46.15
408,592012,La Liga,Athletic Club,Álex Berenguer,Midfielder,6.62,0.08,0.19,0.29,1.83,0.83,0.5,4.55,0.96,38.98,0.04,0.04,0.0,0.04,0.04,0.04,0.25,0.0,0.0,0.0,0.0,0.0,0.0,0.0,1.16,0.54,0.75,0.04,0.91,0.04,0.04,0.0,0.04,0.08,0.29,0.12,0.0,2.04,31.94,24.58,7.36,76.95,6.61,17.97,11.85,1.95,23.5,1.12,44.26,31,25,2164,0.17,0.0,1.12,1.58,19.8,1.87,4.95,39.27,3.66,40.37,1.29,36.47
409,866810,La Liga,Athletic Club,Andoni Gorosabel,Defender,6.62,0.0,0.02,0.0,0.34,0.07,0.27,0.0,0.82,60.0,0.0,0.0,0.0,0.0,0.0,0.0,0.0,0.0,0.0,0.0,0.0,0.0,0.0,0.0,2.53,1.03,2.6,0.14,1.1,0.0,0.07,0.0,0.0,0.14,0.14,0.07,0.0,1.03,37.53,32.12,5.41,85.58,13.22,18.9,9.25,0.75,20.75,0.34,21.74,23,15,1314,0.21,0.0,0.82,0.82,12.74,0.75,5.07,56.06,4.18,56.48,0.89,54.17
410,913695,La Liga,Valencia,José Copete,Defender,6.62,0.0,0.08,0.15,0.66,0.0,0.56,0.0,0.36,77.78,0.0,0.0,0.0,0.0,0.0,0.0,0.1,0.0,0.0,0.0,0.0,0.0,0.0,0.0,1.32,1.12,5.7,0.81,0.41,0.05,0.05,0.1,0.05,0.1,0.0,0.0,0.0,0.25,51.11,43.73,7.38,85.56,27.39,16.34,5.55,0.15,75.0,2.55,41.67,21,19,1768,0.25,0.0,1.02,0.56,8.2,0.15,4.07,57.14,2.24,57.14,1.83,57.14
411,879875,La Liga,Deportivo Alavés,Facundo Garcés,Defender,6.62,0.0,0.04,0.11,0.91,0.45,0.34,0.0,0.0,0.0,0.0,0.0,0.0,0.0,0.0,0.0,0.23,0.0,0.0,0.0,0.0,0.0,0.0,0.0,1.48,0.8,7.73,1.02,0.34,0.0,0.0,0.0,0.0,0.11,0.0,0.0,0.0,0.0,40.23,33.98,6.25,84.46,23.18,10.8,1.48,0.0,0.0,1.25,25.0,10,8,792,0.34,0.0,1.48,0.34,7.27,0.0,4.55,53.33,1.82,51.61,2.73,54.55
412,1120504,La Liga,Real Oviedo,Abdel Rahim,Defender,6.62,0.0,0.0,0.0,0.16,0.0,0.0,0.0,0.44,47.06,0.0,0.0,0.0,0.0,0.0,0.0,0.49,0.0,0.0,0.0,0.0,0.0,0.0,0.0,1.8,1.69,3.49,0.33,0.44,0.05,0.11,0.0,0.0,0.16,0.11,0.0,0.0,0.93,37.44,30.18,7.26,80.61,16.37,13.81,6.77,0.71,19.7,1.09,35.09,26,17,1649,0.11,0.0,0.55,0.38,14.41,0.22,3.66,62.04,2.62,61.54,1.04,63.33
413,34120,La Liga,Sevilla,Alexis Sánchez,Forward,6.62,0.29,0.23,0.22,1.74,0.58,0.73,16.67,0.51,35.0,0.29,0.0,0.07,0.0,0.22,0.0,0.8,0.0,0.07,0.07,100.0,0.0,0.07,0.0,1.45,0.51,0.29,0.0,1.09,0.0,0.15,0.0,0.0,0.07,0.07,0.15,0.0,1.89,30.82,22.92,7.9,74.35,6.67,16.24,11.17,0.44,26.09,0.87,42.86,27,10,1241,0.22,0.0,1.16,1.81,14.94,0.94,4.79,46.48,3.77,49.06,1.02,38.89
414,1008037,La Liga,Real Oviedo,Ilyas Chaira,Midfielder,6.62,0.23,0.26,0.27,3.04,1.33,0.99,7.5,1.14,29.41,0.19,0.04,0.04,0.08,0.11,0.08,0.68,0.04,0.0,0.0,0.0,0.0,0.0,0.0,1.86,0.19,0.42,0.19,1.1,0.04,0.0,0.0,0.0,0.08,0.11,0.08,0.0,0.65,24.44,20.33,4.1,83.2,9.16,11.17,6.88,0.42,15.07,0.42,57.89,35,29,2368,0.08,0.04,1.98,1.48,13.8,1.29,5.24,39.09,4.48,39.07,0.76,39.22
415,1939173,La Liga,Mallorca,Jan Virgili,Midfielder,6.62,0.1,0.12,0.05,1.62,0.81,0.25,6.25,2.33,43.4,0.1,0.0,0.0,0.05,0.05,0.05,0.1,0.1,0.0,0.0,0.0,0.0,0.2,0.0,0.76,0.35,0.46,0.1,0.71,0.0,0.0,0.05,0.0,0.0,0.35,0.2,0.0,1.47,19.98,15.11,4.87,75.63,4.46,10.65,6.49,0.61,25.53,0.35,50.0,30,19,1775,0.0,0.05,1.12,1.22,14.86,1.72,5.02,39.76,4.31,40.09,0.71,37.84
416,838159,La Liga,Real Sociedad,Igor Zubeldia,Defender,6.62,0.0,0.01,0.0,0.27,0.05,0.14,0.0,0.05,25.0,0.0,0.0,0.0,0.0,0.0,0.0,0.0,0.0,0.0,0.0,0.0,0.0,0.0,0.0,1.58,0.99,6.53,0.59,0.32,0.0,0.05,0.0,0.0,0.09,0.05,0.05,0.0,0.23,49.86,43.78,6.08,87.8,30.86,12.93,3.11,0.0,0.0,1.62,33.96,24,22,1998,0.41,0.0,1.62,0.23,6.67,0.05,3.96,47.31,1.8,47.06,2.16,47.52
417,35532,La Liga,Real Oviedo,Salomón Rondón,Forward,6.61,0.17,0.26,0.35,2.08,0.43,1.3,8.33,0.78,47.37,0.17,0.0,0.09,0.0,0.09,0.0,1.04,0.0,0.09,0.0,0.0,0.0,0.0,0.0,0.26,0.09,1.04,0.09,0.17,0.0,0.09,0.0,0.0,0.09,0.0,0.0,0.0,0.43,17.88,12.84,5.03,71.84,6.34,6.51,3.47,0.09,50.0,0.61,70.0,16,13,1037,0.17,0.0,0.95,1.82,10.5,1.82,6.68,48.13,2.78,42.67,3.91,52.94
418,974713,La Liga,Getafe,Luis Vázquez,Forward,6.61,0.24,0.15,0.08,1.86,0.73,0.89,13.04,0.24,25.0,0.24,0.0,0.0,0.16,0.08,0.08,1.29,0.16,0.0,0.0,0.0,0.0,0.0,0.0,0.4,0.32,0.97,0.08,0.24,0.0,0.08,0.0,0.0,0.08,0.0,0.0,0.0,0.16,15.27,8.81,6.46,57.67,2.59,6.22,3.72,0.0,0.0,0.24,60.0,16,13,1114,0.16,0.0,1.62,2.18,12.28,1.21,5.82,42.11,2.67,42.86,3.15,41.49
419,1869106,La Liga,Levante UD,Paco Cortés,Forward,6.61,0.0,0.09,0.0,2.27,0.76,0.19,0.0,1.7,39.13,0.0,0.0,0.0,0.0,0.0,0.0,0.19,0.0,0.0,0.0,0.0,0.0,0.0,0.0,0.76,0.38,0.76,0.19,0.76,0.0,0.0,0.0,0.0,0.0,0.38,0.0,0.0,1.13,19.85,15.32,4.54,77.14,6.05,9.26,4.73,0.19,4.76,0.19,16.67,12,4,476,0.38,0.0,1.13,1.13,15.13,1.7,3.78,37.74,3.59,38.0,0.19,33.33
420,1088565,La Liga,Espanyol,Ramón Terrats,Midfielder,6.61,0.09,0.13,0.0,1.24,0.27,0.71,7.14,0.71,33.33,0.09,0.0,0.0,0.09,0.0,0.09,0.09,0.0,0.0,0.0,0.0,0.0,0.09,0.0,1.95,0.97,0.62,0.44,0.88,0.0,0.0,0.0,0.0,0.0,0.35,0.18,0.0,1.42,21.95,16.99,4.96,77.42,5.93,11.06,6.64,0.62,23.33,0.97,52.38,28,11,1017,0.0,0.0,1.33,1.77,13.01,2.04,5.22,41.84,4.42,43.86,0.8,33.33
423,128637,La Liga,Getafe,Allan Nyom,Defender,6.6,0.0,0.04,0.0,0.62,0.21,0.21,0.0,0.21,33.33,0.0,0.0,0.0,0.0,0.0,0.0,0.21,0.0,0.0,0.0,0.0,0.0,0.0,0.0,1.66,0.21,3.73,0.0,0.62,0.0,0.0,0.0,0.0,0.0,0.21,0.21,0.21,1.24,32.35,20.32,12.03,62.82,10.37,9.95,3.94,1.24,75.0,2.7,34.21,14,6,434,1.24,0.21,2.7,1.24,15.97,0.62,6.43,55.36,3.11,42.86,3.32,76.19
424,1117026,La Liga,Elche,Federico Redondo,Midfielder,6.6,0.0,0.03,0.0,0.41,0.0,0.41,0.0,0.0,0.0,0.0,0.0,0.0,0.0,0.0,0.0,0.0,0.0,0.0,0.0,0.0,0.0,0.0,0.0,2.49,2.07,2.9,0.0,0.41,0.0,0.0,0.0,0.0,0.0,0.0,0.0,0.0,0.41,55.99,49.35,6.64,88.15,25.3,24.06,9.54,0.0,0.0,1.66,57.14,11,1,217,0.0,0.41,3.32,2.07,9.54,0.0,5.39,50.0,4.15,47.62,1.24,60.0
426,357598,La Liga,Real Oviedo,Josip Brekalo,Midfielder,6.6,0.0,0.05,0.0,1.68,0.56,0.93,0.0,0.75,36.36,0.0,0.0,0.0,0.0,0.0,0.0,0.0,0.0,0.0,0.0,0.0,0.0,0.0,0.0,2.24,0.56,0.19,0.0,1.12,0.0,0.0,0.19,0.0,0.0,0.56,0.0,0.0,2.05,38.94,28.32,10.62,72.73,8.76,19.57,12.3,1.12,23.08,2.98,64.0,14,6,483,0.19,0.0,1.3,1.12,18.45,0.56,4.1,45.83,4.1,51.16,0.0,0.0
432,359742,La Liga,Athletic Club,Mikel Vesga,Midfielder,6.6,0.0,0.03,0.2,0.59,0.0,0.59,0.0,1.39,77.78,0.0,0.0,0.0,0.0,0.0,0.0,0.0,0.0,0.0,0.0,0.0,0.0,0.0,0.0,3.57,1.78,1.98,0.0,2.38,0.0,0.4,0.0,0.0,0.0,0.0,0.0,0.0,0.79,55.7,42.62,13.08,76.51,15.66,26.96,12.49,0.0,0.0,3.57,64.29,22,1,454,0.0,0.0,1.59,1.39,17.64,1.19,9.12,54.76,6.34,53.33,2.78,58.33
434,1142683,La Liga,Real Madrid,Manuel Ángel Morán,Midfielder,6.6,0.0,0.05,0.0,1.89,0.95,0.0,0.0,0.95,50.0,0.0,0.0,0.0,0.0,0.0,0.0,0.0,0.0,0.0,0.0,0.0,0.0,0.0,0.0,3.79,0.0,0.95,0.0,1.89,0.0,0.0,0.0,0.95,0.0,0.0,0.0,0.0,0.0,65.37,58.74,6.63,89.86,18.95,39.79,18.0,0.0,0.0,0.95,100.0,4,1,95,0.0,0.0,1.89,3.79,11.37,0.95,8.53,60.0,8.53,60.0,0.0,0.0
436,989113,La Liga,Real Betis,Rodrigo Riquelme,Midfielder,6.6,0.11,0.23,0.43,2.58,0.75,0.97,4.17,1.18,28.21,0.11,0.0,0.0,0.0,0.11,0.21,0.11,0.0,0.0,0.0,0.0,0.0,0.0,0.0,1.72,0.54,0.75,0.0,1.72,0.0,0.0,0.0,0.0,0.0,0.11,0.11,0.0,1.5,33.19,27.6,5.58,83.17,8.81,18.79,11.92,0.54,22.73,0.75,41.18,25,7,838,0.21,0.0,0.86,1.18,14.07,1.83,4.51,35.9,4.08,36.54,0.43,30.77
437,1019236,La Liga,Espanyol,Jofre Carreras,Midfielder,6.59,0.11,0.19,0.0,2.12,0.53,0.74,5.0,1.7,38.1,0.11,0.0,0.0,0.0,0.11,0.0,0.21,0.0,0.0,0.0,0.0,0.0,0.0,0.0,0.85,0.64,0.85,0.0,0.95,0.0,0.0,0.0,0.0,0.0,0.21,0.0,0.0,1.38,20.25,14.95,5.3,73.82,4.77,10.18,4.77,0.85,22.86,0.21,25.0,25,8,849,0.11,0.0,1.27,2.65,15.16,0.64,5.51,46.02,5.19,48.04,0.32,27.27
438,905639,La Liga,Real Oviedo,Kwasi Sibo,Midfielder,6.59,0.0,0.02,0.0,0.48,0.11,0.21,0.0,0.21,80.0,0.0,0.0,0.0,0.0,0.0,0.05,0.0,0.0,0.0,0.0,0.0,0.0,0.0,0.0,1.81,0.8,1.92,0.32,0.85,0.0,0.16,0.0,0.0,0.16,0.0,0.0,0.0,0.16,36.18,31.39,4.8,86.75,18.92,12.47,4.74,0.0,0.0,1.55,67.44,26,21,1689,0.16,0.05,1.6,0.21,6.61,0.91,2.98,41.18,2.24,40.0,0.75,45.16
439,783374,La Liga,Athletic Club,Iñaki Williams,Midfielder,6.59,0.13,0.28,0.52,2.47,0.87,0.82,5.26,0.43,18.87,0.13,0.0,0.0,0.0,0.13,0.04,0.39,0.09,0.04,0.04,100.0,0.0,0.0,0.0,0.48,0.26,0.56,0.09,0.48,0.0,0.0,0.0,0.0,0.04,0.22,0.17,0.04,1.04,20.88,14.68,6.19,70.33,3.55,11.13,7.45,0.39,14.06,0.26,33.33,29,24,2078,0.09,0.0,1.13,1.0,15.03,1.47,3.16,33.95,1.91,28.21,1.26,49.15
440,1142094,La Liga,Sevilla,Manu Bueno,Midfielder,6.59,0.0,0.02,0.0,0.65,0.0,0.65,0.0,0.32,100.0,0.0,0.0,0.0,0.0,0.0,0.0,0.0,0.0,0.0,0.0,0.0,0.0,0.0,0.0,0.97,0.0,0.97,0.0,0.65,0.0,0.0,0.0,0.0,0.0,0.0,0.0,0.0,0.65,34.84,29.68,5.16,85.19,14.19,15.48,7.42,0.65,100.0,1.29,40.0,8,2,279,0.65,0.0,1.29,0.97,8.71,0.32,2.58,47.06,2.26,50.0,0.32,33.33
441,891511,La Liga,Espanyol,Javi Puado,Midfielder,6.59,0.27,0.46,0.8,1.99,1.19,0.8,13.33,0.66,35.71,0.27,0.0,0.13,0.0,0.13,0.0,0.0,0.0,0.27,0.13,50.0,0.0,0.0,0.0,0.53,0.4,0.4,0.13,0.66,0.0,0.0,0.0,0.0,0.0,0.27,0.0,0.0,1.33,26.42,22.17,4.25,83.92,8.23,13.94,9.03,0.66,25.0,0.8,66.67,10,8,678,0.27,0.0,1.46,0.8,10.22,0.66,2.26,30.36,1.99,34.88,0.27,15.38
442,962029,La Liga,Valencia,Lucas Beltrán,Forward,6.59,0.07,0.27,0.46,2.24,0.59,0.86,2.94,1.05,51.61,0.0,0.07,0.0,0.0,0.07,0.13,0.26,0.07,0.0,0.0,0.0,0.0,0.0,0.0,1.45,0.26,0.86,0.07,0.53,0.0,0.0,0.0,0.0,0.07,0.26,0.13,0.0,0.86,25.76,20.16,5.6,78.26,6.92,13.24,8.17,0.13,22.22,0.59,52.94,27,16,1366,0.07,0.0,1.71,2.57,13.18,2.24,6.72,44.93,5.07,49.04,1.65,35.71
443,1914318,La Liga,Mallorca,Marc Domenech,Forward,6.59,0.0,0.05,0.0,1.24,0.0,0.41,0.0,0.41,25.0,0.0,0.0,0.0,0.0,0.0,0.0,0.0,0.0,0.0,0.0,0.0,0.0,0.0,0.0,1.24,0.0,1.66,0.0,0.0,0.0,0.0,0.0,0.0,0.0,0.41,0.41,0.0,0.83,13.27,7.88,5.39,59.38,4.15,3.73,2.07,0.41,14.29,0.41,33.33,7,2,217,0.0,0.0,1.24,1.24,13.69,0.83,3.73,45.0,2.9,46.67,0.83,40.0
444,932764,La Liga,Rayo Vallecano,Randy Nteka,Forward,6.58,0.62,0.69,1.55,3.4,1.24,1.24,18.18,0.62,40.0,0.31,0.31,0.0,0.62,0.0,0.31,1.24,0.0,0.31,0.0,0.0,0.0,0.0,0.0,0.93,0.0,2.47,0.31,0.31,0.0,0.0,0.0,0.0,0.0,0.0,0.0,0.0,0.93,20.1,15.46,4.64,76.92,5.26,10.21,6.49,0.0,0.0,0.0,0.0,12,2,291,0.93,0.0,3.09,1.24,13.61,1.86,7.42,42.86,2.78,32.14,4.64,53.57
445,966801,La Liga,Athletic Club,Oihan Sancet,Midfielder,6.58,0.2,0.32,0.35,2.4,0.75,1.1,8.33,0.8,53.33,0.2,0.0,0.0,0.05,0.15,0.0,0.0,0.05,0.1,0.1,100.0,0.0,0.0,0.0,1.25,0.2,0.45,0.1,0.4,0.0,0.05,0.0,0.0,0.0,0.0,0.0,0.0,1.35,29.7,24.16,5.54,81.34,8.34,15.82,9.93,0.2,17.39,1.1,64.71,28,22,1803,0.2,0.05,1.4,1.4,11.68,1.55,4.39,44.22,3.44,46.0,0.95,38.78
446,873947,La Liga,Valencia,Dani Raba,Forward,6.58,0.0,0.13,0.0,3.09,0.31,0.93,0.0,0.93,33.33,0.0,0.0,0.0,0.0,0.0,0.0,0.0,0.0,0.0,0.0,0.0,0.0,0.62,0.0,2.16,1.24,0.31,0.0,0.31,0.0,0.0,0.0,0.0,0.0,0.31,0.31,0.0,0.62,37.73,30.31,7.42,80.33,8.04,22.27,13.92,0.31,7.14,3.71,85.71,13,3,291,0.0,0.0,1.86,0.62,19.18,1.86,3.71,35.29,3.71,38.71,0.0,0.0
447,1398524,La Liga,Celta Vigo,Pablo Durán,Forward,6.58,0.13,0.27,0.32,2.29,0.89,0.64,5.56,0.45,23.33,0.13,0.0,0.0,0.06,0.06,0.0,1.21,0.0,0.0,0.0,0.0,0.0,0.0,0.0,0.95,0.32,0.95,0.19,0.57,0.0,0.0,0.0,0.0,0.06,0.19,0.13,0.0,0.64,22.71,16.41,6.3,72.27,5.53,10.88,6.68,0.0,0.0,1.02,57.14,29,17,1415,0.06,0.0,0.95,0.76,11.58,0.83,2.99,38.21,2.16,36.96,0.83,41.94
448,1832076,La Liga,Atlético Madrid,Javi Morcillo,Midfielder,6.58,0.0,0.16,0.0,1.29,0.0,1.29,0.0,0.0,0.0,0.0,0.0,0.0,0.0,0.0,0.0,0.0,0.0,0.0,0.0,0.0,0.0,0.0,0.0,3.21,0.64,1.93,0.64,4.5,0.0,0.0,0.0,0.0,0.0,0.0,0.0,0.0,0.64,33.43,30.21,3.21,90.38,18.64,11.57,3.21,0.0,0.0,0.0,0.0,4,1,140,1.29,0.0,3.21,1.29,3.86,0.0,5.79,40.91,4.5,38.89,1.29,50.0
449,96369,La Liga,Getafe,Juanmi,Forward,6.58,0.51,0.08,1.02,1.02,0.51,0.51,50.0,0.51,50.0,0.51,0.0,0.0,0.0,0.51,0.0,1.53,0.0,0.0,0.0,0.0,0.0,0.0,0.0,1.02,0.0,0.0,0.0,1.02,0.0,0.0,0.0,0.0,0.0,0.0,0.0,0.0,1.53,18.41,12.27,6.14,66.67,4.09,8.18,3.58,0.0,0.0,0.0,0.0,8,0,176,0.0,0.0,1.02,0.51,10.74,1.02,4.6,37.5,2.05,36.36,2.56,38.46
450,789381,La Liga,Real Betis,Chimy Ávila,Forward,6.58,0.23,0.38,0.47,1.88,0.47,0.47,12.5,0.0,0.0,0.23,0.0,0.0,0.0,0.23,0.0,0.47,0.0,0.23,0.23,100.0,0.0,0.23,0.0,0.47,0.94,1.64,0.0,0.94,0.0,0.0,0.0,0.0,0.0,0.0,0.0,0.0,1.88,22.97,16.17,6.8,70.41,4.22,11.95,7.5,1.41,46.15,0.94,36.36,15,3,384,0.94,0.0,1.41,1.88,12.89,1.17,4.22,41.86,2.11,36.0,2.11,50.0
451,307702,La Liga,Getafe,Djené,Defender,6.58,0.0,0.0,0.0,0.14,0.0,0.07,0.0,0.31,90.0,0.0,0.0,0.0,0.0,0.0,0.0,0.0,0.03,0.0,0.0,0.0,0.0,0.0,0.0,1.25,1.22,5.05,0.35,0.35,0.0,0.07,0.0,0.0,0.28,0.0,0.0,0.0,0.07,27.75,21.83,5.92,78.67,12.5,9.33,3.69,0.0,0.0,1.78,38.35,34,32,2585,0.35,0.07,1.22,0.91,7.69,0.38,4.0,57.5,2.4,56.1,1.6,59.74
452,1402990,La Liga,Atlético Madrid,Julio Díaz,Defender,6.58,0.0,0.01,0.0,0.29,0.0,0.0,0.0,2.03,70.0,0.0,0.0,0.0,0.0,0.0,0.0,0.29,0.0,0.0,0.0,0.0,0.0,0.0,0.0,1.74,1.16,0.29,0.0,1.45,0.0,0.0,0.0,0.0,0.58,0.29,0.29,0.0,1.74,40.23,35.88,4.34,89.21,18.52,17.36,6.66,0.58,33.33,0.58,50.0,4,4,311,0.58,0.0,1.16,0.87,8.68,0.0,5.21,52.94,4.63,57.14,0.58,33.33
453,1392592,La Liga,Espanyol,Roberto Fernández,Forward,6.58,0.23,0.32,0.27,2.17,0.81,0.85,10.71,0.35,39.13,0.19,0.04,0.12,0.0,0.12,0.04,0.31,0.04,0.04,0.04,100.0,0.0,0.0,0.0,0.43,0.27,1.01,0.19,0.5,0.0,0.04,0.0,0.0,0.16,0.23,0.12,0.0,0.7,13.58,9.43,4.15,69.43,3.49,5.94,3.34,0.04,11.11,0.12,42.86,37,24,2320,0.12,0.0,1.51,1.67,9.31,1.36,4.54,35.56,2.29,38.82,2.25,32.77
454,1094758,La Liga,Elche,John Donald,Defender,6.57,0.14,0.1,0.14,0.85,0.28,0.42,16.67,0.28,33.33,0.14,0.0,0.0,0.0,0.14,0.0,0.0,0.0,0.0,0.0,0.0,0.0,0.0,0.0,2.12,0.99,2.26,0.14,0.56,0.0,0.0,0.0,0.0,0.14,0.0,0.0,0.0,0.14,39.92,35.69,4.23,89.4,15.94,19.75,7.62,0.0,0.0,1.13,72.73,20,6,638,0.42,0.0,2.4,0.85,9.31,0.85,4.94,47.3,3.24,44.23,1.69,54.55
455,1399702,La Liga,Osasuna,Asier Osambela,Defender,6.57,0.25,0.09,0.0,1.24,0.5,0.74,20.0,0.0,0.0,0.0,0.25,0.0,0.0,0.25,0.0,0.0,0.0,0.0,0.0,0.0,0.0,0.0,0.0,1.49,0.99,4.46,0.99,0.74,0.0,0.0,0.0,0.0,0.0,0.25,0.0,0.0,0.74,38.68,27.52,11.16,71.15,14.88,12.64,6.94,0.0,0.0,1.24,29.41,16,2,363,0.25,0.25,3.47,0.25,14.63,0.0,5.45,42.31,1.49,24.0,3.97,59.26
457,891505,La Liga,Levante UD,Goduine Koyalipou,Forward,6.57,0.38,0.38,0.38,3.77,1.51,0.38,10.0,3.39,60.0,0.38,0.0,0.0,0.0,0.38,0.0,1.13,0.0,0.0,0.0,0.0,0.0,0.0,0.0,1.51,0.38,1.51,0.0,0.38,0.0,0.0,0.0,0.0,0.0,0.38,0.0,0.0,0.38,20.33,11.67,8.66,57.41,4.14,7.53,5.27,0.38,100.0,0.0,0.0,11,2,239,0.38,0.0,0.75,0.38,16.57,4.14,7.91,42.86,5.27,41.18,2.64,46.67
458,1926085,La Liga,FC Barcelona,Dro Fernández,Midfielder,6.57,0.0,0.0,0.0,0.0,0.0,0.0,0.0,4.0,100.0,0.0,0.0,0.0,0.0,0.0,0.0,1.0,0.0,0.0,0.0,0.0,0.0,0.0,0.0,1.0,0.0,0.0,0.0,1.0,0.0,0.0,0.0,0.0,0.0,0.0,0.0,0.0,2.0,47.0,40.0,7.0,85.11,7.0,33.0,16.0,0.0,0.0,1.0,100.0,4,1,90,0.0,0.0,1.0,1.0,10.0,2.0,8.0,61.54,6.0,60.0,2.0,66.67
459,1468090,La Liga,Villarreal,Alfon González,Forward,6.56,0.27,0.24,0.27,2.34,1.37,0.14,11.76,0.82,26.09,0.27,0.0,0.0,0.0,0.27,0.0,0.14,0.0,0.0,0.0,0.0,0.0,0.0,0.0,0.41,0.27,0.96,0.0,0.69,0.0,0.0,0.0,0.0,0.14,0.0,0.0,0.0,1.24,18.14,14.84,3.3,81.82,4.53,10.31,7.01,0.55,30.77,0.14,25.0,20,7,655,0.0,0.0,1.37,1.1,12.37,2.47,2.61,25.33,2.34,25.37,0.27,25.0
460,949722,La Liga,Mallorca,Antonio Sánchez,Midfielder,6.56,0.0,0.03,0.08,0.51,0.25,0.25,0.0,0.42,41.67,0.0,0.0,0.0,0.0,0.0,0.0,0.08,0.0,0.0,0.0,0.0,0.0,0.0,0.0,1.7,1.02,1.87,0.25,1.53,0.0,0.08,0.0,0.0,0.0,0.25,0.0,0.0,0.85,30.82,24.37,6.45,79.06,11.12,13.25,6.71,0.42,17.24,1.19,35.0,29,9,1060,0.25,0.08,1.27,0.85,12.31,1.53,3.4,38.46,2.97,38.04,0.42,41.67
461,1391752,La Liga,Atlético Madrid,Rodrigo Mendoza,Midfielder,6.56,0.07,0.12,0.07,1.24,0.29,0.44,5.88,1.46,54.05,0.07,0.0,0.0,0.0,0.07,0.07,0.15,0.0,0.0,0.0,0.0,0.0,0.0,0.0,1.17,0.29,0.95,0.15,0.58,0.0,0.07,0.0,0.0,0.0,0.15,0.07,0.0,1.1,47.01,40.14,6.87,85.38,16.45,23.69,12.21,0.44,33.33,1.83,59.52,24,14,1231,0.44,0.0,2.19,1.68,13.74,1.61,4.83,40.49,4.31,44.03,0.51,24.14
462,966637,La Liga,Rayo Vallecano,Fran Pérez,Midfielder,6.56,0.14,0.16,0.22,1.22,0.58,0.43,11.76,1.01,46.67,0.14,0.0,0.0,0.0,0.14,0.07,0.43,0.0,0.0,0.0,0.0,0.0,0.0,0.0,1.08,0.14,0.5,0.14,1.01,0.0,0.0,0.0,0.0,0.0,0.22,0.07,0.0,0.94,21.89,18.0,3.89,82.24,6.77,11.23,6.98,0.5,14.58,0.36,50.0,29,12,1250,0.29,0.0,1.3,1.08,12.02,1.15,3.24,35.16,3.17,40.74,0.07,5.0
463,352544,La Liga,Osasuna,Sheraldo Becker,Forward,6.56,0.0,0.07,0.0,1.58,0.0,0.53,0.0,0.0,0.0,0.0,0.0,0.0,0.0,0.0,0.0,0.53,0.0,0.0,0.0,0.0,0.0,0.0,0.0,1.05,1.58,2.11,0.0,0.0,0.0,0.0,0.0,0.0,0.0,0.0,0.0,0.0,1.05,23.68,16.84,6.84,71.11,8.42,8.42,3.68,0.53,9.09,1.05,50.0,9,0,171,0.0,0.0,2.11,0.53,18.42,1.58,1.58,18.75,1.58,25.0,0.0,0.0
464,984789,La Liga,Levante UD,Manuel Sánchez,Defender,6.56,0.03,0.03,0.03,0.43,0.13,0.2,7.69,0.4,36.36,0.03,0.0,0.03,0.0,0.0,0.0,0.07,0.0,0.0,0.0,0.0,0.0,0.0,0.0,2.57,1.02,2.71,0.16,0.99,0.0,0.03,0.0,0.0,0.23,0.07,0.07,0.0,0.53,29.43,24.05,5.38,81.73,12.17,11.88,6.27,0.43,19.7,0.92,30.43,32,30,2728,0.26,0.0,1.15,0.69,10.85,0.46,4.35,50.77,3.66,52.86,0.69,42.0
465,53739,La Liga,Getafe,Kiko Femenía,Defender,6.56,0.04,0.03,0.04,0.36,0.13,0.18,12.5,0.31,35.0,0.04,0.0,0.0,0.0,0.04,0.0,0.22,0.0,0.0,0.0,0.0,0.0,0.0,0.0,1.74,1.51,1.96,0.09,0.67,0.09,0.0,0.0,0.0,0.09,0.09,0.04,0.0,0.76,26.78,20.72,6.06,77.37,9.71,11.0,6.68,0.45,23.81,1.07,43.64,28,25,2020,0.27,0.0,0.94,0.49,10.96,0.53,3.34,49.34,2.54,49.57,0.8,48.65
466,794937,La Liga,Deportivo Alavés,Carles Aleñá,Midfielder,6.56,0.0,0.12,0.09,1.35,0.23,0.63,0.0,0.59,46.43,0.0,0.0,0.0,0.0,0.0,0.0,0.05,0.0,0.0,0.0,0.0,0.0,0.0,0.0,1.67,0.45,0.99,0.09,1.13,0.05,0.05,0.0,0.0,0.0,0.27,0.18,0.0,1.71,38.35,32.71,5.64,85.29,10.65,22.06,12.36,1.76,31.45,0.99,42.31,34,23,1995,0.23,0.0,1.71,1.62,13.44,1.62,4.51,43.29,3.88,43.65,0.63,41.18
467,945404,La Liga,Real Oviedo,Javi López,Defender,6.56,0.0,0.03,0.05,0.37,0.05,0.11,0.0,0.95,45.0,0.0,0.0,0.0,0.0,0.0,0.0,0.11,0.0,0.0,0.0,0.0,0.0,0.0,0.0,2.26,1.05,2.89,0.11,0.68,0.0,0.0,0.0,0.0,0.16,0.11,0.05,0.05,1.0,38.56,30.79,7.78,79.84,17.18,13.61,5.99,0.95,30.51,1.52,35.37,24,20,1713,0.16,0.05,2.0,1.37,15.45,0.53,5.2,48.53,4.47,51.52,0.74,35.9
469,900669,La Liga,Rayo Vallecano,Pedro Díaz,Midfielder,6.55,0.0,0.09,0.05,2.21,0.3,1.16,0.0,0.75,51.72,0.0,0.0,0.0,0.0,0.0,0.05,0.0,0.0,0.0,0.0,0.0,0.0,0.05,0.0,1.76,0.35,0.75,0.05,1.46,0.0,0.0,0.0,0.0,0.1,0.15,0.05,0.0,1.11,37.09,31.61,5.48,85.23,12.86,18.74,10.2,0.3,15.79,1.11,59.46,33,20,1791,0.15,0.0,1.01,0.55,11.11,0.95,3.72,44.05,3.07,42.96,0.65,50.0
470,792073,La Liga,Real Madrid,Ferland Mendy,Defender,6.55,0.0,0.0,0.0,0.0,0.0,0.0,0.0,0.87,66.67,0.0,0.0,0.0,0.0,0.0,0.0,0.0,0.0,0.0,0.0,0.0,0.0,0.0,0.0,0.44,0.87,0.44,0.0,0.0,0.44,0.0,0.0,0.0,0.0,0.0,0.0,0.0,0.0,69.03,63.79,5.24,92.41,24.03,39.76,14.42,0.0,0.0,0.87,50.0,5,3,206,0.0,0.0,0.87,0.44,6.55,0.0,2.62,54.55,1.75,57.14,0.87,50.0
471,851282,La Liga,Valencia,Thierry Correia,Defender,6.55,0.0,0.02,0.0,0.33,0.07,0.07,0.0,0.52,50.0,0.0,0.0,0.0,0.0,0.0,0.0,0.26,0.0,0.0,0.0,0.0,0.0,0.0,0.0,1.95,1.11,1.76,0.0,0.26,0.0,0.07,0.07,0.0,0.13,0.2,0.13,0.0,0.85,42.07,34.34,7.74,81.61,14.89,19.44,9.36,0.39,15.0,1.17,36.0,23,17,1384,0.26,0.0,1.82,1.56,14.31,0.65,4.94,51.35,4.03,55.86,0.91,37.84
472,353154,La Liga,Getafe,Javier Muñoz,Midfielder,6.54,0.0,0.06,0.0,2.09,0.96,1.12,0.0,0.64,57.14,0.0,0.0,0.0,0.0,0.0,0.0,0.0,0.0,0.0,0.0,0.0,0.0,0.0,0.0,1.29,1.12,0.96,0.16,0.32,0.0,0.0,0.0,0.0,0.0,0.0,0.0,0.0,1.12,30.05,20.73,9.32,68.98,5.46,15.27,8.36,0.32,18.18,1.12,36.84,17,4,560,0.0,0.0,1.45,0.32,14.62,1.12,2.89,40.0,2.25,40.0,0.64,40.0
473,309546,La Liga,Mallorca,Takuma Asano,Midfielder,6.54,0.15,0.2,0.29,1.74,0.29,1.31,8.33,0.29,20.0,0.15,0.0,0.0,0.15,0.0,0.0,1.16,0.0,0.0,0.0,0.0,0.0,0.0,0.0,1.89,0.29,0.58,0.0,0.44,0.0,0.0,0.0,0.0,0.0,0.29,0.0,0.0,0.29,15.24,11.18,4.06,73.33,3.63,7.55,4.94,0.15,9.09,0.0,0.0,19,7,620,0.29,0.0,1.16,1.45,11.47,1.74,4.5,39.74,3.63,45.45,0.87,26.09
474,758664,La Liga,Espanyol,Charles Pickel,Midfielder,6.54,0.13,0.1,0.13,1.26,0.51,0.25,10.0,0.63,83.33,0.13,0.0,0.0,0.13,0.0,0.0,0.0,0.0,0.0,0.0,0.0,0.0,0.0,0.0,1.64,0.76,1.52,0.38,0.76,0.0,0.0,0.0,0.0,0.13,0.0,0.0,0.0,0.25,31.73,25.41,6.32,80.08,12.64,12.77,6.45,0.0,0.0,0.76,50.0,24,4,712,0.25,0.25,1.9,0.25,8.6,1.01,4.93,44.83,2.53,40.0,2.4,51.35
475,848512,La Liga,Elche,Grady Diangana,Midfielder,6.54,0.1,0.11,0.19,1.55,0.19,0.48,6.25,0.97,31.25,0.0,0.1,0.0,0.1,0.0,0.0,0.48,0.0,0.0,0.0,0.0,0.0,0.0,0.0,1.36,0.39,0.87,0.29,0.58,0.0,0.1,0.1,0.0,0.0,0.19,0.0,0.0,0.97,28.48,23.83,4.65,83.67,8.53,15.31,8.43,0.19,16.67,0.29,42.86,20,13,929,0.29,0.0,1.45,1.84,12.59,1.74,4.75,40.5,4.07,41.18,0.68,36.84
476,1542721,La Liga,Elche,Buba Sangare,Defender,6.54,0.0,0.02,0.0,0.18,0.0,0.18,0.0,0.7,25.0,0.0,0.0,0.0,0.0,0.0,0.0,0.0,0.0,0.0,0.0,0.0,0.0,0.0,0.0,3.52,1.05,1.93,0.18,0.18,0.0,0.35,0.0,0.0,0.0,0.18,0.0,0.0,0.18,40.43,34.45,5.98,85.22,17.4,17.05,6.86,0.0,0.0,1.23,43.75,11,7,512,0.35,0.0,3.52,1.05,13.01,0.53,6.5,46.25,5.1,46.77,1.41,44.44
477,605672,La Liga,Athletic Club,Gorka Guruzeta,Forward,6.54,0.35,0.4,0.35,3.13,1.21,1.18,11.25,0.27,20.59,0.35,0.0,0.08,0.04,0.24,0.08,0.39,0.0,0.04,0.04,100.0,0.0,0.0,0.0,0.74,0.43,0.67,0.08,0.71,0.0,0.0,0.0,0.0,0.04,0.27,0.12,0.0,0.98,19.63,13.24,6.39,67.47,4.19,9.05,5.72,0.04,14.29,0.63,57.14,34,27,2297,0.16,0.04,1.88,1.14,11.13,0.59,5.17,38.15,2.15,34.81,3.02,40.96
478,1515554,La Liga,Getafe,Adrian Liso,Forward,6.54,0.16,0.11,0.11,1.43,0.55,0.33,11.54,0.82,36.59,0.05,0.11,0.0,0.11,0.05,0.05,0.88,0.05,0.0,0.0,0.0,0.0,0.0,0.0,1.54,0.22,0.38,0.11,1.1,0.0,0.0,0.0,0.0,0.16,0.0,0.0,0.0,0.22,14.48,10.09,4.39,69.7,3.4,6.69,4.17,0.33,14.63,0.11,28.57,27,20,1641,0.16,0.05,2.03,2.25,14.1,1.43,6.36,38.16,4.55,43.68,1.81,28.95
479,1084043,La Liga,Deportivo Alavés,Ibrahim Diabaté,Forward,6.54,0.31,0.27,0.47,2.19,0.78,0.94,14.29,0.16,50.0,0.31,0.0,0.0,0.0,0.16,0.0,0.47,0.0,0.0,0.0,0.0,0.0,0.0,0.0,0.63,0.31,0.94,0.0,0.31,0.0,0.0,0.0,0.0,0.0,0.0,0.0,0.0,0.31,13.46,8.3,5.17,61.63,2.66,5.63,3.44,0.0,0.0,0.0,0.0,9,6,575,0.16,0.0,0.94,0.63,9.08,0.78,3.6,36.51,1.41,40.91,2.19,34.15
480,828239,La Liga,Mallorca,Toni Lato,Defender,6.54,0.0,0.0,0.0,0.0,0.0,0.0,0.0,1.23,77.78,0.0,0.0,0.0,0.0,0.0,0.0,0.0,0.0,0.0,0.0,0.0,0.0,0.0,0.0,1.58,0.88,2.1,0.53,1.05,0.0,0.0,0.0,0.0,0.0,0.18,0.18,0.0,0.7,30.82,25.04,5.78,81.25,12.78,12.26,5.25,1.05,33.33,1.58,47.37,11,6,514,0.53,0.0,0.88,0.18,11.38,1.23,3.5,40.0,2.98,45.95,0.53,23.08
481,914835,La Liga,Real Betis,Junior Firpo,Defender,6.53,0.0,0.05,0.0,0.54,0.0,0.32,0.0,0.43,50.0,0.0,0.0,0.0,0.0,0.0,0.0,0.11,0.0,0.0,0.0,0.0,0.0,0.0,0.0,2.6,1.08,3.79,0.11,0.87,0.11,0.0,0.0,0.0,0.0,0.22,0.11,0.0,0.87,41.43,35.05,6.38,84.6,17.63,17.42,8.87,0.54,26.32,0.22,15.38,12,10,832,0.22,0.0,1.19,0.87,11.14,0.54,5.41,58.82,3.89,56.25,1.51,66.67
482,1099344,La Liga,Espanyol,Antoniu Roca,Midfielder,6.53,0.0,0.07,0.0,1.42,0.0,0.36,0.0,3.2,50.0,0.0,0.0,0.0,0.0,0.0,0.0,0.0,0.0,0.0,0.0,0.0,0.0,0.0,0.0,2.49,0.71,0.0,0.0,1.07,0.0,0.36,0.0,0.0,0.0,0.0,0.0,0.0,1.42,18.14,12.81,5.34,70.59,2.49,10.32,8.54,1.78,71.43,0.0,0.0,12,2,253,0.71,0.0,2.85,2.85,12.45,1.07,9.25,46.43,8.54,51.06,0.71,22.22
483,1066045,La Liga,Real Sociedad,Arsen Zakharyan,Midfielder,6.53,0.0,0.2,0.4,2.81,0.6,1.0,0.0,0.2,8.33,0.0,0.0,0.0,0.0,0.0,0.0,0.8,0.0,0.0,0.0,0.0,0.0,0.0,0.0,2.01,0.4,0.2,0.0,1.0,0.0,0.0,0.0,0.0,0.0,0.6,0.0,0.0,2.01,43.39,34.55,8.84,79.63,9.04,25.51,15.47,1.0,19.23,2.81,63.64,17,3,448,0.4,0.0,1.81,0.4,19.49,0.6,3.01,31.91,2.61,32.5,0.4,28.57
484,981604,La Liga,Rayo Vallecano,Alemão,Forward,6.53,0.32,0.29,0.4,1.93,0.96,0.56,16.67,0.48,50.0,0.32,0.0,0.16,0.08,0.08,0.0,0.32,0.0,0.0,0.0,0.0,0.0,0.0,0.0,0.4,0.08,1.04,0.16,0.72,0.0,0.0,0.0,0.0,0.08,0.0,0.0,0.0,0.56,14.38,9.8,4.58,68.16,3.46,6.35,3.7,0.08,20.0,0.24,42.86,25,11,1120,0.24,0.0,1.77,2.17,11.57,1.21,4.5,39.16,3.05,44.19,1.45,31.58
485,910026,La Liga,Girona FC,Bryan Gil,Midfielder,6.53,0.0,0.17,0.18,1.52,0.35,0.47,0.0,1.81,39.74,0.0,0.0,0.0,0.0,0.0,0.0,0.35,0.0,0.0,0.0,0.0,0.0,0.0,0.0,1.81,0.53,0.58,0.06,1.05,0.06,0.0,0.0,0.0,0.0,0.35,0.18,0.0,1.23,29.47,24.62,4.85,83.53,9.47,15.15,9.65,0.7,23.53,0.47,42.11,28,19,1539,0.29,0.0,1.05,2.16,16.26,2.63,6.02,42.39,5.79,43.81,0.23,23.53
486,149606,La Liga,Levante UD,Jeremy Toljan,Defender,6.53,0.03,0.03,0.0,0.26,0.03,0.12,11.11,0.15,27.78,0.03,0.0,0.0,0.0,0.03,0.0,0.06,0.0,0.0,0.0,0.0,0.0,0.0,0.0,1.87,0.9,2.66,0.47,0.64,0.0,0.0,0.03,0.03,0.23,0.32,0.12,0.0,0.82,32.17,24.78,7.39,77.04,13.66,11.12,5.05,0.82,37.84,1.58,33.13,36,36,3083,0.2,0.0,0.9,0.55,11.53,0.29,2.95,48.56,2.57,53.99,0.38,28.89
487,135116,La Liga,Girona FC,David López,Defender,6.53,0.0,0.24,0.42,0.42,0.42,0.0,0.0,0.42,100.0,0.0,0.0,0.0,0.0,0.0,0.0,0.42,0.0,0.0,0.0,0.0,0.0,0.0,0.0,0.83,0.0,2.5,0.42,0.0,0.0,0.83,0.0,0.0,0.0,0.0,0.0,0.0,0.0,73.75,65.0,8.75,88.14,46.25,18.75,4.17,0.0,0.0,5.42,48.15,5,2,216,0.0,0.0,0.42,0.0,9.17,0.0,2.5,60.0,1.25,75.0,1.25,50.0
488,1391375,La Liga,Athletic Club,Unai Gómez,Midfielder,6.52,0.1,0.22,0.3,2.33,0.71,1.11,4.35,0.61,40.0,0.1,0.0,0.0,0.1,0.0,0.1,0.4,0.0,0.0,0.0,0.0,0.0,0.0,0.0,1.32,0.1,0.61,0.1,0.71,0.0,0.1,0.0,0.0,0.0,0.0,0.1,0.0,0.81,21.87,16.4,5.47,75.0,5.77,10.63,6.38,0.4,17.39,0.51,38.46,25,11,889,0.1,0.0,0.91,0.61,11.74,0.91,4.15,38.68,2.43,41.38,1.72,35.42
489,928672,La Liga,Elche,Adrià Pedrosa,Defender,6.52,0.08,0.05,0.08,1.0,0.25,0.33,8.33,0.42,18.52,0.08,0.0,0.0,0.08,0.0,0.0,0.08,0.0,0.0,0.0,0.0,0.0,0.0,0.0,2.76,1.17,3.18,0.08,0.92,0.08,0.0,0.0,0.0,0.0,0.33,0.08,0.0,1.92,35.18,29.5,5.68,83.85,13.12,16.38,8.19,1.42,32.69,1.0,33.33,26,8,1077,0.33,0.0,1.5,0.75,13.87,0.42,4.51,43.2,3.93,45.63,0.58,31.82
490,1177401,La Liga,Levante UD,Alan Matturro,Defender,6.52,0.09,0.06,0.0,0.75,0.09,0.28,12.5,0.0,0.0,0.09,0.0,0.09,0.0,0.0,0.0,0.0,0.0,0.0,0.0,0.0,0.0,0.0,0.0,1.97,0.56,7.34,0.56,0.28,0.0,0.09,0.0,0.0,0.09,0.19,0.09,0.0,0.38,44.58,36.77,7.81,82.49,29.34,7.43,3.01,0.0,0.0,1.79,25.68,19,10,957,0.0,0.09,0.66,0.94,9.78,0.28,4.51,61.54,2.92,65.96,1.6,54.84
491,1649919,La Liga,Levante UD,Kareem Tunde,Midfielder,6.52,0.0,0.09,0.08,1.55,0.16,0.9,0.0,1.22,48.39,0.0,0.0,0.0,0.0,0.0,0.08,0.08,0.0,0.0,0.0,0.0,0.0,0.0,0.0,1.63,1.14,0.24,0.0,0.49,0.0,0.0,0.0,0.0,0.0,0.08,0.08,0.0,0.49,17.5,13.51,3.99,77.21,4.8,8.71,4.31,0.08,9.09,0.41,50.0,20,16,1106,0.24,0.0,1.3,1.71,10.09,1.22,5.45,49.63,4.56,52.83,0.9,37.93
493,1162309,La Liga,Mallorca,Javi Llabrés,Midfielder,6.51,0.0,0.2,0.8,2.01,0.8,1.21,0.0,0.4,20.0,0.0,0.0,0.0,0.0,0.0,0.0,0.0,0.0,0.0,0.0,0.0,0.0,0.0,0.0,2.01,0.0,1.61,0.0,0.4,0.0,0.0,0.0,0.0,0.0,0.0,0.0,0.0,0.4,24.51,19.29,5.22,78.69,7.63,11.65,6.43,0.8,20.0,0.4,20.0,16,1,224,0.0,0.0,1.61,1.21,14.06,1.61,4.02,40.0,3.62,40.91,0.4,33.33
494,966441,La Liga,Real Sociedad,Aihen Muñoz,Defender,6.51,0.1,0.05,0.1,0.63,0.21,0.42,16.67,0.42,30.77,0.1,0.0,0.0,0.1,0.0,0.0,0.0,0.0,0.0,0.0,0.0,0.0,0.0,0.0,2.82,0.52,3.55,0.1,1.77,0.0,0.0,0.0,0.0,0.0,0.0,0.0,0.0,0.52,31.7,26.49,5.21,83.55,12.83,13.66,6.78,0.73,31.82,1.04,33.33,20,9,863,0.1,0.0,0.73,0.31,10.85,0.21,4.17,47.06,3.34,47.76,0.83,44.44
496,1018190,La Liga,Sevilla,Isaac Romero,Forward,6.5,0.25,0.33,0.5,2.45,0.88,1.07,10.26,0.63,23.81,0.19,0.06,0.0,0.13,0.13,0.19,0.31,0.13,0.06,0.0,0.0,0.0,0.0,0.0,0.94,0.38,1.13,0.06,0.5,0.0,0.06,0.0,0.0,0.0,0.13,0.0,0.0,0.88,20.4,14.69,5.71,72.0,6.4,8.28,4.77,0.06,11.11,1.0,69.57,28,17,1434,0.25,0.06,1.69,1.44,15.0,1.95,4.33,35.03,2.95,32.41,1.38,42.31
499,1216080,La Liga,Celta Vigo,Damián Rodríguez,Midfielder,6.5,0.0,0.04,0.0,1.79,0.0,1.79,0.0,0.0,0.0,0.0,0.0,0.0,0.0,0.0,0.0,0.0,0.0,0.0,0.0,0.0,0.0,0.0,0.0,0.0,0.6,1.79,0.0,0.6,0.0,0.0,0.0,0.0,0.0,0.0,0.0,0.0,1.19,67.95,63.18,4.77,92.98,20.26,42.91,14.3,0.6,33.33,1.19,100.0,2,2,151,0.6,0.0,1.79,0.0,6.56,0.0,0.0,0.0,0.0,0.0,0.0,0.0
500,1398521,La Liga,Getafe,Damián Cáceres,Midfielder,6.5,0.0,0.0,0.0,0.0,0.0,0.0,0.0,0.0,0.0,0.0,0.0,0.0,0.0,0.0,0.0,0.0,0.0,0.0,0.0,0.0,0.0,0.0,0.0,3.15,1.89,1.89,1.89,0.63,0.0,0.0,0.0,0.0,0.0,0.0,0.0,0.0,0.0,27.06,16.99,10.07,62.79,11.33,5.66,1.89,0.0,0.0,0.63,12.5,2,2,143,0.0,0.0,2.52,0.0,12.59,0.0,4.41,41.18,3.15,41.67,1.26,40.0
502,1172477,La Liga,Villarreal,Tani Oluwaseyi,Forward,6.5,0.2,0.33,0.59,1.56,0.68,0.59,12.5,0.88,40.91,0.2,0.0,0.0,0.1,0.1,0.0,0.98,0.0,0.0,0.0,0.0,0.0,0.0,0.0,0.68,0.1,0.78,0.29,0.59,0.1,0.0,0.0,0.0,0.0,0.29,0.2,0.0,0.59,10.93,6.93,4.0,63.39,2.25,4.69,3.12,0.2,66.67,0.39,80.0,27,9,922,0.1,0.0,1.07,0.78,10.64,2.05,4.49,35.94,2.34,32.0,2.15,41.51
503,218616,La Liga,Girona FC,Portu,Forward,6.5,0.0,0.26,0.57,1.71,0.95,0.19,0.0,0.0,0.0,0.0,0.0,0.0,0.0,0.0,0.19,0.57,0.0,0.0,0.0,0.0,0.0,0.0,0.0,0.76,0.38,0.0,0.19,0.38,0.0,0.0,0.0,0.0,0.0,0.0,0.0,0.0,0.57,14.84,10.66,4.19,71.79,3.42,7.23,4.95,0.57,17.65,0.19,100.0,10,4,473,0.19,0.0,1.14,0.76,11.04,1.14,2.28,32.43,1.33,29.17,0.95,38.46
508,879543,La Liga,Mallorca,Mateu Morey,Defender,6.5,0.12,0.04,0.0,0.49,0.24,0.12,25.0,0.49,66.67,0.12,0.0,0.0,0.0,0.12,0.0,0.12,0.0,0.0,0.0,0.0,0.0,0.0,0.0,2.32,0.86,3.67,0.37,1.71,0.12,0.0,0.12,0.0,0.0,0.12,0.0,0.0,0.37,29.47,22.5,6.97,76.35,10.39,12.11,5.38,0.73,42.86,1.22,35.71,18,9,736,0.24,0.0,1.83,1.22,12.11,0.49,4.77,46.43,4.04,49.25,0.73,35.29
511,985726,La Liga,Deportivo Alavés,Victor Parada,Defender,6.49,0.0,0.04,0.08,0.46,0.04,0.34,0.0,0.3,53.85,0.0,0.0,0.0,0.0,0.0,0.04,0.17,0.0,0.0,0.0,0.0,0.0,0.0,0.0,1.39,0.42,3.38,0.46,0.46,0.0,0.0,0.04,0.0,0.08,0.13,0.13,0.0,0.59,31.66,26.0,5.66,82.13,15.03,10.98,4.43,0.34,25.81,1.18,35.44,29,24,2132,0.3,0.04,1.22,0.63,8.95,0.3,3.67,49.71,2.32,51.4,1.35,47.06
512,865651,La Liga,Atlético Madrid,Giacomo Raspadori,Forward,6.49,0.0,0.25,0.36,2.52,1.08,1.08,0.0,0.36,25.0,0.0,0.0,0.0,0.0,0.0,0.0,0.72,0.0,0.0,0.0,0.0,0.0,0.0,0.0,0.72,0.0,0.36,0.0,0.72,0.0,0.0,0.0,0.0,0.0,0.72,0.36,0.0,1.44,32.76,25.92,6.84,79.12,10.08,15.84,7.92,1.08,33.33,0.36,100.0,12,1,250,0.36,0.0,1.08,2.52,12.96,1.44,4.68,41.94,3.6,47.62,1.08,30.0
513,1893910,La Liga,Real Betis,Pablo García,Midfielder,6.49,0.0,0.32,0.23,3.02,0.93,1.62,0.0,1.16,29.41,0.0,0.0,0.0,0.0,0.0,0.46,0.7,0.0,0.0,0.0,0.0,0.0,0.23,0.0,2.32,0.93,0.23,0.0,1.39,0.0,0.0,0.0,0.0,0.0,0.0,0.0,0.0,0.46,22.27,18.09,4.18,81.25,6.49,11.6,7.65,0.0,0.0,1.16,83.33,15,2,388,0.23,0.0,1.16,2.09,14.85,2.32,5.57,40.68,5.57,42.11,0.0,0.0
514,1639543,La Liga,Deportivo Alavés,Aitor Mañas,Forward,6.49,0.0,0.46,1.34,1.34,0.67,0.67,0.0,1.34,28.57,0.0,0.0,0.0,0.0,0.0,0.67,0.0,0.0,0.0,0.0,0.0,0.0,0.0,0.0,2.01,0.67,0.0,0.0,1.34,0.0,0.0,0.0,0.0,0.0,0.0,0.0,0.0,1.34,14.1,12.09,2.01,85.71,3.36,8.73,4.7,0.0,0.0,0.0,0.0,9,0,134,0.0,0.0,1.34,0.67,13.43,2.69,6.04,31.03,4.03,31.58,2.01,30.0
515,1154549,La Liga,Getafe,Mario Martín,Midfielder,6.49,0.09,0.09,0.09,1.19,0.26,0.4,7.41,0.53,35.29,0.09,0.0,0.09,0.0,0.0,0.0,0.18,0.0,0.0,0.0,0.0,0.0,0.0,0.0,2.46,0.66,1.1,0.22,1.32,0.0,0.04,0.0,0.0,0.04,0.04,0.04,0.0,0.35,24.29,17.91,6.38,73.73,7.31,10.61,4.97,0.09,16.67,0.88,54.05,34,25,2045,0.48,0.0,2.99,1.41,12.28,1.41,7.44,39.58,4.4,40.82,3.04,37.91
516,1953923,La Liga,Athletic Club,Selton Sanchez,Midfielder,6.49,0.0,0.12,0.0,1.81,0.45,1.36,0.0,0.45,16.67,0.0,0.0,0.0,0.0,0.0,0.0,0.45,0.0,0.0,0.0,0.0,0.0,0.0,0.0,1.36,0.45,0.0,0.0,1.36,0.0,0.0,0.0,0.0,0.0,0.0,0.45,0.0,1.81,28.49,18.99,9.5,66.67,8.14,10.85,6.33,0.0,0.0,1.36,60.0,7,2,199,0.0,0.0,2.26,2.26,18.99,1.81,4.52,35.71,4.07,34.62,0.45,50.0
517,1398511,La Liga,Athletic Club,Adama Boiro,Defender,6.48,0.0,0.0,0.0,0.12,0.0,0.0,0.0,0.62,38.46,0.0,0.0,0.0,0.0,0.0,0.0,0.0,0.0,0.0,0.0,0.0,0.0,0.0,0.0,2.22,1.98,2.47,0.12,0.62,0.12,0.0,0.0,0.0,0.0,0.0,0.0,0.0,0.37,40.0,34.81,5.19,87.04,14.44,20.37,10.49,0.74,28.57,0.99,42.11,13,7,729,0.12,0.0,0.62,1.23,10.12,0.37,5.31,57.33,4.07,61.11,1.23,47.62
518,1003007,La Liga,Sevilla,Tanguy Nianzou,Defender,6.48,0.0,0.07,0.0,1.25,0.0,0.83,0.0,0.28,40.0,0.0,0.0,0.0,0.0,0.0,0.0,0.0,0.0,0.0,0.0,0.0,0.0,0.0,0.0,1.94,0.56,6.94,0.14,0.28,0.0,0.28,0.14,0.0,0.14,0.0,0.0,0.0,0.28,44.31,39.17,5.14,88.4,28.61,10.56,3.61,0.0,0.0,3.75,58.7,12,8,648,0.69,0.14,2.08,0.83,7.36,0.56,6.25,60.0,3.06,48.89,3.19,76.67
519,1520799,La Liga,Athletic Club,Maroan Sannadi,Forward,6.48,0.32,0.35,0.0,2.56,1.28,0.64,12.5,0.32,20.0,0.32,0.0,0.0,0.0,0.32,0.0,0.96,0.0,0.0,0.0,0.0,0.0,0.0,0.0,0.32,0.32,0.96,0.0,0.64,0.0,0.0,0.0,0.0,0.0,0.32,0.0,0.0,0.96,22.42,16.01,6.41,71.43,4.48,11.53,6.09,0.0,0.0,0.64,66.67,10,2,281,0.32,0.0,2.56,1.6,15.05,0.96,5.77,42.86,2.24,31.82,3.52,55.0
520,1018547,La Liga,Real Oviedo,Thiago Borbas,Forward,6.48,0.0,0.44,0.55,2.74,1.1,1.1,0.0,0.0,0.0,0.0,0.0,0.0,0.0,0.0,0.0,1.65,0.0,0.0,0.0,0.0,0.0,0.0,0.0,1.65,0.0,2.74,0.0,0.55,0.0,0.0,0.0,0.0,0.0,0.0,0.0,0.0,0.0,19.76,12.07,7.68,61.11,6.04,6.04,2.74,0.0,0.0,0.55,50.0,11,0,164,0.55,0.0,3.29,1.65,12.07,1.65,8.23,40.54,3.29,37.5,4.94,42.86
522,1106573,La Liga,Girona FC,Jhon Solís,Midfielder,6.48,0.0,0.04,0.0,0.7,0.47,0.23,0.0,0.7,27.27,0.0,0.0,0.0,0.0,0.0,0.0,0.0,0.0,0.0,0.0,0.0,0.0,0.0,0.0,0.7,0.94,1.88,0.23,1.64,0.0,0.23,0.0,0.0,0.0,0.0,0.0,0.0,0.23,38.44,33.98,4.45,88.41,16.41,17.58,8.44,0.0,0.0,0.7,37.5,12,3,384,0.0,0.0,0.47,1.64,8.67,0.7,3.52,35.71,3.05,39.39,0.47,22.22
523,1139409,La Liga,Real Sociedad,Pablo Marín,Midfielder,6.48,0.0,0.08,0.12,0.79,0.24,0.18,0.0,1.03,41.46,0.0,0.0,0.0,0.0,0.0,0.06,0.3,0.06,0.0,0.0,0.0,0.0,0.0,0.0,1.15,0.42,0.97,0.06,0.6,0.0,0.0,0.0,0.0,0.0,0.12,0.06,0.0,0.73,22.24,17.65,4.59,79.35,7.25,10.4,4.96,0.24,23.53,0.42,36.84,33,15,1489,0.12,0.0,1.33,1.33,11.36,1.39,3.93,39.63,3.45,42.54,0.48,26.67
524,1484974,La Liga,Mallorca,Justin-Noel Kalumba,Midfielder,6.47,0.0,0.09,0.0,0.99,0.0,0.99,0.0,0.99,25.0,0.0,0.0,0.0,0.0,0.0,0.0,0.0,0.0,0.0,0.0,0.0,0.0,0.0,0.0,0.99,0.0,0.0,0.0,1.98,0.0,0.0,0.0,0.0,0.0,0.0,0.0,0.0,0.0,26.7,19.78,6.92,74.07,3.96,15.82,13.85,0.0,0.0,0.0,0.0,3,1,91,0.0,0.0,1.98,3.96,18.79,1.98,5.93,35.29,5.93,40.0,0.0,0.0
525,1086128,La Liga,Real Oviedo,Álex Forés,Forward,6.47,0.0,0.32,0.53,2.14,0.53,0.8,0.0,0.8,50.0,0.0,0.0,0.0,0.0,0.0,0.0,0.27,0.0,0.0,0.0,0.0,0.0,0.0,0.0,0.53,0.27,0.0,0.0,0.8,0.0,0.0,0.0,0.0,0.0,0.0,0.27,0.0,0.27,14.96,10.42,4.54,69.64,4.81,5.61,3.74,0.0,0.0,0.0,0.0,17,2,337,0.0,0.0,0.8,1.6,10.15,1.07,3.47,37.14,2.94,45.83,0.53,18.18
526,788141,La Liga,Deportivo Alavés,Jon Guridi,Midfielder,6.47,0.0,0.13,0.23,1.15,0.31,0.54,0.0,0.69,47.37,0.0,0.0,0.0,0.0,0.0,0.08,0.15,0.08,0.0,0.0,0.0,0.0,0.0,0.0,1.91,0.69,1.38,0.15,1.23,0.0,0.0,0.0,0.0,0.08,0.0,0.0,0.0,0.61,32.25,26.58,5.67,82.42,11.8,14.78,8.04,0.15,20.0,0.69,60.0,27,14,1175,0.08,0.0,1.15,0.61,9.96,0.54,4.75,44.93,3.06,45.98,1.69,43.14
527,1398518,La Liga,Getafe,Álex Sancris,Midfielder,6.46,0.0,0.05,0.0,1.65,0.63,0.51,0.0,0.63,50.0,0.0,0.0,0.0,0.0,0.0,0.0,1.01,0.0,0.0,0.0,0.0,0.0,0.13,0.0,1.27,0.25,0.51,0.0,1.39,0.0,0.0,0.0,0.0,0.0,0.13,0.13,0.0,1.01,24.59,16.99,7.61,69.07,5.58,11.41,6.34,1.01,13.33,0.63,33.33,18,5,710,0.25,0.13,2.03,1.52,18.89,1.14,3.93,33.7,3.3,40.0,0.63,18.52
528,1120947,La Liga,Rayo Vallecano,Jozhua Vertrouwd,Defender,6.46,0.0,0.01,0.0,0.2,0.0,0.2,0.0,0.0,0.0,0.0,0.0,0.0,0.0,0.0,0.0,0.0,0.0,0.0,0.0,0.0,0.0,0.0,0.0,1.43,0.82,5.51,0.61,0.0,0.2,0.0,0.0,0.2,0.2,0.0,0.0,0.0,0.41,40.41,36.73,3.67,90.91,29.18,7.55,2.24,0.0,0.0,1.43,58.33,9,3,441,0.0,0.0,1.22,0.61,5.31,0.2,3.27,57.14,2.04,55.56,1.22,60.0
529,785468,La Liga,Real Sociedad,Aritz Elustondo,Defender,6.46,0.0,0.05,0.13,0.51,0.25,0.25,0.0,0.0,0.0,0.0,0.0,0.0,0.0,0.0,0.0,0.0,0.0,0.0,0.0,0.0,0.0,0.0,0.0,1.77,1.26,4.68,0.38,1.77,0.0,0.13,0.13,0.0,0.0,0.0,0.13,0.0,0.13,47.02,40.32,6.7,85.75,25.66,14.66,5.56,0.25,33.33,1.52,42.86,15,8,712,0.0,0.0,2.15,1.26,10.37,0.38,5.06,45.45,3.03,39.34,2.02,59.26
530,1092515,La Liga,Elche,Yago Santiago,Midfielder,6.46,0.0,0.04,0.0,0.62,0.0,0.0,0.0,1.25,40.0,0.0,0.0,0.0,0.0,0.0,0.0,0.31,0.0,0.0,0.0,0.0,0.0,0.0,0.0,0.62,0.31,1.56,0.0,0.93,0.0,0.0,0.0,0.0,0.0,0.0,0.0,0.0,0.62,32.39,27.72,4.67,85.58,8.1,19.62,10.28,0.62,33.33,0.62,50.0,9,3,289,0.31,0.31,0.93,0.62,11.21,0.62,3.11,33.33,2.49,36.36,0.62,25.0
531,1430667,La Liga,Athletic Club,Urko Izeta,Forward,6.45,0.0,0.44,1.04,4.68,2.08,2.08,0.0,0.52,33.33,0.0,0.0,0.0,0.0,0.0,1.04,0.0,0.0,0.0,0.0,0.0,0.0,0.52,0.0,1.04,0.0,0.0,0.0,1.56,0.0,0.0,0.0,0.0,0.0,0.52,0.0,0.0,1.04,30.17,21.33,8.84,70.69,6.24,15.09,8.84,0.0,0.0,0.52,33.33,12,1,173,1.04,0.0,2.6,0.52,18.21,1.04,3.64,28.0,2.08,25.0,1.56,33.33
533,1495856,La Liga,Osasuna,Iñigo Arguibide,Defender,6.45,0.0,0.0,0.0,0.0,0.0,0.0,0.0,0.0,0.0,0.0,0.0,0.0,0.0,0.0,0.0,0.0,0.0,0.0,0.0,0.0,0.0,0.0,0.0,1.38,0.92,3.21,0.46,0.46,0.0,0.0,0.0,0.0,0.0,0.0,0.0,0.0,0.46,17.45,11.02,6.43,63.16,5.05,5.97,2.3,0.46,20.0,0.92,18.18,6,2,196,0.0,0.46,1.38,0.0,13.78,0.92,1.38,23.08,1.38,27.27,0.0,0.0
534,146852,La Liga,Mallorca,Abdón Prats,Forward,6.45,0.0,0.5,0.65,1.96,0.65,0.0,0.0,0.65,50.0,0.0,0.0,0.0,0.0,0.0,0.0,0.0,0.0,0.0,0.0,0.0,0.0,0.0,0.0,0.0,0.0,0.65,0.0,2.61,0.0,0.0,0.0,0.0,0.0,0.0,0.0,0.0,1.3,15.65,10.43,5.22,66.67,2.61,7.83,3.91,0.0,0.0,0.0,0.0,14,0,138,0.0,0.0,1.3,1.96,11.74,1.3,5.87,34.62,2.61,30.77,3.26,38.46
536,831510,La Liga,Getafe,Veljko Birmančević,Forward,6.45,0.0,0.06,0.0,1.25,0.62,0.0,0.0,1.25,50.0,0.0,0.0,0.0,0.0,0.0,0.0,1.88,0.0,0.0,0.0,0.0,0.0,0.0,0.0,0.0,1.25,1.25,0.62,1.88,0.0,0.0,0.0,0.0,0.0,0.0,0.0,0.0,1.25,23.12,13.75,9.38,59.46,5.0,8.75,5.62,0.62,50.0,0.62,16.67,6,1,144,0.0,0.0,1.88,1.88,15.62,1.25,3.75,25.0,3.12,35.71,0.62,10.0
537,315916,La Liga,Valencia,Renzo Saravia,Defender,6.44,0.0,0.01,0.0,0.25,0.0,0.25,0.0,0.51,40.0,0.0,0.0,0.0,0.0,0.0,0.0,0.0,0.0,0.0,0.0,0.0,0.0,0.0,0.0,2.04,1.78,2.55,0.0,1.53,0.0,0.0,0.25,0.0,0.0,0.0,0.0,0.0,0.25,37.99,31.36,6.63,82.55,18.36,13.0,5.86,0.0,0.0,0.76,23.08,5,4,353,0.51,0.0,1.02,2.55,9.94,0.51,5.86,52.27,5.1,57.14,0.76,33.33
538,1087476,La Liga,Getafe,Abu Kamara,Midfielder,6.44,0.0,0.16,0.34,1.36,0.34,0.68,0.0,0.68,22.22,0.0,0.0,0.0,0.0,0.0,0.0,0.68,0.0,0.0,0.0,0.0,0.0,0.0,0.0,1.36,0.68,0.34,0.34,1.36,0.0,0.0,0.0,0.0,0.0,0.0,0.0,0.0,1.02,25.91,17.73,8.18,68.42,4.43,13.3,7.16,0.0,0.0,0.68,66.67,12,1,264,0.34,0.0,0.68,1.36,18.41,2.05,4.43,35.14,3.41,35.71,1.02,33.33
539,885664,La Liga,Real Oviedo,Luka Ilić,Midfielder,6.44,0.12,0.09,0.37,1.11,0.62,0.49,11.11,0.37,25.0,0.12,0.0,0.0,0.0,0.12,0.0,0.25,0.0,0.0,0.0,0.0,0.0,0.0,0.0,1.23,0.62,0.99,0.37,1.85,0.0,0.0,0.0,0.0,0.0,0.0,0.0,0.0,0.37,27.9,22.35,5.56,80.09,9.88,12.47,6.42,0.12,14.29,1.36,52.38,18,8,729,0.25,0.12,1.98,0.86,10.99,1.36,3.21,30.95,2.47,28.57,0.74,42.86
541,826013,La Liga,Girona FC,Abel Ruíz,Forward,6.43,0.0,0.12,0.0,2.32,0.46,0.46,0.0,0.46,100.0,0.0,0.0,0.0,0.0,0.0,0.0,0.46,0.0,0.0,0.0,0.0,0.0,0.0,0.0,0.46,0.46,0.0,0.0,0.46,0.0,0.0,0.0,0.0,0.0,0.0,0.0,0.0,0.93,16.7,12.99,3.71,77.78,2.78,10.21,6.96,0.0,0.0,0.46,100.0,9,0,194,0.0,0.0,0.93,0.46,8.35,0.46,3.25,35.0,1.39,42.86,1.86,30.77
542,1099175,La Liga,Real Sociedad,Jon Karrikaburu,Forward,6.43,0.0,0.6,1.32,4.63,1.32,1.99,0.0,0.0,0.0,0.0,0.0,0.0,0.0,0.0,0.0,1.32,0.0,0.0,0.0,0.0,0.0,0.0,0.0,1.32,0.0,0.0,0.0,0.66,0.0,0.0,0.0,0.0,0.0,0.0,0.0,0.0,0.66,11.25,6.62,4.63,58.82,2.65,3.97,2.65,0.0,0.0,0.0,0.0,7,0,136,0.0,0.0,1.99,2.65,11.91,0.0,5.96,39.13,2.65,44.44,3.31,35.71
543,857229,La Liga,Real Oviedo,Oier Luengo,Defender,6.43,0.0,0.02,0.0,0.4,0.0,0.4,0.0,0.0,0.0,0.0,0.0,0.0,0.0,0.0,0.0,0.0,0.0,0.0,0.0,0.0,0.0,0.0,0.0,2.4,0.8,2.0,0.8,0.0,0.0,0.0,0.0,0.0,0.0,0.0,0.4,0.0,0.4,35.2,31.2,4.0,88.64,28.4,2.8,0.4,0.0,0.0,0.8,25.0,3,3,225,0.4,0.0,0.8,0.4,4.4,0.0,3.6,56.25,2.8,77.78,0.8,28.57
544,909554,La Liga,Levante UD,Roger Brugué,Midfielder,6.42,0.09,0.3,0.54,2.5,0.8,1.25,3.57,0.8,37.5,0.09,0.0,0.09,0.0,0.0,0.27,0.54,0.0,0.0,0.0,0.0,0.0,0.0,0.0,0.98,0.36,1.7,0.09,0.89,0.0,0.27,0.0,0.0,0.09,0.18,0.09,0.0,0.71,21.81,17.96,3.84,82.38,6.97,10.99,5.81,0.54,54.55,0.27,37.5,19,10,1007,0.09,0.09,0.98,0.71,9.83,1.61,3.66,34.75,2.5,34.15,1.16,36.11
545,1211632,La Liga,Real Sociedad,Wesley,Midfielder,6.42,0.0,0.02,0.0,0.99,0.0,0.0,0.0,2.97,60.0,0.0,0.0,0.0,0.0,0.0,0.0,0.0,0.0,0.0,0.0,0.0,0.0,0.0,0.0,0.0,0.0,0.99,0.0,0.0,0.0,0.0,0.0,0.0,0.0,0.0,0.0,0.0,0.0,29.67,20.77,8.9,70.0,4.95,15.82,8.9,0.0,0.0,2.97,60.0,5,1,91,0.0,0.0,2.97,0.99,23.74,3.96,5.93,37.5,3.96,33.33,1.98,50.0
547,985262,La Liga,Deportivo Alavés,Moussa Diarra,Defender,6.4,0.0,0.0,0.0,0.0,0.0,0.0,0.0,0.41,25.0,0.0,0.0,0.0,0.0,0.0,0.0,0.0,0.0,0.0,0.0,0.0,0.0,0.0,0.0,2.47,0.41,2.47,0.0,1.64,0.0,0.0,0.0,0.0,0.0,0.0,0.0,0.0,0.41,26.3,16.85,9.45,64.06,7.81,9.04,3.7,0.41,100.0,1.23,33.33,3,3,219,0.41,0.0,1.64,0.41,16.85,0.82,5.34,48.15,3.29,38.1,2.05,83.33
550,1414932,La Liga,Atlético Madrid,Dani Martinez,Defender,6.4,0.0,0.0,0.0,0.0,0.0,0.0,0.0,0.0,0.0,0.0,0.0,0.0,0.0,0.0,0.0,0.0,0.0,0.0,0.0,0.0,0.0,0.0,0.0,1.0,1.0,2.0,1.0,0.0,0.0,0.0,1.0,0.0,0.0,0.0,0.0,0.0,0.0,86.0,77.0,9.0,89.53,44.0,33.0,1.0,0.0,0.0,1.0,16.67,1,1,90,0.0,0.0,1.0,0.0,11.0,1.0,1.0,33.33,1.0,33.33,0.0,0.0
558,857065,La Liga,Real Oviedo,Horațiu Moldovan,Goalkeeper,6.4,0.0,0.0,0.0,0.0,0.0,0.0,0.0,0.0,0.0,0.0,0.0,0.0,0.0,0.0,0.0,0.0,0.0,0.0,0.0,0.0,0.0,0.0,0.0,0.0,0.0,1.0,0.0,0.0,0.0,0.0,0.0,0.0,0.0,0.0,0.0,0.0,0.0,35.0,30.0,5.0,85.71,26.0,4.0,1.0,0.0,0.0,1.0,16.67,1,1,90,0.0,0.0,0.0,0.0,5.0,0.0,0.0,0.0,0.0,0.0,0.0,0.0
560,1918369,La Liga,Getafe,Davinchi,Defender,6.39,0.0,0.03,0.0,0.52,0.26,0.13,0.0,1.29,52.63,0.0,0.0,0.0,0.0,0.0,0.0,0.0,0.0,0.0,0.0,0.0,0.0,0.0,0.0,3.36,0.77,2.84,0.13,0.77,0.0,0.13,0.0,0.0,0.13,0.0,0.0,0.0,0.39,27.25,15.88,11.36,58.29,5.94,9.94,5.04,0.39,15.79,0.9,18.42,13,7,697,0.26,0.0,3.49,0.26,19.76,1.16,6.07,44.34,4.91,43.18,1.16,50.0
561,2237795,La Liga,Real Madrid,Thiago Pitarch,Midfielder,6.39,0.0,0.04,0.0,0.71,0.18,0.18,0.0,0.89,45.45,0.0,0.0,0.0,0.0,0.0,0.0,0.36,0.0,0.0,0.0,0.0,0.0,0.0,0.0,1.78,1.07,0.89,0.0,3.56,0.0,0.53,0.0,0.0,0.0,0.18,0.0,0.0,0.71,56.92,51.23,5.69,90.0,21.88,29.35,11.74,0.0,0.0,1.96,64.71,9,7,506,0.18,0.0,1.96,0.71,9.6,1.07,3.56,29.41,3.38,31.15,0.18,14.29
562,1131581,La Liga,Rayo Vallecano,Carlos Martín,Forward,6.39,0.0,0.25,0.21,1.68,0.63,0.42,0.0,0.84,80.0,0.0,0.0,0.0,0.0,0.0,0.0,0.0,0.0,0.0,0.0,0.0,0.0,0.0,0.0,2.31,0.0,0.84,0.42,2.73,0.0,0.0,0.0,0.0,0.0,0.21,0.0,0.0,0.63,21.19,17.62,3.57,83.17,8.6,9.02,5.66,0.21,12.5,0.21,25.0,10,6,429,0.21,0.0,2.1,1.05,10.07,1.05,5.24,39.68,3.99,39.58,1.26,40.0
563,151138,La Liga,Valencia,Dimitri Foulquier,Defender,6.38,0.0,0.04,0.0,0.47,0.08,0.31,0.0,0.78,50.0,0.0,0.0,0.0,0.0,0.0,0.0,0.0,0.0,0.0,0.0,0.0,0.0,0.0,0.0,1.17,0.62,3.11,0.08,0.23,0.0,0.08,0.08,0.0,0.23,0.0,0.0,0.0,0.47,40.29,34.15,6.15,84.75,22.32,11.82,5.45,0.31,33.33,1.4,42.86,15,12,1157,0.08,0.0,1.24,0.54,10.58,0.47,3.34,47.25,2.49,48.48,0.86,44.0
564,175753,La Liga,Deportivo Alavés,Mariano Díaz,Forward,6.36,0.0,0.07,0.0,1.83,0.92,0.61,0.0,0.31,50.0,0.0,0.0,0.0,0.0,0.0,0.0,1.83,0.0,0.0,0.0,0.0,0.0,0.0,0.0,1.22,0.0,0.61,0.31,0.0,0.0,0.0,0.0,0.0,0.0,0.61,0.0,0.0,0.61,13.12,8.54,4.58,65.12,2.14,6.41,4.27,0.0,0.0,0.0,0.0,10,3,295,0.31,0.0,3.97,0.0,11.9,1.83,5.19,29.82,1.53,21.74,3.66,35.29
565,1807070,La Liga,Levante UD,Jorge Cabello,Defender,6.36,0.0,0.0,0.0,0.0,0.0,0.0,0.0,0.49,100.0,0.0,0.0,0.0,0.0,0.0,0.0,0.0,0.0,0.0,0.0,0.0,0.0,0.0,0.0,1.73,0.0,5.44,0.99,0.25,0.25,0.25,0.0,0.0,0.0,0.0,0.0,0.0,0.0,30.41,26.21,4.2,86.18,19.29,6.92,1.73,0.0,0.0,1.73,43.75,5,4,364,0.25,0.0,0.74,0.74,4.45,0.0,4.45,60.0,2.97,75.0,1.48,42.86
568,1587199,La Liga,Real Oviedo,Pablo Agudín,Midfielder,6.35,0.0,0.04,0.0,1.94,0.0,0.97,0.0,0.97,100.0,0.0,0.0,0.0,0.0,0.0,0.0,0.0,0.0,0.0,0.0,0.0,0.0,0.0,0.0,0.97,0.0,1.94,0.0,1.94,0.0,0.0,0.97,0.0,0.0,0.0,0.0,0.0,0.0,19.35,10.65,8.71,55.0,4.84,5.81,1.94,0.0,0.0,0.0,0.0,7,0,93,0.0,0.0,3.87,0.97,22.26,2.9,4.84,33.33,2.9,25.0,1.94,66.67
569,1068891,La Liga,Espanyol,Jose Salinas,Defender,6.35,0.0,0.05,0.34,0.34,0.0,0.0,0.0,1.01,75.0,0.0,0.0,0.0,0.0,0.0,0.0,0.0,0.0,0.0,0.0,0.0,0.0,0.0,0.0,0.67,1.01,1.68,0.67,0.67,0.0,0.0,0.0,0.34,0.0,0.0,0.0,0.0,1.68,37.61,31.57,6.04,83.93,16.46,15.11,5.71,0.34,14.29,0.0,0.0,11,2,268,0.67,0.0,2.69,1.34,12.09,0.34,4.03,40.0,3.02,42.86,1.01,33.33
570,1090681,La Liga,Sevilla,Ramón Martínez,Defender,6.35,0.0,0.0,0.0,0.0,0.0,0.0,0.0,0.0,0.0,0.0,0.0,0.0,0.0,0.0,0.0,0.0,0.0,0.0,0.0,0.0,0.0,0.0,0.0,0.0,0.9,1.8,0.0,0.9,0.0,0.0,0.0,0.0,0.0,0.0,0.0,0.0,0.0,57.6,51.3,6.3,89.06,36.0,15.3,1.8,0.0,0.0,6.3,70.0,2,0,100,0.0,0.0,0.9,0.9,8.1,0.9,1.8,33.33,0.9,25.0,0.9,50.0
571,855837,La Liga,Levante UD,Diego Pampín,Defender,6.34,0.0,0.04,0.0,0.51,0.0,0.17,0.0,1.01,85.71,0.0,0.0,0.0,0.0,0.0,0.0,0.0,0.0,0.0,0.0,0.0,0.0,0.0,0.0,1.85,1.01,3.37,0.0,1.52,0.0,0.17,0.0,0.0,0.0,0.0,0.0,0.0,0.51,45.51,38.93,6.57,85.56,24.94,13.99,5.73,0.51,21.43,1.35,40.0,8,6,534,0.51,0.0,1.35,1.18,11.97,0.67,4.89,51.79,3.88,51.11,1.01,54.55
572,796320,La Liga,Celta Vigo,Joseph Aidoo,Defender,6.33,0.0,0.03,0.28,0.28,0.0,0.28,0.0,0.14,100.0,0.0,0.0,0.0,0.0,0.0,0.0,0.0,0.0,0.0,0.0,0.0,0.0,0.0,0.0,0.99,1.27,5.92,0.28,0.14,0.14,0.28,0.28,0.0,0.14,0.0,0.0,0.0,0.0,55.07,51.27,3.8,93.09,34.79,16.48,2.68,0.0,0.0,1.41,55.56,8,7,639,0.0,0.0,0.7,0.14,4.65,0.14,2.96,53.85,1.27,60.0,1.69,50.0
573,849731,La Liga,Elche,Bambo Diaby,Defender,6.3,0.0,0.0,0.0,0.0,0.0,0.0,0.0,0.0,0.0,0.0,0.0,0.0,0.0,0.0,0.0,0.0,0.0,0.0,0.0,0.0,0.0,0.0,0.0,0.0,0.84,3.36,0.0,2.52,0.0,0.0,0.0,0.0,0.0,0.0,0.0,0.0,0.0,52.15,49.63,2.52,95.16,36.17,13.46,2.52,0.0,0.0,1.68,100.0,4,1,107,0.84,0.0,2.52,2.52,4.21,0.0,4.21,33.33,2.52,37.5,1.68,28.57
576,1516812,La Liga,Elche,Ali Houary,Midfielder,6.3,0.0,0.05,0.0,1.44,0.0,0.72,0.0,0.72,33.33,0.0,0.0,0.0,0.0,0.0,0.0,0.0,0.0,0.0,0.0,0.0,0.0,0.0,0.0,2.88,0.72,0.72,0.0,1.44,0.0,0.0,0.0,0.0,0.0,0.0,0.0,0.0,0.0,38.16,33.84,4.32,88.68,15.12,18.72,7.92,0.0,0.0,0.72,50.0,2,2,125,0.0,0.0,5.04,1.44,12.96,2.88,5.04,31.82,5.04,31.82,0.0,0.0
578,801837,La Liga,Athletic Club,Íñigo Lekue,Defender,6.29,0.0,0.02,0.0,0.47,0.16,0.0,0.0,0.95,35.29,0.0,0.0,0.0,0.0,0.0,0.0,0.0,0.0,0.0,0.0,0.0,0.0,0.0,0.0,2.37,0.63,2.68,0.0,0.79,0.16,0.16,0.16,0.0,0.16,0.0,0.0,0.0,0.16,38.37,29.37,9.0,76.54,16.58,12.79,6.16,0.47,16.67,2.68,42.5,10,8,570,0.32,0.32,1.74,0.0,16.11,0.79,3.47,33.33,3.32,39.62,0.16,7.69
581,1179148,La Liga,Atlético Madrid,Rayane Belaid,Midfielder,6.1,0.0,0.37,0.67,2.69,0.0,2.01,0.0,1.34,28.57,0.0,0.0,0.0,0.0,0.0,0.0,0.67,0.0,0.0,0.0,0.0,0.0,0.0,0.0,1.34,0.0,1.34,0.0,2.69,0.0,0.0,0.0,0.0,0.0,0.0,0.0,0.0,1.34,20.15,18.13,2.01,90.0,7.39,10.75,5.37,0.0,0.0,0.0,0.0,2,2,134,0.0,0.0,0.67,0.67,11.42,2.01,4.03,26.09,3.36,27.78,0.67,20.0
583,2269442,La Liga,Mallorca,Luis Orejuela,Defender,6.1,0.0,0.05,0.0,1.0,0.0,1.0,0.0,1.0,100.0,0.0,0.0,0.0,0.0,0.0,0.0,0.0,0.0,0.0,0.0,0.0,0.0,0.0,0.0,0.0,1.0,3.0,0.0,0.0,0.0,0.0,0.0,0.0,0.0,0.0,0.0,0.0,0.0,32.0,30.0,2.0,93.75,17.0,13.0,6.0,0.0,0.0,2.0,66.67,1,1,90,0.0,0.0,1.0,4.0,11.0,1.0,6.0,46.15,5.0,83.33,1.0,14.29
585,856250,La Liga,Girona FC,Ladislav Krejčí,Defender,5.7,0.0,0.06,0.0,0.5,0.0,0.5,0.0,0.0,0.0,0.0,0.0,0.0,0.0,0.0,0.0,0.0,0.0,0.0,0.0,0.0,0.0,0.0,0.0,1.0,0.5,0.5,0.0,0.5,0.0,0.0,0.0,0.0,0.0,0.0,0.0,0.0,0.0,52.0,46.0,6.0,88.46,32.5,13.5,2.5,0.0,0.0,1.0,22.22,2,2,180,0.5,0.0,1.0,0.0,6.5,0.0,2.5,45.45,1.0,40.0,1.5,50.0
