#,Player ID,League,Team,Name,Position,Sofascore Rating,Goals,xG,Big chances missed,Total shots,Shots on target,Shots off target,Goal conversion %,Succ. dribbles,Succ. dribbles %,Goals inside box,Goals outside box,Headed goals,Left-footed goals,Right-footed goals,Hit woodwork,Offsides,Penalties won,Penalties taken,Penalty goals,Penalty conversion %,Free kick goals,Shots from set piece,Set piece conv. %,Tackles,Interceptions,Clearances,Blocked shots,Dribbled past,Errors leading to goal,Errors leading to shot,Penalties committed,Own goals,Clean sheets,Big chances created,Assists,Passes to assist,Key passes,Total passes,Accurate passes,Inaccurate passes,Accurate passes %,Passes in own half,Passes in opp. half,Acc. final third passes,Accurate crosses,Accurate crosses %,Accurate long balls,Accurate long balls %,Appearances,Started,Minutes played,Yellow cards,Red cards,Fouls,Was fouled,Possession lost,Dispossessed,Total duels won,Total duels won %,Ground duels won,Ground duels won %,Aerial duels won,Aerial duels won %
1,1402912,La Liga,FC Barcelona,Lamine Yamal,Midfielder,7.93,16,12.81,7,117,37,48,13.68,133,54.73,14,2,0,14,2,4,14,2,4,3,75.0,0,4,0.0,35,10,3,0,11,0,0,0,0,6,26,11,1,73,1349,1094,255,81.1,215,879,569,23,28.05,32,47.06,28,26,2268,1,0,28,52,569,40,220,53.14,220,53.79,0,0.0
2,1085579,La Liga,Levante UD,Pablo Cuñat,Goalkeeper,7.75,0,0.0,0,0,0,0,0.0,0,0.0,0,0,0,0,0,0,0,0,0,0,0.0,0,0,0.0,0,0,6,0,0,0,0,0,0,0,0,0,0,0,57,29,28,50.88,20,9,3,0,0.0,15,35.71,2,2,180,0,0,0,0,28,0,2,100.0,0,0.0,2,100.0
3,1464652,La Liga,FC Barcelona,Álvaro Cortés,Defender,7.6,0,0.0,0,0,0,0,0.0,1,100.0,0,0,0,0,0,0,0,0,0,0,0.0,0,0,0.0,1,1,5,1,0,0,0,0,0,0,0,0,0,0,92,87,5,94.57,50,37,9,0,0.0,5,62.5,1,1,90,0,0,0,1,7,1,7,53.85,3,75.0,4,44.44
4,99516,La Liga,Osasuna,Aitor Fernández,Goalkeeper,7.6,0,0.0,0,0,0,0,0.0,1,100.0,0,0,0,0,0,0,0,0,0,0,0.0,0,0,0.0,0,0,1,0,0,0,0,0,0,0,0,0,0,0,51,31,20,60.78,20,11,1,0,0.0,16,44.44,2,1,136,2,0,0,0,20,0,1,100.0,1,100.0,0,0.0
5,992587,La Liga,FC Barcelona,Pedri,Midfielder,7.56,2,1.57,4,21,10,6,9.52,37,67.27,1,1,0,1,1,0,1,0,0,0,0.0,0,0,0.0,50,24,23,2,31,0,1,0,0,4,8,9,1,64,2055,1882,173,91.58,603,1279,664,5,38.46,94,68.61,29,23,2107,0,1,9,43,266,29,140,61.14,130,59.91,10,83.33
6,826643,La Liga,Real Madrid,Kylian Mbappé,Forward,7.54,24,23.69,20,141,61,44,17.02,77,52.38,19,5,0,2,22,3,34,4,9,8,88.89,0,6,0.0,4,2,0,0,8,0,0,0,0,8,8,5,0,65,959,832,127,86.76,138,694,495,6,22.22,32,80.0,30,28,2514,4,0,13,34,335,41,122,48.22,115,47.33,7,70.0
7,831005,La Liga,FC Barcelona,Raphinha,Midfielder,7.51,13,10.36,6,65,24,25,20.0,21,51.22,10,3,1,10,2,5,4,1,3,3,100.0,1,4,25.0,15,5,11,1,14,0,0,0,0,3,11,3,2,43,639,519,120,81.22,129,390,249,19,25.68,27,57.45,22,18,1388,5,0,10,10,248,13,49,44.95,46,45.1,3,42.86
8,1544428,La Liga,Atlético Madrid,Iker Luque,Midfielder,7.5,1,0.4,1,3,2,1,33.33,0,0.0,0,1,0,0,1,0,0,0,0,0,0.0,0,0,0.0,1,0,0,0,0,0,0,0,0,0,0,0,0,0,7,6,1,85.71,1,5,3,0,0.0,0,0.0,1,0,27,0,0,2,0,4,1,2,33.33,1,25.0,1,50.0
9,868812,La Liga,Real Madrid,Vinicius Júnior,Forward,7.5,16,13.65,13,101,46,29,15.84,87,44.62,14,2,0,2,14,4,13,4,5,4,80.0,0,0,0.0,29,2,1,0,13,0,1,0,0,4,7,5,0,70,1129,939,190,83.17,127,812,555,9,14.75,38,64.41,36,32,2825,8,0,38,81,511,44,197,48.88,197,49.62,0,0.0
10,965832,La Liga,Rayo Vallecano,Dani Cárdenas,Goalkeeper,7.43,0,0.0,0,0,0,0,0.0,0,0.0,0,0,0,0,0,0,0,0,0,0,0.0,0,0,0.0,1,0,8,0,0,0,0,0,0,1,0,0,0,0,93,61,32,65.59,48,13,4,0,0.0,23,41.82,3,3,270,0,0,0,0,34,0,1,100.0,1,100.0,0,0.0
11,556884,La Liga,Elche,Matías Dituro,Goalkeeper,7.4,0,0.0,0,0,0,0,0.0,0,0.0,0,0,0,0,0,0,0,0,0,0,0.0,0,0,0.0,0,1,23,0,5,1,3,0,0,4,0,0,1,3,1127,858,269,76.13,680,178,53,0,0.0,263,50.87,21,21,1890,1,0,0,7,275,0,18,78.26,6,54.55,12,100.0
12,930267,La Liga,FC Barcelona,Joan García,Goalkeeper,7.34,0,0.0,0,0,0,0,0.0,1,100.0,0,0,0,0,0,0,0,0,0,0,0.0,0,0,0.0,6,3,40,0,0,1,0,0,0,15,0,0,0,0,856,768,88,89.72,742,26,4,0,0.0,88,51.16,30,30,2700,1,0,0,4,93,1,18,94.74,11,91.67,7,100.0
13,831808,La Liga,Real Madrid,Federico Valverde,Midfielder,7.31,5,2.87,1,50,21,19,10.0,22,62.86,2,3,0,0,5,1,1,0,0,0,0.0,0,4,0.0,41,23,50,8,11,1,1,0,0,10,8,8,0,43,1809,1627,182,89.94,555,1072,570,7,23.33,64,60.95,32,30,2656,3,1,18,13,255,8,98,60.87,76,60.32,22,62.86
14,1176744,La Liga,Real Madrid,Dean Huijsen,Defender,7.31,2,2.26,2,20,5,11,10.0,2,100.0,2,0,1,0,1,0,1,0,0,0,0.0,0,0,0.0,31,19,129,17,6,0,3,1,0,7,1,2,0,10,1643,1477,166,89.9,747,730,253,0,0.0,113,64.57,27,24,2017,7,1,21,13,177,2,96,61.94,46,63.89,50,60.24
15,795222,La Liga,FC Barcelona,Frenkie de Jong,Midfielder,7.3,1,1.17,0,7,2,3,14.29,5,71.43,1,0,0,0,1,0,2,0,0,0,0.0,0,0,0.0,45,17,15,4,10,0,0,0,0,5,9,5,0,35,1478,1391,87,94.11,432,959,460,4,66.67,45,81.82,24,16,1609,4,1,10,27,122,12,85,66.93,77,69.37,8,50.0
16,1011375,La Liga,Real Betis,Abdessamad Ezzalzouli,Midfielder,7.28,9,8.44,8,72,25,27,12.5,39,46.43,8,1,0,2,7,4,4,1,0,0,0.0,0,3,0.0,52,16,13,1,25,0,1,0,0,3,11,8,0,29,768,608,160,79.17,165,443,254,8,14.55,14,60.87,28,25,2175,3,0,26,69,377,40,190,52.34,160,55.17,30,41.1
17,822519,La Liga,Real Madrid,Éder Militão,Defender,7.27,2,1.78,1,21,9,9,9.52,3,50.0,1,1,1,0,1,1,0,0,0,0,0.0,0,0,0.0,23,11,52,12,3,0,1,0,0,4,2,1,0,8,767,697,70,90.87,400,297,87,0,0.0,43,53.09,16,14,1141,2,0,15,13,85,1,65,61.32,39,66.1,26,55.32
18,991421,La Liga,Girona FC,Azzedine Ounahi,Midfielder,7.27,5,3.35,0,50,18,16,10.0,68,52.31,4,1,0,0,5,1,0,1,1,1,100.0,0,2,0.0,23,16,9,1,22,0,0,0,0,1,11,2,1,34,878,758,120,86.33,217,541,361,10,27.03,26,59.09,23,19,1676,7,0,18,58,330,38,153,51.34,148,51.39,5,50.0
19,134029,La Liga,Levante UD,Mathew Ryan,Goalkeeper,7.25,0,0.16,0,2,0,1,0.0,0,0.0,0,0,0,0,0,0,0,0,0,0,0.0,0,0,0.0,2,1,42,0,1,0,1,0,0,9,0,0,0,0,1124,792,332,70.46,625,167,53,0,0.0,276,46.08,35,35,3150,4,0,0,1,338,0,20,90.91,4,80.0,16,94.12
20,991011,La Liga,Real Madrid,Jude Bellingham,Midfielder,7.24,5,7.06,8,49,24,6,10.2,36,55.38,4,1,1,1,3,0,3,0,0,0,0.0,0,0,0.0,51,13,17,2,12,0,0,0,0,7,4,4,0,36,1122,999,123,89.04,334,665,354,4,25.0,67,78.82,27,21,1843,2,0,30,51,240,32,172,58.5,137,58.3,35,59.32
21,368922,La Liga,Real Oviedo,Aarón Escandell,Goalkeeper,7.24,0,0.0,0,0,0,0,0.0,2,100.0,0,0,0,0,0,0,0,0,0,0,0.0,0,0,0.0,0,0,49,0,0,2,2,0,0,10,1,1,0,2,1242,821,421,66.1,618,203,47,0,0.0,299,42.23,36,36,3240,3,0,1,8,432,0,14,100.0,9,100.0,5,100.0
22,859025,La Liga,Real Madrid,Aurélien Tchouaméni,Midfielder,7.23,1,2.66,4,45,7,23,2.22,3,30.0,1,0,0,0,1,0,0,0,0,0,0.0,0,0,0.0,68,47,55,13,16,0,2,0,0,8,4,0,0,25,1913,1751,162,91.53,708,1043,428,1,14.29,66,61.68,33,31,2622,8,0,31,27,204,5,170,68.0,98,63.23,72,75.79
23,593526,La Liga,Villarreal,Nicolas Pépé,Forward,7.21,8,8.15,7,59,24,17,13.56,59,48.36,8,0,0,8,0,3,14,2,1,1,100.0,0,1,0.0,31,15,24,1,22,0,0,0,0,3,12,6,3,55,826,678,148,82.08,215,463,318,23,32.39,17,53.13,35,25,2306,4,0,23,41,388,43,147,45.79,130,46.59,17,40.48
24,1884145,La Liga,Getafe,Christantus Uche,Forward,7.2,1,1.42,1,6,1,3,16.67,6,40.0,1,0,0,1,0,0,1,0,0,0,0.0,0,0,0.0,2,0,2,0,0,0,0,0,0,1,1,1,0,4,43,27,16,62.79,4,23,18,1,100.0,1,25.0,3,3,270,1,0,10,8,55,8,24,41.38,15,35.71,9,56.25
25,958380,La Liga,Real Betis,Antony,Midfielder,7.2,8,8.62,13,85,33,30,9.41,23,43.4,3,5,0,7,1,2,2,0,0,0,0.0,0,0,0.0,37,24,17,1,24,0,1,0,0,2,9,6,0,53,1145,937,208,81.83,270,667,423,15,23.44,20,54.05,31,29,2369,5,1,18,43,360,21,110,51.16,103,53.09,7,33.33
26,823631,La Liga,Sevilla,Dodi Lukebakio,Midfielder,7.2,1,0.08,0,2,1,1,50.0,1,33.33,0,1,0,1,0,1,0,0,0,0,0.0,0,0,0.0,0,1,0,0,1,0,0,0,0,0,1,0,0,9,72,62,10,86.11,18,44,25,5,50.0,5,71.43,2,2,180,0,0,3,3,30,2,4,36.36,4,36.36,0,0.0
27,1091116,La Liga,Real Madrid,Arda Güler,Midfielder,7.19,4,4.57,3,49,19,16,8.16,27,62.79,3,1,1,3,0,0,3,0,0,0,0.0,0,1,0.0,46,9,9,2,21,1,1,1,0,2,14,9,0,70,1341,1216,125,90.68,367,849,517,39,30.23,72,72.73,32,25,2010,1,0,21,32,291,16,109,57.07,105,58.99,4,30.77
28,794949,La Liga,Elche,Iñaki Peña,Goalkeeper,7.19,0,0.0,0,0,0,0,0.0,0,0.0,0,0,0,0,0,0,0,0,0,0,0.0,0,0,0.0,0,0,20,0,5,1,1,0,0,4,1,0,0,3,889,658,231,74.02,575,83,31,0,0.0,118,34.81,16,16,1440,0,0,0,1,236,0,3,37.5,0,0.0,3,100.0
29,604258,La Liga,Getafe,David Soria,Goalkeeper,7.19,0,0.0,0,0,0,0,0.0,0,0.0,0,0,0,0,0,0,0,0,0,0,0.0,0,0,0.0,0,0,35,0,0,3,0,0,0,11,0,0,0,1,1090,485,605,44.5,181,304,86,0,0.0,372,38.15,37,37,3330,2,0,0,3,620,0,5,83.33,2,100.0,3,75.0
30,1402913,La Liga,FC Barcelona,Pau Cubarsí,Defender,7.18,1,0.54,0,10,2,5,10.0,1,100.0,1,0,1,0,0,0,0,0,0,0,0.0,0,0,0.0,42,30,147,12,13,0,2,0,0,11,1,0,0,5,2769,2629,140,94.94,1606,1023,247,0,0.0,71,57.72,31,31,2708,3,0,25,9,153,4,117,60.0,52,57.14,65,62.5
31,609752,La Liga,Valencia,Guido Rodríguez,Midfielder,7.18,3,0.94,0,14,4,8,21.43,9,50.0,3,0,1,0,2,0,0,0,0,0,0.0,0,0,0.0,37,9,39,7,20,0,2,1,0,3,1,0,0,7,682,594,88,87.1,297,297,143,1,50.0,26,50.0,15,13,1218,4,0,16,26,130,17,90,55.21,72,54.96,18,56.25
32,138892,La Liga,FC Barcelona,João Cancelo,Defender,7.16,2,0.5,0,13,4,4,15.38,22,51.16,1,1,0,1,1,1,4,1,0,0,0.0,0,1,0.0,26,10,16,2,15,0,3,0,0,4,6,2,0,15,535,466,69,87.1,215,251,133,10,34.48,14,53.85,15,11,945,1,0,10,13,141,5,68,54.84,61,54.46,7,58.33
33,1094106,La Liga,Atlético Madrid,Marc Pubill,Defender,7.16,0,0.48,0,10,3,6,0.0,4,80.0,0,0,0,0,0,0,1,0,0,0,0.0,0,0,0.0,24,20,85,15,3,0,2,0,0,5,1,1,0,3,872,766,106,87.84,492,274,72,2,25.0,23,37.7,18,14,1337,2,0,16,14,138,5,101,71.13,42,63.64,59,77.63
34,286167,La Liga,Elche,Aleix Febas,Midfielder,7.15,2,2.21,1,23,8,6,8.7,51,57.95,2,0,0,0,2,1,1,0,0,0,0.0,0,0,0.0,73,25,22,4,27,0,2,1,0,7,3,2,0,27,1933,1733,200,89.65,600,1133,586,3,12.0,43,66.15,35,35,3082,10,0,33,109,384,47,238,60.41,232,62.2,6,28.57
35,873189,La Liga,Villarreal,Juan Foyth,Defender,7.15,0,0.12,0,2,0,1,0.0,3,75.0,0,0,0,0,0,0,0,0,0,0,0.0,0,0,0.0,20,16,56,10,1,0,2,0,0,3,0,0,0,0,565,507,58,89.73,353,154,45,1,100.0,31,52.54,13,12,936,2,0,8,1,63,1,33,64.71,24,68.57,9,56.25
36,146866,La Liga,Villarreal,Gerard Moreno,Forward,7.13,10,6.3,3,39,16,11,25.64,17,54.84,8,2,2,7,1,0,6,1,3,3,100.0,0,0,0.0,15,4,17,1,18,0,0,0,0,0,4,0,0,23,568,450,118,79.23,178,272,167,2,18.18,37,67.27,22,16,1350,0,0,14,16,196,18,67,45.27,48,44.44,19,47.5
37,94527,La Liga,Espanyol,Marko Dmitrović,Goalkeeper,7.13,0,0.0,0,0,0,0,0.0,0,0.0,0,0,0,0,0,0,0,0,0,0,0.0,0,0,0.0,3,0,33,0,2,1,2,0,0,10,0,0,0,1,988,534,454,54.05,363,171,71,0,0.0,214,32.13,37,37,3330,0,0,0,5,465,0,15,88.24,7,77.78,8,100.0
38,816763,La Liga,Real Betis,Pablo Fornals,Midfielder,7.11,8,3.73,2,42,17,10,19.05,24,53.33,5,3,1,0,7,1,13,0,0,0,0.0,1,2,50.0,39,34,20,3,38,0,0,0,0,4,10,6,2,84,1721,1490,231,86.58,546,944,515,35,25.18,91,67.41,36,33,2785,2,0,32,26,436,30,103,39.62,88,42.51,15,28.3
39,50490,La Liga,FC Barcelona,Wojciech Szczęsny,Goalkeeper,7.11,0,0.0,0,0,0,0,0.0,0,0.0,0,0,0,0,0,0,0,0,0,0,0.0,0,0,0.0,0,0,11,0,0,0,0,0,0,0,0,0,0,0,203,168,35,82.76,162,6,2,0,0.0,16,32.0,7,7,630,0,0,0,0,40,0,0,0.0,0,0.0,0,0.0
40,876214,La Liga,FC Barcelona,Eric García,Defender,7.11,1,2.92,3,24,7,10,4.17,2,25.0,1,0,0,1,0,0,1,0,0,0,0.0,0,0,0.0,72,46,78,7,23,0,1,1,0,11,3,2,0,30,2276,2098,178,92.18,981,1117,486,1,7.14,67,55.37,33,31,2668,6,0,33,24,235,10,140,56.91,97,58.43,43,53.75
41,2282845,La Liga,Mallorca,Javier Olaizola,Defender,7.1,0,0.0,0,0,0,0,0.0,0,0.0,0,0,0,0,0,0,0,0,0,0,0.0,0,0,0.0,1,0,4,0,0,0,0,0,0,0,0,0,0,0,46,40,6,86.96,22,18,1,1,50.0,4,66.67,1,0,45,0,0,0,1,7,0,4,100.0,2,100.0,2,100.0
42,84539,La Liga,Atlético Madrid,Koke,Midfielder,7.1,2,0.72,0,14,4,5,14.29,3,33.33,1,1,0,0,2,0,0,0,0,0,0.0,0,0,0.0,50,17,24,5,30,0,1,0,0,5,3,2,0,32,1820,1677,143,92.14,787,890,418,12,30.77,95,68.84,33,23,2146,6,0,21,22,216,18,88,49.44,75,50.0,13,46.43
43,69768,La Liga,Atlético Madrid,Jan Oblak,Goalkeeper,7.1,0,0.0,0,0,0,0,0.0,0,0.0,0,0,0,0,0,0,0,0,0,0,0.0,0,0,0.0,0,0,24,0,2,0,0,0,0,11,0,0,0,0,886,650,236,73.36,527,123,16,0,0.0,206,46.82,30,30,2700,0,0,0,4,238,0,8,72.73,3,60.0,5,83.33
44,1521733,La Liga,Girona FC,Vladyslav Krapyvtsov,Goalkeeper,7.1,0,0.0,0,0,0,0,0.0,0,0.0,0,0,0,0,0,0,0,0,0,0,0.0,0,0,0.0,0,0,2,0,0,0,0,0,0,0,0,0,0,0,39,25,14,64.1,21,4,2,0,0.0,8,36.36,2,1,136,0,0,0,1,14,0,1,100.0,1,100.0,0,0.0
45,984624,La Liga,Villarreal,Yéremy Pino,Forward,7.1,0,0.16,0,2,1,1,0.0,0,0.0,0,0,0,0,0,0,0,0,0,0,0.0,0,0,0.0,2,2,2,1,2,0,0,0,0,1,2,1,1,7,88,73,15,82.95,12,61,42,4,33.33,1,33.33,2,2,160,0,0,2,0,33,0,2,20.0,2,25.0,0,0.0
46,857574,La Liga,Real Madrid,Andriy Lunin,Goalkeeper,7.08,0,0.0,0,0,0,0,0.0,0,0.0,0,0,0,0,0,0,0,0,0,0,0.0,0,0,0.0,1,0,3,0,0,0,0,0,0,1,0,0,0,0,209,183,26,87.56,172,11,7,0,0.0,34,57.63,6,6,540,0,1,0,0,27,0,2,100.0,1,100.0,1,100.0
47,548848,La Liga,Real Betis,Pau López,Goalkeeper,7.08,0,0.0,0,0,0,0,0.0,0,0.0,0,0,0,0,0,0,0,0,0,0,0.0,0,0,0.0,1,0,7,0,1,0,1,0,0,2,0,0,0,0,244,187,57,76.64,168,19,3,0,0.0,45,44.12,9,9,810,1,0,0,2,60,0,5,83.33,3,75.0,2,100.0
48,310874,La Liga,Mallorca,Vedat Muriqi,Forward,7.08,22,17.17,17,106,47,40,20.75,16,59.26,21,1,6,10,5,1,15,1,7,5,71.43,0,0,0.0,9,2,56,5,7,0,0,0,0,3,3,1,0,19,677,434,243,64.11,161,273,130,3,37.5,21,70.0,36,35,3044,4,1,40,64,399,44,227,51.95,84,46.93,143,55.43
49,97951,La Liga,Valencia,Stole Dimitrievski,Goalkeeper,7.07,0,0.0,0,0,0,0,0.0,0,0.0,0,0,0,0,0,0,0,0,0,0,0.0,0,0,0.0,1,1,9,0,1,1,1,0,0,5,0,0,0,0,635,389,246,61.26,303,86,29,0,0.0,131,35.22,19,19,1710,1,0,0,4,250,0,11,91.67,4,80.0,7,100.0
50,305278,La Liga,Real Betis,Diego Llorente,Defender,7.06,1,0.8,0,3,2,1,33.33,0,0.0,1,0,0,0,1,0,0,0,0,0,0.0,0,0,0.0,26,28,88,10,5,0,0,0,0,3,0,0,0,1,665,596,69,89.62,439,157,26,0,0.0,24,42.86,17,13,1136,5,0,11,12,77,2,68,61.82,34,66.67,34,57.63
51,1153270,La Liga,FC Barcelona,Fermín López,Midfielder,7.06,6,7.0,7,68,25,30,8.82,44,55.0,4,2,0,2,4,2,5,0,0,0,0.0,0,0,0.0,48,7,6,0,21,0,2,0,0,1,15,9,0,34,890,778,112,87.42,241,537,293,7,17.5,34,64.15,30,19,1797,3,0,34,20,254,20,120,49.18,112,50.68,8,34.78
52,823622,La Liga,Real Sociedad,Mikel Oyarzabal,Forward,7.06,15,15.24,17,79,36,26,18.99,36,59.02,11,4,0,13,2,1,13,0,7,7,100.0,0,2,0.0,29,4,26,3,17,0,2,0,0,2,13,4,0,42,769,593,176,77.11,232,361,233,2,10.53,19,57.58,33,30,2701,3,0,28,41,359,44,142,43.69,105,48.61,37,33.94
53,996903,La Liga,Mallorca,Lucas Bergström,Goalkeeper,7.06,0,0.0,0,0,0,0,0.0,0,0.0,0,0,0,0,0,0,0,0,0,0,0.0,0,0,0.0,0,0,16,0,1,0,0,0,0,2,0,0,0,0,145,78,67,53.79,38,40,13,0,0.0,47,41.59,5,5,450,1,0,0,0,67,0,5,83.33,0,0.0,5,100.0
54,164343,La Liga,Girona FC,Paulo Gazzaniga,Goalkeeper,7.06,0,0.0,0,0,0,0,0.0,0,0.0,0,0,0,0,0,0,0,0,0,0,0.0,0,0,0.0,1,0,42,0,1,3,2,1,0,6,0,0,0,0,1096,735,361,67.06,648,87,22,0,0.0,167,32.3,34,34,3013,4,1,1,5,367,0,12,80.0,5,62.5,7,100.0
55,88528,La Liga,Rayo Vallecano,Florian Lejeune,Defender,7.06,2,2.29,1,50,18,25,4.0,8,80.0,2,0,1,0,1,1,1,0,0,0,0.0,0,18,0.0,66,48,229,27,22,0,2,0,0,11,2,1,0,17,2129,1858,271,87.27,1287,571,173,3,37.5,145,43.81,36,36,3231,7,0,47,14,307,7,169,59.3,87,54.04,82,66.13
56,353250,La Liga,Real Sociedad,Álvaro Odriozola,Defender,7.05,1,0.52,0,1,1,0,100.0,0,0.0,1,0,0,0,1,0,0,1,0,0,0.0,0,0,0.0,5,1,3,2,1,0,0,0,0,0,2,0,0,3,28,24,4,85.71,7,17,8,2,66.67,3,100.0,5,2,202,0,0,1,3,15,1,9,60.0,8,61.54,1,50.0
57,877262,La Liga,Espanyol,Edu Expósito,Midfielder,7.05,1,2.32,3,43,13,18,2.33,33,75.0,0,1,0,1,0,0,2,0,0,0,0.0,0,3,0.0,50,22,33,2,24,0,1,0,0,1,11,6,1,80,967,741,226,76.63,274,467,263,63,24.9,61,42.96,35,31,2452,9,0,27,42,505,40,141,53.01,124,55.36,17,40.48
58,879694,La Liga,Villarreal,Pape Gueye,Midfielder,7.05,4,3.88,4,45,12,24,8.89,15,51.72,2,2,0,3,0,0,2,0,1,1,100.0,0,1,0.0,38,33,55,9,7,2,3,1,0,1,3,2,1,24,1030,827,203,80.29,369,458,239,5,35.71,85,52.15,29,25,2068,8,0,35,54,287,19,131,58.74,107,59.44,24,55.81
59,1094827,La Liga,FC Barcelona,Gerard Martín,Defender,7.04,0,0.2,0,7,4,1,0.0,6,66.67,0,0,0,0,0,0,0,0,0,0,0.0,0,0,0.0,37,27,100,7,10,0,3,0,0,8,1,0,0,13,1844,1683,161,91.27,974,709,272,2,15.38,47,48.96,31,25,2050,6,0,16,7,200,2,93,66.91,50,63.29,43,71.67
60,263651,La Liga,Atlético Madrid,Juan Musso,Goalkeeper,7.04,0,0.0,0,0,0,0,0.0,0,0.0,0,0,0,0,0,0,0,0,0,0,0.0,0,0,0.0,0,0,5,0,0,0,0,0,0,3,0,0,0,0,199,151,48,75.88,136,15,5,0,0.0,36,42.86,7,7,630,2,0,0,3,50,0,5,100.0,1,100.0,4,100.0
61,69408,La Liga,Celta Vigo,Marcos Alonso,Defender,7.03,1,2.15,1,23,3,9,4.35,17,70.83,1,0,0,1,0,0,0,0,1,1,100.0,0,4,0.0,41,27,158,16,16,0,4,2,0,9,3,0,0,13,2297,2069,228,90.07,1213,856,369,6,30.0,132,55.46,31,30,2680,5,0,23,19,297,13,123,58.02,77,57.46,46,58.97
62,1131909,La Liga,Mallorca,Leo Román,Goalkeeper,7.03,0,0.0,0,0,0,0,0.0,1,100.0,0,0,0,0,0,0,0,0,0,0,0.0,0,0,0.0,1,1,30,0,1,2,1,1,0,3,0,0,0,0,1108,803,305,72.47,640,163,42,0,0.0,223,42.72,32,32,2880,4,0,1,2,309,0,7,70.0,3,60.0,4,80.0
63,789071,La Liga,FC Barcelona,Dani Olmo,Midfielder,7.03,7,7.64,9,69,21,30,10.14,16,37.21,6,1,0,2,5,4,6,2,0,0,0.0,0,6,0.0,34,13,22,1,14,0,2,0,0,2,10,8,0,48,1180,1008,172,85.42,323,685,390,6,21.43,40,57.97,32,23,2015,1,0,26,42,286,22,111,52.36,92,50.83,19,61.29
64,913679,La Liga,Rayo Vallecano,Pathé Ismaël Ciss,Midfielder,7.03,2,3.23,6,19,7,10,10.53,9,69.23,2,0,1,0,1,0,2,0,0,0,0.0,0,0,0.0,54,35,77,16,11,0,1,0,0,5,0,0,0,11,1177,1048,129,89.04,638,410,166,1,100.0,89,64.49,28,20,1974,8,2,29,13,167,11,110,57.29,76,58.02,34,55.74
65,880218,La Liga,Real Sociedad,Takefusa Kubo,Midfielder,7.03,2,2.39,2,28,12,6,7.14,37,50.0,1,1,1,1,0,1,12,0,0,0,0.0,0,1,0.0,29,11,10,0,15,0,1,0,0,0,7,4,1,33,489,388,101,79.35,104,284,163,9,22.5,6,40.0,24,17,1508,2,0,9,50,251,17,123,57.75,116,59.79,7,36.84
66,910031,La Liga,Atlético Madrid,Alex Baena,Midfielder,7.02,2,1.93,1,27,7,13,7.41,14,38.89,2,0,0,0,2,1,9,0,0,0,0.0,0,1,0.0,18,16,12,4,10,0,1,0,0,2,13,3,0,46,690,558,132,80.87,210,348,227,34,29.82,23,58.97,26,20,1511,5,0,25,29,291,22,68,41.46,61,44.85,7,25.0
67,1142588,La Liga,Atlético Madrid,Pablo Barrios,Midfielder,7.02,1,1.79,1,23,6,7,4.35,33,61.11,1,0,0,1,0,1,0,0,0,0,0.0,0,0,0.0,30,27,12,2,13,0,4,1,0,6,3,1,0,20,1052,936,116,88.97,342,594,317,10,32.26,45,63.38,23,20,1666,0,0,12,23,227,25,104,55.03,86,54.78,18,56.25
68,1085081,La Liga,Real Madrid,Álvaro Carreras,Defender,7.02,2,0.46,1,9,3,3,22.22,17,51.52,2,0,0,1,1,0,5,1,0,0,0.0,0,0,0.0,41,36,60,7,20,0,2,0,0,11,1,2,1,28,1640,1490,150,90.85,552,938,540,3,9.68,33,47.83,27,25,2250,5,1,21,31,257,20,116,53.21,88,53.33,28,52.83
69,84531,La Liga,Athletic Club,Yuri Berchiche,Defender,7.02,0,0.56,0,24,5,14,0.0,10,47.62,0,0,0,0,0,0,3,0,0,0,0.0,0,0,0.0,43,35,101,3,13,0,2,2,0,5,7,6,0,30,1476,1292,184,87.53,555,737,349,14,21.88,58,56.86,32,31,2709,5,0,26,34,328,16,144,60.5,85,58.22,59,64.13
70,1396048,La Liga,Espanyol,Carlos Romero,Defender,7.02,6,2.68,2,39,11,13,15.38,44,55.7,4,2,0,6,0,0,1,0,0,0,0.0,0,0,0.0,95,39,72,16,32,0,4,1,0,9,5,3,0,26,969,768,201,79.26,364,404,203,17,18.68,49,50.0,35,35,3105,4,0,41,18,442,28,170,53.29,156,54.55,14,42.42
71,973887,La Liga,Real Madrid,Eduardo Camavinga,Midfielder,7.02,1,1.18,0,13,2,8,7.69,13,65.0,1,0,1,0,0,1,2,0,0,0,0.0,0,0,0.0,65,14,24,11,14,1,2,0,0,3,2,0,0,15,1086,997,89,91.8,428,569,291,0,0.0,57,72.15,29,16,1532,2,0,34,31,139,9,119,62.96,109,63.74,10,55.56
72,96365,La Liga,Athletic Club,Iñigo Ruiz de Galarreta,Midfielder,7.02,1,0.71,0,20,2,8,5.0,32,66.67,1,0,0,0,1,0,0,0,0,0,0.0,0,0,0.0,60,21,20,5,22,0,1,0,0,0,6,2,1,31,1217,1008,209,82.83,380,628,340,18,29.51,60,45.45,33,29,2171,9,0,52,40,337,24,157,54.51,132,54.32,25,55.56
73,606346,La Liga,Real Oviedo,Eric Bailly,Defender,7.01,1,0.29,0,4,1,2,25.0,5,71.43,1,0,1,0,0,0,0,0,0,0,0.0,0,0,0.0,11,15,79,17,2,0,0,0,0,4,0,0,0,2,528,452,76,85.61,342,110,27,0,0.0,25,35.71,14,14,1146,3,0,13,7,92,3,60,63.83,23,56.1,37,69.81
74,811629,La Liga,Getafe,Luis Milla,Midfielder,7.01,0,1.16,1,25,2,11,0.0,21,53.85,0,0,0,0,0,0,2,0,0,0,0.0,0,3,0.0,58,42,51,7,36,0,3,0,0,11,12,10,2,79,1354,1055,299,77.92,399,656,340,66,29.86,80,46.51,36,36,3183,4,1,29,43,538,27,171,54.29,121,53.3,50,56.82
75,1097719,La Liga,Sevilla,Kike Salas,Defender,7.01,2,1.55,0,19,8,5,10.53,8,61.54,1,1,0,2,0,0,2,1,0,0,0.0,0,0,0.0,57,36,160,18,16,0,2,0,0,3,0,0,0,7,1320,1059,261,80.23,720,339,122,2,20.0,63,30.29,25,23,2118,1,0,31,19,317,7,172,63.24,78,57.35,94,69.12
76,294377,La Liga,Osasuna,Sergio Herrera,Goalkeeper,7.0,0,0.0,0,0,0,0,0.0,0,0.0,0,0,0,0,0,0,0,0,0,0,0.0,0,0,0.0,0,0,49,0,1,2,1,1,0,7,0,0,0,0,1023,714,309,69.79,572,142,26,0,0.0,217,41.73,36,36,3195,3,1,3,4,320,0,12,80.0,4,66.67,8,88.89
77,984623,La Liga,Villarreal,Rafa Marín,Defender,7.0,1,0.37,0,5,1,4,20.0,1,100.0,1,0,1,0,0,0,3,0,0,0,0.0,0,0,0.0,34,18,134,16,10,0,3,1,1,4,1,0,0,5,1039,935,104,89.99,634,301,87,0,0.0,67,55.37,22,20,1890,1,0,16,7,113,0,80,57.55,42,61.76,38,53.52
78,980732,La Liga,Villarreal,Adrià Altimira,Defender,7.0,0,0.0,0,0,0,0,0.0,0,0.0,0,0,0,0,0,0,0,0,0,0,0.0,0,0,0.0,1,0,0,0,0,0,0,0,0,0,0,0,0,0,8,8,0,100.0,4,4,2,0,0.0,0,0.0,1,0,8,0,0,0,0,0,0,1,100.0,1,100.0,0,0.0
79,826948,La Liga,Valencia,Pepelu,Midfielder,6.99,2,3.57,2,24,3,11,8.33,8,80.0,1,1,0,0,2,1,1,0,3,1,33.33,0,5,0.0,60,21,62,8,15,1,0,0,0,3,1,0,0,21,1352,1171,181,86.61,612,559,248,9,20.0,91,53.22,30,25,2142,4,0,30,14,248,12,111,58.12,82,58.57,29,56.86
80,1066603,La Liga,Villarreal,Luiz Júnior,Goalkeeper,6.99,0,0.0,0,0,0,0,0.0,0,0.0,0,0,0,0,0,0,0,0,0,0,0.0,0,0,0.0,0,1,59,0,1,1,1,2,0,8,0,0,0,0,621,431,190,69.4,368,63,22,0,0.0,111,37.5,28,28,2520,3,0,2,4,193,0,11,73.33,3,50.0,8,88.89
81,353138,La Liga,Atlético Madrid,Marcos Llorente,Defender,6.99,0,1.98,2,18,6,5,0.0,13,54.17,0,0,0,0,0,0,4,0,0,0,0.0,0,0,0.0,58,12,50,2,20,0,0,0,0,6,9,4,0,20,1375,1227,148,89.24,610,617,327,10,21.74,54,58.7,28,24,2094,5,1,27,11,246,8,92,54.12,82,55.41,10,45.45
82,914765,La Liga,Elche,Gonzalo Villar,Midfielder,6.99,1,0.22,0,4,1,1,25.0,9,64.29,1,0,0,1,0,0,0,0,0,0,0.0,0,0,0.0,12,2,6,2,6,0,0,0,0,1,0,0,0,2,372,336,36,90.32,95,241,140,2,18.18,6,54.55,11,7,643,3,0,11,23,67,10,54,58.06,44,57.89,10,58.82
83,997244,La Liga,Levante UD,Adrián de la Fuente,Defender,6.98,3,3.87,4,37,8,11,8.11,7,77.78,2,1,1,0,2,2,1,0,3,1,33.33,0,4,0.0,29,47,177,22,7,0,0,2,1,8,3,1,1,19,1445,1184,261,81.94,788,396,153,12,30.77,175,48.48,32,29,2620,5,0,35,27,334,3,104,58.76,63,57.27,41,61.19
84,815202,La Liga,Celta Vigo,Ionuț Radu,Goalkeeper,6.98,0,0.0,0,0,0,0,0.0,1,100.0,0,0,0,0,0,0,0,0,0,0,0.0,0,0,0.0,0,1,37,0,1,2,0,0,0,9,1,0,0,1,938,638,300,68.02,560,78,39,0,0.0,127,30.09,37,37,3330,2,0,0,7,307,0,11,91.67,4,80.0,7,100.0
85,358910,La Liga,Rayo Vallecano,Augusto Batalla,Goalkeeper,6.98,0,0.0,0,0,0,0,0.0,5,83.33,0,0,0,0,0,0,0,0,0,0,0.0,0,0,0.0,1,0,23,0,4,0,4,1,0,11,0,0,0,2,1258,804,454,63.91,646,158,69,0,0.0,302,40.43,34,34,3060,6,0,1,4,468,0,18,69.23,10,66.67,8,72.73
86,1428699,La Liga,Sevilla,Andres Castrin,Defender,6.98,1,0.43,0,10,3,6,10.0,9,81.82,1,0,0,0,1,0,1,0,0,0,0.0,0,0,0.0,26,20,83,14,8,0,1,0,0,3,0,0,0,2,749,646,103,86.25,468,178,58,0,0.0,48,48.0,19,13,1281,4,0,13,13,118,2,75,61.98,48,66.67,27,55.1
87,1120669,La Liga,Celta Vigo,Hugo Sotelo,Midfielder,6.98,0,0.09,0,2,1,1,0.0,2,50.0,0,0,0,0,0,0,0,0,0,0,0.0,0,1,0.0,30,13,17,9,11,0,1,0,0,0,5,2,0,26,995,918,77,92.26,376,542,266,15,34.09,42,64.62,20,16,1342,3,0,27,14,131,10,49,48.04,45,47.37,4,57.14
88,1085400,La Liga,Athletic Club,Nico Williams,Midfielder,6.98,6,5.37,4,46,16,18,13.04,67,46.21,6,0,0,2,4,2,7,1,2,1,50.0,0,0,0.0,15,7,9,0,19,0,0,0,0,1,5,3,0,34,567,439,128,77.43,133,306,193,17,21.79,8,38.1,25,20,1687,2,0,26,29,386,32,119,42.35,111,42.21,8,44.44
89,832427,La Liga,Real Sociedad,Carlos Soler,Midfielder,6.98,4,2.72,5,35,19,10,11.43,13,65.0,3,1,1,1,2,0,0,0,0,0,0.0,0,1,0.0,36,15,26,9,14,1,0,0,0,1,9,3,0,46,1148,995,153,86.67,418,577,321,25,35.71,58,59.79,32,25,2243,3,1,27,20,241,17,77,50.33,69,51.49,8,42.11
90,831253,La Liga,Deportivo Alavés,Toni Martínez,Forward,6.97,13,10.84,10,90,34,40,14.44,17,42.5,11,2,4,1,8,2,13,2,1,1,100.0,0,2,0.0,27,4,37,2,7,0,1,0,0,1,6,3,0,24,656,385,271,58.69,129,256,140,4,26.67,10,32.26,36,31,2635,2,0,45,35,400,35,252,51.12,77,42.08,175,56.45
91,964983,La Liga,Real Betis,Álvaro Valles,Goalkeeper,6.97,0,0.0,0,0,0,0,0.0,1,100.0,0,0,0,0,0,0,0,0,0,0,0.0,0,0,0.0,0,1,39,0,4,1,2,0,0,8,0,0,0,0,859,617,242,71.83,551,66,22,0,0.0,146,38.42,28,28,2520,1,0,0,4,254,0,11,73.33,6,60.0,5,100.0
92,1137814,La Liga,Real Betis,Sergi Altimira,Midfielder,6.97,1,0.34,0,7,3,2,14.29,4,57.14,1,0,0,1,0,0,0,0,0,0,0.0,0,0,0.0,51,21,20,4,18,0,0,0,0,2,0,2,0,11,768,700,68,91.15,346,354,124,2,66.67,34,77.27,24,13,1198,3,0,14,22,102,9,93,64.58,76,63.87,17,68.0
93,962710,La Liga,Elche,Germán Valera,Midfielder,6.97,4,2.57,2,27,8,12,14.81,37,48.68,3,1,0,3,1,1,4,1,0,0,0.0,0,0,0.0,54,21,43,8,13,0,2,0,0,3,13,5,1,46,1129,987,142,87.42,288,699,410,26,25.24,25,50.0,35,32,2785,4,1,37,70,389,28,172,56.95,161,58.55,11,40.74
94,988351,La Liga,Mallorca,Samú Costa,Midfielder,6.97,7,3.98,2,39,16,15,17.95,14,27.45,6,1,2,5,0,0,6,0,0,0,0.0,0,0,0.0,65,25,88,13,36,0,3,0,0,4,1,2,0,15,1225,979,246,79.92,497,482,204,3,10.0,68,56.2,33,30,2643,10,0,63,67,389,31,216,51.55,140,46.2,76,65.52
95,798835,La Liga,Real Betis,Giovani Lo Celso,Midfielder,6.97,2,2.46,2,29,11,9,6.9,15,48.39,2,0,1,0,1,1,4,0,0,0,0.0,0,4,0.0,19,6,7,0,12,0,0,1,0,0,6,3,0,32,837,736,101,87.93,264,472,284,17,27.87,34,72.34,23,15,1360,4,0,9,42,217,20,86,56.95,76,57.14,10,55.56
96,138149,La Liga,Sevilla,Odysseas Vlachodimos,Goalkeeper,6.97,0,0.0,0,0,0,0,0.0,1,100.0,0,0,0,0,0,0,0,0,0,0,0.0,0,0,0.0,0,1,42,0,0,0,3,0,0,5,0,0,0,0,968,617,351,63.74,472,145,30,0,0.0,206,37.25,33,33,2970,2,0,0,2,361,0,7,87.5,3,100.0,4,80.0
97,1108450,La Liga,Getafe,Zaid Romero,Defender,6.97,1,0.88,0,9,1,5,11.11,14,70.0,1,0,1,0,0,0,0,0,0,0,0.0,0,0,0.0,30,28,88,3,5,0,1,1,0,6,0,0,0,1,393,269,124,68.45,163,106,45,1,25.0,40,36.04,14,14,1260,3,1,11,11,161,7,80,61.07,55,67.07,25,51.02
98,99519,La Liga,Real Betis,Marc Bartra,Defender,6.97,1,0.78,0,16,5,9,6.25,6,75.0,1,0,1,0,0,0,0,0,0,0,0.0,0,1,0.0,45,27,159,25,23,0,3,1,1,6,0,0,0,5,1165,1008,157,86.52,708,300,103,1,33.33,76,44.44,25,21,1984,3,0,15,11,183,3,105,59.66,62,60.19,43,58.9
99,1468046,La Liga,Villarreal,Santiago Mouriño,Defender,6.97,1,1.08,0,15,3,8,6.67,13,56.52,1,0,0,0,1,0,1,0,0,0,0.0,0,0,0.0,100,27,121,9,56,0,2,0,0,6,1,2,0,7,1161,972,189,83.72,588,384,152,0,0.0,38,40.43,27,26,2294,9,1,53,34,289,6,183,55.45,147,54.24,36,61.02
100,359272,La Liga,Real Betis,Sofyan Amrabat,Midfielder,6.96,0,0.28,0,8,1,4,0.0,6,75.0,0,0,0,0,0,0,0,0,0,0,0.0,0,0,0.0,27,11,15,4,15,0,1,0,0,3,0,0,0,7,898,818,80,91.09,445,373,142,0,0.0,53,67.95,17,14,1296,4,0,22,19,111,4,56,53.85,52,56.52,4,33.33
101,944656,La Liga,Atlético Madrid,Julián Alvarez,Forward,6.96,8,7.7,8,54,26,18,14.81,26,50.0,5,3,0,3,5,3,2,0,3,2,66.67,2,7,28.57,21,3,5,0,15,0,0,0,0,1,10,4,0,47,689,575,114,83.45,163,412,271,27,31.76,25,73.53,29,22,1902,2,0,14,18,288,33,70,40.0,65,43.05,5,20.83
102,70988,La Liga,Real Madrid,Thibaut Courtois,Goalkeeper,6.96,0,0.0,0,0,0,0,0.0,0,0.0,0,0,0,0,0,0,0,0,0,0,0.0,0,0,0.0,1,0,20,0,3,0,0,1,0,13,1,0,0,1,955,758,197,79.37,699,59,18,0,0.0,112,36.72,31,31,2790,1,0,1,2,200,0,8,61.54,3,42.86,5,83.33
103,807116,La Liga,Mallorca,Antonio Raíllo,Defender,6.95,0,0.54,1,12,1,11,0.0,0,0.0,0,0,0,0,0,0,1,0,0,0,0.0,0,0,0.0,25,16,120,34,3,0,1,3,0,3,1,1,0,7,1126,994,132,88.28,682,312,85,1,25.0,53,48.18,23,23,2033,4,0,23,15,148,3,114,63.33,39,60.94,75,64.66
104,44864,La Liga,Girona FC,Daley Blind,Defender,6.95,0,0.26,0,5,1,1,0.0,12,80.0,0,0,0,0,0,0,0,0,0,0,0.0,0,0,0.0,55,39,126,20,16,1,3,3,0,5,1,0,0,11,2107,1883,224,89.37,1184,699,305,3,25.0,130,51.38,31,30,2610,1,0,19,20,272,9,120,58.82,87,64.93,33,47.14
105,1156645,La Liga,Real Madrid,Raúl Asencio,Defender,6.95,2,1.24,2,14,4,8,14.29,1,50.0,2,0,2,0,0,0,0,0,0,0,0.0,0,0,0.0,17,9,54,12,7,0,2,0,0,7,1,0,0,5,1092,1027,65,94.05,619,408,112,0,0.0,32,53.33,22,17,1616,4,0,16,19,82,3,58,58.0,37,58.73,21,56.76
106,1084399,La Liga,Deportivo Alavés,Carlos Vicente,Midfielder,6.95,5,3.56,1,12,6,4,41.67,11,29.73,5,0,0,0,5,0,10,1,3,3,100.0,0,0,0.0,27,7,14,2,20,0,0,0,0,0,7,0,1,27,472,378,94,80.08,154,224,121,29,22.66,7,43.75,21,11,1256,1,0,12,42,261,6,91,54.49,80,55.56,11,47.83
107,2238907,La Liga,Atlético Madrid,Miguel Cubo,Forward,6.95,1,0.18,0,3,2,1,33.33,1,50.0,1,0,0,0,1,0,0,0,0,0,0.0,0,0,0.0,2,0,0,0,0,0,0,0,0,0,0,0,0,0,3,1,2,33.33,0,1,0,0,0.0,0,0.0,2,0,48,0,0,1,3,5,0,7,53.85,6,75.0,1,20.0
108,560756,La Liga,Real Oviedo,Dani Calvo,Defender,6.95,0,0.19,0,2,0,2,0.0,1,50.0,0,0,0,0,0,0,0,0,0,0,0.0,0,0,0.0,25,10,133,22,2,0,0,1,0,5,1,0,0,2,766,695,71,90.73,565,130,31,0,0.0,29,43.94,19,16,1527,3,0,11,5,79,1,73,66.97,31,68.89,42,65.63
109,1398526,La Liga,Celta Vigo,Miguel Román,Midfielder,6.95,1,0.91,1,8,1,4,12.5,3,25.0,1,0,0,0,1,0,0,0,0,0,0.0,0,0,0.0,27,12,23,7,16,0,0,0,0,5,4,0,0,17,748,656,92,87.7,288,368,136,8,38.1,42,53.16,19,14,1310,3,0,20,11,129,2,51,47.22,41,47.13,10,47.62
110,369004,La Liga,Deportivo Alavés,Antonio Sivera,Goalkeeper,6.94,0,0.0,0,0,0,0,0.0,0,0.0,0,0,0,0,0,0,0,0,0,0,0.0,0,0,0.0,2,0,51,0,1,1,2,1,1,5,0,0,0,0,996,495,501,49.7,215,280,93,0,0.0,323,39.39,37,37,3330,3,0,1,1,507,0,15,83.33,3,60.0,12,92.31
111,1083832,La Liga,Levante UD,Kervin Arriaga,Midfielder,6.94,3,0.99,0,16,6,6,18.75,8,42.11,2,1,1,0,2,0,2,0,0,0,0.0,0,2,0.0,39,14,60,13,10,1,1,0,0,3,2,3,0,7,691,575,116,83.21,315,260,105,3,60.0,27,51.92,26,15,1499,5,1,21,21,163,18,113,56.5,67,52.76,46,63.01
112,547838,La Liga,Real Madrid,Dani Ceballos,Midfielder,6.94,0,0.04,0,3,0,3,0.0,3,23.08,0,0,0,0,0,0,0,0,0,0,0.0,0,0,0.0,18,7,5,4,8,1,0,0,0,0,0,0,0,9,438,406,32,92.69,133,273,136,0,0.0,15,88.24,15,4,482,1,0,6,15,51,2,37,56.06,36,58.06,1,25.0
113,965031,La Liga,Rayo Vallecano,Andrei Rațiu,Defender,6.94,0,2.25,3,31,9,17,0.0,62,53.91,0,0,0,0,0,0,4,0,0,0,0.0,0,0,0.0,70,38,79,7,21,0,0,1,0,11,10,4,0,43,1317,1083,234,82.23,493,590,336,25,24.04,38,41.76,34,31,2802,9,0,22,21,514,45,173,49.71,151,52.07,22,37.93
114,791773,La Liga,Real Sociedad,Álex Remiro,Goalkeeper,6.94,0,0.0,0,0,0,0,0.0,1,100.0,0,0,0,0,0,0,0,0,0,0,0.0,0,0,0.0,1,1,41,0,2,3,2,0,1,3,1,0,0,4,1374,982,392,71.47,806,176,66,0,0.0,310,44.67,37,37,3330,1,0,0,7,403,0,17,89.47,8,80.0,9,100.0
115,976104,La Liga,Real Oviedo,Federico Viñas,Forward,6.94,9,8.69,10,57,21,27,15.79,48,67.61,9,0,4,4,1,0,13,1,2,2,100.0,0,1,0.0,50,14,28,4,11,0,1,0,0,3,5,1,0,27,517,372,145,71.95,135,237,133,1,50.0,11,68.75,33,28,2451,5,3,46,69,320,55,259,52.54,166,56.46,93,46.73
116,1086346,La Liga,Osasuna,Iker Benito,Forward,6.93,1,0.6,0,2,1,1,50.0,1,33.33,0,1,0,1,0,0,0,0,0,0,0.0,0,0,0.0,1,2,6,1,3,0,0,0,0,0,0,0,0,2,75,61,14,81.33,25,36,12,3,60.0,5,45.45,6,1,171,1,0,3,3,29,1,6,33.33,5,35.71,1,25.0
117,1099352,La Liga,Atlético Madrid,Giuliano Simeone,Midfielder,6.93,4,4.84,7,34,13,15,11.76,29,44.62,3,1,0,2,2,1,7,0,0,0,0.0,0,0,0.0,44,17,11,3,40,0,1,0,0,2,9,6,2,31,927,757,170,81.66,285,472,276,10,21.28,10,55.56,30,24,2064,2,0,20,40,341,26,138,50.18,113,48.92,25,56.82
118,900003,La Liga,Rayo Vallecano,Jorge de Frutos,Forward,6.93,10,10.28,11,61,28,21,16.39,27,46.55,10,0,0,3,7,1,18,3,1,1,100.0,0,0,0.0,30,11,12,0,21,0,0,0,0,3,4,1,0,30,386,294,92,76.17,107,187,123,10,21.74,6,46.15,35,31,2438,3,0,34,37,293,34,112,42.75,93,44.08,19,37.25
119,1009372,La Liga,Villarreal,Georges Mikautadze,Forward,6.93,12,10.4,18,62,29,22,19.35,31,47.69,11,1,1,1,10,1,3,0,0,0,0.0,0,0,0.0,6,5,6,1,4,0,0,0,0,0,7,6,0,26,379,283,96,74.67,88,195,123,4,19.05,14,63.64,31,22,2028,1,0,13,45,249,30,92,45.54,82,51.25,10,23.81
120,325355,La Liga,Atlético Madrid,José María Giménez,Defender,6.93,0,1.74,3,13,3,9,0.0,2,66.67,0,0,0,0,0,0,1,1,0,0,0.0,0,0,0.0,25,16,64,12,10,1,1,0,0,7,1,1,0,1,802,723,79,90.15,465,258,81,0,0.0,44,57.14,16,13,1177,4,0,20,10,87,2,74,52.11,37,54.41,37,50.0
121,900792,La Liga,Osasuna,Alejandro Catena,Defender,6.93,3,2.67,1,19,4,10,15.79,6,54.55,3,0,3,0,0,0,3,0,0,0,0.0,0,0,0.0,39,33,207,32,10,2,2,2,0,7,2,2,0,12,1675,1437,238,85.79,1040,397,119,0,0.0,146,52.52,34,34,2983,11,1,44,14,259,4,137,53.94,58,49.15,79,58.09
122,845693,La Liga,Valencia,André Almeida,Midfielder,6.93,0,0.59,1,9,3,3,0.0,15,50.0,0,0,0,0,0,0,0,1,0,0,0.0,0,2,0.0,23,10,5,1,7,0,0,0,0,0,4,2,0,18,566,509,57,89.93,172,337,205,15,23.44,35,81.4,21,11,1034,0,0,11,22,164,20,63,53.85,60,53.1,3,75.0
123,1526618,La Liga,FC Barcelona,Marc Bernal,Midfielder,6.92,2,1.04,1,7,2,2,28.57,10,76.92,2,0,0,1,1,0,0,0,0,0,0.0,0,0,0.0,25,12,18,2,9,0,1,0,0,0,2,1,0,5,543,499,44,91.9,225,274,105,0,0.0,14,58.33,21,8,712,4,0,14,10,65,7,60,56.6,45,57.69,15,53.57
124,788216,La Liga,Mallorca,Pablo Maffeo,Defender,6.92,1,0.41,0,7,1,4,14.29,34,62.96,0,1,0,1,0,0,0,0,0,0,0.0,0,0,0.0,68,34,98,22,18,0,0,0,1,4,1,1,0,18,892,681,211,76.35,328,353,163,26,33.77,47,34.56,30,29,2582,11,0,25,23,367,11,155,62.25,125,62.81,30,60.0
125,988672,La Liga,Elche,David Affengruber,Defender,6.92,1,0.86,2,14,4,9,7.14,11,64.71,1,0,0,0,1,0,2,1,0,0,0.0,0,0,0.0,72,50,170,26,18,2,2,1,0,6,2,1,0,8,2040,1792,248,87.84,1134,658,180,1,11.11,69,36.51,35,32,2863,6,1,33,33,294,6,178,63.35,115,64.61,63,61.17
126,910536,La Liga,Real Madrid,Rodrygo,Forward,6.92,1,2.58,3,27,11,8,3.7,18,47.37,1,0,0,0,1,1,0,1,0,0,0.0,0,2,0.0,13,3,4,0,6,0,0,0,0,1,7,3,0,17,324,294,30,90.74,52,242,152,12,28.57,2,28.57,19,6,680,3,0,5,23,109,9,54,52.94,54,58.06,0,0.0
127,149370,La Liga,Osasuna,Moi Gómez,Midfielder,6.92,0,0.39,0,11,2,4,0.0,12,57.14,0,0,0,0,0,0,0,0,0,0,0.0,0,0,0.0,20,11,9,1,10,1,0,1,0,0,4,2,0,16,854,758,96,88.76,250,508,267,6,17.14,53,65.43,25,12,1198,3,0,19,21,154,8,64,55.65,53,54.64,11,61.11
128,319735,La Liga,Girona FC,Viktor Tsygankov,Midfielder,6.92,6,6.81,6,50,21,18,12.0,26,49.06,6,0,1,4,1,1,5,0,0,0,0.0,0,6,0.0,31,20,29,4,15,0,0,0,0,3,4,5,1,53,974,803,171,82.44,236,567,379,27,22.88,30,75.0,31,30,2551,3,0,20,34,350,21,120,50.42,90,52.63,30,44.78
129,859773,La Liga,Celta Vigo,Óscar Mingueza,Midfielder,6.92,1,0.63,0,14,5,5,7.14,15,53.57,0,1,0,0,1,1,1,0,0,0,0.0,0,1,0.0,41,9,38,5,34,0,2,0,0,2,7,4,2,32,1236,1050,186,84.95,428,622,370,13,19.4,55,50.93,33,21,1966,4,0,15,28,316,15,98,53.55,83,51.88,15,65.22
130,1014042,La Liga,Levante UD,Iván Romero,Forward,6.92,7,8.38,11,58,17,22,12.07,36,49.32,7,0,0,0,7,1,7,1,1,0,0.0,0,0,0.0,32,12,9,2,20,0,0,0,0,2,5,1,0,24,518,376,142,72.59,145,231,147,3,15.0,12,57.14,31,27,2209,5,0,39,75,370,55,173,48.6,143,48.97,30,46.88
131,1012410,La Liga,Celta Vigo,Alvaro Núñez,Defender,6.91,0,0.29,0,6,1,1,0.0,15,65.22,0,0,0,0,0,0,2,0,0,0,0.0,0,0,0.0,29,16,34,8,13,0,0,1,0,4,6,2,1,22,1222,1117,105,91.41,557,560,277,21,32.81,49,60.49,25,24,1984,2,0,14,22,194,6,77,54.61,66,62.26,11,31.43
132,845385,La Liga,Real Sociedad,Brais Méndez,Midfielder,6.91,6,5.8,5,36,16,9,16.67,21,42.0,6,0,0,6,0,1,7,0,2,1,50.0,0,4,0.0,37,7,9,3,8,0,0,0,0,0,6,2,0,25,878,720,158,82.0,274,446,273,14,21.54,38,59.38,29,21,1672,5,1,43,35,316,20,121,51.05,91,48.4,30,61.22
133,1014412,La Liga,Valencia,Julen Agirrezabala,Goalkeeper,6.91,0,0.0,0,0,0,0,0.0,0,0.0,0,0,0,0,0,0,0,0,0,0,0.0,0,0,0.0,2,0,25,0,2,0,0,0,0,4,0,0,0,1,494,344,150,69.64,292,52,14,0,0.0,81,35.22,18,18,1620,1,0,0,1,151,0,10,83.33,3,60.0,7,100.0
134,141832,La Liga,Elche,Pedro Bigas,Defender,6.91,1,0.67,1,10,3,5,10.0,4,57.14,0,1,0,1,0,0,0,0,0,0,0.0,0,0,0.0,34,27,104,19,16,0,4,2,0,5,4,2,0,14,1480,1317,163,88.99,720,597,245,8,32.0,78,45.61,27,24,1978,3,1,25,19,239,7,102,58.96,56,53.33,46,67.65
135,908714,La Liga,Villarreal,Arnau Tenas,Goalkeeper,6.91,0,0.0,0,0,0,0,0.0,0,0.0,0,0,0,0,0,0,0,0,0,0,0.0,0,0,0.0,1,0,8,0,0,1,0,0,0,0,0,0,0,0,251,158,93,62.95,134,24,7,0,0.0,48,34.78,9,9,810,0,0,0,1,94,0,2,100.0,2,100.0,0,0.0
136,1119345,La Liga,Atlético Madrid,Obed Vargas,Midfielder,6.9,0,0.14,0,4,0,3,0.0,9,69.23,0,0,0,0,0,0,1,0,0,0,0.0,0,0,0.0,23,7,9,4,8,0,2,0,0,1,0,1,0,4,278,228,50,82.01,114,114,57,1,20.0,11,45.83,11,7,649,2,0,4,9,75,2,43,66.15,41,70.69,2,28.57
137,901325,La Liga,Atlético Madrid,Nicolás González,Midfielder,6.9,5,4.21,6,43,20,17,11.63,24,51.06,5,0,3,2,0,2,2,1,0,0,0.0,0,0,0.0,24,12,27,3,16,1,0,0,0,2,3,0,0,12,534,406,128,76.03,165,241,128,3,11.11,22,52.38,24,18,1460,4,1,28,25,234,20,123,51.9,73,47.1,50,60.98
138,999178,La Liga,Deportivo Alavés,Ville Koski,Defender,6.9,0,0.0,0,0,0,0,0.0,0,0.0,0,0,0,0,0,0,0,0,0,0,0.0,0,0,0.0,5,4,14,2,0,0,0,0,0,2,0,0,0,0,31,23,8,74.19,18,5,1,0,0.0,3,42.86,4,2,191,0,0,1,0,9,0,9,75.0,5,83.33,4,66.67
139,827212,La Liga,FC Barcelona,Jules Koundé,Defender,6.9,1,1.66,5,14,4,7,7.14,21,60.0,1,0,1,0,0,1,2,0,0,0,0.0,0,0,0.0,47,30,55,13,22,0,2,1,0,8,6,3,0,23,1922,1760,162,91.57,807,953,426,12,30.0,31,46.97,30,24,2269,6,0,23,24,280,23,127,54.51,92,53.8,35,56.45
140,142622,La Liga,Real Madrid,Antonio Rüdiger,Defender,6.9,1,0.92,1,13,1,9,7.69,0,0.0,1,0,0,0,1,0,2,0,0,0,0.0,0,0,0.0,14,4,52,4,1,0,1,0,0,5,1,0,1,3,1172,1091,81,93.09,714,377,95,0,0.0,48,53.33,18,16,1492,0,0,11,2,91,1,46,63.89,16,55.17,30,69.77
141,1546073,La Liga,FC Barcelona,Xavi Espart,Defender,6.9,0,0.0,0,0,0,0,0.0,3,100.0,0,0,0,0,0,0,0,0,0,0,0.0,0,0,0.0,2,5,3,0,1,0,0,0,0,0,0,0,0,0,87,78,9,89.66,47,31,8,0,0.0,2,40.0,3,1,119,0,0,0,3,15,3,12,70.59,8,66.67,4,80.0
142,1002347,La Liga,Girona FC,Alejandro Francés,Defender,6.9,0,0.82,1,16,4,5,0.0,7,63.64,0,0,0,0,0,0,1,0,0,0,0.0,0,0,0.0,25,15,60,6,7,0,1,0,0,0,2,2,0,10,731,608,123,83.17,319,289,152,9,37.5,48,41.38,24,11,1121,2,1,15,23,157,3,69,66.35,54,66.67,15,65.22
143,949962,La Liga,Celta Vigo,Ferran Jutglà,Forward,6.9,9,6.73,8,45,26,15,20.0,21,39.62,7,2,0,2,7,1,10,0,0,0,0.0,0,0,0.0,11,7,20,1,4,0,0,0,0,0,2,3,1,14,405,313,92,77.28,115,198,110,3,15.79,12,66.67,29,21,1645,4,0,24,28,217,20,76,40.86,60,43.17,16,34.04
144,280979,La Liga,Real Sociedad,Gonçalo Guedes,Midfielder,6.9,8,3.86,3,46,18,11,17.39,18,46.15,6,2,0,2,6,2,13,0,0,0,0.0,0,0,0.0,25,4,6,0,25,0,1,0,0,1,6,4,1,25,565,422,143,74.69,115,307,203,17,24.29,25,58.14,32,22,1839,3,0,18,33,300,24,87,44.85,76,46.91,11,34.38
145,1154587,La Liga,Elche,Álvaro Rodriguez,Forward,6.89,6,8.75,17,74,23,39,8.11,38,49.35,5,1,1,5,0,0,18,0,0,0,0.0,0,0,0.0,21,3,26,1,9,0,0,1,0,1,7,5,0,33,518,334,184,64.48,81,253,150,4,40.0,13,65.0,33,23,2125,2,0,36,46,386,43,235,51.65,105,45.85,130,57.52
146,85859,La Liga,Atlético Madrid,Antoine Griezmann,Forward,6.89,7,7.41,8,45,24,19,15.56,8,33.33,7,0,0,5,2,1,15,0,0,0,0.0,0,1,0.0,14,7,12,2,11,0,2,0,0,2,8,3,1,30,686,565,121,82.36,205,360,195,20,26.67,32,66.67,33,12,1385,1,0,4,10,248,7,42,42.42,32,45.71,10,34.48
147,1485300,La Liga,Girona FC,Vitor Reis,Defender,6.89,1,1.58,4,19,4,11,5.26,8,72.73,1,0,1,0,0,0,1,0,0,0,0.0,0,0,0.0,48,31,207,40,11,0,7,0,1,5,2,1,0,9,1880,1713,167,91.12,1220,493,130,0,0.0,77,51.33,35,34,3048,7,1,36,24,203,6,162,57.65,80,59.7,82,55.78
148,110783,La Liga,Mallorca,Sergi Darder,Midfielder,6.89,1,2.02,2,35,13,15,2.86,34,57.63,1,0,0,0,0,0,2,0,0,0,0.0,0,1,0.0,25,25,18,6,15,0,0,0,0,1,12,5,1,57,1105,932,173,84.34,372,560,280,54,32.93,78,58.21,37,29,2599,3,0,20,28,361,18,94,52.81,87,53.05,7,50.0
149,1012444,La Liga,Villarreal,Alberto Moleiro,Midfielder,6.88,10,5.77,6,46,20,19,21.74,32,48.48,7,3,0,1,9,1,3,1,0,0,0.0,0,1,0.0,30,11,12,3,58,1,2,0,0,0,9,5,0,36,786,621,165,79.01,217,404,254,9,29.03,15,41.67,36,29,2400,4,0,32,25,319,25,90,34.88,87,37.18,3,12.5
150,797291,La Liga,Athletic Club,Unai Simón,Goalkeeper,6.88,0,0.0,0,0,0,0,0.0,0,0.0,0,0,0,0,0,0,0,0,0,0,0.0,0,0,0.0,1,0,35,0,0,0,1,0,0,6,0,0,0,1,1124,652,472,58.01,448,204,100,0,0.0,259,35.87,37,37,3330,1,0,0,8,480,0,17,100.0,5,100.0,12,100.0
151,855831,La Liga,Elche,Víctor Chust,Defender,6.88,1,0.48,1,9,3,6,11.11,8,66.67,0,1,0,0,1,0,1,0,0,0,0.0,0,1,0.0,61,20,79,17,20,0,3,0,0,4,0,0,0,5,1477,1336,141,90.45,794,542,215,8,23.53,60,45.45,30,21,2075,6,1,36,9,200,4,106,53.27,78,55.32,28,48.28
152,149734,La Liga,Athletic Club,Aymeric Laporte,Defender,6.88,0,1.62,2,15,5,4,0.0,2,100.0,0,0,0,0,0,1,1,1,0,0,0.0,0,1,0.0,27,25,127,13,9,0,1,0,0,1,1,1,0,7,1237,1103,134,89.17,719,384,109,1,50.0,66,51.16,25,24,2060,4,0,9,13,146,1,102,68.0,42,68.85,60,67.42
153,21555,La Liga,Sevilla,César Azpilicueta,Defender,6.87,0,0.01,0,1,0,1,0.0,2,40.0,0,0,0,0,0,1,1,0,0,0,0.0,0,0,0.0,26,22,39,9,10,0,0,0,0,2,1,1,0,2,650,572,78,88.0,374,198,70,4,36.36,30,47.62,16,16,1128,4,0,22,8,128,2,55,52.88,35,49.3,20,60.61
154,925097,La Liga,FC Barcelona,Ronald Araújo,Defender,6.87,3,1.39,2,11,5,5,27.27,0,0.0,3,0,2,0,1,0,0,0,0,0,0.0,0,0,0.0,18,9,34,4,1,0,0,1,0,2,1,0,0,3,786,720,66,91.6,421,299,72,0,0.0,21,46.67,23,10,1027,2,0,17,3,85,1,57,60.64,21,53.85,36,65.45
155,887055,La Liga,Real Betis,Cucho Hernández,Forward,6.87,11,10.9,9,85,25,38,12.94,27,54.0,8,3,1,1,9,3,16,0,1,1,100.0,0,2,0.0,27,9,24,2,10,1,0,0,0,6,8,3,0,33,641,459,182,71.61,146,313,209,3,13.04,31,70.45,31,29,2502,5,0,22,37,379,52,126,45.0,90,46.39,36,41.86
156,39182,La Liga,Villarreal,Dani Parejo,Midfielder,6.87,0,0.17,0,2,0,1,0.0,8,50.0,0,0,0,0,0,1,0,0,0,0,0.0,0,2,0.0,39,12,14,7,10,1,4,0,0,0,3,0,1,25,849,742,107,87.4,359,383,176,12,32.43,52,60.47,31,15,1332,3,0,16,26,170,10,81,65.32,73,64.04,8,80.0
157,855832,La Liga,Deportivo Alavés,Antonio Blanco,Midfielder,6.87,2,1.16,0,38,12,11,5.26,23,74.19,1,1,0,1,1,0,2,0,0,0,0.0,0,0,0.0,94,54,41,11,65,0,2,0,0,4,2,3,0,22,1795,1533,262,85.4,768,765,290,8,26.67,100,57.47,35,35,3026,9,0,70,41,366,34,191,47.51,156,47.13,35,49.3
158,360718,La Liga,Celta Vigo,Carl Starfelt,Defender,6.86,0,0.55,2,4,1,3,0.0,1,50.0,0,0,0,0,0,0,0,0,0,0,0.0,0,0,0.0,23,17,108,13,1,0,1,0,1,5,0,0,0,1,1015,973,42,95.86,750,223,37,0,0.0,31,72.09,19,17,1493,1,1,19,8,51,2,62,59.05,31,59.62,31,58.49
159,1518971,La Liga,Elche,Adam Boayar,Forward,6.86,1,0.3,0,5,2,2,20.0,1,20.0,1,0,0,0,1,0,1,0,0,0,0.0,0,0,0.0,4,1,4,0,3,0,0,0,0,0,0,0,0,2,39,34,5,87.18,11,23,20,0,0.0,3,100.0,7,0,106,0,0,0,1,19,4,9,42.86,6,35.29,3,75.0
160,1084730,La Liga,Celta Vigo,Bryan Zaragoza,Forward,6.86,1,2.01,0,26,12,8,3.85,27,38.57,1,0,0,0,1,0,6,1,1,1,100.0,0,0,0.0,10,2,5,0,12,0,1,0,0,1,4,1,0,18,334,259,75,77.54,64,195,126,15,22.06,13,56.52,19,13,1135,1,0,7,17,216,5,55,42.64,54,44.63,1,12.5
161,814590,La Liga,FC Barcelona,Marcus Rashford,Forward,6.86,8,7.53,10,76,29,20,10.53,29,34.94,6,2,1,3,4,3,10,0,0,0,0.0,1,11,9.09,8,2,14,3,5,0,0,0,0,0,7,7,0,42,737,623,114,84.53,107,516,356,27,24.55,23,56.1,31,17,1671,3,0,10,25,343,23,66,40.24,62,40.26,4,40.0
162,1649918,La Liga,Levante UD,Carlos Espí,Forward,6.86,10,6.24,9,52,22,22,19.23,12,50.0,7,3,4,2,4,0,9,0,0,0,0.0,0,0,0.0,13,6,13,1,8,0,0,0,0,0,1,0,0,9,199,127,72,63.82,44,83,49,0,0.0,1,33.33,24,12,1260,3,0,30,23,161,19,93,47.45,48,41.74,45,55.56
163,103417,La Liga,Real Betis,Isco,Midfielder,6.86,1,0.94,0,5,1,1,20.0,1,50.0,1,0,0,0,1,0,0,1,1,1,100.0,0,0,0.0,3,1,0,0,4,0,0,0,0,0,1,1,0,5,127,115,12,90.55,40,75,45,2,25.0,7,70.0,7,0,174,0,0,3,8,28,2,13,50.0,12,54.55,1,25.0
164,949707,La Liga,Getafe,Juan Iglesias,Defender,6.86,1,1.06,0,26,5,7,3.85,30,51.72,1,0,0,0,1,0,1,0,0,0,0.0,0,0,0.0,111,25,137,11,50,2,1,0,1,9,3,2,0,18,846,548,298,64.78,215,333,178,21,20.79,73,32.74,36,35,3099,4,0,61,66,612,17,237,55.24,207,57.66,30,42.86
165,973699,La Liga,Girona FC,Iván Martín,Midfielder,6.86,0,0.87,2,13,5,4,0.0,29,60.42,0,0,0,0,0,0,3,1,0,0,0.0,0,0,0.0,59,16,28,4,18,0,1,0,0,4,2,1,0,23,1361,1216,145,89.35,572,644,338,3,21.43,63,71.59,34,28,2448,3,1,28,30,258,32,137,53.31,118,56.46,19,39.58
166,795064,La Liga,Real Madrid,Trent Alexander-Arnold,Defender,6.86,0,0.32,0,10,2,6,0.0,5,41.67,0,0,0,0,0,1,0,0,0,0,0.0,0,4,0.0,14,14,10,3,10,0,0,0,0,1,3,4,1,29,821,700,121,85.26,272,428,213,33,25.98,77,57.89,21,14,1169,4,0,10,5,265,4,29,46.03,24,43.64,5,62.5
167,37318,La Liga,Osasuna,Ante Budimir,Forward,6.85,17,17.11,16,102,41,47,16.67,3,18.75,17,0,5,10,2,6,22,2,8,6,75.0,0,0,0.0,20,6,45,6,4,0,1,0,0,2,2,0,0,15,379,231,148,60.95,77,154,94,0,0.0,4,44.44,36,34,2863,4,0,49,36,299,32,174,47.15,57,38.51,117,52.94
168,824200,La Liga,Atlético Madrid,Ademola Lookman,Forward,6.85,4,4.17,2,21,5,10,19.05,6,46.15,4,0,1,0,3,1,7,0,1,1,100.0,0,0,0.0,3,1,0,0,2,0,0,0,0,0,2,0,0,10,161,134,27,83.23,31,103,64,2,18.18,1,33.33,11,8,561,1,0,5,9,64,11,20,41.67,18,42.86,2,33.33
169,855833,La Liga,FC Barcelona,Ferran Torres,Forward,6.85,16,13.07,20,67,36,20,23.88,7,29.17,13,3,1,1,14,6,11,0,0,0,0.0,0,1,0.0,7,3,10,1,8,0,0,0,0,2,4,1,0,22,427,323,104,75.64,109,214,136,1,50.0,7,58.33,32,22,1901,2,0,13,18,196,19,56,43.08,31,35.63,25,58.14
170,19356,La Liga,Celta Vigo,Iago Aspas,Forward,6.85,5,4.48,2,28,12,11,17.86,12,60.0,4,1,0,4,1,1,0,1,2,2,100.0,0,0,0.0,14,12,2,0,9,0,0,0,0,0,8,3,0,30,604,475,129,78.64,105,370,239,6,25.0,34,61.82,31,10,1089,4,0,3,15,202,15,44,50.0,41,53.95,3,25.0
171,843678,La Liga,Villarreal,Santi Comesaña,Midfielder,6.85,3,4.17,4,27,7,14,11.11,11,52.38,3,0,0,1,2,2,1,0,0,0,0.0,0,0,0.0,45,28,54,15,25,0,6,1,0,2,3,6,0,27,1209,1006,203,83.21,466,540,274,2,13.33,42,52.5,34,28,2413,5,1,43,28,296,27,119,46.48,84,45.16,35,50.0
172,966862,La Liga,Real Sociedad,Ander Barrenetxea,Midfielder,6.85,3,2.62,6,34,11,18,8.82,55,47.41,1,2,0,0,3,0,5,0,0,0,0.0,1,1,100.0,30,15,11,4,16,0,1,0,0,0,11,5,0,44,726,583,143,80.3,153,430,249,10,13.89,27,49.09,30,22,1769,5,0,37,30,388,33,124,43.51,115,44.4,9,34.62
173,255999,La Liga,Mallorca,Omar Mascarell,Midfielder,6.85,2,0.28,0,7,3,2,28.57,6,66.67,1,1,1,0,1,0,0,0,0,0,0.0,0,0,0.0,47,35,81,17,18,2,2,0,0,4,2,2,0,8,1047,898,149,85.77,522,376,129,1,16.67,79,54.48,29,25,2192,5,0,38,13,184,4,95,49.22,66,51.16,29,45.31
174,927066,La Liga,Levante UD,Pablo Martínez,Midfielder,6.85,1,1.91,1,28,4,14,3.57,14,42.42,1,0,0,1,0,1,4,0,0,0,0.0,0,4,0.0,17,19,29,10,12,0,1,0,0,3,9,4,0,31,651,506,145,77.73,235,271,145,28,35.0,35,41.18,26,20,1779,3,0,30,12,259,17,55,39.57,42,35.29,13,65.0
175,900008,La Liga,Rayo Vallecano,Óscar Valentín,Midfielder,6.85,1,1.01,0,13,4,6,7.69,5,41.67,1,0,0,1,0,0,0,0,0,0,0.0,0,0,0.0,69,27,59,14,33,0,2,1,0,4,1,0,0,10,868,768,100,88.48,367,401,169,0,0.0,24,50.0,32,25,2052,3,1,31,20,145,11,119,49.79,93,54.71,26,37.68
176,976141,La Liga,Osasuna,Jon Moncayola,Midfielder,6.85,0,2.0,3,23,5,6,0.0,13,61.9,0,0,0,0,0,1,0,0,0,0,0.0,0,1,0.0,53,21,48,6,43,0,0,0,0,6,9,4,0,38,1370,1104,266,80.58,490,614,295,34,24.64,87,49.15,35,34,2947,9,0,39,13,454,9,96,45.93,78,44.57,18,52.94
177,787751,La Liga,Atlético Madrid,Robin Le Normand,Defender,6.85,1,0.62,1,6,1,3,16.67,1,25.0,1,0,1,0,0,0,1,0,0,0,0.0,0,0,0.0,35,20,98,7,8,1,0,0,0,6,1,1,0,2,1047,937,110,89.49,644,293,81,1,33.33,36,40.0,28,17,1789,5,0,22,14,130,1,100,63.29,49,59.76,51,67.11
178,807771,La Liga,Atlético Madrid,Dávid Hancko,Defender,6.85,0,1.33,2,21,5,13,0.0,8,53.33,0,0,0,0,0,1,2,0,0,0,0.0,0,0,0.0,43,19,100,10,20,0,1,1,0,8,4,2,0,13,1427,1250,177,87.6,715,535,240,3,10.34,67,51.15,29,26,2389,2,0,15,4,258,8,97,54.49,55,52.88,42,56.76
179,857205,La Liga,Espanyol,Fernando Calero,Defender,6.84,0,1.76,4,12,1,10,0.0,2,28.57,0,0,0,0,0,0,0,0,0,0,0.0,0,0,0.0,27,28,123,31,6,0,0,0,0,5,1,0,0,3,1153,1017,136,88.2,814,203,48,0,0.0,69,46.0,27,23,2060,5,0,15,9,153,1,75,52.08,38,58.46,37,46.84
180,1145642,La Liga,Osasuna,Victor Muñoz,Forward,6.84,6,5.86,9,81,31,25,7.41,75,42.13,4,2,2,1,3,1,5,1,0,0,0.0,0,0,0.0,22,9,20,0,18,0,0,0,0,3,2,2,0,27,623,503,120,80.74,129,374,221,22,21.36,5,35.71,34,31,2668,3,0,32,54,469,56,167,41.44,150,42.25,17,35.42
181,1026015,La Liga,Real Sociedad,Orri Óskarsson,Forward,6.84,8,5.34,6,23,16,6,34.78,3,100.0,8,0,2,0,6,0,14,0,0,0,0.0,0,0,0.0,6,1,6,1,4,0,0,0,0,0,2,0,0,5,115,71,44,61.74,21,50,30,2,40.0,2,50.0,19,7,765,5,0,15,6,72,5,29,39.73,15,39.47,14,40.0
182,825133,La Liga,Osasuna,Javi Galán,Defender,6.84,0,0.19,0,5,1,3,0.0,38,61.29,0,0,0,0,0,1,2,0,0,0,0.0,0,0,0.0,47,29,55,5,12,0,1,2,0,2,2,1,0,27,885,746,139,84.29,378,368,201,30,35.71,39,43.82,24,19,1730,3,0,29,37,287,14,135,58.7,121,61.11,14,43.75
183,990169,La Liga,Atlético Madrid,Johnny Cardoso,Midfielder,6.84,0,0.08,0,2,0,1,0.0,5,50.0,0,0,0,0,0,0,0,0,0,0,0.0,0,0,0.0,37,16,22,6,10,0,0,0,0,1,1,0,0,3,499,441,58,88.38,218,223,99,1,50.0,27,75.0,15,12,892,5,0,23,14,97,15,68,49.64,56,51.38,12,42.86
184,1103693,La Liga,FC Barcelona,Pablo Gavi,Midfielder,6.84,0,0.0,0,0,0,0,0.0,1,14.29,0,0,0,0,0,0,0,0,0,0,0.0,0,0,0.0,15,3,6,1,7,0,0,1,0,0,1,1,0,7,358,333,25,93.02,137,196,89,0,0.0,14,82.35,10,6,484,3,0,10,12,39,1,38,56.72,26,52.0,12,70.59
185,942836,La Liga,Real Oviedo,Haissem Hassan,Midfielder,6.84,0,1.57,2,33,8,15,0.0,60,49.59,0,0,0,0,0,1,3,0,0,0,0.0,0,0,0.0,38,6,11,0,32,1,0,0,0,0,2,3,0,20,486,389,97,80.04,173,216,121,27,24.32,44,72.13,36,20,1898,1,0,12,24,332,15,124,49.8,122,50.41,2,28.57
186,35612,La Liga,Girona FC,Axel Witsel,Midfielder,6.84,1,2.39,5,20,5,11,5.0,10,71.43,1,0,0,0,1,2,1,0,0,0,0.0,0,0,0.0,36,29,55,11,29,0,1,0,0,2,2,2,0,17,1440,1314,126,91.25,690,624,281,0,0.0,40,63.49,31,29,2475,1,1,34,37,184,19,129,53.53,82,49.4,47,62.67
187,893062,La Liga,Real Betis,Aitor Ruibal,Defender,6.83,4,3.85,3,31,12,10,12.9,15,46.88,4,0,1,1,2,0,1,1,0,0,0.0,0,1,0.0,45,21,45,3,27,0,1,3,0,5,3,2,0,19,698,577,121,82.66,270,307,168,10,31.25,33,40.74,27,20,1814,4,1,32,25,233,19,91,46.91,84,48.28,7,35.0
188,1170694,La Liga,Levante UD,Ugo Raghouber,Midfielder,6.83,0,0.07,0,3,0,2,0.0,9,75.0,0,0,0,0,0,0,1,0,0,0,0.0,0,0,0.0,21,15,18,0,11,0,1,0,0,1,0,0,0,3,321,271,50,84.42,178,93,39,0,0.0,13,54.17,15,8,709,1,0,9,14,75,4,64,62.75,42,61.76,22,64.71
189,344751,La Liga,Valencia,Baptiste Santamaria,Midfielder,6.83,1,0.37,0,6,2,2,16.67,6,50.0,1,0,1,0,0,0,1,0,0,0,0.0,0,0,0.0,12,7,30,2,6,0,1,0,0,2,2,1,0,4,405,332,73,81.98,172,160,79,1,33.33,23,54.76,19,7,775,2,0,13,10,103,5,46,55.42,28,50.0,18,66.67
190,855835,La Liga,Real Sociedad,Sergio Gómez,Defender,6.83,0,1.09,2,12,0,8,0.0,13,52.0,0,0,0,0,0,1,4,0,0,0,0.0,0,0,0.0,87,30,68,6,42,0,1,0,0,2,13,5,0,44,1476,1281,195,86.79,579,702,325,38,24.84,59,49.58,34,29,2637,4,1,43,14,419,7,134,54.25,113,52.8,21,63.64
191,875890,La Liga,Sevilla,Chidera Ejuke,Forward,6.83,1,1.59,2,23,3,9,4.35,56,61.54,1,0,0,0,1,0,2,0,0,0,0.0,0,0,0.0,19,6,3,1,1,0,0,0,0,0,1,1,0,13,355,297,58,83.66,97,200,121,4,15.38,18,69.23,26,6,941,0,0,5,16,177,21,96,57.83,91,60.26,5,33.33
192,1466116,La Liga,Real Sociedad,Jon Martin,Defender,6.82,2,1.99,4,15,5,7,13.33,8,66.67,2,0,2,0,0,1,1,0,0,0,0.0,0,0,0.0,31,34,159,24,3,0,3,1,0,1,0,0,0,2,1356,1237,119,91.22,867,370,85,0,0.0,32,45.71,25,25,2250,6,0,18,12,150,8,135,65.53,51,62.2,84,67.74
193,1496360,La Liga,Levante UD,Matias Moreno,Defender,6.82,0,0.96,2,10,0,5,0.0,4,50.0,0,0,0,0,0,1,2,0,0,0,0.0,0,0,0.0,33,33,128,18,7,1,0,0,0,8,1,0,0,8,1046,895,151,85.56,621,274,97,1,33.33,58,46.03,27,26,2176,8,0,23,23,177,4,108,60.0,59,62.11,49,57.65
194,17651,La Liga,Real Oviedo,Santi Cazorla,Midfielder,6.82,0,0.36,0,7,1,5,0.0,11,61.11,0,0,0,0,0,1,0,0,0,0,0.0,0,1,0.0,17,3,7,3,11,0,1,0,0,0,3,1,0,26,511,447,64,87.48,164,283,152,16,23.88,45,68.18,27,5,877,1,1,5,19,159,9,53,61.63,47,61.04,6,66.67
195,1010383,La Liga,Levante UD,Jon Ander Olasagasti,Midfielder,6.82,1,1.85,3,26,8,9,3.85,12,50.0,0,1,0,1,0,1,0,0,0,0,0.0,0,2,0.0,27,12,23,8,19,0,0,0,0,2,6,5,1,35,644,485,159,75.31,199,286,158,21,20.59,29,40.85,32,17,1670,3,1,20,30,297,18,98,51.58,69,50.36,29,54.72
196,1084081,La Liga,Girona FC,Arnau Martínez,Defender,6.82,1,1.46,1,18,3,10,5.56,13,52.0,1,0,0,0,1,2,3,0,0,0,0.0,0,0,0.0,66,41,124,13,26,0,1,0,0,4,7,3,0,24,1411,1206,205,85.47,680,526,282,8,16.0,66,43.71,34,32,2620,6,0,23,30,318,17,142,56.57,109,58.6,33,50.77
197,1184541,La Liga,Villarreal,Alexander Freeman,Defender,6.82,0,0.02,0,1,0,1,0.0,3,50.0,0,0,0,0,0,1,0,0,0,0,0.0,0,0,0.0,13,4,16,2,5,0,1,0,0,0,0,0,0,1,234,212,22,90.6,129,83,32,0,0.0,7,63.64,9,3,356,0,0,2,3,42,2,25,65.79,19,61.29,6,85.71
198,862223,La Liga,Villarreal,Manor Solomon,Midfielder,6.82,1,0.42,0,2,1,0,50.0,6,54.55,1,0,0,1,0,0,1,0,0,0,0.0,0,0,0.0,1,0,0,0,2,0,0,0,0,0,1,1,0,2,49,42,7,85.71,11,31,24,2,20.0,0,0.0,6,1,153,0,0,0,2,30,2,9,47.37,9,50.0,0,0.0
199,960006,La Liga,Sevilla,Lucien Agoumé,Midfielder,6.82,1,0.89,0,15,2,7,6.67,11,52.38,0,1,0,1,0,0,8,0,0,0,0.0,0,0,0.0,69,47,40,5,16,1,1,0,0,2,8,3,1,28,1271,1028,243,80.88,461,567,323,3,15.0,66,47.83,33,30,2607,12,0,54,14,343,21,148,51.57,94,48.7,54,57.45
200,1014595,La Liga,Elche,Marc Aguado,Midfielder,6.82,1,0.21,0,3,2,0,33.33,0,0.0,1,0,0,0,1,0,0,0,0,0,0.0,0,0,0.0,46,42,51,21,10,0,0,0,0,0,0,2,0,10,1285,1170,115,91.05,580,590,218,2,100.0,26,42.62,34,29,2432,2,0,23,23,138,6,77,57.89,68,63.55,9,34.62
201,257091,La Liga,Real Sociedad,Duje Ćaleta-Car,Defender,6.81,1,1.16,1,13,3,6,7.69,0,0.0,1,0,1,0,0,0,1,0,0,0,0.0,0,0,0.0,24,28,129,26,4,0,0,0,1,2,0,0,0,3,1358,1230,128,90.57,872,358,77,0,0.0,48,48.48,27,24,2152,6,1,30,8,136,2,116,58.0,32,48.48,84,62.69
202,1010656,La Liga,Levante UD,Carlos Álvarez,Midfielder,6.81,3,2.72,2,30,11,8,10.0,19,33.33,2,1,0,3,0,3,2,1,0,0,0.0,1,5,20.0,22,13,6,1,22,0,1,0,0,1,6,1,0,40,656,531,125,80.95,173,358,226,10,18.18,22,70.97,30,23,1907,3,0,22,49,314,33,93,41.52,89,44.06,4,18.18
203,797306,La Liga,Valencia,Mouctar Diakhaby,Defender,6.81,1,0.53,0,4,3,1,25.0,1,33.33,1,0,1,0,0,0,1,1,0,0,0.0,0,0,0.0,8,10,43,2,0,1,0,0,0,2,0,0,0,1,320,280,40,87.5,203,77,17,0,0.0,10,31.25,8,7,544,3,0,7,3,46,0,28,66.67,12,60.0,16,72.73
204,896073,La Liga,Deportivo Alavés,Nahuel Tenaglia,Defender,6.81,2,1.75,1,22,7,11,9.09,10,43.48,2,0,0,1,1,1,4,1,0,0,0.0,0,0,0.0,65,45,177,30,15,2,1,1,0,5,1,0,0,6,1326,1148,178,86.58,744,404,117,3,17.65,81,46.29,35,35,3149,2,0,29,41,257,9,163,59.06,116,64.09,47,49.47
205,808955,La Liga,Elche,Josan,Midfielder,6.81,0,0.26,0,3,1,1,0.0,7,53.85,0,0,0,0,0,0,1,0,0,0,0.0,0,0,0.0,12,5,5,1,2,0,0,0,0,0,4,3,0,21,247,221,26,89.47,61,160,99,21,28.38,10,90.91,19,4,572,2,0,5,6,96,3,26,56.52,25,60.98,1,20.0
206,799054,La Liga,Sevilla,Djibril Sow,Midfielder,6.81,5,1.8,1,19,8,7,26.32,6,46.15,5,0,1,1,3,0,3,0,0,0,0.0,0,0,0.0,44,20,9,2,8,0,3,1,0,1,2,4,0,23,896,796,100,88.84,413,383,191,11,50.0,42,70.0,32,26,2105,6,0,38,29,158,8,94,51.65,79,57.66,15,33.33
207,835484,La Liga,Girona FC,Fran Beltrán,Midfielder,6.81,1,0.73,0,16,4,5,6.25,7,77.78,1,0,0,0,1,0,0,0,0,0,0.0,0,0,0.0,31,16,23,6,15,0,0,0,0,2,2,0,0,13,1031,943,88,91.46,410,533,238,2,25.0,43,67.19,26,18,1529,3,0,19,12,137,18,59,45.04,50,48.54,9,32.14
208,1126447,La Liga,Elche,Lucas Cepeda,Midfielder,6.81,1,0.89,1,13,5,5,7.69,5,38.46,1,0,0,1,0,0,1,0,0,0,0.0,0,1,0.0,9,1,0,1,5,0,0,0,0,0,0,0,0,6,157,132,25,84.08,32,100,61,8,47.06,4,80.0,10,4,405,1,0,7,10,55,3,25,47.17,24,51.06,1,16.67
209,847128,La Liga,Real Betis,Marc Roca,Midfielder,6.81,1,1.29,2,14,5,6,7.14,11,73.33,0,1,0,0,1,1,0,0,0,0,0.0,0,0,0.0,37,23,38,8,23,0,0,0,0,5,3,1,1,18,990,868,122,87.68,436,432,192,3,27.27,45,52.94,28,22,1935,1,0,40,22,173,17,79,44.63,70,46.05,9,36.0
210,309078,La Liga,Atlético Madrid,Alexander Sørloth,Forward,6.81,13,10.09,17,67,34,20,19.4,10,35.71,13,0,5,6,2,3,10,0,0,0,0.0,0,0,0.0,14,0,24,2,5,0,0,1,0,0,2,0,0,10,419,285,134,68.02,97,188,123,2,18.18,5,55.56,34,20,1936,4,1,28,16,258,29,134,48.2,40,33.9,94,58.75
211,1010421,La Liga,Rayo Vallecano,Josep Chavarría,Defender,6.8,1,0.61,1,18,3,8,5.56,17,38.64,0,1,0,1,0,0,3,0,0,0,0.0,0,0,0.0,54,31,86,14,15,1,4,2,0,9,5,2,0,27,1278,1081,197,84.59,577,504,255,16,16.49,59,40.97,33,29,2681,4,1,33,35,414,16,128,51.82,106,54.64,22,41.51
212,857482,La Liga,Valencia,Filip Ugrinić,Midfielder,6.8,0,0.94,0,19,2,9,0.0,17,68.0,0,0,0,0,0,0,6,0,0,0,0.0,0,1,0.0,25,9,30,4,10,0,0,0,0,0,6,3,0,21,638,534,104,83.7,243,291,151,16,29.63,27,51.92,26,16,1423,3,0,16,13,206,12,70,55.56,55,55.56,15,55.56
213,1100646,La Liga,Elche,Martim Neto,Midfielder,6.8,2,0.84,1,12,4,6,16.67,21,67.74,1,1,0,0,2,0,0,0,0,0,0.0,0,0,0.0,21,2,13,1,11,1,0,0,0,1,4,5,0,25,602,529,73,87.87,179,350,215,10,29.41,11,52.38,25,15,1352,3,0,18,11,162,16,58,48.33,53,49.53,5,38.46
214,959872,La Liga,Athletic Club,Aitor Paredes,Defender,6.8,2,1.11,1,13,4,7,15.38,3,100.0,2,0,2,0,0,0,0,0,0,0,0.0,0,0,0.0,21,26,72,4,4,0,2,0,0,3,1,0,0,4,916,803,113,87.66,503,300,77,0,0.0,60,50.85,18,17,1539,4,0,19,7,125,1,61,59.22,31,56.36,30,62.5
215,1154935,La Liga,Celta Vigo,Hugo Álvarez,Midfielder,6.8,4,2.61,3,13,8,2,30.77,15,37.5,4,0,0,1,3,0,2,0,0,0,0.0,0,0,0.0,15,10,9,0,10,0,0,0,0,1,5,2,0,24,600,514,86,85.67,150,364,224,4,17.39,14,66.67,27,15,1318,2,0,16,17,191,13,48,40.68,47,43.12,1,11.11
216,944660,La Liga,Atlético Madrid,Thiago Almada,Midfielder,6.8,3,3.72,5,21,10,7,14.29,21,53.85,3,0,0,1,2,0,2,0,0,0,0.0,0,0,0.0,29,8,6,2,22,0,0,1,0,0,4,1,0,28,689,597,92,86.65,209,388,239,8,19.51,27,62.79,27,16,1312,2,1,13,16,198,20,71,45.81,66,47.48,5,31.25
217,900433,La Liga,Valencia,Luis Rioja,Midfielder,6.8,2,2.03,1,40,4,13,5.0,35,56.45,2,0,0,2,0,0,9,0,0,0,0.0,0,3,0.0,35,17,33,0,34,0,0,0,0,5,7,6,1,37,824,647,177,78.52,241,406,257,37,25.34,27,47.37,36,30,2546,1,0,12,29,386,26,103,46.61,99,50.0,4,17.39
218,985329,La Liga,Osasuna,Aimar Oroz,Midfielder,6.8,0,1.68,0,29,4,10,0.0,28,52.83,0,0,0,0,0,0,1,0,0,0,0.0,0,3,0.0,36,9,14,1,17,0,1,0,0,1,4,2,0,36,832,667,165,80.17,224,443,282,9,33.33,31,70.45,30,25,2070,6,0,31,62,319,48,153,50.33,125,51.02,28,47.46
219,997033,La Liga,Sevilla,Peque Fernández,Midfielder,6.8,2,0.97,0,14,6,4,14.29,16,38.1,2,0,0,0,2,1,1,0,0,0,0.0,0,0,0.0,11,1,2,0,10,0,0,0,0,0,0,1,0,15,344,277,67,80.52,95,182,110,4,14.29,16,64.0,25,11,948,8,0,12,46,154,14,90,54.88,73,54.89,17,54.84
220,909966,La Liga,Valencia,Largie Ramazani,Forward,6.8,6,6.89,4,49,18,14,12.24,21,38.89,6,0,0,2,4,1,2,0,3,3,100.0,0,0,0.0,13,14,8,0,13,0,2,1,0,0,4,1,0,16,309,231,78,74.76,87,144,103,7,25.0,9,52.94,26,11,1212,4,0,17,20,207,33,56,34.78,54,36.49,2,15.38
221,1546404,La Liga,Real Madrid,Daniel Yañez,Midfielder,6.8,0,0.0,0,0,0,0,0.0,0,0.0,0,0,0,0,0,0,0,0,0,0,0.0,0,0,0.0,1,0,0,0,1,0,0,0,0,0,1,1,0,2,20,18,2,90.0,3,15,5,1,100.0,0,0.0,2,0,45,0,0,0,4,4,1,6,60.0,5,62.5,1,50.0
222,260031,La Liga,Osasuna,Rubén García,Midfielder,6.8,2,2.43,3,31,10,12,6.45,18,47.37,0,2,0,2,0,1,1,0,0,0,0.0,1,7,14.29,50,17,22,2,32,0,0,0,0,0,8,5,0,44,828,658,170,79.47,244,414,229,50,32.47,50,57.47,34,28,2245,6,0,36,27,364,21,118,43.54,95,47.26,23,32.86
223,911853,La Liga,Villarreal,Logan Costa,Defender,6.8,0,0.0,0,0,0,0,0.0,0,0.0,0,0,0,0,0,0,0,0,0,0,0.0,0,0,0.0,0,0,0,0,0,0,0,0,0,0,0,0,0,1,12,12,0,100.0,9,3,3,0,0.0,2,100.0,1,0,13,0,0,1,0,0,0,0,0.0,0,0.0,0,0.0
224,814023,La Liga,Valencia,Eray Cömert,Defender,6.8,2,1.19,0,11,3,5,18.18,0,0.0,2,0,1,0,1,0,1,0,0,0,0.0,0,0,0.0,26,20,88,6,8,0,3,0,0,3,1,1,0,6,799,686,113,85.86,493,193,60,1,100.0,41,39.81,17,15,1339,3,1,9,13,127,1,56,63.64,39,68.42,17,54.84
225,138572,La Liga,Real Madrid,Dani Carvajal,Defender,6.79,0,0.36,1,5,1,3,0.0,2,50.0,0,0,0,0,0,1,0,0,0,0,0.0,0,0,0.0,14,6,21,7,13,0,1,1,0,2,4,0,0,9,477,443,34,92.87,205,238,114,3,30.0,20,80.0,16,9,892,0,0,7,8,68,3,29,48.33,24,50.0,5,41.67
226,973290,La Liga,Villarreal,Tajon Buchanan,Midfielder,6.79,7,2.06,2,27,11,10,25.93,21,31.82,4,3,0,1,6,0,8,0,0,0,0.0,0,0,0.0,28,21,16,2,16,0,0,0,0,1,5,1,1,17,466,379,87,81.33,122,257,150,4,11.76,10,37.04,34,21,1835,8,0,18,36,263,28,88,42.93,85,44.5,3,21.43
227,580550,La Liga,Atlético Madrid,Clément Lenglet,Defender,6.79,0,0.42,0,5,0,4,0.0,3,100.0,0,0,0,0,0,0,0,0,0,0,0.0,0,0,0.0,16,21,72,6,6,1,0,0,0,5,2,1,0,4,867,758,109,87.43,461,297,96,0,0.0,94,60.65,18,16,1303,4,1,20,6,121,1,53,51.96,24,50.0,29,53.7
228,785989,La Liga,Celta Vigo,Borja Iglesias,Forward,6.79,14,10.45,7,46,26,12,30.43,12,54.55,12,2,1,6,7,0,22,3,4,4,100.0,0,0,0.0,8,1,16,5,9,0,1,0,0,0,3,2,0,17,442,326,116,73.76,138,188,110,0,0.0,17,53.13,34,20,1828,7,0,35,29,229,33,68,39.08,49,36.57,19,47.5
229,965011,La Liga,Atlético Madrid,Matteo Ruggeri,Defender,6.79,0,0.14,0,5,2,2,0.0,5,27.78,0,0,0,0,0,0,1,0,0,0,0.0,0,0,0.0,36,19,64,3,23,0,0,0,0,5,5,3,1,26,862,750,112,87.01,348,402,245,29,33.72,34,55.74,25,20,1730,4,0,28,2,219,5,68,44.16,43,38.74,25,58.14
230,542634,La Liga,Rayo Vallecano,Pacha,Defender,6.79,2,1.6,3,19,8,6,10.53,16,59.26,1,1,0,2,0,0,9,1,0,0,0.0,0,0,0.0,49,15,29,4,33,0,2,1,0,1,5,0,0,16,545,384,161,70.46,167,217,126,9,19.15,24,36.92,29,14,1403,2,0,23,29,280,12,111,54.95,94,55.95,17,50.0
231,81992,La Liga,Espanyol,Leandro Cabrera,Defender,6.79,3,2.67,5,39,12,16,7.69,6,75.0,3,0,3,0,0,2,1,1,0,0,0.0,0,0,0.0,36,26,216,27,20,1,1,0,1,9,1,0,0,11,1470,1183,287,80.48,769,414,143,3,15.0,106,40.46,36,36,3240,3,0,34,8,334,5,153,57.52,48,45.71,105,65.22
232,1008259,La Liga,Celta Vigo,Javier Rueda,Defender,6.79,2,1.3,2,11,3,6,18.18,19,50.0,2,0,0,0,2,0,3,1,0,0,0.0,0,0,0.0,19,20,32,6,8,0,0,0,0,1,7,6,0,13,497,375,122,75.45,133,242,135,4,14.81,18,38.3,25,15,1321,6,0,25,20,221,5,65,46.76,58,50.88,7,28.0
233,345333,La Liga,Real Oviedo,David Costas,Defender,6.79,1,0.9,2,5,1,4,20.0,7,77.78,1,0,0,0,1,1,3,0,0,0,0.0,0,0,0.0,26,27,114,18,9,3,0,0,0,7,1,0,0,5,1025,911,114,88.88,690,221,60,0,0.0,94,58.75,25,22,2075,3,0,16,10,134,3,90,60.81,40,60.61,50,60.98
234,973536,La Liga,Getafe,Martín Satriano,Forward,6.79,6,4.34,1,35,14,13,17.14,25,40.98,4,2,1,1,4,0,4,0,0,0,0.0,0,0,0.0,23,9,18,2,9,0,0,0,0,5,5,1,0,15,368,238,130,64.67,71,167,111,6,28.57,8,40.0,18,18,1604,5,0,21,31,285,38,120,40.96,79,43.41,41,36.94
235,944629,La Liga,Real Oviedo,Nicolas Fonseca,Midfielder,6.79,0,0.33,0,7,1,3,0.0,2,66.67,0,0,0,0,0,0,0,0,0,0,0.0,0,0,0.0,39,16,14,5,19,0,1,0,0,1,0,0,0,2,524,448,76,85.5,253,195,71,1,25.0,52,66.67,18,11,929,6,0,24,12,102,7,58,50.88,52,52.0,6,42.86
236,588566,La Liga,Rayo Vallecano,Unai López,Midfielder,6.79,0,0.89,1,22,4,6,0.0,13,59.09,0,0,0,0,0,2,1,0,0,0,0.0,0,1,0.0,31,22,23,3,18,0,3,0,0,4,4,4,0,36,1064,922,142,86.65,472,450,215,14,21.88,75,54.35,28,19,1623,5,1,37,14,236,13,69,44.81,58,43.28,11,55.0
237,190159,La Liga,Elche,André Silva,Forward,6.79,10,10.55,8,57,29,13,17.54,14,42.42,10,0,1,3,6,0,6,1,3,3,100.0,0,4,0.0,13,5,18,1,16,0,0,0,0,2,1,0,0,22,491,389,102,79.23,112,277,170,0,0.0,7,50.0,30,22,1843,3,0,24,34,226,37,85,38.12,61,39.61,24,34.78
238,1129360,La Liga,Espanyol,Clemens Riedel,Defender,6.79,0,0.13,0,3,1,1,0.0,1,100.0,0,0,0,0,0,0,2,0,0,0,0.0,0,0,0.0,28,11,100,6,6,0,1,0,0,4,0,1,0,4,812,717,95,88.3,545,172,48,1,50.0,46,46.46,20,16,1402,5,0,23,7,112,2,70,53.85,35,53.85,35,53.85
239,838629,La Liga,Real Betis,Álvaro Fidalgo,Midfielder,6.79,1,0.51,0,4,2,2,25.0,3,60.0,1,0,0,0,1,0,1,0,0,0,0.0,0,0,0.0,12,3,9,0,11,0,0,0,0,0,0,0,0,4,296,275,21,92.91,112,163,80,1,16.67,7,63.64,8,8,537,0,0,2,6,43,5,22,45.83,21,51.22,1,14.29
240,952222,La Liga,Levante UD,Víctor García,Midfielder,6.78,2,1.96,1,19,8,7,10.53,13,43.33,1,1,0,0,2,0,3,0,0,0,0.0,0,1,0.0,22,10,15,4,7,0,1,0,0,0,2,1,0,14,294,224,70,76.19,92,132,69,15,23.08,9,31.03,21,12,1056,1,0,13,11,176,7,59,50.0,45,51.72,14,45.16
241,1122610,La Liga,Valencia,Javier Guerra,Midfielder,6.78,3,3.07,3,28,11,9,10.71,23,41.07,3,0,0,1,2,1,1,0,0,0,0.0,0,2,0.0,29,23,25,6,25,0,0,0,0,2,6,6,0,30,969,791,178,81.63,378,413,211,11,24.44,49,50.0,35,24,1997,3,0,28,19,334,33,84,39.44,71,37.57,13,54.17
242,1087359,La Liga,Villarreal,Renato Veiga,Defender,6.78,0,0.28,0,9,3,3,0.0,0,0.0,0,0,0,0,0,0,3,0,0,0,0.0,0,0,0.0,19,23,156,30,12,0,1,1,0,5,0,0,0,3,1544,1365,179,88.41,994,371,132,0,0.0,89,47.34,32,27,2485,5,1,24,6,209,2,74,52.86,25,39.68,49,63.64
243,1002764,La Liga,Celta Vigo,Sergio Carreira,Midfielder,6.78,2,1.47,2,13,6,3,15.38,24,47.06,2,0,0,0,2,0,2,0,0,0,0.0,0,0,0.0,32,25,65,3,12,0,0,1,0,4,0,1,0,18,1460,1247,213,85.41,590,657,330,5,16.67,56,47.86,33,28,2603,2,0,19,34,343,14,100,51.55,89,55.28,11,33.33
244,1067582,La Liga,Osasuna,Enzo Boyomo,Defender,6.78,1,1.03,0,11,4,5,9.09,3,37.5,1,0,0,0,1,0,0,0,0,0,0.0,0,0,0.0,57,15,113,13,7,1,0,2,0,5,2,2,0,9,1295,1119,176,86.41,770,349,98,2,20.0,51,38.06,29,28,2455,6,0,30,5,223,9,101,54.01,65,57.02,36,49.32
245,186795,La Liga,FC Barcelona,Andreas Christensen,Defender,6.78,0,0.08,0,2,0,0,0.0,0,0.0,0,0,0,0,0,0,0,0,0,0,0.0,0,0,0.0,5,2,19,3,2,0,0,0,0,1,0,0,0,1,326,312,14,95.71,167,145,41,0,0.0,2,66.67,12,3,406,1,0,4,4,16,2,21,63.64,8,50.0,13,76.47
246,949156,La Liga,Real Sociedad,Luka Sučić,Midfielder,6.77,3,1.54,2,20,6,7,15.0,12,54.55,2,1,0,3,0,1,1,0,0,0,0.0,0,0,0.0,17,3,14,1,7,0,1,0,0,0,0,1,0,8,428,341,87,79.67,140,201,85,0,0.0,32,64.0,21,9,928,1,0,8,6,133,14,50,46.73,35,47.95,15,44.12
247,827064,La Liga,Valencia,Arnaut Danjuma,Forward,6.77,3,4.66,8,36,14,14,8.33,27,42.19,3,0,0,0,3,3,5,1,1,0,0.0,0,0,0.0,13,2,6,1,6,0,0,0,0,0,6,2,0,17,392,304,88,77.55,114,190,102,16,32.65,20,71.43,30,18,1627,0,0,21,22,212,15,69,43.67,61,43.88,8,42.11
248,66492,La Liga,Real Madrid,David Alaba,Defender,6.77,0,0.19,0,3,1,1,0.0,0,0.0,0,0,0,0,0,0,0,0,0,0,0.0,0,1,0.0,5,0,16,5,2,0,0,0,0,1,0,0,0,0,291,272,19,93.47,160,112,25,0,0.0,4,26.67,10,4,358,1,0,1,0,21,0,11,55.0,5,62.5,6,50.0
249,1142591,La Liga,Atlético Madrid,Javier Boñar,Defender,6.77,1,0.33,0,2,1,1,50.0,1,16.67,1,0,1,0,0,0,0,0,0,0,0.0,0,0,0.0,5,0,14,1,3,0,0,0,0,0,0,0,0,1,119,100,19,84.03,54,46,17,0,0.0,3,25.0,3,3,269,0,0,2,1,33,2,10,40.0,7,36.84,3,50.0
250,831799,La Liga,Atlético Madrid,Nahuel Molina,Defender,6.77,2,0.48,1,14,4,7,14.29,15,55.56,0,2,0,0,2,1,5,0,0,0,0.0,0,1,0.0,40,13,32,5,21,0,2,0,0,6,6,2,0,21,699,563,136,80.54,262,301,154,12,24.49,25,41.67,26,13,1332,4,0,14,5,253,8,67,49.26,60,52.63,7,31.82
251,934383,La Liga,Deportivo Alavés,Jon Pacheco,Defender,6.77,0,0.3,0,4,1,3,0.0,3,75.0,0,0,0,0,0,0,1,0,0,0,0.0,0,0,0.0,36,11,103,21,11,0,1,2,0,2,1,0,0,5,939,812,127,86.47,519,293,93,1,25.0,63,47.01,22,20,1734,4,1,14,7,147,3,87,61.7,45,60.81,42,62.69
252,1526627,La Liga,Celta Vigo,Javi Rodríguez,Defender,6.77,0,0.67,1,12,2,7,0.0,7,58.33,0,0,0,0,0,0,1,0,0,0,0.0,0,0,0.0,38,24,96,18,19,1,4,1,0,6,2,1,0,10,1776,1603,173,90.26,918,685,265,0,0.0,56,44.8,32,27,2471,5,0,31,32,213,10,102,51.0,76,54.68,26,42.62
253,345111,La Liga,Rayo Vallecano,Álvaro García,Midfielder,6.77,4,6.5,8,47,19,16,8.51,4,25.0,4,0,0,3,1,0,14,1,0,0,0.0,0,0,0.0,27,13,27,2,16,0,0,0,0,1,15,5,1,42,514,351,163,68.29,105,246,155,15,16.85,24,41.38,31,22,2060,3,0,18,12,305,9,55,39.01,42,43.3,13,29.55
254,1534422,La Liga,Sevilla,Oso,Midfielder,6.77,2,1.3,1,17,8,5,11.76,15,53.57,2,0,0,0,2,2,4,0,0,0,0.0,0,1,0.0,25,6,16,3,15,0,1,1,0,1,3,3,0,20,412,310,102,75.24,131,179,110,19,22.09,18,47.37,20,13,1332,1,0,10,15,244,13,69,51.11,55,52.38,14,46.67
255,980410,La Liga,Real Sociedad,Beñat Turrientes,Midfielder,6.77,0,0.74,0,19,6,9,0.0,20,62.5,0,0,0,0,0,1,0,0,0,0,0.0,0,0,0.0,39,8,25,6,14,1,0,0,0,1,1,3,0,11,652,562,90,86.2,275,287,118,2,25.0,25,62.5,26,15,1277,7,0,27,22,152,16,91,53.53,80,54.05,11,50.0
256,1129401,La Liga,Real Betis,Nelson Deossa,Midfielder,6.77,0,0.46,0,18,0,12,0.0,29,78.38,0,0,0,0,0,0,1,0,0,0,0.0,0,0,0.0,14,5,11,0,8,0,2,0,0,1,1,0,0,8,320,267,53,83.44,87,180,102,0,0.0,9,60.0,20,8,736,3,0,18,24,103,18,94,60.26,67,56.78,27,71.05
257,934351,La Liga,Espanyol,Miguel Rubio,Defender,6.77,1,0.72,0,2,1,1,50.0,1,100.0,1,0,0,0,1,0,0,0,0,0,0.0,0,0,0.0,4,1,29,5,0,0,0,0,0,0,0,0,0,0,73,56,17,76.71,44,12,1,0,0.0,2,33.33,12,1,226,0,0,1,1,19,0,20,68.97,6,85.71,14,63.64
258,41789,La Liga,FC Barcelona,Robert Lewandowski,Forward,6.76,13,13.61,15,61,28,19,21.31,9,50.0,13,0,4,2,6,2,17,0,3,1,33.33,0,0,0.0,5,3,19,0,8,0,0,0,0,3,4,2,0,14,312,249,63,79.81,84,165,99,0,0.0,5,45.45,30,16,1566,2,0,12,18,146,25,53,40.46,31,36.9,22,46.81
259,1495844,La Liga,Athletic Club,Mikel Jauregizar,Midfielder,6.76,2,1.79,0,39,11,9,5.13,10,35.71,0,2,0,0,2,0,0,0,0,0,0.0,0,0,0.0,64,45,27,3,48,1,3,0,0,5,1,0,0,28,1320,1068,252,80.91,373,695,349,12,17.14,54,50.0,35,33,2758,4,1,44,33,415,30,151,46.6,107,43.67,44,55.7
260,190405,La Liga,Real Oviedo,Leander Dendoncker,Midfielder,6.76,1,0.8,1,9,4,3,11.11,4,50.0,1,0,0,1,0,0,1,0,0,0,0.0,0,0,0.0,36,12,34,7,17,0,2,1,0,2,0,0,0,6,554,477,77,86.1,279,198,91,2,40.0,13,52.0,19,15,1339,2,0,12,3,114,6,66,53.66,43,53.09,23,54.76
261,818986,La Liga,Sevilla,Gabriel Suazo,Defender,6.76,0,0.47,0,5,2,2,0.0,15,60.0,0,0,0,0,0,0,2,0,0,0,0.0,0,0,0.0,84,27,46,5,25,1,1,1,0,4,5,1,0,36,965,805,160,83.42,372,433,227,28,29.79,42,50.6,28,24,2006,7,0,31,15,336,16,126,55.75,113,58.85,13,38.24
262,21949,La Liga,Rayo Vallecano,Óscar Trejo,Midfielder,6.76,0,0.17,0,1,1,0,0.0,1,50.0,0,0,0,0,0,0,0,0,0,0,0.0,0,0,0.0,6,0,2,0,4,0,0,0,0,0,1,1,0,7,106,93,13,87.74,29,64,38,4,50.0,3,60.0,7,1,139,2,0,3,5,31,2,13,52.0,12,54.55,1,33.33
263,814385,La Liga,Deportivo Alavés,Lucas Boyé,Forward,6.76,11,9.09,8,59,20,26,18.64,37,49.33,10,1,2,0,9,0,9,0,3,3,100.0,1,5,20.0,34,7,18,6,15,0,0,0,0,2,5,1,0,25,396,289,107,72.98,72,217,125,1,10.0,4,40.0,28,21,1875,2,1,55,36,341,67,139,36.39,107,38.77,32,30.19
264,1905699,La Liga,Mallorca,Jan Salas,Midfielder,6.75,0,0.0,0,0,0,0,0.0,1,100.0,0,0,0,0,0,0,0,0,0,0,0.0,0,0,0.0,0,0,1,0,0,0,0,0,0,0,0,0,0,0,10,6,4,60.0,1,5,3,0,0.0,2,100.0,2,0,16,0,0,0,1,5,1,3,75.0,2,66.67,1,100.0
265,822379,La Liga,Real Oviedo,Santiago Colombatto,Midfielder,6.75,0,0.63,0,15,2,9,0.0,5,71.43,0,0,0,0,0,0,1,0,0,0,0.0,0,2,0.0,43,14,36,6,17,0,4,0,0,4,3,1,0,24,992,854,138,86.09,474,380,197,19,28.36,35,46.05,31,22,2006,6,0,44,38,226,11,97,53.3,86,55.13,11,42.31
266,1216309,La Liga,Real Sociedad,Jon Gorrotxategi,Midfielder,6.75,1,0.79,0,13,1,6,7.69,10,58.82,1,0,0,0,1,0,0,0,0,0,0.0,0,0,0.0,45,35,45,13,24,0,4,0,1,1,2,3,0,18,1309,1138,171,86.94,580,558,220,0,0.0,37,53.62,30,26,2215,6,0,32,27,229,19,112,48.91,82,50.0,30,46.15
267,1063015,La Liga,Espanyol,Tyrhys Dolan,Midfielder,6.75,2,2.4,2,32,11,10,6.25,34,41.98,2,0,0,0,2,1,5,2,0,0,0.0,0,0,0.0,54,18,13,2,22,0,0,0,0,1,7,5,0,32,545,454,91,83.3,146,308,175,22,21.36,4,26.67,35,28,2386,5,1,37,45,355,34,143,48.15,133,50.38,10,30.3
268,1126779,La Liga,Celta Vigo,Williot Swedberg,Midfielder,6.75,5,3.56,3,21,12,3,23.81,10,37.04,5,0,1,1,3,0,6,0,0,0,0.0,0,0,0.0,28,4,7,2,16,0,0,0,0,0,4,5,0,10,281,217,64,77.22,72,145,82,2,28.57,3,42.86,28,12,1203,2,0,29,33,133,18,73,43.98,71,47.33,2,12.5
269,826004,La Liga,Mallorca,Manu Morlanes,Midfielder,6.75,2,1.85,1,11,3,5,18.18,8,66.67,2,0,0,0,2,0,0,0,0,0,0.0,0,0,0.0,52,17,21,2,23,0,0,0,0,0,2,0,0,16,903,805,98,89.15,357,448,219,2,22.22,37,57.81,31,21,1698,2,1,27,12,143,12,84,50.91,72,52.94,12,41.38
270,892235,La Liga,Real Oviedo,David Carmo,Defender,6.75,1,0.91,0,10,3,5,10.0,2,66.67,1,0,0,1,0,0,0,0,0,0,0.0,0,0,0.0,34,21,149,18,12,2,1,1,0,3,1,0,0,7,1017,838,179,82.4,597,241,82,1,50.0,105,47.95,22,20,1787,6,1,20,4,194,2,101,61.96,39,54.17,62,68.13
271,1391616,La Liga,Girona FC,Joel Roca,Midfielder,6.75,3,3.68,5,47,15,15,6.38,37,41.57,2,1,0,0,3,1,4,1,0,0,0.0,0,0,0.0,23,2,13,1,15,0,1,0,0,0,2,1,0,16,372,309,63,83.06,87,222,148,3,8.82,3,42.86,31,15,1415,4,1,12,41,235,29,106,46.09,101,48.56,5,22.73
272,997280,La Liga,Osasuna,Raúl García de Haro,Forward,6.75,7,6.2,5,36,21,9,19.44,14,48.28,6,1,1,1,5,0,6,0,0,0,0.0,1,1,100.0,15,7,15,1,2,0,0,0,0,1,1,1,0,11,221,154,67,69.68,55,99,44,4,44.44,6,85.71,35,5,952,2,1,12,12,135,18,79,50.0,41,46.59,38,54.29
273,1482424,La Liga,Girona FC,Claudio Echeverri,Midfielder,6.75,1,2.07,1,20,6,7,5.0,16,64.0,1,0,0,0,1,0,1,0,0,0,0.0,0,2,0.0,6,1,4,0,1,1,0,0,0,0,2,1,0,8,213,185,28,86.85,43,142,98,3,21.43,8,61.54,16,5,595,3,0,5,14,86,12,37,55.22,36,57.14,1,25.0
274,872919,La Liga,Sevilla,Ruben Vargas,Midfielder,6.75,3,3.09,0,38,8,14,7.89,21,43.75,2,1,0,2,1,0,7,0,1,1,100.0,0,1,0.0,18,7,13,1,10,0,3,0,0,0,4,6,0,28,541,390,151,72.09,145,245,155,23,25.84,25,53.19,23,20,1582,2,0,13,17,331,17,76,49.03,56,47.06,20,55.56
275,188365,La Liga,Real Betis,Héctor Bellerín,Defender,6.74,2,0.42,0,7,5,0,28.57,6,50.0,2,0,0,0,2,0,2,0,0,0,0.0,0,0,0.0,30,13,68,4,18,1,0,0,0,3,5,3,0,24,955,836,119,87.54,415,421,196,6,20.69,22,44.0,26,19,1750,2,0,15,4,192,8,57,49.14,40,45.98,17,58.62
276,1082981,La Liga,Mallorca,Pablo Torre,Midfielder,6.74,3,1.32,3,22,10,7,13.64,15,44.12,1,2,0,2,1,1,1,0,0,0,0.0,0,4,0.0,20,9,13,2,17,0,1,0,0,0,3,4,0,30,760,644,116,84.74,224,420,223,19,22.62,33,58.93,34,18,1552,4,0,29,33,255,18,73,40.78,68,45.33,5,17.24
277,1152139,La Liga,Real Betis,Angel Ortiz,Defender,6.74,0,0.04,0,1,0,0,0.0,7,41.18,0,0,0,0,0,0,0,0,0,0,0.0,0,0,0.0,27,3,16,4,8,0,0,0,0,0,1,0,0,6,250,208,42,83.2,112,96,41,5,26.32,9,34.62,13,7,582,1,0,9,9,90,5,44,54.32,43,58.11,1,14.29
278,962890,La Liga,Celta Vigo,Ilaix Moriba,Midfielder,6.74,1,1.36,2,17,4,9,5.88,13,48.15,1,0,0,1,0,0,0,1,0,0,0.0,0,0,0.0,85,26,32,6,22,2,3,0,0,6,5,3,0,17,996,879,117,88.25,401,478,216,0,0.0,31,67.39,35,25,2405,7,0,39,56,204,21,169,57.09,154,61.85,15,31.91
279,1082968,La Liga,Deportivo Alavés,Abderrahman Rebbach,Midfielder,6.73,1,2.27,3,33,11,13,3.03,17,36.17,1,0,0,0,1,1,5,0,0,0,0.0,0,1,0.0,40,15,22,0,22,0,0,0,0,1,9,4,0,28,427,336,91,78.69,138,198,127,19,19.19,19,47.5,29,14,1418,7,0,36,28,270,17,94,44.55,85,44.97,9,40.91
280,1000483,La Liga,FC Barcelona,Marc Casadó,Midfielder,6.73,0,1.04,1,11,0,2,0.0,2,33.33,0,0,0,0,0,1,0,0,0,0,0.0,0,0,0.0,18,7,7,3,8,0,0,0,0,3,0,1,0,14,880,800,80,90.91,348,452,170,2,100.0,20,54.05,23,10,982,1,0,25,20,108,6,47,50.0,40,49.38,7,53.85
281,385888,La Liga,Getafe,Mauro Arambarri,Midfielder,6.73,6,7.07,6,58,19,26,10.34,30,50.85,6,0,2,1,3,2,5,0,3,2,66.67,0,1,0.0,66,23,34,6,37,1,0,0,0,11,1,2,0,21,770,577,193,74.94,215,362,177,3,16.67,36,48.0,36,36,3165,6,0,59,67,360,46,219,49.1,163,49.85,56,47.06
282,986245,La Liga,Villarreal,Sergi Cardona,Defender,6.73,1,1.01,0,18,5,11,5.56,4,28.57,1,0,0,1,0,1,1,0,0,0,0.0,0,0,0.0,47,36,56,9,28,1,2,0,0,6,4,4,1,21,727,593,134,81.57,311,282,155,20,24.39,21,37.5,30,20,1946,4,0,28,22,273,8,91,49.73,71,49.31,20,51.28
283,191182,La Liga,Girona FC,Thomas Lemar,Midfielder,6.73,3,1.88,1,16,8,2,18.75,19,55.88,1,2,0,2,1,1,0,0,0,0,0.0,0,1,0.0,26,5,2,2,16,0,0,0,0,0,1,1,1,20,644,566,78,87.89,200,366,225,17,31.48,23,74.19,26,14,1260,3,0,19,20,199,33,67,44.37,65,44.22,2,50.0
284,899982,La Liga,Rayo Vallecano,Isi Palazón,Midfielder,6.73,3,5.3,6,53,16,21,5.66,23,47.92,3,0,0,3,0,3,6,0,3,2,66.67,0,2,0.0,29,3,23,6,23,0,1,0,0,1,9,3,0,39,872,719,153,82.45,279,440,281,29,27.62,44,57.89,31,27,2262,10,1,36,51,364,41,123,44.73,102,45.54,21,41.18
285,797290,La Liga,Villarreal,Alfonso Pedraza,Defender,6.73,1,1.13,1,11,3,5,9.09,19,61.29,1,0,0,1,0,0,4,0,0,0,0.0,0,0,0.0,40,26,37,6,15,1,1,1,0,2,6,3,0,20,579,460,119,79.45,251,209,105,20,24.39,29,39.73,26,18,1623,8,0,27,23,247,14,84,53.16,82,55.78,2,18.18
286,1525863,La Liga,Villarreal,Pau Navarro,Defender,6.73,0,0.07,0,2,2,0,0.0,6,60.0,0,0,0,0,0,0,1,0,0,0,0.0,0,0,0.0,63,18,102,16,32,1,0,0,1,3,1,0,0,4,931,822,109,88.29,602,220,61,1,50.0,34,40.48,22,22,1834,4,0,34,10,132,2,105,51.72,79,52.67,26,49.06
287,910024,La Liga,Rayo Vallecano,Sergio Camello,Forward,6.73,4,2.72,5,25,12,8,16.0,17,51.52,3,1,0,1,3,1,2,0,0,0,0.0,0,0,0.0,10,2,0,0,5,0,1,0,0,0,1,0,0,15,203,165,38,81.28,64,101,63,1,33.33,5,62.5,21,8,778,2,1,7,13,107,20,43,43.0,39,45.35,4,28.57
288,158615,La Liga,Celta Vigo,Matías Vecino,Midfielder,6.73,0,0.08,0,2,0,1,0.0,1,100.0,0,0,0,0,0,0,0,0,0,0,0.0,0,0,0.0,7,2,3,0,2,0,0,0,0,0,0,0,0,0,87,72,15,82.76,23,49,20,0,0.0,1,25.0,5,2,127,0,0,3,0,17,1,11,55.0,8,61.54,3,42.86
289,175185,La Liga,Espanyol,Pere Milla,Midfielder,6.73,7,6.84,7,58,20,27,12.07,9,40.91,7,0,3,3,1,0,10,0,0,0,0.0,0,7,0.0,36,17,19,3,36,0,0,0,0,1,4,0,0,33,518,370,148,71.43,143,227,139,8,22.86,19,46.34,32,24,1944,6,1,23,36,262,28,101,43.72,78,44.32,23,41.82
290,152446,La Liga,Rayo Vallecano,Iván Balliu,Defender,6.73,0,0.33,1,2,0,2,0.0,7,70.0,0,0,0,0,0,0,0,0,0,0,0.0,0,0,0.0,10,7,5,3,1,0,0,0,0,1,0,0,0,2,224,184,40,82.14,90,94,51,1,12.5,11,40.74,13,5,506,2,0,8,4,63,1,25,54.35,21,61.76,4,33.33
291,1064026,La Liga,Espanyol,Omar El Hilali,Defender,6.72,0,0.01,0,1,0,1,0.0,7,70.0,0,0,0,0,0,0,3,0,0,0,0.0,0,0,0.0,72,40,93,17,24,1,1,1,0,8,3,2,0,17,1241,999,242,80.5,593,406,166,18,32.14,64,36.36,35,32,2817,9,0,44,24,365,5,130,54.85,102,58.29,28,45.16
292,997035,La Liga,FC Barcelona,Alejandro Balde,Defender,6.72,0,0.34,0,9,1,7,0.0,23,58.97,0,0,0,0,0,0,4,1,0,0,0.0,0,0,0.0,35,5,23,9,6,0,1,1,0,3,4,2,1,23,1136,1043,93,91.81,434,609,324,5,19.23,15,55.56,27,20,1784,2,0,14,24,187,19,92,58.97,82,60.29,10,50.0
293,1092769,La Liga,Girona FC,Yáser Asprilla,Midfielder,6.72,0,0.58,0,15,5,5,0.0,13,59.09,0,0,0,0,0,0,5,1,0,0,0.0,0,1,0.0,8,5,4,1,2,0,0,0,0,0,2,0,0,12,151,129,22,85.43,50,79,54,11,29.73,11,84.62,15,6,605,0,0,10,8,91,10,31,46.27,29,48.33,2,28.57
294,187313,La Liga,Osasuna,Lucas Torró,Midfielder,6.72,0,1.44,1,25,6,15,0.0,9,69.23,0,0,0,0,0,1,0,0,0,0,0.0,0,0,0.0,36,27,45,7,11,0,2,0,0,2,1,1,0,15,976,731,245,74.9,362,369,159,0,0.0,39,37.14,33,30,2239,6,0,38,28,295,11,173,63.14,71,54.62,102,70.83
295,1101232,La Liga,Getafe,Abdel Abqar,Defender,6.72,0,0.3,1,7,1,5,0.0,2,33.33,0,0,0,0,0,0,1,0,0,0,0.0,0,0,0.0,37,21,71,7,6,0,1,1,0,0,3,2,0,4,422,305,117,72.27,214,91,34,0,0.0,53,44.17,22,16,1350,10,1,26,34,138,3,92,63.89,73,65.77,19,57.58
296,1513222,La Liga,Deportivo Alavés,Ángel Pérez,Midfielder,6.72,1,0.99,1,13,3,2,7.69,18,41.86,1,0,0,1,0,0,5,0,0,0,0.0,0,0,0.0,15,9,26,1,11,0,0,0,0,2,2,3,0,22,438,324,114,73.97,100,224,121,20,23.53,14,25.0,15,13,1200,3,0,15,16,241,5,50,44.25,49,47.12,1,11.11
297,1010165,La Liga,Osasuna,Abel Bretones,Defender,6.71,1,0.63,0,11,3,7,9.09,13,44.83,0,1,0,1,0,0,1,1,0,0,0.0,0,0,0.0,33,18,51,5,17,0,1,0,0,3,3,2,0,13,503,388,115,77.14,160,228,124,12,36.36,24,38.71,28,17,1658,5,1,17,19,236,12,78,52.7,65,51.18,13,61.9
298,882475,La Liga,Real Oviedo,Alberto Reina,Midfielder,6.71,4,3.39,3,22,11,7,18.18,15,51.72,3,1,0,3,1,2,2,0,0,0,0.0,0,0,0.0,43,17,14,6,15,1,4,1,0,1,7,1,0,34,1003,854,149,85.14,414,440,228,17,32.08,56,60.22,36,30,2397,4,1,35,45,256,23,118,51.98,102,54.84,16,39.02
299,859769,La Liga,Levante UD,Oriol Rey,Midfielder,6.71,0,0.47,0,8,1,4,0.0,1,50.0,0,0,0,0,0,1,0,0,0,0,0.0,0,0,0.0,20,9,33,4,15,0,1,0,0,0,0,1,0,10,550,480,70,87.27,229,251,99,4,50.0,22,50.0,19,14,1282,4,0,23,14,89,3,48,46.15,35,45.45,13,48.15
300,1526628,La Liga,Celta Vigo,Fer López,Midfielder,6.71,1,1.08,2,12,5,3,8.33,20,58.82,1,0,0,1,0,1,1,0,0,0,0.0,0,0,0.0,15,7,9,2,11,1,2,0,0,1,2,0,1,9,531,451,80,84.93,175,276,146,3,20.0,27,61.36,16,12,1100,3,0,24,13,157,15,53,42.4,48,43.64,5,33.33
301,892521,La Liga,Valencia,Unai Núñez,Defender,6.71,0,0.21,1,5,0,3,0.0,0,0.0,0,0,0,0,0,1,0,0,0,0,0.0,0,0,0.0,22,11,39,5,6,0,0,0,0,3,0,0,0,1,415,354,61,85.3,226,128,35,1,33.33,29,50.88,12,9,831,2,0,10,7,86,3,41,55.41,28,58.33,13,50.0
302,946381,La Liga,Sevilla,Akor Adams,Forward,6.71,10,9.97,9,60,30,18,16.67,16,57.14,9,1,1,2,7,0,41,0,3,3,100.0,0,0,0.0,8,1,25,4,3,1,0,0,0,2,1,3,0,13,350,225,125,64.29,84,141,90,1,5.56,7,36.84,31,21,2044,3,0,36,12,248,33,91,37.14,36,31.03,55,42.64
303,1186010,La Liga,Real Betis,Valentín Gómez,Defender,6.71,1,0.8,1,11,5,6,9.09,13,92.86,1,0,1,0,0,0,1,0,0,0,0.0,0,0,0.0,46,24,113,13,22,1,1,2,0,4,3,0,0,10,950,815,135,85.79,509,306,94,3,25.0,42,43.75,27,19,1870,5,0,26,12,193,7,112,56.85,69,56.1,43,58.11
304,1000150,La Liga,Mallorca,Zito Luvumbo,Forward,6.7,0,0.62,2,9,7,2,0.0,9,39.13,0,0,0,0,0,0,6,0,0,0,0.0,0,0,0.0,1,0,2,0,3,0,0,0,0,0,2,2,0,9,58,41,17,70.69,5,36,27,4,20.0,0,0.0,10,6,519,2,0,13,21,75,7,32,41.03,31,46.27,1,9.09
305,605374,La Liga,Elche,Tete Morente,Forward,6.7,1,0.52,0,8,1,4,12.5,7,25.93,1,0,1,0,0,0,2,0,0,0,0.0,0,0,0.0,22,9,18,5,7,0,0,0,0,2,3,1,0,11,294,222,72,75.51,52,170,108,6,13.64,5,20.0,12,10,843,1,0,14,9,174,11,50,44.25,38,42.7,12,50.0
306,1901143,La Liga,Real Madrid,Víctor Valdepeñas,Defender,6.7,0,0.0,0,0,0,0,0.0,1,100.0,0,0,0,0,0,0,0,0,0,0,0.0,0,0,0.0,5,0,1,0,1,0,0,0,0,0,0,0,0,1,34,32,2,94.12,14,18,6,1,100.0,1,50.0,1,1,78,0,0,3,1,7,1,7,58.33,7,58.33,0,0.0
307,1402908,La Liga,Elche,Hector Fort,Defender,6.7,2,0.62,1,12,5,2,16.67,8,42.11,2,0,0,0,2,0,2,0,0,0,0.0,0,0,0.0,12,6,8,1,3,0,0,0,0,0,0,2,0,4,161,134,27,83.23,46,88,37,2,22.22,8,57.14,13,7,486,0,0,4,1,66,7,27,47.37,21,45.65,6,54.55
308,1458073,La Liga,Rayo Vallecano,Nobel Mendy,Defender,6.7,2,1.58,2,11,3,7,18.18,3,75.0,2,0,2,0,0,0,1,0,0,0,0.0,0,0,0.0,25,21,151,21,8,0,1,1,0,5,1,0,0,3,916,790,126,86.24,631,159,39,0,0.0,45,37.5,23,21,1721,7,2,30,12,142,3,69,51.88,40,51.28,29,52.73
309,910267,La Liga,Athletic Club,Jesús Areso,Defender,6.7,0,0.12,0,3,0,1,0.0,14,56.0,0,0,0,0,0,0,1,0,0,0,0.0,0,0,0.0,22,18,51,8,6,0,2,0,0,2,3,1,0,23,581,485,96,83.48,205,280,142,17,20.0,18,47.37,26,14,1513,3,0,19,7,266,8,75,59.52,42,50.6,33,76.74
310,1167704,La Liga,Valencia,Rubén Iranzo,Defender,6.7,0,0.0,0,0,0,0,0.0,0,0.0,0,0,0,0,0,0,0,0,0,0,0.0,0,0,0.0,1,0,2,0,0,0,0,0,0,0,0,0,0,0,2,2,0,100.0,0,2,1,0,0.0,1,100.0,1,0,12,0,0,1,0,0,0,1,33.33,1,50.0,0,0.0
311,941464,La Liga,Sevilla,Federico Gattoni,Defender,6.7,0,0.0,0,0,0,0,0.0,0,0.0,0,0,0,0,0,0,0,0,0,0,0.0,0,0,0.0,0,0,2,0,0,0,0,0,0,0,0,0,0,0,1,1,0,100.0,0,1,1,0,0.0,0,0.0,1,0,9,0,0,0,0,1,0,1,100.0,0,0.0,1,100.0
312,2115056,La Liga,Real Oviedo,Omar Falah,Defender,6.7,0,0.0,0,0,0,0,0.0,0,0.0,0,0,0,0,0,0,0,0,0,0,0.0,0,0,0.0,0,0,2,0,0,0,0,0,0,0,0,0,0,0,7,6,1,85.71,4,2,1,0,0.0,1,100.0,1,0,13,0,0,0,0,2,0,0,0.0,0,0.0,0,0.0
313,88625,La Liga,Girona FC,Marc-André Ter Stegen,Goalkeeper,6.7,0,0.0,0,0,0,0,0.0,0,0.0,0,0,0,0,0,0,0,0,0,0,0.0,0,0,0.0,0,0,1,0,0,0,0,0,0,0,0,0,0,0,75,69,6,92.0,69,0,0,0,0.0,7,53.85,2,2,180,0,0,0,0,6,0,0,0.0,0,0.0,0,0.0
314,344129,La Liga,Levante UD,José Luis Morales,Forward,6.7,1,2.21,4,11,4,3,9.09,9,52.94,1,0,0,0,1,0,4,0,1,1,100.0,0,0,0.0,10,3,4,2,1,0,0,0,0,0,2,1,0,7,127,95,32,74.8,31,64,43,2,20.0,1,25.0,20,1,383,1,0,3,4,67,6,25,53.19,23,56.1,2,33.33
315,1174937,La Liga,Real Madrid,Endrick,Forward,6.7,0,0.0,0,0,0,0,0.0,1,100.0,0,0,0,0,0,0,0,0,0,0,0.0,0,0,0.0,0,0,0,0,0,0,0,0,0,0,0,0,0,0,0,0,0,0.0,0,0,0,0,0.0,0,0.0,1,0,11,0,1,0,1,1,0,2,100.0,2,100.0,0,0.0
316,328145,La Liga,Sevilla,Adnan Januzaj,Midfielder,6.7,0,0.25,0,7,0,2,0.0,8,42.11,0,0,0,0,0,0,1,0,0,0,0.0,0,0,0.0,6,1,3,0,1,0,0,1,0,0,0,0,0,11,129,113,16,87.6,38,75,57,8,26.67,15,68.18,12,2,320,1,0,8,10,76,4,24,50.0,24,50.0,0,0.0
317,1084381,La Liga,Deportivo Alavés,Pablo Ibáñez,Midfielder,6.7,1,4.15,3,45,12,19,2.22,31,43.66,1,0,0,0,1,1,3,0,0,0,0.0,0,0,0.0,54,21,26,10,30,0,1,0,0,2,1,1,0,19,992,853,139,85.99,347,506,252,6,18.18,25,43.86,36,27,2179,7,0,38,64,314,47,175,49.3,149,49.17,26,50.0
318,1111081,La Liga,Real Sociedad,Job Ochieng,Midfielder,6.7,0,0.0,0,0,0,0,0.0,0,0.0,0,0,0,0,0,0,0,0,0,0,0.0,0,0,0.0,1,0,0,0,0,0,0,0,0,0,0,0,0,2,12,9,3,75.0,3,6,4,0,0.0,1,100.0,1,0,25,0,0,0,0,9,0,1,25.0,1,33.33,0,0.0
319,1858279,La Liga,Celta Vigo,Hugo Burcio,Midfielder,6.7,0,0.0,0,0,0,0,0.0,0,0.0,0,0,0,0,0,0,0,0,0,0,0.0,0,0,0.0,1,0,0,0,0,0,0,0,0,0,0,0,0,0,5,5,0,100.0,1,4,0,0,0.0,0,0.0,1,0,12,0,0,0,0,0,0,1,100.0,1,100.0,0,0.0
320,2198232,La Liga,Rayo Vallecano,Samu Becerra,Midfielder,6.7,0,0.0,0,0,0,0,0.0,0,0.0,0,0,0,0,0,0,0,0,0,0,0.0,0,0,0.0,0,0,0,0,0,0,0,0,0,0,0,0,0,1,12,11,1,91.67,5,6,4,1,50.0,0,0.0,3,0,11,0,0,1,0,3,0,0,0.0,0,0.0,0,0.0
321,2110897,La Liga,Athletic Club,Alejandro Rego Mora,Midfielder,6.7,1,0.58,0,12,3,3,8.33,9,47.37,1,0,0,0,1,1,0,0,0,0,0.0,0,0,0.0,42,24,16,5,15,0,0,1,0,1,1,1,0,11,524,429,95,81.87,186,243,102,3,50.0,24,64.86,28,11,1236,6,0,40,6,130,6,71,47.65,57,44.88,14,63.64
322,1142689,La Liga,Real Madrid,David Jiménez,Defender,6.7,0,0.11,1,1,1,0,0.0,0,0.0,0,0,0,0,0,0,0,0,0,0,0.0,0,0,0.0,1,0,1,0,0,0,0,0,0,0,0,0,0,0,35,34,1,97.14,13,21,11,0,0.0,0,0.0,2,1,77,0,0,0,0,6,1,1,50.0,1,50.0,0,0.0
323,597876,La Liga,Real Oviedo,Lucas Ahijado,Defender,6.69,0,0.95,2,10,2,4,0.0,16,59.26,0,0,0,0,0,0,2,0,0,0,0.0,0,0,0.0,46,17,31,4,10,0,0,1,0,1,2,1,0,8,421,337,84,80.05,161,176,78,5,31.25,15,28.3,19,11,1087,3,0,14,3,142,3,72,63.16,65,63.73,7,58.33
324,944225,La Liga,Osasuna,Jorge Herrando,Defender,6.69,0,0.29,1,3,0,1,0.0,3,100.0,0,0,0,0,0,0,0,1,0,0,0.0,0,0,0.0,31,18,100,11,10,0,0,0,0,2,1,1,0,2,692,598,94,86.42,426,172,38,0,0.0,22,36.07,27,16,1540,3,0,23,8,106,1,69,56.56,41,55.41,28,58.33
325,966802,La Liga,Levante UD,Unai Vencedor,Midfielder,6.69,0,0.0,0,0,0,0,0.0,4,57.14,0,0,0,0,0,0,0,0,0,0,0.0,0,0,0.0,22,6,14,5,18,0,0,0,0,0,3,0,0,12,416,339,77,81.49,166,173,85,9,40.91,40,57.97,16,11,818,3,1,24,8,101,3,48,44.04,34,41.98,14,50.0
326,1162107,La Liga,FC Barcelona,Roony Bardghji,Forward,6.69,1,1.43,3,22,12,6,4.55,22,53.66,1,0,0,0,1,0,0,0,0,0,0.0,0,0,0.0,6,2,3,0,1,0,1,0,0,0,3,1,1,15,336,298,38,88.69,102,196,110,15,27.78,4,66.67,21,7,661,0,0,7,8,123,11,36,46.75,36,48.65,0,0.0
327,1403559,La Liga,Real Madrid,Franco Mastantuono,Forward,6.69,1,3.09,3,30,7,17,3.33,22,43.14,1,0,0,0,1,3,1,0,0,0,0.0,0,1,0.0,20,3,3,0,15,0,1,0,0,1,5,0,0,15,461,417,44,90.46,102,315,166,9,31.03,10,62.5,22,10,975,5,1,18,28,157,27,75,44.12,70,44.59,5,38.46
328,268903,La Liga,Sevilla,Neal Maupay,Forward,6.69,2,1.75,2,17,7,5,11.76,4,40.0,2,0,1,0,1,0,3,0,0,0,0.0,0,0,0.0,4,1,2,1,3,0,1,0,0,0,0,1,0,13,189,155,34,82.01,56,99,56,0,0.0,14,77.78,11,10,844,1,0,15,16,79,13,33,35.87,24,41.38,9,26.47
329,1069703,La Liga,Celta Vigo,Carlos Domínguez,Defender,6.69,0,0.52,1,2,1,1,0.0,0,0.0,0,0,0,0,0,0,0,0,0,0,0.0,0,0,0.0,13,5,43,5,2,1,0,1,0,0,0,0,0,1,442,404,38,91.4,295,109,33,0,0.0,16,43.24,8,6,610,1,0,6,1,48,4,28,60.87,14,53.85,14,70.0
330,1119586,La Liga,Osasuna,Iker Muñoz,Midfielder,6.69,0,0.35,0,9,4,4,0.0,4,36.36,0,0,0,0,0,0,1,0,0,0,0.0,0,1,0.0,12,11,23,2,15,0,0,0,0,0,0,0,0,5,449,381,68,84.86,176,205,103,1,16.67,25,58.14,19,8,953,5,0,18,21,96,6,51,45.13,36,43.9,15,48.39
331,235648,La Liga,Deportivo Alavés,Jonny Otto,Defender,6.69,0,0.55,2,9,3,5,0.0,25,73.53,0,0,0,0,0,1,1,0,0,0,0.0,0,0,0.0,66,41,63,14,32,0,2,0,0,3,2,0,0,17,1757,1522,235,86.62,830,692,303,7,29.17,63,50.81,34,34,2998,7,0,37,30,368,31,147,53.65,121,53.54,26,54.17
332,998950,La Liga,Valencia,Diego López,Midfielder,6.69,4,2.5,4,25,8,8,16.0,13,37.14,4,0,0,0,4,1,3,0,0,0,0.0,0,0,0.0,21,9,10,2,16,0,2,0,0,2,3,1,0,16,502,384,118,76.49,131,253,140,6,15.0,10,76.92,33,19,1725,2,0,19,33,233,16,90,42.86,66,47.83,24,33.33
333,835485,La Liga,Real Madrid,Brahim Díaz,Midfielder,6.69,0,1.1,1,14,6,5,0.0,25,56.82,0,0,0,0,0,0,3,2,0,0,0.0,0,0,0.0,15,2,4,0,2,0,1,0,0,0,7,6,0,30,527,477,50,90.51,126,351,208,8,40.0,9,90.0,29,13,1268,2,0,19,37,164,32,79,49.69,77,51.68,2,20.0
334,1632454,La Liga,Girona FC,Hugo Rincón,Defender,6.69,1,0.86,2,7,2,4,14.29,9,52.94,1,0,0,0,1,0,1,1,0,0,0.0,0,0,0.0,45,5,49,9,13,0,1,1,0,2,2,1,0,10,756,625,131,82.67,295,330,206,3,8.82,16,39.02,32,16,1726,4,0,32,50,222,12,123,57.48,104,61.54,19,42.22
335,1064009,La Liga,Espanyol,Urko González,Midfielder,6.69,0,0.71,0,17,1,10,0.0,14,66.67,0,0,0,0,0,0,1,0,0,0,0.0,0,0,0.0,53,32,59,11,42,0,1,0,0,4,0,1,1,11,939,758,181,80.72,371,387,159,1,9.09,27,34.18,35,27,2539,7,0,41,41,266,26,131,48.88,107,48.86,24,48.98
336,344847,La Liga,Mallorca,Johan Mojica,Defender,6.69,0,0.54,1,17,2,12,0.0,15,36.59,0,0,0,0,0,0,2,0,0,0,0.0,0,6,0.0,51,24,84,6,10,0,2,0,0,5,6,4,0,36,1210,957,253,79.09,444,513,261,38,28.57,66,36.46,35,30,2737,6,1,29,30,485,28,118,52.21,95,50.8,23,58.97
337,32048,La Liga,Girona FC,Cristhian Stuani,Forward,6.68,5,5.2,6,16,10,4,31.25,2,100.0,5,0,1,0,4,0,6,2,4,3,75.0,0,0,0.0,5,1,3,0,3,0,0,0,0,0,0,0,0,2,59,39,20,66.1,19,20,13,0,0.0,0,0.0,20,1,398,4,0,12,10,31,2,33,50.0,17,50.0,16,50.0
338,84972,La Liga,Espanyol,Kike García,Forward,6.68,8,8.8,11,60,27,23,13.33,9,39.13,8,0,1,2,5,0,26,0,2,1,50.0,0,0,0.0,12,6,19,1,11,1,0,0,0,0,4,1,0,19,382,249,133,65.18,86,163,90,1,5.88,10,52.63,36,17,1726,3,0,32,43,253,21,148,47.59,62,46.27,86,48.59
339,345195,La Liga,Villarreal,Ayoze Pérez,Forward,6.68,3,4.89,5,20,9,6,15.0,11,33.33,3,0,0,2,1,1,5,0,1,1,100.0,0,0,0.0,22,4,7,0,8,0,0,0,0,0,2,3,0,15,233,176,57,75.54,63,113,74,1,12.5,3,37.5,24,11,1052,4,0,16,22,146,27,68,40.48,54,42.52,14,34.15
340,591132,La Liga,Osasuna,Kike Barja,Forward,6.68,2,0.93,0,8,4,3,25.0,6,31.58,2,0,0,1,1,0,1,0,0,0,0.0,0,0,0.0,5,2,5,1,4,0,0,0,0,0,0,2,0,11,120,89,31,74.17,25,64,42,16,25.4,8,61.54,26,2,462,4,0,11,10,114,11,28,38.36,21,35.0,7,53.85
341,850035,La Liga,Rayo Vallecano,Luiz Felipe,Defender,6.68,0,0.38,0,3,1,1,0.0,0,0.0,0,0,0,0,0,0,0,0,0,0,0.0,0,0,0.0,12,8,24,3,3,0,0,0,0,2,0,0,0,1,254,231,23,90.94,187,44,5,0,0.0,8,44.44,10,7,491,1,0,5,1,31,0,22,57.89,13,61.9,9,52.94
342,910978,La Liga,Athletic Club,Dani Vivian,Defender,6.68,1,1.23,2,17,6,7,5.88,5,83.33,0,1,0,0,1,1,1,0,0,0,0.0,0,0,0.0,52,31,140,13,19,2,2,1,0,4,3,0,0,6,1327,1135,192,85.53,674,461,136,3,27.27,92,48.42,30,27,2473,8,1,37,16,255,15,103,48.82,72,51.06,31,44.29
343,67769,La Liga,Real Betis,Ricardo Rodríguez,Defender,6.68,0,0.12,0,3,0,2,0.0,1,50.0,0,0,0,0,0,0,0,0,0,0,0.0,0,0,0.0,22,8,64,3,11,0,0,0,0,5,1,1,0,7,593,501,92,84.49,253,248,99,7,46.67,21,34.43,22,17,1470,0,0,9,5,137,4,42,52.5,28,52.83,14,51.85
344,813574,La Liga,Levante UD,Unai Elgezabal,Defender,6.68,1,0.67,1,3,1,2,33.33,0,0.0,1,0,0,0,1,0,0,0,0,0,0.0,0,0,0.0,8,3,70,16,7,0,1,1,1,1,0,0,0,2,409,348,61,85.09,239,109,20,0,0.0,14,30.43,12,11,958,2,0,11,6,67,0,45,60.0,14,43.75,31,72.09
345,1392092,La Liga,Getafe,Sebastián Boselli,Defender,6.68,0,0.36,1,4,1,2,0.0,2,100.0,0,0,0,0,0,0,0,0,0,0,0.0,0,0,0.0,17,1,19,1,13,0,1,0,0,3,1,0,0,1,84,46,38,54.76,10,36,17,2,25.0,8,28.57,11,4,406,3,0,6,0,62,2,26,50.98,19,47.5,7,63.64
346,68332,La Liga,Sevilla,Nemanja Gudelj,Midfielder,6.68,2,1.29,0,30,8,16,6.67,5,45.45,1,1,1,1,0,0,0,0,0,0,0.0,0,5,0.0,35,25,127,18,17,0,1,0,0,3,1,0,0,7,1102,973,129,88.29,673,300,100,1,14.29,54,50.0,33,26,2361,9,0,40,10,166,7,93,50.27,50,42.74,43,63.24
347,845025,La Liga,Real Oviedo,Ovie Ejaria,Midfielder,6.68,0,0.14,0,3,1,1,0.0,4,66.67,0,0,0,0,0,0,1,0,0,0,0.0,0,0,0.0,4,3,3,0,4,0,0,0,0,0,0,0,0,1,108,95,13,87.96,34,61,29,0,0.0,2,50.0,8,2,196,1,0,3,5,25,4,20,51.28,12,48.0,8,57.14
348,1046796,La Liga,Deportivo Alavés,Calebe Gonçalves,Midfielder,6.68,0,0.13,0,5,1,1,0.0,16,41.03,0,0,0,0,0,0,0,0,0,0,0.0,0,0,0.0,25,9,4,1,5,0,0,0,0,0,1,0,0,13,313,275,38,87.86,120,155,86,2,12.5,6,60.0,19,13,764,2,0,18,19,105,8,62,52.99,60,53.57,2,40.0
349,859021,La Liga,Sevilla,Batista Mendy,Midfielder,6.68,1,1.14,0,17,5,5,5.88,10,58.82,1,0,0,1,0,1,0,0,0,0,0.0,0,0,0.0,35,18,24,5,15,1,2,0,0,2,0,0,0,9,653,565,88,86.52,308,257,140,1,20.0,34,57.63,27,19,1624,6,0,37,27,143,18,87,49.71,71,47.97,16,59.26
350,138383,La Liga,Deportivo Alavés,Denis Suárez,Midfielder,6.68,1,0.94,2,8,3,2,12.5,24,46.15,1,0,0,0,1,1,0,0,0,0,0.0,0,0,0.0,23,6,12,3,26,0,1,0,0,1,2,2,0,21,781,670,111,85.79,265,405,204,10,26.32,27,45.0,29,15,1416,6,0,20,26,217,24,77,41.85,73,42.69,4,30.77
351,992331,La Liga,Levante UD,Iker Losada,Midfielder,6.68,3,1.73,2,14,4,7,21.43,6,40.0,2,1,0,0,3,0,2,0,0,0,0.0,0,0,0.0,12,11,10,2,10,0,0,0,0,0,1,1,0,11,223,159,64,71.3,57,102,55,6,28.57,3,17.65,22,10,896,1,0,6,7,112,4,28,39.44,25,47.17,3,16.67
352,1392054,La Liga,Getafe,Coba Da Costa,Midfielder,6.68,0,0.31,0,5,1,3,0.0,10,50.0,0,0,0,0,0,0,2,0,0,0,0.0,0,0,0.0,10,1,1,0,6,0,0,0,0,0,0,0,1,4,132,90,42,68.18,22,68,37,4,17.39,4,44.44,14,2,361,1,0,8,6,111,8,44,53.01,26,45.61,18,69.23
353,839585,La Liga,Real Sociedad,Yangel Herrera,Midfielder,6.68,0,0.4,1,6,1,3,0.0,5,62.5,0,0,0,0,0,0,1,1,0,0,0.0,0,0,0.0,11,2,21,3,8,1,0,0,0,0,0,0,0,0,237,185,52,78.06,92,93,43,1,50.0,11,57.89,13,7,552,1,0,12,19,74,7,57,57.0,34,53.13,23,63.89
354,300522,La Liga,Mallorca,Martin Valjent,Defender,6.67,0,0.79,1,16,8,4,0.0,4,80.0,0,0,0,0,0,0,0,0,0,0,0.0,0,0,0.0,49,21,238,14,9,1,1,2,0,4,0,0,0,3,1729,1510,219,87.33,1036,474,142,0,0.0,104,44.07,36,36,3219,6,0,36,10,252,6,114,56.44,62,55.86,52,57.14
355,1021165,La Liga,Espanyol,Rubén Sánchez,Defender,6.67,0,0.22,0,8,1,7,0.0,15,57.69,0,0,0,0,0,0,2,0,0,0,0.0,0,0,0.0,9,9,21,5,10,1,0,2,0,1,2,1,0,9,274,198,76,72.26,84,114,54,9,26.47,14,34.15,20,7,751,2,0,11,11,157,8,47,48.96,33,47.83,14,51.85
356,980383,La Liga,Osasuna,Raúl Moro,Midfielder,6.67,0,0.23,0,6,0,2,0.0,12,50.0,0,0,0,0,0,0,5,0,0,0,0.0,0,0,0.0,2,1,8,0,1,1,0,0,0,0,2,2,1,11,161,124,37,77.02,26,98,66,4,14.29,3,60.0,13,7,621,0,0,1,6,99,6,21,46.67,20,50.0,1,20.0
357,944165,La Liga,Athletic Club,Robert Navarro,Midfielder,6.67,6,3.91,0,20,10,8,30.0,23,41.82,6,0,0,3,3,0,4,0,0,0,0.0,0,0,0.0,16,7,9,1,4,0,0,0,0,0,3,1,0,21,391,316,75,80.82,67,249,158,9,12.86,6,50.0,31,9,1221,1,0,16,16,254,31,64,35.36,55,39.86,9,20.93
358,294593,La Liga,Girona FC,Álex Moreno,Defender,6.67,0,1.49,2,16,5,7,0.0,35,48.61,0,0,0,0,0,0,9,0,0,0,0.0,0,0,0.0,40,28,99,10,30,1,0,1,0,5,6,3,0,16,1021,857,164,83.94,424,433,253,8,12.5,18,28.13,30,27,2472,5,0,30,18,346,10,113,48.71,93,46.97,20,58.82
359,842419,La Liga,Osasuna,Valentin Rosier,Defender,6.67,1,0.64,1,18,3,9,5.56,28,63.64,1,0,0,0,1,0,3,0,0,0,0.0,0,0,0.0,46,43,83,3,19,0,0,0,0,4,4,1,0,15,1028,837,191,81.42,404,433,206,10,22.22,33,30.28,30,29,2464,4,1,34,19,329,27,111,50.68,93,49.47,18,58.06
360,1393673,La Liga,Levante UD,Etta Eyong,Forward,6.67,7,8.72,11,49,24,19,14.29,11,37.93,7,0,4,1,2,1,7,0,1,0,0.0,0,0,0.0,27,6,18,1,4,0,0,0,0,2,4,4,0,14,281,194,87,69.04,66,128,74,1,7.69,9,64.29,32,18,1694,3,0,32,34,223,35,106,42.57,72,46.15,34,36.56
361,1015240,La Liga,Sevilla,José Ángel Carmona,Defender,6.66,1,0.77,1,20,3,10,5.0,18,43.9,1,0,0,0,1,0,3,0,0,0,0.0,0,0,0.0,64,37,71,9,43,1,0,2,0,5,3,3,0,20,1124,911,213,81.05,503,408,215,11,25.0,47,45.19,34,28,2474,13,0,48,43,390,11,168,54.19,124,50.2,44,69.84
362,1015287,La Liga,Real Betis,Natan,Defender,6.66,0,0.5,0,10,1,6,0.0,3,75.0,0,0,0,0,0,0,0,0,0,0,0.0,0,0,0.0,32,37,211,22,9,1,0,0,0,8,0,0,0,7,1387,1221,166,88.03,921,300,66,0,0.0,50,34.01,32,31,2731,8,0,28,11,191,7,112,52.83,44,49.44,68,55.28
363,1513896,La Liga,Mallorca,David López,Defender,6.66,0,0.31,0,4,0,3,0.0,2,100.0,0,0,0,0,0,0,0,0,0,0,0.0,0,0,0.0,11,8,81,14,2,1,0,0,1,1,0,0,0,0,459,382,77,83.22,277,105,27,0,0.0,35,40.7,14,9,833,2,0,13,4,80,0,44,59.46,17,53.13,27,64.29
364,1010655,La Liga,Sevilla,Juanlu Sánchez,Midfielder,6.66,0,0.81,0,14,1,6,0.0,27,52.94,0,0,0,0,0,0,4,1,0,0,0.0,0,0,0.0,63,12,32,0,31,0,0,2,0,0,5,3,0,22,764,636,128,83.25,259,377,220,20,32.79,36,60.0,32,23,2002,5,1,23,42,263,17,150,55.97,132,58.67,18,41.86
365,1019318,La Liga,Athletic Club,Nico Serrano,Midfielder,6.66,1,0.67,0,16,4,4,6.25,7,36.84,1,0,0,0,1,0,0,0,0,0,0.0,0,0,0.0,6,2,2,0,9,0,0,0,0,0,1,0,0,10,123,99,24,80.49,17,82,53,12,28.57,7,70.0,16,4,365,0,0,10,8,81,4,23,37.7,21,38.89,2,28.57
366,996928,La Liga,Valencia,César Tárrega,Defender,6.66,0,0.58,1,10,1,7,0.0,10,76.92,0,0,0,0,0,0,0,0,0,0,0.0,0,0,0.0,41,28,191,19,8,2,1,1,2,7,0,0,0,2,1301,1123,178,86.32,875,248,59,0,0.0,59,38.31,31,28,2507,7,0,40,12,206,4,125,55.8,63,54.31,62,57.41
367,826010,La Liga,Espanyol,Pol Lozano,Midfielder,6.66,2,0.78,0,17,5,4,11.76,3,27.27,1,1,0,0,2,0,0,0,0,0,0.0,0,1,0.0,38,22,26,6,30,0,0,1,0,6,2,1,0,23,946,822,124,86.89,355,467,217,8,27.59,36,59.02,33,28,2182,10,1,64,30,191,14,82,38.32,71,38.8,11,35.48
368,1170693,La Liga,Mallorca,Mateo Joseph,Forward,6.66,2,5.09,8,33,14,14,6.06,18,47.37,2,0,0,1,1,1,4,1,0,0,0.0,0,0,0.0,29,12,24,4,15,0,0,0,0,1,3,3,0,14,302,246,56,81.46,83,163,95,4,28.57,2,50.0,29,19,1710,2,0,19,31,182,36,88,40.18,78,46.43,10,19.61
369,825754,La Liga,Elche,Rafa Mir,Forward,6.66,8,8.08,13,69,36,27,11.59,5,25.0,7,1,0,2,6,4,7,0,2,1,50.0,1,3,33.33,16,5,19,1,8,0,1,0,0,3,3,0,0,9,415,332,83,80.0,109,223,134,3,15.0,15,75.0,27,21,1815,4,0,39,16,183,25,56,32.18,37,32.46,19,31.67
370,840951,La Liga,Sevilla,Marcão,Defender,6.65,0,0.71,1,10,2,4,0.0,1,100.0,0,0,0,0,0,0,1,0,0,0,0.0,0,0,0.0,13,5,59,5,5,1,2,1,0,2,0,0,0,0,466,407,59,87.34,292,115,31,0,0.0,26,44.83,13,11,943,2,1,22,21,70,0,62,55.86,35,58.33,27,52.94
371,22209,La Liga,Sevilla,Ørjan Nyland,Goalkeeper,6.65,0,0.0,0,0,0,0,0.0,0,0.0,0,0,0,0,0,0,0,0,0,0,0.0,0,0,0.0,0,0,5,0,0,0,0,0,0,1,0,0,0,0,117,79,38,67.52,68,11,5,0,0.0,21,35.59,4,4,360,1,0,0,0,39,0,1,100.0,0,0.0,1,100.0
372,1089108,La Liga,Rayo Vallecano,Ilias Akhomach,Midfielder,6.65,0,1.94,4,24,8,10,0.0,14,31.82,0,0,0,0,0,0,1,0,0,0,0.0,0,1,0.0,24,2,9,2,2,0,0,0,0,0,3,1,0,13,258,217,41,84.11,66,151,98,6,19.35,9,52.94,20,9,897,3,0,18,36,166,27,75,47.47,74,49.33,1,12.5
373,1145100,La Liga,Celta Vigo,Yoel Lago,Defender,6.65,0,0.0,0,0,0,0,0.0,1,100.0,0,0,0,0,0,0,1,0,0,0,0.0,0,0,0.0,16,7,63,10,4,0,4,2,0,1,0,0,0,2,466,427,39,91.63,307,120,18,0,0.0,14,42.42,11,10,857,4,0,17,13,43,1,38,55.07,30,57.69,8,47.06
374,2049311,La Liga,Levante UD,Nacho Pérez,Defender,6.65,0,0.0,0,0,0,0,0.0,0,0.0,0,0,0,0,0,0,0,0,0,0,0.0,0,0,0.0,4,2,4,0,1,0,0,0,0,0,0,0,0,2,48,39,9,81.25,24,15,4,0,0.0,1,16.67,3,1,147,1,0,1,1,14,1,5,45.45,5,55.56,0,0.0
375,846147,La Liga,Rayo Vallecano,Abdul Mumin,Defender,6.65,0,0.0,0,0,0,0,0.0,0,0.0,0,0,0,0,0,0,0,0,0,0,0.0,0,0,0.0,0,0,2,1,0,0,0,0,0,0,0,0,0,0,8,7,1,87.5,7,0,0,0,0.0,0,0.0,2,0,17,0,0,1,0,1,0,0,0.0,0,0.0,0,0.0
376,1630975,La Liga,Celta Vigo,Manu Fernández,Defender,6.65,0,0.05,0,2,0,2,0.0,1,50.0,0,0,0,0,0,0,0,0,0,0,0.0,0,0,0.0,13,8,34,3,0,0,1,2,0,1,0,0,1,3,504,454,50,90.08,297,157,43,0,0.0,24,45.28,14,9,765,2,0,8,7,61,6,28,60.87,21,60.0,7,63.64
377,363774,La Liga,Celta Vigo,Mihailo Ristić,Defender,6.65,0,0.02,0,1,0,0,0.0,6,66.67,0,0,0,0,0,0,0,0,0,0,0.0,0,0,0.0,1,2,7,2,3,0,0,0,0,0,0,0,0,2,146,122,24,83.56,81,41,24,0,0.0,5,33.33,5,4,256,0,0,0,2,35,1,10,52.63,9,56.25,1,33.33
378,807648,La Liga,Athletic Club,Yeray Álvarez,Defender,6.65,0,0.12,0,1,0,1,0.0,0,0.0,0,0,0,0,0,0,0,0,0,0,0.0,0,0,0.0,1,12,30,2,0,0,0,1,0,1,0,0,0,3,275,232,43,84.36,143,89,38,0,0.0,23,40.35,6,5,469,0,0,3,4,50,0,10,40.0,5,62.5,5,29.41
379,996929,La Liga,Valencia,Jesús Vázquez,Defender,6.65,0,0.3,0,8,2,3,0.0,21,61.76,0,0,0,0,0,0,2,0,0,0,0.0,0,0,0.0,23,2,31,4,15,0,0,0,0,1,2,0,0,12,322,273,49,84.78,121,152,76,4,16.0,9,50.0,23,6,890,2,0,16,7,122,13,62,48.44,51,47.22,11,55.0
380,604954,La Liga,Getafe,Borja Mayoral,Forward,6.65,4,3.05,3,15,7,3,26.67,6,66.67,4,0,1,1,2,0,11,0,1,0,0.0,0,0,0.0,5,5,5,2,4,0,0,0,0,2,1,1,0,5,264,214,50,81.06,67,147,86,1,16.67,12,66.67,16,12,1068,0,0,6,7,102,18,33,34.74,18,36.73,15,32.61
381,827504,La Liga,Elche,Léo Pétrot,Defender,6.65,0,0.64,0,8,0,4,0.0,3,42.86,0,0,0,0,0,0,2,0,0,0,0.0,0,0,0.0,37,15,69,15,8,0,2,0,0,2,1,0,0,2,951,825,126,86.75,493,332,123,2,11.76,31,50.82,31,18,1606,2,1,19,6,188,5,78,59.54,46,56.1,32,65.31
382,326471,La Liga,Rayo Vallecano,Gerard Gumbau,Midfielder,6.65,0,0.73,1,17,5,5,0.0,6,75.0,0,0,0,0,0,0,0,0,0,0,0.0,0,1,0.0,29,10,27,6,5,0,0,1,0,0,5,3,0,21,439,366,73,83.37,179,187,82,16,33.33,23,52.27,27,13,1107,4,0,35,5,126,4,52,45.61,40,47.06,12,41.38
383,1010891,La Liga,Elche,Mourad El Ghezouani,Forward,6.65,0,0.07,0,1,0,0,0.0,0,0.0,0,0,0,0,0,0,0,0,0,0,0.0,0,0,0.0,4,0,0,0,0,0,0,0,0,0,0,0,0,1,15,11,4,73.33,4,7,1,0,0.0,0,0.0,2,0,50,0,0,1,1,6,0,7,77.78,5,83.33,2,66.67
384,1403364,La Liga,Deportivo Alavés,Youssef Enriquez,Defender,6.65,0,0.79,1,11,3,4,0.0,8,34.78,0,0,0,0,0,0,0,0,0,0,0.0,0,0,0.0,17,10,37,1,11,0,1,0,0,1,4,1,1,17,535,424,111,79.25,210,214,101,20,32.79,26,48.15,25,13,1347,7,0,24,13,218,8,54,46.15,38,40.86,16,66.67
385,873717,La Liga,Deportivo Alavés,Carlos Benavídez,Midfielder,6.65,0,0.23,0,3,2,0,0.0,0,0.0,0,0,0,0,0,0,0,0,0,0,0.0,0,0,0.0,11,2,14,4,1,0,0,0,0,0,0,0,0,3,123,103,20,83.74,55,48,23,1,100.0,10,62.5,12,3,281,0,1,7,2,29,1,19,55.88,13,54.17,6,60.0
386,904970,La Liga,Atlético Madrid,Conor Gallagher,Midfielder,6.64,2,1.11,1,13,5,7,15.38,3,18.75,2,0,0,1,1,0,2,0,0,0,0.0,0,0,0.0,17,11,5,3,10,0,0,0,0,1,1,0,0,4,359,324,35,90.25,145,179,91,1,9.09,6,50.0,19,4,665,2,0,18,9,90,9,39,41.49,29,38.16,10,55.56
387,1201412,La Liga,Real Oviedo,Thiago Fernández,Midfielder,6.64,0,0.54,0,13,5,5,0.0,20,40.82,0,0,0,0,0,1,2,0,0,0,0.0,0,0,0.0,13,5,3,0,9,1,0,0,0,0,4,4,0,10,253,204,49,80.63,61,143,76,8,27.59,9,52.94,16,9,822,4,0,7,11,161,24,46,36.51,44,38.94,2,15.38
388,1116388,La Liga,Real Sociedad,Jon Aramburu,Defender,6.64,1,1.91,2,21,5,12,4.76,11,50.0,1,0,1,0,0,0,3,0,0,0,0.0,0,0,0.0,102,45,92,9,44,0,1,2,0,3,0,0,0,11,1252,1011,241,80.75,493,518,228,7,15.22,38,36.19,34,30,2711,11,0,67,43,406,14,202,56.58,154,53.29,48,70.59
389,754710,La Liga,Valencia,Umar Sadiq,Forward,6.64,4,3.48,6,29,10,13,13.79,14,41.18,3,1,3,0,1,0,15,3,0,0,0.0,0,0,0.0,8,1,3,1,4,0,0,0,0,0,3,2,0,10,176,120,56,68.18,44,76,50,3,50.0,2,66.67,24,10,1051,4,0,32,21,167,34,67,33.0,41,31.78,26,35.14
390,976374,La Liga,Girona FC,Vladyslav Vanat,Forward,6.64,9,8.52,9,27,18,4,33.33,9,47.37,8,1,0,5,4,0,20,1,3,3,100.0,0,0,0.0,5,3,16,1,4,0,2,0,0,1,3,1,0,12,273,213,60,78.02,110,103,72,1,20.0,3,50.0,27,27,1960,4,0,28,17,132,14,48,35.56,31,36.9,17,33.33
391,851271,La Liga,Real Madrid,Fran García,Defender,6.64,1,0.83,1,6,2,3,16.67,3,33.33,1,0,0,1,0,0,1,0,0,0,0.0,0,0,0.0,19,7,22,4,5,0,0,0,0,2,0,1,0,5,444,395,49,88.96,163,232,117,6,21.43,14,56.0,13,10,933,0,1,7,14,104,8,43,53.09,36,59.02,7,35.0
392,909119,La Liga,Valencia,Hugo Duro,Forward,6.64,10,8.62,8,35,14,15,28.57,3,18.75,10,0,3,6,1,2,6,1,2,1,50.0,0,0,0.0,15,4,21,6,15,0,0,0,0,1,2,0,0,17,384,272,112,70.83,121,151,76,0,0.0,8,72.73,35,21,1909,5,0,21,36,192,12,97,38.19,54,48.21,43,30.28
393,1402716,La Liga,Real Madrid,Gonzalo García,Forward,6.64,5,4.9,6,20,10,8,25.0,3,21.43,4,1,1,1,3,0,0,0,0,0,0.0,0,0,0.0,11,3,9,0,4,0,0,0,0,0,2,1,0,12,228,192,36,84.21,70,122,59,0,0.0,2,100.0,29,8,914,2,0,9,5,87,8,39,45.88,18,36.73,21,58.33
394,844752,La Liga,Real Oviedo,Nacho Vidal,Defender,6.64,0,2.23,5,16,3,8,0.0,14,46.67,0,0,0,0,0,1,1,0,0,0,0.0,0,0,0.0,45,31,79,7,20,0,3,0,0,6,0,0,0,7,890,727,163,81.69,413,314,130,4,10.0,43,40.95,28,26,2200,4,0,24,27,269,7,105,55.26,84,55.63,21,53.85
395,891931,La Liga,Deportivo Alavés,Ander Guevara,Midfielder,6.63,1,0.24,0,5,1,3,20.0,5,50.0,1,0,0,1,0,1,0,0,0,0,0.0,0,0,0.0,12,7,27,2,12,0,2,0,0,0,2,1,0,6,448,369,79,82.37,174,195,79,3,42.86,20,52.63,24,2,668,2,1,11,5,110,12,37,42.05,22,36.07,15,55.56
396,1518564,La Liga,Sevilla,Miguel Sierra,Midfielder,6.63,0,0.18,0,4,1,3,0.0,2,100.0,0,0,0,0,0,0,0,0,0,0,0.0,0,0,0.0,4,0,2,0,0,0,0,0,0,0,0,0,0,0,24,15,9,62.5,8,7,5,1,25.0,1,25.0,4,0,63,0,0,1,3,15,1,9,69.23,9,81.82,0,0.0
397,316148,La Liga,Villarreal,Thomas Partey,Midfielder,6.63,0,0.7,0,11,2,6,0.0,8,80.0,0,0,0,0,0,0,0,0,0,0,0.0,0,0,0.0,18,14,18,4,9,2,1,1,0,2,0,0,0,8,547,473,74,86.47,243,230,104,3,75.0,22,56.41,25,8,930,1,0,11,6,106,13,46,51.11,32,50.79,14,51.85
398,227922,La Liga,Valencia,José Luis Gayà,Defender,6.63,1,0.81,1,13,3,6,7.69,11,45.83,1,0,0,1,0,2,3,0,0,0,0.0,0,0,0.0,69,23,86,7,19,1,1,0,0,5,3,2,0,25,924,775,149,83.87,395,380,202,19,21.59,33,39.29,32,31,2461,6,1,31,20,288,6,123,59.13,100,59.52,23,57.5
399,814360,La Liga,Osasuna,Juan Cruz,Defender,6.63,0,0.39,1,1,0,1,0.0,2,66.67,0,0,0,0,0,0,0,0,0,0,0.0,0,0,0.0,4,4,25,6,2,0,0,1,0,2,0,0,0,2,237,209,28,88.19,138,71,27,2,40.0,8,36.36,15,7,660,2,0,4,2,47,1,13,50.0,8,50.0,5,50.0
400,1895964,La Liga,Getafe,Ismael Bekhoucha,Defender,6.63,0,0.02,0,1,0,0,0.0,2,66.67,0,0,0,0,0,0,0,0,0,0,0.0,0,0,0.0,6,2,4,0,3,0,0,0,0,1,1,1,0,1,19,12,7,63.16,1,11,5,1,25.0,2,50.0,4,1,120,2,0,7,3,17,3,11,40.74,11,44.0,0,0.0
401,350560,La Liga,Getafe,Diego Rico,Defender,6.63,0,0.33,0,11,1,7,0.0,6,40.0,0,0,0,0,0,0,1,0,0,0,0.0,0,0,0.0,47,31,59,3,24,0,2,0,0,4,1,0,0,11,590,377,213,63.9,165,212,125,13,19.7,27,24.11,28,18,1767,4,0,22,35,355,6,110,55.84,88,60.27,22,43.14
402,877037,La Liga,Espanyol,Cyril Ngonge,Forward,6.63,0,0.47,1,11,4,7,0.0,5,26.32,0,0,0,0,0,1,5,0,0,0,0.0,0,2,0.0,7,4,2,0,2,0,0,0,0,0,4,2,0,8,122,91,31,74.59,37,54,34,6,23.08,6,42.86,9,6,426,4,0,9,12,87,8,32,47.76,24,43.64,8,66.67
403,576276,La Liga,Getafe,Domingos Duarte,Defender,6.63,1,0.83,0,12,4,7,8.33,0,0.0,1,0,1,0,0,0,3,0,0,0,0.0,0,0,0.0,31,35,198,16,10,0,1,2,1,8,1,1,0,2,867,664,203,76.59,436,228,76,0,0.0,74,41.57,33,33,2838,12,0,31,23,220,4,127,56.95,54,54.55,73,58.87
404,893642,La Liga,Mallorca,Marash Kumbulla,Defender,6.63,0,0.1,0,3,0,3,0.0,1,100.0,0,0,0,0,0,0,1,0,0,0,0.0,0,0,0.0,3,2,14,2,1,0,1,0,0,0,0,0,0,1,293,230,63,78.5,166,64,25,0,0.0,27,41.54,8,5,438,1,0,2,5,71,1,20,68.97,9,69.23,11,68.75
405,252815,La Liga,Sevilla,Fábio Cardoso,Defender,6.63,0,0.0,0,0,0,0,0.0,0,0.0,0,0,0,0,0,0,0,0,0,0,0.0,0,0,0.0,5,3,22,1,1,0,0,1,0,1,0,0,0,0,141,131,10,92.91,107,24,5,0,0.0,10,58.82,4,4,298,0,0,9,1,12,0,13,44.83,6,40.0,7,50.0
406,115665,La Liga,Real Betis,Cédric Bakambu,Forward,6.63,3,3.38,5,21,9,10,14.29,1,25.0,3,0,1,0,2,1,10,0,0,0,0.0,0,0,0.0,2,2,9,0,2,0,0,0,0,0,2,1,0,4,90,69,21,76.67,26,43,24,0,0.0,3,75.0,18,5,593,1,0,11,9,44,7,21,35.0,12,35.29,9,34.62
407,1173575,La Liga,Celta Vigo,Jones El-Abdellaoui,Forward,6.63,2,2.59,3,17,4,7,11.76,11,40.74,2,0,0,0,2,0,2,0,0,0,0.0,0,0,0.0,6,3,12,0,6,0,0,0,0,0,0,0,0,9,143,119,24,83.22,28,91,56,6,20.0,1,50.0,22,4,683,0,0,7,3,94,14,26,34.67,20,32.26,6,46.15
408,592012,La Liga,Athletic Club,Álex Berenguer,Midfielder,6.62,2,4.47,7,44,20,12,4.55,23,38.98,1,1,0,1,1,1,6,0,0,0,0.0,0,0,0.0,28,13,18,1,22,1,1,0,1,2,7,3,0,49,768,591,177,76.95,159,432,285,47,23.5,27,44.26,31,25,2164,4,0,27,38,476,45,119,39.27,88,40.37,31,36.47
409,866810,La Liga,Athletic Club,Andoni Gorosabel,Defender,6.62,0,0.25,0,5,1,4,0.0,12,60.0,0,0,0,0,0,0,0,0,0,0,0.0,0,0,0.0,37,15,38,2,16,0,1,0,0,2,2,1,0,15,548,469,79,85.58,193,276,135,11,20.75,5,21.74,23,15,1314,3,0,12,12,186,11,74,56.06,61,56.48,13,54.17
410,913695,La Liga,Valencia,José Copete,Defender,6.62,0,1.54,3,13,0,11,0.0,7,77.78,0,0,0,0,0,0,2,0,0,0,0.0,0,0,0.0,26,22,112,16,8,1,1,2,1,2,0,0,0,5,1004,859,145,85.56,538,321,109,3,75.0,50,41.67,21,19,1768,5,0,20,11,161,3,80,57.14,44,57.14,36,57.14
411,879875,La Liga,Deportivo Alavés,Facundo Garcés,Defender,6.62,0,0.35,1,8,4,3,0.0,0,0.0,0,0,0,0,0,0,2,0,0,0,0.0,0,0,0.0,13,7,68,9,3,0,0,0,0,1,0,0,0,0,354,299,55,84.46,204,95,13,0,0.0,11,25.0,10,8,792,3,0,13,3,64,0,40,53.33,16,51.61,24,54.55
412,1120504,La Liga,Real Oviedo,Abdel Rahim,Defender,6.62,0,0.05,0,3,0,0,0.0,8,47.06,0,0,0,0,0,0,9,0,0,0,0.0,0,0,0.0,33,31,64,6,8,1,2,0,0,3,2,0,0,17,686,553,133,80.61,300,253,124,13,19.7,20,35.09,26,17,1649,2,0,10,7,264,4,67,62.04,48,61.54,19,63.33
413,34120,La Liga,Sevilla,Alexis Sánchez,Forward,6.62,4,3.23,3,24,8,10,16.67,7,35.0,4,0,1,0,3,0,11,0,1,1,100.0,0,1,0.0,20,7,4,0,15,0,2,0,0,1,1,2,0,26,425,316,109,74.35,92,224,154,6,26.09,12,42.86,27,10,1241,3,0,16,25,206,13,66,46.48,52,49.06,14,38.89
414,1008037,La Liga,Real Oviedo,Ilyas Chaira,Midfielder,6.62,6,6.92,7,80,35,26,7.5,30,29.41,5,1,1,2,3,2,18,1,0,0,0.0,0,0,0.0,49,5,11,5,29,1,0,0,0,2,3,2,0,17,643,535,108,83.2,241,294,181,11,15.07,11,57.89,35,29,2368,2,1,52,39,363,34,138,39.09,118,39.07,20,39.22
415,1939173,La Liga,Mallorca,Jan Virgili,Midfielder,6.62,2,2.33,1,32,16,5,6.25,46,43.4,2,0,0,1,1,1,2,2,0,0,0.0,0,4,0.0,15,7,9,2,14,0,0,1,0,0,7,4,0,29,394,298,96,75.63,88,210,128,12,25.53,7,50.0,30,19,1775,0,1,22,24,293,34,99,39.76,85,40.09,14,37.84
416,838159,La Liga,Real Sociedad,Igor Zubeldia,Defender,6.62,0,0.26,0,6,1,3,0.0,1,25.0,0,0,0,0,0,0,0,0,0,0,0.0,0,0,0.0,35,22,145,13,7,0,1,0,0,2,1,1,0,5,1107,972,135,87.8,685,287,69,0,0.0,36,33.96,24,22,1998,9,0,36,5,148,1,88,47.31,40,47.06,48,47.52
417,35532,La Liga,Real Oviedo,Salomón Rondón,Forward,6.61,2,3.03,4,24,5,15,8.33,9,47.37,2,0,1,0,1,0,12,0,1,0,0.0,0,0,0.0,3,1,12,1,2,0,1,0,0,1,0,0,0,5,206,148,58,71.84,73,75,40,1,50.0,7,70.0,16,13,1037,2,0,11,21,121,21,77,48.13,32,42.67,45,52.94
418,974713,La Liga,Getafe,Luis Vázquez,Forward,6.61,3,1.9,1,23,9,11,13.04,3,25.0,3,0,0,2,1,1,16,2,0,0,0.0,0,0,0.0,5,4,12,1,3,0,1,0,0,1,0,0,0,2,189,109,80,57.67,32,77,46,0,0.0,3,60.0,16,13,1114,2,0,20,27,152,15,72,42.11,33,42.86,39,41.49
419,1869106,La Liga,Levante UD,Paco Cortés,Forward,6.61,0,0.5,0,12,4,1,0.0,9,39.13,0,0,0,0,0,0,1,0,0,0,0.0,0,0,0.0,4,2,4,1,4,0,0,0,0,0,2,0,0,6,105,81,24,77.14,32,49,25,1,4.76,1,16.67,12,4,476,2,0,6,6,80,9,20,37.74,19,38.0,1,33.33
420,1088565,La Liga,Espanyol,Ramón Terrats,Midfielder,6.61,1,1.45,0,14,3,8,7.14,8,33.33,1,0,0,1,0,1,1,0,0,0,0.0,0,1,0.0,22,11,7,5,10,0,0,0,0,0,4,2,0,16,248,192,56,77.42,67,125,75,7,23.33,11,52.38,28,11,1017,0,0,15,20,147,23,59,41.84,50,43.86,9,33.33
421,602164,La Liga,Elche,Jairo Izquierdo,Defender,6.6,0,0.0,0,0,0,0,0.0,0,0.0,0,0,0,0,0,0,0,0,0,0,0.0,0,0,0.0,0,0,0,0,0,0,0,0,0,0,0,0,0,0,13,11,2,84.62,6,5,1,0,0.0,1,100.0,1,0,25,0,0,0,0,6,1,0,0.0,0,0.0,0,0.0
422,2588613,La Liga,Mallorca,Miguel Calatayud,Defender,6.6,0,0.05,0,1,0,1,0.0,1,100.0,0,0,0,0,0,0,0,0,0,0,0.0,0,0,0.0,1,0,1,1,1,0,0,0,0,0,0,0,0,0,31,28,3,90.32,9,19,10,0,0.0,1,25.0,2,0,41,0,0,2,0,4,0,3,60.0,2,50.0,1,100.0
423,128637,La Liga,Getafe,Allan Nyom,Defender,6.6,0,0.18,0,3,1,1,0.0,1,33.33,0,0,0,0,0,0,1,0,0,0,0.0,0,0,0.0,8,1,18,0,3,0,0,0,0,0,1,1,1,6,156,98,58,62.82,50,48,19,6,75.0,13,34.21,14,6,434,6,1,13,6,77,3,31,55.36,15,42.86,16,76.19
424,1117026,La Liga,Elche,Federico Redondo,Midfielder,6.6,0,0.07,0,1,0,1,0.0,0,0.0,0,0,0,0,0,0,0,0,0,0,0.0,0,0,0.0,6,5,7,0,1,0,0,0,0,0,0,0,0,1,135,119,16,88.15,61,58,23,0,0.0,4,57.14,11,1,217,0,1,8,5,23,0,13,50.0,10,47.62,3,60.0
425,361790,La Liga,Girona FC,Donny van de Beek,Midfielder,6.6,0,0.09,0,2,1,1,0.0,0,0.0,0,0,0,0,0,0,1,0,0,0,0.0,0,0,0.0,0,0,2,1,0,0,0,0,0,0,0,0,0,0,13,12,1,92.31,4,8,5,0,0.0,0,0.0,2,1,41,0,0,0,0,2,0,0,0.0,0,0.0,0,0.0
426,357598,La Liga,Real Oviedo,Josip Brekalo,Midfielder,6.6,0,0.29,0,9,3,5,0.0,4,36.36,0,0,0,0,0,0,0,0,0,0,0.0,0,0,0.0,12,3,1,0,6,0,0,1,0,0,3,0,0,11,209,152,57,72.73,47,105,66,6,23.08,16,64.0,14,6,483,1,0,7,6,99,3,22,45.83,22,51.16,0,0.0
427,1590121,La Liga,Real Madrid,Jorge Cestero,Midfielder,6.6,0,0.0,0,0,0,0,0.0,0,0.0,0,0,0,0,0,0,0,0,0,0,0.0,0,0,0.0,1,0,1,0,2,0,0,0,0,0,0,0,0,0,6,4,2,66.67,3,1,1,0,0.0,0,0.0,2,0,12,0,0,0,0,2,0,1,33.33,1,33.33,0,0.0
428,758666,La Liga,Real Oviedo,Borja Sánchez,Midfielder,6.6,0,0.0,0,0,0,0,0.0,0,0.0,0,0,0,0,0,0,0,0,0,0,0.0,0,0,0.0,0,0,0,0,0,0,0,0,0,0,0,0,0,0,12,10,2,83.33,6,4,0,0,0.0,2,100.0,1,0,13,0,0,0,0,2,0,0,0.0,0,0.0,0,0.0
429,966836,La Liga,Getafe,Álex Sola,Forward,6.6,0,0.0,0,0,0,0,0.0,0,0.0,0,0,0,0,0,0,0,0,0,0,0.0,0,0,0.0,0,0,0,0,0,0,0,0,0,0,0,0,0,0,0,0,0,0.0,0,0,0,0,0.0,0,0.0,1,0,12,0,0,0,2,3,0,2,40.0,2,50.0,0,0.0
430,1216282,La Liga,Espanyol,Luca Koleosho,Forward,6.6,0,0.04,0,1,0,0,0.0,4,57.14,0,0,0,0,0,0,0,0,0,0,0.0,0,0,0.0,1,1,1,0,0,0,0,0,0,0,0,0,0,1,24,23,1,95.83,10,13,8,0,0.0,1,100.0,3,0,60,0,0,3,0,17,1,5,38.46,5,41.67,0,0.0
431,2216007,La Liga,Elche,Alex Sanchez,Forward,6.6,0,0.0,0,0,0,0,0.0,0,0.0,0,0,0,0,0,0,0,0,0,0,0.0,0,0,0.0,1,0,0,0,0,0,0,0,0,0,0,1,0,1,6,4,2,66.67,2,2,1,0,0.0,0,0.0,1,0,14,0,0,0,0,4,0,1,33.33,1,33.33,0,0.0
432,359742,La Liga,Athletic Club,Mikel Vesga,Midfielder,6.6,0,0.15,1,3,0,3,0.0,7,77.78,0,0,0,0,0,0,0,0,0,0,0.0,0,0,0.0,18,9,10,0,12,0,2,0,0,0,0,0,0,4,281,215,66,76.51,79,136,63,0,0.0,18,64.29,22,1,454,0,0,8,7,89,6,46,54.76,32,53.33,14,58.33
433,1832286,La Liga,Atlético Madrid,Jano Monserrate,Midfielder,6.6,0,0.02,0,1,1,0,0.0,1,50.0,0,0,0,0,0,0,0,0,0,0,0.0,0,0,0.0,2,0,1,0,2,0,0,0,0,0,0,0,0,0,14,13,1,92.86,2,11,5,0,0.0,0,0.0,2,0,28,0,0,2,1,6,0,5,50.0,4,44.44,1,100.0
434,1142683,La Liga,Real Madrid,Manuel Ángel Morán,Midfielder,6.6,0,0.05,0,2,1,0,0.0,1,50.0,0,0,0,0,0,0,0,0,0,0,0.0,0,0,0.0,4,0,1,0,2,0,0,0,1,0,0,0,0,0,69,62,7,89.86,20,42,19,0,0.0,1,100.0,4,1,95,0,0,2,4,12,1,9,60.0,9,60.0,0,0.0
435,2238900,La Liga,Villarreal,Carlos Maciá,Midfielder,6.6,0,0.06,0,1,0,1,0.0,1,100.0,0,0,0,0,0,0,0,0,0,0,0.0,0,0,0.0,5,2,2,0,1,0,0,0,0,0,0,0,0,0,38,32,6,84.21,8,24,8,0,0.0,0,0.0,4,0,77,1,0,1,0,9,0,6,75.0,6,75.0,0,0.0
436,989113,La Liga,Real Betis,Rodrigo Riquelme,Midfielder,6.6,1,2.16,4,24,7,9,4.17,11,28.21,1,0,0,0,1,2,1,0,0,0,0.0,0,0,0.0,16,5,7,0,16,0,0,0,0,0,1,1,0,14,309,257,52,83.17,82,175,111,5,22.73,7,41.18,25,7,838,2,0,8,11,131,17,42,35.9,38,36.54,4,30.77
437,1019236,La Liga,Espanyol,Jofre Carreras,Midfielder,6.59,1,1.79,0,20,5,7,5.0,16,38.1,1,0,0,0,1,0,2,0,0,0,0.0,0,0,0.0,8,6,8,0,9,0,0,0,0,0,2,0,0,13,191,141,50,73.82,45,96,45,8,22.86,2,25.0,25,8,849,1,0,12,25,143,6,52,46.02,49,48.04,3,27.27
438,905639,La Liga,Real Oviedo,Kwasi Sibo,Midfielder,6.59,0,0.36,0,9,2,4,0.0,4,80.0,0,0,0,0,0,1,0,0,0,0,0.0,0,0,0.0,34,15,36,6,16,0,3,0,0,3,0,0,0,3,679,589,90,86.75,355,234,89,0,0.0,29,67.44,26,21,1689,3,1,30,4,124,17,56,41.18,42,40.0,14,45.16
439,783374,La Liga,Athletic Club,Iñaki Williams,Midfielder,6.59,3,6.39,12,57,20,19,5.26,10,18.87,3,0,0,0,3,1,9,2,1,1,100.0,0,0,0.0,11,6,13,2,11,0,0,0,0,1,5,4,1,24,482,339,143,70.33,82,257,172,9,14.06,6,33.33,29,24,2078,2,0,26,23,347,34,73,33.95,44,28.21,29,49.15
440,1142094,La Liga,Sevilla,Manu Bueno,Midfielder,6.59,0,0.05,0,2,0,2,0.0,1,100.0,0,0,0,0,0,0,0,0,0,0,0.0,0,0,0.0,3,0,3,0,2,0,0,0,0,0,0,0,0,2,108,92,16,85.19,44,48,23,2,100.0,4,40.0,8,2,279,2,0,4,3,27,1,8,47.06,7,50.0,1,33.33
441,891511,La Liga,Espanyol,Javi Puado,Midfielder,6.59,2,3.47,6,15,9,6,13.33,5,35.71,2,0,1,0,1,0,0,0,2,1,50.0,0,0,0.0,4,3,3,1,5,0,0,0,0,0,2,0,0,10,199,167,32,83.92,62,105,68,5,25.0,6,66.67,10,8,678,2,0,11,6,77,5,17,30.36,15,34.88,2,15.38
442,962029,La Liga,Valencia,Lucas Beltrán,Forward,6.59,1,4.05,7,34,9,13,2.94,16,51.61,0,1,0,0,1,2,4,1,0,0,0.0,0,0,0.0,22,4,13,1,8,0,0,0,0,1,4,2,0,13,391,306,85,78.26,105,201,124,2,22.22,9,52.94,27,16,1366,1,0,26,39,200,34,102,44.93,77,49.04,25,35.71
443,1914318,La Liga,Mallorca,Marc Domenech,Forward,6.59,0,0.11,0,3,0,1,0.0,1,25.0,0,0,0,0,0,0,0,0,0,0,0.0,0,0,0.0,3,0,4,0,0,0,0,0,0,0,1,1,0,2,32,19,13,59.38,10,9,5,1,14.29,1,33.33,7,2,217,0,0,3,3,33,2,9,45.0,7,46.67,2,40.0
444,932764,La Liga,Rayo Vallecano,Randy Nteka,Forward,6.58,2,2.23,5,11,4,4,18.18,2,40.0,1,1,0,2,0,1,4,0,1,0,0.0,0,0,0.0,3,0,8,1,1,0,0,0,0,0,0,0,0,3,65,50,15,76.92,17,33,21,0,0.0,0,0.0,12,2,291,3,0,10,4,44,6,24,42.86,9,32.14,15,53.57
445,966801,La Liga,Athletic Club,Oihan Sancet,Midfielder,6.58,4,6.47,7,48,15,22,8.33,16,53.33,4,0,0,1,3,0,0,1,2,2,100.0,0,0,0.0,25,4,9,2,8,0,1,0,0,0,0,0,0,27,595,484,111,81.34,167,317,199,4,17.39,22,64.71,28,22,1803,4,1,28,28,234,31,88,44.22,69,46.0,19,38.78
446,873947,La Liga,Valencia,Dani Raba,Forward,6.58,0,0.41,0,10,1,3,0.0,3,33.33,0,0,0,0,0,0,0,0,0,0,0.0,0,2,0.0,7,4,1,0,1,0,0,0,0,0,1,1,0,2,122,98,24,80.33,26,72,45,1,7.14,12,85.71,13,3,291,0,0,6,2,62,6,12,35.29,12,38.71,0,0.0
447,1398524,La Liga,Celta Vigo,Pablo Durán,Forward,6.58,2,4.19,5,36,14,10,5.56,7,23.33,2,0,0,1,1,0,19,0,0,0,0.0,0,0,0.0,15,5,15,3,9,0,0,0,0,1,3,2,0,10,357,258,99,72.27,87,171,105,0,0.0,16,57.14,29,17,1415,1,0,15,12,182,13,47,38.21,34,36.96,13,41.94
448,1832076,La Liga,Atlético Madrid,Javi Morcillo,Midfielder,6.58,0,0.25,0,2,0,2,0.0,0,0.0,0,0,0,0,0,0,0,0,0,0,0.0,0,0,0.0,5,1,3,1,7,0,0,0,0,0,0,0,0,1,52,47,5,90.38,29,18,5,0,0.0,0,0.0,4,1,140,2,0,5,2,6,0,9,40.91,7,38.89,2,50.0
449,96369,La Liga,Getafe,Juanmi,Forward,6.58,1,0.15,2,2,1,1,50.0,1,50.0,1,0,0,0,1,0,3,0,0,0,0.0,0,0,0.0,2,0,0,0,2,0,0,0,0,0,0,0,0,3,36,24,12,66.67,8,16,7,0,0.0,0,0.0,8,0,176,0,0,2,1,21,2,9,37.5,4,36.36,5,38.46
450,789381,La Liga,Real Betis,Chimy Ávila,Forward,6.58,1,1.61,2,8,2,2,12.5,0,0.0,1,0,0,0,1,0,2,0,1,1,100.0,0,1,0.0,2,4,7,0,4,0,0,0,0,0,0,0,0,8,98,69,29,70.41,18,51,32,6,46.15,4,36.36,15,3,384,4,0,6,8,55,5,18,41.86,9,36.0,9,50.0
451,307702,La Liga,Getafe,Djené,Defender,6.58,0,0.13,0,4,0,2,0.0,9,90.0,0,0,0,0,0,0,0,1,0,0,0.0,0,0,0.0,36,35,145,10,10,0,2,0,0,8,0,0,0,2,797,627,170,78.67,359,268,106,0,0.0,51,38.35,34,32,2585,10,2,35,26,221,11,115,57.5,69,56.1,46,59.74
452,1402990,La Liga,Atlético Madrid,Julio Díaz,Defender,6.58,0,0.03,0,1,0,0,0.0,7,70.0,0,0,0,0,0,0,1,0,0,0,0.0,0,0,0.0,6,4,1,0,5,0,0,0,0,2,1,1,0,6,139,124,15,89.21,64,60,23,2,33.33,2,50.0,4,4,311,2,0,4,3,30,0,18,52.94,16,57.14,2,33.33
453,1392592,La Liga,Espanyol,Roberto Fernández,Forward,6.58,6,8.14,7,56,21,22,10.71,9,39.13,5,1,3,0,3,1,8,1,1,1,100.0,0,0,0.0,11,7,26,5,13,0,1,0,0,4,6,3,0,18,350,243,107,69.43,90,153,86,1,11.11,3,42.86,37,24,2320,3,0,39,43,240,35,117,35.56,59,38.82,58,32.77
454,1094758,La Liga,Elche,John Donald,Defender,6.57,1,0.73,1,6,2,3,16.67,2,33.33,1,0,0,0,1,0,0,0,0,0,0.0,0,0,0.0,15,7,16,1,4,0,0,0,0,1,0,0,0,1,283,253,30,89.4,113,140,54,0,0.0,8,72.73,20,6,638,3,0,17,6,66,6,35,47.3,23,44.23,12,54.55
455,1399702,La Liga,Osasuna,Asier Osambela,Defender,6.57,1,0.36,0,5,2,3,20.0,0,0.0,0,1,0,0,1,0,0,0,0,0,0.0,0,0,0.0,6,4,18,4,3,0,0,0,0,0,1,0,0,3,156,111,45,71.15,60,51,28,0,0.0,5,29.41,16,2,363,1,1,14,1,59,0,22,42.31,6,24.0,16,59.26
456,1520814,La Liga,Getafe,Alejandro Mestanza,Midfielder,6.57,0,0.02,0,1,0,1,0.0,2,100.0,0,0,0,0,0,0,1,0,0,0,0.0,0,0,0.0,2,0,0,0,0,0,0,0,0,0,0,0,0,0,23,17,6,73.91,5,12,4,0,0.0,0,0.0,3,1,79,0,0,1,2,15,1,7,77.78,6,75.0,1,100.0
457,891505,La Liga,Levante UD,Goduine Koyalipou,Forward,6.57,1,1.02,1,10,4,1,10.0,9,60.0,1,0,0,0,1,0,3,0,0,0,0.0,0,0,0.0,4,1,4,0,1,0,0,0,0,0,1,0,0,1,54,31,23,57.41,11,20,14,1,100.0,0,0.0,11,2,239,1,0,2,1,44,11,21,42.86,14,41.18,7,46.67
458,1926085,La Liga,FC Barcelona,Dro Fernández,Midfielder,6.57,0,0.0,0,0,0,0,0.0,4,100.0,0,0,0,0,0,0,1,0,0,0,0.0,0,0,0.0,1,0,0,0,1,0,0,0,0,0,0,0,0,2,47,40,7,85.11,7,33,16,0,0.0,1,100.0,4,1,90,0,0,1,1,10,2,8,61.54,6,60.0,2,66.67
459,1468090,La Liga,Villarreal,Alfon González,Forward,6.56,2,1.75,2,17,10,1,11.76,6,26.09,2,0,0,0,2,0,1,0,0,0,0.0,0,0,0.0,3,2,7,0,5,0,0,0,0,1,0,0,0,9,132,108,24,81.82,33,75,51,4,30.77,1,25.0,20,7,655,0,0,10,8,90,18,19,25.33,17,25.37,2,25.0
460,949722,La Liga,Mallorca,Antonio Sánchez,Midfielder,6.56,0,0.4,1,6,3,3,0.0,5,41.67,0,0,0,0,0,0,1,0,0,0,0.0,0,0,0.0,20,12,22,3,18,0,1,0,0,0,3,0,0,10,363,287,76,79.06,131,156,79,5,17.24,14,35.0,29,9,1060,3,1,15,10,145,18,40,38.46,35,38.04,5,41.67
461,1391752,La Liga,Atlético Madrid,Rodrigo Mendoza,Midfielder,6.56,1,1.62,1,17,4,6,5.88,20,54.05,1,0,0,0,1,1,2,0,0,0,0.0,0,0,0.0,16,4,13,2,8,0,1,0,0,0,2,1,0,15,643,549,94,85.38,225,324,167,6,33.33,25,59.52,24,14,1231,6,0,30,23,188,22,66,40.49,59,44.03,7,24.14
462,966637,La Liga,Rayo Vallecano,Fran Pérez,Midfielder,6.56,2,2.24,3,17,8,6,11.76,14,46.67,2,0,0,0,2,1,6,0,0,0,0.0,0,0,0.0,15,2,7,2,14,0,0,0,0,0,3,1,0,13,304,250,54,82.24,94,156,97,7,14.58,5,50.0,29,12,1250,4,0,18,15,167,16,45,35.16,44,40.74,1,5.0
463,352544,La Liga,Osasuna,Sheraldo Becker,Forward,6.56,0,0.13,0,3,0,1,0.0,0,0.0,0,0,0,0,0,0,1,0,0,0,0.0,0,0,0.0,2,3,4,0,0,0,0,0,0,0,0,0,0,2,45,32,13,71.11,16,16,7,1,9.09,2,50.0,9,0,171,0,0,4,1,35,3,3,18.75,3,25.0,0,0.0
464,984789,La Liga,Levante UD,Manuel Sánchez,Defender,6.56,1,0.77,1,13,4,6,7.69,12,36.36,1,0,1,0,0,0,2,0,0,0,0.0,0,0,0.0,78,31,82,5,30,0,1,0,0,7,2,2,0,16,892,729,163,81.73,369,360,190,13,19.7,28,30.43,32,30,2728,8,0,35,21,329,14,132,50.77,111,52.86,21,42.0
465,53739,La Liga,Getafe,Kiko Femenía,Defender,6.56,1,0.69,1,8,3,4,12.5,7,35.0,1,0,0,0,1,0,5,0,0,0,0.0,0,0,0.0,39,34,44,2,15,2,0,0,0,2,2,1,0,17,601,465,136,77.37,218,247,150,10,23.81,24,43.64,28,25,2020,6,0,21,11,246,12,75,49.34,57,49.57,18,48.65
466,794937,La Liga,Deportivo Alavés,Carles Aleñá,Midfielder,6.56,0,2.71,2,30,5,14,0.0,13,46.43,0,0,0,0,0,0,1,0,0,0,0.0,0,0,0.0,37,10,22,2,25,1,1,0,0,0,6,4,0,38,850,725,125,85.29,236,489,274,39,31.45,22,42.31,34,23,1995,5,0,38,36,298,36,100,43.29,86,43.65,14,41.18
467,945404,La Liga,Real Oviedo,Javi López,Defender,6.56,0,0.48,1,7,1,2,0.0,18,45.0,0,0,0,0,0,0,2,0,0,0,0.0,0,0,0.0,43,20,55,2,13,0,0,0,0,3,2,1,1,19,734,586,148,79.84,327,259,114,18,30.51,29,35.37,24,20,1713,3,1,38,26,294,10,99,48.53,85,51.52,14,35.9
468,1012409,La Liga,Athletic Club,Beñat Prados,Midfielder,6.55,0,0.03,0,1,0,1,0.0,1,50.0,0,0,0,0,0,0,0,0,0,0,0.0,0,0,0.0,3,2,0,0,1,0,0,0,0,0,0,0,0,2,49,37,12,75.51,16,21,4,0,0.0,1,50.0,2,1,85,1,0,5,0,16,1,6,42.86,4,33.33,2,100.0
469,900669,La Liga,Rayo Vallecano,Pedro Díaz,Midfielder,6.55,0,1.73,1,44,6,23,0.0,15,51.72,0,0,0,0,0,1,0,0,0,0,0.0,0,1,0.0,35,7,15,1,29,0,0,0,0,2,3,1,0,22,738,629,109,85.23,256,373,203,6,15.79,22,59.46,33,20,1791,3,0,20,11,221,19,74,44.05,61,42.96,13,50.0
470,792073,La Liga,Real Madrid,Ferland Mendy,Defender,6.55,0,0.0,0,0,0,0,0.0,2,66.67,0,0,0,0,0,0,0,0,0,0,0.0,0,0,0.0,1,2,1,0,0,1,0,0,0,0,0,0,0,0,158,146,12,92.41,55,91,33,0,0.0,2,50.0,5,3,206,0,0,2,1,15,0,6,54.55,4,57.14,2,50.0
471,851282,La Liga,Valencia,Thierry Correia,Defender,6.55,0,0.35,0,5,1,1,0.0,8,50.0,0,0,0,0,0,0,4,0,0,0,0.0,0,0,0.0,30,17,27,0,4,0,1,1,0,2,3,2,0,13,647,528,119,81.61,229,299,144,6,15.0,18,36.0,23,17,1384,4,0,28,24,220,10,76,51.35,62,55.86,14,37.84
472,353154,La Liga,Getafe,Javier Muñoz,Midfielder,6.54,0,0.36,0,13,6,7,0.0,4,57.14,0,0,0,0,0,0,0,0,0,0,0.0,0,0,0.0,8,7,6,1,2,0,0,0,0,0,0,0,0,7,187,129,58,68.98,34,95,52,2,18.18,7,36.84,17,4,560,0,0,9,2,91,7,18,40.0,14,40.0,4,40.0
473,309546,La Liga,Mallorca,Takuma Asano,Midfielder,6.54,1,1.4,2,12,2,9,8.33,2,20.0,1,0,0,1,0,0,8,0,0,0,0.0,0,0,0.0,13,2,4,0,3,0,0,0,0,0,2,0,0,2,105,77,28,73.33,25,52,34,1,9.09,0,0.0,19,7,620,2,0,8,10,79,12,31,39.74,25,45.45,6,26.09
474,758664,La Liga,Espanyol,Charles Pickel,Midfielder,6.54,1,0.82,1,10,4,2,10.0,5,83.33,1,0,0,1,0,0,0,0,0,0,0.0,0,0,0.0,13,6,12,3,6,0,0,0,0,1,0,0,0,2,251,201,50,80.08,100,101,51,0,0.0,6,50.0,24,4,712,2,2,15,2,68,8,39,44.83,20,40.0,19,51.35
475,848512,La Liga,Elche,Grady Diangana,Midfielder,6.54,1,1.18,2,16,2,5,6.25,10,31.25,0,1,0,1,0,0,5,0,0,0,0.0,0,0,0.0,14,4,9,3,6,0,1,1,0,0,2,0,0,10,294,246,48,83.67,88,158,87,2,16.67,3,42.86,20,13,929,3,0,15,19,130,18,49,40.5,42,41.18,7,36.84
476,1542721,La Liga,Elche,Buba Sangare,Defender,6.54,0,0.1,0,1,0,1,0.0,4,25.0,0,0,0,0,0,0,0,0,0,0,0.0,0,0,0.0,20,6,11,1,1,0,2,0,0,0,1,0,0,1,230,196,34,85.22,99,97,39,0,0.0,7,43.75,11,7,512,2,0,20,6,74,3,37,46.25,29,46.77,8,44.44
477,605672,La Liga,Athletic Club,Gorka Guruzeta,Forward,6.54,9,10.12,9,80,31,30,11.25,7,20.59,9,0,2,1,6,2,10,0,1,1,100.0,0,0,0.0,19,11,17,2,18,0,0,0,0,1,7,3,0,25,501,338,163,67.47,107,231,146,1,14.29,16,57.14,34,27,2297,4,1,48,29,284,15,132,38.15,55,34.81,77,40.96
478,1515554,La Liga,Getafe,Adrian Liso,Forward,6.54,3,2.08,2,26,10,6,11.54,15,36.59,1,2,0,2,1,1,16,1,0,0,0.0,0,0,0.0,28,4,7,2,20,0,0,0,0,3,0,0,0,4,264,184,80,69.7,62,122,76,6,14.63,2,28.57,27,20,1641,3,1,37,41,257,26,116,38.16,83,43.68,33,28.95
479,1084043,La Liga,Deportivo Alavés,Ibrahim Diabaté,Forward,6.54,2,1.72,3,14,5,6,14.29,1,50.0,2,0,0,0,1,0,3,0,0,0,0.0,0,0,0.0,4,2,6,0,2,0,0,0,0,0,0,0,0,2,86,53,33,61.63,17,36,22,0,0.0,0,0.0,9,6,575,1,0,6,4,58,5,23,36.51,9,40.91,14,34.15
480,828239,La Liga,Mallorca,Toni Lato,Defender,6.54,0,0.0,0,0,0,0,0.0,7,77.78,0,0,0,0,0,0,0,0,0,0,0.0,0,0,0.0,9,5,12,3,6,0,0,0,0,0,1,1,0,4,176,143,33,81.25,73,70,30,6,33.33,9,47.37,11,6,514,3,0,5,1,65,7,20,40.0,17,45.95,3,23.08
481,914835,La Liga,Real Betis,Junior Firpo,Defender,6.53,0,0.46,0,5,0,3,0.0,4,50.0,0,0,0,0,0,0,1,0,0,0,0.0,0,0,0.0,24,10,35,1,8,1,0,0,0,0,2,1,0,8,383,324,59,84.6,163,161,82,5,26.32,2,15.38,12,10,832,2,0,11,8,103,5,50,58.82,36,56.25,14,66.67
482,1099344,La Liga,Espanyol,Antoniu Roca,Midfielder,6.53,0,0.2,0,4,0,1,0.0,9,50.0,0,0,0,0,0,0,0,0,0,0,0.0,0,0,0.0,7,2,0,0,3,0,1,0,0,0,0,0,0,4,51,36,15,70.59,7,29,24,5,71.43,0,0.0,12,2,253,2,0,8,8,35,3,26,46.43,24,51.06,2,22.22
483,1066045,La Liga,Real Sociedad,Arsen Zakharyan,Midfielder,6.53,0,1.02,2,14,3,5,0.0,1,8.33,0,0,0,0,0,0,4,0,0,0,0.0,0,0,0.0,10,2,1,0,5,0,0,0,0,0,3,0,0,10,216,172,44,79.63,45,127,77,5,19.23,14,63.64,17,3,448,2,0,9,2,97,3,15,31.91,13,32.5,2,28.57
484,981604,La Liga,Rayo Vallecano,Alemão,Forward,6.53,4,3.59,5,24,12,7,16.67,6,50.0,4,0,2,1,1,0,4,0,0,0,0.0,0,0,0.0,5,1,13,2,9,0,0,0,0,1,0,0,0,7,179,122,57,68.16,43,79,46,1,20.0,3,42.86,25,11,1120,3,0,22,27,144,15,56,39.16,38,44.19,18,31.58
485,910026,La Liga,Girona FC,Bryan Gil,Midfielder,6.53,0,2.87,3,26,6,8,0.0,31,39.74,0,0,0,0,0,0,6,0,0,0,0.0,0,0,0.0,31,9,10,1,18,1,0,0,0,0,6,3,0,21,504,421,83,83.53,162,259,165,12,23.53,8,42.11,28,19,1539,5,0,18,37,278,45,103,42.39,99,43.81,4,23.53
486,149606,La Liga,Levante UD,Jeremy Toljan,Defender,6.53,1,0.97,0,9,1,4,11.11,5,27.78,1,0,0,0,1,0,2,0,0,0,0.0,0,0,0.0,64,31,91,16,22,0,0,1,1,8,11,4,0,28,1102,849,253,77.04,468,381,173,28,37.84,54,33.13,36,36,3083,7,0,31,19,395,10,101,48.56,88,53.99,13,28.89
487,135116,La Liga,Girona FC,David López,Defender,6.53,0,0.57,1,1,1,0,0.0,1,100.0,0,0,0,0,0,0,1,0,0,0,0.0,0,0,0.0,2,0,6,1,0,0,2,0,0,0,0,0,0,0,177,156,21,88.14,111,45,10,0,0.0,13,48.15,5,2,216,0,0,1,0,22,0,6,60.0,3,75.0,3,50.0
488,1391375,La Liga,Athletic Club,Unai Gómez,Midfielder,6.52,1,2.14,3,23,7,11,4.35,6,40.0,1,0,0,1,0,1,4,0,0,0,0.0,0,0,0.0,13,1,6,1,7,0,1,0,0,0,0,1,0,8,216,162,54,75.0,57,105,63,4,17.39,5,38.46,25,11,889,1,0,9,6,116,9,41,38.68,24,41.38,17,35.42
489,928672,La Liga,Elche,Adrià Pedrosa,Defender,6.52,1,0.56,1,12,3,4,8.33,5,18.52,1,0,0,1,0,0,1,0,0,0,0.0,0,0,0.0,33,14,38,1,11,1,0,0,0,0,4,1,0,23,421,353,68,83.85,157,196,98,17,32.69,12,33.33,26,8,1077,4,0,18,9,166,5,54,43.2,47,45.63,7,31.82
490,1177401,La Liga,Levante UD,Alan Matturro,Defender,6.52,1,0.62,0,8,1,3,12.5,0,0.0,1,0,1,0,0,0,0,0,0,0,0.0,0,0,0.0,21,6,78,6,3,0,1,0,0,1,2,1,0,4,474,391,83,82.49,312,79,32,0,0.0,19,25.68,19,10,957,0,1,7,10,104,3,48,61.54,31,65.96,17,54.84
491,1649919,La Liga,Levante UD,Kareem Tunde,Midfielder,6.52,0,1.11,1,19,2,11,0.0,15,48.39,0,0,0,0,0,1,1,0,0,0,0.0,0,0,0.0,20,14,3,0,6,0,0,0,0,0,1,1,0,6,215,166,49,77.21,59,107,53,1,9.09,5,50.0,20,16,1106,3,0,16,21,124,15,67,49.63,56,52.83,11,37.93
492,1402688,La Liga,Real Madrid,César Palacios,Midfielder,6.52,0,0.17,0,2,0,1,0.0,2,66.67,0,0,0,0,0,0,0,0,0,0,0.0,0,0,0.0,3,3,0,0,2,0,0,0,0,0,0,0,0,1,53,48,5,90.57,23,25,9,0,0.0,1,100.0,5,0,87,0,0,4,3,12,1,8,50.0,8,50.0,0,0.0
493,1162309,La Liga,Mallorca,Javi Llabrés,Midfielder,6.51,0,0.49,2,5,2,3,0.0,1,20.0,0,0,0,0,0,0,0,0,0,0,0.0,0,0,0.0,5,0,4,0,1,0,0,0,0,0,0,0,0,1,61,48,13,78.69,19,29,16,2,20.0,1,20.0,16,1,224,0,0,4,3,35,4,10,40.0,9,40.91,1,33.33
494,966441,La Liga,Real Sociedad,Aihen Muñoz,Defender,6.51,1,0.48,1,6,2,4,16.67,4,30.77,1,0,0,1,0,0,0,0,0,0,0.0,0,0,0.0,27,5,34,1,17,0,0,0,0,0,0,0,0,5,304,254,50,83.55,123,131,65,7,31.82,10,33.33,20,9,863,1,0,7,3,104,2,40,47.06,32,47.76,8,44.44
495,1939137,La Liga,FC Barcelona,Tomás Marqués,Midfielder,6.5,0,0.0,0,0,0,0,0.0,0,0.0,0,0,0,0,0,0,0,0,0,0,0.0,0,0,0.0,0,0,0,0,0,0,0,0,0,0,0,0,0,0,12,10,2,83.33,5,5,1,0,0.0,0,0.0,2,0,12,0,0,1,0,4,0,0,0.0,0,0.0,0,0.0
496,1018190,La Liga,Sevilla,Isaac Romero,Forward,6.5,4,5.21,8,39,14,17,10.26,10,23.81,3,1,0,2,2,3,5,2,1,0,0.0,0,0,0.0,15,6,18,1,8,0,1,0,0,0,2,0,0,14,325,234,91,72.0,102,132,76,1,11.11,16,69.57,28,17,1434,4,1,27,23,239,31,69,35.03,47,32.41,22,42.31
497,1542759,La Liga,Real Betis,Ivan Corralejo,Midfielder,6.5,0,0.0,0,0,0,0,0.0,0,0.0,0,0,0,0,0,0,0,0,0,0,0.0,0,0,0.0,0,0,0,0,2,0,0,0,0,0,0,0,0,0,7,7,0,100.0,2,5,3,0,0.0,0,0.0,1,0,14,0,0,1,1,0,0,1,20.0,1,25.0,0,0.0
498,349526,La Liga,Mallorca,Dani Rodríguez,Midfielder,6.5,0,0.02,0,1,0,0,0.0,1,100.0,0,0,0,0,0,0,0,0,0,0,0.0,0,0,0.0,2,0,1,0,0,0,0,0,0,0,0,0,0,1,18,12,6,66.67,5,7,4,1,33.33,0,0.0,2,0,67,0,0,0,3,18,5,7,46.67,5,50.0,2,40.0
499,1216080,La Liga,Celta Vigo,Damián Rodríguez,Midfielder,6.5,0,0.06,0,3,0,3,0.0,0,0.0,0,0,0,0,0,0,0,0,0,0,0.0,0,0,0.0,0,1,3,0,1,0,0,0,0,0,0,0,0,2,114,106,8,92.98,34,72,24,1,33.33,2,100.0,2,2,151,1,0,3,0,11,0,0,0.0,0,0.0,0,0.0
500,1398521,La Liga,Getafe,Damián Cáceres,Midfielder,6.5,0,0.0,0,0,0,0,0.0,0,0.0,0,0,0,0,0,0,0,0,0,0,0.0,0,0,0.0,5,3,3,3,1,0,0,0,0,0,0,0,0,0,43,27,16,62.79,18,9,3,0,0.0,1,12.5,2,2,143,0,0,4,0,20,0,7,41.18,5,41.67,2,40.0
501,1491660,La Liga,Getafe,José Luis Pérez,Forward,6.5,0,0.04,0,1,0,1,0.0,0,0.0,0,0,0,0,0,0,0,0,0,0,0.0,0,0,0.0,0,0,2,0,0,0,0,0,0,0,0,0,0,0,4,1,3,25.0,0,1,0,0,0.0,0,0.0,2,0,20,0,0,1,2,6,0,4,50.0,2,66.67,2,40.0
502,1172477,La Liga,Villarreal,Tani Oluwaseyi,Forward,6.5,2,3.38,6,16,7,6,12.5,9,40.91,2,0,0,1,1,0,10,0,0,0,0.0,0,0,0.0,7,1,8,3,6,1,0,0,0,0,3,2,0,6,112,71,41,63.39,23,48,32,2,66.67,4,80.0,27,9,922,1,0,11,8,109,21,46,35.94,24,32.0,22,41.51
503,218616,La Liga,Girona FC,Portu,Forward,6.5,0,1.36,3,9,5,1,0.0,0,0.0,0,0,0,0,0,1,3,0,0,0,0.0,0,0,0.0,4,2,0,1,2,0,0,0,0,0,0,0,0,3,78,56,22,71.79,18,38,26,3,17.65,1,100.0,10,4,473,1,0,6,4,58,6,12,32.43,7,29.17,5,38.46
504,1136721,La Liga,Villarreal,Willy Kambwala,Defender,6.5,0,0.0,0,0,0,0,0.0,0,0.0,0,0,0,0,0,0,0,0,0,0,0.0,0,0,0.0,0,0,4,1,0,0,0,0,0,0,0,0,0,0,43,38,5,88.37,37,1,0,0,0.0,2,66.67,2,1,86,0,0,0,0,5,0,1,50.0,0,0.0,1,50.0
505,996931,La Liga,Celta Vigo,Hugo González,Midfielder,6.5,0,0.0,0,0,0,0,0.0,0,0.0,0,0,0,0,0,0,0,0,0,0,0.0,0,0,0.0,1,0,0,0,0,0,0,0,0,0,0,0,0,0,2,1,1,50.0,1,0,0,0,0.0,0,0.0,1,0,12,0,0,0,0,3,0,1,50.0,1,50.0,0,0.0
506,1429059,La Liga,Getafe,Hugo Solozábal,Midfielder,6.5,0,0.0,0,0,0,0,0.0,0,0.0,0,0,0,0,0,0,0,0,0,0,0.0,0,0,0.0,0,0,0,0,1,0,0,0,0,0,0,0,0,0,5,5,0,100.0,3,2,2,0,0.0,0,0.0,1,0,10,0,0,0,0,1,1,0,0.0,0,0.0,0,0.0
507,1545061,La Liga,Real Sociedad,Ibai Aguirre,Midfielder,6.5,0,0.0,0,0,0,0,0.0,0,0.0,0,0,0,0,0,0,0,0,0,0,0.0,0,0,0.0,0,0,0,0,0,0,0,0,0,0,0,0,0,0,4,1,3,25.0,1,0,0,0,0.0,0,0.0,1,0,10,0,0,1,0,4,1,1,33.33,0,0.0,1,100.0
508,879543,La Liga,Mallorca,Mateu Morey,Defender,6.5,1,0.3,0,4,2,1,25.0,4,66.67,1,0,0,0,1,0,1,0,0,0,0.0,0,0,0.0,19,7,30,3,14,1,0,1,0,0,1,0,0,3,241,184,57,76.35,85,99,44,6,42.86,10,35.71,18,9,736,2,0,15,10,99,4,39,46.43,33,49.25,6,35.29
509,1614687,La Liga,Real Madrid,Diego Aguado,Defender,6.5,0,0.0,0,0,0,0,0.0,0,0.0,0,0,0,0,0,0,0,0,0,0,0.0,0,0,0.0,2,0,2,1,1,0,0,0,0,0,0,0,0,0,17,14,3,82.35,9,5,1,0,0.0,1,25.0,1,0,29,0,0,0,0,5,2,2,40.0,2,40.0,0,0.0
510,1548439,La Liga,Real Oviedo,Marco Esteban,Defender,6.5,0,0.0,0,0,0,0,0.0,0,0.0,0,0,0,0,0,0,0,0,0,0,0.0,0,0,0.0,0,0,2,0,0,0,1,0,0,0,0,0,0,0,13,11,2,84.62,10,1,0,0,0.0,0,0.0,1,0,45,0,0,0,0,3,0,0,0.0,0,0.0,0,0.0
511,985726,La Liga,Deportivo Alavés,Victor Parada,Defender,6.49,0,0.96,2,11,1,8,0.0,7,53.85,0,0,0,0,0,1,4,0,0,0,0.0,0,0,0.0,33,10,80,11,11,0,0,1,0,2,3,3,0,14,750,616,134,82.13,356,260,105,8,25.81,28,35.44,29,24,2132,7,1,29,15,212,7,87,49.71,55,51.4,32,47.06
512,865651,La Liga,Atlético Madrid,Giacomo Raspadori,Forward,6.49,0,0.69,1,7,3,3,0.0,1,25.0,0,0,0,0,0,0,2,0,0,0,0.0,0,0,0.0,2,0,1,0,2,0,0,0,0,0,2,1,0,4,91,72,19,79.12,28,44,22,3,33.33,1,100.0,12,1,250,1,0,3,7,36,4,13,41.94,10,47.62,3,30.0
513,1893910,La Liga,Real Betis,Pablo García,Midfielder,6.49,0,1.37,1,13,4,7,0.0,5,29.41,0,0,0,0,0,2,3,0,0,0,0.0,0,1,0.0,10,4,1,0,6,0,0,0,0,0,0,0,0,2,96,78,18,81.25,28,50,33,0,0.0,5,83.33,15,2,388,1,0,5,9,64,10,24,40.68,24,42.11,0,0.0
514,1639543,La Liga,Deportivo Alavés,Aitor Mañas,Forward,6.49,0,0.68,2,2,1,1,0.0,2,28.57,0,0,0,0,0,1,0,0,0,0,0.0,0,0,0.0,3,1,0,0,2,0,0,0,0,0,0,0,0,2,21,18,3,85.71,5,13,7,0,0.0,0,0.0,9,0,134,0,0,2,1,20,4,9,31.03,6,31.58,3,30.0
515,1154549,La Liga,Getafe,Mario Martín,Midfielder,6.49,2,2.15,2,27,6,9,7.41,12,35.29,2,0,2,0,0,0,4,0,0,0,0.0,0,0,0.0,56,15,25,5,30,0,1,0,0,1,1,1,0,8,552,407,145,73.73,166,241,113,2,16.67,20,54.05,34,25,2045,11,0,68,32,279,32,169,39.58,100,40.82,69,37.91
516,1953923,La Liga,Athletic Club,Selton Sanchez,Midfielder,6.49,0,0.27,0,4,1,3,0.0,1,16.67,0,0,0,0,0,0,1,0,0,0,0.0,0,0,0.0,3,1,0,0,3,0,0,0,0,0,0,1,0,4,63,42,21,66.67,18,24,14,0,0.0,3,60.0,7,2,199,0,0,5,5,42,4,10,35.71,9,34.62,1,50.0
517,1398511,La Liga,Athletic Club,Adama Boiro,Defender,6.48,0,0.02,0,1,0,0,0.0,5,38.46,0,0,0,0,0,0,0,0,0,0,0.0,0,0,0.0,18,16,20,1,5,1,0,0,0,0,0,0,0,3,324,282,42,87.04,117,165,85,6,28.57,8,42.11,13,7,729,1,0,5,10,82,3,43,57.33,33,61.11,10,47.62
518,1003007,La Liga,Sevilla,Tanguy Nianzou,Defender,6.48,0,0.48,0,9,0,6,0.0,2,40.0,0,0,0,0,0,0,0,0,0,0,0.0,0,0,0.0,14,4,50,1,2,0,2,1,0,1,0,0,0,2,319,282,37,88.4,206,76,26,0,0.0,27,58.7,12,8,648,5,1,15,6,53,4,45,60.0,22,48.89,23,76.67
519,1520799,La Liga,Athletic Club,Maroan Sannadi,Forward,6.48,1,1.1,0,8,4,2,12.5,1,20.0,1,0,0,0,1,0,3,0,0,0,0.0,0,0,0.0,1,1,3,0,2,0,0,0,0,0,1,0,0,3,70,50,20,71.43,14,36,19,0,0.0,2,66.67,10,2,281,1,0,8,5,47,3,18,42.86,7,31.82,11,55.0
520,1018547,La Liga,Real Oviedo,Thiago Borbas,Forward,6.48,0,0.8,1,5,2,2,0.0,0,0.0,0,0,0,0,0,0,3,0,0,0,0.0,0,0,0.0,3,0,5,0,1,0,0,0,0,0,0,0,0,0,36,22,14,61.11,11,11,5,0,0.0,1,50.0,11,0,164,1,0,6,3,22,3,15,40.54,6,37.5,9,42.86
521,1160250,La Liga,Levante UD,Tai Abed,Midfielder,6.48,0,0.0,0,0,0,0,0.0,1,50.0,0,0,0,0,0,0,0,0,0,0,0.0,0,0,0.0,1,0,2,0,1,0,0,0,0,0,0,0,0,0,12,8,4,66.67,2,6,3,0,0.0,0,0.0,6,0,65,0,0,1,2,11,2,4,40.0,4,44.44,0,0.0
522,1106573,La Liga,Girona FC,Jhon Solís,Midfielder,6.48,0,0.16,0,3,2,1,0.0,3,27.27,0,0,0,0,0,0,0,0,0,0,0.0,0,0,0.0,3,4,8,1,7,0,1,0,0,0,0,0,0,1,164,145,19,88.41,70,75,36,0,0.0,3,37.5,12,3,384,0,0,2,7,37,3,15,35.71,13,39.39,2,22.22
523,1139409,La Liga,Real Sociedad,Pablo Marín,Midfielder,6.48,0,1.25,2,13,4,3,0.0,17,41.46,0,0,0,0,0,1,5,1,0,0,0.0,0,0,0.0,19,7,16,1,10,0,0,0,0,0,2,1,0,12,368,292,76,79.35,120,172,82,4,23.53,7,36.84,33,15,1489,2,0,22,22,188,23,65,39.63,57,42.54,8,26.67
524,1484974,La Liga,Mallorca,Justin-Noel Kalumba,Midfielder,6.47,0,0.09,0,1,0,1,0.0,1,25.0,0,0,0,0,0,0,0,0,0,0,0.0,0,0,0.0,1,0,0,0,2,0,0,0,0,0,0,0,0,0,27,20,7,74.07,4,16,14,0,0.0,0,0.0,3,1,91,0,0,2,4,19,2,6,35.29,6,40.0,0,0.0
525,1086128,La Liga,Real Oviedo,Álex Forés,Forward,6.47,0,1.21,2,8,2,3,0.0,3,50.0,0,0,0,0,0,0,1,0,0,0,0.0,0,0,0.0,2,1,0,0,3,0,0,0,0,0,0,1,0,1,56,39,17,69.64,18,21,14,0,0.0,0,0.0,17,2,337,0,0,3,6,38,4,13,37.14,11,45.83,2,18.18
526,788141,La Liga,Deportivo Alavés,Jon Guridi,Midfielder,6.47,0,1.76,3,15,4,7,0.0,9,47.37,0,0,0,0,0,1,2,1,0,0,0.0,0,0,0.0,25,9,18,2,16,0,0,0,0,1,0,0,0,8,421,347,74,82.42,154,193,105,2,20.0,9,60.0,27,14,1175,1,0,15,8,130,7,62,44.93,40,45.98,22,43.14
527,1398518,La Liga,Getafe,Álex Sancris,Midfielder,6.46,0,0.39,0,13,5,4,0.0,5,50.0,0,0,0,0,0,0,8,0,0,0,0.0,0,1,0.0,10,2,4,0,11,0,0,0,0,0,1,1,0,8,194,134,60,69.07,44,90,50,8,13.33,5,33.33,18,5,710,2,1,16,12,149,9,31,33.7,26,40.0,5,18.52
528,1120947,La Liga,Rayo Vallecano,Jozhua Vertrouwd,Defender,6.46,0,0.05,0,1,0,1,0.0,0,0.0,0,0,0,0,0,0,0,0,0,0,0.0,0,0,0.0,7,4,27,3,0,1,0,0,1,1,0,0,0,2,198,180,18,90.91,143,37,11,0,0.0,7,58.33,9,3,441,0,0,6,3,26,1,16,57.14,10,55.56,6,60.0
529,785468,La Liga,Real Sociedad,Aritz Elustondo,Defender,6.46,0,0.36,1,4,2,2,0.0,0,0.0,0,0,0,0,0,0,0,0,0,0,0.0,0,0,0.0,14,10,37,3,14,0,1,1,0,0,0,1,0,1,372,319,53,85.75,203,116,44,2,33.33,12,42.86,15,8,712,0,0,17,10,82,3,40,45.45,24,39.34,16,59.26
530,1092515,La Liga,Elche,Yago Santiago,Midfielder,6.46,0,0.12,0,2,0,0,0.0,4,40.0,0,0,0,0,0,0,1,0,0,0,0.0,0,0,0.0,2,1,5,0,3,0,0,0,0,0,0,0,0,2,104,89,15,85.58,26,63,33,2,33.33,2,50.0,9,3,289,1,1,3,2,36,2,10,33.33,8,36.36,2,25.0
531,1430667,La Liga,Athletic Club,Urko Izeta,Forward,6.45,0,0.85,2,9,4,4,0.0,1,33.33,0,0,0,0,0,2,0,0,0,0,0.0,0,1,0.0,2,0,0,0,3,0,0,0,0,0,1,0,0,2,58,41,17,70.69,12,29,17,0,0.0,1,33.33,12,1,173,2,0,5,1,35,2,7,28.0,4,25.0,3,33.33
532,1482463,La Liga,Girona FC,Juan Arango,Forward,6.45,0,0.0,0,0,0,0,0.0,2,100.0,0,0,0,0,0,0,0,0,0,0,0.0,0,0,0.0,0,0,0,0,0,0,0,0,0,0,0,0,0,0,3,3,0,100.0,0,3,3,0,0.0,0,0.0,2,0,19,1,0,1,0,3,1,2,50.0,2,50.0,0,0.0
533,1495856,La Liga,Osasuna,Iñigo Arguibide,Defender,6.45,0,0.0,0,0,0,0,0.0,0,0.0,0,0,0,0,0,0,0,0,0,0,0.0,0,0,0.0,3,2,7,1,1,0,0,0,0,0,0,0,0,1,38,24,14,63.16,11,13,5,1,20.0,2,18.18,6,2,196,0,1,3,0,30,2,3,23.08,3,27.27,0,0.0
534,146852,La Liga,Mallorca,Abdón Prats,Forward,6.45,0,0.76,1,3,1,0,0.0,1,50.0,0,0,0,0,0,0,0,0,0,0,0.0,0,0,0.0,0,0,1,0,4,0,0,0,0,0,0,0,0,2,24,16,8,66.67,4,12,6,0,0.0,0,0.0,14,0,138,0,0,2,3,18,2,9,34.62,4,30.77,5,38.46
535,1425060,La Liga,Athletic Club,Eder Garcia,Midfielder,6.45,0,0.03,0,1,0,0,0.0,0,0.0,0,0,0,0,0,0,0,0,0,0,0.0,0,0,0.0,0,0,0,0,0,0,0,0,0,0,0,0,0,0,23,17,6,73.91,11,6,3,0,0.0,0,0.0,2,0,36,1,0,2,0,9,1,1,25.0,0,0.0,1,100.0
536,831510,La Liga,Getafe,Veljko Birmančević,Forward,6.45,0,0.1,0,2,1,0,0.0,2,50.0,0,0,0,0,0,0,3,0,0,0,0.0,0,0,0.0,0,2,2,1,3,0,0,0,0,0,0,0,0,2,37,22,15,59.46,8,14,9,1,50.0,1,16.67,6,1,144,0,0,3,3,25,2,6,25.0,5,35.71,1,10.0
537,315916,La Liga,Valencia,Renzo Saravia,Defender,6.44,0,0.04,0,1,0,1,0.0,2,40.0,0,0,0,0,0,0,0,0,0,0,0.0,0,0,0.0,8,7,10,0,6,0,0,1,0,0,0,0,0,1,149,123,26,82.55,72,51,23,0,0.0,3,23.08,5,4,353,2,0,4,10,39,2,23,52.27,20,57.14,3,33.33
538,1087476,La Liga,Getafe,Abu Kamara,Midfielder,6.44,0,0.48,1,4,1,2,0.0,2,22.22,0,0,0,0,0,0,2,0,0,0,0.0,0,0,0.0,4,2,1,1,4,0,0,0,0,0,0,0,0,3,76,52,24,68.42,13,39,21,0,0.0,2,66.67,12,1,264,1,0,2,4,54,6,13,35.14,10,35.71,3,33.33
539,885664,La Liga,Real Oviedo,Luka Ilić,Midfielder,6.44,1,0.69,3,9,5,4,11.11,3,25.0,1,0,0,0,1,0,2,0,0,0,0.0,0,0,0.0,10,5,8,3,15,0,0,0,0,0,0,0,0,3,226,181,45,80.09,80,101,52,1,14.29,11,52.38,18,8,729,2,1,16,7,89,11,26,30.95,20,28.57,6,42.86
540,869931,La Liga,Getafe,Yvan Neyou,Midfielder,6.43,0,0.0,0,0,0,0,0.0,0,0.0,0,0,0,0,0,0,0,0,0,0,0.0,0,0,0.0,0,0,3,0,1,0,0,0,0,0,0,0,0,0,18,15,3,83.33,5,10,6,0,0.0,1,100.0,5,0,73,2,0,4,2,8,2,2,20.0,2,25.0,0,0.0
541,826013,La Liga,Girona FC,Abel Ruíz,Forward,6.43,0,0.25,0,5,1,1,0.0,1,100.0,0,0,0,0,0,0,1,0,0,0,0.0,0,0,0.0,1,1,0,0,1,0,0,0,0,0,0,0,0,2,36,28,8,77.78,6,22,15,0,0.0,1,100.0,9,0,194,0,0,2,1,18,1,7,35.0,3,42.86,4,30.77
542,1099175,La Liga,Real Sociedad,Jon Karrikaburu,Forward,6.43,0,0.91,2,7,2,3,0.0,0,0.0,0,0,0,0,0,0,2,0,0,0,0.0,0,0,0.0,2,0,0,0,1,0,0,0,0,0,0,0,0,1,17,10,7,58.82,4,6,4,0,0.0,0,0.0,7,0,136,0,0,3,4,18,0,9,39.13,4,44.44,5,35.71
543,857229,La Liga,Real Oviedo,Oier Luengo,Defender,6.43,0,0.04,0,1,0,1,0.0,0,0.0,0,0,0,0,0,0,0,0,0,0,0.0,0,0,0.0,6,2,5,2,0,0,0,0,0,0,0,1,0,1,88,78,10,88.64,71,7,1,0,0.0,2,25.0,3,3,225,1,0,2,1,11,0,9,56.25,7,77.78,2,28.57
544,909554,La Liga,Levante UD,Roger Brugué,Midfielder,6.42,1,3.32,6,28,9,14,3.57,9,37.5,1,0,1,0,0,3,6,0,0,0,0.0,0,0,0.0,11,4,19,1,10,0,3,0,0,1,2,1,0,8,244,201,43,82.38,78,123,65,6,54.55,3,37.5,19,10,1007,1,1,11,8,110,18,41,34.75,28,34.15,13,36.11
545,1211632,La Liga,Real Sociedad,Wesley,Midfielder,6.42,0,0.02,0,1,0,0,0.0,3,60.0,0,0,0,0,0,0,0,0,0,0,0.0,0,0,0.0,0,0,1,0,0,0,0,0,0,0,0,0,0,0,30,21,9,70.0,5,16,9,0,0.0,3,60.0,5,1,91,0,0,3,1,24,4,6,37.5,4,33.33,2,50.0
546,1985103,La Liga,Real Sociedad,Gorka Carrera Zarranz,Forward,6.4,0,0.34,1,1,1,0,0.0,0,0.0,0,0,0,0,0,0,0,0,0,0,0.0,0,0,0.0,0,1,0,0,1,0,0,0,0,0,0,0,0,0,12,11,1,91.67,5,6,1,0,0.0,0,0.0,3,0,59,1,0,2,2,4,1,3,37.5,2,40.0,1,33.33
547,985262,La Liga,Deportivo Alavés,Moussa Diarra,Defender,6.4,0,0.0,0,0,0,0,0.0,1,25.0,0,0,0,0,0,0,0,0,0,0,0.0,0,0,0.0,6,1,6,0,4,0,0,0,0,0,0,0,0,1,64,41,23,64.06,19,22,9,1,100.0,3,33.33,3,3,219,1,0,4,1,41,2,13,48.15,8,38.1,5,83.33
548,1139724,La Liga,Rayo Vallecano,Pelayo Fernández,Defender,6.4,0,0.04,0,1,0,1,0.0,0,0.0,0,0,0,0,0,0,0,0,0,0,0.0,0,0,0.0,1,0,3,0,1,0,0,0,0,0,0,0,0,0,35,30,5,85.71,19,11,3,0,0.0,1,100.0,1,0,45,0,0,1,0,5,0,4,50.0,1,33.33,3,60.0
549,1895197,La Liga,Getafe,Jorge Montes,Defender,6.4,0,0.0,0,0,0,0,0.0,2,100.0,0,0,0,0,0,0,0,0,0,0,0.0,0,0,0.0,3,0,0,0,0,0,0,0,0,0,1,0,0,1,9,8,1,88.89,4,4,1,0,0.0,0,0.0,1,0,26,0,0,1,0,4,0,5,55.56,5,83.33,0,0.0
550,1414932,La Liga,Atlético Madrid,Dani Martinez,Defender,6.4,0,0.0,0,0,0,0,0.0,0,0.0,0,0,0,0,0,0,0,0,0,0,0.0,0,0,0.0,1,1,2,1,0,0,0,1,0,0,0,0,0,0,86,77,9,89.53,44,33,1,0,0.0,1,16.67,1,1,90,0,0,1,0,11,1,1,33.33,1,33.33,0,0.0
551,1587196,La Liga,FC Barcelona,Jofre Torrents ,Defender,6.4,0,0.0,0,0,0,0,0.0,0,0.0,0,0,0,0,0,0,0,0,0,0,0.0,0,0,0.0,2,0,2,0,0,0,0,0,0,0,0,0,0,0,34,30,4,88.24,11,19,15,1,33.33,1,100.0,3,0,47,0,0,0,0,10,1,3,37.5,2,50.0,1,25.0
552,1550822,La Liga,Athletic Club,Asier Hierro,Forward,6.4,0,0.07,0,1,0,1,0.0,0,0.0,0,0,0,0,0,0,0,0,0,0,0.0,0,0,0.0,0,0,1,0,0,0,0,0,0,0,0,0,0,1,9,6,3,66.67,1,5,2,0,0.0,0,0.0,1,0,33,0,0,0,0,3,0,1,33.33,0,0.0,1,33.33
553,1151851,La Liga,Girona FC,Dawda Camara,Forward,6.4,0,0.12,0,2,1,0,0.0,0,0.0,0,0,0,0,0,0,0,0,0,0,0.0,0,0,0.0,1,1,0,0,0,0,0,0,0,0,0,0,0,2,10,7,3,70.0,4,3,3,0,0.0,0,0.0,2,1,71,0,0,2,0,5,0,2,25.0,1,33.33,1,20.0
554,1149152,La Liga,Sevilla,Stanis Idumbo Muzambo,Midfielder,6.4,0,0.03,0,1,0,0,0.0,0,0.0,0,0,0,0,0,0,0,0,0,0,0.0,0,0,0.0,1,0,0,0,1,0,0,0,0,0,0,0,0,1,11,7,4,63.64,1,6,3,0,0.0,0,0.0,1,1,45,0,0,0,0,7,0,1,25.0,1,33.33,0,0.0
555,914749,La Liga,Levante UD,Sergio Lozano,Midfielder,6.4,0,0.0,0,0,0,0,0.0,0,0.0,0,0,0,0,0,0,0,0,0,0,0.0,0,0,0.0,2,0,0,0,0,0,0,0,0,0,0,0,0,0,7,7,0,100.0,2,5,3,0,0.0,0,0.0,1,0,11,0,0,0,0,2,0,2,40.0,2,50.0,0,0.0
556,1466128,La Liga,Real Sociedad,Dani Díaz,Midfielder,6.4,0,0.0,0,0,0,0,0.0,0,0.0,0,0,0,0,0,0,0,0,0,0,0.0,0,0,0.0,0,0,0,0,0,0,0,0,0,0,0,0,0,0,4,3,1,75.0,0,3,2,0,0.0,0,0.0,1,0,17,0,0,0,0,3,0,0,0.0,0,0.0,0,0.0
557,1590761,La Liga,FC Barcelona,Toni Fernández,Midfielder,6.4,0,0.0,0,0,0,0,0.0,0,0.0,0,0,0,0,0,0,0,0,0,0,0.0,0,0,0.0,0,0,0,0,0,0,0,0,0,0,0,0,0,1,9,7,2,77.78,1,6,4,0,0.0,0,0.0,1,1,45,0,0,0,0,3,0,0,0.0,0,0.0,0,0.0
558,857065,La Liga,Real Oviedo,Horațiu Moldovan,Goalkeeper,6.4,0,0.0,0,0,0,0,0.0,0,0.0,0,0,0,0,0,0,0,0,0,0,0.0,0,0,0.0,0,0,1,0,0,0,0,0,0,0,0,0,0,0,35,30,5,85.71,26,4,1,0,0.0,1,16.67,1,1,90,0,0,0,0,5,0,0,0.0,0,0.0,0,0.0
559,945768,La Liga,Girona FC,Bojan Miovski,Forward,6.4,0,0.0,0,0,0,0,0.0,0,0.0,0,0,0,0,0,0,0,0,0,0,0.0,0,0,0.0,0,0,0,0,0,0,0,0,0,0,0,0,0,0,3,2,1,66.67,2,0,0,0,0.0,0,0.0,1,1,44,0,0,0,0,2,0,0,0.0,0,0.0,0,0.0
560,1918369,La Liga,Getafe,Davinchi,Defender,6.39,0,0.24,0,4,2,1,0.0,10,52.63,0,0,0,0,0,0,0,0,0,0,0.0,0,0,0.0,26,6,22,1,6,0,1,0,0,1,0,0,0,3,211,123,88,58.29,46,77,39,3,15.79,7,18.42,13,7,697,2,0,27,2,153,9,47,44.34,38,43.18,9,50.0
561,2237795,La Liga,Real Madrid,Thiago Pitarch,Midfielder,6.39,0,0.25,0,4,1,1,0.0,5,45.45,0,0,0,0,0,0,2,0,0,0,0.0,0,0,0.0,10,6,5,0,20,0,3,0,0,0,1,0,0,4,320,288,32,90.0,123,165,66,0,0.0,11,64.71,9,7,506,1,0,11,4,54,6,20,29.41,19,31.15,1,14.29
562,1131581,La Liga,Rayo Vallecano,Carlos Martín,Forward,6.39,0,1.21,1,8,3,2,0.0,4,80.0,0,0,0,0,0,0,0,0,0,0,0.0,0,0,0.0,11,0,4,2,13,0,0,0,0,0,1,0,0,3,101,84,17,83.17,41,43,27,1,12.5,1,25.0,10,6,429,1,0,10,5,48,5,25,39.68,19,39.58,6,40.0
563,151138,La Liga,Valencia,Dimitri Foulquier,Defender,6.38,0,0.57,0,6,1,4,0.0,10,50.0,0,0,0,0,0,0,0,0,0,0,0.0,0,0,0.0,15,8,40,1,3,0,1,1,0,3,0,0,0,6,518,439,79,84.75,287,152,70,4,33.33,18,42.86,15,12,1157,1,0,16,7,136,6,43,47.25,32,48.48,11,44.0
564,175753,La Liga,Deportivo Alavés,Mariano Díaz,Forward,6.36,0,0.24,0,6,3,2,0.0,1,50.0,0,0,0,0,0,0,6,0,0,0,0.0,0,0,0.0,4,0,2,1,0,0,0,0,0,0,2,0,0,2,43,28,15,65.12,7,21,14,0,0.0,0,0.0,10,3,295,1,0,13,0,39,6,17,29.82,5,21.74,12,35.29
565,1807070,La Liga,Levante UD,Jorge Cabello,Defender,6.36,0,0.0,0,0,0,0,0.0,2,100.0,0,0,0,0,0,0,0,0,0,0,0.0,0,0,0.0,7,0,22,4,1,1,1,0,0,0,0,0,0,0,123,106,17,86.18,78,28,7,0,0.0,7,43.75,5,4,364,1,0,3,3,18,0,18,60.0,12,75.0,6,42.86
566,1860172,La Liga,Girona FC,Lass Kourouma,Midfielder,6.36,0,0.0,0,0,0,0,0.0,0,0.0,0,0,0,0,0,0,0,0,0,0,0.0,0,0,0.0,0,1,0,0,2,0,0,0,0,0,0,0,0,0,13,10,3,76.92,2,8,4,0,0.0,0,0.0,5,0,64,0,1,2,1,5,1,1,14.29,1,20.0,0,0.0
567,591750,La Liga,Sevilla,Joan Jordán,Midfielder,6.35,0,0.0,0,0,0,0,0.0,0,0.0,0,0,0,0,0,0,0,0,0,0,0.0,0,0,0.0,0,0,6,0,1,0,0,0,0,0,0,0,0,0,27,21,6,77.78,10,11,5,0,0.0,0,0.0,3,0,22,1,1,4,0,8,0,0,0.0,0,0.0,0,0.0
568,1587199,La Liga,Real Oviedo,Pablo Agudín,Midfielder,6.35,0,0.04,0,2,0,1,0.0,1,100.0,0,0,0,0,0,0,0,0,0,0,0.0,0,0,0.0,1,0,2,0,2,0,0,1,0,0,0,0,0,0,20,11,9,55.0,5,6,2,0,0.0,0,0.0,7,0,93,0,0,4,1,23,3,5,33.33,3,25.0,2,66.67
569,1068891,La Liga,Espanyol,Jose Salinas,Defender,6.35,0,0.16,1,1,0,0,0.0,3,75.0,0,0,0,0,0,0,0,0,0,0,0.0,0,0,0.0,2,3,5,2,2,0,0,0,1,0,0,0,0,5,112,94,18,83.93,49,45,17,1,14.29,0,0.0,11,2,268,2,0,8,4,36,1,12,40.0,9,42.86,3,33.33
570,1090681,La Liga,Sevilla,Ramón Martínez,Defender,6.35,0,0.0,0,0,0,0,0.0,0,0.0,0,0,0,0,0,0,0,0,0,0,0.0,0,0,0.0,0,1,2,0,1,0,0,0,0,0,0,0,0,0,64,57,7,89.06,40,17,2,0,0.0,7,70.0,2,0,100,0,0,1,1,9,1,2,33.33,1,25.0,1,50.0
571,855837,La Liga,Levante UD,Diego Pampín,Defender,6.34,0,0.21,0,3,0,1,0.0,6,85.71,0,0,0,0,0,0,0,0,0,0,0.0,0,0,0.0,11,6,20,0,9,0,1,0,0,0,0,0,0,3,270,231,39,85.56,148,83,34,3,21.43,8,40.0,8,6,534,3,0,8,7,71,4,29,51.79,23,51.11,6,54.55
572,796320,La Liga,Celta Vigo,Joseph Aidoo,Defender,6.33,0,0.24,2,2,0,2,0.0,1,100.0,0,0,0,0,0,0,0,0,0,0,0.0,0,0,0.0,7,9,42,2,1,1,2,2,0,1,0,0,0,0,391,364,27,93.09,247,117,19,0,0.0,10,55.56,8,7,639,0,0,5,1,33,1,21,53.85,9,60.0,12,50.0
573,849731,La Liga,Elche,Bambo Diaby,Defender,6.3,0,0.0,0,0,0,0,0.0,0,0.0,0,0,0,0,0,0,0,0,0,0,0.0,0,0,0.0,0,1,4,0,3,0,0,0,0,0,0,0,0,0,62,59,3,95.16,43,16,3,0,0.0,2,100.0,4,1,107,1,0,3,3,5,0,5,33.33,3,37.5,2,28.57
574,1539149,La Liga,Real Sociedad,Luken Beitia,Defender,6.3,0,0.0,0,0,0,0,0.0,0,0.0,0,0,0,0,0,0,0,0,0,0,0.0,0,0,0.0,0,0,0,0,0,0,0,0,0,0,0,0,0,0,2,1,1,50.0,1,0,0,0,0.0,0,0.0,1,0,14,0,0,0,1,1,0,1,50.0,1,100.0,0,0.0
575,1563578,La Liga,Atlético Madrid,Taufik Seidu,Midfielder,6.3,0,0.0,0,0,0,0,0.0,0,0.0,0,0,0,0,0,0,0,0,0,0,0.0,0,0,0.0,0,0,0,0,0,0,0,0,0,0,0,0,0,0,4,2,2,50.0,2,0,0,0,0.0,0,0.0,1,0,22,1,0,2,0,3,0,0,0.0,0,0.0,0,0.0
576,1516812,La Liga,Elche,Ali Houary,Midfielder,6.3,0,0.07,0,2,0,1,0.0,1,33.33,0,0,0,0,0,0,0,0,0,0,0.0,0,0,0.0,4,1,1,0,2,0,0,0,0,0,0,0,0,0,53,47,6,88.68,21,26,11,0,0.0,1,50.0,2,2,125,0,0,7,2,18,4,7,31.82,7,31.82,0,0.0
577,1966890,La Liga,Villarreal,Hugo López,Forward,6.3,0,0.0,0,0,0,0,0.0,0,0.0,0,0,0,0,0,0,0,0,0,0,0.0,0,0,0.0,1,1,0,0,0,0,0,0,0,0,0,0,0,0,5,5,0,100.0,1,4,2,0,0.0,0,0.0,2,1,55,0,0,2,0,4,1,1,16.67,1,20.0,0,0.0
578,801837,La Liga,Athletic Club,Íñigo Lekue,Defender,6.29,0,0.13,0,3,1,0,0.0,6,35.29,0,0,0,0,0,0,0,0,0,0,0.0,0,0,0.0,15,4,17,0,5,1,1,1,0,1,0,0,0,1,243,186,57,76.54,105,81,39,3,16.67,17,42.5,10,8,570,2,2,11,0,102,5,22,33.33,21,39.62,1,7.69
579,1916256,La Liga,Celta Vigo,Andrés Antañón,Midfielder,6.25,0,0.16,1,2,2,0,0.0,0,0.0,0,0,0,0,0,0,0,0,0,0,0.0,0,0,0.0,0,0,0,0,5,0,0,0,0,0,0,0,0,0,18,12,6,66.67,6,6,3,0,0.0,1,100.0,2,1,62,0,0,1,0,8,0,1,11.11,0,0.0,1,50.0
580,1402936,La Liga,Deportivo Alavés,Carlos Ballestero,Defender,6.2,0,0.0,0,0,0,0,0.0,0,0.0,0,0,0,0,0,0,0,0,0,0,0.0,0,0,0.0,0,0,1,0,1,0,0,0,0,0,0,0,0,0,0,0,0,0.0,0,0,0,0,0.0,0,0.0,1,0,9,0,0,0,0,1,0,0,0.0,0,0.0,0,0.0
581,1179148,La Liga,Atlético Madrid,Rayane Belaid,Midfielder,6.1,0,0.55,1,4,0,3,0.0,2,28.57,0,0,0,0,0,0,1,0,0,0,0.0,0,0,0.0,2,0,2,0,4,0,0,0,0,0,0,0,0,2,30,27,3,90.0,11,16,8,0,0.0,0,0.0,2,2,134,0,0,1,1,17,3,6,26.09,5,27.78,1,20.0
582,1430809,La Liga,Deportivo Alavés,Diego Morcillo,Forward,6.1,0,0.45,1,1,0,1,0.0,0,0.0,0,0,0,0,0,0,0,0,0,0,0.0,0,0,0.0,0,0,0,0,0,0,0,0,0,0,0,0,0,0,4,2,2,50.0,0,2,2,0,0.0,0,0.0,1,0,9,0,0,1,1,4,0,1,50.0,1,50.0,0,0.0
583,2269442,La Liga,Mallorca,Luis Orejuela,Defender,6.1,0,0.05,0,1,0,1,0.0,1,100.0,0,0,0,0,0,0,0,0,0,0,0.0,0,0,0.0,0,1,3,0,0,0,0,0,0,0,0,0,0,0,32,30,2,93.75,17,13,6,0,0.0,2,66.67,1,1,90,0,0,1,4,11,1,6,46.15,5,83.33,1,14.29
584,1136702,La Liga,Real Sociedad,Mikel Goti,Midfielder,6.07,0,0.35,1,3,0,1,0.0,2,66.67,0,0,0,0,0,0,0,0,0,0,0.0,0,0,0.0,0,0,1,1,0,1,0,0,0,0,0,0,0,0,29,14,15,48.28,2,12,7,0,0.0,1,20.0,4,1,81,0,0,6,0,24,2,5,23.81,2,20.0,3,27.27
585,856250,La Liga,Girona FC,Ladislav Krejčí,Defender,5.7,0,0.12,0,1,0,1,0.0,0,0.0,0,0,0,0,0,0,0,0,0,0,0.0,0,0,0.0,2,1,1,0,1,0,0,0,0,0,0,0,0,0,104,92,12,88.46,65,27,5,0,0.0,2,22.22,2,2,180,1,0,2,0,13,0,5,45.45,2,40.0,3,50.0
586,1100964,La Liga,Atlético Madrid,Aleksa Purić,Defender,0.0,0,0.0,0,0,0,0,0.0,0,0.0,0,0,0,0,0,0,0,0,0,0,0.0,0,0,0.0,0,1,0,0,0,0,0,0,0,0,0,0,0,0,0,0,0,0.0,0,0,0,0,0.0,0,0.0,1,0,1,0,0,0,1,0,0,1,100.0,1,100.0,0,0.0
587,1110138,La Liga,Real Madrid,Alvaro Leiva,Midfielder,0.0,0,0.0,0,0,0,0,0.0,0,0.0,0,0,0,0,0,0,0,0,0,0,0.0,0,0,0.0,0,0,0,0,0,0,0,0,0,0,0,0,0,0,2,1,1,50.0,1,0,0,0,0.0,0,0.0,1,0,3,0,0,0,0,2,0,0,0.0,0,0.0,0,0.0
588,1535581,La Liga,Real Sociedad,Lander Astiazaran,Midfielder,0.0,0,0.03,0,1,0,1,0.0,0,0.0,0,0,0,0,0,0,0,0,0,0,0.0,0,0,0.0,0,0,0,0,0,0,0,0,0,0,0,0,0,0,3,0,3,0.0,0,0,0,0,0.0,0,0.0,1,0,1,0,0,0,0,4,1,0,0.0,0,0.0,0,0.0
589,1122588,La Liga,Deportivo Alavés,Lander Pinillos,Midfielder,0.0,0,0.0,0,0,0,0,0.0,0,0.0,0,0,0,0,0,0,0,0,0,0,0.0,0,0,0.0,0,0,0,0,0,0,0,0,0,0,0,0,0,0,1,1,0,100.0,0,1,0,0,0.0,0,0.0,1,0,1,0,0,0,0,1,0,0,0.0,0,0.0,0,0.0
590,1171626,La Liga,Real Betis,Dani Pérez,Midfielder,0.0,0,0.0,0,0,0,0,0.0,1,50.0,0,0,0,0,0,0,0,0,0,0,0.0,0,0,0.0,0,0,0,0,0,0,0,0,0,0,0,0,0,0,1,1,0,100.0,1,0,0,0,0.0,0,0.0,1,0,1,0,0,0,1,1,0,2,66.67,2,66.67,0,0.0
591,1526575,La Liga,Real Sociedad,Arkaitz Mariezkurrena,Forward,0.0,0,0.0,0,0,0,0,0.0,0,0.0,0,0,0,0,0,0,0,0,0,0,0.0,0,0,0.0,0,0,2,0,0,0,0,1,0,0,0,0,0,0,0,0,0,0.0,0,0,0,0,0.0,0,0.0,1,0,1,0,0,2,0,0,0,0,0.0,0,0.0,0,0.0
