#,Player ID,League,Season,Team,Name,Position,Sofascore Rating,Goals,xG,Big chances missed,Total shots,Shots on target,Shots off target,Goal conversion %,Succ. dribbles,Succ. dribbles %,Goals inside box,Goals outside box,Headed goals,Left-footed goals,Right-footed goals,Hit woodwork,Offsides,Penalties won,Penalties taken,Penalty goals,Penalty conversion %,Free kick goals,Shots from set piece,Set piece conv. %,Tackles,Interceptions,Clearances,Blocked shots,Dribbled past,Errors leading to goal,Errors leading to shot,Penalties committed,Own goals,Clean sheets,Big chances created,Assists,Passes to assist,Key passes,Total passes,Accurate passes,Inaccurate passes,Accurate passes %,Passes in own half,Passes in opp. half,Acc. final third passes,Accurate crosses,Accurate crosses %,Accurate long balls,Accurate long balls %,Appearances,Started,Minutes played,Yellow cards,Red cards,Fouls,Was fouled,Possession lost,Dispossessed,Total duels won,Total duels won %,Ground duels won,Ground duels won %,Aerial duels won,Aerial duels won %
1,50539,La Liga,25/26,Real Betis,Adrián,Goalkeeper,8.1,0.0,0.0,0.0,0.0,0.0,0.0,0.0,0.0,0.0,0.0,0.0,0.0,0.0,0.0,0.0,0.0,0.0,0.0,0.0,0.0,0.0,0.0,0.0,0.0,0.0,1.0,0.0,0.0,0.0,0.0,0.0,0.0,0.0,0.0,0.0,0.0,0.0,32.0,26.0,6.0,81.25,24.0,2.0,1.0,0.0,0.0,5.0,45.45,1,1,90,1.0,0.0,0.0,0.0,6.0,0.0,0.0,0.0,0.0,0.0,0.0,0.0
2,1402912,La Liga,25/26,FC Barcelona,Lamine Yamal,Midfielder,7.93,0.63,0.51,0.28,4.64,1.47,1.9,13.68,5.28,54.73,0.56,0.08,0.0,0.56,0.08,0.16,0.56,0.08,0.16,0.12,75.0,0.0,0.16,0.0,1.39,0.4,0.12,0.0,0.44,0.0,0.0,0.0,0.0,0.24,1.03,0.44,0.04,2.9,53.53,43.41,10.12,81.1,8.53,34.88,22.58,0.91,28.05,1.27,47.06,28,26,2268,0.04,0.0,1.11,2.06,22.58,1.59,8.73,53.14,8.73,53.79,0.0,0.0
3,1082734,La Liga,25/26,Espanyol,Angel Fortuno,Goalkeeper,7.9,0.0,0.0,0.0,0.0,0.0,0.0,0.0,0.0,0.0,0.0,0.0,0.0,0.0,0.0,0.0,0.0,0.0,0.0,0.0,0.0,0.0,0.0,0.0,0.0,0.0,0.0,0.0,0.0,0.0,0.0,0.0,0.0,0.0,0.0,0.0,0.0,0.0,23.0,21.0,2.0,91.3,17.0,4.0,3.0,0.0,0.0,8.0,80.0,1,1,90,0.0,0.0,0.0,0.0,4.0,0.0,2.0,100.0,0.0,0.0,2.0,100.0
4,1085579,La Liga,25/26,Levante UD,Pablo Cuñat,Goalkeeper,7.75,0.0,0.0,0.0,0.0,0.0,0.0,0.0,0.0,0.0,0.0,0.0,0.0,0.0,0.0,0.0,0.0,0.0,0.0,0.0,0.0,0.0,0.0,0.0,0.0,0.0,3.0,0.0,0.0,0.0,0.0,0.0,0.0,0.0,0.0,0.0,0.0,0.0,28.5,14.5,14.0,50.88,10.0,4.5,1.5,0.0,0.0,7.5,35.71,2,2,180,0.0,0.0,0.0,0.0,14.0,0.0,1.0,100.0,0.0,0.0,1.0,100.0
5,965832,La Liga,25/26,Rayo Vallecano,Dani Cárdenas,Goalkeeper,7.75,0.0,0.0,0.0,0.0,0.0,0.0,0.0,0.0,0.0,0.0,0.0,0.0,0.0,0.0,0.0,0.0,0.0,0.0,0.0,0.0,0.0,0.0,0.0,0.25,0.0,2.5,0.0,0.0,0.0,0.0,0.0,0.0,0.25,0.0,0.0,0.0,0.0,30.75,21.25,9.5,69.11,17.0,4.25,1.0,0.0,0.0,7.5,44.12,4,4,360,0.0,0.0,0.0,0.0,10.25,0.0,0.25,100.0,0.25,100.0,0.0,0.0
6,1094782,La Liga,25/26,Real Sociedad,Unai Marrero,Goalkeeper,7.7,0.0,0.0,0.0,0.0,0.0,0.0,0.0,0.0,0.0,0.0,0.0,0.0,0.0,0.0,0.0,0.0,0.0,0.0,0.0,0.0,0.0,0.0,0.0,0.0,0.0,1.0,0.0,0.0,0.0,0.0,0.0,0.0,0.0,0.0,0.0,0.0,0.0,38.0,21.0,17.0,55.26,13.0,8.0,1.0,0.0,0.0,11.0,39.29,1,1,90,1.0,0.0,0.0,0.0,17.0,0.0,0.0,0.0,0.0,0.0,0.0,0.0
7,1464652,La Liga,25/26,FC Barcelona,Álvaro Cortés,Defender,7.6,0.0,0.0,0.0,0.0,0.0,0.0,0.0,1.0,100.0,0.0,0.0,0.0,0.0,0.0,0.0,0.0,0.0,0.0,0.0,0.0,0.0,0.0,0.0,1.0,1.0,5.0,1.0,0.0,0.0,0.0,0.0,0.0,0.0,0.0,0.0,0.0,0.0,92.0,87.0,5.0,94.57,50.0,37.0,9.0,0.0,0.0,5.0,62.5,1,1,90,0.0,0.0,0.0,1.0,7.0,1.0,7.0,53.85,3.0,75.0,4.0,44.44
8,99516,La Liga,25/26,Osasuna,Aitor Fernández,Goalkeeper,7.6,0.0,0.0,0.0,0.0,0.0,0.0,0.0,0.66,100.0,0.0,0.0,0.0,0.0,0.0,0.0,0.0,0.0,0.0,0.0,0.0,0.0,0.0,0.0,0.0,0.0,0.66,0.0,0.0,0.0,0.0,0.0,0.0,0.0,0.0,0.0,0.0,0.0,33.75,20.51,13.24,60.78,13.24,7.28,0.66,0.0,0.0,10.59,44.44,2,1,136,1.99,0.0,0.0,0.0,13.24,0.0,0.66,100.0,0.66,100.0,0.0,0.0
9,826643,La Liga,25/26,Real Madrid,Kylian Mbappé,Forward,7.56,0.86,0.83,0.73,5.05,2.18,1.62,17.12,2.7,52.35,0.66,0.21,0.0,0.07,0.79,0.1,1.35,0.14,0.31,0.28,88.89,0.0,0.21,0.0,0.14,0.07,0.0,0.0,0.28,0.0,0.0,0.0,0.0,0.28,0.28,0.17,0.0,2.25,34.49,29.83,4.67,86.47,5.12,24.71,17.42,0.21,22.22,1.18,80.95,31,29,2604,0.14,0.0,0.45,1.24,11.92,1.42,4.32,48.64,4.08,47.77,0.24,70.0
10,992587,La Liga,25/26,FC Barcelona,Pedri,Midfielder,7.56,0.09,0.07,0.17,0.9,0.43,0.26,9.52,1.62,67.86,0.04,0.04,0.0,0.04,0.04,0.0,0.04,0.0,0.0,0.0,0.0,0.0,0.0,0.0,2.14,1.03,0.98,0.09,1.37,0.0,0.04,0.0,0.0,0.17,0.34,0.38,0.04,2.73,87.78,80.39,7.39,91.58,25.76,54.63,28.36,0.21,38.46,4.02,68.61,29,23,2107,0.0,0.04,0.38,1.84,11.4,1.24,6.02,61.04,5.6,59.82,0.43,83.33
11,831005,La Liga,25/26,FC Barcelona,Raphinha,Midfielder,7.51,0.84,0.67,0.39,4.21,1.56,1.62,20.0,1.36,51.22,0.65,0.19,0.06,0.65,0.13,0.32,0.26,0.06,0.19,0.19,100.0,0.06,0.26,25.0,0.97,0.32,0.71,0.06,0.91,0.0,0.0,0.0,0.0,0.19,0.71,0.19,0.13,2.79,41.43,33.65,7.78,81.22,8.36,25.29,16.15,1.23,25.68,1.75,57.45,22,18,1388,0.32,0.0,0.65,0.65,16.08,0.84,3.18,44.95,2.98,45.1,0.19,42.86
12,1544428,La Liga,25/26,Atlético Madrid,Iker Luque,Midfielder,7.5,3.33,1.33,3.33,10.0,6.67,3.33,33.33,0.0,0.0,0.0,3.33,0.0,0.0,3.33,0.0,0.0,0.0,0.0,0.0,0.0,0.0,0.0,0.0,3.33,0.0,0.0,0.0,0.0,0.0,0.0,0.0,0.0,0.0,0.0,0.0,0.0,0.0,23.33,20.0,3.33,85.71,3.33,16.67,10.0,0.0,0.0,0.0,0.0,1,0,27,0.0,0.0,6.67,0.0,13.33,3.33,6.67,33.33,3.33,25.0,3.33,50.0
13,868812,La Liga,25/26,Real Madrid,Vinícius Júnior,Forward,7.5,0.51,0.43,0.41,3.22,1.47,0.92,15.84,2.77,44.62,0.45,0.06,0.0,0.06,0.45,0.13,0.41,0.13,0.16,0.13,80.0,0.0,0.0,0.0,0.92,0.06,0.03,0.0,0.41,0.0,0.03,0.0,0.0,0.13,0.22,0.16,0.0,2.23,35.97,29.92,6.05,83.17,4.05,25.87,17.68,0.29,14.75,1.21,64.41,36,32,2825,0.25,0.0,1.21,2.58,16.28,1.4,6.28,48.88,6.28,49.62,0.0,0.0
14,556884,La Liga,25/26,Elche,Matías Dituro,Goalkeeper,7.36,0.0,0.0,0.0,0.0,0.0,0.0,0.0,0.0,0.0,0.0,0.0,0.0,0.0,0.0,0.0,0.0,0.0,0.0,0.0,0.0,0.0,0.0,0.0,0.0,0.05,1.05,0.0,0.23,0.09,0.14,0.0,0.0,0.18,0.0,0.0,0.05,0.14,53.64,40.45,13.18,75.42,32.0,8.45,2.64,0.0,0.0,12.45,49.91,22,22,1980,0.05,0.0,0.0,0.32,13.45,0.0,0.82,78.26,0.27,54.55,0.55,100.0
15,930267,La Liga,25/26,FC Barcelona,Joan García,Goalkeeper,7.34,0.0,0.0,0.0,0.0,0.0,0.0,0.0,0.03,100.0,0.0,0.0,0.0,0.0,0.0,0.0,0.0,0.0,0.0,0.0,0.0,0.0,0.0,0.0,0.2,0.07,1.33,0.0,0.0,0.03,0.0,0.0,0.0,0.5,0.0,0.0,0.0,0.0,28.53,25.6,2.93,89.72,24.73,0.87,0.13,0.0,0.0,2.93,51.16,30,30,2700,0.03,0.0,0.0,0.13,3.1,0.03,0.6,94.74,0.37,91.67,0.23,100.0
16,831808,La Liga,25/26,Real Madrid,Federico Valverde,Midfielder,7.29,0.16,0.09,0.03,1.67,0.72,0.62,9.8,0.75,63.89,0.07,0.1,0.0,0.0,0.16,0.03,0.03,0.0,0.0,0.0,0.0,0.0,0.13,0.0,1.34,0.79,1.67,0.26,0.36,0.03,0.03,0.0,0.0,0.33,0.26,0.26,0.0,1.41,62.4,56.24,6.16,90.13,20.25,35.99,18.91,0.23,23.33,2.23,60.18,33,31,2746,0.1,0.03,0.59,0.46,8.62,0.26,3.28,61.35,2.56,60.94,0.72,62.86
17,1011375,La Liga,25/26,Real Betis,Abdessamad Ezzalzouli,Midfielder,7.29,0.4,0.37,0.32,2.91,1.04,1.08,13.7,1.56,45.35,0.36,0.04,0.0,0.08,0.32,0.16,0.16,0.04,0.0,0.0,0.0,0.0,0.12,0.0,2.12,0.64,0.56,0.04,1.0,0.0,0.04,0.0,0.0,0.12,0.44,0.32,0.0,1.28,31.85,25.26,6.59,79.32,7.06,18.2,10.54,0.36,16.07,0.56,60.87,29,26,2255,0.12,0.0,1.12,2.83,15.57,1.76,7.74,51.73,6.51,54.15,1.24,41.89
18,1176744,La Liga,25/26,Real Madrid,Dean Huijsen,Defender,7.28,0.09,0.1,0.09,0.88,0.22,0.49,10.0,0.09,100.0,0.09,0.0,0.04,0.0,0.04,0.0,0.04,0.0,0.0,0.0,0.0,0.0,0.0,0.0,1.37,0.84,5.7,0.75,0.27,0.0,0.13,0.04,0.0,0.31,0.04,0.09,0.0,0.44,73.39,65.92,7.47,89.83,33.62,32.3,11.18,0.0,0.0,5.04,64.77,28,24,2037,0.31,0.04,0.93,0.57,7.95,0.09,4.24,61.94,2.03,63.89,2.21,60.24
19,822519,La Liga,25/26,Real Madrid,Éder Militão,Defender,7.27,0.16,0.14,0.08,1.66,0.71,0.71,9.52,0.24,50.0,0.08,0.08,0.08,0.0,0.08,0.08,0.0,0.0,0.0,0.0,0.0,0.0,0.0,0.0,1.81,0.87,4.1,0.95,0.24,0.0,0.08,0.0,0.0,0.32,0.16,0.08,0.0,0.63,60.5,54.98,5.52,90.87,31.55,23.43,6.86,0.0,0.0,3.39,53.09,16,14,1141,0.16,0.0,1.18,1.03,6.7,0.08,5.13,61.32,3.08,66.1,2.05,55.32
20,795222,La Liga,25/26,FC Barcelona,Frenkie de Jong,Midfielder,7.26,0.05,0.06,0.0,0.38,0.11,0.16,14.29,0.27,71.43,0.05,0.0,0.0,0.0,0.05,0.0,0.11,0.0,0.0,0.0,0.0,0.0,0.0,0.0,2.47,0.93,0.82,0.22,0.55,0.0,0.0,0.0,0.0,0.27,0.49,0.27,0.0,1.92,82.58,77.79,4.78,94.21,24.36,53.44,25.73,0.22,66.67,2.47,81.82,25,16,1637,0.22,0.05,0.55,1.48,6.71,0.66,4.67,66.93,4.23,69.37,0.44,50.0
21,991011,La Liga,25/26,Real Madrid,Jude Bellingham,Midfielder,7.26,0.28,0.34,0.38,2.39,1.22,0.28,11.76,1.74,55.22,0.23,0.05,0.05,0.09,0.14,0.0,0.19,0.0,0.0,0.0,0.0,0.0,0.0,0.0,2.39,0.66,0.85,0.09,0.61,0.0,0.0,0.0,0.0,0.33,0.19,0.19,0.0,1.69,55.26,49.3,5.96,89.21,16.9,32.39,17.14,0.19,25.0,3.24,79.31,28,22,1917,0.14,0.0,1.55,2.58,11.74,1.55,8.31,57.65,6.67,57.72,1.64,57.38
22,593526,La Liga,25/26,Villarreal,Nicolas Pépé,Forward,7.24,0.3,0.31,0.26,2.37,0.94,0.68,12.7,2.22,47.97,0.3,0.0,0.0,0.3,0.0,0.11,0.53,0.11,0.04,0.04,100.0,0.0,0.04,0.0,1.16,0.6,0.9,0.04,0.83,0.0,0.0,0.0,0.0,0.11,0.49,0.3,0.11,2.14,33.09,27.27,5.82,82.41,8.6,18.67,12.55,0.9,33.33,0.68,51.43,36,26,2396,0.15,0.0,0.86,1.62,14.87,1.62,5.63,46.15,4.96,46.81,0.68,41.86
23,368922,La Liga,25/26,Real Oviedo,Aarón Escandell,Goalkeeper,7.24,0.0,0.0,0.0,0.0,0.0,0.0,0.0,0.06,100.0,0.0,0.0,0.0,0.0,0.0,0.0,0.0,0.0,0.0,0.0,0.0,0.0,0.0,0.0,0.0,0.0,1.36,0.0,0.0,0.06,0.06,0.0,0.0,0.28,0.03,0.03,0.0,0.06,34.5,22.81,11.69,66.1,17.17,5.64,1.31,0.0,0.0,8.31,42.23,36,36,3240,0.08,0.0,0.03,0.22,12.0,0.0,0.39,100.0,0.25,100.0,0.14,100.0
24,991421,La Liga,25/26,Girona FC,Azzedine Ounahi,Midfielder,7.24,0.25,0.17,0.0,2.6,0.97,0.82,9.8,3.52,51.88,0.2,0.05,0.0,0.0,0.25,0.05,0.05,0.05,0.05,0.05,100.0,0.0,0.15,0.0,1.17,0.82,0.46,0.05,1.17,0.0,0.0,0.0,0.0,0.05,0.56,0.1,0.05,1.83,46.22,39.65,6.57,85.78,11.21,28.44,18.96,0.56,26.83,1.33,56.52,24,20,1766,0.36,0.0,0.92,3.21,17.79,2.04,8.1,51.29,7.8,51.34,0.31,50.0
25,134029,La Liga,25/26,Levante UD,Mathew Ryan,Goalkeeper,7.24,0.0,0.0,0.0,0.06,0.0,0.03,0.0,0.0,0.0,0.0,0.0,0.0,0.0,0.0,0.0,0.0,0.0,0.0,0.0,0.0,0.0,0.0,0.0,0.06,0.03,1.19,0.0,0.03,0.0,0.03,0.0,0.0,0.25,0.0,0.0,0.0,0.0,31.69,22.47,9.22,70.9,17.81,4.67,1.47,0.0,0.0,7.69,46.17,36,36,3240,0.11,0.0,0.0,0.03,9.39,0.0,0.58,91.3,0.11,80.0,0.47,94.44
26,609752,La Liga,25/26,Valencia,Guido Rodríguez,Midfielder,7.23,0.28,0.07,0.0,1.03,0.34,0.55,26.67,0.69,52.63,0.21,0.07,0.07,0.0,0.21,0.0,0.0,0.0,0.0,0.0,0.0,0.0,0.0,0.0,2.82,0.69,2.75,0.48,1.38,0.0,0.14,0.07,0.0,0.21,0.07,0.0,0.0,0.48,48.65,42.32,6.33,86.99,21.19,21.12,10.11,0.07,50.0,1.93,51.85,16,14,1308,0.28,0.0,1.44,1.93,9.22,1.17,6.74,55.06,5.44,55.24,1.31,54.29
27,859025,La Liga,25/26,Real Madrid,Aurélien Tchouaméni,Midfielder,7.23,0.03,0.09,0.14,1.54,0.24,0.79,2.22,0.1,30.0,0.03,0.0,0.0,0.0,0.03,0.0,0.0,0.0,0.0,0.0,0.0,0.0,0.0,0.0,2.33,1.61,1.89,0.45,0.55,0.0,0.07,0.0,0.0,0.27,0.14,0.0,0.0,0.86,65.66,60.1,5.56,91.53,24.3,35.8,14.69,0.03,14.29,2.27,61.68,33,31,2622,0.27,0.0,1.06,0.93,7.0,0.17,5.84,68.0,3.36,63.23,2.47,75.79
28,604258,La Liga,25/26,Getafe,David Soria,Goalkeeper,7.21,0.0,0.0,0.0,0.0,0.0,0.0,0.0,0.0,0.0,0.0,0.0,0.0,0.0,0.0,0.0,0.0,0.0,0.0,0.0,0.0,0.0,0.0,0.0,0.0,0.0,0.92,0.0,0.0,0.08,0.0,0.0,0.0,0.32,0.0,0.0,0.0,0.03,29.53,13.26,16.26,44.92,4.89,8.37,2.53,0.0,0.0,10.24,38.75,38,38,3420,0.05,0.0,0.0,0.08,16.66,0.0,0.13,83.33,0.05,100.0,0.08,75.0
29,823631,La Liga,25/26,Sevilla,Dodi Lukebakio,Midfielder,7.2,0.5,0.04,0.0,1.0,0.5,0.5,50.0,0.5,33.33,0.0,0.5,0.0,0.5,0.0,0.5,0.0,0.0,0.0,0.0,0.0,0.0,0.0,0.0,0.0,0.5,0.0,0.0,0.5,0.0,0.0,0.0,0.0,0.0,0.5,0.0,0.0,4.5,36.0,31.0,5.0,86.11,9.0,22.0,12.5,2.5,50.0,2.5,71.43,2,2,180,0.0,0.0,1.5,1.5,15.0,1.0,2.0,36.36,2.0,36.36,0.0,0.0
30,1884145,La Liga,25/26,Getafe,Christantus Uche,Forward,7.2,0.33,0.47,0.33,2.0,0.33,1.0,16.67,2.0,40.0,0.33,0.0,0.0,0.33,0.0,0.0,0.33,0.0,0.0,0.0,0.0,0.0,0.0,0.0,0.67,0.0,0.67,0.0,0.0,0.0,0.0,0.0,0.0,0.33,0.33,0.33,0.0,1.33,14.33,9.0,5.33,62.79,1.33,7.67,6.0,0.33,100.0,0.33,25.0,3,3,270,0.33,0.0,3.33,2.67,18.33,2.67,8.0,41.38,5.0,35.71,3.0,56.25
31,958380,La Liga,25/26,Real Betis,Antony,Midfielder,7.19,0.29,0.32,0.48,3.29,1.24,1.21,8.89,0.99,46.55,0.11,0.18,0.0,0.26,0.04,0.07,0.07,0.0,0.0,0.0,0.0,0.0,0.04,0.0,1.43,0.88,0.62,0.04,0.88,0.0,0.04,0.0,0.0,0.07,0.37,0.22,0.0,2.05,43.77,35.87,7.91,81.94,10.5,25.36,16.03,0.62,25.76,0.73,54.05,32,30,2459,0.22,0.04,0.73,1.61,13.69,0.84,4.28,51.77,4.03,53.66,0.26,33.33
32,794949,La Liga,25/26,Elche,Iñaki Peña,Goalkeeper,7.19,0.0,0.0,0.0,0.0,0.0,0.0,0.0,0.0,0.0,0.0,0.0,0.0,0.0,0.0,0.0,0.0,0.0,0.0,0.0,0.0,0.0,0.0,0.0,0.0,0.0,1.25,0.0,0.31,0.06,0.06,0.0,0.0,0.25,0.06,0.0,0.0,0.19,55.56,41.12,14.44,74.02,35.94,5.19,1.94,0.0,0.0,7.38,34.81,16,16,1440,0.0,0.0,0.0,0.06,14.75,0.0,0.19,37.5,0.0,0.0,0.19,100.0
33,1402913,La Liga,25/26,FC Barcelona,Pau Cubarsí,Defender,7.18,0.03,0.02,0.0,0.33,0.07,0.17,10.0,0.03,100.0,0.03,0.0,0.03,0.0,0.0,0.0,0.0,0.0,0.0,0.0,0.0,0.0,0.0,0.0,1.4,1.0,4.89,0.4,0.43,0.0,0.07,0.0,0.0,0.37,0.03,0.0,0.0,0.17,91.99,87.34,4.65,94.94,53.38,33.97,8.21,0.0,0.0,2.36,57.72,31,31,2708,0.1,0.0,0.83,0.3,5.08,0.13,3.89,60.0,1.73,57.14,2.16,62.5
34,1091116,La Liga,25/26,Real Madrid,Arda Güler,Midfielder,7.17,0.18,0.2,0.13,2.18,0.84,0.71,8.16,1.2,62.79,0.13,0.04,0.04,0.13,0.0,0.0,0.13,0.0,0.0,0.0,0.0,0.0,0.04,0.0,2.04,0.4,0.4,0.09,0.93,0.04,0.04,0.04,0.0,0.09,0.62,0.4,0.0,3.11,59.75,54.2,5.55,90.71,16.39,37.8,23.01,1.73,30.0,3.24,73.0,33,25,2026,0.04,0.0,0.93,1.42,12.97,0.71,4.84,57.07,4.66,58.99,0.18,30.77
35,286167,La Liga,25/26,Elche,Aleix Febas,Midfielder,7.16,0.06,0.06,0.03,0.65,0.23,0.17,8.7,1.48,57.78,0.06,0.0,0.0,0.0,0.06,0.03,0.03,0.0,0.0,0.0,0.0,0.0,0.0,0.0,2.19,0.77,0.63,0.11,0.8,0.0,0.06,0.03,0.0,0.2,0.09,0.06,0.0,0.77,55.66,49.83,5.83,89.53,17.23,32.61,16.89,0.09,12.0,1.28,65.22,36,36,3166,0.28,0.0,0.97,3.33,11.14,1.34,7.14,61.07,6.96,62.98,0.17,27.27
36,873189,La Liga,25/26,Villarreal,Juan Foyth,Defender,7.15,0.0,0.01,0.0,0.19,0.0,0.1,0.0,0.29,75.0,0.0,0.0,0.0,0.0,0.0,0.0,0.0,0.0,0.0,0.0,0.0,0.0,0.0,0.0,1.92,1.54,5.38,0.96,0.1,0.0,0.19,0.0,0.0,0.29,0.0,0.0,0.0,0.0,54.33,48.75,5.58,89.73,33.94,14.81,4.33,0.1,100.0,2.98,52.54,13,12,936,0.19,0.0,0.77,0.1,6.06,0.1,3.17,64.71,2.31,68.57,0.87,56.25
37,146866,La Liga,25/26,Villarreal,Gerard Moreno,Forward,7.13,0.67,0.42,0.2,2.6,1.07,0.73,25.64,1.13,54.84,0.53,0.13,0.13,0.47,0.07,0.0,0.4,0.07,0.2,0.2,100.0,0.0,0.0,0.0,1.0,0.27,1.13,0.07,1.2,0.0,0.0,0.0,0.0,0.0,0.27,0.0,0.0,1.53,37.87,30.0,7.87,79.23,11.87,18.13,11.13,0.13,18.18,2.47,67.27,22,16,1350,0.0,0.0,0.93,1.07,13.07,1.2,4.47,45.27,3.2,44.44,1.27,47.5
38,138892,La Liga,25/26,FC Barcelona,João Cancelo,Defender,7.13,0.19,0.05,0.0,1.22,0.37,0.37,15.38,2.34,54.35,0.09,0.09,0.0,0.09,0.09,0.09,0.37,0.09,0.0,0.0,0.0,0.0,0.09,0.0,2.53,0.94,1.59,0.19,1.4,0.0,0.28,0.0,0.0,0.37,0.56,0.19,0.0,1.4,51.08,44.53,6.55,87.18,20.49,24.04,12.63,0.94,32.26,1.4,55.56,16,11,962,0.09,0.0,1.03,1.31,13.47,0.56,6.83,55.3,6.17,55.46,0.65,53.85
39,1094106,La Liga,25/26,Atlético Madrid,Marc Pubill,Defender,7.13,0.07,0.06,0.0,0.72,0.26,0.39,9.09,0.26,80.0,0.07,0.0,0.07,0.0,0.0,0.0,0.07,0.0,0.0,0.0,0.0,0.0,0.0,0.0,1.63,1.3,5.54,0.98,0.2,0.0,0.13,0.0,0.0,0.33,0.07,0.07,0.0,0.2,59.52,52.42,7.1,88.07,33.47,18.95,5.14,0.13,25.0,1.56,38.1,19,15,1382,0.13,0.0,1.04,0.91,9.25,0.33,6.64,71.33,2.8,64.18,3.84,77.63
40,94527,La Liga,25/26,Espanyol,Marko Dmitrović,Goalkeeper,7.13,0.0,0.0,0.0,0.0,0.0,0.0,0.0,0.0,0.0,0.0,0.0,0.0,0.0,0.0,0.0,0.0,0.0,0.0,0.0,0.0,0.0,0.0,0.0,0.08,0.0,0.89,0.0,0.05,0.03,0.05,0.0,0.0,0.27,0.0,0.0,0.0,0.03,26.7,14.43,12.27,54.05,9.81,4.62,1.92,0.0,0.0,5.78,32.13,37,37,3330,0.0,0.0,0.0,0.14,12.57,0.0,0.41,88.24,0.19,77.78,0.22,100.0
41,816763,La Liga,25/26,Real Betis,Pablo Fornals,Midfielder,7.12,0.28,0.12,0.06,1.38,0.6,0.31,20.45,0.79,54.35,0.19,0.09,0.03,0.03,0.22,0.03,0.41,0.0,0.0,0.0,0.0,0.03,0.06,50.0,1.23,1.07,0.63,0.09,1.19,0.0,0.0,0.0,0.0,0.13,0.31,0.19,0.06,2.73,56.48,48.97,7.51,86.71,18.09,30.88,16.65,1.1,25.0,2.89,66.67,37,34,2865,0.06,0.0,1.01,0.82,14.04,0.97,3.27,39.54,2.8,42.58,0.47,27.78
42,876214,La Liga,25/26,FC Barcelona,Eric García,Defender,7.11,0.03,0.1,0.1,0.82,0.23,0.33,4.0,0.07,25.0,0.03,0.0,0.0,0.03,0.0,0.0,0.03,0.0,0.0,0.0,0.0,0.0,0.0,0.0,2.44,1.58,2.57,0.23,0.76,0.0,0.03,0.03,0.0,0.36,0.1,0.07,0.0,1.02,77.44,71.37,6.07,92.17,33.76,37.62,16.19,0.03,7.14,2.31,55.12,34,32,2730,0.2,0.0,1.09,0.79,8.01,0.36,4.71,57.2,3.26,58.58,1.45,54.32
43,1893907,La Liga,25/26,Villarreal,Alassane Diatta,Midfielder,7.1,0.0,0.0,0.0,0.0,0.0,0.0,0.0,3.75,100.0,0.0,0.0,0.0,0.0,0.0,0.0,0.0,0.0,0.0,0.0,0.0,0.0,0.0,0.0,3.75,0.0,11.25,0.0,0.0,0.0,0.0,0.0,0.0,0.0,0.0,0.0,0.0,0.0,78.75,67.5,11.25,85.71,33.75,33.75,11.25,0.0,0.0,3.75,50.0,1,0,24,0.0,0.0,0.0,0.0,18.75,0.0,11.25,100.0,7.5,100.0,3.75,100.0
44,310874,La Liga,25/26,Mallorca,Vedat Muriqi,Forward,7.1,0.66,0.53,0.55,3.33,1.44,1.23,19.83,0.46,57.14,0.63,0.03,0.17,0.32,0.14,0.03,0.43,0.03,0.2,0.14,71.43,0.0,0.0,0.0,0.26,0.06,1.67,0.14,0.2,0.0,0.0,0.0,0.0,0.11,0.11,0.03,0.0,0.66,20.19,13.1,7.09,64.86,4.65,8.44,4.05,0.09,37.5,0.63,70.97,37,36,3134,0.11,0.03,1.21,1.84,11.63,1.29,6.6,51.8,2.41,46.41,4.19,55.51
45,84539,La Liga,25/26,Atlético Madrid,Koke,Midfielder,7.1,0.08,0.03,0.0,0.56,0.16,0.2,14.29,0.12,33.33,0.04,0.04,0.0,0.0,0.08,0.0,0.0,0.0,0.0,0.0,0.0,0.0,0.0,0.0,2.01,0.72,1.01,0.28,1.25,0.0,0.04,0.0,0.0,0.2,0.2,0.08,0.0,1.41,76.76,70.56,6.2,91.92,32.72,37.84,18.31,0.52,28.89,4.11,68.0,34,24,2236,0.24,0.0,0.85,0.89,9.38,0.72,3.54,48.89,3.02,49.67,0.52,44.83
46,69768,La Liga,25/26,Atlético Madrid,Jan Oblak,Goalkeeper,7.1,0.0,0.0,0.0,0.0,0.0,0.0,0.0,0.0,0.0,0.0,0.0,0.0,0.0,0.0,0.0,0.0,0.0,0.0,0.0,0.0,0.0,0.0,0.0,0.0,0.0,0.8,0.0,0.07,0.0,0.0,0.0,0.0,0.37,0.0,0.0,0.0,0.0,29.53,21.67,7.87,73.36,17.57,4.1,0.53,0.0,0.0,6.87,46.82,30,30,2700,0.0,0.0,0.0,0.13,7.93,0.0,0.27,72.73,0.1,60.0,0.17,83.33
47,984624,La Liga,25/26,Villarreal,Yéremy Pino,Forward,7.1,0.0,0.09,0.0,1.12,0.56,0.56,0.0,0.0,0.0,0.0,0.0,0.0,0.0,0.0,0.0,0.0,0.0,0.0,0.0,0.0,0.0,0.0,0.0,1.12,1.12,1.12,0.56,1.12,0.0,0.0,0.0,0.0,0.56,1.12,0.56,0.56,3.94,49.5,41.06,8.44,82.95,6.75,34.31,23.62,2.25,33.33,0.56,33.33,2,2,160,0.0,0.0,1.12,0.0,18.56,0.0,1.12,20.0,1.12,25.0,0.0,0.0
48,1521733,La Liga,25/26,Girona FC,Vladyslav Krapyvtsov,Goalkeeper,7.1,0.0,0.0,0.0,0.0,0.0,0.0,0.0,0.0,0.0,0.0,0.0,0.0,0.0,0.0,0.0,0.0,0.0,0.0,0.0,0.0,0.0,0.0,0.0,0.0,0.0,1.32,0.0,0.0,0.0,0.0,0.0,0.0,0.0,0.0,0.0,0.0,0.0,25.81,16.54,9.26,64.1,13.9,2.65,1.32,0.0,0.0,5.29,36.36,2,1,136,0.0,0.0,0.0,0.66,9.26,0.0,0.66,100.0,0.66,100.0,0.0,0.0
49,879694,La Liga,25/26,Villarreal,Pape Gueye,Midfielder,7.08,0.21,0.17,0.17,1.97,0.55,1.01,10.64,0.63,51.72,0.08,0.13,0.0,0.17,0.0,0.0,0.08,0.0,0.04,0.04,100.0,0.0,0.04,0.0,1.68,1.43,2.48,0.38,0.34,0.08,0.13,0.04,0.0,0.04,0.13,0.08,0.04,1.01,45.31,36.5,8.82,80.54,16.34,20.16,10.46,0.21,35.71,3.7,52.07,30,26,2143,0.34,0.0,1.47,2.27,12.43,0.88,5.59,58.33,4.58,58.92,1.01,55.81
50,548848,La Liga,25/26,Real Betis,Pau López,Goalkeeper,7.08,0.0,0.0,0.0,0.0,0.0,0.0,0.0,0.0,0.0,0.0,0.0,0.0,0.0,0.0,0.0,0.0,0.0,0.0,0.0,0.0,0.0,0.0,0.0,0.11,0.0,0.78,0.0,0.11,0.0,0.11,0.0,0.0,0.22,0.0,0.0,0.0,0.0,27.11,20.78,6.33,76.64,18.67,2.11,0.33,0.0,0.0,5.0,44.12,9,9,810,0.11,0.0,0.0,0.22,6.67,0.0,0.56,83.33,0.33,75.0,0.22,100.0
51,857574,La Liga,25/26,Real Madrid,Andriy Lunin,Goalkeeper,7.08,0.0,0.0,0.0,0.0,0.0,0.0,0.0,0.0,0.0,0.0,0.0,0.0,0.0,0.0,0.0,0.0,0.0,0.0,0.0,0.0,0.0,0.0,0.0,0.17,0.0,0.5,0.0,0.0,0.0,0.0,0.0,0.0,0.17,0.0,0.0,0.0,0.0,34.83,30.5,4.33,87.56,28.67,1.83,1.17,0.0,0.0,5.67,57.63,6,6,540,0.0,0.17,0.0,0.0,4.5,0.0,0.33,100.0,0.17,100.0,0.17,100.0
52,97951,La Liga,25/26,Valencia,Stole Dimitrievski,Goalkeeper,7.07,0.0,0.0,0.0,0.0,0.0,0.0,0.0,0.0,0.0,0.0,0.0,0.0,0.0,0.0,0.0,0.0,0.0,0.0,0.0,0.0,0.0,0.0,0.0,0.05,0.05,0.55,0.0,0.05,0.05,0.05,0.0,0.0,0.25,0.0,0.0,0.0,0.0,32.75,19.9,12.85,60.76,15.45,4.45,1.55,0.0,0.0,6.75,34.88,20,20,1800,0.05,0.0,0.0,0.2,13.05,0.0,0.55,91.67,0.2,80.0,0.35,100.0
53,823622,La Liga,25/26,Real Sociedad,Mikel Oyarzabal,Forward,7.06,0.5,0.51,0.56,2.62,1.19,0.86,18.99,1.19,59.02,0.36,0.13,0.0,0.43,0.07,0.03,0.43,0.0,0.23,0.23,100.0,0.0,0.07,0.0,0.96,0.13,0.93,0.1,0.56,0.0,0.07,0.0,0.0,0.07,0.43,0.13,0.0,1.39,25.77,19.8,5.97,76.83,7.76,12.04,7.76,0.1,15.0,0.63,57.58,34,30,2714,0.1,0.0,0.93,1.39,12.04,1.46,4.81,44.07,3.52,48.85,1.29,34.82
54,1153270,La Liga,25/26,FC Barcelona,Fermín López,Midfielder,7.06,0.3,0.35,0.35,3.41,1.25,1.5,8.82,2.2,55.0,0.2,0.1,0.0,0.1,0.2,0.1,0.25,0.0,0.0,0.0,0.0,0.0,0.0,0.0,2.4,0.35,0.3,0.0,1.05,0.0,0.1,0.0,0.0,0.05,0.75,0.45,0.0,1.7,44.57,38.96,5.61,87.42,12.07,26.89,14.67,0.35,17.5,1.7,64.15,30,19,1797,0.15,0.0,1.7,1.0,12.72,1.0,6.01,49.18,5.61,50.68,0.4,34.78
55,877262,La Liga,25/26,Espanyol,Edu Expósito,Midfielder,7.06,0.04,0.08,0.11,1.56,0.46,0.67,2.27,1.2,75.56,0.0,0.04,0.0,0.04,0.0,0.0,0.07,0.0,0.0,0.0,0.0,0.0,0.11,0.0,1.88,0.81,1.27,0.07,0.85,0.0,0.04,0.0,0.0,0.04,0.39,0.21,0.04,2.94,35.97,27.44,8.53,76.28,10.2,17.24,9.74,2.23,24.61,2.23,42.0,36,32,2542,0.32,0.0,0.99,1.52,18.59,1.42,5.2,53.85,4.57,56.09,0.64,41.86
56,305278,La Liga,25/26,Real Betis,Diego Llorente,Defender,7.06,0.07,0.07,0.07,0.29,0.22,0.07,25.0,0.07,50.0,0.07,0.0,0.0,0.0,0.07,0.0,0.0,0.0,0.0,0.0,0.0,0.0,0.0,0.0,1.98,2.06,7.05,0.73,0.37,0.0,0.0,0.0,0.0,0.22,0.0,0.0,0.0,0.07,53.59,48.45,5.14,90.41,36.34,12.11,1.98,0.0,0.0,2.2,47.62,18,14,1226,0.37,0.0,0.95,0.88,5.87,0.15,5.14,60.87,2.64,65.45,2.5,56.67
57,1094827,La Liga,25/26,FC Barcelona,Gerard Martín,Defender,7.06,0.0,0.01,0.0,0.29,0.17,0.04,0.0,0.25,66.67,0.0,0.0,0.0,0.0,0.0,0.0,0.0,0.0,0.0,0.0,0.0,0.0,0.0,0.0,1.68,1.22,4.67,0.34,0.42,0.0,0.13,0.0,0.0,0.34,0.04,0.0,0.0,0.55,81.84,74.82,7.02,91.42,43.4,31.42,11.9,0.08,14.29,2.06,49.0,32,26,2140,0.25,0.0,0.67,0.29,8.71,0.08,4.04,66.21,2.23,64.63,1.81,68.25
58,996903,La Liga,25/26,Mallorca,Lucas Bergström,Goalkeeper,7.06,0.0,0.0,0.0,0.0,0.0,0.0,0.0,0.0,0.0,0.0,0.0,0.0,0.0,0.0,0.0,0.0,0.0,0.0,0.0,0.0,0.0,0.0,0.0,0.0,0.0,3.2,0.0,0.2,0.0,0.0,0.0,0.0,0.4,0.0,0.0,0.0,0.0,29.0,15.6,13.4,53.79,7.6,8.0,2.6,0.0,0.0,9.4,41.59,5,5,450,0.2,0.0,0.0,0.0,13.4,0.0,1.0,83.33,0.0,0.0,1.0,100.0
59,88528,La Liga,25/26,Rayo Vallecano,Florian Lejeune,Defender,7.06,0.06,0.06,0.03,1.39,0.5,0.7,4.0,0.22,80.0,0.06,0.0,0.03,0.0,0.03,0.03,0.03,0.0,0.0,0.0,0.0,0.0,0.5,0.0,1.84,1.34,6.38,0.75,0.61,0.0,0.06,0.0,0.0,0.31,0.06,0.03,0.0,0.47,59.3,51.75,7.55,87.27,35.85,15.91,4.82,0.08,37.5,4.04,43.81,36,36,3231,0.19,0.0,1.31,0.39,8.55,0.19,4.71,59.3,2.42,54.04,2.28,66.13
60,164343,La Liga,25/26,Girona FC,Paulo Gazzaniga,Goalkeeper,7.05,0.0,0.0,0.0,0.0,0.0,0.0,0.0,0.0,0.0,0.0,0.0,0.0,0.0,0.0,0.0,0.0,0.0,0.0,0.0,0.0,0.0,0.0,0.0,0.03,0.0,1.31,0.0,0.03,0.09,0.06,0.03,0.0,0.17,0.0,0.0,0.0,0.0,33.01,22.25,10.76,67.4,19.46,2.78,0.81,0.0,0.0,5.22,33.33,35,35,3103,0.12,0.03,0.03,0.15,10.93,0.0,0.35,80.0,0.15,62.5,0.2,100.0
61,69408,La Liga,25/26,Celta Vigo,Marcos Alonso,Defender,7.05,0.03,0.07,0.03,0.78,0.1,0.32,4.17,0.55,70.83,0.03,0.0,0.0,0.03,0.0,0.0,0.0,0.0,0.03,0.03,100.0,0.0,0.13,0.0,1.33,0.91,5.23,0.55,0.58,0.0,0.13,0.06,0.0,0.32,0.1,0.0,0.0,0.42,77.26,69.69,7.57,90.2,40.65,29.05,12.38,0.19,30.0,4.45,55.69,32,31,2770,0.16,0.0,0.75,0.65,9.81,0.42,4.09,57.8,2.53,56.93,1.56,59.26
62,353250,La Liga,25/26,Real Sociedad,Álvaro Odriozola,Defender,7.05,0.45,0.23,0.0,0.45,0.45,0.0,100.0,0.0,0.0,0.45,0.0,0.0,0.0,0.45,0.0,0.0,0.45,0.0,0.0,0.0,0.0,0.0,0.0,2.23,0.45,1.34,0.89,0.45,0.0,0.0,0.0,0.0,0.0,0.89,0.0,0.0,1.34,12.48,10.69,1.78,85.71,3.12,7.57,3.56,0.89,66.67,1.34,100.0,5,2,202,0.0,0.0,0.45,1.34,6.68,0.45,4.01,60.0,3.56,61.54,0.45,50.0
63,880218,La Liga,25/26,Real Sociedad,Takefusa Kubo,Midfielder,7.03,0.12,0.14,0.12,1.67,0.72,0.36,7.14,2.21,50.0,0.06,0.06,0.06,0.06,0.0,0.06,0.72,0.0,0.0,0.0,0.0,0.0,0.06,0.0,1.73,0.66,0.6,0.0,0.9,0.0,0.06,0.0,0.0,0.0,0.42,0.24,0.06,1.97,29.18,23.16,6.03,79.35,6.21,16.95,9.73,0.54,22.5,0.36,40.0,24,17,1508,0.12,0.0,0.54,2.98,14.98,1.01,7.34,57.75,6.92,59.79,0.42,36.84
64,1396048,La Liga,25/26,Espanyol,Carlos Romero,Defender,7.03,0.17,0.08,0.06,1.18,0.34,0.39,14.29,1.38,58.33,0.11,0.06,0.0,0.17,0.0,0.0,0.03,0.0,0.0,0.0,0.0,0.0,0.0,0.0,2.73,1.13,2.06,0.45,0.9,0.0,0.11,0.03,0.0,0.25,0.17,0.08,0.0,0.76,28.48,22.59,5.89,79.33,10.68,11.92,5.92,0.48,18.68,1.41,49.5,36,36,3195,0.11,0.0,1.15,0.54,12.76,0.82,5.01,54.27,4.62,55.59,0.39,42.42
65,984623,La Liga,25/26,Villarreal,Rafa Marín,Defender,7.03,0.05,0.02,0.0,0.23,0.05,0.18,20.0,0.09,100.0,0.05,0.0,0.05,0.0,0.0,0.0,0.14,0.0,0.0,0.0,0.0,0.0,0.0,0.0,1.68,0.82,6.41,0.73,0.45,0.0,0.14,0.05,0.05,0.18,0.09,0.0,0.0,0.32,49.36,44.55,4.82,90.24,30.0,14.55,4.27,0.0,0.0,3.32,57.03,23,21,1980,0.05,0.0,0.73,0.36,5.27,0.0,3.95,59.59,2.14,64.38,1.82,54.79
66,973887,La Liga,25/26,Real Madrid,Eduardo Camavinga,Midfielder,7.02,0.06,0.07,0.0,0.76,0.12,0.47,7.69,0.76,65.0,0.06,0.0,0.06,0.0,0.0,0.06,0.12,0.0,0.0,0.0,0.0,0.0,0.0,0.0,3.82,0.82,1.41,0.65,0.82,0.06,0.12,0.0,0.0,0.18,0.12,0.0,0.0,0.88,63.8,58.57,5.23,91.8,25.14,33.43,17.1,0.0,0.0,3.35,72.15,29,16,1532,0.12,0.0,2.0,1.82,8.17,0.53,6.99,62.96,6.4,63.74,0.59,55.56
67,84531,La Liga,25/26,Athletic Club,Yuri Berchiche,Defender,7.02,0.0,0.02,0.0,0.8,0.17,0.47,0.0,0.33,47.62,0.0,0.0,0.0,0.0,0.0,0.0,0.1,0.0,0.0,0.0,0.0,0.0,0.0,0.0,1.43,1.16,3.36,0.1,0.43,0.0,0.07,0.07,0.0,0.17,0.23,0.2,0.0,1.0,49.04,42.92,6.11,87.53,18.44,24.49,11.59,0.47,21.88,1.93,56.86,32,31,2709,0.17,0.0,0.86,1.13,10.9,0.53,4.78,60.5,2.82,58.22,1.96,64.13
68,1142588,La Liga,25/26,Atlético Madrid,Pablo Barrios,Midfielder,7.02,0.05,0.1,0.05,1.24,0.32,0.38,4.35,1.78,61.11,0.05,0.0,0.0,0.05,0.0,0.05,0.0,0.0,0.0,0.0,0.0,0.0,0.0,0.0,1.62,1.46,0.65,0.11,0.7,0.0,0.22,0.05,0.0,0.32,0.16,0.05,0.0,1.08,56.83,50.56,6.27,88.97,18.48,32.09,17.12,0.54,32.26,2.43,63.38,23,20,1666,0.0,0.0,0.65,1.24,12.26,1.35,5.62,55.03,4.65,54.78,0.97,56.25
69,913679,La Liga,25/26,Rayo Vallecano,Pathé Ismaël Ciss,Midfielder,7.02,0.09,0.15,0.27,0.9,0.36,0.45,10.0,0.4,69.23,0.09,0.0,0.04,0.0,0.04,0.0,0.09,0.0,0.0,0.0,0.0,0.0,0.0,0.0,2.43,1.62,3.5,0.72,0.49,0.0,0.04,0.0,0.0,0.22,0.04,0.04,0.0,0.54,53.56,47.76,5.8,89.18,29.07,18.69,7.59,0.04,100.0,4.09,65.0,29,20,2003,0.4,0.09,1.35,0.58,7.5,0.49,4.94,56.7,3.41,57.58,1.53,54.84
70,811629,La Liga,25/26,Getafe,Luis Milla,Midfielder,7.02,0.03,0.03,0.03,0.74,0.11,0.3,3.7,0.58,53.85,0.0,0.03,0.0,0.0,0.03,0.0,0.05,0.0,0.0,0.0,0.0,0.0,0.11,0.0,1.65,1.15,1.4,0.19,1.02,0.0,0.08,0.0,0.0,0.33,0.33,0.27,0.05,2.2,38.11,29.7,8.41,77.92,11.27,18.42,9.51,1.84,29.65,2.23,46.02,37,37,3273,0.11,0.03,0.88,1.18,15.21,0.74,4.78,53.87,3.38,53.02,1.4,56.04
71,1131909,La Liga,25/26,Mallorca,Leo Román,Goalkeeper,7.02,0.0,0.0,0.0,0.0,0.0,0.0,0.0,0.03,100.0,0.0,0.0,0.0,0.0,0.0,0.0,0.0,0.0,0.0,0.0,0.0,0.0,0.0,0.0,0.03,0.03,0.97,0.0,0.03,0.06,0.03,0.03,0.0,0.12,0.0,0.0,0.0,0.0,34.76,25.24,9.52,72.62,20.15,5.09,1.3,0.0,0.0,6.94,42.64,33,33,2970,0.12,0.0,0.03,0.06,9.67,0.0,0.21,70.0,0.09,60.0,0.12,80.0
72,789071,La Liga,25/26,FC Barcelona,Dani Olmo,Midfielder,7.01,0.3,0.33,0.39,3.03,0.91,1.3,10.0,0.69,37.21,0.26,0.04,0.0,0.09,0.22,0.17,0.26,0.09,0.0,0.0,0.0,0.0,0.26,0.0,1.43,0.61,1.0,0.04,0.65,0.0,0.09,0.0,0.0,0.09,0.48,0.35,0.0,2.12,52.65,44.89,7.76,85.27,14.52,30.38,17.2,0.26,21.43,1.82,56.76,33,24,2077,0.04,0.0,1.17,1.82,12.83,1.0,4.81,51.39,3.94,49.73,0.87,60.61
73,1085081,La Liga,25/26,Real Madrid,Álvaro Carreras,Defender,7.01,0.08,0.02,0.04,0.35,0.12,0.12,22.22,0.73,52.78,0.08,0.0,0.0,0.04,0.04,0.0,0.19,0.04,0.0,0.0,0.0,0.0,0.0,0.0,1.58,1.5,2.31,0.27,0.77,0.0,0.08,0.0,0.0,0.42,0.04,0.12,0.04,1.15,66.27,60.04,6.23,90.6,22.62,37.42,21.35,0.12,9.68,1.31,47.89,28,26,2340,0.19,0.04,0.85,1.27,10.5,0.81,4.77,53.91,3.54,53.49,1.23,55.17
74,1097719,La Liga,25/26,Sevilla,Kike Salas,Defender,7.01,0.08,0.06,0.0,0.77,0.33,0.2,10.53,0.33,61.54,0.04,0.04,0.0,0.08,0.0,0.0,0.08,0.04,0.0,0.0,0.0,0.0,0.0,0.0,2.4,1.51,6.64,0.73,0.65,0.0,0.08,0.0,0.0,0.12,0.0,0.0,0.0,0.29,55.8,44.76,11.05,80.2,30.69,14.06,5.05,0.08,20.0,2.61,29.91,26,24,2208,0.04,0.0,1.26,0.82,13.37,0.29,7.21,63.9,3.3,58.27,3.91,69.57
75,980732,La Liga,25/26,Villarreal,Adrià Altimira,Defender,7.0,0.0,0.0,0.0,0.0,0.0,0.0,0.0,0.0,0.0,0.0,0.0,0.0,0.0,0.0,0.0,0.0,0.0,0.0,0.0,0.0,0.0,0.0,0.0,11.25,0.0,0.0,0.0,0.0,0.0,0.0,0.0,0.0,0.0,0.0,0.0,0.0,0.0,90.0,90.0,0.0,100.0,45.0,45.0,22.5,0.0,0.0,0.0,0.0,1,0,8,0.0,0.0,0.0,0.0,0.0,0.0,11.25,100.0,11.25,100.0,0.0,0.0
76,96365,La Liga,25/26,Athletic Club,Iñigo Ruiz de Galarreta,Midfielder,6.99,0.04,0.03,0.0,0.81,0.08,0.32,5.0,1.37,66.67,0.04,0.0,0.0,0.0,0.04,0.0,0.0,0.0,0.0,0.0,0.0,0.0,0.0,0.0,2.42,0.93,0.85,0.2,0.97,0.0,0.04,0.0,0.0,0.0,0.24,0.08,0.04,1.25,50.02,41.27,8.75,82.5,15.37,25.9,13.88,0.73,29.03,2.5,44.93,34,30,2231,0.36,0.0,2.18,1.65,14.04,0.97,6.45,54.05,5.45,53.78,1.01,55.56
77,815202,La Liga,25/26,Celta Vigo,Ionuț Radu,Goalkeeper,6.99,0.0,0.0,0.0,0.0,0.0,0.0,0.0,0.03,100.0,0.0,0.0,0.0,0.0,0.0,0.0,0.0,0.0,0.0,0.0,0.0,0.0,0.0,0.0,0.0,0.03,1.0,0.0,0.03,0.05,0.0,0.0,0.0,0.26,0.03,0.0,0.0,0.03,25.47,17.47,8.0,68.6,15.34,2.13,1.03,0.0,0.0,3.42,30.3,38,38,3420,0.05,0.0,0.0,0.21,8.18,0.0,0.32,92.31,0.13,83.33,0.18,100.0
78,294377,La Liga,25/26,Osasuna,Sergio Herrera,Goalkeeper,6.99,0.0,0.0,0.0,0.0,0.0,0.0,0.0,0.0,0.0,0.0,0.0,0.0,0.0,0.0,0.0,0.0,0.0,0.0,0.0,0.0,0.0,0.0,0.0,0.0,0.0,1.34,0.0,0.03,0.05,0.03,0.03,0.0,0.19,0.0,0.0,0.0,0.0,28.55,19.81,8.74,69.39,15.73,4.08,0.79,0.0,0.0,6.16,41.82,37,37,3285,0.08,0.03,0.08,0.14,9.04,0.0,0.36,81.25,0.14,71.43,0.22,88.89
79,831253,La Liga,25/26,Deportivo Alavés,Toni Martínez,Forward,6.99,0.46,0.38,0.33,3.07,1.19,1.32,15.05,0.56,42.5,0.4,0.07,0.13,0.07,0.26,0.07,0.43,0.07,0.03,0.03,100.0,0.0,0.07,0.0,0.92,0.13,1.22,0.07,0.23,0.0,0.03,0.0,0.0,0.03,0.2,0.1,0.0,0.79,22.13,12.95,9.18,58.51,4.33,8.62,4.76,0.13,26.67,0.33,32.26,37,32,2725,0.07,0.0,1.52,1.22,13.71,1.19,8.55,51.39,2.64,42.55,5.91,56.65
80,1108450,La Liga,25/26,Getafe,Zaid Romero,Defender,6.99,0.07,0.06,0.0,0.67,0.13,0.33,10.0,1.07,69.57,0.07,0.0,0.07,0.0,0.0,0.0,0.0,0.0,0.0,0.0,0.0,0.0,0.0,0.0,2.07,1.87,6.13,0.2,0.33,0.0,0.07,0.07,0.0,0.47,0.0,0.0,0.0,0.07,28.33,19.6,8.73,69.18,11.73,7.87,3.47,0.07,25.0,2.73,35.34,15,15,1350,0.2,0.07,0.73,0.8,11.4,0.47,5.73,61.43,3.93,67.82,1.8,50.94
81,1468046,La Liga,25/26,Villarreal,Santiago Mouriño,Defender,6.99,0.04,0.04,0.0,0.57,0.11,0.3,6.67,0.53,58.33,0.04,0.0,0.0,0.0,0.04,0.0,0.04,0.0,0.0,0.0,0.0,0.0,0.0,0.0,3.85,1.09,4.79,0.34,2.11,0.0,0.08,0.0,0.0,0.23,0.04,0.08,0.0,0.3,46.66,39.22,7.44,84.06,23.75,15.48,6.12,0.0,0.0,1.51,39.6,28,27,2384,0.34,0.04,2.04,1.36,11.36,0.26,7.17,56.05,5.74,54.68,1.43,62.3
82,560756,La Liga,25/26,Real Oviedo,Dani Calvo,Defender,6.99,0.0,0.02,0.0,0.17,0.0,0.17,0.0,0.06,50.0,0.0,0.0,0.0,0.0,0.0,0.0,0.06,0.0,0.0,0.0,0.0,0.0,0.0,0.0,1.5,0.56,8.07,1.5,0.11,0.0,0.0,0.06,0.0,0.28,0.06,0.0,0.0,0.11,43.86,39.85,4.01,90.86,32.39,7.46,1.73,0.0,0.0,1.67,44.78,20,17,1617,0.17,0.0,0.61,0.33,4.45,0.06,4.29,67.54,1.84,70.21,2.45,65.67
83,1066603,La Liga,25/26,Villarreal,Luiz Júnior,Goalkeeper,6.99,0.0,0.0,0.0,0.0,0.0,0.0,0.0,0.0,0.0,0.0,0.0,0.0,0.0,0.0,0.0,0.0,0.0,0.0,0.0,0.0,0.0,0.0,0.0,0.0,0.04,2.11,0.0,0.04,0.04,0.04,0.07,0.0,0.29,0.0,0.0,0.0,0.0,22.18,15.39,6.79,69.4,13.14,2.25,0.79,0.0,0.0,3.96,37.5,28,28,2520,0.11,0.0,0.07,0.14,6.89,0.0,0.39,73.33,0.11,50.0,0.29,88.89
84,358910,La Liga,25/26,Rayo Vallecano,Augusto Batalla,Goalkeeper,6.98,0.0,0.0,0.0,0.0,0.0,0.0,0.0,0.15,83.33,0.0,0.0,0.0,0.0,0.0,0.0,0.0,0.0,0.0,0.0,0.0,0.0,0.0,0.0,0.03,0.0,0.68,0.0,0.12,0.0,0.12,0.03,0.0,0.32,0.0,0.0,0.0,0.06,37.0,23.65,13.35,63.91,19.0,4.65,2.03,0.0,0.0,8.88,40.43,34,34,3060,0.18,0.0,0.03,0.12,13.76,0.0,0.53,69.23,0.29,66.67,0.24,72.73
85,1428699,La Liga,25/26,Sevilla,Andres Castrin,Defender,6.98,0.07,0.03,0.0,0.7,0.21,0.42,10.0,0.63,81.82,0.07,0.0,0.0,0.0,0.07,0.0,0.07,0.0,0.0,0.0,0.0,0.0,0.0,0.0,1.83,1.41,5.83,0.98,0.56,0.0,0.07,0.0,0.0,0.21,0.0,0.0,0.0,0.14,52.62,45.39,7.24,86.25,32.88,12.51,4.07,0.0,0.0,3.37,48.0,19,13,1281,0.28,0.0,0.91,0.91,8.29,0.14,5.27,61.98,3.37,66.67,1.9,55.1
86,997244,La Liga,25/26,Levante UD,Adrián de la Fuente,Defender,6.98,0.1,0.14,0.13,1.3,0.3,0.4,7.69,0.23,70.0,0.07,0.03,0.03,0.0,0.07,0.07,0.03,0.0,0.1,0.03,33.33,0.0,0.13,0.0,1.03,1.59,5.94,0.73,0.23,0.0,0.0,0.07,0.03,0.27,0.1,0.03,0.03,0.63,49.52,40.65,8.87,82.09,27.13,13.52,5.21,0.4,30.0,6.04,48.79,33,30,2710,0.17,0.0,1.16,0.9,11.39,0.1,3.52,58.89,2.16,57.52,1.36,61.19
87,1120669,La Liga,25/26,Celta Vigo,Hugo Sotelo,Midfielder,6.98,0.0,0.01,0.0,0.13,0.07,0.07,0.0,0.13,50.0,0.0,0.0,0.0,0.0,0.0,0.0,0.0,0.0,0.0,0.0,0.0,0.0,0.07,0.0,2.01,0.87,1.14,0.6,0.74,0.0,0.07,0.0,0.0,0.0,0.34,0.13,0.0,1.74,66.73,61.56,5.16,92.26,25.22,36.35,17.84,1.01,34.09,2.82,64.62,20,16,1342,0.2,0.0,1.81,0.94,8.79,0.67,3.29,48.04,3.02,47.37,0.27,57.14
88,798835,La Liga,25/26,Real Betis,Giovani Lo Celso,Midfielder,6.98,0.13,0.16,0.13,1.93,0.71,0.58,6.67,1.03,48.48,0.13,0.0,0.06,0.0,0.06,0.06,0.26,0.0,0.0,0.0,0.0,0.0,0.26,0.0,1.22,0.39,0.45,0.0,0.77,0.0,0.0,0.06,0.0,0.0,0.39,0.19,0.0,2.13,55.77,49.06,6.7,87.98,17.79,31.27,18.7,1.1,27.42,2.26,72.92,24,15,1396,0.26,0.0,0.58,2.71,14.31,1.29,5.61,56.86,4.96,57.04,0.64,55.56
89,826948,La Liga,25/26,Valencia,Pepelu,Midfielder,6.98,0.08,0.14,0.08,0.97,0.12,0.44,8.33,0.32,80.0,0.04,0.04,0.0,0.0,0.08,0.04,0.04,0.0,0.12,0.04,33.33,0.0,0.2,0.0,2.42,0.85,2.66,0.4,0.65,0.04,0.0,0.0,0.0,0.12,0.04,0.0,0.0,0.85,55.69,47.98,7.7,86.17,25.04,22.94,10.24,0.36,20.0,3.75,51.67,31,26,2232,0.16,0.0,1.21,0.56,10.44,0.48,4.52,57.44,3.31,58.16,1.21,55.56
90,1085400,La Liga,25/26,Athletic Club,Nico Williams,Midfielder,6.98,0.32,0.29,0.21,2.45,0.85,0.96,13.04,3.57,46.21,0.32,0.0,0.0,0.11,0.21,0.11,0.37,0.05,0.11,0.05,50.0,0.0,0.0,0.0,0.8,0.37,0.48,0.0,1.01,0.0,0.0,0.0,0.0,0.05,0.27,0.16,0.0,1.81,30.25,23.42,6.83,77.43,7.1,16.32,10.3,0.91,21.79,0.43,38.1,25,20,1687,0.11,0.0,1.39,1.55,20.59,1.71,6.35,42.35,5.92,42.21,0.43,44.44
91,988351,La Liga,25/26,Mallorca,Samú Costa,Midfielder,6.97,0.23,0.13,0.07,1.3,0.53,0.5,17.95,0.47,27.45,0.2,0.03,0.07,0.17,0.0,0.0,0.2,0.0,0.0,0.0,0.0,0.0,0.0,0.0,2.16,0.87,2.99,0.43,1.2,0.0,0.1,0.0,0.0,0.13,0.07,0.07,0.0,0.57,42.19,33.7,8.48,79.89,17.0,16.7,7.09,0.1,10.0,2.3,55.2,34,31,2705,0.37,0.0,2.13,2.26,13.24,1.03,7.29,51.77,4.69,46.23,2.6,66.1
92,910031,La Liga,25/26,Atlético Madrid,Alex Baena,Midfielder,6.97,0.11,0.11,0.06,1.66,0.4,0.86,6.9,0.8,37.84,0.11,0.0,0.0,0.0,0.11,0.06,0.52,0.0,0.0,0.0,0.0,0.0,0.06,0.0,1.03,0.92,0.69,0.23,0.63,0.0,0.06,0.0,0.0,0.11,0.74,0.17,0.0,2.63,41.68,33.78,7.9,81.04,12.82,20.95,13.63,1.95,29.06,1.37,58.54,27,21,1572,0.29,0.0,1.49,1.66,17.46,1.37,3.89,40.24,3.49,43.26,0.4,25.0
93,1137814,La Liga,25/26,Real Betis,Sergi Altimira,Midfielder,6.97,0.08,0.03,0.0,0.53,0.23,0.15,14.29,0.3,57.14,0.08,0.0,0.0,0.08,0.0,0.0,0.0,0.0,0.0,0.0,0.0,0.0,0.0,0.0,3.83,1.58,1.5,0.3,1.35,0.0,0.0,0.0,0.0,0.15,0.0,0.15,0.0,0.83,57.7,52.59,5.11,91.15,25.99,26.59,9.32,0.15,66.67,2.55,77.27,24,13,1198,0.23,0.0,1.05,1.65,7.66,0.68,6.99,64.58,5.71,63.87,1.28,68.0
94,606346,La Liga,25/26,Real Oviedo,Eric Bailly,Defender,6.97,0.07,0.02,0.0,0.36,0.07,0.22,20.0,0.44,75.0,0.07,0.0,0.07,0.0,0.0,0.0,0.0,0.0,0.0,0.0,0.0,0.0,0.0,0.0,0.87,1.17,6.12,1.38,0.15,0.0,0.0,0.0,0.0,0.29,0.0,0.0,0.0,0.22,41.0,34.95,6.04,85.26,26.65,8.3,2.11,0.0,0.0,1.89,35.14,15,15,1236,0.22,0.0,0.95,0.51,7.35,0.29,4.81,62.86,1.82,56.82,2.99,67.21
95,1009372,La Liga,25/26,Villarreal,Georges Mikautadze,Forward,6.97,0.55,0.49,0.81,2.76,1.36,0.94,20.0,1.36,47.76,0.51,0.04,0.04,0.04,0.47,0.04,0.13,0.0,0.0,0.0,0.0,0.0,0.0,0.0,0.26,0.21,0.26,0.04,0.17,0.0,0.0,0.0,0.0,0.0,0.3,0.26,0.0,1.19,17.01,12.84,4.17,75.5,3.91,8.93,5.65,0.17,18.18,0.64,65.22,32,23,2117,0.04,0.0,0.55,1.91,10.84,1.28,3.95,45.37,3.53,51.23,0.43,23.26
96,99519,La Liga,25/26,Real Betis,Marc Bartra,Defender,6.97,0.05,0.04,0.0,0.73,0.23,0.41,6.25,0.27,75.0,0.05,0.0,0.05,0.0,0.0,0.0,0.0,0.0,0.0,0.0,0.0,0.0,0.05,0.0,2.04,1.22,7.21,1.13,1.04,0.0,0.14,0.05,0.05,0.27,0.0,0.0,0.0,0.23,52.85,45.73,7.12,86.52,32.12,13.61,4.67,0.05,33.33,3.45,44.44,25,21,1984,0.14,0.0,0.68,0.5,8.3,0.14,4.76,59.66,2.81,60.19,1.95,58.9
97,964983,La Liga,25/26,Real Betis,Álvaro Valles,Goalkeeper,6.97,0.0,0.0,0.0,0.0,0.0,0.0,0.0,0.04,100.0,0.0,0.0,0.0,0.0,0.0,0.0,0.0,0.0,0.0,0.0,0.0,0.0,0.0,0.0,0.0,0.04,1.39,0.0,0.14,0.04,0.07,0.0,0.0,0.29,0.0,0.0,0.0,0.0,30.68,22.04,8.64,71.83,19.68,2.36,0.79,0.0,0.0,5.21,38.42,28,28,2520,0.04,0.0,0.0,0.14,9.07,0.0,0.39,73.33,0.21,60.0,0.18,100.0
98,138149,La Liga,25/26,Sevilla,Odysseas Vlachodimos,Goalkeeper,6.97,0.0,0.0,0.0,0.0,0.0,0.0,0.0,0.03,100.0,0.0,0.0,0.0,0.0,0.0,0.0,0.0,0.0,0.0,0.0,0.0,0.0,0.0,0.0,0.0,0.03,1.27,0.0,0.0,0.0,0.09,0.0,0.0,0.15,0.0,0.0,0.0,0.0,29.33,18.7,10.64,63.74,14.3,4.39,0.91,0.0,0.0,6.24,37.25,33,33,2970,0.06,0.0,0.0,0.06,10.94,0.0,0.21,87.5,0.09,100.0,0.12,80.0
99,944656,La Liga,25/26,Atlético Madrid,Julián Alvarez,Forward,6.96,0.38,0.36,0.38,2.56,1.23,0.85,14.81,1.23,50.0,0.24,0.14,0.0,0.14,0.24,0.14,0.09,0.0,0.14,0.09,66.67,0.09,0.33,28.57,0.99,0.14,0.24,0.0,0.71,0.0,0.0,0.0,0.0,0.05,0.47,0.19,0.0,2.22,32.6,27.21,5.39,83.45,7.71,19.5,12.82,1.28,31.76,1.18,73.53,29,22,1902,0.09,0.0,0.66,0.85,13.63,1.56,3.31,40.0,3.08,43.05,0.24,20.83
100,50490,La Liga,25/26,FC Barcelona,Wojciech Szczęsny,Goalkeeper,6.96,0.0,0.0,0.0,0.0,0.0,0.0,0.0,0.0,0.0,0.0,0.0,0.0,0.0,0.0,0.0,0.0,0.0,0.0,0.0,0.0,0.0,0.0,0.0,0.0,0.0,1.5,0.0,0.0,0.0,0.0,0.0,0.0,0.0,0.0,0.0,0.0,0.0,29.38,24.63,4.75,83.83,23.62,1.0,0.25,0.0,0.0,2.5,35.71,8,8,720,0.0,0.0,0.0,0.0,5.38,0.0,0.12,100.0,0.0,0.0,0.12,100.0
101,359272,La Liga,25/26,Real Betis,Sofyan Amrabat,Midfielder,6.96,0.0,0.02,0.0,0.56,0.07,0.28,0.0,0.42,75.0,0.0,0.0,0.0,0.0,0.0,0.0,0.0,0.0,0.0,0.0,0.0,0.0,0.0,0.0,1.88,0.76,1.04,0.28,1.04,0.0,0.07,0.0,0.0,0.21,0.0,0.0,0.0,0.49,62.36,56.81,5.56,91.09,30.9,25.9,9.86,0.0,0.0,3.68,67.95,17,14,1296,0.28,0.0,1.53,1.32,7.71,0.28,3.89,53.85,3.61,56.52,0.28,33.33
102,914765,La Liga,25/26,Elche,Gonzalo Villar,Midfielder,6.96,0.13,0.03,0.0,0.5,0.13,0.13,25.0,1.13,64.29,0.13,0.0,0.0,0.13,0.0,0.0,0.0,0.0,0.0,0.0,0.0,0.0,0.0,0.0,1.63,0.25,0.88,0.25,0.88,0.0,0.0,0.0,0.0,0.13,0.0,0.0,0.0,0.25,49.39,44.12,5.26,89.34,12.79,31.34,18.3,0.25,18.18,1.0,53.33,12,8,718,0.38,0.0,1.38,3.13,9.4,1.25,7.27,59.18,5.89,58.75,1.38,61.11
103,832427,La Liga,25/26,Real Sociedad,Carlos Soler,Midfielder,6.95,0.15,0.1,0.19,1.35,0.73,0.39,11.43,0.5,61.9,0.12,0.04,0.04,0.04,0.08,0.0,0.0,0.0,0.0,0.0,0.0,0.0,0.04,0.0,1.47,0.58,1.0,0.39,0.69,0.04,0.0,0.0,0.0,0.04,0.35,0.12,0.0,1.78,46.12,39.87,6.25,86.44,16.83,23.04,12.77,0.96,34.25,2.32,59.41,33,26,2332,0.12,0.04,1.08,0.77,9.88,0.69,3.05,48.47,2.74,50.0,0.31,38.1
104,369004,La Liga,25/26,Deportivo Alavés,Antonio Sivera,Goalkeeper,6.95,0.0,0.0,0.0,0.0,0.0,0.0,0.0,0.0,0.0,0.0,0.0,0.0,0.0,0.0,0.0,0.0,0.0,0.0,0.0,0.0,0.0,0.0,0.0,0.05,0.0,1.37,0.0,0.03,0.03,0.05,0.03,0.03,0.13,0.0,0.0,0.0,0.0,27.24,13.66,13.58,50.14,5.92,7.74,2.66,0.0,0.0,8.89,39.76,38,38,3420,0.08,0.0,0.03,0.03,13.74,0.0,0.39,83.33,0.08,60.0,0.32,92.31
105,2238907,La Liga,25/26,Atlético Madrid,Miguel Cubo,Forward,6.95,1.88,0.34,0.0,5.62,3.75,1.88,33.33,1.88,50.0,1.88,0.0,0.0,0.0,1.88,0.0,0.0,0.0,0.0,0.0,0.0,0.0,0.0,0.0,3.75,0.0,0.0,0.0,0.0,0.0,0.0,0.0,0.0,0.0,0.0,0.0,0.0,0.0,5.62,1.88,3.75,33.33,0.0,1.88,0.0,0.0,0.0,0.0,0.0,2,0,48,0.0,0.0,1.88,5.62,9.38,0.0,13.12,53.85,11.25,75.0,1.88,20.0
106,70988,La Liga,25/26,Real Madrid,Thibaut Courtois,Goalkeeper,6.95,0.0,0.0,0.0,0.0,0.0,0.0,0.0,0.0,0.0,0.0,0.0,0.0,0.0,0.0,0.0,0.0,0.0,0.0,0.0,0.0,0.0,0.0,0.0,0.03,0.0,0.62,0.0,0.09,0.0,0.0,0.03,0.0,0.41,0.03,0.0,0.0,0.03,31.53,25.28,6.25,80.18,23.44,1.84,0.56,0.0,0.0,3.59,37.1,32,32,2880,0.03,0.0,0.03,0.06,6.34,0.0,0.25,61.54,0.09,42.86,0.16,83.33
107,807116,La Liga,25/26,Mallorca,Antonio Raíllo,Defender,6.95,0.0,0.02,0.04,0.52,0.04,0.48,0.0,0.0,0.0,0.0,0.0,0.0,0.0,0.0,0.0,0.04,0.0,0.0,0.0,0.0,0.0,0.0,0.0,1.09,0.7,5.26,1.48,0.13,0.0,0.04,0.13,0.0,0.13,0.04,0.04,0.0,0.3,49.61,43.87,5.74,88.43,30.22,13.65,3.74,0.04,25.0,2.3,48.18,24,23,2070,0.17,0.0,1.0,0.65,6.48,0.17,5.04,63.39,1.7,60.0,3.35,65.25
108,44864,La Liga,25/26,Girona FC,Daley Blind,Defender,6.95,0.0,0.01,0.0,0.17,0.03,0.03,0.0,0.41,80.0,0.0,0.0,0.0,0.0,0.0,0.0,0.0,0.0,0.0,0.0,0.0,0.0,0.0,0.0,1.9,1.34,4.34,0.69,0.55,0.03,0.1,0.1,0.0,0.17,0.03,0.0,0.0,0.38,72.66,64.93,7.72,89.37,40.83,24.1,10.52,0.1,25.0,4.48,51.38,31,30,2610,0.03,0.0,0.66,0.69,9.38,0.31,4.14,58.82,3.0,64.93,1.14,47.14
109,925097,La Liga,25/26,FC Barcelona,Ronald Araújo,Defender,6.95,0.25,0.12,0.17,1.01,0.42,0.5,25.0,0.0,0.0,0.25,0.0,0.17,0.0,0.08,0.0,0.0,0.0,0.0,0.0,0.0,0.0,0.0,0.0,1.76,0.76,3.19,0.42,0.08,0.0,0.0,0.08,0.0,0.17,0.08,0.0,0.0,0.25,70.35,64.73,5.62,92.0,38.45,26.28,6.04,0.0,0.0,1.85,47.83,24,11,1072,0.17,0.0,1.43,0.25,7.22,0.08,5.29,63.0,2.01,57.14,3.27,67.24
110,2282845,La Liga,25/26,Mallorca,Javier Olaizola,Defender,6.95,0.0,0.0,0.0,0.0,0.0,0.0,0.0,0.0,0.0,0.0,0.0,0.0,0.0,0.0,0.0,0.0,0.0,0.0,0.0,0.0,0.0,0.0,0.0,3.33,0.0,8.33,0.0,0.0,0.0,0.0,0.0,0.0,0.0,0.0,0.0,0.0,0.0,83.33,70.0,13.33,84.0,40.0,30.0,1.67,1.67,33.33,6.67,66.67,2,0,54,0.0,0.0,0.0,1.67,16.67,0.0,8.33,100.0,5.0,100.0,3.33,100.0
111,1084399,La Liga,25/26,Deportivo Alavés,Carlos Vicente,Midfielder,6.95,0.36,0.26,0.07,0.86,0.43,0.29,41.67,0.79,29.73,0.36,0.0,0.0,0.0,0.36,0.0,0.72,0.07,0.21,0.21,100.0,0.0,0.0,0.0,1.93,0.5,1.0,0.14,1.43,0.0,0.0,0.0,0.0,0.0,0.5,0.0,0.07,1.93,33.82,27.09,6.74,80.08,11.04,16.05,8.67,2.08,22.66,0.5,43.75,21,11,1256,0.07,0.0,0.86,3.01,18.7,0.43,6.52,54.49,5.73,55.56,0.79,47.83
112,962710,La Liga,25/26,Elche,Germán Valera,Midfielder,6.95,0.13,0.08,0.09,0.88,0.25,0.41,14.29,1.19,48.72,0.09,0.03,0.0,0.09,0.03,0.03,0.13,0.03,0.0,0.0,0.0,0.0,0.0,0.0,1.72,0.72,1.38,0.25,0.41,0.0,0.06,0.0,0.0,0.09,0.41,0.16,0.03,1.44,36.04,31.53,4.51,87.49,9.18,22.36,13.03,0.85,25.71,0.78,50.0,36,33,2874,0.16,0.03,1.25,2.22,12.46,0.94,5.51,56.23,5.14,57.95,0.38,40.0
113,1398526,La Liga,25/26,Celta Vigo,Miguel Román,Midfielder,6.95,0.07,0.06,0.07,0.55,0.07,0.27,12.5,0.21,25.0,0.07,0.0,0.0,0.0,0.07,0.0,0.0,0.0,0.0,0.0,0.0,0.0,0.0,0.0,1.85,0.82,1.58,0.48,1.1,0.0,0.0,0.0,0.0,0.34,0.27,0.0,0.0,1.17,51.39,45.07,6.32,87.7,19.79,25.28,9.34,0.55,38.1,2.89,53.16,19,14,1310,0.21,0.0,1.37,0.76,8.86,0.14,3.5,47.22,2.82,47.13,0.69,47.62
114,976104,La Liga,25/26,Real Oviedo,Federico Viñas,Forward,6.94,0.33,0.32,0.37,2.09,0.77,0.99,15.79,1.76,67.61,0.33,0.0,0.15,0.15,0.04,0.0,0.48,0.04,0.07,0.07,100.0,0.0,0.04,0.0,1.84,0.51,1.03,0.15,0.4,0.0,0.04,0.0,0.0,0.11,0.18,0.04,0.0,0.99,18.98,13.66,5.32,71.95,4.96,8.7,4.88,0.04,50.0,0.4,68.75,33,28,2451,0.18,0.11,1.69,2.53,11.75,2.02,9.51,52.54,6.1,56.46,3.41,46.73
115,1156645,La Liga,25/26,Real Madrid,Raúl Asencio,Defender,6.94,0.11,0.07,0.11,0.74,0.21,0.42,14.29,0.05,50.0,0.11,0.0,0.11,0.0,0.0,0.0,0.0,0.0,0.0,0.0,0.0,0.0,0.0,0.0,0.9,0.53,3.01,0.69,0.37,0.0,0.11,0.0,0.0,0.37,0.05,0.0,0.0,0.26,62.51,58.77,3.75,94.01,36.51,22.26,6.01,0.0,0.0,1.74,52.38,23,18,1706,0.21,0.0,0.9,1.21,4.7,0.16,3.27,59.05,2.16,60.29,1.11,56.76
116,1083832,La Liga,25/26,Levante UD,Kervin Arriaga,Midfielder,6.94,0.17,0.06,0.0,0.93,0.35,0.35,18.75,0.47,42.11,0.12,0.06,0.06,0.0,0.12,0.0,0.12,0.0,0.0,0.0,0.0,0.0,0.12,0.0,2.39,0.82,3.56,0.82,0.58,0.06,0.06,0.0,0.0,0.17,0.12,0.17,0.0,0.41,41.74,34.57,7.17,82.82,18.94,15.62,6.41,0.17,60.0,1.69,52.73,27,16,1544,0.35,0.06,1.22,1.28,9.91,1.05,6.82,57.35,4.08,53.85,2.74,63.51
117,791773,La Liga,25/26,Real Sociedad,Álex Remiro,Goalkeeper,6.94,0.0,0.0,0.0,0.0,0.0,0.0,0.0,0.03,100.0,0.0,0.0,0.0,0.0,0.0,0.0,0.0,0.0,0.0,0.0,0.0,0.0,0.0,0.0,0.03,0.03,1.11,0.0,0.05,0.08,0.05,0.0,0.03,0.08,0.03,0.0,0.0,0.11,37.14,26.54,10.59,71.47,21.78,4.76,1.78,0.0,0.0,8.38,44.67,37,37,3330,0.03,0.0,0.0,0.19,10.89,0.0,0.46,89.47,0.22,80.0,0.24,100.0
118,845693,La Liga,25/26,Valencia,André Almeida,Midfielder,6.93,0.0,0.05,0.09,0.78,0.26,0.26,0.0,1.3,50.0,0.0,0.0,0.0,0.0,0.0,0.0,0.0,0.09,0.0,0.0,0.0,0.0,0.17,0.0,2.0,0.87,0.43,0.09,0.61,0.0,0.0,0.0,0.0,0.0,0.35,0.17,0.0,1.57,49.39,44.43,4.96,89.96,14.96,29.48,18.0,1.3,23.44,3.04,81.4,22,11,1035,0.0,0.0,0.96,1.91,14.26,1.74,5.48,53.85,5.22,53.1,0.26,75.0
119,965031,La Liga,25/26,Rayo Vallecano,Andrei Rațiu,Defender,6.93,0.0,0.07,0.1,0.99,0.29,0.54,0.0,2.02,54.31,0.0,0.0,0.0,0.0,0.0,0.0,0.13,0.0,0.0,0.0,0.0,0.0,0.0,0.0,2.24,1.22,2.56,0.22,0.67,0.0,0.0,0.03,0.0,0.35,0.32,0.13,0.0,1.38,42.28,34.75,7.53,82.2,15.82,18.93,10.79,0.8,24.04,1.22,41.76,35,31,2810,0.29,0.0,0.7,0.67,16.49,1.44,5.57,49.86,4.87,52.23,0.7,37.93
120,325355,La Liga,25/26,Atlético Madrid,José María Giménez,Defender,6.93,0.0,0.13,0.23,0.99,0.23,0.69,0.0,0.15,66.67,0.0,0.0,0.0,0.0,0.0,0.0,0.08,0.08,0.0,0.0,0.0,0.0,0.0,0.0,1.91,1.22,4.89,0.92,0.76,0.08,0.08,0.0,0.0,0.54,0.08,0.08,0.0,0.08,61.33,55.28,6.04,90.15,35.56,19.73,6.19,0.0,0.0,3.36,57.14,16,13,1177,0.31,0.0,1.53,0.76,6.65,0.15,5.66,52.11,2.83,54.41,2.83,50.0
121,1086346,La Liga,25/26,Osasuna,Iker Benito,Forward,6.93,0.53,0.32,0.0,1.05,0.53,0.53,50.0,0.53,33.33,0.0,0.53,0.0,0.53,0.0,0.0,0.0,0.0,0.0,0.0,0.0,0.0,0.0,0.0,0.53,1.05,3.16,0.53,1.58,0.0,0.0,0.0,0.0,0.0,0.0,0.0,0.0,1.05,39.47,32.11,7.37,81.33,13.16,18.95,6.32,1.58,60.0,2.63,45.45,6,1,171,0.53,0.0,1.58,1.58,15.26,0.53,3.16,33.33,2.63,35.71,0.53,25.0
122,788216,La Liga,25/26,Mallorca,Pablo Maffeo,Defender,6.93,0.03,0.01,0.0,0.24,0.03,0.13,14.29,1.15,62.96,0.0,0.03,0.0,0.03,0.0,0.0,0.0,0.0,0.0,0.0,0.0,0.0,0.0,0.0,2.29,1.18,3.3,0.74,0.67,0.0,0.0,0.0,0.03,0.17,0.1,0.07,0.0,0.67,31.39,24.02,7.38,76.5,11.42,12.6,5.83,0.94,32.94,1.62,34.04,31,30,2672,0.37,0.0,0.88,0.77,12.9,0.4,5.25,60.47,4.21,61.58,1.04,56.36
123,353138,La Liga,25/26,Atlético Madrid,Marcos Llorente,Defender,6.93,0.0,0.08,0.08,0.74,0.25,0.21,0.0,0.54,54.17,0.0,0.0,0.0,0.0,0.0,0.0,0.16,0.0,0.0,0.0,0.0,0.0,0.0,0.0,2.43,0.49,2.18,0.08,0.87,0.0,0.0,0.0,0.0,0.25,0.37,0.16,0.0,0.82,59.01,52.79,6.22,89.46,26.0,26.79,14.42,0.45,22.0,2.23,58.06,29,25,2184,0.21,0.04,1.15,0.45,10.43,0.33,3.83,53.45,3.42,54.97,0.41,43.48
124,110783,La Liga,25/26,Mallorca,Sergi Darder,Midfielder,6.92,0.03,0.07,0.07,1.2,0.44,0.5,2.78,1.14,56.67,0.03,0.0,0.0,0.0,0.0,0.0,0.07,0.0,0.0,0.0,0.0,0.0,0.03,0.0,0.94,0.87,0.6,0.2,0.54,0.0,0.0,0.0,0.0,0.07,0.44,0.17,0.03,1.97,38.79,32.8,5.99,84.56,12.99,19.81,9.97,1.84,32.74,2.74,58.57,38,30,2689,0.1,0.0,0.7,0.97,12.45,0.64,3.31,52.94,3.05,52.91,0.27,53.33
125,859773,La Liga,25/26,Celta Vigo,Óscar Mingueza,Midfielder,6.92,0.05,0.03,0.0,0.64,0.23,0.23,7.14,0.69,53.57,0.0,0.05,0.0,0.0,0.05,0.05,0.05,0.0,0.0,0.0,0.0,0.0,0.05,0.0,1.92,0.41,1.74,0.23,1.56,0.0,0.09,0.0,0.0,0.09,0.32,0.18,0.09,1.46,56.6,48.09,8.51,84.96,19.63,28.46,16.93,0.59,19.4,2.52,50.93,34,21,1967,0.18,0.0,0.69,1.28,14.46,0.69,4.53,53.8,3.84,52.17,0.69,65.22
126,988672,La Liga,25/26,Elche,David Affengruber,Defender,6.92,0.03,0.03,0.06,0.43,0.12,0.27,7.14,0.37,66.67,0.03,0.0,0.0,0.0,0.03,0.0,0.06,0.03,0.0,0.0,0.0,0.0,0.0,0.0,2.26,1.55,5.42,0.79,0.58,0.06,0.06,0.03,0.0,0.18,0.06,0.03,0.0,0.24,63.18,55.26,7.92,87.46,34.9,20.36,5.67,0.03,11.11,2.22,35.96,36,33,2953,0.21,0.03,1.04,1.07,9.39,0.18,5.64,63.57,3.66,64.86,1.98,61.32
127,910536,La Liga,25/26,Real Madrid,Rodrygo,Forward,6.92,0.13,0.34,0.4,3.57,1.46,1.06,3.7,2.38,47.37,0.13,0.0,0.0,0.0,0.13,0.13,0.0,0.13,0.0,0.0,0.0,0.0,0.26,0.0,1.72,0.4,0.53,0.0,0.79,0.0,0.0,0.0,0.0,0.13,0.93,0.4,0.0,2.25,42.88,38.91,3.97,90.74,6.88,32.03,20.12,1.59,28.57,0.26,28.57,19,6,680,0.4,0.0,0.66,3.04,14.43,1.19,7.15,52.94,7.15,58.06,0.0,0.0
128,900003,La Liga,25/26,Rayo Vallecano,Jorge de Frutos,Forward,6.92,0.36,0.39,0.47,2.28,1.01,0.83,15.87,1.01,47.46,0.36,0.0,0.0,0.11,0.25,0.04,0.65,0.11,0.04,0.04,100.0,0.0,0.0,0.0,1.12,0.4,0.43,0.0,0.76,0.0,0.0,0.0,0.0,0.11,0.14,0.04,0.0,1.12,14.39,10.95,3.44,76.07,3.95,7.0,4.6,0.36,21.28,0.22,46.15,36,31,2483,0.11,0.0,1.23,1.41,10.87,1.27,4.2,43.45,3.52,44.91,0.69,37.25
129,900792,La Liga,25/26,Osasuna,Alejandro Catena,Defender,6.92,0.09,0.08,0.03,0.56,0.12,0.29,15.79,0.18,54.55,0.09,0.0,0.09,0.0,0.0,0.0,0.09,0.0,0.0,0.0,0.0,0.0,0.0,0.0,1.2,0.97,6.3,0.94,0.29,0.06,0.06,0.06,0.0,0.21,0.06,0.06,0.0,0.35,49.67,42.53,7.15,85.61,30.72,11.8,3.6,0.0,0.0,4.45,52.6,35,35,3073,0.32,0.03,1.35,0.41,7.79,0.12,4.13,53.61,1.76,49.18,2.37,57.45
130,1012410,La Liga,25/26,Celta Vigo,Alvaro Núñez,Defender,6.91,0.0,0.01,0.0,0.27,0.05,0.05,0.0,0.68,65.22,0.0,0.0,0.0,0.0,0.0,0.0,0.09,0.0,0.0,0.0,0.0,0.0,0.0,0.0,1.32,0.73,1.54,0.36,0.59,0.0,0.0,0.05,0.0,0.18,0.27,0.09,0.05,1.0,55.43,50.67,4.76,91.41,25.27,25.4,12.57,0.95,32.81,2.22,60.49,25,24,1984,0.09,0.0,0.64,1.0,8.8,0.27,3.49,54.61,2.99,62.26,0.5,31.43
131,141832,La Liga,25/26,Elche,Pedro Bigas,Defender,6.91,0.04,0.03,0.04,0.44,0.13,0.22,10.0,0.17,50.0,0.0,0.04,0.0,0.04,0.0,0.0,0.0,0.0,0.0,0.0,0.0,0.0,0.0,0.0,1.57,1.26,4.66,0.83,0.74,0.0,0.17,0.09,0.0,0.22,0.17,0.13,0.0,0.65,65.37,58.01,7.35,88.75,31.64,26.37,10.88,0.35,30.77,3.44,45.66,28,25,2068,0.13,0.04,1.09,0.83,10.79,0.3,4.7,59.34,2.52,53.21,2.18,68.49
132,845385,La Liga,25/26,Real Sociedad,Brais Méndez,Midfielder,6.91,0.32,0.31,0.27,1.94,0.86,0.48,16.67,1.13,42.0,0.32,0.0,0.0,0.32,0.0,0.05,0.38,0.0,0.11,0.05,50.0,0.0,0.22,0.0,1.99,0.38,0.48,0.16,0.43,0.0,0.0,0.0,0.0,0.0,0.32,0.11,0.0,1.35,47.26,38.76,8.5,82.0,14.75,24.01,14.69,0.75,21.54,2.05,59.38,29,21,1672,0.27,0.05,2.31,1.88,17.01,1.08,6.51,51.05,4.9,48.4,1.61,61.22
133,1014412,La Liga,25/26,Valencia,Julen Agirrezabala,Goalkeeper,6.91,0.0,0.0,0.0,0.0,0.0,0.0,0.0,0.0,0.0,0.0,0.0,0.0,0.0,0.0,0.0,0.0,0.0,0.0,0.0,0.0,0.0,0.0,0.0,0.11,0.0,1.39,0.0,0.11,0.0,0.0,0.0,0.0,0.22,0.0,0.0,0.0,0.06,27.44,19.11,8.33,69.64,16.22,2.89,0.78,0.0,0.0,4.5,35.22,18,18,1620,0.06,0.0,0.0,0.06,8.39,0.0,0.56,83.33,0.17,60.0,0.39,100.0
134,1154587,La Liga,25/26,Elche,Álvaro Rodriguez,Forward,6.91,0.29,0.36,0.7,3.11,0.98,1.64,9.21,1.6,48.75,0.25,0.04,0.04,0.25,0.0,0.0,0.74,0.0,0.0,0.0,0.0,0.0,0.0,0.0,0.98,0.12,1.06,0.04,0.37,0.0,0.0,0.04,0.0,0.04,0.29,0.2,0.0,1.35,21.97,14.15,7.81,64.43,3.44,10.72,6.3,0.16,40.0,0.53,65.0,34,24,2200,0.08,0.0,1.47,2.0,16.36,1.84,10.02,51.69,4.58,46.67,5.44,56.84
135,1099352,La Liga,25/26,Atlético Madrid,Giuliano Simeone,Midfielder,6.91,0.17,0.22,0.34,1.54,0.6,0.68,11.11,1.24,44.62,0.13,0.04,0.0,0.09,0.09,0.04,0.3,0.0,0.0,0.0,0.0,0.0,0.0,0.0,1.92,0.77,0.47,0.13,1.71,0.0,0.04,0.0,0.0,0.09,0.38,0.26,0.09,1.32,40.37,33.03,7.34,81.82,12.38,20.65,12.03,0.43,20.83,0.43,55.56,31,25,2109,0.13,0.0,0.9,1.71,14.81,1.19,5.97,50.0,4.86,48.51,1.11,57.78
136,149370,La Liga,25/26,Osasuna,Moi Gómez,Midfielder,6.91,0.0,0.03,0.0,0.81,0.15,0.3,0.0,0.89,57.14,0.0,0.0,0.0,0.0,0.0,0.0,0.0,0.0,0.0,0.0,0.0,0.0,0.0,0.0,1.48,0.81,0.74,0.07,0.81,0.07,0.0,0.07,0.0,0.0,0.3,0.15,0.0,1.18,64.21,57.04,7.17,88.84,19.06,37.98,20.1,0.44,17.14,3.92,65.43,26,12,1218,0.22,0.0,1.48,1.55,11.45,0.59,4.8,55.08,3.92,53.54,0.89,63.16
137,1002347,La Liga,25/26,Girona FC,Alejandro Francés,Defender,6.9,0.0,0.07,0.08,1.28,0.32,0.4,0.0,0.56,63.64,0.0,0.0,0.0,0.0,0.0,0.0,0.08,0.0,0.0,0.0,0.0,0.0,0.0,0.0,2.01,1.2,4.82,0.48,0.56,0.0,0.08,0.0,0.0,0.0,0.16,0.16,0.0,0.8,58.69,48.81,9.88,83.17,25.61,23.2,12.2,0.72,37.5,3.85,41.38,24,11,1121,0.16,0.08,1.2,1.85,12.6,0.24,5.54,66.35,4.34,66.67,1.2,65.22
138,949962,La Liga,25/26,Celta Vigo,Ferran Jutglà,Forward,6.9,0.49,0.36,0.43,2.43,1.4,0.81,20.0,1.13,38.89,0.38,0.11,0.0,0.11,0.38,0.05,0.54,0.0,0.0,0.0,0.0,0.0,0.0,0.0,0.65,0.43,1.08,0.05,0.22,0.0,0.0,0.0,0.0,0.0,0.11,0.16,0.05,0.86,22.43,17.47,4.96,77.88,6.47,11.0,6.04,0.22,20.0,0.65,66.67,30,21,1669,0.22,0.0,1.29,1.62,11.76,1.08,4.31,41.88,3.4,44.06,0.92,35.42
139,319735,La Liga,25/26,Girona FC,Viktor Tsygankov,Midfielder,6.9,0.2,0.23,0.2,1.74,0.72,0.61,11.76,0.92,49.09,0.2,0.0,0.03,0.14,0.03,0.03,0.17,0.0,0.0,0.0,0.0,0.0,0.2,0.0,1.06,0.68,0.99,0.14,0.55,0.0,0.0,0.0,0.0,0.1,0.14,0.17,0.03,1.91,34.15,28.15,6.0,82.44,8.25,19.9,13.39,0.95,22.76,1.02,73.17,32,31,2641,0.1,0.0,0.75,1.19,12.54,0.85,4.23,49.21,3.14,50.83,1.09,45.07
140,1119345,La Liga,25/26,Atlético Madrid,Obed Vargas,Midfielder,6.9,0.0,0.02,0.0,0.61,0.0,0.49,0.0,1.22,66.67,0.0,0.0,0.0,0.0,0.0,0.0,0.12,0.0,0.0,0.0,0.0,0.0,0.0,0.0,3.17,0.85,1.1,0.73,0.97,0.0,0.24,0.0,0.0,0.12,0.0,0.12,0.0,0.49,38.48,31.66,6.82,82.28,15.71,15.95,8.28,0.12,16.67,1.71,46.67,12,8,739,0.24,0.0,0.49,1.1,10.35,0.24,5.72,66.2,5.48,71.43,0.24,25.0
141,1526618,La Liga,25/26,FC Barcelona,Marc Bernal,Midfielder,6.9,0.23,0.12,0.11,0.79,0.23,0.23,28.57,1.25,78.57,0.23,0.0,0.0,0.11,0.11,0.0,0.0,0.0,0.0,0.0,0.0,0.0,0.0,0.0,2.94,1.36,2.15,0.23,1.02,0.0,0.11,0.0,0.0,0.0,0.23,0.11,0.0,0.57,66.79,61.47,5.32,92.03,28.98,32.49,12.23,0.0,0.0,1.81,57.14,22,9,795,0.57,0.0,1.81,1.25,7.92,0.79,7.13,55.26,5.43,57.83,1.7,48.39
142,901325,La Liga,25/26,Atlético Madrid,Nicolás González,Midfielder,6.9,0.31,0.26,0.37,2.65,1.23,1.05,11.63,1.48,51.06,0.31,0.0,0.18,0.12,0.0,0.12,0.12,0.06,0.0,0.0,0.0,0.0,0.0,0.0,1.48,0.74,1.66,0.18,0.99,0.06,0.0,0.0,0.0,0.12,0.18,0.0,0.0,0.74,32.92,25.03,7.89,76.03,10.17,14.86,7.89,0.18,11.11,1.36,52.38,24,18,1460,0.25,0.06,1.73,1.54,14.42,1.23,7.58,51.9,4.5,47.1,3.08,60.98
143,547838,La Liga,25/26,Real Madrid,Dani Ceballos,Midfielder,6.9,0.0,0.01,0.0,0.54,0.0,0.54,0.0,0.54,23.08,0.0,0.0,0.0,0.0,0.0,0.0,0.0,0.0,0.0,0.0,0.0,0.0,0.0,0.0,3.25,1.27,0.9,0.72,1.45,0.18,0.0,0.0,0.0,0.0,0.0,0.0,0.0,1.63,81.33,75.54,5.78,92.89,25.48,50.06,24.94,0.0,0.0,2.71,88.24,16,4,498,0.18,0.0,1.08,2.71,9.58,0.36,6.69,56.06,6.51,58.06,0.18,25.0
144,142622,La Liga,25/26,Real Madrid,Antonio Rüdiger,Defender,6.9,0.06,0.06,0.06,0.78,0.06,0.54,7.69,0.0,0.0,0.06,0.0,0.0,0.0,0.06,0.0,0.12,0.0,0.0,0.0,0.0,0.0,0.0,0.0,0.84,0.24,3.14,0.24,0.06,0.0,0.06,0.0,0.0,0.3,0.06,0.0,0.06,0.18,70.7,65.81,4.89,93.09,43.07,22.74,5.73,0.0,0.0,2.9,53.33,18,16,1492,0.0,0.0,0.66,0.12,5.49,0.06,2.77,63.89,0.97,55.17,1.81,69.77
145,827212,La Liga,25/26,FC Barcelona,Jules Koundé,Defender,6.9,0.04,0.07,0.2,0.56,0.16,0.28,7.14,0.83,60.0,0.04,0.0,0.04,0.0,0.0,0.04,0.08,0.0,0.0,0.0,0.0,0.0,0.0,0.0,1.86,1.19,2.18,0.52,0.87,0.0,0.08,0.04,0.0,0.32,0.24,0.12,0.0,0.91,76.24,69.81,6.43,91.57,32.01,37.8,16.9,0.48,30.0,1.23,46.97,30,24,2269,0.24,0.0,0.91,0.95,11.15,0.91,5.04,54.51,3.65,53.8,1.39,56.45
146,280979,La Liga,25/26,Real Sociedad,Gonçalo Guedes,Midfielder,6.9,0.39,0.19,0.15,2.25,0.88,0.54,17.39,0.88,46.15,0.29,0.1,0.0,0.1,0.29,0.1,0.64,0.0,0.0,0.0,0.0,0.0,0.0,0.0,1.22,0.2,0.29,0.0,1.22,0.0,0.05,0.0,0.0,0.05,0.29,0.2,0.05,1.22,27.65,20.65,7.0,74.69,5.63,15.02,9.93,0.83,24.29,1.22,58.14,32,22,1839,0.15,0.0,0.88,1.62,14.68,1.17,4.26,44.85,3.72,46.91,0.54,34.38
147,1026015,La Liga,25/26,Real Sociedad,Orri Óskarsson,Forward,6.89,0.96,0.65,0.64,2.89,2.03,0.75,33.33,0.32,75.0,0.96,0.0,0.21,0.0,0.75,0.0,1.5,0.0,0.0,0.0,0.0,0.0,0.0,0.0,0.75,0.11,0.64,0.11,0.43,0.0,0.0,0.0,0.0,0.0,0.21,0.0,0.0,0.53,13.25,8.34,4.92,62.9,2.57,5.77,3.31,0.21,40.0,0.21,50.0,20,8,842,0.53,0.0,1.6,0.75,8.34,0.64,3.53,41.77,1.82,40.48,1.71,43.24
148,39182,La Liga,25/26,Villarreal,Dani Parejo,Midfielder,6.89,0.06,0.06,0.0,0.19,0.06,0.06,33.33,0.52,50.0,0.06,0.0,0.0,0.0,0.06,0.06,0.0,0.0,0.06,0.06,100.0,0.0,0.13,0.0,2.7,0.77,0.97,0.45,0.71,0.06,0.26,0.0,0.0,0.0,0.19,0.0,0.06,1.67,58.0,51.05,6.95,88.01,24.91,26.14,12.04,0.77,30.77,3.54,61.8,32,16,1398,0.19,0.0,1.03,1.74,11.2,0.64,5.47,65.89,4.96,64.71,0.52,80.0
149,900008,La Liga,25/26,Rayo Vallecano,Óscar Valentín,Midfielder,6.88,0.04,0.04,0.0,0.55,0.17,0.26,7.69,0.21,41.67,0.04,0.0,0.0,0.04,0.0,0.0,0.0,0.0,0.0,0.0,0.0,0.0,0.0,0.0,3.07,1.19,2.64,0.64,1.45,0.0,0.09,0.04,0.0,0.17,0.04,0.0,0.0,0.43,37.87,33.56,4.3,88.64,16.23,17.34,7.2,0.0,0.0,1.02,50.0,33,26,2113,0.13,0.04,1.32,0.94,6.3,0.55,5.32,50.2,4.17,55.06,1.15,38.03
150,149734,La Liga,25/26,Athletic Club,Aymeric Laporte,Defender,6.88,0.0,0.07,0.09,0.66,0.22,0.17,0.0,0.09,100.0,0.0,0.0,0.0,0.0,0.0,0.04,0.04,0.04,0.0,0.0,0.0,0.0,0.04,0.0,1.18,1.09,5.55,0.57,0.39,0.0,0.04,0.0,0.0,0.04,0.04,0.04,0.0,0.31,54.04,48.19,5.85,89.17,31.41,16.78,4.76,0.04,50.0,2.88,51.16,25,24,2060,0.17,0.0,0.39,0.57,6.38,0.04,4.46,68.0,1.83,68.85,2.62,67.42
151,855831,La Liga,25/26,Elche,Víctor Chust,Defender,6.88,0.04,0.02,0.04,0.37,0.12,0.25,11.11,0.33,66.67,0.0,0.04,0.0,0.0,0.04,0.0,0.04,0.0,0.0,0.0,0.0,0.0,0.04,0.0,2.62,0.83,3.58,0.75,0.87,0.0,0.12,0.0,0.0,0.17,0.0,0.0,0.0,0.21,63.1,56.91,6.19,90.18,34.0,22.91,9.06,0.37,23.68,2.62,45.0,31,22,2165,0.25,0.04,1.58,0.42,8.77,0.17,4.57,52.63,3.37,55.1,1.21,46.77
152,85859,La Liga,25/26,Atlético Madrid,Antoine Griezmann,Forward,6.88,0.43,0.46,0.55,2.87,1.53,1.22,14.89,0.55,34.62,0.43,0.0,0.0,0.31,0.12,0.06,0.92,0.0,0.0,0.0,0.0,0.0,0.06,0.0,0.85,0.49,0.79,0.12,0.67,0.0,0.12,0.0,0.0,0.12,0.55,0.24,0.06,1.95,44.54,36.73,7.81,82.47,13.18,23.55,12.87,1.34,26.51,1.95,65.31,34,13,1475,0.06,0.0,0.24,0.61,16.54,0.55,2.68,41.9,2.01,44.59,0.67,35.48
153,1649918,La Liga,25/26,Levante UD,Carlos Espí,Forward,6.88,0.73,0.51,0.67,3.8,1.6,1.6,19.3,0.8,50.0,0.53,0.2,0.27,0.13,0.33,0.0,0.6,0.0,0.0,0.0,0.0,0.0,0.0,0.0,0.87,0.6,0.87,0.07,0.6,0.0,0.0,0.0,0.0,0.0,0.07,0.0,0.0,0.6,14.07,9.27,4.8,65.88,3.27,6.0,3.53,0.0,0.0,0.07,33.33,25,13,1350,0.2,0.0,2.07,1.67,11.07,1.27,6.4,48.0,3.33,42.37,3.07,56.1
154,1014042,La Liga,25/26,Levante UD,Iván Romero,Forward,6.88,0.28,0.34,0.47,2.32,0.71,0.87,11.86,1.46,48.68,0.28,0.0,0.0,0.0,0.28,0.04,0.28,0.04,0.04,0.0,0.0,0.0,0.0,0.0,1.3,0.47,0.35,0.08,0.83,0.0,0.0,0.0,0.0,0.08,0.2,0.04,0.0,0.98,21.01,15.39,5.63,73.22,5.98,9.41,5.94,0.12,15.0,0.51,59.09,32,28,2287,0.2,0.0,1.57,3.03,14.99,2.16,6.97,48.49,5.78,49.0,1.18,46.15
155,999178,La Liga,25/26,Deportivo Alavés,Ville Koski,Defender,6.88,0.0,0.01,0.0,0.32,0.32,0.0,0.0,0.0,0.0,0.0,0.0,0.0,0.0,0.0,0.0,0.0,0.0,0.0,0.0,0.0,0.0,0.0,0.0,1.92,1.28,5.77,0.96,0.0,0.0,0.0,0.0,0.0,0.64,0.0,0.0,0.0,0.32,20.5,16.65,3.84,81.25,12.81,3.84,1.28,0.0,0.0,0.96,42.86,5,3,281,0.0,0.0,0.64,0.0,4.16,0.0,4.16,65.0,1.92,75.0,2.24,58.33
156,797291,La Liga,25/26,Athletic Club,Unai Simón,Goalkeeper,6.88,0.0,0.0,0.0,0.0,0.0,0.0,0.0,0.0,0.0,0.0,0.0,0.0,0.0,0.0,0.0,0.0,0.0,0.0,0.0,0.0,0.0,0.0,0.0,0.03,0.0,0.95,0.0,0.0,0.0,0.03,0.0,0.0,0.16,0.0,0.0,0.0,0.03,30.38,17.62,12.76,58.01,12.11,5.51,2.7,0.0,0.0,7.0,35.87,37,37,3330,0.03,0.0,0.0,0.22,12.97,0.0,0.46,100.0,0.14,100.0,0.32,100.0
157,855832,La Liga,25/26,Deportivo Alavés,Antonio Blanco,Midfielder,6.87,0.06,0.04,0.0,1.16,0.38,0.32,5.0,0.69,75.0,0.03,0.03,0.0,0.03,0.03,0.0,0.06,0.0,0.0,0.0,0.0,0.0,0.0,0.0,2.72,1.56,1.18,0.32,1.88,0.0,0.06,0.0,0.0,0.12,0.06,0.09,0.0,0.64,53.03,45.35,7.68,85.51,22.82,22.53,8.64,0.23,26.67,3.06,58.24,36,36,3116,0.26,0.0,2.05,1.24,10.77,1.07,5.6,47.43,4.59,47.04,1.01,49.3
158,949707,La Liga,25/26,Getafe,Juan Iglesias,Defender,6.87,0.03,0.03,0.0,0.73,0.14,0.2,3.85,0.85,51.72,0.03,0.0,0.0,0.0,0.03,0.0,0.03,0.0,0.0,0.0,0.0,0.0,0.0,0.0,3.16,0.71,3.98,0.34,1.41,0.06,0.03,0.0,0.03,0.28,0.08,0.06,0.0,0.51,24.38,15.69,8.69,64.35,6.12,9.57,5.11,0.62,20.75,2.06,32.02,37,36,3189,0.11,0.0,1.78,1.98,17.84,0.48,6.86,55.48,5.95,57.81,0.9,43.84
159,908714,La Liga,25/26,Villarreal,Arnau Tenas,Goalkeeper,6.87,0.0,0.0,0.0,0.0,0.0,0.0,0.0,0.0,0.0,0.0,0.0,0.0,0.0,0.0,0.0,0.0,0.0,0.0,0.0,0.0,0.0,0.0,0.0,0.1,0.0,0.9,0.0,0.0,0.2,0.0,0.0,0.0,0.0,0.0,0.0,0.0,0.0,28.4,17.9,10.5,63.03,15.3,2.6,0.7,0.0,0.0,5.3,34.19,10,10,900,0.0,0.0,0.0,0.1,10.6,0.0,0.2,100.0,0.2,100.0,0.0,0.0
160,1485300,La Liga,25/26,Girona FC,Vitor Reis,Defender,6.87,0.03,0.05,0.11,0.54,0.11,0.32,5.26,0.23,72.73,0.03,0.0,0.03,0.0,0.0,0.0,0.03,0.0,0.0,0.0,0.0,0.0,0.0,0.0,1.43,0.95,6.17,1.15,0.32,0.0,0.2,0.0,0.03,0.14,0.06,0.03,0.0,0.26,55.18,50.19,4.99,90.96,35.79,14.4,3.79,0.0,0.0,2.21,50.33,36,35,3138,0.23,0.03,1.15,0.69,6.17,0.17,4.85,57.09,2.35,58.57,2.5,55.77
161,927066,La Liga,25/26,Levante UD,Pablo Martínez,Midfielder,6.87,0.05,0.09,0.05,1.35,0.19,0.68,3.57,0.68,42.42,0.05,0.0,0.0,0.05,0.0,0.05,0.19,0.0,0.0,0.0,0.0,0.0,0.19,0.0,0.82,0.97,1.4,0.58,0.68,0.0,0.05,0.0,0.0,0.14,0.48,0.24,0.0,1.74,33.25,26.06,7.19,78.37,11.97,14.09,7.48,1.54,36.36,1.74,41.86,27,21,1865,0.14,0.0,1.5,0.58,12.88,0.82,2.7,39.16,2.03,34.43,0.68,66.67
162,887055,La Liga,25/26,Real Betis,Cucho Hernández,Forward,6.86,0.38,0.38,0.35,3.09,0.94,1.39,12.36,0.97,53.85,0.28,0.1,0.03,0.03,0.31,0.1,0.59,0.0,0.03,0.03,100.0,0.0,0.07,0.0,0.97,0.31,0.87,0.07,0.35,0.03,0.0,0.0,0.0,0.21,0.28,0.1,0.0,1.18,22.78,16.35,6.42,71.8,5.21,11.15,7.5,0.1,13.04,1.08,70.45,32,30,2592,0.17,0.0,0.76,1.32,13.51,1.94,4.55,44.86,3.23,46.04,1.32,42.22
163,263651,La Liga,25/26,Atlético Madrid,Juan Musso,Goalkeeper,6.86,0.0,0.0,0.0,0.0,0.0,0.0,0.0,0.0,0.0,0.0,0.0,0.0,0.0,0.0,0.0,0.0,0.0,0.0,0.0,0.0,0.0,0.0,0.0,0.0,0.0,0.88,0.0,0.0,0.0,0.0,0.12,0.0,0.38,0.0,0.0,0.0,0.0,27.12,21.0,6.12,77.42,19.12,1.88,0.62,0.0,0.0,4.62,43.02,8,8,720,0.25,0.0,0.12,0.38,6.38,0.0,0.75,85.71,0.12,50.0,0.62,100.0
164,1518971,La Liga,25/26,Elche,Adam Boayar,Forward,6.86,0.85,0.25,0.0,4.25,1.7,1.7,20.0,0.85,20.0,0.85,0.0,0.0,0.0,0.85,0.0,0.85,0.0,0.0,0.0,0.0,0.0,0.0,0.0,3.4,0.85,3.4,0.0,2.55,0.0,0.0,0.0,0.0,0.0,0.0,0.0,0.0,1.7,33.11,28.87,4.25,87.18,9.34,19.53,16.98,0.0,0.0,2.55,100.0,7,0,106,0.0,0.0,0.0,0.85,16.13,3.4,7.64,42.86,5.09,35.29,2.55,75.0
165,1084730,La Liga,25/26,Celta Vigo,Bryan Zaragoza,Forward,6.86,0.08,0.16,0.0,2.06,0.95,0.63,3.85,2.14,38.57,0.08,0.0,0.0,0.0,0.08,0.0,0.48,0.08,0.08,0.08,100.0,0.0,0.0,0.0,0.79,0.16,0.4,0.0,0.95,0.0,0.08,0.0,0.0,0.08,0.32,0.08,0.0,1.43,26.48,20.54,5.95,77.54,5.07,15.46,9.99,1.19,22.06,1.03,56.52,19,13,1135,0.08,0.0,0.56,1.35,17.13,0.4,4.36,42.64,4.28,44.63,0.08,12.5
166,1012444,La Liga,25/26,Villarreal,Alberto Moleiro,Midfielder,6.86,0.36,0.21,0.22,1.66,0.72,0.69,21.74,1.19,47.83,0.25,0.11,0.0,0.04,0.33,0.04,0.11,0.04,0.0,0.0,0.0,0.0,0.04,0.0,1.08,0.43,0.47,0.11,2.13,0.04,0.07,0.0,0.0,0.0,0.33,0.18,0.0,1.34,29.42,23.28,6.14,79.12,8.17,15.11,9.51,0.33,29.03,0.61,43.59,37,30,2490,0.14,0.0,1.19,0.98,11.82,0.9,3.36,35.09,3.25,37.34,0.11,12.5
167,795064,La Liga,25/26,Real Madrid,Trent Alexander-Arnold,Defender,6.86,0.0,0.02,0.0,0.77,0.15,0.46,0.0,0.38,41.67,0.0,0.0,0.0,0.0,0.0,0.08,0.0,0.0,0.0,0.0,0.0,0.0,0.31,0.0,1.08,1.08,0.77,0.23,0.77,0.0,0.0,0.0,0.0,0.08,0.23,0.31,0.08,2.23,63.21,53.89,9.32,85.26,20.94,32.95,16.4,2.54,25.98,5.93,57.89,21,14,1169,0.31,0.0,0.77,0.38,20.4,0.31,2.23,46.03,1.85,43.64,0.38,62.5
168,973699,La Liga,25/26,Girona FC,Iván Martín,Midfielder,6.86,0.0,0.03,0.07,0.46,0.18,0.14,0.0,1.06,61.22,0.0,0.0,0.0,0.0,0.0,0.0,0.11,0.04,0.0,0.0,0.0,0.0,0.0,0.0,2.16,0.57,1.03,0.14,0.67,0.0,0.04,0.0,0.0,0.14,0.07,0.04,0.0,0.89,50.04,44.72,5.32,89.37,21.17,23.55,12.34,0.14,26.67,2.38,71.28,35,29,2538,0.11,0.04,1.06,1.1,9.65,1.17,5.07,53.16,4.33,56.22,0.74,40.38
169,21555,La Liga,25/26,Sevilla,César Azpilicueta,Defender,6.86,0.0,0.0,0.0,0.07,0.0,0.07,0.0,0.15,40.0,0.0,0.0,0.0,0.0,0.0,0.07,0.07,0.0,0.0,0.0,0.0,0.0,0.0,0.0,2.0,1.63,2.96,0.67,0.81,0.0,0.0,0.0,0.0,0.15,0.07,0.07,0.0,0.22,51.87,45.89,5.99,88.46,29.93,15.96,5.76,0.37,41.67,2.36,49.23,17,17,1218,0.3,0.0,1.77,0.67,9.68,0.15,4.36,53.64,2.73,49.33,1.63,62.86
170,360718,La Liga,25/26,Celta Vigo,Carl Starfelt,Defender,6.86,0.0,0.03,0.12,0.24,0.06,0.18,0.0,0.06,50.0,0.0,0.0,0.0,0.0,0.0,0.0,0.0,0.0,0.0,0.0,0.0,0.0,0.0,0.0,1.39,1.02,6.51,0.78,0.06,0.0,0.06,0.0,0.06,0.3,0.0,0.0,0.0,0.06,61.19,58.65,2.53,95.86,45.21,13.44,2.23,0.0,0.0,1.87,72.09,19,17,1493,0.06,0.06,1.15,0.48,3.07,0.12,3.74,59.05,1.87,59.62,1.87,58.49
171,855833,La Liga,25/26,FC Barcelona,Ferran Torres,Forward,6.85,0.73,0.6,0.91,3.13,1.68,0.95,23.19,0.41,34.62,0.59,0.14,0.05,0.05,0.64,0.27,0.54,0.0,0.0,0.0,0.0,0.0,0.05,0.0,0.32,0.14,0.45,0.05,0.36,0.0,0.0,0.0,0.0,0.09,0.23,0.09,0.0,1.04,21.37,16.19,5.17,75.8,5.67,10.52,6.44,0.05,33.33,0.36,57.14,33,23,1984,0.09,0.0,0.59,0.91,9.57,0.95,2.72,44.12,1.59,37.63,1.13,58.14
172,787751,La Liga,25/26,Atlético Madrid,Robin Le Normand,Defender,6.85,0.05,0.03,0.05,0.3,0.05,0.15,16.67,0.05,25.0,0.05,0.0,0.05,0.0,0.0,0.0,0.05,0.0,0.0,0.0,0.0,0.0,0.0,0.0,1.76,1.01,4.93,0.35,0.4,0.05,0.0,0.0,0.0,0.3,0.05,0.05,0.0,0.1,52.67,47.14,5.53,89.49,32.4,14.74,4.07,0.05,33.33,1.81,40.0,28,17,1789,0.25,0.0,1.11,0.7,6.54,0.05,5.03,63.29,2.47,59.76,2.57,67.11
173,843678,La Liga,25/26,Villarreal,Santi Comesaña,Midfielder,6.85,0.11,0.16,0.15,1.01,0.26,0.52,11.11,0.41,52.38,0.11,0.0,0.0,0.04,0.07,0.07,0.04,0.0,0.0,0.0,0.0,0.0,0.0,0.0,1.68,1.04,2.01,0.56,0.93,0.0,0.22,0.04,0.0,0.07,0.11,0.22,0.0,1.01,45.09,37.52,7.57,83.21,17.38,20.14,10.22,0.07,13.33,1.57,52.5,34,28,2413,0.19,0.04,1.6,1.04,11.04,1.01,4.44,46.48,3.13,45.16,1.31,50.0
174,255999,La Liga,25/26,Mallorca,Omar Mascarell,Midfielder,6.85,0.08,0.01,0.0,0.28,0.12,0.08,28.57,0.24,66.67,0.04,0.04,0.04,0.0,0.04,0.0,0.0,0.0,0.0,0.0,0.0,0.0,0.0,0.0,1.92,1.4,3.37,0.68,0.72,0.08,0.08,0.0,0.0,0.16,0.08,0.08,0.0,0.32,43.38,37.28,6.09,85.95,21.73,15.55,5.25,0.04,16.67,3.17,54.11,30,26,2245,0.2,0.0,1.52,0.52,7.54,0.16,3.89,49.24,2.69,51.54,1.2,44.78
175,966862,La Liga,25/26,Real Sociedad,Ander Barrenetxea,Midfielder,6.85,0.15,0.13,0.31,1.73,0.56,0.92,8.82,2.8,47.41,0.05,0.1,0.0,0.0,0.15,0.0,0.25,0.0,0.0,0.0,0.0,0.05,0.05,100.0,1.53,0.76,0.56,0.2,0.81,0.0,0.05,0.0,0.0,0.0,0.56,0.25,0.0,2.24,36.94,29.66,7.28,80.3,7.78,21.88,12.67,0.51,13.89,1.37,49.09,30,22,1769,0.25,0.0,1.88,1.53,19.74,1.68,6.31,43.51,5.85,44.4,0.46,34.62
176,1145642,La Liga,25/26,Osasuna,Victor Muñoz,Forward,6.84,0.2,0.2,0.3,2.73,1.05,0.84,7.41,2.53,42.13,0.13,0.07,0.07,0.03,0.1,0.03,0.17,0.03,0.0,0.0,0.0,0.0,0.0,0.0,0.74,0.3,0.67,0.0,0.61,0.0,0.0,0.0,0.0,0.1,0.07,0.07,0.0,0.91,21.02,16.97,4.05,80.74,4.35,12.62,7.46,0.74,21.36,0.17,35.71,34,31,2668,0.1,0.0,1.08,1.82,15.82,1.89,5.63,41.44,5.06,42.25,0.57,35.42
177,19356,La Liga,25/26,Celta Vigo,Iago Aspas,Forward,6.84,0.39,0.35,0.16,2.18,0.94,0.86,17.86,0.94,60.0,0.31,0.08,0.0,0.31,0.08,0.08,0.0,0.08,0.16,0.16,100.0,0.0,0.0,0.0,1.17,0.94,0.16,0.0,0.94,0.0,0.0,0.0,0.0,0.0,0.7,0.23,0.0,2.42,49.48,38.88,10.6,78.58,8.88,30.0,19.25,0.47,25.0,2.65,60.71,32,11,1155,0.31,0.0,0.39,1.32,16.52,1.32,3.66,47.47,3.43,51.16,0.23,23.08
178,814590,La Liga,25/26,FC Barcelona,Marcus Rashford,Forward,6.84,0.41,0.38,0.51,3.88,1.48,1.02,10.53,1.53,34.88,0.31,0.1,0.05,0.15,0.2,0.15,0.51,0.0,0.0,0.0,0.0,0.05,0.56,9.09,0.41,0.1,0.72,0.15,0.26,0.0,0.0,0.0,0.0,0.0,0.41,0.36,0.0,2.35,39.51,33.48,6.03,84.73,5.83,27.65,18.86,1.53,24.79,1.28,58.14,32,18,1761,0.15,0.0,0.51,1.28,18.55,1.38,3.42,39.18,3.22,39.13,0.2,40.0
179,857205,La Liga,25/26,Espanyol,Fernando Calero,Defender,6.84,0.0,0.07,0.17,0.5,0.04,0.42,0.0,0.08,28.57,0.0,0.0,0.0,0.0,0.0,0.0,0.0,0.0,0.0,0.0,0.0,0.0,0.0,0.0,1.21,1.17,5.19,1.3,0.29,0.0,0.0,0.0,0.0,0.21,0.04,0.0,0.0,0.13,51.24,45.33,5.9,88.48,36.25,9.08,2.09,0.0,0.0,2.97,46.41,28,24,2150,0.21,0.0,0.63,0.38,6.66,0.04,3.22,51.33,1.67,58.82,1.55,45.12
180,976141,La Liga,25/26,Osasuna,Jon Moncayola,Midfielder,6.84,0.0,0.06,0.09,0.68,0.15,0.18,0.0,0.39,61.9,0.0,0.0,0.0,0.0,0.0,0.03,0.0,0.0,0.0,0.0,0.0,0.0,0.03,0.0,1.63,0.68,1.46,0.18,1.34,0.0,0.0,0.0,0.0,0.18,0.27,0.12,0.0,1.16,41.25,33.05,8.2,80.12,14.68,18.37,8.77,1.04,24.65,2.62,48.09,36,35,3028,0.27,0.0,1.22,0.39,14.12,0.3,2.91,45.37,2.38,43.96,0.54,52.94
181,37318,La Liga,25/26,Osasuna,Ante Budimir,Forward,6.84,0.52,0.52,0.49,3.14,1.25,1.43,16.5,0.09,16.67,0.52,0.0,0.15,0.3,0.06,0.18,0.67,0.06,0.24,0.18,75.0,0.0,0.0,0.0,0.64,0.18,1.4,0.18,0.12,0.0,0.03,0.0,0.0,0.06,0.09,0.0,0.0,0.49,11.98,7.19,4.78,60.05,2.38,4.82,2.99,0.0,0.0,0.12,40.0,37,35,2953,0.12,0.0,1.58,1.13,9.63,1.04,5.58,47.04,1.8,37.82,3.78,53.22
182,990169,La Liga,25/26,Atlético Madrid,Johnny Cardoso,Midfielder,6.84,0.0,0.01,0.0,0.2,0.0,0.1,0.0,0.5,50.0,0.0,0.0,0.0,0.0,0.0,0.0,0.0,0.0,0.0,0.0,0.0,0.0,0.0,0.0,3.73,1.61,2.22,0.61,1.01,0.0,0.0,0.0,0.0,0.1,0.1,0.0,0.0,0.3,50.35,44.5,5.85,88.38,22.0,22.5,9.99,0.1,50.0,2.72,75.0,15,12,892,0.5,0.0,2.32,1.41,9.79,1.51,6.86,49.64,5.65,51.38,1.21,42.86
183,942836,La Liga,25/26,Real Oviedo,Haissem Hassan,Midfielder,6.83,0.0,0.07,0.09,1.57,0.37,0.74,0.0,2.83,49.19,0.0,0.0,0.0,0.0,0.0,0.05,0.14,0.0,0.0,0.0,0.0,0.0,0.0,0.0,1.81,0.28,0.51,0.0,1.53,0.05,0.0,0.0,0.0,0.0,0.09,0.14,0.0,0.93,23.02,18.53,4.49,80.48,8.2,10.33,5.65,1.25,23.89,2.08,72.58,37,20,1943,0.05,0.0,0.56,1.16,15.61,0.74,5.88,49.42,5.79,50.2,0.09,25.0
184,825133,La Liga,25/26,Osasuna,Javi Galán,Defender,6.83,0.0,0.01,0.0,0.3,0.05,0.2,0.0,1.88,60.32,0.0,0.0,0.0,0.0,0.0,0.05,0.1,0.0,0.0,0.0,0.0,0.0,0.0,0.0,2.37,1.43,2.87,0.25,0.59,0.0,0.05,0.1,0.0,0.1,0.1,0.05,0.0,1.43,44.8,37.58,7.22,83.89,18.94,18.64,10.19,1.58,34.78,2.03,42.71,25,20,1820,0.15,0.0,1.58,1.98,15.03,0.69,6.87,57.44,6.18,60.68,0.69,38.89
185,344751,La Liga,25/26,Valencia,Baptiste Santamaria,Midfielder,6.83,0.12,0.04,0.0,0.7,0.23,0.23,16.67,0.7,50.0,0.12,0.0,0.12,0.0,0.0,0.0,0.12,0.0,0.0,0.0,0.0,0.0,0.0,0.0,1.39,0.81,3.48,0.23,0.7,0.0,0.12,0.0,0.0,0.23,0.23,0.12,0.0,0.46,47.03,38.55,8.48,81.98,19.97,18.58,9.17,0.12,33.33,2.67,54.76,19,7,775,0.23,0.0,1.51,1.16,11.96,0.58,5.34,55.42,3.25,50.0,2.09,66.67
186,855835,La Liga,25/26,Real Sociedad,Sergio Gómez,Defender,6.83,0.0,0.04,0.07,0.4,0.0,0.27,0.0,0.43,52.0,0.0,0.0,0.0,0.0,0.0,0.03,0.13,0.0,0.0,0.0,0.0,0.0,0.0,0.0,2.93,1.03,2.4,0.2,1.4,0.03,0.03,0.0,0.0,0.07,0.47,0.2,0.0,1.5,50.24,43.52,6.72,86.62,19.73,23.79,10.98,1.3,24.84,2.06,49.21,35,30,2705,0.17,0.03,1.5,0.5,14.41,0.23,4.52,54.18,3.83,52.75,0.7,63.64
187,1170694,La Liga,25/26,Levante UD,Ugo Raghouber,Midfielder,6.83,0.0,0.01,0.0,0.37,0.0,0.25,0.0,1.12,75.0,0.0,0.0,0.0,0.0,0.0,0.0,0.12,0.0,0.0,0.0,0.0,0.0,0.0,0.0,2.87,1.87,2.25,0.0,1.37,0.0,0.12,0.0,0.0,0.12,0.0,0.0,0.0,0.5,41.82,35.33,6.49,84.48,22.47,12.86,5.37,0.0,0.0,1.62,54.17,16,8,721,0.12,0.0,1.25,1.75,9.74,0.5,8.24,62.86,5.49,61.97,2.75,64.71
188,35612,La Liga,25/26,Girona FC,Axel Witsel,Midfielder,6.83,0.04,0.08,0.18,0.71,0.18,0.39,5.0,0.36,71.43,0.04,0.0,0.0,0.0,0.04,0.07,0.04,0.0,0.0,0.0,0.0,0.0,0.0,0.0,1.31,1.07,1.99,0.39,1.03,0.0,0.04,0.0,0.0,0.07,0.07,0.07,0.0,0.6,52.09,47.5,4.58,91.2,25.05,22.46,10.09,0.0,0.0,1.42,62.5,32,30,2533,0.04,0.04,1.21,1.31,6.64,0.68,4.62,53.72,2.95,49.7,1.67,62.67
189,893062,La Liga,25/26,Real Betis,Aitor Ruibal,Defender,6.83,0.2,0.19,0.15,1.54,0.6,0.5,12.9,0.74,46.88,0.2,0.0,0.05,0.05,0.1,0.0,0.05,0.05,0.0,0.0,0.0,0.0,0.05,0.0,2.23,1.04,2.23,0.15,1.34,0.0,0.05,0.15,0.0,0.25,0.15,0.1,0.0,0.94,34.63,28.63,6.0,82.66,13.4,15.23,8.34,0.5,31.25,1.64,40.74,27,20,1814,0.2,0.05,1.59,1.24,11.56,0.94,4.51,46.91,4.17,48.28,0.35,35.0
190,1466116,La Liga,25/26,Real Sociedad,Jon Martin,Defender,6.82,0.08,0.08,0.16,0.6,0.2,0.28,13.33,0.32,66.67,0.08,0.0,0.08,0.0,0.0,0.04,0.04,0.0,0.0,0.0,0.0,0.0,0.0,0.0,1.24,1.36,6.36,0.96,0.12,0.0,0.12,0.04,0.0,0.04,0.0,0.0,0.0,0.08,54.24,49.48,4.76,91.22,34.68,14.8,3.4,0.0,0.0,1.28,45.71,25,25,2250,0.24,0.0,0.72,0.48,6.0,0.32,5.4,65.53,2.04,62.2,3.36,67.74
191,875890,La Liga,25/26,Sevilla,Chidera Ejuke,Forward,6.82,0.09,0.15,0.19,2.17,0.28,0.85,4.35,5.38,61.96,0.09,0.0,0.0,0.0,0.09,0.0,0.19,0.0,0.0,0.0,0.0,0.0,0.0,0.0,1.79,0.57,0.28,0.09,0.09,0.0,0.0,0.0,0.0,0.0,0.09,0.09,0.0,1.23,33.96,28.49,5.47,83.89,9.15,19.34,11.6,0.47,18.52,1.79,70.37,27,6,954,0.0,0.0,0.47,1.51,16.7,1.98,9.15,57.74,8.68,60.53,0.47,31.25
192,835484,La Liga,25/26,Girona FC,Fran Beltrán,Midfielder,6.82,0.06,0.04,0.0,0.92,0.23,0.29,6.25,0.4,63.64,0.06,0.0,0.0,0.0,0.06,0.0,0.0,0.0,0.0,0.0,0.0,0.0,0.0,0.0,1.96,0.98,1.44,0.35,0.86,0.0,0.0,0.0,0.0,0.12,0.12,0.0,0.0,0.75,60.83,55.64,5.19,91.47,24.1,31.54,14.01,0.12,22.22,2.59,68.18,27,18,1561,0.17,0.0,1.15,0.69,8.24,1.04,3.63,45.65,3.06,48.62,0.58,34.48
193,862223,La Liga,25/26,Villarreal,Manor Solomon,Midfielder,6.82,0.59,0.25,0.0,1.18,0.59,0.0,50.0,3.53,54.55,0.59,0.0,0.0,0.59,0.0,0.0,0.59,0.0,0.0,0.0,0.0,0.0,0.0,0.0,0.59,0.0,0.0,0.0,1.18,0.0,0.0,0.0,0.0,0.0,0.59,0.59,0.0,1.18,28.82,24.71,4.12,85.71,6.47,18.24,14.12,1.18,20.0,0.0,0.0,6,1,153,0.0,0.0,0.0,1.18,17.65,1.18,5.29,47.37,5.29,50.0,0.0,0.0
194,900433,La Liga,25/26,Valencia,Luis Rioja,Midfielder,6.82,0.1,0.08,0.03,1.47,0.17,0.44,6.98,1.23,56.25,0.1,0.0,0.0,0.1,0.0,0.0,0.31,0.0,0.0,0.0,0.0,0.0,0.1,0.0,1.23,0.61,1.16,0.0,1.16,0.0,0.0,0.0,0.0,0.17,0.24,0.2,0.03,1.33,28.58,22.47,6.11,78.61,8.36,14.1,8.95,1.33,25.83,0.92,45.76,37,31,2636,0.03,0.0,0.44,0.99,13.59,0.92,3.58,46.46,3.45,49.75,0.14,17.39
195,1184541,La Liga,25/26,Villarreal,Alexander Freeman,Defender,6.82,0.0,0.01,0.0,0.25,0.0,0.25,0.0,0.76,50.0,0.0,0.0,0.0,0.0,0.0,0.25,0.0,0.0,0.0,0.0,0.0,0.0,0.0,0.0,3.29,1.01,4.04,0.51,1.26,0.0,0.25,0.0,0.0,0.0,0.0,0.0,0.0,0.25,59.16,53.6,5.56,90.6,32.61,20.98,8.09,0.0,0.0,1.77,63.64,9,3,356,0.0,0.0,0.51,0.76,10.62,0.51,6.32,65.79,4.8,61.29,1.52,85.71
196,1103693,La Liga,25/26,FC Barcelona,Pablo Gavi,Midfielder,6.82,0.0,0.0,0.0,0.0,0.0,0.0,0.0,0.16,12.5,0.0,0.0,0.0,0.0,0.0,0.0,0.0,0.0,0.0,0.0,0.0,0.0,0.0,0.0,2.67,0.47,1.1,0.31,1.57,0.0,0.0,0.16,0.0,0.0,0.16,0.16,0.0,1.25,64.29,59.43,4.86,92.44,24.93,34.49,15.37,0.0,0.0,2.82,85.71,11,7,574,0.47,0.0,1.72,2.2,7.68,0.31,6.59,53.85,4.7,50.0,1.88,66.67
197,1010383,La Liga,25/26,Levante UD,Jon Ander Olasagasti,Midfielder,6.82,0.05,0.12,0.21,1.44,0.46,0.46,3.57,0.62,50.0,0.0,0.05,0.0,0.05,0.0,0.05,0.0,0.0,0.0,0.0,0.0,0.0,0.1,0.0,1.44,0.72,1.18,0.41,0.98,0.0,0.0,0.0,0.0,0.1,0.31,0.26,0.05,1.91,34.29,25.95,8.34,75.68,10.61,15.34,8.5,1.13,20.37,1.54,41.67,33,18,1748,0.15,0.05,1.03,1.7,15.7,0.93,5.25,52.58,3.76,51.77,1.49,54.72
198,808955,La Liga,25/26,Elche,Josan,Midfielder,6.81,0.0,0.04,0.0,0.47,0.16,0.16,0.0,1.1,53.85,0.0,0.0,0.0,0.0,0.0,0.0,0.16,0.0,0.0,0.0,0.0,0.0,0.0,0.0,1.89,0.79,0.79,0.16,0.31,0.0,0.0,0.0,0.0,0.0,0.63,0.47,0.0,3.3,38.86,34.77,4.09,89.47,9.6,25.17,15.58,3.3,28.38,1.57,90.91,19,4,572,0.31,0.0,0.79,0.94,15.1,0.47,4.09,56.52,3.93,60.98,0.16,20.0
199,103417,La Liga,25/26,Real Betis,Isco,Midfielder,6.81,0.39,0.39,0.0,2.76,0.39,0.39,14.29,0.39,50.0,0.39,0.0,0.0,0.0,0.39,0.0,0.0,0.39,0.39,0.39,100.0,0.0,0.0,0.0,1.18,0.79,0.39,0.0,1.58,0.0,0.0,0.0,0.0,0.0,0.39,0.39,0.0,1.97,66.71,61.18,5.53,91.72,23.68,37.5,20.92,0.79,22.22,3.95,71.43,8,1,228,0.0,0.0,1.58,3.55,12.63,1.18,5.53,48.28,5.13,52.0,0.39,25.0
200,797306,La Liga,25/26,Valencia,Mouctar Diakhaby,Defender,6.81,0.17,0.09,0.0,0.66,0.5,0.17,25.0,0.17,33.33,0.17,0.0,0.17,0.0,0.0,0.0,0.17,0.17,0.0,0.0,0.0,0.0,0.0,0.0,1.32,1.65,7.11,0.33,0.0,0.17,0.0,0.0,0.0,0.33,0.0,0.0,0.0,0.17,52.94,46.32,6.62,87.5,33.58,12.74,2.81,0.0,0.0,1.65,31.25,8,7,544,0.5,0.0,1.16,0.5,7.61,0.0,4.63,66.67,1.99,60.0,2.65,72.73
201,257091,La Liga,25/26,Real Sociedad,Duje Ćaleta-Car,Defender,6.81,0.04,0.05,0.04,0.54,0.13,0.25,7.69,0.0,0.0,0.04,0.0,0.04,0.0,0.0,0.0,0.04,0.0,0.0,0.0,0.0,0.0,0.0,0.0,1.0,1.17,5.39,1.09,0.17,0.0,0.0,0.0,0.04,0.08,0.0,0.0,0.0,0.13,56.79,51.44,5.35,90.57,36.47,14.97,3.22,0.0,0.0,2.01,48.48,27,24,2152,0.25,0.04,1.25,0.33,5.69,0.08,4.85,58.0,1.34,48.48,3.51,62.69
202,807771,La Liga,25/26,Atlético Madrid,Dávid Hancko,Defender,6.81,0.0,0.05,0.07,0.78,0.18,0.48,0.0,0.3,53.33,0.0,0.0,0.0,0.0,0.0,0.04,0.07,0.0,0.0,0.0,0.0,0.0,0.0,0.0,1.59,0.7,3.73,0.41,0.74,0.0,0.04,0.04,0.0,0.3,0.15,0.07,0.0,0.48,53.58,46.96,6.62,87.65,26.73,20.23,9.06,0.11,10.34,2.48,50.76,30,27,2434,0.07,0.0,0.55,0.15,9.72,0.33,3.59,54.19,2.03,52.38,1.55,56.76
203,1084081,La Liga,25/26,Girona FC,Arnau Martínez,Defender,6.81,0.07,0.05,0.03,0.64,0.13,0.34,10.53,0.44,50.0,0.07,0.0,0.0,0.0,0.07,0.07,0.1,0.0,0.0,0.0,0.0,0.0,0.0,0.0,2.22,1.38,4.17,0.44,0.91,0.0,0.03,0.0,0.0,0.13,0.24,0.1,0.0,0.81,47.99,40.9,7.09,85.22,23.12,17.78,9.54,0.27,16.0,2.25,43.51,35,33,2678,0.2,0.0,0.81,1.01,11.02,0.6,4.81,55.43,3.66,57.37,1.14,50.0
204,542634,La Liga,25/26,Rayo Vallecano,Pacha,Defender,6.81,0.12,0.1,0.18,1.21,0.54,0.36,10.0,1.02,58.62,0.06,0.06,0.0,0.12,0.0,0.0,0.6,0.06,0.0,0.0,0.0,0.0,0.0,0.0,3.13,0.9,1.93,0.3,2.05,0.0,0.12,0.06,0.0,0.06,0.42,0.0,0.0,1.15,35.45,25.26,10.19,71.26,11.03,14.23,8.08,0.6,20.0,1.63,38.03,30,15,1493,0.18,0.0,1.45,1.81,17.66,0.78,7.05,54.93,5.97,55.93,1.09,50.0
205,1526628,La Liga,25/26,Celta Vigo,Fer López,Midfielder,6.81,0.08,0.12,0.23,1.0,0.38,0.31,7.69,1.69,59.46,0.08,0.0,0.0,0.08,0.0,0.08,0.08,0.0,0.0,0.0,0.0,0.0,0.0,0.0,1.53,0.61,0.69,0.15,0.92,0.08,0.15,0.0,0.0,0.08,0.23,0.08,0.08,1.0,44.85,38.64,6.21,86.15,15.72,22.92,12.04,0.38,27.78,2.07,61.36,17,13,1174,0.23,0.0,1.84,1.38,12.57,1.3,4.98,46.1,4.6,47.62,0.38,33.33
206,847128,La Liga,25/26,Real Betis,Marc Roca,Midfielder,6.81,0.04,0.06,0.09,0.76,0.31,0.27,5.88,0.49,73.33,0.0,0.04,0.0,0.0,0.04,0.04,0.0,0.0,0.0,0.0,0.0,0.0,0.0,0.0,1.69,1.02,1.73,0.4,1.02,0.0,0.0,0.0,0.0,0.22,0.13,0.04,0.04,0.84,47.73,42.04,5.69,88.08,21.51,20.53,9.02,0.13,27.27,2.18,55.06,29,23,2025,0.04,0.0,1.87,1.02,8.0,0.76,3.6,44.75,3.2,46.15,0.4,36.0
207,1126447,La Liga,25/26,Elche,Lucas Cepeda,Midfielder,6.81,0.22,0.2,0.22,2.89,1.11,1.11,7.69,1.11,38.46,0.22,0.0,0.0,0.22,0.0,0.0,0.22,0.0,0.0,0.0,0.0,0.0,0.22,0.0,2.0,0.22,0.0,0.22,1.11,0.0,0.0,0.0,0.0,0.0,0.0,0.0,0.0,1.33,34.89,29.33,5.56,84.08,7.11,22.22,13.56,1.78,47.06,0.89,80.0,10,4,405,0.22,0.0,1.56,2.22,12.22,0.67,5.56,47.17,5.33,51.06,0.22,16.67
208,1122610,La Liga,25/26,Valencia,Javier Guerra,Midfielder,6.81,0.17,0.14,0.13,1.34,0.52,0.43,12.9,1.12,41.94,0.17,0.0,0.0,0.09,0.09,0.04,0.09,0.0,0.0,0.0,0.0,0.0,0.09,0.0,1.25,1.04,1.08,0.26,1.08,0.0,0.0,0.0,0.0,0.09,0.26,0.26,0.0,1.38,42.28,34.47,7.81,81.53,16.48,17.99,9.28,0.47,24.44,2.11,50.0,36,25,2086,0.13,0.0,1.21,0.86,15.01,1.51,3.84,39.56,3.24,37.88,0.6,51.85
209,826004,La Liga,25/26,Mallorca,Manu Morlanes,Midfielder,6.81,0.15,0.1,0.05,0.65,0.2,0.25,23.08,0.4,66.67,0.15,0.0,0.0,0.0,0.15,0.05,0.0,0.0,0.0,0.0,0.0,0.0,0.0,0.0,2.82,0.96,1.11,0.1,1.26,0.0,0.0,0.0,0.0,0.05,0.1,0.0,0.0,0.86,47.67,42.58,5.08,89.33,18.52,24.06,12.13,0.1,18.18,1.96,59.09,32,22,1788,0.15,0.05,1.41,0.6,7.6,0.7,4.48,50.86,3.83,52.41,0.65,43.33
210,1014595,La Liga,25/26,Elche,Marc Aguado,Midfielder,6.81,0.04,0.01,0.0,0.11,0.07,0.0,33.33,0.0,0.0,0.04,0.0,0.0,0.0,0.04,0.0,0.0,0.0,0.0,0.0,0.0,0.0,0.0,0.0,1.71,1.53,1.96,0.75,0.36,0.0,0.0,0.0,0.0,0.0,0.04,0.07,0.0,0.39,47.36,43.0,4.35,90.81,21.52,21.48,7.92,0.07,100.0,1.07,45.45,35,30,2522,0.11,0.0,0.89,0.82,5.17,0.21,2.82,57.66,2.5,63.06,0.32,34.62
211,1010656,La Liga,25/26,Levante UD,Carlos Álvarez,Midfielder,6.81,0.14,0.13,0.09,1.42,0.52,0.38,10.0,0.9,33.33,0.09,0.05,0.0,0.14,0.0,0.14,0.09,0.05,0.0,0.0,0.0,0.05,0.24,20.0,1.04,0.61,0.28,0.05,1.04,0.0,0.05,0.0,0.0,0.05,0.28,0.05,0.0,1.89,30.96,25.06,5.9,80.95,8.16,16.9,10.67,0.47,18.18,1.04,70.97,30,23,1907,0.14,0.0,1.04,2.31,14.82,1.56,4.39,41.52,4.2,44.06,0.19,18.18
212,857482,La Liga,25/26,Valencia,Filip Ugrinić,Midfielder,6.8,0.0,0.06,0.0,1.19,0.18,0.54,0.0,1.07,69.23,0.0,0.0,0.0,0.0,0.0,0.0,0.36,0.0,0.0,0.0,0.0,0.0,0.06,0.0,1.49,0.65,1.96,0.24,0.65,0.0,0.0,0.0,0.0,0.0,0.36,0.18,0.0,1.37,38.96,32.66,6.31,83.82,14.87,17.79,9.34,1.01,29.31,1.73,53.7,27,17,1513,0.18,0.0,1.01,0.77,12.61,0.77,4.28,54.96,3.33,54.37,0.95,57.14
213,960006,La Liga,25/26,Sevilla,Lucien Agoumé,Midfielder,6.8,0.03,0.03,0.0,0.5,0.07,0.23,6.67,0.37,50.0,0.0,0.03,0.0,0.03,0.0,0.0,0.27,0.0,0.0,0.0,0.0,0.0,0.0,0.0,2.34,1.6,1.34,0.17,0.6,0.03,0.03,0.0,0.0,0.07,0.27,0.1,0.03,0.97,43.55,35.29,8.25,81.04,15.81,19.48,11.1,0.1,15.0,2.24,47.86,34,31,2693,0.4,0.0,1.94,0.53,11.66,0.7,5.05,50.67,3.24,47.78,1.8,56.84
214,985329,La Liga,25/26,Osasuna,Aimar Oroz,Midfielder,6.8,0.0,0.07,0.0,1.21,0.17,0.42,0.0,1.25,52.63,0.0,0.0,0.0,0.0,0.0,0.0,0.04,0.0,0.0,0.0,0.0,0.0,0.13,0.0,1.55,0.42,0.63,0.04,0.71,0.0,0.04,0.0,0.0,0.04,0.21,0.08,0.0,1.59,35.51,28.31,7.19,79.74,9.45,18.86,12.04,0.5,37.5,1.3,68.89,31,26,2152,0.25,0.0,1.38,2.8,13.88,2.01,6.82,50.78,5.56,51.75,1.25,46.88
215,260031,La Liga,25/26,Osasuna,Rubén García,Midfielder,6.8,0.08,0.1,0.12,1.24,0.4,0.48,6.45,0.72,47.37,0.0,0.08,0.0,0.08,0.0,0.04,0.04,0.0,0.0,0.0,0.0,0.04,0.28,14.29,2.0,0.68,0.88,0.08,1.28,0.0,0.0,0.0,0.0,0.0,0.32,0.2,0.0,1.76,33.16,26.36,6.81,79.47,9.77,16.58,9.17,2.0,32.47,2.0,57.47,35,28,2247,0.24,0.0,1.44,1.08,14.58,0.84,4.73,43.54,3.81,47.26,0.92,32.86
216,1100646,La Liga,25/26,Elche,Martim Neto,Midfielder,6.8,0.13,0.06,0.07,0.8,0.27,0.4,16.67,1.4,67.74,0.07,0.07,0.0,0.0,0.13,0.0,0.0,0.0,0.0,0.0,0.0,0.0,0.0,0.0,1.4,0.13,0.87,0.07,0.73,0.07,0.0,0.0,0.0,0.07,0.27,0.33,0.0,1.66,40.07,35.21,4.86,87.87,11.92,23.3,14.31,0.67,29.41,0.73,52.38,25,15,1352,0.2,0.0,1.2,0.73,10.78,1.07,3.86,48.33,3.53,49.53,0.33,38.46
217,1082981,La Liga,25/26,Mallorca,Pablo Torre,Midfielder,6.8,0.22,0.1,0.16,1.37,0.66,0.38,16.0,0.88,45.71,0.11,0.11,0.0,0.16,0.05,0.05,0.05,0.0,0.0,0.0,0.0,0.0,0.22,0.0,1.21,0.49,0.71,0.11,1.04,0.0,0.05,0.0,0.0,0.0,0.22,0.22,0.0,1.92,44.15,37.55,6.6,85.06,12.92,24.63,13.3,1.15,23.6,1.87,59.65,35,19,1637,0.22,0.0,1.59,1.98,14.51,0.99,4.45,42.63,4.07,46.84,0.38,21.88
218,997033,La Liga,25/26,Sevilla,Peque Fernández,Midfielder,6.8,0.18,0.09,0.0,1.33,0.53,0.44,13.33,1.6,40.91,0.18,0.0,0.0,0.0,0.18,0.09,0.09,0.0,0.0,0.0,0.0,0.0,0.0,0.0,1.16,0.09,0.18,0.09,0.89,0.0,0.0,0.0,0.0,0.0,0.0,0.09,0.0,1.33,32.37,26.32,6.05,81.32,8.98,17.34,10.32,0.36,14.29,1.42,64.0,26,12,1012,0.71,0.0,1.33,4.27,13.87,1.33,8.54,54.86,7.03,55.24,1.51,53.13
219,944660,La Liga,25/26,Atlético Madrid,Thiago Almada,Midfielder,6.8,0.21,0.26,0.34,1.44,0.69,0.48,14.29,1.44,53.85,0.21,0.0,0.0,0.07,0.14,0.0,0.14,0.0,0.0,0.0,0.0,0.0,0.0,0.0,1.99,0.55,0.41,0.14,1.51,0.0,0.0,0.07,0.0,0.0,0.27,0.07,0.0,1.92,47.26,40.95,6.31,86.65,14.34,26.62,16.39,0.55,19.51,1.85,62.79,27,16,1312,0.14,0.07,0.89,1.1,13.58,1.37,4.87,45.81,4.53,47.48,0.34,31.25
220,1546404,La Liga,25/26,Real Madrid,Daniel Yañez,Midfielder,6.8,0.0,0.0,0.0,0.0,0.0,0.0,0.0,0.0,0.0,0.0,0.0,0.0,0.0,0.0,0.0,0.0,0.0,0.0,0.0,0.0,0.0,0.0,0.0,2.0,0.0,0.0,0.0,2.0,0.0,0.0,0.0,0.0,0.0,2.0,2.0,0.0,4.0,40.0,36.0,4.0,90.0,6.0,30.0,10.0,2.0,100.0,0.0,0.0,2,0,45,0.0,0.0,0.0,8.0,8.0,2.0,12.0,60.0,10.0,62.5,2.0,50.0
221,911853,La Liga,25/26,Villarreal,Logan Costa,Defender,6.8,0.0,0.0,0.0,0.0,0.0,0.0,0.0,0.0,0.0,0.0,0.0,0.0,0.0,0.0,0.0,0.0,0.0,0.0,0.0,0.0,0.0,0.0,0.0,3.21,0.0,3.21,0.0,0.0,0.0,0.0,0.0,0.0,0.0,0.0,0.0,0.0,3.21,83.57,80.36,3.21,96.15,57.86,22.5,12.86,0.0,0.0,6.43,100.0,2,0,28,0.0,0.0,3.21,0.0,3.21,0.0,3.21,50.0,3.21,50.0,0.0,0.0
222,909966,La Liga,25/26,Valencia,Largie Ramazani,Forward,6.8,0.43,0.5,0.29,3.67,1.37,1.08,11.76,1.58,40.0,0.43,0.0,0.0,0.14,0.29,0.07,0.14,0.0,0.22,0.22,100.0,0.0,0.07,0.0,1.01,1.01,0.58,0.0,0.94,0.0,0.14,0.07,0.0,0.0,0.29,0.07,0.0,1.15,22.68,16.85,5.83,74.29,6.34,10.51,7.56,0.5,24.14,0.65,52.94,27,11,1250,0.29,0.0,1.22,1.44,15.34,2.45,4.25,35.76,4.03,37.09,0.22,21.43
223,1010421,La Liga,25/26,Rayo Vallecano,Josep Chavarría,Defender,6.8,0.03,0.02,0.03,0.6,0.1,0.27,5.56,0.57,38.64,0.0,0.03,0.0,0.03,0.0,0.0,0.1,0.0,0.0,0.0,0.0,0.0,0.0,0.0,1.81,1.04,2.89,0.47,0.5,0.03,0.13,0.07,0.0,0.3,0.17,0.07,0.0,0.91,42.9,36.29,6.61,84.59,19.37,16.92,8.56,0.54,16.49,1.98,40.97,33,29,2681,0.13,0.03,1.11,1.17,13.9,0.54,4.3,51.82,3.56,54.64,0.74,41.51
224,896073,La Liga,25/26,Deportivo Alavés,Nahuel Tenaglia,Defender,6.8,0.06,0.05,0.03,0.67,0.22,0.31,8.33,0.28,43.48,0.06,0.0,0.0,0.03,0.03,0.06,0.14,0.03,0.0,0.0,0.0,0.0,0.0,0.0,1.83,1.28,5.0,0.83,0.42,0.06,0.03,0.03,0.0,0.14,0.03,0.0,0.0,0.19,37.87,32.73,5.14,86.43,21.15,11.59,3.47,0.08,17.65,2.28,45.81,36,36,3239,0.08,0.0,0.86,1.17,7.39,0.25,4.58,58.51,3.28,63.78,1.31,48.45
225,1496360,La Liga,25/26,Levante UD,Matias Moreno,Defender,6.8,0.0,0.04,0.08,0.4,0.0,0.2,0.0,0.16,50.0,0.0,0.0,0.0,0.0,0.0,0.04,0.08,0.0,0.0,0.0,0.0,0.0,0.0,0.0,1.31,1.47,5.12,0.75,0.28,0.04,0.0,0.0,0.0,0.32,0.04,0.0,0.0,0.32,43.17,37.06,6.12,85.83,25.7,11.36,3.85,0.04,33.33,2.34,46.09,28,27,2266,0.32,0.0,0.91,0.91,7.27,0.2,4.33,59.24,2.34,61.46,1.99,56.82
226,1008259,La Liga,25/26,Celta Vigo,Javier Rueda,Defender,6.8,0.13,0.08,0.13,0.7,0.19,0.38,18.18,1.34,51.22,0.13,0.0,0.0,0.0,0.13,0.0,0.19,0.06,0.0,0.0,0.0,0.0,0.0,0.0,1.28,1.34,2.11,0.38,0.51,0.0,0.0,0.0,0.0,0.06,0.45,0.38,0.0,0.89,33.96,25.98,7.98,76.5,9.51,16.47,9.19,0.32,17.24,1.34,40.38,26,16,1410,0.38,0.0,1.6,1.34,14.74,0.38,4.47,47.3,3.96,51.67,0.51,28.57
227,814023,La Liga,25/26,Valencia,Eray Cömert,Defender,6.8,0.13,0.08,0.0,0.74,0.2,0.34,18.18,0.0,0.0,0.13,0.0,0.07,0.0,0.07,0.0,0.07,0.0,0.0,0.0,0.0,0.0,0.0,0.0,1.75,1.34,5.91,0.4,0.54,0.0,0.2,0.0,0.0,0.2,0.07,0.07,0.0,0.4,53.7,46.11,7.6,85.86,33.14,12.97,4.03,0.07,100.0,2.76,39.81,17,15,1339,0.2,0.07,0.6,0.87,8.54,0.07,3.76,63.64,2.62,68.42,1.14,54.84
228,1534422,La Liga,25/26,Sevilla,Oso,Midfielder,6.79,0.13,0.08,0.06,1.09,0.51,0.32,11.76,1.09,54.84,0.13,0.0,0.0,0.0,0.13,0.13,0.26,0.0,0.0,0.0,0.0,0.0,0.06,0.0,1.72,0.45,1.09,0.19,0.96,0.0,0.06,0.06,0.0,0.06,0.19,0.19,0.0,1.34,28.17,21.27,6.9,75.51,8.94,12.33,7.6,1.21,21.59,1.15,46.15,21,14,1409,0.06,0.0,0.77,1.02,16.35,0.83,4.79,52.08,3.83,53.1,0.96,48.39
229,17651,La Liga,25/26,Real Oviedo,Santi Cazorla,Midfielder,6.79,0.0,0.03,0.0,0.67,0.1,0.48,0.0,1.24,61.9,0.0,0.0,0.0,0.0,0.0,0.1,0.0,0.0,0.0,0.0,0.0,0.0,0.1,0.0,1.63,0.38,0.67,0.29,1.05,0.0,0.1,0.0,0.0,0.0,0.29,0.1,0.0,2.59,51.99,44.9,7.09,86.37,16.76,28.15,15.22,1.63,23.61,4.31,66.18,28,6,940,0.19,0.1,0.57,1.82,17.04,1.05,5.27,58.51,4.69,59.04,0.57,54.55
230,588566,La Liga,25/26,Rayo Vallecano,Unai López,Midfielder,6.79,0.0,0.05,0.06,1.22,0.22,0.33,0.0,0.72,59.09,0.0,0.0,0.0,0.0,0.0,0.11,0.06,0.0,0.0,0.0,0.0,0.0,0.06,0.0,1.72,1.22,1.28,0.17,1.0,0.0,0.17,0.0,0.0,0.22,0.22,0.22,0.0,2.0,59.0,51.13,7.87,86.65,26.17,24.95,11.92,0.78,21.88,4.16,54.35,28,19,1623,0.28,0.06,2.05,0.78,13.09,0.72,3.83,44.81,3.22,43.28,0.61,55.0
231,1154935,La Liga,25/26,Celta Vigo,Hugo Álvarez,Midfielder,6.79,0.27,0.18,0.2,0.94,0.54,0.2,28.57,1.07,39.02,0.27,0.0,0.0,0.07,0.2,0.0,0.13,0.0,0.0,0.0,0.0,0.0,0.0,0.0,1.01,0.67,0.6,0.0,0.67,0.0,0.0,0.0,0.0,0.07,0.34,0.13,0.0,1.68,40.88,34.98,5.9,85.57,10.19,24.8,15.28,0.27,16.67,0.94,66.67,28,15,1343,0.13,0.0,1.07,1.14,13.13,0.94,3.28,40.5,3.22,43.24,0.07,10.0
232,973290,La Liga,25/26,Villarreal,Tajon Buchanan,Midfielder,6.79,0.34,0.1,0.1,1.32,0.54,0.49,25.93,1.03,31.82,0.2,0.15,0.0,0.05,0.29,0.0,0.39,0.0,0.0,0.0,0.0,0.0,0.0,0.0,1.37,1.03,0.78,0.1,0.78,0.0,0.0,0.0,0.0,0.05,0.25,0.05,0.05,0.83,22.86,18.59,4.27,81.33,5.98,12.6,7.36,0.2,11.76,0.49,37.04,34,21,1835,0.39,0.0,0.88,1.77,12.9,1.37,4.32,42.93,4.17,44.5,0.15,21.43
233,799054,La Liga,25/26,Sevilla,Djibril Sow,Midfielder,6.79,0.21,0.07,0.04,0.78,0.33,0.29,26.32,0.29,50.0,0.21,0.0,0.04,0.04,0.12,0.0,0.12,0.0,0.0,0.0,0.0,0.0,0.0,0.0,1.85,0.9,0.37,0.08,0.33,0.0,0.16,0.04,0.0,0.04,0.08,0.16,0.0,0.98,38.95,34.69,4.26,89.05,17.71,16.97,8.41,0.45,50.0,1.76,69.35,33,27,2195,0.25,0.0,1.72,1.19,6.72,0.33,3.94,51.06,3.32,56.64,0.62,33.33
234,1002764,La Liga,25/26,Celta Vigo,Sergio Carreira,Midfielder,6.79,0.07,0.05,0.07,0.53,0.23,0.13,12.5,0.87,48.15,0.07,0.0,0.0,0.0,0.07,0.03,0.07,0.0,0.0,0.0,0.0,0.0,0.0,0.0,1.07,0.84,2.17,0.1,0.4,0.0,0.0,0.03,0.0,0.17,0.03,0.03,0.0,0.63,50.46,43.08,7.39,85.36,20.32,22.76,11.33,0.17,16.67,1.9,47.9,34,29,2693,0.07,0.0,0.67,1.2,11.9,0.47,3.48,51.74,3.11,55.69,0.37,32.35
235,973536,La Liga,25/26,Getafe,Martín Satriano,Forward,6.79,0.34,0.24,0.06,1.96,0.79,0.73,17.14,1.4,40.98,0.22,0.11,0.06,0.06,0.22,0.0,0.22,0.0,0.0,0.0,0.0,0.0,0.0,0.0,1.29,0.5,1.01,0.11,0.5,0.0,0.0,0.0,0.0,0.28,0.28,0.06,0.0,0.84,20.65,13.35,7.29,64.67,3.98,9.37,6.23,0.34,28.57,0.45,40.0,18,18,1604,0.28,0.0,1.18,1.74,15.99,2.08,6.73,41.1,4.43,43.65,2.3,36.94
236,910024,La Liga,25/26,Rayo Vallecano,Sergio Camello,Forward,6.79,0.54,0.33,0.54,2.93,1.52,0.87,18.52,1.84,51.52,0.43,0.11,0.0,0.22,0.33,0.11,0.22,0.0,0.0,0.0,0.0,0.0,0.0,0.0,1.19,0.33,0.0,0.0,0.54,0.0,0.11,0.0,0.0,0.0,0.22,0.11,0.0,1.84,23.64,19.3,4.34,81.65,7.48,11.82,7.37,0.11,33.33,0.54,62.5,22,8,830,0.33,0.11,0.87,1.52,12.25,2.39,4.88,42.86,4.45,45.05,0.43,28.57
237,309078,La Liga,25/26,Atlético Madrid,Alexander Sørloth,Forward,6.79,0.59,0.46,0.82,3.09,1.59,0.91,19.12,0.45,35.71,0.59,0.0,0.23,0.27,0.09,0.14,0.5,0.0,0.0,0.0,0.0,0.0,0.0,0.0,0.64,0.0,1.14,0.09,0.27,0.0,0.0,0.05,0.0,0.0,0.09,0.0,0.0,0.45,19.31,13.13,6.18,68.0,4.45,8.68,5.72,0.09,18.18,0.23,55.56,35,20,1981,0.18,0.05,1.36,0.73,11.81,1.32,6.09,47.52,1.82,33.06,4.27,58.39
238,1129360,La Liga,25/26,Espanyol,Clemens Riedel,Defender,6.79,0.0,0.01,0.0,0.19,0.06,0.06,0.0,0.06,100.0,0.0,0.0,0.0,0.0,0.0,0.0,0.13,0.0,0.0,0.0,0.0,0.0,0.0,0.0,1.8,0.71,6.42,0.39,0.39,0.0,0.06,0.0,0.0,0.26,0.0,0.06,0.0,0.26,52.13,46.03,6.1,88.3,34.99,11.04,3.08,0.06,50.0,2.95,46.46,20,16,1402,0.32,0.0,1.48,0.45,7.19,0.13,4.49,53.85,2.25,53.85,2.25,53.85
239,138572,La Liga,25/26,Real Madrid,Dani Carvajal,Defender,6.79,0.0,0.03,0.09,0.46,0.09,0.28,0.0,0.18,50.0,0.0,0.0,0.0,0.0,0.0,0.09,0.0,0.0,0.0,0.0,0.0,0.0,0.0,0.0,1.29,0.55,1.94,0.65,1.2,0.0,0.09,0.09,0.0,0.18,0.46,0.09,0.0,1.01,48.78,44.91,3.87,92.06,21.12,23.79,11.34,0.28,27.27,2.21,82.76,17,10,976,0.0,0.0,0.65,0.83,7.1,0.28,2.77,49.18,2.31,51.02,0.46,41.67
240,345333,La Liga,25/26,Real Oviedo,David Costas,Defender,6.79,0.04,0.04,0.09,0.22,0.04,0.17,20.0,0.3,77.78,0.04,0.0,0.0,0.0,0.04,0.04,0.13,0.0,0.0,0.0,0.0,0.0,0.0,0.0,1.13,1.17,4.94,0.78,0.39,0.13,0.0,0.0,0.0,0.3,0.04,0.0,0.0,0.22,44.46,39.51,4.94,88.88,29.93,9.59,2.6,0.0,0.0,4.08,58.75,25,22,2075,0.13,0.0,0.69,0.43,5.81,0.13,3.9,60.81,1.73,60.61,2.17,60.98
241,824200,La Liga,25/26,Atlético Madrid,Ademola Lookman,Forward,6.78,0.58,0.6,0.29,3.04,0.72,1.45,19.05,1.01,50.0,0.58,0.0,0.14,0.0,0.43,0.14,1.01,0.0,0.14,0.14,100.0,0.0,0.0,0.0,0.72,0.14,0.0,0.0,0.29,0.0,0.0,0.0,0.0,0.0,0.29,0.0,0.0,1.45,26.48,21.99,4.49,83.06,5.06,16.93,9.98,0.29,16.67,0.14,33.33,12,9,622,0.14,0.0,1.01,1.45,10.71,2.03,3.47,41.38,3.18,44.0,0.29,25.0
242,952222,La Liga,25/26,Levante UD,Víctor García,Midfielder,6.78,0.17,0.17,0.09,1.62,0.68,0.6,10.53,1.11,43.33,0.09,0.09,0.0,0.0,0.17,0.0,0.26,0.0,0.0,0.0,0.0,0.0,0.09,0.0,1.88,0.85,1.28,0.34,0.6,0.0,0.09,0.0,0.0,0.0,0.17,0.09,0.0,1.19,25.06,19.09,5.97,76.19,7.84,11.25,5.88,1.28,23.08,0.77,31.03,21,12,1056,0.09,0.0,1.11,0.94,15.0,0.6,5.03,50.0,3.84,51.72,1.19,45.16
243,81992,La Liga,25/26,Espanyol,Leandro Cabrera,Defender,6.78,0.08,0.08,0.14,1.08,0.32,0.43,7.5,0.16,75.0,0.08,0.0,0.08,0.0,0.0,0.05,0.03,0.03,0.0,0.0,0.0,0.0,0.0,0.0,0.97,0.7,5.89,0.76,0.54,0.03,0.03,0.0,0.03,0.24,0.03,0.0,0.0,0.3,40.84,32.84,8.0,80.41,21.41,11.43,3.92,0.08,15.0,2.89,40.23,37,37,3330,0.11,0.0,1.0,0.24,9.27,0.14,4.19,56.99,1.32,44.95,2.86,65.03
244,190159,La Liga,25/26,Elche,André Silva,Forward,6.78,0.48,0.51,0.39,2.76,1.4,0.63,17.54,0.68,41.18,0.48,0.0,0.05,0.15,0.29,0.0,0.29,0.05,0.15,0.15,100.0,0.0,0.19,0.0,0.68,0.24,0.92,0.05,0.78,0.0,0.0,0.0,0.0,0.1,0.05,0.0,0.0,1.07,24.03,18.84,5.18,78.43,5.43,13.42,8.23,0.0,0.0,0.34,50.0,31,22,1858,0.15,0.0,1.16,1.65,11.67,1.84,4.21,38.33,3.0,39.49,1.21,35.71
245,345195,La Liga,25/26,Villarreal,Ayoze Pérez,Forward,6.78,0.4,0.43,0.4,1.92,0.88,0.48,20.83,1.04,33.33,0.4,0.0,0.0,0.24,0.16,0.08,0.4,0.0,0.08,0.08,100.0,0.0,0.0,0.0,1.76,0.32,0.72,0.0,0.64,0.0,0.0,0.0,0.0,0.0,0.24,0.32,0.0,1.28,20.44,15.49,4.95,75.78,5.51,9.98,6.55,0.08,11.11,0.4,50.0,25,12,1127,0.32,0.0,1.36,1.84,12.54,2.16,5.75,40.22,4.55,42.22,1.2,34.09
246,1087359,La Liga,25/26,Villarreal,Renato Veiga,Defender,6.78,0.0,0.01,0.0,0.33,0.11,0.11,0.0,0.0,0.0,0.0,0.0,0.0,0.0,0.0,0.0,0.11,0.0,0.0,0.0,0.0,0.0,0.0,0.0,0.69,0.83,5.65,1.09,0.43,0.0,0.04,0.04,0.0,0.18,0.0,0.0,0.0,0.11,55.92,49.44,6.48,88.41,36.0,13.44,4.78,0.0,0.0,3.22,47.34,32,27,2485,0.18,0.04,0.87,0.22,7.57,0.07,2.68,52.86,0.91,39.68,1.77,63.64
247,66492,La Liga,25/26,Real Madrid,David Alaba,Defender,6.78,0.0,0.05,0.0,0.84,0.21,0.42,0.0,0.0,0.0,0.0,0.0,0.0,0.0,0.0,0.0,0.0,0.0,0.0,0.0,0.0,0.0,0.21,0.0,1.05,0.0,3.79,1.05,0.42,0.0,0.0,0.0,0.0,0.21,0.0,0.0,0.0,0.0,81.59,76.12,5.47,93.3,48.36,27.76,6.31,0.0,0.0,2.1,41.67,11,5,428,0.21,0.0,0.21,0.0,6.73,0.0,2.52,57.14,1.05,62.5,1.47,53.85
248,827064,La Liga,25/26,Valencia,Arnaut Danjuma,Forward,6.77,0.17,0.26,0.44,1.99,0.77,0.77,8.33,1.49,42.19,0.17,0.0,0.0,0.0,0.17,0.17,0.28,0.06,0.06,0.0,0.0,0.0,0.0,0.0,0.72,0.11,0.33,0.06,0.33,0.0,0.0,0.0,0.0,0.0,0.33,0.11,0.0,0.94,21.68,16.82,4.87,77.55,6.31,10.51,5.64,0.89,32.65,1.11,71.43,30,18,1627,0.0,0.0,1.16,1.22,11.73,0.83,3.82,43.67,3.37,43.88,0.44,42.11
249,962890,La Liga,25/26,Celta Vigo,Ilaix Moriba,Midfielder,6.77,0.07,0.05,0.07,0.65,0.18,0.32,11.11,0.47,46.43,0.04,0.04,0.0,0.04,0.04,0.0,0.0,0.04,0.0,0.0,0.0,0.0,0.0,0.0,3.14,0.94,1.15,0.25,0.83,0.07,0.11,0.0,0.0,0.25,0.18,0.11,0.0,0.61,37.7,33.33,4.36,88.42,15.4,17.93,8.04,0.0,0.0,1.26,68.63,36,26,2495,0.29,0.0,1.44,2.09,7.68,0.83,6.24,56.72,5.7,61.24,0.54,31.91
250,1129401,La Liga,25/26,Real Betis,Nelson Deossa,Midfielder,6.77,0.0,0.06,0.0,2.2,0.0,1.47,0.0,3.55,78.38,0.0,0.0,0.0,0.0,0.0,0.0,0.12,0.0,0.0,0.0,0.0,0.0,0.0,0.0,1.71,0.61,1.35,0.0,0.98,0.0,0.24,0.0,0.0,0.12,0.12,0.0,0.0,0.98,39.13,32.65,6.48,83.44,10.64,22.01,12.47,0.0,0.0,1.1,60.0,20,8,736,0.37,0.0,2.2,2.93,12.72,2.2,11.49,60.26,8.19,56.78,3.3,71.05
251,785989,La Liga,25/26,Celta Vigo,Borja Iglesias,Forward,6.77,0.66,0.49,0.38,2.18,1.23,0.57,30.43,0.57,54.55,0.57,0.09,0.05,0.28,0.33,0.0,1.04,0.14,0.19,0.19,100.0,0.0,0.0,0.0,0.38,0.05,0.8,0.24,0.43,0.0,0.05,0.0,0.0,0.0,0.14,0.09,0.0,0.8,21.58,15.76,5.82,73.03,6.62,9.13,5.25,0.0,0.0,0.85,54.55,35,21,1902,0.33,0.0,1.8,1.42,11.4,1.61,3.26,38.33,2.37,35.97,0.9,46.34
252,980410,La Liga,25/26,Real Sociedad,Beñat Turrientes,Midfielder,6.77,0.0,0.05,0.0,1.32,0.4,0.59,0.0,1.32,62.5,0.0,0.0,0.0,0.0,0.0,0.07,0.0,0.0,0.0,0.0,0.0,0.0,0.0,0.0,2.63,0.59,1.71,0.4,0.99,0.07,0.0,0.0,0.0,0.07,0.07,0.2,0.0,0.79,45.89,39.63,6.25,86.37,19.42,20.21,8.36,0.13,22.22,1.71,60.47,27,16,1367,0.46,0.0,1.84,1.51,10.6,1.12,6.19,53.41,5.4,53.59,0.79,52.17
253,831799,La Liga,25/26,Atlético Madrid,Nahuel Molina,Defender,6.77,0.14,0.03,0.07,0.95,0.27,0.47,14.29,1.01,55.56,0.0,0.14,0.0,0.0,0.14,0.07,0.34,0.0,0.0,0.0,0.0,0.0,0.07,0.0,2.7,0.88,2.16,0.34,1.42,0.0,0.14,0.0,0.0,0.41,0.41,0.14,0.0,1.42,47.23,38.04,9.19,80.54,17.7,20.34,10.41,0.81,24.49,1.69,41.67,26,13,1332,0.27,0.0,0.95,0.34,17.09,0.54,4.53,49.26,4.05,52.63,0.47,31.82
254,934383,La Liga,25/26,Deportivo Alavés,Jon Pacheco,Defender,6.77,0.0,0.02,0.0,0.21,0.05,0.16,0.0,0.16,75.0,0.0,0.0,0.0,0.0,0.0,0.0,0.05,0.0,0.0,0.0,0.0,0.0,0.0,0.0,1.87,0.57,5.35,1.09,0.57,0.0,0.05,0.1,0.0,0.1,0.05,0.0,0.0,0.26,48.74,42.15,6.59,86.47,26.94,15.21,4.83,0.05,25.0,3.27,47.01,22,20,1734,0.21,0.05,0.73,0.36,7.63,0.16,4.52,61.7,2.34,60.81,2.18,62.69
255,1526627,La Liga,25/26,Celta Vigo,Javi Rodríguez,Defender,6.77,0.0,0.02,0.04,0.46,0.07,0.28,0.0,0.28,57.14,0.0,0.0,0.0,0.0,0.0,0.0,0.04,0.0,0.0,0.0,0.0,0.0,0.0,0.0,1.34,0.91,3.41,0.63,0.67,0.04,0.14,0.04,0.0,0.25,0.07,0.04,0.0,0.35,64.73,58.48,6.26,90.34,33.81,24.67,9.52,0.0,0.0,2.04,45.67,33,28,2561,0.18,0.0,1.16,1.16,7.7,0.35,3.69,50.72,2.74,54.17,0.95,42.86
256,838629,La Liga,25/26,Real Betis,Álvaro Fidalgo,Midfielder,6.77,0.16,0.08,0.0,0.66,0.33,0.33,25.0,0.49,60.0,0.16,0.0,0.0,0.0,0.16,0.0,0.16,0.0,0.0,0.0,0.0,0.0,0.0,0.0,1.97,0.49,1.48,0.0,1.81,0.0,0.0,0.0,0.0,0.0,0.0,0.0,0.0,0.66,51.5,47.88,3.62,92.97,19.74,28.14,13.82,0.16,16.67,1.32,66.67,9,8,547,0.0,0.0,0.33,0.99,7.24,0.82,3.62,44.9,3.46,51.22,0.16,12.5
257,965011,La Liga,25/26,Atlético Madrid,Matteo Ruggeri,Defender,6.77,0.0,0.01,0.0,0.25,0.1,0.1,0.0,0.25,27.78,0.0,0.0,0.0,0.0,0.0,0.0,0.05,0.0,0.0,0.0,0.0,0.0,0.0,0.0,1.83,1.01,3.3,0.15,1.22,0.0,0.0,0.0,0.0,0.25,0.25,0.15,0.05,1.32,45.18,39.19,5.98,86.76,18.0,21.19,12.98,1.47,32.95,1.72,55.74,26,20,1775,0.2,0.0,1.42,0.1,11.56,0.25,3.5,44.23,2.18,38.39,1.32,59.09
258,934351,La Liga,25/26,Espanyol,Miguel Rubio,Defender,6.77,0.4,0.29,0.0,0.8,0.4,0.4,50.0,0.4,100.0,0.4,0.0,0.0,0.0,0.4,0.0,0.0,0.0,0.0,0.0,0.0,0.0,0.0,0.0,1.59,0.4,11.55,1.99,0.0,0.0,0.0,0.0,0.0,0.0,0.0,0.0,0.0,0.0,29.07,22.3,6.77,76.71,17.52,4.78,0.4,0.0,0.0,0.8,33.33,12,1,226,0.0,0.0,0.4,0.4,7.57,0.0,7.96,68.97,2.39,85.71,5.58,63.64
259,1067582,La Liga,25/26,Osasuna,Enzo Boyomo,Defender,6.77,0.04,0.04,0.0,0.39,0.14,0.18,9.09,0.11,37.5,0.04,0.0,0.0,0.0,0.04,0.0,0.0,0.0,0.0,0.0,0.0,0.0,0.0,0.0,2.05,0.6,4.31,0.46,0.25,0.04,0.0,0.07,0.0,0.18,0.07,0.07,0.0,0.32,46.47,40.14,6.33,86.38,27.62,12.52,3.54,0.07,20.0,1.87,38.41,30,29,2545,0.25,0.0,1.17,0.18,7.99,0.32,3.64,53.09,2.33,55.93,1.31,48.68
260,345111,La Liga,25/26,Rayo Vallecano,Álvaro García,Midfielder,6.76,0.17,0.28,0.34,2.01,0.81,0.68,8.51,0.17,25.0,0.17,0.0,0.0,0.13,0.04,0.0,0.64,0.04,0.0,0.0,0.0,0.0,0.0,0.0,1.15,0.56,1.15,0.09,0.68,0.0,0.0,0.0,0.0,0.04,0.64,0.21,0.04,1.8,22.28,15.22,7.05,68.33,4.7,10.52,6.63,0.64,16.48,1.03,40.0,32,23,2105,0.13,0.0,0.81,0.51,13.21,0.38,2.35,38.73,1.8,42.86,0.56,29.55
261,814385,La Liga,25/26,Deportivo Alavés,Lucas Boyé,Forward,6.76,0.51,0.44,0.37,2.89,0.96,1.19,17.46,1.7,49.33,0.46,0.05,0.09,0.0,0.41,0.0,0.46,0.0,0.14,0.14,100.0,0.05,0.32,14.29,1.65,0.32,0.87,0.28,0.69,0.0,0.0,0.0,0.0,0.09,0.23,0.05,0.0,1.29,19.16,14.01,5.15,73.14,3.49,10.52,6.16,0.05,10.0,0.23,38.46,29,22,1959,0.09,0.05,2.62,1.79,16.4,3.22,6.62,36.64,5.15,39.16,1.47,29.91
262,41789,La Liga,25/26,FC Barcelona,Robert Lewandowski,Forward,6.76,0.76,0.77,0.87,3.42,1.58,1.09,22.22,0.49,50.0,0.76,0.0,0.22,0.16,0.33,0.16,0.92,0.0,0.16,0.05,33.33,0.0,0.0,0.0,0.27,0.16,1.09,0.0,0.49,0.0,0.0,0.0,0.0,0.16,0.22,0.11,0.0,0.76,18.1,14.57,3.53,80.48,5.0,9.57,5.6,0.0,0.0,0.27,38.46,31,17,1656,0.11,0.0,0.71,1.14,8.15,1.3,3.15,41.73,1.79,37.93,1.36,48.08
263,190405,La Liga,25/26,Real Oviedo,Leander Dendoncker,Midfielder,6.76,0.07,0.05,0.07,0.6,0.27,0.2,11.11,0.27,50.0,0.07,0.0,0.0,0.07,0.0,0.0,0.07,0.0,0.0,0.0,0.0,0.0,0.0,0.0,2.42,0.81,2.29,0.47,1.14,0.0,0.13,0.07,0.0,0.13,0.0,0.0,0.0,0.4,37.24,32.06,5.18,86.1,18.75,13.31,6.12,0.13,40.0,0.87,52.0,19,15,1339,0.13,0.0,0.81,0.2,7.66,0.4,4.44,53.66,2.89,53.09,1.55,54.76
264,944629,La Liga,25/26,Real Oviedo,Nicolas Fonseca,Midfielder,6.76,0.0,0.03,0.0,0.71,0.09,0.35,0.0,0.18,66.67,0.0,0.0,0.0,0.0,0.0,0.0,0.0,0.0,0.0,0.0,0.0,0.0,0.0,0.0,3.62,1.5,1.41,0.44,1.85,0.0,0.09,0.0,0.0,0.09,0.0,0.0,0.0,0.26,49.73,42.39,7.33,85.26,24.11,18.28,6.71,0.09,25.0,4.77,66.67,19,12,1019,0.53,0.0,2.38,1.06,9.63,0.62,5.3,48.78,4.77,50.47,0.53,37.5
265,822379,La Liga,25/26,Real Oviedo,Santiago Colombatto,Midfielder,6.76,0.0,0.03,0.0,0.65,0.09,0.39,0.0,0.22,71.43,0.0,0.0,0.0,0.0,0.0,0.0,0.04,0.0,0.0,0.0,0.0,0.0,0.09,0.0,1.91,0.61,1.78,0.26,0.74,0.0,0.17,0.0,0.0,0.17,0.13,0.04,0.0,1.04,44.33,38.11,6.22,85.97,21.14,16.96,8.83,0.83,28.36,1.61,46.25,32,23,2069,0.26,0.0,1.91,1.78,10.05,0.48,4.39,54.3,3.87,55.97,0.52,44.44
266,21949,La Liga,25/26,Rayo Vallecano,Óscar Trejo,Midfielder,6.76,0.0,0.11,0.0,0.65,0.65,0.0,0.0,0.65,50.0,0.0,0.0,0.0,0.0,0.0,0.0,0.0,0.0,0.0,0.0,0.0,0.0,0.0,0.0,3.88,0.0,1.29,0.0,2.59,0.0,0.0,0.0,0.0,0.0,0.65,0.65,0.0,4.53,68.63,60.22,8.42,87.74,18.78,41.44,24.6,2.59,50.0,1.94,60.0,7,1,139,1.29,0.0,1.94,3.24,20.07,1.29,8.42,52.0,7.77,54.55,0.65,33.33
267,1142591,La Liga,25/26,Atlético Madrid,Javier Boñar,Defender,6.75,0.3,0.1,0.0,0.6,0.3,0.3,50.0,0.3,14.29,0.3,0.0,0.3,0.0,0.0,0.0,0.0,0.0,0.0,0.0,0.0,0.0,0.0,0.0,1.51,0.0,4.23,0.3,0.91,0.0,0.0,0.0,0.0,0.0,0.0,0.0,0.0,0.6,40.77,34.43,6.34,84.44,18.12,16.31,6.95,0.0,0.0,0.91,25.0,4,3,298,0.0,0.0,0.6,0.6,11.17,0.91,3.32,39.29,2.42,36.36,0.91,50.0
268,1495844,La Liga,25/26,Athletic Club,Mikel Jauregizar,Midfielder,6.75,0.06,0.06,0.0,1.23,0.35,0.28,5.13,0.32,34.48,0.0,0.06,0.0,0.0,0.06,0.0,0.0,0.0,0.0,0.0,0.0,0.0,0.0,0.0,2.15,1.46,0.85,0.09,1.55,0.03,0.09,0.0,0.0,0.16,0.03,0.0,0.0,0.89,42.55,34.22,8.33,80.43,12.0,22.22,11.11,0.38,16.9,1.71,49.09,36,34,2843,0.13,0.03,1.55,1.08,13.58,0.95,5.0,46.75,3.55,43.58,1.46,56.79
269,1063015,La Liga,25/26,Espanyol,Tyrhys Dolan,Midfielder,6.75,0.07,0.09,0.07,1.26,0.44,0.37,5.88,1.3,41.18,0.07,0.0,0.0,0.0,0.07,0.04,0.19,0.07,0.0,0.0,0.0,0.0,0.0,0.0,2.11,0.67,0.52,0.07,0.81,0.0,0.0,0.0,0.0,0.04,0.26,0.19,0.0,1.18,20.55,17.14,3.41,83.42,5.48,11.66,6.59,0.81,20.95,0.15,26.67,36,28,2431,0.19,0.04,1.37,1.7,13.4,1.26,5.48,48.21,5.11,50.74,0.37,28.57
270,1391616,La Liga,25/26,Girona FC,Joel Roca,Midfielder,6.75,0.18,0.22,0.3,2.91,0.97,0.91,6.25,2.25,41.57,0.12,0.06,0.0,0.0,0.18,0.06,0.24,0.06,0.0,0.0,0.0,0.0,0.0,0.0,1.4,0.12,0.85,0.06,0.91,0.0,0.06,0.0,0.0,0.0,0.12,0.06,0.0,0.97,23.2,19.31,3.89,83.25,5.47,13.85,9.23,0.18,8.82,0.3,50.0,32,16,1482,0.24,0.06,0.85,2.73,14.45,1.82,6.68,46.03,6.38,49.07,0.3,20.0
271,949156,La Liga,25/26,Real Sociedad,Luka Sučić,Midfielder,6.75,0.27,0.18,0.27,2.03,0.62,0.8,13.04,1.24,56.0,0.18,0.09,0.0,0.27,0.0,0.09,0.09,0.0,0.0,0.0,0.0,0.0,0.0,0.0,1.68,0.44,1.33,0.09,0.8,0.0,0.09,0.0,0.0,0.0,0.0,0.09,0.0,0.8,40.93,32.53,8.4,79.48,13.53,19.01,8.13,0.0,0.0,3.01,62.96,22,10,1018,0.09,0.0,0.97,0.53,12.91,1.41,4.86,45.83,3.45,45.88,1.41,45.71
272,1905699,La Liga,25/26,Mallorca,Jan Salas,Midfielder,6.75,0.0,0.0,0.0,0.0,0.0,0.0,0.0,5.62,100.0,0.0,0.0,0.0,0.0,0.0,0.0,0.0,0.0,0.0,0.0,0.0,0.0,0.0,0.0,0.0,0.0,5.62,0.0,0.0,0.0,0.0,0.0,0.0,0.0,0.0,0.0,0.0,0.0,56.25,33.75,22.5,60.0,5.62,28.12,16.88,0.0,0.0,11.25,100.0,2,0,16,0.0,0.0,0.0,5.62,28.12,5.62,16.88,75.0,11.25,66.67,5.62,100.0
273,175185,La Liga,25/26,Espanyol,Pere Milla,Midfielder,6.75,0.32,0.32,0.36,2.67,0.95,1.22,11.86,0.5,45.83,0.32,0.0,0.14,0.14,0.05,0.0,0.45,0.0,0.0,0.0,0.0,0.0,0.32,0.0,1.67,0.81,0.95,0.14,1.67,0.0,0.0,0.0,0.0,0.05,0.23,0.05,0.0,1.54,24.16,17.29,6.88,71.54,6.7,10.59,6.38,0.36,22.22,0.86,46.34,33,24,1989,0.27,0.05,1.09,1.72,12.17,1.27,4.8,44.17,3.76,45.36,1.04,40.35
274,1216309,La Liga,25/26,Real Sociedad,Jon Gorrotxategi,Midfielder,6.75,0.04,0.03,0.0,0.53,0.04,0.24,7.69,0.41,58.82,0.04,0.0,0.0,0.0,0.04,0.0,0.0,0.0,0.0,0.0,0.0,0.0,0.0,0.0,1.83,1.42,1.83,0.53,0.98,0.0,0.16,0.0,0.04,0.04,0.08,0.12,0.0,0.73,53.19,46.24,6.95,86.94,23.57,22.67,8.94,0.0,0.0,1.5,53.62,30,26,2215,0.24,0.0,1.3,1.1,9.3,0.77,4.55,48.91,3.33,50.0,1.22,46.15
275,872919,La Liga,25/26,Sevilla,Rubén Vargas,Midfielder,6.75,0.17,0.18,0.0,2.29,0.45,0.9,7.32,1.18,43.75,0.11,0.06,0.0,0.11,0.06,0.0,0.39,0.0,0.06,0.06,100.0,0.0,0.11,0.0,1.06,0.39,0.73,0.06,0.56,0.0,0.17,0.0,0.0,0.0,0.22,0.34,0.0,1.57,31.4,22.95,8.45,73.08,8.79,14.16,8.96,1.34,26.67,1.4,53.19,24,20,1608,0.11,0.0,0.73,0.95,18.58,1.01,4.31,49.04,3.19,47.11,1.12,55.56
276,892235,La Liga,25/26,Real Oviedo,David Carmo,Defender,6.75,0.05,0.05,0.0,0.5,0.15,0.25,10.0,0.1,66.67,0.05,0.0,0.0,0.05,0.0,0.0,0.0,0.0,0.0,0.0,0.0,0.0,0.0,0.0,1.71,1.06,7.5,0.91,0.6,0.1,0.05,0.05,0.0,0.15,0.05,0.0,0.0,0.35,51.22,42.2,9.02,82.4,30.07,12.14,4.13,0.05,50.0,5.29,47.95,22,20,1787,0.3,0.05,1.01,0.2,9.77,0.1,5.09,61.96,1.96,54.17,3.12,68.13
277,580550,La Liga,25/26,Atlético Madrid,Clément Lenglet,Defender,6.75,0.0,0.03,0.0,0.32,0.0,0.26,0.0,0.19,100.0,0.0,0.0,0.0,0.0,0.0,0.0,0.0,0.0,0.0,0.0,0.0,0.0,0.0,0.0,1.36,1.42,4.72,0.39,0.58,0.06,0.0,0.0,0.0,0.32,0.13,0.06,0.0,0.26,59.7,52.4,7.3,87.77,32.05,20.35,6.53,0.0,0.0,6.27,60.63,19,17,1393,0.26,0.06,1.42,0.45,8.08,0.06,3.88,52.63,1.94,50.85,1.94,54.55
278,997280,La Liga,25/26,Osasuna,Raúl García de Haro,Forward,6.74,0.6,0.56,0.52,3.37,1.99,0.86,17.95,1.3,48.39,0.52,0.09,0.09,0.09,0.43,0.0,0.6,0.0,0.0,0.0,0.0,0.09,0.17,50.0,1.3,0.6,1.38,0.17,0.26,0.0,0.0,0.0,0.0,0.09,0.09,0.09,0.0,1.04,20.21,13.56,6.65,67.09,4.84,8.72,3.97,0.35,44.44,0.6,87.5,36,6,1042,0.17,0.09,1.04,1.3,12.87,1.55,7.34,50.0,3.89,47.87,3.45,52.63
279,1126779,La Liga,25/26,Celta Vigo,Williot Swedberg,Midfielder,6.74,0.35,0.3,0.28,1.63,0.85,0.35,21.74,0.71,37.04,0.35,0.0,0.07,0.07,0.21,0.0,0.43,0.0,0.0,0.0,0.0,0.0,0.0,0.0,1.99,0.28,0.5,0.14,1.21,0.0,0.0,0.0,0.0,0.0,0.28,0.35,0.0,0.71,20.87,16.18,4.68,77.55,5.25,10.93,6.25,0.14,25.0,0.28,50.0,29,13,1268,0.14,0.0,2.13,2.41,9.65,1.28,5.25,43.79,5.11,47.06,0.14,12.5
280,1152139,La Liga,25/26,Real Betis,Angel Ortiz,Defender,6.74,0.0,0.01,0.0,0.15,0.0,0.0,0.0,1.08,41.18,0.0,0.0,0.0,0.0,0.0,0.0,0.0,0.0,0.0,0.0,0.0,0.0,0.0,0.0,4.18,0.46,2.47,0.62,1.24,0.0,0.0,0.0,0.0,0.0,0.15,0.0,0.0,0.93,38.66,32.16,6.49,83.2,17.32,14.85,6.34,0.77,26.32,1.39,34.62,13,7,582,0.15,0.0,1.39,1.39,13.92,0.77,6.8,54.32,6.65,58.11,0.15,14.29
281,986245,La Liga,25/26,Villarreal,Sergi Cardona,Defender,6.74,0.05,0.05,0.0,0.82,0.23,0.5,5.56,0.18,28.57,0.05,0.0,0.0,0.05,0.0,0.05,0.05,0.0,0.0,0.0,0.0,0.0,0.0,0.0,2.15,1.65,2.65,0.41,1.28,0.05,0.09,0.0,0.0,0.27,0.18,0.18,0.05,0.96,33.78,27.56,6.22,81.6,14.4,13.16,7.27,0.91,24.39,0.96,36.84,31,20,1969,0.18,0.0,1.28,1.05,12.57,0.37,4.21,50.0,3.29,49.66,0.91,51.28
282,191182,La Liga,25/26,Girona FC,Thomas Lemar,Midfielder,6.74,0.21,0.14,0.07,1.2,0.57,0.21,17.65,1.41,57.14,0.07,0.14,0.0,0.14,0.07,0.14,0.0,0.0,0.0,0.0,0.0,0.0,0.07,0.0,1.91,0.35,0.14,0.14,1.13,0.0,0.0,0.0,0.0,0.0,0.07,0.07,0.07,1.41,46.52,41.01,5.51,88.15,14.21,26.79,16.61,1.2,30.36,1.63,74.19,27,14,1273,0.28,0.0,1.34,1.41,14.28,2.33,4.88,45.1,4.74,44.97,0.14,50.0
283,1145100,La Liga,25/26,Celta Vigo,Yoel Lago,Defender,6.74,0.0,0.0,0.0,0.1,0.0,0.1,0.0,0.19,100.0,0.0,0.0,0.0,0.0,0.0,0.0,0.1,0.0,0.0,0.0,0.0,0.0,0.0,0.0,1.81,0.67,6.46,0.95,0.38,0.0,0.38,0.19,0.0,0.19,0.0,0.0,0.0,0.19,51.32,47.04,4.28,91.67,34.21,12.83,2.0,0.0,0.0,1.52,44.44,12,11,947,0.38,0.0,1.62,1.24,4.66,0.1,4.18,58.67,3.23,60.71,0.95,52.63
284,959872,La Liga,25/26,Athletic Club,Aitor Paredes,Defender,6.74,0.11,0.06,0.06,0.72,0.22,0.39,15.38,0.17,100.0,0.11,0.0,0.11,0.0,0.0,0.0,0.0,0.0,0.0,0.0,0.0,0.0,0.0,0.0,1.16,1.55,4.2,0.22,0.28,0.0,0.11,0.0,0.0,0.17,0.06,0.0,0.0,0.22,52.1,45.64,6.46,87.59,28.78,16.85,4.25,0.0,0.0,3.31,49.59,19,18,1629,0.22,0.0,1.05,0.39,7.13,0.06,3.37,58.65,1.71,55.36,1.66,62.5
285,385888,La Liga,25/26,Getafe,Mauro Arambarri,Midfielder,6.73,0.17,0.2,0.17,1.63,0.53,0.72,10.17,0.86,49.21,0.17,0.0,0.06,0.03,0.08,0.06,0.14,0.0,0.08,0.06,66.67,0.0,0.03,0.0,1.85,0.64,0.94,0.17,1.02,0.03,0.0,0.0,0.0,0.33,0.03,0.06,0.0,0.61,22.09,16.7,5.39,75.59,6.22,10.48,5.03,0.08,16.67,1.16,51.85,37,37,3255,0.19,0.0,1.66,1.85,10.2,1.3,6.14,48.79,4.56,49.4,1.58,47.11
286,899982,La Liga,25/26,Rayo Vallecano,Isi Palazón,Midfielder,6.73,0.12,0.21,0.24,2.11,0.64,0.84,5.66,0.92,47.92,0.12,0.0,0.0,0.12,0.0,0.12,0.24,0.0,0.12,0.08,66.67,0.0,0.08,0.0,1.15,0.12,0.92,0.24,0.92,0.0,0.04,0.0,0.0,0.04,0.36,0.12,0.0,1.55,34.69,28.61,6.09,82.45,11.1,17.51,11.18,1.15,27.62,1.75,57.89,31,27,2262,0.4,0.04,1.43,2.03,14.48,1.63,4.89,44.73,4.06,45.54,0.84,41.18
287,1458073,La Liga,25/26,Rayo Vallecano,Nobel Mendy,Defender,6.73,0.1,0.08,0.1,0.55,0.15,0.35,18.18,0.15,75.0,0.1,0.0,0.1,0.0,0.0,0.0,0.05,0.0,0.0,0.0,0.0,0.0,0.0,0.0,1.34,1.04,7.7,1.19,0.4,0.0,0.05,0.05,0.0,0.25,0.05,0.0,0.0,0.15,47.86,41.05,6.81,85.77,33.0,8.05,1.99,0.0,0.0,2.48,38.46,24,22,1811,0.35,0.1,1.59,0.6,7.65,0.15,3.63,51.77,2.09,51.22,1.54,52.54
288,187313,La Liga,25/26,Osasuna,Lucas Torró,Midfielder,6.73,0.0,0.06,0.08,1.13,0.31,0.66,0.0,0.35,69.23,0.0,0.0,0.0,0.0,0.0,0.04,0.0,0.0,0.0,0.0,0.0,0.0,0.0,0.0,1.52,1.09,1.79,0.31,0.43,0.0,0.08,0.0,0.0,0.08,0.04,0.04,0.0,0.59,38.7,28.87,9.83,74.6,14.16,14.71,6.32,0.0,0.0,1.64,38.53,34,31,2307,0.23,0.0,1.56,1.09,11.9,0.43,7.14,62.89,2.89,55.22,4.25,69.43
289,1525863,La Liga,25/26,Villarreal,Pau Navarro,Defender,6.73,0.0,0.0,0.0,0.09,0.09,0.0,0.0,0.33,63.64,0.0,0.0,0.0,0.0,0.0,0.0,0.05,0.0,0.0,0.0,0.0,0.0,0.0,0.0,3.04,0.84,5.05,0.75,1.5,0.05,0.0,0.0,0.05,0.14,0.05,0.0,0.0,0.19,45.51,40.23,5.29,88.39,29.19,11.04,2.95,0.05,50.0,1.59,40.0,23,23,1924,0.19,0.0,1.59,0.51,6.46,0.14,5.1,52.15,3.88,53.55,1.22,48.15
290,188365,La Liga,25/26,Real Betis,Héctor Bellerín,Defender,6.73,0.1,0.02,0.0,0.34,0.24,0.0,28.57,0.34,53.85,0.1,0.0,0.0,0.0,0.1,0.0,0.1,0.0,0.0,0.0,0.0,0.0,0.0,0.0,1.52,0.68,3.42,0.2,0.93,0.05,0.0,0.0,0.0,0.15,0.24,0.15,0.0,1.17,50.28,44.36,5.92,88.23,22.5,21.86,10.08,0.29,20.69,1.08,43.14,27,20,1840,0.1,0.0,0.73,0.2,9.49,0.39,2.89,49.58,2.05,46.67,0.83,58.62
291,797290,La Liga,25/26,Villarreal,Alfonso Pedraza,Defender,6.73,0.05,0.06,0.05,0.59,0.16,0.27,9.09,1.07,60.61,0.05,0.0,0.0,0.05,0.0,0.0,0.21,0.0,0.0,0.0,0.0,0.0,0.0,0.0,2.18,1.54,2.08,0.32,0.8,0.05,0.05,0.05,0.0,0.11,0.32,0.16,0.0,1.12,32.11,25.35,6.76,78.94,13.74,11.61,5.75,1.07,24.1,1.65,39.74,27,19,1690,0.43,0.0,1.44,1.22,13.85,0.8,4.63,53.05,4.47,55.63,0.16,23.08
292,818986,La Liga,25/26,Sevilla,Gabriel Suazo,Defender,6.73,0.0,0.02,0.0,0.21,0.09,0.09,0.0,0.64,57.69,0.0,0.0,0.0,0.0,0.0,0.0,0.09,0.0,0.0,0.0,0.0,0.0,0.0,0.0,3.69,1.29,2.02,0.21,1.2,0.04,0.09,0.04,0.0,0.17,0.21,0.04,0.0,1.55,44.06,36.71,7.34,83.33,16.88,19.84,10.35,1.25,30.21,1.8,48.28,29,25,2096,0.3,0.0,1.42,0.64,15.07,0.73,5.5,54.24,4.94,57.21,0.56,37.14
293,152446,La Liga,25/26,Rayo Vallecano,Iván Balliu,Defender,6.73,0.0,0.05,0.15,0.45,0.0,0.45,0.0,1.06,70.0,0.0,0.0,0.0,0.0,0.0,0.0,0.0,0.0,0.0,0.0,0.0,0.0,0.0,0.0,2.27,1.36,0.91,0.45,0.3,0.0,0.0,0.0,0.0,0.15,0.0,0.0,0.0,0.45,40.15,33.03,7.12,82.26,16.06,16.97,9.24,0.15,11.11,1.82,37.5,14,6,594,0.3,0.0,1.36,0.76,10.91,0.15,4.7,56.36,4.09,64.29,0.61,30.77
294,1021165,La Liga,25/26,Espanyol,Rubén Sánchez,Defender,6.72,0.0,0.02,0.0,0.87,0.11,0.76,0.0,1.63,57.69,0.0,0.0,0.0,0.0,0.0,0.0,0.22,0.0,0.0,0.0,0.0,0.0,0.0,0.0,1.3,1.08,2.6,0.65,1.19,0.11,0.0,0.22,0.0,0.11,0.22,0.11,0.0,0.98,35.13,26.46,8.67,75.31,12.47,13.99,6.4,0.98,25.71,1.84,36.96,21,8,830,0.22,0.0,1.19,1.3,17.78,0.98,5.53,50.0,4.01,49.33,1.52,51.85
295,1101232,La Liga,25/26,Getafe,Abdel Abqar,Defender,6.72,0.0,0.02,0.06,0.44,0.06,0.31,0.0,0.12,33.33,0.0,0.0,0.0,0.0,0.0,0.0,0.06,0.0,0.0,0.0,0.0,0.0,0.0,0.0,2.38,1.38,5.12,0.5,0.44,0.0,0.06,0.06,0.0,0.06,0.19,0.12,0.0,0.25,27.56,19.94,7.62,72.34,14.19,5.75,2.19,0.0,0.0,3.38,43.2,23,17,1440,0.62,0.06,1.81,2.25,8.94,0.19,6.12,62.03,4.75,64.41,1.38,55.0
296,1064026,La Liga,25/26,Espanyol,Omar El Hilali,Defender,6.72,0.0,0.0,0.0,0.03,0.0,0.03,0.0,0.22,70.0,0.0,0.0,0.0,0.0,0.0,0.0,0.1,0.0,0.0,0.0,0.0,0.0,0.0,0.0,2.32,1.27,3.02,0.54,0.76,0.03,0.03,0.03,0.0,0.25,0.1,0.06,0.0,0.54,39.59,31.89,7.7,80.55,18.94,12.95,5.31,0.57,31.58,2.04,36.36,36,32,2828,0.29,0.0,1.4,0.76,11.65,0.16,4.17,55.04,3.28,58.52,0.89,45.16
297,1092769,La Liga,25/26,Girona FC,Yáser Asprilla,Midfielder,6.72,0.0,0.09,0.0,2.23,0.74,0.74,0.0,1.93,59.09,0.0,0.0,0.0,0.0,0.0,0.0,0.74,0.15,0.0,0.0,0.0,0.0,0.15,0.0,1.19,0.74,0.6,0.15,0.3,0.0,0.0,0.0,0.0,0.0,0.3,0.0,0.0,1.79,22.46,19.19,3.27,85.43,7.44,11.75,8.03,1.64,29.73,1.64,84.62,15,6,605,0.0,0.0,1.49,1.19,13.54,1.49,4.61,46.27,4.31,48.33,0.3,28.57
298,835485,La Liga,25/26,Real Madrid,Brahim Díaz,Midfielder,6.72,0.07,0.13,0.07,1.05,0.49,0.35,6.67,1.75,56.82,0.07,0.0,0.0,0.07,0.0,0.0,0.21,0.14,0.0,0.0,0.0,0.0,0.0,0.0,1.05,0.14,0.28,0.0,0.14,0.0,0.07,0.0,0.0,0.0,0.49,0.42,0.0,2.1,37.22,33.71,3.5,90.58,9.11,24.6,14.58,0.56,40.0,0.63,90.0,30,13,1284,0.14,0.0,1.33,2.59,11.5,2.24,5.54,49.69,5.4,51.68,0.14,20.0
299,1082968,La Liga,25/26,Deportivo Alavés,Abderrahman Rebbach,Midfielder,6.72,0.06,0.14,0.18,2.03,0.72,0.78,2.94,1.07,36.0,0.06,0.0,0.0,0.0,0.06,0.06,0.3,0.0,0.0,0.0,0.0,0.0,0.06,0.0,2.51,0.9,1.37,0.0,1.43,0.0,0.0,0.0,0.0,0.06,0.54,0.24,0.0,1.79,27.51,21.9,5.61,79.61,9.07,12.83,8.06,1.31,20.0,1.19,48.78,30,15,1508,0.48,0.0,2.39,1.79,17.19,1.13,5.91,43.81,5.37,44.12,0.54,40.91
300,1513222,La Liga,25/26,Deportivo Alavés,Ángel Pérez,Midfielder,6.72,0.07,0.07,0.07,0.98,0.28,0.14,7.14,1.4,42.55,0.07,0.0,0.0,0.07,0.0,0.0,0.42,0.0,0.0,0.0,0.0,0.0,0.0,0.0,1.05,0.7,1.81,0.07,0.91,0.0,0.0,0.0,0.0,0.14,0.14,0.21,0.0,1.67,32.72,24.49,8.23,74.84,7.88,16.6,8.93,1.4,22.99,1.12,27.59,16,14,1290,0.28,0.0,1.12,1.19,17.65,0.49,3.7,42.74,3.63,45.61,0.07,10.0
301,1482424,La Liga,25/26,Girona FC,Claudio Echeverri,Midfielder,6.72,0.15,0.31,0.15,3.06,1.02,1.02,4.76,2.33,61.54,0.15,0.0,0.0,0.0,0.15,0.0,0.15,0.0,0.0,0.0,0.0,0.0,0.29,0.0,0.87,0.15,0.58,0.0,0.15,0.15,0.0,0.0,0.0,0.0,0.29,0.15,0.0,1.17,32.91,28.4,4.51,86.28,6.55,21.84,15.0,0.44,21.43,1.17,61.54,17,5,618,0.58,0.0,1.17,2.04,13.25,1.75,5.39,52.11,5.24,53.73,0.15,25.0
302,998950,La Liga,25/26,Valencia,Diego López,Midfielder,6.71,0.2,0.14,0.2,1.42,0.41,0.51,14.29,0.66,37.14,0.2,0.0,0.0,0.0,0.2,0.05,0.15,0.0,0.0,0.0,0.0,0.0,0.0,0.0,1.11,0.51,0.56,0.1,0.86,0.0,0.1,0.0,0.0,0.1,0.2,0.05,0.0,0.86,25.98,19.9,6.08,76.61,6.94,12.97,7.24,0.35,16.28,0.51,76.92,34,20,1777,0.1,0.0,1.01,1.67,12.1,0.91,4.66,42.59,3.39,46.85,1.27,34.25
303,1084381,La Liga,25/26,Deportivo Alavés,Pablo Ibáñez,Midfielder,6.71,0.04,0.18,0.12,1.88,0.52,0.76,2.13,1.24,43.66,0.04,0.0,0.0,0.0,0.04,0.04,0.12,0.0,0.0,0.0,0.0,0.0,0.0,0.0,2.28,0.84,1.04,0.4,1.2,0.0,0.04,0.0,0.0,0.08,0.04,0.04,0.0,0.76,40.39,34.63,5.75,85.76,14.1,20.53,10.11,0.28,19.44,1.0,42.37,37,28,2253,0.28,0.0,1.52,2.64,12.94,1.88,7.19,49.86,6.15,50.0,1.04,49.06
304,186795,La Liga,25/26,FC Barcelona,Andreas Christensen,Defender,6.71,0.0,0.05,0.21,0.83,0.41,0.0,0.0,0.0,0.0,0.0,0.0,0.0,0.0,0.0,0.21,0.0,0.0,0.0,0.0,0.0,0.0,0.0,0.0,1.04,0.41,3.94,0.62,0.62,0.0,0.0,0.0,0.0,0.21,0.0,0.0,0.0,0.21,74.86,71.54,3.32,95.57,37.53,34.01,9.54,0.0,0.0,0.62,75.0,13,3,434,0.41,0.0,1.24,0.83,3.73,0.41,4.56,59.46,1.66,42.11,2.9,77.78
305,1186010,La Liga,25/26,Real Betis,Valentín Gómez,Defender,6.71,0.05,0.04,0.05,0.53,0.24,0.29,9.09,0.62,92.86,0.05,0.0,0.05,0.0,0.0,0.0,0.05,0.0,0.0,0.0,0.0,0.0,0.0,0.0,2.2,1.15,5.41,0.62,1.05,0.05,0.05,0.1,0.0,0.19,0.14,0.0,0.0,0.48,45.84,39.38,6.46,85.91,24.69,14.69,4.5,0.14,25.0,2.06,44.33,28,19,1881,0.24,0.0,1.24,0.57,9.23,0.33,5.36,56.85,3.3,56.1,2.06,58.11
306,1010165,La Liga,25/26,Osasuna,Abel Bretones,Defender,6.71,0.05,0.03,0.0,0.6,0.16,0.38,9.09,0.71,44.83,0.0,0.05,0.0,0.05,0.0,0.0,0.05,0.05,0.0,0.0,0.0,0.0,0.0,0.0,1.79,0.98,2.77,0.27,0.92,0.0,0.05,0.0,0.0,0.16,0.16,0.11,0.0,0.71,27.3,21.06,6.24,77.14,8.69,12.38,6.73,0.65,36.36,1.3,38.71,28,17,1658,0.27,0.05,0.92,1.03,12.81,0.65,4.23,52.7,3.53,51.18,0.71,61.9
307,932764,La Liga,25/26,Rayo Vallecano,Randy Nteka,Forward,6.71,0.71,0.58,1.18,3.07,1.42,0.94,23.08,0.94,57.14,0.47,0.24,0.0,0.71,0.0,0.24,1.18,0.0,0.24,0.0,0.0,0.0,0.0,0.0,0.94,0.0,2.83,0.71,0.71,0.0,0.0,0.0,0.0,0.0,0.0,0.0,0.0,0.94,21.5,17.01,4.49,79.12,6.38,10.63,6.14,0.0,0.0,0.24,25.0,13,3,381,0.71,0.0,2.6,1.65,12.05,1.65,8.27,47.95,3.54,39.47,4.72,57.14
308,859769,La Liga,25/26,Levante UD,Oriol Rey,Midfielder,6.7,0.0,0.03,0.0,0.54,0.07,0.27,0.0,0.07,50.0,0.0,0.0,0.0,0.0,0.0,0.07,0.0,0.0,0.0,0.0,0.0,0.0,0.0,0.0,1.36,0.68,2.24,0.34,1.15,0.0,0.07,0.0,0.0,0.0,0.0,0.07,0.0,0.68,39.0,34.11,4.88,87.48,16.48,17.63,6.71,0.27,50.0,1.63,51.06,20,14,1327,0.27,0.0,1.56,0.95,6.31,0.27,3.26,44.86,2.37,43.75,0.88,48.15
309,1632454,La Liga,25/26,Girona FC,Hugo Rincón,Defender,6.7,0.05,0.04,0.1,0.36,0.1,0.2,14.29,0.46,52.94,0.05,0.0,0.0,0.0,0.05,0.0,0.05,0.05,0.0,0.0,0.0,0.0,0.0,0.0,2.41,0.26,2.56,0.46,0.67,0.0,0.05,0.05,0.0,0.1,0.1,0.05,0.0,0.51,39.62,32.71,6.91,82.56,15.46,17.25,10.75,0.2,11.11,0.87,40.48,33,16,1758,0.2,0.0,1.64,2.71,11.62,0.61,6.6,57.85,5.58,62.64,1.02,40.82
310,1858279,La Liga,25/26,Celta Vigo,Hugo Burcio,Midfielder,6.7,0.0,0.0,0.0,0.0,0.0,0.0,0.0,0.0,0.0,0.0,0.0,0.0,0.0,0.0,0.0,0.0,0.0,0.0,0.0,0.0,0.0,0.0,0.0,7.5,0.0,0.0,0.0,0.0,0.0,0.0,0.0,0.0,0.0,0.0,0.0,0.0,0.0,37.5,37.5,0.0,100.0,7.5,30.0,0.0,0.0,0.0,0.0,0.0,1,0,12,0.0,0.0,0.0,0.0,0.0,0.0,7.5,100.0,7.5,100.0,0.0,0.0
311,882475,La Liga,25/26,Real Oviedo,Alberto Reina,Midfielder,6.7,0.14,0.13,0.11,0.87,0.4,0.29,16.67,0.54,50.0,0.11,0.04,0.0,0.11,0.04,0.07,0.07,0.0,0.0,0.0,0.0,0.0,0.0,0.0,1.59,0.69,0.51,0.22,0.54,0.04,0.14,0.04,0.0,0.04,0.25,0.04,0.0,1.23,37.64,32.14,5.5,85.38,15.42,16.72,8.69,0.62,30.91,2.17,60.61,37,31,2487,0.14,0.04,1.34,1.66,9.52,0.83,4.38,51.27,3.76,54.45,0.62,37.78
312,158615,La Liga,25/26,Celta Vigo,Matías Vecino,Midfielder,6.7,0.0,0.05,0.0,1.26,0.0,0.63,0.0,0.63,100.0,0.0,0.0,0.0,0.0,0.0,0.0,0.0,0.0,0.0,0.0,0.0,0.0,0.0,0.0,5.03,1.89,2.52,0.0,1.26,0.0,0.0,0.0,0.0,0.0,0.0,0.0,0.0,0.0,59.16,49.72,9.44,84.04,16.36,33.36,12.59,0.0,0.0,0.63,25.0,6,2,143,0.0,0.0,2.52,0.0,10.7,0.63,7.55,54.55,5.66,60.0,1.89,42.86
313,2110897,La Liga,25/26,Athletic Club,Alejandro Rego Mora,Midfielder,6.7,0.07,0.04,0.0,0.85,0.21,0.21,8.33,0.64,47.37,0.07,0.0,0.0,0.0,0.07,0.07,0.0,0.0,0.0,0.0,0.0,0.0,0.0,0.0,2.99,1.78,1.14,0.36,1.07,0.0,0.0,0.07,0.0,0.07,0.07,0.07,0.0,0.78,38.32,31.49,6.82,82.19,13.58,17.91,7.39,0.21,50.0,1.78,65.79,29,11,1266,0.43,0.0,2.84,0.43,9.38,0.43,5.05,47.65,4.05,44.88,1.0,63.64
314,328145,La Liga,25/26,Sevilla,Adnan Januzaj,Midfielder,6.7,0.0,0.07,0.0,1.97,0.0,0.56,0.0,2.25,42.11,0.0,0.0,0.0,0.0,0.0,0.0,0.28,0.0,0.0,0.0,0.0,0.0,0.0,0.0,1.69,0.28,0.84,0.0,0.28,0.0,0.0,0.28,0.0,0.0,0.0,0.0,0.0,3.09,36.28,31.78,4.5,87.6,10.69,21.09,16.03,2.25,26.67,4.22,68.18,12,2,320,0.28,0.0,2.25,2.81,21.38,1.12,6.75,50.0,6.75,50.0,0.0,0.0
315,2198232,La Liga,25/26,Rayo Vallecano,Samu Becerra,Midfielder,6.7,0.0,0.0,0.0,0.0,0.0,0.0,0.0,0.0,0.0,0.0,0.0,0.0,0.0,0.0,0.0,0.0,0.0,0.0,0.0,0.0,0.0,0.0,0.0,0.0,0.0,0.0,0.0,0.0,0.0,0.0,0.0,0.0,0.0,0.0,0.0,0.0,8.18,98.18,90.0,8.18,91.67,40.91,49.09,32.73,8.18,50.0,0.0,0.0,3,0,11,0.0,0.0,8.18,0.0,24.55,0.0,0.0,0.0,0.0,0.0,0.0,0.0
316,910267,La Liga,25/26,Athletic Club,Jesús Areso,Defender,6.7,0.0,0.01,0.0,0.18,0.0,0.06,0.0,0.83,56.0,0.0,0.0,0.0,0.0,0.0,0.0,0.06,0.0,0.0,0.0,0.0,0.0,0.0,0.0,1.31,1.07,3.03,0.48,0.36,0.0,0.12,0.0,0.0,0.12,0.18,0.06,0.0,1.37,34.56,28.85,5.71,83.48,12.19,16.66,8.45,1.01,20.0,1.07,47.37,26,14,1513,0.18,0.0,1.13,0.42,15.82,0.48,4.46,59.52,2.5,50.6,1.96,76.74
317,1901143,La Liga,25/26,Real Madrid,Víctor Valdepeñas,Defender,6.7,0.0,0.0,0.0,0.0,0.0,0.0,0.0,1.15,100.0,0.0,0.0,0.0,0.0,0.0,0.0,0.0,0.0,0.0,0.0,0.0,0.0,0.0,0.0,5.77,0.0,1.15,0.0,1.15,0.0,0.0,0.0,0.0,0.0,0.0,0.0,0.0,1.15,39.23,36.92,2.31,94.12,16.15,20.77,6.92,1.15,100.0,1.15,50.0,1,1,78,0.0,0.0,3.46,1.15,8.08,1.15,8.08,58.33,8.08,58.33,0.0,0.0
318,1174937,La Liga,25/26,Real Madrid,Endrick,Forward,6.7,0.0,0.0,0.0,0.0,0.0,0.0,0.0,8.18,100.0,0.0,0.0,0.0,0.0,0.0,0.0,0.0,0.0,0.0,0.0,0.0,0.0,0.0,0.0,0.0,0.0,0.0,0.0,0.0,0.0,0.0,0.0,0.0,0.0,0.0,0.0,0.0,0.0,0.0,0.0,0.0,0.0,0.0,0.0,0.0,0.0,0.0,0.0,0.0,1,0,11,0.0,8.18,0.0,8.18,8.18,0.0,16.36,100.0,16.36,100.0,0.0,0.0
319,344129,La Liga,25/26,Levante UD,José Luis Morales,Forward,6.7,0.23,0.52,0.94,2.58,0.94,0.7,9.09,2.11,52.94,0.23,0.0,0.0,0.0,0.23,0.0,0.94,0.0,0.23,0.23,100.0,0.0,0.0,0.0,2.35,0.7,0.94,0.47,0.23,0.0,0.0,0.0,0.0,0.0,0.47,0.23,0.0,1.64,29.84,22.32,7.52,74.8,7.28,15.04,10.1,0.47,20.0,0.23,25.0,20,1,383,0.23,0.0,0.7,0.94,15.74,1.41,5.87,53.19,5.4,56.1,0.47,33.33
320,1000150,La Liga,25/26,Mallorca,Zito Luvumbo,Forward,6.7,0.0,0.11,0.35,1.56,1.21,0.35,0.0,1.56,39.13,0.0,0.0,0.0,0.0,0.0,0.0,1.04,0.0,0.0,0.0,0.0,0.0,0.0,0.0,0.17,0.0,0.35,0.0,0.52,0.0,0.0,0.0,0.0,0.0,0.35,0.35,0.0,1.56,10.06,7.11,2.95,70.69,0.87,6.24,4.68,0.69,20.0,0.0,0.0,10,6,519,0.35,0.0,2.25,3.64,13.01,1.21,5.55,41.03,5.38,46.27,0.17,9.09
321,88625,La Liga,25/26,Girona FC,Marc-André Ter Stegen,Goalkeeper,6.7,0.0,0.0,0.0,0.0,0.0,0.0,0.0,0.0,0.0,0.0,0.0,0.0,0.0,0.0,0.0,0.0,0.0,0.0,0.0,0.0,0.0,0.0,0.0,0.0,0.0,0.5,0.0,0.0,0.0,0.0,0.0,0.0,0.0,0.0,0.0,0.0,0.0,37.5,34.5,3.0,92.0,34.5,0.0,0.0,0.0,0.0,3.5,53.85,2,2,180,0.0,0.0,0.0,0.0,3.0,0.0,0.0,0.0,0.0,0.0,0.0,0.0
322,946381,La Liga,25/26,Sevilla,Akor Adams,Forward,6.7,0.43,0.43,0.39,2.65,1.3,0.78,16.39,0.7,57.14,0.39,0.04,0.04,0.09,0.3,0.0,1.78,0.0,0.13,0.13,100.0,0.0,0.0,0.0,0.35,0.04,1.13,0.17,0.13,0.04,0.0,0.0,0.0,0.09,0.04,0.13,0.0,0.57,15.52,9.91,5.61,63.87,3.65,6.26,3.91,0.04,5.56,0.3,36.84,32,21,2070,0.13,0.0,1.57,0.52,11.09,1.43,4.0,37.4,1.57,31.03,2.43,43.08
323,997035,La Liga,25/26,FC Barcelona,Alejandro Balde,Defender,6.7,0.0,0.03,0.05,0.48,0.05,0.38,0.0,1.1,58.97,0.0,0.0,0.0,0.0,0.0,0.0,0.19,0.05,0.0,0.0,0.0,0.0,0.0,0.0,1.68,0.24,1.2,0.48,0.38,0.0,0.05,0.05,0.0,0.14,0.19,0.1,0.05,1.15,57.34,52.64,4.71,91.79,21.95,30.69,16.14,0.29,21.43,0.72,53.57,28,21,1874,0.1,0.0,0.67,1.2,9.36,0.91,4.47,58.49,3.99,59.71,0.48,50.0
324,941464,La Liga,25/26,Sevilla,Federico Gattoni,Defender,6.7,0.0,0.0,0.0,0.0,0.0,0.0,0.0,0.0,0.0,0.0,0.0,0.0,0.0,0.0,0.0,0.0,0.0,0.0,0.0,0.0,0.0,0.0,0.0,0.0,0.0,20.0,0.0,0.0,0.0,0.0,0.0,0.0,0.0,0.0,0.0,0.0,0.0,10.0,10.0,0.0,100.0,0.0,10.0,10.0,0.0,0.0,0.0,0.0,1,0,9,0.0,0.0,0.0,0.0,10.0,0.0,10.0,100.0,0.0,0.0,10.0,100.0
325,2115056,La Liga,25/26,Real Oviedo,Omar Falah,Defender,6.7,0.0,0.0,0.0,0.0,0.0,0.0,0.0,0.0,0.0,0.0,0.0,0.0,0.0,0.0,0.0,0.0,0.0,0.0,0.0,0.0,0.0,0.0,0.0,0.0,0.0,13.85,0.0,0.0,0.0,0.0,0.0,0.0,0.0,0.0,0.0,0.0,0.0,48.46,41.54,6.92,85.71,27.69,13.85,6.92,0.0,0.0,6.92,100.0,1,0,13,0.0,0.0,0.0,0.0,13.85,0.0,0.0,0.0,0.0,0.0,0.0,0.0
326,1142689,La Liga,25/26,Real Madrid,David Jiménez,Defender,6.7,0.0,0.13,1.17,1.17,1.17,0.0,0.0,0.0,0.0,0.0,0.0,0.0,0.0,0.0,0.0,0.0,0.0,0.0,0.0,0.0,0.0,0.0,0.0,1.17,0.0,1.17,0.0,0.0,0.0,0.0,0.0,0.0,0.0,0.0,0.0,0.0,0.0,40.91,39.74,1.17,97.14,15.19,24.55,12.86,0.0,0.0,0.0,0.0,2,1,77,0.0,0.0,0.0,0.0,7.01,1.17,1.17,50.0,1.17,50.0,0.0,0.0
327,1000483,La Liga,25/26,FC Barcelona,Marc Casadó,Midfielder,6.7,0.0,0.09,0.09,0.99,0.0,0.18,0.0,0.18,33.33,0.0,0.0,0.0,0.0,0.0,0.09,0.0,0.0,0.0,0.0,0.0,0.0,0.0,0.0,1.62,0.63,0.72,0.27,0.72,0.09,0.0,0.0,0.0,0.27,0.0,0.09,0.0,1.26,80.9,73.6,7.3,90.98,31.71,41.89,15.95,0.18,66.67,1.89,55.26,24,10,999,0.09,0.0,2.25,1.8,9.91,0.54,4.23,50.0,3.6,49.38,0.63,53.85
328,1167704,La Liga,25/26,Valencia,Rubén Iranzo,Defender,6.7,0.0,0.0,0.0,0.0,0.0,0.0,0.0,0.0,0.0,0.0,0.0,0.0,0.0,0.0,0.0,0.0,0.0,0.0,0.0,0.0,0.0,0.0,0.0,7.5,0.0,15.0,0.0,0.0,0.0,0.0,0.0,0.0,0.0,0.0,0.0,0.0,0.0,15.0,15.0,0.0,100.0,0.0,15.0,7.5,0.0,0.0,7.5,100.0,1,0,12,0.0,0.0,7.5,0.0,0.0,0.0,7.5,33.33,7.5,50.0,0.0,0.0
329,128637,La Liga,25/26,Getafe,Allan Nyom,Defender,6.69,0.0,0.03,0.0,0.52,0.17,0.17,0.0,0.17,33.33,0.0,0.0,0.0,0.0,0.0,0.0,0.17,0.0,0.0,0.0,0.0,0.0,0.0,0.0,1.89,0.17,4.47,0.0,0.52,0.0,0.0,0.0,0.0,0.17,0.17,0.17,0.17,1.03,30.74,19.75,10.99,64.25,9.45,10.31,4.47,1.03,75.0,2.75,35.56,15,7,524,1.03,0.17,2.23,1.37,14.6,0.69,6.53,57.58,3.44,48.78,3.09,72.0
330,300522,La Liga,25/26,Mallorca,Martin Valjent,Defender,6.69,0.0,0.02,0.03,0.46,0.22,0.11,0.0,0.11,80.0,0.0,0.0,0.0,0.0,0.0,0.0,0.0,0.0,0.0,0.0,0.0,0.0,0.0,0.0,1.36,0.6,6.58,0.41,0.27,0.03,0.03,0.05,0.0,0.14,0.0,0.0,0.0,0.08,48.52,42.29,6.23,87.16,28.97,13.33,3.94,0.0,0.0,2.86,43.39,37,37,3309,0.16,0.0,0.98,0.3,7.15,0.16,3.35,57.75,1.74,56.14,1.6,59.6
331,1403559,La Liga,25/26,Real Madrid,Franco Mastantuono,Forward,6.69,0.09,0.27,0.26,2.57,0.6,1.46,3.33,2.14,46.3,0.09,0.0,0.0,0.0,0.09,0.26,0.09,0.0,0.0,0.0,0.0,0.0,0.09,0.0,1.72,0.26,0.26,0.0,1.46,0.0,0.09,0.0,0.0,0.09,0.43,0.0,0.0,1.37,42.21,38.01,4.2,90.04,10.04,27.97,14.76,0.77,29.03,0.94,64.71,23,11,1049,0.43,0.09,1.54,2.57,14.59,2.32,6.86,45.2,6.43,45.73,0.43,38.46
332,1162107,La Liga,25/26,FC Barcelona,Roony Bardghji,Forward,6.69,0.14,0.19,0.41,3.0,1.63,0.82,4.55,3.0,53.66,0.14,0.0,0.0,0.0,0.14,0.0,0.0,0.0,0.0,0.0,0.0,0.0,0.0,0.0,0.82,0.27,0.41,0.0,0.14,0.0,0.14,0.0,0.0,0.0,0.41,0.14,0.14,2.04,45.75,40.57,5.17,88.69,13.89,26.69,14.98,2.04,27.78,0.54,66.67,21,7,661,0.0,0.0,0.95,1.09,16.75,1.5,4.9,46.75,4.9,48.65,0.0,0.0
333,84972,La Liga,25/26,Espanyol,Kike García,Forward,6.69,0.41,0.45,0.57,3.09,1.39,1.18,13.33,0.46,37.5,0.41,0.0,0.05,0.1,0.26,0.05,1.34,0.0,0.1,0.05,50.0,0.0,0.0,0.0,0.62,0.31,1.03,0.05,0.57,0.05,0.0,0.0,0.0,0.0,0.21,0.05,0.0,1.03,20.02,12.97,7.05,64.78,4.48,8.49,4.73,0.05,5.56,0.57,55.0,37,17,1749,0.15,0.0,1.65,2.26,13.33,1.08,7.87,48.26,3.24,46.32,4.63,49.72
334,344847,La Liga,25/26,Mallorca,Johan Mojica,Defender,6.69,0.0,0.02,0.03,0.56,0.07,0.39,0.0,0.49,36.59,0.0,0.0,0.0,0.0,0.0,0.0,0.07,0.0,0.0,0.0,0.0,0.0,0.2,0.0,1.68,0.79,2.76,0.2,0.33,0.0,0.07,0.0,0.0,0.16,0.2,0.13,0.0,1.18,39.79,31.47,8.32,79.09,14.6,16.87,8.58,1.25,28.57,2.17,36.46,35,30,2737,0.2,0.03,0.95,0.99,15.95,0.92,3.88,52.21,3.12,50.8,0.76,58.97
335,1069703,La Liga,25/26,Celta Vigo,Carlos Domínguez,Defender,6.69,0.0,0.08,0.15,0.3,0.15,0.15,0.0,0.0,0.0,0.0,0.0,0.0,0.0,0.0,0.0,0.0,0.0,0.0,0.0,0.0,0.0,0.0,0.0,1.92,0.74,6.34,0.74,0.3,0.15,0.0,0.15,0.0,0.0,0.0,0.0,0.0,0.15,65.21,59.61,5.61,91.4,43.52,16.08,4.87,0.0,0.0,2.36,43.24,8,6,610,0.15,0.0,0.89,0.15,7.08,0.59,4.13,60.87,2.07,53.85,2.07,70.0
336,839585,La Liga,25/26,Real Sociedad,Yangel Herrera,Midfielder,6.69,0.0,0.06,0.14,0.84,0.14,0.42,0.0,0.7,55.56,0.0,0.0,0.0,0.0,0.0,0.0,0.28,0.14,0.0,0.0,0.0,0.0,0.0,0.0,1.68,0.28,3.08,0.7,1.12,0.14,0.0,0.0,0.0,0.0,0.0,0.0,0.0,0.28,39.25,30.98,8.27,78.93,15.0,15.98,7.15,0.14,50.0,1.54,55.0,14,8,642,0.28,0.0,1.96,2.94,11.92,1.26,8.83,55.75,5.19,51.39,3.64,63.41
337,1119586,La Liga,25/26,Osasuna,Iker Muñoz,Midfielder,6.69,0.0,0.03,0.0,0.85,0.38,0.38,0.0,0.38,36.36,0.0,0.0,0.0,0.0,0.0,0.0,0.09,0.0,0.0,0.0,0.0,0.0,0.09,0.0,1.13,1.04,2.17,0.19,1.42,0.0,0.0,0.0,0.0,0.0,0.0,0.0,0.0,0.47,42.4,35.98,6.42,84.86,16.62,19.36,9.73,0.09,16.67,2.36,58.14,19,8,953,0.47,0.0,1.7,1.98,9.07,0.57,4.82,45.13,3.4,43.9,1.42,48.39
338,235648,La Liga,25/26,Deportivo Alavés,Jonny Otto,Defender,6.69,0.0,0.02,0.06,0.27,0.09,0.15,0.0,0.75,73.53,0.0,0.0,0.0,0.0,0.0,0.03,0.03,0.0,0.0,0.0,0.0,0.0,0.0,0.0,1.98,1.23,1.89,0.42,0.96,0.0,0.06,0.0,0.0,0.09,0.06,0.0,0.0,0.51,52.75,45.69,7.05,86.62,24.92,20.77,9.1,0.21,29.17,1.89,50.81,34,34,2998,0.21,0.0,1.11,0.9,11.05,0.93,4.41,53.65,3.63,53.54,0.78,54.17
339,966802,La Liga,25/26,Levante UD,Unai Vencedor,Midfielder,6.69,0.0,0.0,0.0,0.0,0.0,0.0,0.0,0.44,57.14,0.0,0.0,0.0,0.0,0.0,0.0,0.0,0.0,0.0,0.0,0.0,0.0,0.0,0.0,2.42,0.66,1.54,0.55,1.98,0.0,0.0,0.0,0.0,0.0,0.33,0.0,0.0,1.32,45.77,37.3,8.47,81.49,18.26,19.03,9.35,0.99,40.91,4.4,57.97,16,11,818,0.33,0.11,2.64,0.88,11.11,0.33,5.28,44.04,3.74,41.98,1.54,50.0
340,1402908,La Liga,25/26,Elche,Hector Fort,Defender,6.69,0.36,0.11,0.18,2.16,0.9,0.36,16.67,1.44,42.11,0.36,0.0,0.0,0.0,0.36,0.0,0.36,0.0,0.0,0.0,0.0,0.0,0.0,0.0,2.16,1.08,1.8,0.18,0.54,0.0,0.0,0.0,0.0,0.0,0.0,0.36,0.0,0.72,29.16,24.3,4.86,83.33,8.46,15.84,6.66,0.36,22.22,1.44,57.14,14,7,500,0.0,0.0,0.9,0.18,12.06,1.44,4.86,45.76,3.78,43.75,1.08,54.55
341,1064009,La Liga,25/26,Espanyol,Urko González,Midfielder,6.68,0.0,0.02,0.0,0.62,0.03,0.38,0.0,0.48,63.64,0.0,0.0,0.0,0.0,0.0,0.0,0.03,0.0,0.0,0.0,0.0,0.0,0.0,0.0,1.88,1.1,2.02,0.38,1.44,0.0,0.03,0.0,0.0,0.14,0.0,0.03,0.03,0.38,33.58,27.18,6.4,80.94,13.49,13.69,5.65,0.03,8.33,0.99,34.94,36,28,2629,0.24,0.0,1.44,1.44,9.45,0.96,4.59,48.55,3.73,48.44,0.86,49.02
342,1046796,La Liga,25/26,Deportivo Alavés,Calebe Gonçalves,Midfielder,6.68,0.0,0.02,0.0,0.59,0.12,0.12,0.0,1.88,41.03,0.0,0.0,0.0,0.0,0.0,0.0,0.0,0.0,0.0,0.0,0.0,0.0,0.0,0.0,2.95,1.06,0.47,0.12,0.59,0.0,0.0,0.0,0.0,0.0,0.12,0.0,0.0,1.53,36.87,32.4,4.48,87.86,14.14,18.26,10.13,0.24,12.5,0.71,60.0,19,13,764,0.24,0.0,2.12,2.24,12.37,0.94,7.3,52.99,7.07,53.57,0.24,40.0
343,859021,La Liga,25/26,Sevilla,Batista Mendy,Midfielder,6.68,0.06,0.06,0.0,0.94,0.28,0.28,5.88,0.55,58.82,0.06,0.0,0.0,0.06,0.0,0.06,0.0,0.0,0.0,0.0,0.0,0.0,0.0,0.0,1.94,1.0,1.33,0.28,0.83,0.06,0.11,0.0,0.0,0.11,0.0,0.0,0.0,0.5,36.19,31.31,4.88,86.52,17.07,14.24,7.76,0.06,20.0,1.88,57.63,27,19,1624,0.33,0.0,2.05,1.5,7.92,1.0,4.82,49.71,3.93,47.97,0.89,59.26
344,845025,La Liga,25/26,Real Oviedo,Ovie Ejaria,Midfielder,6.68,0.0,0.06,0.0,1.38,0.46,0.46,0.0,1.84,66.67,0.0,0.0,0.0,0.0,0.0,0.0,0.46,0.0,0.0,0.0,0.0,0.0,0.0,0.0,1.84,1.38,1.38,0.0,1.84,0.0,0.0,0.0,0.0,0.0,0.0,0.0,0.0,0.46,49.59,43.62,5.97,87.96,15.61,28.01,13.32,0.0,0.0,0.92,50.0,8,2,196,0.46,0.0,1.38,2.3,11.48,1.84,9.18,51.28,5.51,48.0,3.67,57.14
345,32048,La Liga,25/26,Girona FC,Cristhian Stuani,Forward,6.68,1.05,1.13,1.26,3.98,2.51,0.84,26.32,0.42,100.0,1.05,0.0,0.21,0.0,0.84,0.0,1.26,0.42,0.84,0.63,75.0,0.0,0.0,0.0,1.05,0.21,0.63,0.0,0.63,0.0,0.0,0.0,0.0,0.0,0.0,0.0,0.0,0.42,13.4,8.79,4.6,65.63,3.98,4.81,2.72,0.0,0.0,0.0,0.0,21,1,430,0.84,0.0,2.51,2.3,7.33,0.63,7.53,51.43,3.77,50.0,3.77,52.94
346,591132,La Liga,25/26,Osasuna,Kike Barja,Forward,6.68,0.37,0.17,0.0,1.49,0.74,0.56,25.0,1.12,31.58,0.37,0.0,0.0,0.19,0.19,0.0,0.19,0.0,0.0,0.0,0.0,0.0,0.0,0.0,0.93,0.37,0.93,0.19,0.74,0.0,0.0,0.0,0.0,0.0,0.0,0.37,0.0,2.05,22.87,16.92,5.95,73.98,4.65,12.27,8.0,3.35,26.87,1.49,61.54,27,2,484,0.74,0.0,2.05,2.05,21.76,2.05,5.39,39.19,4.09,36.07,1.3,53.85
347,68332,La Liga,25/26,Sevilla,Nemanja Gudelj,Midfielder,6.68,0.08,0.05,0.0,1.18,0.34,0.61,6.45,0.19,45.45,0.04,0.04,0.04,0.04,0.0,0.0,0.0,0.0,0.0,0.0,0.0,0.0,0.23,0.0,1.33,0.95,4.82,0.68,0.65,0.0,0.04,0.0,0.0,0.11,0.04,0.0,0.0,0.27,42.0,37.1,4.9,88.34,25.56,11.54,3.84,0.04,14.29,2.05,50.0,34,26,2370,0.34,0.0,1.52,0.42,6.3,0.27,3.57,50.54,1.94,43.22,1.63,63.24
348,842419,La Liga,25/26,Osasuna,Valentin Rosier,Defender,6.68,0.04,0.02,0.04,0.67,0.11,0.32,5.26,0.99,63.64,0.04,0.0,0.0,0.0,0.04,0.0,0.11,0.0,0.0,0.0,0.0,0.0,0.0,0.0,1.69,1.52,3.1,0.14,0.67,0.0,0.0,0.0,0.0,0.14,0.14,0.04,0.0,0.56,37.0,30.09,6.91,81.33,14.59,15.51,7.4,0.39,23.91,1.2,29.57,31,30,2554,0.14,0.04,1.2,0.7,11.91,0.95,4.05,51.34,3.38,50.26,0.67,57.58
349,1392092,La Liga,25/26,Getafe,Sebastián Boselli,Defender,6.68,0.0,0.08,0.22,0.89,0.22,0.44,0.0,0.44,100.0,0.0,0.0,0.0,0.0,0.0,0.0,0.0,0.0,0.0,0.0,0.0,0.0,0.0,0.0,3.77,0.22,3.99,0.22,2.88,0.0,0.22,0.0,0.0,0.67,0.22,0.0,0.0,0.22,18.84,10.2,8.65,54.12,2.22,7.98,3.77,0.44,25.0,1.77,27.59,11,4,406,0.67,0.0,1.33,0.0,13.97,0.44,5.76,50.98,4.21,47.5,1.55,63.64
350,813574,La Liga,25/26,Levante UD,Unai Elgezabal,Defender,6.68,0.09,0.06,0.09,0.28,0.09,0.19,33.33,0.0,0.0,0.09,0.0,0.0,0.0,0.09,0.0,0.0,0.0,0.0,0.0,0.0,0.0,0.0,0.0,0.75,0.28,6.58,1.5,0.66,0.0,0.09,0.09,0.09,0.09,0.0,0.0,0.0,0.19,38.42,32.69,5.73,85.09,22.45,10.24,1.88,0.0,0.0,1.32,30.43,12,11,958,0.19,0.0,1.03,0.56,6.29,0.0,4.23,60.0,1.32,43.75,2.91,72.09
351,944225,La Liga,25/26,Osasuna,Jorge Herrando,Defender,6.68,0.0,0.02,0.06,0.17,0.0,0.06,0.0,0.17,100.0,0.0,0.0,0.0,0.0,0.0,0.0,0.0,0.06,0.0,0.0,0.0,0.0,0.0,0.0,1.79,1.01,6.04,0.62,0.56,0.0,0.0,0.0,0.0,0.11,0.06,0.06,0.0,0.11,39.29,33.81,5.49,86.04,23.96,9.85,2.18,0.0,0.0,1.34,35.82,28,17,1608,0.17,0.0,1.34,0.45,6.16,0.06,3.92,55.56,2.35,55.26,1.57,56.0
352,850035,La Liga,25/26,Rayo Vallecano,Luiz Felipe,Defender,6.68,0.0,0.07,0.0,0.55,0.18,0.18,0.0,0.0,0.0,0.0,0.0,0.0,0.0,0.0,0.0,0.0,0.0,0.0,0.0,0.0,0.0,0.0,0.0,2.2,1.47,4.4,0.55,0.55,0.0,0.0,0.0,0.0,0.37,0.0,0.0,0.0,0.18,46.56,42.34,4.22,90.94,34.28,8.07,0.92,0.0,0.0,1.47,44.44,10,7,491,0.18,0.0,0.92,0.18,5.68,0.0,4.03,57.89,2.38,61.9,1.65,52.94
353,892521,La Liga,25/26,Valencia,Unai Núñez,Defender,6.68,0.0,0.04,0.1,0.88,0.1,0.59,0.0,0.0,0.0,0.0,0.0,0.0,0.0,0.0,0.1,0.0,0.0,0.0,0.0,0.0,0.0,0.0,0.0,2.44,1.07,4.2,0.49,0.59,0.0,0.0,0.0,0.0,0.29,0.0,0.0,0.0,0.2,42.51,36.16,6.35,85.06,22.96,13.19,3.62,0.1,25.0,2.83,49.15,13,10,921,0.29,0.0,1.17,0.68,9.19,0.29,4.4,56.25,3.03,59.62,1.37,50.0
354,138383,La Liga,25/26,Deportivo Alavés,Denis Suárez,Midfielder,6.68,0.06,0.06,0.13,0.57,0.25,0.13,11.11,1.57,46.3,0.06,0.0,0.0,0.0,0.06,0.06,0.0,0.0,0.0,0.0,0.0,0.0,0.0,0.0,1.45,0.38,0.75,0.19,1.7,0.0,0.06,0.0,0.0,0.06,0.13,0.13,0.0,1.38,50.09,42.99,7.1,85.82,16.84,26.15,13.45,0.69,26.83,1.7,45.0,30,15,1432,0.38,0.0,1.26,1.63,14.08,1.57,4.9,41.49,4.65,42.29,0.25,30.77
355,1392054,La Liga,25/26,Getafe,Coba Da Costa,Midfielder,6.68,0.0,0.08,0.0,1.25,0.25,0.75,0.0,2.49,50.0,0.0,0.0,0.0,0.0,0.0,0.0,0.5,0.0,0.0,0.0,0.0,0.0,0.0,0.0,2.49,0.25,0.25,0.0,1.5,0.0,0.0,0.0,0.0,0.0,0.0,0.0,0.25,1.0,32.91,22.44,10.47,68.18,5.48,16.95,9.22,1.0,17.39,1.0,44.44,14,2,361,0.25,0.0,1.99,1.5,27.67,1.99,10.97,53.01,6.48,45.61,4.49,69.23
356,1015240,La Liga,25/26,Sevilla,José Ángel Carmona,Defender,6.67,0.04,0.03,0.04,0.7,0.11,0.35,5.0,0.67,45.24,0.04,0.0,0.0,0.0,0.04,0.0,0.11,0.0,0.0,0.0,0.0,0.0,0.0,0.0,2.28,1.37,2.49,0.32,1.58,0.04,0.0,0.07,0.0,0.18,0.14,0.11,0.0,0.77,40.86,33.21,7.65,81.27,18.18,15.02,7.9,0.46,26.53,1.65,43.52,35,29,2564,0.46,0.0,1.72,1.54,14.08,0.42,6.04,54.09,4.46,50.0,1.58,70.31
357,294593,La Liga,25/26,Girona FC,Álex Moreno,Defender,6.67,0.0,0.05,0.07,0.56,0.18,0.25,0.0,1.23,48.61,0.0,0.0,0.0,0.0,0.0,0.0,0.32,0.0,0.0,0.0,0.0,0.0,0.0,0.0,1.51,1.05,3.65,0.35,1.12,0.04,0.0,0.04,0.0,0.18,0.21,0.11,0.0,0.56,37.03,30.98,6.04,83.68,15.32,15.67,9.06,0.35,14.93,0.67,27.94,31,28,2562,0.18,0.0,1.12,0.7,12.68,0.35,4.15,49.17,3.44,47.57,0.7,58.82
358,992331,La Liga,25/26,Levante UD,Iker Losada,Midfielder,6.67,0.3,0.17,0.2,1.39,0.4,0.69,21.43,0.59,37.5,0.2,0.1,0.0,0.0,0.3,0.0,0.3,0.0,0.0,0.0,0.0,0.0,0.0,0.0,1.29,1.09,0.99,0.2,0.99,0.0,0.0,0.0,0.0,0.0,0.1,0.1,0.0,1.09,22.5,16.06,6.44,71.37,5.65,10.41,5.55,0.59,27.27,0.3,17.65,23,10,908,0.1,0.0,0.59,0.69,11.4,0.4,2.87,39.73,2.58,47.27,0.3,16.67
359,944165,La Liga,25/26,Athletic Club,Robert Navarro,Midfielder,6.67,0.41,0.27,0.0,1.44,0.69,0.62,28.57,1.58,41.82,0.41,0.0,0.0,0.21,0.21,0.0,0.27,0.0,0.0,0.0,0.0,0.0,0.0,0.0,1.1,0.48,0.62,0.07,0.27,0.0,0.0,0.0,0.0,0.0,0.27,0.07,0.0,1.65,28.56,23.07,5.49,80.77,4.94,18.12,11.4,0.76,15.28,0.41,50.0,32,10,1311,0.07,0.0,1.24,1.1,17.85,2.13,4.39,34.97,3.78,39.29,0.62,20.93
360,1015287,La Liga,25/26,Real Betis,Natan,Defender,6.66,0.0,0.02,0.0,0.32,0.03,0.19,0.0,0.1,60.0,0.0,0.0,0.0,0.0,0.0,0.0,0.0,0.0,0.0,0.0,0.0,0.0,0.0,0.0,1.02,1.15,6.95,0.74,0.32,0.03,0.0,0.0,0.0,0.26,0.0,0.0,0.0,0.22,45.86,40.48,5.38,88.27,30.52,9.96,2.15,0.0,0.0,1.63,34.0,33,32,2810,0.26,0.0,0.9,0.35,6.21,0.22,3.62,52.56,1.41,48.35,2.21,55.65
361,597876,La Liga,25/26,Real Oviedo,Lucas Ahijado,Defender,6.66,0.0,0.08,0.16,0.82,0.16,0.33,0.0,1.31,59.26,0.0,0.0,0.0,0.0,0.0,0.0,0.16,0.0,0.0,0.0,0.0,0.0,0.0,0.0,3.76,1.39,2.54,0.33,0.82,0.0,0.0,0.08,0.0,0.08,0.16,0.08,0.0,0.74,34.94,27.9,7.04,79.86,13.34,14.56,6.46,0.41,31.25,1.23,27.78,20,11,1100,0.25,0.0,1.15,0.25,11.86,0.25,5.89,63.16,5.32,63.73,0.57,58.33
362,1513896,La Liga,25/26,Mallorca,David López,Defender,6.66,0.0,0.03,0.0,0.43,0.0,0.32,0.0,0.22,100.0,0.0,0.0,0.0,0.0,0.0,0.0,0.0,0.0,0.0,0.0,0.0,0.0,0.0,0.0,1.19,0.86,8.75,1.51,0.22,0.11,0.0,0.0,0.11,0.11,0.0,0.0,0.0,0.0,49.59,41.27,8.32,83.22,29.93,11.34,2.92,0.0,0.0,3.78,40.7,14,9,833,0.22,0.0,1.4,0.43,8.64,0.0,4.75,59.46,1.84,53.13,2.92,64.29
363,827504,La Liga,25/26,Elche,Léo Pétrot,Defender,6.66,0.0,0.04,0.0,0.45,0.0,0.22,0.0,0.17,42.86,0.0,0.0,0.0,0.0,0.0,0.0,0.11,0.0,0.0,0.0,0.0,0.0,0.0,0.0,2.06,0.84,4.01,0.84,0.45,0.0,0.11,0.0,0.0,0.11,0.06,0.0,0.0,0.11,53.03,46.0,7.03,86.75,27.49,18.51,6.86,0.11,11.76,1.73,50.82,32,18,1614,0.11,0.06,1.06,0.33,10.48,0.28,4.46,60.15,2.57,56.1,1.9,66.67
364,1019318,La Liga,25/26,Athletic Club,Nico Serrano,Midfielder,6.66,0.25,0.17,0.0,3.95,0.99,0.99,6.25,1.73,36.84,0.25,0.0,0.0,0.0,0.25,0.0,0.0,0.0,0.0,0.0,0.0,0.0,0.0,0.0,1.48,0.49,0.49,0.0,2.22,0.0,0.0,0.0,0.0,0.0,0.25,0.0,0.0,2.47,30.33,24.41,5.92,80.49,4.19,20.22,13.07,2.96,28.57,1.73,70.0,16,4,365,0.0,0.0,2.47,1.97,19.97,0.99,5.67,37.7,5.18,38.89,0.49,28.57
365,1010655,La Liga,25/26,Sevilla,Juanlu Sánchez,Midfielder,6.66,0.0,0.04,0.0,0.63,0.04,0.27,0.0,1.21,52.94,0.0,0.0,0.0,0.0,0.0,0.0,0.18,0.04,0.0,0.0,0.0,0.0,0.0,0.0,2.83,0.54,1.44,0.0,1.39,0.0,0.0,0.09,0.0,0.0,0.22,0.13,0.0,0.99,34.35,28.59,5.75,83.25,11.64,16.95,9.89,0.9,32.79,1.62,60.0,32,23,2002,0.22,0.04,1.03,1.89,11.82,0.76,6.74,55.97,5.93,58.67,0.81,41.86
366,826010,La Liga,25/26,Espanyol,Pol Lozano,Midfielder,6.66,0.08,0.03,0.0,0.7,0.21,0.16,11.76,0.12,27.27,0.04,0.04,0.0,0.0,0.08,0.0,0.0,0.0,0.0,0.0,0.0,0.0,0.04,0.0,1.57,0.91,1.07,0.25,1.24,0.0,0.0,0.04,0.0,0.25,0.08,0.04,0.0,0.95,39.02,33.9,5.11,86.89,14.64,19.26,8.95,0.33,27.59,1.48,59.02,33,28,2182,0.41,0.04,2.64,1.24,7.88,0.58,3.38,38.32,2.93,38.8,0.45,35.48
367,67769,La Liga,25/26,Real Betis,Ricardo Rodríguez,Defender,6.66,0.0,0.01,0.0,0.17,0.0,0.12,0.0,0.06,50.0,0.0,0.0,0.0,0.0,0.0,0.0,0.0,0.0,0.0,0.0,0.0,0.0,0.0,0.0,1.38,0.46,3.87,0.17,0.69,0.0,0.0,0.0,0.0,0.29,0.06,0.06,0.0,0.4,36.58,30.98,5.6,84.7,16.1,14.88,5.88,0.4,46.67,1.21,32.81,23,18,1560,0.0,0.0,0.63,0.29,8.37,0.29,2.65,51.69,1.73,50.85,0.92,53.33
368,268903,La Liga,25/26,Sevilla,Neal Maupay,Forward,6.66,0.21,0.18,0.21,1.76,0.72,0.52,11.76,0.41,36.36,0.21,0.0,0.1,0.0,0.1,0.0,0.31,0.0,0.0,0.0,0.0,0.0,0.0,0.0,0.41,0.1,0.21,0.1,0.31,0.0,0.1,0.0,0.0,0.0,0.0,0.1,0.0,1.45,20.59,16.86,3.72,81.91,6.1,10.76,6.1,0.0,0.0,1.45,73.68,12,10,870,0.21,0.0,1.55,1.66,8.79,1.45,3.41,35.11,2.48,40.0,0.93,26.47
369,1402716,La Liga,25/26,Real Madrid,Gonzalo García,Forward,6.66,0.55,0.49,0.55,1.91,1.0,0.73,28.57,0.27,20.0,0.46,0.09,0.09,0.09,0.36,0.0,0.0,0.0,0.0,0.0,0.0,0.0,0.0,0.0,1.0,0.27,0.82,0.0,0.55,0.0,0.0,0.0,0.0,0.0,0.18,0.09,0.0,1.18,21.95,18.67,3.28,85.06,6.83,11.84,5.65,0.0,0.0,0.18,100.0,30,9,988,0.18,0.0,0.82,0.55,8.2,0.82,3.64,43.48,1.73,35.19,1.91,55.26
370,825754,La Liga,25/26,Elche,Rafa Mir,Forward,6.66,0.4,0.4,0.64,3.42,1.79,1.34,11.59,0.25,25.0,0.35,0.05,0.0,0.1,0.3,0.2,0.35,0.0,0.1,0.05,50.0,0.05,0.15,33.33,0.79,0.25,0.94,0.05,0.4,0.0,0.05,0.0,0.0,0.15,0.15,0.0,0.0,0.45,20.58,16.46,4.12,80.0,5.4,11.06,6.64,0.15,15.0,0.74,75.0,27,21,1815,0.2,0.0,1.93,0.79,9.07,1.24,2.78,32.18,1.83,32.46,0.94,31.67
371,1170693,La Liga,25/26,Mallorca,Mateo Joseph,Forward,6.66,0.11,0.27,0.42,1.74,0.74,0.74,6.06,0.95,47.37,0.11,0.0,0.0,0.05,0.05,0.05,0.21,0.05,0.0,0.0,0.0,0.0,0.0,0.0,1.53,0.63,1.26,0.21,0.79,0.0,0.0,0.0,0.0,0.05,0.16,0.16,0.0,0.74,15.89,12.95,2.95,81.46,4.37,8.58,5.0,0.21,28.57,0.11,50.0,29,19,1710,0.11,0.0,1.0,1.63,9.58,1.89,4.63,40.18,4.11,46.43,0.53,19.61
372,1393673,La Liga,25/26,Levante UD,Etta Eyong,Forward,6.66,0.37,0.46,0.58,2.64,1.27,1.06,14.0,0.58,37.93,0.37,0.0,0.21,0.05,0.11,0.05,0.37,0.0,0.05,0.0,0.0,0.0,0.0,0.0,1.43,0.32,0.95,0.05,0.21,0.0,0.0,0.0,0.0,0.11,0.21,0.21,0.0,0.79,14.96,10.31,4.65,68.9,3.49,6.82,3.96,0.05,7.69,0.48,64.29,33,18,1703,0.16,0.0,1.69,1.8,11.89,1.85,5.6,42.57,3.81,46.15,1.8,36.56
373,840951,La Liga,25/26,Sevilla,Marcão,Defender,6.65,0.0,0.07,0.1,0.95,0.19,0.38,0.0,0.1,100.0,0.0,0.0,0.0,0.0,0.0,0.0,0.1,0.0,0.0,0.0,0.0,0.0,0.0,0.0,1.24,0.48,5.63,0.48,0.48,0.1,0.19,0.1,0.0,0.19,0.0,0.0,0.0,0.0,44.48,38.84,5.63,87.34,27.87,10.98,2.96,0.0,0.0,2.48,44.83,13,11,943,0.19,0.1,2.1,2.0,6.68,0.0,5.92,55.86,3.34,58.33,2.58,52.94
374,363774,La Liga,25/26,Celta Vigo,Mihailo Ristić,Defender,6.65,0.0,0.01,0.0,0.35,0.0,0.0,0.0,2.11,66.67,0.0,0.0,0.0,0.0,0.0,0.0,0.0,0.0,0.0,0.0,0.0,0.0,0.0,0.0,0.35,0.7,2.46,0.7,1.05,0.0,0.0,0.0,0.0,0.0,0.0,0.0,0.0,0.7,51.33,42.89,8.44,83.56,28.48,14.41,8.44,0.0,0.0,1.76,33.33,5,4,256,0.0,0.0,0.0,0.7,12.3,0.35,3.52,52.63,3.16,56.25,0.35,33.33
375,1116388,La Liga,25/26,Real Sociedad,Jon Aramburu,Defender,6.65,0.03,0.06,0.06,0.68,0.16,0.39,4.76,0.36,50.0,0.03,0.0,0.03,0.0,0.0,0.0,0.1,0.0,0.0,0.0,0.0,0.0,0.0,0.0,3.39,1.52,3.07,0.29,1.48,0.0,0.03,0.06,0.0,0.1,0.0,0.0,0.0,0.36,41.45,33.54,7.91,80.92,16.46,17.08,7.46,0.23,14.89,1.32,37.96,35,31,2788,0.36,0.0,2.23,1.45,13.4,0.52,6.75,56.49,5.13,53.0,1.61,71.43
376,1630975,La Liga,25/26,Celta Vigo,Manu Fernández,Defender,6.65,0.0,0.01,0.0,0.24,0.0,0.24,0.0,0.12,50.0,0.0,0.0,0.0,0.0,0.0,0.0,0.0,0.0,0.0,0.0,0.0,0.0,0.0,0.0,1.53,0.94,4.0,0.35,0.0,0.0,0.12,0.24,0.0,0.12,0.0,0.0,0.12,0.35,59.29,53.41,5.88,90.08,34.94,18.47,5.06,0.0,0.0,2.82,45.28,14,9,765,0.24,0.0,0.94,0.82,7.18,0.71,3.29,60.87,2.47,60.0,0.82,63.64
377,326471,La Liga,25/26,Rayo Vallecano,Gerard Gumbau,Midfielder,6.65,0.0,0.06,0.08,1.5,0.38,0.53,0.0,0.45,66.67,0.0,0.0,0.0,0.0,0.0,0.0,0.0,0.0,0.0,0.0,0.0,0.0,0.15,0.0,2.18,0.75,2.11,0.45,0.38,0.0,0.0,0.08,0.0,0.0,0.38,0.23,0.0,1.73,36.47,30.38,6.09,83.3,15.11,15.26,6.99,1.28,32.08,2.11,52.83,28,14,1197,0.3,0.0,2.86,0.38,10.6,0.38,4.06,44.63,3.01,44.44,1.05,45.16
378,1089108,La Liga,25/26,Rayo Vallecano,Ilias Akhomach,Midfielder,6.65,0.0,0.19,0.4,2.41,0.8,1.0,0.0,1.4,31.82,0.0,0.0,0.0,0.0,0.0,0.0,0.1,0.0,0.0,0.0,0.0,0.0,0.1,0.0,2.41,0.2,0.9,0.2,0.2,0.0,0.0,0.0,0.0,0.0,0.3,0.1,0.0,1.3,25.89,21.77,4.11,84.11,6.62,15.15,9.83,0.6,19.35,0.9,52.94,20,9,897,0.3,0.0,1.81,3.61,16.66,2.71,7.53,47.47,7.42,49.33,0.1,12.5
379,604954,La Liga,25/26,Getafe,Borja Mayoral,Forward,6.65,0.34,0.26,0.25,1.26,0.59,0.25,26.67,0.51,66.67,0.34,0.0,0.08,0.08,0.17,0.0,0.93,0.0,0.08,0.0,0.0,0.0,0.0,0.0,0.42,0.42,0.42,0.17,0.34,0.0,0.0,0.0,0.0,0.17,0.08,0.08,0.0,0.42,22.25,18.03,4.21,81.06,5.65,12.39,7.25,0.08,16.67,1.01,66.67,16,12,1068,0.0,0.0,0.51,0.59,8.6,1.52,2.78,34.74,1.52,36.73,1.26,32.61
380,910978,La Liga,25/26,Athletic Club,Dani Vivian,Defender,6.65,0.04,0.04,0.07,0.6,0.21,0.25,5.88,0.18,83.33,0.0,0.04,0.0,0.0,0.04,0.04,0.04,0.0,0.0,0.0,0.0,0.0,0.0,0.0,1.93,1.12,5.02,0.46,0.81,0.07,0.07,0.04,0.0,0.14,0.11,0.0,0.0,0.21,47.37,40.52,6.85,85.54,24.09,16.43,4.88,0.11,27.27,3.27,48.69,31,28,2563,0.28,0.04,1.33,0.6,9.17,0.53,3.76,48.64,2.67,50.67,1.09,44.29
381,1403364,La Liga,25/26,Deportivo Alavés,Youssef Enriquez,Defender,6.65,0.0,0.05,0.07,0.73,0.2,0.27,0.0,0.53,34.78,0.0,0.0,0.0,0.0,0.0,0.0,0.0,0.0,0.0,0.0,0.0,0.0,0.0,0.0,1.14,0.67,2.47,0.07,0.73,0.0,0.07,0.0,0.0,0.07,0.27,0.07,0.07,1.14,35.75,28.33,7.42,79.25,14.03,14.3,6.75,1.34,32.79,1.74,48.15,25,13,1347,0.47,0.0,1.6,0.87,14.57,0.53,3.61,46.15,2.54,40.86,1.07,66.67
382,996929,La Liga,25/26,Valencia,Jesús Vázquez,Defender,6.65,0.0,0.03,0.0,0.74,0.19,0.28,0.0,1.95,60.0,0.0,0.0,0.0,0.0,0.0,0.0,0.19,0.0,0.0,0.0,0.0,0.0,0.0,0.0,2.23,0.37,2.97,0.37,1.48,0.0,0.0,0.0,0.0,0.09,0.19,0.0,0.0,1.3,31.45,26.44,5.01,84.07,11.41,15.03,7.42,0.46,19.23,0.84,45.0,24,7,970,0.19,0.0,1.48,0.74,11.97,1.21,5.94,48.48,4.92,47.32,1.02,55.0
383,996928,La Liga,25/26,Valencia,César Tárrega,Defender,6.65,0.0,0.02,0.03,0.38,0.03,0.28,0.0,0.35,76.92,0.0,0.0,0.0,0.0,0.0,0.0,0.0,0.0,0.0,0.0,0.0,0.0,0.0,0.0,1.46,1.01,6.72,0.66,0.31,0.07,0.03,0.03,0.07,0.24,0.0,0.0,0.0,0.07,45.78,39.51,6.27,86.3,30.91,8.59,2.04,0.0,0.0,2.08,37.97,32,29,2597,0.28,0.0,1.39,0.45,7.28,0.14,4.4,55.46,2.25,54.62,2.15,56.36
384,605374,La Liga,25/26,Elche,Tete Morente,Forward,6.65,0.1,0.05,0.0,0.77,0.1,0.39,12.5,0.87,30.0,0.1,0.0,0.1,0.0,0.0,0.0,0.19,0.0,0.0,0.0,0.0,0.0,0.0,0.0,2.12,0.96,1.93,0.48,0.68,0.0,0.0,0.0,0.0,0.19,0.29,0.1,0.0,1.06,30.1,22.57,7.52,75.0,5.31,17.27,11.0,0.58,13.04,0.58,22.22,13,11,933,0.1,0.0,1.93,0.96,17.94,1.16,5.11,42.74,3.95,41.0,1.16,50.0
385,1010891,La Liga,25/26,Elche,Mourad El Ghezouani,Forward,6.65,0.0,0.13,0.0,1.8,0.0,0.0,0.0,0.0,0.0,0.0,0.0,0.0,0.0,0.0,0.0,0.0,0.0,0.0,0.0,0.0,0.0,0.0,0.0,7.2,0.0,0.0,0.0,0.0,0.0,0.0,0.0,0.0,0.0,0.0,0.0,0.0,1.8,27.0,19.8,7.2,73.33,7.2,12.6,1.8,0.0,0.0,0.0,0.0,2,0,50,0.0,0.0,1.8,1.8,10.8,0.0,12.6,77.78,9.0,83.33,3.6,66.67
386,857065,La Liga,25/26,Real Oviedo,Horațiu Moldovan,Goalkeeper,6.65,0.0,0.0,0.0,0.0,0.0,0.0,0.0,0.0,0.0,0.0,0.0,0.0,0.0,0.0,0.0,0.0,0.0,0.0,0.0,0.0,0.0,0.0,0.0,0.0,0.0,1.5,0.0,0.0,0.5,0.5,0.0,0.0,0.0,0.0,0.0,0.0,0.0,40.0,27.0,13.0,67.5,22.5,4.5,1.0,0.0,0.0,7.0,35.9,2,2,180,0.0,0.0,0.0,0.0,13.0,0.0,0.0,0.0,0.0,0.0,0.0,0.0
387,2049311,La Liga,25/26,Levante UD,Nacho Pérez,Defender,6.65,0.0,0.0,0.0,0.0,0.0,0.0,0.0,0.0,0.0,0.0,0.0,0.0,0.0,0.0,0.0,0.0,0.0,0.0,0.0,0.0,0.0,0.0,0.0,2.45,1.22,2.45,0.0,0.61,0.0,0.0,0.0,0.0,0.0,0.0,0.0,0.0,1.22,29.39,23.88,5.51,81.25,14.69,9.18,2.45,0.0,0.0,0.61,16.67,3,1,147,0.61,0.0,0.61,0.61,8.57,0.61,3.06,45.45,3.06,55.56,0.0,0.0
388,1201412,La Liga,25/26,Real Oviedo,Thiago Fernández,Midfielder,6.64,0.0,0.06,0.0,1.42,0.55,0.55,0.0,2.19,40.82,0.0,0.0,0.0,0.0,0.0,0.11,0.22,0.0,0.0,0.0,0.0,0.0,0.0,0.0,1.42,0.55,0.33,0.0,0.99,0.11,0.0,0.0,0.0,0.0,0.44,0.44,0.0,1.09,27.7,22.34,5.36,80.63,6.68,15.66,8.32,0.88,27.59,0.99,52.94,16,9,822,0.44,0.0,0.77,1.2,17.63,2.63,5.04,36.51,4.82,38.94,0.22,15.38
389,851271,La Liga,25/26,Real Madrid,Fran García,Defender,6.64,0.1,0.08,0.1,0.58,0.19,0.29,16.67,0.29,33.33,0.1,0.0,0.0,0.1,0.0,0.0,0.1,0.0,0.0,0.0,0.0,0.0,0.0,0.0,1.83,0.68,2.12,0.39,0.48,0.0,0.0,0.0,0.0,0.19,0.0,0.1,0.0,0.48,42.83,38.1,4.73,88.96,15.72,22.38,11.29,0.58,21.43,1.35,56.0,13,10,933,0.0,0.1,0.68,1.35,10.03,0.77,4.15,53.09,3.47,59.02,0.68,35.0
390,1939173,La Liga,25/26,Mallorca,Jan Virgili,Midfielder,6.64,0.1,0.12,0.05,1.6,0.8,0.25,6.25,2.44,44.55,0.1,0.0,0.0,0.05,0.05,0.05,0.1,0.1,0.0,0.0,0.0,0.0,0.2,0.0,0.75,0.35,0.45,0.1,0.7,0.0,0.0,0.05,0.0,0.0,0.35,0.2,0.0,1.5,20.3,15.37,4.94,75.68,4.44,10.93,6.64,0.6,25.53,0.35,50.0,31,19,1804,0.0,0.05,1.1,1.2,14.87,1.75,5.09,40.16,4.39,40.55,0.7,37.84
391,904970,La Liga,25/26,Atlético Madrid,Conor Gallagher,Midfielder,6.64,0.27,0.15,0.14,1.76,0.68,0.95,15.38,0.41,18.75,0.27,0.0,0.0,0.14,0.14,0.0,0.27,0.0,0.0,0.0,0.0,0.0,0.0,0.0,2.3,1.49,0.68,0.41,1.35,0.0,0.0,0.0,0.0,0.14,0.14,0.0,0.0,0.54,48.59,43.85,4.74,90.25,19.62,24.23,12.32,0.14,9.09,0.81,50.0,19,4,665,0.27,0.0,2.44,1.22,12.18,1.22,5.28,41.49,3.92,38.16,1.35,55.56
392,576276,La Liga,25/26,Getafe,Domingos Duarte,Defender,6.64,0.03,0.03,0.0,0.4,0.12,0.25,7.69,0.0,0.0,0.03,0.0,0.03,0.0,0.0,0.0,0.09,0.0,0.0,0.0,0.0,0.0,0.0,0.0,0.95,1.08,6.52,0.49,0.31,0.0,0.03,0.06,0.03,0.28,0.03,0.03,0.0,0.06,27.63,21.15,6.49,76.53,13.86,7.28,2.43,0.0,0.0,2.46,42.55,34,34,2928,0.37,0.0,0.98,0.74,7.04,0.15,4.12,56.54,1.69,53.92,2.43,58.52
393,754710,La Liga,25/26,Valencia,Umar Sadiq,Forward,6.64,0.34,0.3,0.51,2.46,0.85,1.1,13.79,1.27,42.86,0.25,0.08,0.25,0.0,0.08,0.0,1.27,0.25,0.0,0.0,0.0,0.0,0.0,0.0,0.68,0.08,0.42,0.08,0.34,0.0,0.0,0.0,0.0,0.0,0.25,0.17,0.0,0.85,15.18,10.35,4.84,68.16,3.82,6.53,4.33,0.25,50.0,0.17,66.67,25,10,1061,0.34,0.0,2.71,1.78,14.34,2.88,5.85,33.5,3.56,32.31,2.29,35.53
394,909119,La Liga,25/26,Valencia,Hugo Duro,Forward,6.64,0.45,0.4,0.41,1.63,0.63,0.72,27.78,0.14,17.65,0.45,0.0,0.14,0.27,0.05,0.09,0.27,0.05,0.09,0.05,50.0,0.0,0.0,0.0,0.72,0.18,0.95,0.27,0.68,0.0,0.0,0.0,0.0,0.05,0.09,0.0,0.0,0.77,17.74,12.49,5.25,70.41,5.61,6.88,3.44,0.0,0.0,0.36,72.73,36,22,1989,0.23,0.0,1.0,1.72,8.96,0.54,4.62,39.08,2.58,48.72,2.04,31.25
395,974713,La Liga,25/26,Getafe,Luis Vázquez,Forward,6.64,0.22,0.15,0.07,1.87,0.67,0.82,12.0,0.22,25.0,0.22,0.0,0.0,0.15,0.07,0.07,1.27,0.15,0.0,0.0,0.0,0.0,0.0,0.0,0.37,0.3,0.9,0.07,0.22,0.0,0.07,0.0,0.0,0.15,0.0,0.07,0.0,0.37,15.47,8.82,6.65,57.0,2.47,6.35,3.89,0.0,0.0,0.22,60.0,17,14,1204,0.15,0.0,1.57,2.39,12.63,1.35,6.28,44.44,2.84,44.71,3.44,44.23
396,976374,La Liga,25/26,Girona FC,Vladyslav Vanat,Forward,6.64,0.41,0.39,0.41,1.24,0.83,0.18,33.33,0.41,47.37,0.37,0.05,0.0,0.23,0.18,0.0,0.92,0.05,0.14,0.14,100.0,0.0,0.0,0.0,0.23,0.14,0.73,0.05,0.18,0.0,0.09,0.0,0.0,0.05,0.14,0.05,0.0,0.55,12.54,9.78,2.76,78.02,5.05,4.73,3.31,0.05,20.0,0.14,50.0,27,27,1960,0.18,0.0,1.29,0.78,6.06,0.64,2.2,35.56,1.42,36.9,0.78,33.33
397,980383,La Liga,25/26,Osasuna,Raúl Moro,Midfielder,6.64,0.0,0.03,0.0,0.86,0.0,0.29,0.0,1.72,50.0,0.0,0.0,0.0,0.0,0.0,0.0,0.72,0.0,0.0,0.0,0.0,0.0,0.0,0.0,0.29,0.14,1.14,0.0,0.14,0.14,0.0,0.0,0.0,0.0,0.29,0.29,0.14,1.57,23.61,18.03,5.58,76.36,4.01,14.02,9.44,0.57,13.33,0.43,50.0,14,7,629,0.0,0.0,0.14,0.86,14.74,0.86,3.0,45.65,2.86,50.0,0.14,16.67
398,893642,La Liga,25/26,Mallorca,Marash Kumbulla,Defender,6.63,0.0,0.02,0.0,0.62,0.0,0.62,0.0,0.21,100.0,0.0,0.0,0.0,0.0,0.0,0.0,0.21,0.0,0.0,0.0,0.0,0.0,0.0,0.0,0.62,0.41,2.88,0.41,0.21,0.0,0.21,0.0,0.0,0.0,0.0,0.0,0.0,0.21,60.21,47.26,12.95,78.5,34.11,13.15,5.14,0.0,0.0,5.55,41.54,8,5,438,0.21,0.0,0.41,1.03,14.59,0.21,4.11,68.97,1.85,69.23,2.26,68.75
399,252815,La Liga,25/26,Sevilla,Fábio Cardoso,Defender,6.63,0.0,0.0,0.0,0.0,0.0,0.0,0.0,0.0,0.0,0.0,0.0,0.0,0.0,0.0,0.0,0.0,0.0,0.0,0.0,0.0,0.0,0.0,0.0,1.51,0.91,6.64,0.3,0.3,0.0,0.0,0.3,0.0,0.3,0.0,0.0,0.0,0.0,42.58,39.56,3.02,92.91,32.32,7.25,1.51,0.0,0.0,3.02,58.82,4,4,298,0.0,0.0,2.72,0.3,3.62,0.0,3.93,44.83,1.81,40.0,2.11,50.0
400,350560,La Liga,25/26,Getafe,Diego Rico,Defender,6.63,0.0,0.02,0.0,0.56,0.05,0.36,0.0,0.31,40.0,0.0,0.0,0.0,0.0,0.0,0.0,0.05,0.0,0.0,0.0,0.0,0.0,0.0,0.0,2.39,1.58,3.01,0.15,1.22,0.0,0.1,0.0,0.0,0.2,0.05,0.0,0.0,0.56,30.05,19.2,10.85,63.9,8.4,10.8,6.37,0.66,19.7,1.38,24.11,28,18,1767,0.2,0.0,1.12,1.78,18.08,0.31,5.6,55.84,4.48,60.27,1.12,43.14
401,316148,La Liga,25/26,Villarreal,Thomas Partey,Midfielder,6.63,0.0,0.07,0.0,1.06,0.19,0.58,0.0,0.77,80.0,0.0,0.0,0.0,0.0,0.0,0.0,0.0,0.0,0.0,0.0,0.0,0.0,0.0,0.0,1.74,1.35,1.74,0.39,0.87,0.19,0.1,0.1,0.0,0.19,0.0,0.0,0.0,0.77,52.94,45.77,7.16,86.47,23.52,22.26,10.06,0.29,75.0,2.13,56.41,25,8,930,0.1,0.0,1.06,0.58,10.26,1.26,4.45,51.11,3.1,50.79,1.35,51.85
402,1518564,La Liga,25/26,Sevilla,Miguel Sierra,Midfielder,6.63,0.0,0.26,0.0,5.71,1.43,4.29,0.0,2.86,100.0,0.0,0.0,0.0,0.0,0.0,0.0,0.0,0.0,0.0,0.0,0.0,0.0,0.0,0.0,5.71,0.0,2.86,0.0,0.0,0.0,0.0,0.0,0.0,0.0,0.0,0.0,0.0,0.0,34.29,21.43,12.86,62.5,11.43,10.0,7.14,1.43,25.0,1.43,25.0,4,0,63,0.0,0.0,1.43,4.29,21.43,1.43,12.86,69.23,12.86,81.82,0.0,0.0
403,814360,La Liga,25/26,Osasuna,Juan Cruz,Defender,6.63,0.0,0.05,0.14,0.14,0.0,0.14,0.0,0.27,66.67,0.0,0.0,0.0,0.0,0.0,0.0,0.0,0.0,0.0,0.0,0.0,0.0,0.0,0.0,0.55,0.55,3.41,0.82,0.27,0.0,0.0,0.14,0.0,0.27,0.0,0.0,0.0,0.27,32.32,28.5,3.82,88.19,18.82,9.68,3.68,0.27,40.0,1.09,36.36,15,7,660,0.27,0.0,0.55,0.27,6.41,0.14,1.77,50.0,1.09,50.0,0.68,50.0
404,1173575,La Liga,25/26,Celta Vigo,Jones El-Abdellaoui,Forward,6.63,0.26,0.34,0.4,2.24,0.53,0.92,11.76,1.45,40.74,0.26,0.0,0.0,0.0,0.26,0.0,0.26,0.0,0.0,0.0,0.0,0.0,0.0,0.0,0.79,0.4,1.58,0.0,0.79,0.0,0.0,0.0,0.0,0.0,0.0,0.0,0.0,1.19,18.84,15.68,3.16,83.22,3.69,11.99,7.38,0.79,20.0,0.13,50.0,22,4,683,0.0,0.0,0.92,0.4,12.39,1.84,3.43,34.67,2.64,32.26,0.79,46.15
405,227922,La Liga,25/26,Valencia,José Luis Gayà,Defender,6.63,0.04,0.03,0.04,0.48,0.11,0.22,7.69,0.4,45.83,0.04,0.0,0.0,0.04,0.0,0.07,0.11,0.0,0.0,0.0,0.0,0.0,0.0,0.0,2.52,0.84,3.15,0.26,0.69,0.04,0.04,0.0,0.0,0.18,0.11,0.07,0.0,0.91,33.79,28.34,5.45,83.87,14.45,13.9,7.39,0.69,21.59,1.21,39.29,32,31,2461,0.22,0.04,1.13,0.73,10.53,0.22,4.5,59.13,3.66,59.52,0.84,57.5
406,1895964,La Liga,25/26,Getafe,Ismael Bekhoucha,Defender,6.63,0.0,0.01,0.0,0.75,0.0,0.0,0.0,1.5,66.67,0.0,0.0,0.0,0.0,0.0,0.0,0.0,0.0,0.0,0.0,0.0,0.0,0.0,0.0,4.5,1.5,3.0,0.0,2.25,0.0,0.0,0.0,0.0,0.75,0.75,0.75,0.0,0.75,14.25,9.0,5.25,63.16,0.75,8.25,3.75,0.75,25.0,1.5,50.0,4,1,120,1.5,0.0,5.25,2.25,12.75,2.25,8.25,40.74,8.25,44.0,0.0,0.0
407,115665,La Liga,25/26,Real Betis,Cédric Bakambu,Forward,6.63,0.46,0.51,0.76,3.19,1.37,1.52,14.29,0.15,25.0,0.46,0.0,0.15,0.0,0.3,0.15,1.52,0.0,0.0,0.0,0.0,0.0,0.0,0.0,0.3,0.3,1.37,0.0,0.3,0.0,0.0,0.0,0.0,0.0,0.3,0.15,0.0,0.61,13.66,10.47,3.19,76.67,3.95,6.53,3.64,0.0,0.0,0.46,75.0,18,5,593,0.15,0.0,1.67,1.37,6.68,1.06,3.19,35.0,1.82,35.29,1.37,34.62
408,877037,La Liga,25/26,Espanyol,Cyril Ngonge,Forward,6.63,0.0,0.1,0.21,2.32,0.85,1.48,0.0,1.06,26.32,0.0,0.0,0.0,0.0,0.0,0.21,1.06,0.0,0.0,0.0,0.0,0.0,0.42,0.0,1.48,0.85,0.42,0.0,0.42,0.0,0.0,0.0,0.0,0.0,0.85,0.42,0.0,1.69,25.77,19.23,6.55,74.59,7.82,11.41,7.18,1.27,23.08,1.27,42.86,9,6,426,0.85,0.0,1.9,2.54,18.38,1.69,6.76,47.76,5.07,43.64,1.69,66.67
409,913695,La Liga,25/26,Valencia,José Copete,Defender,6.62,0.0,0.08,0.15,0.66,0.0,0.56,0.0,0.36,77.78,0.0,0.0,0.0,0.0,0.0,0.0,0.1,0.0,0.0,0.0,0.0,0.0,0.0,0.0,1.32,1.12,5.7,0.81,0.41,0.05,0.05,0.1,0.05,0.1,0.0,0.0,0.0,0.25,51.11,43.73,7.38,85.56,27.39,16.34,5.55,0.15,75.0,2.55,41.67,21,19,1768,0.25,0.0,1.02,0.56,8.2,0.15,4.07,57.14,2.24,57.14,1.83,57.14
410,838159,La Liga,25/26,Real Sociedad,Igor Zubeldia,Defender,6.62,0.0,0.01,0.0,0.26,0.04,0.13,0.0,0.04,25.0,0.0,0.0,0.0,0.0,0.0,0.0,0.0,0.0,0.0,0.0,0.0,0.0,0.0,0.0,1.64,0.95,6.42,0.56,0.3,0.0,0.09,0.0,0.0,0.09,0.04,0.04,0.0,0.22,49.7,43.79,5.91,88.12,30.91,12.89,3.15,0.0,0.0,1.68,35.45,25,23,2088,0.39,0.0,1.64,0.22,6.55,0.04,3.92,46.67,1.85,47.78,2.07,45.71
411,891931,La Liga,25/26,Deportivo Alavés,Ander Guevara,Midfielder,6.62,0.13,0.03,0.0,0.66,0.13,0.4,20.0,0.66,50.0,0.13,0.0,0.0,0.13,0.0,0.13,0.0,0.0,0.0,0.0,0.0,0.0,0.0,0.0,1.59,0.93,3.57,0.26,1.59,0.0,0.26,0.0,0.0,0.0,0.26,0.13,0.0,0.79,60.22,49.76,10.46,82.64,23.03,26.74,11.25,0.4,42.86,2.78,53.85,25,2,680,0.26,0.13,1.46,0.66,14.56,1.59,4.9,42.05,2.91,36.07,1.99,55.56
412,592012,La Liga,25/26,Athletic Club,Álex Berenguer,Midfielder,6.62,0.08,0.19,0.29,1.83,0.83,0.5,4.55,0.96,38.98,0.04,0.04,0.0,0.04,0.04,0.04,0.25,0.0,0.0,0.0,0.0,0.0,0.0,0.0,1.16,0.54,0.75,0.04,0.91,0.04,0.04,0.0,0.04,0.08,0.29,0.12,0.0,2.04,31.94,24.58,7.36,76.95,6.61,17.97,11.85,1.95,23.5,1.12,44.26,31,25,2164,0.17,0.0,1.12,1.58,19.8,1.87,4.95,39.27,3.66,40.37,1.29,36.47
413,1392592,La Liga,25/26,Espanyol,Roberto Fernández,Forward,6.62,0.26,0.35,0.3,2.22,0.87,0.87,11.86,0.34,39.13,0.23,0.04,0.11,0.0,0.15,0.04,0.34,0.04,0.04,0.04,100.0,0.0,0.0,0.0,0.45,0.26,0.98,0.19,0.53,0.0,0.04,0.0,0.0,0.15,0.23,0.11,0.0,0.68,13.72,9.58,4.15,69.78,3.62,5.96,3.24,0.04,11.11,0.15,50.0,38,25,2387,0.11,0.0,1.51,1.73,9.31,1.32,4.6,36.2,2.38,40.13,2.22,32.78
414,879875,La Liga,25/26,Deportivo Alavés,Facundo Garcés,Defender,6.62,0.0,0.04,0.11,0.91,0.45,0.34,0.0,0.0,0.0,0.0,0.0,0.0,0.0,0.0,0.0,0.23,0.0,0.0,0.0,0.0,0.0,0.0,0.0,1.48,0.8,7.73,1.02,0.34,0.0,0.0,0.0,0.0,0.11,0.0,0.0,0.0,0.0,40.23,33.98,6.25,84.46,23.18,10.8,1.48,0.0,0.0,1.25,25.0,10,8,792,0.34,0.0,1.48,0.34,7.27,0.0,4.55,53.33,1.82,51.61,2.73,54.55
415,1120504,La Liga,25/26,Real Oviedo,Abdel Rahim,Defender,6.62,0.0,0.0,0.0,0.16,0.0,0.0,0.0,0.42,47.06,0.0,0.0,0.0,0.0,0.0,0.0,0.47,0.0,0.0,0.0,0.0,0.0,0.0,0.0,1.77,1.72,3.65,0.31,0.42,0.05,0.1,0.0,0.0,0.16,0.1,0.0,0.0,0.89,37.54,30.03,7.51,80.0,16.32,13.71,6.78,0.68,18.84,1.15,36.67,27,18,1726,0.1,0.0,0.52,0.42,14.6,0.21,3.7,62.83,2.61,62.5,1.1,63.64
416,844752,La Liga,25/26,Real Oviedo,Nacho Vidal,Defender,6.61,0.0,0.09,0.2,0.63,0.12,0.32,0.0,0.55,45.16,0.0,0.0,0.0,0.0,0.0,0.04,0.04,0.0,0.0,0.0,0.0,0.0,0.0,0.0,1.78,1.23,3.12,0.28,0.83,0.0,0.12,0.0,0.0,0.24,0.0,0.0,0.0,0.28,36.28,29.45,6.84,81.15,16.68,12.77,5.18,0.2,12.2,1.74,40.37,29,27,2277,0.16,0.0,0.95,1.07,11.15,0.36,4.19,53.81,3.32,54.19,0.87,52.38
417,873717,La Liga,25/26,Deportivo Alavés,Carlos Benavídez,Midfielder,6.61,0.0,0.06,0.0,0.8,0.53,0.0,0.0,0.0,0.0,0.0,0.0,0.0,0.0,0.0,0.0,0.0,0.0,0.0,0.0,0.0,0.0,0.0,0.0,2.93,0.53,3.73,1.33,0.27,0.0,0.0,0.0,0.0,0.0,0.0,0.0,0.0,0.8,36.48,29.82,6.66,81.75,15.71,14.11,6.92,0.27,100.0,2.93,55.0,13,3,338,0.0,0.27,2.13,0.53,9.32,0.53,5.06,50.0,3.46,50.0,1.6,50.0
418,35532,La Liga,25/26,Real Oviedo,Salomón Rondón,Forward,6.61,0.17,0.26,0.35,2.08,0.43,1.3,8.33,0.78,47.37,0.17,0.0,0.09,0.0,0.09,0.0,1.04,0.0,0.09,0.0,0.0,0.0,0.0,0.0,0.26,0.09,1.04,0.09,0.17,0.0,0.09,0.0,0.0,0.09,0.0,0.0,0.0,0.43,17.88,12.84,5.03,71.84,6.34,6.51,3.47,0.09,50.0,0.61,70.0,16,13,1037,0.17,0.0,0.95,1.82,10.5,1.82,6.68,48.13,2.78,42.67,3.91,52.94
419,1869106,La Liga,25/26,Levante UD,Paco Cortés,Forward,6.61,0.0,0.09,0.0,2.27,0.76,0.19,0.0,1.7,39.13,0.0,0.0,0.0,0.0,0.0,0.0,0.19,0.0,0.0,0.0,0.0,0.0,0.0,0.0,0.76,0.38,0.76,0.19,0.76,0.0,0.0,0.0,0.0,0.0,0.38,0.0,0.0,1.13,19.85,15.32,4.54,77.14,6.05,9.26,4.73,0.19,4.76,0.19,16.67,12,4,476,0.38,0.0,1.13,1.13,15.13,1.7,3.78,37.74,3.59,38.0,0.19,33.33
420,1008037,La Liga,25/26,Real Oviedo,Ilyas Chaira,Midfielder,6.61,0.22,0.25,0.26,2.97,1.28,0.99,7.41,1.21,31.13,0.18,0.04,0.04,0.07,0.11,0.07,0.66,0.04,0.0,0.0,0.0,0.0,0.0,0.0,1.79,0.18,0.4,0.18,1.06,0.04,0.0,0.0,0.0,0.07,0.11,0.07,0.0,0.66,24.28,20.21,4.06,83.26,9.04,11.17,6.85,0.44,16.22,0.4,57.89,36,30,2458,0.07,0.04,1.94,1.5,13.62,1.32,5.27,39.34,4.5,39.55,0.77,38.18
421,34120,La Liga,25/26,Sevilla,Alexis Sánchez,Forward,6.61,0.28,0.26,0.28,1.72,0.62,0.69,16.0,0.55,36.36,0.28,0.0,0.07,0.0,0.21,0.0,0.9,0.0,0.07,0.07,100.0,0.0,0.07,0.0,1.52,0.48,0.28,0.0,1.1,0.0,0.14,0.0,0.0,0.07,0.07,0.14,0.0,1.79,30.62,22.83,7.79,74.55,6.76,16.07,11.17,0.41,24.0,0.97,46.67,28,11,1305,0.21,0.0,1.1,1.79,15.1,1.03,4.83,46.67,3.86,49.12,0.97,38.89
422,2588613,La Liga,25/26,Mallorca,Miguel Calatayud,Defender,6.6,0.0,0.11,0.0,2.2,0.0,2.2,0.0,2.2,100.0,0.0,0.0,0.0,0.0,0.0,0.0,0.0,0.0,0.0,0.0,0.0,0.0,0.0,0.0,2.2,0.0,2.2,2.2,2.2,0.0,0.0,0.0,0.0,0.0,0.0,0.0,0.0,0.0,68.05,61.46,6.59,90.32,19.76,41.71,21.95,0.0,0.0,2.2,25.0,2,0,41,0.0,0.0,4.39,0.0,8.78,0.0,6.59,60.0,4.39,50.0,2.2,100.0
423,359742,La Liga,25/26,Athletic Club,Mikel Vesga,Midfielder,6.6,0.0,0.03,0.2,0.59,0.0,0.59,0.0,1.37,77.78,0.0,0.0,0.0,0.0,0.0,0.0,0.0,0.0,0.0,0.0,0.0,0.0,0.0,0.0,3.53,1.76,1.96,0.0,2.35,0.0,0.39,0.0,0.0,0.0,0.0,0.0,0.0,0.78,55.49,42.55,12.94,76.68,15.49,27.06,12.35,0.0,0.0,3.53,64.29,23,1,459,0.0,0.0,1.57,1.37,17.45,1.18,9.02,54.76,6.27,53.33,2.75,58.33
424,602164,La Liga,25/26,Elche,Jairo Izquierdo,Defender,6.6,0.0,0.0,0.0,0.0,0.0,0.0,0.0,0.0,0.0,0.0,0.0,0.0,0.0,0.0,0.0,0.0,0.0,0.0,0.0,0.0,0.0,0.0,0.0,0.0,0.0,0.0,0.0,0.0,0.0,0.0,0.0,0.0,0.0,0.0,0.0,0.0,0.0,46.8,39.6,7.2,84.62,21.6,18.0,3.6,0.0,0.0,3.6,100.0,1,0,25,0.0,0.0,0.0,0.0,21.6,3.6,0.0,0.0,0.0,0.0,0.0,0.0
425,1832286,La Liga,25/26,Atlético Madrid,Jano Monserrate,Midfielder,6.6,0.0,0.06,0.0,3.21,3.21,0.0,0.0,3.21,50.0,0.0,0.0,0.0,0.0,0.0,0.0,0.0,0.0,0.0,0.0,0.0,0.0,0.0,0.0,6.43,0.0,3.21,0.0,6.43,0.0,0.0,0.0,0.0,0.0,0.0,0.0,0.0,0.0,45.0,41.79,3.21,92.86,6.43,35.36,16.07,0.0,0.0,0.0,0.0,2,0,28,0.0,0.0,6.43,3.21,19.29,0.0,16.07,50.0,12.86,44.44,3.21,100.0
426,1019236,La Liga,25/26,Espanyol,Jofre Carreras,Midfielder,6.6,0.1,0.23,0.1,2.25,0.68,0.78,4.35,1.56,37.21,0.1,0.0,0.0,0.0,0.1,0.0,0.2,0.0,0.0,0.0,0.0,0.0,0.0,0.0,0.88,0.59,0.78,0.0,0.88,0.0,0.0,0.0,0.0,0.0,0.2,0.0,0.0,1.47,20.91,15.64,5.28,74.77,4.98,10.65,4.79,0.88,25.0,0.2,22.22,26,9,921,0.1,0.0,1.27,2.64,14.66,0.59,5.37,46.61,5.08,48.6,0.29,27.27
427,1216282,La Liga,25/26,Espanyol,Luca Koleosho,Forward,6.6,0.0,0.06,0.0,1.5,0.0,0.0,0.0,6.0,57.14,0.0,0.0,0.0,0.0,0.0,0.0,0.0,0.0,0.0,0.0,0.0,0.0,0.0,0.0,1.5,1.5,1.5,0.0,0.0,0.0,0.0,0.0,0.0,0.0,0.0,0.0,0.0,1.5,36.0,34.5,1.5,95.83,15.0,19.5,12.0,0.0,0.0,1.5,100.0,3,0,60,0.0,0.0,4.5,0.0,25.5,1.5,7.5,38.46,7.5,41.67,0.0,0.0
428,2216007,La Liga,25/26,Elche,Alex Sanchez,Forward,6.6,0.0,0.0,0.0,0.0,0.0,0.0,0.0,0.0,0.0,0.0,0.0,0.0,0.0,0.0,0.0,0.0,0.0,0.0,0.0,0.0,0.0,0.0,0.0,6.43,0.0,0.0,0.0,0.0,0.0,0.0,0.0,0.0,0.0,0.0,6.43,0.0,6.43,38.57,25.71,12.86,66.67,12.86,12.86,6.43,0.0,0.0,0.0,0.0,1,0,14,0.0,0.0,0.0,0.0,25.71,0.0,6.43,33.33,6.43,33.33,0.0,0.0
429,1142683,La Liga,25/26,Real Madrid,Manuel Ángel Morán,Midfielder,6.6,0.0,0.05,0.0,1.89,0.95,0.0,0.0,0.95,50.0,0.0,0.0,0.0,0.0,0.0,0.0,0.0,0.0,0.0,0.0,0.0,0.0,0.0,0.0,3.79,0.0,0.95,0.0,1.89,0.0,0.0,0.0,0.95,0.0,0.0,0.0,0.0,0.0,65.37,58.74,6.63,89.86,18.95,39.79,18.0,0.0,0.0,0.95,100.0,4,1,95,0.0,0.0,1.89,3.79,11.37,0.95,8.53,60.0,8.53,60.0,0.0,0.0
430,2238900,La Liga,25/26,Villarreal,Carlos Maciá,Midfielder,6.6,0.0,0.07,0.0,1.15,0.0,1.15,0.0,1.15,100.0,0.0,0.0,0.0,0.0,0.0,0.0,0.0,0.0,0.0,0.0,0.0,0.0,0.0,0.0,5.77,2.31,2.31,0.0,1.15,0.0,0.0,0.0,0.0,0.0,0.0,0.0,0.0,0.0,45.0,36.92,8.08,82.05,9.23,27.69,9.23,0.0,0.0,0.0,0.0,5,0,78,1.15,0.0,1.15,0.0,11.54,0.0,6.92,75.0,6.92,75.0,0.0,0.0
431,1117026,La Liga,25/26,Elche,Federico Redondo,Midfielder,6.6,0.0,0.03,0.0,0.41,0.0,0.41,0.0,0.0,0.0,0.0,0.0,0.0,0.0,0.0,0.0,0.0,0.0,0.0,0.0,0.0,0.0,0.0,0.0,2.49,2.07,2.9,0.0,0.41,0.0,0.0,0.0,0.0,0.0,0.0,0.0,0.0,0.41,55.99,49.35,6.64,88.15,25.3,24.06,9.54,0.0,0.0,1.66,57.14,11,1,217,0.0,0.41,3.32,2.07,9.54,0.0,5.39,50.0,4.15,47.62,1.24,60.0
432,966836,La Liga,25/26,Getafe,Álex Sola,Forward,6.6,0.0,0.0,0.0,0.0,0.0,0.0,0.0,0.0,0.0,0.0,0.0,0.0,0.0,0.0,0.0,0.0,0.0,0.0,0.0,0.0,0.0,0.0,0.0,0.0,0.0,0.0,0.0,0.0,0.0,0.0,0.0,0.0,0.0,0.0,0.0,0.0,0.0,0.0,0.0,0.0,0.0,0.0,0.0,0.0,0.0,0.0,0.0,0.0,1,0,12,0.0,0.0,0.0,15.0,22.5,0.0,15.0,40.0,15.0,50.0,0.0,0.0
433,1832076,La Liga,25/26,Atlético Madrid,Javi Morcillo,Midfielder,6.6,0.0,0.13,0.0,1.07,0.0,1.07,0.0,0.0,0.0,0.0,0.0,0.0,0.0,0.0,0.0,0.0,0.0,0.0,0.0,0.0,0.0,0.0,0.0,2.66,1.07,1.6,0.53,3.73,0.0,0.0,0.0,0.0,0.0,0.0,0.0,0.0,0.53,37.28,34.08,3.2,91.43,17.57,16.51,6.39,0.0,0.0,0.53,33.33,5,1,169,1.07,0.0,3.2,1.07,3.73,0.0,4.79,39.13,3.73,36.84,1.07,50.0
434,357598,La Liga,25/26,Real Oviedo,Josip Brekalo,Midfielder,6.6,0.0,0.05,0.0,1.68,0.56,0.93,0.0,0.75,36.36,0.0,0.0,0.0,0.0,0.0,0.0,0.0,0.0,0.0,0.0,0.0,0.0,0.0,0.0,2.24,0.56,0.19,0.0,1.12,0.0,0.0,0.19,0.0,0.0,0.56,0.0,0.0,2.05,38.94,28.32,10.62,72.73,8.76,19.57,12.3,1.12,23.08,2.98,64.0,14,6,483,0.19,0.0,1.3,1.12,18.45,0.56,4.1,45.83,4.1,51.16,0.0,0.0
435,1590121,La Liga,25/26,Real Madrid,Jorge Cestero,Midfielder,6.6,0.0,0.0,0.0,0.0,0.0,0.0,0.0,0.0,0.0,0.0,0.0,0.0,0.0,0.0,0.0,0.0,0.0,0.0,0.0,0.0,0.0,0.0,0.0,7.5,0.0,7.5,0.0,15.0,0.0,0.0,0.0,0.0,0.0,0.0,0.0,0.0,0.0,45.0,30.0,15.0,66.67,22.5,7.5,7.5,0.0,0.0,0.0,0.0,2,0,12,0.0,0.0,0.0,0.0,15.0,0.0,7.5,33.33,7.5,33.33,0.0,0.0
436,758666,La Liga,25/26,Real Oviedo,Borja Sánchez,Midfielder,6.6,0.0,0.0,0.0,0.0,0.0,0.0,0.0,0.0,0.0,0.0,0.0,0.0,0.0,0.0,0.0,0.0,0.0,0.0,0.0,0.0,0.0,0.0,0.0,0.0,0.0,0.0,0.0,0.0,0.0,0.0,0.0,0.0,0.0,0.0,0.0,0.0,0.0,83.08,69.23,13.85,83.33,41.54,27.69,0.0,0.0,0.0,13.85,100.0,1,0,13,0.0,0.0,0.0,0.0,13.85,0.0,0.0,0.0,0.0,0.0,0.0,0.0
437,1088565,La Liga,25/26,Espanyol,Ramón Terrats,Midfielder,6.6,0.08,0.13,0.0,1.27,0.25,0.76,6.67,0.76,32.14,0.08,0.0,0.0,0.08,0.0,0.08,0.08,0.0,0.0,0.0,0.0,0.0,0.17,0.0,1.86,0.93,0.59,0.42,0.85,0.0,0.0,0.0,0.0,0.0,0.34,0.17,0.0,1.36,21.69,16.69,5.0,76.95,5.93,10.76,6.53,0.59,23.33,0.93,50.0,29,12,1062,0.0,0.0,1.27,1.86,13.31,2.03,5.25,41.33,4.49,43.8,0.76,31.03
438,783374,La Liga,25/26,Athletic Club,Iñaki Williams,Midfielder,6.6,0.12,0.27,0.5,2.37,0.83,0.79,5.26,0.5,21.82,0.12,0.0,0.0,0.0,0.12,0.04,0.42,0.08,0.04,0.04,100.0,0.0,0.0,0.0,0.5,0.33,0.58,0.08,0.5,0.0,0.0,0.0,0.0,0.04,0.29,0.25,0.04,1.08,20.59,14.28,6.31,69.35,3.4,10.88,7.22,0.46,16.42,0.25,33.33,30,25,2168,0.08,0.0,1.16,0.95,14.9,1.41,3.2,34.07,1.95,29.01,1.25,46.88
439,989113,La Liga,25/26,Real Betis,Rodrigo Riquelme,Midfielder,6.6,0.11,0.23,0.43,2.58,0.75,0.97,4.17,1.18,28.21,0.11,0.0,0.0,0.0,0.11,0.21,0.11,0.0,0.0,0.0,0.0,0.0,0.0,0.0,1.72,0.54,0.75,0.0,1.72,0.0,0.0,0.0,0.0,0.0,0.11,0.11,0.0,1.5,33.19,27.6,5.58,83.17,8.81,18.79,11.92,0.54,22.73,0.75,41.18,25,7,838,0.21,0.0,0.86,1.18,14.07,1.83,4.51,35.9,4.08,36.54,0.43,30.77
440,361790,La Liga,25/26,Girona FC,Donny van de Beek,Midfielder,6.6,0.0,0.2,0.0,4.39,2.2,2.2,0.0,0.0,0.0,0.0,0.0,0.0,0.0,0.0,0.0,2.2,0.0,0.0,0.0,0.0,0.0,0.0,0.0,0.0,0.0,4.39,2.2,0.0,0.0,0.0,0.0,0.0,0.0,0.0,0.0,0.0,0.0,28.54,26.34,2.2,92.31,8.78,17.56,10.98,0.0,0.0,0.0,0.0,2,1,41,0.0,0.0,0.0,0.0,4.39,0.0,0.0,0.0,0.0,0.0,0.0,0.0
441,828239,La Liga,25/26,Mallorca,Toni Lato,Defender,6.6,0.0,0.0,0.0,0.0,0.0,0.0,0.0,1.05,77.78,0.0,0.0,0.0,0.0,0.0,0.0,0.0,0.0,0.0,0.0,0.0,0.0,0.0,0.0,1.5,0.9,2.25,0.45,0.9,0.0,0.0,0.0,0.0,0.0,0.15,0.15,0.0,0.6,33.06,27.05,6.01,81.82,13.52,13.52,6.61,0.9,23.08,1.65,50.0,12,7,599,0.45,0.0,1.05,0.45,12.17,1.05,3.76,43.86,2.85,46.34,0.9,37.5
442,866810,La Liga,25/26,Athletic Club,Andoni Gorosabel,Defender,6.59,0.0,0.02,0.0,0.33,0.07,0.26,0.0,0.79,60.0,0.0,0.0,0.0,0.0,0.0,0.0,0.0,0.0,0.0,0.0,0.0,0.0,0.0,0.0,2.45,1.06,2.58,0.13,1.06,0.0,0.07,0.0,0.0,0.13,0.13,0.07,0.0,1.06,36.75,31.46,5.3,85.59,12.85,18.61,8.94,0.86,23.64,0.33,20.83,24,15,1359,0.2,0.0,0.93,0.79,12.38,0.73,4.9,55.22,4.04,55.45,0.86,54.17
443,1914318,La Liga,25/26,Mallorca,Marc Domenech,Forward,6.59,0.0,0.05,0.0,1.24,0.0,0.41,0.0,0.41,25.0,0.0,0.0,0.0,0.0,0.0,0.0,0.0,0.0,0.0,0.0,0.0,0.0,0.0,0.0,1.24,0.0,1.66,0.0,0.0,0.0,0.0,0.0,0.0,0.0,0.41,0.41,0.0,0.83,13.27,7.88,5.39,59.38,4.15,3.73,2.07,0.41,14.29,0.41,33.33,7,2,217,0.0,0.0,1.24,1.24,13.69,0.83,3.73,45.0,2.9,46.67,0.83,40.0
444,962029,La Liga,25/26,Valencia,Lucas Beltrán,Forward,6.59,0.07,0.27,0.46,2.24,0.59,0.86,2.94,1.05,51.61,0.0,0.07,0.0,0.0,0.07,0.13,0.26,0.07,0.0,0.0,0.0,0.0,0.0,0.0,1.45,0.26,0.86,0.07,0.53,0.0,0.0,0.0,0.0,0.07,0.26,0.13,0.0,0.86,25.76,20.16,5.6,78.26,6.92,13.24,8.17,0.13,22.22,0.59,52.94,27,16,1366,0.07,0.0,1.71,2.57,13.18,2.24,6.72,44.93,5.07,49.04,1.65,35.71
445,891511,La Liga,25/26,Espanyol,Javi Puado,Midfielder,6.59,0.27,0.46,0.8,1.99,1.19,0.8,13.33,0.66,35.71,0.27,0.0,0.13,0.0,0.13,0.0,0.0,0.0,0.27,0.13,50.0,0.0,0.0,0.0,0.53,0.4,0.4,0.13,0.66,0.0,0.0,0.0,0.0,0.0,0.27,0.0,0.0,1.33,26.42,22.17,4.25,83.92,8.23,13.94,9.03,0.66,25.0,0.8,66.67,10,8,678,0.27,0.0,1.46,0.8,10.22,0.66,2.26,30.36,1.99,34.88,0.27,15.38
446,1142094,La Liga,25/26,Sevilla,Manu Bueno,Midfielder,6.59,0.0,0.02,0.0,0.65,0.0,0.65,0.0,0.32,100.0,0.0,0.0,0.0,0.0,0.0,0.0,0.0,0.0,0.0,0.0,0.0,0.0,0.0,0.0,0.97,0.0,0.97,0.0,0.65,0.0,0.0,0.0,0.0,0.0,0.0,0.0,0.0,0.65,34.84,29.68,5.16,85.19,14.19,15.48,7.42,0.65,100.0,1.29,40.0,8,2,279,0.65,0.0,1.29,0.97,8.71,0.32,2.58,47.06,2.26,50.0,0.32,33.33
447,789381,La Liga,25/26,Real Betis,Chimy Ávila,Forward,6.59,0.23,0.37,0.46,1.83,0.46,0.46,12.5,0.0,0.0,0.23,0.0,0.0,0.0,0.23,0.0,0.46,0.0,0.23,0.23,100.0,0.0,0.23,0.0,0.91,1.14,1.6,0.0,0.91,0.0,0.0,0.0,0.0,0.0,0.0,0.0,0.0,2.06,24.44,17.36,7.08,71.03,5.03,12.34,7.54,1.37,42.86,1.14,41.67,16,3,394,0.91,0.0,1.37,1.83,13.48,1.14,4.57,44.44,2.51,40.74,2.06,50.0
448,905639,La Liga,25/26,Real Oviedo,Kwasi Sibo,Midfielder,6.59,0.0,0.02,0.0,0.48,0.11,0.21,0.0,0.21,80.0,0.0,0.0,0.0,0.0,0.0,0.05,0.0,0.0,0.0,0.0,0.0,0.0,0.0,0.0,1.81,0.8,1.92,0.32,0.85,0.0,0.16,0.0,0.0,0.16,0.0,0.0,0.0,0.16,36.18,31.39,4.8,86.75,18.92,12.47,4.74,0.0,0.0,1.55,67.44,26,21,1689,0.16,0.05,1.6,0.21,6.61,0.91,2.98,41.18,2.24,40.0,0.75,45.16
449,1402990,La Liga,25/26,Atlético Madrid,Julio Díaz,Defender,6.58,0.0,0.01,0.0,0.29,0.0,0.0,0.0,2.03,70.0,0.0,0.0,0.0,0.0,0.0,0.0,0.29,0.0,0.0,0.0,0.0,0.0,0.0,0.0,1.74,1.16,0.29,0.0,1.45,0.0,0.0,0.0,0.0,0.58,0.29,0.29,0.0,1.74,40.23,35.88,4.34,89.21,18.52,17.36,6.66,0.58,33.33,0.58,50.0,4,4,311,0.58,0.0,1.16,0.87,8.68,0.0,5.21,52.94,4.63,57.14,0.58,33.33
450,873947,La Liga,25/26,Valencia,Dani Raba,Forward,6.58,0.0,0.13,0.0,3.09,0.31,0.93,0.0,0.93,33.33,0.0,0.0,0.0,0.0,0.0,0.0,0.0,0.0,0.0,0.0,0.0,0.0,0.62,0.0,2.16,1.24,0.31,0.0,0.31,0.0,0.0,0.0,0.0,0.0,0.31,0.31,0.0,0.62,37.73,30.31,7.42,80.33,8.04,22.27,13.92,0.31,7.14,3.71,85.71,13,3,291,0.0,0.0,1.86,0.62,19.18,1.86,3.71,35.29,3.71,38.71,0.0,0.0
451,966801,La Liga,25/26,Athletic Club,Oihan Sancet,Midfielder,6.58,0.2,0.32,0.35,2.4,0.75,1.1,8.33,0.8,53.33,0.2,0.0,0.0,0.05,0.15,0.0,0.0,0.05,0.1,0.1,100.0,0.0,0.0,0.0,1.25,0.2,0.45,0.1,0.4,0.0,0.05,0.0,0.0,0.0,0.0,0.0,0.0,1.35,29.7,24.16,5.54,81.34,8.34,15.82,9.93,0.2,17.39,1.1,64.71,28,22,1803,0.2,0.05,1.4,1.4,11.68,1.55,4.39,44.22,3.44,46.0,0.95,38.78
452,1398524,La Liga,25/26,Celta Vigo,Pablo Durán,Forward,6.58,0.13,0.27,0.31,2.33,0.94,0.63,5.41,0.44,23.33,0.13,0.0,0.0,0.06,0.06,0.0,1.19,0.0,0.0,0.0,0.0,0.0,0.0,0.0,1.01,0.38,0.94,0.19,0.57,0.0,0.0,0.0,0.0,0.06,0.19,0.13,0.0,0.63,22.77,16.42,6.35,72.1,5.53,10.88,6.73,0.0,0.0,1.01,57.14,30,17,1431,0.06,0.0,0.94,0.75,11.7,0.88,3.02,38.4,2.2,37.23,0.82,41.94
453,96369,La Liga,25/26,Getafe,Juanmi,Forward,6.58,0.51,0.08,1.02,1.02,0.51,0.51,50.0,0.51,50.0,0.51,0.0,0.0,0.0,0.51,0.0,1.53,0.0,0.0,0.0,0.0,0.0,0.0,0.0,1.02,0.0,0.0,0.0,1.02,0.0,0.0,0.0,0.0,0.0,0.0,0.0,0.0,1.53,18.41,12.27,6.14,66.67,4.09,8.18,3.58,0.0,0.0,0.0,0.0,8,0,176,0.0,0.0,1.02,0.51,10.74,1.02,4.6,37.5,2.05,36.36,2.56,38.46
454,307702,La Liga,25/26,Getafe,Djené,Defender,6.58,0.0,0.0,0.0,0.14,0.0,0.07,0.0,0.31,90.0,0.0,0.0,0.0,0.0,0.0,0.0,0.0,0.03,0.0,0.0,0.0,0.0,0.0,0.0,1.25,1.22,5.05,0.35,0.35,0.0,0.07,0.0,0.0,0.28,0.0,0.0,0.0,0.07,27.75,21.83,5.92,78.67,12.5,9.33,3.69,0.0,0.0,1.78,38.35,34,32,2585,0.35,0.07,1.22,0.91,7.69,0.38,4.0,57.5,2.4,56.1,1.6,59.74
455,1926085,La Liga,25/26,FC Barcelona,Dro Fernández,Midfielder,6.57,0.0,0.0,0.0,0.0,0.0,0.0,0.0,4.0,100.0,0.0,0.0,0.0,0.0,0.0,0.0,1.0,0.0,0.0,0.0,0.0,0.0,0.0,0.0,1.0,0.0,0.0,0.0,1.0,0.0,0.0,0.0,0.0,0.0,0.0,0.0,0.0,2.0,47.0,40.0,7.0,85.11,7.0,33.0,16.0,0.0,0.0,1.0,100.0,4,1,90,0.0,0.0,1.0,1.0,10.0,2.0,8.0,61.54,6.0,60.0,2.0,66.67
456,1520814,La Liga,25/26,Getafe,Alejandro Mestanza,Midfielder,6.57,0.0,0.02,0.0,1.14,0.0,1.14,0.0,2.28,100.0,0.0,0.0,0.0,0.0,0.0,0.0,1.14,0.0,0.0,0.0,0.0,0.0,0.0,0.0,2.28,0.0,0.0,0.0,0.0,0.0,0.0,0.0,0.0,0.0,0.0,0.0,0.0,0.0,26.2,19.37,6.84,73.91,5.7,13.67,4.56,0.0,0.0,0.0,0.0,3,1,79,0.0,0.0,1.14,2.28,17.09,1.14,7.97,77.78,6.84,75.0,1.14,100.0
457,891505,La Liga,25/26,Levante UD,Goduine Koyalipou,Forward,6.57,0.38,0.38,0.38,3.77,1.51,0.38,10.0,3.39,60.0,0.38,0.0,0.0,0.0,0.38,0.0,1.13,0.0,0.0,0.0,0.0,0.0,0.0,0.0,1.51,0.38,1.51,0.0,0.38,0.0,0.0,0.0,0.0,0.0,0.38,0.0,0.0,0.38,20.33,11.67,8.66,57.41,4.14,7.53,5.27,0.38,100.0,0.0,0.0,11,2,239,0.38,0.0,0.75,0.38,16.57,4.14,7.91,42.86,5.27,41.18,2.64,46.67
458,1398521,La Liga,25/26,Getafe,Damián Cáceres,Midfielder,6.57,0.0,0.0,0.0,0.0,0.0,0.0,0.0,0.0,0.0,0.0,0.0,0.0,0.0,0.0,0.0,0.0,0.0,0.0,0.0,0.0,0.0,0.0,0.0,2.98,1.79,2.38,1.79,0.6,0.0,0.0,0.0,0.0,0.0,0.0,0.0,0.0,0.0,28.01,17.28,10.73,61.7,11.32,5.96,1.79,0.0,0.0,0.6,12.5,3,2,151,0.0,0.0,2.38,0.0,13.11,0.0,4.77,44.44,2.98,41.67,1.79,50.0
459,807648,La Liga,25/26,Athletic Club,Yeray Álvarez,Defender,6.57,0.0,0.02,0.0,0.18,0.0,0.18,0.0,0.0,0.0,0.0,0.0,0.0,0.0,0.0,0.0,0.0,0.0,0.0,0.0,0.0,0.0,0.0,0.0,0.18,2.28,5.78,0.35,0.0,0.0,0.0,0.18,0.0,0.18,0.0,0.0,0.0,0.53,49.9,41.5,8.4,83.16,25.56,15.93,6.83,0.0,0.0,4.03,37.7,7,6,514,0.0,0.0,0.53,0.88,9.63,0.0,2.28,46.43,1.05,66.67,1.23,36.84
460,966637,La Liga,25/26,Rayo Vallecano,Fran Pérez,Midfielder,6.56,0.14,0.16,0.22,1.22,0.58,0.43,11.76,1.01,46.67,0.14,0.0,0.0,0.0,0.14,0.07,0.43,0.0,0.0,0.0,0.0,0.0,0.0,0.0,1.08,0.14,0.5,0.14,1.01,0.0,0.0,0.0,0.0,0.0,0.22,0.07,0.0,0.94,21.89,18.0,3.89,82.24,6.77,11.23,6.98,0.5,14.58,0.36,50.0,29,12,1250,0.29,0.0,1.3,1.08,12.02,1.15,3.24,35.16,3.17,40.74,0.07,5.0
461,605672,La Liga,25/26,Athletic Club,Gorka Guruzeta,Forward,6.56,0.38,0.4,0.38,3.19,1.21,1.25,11.9,0.27,20.59,0.38,0.0,0.08,0.04,0.27,0.08,0.42,0.0,0.04,0.04,100.0,0.0,0.0,0.0,0.72,0.46,0.68,0.08,0.68,0.0,0.0,0.0,0.0,0.04,0.27,0.11,0.0,0.99,19.81,13.32,6.49,67.24,4.25,9.07,5.69,0.04,14.29,0.61,57.14,35,28,2371,0.15,0.04,1.86,1.14,11.08,0.57,5.09,38.18,2.13,35.0,2.96,40.84
462,794937,La Liga,25/26,Deportivo Alavés,Carles Aleñá,Midfielder,6.56,0.0,0.12,0.09,1.35,0.23,0.63,0.0,0.59,46.43,0.0,0.0,0.0,0.0,0.0,0.0,0.05,0.0,0.0,0.0,0.0,0.0,0.0,0.0,1.67,0.45,0.99,0.09,1.13,0.05,0.05,0.0,0.0,0.0,0.27,0.18,0.0,1.71,38.35,32.71,5.64,85.29,10.65,22.06,12.36,1.76,31.45,0.99,42.31,34,23,1995,0.23,0.0,1.71,1.62,13.44,1.62,4.51,43.29,3.88,43.65,0.63,41.18
463,949722,La Liga,25/26,Mallorca,Antonio Sánchez,Midfielder,6.56,0.0,0.03,0.08,0.5,0.25,0.25,0.0,0.41,41.67,0.0,0.0,0.0,0.0,0.0,0.0,0.08,0.0,0.0,0.0,0.0,0.0,0.0,0.0,1.74,0.99,1.82,0.25,1.49,0.0,0.08,0.0,0.0,0.0,0.25,0.0,0.0,0.99,31.19,24.57,6.62,78.78,11.08,13.48,7.03,0.41,16.67,1.32,37.21,30,9,1088,0.25,0.08,1.32,0.83,12.57,1.57,3.39,38.32,2.98,37.89,0.41,41.67
464,1468090,La Liga,25/26,Villarreal,Alfon González,Forward,6.56,0.27,0.24,0.27,2.34,1.37,0.14,11.76,0.82,26.09,0.27,0.0,0.0,0.0,0.27,0.0,0.14,0.0,0.0,0.0,0.0,0.0,0.0,0.0,0.41,0.27,0.96,0.0,0.69,0.0,0.0,0.0,0.0,0.14,0.0,0.0,0.0,1.24,18.14,14.84,3.3,81.82,4.53,10.31,7.01,0.55,30.77,0.14,25.0,20,7,655,0.0,0.0,1.37,1.1,12.37,2.47,2.61,25.33,2.34,25.37,0.27,25.0
465,851282,La Liga,25/26,Valencia,Thierry Correia,Defender,6.56,0.0,0.02,0.0,0.32,0.06,0.06,0.0,0.52,50.0,0.0,0.0,0.0,0.0,0.0,0.0,0.26,0.0,0.0,0.0,0.0,0.0,0.0,0.0,2.0,1.1,1.74,0.0,0.39,0.0,0.06,0.06,0.0,0.13,0.19,0.13,0.0,0.84,41.84,34.15,7.68,81.64,14.78,19.37,9.36,0.39,14.63,1.16,36.0,24,17,1394,0.26,0.0,1.81,1.61,14.27,0.65,5.04,51.32,4.13,55.65,0.9,37.84
466,1094758,La Liga,25/26,Elche,John Donald,Defender,6.56,0.13,0.1,0.13,0.79,0.26,0.4,16.67,0.26,33.33,0.13,0.0,0.0,0.0,0.13,0.0,0.0,0.0,0.0,0.0,0.0,0.0,0.0,0.0,2.11,0.92,2.37,0.13,0.53,0.0,0.0,0.0,0.0,0.13,0.0,0.0,0.0,0.13,38.35,33.87,4.48,88.32,15.15,18.71,7.38,0.0,0.0,1.05,61.54,21,6,683,0.4,0.0,2.37,0.79,10.01,0.79,5.01,47.5,3.16,45.28,1.84,51.85
467,352544,La Liga,25/26,Osasuna,Sheraldo Becker,Forward,6.56,0.0,0.07,0.0,1.58,0.0,0.53,0.0,0.0,0.0,0.0,0.0,0.0,0.0,0.0,0.0,0.53,0.0,0.0,0.0,0.0,0.0,0.0,0.0,1.05,1.58,2.11,0.0,0.0,0.0,0.0,0.0,0.0,0.0,0.0,0.0,0.0,1.05,23.68,16.84,6.84,71.11,8.42,8.42,3.68,0.53,9.09,1.05,50.0,9,0,171,0.0,0.0,2.11,0.53,18.42,1.58,1.58,18.75,1.58,25.0,0.0,0.0
468,22209,La Liga,25/26,Sevilla,Ørjan Nyland,Goalkeeper,6.56,0.0,0.0,0.0,0.0,0.0,0.0,0.0,0.0,0.0,0.0,0.0,0.0,0.0,0.0,0.0,0.0,0.0,0.0,0.0,0.0,0.0,0.0,0.0,0.0,0.0,1.2,0.0,0.0,0.2,0.0,0.0,0.0,0.2,0.0,0.0,0.0,0.0,27.8,19.6,8.2,70.5,17.0,2.6,1.0,0.0,0.0,4.8,36.92,5,5,450,0.2,0.0,0.0,0.0,8.6,0.2,0.2,50.0,0.0,0.0,0.2,100.0
469,984789,La Liga,25/26,Levante UD,Manuel Sánchez,Defender,6.56,0.03,0.02,0.03,0.42,0.13,0.19,7.69,0.38,36.36,0.03,0.0,0.03,0.0,0.0,0.0,0.06,0.0,0.0,0.0,0.0,0.0,0.0,0.0,2.59,1.02,2.62,0.16,1.05,0.0,0.03,0.0,0.0,0.22,0.1,0.06,0.0,0.54,29.35,23.92,5.43,81.5,12.07,11.85,6.26,0.45,20.0,0.93,29.9,33,31,2818,0.26,0.0,1.12,0.67,10.83,0.45,4.31,50.56,3.64,52.78,0.67,41.18
470,53739,La Liga,25/26,Getafe,Kiko Femenía,Defender,6.56,0.04,0.03,0.04,0.36,0.13,0.18,12.5,0.31,35.0,0.04,0.0,0.0,0.0,0.04,0.0,0.22,0.0,0.0,0.0,0.0,0.0,0.0,0.0,1.74,1.51,1.96,0.09,0.67,0.09,0.0,0.0,0.0,0.09,0.09,0.04,0.0,0.76,26.78,20.72,6.06,77.37,9.71,11.0,6.68,0.45,23.81,1.07,43.64,28,25,2020,0.27,0.0,0.94,0.49,10.96,0.53,3.34,49.34,2.54,49.57,0.8,48.65
471,1391752,La Liga,25/26,Atlético Madrid,Rodrigo Mendoza,Midfielder,6.56,0.07,0.12,0.07,1.24,0.29,0.44,5.88,1.46,54.05,0.07,0.0,0.0,0.0,0.07,0.07,0.15,0.0,0.0,0.0,0.0,0.0,0.0,0.0,1.17,0.29,0.95,0.15,0.58,0.0,0.07,0.0,0.0,0.0,0.15,0.07,0.0,1.1,47.01,40.14,6.87,85.38,16.45,23.69,12.21,0.44,33.33,1.83,59.52,24,14,1231,0.44,0.0,2.19,1.68,13.74,1.61,4.83,40.49,4.31,44.03,0.51,24.14
472,1399702,La Liga,25/26,Osasuna,Asier Osambela,Defender,6.56,0.24,0.09,0.0,1.45,0.73,0.73,16.67,0.0,0.0,0.0,0.24,0.0,0.0,0.24,0.0,0.0,0.0,0.0,0.0,0.0,0.0,0.0,0.0,1.45,0.97,4.35,0.97,0.73,0.0,0.0,0.0,0.0,0.0,0.24,0.0,0.0,0.73,39.92,28.06,11.85,70.3,15.0,13.06,7.26,0.0,0.0,1.21,26.32,17,2,372,0.24,0.24,3.63,0.24,15.24,0.0,5.81,42.11,1.45,23.08,4.35,58.06
473,1111081,La Liga,25/26,Real Sociedad,Job Ochieng,Midfielder,6.55,0.0,0.15,0.0,0.97,0.0,0.97,0.0,1.94,28.57,0.0,0.0,0.0,0.0,0.0,0.0,0.97,0.0,0.0,0.0,0.0,0.0,0.0,0.0,2.9,0.97,0.97,0.0,0.0,0.0,0.0,0.0,0.0,0.0,0.0,0.0,0.0,1.94,24.19,19.35,4.84,80.0,5.81,13.55,8.71,0.0,0.0,0.97,100.0,2,1,93,0.0,0.0,0.97,0.0,18.39,0.0,4.84,41.67,4.84,45.45,0.0,0.0
474,792073,La Liga,25/26,Real Madrid,Ferland Mendy,Defender,6.55,0.0,0.0,0.0,0.0,0.0,0.0,0.0,0.87,66.67,0.0,0.0,0.0,0.0,0.0,0.0,0.0,0.0,0.0,0.0,0.0,0.0,0.0,0.0,0.44,0.87,0.44,0.0,0.0,0.44,0.0,0.0,0.0,0.0,0.0,0.0,0.0,0.0,69.03,63.79,5.24,92.41,24.03,39.76,14.42,0.0,0.0,0.87,50.0,5,3,206,0.0,0.0,0.87,0.44,6.55,0.0,2.62,54.55,1.75,57.14,0.87,50.0
475,1515554,La Liga,25/26,Getafe,Adrian Liso,Forward,6.55,0.16,0.11,0.1,1.36,0.52,0.31,11.54,0.78,34.09,0.05,0.1,0.0,0.1,0.05,0.05,0.84,0.05,0.0,0.0,0.0,0.0,0.0,0.0,1.46,0.21,0.37,0.1,1.04,0.0,0.0,0.0,0.0,0.16,0.0,0.0,0.0,0.21,14.31,9.87,4.44,68.98,3.34,6.53,4.13,0.31,13.95,0.1,25.0,28,21,1723,0.16,0.05,2.04,2.25,14.1,1.36,6.32,38.41,4.44,43.15,1.88,30.51
476,1012409,La Liga,25/26,Athletic Club,Beñat Prados,Midfielder,6.55,0.0,0.03,0.0,1.06,0.0,1.06,0.0,1.06,50.0,0.0,0.0,0.0,0.0,0.0,0.0,0.0,0.0,0.0,0.0,0.0,0.0,0.0,0.0,3.18,2.12,0.0,0.0,1.06,0.0,0.0,0.0,0.0,0.0,0.0,0.0,0.0,2.12,51.88,39.18,12.71,75.51,16.94,22.24,4.24,0.0,0.0,1.06,50.0,2,1,85,1.06,0.0,5.29,0.0,16.94,1.06,6.35,42.86,4.24,33.33,2.12,100.0
477,353154,La Liga,25/26,Getafe,Javier Muñoz,Midfielder,6.54,0.0,0.06,0.0,2.09,0.96,1.12,0.0,0.64,57.14,0.0,0.0,0.0,0.0,0.0,0.0,0.0,0.0,0.0,0.0,0.0,0.0,0.0,0.0,1.29,1.12,0.96,0.16,0.32,0.0,0.0,0.0,0.0,0.0,0.0,0.0,0.0,1.12,30.05,20.73,9.32,68.98,5.46,15.27,8.36,0.32,18.18,1.12,36.84,17,4,560,0.0,0.0,1.45,0.32,14.62,1.12,2.89,40.0,2.25,40.0,0.64,40.0
478,848512,La Liga,25/26,Elche,Grady Diangana,Midfielder,6.54,0.1,0.11,0.19,1.55,0.19,0.48,6.25,0.97,31.25,0.0,0.1,0.0,0.1,0.0,0.0,0.48,0.0,0.0,0.0,0.0,0.0,0.0,0.0,1.36,0.39,0.87,0.29,0.58,0.0,0.1,0.1,0.0,0.0,0.19,0.0,0.0,0.97,28.48,23.83,4.65,83.67,8.53,15.31,8.43,0.19,16.67,0.29,42.86,20,13,929,0.29,0.0,1.45,1.84,12.59,1.74,4.75,40.5,4.07,41.18,0.68,36.84
479,900669,La Liga,25/26,Rayo Vallecano,Pedro Díaz,Midfielder,6.54,0.0,0.08,0.05,2.11,0.29,1.1,0.0,0.72,50.0,0.0,0.0,0.0,0.0,0.0,0.05,0.0,0.0,0.0,0.0,0.0,0.0,0.05,0.0,1.82,0.38,0.72,0.05,1.39,0.0,0.0,0.0,0.0,0.1,0.14,0.05,0.0,1.1,36.75,31.2,5.55,84.9,12.78,18.42,10.05,0.29,15.79,1.05,56.41,34,21,1881,0.14,0.0,0.96,0.62,11.1,1.0,3.78,44.89,3.16,44.0,0.62,50.0
480,758664,La Liga,25/26,Espanyol,Charles Pickel,Midfielder,6.54,0.13,0.1,0.13,1.26,0.51,0.25,10.0,0.63,83.33,0.13,0.0,0.0,0.13,0.0,0.0,0.0,0.0,0.0,0.0,0.0,0.0,0.0,0.0,1.64,0.76,1.52,0.38,0.76,0.0,0.0,0.0,0.0,0.13,0.0,0.0,0.0,0.25,31.73,25.41,6.32,80.08,12.64,12.77,6.45,0.0,0.0,0.76,50.0,24,4,712,0.25,0.25,1.9,0.25,8.6,1.01,4.93,44.83,2.53,40.0,2.4,51.35
481,1542721,La Liga,25/26,Elche,Buba Sangare,Defender,6.54,0.0,0.02,0.0,0.16,0.0,0.16,0.0,0.65,23.53,0.0,0.0,0.0,0.0,0.0,0.0,0.0,0.0,0.0,0.0,0.0,0.0,0.0,0.0,3.39,1.29,2.1,0.16,0.16,0.0,0.32,0.0,0.0,0.0,0.16,0.0,0.0,0.16,39.59,33.61,5.98,84.9,16.8,16.8,6.95,0.16,8.33,1.13,41.18,12,8,557,0.48,0.0,3.72,1.13,12.76,0.48,6.46,45.98,4.85,44.78,1.62,50.0
482,1084043,La Liga,25/26,Deportivo Alavés,Ibrahim Diabaté,Forward,6.54,0.31,0.28,0.46,2.3,0.77,0.92,13.33,0.15,50.0,0.31,0.0,0.0,0.0,0.15,0.0,0.46,0.0,0.0,0.0,0.0,0.0,0.0,0.0,0.61,0.31,0.92,0.0,0.31,0.0,0.0,0.0,0.0,0.0,0.0,0.0,0.0,0.31,13.8,8.59,5.21,62.22,2.61,5.98,3.53,0.0,0.0,0.0,0.0,10,6,587,0.15,0.0,0.92,0.77,9.35,0.77,3.83,38.46,1.53,43.48,2.3,35.71
483,945404,La Liga,25/26,Real Oviedo,Javi López,Defender,6.54,0.0,0.03,0.05,0.37,0.05,0.1,0.0,0.94,45.0,0.0,0.0,0.0,0.0,0.0,0.0,0.1,0.0,0.0,0.0,0.0,0.0,0.0,0.0,2.24,1.04,2.87,0.1,0.68,0.0,0.0,0.0,0.0,0.16,0.1,0.05,0.05,0.99,38.69,30.82,7.87,79.65,17.21,13.61,6.0,0.94,30.0,1.51,34.52,25,20,1726,0.16,0.05,1.98,1.36,15.54,0.52,5.16,48.53,4.43,51.52,0.73,35.9
484,910026,La Liga,25/26,Girona FC,Bryan Gil,Midfielder,6.53,0.0,0.16,0.17,1.52,0.39,0.45,0.0,1.86,40.74,0.0,0.0,0.0,0.0,0.0,0.0,0.34,0.0,0.0,0.0,0.0,0.0,0.0,0.0,1.75,0.51,0.62,0.06,1.01,0.06,0.0,0.0,0.0,0.0,0.34,0.17,0.0,1.18,29.19,24.46,4.73,83.78,9.36,15.1,9.52,0.73,25.0,0.45,42.11,29,20,1597,0.34,0.0,1.13,2.09,16.01,2.59,5.92,42.17,5.69,43.53,0.23,23.53
485,309546,La Liga,25/26,Mallorca,Takuma Asano,Midfielder,6.53,0.13,0.26,0.66,2.25,0.26,1.72,5.88,0.26,18.18,0.13,0.0,0.0,0.13,0.0,0.0,1.06,0.0,0.0,0.0,0.0,0.0,0.0,0.0,1.85,0.26,0.53,0.0,0.4,0.0,0.0,0.0,0.0,0.0,0.26,0.0,0.0,0.4,15.86,11.76,4.1,74.17,3.44,8.33,5.15,0.26,14.29,0.0,0.0,20,8,681,0.26,0.0,1.19,1.32,11.76,1.59,4.49,39.53,3.44,45.61,1.06,27.59
486,1066045,La Liga,25/26,Real Sociedad,Arsen Zakharyan,Midfielder,6.53,0.0,0.2,0.4,2.81,0.6,1.0,0.0,0.2,8.33,0.0,0.0,0.0,0.0,0.0,0.0,0.8,0.0,0.0,0.0,0.0,0.0,0.0,0.0,2.01,0.4,0.2,0.0,1.0,0.0,0.0,0.0,0.0,0.0,0.6,0.0,0.0,2.01,43.39,34.55,8.84,79.63,9.04,25.51,15.47,1.0,19.23,2.81,63.64,17,3,448,0.4,0.0,1.81,0.4,19.49,0.6,3.01,31.91,2.61,32.5,0.4,28.57
487,914835,La Liga,25/26,Real Betis,Junior Firpo,Defender,6.53,0.0,0.05,0.0,0.54,0.0,0.32,0.0,0.43,50.0,0.0,0.0,0.0,0.0,0.0,0.0,0.11,0.0,0.0,0.0,0.0,0.0,0.0,0.0,2.6,1.08,3.79,0.11,0.87,0.11,0.0,0.0,0.0,0.0,0.22,0.11,0.0,0.87,41.43,35.05,6.38,84.6,17.63,17.42,8.87,0.54,26.32,0.22,15.38,12,10,832,0.22,0.0,1.19,0.87,11.14,0.54,5.41,58.82,3.89,56.25,1.51,66.67
488,149606,La Liga,25/26,Levante UD,Jeremy Toljan,Defender,6.53,0.03,0.03,0.0,0.26,0.03,0.11,11.11,0.17,31.58,0.03,0.0,0.0,0.0,0.03,0.0,0.06,0.0,0.0,0.0,0.0,0.0,0.0,0.0,1.9,0.88,2.64,0.45,0.62,0.0,0.0,0.03,0.03,0.23,0.31,0.11,0.0,0.79,32.08,24.79,7.29,77.28,13.67,11.12,5.02,0.79,37.33,1.59,33.33,37,37,3173,0.23,0.0,0.94,0.54,11.4,0.28,2.98,49.07,2.61,54.44,0.37,28.89
489,928672,La Liga,25/26,Elche,Adrià Pedrosa,Defender,6.53,0.08,0.05,0.08,0.99,0.25,0.33,8.33,0.41,17.86,0.08,0.0,0.0,0.08,0.0,0.0,0.08,0.0,0.0,0.0,0.0,0.0,0.0,0.0,2.8,1.15,3.3,0.16,0.99,0.08,0.0,0.0,0.0,0.0,0.33,0.08,0.0,1.9,34.7,29.09,5.6,83.85,12.94,16.15,8.08,1.4,32.69,0.99,33.33,27,8,1092,0.33,0.0,1.48,0.74,13.85,0.41,4.53,42.64,3.96,45.28,0.58,30.43
490,846147,La Liga,25/26,Rayo Vallecano,Abdul Mumin,Defender,6.53,0.0,0.0,0.0,0.0,0.0,0.0,0.0,0.0,0.0,0.0,0.0,0.0,0.0,0.0,0.0,0.0,0.0,0.0,0.0,0.0,0.0,0.0,0.0,0.0,2.31,4.62,2.31,0.0,0.0,0.0,0.0,0.0,0.0,0.0,0.0,0.0,0.0,41.54,35.77,5.77,86.11,33.46,2.31,0.0,0.0,0.0,0.0,0.0,3,1,78,0.0,0.0,2.31,1.15,5.77,0.0,1.15,33.33,1.15,33.33,0.0,0.0
491,981604,La Liga,25/26,Rayo Vallecano,Alemão,Forward,6.52,0.31,0.29,0.39,2.04,0.94,0.63,15.38,0.55,53.85,0.31,0.0,0.16,0.08,0.08,0.0,0.31,0.0,0.0,0.0,0.0,0.0,0.0,0.0,0.39,0.08,1.02,0.16,0.7,0.0,0.0,0.0,0.0,0.08,0.0,0.0,0.0,0.55,14.49,9.95,4.54,68.65,3.52,6.42,3.6,0.08,20.0,0.23,42.86,26,11,1149,0.23,0.0,1.8,2.11,11.51,1.25,4.54,39.46,3.05,43.82,1.49,32.76
492,1177401,La Liga,25/26,Levante UD,Alan Matturro,Defender,6.52,0.09,0.06,0.0,0.75,0.09,0.28,12.5,0.0,0.0,0.09,0.0,0.09,0.0,0.0,0.0,0.0,0.0,0.0,0.0,0.0,0.0,0.0,0.0,1.97,0.56,7.34,0.56,0.28,0.0,0.09,0.0,0.0,0.09,0.19,0.09,0.0,0.38,44.58,36.77,7.81,82.49,29.34,7.43,3.01,0.0,0.0,1.79,25.68,19,10,957,0.0,0.09,0.66,0.94,9.78,0.28,4.51,61.54,2.92,65.96,1.6,54.84
493,1430667,La Liga,25/26,Athletic Club,Urko Izeta,Forward,6.52,0.48,0.6,0.95,5.24,2.38,1.9,9.09,0.48,33.33,0.48,0.0,0.48,0.0,0.0,0.95,0.0,0.0,0.0,0.0,0.0,0.0,0.48,0.0,0.95,0.0,0.48,0.0,1.9,0.0,0.0,0.0,0.0,0.0,0.48,0.0,0.0,0.95,28.57,20.48,8.1,71.67,6.67,13.81,8.1,0.0,0.0,0.48,33.33,13,1,189,0.95,0.0,2.38,0.48,16.67,0.95,3.33,26.92,1.9,23.53,1.43,33.33
494,1649919,La Liga,25/26,Levante UD,Kareem Tunde,Midfielder,6.52,0.0,0.09,0.08,1.64,0.23,0.94,0.0,1.17,48.39,0.0,0.0,0.0,0.0,0.0,0.08,0.08,0.0,0.0,0.0,0.0,0.0,0.0,0.0,1.8,1.17,0.23,0.0,0.47,0.0,0.0,0.0,0.0,0.0,0.08,0.08,0.0,0.47,17.52,13.53,3.99,77.23,4.77,8.76,4.46,0.08,9.09,0.39,50.0,21,17,1151,0.23,0.0,1.25,1.8,10.32,1.41,5.71,50.0,4.77,53.51,0.94,37.5
495,1402688,La Liga,25/26,Real Madrid,César Palacios,Midfielder,6.52,0.0,0.18,0.0,2.07,0.0,1.03,0.0,2.07,66.67,0.0,0.0,0.0,0.0,0.0,0.0,0.0,0.0,0.0,0.0,0.0,0.0,0.0,0.0,3.1,3.1,0.0,0.0,2.07,0.0,0.0,0.0,0.0,0.0,0.0,0.0,0.0,1.03,54.83,49.66,5.17,90.57,23.79,25.86,9.31,0.0,0.0,1.03,100.0,5,0,87,0.0,0.0,4.14,3.1,12.41,1.03,8.28,50.0,8.28,50.0,0.0,0.0
496,966441,La Liga,25/26,Real Sociedad,Aihen Muñoz,Defender,6.51,0.1,0.05,0.1,0.61,0.2,0.41,16.67,0.41,30.77,0.1,0.0,0.0,0.1,0.0,0.0,0.0,0.0,0.0,0.0,0.0,0.0,0.0,0.0,2.85,0.51,3.56,0.1,1.73,0.0,0.0,0.0,0.0,0.0,0.0,0.0,0.0,0.51,31.32,26.24,5.08,83.77,12.92,13.32,6.61,0.81,33.33,1.02,33.33,21,9,885,0.1,0.0,0.71,0.31,10.98,0.31,4.17,47.13,3.36,47.83,0.81,44.44
497,1162309,La Liga,25/26,Mallorca,Javi Llabrés,Midfielder,6.51,0.0,0.2,0.8,2.01,0.8,1.21,0.0,0.4,20.0,0.0,0.0,0.0,0.0,0.0,0.0,0.0,0.0,0.0,0.0,0.0,0.0,0.0,0.0,2.01,0.0,1.61,0.0,0.4,0.0,0.0,0.0,0.0,0.0,0.0,0.0,0.0,0.4,24.51,19.29,5.22,78.69,7.63,11.65,6.43,0.8,20.0,0.4,20.0,16,1,224,0.0,0.0,1.61,1.21,14.06,1.61,4.02,40.0,3.62,40.91,0.4,33.33
498,2237795,La Liga,25/26,Real Madrid,Thiago Pitarch,Midfielder,6.5,0.0,0.06,0.0,0.91,0.3,0.3,0.0,1.06,53.85,0.0,0.0,0.0,0.0,0.0,0.0,0.45,0.0,0.0,0.0,0.0,0.0,0.0,0.0,1.81,1.06,0.76,0.0,3.32,0.0,0.45,0.0,0.0,0.0,0.3,0.3,0.0,0.91,61.46,55.42,6.04,90.17,26.73,28.69,11.48,0.0,0.0,1.81,63.16,10,8,596,0.3,0.0,1.81,1.06,9.82,1.06,4.23,34.15,3.93,36.11,0.3,20.0
499,1491660,La Liga,25/26,Getafe,José Luis Pérez,Forward,6.5,0.0,0.18,0.0,4.5,0.0,4.5,0.0,0.0,0.0,0.0,0.0,0.0,0.0,0.0,0.0,0.0,0.0,0.0,0.0,0.0,0.0,0.0,0.0,0.0,0.0,9.0,0.0,0.0,0.0,0.0,0.0,0.0,0.0,0.0,0.0,0.0,0.0,18.0,4.5,13.5,25.0,0.0,4.5,0.0,0.0,0.0,0.0,0.0,2,0,20,0.0,0.0,4.5,9.0,27.0,0.0,18.0,50.0,9.0,66.67,9.0,40.0
500,996931,La Liga,25/26,Celta Vigo,Hugo González,Midfielder,6.5,0.0,0.0,0.0,0.0,0.0,0.0,0.0,0.0,0.0,0.0,0.0,0.0,0.0,0.0,0.0,0.0,0.0,0.0,0.0,0.0,0.0,0.0,0.0,7.5,0.0,0.0,0.0,0.0,0.0,0.0,0.0,0.0,0.0,0.0,0.0,0.0,0.0,15.0,7.5,7.5,50.0,7.5,0.0,0.0,0.0,0.0,0.0,0.0,1,0,12,0.0,0.0,0.0,0.0,22.5,0.0,7.5,50.0,7.5,50.0,0.0,0.0
501,218616,La Liga,25/26,Girona FC,Portu,Forward,6.5,0.0,0.26,0.57,1.71,0.95,0.19,0.0,0.0,0.0,0.0,0.0,0.0,0.0,0.0,0.19,0.57,0.0,0.0,0.0,0.0,0.0,0.0,0.0,0.76,0.38,0.0,0.19,0.38,0.0,0.0,0.0,0.0,0.0,0.0,0.0,0.0,0.57,14.84,10.66,4.19,71.79,3.42,7.23,4.95,0.57,17.65,0.19,100.0,10,4,473,0.19,0.0,1.14,0.76,11.04,1.14,2.28,32.43,1.33,29.17,0.95,38.46
502,1391375,La Liga,25/26,Athletic Club,Unai Gómez,Midfielder,6.5,0.09,0.2,0.28,2.18,0.66,1.04,4.35,0.57,40.0,0.09,0.0,0.0,0.09,0.0,0.09,0.38,0.0,0.0,0.0,0.0,0.0,0.0,0.0,1.23,0.09,0.57,0.09,0.66,0.0,0.09,0.0,0.0,0.0,0.0,0.09,0.0,0.76,21.05,15.93,5.12,75.68,5.79,10.15,5.97,0.38,17.39,0.47,38.46,26,12,949,0.09,0.0,1.14,0.57,11.19,0.85,3.89,37.61,2.28,39.34,1.61,35.42
503,1545061,La Liga,25/26,Real Sociedad,Ibai Aguirre,Midfielder,6.5,0.0,0.0,0.0,0.0,0.0,0.0,0.0,0.0,0.0,0.0,0.0,0.0,0.0,0.0,0.0,0.0,0.0,0.0,0.0,0.0,0.0,0.0,0.0,0.0,0.0,0.0,0.0,0.0,0.0,0.0,0.0,0.0,0.0,0.0,0.0,0.0,0.0,36.0,9.0,27.0,25.0,9.0,0.0,0.0,0.0,0.0,0.0,0.0,1,0,10,0.0,0.0,9.0,0.0,36.0,9.0,9.0,33.33,0.0,0.0,9.0,100.0
504,1939137,La Liga,25/26,FC Barcelona,Tomás Marqués,Midfielder,6.5,0.0,0.0,0.0,0.0,0.0,0.0,0.0,0.0,0.0,0.0,0.0,0.0,0.0,0.0,0.0,0.0,0.0,0.0,0.0,0.0,0.0,0.0,0.0,0.0,0.0,0.0,0.0,0.0,0.0,0.0,0.0,0.0,0.0,0.0,0.0,0.0,0.0,90.0,75.0,15.0,83.33,37.5,37.5,7.5,0.0,0.0,0.0,0.0,2,0,12,0.0,0.0,7.5,0.0,30.0,0.0,0.0,0.0,0.0,0.0,0.0,0.0
505,1136721,La Liga,25/26,Villarreal,Willy Kambwala,Defender,6.5,0.0,0.0,0.0,0.0,0.0,0.0,0.0,0.0,0.0,0.0,0.0,0.0,0.0,0.0,0.0,0.0,0.0,0.0,0.0,0.0,0.0,0.0,0.0,0.0,0.0,4.19,1.05,0.0,0.0,0.0,0.0,0.0,0.0,0.0,0.0,0.0,0.0,45.0,39.77,5.23,88.37,38.72,1.05,0.0,0.0,0.0,2.09,66.67,2,1,86,0.0,0.0,0.0,0.0,5.23,0.0,1.05,50.0,0.0,0.0,1.05,50.0
506,788141,La Liga,25/26,Deportivo Alavés,Jon Guridi,Midfielder,6.5,0.0,0.13,0.21,1.07,0.29,0.5,0.0,0.64,47.37,0.0,0.0,0.0,0.0,0.0,0.07,0.14,0.07,0.0,0.0,0.0,0.0,0.0,0.0,2.07,0.71,1.36,0.14,1.22,0.0,0.0,0.0,0.0,0.07,0.0,0.0,0.0,0.79,31.74,26.09,5.65,82.21,11.37,14.73,8.15,0.14,16.67,0.64,60.0,28,15,1259,0.07,0.0,1.07,0.57,9.86,0.5,4.72,46.15,3.15,47.83,1.57,43.14
507,1216080,La Liga,25/26,Celta Vigo,Damián Rodríguez,Midfielder,6.5,0.0,0.04,0.0,1.79,0.0,1.79,0.0,0.0,0.0,0.0,0.0,0.0,0.0,0.0,0.0,0.0,0.0,0.0,0.0,0.0,0.0,0.0,0.0,0.0,0.6,1.79,0.0,0.6,0.0,0.0,0.0,0.0,0.0,0.0,0.0,0.0,1.19,67.95,63.18,4.77,92.98,20.26,42.91,14.3,0.6,33.33,1.19,100.0,2,2,151,0.6,0.0,1.79,0.0,6.56,0.0,0.0,0.0,0.0,0.0,0.0,0.0
508,349526,La Liga,25/26,Mallorca,Dani Rodríguez,Midfielder,6.5,0.0,0.03,0.0,1.34,0.0,0.0,0.0,1.34,100.0,0.0,0.0,0.0,0.0,0.0,0.0,0.0,0.0,0.0,0.0,0.0,0.0,0.0,0.0,2.69,0.0,1.34,0.0,0.0,0.0,0.0,0.0,0.0,0.0,0.0,0.0,0.0,1.34,24.18,16.12,8.06,66.67,6.72,9.4,5.37,1.34,33.33,0.0,0.0,2,0,67,0.0,0.0,0.0,4.03,24.18,6.72,9.4,46.67,6.72,50.0,2.69,40.0
509,1429059,La Liga,25/26,Getafe,Hugo Solozábal,Midfielder,6.5,0.0,0.0,0.0,0.0,0.0,0.0,0.0,0.0,0.0,0.0,0.0,0.0,0.0,0.0,0.0,0.0,0.0,0.0,0.0,0.0,0.0,0.0,0.0,0.0,0.0,0.0,0.0,9.0,0.0,0.0,0.0,0.0,0.0,0.0,0.0,0.0,0.0,45.0,45.0,0.0,100.0,27.0,18.0,18.0,0.0,0.0,0.0,0.0,1,0,10,0.0,0.0,0.0,0.0,9.0,9.0,0.0,0.0,0.0,0.0,0.0,0.0
510,1542759,La Liga,25/26,Real Betis,Ivan Corralejo,Midfielder,6.5,0.0,0.0,0.0,0.0,0.0,0.0,0.0,0.0,0.0,0.0,0.0,0.0,0.0,0.0,0.0,0.0,0.0,0.0,0.0,0.0,0.0,0.0,0.0,0.0,0.0,0.0,0.0,12.86,0.0,0.0,0.0,0.0,0.0,0.0,0.0,0.0,0.0,45.0,45.0,0.0,100.0,12.86,32.14,19.29,0.0,0.0,0.0,0.0,1,0,14,0.0,0.0,6.43,6.43,0.0,0.0,6.43,20.0,6.43,25.0,0.0,0.0
511,985726,La Liga,25/26,Deportivo Alavés,Victor Parada,Defender,6.5,0.0,0.04,0.08,0.5,0.08,0.33,0.0,0.33,57.14,0.0,0.0,0.0,0.0,0.0,0.04,0.17,0.0,0.0,0.0,0.0,0.0,0.0,0.0,1.37,0.42,3.37,0.46,0.46,0.0,0.0,0.04,0.0,0.08,0.12,0.12,0.0,0.58,31.68,26.02,5.65,82.15,15.05,10.97,4.45,0.33,25.81,1.21,36.25,30,25,2165,0.29,0.04,1.21,0.62,8.94,0.33,3.66,49.72,2.33,51.38,1.33,47.06
512,1614687,La Liga,25/26,Real Madrid,Diego Aguado,Defender,6.5,0.0,0.0,0.0,0.0,0.0,0.0,0.0,0.0,0.0,0.0,0.0,0.0,0.0,0.0,0.0,0.0,0.0,0.0,0.0,0.0,0.0,0.0,0.0,6.21,0.0,6.21,3.1,3.1,0.0,0.0,0.0,0.0,0.0,0.0,0.0,0.0,0.0,52.76,43.45,9.31,82.35,27.93,15.52,3.1,0.0,0.0,3.1,25.0,1,0,29,0.0,0.0,0.0,0.0,15.52,6.21,6.21,40.0,6.21,40.0,0.0,0.0
513,1548439,La Liga,25/26,Real Oviedo,Marco Esteban,Defender,6.5,0.0,0.0,0.0,0.0,0.0,0.0,0.0,0.0,0.0,0.0,0.0,0.0,0.0,0.0,0.0,0.0,0.0,0.0,0.0,0.0,0.0,0.0,0.0,0.0,0.0,4.0,0.0,0.0,0.0,2.0,0.0,0.0,0.0,0.0,0.0,0.0,0.0,26.0,22.0,4.0,84.62,20.0,2.0,0.0,0.0,0.0,0.0,0.0,1,0,45,0.0,0.0,0.0,0.0,6.0,0.0,0.0,0.0,0.0,0.0,0.0,0.0
514,1172477,La Liga,25/26,Villarreal,Tani Oluwaseyi,Forward,6.5,0.2,0.33,0.59,1.56,0.68,0.59,12.5,0.88,40.91,0.2,0.0,0.0,0.1,0.1,0.0,0.98,0.0,0.0,0.0,0.0,0.0,0.0,0.0,0.68,0.1,0.78,0.29,0.59,0.1,0.0,0.0,0.0,0.0,0.29,0.2,0.0,0.59,10.93,6.93,4.0,63.39,2.25,4.69,3.12,0.2,66.67,0.39,80.0,27,9,922,0.1,0.0,1.07,0.78,10.64,2.05,4.49,35.94,2.34,32.0,2.15,41.51
515,879543,La Liga,25/26,Mallorca,Mateu Morey,Defender,6.5,0.12,0.04,0.0,0.49,0.24,0.12,25.0,0.49,66.67,0.12,0.0,0.0,0.0,0.12,0.0,0.12,0.0,0.0,0.0,0.0,0.0,0.0,0.0,2.32,0.86,3.67,0.37,1.71,0.12,0.0,0.12,0.0,0.0,0.12,0.0,0.0,0.37,29.47,22.5,6.97,76.35,10.39,12.11,5.38,0.73,42.86,1.22,35.71,18,9,736,0.24,0.0,1.83,1.22,12.11,0.49,4.77,46.43,4.04,49.25,0.73,35.29
516,865651,La Liga,25/26,Atlético Madrid,Giacomo Raspadori,Forward,6.49,0.0,0.25,0.36,2.52,1.08,1.08,0.0,0.36,25.0,0.0,0.0,0.0,0.0,0.0,0.0,0.72,0.0,0.0,0.0,0.0,0.0,0.0,0.0,0.72,0.0,0.36,0.0,0.72,0.0,0.0,0.0,0.0,0.0,0.72,0.36,0.0,1.44,32.76,25.92,6.84,79.12,10.08,15.84,7.92,1.08,33.33,0.36,100.0,12,1,250,0.36,0.0,1.08,2.52,12.96,1.44,4.68,41.94,3.6,47.62,1.08,30.0
517,1953923,La Liga,25/26,Athletic Club,Selton Sanchez,Midfielder,6.49,0.0,0.12,0.0,1.81,0.45,1.36,0.0,0.45,16.67,0.0,0.0,0.0,0.0,0.0,0.0,0.45,0.0,0.0,0.0,0.0,0.0,0.0,0.0,1.36,0.45,0.0,0.0,1.36,0.0,0.0,0.0,0.0,0.0,0.0,0.45,0.0,1.81,28.49,18.99,9.5,66.67,8.14,10.85,6.33,0.0,0.0,1.36,60.0,7,2,199,0.0,0.0,2.26,2.26,18.99,1.81,4.52,35.71,4.07,34.62,0.45,50.0
518,1893910,La Liga,25/26,Real Betis,Pablo García,Midfielder,6.49,0.0,0.32,0.23,3.02,0.93,1.62,0.0,1.16,29.41,0.0,0.0,0.0,0.0,0.0,0.46,0.7,0.0,0.0,0.0,0.0,0.0,0.23,0.0,2.32,0.93,0.23,0.0,1.39,0.0,0.0,0.0,0.0,0.0,0.0,0.0,0.0,0.46,22.27,18.09,4.18,81.25,6.49,11.6,7.65,0.0,0.0,1.16,83.33,15,2,388,0.23,0.0,1.16,2.09,14.85,2.32,5.57,40.68,5.57,42.11,0.0,0.0
519,1099344,La Liga,25/26,Espanyol,Antoniu Roca,Midfielder,6.49,0.0,0.07,0.0,1.51,0.3,0.3,0.0,3.02,50.0,0.0,0.0,0.0,0.0,0.0,0.0,0.0,0.0,0.0,0.0,0.0,0.0,0.0,0.0,2.11,0.6,0.0,0.0,1.21,0.0,0.3,0.0,0.0,0.0,0.0,0.0,0.0,1.21,16.91,11.78,5.13,69.64,2.11,9.66,7.55,1.51,71.43,0.0,0.0,13,3,298,0.6,0.0,3.02,2.42,12.68,1.51,8.15,42.86,7.55,46.3,0.6,22.22
520,1639543,La Liga,25/26,Deportivo Alavés,Aitor Mañas,Forward,6.49,0.0,0.46,1.34,1.34,0.67,0.67,0.0,1.34,28.57,0.0,0.0,0.0,0.0,0.0,0.67,0.0,0.0,0.0,0.0,0.0,0.0,0.0,0.0,2.01,0.67,0.0,0.0,1.34,0.0,0.0,0.0,0.0,0.0,0.0,0.0,0.0,1.34,14.1,12.09,2.01,85.71,3.36,8.73,4.7,0.0,0.0,0.0,0.0,9,0,134,0.0,0.0,1.34,0.67,13.43,2.69,6.04,31.03,4.03,31.58,2.01,30.0
521,1160250,La Liga,25/26,Levante UD,Tai Abed,Midfielder,6.48,0.0,0.19,0.0,1.64,0.82,0.82,0.0,1.64,50.0,0.0,0.0,0.0,0.0,0.0,0.82,0.0,0.0,0.0,0.0,0.0,0.0,0.0,0.0,0.82,0.82,1.64,0.0,0.82,0.0,0.0,0.0,0.0,0.0,0.82,0.0,0.0,0.82,16.36,13.09,3.27,80.0,5.73,7.36,4.09,0.0,0.0,0.0,0.0,7,0,110,0.0,0.0,1.64,1.64,13.09,2.45,4.09,35.71,4.09,38.46,0.0,0.0
522,1139409,La Liga,25/26,Real Sociedad,Pablo Marín,Midfielder,6.48,0.0,0.07,0.12,0.77,0.24,0.18,0.0,1.01,41.46,0.0,0.0,0.0,0.0,0.0,0.06,0.3,0.06,0.0,0.0,0.0,0.0,0.0,0.0,1.13,0.48,0.95,0.06,0.66,0.0,0.0,0.0,0.0,0.0,0.12,0.06,0.0,0.77,22.28,17.63,4.65,79.14,7.21,10.42,4.94,0.24,23.53,0.48,40.0,34,15,1511,0.12,0.0,1.31,1.37,11.32,1.37,3.93,39.76,3.45,42.65,0.48,26.67
523,1106573,La Liga,25/26,Girona FC,Jhon Solís,Midfielder,6.48,0.0,0.04,0.0,0.7,0.47,0.23,0.0,0.7,27.27,0.0,0.0,0.0,0.0,0.0,0.0,0.0,0.0,0.0,0.0,0.0,0.0,0.0,0.0,0.7,0.94,1.88,0.23,1.64,0.0,0.23,0.0,0.0,0.0,0.0,0.0,0.0,0.23,38.44,33.98,4.45,88.41,16.41,17.58,8.44,0.0,0.0,0.7,37.5,12,3,384,0.0,0.0,0.47,1.64,8.67,0.7,3.52,35.71,3.05,39.39,0.47,22.22
524,1154549,La Liga,25/26,Getafe,Mario Martín,Midfielder,6.48,0.08,0.11,0.08,1.14,0.25,0.38,7.41,0.59,38.89,0.08,0.0,0.08,0.0,0.0,0.0,0.17,0.0,0.0,0.0,0.0,0.0,0.0,0.0,2.36,0.63,1.22,0.21,1.35,0.0,0.04,0.0,0.0,0.04,0.04,0.04,0.0,0.34,24.0,17.54,6.45,73.11,7.25,10.29,4.81,0.08,15.38,0.84,52.63,35,26,2134,0.46,0.0,3.04,1.43,12.4,1.39,7.55,39.96,4.39,40.63,3.16,39.06
525,785468,La Liga,25/26,Real Sociedad,Aritz Elustondo,Defender,6.48,0.0,0.04,0.12,0.5,0.25,0.25,0.0,0.0,0.0,0.0,0.0,0.0,0.0,0.0,0.0,0.0,0.0,0.0,0.0,0.0,0.0,0.0,0.0,1.74,1.24,4.59,0.37,1.74,0.0,0.12,0.12,0.0,0.0,0.0,0.12,0.0,0.12,46.92,39.97,6.95,85.19,25.32,14.65,5.59,0.25,33.33,1.49,42.86,16,8,725,0.0,0.0,2.11,1.37,10.68,0.37,5.34,46.24,3.1,39.68,2.23,60.0
526,1003007,La Liga,25/26,Sevilla,Tanguy Nianzou,Defender,6.48,0.0,0.07,0.0,1.25,0.0,0.83,0.0,0.28,40.0,0.0,0.0,0.0,0.0,0.0,0.0,0.0,0.0,0.0,0.0,0.0,0.0,0.0,0.0,1.94,0.56,6.94,0.14,0.28,0.0,0.28,0.14,0.0,0.14,0.0,0.0,0.0,0.28,44.31,39.17,5.14,88.4,28.61,10.56,3.61,0.0,0.0,3.75,58.7,12,8,648,0.69,0.14,2.08,0.83,7.36,0.56,6.25,60.0,3.06,48.89,3.19,76.67
527,1018190,La Liga,25/26,Sevilla,Isaac Romero,Forward,6.48,0.24,0.32,0.48,2.46,0.84,1.14,9.76,0.6,22.73,0.18,0.06,0.0,0.12,0.12,0.18,0.3,0.12,0.06,0.0,0.0,0.0,0.0,0.0,0.96,0.36,1.14,0.06,0.48,0.0,0.06,0.0,0.0,0.0,0.12,0.0,0.0,0.84,20.19,14.6,5.59,72.32,6.25,8.35,4.87,0.06,10.0,0.96,66.67,29,18,1498,0.24,0.06,1.74,1.44,14.78,1.92,4.33,34.62,2.94,32.24,1.38,41.07
528,135116,La Liga,25/26,Girona FC,David López,Defender,6.48,0.0,0.18,0.31,0.31,0.31,0.0,0.0,0.31,100.0,0.0,0.0,0.0,0.0,0.0,0.0,0.31,0.0,0.0,0.0,0.0,0.0,0.0,0.0,1.23,0.0,3.38,0.31,0.0,0.0,0.92,0.0,0.0,0.0,0.0,0.0,0.0,0.0,69.42,60.82,8.6,87.61,44.85,15.97,3.99,0.0,0.0,4.3,42.42,6,3,293,0.0,0.0,0.61,0.61,9.83,0.61,3.69,57.14,2.15,63.64,1.54,50.0
529,1520799,La Liga,25/26,Athletic Club,Maroan Sannadi,Forward,6.48,0.32,0.35,0.0,2.56,1.28,0.64,12.5,0.32,20.0,0.32,0.0,0.0,0.0,0.32,0.0,0.96,0.0,0.0,0.0,0.0,0.0,0.0,0.0,0.32,0.32,0.96,0.0,0.64,0.0,0.0,0.0,0.0,0.0,0.32,0.0,0.0,0.96,22.42,16.01,6.41,71.43,4.48,11.53,6.09,0.0,0.0,0.64,66.67,10,2,281,0.32,0.0,2.56,1.6,15.05,0.96,5.77,42.86,2.24,31.82,3.52,55.0
530,1086128,La Liga,25/26,Real Oviedo,Álex Forés,Forward,6.48,0.0,0.29,0.47,1.88,0.47,0.71,0.0,0.71,42.86,0.0,0.0,0.0,0.0,0.0,0.0,0.24,0.0,0.0,0.0,0.0,0.0,0.0,0.0,0.47,0.24,0.24,0.0,0.71,0.0,0.0,0.0,0.0,0.0,0.0,0.24,0.0,0.24,14.84,10.13,4.71,68.25,4.95,5.18,3.53,0.0,0.0,0.0,0.0,18,3,382,0.0,0.0,0.71,1.41,10.13,0.94,3.53,38.46,2.59,44.0,0.94,28.57
531,1484974,La Liga,25/26,Mallorca,Justin-Noel Kalumba,Midfielder,6.47,0.0,0.09,0.0,0.99,0.0,0.99,0.0,0.99,25.0,0.0,0.0,0.0,0.0,0.0,0.0,0.0,0.0,0.0,0.0,0.0,0.0,0.0,0.0,0.99,0.0,0.0,0.0,1.98,0.0,0.0,0.0,0.0,0.0,0.0,0.0,0.0,0.0,26.7,19.78,6.92,74.07,3.96,15.82,13.85,0.0,0.0,0.0,0.0,3,1,91,0.0,0.0,1.98,3.96,18.79,1.98,5.93,35.29,5.93,40.0,0.0,0.0
532,1018547,La Liga,25/26,Real Oviedo,Thiago Borbas,Forward,6.47,0.0,0.38,0.47,2.36,0.94,0.94,0.0,0.0,0.0,0.0,0.0,0.0,0.0,0.0,0.0,1.88,0.0,0.0,0.0,0.0,0.0,0.0,0.0,2.36,0.0,2.83,0.0,0.47,0.0,0.0,0.0,0.0,0.0,0.0,0.0,0.0,0.0,18.85,11.78,7.07,62.5,6.13,5.65,2.36,0.0,0.0,0.47,50.0,12,0,191,0.47,0.0,3.3,1.41,10.84,1.41,8.01,38.64,3.77,44.44,4.24,34.62
533,1092515,La Liga,25/26,Elche,Yago Santiago,Midfielder,6.46,0.0,0.04,0.0,0.62,0.0,0.0,0.0,1.25,40.0,0.0,0.0,0.0,0.0,0.0,0.0,0.31,0.0,0.0,0.0,0.0,0.0,0.0,0.0,0.62,0.31,1.56,0.0,0.93,0.0,0.0,0.0,0.0,0.0,0.0,0.0,0.0,0.62,32.39,27.72,4.67,85.58,8.1,19.62,10.28,0.62,33.33,0.62,50.0,9,3,289,0.31,0.31,0.93,0.62,11.21,0.62,3.11,33.33,2.49,36.36,0.62,25.0
534,1120947,La Liga,25/26,Rayo Vallecano,Jozhua Vertrouwd,Defender,6.46,0.0,0.01,0.0,0.2,0.0,0.2,0.0,0.0,0.0,0.0,0.0,0.0,0.0,0.0,0.0,0.0,0.0,0.0,0.0,0.0,0.0,0.0,0.0,1.43,0.82,5.51,0.61,0.0,0.2,0.0,0.0,0.2,0.2,0.0,0.0,0.0,0.41,40.41,36.73,3.67,90.91,29.18,7.55,2.24,0.0,0.0,1.43,58.33,9,3,441,0.0,0.0,1.22,0.61,5.31,0.2,3.27,57.14,2.04,55.56,1.22,60.0
535,1398518,La Liga,25/26,Getafe,Álex Sancris,Midfielder,6.46,0.0,0.05,0.0,1.65,0.63,0.51,0.0,0.63,50.0,0.0,0.0,0.0,0.0,0.0,0.0,1.01,0.0,0.0,0.0,0.0,0.0,0.13,0.0,1.27,0.25,0.51,0.0,1.39,0.0,0.0,0.0,0.0,0.0,0.13,0.13,0.0,1.01,24.59,16.99,7.61,69.07,5.58,11.41,6.34,1.01,13.33,0.63,33.33,18,5,710,0.25,0.13,2.03,1.52,18.89,1.14,3.93,33.7,3.3,40.0,0.63,18.52
536,1482463,La Liga,25/26,Girona FC,Juan Arango,Forward,6.45,0.0,0.0,0.0,0.0,0.0,0.0,0.0,9.47,100.0,0.0,0.0,0.0,0.0,0.0,0.0,0.0,0.0,0.0,0.0,0.0,0.0,0.0,0.0,0.0,0.0,0.0,0.0,0.0,0.0,0.0,0.0,0.0,0.0,0.0,0.0,0.0,0.0,14.21,14.21,0.0,100.0,0.0,14.21,14.21,0.0,0.0,0.0,0.0,2,0,19,4.74,0.0,4.74,0.0,14.21,4.74,9.47,50.0,9.47,50.0,0.0,0.0
537,885664,La Liga,25/26,Real Oviedo,Luka Ilić,Midfielder,6.45,0.12,0.08,0.36,1.07,0.6,0.48,11.11,0.48,30.77,0.12,0.0,0.0,0.0,0.12,0.0,0.24,0.0,0.0,0.0,0.0,0.0,0.0,0.0,1.31,0.6,0.95,0.48,1.79,0.0,0.0,0.0,0.0,0.0,0.0,0.0,0.0,0.36,27.98,22.26,5.71,79.57,9.88,12.38,6.31,0.12,14.29,1.43,54.55,19,8,756,0.24,0.12,1.9,0.83,10.95,1.31,3.33,32.56,2.62,30.56,0.71,42.86
538,831510,La Liga,25/26,Getafe,Veljko Birmančević,Forward,6.45,0.0,0.06,0.0,1.25,0.62,0.0,0.0,1.25,50.0,0.0,0.0,0.0,0.0,0.0,0.0,1.88,0.0,0.0,0.0,0.0,0.0,0.0,0.0,0.0,1.25,1.25,0.62,1.88,0.0,0.0,0.0,0.0,0.0,0.0,0.0,0.0,1.25,23.12,13.75,9.38,59.46,5.0,8.75,5.62,0.62,50.0,0.62,20.0,6,1,144,0.0,0.0,1.88,1.88,15.62,1.25,3.75,25.0,3.12,35.71,0.62,10.0
539,1425060,La Liga,25/26,Athletic Club,Eder Garcia,Midfielder,6.45,0.0,0.07,0.0,2.5,0.0,0.0,0.0,0.0,0.0,0.0,0.0,0.0,0.0,0.0,0.0,0.0,0.0,0.0,0.0,0.0,0.0,0.0,0.0,0.0,0.0,0.0,0.0,0.0,0.0,0.0,0.0,0.0,0.0,0.0,0.0,0.0,0.0,57.5,42.5,15.0,73.91,27.5,15.0,7.5,0.0,0.0,0.0,0.0,2,0,36,2.5,0.0,5.0,0.0,22.5,2.5,2.5,25.0,0.0,0.0,2.5,100.0
540,1495856,La Liga,25/26,Osasuna,Iñigo Arguibide,Defender,6.45,0.0,0.0,0.0,0.0,0.0,0.0,0.0,0.0,0.0,0.0,0.0,0.0,0.0,0.0,0.0,0.0,0.0,0.0,0.0,0.0,0.0,0.0,0.0,1.38,0.92,3.21,0.46,0.46,0.0,0.0,0.0,0.0,0.0,0.0,0.0,0.0,0.46,17.45,11.02,6.43,63.16,5.05,5.97,2.3,0.46,20.0,0.92,18.18,6,2,196,0.0,0.46,1.38,0.0,13.78,0.92,1.38,23.08,1.38,27.27,0.0,0.0
541,1539149,La Liga,25/26,Real Sociedad,Luken Beitia,Defender,6.45,0.0,0.0,0.0,0.0,0.0,0.0,0.0,0.87,100.0,0.0,0.0,0.0,0.0,0.0,0.0,0.0,0.0,0.0,0.0,0.0,0.0,0.0,0.0,0.0,0.87,4.33,0.0,0.87,0.0,0.0,0.0,0.0,0.0,0.0,0.0,0.0,0.0,38.08,33.75,4.33,88.64,26.83,6.92,0.87,0.0,0.0,1.73,40.0,2,1,104,0.0,0.0,2.6,0.87,5.19,0.87,3.46,40.0,1.73,28.57,1.73,66.67
542,1398511,La Liga,25/26,Athletic Club,Adama Boiro,Defender,6.45,0.0,0.0,0.0,0.22,0.0,0.11,0.0,0.88,50.0,0.0,0.0,0.0,0.0,0.0,0.0,0.0,0.0,0.0,0.0,0.0,0.0,0.0,0.0,1.98,1.87,2.42,0.11,0.55,0.11,0.0,0.0,0.0,0.0,0.0,0.0,0.0,0.33,37.36,32.53,4.84,87.06,13.52,19.01,9.67,0.66,25.0,0.88,38.1,14,8,819,0.11,0.0,0.66,1.21,9.67,0.33,5.27,59.26,4.07,62.71,1.21,50.0
543,315916,La Liga,25/26,Valencia,Renzo Saravia,Defender,6.44,0.0,0.01,0.0,0.25,0.0,0.25,0.0,0.51,40.0,0.0,0.0,0.0,0.0,0.0,0.0,0.0,0.0,0.0,0.0,0.0,0.0,0.0,0.0,2.04,1.78,2.55,0.0,1.53,0.0,0.0,0.25,0.0,0.0,0.0,0.0,0.0,0.25,37.99,31.36,6.63,82.55,18.36,13.0,5.86,0.0,0.0,0.76,23.08,5,4,353,0.51,0.0,1.02,2.55,9.94,0.51,5.86,52.27,5.1,57.14,0.76,33.33
544,1087476,La Liga,25/26,Getafe,Abu Kamara,Midfielder,6.44,0.0,0.16,0.34,1.36,0.34,0.68,0.0,0.68,22.22,0.0,0.0,0.0,0.0,0.0,0.0,0.68,0.0,0.0,0.0,0.0,0.0,0.0,0.0,1.36,0.68,0.34,0.34,1.36,0.0,0.0,0.0,0.0,0.0,0.0,0.0,0.0,1.02,25.91,17.73,8.18,68.42,4.43,13.3,7.16,0.0,0.0,0.68,66.67,12,1,264,0.34,0.0,0.68,1.36,18.41,2.05,4.43,35.14,3.41,35.71,1.02,33.33
545,146852,La Liga,25/26,Mallorca,Abdón Prats,Forward,6.44,0.0,0.54,0.61,2.45,1.22,0.0,0.0,0.61,50.0,0.0,0.0,0.0,0.0,0.0,0.0,0.0,0.0,0.0,0.0,0.0,0.0,0.0,0.0,0.0,0.0,0.61,0.0,2.45,0.0,0.0,0.0,0.0,0.0,0.0,0.0,0.0,1.22,15.92,10.41,5.51,65.38,2.45,7.96,4.29,0.0,0.0,0.0,0.0,15,0,147,0.0,0.0,1.22,1.84,12.24,1.22,5.51,34.62,2.45,30.77,3.06,38.46
546,857229,La Liga,25/26,Real Oviedo,Oier Luengo,Defender,6.43,0.0,0.02,0.0,0.4,0.0,0.4,0.0,0.0,0.0,0.0,0.0,0.0,0.0,0.0,0.0,0.0,0.0,0.0,0.0,0.0,0.0,0.0,0.0,2.4,0.8,2.0,0.8,0.0,0.0,0.0,0.0,0.0,0.0,0.0,0.4,0.0,0.4,35.2,31.2,4.0,88.64,28.4,2.8,0.4,0.0,0.0,0.8,25.0,3,3,225,0.4,0.0,0.8,0.4,4.4,0.0,3.6,56.25,2.8,77.78,0.8,28.57
547,869931,La Liga,25/26,Getafe,Yvan Neyou,Midfielder,6.43,0.0,0.0,0.0,0.0,0.0,0.0,0.0,0.0,0.0,0.0,0.0,0.0,0.0,0.0,0.0,0.0,0.0,0.0,0.0,0.0,0.0,0.0,0.0,0.0,0.0,3.7,0.0,1.23,0.0,0.0,0.0,0.0,0.0,0.0,0.0,0.0,0.0,22.19,18.49,3.7,83.33,6.16,12.33,7.4,0.0,0.0,1.23,100.0,5,0,73,2.47,0.0,4.93,2.47,9.86,2.47,2.47,20.0,2.47,25.0,0.0,0.0
548,1099175,La Liga,25/26,Real Sociedad,Jon Karrikaburu,Forward,6.43,0.0,0.6,1.32,4.63,1.32,1.99,0.0,0.0,0.0,0.0,0.0,0.0,0.0,0.0,0.0,1.32,0.0,0.0,0.0,0.0,0.0,0.0,0.0,1.32,0.0,0.0,0.0,0.66,0.0,0.0,0.0,0.0,0.0,0.0,0.0,0.0,0.66,11.25,6.62,4.63,58.82,2.65,3.97,2.65,0.0,0.0,0.0,0.0,7,0,136,0.0,0.0,1.99,2.65,11.91,0.0,5.96,39.13,2.65,44.44,3.31,35.71
549,826013,La Liga,25/26,Girona FC,Abel Ruíz,Forward,6.43,0.0,0.12,0.0,2.32,0.46,0.46,0.0,0.46,100.0,0.0,0.0,0.0,0.0,0.0,0.0,0.46,0.0,0.0,0.0,0.0,0.0,0.0,0.0,0.46,0.46,0.0,0.0,0.46,0.0,0.0,0.0,0.0,0.0,0.0,0.0,0.0,0.93,16.7,12.99,3.71,77.78,2.78,10.21,6.96,0.0,0.0,0.46,100.0,9,0,194,0.0,0.0,0.93,0.46,8.35,0.46,3.25,35.0,1.39,42.86,1.86,30.77
550,1211632,La Liga,25/26,Real Sociedad,Wesley,Midfielder,6.42,0.0,0.02,0.0,0.99,0.0,0.0,0.0,2.97,60.0,0.0,0.0,0.0,0.0,0.0,0.0,0.0,0.0,0.0,0.0,0.0,0.0,0.0,0.0,0.0,0.0,0.99,0.0,0.0,0.0,0.0,0.0,0.0,0.0,0.0,0.0,0.0,0.0,29.67,20.77,8.9,70.0,4.95,15.82,8.9,0.0,0.0,2.97,60.0,5,1,91,0.0,0.0,2.97,0.99,23.74,3.96,5.93,37.5,3.96,33.33,1.98,50.0
551,909554,La Liga,25/26,Levante UD,Roger Brugué,Midfielder,6.42,0.09,0.3,0.54,2.5,0.8,1.25,3.57,0.8,37.5,0.09,0.0,0.09,0.0,0.0,0.27,0.54,0.0,0.0,0.0,0.0,0.0,0.0,0.0,0.98,0.36,1.7,0.09,0.89,0.0,0.27,0.0,0.0,0.09,0.18,0.09,0.0,0.71,21.81,17.96,3.84,82.38,6.97,10.99,5.81,0.54,54.55,0.27,37.5,19,10,1007,0.09,0.09,0.98,0.71,9.83,1.61,3.66,34.75,2.5,34.15,1.16,36.11
552,945768,La Liga,25/26,Girona FC,Bojan Miovski,Forward,6.4,0.0,0.0,0.0,0.0,0.0,0.0,0.0,0.0,0.0,0.0,0.0,0.0,0.0,0.0,0.0,0.0,0.0,0.0,0.0,0.0,0.0,0.0,0.0,0.0,0.0,0.0,0.0,0.0,0.0,0.0,0.0,0.0,0.0,0.0,0.0,0.0,0.0,6.14,4.09,2.05,66.67,4.09,0.0,0.0,0.0,0.0,0.0,0.0,1,1,44,0.0,0.0,0.0,0.0,4.09,0.0,0.0,0.0,0.0,0.0,0.0,0.0
553,1550822,La Liga,25/26,Athletic Club,Asier Hierro,Forward,6.4,0.0,0.19,0.0,2.73,0.0,2.73,0.0,0.0,0.0,0.0,0.0,0.0,0.0,0.0,0.0,0.0,0.0,0.0,0.0,0.0,0.0,0.0,0.0,0.0,0.0,2.73,0.0,0.0,0.0,0.0,0.0,0.0,0.0,0.0,0.0,0.0,2.73,24.55,16.36,8.18,66.67,2.73,13.64,5.45,0.0,0.0,0.0,0.0,1,0,33,0.0,0.0,0.0,0.0,8.18,0.0,2.73,33.33,0.0,0.0,2.73,33.33
554,1151851,La Liga,25/26,Girona FC,Dawda Camara,Forward,6.4,0.0,0.15,0.0,2.54,1.27,0.0,0.0,0.0,0.0,0.0,0.0,0.0,0.0,0.0,0.0,0.0,0.0,0.0,0.0,0.0,0.0,0.0,0.0,1.27,1.27,0.0,0.0,0.0,0.0,0.0,0.0,0.0,0.0,0.0,0.0,0.0,2.54,12.68,8.87,3.8,70.0,5.07,3.8,3.8,0.0,0.0,0.0,0.0,2,1,71,0.0,0.0,2.54,0.0,6.34,0.0,2.54,25.0,1.27,33.33,1.27,20.0
555,914749,La Liga,25/26,Levante UD,Sergio Lozano,Midfielder,6.4,0.0,0.0,0.0,0.0,0.0,0.0,0.0,0.0,0.0,0.0,0.0,0.0,0.0,0.0,0.0,0.0,0.0,0.0,0.0,0.0,0.0,0.0,0.0,16.36,0.0,0.0,0.0,0.0,0.0,0.0,0.0,0.0,0.0,0.0,0.0,0.0,0.0,57.27,57.27,0.0,100.0,16.36,40.91,24.55,0.0,0.0,0.0,0.0,1,0,11,0.0,0.0,0.0,0.0,16.36,0.0,16.36,40.0,16.36,50.0,0.0,0.0
556,1863206,La Liga,25/26,Villarreal,Pau Cabanes,Forward,6.4,0.0,0.0,0.0,0.0,0.0,0.0,0.0,0.0,0.0,0.0,0.0,0.0,0.0,0.0,0.0,0.0,0.0,0.0,0.0,0.0,0.0,0.0,0.0,0.0,0.0,0.0,0.0,0.0,0.0,0.0,0.0,0.0,0.0,0.0,0.0,0.0,0.0,30.0,24.0,6.0,80.0,6.0,18.0,12.0,0.0,0.0,0.0,0.0,1,0,15,0.0,0.0,0.0,0.0,6.0,0.0,0.0,0.0,0.0,0.0,0.0,0.0
557,1466117,La Liga,25/26,Espanyol,Lluc Castell,Forward,6.4,0.0,0.0,0.0,0.0,0.0,0.0,0.0,0.0,0.0,0.0,0.0,0.0,0.0,0.0,0.0,0.0,0.0,0.0,0.0,0.0,0.0,0.0,0.0,0.0,0.0,0.0,0.0,0.0,0.0,0.0,0.0,0.0,0.0,0.0,0.0,0.0,0.0,10.0,5.0,5.0,50.0,0.0,5.0,0.0,0.0,0.0,0.0,0.0,1,0,18,0.0,0.0,5.0,5.0,15.0,0.0,5.0,25.0,5.0,50.0,0.0,0.0
558,1590761,La Liga,25/26,FC Barcelona,Toni Fernández,Midfielder,6.4,0.0,0.0,0.0,0.0,0.0,0.0,0.0,0.0,0.0,0.0,0.0,0.0,0.0,0.0,0.0,0.0,0.0,0.0,0.0,0.0,0.0,0.0,0.0,0.0,0.0,0.0,0.0,0.0,0.0,0.0,0.0,0.0,0.0,0.0,0.0,0.0,2.0,18.0,14.0,4.0,77.78,2.0,12.0,8.0,0.0,0.0,0.0,0.0,1,1,45,0.0,0.0,0.0,0.0,6.0,0.0,0.0,0.0,0.0,0.0,0.0,0.0
559,1466128,La Liga,25/26,Real Sociedad,Dani Díaz,Midfielder,6.4,0.0,0.0,0.0,0.0,0.0,0.0,0.0,0.0,0.0,0.0,0.0,0.0,0.0,0.0,0.0,0.0,0.0,0.0,0.0,0.0,0.0,0.0,0.0,0.0,0.0,0.0,0.0,0.0,0.0,0.0,0.0,0.0,0.0,0.0,0.0,0.0,0.0,21.18,15.88,5.29,75.0,0.0,15.88,10.59,0.0,0.0,0.0,0.0,1,0,17,0.0,0.0,0.0,0.0,15.88,0.0,0.0,0.0,0.0,0.0,0.0,0.0
560,1985103,La Liga,25/26,Real Sociedad,Gorka Carrera Zarranz,Forward,6.4,0.0,0.52,1.53,1.53,1.53,0.0,0.0,0.0,0.0,0.0,0.0,0.0,0.0,0.0,0.0,0.0,0.0,0.0,0.0,0.0,0.0,0.0,0.0,0.0,1.53,0.0,0.0,1.53,0.0,0.0,0.0,0.0,0.0,0.0,0.0,0.0,0.0,18.31,16.78,1.53,91.67,7.63,9.15,1.53,0.0,0.0,0.0,0.0,3,0,59,1.53,0.0,3.05,3.05,6.1,1.53,4.58,37.5,3.05,40.0,1.53,33.33
561,1414932,La Liga,25/26,Atlético Madrid,Dani Martinez,Defender,6.4,0.0,0.0,0.0,0.0,0.0,0.0,0.0,0.0,0.0,0.0,0.0,0.0,0.0,0.0,0.0,0.0,0.0,0.0,0.0,0.0,0.0,0.0,0.0,1.0,1.0,2.0,1.0,0.0,0.0,0.0,1.0,0.0,0.0,0.0,0.0,0.0,0.0,86.0,77.0,9.0,89.53,44.0,33.0,1.0,0.0,0.0,1.0,16.67,1,1,90,0.0,0.0,1.0,0.0,11.0,1.0,1.0,33.33,1.0,33.33,0.0,0.0
562,1895197,La Liga,25/26,Getafe,Jorge Montes,Defender,6.4,0.0,0.0,0.0,0.0,0.0,0.0,0.0,6.92,100.0,0.0,0.0,0.0,0.0,0.0,0.0,0.0,0.0,0.0,0.0,0.0,0.0,0.0,0.0,10.38,0.0,0.0,0.0,0.0,0.0,0.0,0.0,0.0,0.0,3.46,0.0,0.0,3.46,31.15,27.69,3.46,88.89,13.85,13.85,3.46,0.0,0.0,0.0,0.0,1,0,26,0.0,0.0,3.46,0.0,13.85,0.0,17.31,55.56,17.31,83.33,0.0,0.0
563,1546073,La Liga,25/26,FC Barcelona,Xavi Espart,Defender,6.4,0.0,0.01,0.0,0.55,0.0,0.55,0.0,1.65,100.0,0.0,0.0,0.0,0.0,0.0,0.0,0.0,0.0,0.0,0.0,0.0,0.0,0.0,0.0,2.2,2.74,2.74,0.0,0.55,0.55,0.0,0.0,0.0,0.0,0.0,0.0,0.0,0.0,71.34,63.66,7.68,89.23,38.96,24.7,8.78,0.0,0.0,1.1,33.33,4,1,164,0.0,0.0,0.0,2.2,12.62,2.74,8.23,68.18,6.04,64.71,2.2,80.0
564,1149152,La Liga,25/26,Sevilla,Stanis Idumbo Muzambo,Midfielder,6.4,0.0,0.06,0.0,2.0,0.0,0.0,0.0,0.0,0.0,0.0,0.0,0.0,0.0,0.0,0.0,0.0,0.0,0.0,0.0,0.0,0.0,0.0,0.0,2.0,0.0,0.0,0.0,2.0,0.0,0.0,0.0,0.0,0.0,0.0,0.0,0.0,2.0,22.0,14.0,8.0,63.64,2.0,12.0,6.0,0.0,0.0,0.0,0.0,1,1,45,0.0,0.0,0.0,0.0,14.0,0.0,2.0,25.0,2.0,33.33,0.0,0.0
565,985262,La Liga,25/26,Deportivo Alavés,Moussa Diarra,Defender,6.4,0.0,0.0,0.0,0.0,0.0,0.0,0.0,0.41,25.0,0.0,0.0,0.0,0.0,0.0,0.0,0.0,0.0,0.0,0.0,0.0,0.0,0.0,0.0,2.47,0.41,2.47,0.0,1.64,0.0,0.0,0.0,0.0,0.0,0.0,0.0,0.0,0.41,26.3,16.85,9.45,64.06,7.81,9.04,3.7,0.41,100.0,1.23,33.33,3,3,219,0.41,0.0,1.64,0.41,16.85,0.82,5.34,48.15,3.29,38.1,2.05,83.33
566,1587196,La Liga,25/26,FC Barcelona,Jofre Torrents ,Defender,6.4,0.0,0.0,0.0,0.0,0.0,0.0,0.0,0.0,0.0,0.0,0.0,0.0,0.0,0.0,0.0,0.0,0.0,0.0,0.0,0.0,0.0,0.0,0.0,3.83,0.0,3.83,0.0,0.0,0.0,0.0,0.0,0.0,0.0,0.0,0.0,0.0,0.0,65.11,57.45,7.66,88.24,21.06,36.38,28.72,1.91,33.33,1.91,100.0,3,0,47,0.0,0.0,0.0,0.0,19.15,1.91,5.74,37.5,3.83,50.0,1.91,25.0
567,1139724,La Liga,25/26,Rayo Vallecano,Pelayo Fernández,Defender,6.4,0.0,0.08,0.0,2.0,0.0,2.0,0.0,0.0,0.0,0.0,0.0,0.0,0.0,0.0,0.0,0.0,0.0,0.0,0.0,0.0,0.0,0.0,0.0,2.0,0.0,6.0,0.0,2.0,0.0,0.0,0.0,0.0,0.0,0.0,0.0,0.0,0.0,70.0,60.0,10.0,85.71,38.0,22.0,6.0,0.0,0.0,2.0,100.0,1,0,45,0.0,0.0,2.0,0.0,10.0,0.0,8.0,50.0,2.0,33.33,6.0,60.0
568,1918369,La Liga,25/26,Getafe,Davinchi,Defender,6.39,0.0,0.03,0.0,0.52,0.26,0.13,0.0,1.29,52.63,0.0,0.0,0.0,0.0,0.0,0.0,0.0,0.0,0.0,0.0,0.0,0.0,0.0,0.0,3.35,0.77,3.09,0.13,0.77,0.0,0.13,0.0,0.0,0.13,0.0,0.0,0.0,0.39,27.34,15.86,11.48,58.02,5.93,9.93,5.03,0.39,15.79,0.9,17.95,14,7,698,0.26,0.0,3.48,0.26,19.86,1.16,6.06,44.34,4.9,43.18,1.16,50.0
569,151138,La Liga,25/26,Valencia,Dimitri Foulquier,Defender,6.38,0.0,0.04,0.0,0.47,0.08,0.31,0.0,0.78,50.0,0.0,0.0,0.0,0.0,0.0,0.0,0.0,0.0,0.0,0.0,0.0,0.0,0.0,0.0,1.17,0.62,3.11,0.08,0.23,0.0,0.08,0.08,0.0,0.23,0.0,0.0,0.0,0.47,40.29,34.15,6.15,84.75,22.32,11.82,5.45,0.31,33.33,1.4,42.86,15,12,1157,0.08,0.0,1.24,0.54,10.58,0.47,3.34,47.25,2.49,48.48,0.86,44.0
570,1131581,La Liga,25/26,Rayo Vallecano,Carlos Martín,Forward,6.38,0.0,0.25,0.19,1.73,0.77,0.39,0.0,0.77,80.0,0.0,0.0,0.0,0.0,0.0,0.0,0.0,0.0,0.0,0.0,0.0,0.0,0.0,0.0,2.12,0.0,0.77,0.39,2.7,0.0,0.0,0.0,0.0,0.0,0.19,0.0,0.0,0.58,21.2,17.54,3.66,82.73,8.48,9.06,5.97,0.19,12.5,0.39,40.0,11,7,467,0.19,0.0,2.12,0.96,9.64,0.96,4.82,38.46,3.66,38.0,1.16,40.0
571,1807070,La Liga,25/26,Levante UD,Jorge Cabello,Defender,6.36,0.0,0.0,0.0,0.0,0.0,0.0,0.0,0.49,100.0,0.0,0.0,0.0,0.0,0.0,0.0,0.0,0.0,0.0,0.0,0.0,0.0,0.0,0.0,1.73,0.0,5.44,0.99,0.25,0.25,0.25,0.0,0.0,0.0,0.0,0.0,0.0,0.0,30.41,26.21,4.2,86.18,19.29,6.92,1.73,0.0,0.0,1.73,43.75,5,4,364,0.25,0.0,0.74,0.74,4.45,0.0,4.45,60.0,2.97,75.0,1.48,42.86
572,1860172,La Liga,25/26,Girona FC,Lass Kourouma,Midfielder,6.36,0.0,0.0,0.0,0.0,0.0,0.0,0.0,0.0,0.0,0.0,0.0,0.0,0.0,0.0,0.0,0.0,0.0,0.0,0.0,0.0,0.0,0.0,0.0,0.0,1.41,0.0,0.0,2.81,0.0,0.0,0.0,0.0,0.0,0.0,0.0,0.0,0.0,18.28,14.06,4.22,76.92,2.81,11.25,5.62,0.0,0.0,0.0,0.0,5,0,64,0.0,1.41,2.81,1.41,7.03,1.41,1.41,14.29,1.41,20.0,0.0,0.0
573,175753,La Liga,25/26,Deportivo Alavés,Mariano Díaz,Forward,6.36,0.0,0.07,0.0,1.83,0.92,0.61,0.0,0.31,50.0,0.0,0.0,0.0,0.0,0.0,0.0,1.83,0.0,0.0,0.0,0.0,0.0,0.0,0.0,1.22,0.0,0.61,0.31,0.0,0.0,0.0,0.0,0.0,0.0,0.61,0.0,0.0,0.61,13.12,8.54,4.58,65.12,2.14,6.41,4.27,0.0,0.0,0.0,0.0,10,3,295,0.31,0.0,3.97,0.0,11.9,1.83,5.19,29.82,1.53,21.74,3.66,35.29
574,591750,La Liga,25/26,Sevilla,Joan Jordán,Midfielder,6.35,0.0,0.0,0.0,0.0,0.0,0.0,0.0,0.0,0.0,0.0,0.0,0.0,0.0,0.0,0.0,0.0,0.0,0.0,0.0,0.0,0.0,0.0,0.0,0.0,0.0,24.55,0.0,4.09,0.0,0.0,0.0,0.0,0.0,0.0,0.0,0.0,0.0,110.45,85.91,24.55,77.78,40.91,45.0,20.45,0.0,0.0,0.0,0.0,3,0,22,4.09,4.09,16.36,0.0,32.73,0.0,0.0,0.0,0.0,0.0,0.0,0.0
575,1068891,La Liga,25/26,Espanyol,Jose Salinas,Defender,6.35,0.0,0.05,0.34,0.34,0.0,0.0,0.0,1.01,75.0,0.0,0.0,0.0,0.0,0.0,0.0,0.0,0.0,0.0,0.0,0.0,0.0,0.0,0.0,0.67,1.01,1.68,0.67,0.67,0.0,0.0,0.0,0.34,0.0,0.0,0.0,0.0,1.68,37.61,31.57,6.04,83.93,16.46,15.11,5.71,0.34,14.29,0.0,0.0,11,2,268,0.67,0.0,2.69,1.34,12.09,0.34,4.03,40.0,3.02,42.86,1.01,33.33
576,1090681,La Liga,25/26,Sevilla,Ramón Martínez,Defender,6.35,0.0,0.0,0.0,0.0,0.0,0.0,0.0,0.0,0.0,0.0,0.0,0.0,0.0,0.0,0.0,0.0,0.0,0.0,0.0,0.0,0.0,0.0,0.0,0.0,0.9,1.8,0.0,0.9,0.0,0.0,0.0,0.0,0.0,0.0,0.0,0.0,0.0,57.6,51.3,6.3,89.06,36.0,15.3,1.8,0.0,0.0,6.3,70.0,2,0,100,0.0,0.0,0.9,0.9,8.1,0.9,1.8,33.33,0.9,25.0,0.9,50.0
577,1587199,La Liga,25/26,Real Oviedo,Pablo Agudín,Midfielder,6.35,0.0,0.04,0.0,1.94,0.0,0.97,0.0,0.97,100.0,0.0,0.0,0.0,0.0,0.0,0.0,0.0,0.0,0.0,0.0,0.0,0.0,0.0,0.0,0.97,0.0,1.94,0.0,1.94,0.0,0.0,0.97,0.0,0.0,0.0,0.0,0.0,0.0,19.35,10.65,8.71,55.0,4.84,5.81,1.94,0.0,0.0,0.0,0.0,7,0,93,0.0,0.0,3.87,0.97,22.26,2.9,4.84,33.33,2.9,25.0,1.94,66.67
578,855837,La Liga,25/26,Levante UD,Diego Pampín,Defender,6.34,0.0,0.04,0.0,0.51,0.0,0.17,0.0,1.01,85.71,0.0,0.0,0.0,0.0,0.0,0.0,0.0,0.0,0.0,0.0,0.0,0.0,0.0,0.0,1.85,1.01,3.37,0.0,1.52,0.0,0.17,0.0,0.0,0.0,0.0,0.0,0.0,0.51,45.51,38.93,6.57,85.56,24.94,13.99,5.73,0.51,21.43,1.35,40.0,8,6,534,0.51,0.0,1.35,1.18,11.97,0.67,4.89,51.79,3.88,51.11,1.01,54.55
579,796320,La Liga,25/26,Celta Vigo,Joseph Aidoo,Defender,6.33,0.0,0.03,0.28,0.28,0.0,0.28,0.0,0.14,100.0,0.0,0.0,0.0,0.0,0.0,0.0,0.0,0.0,0.0,0.0,0.0,0.0,0.0,0.0,0.99,1.27,5.92,0.28,0.14,0.14,0.28,0.28,0.0,0.14,0.0,0.0,0.0,0.0,55.07,51.27,3.8,93.09,34.79,16.48,2.68,0.0,0.0,1.41,55.56,8,7,639,0.0,0.0,0.7,0.14,4.65,0.14,2.96,53.85,1.27,60.0,1.69,50.0
580,1563578,La Liga,25/26,Atlético Madrid,Taufik Seidu,Midfielder,6.3,0.0,0.0,0.0,0.0,0.0,0.0,0.0,0.0,0.0,0.0,0.0,0.0,0.0,0.0,0.0,0.0,0.0,0.0,0.0,0.0,0.0,0.0,0.0,0.0,0.0,0.0,0.0,0.0,0.0,0.0,0.0,0.0,0.0,0.0,0.0,0.0,0.0,16.36,8.18,8.18,50.0,8.18,0.0,0.0,0.0,0.0,0.0,0.0,1,0,22,4.09,0.0,8.18,0.0,12.27,0.0,0.0,0.0,0.0,0.0,0.0,0.0
581,1966890,La Liga,25/26,Villarreal,Hugo López,Forward,6.3,0.0,0.0,0.0,0.0,0.0,0.0,0.0,0.0,0.0,0.0,0.0,0.0,0.0,0.0,0.0,0.0,0.0,0.0,0.0,0.0,0.0,0.0,0.0,1.64,1.64,0.0,0.0,0.0,0.0,0.0,0.0,0.0,0.0,0.0,0.0,0.0,0.0,8.18,8.18,0.0,100.0,1.64,6.55,3.27,0.0,0.0,0.0,0.0,2,1,55,0.0,0.0,3.27,0.0,6.55,1.64,1.64,16.67,1.64,20.0,0.0,0.0
582,1516812,La Liga,25/26,Elche,Ali Houary,Midfielder,6.3,0.0,0.05,0.0,1.44,0.0,0.72,0.0,0.72,33.33,0.0,0.0,0.0,0.0,0.0,0.0,0.0,0.0,0.0,0.0,0.0,0.0,0.0,0.0,2.88,0.72,0.72,0.0,1.44,0.0,0.0,0.0,0.0,0.0,0.0,0.0,0.0,0.0,38.16,33.84,4.32,88.68,15.12,18.72,7.92,0.0,0.0,0.72,50.0,2,2,125,0.0,0.0,5.04,1.44,12.96,2.88,5.04,31.82,5.04,31.82,0.0,0.0
583,849731,La Liga,25/26,Elche,Bambo Diaby,Defender,6.3,0.0,0.0,0.0,0.0,0.0,0.0,0.0,0.0,0.0,0.0,0.0,0.0,0.0,0.0,0.0,0.0,0.0,0.0,0.0,0.0,0.0,0.0,0.0,0.0,0.84,3.36,0.0,2.52,0.0,0.0,0.0,0.0,0.0,0.0,0.0,0.0,0.0,52.15,49.63,2.52,95.16,36.17,13.46,2.52,0.0,0.0,1.68,100.0,4,1,107,0.84,0.0,2.52,2.52,4.21,0.0,4.21,33.33,2.52,37.5,1.68,28.57
584,1145644,La Liga,25/26,Real Madrid,Manuel Serrano Salazar,Defender,6.3,0.0,0.0,0.0,0.0,0.0,0.0,0.0,0.0,0.0,0.0,0.0,0.0,0.0,0.0,0.0,0.0,0.0,0.0,0.0,0.0,0.0,0.0,0.0,0.0,0.0,0.0,0.0,0.0,0.0,0.0,0.0,0.0,0.0,0.0,0.0,0.0,0.0,90.0,90.0,0.0,100.0,90.0,0.0,0.0,0.0,0.0,11.25,100.0,1,0,8,0.0,0.0,0.0,0.0,0.0,0.0,0.0,0.0,0.0,0.0,0.0,0.0
585,801837,La Liga,25/26,Athletic Club,Íñigo Lekue,Defender,6.28,0.0,0.02,0.0,0.45,0.15,0.0,0.0,0.9,35.29,0.0,0.0,0.0,0.0,0.0,0.0,0.0,0.0,0.0,0.0,0.0,0.0,0.0,0.0,2.25,0.6,2.55,0.0,0.75,0.15,0.15,0.15,0.0,0.15,0.0,0.0,0.0,0.15,37.8,29.1,8.7,76.98,16.8,12.3,5.85,0.45,16.67,2.55,42.5,11,8,600,0.3,0.3,1.8,0.0,15.6,0.75,3.3,32.84,3.15,38.89,0.15,7.69
586,1916256,La Liga,25/26,Celta Vigo,Andrés Antañón,Midfielder,6.25,0.0,0.23,1.45,2.9,2.9,0.0,0.0,0.0,0.0,0.0,0.0,0.0,0.0,0.0,0.0,0.0,0.0,0.0,0.0,0.0,0.0,0.0,0.0,0.0,0.0,0.0,0.0,7.26,0.0,0.0,0.0,0.0,0.0,0.0,0.0,0.0,0.0,26.13,17.42,8.71,66.67,8.71,8.71,4.35,0.0,0.0,1.45,100.0,2,1,62,0.0,0.0,1.45,0.0,11.61,0.0,1.45,11.11,0.0,0.0,1.45,50.0
587,1402936,La Liga,25/26,Deportivo Alavés,Carlos Ballestero,Defender,6.2,0.0,0.0,0.0,0.0,0.0,0.0,0.0,0.0,0.0,0.0,0.0,0.0,0.0,0.0,0.0,0.0,0.0,0.0,0.0,0.0,0.0,0.0,0.0,0.0,0.0,10.0,0.0,10.0,0.0,0.0,0.0,0.0,0.0,0.0,0.0,0.0,0.0,0.0,0.0,0.0,0.0,0.0,0.0,0.0,0.0,0.0,0.0,0.0,1,0,9,0.0,0.0,0.0,0.0,10.0,0.0,0.0,0.0,0.0,0.0,0.0,0.0
588,2269442,La Liga,25/26,Mallorca,Luis Orejuela,Defender,6.1,0.0,0.05,0.0,1.0,0.0,1.0,0.0,1.0,100.0,0.0,0.0,0.0,0.0,0.0,0.0,0.0,0.0,0.0,0.0,0.0,0.0,0.0,0.0,0.0,1.0,3.0,0.0,0.0,0.0,0.0,0.0,0.0,0.0,0.0,0.0,0.0,0.0,32.0,30.0,2.0,93.75,17.0,13.0,6.0,0.0,0.0,2.0,66.67,1,1,90,0.0,0.0,1.0,4.0,11.0,1.0,6.0,46.15,5.0,83.33,1.0,14.29
589,1430809,La Liga,25/26,Deportivo Alavés,Diego Morcillo,Forward,6.1,0.0,4.5,10.0,10.0,0.0,10.0,0.0,0.0,0.0,0.0,0.0,0.0,0.0,0.0,0.0,0.0,0.0,0.0,0.0,0.0,0.0,0.0,0.0,0.0,0.0,0.0,0.0,0.0,0.0,0.0,0.0,0.0,0.0,0.0,0.0,0.0,0.0,40.0,20.0,20.0,50.0,0.0,20.0,20.0,0.0,0.0,0.0,0.0,1,0,9,0.0,0.0,10.0,10.0,40.0,0.0,10.0,50.0,10.0,50.0,0.0,0.0
590,1179148,La Liga,25/26,Atlético Madrid,Rayane Belaid,Midfielder,6.1,0.0,0.37,0.67,2.69,0.0,2.01,0.0,1.34,28.57,0.0,0.0,0.0,0.0,0.0,0.0,0.67,0.0,0.0,0.0,0.0,0.0,0.0,0.0,1.34,0.0,1.34,0.0,2.69,0.0,0.0,0.0,0.0,0.0,0.0,0.0,0.0,1.34,20.15,18.13,2.01,90.0,7.39,10.75,5.37,0.0,0.0,0.0,0.0,2,2,134,0.0,0.0,0.67,0.67,11.42,2.01,4.03,26.09,3.36,27.78,0.67,20.0
591,1100964,La Liga,25/26,Atlético Madrid,Aleksa Purić,Defender,6.1,0.0,0.0,0.0,0.0,0.0,0.0,0.0,0.0,0.0,0.0,0.0,0.0,0.0,0.0,0.0,0.0,0.0,0.0,0.0,0.0,0.0,0.0,0.0,1.96,3.91,1.96,0.0,1.96,0.0,0.0,0.0,0.0,0.0,0.0,0.0,0.0,0.0,31.3,27.39,3.91,87.5,25.43,1.96,0.0,0.0,0.0,1.96,100.0,2,0,46,0.0,0.0,1.96,1.96,3.91,0.0,5.87,50.0,3.91,50.0,1.96,50.0
592,1136702,La Liga,25/26,Real Sociedad,Mikel Goti,Midfielder,6.07,0.0,0.39,1.11,3.33,0.0,1.11,0.0,2.22,66.67,0.0,0.0,0.0,0.0,0.0,0.0,0.0,0.0,0.0,0.0,0.0,0.0,0.0,0.0,0.0,0.0,1.11,1.11,0.0,1.11,0.0,0.0,0.0,0.0,0.0,0.0,0.0,0.0,32.22,15.56,16.67,48.28,2.22,13.33,7.78,0.0,0.0,1.11,20.0,4,1,81,0.0,0.0,6.67,0.0,26.67,2.22,5.56,23.81,2.22,20.0,3.33,27.27
593,856250,La Liga,25/26,Girona FC,Ladislav Krejčí,Defender,5.7,0.0,0.06,0.0,0.5,0.0,0.5,0.0,0.0,0.0,0.0,0.0,0.0,0.0,0.0,0.0,0.0,0.0,0.0,0.0,0.0,0.0,0.0,0.0,1.0,0.5,0.5,0.0,0.5,0.0,0.0,0.0,0.0,0.0,0.0,0.0,0.0,0.0,52.0,46.0,6.0,88.46,32.5,13.5,2.5,0.0,0.0,1.0,22.22,2,2,180,0.5,0.0,1.0,0.0,6.5,0.0,2.5,45.45,1.0,40.0,1.5,50.0
594,1155116,La Liga,25/26,Athletic Club,Alex Padilla,Goalkeeper,5.1,0.0,0.0,0.0,0.0,0.0,0.0,0.0,0.0,0.0,0.0,0.0,0.0,0.0,0.0,0.0,0.0,0.0,0.0,0.0,0.0,0.0,0.0,0.0,0.0,0.0,0.0,0.0,0.0,0.0,0.0,0.0,0.0,0.0,0.0,0.0,0.0,0.0,31.0,11.0,20.0,35.48,3.0,8.0,0.0,0.0,0.0,8.0,29.63,1,1,90,0.0,1.0,0.0,0.0,21.0,0.0,0.0,0.0,0.0,0.0,0.0,0.0
595,1657024,La Liga,25/26,Real Sociedad,Iñaki Rupérez,Defender,0.0,0.0,0.0,0.0,0.0,0.0,0.0,0.0,0.0,0.0,0.0,0.0,0.0,0.0,0.0,0.0,0.0,0.0,0.0,0.0,0.0,0.0,0.0,0.0,0.0,0.0,0.0,0.0,0.0,0.0,0.0,0.0,0.0,0.0,0.0,0.0,0.0,0.0,180.0,180.0,0.0,100.0,0.0,180.0,180.0,0.0,0.0,0.0,0.0,1,0,1,0.0,0.0,0.0,0.0,0.0,0.0,0.0,0.0,0.0,0.0,0.0,0.0
596,1535581,La Liga,25/26,Real Sociedad,Lander Astiazaran,Midfielder,0.0,0.0,2.7,0.0,90.0,0.0,90.0,0.0,0.0,0.0,0.0,0.0,0.0,0.0,0.0,0.0,0.0,0.0,0.0,0.0,0.0,0.0,0.0,0.0,0.0,0.0,0.0,0.0,0.0,0.0,0.0,0.0,0.0,0.0,0.0,0.0,0.0,0.0,270.0,0.0,270.0,0.0,0.0,0.0,0.0,0.0,0.0,0.0,0.0,1,0,1,0.0,0.0,0.0,0.0,360.0,90.0,0.0,0.0,0.0,0.0,0.0,0.0
597,1110138,La Liga,25/26,Real Madrid,Alvaro Leiva,Midfielder,0.0,0.0,0.0,0.0,0.0,0.0,0.0,0.0,0.0,0.0,0.0,0.0,0.0,0.0,0.0,0.0,0.0,0.0,0.0,0.0,0.0,0.0,0.0,0.0,0.0,0.0,0.0,0.0,0.0,0.0,0.0,0.0,0.0,0.0,0.0,0.0,0.0,0.0,60.0,30.0,30.0,50.0,30.0,0.0,0.0,0.0,0.0,0.0,0.0,1,0,3,0.0,0.0,0.0,0.0,60.0,0.0,0.0,0.0,0.0,0.0,0.0,0.0
598,1171626,La Liga,25/26,Real Betis,Dani Pérez,Midfielder,0.0,0.0,0.0,0.0,0.0,0.0,0.0,0.0,90.0,50.0,0.0,0.0,0.0,0.0,0.0,0.0,0.0,0.0,0.0,0.0,0.0,0.0,0.0,0.0,0.0,0.0,0.0,0.0,0.0,0.0,0.0,0.0,0.0,0.0,0.0,0.0,0.0,0.0,90.0,90.0,0.0,100.0,90.0,0.0,0.0,0.0,0.0,0.0,0.0,1,0,1,0.0,0.0,0.0,90.0,90.0,0.0,180.0,66.67,180.0,66.67,0.0,0.0
599,1122588,La Liga,25/26,Deportivo Alavés,Lander Pinillos,Midfielder,0.0,0.0,0.0,0.0,0.0,0.0,0.0,0.0,0.0,0.0,0.0,0.0,0.0,0.0,0.0,0.0,0.0,0.0,0.0,0.0,0.0,0.0,0.0,0.0,0.0,0.0,0.0,0.0,0.0,0.0,0.0,0.0,0.0,0.0,0.0,0.0,0.0,0.0,90.0,90.0,0.0,100.0,0.0,90.0,0.0,0.0,0.0,0.0,0.0,1,0,1,0.0,0.0,0.0,0.0,90.0,0.0,0.0,0.0,0.0,0.0,0.0,0.0
600,1526575,La Liga,25/26,Real Sociedad,Arkaitz Mariezkurrena,Forward,0.0,0.0,0.0,0.0,0.0,0.0,0.0,0.0,0.0,0.0,0.0,0.0,0.0,0.0,0.0,0.0,0.0,0.0,0.0,0.0,0.0,0.0,0.0,0.0,0.0,0.0,180.0,0.0,0.0,0.0,0.0,90.0,0.0,0.0,0.0,0.0,0.0,0.0,0.0,0.0,0.0,0.0,0.0,0.0,0.0,0.0,0.0,0.0,0.0,1,0,1,0.0,0.0,180.0,0.0,0.0,0.0,0.0,0.0,0.0,0.0,0.0,0.0
