#,Player ID,League,Season,Team,Name,Position,Sofascore Rating,Goals,xG,Big chances missed,Total shots,Shots on target,Shots off target,Goal conversion %,Succ. dribbles,Succ. dribbles %,Goals inside box,Goals outside box,Headed goals,Left-footed goals,Right-footed goals,Hit woodwork,Offsides,Penalties won,Penalties taken,Penalty goals,Penalty conversion %,Free kick goals,Shots from set piece,Set piece conv. %,Tackles,Interceptions,Clearances,Blocked shots,Dribbled past,Errors leading to goal,Errors leading to shot,Penalties committed,Own goals,Clean sheets,Big chances created,Assists,Passes to assist,Key passes,Total passes,Accurate passes,Inaccurate passes,Accurate passes %,Passes in own half,Passes in opp. half,Acc. final third passes,Accurate crosses,Accurate crosses %,Accurate long balls,Accurate long balls %,Appearances,Started,Minutes played,Yellow cards,Red cards,Fouls,Was fouled,Possession lost,Dispossessed,Total duels won,Total duels won %,Ground duels won,Ground duels won %,Aerial duels won,Aerial duels won %
1,99516,La Liga,24/25,Osasuna,Aitor Fernández,Goalkeeper,8.4,0.0,0.0,0.0,0.0,0.0,0.0,0.0,0.0,0.0,0.0,0.0,0.0,0.0,0.0,0.0,0.0,0.0,0.0,0.0,0.0,0.0,0.0,0.0,0.0,0.0,2.0,0,0.0,0.0,0.0,0.0,0.0,1.0,0.0,0.0,0.0,0.0,41.0,25.0,16.0,60.98,12.0,13.0,3.0,0.0,0.0,19.0,54.29,1,1,90,0.0,0.0,0.0,0.0,16.0,0.0,0.0,0.0,0.0,0.0,0.0,0.0
2,1131909,La Liga,24/25,Mallorca,Leo Román,Goalkeeper,7.83,0.0,0.0,0.0,0.0,0.0,0.0,0.0,0.14,100.0,0.0,0.0,0.0,0.0,0.0,0.0,0.0,0.0,0.0,0.0,0.0,0.0,0.0,0.0,0.0,0.0,1.29,0,0.0,0.0,0.0,0.0,0.0,0.29,0.0,0.0,0.0,0.0,31.71,17.0,14.71,53.6,11.29,5.71,1.57,0.0,0.0,9.0,38.41,7,7,630,0.0,0.0,0.0,0.14,14.71,0.0,0.29,100.0,0.14,100.0,0.14,100.0
3,831005,La Liga,24/25,FC Barcelona,Raphinha,Midfielder,7.8,0.57,0.61,0.63,3.61,1.36,1.39,15.79,1.65,54.17,0.51,0.06,0.03,0.41,0.13,0.16,0.32,0.06,0.06,0.06,100.0,0.0,0.57,0.0,1.14,0.35,0.7,0,0.63,0.0,0.0,0.0,0.0,0.22,0.82,0.28,0.03,2.91,39.59,31.46,8.13,79.46,6.61,26.52,16.17,1.68,24.65,1.46,58.97,36,32,2844,0.13,0.0,0.35,1.17,17.82,0.92,4.24,55.14,3.96,54.82,0.28,60.0
4,1402912,La Liga,24/25,FC Barcelona,Lamine Yamal,Midfielder,7.79,0.28,0.31,0.44,4.53,1.48,1.6,6.25,5.06,55.71,0.13,0.16,0.0,0.25,0.03,0.16,0.41,0.06,0.0,0.0,0.0,0.0,0.0,0.0,1.32,0.5,0.09,0,0.69,0.0,0.0,0.0,0.0,0.31,0.88,0.41,0.03,2.04,44.48,35.11,9.37,78.93,4.97,30.83,19.91,0.69,20.37,0.94,48.39,35,31,2861,0.09,0.0,0.94,1.89,21.74,1.54,8.3,53.44,8.27,53.67,0.03,25.0
5,826643,La Liga,24/25,Real Madrid,Kylian Mbappé,Forward,7.7,0.96,0.8,0.9,4.97,2.62,1.14,19.25,2.56,47.7,0.8,0.15,0.0,0.12,0.83,0.12,1.36,0.09,0.28,0.22,77.78,0.03,0.09,33.33,0.25,0.03,0.0,0,0.12,0.03,0.0,0.0,0.0,0.15,0.46,0.09,0.03,1.61,33.78,28.81,4.97,85.28,4.29,24.7,17.69,0.19,17.14,1.39,78.95,34,34,2915,0.09,0.03,0.77,1.23,13.4,1.51,4.17,43.97,4.04,44.11,0.12,40.0
6,1119678,La Liga,24/25,Real Betis,Sergio Arribas,Defender,7.6,0.0,0.0,0.0,0.0,0.0,0.0,0.0,0.0,0.0,0.0,0.0,0.0,0.0,0.0,0.0,0.0,0.0,0.0,0.0,0.0,0.0,0.0,0.0,7.0,3.0,4.0,0,1.0,0.0,0.0,0.0,0.0,1.0,0.0,0.0,0.0,0.0,41.0,28.0,13.0,68.29,21.0,7.0,1.0,0.0,0.0,0.0,0.0,1,1,90,0.0,0.0,0.0,0.0,17.0,0.0,8.0,88.89,7.0,87.5,1.0,100.0
7,1094782,La Liga,24/25,Real Sociedad,Unai Marrero,Goalkeeper,7.6,0.0,0.0,0.0,0.0,0.0,0.0,0.0,0.0,0.0,0.0,0.0,0.0,0.0,0.0,0.0,0.0,0.0,0.0,0.0,0.0,0.0,0.0,0.0,0.0,0.0,1.0,0,0.0,0.0,0.0,0.0,0.0,0.0,0.0,0.0,0.0,0.0,22.5,17.5,5.0,77.78,16.0,1.5,0.0,0.0,0.0,4.5,50.0,2,2,180,0.0,0.0,0.0,0.0,5.5,0.0,0.0,0.0,0.0,0.0,0.0,0.0
8,992587,La Liga,24/25,FC Barcelona,Pedri,Midfielder,7.59,0.12,0.07,0.06,0.78,0.34,0.25,16.0,1.24,66.67,0.09,0.03,0.0,0.06,0.06,0.03,0.06,0.0,0.0,0.0,0.0,0.0,0.0,0.0,1.9,0.81,0.37,0,1.43,0.0,0.03,0.0,0.0,0.19,0.44,0.16,0.0,2.18,83.15,74.04,9.12,89.03,20.88,53.46,28.57,0.31,17.24,4.51,70.05,37,35,2892,0.09,0.0,0.31,1.59,13.97,1.09,4.95,57.82,4.73,58.02,0.22,53.85
9,103417,La Liga,24/25,Real Betis,Isco,Midfielder,7.54,0.52,0.5,0.17,2.55,0.87,0.46,20.45,1.57,49.09,0.52,0.0,0.06,0.0,0.46,0.0,0.23,0.0,0.35,0.29,83.33,0.0,0.23,0.0,1.16,0.64,0.35,0,1.22,0.0,0.0,0.0,0.0,0.12,0.29,0.46,0.0,3.54,62.26,53.68,8.59,86.21,14.16,41.08,26.29,1.57,29.35,3.95,71.58,22,17,1551,0.29,0.0,1.33,2.55,18.97,1.57,6.03,46.85,5.28,48.66,0.75,37.14
10,910031,La Liga,24/25,Villarreal,Alex Baena,Midfielder,7.48,0.24,0.25,0.21,2.42,0.62,1.07,10.0,0.73,43.75,0.24,0.0,0.0,0.1,0.14,0.07,0.17,0.0,0.03,0.0,0.0,0.0,0.28,0.0,0.97,0.76,0.48,0,1.0,0.0,0.07,0.0,0.0,0.17,0.73,0.31,0.1,3.39,36.08,26.7,9.37,74.02,7.99,21.1,12.14,2.39,33.33,2.42,56.45,32,30,2602,0.31,0.0,1.49,1.63,18.4,1.11,3.87,43.08,3.29,42.6,0.59,45.95
11,831808,La Liga,24/25,Real Madrid,Federico Valverde,Midfielder,7.47,0.18,0.08,0.03,1.69,0.65,0.62,10.53,0.47,61.54,0.03,0.15,0.0,0.0,0.18,0.0,0.03,0.0,0.0,0.0,0.0,0.03,0.15,20.0,1.48,1.63,1.51,0,0.42,0.03,0.0,0.0,0.0,0.33,0.21,0.12,0.0,1.16,64.18,58.48,5.7,91.12,23.27,35.26,16.47,0.06,7.69,4.22,71.36,36,34,3032,0.12,0.0,0.36,0.45,8.1,0.03,3.21,67.5,2.4,69.23,0.8,62.79
12,991011,La Liga,24/25,Real Madrid,Jude Bellingham,Midfielder,7.45,0.32,0.41,0.43,2.24,0.83,0.87,14.52,1.48,59.42,0.32,0.0,0.07,0.07,0.18,0.07,0.32,0.04,0.07,0.04,50.0,0.0,0.0,0.0,2.2,1.01,0.76,0,0.51,0.0,0.04,0.0,0.0,0.14,0.14,0.29,0.0,1.52,54.45,47.67,6.78,87.54,16.64,31.07,17.65,0.04,5.56,2.42,73.63,31,29,2494,0.18,0.04,1.19,2.31,12.34,1.55,7.07,56.98,5.99,58.87,1.08,48.39
13,798835,La Liga,24/25,Real Betis,Giovani Lo Celso,Midfielder,7.41,0.49,0.3,0.12,2.1,1.18,0.74,23.53,1.3,43.75,0.31,0.19,0.0,0.49,0.0,0.0,0.0,0.0,0.19,0.12,66.67,0.06,0.25,25.0,2.1,0.31,0.12,0,0.43,0.0,0.06,0.0,0.0,0.06,0.43,0.19,0.0,2.66,53.38,45.28,8.1,84.82,13.42,33.34,19.86,1.48,25.26,2.78,69.23,25,15,1455,0.25,0.0,0.8,3.9,18.8,1.92,7.55,58.65,7.24,60.94,0.31,31.25
14,958380,La Liga,24/25,Real Betis,Antony,Midfielder,7.41,0.33,0.19,0.13,2.84,1.12,0.86,11.63,1.58,42.11,0.33,0.0,0.0,0.26,0.07,0.0,0.07,0.07,0.0,0.0,0.0,0.0,0.07,0.0,1.65,0.66,0.4,0,0.92,0.0,0.07,0.0,0.0,0.13,0.53,0.13,0.07,2.51,46.65,39.19,7.46,84.02,8.58,31.34,20.59,0.73,27.5,1.06,53.33,17,15,1364,0.13,0.0,0.99,1.78,16.96,1.32,5.34,45.76,5.01,48.1,0.33,26.32
15,910536,La Liga,24/25,Real Madrid,Rodrygo,Forward,7.4,0.28,0.19,0.05,2.51,0.93,0.84,11.11,2.28,51.58,0.23,0.05,0.0,0.05,0.23,0.05,0.05,0.05,0.0,0.0,0.0,0.0,0.14,0.0,0.98,0.51,0.33,0,0.74,0.0,0.0,0.0,0.0,0.05,0.23,0.23,0.0,2.28,46.0,41.82,4.18,90.91,7.06,35.78,22.16,1.02,27.16,0.56,57.14,30,22,1937,0.0,0.0,0.37,1.72,12.45,0.7,5.3,53.27,4.97,56.02,0.33,30.43
16,930267,La Liga,24/25,Espanyol,Joan García,Goalkeeper,7.39,0.0,0.0,0.0,0.03,0.03,0.0,0.0,0.0,0.0,0.0,0.0,0.0,0.0,0.0,0.0,0.0,0.0,0.0,0.0,0.0,0.0,0.0,0.0,0.0,0.0,1.03,0,0.03,0.05,0.05,0.0,0.0,0.21,0.0,0.0,0.0,0.0,27.87,18.66,9.21,66.95,15.18,3.47,1.26,0.0,0.0,6.11,40.35,38,38,3420,0.05,0.0,0.0,0.18,9.47,0.0,0.74,93.33,0.13,83.33,0.61,95.83
17,15466,La Liga,24/25,Real Madrid,Luka Modrić,Midfielder,7.38,0.1,0.08,0.05,1.08,0.3,0.39,9.09,0.69,60.87,0.05,0.05,0.0,0.05,0.05,0.0,0.1,0.0,0.0,0.0,0.0,0.0,0.05,0.0,1.52,1.33,0.64,0,0.89,0.0,0.0,0.0,0.0,0.15,0.84,0.3,0.1,3.34,90.79,82.92,7.87,91.33,27.84,56.56,29.95,1.48,26.79,5.8,75.64,35,17,1830,0.34,0.0,1.13,0.93,14.46,0.64,3.44,48.61,3.15,51.2,0.3,31.58
18,868812,La Liga,24/25,Real Madrid,Vinícius Júnior,Forward,7.37,0.44,0.43,0.4,3.23,1.12,1.28,13.58,3.27,46.33,0.4,0.04,0.0,0.08,0.36,0.12,0.4,0.08,0.12,0.08,66.67,0.0,0.0,0.0,0.84,0.12,0.0,0,0.52,0.0,0.08,0.0,0.0,0.16,0.52,0.32,0.0,2.35,32.9,26.0,6.9,79.03,4.67,21.77,15.27,0.44,19.64,1.6,67.8,30,24,2257,0.32,0.04,1.2,2.79,18.42,1.95,6.94,47.54,6.9,48.32,0.04,12.5
19,41789,La Liga,24/25,FC Barcelona,Robert Lewandowski,Forward,7.27,0.91,0.91,0.77,3.86,1.61,1.41,23.48,0.67,60.61,0.87,0.03,0.13,0.23,0.54,0.2,0.57,0.0,0.13,0.1,75.0,0.0,0.17,0.0,0.34,0.1,0.87,0,0.2,0.0,0.0,0.0,0.0,0.13,0.1,0.07,0.0,0.64,17.22,12.86,4.36,74.66,3.63,9.23,5.87,0.0,0.0,0.37,52.38,34,32,2681,0.03,0.0,1.01,1.31,9.23,1.51,3.56,44.73,2.32,43.13,1.24,48.05
20,789071,La Liga,24/25,FC Barcelona,Dani Olmo,Midfielder,7.27,0.74,0.48,0.37,3.09,1.25,1.25,23.81,1.69,57.5,0.66,0.07,0.0,0.29,0.44,0.22,0.07,0.22,0.15,0.15,100.0,0.0,0.07,0.0,1.18,0.22,0.81,0,0.74,0.0,0.07,0.0,0.0,0.0,0.52,0.22,0.07,1.99,45.52,37.93,7.59,83.33,10.75,27.55,15.69,0.37,23.81,1.55,72.41,25,13,1222,0.07,0.0,1.55,1.99,15.02,1.91,5.52,47.77,4.86,47.48,0.66,50.0
21,887055,La Liga,24/25,Real Betis,Cucho Hernández,Forward,7.26,0.39,0.3,0.31,3.37,0.86,1.33,11.63,1.33,65.38,0.31,0.08,0.16,0.0,0.23,0.16,0.39,0.08,0.0,0.0,0.0,0.0,0.0,0.0,1.17,0.55,0.31,0,0.39,0.0,0.0,0.0,0.0,0.0,0.16,0.08,0.0,1.1,23.19,17.31,5.87,74.66,4.7,12.69,8.15,0.08,8.33,1.49,82.61,15,14,1149,0.0,0.0,0.78,0.7,12.22,1.1,5.48,49.3,3.21,52.56,2.27,45.31
22,138572,La Liga,24/25,Real Madrid,Dani Carvajal,Defender,7.26,0.15,0.19,0.0,0.44,0.15,0.15,33.33,0.3,40.0,0.15,0.0,0.0,0.0,0.15,0.0,0.0,0.0,0.0,0.0,0.0,0.0,0.0,0.0,1.77,1.48,2.07,0,0.44,0.0,0.15,0.0,0.0,0.44,0.0,0.0,0.0,0.74,59.41,52.32,7.09,88.06,22.46,30.0,14.78,0.15,7.14,1.77,70.59,8,7,609,0.3,0.0,0.44,0.89,11.97,0.89,3.99,57.45,2.96,57.14,1.03,58.33
23,19356,La Liga,24/25,Celta Vigo,Iago Aspas,Forward,7.25,0.52,0.45,0.21,2.68,1.24,1.03,19.23,0.77,65.22,0.46,0.05,0.0,0.46,0.05,0.05,0.26,0.05,0.31,0.26,83.33,0.0,0.15,0.0,0.67,0.41,0.15,0,0.62,0.0,0.0,0.0,0.0,0.05,0.36,0.26,0.0,1.96,43.53,33.38,10.15,76.69,9.17,24.42,14.42,0.21,26.67,2.63,68.0,30,19,1747,0.21,0.05,0.82,1.75,14.42,1.03,3.55,51.88,3.14,52.14,0.41,50.0
24,294377,La Liga,24/25,Osasuna,Sergio Herrera,Goalkeeper,7.24,0.0,0.0,0.0,0.0,0.0,0.0,0.0,0.03,100.0,0.0,0.0,0.0,0.0,0.0,0.0,0.0,0.0,0.0,0.0,0.0,0.0,0.0,0.0,0.05,0.0,1.05,0,0.11,0.03,0.0,0.03,0.0,0.22,0.0,0.0,0.0,0.0,29.78,19.81,9.97,66.52,13.38,6.43,1.27,0.0,0.0,8.46,46.17,37,37,3330,0.14,0.0,0.03,0.11,10.16,0.0,0.35,68.42,0.22,61.54,0.14,83.33
25,944656,La Liga,24/25,Atlético Madrid,Julián Alvarez,Forward,7.24,0.61,0.51,0.25,2.64,1.47,0.75,22.97,1.22,54.84,0.57,0.04,0.04,0.14,0.43,0.14,0.32,0.0,0.14,0.14,100.0,0.04,0.18,20.0,0.89,0.07,0.36,0,0.79,0.0,0.04,0.0,0.0,0.14,0.32,0.14,0.04,1.5,31.78,24.95,6.83,78.52,6.97,18.44,11.33,0.46,18.84,1.25,66.04,37,30,2518,0.18,0.0,0.93,0.32,13.65,1.43,2.9,35.68,2.43,37.36,0.46,28.89
26,1091116,La Liga,24/25,Real Madrid,Arda Güler,Midfielder,7.24,0.21,0.23,0.35,2.76,1.2,0.57,7.69,1.41,50.0,0.14,0.07,0.0,0.14,0.07,0.0,0.28,0.07,0.0,0.0,0.0,0.0,0.14,0.0,2.12,0.49,0.57,0,0.92,0.0,0.0,0.0,0.0,0.07,0.78,0.28,0.0,2.83,57.62,51.82,5.8,89.94,15.55,37.47,22.06,1.2,29.82,2.97,77.78,28,14,1273,0.07,0.0,1.06,2.19,12.66,0.64,6.22,56.77,5.66,58.82,0.57,42.11
27,173883,La Liga,24/25,FC Barcelona,Iñigo Martínez,Defender,7.23,0.0,0.02,0.0,0.47,0.07,0.18,0.0,0.11,100.0,0.0,0.0,0.0,0.0,0.0,0.0,0.0,0.04,0.0,0.0,0.0,0.0,0.0,0.0,0.9,0.65,3.72,0,0.22,0.0,0.04,0.0,0.0,0.25,0.14,0.14,0.0,0.58,87.26,79.75,7.51,91.39,42.56,37.22,13.07,0.04,12.5,4.91,61.82,28,28,2493,0.18,0.0,0.65,1.01,8.38,0.11,4.12,66.28,1.95,68.35,2.17,64.52
28,873947,La Liga,24/25,Leganés,Dani Raba,Forward,7.23,0.38,0.36,0.05,2.09,0.81,0.66,18.18,2.18,54.76,0.38,0.0,0.05,0.28,0.05,0.0,0.43,0.05,0.24,0.19,80.0,0.0,0.19,0.0,1.76,0.66,0.81,0,1.19,0.0,0.05,0.0,0.0,0.0,0.57,0.28,0.0,2.23,25.73,18.99,6.74,73.8,6.17,14.24,7.78,1.42,33.33,1.0,37.5,29,24,1896,0.28,0.0,1.9,2.66,16.57,1.9,6.84,48.0,6.6,49.82,0.24,23.81
29,822519,La Liga,24/25,Real Madrid,Éder Militão,Defender,7.21,0.1,0.06,0.1,0.96,0.29,0.38,10.0,0.48,62.5,0.1,0.0,0.0,0.0,0.1,0.0,0.0,0.0,0.0,0.0,0.0,0.0,0.0,0.0,1.82,1.15,3.26,0,0.48,0.0,0.0,0.0,0.0,0.29,0.1,0.1,0.0,0.57,67.6,60.7,6.89,89.8,38.01,22.69,6.89,0.0,0.0,4.6,57.14,12,11,940,0.19,0.0,1.72,0.77,8.43,0.29,5.07,56.38,3.06,52.46,2.01,63.64
30,1134396,La Liga,24/25,Real Sociedad,Jon Magunazelaia,Midfielder,7.2,0.0,0.0,0.0,0.0,0.0,0.0,0.0,0.0,0.0,0.0,0.0,0.0,0.0,0.0,0.0,0.0,0.0,0.0,0.0,0.0,0.0,0.0,0.0,9.0,0.0,0.0,0,0.0,0.0,0.0,0.0,0.0,0.0,0.0,0.0,9.0,9.0,117.0,63.0,54.0,53.85,18.0,45.0,9.0,0.0,0.0,0.0,0.0,2,0,10,0.0,0.0,9.0,9.0,63.0,0.0,45.0,83.33,18.0,66.67,27.0,100.0
31,1066603,La Liga,24/25,Villarreal,Luiz Júnior,Goalkeeper,7.19,0.0,0.0,0.0,0.0,0.0,0.0,0.0,0.0,0.0,0.0,0.0,0.0,0.0,0.0,0.0,0.0,0.0,0.0,0.0,0.0,0.0,0.0,0.0,0.0,0.0,2.1,0,0.0,0.06,0.0,0.0,0.0,0.31,0.0,0.0,0.0,0.0,24.4,16.25,8.15,66.58,13.16,3.09,0.56,0.0,0.0,4.76,37.38,17,16,1457,0.12,0.0,0.0,0.37,8.22,0.0,0.74,92.31,0.31,100.0,0.43,87.5
32,345195,La Liga,24/25,Villarreal,Ayoze Pérez,Forward,7.19,0.86,0.58,0.59,3.41,1.41,1.18,25.33,1.55,48.57,0.82,0.05,0.18,0.18,0.5,0.0,0.27,0.0,0.0,0.0,0.0,0.0,0.0,0.0,1.23,0.36,0.46,0,0.82,0.0,0.0,0.0,0.0,0.05,0.23,0.09,0.0,1.46,17.94,13.98,3.96,77.92,4.78,9.47,6.37,0.27,40.0,0.46,58.82,30,22,1977,0.18,0.0,1.0,1.78,10.7,1.55,5.14,44.66,4.55,48.31,0.59,28.26
33,873189,La Liga,24/25,Villarreal,Juan Foyth,Defender,7.19,0.06,0.14,0.18,1.0,0.29,0.53,5.88,0.24,50.0,0.06,0.0,0.0,0.06,0.0,0.06,0.0,0.0,0.0,0.0,0.0,0.0,0.0,0.0,1.47,1.12,6.61,0,0.29,0.06,0.12,0.0,0.0,0.29,0.0,0.0,0.0,0.41,54.44,47.65,6.78,87.54,32.79,14.98,5.84,0.12,50.0,3.77,54.7,19,17,1526,0.24,0.0,0.94,0.29,8.43,0.12,4.42,57.69,2.01,55.74,2.42,59.42
34,1082981,La Liga,24/25,FC Barcelona,Pablo Torre,Midfielder,7.18,0.86,0.11,0.0,1.71,1.14,0.57,50.0,0.57,40.0,0.29,0.57,0.0,0.29,0.57,0.0,0.29,0.0,0.0,0.0,0.0,0.29,0.29,100.0,1.43,0.86,1.14,0,0.57,0.0,0.29,0.0,0.0,0.0,0.29,0.29,0.0,2.29,58.86,50.29,8.57,85.44,15.43,36.0,18.86,1.14,30.77,0.86,60.0,10,4,315,0.0,0.0,1.14,2.29,15.43,1.71,4.57,43.24,4.29,50.0,0.29,14.29
35,85859,La Liga,24/25,Atlético Madrid,Antoine Griezmann,Forward,7.18,0.29,0.27,0.33,1.81,0.65,0.65,16.0,0.54,45.45,0.22,0.07,0.0,0.25,0.04,0.11,0.51,0.0,0.07,0.04,50.0,0.04,0.18,20.0,1.09,0.22,0.8,0,0.8,0.0,0.04,0.0,0.0,0.07,0.47,0.25,0.07,1.81,47.39,38.11,9.28,80.41,13.24,26.0,14.79,1.12,22.46,2.25,78.48,38,29,2482,0.07,0.0,0.4,0.94,16.35,0.73,3.34,49.73,2.57,50.35,0.76,47.73
36,353138,La Liga,24/25,Atlético Madrid,Marcos Llorente,Defender,7.17,0.07,0.03,0.0,0.57,0.18,0.18,12.5,0.5,51.85,0.04,0.04,0.0,0.0,0.07,0.04,0.14,0.04,0.0,0.0,0.0,0.0,0.0,0.0,2.47,0.97,1.75,0,0.68,0.0,0.04,0.0,0.0,0.36,0.29,0.14,0.0,1.0,47.35,41.62,5.73,87.9,21.42,20.81,10.78,0.61,27.42,1.07,47.62,33,28,2513,0.0,0.04,0.82,0.9,9.92,0.32,4.41,60.89,3.87,62.79,0.54,50.0
37,827212,La Liga,24/25,FC Barcelona,Jules Koundé,Defender,7.17,0.07,0.06,0.1,0.62,0.21,0.28,11.11,0.76,44.9,0.07,0.0,0.0,0.03,0.03,0.0,0.24,0.0,0.0,0.0,0.0,0.0,0.0,0.0,2.18,0.69,2.0,0,0.76,0.03,0.03,0.0,0.0,0.28,0.21,0.1,0.0,1.11,62.37,55.29,7.08,88.65,23.24,32.43,16.58,0.38,17.46,1.83,51.96,32,29,2606,0.14,0.0,0.76,0.66,12.67,0.45,4.63,55.6,3.59,55.91,1.04,54.55
38,2087085,La Liga,24/25,Leganés,Yan Diomande,Forward,7.16,0.33,0.28,0.0,1.8,0.49,0.65,18.18,3.76,62.16,0.33,0.0,0.0,0.16,0.16,0.0,0.33,0.0,0.0,0.0,0.0,0.0,0.0,0.0,2.29,1.31,0.65,0,1.63,0.0,0.0,0.0,0.0,0.16,0.0,0.16,0.0,2.29,29.07,25.32,3.76,87.08,8.66,16.99,10.78,0.33,16.67,0.33,66.67,10,6,551,0.16,0.0,1.31,2.61,15.03,2.61,9.15,49.12,8.66,53.54,0.49,20.0
39,973887,La Liga,24/25,Real Madrid,Eduardo Camavinga,Midfielder,7.16,0.08,0.04,0.0,0.66,0.16,0.16,12.5,1.23,60.0,0.0,0.08,0.0,0.08,0.0,0.0,0.08,0.0,0.0,0.0,0.0,0.0,0.0,0.0,3.45,1.48,1.56,0,1.15,0.0,0.0,0.08,0.0,0.33,0.08,0.16,0.0,0.9,62.49,55.59,6.9,88.96,26.11,29.48,14.37,0.0,0.0,2.3,65.12,19,11,1096,0.16,0.0,1.72,2.55,10.18,0.9,8.87,59.67,7.06,60.99,1.81,55.0
40,910978,La Liga,24/25,Athletic Club,Dani Vivian,Defender,7.16,0.14,0.07,0.1,0.62,0.17,0.38,22.22,0.34,62.5,0.14,0.0,0.0,0.0,0.14,0.03,0.03,0.0,0.0,0.0,0.0,0.0,0.0,0.0,1.38,1.62,5.06,0,0.38,0.0,0.07,0.03,0.0,0.41,0.03,0.0,0.0,0.34,59.93,52.39,7.54,87.41,31.69,20.8,6.65,0.1,37.5,4.24,51.9,32,28,2613,0.1,0.0,0.93,0.72,9.16,0.45,3.93,57.0,2.38,56.1,1.55,58.44
41,877102,La Liga,24/25,Real Sociedad,Nayef Aguerd,Defender,7.16,0.0,0.12,0.15,0.77,0.26,0.41,0.0,0.26,71.43,0.0,0.0,0.0,0.0,0.0,0.05,0.0,0.0,0.0,0.0,0.0,0.0,0.0,0.0,1.53,0.66,4.54,0,0.31,0.0,0.0,0.05,0.0,0.41,0.05,0.0,0.05,0.31,70.35,61.72,8.63,87.74,40.74,21.03,5.41,0.05,50.0,4.44,49.15,21,21,1763,0.26,0.0,0.56,0.97,9.6,0.15,5.87,68.05,2.76,72.0,3.11,64.89
42,807116,La Liga,24/25,Mallorca,Antonio Raíllo,Defender,7.14,0.06,0.06,0.11,0.98,0.22,0.56,5.71,0.06,66.67,0.06,0.0,0.03,0.0,0.0,0.0,0.06,0.0,0.0,0.0,0.0,0.0,0.0,0.0,0.87,0.81,6.2,0,0.17,0.0,0.03,0.0,0.0,0.25,0.11,0.0,0.0,0.36,49.5,44.03,5.47,88.95,30.01,14.02,4.21,0.0,0.0,2.5,56.69,36,36,3209,0.2,0.03,1.4,0.25,6.03,0.17,4.85,54.4,1.18,42.0,3.67,60.09
43,37318,La Liga,24/25,Osasuna,Ante Budimir,Forward,7.14,0.64,0.56,0.36,3.0,1.12,1.27,21.21,0.3,25.64,0.64,0.0,0.21,0.39,0.0,0.03,0.46,0.18,0.24,0.24,100.0,0.0,0.0,0.0,0.61,0.06,0.76,0,0.3,0.0,0.0,0.0,0.0,0.03,0.09,0.12,0.0,0.49,12.62,7.22,5.4,57.21,2.15,5.07,2.91,0.0,0.0,0.15,55.56,38,34,2966,0.12,0.0,1.43,1.06,10.47,1.34,6.1,44.08,1.94,34.78,4.16,50.37
44,896073,La Liga,24/25,Deportivo Alavés,Nahuel Tenaglia,Defender,7.14,0.06,0.07,0.06,0.83,0.28,0.43,7.41,0.52,56.67,0.06,0.0,0.03,0.0,0.03,0.0,0.06,0.09,0.0,0.0,0.0,0.0,0.0,0.0,2.96,1.45,3.42,0,1.08,0.0,0.06,0.0,0.0,0.25,0.15,0.03,0.0,0.59,29.96,22.29,7.67,74.41,10.44,12.22,5.45,0.37,14.12,1.69,38.19,34,33,2923,0.34,0.0,1.14,1.39,14.16,0.46,6.28,57.46,4.83,61.57,1.45,47.0
45,260031,La Liga,24/25,Osasuna,Rubén García,Midfielder,7.13,0.18,0.11,0.0,1.0,0.37,0.22,18.52,0.44,37.5,0.11,0.07,0.0,0.15,0.04,0.0,0.37,0.04,0.0,0.0,0.0,0.07,0.11,66.67,1.92,0.55,1.03,0,1.26,0.0,0.04,0.0,0.0,0.04,0.37,0.18,0.04,1.85,39.13,31.19,7.94,79.72,10.52,22.41,11.89,1.74,34.56,2.36,65.31,36,30,2438,0.07,0.0,1.33,1.14,14.47,0.78,4.54,45.56,3.51,46.57,1.03,42.42
46,547838,La Liga,24/25,Real Madrid,Dani Ceballos,Midfielder,7.13,0.0,0.03,0.0,0.51,0.22,0.15,0.0,0.59,72.73,0.0,0.0,0.0,0.0,0.0,0.0,0.0,0.0,0.0,0.0,0.0,0.0,0.0,0.0,3.01,1.03,0.73,0,1.47,0.07,0.07,0.0,0.0,0.22,0.22,0.0,0.0,1.62,97.71,92.94,4.78,95.11,39.01,54.29,24.61,0.37,35.71,3.31,72.58,23,15,1225,0.29,0.0,0.96,2.2,7.2,0.51,5.95,65.32,5.73,65.0,0.22,75.0
47,146866,La Liga,24/25,Villarreal,Gerard Moreno,Forward,7.11,0.38,0.52,0.13,3.26,1.51,1.13,11.54,2.26,58.06,0.38,0.0,0.0,0.38,0.0,0.13,0.13,0.13,0.38,0.38,100.0,0.0,0.0,0.0,0.88,0.25,0.88,0,1.13,0.0,0.0,0.0,0.0,0.0,0.88,0.25,0.0,2.13,36.53,29.12,7.41,79.73,8.41,21.09,14.18,0.38,30.0,2.38,67.86,17,6,717,0.0,0.0,1.26,1.38,13.93,1.13,6.65,55.21,4.52,48.0,2.13,80.95
48,593526,La Liga,24/25,Villarreal,Nicolas Pépé,Forward,7.11,0.18,0.24,0.24,2.29,1.02,0.72,7.89,1.63,48.21,0.12,0.06,0.06,0.06,0.06,0.12,0.48,0.06,0.0,0.0,0.0,0.0,0.06,0.0,1.32,0.3,0.72,0,0.66,0.0,0.0,0.0,0.0,0.12,0.54,0.36,0.0,1.99,34.56,28.84,5.72,83.45,7.95,21.61,14.75,0.72,27.27,0.9,75.0,28,15,1495,0.18,0.0,1.2,1.51,14.15,1.2,5.42,47.87,4.45,48.05,0.96,47.06
49,69408,La Liga,24/25,Celta Vigo,Marcos Alonso,Defender,7.11,0.1,0.13,0.03,1.15,0.44,0.37,8.82,0.54,66.67,0.1,0.0,0.0,0.1,0.0,0.0,0.07,0.0,0.1,0.1,100.0,0.0,0.24,0.0,1.19,1.15,4.0,0,0.64,0.07,0.07,0.03,0.0,0.24,0.1,0.0,0.0,0.71,77.9,70.47,7.42,90.47,41.56,29.25,12.24,0.34,23.81,3.73,54.73,31,29,2655,0.31,0.07,1.05,0.95,10.03,0.31,5.05,58.2,2.68,55.24,2.37,61.95
50,855835,La Liga,24/25,Real Sociedad,Sergio Gómez,Defender,7.11,0.07,0.06,0.07,0.59,0.33,0.13,11.11,0.72,46.81,0.03,0.03,0.0,0.03,0.03,0.0,0.3,0.0,0.0,0.0,0.0,0.03,0.16,20.0,2.33,0.62,0.75,0,0.85,0.0,0.07,0.03,0.0,0.23,0.52,0.16,0.03,1.87,37.83,31.99,5.84,84.56,12.86,21.03,10.37,1.9,25.11,1.31,48.78,37,31,2743,0.13,0.0,0.95,0.52,14.73,0.52,4.23,53.09,3.58,54.5,0.66,46.51
51,249399,La Liga,24/25,Atlético Madrid,Rodrigo De Paul,Midfielder,7.11,0.13,0.05,0.0,0.81,0.17,0.34,15.79,0.6,48.28,0.04,0.09,0.0,0.0,0.13,0.0,0.0,0.0,0.0,0.0,0.0,0.0,0.0,0.0,1.41,0.26,0.6,0,0.81,0.04,0.09,0.0,0.0,0.17,0.43,0.21,0.0,1.79,71.73,60.31,11.42,84.09,25.47,35.52,18.91,0.68,27.12,4.39,57.54,34,23,2113,0.3,0.0,0.81,2.09,16.91,1.02,4.26,54.64,4.09,55.81,0.17,36.36
52,70988,La Liga,24/25,Real Madrid,Thibaut Courtois,Goalkeeper,7.11,0.0,0.0,0.0,0.0,0.0,0.0,0.0,0.0,0.0,0.0,0.0,0.0,0.0,0.0,0.0,0.0,0.0,0.0,0.0,0.0,0.0,0.0,0.0,0.0,0.03,0.8,0,0.0,0.0,0.03,0.0,0.03,0.37,0.03,0.0,0.0,0.03,28.2,22.63,5.57,80.26,21.43,1.2,0.3,0.0,0.0,2.77,34.16,30,30,2700,0.03,0.0,0.0,0.07,5.77,0.0,0.33,90.91,0.03,50.0,0.3,100.0
53,811629,La Liga,24/25,Getafe,Luis Milla,Midfielder,7.1,0.03,0.06,0.0,1.0,0.25,0.41,3.13,0.66,60.0,0.03,0.0,0.0,0.0,0.03,0.03,0.0,0.0,0.03,0.03,100.0,0.0,0.13,0.0,1.91,0.75,0.88,0,1.16,0.03,0.06,0.03,0.0,0.16,0.16,0.13,0.0,2.19,41.34,33.59,7.76,81.24,13.13,22.17,11.07,1.72,27.36,2.6,48.54,33,32,2878,0.16,0.0,1.19,1.5,15.17,0.53,5.03,54.03,4.03,56.58,1.0,45.71
54,859025,La Liga,24/25,Real Madrid,Aurélien Tchouaméni,Midfielder,7.1,0.0,0.06,0.1,0.64,0.1,0.4,0.0,0.33,76.92,0.0,0.0,0.0,0.0,0.0,0.0,0.0,0.0,0.0,0.0,0.0,0.0,0.0,0.0,1.57,1.54,3.04,0,0.67,0.0,0.03,0.03,0.0,0.33,0.07,0.0,0.0,0.17,67.0,62.25,4.75,92.91,33.06,29.22,9.49,0.03,8.33,2.14,63.37,32,31,2692,0.17,0.0,0.87,0.8,6.35,0.27,5.18,65.4,2.71,59.56,2.47,73.27
55,807648,La Liga,24/25,Athletic Club,Yeray Álvarez,Defender,7.1,0.05,0.02,0.0,0.45,0.1,0.3,11.11,0.3,66.67,0.05,0.0,0.05,0.0,0.0,0.05,0.0,0.0,0.0,0.0,0.0,0.0,0.0,0.0,1.26,1.71,6.39,0,0.35,0.0,0.05,0.0,0.0,0.5,0.05,0.0,0.0,0.2,59.04,49.83,9.21,84.4,30.91,19.03,4.83,0.1,66.67,4.23,44.92,21,20,1788,0.2,0.0,0.76,0.76,10.52,0.35,4.78,56.21,2.21,59.46,2.57,53.68
56,580550,La Liga,24/25,Atlético Madrid,Clément Lenglet,Defender,7.1,0.09,0.11,0.05,0.46,0.18,0.14,20.0,0.14,100.0,0.09,0.0,0.0,0.09,0.0,0.0,0.09,0.0,0.0,0.0,0.0,0.0,0.05,0.0,1.23,1.0,4.69,0,0.18,0.0,0.05,0.09,0.0,0.46,0.09,0.05,0.0,0.23,61.76,54.2,7.56,87.76,35.89,18.31,5.01,0.0,0.0,4.55,50.76,23,23,1976,0.41,0.0,1.32,0.87,8.29,0.14,3.92,54.09,2.19,57.83,1.73,50.0
57,925097,La Liga,24/25,FC Barcelona,Ronald Araújo,Defender,7.1,0.12,0.11,0.12,0.47,0.23,0.23,25.0,0.0,0.0,0.12,0.0,0.12,0.0,0.0,0.0,0.0,0.0,0.0,0.0,0.0,0.0,0.0,0.0,1.41,1.06,2.58,0,0.12,0.0,0.0,0.0,0.0,0.12,0.12,0.12,0.0,0.47,84.36,77.55,6.81,91.92,42.42,35.13,7.99,0.0,0.0,3.05,54.17,12,11,766,0.35,0.0,1.06,0.47,7.4,0.12,5.76,60.49,1.88,59.26,3.88,61.11
58,88528,La Liga,24/25,Rayo Vallecano,Florian Lejeune,Defender,7.1,0.05,0.1,0.05,1.57,0.46,0.73,3.45,0.11,80.0,0.03,0.03,0.03,0.0,0.03,0.11,0.0,0.0,0.0,0.0,0.0,0.03,0.54,5.0,1.24,1.11,4.82,0,0.54,0.0,0.03,0.08,0.0,0.24,0.08,0.08,0.0,0.38,55.36,46.52,8.85,84.02,30.01,16.59,5.66,0.08,37.5,4.74,46.05,37,37,3326,0.22,0.0,1.35,0.51,9.63,0.11,4.36,54.58,1.84,48.92,2.52,59.62
59,263651,La Liga,24/25,Atlético Madrid,Juan Musso,Goalkeeper,7.1,0.0,0.0,0.0,0.0,0.0,0.0,0.0,0.0,0.0,0.0,0.0,0.0,0.0,0.0,0.0,0.0,0.0,0.0,0.0,0.0,0.0,0.0,0.0,0.0,0.0,0.0,0,0.0,0.0,0.0,0.0,0.0,1.0,0.0,0.0,0.0,0.0,24.0,20.0,4.0,83.33,20.0,0.0,0.0,0.0,0.0,1.5,27.27,2,2,180,0.0,0.0,0.0,0.5,4.5,0.0,0.5,100.0,0.0,0.0,0.5,100.0
60,791046,La Liga,24/25,Mallorca,Dominik Greif,Goalkeeper,7.09,0.0,0.0,0.0,0.0,0.0,0.0,0.0,0.06,100.0,0.0,0.0,0.0,0.0,0.0,0.0,0.0,0.0,0.0,0.0,0.0,0.0,0.0,0.0,0.0,0.0,0.9,0,0.0,0.0,0.03,0.0,0.0,0.23,0.0,0.0,0.0,0.0,29.48,19.74,9.74,66.96,14.13,5.61,1.52,0.0,0.0,7.13,42.34,31,31,2790,0.03,0.0,0.0,0.1,10.1,0.0,0.39,85.71,0.06,100.0,0.32,83.33
61,358910,La Liga,24/25,Rayo Vallecano,Augusto Batalla,Goalkeeper,7.09,0.0,0.0,0.0,0.0,0.0,0.0,0.0,0.19,100.0,0.0,0.0,0.0,0.0,0.0,0.0,0.0,0.0,0.0,0.0,0.0,0.0,0.0,0.0,0.12,0.0,0.81,0,0.06,0.0,0.12,0.0,0.0,0.25,0.0,0.0,0.0,0.03,32.62,20.59,12.03,63.12,16.97,3.63,1.62,0.0,0.0,6.62,35.81,32,32,2880,0.19,0.0,0.03,0.19,12.31,0.0,0.84,90.0,0.53,85.0,0.31,100.0
62,859773,La Liga,24/25,Celta Vigo,Óscar Mingueza,Midfielder,7.09,0.13,0.05,0.07,1.08,0.33,0.39,12.12,0.82,44.64,0.1,0.03,0.0,0.03,0.1,0.0,0.07,0.03,0.0,0.0,0.0,0.03,0.26,12.5,1.25,0.72,1.18,0,1.41,0.0,0.23,0.0,0.0,0.13,0.39,0.2,0.0,1.15,58.41,47.25,11.16,80.89,19.24,28.7,15.14,0.69,15.11,3.25,48.29,34,31,2741,0.2,0.03,0.79,1.02,19.54,0.46,3.45,46.05,3.09,45.63,0.36,50.0
63,855833,La Liga,24/25,FC Barcelona,Ferran Torres,Forward,7.08,0.81,0.65,0.89,3.9,1.79,1.3,20.83,0.89,57.89,0.65,0.16,0.08,0.16,0.57,0.16,0.49,0.0,0.0,0.0,0.0,0.0,0.16,0.0,0.65,0.32,0.32,0,0.41,0.0,0.0,0.0,0.0,0.0,0.49,0.49,0.0,1.54,27.51,21.34,6.17,77.58,5.11,16.47,12.01,0.24,17.65,0.32,40.0,27,12,1109,0.08,0.08,0.41,1.3,11.52,1.06,3.25,50.0,2.84,53.03,0.41,35.71
64,986245,La Liga,24/25,Villarreal,Sergi Cardona,Defender,7.08,0.03,0.07,0.15,0.61,0.18,0.27,5.0,0.3,38.46,0.03,0.0,0.0,0.03,0.0,0.03,0.09,0.0,0.0,0.0,0.0,0.0,0.0,0.0,2.16,1.22,3.02,0,0.91,0.0,0.03,0.03,0.0,0.09,0.3,0.21,0.03,1.4,34.08,27.26,6.82,79.98,14.19,14.01,7.1,0.94,27.93,1.07,31.82,35,34,2955,0.34,0.0,1.16,0.85,11.66,0.34,4.57,55.35,3.26,53.5,1.31,60.56
65,319735,La Liga,24/25,Girona FC,Viktor Tsygankov,Midfielder,7.07,0.09,0.13,0.05,1.64,0.47,0.61,5.71,0.7,44.12,0.09,0.0,0.0,0.09,0.0,0.0,0.19,0.05,0.0,0.0,0.0,0.0,0.23,0.0,0.89,0.7,0.7,0,0.47,0.0,0.05,0.0,0.0,0.14,0.42,0.23,0.0,1.55,34.27,27.98,6.28,81.67,8.95,20.77,10.97,1.73,29.84,0.66,58.33,27,23,1920,0.05,0.0,0.66,1.31,14.16,1.17,3.33,45.51,2.86,48.03,0.47,34.48
66,880218,La Liga,24/25,Real Sociedad,Takefusa Kubo,Midfielder,7.07,0.19,0.13,0.08,1.62,0.53,0.49,11.63,2.83,53.19,0.19,0.0,0.0,0.19,0.0,0.04,0.3,0.04,0.0,0.0,0.0,0.0,0.0,0.0,1.17,0.64,0.38,0,0.91,0.0,0.04,0.0,0.0,0.08,0.34,0.0,0.0,1.7,32.57,25.09,7.48,77.03,6.12,19.84,12.32,0.87,27.06,0.91,58.54,36,27,2382,0.19,0.0,0.79,2.76,18.32,1.81,7.18,51.91,6.76,53.27,0.42,36.67
67,900792,La Liga,24/25,Osasuna,Alejandro Catena,Defender,7.07,0.03,0.07,0.12,0.59,0.15,0.35,5.0,0.23,80.0,0.03,0.0,0.03,0.0,0.0,0.0,0.03,0.03,0.0,0.0,0.0,0.0,0.0,0.0,1.35,1.02,6.41,0,0.5,0.0,0.06,0.03,0.0,0.2,0.12,0.09,0.0,0.29,44.18,37.19,6.99,84.17,24.69,12.52,2.78,0.03,50.0,4.07,47.6,35,35,3076,0.32,0.0,1.05,0.41,7.64,0.03,3.95,60.27,1.96,55.37,1.99,66.02
68,1066045,La Liga,24/25,Real Sociedad,Arsen Zakharyan,Midfielder,7.07,1.27,0.25,0.0,5.07,2.54,2.54,25.0,1.27,100.0,0.0,1.27,0.0,0.0,1.27,0.0,0.0,0.0,0.0,0.0,0.0,0.0,0.0,0.0,1.27,1.27,0.0,0,0.0,0.0,0.0,0.0,0.0,0.0,0.0,0.0,0.0,1.27,40.56,34.23,6.34,84.38,15.21,20.28,12.68,1.27,100.0,2.54,50.0,3,1,71,0.0,0.0,1.27,0.0,7.61,0.0,2.54,66.67,2.54,66.67,0.0,0.0
69,857574,La Liga,24/25,Real Madrid,Andriy Lunin,Goalkeeper,7.07,0.0,0.0,0.0,0.0,0.0,0.0,0.0,0.0,0.0,0.0,0.0,0.0,0.0,0.0,0.0,0.0,0.0,0.0,0.0,0.0,0.0,0.0,0.0,0.14,0.0,1.14,0,0.0,0.0,0.0,0.0,0.0,0.57,0.14,0.14,0.0,0.14,24.43,20.71,3.71,84.8,19.43,1.29,0.29,0.0,0.0,3.86,51.92,7,7,630,0.0,0.0,0.0,0.14,4.0,0.0,0.57,100.0,0.29,100.0,0.29,100.0
70,797291,La Liga,24/25,Athletic Club,Unai Simón,Goalkeeper,7.07,0.0,0.0,0.0,0.0,0.0,0.0,0.0,0.0,0.0,0.0,0.0,0.0,0.0,0.0,0.0,0.0,0.0,0.0,0.0,0.0,0.0,0.0,0.0,0.0,0.05,0.86,0,0.0,0.14,0.05,0.0,0.0,0.48,0.0,0.0,0.0,0.0,26.62,17.52,9.1,65.83,13.38,4.14,1.48,0.0,0.0,6.0,40.0,21,21,1890,0.0,0.0,0.0,0.14,9.57,0.05,0.43,90.0,0.14,75.0,0.29,100.0
71,823631,La Liga,24/25,Sevilla,Dodi Lukebakio,Midfielder,7.06,0.32,0.29,0.35,2.73,1.13,1.05,11.7,2.44,52.83,0.29,0.03,0.0,0.26,0.06,0.15,0.78,0.0,0.03,0.03,100.0,0.0,0.06,0.0,0.64,0.32,0.38,0,0.35,0.0,0.06,0.0,0.0,0.09,0.26,0.06,0.03,1.6,26.55,21.7,4.85,81.73,6.97,15.46,8.34,0.73,20.16,0.93,54.24,38,36,3098,0.09,0.03,1.13,1.6,15.46,1.66,5.2,47.11,4.68,47.21,0.52,46.15
72,847128,La Liga,24/25,Real Betis,Marc Roca,Midfielder,7.06,0.2,0.1,0.0,1.19,0.4,0.4,16.67,0.4,80.0,0.1,0.1,0.0,0.2,0.0,0.0,0.0,0.0,0.0,0.0,0.0,0.0,0.1,0.0,1.98,1.39,1.19,0,0.79,0.0,0.2,0.0,0.0,0.2,0.2,0.2,0.0,1.19,52.08,45.64,6.44,87.64,22.67,23.37,10.59,0.4,40.0,2.57,48.15,14,11,909,0.4,0.0,1.58,0.5,8.91,0.69,3.37,43.59,2.87,48.33,0.5,27.78
73,591750,La Liga,24/25,Deportivo Alavés,Joan Jordán,Midfielder,7.06,0.32,0.3,0.06,1.08,0.51,0.25,29.41,0.38,85.71,0.25,0.06,0.0,0.0,0.32,0.06,0.06,0.0,0.25,0.19,75.0,0.0,0.32,0.0,2.04,0.57,1.27,0,0.83,0.0,0.0,0.0,0.0,0.0,0.19,0.13,0.06,1.97,51.07,41.79,9.29,81.82,15.39,28.11,15.01,1.72,25.47,4.39,55.2,25,15,1415,0.25,0.0,1.78,0.7,16.16,0.45,4.13,51.18,3.12,50.0,1.02,55.17
74,843678,La Liga,24/25,Villarreal,Santi Comesaña,Midfielder,7.06,0.14,0.16,0.1,1.36,0.28,0.77,10.26,0.63,56.25,0.14,0.0,0.03,0.1,0.0,0.03,0.03,0.0,0.0,0.0,0.0,0.0,0.0,0.0,2.96,0.66,1.81,0,1.19,0.0,0.03,0.0,0.0,0.14,0.1,0.07,0.03,0.98,47.07,40.31,6.76,85.63,19.11,21.38,10.08,0.17,35.71,2.06,59.6,35,30,2581,0.28,0.0,1.29,0.94,10.74,1.53,5.65,47.93,4.53,50.58,1.12,39.51
75,84972,La Liga,24/25,Deportivo Alavés,Kike García,Forward,7.05,0.46,0.35,0.18,2.21,0.95,0.91,20.63,0.46,39.39,0.46,0.0,0.11,0.14,0.21,0.04,0.77,0.04,0.11,0.11,100.0,0.0,0.0,0.0,0.67,0.04,0.81,0,0.39,0.0,0.0,0.0,0.0,0.11,0.0,0.0,0.0,0.46,20.07,13.43,6.64,66.9,3.83,9.63,5.41,0.04,7.69,0.49,51.85,35,29,2560,0.11,0.04,1.72,2.07,12.87,1.48,7.07,48.91,3.13,45.41,3.94,52.09
76,99519,La Liga,24/25,Real Betis,Marc Bartra,Defender,7.05,0.09,0.05,0.0,0.77,0.21,0.39,11.11,0.3,46.67,0.09,0.0,0.09,0.0,0.0,0.0,0.09,0.0,0.0,0.0,0.0,0.0,0.04,0.0,1.41,1.41,6.21,0,0.47,0.0,0.0,0.04,0.0,0.09,0.0,0.04,0.0,0.17,49.26,40.27,9.0,81.74,28.57,11.74,3.94,0.04,100.0,4.28,42.74,25,23,2101,0.09,0.0,0.64,0.6,10.41,0.21,4.46,56.52,2.27,58.24,2.18,54.84
77,879694,La Liga,24/25,Villarreal,Pape Gueye,Midfielder,7.05,0.16,0.13,0.04,2.22,0.69,0.97,7.27,0.44,40.74,0.04,0.12,0.0,0.16,0.0,0.08,0.16,0.0,0.0,0.0,0.0,0.0,0.0,0.0,2.18,1.09,1.98,0,0.36,0.04,0.04,0.04,0.0,0.04,0.08,0.0,0.0,0.69,44.8,36.53,8.27,81.55,17.06,19.64,9.27,0.16,20.0,3.59,54.27,34,26,2232,0.16,0.08,1.25,2.5,12.18,0.77,6.37,61.96,5.08,63.32,1.29,57.14
78,255239,La Liga,24/25,Real Madrid,Lucas Vázquez,Midfielder,7.05,0.04,0.06,0.04,0.61,0.12,0.2,6.67,0.77,55.88,0.04,0.0,0.0,0.04,0.0,0.0,0.12,0.0,0.0,0.0,0.0,0.0,0.04,0.0,2.35,0.69,1.26,0,0.85,0.04,0.0,0.0,0.0,0.2,0.32,0.2,0.0,1.34,56.99,51.23,5.76,89.89,24.38,27.17,14.24,0.32,12.7,1.3,58.18,32,25,2219,0.16,0.0,1.18,1.3,11.11,0.53,4.66,56.1,4.34,58.47,0.32,36.36
79,69768,La Liga,24/25,Atlético Madrid,Jan Oblak,Goalkeeper,7.04,0.0,0.0,0.0,0.0,0.0,0.0,0.0,0.06,100.0,0.0,0.0,0.0,0.0,0.0,0.0,0.0,0.0,0.0,0.0,0.0,0.0,0.0,0.0,0.0,0.0,0.69,0,0.0,0.03,0.03,0.0,0.0,0.42,0.0,0.0,0.0,0.0,21.22,16.19,5.03,76.31,14.03,2.17,0.31,0.0,0.0,3.94,44.24,36,36,3240,0.0,0.0,0.0,0.06,5.17,0.0,0.19,100.0,0.08,100.0,0.11,100.0
80,253809,La Liga,24/25,Real Betis,Rui Silva,Goalkeeper,7.04,0.0,0.0,0.0,0.0,0.0,0.0,0.0,0.0,0.0,0.0,0.0,0.0,0.0,0.0,0.0,0.0,0.0,0.0,0.0,0.0,0.0,0.0,0.0,0.0,0.0,0.53,0,0.07,0.0,0.0,0.07,0.0,0.27,0.0,0.0,0.0,0.13,30.13,22.8,7.33,75.66,20.8,2.0,0.4,0.0,0.0,3.8,34.76,15,15,1350,0.07,0.0,0.07,0.13,7.53,0.0,0.27,66.67,0.13,50.0,0.13,100.0
81,44864,La Liga,24/25,Girona FC,Daley Blind,Defender,7.04,0.0,0.02,0.0,0.32,0.13,0.06,0.0,0.49,57.69,0.0,0.0,0.0,0.0,0.0,0.0,0.03,0.0,0.0,0.0,0.0,0.0,0.0,0.0,1.59,1.04,2.85,0,0.55,0.06,0.0,0.0,0.0,0.26,0.16,0.06,0.0,0.62,78.99,71.25,7.74,90.2,35.79,35.75,16.0,0.29,21.43,4.76,61.25,34,31,2779,0.06,0.0,0.62,0.52,10.72,0.39,3.14,54.19,2.59,57.97,0.55,41.46
82,954076,La Liga,24/25,Las Palmas,Fábio Silva,Forward,7.04,0.48,0.42,0.38,2.35,1.15,0.96,20.41,1.01,42.0,0.43,0.05,0.05,0.1,0.34,0.1,0.96,0.0,0.14,0.1,66.67,0.0,0.0,0.0,0.58,0.19,1.25,0,0.48,0.0,0.0,0.0,0.0,0.0,0.19,0.14,0.0,0.77,21.05,14.43,6.62,68.56,4.84,9.78,5.37,0.19,19.05,0.43,56.25,24,22,1877,0.34,0.0,1.87,2.06,13.52,1.44,6.09,44.88,3.6,42.37,2.49,49.06
83,966801,La Liga,24/25,Athletic Club,Oihan Sancet,Midfielder,7.04,0.83,0.54,0.28,2.77,1.11,1.0,30.0,1.33,53.33,0.66,0.17,0.17,0.06,0.61,0.06,0.28,0.0,0.17,0.17,100.0,0.0,0.06,0.0,0.72,0.28,0.33,0,0.5,0.0,0.0,0.0,0.0,0.06,0.06,0.06,0.0,1.16,30.11,25.24,4.87,83.82,7.42,17.93,10.96,0.11,11.11,1.16,65.63,29,19,1626,0.11,0.0,0.89,1.33,12.9,2.49,4.04,41.48,3.38,40.4,0.66,48.0
84,110783,La Liga,24/25,Mallorca,Sergi Darder,Midfielder,7.04,0.07,0.07,0.07,1.17,0.29,0.59,5.56,1.11,53.13,0.07,0.0,0.0,0.0,0.07,0.07,0.1,0.0,0.0,0.0,0.0,0.0,0.03,0.0,1.3,0.52,0.68,0,0.94,0.0,0.03,0.0,0.0,0.13,0.33,0.2,0.03,1.79,36.24,29.51,6.73,81.43,11.57,19.83,10.14,1.89,35.58,2.47,56.3,38,34,2769,0.13,0.0,0.68,1.2,13.78,0.98,4.03,51.03,3.58,50.23,0.46,58.33
85,345111,La Liga,24/25,Rayo Vallecano,Álvaro García,Midfielder,7.04,0.14,0.27,0.32,2.49,0.91,1.02,5.63,0.35,40.0,0.14,0.0,0.0,0.07,0.07,0.04,0.56,0.04,0.0,0.0,0.0,0.0,0.0,0.0,1.16,1.12,1.16,0,0.67,0.04,0.0,0.04,0.0,0.07,0.21,0.18,0.0,1.75,25.25,17.99,7.26,71.25,5.68,13.12,8.35,0.81,21.1,0.95,41.54,36,28,2566,0.14,0.0,0.63,0.67,13.75,0.56,2.49,45.81,2.14,48.03,0.35,35.71
86,783374,La Liga,24/25,Athletic Club,Iñaki Williams,Midfielder,7.03,0.2,0.25,0.37,2.14,0.81,0.81,9.52,1.12,37.08,0.2,0.0,0.0,0.07,0.14,0.17,0.58,0.03,0.0,0.0,0.0,0.0,0.0,0.0,0.58,0.41,1.02,0,0.37,0.0,0.0,0.0,0.0,0.27,0.47,0.27,0.0,1.46,23.34,16.45,6.89,70.49,4.58,12.52,7.09,0.64,16.52,0.31,33.33,35,29,2653,0.03,0.0,0.75,1.32,16.11,1.49,4.04,43.91,3.02,40.64,1.02,57.69
87,851271,La Liga,24/25,Real Madrid,Fran García,Defender,7.03,0.0,0.04,0.08,0.58,0.12,0.25,0.0,0.33,34.78,0.0,0.0,0.0,0.0,0.0,0.0,0.16,0.0,0.0,0.0,0.0,0.0,0.0,0.0,2.1,1.15,2.14,0,0.95,0.0,0.04,0.0,0.0,0.29,0.12,0.08,0.0,0.99,54.02,48.06,5.96,88.96,18.79,29.81,15.91,0.53,19.7,1.36,45.21,31,24,2189,0.0,0.0,0.53,0.9,10.36,0.41,4.03,54.44,3.33,57.04,0.7,44.74
88,142622,La Liga,24/25,Real Madrid,Antonio Rüdiger,Defender,7.03,0.0,0.07,0.16,0.94,0.16,0.55,0.0,0.12,60.0,0.0,0.0,0.0,0.0,0.0,0.0,0.08,0.08,0.0,0.0,0.0,0.0,0.0,0.0,0.78,0.35,3.68,0,0.16,0.0,0.04,0.04,0.0,0.43,0.04,0.0,0.0,0.27,72.02,66.42,5.6,92.22,44.61,21.85,6.31,0.04,25.0,4.46,62.64,29,26,2298,0.12,0.0,0.59,0.59,6.42,0.08,2.86,60.83,1.45,63.79,1.41,58.06
89,547246,La Liga,24/25,Leganés,Juan Soriano,Goalkeeper,7.03,0.0,0.0,0.0,0.0,0.0,0.0,0.0,0.0,0.0,0.0,0.0,0.0,0.0,0.0,0.0,0.0,0.0,0.0,0.0,0.0,0.0,0.0,0.0,0.17,0.0,0.67,0,0.0,0.0,0.0,0.0,0.17,0.17,0.0,0.0,0.0,0.0,27.5,13.0,14.5,47.27,7.33,5.67,1.5,0.0,0.0,6.0,29.27,6,6,540,0.17,0.17,0.0,0.5,14.5,0.0,0.67,100.0,0.67,100.0,0.0,0.0
90,39182,La Liga,24/25,Villarreal,Dani Parejo,Midfielder,7.03,0.12,0.1,0.04,0.55,0.16,0.28,21.43,0.32,72.73,0.12,0.0,0.0,0.04,0.08,0.08,0.04,0.0,0.08,0.04,50.0,0.0,0.0,0.0,2.06,0.95,1.42,0,0.99,0.0,0.04,0.0,0.0,0.04,0.08,0.12,0.0,0.91,59.53,52.96,6.56,88.98,24.78,28.7,13.87,0.51,35.14,3.75,65.97,36,26,2277,0.28,0.0,0.79,1.46,8.97,0.51,4.78,63.68,3.79,61.54,0.99,73.53
91,908716,La Liga,24/25,Girona FC,Miguel Gutiérrez,Defender,7.03,0.04,0.06,0.07,1.02,0.33,0.44,3.57,1.06,54.72,0.04,0.0,0.0,0.04,0.0,0.0,0.22,0.0,0.0,0.0,0.0,0.0,0.11,0.0,1.35,0.58,1.1,0,0.73,0.0,0.11,0.04,0.0,0.18,0.22,0.18,0.0,1.5,41.75,36.89,4.86,88.36,15.82,22.72,10.15,1.64,29.41,1.24,54.84,29,29,2464,0.15,0.0,1.06,1.24,12.71,0.91,3.8,47.93,3.62,50.51,0.18,23.81
92,805137,La Liga,24/25,Getafe,Omar Alderete,Defender,7.03,0.03,0.05,0.03,1.15,0.3,0.51,2.63,0.54,64.29,0.03,0.0,0.03,0.0,0.0,0.03,0.24,0.03,0.0,0.0,0.0,0.0,0.21,0.0,1.3,1.15,7.19,0,0.33,0.0,0.03,0.12,0.0,0.18,0.06,0.0,0.0,0.33,32.88,21.82,11.06,66.36,11.85,10.03,5.17,0.06,33.33,4.47,40.66,34,34,2978,0.24,0.0,1.0,0.36,13.12,0.27,5.23,60.49,2.15,54.2,3.08,65.81
93,1000483,La Liga,24/25,FC Barcelona,Marc Casadó,Midfielder,7.03,0.06,0.06,0.06,0.78,0.06,0.39,7.14,0.22,50.0,0.06,0.0,0.0,0.06,0.0,0.0,0.0,0.0,0.0,0.0,0.0,0.0,0.0,0.0,2.44,1.22,0.83,0,1.16,0.06,0.0,0.0,0.0,0.22,0.17,0.17,0.0,0.5,75.14,67.54,7.6,89.89,28.61,38.93,15.47,0.0,0.0,1.89,56.67,23,20,1623,0.11,0.06,1.44,2.0,9.82,0.5,5.1,52.87,4.6,58.45,0.5,28.13
94,123865,La Liga,24/25,Las Palmas,Jasper Cillessen,Goalkeeper,7.02,0.0,0.0,0.0,0.0,0.0,0.0,0.0,0.0,0.0,0.0,0.0,0.0,0.0,0.0,0.0,0.0,0.0,0.0,0.0,0.0,0.0,0.0,0.0,0.04,0.0,0.58,0,0.12,0.04,0.04,0.0,0.0,0.12,0.0,0.0,0.0,0.0,33.0,20.91,12.09,63.36,17.02,3.89,1.19,0.0,0.0,5.74,32.32,27,27,2337,0.04,0.0,0.0,0.19,12.44,0.0,0.31,61.54,0.15,57.14,0.15,66.67
95,369004,La Liga,24/25,Deportivo Alavés,Antonio Sivera,Goalkeeper,7.02,0.0,0.0,0.0,0.0,0.0,0.0,0.0,0.0,0.0,0.0,0.0,0.0,0.0,0.0,0.0,0.0,0.0,0.0,0.0,0.0,0.0,0.0,0.0,0.06,0.0,1.22,0,0.0,0.0,0.0,0.1,0.03,0.26,0.0,0.0,0.0,0.03,28.61,14.63,13.99,51.12,5.99,8.64,3.14,0.0,0.0,9.92,41.5,32,32,2812,0.19,0.03,0.13,0.16,14.27,0.0,0.38,75.0,0.19,66.67,0.19,85.71
96,1089108,La Liga,24/25,Villarreal,Ilias Akhomach,Midfielder,7.02,0.15,0.09,0.0,2.6,0.92,1.22,5.88,2.91,52.78,0.15,0.0,0.0,0.15,0.0,0.0,0.15,0.0,0.0,0.0,0.0,0.0,0.0,0.0,1.84,0.46,1.38,0,0.92,0.0,0.0,0.0,0.0,0.0,0.15,0.0,0.0,1.38,25.1,20.05,5.05,79.88,6.43,14.08,7.35,0.46,16.67,1.07,87.5,11,7,588,0.15,0.0,1.38,3.21,14.39,1.53,8.88,55.24,7.81,55.43,1.07,53.85
97,1153270,La Liga,24/25,FC Barcelona,Fermín López,Midfielder,7.02,0.43,0.41,0.29,2.94,1.15,1.0,14.63,1.79,49.02,0.36,0.07,0.07,0.14,0.22,0.0,0.36,0.0,0.0,0.0,0.0,0.0,0.0,0.0,1.36,0.36,0.14,0,1.72,0.0,0.0,0.0,0.0,0.07,0.57,0.36,0.0,2.08,44.53,38.37,6.17,86.15,8.61,30.69,17.07,0.93,27.66,1.79,71.43,28,12,1255,0.29,0.07,1.94,1.51,15.06,1.15,5.31,40.44,4.66,42.48,0.65,30.0
98,966837,La Liga,24/25,Real Sociedad,Martín Zubimendi,Midfielder,7.02,0.06,0.08,0.12,0.73,0.24,0.3,8.33,0.58,67.86,0.06,0.0,0.0,0.03,0.03,0.0,0.0,0.03,0.0,0.0,0.0,0.0,0.0,0.0,2.22,1.34,2.34,0,0.49,0.0,0.09,0.0,0.0,0.36,0.03,0.03,0.0,0.58,53.23,44.94,8.3,84.42,21.97,23.03,9.75,0.06,16.67,2.8,52.87,36,33,2962,0.18,0.0,1.34,0.58,10.91,0.52,4.98,58.16,3.34,56.41,1.64,62.07
99,795222,La Liga,24/25,FC Barcelona,Frenkie de Jong,Midfielder,7.02,0.16,0.05,0.0,0.39,0.23,0.0,40.0,0.39,62.5,0.16,0.0,0.0,0.08,0.08,0.0,0.0,0.0,0.0,0.0,0.0,0.0,0.0,0.0,1.49,0.94,0.47,0,0.63,0.08,0.0,0.08,0.0,0.08,0.16,0.16,0.0,1.64,89.06,84.68,4.38,95.08,26.84,57.83,26.37,0.0,0.0,2.97,79.17,26,9,1150,0.23,0.0,1.1,1.41,6.18,0.55,4.07,57.14,3.29,56.76,0.78,58.82
100,797306,La Liga,24/25,Valencia,Mouctar Diakhaby,Defender,7.02,0.27,0.18,0.0,1.5,0.55,0.82,18.18,0.27,50.0,0.27,0.0,0.14,0.0,0.14,0.0,0.0,0.0,0.0,0.0,0.0,0.0,0.0,0.0,1.09,1.5,7.37,0,0.27,0.0,0.0,0.0,0.0,0.0,0.0,0.0,0.0,0.14,45.2,38.24,6.97,84.59,29.77,8.47,2.05,0.0,0.0,1.91,34.15,13,7,659,0.0,0.0,0.27,0.55,8.6,0.27,4.37,71.11,1.91,63.64,2.46,78.26
101,35612,La Liga,24/25,Atlético Madrid,Axel Witsel,Midfielder,7.02,0.0,0.0,0.0,0.1,0.0,0.0,0.0,0.1,50.0,0.0,0.0,0.0,0.0,0.0,0.0,0.1,0.0,0.0,0.0,0.0,0.0,0.0,0.0,1.68,1.15,3.46,0,0.21,0.0,0.1,0.0,0.0,0.21,0.1,0.1,0.0,0.21,56.96,51.71,5.24,90.79,37.55,14.16,2.73,0.0,0.0,2.41,74.19,14,9,858,0.1,0.0,0.42,0.52,6.4,0.0,4.72,66.18,2.31,75.86,2.41,58.97
102,94527,La Liga,24/25,Leganés,Marko Dmitrović,Goalkeeper,7.01,0.0,0.0,0.0,0.0,0.0,0.0,0.0,0.03,100.0,0.0,0.0,0.0,0.0,0.0,0.0,0.0,0.0,0.0,0.0,0.0,0.0,0.0,0.0,0.03,0.0,1.5,0,0.03,0.06,0.03,0.03,0.0,0.31,0.0,0.0,0.0,0.03,29.16,11.19,17.97,38.37,5.59,5.59,2.03,0.0,0.0,6.47,26.47,32,32,2880,0.0,0.0,0.03,0.19,18.22,0.0,0.66,91.3,0.19,75.0,0.47,100.0
103,309078,La Liga,24/25,Atlético Madrid,Alexander Sørloth,Forward,7.01,1.15,0.98,1.15,4.56,2.42,1.33,25.32,0.81,38.89,1.15,0.0,0.17,0.75,0.23,0.06,0.46,0.0,0.06,0.06,100.0,0.0,0.0,0.0,0.52,0.06,1.62,0,0.17,0.0,0.0,0.0,0.0,0.06,0.12,0.12,0.0,0.75,20.08,13.15,6.92,65.52,4.21,9.0,5.42,0.06,20.0,0.23,80.0,35,15,1560,0.23,0.0,1.5,0.75,14.31,1.85,7.73,50.95,2.08,31.58,5.65,65.77
104,892521,La Liga,24/25,Athletic Club,Unai Núñez,Defender,7.01,0.0,0.03,0.14,0.14,0.0,0.14,0.0,0.28,100.0,0.0,0.0,0.0,0.0,0.0,0.42,0.14,0.0,0.0,0.0,0.0,0.0,0.0,0.0,1.4,2.37,6.42,0,0.42,0.0,0.14,0.0,0.0,0.28,0.0,0.0,0.0,0.14,45.35,39.49,5.86,87.08,25.26,14.23,2.37,0.0,0.0,4.05,53.7,10,7,645,0.56,0.0,1.4,0.7,6.7,0.0,4.19,54.55,2.37,56.67,1.81,52.0
105,305278,La Liga,24/25,Real Betis,Diego Llorente,Defender,7.01,0.07,0.05,0.07,0.39,0.18,0.07,18.18,0.21,75.0,0.07,0.0,0.04,0.0,0.04,0.0,0.0,0.0,0.0,0.0,0.0,0.0,0.0,0.0,1.28,1.53,5.42,0,0.46,0.0,0.04,0.04,0.04,0.25,0.0,0.0,0.0,0.21,56.6,49.18,7.42,86.89,36.04,13.13,3.14,0.0,0.0,3.14,43.14,30,29,2522,0.14,0.0,0.71,0.82,8.17,0.14,5.03,63.23,2.28,63.37,2.75,63.11
106,604258,La Liga,24/25,Getafe,David Soria,Goalkeeper,7.01,0.0,0.0,0.0,0.0,0.0,0.0,0.0,0.0,0.0,0.0,0.0,0.0,0.0,0.0,0.0,0.0,0.0,0.0,0.0,0.0,0.0,0.0,0.0,0.11,0.03,1.03,0,0.03,0.05,0.03,0.0,0.0,0.24,0.0,0.0,0.0,0.0,25.16,11.76,13.39,46.76,4.66,7.11,2.34,0.0,0.0,8.37,38.5,38,38,3420,0.05,0.0,0.0,0.05,13.66,0.0,0.32,92.31,0.13,83.33,0.18,100.0
107,1513656,La Liga,24/25,Girona FC,Iker Almena,Midfielder,7.0,0.0,0.06,0.0,1.96,0.0,1.96,0.0,3.91,66.67,0.0,0.0,0.0,0.0,0.0,0.0,0.0,0.0,0.0,0.0,0.0,0.0,0.0,0.0,0.0,0.0,3.91,0,1.96,0.0,0.0,0.0,0.0,0.0,1.96,1.96,0.0,3.91,50.87,41.09,9.78,80.77,3.91,37.17,15.65,0.0,0.0,0.0,0.0,2,0,46,0.0,0.0,0.0,1.96,21.52,0.0,5.87,60.0,5.87,60.0,0.0,0.0
108,964985,La Liga,24/25,Las Palmas,Kirian Rodríguez,Midfielder,7.0,0.0,0.08,0.1,1.07,0.46,0.41,0.0,0.56,68.75,0.0,0.0,0.0,0.0,0.0,0.0,0.0,0.0,0.0,0.0,0.0,0.0,0.0,0.0,1.68,0.51,1.02,0,1.07,0.0,0.0,0.0,0.0,0.05,0.15,0.15,0.0,0.81,59.92,52.02,7.89,86.83,26.06,26.06,9.62,0.1,11.11,2.24,57.14,21,21,1768,0.1,0.0,0.46,0.92,11.1,0.71,3.82,53.96,3.16,56.88,0.66,43.33
109,794949,La Liga,24/25,FC Barcelona,Iñaki Peña,Goalkeeper,7.0,0.0,0.0,0.0,0.0,0.0,0.0,0.0,0.0,0.0,0.0,0.0,0.0,0.0,0.0,0.0,0.0,0.0,0.0,0.0,0.0,0.0,0.0,0.0,0.0,0.0,1.74,0,0.13,0.0,0.06,0.0,0.0,0.26,0.0,0.0,0.0,0.0,35.48,31.1,4.39,87.64,30.58,0.52,0.0,0.0,0.0,2.84,39.64,16,15,1395,0.06,0.0,0.0,0.0,4.39,0.0,0.06,33.33,0.0,0.0,0.06,100.0
110,1526618,La Liga,24/25,FC Barcelona,Marc Bernal,Midfielder,7.0,0.0,0.03,0.0,0.74,0.37,0.0,0.0,0.74,66.67,0.0,0.0,0.0,0.0,0.0,0.0,0.0,0.0,0.0,0.0,0.0,0.0,0.0,0.0,2.96,0.37,1.48,0,0.37,0.0,0.0,0.0,0.0,0.0,0.0,0.0,0.0,0.37,59.26,54.81,4.44,92.5,31.11,23.7,8.15,0.0,0.0,3.33,90.0,3,3,243,0.74,0.0,1.48,1.11,6.3,0.74,5.19,50.0,4.81,61.9,0.37,14.29
111,839585,La Liga,24/25,Girona FC,Yangel Herrera,Midfielder,7.0,0.16,0.14,0.24,1.55,0.56,0.75,10.26,0.75,50.0,0.16,0.0,0.16,0.0,0.0,0.0,0.2,0.04,0.0,0.0,0.0,0.0,0.0,0.0,2.62,1.23,1.95,0,1.15,0.0,0.08,0.0,0.0,0.12,0.2,0.12,0.0,0.68,40.33,34.05,6.28,84.43,14.58,19.79,8.78,0.32,18.18,1.35,50.0,29,27,2265,0.4,0.04,2.86,2.7,12.28,1.39,8.07,50.37,6.0,49.83,2.07,52.0
112,877262,La Liga,24/25,Espanyol,Edu Expósito,Midfielder,7.0,0.0,0.09,0.09,1.54,0.51,0.77,0.0,1.28,53.57,0.0,0.0,0.0,0.0,0.0,0.09,0.17,0.0,0.0,0.0,0.0,0.0,0.26,0.0,1.97,1.28,1.8,0,1.2,0.0,0.17,0.0,0.0,0.09,0.68,0.17,0.0,2.4,35.33,25.58,9.75,72.4,8.98,18.14,9.41,1.54,27.27,1.88,34.92,19,12,1052,0.26,0.0,1.2,1.88,19.59,1.54,6.07,50.71,5.13,51.28,0.94,47.83
113,826948,La Liga,24/25,Valencia,Pepelu,Midfielder,7.0,0.1,0.11,0.0,0.72,0.31,0.26,14.29,0.41,72.73,0.1,0.0,0.0,0.0,0.1,0.0,0.05,0.0,0.1,0.1,100.0,0.0,0.05,0.0,2.22,0.98,2.07,0,0.72,0.0,0.0,0.0,0.0,0.15,0.26,0.1,0.0,1.65,57.92,48.72,9.2,84.12,20.98,29.14,15.03,1.39,24.77,4.65,59.6,34,18,1742,0.36,0.05,1.34,0.98,15.45,0.57,4.8,55.36,3.62,56.91,1.19,51.11
114,592012,La Liga,24/25,Athletic Club,Álex Berenguer,Midfielder,7.0,0.23,0.26,0.27,1.99,0.73,0.77,11.54,1.26,44.59,0.19,0.04,0.04,0.11,0.08,0.08,0.19,0.08,0.04,0.0,0.0,0.0,0.11,0.0,1.22,0.38,0.54,0,0.65,0.0,0.0,0.0,0.0,0.11,0.38,0.27,0.04,1.8,28.85,22.23,6.62,77.06,5.85,17.64,10.52,1.26,18.54,0.69,37.5,36,28,2352,0.19,0.0,1.11,1.15,18.18,1.91,4.67,39.74,3.64,41.67,1.03,34.18
115,1152139,La Liga,24/25,Real Betis,Angel Ortiz,Defender,7.0,0.0,0.01,0.0,0.51,0.0,0.51,0.0,1.02,50.0,0.0,0.0,0.0,0.0,0.0,0.0,0.0,0.0,0.0,0.0,0.0,0.0,0.0,0.0,3.06,1.27,1.27,0,2.29,0.0,0.0,0.0,0.0,0.25,0.25,0.25,0.0,0.76,43.34,34.42,8.92,79.41,17.59,17.59,8.92,0.76,15.79,1.27,29.41,5,4,353,0.0,0.0,1.53,1.53,18.1,0.51,6.88,50.0,5.61,52.38,1.27,41.67
116,81992,La Liga,24/25,Espanyol,Leandro Cabrera,Defender,7.0,0.13,0.04,0.0,0.6,0.19,0.22,21.05,0.03,50.0,0.13,0.0,0.09,0.03,0.0,0.03,0.0,0.03,0.0,0.0,0.0,0.0,0.0,0.0,1.25,0.94,6.11,0,0.44,0.0,0.06,0.03,0.0,0.22,0.06,0.06,0.0,0.28,43.97,33.65,10.32,76.53,24.52,9.25,3.2,0.13,23.53,3.67,39.0,33,32,2870,0.13,0.03,0.75,0.25,11.57,0.03,3.95,60.58,1.54,56.32,2.41,63.64
117,325355,La Liga,24/25,Atlético Madrid,José María Giménez,Defender,6.99,0.0,0.02,0.0,0.23,0.05,0.18,0.0,0.09,66.67,0.0,0.0,0.0,0.0,0.0,0.0,0.0,0.0,0.0,0.0,0.0,0.0,0.0,0.0,1.17,1.22,5.19,0,0.5,0.05,0.05,0.0,0.05,0.41,0.05,0.05,0.0,0.09,61.2,56.19,5.01,91.81,39.4,16.79,3.48,0.0,0.0,4.42,65.77,27,20,1994,0.23,0.0,0.59,0.54,5.51,0.14,3.52,54.55,1.81,59.7,1.72,50.0
118,227922,La Liga,24/25,Valencia,José Luis Gayà,Defender,6.99,0.0,0.05,0.1,0.6,0.2,0.3,0.0,0.35,38.89,0.0,0.0,0.0,0.0,0.0,0.0,0.15,0.0,0.0,0.0,0.0,0.0,0.0,0.0,2.83,1.24,2.78,0,0.89,0.0,0.0,0.0,0.0,0.2,0.4,0.05,0.0,1.19,37.37,30.61,6.76,81.91,15.51,16.45,7.45,1.34,32.14,2.04,44.57,23,22,1811,0.35,0.0,1.39,0.7,12.82,0.2,4.37,55.0,3.83,55.8,0.55,50.0
119,592098,La Liga,24/25,Leganés,Jorge Sáenz,Defender,6.99,0.05,0.07,0.16,0.43,0.16,0.27,12.5,0.21,66.67,0.05,0.0,0.0,0.0,0.05,0.05,0.05,0.0,0.0,0.0,0.0,0.0,0.0,0.0,1.97,1.33,8.41,0,0.48,0.0,0.0,0.05,0.05,0.37,0.05,0.0,0.0,0.11,47.58,39.92,7.66,83.89,29.8,10.11,2.34,0.0,0.0,3.14,38.06,23,19,1691,0.21,0.0,1.6,0.8,8.25,0.05,5.16,54.49,2.98,57.73,2.18,50.62
120,876214,La Liga,24/25,FC Barcelona,Eric García,Defender,6.99,0.11,0.13,0.11,0.8,0.46,0.17,14.29,0.29,50.0,0.11,0.0,0.11,0.0,0.0,0.06,0.0,0.0,0.0,0.0,0.0,0.0,0.0,0.0,2.17,0.8,2.29,0,0.51,0.0,0.0,0.0,0.0,0.34,0.11,0.17,0.0,0.4,73.54,67.94,5.6,92.39,30.91,37.2,15.6,0.17,42.86,1.6,56.0,29,14,1575,0.23,0.0,1.14,0.46,7.66,0.29,4.46,54.93,2.91,58.62,1.54,49.09
121,985329,La Liga,24/25,Osasuna,Aimar Oroz,Midfielder,6.99,0.15,0.13,0.06,1.45,0.48,0.42,10.42,1.48,53.85,0.12,0.03,0.0,0.03,0.12,0.06,0.15,0.0,0.03,0.03,100.0,0.0,0.09,0.0,1.06,0.6,0.3,0,0.97,0.0,0.0,0.0,0.0,0.09,0.18,0.12,0.0,1.24,32.79,27.53,5.25,83.98,9.45,18.3,11.44,0.21,24.14,1.24,69.49,37,35,2981,0.24,0.0,0.85,1.93,11.05,1.66,5.01,48.26,4.44,48.51,0.57,46.34
122,816763,La Liga,24/25,Real Betis,Pablo Fornals,Midfielder,6.99,0.1,0.09,0.05,1.13,0.2,0.59,8.7,0.34,25.93,0.1,0.0,0.0,0.0,0.1,0.1,0.15,0.0,0.0,0.0,0.0,0.0,0.0,0.0,1.03,1.13,0.64,0,0.98,0.0,0.05,0.0,0.0,0.05,0.15,0.0,0.1,1.86,50.98,42.25,8.73,82.88,15.05,27.89,14.9,0.69,25.93,2.16,62.86,26,22,1836,0.1,0.0,0.59,0.69,14.07,0.78,2.94,40.82,2.01,38.32,0.93,47.5
123,1156645,La Liga,24/25,Real Madrid,Raúl Asencio,Defender,6.98,0.0,0.01,0.0,0.16,0.05,0.11,0.0,0.32,100.0,0.0,0.0,0.0,0.0,0.0,0.0,0.05,0.0,0.0,0.0,0.0,0.0,0.0,0.0,1.18,0.86,4.47,0,0.16,0.0,0.11,0.0,0.0,0.32,0.05,0.05,0.0,0.32,52.67,49.44,3.23,93.87,35.83,13.61,3.39,0.0,0.0,1.61,55.56,23,18,1673,0.16,0.0,0.65,1.02,3.87,0.32,4.14,68.14,2.47,68.66,1.67,67.39
124,1395746,La Liga,24/25,Villarreal,Thierno Barry,Forward,6.98,0.43,0.48,0.58,2.79,0.97,1.47,15.28,0.7,41.86,0.43,0.0,0.12,0.08,0.23,0.0,0.78,0.04,0.04,0.04,100.0,0.0,0.0,0.0,0.43,0.0,0.7,0,0.23,0.0,0.0,0.04,0.0,0.08,0.27,0.16,0.0,0.93,12.87,8.02,4.84,62.35,2.33,5.78,3.72,0.08,40.0,0.19,50.0,35,25,2322,0.16,0.0,1.82,1.98,10.35,1.05,6.94,54.74,2.98,44.25,3.95,66.67
125,350560,La Liga,24/25,Getafe,Diego Rico,Defender,6.98,0.0,0.01,0.0,0.51,0.1,0.25,0.0,0.19,50.0,0.0,0.0,0.0,0.0,0.0,0.0,0.1,0.03,0.0,0.0,0.0,0.0,0.03,0.0,2.58,1.05,2.8,0,1.18,0.0,0.06,0.0,0.0,0.29,0.19,0.1,0.0,1.15,31.99,22.21,9.78,69.42,8.89,14.69,6.98,1.37,29.05,1.78,32.0,33,32,2825,0.29,0.03,1.21,1.78,18.25,0.41,5.38,60.14,4.49,60.52,0.89,58.33
126,910026,La Liga,24/25,Girona FC,Bryan Gil,Midfielder,6.98,0.16,0.12,0.05,1.66,0.78,0.47,9.38,2.13,44.09,0.16,0.0,0.05,0.1,0.0,0.0,0.21,0.0,0.0,0.0,0.0,0.0,0.0,0.0,1.76,0.52,0.36,0,0.83,0.05,0.16,0.0,0.0,0.0,0.21,0.16,0.0,1.09,34.67,31.09,3.58,89.67,9.19,22.63,13.24,0.73,17.95,0.57,73.33,25,21,1734,0.21,0.0,1.14,2.08,14.9,2.02,5.97,46.75,5.92,47.5,0.05,16.67
127,788216,La Liga,24/25,Mallorca,Pablo Maffeo,Defender,6.98,0.0,0.01,0.0,0.27,0.04,0.15,0.0,1.55,54.67,0.0,0.0,0.0,0.0,0.0,0.0,0.04,0.0,0.0,0.0,0.0,0.0,0.0,0.0,2.28,0.95,3.22,0,0.46,0.04,0.0,0.0,0.0,0.19,0.3,0.08,0.0,1.1,27.23,20.75,6.49,76.18,9.52,12.48,5.54,1.25,34.38,1.48,37.14,30,28,2373,0.27,0.0,0.83,1.4,15.89,1.21,6.03,57.4,5.23,58.23,0.8,52.5
128,791773,La Liga,24/25,Real Sociedad,Álex Remiro,Goalkeeper,6.97,0.0,0.0,0.0,0.0,0.0,0.0,0.0,0.0,0.0,0.0,0.0,0.0,0.0,0.0,0.0,0.0,0.0,0.0,0.0,0.0,0.0,0.0,0.0,0.03,0.0,0.92,0,0.03,0.03,0.08,0.0,0.0,0.36,0.0,0.0,0.0,0.03,32.67,23.53,9.14,72.02,20.03,3.5,0.92,0.0,0.0,6.31,41.65,36,36,3240,0.0,0.0,0.0,0.17,9.39,0.0,0.33,92.31,0.11,80.0,0.22,100.0
129,360718,La Liga,24/25,Celta Vigo,Carl Starfelt,Defender,6.97,0.04,0.02,0.0,0.2,0.04,0.08,20.0,0.04,100.0,0.04,0.0,0.04,0.0,0.0,0.0,0.0,0.0,0.0,0.0,0.0,0.0,0.0,0.0,1.59,1.23,5.11,0,0.36,0.0,0.12,0.0,0.0,0.24,0.0,0.0,0.0,0.24,65.11,60.99,4.12,93.67,45.3,15.69,2.85,0.0,0.0,1.86,62.67,28,26,2271,0.2,0.0,0.83,0.44,4.48,0.0,4.44,58.03,1.94,62.82,2.5,54.78
130,188407,La Liga,24/25,Las Palmas,Sandro Ramírez,Midfielder,6.97,0.4,0.18,0.13,2.29,0.92,0.84,17.31,0.7,38.1,0.26,0.13,0.0,0.09,0.31,0.04,0.22,0.04,0.04,0.04,100.0,0.09,0.62,14.29,1.19,0.7,0.88,0,0.75,0.04,0.04,0.04,0.0,0.04,0.26,0.13,0.0,1.23,23.94,17.74,6.21,74.08,7.17,11.79,6.43,1.23,22.95,0.66,48.39,31,25,2045,0.26,0.0,1.14,1.89,15.4,1.23,4.31,47.57,3.78,48.31,0.53,42.86
131,1087316,La Liga,24/25,Valencia,Enzo Barrenechea,Midfielder,6.97,0.04,0.05,0.0,0.65,0.12,0.45,6.25,0.45,42.31,0.04,0.0,0.0,0.04,0.0,0.0,0.0,0.04,0.0,0.0,0.0,0.0,0.0,0.0,2.33,1.14,1.88,0,0.57,0.0,0.04,0.0,0.0,0.12,0.04,0.08,0.0,0.61,54.84,47.74,7.11,87.04,24.34,23.4,10.49,0.0,0.0,3.39,60.14,30,26,2204,0.25,0.0,1.02,1.84,9.72,0.74,6.13,60.98,4.61,61.08,1.51,60.66
132,188365,La Liga,24/25,Real Betis,Héctor Bellerín,Defender,6.97,0.0,0.03,0.0,0.16,0.16,0.0,0.0,0.93,75.0,0.0,0.0,0.0,0.0,0.0,0.0,0.0,0.0,0.0,0.0,0.0,0.0,0.0,0.0,2.02,0.93,2.49,0,1.09,0.0,0.0,0.0,0.0,0.16,0.31,0.31,0.0,1.25,42.51,35.35,7.16,83.15,19.93,15.88,6.38,0.47,30.0,1.87,54.55,9,6,578,0.16,0.0,0.93,0.0,10.59,0.16,3.89,52.08,2.96,55.88,0.93,42.86
133,116955,La Liga,24/25,Sevilla,Saúl Ñíguez,Midfielder,6.97,0.06,0.16,0.17,2.43,0.52,1.27,2.38,0.69,48.0,0.06,0.0,0.0,0.0,0.06,0.06,0.06,0.0,0.0,0.0,0.0,0.0,0.12,0.0,2.72,1.27,1.68,0,1.1,0.0,0.0,0.06,0.0,0.06,0.17,0.35,0.0,1.27,36.75,29.52,7.23,80.31,14.82,14.87,7.0,0.17,15.79,1.45,46.3,24,17,1555,0.46,0.06,2.55,0.64,11.29,0.75,6.37,48.25,4.05,45.45,2.32,54.05
134,1468046,La Liga,24/25,Deportivo Alavés,Santiago Mouriño,Defender,6.97,0.0,0.05,0.1,0.63,0.19,0.44,0.0,0.19,44.44,0.0,0.0,0.0,0.0,0.0,0.0,0.05,0.05,0.0,0.0,0.0,0.0,0.0,0.0,2.1,1.41,5.75,0,0.83,0.0,0.0,0.0,0.0,0.29,0.1,0.05,0.0,0.34,32.21,25.29,6.92,78.52,15.79,9.6,3.12,0.1,50.0,1.61,34.02,25,20,1847,0.34,0.0,1.56,1.12,8.58,0.54,5.26,54.0,3.31,52.31,1.95,57.14
135,874705,La Liga,24/25,Atlético Madrid,Samuel Lino,Midfielder,6.96,0.17,0.34,0.58,2.59,1.04,0.63,6.67,1.56,50.94,0.12,0.06,0.0,0.06,0.12,0.23,0.17,0.06,0.0,0.0,0.0,0.0,0.0,0.0,1.9,0.46,0.69,0,1.73,0.0,0.0,0.0,0.0,0.0,0.35,0.23,0.0,1.27,43.59,35.75,7.84,82.01,14.3,21.97,12.11,0.52,21.95,2.25,67.24,31,21,1561,0.17,0.0,0.86,1.73,14.18,1.04,5.94,50.99,5.13,50.57,0.81,53.85
136,900433,La Liga,24/25,Valencia,Luis Rioja,Midfielder,6.96,0.16,0.1,0.06,0.94,0.44,0.35,16.67,1.32,52.5,0.13,0.03,0.0,0.16,0.0,0.06,0.35,0.0,0.06,0.06,100.0,0.0,0.03,0.0,1.1,0.69,1.0,0,0.91,0.0,0.03,0.0,0.0,0.06,0.16,0.09,0.0,1.13,30.21,23.33,6.88,77.23,8.07,16.45,9.36,1.19,18.18,1.19,50.0,37,33,2866,0.19,0.0,0.6,1.22,16.33,1.22,4.11,47.29,3.61,48.12,0.5,42.11
137,21555,La Liga,24/25,Atlético Madrid,César Azpilicueta,Defender,6.96,0.1,0.02,0.0,0.51,0.21,0.1,20.0,0.1,50.0,0.0,0.1,0.0,0.0,0.1,0.0,0.31,0.0,0.0,0.0,0.0,0.0,0.0,0.0,2.57,0.51,2.98,0,0.62,0.0,0.0,0.0,0.0,0.31,0.0,0.0,0.0,0.31,59.83,52.44,7.39,87.65,25.76,26.78,10.57,0.1,20.0,1.74,37.78,14,10,877,0.1,0.0,0.82,0.62,10.26,0.1,4.72,60.53,3.28,66.67,1.44,50.0
138,300522,La Liga,24/25,Mallorca,Martin Valjent,Defender,6.96,0.1,0.03,0.03,0.39,0.16,0.13,25.0,0.2,85.71,0.1,0.0,0.03,0.03,0.03,0.0,0.0,0.0,0.0,0.0,0.0,0.0,0.0,0.0,0.98,0.59,6.09,0,0.33,0.03,0.0,0.0,0.0,0.23,0.0,0.0,0.0,0.13,43.16,37.46,5.7,86.8,24.77,12.73,4.07,0.03,9.09,2.51,44.51,31,31,2765,0.13,0.0,0.49,0.42,6.9,0.03,3.19,59.04,1.59,65.33,1.59,53.85
139,1090681,La Liga,24/25,Sevilla,Ramón Martínez,Defender,6.96,0.34,0.12,0.34,1.38,1.03,0.0,25.0,0.34,100.0,0.0,0.34,0.0,0.34,0.0,0.0,0.0,0.0,0.0,0.0,0.0,0.0,0.0,0.0,2.07,0.69,7.93,0,0.69,0.0,0.0,0.0,0.0,0.0,0.0,0.0,0.0,0.34,42.07,38.97,3.1,92.62,26.21,12.76,4.48,0.0,0.0,3.1,69.23,5,2,261,0.0,0.0,0.34,0.34,4.48,0.34,5.17,68.18,2.76,66.67,2.41,70.0
140,84531,La Liga,24/25,Athletic Club,Yuri Berchiche,Defender,6.96,0.0,0.02,0.0,0.7,0.18,0.18,0.0,0.26,42.86,0.0,0.0,0.0,0.0,0.0,0.0,0.18,0.0,0.0,0.0,0.0,0.0,0.09,0.0,1.45,1.19,3.08,0,0.62,0.0,0.13,0.04,0.0,0.4,0.13,0.09,0.0,0.79,49.83,42.58,7.25,85.45,19.69,23.33,10.33,0.44,23.81,2.2,49.02,30,22,2048,0.22,0.0,0.79,0.83,11.16,0.09,3.78,58.5,2.55,58.59,1.23,58.33
141,855922,La Liga,24/25,Las Palmas,Dinko Horkaš,Goalkeeper,6.96,0.0,0.0,0.0,0.0,0.0,0.0,0.0,0.08,100.0,0.0,0.0,0.0,0.0,0.0,0.0,0.0,0.0,0.0,0.0,0.0,0.0,0.0,0.0,0.0,0.0,1.25,0,0.0,0.0,0.08,0.08,0.0,0.08,0.0,0.0,0.0,0.0,38.98,28.67,10.3,73.56,24.27,4.4,1.66,0.0,0.0,7.23,41.63,13,11,1083,0.08,0.0,0.08,0.08,10.64,0.0,0.17,66.67,0.08,50.0,0.08,100.0
142,899982,La Liga,24/25,Rayo Vallecano,Isi Palazón,Midfielder,6.95,0.16,0.19,0.16,2.51,0.74,0.9,6.56,1.03,42.37,0.12,0.04,0.04,0.12,0.0,0.08,0.12,0.0,0.0,0.0,0.0,0.0,0.04,0.0,0.9,0.33,0.53,0,1.07,0.0,0.04,0.0,0.0,0.12,0.33,0.16,0.0,1.97,36.49,30.41,6.08,83.33,9.41,22.56,13.03,1.56,34.23,1.6,62.9,35,25,2190,0.21,0.0,1.6,2.18,15.0,1.77,4.85,39.6,4.11,41.67,0.74,31.03
143,965031,La Liga,24/25,Rayo Vallecano,Andrei Rațiu,Defender,6.95,0.06,0.05,0.09,0.91,0.23,0.35,6.45,2.23,54.68,0.0,0.06,0.0,0.0,0.06,0.06,0.15,0.0,0.0,0.0,0.0,0.0,0.0,0.0,2.08,0.79,1.82,0,0.82,0.0,0.06,0.0,0.0,0.18,0.29,0.09,0.0,1.09,40.55,34.13,6.43,84.15,15.88,18.58,9.98,0.32,14.29,0.91,36.05,35,34,3067,0.15,0.0,0.7,0.62,14.97,1.44,5.52,48.96,4.93,50.76,0.59,37.74
144,960006,La Liga,24/25,Sevilla,Lucien Agoumé,Midfielder,6.95,0.04,0.04,0.04,0.42,0.08,0.21,10.0,0.93,75.86,0.0,0.04,0.0,0.0,0.04,0.0,0.08,0.0,0.0,0.0,0.0,0.0,0.0,0.0,2.96,1.73,1.69,0,0.51,0.0,0.0,0.04,0.0,0.17,0.17,0.13,0.0,1.14,50.87,42.17,8.7,82.89,21.89,20.41,10.27,0.13,16.67,1.9,44.55,35,24,2130,0.25,0.04,2.07,0.25,11.62,0.55,5.92,53.85,4.14,55.68,1.77,50.0
145,990169,La Liga,24/25,Real Betis,Johnny Cardoso,Midfielder,6.95,0.13,0.09,0.13,0.8,0.29,0.42,15.79,1.09,63.41,0.13,0.0,0.08,0.0,0.04,0.0,0.0,0.0,0.0,0.0,0.0,0.0,0.0,0.0,2.31,2.02,2.65,0,1.34,0.0,0.04,0.0,0.0,0.13,0.08,0.04,0.0,0.38,46.32,39.86,6.47,86.04,22.38,17.47,6.76,0.0,0.0,1.51,54.55,28,24,2143,0.21,0.0,1.6,1.13,9.91,0.97,5.75,52.69,4.54,50.7,1.22,61.7
146,1402913,La Liga,24/25,FC Barcelona,Pau Cubarsí,Defender,6.95,0.0,0.03,0.03,0.27,0.0,0.21,0.0,0.21,75.0,0.0,0.0,0.0,0.0,0.0,0.0,0.0,0.0,0.0,0.0,0.0,0.0,0.0,0.0,1.17,0.55,2.95,0,0.38,0.0,0.03,0.03,0.0,0.17,0.1,0.1,0.0,0.31,89.0,83.34,5.67,93.63,49.09,34.28,9.21,0.03,50.0,3.19,59.62,35,29,2620,0.1,0.0,0.82,0.31,6.18,0.03,3.81,57.51,1.65,56.47,2.16,58.33
147,41013,La Liga,24/25,Rayo Vallecano,Aridane Hernández,Defender,6.95,0.0,0.08,0.18,0.7,0.18,0.53,0.0,0.26,60.0,0.0,0.0,0.0,0.0,0.0,0.0,0.0,0.0,0.0,0.0,0.0,0.0,0.0,0.0,1.14,0.53,8.62,0,0.18,0.09,0.09,0.0,0.09,0.35,0.0,0.0,0.0,0.18,46.28,40.73,5.54,88.02,31.14,9.59,2.11,0.0,0.0,2.38,50.94,14,11,1023,0.09,0.0,0.44,0.88,6.25,0.09,5.81,69.47,2.11,70.59,3.7,68.85
148,1097719,La Liga,24/25,Sevilla,Kike Salas,Defender,6.95,0.12,0.08,0.0,0.92,0.28,0.44,13.04,0.12,60.0,0.12,0.0,0.04,0.08,0.0,0.0,0.0,0.0,0.0,0.0,0.0,0.0,0.0,0.0,1.88,1.28,5.65,0,0.76,0.0,0.0,0.0,0.0,0.16,0.08,0.08,0.0,0.24,53.36,42.49,10.86,79.64,30.71,11.87,3.93,0.08,22.22,2.69,32.21,31,25,2245,0.24,0.0,0.84,0.6,12.75,0.08,5.69,64.84,2.53,60.58,3.17,68.7
149,155702,La Liga,24/25,Sevilla,Lucas Ocampos,Midfielder,6.95,0.0,0.08,0.0,2.05,1.02,0.51,0.0,1.02,28.57,0.0,0.0,0.0,0.0,0.0,0.0,0.0,0.0,0.0,0.0,0.0,0.0,0.0,0.0,1.53,0.0,0.51,0,0.51,0.0,0.0,0.0,0.0,0.0,0.51,0.51,0.0,1.53,41.93,30.68,11.25,73.17,10.23,20.97,11.25,0.51,25.0,2.05,44.44,2,2,176,0.0,0.0,1.53,1.02,20.45,1.53,5.11,40.0,3.58,38.89,1.53,42.86
150,328145,La Liga,24/25,Las Palmas,Adnan Januzaj,Midfielder,6.94,0.3,0.13,0.0,2.37,0.74,0.44,12.5,2.07,38.89,0.15,0.15,0.0,0.3,0.0,0.3,0.0,0.0,0.0,0.0,0.0,0.15,0.59,25.0,1.48,0.3,0.3,0,0.59,0.0,0.0,0.0,0.0,0.0,0.74,0.15,0.15,2.66,40.41,32.12,8.29,79.49,10.66,23.54,12.29,2.07,21.54,2.37,57.14,18,5,608,0.74,0.0,0.74,3.26,25.46,1.33,7.4,48.08,6.81,53.49,0.59,22.22
151,1084399,La Liga,24/25,Deportivo Alavés,Carlos Vicente,Midfielder,6.94,0.15,0.1,0.03,1.05,0.41,0.44,13.89,0.99,35.05,0.12,0.03,0.0,0.03,0.12,0.03,0.29,0.0,0.03,0.03,100.0,0.0,0.03,0.0,1.37,0.41,0.78,0,1.13,0.0,0.0,0.0,0.0,0.17,0.26,0.15,0.0,1.83,23.6,17.58,6.02,74.51,6.13,13.51,6.57,2.06,26.39,0.52,34.62,37,35,3097,0.06,0.0,1.1,1.8,18.13,1.42,5.14,41.84,4.16,43.47,0.99,36.17
152,1014412,La Liga,24/25,Athletic Club,Julen Agirrezabala,Goalkeeper,6.94,0.0,0.0,0.0,0.0,0.0,0.0,0.0,0.0,0.0,0.0,0.0,0.0,0.0,0.0,0.0,0.0,0.0,0.0,0.0,0.0,0.0,0.0,0.0,0.0,0.0,0.82,0,0.07,0.0,0.0,0.15,0.0,0.37,0.0,0.0,0.0,0.0,26.55,17.22,9.32,64.89,13.65,3.58,0.52,0.0,0.0,5.14,35.57,14,14,1207,0.07,0.07,0.22,0.07,9.77,0.0,0.45,60.0,0.07,20.0,0.37,100.0
153,984624,La Liga,24/25,Villarreal,Yéremy Pino,Forward,6.94,0.18,0.18,0.32,1.34,0.42,0.37,13.79,1.16,50.0,0.14,0.05,0.0,0.0,0.18,0.14,0.69,0.05,0.0,0.0,0.0,0.0,0.0,0.0,2.77,0.37,0.79,0,1.52,0.0,0.0,0.0,0.0,0.05,0.46,0.32,0.0,1.76,30.22,23.42,6.79,77.52,7.85,16.03,9.33,0.46,21.28,0.65,53.85,34,25,1948,0.51,0.0,2.26,1.39,13.21,1.06,5.87,47.39,5.31,48.32,0.55,40.0
154,142018,La Liga,24/25,Real Valladolid,Iván Sánchez,Midfielder,6.93,0.13,0.04,0.0,0.96,0.38,0.32,13.33,1.78,73.68,0.06,0.06,0.0,0.13,0.0,0.06,0.19,0.0,0.0,0.0,0.0,0.0,0.13,0.0,2.36,0.89,0.51,0,0.96,0.0,0.0,0.0,0.0,0.0,0.38,0.06,0.06,1.59,29.04,24.46,4.59,84.21,9.3,16.75,9.75,1.59,21.93,2.48,69.64,32,11,1413,0.25,0.0,0.96,3.06,14.59,1.34,7.9,63.59,7.01,64.71,0.89,56.0
155,893642,La Liga,24/25,Espanyol,Marash Kumbulla,Defender,6.93,0.09,0.06,0.06,0.48,0.15,0.18,18.75,0.12,66.67,0.09,0.0,0.03,0.03,0.03,0.03,0.0,0.0,0.0,0.0,0.0,0.0,0.0,0.0,1.54,1.03,6.69,0,0.51,0.0,0.06,0.0,0.03,0.15,0.03,0.0,0.0,0.03,42.17,35.79,6.38,84.86,27.74,8.17,1.63,0.12,66.67,2.57,40.67,35,34,2975,0.3,0.0,1.12,0.88,7.11,0.03,4.69,60.55,2.48,60.29,2.21,60.83
156,1064026,La Liga,24/25,Espanyol,Omar El Hilali,Defender,6.93,0.0,0.0,0.0,0.06,0.0,0.03,0.0,0.48,70.83,0.0,0.0,0.0,0.0,0.0,0.0,0.2,0.0,0.0,0.0,0.0,0.0,0.0,0.0,3.16,1.34,3.7,0,0.88,0.0,0.06,0.06,0.0,0.2,0.06,0.06,0.0,0.23,34.87,28.12,6.75,80.64,18.03,10.31,3.62,0.23,14.04,2.56,45.69,36,36,3159,0.28,0.0,1.48,0.85,10.48,0.2,5.53,60.82,4.47,62.3,1.05,55.22
157,310874,La Liga,24/25,Mallorca,Vedat Muriqi,Forward,6.93,0.3,0.43,0.44,2.39,0.83,1.35,12.73,0.39,37.5,0.3,0.0,0.13,0.17,0.0,0.04,0.83,0.04,0.13,0.09,66.67,0.0,0.0,0.0,0.3,0.3,1.87,0,0.17,0.0,0.0,0.04,0.04,0.04,0.17,0.09,0.0,1.18,20.6,12.76,7.84,61.95,3.18,9.67,5.09,0.09,20.0,0.57,61.9,29,24,2067,0.04,0.09,1.26,1.79,12.58,1.13,8.36,53.78,2.44,46.28,5.92,57.63
158,1085400,La Liga,24/25,Athletic Club,Nico Williams,Midfielder,6.93,0.23,0.19,0.09,2.43,0.86,0.95,9.26,3.06,39.53,0.23,0.0,0.05,0.05,0.14,0.05,0.45,0.0,0.0,0.0,0.0,0.0,0.05,0.0,1.26,0.32,0.18,0,0.95,0.0,0.0,0.0,0.0,0.18,0.27,0.23,0.0,1.8,26.17,20.72,5.45,79.17,5.18,16.67,10.77,1.13,23.36,0.63,56.0,29,22,1998,0.05,0.0,0.77,1.58,19.73,2.07,6.4,41.04,5.9,41.32,0.5,37.93
159,1495844,La Liga,24/25,Athletic Club,Mikel Jauregizar,Midfielder,6.93,0.08,0.04,0.04,0.84,0.32,0.32,9.52,0.8,55.56,0.04,0.04,0.0,0.04,0.04,0.0,0.0,0.04,0.0,0.0,0.0,0.0,0.0,0.0,3.37,1.16,1.36,0,1.69,0.0,0.08,0.0,0.0,0.28,0.08,0.04,0.0,0.92,43.7,36.03,7.66,82.46,15.29,20.99,9.51,0.24,22.22,2.93,63.48,34,25,2243,0.16,0.04,1.85,1.69,11.8,0.92,7.22,52.79,5.82,53.51,1.4,50.0
160,349526,La Liga,24/25,Mallorca,Dani Rodríguez,Midfielder,6.93,0.17,0.11,0.04,1.28,0.41,0.5,12.9,0.66,53.33,0.17,0.0,0.04,0.04,0.08,0.0,0.33,0.0,0.0,0.0,0.0,0.0,0.04,0.0,2.03,0.5,1.03,0,0.54,0.0,0.0,0.0,0.0,0.0,0.29,0.29,0.0,1.37,24.46,18.99,5.46,77.66,6.12,14.32,6.91,1.45,30.17,0.87,48.84,37,26,2175,0.21,0.0,2.11,1.66,13.66,1.9,5.46,45.83,4.3,46.64,1.16,43.08
161,2150615,La Liga,24/25,Real Valladolid,Ibrahim Alani,Midfielder,6.93,0.0,0.01,0.0,0.57,0.0,0.57,0.0,0.57,100.0,0.0,0.0,0.0,0.0,0.0,0.0,0.0,0.0,0.0,0.0,0.0,0.0,0.0,0.0,6.79,0.57,0.57,0,1.13,0.0,0.0,0.0,0.0,0.0,0.0,0.0,0.0,0.0,46.98,39.62,7.36,84.34,21.51,18.11,5.09,0.0,0.0,3.4,46.15,3,1,159,0.0,0.0,1.13,2.83,9.62,1.13,11.89,75.0,10.19,75.0,1.7,75.0
162,96365,La Liga,24/25,Athletic Club,Iñigo Ruiz de Galarreta,Midfielder,6.93,0.0,0.03,0.0,0.66,0.06,0.3,0.0,0.97,76.19,0.0,0.0,0.0,0.0,0.0,0.0,0.06,0.0,0.0,0.0,0.0,0.0,0.0,0.0,2.17,0.97,0.84,0,0.66,0.0,0.12,0.0,0.0,0.0,0.18,0.24,0.0,1.69,48.86,40.78,8.08,83.46,16.17,25.03,12.79,0.42,24.14,2.84,58.75,26,18,1492,0.3,0.0,2.59,1.03,12.06,0.97,4.64,46.95,4.16,47.92,0.48,40.0
163,1084081,La Liga,24/25,Girona FC,Arnau Martínez,Defender,6.93,0.07,0.04,0.17,0.65,0.2,0.34,10.53,0.68,58.82,0.07,0.0,0.07,0.0,0.0,0.0,0.07,0.0,0.0,0.0,0.0,0.0,0.0,0.0,1.74,1.06,2.15,0,1.06,0.0,0.07,0.03,0.0,0.17,0.1,0.07,0.03,0.65,53.76,47.39,6.38,88.14,23.05,24.61,12.1,0.27,13.79,1.33,43.33,32,30,2640,0.1,0.0,0.68,1.26,10.47,0.48,4.67,57.56,3.61,57.3,1.06,58.49
164,1403348,La Liga,24/25,Real Madrid,Jacobo Ramón,Defender,6.93,0.44,0.07,0.0,0.89,0.44,0.0,50.0,0.0,0.0,0.44,0.0,0.0,0.0,0.44,0.0,0.0,0.0,0.0,0.0,0.0,0.0,0.0,0.0,3.1,1.33,3.55,0,0.0,0.0,0.89,0.0,0.0,0.44,0.0,0.0,0.0,0.44,39.9,37.24,2.66,93.33,23.05,14.19,3.1,0.0,0.0,0.44,100.0,3,2,203,0.44,0.0,0.89,0.44,3.99,0.44,7.09,61.54,3.55,80.0,3.55,50.0
165,997035,La Liga,24/25,FC Barcelona,Alejandro Balde,Defender,6.93,0.0,0.02,0.0,0.47,0.12,0.24,0.0,1.81,51.11,0.0,0.0,0.0,0.0,0.0,0.0,0.0,0.0,0.0,0.0,0.0,0.0,0.0,0.0,0.71,0.2,0.79,0,0.24,0.0,0.0,0.0,0.0,0.16,0.24,0.16,0.04,1.06,49.16,44.84,4.32,91.21,19.24,26.07,11.39,0.47,17.91,0.71,50.0,32,26,2292,0.08,0.0,0.63,1.45,11.82,1.06,4.59,54.17,3.97,52.88,0.63,64.0
166,1103693,La Liga,24/25,FC Barcelona,Pablo Gavi,Midfielder,6.92,0.08,0.07,0.08,0.9,0.08,0.24,9.09,0.73,64.29,0.08,0.0,0.0,0.0,0.08,0.08,0.08,0.0,0.0,0.0,0.0,0.0,0.0,0.0,2.45,0.82,0.41,0,0.9,0.0,0.0,0.0,0.0,0.24,0.16,0.08,0.08,1.22,65.14,59.27,5.87,90.99,21.44,37.91,18.02,0.08,11.11,1.88,76.67,26,14,1104,0.33,0.0,3.1,2.12,9.29,0.73,7.01,49.71,5.3,52.0,1.71,43.75
167,1011375,La Liga,24/25,Real Betis,Abdessamad Ezzalzouli,Midfielder,6.92,0.09,0.35,0.68,2.8,1.17,1.17,3.23,2.08,55.42,0.09,0.0,0.0,0.0,0.09,0.09,0.18,0.09,0.05,0.0,0.0,0.0,0.05,0.0,1.67,0.32,0.5,0,0.54,0.0,0.0,0.0,0.0,0.05,0.09,0.09,0.05,1.26,31.17,23.68,7.49,75.98,5.77,18.09,11.32,0.18,8.16,0.5,50.0,32,23,1995,0.09,0.0,1.04,1.71,16.74,2.26,6.63,48.2,5.46,50.21,1.17,40.63
168,96370,La Liga,24/25,Sevilla,Suso,Midfielder,6.92,0.0,0.11,0.0,2.4,0.6,0.9,0.0,2.1,46.67,0.0,0.0,0.0,0.0,0.0,0.0,0.3,0.0,0.0,0.0,0.0,0.0,0.3,0.0,1.5,0.6,0.3,0,1.05,0.0,0.0,0.0,0.0,0.15,0.45,0.3,0.0,3.31,47.78,40.42,7.36,84.59,10.67,31.55,19.83,1.8,20.34,2.4,66.67,16,4,599,0.45,0.0,0.9,2.4,21.04,2.25,6.31,46.67,6.01,48.19,0.3,28.57
169,794937,La Liga,24/25,Deportivo Alavés,Carles Aleñá,Midfielder,6.92,0.0,0.09,0.06,1.16,0.29,0.46,0.0,0.87,71.43,0.0,0.0,0.0,0.0,0.0,0.06,0.12,0.0,0.0,0.0,0.0,0.0,0.06,0.0,1.45,0.12,0.52,0,1.1,0.0,0.0,0.0,0.0,0.06,0.06,0.12,0.0,1.28,31.86,25.42,6.44,79.78,6.67,19.38,9.98,0.64,29.73,0.93,57.14,24,18,1551,0.12,0.0,1.1,2.03,11.14,1.16,5.45,54.65,4.29,54.01,1.16,57.14
170,385888,La Liga,24/25,Getafe,Mauro Arambarri,Midfielder,6.92,0.34,0.28,0.24,1.89,0.64,0.78,17.86,0.61,60.0,0.3,0.03,0.07,0.07,0.2,0.1,0.1,0.0,0.1,0.1,100.0,0.03,0.03,100.0,1.62,0.51,1.45,0,0.88,0.0,0.0,0.0,0.0,0.14,0.0,0.0,0.0,0.61,26.42,19.73,6.69,74.68,8.07,11.72,5.1,0.07,14.29,1.11,33.0,35,31,2664,0.34,0.0,1.72,1.76,10.78,0.98,5.98,51.01,3.99,50.86,1.99,51.3
171,1466116,La Liga,24/25,Real Sociedad,Jon Martin,Defender,6.92,0.0,0.06,0.1,0.9,0.2,0.6,0.0,0.0,0.0,0.0,0.0,0.0,0.0,0.0,0.1,0.0,0.0,0.0,0.0,0.0,0.0,0.0,0.0,1.1,0.7,7.9,0,0.3,0.1,0.0,0.0,0.0,0.1,0.0,0.1,0.0,0.4,53.9,46.8,7.1,86.83,35.1,11.7,2.4,0.0,0.0,2.2,50.0,13,6,900,0.2,0.0,2.0,0.0,7.9,0.0,6.4,66.67,1.1,34.38,5.3,82.81
172,962890,La Liga,24/25,Celta Vigo,Ilaix Moriba,Midfielder,6.92,0.04,0.07,0.08,1.43,0.51,0.59,2.94,0.63,41.67,0.04,0.0,0.0,0.0,0.04,0.04,0.08,0.04,0.0,0.0,0.0,0.0,0.0,0.0,2.86,0.59,1.18,0,1.05,0.0,0.04,0.0,0.0,0.17,0.17,0.04,0.0,0.88,40.85,35.25,5.6,86.29,12.51,22.83,11.29,0.08,33.33,1.9,66.18,33,22,2137,0.29,0.04,1.35,2.44,10.32,1.05,6.95,56.51,5.77,57.32,1.18,52.83
173,1084730,La Liga,24/25,Osasuna,Bryan Zaragoza,Forward,6.92,0.05,0.13,0.1,2.04,0.63,0.92,2.38,2.77,45.97,0.05,0.0,0.0,0.0,0.05,0.15,0.44,0.0,0.0,0.0,0.0,0.0,0.0,0.0,0.63,0.19,0.39,0,0.73,0.0,0.0,0.0,0.0,0.05,0.19,0.29,0.0,1.75,20.91,15.19,5.73,72.62,5.39,11.26,6.26,1.46,28.85,1.21,54.35,27,22,1855,0.19,0.0,0.92,1.89,16.11,0.73,5.39,46.84,5.29,48.44,0.1,16.67
174,164343,La Liga,24/25,Girona FC,Paulo Gazzaniga,Goalkeeper,6.92,0.0,0.0,0.0,0.0,0.0,0.0,0.0,0.08,75.0,0.0,0.0,0.0,0.0,0.0,0.0,0.0,0.0,0.0,0.0,0.0,0.0,0.0,0.0,0.03,0.0,0.65,0,0.0,0.08,0.0,0.0,0.0,0.23,0.0,0.0,0.0,0.0,30.11,23.55,6.56,78.2,21.86,1.69,0.51,0.0,0.0,3.77,37.12,36,36,3195,0.11,0.0,0.03,0.08,6.87,0.0,0.23,72.73,0.2,87.5,0.03,33.33
175,1099352,La Liga,24/25,Atlético Madrid,Giuliano Simeone,Midfielder,6.91,0.09,0.1,0.14,1.02,0.32,0.55,9.09,1.38,47.62,0.09,0.0,0.0,0.05,0.05,0.0,0.32,0.05,0.0,0.0,0.0,0.0,0.0,0.0,1.25,0.65,0.78,0,0.69,0.0,0.05,0.0,0.0,0.05,0.6,0.28,0.05,1.15,33.09,26.08,7.02,78.8,9.97,16.62,9.32,0.51,22.45,0.09,15.38,33,26,1950,0.14,0.0,1.06,1.94,14.26,0.92,5.08,49.11,4.52,51.85,0.55,34.29
176,1069703,La Liga,24/25,Celta Vigo,Carlos Domínguez,Defender,6.91,0.0,0.02,0.0,0.23,0.08,0.15,0.0,0.15,66.67,0.0,0.0,0.0,0.0,0.0,0.0,0.0,0.0,0.0,0.0,0.0,0.0,0.0,0.0,1.74,0.99,5.76,0,0.45,0.08,0.0,0.0,0.08,0.15,0.0,0.0,0.0,0.15,72.94,64.75,8.19,88.77,40.11,24.64,6.22,0.0,0.0,2.43,37.65,19,13,1187,0.08,0.0,0.61,0.76,8.87,0.0,4.78,67.74,2.58,69.39,2.2,65.91
177,845693,La Liga,24/25,Valencia,André Almeida,Midfielder,6.91,0.0,0.05,0.14,0.81,0.23,0.32,0.0,0.99,50.0,0.0,0.0,0.0,0.0,0.0,0.0,0.09,0.0,0.0,0.0,0.0,0.0,0.09,0.0,2.16,0.36,0.54,0,1.13,0.0,0.05,0.0,0.0,0.0,0.18,0.18,0.0,1.94,38.78,34.37,4.41,88.62,11.26,24.28,14.23,1.17,38.81,1.71,70.37,34,24,1998,0.05,0.0,1.26,1.71,11.26,1.71,5.09,47.08,4.86,49.32,0.23,23.81
178,1010421,La Liga,24/25,Rayo Vallecano,Josep Chavarría,Defender,6.91,0.0,0.04,0.07,0.38,0.1,0.17,0.0,0.35,35.71,0.0,0.0,0.0,0.0,0.0,0.0,0.1,0.0,0.0,0.0,0.0,0.0,0.0,0.0,1.6,1.04,3.23,0,0.59,0.0,0.03,0.03,0.0,0.28,0.07,0.03,0.0,0.83,42.24,34.66,7.58,82.06,17.69,17.45,9.04,0.49,17.72,1.67,39.34,34,28,2589,0.1,0.0,1.08,0.87,13.24,0.21,3.62,51.23,2.78,53.69,0.83,44.44
179,1142588,La Liga,24/25,Atlético Madrid,Pablo Barrios,Midfielder,6.91,0.04,0.05,0.04,1.12,0.31,0.69,3.45,0.96,64.1,0.0,0.04,0.0,0.04,0.0,0.04,0.0,0.0,0.0,0.0,0.0,0.0,0.0,0.0,1.77,1.31,1.16,0,0.92,0.04,0.31,0.0,0.0,0.23,0.23,0.15,0.04,1.04,56.9,49.66,7.24,87.27,22.62,27.24,13.45,0.19,19.23,2.35,58.65,31,28,2336,0.15,0.04,1.08,1.04,11.48,0.89,5.12,55.19,3.78,52.97,1.35,62.5
180,50490,La Liga,24/25,FC Barcelona,Wojciech Szczęsny,Goalkeeper,6.91,0.0,0.0,0.0,0.0,0.0,0.0,0.0,0.07,100.0,0.0,0.0,0.0,0.0,0.0,0.0,0.0,0.0,0.0,0.0,0.0,0.0,0.0,0.0,0.07,0.0,1.53,0,0.0,0.07,0.0,0.07,0.0,0.53,0.0,0.0,0.0,0.0,26.07,22.8,3.27,87.47,21.73,1.07,0.2,0.0,0.0,2.27,41.98,15,15,1350,0.0,0.0,0.07,0.07,3.47,0.0,0.2,75.0,0.13,66.67,0.07,100.0
181,1396048,La Liga,24/25,Espanyol,Carlos Romero,Defender,6.91,0.07,0.07,0.07,1.02,0.21,0.46,6.9,0.77,48.89,0.07,0.0,0.0,0.07,0.0,0.0,0.04,0.0,0.0,0.0,0.0,0.0,0.04,0.0,2.57,1.05,3.06,0,1.3,0.0,0.04,0.07,0.0,0.21,0.18,0.04,0.0,1.05,26.65,20.21,6.43,75.86,9.74,11.11,5.84,0.63,19.57,0.81,30.67,34,28,2560,0.25,0.0,1.2,0.74,12.59,0.46,4.57,49.81,4.04,51.8,0.53,38.46
182,951008,La Liga,24/25,Villarreal,Diego Conde,Goalkeeper,6.91,0.0,0.0,0.0,0.0,0.0,0.0,0.0,0.0,0.0,0.0,0.0,0.0,0.0,0.0,0.0,0.0,0.0,0.0,0.0,0.0,0.0,0.0,0.0,0.09,0.05,0.78,0,0.09,0.09,0.0,0.0,0.0,0.09,0.05,0.05,0.0,0.09,24.21,18.75,5.46,77.46,16.64,2.11,0.64,0.0,0.0,4.03,44.22,22,22,1963,0.09,0.0,0.0,0.05,5.59,0.0,0.18,66.67,0.09,50.0,0.09,100.0
183,1067582,La Liga,24/25,Osasuna,Enzo Boyomo,Defender,6.9,0.06,0.04,0.0,0.39,0.08,0.22,14.29,0.28,62.5,0.06,0.0,0.0,0.0,0.06,0.0,0.0,0.0,0.0,0.0,0.0,0.0,0.0,0.0,2.04,1.22,3.78,0,0.25,0.03,0.06,0.0,0.0,0.28,0.03,0.0,0.0,0.11,43.37,38.01,5.36,87.64,24.75,13.31,3.18,0.06,100.0,1.82,41.51,37,36,3258,0.14,0.0,1.27,0.22,6.44,0.28,3.43,53.22,2.54,57.14,0.88,44.44
184,1137814,La Liga,24/25,Real Betis,Sergi Altimira,Midfielder,6.9,0.0,0.08,0.05,0.96,0.18,0.5,0.0,0.73,69.57,0.0,0.0,0.0,0.0,0.0,0.0,0.0,0.05,0.0,0.0,0.0,0.0,0.0,0.0,2.78,1.09,1.91,0,1.09,0.0,0.14,0.0,0.0,0.05,0.09,0.05,0.0,1.0,56.86,50.99,5.87,89.67,25.22,25.81,10.97,0.05,20.0,2.14,66.2,32,22,1977,0.18,0.0,1.59,1.5,8.74,0.96,5.51,52.61,4.92,55.38,0.59,37.14
185,1513896,La Liga,24/25,Mallorca,David López,Defender,6.9,0.0,0.0,0.0,0.0,0.0,0.0,0.0,0.0,0.0,0.0,0.0,0.0,0.0,0.0,0.0,0.0,0.0,0.0,0.0,0.0,0.0,0.0,0.0,1.59,0.53,5.29,0,0.0,0.0,0.0,0.0,0.0,0.53,0.0,0.0,0.0,0.0,27.53,22.76,4.76,82.69,15.35,7.41,0.53,0.0,0.0,1.06,20.0,2,2,170,0.0,0.0,0.0,0.0,5.82,0.0,2.65,50.0,1.59,100.0,1.06,28.57
186,799054,La Liga,24/25,Sevilla,Djibril Sow,Midfielder,6.9,0.09,0.1,0.13,0.96,0.26,0.35,9.09,0.44,47.62,0.09,0.0,0.04,0.0,0.04,0.0,0.0,0.0,0.0,0.0,0.0,0.0,0.0,0.0,1.09,1.22,1.09,0,0.39,0.0,0.04,0.0,0.0,0.17,0.17,0.04,0.0,0.91,42.74,38.3,4.44,89.61,19.98,18.41,8.97,0.09,22.22,1.26,67.44,30,24,2068,0.22,0.0,1.0,1.78,7.31,0.39,4.35,57.14,3.18,58.4,1.18,54.0
187,976141,La Liga,24/25,Osasuna,Jon Moncayola,Midfielder,6.9,0.0,0.07,0.04,0.89,0.38,0.34,0.0,0.17,36.36,0.0,0.0,0.0,0.0,0.0,0.0,0.0,0.0,0.0,0.0,0.0,0.0,0.0,0.0,2.98,0.47,0.81,0,1.24,0.0,0.0,0.0,0.0,0.04,0.17,0.0,0.04,1.45,37.24,29.87,7.37,80.21,11.76,19.52,9.46,1.41,30.84,2.17,48.11,32,26,2112,0.34,0.0,1.45,0.38,12.53,0.34,4.18,51.58,3.54,52.53,0.64,46.88
188,187313,La Liga,24/25,Osasuna,Lucas Torró,Midfielder,6.9,0.09,0.07,0.12,0.94,0.21,0.46,9.68,0.18,66.67,0.09,0.0,0.03,0.0,0.06,0.03,0.03,0.0,0.0,0.0,0.0,0.0,0.0,0.0,2.25,1.37,2.1,0,0.85,0.06,0.03,0.06,0.0,0.27,0.0,0.0,0.0,0.3,41.13,31.16,9.96,75.78,14.79,16.37,7.35,0.0,0.0,2.22,45.63,35,35,2963,0.3,0.0,2.28,1.12,12.24,0.7,8.38,58.97,3.49,48.32,4.89,70.0
189,337671,La Liga,24/25,Real Betis,Nabil Fekir,Midfielder,6.9,0.0,0.34,1.0,3.5,0.5,2.0,0.0,0.0,0.0,0.0,0.0,0.0,0.0,0.0,0.0,0.0,0.0,0.0,0.0,0.0,0.0,0.0,0.0,1.5,0.0,0.0,0,0.5,0.0,0.0,0.0,0.0,0.5,0.5,0.5,0.0,3.0,36.0,31.0,5.0,86.11,9.5,24.0,13.5,2.5,50.0,1.0,100.0,2,2,180,0.0,0.0,1.5,3.5,15.0,3.0,5.0,38.46,5.0,41.67,0.0,0.0
190,787751,La Liga,24/25,Atlético Madrid,Robin Le Normand,Defender,6.9,0.04,0.06,0.08,0.46,0.13,0.21,9.09,0.08,50.0,0.04,0.0,0.04,0.0,0.0,0.0,0.13,0.0,0.0,0.0,0.0,0.0,0.0,0.0,1.13,0.42,4.97,0,0.33,0.0,0.04,0.04,0.0,0.5,0.08,0.0,0.0,0.17,54.01,48.91,5.1,90.56,36.37,12.54,2.47,0.0,0.0,1.5,37.5,27,24,2153,0.33,0.0,1.46,1.0,6.1,0.25,4.47,54.87,2.22,52.48,2.26,57.45
191,32023,La Liga,24/25,Celta Vigo,Vicente Guaita,Goalkeeper,6.9,0.0,0.0,0.0,0.0,0.0,0.0,0.0,0.0,0.0,0.0,0.0,0.0,0.0,0.0,0.0,0.0,0.0,0.0,0.0,0.0,0.0,0.0,0.0,0.0,0.0,1.24,0,0.0,0.09,0.0,0.0,0.0,0.24,0.0,0.0,0.0,0.0,22.79,17.76,5.03,77.94,16.53,1.24,0.29,0.0,0.0,2.82,36.64,34,34,3060,0.0,0.0,0.0,0.15,5.24,0.03,0.44,93.75,0.15,83.33,0.29,100.0
192,1468090,La Liga,24/25,Celta Vigo,Alfon González,Forward,6.9,0.33,0.3,0.26,3.02,1.38,0.66,10.87,1.64,44.64,0.26,0.07,0.0,0.07,0.26,0.0,0.39,0.07,0.0,0.0,0.0,0.0,0.0,0.0,0.52,0.33,0.2,0,0.52,0.0,0.07,0.0,0.0,0.07,0.26,0.13,0.0,1.57,21.71,16.73,4.99,77.04,3.94,13.12,8.2,0.33,12.5,0.2,21.43,26,14,1372,0.07,0.07,0.98,2.03,13.19,1.31,4.4,43.51,4.2,46.72,0.2,17.65
193,875890,La Liga,24/25,Sevilla,Chidera Ejuke,Forward,6.9,0.19,0.1,0.09,1.86,0.74,0.93,10.0,4.37,58.75,0.19,0.0,0.0,0.0,0.19,0.0,0.37,0.0,0.0,0.0,0.0,0.0,0.0,0.0,1.76,0.46,0.74,0,1.02,0.0,0.0,0.0,0.0,0.0,0.19,0.09,0.0,1.95,38.08,32.04,6.04,84.15,10.77,21.83,12.07,0.56,27.27,2.04,78.57,25,9,969,0.0,0.0,0.56,1.49,17.09,2.04,7.99,51.5,7.62,53.25,0.37,30.77
194,936234,La Liga,24/25,Leganés,Juan Cruz,Midfielder,6.9,0.2,0.1,0.0,1.31,0.56,0.44,15.15,1.59,55.56,0.12,0.08,0.0,0.2,0.0,0.04,0.28,0.0,0.0,0.0,0.0,0.0,0.04,0.0,1.27,0.52,1.03,0,0.75,0.0,0.0,0.0,0.0,0.12,0.4,0.16,0.0,0.99,22.17,16.53,5.64,74.55,5.48,11.92,6.52,0.87,23.91,0.68,35.42,34,26,2265,0.08,0.0,0.56,0.91,13.19,0.95,4.37,50.93,3.77,52.2,0.6,44.12
195,135116,La Liga,24/25,Girona FC,David López,Defender,6.9,0.04,0.03,0.04,0.44,0.11,0.19,8.33,0.22,75.0,0.04,0.0,0.0,0.04,0.0,0.0,0.04,0.0,0.0,0.0,0.0,0.0,0.0,0.0,1.19,0.52,4.08,0,0.48,0.04,0.04,0.04,0.0,0.3,0.04,0.04,0.0,0.15,75.07,69.32,5.74,92.35,45.13,24.2,6.89,0.0,0.0,3.15,51.52,29,27,2429,0.15,0.0,0.44,0.56,6.74,0.26,3.08,56.85,1.89,60.0,1.19,52.46
196,1003007,La Liga,24/25,Sevilla,Tanguy Nianzou,Defender,6.9,0.0,0.03,0.0,0.35,0.0,0.35,0.0,0.52,100.0,0.0,0.0,0.0,0.0,0.0,0.0,0.0,0.0,0.0,0.0,0.0,0.0,0.0,0.0,1.21,1.39,4.51,0,0.17,0.0,0.0,0.0,0.17,0.35,0.0,0.0,0.0,0.0,54.45,49.42,5.03,90.76,39.19,10.23,1.73,0.0,0.0,1.04,40.0,6,6,519,0.17,0.17,1.73,0.87,5.55,0.0,5.55,71.11,2.43,58.33,3.12,85.71
197,826004,La Liga,24/25,Mallorca,Manu Morlanes,Midfielder,6.9,0.0,0.04,0.0,0.74,0.07,0.4,0.0,0.2,37.5,0.0,0.0,0.0,0.0,0.0,0.0,0.0,0.0,0.0,0.0,0.0,0.0,0.0,0.0,2.96,1.61,1.07,0,0.81,0.0,0.0,0.0,0.0,0.0,0.0,0.0,0.0,0.67,46.68,41.84,4.84,89.64,18.81,23.24,11.22,0.2,37.5,1.61,57.14,23,15,1340,0.47,0.0,1.01,0.87,6.85,0.67,4.7,54.69,3.96,58.42,0.74,40.74
198,1521733,La Liga,24/25,Girona FC,Vladyslav Krapyvtsov,Goalkeeper,6.9,0.0,0.0,0.0,0.0,0.0,0.0,0.0,0.0,0.0,0.0,0.0,0.0,0.0,0.0,0.0,0.0,0.0,0.0,0.0,0.0,0.0,0.0,0.0,0.0,0.0,1.0,0,0.0,0.5,0.0,0.0,0.0,0.0,0.0,0.0,0.0,0.0,28.5,20.0,8.5,70.18,16.0,4.0,0.5,0.0,0.0,6.5,46.43,2,2,180,0.0,0.0,0.0,0.0,8.5,0.0,0.0,0.0,0.0,0.0,0.0,0.0
199,52663,La Liga,24/25,Athletic Club,Óscar de Marcos,Defender,6.9,0.0,0.06,0.11,0.46,0.11,0.29,0.0,0.23,26.67,0.0,0.0,0.0,0.0,0.0,0.0,0.06,0.0,0.0,0.0,0.0,0.0,0.0,0.0,1.83,0.91,1.77,0,0.91,0.0,0.0,0.0,0.0,0.34,0.34,0.23,0.0,1.09,43.4,34.42,8.98,79.31,16.18,19.21,10.12,0.97,30.91,2.74,50.53,26,17,1574,0.0,0.0,0.91,0.29,13.67,0.4,2.8,44.55,2.34,45.56,0.46,40.0
200,991591,La Liga,24/25,Real Valladolid,Karl Hein,Goalkeeper,6.89,0.0,0.0,0.0,0.0,0.0,0.0,0.0,0.0,0.0,0.0,0.0,0.0,0.0,0.0,0.0,0.0,0.0,0.0,0.0,0.0,0.0,0.0,0.0,0.0,0.0,0.74,0,0.06,0.03,0.03,0.0,0.0,0.16,0.0,0.0,0.0,0.0,33.19,23.29,9.9,70.17,19.23,4.06,1.68,0.0,0.0,6.13,38.62,31,31,2790,0.0,0.0,0.0,0.06,10.16,0.0,0.29,81.82,0.03,33.33,0.26,100.0
201,930997,La Liga,24/25,Valencia,Giorgi Mamardashvili,Goalkeeper,6.89,0.0,0.0,0.0,0.0,0.0,0.0,0.0,0.0,0.0,0.0,0.0,0.0,0.0,0.0,0.0,0.0,0.0,0.0,0.0,0.0,0.0,0.0,0.0,0.06,0.03,0.82,0,0.03,0.09,0.0,0.03,0.0,0.24,0.0,0.0,0.0,0.06,27.76,17.74,10.03,63.88,14.18,3.56,1.06,0.0,0.0,5.03,33.73,34,34,3060,0.06,0.0,0.03,0.18,10.24,0.0,0.35,75.0,0.15,71.43,0.21,77.78
202,996928,La Liga,24/25,Valencia,César Tárrega,Defender,6.89,0.06,0.06,0.03,0.59,0.21,0.24,10.0,0.33,84.62,0.06,0.0,0.03,0.0,0.03,0.03,0.0,0.0,0.0,0.0,0.0,0.0,0.0,0.0,1.49,0.65,6.48,0,0.36,0.03,0.03,0.06,0.06,0.24,0.0,0.0,0.0,0.09,50.13,42.46,7.67,84.7,30.89,11.57,2.71,0.0,0.0,2.56,39.27,34,34,3027,0.21,0.0,1.67,0.45,8.53,0.12,4.85,54.52,2.2,50.34,2.65,58.55
203,856250,La Liga,24/25,Girona FC,Ladislav Krejčí,Defender,6.89,0.07,0.06,0.04,0.66,0.18,0.33,11.11,0.26,63.64,0.04,0.04,0.0,0.07,0.0,0.0,0.0,0.04,0.0,0.0,0.0,0.0,0.0,0.0,0.85,1.25,3.32,0,0.44,0.07,0.11,0.0,0.04,0.11,0.0,0.0,0.04,0.33,77.86,70.44,7.42,90.47,46.86,23.69,7.23,0.11,27.27,2.8,45.78,28,27,2439,0.37,0.0,0.89,0.63,8.78,0.3,3.76,58.96,1.73,50.54,2.03,68.75
204,846147,La Liga,24/25,Rayo Vallecano,Abdul Mumin,Defender,6.89,0.09,0.03,0.04,0.45,0.18,0.27,20.0,0.22,55.56,0.09,0.0,0.04,0.04,0.0,0.0,0.0,0.0,0.0,0.0,0.0,0.0,0.0,0.0,1.65,1.02,5.44,0,0.45,0.0,0.0,0.0,0.0,0.22,0.0,0.04,0.0,0.04,47.9,40.05,7.84,83.63,31.23,8.82,2.18,0.0,0.0,2.23,31.45,24,24,2020,0.27,0.04,0.98,0.53,9.36,0.22,3.79,56.67,2.36,57.61,1.43,55.17
205,1154587,La Liga,24/25,Getafe,Álvaro Rodriguez,Forward,6.89,0.21,0.13,0.11,2.64,1.06,0.95,8.0,1.69,51.61,0.21,0.0,0.11,0.11,0.0,0.11,0.63,0.0,0.0,0.0,0.0,0.0,0.0,0.0,1.06,0.32,1.27,0,0.53,0.0,0.0,0.0,0.0,0.0,0.11,0.0,0.0,0.53,24.19,11.51,12.68,47.6,2.11,9.51,4.65,0.11,20.0,0.0,0.0,22,7,852,0.63,0.0,3.17,2.01,21.34,2.11,15.74,49.5,4.65,40.37,11.09,54.69
206,1526627,La Liga,24/25,Celta Vigo,Javi Rodríguez,Defender,6.89,0.11,0.08,0.14,0.43,0.18,0.21,25.0,0.36,52.63,0.11,0.0,0.0,0.0,0.11,0.0,0.0,0.0,0.0,0.0,0.0,0.0,0.0,0.0,1.9,1.18,2.94,0,0.5,0.04,0.04,0.0,0.0,0.18,0.07,0.07,0.0,0.47,58.66,50.93,7.74,86.81,30.41,20.59,7.45,0.07,50.0,2.51,46.05,36,26,2513,0.25,0.0,1.33,0.79,9.45,0.18,4.48,55.8,2.94,56.16,1.54,55.13
207,842419,La Liga,24/25,Leganés,Valentin Rosier,Defender,6.89,0.03,0.03,0.03,0.49,0.14,0.21,7.14,0.8,53.49,0.03,0.0,0.0,0.0,0.03,0.0,0.28,0.0,0.0,0.0,0.0,0.0,0.0,0.0,2.5,1.81,4.55,0,0.87,0.0,0.07,0.0,0.0,0.21,0.03,0.07,0.0,0.38,33.16,26.74,6.42,80.63,14.06,12.85,5.59,0.17,12.82,1.28,31.09,32,28,2592,0.28,0.0,1.53,0.62,11.22,0.73,4.83,52.45,3.89,50.91,0.94,60.0
208,53739,La Liga,24/25,Villarreal,Kiko Femenía,Defender,6.89,0.0,0.01,0.04,0.12,0.0,0.08,0.0,0.69,73.91,0.0,0.0,0.0,0.0,0.0,0.0,0.04,0.0,0.0,0.0,0.0,0.0,0.0,0.0,2.02,1.62,2.22,0,0.97,0.0,0.12,0.0,0.0,0.12,0.12,0.04,0.0,0.65,50.63,45.79,4.85,90.43,26.29,20.19,9.57,0.69,36.17,1.74,60.56,28,27,2229,0.28,0.0,0.85,0.52,8.28,0.4,3.43,54.14,3.19,56.83,0.24,33.33
209,1092769,La Liga,24/25,Girona FC,Yáser Asprilla,Midfielder,6.89,0.19,0.13,0.13,2.42,0.7,0.89,7.89,1.84,53.7,0.06,0.13,0.0,0.19,0.0,0.06,0.06,0.0,0.0,0.0,0.0,0.0,0.13,0.0,1.4,0.45,0.38,0,0.95,0.0,0.06,0.06,0.0,0.0,0.32,0.06,0.13,1.65,34.6,27.92,6.68,80.7,8.52,20.8,11.96,1.4,23.66,1.84,67.44,27,15,1415,0.13,0.0,0.76,1.46,17.3,1.08,4.96,52.0,4.64,51.41,0.32,62.5
210,835485,La Liga,24/25,Real Madrid,Brahim Díaz,Midfielder,6.89,0.26,0.35,0.45,1.79,1.09,0.32,14.29,1.54,55.81,0.26,0.0,0.0,0.19,0.06,0.19,0.06,0.0,0.0,0.0,0.0,0.0,0.0,0.0,1.6,0.26,0.13,0,0.77,0.06,0.0,0.0,0.0,0.26,0.26,0.13,0.0,1.47,40.87,36.13,4.74,88.4,10.44,25.75,13.13,0.06,12.5,0.58,56.25,31,16,1405,0.0,0.0,0.9,2.18,11.4,1.73,5.51,50.29,5.32,53.9,0.19,17.65
211,949156,La Liga,24/25,Real Sociedad,Luka Sučić,Midfielder,6.89,0.05,0.16,0.2,2.14,0.55,0.7,2.33,1.24,51.02,0.0,0.05,0.0,0.05,0.0,0.15,0.15,0.0,0.0,0.0,0.0,0.0,0.05,0.0,1.24,0.75,0.75,0,0.8,0.05,0.0,0.0,0.0,0.25,0.35,0.05,0.0,1.24,42.59,35.98,6.61,84.48,15.21,20.87,9.49,0.1,11.11,1.59,57.14,29,21,1811,0.2,0.0,0.55,0.75,11.48,0.8,4.52,49.73,3.23,49.24,1.29,50.98
212,1110006,La Liga,24/25,Las Palmas,Dário Essugo,Midfielder,6.89,0.05,0.03,0.0,1.06,0.18,0.55,4.35,0.55,70.59,0.0,0.05,0.0,0.0,0.05,0.0,0.0,0.0,0.0,0.0,0.0,0.0,0.0,0.0,2.72,1.94,1.94,0,0.83,0.0,0.32,0.05,0.0,0.09,0.0,0.0,0.0,0.6,43.66,37.39,6.27,85.64,21.02,16.37,6.82,0.0,0.0,2.03,55.0,27,25,1952,0.32,0.09,1.71,1.38,9.27,0.97,6.04,53.69,4.66,55.49,1.38,48.39
213,866810,La Liga,24/25,Athletic Club,Andoni Gorosabel,Defender,6.89,0.0,0.02,0.06,0.12,0.06,0.06,0.0,0.42,50.0,0.0,0.0,0.0,0.0,0.0,0.0,0.06,0.0,0.0,0.0,0.0,0.0,0.0,0.0,2.84,1.09,3.45,0,0.91,0.0,0.0,0.0,0.0,0.24,0.24,0.12,0.0,0.91,40.07,33.55,6.53,83.71,16.92,17.35,8.16,0.73,29.27,0.6,31.25,20,17,1489,0.3,0.0,1.45,0.24,11.3,0.85,4.71,47.85,3.51,50.43,1.21,41.67
214,1884145,La Liga,24/25,Getafe,Christantus Uche,Forward,6.89,0.14,0.13,0.07,1.8,0.5,0.76,8.0,1.15,39.51,0.14,0.0,0.04,0.0,0.11,0.04,0.68,0.0,0.0,0.0,0.0,0.0,0.0,0.0,1.26,0.36,0.72,0,0.4,0.0,0.0,0.0,0.0,0.11,0.25,0.22,0.0,1.04,20.37,13.75,6.62,67.49,3.45,10.47,6.98,0.18,22.73,0.25,24.14,33,30,2501,0.22,0.07,1.98,2.45,16.01,2.41,8.13,42.97,4.82,43.79,3.31,41.82
215,84539,La Liga,24/25,Atlético Madrid,Koke,Midfielder,6.88,0.05,0.05,0.05,0.51,0.19,0.14,9.09,0.42,45.0,0.05,0.0,0.0,0.0,0.05,0.0,0.0,0.0,0.0,0.0,0.0,0.0,0.0,0.0,2.15,0.93,1.31,0,1.03,0.0,0.09,0.0,0.05,0.23,0.09,0.05,0.0,0.75,74.87,66.74,8.13,89.15,32.69,34.42,14.76,0.37,36.36,2.99,52.89,32,20,1927,0.19,0.0,1.07,0.75,10.74,0.37,3.69,52.32,3.27,53.03,0.42,47.37
216,1088565,La Liga,24/25,Getafe,Ramón Terrats,Midfielder,6.88,0.26,0.14,0.13,1.38,0.59,0.52,19.05,1.7,50.98,0.2,0.07,0.0,0.2,0.07,0.0,0.26,0.0,0.0,0.0,0.0,0.0,0.07,0.0,1.51,0.66,1.11,0,1.44,0.0,0.0,0.0,0.0,0.13,0.26,0.07,0.0,1.11,25.15,18.41,6.75,73.18,6.35,12.51,7.27,0.46,17.5,1.18,35.29,26,16,1374,0.13,0.0,0.98,1.57,14.28,0.92,5.9,50.0,4.65,48.63,1.24,55.88
217,916654,La Liga,24/25,Las Palmas,Manuel Fuster,Midfielder,6.88,0.18,0.06,0.0,1.59,0.62,0.71,11.11,0.44,35.71,0.09,0.09,0.0,0.0,0.18,0.0,0.09,0.0,0.0,0.0,0.0,0.0,0.0,0.0,1.68,0.35,1.15,0,1.15,0.0,0.0,0.0,0.0,0.0,0.18,0.09,0.0,2.48,47.83,40.04,7.8,83.7,13.11,28.17,15.5,1.24,20.9,2.83,64.0,28,8,1016,0.18,0.0,1.06,3.28,16.92,1.42,5.67,50.79,5.31,55.05,0.35,23.53
218,909119,La Liga,24/25,Valencia,Hugo Duro,Forward,6.88,0.46,0.39,0.46,2.03,0.75,0.83,22.45,0.29,35.0,0.46,0.0,0.12,0.25,0.08,0.0,0.29,0.08,0.04,0.04,100.0,0.0,0.04,0.0,0.54,0.41,0.41,0,0.33,0.0,0.0,0.04,0.04,0.08,0.08,0.08,0.0,0.58,17.36,12.22,5.14,70.41,4.85,7.38,3.73,0.0,0.0,0.17,33.33,31,25,2172,0.21,0.0,1.57,2.07,9.78,1.33,5.39,40.88,2.86,45.1,2.53,36.97
219,50539,La Liga,24/25,Real Betis,Adrián,Goalkeeper,6.88,0.0,0.0,0.0,0.0,0.0,0.0,0.0,0.0,0.0,0.0,0.0,0.0,0.0,0.0,0.0,0.0,0.0,0.0,0.0,0.0,0.0,0.0,0.0,0.0,0.0,1.58,0,0.16,0.11,0.05,0.0,0.0,0.16,0.0,0.0,0.0,0.0,27.63,20.26,7.37,73.33,18.37,1.89,0.53,0.0,0.0,5.16,41.88,19,19,1710,0.16,0.0,0.0,0.21,7.68,0.0,0.32,60.0,0.11,40.0,0.21,80.0
220,831253,La Liga,24/25,Deportivo Alavés,Toni Martínez,Forward,6.88,0.36,0.34,0.36,4.09,1.33,1.95,8.7,0.8,64.29,0.18,0.18,0.0,0.09,0.27,0.27,0.71,0.0,0.0,0.0,0.0,0.0,0.0,0.0,1.07,0.09,1.33,0,0.36,0.0,0.0,0.09,0.0,0.0,0.0,0.0,0.0,0.98,20.35,12.26,8.08,60.26,3.73,8.62,4.8,0.09,14.29,0.0,0.0,28,9,1013,0.09,0.0,1.51,1.15,14.04,0.98,10.04,52.07,3.02,52.31,7.02,51.97
221,1015240,La Liga,24/25,Sevilla,José Ángel Carmona,Defender,6.88,0.0,0.02,0.0,0.58,0.12,0.34,0.0,0.58,43.18,0.0,0.0,0.0,0.0,0.0,0.03,0.03,0.0,0.0,0.0,0.0,0.0,0.0,0.0,2.53,2.07,2.56,0,1.1,0.0,0.09,0.0,0.0,0.27,0.12,0.0,0.0,0.58,43.84,35.98,7.86,82.07,20.75,15.54,6.25,0.3,24.39,1.19,37.86,35,35,2954,0.34,0.0,1.49,1.31,13.34,0.55,5.42,55.11,4.39,53.53,1.04,62.96
222,913695,La Liga,24/25,Mallorca,José Copete,Defender,6.88,0.0,0.03,0.06,0.35,0.12,0.18,0.0,0.23,100.0,0.0,0.0,0.0,0.0,0.0,0.0,0.0,0.0,0.0,0.0,0.0,0.0,0.0,0.0,1.7,1.0,7.03,0,0.06,0.0,0.12,0.0,0.0,0.18,0.0,0.0,0.0,0.0,44.39,37.36,7.03,84.17,26.23,11.13,2.75,0.0,0.0,3.22,49.11,25,16,1537,0.35,0.0,1.58,0.76,8.02,0.12,4.22,61.02,2.64,60.0,1.58,62.79
223,877978,La Liga,24/25,Las Palmas,Andy Pelmard,Defender,6.88,0.0,0.0,0.0,0.44,0.0,0.0,0.0,0.44,100.0,0.0,0.0,0.0,0.0,0.0,0.0,0.0,0.0,0.0,0.0,0.0,0.0,0.0,0.0,2.2,0.88,7.46,0,0.44,0.0,0.0,0.0,0.0,0.0,0.0,0.0,0.0,0.44,43.02,38.2,4.83,88.78,21.51,16.68,8.78,0.0,0.0,2.2,45.45,4,2,205,0.44,0.0,0.88,1.32,8.78,0.0,4.39,71.43,3.95,75.0,0.44,50.0
224,1392592,La Liga,24/25,Espanyol,Roberto Fernández,Forward,6.88,0.36,0.21,0.06,1.25,0.54,0.36,28.57,0.66,40.74,0.36,0.0,0.06,0.0,0.3,0.0,0.54,0.06,0.0,0.0,0.0,0.0,0.0,0.0,0.24,0.18,1.55,0,0.3,0.0,0.0,0.0,0.0,0.06,0.06,0.0,0.0,0.48,15.35,11.17,4.18,72.76,5.37,5.79,2.99,0.0,0.0,0.12,33.33,19,18,1507,0.06,0.0,1.67,1.49,9.56,0.96,4.42,38.74,2.27,37.62,2.15,40.0
225,872919,La Liga,24/25,Sevilla,Rubén Vargas,Midfielder,6.88,0.27,0.26,0.4,2.26,0.66,0.93,11.76,1.6,42.86,0.27,0.0,0.0,0.0,0.27,0.13,0.4,0.0,0.0,0.0,0.0,0.0,0.0,0.0,0.93,0.4,1.33,0,0.66,0.0,0.0,0.0,0.0,0.0,0.13,0.13,0.0,1.73,26.72,19.68,7.05,73.63,6.91,14.22,8.64,1.46,29.73,1.06,42.11,11,9,677,0.0,0.0,1.46,1.2,18.21,0.8,4.65,44.87,3.72,43.08,0.93,53.85
226,794927,La Liga,24/25,Girona FC,Arthur,Midfielder,6.87,0.0,0.02,0.0,0.57,0.1,0.19,0.0,0.77,72.73,0.0,0.0,0.0,0.0,0.0,0.0,0.0,0.0,0.0,0.0,0.0,0.0,0.1,0.0,2.39,0.77,1.05,0,1.24,0.0,0.1,0.0,0.0,0.1,0.0,0.0,0.0,0.48,68.0,63.51,4.5,93.39,27.45,36.15,14.25,0.1,14.29,2.77,72.5,15,10,941,0.19,0.0,1.53,2.58,7.46,0.86,5.74,57.69,5.74,59.41,0.0,0.0
227,904970,La Liga,24/25,Atlético Madrid,Conor Gallagher,Midfielder,6.87,0.16,0.15,0.11,1.21,0.22,0.71,13.64,0.93,48.57,0.11,0.05,0.05,0.0,0.11,0.0,0.05,0.05,0.0,0.0,0.0,0.0,0.0,0.0,2.47,1.1,0.99,0,1.48,0.0,0.0,0.0,0.0,0.16,0.05,0.16,0.05,0.71,44.7,38.7,5.99,86.59,17.15,21.66,9.4,0.11,15.38,0.93,48.57,32,19,1637,0.11,0.0,1.76,2.14,10.61,1.26,6.05,48.67,5.55,51.79,0.49,29.03
228,891511,La Liga,24/25,Espanyol,Javi Puado,Midfielder,6.87,0.36,0.35,0.36,2.14,0.72,1.05,16.9,0.63,37.5,0.33,0.03,0.06,0.06,0.24,0.03,0.18,0.03,0.15,0.15,100.0,0.0,0.0,0.0,0.66,0.15,0.54,0,0.36,0.0,0.0,0.0,0.0,0.09,0.15,0.12,0.0,0.66,19.28,15.34,3.95,79.53,6.42,9.07,5.48,0.15,18.52,0.63,51.22,35,35,2987,0.21,0.0,0.66,0.81,9.22,0.99,2.38,37.8,2.11,41.18,0.27,23.08
229,1002764,La Liga,24/25,Celta Vigo,Sergio Carreira,Midfielder,6.86,0.0,0.03,0.05,0.71,0.16,0.22,0.0,0.76,51.85,0.0,0.0,0.0,0.0,0.0,0.0,0.16,0.0,0.0,0.0,0.0,0.0,0.0,0.0,1.52,0.92,1.58,0,0.65,0.0,0.0,0.0,0.0,0.16,0.22,0.22,0.0,0.87,38.46,30.2,8.26,78.53,13.52,17.27,9.29,0.6,26.83,1.63,44.78,23,19,1657,0.05,0.0,1.03,0.38,14.07,0.76,2.82,42.28,2.66,46.23,0.16,17.65
230,911853,La Liga,24/25,Villarreal,Logan Costa,Defender,6.86,0.07,0.02,0.0,0.42,0.17,0.24,16.67,0.0,0.0,0.07,0.0,0.07,0.0,0.0,0.0,0.07,0.03,0.0,0.0,0.0,0.0,0.0,0.0,1.32,0.73,3.79,0,0.17,0.0,0.07,0.07,0.0,0.21,0.0,0.03,0.0,0.14,53.3,46.86,6.44,87.92,32.41,14.45,5.22,0.0,0.0,3.69,52.48,32,28,2585,0.07,0.0,0.66,0.1,6.93,0.0,3.03,58.0,1.43,64.06,1.6,53.49
231,98440,La Liga,24/25,Leganés,Matija Nastasić,Defender,6.86,0.04,0.0,0.0,0.09,0.04,0.04,50.0,0.04,100.0,0.04,0.0,0.04,0.0,0.0,0.0,0.09,0.04,0.0,0.0,0.0,0.0,0.0,0.0,1.07,0.89,6.99,0,0.34,0.0,0.0,0.09,0.0,0.21,0.0,0.0,0.0,0.09,36.09,29.91,6.18,82.88,21.95,7.97,2.0,0.0,0.0,2.13,35.97,26,24,2112,0.13,0.0,0.64,0.34,6.52,0.0,3.11,64.6,1.45,60.71,1.66,68.42
232,988351,La Liga,24/25,Mallorca,Samú Costa,Midfielder,6.86,0.0,0.06,0.1,1.02,0.27,0.47,0.0,0.44,44.83,0.0,0.0,0.0,0.0,0.0,0.0,0.07,0.0,0.0,0.0,0.0,0.0,0.03,0.0,2.98,1.12,2.78,0,1.49,0.0,0.03,0.0,0.0,0.2,0.1,0.07,0.0,0.51,47.88,39.07,8.82,81.59,19.84,19.43,7.87,0.2,30.0,2.54,53.96,32,31,2654,0.27,0.03,2.1,2.14,12.61,1.19,7.87,54.46,5.46,51.11,2.41,63.96
233,913679,La Liga,24/25,Rayo Vallecano,Pathé Ismaël Ciss,Midfielder,6.86,0.17,0.08,0.04,0.88,0.25,0.42,19.05,0.58,63.64,0.17,0.0,0.08,0.04,0.04,0.0,0.0,0.0,0.0,0.0,0.0,0.0,0.0,0.0,2.04,1.67,2.42,0,0.88,0.0,0.13,0.08,0.0,0.17,0.08,0.04,0.0,0.67,48.46,41.5,6.96,85.63,22.85,18.64,7.84,0.0,0.0,2.46,56.73,33,25,2158,0.5,0.0,1.88,1.04,9.38,0.83,5.67,52.71,3.63,48.6,2.04,62.03
234,785989,La Liga,24/25,Celta Vigo,Borja Iglesias,Forward,6.85,0.5,0.43,0.45,2.09,1.27,0.5,23.91,0.5,37.93,0.5,0.0,0.05,0.14,0.32,0.0,0.64,0.09,0.0,0.0,0.0,0.0,0.0,0.0,0.45,0.32,0.45,0,0.5,0.0,0.0,0.0,0.0,0.0,0.27,0.14,0.05,0.86,21.51,15.64,5.87,72.73,6.82,8.82,5.0,0.0,0.0,0.82,69.23,37,24,1979,0.09,0.0,1.82,1.55,11.64,1.46,3.14,35.03,2.5,35.26,0.64,34.15
235,605672,La Liga,24/25,Athletic Club,Gorka Guruzeta,Forward,6.85,0.34,0.32,0.44,2.87,0.93,1.46,11.86,0.54,55.0,0.29,0.05,0.1,0.05,0.19,0.0,0.34,0.0,0.0,0.0,0.0,0.0,0.0,0.0,0.78,0.44,1.02,0,1.17,0.0,0.0,0.0,0.0,0.1,0.1,0.1,0.0,0.73,19.49,14.42,5.07,74.0,6.04,8.38,4.04,0.0,0.0,0.68,58.33,36,21,1847,0.1,0.0,1.95,1.02,9.26,0.97,4.09,34.57,2.34,34.78,1.75,34.29
236,1015287,La Liga,24/25,Real Betis,Natan,Defender,6.85,0.04,0.01,0.0,0.37,0.16,0.04,11.11,0.08,100.0,0.04,0.0,0.04,0.0,0.0,0.0,0.0,0.0,0.0,0.0,0.0,0.0,0.0,0.0,1.44,1.11,5.02,0,0.16,0.08,0.0,0.0,0.0,0.16,0.08,0.04,0.0,0.21,51.35,45.68,5.67,88.95,34.33,11.39,2.75,0.04,50.0,2.34,48.72,31,23,2189,0.21,0.04,0.78,0.53,6.83,0.33,4.73,65.34,1.97,62.34,2.75,67.68
237,910024,La Liga,24/25,Rayo Vallecano,Sergio Camello,Forward,6.85,0.24,0.32,0.32,2.53,0.71,1.11,9.38,1.03,61.9,0.24,0.0,0.0,0.16,0.08,0.0,0.16,0.0,0.0,0.0,0.0,0.0,0.0,0.0,0.71,0.32,1.27,0,0.16,0.0,0.0,0.0,0.0,0.0,0.4,0.16,0.0,1.5,20.01,16.13,3.88,80.63,5.06,11.15,6.41,0.08,16.67,0.24,75.0,23,14,1138,0.16,0.0,0.87,0.79,10.2,1.82,3.4,38.05,2.53,42.11,0.87,29.73
238,107414,La Liga,24/25,Rayo Vallecano,James Rodríguez,Midfielder,6.85,0.0,0.18,0.0,2.52,1.26,0.0,0.0,3.15,71.43,0.0,0.0,0.0,0.0,0.0,0.0,1.89,0.0,0.0,0.0,0.0,0.0,0.0,0.0,1.89,0.63,0.0,0,1.26,0.0,0.0,0.0,0.0,0.0,0.0,0.0,0.0,1.26,52.24,46.57,5.66,89.16,16.99,30.84,17.62,1.26,15.38,5.66,90.0,6,1,143,0.63,0.0,1.26,0.63,16.99,0.0,6.92,55.0,5.66,60.0,1.26,40.0
239,901892,La Liga,24/25,Sevilla,Albert Sambi Lokonga,Midfielder,6.85,0.0,0.06,0.0,0.79,0.31,0.31,0.0,0.24,50.0,0.0,0.0,0.0,0.0,0.0,0.0,0.0,0.0,0.0,0.0,0.0,0.0,0.0,0.0,1.34,0.55,1.4,0,0.24,0.0,0.18,0.0,0.0,0.18,0.06,0.12,0.0,1.16,54.1,48.48,5.62,89.62,24.67,23.81,10.38,0.0,0.0,2.32,61.29,22,16,1474,0.24,0.0,1.34,1.28,8.0,0.79,4.58,56.82,2.87,52.22,1.71,66.67
240,377234,La Liga,24/25,Leganés,Sergio González,Defender,6.85,0.06,0.04,0.09,0.39,0.15,0.15,15.38,0.12,100.0,0.06,0.0,0.06,0.0,0.0,0.0,0.21,0.03,0.0,0.0,0.0,0.0,0.0,0.0,1.21,1.18,5.53,0,0.43,0.06,0.0,0.03,0.03,0.27,0.03,0.0,0.0,0.15,45.84,38.58,7.26,84.16,28.83,9.75,2.04,0.0,0.0,3.07,41.22,36,33,2963,0.03,0.03,0.91,0.36,7.78,0.06,3.64,54.05,1.7,56.0,1.94,52.46
241,825133,La Liga,24/25,Atlético Madrid,Javi Galán,Defender,6.85,0.0,0.01,0.0,0.45,0.0,0.35,0.0,1.41,42.42,0.0,0.0,0.0,0.0,0.0,0.05,0.2,0.0,0.0,0.0,0.0,0.0,0.0,0.0,2.56,0.6,2.11,0,1.21,0.0,0.0,0.05,0.0,0.25,0.4,0.15,0.0,0.75,40.22,34.34,5.88,85.38,18.2,16.99,8.04,0.85,29.82,1.16,46.94,25,21,1790,0.4,0.0,1.91,1.76,12.92,0.75,6.99,50.92,5.73,51.35,1.26,49.02
242,1144630,La Liga,24/25,Valencia,Cristhian Mosquera,Defender,6.85,0.03,0.01,0.0,0.14,0.05,0.05,20.0,0.14,55.56,0.03,0.0,0.0,0.03,0.0,0.0,0.0,0.0,0.0,0.0,0.0,0.0,0.0,0.0,1.52,0.95,3.33,0,0.24,0.03,0.08,0.08,0.0,0.22,0.0,0.0,0.0,0.0,54.14,49.39,4.74,91.24,34.13,15.29,4.45,0.03,50.0,1.98,56.59,37,37,3320,0.16,0.0,0.38,0.7,6.18,0.27,3.47,59.53,2.33,70.49,1.14,45.16
243,949707,La Liga,24/25,Getafe,Juan Iglesias,Defender,6.85,0.0,0.05,0.06,0.65,0.09,0.34,0.0,0.4,44.83,0.0,0.0,0.0,0.0,0.0,0.0,0.03,0.0,0.0,0.0,0.0,0.0,0.0,0.0,2.52,1.56,3.89,0,1.37,0.0,0.03,0.0,0.0,0.22,0.22,0.03,0.0,0.62,24.42,14.77,9.66,60.46,5.76,9.56,4.7,0.56,21.43,1.68,29.83,37,32,2889,0.12,0.0,1.4,1.28,18.26,0.47,5.3,52.15,4.17,53.17,1.12,48.65
244,928672,La Liga,24/25,Sevilla,Adrià Pedrosa,Defender,6.85,0.04,0.04,0.0,0.94,0.31,0.43,4.17,0.66,48.57,0.0,0.04,0.0,0.04,0.0,0.0,0.12,0.0,0.0,0.0,0.0,0.0,0.0,0.0,2.19,0.94,2.74,0,0.9,0.0,0.0,0.0,0.0,0.2,0.16,0.04,0.0,0.82,34.78,27.32,7.46,78.54,15.32,12.78,6.06,0.78,20.62,1.37,28.0,31,27,2303,0.27,0.0,1.49,0.74,15.16,0.59,4.03,45.78,3.6,49.46,0.43,28.21
245,1031499,La Liga,24/25,Las Palmas,Viti Rozada,Defender,6.85,0.0,0.0,0.0,0.14,0.09,0.05,0.0,0.41,56.25,0.0,0.0,0.0,0.0,0.0,0.0,0.0,0.0,0.0,0.0,0.0,0.0,0.0,0.0,3.22,1.22,2.36,0,0.63,0.0,0.0,0.0,0.0,0.05,0.09,0.09,0.0,0.54,31.4,26.42,4.98,84.13,15.41,11.51,4.49,0.5,24.44,1.27,43.08,29,23,1986,0.23,0.0,1.27,1.4,10.11,0.27,5.85,64.18,5.03,67.68,0.82,48.65
246,353154,La Liga,24/25,Las Palmas,Javier Muñoz,Midfielder,6.85,0.03,0.04,0.03,0.87,0.21,0.49,4.0,0.73,61.76,0.03,0.0,0.0,0.0,0.03,0.0,0.07,0.0,0.0,0.0,0.0,0.0,0.0,0.0,1.56,1.08,1.11,0,1.04,0.0,0.1,0.0,0.0,0.07,0.14,0.1,0.03,1.04,37.36,29.81,7.54,79.81,12.58,17.79,8.2,0.56,31.37,2.02,47.93,35,28,2590,0.21,0.0,1.04,0.9,11.12,0.52,3.72,48.42,3.2,51.11,0.52,36.59
247,186795,La Liga,24/25,FC Barcelona,Andreas Christensen,Defender,6.84,0.0,0.01,0.0,0.36,0.0,0.36,0.0,0.0,0.0,0.0,0.0,0.0,0.0,0.0,0.0,0.0,0.0,0.0,0.0,0.0,0.0,0.0,0.0,2.14,1.43,2.86,0,0.0,0.0,0.0,0.0,0.0,0.0,0.0,0.0,0.0,0.36,78.57,72.14,6.43,91.82,32.86,39.29,11.07,0.0,0.0,0.71,33.33,5,2,252,1.07,0.0,1.79,0.0,6.79,0.0,6.07,68.0,2.14,66.67,3.93,68.75
248,595576,La Liga,24/25,Celta Vigo,Jonathan Bamba,Forward,6.84,0.0,0.09,0.11,1.44,0.66,0.55,0.0,1.66,44.12,0.0,0.0,0.0,0.0,0.0,0.0,0.44,0.0,0.0,0.0,0.0,0.0,0.0,0.0,1.33,0.55,0.55,0,0.77,0.0,0.0,0.0,0.0,0.0,0.33,0.11,0.0,1.33,35.93,29.74,6.19,82.77,10.5,20.12,9.51,0.88,32.0,0.66,50.0,12,10,814,0.11,0.0,0.77,1.88,14.26,1.44,5.42,47.12,4.75,48.86,0.66,37.5
249,576276,La Liga,24/25,Getafe,Domingos Duarte,Defender,6.84,0.05,0.01,0.0,0.14,0.05,0.05,33.33,0.0,0.0,0.05,0.0,0.05,0.0,0.0,0.0,0.0,0.0,0.0,0.0,0.0,0.0,0.0,0.0,1.35,0.87,7.27,0,0.19,0.0,0.05,0.1,0.0,0.19,0.0,0.0,0.0,0.1,30.29,23.84,6.45,78.7,16.42,7.42,2.26,0.0,0.0,2.84,43.38,22,21,1869,0.1,0.1,1.16,0.63,6.74,0.1,3.32,58.97,1.97,59.42,1.35,58.33
250,588566,La Liga,24/25,Rayo Vallecano,Unai López,Midfielder,6.84,0.16,0.08,0.0,1.36,0.57,0.42,11.54,0.78,78.95,0.1,0.05,0.05,0.0,0.1,0.0,0.05,0.0,0.0,0.0,0.0,0.0,0.05,0.0,1.62,1.1,1.04,0,0.99,0.0,0.0,0.0,0.0,0.0,0.0,0.05,0.0,0.99,62.03,53.32,8.71,85.95,28.12,25.57,12.37,0.37,21.21,2.92,41.48,32,23,1725,0.47,0.05,0.94,1.1,12.73,0.99,4.02,49.68,3.5,52.76,0.52,35.71
251,869931,La Liga,24/25,Leganés,Yvan Neyou,Midfielder,6.84,0.04,0.02,0.0,0.62,0.12,0.43,6.25,0.74,52.78,0.04,0.0,0.0,0.0,0.04,0.04,0.0,0.0,0.0,0.0,0.0,0.0,0.0,0.0,2.06,1.01,1.4,0,0.93,0.04,0.0,0.0,0.0,0.16,0.04,0.04,0.0,0.5,42.69,37.61,5.08,88.1,19.93,17.76,6.94,0.08,13.33,1.67,62.32,30,27,2321,0.54,0.0,1.28,1.94,8.53,0.81,5.58,56.03,4.69,56.28,0.89,54.76
252,835484,La Liga,24/25,Celta Vigo,Fran Beltrán,Midfielder,6.84,0.07,0.04,0.0,0.85,0.15,0.45,8.7,0.37,55.56,0.0,0.07,0.0,0.0,0.07,0.0,0.0,0.0,0.0,0.0,0.0,0.0,0.0,0.0,1.85,0.96,1.22,0,1.19,0.04,0.11,0.04,0.0,0.11,0.15,0.04,0.04,0.59,54.57,48.56,6.01,88.99,23.85,24.78,9.65,0.07,40.0,2.86,64.17,34,29,2426,0.11,0.0,1.26,0.45,8.31,0.82,3.38,42.92,2.63,43.29,0.74,41.67
253,959872,La Liga,24/25,Athletic Club,Aitor Paredes,Defender,6.84,0.15,0.11,0.0,0.3,0.15,0.15,50.0,0.0,0.0,0.15,0.0,0.1,0.05,0.0,0.1,0.0,0.0,0.0,0.0,0.0,0.0,0.0,0.0,0.74,1.09,5.56,0,0.35,0.05,0.15,0.05,0.0,0.15,0.0,0.0,0.0,0.1,46.84,39.15,7.69,83.58,27.04,12.11,2.28,0.0,0.0,3.67,43.02,23,21,1814,0.1,0.05,1.14,0.3,8.29,0.05,2.53,45.54,0.99,38.46,1.54,51.67
254,1002347,La Liga,24/25,Girona FC,Alejandro Francés,Defender,6.84,0.0,0.02,0.0,0.46,0.0,0.08,0.0,0.53,53.85,0.0,0.0,0.0,0.0,0.0,0.0,0.08,0.0,0.0,0.0,0.0,0.0,0.0,0.0,2.74,1.29,3.58,0,0.91,0.0,0.0,0.0,0.0,0.08,0.08,0.0,0.0,0.3,52.54,44.77,7.77,85.22,25.13,19.95,7.84,0.3,16.0,2.66,42.68,18,13,1182,0.15,0.0,1.52,1.07,10.89,0.08,4.8,54.78,4.26,58.95,0.53,35.0
255,32048,La Liga,24/25,Girona FC,Cristhian Stuani,Forward,6.83,0.93,0.7,0.34,2.87,1.6,0.93,32.35,0.17,50.0,0.93,0.0,0.17,0.0,0.76,0.0,0.93,0.0,0.25,0.25,100.0,0.0,0.0,0.0,0.76,0.59,0.93,0,0.25,0.0,0.0,0.0,0.0,0.0,0.0,0.17,0.0,0.51,12.72,8.93,3.79,70.2,4.3,4.63,2.53,0.0,0.0,0.17,28.57,32,6,1068,0.34,0.0,2.95,0.59,6.74,0.59,3.37,39.22,1.52,29.51,1.85,53.66
256,827064,La Liga,24/25,Girona FC,Arnaut Danjuma,Forward,6.83,0.23,0.26,0.23,2.09,0.99,0.87,11.11,1.4,38.1,0.23,0.0,0.0,0.06,0.17,0.0,0.99,0.0,0.0,0.0,0.0,0.0,0.06,0.0,0.58,0.12,0.12,0,0.35,0.0,0.0,0.06,0.0,0.0,0.17,0.0,0.0,1.34,22.27,18.2,4.07,81.72,5.41,14.07,8.72,1.28,28.95,0.76,68.42,28,18,1548,0.17,0.0,0.99,0.99,12.85,0.64,3.14,41.54,2.97,41.13,0.17,50.0
257,857178,La Liga,24/25,Real Valladolid,Kike Pérez,Midfielder,6.83,0.15,0.15,0.15,1.5,0.38,0.68,10.0,0.6,40.0,0.15,0.0,0.0,0.08,0.08,0.0,0.08,0.0,0.0,0.0,0.0,0.0,0.08,0.0,2.78,0.53,1.28,0,0.83,0.0,0.0,0.0,0.0,0.0,0.15,0.0,0.0,1.28,39.14,32.15,6.99,82.15,17.13,15.63,7.51,0.6,24.24,2.55,56.67,19,14,1198,0.45,0.0,2.4,1.58,13.15,0.98,5.86,48.45,4.88,48.87,0.98,46.43
258,68332,La Liga,24/25,Sevilla,Nemanja Gudelj,Midfielder,6.83,0.04,0.06,0.0,0.83,0.22,0.43,4.35,0.22,75.0,0.04,0.0,0.0,0.0,0.04,0.0,0.0,0.0,0.04,0.04,100.0,0.0,0.22,0.0,1.52,0.97,3.28,0,0.51,0.04,0.0,0.0,0.0,0.18,0.0,0.04,0.0,0.51,48.16,42.6,5.56,88.46,29.18,13.82,5.05,0.4,35.48,1.66,41.07,31,27,2495,0.22,0.0,0.94,0.51,7.32,0.11,3.9,60.67,2.24,59.05,1.66,63.01
259,944165,La Liga,24/25,Mallorca,Robert Navarro,Midfielder,6.83,0.07,0.14,0.35,1.26,0.42,0.56,5.56,2.45,61.4,0.07,0.0,0.0,0.0,0.07,0.07,0.14,0.0,0.0,0.0,0.0,0.0,0.0,0.0,2.1,1.33,0.56,0,0.7,0.0,0.0,0.0,0.0,0.0,0.28,0.0,0.0,0.91,30.37,24.28,6.09,79.95,7.56,17.08,10.22,0.35,17.24,0.77,45.83,23,15,1286,0.21,0.0,0.98,1.47,15.75,2.38,6.37,50.56,6.02,51.81,0.35,35.71
260,352376,La Liga,24/25,Leganés,Renato Tapia,Midfielder,6.83,0.04,0.02,0.04,0.52,0.22,0.26,7.14,0.7,57.58,0.0,0.04,0.0,0.0,0.04,0.04,0.0,0.0,0.0,0.0,0.0,0.0,0.0,0.0,2.26,1.0,2.96,0,0.96,0.0,0.07,0.0,0.0,0.11,0.0,0.0,0.0,0.3,38.51,30.63,7.88,79.54,17.5,13.13,5.25,0.0,0.0,2.26,39.61,34,28,2433,0.3,0.0,1.41,1.26,10.95,0.55,5.4,56.37,4.22,56.44,1.18,56.14
261,980383,La Liga,24/25,Real Valladolid,Raúl Moro,Midfielder,6.83,0.15,0.16,0.27,1.76,0.61,0.54,8.7,2.19,44.88,0.12,0.04,0.04,0.0,0.12,0.08,0.46,0.0,0.0,0.0,0.0,0.0,0.0,0.0,0.84,0.38,0.73,0,0.73,0.0,0.04,0.0,0.0,0.08,0.31,0.19,0.0,1.69,23.44,17.07,6.37,72.83,6.41,12.28,6.94,1.61,28.19,1.53,62.5,33,26,2346,0.08,0.0,0.15,0.61,16.0,0.38,3.95,46.61,3.64,48.22,0.31,33.33
262,929975,La Liga,24/25,Real Betis,Francisco Vieites,Goalkeeper,6.83,0.0,0.01,0.0,0.25,0.25,0.0,0.0,0.0,0.0,0.0,0.0,0.0,0.0,0.0,0.0,0.0,0.0,0.0,0.0,0.0,0.0,0.0,0.0,0.0,0.0,0.5,0,0.0,0.0,0.0,0.0,0.0,0.0,0.0,0.0,0.0,0.0,25.75,15.0,10.75,58.25,13.0,2.0,0.5,0.0,0.0,4.5,29.51,4,4,360,0.0,0.0,0.0,0.5,10.75,0.0,0.75,100.0,0.25,100.0,0.5,100.0
263,1010655,La Liga,24/25,Sevilla,Juanlu Sánchez,Midfielder,6.83,0.21,0.11,0.16,0.68,0.31,0.26,30.77,0.57,40.74,0.21,0.0,0.0,0.05,0.16,0.05,0.05,0.0,0.0,0.0,0.0,0.0,0.0,0.0,2.6,0.88,0.73,0,1.25,0.0,0.0,0.0,0.0,0.05,0.21,0.21,0.0,1.3,31.2,26.62,4.58,85.33,11.18,15.81,8.89,0.36,17.5,0.26,31.25,32,18,1731,0.21,0.05,0.94,0.62,9.51,0.62,4.78,51.11,3.69,50.71,1.09,52.5
264,361790,La Liga,24/25,Girona FC,Donny van de Beek,Midfielder,6.83,0.13,0.1,0.0,1.13,0.31,0.31,11.11,0.38,46.15,0.06,0.06,0.0,0.06,0.06,0.0,0.19,0.0,0.0,0.0,0.0,0.0,0.0,0.0,1.82,0.63,0.75,0,0.81,0.0,0.0,0.0,0.0,0.0,0.25,0.13,0.0,1.13,27.29,22.84,4.44,83.72,8.64,14.21,9.14,0.0,0.0,0.69,68.75,26,16,1438,0.31,0.0,1.38,0.5,7.32,0.94,3.32,44.54,2.69,43.0,0.63,52.63
265,831799,La Liga,24/25,Atlético Madrid,Nahuel Molina,Defender,6.83,0.0,0.05,0.11,0.51,0.06,0.4,0.0,0.85,53.57,0.0,0.0,0.0,0.0,0.0,0.0,0.23,0.0,0.0,0.0,0.0,0.0,0.0,0.0,2.5,0.74,2.5,0,1.42,0.0,0.0,0.0,0.0,0.28,0.17,0.17,0.0,0.74,55.05,45.43,9.62,82.52,23.91,22.14,9.96,0.63,20.0,1.76,43.06,30,17,1581,0.06,0.0,0.74,0.46,15.71,0.17,4.38,53.85,3.81,55.37,0.57,45.45
266,1606792,La Liga,24/25,Real Valladolid,Abdulay Juma Bah,Defender,6.83,0.0,0.03,0.0,0.31,0.1,0.21,0.0,0.31,75.0,0.0,0.0,0.0,0.0,0.0,0.0,0.0,0.0,0.0,0.0,0.0,0.0,0.0,0.0,1.03,1.24,6.08,0,0.21,0.0,0.0,0.0,0.0,0.1,0.0,0.0,0.0,0.1,41.75,34.02,7.73,81.48,28.14,5.88,1.75,0.0,0.0,2.37,34.85,12,10,873,0.1,0.0,0.62,0.62,8.87,0.52,5.15,64.94,1.96,57.58,3.2,70.45
267,67769,La Liga,24/25,Real Betis,Ricardo Rodríguez,Defender,6.83,0.0,0.01,0.0,0.35,0.07,0.14,0.0,0.28,57.14,0.0,0.0,0.0,0.0,0.0,0.07,0.0,0.0,0.0,0.0,0.0,0.0,0.14,0.0,2.04,0.56,3.16,0,0.63,0.0,0.0,0.0,0.0,0.21,0.0,0.07,0.0,0.49,43.1,36.77,6.33,85.32,17.72,19.48,9.28,0.42,40.0,1.12,41.03,18,15,1280,0.0,0.0,0.84,0.42,10.12,0.21,4.64,60.0,2.74,59.09,1.9,61.36
268,1116388,La Liga,24/25,Real Sociedad,Jon Aramburu,Defender,6.83,0.04,0.02,0.0,0.4,0.11,0.18,9.09,0.29,23.53,0.04,0.0,0.0,0.04,0.0,0.0,0.11,0.0,0.0,0.0,0.0,0.0,0.0,0.0,3.72,1.09,3.31,0,1.24,0.0,0.0,0.04,0.0,0.29,0.04,0.04,0.0,0.55,43.82,35.4,8.41,80.8,17.66,18.03,6.74,0.29,17.78,1.09,35.71,35,28,2471,0.29,0.0,1.82,1.53,14.64,0.44,6.99,55.49,5.54,56.51,1.46,51.95
269,1006489,La Liga,24/25,Sevilla,Loïc Badé,Defender,6.83,0.03,0.02,0.03,0.44,0.13,0.27,7.69,0.57,89.47,0.0,0.03,0.0,0.0,0.03,0.03,0.0,0.0,0.0,0.0,0.0,0.0,0.0,0.0,1.57,0.97,5.36,0,0.27,0.0,0.07,0.03,0.0,0.27,0.03,0.03,0.0,0.13,60.29,52.12,8.17,86.44,40.46,11.66,3.82,0.0,0.0,4.05,45.83,32,31,2687,0.23,0.03,0.87,0.33,9.61,0.27,4.66,65.26,2.48,62.71,2.18,68.42
270,789381,La Liga,24/25,Real Betis,Chimy Ávila,Forward,6.82,0.26,0.24,0.0,2.62,1.31,0.79,10.0,0.66,50.0,0.13,0.13,0.0,0.13,0.13,0.13,0.66,0.0,0.0,0.0,0.0,0.0,0.0,0.0,1.05,0.26,1.05,0,0.79,0.0,0.0,0.0,0.0,0.0,0.66,0.0,0.13,2.23,25.81,19.65,6.16,76.14,7.21,13.36,6.42,0.92,24.14,1.44,57.89,19,6,687,0.66,0.13,1.7,2.36,14.02,0.92,4.85,48.68,3.93,49.18,0.92,46.67
271,792073,La Liga,24/25,Real Madrid,Ferland Mendy,Defender,6.82,0.0,0.0,0.0,0.0,0.0,0.0,0.0,0.27,50.0,0.0,0.0,0.0,0.0,0.0,0.0,0.0,0.0,0.0,0.0,0.0,0.0,0.0,0.0,1.52,0.8,0.54,0,0.27,0.0,0.09,0.0,0.0,0.27,0.09,0.09,0.0,0.27,53.54,50.5,3.04,94.32,23.15,27.35,11.71,0.0,0.0,1.7,79.17,14,12,1007,0.09,0.09,0.45,0.63,5.72,0.8,2.77,58.49,2.41,57.45,0.36,66.67
272,273227,La Liga,24/25,Las Palmas,Álex Muñoz,Defender,6.82,0.19,0.05,0.0,0.57,0.31,0.19,33.33,0.13,25.0,0.19,0.0,0.06,0.06,0.06,0.0,0.13,0.0,0.0,0.0,0.0,0.0,0.0,0.0,2.45,1.01,3.9,0,1.07,0.0,0.0,0.06,0.0,0.06,0.0,0.0,0.0,0.44,39.52,32.54,6.99,82.32,20.08,13.03,4.22,0.57,33.33,1.13,35.29,21,18,1430,0.19,0.0,1.89,0.88,11.08,0.06,4.97,51.3,3.4,50.47,1.57,53.19
273,352544,La Liga,24/25,Real Sociedad,Sheraldo Becker,Forward,6.82,0.18,0.18,0.27,1.99,1.18,0.45,9.09,0.36,50.0,0.18,0.0,0.0,0.0,0.18,0.18,0.81,0.0,0.0,0.0,0.0,0.0,0.0,0.0,0.27,0.09,0.91,0,0.18,0.0,0.0,0.0,0.0,0.09,0.36,0.09,0.0,0.72,22.09,17.02,5.07,77.05,4.89,12.86,7.42,0.72,12.5,0.72,57.14,22,11,994,0.09,0.09,0.72,1.36,12.49,0.36,2.63,46.03,1.99,56.41,0.63,29.17
274,1184317,La Liga,24/25,Valencia,Yarek Gasiorowski,Defender,6.82,0.0,0.1,0.19,0.28,0.0,0.28,0.0,0.0,0.0,0.0,0.0,0.0,0.0,0.0,0.0,0.0,0.0,0.0,0.0,0.0,0.0,0.0,0.0,1.88,2.45,5.28,0,0.38,0.0,0.0,0.0,0.0,0.09,0.0,0.0,0.0,0.28,43.63,35.62,8.01,81.64,23.56,12.16,4.71,0.09,33.33,2.83,44.12,15,9,955,0.09,0.0,0.47,0.19,9.05,0.0,4.34,67.65,2.07,70.97,2.26,64.86
275,845385,La Liga,24/25,Real Sociedad,Brais Méndez,Midfielder,6.82,0.17,0.21,0.29,1.63,0.52,0.76,10.71,0.81,31.11,0.17,0.0,0.0,0.12,0.06,0.0,0.52,0.0,0.0,0.0,0.0,0.0,0.23,0.0,1.4,0.41,0.87,0,0.87,0.0,0.06,0.0,0.0,0.12,0.12,0.12,0.0,1.34,43.28,35.66,7.62,82.39,12.74,23.56,12.22,0.64,21.15,1.45,55.56,27,19,1547,0.23,0.0,2.39,2.62,16.64,1.98,5.88,40.89,4.77,41.41,1.11,38.78
276,96373,La Liga,24/25,Las Palmas,José Campaña,Midfielder,6.82,0.0,0.01,0.0,0.37,0.22,0.07,0.0,0.6,50.0,0.0,0.0,0.0,0.0,0.0,0.0,0.0,0.0,0.0,0.0,0.0,0.0,0.15,0.0,1.57,1.42,1.42,0,0.67,0.0,0.15,0.07,0.0,0.0,0.15,0.22,0.0,1.05,59.23,51.61,7.62,87.14,24.8,27.49,10.83,0.67,26.47,3.88,70.27,25,15,1205,0.37,0.0,0.52,1.49,12.85,1.12,4.78,59.81,3.51,54.65,1.27,80.95
277,900669,La Liga,24/25,Rayo Vallecano,Pedro Díaz,Midfielder,6.82,0.22,0.17,0.22,2.36,0.59,1.03,9.38,1.48,60.61,0.0,0.22,0.0,0.0,0.22,0.07,0.0,0.0,0.07,0.0,0.0,0.0,0.07,0.0,1.7,0.52,0.37,0,1.99,0.0,0.07,0.0,0.0,0.0,0.22,0.0,0.0,1.92,38.21,32.16,6.05,84.17,12.47,20.43,12.1,0.74,23.81,1.33,43.9,26,12,1220,0.15,0.0,0.52,0.44,12.25,0.59,3.98,46.96,3.61,48.04,0.37,38.46
278,1398524,La Liga,24/25,Celta Vigo,Pablo Durán,Forward,6.81,0.26,0.24,0.19,1.66,0.64,0.7,15.38,0.77,30.0,0.13,0.13,0.0,0.0,0.26,0.13,0.45,0.0,0.0,0.0,0.0,0.0,0.0,0.0,1.08,0.51,1.15,0,0.7,0.0,0.0,0.0,0.0,0.0,0.26,0.26,0.0,1.08,23.79,17.54,6.25,73.73,6.19,11.55,6.7,0.19,16.67,0.77,48.0,27,15,1411,0.19,0.0,2.04,1.15,13.27,1.28,3.83,33.15,2.81,33.08,1.02,33.33
279,367228,La Liga,24/25,Las Palmas,Oli McBurnie,Forward,6.81,0.15,0.23,0.44,1.55,0.63,0.73,9.38,0.77,47.06,0.15,0.0,0.05,0.05,0.05,0.1,0.44,0.0,0.0,0.0,0.0,0.0,0.0,0.0,0.73,0.29,1.16,0,0.34,0.0,0.0,0.0,0.0,0.0,0.29,0.29,0.0,1.16,19.83,13.06,6.77,65.85,5.42,7.69,4.35,0.05,50.0,0.15,42.86,34,20,1861,0.15,0.0,1.55,0.92,10.69,1.02,6.63,44.63,2.37,40.5,4.26,47.31
280,893062,La Liga,24/25,Real Betis,Aitor Ruibal,Defender,6.81,0.07,0.06,0.07,1.1,0.27,0.48,6.25,0.96,51.85,0.0,0.07,0.0,0.0,0.07,0.0,0.14,0.0,0.0,0.0,0.0,0.0,0.0,0.0,2.2,0.96,2.4,0,1.51,0.0,0.07,0.0,0.0,0.0,0.34,0.21,0.0,1.44,33.89,28.74,5.14,84.82,11.52,17.7,9.74,0.48,21.88,1.37,40.0,29,13,1312,0.34,0.0,0.69,1.23,12.07,1.1,4.87,48.97,4.39,51.2,0.48,35.0
281,823622,La Liga,24/25,Real Sociedad,Mikel Oyarzabal,Forward,6.81,0.36,0.41,0.4,1.71,0.72,0.68,20.93,0.36,50.0,0.36,0.0,0.04,0.28,0.04,0.08,0.72,0.04,0.16,0.16,100.0,0.0,0.0,0.0,0.99,0.16,0.52,0,0.52,0.0,0.0,0.0,0.0,0.08,0.16,0.12,0.0,0.6,19.5,14.48,5.01,74.29,5.81,8.79,4.85,0.12,30.0,0.24,40.0,35,28,2262,0.16,0.04,0.56,0.88,9.51,1.19,3.5,38.94,2.19,46.22,1.31,30.84
282,1513451,La Liga,24/25,Las Palmas,Juanma Herzog,Defender,6.81,0.0,0.06,0.07,0.81,0.14,0.54,0.0,0.0,0.0,0.0,0.0,0.0,0.0,0.0,0.0,0.0,0.0,0.0,0.0,0.0,0.0,0.0,0.0,0.81,1.22,5.82,0,0.47,0.0,0.0,0.0,0.0,0.07,0.0,0.0,0.0,0.0,43.24,37.69,5.55,87.17,31.13,6.56,1.35,0.0,0.0,1.76,41.94,19,15,1330,0.07,0.0,0.41,0.47,6.16,0.0,4.26,61.76,1.22,58.06,3.05,63.38
283,826679,La Liga,24/25,Espanyol,Álvaro Tejero,Defender,6.81,0.07,0.04,0.0,1.22,0.29,0.79,5.88,0.21,23.08,0.0,0.07,0.0,0.0,0.07,0.0,0.07,0.0,0.0,0.0,0.0,0.07,0.43,16.67,1.0,0.93,2.0,0,1.15,0.07,0.0,0.0,0.0,0.14,0.43,0.29,0.0,2.36,32.0,25.49,6.52,79.64,10.81,17.33,7.37,2.65,32.74,1.58,37.93,28,13,1257,0.14,0.0,1.0,1.36,14.75,0.43,3.29,44.23,2.43,42.5,0.86,50.0
284,362014,La Liga,24/25,Real Sociedad,Hamari Traoré,Defender,6.81,0.0,0.01,0.13,0.13,0.0,0.0,0.0,0.76,60.0,0.0,0.0,0.0,0.0,0.0,0.0,0.0,0.0,0.0,0.0,0.0,0.0,0.0,0.0,2.42,1.15,2.55,0,0.89,0.0,0.0,0.0,0.0,0.0,0.13,0.13,0.0,0.38,47.68,41.69,5.99,87.43,23.58,18.36,7.78,0.25,22.22,2.17,60.71,11,9,706,0.25,0.0,1.53,0.38,11.47,0.13,4.72,53.62,3.57,56.0,1.15,47.37
285,1094827,La Liga,24/25,FC Barcelona,Gerard Martín,Defender,6.81,0.09,0.04,0.0,0.6,0.17,0.26,14.29,0.34,36.36,0.09,0.0,0.0,0.09,0.0,0.0,0.0,0.0,0.0,0.0,0.0,0.0,0.0,0.0,1.89,1.12,2.33,0,0.43,0.0,0.0,0.0,0.0,0.09,0.17,0.26,0.0,1.03,56.58,48.14,8.44,85.08,18.0,30.66,13.95,0.52,16.67,1.21,43.75,28,11,1045,0.17,0.0,1.21,0.78,13.18,0.34,4.22,57.65,3.01,53.85,1.21,70.0
286,1154935,La Liga,24/25,Celta Vigo,Hugo Álvarez,Midfielder,6.81,0.23,0.14,0.17,1.43,0.52,0.4,16.0,1.83,45.71,0.23,0.0,0.0,0.06,0.17,0.0,0.17,0.0,0.0,0.0,0.0,0.0,0.06,0.0,1.49,0.46,1.09,0,0.52,0.0,0.06,0.06,0.0,0.0,0.11,0.17,0.11,1.09,48.78,38.64,10.15,79.2,14.5,24.48,12.44,0.34,19.35,1.03,43.9,26,16,1570,0.34,0.0,1.43,0.92,17.2,0.69,4.59,45.45,4.13,46.15,0.46,40.0
287,88625,La Liga,24/25,FC Barcelona,Marc-André Ter Stegen,Goalkeeper,6.81,0.0,0.0,0.0,0.0,0.0,0.0,0.0,0.0,0.0,0.0,0.0,0.0,0.0,0.0,0.0,0.0,0.0,0.0,0.0,0.0,0.0,0.0,0.0,0.0,0.0,0.67,0,0.13,0.0,0.27,0.0,0.0,0.13,0.0,0.0,0.0,0.0,28.13,25.73,2.4,91.47,23.6,2.13,0.13,0.0,0.0,3.6,62.79,8,8,675,0.0,0.0,0.0,0.27,2.4,0.0,0.4,75.0,0.13,50.0,0.27,100.0
288,1216080,La Liga,24/25,Celta Vigo,Damián Rodríguez,Midfielder,6.81,0.0,0.01,0.0,0.38,0.0,0.0,0.0,0.0,0.0,0.0,0.0,0.0,0.0,0.0,0.0,0.0,0.0,0.0,0.0,0.0,0.0,0.0,0.0,1.33,0.67,1.14,0,0.95,0.0,0.0,0.0,0.0,0.1,0.1,0.0,0.0,1.62,74.56,68.36,6.2,91.69,29.08,40.14,17.07,0.86,30.0,3.05,69.57,17,10,944,0.29,0.0,1.24,0.86,9.53,0.57,2.19,39.66,2.19,42.59,0.0,0.0
289,1012444,La Liga,24/25,Las Palmas,Alberto Moleiro,Midfielder,6.81,0.2,0.18,0.17,2.24,0.79,0.76,8.82,2.11,45.07,0.2,0.0,0.03,0.07,0.1,0.07,0.07,0.0,0.0,0.0,0.0,0.0,0.0,0.0,0.89,0.59,0.2,0,0.99,0.0,0.0,0.0,0.0,0.03,0.2,0.03,0.0,1.35,32.77,27.33,5.45,83.38,8.81,18.78,11.09,0.26,25.0,0.66,50.0,35,32,2727,0.17,0.0,1.02,1.32,13.47,1.58,4.49,39.42,4.32,41.32,0.17,17.86
290,962883,La Liga,24/25,FC Barcelona,Ansu Fati,Forward,6.8,0.0,0.37,0.38,4.58,1.91,1.14,0.0,1.91,50.0,0.0,0.0,0.0,0.0,0.0,0.38,0.76,0.0,0.0,0.0,0.0,0.0,0.0,0.0,1.53,0.38,0.0,0,0.38,0.0,0.38,0.0,0.0,0.0,0.0,0.0,0.0,1.53,46.91,39.66,7.25,84.55,8.39,31.27,19.45,0.0,0.0,0.0,0.0,6,3,236,0.38,0.0,0.76,0.76,15.25,1.53,4.96,40.63,4.19,47.83,0.76,22.22
291,1402927,La Liga,24/25,Atlético Madrid,Adrián Niño,Forward,6.8,0.0,1.55,0.0,16.36,0.0,16.36,0.0,0.0,0.0,0.0,0.0,0.0,0.0,0.0,0.0,0.0,0.0,0.0,0.0,0.0,0.0,0.0,0.0,0.0,0.0,0.0,0,0.0,0.0,0.0,0.0,0.0,0.0,0.0,0.0,0.0,0.0,0.0,0.0,0.0,0.0,0.0,0.0,0.0,0.0,0.0,0.0,0.0,1,0,11,0.0,0.0,0.0,0.0,0.0,0.0,0.0,0.0,0.0,0.0,0.0,0.0
292,1031567,La Liga,24/25,FC Barcelona,Pau Víctor,Forward,6.8,0.54,0.81,1.08,3.78,2.16,0.81,14.29,1.89,58.33,0.27,0.27,0.0,0.27,0.27,0.0,0.0,0.0,0.0,0.0,0.0,0.0,0.0,0.0,0.81,0.54,1.08,0,0.81,0.0,0.0,0.0,0.0,0.0,0.27,0.27,0.0,2.16,31.62,26.22,5.41,82.91,8.38,17.84,9.19,0.0,0.0,0.54,66.67,21,2,333,0.54,0.0,1.89,0.81,11.62,2.16,4.32,40.0,3.51,36.11,0.81,75.0
293,954317,La Liga,24/25,Espanyol,Naci Ünüvar,Forward,6.8,0.0,0.16,0.0,3.1,0.0,3.1,0.0,0.0,0.0,0.0,0.0,0.0,0.0,0.0,0.0,3.1,0.0,0.0,0.0,0.0,0.0,0.0,0.0,6.21,0.0,0.0,0,3.1,0.0,0.0,0.0,0.0,0.0,0.0,0.0,0.0,3.1,49.66,37.24,12.41,75.0,15.52,24.83,18.62,3.1,50.0,3.1,33.33,2,0,29,0.0,0.0,0.0,3.1,18.62,0.0,9.31,60.0,9.31,60.0,0.0,0.0
294,1120669,La Liga,24/25,Celta Vigo,Hugo Sotelo,Midfielder,6.8,0.0,0.01,0.0,0.28,0.0,0.14,0.0,0.57,47.06,0.0,0.0,0.0,0.0,0.0,0.0,0.07,0.0,0.0,0.0,0.0,0.0,0.0,0.0,1.99,0.35,0.57,0,1.28,0.0,0.07,0.0,0.0,0.07,0.28,0.0,0.0,1.35,68.58,60.78,7.8,88.62,27.52,34.33,14.61,1.06,30.0,4.61,59.09,24,15,1269,0.35,0.0,1.35,0.64,12.62,0.85,3.33,40.87,3.19,43.69,0.14,16.67
295,1119702,La Liga,24/25,Girona FC,Ferrán Ruiz,Defender,6.8,0.0,0.0,0.0,0.0,0.0,0.0,0.0,0.0,0.0,0.0,0.0,0.0,0.0,0.0,0.0,0.0,0.0,0.0,0.0,0.0,0.0,0.0,0.0,0.0,5.29,0.0,0,0.0,0.0,0.0,0.0,0.0,0.0,0.0,0.0,0.0,0.0,31.76,15.88,15.88,50.0,5.29,10.59,0.0,0.0,0.0,0.0,0.0,1,0,17,0.0,0.0,0.0,0.0,21.18,0.0,0.0,0.0,0.0,0.0,0.0,0.0
296,1539149,La Liga,24/25,Real Sociedad,Luken Beitia,Defender,6.8,0.0,0.0,0.0,0.0,0.0,0.0,0.0,0.0,0.0,0.0,0.0,0.0,0.0,0.0,0.0,0.0,0.0,0.0,0.0,0.0,0.0,0.0,0.0,7.5,0.0,15.0,0,0.0,0.0,0.0,0.0,0.0,0.0,0.0,0.0,0.0,0.0,37.5,37.5,0.0,100.0,30.0,7.5,0.0,0.0,0.0,7.5,100.0,1,0,12,0.0,0.0,0.0,0.0,0.0,0.0,15.0,100.0,7.5,100.0,7.5,100.0
297,1139724,La Liga,24/25,Rayo Vallecano,Pelayo Fernández,Defender,6.8,0.0,0.0,0.0,0.0,0.0,0.0,0.0,0.0,0.0,0.0,0.0,0.0,0.0,0.0,0.0,0.0,0.0,0.0,0.0,0.0,0.0,0.0,0.0,0.0,1.73,6.92,0,0.0,0.0,0.0,0.0,0.0,0.87,0.0,0.0,0.0,0.0,24.23,20.77,3.46,85.71,17.31,3.46,1.73,0.0,0.0,2.6,100.0,2,1,104,0.87,0.0,1.73,0.0,4.33,0.87,2.6,33.33,0.0,0.0,2.6,50.0
298,979146,La Liga,24/25,Las Palmas,Mika Mármol,Defender,6.8,0.0,0.02,0.0,0.37,0.0,0.19,0.0,0.26,46.67,0.0,0.0,0.0,0.0,0.0,0.0,0.11,0.0,0.0,0.0,0.0,0.0,0.0,0.0,2.28,1.42,4.26,0,0.67,0.0,0.07,0.04,0.0,0.11,0.04,0.04,0.0,0.6,46.46,36.88,9.58,79.39,20.27,16.98,7.0,0.37,17.54,2.69,34.95,30,27,2406,0.19,0.0,1.23,0.3,15.41,0.19,3.89,55.03,2.84,54.68,1.05,56.0
299,848980,La Liga,24/25,Celta Vigo,Iván Villar,Goalkeeper,6.8,0.0,0.0,0.0,0.0,0.0,0.0,0.0,0.0,0.0,0.0,0.0,0.0,0.0,0.0,0.0,0.0,0.0,0.0,0.0,0.0,0.0,0.0,0.0,0.0,0.0,1.25,0,0.0,0.0,0.0,0.0,0.0,0.0,0.0,0.0,0.0,0.0,25.5,20.0,5.5,78.43,19.25,0.75,0.0,0.0,0.0,1.25,20.0,4,4,360,0.0,0.0,0.0,0.0,5.5,0.0,0.25,50.0,0.0,0.0,0.25,50.0
300,548848,La Liga,24/25,Girona FC,Pau López,Goalkeeper,6.8,0.0,0.0,0.0,0.0,0.0,0.0,0.0,0.0,0.0,0.0,0.0,0.0,0.0,0.0,0.0,0.0,0.0,0.0,0.0,0.0,0.0,0.0,0.0,0.0,0.0,2.0,0,0.0,0.0,0.0,0.0,0.0,0.0,0.0,0.0,0.0,0.0,44.0,32.0,12.0,72.73,24.0,8.0,4.0,0.0,0.0,8.0,40.0,1,0,45,0.0,0.0,0.0,2.0,12.0,0.0,2.0,100.0,0.0,0.0,2.0,100.0
301,1064009,La Liga,24/25,Espanyol,Urko González,Midfielder,6.8,0.0,0.03,0.06,0.25,0.13,0.06,0.0,0.38,37.5,0.0,0.0,0.0,0.0,0.0,0.0,0.06,0.0,0.0,0.0,0.0,0.0,0.0,0.0,2.91,0.51,2.27,0,1.01,0.06,0.0,0.06,0.0,0.25,0.06,0.13,0.0,0.63,27.98,21.73,6.25,77.65,11.18,10.55,4.8,0.0,0.0,1.26,57.14,18,17,1425,0.19,0.0,1.01,0.69,9.35,0.88,5.24,53.21,3.92,52.54,1.33,55.26
302,129861,La Liga,24/25,Girona FC,Juanpe,Defender,6.8,0.0,0.01,0.0,0.24,0.0,0.24,0.0,0.0,0.0,0.0,0.0,0.0,0.0,0.0,0.0,0.0,0.0,0.0,0.0,0.0,0.0,0.12,0.0,0.97,0.97,6.82,0,0.24,0.0,0.12,0.0,0.0,0.24,0.0,0.0,0.0,0.37,69.91,61.14,8.77,87.46,43.48,17.66,4.75,0.0,0.0,5.12,52.5,12,8,739,0.24,0.0,0.49,0.24,9.5,0.12,4.26,68.63,1.22,62.5,3.04,71.43
303,111803,La Liga,24/25,Real Betis,Youssouf Sabaly,Defender,6.8,0.0,0.01,0.0,0.28,0.0,0.23,0.0,0.45,44.44,0.0,0.0,0.0,0.0,0.0,0.06,0.06,0.0,0.0,0.0,0.0,0.0,0.0,0.0,2.27,0.74,2.04,0,0.45,0.0,0.0,0.0,0.0,0.11,0.0,0.06,0.0,0.62,44.58,39.36,5.21,88.31,20.45,19.31,8.72,0.4,22.58,0.68,35.29,22,20,1589,0.06,0.0,1.02,0.68,10.31,0.68,3.91,53.49,3.4,56.07,0.51,40.91
304,998950,La Liga,24/25,Valencia,Diego López,Midfielder,6.79,0.26,0.22,0.2,1.43,0.46,0.55,18.18,0.75,31.08,0.23,0.03,0.03,0.03,0.2,0.1,0.42,0.03,0.0,0.0,0.0,0.0,0.0,0.0,1.01,0.52,0.42,0,1.01,0.0,0.0,0.03,0.0,0.03,0.36,0.16,0.0,1.24,27.39,20.74,6.65,75.71,6.88,14.32,8.05,0.46,20.9,0.68,65.63,38,35,2760,0.1,0.0,0.68,1.08,13.86,0.88,3.29,35.44,2.84,40.47,0.46,20.0
305,973699,La Liga,24/25,Girona FC,Iván Martín,Midfielder,6.79,0.04,0.08,0.04,0.49,0.13,0.13,9.09,1.1,60.98,0.04,0.0,0.0,0.0,0.04,0.0,0.18,0.0,0.0,0.0,0.0,0.0,0.0,0.0,1.41,0.49,0.53,0,0.84,0.0,0.04,0.0,0.0,0.09,0.09,0.04,0.0,0.97,59.79,54.63,5.16,91.37,22.84,31.93,14.29,0.13,14.29,1.41,72.73,32,24,2041,0.04,0.0,0.93,0.62,9.83,1.19,3.31,42.61,3.13,46.1,0.18,18.18
306,797290,La Liga,24/25,Villarreal,Alfonso Pedraza,Defender,6.79,0.0,0.12,0.0,0.99,0.4,0.0,0.0,1.78,50.0,0.0,0.0,0.0,0.0,0.0,0.0,0.0,0.0,0.0,0.0,0.0,0.0,0.0,0.0,0.59,1.19,2.78,0,0.4,0.0,0.0,0.0,0.0,0.0,0.4,0.4,0.0,1.78,32.51,25.57,6.94,78.66,13.08,13.88,6.34,1.39,26.92,0.79,22.22,12,4,454,0.0,0.0,0.79,0.4,15.07,0.4,3.77,51.35,2.78,46.67,0.99,71.43
307,1526628,La Liga,24/25,Celta Vigo,Fer López,Midfielder,6.79,0.26,0.36,0.39,2.61,0.78,0.65,10.0,2.35,58.06,0.26,0.0,0.0,0.0,0.26,0.13,0.26,0.0,0.0,0.0,0.0,0.0,0.0,0.0,1.17,0.26,0.91,0,1.43,0.0,0.0,0.0,0.0,0.0,0.39,0.0,0.0,1.83,33.13,28.7,4.43,86.61,7.17,21.52,12.52,0.0,0.0,1.3,66.67,17,7,690,0.26,0.0,1.7,1.04,13.96,2.61,4.83,35.92,4.57,38.04,0.26,18.18
308,350170,La Liga,24/25,Leganés,Munir El Haddadi,Forward,6.78,0.41,0.16,0.1,2.16,0.92,1.03,19.05,0.72,36.84,0.21,0.21,0.1,0.21,0.1,0.1,0.72,0.0,0.0,0.0,0.0,0.1,0.31,33.33,1.23,0.1,0.1,0,0.92,0.0,0.1,0.0,0.0,0.1,0.1,0.0,0.0,0.82,25.55,20.22,5.34,79.12,6.47,13.85,8.42,0.1,7.69,0.0,0.0,25,10,877,0.1,0.1,1.44,4.0,13.03,2.57,6.98,45.33,5.85,49.57,1.13,31.43
309,965832,La Liga,24/25,Rayo Vallecano,Dani Cárdenas,Goalkeeper,6.78,0.0,0.0,0.0,0.0,0.0,0.0,0.0,0.0,0.0,0.0,0.0,0.0,0.0,0.0,0.0,0.0,0.0,0.0,0.0,0.0,0.0,0.0,0.0,0.0,0.0,0.83,0,0.0,0.0,0.0,0.0,0.0,0.33,0.0,0.0,0.0,0.0,26.17,12.17,14.0,46.5,9.17,3.0,1.5,0.0,0.0,4.5,24.55,6,6,540,0.0,0.0,0.0,0.17,14.17,0.0,0.17,100.0,0.0,0.0,0.17,100.0
310,1513673,La Liga,24/25,Girona FC,Selvi Clúa,Midfielder,6.78,0.0,0.02,0.0,1.1,0.55,0.0,0.0,1.1,50.0,0.0,0.0,0.0,0.0,0.0,0.0,0.0,0.0,0.0,0.0,0.0,0.0,0.0,0.0,4.42,1.1,3.31,0,1.1,0.0,0.0,0.0,0.0,0.0,0.0,0.0,0.0,0.55,51.35,41.41,9.94,80.65,20.43,20.98,3.31,0.0,0.0,2.21,44.44,4,2,163,0.0,0.0,2.76,0.0,12.7,0.0,8.83,57.14,5.52,52.63,3.31,66.67
311,879875,La Liga,24/25,Deportivo Alavés,Facundo Garcés,Defender,6.78,0.0,0.01,0.0,0.67,0.13,0.13,0.0,0.0,0.0,0.0,0.0,0.0,0.0,0.0,0.0,0.0,0.0,0.0,0.0,0.0,0.0,0.0,0.0,0.8,0.67,6.79,0,0.27,0.0,0.0,0.13,0.0,0.53,0.13,0.0,0.0,0.4,25.96,19.84,6.12,76.41,13.71,6.12,1.6,0.0,0.0,2.26,42.5,10,7,676,0.27,0.0,0.93,0.27,6.52,0.0,2.8,48.84,1.07,61.54,1.73,43.33
312,1122488,La Liga,24/25,Deportivo Alavés,Adrián Pica,Defender,6.78,0.0,0.06,0.18,0.71,0.18,0.36,0.0,0.18,100.0,0.0,0.0,0.0,0.0,0.0,0.0,0.0,0.0,0.0,0.0,0.0,0.0,0.0,0.0,1.6,1.6,4.26,0,0.89,0.0,0.0,0.0,0.0,0.18,0.0,0.0,0.0,0.18,34.97,27.34,7.63,78.17,17.93,9.41,3.37,0.0,0.0,3.37,51.35,9,5,507,0.18,0.0,1.07,0.53,8.7,0.18,5.5,57.41,2.31,54.17,3.2,60.0
313,1101232,La Liga,24/25,Deportivo Alavés,Abdel Abqar,Defender,6.78,0.0,0.03,0.04,0.44,0.04,0.33,0.0,0.11,75.0,0.0,0.0,0.0,0.0,0.0,0.0,0.07,0.04,0.0,0.0,0.0,0.0,0.0,0.0,1.31,1.42,5.25,0,0.51,0.0,0.04,0.07,0.0,0.18,0.0,0.04,0.0,0.29,33.71,25.94,7.77,76.95,18.39,7.62,3.28,0.07,40.0,3.03,35.62,29,29,2467,0.47,0.0,1.71,1.13,8.83,0.11,4.01,52.88,2.48,52.31,1.53,53.85
314,22209,La Liga,24/25,Sevilla,Ørjan Nyland,Goalkeeper,6.78,0.0,0.0,0.0,0.0,0.0,0.0,0.0,0.0,0.0,0.0,0.0,0.0,0.0,0.0,0.03,0.0,0.0,0.0,0.0,0.0,0.0,0.0,0.0,0.1,0.0,0.81,0,0.07,0.07,0.07,0.0,0.0,0.24,0.07,0.0,0.0,0.13,29.85,17.64,12.22,59.08,14.54,3.1,1.35,0.0,0.0,4.78,28.34,30,30,2674,0.07,0.0,0.03,0.07,12.45,0.0,0.4,85.71,0.1,60.0,0.3,100.0
315,1012409,La Liga,24/25,Athletic Club,Beñat Prados,Midfielder,6.78,0.05,0.05,0.0,0.83,0.26,0.37,6.25,0.78,55.56,0.05,0.0,0.05,0.0,0.0,0.05,0.0,0.0,0.0,0.0,0.0,0.0,0.0,0.0,2.87,1.46,1.04,0,1.46,0.0,0.0,0.0,0.0,0.05,0.05,0.0,0.0,0.57,40.49,33.39,7.1,82.47,14.71,18.89,7.57,0.21,44.44,0.83,32.0,30,21,1725,0.37,0.0,2.09,0.78,10.38,1.04,5.95,48.72,4.38,46.15,1.57,57.69
316,186719,La Liga,24/25,Real Valladolid,Florian Grillitsch,Midfielder,6.78,0.0,0.01,0.0,0.43,0.29,0.14,0.0,1.59,78.57,0.0,0.0,0.0,0.0,0.0,0.0,0.0,0.0,0.0,0.0,0.0,0.0,0.0,0.0,1.59,0.58,0.72,0,1.16,0.0,0.14,0.0,0.0,0.0,0.0,0.0,0.0,1.16,49.49,41.82,7.67,84.5,22.43,19.39,7.67,0.0,0.0,3.91,60.0,13,7,622,0.14,0.0,0.87,1.74,10.56,0.72,5.64,60.0,4.77,60.0,0.87,60.0
317,344847,La Liga,24/25,Mallorca,Johan Mojica,Defender,6.77,0.03,0.03,0.0,0.56,0.1,0.29,5.88,1.08,40.74,0.03,0.0,0.0,0.03,0.0,0.0,0.0,0.03,0.0,0.0,0.0,0.0,0.13,0.0,1.18,0.88,2.26,0,0.69,0.03,0.07,0.07,0.0,0.16,0.29,0.07,0.0,1.31,38.67,30.17,8.5,78.02,12.68,19.03,8.5,1.54,32.87,2.97,44.17,36,30,2753,0.16,0.0,0.59,0.78,18.27,0.88,3.33,43.78,3.04,45.15,0.29,33.33
318,1122610,La Liga,24/25,Valencia,Javier Guerra,Midfielder,6.77,0.1,0.08,0.07,1.63,0.35,0.59,6.38,1.01,39.19,0.1,0.0,0.0,0.0,0.1,0.07,0.03,0.0,0.0,0.0,0.0,0.0,0.03,0.0,1.74,0.69,1.63,0,1.04,0.03,0.07,0.0,0.0,0.1,0.21,0.1,0.0,0.8,43.46,34.95,8.5,80.43,16.04,19.26,9.09,0.35,22.22,2.12,48.8,36,31,2593,0.17,0.0,1.18,1.04,15.45,1.87,4.37,41.72,3.78,40.82,0.59,48.57
319,801211,La Liga,24/25,Real Valladolid,Selim Amallah,Midfielder,6.77,0.2,0.22,0.13,1.43,0.52,0.72,13.64,2.15,55.0,0.13,0.07,0.0,0.0,0.2,0.0,0.07,0.0,0.07,0.07,100.0,0.0,0.07,0.0,1.95,0.91,0.33,0,0.52,0.0,0.07,0.0,0.0,0.0,0.13,0.07,0.0,0.85,23.93,19.96,3.97,83.42,8.84,11.77,6.37,0.65,32.26,1.37,53.85,24,18,1384,0.39,0.0,2.08,1.82,11.58,1.63,6.24,47.52,5.92,50.28,0.33,23.81
320,794948,La Liga,24/25,Leganés,Óscar Rodríguez,Midfielder,6.77,0.07,0.14,0.2,2.24,0.41,1.15,3.03,1.43,44.68,0.07,0.0,0.07,0.0,0.0,0.07,0.07,0.07,0.0,0.0,0.0,0.0,0.61,0.0,2.17,1.36,1.36,0,1.22,0.0,0.0,0.07,0.0,0.07,0.48,0.27,0.0,1.29,33.35,25.61,7.74,76.78,9.65,17.25,7.47,1.29,34.55,1.7,48.08,29,12,1325,0.41,0.07,1.29,1.7,15.62,0.95,6.11,47.62,5.3,50.98,0.82,33.33
321,255999,La Liga,24/25,Mallorca,Omar Mascarell,Midfielder,6.77,0.04,0.02,0.0,0.4,0.09,0.18,11.11,0.45,66.67,0.04,0.0,0.0,0.04,0.0,0.0,0.0,0.0,0.0,0.0,0.0,0.0,0.0,0.0,1.21,2.2,2.51,0,0.94,0.04,0.09,0.0,0.0,0.09,0.04,0.0,0.0,0.13,42.71,36.22,6.5,84.78,19.5,16.72,5.33,0.0,0.0,2.82,51.64,32,21,2008,0.22,0.04,1.34,0.58,8.07,0.4,4.21,51.37,2.2,43.75,2.02,63.38
322,857205,La Liga,24/25,Espanyol,Fernando Calero,Defender,6.76,0.12,0.03,0.12,0.24,0.12,0.12,50.0,0.0,0.0,0.12,0.0,0.12,0.0,0.0,0.0,0.0,0.0,0.0,0.0,0.0,0.0,0.0,0.0,2.2,1.95,5.73,0,0.49,0.0,0.12,0.0,0.0,0.24,0.0,0.0,0.0,0.37,45.61,39.15,6.46,85.83,28.05,11.22,3.17,0.12,50.0,3.78,54.39,21,6,738,0.12,0.0,0.73,0.98,7.56,0.0,4.63,59.38,3.05,73.53,1.59,43.33
323,1929542,La Liga,24/25,Sevilla,Alvaro Garcia-Pascual,Forward,6.76,0.22,0.24,0.44,2.41,0.88,1.1,9.09,0.22,50.0,0.22,0.0,0.22,0.0,0.0,0.0,0.22,0.0,0.0,0.0,0.0,0.0,0.0,0.0,1.1,0.44,1.98,0,0.88,0.0,0.0,0.0,0.0,0.0,0.0,0.0,0.0,0.44,15.37,10.54,4.83,68.57,3.95,6.59,4.61,0.0,0.0,0.88,80.0,8,4,410,0.22,0.0,2.41,1.1,11.85,1.1,4.83,37.29,2.2,33.33,2.63,41.38
324,1390389,La Liga,24/25,Leganés,Duk,Forward,6.76,0.0,0.01,0.0,0.88,0.44,0.44,0.0,4.41,55.56,0.0,0.0,0.0,0.0,0.0,0.0,0.0,0.0,0.0,0.0,0.0,0.0,0.0,0.0,3.53,0.44,0.44,0,0.88,0.0,0.0,0.0,0.0,0.0,0.44,0.0,0.0,2.21,18.09,12.35,5.74,68.29,3.09,9.71,6.62,0.44,12.5,0.0,0.0,10,1,204,0.44,0.0,2.21,5.74,20.29,2.21,14.56,57.89,13.68,62.0,0.88,28.57
325,542634,La Liga,24/25,Rayo Vallecano,Pacha,Defender,6.76,0.0,0.05,0.11,1.07,0.21,0.64,0.0,0.54,41.67,0.0,0.0,0.0,0.0,0.0,0.0,0.0,0.0,0.0,0.0,0.0,0.0,0.0,0.0,4.39,1.28,3.0,0,2.25,0.0,0.11,0.11,0.0,0.11,0.21,0.11,0.0,0.54,41.52,31.89,9.63,76.8,14.45,17.98,8.67,0.54,20.83,1.28,25.53,16,9,841,0.43,0.0,1.93,1.61,16.37,0.96,8.03,53.19,6.53,52.59,1.5,56.0
326,137978,La Liga,24/25,Real Betis,William Carvalho,Midfielder,6.76,0.0,0.04,0.0,0.74,0.18,0.37,0.0,0.55,75.0,0.0,0.0,0.0,0.0,0.0,0.0,0.0,0.0,0.0,0.0,0.0,0.0,0.0,0.0,1.66,0.55,1.11,0,0.37,0.0,0.0,0.0,0.0,0.18,0.0,0.0,0.0,1.11,72.11,63.26,8.85,87.72,24.71,38.55,20.29,0.0,0.0,2.77,55.56,14,6,488,0.18,0.0,1.29,0.55,11.99,1.11,3.87,50.0,2.77,48.39,1.11,54.55
327,1155116,La Liga,24/25,Athletic Club,Alex Padilla,Goalkeeper,6.76,0.0,0.0,0.0,0.0,0.0,0.0,0.0,0.0,0.0,0.0,0.0,0.0,0.0,0.0,0.0,0.0,0.0,0.0,0.0,0.0,0.0,0.0,0.0,0.0,0.0,0.82,0,0.0,0.27,0.0,0.0,0.27,0.0,0.0,0.0,0.0,0.0,28.81,14.27,14.54,49.52,7.41,6.86,1.92,0.0,0.0,7.96,35.37,5,3,328,0.0,0.0,0.0,0.27,14.82,0.0,0.55,100.0,0.27,100.0,0.27,100.0
328,873717,La Liga,24/25,Deportivo Alavés,Carlos Benavídez,Midfielder,6.76,0.17,0.05,0.0,0.87,0.35,0.52,20.0,0.7,80.0,0.0,0.17,0.0,0.17,0.0,0.0,0.17,0.0,0.0,0.0,0.0,0.0,0.0,0.0,3.32,1.4,2.1,0,0.87,0.0,0.17,0.0,0.0,0.0,0.35,0.17,0.0,0.52,39.84,27.96,11.88,70.18,12.76,15.2,8.91,0.0,0.0,3.32,38.78,18,6,515,0.52,0.0,3.15,1.05,13.46,0.0,6.47,54.41,5.07,55.77,1.4,50.0
329,855832,La Liga,24/25,Deportivo Alavés,Antonio Blanco,Midfielder,6.76,0.0,0.03,0.0,0.82,0.1,0.43,0.0,0.49,71.43,0.0,0.0,0.0,0.0,0.0,0.03,0.0,0.0,0.0,0.0,0.0,0.0,0.0,0.0,2.2,1.38,1.45,0,1.68,0.0,0.03,0.0,0.0,0.2,0.07,0.03,0.0,0.49,40.56,32.77,7.79,80.79,15.09,17.98,7.95,0.3,31.03,2.79,52.15,35,32,2738,0.3,0.03,2.17,0.89,10.75,0.85,4.5,42.95,3.55,42.35,0.95,45.31
330,1139409,La Liga,24/25,Real Sociedad,Pablo Marín,Midfielder,6.76,0.07,0.1,0.21,1.5,0.5,0.5,4.76,1.43,60.61,0.07,0.0,0.07,0.0,0.0,0.0,0.0,0.0,0.0,0.0,0.0,0.0,0.0,0.0,1.78,0.36,1.0,0,0.64,0.0,0.0,0.07,0.0,0.14,0.21,0.14,0.0,1.0,32.33,26.55,5.78,82.12,11.13,15.56,8.14,0.14,16.67,1.0,53.85,23,14,1261,0.21,0.0,1.36,1.14,11.85,1.21,5.64,48.77,4.35,51.69,1.28,40.91
331,1010165,La Liga,24/25,Osasuna,Abel Bretones,Defender,6.76,0.09,0.02,0.0,0.52,0.17,0.26,16.67,0.78,58.06,0.04,0.04,0.0,0.09,0.0,0.0,0.13,0.0,0.0,0.0,0.0,0.0,0.0,0.0,2.6,0.78,2.3,0,1.04,0.0,0.09,0.04,0.0,0.13,0.04,0.0,0.0,0.69,33.66,25.68,7.98,76.29,11.84,14.57,6.64,0.74,20.0,1.43,35.11,35,20,2075,0.13,0.0,1.08,1.39,15.44,0.78,5.64,57.27,4.73,57.67,0.91,55.26
332,910267,La Liga,24/25,Osasuna,Jesús Areso,Defender,6.76,0.0,0.01,0.03,0.23,0.0,0.17,0.0,0.7,42.86,0.0,0.0,0.0,0.0,0.0,0.0,0.23,0.0,0.0,0.0,0.0,0.0,0.0,0.0,1.54,0.23,2.51,0,0.5,0.0,0.0,0.0,0.0,0.17,0.12,0.09,0.0,0.87,30.25,24.48,5.77,80.92,8.71,16.82,8.48,1.05,21.3,1.14,46.99,36,35,3088,0.26,0.0,0.9,0.58,16.47,0.85,3.61,49.4,2.83,47.32,0.79,58.7
333,1520799,La Liga,24/25,Athletic Club,Maroan Sannadi,Forward,6.75,0.12,0.42,0.36,2.28,0.84,1.08,5.26,1.68,51.85,0.12,0.0,0.0,0.0,0.12,0.0,0.84,0.12,0.0,0.0,0.0,0.0,0.0,0.0,0.6,0.12,0.24,0,0.6,0.0,0.12,0.0,0.0,0.0,0.36,0.12,0.0,0.84,18.34,13.78,4.55,75.16,3.12,10.67,7.43,0.0,0.0,0.6,55.56,16,7,751,0.0,0.0,2.4,3.6,14.14,2.16,7.55,46.67,5.75,46.6,1.8,46.88
334,1800245,La Liga,24/25,Real Betis,Jesús Rodriguez,Midfielder,6.75,0.16,0.18,0.16,1.83,0.64,0.56,8.7,2.39,39.47,0.08,0.08,0.0,0.0,0.16,0.16,0.16,0.08,0.0,0.0,0.0,0.0,0.0,0.0,1.28,0.48,0.16,0,1.04,0.0,0.0,0.0,0.0,0.0,0.0,0.0,0.0,0.64,24.55,18.65,5.9,75.97,4.22,14.75,9.49,0.32,22.22,0.4,71.43,21,15,1129,0.0,0.0,1.36,3.03,15.62,1.59,6.94,45.79,6.7,46.93,0.24,27.27
335,1983195,La Liga,24/25,Las Palmas,Sergio Vieira,Midfielder,6.75,0.0,0.02,0.0,0.94,0.0,0.94,0.0,0.94,50.0,0.0,0.0,0.0,0.0,0.0,0.0,0.0,0.0,0.0,0.0,0.0,0.0,0.0,0.0,0.94,0.94,0.94,0,0.94,0.0,0.0,0.0,0.0,0.0,0.0,0.0,0.0,0.0,47.81,42.19,5.62,88.24,23.44,18.75,8.44,0.0,0.0,2.81,75.0,2,1,96,0.94,0.0,0.94,0.94,8.44,0.0,3.75,44.44,2.81,50.0,0.94,33.33
336,973290,La Liga,24/25,Villarreal,Tajon Buchanan,Midfielder,6.75,0.21,0.2,0.21,1.49,0.43,0.64,14.29,2.13,58.82,0.21,0.0,0.0,0.0,0.21,0.0,1.06,0.0,0.0,0.0,0.0,0.0,0.0,0.0,2.13,0.21,0.21,0,0.64,0.0,0.0,0.0,0.0,0.0,0.21,0.43,0.0,1.06,25.74,21.06,4.68,81.82,8.09,13.4,9.15,0.43,12.5,0.43,40.0,13,4,423,0.43,0.0,2.55,4.26,15.11,1.49,9.15,58.11,8.51,58.82,0.64,50.0
337,1392054,La Liga,24/25,Getafe,Coba Da Costa,Midfielder,6.75,0.09,0.1,0.0,2.04,0.71,0.53,4.35,1.68,36.54,0.09,0.0,0.09,0.0,0.0,0.0,0.0,0.0,0.0,0.0,0.0,0.0,0.0,0.0,2.57,0.71,0.8,0,1.15,0.0,0.0,0.0,0.0,0.09,0.27,0.09,0.0,0.8,22.97,16.05,6.92,69.88,5.23,11.88,6.47,1.06,29.27,0.71,42.11,19,12,1015,0.35,0.0,0.89,0.89,17.47,2.04,6.83,44.25,5.14,42.65,1.68,50.0
338,604954,La Liga,24/25,Getafe,Borja Mayoral,Forward,6.75,0.41,0.29,0.16,1.63,0.73,0.41,25.0,0.49,37.5,0.41,0.0,0.0,0.0,0.41,0.0,0.98,0.0,0.08,0.08,100.0,0.0,0.0,0.0,0.41,0.16,0.41,0,0.49,0.0,0.0,0.0,0.0,0.0,0.16,0.08,0.0,0.65,19.55,15.88,3.67,81.25,6.6,9.29,5.78,0.0,0.0,0.81,83.33,24,7,1105,0.0,0.0,0.73,1.22,8.88,1.63,3.5,33.33,2.04,36.23,1.47,30.0
339,138383,La Liga,24/25,Villarreal,Denis Suárez,Midfielder,6.75,0.15,0.14,0.29,1.45,0.44,0.58,10.0,1.45,66.67,0.15,0.0,0.0,0.0,0.15,0.0,0.0,0.0,0.0,0.0,0.0,0.0,0.0,0.0,1.74,0.44,0.44,0,0.87,0.0,0.0,0.0,0.0,0.0,0.44,0.15,0.0,2.18,37.66,31.41,6.25,83.4,13.52,19.19,11.78,1.31,36.0,1.45,52.63,21,7,619,0.0,0.0,0.15,1.02,13.09,1.16,4.36,53.57,4.22,59.18,0.15,14.29
340,944225,La Liga,24/25,Osasuna,Jorge Herrando,Defender,6.75,0.06,0.08,0.13,0.78,0.19,0.45,8.33,0.06,100.0,0.06,0.0,0.06,0.0,0.0,0.0,0.0,0.0,0.0,0.0,0.0,0.0,0.0,0.0,1.1,0.78,4.02,0,0.39,0.06,0.06,0.06,0.0,0.26,0.0,0.0,0.0,0.0,46.65,40.17,6.48,86.11,27.28,12.89,2.33,0.0,0.0,1.75,33.75,18,15,1389,0.19,0.0,1.62,0.13,7.26,0.06,3.17,53.26,1.3,38.46,1.88,72.5
341,838159,La Liga,24/25,Real Sociedad,Igor Zubeldia,Defender,6.75,0.0,0.03,0.08,0.48,0.16,0.24,0.0,0.24,100.0,0.0,0.0,0.0,0.0,0.0,0.0,0.0,0.0,0.0,0.0,0.0,0.0,0.0,0.0,1.35,1.23,3.88,0,0.48,0.0,0.08,0.04,0.0,0.32,0.0,0.0,0.0,0.16,58.32,50.68,7.64,86.9,34.17,16.51,4.4,0.0,0.0,2.42,37.2,28,27,2273,0.24,0.04,1.5,0.44,8.39,0.04,4.59,46.96,2.02,52.04,2.57,43.62
342,601962,La Liga,24/25,Real Valladolid,Anuar,Defender,6.75,0.1,0.09,0.21,0.57,0.31,0.21,18.18,0.36,36.84,0.1,0.0,0.0,0.0,0.1,0.05,0.52,0.05,0.0,0.0,0.0,0.0,0.0,0.0,1.98,0.94,1.09,0,0.68,0.0,0.05,0.0,0.0,0.05,0.1,0.0,0.0,0.36,23.85,20.16,3.7,84.5,10.68,9.58,4.06,0.1,9.09,0.47,50.0,26,21,1728,0.36,0.0,1.56,2.5,7.55,0.73,6.04,52.97,4.74,57.23,1.3,41.67
343,591132,La Liga,24/25,Osasuna,Kike Barja,Forward,6.75,0.0,0.05,0.0,1.03,0.26,0.52,0.0,1.81,46.67,0.0,0.0,0.0,0.0,0.0,0.26,0.26,0.0,0.0,0.0,0.0,0.0,0.0,0.0,1.29,0.78,0.78,0,0.52,0.0,0.0,0.0,0.0,0.0,0.78,0.26,0.0,2.59,18.62,14.74,3.88,79.17,5.69,12.67,5.43,3.62,37.84,0.52,50.0,15,3,348,0.78,0.0,2.33,1.03,18.1,1.29,5.43,40.38,3.88,39.47,1.55,42.86
344,1393673,La Liga,24/25,Villarreal,Etta Eyong,Forward,6.75,1.96,0.72,0.0,3.91,3.91,0.0,50.0,0.0,0.0,1.96,0.0,1.96,0.0,0.0,0.0,0.0,0.0,0.0,0.0,0.0,0.0,0.0,0.0,0.0,0.0,0.0,0,1.96,0.0,0.0,0.0,0.0,0.0,0.0,0.0,0.0,0.0,1.96,0.0,1.96,0.0,0.0,0.0,0.0,0.0,0.0,0.0,0.0,4,0,46,0.0,0.0,0.0,1.96,9.78,0.0,3.91,66.67,1.96,50.0,1.96,100.0
345,316152,La Liga,24/25,Atlético Madrid,Ángel Correa,Forward,6.75,0.45,0.51,0.45,3.85,1.58,0.91,11.76,1.47,35.14,0.45,0.0,0.0,0.0,0.45,0.23,0.45,0.0,0.0,0.0,0.0,0.0,0.0,0.0,1.02,0.45,0.79,0,1.13,0.0,0.0,0.0,0.0,0.0,0.23,0.11,0.11,1.7,28.53,22.75,5.77,79.76,6.91,16.3,11.89,0.45,16.67,0.45,66.67,31,3,795,0.34,0.11,2.04,1.25,16.42,1.81,3.85,30.91,3.74,32.67,0.11,11.11
346,794861,La Liga,24/25,Celta Vigo,Jailson,Defender,6.74,0.0,0.02,0.0,0.57,0.29,0.0,0.0,0.43,75.0,0.0,0.0,0.0,0.0,0.0,0.0,0.0,0.0,0.0,0.0,0.0,0.0,0.0,0.0,1.86,1.29,3.71,0,0.29,0.0,0.14,0.0,0.14,0.0,0.0,0.0,0.0,0.14,68.43,62.0,6.43,90.61,36.43,25.57,7.29,0.0,0.0,1.29,39.13,13,6,630,0.29,0.0,0.57,0.57,7.57,0.71,5.43,56.72,2.86,62.5,2.57,51.43
347,906065,La Liga,24/25,Leganés,Seydouba Cisse,Midfielder,6.74,0.11,0.11,0.04,0.88,0.18,0.44,12.5,1.1,75.0,0.11,0.0,0.0,0.0,0.11,0.0,0.07,0.04,0.0,0.0,0.0,0.0,0.0,0.0,2.17,0.44,1.51,0,0.99,0.0,0.04,0.04,0.0,0.15,0.04,0.04,0.0,0.62,41.38,35.36,6.02,85.45,18.14,17.26,8.12,0.04,10.0,1.8,51.04,34,31,2451,0.11,0.04,1.43,0.92,9.29,1.21,5.1,49.12,4.15,51.6,0.95,40.63
348,825740,La Liga,24/25,Espanyol,Alex Král,Midfielder,6.74,0.0,0.05,0.07,0.69,0.07,0.23,0.0,0.96,58.0,0.0,0.0,0.0,0.0,0.0,0.0,0.0,0.0,0.0,0.0,0.0,0.0,0.0,0.0,1.82,0.93,1.52,0,0.46,0.0,0.07,0.0,0.0,0.13,0.1,0.03,0.0,0.4,26.11,19.63,6.48,75.19,10.15,9.68,4.96,0.2,15.79,1.16,47.3,37,29,2723,0.03,0.0,1.02,0.76,11.24,0.96,4.79,54.31,3.54,53.5,1.26,56.72
349,900003,La Liga,24/25,Rayo Vallecano,Jorge de Frutos,Forward,6.74,0.22,0.23,0.36,1.86,0.68,0.79,11.54,1.15,34.04,0.22,0.0,0.04,0.04,0.14,0.0,0.32,0.0,0.0,0.0,0.0,0.0,0.0,0.0,1.33,0.68,0.54,0,1.15,0.0,0.04,0.0,0.0,0.0,0.29,0.11,0.04,1.15,20.68,15.27,5.41,73.83,5.13,10.65,6.67,0.5,20.29,0.29,32.0,36,30,2511,0.11,0.04,1.47,1.18,14.34,1.36,4.19,37.26,3.66,37.23,0.54,37.5
350,945768,La Liga,24/25,Girona FC,Bojan Miovski,Forward,6.74,0.2,0.28,0.2,1.43,0.41,0.41,14.29,0.31,60.0,0.2,0.0,0.0,0.2,0.0,0.0,0.82,0.1,0.0,0.0,0.0,0.0,0.0,0.0,0.72,0.2,0.72,0,0.51,0.0,0.0,0.0,0.0,0.0,0.0,0.1,0.0,0.41,11.14,8.68,2.45,77.98,3.78,5.01,2.55,0.1,33.33,0.1,100.0,17,12,881,0.0,0.0,1.33,1.12,5.31,0.61,3.47,41.46,2.15,45.65,1.33,36.11
351,934383,La Liga,24/25,Real Sociedad,Jon Pacheco,Defender,6.73,0.0,0.01,0.0,0.11,0.0,0.0,0.0,0.11,50.0,0.0,0.0,0.0,0.0,0.0,0.0,0.0,0.0,0.0,0.0,0.0,0.0,0.0,0.0,1.59,0.95,5.08,0,0.21,0.0,0.21,0.0,0.0,0.21,0.0,0.0,0.0,0.11,52.03,43.36,8.67,83.33,31.3,12.06,3.49,0.0,0.0,2.75,38.24,14,9,851,0.32,0.0,1.9,0.53,9.31,0.0,4.23,51.95,2.22,52.5,2.01,51.35
352,326471,La Liga,24/25,Rayo Vallecano,Gerard Gumbau,Midfielder,6.73,0.0,0.11,0.21,1.37,0.53,0.63,0.0,0.21,50.0,0.0,0.0,0.0,0.0,0.0,0.11,0.21,0.0,0.0,0.0,0.0,0.0,0.0,0.0,1.8,0.53,1.16,0,0.85,0.0,0.0,0.0,0.0,0.0,0.21,0.11,0.0,1.8,40.08,32.15,7.93,80.21,14.17,19.14,8.88,1.16,28.95,1.8,37.78,22,7,851,0.42,0.0,2.22,1.16,12.16,0.21,4.97,46.08,3.17,49.18,1.8,41.46
353,1863206,La Liga,24/25,Deportivo Alavés,Pau Cabanes,Forward,6.73,0.25,0.13,0.0,1.48,0.74,0.49,16.67,2.21,40.91,0.25,0.0,0.0,0.0,0.25,0.0,0.0,0.25,0.0,0.0,0.0,0.0,0.0,0.0,2.95,0.74,0.49,0,1.97,0.0,0.25,0.0,0.0,0.0,0.25,0.0,0.0,1.23,35.9,28.52,7.38,79.45,8.11,20.41,12.54,0.0,0.0,0.25,25.0,16,2,366,0.25,0.0,2.21,2.95,21.89,1.48,8.61,46.67,8.11,48.53,0.49,28.57
354,1382235,La Liga,24/25,Getafe,Bertuğ Yıldırım,Forward,6.73,0.08,0.21,0.41,1.56,0.57,0.66,5.26,0.57,53.85,0.08,0.0,0.08,0.0,0.0,0.0,1.15,0.08,0.0,0.0,0.0,0.0,0.0,0.0,0.82,0.08,1.31,0,0.41,0.0,0.0,0.0,0.0,0.0,0.16,0.0,0.0,0.74,14.58,8.03,6.55,55.06,2.62,5.65,3.19,0.25,42.86,0.25,42.86,22,14,1099,0.57,0.0,2.7,1.47,11.96,1.23,8.84,47.37,2.87,39.77,5.98,52.14
355,605552,La Liga,24/25,Espanyol,Irvin Cardona,Forward,6.73,0.15,0.16,0.3,1.5,0.45,0.9,10.0,0.45,27.27,0.0,0.15,0.0,0.0,0.15,0.0,0.75,0.0,0.0,0.0,0.0,0.0,0.15,0.0,1.2,0.6,1.2,0,1.5,0.0,0.0,0.0,0.0,0.0,0.15,0.15,0.0,1.35,21.26,13.93,7.34,65.49,4.19,10.33,7.19,0.6,28.57,0.45,27.27,16,5,601,0.15,0.0,1.2,1.2,14.53,0.6,4.04,39.71,2.7,37.5,1.35,45.0
356,851282,La Liga,24/25,Valencia,Thierry Correia,Defender,6.73,0.0,0.04,0.12,0.82,0.35,0.47,0.0,1.05,42.86,0.0,0.0,0.0,0.0,0.0,0.0,0.0,0.0,0.0,0.0,0.0,0.0,0.0,0.0,3.15,0.47,1.87,0,1.17,0.0,0.0,0.0,0.0,0.12,0.0,0.0,0.0,0.58,39.46,28.95,10.51,73.37,14.24,15.18,8.05,0.47,22.22,1.52,27.66,11,9,771,0.12,0.0,1.75,1.63,16.81,0.0,6.3,54.55,5.84,57.47,0.47,33.33
357,359742,La Liga,24/25,Athletic Club,Mikel Vesga,Midfielder,6.73,0.0,0.11,0.18,0.54,0.27,0.18,0.0,0.63,58.33,0.0,0.0,0.0,0.0,0.0,0.0,0.0,0.0,0.09,0.0,0.0,0.0,0.0,0.0,1.99,1.36,2.26,0,1.45,0.0,0.0,0.0,0.0,0.09,0.18,0.0,0.0,1.09,47.49,38.71,8.77,81.52,17.46,21.26,9.68,0.0,0.0,2.8,51.67,25,10,995,0.09,0.0,1.27,0.36,12.3,0.81,5.25,49.15,2.98,42.86,2.26,60.98
358,980732,La Liga,24/25,Leganés,Adrià Altimira,Defender,6.73,0.0,0.01,0.05,0.38,0.11,0.16,0.0,0.55,45.45,0.0,0.0,0.0,0.0,0.0,0.0,0.16,0.0,0.0,0.0,0.0,0.0,0.0,0.0,2.24,0.82,2.46,0,0.87,0.11,0.0,0.05,0.0,0.44,0.05,0.0,0.0,0.6,26.9,21.93,4.98,81.5,9.9,12.19,6.18,0.16,10.71,1.15,45.65,22,19,1646,0.33,0.0,1.48,1.53,9.84,0.38,4.98,53.53,4.32,56.83,0.66,38.71
359,358108,La Liga,24/25,Las Palmas,Scott McKenna,Defender,6.73,0.0,0.04,0.07,0.36,0.0,0.18,0.0,0.11,100.0,0.0,0.0,0.0,0.0,0.0,0.0,0.04,0.0,0.0,0.0,0.0,0.0,0.0,0.0,0.77,0.33,5.87,0,0.11,0.0,0.07,0.04,0.04,0.15,0.07,0.0,0.0,0.15,53.34,46.37,6.97,86.94,36.45,9.92,2.44,0.0,0.0,1.9,37.41,29,28,2467,0.18,0.04,0.47,0.29,7.59,0.15,4.27,64.64,1.17,61.54,3.1,65.89
360,1142566,La Liga,24/25,Girona FC,Gabriel Misehouy,Midfielder,6.73,0.35,0.31,0.0,2.08,0.69,0.69,16.67,2.42,63.64,0.35,0.0,0.0,0.0,0.35,0.0,0.69,0.0,0.0,0.0,0.0,0.0,0.0,0.0,0.35,0.0,0.0,0,0.35,0.0,0.0,0.0,0.0,0.0,0.0,0.0,0.0,1.38,32.88,30.46,2.42,92.63,8.65,21.81,13.15,0.0,0.0,0.0,0.0,9,1,260,0.0,0.0,0.35,1.73,10.73,2.42,4.5,44.83,4.5,50.0,0.0,0.0
361,943713,La Liga,24/25,Real Valladolid,Javi Sánchez,Defender,6.73,0.09,0.02,0.0,0.49,0.22,0.22,18.18,0.09,100.0,0.0,0.09,0.0,0.0,0.09,0.0,0.0,0.0,0.0,0.0,0.0,0.09,0.22,40.0,1.15,0.97,4.87,0,0.4,0.0,0.13,0.09,0.0,0.13,0.04,0.0,0.0,0.27,50.92,44.71,6.2,87.82,36.69,8.02,2.22,0.0,0.0,3.01,43.87,25,25,2031,0.27,0.0,0.84,0.13,6.96,0.04,2.88,53.28,1.37,54.39,1.51,52.31
362,788141,La Liga,24/25,Deportivo Alavés,Jon Guridi,Midfielder,6.73,0.13,0.18,0.13,1.03,0.52,0.39,12.5,0.34,33.33,0.13,0.0,0.0,0.09,0.04,0.0,0.21,0.0,0.04,0.04,100.0,0.0,0.0,0.0,1.72,0.6,0.6,0,1.12,0.0,0.0,0.04,0.0,0.0,0.09,0.04,0.0,0.73,30.52,23.09,7.42,75.67,8.41,14.89,8.15,0.21,29.41,0.82,65.52,33,27,2097,0.26,0.0,1.5,0.6,11.29,0.73,4.68,40.67,2.62,39.61,2.06,42.11
363,828239,La Liga,24/25,Mallorca,Toni Lato,Defender,6.72,0.0,0.0,0.0,0.0,0.0,0.0,0.0,0.0,0.0,0.0,0.0,0.0,0.0,0.0,0.0,0.28,0.0,0.0,0.0,0.0,0.0,0.0,0.0,2.35,0.83,4.02,0,0.55,0.0,0.0,0.0,0.0,0.0,0.0,0.0,0.14,0.97,32.4,25.2,7.2,77.78,12.18,14.68,6.92,1.66,52.17,1.38,37.04,14,7,650,0.14,0.14,1.66,0.42,12.6,0.28,3.6,47.27,2.77,47.62,0.83,46.15
364,953097,La Liga,24/25,Real Valladolid,Cenk Özkaçar,Defender,6.72,0.0,0.02,0.0,0.24,0.0,0.24,0.0,0.0,0.0,0.0,0.0,0.0,0.0,0.0,0.0,0.0,0.0,0.0,0.0,0.0,0.0,0.0,0.0,1.07,2.14,7.98,0,1.19,0.0,0.12,0.12,0.0,0.0,0.0,0.0,0.0,0.12,46.55,39.4,7.14,84.65,30.83,8.57,1.55,0.0,0.0,2.5,41.18,11,8,756,0.12,0.0,0.6,0.12,7.86,0.12,2.5,40.38,1.07,36.0,1.43,44.44
365,1402908,La Liga,24/25,FC Barcelona,Hector Fort,Defender,6.72,0.0,0.03,0.0,0.91,0.0,0.3,0.0,0.3,22.22,0.0,0.0,0.0,0.0,0.0,0.15,0.0,0.0,0.0,0.0,0.0,0.0,0.0,0.0,1.96,0.91,2.11,0,0.91,0.0,0.0,0.0,0.0,0.0,0.15,0.0,0.0,1.51,65.23,60.25,4.98,92.36,25.52,35.03,16.46,0.3,16.67,1.21,80.0,17,5,596,0.3,0.0,1.21,0.15,9.66,0.6,2.87,37.25,2.42,39.02,0.45,30.0
366,1126779,La Liga,24/25,Celta Vigo,Williot Swedberg,Midfielder,6.72,0.27,0.35,0.47,2.14,1.0,0.6,12.5,0.67,25.64,0.2,0.07,0.0,0.0,0.27,0.0,0.47,0.0,0.0,0.0,0.0,0.0,0.0,0.0,1.54,0.2,0.6,0,0.47,0.0,0.07,0.0,0.0,0.0,0.2,0.33,0.0,1.07,22.85,17.44,5.41,76.32,3.88,13.76,7.75,0.2,16.67,0.6,47.37,32,15,1347,0.07,0.0,1.4,2.14,13.16,1.07,4.88,45.63,4.34,47.45,0.53,34.78
367,1493689,La Liga,24/25,Real Betis,Assane Diao,Forward,6.72,0.32,0.25,0.0,2.24,0.32,1.6,14.29,0.64,18.18,0.32,0.0,0.0,0.0,0.32,0.0,0.64,0.0,0.0,0.0,0.0,0.0,0.0,0.0,1.6,0.0,0.96,0,1.6,0.0,0.0,0.0,0.0,0.0,0.96,0.64,0.0,2.56,19.22,14.41,4.8,75.0,3.52,11.53,6.73,0.64,50.0,0.32,100.0,10,2,281,0.0,0.0,1.28,1.28,14.09,0.64,6.09,42.22,3.52,35.48,2.56,57.14
368,1131581,La Liga,24/25,Deportivo Alavés,Carlos Martín,Forward,6.72,0.13,0.15,0.07,1.75,0.81,0.47,7.69,0.61,25.71,0.13,0.0,0.0,0.0,0.07,0.0,0.4,0.0,0.0,0.0,0.0,0.0,0.0,0.0,2.9,0.34,1.15,0,2.43,0.0,0.0,0.0,0.0,0.0,0.2,0.13,0.0,0.88,25.06,17.11,7.95,68.28,7.28,10.17,5.39,0.34,20.83,0.4,28.57,26,16,1336,0.2,0.0,2.16,1.89,14.69,1.28,6.4,42.04,5.32,41.36,1.08,45.71
369,1010383,La Liga,24/25,Real Sociedad,Jon Ander Olasagasti,Midfielder,6.72,0.11,0.1,0.11,1.37,0.21,0.63,7.69,0.32,27.27,0.11,0.0,0.0,0.11,0.0,0.0,0.0,0.0,0.0,0.0,0.0,0.0,0.0,0.0,2.22,1.58,1.06,0,1.06,0.0,0.0,0.0,0.0,0.0,0.21,0.11,0.0,0.63,41.73,32.96,8.77,78.99,14.26,18.8,9.51,0.11,10.0,2.01,54.29,22,7,852,0.21,0.0,1.58,0.74,12.46,0.42,4.54,43.0,3.27,46.97,1.27,35.29
370,128637,La Liga,24/25,Getafe,Allan Nyom,Defender,6.72,0.1,0.05,0.0,0.9,0.4,0.3,11.11,0.4,44.44,0.1,0.0,0.0,0.0,0.1,0.1,0.0,0.0,0.0,0.0,0.0,0.0,0.0,0.0,1.79,0.4,1.99,0,0.2,0.0,0.0,0.1,0.0,0.1,0.0,0.2,0.0,0.5,26.91,21.53,5.38,80.0,9.97,12.06,5.08,0.5,33.33,1.0,30.3,20,10,903,0.4,0.0,1.79,0.9,9.77,0.4,3.89,46.99,3.09,53.45,0.8,32.0
371,1142636,La Liga,24/25,Las Palmas,Stefan Bajčetić,Midfielder,6.72,0.09,0.03,0.0,0.46,0.18,0.09,20.0,1.02,55.0,0.09,0.0,0.0,0.0,0.09,0.0,0.0,0.0,0.0,0.0,0.0,0.0,0.0,0.0,2.68,1.38,2.4,0,1.48,0.0,0.09,0.09,0.0,0.09,0.0,0.0,0.0,0.65,37.75,27.69,10.06,73.35,14.22,13.48,6.18,0.0,0.0,2.58,38.89,14,12,975,0.37,0.0,1.94,1.29,14.4,0.55,6.55,52.21,4.98,50.94,1.57,56.67
372,1150391,La Liga,24/25,Real Betis,Vitor Roque,Forward,6.71,0.29,0.44,0.65,2.98,1.38,0.87,9.76,0.73,28.57,0.29,0.0,0.07,0.0,0.22,0.0,0.36,0.15,0.0,0.0,0.0,0.0,0.0,0.0,0.8,0.51,0.29,0,0.29,0.0,0.0,0.0,0.0,0.07,0.22,0.0,0.0,0.87,13.68,10.04,3.64,73.4,4.29,5.97,3.78,0.22,50.0,0.29,50.0,22,14,1237,0.29,0.0,2.18,2.18,11.42,2.47,4.8,35.29,3.71,36.43,1.09,31.91
373,984789,La Liga,24/25,Deportivo Alavés,Manuel Sánchez,Defender,6.71,0.03,0.06,0.03,0.41,0.07,0.14,8.33,0.27,25.0,0.03,0.0,0.0,0.03,0.0,0.0,0.03,0.0,0.0,0.0,0.0,0.0,0.0,0.0,2.82,1.02,2.18,0,0.95,0.0,0.03,0.03,0.03,0.27,0.03,0.0,0.0,0.54,26.16,19.12,7.04,73.08,8.54,11.22,5.68,0.65,24.36,0.82,23.3,33,30,2646,0.2,0.03,1.9,0.71,13.64,0.68,4.08,43.17,3.78,47.03,0.31,21.43
374,1464648,La Liga,24/25,Athletic Club,Peio Canales,Midfielder,6.71,0.0,0.07,0.0,1.04,0.0,0.69,0.0,1.74,50.0,0.0,0.0,0.0,0.0,0.0,0.0,0.35,0.0,0.0,0.0,0.0,0.0,0.0,0.0,1.04,0.69,0.69,0,0.0,0.0,0.0,0.0,0.0,0.0,0.35,0.0,0.0,2.08,33.36,29.19,4.17,87.5,11.12,19.81,10.08,1.74,31.25,0.69,40.0,8,2,259,0.0,0.0,0.35,0.69,12.51,1.04,3.47,45.45,3.47,52.63,0.0,0.0
375,309546,La Liga,24/25,Mallorca,Takuma Asano,Midfielder,6.71,0.17,0.21,0.51,2.36,0.67,1.27,7.14,0.51,27.27,0.17,0.0,0.08,0.0,0.08,0.17,0.51,0.0,0.0,0.0,0.0,0.0,0.0,0.0,1.1,0.51,0.67,0,0.42,0.0,0.0,0.0,0.0,0.0,0.08,0.08,0.0,0.51,16.79,12.31,4.47,73.37,3.63,8.86,5.4,0.17,10.0,0.08,11.11,21,13,1067,0.0,0.0,0.42,1.27,11.05,1.01,3.29,37.86,2.78,46.48,0.51,18.75
376,989113,La Liga,24/25,Atlético Madrid,Rodrigo Riquelme,Midfielder,6.71,0.0,0.15,0.17,2.41,0.69,0.86,0.0,1.03,27.27,0.0,0.0,0.0,0.0,0.0,0.17,0.69,0.0,0.0,0.0,0.0,0.0,0.17,0.0,1.9,0.34,0.34,0,0.86,0.0,0.0,0.0,0.0,0.17,0.17,0.17,0.0,2.59,39.14,34.14,5.0,87.22,10.17,24.66,15.52,0.69,11.76,0.52,100.0,16,4,522,0.0,0.0,1.38,1.38,16.72,1.03,4.83,43.08,4.31,43.1,0.52,42.86
377,970860,La Liga,24/25,Real Valladolid,Lucas Rosa,Defender,6.71,0.0,0.04,0.1,0.38,0.14,0.1,0.0,0.67,50.0,0.0,0.0,0.0,0.0,0.0,0.05,0.05,0.0,0.0,0.0,0.0,0.0,0.0,0.0,2.57,1.33,2.43,0,0.76,0.05,0.05,0.0,0.0,0.24,0.14,0.05,0.0,0.62,30.62,24.48,6.14,79.94,14.86,9.86,4.71,0.24,13.89,1.05,37.29,21,21,1890,0.29,0.0,1.67,0.9,12.0,0.52,5.0,55.26,4.14,53.7,0.86,64.29
378,346516,La Liga,24/25,Rayo Vallecano,Adrián Embarba,Midfielder,6.71,0.06,0.12,0.17,2.05,0.66,0.83,2.7,1.11,40.0,0.06,0.0,0.0,0.0,0.06,0.0,0.77,0.0,0.0,0.0,0.0,0.0,0.11,0.0,2.27,0.72,0.72,0,1.61,0.0,0.11,0.0,0.0,0.0,0.22,0.06,0.0,1.11,26.07,19.32,6.75,74.1,4.98,15.72,8.03,1.38,21.93,1.16,43.75,35,18,1626,0.22,0.0,1.38,1.16,18.49,1.33,5.26,40.6,4.48,43.55,0.77,29.17
379,843180,La Liga,24/25,Real Valladolid,Luis Pérez,Defender,6.71,0.0,0.01,0.0,0.18,0.07,0.11,0.0,0.42,63.16,0.0,0.0,0.0,0.0,0.0,0.0,0.11,0.0,0.0,0.0,0.0,0.0,0.0,0.0,1.44,1.02,2.6,0,0.56,0.0,0.0,0.04,0.0,0.18,0.14,0.0,0.0,0.95,30.82,24.84,5.98,80.59,13.55,12.42,5.03,1.13,30.48,2.11,45.8,30,28,2558,0.07,0.0,0.46,0.88,11.72,0.18,3.27,56.02,2.67,66.09,0.6,33.33
380,932764,La Liga,24/25,Rayo Vallecano,Randy Nteka,Forward,6.7,0.23,0.2,0.23,1.25,0.62,0.47,18.75,0.39,38.46,0.23,0.0,0.0,0.23,0.0,0.0,1.25,0.0,0.0,0.0,0.0,0.0,0.0,0.0,1.25,0.31,1.56,0,0.55,0.0,0.0,0.0,0.0,0.0,0.08,0.0,0.0,0.7,17.03,11.25,5.78,66.06,3.83,7.42,4.53,0.0,0.0,0.16,66.67,24,16,1152,0.47,0.0,3.05,1.17,10.62,1.33,6.02,38.89,2.81,34.29,3.2,44.09
381,1526575,La Liga,24/25,Real Sociedad,Arkaitz Mariezkurrena,Forward,6.7,0.74,0.35,0.37,3.69,1.84,0.74,20.0,1.11,60.0,0.74,0.0,0.0,0.74,0.0,0.0,0.0,0.0,0.0,0.0,0.0,0.0,0.0,0.0,0.37,0.37,1.48,0,1.48,0.0,0.0,0.0,0.0,0.0,0.37,0.0,0.0,0.74,23.24,16.97,6.27,73.02,7.75,9.59,5.53,0.37,20.0,0.37,50.0,9,1,244,0.37,0.0,4.8,0.37,14.75,2.21,3.32,25.0,1.84,17.24,1.48,57.14
382,2112915,La Liga,24/25,Girona FC,Papa Ba,Forward,6.7,0.0,0.06,0.0,1.91,0.0,0.0,0.0,1.91,50.0,0.0,0.0,0.0,0.0,0.0,0.0,0.0,0.0,0.0,0.0,0.0,0.0,0.0,0.0,1.91,0.0,0.0,0,0.0,0.0,0.0,0.0,0.0,0.0,0.0,0.0,0.0,0.0,22.98,9.57,13.4,41.67,5.74,3.83,1.91,0.0,0.0,0.0,0.0,1,0,47,0.0,0.0,1.91,7.66,22.98,1.91,11.49,66.67,11.49,66.67,0.0,0.0
383,1018516,La Liga,24/25,Mallorca,Daniel Luna,Midfielder,6.7,0.0,0.0,0.0,0.0,0.0,0.0,0.0,3.91,50.0,0.0,0.0,0.0,0.0,0.0,0.0,0.0,0.0,0.0,0.0,0.0,0.0,0.0,0.0,0.0,0.0,0.0,0,0.0,0.0,0.0,0.0,0.0,0.0,0.0,0.0,0.0,0.0,35.22,27.39,7.83,77.78,3.91,23.48,15.65,0.0,0.0,0.0,0.0,2,0,23,0.0,0.0,0.0,3.91,23.48,0.0,7.83,66.67,7.83,66.67,0.0,0.0
384,566894,La Liga,24/25,Deportivo Alavés,Stoichkov,Forward,6.7,0.0,0.14,0.13,2.31,0.39,0.64,0.0,0.77,40.0,0.0,0.0,0.0,0.0,0.0,0.13,0.64,0.0,0.0,0.0,0.0,0.0,0.13,0.0,1.8,0.13,0.9,0,0.64,0.0,0.0,0.0,0.0,0.0,0.39,0.13,0.0,0.9,25.68,16.82,8.86,65.5,5.78,11.17,7.06,0.13,7.69,1.28,58.82,16,6,701,0.13,0.0,1.16,2.05,15.15,0.9,5.26,48.24,4.49,54.69,0.77,28.57
385,900008,La Liga,24/25,Rayo Vallecano,Óscar Valentín,Midfielder,6.7,0.0,0.02,0.05,0.24,0.05,0.05,0.0,0.24,55.56,0.0,0.0,0.0,0.0,0.0,0.0,0.0,0.0,0.0,0.0,0.0,0.0,0.0,0.0,2.68,1.02,2.39,0,2.1,0.05,0.05,0.0,0.0,0.15,0.05,0.0,0.0,0.63,40.29,33.51,6.78,83.17,16.15,17.41,7.07,0.05,50.0,1.56,45.71,34,18,1845,0.24,0.0,2.78,1.51,8.39,0.39,6.05,45.93,4.44,45.96,1.61,45.83
386,951986,La Liga,24/25,Valencia,Iván Jaime,Midfielder,6.7,0.0,0.18,0.0,2.47,0.92,0.0,0.0,1.54,41.67,0.0,0.0,0.0,0.0,0.0,0.0,0.31,0.0,0.0,0.0,0.0,0.0,0.0,0.0,2.47,0.62,0.0,0,0.31,0.0,0.0,0.0,0.0,0.0,0.0,0.0,0.0,1.23,30.21,24.35,5.86,80.61,6.78,17.88,13.25,0.31,16.67,0.92,60.0,9,2,292,0.0,0.0,2.47,3.08,16.64,2.16,8.32,50.94,7.09,51.11,1.23,50.0
387,997280,La Liga,24/25,Osasuna,Raúl García de Haro,Forward,6.7,0.47,0.41,0.47,2.94,1.41,0.94,16.0,1.29,57.89,0.35,0.12,0.12,0.12,0.24,0.12,0.71,0.0,0.0,0.0,0.0,0.0,0.0,0.0,1.53,0.0,0.71,0,0.59,0.0,0.0,0.0,0.0,0.0,0.12,0.0,0.0,0.35,18.71,13.41,5.29,71.7,4.12,9.41,5.76,0.12,16.67,0.12,11.11,32,5,765,0.12,0.0,1.29,1.41,11.76,1.53,6.59,49.12,4.12,49.3,2.47,48.84
388,66492,La Liga,24/25,Real Madrid,David Alaba,Defender,6.7,0.0,0.0,0.0,0.0,0.0,0.0,0.0,0.0,0.0,0.0,0.0,0.0,0.0,0.0,0.0,0.0,0.0,0.0,0.0,0.0,0.0,0.0,0.0,0.28,1.71,1.99,0,0.0,0.0,0.0,0.0,0.0,0.0,0.0,0.0,0.0,0.28,63.23,58.1,5.13,91.89,43.29,14.81,5.13,0.0,0.0,2.28,36.36,7,4,316,0.28,0.0,0.57,0.0,6.55,0.0,1.42,62.5,0.28,33.33,1.14,80.0
389,2064599,La Liga,24/25,Las Palmas,Diego Martín,Defender,6.7,0.0,0.09,0.0,2.37,0.0,2.37,0.0,0.0,0.0,0.0,0.0,0.0,0.0,0.0,0.0,0.0,0.0,0.0,0.0,0.0,0.0,0.0,0.0,2.37,0.0,2.37,0,0.0,0.0,0.0,0.0,0.0,0.0,0.0,0.0,0.0,0.0,26.05,18.95,7.11,72.73,7.11,11.84,4.74,0.0,0.0,2.37,50.0,2,0,38,0.0,0.0,0.0,2.37,16.58,0.0,4.74,40.0,4.74,100.0,0.0,0.0
390,1134538,La Liga,24/25,Sevilla,Mateo Mejía,Midfielder,6.7,0.0,0.0,0.0,0.0,0.0,0.0,0.0,0.0,0.0,0.0,0.0,0.0,0.0,0.0,0.0,0.0,0.0,0.0,0.0,0.0,0.0,0.0,0.0,0.0,0.0,0.0,0,0.0,0.0,0.0,0.0,0.0,0.0,0.0,0.0,0.0,0.0,9.0,0.0,9.0,0.0,0.0,0.0,0.0,0.0,0.0,0.0,0.0,1,0,10,0.0,0.0,0.0,9.0,9.0,0.0,18.0,100.0,9.0,100.0,9.0,100.0
391,69416,La Liga,24/25,Girona FC,Oriol Romeu,Midfielder,6.7,0.0,0.01,0.0,0.33,0.07,0.13,0.0,0.26,57.14,0.0,0.0,0.0,0.0,0.0,0.07,0.0,0.0,0.0,0.0,0.0,0.0,0.0,0.0,2.49,0.79,1.31,0,0.79,0.07,0.2,0.07,0.0,0.2,0.07,0.0,0.0,0.52,57.27,52.04,5.24,90.86,25.72,26.51,10.15,0.2,37.5,2.81,71.67,25,17,1375,0.33,0.0,1.83,1.18,7.53,0.85,4.78,49.66,3.93,51.72,0.85,41.94
392,980410,La Liga,24/25,Real Sociedad,Beñat Turrientes,Midfielder,6.7,0.0,0.05,0.1,0.67,0.19,0.38,0.0,1.25,65.0,0.0,0.0,0.0,0.0,0.0,0.0,0.0,0.0,0.0,0.0,0.0,0.0,0.0,0.0,1.44,0.48,1.25,0,1.05,0.0,0.1,0.0,0.0,0.19,0.1,0.0,0.0,0.29,41.41,38.15,3.26,92.13,16.1,22.62,9.78,0.58,31.58,2.59,79.41,21,11,939,0.38,0.0,1.25,2.2,8.34,1.05,5.85,50.41,4.89,54.84,0.96,35.71
393,1214990,La Liga,24/25,FC Barcelona,Dani Rodríguez,Midfielder,6.7,0.0,0.07,0.0,4.74,0.0,4.74,0.0,0.0,0.0,0.0,0.0,0.0,0.0,0.0,0.0,0.0,0.0,0.0,0.0,0.0,0.0,0.0,0.0,0.0,0.0,0.0,0,0.0,0.0,0.0,0.0,0.0,0.0,0.0,0.0,0.0,0.0,40.26,35.53,4.74,88.24,0.0,35.53,18.95,0.0,0.0,0.0,0.0,1,1,38,0.0,0.0,0.0,0.0,18.95,0.0,0.0,0.0,0.0,0.0,0.0,0.0
394,925220,La Liga,24/25,Las Palmas,Pejiño,Midfielder,6.7,0.0,0.18,0.0,6.0,0.0,6.0,0.0,0.0,0.0,0.0,0.0,0.0,0.0,0.0,0.0,0.0,0.0,0.0,0.0,0.0,0.0,0.0,0.0,6.0,0.0,0.0,0,0.0,0.0,0.0,0.0,0.0,0.0,0.0,0.0,0.0,0.0,36.0,36.0,0.0,100.0,18.0,18.0,6.0,0.0,0.0,0.0,0.0,1,0,15,0.0,0.0,6.0,0.0,12.0,0.0,6.0,50.0,6.0,50.0,0.0,0.0
395,1031421,La Liga,24/25,Real Betis,Rodri Sánchez,Midfielder,6.7,0.0,0.13,0.0,1.54,1.54,0.0,0.0,1.54,33.33,0.0,0.0,0.0,0.0,0.0,0.0,0.77,0.0,0.0,0.0,0.0,0.0,0.0,0.0,1.54,0.77,0.77,0,0.77,0.0,0.77,0.0,0.0,0.0,0.0,0.0,0.0,1.54,45.38,39.23,6.15,86.44,13.85,28.46,16.15,3.08,66.67,1.54,40.0,3,1,117,0.0,0.0,1.54,1.54,16.15,1.54,4.62,35.29,4.62,40.0,0.0,0.0
396,1136806,La Liga,24/25,Getafe,Nabil Aberdin,Defender,6.7,0.0,0.01,0.0,0.67,0.0,0.33,0.0,0.67,66.67,0.0,0.0,0.0,0.0,0.0,0.0,0.0,0.0,0.0,0.0,0.0,0.0,0.0,0.0,2.01,0.0,1.67,0,0.0,0.0,0.0,0.0,0.0,0.0,0.0,0.0,0.0,0.33,20.07,12.04,8.03,60.0,4.35,7.7,2.34,0.0,0.0,2.34,46.67,7,4,269,0.33,0.0,2.34,2.01,9.37,0.33,8.03,66.67,4.68,60.87,3.35,76.92
397,377206,La Liga,24/25,Las Palmas,Daley Sinkgraven,Defender,6.7,0.0,0.0,0.0,0.0,0.0,0.0,0.0,1.0,100.0,0.0,0.0,0.0,0.0,0.0,0.0,0.0,0.0,0.0,0.0,0.0,0.0,0.0,0.0,5.0,1.0,1.0,0,2.0,0.0,0.0,0.0,0.0,0.0,0.0,0.0,0.0,1.0,57.0,45.0,12.0,78.95,22.0,23.0,13.0,0.0,0.0,1.0,25.0,2,1,90,0.0,0.0,2.0,2.0,18.0,1.0,9.0,64.29,8.0,61.54,1.0,100.0
398,799195,La Liga,24/25,Deportivo Alavés,Aleksandar Sedlar,Defender,6.69,0.0,0.0,0.0,0.15,0.0,0.15,0.0,0.0,0.0,0.0,0.0,0.0,0.0,0.0,0.0,0.0,0.0,0.0,0.0,0.0,0.0,0.0,0.0,2.7,1.5,3.45,0,0.3,0.0,0.15,0.0,0.0,0.15,0.0,0.0,0.0,0.0,34.95,28.95,6.0,82.83,18.15,10.8,2.4,0.0,0.0,2.7,52.94,9,7,600,0.15,0.15,1.35,0.75,6.15,0.0,4.8,64.0,3.45,65.71,1.35,60.0
399,11869,La Liga,24/25,Sevilla,Jesús Navas,Defender,6.69,0.2,0.11,0.2,0.61,0.41,0.2,33.33,0.82,66.67,0.2,0.0,0.0,0.0,0.2,0.0,0.61,0.0,0.0,0.0,0.0,0.0,0.0,0.0,1.02,0.82,1.02,0,0.61,0.0,0.0,0.0,0.0,0.0,0.0,0.0,0.0,2.05,42.75,35.59,7.16,83.25,14.93,22.7,11.66,2.05,30.3,1.64,44.44,15,3,440,0.0,0.0,0.2,0.82,14.52,0.82,3.68,56.25,2.45,57.14,1.23,54.55
400,966441,La Liga,24/25,Real Sociedad,Aihen Muñoz,Defender,6.69,0.0,0.01,0.0,0.49,0.0,0.33,0.0,0.57,63.64,0.0,0.0,0.0,0.0,0.0,0.0,0.0,0.0,0.0,0.0,0.0,0.0,0.0,0.0,1.96,1.14,3.42,0,1.14,0.0,0.0,0.08,0.0,0.24,0.08,0.0,0.0,0.24,37.5,29.02,8.48,77.39,15.9,13.45,5.87,0.33,11.43,0.82,16.95,21,13,1104,0.41,0.0,1.22,0.98,16.55,0.24,5.38,55.46,3.42,53.85,1.96,58.54
401,3041,La Liga,24/25,Villarreal,Raúl Albiol,Defender,6.69,0.0,0.01,0.0,0.15,0.0,0.0,0.0,0.0,0.0,0.0,0.0,0.0,0.0,0.0,0.0,0.0,0.0,0.0,0.0,0.0,0.0,0.0,0.0,0.75,0.45,5.03,0,0.3,0.0,0.08,0.15,0.08,0.08,0.0,0.0,0.0,0.0,60.88,54.57,6.31,89.64,39.71,14.86,2.63,0.0,0.0,3.3,46.32,15,14,1199,0.3,0.0,0.83,0.45,6.76,0.08,3.38,60.81,1.13,51.72,2.25,66.67
402,351500,La Liga,24/25,Espanyol,Brian Oliván,Defender,6.69,0.0,0.03,0.0,0.53,0.09,0.35,0.0,0.09,25.0,0.0,0.0,0.0,0.0,0.0,0.0,0.26,0.0,0.0,0.0,0.0,0.0,0.18,0.0,1.14,0.88,1.76,0,0.79,0.0,0.0,0.0,0.0,0.09,0.18,0.09,0.0,1.32,28.92,21.8,7.12,75.38,9.14,13.89,7.12,1.23,25.45,2.02,37.7,17,12,1024,0.18,0.0,1.14,0.53,13.62,0.09,2.02,40.35,1.76,45.45,0.26,23.08
403,826010,La Liga,24/25,Espanyol,Pol Lozano,Midfielder,6.69,0.0,0.01,0.0,0.37,0.09,0.14,0.0,0.23,29.41,0.0,0.0,0.0,0.0,0.0,0.0,0.0,0.0,0.0,0.0,0.0,0.0,0.0,0.0,2.44,1.01,1.24,0,1.52,0.0,0.0,0.0,0.0,0.09,0.05,0.05,0.0,0.78,36.77,31.3,5.47,85.13,15.26,16.41,7.72,0.37,42.11,2.3,71.43,30,27,1958,0.6,0.0,2.57,0.64,8.27,0.69,3.77,38.32,3.31,38.3,0.46,38.46
404,794950,La Liga,24/25,Getafe,Carles Pérez,Midfielder,6.69,0.19,0.15,0.19,2.13,0.56,0.56,8.82,1.32,43.75,0.19,0.0,0.0,0.19,0.0,0.0,0.06,0.0,0.0,0.0,0.0,0.0,0.06,0.0,2.07,0.38,1.13,0,1.69,0.0,0.0,0.0,0.0,0.06,0.13,0.0,0.0,1.07,18.24,13.41,4.83,73.54,3.95,10.15,5.58,0.69,26.19,0.38,28.57,27,15,1436,0.13,0.0,2.76,0.69,12.47,1.19,4.89,35.62,4.07,36.52,0.81,31.71
405,824130,La Liga,24/25,Osasuna,José Manuel Arnáiz,Forward,6.69,0.0,0.17,0.0,3.14,1.57,0.0,0.0,0.52,33.33,0.0,0.0,0.0,0.0,0.0,0.0,2.09,0.0,0.0,0.0,0.0,0.0,1.05,0.0,3.66,2.62,0.52,0,1.57,0.0,0.0,0.0,0.0,0.0,0.52,0.0,0.0,1.57,30.35,24.59,5.76,81.03,5.23,21.45,10.99,2.09,22.22,1.57,50.0,15,1,172,0.0,0.0,0.0,2.62,19.88,2.62,7.33,51.85,6.8,56.52,0.52,25.0
406,966679,La Liga,24/25,Real Valladolid,Juanmi Latasa,Forward,6.69,0.19,0.28,0.26,2.57,0.83,1.03,7.5,0.51,53.33,0.19,0.0,0.06,0.06,0.06,0.0,0.45,0.0,0.0,0.0,0.0,0.0,0.0,0.0,0.26,0.0,0.71,0,0.26,0.06,0.0,0.06,0.0,0.06,0.0,0.0,0.0,0.83,16.29,9.81,6.48,60.24,4.43,5.45,2.95,0.06,20.0,0.51,57.14,28,14,1403,0.38,0.06,2.57,2.31,10.58,1.15,8.85,53.49,2.69,41.18,6.16,61.54
407,218616,La Liga,24/25,Girona FC,Portu,Forward,6.69,0.11,0.18,0.34,0.91,0.45,0.23,12.5,0.45,44.44,0.11,0.0,0.0,0.0,0.11,0.0,0.8,0.0,0.0,0.0,0.0,0.0,0.0,0.0,1.48,0.0,0.23,0,0.34,0.0,0.0,0.0,0.0,0.0,0.23,0.23,0.0,1.59,23.52,18.52,5.0,78.74,5.0,14.09,8.41,0.57,19.23,0.34,37.5,27,6,792,0.45,0.0,1.59,1.14,10.11,0.34,4.2,50.68,3.07,54.0,1.14,43.48
408,801837,La Liga,24/25,Athletic Club,Íñigo Lekue,Defender,6.69,0.0,0.02,0.0,0.23,0.0,0.12,0.0,0.7,42.86,0.0,0.0,0.0,0.0,0.0,0.0,0.0,0.0,0.0,0.0,0.0,0.0,0.0,0.0,1.76,1.05,3.16,0,0.94,0.12,0.12,0.0,0.0,0.35,0.12,0.0,0.0,0.94,40.08,32.23,7.85,80.41,16.17,16.41,7.38,0.35,18.75,1.64,35.0,16,8,768,0.12,0.0,0.59,0.23,13.48,0.59,3.4,50.88,2.7,46.94,0.7,75.0
409,1099344,La Liga,24/25,Espanyol,Antoniu Roca,Midfielder,6.69,0.0,0.08,0.17,0.86,0.35,0.17,0.0,2.5,63.04,0.0,0.0,0.0,0.0,0.0,0.0,0.35,0.0,0.0,0.0,0.0,0.0,0.0,0.0,1.81,0.69,0.86,0,1.04,0.0,0.09,0.0,0.0,0.0,0.17,0.09,0.0,0.6,16.84,12.26,4.58,72.82,3.89,8.64,5.96,0.26,15.0,0.17,25.0,26,13,1042,0.26,0.0,1.64,1.99,11.57,1.04,6.82,50.32,6.31,54.89,0.52,25.0
410,966862,La Liga,24/25,Real Sociedad,Ander Barrenetxea,Midfielder,6.69,0.07,0.12,0.14,1.79,0.57,0.72,4.0,1.86,39.39,0.07,0.0,0.0,0.07,0.0,0.0,0.43,0.0,0.0,0.0,0.0,0.0,0.0,0.0,1.86,0.79,0.93,0,1.22,0.07,0.0,0.07,0.0,0.0,0.21,0.21,0.0,1.14,32.91,25.47,7.44,77.39,7.51,18.6,9.94,0.64,16.67,2.0,60.87,30,14,1258,0.43,0.0,2.36,0.93,19.67,1.86,5.15,36.0,4.65,36.52,0.5,31.82
411,307702,La Liga,24/25,Getafe,Djené,Defender,6.69,0.0,0.01,0.0,0.21,0.0,0.21,0.0,0.25,50.0,0.0,0.0,0.0,0.0,0.0,0.0,0.04,0.0,0.0,0.0,0.0,0.0,0.0,0.0,0.88,0.74,3.6,0,0.71,0.0,0.11,0.0,0.0,0.28,0.0,0.0,0.0,0.32,27.99,21.82,6.17,77.96,11.03,11.03,4.48,0.25,21.88,1.9,44.26,31,31,2553,0.35,0.04,1.41,0.92,9.55,0.6,3.56,47.64,2.01,41.3,1.55,59.46
412,252863,La Liga,24/25,Real Valladolid,Darwin Machís,Midfielder,6.68,0.0,0.13,0.14,1.96,0.28,0.84,0.0,0.7,29.41,0.0,0.0,0.0,0.0,0.0,0.0,0.28,0.0,0.0,0.0,0.0,0.0,0.14,0.0,0.7,0.7,1.26,0,0.84,0.0,0.0,0.0,0.0,0.0,0.28,0.14,0.0,1.12,26.87,19.46,7.42,72.4,8.54,13.02,6.58,2.1,22.06,0.84,31.58,18,7,643,0.0,0.0,0.56,1.96,18.06,0.56,4.2,51.72,3.36,48.0,0.84,75.0
413,1019236,La Liga,24/25,Espanyol,Jofre Carreras,Midfielder,6.68,0.12,0.1,0.12,1.64,0.45,0.49,7.5,1.6,39.39,0.0,0.12,0.0,0.0,0.12,0.0,0.12,0.0,0.0,0.0,0.0,0.0,0.0,0.0,0.9,0.62,0.9,0,0.41,0.0,0.0,0.0,0.0,0.0,0.08,0.12,0.0,0.99,18.77,13.56,5.22,72.21,4.85,9.16,5.01,0.45,20.37,0.45,35.48,37,26,2191,0.21,0.0,1.15,2.42,14.09,1.64,5.13,45.62,4.93,47.62,0.21,22.73
414,82474,La Liga,24/25,Athletic Club,Ander Herrera,Midfielder,6.68,0.0,0.58,1.0,2.68,1.34,0.67,0.0,0.67,66.67,0.0,0.0,0.0,0.0,0.0,0.0,0.0,0.0,0.33,0.0,0.0,0.0,0.0,0.0,2.68,0.67,3.35,0,1.0,0.0,0.0,0.0,0.0,0.0,0.0,0.0,0.0,0.67,66.25,60.22,6.02,90.91,23.09,37.14,17.73,0.0,0.0,2.01,60.0,8,2,269,0.67,0.0,2.01,1.0,8.36,0.67,5.35,53.33,4.35,52.0,1.0,60.0
415,917485,La Liga,24/25,Espanyol,Walid Cheddira,Forward,6.68,0.14,0.14,0.14,1.83,0.56,0.84,7.69,0.56,22.22,0.14,0.0,0.0,0.14,0.0,0.14,1.54,0.14,0.0,0.0,0.0,0.0,0.0,0.0,0.7,0.14,0.84,0,0.14,0.0,0.0,0.0,0.0,0.0,0.28,0.14,0.0,0.84,14.18,10.25,3.93,72.28,3.23,7.02,3.23,0.0,0.0,0.14,33.33,22,5,641,0.42,0.0,4.21,3.79,10.95,1.26,7.16,41.8,5.05,43.9,2.11,37.5
416,793761,La Liga,24/25,Real Valladolid,Mamadou Sylla,Forward,6.68,0.28,0.28,0.17,1.24,0.39,0.62,22.73,0.28,38.46,0.28,0.0,0.0,0.0,0.28,0.0,0.73,0.11,0.22,0.22,100.0,0.0,0.0,0.0,0.51,0.17,0.79,0,0.39,0.0,0.0,0.0,0.0,0.06,0.11,0.11,0.0,0.79,14.95,9.73,5.23,65.04,3.82,5.9,3.37,0.0,0.0,0.28,62.5,29,17,1601,0.28,0.0,0.9,1.8,10.01,1.12,4.89,44.85,2.53,48.91,2.36,41.18
417,790179,La Liga,24/25,Mallorca,Cyle Larin,Forward,6.68,0.35,0.33,0.4,1.97,0.76,0.81,17.95,0.4,27.59,0.35,0.0,0.05,0.1,0.2,0.0,1.21,0.05,0.05,0.05,100.0,0.0,0.0,0.0,0.61,0.05,0.81,0,0.3,0.0,0.0,0.0,0.0,0.05,0.1,0.1,0.0,0.4,15.51,10.71,4.8,69.06,2.93,7.78,3.59,0.0,0.0,0.25,62.5,32,21,1781,0.2,0.0,1.62,1.57,12.99,2.93,5.91,37.03,2.58,31.1,3.34,43.42
418,151138,La Liga,24/25,Valencia,Dimitri Foulquier,Defender,6.68,0.0,0.02,0.04,0.51,0.08,0.27,0.0,0.31,33.33,0.0,0.0,0.0,0.0,0.0,0.0,0.04,0.0,0.0,0.0,0.0,0.0,0.0,0.0,1.88,0.63,2.98,0,0.47,0.0,0.04,0.0,0.0,0.16,0.12,0.04,0.0,0.39,38.66,31.49,7.17,81.46,17.15,14.69,6.38,0.35,15.79,1.21,34.83,32,25,2298,0.23,0.0,0.94,1.21,13.04,0.63,3.92,53.48,3.41,56.86,0.51,38.24
419,355048,La Liga,24/25,Real Madrid,Jesús Vallejo,Defender,6.68,0.0,0.0,0.0,0.0,0.0,0.0,0.0,0.0,0.0,0.0,0.0,0.0,0.0,0.0,0.0,0.0,0.0,0.0,0.0,0.0,0.0,0.0,0.0,0.0,1.32,4.63,0,0.0,0.0,0.0,0.0,0.0,0.0,0.66,0.66,0.0,1.32,44.34,39.71,4.63,89.55,22.5,17.21,6.62,0.0,0.0,1.99,50.0,4,1,136,0.0,0.0,0.0,0.0,4.63,0.0,1.99,50.0,0.0,0.0,1.99,50.0
420,152446,La Liga,24/25,Rayo Vallecano,Iván Balliu,Defender,6.68,0.0,0.0,0.0,0.07,0.0,0.0,0.0,0.22,75.0,0.0,0.0,0.0,0.0,0.0,0.0,0.07,0.0,0.0,0.0,0.0,0.0,0.0,0.0,1.25,0.96,2.5,0,0.88,0.0,0.0,0.0,0.0,0.29,0.0,0.0,0.0,0.51,34.09,26.45,7.64,77.59,13.81,13.0,6.69,0.37,26.32,1.4,33.93,25,12,1225,0.22,0.0,1.4,1.1,12.64,0.15,3.6,44.95,2.57,52.24,1.03,33.33
421,1031658,La Liga,24/25,Leganés,Javier Hernández,Defender,6.68,0.08,0.03,0.0,0.64,0.23,0.34,11.76,0.6,57.14,0.08,0.0,0.04,0.04,0.0,0.0,0.19,0.0,0.0,0.0,0.0,0.0,0.08,0.0,0.98,0.86,3.49,0,1.09,0.0,0.0,0.0,0.0,0.26,0.11,0.04,0.0,0.64,30.88,23.82,7.05,77.16,11.25,12.79,6.0,0.23,11.54,1.28,33.01,31,27,2399,0.23,0.0,1.84,0.6,12.42,0.98,2.96,36.57,2.18,33.72,0.79,47.73
422,891931,La Liga,24/25,Deportivo Alavés,Ander Guevara,Midfielder,6.68,0.0,0.04,0.05,0.55,0.14,0.32,0.0,0.41,64.29,0.0,0.0,0.0,0.0,0.0,0.0,0.0,0.0,0.0,0.0,0.0,0.0,0.0,0.0,2.26,0.65,1.89,0,1.29,0.0,0.05,0.0,0.0,0.09,0.05,0.05,0.0,0.55,45.16,34.98,10.18,77.45,16.82,18.2,8.29,0.05,20.0,2.4,49.52,33,20,1953,0.14,0.0,1.8,0.83,12.86,0.88,4.88,44.92,3.41,44.85,1.47,45.07
423,1084381,La Liga,24/25,Osasuna,Pablo Ibáñez,Midfielder,6.68,0.07,0.11,0.07,1.38,0.34,0.76,5.0,0.9,56.52,0.0,0.07,0.0,0.07,0.0,0.0,0.0,0.0,0.0,0.0,0.0,0.0,0.0,0.0,1.38,1.24,1.38,0,2.07,0.0,0.0,0.0,0.0,0.0,0.14,0.07,0.0,0.41,33.88,25.96,7.92,76.63,11.22,14.94,7.57,0.21,23.08,1.24,48.65,28,13,1307,0.28,0.0,1.93,2.0,12.19,1.1,5.58,42.86,4.27,42.76,1.31,43.18
424,966940,La Liga,24/25,Espanyol,José Gragera,Midfielder,6.68,0.0,0.01,0.0,0.32,0.0,0.16,0.0,0.0,0.0,0.0,0.0,0.0,0.0,0.0,0.0,0.0,0.0,0.0,0.0,0.0,0.0,0.0,0.0,3.8,0.79,2.06,0,1.27,0.0,0.0,0.0,0.0,0.0,0.0,0.0,0.0,0.16,34.17,30.05,4.11,87.96,19.77,10.28,3.64,0.0,0.0,0.79,41.67,10,7,569,0.0,0.0,2.85,1.27,5.22,0.16,6.8,55.13,5.06,52.46,1.74,64.71
425,827519,La Liga,24/25,Real Betis,Romain Perraud,Defender,6.67,0.09,0.02,0.0,0.9,0.22,0.36,10.0,0.49,37.93,0.04,0.04,0.0,0.04,0.04,0.0,0.22,0.0,0.0,0.0,0.0,0.0,0.0,0.0,1.62,0.99,2.74,0,1.12,0.04,0.0,0.04,0.0,0.09,0.18,0.09,0.0,0.72,39.3,32.66,6.64,83.11,14.85,18.39,9.2,0.58,18.31,0.67,22.39,28,22,2006,0.31,0.04,1.17,1.97,13.55,0.63,4.49,50.25,4.08,52.91,0.4,33.33
426,754710,La Liga,24/25,Valencia,Umar Sadiq,Forward,6.67,0.43,0.31,0.51,2.14,0.6,0.94,20.0,1.37,50.0,0.43,0.0,0.09,0.09,0.26,0.09,1.54,0.0,0.0,0.0,0.0,0.0,0.0,0.0,1.03,0.17,0.77,0,0.26,0.0,0.0,0.0,0.0,0.0,0.09,0.0,0.0,0.6,18.53,12.78,5.75,68.98,4.63,8.15,4.8,0.0,0.0,0.26,75.0,23,11,1049,0.43,0.0,3.17,1.46,15.1,2.57,6.61,40.31,3.86,35.43,2.75,50.0
427,1466124,La Liga,24/25,Real Valladolid,Adam Aznou,Defender,6.67,0.0,0.03,0.0,0.41,0.1,0.21,0.0,1.96,55.88,0.0,0.0,0.0,0.0,0.0,0.0,0.0,0.0,0.0,0.0,0.0,0.0,0.0,0.0,2.88,1.03,2.68,0,2.27,0.0,0.0,0.0,0.0,0.0,0.1,0.0,0.0,0.62,26.98,19.15,7.83,70.99,9.78,9.58,4.32,0.21,16.67,1.03,37.04,13,10,874,0.21,0.0,1.44,1.75,16.17,1.24,7.72,52.82,6.59,50.79,1.13,68.75
428,914848,La Liga,24/25,Las Palmas,Alex Suárez,Defender,6.67,0.0,0.02,0.04,0.22,0.11,0.04,0.0,0.0,0.0,0.0,0.0,0.0,0.0,0.0,0.0,0.04,0.0,0.0,0.0,0.0,0.0,0.0,0.0,1.46,0.47,3.72,0,0.26,0.0,0.07,0.04,0.07,0.11,0.0,0.0,0.0,0.11,48.17,41.43,6.75,86.0,30.38,11.05,2.59,0.0,0.0,2.26,37.13,30,30,2468,0.44,0.0,0.98,0.77,7.55,0.04,3.14,50.89,2.19,63.16,0.95,35.14
429,1149152,La Liga,24/25,Sevilla,Stanis Idumbo Muzambo,Midfielder,6.67,0.31,0.19,0.0,1.24,0.62,0.31,25.0,2.79,50.0,0.31,0.0,0.0,0.0,0.31,0.0,0.0,0.0,0.0,0.0,0.0,0.0,0.0,0.0,2.79,1.24,0.62,0,0.62,0.0,0.0,0.0,0.0,0.0,0.31,0.31,0.0,1.86,22.34,18.62,3.72,83.33,5.28,13.34,5.28,0.0,0.0,0.62,50.0,14,3,290,0.0,0.0,0.31,2.17,14.28,3.41,8.07,53.06,7.76,52.08,0.31,100.0
430,831424,La Liga,24/25,Atlético Madrid,Reinildo Mandava,Defender,6.67,0.0,0.01,0.0,0.09,0.09,0.0,0.0,0.38,30.77,0.0,0.0,0.0,0.0,0.0,0.0,0.09,0.0,0.0,0.0,0.0,0.0,0.0,0.0,1.71,1.52,3.03,0,0.76,0.0,0.0,0.09,0.0,0.38,0.0,0.0,0.0,0.19,49.26,41.4,7.86,84.04,24.92,16.58,5.87,0.09,12.5,1.52,34.04,19,10,950,0.38,0.0,1.8,1.71,11.18,0.38,4.74,48.54,3.79,51.28,0.95,40.0
431,997033,La Liga,24/25,Sevilla,Peque Fernández,Midfielder,6.67,0.08,0.19,0.15,1.47,0.31,0.46,5.26,0.85,47.83,0.08,0.0,0.08,0.0,0.0,0.0,0.15,0.0,0.0,0.0,0.0,0.0,0.0,0.0,1.24,0.62,0.31,0,0.77,0.0,0.0,0.08,0.0,0.0,0.15,0.08,0.0,0.93,26.21,21.49,4.72,82.01,7.19,14.38,8.35,0.08,10.0,0.85,68.75,26,14,1164,0.08,0.0,1.7,2.01,10.36,2.01,4.72,39.1,4.02,42.98,0.7,25.71
432,1127057,La Liga,24/25,Sevilla,Valentín Barco,Midfielder,6.66,0.0,0.09,0.0,2.14,0.0,1.53,0.0,0.92,25.0,0.0,0.0,0.0,0.0,0.0,0.0,0.0,0.0,0.0,0.0,0.0,0.0,0.61,0.0,4.59,0.61,0.61,0,0.92,0.0,0.0,0.0,0.0,0.0,0.0,0.0,0.0,1.84,41.33,32.76,8.57,79.26,13.47,20.2,11.63,0.92,12.5,2.14,46.67,7,3,294,0.0,0.0,2.14,1.53,21.73,1.22,7.04,50.0,7.04,53.49,0.0,0.0
433,115665,La Liga,24/25,Real Betis,Cédric Bakambu,Forward,6.66,0.25,0.4,0.63,3.04,1.39,1.39,8.33,0.13,16.67,0.25,0.0,0.25,0.0,0.0,0.25,1.52,0.13,0.0,0.0,0.0,0.0,0.0,0.0,0.76,0.0,0.63,0,0.51,0.0,0.0,0.0,0.0,0.0,0.25,0.25,0.0,1.14,15.59,10.65,4.94,68.29,2.92,7.73,5.07,0.0,0.0,0.0,0.0,25,6,710,0.51,0.0,2.92,0.89,11.15,1.39,3.3,27.96,1.77,26.42,1.52,30.0
434,880157,La Liga,24/25,Real Valladolid,Marcos André,Forward,6.66,0.07,0.2,0.37,1.64,0.15,1.12,4.55,1.27,48.57,0.07,0.0,0.0,0.0,0.07,0.0,0.37,0.0,0.0,0.0,0.0,0.0,0.0,0.0,0.75,0.22,0.75,0,0.6,0.0,0.0,0.0,0.0,0.0,0.22,0.15,0.07,0.75,15.27,10.21,5.07,66.83,4.62,5.59,3.13,0.0,0.0,0.89,85.71,22,14,1208,0.37,0.0,0.89,2.09,11.77,1.71,7.6,49.76,4.02,47.79,3.58,52.17
435,949722,La Liga,24/25,Mallorca,Antonio Sánchez,Midfielder,6.66,0.0,0.07,0.06,1.09,0.13,0.58,0.0,0.9,63.64,0.0,0.0,0.0,0.0,0.0,0.0,0.26,0.0,0.0,0.0,0.0,0.0,0.0,0.0,1.8,1.16,1.93,0,1.41,0.0,0.06,0.0,0.0,0.06,0.0,0.0,0.0,0.32,30.32,23.13,7.19,76.27,10.86,12.72,6.3,0.45,21.21,1.86,40.28,33,12,1401,0.19,0.0,1.54,0.71,12.01,0.45,3.79,43.7,3.34,46.85,0.45,29.17
436,175185,La Liga,24/25,Espanyol,Pere Milla,Midfielder,6.66,0.59,0.29,0.2,2.16,0.98,0.59,27.27,0.39,33.33,0.59,0.0,0.0,0.39,0.2,0.0,0.39,0.0,0.0,0.0,0.0,0.0,0.2,0.0,1.18,0.59,0.78,0,3.14,0.0,0.0,0.0,0.0,0.0,0.0,0.0,0.0,0.98,28.43,17.84,10.59,62.76,7.06,11.37,5.88,0.59,21.43,1.76,42.86,20,1,459,0.59,0.0,0.98,2.35,18.82,1.18,6.08,44.29,3.92,39.22,2.16,57.89
437,1160960,La Liga,24/25,Athletic Club,Álvaro Djaló,Forward,6.65,0.14,0.11,0.0,2.05,0.41,0.82,6.67,1.92,45.16,0.14,0.0,0.14,0.0,0.0,0.0,0.68,0.0,0.0,0.0,0.0,0.0,0.0,0.0,1.1,0.14,0.41,0,0.27,0.0,0.0,0.0,0.0,0.0,0.14,0.0,0.0,0.55,15.34,10.96,4.38,71.43,3.7,7.81,3.7,0.55,28.57,0.68,71.43,17,7,657,0.27,0.0,2.6,1.92,14.93,1.78,6.3,40.0,4.79,41.67,1.51,35.48
438,965822,La Liga,24/25,Deportivo Alavés,Adrián Rodríguez,Goalkeeper,6.65,0.0,0.0,0.0,0.0,0.0,0.0,0.0,0.0,0.0,0.0,0.0,0.0,0.0,0.0,0.0,0.0,0.0,0.0,0.0,0.0,0.0,0.0,0.0,0.0,0.0,2.23,0,0.74,0.0,0.74,0.0,0.0,0.0,0.0,0.0,0.0,0.0,37.19,14.13,23.06,38.0,1.49,12.64,4.46,0.0,0.0,13.39,36.73,2,1,121,0.74,0.0,0.0,2.23,23.06,0.0,2.23,75.0,1.49,66.67,0.74,100.0
439,94539,La Liga,24/25,Leganés,Darko Brašanac,Midfielder,6.65,0.06,0.1,0.17,0.67,0.17,0.28,8.33,0.11,28.57,0.06,0.0,0.0,0.0,0.06,0.06,0.22,0.06,0.0,0.0,0.0,0.0,0.0,0.0,1.44,0.89,1.83,0,0.44,0.0,0.0,0.0,0.0,0.06,0.0,0.11,0.0,0.5,27.06,20.83,6.22,77.0,9.5,11.44,6.5,0.11,18.18,0.5,26.47,30,15,1620,0.22,0.0,2.11,0.72,8.56,0.5,3.39,38.61,2.28,42.27,1.11,32.79
440,992397,La Liga,24/25,Leganés,Aritz Arambarri,Defender,6.65,0.0,0.01,0.0,0.51,0.0,0.0,0.0,0.0,0.0,0.0,0.0,0.0,0.0,0.0,0.0,0.0,0.0,0.0,0.0,0.0,0.0,0.0,0.0,0.51,1.52,4.04,0,0.0,0.0,0.0,0.0,0.0,0.0,0.0,0.0,0.0,0.0,33.88,24.78,9.1,73.13,22.25,2.53,0.51,0.0,0.0,0.51,6.67,2,2,178,0.0,0.0,0.0,0.0,9.61,0.0,3.54,46.67,0.51,100.0,3.03,42.86
441,1142094,La Liga,24/25,Sevilla,Manu Bueno,Midfielder,6.65,0.62,0.09,0.0,2.5,0.62,1.88,25.0,0.62,50.0,0.0,0.62,0.0,0.62,0.0,0.0,0.0,0.0,0.0,0.0,0.0,0.0,0.0,0.0,2.5,0.0,1.25,0,0.62,0.0,0.0,0.0,0.0,0.0,0.0,0.0,0.0,0.0,45.62,41.88,3.75,91.78,22.5,19.38,11.25,0.0,0.0,1.88,75.0,9,1,144,0.0,0.0,1.25,1.88,7.5,1.25,5.0,53.33,5.0,57.14,0.0,0.0
442,125625,La Liga,24/25,Espanyol,Sergi Gómez,Defender,6.65,0.0,0.04,0.0,0.27,0.13,0.0,0.0,0.0,0.0,0.0,0.0,0.0,0.0,0.0,0.0,0.0,0.0,0.0,0.0,0.0,0.0,0.0,0.0,1.07,0.94,5.1,0,0.13,0.0,0.0,0.0,0.0,0.0,0.0,0.0,0.0,0.0,46.81,41.71,5.1,89.11,36.35,5.37,0.67,0.0,0.0,1.34,32.26,12,6,671,0.13,0.0,0.8,0.13,5.37,0.0,2.68,40.82,1.21,56.25,1.48,33.33
443,1525863,La Liga,24/25,Villarreal,Pau Navarro,Defender,6.65,0.0,0.0,0.0,0.1,0.0,0.1,0.0,0.29,42.86,0.0,0.0,0.0,0.0,0.0,0.0,0.0,0.0,0.0,0.0,0.0,0.0,0.0,0.0,2.26,0.39,3.34,0,1.96,0.0,0.0,0.0,0.0,0.0,0.0,0.0,0.0,0.1,50.45,45.64,4.81,90.47,29.05,16.59,6.18,0.0,0.0,2.26,54.76,17,8,917,0.1,0.0,0.98,0.79,7.07,0.39,4.22,46.24,3.34,48.57,0.88,39.13
444,1145100,La Liga,24/25,Celta Vigo,Yoel Lago,Defender,6.65,0.0,0.0,0.0,0.0,0.0,0.0,0.0,0.46,75.0,0.0,0.0,0.0,0.0,0.0,0.0,0.0,0.0,0.0,0.0,0.0,0.0,0.0,0.0,1.85,0.62,4.63,0,0.31,0.0,0.0,0.15,0.0,0.0,0.0,0.15,0.0,0.15,65.45,60.51,4.94,92.45,43.53,16.98,4.63,0.0,0.0,3.09,50.0,8,7,583,0.31,0.0,2.47,1.39,6.02,0.15,4.17,50.94,3.7,54.55,0.46,33.33
445,842164,La Liga,24/25,Mallorca,Siebe Van Der Heyden,Defender,6.65,0.0,0.03,0.0,0.89,0.0,0.89,0.0,0.89,50.0,0.0,0.0,0.0,0.0,0.0,0.0,0.0,0.0,0.0,0.0,0.0,0.0,0.0,0.0,0.89,1.78,2.67,0,0.0,0.0,0.0,0.0,0.0,0.0,0.0,0.0,0.0,0.89,56.14,50.79,5.35,90.48,29.41,22.28,8.91,0.89,50.0,2.67,75.0,2,1,101,0.0,0.0,1.78,0.0,9.8,1.78,3.56,40.0,1.78,28.57,1.78,66.67
446,962378,La Liga,24/25,Mallorca,Valery Fernández,Midfielder,6.65,0.54,0.23,0.27,0.81,0.81,0.0,66.67,0.27,16.67,0.54,0.0,0.0,0.27,0.27,0.0,0.27,0.0,0.0,0.0,0.0,0.0,0.0,0.0,2.16,0.0,0.27,0,0.54,0.0,0.0,0.0,0.0,0.0,0.0,0.0,0.0,0.27,25.41,22.97,2.43,90.43,10.81,12.43,7.03,0.27,33.33,0.27,100.0,18,1,333,0.27,0.0,0.81,0.27,6.49,0.81,2.97,39.29,2.7,43.48,0.27,20.0
447,894863,La Liga,24/25,Celta Vigo,Anastasios Douvikas,Forward,6.64,0.39,0.57,0.91,2.21,1.17,0.78,17.65,0.52,36.36,0.39,0.0,0.13,0.0,0.26,0.13,1.17,0.0,0.0,0.0,0.0,0.0,0.0,0.0,1.17,0.39,0.78,0,0.39,0.0,0.0,0.0,0.0,0.0,0.0,0.13,0.0,0.39,13.66,9.75,3.9,71.43,5.46,4.42,2.6,0.13,100.0,0.13,100.0,20,6,692,0.26,0.0,1.3,3.51,10.4,2.47,7.02,46.96,5.07,50.65,1.95,39.47
448,826013,La Liga,24/25,Girona FC,Abel Ruíz,Forward,6.64,0.27,0.32,0.4,1.53,0.6,0.46,17.39,0.46,41.18,0.27,0.0,0.07,0.0,0.2,0.07,0.33,0.0,0.13,0.07,50.0,0.0,0.0,0.0,0.4,0.33,0.46,0,0.2,0.0,0.0,0.0,0.0,0.07,0.0,0.0,0.0,0.53,17.58,15.72,1.86,89.43,6.23,9.48,5.31,0.0,0.0,0.53,66.67,23,17,1357,0.2,0.0,0.46,0.86,6.3,1.19,2.32,38.04,1.72,40.63,0.6,32.14
449,996929,La Liga,24/25,Valencia,Jesús Vázquez,Defender,6.64,0.0,0.02,0.0,0.49,0.1,0.19,0.0,1.36,45.16,0.0,0.0,0.0,0.0,0.0,0.0,0.1,0.0,0.0,0.0,0.0,0.0,0.0,0.0,2.23,0.97,2.52,0,0.87,0.0,0.0,0.0,0.0,0.19,0.19,0.0,0.0,0.29,30.87,23.79,7.09,77.04,10.1,13.98,7.09,0.29,13.04,0.68,30.43,19,10,927,0.29,0.0,1.65,1.07,13.88,0.78,5.83,48.39,4.66,48.48,1.17,48.0
450,785468,La Liga,24/25,Real Sociedad,Aritz Elustondo,Defender,6.64,0.0,0.03,0.06,0.25,0.0,0.18,0.0,0.18,42.86,0.0,0.0,0.0,0.0,0.0,0.0,0.06,0.0,0.0,0.0,0.0,0.0,0.0,0.0,1.23,0.68,5.72,0,0.49,0.0,0.0,0.0,0.0,0.06,0.0,0.0,0.0,0.25,53.58,46.26,7.32,86.34,29.41,16.86,4.43,0.0,0.0,3.01,49.0,22,16,1463,0.12,0.06,1.54,1.11,9.6,0.37,4.31,50.72,2.52,49.4,1.78,52.73
451,557008,La Liga,24/25,Celta Vigo,Franco Cervi,Midfielder,6.64,0.0,0.0,0.0,0.0,0.0,0.0,0.0,0.32,50.0,0.0,0.0,0.0,0.0,0.0,0.0,0.0,0.0,0.0,0.0,0.0,0.0,0.0,0.0,2.59,2.59,1.94,0,1.62,0.0,0.0,0.0,0.0,0.0,0.32,0.0,0.0,1.62,34.96,23.31,11.65,66.67,7.77,16.19,8.09,0.65,33.33,0.97,17.65,7,4,278,0.32,0.0,1.29,0.32,15.22,0.65,4.53,45.16,3.24,47.62,1.29,40.0
452,1393242,La Liga,24/25,Real Valladolid,Tamás Nikitscher,Midfielder,6.64,0.0,0.01,0.0,0.21,0.11,0.11,0.0,0.53,83.33,0.0,0.0,0.0,0.0,0.0,0.0,0.0,0.0,0.0,0.0,0.0,0.0,0.0,0.0,1.79,1.16,1.68,0,0.53,0.0,0.11,0.0,0.0,0.0,0.0,0.0,0.0,0.21,32.63,29.89,2.74,91.61,20.0,9.89,3.37,0.0,0.0,1.37,76.47,13,9,855,0.21,0.0,1.89,0.95,4.53,0.95,4.84,52.27,3.26,48.44,1.58,62.5
453,1154549,La Liga,24/25,Real Valladolid,Mario Martín,Midfielder,6.64,0.0,0.09,0.1,1.43,0.66,0.36,0.0,0.97,55.88,0.0,0.0,0.0,0.0,0.0,0.0,0.05,0.0,0.0,0.0,0.0,0.0,0.0,0.0,3.17,1.07,2.35,0,1.43,0.05,0.31,0.05,0.0,0.05,0.15,0.05,0.0,0.61,40.17,34.45,5.72,85.75,21.77,12.73,5.67,0.05,9.09,1.74,56.67,30,20,1761,0.31,0.15,2.56,2.25,10.27,1.12,7.97,51.15,6.39,52.08,1.58,47.69
454,885259,La Liga,24/25,Leganés,Enric Franquesa,Defender,6.63,0.14,0.04,0.0,0.43,0.14,0.29,33.33,1.29,56.25,0.14,0.0,0.0,0.14,0.0,0.0,0.0,0.0,0.0,0.0,0.0,0.0,0.0,0.0,2.43,0.71,1.43,0,0.57,0.0,0.0,0.0,0.0,0.14,0.0,0.0,0.0,0.29,23.29,17.0,6.29,73.01,9.43,7.86,2.86,0.29,12.5,1.0,38.89,12,7,630,0.14,0.0,1.14,0.86,14.29,0.29,5.29,58.73,4.57,60.38,0.71,50.0
455,814360,La Liga,24/25,Osasuna,Juan Cruz,Defender,6.63,0.0,0.01,0.0,0.24,0.0,0.24,0.0,0.06,33.33,0.0,0.0,0.0,0.0,0.0,0.0,0.12,0.0,0.0,0.0,0.0,0.0,0.0,0.0,1.55,0.54,3.69,0,0.54,0.0,0.0,0.06,0.0,0.12,0.0,0.0,0.0,0.12,30.73,25.32,5.41,82.4,12.72,12.72,6.12,0.12,18.18,1.19,40.0,25,19,1514,0.24,0.0,0.95,0.12,9.81,0.18,2.26,48.72,1.72,49.15,0.54,47.37
456,96368,La Liga,24/25,Getafe,Juan Bernat,Defender,6.63,0.0,0.04,0.1,0.57,0.1,0.1,0.0,1.43,48.39,0.0,0.0,0.0,0.0,0.0,0.0,0.19,0.0,0.0,0.0,0.0,0.0,0.0,0.0,2.67,0.29,1.43,0,0.57,0.0,0.0,0.0,0.0,0.0,0.1,0.19,0.0,1.05,26.1,20.0,6.1,76.64,8.19,12.38,6.19,0.57,27.27,0.1,16.67,24,10,945,0.0,0.0,1.05,0.76,13.24,1.62,6.38,51.15,4.86,51.52,1.52,50.0
457,355072,La Liga,24/25,Deportivo Alavés,Asier Villalibre,Forward,6.63,0.26,0.42,0.79,2.38,0.53,1.32,11.11,0.53,18.18,0.26,0.0,0.0,0.26,0.0,0.0,0.53,0.0,0.26,0.26,100.0,0.0,0.0,0.0,0.53,0.26,1.85,0,0.26,0.0,0.0,0.0,0.0,0.0,0.26,0.26,0.0,0.26,17.74,11.65,6.09,65.67,4.5,7.15,3.97,0.0,0.0,0.79,100.0,16,2,340,0.53,0.0,2.91,1.85,12.71,1.32,8.74,46.48,2.91,29.73,5.82,64.71
458,1116987,La Liga,24/25,Espanyol,Alejo Véliz,Forward,6.63,0.08,0.18,0.4,1.51,0.48,1.03,5.26,0.08,25.0,0.08,0.0,0.0,0.0,0.08,0.0,0.4,0.08,0.0,0.0,0.0,0.0,0.0,0.0,0.08,0.32,1.67,0,0.48,0.0,0.08,0.0,0.0,0.0,0.08,0.0,0.0,0.24,14.72,9.55,5.17,64.86,4.85,4.69,2.39,0.0,0.0,0.4,62.5,27,10,1131,0.24,0.0,1.59,2.63,9.07,0.95,6.84,47.78,2.71,48.57,4.14,47.27
459,822607,La Liga,24/25,Deportivo Alavés,Tomás Conechny,Forward,6.63,0.11,0.25,0.42,2.33,1.06,0.74,4.55,0.63,46.15,0.11,0.0,0.11,0.0,0.0,0.0,0.53,0.0,0.0,0.0,0.0,0.0,0.21,0.0,1.59,0.63,1.06,0,1.9,0.0,0.0,0.0,0.0,0.0,0.0,0.0,0.0,0.74,29.93,20.09,9.84,67.14,6.03,15.55,6.24,1.48,45.16,0.32,23.08,22,9,851,0.85,0.0,2.96,1.16,17.66,0.95,5.82,40.74,3.38,35.56,2.43,51.11
460,1174937,La Liga,24/25,Real Madrid,Endrick,Forward,6.63,0.22,0.55,1.11,5.35,1.56,2.67,4.17,0.89,40.0,0.22,0.0,0.0,0.0,0.22,0.22,0.45,0.22,0.0,0.0,0.0,0.0,0.0,0.0,0.22,0.89,0.22,0,0.45,0.0,0.0,0.0,0.0,0.0,0.22,0.0,0.0,0.89,15.82,12.7,3.12,80.28,2.9,9.8,4.9,0.0,0.0,0.67,100.0,22,3,404,0.22,0.0,2.23,2.0,8.47,0.67,4.46,44.44,3.12,40.0,1.34,60.0
461,1119586,La Liga,24/25,Osasuna,Iker Muñoz,Midfielder,6.63,0.0,0.06,0.15,1.6,0.0,1.02,0.0,0.29,50.0,0.0,0.0,0.0,0.0,0.0,0.0,0.0,0.0,0.0,0.0,0.0,0.0,0.0,0.0,0.73,0.58,1.6,0,0.87,0.0,0.15,0.0,0.0,0.0,0.15,0.15,0.0,0.87,42.96,34.37,8.59,80.0,16.17,18.5,9.61,0.29,28.57,2.48,54.84,23,4,618,0.29,0.0,1.75,2.04,11.07,0.58,4.51,46.27,2.91,45.45,1.6,47.83
462,1914318,La Liga,24/25,Mallorca,Marc Domenech,Forward,6.63,0.0,0.2,0.3,2.36,0.59,0.89,0.0,0.3,50.0,0.0,0.0,0.0,0.0,0.0,0.0,0.0,0.0,0.0,0.0,0.0,0.0,0.0,0.0,1.18,0.0,0.59,0,0.89,0.0,0.0,0.0,0.0,0.0,0.0,0.0,0.0,1.48,13.28,9.44,3.84,71.11,3.25,6.79,2.95,0.59,50.0,0.3,50.0,10,3,305,0.0,0.0,1.48,0.3,8.85,0.89,4.13,42.42,1.77,35.29,2.36,50.0
463,1110904,La Liga,24/25,Espanyol,Justin Smith,Midfielder,6.62,0.0,0.0,0.0,0.0,0.0,0.0,0.0,0.41,33.33,0.0,0.0,0.0,0.0,0.0,0.0,0.0,0.0,0.0,0.0,0.0,0.0,0.0,0.0,3.73,1.66,0.41,0,0.83,0.0,0.0,0.0,0.0,0.0,0.0,0.0,0.0,0.41,24.47,16.59,7.88,67.8,9.12,7.47,3.73,0.0,0.0,0.0,0.0,5,3,217,0.0,0.0,2.07,0.83,11.61,0.41,6.22,60.0,4.98,57.14,1.24,75.0
464,992331,La Liga,24/25,Celta Vigo,Iker Losada,Midfielder,6.62,0.13,0.19,0.38,1.0,0.38,0.38,12.5,0.5,36.36,0.13,0.0,0.0,0.0,0.13,0.0,0.0,0.0,0.0,0.0,0.0,0.0,0.0,0.0,1.63,0.5,1.13,0,1.13,0.0,0.0,0.0,0.0,0.0,0.25,0.0,0.0,1.38,32.59,25.07,7.52,76.92,8.4,17.05,10.4,0.38,33.33,0.38,25.0,22,7,718,0.25,0.0,0.5,0.25,12.41,1.0,3.01,38.1,2.38,40.43,0.63,31.25
465,990659,La Liga,24/25,Deportivo Alavés,Jesús Owono,Goalkeeper,6.62,0.0,0.0,0.0,0.0,0.0,0.0,0.0,0.19,100.0,0.0,0.0,0.0,0.0,0.0,0.0,0.0,0.0,0.0,0.0,0.0,0.0,0.0,0.0,0.19,0.0,0.56,0,0.0,0.0,0.0,0.19,0.0,0.0,0.0,0.0,0.0,0.0,27.78,16.11,11.67,58.0,8.89,7.22,2.04,0.0,0.0,9.07,43.75,6,5,486,0.0,0.0,0.19,0.37,11.85,0.0,0.74,80.0,0.56,75.0,0.19,100.0
466,845168,La Liga,24/25,Real Valladolid,Amath Ndiaye,Midfielder,6.62,0.0,0.08,0.0,1.15,0.23,0.92,0.0,1.61,43.75,0.0,0.0,0.0,0.0,0.0,0.23,0.46,0.0,0.0,0.0,0.0,0.0,0.0,0.0,0.46,0.46,0.69,0,1.61,0.0,0.0,0.0,0.0,0.0,0.23,0.23,0.0,1.38,22.96,18.37,4.59,80.0,6.43,12.4,7.58,0.46,28.57,1.15,62.5,13,5,392,0.0,0.0,0.92,1.61,11.25,0.92,3.9,36.96,3.67,41.03,0.23,14.29
467,960401,La Liga,24/25,Las Palmas,Marvin Park,Defender,6.62,0.0,0.02,0.0,0.44,0.0,0.26,0.0,0.17,12.5,0.0,0.0,0.0,0.0,0.0,0.0,0.0,0.0,0.0,0.0,0.0,0.0,0.0,0.0,2.19,1.31,2.1,0,1.31,0.0,0.0,0.09,0.0,0.0,0.17,0.0,0.0,0.52,33.5,26.41,7.08,78.85,13.38,13.99,7.0,0.96,21.15,1.92,61.11,23,9,1029,0.35,0.0,1.75,1.49,15.92,0.7,4.72,42.52,3.85,44.0,0.87,37.04
468,96369,La Liga,24/25,Getafe,Juanmi,Forward,6.62,0.0,0.34,0.75,1.78,0.75,0.94,0.0,0.75,47.06,0.0,0.0,0.0,0.0,0.0,0.0,0.66,0.0,0.0,0.0,0.0,0.0,0.0,0.0,1.97,0.28,0.47,0,1.4,0.0,0.0,0.0,0.0,0.09,0.09,0.0,0.0,0.75,18.82,14.8,4.03,78.61,5.62,9.18,4.12,0.0,0.0,0.56,85.71,24,10,961,0.37,0.0,2.34,1.59,9.27,1.12,5.43,47.15,4.31,45.1,1.12,57.14
469,1121475,La Liga,24/25,Leganés,Diego García,Forward,6.61,0.22,0.29,0.52,2.14,0.67,0.96,10.34,0.3,40.0,0.22,0.0,0.0,0.07,0.15,0.07,0.52,0.07,0.0,0.0,0.0,0.0,0.0,0.0,0.07,0.15,0.74,0,0.44,0.0,0.0,0.0,0.0,0.0,0.0,0.0,0.0,0.44,13.52,8.79,4.73,65.03,2.88,5.99,3.25,0.07,20.0,0.3,57.14,28,13,1218,0.15,0.0,1.63,1.7,10.05,0.89,5.25,35.68,2.07,39.44,3.18,33.59
470,1136721,La Liga,24/25,Villarreal,Willy Kambwala,Defender,6.61,0.0,0.03,0.0,0.32,0.08,0.16,0.0,0.4,100.0,0.0,0.0,0.0,0.0,0.0,0.0,0.0,0.0,0.0,0.0,0.0,0.0,0.0,0.0,1.37,0.81,4.28,0,0.16,0.08,0.0,0.0,0.0,0.08,0.0,0.0,0.0,0.08,46.62,41.2,5.41,88.39,33.37,7.84,1.21,0.0,0.0,2.99,45.68,19,12,1114,0.08,0.08,0.4,0.0,7.03,0.4,3.07,55.88,1.78,64.71,1.29,47.06
471,146852,La Liga,24/25,Mallorca,Abdón Prats,Forward,6.61,0.39,0.44,0.77,2.71,1.16,1.16,14.29,0.19,33.33,0.39,0.0,0.19,0.19,0.0,0.0,0.39,0.19,0.19,0.19,100.0,0.0,0.0,0.0,0.39,0.19,1.16,0,0.19,0.0,0.0,0.0,0.0,0.0,0.0,0.0,0.0,0.58,17.03,11.42,5.61,67.05,3.87,7.55,3.1,0.0,0.0,0.58,75.0,24,3,465,0.77,0.0,1.16,3.68,11.42,2.32,7.74,42.55,4.26,51.16,3.48,35.29
472,1137584,La Liga,24/25,Real Valladolid,Chuki,Midfielder,6.61,0.25,0.25,0.25,1.97,0.86,0.86,12.5,0.49,44.44,0.25,0.0,0.0,0.12,0.12,0.12,0.49,0.0,0.0,0.0,0.0,0.0,0.0,0.0,0.98,0.0,0.49,0,0.86,0.0,0.0,0.0,0.0,0.0,0.37,0.0,0.0,0.98,16.99,12.68,4.31,74.64,6.77,7.02,3.32,1.11,37.5,0.74,50.0,18,9,731,0.12,0.0,0.37,1.23,9.36,0.62,2.95,44.44,2.71,52.38,0.25,16.67
473,916136,La Liga,24/25,Espanyol,Álvaro Aguado,Midfielder,6.61,0.0,0.11,0.19,1.94,0.19,0.78,0.0,0.97,71.43,0.0,0.0,0.0,0.0,0.0,0.0,0.0,0.0,0.0,0.0,0.0,0.0,0.19,0.0,0.97,0.78,0.97,0,1.17,0.19,0.0,0.0,0.0,0.0,0.39,0.19,0.0,0.78,45.1,36.16,8.94,80.17,14.77,22.16,12.63,0.78,33.33,3.3,58.62,16,4,463,0.58,0.0,0.97,1.56,13.61,0.78,4.08,55.26,3.5,52.94,0.58,75.0
474,149731,La Liga,24/25,Leganés,Sébastien Haller,Forward,6.61,0.0,0.09,0.0,0.89,0.22,0.44,0.0,0.22,33.33,0.0,0.0,0.0,0.0,0.0,0.0,1.56,0.0,0.0,0.0,0.0,0.0,0.0,0.0,0.44,0.0,1.56,0,0.22,0.0,0.0,0.0,0.0,0.0,0.0,0.0,0.0,0.22,20.0,12.0,8.0,60.0,5.56,6.44,3.56,0.0,0.0,0.22,100.0,8,5,405,0.0,0.0,0.89,1.11,13.78,1.33,7.56,53.13,1.78,38.1,5.78,60.47
475,1032022,La Liga,24/25,Deportivo Alavés,Luka Romero,Forward,6.6,0.0,0.37,0.46,0.91,0.0,0.46,0.0,0.46,50.0,0.0,0.0,0.0,0.0,0.0,0.0,0.46,0.46,0.46,0.0,0.0,0.0,0.0,0.0,1.83,0.46,0.0,0,0.46,0.0,0.0,0.0,0.0,0.0,0.0,0.0,0.0,1.83,17.82,14.16,3.65,79.49,4.11,11.42,3.65,1.37,30.0,0.0,0.0,6,2,197,0.0,0.0,1.37,1.37,12.79,3.2,4.57,40.0,3.65,42.11,0.91,33.33
476,1402716,La Liga,24/25,Real Madrid,Gonzalo García,Forward,6.6,0.0,0.83,1.7,1.7,0.0,1.7,0.0,0.0,0.0,0.0,0.0,0.0,0.0,0.0,0.0,0.0,0.0,0.0,0.0,0.0,0.0,0.0,0.0,0.0,0.0,0.0,0,0.0,0.0,0.0,0.0,0.0,0.0,1.7,1.7,0.0,1.7,33.96,32.26,1.7,95.0,6.79,25.47,18.68,0.0,0.0,1.7,100.0,3,0,53,0.0,0.0,0.0,0.0,6.79,5.09,1.7,25.0,0.0,0.0,1.7,100.0
477,825754,La Liga,24/25,Valencia,Rafa Mir,Forward,6.6,0.12,0.36,0.48,3.27,0.97,1.57,3.7,0.24,15.38,0.12,0.0,0.0,0.0,0.12,0.12,0.61,0.0,0.0,0.0,0.0,0.0,0.0,0.0,1.45,0.61,1.09,0,0.73,0.0,0.0,0.0,0.0,0.0,0.24,0.24,0.0,0.48,23.26,17.08,6.18,73.44,7.15,10.3,5.21,0.36,42.86,0.48,36.36,20,5,743,0.36,0.0,1.57,0.85,10.54,0.97,4.0,36.26,2.54,36.84,1.45,35.29
478,1086415,La Liga,24/25,Real Valladolid,Mario Maroto,Midfielder,6.6,0.0,0.03,0.0,1.43,0.0,0.0,0.0,1.43,100.0,0.0,0.0,0.0,0.0,0.0,0.0,0.0,0.0,0.0,0.0,0.0,0.0,0.0,0.0,0.0,2.86,2.86,0,2.86,0.0,0.0,0.0,0.0,0.0,0.0,1.43,0.0,1.43,55.71,44.29,11.43,79.49,21.43,22.86,8.57,0.0,0.0,0.0,0.0,2,0,63,0.0,0.0,2.86,0.0,15.71,0.0,2.86,28.57,1.43,20.0,1.43,50.0
479,962710,La Liga,24/25,Valencia,Germán Valera,Midfielder,6.6,0.0,0.08,0.0,1.9,1.27,0.0,0.0,1.9,50.0,0.0,0.0,0.0,0.0,0.0,0.0,0.0,0.0,0.0,0.0,0.0,0.0,0.0,0.0,0.63,2.54,1.27,0,0.63,0.0,0.63,0.0,0.0,0.0,0.0,0.0,0.0,0.63,25.35,20.92,4.44,82.5,8.24,12.68,8.24,0.0,0.0,0.0,0.0,8,1,142,0.0,0.0,1.27,2.54,14.58,0.63,5.7,50.0,5.07,53.33,0.63,33.33
480,191182,La Liga,24/25,Atlético Madrid,Thomas Lemar,Midfielder,6.6,0.0,0.3,1.03,2.07,1.03,1.03,0.0,0.0,0.0,0.0,0.0,0.0,0.0,0.0,0.0,0.0,0.0,0.0,0.0,0.0,0.0,1.03,0.0,2.07,0.0,0.0,0,2.07,0.0,0.0,0.0,0.0,0.0,1.03,0.0,0.0,2.07,66.21,56.9,9.31,85.94,19.66,38.28,22.76,1.03,33.33,2.07,40.0,5,0,87,0.0,0.0,1.03,2.07,15.52,1.03,4.14,36.36,4.14,40.0,0.0,0.0
481,894477,La Liga,24/25,Las Palmas,Fabio González,Midfielder,6.6,0.0,0.1,0.0,2.95,0.0,2.95,0.0,0.0,0.0,0.0,0.0,0.0,0.0,0.0,0.0,0.0,0.0,0.0,0.0,0.0,0.0,0.0,0.0,0.0,0.0,0.0,0,1.48,0.0,0.0,0.0,0.0,0.0,0.0,0.0,0.0,0.0,76.72,63.44,13.28,82.69,25.08,38.36,16.23,0.0,0.0,4.43,75.0,2,0,61,0.0,0.0,1.48,0.0,16.23,0.0,1.48,33.33,0.0,0.0,1.48,100.0
482,921417,La Liga,24/25,Real Valladolid,Stanko Jurić,Midfielder,6.6,0.0,0.04,0.0,0.41,0.1,0.21,0.0,0.31,60.0,0.0,0.0,0.0,0.0,0.0,0.0,0.0,0.0,0.0,0.0,0.0,0.0,0.0,0.0,2.42,1.24,2.63,0,1.49,0.0,0.0,0.0,0.0,0.21,0.05,0.0,0.0,0.21,38.71,32.73,5.98,84.55,22.89,9.85,3.35,0.0,0.0,0.98,38.78,26,19,1746,0.26,0.05,1.96,0.46,8.09,0.67,5.72,50.92,3.14,42.36,2.58,67.57
483,1116580,La Liga,24/25,Villarreal,Thiago Ojeda,Midfielder,6.6,0.0,0.07,0.0,6.92,0.0,6.92,0.0,0.0,0.0,0.0,0.0,0.0,0.0,0.0,0.0,0.0,0.0,0.0,0.0,0.0,0.0,0.0,0.0,0.0,0.0,6.92,0,0.0,0.0,0.0,0.0,0.0,0.0,0.0,0.0,0.0,0.0,48.46,48.46,0.0,100.0,13.85,34.62,20.77,0.0,0.0,0.0,0.0,1,0,13,6.92,0.0,6.92,0.0,13.85,0.0,0.0,0.0,0.0,0.0,0.0,0.0
484,1487790,La Liga,24/25,Sevilla,Isra Dominguez,Midfielder,6.6,0.0,0.0,0.0,0.0,0.0,0.0,0.0,0.0,0.0,0.0,0.0,0.0,0.0,0.0,0.0,5.29,0.0,0.0,0.0,0.0,0.0,0.0,0.0,0.0,0.0,0.0,0,0.0,0.0,0.0,0.0,0.0,0.0,0.0,0.0,0.0,0.0,5.29,5.29,0.0,100.0,5.29,0.0,0.0,0.0,0.0,0.0,0.0,1,0,17,0.0,0.0,0.0,5.29,0.0,0.0,5.29,50.0,5.29,100.0,0.0,0.0
485,966637,La Liga,24/25,Valencia,Fran Pérez,Midfielder,6.6,0.0,0.05,0.0,0.89,0.15,0.6,0.0,1.19,36.36,0.0,0.0,0.0,0.0,0.0,0.0,0.0,0.0,0.0,0.0,0.0,0.0,0.0,0.0,2.53,0.45,0.3,0,0.89,0.0,0.0,0.0,0.0,0.0,0.6,0.0,0.0,1.04,29.21,23.84,5.36,81.63,7.15,17.14,9.39,0.45,11.11,1.19,66.67,26,4,604,0.15,0.0,0.89,1.79,16.09,2.09,6.26,47.19,5.51,48.05,0.75,41.67
486,1162309,La Liga,24/25,Mallorca,Javi Llabrés,Midfielder,6.6,0.0,0.08,0.0,1.55,0.0,0.0,0.0,0.0,0.0,0.0,0.0,0.0,0.0,0.0,0.0,1.55,0.0,0.0,0.0,0.0,0.0,0.0,0.0,0.0,0.0,0.0,0,0.0,0.0,0.0,0.0,0.0,0.0,0.0,0.0,0.0,1.55,31.03,29.48,1.55,95.0,12.41,18.62,9.31,1.55,25.0,1.55,100.0,1,1,58,0.0,0.0,0.0,1.55,10.86,3.1,3.1,50.0,1.55,33.33,1.55,100.0
487,1014085,La Liga,24/25,Getafe,David Arguelles,Defender,6.6,0.0,0.0,0.0,0.0,0.0,0.0,0.0,0.0,0.0,0.0,0.0,0.0,0.0,0.0,0.0,0.0,0.0,0.0,0.0,0.0,0.0,0.0,0.0,0.0,0.0,0.0,0,0.0,0.0,0.0,0.0,0.0,0.0,0.0,0.0,0.0,0.0,30.0,18.0,12.0,60.0,0.0,18.0,12.0,0.0,0.0,0.0,0.0,1,0,15,0.0,0.0,0.0,0.0,12.0,0.0,0.0,0.0,0.0,0.0,0.0,0.0
488,997025,La Liga,24/25,Villarreal,Arnau Solà,Defender,6.6,0.0,0.0,0.0,0.0,0.0,0.0,0.0,0.0,0.0,0.0,0.0,0.0,0.0,0.0,0.0,0.0,0.0,0.0,0.0,0.0,0.0,0.0,0.0,0.0,0.0,0.0,0,15.0,0.0,0.0,0.0,0.0,0.0,0.0,0.0,0.0,0.0,15.0,7.5,7.5,50.0,0.0,7.5,7.5,0.0,0.0,0.0,0.0,1,0,12,0.0,0.0,7.5,0.0,7.5,0.0,0.0,0.0,0.0,0.0,0.0,0.0
489,1493486,La Liga,24/25,Real Valladolid,Iago Parente,Defender,6.6,0.0,0.0,0.0,0.0,0.0,0.0,0.0,0.0,0.0,0.0,0.0,0.0,0.0,0.0,0.0,0.0,0.0,0.0,0.0,0.0,0.0,0.0,0.0,0.0,0.0,2.5,0,0.0,0.0,0.0,0.0,0.0,0.0,0.0,0.0,0.0,1.25,45.0,33.75,11.25,75.0,18.75,15.0,3.75,0.0,0.0,0.0,0.0,1,1,72,0.0,0.0,0.0,1.25,12.5,0.0,1.25,100.0,1.25,100.0,0.0,0.0
490,1563953,La Liga,24/25,Valencia,Iker Cordoba,Defender,6.6,0.0,0.0,0.0,0.0,0.0,0.0,0.0,0.0,0.0,0.0,0.0,0.0,0.0,0.0,0.0,0.0,0.0,0.0,0.0,0.0,0.0,0.0,0.0,0.0,0.0,4.74,0,0.0,0.0,0.0,0.0,0.0,0.0,0.0,0.0,0.0,4.74,47.37,37.89,9.47,80.0,23.68,18.95,4.74,4.74,100.0,0.0,0.0,2,0,19,0.0,0.0,0.0,0.0,9.47,0.0,4.74,100.0,0.0,0.0,4.74,100.0
491,822933,La Liga,24/25,Sevilla,Gonzalo Montiel,Defender,6.6,0.0,0.02,0.0,0.73,0.0,0.0,0.0,0.0,0.0,0.0,0.0,0.0,0.0,0.0,0.0,0.0,0.0,0.0,0.0,0.0,0.0,0.0,0.0,2.9,1.45,7.26,0,0.73,0.0,0.0,0.0,0.0,0.0,0.0,0.0,0.0,0.0,46.45,42.82,3.63,92.19,27.58,15.97,9.44,0.73,33.33,2.9,80.0,6,1,124,0.73,0.0,2.18,0.73,8.71,0.0,4.35,60.0,3.63,55.56,0.73,100.0
492,1398511,La Liga,24/25,Athletic Club,Adama Boiro,Defender,6.6,0.0,0.02,0.0,0.41,0.0,0.24,0.0,0.65,33.33,0.0,0.0,0.0,0.0,0.0,0.0,0.08,0.0,0.0,0.0,0.0,0.0,0.0,0.0,1.63,0.98,1.88,0,0.41,0.08,0.0,0.0,0.0,0.0,0.0,0.0,0.0,0.41,30.33,25.43,4.89,83.87,10.6,15.16,7.09,0.33,12.9,0.41,22.73,18,13,1104,0.24,0.0,1.06,0.65,12.72,1.22,4.24,47.27,2.85,41.67,1.39,65.38
493,1026015,La Liga,24/25,Real Sociedad,Orri Óskarsson,Forward,6.59,0.28,0.48,0.85,1.8,0.66,0.95,15.79,0.19,28.57,0.28,0.0,0.0,0.09,0.19,0.09,0.95,0.0,0.0,0.0,0.0,0.0,0.0,0.0,0.57,0.19,1.04,0,0.57,0.0,0.0,0.0,0.0,0.0,0.0,0.0,0.0,0.47,17.56,9.78,7.78,55.68,3.13,6.74,3.8,0.09,14.29,0.09,25.0,23,9,948,0.09,0.0,0.66,0.57,12.06,1.04,4.27,35.16,1.33,33.33,2.94,36.05
494,985262,La Liga,24/25,Deportivo Alavés,Moussa Diarra,Defender,6.59,0.0,0.0,0.0,0.05,0.0,0.0,0.0,0.34,58.33,0.0,0.0,0.0,0.0,0.0,0.0,0.05,0.05,0.0,0.0,0.0,0.0,0.0,0.0,1.92,1.01,1.96,0,0.57,0.05,0.0,0.05,0.0,0.05,0.0,0.0,0.0,0.14,34.39,28.93,5.46,84.12,16.76,12.41,4.26,0.24,21.74,1.77,41.57,26,20,1879,0.29,0.0,1.34,1.15,9.72,0.72,4.89,53.4,3.3,53.49,1.58,53.23
495,1391375,La Liga,24/25,Athletic Club,Unai Gómez,Midfielder,6.59,0.07,0.13,0.21,1.34,0.28,0.63,5.26,0.85,50.0,0.07,0.0,0.0,0.07,0.0,0.0,0.0,0.0,0.0,0.0,0.0,0.0,0.07,0.0,0.85,0.14,0.99,0,0.21,0.07,0.0,0.0,0.0,0.0,0.07,0.21,0.0,0.7,19.73,15.22,4.51,77.14,5.78,9.87,5.99,0.42,26.09,0.56,50.0,32,14,1277,0.07,0.0,0.85,1.27,9.94,1.48,5.0,47.65,2.96,47.19,2.04,48.33
496,852412,La Liga,24/25,Sevilla,Álvaro Fernández,Goalkeeper,6.59,0.0,0.0,0.0,0.0,0.0,0.0,0.0,0.0,0.0,0.0,0.0,0.0,0.0,0.0,0.0,0.0,0.0,0.0,0.0,0.0,0.0,0.0,0.0,0.0,0.0,1.09,0,0.12,0.0,0.0,0.0,0.0,0.24,0.0,0.0,0.0,0.12,35.11,21.72,13.39,61.86,18.1,3.62,1.09,0.0,0.0,6.27,32.1,9,8,746,0.24,0.0,0.0,0.24,13.51,0.0,0.48,80.0,0.24,66.67,0.24,100.0
497,1905699,La Liga,24/25,Mallorca,Jan Salas,Midfielder,6.58,0.0,0.08,0.0,4.09,0.0,0.0,0.0,0.0,0.0,0.0,0.0,0.0,0.0,0.0,0.0,0.0,0.0,0.0,0.0,0.0,0.0,0.0,0.0,6.14,0.0,0.0,0,0.0,0.0,0.0,0.0,0.0,0.0,0.0,0.0,0.0,0.0,51.14,40.91,10.23,80.0,20.45,20.45,16.36,0.0,0.0,0.0,0.0,4,0,44,0.0,0.0,0.0,6.14,14.32,0.0,14.32,100.0,12.27,100.0,2.05,100.0
498,958018,La Liga,24/25,Leganés,Roberto López,Midfielder,6.58,0.0,0.11,0.22,1.33,0.22,0.88,0.0,0.44,50.0,0.0,0.0,0.0,0.0,0.0,0.0,0.0,0.0,0.0,0.0,0.0,0.0,0.0,0.0,1.77,0.22,1.33,0,2.21,0.22,0.22,0.0,0.0,0.22,0.22,0.22,0.0,2.21,39.58,32.29,7.3,81.56,11.94,21.45,11.28,1.11,20.83,1.99,60.0,13,3,407,0.0,0.0,0.22,0.66,15.26,1.11,3.1,37.84,2.65,41.38,0.44,25.0
499,790833,La Liga,24/25,Valencia,Sergi Canós,Midfielder,6.58,0.0,0.13,0.0,2.61,0.71,1.42,0.0,0.24,7.69,0.0,0.0,0.0,0.0,0.0,0.0,0.24,0.0,0.0,0.0,0.0,0.0,0.0,0.0,2.61,1.18,0.95,0,1.42,0.0,0.0,0.0,0.0,0.0,0.0,0.24,0.0,0.95,32.21,20.37,11.84,63.24,4.03,17.05,8.05,0.71,16.67,1.18,33.33,17,2,380,0.71,0.0,2.84,1.42,22.74,1.18,5.21,33.85,4.26,34.62,0.95,30.77
500,851226,La Liga,24/25,Getafe,Juan Berrocal,Defender,6.57,0.0,0.03,0.17,0.33,0.0,0.25,0.0,0.0,0.0,0.0,0.0,0.0,0.0,0.0,0.0,0.0,0.0,0.0,0.0,0.0,0.0,0.0,0.0,1.17,1.25,4.85,0,0.33,0.0,0.0,0.08,0.0,0.17,0.0,0.0,0.0,0.08,31.53,24.01,7.53,76.13,16.39,7.61,2.59,0.0,0.0,2.17,33.77,19,11,1076,0.5,0.08,1.42,0.08,7.78,0.0,3.76,54.22,1.25,42.86,2.51,62.5
501,1214359,La Liga,24/25,Real Valladolid,David Torres,Defender,6.57,0.0,0.02,0.0,0.19,0.06,0.0,0.0,0.06,50.0,0.0,0.0,0.0,0.0,0.0,0.0,0.0,0.0,0.0,0.0,0.0,0.0,0.0,0.0,0.91,0.65,4.48,0,0.26,0.0,0.0,0.0,0.06,0.0,0.0,0.0,0.0,0.06,45.32,37.6,7.73,82.95,28.25,9.42,2.01,0.06,33.33,2.34,37.11,18,15,1386,0.32,0.0,0.84,0.19,8.51,0.19,2.47,48.1,1.17,46.15,1.3,50.0
502,351140,La Liga,24/25,Las Palmas,Jaime Mata,Forward,6.57,0.0,0.34,1.07,2.28,0.8,0.94,0.0,0.67,62.5,0.0,0.0,0.0,0.0,0.0,0.13,1.61,0.0,0.0,0.0,0.0,0.0,0.0,0.0,1.07,0.4,1.34,0,0.8,0.0,0.0,0.0,0.0,0.0,0.0,0.0,0.0,0.4,23.61,16.77,6.84,71.02,6.44,10.46,6.17,0.13,11.11,0.8,75.0,30,4,671,1.21,0.0,2.68,1.88,11.13,0.4,7.11,46.9,3.62,47.37,3.49,46.43
503,868223,La Liga,24/25,Las Palmas,Benito Ramírez,Midfielder,6.57,0.0,0.05,0.0,1.75,0.18,0.7,0.0,0.53,25.0,0.0,0.0,0.0,0.0,0.0,0.0,0.0,0.0,0.0,0.0,0.0,0.0,0.18,0.0,1.75,0.18,2.28,0,1.23,0.0,0.18,0.0,0.0,0.0,0.18,0.0,0.0,2.28,44.21,37.54,6.67,84.92,16.32,23.33,9.82,2.11,30.77,1.05,33.33,19,2,513,0.35,0.18,0.88,1.4,16.32,1.05,4.39,39.68,3.68,43.75,0.7,26.67
504,21949,La Liga,24/25,Rayo Vallecano,Óscar Trejo,Midfielder,6.57,0.17,0.1,0.0,0.86,0.34,0.51,20.0,1.37,38.1,0.17,0.0,0.0,0.0,0.17,0.0,0.17,0.0,0.0,0.0,0.0,0.0,0.0,0.0,1.37,0.69,0.69,0,1.03,0.0,0.0,0.0,0.0,0.0,0.17,0.0,0.0,1.54,50.57,43.89,6.69,86.78,14.06,30.0,17.49,0.17,14.29,0.86,45.45,19,6,525,0.17,0.0,2.91,2.06,19.71,4.46,5.66,32.67,4.8,31.46,0.86,41.67
505,888930,La Liga,24/25,Valencia,Dani Gómez,Forward,6.57,0.33,0.44,0.67,2.33,1.0,1.16,14.29,0.5,30.0,0.17,0.17,0.0,0.0,0.33,0.0,1.66,0.0,0.0,0.0,0.0,0.0,0.0,0.0,0.5,0.33,0.67,0,0.0,0.0,0.0,0.0,0.0,0.0,0.0,0.0,0.0,0.17,13.48,9.98,3.49,74.07,2.99,6.99,3.66,0.0,0.0,0.0,0.0,14,5,541,0.0,0.0,1.16,1.33,7.99,1.33,3.49,33.33,2.33,43.75,1.16,22.58
506,879543,La Liga,24/25,Mallorca,Mateu Morey,Defender,6.57,0.0,0.05,0.12,0.35,0.12,0.0,0.0,1.06,60.0,0.0,0.0,0.0,0.0,0.0,0.0,0.12,0.0,0.0,0.0,0.0,0.0,0.0,0.0,2.6,1.77,3.42,0,1.18,0.12,0.12,0.0,0.0,0.12,0.12,0.0,0.0,0.47,37.51,30.79,6.72,82.08,17.58,13.33,4.95,0.12,6.25,1.06,34.62,16,8,763,0.12,0.0,2.01,1.18,13.68,1.18,5.78,50.52,4.84,49.4,0.94,57.14
507,945404,La Liga,24/25,Real Sociedad,Javi López,Defender,6.56,0.0,0.0,0.0,0.23,0.05,0.19,0.0,0.84,50.0,0.0,0.0,0.0,0.0,0.0,0.0,0.05,0.0,0.0,0.0,0.0,0.0,0.0,0.0,1.86,0.51,2.32,0,0.65,0.09,0.0,0.0,0.0,0.14,0.05,0.0,0.0,0.23,34.53,28.82,5.71,83.47,14.9,14.53,6.22,0.6,21.67,1.62,43.21,29,21,1939,0.19,0.0,1.39,1.25,13.55,1.02,4.41,48.72,3.95,51.2,0.46,34.48
508,141945,La Liga,24/25,Rayo Vallecano,Sergi Guardiola,Forward,6.56,0.0,0.56,0.94,2.6,0.71,1.89,0.0,0.0,0.0,0.0,0.0,0.0,0.0,0.0,0.0,0.47,0.0,0.0,0.0,0.0,0.0,0.0,0.0,1.18,0.24,0.47,0,0.24,0.0,0.0,0.0,0.0,0.0,0.0,0.0,0.0,1.18,18.9,12.99,5.91,68.75,4.72,8.5,6.38,0.24,25.0,0.47,100.0,16,1,381,0.24,0.0,2.13,1.65,10.87,1.18,4.25,38.3,2.83,42.86,1.42,31.58
509,1048927,La Liga,24/25,Getafe,Peter González,Midfielder,6.56,0.0,0.24,0.19,2.31,0.77,0.77,0.0,0.58,23.08,0.0,0.0,0.0,0.0,0.0,0.19,0.39,0.0,0.0,0.0,0.0,0.0,0.39,0.0,2.12,0.39,0.96,0,0.58,0.0,0.0,0.0,0.0,0.0,0.0,0.0,0.0,0.77,20.43,14.26,6.17,69.81,4.05,10.99,4.63,0.77,28.57,0.58,33.33,17,2,467,0.19,0.0,1.73,1.93,16.96,2.89,6.55,41.46,4.63,41.38,1.93,41.67
510,933426,La Liga,24/25,Las Palmas,Enzo Loiodice,Midfielder,6.56,0.0,0.04,0.0,0.91,0.52,0.26,0.0,0.52,33.33,0.0,0.0,0.0,0.0,0.0,0.0,0.13,0.0,0.0,0.0,0.0,0.0,0.0,0.0,2.2,1.3,0.91,0,0.91,0.13,0.13,0.0,0.0,0.0,0.0,0.0,0.0,0.65,56.02,48.24,7.78,86.11,26.33,22.44,7.39,0.52,40.0,2.2,68.0,17,7,694,0.39,0.0,1.3,0.78,12.58,1.56,4.41,43.59,3.37,41.94,1.04,50.0
511,359642,La Liga,24/25,Sevilla,Kelechi Iheanacho,Forward,6.56,0.0,0.33,0.22,2.02,0.45,0.45,0.0,0.45,50.0,0.0,0.0,0.0,0.0,0.0,0.0,1.57,0.0,0.0,0.0,0.0,0.0,0.0,0.0,0.22,0.0,0.22,0,0.45,0.0,0.0,0.0,0.0,0.0,0.0,0.0,0.0,1.12,17.73,13.24,4.49,74.68,4.04,9.2,5.16,0.0,0.0,0.22,50.0,9,5,401,0.0,0.0,1.12,0.22,8.08,0.9,1.35,22.22,0.9,23.53,0.45,20.0
512,943645,La Liga,24/25,Valencia,Max Aarons,Defender,6.55,0.0,0.0,0.0,0.0,0.0,0.0,0.0,0.73,33.33,0.0,0.0,0.0,0.0,0.0,0.0,0.0,0.0,0.0,0.0,0.0,0.0,0.0,0.0,2.9,0.0,2.18,0,0.73,0.0,0.0,0.0,0.0,0.0,0.0,0.0,0.0,0.73,36.29,27.58,8.71,76.0,11.61,15.97,7.26,0.0,0.0,0.73,20.0,4,1,124,1.45,0.0,0.0,1.45,18.87,0.73,6.53,64.29,5.08,63.64,1.45,66.67
513,255973,La Liga,24/25,Osasuna,Rubén Peña,Defender,6.55,0.0,0.08,0.11,1.11,0.33,0.67,0.0,1.11,41.67,0.0,0.0,0.0,0.0,0.0,0.11,0.0,0.11,0.0,0.0,0.0,0.0,0.0,0.0,1.33,0.67,1.11,0,2.11,0.0,0.0,0.0,0.0,0.0,0.0,0.0,0.0,1.44,25.44,17.0,8.44,66.81,4.0,13.89,7.89,0.89,15.38,1.11,45.45,25,7,810,0.11,0.0,1.33,0.78,20.0,1.33,4.0,33.33,3.22,33.72,0.78,31.82
514,1100831,La Liga,24/25,Getafe,John Patrick,Midfielder,6.55,0.0,0.21,0.0,2.95,0.0,1.48,0.0,2.95,40.0,0.0,0.0,0.0,0.0,0.0,1.48,0.0,0.0,0.0,0.0,0.0,0.0,0.0,0.0,0.0,0.0,1.48,0,0.0,0.0,0.0,0.0,0.0,0.0,0.0,0.0,0.0,0.0,29.51,23.61,5.9,80.0,4.43,19.18,10.33,0.0,0.0,0.0,0.0,4,0,61,1.48,0.0,1.48,2.95,17.7,1.48,8.85,46.15,5.9,44.44,2.95,50.0
515,353250,La Liga,24/25,Real Sociedad,Álvaro Odriozola,Defender,6.55,0.0,0.0,0.0,0.0,0.0,0.0,0.0,0.0,0.0,0.0,0.0,0.0,0.0,0.0,0.0,0.0,0.0,0.0,0.0,0.0,0.0,0.0,0.0,2.2,0.0,2.2,0,0.0,0.0,0.0,0.0,0.0,0.0,0.0,0.0,0.0,0.0,52.68,37.32,15.37,70.83,15.37,24.15,17.56,2.2,100.0,0.0,0.0,2,0,41,2.2,0.0,4.39,2.2,26.34,2.2,6.59,50.0,4.39,40.0,2.2,100.0
516,822594,La Liga,24/25,Leganés,Julián Chicco,Midfielder,6.55,0.0,0.1,0.28,0.85,0.28,0.0,0.0,0.57,66.67,0.0,0.0,0.0,0.0,0.0,0.0,0.0,0.0,0.0,0.0,0.0,0.0,0.0,0.0,3.13,1.14,2.56,0,0.85,0.0,0.0,0.0,0.0,0.0,0.28,0.28,0.0,0.57,38.16,30.47,7.69,79.85,12.53,18.51,7.41,0.57,66.67,1.14,33.33,14,2,316,0.0,0.0,0.28,0.85,13.67,1.42,4.84,45.95,4.56,61.54,0.28,9.09
517,138387,La Liga,24/25,Rayo Vallecano,Raúl de Tomás,Forward,6.55,0.0,0.0,0.0,0.0,0.0,0.0,0.0,0.0,0.0,0.0,0.0,0.0,0.0,0.0,0.0,0.0,0.0,0.0,0.0,0.0,0.0,0.0,0.0,6.21,0.0,0.0,0,0.0,0.0,0.0,0.0,0.0,0.0,0.0,0.0,0.0,0.0,18.62,15.52,3.1,83.33,6.21,9.31,0.0,0.0,0.0,0.0,0.0,2,0,29,0.0,0.0,3.1,6.21,15.52,3.1,12.41,57.14,12.41,57.14,0.0,0.0
518,1019318,La Liga,24/25,Athletic Club,Nico Serrano,Midfielder,6.55,0.0,0.12,0.0,3.88,0.78,0.78,0.0,2.33,33.33,0.0,0.0,0.0,0.0,0.0,0.0,0.0,0.0,0.0,0.0,0.0,0.0,0.0,0.0,0.78,0.78,0.78,0,1.55,0.0,0.0,0.0,0.0,0.0,0.0,0.0,0.0,0.78,24.05,18.62,5.43,77.42,4.66,14.74,7.76,0.78,7.69,0.0,0.0,4,1,116,0.0,0.0,1.55,1.55,22.5,2.33,4.66,28.57,4.66,31.58,0.0,0.0
519,1632259,La Liga,24/25,Real Betis,Carlos Guirao,Midfielder,6.55,0.0,0.0,0.0,0.0,0.0,0.0,0.0,0.8,100.0,0.0,0.0,0.0,0.0,0.0,0.0,0.0,0.0,0.0,0.0,0.0,0.0,0.0,0.0,4.02,2.41,1.61,0,1.61,0.0,0.0,0.0,0.0,0.0,0.0,0.0,0.0,0.0,36.16,28.93,7.23,80.0,12.05,16.88,6.43,0.0,0.0,0.8,50.0,2,2,112,0.0,0.0,3.21,0.0,10.45,1.61,6.43,47.06,4.82,42.86,1.61,66.67
520,946381,La Liga,24/25,Sevilla,Akor Adams,Forward,6.53,0.0,0.29,0.67,1.33,1.33,0.0,0.0,0.67,100.0,0.0,0.0,0.0,0.0,0.0,0.0,0.67,0.0,0.0,0.0,0.0,0.0,0.0,0.0,0.0,0.0,0.67,0,0.0,0.0,0.0,0.0,0.0,0.0,0.0,0.0,0.0,0.0,18.0,13.33,4.67,74.07,4.67,8.67,6.67,0.0,0.0,0.67,50.0,4,1,135,0.0,0.0,0.67,0.0,6.0,0.0,4.67,38.89,0.67,50.0,4.0,37.5
521,966836,La Liga,24/25,Getafe,Álex Sola,Forward,6.53,0.0,0.08,0.09,1.3,0.17,0.61,0.0,1.83,38.18,0.0,0.0,0.0,0.0,0.0,0.0,0.61,0.0,0.0,0.0,0.0,0.0,0.0,0.0,1.83,0.61,0.96,0,1.39,0.0,0.09,0.0,0.0,0.0,0.17,0.09,0.0,0.78,19.22,13.22,6.0,68.78,2.78,10.61,5.74,0.17,11.11,0.43,29.41,19,13,1035,0.35,0.0,2.09,2.26,17.65,1.91,7.48,41.55,5.83,42.14,1.65,39.58
522,1211005,La Liga,24/25,Getafe,Yellu Santiago,Midfielder,6.53,0.0,0.0,0.0,0.21,0.0,0.0,0.0,0.21,14.29,0.0,0.0,0.0,0.0,0.0,0.0,0.0,0.0,0.0,0.0,0.0,0.0,0.0,0.0,2.96,0.21,0.64,0,1.06,0.0,0.0,0.0,0.0,0.0,0.0,0.0,0.0,0.0,27.74,20.33,7.41,73.28,7.41,13.13,5.51,0.21,33.33,0.42,22.22,19,4,425,1.06,0.0,2.96,1.27,10.8,0.0,4.66,43.14,4.45,46.67,0.21,16.67
523,855830,La Liga,24/25,Valencia,Hugo Guillamón,Midfielder,6.53,0.0,0.02,0.0,0.46,0.23,0.0,0.0,0.23,50.0,0.0,0.0,0.0,0.0,0.0,0.0,0.23,0.0,0.0,0.0,0.0,0.0,0.0,0.0,2.53,1.15,2.07,0,0.23,0.23,0.0,0.0,0.0,0.0,0.0,0.0,0.0,0.46,42.7,35.13,7.58,82.26,17.68,17.68,7.12,0.23,100.0,2.07,47.37,12,4,392,0.46,0.0,1.38,0.92,9.41,0.69,4.82,58.33,3.67,59.26,1.15,55.56
524,1018190,La Liga,24/25,Sevilla,Isaac Romero,Forward,6.53,0.17,0.28,0.54,2.24,0.83,0.91,7.41,0.87,36.84,0.12,0.04,0.04,0.08,0.04,0.08,0.46,0.04,0.04,0.0,0.0,0.0,0.0,0.0,0.54,0.29,1.0,0,0.54,0.0,0.0,0.04,0.0,0.04,0.21,0.08,0.0,0.83,17.24,12.63,4.61,73.25,5.73,7.06,3.95,0.17,22.22,0.83,71.43,31,26,2166,0.42,0.04,1.58,1.54,12.92,2.53,4.16,33.78,2.91,32.71,1.25,36.59
525,1893910,La Liga,24/25,Real Betis,Pablo García,Midfielder,6.53,0.0,0.0,0.0,0.0,0.0,0.0,0.0,2.5,50.0,0.0,0.0,0.0,0.0,0.0,0.0,2.5,0.0,0.0,0.0,0.0,0.0,0.0,0.0,0.0,0.0,0.0,0,0.0,0.0,0.0,0.0,0.0,0.0,0.0,0.0,0.0,0.0,27.5,22.5,5.0,81.82,5.0,17.5,12.5,0.0,0.0,5.0,66.67,3,0,36,0.0,0.0,0.0,0.0,25.0,2.5,2.5,33.33,2.5,33.33,0.0,0.0
526,1895964,La Liga,24/25,Getafe,Ismael Bekhoucha,Defender,6.53,0.0,0.0,0.0,0.0,0.0,0.0,0.0,2.34,66.67,0.0,0.0,0.0,0.0,0.0,0.0,0.0,0.0,0.0,0.0,0.0,0.0,0.0,0.0,1.17,2.34,2.34,0,1.17,0.0,0.0,0.0,0.0,0.0,0.0,0.0,0.0,0.0,23.38,17.53,5.84,75.0,8.18,9.35,4.68,0.0,0.0,0.0,0.0,5,0,77,2.34,0.0,3.51,3.51,11.69,0.0,8.18,53.85,7.01,60.0,1.17,33.33
527,606346,La Liga,24/25,Villarreal,Eric Bailly,Defender,6.53,0.0,0.05,0.0,0.57,0.0,0.29,0.0,0.43,100.0,0.0,0.0,0.0,0.0,0.0,0.0,0.0,0.0,0.0,0.0,0.0,0.0,0.0,0.0,1.72,0.86,3.88,0,0.14,0.0,0.0,0.14,0.0,0.0,0.0,0.0,0.0,0.0,45.5,39.9,5.6,87.7,25.26,14.64,3.44,0.0,0.0,2.01,38.89,12,8,627,0.29,0.14,1.0,0.14,7.03,0.14,3.88,62.79,2.3,64.0,1.58,61.11
528,1462786,La Liga,24/25,Valencia,Martín Tejón,Midfielder,6.53,0.0,0.16,0.0,2.0,2.0,0.0,0.0,4.0,50.0,0.0,0.0,0.0,0.0,0.0,0.0,0.0,0.0,0.0,0.0,0.0,0.0,0.0,0.0,4.0,0.0,0.0,0,2.0,0.0,0.0,0.0,0.0,0.0,0.0,0.0,0.0,2.0,50.0,40.0,10.0,80.0,8.0,32.0,18.0,0.0,0.0,0.0,0.0,4,0,45,0.0,0.0,2.0,2.0,24.0,6.0,10.0,33.33,10.0,41.67,0.0,0.0
529,1153335,La Liga,24/25,FC Barcelona,Sergi Domínguez,Defender,6.53,0.0,0.0,0.0,0.0,0.0,0.0,0.0,0.0,0.0,0.0,0.0,0.0,0.0,0.0,0.0,0.0,0.0,0.0,0.0,0.0,0.0,0.0,0.0,0.52,1.56,3.64,0,0.0,0.0,0.0,0.52,0.0,0.0,0.0,0.0,0.0,0.0,93.12,88.44,4.68,94.97,54.1,34.34,7.8,0.0,0.0,1.04,50.0,3,2,173,0.52,0.0,1.04,0.0,4.68,0.0,1.04,28.57,0.52,33.33,0.52,25.0
530,149370,La Liga,24/25,Osasuna,Moi Gómez,Midfielder,6.52,0.0,0.05,0.0,0.66,0.11,0.0,0.0,1.54,56.0,0.0,0.0,0.0,0.0,0.0,0.0,0.11,0.0,0.0,0.0,0.0,0.0,0.11,0.0,1.43,0.66,0.77,0,0.44,0.11,0.0,0.0,0.11,0.11,0.11,0.0,0.0,1.21,51.05,42.25,8.8,82.76,16.06,27.62,11.88,1.43,46.43,2.42,53.66,26,6,818,0.11,0.0,1.54,0.66,13.75,0.88,4.4,45.98,3.63,48.53,0.77,36.84
531,1841875,La Liga,24/25,Getafe,Alberto Risco,Midfielder,6.52,0.0,0.2,0.0,4.5,1.12,0.0,0.0,1.12,16.67,0.0,0.0,0.0,0.0,0.0,0.0,0.0,0.0,0.0,0.0,0.0,0.0,0.0,0.0,4.5,0.0,0.0,0,5.62,0.0,0.0,0.0,0.0,0.0,0.0,0.0,0.0,4.5,34.88,25.87,9.0,74.19,7.87,21.38,12.38,3.38,75.0,1.12,33.33,5,0,80,0.0,0.0,1.12,2.25,27.0,4.5,9.0,30.77,7.87,31.82,1.12,25.0
532,914212,La Liga,24/25,Leganés,Miguel de la Fuente,Forward,6.52,0.05,0.25,0.46,1.81,0.83,0.57,2.86,0.41,24.24,0.05,0.0,0.0,0.0,0.05,0.05,0.62,0.0,0.1,0.05,50.0,0.0,0.0,0.0,0.83,0.21,1.14,0,0.52,0.05,0.0,0.0,0.0,0.1,0.1,0.15,0.0,0.36,11.52,6.97,4.55,60.54,2.38,4.7,2.27,0.1,22.22,0.21,36.36,34,17,1742,0.15,0.0,1.19,1.55,11.62,1.34,4.29,31.56,2.79,39.42,1.5,23.02
533,210082,La Liga,24/25,Celta Vigo,Javier Manquillo,Defender,6.51,0.0,0.0,0.0,0.0,0.0,0.0,0.0,0.0,0.0,0.0,0.0,0.0,0.0,0.0,0.0,0.0,0.0,0.0,0.0,0.0,0.0,0.0,0.0,1.22,1.22,2.26,0,1.39,0.0,0.0,0.0,0.0,0.0,0.0,0.0,0.0,0.0,63.37,57.27,6.09,90.38,37.95,19.5,7.49,0.17,33.33,0.35,16.67,10,7,517,0.17,0.0,1.57,0.17,6.96,0.0,2.26,33.33,1.39,32.0,0.87,35.71
534,990232,La Liga,24/25,Valencia,Alberto Mari,Forward,6.5,0.0,0.0,0.0,0.0,0.0,0.0,0.0,0.0,0.0,0.0,0.0,0.0,0.0,0.0,0.0,0.0,0.0,0.0,0.0,0.0,0.0,0.0,0.0,0.0,0.0,0.0,0,0.0,0.0,0.0,0.0,0.0,0.0,0.0,0.0,0.0,0.0,30.0,15.0,15.0,50.0,0.0,15.0,7.5,0.0,0.0,0.0,0.0,1,0,12,0.0,0.0,7.5,0.0,15.0,0.0,0.0,0.0,0.0,0.0,0.0,0.0
535,1086346,La Liga,24/25,Osasuna,Iker Benito,Forward,6.5,0.0,0.0,0.0,0.0,0.0,0.0,0.0,0.0,0.0,0.0,0.0,0.0,0.0,0.0,0.0,0.0,0.0,0.0,0.0,0.0,0.0,0.0,0.0,0.0,2.57,5.14,0,2.57,0.0,0.0,0.0,0.0,0.0,0.0,0.0,0.0,2.57,28.29,23.14,5.14,81.82,7.71,15.43,0.0,0.0,0.0,0.0,0.0,2,0,35,0.0,0.0,2.57,2.57,15.43,0.0,2.57,20.0,2.57,25.0,0.0,0.0
536,1892528,La Liga,24/25,Girona FC,Min-su Kim,Forward,6.5,0.0,0.0,0.0,0.0,0.0,0.0,0.0,0.0,0.0,0.0,0.0,0.0,0.0,0.0,0.0,0.0,0.0,0.0,0.0,0.0,0.0,0.0,0.0,4.5,0.0,0.0,0,0.0,0.0,0.0,0.0,0.0,0.0,0.0,0.0,0.0,0.0,45.0,40.5,4.5,90.0,9.0,31.5,18.0,0.0,0.0,0.0,0.0,3,0,20,0.0,0.0,0.0,4.5,31.5,4.5,9.0,33.33,9.0,40.0,0.0,0.0
537,2065347,La Liga,24/25,Espanyol,Roger Hinojo,Defender,6.5,0.0,0.0,0.0,0.0,0.0,0.0,0.0,0.0,0.0,0.0,0.0,0.0,0.0,0.0,0.0,0.0,0.0,0.0,0.0,0.0,0.0,0.0,0.0,0.0,0.0,11.25,0,0.0,0.0,0.0,0.0,0.0,0.0,0.0,0.0,0.0,0.0,78.75,45.0,33.75,57.14,22.5,22.5,22.5,0.0,0.0,0.0,0.0,1,0,8,0.0,0.0,0.0,0.0,56.25,0.0,0.0,0.0,0.0,0.0,0.0,0.0
538,1142091,La Liga,24/25,Sevilla,Diego Hormigo,Defender,6.5,0.0,0.21,0.0,2.37,0.0,2.37,0.0,0.0,0.0,0.0,0.0,0.0,0.0,0.0,0.0,0.0,0.0,0.0,0.0,0.0,0.0,0.0,0.0,0.0,2.37,2.37,0,0.0,0.0,0.0,0.0,0.0,0.0,0.0,0.0,0.0,0.0,16.58,11.84,4.74,71.43,4.74,7.11,2.37,0.0,0.0,0.0,0.0,1,1,38,0.0,0.0,2.37,2.37,11.84,0.0,4.74,50.0,2.37,33.33,2.37,100.0
539,840951,La Liga,24/25,Sevilla,Marcão,Defender,6.5,0.0,0.0,0.0,0.0,0.0,0.0,0.0,0.32,66.67,0.0,0.0,0.0,0.0,0.0,0.0,0.0,0.0,0.0,0.0,0.0,0.0,0.0,0.0,1.59,1.12,4.62,0,0.32,0.0,0.16,0.16,0.0,0.0,0.0,0.0,0.0,0.0,50.02,45.24,4.78,90.45,34.25,10.99,2.55,0.0,0.0,1.75,47.83,12,6,565,0.48,0.16,1.43,1.59,6.21,0.48,5.73,64.29,3.5,61.11,2.23,70.0
540,1458073,La Liga,24/25,Real Betis,Nobel Mendy,Defender,6.5,0.0,0.0,0.0,0.0,0.0,0.0,0.0,0.0,0.0,0.0,0.0,0.0,0.0,0.0,0.0,0.0,0.0,0.0,0.0,0.0,0.0,0.0,0.0,0.0,3.36,7.57,0,0.0,0.0,0.84,0.0,0.0,0.0,0.0,0.0,0.0,0.0,44.58,38.69,5.89,86.79,23.55,15.14,4.21,0.0,0.0,5.89,58.33,2,1,107,0.84,0.0,0.84,0.84,6.73,0.0,1.68,100.0,0.84,100.0,0.84,100.0
541,1580022,La Liga,24/25,Valencia,David Otorbi,Forward,6.5,0.0,0.0,0.0,0.0,0.0,0.0,0.0,0.0,0.0,0.0,0.0,0.0,0.0,0.0,0.0,0.0,0.0,0.0,0.0,0.0,0.0,0.0,0.0,0.0,0.0,0.0,0,0.0,0.0,0.0,0.0,0.0,0.0,0.0,0.0,0.0,0.0,27.69,13.85,13.85,50.0,6.92,6.92,0.0,0.0,0.0,0.0,0.0,1,0,13,0.0,0.0,0.0,0.0,20.77,0.0,0.0,0.0,0.0,0.0,0.0,0.0
542,1082215,La Liga,24/25,Athletic Club,Javier Martón,Forward,6.5,0.0,0.0,0.0,0.0,0.0,0.0,0.0,0.0,0.0,0.0,0.0,0.0,0.0,0.0,0.0,1.8,0.0,0.0,0.0,0.0,0.0,0.0,0.0,0.0,0.0,0.0,0,0.0,0.0,0.0,0.0,0.0,0.0,0.0,0.0,0.0,0.0,12.6,10.8,1.8,85.71,7.2,3.6,1.8,0.0,0.0,0.0,0.0,3,0,50,1.8,0.0,1.8,0.0,12.6,0.0,3.6,50.0,0.0,0.0,3.6,66.67
543,1142092,La Liga,24/25,Sevilla,Darío Benavides,Midfielder,6.5,0.0,0.0,0.0,0.0,0.0,0.0,0.0,0.0,0.0,0.0,0.0,0.0,0.0,0.0,0.0,0.0,0.0,0.0,0.0,0.0,0.0,0.0,0.0,0.0,0.0,0.0,0,0.0,0.0,0.0,0.0,0.0,0.0,0.0,0.0,0.0,0.0,0.0,0.0,0.0,0.0,0.0,0.0,0.0,0.0,0.0,0.0,0.0,1,0,13,6.92,0.0,0.0,0.0,13.85,0.0,0.0,0.0,0.0,0.0,0.0,0.0
544,1464641,La Liga,24/25,Real Madrid,Chema Andrés,Midfielder,6.5,0.0,0.0,0.0,0.0,0.0,0.0,0.0,0.0,0.0,0.0,0.0,0.0,0.0,0.0,0.0,0.0,0.0,0.0,0.0,0.0,0.0,0.0,0.0,0.0,0.0,6.92,0,0.0,0.0,0.0,0.0,0.0,0.0,0.0,0.0,0.0,0.0,6.92,6.92,0.0,100.0,6.92,0.0,0.0,0.0,0.0,0.0,0.0,2,0,13,0.0,0.0,6.92,0.0,6.92,0.0,6.92,33.33,0.0,0.0,6.92,50.0
545,1153345,La Liga,24/25,Real Valladolid,Xavi Moreno,Midfielder,6.5,0.0,0.0,0.0,0.0,0.0,0.0,0.0,0.0,0.0,0.0,0.0,0.0,0.0,0.0,0.0,0.0,0.0,0.0,0.0,0.0,0.0,0.0,0.0,0.0,0.0,2.0,0,0.0,0.0,0.0,0.0,0.0,0.0,0.0,0.0,0.0,0.0,22.0,6.0,16.0,27.27,2.0,4.0,2.0,0.0,0.0,0.0,0.0,1,1,45,0.0,0.0,0.0,2.0,24.0,2.0,4.0,50.0,2.0,33.33,2.0,100.0
546,814023,La Liga,24/25,Real Valladolid,Eray Cömert,Defender,6.5,0.0,0.04,0.1,0.45,0.05,0.3,0.0,0.2,100.0,0.0,0.0,0.0,0.0,0.0,0.0,0.0,0.0,0.0,0.0,0.0,0.0,0.05,0.0,1.26,1.21,3.67,0,0.5,0.05,0.05,0.0,0.0,0.0,0.0,0.0,0.0,0.0,46.03,40.5,5.53,87.98,30.54,9.96,3.07,0.0,0.0,2.82,48.7,25,21,1789,0.3,0.0,0.91,0.8,6.59,0.1,3.22,56.64,2.16,59.72,1.06,51.22
547,335301,La Liga,24/25,Leganés,Borna Barišić,Defender,6.5,0.0,0.0,0.0,0.0,0.0,0.0,0.0,0.0,0.0,0.0,0.0,0.0,0.0,0.0,0.0,0.0,0.0,0.0,0.0,0.0,0.0,0.0,0.0,0.0,0.0,0.0,0,0.0,0.0,0.0,0.0,0.0,0.0,0.0,0.0,0.0,0.0,18.0,18.0,0.0,100.0,9.0,9.0,0.0,0.0,0.0,0.0,0.0,1,1,10,0.0,0.0,0.0,0.0,9.0,0.0,0.0,0.0,0.0,0.0,0.0,0.0
548,363774,La Liga,24/25,Celta Vigo,Mihailo Ristić,Defender,6.5,0.0,0.01,0.0,0.4,0.0,0.0,0.0,0.4,16.67,0.0,0.0,0.0,0.0,0.0,0.0,0.0,0.0,0.0,0.0,0.0,0.0,0.0,0.0,1.41,0.4,3.23,0,0.4,0.0,0.0,0.0,0.0,0.0,0.0,0.2,0.0,0.81,37.74,30.27,7.47,80.21,17.96,13.72,5.04,1.41,53.85,1.01,26.32,10,6,446,0.2,0.0,1.61,0.4,15.74,0.81,2.83,30.43,2.22,32.35,0.61,25.0
549,1516599,La Liga,24/25,Athletic Club,Endika Buján,Midfielder,6.5,0.0,0.0,0.0,0.0,0.0,0.0,0.0,9.0,50.0,0.0,0.0,0.0,0.0,0.0,0.0,0.0,0.0,0.0,0.0,0.0,0.0,0.0,0.0,0.0,0.0,0.0,0,9.0,0.0,0.0,0.0,0.0,0.0,0.0,0.0,0.0,0.0,36.0,36.0,0.0,100.0,0.0,36.0,18.0,0.0,0.0,0.0,0.0,1,0,10,0.0,0.0,0.0,0.0,18.0,0.0,9.0,33.33,9.0,33.33,0.0,0.0
550,1466128,La Liga,24/25,Real Sociedad,Dani Díaz,Midfielder,6.5,0.0,0.0,0.0,0.0,0.0,0.0,0.0,0.0,0.0,0.0,0.0,0.0,0.0,0.0,0.0,0.0,0.0,0.0,0.0,0.0,0.0,0.0,0.0,10.0,0.0,0.0,0,0.0,0.0,0.0,0.0,0.0,0.0,0.0,0.0,0.0,0.0,30.0,10.0,20.0,33.33,0.0,10.0,0.0,0.0,0.0,0.0,0.0,1,0,9,0.0,0.0,10.0,0.0,30.0,0.0,20.0,50.0,10.0,33.33,10.0,100.0
551,1390614,La Liga,24/25,Getafe,Gorka Rivera,Defender,6.5,0.0,0.0,0.0,0.0,0.0,0.0,0.0,0.0,0.0,0.0,0.0,0.0,0.0,0.0,0.0,0.0,0.0,0.0,0.0,0.0,0.0,0.0,0.0,9.47,0.0,0.0,0,0.0,0.0,0.0,0.0,0.0,0.0,0.0,0.0,0.0,0.0,28.42,9.47,18.95,33.33,4.74,4.74,4.74,0.0,0.0,0.0,0.0,1,0,19,0.0,0.0,4.74,4.74,42.63,0.0,14.21,50.0,14.21,60.0,0.0,0.0
552,1082968,La Liga,24/25,Deportivo Alavés,Abderrahman Rebbach,Midfielder,6.49,0.0,0.04,0.0,1.41,0.23,0.47,0.0,0.7,25.0,0.0,0.0,0.0,0.0,0.0,0.23,0.47,0.0,0.0,0.0,0.0,0.0,0.0,0.0,0.7,0.0,1.41,0,1.41,0.0,0.0,0.0,0.0,0.0,0.0,0.0,0.0,1.41,23.26,16.21,7.05,69.7,6.81,10.1,5.64,0.7,17.65,1.17,55.56,8,4,383,0.23,0.0,1.17,1.41,16.68,1.17,3.05,26.53,2.58,30.56,0.47,15.38
553,1001967,La Liga,24/25,Deportivo Alavés,Hugo Novoa,Defender,6.48,0.0,0.19,0.38,0.38,0.0,0.38,0.0,1.15,33.33,0.0,0.0,0.0,0.0,0.0,0.0,0.77,0.0,0.0,0.0,0.0,0.0,0.0,0.0,3.08,0.0,1.92,0,0.0,0.0,0.0,0.0,0.0,0.0,0.0,0.0,0.0,0.77,20.0,15.77,4.23,78.85,7.31,9.23,3.85,0.77,28.57,1.15,75.0,5,2,234,0.0,0.0,0.38,0.38,11.92,0.77,5.0,43.33,4.62,57.14,0.38,11.11
554,788197,La Liga,24/25,Real Valladolid,André Ferreira,Goalkeeper,6.48,0.0,0.0,0.0,0.0,0.0,0.0,0.0,0.0,0.0,0.0,0.0,0.0,0.0,0.0,0.0,0.0,0.0,0.0,0.0,0.0,0.0,0.0,0.0,0.0,0.0,1.5,0,0.0,0.33,0.0,0.0,0.0,0.0,0.0,0.0,0.0,0.0,28.0,18.67,9.33,66.67,14.33,4.33,0.67,0.0,0.0,6.17,39.78,6,6,540,0.0,0.0,0.0,0.0,9.5,0.0,0.0,0.0,0.0,0.0,0.0,0.0
555,1542697,La Liga,24/25,Real Valladolid,Adrián Arnu,Forward,6.48,0.0,0.65,1.7,5.09,0.0,3.4,0.0,0.0,0.0,0.0,0.0,0.0,0.0,0.0,0.0,0.0,0.0,0.0,0.0,0.0,0.0,0.0,0.0,1.7,0.0,1.7,0,0.0,0.0,0.0,0.0,0.0,0.0,0.0,0.0,0.0,0.0,16.98,15.28,1.7,90.0,6.79,8.49,3.4,0.0,0.0,1.7,100.0,5,0,53,0.0,0.0,0.0,3.4,6.79,1.7,6.79,66.67,5.09,60.0,1.7,100.0
556,1893864,La Liga,24/25,Real Betis,Mateo Flores,Midfielder,6.47,0.0,0.0,0.0,0.0,0.0,0.0,0.0,0.0,0.0,0.0,0.0,0.0,0.0,0.0,0.0,0.0,0.0,0.0,0.0,0.0,0.0,0.0,0.0,1.76,1.18,1.76,0,0.0,0.0,0.0,0.0,0.0,0.0,0.0,0.0,0.0,0.0,40.0,32.35,7.65,80.88,17.06,15.88,4.12,0.59,100.0,1.18,40.0,6,1,153,0.59,0.0,2.35,0.59,11.18,1.76,2.35,30.77,2.35,36.36,0.0,0.0
557,1015826,La Liga,24/25,Mallorca,Chiquinho,Forward,6.47,0.0,0.18,0.0,2.26,1.13,1.13,0.0,2.83,41.67,0.0,0.0,0.0,0.0,0.0,0.0,0.0,0.0,0.0,0.0,0.0,0.0,0.0,0.0,0.57,1.13,0.0,0,3.96,0.0,0.0,0.0,0.0,0.0,0.0,0.0,0.57,1.7,13.02,10.19,2.83,78.26,1.7,9.62,5.66,1.13,22.22,0.0,0.0,8,1,159,1.13,0.0,3.4,4.53,25.47,4.53,7.92,29.79,7.36,31.71,0.57,16.67
558,841854,La Liga,24/25,Las Palmas,Marc Cardona,Forward,6.46,0.0,0.24,0.0,2.55,0.0,0.64,0.0,0.64,14.29,0.0,0.0,0.0,0.0,0.0,0.0,0.0,0.0,0.0,0.0,0.0,0.0,0.0,0.0,2.55,0.0,0.0,0,0.64,0.0,0.0,0.0,0.0,0.0,0.0,0.0,0.0,0.0,30.0,24.26,5.74,80.85,11.49,12.77,7.02,0.0,0.0,0.64,50.0,11,0,141,1.28,0.0,1.28,1.91,14.68,2.55,5.11,29.63,5.11,40.0,0.0,0.0
559,1106573,La Liga,24/25,Girona FC,Jhon Solís,Midfielder,6.45,0.17,0.11,0.0,0.69,0.17,0.17,25.0,0.86,45.45,0.17,0.0,0.0,0.0,0.17,0.0,0.0,0.0,0.0,0.0,0.0,0.0,0.0,0.0,2.23,0.69,1.03,0,1.37,0.17,0.0,0.0,0.0,0.0,0.0,0.0,0.0,0.34,49.81,45.17,4.64,90.69,20.78,24.56,9.96,0.17,33.33,0.69,50.0,19,3,524,0.52,0.0,1.55,1.03,9.62,1.72,4.64,41.54,4.12,42.11,0.52,37.5
560,1103233,La Liga,24/25,Rayo Vallecano,Etienne Eto'o Pineda,Forward,6.45,0.0,0.0,0.0,0.0,0.0,0.0,0.0,0.0,0.0,0.0,0.0,0.0,0.0,0.0,0.0,2.05,0.0,0.0,0.0,0.0,0.0,0.0,0.0,0.0,0.0,2.05,0,2.05,0.0,0.0,0.0,0.0,0.0,0.0,0.0,0.0,0.0,10.23,2.05,8.18,20.0,0.0,2.05,2.05,0.0,0.0,0.0,0.0,2,0,44,0.0,0.0,0.0,0.0,16.36,0.0,12.27,54.55,0.0,0.0,12.27,75.0
561,97951,La Liga,24/25,Valencia,Stole Dimitrievski,Goalkeeper,6.45,0.0,0.0,0.0,0.0,0.0,0.0,0.0,0.0,0.0,0.0,0.0,0.0,0.0,0.0,0.0,0.0,0.0,0.0,0.0,0.0,0.0,0.0,0.0,0.0,0.0,1.25,0,0.0,0.0,0.25,0.0,0.0,0.0,0.0,0.0,0.0,0.0,27.0,10.75,16.25,39.81,7.75,3.0,1.25,0.0,0.0,4.0,20.0,4,4,360,0.25,0.0,0.0,0.0,16.5,0.0,0.0,0.0,0.0,0.0,0.0,0.0
562,1010335,La Liga,24/25,Real Valladolid,Víctor Meseguer,Midfielder,6.45,0.0,0.15,0.22,1.29,0.0,0.65,0.0,0.22,25.0,0.0,0.0,0.0,0.0,0.0,0.0,0.0,0.0,0.0,0.0,0.0,0.0,0.0,0.0,2.16,0.43,0.86,0,1.73,0.22,0.0,0.0,0.0,0.22,0.0,0.0,0.0,0.22,39.93,31.51,8.42,78.92,16.19,15.54,8.42,0.22,33.33,1.51,53.85,14,2,417,0.22,0.0,1.73,1.08,11.65,0.65,5.61,47.27,3.45,43.24,2.16,55.56
563,1168094,La Liga,24/25,Getafe,Abdoulaye Keita,Midfielder,6.43,0.0,0.05,0.0,1.91,0.0,0.96,0.0,0.96,33.33,0.0,0.0,0.0,0.0,0.0,0.0,0.0,0.0,0.0,0.0,0.0,0.0,0.0,0.0,1.91,0.0,2.87,0,1.91,0.0,0.0,0.0,0.0,0.0,0.0,0.0,0.0,0.0,23.94,13.4,10.53,56.0,3.83,10.53,4.79,0.96,100.0,0.96,25.0,3,1,94,0.0,0.0,5.74,0.0,19.15,2.87,5.74,27.27,2.87,20.0,2.87,42.86
564,913732,La Liga,24/25,Osasuna,Javi Martínez,Midfielder,6.4,0.0,0.0,0.0,0.0,0.0,0.0,0.0,0.0,0.0,0.0,0.0,0.0,0.0,0.0,0.0,0.0,0.0,0.0,0.0,0.0,0.0,0.0,0.0,0.0,0.0,0.0,0,0.0,0.0,0.0,0.0,0.0,0.0,0.0,0.0,0.0,0.0,73.64,73.64,0.0,100.0,40.91,32.73,8.18,0.0,0.0,0.0,0.0,1,0,11,0.0,0.0,0.0,0.0,0.0,0.0,0.0,0.0,0.0,0.0,0.0,0.0
565,2032380,La Liga,24/25,Las Palmas,Arturo Rodríguez,Forward,6.4,0.0,0.0,0.0,0.0,0.0,0.0,0.0,0.0,0.0,0.0,0.0,0.0,0.0,0.0,0.0,0.0,0.0,0.0,0.0,0.0,0.0,0.0,0.0,0.0,0.0,0.0,0,0.0,0.0,0.0,0.0,0.0,0.0,0.0,0.0,0.0,0.0,22.5,22.5,0.0,100.0,0.0,22.5,18.0,0.0,0.0,0.0,0.0,1,0,20,0.0,0.0,0.0,0.0,13.5,0.0,0.0,0.0,0.0,0.0,0.0,0.0
566,1605227,La Liga,24/25,Athletic Club,Aingeru Olabarrieta,Midfielder,6.4,0.0,0.0,0.0,0.0,0.0,0.0,0.0,1.64,25.0,0.0,0.0,0.0,0.0,0.0,0.0,0.0,0.0,0.0,0.0,0.0,0.0,0.0,0.0,0.0,1.64,1.64,0,0.0,0.0,0.0,0.0,0.0,0.0,0.0,0.0,0.0,0.0,22.91,14.73,8.18,64.29,1.64,13.09,6.55,0.0,0.0,0.0,0.0,1,1,55,0.0,0.0,1.64,0.0,21.27,1.64,3.27,28.57,1.64,16.67,1.64,100.0
567,1521658,La Liga,24/25,Villarreal,Daniel Requena,Midfielder,6.4,0.0,0.0,0.0,0.0,0.0,0.0,0.0,0.0,0.0,0.0,0.0,0.0,0.0,0.0,0.0,0.0,0.0,0.0,0.0,0.0,0.0,0.0,0.0,0.0,0.0,0.0,0,0.0,0.0,0.0,0.0,0.0,0.0,0.0,0.0,0.0,0.0,50.0,40.0,10.0,80.0,40.0,0.0,0.0,0.0,0.0,0.0,0.0,1,0,9,0.0,0.0,10.0,0.0,10.0,0.0,0.0,0.0,0.0,0.0,0.0,0.0
568,1636036,La Liga,24/25,Las Palmas,Aboubacar Bassinga,Midfielder,6.4,0.0,0.0,0.0,0.0,0.0,0.0,0.0,0.0,0.0,0.0,0.0,0.0,0.0,0.0,0.0,0.0,0.0,0.0,0.0,0.0,0.0,0.0,0.0,0.0,0.0,0.0,0,0.0,0.0,0.0,0.0,0.0,0.0,0.0,0.0,0.0,0.0,32.73,16.36,16.36,50.0,16.36,0.0,0.0,0.0,0.0,8.18,50.0,1,0,11,0.0,0.0,8.18,0.0,24.55,8.18,0.0,0.0,0.0,0.0,0.0,0.0
569,2161820,La Liga,24/25,Las Palmas,José Carlo González,Midfielder,6.4,0.0,0.0,0.0,0.0,0.0,0.0,0.0,0.0,0.0,0.0,0.0,0.0,0.0,0.0,0.0,0.0,0.0,0.0,0.0,0.0,0.0,0.0,0.0,0.0,0.0,0.0,0,0.0,0.0,0.0,0.0,0.0,0.0,0.0,0.0,0.0,0.0,81.0,72.0,9.0,88.89,36.0,36.0,27.0,0.0,0.0,0.0,0.0,1,0,10,0.0,0.0,0.0,0.0,9.0,0.0,0.0,0.0,0.0,0.0,0.0,0.0
570,1841365,La Liga,24/25,Espanyol,Rafael Bauzà,Midfielder,6.4,0.0,0.03,0.0,1.48,0.0,0.49,0.0,0.49,50.0,0.0,0.0,0.0,0.0,0.0,0.0,0.0,0.0,0.0,0.0,0.0,0.0,0.0,0.0,2.47,0.0,2.47,0,1.48,0.0,0.0,0.0,0.0,0.0,0.0,0.0,0.0,0.0,26.7,22.75,3.96,85.19,12.86,9.89,4.45,0.0,0.0,0.99,40.0,5,2,182,0.49,0.0,3.96,0.0,4.95,0.0,4.45,39.13,2.97,33.33,1.48,60.0
571,862464,La Liga,24/25,Real Valladolid,Antonio Candela,Defender,6.38,0.0,0.0,0.0,0.1,0.0,0.1,0.0,0.59,40.0,0.0,0.0,0.0,0.0,0.0,0.0,0.2,0.0,0.0,0.0,0.0,0.0,0.0,0.0,0.89,0.59,3.16,0,0.69,0.0,0.0,0.0,0.0,0.0,0.1,0.0,0.0,0.59,35.31,28.48,6.82,80.67,17.7,11.57,3.46,0.79,40.0,2.18,41.51,12,12,910,0.1,0.0,0.49,0.69,12.26,0.49,2.47,42.37,2.18,45.83,0.3,27.27
572,844752,La Liga,24/25,Osasuna,Nacho Vidal,Defender,6.38,0.0,0.0,0.0,0.0,0.0,0.0,0.0,1.28,100.0,0.0,0.0,0.0,0.0,0.0,0.0,0.0,0.0,0.0,0.0,0.0,0.0,0.0,0.0,1.28,0.0,3.83,0,1.91,0.0,0.0,0.0,0.0,0.0,0.0,0.0,0.0,0.0,22.34,17.23,5.11,77.14,7.66,9.57,3.19,0.0,0.0,1.91,60.0,5,1,141,0.0,0.0,1.28,0.64,10.21,1.28,5.11,50.0,3.19,41.67,1.91,75.0
573,796320,La Liga,24/25,Real Valladolid,Joseph Aidoo,Defender,6.34,0.0,0.01,0.0,0.15,0.0,0.0,0.0,0.15,100.0,0.0,0.0,0.0,0.0,0.0,0.0,0.0,0.0,0.0,0.0,0.0,0.0,0.0,0.0,0.92,0.76,3.97,0,0.15,0.0,0.15,0.0,0.0,0.0,0.0,0.0,0.0,0.0,58.58,52.17,6.41,89.06,41.49,10.68,1.68,0.0,0.0,3.36,45.83,9,6,590,0.0,0.0,0.61,0.31,6.71,0.31,2.75,54.55,1.37,60.0,1.37,50.0
574,336851,La Liga,24/25,Real Valladolid,Henrique,Defender,6.3,0.0,0.01,0.0,0.25,0.0,0.25,0.0,0.76,50.0,0.0,0.0,0.0,0.0,0.0,0.0,0.0,0.0,0.0,0.0,0.0,0.0,0.0,0.0,1.53,0.76,2.54,0,0.76,0.0,0.0,0.25,0.0,0.0,0.0,0.0,0.0,0.51,44.24,38.39,5.85,86.78,22.37,16.02,5.08,0.0,0.0,1.02,33.33,5,4,354,0.0,0.0,1.27,2.29,9.92,1.02,4.83,54.29,4.58,58.06,0.25,25.0
575,800349,La Liga,24/25,Valencia,Maximiliano Caufriez,Defender,6.3,0.0,0.0,0.0,0.0,0.0,0.0,0.0,0.0,0.0,0.0,0.0,0.0,0.0,0.0,0.0,0.0,0.0,0.0,0.0,0.0,0.0,0.0,0.0,1.0,1.0,4.0,0,0.0,0.0,0.0,1.0,0.0,0.0,0.0,0.0,0.0,0.0,14.0,11.0,3.0,78.57,8.0,3.0,1.0,0.0,0.0,1.0,33.33,1,1,90,0.0,0.0,3.0,0.0,3.0,0.0,3.0,30.0,1.0,33.33,2.0,28.57
576,1182710,La Liga,24/25,Real Valladolid,Raúl Chasco,Defender,6.3,0.0,0.0,0.0,0.0,0.0,0.0,0.0,0.0,0.0,0.0,0.0,0.0,0.0,0.0,0.0,0.0,0.0,0.0,0.0,0.0,0.0,0.0,0.0,2.79,1.4,0.7,0,1.4,0.0,0.0,0.0,0.0,0.0,0.0,0.0,0.0,0.7,27.21,18.14,9.07,66.67,11.86,6.98,3.49,0.7,33.33,3.49,45.45,2,1,129,0.0,0.0,2.09,0.0,20.93,0.7,3.49,38.46,2.79,33.33,0.7,100.0
577,1493226,La Liga,24/25,Real Madrid,Fran González,Goalkeeper,6.3,0.0,0.0,0.0,0.0,0.0,0.0,0.0,0.0,0.0,0.0,0.0,0.0,0.0,0.0,0.0,0.0,0.0,0.0,0.0,0.0,0.0,0.0,0.0,0.0,0.0,2.0,0,0.0,0.0,0.0,0.0,0.0,0.0,0.0,0.0,0.0,0.0,17.0,16.0,1.0,94.12,16.0,0.0,0.0,0.0,0.0,3.0,75.0,1,1,90,0.0,0.0,0.0,0.0,1.0,0.0,0.0,0.0,0.0,0.0,0.0,0.0
578,1158547,La Liga,24/25,Sevilla,Leandro Antonetti,Forward,6.3,0.0,0.48,3.46,3.46,3.46,0.0,0.0,0.0,0.0,0.0,0.0,0.0,0.0,0.0,0.0,0.0,0.0,0.0,0.0,0.0,0.0,0.0,0.0,0.0,0.0,0.0,0,0.0,0.0,0.0,0.0,0.0,0.0,0.0,0.0,0.0,3.46,13.85,6.92,6.92,50.0,0.0,6.92,0.0,0.0,0.0,0.0,0.0,2,0,26,0.0,0.0,0.0,0.0,20.77,3.46,0.0,0.0,0.0,0.0,0.0,0.0
579,1145642,La Liga,24/25,Real Madrid,Victor Muñoz,Forward,6.3,0.0,1.05,2.14,2.14,0.0,2.14,0.0,0.0,0.0,0.0,0.0,0.0,0.0,0.0,0.0,0.0,0.0,0.0,0.0,0.0,0.0,0.0,0.0,0.0,0.0,0.0,0,0.0,0.0,0.0,0.0,0.0,0.0,0.0,0.0,2.14,2.14,21.43,21.43,0.0,100.0,0.0,23.57,17.14,2.14,50.0,0.0,0.0,2,0,42,0.0,0.0,4.29,0.0,10.71,2.14,0.0,0.0,0.0,0.0,0.0,0.0
580,846492,La Liga,24/25,Celta Vigo,Luca De La Torre,Midfielder,6.2,0.0,0.0,0.0,0.0,0.0,0.0,0.0,0.0,0.0,0.0,0.0,0.0,0.0,0.0,0.0,0.0,0.0,0.0,0.0,0.0,0.0,0.0,0.0,0.0,0.0,0.0,0,0.0,0.0,0.0,0.0,0.0,0.0,0.0,0.0,0.0,0.0,40.91,32.73,8.18,80.0,24.55,8.18,0.0,0.0,0.0,0.0,0.0,1,0,11,0.0,0.0,8.18,0.0,16.36,0.0,0.0,0.0,0.0,0.0,0.0,0.0
581,1391487,La Liga,24/25,Athletic Club,Malcom Ares,Midfielder,6.2,0.0,0.0,0.0,0.0,0.0,0.0,0.0,0.0,0.0,0.0,0.0,0.0,0.0,0.0,0.0,0.0,0.0,0.0,0.0,0.0,0.0,0.0,0.0,0.0,0.0,0.0,0,5.0,0.0,0.0,0.0,0.0,0.0,0.0,0.0,0.0,0.0,40.0,25.0,15.0,62.5,0.0,25.0,20.0,0.0,0.0,0.0,0.0,1,0,18,0.0,0.0,0.0,0.0,35.0,10.0,0.0,0.0,0.0,0.0,0.0,0.0
582,330675,La Liga,24/25,Osasuna,Unai García,Defender,6.2,0.0,0.0,0.0,0.0,0.0,0.0,0.0,0.0,0.0,0.0,0.0,0.0,0.0,0.0,0.0,0.0,0.0,0.0,0.0,0.0,0.0,0.0,0.0,0.0,0.0,1.2,0,0.0,0.0,0.0,0.0,0.0,0.0,0.0,0.0,0.0,0.0,45.6,43.2,2.4,94.74,33.6,9.6,2.4,0.0,0.0,1.2,100.0,3,1,75,0.0,0.0,3.6,3.6,3.6,0.0,4.8,33.33,3.6,50.0,1.2,16.67
583,1657026,La Liga,24/25,Valencia,Rodrigo Abajas,Defender,6.2,0.0,0.1,0.0,1.36,0.0,1.36,0.0,1.36,100.0,0.0,0.0,0.0,0.0,0.0,0.0,1.36,0.0,0.0,0.0,0.0,0.0,0.0,0.0,4.09,1.36,0.0,0,0.0,0.0,0.0,0.0,0.0,0.0,0.0,0.0,0.0,0.0,27.27,15.0,12.27,55.0,5.45,9.55,1.36,0.0,0.0,0.0,0.0,1,1,66,1.36,0.0,2.73,0.0,19.09,2.73,5.45,44.44,5.45,50.0,0.0,0.0
584,801391,La Liga,24/25,Real Valladolid,Kenedy,Midfielder,6.2,0.0,0.19,0.0,6.43,0.0,6.43,0.0,0.0,0.0,0.0,0.0,0.0,0.0,0.0,0.0,0.0,0.0,0.0,0.0,0.0,0.0,0.0,0.0,0.0,0.0,0.0,0,0.0,0.0,0.0,0.0,0.0,0.0,0.0,0.0,0.0,0.0,12.86,6.43,6.43,50.0,0.0,6.43,0.0,0.0,0.0,0.0,0.0,2,0,14,0.0,0.0,0.0,0.0,19.29,6.43,0.0,0.0,0.0,0.0,0.0,0.0
585,1142235,La Liga,24/25,Real Valladolid,Arnau Rafús,Goalkeeper,6.0,0.0,0.0,0.0,0.0,0.0,0.0,0.0,0.0,0.0,0.0,0.0,0.0,0.0,0.0,0.0,0.0,0.0,0.0,0.0,0.0,0.0,0.0,0.0,0.0,0.0,0.0,0,0.0,0.0,1.0,0.0,0.0,0.0,0.0,0.0,0.0,0.0,38.0,28.0,10.0,73.68,22.0,6.0,1.0,0.0,0.0,8.0,47.06,1,1,90,0.0,0.0,0.0,0.0,10.0,0.0,0.0,0.0,0.0,0.0,0.0,0.0
586,1893819,La Liga,24/25,Las Palmas,Valentin Pezzolesi,Defender,4.5,0.0,0.0,0.0,0.0,0.0,0.0,0.0,0.0,0.0,0.0,0.0,0.0,0.0,0.0,0.0,0.0,0.0,0.0,0.0,0.0,0.0,0.0,0.0,0.0,0.0,6.43,0,0.0,6.43,0.0,0.0,0.0,0.0,0.0,0.0,0.0,0.0,32.14,12.86,19.29,40.0,12.86,0.0,0.0,0.0,0.0,0.0,0.0,1,0,14,0.0,0.0,0.0,0.0,19.29,0.0,0.0,0.0,0.0,0.0,0.0,0.0
587,1546404,La Liga,24/25,Real Madrid,Daniel Yañez,Midfielder,0.0,0.0,0.0,0.0,0.0,0.0,0.0,0.0,0.0,0.0,0.0,0.0,0.0,0.0,0.0,0.0,0.0,0.0,0.0,0.0,0.0,0.0,0.0,0.0,0.0,0.0,0.0,0,0.0,0.0,0.0,0.0,0.0,0.0,0.0,0.0,0.0,0.0,0.0,0.0,0.0,0.0,0.0,0.0,0.0,0.0,0.0,0.0,0.0,1,0,1,0.0,0.0,0.0,90.0,0.0,0.0,90.0,100.0,90.0,100.0,0.0,0.0
588,1108451,La Liga,24/25,Celta Vigo,Tadeo Allende,Midfielder,0.0,0.0,0.0,0.0,0.0,0.0,0.0,0.0,0.0,0.0,0.0,0.0,0.0,0.0,0.0,0.0,0.0,0.0,0.0,0.0,0.0,0.0,0.0,0.0,0.0,0.0,0.0,0,0.0,0.0,0.0,0.0,0.0,0.0,0.0,0.0,0.0,0.0,270.0,90.0,180.0,33.33,0.0,90.0,0.0,0.0,0.0,0.0,0.0,1,0,1,0.0,0.0,0.0,0.0,270.0,0.0,0.0,0.0,0.0,0.0,0.0,0.0
589,1526535,La Liga,24/25,Real Madrid,Lorenzo Aguado,Defender,0.0,0.0,0.0,0.0,0.0,0.0,0.0,0.0,0.0,0.0,0.0,0.0,0.0,0.0,0.0,0.0,0.0,0.0,0.0,0.0,0.0,0.0,0.0,0.0,0.0,0.0,45.0,0,0.0,0.0,0.0,0.0,0.0,0.0,0.0,0.0,0.0,0.0,0.0,0.0,0.0,0.0,0.0,0.0,0.0,0.0,0.0,0.0,0.0,2,0,4,0.0,0.0,0.0,0.0,22.5,22.5,0.0,0.0,0.0,0.0,0.0,0.0
