#,Player ID,League,Team,Name,Position,Sofascore Rating,Goals,xG,Big chances missed,Total shots,Shots on target,Shots off target,Goal conversion %,Succ. dribbles,Succ. dribbles %,Goals inside box,Goals outside box,Headed goals,Left-footed goals,Right-footed goals,Hit woodwork,Offsides,Penalties won,Penalties taken,Penalty goals,Penalty conversion %,Free kick goals,Shots from set piece,Set piece conv. %,Tackles,Interceptions,Clearances,Blocked shots,Dribbled past,Errors leading to goal,Errors leading to shot,Penalties committed,Own goals,Clean sheets,Big chances created,Assists,Passes to assist,Key passes,Total passes,Accurate passes,Inaccurate passes,Accurate passes %,Passes in own half,Passes in opp. half,Acc. final third passes,Accurate crosses,Accurate crosses %,Accurate long balls,Accurate long balls %,Appearances,Started,Minutes played,Yellow cards,Red cards,Fouls,Was fouled,Possession lost,Dispossessed,Total duels won,Total duels won %,Ground duels won,Ground duels won %,Aerial duels won,Aerial duels won %
1,123226,Ligue 1,RC Lens,Mathieu Gorgelin,Goalkeeper,8.3,0,,0,0,0,0,0.0,0,0.0,0,0,0,0,0,0,0,0,0,0,0.0,0,0,0.0,0,0,4,0.0,0,0,0,0,0,1,0,0,0,0,34,24,10,70.59,20,4,0,0,0.0,6,37.5,1,1,90,0,0,0,0,10,0,2,100.0,0,0.0,2,100.0
2,599192,Ligue 1,Le Havre,Lionel Mpasi Nzau,Goalkeeper,7.83,0,,0,0,0,0,0.0,0,0.0,0,0,0,0,0,0,0,0,0,0,0.0,0,0,0.0,0,0,5,0.0,0,0,0,0,0,1,0,0,0,0,149,103,46,69.13,82,21,4,0,0.0,31,40.26,4,3,315,2,0,0,1,46,0,2,100.0,0,0.0,2,100.0
3,2165037,Ligue 1,RC Lens,Mezian Mesloub,Forward,7.7,1,0.16,0,1,1,0,100.0,0,0.0,1,0,0,1,0,0,1,0,0,0,0.0,0,0,0.0,0,0,0,0.0,0,0,0,0,0,0,1,0,0,1,4,3,1,75.0,2,1,1,0,0.0,1,100.0,1,0,11,0,0,0,0,3,0,0,0.0,0,0.0,0,0.0
4,788180,Ligue 1,Olympique Lyonnais,Rémy Descamps,Goalkeeper,7.66,0,,0,0,0,0,0.0,1,100.0,0,0,0,0,0,0,0,0,0,0,0.0,0,0,0.0,0,0,3,0.0,1,0,0,0,1,4,0,0,0,0,135,100,35,74.07,96,4,1,0,0.0,16,34.04,5,5,450,0,0,0,0,37,0,1,50.0,1,50.0,0,0.0
5,902029,Ligue 1,Paris Saint-Germain,Vitinha,Midfielder,7.58,1,1.06,0,34,10,14,2.94,13,72.22,0,1,0,0,1,0,0,0,0,0,0.0,0,3,0.0,24,27,22,5.0,14,0,2,0,0,10,8,7,0,34,2743,2572,171,93.77,1075,1497,629,7,31.82,174,75.32,29,24,2121,2,0,14,21,227,10,62,59.05,58,59.18,4,57.14
6,963298,Ligue 1,RC Strasbourg,Dilane Bakwa,Midfielder,7.53,1,0.15,0,2,1,0,50.0,5,55.56,1,0,0,1,0,0,0,1,0,0,0.0,0,0,0.0,1,1,1,0.0,1,0,0,0,0,0,2,2,0,3,42,37,5,88.1,9,28,16,2,28.57,2,66.67,3,0,105,0,0,0,4,19,1,10,62.5,10,62.5,0,0.0
7,818244,Ligue 1,Paris Saint-Germain,Ousmane Dembélé,Forward,7.42,10,6.6,4,45,18,20,22.22,24,61.54,9,1,1,4,5,1,8,0,3,2,66.67,0,1,0.0,6,0,3,0.0,3,0,1,0,0,0,9,7,0,41,745,619,126,83.09,114,505,332,12,24.49,30,78.95,22,11,1062,0,0,3,4,205,12,36,49.32,34,50.75,2,33.33
8,1049442,Ligue 1,Paris FC,Ilan Kebbal,Midfielder,7.39,9,6.55,4,50,20,21,18.0,32,45.07,7,2,0,7,2,1,3,1,4,3,75.0,0,0,0.0,32,8,7,0.0,19,0,0,0,0,2,7,4,1,61,1430,1231,199,86.08,475,756,409,21,19.09,79,72.48,29,26,2229,7,0,15,61,427,46,126,48.84,124,51.24,2,12.5
9,942116,Ligue 1,Olympique de Marseille,Mason Greenwood,Forward,7.37,16,14.39,4,115,48,38,13.91,54,51.43,13,3,0,5,11,3,1,1,8,6,75.0,0,8,0.0,15,4,3,1.0,18,0,0,0,0,3,13,7,2,61,1251,1022,229,81.69,277,745,440,28,25.45,77,65.25,32,29,2469,4,0,22,34,465,27,105,45.85,103,46.82,2,22.22
10,156236,Ligue 1,Nantes,Patrik Carlgren,Goalkeeper,7.37,0,,0,0,0,0,0.0,0,0.0,0,0,0,0,0,0,0,0,0,0,0.0,0,0,0.0,0,0,6,0.0,0,0,0,0,0,1,0,0,0,0,61,28,33,45.9,21,7,3,0,0.0,10,23.26,3,2,188,0,0,0,1,33,0,2,100.0,1,100.0,1,100.0
11,867299,Ligue 1,Angers,Hervé Koffi,Goalkeeper,7.35,0,,0,0,0,0,0.0,0,0.0,0,0,0,0,0,0,0,0,0,0,0.0,0,0,0.0,2,0,27,0.0,0,1,3,1,0,10,0,0,0,0,854,599,255,70.14,548,51,12,0,0.0,142,36.88,30,30,2659,1,0,1,11,265,0,19,90.48,12,92.31,7,87.5
12,40973,Ligue 1,RC Strasbourg,Karl-Johan Johnsson,Goalkeeper,7.3,0,,0,0,0,0,0.0,0,0.0,0,0,0,0,0,0,0,0,0,0,0.0,0,0,0.0,0,0,3,0.0,0,0,0,0,0,1,0,0,0,0,32,25,7,78.13,23,2,1,0,0.0,4,36.36,1,1,90,0,0,0,0,7,0,1,100.0,0,0.0,1,100.0
13,347010,Ligue 1,RC Lens,Allan Saint-Maximin,Forward,7.3,3,1.57,1,21,3,8,14.29,14,53.85,0,3,0,1,2,1,1,0,0,0,0.0,0,0,0.0,3,1,0,0.0,0,0,0,0,0,0,2,3,0,18,167,145,22,86.83,24,121,85,7,30.43,10,76.92,10,2,403,0,0,3,7,82,16,26,43.33,24,43.64,2,40.0
14,155995,Ligue 1,Paris Saint-Germain,Marquinhos,Defender,7.27,0,0.14,0,3,0,1,0.0,2,100.0,0,0,0,0,0,0,0,0,0,0,0.0,0,0,0.0,15,8,35,4.0,1,0,1,1,1,6,0,0,0,2,938,892,46,95.1,504,388,149,0,0.0,58,69.88,14,11,1049,0,0,8,2,53,2,41,59.42,19,65.52,22,55.0
15,1108441,Ligue 1,Paris Saint-Germain,Lucas Beraldo,Defender,7.25,2,1.66,0,14,4,7,14.29,0,0.0,2,0,2,0,0,0,0,0,0,0,0.0,0,0,0.0,31,21,65,8.0,12,0,1,0,0,8,3,1,0,14,1430,1337,93,93.5,818,519,200,0,0.0,45,59.21,20,18,1570,2,0,15,7,116,5,73,52.9,38,52.78,35,53.03
16,989768,Ligue 1,Paris Saint-Germain,Nuno Mendes,Defender,7.24,4,4.33,3,30,15,8,13.33,25,49.02,3,1,1,2,1,1,3,0,1,1,100.0,1,5,20.0,25,13,18,4.0,7,0,0,1,0,5,11,5,0,30,957,856,101,89.45,355,501,273,15,33.33,51,64.56,20,13,1251,1,0,12,25,219,13,83,56.08,75,56.82,8,50.0
17,122810,Ligue 1,Lille,Aïssa Mandi,Defender,7.24,1,1.19,0,14,4,5,7.14,4,66.67,1,0,1,0,0,0,1,0,0,0,0.0,0,0,0.0,33,44,106,15.0,10,1,2,0,0,10,1,0,0,10,1902,1748,154,91.9,1085,663,232,1,11.11,145,66.51,29,28,2435,8,0,17,17,189,3,96,67.13,53,63.1,43,72.88
18,148824,Ligue 1,RC Lens,Florian Thauvin,Forward,7.23,11,10.9,10,73,27,29,15.07,50,43.1,10,1,1,9,1,1,8,0,3,2,66.67,0,1,0.0,25,10,7,2.0,20,0,2,0,0,3,16,6,1,80,1133,895,238,78.99,310,585,373,57,28.64,42,53.85,33,29,2460,6,0,19,34,604,56,120,40.4,109,40.82,11,36.67
19,847494,Ligue 1,Lille,Berke Özer,Goalkeeper,7.22,0,,0,0,0,0,0.0,0,0.0,0,0,0,0,0,0,0,0,0,0,0.0,0,0,0.0,3,0,22,0.0,2,0,1,0,0,13,0,1,0,2,1051,838,213,79.73,744,94,31,0,0.0,139,40.06,32,32,2834,4,0,0,13,218,0,22,84.62,13,86.67,9,81.82
20,826203,Ligue 1,RC Lens,Malang Sarr,Defender,7.21,0,1.44,3,23,5,14,0.0,6,54.55,0,0,0,0,0,2,0,0,0,0,0.0,0,1,0.0,65,76,131,25.0,15,1,4,0,0,11,1,1,0,6,1995,1766,229,88.52,1016,750,269,5,50.0,149,58.89,33,33,2925,4,0,21,24,270,6,145,64.73,94,67.14,51,60.71
21,996952,Ligue 1,Paris Saint-Germain,Bradley Barcola,Forward,7.21,11,10.83,15,67,31,19,16.42,36,41.38,8,3,2,2,7,1,6,1,0,0,0.0,0,0,0.0,30,12,6,1.0,12,0,0,0,0,4,11,1,0,38,721,602,119,83.5,123,479,312,5,20.0,12,85.71,29,21,1750,2,0,20,10,266,23,86,42.57,76,41.99,10,47.62
22,800749,Ligue 1,Paris Saint-Germain,Matvey Safonov,Goalkeeper,7.21,0,,0,0,0,0,0.0,0,0.0,0,0,0,0,0,0,0,0,0,0,0.0,0,0,0.0,0,0,14,0.0,0,1,1,0,0,8,0,0,0,2,363,297,66,81.82,283,14,3,0,0.0,51,45.13,15,15,1350,0,0,0,1,70,0,5,100.0,1,100.0,4,100.0
23,581314,Ligue 1,Stade Rennais,Valentin Rongier,Midfielder,7.21,2,1.0,0,22,10,6,9.09,19,55.88,1,1,0,1,1,1,0,0,0,0,0.0,0,0,0.0,74,39,60,10.0,29,0,5,0,0,8,8,5,0,44,2042,1820,222,89.13,853,967,520,3,14.29,55,54.46,31,31,2745,6,0,48,26,319,20,150,53.0,119,52.19,31,56.36
24,1048889,Ligue 1,RC Lens,Andy Diouf,Midfielder,7.2,0,0.22,0,3,1,1,0.0,3,60.0,0,0,0,0,0,0,0,0,0,0,0.0,0,0,0.0,1,0,0,,0,0,0,0,0,0,0,0,0,0,40,33,7,82.5,11,22,11,0,0.0,1,50.0,1,1,90,0,0,0,1,14,2,5,55.56,5,55.56,0,0.0
25,863133,Ligue 1,Toulouse,Aron Dønnum,Midfielder,7.2,4,4.79,1,40,14,15,10.0,25,45.45,3,1,0,4,0,3,0,2,3,3,100.0,0,2,0.0,46,27,16,3.0,27,0,3,0,0,7,10,4,0,62,1007,795,212,78.95,312,483,289,48,34.04,79,66.39,28,28,2424,8,1,41,38,448,47,112,43.75,109,43.78,3,42.86
26,149593,Ligue 1,Olympique de Marseille,Pierre-Emile Højbjerg,Midfielder,7.2,4,3.26,4,46,14,21,8.7,17,54.84,3,1,2,0,2,1,0,0,0,0,0.0,0,3,0.0,38,27,46,6.0,29,0,4,0,0,7,7,5,0,42,2230,2002,228,89.78,833,1169,510,0,0.0,76,52.78,32,30,2715,4,0,38,45,306,19,130,52.0,99,50.0,31,59.62
27,758168,Ligue 1,Olympique Lyonnais,Moussa Niakhaté,Defender,7.19,0,0.3,0,4,0,2,0.0,5,71.43,0,0,0,0,0,0,0,0,0,0,0.0,0,0,0.0,36,29,184,21.0,8,0,2,1,0,15,3,2,0,14,2086,1875,211,89.88,1210,665,196,3,42.86,86,45.26,32,30,2758,3,0,38,32,247,2,167,66.01,72,61.54,95,69.85
28,889259,Ligue 1,Paris Saint-Germain,Khvicha Kvaratskhelia,Forward,7.18,8,7.91,7,65,29,19,12.31,44,57.89,7,1,0,0,8,2,5,0,1,1,100.0,0,1,0.0,24,11,4,3.0,12,0,1,0,0,2,9,4,0,34,892,784,108,87.89,209,575,317,10,23.81,25,58.14,28,18,1483,1,0,18,26,251,22,101,50.25,94,52.81,7,30.43
29,979118,Ligue 1,Olympique Lyonnais,Tyler Morton,Midfielder,7.16,2,1.73,1,28,8,6,7.14,14,66.67,1,1,1,0,1,2,0,0,0,0,0.0,0,7,0.0,48,22,42,13.0,12,0,2,1,0,10,3,2,1,29,1516,1331,185,87.8,634,697,325,18,21.69,101,65.58,29,29,2524,6,1,29,19,310,13,98,54.44,81,57.86,17,42.5
30,891508,Ligue 1,Stade Brestois,Grégoire Coudert,Goalkeeper,7.16,0,,0,0,0,0,0.0,1,100.0,0,0,0,0,0,0,0,0,0,0,0.0,0,0,0.0,0,0,22,0.0,2,0,0,1,0,6,0,0,0,0,763,452,311,59.24,298,154,52,0,0.0,201,39.49,25,24,2191,2,0,1,8,316,0,17,85.0,6,66.67,11,100.0
31,1389846,Ligue 1,AS Monaco,Lamine Camara,Midfielder,7.16,3,2.06,1,25,4,13,12.0,16,53.33,2,1,0,0,3,0,0,0,0,0,0.0,0,5,0.0,55,37,18,7.0,21,1,4,0,0,6,8,4,0,35,1217,1045,172,85.87,457,588,229,26,26.0,59,60.2,24,22,1851,6,0,28,48,339,22,135,56.02,119,59.2,16,40.0
32,1099117,Ligue 1,RC Lens,Samson Baidoo,Defender,7.16,2,1.64,3,17,4,9,11.76,7,100.0,2,0,2,0,0,0,1,0,0,0,0.0,0,0,0.0,34,23,83,25.0,15,0,0,0,0,8,1,1,1,4,1058,980,78,92.63,677,303,70,0,0.0,56,66.67,23,20,1832,2,0,19,5,88,1,90,53.25,46,58.97,44,48.35
33,1471671,Ligue 1,Toulouse,Jaydee Canvot,Defender,7.15,0,0.14,0,2,0,2,0.0,2,66.67,0,0,0,0,0,0,0,0,0,0,0.0,0,0,0.0,2,0,8,,1,0,0,0,0,2,0,0,0,0,106,97,9,91.51,62,35,6,0,0.0,1,20.0,2,2,180,1,0,1,0,10,0,7,58.33,4,57.14,3,60.0
34,343067,Ligue 1,Olympique Lyonnais,Corentin Tolisso,Midfielder,7.15,11,10.97,7,54,27,15,20.37,6,37.5,11,0,3,3,5,1,3,1,3,2,66.67,0,0,0.0,32,18,36,10.0,31,0,2,1,0,7,9,4,1,34,1314,1107,207,84.25,489,618,303,11,22.0,87,73.11,30,26,2306,5,0,42,55,326,24,146,48.83,92,46.94,54,52.43
35,1524396,Ligue 1,Paris Saint-Germain,Renato Marin,Goalkeeper,7.15,0,,0,0,0,0,0.0,0,0.0,0,0,0,0,0,0,0,0,0,0,0.0,0,0,0.0,0,0,2,0.0,0,0,0,0,0,1,0,0,0,0,37,30,7,81.08,27,3,1,0,0.0,4,40.0,2,2,180,0,0,0,1,7,0,1,100.0,1,100.0,0,0.0
36,878938,Ligue 1,Toulouse,Cristian Cásseres Jr.,Midfielder,7.14,2,1.74,1,26,6,12,7.69,16,45.71,1,1,0,0,2,0,1,1,1,0,0.0,0,2,0.0,78,35,37,9.0,27,0,3,1,0,8,6,3,1,39,1377,1173,204,85.19,555,618,281,29,29.59,81,60.45,30,28,2499,7,0,39,42,359,19,148,55.85,134,57.26,14,45.16
37,1154605,Ligue 1,Paris Saint-Germain,Désiré Doué,Forward,7.13,7,7.92,8,55,19,20,12.73,32,44.44,5,2,0,1,6,4,0,3,1,0,0.0,0,4,0.0,32,12,5,2.0,12,1,0,0,0,2,5,4,0,29,849,729,120,85.87,229,500,295,13,22.41,19,52.78,23,16,1356,0,0,24,28,276,26,93,46.5,92,47.42,1,16.67
38,877102,Ligue 1,Olympique de Marseille,Nayef Aguerd,Defender,7.13,1,0.63,0,10,1,5,10.0,1,33.33,0,1,0,1,0,0,0,0,0,0,0.0,0,0,0.0,22,21,75,9.0,4,1,0,0,0,4,1,0,0,3,1303,1210,93,92.86,747,463,108,0,0.0,28,36.84,16,16,1399,4,0,21,6,112,3,67,56.78,29,50.0,38,63.33
39,1174937,Ligue 1,Olympique Lyonnais,Endrick,Forward,7.12,5,6.56,9,50,26,15,10.0,36,48.0,5,0,0,4,1,1,4,1,1,1,100.0,0,1,0.0,13,3,4,0.0,4,0,1,0,0,1,9,7,0,30,302,226,76,74.83,53,173,114,11,20.37,27,65.85,16,14,1222,3,1,21,21,233,24,73,43.45,70,45.16,3,23.08
40,1127057,Ligue 1,RC Strasbourg,Valentín Barco,Midfielder,7.12,2,3.27,3,27,10,8,7.41,24,41.38,2,0,0,2,0,0,2,0,0,0,0.0,0,4,0.0,54,14,11,2.0,14,0,6,1,0,5,13,4,2,40,1552,1340,212,86.34,728,612,309,28,27.18,66,56.9,27,24,2170,5,1,24,61,392,30,148,57.36,139,58.16,9,47.37
41,51665,Ligue 1,Lille,Benjamin André,Midfielder,7.12,2,3.24,2,27,6,13,7.41,14,60.87,2,0,2,0,0,0,3,0,0,0,0.0,0,0,0.0,66,33,41,5.0,19,0,0,0,0,11,2,2,0,23,1429,1192,237,83.41,446,746,388,3,14.29,67,68.37,27,26,2333,9,0,35,44,340,29,207,57.34,120,58.82,87,55.41
42,1023567,Ligue 1,Paris Saint-Germain,Ilya Zabarnyi,Defender,7.11,1,0.5,1,4,3,0,25.0,3,50.0,1,0,0,1,0,0,0,0,0,0,0.0,0,0,0.0,32,20,89,12.0,4,0,3,1,0,14,0,0,0,4,2212,2091,121,94.53,1263,828,247,0,0.0,83,65.35,28,26,2387,6,0,18,8,142,2,77,58.33,43,61.43,34,54.84
43,1190933,Ligue 1,Paris Saint-Germain,João Neves,Midfielder,7.11,5,2.8,1,27,6,13,18.52,8,57.14,4,1,1,1,3,0,0,1,0,0,0.0,0,2,0.0,27,7,6,5.0,13,0,2,0,0,2,4,1,0,14,1039,950,89,91.43,434,516,237,2,50.0,36,64.29,21,13,1287,0,0,13,13,139,6,61,57.01,47,55.95,14,60.87
44,227862,Ligue 1,RC Lens,Wesley Saïd,Forward,7.11,12,9.91,13,60,27,23,20.0,26,60.47,12,0,1,3,8,1,13,0,1,1,100.0,0,0,0.0,21,10,19,0.0,11,0,0,0,0,3,10,2,0,27,697,575,122,82.5,242,333,184,6,28.57,28,62.22,29,26,2010,2,0,37,13,218,19,75,41.44,60,42.86,15,36.59
45,1064697,Ligue 1,RC Lens,Mamadou Sangare,Midfielder,7.11,3,3.34,2,51,14,20,5.88,32,56.14,1,2,0,3,0,1,3,0,0,0,0.0,0,1,0.0,86,40,29,5.0,38,0,1,1,0,4,3,4,0,38,1452,1252,200,86.23,545,707,343,1,14.29,83,66.4,29,27,2327,5,0,35,43,317,26,190,56.55,159,56.58,31,56.36
46,911851,Ligue 1,Toulouse,Yann Gboho,Forward,7.1,8,5.9,3,57,16,18,14.04,77,49.68,6,2,0,1,7,2,5,0,0,0,0.0,0,0,0.0,26,14,3,1.0,17,0,0,0,0,6,3,3,1,57,798,655,143,82.08,155,500,336,8,24.24,17,54.84,31,30,2608,1,1,16,69,399,67,174,47.67,172,49.28,2,12.5
47,48535,Ligue 1,Nantes,Anthony Lopes,Goalkeeper,7.1,0,0.12,0,2,0,1,0.0,1,100.0,0,0,0,0,0,0,0,0,0,0,0.0,0,0,0.0,1,1,30,0.0,1,0,0,1,0,6,0,0,0,0,962,705,257,73.28,578,127,39,0,0.0,194,43.11,31,31,2789,4,0,1,14,263,0,20,86.96,9,81.82,11,91.67
48,1009372,Ligue 1,Olympique Lyonnais,Georges Mikautadze,Forward,7.1,1,1.06,0,10,4,4,10.0,5,71.43,1,0,0,0,1,0,1,0,0,0,0.0,0,0,0.0,0,1,0,0.0,1,0,0,0,0,2,0,0,0,0,32,27,5,84.38,10,17,9,0,0.0,1,100.0,2,2,179,0,0,0,1,13,3,6,42.86,6,50.0,0,0.0
49,784655,Ligue 1,Paris Saint-Germain,Fabián Ruiz,Midfielder,7.09,1,1.37,3,19,4,9,5.26,2,18.18,1,0,0,0,1,2,2,0,0,0,0.0,0,0,0.0,17,14,7,0.0,8,0,1,0,0,2,3,4,0,19,1212,1122,90,92.57,404,718,373,1,4.35,62,74.7,20,13,1129,2,0,2,3,151,6,24,48.98,22,47.83,2,66.67
50,1174462,Ligue 1,Lorient,Pablo Pagis,Forward,7.08,10,7.71,3,59,19,27,16.95,23,47.92,8,2,0,3,7,3,2,0,2,2,100.0,1,9,11.11,27,16,18,2.0,19,0,0,0,0,0,8,5,1,45,645,502,143,77.83,192,310,174,33,32.67,43,62.32,28,22,1770,1,0,23,29,310,22,86,43.43,78,46.71,8,25.81
51,987491,Ligue 1,Auxerre,Bryan Okoh,Defender,7.08,3,0.68,0,8,3,3,37.5,0,0.0,2,1,2,1,0,1,0,0,0,0,0.0,0,0,0.0,13,27,76,13.0,4,1,1,1,0,3,0,0,0,4,423,358,65,84.63,270,88,23,0,0.0,22,41.51,13,12,1011,2,0,13,8,74,1,52,63.41,21,58.33,31,67.39
52,1001458,Ligue 1,Le Havre,Issa Soumaré,Forward,7.08,8,14.72,18,77,28,40,10.39,26,40.63,7,1,1,3,4,4,14,2,3,1,33.33,0,1,0.0,36,11,46,6.0,15,0,0,0,0,7,9,5,0,29,637,440,197,69.07,154,286,166,12,20.34,23,76.67,34,33,2949,3,0,56,74,436,43,268,54.03,133,48.54,135,60.81
53,128383,Ligue 1,Olympique de Marseille,Gerónimo Rulli,Goalkeeper,7.08,0,0.04,0,1,0,1,0.0,1,100.0,0,0,0,0,0,0,0,0,0,0,0.0,0,0,0.0,2,0,27,0.0,3,1,3,1,0,8,0,0,0,1,890,713,177,80.11,652,61,15,0,0.0,127,43.05,29,29,2610,3,0,1,14,182,0,26,86.67,11,78.57,15,93.75
54,973556,Ligue 1,RC Strasbourg,Julio Enciso,Midfielder,7.07,3,7.6,9,61,22,21,4.92,54,56.25,3,0,0,1,2,1,5,0,1,1,100.0,0,4,0.0,21,7,8,1.0,8,0,1,0,0,1,9,6,1,29,636,533,103,83.81,204,329,180,21,35.59,14,70.0,27,22,1892,2,0,20,31,277,39,118,47.97,106,49.77,12,36.36
55,1408080,Ligue 1,RC Lens,Ismaelo Ganiou,Defender,7.07,3,2.14,2,22,4,13,13.64,10,71.43,3,0,1,1,1,0,0,0,0,0,0.0,0,0,0.0,39,29,112,14.0,8,1,0,2,0,8,1,0,0,9,1310,1137,173,86.79,683,454,177,4,23.53,44,35.77,23,22,2014,2,1,25,22,226,8,121,60.8,70,62.5,51,58.62
56,1387161,Ligue 1,RC Lens,Robin Risser,Goalkeeper,7.06,0,,0,0,0,0,0.0,0,0.0,0,0,0,0,0,0,0,0,0,0,0.0,0,0,0.0,0,0,15,0.0,2,1,0,0,0,11,0,1,0,2,869,674,195,77.56,615,59,14,0,0.0,141,43.12,33,33,2970,2,0,0,5,196,0,8,80.0,4,66.67,4,100.0
57,1215906,Ligue 1,Olympique Lyonnais,Afonso Moreira,Forward,7.06,4,2.69,1,40,14,17,10.0,24,34.29,4,0,0,0,4,0,4,1,0,0,0.0,0,1,0.0,33,13,13,0.0,11,0,1,0,0,6,10,7,0,33,543,439,104,80.85,121,318,181,33,27.27,15,44.12,27,18,1724,3,0,27,57,344,35,122,45.19,113,49.13,9,22.5
58,1130939,Ligue 1,AS Monaco,Maghnes Akliouche,Midfielder,7.05,6,7.23,6,48,19,16,12.5,26,47.27,6,0,0,4,2,1,9,1,0,0,0.0,0,0,0.0,39,19,13,3.0,26,1,0,0,0,3,8,6,0,44,1105,941,164,85.16,272,669,402,12,22.64,45,77.59,31,28,2410,3,0,29,36,361,38,104,43.51,101,46.54,3,13.64
59,1195784,Ligue 1,Olympique Lyonnais,Malick Fofana,Midfielder,7.04,2,2.73,4,19,9,2,10.53,7,35.0,2,0,0,0,2,0,3,0,0,0,0.0,0,0,0.0,11,3,2,0.0,2,0,0,0,0,3,3,1,0,10,222,179,43,80.63,49,130,78,8,29.63,4,40.0,12,9,767,1,0,11,22,98,5,40,54.05,40,57.14,0,0.0
60,966621,Ligue 1,Stade Rennais,Esteban Lepaul,Forward,7.04,21,15.68,9,87,39,29,24.14,9,33.33,21,0,3,2,16,3,9,0,4,3,75.0,0,1,0.0,7,2,17,0.0,8,0,0,0,0,3,3,5,0,23,519,402,117,77.46,195,207,112,4,21.05,15,55.56,34,33,2702,3,0,24,16,221,15,73,39.04,30,33.33,43,44.33
61,352370,Ligue 1,Paris Saint-Germain,Lucas Hernández,Defender,7.04,0,0.52,1,11,3,5,0.0,3,37.5,0,0,0,0,0,2,0,1,0,0,0.0,0,0,0.0,25,19,44,7.0,8,0,0,0,0,9,1,3,0,15,1636,1502,134,91.81,778,724,290,2,13.33,34,44.16,25,20,1751,4,0,22,19,173,6,73,57.48,45,52.94,28,66.67
62,372430,Ligue 1,Nantes,Frédéric Guilbert,Defender,7.04,0,0.4,1,7,2,4,0.0,5,55.56,0,0,0,0,0,0,0,0,0,0,0.0,0,0,0.0,16,21,31,5.0,7,0,0,0,0,1,2,0,0,7,179,137,42,76.54,87,50,27,3,17.65,8,38.1,8,7,610,1,0,7,13,96,2,42,58.33,34,62.96,8,44.44
63,787827,Ligue 1,RC Lens,Matthieu Udol,Midfielder,7.04,1,4.53,7,47,17,21,2.13,15,36.59,1,0,0,1,0,0,2,0,0,0,0.0,0,0,0.0,51,51,63,8.0,23,1,0,0,0,11,22,7,1,56,1300,1085,215,83.46,523,562,300,43,37.72,42,36.21,34,33,3003,2,0,30,27,412,26,128,47.58,93,47.45,35,47.95
64,190883,Ligue 1,Angers,Branco Van den Boomen,Midfielder,7.04,0,1.15,1,13,5,5,0.0,4,44.44,0,0,0,0,0,0,0,0,1,0,0.0,0,2,0.0,27,7,18,4.0,18,0,1,0,0,3,3,1,0,28,788,702,86,89.09,346,356,177,20,29.41,70,72.92,15,14,1242,3,0,19,9,164,5,47,46.08,40,47.06,7,41.18
65,845183,Ligue 1,Nice,Yehvann Diouf,Goalkeeper,7.03,0,,0,0,0,0,0.0,1,100.0,0,0,0,0,0,0,0,0,0,0,0.0,0,0,0.0,0,2,29,0.0,1,0,0,0,0,5,0,0,0,0,690,485,205,70.29,430,55,8,0,0.0,127,39.08,26,26,2340,1,0,0,4,213,1,11,68.75,4,66.67,7,70.0
66,159837,Ligue 1,Auxerre,Donovan Léon,Goalkeeper,7.03,0,,0,0,0,0,0.0,1,100.0,0,0,0,0,0,0,0,0,0,0,0.0,0,0,0.0,3,1,21,0.0,0,2,3,1,0,8,0,0,0,1,773,395,378,51.1,264,131,36,0,0.0,194,33.98,29,29,2464,1,2,3,7,383,0,17,80.95,10,76.92,7,87.5
67,946158,Ligue 1,AS Monaco,Mohammed Salisu,Defender,7.03,1,0.77,1,8,2,4,12.5,2,100.0,1,0,1,0,0,1,4,0,0,0,0.0,0,0,0.0,25,17,84,21.0,12,0,2,0,1,2,0,0,0,2,816,714,102,87.5,460,254,51,0,0.0,25,36.23,12,12,1080,3,0,17,3,111,2,68,57.63,30,49.18,38,66.67
68,991479,Ligue 1,Stade Rennais,Anthony Rouault,Defender,7.03,1,1.51,4,9,3,3,11.11,3,75.0,1,0,0,0,1,0,0,0,0,0,0.0,0,0,0.0,25,19,111,20.0,12,1,1,1,0,7,0,0,0,6,1199,1058,141,88.24,686,372,128,0,0.0,44,44.0,21,19,1724,5,0,26,8,167,5,81,51.59,36,45.57,45,57.69
69,580226,Ligue 1,Le Havre,Mory Diaw,Goalkeeper,7.02,0,,0,0,0,0,0.0,0,0.0,0,0,0,0,0,0,0,0,0,0,0.0,0,0,0.0,2,2,25,0.0,1,1,3,0,0,7,1,1,0,3,974,703,271,72.18,591,112,28,0,0.0,183,41.4,30,30,2655,1,0,0,6,282,0,12,92.31,7,87.5,5,100.0
70,917087,Ligue 1,Paris Saint-Germain,Kang-in Lee,Midfielder,7.02,3,2.66,1,37,15,12,8.11,28,54.9,3,0,0,2,1,1,3,0,0,0,0.0,0,2,0.0,17,3,7,1.0,10,2,3,1,0,1,12,4,2,60,1044,951,93,91.09,276,675,420,45,39.82,57,64.04,27,18,1522,3,0,18,19,242,21,70,47.3,63,47.01,7,50.0
71,1151803,Ligue 1,Auxerre,Kévin Danois,Midfielder,7.02,3,2.01,2,25,8,11,12.0,35,58.33,0,3,0,1,2,1,3,0,0,0,0.0,0,0,0.0,78,38,15,2.0,44,0,1,0,0,9,10,1,1,53,1515,1293,222,85.35,570,723,375,44,34.11,90,68.18,33,32,2835,3,0,33,26,441,44,153,47.22,138,49.11,15,34.88
72,1149144,Ligue 1,Lille,Matías Fernández-Pardo,Forward,7.01,8,8.82,15,68,30,12,11.76,36,43.9,8,0,0,0,8,4,16,1,2,2,100.0,0,0,0.0,20,7,3,1.0,21,0,0,0,0,6,5,5,0,36,621,508,113,81.8,120,388,280,12,21.82,17,85.0,29,27,2379,5,0,15,40,293,33,100,41.84,96,46.6,4,12.12
73,287887,Ligue 1,Le Havre,Gautier Lloris,Defender,7.01,1,0.92,3,11,4,5,9.09,1,33.33,1,0,1,0,0,0,2,1,0,0,0.0,0,0,0.0,41,42,150,21.0,8,0,0,1,1,5,1,1,0,4,1528,1396,132,91.36,1026,370,89,0,0.0,68,48.57,29,28,2400,2,1,27,17,152,4,128,67.37,59,62.11,69,72.63
74,992026,Ligue 1,Le Havre,Rassoul Ndiaye,Midfielder,7.01,4,3.05,3,34,9,13,11.76,22,55.0,4,0,1,0,3,2,6,0,0,0,0.0,0,0,0.0,68,16,20,2.0,38,0,0,0,0,4,5,4,0,29,863,724,139,83.89,299,425,240,19,20.88,34,65.38,33,30,2573,2,0,22,37,283,17,142,54.2,126,57.27,16,38.1
75,1465307,Ligue 1,Lorient,Arthur Avom Ebong,Midfielder,7.01,2,1.08,0,21,6,9,9.52,21,53.85,0,2,0,0,2,0,0,1,0,0,0.0,0,1,0.0,55,30,25,3.0,29,0,2,1,1,4,4,1,0,31,1271,1067,204,83.95,549,518,273,15,33.33,79,59.85,31,22,2115,3,0,23,39,330,22,121,53.3,112,55.17,9,37.5
76,1546405,Ligue 1,RC Lens,Kyllian Antonio,Defender,7.0,0,0.06,0,1,0,1,0.0,2,66.67,0,0,0,0,0,0,0,0,0,0,0.0,0,0,0.0,6,5,13,0.0,1,0,0,0,0,1,1,1,0,1,86,74,12,86.05,39,35,16,0,0.0,1,25.0,4,2,189,1,0,1,4,15,0,17,70.83,12,80.0,5,55.56
77,791046,Ligue 1,Olympique Lyonnais,Dominik Greif,Goalkeeper,7.0,0,,0,0,0,0,0.0,0,0.0,0,0,0,0,0,0,0,0,0,0,0.0,0,0,0.0,2,0,35,0.0,0,0,4,0,0,11,0,1,0,2,939,738,201,78.59,672,66,20,0,0.0,134,40.36,29,29,2610,1,0,0,5,206,0,13,92.86,7,100.0,6,85.71
78,1463509,Ligue 1,Metz,Pape Sy,Goalkeeper,7.0,0,,0,0,0,0,0.0,0,0.0,0,0,0,0,0,0,0,0,0,0,0.0,0,0,0.0,1,0,12,0.0,0,2,0,0,0,2,0,0,0,0,204,136,68,66.67,101,35,3,0,0.0,46,41.07,8,8,707,0,0,0,4,72,0,6,100.0,3,100.0,3,100.0
79,1142672,Ligue 1,Paris Saint-Germain,Warren Zaïre-Emery,Midfielder,7.0,3,1.22,1,19,7,5,15.79,30,62.5,2,1,0,0,3,0,0,0,0,0,0.0,0,0,0.0,48,12,22,7.0,19,1,0,0,0,9,8,4,0,42,2059,1929,130,93.69,752,1177,566,2,13.33,42,67.74,32,27,2453,3,0,33,17,236,32,112,51.14,95,48.47,17,73.91
80,1142233,Ligue 1,RC Strasbourg,Diego Moreira,Midfielder,7.0,4,2.02,1,29,11,7,13.79,36,41.86,2,2,0,4,0,0,8,0,0,0,0.0,0,3,0.0,44,21,27,4.0,30,0,1,0,0,2,11,6,2,38,949,772,177,81.35,355,417,219,19,21.59,33,53.23,27,23,2041,4,0,18,27,383,25,121,46.72,106,46.29,15,50.0
81,146101,Ligue 1,AS Monaco,Eric Dier,Defender,7.0,1,0.49,0,3,2,0,33.33,0,0.0,1,0,1,0,0,0,0,0,0,0,0.0,0,0,0.0,7,10,29,10.0,5,1,0,0,0,0,0,0,0,2,592,555,37,93.75,278,277,83,0,0.0,29,67.44,9,7,687,0,0,9,4,42,0,23,45.1,9,39.13,14,50.0
82,2168291,Ligue 1,Nice,Brad-Hamilton Mantsounga,Defender,7.0,0,,0,0,0,0,0.0,0,0.0,0,0,0,0,0,0,0,0,0,0,0.0,0,0,0.0,6,0,5,3.0,0,0,0,0,0,0,0,0,0,0,86,85,1,98.84,58,27,4,0,0.0,1,50.0,1,1,90,0,0,0,2,1,0,8,88.89,8,100.0,0,0.0
83,927005,Ligue 1,Auxerre,Lassine Sinayoko,Forward,6.99,12,11.86,13,92,38,30,13.04,32,49.23,11,1,1,1,10,1,14,1,4,3,75.0,0,0,0.0,42,26,24,0.0,8,0,0,0,0,6,6,4,0,40,757,575,182,75.96,158,417,263,7,21.21,15,65.22,32,32,2780,7,0,29,53,386,51,165,43.31,127,51.84,38,27.94
84,149656,Ligue 1,Lorient,Yvon Mvogo,Goalkeeper,6.99,0,,0,0,0,0,0.0,1,100.0,0,0,0,0,0,0,0,0,0,0,0.0,0,0,0.0,1,1,27,0.0,2,1,3,0,0,6,0,0,0,0,1122,874,248,77.9,806,68,16,0,0.0,215,47.78,31,31,2790,0,0,0,4,255,0,14,77.78,3,60.0,11,84.62
85,1445625,Ligue 1,Stade Rennais,Jérémy Jacquet,Defender,6.99,0,1.04,0,11,3,5,0.0,4,50.0,0,0,0,0,0,0,1,0,0,0,0.0,0,0,0.0,27,19,91,16.0,2,1,2,1,0,5,0,0,0,9,1076,973,103,90.43,614,359,106,0,0.0,57,55.88,19,19,1673,4,1,20,17,119,1,81,67.5,44,61.97,37,75.51
86,72998,Ligue 1,Nantes,Rémy Cabella,Midfielder,6.99,2,3.1,3,9,5,2,22.22,4,44.44,2,0,0,0,2,0,2,0,1,1,100.0,0,1,0.0,16,6,1,0.0,7,0,1,0,0,0,1,0,1,16,362,304,58,83.98,129,175,100,16,40.0,11,50.0,11,6,574,1,0,7,11,110,11,36,51.43,30,50.85,6,54.55
87,1605921,Ligue 1,RC Strasbourg,Samir El Mourabet,Midfielder,6.98,1,0.33,0,12,1,5,8.33,18,62.07,0,1,0,1,0,0,3,1,0,0,0.0,0,0,0.0,79,25,22,13.0,19,3,4,0,0,2,5,2,0,28,1439,1294,145,89.92,755,539,196,4,26.67,54,65.85,33,25,2141,4,0,23,26,228,19,132,59.73,123,63.08,9,34.62
88,1129751,Ligue 1,Saint-Étienne,Julien Le Cardinal,Defender,6.98,1,0.82,0,5,2,3,20.0,0,0.0,1,0,0,0,1,0,0,0,0,0,0.0,0,0,0.0,5,3,23,5.0,3,0,0,0,0,0,0,0,0,1,144,118,26,81.94,94,24,8,0,0.0,7,33.33,5,3,327,1,0,2,4,30,0,23,57.5,9,60.0,14,56.0
89,1004550,Ligue 1,Metz,Jonathan Fischer,Goalkeeper,6.98,0,,0,0,0,0,0.0,0,0.0,0,0,0,0,0,0,0,0,0,0,0.0,0,0,0.0,0,0,27,0.0,1,0,0,0,0,5,0,0,0,1,931,735,196,78.95,656,79,17,0,0.0,151,43.77,27,26,2353,0,0,0,4,202,0,12,85.71,1,50.0,11,91.67
90,842391,Ligue 1,Metz,Gauthier Hein,Midfielder,6.98,8,8.07,2,44,13,13,18.18,9,40.91,7,1,1,7,0,2,4,0,5,5,100.0,1,6,16.67,18,8,4,2.0,21,0,1,0,0,3,7,7,0,58,1435,1289,146,89.83,579,710,397,37,25.52,112,82.96,29,26,2354,1,1,15,17,356,36,51,34.46,44,34.38,7,35.0
91,286909,Ligue 1,Stade Rennais,Przemysław Frankowski,Midfielder,6.98,1,0.5,0,9,3,3,11.11,4,57.14,1,0,1,0,0,0,1,0,0,0,0.0,0,1,0.0,40,8,35,1.0,18,0,1,1,0,1,2,2,2,31,652,535,117,82.06,212,323,171,20,23.26,24,44.44,19,15,1215,5,0,13,10,221,7,61,58.1,54,58.06,7,58.33
92,979480,Ligue 1,Paris Saint-Germain,Willian Pacho,Defender,6.97,0,1.0,1,8,1,5,0.0,1,50.0,0,0,0,0,0,0,2,0,0,0,0.0,0,0,0.0,40,24,66,10.0,8,0,1,0,0,8,0,0,0,2,1693,1609,84,95.04,1165,444,76,0,0.0,34,53.97,23,21,1915,0,0,6,7,101,5,83,63.36,47,70.15,36,56.25
93,368120,Ligue 1,Lille,Nabil Bentaleb,Midfielder,6.97,2,1.33,0,18,6,7,11.11,5,50.0,1,1,0,2,0,0,0,0,1,1,100.0,0,1,0.0,18,15,38,6.0,8,0,0,0,0,3,5,2,0,12,919,798,121,86.83,417,381,193,5,21.74,51,59.3,26,13,1287,3,0,14,18,168,10,54,52.43,41,52.56,13,52.0
94,1020744,Ligue 1,Toulouse,Charlie Cresswell,Defender,6.96,3,3.42,5,37,12,19,8.11,1,100.0,3,0,1,0,2,2,4,0,0,0,0.0,0,0,0.0,26,28,173,30.0,20,0,1,0,0,8,1,2,0,11,1409,1207,202,85.66,881,326,93,0,0.0,80,43.24,29,28,2533,8,0,31,15,219,8,171,57.77,41,42.71,130,65.0
95,999070,Ligue 1,Nantes,Matthis Abline,Forward,6.96,6,7.95,8,85,23,32,7.06,51,43.97,5,1,1,0,5,5,5,2,1,0,0.0,0,7,0.0,20,8,10,0.0,14,0,0,0,0,3,7,4,0,30,412,291,121,70.63,73,218,148,13,22.03,8,40.0,32,27,2497,6,0,32,42,372,46,146,43.2,112,42.11,34,47.22
96,1400993,Ligue 1,Stade Brestois,Michel Diaz,Defender,6.96,0,0.93,2,7,1,4,0.0,3,75.0,0,0,0,0,0,1,0,1,0,0,0.0,0,0,0.0,27,24,100,24.0,4,0,0,0,0,6,0,0,0,1,642,551,91,85.83,389,162,54,1,100.0,50,57.47,20,17,1560,4,0,8,11,104,1,74,64.35,41,74.55,33,55.0
97,996953,Ligue 1,Paris Saint-Germain,Lucas Chevalier,Goalkeeper,6.95,0,,0,0,0,0,0.0,0,0.0,0,0,0,0,0,0,0,0,0,0,0.0,0,0,0.0,0,0,8,0.0,0,1,0,0,0,9,0,0,0,0,399,350,49,87.72,343,7,2,0,0.0,30,39.47,17,17,1530,0,0,0,1,51,0,3,100.0,1,100.0,2,100.0
98,38440,Ligue 1,Paris FC,Kevin Trapp,Goalkeeper,6.95,0,,0,0,0,0,0.0,0,0.0,0,0,0,0,0,0,0,0,0,0,0.0,0,0,0.0,0,1,16,0.0,0,1,0,0,0,7,0,0,0,0,813,564,249,69.37,489,75,12,0,0.0,128,34.13,22,22,1980,2,0,0,5,257,0,7,100.0,3,100.0,4,100.0
99,1410217,Ligue 1,Toulouse,Pape Diop,Midfielder,6.95,1,1.37,2,29,11,11,3.45,4,36.36,0,1,0,0,1,0,0,0,0,0,0.0,0,2,0.0,32,30,13,7.0,20,0,0,0,0,3,2,2,0,19,629,549,80,87.28,282,267,147,3,21.43,28,60.87,15,13,1185,2,0,15,17,142,16,62,48.82,53,47.75,9,56.25
100,96544,Ligue 1,Olympique de Marseille,Geoffrey Kondogbia,Midfielder,6.95,0,0.27,1,4,1,2,0.0,6,100.0,0,0,0,0,0,0,0,0,0,0,0.0,0,0,0.0,14,10,17,5.0,2,0,0,0,0,0,0,0,0,2,432,377,55,87.27,216,161,56,0,0.0,9,39.13,10,9,593,3,0,12,8,69,6,37,57.81,28,58.33,9,56.25
101,821728,Ligue 1,Nice,Jonathan Clauss,Midfielder,6.95,1,1.29,1,23,6,10,4.35,27,61.36,1,0,0,0,1,0,1,1,0,0,0.0,0,4,0.0,65,47,65,6.0,31,0,5,1,0,3,16,6,1,66,1269,1020,249,80.38,474,546,276,68,29.96,55,47.41,30,28,2531,0,0,22,17,499,18,118,54.38,109,56.19,9,39.13
102,1138804,Ligue 1,Lille,Hakon Arnar Haraldsson,Midfielder,6.95,8,7.86,8,50,17,18,16.0,20,42.55,8,0,0,3,5,4,0,1,0,0,0.0,0,1,0.0,25,11,9,0.0,24,0,1,0,0,4,5,1,3,55,1212,1051,161,86.72,385,666,361,22,29.33,38,66.67,32,29,2475,6,0,28,43,320,29,101,44.69,88,44.9,13,43.33
103,164055,Ligue 1,Stade Rennais,Brice Samba,Goalkeeper,6.95,0,,0,0,0,0,0.0,0,0.0,0,0,0,0,0,0,0,0,0,0,0.0,0,0,0.0,2,0,20,0.0,1,2,2,1,0,10,0,0,0,2,1184,917,267,77.45,837,80,27,0,0.0,166,39.71,32,32,2880,5,0,1,7,274,0,13,81.25,6,75.0,7,87.5
104,579576,Ligue 1,RC Lens,Ruben Aguilar,Midfielder,6.95,2,0.92,0,13,3,7,15.38,7,50.0,2,0,1,0,1,0,5,0,0,0,0.0,0,0,0.0,38,28,31,11.0,14,0,0,0,0,3,8,2,0,26,864,729,135,84.38,294,435,244,17,19.54,19,39.58,26,20,1736,4,1,26,12,255,5,73,55.3,57,53.77,16,61.54
105,825846,Ligue 1,AS Monaco,Jordan Teze,Defender,6.95,1,0.65,0,14,5,6,7.14,3,30.0,1,0,1,0,0,0,3,0,0,0,0.0,0,0,0.0,61,29,59,10.0,31,0,1,0,0,4,6,2,0,35,1332,1110,222,83.33,503,607,299,14,22.22,57,44.53,33,28,2494,8,0,32,25,343,15,117,52.47,88,50.87,29,58.0
106,804764,Ligue 1,Nantes,Chidozie Awaziem,Defender,6.95,1,0.6,0,11,4,3,9.09,4,50.0,1,0,1,0,0,0,1,0,0,0,0.0,0,1,0.0,28,20,182,17.0,10,0,3,0,1,5,2,2,0,10,1368,1158,210,84.65,839,319,104,0,0.0,125,48.83,26,25,2232,7,0,23,21,232,3,96,61.54,52,56.52,44,68.75
107,859026,Ligue 1,Olympique de Marseille,Amine Gouiri,Forward,6.95,8,6.23,5,38,17,10,21.05,19,39.58,8,0,0,0,8,1,4,0,0,0,0.0,0,1,0.0,12,3,3,1.0,7,0,1,0,0,0,7,3,0,32,412,343,69,83.25,102,241,150,13,35.14,8,61.54,22,15,1328,1,0,17,16,188,22,55,38.73,47,38.84,8,38.1
108,1095836,Ligue 1,Auxerre,Théo De Percin,Goalkeeper,6.94,0,,0,0,0,0,0.0,0,0.0,0,0,0,0,0,0,0,0,0,0,0.0,0,0,0.0,0,0,6,0.0,0,0,0,0,0,0,0,0,0,0,206,111,95,53.88,77,34,12,0,0.0,41,30.6,8,5,596,0,0,0,1,96,0,3,100.0,0,0.0,3,100.0
109,1140859,Ligue 1,Lille,Hamza Igamane,Forward,6.94,5,3.57,1,23,9,9,21.74,13,59.09,5,0,1,1,3,0,5,0,0,0,0.0,0,0,0.0,7,2,2,0.0,1,0,0,0,0,0,2,1,0,4,127,95,32,74.8,25,70,49,1,20.0,3,75.0,13,4,428,2,0,6,3,76,9,32,47.06,23,47.92,9,45.0
110,966849,Ligue 1,RC Lens,Saud Abdulhamid,Midfielder,6.94,2,0.83,1,8,3,3,25.0,4,26.67,2,0,1,0,1,0,1,1,0,0,0.0,0,0,0.0,34,11,19,2.0,14,0,1,1,0,3,5,4,1,24,602,535,67,88.87,201,334,222,15,33.33,11,42.31,25,14,1356,4,1,26,14,147,7,59,46.09,52,48.6,7,33.33
111,1471683,Ligue 1,Metz,Sadibou Sané,Defender,6.94,2,0.33,0,6,2,2,33.33,3,50.0,2,0,1,1,0,0,0,0,0,0,0.0,0,0,0.0,46,38,129,24.0,16,1,4,2,1,4,1,1,0,3,1437,1285,152,89.42,895,390,119,2,50.0,88,53.99,23,22,1943,5,2,22,15,175,1,96,60.38,64,61.54,32,58.18
112,328035,Ligue 1,Stade Brestois,Brendan Chardonnet,Defender,6.94,1,0.72,1,12,6,6,8.33,1,50.0,1,0,1,0,0,0,0,1,0,0,0.0,0,0,0.0,36,32,183,40.0,14,1,0,0,0,9,6,3,0,12,1250,1050,200,84.0,817,233,86,3,42.86,91,42.13,29,29,2547,6,0,28,20,218,1,133,58.85,52,57.78,81,59.56
113,1216282,Ligue 1,Paris FC,Luca Koleosho,Forward,6.93,3,1.96,3,17,10,4,17.65,7,30.43,2,1,0,0,3,2,1,0,0,0,0.0,0,1,0.0,24,4,6,1.0,3,0,0,0,0,0,2,1,2,10,188,143,45,76.06,50,93,59,2,13.33,5,62.5,16,3,543,0,0,10,4,96,10,37,43.53,35,47.3,2,18.18
114,152813,Ligue 1,Olympique Lyonnais,Clinton Mata,Defender,6.93,0,0.15,0,5,0,4,0.0,8,53.33,0,0,0,0,0,0,0,0,0,0,0.0,0,1,0.0,39,29,146,28.0,10,0,1,1,1,11,0,0,0,2,1841,1669,172,90.66,1165,504,142,4,20.0,62,41.06,32,32,2836,5,0,35,36,223,4,118,57.28,79,58.52,39,54.93
115,296434,Ligue 1,Lorient,Laurent Abergel,Midfielder,6.93,1,0.8,1,22,5,8,4.55,9,37.5,0,1,0,1,0,0,1,1,0,0,0.0,0,0,0.0,35,27,45,4.0,29,1,3,1,0,6,2,0,0,16,1666,1468,198,88.12,860,608,267,3,37.5,108,62.07,28,27,2324,7,0,24,27,252,12,88,50.0,71,47.97,17,60.71
116,868964,Ligue 1,AS Monaco,Philipp Köhn,Goalkeeper,6.93,0,,0,0,0,0,0.0,0,0.0,0,0,0,0,0,0,0,0,0,0,0.0,0,0,0.0,0,1,9,0.0,0,1,0,0,0,5,0,0,0,0,464,351,113,75.65,320,31,4,0,0.0,81,43.32,19,17,1619,1,0,0,3,116,1,10,90.91,4,80.0,6,100.0
117,801306,Ligue 1,Paris FC,Pierre Lees Melou,Midfielder,6.93,1,1.27,1,31,6,14,3.23,10,43.48,1,0,0,0,1,0,0,0,0,0,0.0,0,1,0.0,65,23,36,8.0,38,1,2,2,0,4,4,3,0,19,1019,843,176,82.73,401,442,210,5,29.41,82,51.9,24,22,1966,5,1,30,29,236,10,115,53.74,104,53.89,11,52.38
118,155997,Ligue 1,Olympique de Marseille,Emerson,Defender,6.93,0,0.58,0,15,2,7,0.0,8,36.36,0,0,0,0,0,0,2,0,0,0,0.0,0,2,0.0,47,35,57,8.0,11,0,1,1,0,6,8,3,0,46,1260,1118,142,88.73,453,665,322,33,27.73,25,38.46,28,23,2124,3,0,16,17,289,10,95,58.64,72,58.54,23,58.97
119,1048333,Ligue 1,RC Strasbourg,Emmanuel Emegha,Forward,6.92,4,3.9,3,17,8,5,23.53,3,42.86,4,0,1,1,2,0,4,0,0,0,0.0,0,1,0.0,0,0,5,0.0,0,0,1,0,0,1,2,2,0,3,52,43,9,82.69,21,22,10,0,0.0,1,100.0,10,4,451,3,0,12,9,24,1,17,50.0,12,41.38,5,100.0
120,343971,Ligue 1,Stade Brestois,Ludovic Ajorque,Forward,6.92,8,9.34,11,56,17,27,14.29,12,66.67,8,0,3,3,2,3,14,1,0,0,0.0,0,0,0.0,28,13,43,6.0,16,0,2,0,0,8,5,9,0,41,774,539,235,69.64,230,309,164,2,22.22,32,65.31,32,32,2823,9,1,65,55,370,30,264,52.8,93,45.81,171,57.58
121,51498,Ligue 1,Olympique de Marseille,Pierre-Emerick Aubameyang,Forward,6.92,10,13.21,21,60,34,19,16.67,11,55.0,10,0,0,1,9,1,9,1,0,0,0.0,0,0,0.0,8,5,12,0.0,10,1,0,0,0,0,8,5,0,26,443,361,82,81.49,149,212,139,2,6.9,7,46.67,30,23,2046,1,0,19,16,179,12,48,39.67,35,41.18,13,36.11
122,1855502,Ligue 1,Lorient,Arsène Kouassi,Midfielder,6.92,2,0.64,1,9,5,3,22.22,37,53.62,1,1,1,1,0,1,10,2,0,0,0.0,1,4,25.0,26,23,52,3.0,9,1,0,0,0,5,8,6,0,32,874,759,115,86.84,362,397,210,21,17.36,16,34.78,31,30,2612,4,0,15,53,316,17,123,57.21,115,62.16,8,26.67
123,976396,Ligue 1,Stade Brestois,Joris Chotard,Midfielder,6.92,2,1.33,2,25,8,10,8.0,4,33.33,0,2,0,0,2,0,0,0,0,0,0.0,0,0,0.0,66,47,89,14.0,30,0,1,0,0,8,0,1,0,11,1190,963,227,80.92,521,442,197,12,23.53,80,50.96,33,31,2777,2,0,28,12,304,4,107,55.15,81,53.64,26,60.47
124,981815,Ligue 1,Olympique de Marseille,Igor Paixão,Midfielder,6.92,6,6.45,5,57,23,23,10.53,27,32.53,4,2,0,1,5,0,9,1,0,0,0.0,0,2,0.0,29,15,22,2.0,17,1,0,0,0,3,5,5,0,29,699,578,121,82.69,148,430,258,7,12.5,30,63.83,30,22,1981,3,0,21,34,298,20,107,41.96,89,44.06,18,33.96
125,1149148,Ligue 1,RC Strasbourg,Mike Penders,Goalkeeper,6.91,0,,0,0,0,0,0.0,0,0.0,0,0,0,0,0,0,0,0,0,0,0.0,0,0,0.0,0,0,22,0.0,0,3,4,1,0,8,0,0,0,0,1400,1205,195,86.07,1130,75,23,0,0.0,148,45.12,33,33,2970,3,0,1,2,202,0,7,87.5,1,50.0,6,100.0
126,1190938,Ligue 1,RC Strasbourg,Martial Godo,Midfielder,6.91,10,7.89,8,41,17,14,24.39,24,44.44,8,2,2,0,7,3,11,1,0,0,0.0,0,0,0.0,16,14,8,1.0,9,0,1,1,0,1,2,1,2,24,441,366,75,82.99,154,212,107,11,35.48,7,43.75,28,18,1613,2,0,15,32,203,30,76,47.5,72,47.37,4,50.0
127,1102502,Ligue 1,Stade Rennais,Quentin Merlin,Defender,6.91,1,1.29,1,26,7,7,3.85,16,50.0,1,0,0,1,0,0,5,0,0,0,0.0,0,2,0.0,56,35,56,12.0,28,1,3,0,0,7,5,5,0,47,1350,1059,291,78.44,445,614,331,31,19.5,56,37.09,33,27,2532,2,0,22,30,537,21,114,52.29,101,54.01,13,41.94
128,873534,Ligue 1,AS Monaco,Krépin Diatta,Midfielder,6.9,0,1.2,1,7,1,4,0.0,6,66.67,0,0,0,0,0,0,4,0,0,0,0.0,0,0,0.0,31,16,30,3.0,10,0,0,1,0,1,4,1,0,13,458,359,99,78.38,128,231,113,9,24.32,16,43.24,18,10,1026,2,0,8,10,162,5,73,68.22,46,66.67,27,71.05
129,231946,Ligue 1,RC Lens,Adrien Thomasson,Midfielder,6.9,3,7.03,10,43,13,19,6.98,19,43.18,3,0,0,2,1,2,4,0,0,0,0.0,0,2,0.0,99,19,26,4.0,65,0,0,0,0,9,11,9,0,81,1348,1122,226,83.23,517,605,326,41,34.17,36,52.94,32,31,2690,11,0,54,43,434,45,180,46.27,160,46.51,20,44.44
130,235460,Ligue 1,Lille,André Gomes,Midfielder,6.9,0,,0,0,0,0,0.0,3,100.0,0,0,0,0,0,0,0,0,0,0,0.0,0,0,0.0,0,0,0,0.0,1,0,0,0,0,0,0,0,0,0,7,7,0,100.0,3,4,2,0,0.0,1,100.0,2,0,14,0,0,2,0,1,1,3,42.86,3,42.86,0,0.0
131,993952,Ligue 1,Lorient,Noah Cadiou,Midfielder,6.9,3,1.8,2,19,9,7,15.79,13,50.0,2,1,0,0,3,0,0,1,0,0,0.0,0,0,0.0,24,23,41,13.0,14,0,1,0,0,4,0,1,0,11,1164,1021,143,87.71,595,426,202,0,0.0,61,55.96,28,20,1881,2,0,27,13,203,16,68,44.44,50,42.37,18,51.43
132,996951,Ligue 1,Auxerre,Sinaly Diomandé,Defender,6.9,2,1.8,2,9,4,3,22.22,5,55.56,2,0,1,0,1,0,2,0,0,0,0.0,0,0,0.0,33,31,114,14.0,12,0,4,0,0,7,1,2,0,4,953,822,131,86.25,568,254,87,0,0.0,61,45.52,24,24,2134,2,1,31,26,154,3,99,59.28,61,58.1,38,61.29
133,963201,Ligue 1,Angers,Melvin Zinga,Goalkeeper,6.9,0,,0,0,0,0,0.0,0,0.0,0,0,0,0,0,0,0,0,0,0,0.0,0,0,0.0,1,0,2,0.0,0,0,0,0,0,0,0,0,0,0,64,41,23,64.06,36,5,0,0,0.0,11,32.35,3,2,221,0,0,0,0,25,0,2,100.0,1,100.0,1,100.0
134,982316,Ligue 1,Lorient,Formose Mendy,Defender,6.9,0,,0,0,0,0,0.0,0,0.0,0,0,0,0,0,0,0,0,0,0,0.0,0,0,0.0,3,3,15,0.0,2,0,0,0,0,0,0,0,0,0,86,74,12,86.05,47,27,9,0,0.0,5,55.56,2,2,135,1,0,2,3,16,0,9,60.0,6,60.0,3,60.0
135,1002033,Ligue 1,RC Strasbourg,Guéla Doué,Defender,6.9,2,2.11,3,12,5,4,16.67,18,54.55,2,0,0,0,2,1,0,0,0,0,0.0,0,0,0.0,50,27,103,9.0,20,0,0,0,0,5,6,6,0,19,1248,1087,161,87.1,626,461,164,17,32.69,21,40.38,24,23,2063,3,0,42,24,292,24,150,53.19,92,48.17,58,63.74
136,1069159,Ligue 1,Paris FC,Otávio,Defender,6.9,1,0.58,0,12,3,5,8.33,6,54.55,1,0,0,0,1,0,1,0,0,0,0.0,0,0,0.0,50,28,131,18.0,15,1,3,2,0,5,0,0,0,4,1368,1210,158,88.45,901,309,102,2,33.33,69,47.92,23,21,1908,6,1,24,33,202,8,112,60.54,89,64.03,23,50.0
137,1403196,Ligue 1,Olympique de Marseille,Hilan Hamzaoui Slimani,Defender,6.9,0,,0,0,0,0,0.0,0,0.0,0,0,0,0,0,0,0,0,0,0,0.0,0,0,0.0,2,0,2,0.0,0,0,0,0,0,0,0,0,0,0,7,7,0,100.0,5,2,0,0,0.0,1,100.0,1,0,9,0,0,0,0,0,0,3,75.0,2,100.0,1,50.0
138,1512333,Ligue 1,Olympique de Marseille,Ange Lago,Forward,6.9,0,0.15,1,2,2,0,0.0,0,0.0,0,0,0,0,0,0,0,0,0,0,0.0,0,0,0.0,5,0,2,0.0,0,0,0,0,0,0,0,0,0,1,10,8,2,80.0,5,3,2,1,100.0,2,100.0,2,0,58,1,0,2,1,8,1,7,50.0,6,66.67,1,20.0
139,879618,Ligue 1,Lorient,Montassar Talbi,Defender,6.9,0,0.72,1,14,2,7,0.0,3,50.0,0,0,0,0,0,0,0,0,0,0,0.0,0,0,0.0,22,26,186,24.0,18,0,2,0,0,6,1,1,0,7,1445,1289,156,89.2,924,365,119,0,0.0,70,47.62,29,29,2610,3,0,6,12,183,3,114,60.0,37,56.06,77,62.1
140,281277,Ligue 1,AS Monaco,Thilo Kehrer,Defender,6.9,0,1.64,2,16,1,12,0.0,4,57.14,0,0,0,0,0,1,2,0,0,0,0.0,0,0,0.0,65,30,104,23.0,20,1,2,0,0,6,1,0,1,6,1643,1431,212,87.1,806,625,199,0,0.0,61,42.66,28,28,2358,6,2,27,29,252,2,165,63.71,98,65.77,67,60.91
141,1050692,Ligue 1,Paris FC,Diego Coppola,Defender,6.89,0,0.28,0,5,3,2,0.0,2,100.0,0,0,0,0,0,0,0,0,0,0,0.0,0,0,0.0,12,6,106,10.0,8,0,1,0,1,3,2,2,0,4,629,542,87,86.17,358,184,60,0,0.0,38,42.22,13,13,1170,1,0,6,3,92,1,43,51.81,15,50.0,28,52.83
142,1410925,Ligue 1,RC Strasbourg,Joaquin Panichelli,Forward,6.89,16,14.21,13,59,31,20,27.12,11,36.67,15,1,3,2,11,3,14,0,6,5,83.33,0,0,0.0,26,12,32,8.0,12,0,0,0,0,6,5,1,0,22,466,338,128,72.53,141,197,113,0,0.0,3,27.27,27,24,2195,3,0,43,44,249,26,138,44.95,78,46.43,60,43.17
143,876600,Ligue 1,Stade Rennais,Mousa Tamari,Forward,6.89,6,5.22,2,64,23,23,9.38,33,35.48,5,1,0,6,0,1,26,4,0,0,0.0,0,0,0.0,27,11,6,2.0,15,0,1,0,0,3,8,6,0,34,639,519,120,81.22,171,348,205,14,16.87,14,58.33,33,25,2224,4,0,17,27,373,45,88,38.26,86,38.74,2,25.0
144,944164,Ligue 1,Nice,Sofiane Diop,Midfielder,6.89,8,7.18,3,54,17,21,14.81,32,49.23,7,1,0,0,8,2,7,0,2,2,100.0,0,3,0.0,22,20,11,2.0,20,0,0,0,0,0,6,2,0,35,877,684,193,77.99,262,422,255,9,24.32,48,64.86,33,26,2144,5,0,22,46,354,36,108,45.0,99,47.37,9,29.03
145,795228,Ligue 1,RC Lens,Odsonne Édouard,Forward,6.89,12,11.51,18,60,31,18,20.0,16,40.0,12,0,3,2,7,2,12,1,1,1,100.0,0,2,0.0,10,3,22,4.0,14,1,0,0,0,0,3,3,0,20,288,231,57,80.21,76,155,101,0,0.0,4,66.67,29,26,1818,2,0,21,17,166,40,69,36.13,42,30.22,27,51.92
146,827519,Ligue 1,Lille,Romain Perraud,Defender,6.88,3,2.22,0,33,12,10,9.09,14,41.18,2,1,0,3,0,0,2,1,0,0,0.0,1,2,50.0,44,23,47,6.0,20,0,0,0,0,5,7,4,0,37,1123,963,160,85.75,358,605,336,30,23.44,19,30.65,30,27,2253,4,1,21,44,350,14,121,52.84,102,58.29,19,35.19
147,928236,Ligue 1,Olympique de Marseille,Leonardo Balerdi,Defender,6.88,0,2.26,4,20,5,12,0.0,10,62.5,0,0,0,0,0,1,0,0,0,0,0.0,0,0,0.0,49,27,101,11.0,25,1,0,0,0,3,0,1,0,5,1496,1377,119,92.05,924,453,114,1,50.0,69,52.27,26,21,1998,5,0,23,21,146,5,120,57.14,80,57.97,40,55.56
148,957604,Ligue 1,Olympique Lyonnais,Pavel Šulc,Forward,6.88,11,9.1,5,44,18,13,25.0,15,46.88,10,1,3,1,7,0,6,0,0,0,0.0,0,0,0.0,24,7,11,0.0,18,0,0,0,0,3,5,3,0,22,380,283,97,74.47,115,168,108,3,20.0,6,42.86,27,17,1568,3,0,28,15,198,13,70,36.65,54,41.86,16,25.81
149,1127191,Ligue 1,Auxerre,Oussama El Azzouzi,Midfielder,6.88,1,0.52,1,5,1,3,20.0,6,33.33,1,0,0,0,1,0,0,0,0,0,0.0,0,0,0.0,19,16,13,3.0,8,0,0,0,0,0,1,0,0,9,386,350,36,90.67,164,186,106,0,0.0,25,78.13,11,10,813,1,1,18,7,63,7,42,47.19,31,41.89,11,73.33
150,1597145,Ligue 1,Stade Rennais,Abdelhamid Ait Boudlal,Defender,6.88,2,1.73,2,13,4,8,15.38,10,55.56,2,0,1,0,1,0,1,0,0,0,0.0,0,0,0.0,22,19,87,17.0,6,0,2,0,0,2,1,1,0,1,820,727,93,88.66,567,160,44,1,50.0,40,53.33,20,17,1415,3,1,14,10,128,4,80,56.34,42,57.53,38,55.07
151,149732,Ligue 1,Le Havre,Abdoulaye Touré,Midfielder,6.87,2,1.5,2,13,4,4,15.38,3,33.33,1,1,0,1,1,1,0,0,1,0,0.0,0,0,0.0,12,9,16,4.0,1,0,1,0,0,3,0,0,0,3,297,259,38,87.21,117,142,76,1,7.69,21,80.77,11,8,741,2,0,13,17,84,7,39,54.17,32,55.17,7,50.0
152,982319,Ligue 1,Paris FC,Moustapha Mbow,Defender,6.87,0,0.64,1,10,3,6,0.0,6,85.71,0,0,0,0,0,0,1,0,0,0,0.0,0,0,0.0,52,39,160,29.0,11,0,2,3,0,8,1,1,0,4,1591,1459,132,91.7,1086,373,104,2,100.0,103,62.05,31,30,2716,5,0,28,16,163,8,135,62.5,73,60.83,62,64.58
153,934498,Ligue 1,Lille,Félix Correia,Midfielder,6.87,4,5.28,7,37,9,17,10.81,17,35.42,3,1,0,0,4,2,3,0,0,0,0.0,0,0,0.0,29,21,11,2.0,12,1,1,1,0,0,10,5,0,38,865,681,184,78.73,188,493,315,25,29.76,36,63.16,34,26,2068,2,0,14,28,341,20,84,47.19,73,49.66,11,35.48
154,822708,Ligue 1,RC Lens,Amadou Haidara,Midfielder,6.87,1,0.14,0,2,2,0,50.0,0,0.0,1,0,0,1,0,0,0,0,0,0,0.0,0,0,0.0,0,2,5,1.0,1,0,0,0,0,0,0,1,0,2,125,111,14,88.8,46,65,34,0,0.0,4,66.67,7,2,257,0,0,4,2,17,1,7,43.75,2,25.0,5,62.5
155,128587,Ligue 1,Lille,Thomas Meunier,Defender,6.86,1,1.34,0,18,4,8,5.56,12,60.0,1,0,0,1,0,0,2,0,0,0,0.0,0,0,0.0,31,16,52,2.0,12,0,0,0,0,9,6,2,0,18,1027,850,177,82.77,396,454,258,10,20.41,51,54.84,25,21,1915,3,0,29,3,287,11,63,46.67,46,43.4,17,58.62
156,867575,Ligue 1,Metz,Koffi Kouao,Defender,6.86,2,1.75,1,23,10,9,8.7,30,71.43,2,0,1,0,1,1,3,1,0,0,0.0,0,0,0.0,72,29,69,13.0,37,0,1,1,1,6,2,1,0,11,1084,937,147,86.44,517,420,214,8,13.56,59,50.86,27,27,2273,10,0,32,33,278,16,143,56.52,134,58.26,9,39.13
157,962068,Ligue 1,RC Strasbourg,Sebastian Nanasi,Midfielder,6.86,7,4.11,6,19,11,6,36.84,8,44.44,7,0,1,3,3,1,1,0,0,0,0.0,0,0,0.0,12,6,14,3.0,12,0,0,0,0,1,3,2,0,17,407,338,69,83.05,135,203,135,3,12.5,9,52.94,19,11,1060,0,0,8,3,125,6,25,36.23,23,38.98,2,20.0
158,1119487,Ligue 1,Lille,Nathan Ngoy,Defender,6.86,1,1.28,2,22,6,9,4.55,7,77.78,1,0,0,0,1,1,0,0,0,0,0.0,0,0,0.0,33,36,99,13.0,12,0,5,0,0,9,3,2,0,4,1648,1507,141,91.44,1063,444,119,1,20.0,93,53.76,29,27,2412,10,1,20,11,160,2,80,58.82,51,59.3,29,58.0
159,191188,Ligue 1,Stade Rennais,Seko Fofana,Midfielder,6.86,1,1.04,0,9,3,5,11.11,12,60.0,1,0,0,1,0,1,0,0,0,0,0.0,0,0,0.0,3,4,7,1.0,4,0,0,0,0,1,0,0,0,11,360,328,32,91.11,123,205,102,1,14.29,8,61.54,12,7,668,0,0,3,13,63,7,36,60.0,28,56.0,8,80.0
160,1868591,Ligue 1,AS Monaco,Aladji Bamba,Midfielder,6.86,0,0.12,0,2,1,0,0.0,14,70.0,0,0,0,0,0,0,0,0,0,0,0.0,0,0,0.0,33,7,15,0.0,13,0,1,0,0,0,4,2,0,13,515,422,93,81.94,192,230,104,2,50.0,19,82.61,18,10,830,2,0,23,18,131,10,82,54.67,65,55.56,17,51.52
161,1049515,Ligue 1,Stade Rennais,Alidu Seidu,Defender,6.86,0,0.14,0,5,1,4,0.0,7,50.0,0,0,0,0,0,1,3,0,0,0,0.0,0,0,0.0,35,17,36,2.0,8,1,2,0,0,2,3,1,0,8,757,695,62,91.81,357,338,157,4,36.36,34,69.39,21,13,1185,1,0,16,31,118,10,87,62.59,73,65.18,14,51.85
162,962883,Ligue 1,AS Monaco,Ansu Fati,Forward,6.86,11,9.57,9,43,24,9,25.58,14,48.28,8,3,1,3,7,0,3,0,4,3,75.0,0,0,0.0,15,4,9,0.0,10,0,1,0,0,0,3,0,0,15,427,353,74,82.67,114,239,138,2,25.0,14,60.87,25,10,1086,1,0,9,6,144,14,49,44.55,35,43.21,14,48.28
163,890329,Ligue 1,Nantes,Ignatius Kpene Ganago,Forward,6.85,3,3.4,4,22,7,9,13.64,7,58.33,2,1,0,0,3,2,3,0,1,1,100.0,0,0,0.0,5,2,8,1.0,0,0,0,0,0,2,1,1,0,6,149,97,52,65.1,35,62,43,1,10.0,0,0.0,13,10,841,1,0,11,13,100,7,59,52.21,23,51.11,36,52.94
164,867441,Ligue 1,Olympique de Marseille,Angel Gomes,Midfielder,6.85,3,1.42,3,11,5,4,27.27,6,66.67,1,2,0,0,3,0,0,0,0,0,0.0,1,1,100.0,10,4,2,0.0,5,0,0,0,0,1,1,0,0,18,582,529,53,90.89,195,334,160,2,28.57,18,69.23,14,12,892,4,0,19,12,77,5,33,45.21,28,47.46,5,35.71
165,1426222,Ligue 1,RC Lens,Fode Sylla,Midfielder,6.85,0,,0,0,0,0,0.0,0,0.0,0,0,0,0,0,0,0,0,0,0,0.0,0,0,0.0,9,3,3,0.0,0,0,0,0,0,0,0,0,0,1,56,47,9,83.93,31,16,7,0,0.0,1,100.0,4,1,103,0,0,3,0,11,1,11,64.71,9,64.29,2,66.67
166,1035695,Ligue 1,Le Havre,Fodé Doucouré,Midfielder,6.85,3,2.1,2,20,8,5,15.0,7,35.0,3,0,0,0,3,0,2,0,0,0,0.0,0,0,0.0,36,9,22,1.0,11,0,0,0,0,0,2,1,0,18,432,350,82,81.02,153,197,103,15,19.74,17,45.95,26,15,1242,2,0,14,4,199,10,56,49.56,46,49.46,10,50.0
167,318963,Ligue 1,AS Monaco,Aleksandr Golovin,Midfielder,6.85,5,3.72,3,34,18,7,14.71,19,61.29,5,0,0,3,2,0,2,0,0,0,0.0,0,1,0.0,26,24,11,5.0,18,0,1,0,0,3,2,5,0,24,734,606,128,82.56,179,427,260,8,21.62,21,60.0,25,21,1661,2,1,30,18,235,15,68,43.59,63,45.99,5,26.32
168,980406,Ligue 1,Le Havre,Étienne Youte Kinkoue,Defender,6.85,0,,0,0,0,0,0.0,0,0.0,0,0,0,0,0,0,0,0,0,0,0.0,0,0,0.0,6,1,34,9.0,1,0,1,0,0,3,0,0,0,1,201,169,32,84.08,120,49,9,0,0.0,20,47.62,9,4,434,2,0,3,1,33,0,10,55.56,7,63.64,3,42.86
169,913942,Ligue 1,Auxerre,Romain Faivre,Midfielder,6.85,0,0.62,0,11,3,5,0.0,12,54.55,0,0,0,0,0,0,2,0,0,0,0.0,0,0,0.0,7,5,5,1.0,3,0,0,0,0,0,2,2,0,10,178,146,32,82.02,57,89,62,4,28.57,10,83.33,10,7,587,0,0,5,11,79,3,33,61.11,30,58.82,3,100.0
170,352802,Ligue 1,Paris FC,Maxime López,Midfielder,6.84,0,1.35,1,13,6,2,0.0,9,36.0,0,0,0,0,0,0,5,0,0,0,0.0,0,0,0.0,23,11,10,3.0,15,1,1,0,0,4,12,3,0,43,1706,1524,182,89.33,734,790,370,19,23.17,72,56.25,26,22,1960,11,0,26,8,306,14,42,36.84,40,37.38,2,28.57
171,1131540,Ligue 1,Lorient,Théo Le Bris,Midfielder,6.84,2,1.74,2,17,7,8,11.76,11,47.83,2,0,1,0,1,0,0,0,0,0,0.0,0,0,0.0,40,17,42,2.0,15,0,0,0,0,2,2,2,0,13,626,540,86,86.26,215,325,181,14,17.28,11,61.11,28,22,1898,0,0,9,7,204,4,65,55.56,58,59.18,7,36.84
172,963299,Ligue 1,Nantes,Johann Lepenant,Midfielder,6.84,0,0.93,0,21,7,8,0.0,10,34.48,0,0,0,0,0,0,0,0,0,0,0.0,0,0,0.0,79,27,21,3.0,48,0,3,0,0,5,4,1,0,33,823,660,163,80.19,311,349,191,24,32.0,43,50.0,27,23,2175,4,0,30,48,303,22,150,52.63,135,53.15,15,48.39
173,802138,Ligue 1,Lorient,Jean Victor Makengo,Forward,6.84,4,3.11,0,38,14,14,10.53,24,58.54,3,1,0,3,1,2,0,0,0,0,0.0,0,0,0.0,28,9,23,1.0,9,0,1,0,1,0,1,2,0,25,565,468,97,82.83,174,294,175,5,29.41,14,50.0,31,23,1813,2,0,12,35,186,19,99,56.9,87,60.42,12,40.0
174,1049538,Ligue 1,Angers,Ousmane Camara,Defender,6.84,1,0.63,0,13,5,7,7.69,3,60.0,1,0,0,0,1,0,1,0,0,0,0.0,0,0,0.0,47,31,176,25.0,7,1,1,1,0,10,0,0,0,4,1362,1234,128,90.6,988,246,34,0,0.0,42,41.58,32,31,2719,4,0,22,7,153,2,111,58.12,56,65.12,55,52.38
175,257205,Ligue 1,Le Havre,Sofiane Boufal,Forward,6.84,1,1.5,1,19,4,9,5.26,25,42.37,1,0,0,0,1,2,6,1,1,0,0.0,0,2,0.0,25,3,4,0.0,15,0,0,0,0,0,7,4,0,28,347,263,84,75.79,100,163,104,14,23.33,14,40.0,17,13,1028,2,0,24,32,231,21,86,47.78,82,47.13,4,66.67
176,1402698,Ligue 1,Lille,Ethan Mbappé,Midfielder,6.84,3,1.51,2,14,7,3,21.43,6,30.0,3,0,0,3,0,0,1,0,0,0,0.0,0,1,0.0,14,3,1,0.0,9,0,0,0,0,0,2,1,0,15,237,196,41,82.7,53,143,84,13,38.24,6,50.0,18,4,568,1,0,7,9,100,9,29,40.85,29,42.65,0,0.0
177,1638338,Ligue 1,RC Strasbourg,Gessime Yassine,Midfielder,6.83,0,0.82,1,8,1,4,0.0,10,34.48,0,0,0,0,0,0,1,1,0,0,0.0,0,0,0.0,23,2,1,0.0,6,0,1,0,0,0,3,1,0,8,179,148,31,82.68,47,101,67,4,21.05,1,25.0,12,6,514,0,0,9,19,96,12,52,53.61,52,53.61,0,0.0
178,945830,Ligue 1,Olympique de Marseille,Himad Abdelli,Midfielder,6.83,2,2.13,0,15,6,5,13.33,15,45.45,2,0,0,0,2,0,1,0,2,2,100.0,0,0,0.0,24,16,12,3.0,7,0,1,0,0,3,0,0,0,9,709,621,88,87.59,319,302,142,3,30.0,23,56.1,21,12,1096,2,0,19,12,143,12,60,50.42,51,48.11,9,69.23
179,806076,Ligue 1,Stade Rennais,Ludovic Blas,Midfielder,6.83,5,5.1,2,47,14,16,10.64,27,50.94,5,0,0,5,0,1,5,0,2,2,100.0,0,1,0.0,21,17,8,2.0,20,0,1,0,0,1,11,4,0,48,648,538,110,83.02,178,360,213,27,28.42,22,55.0,32,15,1548,0,0,24,27,271,27,81,41.75,75,43.6,6,27.27
180,988907,Ligue 1,Stade Rennais,Lilian Brassier,Defender,6.83,0,0.78,1,10,2,6,0.0,7,46.67,0,0,0,0,0,0,0,0,0,0,0.0,0,0,0.0,30,38,78,23.0,2,1,1,0,0,7,3,1,0,13,1574,1353,221,85.96,823,530,224,6,25.0,50,32.05,27,25,2252,2,0,27,21,305,11,95,57.23,57,54.81,38,61.29
181,973838,Ligue 1,Olympique Lyonnais,Abner Vinícius,Defender,6.83,3,1.56,2,17,7,3,17.65,9,40.91,2,1,0,1,2,0,1,0,0,0,0.0,0,0,0.0,34,7,40,4.0,14,0,1,0,0,10,5,2,2,23,1001,846,155,84.52,327,519,285,19,29.69,48,58.54,26,25,2164,4,1,23,6,262,11,63,42.86,49,44.95,14,36.84
182,847983,Ligue 1,Stade Rennais,Sebastian Szymański,Midfielder,6.83,1,0.68,0,12,5,4,8.33,3,33.33,1,0,0,1,0,0,4,0,0,0,0.0,0,3,0.0,23,3,4,3.0,4,0,0,0,0,0,5,3,1,20,345,272,73,78.84,123,149,95,9,15.79,10,45.45,16,10,786,2,0,13,12,148,8,41,50.0,38,55.88,3,21.43
183,1022084,Ligue 1,Olympique Lyonnais,Tanner Tessmann,Midfielder,6.83,1,2.26,3,26,8,14,3.85,9,50.0,1,0,0,1,0,1,3,0,0,0,0.0,0,0,0.0,29,14,54,13.0,13,1,1,0,0,11,3,0,0,13,1091,938,153,85.98,509,429,184,3,18.75,50,53.76,29,22,1960,2,0,21,19,221,15,82,51.57,57,50.0,25,55.56
184,1012657,Ligue 1,Le Havre,Lucas Gourna-Douath,Midfielder,6.83,0,0.22,0,9,2,4,0.0,8,50.0,0,0,0,0,0,0,2,0,0,0,0.0,0,0,0.0,26,14,16,11.0,13,0,3,3,0,2,0,0,0,6,560,487,73,86.96,257,230,89,2,40.0,29,63.04,15,14,1275,5,0,24,35,114,11,84,56.38,69,56.1,15,57.69
185,770677,Ligue 1,AS Monaco,Denis Zakaria,Midfielder,6.83,2,1.71,3,18,3,9,11.11,8,53.33,2,0,1,0,1,1,0,0,0,0,0.0,0,0,0.0,38,40,64,15.0,12,0,2,0,1,3,1,1,0,6,1111,1036,75,93.25,552,484,157,1,8.33,21,52.5,24,23,2033,4,1,26,7,131,11,68,49.64,53,49.07,15,51.72
186,1087805,Ligue 1,Auxerre,Marvin Senaya,Defender,6.82,1,1.38,2,15,5,3,6.67,3,14.29,1,0,0,0,1,0,1,0,0,0,0.0,0,0,0.0,57,34,77,14.0,14,0,1,0,0,3,0,0,0,6,625,477,148,76.32,286,191,85,11,26.19,33,37.08,25,20,1784,5,0,26,32,262,9,134,61.47,90,59.21,44,66.67
187,1895833,Ligue 1,Le Havre,Noam Obougou Jacquet,Forward,6.82,1,0.13,0,4,3,0,25.0,2,66.67,1,0,0,1,0,0,0,1,0,0,0.0,0,0,0.0,0,1,0,0.0,0,0,0,0,0,0,0,0,0,0,13,6,7,46.15,1,5,4,0,0.0,0,0.0,5,0,99,0,0,5,3,21,1,10,45.45,5,41.67,5,50.0
188,1462778,Ligue 1,Angers,Lilian Raolisoa,Defender,6.82,2,0.91,0,17,6,4,11.76,17,42.5,1,1,0,0,2,0,1,0,0,0,0.0,0,1,0.0,52,15,46,4.0,17,0,0,0,0,2,8,4,0,22,654,483,171,73.85,221,262,124,18,18.18,24,40.0,32,21,1976,3,0,27,17,359,19,116,52.02,86,50.59,30,56.6
189,825681,Ligue 1,Stade Brestois,Romain Del Castillo,Midfielder,6.82,9,8.15,4,33,13,13,27.27,29,33.72,9,0,0,8,1,0,5,0,8,6,75.0,0,3,0.0,59,30,23,1.0,38,0,2,0,0,4,11,3,0,57,1026,769,257,74.95,274,495,292,49,24.62,33,45.83,32,32,2643,2,1,28,43,591,38,161,45.74,131,45.17,30,48.39
190,983066,Ligue 1,RC Strasbourg,Andrew Omobamidele,Defender,6.82,1,0.51,1,4,3,1,25.0,0,0.0,1,0,0,1,0,0,0,0,0,0,0.0,0,0,0.0,7,17,73,9.0,1,0,0,0,0,3,0,0,0,0,1181,1138,43,96.36,932,206,26,0,0.0,13,68.42,25,13,1375,4,0,13,10,53,1,45,63.38,17,50.0,28,75.68
191,860307,Ligue 1,Olympique de Marseille,Facundo Medina,Defender,6.82,0,0.3,1,4,1,3,0.0,4,57.14,0,0,0,0,0,0,0,0,0,0,0.0,0,0,0.0,19,23,54,13.0,10,0,1,1,1,3,2,1,0,7,1043,953,90,91.37,493,460,172,1,7.14,40,51.28,17,16,1376,7,0,24,10,135,3,43,47.25,33,46.48,10,50.0
192,802142,Ligue 1,Paris FC,Jonathan Ikoné,Forward,6.81,3,3.09,4,25,6,9,12.0,18,52.94,3,0,1,1,1,0,3,0,0,0,0.0,0,0,0.0,17,4,7,1.0,13,0,0,0,0,0,6,1,0,14,396,332,64,83.84,141,191,112,1,16.67,8,66.67,23,13,1102,2,0,13,18,128,17,58,46.4,53,49.07,5,29.41
193,1402217,Ligue 1,Lorient,Panos Katseris,Midfielder,6.81,1,0.85,0,7,4,1,14.29,10,40.0,1,0,0,0,1,0,2,0,0,0,0.0,0,0,0.0,12,11,18,1.0,12,0,0,0,0,1,5,2,0,10,252,201,51,79.76,98,103,56,10,24.39,6,40.0,16,8,749,3,0,13,14,127,7,42,42.42,35,43.21,7,38.89
194,1120615,Ligue 1,Nice,Antoine Mendy,Defender,6.81,1,2.21,5,17,7,5,5.88,6,37.5,0,1,0,0,1,0,1,0,0,0,0.0,0,0,0.0,54,18,120,18.0,21,2,3,1,0,4,0,0,0,1,1203,1024,179,85.12,655,369,117,1,5.0,53,41.73,25,24,2098,5,0,30,23,259,7,146,59.59,82,56.16,64,64.65
195,985923,Ligue 1,Nice,Hicham Boudaoui,Midfielder,6.81,1,1.59,3,21,9,7,4.76,15,48.39,1,0,0,0,1,0,2,0,0,0,0.0,0,0,0.0,27,17,24,9.0,14,0,2,0,0,1,3,2,0,17,699,586,113,83.83,292,294,138,6,31.58,22,40.74,25,18,1694,6,0,19,40,202,22,95,53.67,82,53.59,13,54.17
196,1035988,Ligue 1,Le Havre,Arouna Sangante,Defender,6.81,1,0.43,1,9,5,3,11.11,4,44.44,1,0,1,0,0,0,0,0,0,0,0.0,0,0,0.0,41,38,121,15.0,13,0,4,1,0,4,0,1,0,10,1424,1220,204,85.67,766,454,137,1,12.5,67,40.85,28,28,2333,4,2,42,41,251,9,141,56.85,85,57.05,56,56.57
197,363042,Ligue 1,Angers,Jordan Lefort,Defender,6.81,0,0.54,0,10,1,7,0.0,10,62.5,0,0,0,0,0,0,2,0,0,0,0.0,0,1,0.0,51,48,177,16.0,21,0,3,1,0,10,3,2,1,9,1932,1673,259,86.59,1279,394,124,10,41.67,103,42.74,34,34,3060,2,0,22,19,327,9,116,59.18,79,57.66,37,62.71
198,802034,Ligue 1,Nantes,Fabien Centonze,Defender,6.81,3,1.35,0,8,3,3,37.5,4,26.67,3,0,0,1,2,0,1,0,0,0,0.0,0,0,0.0,31,23,32,2.0,8,0,1,0,0,1,1,0,0,4,199,151,48,75.88,59,92,48,11,36.67,7,53.85,15,9,765,4,0,13,8,116,3,53,55.21,43,57.33,10,47.62
199,844942,Ligue 1,Auxerre,Gideon Mensah,Defender,6.81,0,0.0,0,1,0,1,0.0,16,55.17,0,0,0,0,0,1,1,0,0,0,0.0,0,0,0.0,51,28,72,4.0,23,0,2,0,0,6,3,2,0,17,1104,909,195,82.34,445,464,242,15,24.19,61,40.94,30,26,2333,8,0,37,34,348,19,113,50.9,101,52.33,12,41.38
200,894733,Ligue 1,Paris FC,Marshall Munetsi,Midfielder,6.81,4,3.66,4,19,9,7,21.05,5,38.46,4,0,0,1,2,0,1,1,0,0,0.0,0,0,0.0,13,3,25,2.0,7,0,2,1,0,3,0,1,0,7,238,170,68,71.43,81,89,54,0,0.0,4,40.0,15,11,991,0,0,12,9,105,9,58,46.03,26,41.94,32,50.0
201,861324,Ligue 1,Stade Brestois,Hugo Magnetti,Midfielder,6.81,1,0.73,0,22,5,8,4.55,17,62.96,0,1,0,0,1,0,0,0,0,0,0.0,0,0,0.0,70,45,55,3.0,33,2,4,0,0,8,2,1,1,18,1121,944,177,84.21,506,438,199,7,28.0,49,44.95,33,31,2697,5,0,31,33,261,14,133,58.59,120,59.11,13,54.17
202,1102503,Ligue 1,Lorient,Ahmadou Bamba Dieng,Forward,6.8,10,8.81,10,46,24,17,21.74,6,37.5,10,0,1,3,6,1,9,0,2,1,50.0,0,1,0.0,7,3,14,1.0,3,0,0,0,0,0,2,1,0,11,191,146,45,76.44,81,65,31,0,0.0,1,50.0,22,15,1220,3,0,15,13,106,21,54,42.52,26,36.62,28,50.0
203,1156353,Ligue 1,Stade Brestois,Kamory Doumbia,Midfielder,6.8,5,4.78,4,43,14,13,11.63,17,30.36,5,0,2,0,3,2,2,0,0,0,0.0,0,0,0.0,61,20,6,0.0,26,1,0,0,0,1,11,4,0,27,678,559,119,82.45,244,315,164,4,20.0,27,64.29,24,22,1765,6,0,29,21,278,32,110,42.47,99,44.8,11,28.95
204,1473491,Ligue 1,Paris Saint-Germain,Senny Mayulu,Midfielder,6.8,4,4.09,6,35,11,18,11.43,16,39.02,4,0,1,2,1,3,1,0,0,0,0.0,0,0,0.0,48,11,5,1.0,9,0,0,0,0,4,7,4,0,39,767,684,83,89.18,236,448,252,8,28.57,21,70.0,26,21,1681,2,0,26,20,214,26,92,47.92,84,49.7,8,34.78
205,105951,Ligue 1,Metz,Benjamin Stambouli,Midfielder,6.8,0,0.34,0,6,1,4,0.0,10,83.33,0,0,0,0,0,0,0,0,0,0,0.0,0,0,0.0,23,8,24,5.0,13,0,3,0,0,0,1,0,0,8,500,410,90,82.0,245,165,63,1,14.29,43,50.0,19,10,972,0,0,14,9,128,7,47,53.41,42,56.0,5,38.46
206,1545023,Ligue 1,Olympique Lyonnais,Mathys de Carvalho,Midfielder,6.8,0,0.44,0,7,2,4,0.0,1,100.0,0,0,0,0,0,0,0,0,0,0,0.0,0,0,0.0,8,5,8,1.0,3,0,1,0,0,0,0,0,0,1,192,180,12,93.75,99,81,40,0,0.0,12,80.0,11,3,307,1,0,2,5,25,4,18,56.25,14,63.64,4,40.0
207,928033,Ligue 1,Nice,Charles Vanhoutte,Midfielder,6.8,0,0.21,0,5,1,2,0.0,8,50.0,0,0,0,0,0,0,0,0,0,0,0.0,0,0,0.0,47,19,45,11.0,21,0,1,1,0,2,2,2,0,15,986,833,153,84.48,403,430,199,1,7.69,51,60.71,26,21,1785,6,0,35,8,220,10,99,51.03,63,46.67,36,61.02
208,804472,Ligue 1,Nice,Pablo Rosario,Midfielder,6.8,0,0.09,0,2,1,1,0.0,2,66.67,0,0,0,0,0,0,0,0,0,0,0.0,0,0,0.0,1,0,0,,0,0,0,0,0,0,0,0,0,1,16,15,1,93.75,4,11,5,0,0.0,0,0.0,1,0,27,0,0,0,0,4,0,3,60.0,3,75.0,0,0.0
209,1415436,Ligue 1,Nantes,Sékou Doucoure,Defender,6.8,0,,0,0,0,0,0.0,0,0.0,0,0,0,0,0,0,0,0,0,0,0.0,0,0,0.0,0,3,5,1.0,0,0,1,0,0,0,0,0,0,0,30,26,4,86.67,24,2,0,0,0.0,0,0.0,1,0,45,0,0,1,0,4,0,1,50.0,0,0.0,1,100.0
210,801411,Ligue 1,Olympique de Marseille,Derek Cornelius,Defender,6.8,0,,0,0,0,0,0.0,0,0.0,0,0,0,0,0,0,0,0,0,0,0.0,0,0,0.0,0,1,4,2.0,0,0,0,0,0,0,0,0,0,0,14,12,2,85.71,10,2,0,0,0.0,0,0.0,2,0,57,0,0,0,2,2,0,2,66.67,2,100.0,0,0.0
211,873221,Ligue 1,Le Havre,Ayumu Seko,Defender,6.8,0,1.04,1,17,6,9,0.0,2,50.0,0,0,0,0,0,0,1,0,0,0,0.0,0,0,0.0,42,37,116,7.0,14,0,0,0,1,7,1,0,0,10,1147,971,176,84.66,626,345,158,1,20.0,75,47.47,30,29,2625,6,0,28,20,202,2,99,60.37,64,58.72,35,63.64
212,787505,Ligue 1,Olympique de Marseille,Benjamin Pavard,Defender,6.8,1,0.82,0,11,3,5,9.09,0,0.0,1,0,1,0,0,0,4,0,0,0,0.0,0,0,0.0,28,25,75,12.0,5,1,0,2,1,7,3,2,0,11,1341,1223,118,91.2,667,556,207,2,12.5,32,45.07,27,22,1952,6,0,22,15,152,0,86,60.99,42,59.15,44,62.86
213,805096,Ligue 1,Auxerre,Francisco Sierralta,Defender,6.8,1,1.03,0,7,2,2,14.29,2,100.0,1,0,1,0,0,0,0,0,0,0,0.0,0,0,0.0,14,8,56,5.0,4,0,0,0,0,2,0,0,0,2,405,363,42,89.63,275,88,21,0,0.0,13,43.33,10,9,862,2,0,8,5,46,0,53,68.83,21,65.63,32,71.11
214,1012650,Ligue 1,Lorient,Souleymane Isaak Touré,Defender,6.8,0,,0,0,0,0,0.0,0,0.0,0,0,0,0,0,0,0,0,0,0,0.0,0,0,0.0,0,0,1,0.0,0,0,0,0,0,0,0,0,0,0,19,15,4,78.95,8,7,3,0,0.0,1,100.0,1,0,28,0,0,0,0,4,0,0,0.0,0,0.0,0,0.0
215,1127590,Ligue 1,Nantes,Mohamed Kaba,Midfielder,6.8,0,1.01,3,11,6,5,0.0,6,46.15,0,0,0,0,0,1,0,0,0,0,0.0,0,0,0.0,28,14,3,3.0,10,0,1,0,0,2,4,2,0,12,292,231,61,79.11,96,135,63,0,0.0,10,58.82,12,11,924,2,0,13,27,104,14,74,56.49,59,57.28,15,53.57
216,1195782,Ligue 1,Olympique Lyonnais,Noah Nartey,Midfielder,6.8,2,1.05,0,5,2,1,40.0,14,60.87,2,0,0,1,1,0,1,0,0,0,0.0,0,0,0.0,11,2,3,0.0,9,0,1,0,0,3,0,0,0,3,228,199,29,87.28,80,119,64,0,0.0,6,75.0,11,5,547,0,0,6,7,74,11,33,45.21,32,49.23,1,12.5
217,367056,Ligue 1,Nice,Jérémie Boga,Forward,6.79,2,1.57,2,15,5,7,13.33,13,50.0,2,0,0,2,0,0,0,0,0,0,0.0,0,1,0.0,4,3,2,0.0,1,0,1,0,0,0,2,2,0,13,198,165,33,83.33,45,120,74,4,33.33,4,50.0,14,7,645,0,0,2,12,69,5,29,54.72,29,58.0,0,0.0
218,1590918,Ligue 1,Paris Saint-Germain,Ibrahim Mbaye,Forward,6.79,3,3.28,4,24,10,8,12.5,21,38.18,2,1,0,0,2,1,2,0,0,0,0.0,0,0,0.0,14,5,4,0.0,4,0,1,0,0,2,2,2,0,20,570,493,77,86.49,124,369,218,2,12.5,5,71.43,24,10,997,0,0,10,13,186,17,53,41.73,48,42.48,5,35.71
219,1423504,Ligue 1,RC Lens,Andrija Bulatovic,Midfielder,6.79,0,0.67,1,11,5,4,0.0,6,28.57,0,0,0,0,0,0,0,0,0,0,0.0,0,3,0.0,33,9,15,2.0,14,0,0,1,0,4,6,4,0,16,336,277,59,82.44,144,133,65,15,26.32,13,44.83,19,6,787,2,0,19,20,141,6,61,52.14,59,53.64,2,28.57
220,15219,Ligue 1,AS Monaco,Lukáš Hrádecký,Goalkeeper,6.79,0,,0,0,0,0,0.0,0,0.0,0,0,0,0,0,0,0,0,0,0,0.0,0,0,0.0,1,0,16,0.0,0,1,0,0,0,2,0,0,0,0,453,303,150,66.89,269,34,9,0,0.0,69,32.09,17,17,1441,1,0,0,0,153,0,8,100.0,2,100.0,6,100.0
221,1473092,Ligue 1,Nice,Kojo Peprah Oppong,Defender,6.79,1,1.59,2,11,3,3,9.09,12,75.0,1,0,0,1,0,0,1,0,0,0,0.0,0,0,0.0,48,27,147,18.0,7,0,2,1,0,5,1,0,0,6,1437,1332,105,92.69,904,428,112,2,40.0,31,43.06,29,28,2428,4,0,31,30,131,8,142,62.83,89,64.03,53,60.92
222,922759,Ligue 1,Toulouse,Mark McKenzie,Defender,6.79,0,0.32,0,6,1,3,0.0,6,85.71,0,0,0,0,0,0,1,0,0,0,0.0,0,0,0.0,44,24,98,13.0,11,0,0,0,0,7,3,2,0,19,1160,1002,158,86.38,594,408,143,0,0.0,46,46.0,29,27,2405,7,1,35,12,249,1,100,55.56,61,57.01,39,53.42
223,1154657,Ligue 1,RC Strasbourg,Mamadou Sarr,Defender,6.79,0,0.07,0,1,0,1,0.0,5,71.43,0,0,0,0,0,0,0,0,0,0,0.0,0,0,0.0,15,9,65,3.0,5,0,0,0,0,5,0,0,0,1,982,933,49,95.01,725,208,38,0,0.0,30,60.0,15,15,1305,3,0,16,11,67,4,51,52.04,31,55.36,20,47.62
224,1127313,Ligue 1,Nice,Tom Louchet,Midfielder,6.79,3,2.98,2,21,6,6,14.29,12,46.15,2,1,0,2,1,1,0,0,0,0,0.0,0,0,0.0,35,10,27,4.0,12,0,0,0,0,0,8,2,0,20,534,421,113,78.84,182,239,116,13,25.0,20,51.28,27,14,1377,1,1,16,13,213,12,68,51.52,60,52.63,8,44.44
225,1198264,Ligue 1,Toulouse,Rafik Messali,Midfielder,6.79,0,,0,0,0,0,0.0,4,36.36,0,0,0,0,0,0,0,0,0,0,0.0,0,0,0.0,10,12,19,2.0,2,0,0,0,0,1,1,0,0,3,177,134,43,75.71,52,82,49,1,9.09,5,50.0,12,5,500,2,0,11,9,72,1,29,51.79,23,53.49,6,46.15
226,1401702,Ligue 1,Olympique de Marseille,Ethan Nwaneri,Midfielder,6.79,2,0.71,0,9,3,2,22.22,5,31.25,1,1,0,2,0,0,0,0,0,0,0.0,0,0,0.0,3,4,1,0.0,1,0,0,0,0,0,1,1,0,5,131,115,16,87.79,29,86,45,4,44.44,5,100.0,9,3,322,1,0,4,1,58,10,10,25.64,9,25.71,1,25.0
227,54308,Ligue 1,Le Havre,Loic Négo,Defender,6.79,0,0.75,1,16,3,10,0.0,13,50.0,0,0,0,0,0,1,4,0,0,0,0.0,0,0,0.0,52,33,90,8.0,20,1,0,1,0,6,2,0,0,14,987,768,219,77.81,428,340,160,19,24.36,44,32.59,30,26,2347,3,0,18,18,339,8,102,59.3,82,58.57,20,62.5
228,361696,Ligue 1,AS Monaco,Wout Faes,Defender,6.79,0,0.4,1,5,1,3,0.0,1,50.0,0,0,0,0,0,0,0,0,0,0,0.0,0,0,0.0,15,16,55,11.0,6,0,0,0,0,2,0,0,0,1,782,727,55,92.97,415,312,93,0,0.0,16,48.48,14,13,1141,3,0,14,3,61,0,43,55.13,19,50.0,24,60.0
229,990743,Ligue 1,RC Lens,Morgan Guilavogui,Forward,6.78,1,1.24,3,10,2,5,10.0,8,53.33,1,0,0,1,0,0,4,1,0,0,0.0,0,0,0.0,14,1,5,0.0,6,0,0,0,0,0,2,0,0,10,208,165,43,79.33,58,107,70,1,33.33,11,78.57,16,3,485,3,1,15,12,70,1,44,55.7,34,53.97,10,62.5
230,1025895,Ligue 1,Nantes,Hyeok-kyu Kwon,Midfielder,6.78,0,0.08,0,3,0,1,0.0,0,0.0,0,0,0,0,0,0,0,0,0,0,0.0,0,0,0.0,15,7,28,8.0,9,0,1,0,0,1,0,0,0,0,221,192,29,86.88,135,57,21,0,0.0,10,55.56,12,9,764,2,0,11,10,42,4,33,51.56,24,48.98,9,60.0
231,1961628,Ligue 1,Olympique Lyonnais,Rémi Himbert,Midfielder,6.78,1,1.05,2,10,1,6,10.0,4,50.0,1,0,0,1,0,0,0,0,0,0,0.0,0,0,0.0,3,0,0,0.0,0,0,0,0,0,0,0,0,0,0,23,14,9,60.87,3,11,8,0,0.0,0,0.0,6,1,139,0,0,2,4,26,5,14,46.67,11,50.0,3,37.5
232,2195736,Ligue 1,Metz,Nathan Mbala,Forward,6.78,2,0.82,0,15,4,8,13.33,6,37.5,2,0,0,2,0,0,0,0,0,0,0.0,0,1,0.0,9,1,3,0.0,3,0,0,0,0,0,2,2,0,13,84,62,22,73.81,16,46,26,11,29.73,3,42.86,13,4,448,0,0,3,6,80,4,25,48.08,21,51.22,4,36.36
233,1063235,Ligue 1,Nice,Mohamed Ali Cho,Forward,6.78,4,3.53,9,31,14,10,12.9,18,34.62,3,1,1,3,0,0,5,0,0,0,0.0,0,0,0.0,15,4,6,2.0,8,0,0,0,0,0,7,3,0,23,456,360,96,78.95,150,210,140,7,18.92,16,66.67,24,20,1681,1,0,14,32,251,25,80,37.38,65,44.83,15,21.74
234,1154630,Ligue 1,Toulouse,Guillaume Restes,Goalkeeper,6.78,0,,0,0,0,0,0.0,0,0.0,0,0,0,0,0,0,0,0,0,0,0.0,0,0,0.0,0,1,41,0.0,2,0,4,0,0,9,0,0,0,1,824,544,280,66.02,413,131,42,0,0.0,161,37.35,33,33,2940,3,0,0,8,288,0,12,85.71,6,75.0,6,100.0
235,904424,Ligue 1,Auxerre,Elisha Owusu,Midfielder,6.78,0,0.16,0,7,0,4,0.0,10,76.92,0,0,0,0,0,0,0,0,0,0,0.0,0,0,0.0,69,26,46,9.0,20,0,1,0,0,7,0,0,0,12,865,701,164,81.04,337,364,149,0,0.0,32,45.07,29,27,2353,7,0,49,22,215,15,114,52.05,101,54.89,13,37.14
236,1426597,Ligue 1,RC Strasbourg,Lucas Høgsberg,Defender,6.78,0,0.25,0,4,1,2,0.0,1,100.0,0,0,0,0,0,0,1,0,0,0,0.0,0,0,0.0,21,13,65,21.0,9,0,2,0,0,4,0,0,0,1,1324,1228,96,92.75,869,359,95,0,0.0,48,56.47,24,21,1796,2,1,16,13,112,2,51,53.68,33,55.93,18,50.0
237,997104,Ligue 1,Auxerre,Naouirou Ahamada,Midfielder,6.77,0,0.4,0,6,1,4,0.0,8,50.0,0,0,0,0,0,0,1,0,0,0,0.0,0,0,0.0,10,5,4,1.0,4,0,0,0,0,1,1,1,0,6,265,228,37,86.04,80,148,87,1,16.67,9,47.37,15,8,687,0,0,5,8,73,6,29,53.7,26,53.06,3,60.0
238,580642,Ligue 1,Angers,Haris Belkebla,Midfielder,6.77,0,0.28,0,5,0,3,0.0,18,52.94,0,0,0,0,0,0,0,1,0,0,0.0,0,0,0.0,72,32,45,8.0,30,1,5,0,0,8,0,0,0,16,1265,1104,161,87.27,647,457,173,1,25.0,29,43.28,33,33,2880,7,0,24,54,257,21,162,60.9,143,61.9,19,54.29
239,141080,Ligue 1,Stade Brestois,Kenny Lala,Defender,6.77,0,0.25,0,9,1,5,0.0,8,42.11,0,0,0,0,0,0,0,0,0,0,0.0,0,1,0.0,39,31,82,10.0,26,2,0,2,0,8,9,3,0,26,1258,979,279,77.82,576,403,221,32,30.48,138,54.12,32,31,2792,4,0,17,23,460,9,83,49.7,69,52.27,14,40.0
240,1090694,Ligue 1,AS Monaco,Vanderson,Defender,6.77,0,0.11,0,3,0,3,0.0,8,47.06,0,0,0,0,0,0,0,0,0,0,0.0,0,0,0.0,24,23,30,1.0,5,0,2,0,0,0,3,2,0,11,364,291,73,79.95,106,185,106,8,24.24,23,44.23,14,7,613,4,0,15,2,143,5,44,55.7,34,50.75,10,83.33
241,829296,Ligue 1,Olympique Lyonnais,Roman Yaremchuk,Forward,6.77,4,2.23,3,16,6,6,25.0,2,20.0,4,0,2,0,2,1,5,0,0,0,0.0,0,0,0.0,4,0,2,0.0,2,0,0,0,0,0,2,1,0,6,103,79,24,76.7,33,46,29,1,100.0,1,33.33,11,5,561,1,0,7,4,52,8,22,41.51,9,27.27,13,65.0
242,988632,Ligue 1,Angers,Jim Allevinah,Forward,6.77,1,1.02,0,5,1,3,20.0,1,14.29,1,0,0,1,0,1,1,0,0,0,0.0,0,0,0.0,1,0,1,1.0,1,0,0,0,0,0,0,0,0,1,38,34,4,89.47,19,15,10,0,0.0,1,100.0,6,0,132,0,0,0,4,16,1,7,46.67,6,42.86,1,100.0
243,1407484,Ligue 1,RC Strasbourg,Samuel Amo-Ameyaw,Forward,6.77,2,0.92,1,17,5,6,11.76,28,50.91,2,0,0,1,1,0,2,0,0,0,0.0,0,0,0.0,21,3,1,0.0,13,0,0,1,0,1,2,2,0,13,414,368,46,88.89,162,206,112,11,21.57,11,73.33,25,9,1050,2,0,15,26,169,19,75,50.34,75,51.37,0,0.0
244,330051,Ligue 1,Paris FC,Moses Simon,Forward,6.77,3,2.73,2,34,11,14,8.82,29,44.62,3,0,0,1,2,0,9,0,0,0,0.0,0,0,0.0,14,9,15,1.0,5,0,0,0,0,2,7,3,0,32,485,410,75,84.54,154,256,144,39,27.66,12,46.15,29,25,2024,0,0,15,19,322,45,69,34.85,61,37.65,8,22.22
245,238612,Ligue 1,Lille,Chancel Mbemba,Defender,6.77,0,0.52,0,7,3,2,0.0,1,33.33,0,0,0,0,0,1,0,0,0,0,0.0,0,0,0.0,14,14,65,4.0,4,0,2,0,1,4,1,0,0,4,662,608,54,91.84,403,205,53,0,0.0,38,55.88,13,9,953,3,0,10,6,69,4,41,59.42,21,51.22,20,71.43
246,814594,Ligue 1,Paris Saint-Germain,Achraf Hakimi,Defender,6.77,2,2.42,4,27,9,11,7.41,8,24.24,2,0,0,0,2,2,4,0,0,0,0.0,0,3,0.0,18,11,12,1.0,13,0,0,0,0,6,2,2,0,21,1274,1160,114,91.05,348,812,476,10,23.26,28,63.64,18,15,1374,3,1,9,17,216,15,47,41.23,43,40.95,4,44.44
247,1606792,Ligue 1,Nice,Abdulay Juma Bah,Defender,6.77,0,0.95,3,7,2,4,0.0,9,75.0,0,0,0,0,0,0,3,0,0,0,0.0,0,0,0.0,35,29,143,29.0,12,0,2,1,0,4,2,0,0,6,1159,1061,98,91.54,803,258,62,0,0.0,31,46.27,26,22,1961,7,0,27,6,122,6,99,54.1,50,51.55,49,56.98
248,2073555,Ligue 1,Le Havre,Stephan Zagadou,Defender,6.76,1,0.07,0,1,1,0,100.0,2,66.67,1,0,1,0,0,0,0,0,0,0,0.0,0,0,0.0,11,2,20,8.0,1,0,0,0,0,0,0,0,0,2,201,179,22,89.05,114,65,18,0,0.0,11,47.83,8,6,504,0,1,7,1,29,1,21,51.22,14,63.64,7,36.84
249,1514800,Ligue 1,Olympique de Marseille,Robinio Vaz,Forward,6.76,4,2.3,2,8,6,2,50.0,1,33.33,4,0,0,0,4,1,3,1,0,0,0.0,0,0,0.0,5,2,3,0.0,5,0,0,0,0,0,2,2,0,6,70,54,16,77.14,17,37,27,0,0.0,1,100.0,14,3,393,2,0,8,9,46,6,20,40.0,15,41.67,5,35.71
250,892924,Ligue 1,Olympique de Marseille,Hamed Junior Traorè,Midfielder,6.76,2,2.23,3,13,6,5,15.38,10,47.62,2,0,0,0,2,0,2,0,0,0,0.0,0,0,0.0,9,4,3,2.0,1,0,0,0,0,0,1,1,0,10,224,186,38,83.04,63,123,67,5,15.15,4,50.0,13,7,619,1,0,8,11,101,9,39,52.0,30,50.85,9,56.25
251,1507384,Ligue 1,Paris FC,Adama Camara,Midfielder,6.76,1,1.98,1,18,5,9,5.56,9,45.0,1,0,0,0,1,0,0,0,0,0,0.0,0,0,0.0,58,39,65,12.0,15,1,1,0,0,4,4,0,0,16,912,784,128,85.96,415,369,152,5,38.46,36,52.17,29,26,2171,8,0,26,19,207,17,111,52.36,86,56.21,25,42.37
252,1195241,Ligue 1,Angers,Yassin Belkhdim,Midfielder,6.76,2,2.35,2,33,14,10,6.06,5,27.78,2,0,0,2,0,0,2,0,0,0,0.0,0,0,0.0,59,36,23,6.0,19,0,0,0,0,3,4,2,0,15,724,609,115,84.12,328,281,117,6,14.29,22,55.0,27,26,2149,5,0,29,29,204,13,103,53.93,92,55.76,11,42.31
253,1397934,Ligue 1,Metz,Urie-Michel Mboula,Defender,6.76,0,0.11,0,2,1,1,0.0,7,58.33,0,0,0,0,0,0,0,0,0,0,0.0,0,0,0.0,11,14,27,6.0,2,0,1,0,1,1,0,0,0,0,552,505,47,91.49,333,172,52,3,37.5,37,62.71,14,10,751,2,0,9,11,67,1,32,61.54,29,63.04,3,50.0
254,123388,Ligue 1,Toulouse,Djibril Sidibé,Defender,6.76,3,2.83,2,8,5,2,37.5,9,47.37,3,0,0,1,2,0,5,0,2,1,50.0,0,0,0.0,48,17,48,4.0,10,1,2,2,0,4,4,4,0,15,903,721,182,79.84,330,391,201,11,19.64,31,40.79,32,25,2158,1,0,30,14,282,7,91,54.49,70,56.0,21,50.0
255,1153355,Ligue 1,RC Strasbourg,Maxi Oyedele,Midfielder,6.76,1,0.11,0,2,1,1,50.0,4,57.14,1,0,0,0,1,0,0,0,0,0,0.0,0,0,0.0,13,5,11,0.0,4,0,0,0,0,0,0,0,0,1,292,262,30,89.73,151,111,41,0,0.0,10,55.56,8,6,447,3,0,9,5,44,0,26,53.06,22,59.46,4,33.33
256,1410148,Ligue 1,AS Monaco,Mamadou Coulibaly,Midfielder,6.76,3,1.6,1,13,5,4,23.08,15,42.86,2,1,0,3,0,0,3,0,0,0,0.0,0,0,0.0,37,19,19,2.0,17,0,0,0,0,1,3,3,0,12,683,581,102,85.07,274,307,140,3,21.43,33,66.0,25,15,1382,7,1,31,16,189,15,81,44.02,68,45.33,13,38.24
257,934237,Ligue 1,AS Monaco,Folarin Balogun,Forward,6.75,13,13.39,11,77,32,28,16.88,14,42.42,12,1,0,1,12,2,17,3,3,3,100.0,0,0,0.0,5,4,7,2.0,6,0,2,0,0,2,8,4,0,24,406,297,109,73.15,104,193,113,3,20.0,4,57.14,30,26,2245,4,1,43,37,235,27,80,36.36,55,37.41,25,34.25
258,1107439,Ligue 1,Nantes,Ali Youssef,Defender,6.75,0,0.4,0,6,1,2,0.0,2,100.0,0,0,0,0,0,0,0,0,0,0,0.0,0,0,0.0,11,20,63,5.0,4,0,0,1,0,2,0,0,0,3,408,339,69,83.09,251,88,33,0,0.0,30,45.45,13,10,968,4,0,11,11,74,0,46,68.66,24,64.86,22,73.33
259,845170,Ligue 1,AS Monaco,Caio Henrique,Defender,6.75,0,0.25,0,2,0,0,0.0,6,40.0,0,0,0,0,0,0,1,0,0,0,0.0,0,2,0.0,23,11,32,6.0,7,0,0,1,0,2,7,2,0,21,778,627,151,80.59,241,386,194,22,23.91,27,36.49,22,17,1542,2,0,13,17,291,9,51,50.5,44,53.66,7,36.84
260,352768,Ligue 1,Olympique Lyonnais,Ainsley Maitland-Niles,Defender,6.75,1,2.39,3,14,7,6,7.14,14,43.75,0,1,0,0,1,0,1,0,1,0,0.0,0,0,0.0,57,33,72,4.0,19,0,1,1,0,10,5,4,0,21,1117,951,166,85.14,538,413,215,6,13.95,46,47.42,30,28,2485,5,1,37,12,287,17,103,48.58,83,48.54,20,48.78
261,1627804,Ligue 1,Olympique Lyonnais,Steeve Kango,Defender,6.75,0,,0,0,0,0,0.0,1,50.0,0,0,0,0,0,0,0,0,0,0,0.0,0,0,0.0,2,0,2,1.0,0,0,0,0,0,0,0,0,0,0,55,51,4,92.73,20,31,13,0,0.0,1,25.0,4,1,86,0,0,1,1,16,0,4,40.0,4,66.67,0,0.0
262,111802,Ligue 1,AS Monaco,Paul Pogba,Midfielder,6.75,0,0.06,0,2,0,1,0.0,0,0.0,0,0,0,0,0,0,0,0,0,0,0.0,0,0,0.0,4,1,5,0.0,0,0,0,0,0,0,0,0,0,0,106,88,18,83.02,34,54,28,1,100.0,7,58.33,6,1,133,0,0,2,1,28,1,10,66.67,5,55.56,5,83.33
263,1936801,Ligue 1,Paris Saint-Germain,Dimitri Lucea,Defender,6.75,0,,0,0,0,0,0.0,0,0.0,0,0,0,0,0,0,0,0,0,0,0.0,0,0,0.0,4,2,4,0.0,2,0,2,0,0,0,0,0,0,0,52,47,5,90.38,38,9,2,0,0.0,3,75.0,2,1,59,0,0,1,1,9,0,7,58.33,4,50.0,3,75.0
264,875677,Ligue 1,Metz,Giorgi Tsitaishvili,Midfielder,6.75,3,1.49,0,31,8,14,9.68,42,49.41,3,0,0,2,1,1,6,0,0,0,0.0,0,0,0.0,19,13,33,3.0,16,0,2,0,0,2,4,2,1,45,737,581,156,78.83,243,338,185,36,22.64,24,36.92,33,28,2457,3,0,23,36,397,14,104,50.24,97,50.79,7,43.75
265,891829,Ligue 1,Olympique de Marseille,Matt O'Riley,Midfielder,6.75,1,0.83,1,7,3,3,14.29,2,28.57,0,1,0,1,0,0,1,0,0,0,0.0,0,0,0.0,18,6,10,3.0,7,0,0,0,0,2,5,2,1,13,444,392,52,88.29,170,222,122,0,0.0,12,48.0,15,6,739,2,0,15,1,84,7,23,36.51,21,38.18,2,25.0
266,1197153,Ligue 1,RC Strasbourg,Junior Mwanga,Midfielder,6.74,1,1.2,1,10,3,5,10.0,18,64.29,1,0,0,0,1,0,0,0,0,0,0.0,0,0,0.0,39,13,27,7.0,18,1,1,1,0,3,2,1,0,18,787,679,108,86.28,390,289,118,1,11.11,36,48.0,20,20,1642,2,1,25,16,160,9,89,51.45,73,54.07,16,42.11
267,1564180,Ligue 1,Lille,Ayyoub Bouaddi,Midfielder,6.74,0,1.65,2,16,5,3,0.0,34,60.71,0,0,0,0,0,0,0,0,0,0,0.0,0,0,0.0,59,27,29,7.0,14,0,1,1,0,7,3,1,0,21,1061,899,162,84.73,371,528,270,3,15.79,37,75.51,30,28,2338,7,1,37,24,285,26,142,56.57,117,55.19,25,64.1
268,1149152,Ligue 1,AS Monaco,Stanis Idumbo Muzambo,Midfielder,6.74,1,0.56,1,6,2,2,16.67,1,25.0,1,0,0,0,1,0,0,0,0,0,0.0,0,0,0.0,3,0,2,0.0,1,0,0,0,0,0,1,1,0,3,51,46,5,90.2,18,28,16,0,0.0,0,0.0,8,0,164,0,0,3,2,14,2,7,43.75,6,42.86,1,50.0
269,855810,Ligue 1,Olympique de Marseille,Tim Weah,Midfielder,6.74,2,1.71,3,29,10,10,6.9,15,39.47,2,0,1,0,1,0,1,0,0,0,0.0,0,0,0.0,48,17,26,4.0,16,0,1,0,0,3,7,2,0,29,1019,876,143,85.97,348,528,289,13,21.67,32,47.76,29,26,2263,5,0,32,18,262,11,96,51.06,79,49.38,17,60.71
270,121180,Ligue 1,Angers,Abdoulaye Bamba,Defender,6.74,0,0.02,0,1,1,0,0.0,0,0.0,0,0,0,0,0,0,0,0,0,0,0.0,0,0,0.0,6,6,9,3.0,2,0,0,0,0,0,0,0,0,0,75,58,17,77.33,33,25,6,0,0.0,1,16.67,6,3,266,1,0,3,5,24,0,18,72.0,10,66.67,8,80.0
271,831246,Ligue 1,Lorient,Igor Silva,Defender,6.74,1,0.46,0,8,1,5,12.5,3,33.33,0,1,0,0,1,0,1,0,0,0,0.0,0,1,0.0,21,13,44,7.0,10,0,1,0,0,2,0,0,0,8,603,524,79,86.9,323,201,89,6,28.57,19,40.43,17,13,1223,1,0,9,18,129,2,56,60.87,42,63.64,14,53.85
272,1545376,Ligue 1,RC Lens,Rayan Fofana,Forward,6.74,5,5.61,8,36,12,16,13.89,13,44.83,5,0,0,2,3,0,7,1,0,0,0.0,0,0,0.0,11,2,5,2.0,4,0,1,0,0,0,0,0,0,5,145,110,35,75.86,51,59,30,0,0.0,2,66.67,25,7,814,0,0,15,34,101,15,72,49.66,57,53.27,15,39.47
273,300412,Ligue 1,Metz,Giorgi Kvilitaia,Forward,6.74,2,1.03,1,12,7,3,16.67,4,66.67,2,0,1,0,1,0,2,0,0,0,0.0,0,0,0.0,7,0,12,1.0,2,0,0,0,0,1,2,0,0,9,123,86,37,69.92,26,60,39,0,0.0,0,0.0,10,5,502,1,0,11,6,66,5,36,44.44,17,48.57,19,41.3
274,1893993,Ligue 1,Nice,Gabin Bernardeau,Midfielder,6.73,0,0.08,0,3,1,1,0.0,0,0.0,0,0,0,0,0,0,1,0,0,0,0.0,0,0,0.0,4,0,3,0.0,3,0,0,0,0,0,0,0,0,2,43,29,14,67.44,9,20,14,1,25.0,5,71.43,4,1,100,0,0,1,3,24,2,9,50.0,7,46.67,2,66.67
275,995671,Ligue 1,Le Havre,Reda Khadra,Midfielder,6.73,0,0.21,0,6,3,1,0.0,5,38.46,0,0,0,0,0,0,0,0,0,0,0.0,0,2,0.0,7,0,1,0.0,3,0,0,0,0,0,1,0,1,7,55,39,16,70.91,3,36,24,4,22.22,1,25.0,8,1,223,0,0,4,1,52,3,15,44.12,13,41.94,2,66.67
276,798124,Ligue 1,Toulouse,Rasmus Nicolaisen,Defender,6.73,1,0.85,0,15,5,8,6.67,3,100.0,1,0,1,0,0,1,1,0,0,0,0.0,0,0,0.0,25,43,150,21.0,12,1,3,1,1,7,0,0,0,2,1215,1050,165,86.42,692,358,89,0,0.0,61,47.66,32,30,2568,4,0,28,21,205,0,122,62.56,48,57.14,74,66.67
277,3577,Ligue 1,Nice,Dante,Defender,6.73,0,0.28,0,7,1,3,0.0,1,50.0,0,0,0,0,0,0,1,0,0,0,0.0,0,0,0.0,8,10,36,6.0,6,0,1,1,0,2,0,1,0,2,470,423,47,90.0,301,122,33,0,0.0,30,54.55,12,9,852,1,0,10,4,57,0,30,57.69,13,44.83,17,73.91
278,1470032,Ligue 1,Metz,Ibou Sane,Forward,6.73,1,0.36,0,6,3,2,16.67,2,20.0,1,0,0,0,1,0,3,2,0,0,0.0,0,0,0.0,7,1,4,0.0,2,0,0,0,0,0,1,1,0,5,131,108,23,82.44,35,73,37,2,15.38,3,42.86,16,5,555,2,0,8,15,67,7,29,50.88,24,48.98,5,62.5
279,1606642,Ligue 1,Stade Rennais,Mohamed Kader Meite,Forward,6.73,3,3.5,4,22,7,7,13.64,6,54.55,3,0,1,2,0,1,8,0,0,0,0.0,0,0,0.0,3,1,10,1.0,1,0,0,0,0,0,2,2,0,5,83,54,29,65.06,12,42,31,0,0.0,0,0.0,17,6,530,0,0,12,4,64,9,33,50.0,13,32.5,20,76.92
280,878898,Ligue 1,Lille,Arnaud Bodart,Goalkeeper,6.73,0,,0,0,0,0,0.0,0,0.0,0,0,0,0,0,0,0,0,0,0,0.0,0,0,0.0,0,0,1,0.0,0,0,1,1,0,0,0,0,0,0,91,67,24,73.63,58,9,4,0,0.0,18,43.9,3,2,226,0,0,1,0,24,0,0,0.0,0,0.0,0,0.0
281,875548,Ligue 1,Lorient,Aiyegun Tosin,Forward,6.72,5,6.17,6,30,12,13,16.67,13,48.15,5,0,0,0,5,1,3,0,1,0,0.0,0,0,0.0,5,2,7,0.0,2,0,0,0,0,0,1,0,0,11,197,153,44,77.66,46,107,73,0,0.0,7,70.0,27,11,1068,1,0,11,14,94,14,38,44.19,32,45.71,6,37.5
282,802159,Ligue 1,Metz,Habibou Diallo,Forward,6.72,4,6.73,5,38,12,16,10.53,13,50.0,3,1,0,0,4,1,11,1,1,0,0.0,0,0,0.0,9,2,29,4.0,3,0,0,0,0,6,0,1,1,12,267,178,89,66.67,73,105,63,1,20.0,9,90.0,25,21,1910,0,0,27,29,198,26,123,47.13,51,44.35,72,49.32
283,1130307,Ligue 1,Lorient,Karim Dermane,Forward,6.72,1,1.17,0,16,2,12,6.25,20,47.62,1,0,0,0,1,2,0,1,0,0,0.0,0,0,0.0,25,11,5,2.0,14,0,0,0,0,0,1,2,0,16,544,462,82,84.93,189,273,171,1,6.25,21,56.76,30,15,1363,3,0,21,39,191,25,90,47.37,84,51.53,6,22.22
284,827506,Ligue 1,Lille,Gaëtan Perrin,Midfielder,6.72,1,0.53,0,7,4,2,14.29,10,55.56,1,0,0,0,1,2,0,0,0,0,0.0,0,1,0.0,12,2,0,0.0,4,0,0,0,0,0,1,0,0,10,122,96,26,78.69,27,69,45,10,27.78,6,66.67,12,3,346,2,0,8,1,84,9,23,45.1,23,46.0,0,0.0
285,965357,Ligue 1,Lille,Osame Sahraoui,Midfielder,6.72,1,0.9,1,12,4,3,8.33,15,46.88,0,1,0,0,1,1,1,0,0,0,0.0,0,0,0.0,6,3,2,1.0,4,1,1,0,0,0,2,2,1,10,266,215,51,80.83,53,162,121,0,0.0,4,80.0,18,4,507,0,0,4,25,110,18,47,51.09,46,51.69,1,33.33
286,1926085,Ligue 1,Paris Saint-Germain,Dro Fernández,Midfielder,6.72,1,1.01,1,9,3,4,11.11,6,46.15,1,0,0,0,1,0,0,0,0,0,0.0,0,0,0.0,13,8,6,3.0,6,0,0,0,0,3,0,0,0,8,392,357,35,91.07,146,211,101,0,0.0,3,60.0,12,7,682,0,0,8,12,76,9,35,52.24,31,51.67,4,57.14
287,848458,Ligue 1,Stade Rennais,Arnaud Nordin,Forward,6.72,1,1.0,2,20,5,10,5.0,6,40.0,1,0,1,0,0,0,1,0,0,0,0.0,0,0,0.0,9,0,6,0.0,7,0,0,0,0,0,3,2,0,5,158,124,34,78.48,49,75,38,6,33.33,4,40.0,10,7,573,1,0,8,17,78,5,35,46.67,32,52.46,3,21.43
288,1657108,Ligue 1,Toulouse,Julian Vignolo,Forward,6.72,2,1.44,1,8,7,0,25.0,3,50.0,1,1,0,1,1,0,0,0,0,0,0.0,0,0,0.0,3,0,0,0.0,3,0,1,0,0,0,0,0,0,7,41,25,16,60.98,9,16,9,6,60.0,0,0.0,13,1,207,0,0,3,1,36,3,7,35.0,7,36.84,0,0.0
289,153218,Ligue 1,Le Havre,Thomas Delaine,Midfielder,6.72,0,0.07,0,3,0,1,0.0,2,100.0,0,0,0,0,0,0,0,0,0,0,0.0,0,0,0.0,2,3,7,0.0,2,0,0,0,0,0,0,0,0,3,122,90,32,73.77,58,32,18,4,21.05,2,11.11,5,2,200,1,0,2,1,49,0,5,50.0,5,55.56,0,0.0
290,1401005,Ligue 1,Stade Brestois,Remy Labeau Lascary,Forward,6.72,5,5.65,8,34,16,10,14.71,20,39.22,4,1,0,1,4,0,9,0,0,0,0.0,0,0,0.0,16,6,2,2.0,16,0,0,0,0,0,4,1,0,13,226,181,45,80.09,71,110,56,4,36.36,8,53.33,27,12,1195,2,0,29,18,148,11,65,36.31,54,38.85,11,27.5
291,839493,Ligue 1,Olympique de Marseille,Amir Murillo,Defender,6.71,2,1.03,0,9,2,5,22.22,8,42.11,2,0,1,1,0,1,2,1,0,0,0.0,0,1,0.0,21,6,19,2.0,5,0,0,0,0,3,3,1,0,11,486,418,68,86.01,196,222,115,5,18.52,10,41.67,16,11,988,4,0,22,16,135,7,55,49.11,45,50.0,10,45.45
292,1000175,Ligue 1,Olympique Lyonnais,Adam Karabec,Midfielder,6.71,1,1.65,1,9,5,1,11.11,11,55.0,1,0,0,1,0,0,3,0,0,0,0.0,0,0,0.0,4,1,2,1.0,6,0,1,0,0,2,2,0,1,22,275,222,53,80.73,77,145,92,19,23.75,6,35.29,21,11,940,3,0,14,21,155,7,43,50.0,36,50.0,7,50.0
293,1169436,Ligue 1,Toulouse,Frank Magri,Forward,6.71,5,4.48,2,33,12,13,15.15,10,45.45,5,0,1,2,2,0,3,0,1,0,0.0,0,0,0.0,8,3,13,1.0,6,0,0,0,0,0,1,1,0,14,203,150,53,73.89,54,96,53,2,13.33,2,100.0,17,16,1264,3,0,28,22,136,19,78,40.84,38,37.62,40,44.44
294,845486,Ligue 1,Nice,Tanguy Ndombélé,Midfielder,6.71,0,0.54,1,5,1,2,0.0,1,20.0,0,0,0,0,0,0,0,0,0,0,0.0,0,0,0.0,3,1,3,0.0,0,0,0,0,0,0,1,1,0,5,77,70,7,90.91,38,32,19,1,100.0,3,75.0,8,3,279,0,0,1,7,24,4,11,50.0,11,55.0,0,0.0
295,1392829,Ligue 1,Angers,Amine Sbai,Midfielder,6.71,3,3.91,4,34,16,7,8.82,37,37.37,2,1,0,1,2,1,5,0,1,0,0.0,0,0,0.0,20,7,2,0.0,14,0,2,0,0,1,4,1,1,29,578,417,161,72.15,136,281,177,7,12.07,16,50.0,25,23,1834,1,1,15,24,400,43,84,36.84,81,38.03,3,20.0
296,557166,Ligue 1,Stade Brestois,Mama Baldé,Forward,6.7,2,2.9,2,31,5,14,6.45,10,45.45,2,0,0,2,0,1,0,0,0,0,0.0,0,0,0.0,13,6,5,0.0,2,0,0,0,0,0,0,2,0,7,162,116,46,71.6,29,87,55,1,25.0,3,27.27,18,8,723,0,0,12,11,98,11,53,49.07,33,48.53,20,50.0
297,2557443,Ligue 1,Angers,Bané Diatta,Midfielder,6.7,0,,0,0,0,0,0.0,0,0.0,0,0,0,0,0,0,0,0,0,0,0.0,0,0,0.0,1,0,0,0.0,0,0,0,0,0,0,0,0,0,0,2,2,0,100.0,1,1,1,0,0.0,0,0.0,1,0,9,0,0,0,0,0,0,1,100.0,1,100.0,0,0.0
298,982613,Ligue 1,Metz,Boubacar Traoré,Midfielder,6.7,1,0.99,1,19,3,12,5.26,18,69.23,1,0,0,0,1,0,0,0,0,0,0.0,0,0,0.0,47,14,16,1.0,14,1,2,1,0,1,0,0,0,4,622,539,83,86.66,335,204,76,1,50.0,28,65.12,20,16,1391,4,0,32,5,136,13,92,51.98,70,51.85,22,52.38
299,973536,Ligue 1,Olympique Lyonnais,Martín Satriano,Forward,6.7,2,1.79,3,16,7,6,12.5,5,33.33,2,0,0,0,2,2,3,0,0,0,0.0,0,0,0.0,5,6,3,0.0,2,0,0,0,0,1,2,1,0,9,157,131,26,83.44,53,78,45,2,40.0,4,66.67,11,8,703,1,0,11,13,59,6,35,41.67,22,44.9,13,37.14
300,369650,Ligue 1,RC Lens,Jonathan Gradit,Defender,6.7,0,0.11,0,2,0,1,0.0,3,60.0,0,0,0,0,0,0,0,0,0,0,0.0,0,0,0.0,17,16,51,9.0,3,1,0,1,0,2,0,0,0,2,473,433,40,91.54,248,185,62,1,33.33,14,42.42,10,10,809,2,1,15,9,48,1,43,56.58,29,59.18,14,51.85
301,1937040,Ligue 1,Lille,Maxima Goffi,Defender,6.7,0,,0,0,0,0,0.0,1,100.0,0,0,0,0,0,0,0,0,0,0,0.0,0,0,0.0,1,0,1,0.0,0,0,0,0,0,0,0,0,0,0,22,19,3,86.36,12,7,1,1,100.0,2,66.67,1,0,38,0,0,1,0,6,0,4,66.67,2,66.67,2,66.67
302,902657,Ligue 1,Metz,Jessy Deminguet,Midfielder,6.7,2,0.98,1,17,7,6,11.76,10,47.62,1,1,1,1,0,0,0,1,0,0,0.0,0,0,0.0,44,22,17,2.0,17,0,1,0,0,0,1,0,0,4,873,778,95,89.12,437,341,153,2,10.53,55,66.27,31,25,2021,4,0,28,32,179,30,97,48.5,85,49.71,12,41.38
303,988801,Ligue 1,Toulouse,Abu Francis,Midfielder,6.7,0,0.13,0,6,0,2,0.0,3,75.0,0,0,0,0,0,0,0,0,0,0,0.0,0,0,0.0,19,8,10,3.0,4,1,1,0,0,1,0,0,0,1,238,197,41,82.77,117,80,29,0,0.0,1,9.09,8,7,532,2,0,5,4,48,4,33,67.35,26,65.0,7,77.78
304,1002564,Ligue 1,Stade Rennais,Mikayil Faye,Defender,6.7,0,,0,0,0,0,0.0,0,0.0,0,0,0,0,0,0,0,0,0,0,0.0,0,0,0.0,0,0,0,0.0,0,0,0,0,0,0,0,0,0,0,9,7,2,77.78,1,6,1,0,0.0,1,100.0,1,0,12,0,0,0,0,2,0,1,100.0,0,0.0,1,100.0
305,1387156,Ligue 1,Auxerre,Clement Akpa,Defender,6.7,0,0.21,0,6,0,3,0.0,11,84.62,0,0,0,0,0,1,1,0,0,0,0.0,0,1,0.0,31,21,93,9.0,10,2,3,1,2,4,1,0,0,9,1073,864,209,80.52,578,286,109,10,33.33,75,36.41,26,21,1949,2,1,12,30,258,2,107,65.64,71,73.96,36,53.73
306,1129382,Ligue 1,Stade Brestois,Bradley Locko,Defender,6.7,0,0.12,0,2,1,1,0.0,12,50.0,0,0,0,0,0,0,2,0,0,0,0.0,0,0,0.0,53,11,30,0.0,23,0,1,0,0,4,3,2,0,8,461,358,103,77.66,197,161,81,10,29.41,29,56.86,21,14,1302,0,0,12,18,201,10,90,54.88,83,60.14,7,26.92
307,1426218,Ligue 1,Le Havre,Paul Argney,Goalkeeper,6.7,0,,0,0,0,0,0.0,0,0.0,0,0,0,0,0,0,0,0,0,0,0.0,0,0,0.0,0,0,1,0.0,0,0,0,0,0,0,0,0,0,0,30,24,6,80.0,23,1,0,0,0.0,3,33.33,1,1,90,0,0,0,0,6,0,0,0.0,0,0.0,0,0.0
308,948250,Ligue 1,Nice,Billal Brahimi,Forward,6.7,0,,0,0,0,0,0.0,0,0.0,0,0,0,0,0,0,0,0,0,0,0.0,0,0,0.0,0,0,0,0.0,0,0,0,0,0,0,0,0,0,1,3,3,0,100.0,0,3,3,0,0.0,0,0.0,1,0,8,0,0,0,0,2,0,0,0.0,0,0.0,0,0.0
309,1842137,Ligue 1,RC Lens,Erawan Garnier,Forward,6.7,0,,0,0,0,0,0.0,0,0.0,0,0,0,0,0,0,0,0,0,0,0.0,0,0,0.0,1,0,0,0.0,0,0,0,0,0,0,0,0,0,0,9,8,1,88.89,1,7,5,1,50.0,0,0.0,1,0,14,0,0,0,0,2,0,1,100.0,1,100.0,0,0.0
310,1407848,Ligue 1,AS Monaco,Christian Mawissa,Defender,6.69,0,0.34,1,2,1,1,0.0,18,64.29,0,0,0,0,0,1,0,0,0,0,0.0,0,0,0.0,30,18,49,6.0,10,0,1,1,0,1,0,0,0,5,849,764,85,89.99,428,336,116,0,0.0,13,36.11,18,13,1195,4,0,12,12,137,16,80,57.14,60,55.56,20,62.5
311,361780,Ligue 1,Lille,Calvin Verdonk,Defender,6.69,0,0.08,0,3,1,1,0.0,0,0.0,0,0,0,0,0,0,0,0,0,0,0.0,0,0,0.0,15,18,25,1.0,3,0,0,0,0,2,1,0,0,8,543,448,95,82.5,230,218,108,6,20.69,12,29.27,18,7,796,3,1,14,3,136,0,31,54.39,18,51.43,13,59.09
312,158243,Ligue 1,Olympique Lyonnais,Nicolás Tagliafico,Defender,6.69,0,1.51,3,15,1,10,0.0,3,42.86,0,0,0,0,0,2,2,0,0,0,0.0,0,0,0.0,29,20,35,5.0,6,0,0,0,0,4,3,3,0,13,674,576,98,85.46,306,270,123,5,26.32,14,37.84,20,14,1320,4,2,36,33,148,7,87,53.05,65,56.52,22,44.9
313,1199247,Ligue 1,Toulouse,Santiago Hidalgo,Forward,6.69,4,2.68,1,32,12,12,12.5,11,26.19,4,0,1,2,1,1,8,0,0,0,0.0,0,0,0.0,38,6,11,1.0,20,0,0,0,0,1,5,6,0,12,283,212,71,74.91,72,140,82,2,16.67,8,72.73,28,14,1311,4,0,41,30,198,28,93,36.61,78,39.8,15,25.86
314,2318284,Ligue 1,Angers,Djibirin Harouna,Forward,6.68,2,1.05,0,7,3,2,28.57,3,23.08,2,0,1,1,0,1,0,0,0,0,0.0,0,0,0.0,7,4,7,0.0,8,0,0,0,0,0,1,1,0,4,76,53,23,69.74,17,36,24,3,33.33,1,33.33,15,1,323,2,0,9,8,59,7,26,40.63,17,34.0,9,64.29
315,2509490,Ligue 1,Metz,Jahyann Pandore,Midfielder,6.68,1,0.25,0,2,1,0,50.0,0,0.0,1,0,0,0,1,0,0,0,0,0,0.0,0,0,0.0,4,0,1,0.0,1,0,0,0,0,0,0,0,0,1,39,28,11,71.79,11,17,10,0,0.0,1,33.33,4,0,85,0,0,2,1,23,3,5,31.25,5,35.71,0,0.0
316,975300,Ligue 1,Le Havre,Godson Kyeremeh,Forward,6.68,1,1.08,0,6,2,3,16.67,5,38.46,1,0,1,0,0,0,5,0,0,0,0.0,0,0,0.0,7,0,3,0.0,2,0,0,0,0,1,1,1,0,5,67,54,13,80.6,18,36,26,5,33.33,2,50.0,13,3,397,0,0,9,19,46,3,32,53.33,31,58.49,1,14.29
317,1049775,Ligue 1,Lille,Alexsandro Ribeiro,Defender,6.68,0,0.37,0,7,2,5,0.0,2,66.67,0,0,0,0,0,0,0,0,0,0,0.0,0,0,0.0,11,11,34,3.0,1,0,0,0,0,2,0,0,0,0,453,408,45,90.07,306,102,17,0,0.0,19,52.78,9,7,516,0,1,10,8,55,0,40,65.57,20,62.5,20,68.97
318,794373,Ligue 1,Angers,Carlens Arcus,Defender,6.68,0,0.29,0,9,1,6,0.0,2,40.0,0,0,0,0,0,0,0,0,0,0,0.0,0,0,0.0,37,31,66,3.0,14,0,3,1,0,7,3,3,0,16,1115,976,139,87.53,597,379,154,11,28.95,42,48.84,26,24,2051,7,0,33,16,213,6,80,53.69,55,50.0,25,64.1
319,1131448,Ligue 1,Olympique de Marseille,Conrad Jaden Egan-Riley,Defender,6.67,0,,0,0,0,0,0.0,1,33.33,0,0,0,0,0,0,0,0,0,0,0.0,0,0,0.0,10,1,34,4.0,3,0,1,0,0,1,1,0,0,2,523,485,38,92.73,325,160,37,0,0.0,15,44.12,11,8,626,1,1,5,5,49,1,26,57.78,16,59.26,10,55.56
320,1861695,Ligue 1,RC Strasbourg,Tyrese Noubissie,Midfielder,6.67,0,,0,0,0,0,0.0,0,0.0,0,0,0,0,0,0,0,0,0,0,0.0,0,0,0.0,0,2,1,1.0,0,0,0,0,0,0,0,0,0,1,45,41,4,91.11,25,16,6,1,100.0,1,50.0,4,0,55,1,0,2,1,4,0,2,40.0,1,33.33,1,50.0
321,1087364,Ligue 1,Lille,Tiago Santos,Defender,6.67,0,0.44,1,9,0,6,0.0,3,17.65,0,0,0,0,0,1,0,1,0,0,0.0,0,0,0.0,14,6,15,0.0,3,0,0,0,0,1,1,0,0,6,291,244,47,83.85,113,131,64,5,15.15,10,40.0,15,8,727,0,0,13,21,137,14,41,45.56,38,46.91,3,33.33
322,1131541,Ligue 1,Lorient,Bamo Meïté,Defender,6.67,0,0.76,1,8,1,7,0.0,7,53.85,0,0,0,0,0,0,2,0,0,0,0.0,0,0,0.0,28,13,114,13.0,12,0,1,2,0,4,2,3,0,7,862,731,131,84.8,428,303,125,2,16.67,23,39.66,25,22,1983,5,0,30,25,188,7,125,56.31,60,53.57,65,59.09
323,906075,Ligue 1,Nice,Melvin Bard,Defender,6.67,2,1.07,0,15,5,8,13.33,16,59.26,2,0,0,2,0,0,3,0,0,0,0.0,0,0,0.0,52,40,76,14.0,22,0,3,1,0,4,5,1,0,15,1140,918,222,80.53,505,413,166,15,18.99,42,32.06,29,26,2396,4,0,26,27,396,20,126,54.31,95,55.56,31,50.82
324,1029018,Ligue 1,RC Lens,Abdallah Sima,Forward,6.67,2,2.97,4,30,9,14,6.67,4,36.36,2,0,1,0,1,3,3,0,0,0,0.0,0,0,0.0,7,2,12,0.0,3,0,0,0,0,0,0,2,0,10,241,184,57,76.35,74,110,61,7,53.85,8,72.73,21,6,718,3,0,14,14,108,12,46,46.0,25,41.67,21,52.5
325,204286,Ligue 1,Paris FC,Nouha Dicko,Forward,6.67,1,0.4,0,4,2,2,25.0,0,0.0,1,0,1,0,0,0,2,0,0,0,0.0,0,0,0.0,1,0,0,0.0,0,0,0,0,0,0,1,1,0,1,13,10,3,76.92,3,7,3,0,0.0,1,50.0,8,0,98,0,0,4,3,7,1,7,43.75,4,50.0,3,37.5
326,867440,Ligue 1,Auxerre,Danny Namaso,Forward,6.67,3,5.49,8,62,17,23,4.84,33,38.37,2,1,0,0,3,2,4,0,0,0,0.0,0,2,0.0,35,10,22,2.0,12,0,0,1,0,4,5,3,0,32,703,591,112,84.07,195,396,237,2,6.45,23,65.71,30,29,2525,9,0,64,47,344,56,161,39.95,115,39.52,46,41.07
327,1048366,Ligue 1,Toulouse,Waren Kamanzi,Midfielder,6.67,1,0.88,0,12,2,4,8.33,13,65.0,1,0,0,0,1,0,1,1,0,0,0.0,0,0,0.0,19,8,19,2.0,5,0,0,0,0,0,0,1,0,8,292,255,37,87.33,107,148,79,1,9.09,3,33.33,24,7,865,1,0,8,8,69,6,42,54.55,40,60.61,2,18.18
328,1545297,Ligue 1,RC Lens,Anthony Bermont,Midfielder,6.67,0,0.21,1,4,2,2,0.0,2,50.0,0,0,0,0,0,0,0,0,0,0,0.0,0,0,0.0,1,3,0,0.0,1,0,0,0,0,0,0,0,0,1,87,75,12,86.21,20,55,39,4,36.36,2,100.0,10,0,123,0,0,2,0,24,1,6,42.86,3,33.33,3,60.0
329,1110842,Ligue 1,AS Monaco,Simon Adingra,Midfielder,6.67,3,2.47,2,22,6,7,13.64,23,33.33,2,1,0,1,2,1,2,0,0,0,0.0,0,0,0.0,11,6,5,0.0,13,0,0,0,0,0,2,2,0,13,345,265,80,76.81,96,169,117,7,23.33,3,30.0,14,10,868,0,0,7,8,198,15,46,34.07,42,34.43,4,30.77
330,1961626,Ligue 1,Paris FC,Rudy Matondo,Midfielder,6.67,2,1.01,0,13,5,2,15.38,14,66.67,2,0,0,0,2,0,1,0,0,0,0.0,0,0,0.0,28,11,20,3.0,13,0,1,0,0,1,0,0,0,5,503,438,65,87.08,234,204,84,4,30.77,11,44.0,27,14,1359,4,1,27,23,126,15,72,48.32,64,51.61,8,32.0
331,352296,Ligue 1,Stade Rennais,Breel Embolo,Forward,6.67,8,8.95,7,41,17,18,19.51,15,34.09,8,0,3,0,3,0,14,0,0,0,0.0,0,0,0.0,19,4,19,4.0,10,0,0,0,0,2,2,3,0,15,362,255,107,70.44,89,166,92,1,14.29,5,41.67,31,20,1872,3,0,48,58,237,31,121,44.16,92,44.66,29,42.65
332,1397882,Ligue 1,Le Havre,Yanis Zouaoui,Defender,6.66,1,1.37,1,16,5,5,6.25,20,40.0,1,0,0,1,0,0,1,0,1,1,100.0,0,7,0.0,48,26,59,13.0,16,0,2,1,1,2,5,1,0,35,954,741,213,77.67,455,286,155,44,23.91,52,37.41,30,28,2348,7,0,22,26,479,18,111,51.63,93,52.25,18,48.65
333,795508,Ligue 1,Paris FC,Vincent Marchetti,Midfielder,6.66,2,2.18,1,24,7,9,8.33,10,76.92,1,1,0,0,2,1,1,0,0,0,0.0,0,0,0.0,18,4,23,3.0,8,0,0,1,0,0,1,1,0,4,401,351,50,87.53,204,147,75,1,100.0,11,39.29,23,9,839,1,0,12,4,83,11,44,50.0,32,48.48,12,54.55
334,40672,Ligue 1,Nantes,Francis Coquelin,Midfielder,6.66,0,0.15,0,6,1,3,0.0,5,50.0,0,0,0,0,0,0,0,0,0,0,0.0,0,0,0.0,17,6,11,5.0,5,1,2,0,0,0,0,1,0,4,291,256,35,87.97,151,105,39,1,100.0,10,71.43,16,8,655,2,0,15,7,58,5,40,51.28,29,49.15,11,57.89
335,1445628,Ligue 1,Stade Rennais,Djaoui Cissé,Midfielder,6.66,0,0.79,0,24,6,9,0.0,9,37.5,0,0,0,0,0,0,0,0,0,0,0.0,0,1,0.0,33,6,6,5.0,8,0,0,0,0,0,0,0,0,13,513,414,99,80.7,173,241,136,4,14.81,20,52.63,24,12,1002,3,0,18,9,189,13,56,47.06,51,48.57,5,35.71
336,1047484,Ligue 1,Auxerre,Sékou Mara,Forward,6.66,3,3.08,1,33,12,12,9.09,17,50.0,3,0,0,1,2,0,2,1,0,0,0.0,0,1,0.0,13,4,9,0.0,4,0,0,0,0,0,2,2,0,9,239,174,65,72.8,55,119,76,0,0.0,9,90.0,27,14,1234,0,0,27,27,156,25,92,44.44,57,45.6,35,42.68
337,842399,Ligue 1,Paris FC,Alimami Gory,Forward,6.66,5,3.62,2,19,6,8,26.32,4,30.77,5,0,0,1,4,0,8,1,0,0,0.0,0,0,0.0,19,8,14,1.0,9,1,0,1,0,1,1,1,1,6,221,182,39,82.35,74,108,57,2,20.0,6,46.15,24,9,988,3,0,11,16,98,11,47,48.45,39,50.65,8,40.0
338,916041,Ligue 1,Stade Rennais,Mahdi Camara,Midfielder,6.65,3,3.19,4,29,12,11,10.34,25,40.32,2,1,1,0,2,2,4,1,0,0,0.0,0,0,0.0,62,32,42,9.0,18,0,1,0,0,6,3,1,0,23,1173,1039,134,88.58,448,591,320,4,14.29,19,59.38,32,31,2660,5,1,39,28,270,22,140,51.47,114,50.22,26,57.78
339,170129,Ligue 1,Angers,Florent Hanin,Defender,6.65,0,0.04,0,3,0,1,0.0,3,33.33,0,0,0,0,0,0,0,0,0,0,0.0,0,0,0.0,15,11,28,4.0,9,0,0,0,0,1,2,0,0,8,355,276,79,77.75,155,121,59,8,32.0,15,48.39,25,9,892,0,0,8,8,125,2,35,47.95,26,52.0,9,39.13
340,1126588,Ligue 1,Auxerre,Lasso Coulibaly,Midfielder,6.65,0,0.24,0,4,1,1,0.0,15,65.22,0,0,0,0,0,0,2,0,0,0,0.0,0,1,0.0,6,5,0,1.0,4,0,0,0,0,0,0,0,0,4,108,84,24,77.78,28,56,33,4,22.22,4,50.0,17,1,322,1,0,10,11,66,5,35,56.45,32,54.24,3,100.0
341,787889,Ligue 1,Stade Brestois,Lucas Tousart,Midfielder,6.65,1,0.64,1,9,3,5,11.11,3,75.0,1,0,1,0,0,0,0,1,0,0,0.0,0,0,0.0,29,8,18,2.0,8,0,0,0,0,0,2,0,0,4,269,218,51,81.04,129,89,39,2,66.67,13,56.52,24,9,857,0,0,21,5,81,9,56,48.7,37,49.33,19,47.5
342,920680,Ligue 1,Auxerre,Gabriel Osho,Defender,6.65,0,,0,0,0,0,0.0,0,0.0,0,0,0,0,0,0,0,0,0,0,0.0,0,0,0.0,3,1,2,2.0,0,0,1,0,0,1,0,0,0,0,74,69,5,93.24,51,18,6,0,0.0,1,25.0,2,2,134,0,0,2,1,7,0,6,54.55,4,66.67,2,40.0
343,849114,Ligue 1,Stade Brestois,Radosław Majecki,Goalkeeper,6.65,0,,0,0,0,0,0.0,0,0.0,0,0,0,0,0,0,0,0,0,0,0.0,0,0,0.0,0,0,5,0.0,1,2,0,1,0,3,0,0,0,0,298,202,96,67.79,139,63,17,0,0.0,83,46.89,10,10,865,0,1,1,1,98,0,3,60.0,1,33.33,2,100.0
344,979315,Ligue 1,Nice,Elye Wahi,Forward,6.65,5,3.61,6,23,15,3,21.74,6,40.0,4,1,0,0,5,0,20,0,1,1,100.0,0,0,0.0,5,2,1,0.0,3,0,0,0,0,2,2,1,0,8,141,96,45,68.09,34,62,35,4,50.0,3,42.86,14,11,926,5,0,21,5,95,7,22,24.72,16,29.09,6,17.65
345,1177351,Ligue 1,Auxerre,Lamine Sy,Defender,6.64,0,1.06,1,13,2,5,0.0,13,32.5,0,0,0,0,0,1,3,1,0,0,0.0,0,0,0.0,42,24,38,7.0,11,0,1,0,0,5,2,0,0,13,518,431,87,83.2,191,240,133,5,10.87,17,42.5,24,17,1551,1,0,24,14,224,11,75,51.02,68,49.28,7,77.78
346,1597197,Ligue 1,Stade Brestois,Hamidou Makalou,Midfielder,6.64,0,0.18,0,4,1,2,0.0,4,57.14,0,0,0,0,0,0,0,0,0,0,0.0,0,0,0.0,6,5,3,1.0,2,0,0,0,0,0,1,0,0,7,187,156,31,83.42,65,91,41,3,21.43,4,44.44,17,2,362,0,0,1,4,58,5,15,55.56,14,56.0,1,50.0
347,1394735,Ligue 1,Metz,Morgan Bokele Mputu,Midfielder,6.64,0,0.34,0,3,1,0,0.0,3,37.5,0,0,0,0,0,0,0,0,0,0,0.0,0,0,0.0,5,1,2,1.0,3,0,0,0,0,0,0,0,0,2,100,79,21,79.0,34,45,22,3,50.0,3,60.0,10,1,228,0,0,2,8,41,5,16,48.48,16,51.61,0,0.0
348,1930811,Ligue 1,RC Strasbourg,Abdoul Ouattara,Midfielder,6.64,2,2.51,2,27,11,9,7.41,8,34.78,2,0,0,0,2,0,1,1,0,0,0.0,0,0,0.0,23,21,37,1.0,7,0,1,0,0,4,4,0,0,6,862,776,86,90.02,468,308,151,4,22.22,10,47.62,28,19,1775,2,0,12,11,165,9,46,48.94,42,50.6,4,36.36
349,1545409,Ligue 1,Stade Rennais,Mahamadou Nagida,Defender,6.63,0,0.55,1,13,3,6,0.0,12,63.16,0,0,0,0,0,0,0,0,0,0,0.0,0,0,0.0,20,18,39,3.0,14,1,1,1,0,2,0,0,0,5,508,425,83,83.66,220,205,91,6,30.0,28,54.9,19,7,810,2,0,14,11,134,10,57,52.29,42,48.28,15,68.18
350,959805,Ligue 1,Olympique de Marseille,Quinten Timber,Midfielder,6.63,0,1.0,1,10,2,5,0.0,16,48.48,0,0,0,0,0,0,1,0,0,0,0.0,0,0,0.0,31,8,5,0.0,13,0,0,0,0,1,0,0,1,9,485,417,68,85.98,156,261,137,1,14.29,7,50.0,15,14,1111,5,0,13,20,143,18,69,52.27,67,52.34,2,50.0
351,45923,Ligue 1,Paris FC,Ciro Immobile,Forward,6.63,2,1.92,2,15,5,7,13.33,3,60.0,2,0,0,0,2,1,8,0,0,0,0.0,0,0,0.0,0,1,6,2.0,2,0,0,0,0,0,5,2,0,9,156,108,48,69.23,39,69,40,0,0.0,3,37.5,12,9,711,2,0,8,6,89,7,18,33.33,9,33.33,9,33.33
352,873551,Ligue 1,Nantes,Mostafa Mohamed,Forward,6.63,4,2.88,2,35,8,20,11.43,3,15.79,3,1,1,1,2,1,4,0,0,0,0.0,0,0,0.0,10,8,13,3.0,6,0,1,0,0,0,2,0,0,9,190,117,73,61.58,62,55,34,2,22.22,1,20.0,24,13,1171,1,0,18,27,161,21,89,44.5,37,38.95,52,49.52
353,1824137,Ligue 1,Le Havre,Timothee Pembele,Defender,6.63,0,0.39,1,4,2,2,0.0,5,71.43,0,0,0,0,0,0,1,0,0,0,0.0,0,0,0.0,11,3,19,1.0,7,0,0,0,0,0,0,0,0,2,145,120,25,82.76,72,48,17,2,33.33,3,37.5,14,2,381,1,0,3,4,44,5,25,54.35,20,54.05,5,55.56
354,1862843,Ligue 1,Angers,Marius Louer,Defender,6.63,0,,0,0,0,0,0.0,4,80.0,0,0,0,0,0,0,0,0,0,0,0.0,0,0,0.0,20,3,20,2.0,5,0,0,0,1,1,0,0,0,3,205,177,28,86.34,126,51,21,3,33.33,10,50.0,9,6,552,1,0,7,3,42,1,32,60.38,27,65.85,5,41.67
355,782240,Ligue 1,Auxerre,Assane Dioussé,Midfielder,6.63,0,0.12,0,4,1,1,0.0,1,50.0,0,0,0,0,0,0,0,0,0,0,0.0,0,0,0.0,5,5,4,2.0,1,0,0,0,0,0,0,0,0,3,151,139,12,92.05,63,76,41,2,33.33,12,75.0,15,1,244,3,0,7,3,22,2,11,42.31,9,47.37,2,28.57
356,1426224,Ligue 1,RC Strasbourg,Mathis Amougou,Midfielder,6.63,0,0.21,1,3,2,1,0.0,4,44.44,0,0,0,0,0,0,0,0,0,0,0.0,0,0,0.0,17,2,2,1.0,9,0,1,0,0,0,0,0,0,5,229,204,25,89.08,101,103,48,0,0.0,0,0.0,12,4,406,1,0,4,4,42,3,25,54.35,25,54.35,0,0.0
357,2127096,Ligue 1,Olympique Lyonnais,Khalis Merah,Midfielder,6.63,0,0.99,4,6,3,3,0.0,10,66.67,0,0,0,0,0,0,0,0,0,0,0.0,0,0,0.0,27,7,3,0.0,16,0,5,0,0,0,3,1,0,12,494,422,72,85.43,179,243,126,1,7.69,10,50.0,22,15,1148,2,0,11,20,130,14,61,51.69,57,55.34,4,26.67
358,930813,Ligue 1,Paris FC,Tuomas Ollila,Defender,6.63,0,0.14,0,4,1,2,0.0,2,50.0,0,0,0,0,0,2,1,0,0,0,0.0,0,0,0.0,2,3,10,0.0,0,1,1,0,0,1,0,0,0,1,125,91,34,72.8,56,35,15,3,33.33,4,30.77,10,3,320,0,0,3,7,52,3,18,60.0,11,61.11,7,58.33
359,1894085,Ligue 1,Stade Brestois,Raphaël Le Guen,Defender,6.62,0,0.2,0,4,1,2,0.0,1,100.0,0,0,0,0,0,0,0,0,0,0,0.0,0,0,0.0,6,11,29,6.0,2,1,0,0,0,0,0,0,0,0,178,156,22,87.64,127,29,7,0,0.0,6,40.0,6,4,380,0,0,4,0,24,1,19,67.86,7,53.85,12,80.0
360,1406007,Ligue 1,Nantes,Bahereba Guirassy,Forward,6.62,2,1.79,2,15,7,4,13.33,9,23.68,2,0,0,0,2,2,3,0,0,0,0.0,0,0,0.0,21,5,12,1.0,6,0,0,0,0,0,2,1,0,7,201,134,67,66.67,57,77,43,5,21.74,3,50.0,20,9,827,2,0,15,9,157,14,52,38.52,39,39.0,13,37.14
361,39070,Ligue 1,Lille,Olivier Giroud,Forward,6.62,7,8.72,8,41,16,20,17.07,3,60.0,7,0,1,6,0,1,8,0,4,3,75.0,0,0,0.0,11,4,14,5.0,8,1,0,0,0,1,2,1,0,19,340,232,108,68.24,89,143,82,0,0.0,7,63.64,30,17,1623,2,0,27,31,156,8,94,52.22,44,51.16,50,53.19
362,803034,Ligue 1,Olympique de Marseille,Jeffrey De Lange,Goalkeeper,6.62,0,,0,0,0,0,0.0,0,0.0,0,0,0,0,0,0,0,0,0,0,0.0,0,0,0.0,0,0,1,0.0,1,0,1,0,0,1,0,0,0,1,137,112,25,81.75,106,6,2,0,0.0,15,39.47,5,5,450,0,0,0,0,26,0,0,0.0,0,0.0,0,0.0
363,793988,Ligue 1,Olympique Lyonnais,Orel Mangala,Midfielder,6.62,0,0.21,0,4,1,2,0.0,5,62.5,0,0,0,0,0,0,0,0,0,0,0.0,0,0,0.0,6,7,6,2.0,3,0,1,0,0,0,0,0,0,5,222,202,20,90.99,79,123,57,0,0.0,8,66.67,9,5,426,0,0,8,5,34,1,18,51.43,16,53.33,2,40.0
364,1405998,Ligue 1,Nantes,Louis Leroux,Midfielder,6.62,1,1.66,1,15,3,3,6.67,11,37.93,1,0,1,0,0,0,1,0,0,0,0.0,0,0,0.0,37,4,36,2.0,13,0,1,0,0,1,0,1,0,16,457,340,117,74.4,162,178,79,10,33.33,17,34.69,23,16,1443,2,0,12,14,197,10,71,52.99,61,53.51,10,50.0
365,1895829,Ligue 1,Le Havre,Daren Nbenbege Mosengo,Midfielder,6.62,0,,0,0,0,0,0.0,0,0.0,0,0,0,0,0,0,0,0,0,0,0.0,0,0,0.0,2,1,4,3.0,8,0,0,0,0,0,0,0,0,0,52,41,11,78.85,26,15,6,0,0.0,2,33.33,7,0,110,0,0,1,2,16,1,6,27.27,4,25.0,2,33.33
366,1936816,Ligue 1,Lille,Soriba Diaoune,Forward,6.62,1,1.25,1,10,4,4,10.0,5,45.45,1,0,0,0,1,1,0,0,0,0,0.0,0,0,0.0,3,1,2,1.0,1,0,0,0,0,0,0,1,0,5,63,50,13,79.37,16,34,18,2,40.0,1,100.0,10,1,202,0,0,5,3,36,6,12,35.29,11,37.93,1,20.0
367,1049528,Ligue 1,Nantes,Yassine Benhattab,Midfielder,6.62,0,0.15,0,4,1,1,0.0,8,53.33,0,0,0,0,0,0,1,0,0,0,0.0,0,0,0.0,10,0,3,0.0,2,0,2,0,0,0,1,0,1,7,141,102,39,72.34,50,52,30,4,16.0,5,55.56,10,5,477,0,0,3,3,102,4,22,52.38,21,56.76,1,20.0
368,1405912,Ligue 1,Nantes,Dehmaine Tabibou,Midfielder,6.62,1,1.95,1,29,7,12,3.45,20,54.05,1,0,0,1,0,2,0,0,0,0,0.0,0,3,0.0,30,17,19,0.0,11,3,0,0,0,0,3,0,0,20,401,296,105,73.82,148,148,76,21,23.33,19,33.33,27,14,1282,4,0,23,20,249,20,80,50.0,70,50.36,10,47.62
369,1153333,Ligue 1,RC Strasbourg,Rafael Luis,Midfielder,6.62,0,0.18,0,5,3,0,0.0,4,33.33,0,0,0,0,0,0,0,0,0,0,0.0,0,0,0.0,18,4,6,0.0,11,0,2,0,0,0,1,1,0,6,385,339,46,88.05,193,146,50,0,0.0,19,52.78,12,6,585,0,0,7,2,72,4,25,44.64,24,44.44,1,50.0
370,985199,Ligue 1,Metz,Giorgi Abuashvili,Midfielder,6.62,2,1.02,0,23,9,6,8.7,9,33.33,1,1,0,2,0,0,1,0,0,0,0.0,0,0,0.0,13,5,8,1.0,14,0,0,1,0,0,1,0,0,6,254,229,25,90.16,90,139,81,7,18.92,10,52.63,23,6,700,1,0,8,11,107,17,36,35.64,33,36.67,3,27.27
371,802143,Ligue 1,Nantes,Kelvin Amian,Defender,6.61,0,0.39,0,10,2,7,0.0,5,50.0,0,0,0,0,0,0,2,0,0,0,0.0,0,0,0.0,28,7,72,10.0,6,0,0,1,0,3,4,1,0,8,786,636,150,80.92,355,281,112,7,24.14,28,34.57,23,22,1962,3,0,23,18,239,16,79,56.43,50,51.02,29,69.05
372,1391541,Ligue 1,Lille,Ngal'ayel Mukau,Midfielder,6.61,1,2.14,3,20,5,6,5.0,13,52.0,1,0,0,0,1,0,4,0,0,0,0.0,0,0,0.0,29,14,8,1.0,15,0,2,1,0,1,0,0,0,13,627,547,80,87.24,181,366,213,0,0.0,18,64.29,30,19,1566,3,0,27,23,147,13,78,46.71,65,50.78,13,33.33
373,155818,Ligue 1,AS Monaco,Takumi Minamino,Midfielder,6.61,3,3.18,4,21,7,8,14.29,4,33.33,3,0,1,1,1,0,3,0,0,0,0.0,0,0,0.0,3,4,5,2.0,12,0,0,1,0,1,3,2,0,9,308,226,82,73.38,78,148,86,0,0.0,7,43.75,15,11,961,4,0,10,8,134,8,21,31.34,15,28.3,6,42.86
374,2077075,Ligue 1,Toulouse,Seny Koumbassa,Defender,6.61,1,0.25,0,3,1,2,33.33,0,0.0,1,0,1,0,0,0,0,0,0,0,0.0,0,0,0.0,9,3,31,2.0,2,0,0,0,0,1,0,0,0,0,161,137,24,85.09,99,38,5,0,0.0,1,6.25,9,4,441,0,0,1,0,29,0,12,70.59,9,75.0,3,60.0
375,362014,Ligue 1,Paris FC,Hamari Traoré,Defender,6.61,0,0.18,1,4,0,1,0.0,1,33.33,0,0,0,0,0,0,1,0,0,0,0.0,0,0,0.0,30,17,45,1.0,9,0,2,1,0,2,1,1,0,9,602,500,102,83.06,269,231,109,4,15.38,23,46.0,18,14,1158,4,0,21,6,161,2,54,55.1,37,54.41,17,56.67
376,886286,Ligue 1,Nantes,Nicolas Cozza,Defender,6.61,0,1.93,2,12,3,4,0.0,8,44.44,0,0,0,0,0,0,0,0,0,0,0.0,0,0,0.0,44,17,95,11.0,23,0,0,0,0,6,0,1,0,10,810,623,187,76.91,389,234,105,4,18.18,44,32.59,29,25,2303,2,0,23,31,274,7,102,52.85,81,56.64,21,42.0
377,802695,Ligue 1,RC Strasbourg,Ben Chilwell,Defender,6.61,0,0.32,1,5,3,1,0.0,10,58.82,0,0,0,0,0,0,4,0,0,0,0.0,0,0,0.0,25,22,53,4.0,15,1,1,0,0,2,4,2,0,7,792,695,97,87.75,454,241,94,11,36.67,21,35.59,20,19,1602,4,0,14,22,192,10,67,54.92,57,55.34,10,52.63
378,1399503,Ligue 1,RC Lens,Nidal Čelik,Defender,6.61,0,0.03,0,1,1,0,0.0,1,20.0,0,0,0,0,0,0,0,0,0,0,0.0,0,0,0.0,20,9,15,5.0,2,1,2,0,0,2,0,0,0,0,322,295,27,91.61,193,102,37,0,0.0,17,56.67,8,8,618,2,0,13,1,43,1,28,53.85,22,52.38,6,60.0
379,1606641,Ligue 1,AS Monaco,Pape Cabral,Midfielder,6.6,0,0.53,1,3,2,1,0.0,1,50.0,0,0,0,0,0,0,0,0,0,0,0.0,0,0,0.0,2,1,4,0.0,2,0,0,0,0,0,0,0,0,0,52,45,7,86.54,21,24,8,0,0.0,0,0.0,4,0,73,0,0,1,1,10,2,6,50.0,4,40.0,2,100.0
380,942937,Ligue 1,Nantes,Hong Hyun-seok,Midfielder,6.6,0,0.47,1,4,2,1,0.0,2,100.0,0,0,0,0,0,0,1,0,0,0,0.0,0,1,0.0,9,3,3,1.0,2,0,0,0,0,0,0,0,0,1,74,57,17,77.03,28,29,15,2,14.29,1,25.0,6,3,284,0,0,0,1,36,3,13,61.9,12,70.59,1,25.0
381,1484974,Ligue 1,Angers,Justin-Noel Kalumba,Midfielder,6.6,0,0.02,0,1,0,0,0.0,4,28.57,0,0,0,0,0,0,0,0,0,0,0.0,0,0,0.0,6,1,3,0.0,0,0,0,0,0,0,0,0,0,4,75,57,18,76.0,19,38,29,7,46.67,1,50.0,4,3,225,0,0,3,3,52,4,14,35.9,13,43.33,1,11.11
382,1153265,Ligue 1,Nice,Badredine Bouanani,Midfielder,6.6,0,0.07,0,1,0,1,0.0,1,25.0,0,0,0,0,0,0,0,0,0,0,0.0,0,0,0.0,0,1,0,0.0,1,0,0,0,0,0,0,0,0,1,47,37,10,78.72,12,25,12,1,20.0,0,0.0,2,1,93,0,0,0,2,20,0,3,33.33,3,42.86,0,0.0
383,1961638,Ligue 1,Toulouse,Ilyas Azizi,Forward,6.6,0,0.09,0,1,0,1,0.0,1,100.0,0,0,0,0,0,0,0,0,0,0,0.0,0,0,0.0,1,0,0,0.0,0,0,0,0,0,0,0,0,0,1,13,13,0,100.0,3,10,7,0,0.0,1,100.0,3,0,30,0,0,0,0,3,0,2,50.0,2,100.0,0,0.0
384,1386639,Ligue 1,Stade Rennais,Ibrahim Salah,Forward,6.6,0,0.02,0,1,0,0,0.0,0,0.0,0,0,0,0,0,0,1,0,0,0,0.0,0,0,0.0,1,0,1,,0,0,0,0,0,0,0,0,0,0,22,22,0,100.0,7,15,5,0,0.0,0,0.0,2,0,40,0,0,0,2,2,2,4,57.14,3,60.0,1,50.0
385,1426221,Ligue 1,Paris FC,Nhoa Sangui,Defender,6.6,0,0.26,1,4,1,2,0.0,10,40.0,0,0,0,0,0,0,3,0,0,0,0.0,0,0,0.0,26,17,56,5.0,4,1,2,0,0,4,2,0,0,17,764,660,104,86.39,338,322,145,12,32.43,20,37.74,26,18,1752,0,0,5,17,188,10,60,58.82,53,61.63,7,43.75
386,1500263,Ligue 1,RC Strasbourg,Aarón Anselmino,Defender,6.6,0,,0,0,0,0,0.0,0,0.0,0,0,0,0,0,0,0,0,0,0,0.0,0,0,0.0,0,1,7,0.0,0,0,0,0,0,0,0,0,0,0,8,8,0,100.0,8,0,0,0,0.0,0,0.0,3,0,24,0,0,0,0,0,0,2,100.0,0,0.0,2,100.0
387,919027,Ligue 1,Nice,Ali Abdi,Defender,6.6,3,2.4,2,16,4,8,18.75,19,44.19,3,0,1,2,0,0,1,0,0,0,0.0,0,0,0.0,22,10,27,4.0,11,1,1,0,0,2,3,0,0,17,430,322,108,74.88,174,148,82,6,17.14,10,21.28,22,13,1165,2,1,22,18,211,7,85,49.42,59,49.17,26,50.0
388,1469180,Ligue 1,Nice,Moise Bombito,Defender,6.6,0,,0,0,0,0,0.0,0,0.0,0,0,0,0,0,0,0,0,0,0,0.0,0,0,0.0,2,2,6,3.0,0,0,0,2,0,0,0,0,0,0,64,54,10,84.38,42,12,3,0,0.0,2,40.0,2,2,146,1,0,3,1,11,1,9,60.0,3,50.0,6,66.67
389,1463503,Ligue 1,Metz,Malick Mbaye,Midfielder,6.6,0,0.13,0,2,1,0,0.0,3,42.86,0,0,0,0,0,0,0,0,0,0,0.0,0,0,0.0,10,3,9,0.0,2,0,0,0,0,0,0,0,0,2,96,79,17,82.29,33,46,21,2,25.0,5,62.5,5,3,299,1,0,3,3,39,4,17,44.74,16,55.17,1,11.11
390,1927719,Ligue 1,Auxerre,Tidiane Devernois,Midfielder,6.6,0,,0,0,0,0,0.0,0,0.0,0,0,0,0,0,0,0,0,0,0,0.0,0,0,0.0,0,0,0,0.0,0,0,0,0,0,0,0,0,0,2,10,6,4,60.0,1,5,3,1,33.33,0,0.0,2,0,18,0,0,0,0,6,0,0,0.0,0,0.0,0,0.0
391,292665,Ligue 1,Stade Rennais,Glen Kamara,Midfielder,6.6,0,,0,0,0,0,0.0,0,0.0,0,0,0,0,0,0,0,0,0,0,0.0,0,0,0.0,0,0,0,0.0,1,0,0,0,0,0,0,0,0,0,57,52,5,91.23,33,19,10,0,0.0,2,100.0,4,0,63,0,0,0,2,6,0,4,80.0,2,66.67,2,100.0
392,1490783,Ligue 1,Le Havre,Simon Ebonog,Midfielder,6.6,1,1.82,0,22,4,11,4.55,17,47.22,1,0,0,0,1,0,0,0,0,0,0.0,0,0,0.0,39,24,23,4.0,6,0,0,0,0,1,1,0,1,8,469,370,99,78.89,162,208,104,4,26.67,7,38.89,30,21,1778,8,0,29,34,209,34,113,50.67,90,50.85,23,50.0
393,2020789,Ligue 1,Nice,Djibril Coulibaly,Midfielder,6.6,0,,0,0,0,0,0.0,0,0.0,0,0,0,0,0,0,0,0,0,0,0.0,0,0,0.0,0,1,0,0.0,0,0,0,0,0,0,0,0,0,0,9,8,1,88.89,1,7,2,0,0.0,1,100.0,2,0,27,0,0,1,0,3,0,1,50.0,0,0.0,1,100.0
394,1506932,Ligue 1,Angers,Marius Courcoul,Defender,6.59,0,0.07,0,2,1,1,0.0,1,25.0,0,0,0,0,0,0,0,0,0,0,0.0,0,0,0.0,15,3,8,2.0,4,0,0,1,0,0,0,0,0,3,157,125,32,79.62,72,53,23,0,0.0,4,33.33,18,3,373,0,0,6,3,50,5,22,51.16,19,51.35,3,50.0
395,822110,Ligue 1,Nantes,Deiver Machado,Defender,6.59,0,0.78,1,13,2,6,0.0,7,33.33,0,0,0,0,0,0,4,0,0,0,0.0,0,0,0.0,21,10,30,1.0,5,1,1,0,0,2,3,1,0,7,365,302,63,82.74,144,158,78,5,19.23,11,33.33,19,16,1186,3,0,25,28,153,14,65,47.1,56,50.0,9,34.62
396,326343,Ligue 1,Metz,Jean-Philippe Gbamin,Defender,6.59,1,2.01,1,14,7,3,7.14,26,78.79,1,0,0,0,1,1,0,0,0,0,0.0,0,0,0.0,51,27,82,13.0,20,1,2,0,0,5,3,1,0,15,1786,1574,212,88.13,1107,467,171,3,60.0,116,47.93,31,30,2488,2,1,24,8,276,25,112,51.85,85,53.13,27,48.21
397,1514916,Ligue 1,Angers,Sidiki Cherif,Forward,6.59,4,2.96,3,28,12,6,14.29,11,32.35,4,0,0,1,3,0,11,0,0,0,0.0,0,0,0.0,8,7,2,0.0,4,0,0,0,0,0,1,0,0,5,225,168,57,74.67,91,77,39,1,16.67,1,50.0,19,14,1164,3,0,15,16,150,19,52,37.14,35,39.33,17,33.33
398,940328,Ligue 1,Paris FC,Jean-Philippe Krasso,Forward,6.59,2,3.43,6,27,10,14,7.41,18,37.5,2,0,0,2,0,2,11,0,1,1,100.0,0,0,0.0,13,1,7,1.0,9,0,0,0,0,0,4,2,1,24,256,183,73,71.48,71,112,65,1,25.0,8,61.54,25,12,1099,0,0,20,19,176,13,78,38.42,46,38.98,32,37.65
399,235538,Ligue 1,Le Havre,Younes Namli,Midfielder,6.59,0,0.15,0,4,0,2,0.0,5,83.33,0,0,0,0,0,0,2,0,0,0,0.0,0,0,0.0,9,6,3,0.0,5,0,0,0,0,0,1,1,0,3,113,80,33,70.8,26,54,25,5,23.81,5,83.33,12,3,340,2,0,8,4,66,5,21,45.65,18,50.0,3,30.0
400,1130942,Ligue 1,RC Strasbourg,Félix Lemaréchal,Midfielder,6.59,0,0.89,1,10,2,5,0.0,12,54.55,0,0,0,0,0,0,0,0,0,0,0.0,0,2,0.0,17,3,7,0.0,10,0,1,0,0,1,2,2,0,7,234,181,53,77.35,80,101,55,5,33.33,3,50.0,11,7,554,1,0,8,6,106,11,39,48.15,35,47.3,4,57.14
401,904994,Ligue 1,Stade Brestois,Eric Ebimbe,Midfielder,6.59,5,3.6,6,27,9,8,18.52,3,17.65,5,0,1,1,3,0,3,0,0,0,0.0,0,0,0.0,25,6,13,0.0,14,0,0,0,0,0,2,0,0,8,276,212,64,76.81,92,120,65,1,20.0,7,77.78,27,15,1180,3,0,22,15,131,14,52,38.81,43,41.75,9,29.03
402,829093,Ligue 1,Nantes,Ibrahima Sissoko,Midfielder,6.58,0,0.21,0,6,0,3,0.0,7,63.64,0,0,0,0,0,0,2,0,0,0,0.0,0,0,0.0,13,17,13,5.0,2,0,0,0,0,0,2,0,0,4,320,257,63,80.31,130,127,56,1,16.67,13,46.43,13,9,811,4,0,25,8,107,12,44,46.32,27,39.13,17,65.38
403,816810,Ligue 1,Paris FC,Mathieu Cafaro,Midfielder,6.58,0,0.4,0,7,1,5,0.0,1,50.0,0,0,0,0,0,0,2,0,0,0,0.0,0,1,0.0,0,0,1,0.0,0,0,0,0,0,0,0,0,0,3,53,43,10,81.13,12,31,16,2,28.57,1,50.0,10,1,159,0,0,2,4,19,1,5,55.56,4,50.0,1,100.0
404,1035986,Ligue 1,Auxerre,Josué Casimir,Midfielder,6.58,1,2.85,3,22,12,5,4.55,10,50.0,1,0,0,0,1,2,3,0,1,0,0.0,0,0,0.0,31,11,12,0.0,10,0,1,0,0,0,1,0,0,10,459,362,97,78.87,132,230,131,9,16.98,13,48.15,31,16,1532,4,1,34,32,213,12,98,52.41,73,53.28,25,50.0
405,1386065,Ligue 1,Toulouse,Mario Sauer,Midfielder,6.58,1,1.79,1,14,3,5,7.14,3,42.86,1,0,0,0,1,0,0,0,0,0,0.0,0,0,0.0,11,10,12,2.0,6,0,1,0,0,0,0,0,0,3,240,187,53,77.92,77,110,57,3,42.86,7,43.75,25,6,683,4,0,12,3,75,2,24,45.28,17,41.46,7,58.33
406,250133,Ligue 1,Nice,Morgan Sanson,Midfielder,6.58,0,2.52,5,19,4,8,0.0,23,51.11,0,0,0,0,0,0,2,0,0,0,0.0,0,0,0.0,31,25,15,9.0,19,0,2,1,0,0,3,2,0,12,641,525,116,81.9,240,285,130,3,7.69,50,61.73,31,20,1779,4,0,35,21,243,31,91,43.96,75,43.1,16,48.48
407,45512,Ligue 1,Nantes,Youssef El Arabi,Forward,6.58,3,2.53,7,15,9,4,20.0,6,30.0,2,1,0,0,3,2,10,2,1,0,0.0,0,0,0.0,12,3,11,1.0,5,0,0,0,0,1,1,0,0,9,264,167,97,63.26,76,91,43,0,0.0,11,50.0,25,11,979,0,0,22,23,164,6,65,41.94,40,47.06,25,35.71
408,1046028,Ligue 1,Nantes,Mayckel Lahdo,Forward,6.58,1,0.36,0,3,1,1,33.33,6,50.0,1,0,0,0,1,0,1,0,0,0,0.0,0,0,0.0,5,0,2,0.0,2,0,0,0,0,0,0,1,0,5,100,86,14,86.0,35,51,24,0,0.0,3,60.0,8,5,418,0,0,5,6,46,7,18,40.91,17,47.22,1,12.5
409,2070311,Ligue 1,Metz,Brian Madjo,Forward,6.58,0,0.35,0,3,1,1,0.0,0,0.0,0,0,0,0,0,0,3,0,0,0,0.0,0,0,0.0,0,0,2,0.0,0,0,0,0,0,0,0,0,0,0,18,10,8,55.56,8,2,1,0,0.0,0,0.0,5,2,162,0,0,3,3,19,3,6,40.0,3,30.0,3,60.0
410,934510,Ligue 1,Paris Saint-Germain,Gonçalo Ramos,Forward,6.58,6,9.0,14,58,25,20,10.34,17,45.95,4,2,2,2,2,1,6,0,2,1,50.0,0,0,0.0,13,5,10,0.0,10,0,0,0,0,3,2,1,0,17,340,283,57,83.24,101,182,99,1,100.0,2,66.67,30,13,1320,2,1,24,23,126,14,74,44.85,53,45.69,21,42.86
411,1103079,Ligue 1,Lorient,Nathaniel Adjei,Defender,6.58,0,0.38,1,4,2,2,0.0,1,50.0,0,0,0,0,0,0,1,0,0,0,0.0,0,0,0.0,11,8,50,2.0,3,1,0,0,1,2,0,0,0,1,389,356,33,91.52,237,119,34,0,0.0,22,62.86,15,9,840,0,0,8,6,47,2,30,50.85,18,58.06,12,42.86
412,158233,Ligue 1,Metz,Bouna Sarr,Defender,6.58,0,1.64,3,15,3,8,0.0,11,34.38,0,0,0,0,0,1,2,0,0,0,0.0,0,0,0.0,23,11,20,6.0,6,1,0,0,0,2,1,0,0,8,354,317,37,89.55,154,163,83,7,22.58,14,63.64,12,10,897,1,0,12,20,120,10,62,52.99,54,52.94,8,53.33
413,1001858,Ligue 1,Stade Brestois,Soumaila Coulibaly,Defender,6.58,0,0.35,0,6,2,3,0.0,3,100.0,0,0,0,0,0,0,1,0,0,0,0.0,0,0,0.0,14,14,75,9.0,0,1,3,0,1,3,0,0,1,2,745,672,73,90.2,499,173,48,0,0.0,39,51.32,16,15,1339,3,0,26,20,82,0,63,63.64,36,61.02,27,67.5
414,891505,Ligue 1,Angers,Goduine Koyalipou,Forward,6.58,2,2.66,2,22,9,9,9.09,6,35.29,2,0,0,0,2,0,5,0,1,1,100.0,0,0,0.0,3,2,5,0.0,0,0,0,0,0,0,0,1,0,5,124,93,31,75.0,52,41,25,0,0.0,3,60.0,13,7,675,0,0,4,5,78,11,28,37.33,14,35.9,14,38.89
415,1130111,Ligue 1,Lille,Marius Broholm,Forward,6.58,1,0.98,0,4,3,0,25.0,3,25.0,1,0,0,1,0,0,0,0,1,1,100.0,0,0,0.0,10,2,2,0.0,4,1,0,0,0,0,0,1,0,8,117,92,25,78.63,29,63,52,4,28.57,2,66.67,11,3,288,0,0,4,8,57,5,21,48.84,21,50.0,0,0.0
416,1170523,Ligue 1,Paris FC,Lohann Doucet,Midfielder,6.58,1,0.3,0,2,1,1,50.0,2,66.67,1,0,0,0,1,0,0,0,0,0,0.0,0,0,0.0,1,0,3,1.0,1,1,1,0,0,0,0,0,0,3,56,51,5,91.07,26,25,14,0,0.0,5,83.33,5,1,127,2,0,4,1,10,2,4,30.77,4,33.33,0,0.0
417,1129527,Ligue 1,Olympique de Marseille,Bilal Nadir,Midfielder,6.58,0,0.49,0,7,1,3,0.0,4,66.67,0,0,0,0,0,0,1,0,0,0,0.0,0,0,0.0,17,7,5,1.0,10,0,0,0,0,1,3,4,1,12,371,335,36,90.3,123,212,109,4,40.0,7,53.85,20,5,596,4,1,24,4,67,9,27,35.06,25,36.23,2,25.0
418,1027091,Ligue 1,Lorient,Joel Mugisha Mvuka,Midfielder,6.57,0,0.52,1,8,1,5,0.0,6,37.5,0,0,0,0,0,0,1,0,0,0,0.0,0,0,0.0,22,7,13,0.0,4,0,1,0,0,0,2,0,0,4,148,117,31,79.05,50,67,39,1,8.33,2,28.57,15,5,572,0,0,4,11,65,5,40,56.34,39,62.9,1,11.11
419,1891021,Ligue 1,Stade Rennais,Nordan Mukiele,Forward,6.57,1,0.12,0,4,1,0,25.0,2,66.67,0,1,0,0,1,0,0,0,0,0,0.0,0,0,0.0,1,0,1,0.0,2,0,0,0,0,0,0,0,0,1,47,40,7,85.11,13,27,16,0,0.0,0,0.0,8,0,106,0,0,4,2,21,5,6,30.0,5,31.25,1,25.0
420,1202024,Ligue 1,Olympique Lyonnais,Ernest Nuamah,Forward,6.57,0,0.19,0,2,0,0,0.0,3,50.0,0,0,0,0,0,0,0,0,0,0,0.0,0,0,0.0,1,0,0,0.0,1,0,0,0,0,0,0,0,0,0,18,17,1,94.44,3,14,10,1,50.0,0,0.0,3,0,47,0,0,0,0,10,2,4,40.0,4,40.0,0,0.0
421,942834,Ligue 1,Metz,Cheick Tidiane Sabaly,Forward,6.57,0,1.62,4,8,4,3,0.0,14,41.18,0,0,0,0,0,0,5,0,0,0,0.0,0,0,0.0,18,5,5,3.0,9,0,1,0,0,2,4,2,0,10,229,175,54,76.42,75,100,64,4,28.57,5,62.5,14,12,976,2,0,14,16,130,21,50,38.46,48,43.24,2,10.53
422,1397558,Ligue 1,AS Monaco,Kassoum Ouattara,Defender,6.57,0,0.92,1,12,0,6,0.0,9,26.47,0,0,0,0,0,2,1,0,0,0,0.0,0,0,0.0,27,16,21,0.0,9,0,2,1,0,2,5,3,0,17,377,280,97,74.27,127,153,67,12,24.0,10,37.04,15,12,983,3,0,22,10,220,13,62,43.97,46,40.0,16,61.54
423,2011326,Ligue 1,Olympique de Marseille,Nouhoum Kamissoko,Midfielder,6.57,0,0.04,0,1,0,1,0.0,0,0.0,0,0,0,0,0,0,0,0,0,0,0.0,0,0,0.0,1,0,0,3.0,0,0,0,0,0,0,1,0,0,2,18,15,3,83.33,5,10,2,0,0.0,0,0.0,3,0,31,0,0,0,0,4,0,2,66.67,1,100.0,1,50.0
424,209768,Ligue 1,Angers,Pierrick Capelle,Midfielder,6.57,0,0.69,1,10,1,5,0.0,3,60.0,0,0,0,0,0,0,0,0,0,0,0.0,0,2,0.0,19,7,9,1.0,15,0,1,0,0,0,1,1,0,6,226,183,43,80.97,88,95,46,3,25.0,11,64.71,16,6,660,2,0,15,11,81,12,37,41.11,32,42.11,5,35.71
425,1000442,Ligue 1,Le Havre,Yassine Kechta,Midfielder,6.57,2,1.69,4,21,9,7,9.52,7,28.0,2,0,0,1,1,0,3,0,0,0,0.0,0,0,0.0,32,17,19,4.0,26,0,2,0,0,0,5,1,0,15,418,333,85,79.67,151,182,91,9,32.14,15,46.88,30,14,1348,4,0,35,16,180,17,58,34.12,55,37.16,3,13.64
426,1471095,Ligue 1,Auxerre,Ibrahim Osman,Forward,6.57,0,1.86,5,18,6,9,0.0,6,27.27,0,0,0,0,0,0,3,0,0,0,0.0,0,0,0.0,11,4,2,0.0,3,0,0,0,0,0,1,2,0,7,164,131,33,79.88,32,99,56,1,10.0,4,66.67,14,7,630,0,0,7,14,104,16,37,41.57,31,42.47,6,37.5
427,1172936,Ligue 1,Angers,Louis Mouton,Midfielder,6.56,2,2.96,1,36,8,15,5.56,12,35.29,2,0,0,0,2,0,4,0,0,0,0.0,0,0,0.0,40,14,14,4.0,24,0,1,0,0,3,4,1,0,22,707,534,173,75.53,239,295,156,9,29.03,27,50.0,32,24,1911,2,1,20,16,286,27,83,41.5,68,43.04,15,35.71
428,877979,Ligue 1,Paris FC,Willem Geubbels,Forward,6.56,5,5.68,9,30,9,17,16.67,1,14.29,5,0,0,0,5,2,10,0,1,1,100.0,0,0,0.0,3,6,13,3.0,4,0,0,0,0,0,0,0,0,7,209,146,63,69.86,59,87,50,0,0.0,2,100.0,24,12,1019,0,0,19,3,120,13,38,32.76,7,15.56,31,43.66
429,1861665,Ligue 1,Paris Saint-Germain,Quentin Ndjantou,Forward,6.56,1,1.49,2,9,3,4,11.11,6,60.0,1,0,0,0,1,1,0,0,0,0,0.0,0,0,0.0,2,2,2,1.0,4,0,0,0,0,0,0,1,0,5,198,167,31,84.34,59,108,60,0,0.0,4,100.0,10,3,354,1,0,7,2,46,1,10,31.25,10,38.46,0,0.0
430,2137784,Ligue 1,Angers,Prosper Peter,Forward,6.56,5,5.45,8,23,14,6,21.74,6,15.0,5,0,1,1,3,0,15,1,0,0,0.0,0,0,0.0,7,4,9,0.0,1,0,0,0,0,0,1,0,0,11,196,139,57,70.92,54,85,57,0,0.0,1,50.0,29,14,1273,0,0,30,30,178,24,79,37.98,43,34.13,36,43.9
431,1518669,Ligue 1,Nice,Kaïl Boudache,Forward,6.56,1,2.61,4,13,2,7,7.69,6,28.57,1,0,0,1,0,1,0,0,0,0,0.0,0,0,0.0,13,5,2,0.0,7,0,0,0,0,0,0,0,0,4,129,96,33,74.42,32,64,39,2,25.0,2,66.67,13,3,535,0,0,5,4,87,11,29,34.12,23,38.33,6,24.0
432,1529051,Ligue 1,Lorient,Abdoulaye Faye,Defender,6.56,0,0.59,1,8,2,5,0.0,7,70.0,0,0,0,0,0,0,0,0,0,0,0.0,0,0,0.0,32,28,91,6.0,8,1,0,1,1,1,0,0,0,2,834,731,103,87.65,502,229,72,0,0.0,39,41.05,17,16,1446,8,0,25,14,130,5,85,57.82,52,59.77,33,55.0
433,962064,Ligue 1,Nice,Isak Jansson,Forward,6.56,1,1.75,2,17,11,3,5.88,4,33.33,1,0,0,0,1,0,0,0,0,0,0.0,0,0,0.0,12,6,2,0.0,9,0,1,0,0,0,1,0,0,8,150,106,44,70.67,29,77,53,8,50.0,1,16.67,22,7,655,3,0,10,8,86,6,28,35.9,24,42.86,4,18.18
434,1103141,Ligue 1,Lorient,Sambou Soumano,Forward,6.56,4,5.37,5,28,10,9,14.29,5,35.71,4,0,0,1,3,0,10,0,1,0,0.0,0,0,0.0,5,4,13,0.0,1,0,0,0,0,0,2,2,0,10,180,133,47,73.89,61,72,43,0,0.0,2,28.57,31,8,927,2,0,16,18,107,22,56,37.58,28,37.84,28,37.33
435,1049517,Ligue 1,RC Strasbourg,Ismael Doukouré,Defender,6.56,0,0.43,2,7,3,4,0.0,12,80.0,0,0,0,0,0,0,0,0,0,0,0.0,0,0,0.0,20,23,76,12.0,2,0,4,0,2,5,2,2,1,7,1479,1355,124,91.62,971,384,93,1,33.33,36,44.44,25,25,2076,4,2,21,17,162,8,78,58.65,49,59.76,29,56.86
436,1170532,Ligue 1,Angers,Jacques Ekomié,Defender,6.56,0,1.12,4,12,3,7,0.0,14,38.89,0,0,0,0,0,0,6,0,0,0,0.0,0,0,0.0,60,31,49,10.0,10,0,1,1,0,5,1,0,0,12,742,601,141,81.0,334,267,112,9,14.29,13,36.11,32,25,2240,3,0,30,31,325,26,131,53.91,105,54.97,26,50.0
437,936848,Ligue 1,Auxerre,Theo Bair,Forward,6.55,0,,0,0,0,0,0.0,0,0.0,0,0,0,0,0,0,0,0,0,0,0.0,0,0,0.0,0,0,1,0.0,0,0,0,0,0,0,0,0,0,0,4,3,1,75.0,0,3,2,0,0.0,0,0.0,2,0,23,0,0,0,0,5,2,3,60.0,0,0.0,3,100.0
438,1005648,Ligue 1,Auxerre,Fredrik Oppegård,Defender,6.55,0,0.5,0,10,2,3,0.0,9,52.94,0,0,0,0,0,0,2,0,0,0,0.0,0,0,0.0,26,13,24,5.0,5,0,0,0,0,1,1,0,0,11,393,313,80,79.64,122,191,99,14,29.17,7,26.92,23,15,1269,1,1,8,8,162,7,43,53.09,43,60.56,0,0.0
439,788921,Ligue 1,RC Lens,Florian Sotoca,Forward,6.55,1,0.73,0,13,1,10,7.69,2,28.57,1,0,0,0,1,1,2,0,0,0,0.0,0,0,0.0,6,5,10,0.0,5,0,0,0,0,1,1,0,1,8,251,200,51,79.68,60,140,90,0,0.0,12,75.0,26,4,553,2,0,9,12,86,7,33,45.83,20,44.44,13,48.15
440,998241,Ligue 1,Lorient,Darlin Yongwa,Defender,6.55,0,0.47,1,10,2,3,0.0,13,46.43,0,0,0,0,0,0,1,1,0,0,0.0,0,0,0.0,32,11,32,2.0,13,0,0,1,0,3,4,1,0,17,638,526,112,82.45,301,225,111,10,27.03,25,42.37,23,14,1312,4,1,14,22,207,19,85,49.42,67,52.76,18,40.0
441,1922996,Ligue 1,Stade Brestois,Serigne Diop,Forward,6.55,0,0.13,0,1,0,0,0.0,1,100.0,0,0,0,0,0,0,0,0,0,0,0.0,0,0,0.0,0,0,0,0.0,0,0,0,0,0,0,0,0,0,0,2,1,1,50.0,1,0,0,1,100.0,0,0.0,2,0,26,0,0,0,0,2,1,3,75.0,1,50.0,2,100.0
442,1651830,Ligue 1,Angers,Oumar Pona,Goalkeeper,6.55,0,,0,0,0,0,0.0,0,0.0,0,0,0,0,0,0,0,0,0,0,0.0,0,0,0.0,0,0,3,0.0,0,0,0,0,0,0,0,0,0,0,47,37,10,78.72,31,6,2,0,0.0,10,50.0,2,2,180,1,0,0,2,10,0,2,100.0,2,100.0,0,0.0
443,1512354,Ligue 1,Lille,Noah Edjouma,Forward,6.55,0,0.77,0,10,3,3,0.0,10,41.67,0,0,0,0,0,0,1,0,0,0,0.0,0,0,0.0,11,3,5,0.0,8,0,0,0,0,0,0,0,0,7,91,64,27,70.33,21,43,26,4,22.22,2,28.57,15,3,365,0,0,5,6,83,10,30,42.25,27,42.19,3,42.86
444,151900,Ligue 1,Nantes,Uroš Radaković,Defender,6.54,0,,0,0,0,0,0.0,0,0.0,0,0,0,0,0,0,1,0,0,0,0.0,0,0,0.0,2,3,8,2.0,1,0,0,0,0,0,0,0,0,1,24,15,9,62.5,11,4,2,0,0.0,0,0.0,6,1,112,0,0,2,0,11,0,5,41.67,2,40.0,3,42.86
445,128285,Ligue 1,Metz,Maxime Colin,Defender,6.54,0,0.4,1,7,2,3,0.0,7,63.64,0,0,0,0,0,0,0,0,0,0,0.0,0,0,0.0,40,26,45,10.0,14,0,0,0,0,4,0,0,0,6,925,826,99,89.3,523,303,116,4,33.33,28,50.0,22,18,1700,1,0,10,7,143,10,64,58.18,54,59.34,10,52.63
446,1894003,Ligue 1,Toulouse,Dayann Methalie,Midfielder,6.54,2,0.94,1,15,7,5,13.33,28,35.9,2,0,0,2,0,0,1,1,0,0,0.0,0,0,0.0,54,25,31,3.0,7,0,1,1,0,1,3,1,0,9,467,370,97,79.23,176,194,102,9,21.43,11,39.29,27,22,1882,9,0,57,11,296,35,105,40.08,92,38.82,13,52.0
447,2076689,Ligue 1,Metz,Believe Munongo,Midfielder,6.54,0,0.27,0,5,1,3,0.0,3,50.0,0,0,0,0,0,0,0,0,0,0,0.0,0,0,0.0,11,6,8,1.0,8,0,0,0,0,0,0,0,0,3,200,168,32,84.0,86,82,42,0,0.0,3,60.0,11,5,428,1,0,17,2,45,3,27,42.86,16,34.04,11,68.75
448,1462434,Ligue 1,AS Monaco,George Ilenikhena,Forward,6.54,2,1.44,3,15,7,6,13.33,1,9.09,2,0,1,1,0,0,8,0,0,0,0.0,0,0,0.0,1,0,2,1.0,3,0,0,0,0,0,0,0,0,3,53,39,14,73.58,12,27,24,0,0.0,2,66.67,15,3,386,0,0,2,6,45,6,16,33.33,8,27.59,8,42.11
449,1128844,Ligue 1,Toulouse,Emersonn,Forward,6.54,6,7.37,9,52,19,23,11.54,10,28.57,6,0,2,2,2,1,5,0,0,0,0.0,0,0,0.0,20,7,19,1.0,12,0,0,0,0,1,1,2,0,18,246,185,61,75.2,46,139,74,0,0.0,4,80.0,27,18,1504,5,1,40,10,175,16,102,38.64,40,32.52,62,43.97
450,1897492,Ligue 1,Auxerre,Telli Siwe,Defender,6.53,0,0.09,1,2,1,1,0.0,1,20.0,0,0,0,0,0,0,0,0,0,0,0.0,0,0,0.0,6,6,11,2.0,1,0,0,1,0,2,0,0,0,1,81,70,11,86.42,43,27,7,0,0.0,3,50.0,4,4,315,0,0,3,0,22,2,9,40.91,7,43.75,2,33.33
451,1499870,Ligue 1,Stade Brestois,Luc Zogbé,Defender,6.53,0,0.04,0,3,0,2,0.0,2,28.57,0,0,0,0,0,0,0,0,0,0,0.0,0,0,0.0,5,3,21,2.0,5,0,2,0,0,1,0,0,0,1,115,88,27,76.52,63,25,14,2,18.18,12,57.14,9,3,299,0,0,7,5,54,5,18,36.0,12,36.36,6,35.29
452,2017474,Ligue 1,Nice,Bernard Nguene,Forward,6.53,0,0.21,0,3,0,3,0.0,1,33.33,0,0,0,0,0,0,1,0,0,0,0.0,0,0,0.0,4,3,2,0.0,1,0,0,0,0,0,0,0,0,0,33,25,8,75.76,10,15,10,0,0.0,0,0.0,6,0,133,1,0,3,2,23,4,13,56.52,7,43.75,6,85.71
453,2277165,Ligue 1,Le Havre,Enzo Koffi,Defender,6.53,0,0.14,0,4,2,2,0.0,8,44.44,0,0,0,0,0,0,1,0,0,0,0.0,0,0,0.0,15,9,16,0.0,4,0,1,1,0,0,0,0,0,4,151,109,42,72.19,66,43,24,3,12.5,2,20.0,14,4,387,2,0,12,10,116,9,39,50.0,33,48.53,6,60.0
454,2369898,Ligue 1,Olympique Lyonnais,Adil Hamdani,Forward,6.53,0,0.06,0,2,0,1,0.0,1,50.0,0,0,0,0,0,0,0,0,0,0,0.0,0,0,0.0,1,0,0,1.0,0,0,0,0,0,0,0,0,0,0,13,11,2,84.62,1,10,8,0,0.0,3,100.0,4,0,28,0,0,1,0,9,0,2,40.0,2,50.0,0,0.0
455,894396,Ligue 1,Nice,Terem Moffi,Forward,6.53,2,3.28,5,16,8,5,12.5,3,33.33,2,0,1,1,0,1,7,0,0,0,0.0,0,0,0.0,1,0,1,0.0,3,0,0,0,0,0,1,0,0,5,74,53,21,71.62,19,34,26,0,0.0,0,0.0,10,6,489,0,0,2,2,52,7,12,31.58,6,25.0,6,42.86
456,1014540,Ligue 1,Olympique Lyonnais,Ruben Kluivert,Defender,6.52,1,0.53,0,2,1,1,50.0,3,75.0,1,0,0,1,0,0,0,0,0,0,0.0,0,0,0.0,17,9,48,4.0,4,1,1,0,0,1,2,2,0,2,413,349,64,84.5,268,81,21,0,0.0,8,33.33,16,9,805,4,0,10,4,77,1,43,59.72,24,60.0,19,59.38
457,1597191,Ligue 1,Metz,Alpha Touré,Midfielder,6.52,0,1.09,1,17,1,9,0.0,15,55.56,0,0,0,0,0,0,1,0,0,0,0.0,0,0,0.0,40,9,25,4.0,17,0,3,1,0,4,0,1,0,11,727,631,96,86.8,375,256,111,3,23.08,13,48.15,30,16,1611,5,0,27,27,172,18,99,50.77,82,52.9,17,42.5
458,825088,Ligue 1,Le Havre,Ally Samatta,Forward,6.52,2,3.89,8,42,16,19,4.76,12,46.15,2,0,0,1,1,3,9,1,0,0,0.0,0,0,0.0,11,4,11,0.0,9,0,0,0,0,1,2,1,0,18,264,191,73,72.35,49,142,85,1,14.29,10,66.67,27,17,1550,4,0,35,20,170,26,81,37.16,43,34.4,38,40.86
459,2198657,Ligue 1,Le Havre,Kenny Quetant,Forward,6.52,1,0.75,1,8,2,4,12.5,2,66.67,1,0,0,0,1,0,4,0,0,0,0.0,0,0,0.0,0,1,3,0.0,2,0,0,0,0,0,0,0,0,1,63,40,23,63.49,17,23,12,0,0.0,0,0.0,9,4,387,1,0,6,3,40,3,13,35.14,5,29.41,8,40.0
460,1149127,Ligue 1,Olympique de Marseille,Arthur Vermeeren,Midfielder,6.51,0,0.19,1,3,1,1,0.0,5,62.5,0,0,0,0,0,0,0,0,0,0,0.0,0,0,0.0,28,12,9,1.0,16,0,2,0,0,1,1,1,0,11,572,506,66,88.46,232,274,129,0,0.0,10,66.67,20,10,830,1,1,15,1,90,4,38,47.5,34,47.22,4,50.0
461,1083007,Ligue 1,AS Monaco,Mika Biereth,Forward,6.51,2,3.31,4,19,7,5,10.53,4,30.77,2,0,0,0,2,0,9,0,0,0,0.0,0,0,0.0,11,0,5,2.0,8,0,0,0,0,0,4,2,1,21,206,126,80,61.17,44,82,58,2,28.57,2,50.0,32,12,1108,0,0,16,14,156,23,44,30.99,29,36.25,15,24.19
462,1516047,Ligue 1,Nantes,Amady Camara,Forward,6.51,0,0.43,1,6,0,3,0.0,1,25.0,0,0,0,0,0,0,0,0,0,0,0.0,0,0,0.0,4,1,0,0.0,2,0,0,0,0,0,0,0,0,2,50,38,12,76.0,18,20,10,1,5.88,2,50.0,10,1,168,0,0,4,2,47,6,8,32.0,7,35.0,1,20.0
463,1935903,Ligue 1,RC Strasbourg,Amadou Cissé,Defender,6.5,0,,0,0,0,0,0.0,1,100.0,0,0,0,0,0,0,0,0,0,0,0.0,0,0,0.0,3,0,8,1.0,0,0,0,0,0,0,0,0,0,1,53,45,8,84.91,27,18,9,0,0.0,1,25.0,1,1,90,0,0,3,0,13,1,5,55.56,4,50.0,1,100.0
464,1536811,Ligue 1,Metz,Idrissa Gueye,Forward,6.5,0,0.1,0,2,0,1,0.0,0,0.0,0,0,0,0,0,0,0,0,0,0,0.0,0,0,0.0,2,0,5,0.0,1,0,0,0,0,0,0,0,0,0,16,8,8,50.0,6,2,0,0,0.0,0,0.0,3,1,130,0,0,3,2,15,1,6,35.29,4,44.44,2,25.0
465,1884150,Ligue 1,Rodez AF,Mathis Saka,Midfielder,6.5,0,,0,0,0,0,0.0,0,0.0,0,0,0,0,0,0,0,0,0,0,0.0,0,0,0.0,0,0,0,0.0,0,0,0,0,0,0,0,0,0,0,5,2,3,40.0,0,2,1,0,0.0,0,0.0,1,0,8,0,0,1,0,3,0,0,0.0,0,0.0,0,0.0
466,250737,Ligue 1,Olympique de Marseille,Adrien Rabiot,Midfielder,6.5,0,0.04,0,1,0,1,0.0,0,0.0,0,0,0,0,0,1,0,0,0,0,0.0,0,0,0.0,0,0,1,0.0,0,0,0,0,0,0,0,0,0,4,41,39,2,95.12,10,29,21,3,33.33,0,0.0,1,1,90,1,0,2,1,9,0,1,20.0,1,25.0,0,0.0
467,1464025,Ligue 1,RC Strasbourg,Kendry Páez,Midfielder,6.5,1,0.83,1,10,4,4,10.0,6,31.58,1,0,1,0,0,0,1,0,0,0,0.0,0,2,0.0,6,3,6,0.0,15,0,1,0,0,0,1,0,0,6,159,123,36,77.36,45,78,44,2,11.76,2,22.22,15,4,431,0,0,7,3,82,9,17,26.15,15,25.42,2,33.33
468,1170694,Ligue 1,Lille,Ugo Raghouber,Midfielder,6.5,0,,0,0,0,0,0.0,0,0.0,0,0,0,0,0,0,0,0,0,0,0.0,0,0,0.0,0,0,0,0.0,0,0,0,0,0,0,0,0,0,0,6,4,2,66.67,0,4,0,0,0.0,0,0.0,1,0,10,0,0,0,0,3,0,0,0.0,0,0.0,0,0.0
469,1937851,Ligue 1,Paris Saint-Germain,Mathis Jangeal,Midfielder,6.5,0,,0,0,0,0,0.0,0,0.0,0,0,0,0,0,0,0,0,0,0,0.0,0,0,0.0,0,0,1,0.0,0,0,0,0,0,0,0,0,0,0,9,9,0,100.0,4,5,2,0,0.0,0,0.0,1,0,10,0,0,1,0,1,1,0,0.0,0,0.0,0,0.0
470,1214843,Ligue 1,Nice,Zoumana Diallo,Forward,6.5,0,,0,0,0,0,0.0,0,0.0,0,0,0,0,0,0,0,0,0,0,0.0,0,0,0.0,0,0,1,0.0,0,0,0,0,0,0,0,0,0,1,1,0,1,0.0,0,0,0,0,0.0,0,0.0,1,0,9,0,0,2,1,1,0,1,33.33,1,33.33,0,0.0
471,1823080,Ligue 1,Paris FC,Mohamed Benoit-Dao,Forward,6.5,0,,0,0,0,0,0.0,0,0.0,0,0,0,0,0,0,0,0,0,0,0.0,0,0,0.0,0,0,0,0.0,0,0,0,0,0,0,0,0,0,0,2,2,0,100.0,2,0,0,0,0.0,0,0.0,1,0,9,0,0,0,0,1,0,0,0.0,0,0.0,0,0.0
472,1823916,Ligue 1,Olympique de Marseille,Darryl Bakola,Midfielder,6.5,0,0.08,0,3,1,1,0.0,1,50.0,0,0,0,0,0,0,0,0,0,0,0.0,0,0,0.0,2,0,0,0.0,1,0,0,0,0,0,0,0,0,1,44,37,7,84.09,17,20,10,0,0.0,2,50.0,8,0,90,0,0,4,4,18,3,8,42.11,7,46.67,1,25.0
473,1606631,Ligue 1,Stade Brestois,Ibrahim Yayiya Kante,Forward,6.5,0,,0,0,0,0,0.0,1,50.0,0,0,0,0,0,0,0,0,0,0,0.0,0,0,0.0,0,0,0,0.0,0,0,0,0,0,0,0,0,0,0,3,3,0,100.0,2,1,1,0,0.0,0,0.0,1,0,8,0,0,0,0,1,0,1,50.0,1,50.0,0,0.0
474,1606013,Ligue 1,Stade Rennais,Yassir Zabiri,Forward,6.5,0,0.73,1,4,2,2,0.0,2,100.0,0,0,0,0,0,0,0,0,0,0,0.0,0,0,0.0,3,0,0,1.0,0,0,0,0,0,0,0,0,0,0,13,12,1,92.31,4,8,3,0,0.0,1,100.0,6,0,63,0,0,6,0,8,2,6,37.5,5,38.46,1,33.33
475,1937806,Ligue 1,Paris Saint-Germain,Noah Nsoki,Forward,6.5,0,,0,0,0,0,0.0,0,0.0,0,0,0,0,0,0,0,0,0,0,0.0,0,0,0.0,1,0,0,0.0,0,0,0,0,0,0,0,0,0,0,8,6,2,75.0,3,3,2,0,0.0,0,0.0,1,0,15,0,0,0,0,2,0,1,100.0,1,100.0,0,0.0
476,96542,Ligue 1,Nice,Maxime Dupé,Goalkeeper,6.5,0,,0,0,0,0,0.0,0,0.0,0,0,0,0,0,0,0,0,0,0,0.0,0,0,0.0,0,0,7,0.0,0,1,1,0,0,1,0,0,0,1,247,163,84,65.99,151,12,1,0,0.0,34,29.31,8,8,720,0,0,0,1,85,0,3,100.0,1,100.0,2,100.0
477,2418022,Ligue 1,RC Strasbourg,Jean-Baptiste Bosey,Forward,6.5,0,,0,0,0,0,0.0,0,0.0,0,0,0,0,0,0,0,0,0,0,0.0,0,0,0.0,0,0,0,0.0,0,0,0,0,0,0,0,0,0,0,0,0,0,0.0,0,0,0,0,0.0,0,0.0,1,0,11,0,0,1,0,1,0,0,0.0,0,0.0,0,0.0
478,910076,Ligue 1,Le Havre,Felix Mambimbi,Forward,6.49,1,0.66,1,6,2,3,16.67,4,36.36,1,0,0,1,0,0,5,0,0,0,0.0,0,0,0.0,12,3,7,0.0,5,0,0,0,0,0,1,0,0,7,119,86,33,72.27,34,52,37,0,0.0,1,20.0,17,7,558,1,0,16,5,63,7,24,32.43,21,37.5,3,16.67
479,1410231,Ligue 1,Stade Brestois,Pathé Mboup,Midfielder,6.49,1,3.12,6,23,10,10,4.35,32,42.67,1,0,0,0,1,0,5,0,0,0,0.0,0,0,0.0,20,11,5,2.0,17,0,1,0,0,0,2,0,0,9,244,193,51,79.1,71,122,69,3,27.27,8,66.67,28,9,1069,6,0,34,19,196,32,81,36.16,71,37.17,10,30.3
480,976410,Ligue 1,Nice,Tiago Gouveia,Forward,6.49,0,0.85,1,12,4,7,0.0,7,30.43,0,0,0,0,0,0,0,0,0,0,0.0,0,0,0.0,8,9,6,0.0,9,1,0,0,0,1,1,0,0,2,179,137,42,76.54,75,62,37,0,0.0,5,41.67,15,5,540,3,0,6,9,85,4,26,40.63,24,40.68,2,40.0
481,1405239,Ligue 1,Lorient,Mohamed Bamba,Forward,6.49,1,2.38,3,13,6,5,7.69,4,66.67,1,0,0,0,1,1,12,0,1,0,0.0,0,0,0.0,4,2,6,0.0,2,0,0,0,0,0,2,2,0,6,129,97,32,75.19,51,46,27,1,33.33,4,80.0,18,7,685,3,0,17,8,66,4,31,38.75,15,40.54,16,37.21
482,1191892,Ligue 1,Olympique de Marseille,Tochukwu Nnadi,Midfielder,6.48,0,0.62,1,5,1,3,0.0,2,66.67,0,0,0,0,0,0,1,0,0,0,0.0,0,0,0.0,7,3,3,0.0,1,1,0,0,0,0,1,1,1,3,161,143,18,88.82,52,91,37,1,20.0,3,42.86,8,4,352,1,0,10,4,43,7,16,39.02,13,40.63,3,33.33
483,2193194,Ligue 1,Toulouse,Alexis Vossah,Midfielder,6.48,1,0.59,0,9,2,4,11.11,4,66.67,0,1,0,0,1,0,0,0,0,0,0.0,0,0,0.0,11,8,21,2.0,8,1,1,0,0,2,1,1,0,7,374,302,72,80.75,167,135,59,3,42.86,5,23.81,23,12,1093,5,1,18,10,107,11,41,48.24,25,40.32,16,69.57
484,981168,Ligue 1,Paris FC,Samir Sophian Chergui,Defender,6.48,1,1.73,1,13,4,3,7.69,3,60.0,1,0,0,0,1,1,1,0,0,0,0.0,0,0,0.0,18,11,32,6.0,2,0,0,0,0,1,0,0,0,2,561,505,56,90.02,345,160,58,2,33.33,13,50.0,15,13,1155,1,0,14,4,82,2,45,53.57,25,58.14,20,48.78
485,993455,Ligue 1,Nice,Salis Abdul Samed,Midfielder,6.48,0,0.03,0,1,0,1,0.0,2,25.0,0,0,0,0,0,0,0,0,0,0,0.0,0,0,0.0,11,10,7,1.0,7,0,1,0,0,1,0,0,0,1,441,405,36,91.84,250,155,47,0,0.0,6,60.0,18,12,919,3,0,19,10,63,8,29,36.71,23,36.51,6,37.5
486,41605,Ligue 1,Paris FC,Timothée Kolodziejczak,Defender,6.48,0,0.12,0,1,1,0,0.0,1,100.0,0,0,0,0,0,0,0,0,0,0,0.0,0,0,0.0,9,8,37,3.0,3,2,0,1,0,2,0,0,0,2,496,448,48,90.32,333,115,27,0,0.0,18,45.0,11,7,674,2,0,8,1,49,0,21,46.67,11,57.89,10,38.46
487,788170,Ligue 1,Metz,Fodé Ballo-Touré,Defender,6.48,0,0.22,0,5,1,3,0.0,13,65.0,0,0,0,0,0,0,1,0,0,0,0.0,0,0,0.0,21,5,19,0.0,10,0,1,1,0,1,2,0,0,4,343,310,33,90.38,188,122,45,3,18.75,6,54.55,13,11,843,2,0,13,18,87,7,57,58.76,52,59.77,5,50.0
488,123228,Ligue 1,Olympique Lyonnais,Rachid Ghezzal,Midfielder,6.48,0,0.29,1,4,1,0,0.0,1,50.0,0,0,0,0,0,0,1,0,0,0,0.0,0,0,0.0,7,1,5,0.0,3,0,0,0,0,0,0,0,0,1,107,87,20,81.31,41,46,25,3,20.0,1,16.67,10,2,219,0,0,9,2,45,3,13,39.39,9,39.13,4,40.0
489,826492,Ligue 1,Paris FC,Julien López,Forward,6.48,0,,0,0,0,0,0.0,0,0.0,0,0,0,0,0,0,0,0,0,0,0.0,0,0,0.0,0,1,0,0.0,0,0,0,0,0,0,0,0,0,0,15,13,2,86.67,2,11,7,0,0.0,0,0.0,5,0,50,0,0,0,0,6,1,0,0.0,0,0.0,0,0.0
490,1562126,Ligue 1,Nantes,Bahmed Deuff,Midfielder,6.47,0,0.21,0,7,3,4,0.0,2,33.33,0,0,0,0,0,0,0,0,0,0,0.0,0,0,0.0,5,2,6,3.0,1,0,0,0,0,0,0,0,0,1,67,56,11,83.58,24,32,9,1,100.0,2,40.0,11,1,245,1,0,6,3,29,5,17,42.5,10,38.46,7,50.0
491,1928232,Ligue 1,Metz,Ismaël Guerti,Midfielder,6.47,0,,0,0,0,0,0.0,1,50.0,0,0,0,0,0,0,0,0,0,0,0.0,0,0,0.0,2,1,1,0.0,0,0,0,0,0,0,0,0,0,0,22,19,3,86.36,5,14,3,0,0.0,2,50.0,3,0,35,0,0,0,0,9,2,3,50.0,3,50.0,0,0.0
492,1135887,Ligue 1,Stade Brestois,Daouda Guindo,Defender,6.47,1,1.19,1,21,5,11,4.76,4,44.44,0,1,0,1,0,1,4,0,0,0,0.0,0,5,0.0,37,30,45,8.0,13,0,0,1,0,4,1,1,0,9,675,527,148,78.07,314,213,82,9,24.32,26,41.27,25,19,1700,4,1,26,15,207,4,68,55.74,56,53.85,12,66.67
493,2142283,Ligue 1,Angers,Lanroy Machine,Forward,6.46,1,1.75,3,15,4,8,6.67,5,41.67,1,0,0,0,1,1,4,0,0,0,0.0,0,0,0.0,8,0,4,0.0,4,0,0,0,0,0,0,0,0,4,116,92,24,79.31,35,57,29,1,20.0,3,100.0,22,3,515,1,0,9,5,77,11,28,35.44,18,37.5,10,32.26
494,844744,Ligue 1,Paris FC,Thibault De Smet,Defender,6.45,0,0.19,0,4,0,3,0.0,3,50.0,0,0,0,0,0,1,1,0,0,0,0.0,0,0,0.0,23,8,52,2.0,14,0,1,0,0,2,1,1,0,5,551,466,85,84.57,266,200,81,4,15.38,17,34.0,17,13,1147,3,2,11,13,129,4,51,57.3,39,54.93,12,66.67
495,1200442,Ligue 1,Metz,Terry Yegbe,Defender,6.45,0,1.05,3,6,2,4,0.0,2,66.67,0,0,0,0,0,0,0,0,0,0,0.0,0,0,0.0,15,23,126,19.0,5,1,3,1,0,5,1,1,0,5,1153,1016,137,88.12,789,227,56,1,20.0,63,42.86,24,22,1966,3,0,19,8,183,3,44,50.0,25,47.17,19,54.29
496,1177565,Ligue 1,Le Havre,Damián Pizarro,Forward,6.45,0,,0,0,0,0,0.0,0,0.0,0,0,0,0,0,0,1,0,0,0,0.0,0,0,0.0,0,0,0,0.0,0,0,0,0,0,0,0,0,0,0,3,2,1,66.67,1,1,0,0,0.0,0,0.0,2,0,26,0,0,1,1,2,0,1,25.0,1,50.0,0,0.0
497,1002267,Ligue 1,Toulouse,Jacen Russell Rowe,Forward,6.44,1,1.44,4,11,4,6,9.09,2,40.0,1,0,0,0,1,0,1,0,0,0,0.0,0,0,0.0,5,1,4,2.0,4,0,0,0,0,0,0,0,0,6,100,72,28,72.0,19,53,26,0,0.0,2,66.67,13,5,473,0,0,9,1,58,6,15,28.85,8,28.57,7,29.17
498,1927696,Ligue 1,Auxerre,Ryan Rodin,Forward,6.43,0,,0,0,0,0,0.0,0,0.0,0,0,0,0,0,0,0,0,0,0,0.0,0,0,0.0,0,0,0,0.0,0,0,0,0,0,0,0,0,0,0,4,4,0,100.0,1,3,2,0,0.0,0,0.0,3,0,34,0,0,0,0,4,3,0,0.0,0,0.0,0,0.0
499,1015872,Ligue 1,Paris FC,Obed Nkambadio,Goalkeeper,6.43,0,,0,0,0,0,0.0,0,0.0,0,0,0,0,0,0,0,0,0,0,0.0,0,0,0.0,0,0,12,0.0,1,2,0,0,0,1,0,0,0,1,475,378,97,79.58,352,26,5,0,0.0,53,35.33,12,12,1080,0,0,0,0,99,0,3,75.0,1,50.0,2,100.0
500,2111258,Ligue 1,Stade Rennais,Elias Legendre Quiñonez Zae,Forward,6.43,0,0.15,1,1,0,1,0.0,1,16.67,0,0,0,0,0,0,0,0,0,0,0.0,0,0,0.0,2,1,0,0.0,2,0,0,0,0,0,0,0,0,2,18,15,3,83.33,4,11,6,0,0.0,0,0.0,6,0,41,0,0,1,1,13,0,5,35.71,4,33.33,1,50.0
501,2193204,Ligue 1,Nantes,Tylel Tati,Defender,6.42,0,0.27,1,3,0,0,0.0,8,72.73,0,0,0,0,0,0,0,0,0,0,0.0,0,0,0.0,19,17,79,15.0,4,1,2,2,0,2,0,0,0,1,950,836,114,88.0,660,176,44,1,100.0,31,33.33,20,20,1724,5,1,23,15,126,2,54,56.25,41,59.42,13,48.15
502,1090458,Ligue 1,RC Strasbourg,David Datro Fofana,Forward,6.42,0,0.96,3,3,1,2,0.0,2,50.0,0,0,0,0,0,0,3,0,0,0,0.0,0,0,0.0,2,1,2,0.0,0,0,0,0,0,0,0,0,0,1,33,28,5,84.85,9,19,7,0,0.0,0,0.0,5,3,180,0,0,3,1,16,4,6,31.58,5,35.71,1,20.0
503,1035619,Ligue 1,Nice,Kevin Carlos Omoruyi,Forward,6.4,0,1.84,8,22,7,6,0.0,2,25.0,0,0,0,0,0,0,5,1,0,0,0.0,0,0,0.0,2,1,5,1.0,3,0,0,0,0,1,1,0,0,3,164,114,50,69.51,57,57,29,1,33.33,2,66.67,23,9,874,3,0,29,16,104,15,48,36.92,19,27.94,29,46.77
504,844480,Ligue 1,Olympique de Marseille,Pol Lirola,Defender,6.4,0,,0,0,0,0,0.0,0,0.0,0,0,0,0,0,0,0,0,0,0,0.0,0,0,0.0,0,1,0,0.0,0,0,0,0,0,0,0,0,0,1,12,10,2,83.33,3,7,4,0,0.0,0,0.0,3,0,42,0,0,1,2,10,0,5,41.67,2,40.0,3,42.86
505,174975,Ligue 1,RC Lens,Arthur Masuaku,Defender,6.4,0,0.03,0,1,1,0,0.0,3,100.0,0,0,0,0,0,0,0,0,0,0,0.0,0,0,0.0,5,1,3,1.0,0,0,0,0,0,1,0,0,0,2,163,142,21,87.12,52,90,54,0,0.0,3,25.0,4,3,229,1,0,2,1,31,2,11,44.0,9,69.23,2,16.67
506,1155226,Ligue 1,Olympique Lyonnais,Saël Kumbedi,Defender,6.4,0,0.01,0,1,0,1,0.0,0,0.0,0,0,0,0,0,0,0,0,0,0,0.0,0,0,0.0,1,1,2,0.0,1,0,0,0,0,0,0,0,0,0,13,7,6,53.85,4,3,1,0,0.0,0,0.0,1,1,66,1,0,4,2,11,1,4,36.36,3,30.0,1,100.0
507,1394353,Ligue 1,AS Monaco,Eliesse Ben Seghir,Forward,6.4,0,0.06,0,1,0,1,0.0,1,100.0,0,0,0,0,0,0,0,0,0,0,0.0,0,0,0.0,2,0,0,0.0,1,0,1,0,0,0,0,0,0,0,25,19,6,76.0,10,9,2,0,0.0,1,33.33,2,0,43,0,0,1,1,9,1,4,57.14,4,57.14,0,0.0
508,1998104,Ligue 1,Olympique de Marseille,Ugo Lamare El Kadmiri,Forward,6.4,0,0.26,1,1,0,1,0.0,0,0.0,0,0,0,0,0,0,0,0,0,0,0.0,0,0,0.0,0,1,0,0.0,0,0,0,0,0,0,0,0,0,0,5,3,2,60.0,0,3,2,0,0.0,0,0.0,3,0,25,0,0,1,0,4,0,2,40.0,0,0.0,2,66.67
509,2430329,Ligue 1,Lorient,Daniel Semedo,Midfielder,6.4,0,,0,0,0,0,0.0,0,0.0,0,0,0,0,0,0,0,0,0,0,0.0,0,0,0.0,0,1,0,0.0,1,0,0,0,0,0,0,0,0,0,2,2,0,100.0,1,1,1,0,0.0,0,0.0,1,0,10,0,0,2,0,0,0,0,0.0,0,0.0,0,0.0
510,1392812,Ligue 1,Metz,Joseph N'Duquidi,Midfielder,6.4,0,,0,0,0,0,0.0,0,0.0,0,0,0,0,0,0,0,0,0,0,0.0,0,0,0.0,0,0,0,0.0,0,0,0,0,0,0,0,0,0,0,3,2,1,66.67,1,1,1,0,0.0,0,0.0,1,0,14,0,0,0,0,2,0,0,0.0,0,0.0,0,0.0
511,1513605,Ligue 1,Stade Rennais,Mathys Silistrie,Goalkeeper,6.4,0,,0,0,0,0,0.0,0,0.0,0,0,0,0,0,0,0,0,0,0,0.0,0,0,0.0,0,0,3,0.0,0,1,0,0,0,0,0,0,0,0,57,50,7,87.72,48,2,1,0,0.0,11,73.33,2,2,180,0,0,0,0,7,0,0,0.0,0,0.0,0,0.0
512,929620,Ligue 1,Stade Rennais,Fabian Rieder,Midfielder,6.4,0,0.01,0,1,0,1,0.0,0,0.0,0,0,0,0,0,0,0,0,0,0,0.0,0,0,0.0,3,2,2,1.0,5,0,0,0,0,0,1,0,0,2,34,28,6,82.35,12,16,9,0,0.0,0,0.0,3,2,139,0,0,2,1,14,2,5,27.78,4,28.57,1,25.0
513,1135605,Ligue 1,Stade Brestois,Axel Camblan,Midfielder,6.4,0,,0,0,0,0,0.0,0,0.0,0,0,0,0,0,0,0,0,0,0,0.0,0,0,0.0,0,0,0,0.0,0,0,0,0,0,0,0,0,0,1,3,3,0,100.0,0,3,3,0,0.0,0,0.0,1,0,11,0,0,0,0,1,0,0,0.0,0,0.0,0,0.0
514,1493480,Ligue 1,Angers,Dan Sinaté,Defender,6.4,0,0.12,0,1,0,1,0.0,2,66.67,0,0,0,0,0,0,0,0,0,0,0.0,0,0,0.0,0,0,0,0.0,1,0,0,0,0,0,0,0,0,0,17,15,2,88.24,4,11,5,0,0.0,1,100.0,3,0,31,0,0,0,0,5,0,2,40.0,2,50.0,0,0.0
515,1403216,Ligue 1,AS Monaco,Paris Brunner,Forward,6.38,0,0.28,0,4,1,1,0.0,2,33.33,0,0,0,0,0,1,1,0,0,0,0.0,0,0,0.0,2,1,0,0.0,3,0,0,0,0,0,0,0,0,0,32,22,10,68.75,5,17,9,0,0.0,1,50.0,7,1,127,1,0,8,1,25,2,7,28.0,5,22.73,2,66.67
516,1405926,Ligue 1,Nantes,Mathieu Acapandié,Defender,6.38,0,,0,0,0,0,0.0,2,66.67,0,0,0,0,0,0,0,0,0,0,0.0,0,0,0.0,5,3,11,0.0,1,0,0,0,0,0,0,0,0,4,70,48,22,68.57,21,27,13,2,18.18,1,16.67,6,2,267,0,0,3,0,42,3,10,43.48,7,46.67,3,37.5
517,1542818,Ligue 1,RC Strasbourg,Yaya Diémé,Forward,6.37,0,0.19,0,2,1,0,0.0,0,0.0,0,0,0,0,0,0,1,1,0,0,0.0,0,0,0.0,0,0,1,0.0,0,0,0,0,0,0,0,0,0,0,17,14,3,82.35,6,8,5,0,0.0,0,0.0,3,2,155,2,0,4,1,9,3,1,9.09,1,14.29,0,0.0
518,1442036,Ligue 1,Angers,Emmanuel Biumla,Defender,6.37,0,0.06,0,2,0,2,0.0,0,0.0,0,0,0,0,0,0,0,0,0,0,0.0,0,0,0.0,7,3,15,2.0,3,1,1,0,0,0,0,0,0,0,167,145,22,86.83,121,24,3,0,0.0,3,25.0,9,3,394,0,0,8,6,35,1,17,44.74,13,52.0,4,30.77
519,1154647,Ligue 1,Metz,Lucas Michal,Forward,6.34,0,0.77,1,8,2,5,0.0,3,50.0,0,0,0,0,0,0,1,0,0,0,0.0,0,0,0.0,0,0,2,0.0,1,0,0,0,0,0,0,0,0,2,91,78,13,85.71,30,48,24,0,0.0,0,0.0,11,2,277,1,0,5,3,41,9,11,30.56,6,26.09,5,38.46
520,825901,Ligue 1,Metz,Joel Asoro,Forward,6.34,0,0.72,1,4,1,2,0.0,1,25.0,0,0,0,0,0,0,2,0,0,0,0.0,0,0,0.0,0,0,1,0.0,1,0,0,0,0,0,0,0,0,1,37,21,16,56.76,7,14,7,1,100.0,1,20.0,8,2,233,0,0,2,1,25,1,5,20.83,2,22.22,3,20.0
521,1861678,Ligue 1,Olympique Lyonnais,Enzo Molebe,Forward,6.3,0,,0,0,0,0,0.0,0,0.0,0,0,0,0,0,0,0,0,0,0,0.0,0,0,0.0,0,0,0,0.0,0,0,0,0,0,0,0,0,0,0,5,3,2,60.0,2,1,1,0,0.0,0,0.0,1,0,9,0,0,0,0,2,0,0,0.0,0,0.0,0,0.0
522,2250107,Ligue 1,Olympique de Marseille,Tadjidine Mmadi,Midfielder,6.3,0,0.06,0,2,0,1,0.0,1,33.33,0,0,0,0,0,0,0,0,0,0,0.0,0,0,0.0,1,2,1,0.0,1,0,0,1,0,0,0,0,0,1,23,19,4,82.61,7,12,7,0,0.0,0,0.0,3,0,46,0,0,2,0,11,1,3,30.0,2,25.0,1,50.0
523,1937750,Ligue 1,Olympique Lyonnais,Noham Kamara,Defender,6.3,0,,0,0,0,0,0.0,0,0.0,0,0,0,0,0,0,0,0,0,0,0.0,0,0,0.0,0,0,1,0.0,0,0,0,0,0,0,0,0,0,0,4,4,0,100.0,3,1,1,0,0.0,1,100.0,2,0,11,0,0,0,0,0,0,0,0.0,0,0.0,0,0.0
524,1065261,Ligue 1,Olympique de Marseille,Jonathan Rowe,Forward,6.3,0,0.24,1,5,0,4,0.0,0,0.0,0,0,0,0,0,0,0,0,0,0,0.0,0,0,0.0,0,1,0,0.0,1,0,0,0,0,0,0,0,0,0,24,19,5,79.17,2,17,10,0,0.0,0,0.0,1,1,63,0,0,2,2,14,0,2,28.57,2,40.0,0,0.0
525,1492676,Ligue 1,RC Strasbourg,Rabby Nzingoula,Midfielder,6.28,0,0.03,0,1,0,0,0.0,1,33.33,0,0,0,0,0,0,0,0,0,0,0.0,0,0,0.0,2,1,1,0.0,1,0,0,0,0,0,0,0,0,1,20,16,4,80.0,10,6,2,0,0.0,0,0.0,4,0,62,0,1,3,2,12,2,5,38.46,5,38.46,0,0.0
526,558320,Ligue 1,Olympique de Marseille,Ulisses Garcia,Defender,6.25,0,0.08,0,2,1,1,0.0,1,33.33,0,0,0,0,0,0,0,0,0,0,0.0,0,0,0.0,3,0,6,2.0,2,0,0,0,0,0,0,0,0,1,84,77,7,91.67,45,32,14,0,0.0,0,0.0,4,2,211,1,1,4,2,14,0,7,41.18,6,46.15,1,25.0
527,1925480,Ligue 1,AS Monaco,Ilane Touré,Defender,6.25,0,,0,0,0,0,0.0,0,0.0,0,0,0,0,0,0,0,0,0,0,0.0,0,0,0.0,0,0,0,0.0,1,0,0,0,0,0,0,0,0,1,23,18,5,78.26,6,12,6,0,0.0,0,0.0,2,0,33,0,0,1,0,12,0,0,0.0,0,0.0,0,0.0
528,857471,Ligue 1,Paris FC,Pierre-Yves Hamel,Forward,6.25,0,,0,0,0,0,0.0,0,0.0,0,0,0,0,0,0,0,0,0,0,0.0,0,0,0.0,0,1,0,1.0,1,0,0,0,0,0,0,0,0,0,9,6,3,66.67,3,3,3,0,0.0,0,0.0,2,1,79,0,0,2,0,3,0,2,25.0,0,0.0,2,40.0
529,356352,Ligue 1,Olympique Lyonnais,Hans Hateboer,Defender,6.24,0,0.71,1,7,1,4,0.0,1,50.0,0,0,0,0,0,0,1,0,0,0,0.0,0,0,0.0,12,10,23,3.0,8,1,2,1,0,1,0,0,0,1,367,317,50,86.38,155,162,64,4,18.18,10,38.46,16,8,773,0,1,10,3,94,1,24,48.0,16,45.71,8,53.33
530,1149293,Ligue 1,Lille,Vincent Burlet,Midfielder,6.2,0,,0,0,0,0,0.0,0,0.0,0,0,0,0,0,0,0,0,0,0,0.0,0,0,0.0,0,0,0,0.0,2,0,0,0,0,0,1,0,0,1,14,13,1,92.86,4,9,6,1,100.0,0,0.0,1,0,18,0,0,0,0,2,0,0,0.0,0,0.0,0,0.0
531,792318,Ligue 1,Toulouse,Kjetil Haug,Goalkeeper,6.2,0,,0,0,0,0,0.0,0,0.0,0,0,0,0,0,0,0,0,0,0,0.0,0,0,0.0,0,0,0,0.0,0,0,0,0,0,0,0,0,0,0,11,6,5,54.55,5,1,0,0,0.0,1,16.67,1,0,30,0,0,0,0,5,0,0,0.0,0,0.0,0,0.0
532,985934,Ligue 1,Nice,Youssouf Ndayishimiye,Defender,6.2,0,,0,0,0,0,0.0,0,0.0,0,0,0,0,0,0,0,0,0,0,0.0,0,0,0.0,0,2,4,1.0,0,0,0,0,0,0,0,0,0,0,19,14,5,73.68,7,7,1,0,0.0,1,100.0,2,1,72,0,1,2,0,6,1,1,25.0,0,0.0,1,100.0
533,583312,Ligue 1,Lorient,Bingourou Kamara,Goalkeeper,6.2,0,,0,0,0,0,0.0,0,0.0,0,0,0,0,0,0,0,0,0,0,0.0,0,0,0.0,0,0,2,0.0,0,0,0,0,0,1,0,0,0,0,67,53,14,79.1,46,7,5,0,0.0,12,50.0,3,3,270,0,0,0,1,14,0,1,100.0,1,100.0,0,0.0
534,1551242,Ligue 1,Nice,Everton Pereira,Midfielder,6.1,0,0.16,0,2,0,0,0.0,0,0.0,0,0,0,0,0,0,0,0,0,0,0.0,0,0,0.0,0,3,5,0.0,2,0,1,0,0,0,0,0,0,0,65,53,12,81.54,35,18,5,0,0.0,1,25.0,3,2,137,0,0,4,0,16,0,3,23.08,0,0.0,3,42.86
535,1944828,Ligue 1,RC Strasbourg,Idrissa Sabaly,Midfielder,6.1,0,0.03,0,1,0,1,0.0,1,100.0,0,0,0,0,0,0,0,0,0,0,0.0,0,0,0.0,1,1,0,0.0,0,0,1,0,0,0,0,0,0,0,24,16,8,66.67,10,6,4,0,0.0,0,0.0,1,1,57,0,0,1,0,12,0,2,66.67,2,66.67,0,0.0
536,1891025,Ligue 1,Stade Brestois,Justin Bourgault,Defender,6.1,0,0.04,0,1,0,1,0.0,1,100.0,0,0,0,0,0,0,0,0,0,0,0.0,0,0,0.0,0,1,1,0.0,0,0,0,0,0,0,0,0,0,0,4,4,0,100.0,2,2,1,0,0.0,1,100.0,1,0,15,0,0,0,0,0,0,2,50.0,1,100.0,1,33.33
537,1513466,Ligue 1,Lille,Ousmane Touré,Defender,6.1,0,,0,0,0,0,0.0,0,0.0,0,0,0,0,0,0,0,0,0,0,0.0,0,0,0.0,1,2,5,,0,0,0,0,0,0,0,0,0,0,21,18,3,85.71,12,6,1,0,0.0,1,100.0,1,1,52,0,0,0,0,10,1,3,42.86,1,25.0,2,66.67
538,1170197,Ligue 1,Nantes,Abakar Sylla,Defender,6.05,0,0.28,1,2,0,2,0.0,0,0.0,0,0,0,0,0,0,0,0,0,0,0.0,0,0,0.0,0,0,2,0.0,0,1,0,0,0,0,0,0,0,0,48,41,7,85.42,25,16,5,0,0.0,0,0.0,3,1,65,0,0,2,0,11,2,5,50.0,0,0.0,5,83.33
539,1952393,Ligue 1,Paris Saint-Germain,Pierre Mounguengue,Forward,5.7,0,0.41,1,2,1,0,0.0,0,0.0,0,0,0,0,0,0,0,0,0,0,0.0,0,0,0.0,0,0,0,0.0,0,1,0,0,0,0,0,0,0,0,4,2,2,50.0,0,2,1,0,0.0,0,0.0,1,0,15,0,0,0,0,2,0,0,0.0,0,0.0,0,0.0
540,1928235,Ligue 1,Metz,Cléo Mélières,Forward,5.6,0,,0,0,0,0,0.0,0,0.0,0,0,0,0,0,0,0,0,0,0,0.0,0,0,0.0,0,0,2,0.0,0,0,0,0,0,0,0,0,0,0,12,11,1,91.67,3,8,5,1,33.33,0,0.0,2,0,30,1,0,1,0,4,0,0,0.0,0,0.0,0,0.0
541,930231,Ligue 1,Stade Rennais,Christopher Wooh,Defender,5.0,0,,0,0,0,0,0.0,1,100.0,0,0,0,0,0,0,0,0,0,0,0.0,0,0,0.0,0,0,6,,0,0,0,0,0,0,0,0,0,0,19,18,1,94.74,11,7,3,0,0.0,0,0.0,2,1,64,0,1,1,0,2,0,1,50.0,1,50.0,0,0.0
542,2266256,Ligue 1,Lorient,Martin Bley,Midfielder,0.0,0,,0,0,0,0,0.0,0,0.0,0,0,0,0,0,0,0,0,0,0,0.0,0,0,0.0,0,0,0,0.0,0,0,0,0,0,0,0,0,0,0,0,0,0,0.0,0,0,0,0,0.0,0,0.0,1,0,1,0,0,0,0,1,0,0,0.0,0,0.0,0,0.0
543,1566349,Ligue 1,AS Monaco,Samuel Nibombe,Midfielder,0.0,0,,0,0,0,0,0.0,0,0.0,0,0,0,0,0,0,0,0,0,0,0.0,0,0,0.0,0,0,0,0.0,0,0,0,0,0,0,0,0,0,0,0,0,0,0.0,0,0,0,0,0.0,0,0.0,1,0,1,0,0,0,0,0,0,0,0.0,0,0.0,0,0.0
544,1597141,Ligue 1,Nice,Hamza Koutoune,Defender,0.0,0,,0,0,0,0,0.0,0,0.0,0,0,0,0,0,0,0,0,0,0,0.0,0,0,0.0,0,0,0,0.0,0,0,0,0,0,0,0,0,0,0,5,5,0,100.0,1,4,3,0,0.0,0,0.0,1,0,1,0,0,0,0,1,0,0,0.0,0,0.0,0,0.0
545,2198226,Ligue 1,Le Havre,Georges Gomis,Defender,0.0,0,,0,0,0,0,0.0,0,0.0,0,0,0,0,0,0,0,0,0,0,0.0,0,0,0.0,0,0,0,0.0,0,0,0,0,0,0,0,0,0,0,0,0,0,0.0,0,0,0,0,0.0,0,0.0,1,0,1,0,0,0,0,0,0,0,0.0,0,0.0,0,0.0
546,268903,Ligue 1,Olympique de Marseille,Neal Maupay,Forward,0.0,0,,0,0,0,0,0.0,0,0.0,0,0,0,0,0,0,0,0,0,0,0.0,0,0,0.0,0,0,0,0.0,0,0,0,0,0,0,0,0,0,0,1,1,0,100.0,1,0,0,0,0.0,0,0.0,1,0,1,0,0,0,0,0,0,0,0.0,0,0.0,0,0.0
547,1382235,Ligue 1,Stade Rennais,Bertuğ Yıldırım,Forward,0.0,0,,0,0,0,0,0.0,0,0.0,0,0,0,0,0,0,0,0,0,0,0.0,0,0,0.0,0,0,0,0.0,0,0,0,0,0,0,0,0,0,1,4,2,2,50.0,0,2,2,0,0.0,0,0.0,1,0,2,0,0,0,0,2,0,0,0.0,0,0.0,0,0.0
548,1974226,Ligue 1,Auxerre,Yvan Zaddy,Forward,0.0,0,,0,0,0,0,0.0,0,0.0,0,0,0,0,0,0,0,0,0,0,0.0,0,0,0.0,0,0,0,0.0,0,0,0,0,0,0,0,0,0,0,3,3,0,100.0,2,1,0,0,0.0,0,0.0,1,0,1,0,0,0,0,0,0,0,0.0,0,0.0,0,0.0
549,2033811,Ligue 1,Stade Rennais,Henrick Do Marcolino,Forward,0.0,0,,0,0,0,0,0.0,0,0.0,0,0,0,0,0,0,0,0,0,0,0.0,0,0,0.0,1,2,0,0.0,0,0,0,0,0,0,0,0,0,0,3,1,2,33.33,1,0,0,0,0.0,0,0.0,1,0,2,0,0,0,0,2,0,2,100.0,1,100.0,1,100.0
550,2077096,Ligue 1,Stade Rennais,Lucas Rosier,Forward,0.0,0,,0,0,0,0,0.0,0,0.0,0,0,0,0,0,0,0,0,0,0,0.0,0,0,0.0,0,0,0,0.0,0,0,0,0,0,0,0,0,0,0,0,0,0,0.0,0,0,0,0,0.0,0,0.0,2,0,2,0,0,0,0,1,1,0,0.0,0,0.0,0,0.0
551,2409356,Ligue 1,Auxerre,Mamoudou Cissokho,Forward,0.0,0,,0,0,0,0,0.0,0,0.0,0,0,0,0,0,0,0,0,0,0,0.0,0,0,0.0,0,0,0,0.0,0,0,0,0,0,0,0,0,0,0,0,0,0,0.0,0,0,0,0,0.0,0,0.0,2,0,2,0,0,0,1,0,0,1,100.0,1,100.0,0,0.0
