#,Player ID,League,Season,Team,Name,Position,Sofascore Rating,Goals,xG,Big chances missed,Total shots,Shots on target,Shots off target,Goal conversion %,Succ. dribbles,Succ. dribbles %,Goals inside box,Goals outside box,Headed goals,Left-footed goals,Right-footed goals,Hit woodwork,Offsides,Penalties won,Penalties taken,Penalty goals,Penalty conversion %,Free kick goals,Shots from set piece,Set piece conv. %,Tackles,Interceptions,Clearances,Blocked shots,Dribbled past,Errors leading to goal,Errors leading to shot,Penalties committed,Own goals,Clean sheets,Big chances created,Assists,Passes to assist,Key passes,Total passes,Accurate passes,Inaccurate passes,Accurate passes %,Passes in own half,Passes in opp. half,Acc. final third passes,Accurate crosses,Accurate crosses %,Accurate long balls,Accurate long balls %,Appearances,Started,Minutes played,Yellow cards,Red cards,Fouls,Was fouled,Possession lost,Dispossessed,Total duels won,Total duels won %,Ground duels won,Ground duels won %,Aerial duels won,Aerial duels won %
1,934386,Ligue 1,23/24,Stade Rennais,Jérémy Doku,Midfielder,7.9,0.81,0.49,0.81,4.86,3.24,0.81,16.67,7.3,100.0,0.81,0.0,0.0,0.81,0.0,0.0,0.0,0.0,0.0,0.0,0.0,0.0,0.0,0.0,1.62,0.0,0.0,0,0.0,0.0,0.0,0.0,0.0,0.0,0.0,0.0,0.0,2.43,38.92,34.05,4.86,87.5,8.11,26.76,13.78,0.81,100.0,0.81,100.0,2,1,111,0.0,0.0,1.62,3.24,8.92,1.62,12.16,71.43,12.16,78.95,0.0,0.0
2,826643,Ligue 1,23/24,Paris Saint-Germain,Kylian Mbappé,Forward,7.89,1.13,0.87,0.5,5.0,2.46,1.33,22.5,2.54,49.59,0.92,0.21,0.0,0.17,0.96,0.08,0.83,0.08,0.33,0.25,75.0,0.0,0.08,0.0,0.17,0.08,0.04,0,0.21,0.0,0.0,0.0,0.0,0.25,0.33,0.29,0.0,1.67,38.83,33.07,5.76,85.18,5.59,27.57,18.1,0.08,8.7,1.54,86.05,29,24,2158,0.17,0.0,0.79,1.58,13.68,1.46,4.3,45.98,4.3,46.61,0.0,0.0
3,342915,Ligue 1,23/24,Stade Brestois,Jordan Amavi,Defender,7.8,0.99,0.1,0.0,0.99,0.99,0.0,100.0,0.99,50.0,0.0,0.99,0.0,0.99,0.0,0.0,0.0,0.0,0.0,0.0,0.0,0.99,0.99,100.0,0.99,2.97,1.98,0,1.98,0.0,0.0,0.0,0.0,0.99,0.0,0.0,0.0,0.0,44.51,38.57,5.93,86.67,23.74,14.84,3.96,0.0,0.0,2.97,100.0,2,1,91,0.99,0.0,1.98,0.0,9.89,0.99,2.97,33.33,1.98,25.0,0.99,100.0
4,1177344,Ligue 1,23/24,Clermont Foot,Massamba N'Diaye,Goalkeeper,7.7,0.0,0.0,0.0,0.0,0.0,0.0,0.0,0.0,0.0,0.0,0.0,0.0,0.0,0.0,0.0,0.0,0.0,0.0,0.0,0.0,0.0,0.0,0.0,0.0,0.0,1.25,0,0.0,0.0,0.0,0.0,0.0,0.0,0.0,0.0,0.0,0.0,36.0,25.5,10.5,70.83,21.25,4.25,0.75,0.0,0.0,7.0,40.0,4,4,360,0.0,0.0,0.0,0.25,11.25,0.0,0.75,75.0,0.25,100.0,0.5,66.67
5,318963,Ligue 1,23/24,AS Monaco,Aleksandr Golovin,Midfielder,7.64,0.25,0.16,0.08,1.84,0.79,0.63,13.64,1.0,58.54,0.17,0.08,0.0,0.04,0.21,0.04,0.13,0.04,0.0,0.0,0.0,0.04,0.25,16.67,1.75,0.88,0.5,0,1.13,0.0,0.0,0.0,0.0,0.25,0.29,0.25,0.0,2.09,46.04,37.14,8.9,80.67,10.7,27.91,16.17,1.46,31.82,2.76,70.21,25,25,2154,0.38,0.04,1.04,1.5,16.17,0.96,4.76,51.35,4.26,53.13,0.5,40.0
6,845273,Ligue 1,23/24,RC Strasbourg,Jean-Ricner Bellegarde,Midfielder,7.57,0.67,0.19,0.0,1.67,1.0,0.67,40.0,2.68,61.54,0.33,0.33,0.0,0.0,0.67,0.0,0.0,0.0,0.0,0.0,0.0,0.33,0.67,50.0,1.67,1.34,0.0,0,1.0,0.0,0.0,0.0,0.0,0.33,0.67,0.67,0.0,1.0,28.77,21.75,7.03,75.58,11.04,11.38,7.36,0.67,25.0,0.67,33.33,3,3,269,0.67,0.0,1.0,2.68,18.07,4.35,7.03,42.0,7.03,46.67,0.0,0.0
7,845170,Ligue 1,23/24,AS Monaco,Caio Henrique,Defender,7.54,0.0,0.03,0.0,0.86,0.14,0.57,0.0,0.72,55.56,0.0,0.0,0.0,0.0,0.0,0.0,0.14,0.0,0.0,0.0,0.0,0.0,0.14,0.0,1.86,0.86,1.15,0,0.43,0.0,0.0,0.0,0.0,0.29,0.72,0.72,0.0,1.86,53.17,45.43,7.74,85.44,19.63,27.52,14.04,1.72,33.33,2.01,63.64,9,7,628,0.0,0.0,0.29,0.29,15.33,0.43,3.15,57.89,2.87,64.52,0.29,28.57
8,788921,Ligue 1,23/24,RC Lens,Florian Sotoca,Forward,7.5,0.24,0.31,0.1,2.39,0.76,1.14,10.14,0.69,57.14,0.24,0.0,0.07,0.0,0.17,0.14,0.45,0.0,0.14,0.14,100.0,0.0,0.0,0.0,1.14,0.69,1.18,0,0.73,0.0,0.0,0.0,0.0,0.31,0.48,0.21,0.03,1.83,44.43,34.44,9.99,77.51,11.06,24.24,13.52,0.86,26.32,1.56,54.88,32,29,2603,0.14,0.03,0.97,1.38,16.39,1.14,6.4,57.1,3.15,48.66,3.25,68.61
9,849114,Ligue 1,23/24,AS Monaco,Radosław Majecki,Goalkeeper,7.5,0.0,0.0,0.0,0.0,0.0,0.0,0.0,0.0,0.0,0.0,0.0,0.0,0.0,0.0,0.0,0.0,0.0,0.0,0.0,0.0,0.0,0.0,0.0,0.0,0.0,0.75,0,0.0,0.0,0.08,0.0,0.0,0.58,0.0,0.0,0.0,0.0,25.67,17.5,8.17,68.18,15.42,2.08,0.08,0.0,0.0,4.58,36.42,12,12,1080,0.08,0.0,0.0,0.17,8.25,0.0,0.5,85.71,0.08,100.0,0.42,83.33
10,902029,Ligue 1,23/24,Paris Saint-Germain,Vitinha,Midfielder,7.49,0.3,0.13,0.08,1.9,0.8,0.72,15.56,1.35,62.75,0.13,0.17,0.0,0.0,0.3,0.0,0.04,0.0,0.0,0.0,0.0,0.0,0.04,0.0,1.65,0.97,1.23,0,1.35,0.0,0.08,0.0,0.0,0.21,0.17,0.17,0.0,1.56,76.01,69.38,6.63,91.27,25.56,44.2,22.27,0.38,23.68,3.21,78.35,28,23,2130,0.0,0.0,0.72,0.68,11.2,0.97,3.85,47.89,3.68,49.43,0.17,28.57
11,156682,Ligue 1,23/24,Montpellier,Teji Savanier,Midfielder,7.48,0.29,0.3,0.1,2.66,0.94,0.94,10.98,1.79,56.7,0.26,0.03,0.0,0.0,0.29,0.03,0.1,0.0,0.23,0.23,100.0,0.0,0.68,0.0,1.2,1.07,0.84,0,1.59,0.03,0.0,0.0,0.0,0.23,0.42,0.19,0.1,3.05,52.81,40.05,12.76,75.85,17.49,24.5,12.59,1.95,25.97,6.43,55.93,32,32,2773,0.26,0.03,1.33,2.6,23.53,1.23,6.26,49.23,5.58,50.89,0.68,38.89
12,825681,Ligue 1,23/24,Stade Brestois,Romain Del Castillo,Midfielder,7.43,0.29,0.19,0.07,1.43,0.61,0.57,20.0,2.68,49.34,0.21,0.07,0.0,0.25,0.04,0.04,0.11,0.0,0.11,0.11,100.0,0.04,0.11,33.33,1.65,0.32,0.25,0,1.86,0.0,0.0,0.0,0.0,0.11,0.5,0.29,0.0,3.18,41.8,31.49,10.31,75.34,8.48,25.44,14.53,2.43,27.09,1.68,62.67,33,30,2515,0.14,0.0,0.75,2.08,24.41,1.86,7.19,46.42,6.33,46.7,0.86,44.44
13,788180,Ligue 1,23/24,Nantes,Rémy Descamps,Goalkeeper,7.42,0.0,0.0,0.0,0.0,0.0,0.0,0.0,0.0,0.0,0.0,0.0,0.0,0.0,0.0,0.0,0.0,0.0,0.0,0.0,0.0,0.0,0.0,0.0,0.0,0.0,2.0,0,0.0,0.0,0.0,0.0,0.0,0.17,0.0,0.0,0.0,0.0,30.67,16.67,14.0,54.35,9.83,6.83,1.5,0.0,0.0,9.33,40.29,6,6,540,0.17,0.0,0.0,0.33,14.0,0.0,0.5,60.0,0.0,0.0,0.5,60.0
14,794465,Ligue 1,23/24,Montpellier,Dimitry Bertaud,Goalkeeper,7.4,0.0,0.0,0.0,0.0,0.0,0.0,0.0,0.0,0.0,0.0,0.0,0.0,0.0,0.0,0.0,0.0,0.0,0.0,0.0,0.0,0.0,0.0,0.0,0.0,0.0,0.0,0,0.0,0.0,0.0,0.0,0.0,0.0,0.0,0.0,0.0,0.0,28.75,16.25,12.5,56.52,13.0,3.25,1.25,0.0,0.0,6.25,33.33,4,4,360,0.0,0.0,0.0,0.0,12.75,0.0,0.75,100.0,0.0,0.0,0.75,100.0
15,801306,Ligue 1,23/24,Stade Brestois,Pierre Lees Melou,Midfielder,7.4,0.14,0.09,0.0,1.86,0.46,0.61,7.69,1.04,67.44,0.07,0.07,0.0,0.04,0.11,0.04,0.04,0.0,0.0,0.0,0.0,0.0,0.0,0.0,3.43,1.54,2.03,0,2.86,0.0,0.11,0.0,0.0,0.36,0.18,0.0,0.04,1.0,58.41,50.52,7.89,86.49,26.17,24.53,11.17,0.18,16.13,6.82,69.45,29,29,2521,0.36,0.04,1.68,2.03,11.53,0.43,7.21,55.49,6.5,54.82,0.71,62.5
16,818244,Ligue 1,23/24,Paris Saint-Germain,Ousmane Dembélé,Forward,7.38,0.18,0.26,0.36,2.56,0.83,1.07,6.98,3.88,49.24,0.18,0.0,0.0,0.06,0.12,0.12,0.36,0.06,0.0,0.0,0.0,0.0,0.0,0.0,1.13,0.3,0.18,0,0.42,0.0,0.06,0.0,0.0,0.18,0.6,0.48,0.0,3.52,55.88,45.69,10.2,81.75,9.42,37.63,24.69,1.37,23.23,1.91,71.11,26,17,1509,0.0,0.0,0.42,1.61,23.08,1.43,6.8,50.67,6.62,51.39,0.18,33.33
17,580226,Ligue 1,23/24,Clermont Foot,Mory Diaw,Goalkeeper,7.35,0.0,0.0,0.0,0.0,0.0,0.0,0.0,0.1,75.0,0.0,0.0,0.0,0.0,0.0,0.0,0.0,0.0,0.0,0.0,0.0,0.0,0.0,0.0,0.03,0.03,0.67,0,0.03,0.13,0.03,0.0,0.0,0.17,0.0,0.0,0.0,0.07,37.07,23.97,13.1,64.66,18.63,5.33,1.8,0.0,0.0,8.33,39.68,30,30,2700,0.1,0.0,0.0,0.1,13.33,0.0,0.6,85.71,0.23,77.78,0.37,91.67
18,814594,Ligue 1,23/24,Paris Saint-Germain,Achraf Hakimi,Defender,7.34,0.19,0.2,0.05,1.96,0.56,0.75,9.52,1.26,47.37,0.14,0.05,0.05,0.05,0.09,0.14,0.14,0.0,0.0,0.0,0.0,0.05,0.42,11.11,1.35,0.56,1.17,0,0.79,0.05,0.05,0.05,0.0,0.23,0.37,0.23,0.0,2.0,80.96,71.82,9.14,88.72,23.96,48.66,26.66,0.79,21.52,1.86,54.79,25,20,1931,0.14,0.0,1.03,1.21,17.48,1.54,4.24,44.39,3.82,45.05,0.42,39.13
19,978285,Ligue 1,23/24,AS Monaco,Wilfried Singo,Defender,7.31,0.04,0.03,0.0,0.78,0.29,0.45,5.26,1.19,76.32,0.04,0.0,0.04,0.0,0.0,0.0,0.08,0.0,0.0,0.0,0.0,0.0,0.0,0.0,1.4,2.1,3.17,0,0.37,0.0,0.08,0.0,0.04,0.37,0.08,0.04,0.0,0.58,58.93,51.4,7.53,87.22,29.59,21.98,8.07,0.16,19.05,3.74,55.83,25,24,2187,0.33,0.04,1.48,1.52,10.0,0.29,6.71,64.43,4.07,63.87,2.63,65.31
20,829643,Ligue 1,23/24,Stade de Reims,Teddy Teuma,Midfielder,7.31,0.25,0.13,0.04,1.87,0.64,0.47,13.64,1.14,62.79,0.08,0.17,0.0,0.25,0.0,0.0,0.04,0.0,0.04,0.04,100.0,0.04,0.34,12.5,2.29,0.85,0.17,0,1.57,0.0,0.0,0.0,0.0,0.13,0.25,0.13,0.04,1.82,57.19,47.78,9.41,83.54,20.73,28.66,13.99,1.61,27.34,2.71,53.78,28,25,2123,0.3,0.0,1.36,1.27,17.3,0.72,5.13,51.27,4.71,52.61,0.42,40.0
21,824509,Ligue 1,23/24,Paris Saint-Germain,Gianluigi Donnarumma,Goalkeeper,7.3,0.0,0.0,0.0,0.0,0.0,0.0,0.0,0.04,100.0,0.0,0.0,0.0,0.0,0.0,0.0,0.0,0.0,0.0,0.0,0.0,0.0,0.0,0.0,0.0,0.04,0.66,0,0.0,0.04,0.12,0.04,0.0,0.41,0.0,0.0,0.0,0.0,27.29,23.76,3.53,87.08,23.52,0.25,0.08,0.0,0.0,2.41,43.61,25,25,2170,0.12,0.04,0.08,0.0,3.65,0.0,0.17,57.14,0.08,50.0,0.08,66.67
22,324399,Ligue 1,23/24,Stade Rennais,Benjamin Bourigeaud,Midfielder,7.29,0.33,0.37,0.07,1.89,0.63,0.67,17.65,0.37,41.67,0.33,0.0,0.0,0.04,0.3,0.0,0.07,0.0,0.26,0.26,100.0,0.0,0.48,0.0,1.15,0.81,1.26,0,1.15,0.04,0.04,0.0,0.0,0.04,0.3,0.22,0.04,2.59,49.93,40.99,8.94,82.09,16.63,26.17,14.01,1.81,29.7,3.55,62.34,32,29,2435,0.04,0.0,0.59,0.48,15.75,0.44,2.4,41.14,1.89,41.13,0.52,41.18
23,867441,Ligue 1,23/24,Lille,Angel Gomes,Midfielder,7.29,0.0,0.07,0.0,1.19,0.24,0.38,0.0,0.77,64.71,0.0,0.0,0.0,0.0,0.0,0.0,0.0,0.0,0.0,0.0,0.0,0.0,0.17,0.0,0.91,0.63,0.91,0,0.63,0.0,0.03,0.0,0.0,0.14,0.52,0.28,0.0,1.68,59.24,54.11,5.13,91.34,24.89,29.64,12.67,0.42,26.67,3.94,76.35,31,29,2578,0.17,0.0,1.08,1.26,8.31,0.52,3.18,50.84,2.93,53.16,0.24,33.33
24,50070,Ligue 1,23/24,Olympique Lyonnais,Alexandre Lacazette,Forward,7.28,0.74,0.45,0.35,2.42,1.41,0.82,30.65,0.86,56.41,0.74,0.0,0.0,0.35,0.39,0.16,0.51,0.04,0.08,0.08,100.0,0.0,0.23,0.0,0.74,0.31,0.35,0,0.47,0.0,0.0,0.0,0.0,0.12,0.16,0.08,0.0,0.82,21.26,15.4,5.86,72.43,5.35,10.12,6.76,0.08,20.0,0.66,53.13,29,27,2303,0.12,0.04,1.95,1.41,10.71,1.45,4.06,40.0,3.01,39.9,1.06,40.3
25,783278,Ligue 1,23/24,Stade de Reims,Junya Ito,Midfielder,7.28,0.1,0.15,0.23,1.52,0.5,0.53,6.52,1.79,54.0,0.1,0.0,0.0,0.03,0.07,0.07,0.63,0.0,0.0,0.0,0.0,0.0,0.03,0.0,1.09,0.46,0.17,0,0.86,0.0,0.0,0.0,0.0,0.17,0.63,0.23,0.0,2.65,29.72,21.82,7.9,73.41,6.08,17.66,10.91,1.92,28.86,1.19,50.0,31,31,2722,0.07,0.0,0.6,1.06,18.15,1.22,4.53,45.97,3.93,48.37,0.6,34.62
26,48535,Ligue 1,23/24,Olympique Lyonnais,Anthony Lopes,Goalkeeper,7.28,0.0,0.0,0.0,0.0,0.0,0.0,0.0,0.0,0.0,0.0,0.0,0.0,0.0,0.0,0.0,0.0,0.0,0.0,0.0,0.0,0.0,0.0,0.0,0.0,0.0,0.77,0,0.0,0.0,0.0,0.03,0.0,0.29,0.03,0.0,0.0,0.03,28.35,19.97,8.39,70.42,17.19,2.77,0.58,0.0,0.0,5.68,40.84,31,31,2790,0.0,0.0,0.03,0.19,8.45,0.0,0.35,91.67,0.16,83.33,0.19,100.0
27,51498,Ligue 1,23/24,Olympique de Marseille,Pierre-Emerick Aubameyang,Forward,7.27,0.58,0.7,0.75,3.97,1.78,1.34,14.66,0.62,56.25,0.58,0.0,0.07,0.1,0.41,0.21,0.72,0.0,0.14,0.14,100.0,0.0,0.17,0.0,0.75,0.31,0.79,0,0.65,0.0,0.0,0.0,0.0,0.1,0.34,0.27,0.0,0.92,20.89,14.79,6.1,70.82,5.51,9.59,5.82,0.31,21.43,0.17,33.33,34,30,2628,0.14,0.0,0.31,0.68,10.1,0.72,2.95,45.99,2.05,49.18,0.89,40.0
28,155995,Ligue 1,23/24,Paris Saint-Germain,Marquinhos,Defender,7.26,0.0,0.03,0.0,0.23,0.0,0.06,0.0,0.06,100.0,0.0,0.0,0.0,0.0,0.0,0.0,0.12,0.0,0.0,0.0,0.0,0.0,0.0,0.0,1.11,0.99,3.22,0,0.35,0.0,0.06,0.0,0.0,0.29,0.06,0.06,0.0,0.53,104.27,98.54,5.73,94.5,56.9,41.64,13.92,0.0,0.0,4.33,59.2,21,18,1539,0.06,0.0,0.18,0.18,6.55,0.12,2.75,59.49,1.35,69.7,1.4,52.17
29,155818,Ligue 1,23/24,AS Monaco,Takumi Minamino,Midfielder,7.26,0.38,0.25,0.13,2.54,1.19,0.55,15.0,0.64,39.47,0.3,0.08,0.08,0.08,0.21,0.08,0.21,0.08,0.0,0.0,0.0,0.0,0.0,0.0,1.44,0.47,0.3,0,1.61,0.0,0.0,0.0,0.0,0.17,0.34,0.25,0.04,1.48,35.28,26.77,8.51,75.87,8.09,18.85,10.59,0.17,12.5,0.76,39.13,30,25,2125,0.17,0.0,1.27,1.36,14.78,0.93,3.68,40.85,3.43,41.75,0.25,31.58
30,354808,Ligue 1,23/24,Olympique Lyonnais,Saïd Benrahma,Midfielder,7.25,0.35,0.19,0.12,2.89,1.04,1.04,12.0,2.08,52.94,0.35,0.0,0.0,0.0,0.35,0.0,0.81,0.0,0.0,0.0,0.0,0.0,0.23,0.0,1.04,0.12,0.35,0,0.23,0.0,0.0,0.0,0.0,0.0,0.69,0.35,0.0,2.66,32.16,24.87,7.29,77.34,7.17,20.13,14.46,2.43,31.34,1.16,55.56,12,10,778,0.23,0.0,0.12,1.16,20.48,2.78,4.4,39.58,4.28,46.25,0.12,6.25
31,361004,Ligue 1,23/24,Paris Saint-Germain,Marco Asensio,Midfielder,7.25,0.32,0.26,0.4,2.19,0.81,0.73,14.81,0.81,50.0,0.24,0.08,0.0,0.32,0.0,0.16,0.0,0.0,0.0,0.0,0.0,0.0,0.08,0.0,0.97,0.4,0.16,0,0.73,0.0,0.0,0.0,0.0,0.08,0.65,0.4,0.08,2.75,47.99,42.41,5.58,88.36,11.57,31.89,19.02,1.05,25.0,0.97,50.0,19,13,1112,0.0,0.0,0.65,0.81,11.65,0.73,2.75,47.22,2.59,47.76,0.16,40.0
32,848458,Ligue 1,23/24,Montpellier,Arnaud Nordin,Forward,7.24,0.36,0.26,0.07,2.08,0.93,0.65,17.24,2.37,68.75,0.29,0.07,0.14,0.14,0.07,0.07,0.07,0.07,0.0,0.0,0.0,0.0,0.0,0.0,0.86,0.14,0.65,0,0.72,0.0,0.0,0.0,0.0,0.14,0.29,0.22,0.0,1.51,25.09,21.28,3.81,84.81,7.62,14.02,8.41,0.36,14.29,1.08,75.0,20,15,1252,0.07,0.07,1.01,2.95,12.0,1.37,6.83,58.28,6.18,59.72,0.65,47.37
33,887766,Ligue 1,23/24,Lille,Edon Zhegrova,Forward,7.24,0.24,0.24,0.27,3.21,1.14,0.98,7.32,3.53,54.22,0.12,0.12,0.0,0.2,0.04,0.04,0.43,0.0,0.0,0.0,0.0,0.0,0.31,0.0,1.25,0.31,0.27,0,0.86,0.0,0.0,0.0,0.0,0.12,0.31,0.24,0.12,1.92,32.93,27.2,5.72,82.62,8.11,20.74,12.5,1.65,24.14,0.67,62.96,33,25,2296,0.12,0.04,0.9,1.22,18.46,1.96,6.23,46.76,6.0,47.52,0.24,33.33
34,965943,Ligue 1,23/24,Lorient,Imrân Louza,Midfielder,7.24,0.1,0.11,0.0,2.29,0.52,0.94,4.55,1.04,58.82,0.0,0.1,0.0,0.1,0.0,0.0,0.0,0.0,0.0,0.0,0.0,0.0,0.21,0.0,1.35,0.94,0.42,0,0.62,0.0,0.0,0.0,0.0,0.1,0.73,0.31,0.0,2.6,54.21,45.78,8.43,84.45,19.04,28.72,13.53,1.98,35.85,3.43,60.0,14,10,865,0.1,0.0,1.66,1.56,15.82,1.04,4.89,50.54,3.95,50.67,0.94,50.0
35,859027,Ligue 1,23/24,Olympique Lyonnais,Maxence Caqueret,Midfielder,7.24,0.03,0.07,0.06,0.71,0.27,0.18,4.17,1.55,65.0,0.0,0.03,0.0,0.03,0.0,0.0,0.03,0.0,0.0,0.0,0.0,0.0,0.0,0.0,2.71,1.43,0.68,0,2.05,0.0,0.06,0.03,0.0,0.3,0.27,0.09,0.0,1.7,56.73,48.57,8.15,85.62,19.35,29.82,15.54,0.6,23.26,2.29,68.75,34,34,3024,0.03,0.0,1.01,0.89,14.37,1.34,5.42,49.73,5.15,50.14,0.27,42.86
36,141080,Ligue 1,23/24,Stade Brestois,Kenny Lala,Defender,7.23,0.06,0.01,0.0,0.42,0.21,0.09,14.29,0.58,51.35,0.06,0.0,0.0,0.0,0.06,0.03,0.0,0.0,0.0,0.0,0.0,0.0,0.12,0.0,2.36,0.85,1.91,0,0.79,0.03,0.0,0.0,0.0,0.45,0.15,0.09,0.0,1.06,52.58,43.06,9.52,81.9,24.27,19.94,10.39,1.15,26.57,5.97,62.74,33,33,2970,0.21,0.0,0.73,0.76,16.21,0.36,3.91,57.85,3.7,60.4,0.21,33.33
37,164055,Ligue 1,23/24,RC Lens,Brice Samba,Goalkeeper,7.23,0.0,0.0,0.0,0.0,0.0,0.0,0.0,0.0,0.0,0.0,0.0,0.0,0.0,0.0,0.0,0.0,0.0,0.0,0.0,0.0,0.0,0.0,0.0,0.03,0.0,0.48,0,0.0,0.03,0.06,0.03,0.03,0.42,0.0,0.0,0.0,0.06,29.58,22.39,7.18,75.72,19.48,2.91,0.79,0.0,0.0,6.61,48.99,33,33,2970,0.09,0.0,0.03,0.09,7.39,0.0,0.24,88.89,0.09,75.0,0.15,100.0
38,1009372,Ligue 1,23/24,Metz,Georges Mikautadze,Forward,7.23,0.67,0.49,0.36,2.98,1.44,0.87,22.41,2.16,44.68,0.56,0.1,0.0,0.15,0.51,0.1,0.05,0.0,0.15,0.15,100.0,0.0,0.21,0.0,0.21,0.41,0.05,0,0.46,0.0,0.0,0.0,0.0,0.1,0.21,0.21,0.0,1.08,19.87,14.84,5.03,74.68,5.03,10.11,5.44,0.31,17.65,0.51,62.5,20,20,1753,0.05,0.0,0.67,1.33,13.81,1.28,4.42,37.39,3.65,42.01,0.77,24.59
39,581314,Ligue 1,23/24,Olympique de Marseille,Valentin Rongier,Midfielder,7.23,0.0,0.06,0.0,1.06,0.32,0.53,0.0,0.53,50.0,0.0,0.0,0.0,0.0,0.0,0.11,0.0,0.0,0.0,0.0,0.0,0.0,0.0,0.0,2.43,1.58,1.58,0,1.27,0.0,0.0,0.0,0.0,0.32,0.11,0.0,0.11,1.06,60.25,52.97,7.28,87.92,19.41,33.66,16.35,0.11,33.33,2.95,58.33,10,10,853,0.21,0.0,1.37,0.63,10.66,0.84,4.54,49.43,3.59,47.89,0.95,56.25
40,946158,Ligue 1,23/24,AS Monaco,Mohammed Salisu,Defender,7.22,0.0,0.02,0.0,0.35,0.09,0.26,0.0,0.35,66.67,0.0,0.0,0.0,0.0,0.0,0.0,0.09,0.0,0.0,0.0,0.0,0.0,0.0,0.0,2.35,1.91,3.48,0,0.78,0.0,0.0,0.0,0.0,0.26,0.09,0.09,0.0,0.26,66.96,56.7,10.26,84.68,29.91,26.78,8.96,0.0,0.0,2.35,38.03,12,11,1035,0.17,0.0,1.04,0.43,11.22,0.09,6.26,61.54,3.13,60.0,3.13,63.16
41,821728,Ligue 1,23/24,Olympique de Marseille,Jonathan Clauss,Midfielder,7.22,0.13,0.06,0.04,1.22,0.35,0.48,10.71,0.83,57.58,0.04,0.09,0.0,0.04,0.09,0.04,0.13,0.0,0.0,0.0,0.0,0.0,0.13,0.0,2.04,1.57,1.7,0,1.0,0.0,0.0,0.0,0.0,0.17,0.22,0.17,0.0,2.0,50.3,40.22,10.09,79.95,15.91,26.13,13.39,1.83,26.42,1.65,37.62,27,25,2070,0.09,0.04,0.48,0.7,18.78,0.3,4.09,55.95,3.52,59.56,0.57,40.63
42,935564,Ligue 1,23/24,Lille,Jonathan David,Forward,7.22,0.65,0.6,0.51,2.7,1.6,0.61,24.05,0.51,44.12,0.58,0.07,0.1,0.2,0.34,0.07,0.44,0.07,0.1,0.07,66.67,0.0,0.0,0.0,0.89,0.31,0.14,0,0.61,0.0,0.0,0.0,0.0,0.07,0.27,0.14,0.0,1.09,22.12,18.29,3.82,82.72,6.11,12.22,7.0,0.03,50.0,0.17,83.33,34,30,2637,0.14,0.0,0.99,1.91,8.09,1.5,4.03,40.41,3.28,47.52,0.75,24.44
43,962408,Ligue 1,23/24,Lille,Bafodé Diakité,Defender,7.21,0.26,0.11,0.05,0.84,0.37,0.32,31.25,0.26,62.5,0.26,0.0,0.16,0.05,0.05,0.0,0.11,0.0,0.0,0.0,0.0,0.0,0.0,0.0,1.53,1.11,2.37,0,0.42,0.0,0.05,0.05,0.0,0.26,0.16,0.11,0.0,0.69,66.42,61.3,5.12,92.3,35.98,25.32,7.49,0.0,0.0,2.22,65.63,21,19,1706,0.16,0.0,0.84,0.63,6.54,0.26,4.11,60.47,2.37,58.44,1.74,63.46
44,1515917,Ligue 1,23/24,Montpellier,Othmane Maamma,Midfielder,7.2,1.02,0.27,0.0,3.07,1.02,0.0,33.33,6.14,60.0,1.02,0.0,0.0,0.0,1.02,0.0,0.0,0.0,0.0,0.0,0.0,0.0,0.0,0.0,3.07,0.0,0.0,0,0.0,0.0,0.0,0.0,0.0,0.0,0.0,0.0,0.0,3.07,28.64,25.57,3.07,89.29,11.25,14.32,8.18,0.0,0.0,0.0,0.0,2,1,88,0.0,0.0,0.0,1.02,22.5,5.11,10.23,50.0,10.23,52.63,0.0,0.0
45,1087364,Ligue 1,23/24,Lille,Tiago Santos,Defender,7.19,0.04,0.05,0.0,1.25,0.27,0.42,3.03,2.05,60.0,0.0,0.04,0.0,0.0,0.04,0.04,0.0,0.0,0.0,0.0,0.0,0.0,0.0,0.0,2.39,0.57,1.29,0,0.84,0.0,0.0,0.04,0.0,0.46,0.15,0.08,0.0,1.03,41.94,34.88,7.07,83.15,18.35,17.13,8.78,0.61,19.28,1.94,46.79,29,26,2369,0.23,0.0,1.44,3.31,15.08,0.99,8.21,60.0,7.67,62.54,0.53,37.84
46,149656,Ligue 1,23/24,Lorient,Yvon Mvogo,Goalkeeper,7.19,0.0,0.0,0.0,0.0,0.0,0.0,0.0,0.03,100.0,0.0,0.0,0.0,0.0,0.0,0.0,0.0,0.0,0.0,0.0,0.0,0.0,0.0,0.0,0.0,0.0,0.76,0,0.03,0.0,0.09,0.0,0.0,0.12,0.0,0.0,0.0,0.0,29.03,20.91,8.12,72.04,18.18,2.74,0.47,0.0,0.0,5.76,42.61,34,34,3060,0.03,0.0,0.0,0.09,8.24,0.0,0.26,81.82,0.06,66.67,0.21,87.5
47,32668,Ligue 1,23/24,Metz,Alexandre Oukidja,Goalkeeper,7.18,0.0,0.0,0.0,0.0,0.0,0.0,0.0,0.09,100.0,0.0,0.0,0.0,0.0,0.0,0.0,0.0,0.0,0.0,0.0,0.0,0.0,0.0,0.0,0.06,0.09,1.42,0,0.03,0.03,0.06,0.03,0.0,0.18,0.0,0.0,0.0,0.0,26.36,11.84,14.52,44.91,6.87,4.97,1.05,0.0,0.0,6.81,32.19,34,34,2988,0.09,0.0,0.03,0.21,14.73,0.0,0.72,85.71,0.33,84.62,0.39,86.67
48,897291,Ligue 1,23/24,AS Monaco,Ismail Jakobs,Defender,7.18,0.06,0.08,0.0,1.28,0.43,0.55,4.76,0.61,76.92,0.06,0.0,0.0,0.06,0.0,0.0,0.18,0.0,0.0,0.0,0.0,0.0,0.06,0.0,3.48,0.67,2.32,0,1.1,0.0,0.0,0.0,0.0,0.12,0.18,0.12,0.0,1.04,41.1,32.2,8.9,78.34,12.87,20.24,10.67,0.91,19.74,0.98,33.33,22,16,1476,0.0,0.0,1.52,1.1,17.44,0.37,7.5,60.29,5.12,63.16,2.38,54.93
49,123207,Ligue 1,23/24,Montpellier,Benjamin Lecomte,Goalkeeper,7.18,0.0,0.0,0.0,0.0,0.0,0.0,0.0,0.0,0.0,0.0,0.0,0.0,0.0,0.0,0.0,0.0,0.0,0.0,0.0,0.0,0.0,0.0,0.0,0.0,0.0,0.87,0,0.03,0.03,0.0,0.0,0.03,0.33,0.03,0.03,0.0,0.07,28.83,17.9,10.93,62.08,14.77,3.13,0.63,0.0,0.0,6.63,38.79,30,30,2700,0.03,0.0,0.0,0.07,11.2,0.0,0.27,88.89,0.07,66.67,0.2,100.0
50,958901,Ligue 1,23/24,Clermont Foot,Muhammed-Cham Saračević,Midfielder,7.18,0.28,0.33,0.25,2.6,1.05,0.81,10.81,1.19,54.84,0.28,0.0,0.04,0.25,0.0,0.14,0.11,0.0,0.18,0.14,80.0,0.0,0.35,0.0,0.88,0.28,0.18,0,0.56,0.0,0.04,0.0,0.0,0.11,0.11,0.14,0.0,1.72,41.78,35.81,5.97,85.7,15.18,21.61,11.11,0.98,23.73,1.62,69.7,33,29,2561,0.14,0.0,0.77,1.97,14.09,1.48,4.29,48.8,4.01,52.05,0.28,25.81
51,945062,Ligue 1,23/24,AS Monaco,Youssouf Fofana,Midfielder,7.17,0.13,0.17,0.17,1.73,0.47,0.7,7.69,1.3,60.0,0.1,0.03,0.03,0.03,0.07,0.07,0.03,0.0,0.0,0.0,0.0,0.0,0.0,0.0,2.03,1.23,1.03,0,1.2,0.0,0.03,0.03,0.03,0.23,0.23,0.13,0.0,1.33,58.51,48.12,10.4,82.23,18.33,29.89,13.1,0.1,21.43,2.1,48.84,32,31,2701,0.1,0.0,1.23,1.1,14.89,1.1,5.0,50.34,4.43,50.19,0.57,51.52
52,934510,Ligue 1,23/24,Paris Saint-Germain,Gonçalo Ramos,Forward,7.16,0.7,0.69,0.44,3.49,1.33,0.95,20.0,0.51,42.11,0.7,0.0,0.19,0.13,0.38,0.06,0.19,0.13,0.06,0.06,100.0,0.0,0.0,0.0,1.58,0.32,1.01,0,0.89,0.0,0.0,0.0,0.0,0.06,0.32,0.06,0.0,1.01,24.85,19.2,5.64,77.3,6.97,12.23,7.04,0.0,0.0,0.19,60.0,29,16,1420,0.06,0.0,1.2,1.39,10.01,1.01,5.39,50.9,3.49,49.11,1.9,54.55
53,100390,Ligue 1,23/24,Stade Brestois,Marco Bizot,Goalkeeper,7.16,0.0,0.0,0.0,0.0,0.0,0.0,0.0,0.0,0.0,0.0,0.0,0.0,0.0,0.0,0.0,0.0,0.0,0.0,0.0,0.0,0.0,0.0,0.0,0.0,0.0,0.97,0,0.03,0.09,0.0,0.03,0.0,0.41,0.0,0.0,0.0,0.09,30.08,21.67,8.41,72.04,16.61,5.07,0.84,0.0,0.0,7.82,48.17,32,32,2878,0.09,0.03,0.03,0.0,8.6,0.0,0.09,50.0,0.0,0.0,0.09,75.0
54,1130939,Ligue 1,23/24,AS Monaco,Maghnes Akliouche,Midfielder,7.16,0.39,0.3,0.33,1.99,1.21,0.5,19.44,1.49,55.1,0.39,0.0,0.0,0.28,0.11,0.0,0.06,0.0,0.0,0.0,0.0,0.0,0.06,0.0,2.04,0.5,0.17,0,1.32,0.0,0.0,0.0,0.0,0.0,0.22,0.22,0.06,2.15,42.46,34.8,7.67,81.95,8.66,26.75,16.93,0.61,20.37,0.83,51.72,28,18,1632,0.28,0.0,1.82,1.71,16.38,2.21,5.46,42.13,5.24,45.02,0.22,16.67
55,858977,Ligue 1,23/24,Le Havre,Christopher Operi,Defender,7.16,0.11,0.05,0.04,0.81,0.33,0.33,13.64,1.07,58.0,0.07,0.04,0.0,0.11,0.0,0.04,0.0,0.04,0.0,0.0,0.0,0.0,0.26,0.0,2.02,1.29,1.88,0,0.99,0.0,0.04,0.04,0.0,0.15,0.15,0.15,0.0,1.69,42.26,32.44,9.82,76.76,16.99,17.73,7.61,2.28,32.63,1.58,35.54,28,28,2447,0.22,0.0,0.74,0.66,18.43,0.85,4.93,56.78,3.75,53.68,1.18,69.57
56,917087,Ligue 1,23/24,Paris Saint-Germain,Kang-in Lee,Midfielder,7.15,0.18,0.09,0.06,1.41,0.55,0.24,13.04,1.53,55.56,0.12,0.06,0.0,0.12,0.06,0.0,0.06,0.0,0.0,0.0,0.0,0.0,0.0,0.0,1.59,0.37,0.12,0,1.29,0.0,0.0,0.0,0.0,0.18,0.24,0.24,0.0,1.65,55.29,49.41,5.88,89.37,15.18,35.51,20.51,1.29,21.65,1.53,64.1,23,18,1470,0.12,0.0,1.04,1.35,14.14,1.04,4.71,47.83,4.47,50.0,0.24,26.67
57,343067,Ligue 1,23/24,Olympique Lyonnais,Corentin Tolisso,Midfielder,7.15,0.1,0.17,0.05,2.01,0.72,0.82,5.13,0.26,55.56,0.1,0.0,0.0,0.05,0.05,0.1,0.05,0.0,0.05,0.05,100.0,0.0,0.05,0.0,1.7,0.51,0.87,0,0.98,0.0,0.0,0.05,0.0,0.15,0.05,0.05,0.0,1.34,61.66,52.92,8.74,85.82,25.05,28.59,13.99,0.72,38.89,3.86,72.82,25,21,1750,0.26,0.0,1.23,1.18,12.86,1.13,5.04,52.13,3.14,47.66,1.9,61.67
58,963298,Ligue 1,23/24,RC Strasbourg,Dilane Bakwa,Midfielder,7.15,0.12,0.13,0.04,1.81,0.49,0.7,6.82,2.14,45.61,0.08,0.04,0.0,0.08,0.04,0.12,0.12,0.0,0.0,0.0,0.0,0.0,0.16,0.0,1.23,0.82,0.41,0,1.19,0.0,0.0,0.0,0.0,0.08,0.53,0.25,0.0,2.02,27.61,21.23,6.38,76.9,7.24,15.76,8.93,1.77,27.74,0.66,43.24,31,25,2187,0.16,0.04,1.32,3.09,17.98,1.56,6.95,48.29,6.42,49.68,0.53,36.11
59,99545,Ligue 1,23/24,Paris Saint-Germain,Danilo Pereira,Defender,7.15,0.0,0.06,0.23,0.45,0.05,0.27,0.0,0.14,60.0,0.0,0.0,0.0,0.0,0.0,0.05,0.05,0.0,0.0,0.0,0.0,0.0,0.0,0.0,0.99,1.04,4.41,0,0.36,0.0,0.05,0.09,0.0,0.36,0.0,0.0,0.0,0.0,99.68,93.83,5.85,94.13,51.87,41.96,11.66,0.0,0.0,4.05,63.83,26,22,1999,0.09,0.0,0.63,0.5,6.35,0.05,3.69,60.29,1.53,57.63,2.16,62.34
60,281277,Ligue 1,23/24,AS Monaco,Thilo Kehrer,Defender,7.14,0.07,0.05,0.0,0.82,0.27,0.48,8.33,0.2,100.0,0.07,0.0,0.07,0.0,0.0,0.0,0.0,0.0,0.0,0.0,0.0,0.0,0.0,0.0,2.18,2.04,3.53,0,1.16,0.0,0.0,0.07,0.0,0.34,0.07,0.07,0.0,0.34,64.1,57.1,7.0,89.08,31.27,25.9,8.29,0.07,25.0,2.99,55.0,15,15,1324,0.14,0.07,1.16,0.34,7.61,0.14,4.21,52.99,2.72,54.05,1.5,51.16
61,894238,Ligue 1,23/24,Nice,Youcef Atal,Defender,7.14,0.25,0.03,0.0,0.99,0.25,0.5,25.0,2.73,57.89,0.25,0.0,0.0,0.25,0.0,0.0,0.0,0.0,0.0,0.0,0.0,0.0,0.0,0.0,2.24,0.99,0.25,0,0.5,0.0,0.0,0.0,0.0,0.0,0.5,0.0,0.0,0.99,53.45,49.23,4.23,92.09,28.59,20.88,7.21,0.25,16.67,1.74,77.78,6,5,362,0.5,0.0,0.75,0.99,10.19,0.75,6.46,59.09,5.97,60.0,0.5,50.0
62,985933,Ligue 1,23/24,Stade de Reims,Joseph Okumu,Defender,7.14,0.05,0.08,0.0,0.57,0.15,0.31,9.09,0.36,87.5,0.05,0.0,0.0,0.0,0.05,0.0,0.0,0.0,0.0,0.0,0.0,0.0,0.0,0.0,2.27,1.81,5.68,0,0.72,0.05,0.05,0.0,0.0,0.26,0.0,0.0,0.0,0.0,66.13,54.71,11.42,82.73,36.99,17.77,6.1,0.05,33.33,6.46,49.21,21,19,1742,0.15,0.0,0.88,0.88,12.92,0.26,5.63,63.74,3.41,64.71,2.22,62.32
63,846425,Ligue 1,23/24,Paris Saint-Germain,Manuel Ugarte,Midfielder,7.14,0.0,0.03,0.0,0.47,0.05,0.28,0.0,0.98,58.33,0.0,0.0,0.0,0.0,0.0,0.0,0.0,0.05,0.0,0.0,0.0,0.0,0.0,0.0,4.56,1.86,1.12,0,2.14,0.0,0.09,0.0,0.0,0.33,0.05,0.09,0.0,0.65,61.66,56.4,5.26,91.47,25.13,31.27,11.26,0.0,0.0,2.84,78.21,25,21,1934,0.23,0.0,2.14,1.26,8.56,1.12,7.45,52.98,6.79,52.9,0.65,53.85
64,3577,Ligue 1,23/24,Nice,Dante,Defender,7.14,0.03,0.03,0.03,0.47,0.16,0.16,6.67,0.13,80.0,0.03,0.0,0.03,0.0,0.0,0.0,0.0,0.0,0.0,0.0,0.0,0.0,0.0,0.0,1.96,1.17,2.37,0,0.44,0.0,0.06,0.03,0.0,0.54,0.06,0.03,0.0,0.41,87.97,80.13,7.85,91.08,55.44,24.72,6.55,0.03,10.0,3.89,51.04,32,32,2844,0.16,0.03,1.33,0.54,8.96,0.16,4.37,60.0,2.63,58.04,1.74,63.22
65,119192,Ligue 1,23/24,AS Monaco,Wissam Ben Yedder,Forward,7.14,0.62,0.48,0.54,2.47,1.2,0.81,25.0,0.66,38.64,0.62,0.0,0.12,0.31,0.19,0.04,1.24,0.0,0.04,0.04,100.0,0.0,0.0,0.0,0.15,0.31,0.04,0,0.39,0.0,0.0,0.0,0.0,0.15,0.23,0.08,0.0,1.43,28.48,21.22,7.26,74.49,5.72,15.61,10.7,0.12,33.33,0.5,68.42,32,26,2329,0.08,0.0,0.43,0.77,12.29,1.51,2.16,33.14,1.58,32.8,0.58,34.09
66,1013842,Ligue 1,23/24,Stade de Reims,Emmanuel Agbadou,Defender,7.14,0.03,0.08,0.07,1.11,0.24,0.52,3.13,0.52,48.39,0.03,0.0,0.03,0.0,0.0,0.03,0.07,0.0,0.0,0.0,0.0,0.0,0.0,0.0,2.25,1.91,3.85,0,0.69,0.0,0.03,0.1,0.0,0.24,0.07,0.03,0.0,0.42,61.69,53.79,7.9,87.19,31.4,22.49,8.53,0.1,50.0,4.82,57.68,32,29,2597,0.03,0.0,1.07,0.35,10.57,0.8,4.68,52.94,3.12,50.85,1.56,57.69
67,928236,Ligue 1,23/24,Olympique de Marseille,Leonardo Balerdi,Defender,7.14,0.08,0.03,0.12,0.55,0.16,0.36,14.29,0.36,60.0,0.04,0.04,0.04,0.0,0.04,0.04,0.04,0.04,0.0,0.0,0.0,0.0,0.0,0.0,3.13,2.02,3.32,0,0.71,0.0,0.0,0.0,0.0,0.12,0.0,0.0,0.0,0.2,64.01,55.35,8.66,86.46,35.01,20.33,5.7,0.0,0.0,4.0,50.5,27,26,2275,0.16,0.04,0.99,0.91,10.29,0.4,6.65,64.12,4.35,65.87,2.29,61.05
68,846445,Ligue 1,23/24,Stade Rennais,Martin Terrier,Forward,7.13,0.41,0.3,0.06,2.22,0.93,0.58,18.42,0.93,47.06,0.41,0.0,0.0,0.18,0.23,0.12,0.53,0.0,0.0,0.0,0.0,0.0,0.0,0.0,0.82,0.53,0.82,0,0.47,0.0,0.0,0.0,0.0,0.18,0.29,0.18,0.0,0.93,28.66,23.0,5.66,80.24,7.18,15.88,9.63,0.06,20.0,0.82,87.5,24,19,1542,0.12,0.06,0.76,1.63,10.16,1.05,5.31,49.46,3.33,50.0,1.98,48.57
69,367056,Ligue 1,23/24,Nice,Jérémie Boga,Forward,7.13,0.27,0.19,0.18,1.75,0.85,0.4,15.38,2.82,57.8,0.22,0.04,0.04,0.09,0.13,0.04,0.4,0.0,0.0,0.0,0.0,0.0,0.18,0.0,0.81,0.36,0.13,0,0.45,0.0,0.0,0.0,0.0,0.13,0.36,0.27,0.0,1.48,29.4,24.92,4.48,84.76,9.41,16.49,8.96,0.99,25.0,0.81,75.0,28,24,2008,0.04,0.0,0.31,1.08,13.04,1.21,4.84,53.73,4.71,54.12,0.13,42.86
70,996953,Ligue 1,23/24,Lille,Lucas Chevalier,Goalkeeper,7.13,0.0,0.0,0.0,0.0,0.0,0.0,0.0,0.0,0.0,0.0,0.0,0.0,0.0,0.0,0.0,0.0,0.0,0.0,0.0,0.0,0.0,0.0,0.0,0.09,0.0,0.67,0,0.03,0.03,0.03,0.03,0.0,0.45,0.03,0.0,0.0,0.06,32.16,24.1,8.06,74.93,22.13,1.97,0.64,0.0,0.0,4.52,36.52,33,33,2969,0.03,0.0,0.03,0.21,8.34,0.06,0.42,77.78,0.18,60.0,0.24,100.0
71,794953,Ligue 1,23/24,RC Lens,Kevin Danso,Defender,7.13,0.03,0.06,0.1,0.71,0.17,0.47,4.76,0.37,84.62,0.03,0.0,0.03,0.0,0.0,0.0,0.07,0.0,0.0,0.0,0.0,0.0,0.0,0.0,0.81,0.78,3.9,0,0.51,0.0,0.03,0.0,0.0,0.41,0.0,0.0,0.0,0.27,57.83,50.95,6.88,88.1,30.61,20.34,5.69,0.0,0.0,2.71,52.29,30,30,2655,0.2,0.0,0.78,1.63,8.34,0.27,4.68,64.79,2.75,63.28,1.93,67.06
72,911851,Ligue 1,23/24,Toulouse,Yann Gboho,Forward,7.13,0.23,0.09,0.0,1.73,0.6,0.3,13.04,2.25,50.85,0.23,0.0,0.0,0.08,0.15,0.0,0.15,0.15,0.0,0.0,0.0,0.0,0.0,0.0,1.05,0.3,0.15,0,1.13,0.0,0.0,0.0,0.0,0.0,0.38,0.15,0.08,1.43,19.82,15.76,4.05,79.55,3.0,12.84,9.01,0.08,6.67,0.23,42.86,16,13,1199,0.08,0.0,0.68,2.85,13.59,2.1,6.53,50.0,6.16,50.62,0.38,41.67
73,1023091,Ligue 1,23/24,RC Lens,David Pereira Da Costa,Midfielder,7.12,0.24,0.18,0.0,1.79,0.83,0.72,13.33,1.19,52.63,0.24,0.0,0.0,0.06,0.18,0.18,0.0,0.06,0.0,0.0,0.0,0.0,0.12,0.0,1.07,0.95,0.3,0,0.78,0.06,0.0,0.0,0.0,0.0,0.18,0.12,0.0,1.55,38.17,32.45,5.73,85.0,11.45,22.37,12.23,1.37,29.87,1.31,78.57,25,17,1509,0.18,0.0,0.72,1.37,13.6,1.31,4.0,47.52,3.64,48.41,0.36,40.0
74,51665,Ligue 1,23/24,Lille,Benjamin André,Midfielder,7.12,0.14,0.09,0.1,0.8,0.31,0.24,17.39,0.35,43.48,0.14,0.0,0.14,0.0,0.0,0.0,0.03,0.0,0.0,0.0,0.0,0.0,0.0,0.0,3.11,1.22,1.96,0,1.33,0.0,0.0,0.0,0.0,0.42,0.03,0.0,0.0,0.66,66.21,55.79,10.42,84.26,28.12,27.74,11.12,0.07,10.53,2.45,50.0,30,29,2573,0.31,0.0,1.78,1.5,13.47,0.77,7.7,55.56,4.93,54.23,2.76,58.09
75,1405239,Ligue 1,23/24,Lorient,Mohamed Bamba,Forward,7.12,0.63,0.5,0.47,2.98,1.41,0.94,21.05,0.86,39.29,0.63,0.0,0.31,0.0,0.31,0.08,0.86,0.0,0.08,0.08,100.0,0.0,0.0,0.0,1.1,0.16,0.24,0,0.47,0.0,0.0,0.0,0.0,0.08,0.16,0.24,0.0,1.1,19.6,14.43,5.17,73.6,6.11,8.31,5.33,0.0,0.0,0.16,66.67,16,14,1148,0.24,0.0,1.72,1.1,11.37,1.96,4.86,38.75,2.98,36.19,1.88,43.64
76,579576,Ligue 1,23/24,RC Lens,Ruben Aguilar,Midfielder,7.12,0.05,0.07,0.14,0.56,0.19,0.23,8.33,0.28,33.33,0.05,0.0,0.05,0.0,0.0,0.05,0.14,0.0,0.0,0.0,0.0,0.0,0.0,0.0,2.48,1.22,1.97,0,0.84,0.0,0.0,0.05,0.0,0.47,0.19,0.14,0.05,1.26,48.49,40.72,7.77,83.98,16.05,25.46,13.1,0.8,22.67,1.22,40.0,25,22,1923,0.14,0.0,0.94,1.12,13.76,0.47,5.01,56.61,3.88,58.87,1.12,50.0
77,1154605,Ligue 1,23/24,Stade Rennais,Désiré Doué,Forward,7.11,0.22,0.13,0.11,1.88,0.72,0.55,11.76,3.53,67.37,0.17,0.06,0.0,0.0,0.22,0.06,0.11,0.06,0.0,0.0,0.0,0.0,0.0,0.0,1.76,0.77,0.44,0,1.27,0.0,0.0,0.06,0.0,0.06,0.28,0.22,0.0,1.71,38.66,30.55,8.11,79.03,8.33,23.22,13.46,0.99,25.71,1.99,81.82,31,17,1632,0.17,0.0,1.93,3.03,19.19,2.43,8.66,51.82,8.33,53.55,0.33,28.57
78,905381,Ligue 1,23/24,Toulouse,Thijs Dallinga,Forward,7.11,0.5,0.51,0.43,3.0,1.22,1.07,16.67,0.72,58.82,0.5,0.0,0.21,0.11,0.18,0.11,0.72,0.04,0.11,0.04,33.33,0.0,0.04,0.0,1.04,0.11,1.25,0,0.21,0.0,0.0,0.0,0.0,0.14,0.11,0.07,0.0,0.64,21.57,14.74,6.83,68.33,5.69,9.16,5.19,0.11,21.43,0.54,57.69,33,28,2516,0.21,0.0,1.32,1.61,10.59,1.04,5.47,54.26,3.33,52.54,2.15,57.14
79,352370,Ligue 1,23/24,Paris Saint-Germain,Lucas Hernández,Defender,7.11,0.05,0.02,0.05,0.28,0.09,0.19,16.67,0.42,64.29,0.0,0.05,0.0,0.05,0.0,0.0,0.05,0.05,0.0,0.0,0.0,0.0,0.0,0.0,2.44,1.27,1.6,0,0.99,0.0,0.0,0.0,0.0,0.14,0.23,0.05,0.0,0.56,80.27,72.7,7.57,90.57,39.81,32.95,12.31,0.05,5.26,3.29,56.0,27,23,1915,0.28,0.0,1.08,1.41,10.15,0.23,5.36,61.96,4.28,62.76,1.08,58.97
80,979128,Ligue 1,23/24,Olympique Lyonnais,Rayan Cherki,Midfielder,7.11,0.05,0.27,0.31,2.99,0.89,1.0,1.75,4.25,62.79,0.05,0.0,0.0,0.0,0.05,0.05,0.1,0.0,0.0,0.0,0.0,0.0,0.05,0.0,1.47,0.37,0.05,0,1.52,0.0,0.0,0.0,0.0,0.05,0.26,0.31,0.0,2.2,51.37,41.67,9.7,81.12,12.42,30.51,18.87,1.26,33.8,3.04,65.17,33,19,1717,0.0,0.0,0.52,1.62,20.29,2.25,7.39,50.54,7.23,51.49,0.16,27.27
81,770677,Ligue 1,23/24,AS Monaco,Denis Zakaria,Midfielder,7.1,0.17,0.06,0.04,1.09,0.42,0.34,15.38,1.22,76.32,0.13,0.04,0.08,0.0,0.08,0.0,0.0,0.0,0.0,0.0,0.0,0.0,0.0,0.0,1.6,1.98,1.68,0,0.76,0.0,0.0,0.04,0.0,0.25,0.13,0.0,0.0,0.46,49.27,45.15,4.12,91.64,23.37,21.94,7.31,0.17,44.44,1.39,70.21,25,24,2141,0.38,0.08,1.39,0.55,6.52,0.5,3.78,51.14,3.36,52.63,0.42,41.67
82,798306,Ligue 1,23/24,Le Havre,Arthur Desmas,Goalkeeper,7.1,0.0,0.0,0.0,0.0,0.0,0.0,0.0,0.0,0.0,0.0,0.0,0.0,0.0,0.0,0.0,0.0,0.0,0.0,0.0,0.0,0.0,0.0,0.0,0.0,0.0,0.61,0,0.06,0.03,0.0,0.0,0.0,0.21,0.03,0.0,0.0,0.03,24.42,14.42,10.0,59.06,10.85,3.58,0.73,0.0,0.0,5.45,35.71,33,33,2970,0.06,0.0,0.0,0.27,10.15,0.0,0.48,88.89,0.12,66.67,0.36,100.0
83,827522,Ligue 1,23/24,Olympique de Marseille,Amine Harit,Midfielder,7.09,0.05,0.18,0.1,1.62,0.39,0.78,3.03,1.91,59.09,0.05,0.0,0.0,0.05,0.0,0.05,0.05,0.0,0.0,0.0,0.0,0.0,0.05,0.0,1.37,0.59,0.1,0,1.18,0.0,0.0,0.0,0.0,0.15,0.24,0.1,0.0,1.91,44.36,38.63,5.73,87.09,10.72,28.5,16.21,0.59,30.77,0.98,55.56,28,21,1838,0.24,0.0,0.93,2.5,12.78,1.81,5.97,50.0,5.78,52.68,0.2,20.0
84,328035,Ligue 1,23/24,Stade Brestois,Brendan Chardonnet,Defender,7.09,0.03,0.05,0.0,0.55,0.09,0.27,5.56,0.06,33.33,0.03,0.0,0.0,0.0,0.03,0.03,0.0,0.0,0.0,0.0,0.0,0.0,0.0,0.0,1.73,1.61,4.06,0,0.94,0.06,0.03,0.0,0.0,0.45,0.09,0.03,0.0,0.3,54.7,45.55,9.15,83.27,32.88,12.82,4.09,0.15,38.46,4.55,42.86,33,33,2970,0.12,0.0,1.06,0.7,10.24,0.12,5.09,56.95,2.45,52.94,2.64,61.27
85,787827,Ligue 1,23/24,Metz,Matthieu Udol,Midfielder,7.09,0.1,0.05,0.03,0.63,0.27,0.3,15.79,0.67,52.63,0.1,0.0,0.1,0.0,0.0,0.0,0.03,0.0,0.0,0.0,0.0,0.0,0.0,0.0,1.83,1.67,3.13,0,0.6,0.0,0.0,0.0,0.0,0.2,0.17,0.1,0.0,1.07,32.87,25.67,7.2,78.09,15.07,11.23,5.07,0.63,26.03,1.37,32.28,30,30,2700,0.17,0.0,0.93,0.67,13.0,0.37,4.07,51.48,3.13,55.95,0.93,40.58
86,72998,Ligue 1,23/24,Lille,Rémy Cabella,Midfielder,7.09,0.12,0.32,0.36,1.99,0.84,0.78,6.06,1.27,46.67,0.12,0.0,0.0,0.06,0.06,0.06,0.18,0.0,0.0,0.0,0.0,0.0,0.0,0.0,3.26,0.3,0.3,0,2.05,0.0,0.0,0.0,0.0,0.18,0.42,0.12,0.0,1.93,49.95,42.23,7.72,84.54,13.57,29.32,18.16,0.66,21.57,1.09,64.29,30,14,1492,0.0,0.0,0.97,2.29,14.9,0.97,7.24,52.86,6.82,55.67,0.42,29.17
87,339231,Ligue 1,23/24,Olympique de Marseille,Samuel Gigot,Defender,7.09,0.16,0.13,0.1,0.99,0.47,0.31,15.79,0.16,60.0,0.16,0.0,0.05,0.0,0.1,0.0,0.05,0.0,0.0,0.0,0.0,0.0,0.0,0.0,1.72,1.3,4.58,0,0.31,0.05,0.0,0.05,0.0,0.16,0.05,0.0,0.0,0.36,49.55,43.67,5.88,88.13,30.61,13.27,3.07,0.21,66.67,0.99,38.78,21,20,1729,0.36,0.05,1.09,0.73,6.82,0.1,5.05,68.31,2.5,64.0,2.55,73.13
88,296434,Ligue 1,23/24,Lorient,Laurent Abergel,Midfielder,7.08,0.06,0.04,0.0,0.82,0.35,0.25,7.69,1.38,70.97,0.03,0.03,0.0,0.03,0.03,0.03,0.03,0.0,0.0,0.0,0.0,0.0,0.0,0.0,2.67,1.92,1.76,0,1.82,0.06,0.03,0.0,0.0,0.09,0.06,0.03,0.0,0.94,56.07,48.18,7.89,85.92,23.87,24.47,11.38,0.16,14.71,3.02,58.18,33,32,2862,0.13,0.0,1.13,1.13,11.57,0.94,5.66,53.89,5.19,54.1,0.47,51.72
89,1090694,Ligue 1,23/24,AS Monaco,Vanderson,Defender,7.08,0.16,0.12,0.0,1.64,0.55,0.44,10.0,0.93,44.74,0.16,0.0,0.0,0.0,0.16,0.05,0.05,0.0,0.0,0.0,0.0,0.0,0.0,0.0,3.28,1.91,1.97,0,2.08,0.0,0.05,0.0,0.0,0.22,0.11,0.05,0.0,1.04,44.24,33.86,10.38,76.54,14.36,19.82,8.96,0.33,12.5,2.29,48.28,20,20,1648,0.22,0.05,2.46,0.93,17.58,0.71,5.79,42.91,5.13,44.76,0.66,32.43
90,904759,Ligue 1,23/24,Montpellier,Modibo Sagnan,Defender,7.08,0.17,0.1,0.09,0.77,0.26,0.34,22.22,0.17,100.0,0.17,0.0,0.17,0.0,0.0,0.0,0.0,0.0,0.0,0.0,0.0,0.0,0.0,0.0,2.9,1.28,5.71,0,0.85,0.0,0.0,0.0,0.0,0.26,0.09,0.0,0.0,0.26,43.64,37.5,6.14,85.94,26.68,10.82,2.73,0.0,0.0,2.81,53.23,13,12,1056,0.43,0.0,1.62,0.68,7.24,0.26,5.45,60.38,3.75,57.89,1.7,66.67
91,965778,Ligue 1,23/24,Stade Rennais,Arthur Theate,Defender,7.08,0.08,0.07,0.08,0.86,0.2,0.47,9.09,0.27,53.85,0.04,0.04,0.04,0.04,0.0,0.0,0.0,0.0,0.0,0.0,0.0,0.0,0.04,0.0,1.17,1.21,3.52,0,0.51,0.0,0.08,0.0,0.0,0.2,0.08,0.0,0.0,0.23,62.77,55.57,7.2,88.53,34.2,21.52,7.4,0.16,36.36,3.13,47.34,28,27,2300,0.16,0.0,0.63,0.67,8.69,0.12,3.72,61.29,2.0,57.3,1.72,66.67
92,859026,Ligue 1,23/24,Stade Rennais,Amine Gouiri,Forward,7.08,0.3,0.32,0.22,3.37,1.17,1.25,8.97,1.99,53.49,0.3,0.0,0.04,0.04,0.17,0.0,0.04,0.04,0.0,0.0,0.0,0.0,0.0,0.0,0.86,0.61,0.39,0,0.48,0.0,0.0,0.0,0.0,0.0,0.13,0.13,0.0,0.91,32.57,26.9,5.67,82.6,7.53,19.38,12.15,0.0,0.0,0.48,73.33,31,24,2081,0.09,0.0,1.17,0.99,11.37,1.73,4.5,43.51,3.85,43.41,0.65,44.12
93,44241,Ligue 1,23/24,Olympique Lyonnais,Nemanja Matić,Midfielder,7.08,0.0,0.02,0.04,0.43,0.12,0.12,0.0,1.1,71.79,0.0,0.0,0.0,0.0,0.0,0.0,0.04,0.0,0.0,0.0,0.0,0.0,0.0,0.0,1.42,1.69,1.38,0,0.51,0.04,0.0,0.0,0.04,0.12,0.04,0.0,0.0,0.75,69.72,60.43,9.29,86.67,30.04,30.47,15.63,0.08,22.22,4.53,62.84,28,26,2286,0.35,0.0,0.87,0.94,12.32,0.98,5.0,58.26,3.43,56.13,1.57,63.49
94,916041,Ligue 1,23/24,Stade Brestois,Mahdi Camara,Midfielder,7.08,0.31,0.21,0.18,1.85,0.66,0.62,16.67,0.75,44.74,0.22,0.09,0.0,0.04,0.26,0.04,0.13,0.04,0.04,0.04,100.0,0.0,0.0,0.0,2.43,1.19,0.79,0,1.28,0.0,0.0,0.0,0.0,0.04,0.18,0.13,0.0,1.41,35.42,29.76,5.65,84.04,13.12,17.27,9.45,0.62,31.11,1.1,65.79,32,26,2038,0.31,0.0,1.63,1.68,10.73,1.02,6.27,51.08,4.86,50.93,1.41,51.61
95,784655,Ligue 1,23/24,Paris Saint-Germain,Fabián Ruiz,Midfielder,7.08,0.08,0.15,0.15,1.43,0.45,0.45,5.26,1.21,88.89,0.08,0.0,0.0,0.08,0.0,0.0,0.08,0.0,0.0,0.0,0.0,0.0,0.0,0.0,2.56,0.83,1.28,0,1.43,0.0,0.15,0.0,0.0,0.23,0.15,0.23,0.08,1.43,64.82,58.42,6.41,90.12,29.85,28.72,13.04,0.15,18.18,2.49,64.71,21,14,1194,0.23,0.0,0.45,0.83,8.52,0.23,4.9,63.11,4.6,67.03,0.3,33.33
96,151124,Ligue 1,23/24,Olympique de Marseille,Jordan Veretout,Midfielder,7.08,0.04,0.12,0.04,1.48,0.37,0.74,2.78,0.37,42.86,0.04,0.0,0.04,0.0,0.0,0.04,0.04,0.0,0.0,0.0,0.0,0.0,0.25,0.0,1.56,0.53,0.95,0,0.86,0.0,0.0,0.0,0.0,0.16,0.41,0.08,0.0,1.97,49.81,41.84,7.97,83.99,14.42,28.44,15.95,1.03,21.93,2.75,53.17,29,24,2190,0.16,0.0,0.9,0.58,14.47,0.95,2.88,42.42,2.51,44.53,0.37,32.14
97,945217,Ligue 1,23/24,Nice,Jean-Clair Todibo,Defender,7.08,0.0,0.02,0.03,0.31,0.03,0.14,0.0,0.54,64.0,0.0,0.0,0.0,0.0,0.0,0.0,0.0,0.0,0.0,0.0,0.0,0.0,0.0,0.0,1.97,1.29,3.12,0,0.75,0.0,0.03,0.0,0.03,0.47,0.1,0.07,0.0,0.31,83.49,75.21,8.27,90.09,52.56,22.69,5.02,0.03,8.33,3.22,45.45,30,30,2654,0.07,0.03,0.85,0.61,10.11,0.31,4.44,59.01,3.05,58.06,1.39,61.19
98,795002,Ligue 1,23/24,Toulouse,Niklas Schmidt,Midfielder,7.07,0.07,0.08,0.07,1.39,0.9,0.28,5.0,0.77,55.0,0.07,0.0,0.0,0.0,0.07,0.07,0.0,0.0,0.0,0.0,0.0,0.0,0.14,0.0,2.51,0.28,0.9,0,1.18,0.0,0.0,0.0,0.0,0.07,0.28,0.07,0.0,1.95,54.01,45.45,8.56,84.15,20.39,26.52,11.9,1.46,42.0,4.39,68.48,22,15,1293,0.28,0.0,1.04,0.7,13.71,0.63,4.45,53.78,3.97,53.77,0.49,53.85
99,913942,Ligue 1,23/24,Lorient,Romain Faivre,Midfielder,7.07,0.31,0.17,0.12,1.67,0.62,0.37,18.52,2.73,50.57,0.25,0.06,0.0,0.31,0.0,0.0,0.06,0.0,0.0,0.0,0.0,0.0,0.06,0.0,0.81,0.43,0.19,0,0.56,0.06,0.0,0.0,0.0,0.12,0.12,0.06,0.0,0.99,34.56,30.04,4.52,86.92,10.1,20.32,12.95,0.37,15.79,0.99,66.67,17,16,1453,0.06,0.0,0.31,2.91,13.44,1.05,6.63,56.91,6.44,58.76,0.19,27.27
100,957279,Ligue 1,23/24,Stade de Reims,Mohamed Daramy,Forward,7.05,0.22,0.25,0.27,1.68,0.6,0.65,12.9,2.83,58.43,0.22,0.0,0.0,0.05,0.16,0.05,0.49,0.0,0.05,0.05,100.0,0.0,0.0,0.0,0.54,0.22,0.22,0,0.54,0.0,0.0,0.0,0.0,0.11,0.16,0.27,0.0,1.25,27.07,21.03,6.03,77.71,5.65,15.54,10.43,0.16,20.0,0.6,55.0,25,19,1656,0.0,0.0,0.38,1.52,13.21,1.03,5.16,53.07,4.89,55.21,0.27,31.25
101,1105779,Ligue 1,23/24,RC Strasbourg,Andrey Santos,Midfielder,7.05,0.11,0.11,0.0,1.3,0.43,0.76,8.33,0.87,47.06,0.11,0.0,0.11,0.0,0.0,0.0,0.11,0.0,0.0,0.0,0.0,0.0,0.0,0.0,3.14,1.08,1.08,0,0.98,0.11,0.0,0.0,0.0,0.11,0.11,0.0,0.0,0.65,54.98,48.14,6.83,87.57,23.42,24.72,9.22,0.0,0.0,1.63,55.56,11,9,830,0.43,0.0,1.08,2.6,10.63,1.08,7.92,60.83,6.61,62.24,1.3,54.55
102,1403124,Ligue 1,23/24,Olympique de Marseille,Emran Soglo,Midfielder,7.05,0.81,0.06,0.0,0.81,0.81,0.0,100.0,0.81,50.0,0.81,0.0,0.0,0.81,0.0,0.0,0.81,0.0,0.0,0.0,0.0,0.0,0.0,0.0,1.62,0.81,1.62,0,1.62,0.0,0.0,0.0,0.0,0.0,0.0,0.81,0.0,1.62,26.76,23.51,3.24,87.88,12.16,12.16,5.68,0.81,20.0,0.0,0.0,3,1,111,0.81,0.0,1.62,1.62,10.54,0.81,4.05,41.67,4.05,45.45,0.0,0.0
103,286087,Ligue 1,23/24,Clermont Foot,Mateusz Wieteska,Defender,7.05,0.51,0.05,0.0,1.54,1.03,0.51,33.33,0.0,0.0,0.51,0.0,0.51,0.0,0.0,0.0,0.51,0.0,0.0,0.0,0.0,0.0,0.0,0.0,2.06,2.57,4.11,0,1.03,0.0,0.0,0.0,0.0,0.0,0.0,0.0,0.0,0.0,58.63,45.77,12.86,78.07,31.37,14.4,5.66,0.0,0.0,1.54,18.75,2,2,175,0.0,0.0,0.0,1.03,13.37,0.0,5.14,66.67,3.09,66.67,2.06,66.67
104,988907,Ligue 1,23/24,Stade Brestois,Lilian Brassier,Defender,7.05,0.1,0.04,0.0,0.4,0.13,0.17,25.0,0.4,75.0,0.1,0.0,0.1,0.0,0.0,0.0,0.03,0.0,0.0,0.0,0.0,0.0,0.0,0.0,1.04,1.38,2.96,0,0.4,0.0,0.0,0.03,0.0,0.47,0.03,0.0,0.0,0.2,60.57,50.36,10.21,83.14,36.28,14.18,4.57,0.1,60.0,5.88,49.58,30,30,2679,0.3,0.03,1.14,0.77,11.05,0.07,4.06,59.02,2.22,57.89,1.85,60.44
105,908714,Ligue 1,23/24,Paris Saint-Germain,Arnau Tenas,Goalkeeper,7.05,0.0,0.0,0.0,0.0,0.0,0.0,0.0,0.0,0.0,0.0,0.0,0.0,0.0,0.0,0.0,0.0,0.0,0.0,0.0,0.0,0.0,0.0,0.0,0.0,0.0,0.0,0,0.0,0.0,0.0,0.0,0.0,0.0,0.17,0.17,0.0,0.17,32.73,26.25,6.48,80.21,25.06,1.19,0.85,0.0,0.0,4.77,43.08,6,5,528,0.0,0.0,0.0,0.0,6.48,0.0,0.0,0.0,0.0,0.0,0.0,0.0
106,794412,Ligue 1,23/24,Toulouse,Vincent Sierro,Midfielder,7.05,0.24,0.23,0.04,1.43,0.44,0.44,16.67,0.68,60.71,0.2,0.04,0.0,0.0,0.24,0.04,0.12,0.08,0.2,0.16,80.0,0.04,0.28,14.29,1.63,1.07,1.23,0,1.99,0.0,0.0,0.0,0.0,0.16,0.16,0.08,0.04,1.31,47.5,38.96,8.55,82.01,17.05,23.26,10.73,1.35,30.63,3.14,54.11,30,25,2264,0.32,0.0,2.07,1.87,14.59,0.95,5.37,44.55,4.09,43.28,1.27,49.23
107,1142672,Ligue 1,23/24,Paris Saint-Germain,Warren Zaïre-Emery,Midfielder,7.05,0.09,0.06,0.09,0.64,0.18,0.18,14.29,0.73,43.24,0.05,0.05,0.0,0.0,0.09,0.05,0.05,0.0,0.0,0.0,0.0,0.0,0.0,0.0,2.34,0.69,0.87,0,1.06,0.0,0.09,0.05,0.0,0.23,0.23,0.14,0.05,1.01,63.39,58.58,4.82,92.4,20.37,38.3,19.68,0.09,25.0,1.33,80.56,26,21,1962,0.18,0.0,0.96,1.38,9.4,1.56,4.77,46.85,4.4,49.23,0.37,29.63
108,984014,Ligue 1,23/24,Stade Rennais,Enzo Le Fée,Midfielder,7.05,0.0,0.03,0.0,0.7,0.0,0.47,0.0,1.7,56.86,0.0,0.0,0.0,0.0,0.0,0.0,0.0,0.0,0.0,0.0,0.0,0.0,0.12,0.0,2.94,1.12,0.94,0,1.41,0.0,0.0,0.0,0.0,0.0,0.06,0.06,0.0,1.64,59.45,51.81,7.64,87.15,20.44,31.9,17.45,0.53,37.5,2.82,77.42,25,19,1532,0.18,0.0,1.41,1.06,13.45,1.41,6.34,50.7,5.7,51.05,0.65,47.83
109,860307,Ligue 1,23/24,RC Lens,Facundo Medina,Defender,7.04,0.03,0.04,0.03,0.63,0.4,0.07,5.26,0.6,56.25,0.0,0.03,0.0,0.0,0.03,0.0,0.07,0.0,0.0,0.0,0.0,0.0,0.0,0.0,2.12,0.8,1.82,0,0.83,0.03,0.03,0.0,0.0,0.36,0.13,0.1,0.0,0.83,68.94,59.99,8.95,87.01,33.39,26.83,10.88,0.23,35.0,3.25,48.04,31,30,2714,0.36,0.0,1.69,0.63,11.61,0.5,4.58,52.27,3.35,49.27,1.23,62.71
110,845286,Ligue 1,23/24,Olympique de Marseille,Ismaïla Sarr,Forward,7.04,0.19,0.2,0.19,1.55,0.62,0.62,12.0,0.87,35.9,0.19,0.0,0.0,0.0,0.19,0.06,0.44,0.0,0.0,0.0,0.0,0.0,0.0,0.0,0.87,0.81,0.56,0,0.68,0.0,0.0,0.0,0.0,0.0,0.25,0.25,0.0,1.24,27.35,22.13,5.22,80.91,5.9,16.6,9.07,0.37,15.79,0.25,25.0,23,15,1448,0.06,0.0,0.99,2.61,12.62,1.55,5.72,47.42,4.35,49.3,1.37,42.31
111,851150,Ligue 1,23/24,Olympique de Marseille,Renan Lodi,Defender,7.04,0.0,0.02,0.07,0.44,0.15,0.29,0.0,0.15,28.57,0.0,0.0,0.0,0.0,0.0,0.0,0.07,0.0,0.0,0.0,0.0,0.0,0.22,0.0,1.75,1.16,2.55,0,0.58,0.0,0.0,0.0,0.0,0.22,0.22,0.0,0.0,1.02,42.2,35.51,6.69,84.14,19.14,17.61,8.22,1.24,24.29,1.24,36.17,14,14,1237,0.44,0.0,1.96,1.24,13.9,0.15,3.64,48.54,3.13,51.19,0.51,36.84
112,372430,Ligue 1,23/24,RC Strasbourg,Frédéric Guilbert,Defender,7.04,0.07,0.04,0.0,0.76,0.18,0.32,9.52,0.69,57.58,0.07,0.0,0.07,0.0,0.0,0.0,0.07,0.0,0.0,0.0,0.0,0.0,0.14,0.0,3.14,2.56,3.21,0,0.9,0.0,0.04,0.0,0.0,0.14,0.04,0.0,0.0,0.83,44.04,35.56,8.48,80.74,20.0,16.17,6.75,0.61,20.0,2.09,41.73,32,29,2493,0.11,0.0,1.26,0.54,15.09,0.47,5.2,53.14,4.33,58.25,0.87,36.92
113,856495,Ligue 1,23/24,Stade Rennais,Azor Matusiwa,Midfielder,7.04,0.04,0.04,0.04,0.74,0.12,0.29,5.56,0.45,73.33,0.04,0.0,0.0,0.04,0.0,0.0,0.0,0.0,0.0,0.0,0.0,0.0,0.0,0.0,1.9,1.81,1.98,0,0.54,0.0,0.04,0.0,0.0,0.16,0.0,0.04,0.0,1.03,49.47,43.08,6.39,87.08,19.71,23.42,11.63,0.04,100.0,2.72,70.97,28,25,2183,0.21,0.0,0.99,0.74,8.12,0.66,4.66,58.55,3.05,56.49,1.61,62.9
114,904832,Ligue 1,23/24,Nice,Khéphren Thuram,Midfielder,7.04,0.04,0.14,0.26,1.66,0.47,0.77,2.56,1.49,58.33,0.04,0.0,0.0,0.0,0.04,0.04,0.09,0.0,0.0,0.0,0.0,0.0,0.0,0.0,1.79,0.77,1.58,0,0.85,0.0,0.0,0.0,0.0,0.34,0.3,0.04,0.0,1.32,47.17,41.21,5.96,87.36,21.46,20.09,8.0,0.34,40.0,1.15,54.0,27,25,2114,0.3,0.0,1.4,0.94,10.52,0.98,5.02,50.21,4.21,50.25,0.81,50.0
115,826201,Ligue 1,23/24,Nantes,Alban Lafont,Goalkeeper,7.04,0.0,0.0,0.0,0.0,0.0,0.0,0.0,0.0,0.0,0.0,0.0,0.0,0.0,0.0,0.0,0.0,0.0,0.0,0.0,0.0,0.0,0.0,0.0,0.0,0.0,1.23,0,0.07,0.04,0.0,0.04,0.0,0.25,0.0,0.0,0.0,0.0,31.0,20.98,10.02,67.67,18.13,2.85,0.79,0.0,0.0,5.37,35.22,28,28,2497,0.07,0.0,0.04,0.14,10.34,0.0,0.54,78.95,0.11,50.0,0.43,92.31
116,889590,Ligue 1,23/24,Nice,Marcin Bułka,Goalkeeper,7.03,0.0,0.0,0.0,0.03,0.0,0.03,0.0,0.06,100.0,0.0,0.0,0.0,0.0,0.0,0.0,0.0,0.0,0.0,0.0,0.0,0.0,0.0,0.0,0.0,0.0,0.47,0,0.06,0.03,0.06,0.0,0.0,0.5,0.0,0.0,0.0,0.0,31.62,26.62,5.0,84.19,25.59,1.03,0.18,0.0,0.0,3.59,44.69,34,34,3060,0.06,0.0,0.0,0.12,5.15,0.0,0.41,77.78,0.15,71.43,0.26,81.82
117,368120,Ligue 1,23/24,Lille,Nabil Bentaleb,Midfielder,7.03,0.0,0.02,0.0,0.45,0.09,0.23,0.0,0.63,77.78,0.0,0.0,0.0,0.0,0.0,0.0,0.0,0.0,0.0,0.0,0.0,0.0,0.05,0.0,2.22,1.68,1.36,0,0.95,0.0,0.0,0.05,0.0,0.27,0.0,0.14,0.0,0.63,65.31,56.39,8.92,86.34,29.8,26.63,9.83,0.05,16.67,4.76,64.81,26,23,1987,0.32,0.0,1.04,0.82,11.6,0.82,4.76,57.69,3.67,55.86,1.09,64.86
118,178721,Ligue 1,23/24,Stade de Reims,Yunis Abdelhamid,Defender,7.03,0.13,0.11,0.06,0.71,0.26,0.39,18.18,0.26,53.33,0.13,0.0,0.1,0.03,0.0,0.06,0.0,0.0,0.03,0.03,100.0,0.0,0.0,0.0,2.07,1.26,3.49,0,0.61,0.03,0.03,0.0,0.03,0.19,0.0,0.0,0.0,0.23,58.1,49.53,8.57,85.24,32.61,16.92,5.6,0.0,0.0,2.91,42.86,31,31,2782,0.16,0.0,0.84,0.39,10.38,0.13,4.69,61.18,2.72,61.76,1.97,60.4
119,798124,Ligue 1,23/24,Toulouse,Rasmus Nicolaisen,Defender,7.03,0.06,0.03,0.0,0.58,0.15,0.31,10.53,0.09,75.0,0.06,0.0,0.06,0.0,0.0,0.0,0.0,0.0,0.0,0.0,0.0,0.0,0.0,0.0,1.54,1.29,4.74,0,0.55,0.0,0.03,0.06,0.0,0.18,0.03,0.0,0.0,0.15,51.44,43.72,7.72,85.0,29.98,13.74,2.74,0.0,0.0,2.89,43.72,33,33,2927,0.12,0.03,1.38,0.68,8.18,0.06,5.63,64.66,2.24,54.48,3.38,73.83
120,996952,Ligue 1,23/24,Paris Saint-Germain,Bradley Barcola,Forward,7.03,0.22,0.25,0.44,1.8,0.6,0.66,12.12,2.95,50.47,0.22,0.0,0.0,0.0,0.22,0.11,0.33,0.0,0.0,0.0,0.0,0.0,0.0,0.0,2.13,0.66,0.71,0,1.31,0.0,0.05,0.0,0.0,0.11,0.6,0.38,0.0,1.8,34.28,27.45,6.83,80.06,6.67,20.89,14.43,0.11,11.11,0.27,50.0,28,21,1646,0.11,0.05,1.42,0.77,15.42,0.71,6.89,49.8,5.85,48.64,1.04,57.58
121,989768,Ligue 1,23/24,Paris Saint-Germain,Nuno Mendes,Defender,7.03,0.34,0.11,0.0,1.35,0.34,1.02,25.0,2.03,60.0,0.34,0.0,0.0,0.34,0.0,0.34,0.0,0.0,0.0,0.0,0.0,0.0,0.34,0.0,1.69,1.35,0.34,0,1.02,0.0,0.0,0.0,0.0,0.0,0.68,0.34,0.0,1.02,64.29,53.8,10.49,83.68,22.67,31.47,11.84,0.34,14.29,1.35,44.44,6,2,266,1.02,0.0,2.03,0.34,16.24,1.02,6.09,50.0,4.06,42.86,2.03,75.0
122,906075,Ligue 1,23/24,Nice,Melvin Bard,Defender,7.02,0.03,0.02,0.0,0.51,0.17,0.2,6.67,1.25,54.41,0.0,0.03,0.0,0.03,0.0,0.0,0.03,0.0,0.0,0.0,0.0,0.0,0.07,0.0,2.33,1.42,1.22,0,0.88,0.0,0.0,0.03,0.0,0.41,0.14,0.07,0.0,0.61,49.79,41.8,7.98,83.97,24.08,18.37,6.76,0.64,27.14,1.01,28.04,32,31,2661,0.24,0.03,1.35,0.81,14.21,0.47,5.17,53.13,4.33,54.7,0.85,46.3
123,845183,Ligue 1,23/24,Stade de Reims,Yehvann Diouf,Goalkeeper,7.02,0.0,0.0,0.0,0.0,0.0,0.0,0.0,0.09,100.0,0.0,0.0,0.0,0.0,0.0,0.03,0.0,0.0,0.0,0.0,0.0,0.0,0.0,0.0,0.0,0.03,0.85,0,0.03,0.06,0.03,0.0,0.0,0.24,0.0,0.0,0.0,0.0,32.74,24.79,7.94,75.74,22.62,2.18,0.41,0.0,0.0,5.56,42.86,34,34,3060,0.03,0.0,0.0,0.26,8.29,0.0,0.71,88.89,0.21,87.5,0.5,89.47
124,1129382,Ligue 1,23/24,Stade Brestois,Bradley Locko,Defender,7.02,0.0,0.01,0.0,0.36,0.06,0.15,0.0,1.7,51.85,0.0,0.0,0.0,0.0,0.0,0.0,0.03,0.0,0.0,0.0,0.0,0.0,0.0,0.0,2.95,1.22,1.67,0,1.0,0.0,0.0,0.0,0.0,0.43,0.12,0.09,0.0,0.73,44.94,38.4,6.54,85.45,20.4,18.88,8.54,0.88,30.85,2.31,57.58,33,33,2960,0.15,0.0,0.79,1.28,14.02,0.85,6.84,57.99,5.93,58.56,0.91,54.55
125,123166,Ligue 1,23/24,RC Lens,Nampalys Mendy,Midfielder,7.01,0.0,0.02,0.0,0.59,0.17,0.17,0.0,0.25,33.33,0.0,0.0,0.0,0.0,0.0,0.0,0.0,0.0,0.0,0.0,0.0,0.0,0.0,0.0,2.46,1.19,1.1,0,0.34,0.08,0.0,0.0,0.0,0.17,0.25,0.08,0.0,0.76,54.49,48.73,5.76,89.42,22.46,26.44,12.37,0.17,28.57,1.78,45.65,16,13,1062,0.17,0.0,1.36,2.12,8.31,0.34,5.68,66.34,4.83,67.06,0.85,62.5
126,1093695,Ligue 1,23/24,Olympique de Marseille,Vitinha,Forward,7.01,0.29,0.5,0.49,3.6,0.87,1.65,8.11,1.65,50.0,0.29,0.0,0.0,0.1,0.19,0.19,0.58,0.0,0.0,0.0,0.0,0.0,0.0,0.0,1.36,0.49,0.78,0,0.87,0.0,0.0,0.0,0.0,0.1,0.49,0.19,0.0,1.75,18.66,14.38,4.28,77.08,4.47,10.5,6.32,0.58,33.33,0.39,57.14,18,10,926,0.1,0.0,1.56,2.33,12.54,1.65,6.51,43.23,5.35,48.67,1.17,28.57
127,873049,Ligue 1,23/24,Le Havre,Nabil Alioui,Midfielder,7.01,0.35,0.21,0.18,2.46,0.79,0.79,14.29,1.32,41.67,0.18,0.18,0.09,0.09,0.18,0.0,0.44,0.0,0.0,0.0,0.0,0.0,0.09,0.0,0.26,0.26,0.35,0,0.18,0.0,0.0,0.0,0.0,0.0,0.44,0.09,0.0,2.11,26.37,18.19,8.17,69.0,6.15,13.8,8.35,1.76,37.04,0.97,39.29,18,12,1024,0.09,0.0,0.88,1.76,16.96,1.49,4.22,44.44,3.34,43.18,0.88,50.0
128,238612,Ligue 1,23/24,Olympique de Marseille,Chancel Mbemba,Defender,7.01,0.08,0.07,0.04,0.77,0.08,0.61,10.53,0.29,70.0,0.08,0.0,0.04,0.0,0.04,0.04,0.08,0.0,0.0,0.0,0.0,0.0,0.0,0.0,1.34,0.53,3.79,0,0.53,0.04,0.0,0.0,0.04,0.24,0.04,0.08,0.0,0.29,55.53,48.97,6.56,88.19,28.85,20.25,6.48,0.12,20.0,3.18,53.42,25,25,2209,0.04,0.0,0.86,0.37,8.19,0.2,3.63,54.6,2.0,53.85,1.63,55.56
129,873551,Ligue 1,23/24,Nantes,Mostafa Mohamed,Forward,7.01,0.36,0.35,0.27,2.9,1.16,1.03,12.31,0.67,45.45,0.27,0.09,0.04,0.0,0.31,0.13,0.49,0.0,0.13,0.13,100.0,0.09,0.18,50.0,0.94,0.54,1.29,0,0.98,0.0,0.0,0.04,0.0,0.0,0.22,0.09,0.0,1.03,15.67,10.36,5.31,66.1,3.97,6.56,3.48,0.18,28.57,0.4,50.0,29,24,2016,0.13,0.04,1.52,1.61,12.14,1.65,6.43,45.57,3.04,39.53,3.39,52.78
130,954061,Ligue 1,23/24,Stade Rennais,Arnaud Kalimuendo,Forward,7.0,0.42,0.38,0.21,2.54,1.0,0.71,16.39,0.71,40.48,0.42,0.0,0.0,0.0,0.42,0.04,0.25,0.12,0.08,0.08,100.0,0.0,0.0,0.0,0.21,0.17,0.17,0,0.12,0.0,0.0,0.0,0.0,0.04,0.08,0.04,0.0,1.17,20.25,16.75,3.5,82.72,6.25,10.58,6.79,0.08,18.18,0.38,69.23,30,25,2160,0.25,0.0,1.17,2.08,8.83,1.46,3.25,34.21,2.92,44.3,0.33,11.43
131,27029,Ligue 1,23/24,Stade Rennais,Steve Mandanda,Goalkeeper,7.0,0.0,0.0,0.0,0.0,0.0,0.0,0.0,0.03,100.0,0.0,0.0,0.0,0.0,0.0,0.0,0.0,0.0,0.0,0.0,0.0,0.0,0.0,0.0,0.06,0.0,0.47,0,0.06,0.03,0.0,0.03,0.03,0.21,0.0,0.0,0.0,0.0,31.18,21.71,9.47,69.62,18.85,2.85,0.74,0.0,0.0,5.21,36.34,34,34,3060,0.03,0.0,0.03,0.21,9.56,0.0,0.56,82.61,0.21,70.0,0.35,92.31
132,180515,Ligue 1,23/24,Olympique de Marseille,Rubén Blanco,Goalkeeper,7.0,0.0,0.0,0.0,0.0,0.0,0.0,0.0,0.0,0.0,0.0,0.0,0.0,0.0,0.0,0.0,0.0,0.0,0.0,0.0,0.0,0.0,0.0,0.0,0.0,0.0,0.0,0,0.0,0.0,0.0,0.0,0.0,0.0,0.0,0.0,0.0,0.0,33.47,27.52,5.95,82.22,23.06,4.46,2.23,0.0,0.0,5.21,46.67,2,1,121,0.0,0.0,0.0,0.0,5.95,0.0,0.74,100.0,0.0,0.0,0.74,100.0
133,868964,Ligue 1,23/24,AS Monaco,Philipp Köhn,Goalkeeper,7.0,0.0,0.0,0.0,0.0,0.0,0.0,0.0,0.05,100.0,0.0,0.0,0.0,0.0,0.0,0.0,0.0,0.0,0.0,0.0,0.0,0.0,0.0,0.0,0.05,0.05,0.64,0,0.0,0.14,0.0,0.0,0.0,0.23,0.0,0.0,0.0,0.0,26.14,17.64,8.5,67.48,15.32,2.32,0.41,0.0,0.0,5.45,39.74,22,22,1980,0.0,0.0,0.0,0.05,8.55,0.0,0.27,100.0,0.09,100.0,0.18,100.0
134,286909,Ligue 1,23/24,RC Lens,Przemysław Frankowski,Midfielder,7.0,0.12,0.15,0.25,1.27,0.41,0.45,9.68,0.49,40.0,0.08,0.04,0.0,0.04,0.08,0.08,0.0,0.0,0.08,0.04,50.0,0.0,0.08,0.0,2.46,1.03,1.23,0,1.76,0.0,0.0,0.0,0.0,0.37,0.33,0.08,0.0,1.6,41.35,33.51,7.84,81.05,13.09,21.33,12.43,0.9,18.64,1.31,41.56,30,24,2194,0.16,0.0,1.35,0.49,15.88,0.62,4.14,43.35,3.45,44.21,0.7,39.53
135,841947,Ligue 1,23/24,Stade Rennais,Lovro Majer,Midfielder,7.0,0.0,0.17,0.0,5.62,0.0,0.0,0.0,5.62,100.0,0.0,0.0,0.0,0.0,0.0,0.0,0.0,0.0,0.0,0.0,0.0,0.0,0.0,0.0,0.0,0.0,5.62,0,0.0,0.0,0.0,0.0,0.0,0.0,0.0,0.0,0.0,11.25,84.38,73.12,11.25,86.67,33.75,45.0,22.5,5.62,100.0,5.62,100.0,1,0,16,0.0,0.0,0.0,5.62,16.88,0.0,11.25,100.0,11.25,100.0,0.0,0.0
136,330051,Ligue 1,23/24,Nantes,Moses Simon,Forward,7.0,0.15,0.21,0.4,1.71,0.65,0.7,8.82,2.36,55.29,0.1,0.05,0.0,0.0,0.15,0.1,0.2,0.05,0.05,0.05,100.0,0.0,0.0,0.0,0.35,0.15,0.2,0,0.3,0.0,0.05,0.0,0.0,0.2,0.25,0.25,0.0,1.46,19.17,14.56,4.62,75.92,3.41,12.3,7.58,1.15,20.18,0.65,65.0,22,21,1793,0.0,0.0,0.7,1.46,16.77,1.86,4.92,45.37,4.17,47.16,0.75,37.5
137,787540,Ligue 1,23/24,RC Lens,Angelo Fulgini,Midfielder,7.0,0.06,0.2,0.26,2.97,0.65,1.23,2.17,1.16,45.0,0.06,0.0,0.0,0.0,0.06,0.0,0.06,0.0,0.0,0.0,0.0,0.0,0.45,0.0,1.48,0.52,0.71,0,0.52,0.0,0.0,0.0,0.0,0.0,0.32,0.13,0.0,2.45,42.09,34.09,8.01,80.98,12.2,24.02,13.3,2.13,28.95,1.81,66.67,29,16,1394,0.06,0.0,0.52,1.61,20.34,2.32,6.39,48.77,4.07,46.32,2.32,53.73
138,976396,Ligue 1,23/24,Montpellier,Joris Chotard,Midfielder,7.0,0.0,0.02,0.03,0.73,0.24,0.21,0.0,0.1,25.0,0.0,0.0,0.0,0.0,0.0,0.0,0.0,0.0,0.0,0.0,0.0,0.0,0.0,0.0,2.81,1.53,1.87,0,1.67,0.0,0.0,0.03,0.0,0.28,0.1,0.1,0.03,0.52,39.53,32.9,6.63,83.23,19.75,13.5,6.32,0.35,30.3,3.51,64.74,31,30,2593,0.17,0.0,1.04,0.62,9.13,0.45,4.41,51.42,3.54,52.04,0.87,49.02
139,1035988,Ligue 1,23/24,Le Havre,Arouna Sangante,Defender,7.0,0.0,0.03,0.0,0.54,0.1,0.33,0.0,0.37,73.33,0.0,0.0,0.0,0.0,0.0,0.0,0.0,0.0,0.0,0.0,0.0,0.0,0.0,0.0,1.77,2.21,3.04,0,0.54,0.0,0.07,0.03,0.03,0.23,0.07,0.0,0.0,0.57,45.6,37.34,8.26,81.88,22.42,15.02,5.79,0.1,20.0,4.08,53.98,30,30,2690,0.27,0.0,1.81,1.2,11.04,0.5,5.02,53.38,3.35,54.05,1.67,52.08
140,94822,Ligue 1,23/24,RC Strasbourg,Sanjin Prcić,Midfielder,7.0,0.0,0.01,0.0,0.94,0.0,0.94,0.0,0.0,0.0,0.0,0.0,0.0,0.0,0.0,0.0,0.0,0.0,0.0,0.0,0.0,0.0,0.0,0.0,0.0,2.81,0.0,0,0.94,0.0,0.0,0.0,0.0,0.0,0.0,0.0,0.0,2.81,43.12,41.25,1.88,95.65,16.88,24.38,11.25,0.0,0.0,6.56,100.0,3,1,96,0.0,0.0,0.0,0.94,3.75,0.0,0.94,50.0,0.94,50.0,0.0,0.0
141,1859949,Ligue 1,23/24,Stade de Reims,Abdoul Kone,Defender,7.0,0.0,0.0,0.0,0.0,0.0,0.0,0.0,0.92,66.67,0.0,0.0,0.0,0.0,0.0,0.0,0.0,0.46,0.0,0.0,0.0,0.0,0.0,0.0,3.21,0.92,3.21,0,3.21,0.0,0.0,0.0,0.0,0.0,0.46,0.0,0.0,0.92,30.77,18.37,12.4,59.7,11.94,6.43,3.67,0.0,0.0,2.76,35.29,3,3,196,0.46,0.0,0.92,1.84,16.99,0.0,5.97,54.17,5.51,54.55,0.46,50.0
142,234230,Ligue 1,23/24,Nantes,Florent Mollet,Midfielder,7.0,0.17,0.25,0.3,2.76,1.12,0.99,6.25,0.56,39.39,0.17,0.0,0.0,0.04,0.13,0.04,0.17,0.0,0.0,0.0,0.0,0.0,0.34,0.0,0.78,0.56,0.69,0,0.9,0.0,0.0,0.0,0.0,0.09,0.09,0.17,0.0,1.64,38.97,33.98,5.0,87.18,14.25,20.71,9.99,0.99,16.2,1.12,63.41,29,24,2090,0.17,0.0,1.38,0.9,13.56,0.65,2.58,37.74,2.2,37.78,0.39,37.5
143,1142673,Ligue 1,23/24,Lorient,Ayman Kari,Forward,6.99,0.1,0.06,0.1,0.7,0.3,0.2,14.29,1.59,57.14,0.1,0.0,0.0,0.0,0.1,0.1,0.0,0.0,0.0,0.0,0.0,0.0,0.0,0.0,1.79,0.6,0.5,0,0.7,0.1,0.0,0.0,0.0,0.0,0.1,0.1,0.0,1.3,38.27,33.69,4.58,88.02,14.95,18.74,10.66,0.0,0.0,0.5,50.0,14,12,903,0.1,0.0,1.0,2.79,9.57,1.4,6.38,57.14,6.18,60.19,0.2,22.22
144,973536,Ligue 1,23/24,Stade Brestois,Martín Satriano,Forward,6.99,0.19,0.29,0.24,3.02,0.96,1.34,6.35,1.01,46.67,0.19,0.0,0.1,0.0,0.1,0.1,0.1,0.0,0.0,0.0,0.0,0.0,0.0,0.0,1.15,0.34,1.34,0,0.72,0.0,0.0,0.0,0.0,0.1,0.24,0.19,0.0,1.01,20.98,15.18,5.8,72.37,4.89,10.39,5.84,0.1,18.18,1.34,73.68,33,21,1879,0.19,0.0,0.86,1.25,11.45,0.77,6.37,50.19,3.35,49.65,3.02,50.81
145,250133,Ligue 1,23/24,Nice,Morgan Sanson,Midfielder,6.99,0.09,0.15,0.09,1.87,0.41,0.91,4.88,1.14,53.19,0.09,0.0,0.0,0.0,0.09,0.05,0.09,0.0,0.0,0.0,0.0,0.0,0.05,0.0,1.18,0.91,0.68,0,0.86,0.0,0.0,0.05,0.0,0.23,0.27,0.14,0.0,1.96,32.4,27.25,5.14,84.13,12.01,16.56,7.83,1.32,25.44,1.37,56.6,29,24,1978,0.18,0.0,1.37,1.55,15.15,1.87,4.23,42.27,3.82,43.52,0.41,33.33
146,369650,Ligue 1,23/24,RC Lens,Jonathan Gradit,Defender,6.99,0.04,0.01,0.0,0.21,0.04,0.08,20.0,0.17,66.67,0.04,0.0,0.04,0.0,0.0,0.0,0.0,0.0,0.0,0.0,0.0,0.0,0.0,0.0,1.36,1.57,2.42,0,0.68,0.0,0.0,0.04,0.0,0.42,0.0,0.0,0.0,0.21,57.76,49.99,7.77,86.54,23.45,26.67,10.83,0.13,17.65,3.1,52.9,26,26,2119,0.38,0.04,1.32,1.1,9.47,0.3,4.97,52.23,2.59,52.59,2.38,51.85
147,1117223,Ligue 1,23/24,Montpellier,Maxime Estève,Defender,6.99,0.08,0.02,0.0,0.42,0.17,0.25,20.0,0.17,40.0,0.08,0.0,0.08,0.0,0.0,0.0,0.0,0.0,0.0,0.0,0.0,0.0,0.0,0.0,1.35,1.52,4.21,0,0.42,0.0,0.0,0.0,0.08,0.34,0.08,0.08,0.0,0.42,29.72,23.66,6.06,79.6,16.42,7.24,2.19,0.0,0.0,1.52,35.29,12,12,1069,0.08,0.08,0.93,0.59,7.49,0.08,3.62,56.58,1.94,53.49,1.68,60.61
148,941077,Ligue 1,23/24,RC Strasbourg,Lucas Perrin,Defender,6.98,0.0,0.02,0.0,0.4,0.1,0.17,0.0,0.17,55.56,0.0,0.0,0.0,0.0,0.0,0.0,0.03,0.03,0.0,0.0,0.0,0.0,0.0,0.0,1.55,0.93,3.67,0,0.6,0.0,0.0,0.07,0.03,0.17,0.1,0.03,0.0,0.2,60.08,52.74,7.34,87.78,37.4,15.41,4.4,0.07,40.0,3.93,49.17,31,30,2722,0.1,0.0,1.12,0.93,8.4,0.13,4.23,57.92,2.61,59.4,1.62,55.68
149,876600,Ligue 1,23/24,Montpellier,Mousa Tamari,Forward,6.98,0.23,0.17,0.19,2.13,0.88,0.7,10.87,2.04,41.9,0.23,0.0,0.05,0.14,0.05,0.05,0.37,0.09,0.0,0.0,0.0,0.0,0.0,0.0,0.93,0.19,0.19,0,0.56,0.0,0.0,0.0,0.0,0.09,0.32,0.09,0.0,0.93,23.6,17.99,5.61,76.23,5.56,12.43,6.91,0.0,0.0,0.32,53.85,27,24,1941,0.0,0.0,0.51,2.36,15.44,1.48,5.8,48.08,5.33,49.78,0.46,34.48
150,832427,Ligue 1,23/24,Paris Saint-Germain,Carlos Soler,Midfielder,6.98,0.16,0.12,0.08,1.14,0.41,0.33,14.29,0.41,55.56,0.08,0.08,0.0,0.08,0.08,0.0,0.08,0.0,0.0,0.0,0.0,0.0,0.0,0.0,1.23,0.41,0.41,0,1.23,0.0,0.08,0.0,0.0,0.08,0.16,0.16,0.0,1.63,60.27,52.76,7.51,87.53,22.3,30.87,14.54,0.41,21.74,2.29,66.67,24,12,1102,0.08,0.0,0.9,0.82,11.27,0.65,2.94,45.0,2.45,44.12,0.49,50.0
151,818986,Ligue 1,23/24,Toulouse,Gabriel Suazo,Defender,6.98,0.0,0.03,0.04,0.38,0.11,0.19,0.0,1.33,59.32,0.0,0.0,0.0,0.0,0.0,0.0,0.11,0.04,0.0,0.0,0.0,0.0,0.04,0.0,2.51,0.99,1.03,0,1.83,0.0,0.0,0.0,0.0,0.15,0.08,0.15,0.04,1.68,45.27,37.04,8.23,81.82,16.88,21.15,11.05,0.99,25.74,1.52,46.51,31,27,2362,0.19,0.0,0.91,1.1,15.01,0.61,5.6,52.88,4.92,53.75,0.69,47.37
152,894396,Ligue 1,23/24,Nice,Terem Moffi,Forward,6.98,0.5,0.49,0.41,2.24,1.14,0.82,22.45,0.87,59.38,0.46,0.05,0.05,0.37,0.09,0.05,0.59,0.0,0.14,0.14,100.0,0.0,0.0,0.0,0.32,0.14,0.59,0,0.41,0.0,0.0,0.0,0.0,0.05,0.32,0.09,0.0,1.01,17.01,12.44,4.57,73.12,4.94,7.5,4.12,0.0,0.0,0.14,27.27,30,23,1968,0.18,0.0,1.46,0.87,9.92,1.55,2.97,34.21,2.06,34.35,0.91,33.9
153,1008849,Ligue 1,23/24,AS Monaco,Mohamed Camara,Midfielder,6.97,0.09,0.13,0.09,1.2,0.34,0.51,7.14,0.77,47.37,0.09,0.0,0.0,0.0,0.09,0.09,0.0,0.0,0.09,0.09,100.0,0.0,0.0,0.0,2.99,0.94,0.51,0,1.2,0.0,0.0,0.0,0.0,0.09,0.0,0.17,0.0,1.2,65.47,60.34,5.13,92.17,26.32,34.1,14.02,0.09,100.0,3.16,78.72,20,14,1053,0.34,0.0,2.14,1.97,8.72,1.28,6.32,51.03,5.73,51.54,0.6,46.67
154,940918,Ligue 1,23/24,Montpellier,Bećir Omeragić,Defender,6.97,0.0,0.02,0.0,0.35,0.12,0.12,0.0,0.23,66.67,0.0,0.0,0.0,0.0,0.0,0.0,0.0,0.0,0.0,0.0,0.0,0.0,0.0,0.0,1.87,1.05,2.41,0,0.51,0.0,0.0,0.0,0.0,0.31,0.04,0.0,0.0,0.39,40.99,35.0,5.99,85.38,23.94,11.09,3.43,0.04,33.33,2.18,44.44,28,26,2312,0.16,0.0,0.7,0.62,6.66,0.12,3.89,56.18,2.72,65.42,1.17,42.25
155,891508,Ligue 1,23/24,Stade Brestois,Grégoire Coudert,Goalkeeper,6.97,0.0,0.0,0.0,0.0,0.0,0.0,0.0,0.0,0.0,0.0,0.0,0.0,0.0,0.0,0.0,0.0,0.0,0.0,0.0,0.0,0.0,0.0,0.0,0.0,0.0,0.0,0,0.0,0.0,0.0,0.0,0.0,0.96,0.0,0.0,0.0,0.0,33.51,21.54,11.97,64.29,16.76,4.79,1.91,0.0,0.0,7.66,39.02,3,2,188,0.0,0.0,0.0,0.0,11.97,0.0,0.0,0.0,0.0,0.0,0.0,0.0
156,911853,Ligue 1,23/24,Toulouse,Logan Costa,Defender,6.97,0.03,0.05,0.1,0.48,0.14,0.27,7.14,0.2,60.0,0.03,0.0,0.0,0.0,0.03,0.07,0.03,0.0,0.0,0.0,0.0,0.0,0.0,0.0,1.36,0.78,3.98,0,0.31,0.0,0.03,0.0,0.0,0.17,0.03,0.03,0.0,0.2,59.51,50.03,9.48,84.07,30.73,19.37,6.66,0.07,16.67,3.84,48.29,31,29,2648,0.2,0.0,1.29,0.34,10.81,0.1,4.08,56.87,1.9,51.38,2.18,62.75
157,879694,Ligue 1,23/24,Olympique de Marseille,Pape Gueye,Midfielder,6.96,0.12,0.05,0.0,0.93,0.23,0.35,12.5,0.12,16.67,0.12,0.0,0.0,0.12,0.0,0.0,0.12,0.0,0.0,0.0,0.0,0.0,0.0,0.0,3.82,1.5,1.04,0,0.69,0.0,0.0,0.0,0.0,0.0,0.12,0.0,0.0,0.46,55.06,45.69,9.37,82.98,21.17,24.52,10.99,0.0,0.0,3.7,50.79,15,9,778,0.23,0.0,2.31,2.08,13.42,0.93,7.75,58.26,6.02,57.14,1.74,62.5
158,345035,Ligue 1,23/24,Stade Brestois,Steve Mounié,Forward,6.96,0.31,0.46,0.51,3.05,1.27,1.37,10.0,0.56,61.11,0.31,0.0,0.2,0.0,0.1,0.05,0.41,0.0,0.0,0.0,0.0,0.0,0.0,0.0,0.41,0.1,0.92,0,0.41,0.0,0.0,0.0,0.0,0.05,0.1,0.1,0.05,1.12,22.37,14.08,8.29,62.95,3.36,10.88,5.54,0.15,27.27,0.31,46.15,32,20,1770,0.1,0.05,2.19,1.27,12.97,0.86,9.2,51.86,2.19,38.05,7.02,58.47
159,287887,Ligue 1,23/24,Le Havre,Gautier Lloris,Defender,6.96,0.06,0.07,0.03,0.52,0.16,0.19,12.5,0.13,44.44,0.06,0.0,0.03,0.0,0.03,0.06,0.03,0.0,0.0,0.0,0.0,0.0,0.0,0.0,1.62,1.04,4.47,0,0.45,0.0,0.03,0.06,0.0,0.19,0.0,0.0,0.0,0.1,44.85,38.41,6.44,85.63,26.69,11.72,3.5,0.0,0.0,1.68,35.14,31,31,2779,0.06,0.0,1.13,0.23,7.12,0.06,4.4,60.44,1.98,53.51,2.43,67.57
160,999030,Ligue 1,23/24,Stade Rennais,Warmed Omari,Defender,6.96,0.04,0.03,0.0,0.17,0.04,0.09,25.0,0.26,75.0,0.04,0.0,0.0,0.0,0.04,0.04,0.0,0.0,0.0,0.0,0.0,0.0,0.0,0.0,1.39,1.43,3.26,0,0.52,0.09,0.0,0.0,0.09,0.3,0.0,0.0,0.0,0.22,55.97,50.41,5.56,90.06,31.29,19.12,5.26,0.0,0.0,3.22,69.81,25,23,2071,0.22,0.04,0.87,0.52,6.48,0.3,4.35,62.5,2.13,54.44,2.22,72.86
161,1156353,Ligue 1,23/24,Stade Brestois,Kamory Doumbia,Midfielder,6.96,0.62,0.43,0.0,2.59,1.14,0.83,24.0,1.34,46.43,0.52,0.1,0.0,0.1,0.52,0.21,0.1,0.0,0.0,0.0,0.0,0.0,0.0,0.0,2.9,0.93,0.62,0,1.97,0.0,0.0,0.0,0.0,0.1,0.1,0.52,0.0,1.24,49.14,43.14,6.0,87.79,15.1,28.03,13.55,0.0,0.0,1.76,73.91,25,7,870,0.1,0.0,1.55,1.03,13.66,1.86,6.31,43.26,5.28,43.59,1.03,41.67
162,1082953,Ligue 1,23/24,Clermont Foot,Habib Keita,Midfielder,6.96,0.07,0.05,0.0,1.41,0.35,0.63,5.0,0.99,58.33,0.07,0.0,0.0,0.07,0.0,0.14,0.0,0.0,0.0,0.0,0.0,0.0,0.0,0.0,2.39,2.04,2.11,0,0.77,0.0,0.0,0.0,0.0,0.14,0.07,0.0,0.0,0.7,47.08,41.45,5.63,88.04,23.22,18.3,7.46,0.07,25.0,3.73,80.3,27,12,1279,0.28,0.0,1.62,2.53,9.36,1.06,6.4,56.52,5.84,58.45,0.56,42.11
163,1445699,Ligue 1,23/24,Lille,Trévis Dago,Forward,6.95,0.0,0.13,0.0,3.33,0.0,0.0,0.0,3.33,100.0,0.0,0.0,0.0,0.0,0.0,0.0,0.0,0.0,0.0,0.0,0.0,0.0,0.0,0.0,0.0,3.33,0.0,0,0.0,0.0,0.0,0.0,0.0,0.0,3.33,3.33,0.0,3.33,13.33,6.67,6.67,50.0,3.33,3.33,3.33,0.0,0.0,0.0,0.0,4,0,27,3.33,0.0,6.67,3.33,6.67,0.0,10.0,50.0,6.67,50.0,3.33,50.0
164,862821,Ligue 1,23/24,Metz,Youssef Maziz,Midfielder,6.95,0.71,0.08,0.0,2.14,0.71,0.0,33.33,1.43,66.67,0.71,0.0,0.71,0.0,0.0,0.0,0.0,0.0,0.0,0.0,0.0,0.0,0.0,0.0,0.0,0.71,1.43,0,1.43,0.0,0.0,0.0,0.0,0.0,0.0,0.0,0.0,2.14,23.57,19.29,4.29,81.82,9.29,11.43,5.0,1.43,50.0,1.43,50.0,2,2,126,0.0,0.0,0.71,1.43,10.71,0.71,4.29,46.15,2.86,44.44,1.43,50.0
165,1102502,Ligue 1,23/24,Olympique de Marseille,Quentin Merlin,Defender,6.95,0.0,0.04,0.0,0.86,0.18,0.23,0.0,0.63,51.85,0.0,0.0,0.0,0.0,0.0,0.0,0.14,0.0,0.0,0.0,0.0,0.0,0.0,0.0,1.9,1.08,1.36,0,0.95,0.0,0.0,0.0,0.0,0.0,0.18,0.09,0.0,1.36,45.97,36.12,9.85,78.56,14.78,22.38,11.84,1.04,22.33,3.3,48.34,26,23,1991,0.05,0.0,0.9,1.13,17.22,0.54,4.07,51.43,3.66,55.86,0.41,30.0
166,839493,Ligue 1,23/24,Olympique de Marseille,Amir Murillo,Defender,6.95,0.27,0.08,0.0,0.54,0.36,0.09,50.0,1.07,63.16,0.18,0.09,0.09,0.09,0.09,0.0,0.54,0.0,0.0,0.0,0.0,0.0,0.0,0.0,2.05,0.98,2.77,0,0.71,0.0,0.18,0.0,0.0,0.18,0.27,0.18,0.0,0.62,45.89,39.02,6.88,85.02,21.07,18.21,7.41,0.27,18.75,1.96,59.46,16,10,1008,0.27,0.0,0.89,0.89,11.96,0.71,5.36,57.69,4.02,57.69,1.34,57.69
167,1012650,Ligue 1,23/24,Lorient,Souleymane Isaak Touré,Defender,6.95,0.04,0.08,0.13,0.79,0.39,0.31,5.56,0.48,78.57,0.04,0.0,0.0,0.04,0.0,0.0,0.0,0.0,0.0,0.0,0.0,0.0,0.0,0.0,1.1,1.58,4.25,0,0.26,0.04,0.04,0.04,0.0,0.09,0.0,0.04,0.0,0.31,55.66,50.0,5.66,89.83,32.41,17.68,5.66,0.09,40.0,1.8,56.16,24,23,2052,0.26,0.0,1.58,0.66,7.5,0.53,4.12,57.32,2.24,49.51,1.89,70.49
168,1009334,Ligue 1,23/24,Stade Rennais,Lorenz Assignon,Defender,6.95,0.09,0.04,0.0,0.98,0.36,0.36,9.09,0.89,43.48,0.09,0.0,0.0,0.0,0.09,0.0,0.09,0.09,0.0,0.0,0.0,0.0,0.0,0.0,2.13,0.8,1.96,0,1.33,0.09,0.0,0.0,0.0,0.09,0.09,0.09,0.0,1.78,42.87,37.44,5.42,87.34,16.1,22.14,11.29,0.8,40.91,0.8,40.91,14,12,1012,0.36,0.0,1.96,1.33,10.49,0.44,5.34,45.45,4.36,47.12,0.98,39.29
169,548848,Ligue 1,23/24,Olympique de Marseille,Pau López,Goalkeeper,6.94,0.0,0.0,0.0,0.0,0.0,0.0,0.0,0.0,0.0,0.0,0.0,0.0,0.0,0.0,0.0,0.0,0.0,0.0,0.0,0.0,0.0,0.0,0.0,0.0,0.0,0.73,0,0.06,0.03,0.0,0.0,0.0,0.21,0.03,0.0,0.0,0.06,33.07,24.99,8.08,75.56,22.54,2.45,0.98,0.0,0.0,4.38,36.11,33,33,2939,0.03,0.0,0.0,0.37,8.33,0.0,0.46,88.24,0.28,81.82,0.18,100.0
170,788977,Ligue 1,23/24,Toulouse,Stijn Spierings,Midfielder,6.94,0.0,0.02,0.0,0.6,0.05,0.33,0.0,0.27,45.45,0.0,0.0,0.0,0.0,0.0,0.0,0.0,0.05,0.0,0.0,0.0,0.0,0.0,0.0,2.97,1.54,1.76,0,1.26,0.0,0.0,0.0,0.0,0.11,0.05,0.05,0.0,0.77,61.81,54.23,7.58,87.73,22.09,32.2,14.34,0.05,8.33,3.96,61.02,26,17,1638,0.38,0.0,2.47,1.1,10.44,0.88,5.16,48.96,4.34,47.31,0.82,60.0
171,804472,Ligue 1,23/24,Nice,Pablo Rosario,Midfielder,6.94,0.0,0.05,0.04,0.71,0.13,0.49,0.0,0.49,57.89,0.0,0.0,0.0,0.0,0.0,0.0,0.04,0.04,0.0,0.0,0.0,0.0,0.0,0.0,1.6,1.29,1.43,0,0.49,0.0,0.0,0.04,0.0,0.31,0.09,0.0,0.0,0.76,50.33,45.29,5.04,89.99,26.97,18.45,6.46,0.13,50.0,1.34,50.0,30,21,2019,0.18,0.0,0.8,0.85,8.11,0.67,4.5,58.38,2.9,57.52,1.6,60.0
172,344751,Ligue 1,23/24,Stade Rennais,Baptiste Santamaria,Midfielder,6.94,0.0,0.09,0.09,1.3,0.42,0.56,0.0,0.65,60.87,0.0,0.0,0.0,0.0,0.0,0.0,0.05,0.0,0.0,0.0,0.0,0.0,0.0,0.0,2.42,1.58,1.49,0,0.79,0.0,0.05,0.0,0.0,0.23,0.0,0.05,0.0,0.6,55.99,49.02,6.97,87.55,24.86,24.16,10.41,0.0,0.0,4.0,71.07,30,22,1937,0.14,0.0,1.07,1.16,9.66,0.88,5.99,55.36,4.18,57.69,1.81,50.65
173,1049775,Ligue 1,23/24,Lille,Alexsandro Ribeiro,Defender,6.93,0.0,0.08,0.24,0.69,0.08,0.48,0.0,0.16,57.14,0.0,0.0,0.0,0.0,0.0,0.0,0.04,0.0,0.0,0.0,0.0,0.0,0.0,0.0,1.29,1.41,4.52,0,0.61,0.04,0.16,0.0,0.04,0.52,0.04,0.0,0.0,0.2,72.37,64.91,7.46,89.69,43.85,21.06,4.07,0.0,0.0,3.15,45.88,29,24,2231,0.24,0.04,1.09,1.49,8.67,0.28,4.52,62.22,2.86,58.68,1.65,69.49
174,158243,Ligue 1,23/24,Olympique Lyonnais,Nicolás Tagliafico,Defender,6.93,0.13,0.11,0.17,0.63,0.25,0.21,20.0,0.21,33.33,0.13,0.0,0.04,0.08,0.0,0.0,0.0,0.04,0.0,0.0,0.0,0.0,0.0,0.0,2.28,1.18,1.65,0,1.14,0.0,0.0,0.0,0.0,0.3,0.04,0.04,0.0,0.76,42.02,36.52,5.5,86.91,18.79,18.03,8.97,0.3,17.5,1.35,53.33,25,25,2127,0.21,0.04,1.57,1.35,8.97,0.51,4.7,52.36,3.81,51.14,0.89,58.33
175,106496,Ligue 1,23/24,Nantes,Nicolas Pallois,Defender,6.93,0.0,0.01,0.0,0.23,0.06,0.06,0.0,0.51,75.0,0.0,0.0,0.0,0.0,0.0,0.0,0.06,0.0,0.0,0.0,0.0,0.0,0.0,0.0,1.92,1.47,6.0,0,0.91,0.0,0.0,0.06,0.0,0.17,0.06,0.06,0.0,0.17,41.97,34.17,7.81,81.4,23.48,10.86,2.88,0.17,23.08,3.28,45.67,23,17,1591,0.28,0.0,1.13,0.45,9.39,0.17,4.58,57.45,2.88,55.43,1.7,61.22
176,78352,Ligue 1,23/24,Lille,Ismaily,Defender,6.93,0.04,0.01,0.0,0.26,0.15,0.04,14.29,0.95,47.27,0.04,0.0,0.0,0.0,0.04,0.0,0.11,0.0,0.0,0.0,0.0,0.0,0.0,0.0,2.63,1.17,2.41,0,1.06,0.0,0.0,0.0,0.0,0.29,0.07,0.04,0.0,0.36,46.55,38.82,7.73,83.39,18.13,20.94,8.24,0.26,24.14,1.13,42.47,30,28,2467,0.04,0.0,0.55,0.84,11.93,0.66,5.95,60.59,4.41,57.35,1.53,72.41
177,1087805,Ligue 1,23/24,RC Strasbourg,Marvin Senaya,Defender,6.93,0.04,0.05,0.04,0.71,0.17,0.34,5.88,1.13,43.55,0.04,0.0,0.0,0.04,0.0,0.04,0.0,0.0,0.0,0.0,0.0,0.0,0.0,0.0,3.02,1.72,2.64,0,1.09,0.0,0.0,0.04,0.0,0.08,0.13,0.04,0.0,0.88,35.87,29.29,6.58,81.66,16.3,13.87,5.36,0.88,26.58,1.68,53.33,32,23,2148,0.13,0.04,1.51,2.18,14.04,0.5,8.04,58.9,6.33,59.22,1.72,57.75
178,920008,Ligue 1,23/24,Clermont Foot,Neto Borges,Defender,6.93,0.0,0.02,0.0,0.57,0.07,0.29,0.0,1.0,57.14,0.0,0.0,0.0,0.0,0.0,0.0,0.29,0.07,0.0,0.0,0.0,0.0,0.0,0.0,1.71,2.04,2.64,0,1.25,0.0,0.0,0.0,0.0,0.14,0.07,0.04,0.0,0.89,41.02,33.98,7.04,82.84,19.08,15.43,6.5,0.54,18.99,1.43,44.44,28,28,2519,0.11,0.04,0.75,0.86,12.15,0.39,4.89,50.93,3.57,53.76,1.32,44.58
179,1153315,Ligue 1,23/24,Lille,Leny Yoro,Defender,6.93,0.07,0.05,0.13,0.47,0.27,0.13,14.29,0.27,80.0,0.07,0.0,0.03,0.0,0.03,0.0,0.0,0.0,0.0,0.0,0.0,0.0,0.0,0.0,1.21,1.21,3.26,0,0.47,0.0,0.03,0.03,0.03,0.44,0.0,0.0,0.0,0.07,62.91,57.97,4.93,92.16,44.82,13.16,2.15,0.0,0.0,2.72,52.26,32,30,2681,0.17,0.0,0.67,0.54,5.67,0.03,3.49,62.65,1.95,61.05,1.54,64.79
180,96544,Ligue 1,23/24,Olympique de Marseille,Geoffrey Kondogbia,Midfielder,6.93,0.0,0.02,0.0,0.49,0.06,0.31,0.0,0.56,81.82,0.0,0.0,0.0,0.0,0.0,0.0,0.12,0.0,0.0,0.0,0.0,0.0,0.0,0.0,2.96,1.85,1.48,0,1.17,0.0,0.0,0.0,0.0,0.12,0.06,0.0,0.0,0.68,58.25,51.27,6.98,88.02,25.33,26.01,11.18,0.06,50.0,3.52,61.29,26,15,1457,0.19,0.0,1.54,1.79,9.64,0.86,6.36,60.59,5.31,58.9,1.05,70.83
181,848537,Ligue 1,23/24,Montpellier,Boubakar Kouyaté,Defender,6.92,0.0,0.04,0.05,0.65,0.14,0.33,0.0,0.14,100.0,0.0,0.0,0.0,0.0,0.0,0.0,0.05,0.0,0.0,0.0,0.0,0.0,0.0,0.0,2.29,1.35,5.65,0,1.07,0.0,0.05,0.09,0.0,0.19,0.09,0.09,0.0,0.23,40.45,33.45,7.0,82.7,24.21,9.24,2.71,0.0,0.0,2.61,45.16,23,22,1929,0.23,0.05,1.63,0.98,7.98,0.09,6.25,60.91,3.36,55.38,2.89,68.89
182,871706,Ligue 1,23/24,Paris Saint-Germain,Randal Kolo Muani,Forward,6.92,0.43,0.43,0.21,1.57,0.93,0.28,27.27,1.99,41.18,0.43,0.0,0.0,0.14,0.28,0.0,0.43,0.14,0.0,0.0,0.0,0.0,0.0,0.0,0.71,0.28,0.71,0,0.57,0.0,0.0,0.0,0.0,0.14,0.21,0.36,0.0,1.85,24.85,18.16,6.69,73.07,4.84,13.6,8.76,0.28,44.44,0.43,42.86,26,13,1264,0.07,0.0,2.42,1.85,15.38,1.5,5.62,40.31,4.56,38.32,1.07,51.72
183,226958,Ligue 1,23/24,Toulouse,Mikkel Desler,Defender,6.92,0.0,0.06,0.06,0.93,0.0,0.58,0.0,0.81,63.64,0.0,0.0,0.0,0.0,0.0,0.0,0.06,0.0,0.0,0.0,0.0,0.0,0.0,0.0,1.05,1.1,2.09,0,0.46,0.0,0.0,0.0,0.0,0.06,0.06,0.06,0.0,0.46,44.45,37.82,6.62,85.1,16.68,21.38,11.16,0.23,13.33,0.76,30.95,24,19,1549,0.12,0.0,0.99,1.16,11.16,0.58,4.3,56.06,3.02,56.52,1.28,55.0
184,152813,Ligue 1,23/24,Olympique Lyonnais,Clinton Mata,Defender,6.92,0.0,0.02,0.0,0.57,0.0,0.28,0.0,0.93,67.65,0.0,0.0,0.0,0.0,0.0,0.0,0.04,0.0,0.0,0.0,0.0,0.0,0.12,0.0,1.74,1.62,1.94,0,0.69,0.0,0.0,0.0,0.0,0.28,0.24,0.12,0.0,0.57,53.0,45.61,7.39,86.05,26.58,19.59,9.53,0.57,26.92,1.9,37.9,28,25,2228,0.24,0.0,1.17,1.49,11.67,0.77,5.25,56.28,4.12,57.95,1.13,50.91
185,809034,Ligue 1,23/24,Nantes,Augusto Douglas,Midfielder,6.92,0.0,0.06,0.05,0.81,0.25,0.3,0.0,0.1,33.33,0.0,0.0,0.0,0.0,0.0,0.05,0.0,0.0,0.0,0.0,0.0,0.0,0.0,0.0,3.54,1.31,1.42,0,1.47,0.0,0.0,0.05,0.0,0.15,0.1,0.0,0.0,0.86,51.37,45.15,6.22,87.89,23.76,21.84,8.7,0.46,45.0,2.07,59.42,25,22,1780,0.4,0.0,2.43,1.21,8.29,0.4,5.26,48.83,4.8,51.63,0.46,31.03
186,1128530,Ligue 1,23/24,RC Lens,Neil El Aynaoui,Midfielder,6.92,0.06,0.14,0.23,1.25,0.46,0.51,4.55,0.85,48.39,0.06,0.0,0.0,0.06,0.0,0.0,0.06,0.06,0.0,0.0,0.0,0.0,0.0,0.0,2.11,1.82,1.14,0,1.48,0.0,0.06,0.0,0.0,0.34,0.11,0.11,0.0,0.91,37.68,32.66,5.02,86.69,15.39,17.38,8.38,0.11,28.57,0.57,35.71,25,17,1579,0.06,0.0,1.2,2.28,8.83,0.91,6.1,53.5,5.13,53.89,0.97,51.52
187,1128532,Ligue 1,23/24,RC Strasbourg,Habib Diarra,Midfielder,6.92,0.12,0.13,0.04,1.52,0.58,0.39,7.69,1.29,62.26,0.12,0.0,0.0,0.0,0.12,0.04,0.04,0.0,0.04,0.04,100.0,0.0,0.04,0.0,1.17,0.66,0.51,0,0.93,0.0,0.0,0.0,0.0,0.12,0.08,0.04,0.0,0.82,32.99,28.43,4.56,86.19,13.44,15.07,7.2,0.08,9.09,1.91,71.01,31,28,2311,0.12,0.0,1.56,1.6,8.88,1.09,4.6,46.64,4.01,48.36,0.58,37.5
188,1389846,Ligue 1,23/24,Metz,Lamine Camara,Midfielder,6.91,0.04,0.09,0.08,1.19,0.36,0.48,3.33,0.91,42.59,0.0,0.04,0.0,0.0,0.04,0.08,0.04,0.0,0.04,0.0,0.0,0.0,0.16,0.0,2.47,1.11,1.35,0,0.99,0.0,0.0,0.0,0.0,0.12,0.2,0.16,0.04,1.67,34.12,27.04,7.08,79.25,13.12,15.19,6.6,1.27,26.89,3.46,64.44,31,26,2263,0.12,0.0,1.79,1.79,15.47,1.11,5.61,47.96,5.13,50.39,0.48,31.58
189,985934,Ligue 1,23/24,Nice,Youssouf Ndayishimiye,Defender,6.91,0.0,0.06,0.05,0.74,0.16,0.32,0.0,0.58,78.57,0.0,0.0,0.0,0.0,0.0,0.05,0.0,0.0,0.0,0.0,0.0,0.0,0.0,0.0,1.63,0.63,2.31,0,0.58,0.05,0.0,0.0,0.0,0.47,0.05,0.0,0.0,0.58,71.09,63.99,7.09,90.02,39.46,24.54,7.04,0.0,0.0,1.73,49.25,23,20,1713,0.32,0.05,0.79,0.63,8.93,0.74,4.68,57.79,2.84,56.25,1.84,60.34
190,942844,Ligue 1,23/24,Lorient,Julien Ponceau,Midfielder,6.91,0.12,0.13,0.04,1.32,0.52,0.28,9.09,1.67,52.5,0.12,0.0,0.0,0.08,0.04,0.08,0.2,0.0,0.0,0.0,0.0,0.0,0.0,0.0,1.28,0.76,0.8,0,0.84,0.0,0.0,0.0,0.0,0.04,0.16,0.08,0.0,1.4,44.94,39.24,5.7,87.31,15.43,24.36,12.76,0.56,28.57,1.44,70.59,32,27,2257,0.2,0.0,1.2,1.36,12.64,1.63,4.71,42.91,4.27,45.34,0.44,28.21
191,216222,Ligue 1,23/24,Clermont Foot,Johan Gastien,Midfielder,6.91,0.0,0.01,0.0,0.48,0.2,0.16,0.0,0.32,36.36,0.0,0.0,0.0,0.0,0.0,0.0,0.04,0.0,0.0,0.0,0.0,0.0,0.0,0.0,1.7,1.43,0.79,0,2.3,0.0,0.16,0.0,0.0,0.08,0.08,0.0,0.0,1.27,65.41,54.84,10.57,83.84,29.06,26.29,10.97,0.51,33.33,4.87,60.0,28,28,2273,0.28,0.0,1.23,1.15,13.86,0.36,3.84,43.5,3.17,42.11,0.67,51.52
192,1063235,Ligue 1,23/24,Nice,Mohamed Ali Cho,Forward,6.91,0.1,0.12,0.1,1.88,0.63,0.73,5.56,1.67,45.71,0.1,0.0,0.0,0.1,0.0,0.1,0.31,0.1,0.0,0.0,0.0,0.0,0.0,0.0,1.25,0.31,0.42,0,0.83,0.0,0.0,0.1,0.0,0.0,0.31,0.21,0.0,1.46,23.26,19.19,4.07,82.51,6.57,13.56,6.57,0.94,20.45,0.21,100.0,17,11,863,0.21,0.0,1.77,2.29,13.66,1.67,5.74,43.31,5.21,45.87,0.52,27.78
193,229598,Ligue 1,23/24,Montpellier,Christopher Jullien,Defender,6.91,0.07,0.08,0.07,0.51,0.07,0.37,14.29,0.07,100.0,0.07,0.0,0.0,0.0,0.07,0.0,0.0,0.0,0.0,0.0,0.0,0.0,0.0,0.0,1.17,0.88,7.78,0,0.81,0.07,0.07,0.0,0.0,0.15,0.0,0.0,0.0,0.15,37.33,32.2,5.13,86.25,24.72,7.56,1.32,0.07,100.0,2.13,52.73,20,13,1227,0.37,0.0,0.95,0.37,5.72,0.0,4.91,58.26,1.61,50.0,3.3,63.38
194,1174462,Ligue 1,23/24,Lorient,Pablo Pagis,Forward,6.9,0.0,0.07,0.0,1.63,0.54,0.54,0.0,0.54,50.0,0.0,0.0,0.0,0.0,0.0,0.0,0.0,0.0,0.0,0.0,0.0,0.0,0.0,0.0,5.42,1.63,0.54,0,2.17,0.0,0.0,0.0,0.0,0.0,0.0,0.0,0.0,0.0,31.99,24.94,7.05,77.97,10.3,14.64,8.67,0.0,0.0,1.08,33.33,3,3,166,0.54,0.0,2.17,2.17,11.93,0.54,9.22,58.62,8.13,60.0,1.08,50.0
195,998253,Ligue 1,23/24,Olympique Lyonnais,Jake O'Brien,Defender,6.9,0.15,0.14,0.04,0.68,0.3,0.3,22.22,0.27,87.5,0.15,0.0,0.08,0.0,0.08,0.0,0.0,0.0,0.0,0.0,0.0,0.0,0.0,0.0,0.84,0.46,3.65,0,0.23,0.04,0.0,0.0,0.0,0.27,0.08,0.08,0.0,0.19,54.23,47.89,6.34,88.31,35.7,12.19,3.46,0.0,0.0,3.46,56.88,27,27,2370,0.15,0.04,0.65,0.38,6.99,0.19,3.15,61.03,1.48,58.21,1.67,63.77
196,606530,Ligue 1,23/24,Stade Rennais,Birger Meling,Defender,6.9,0.0,0.84,0.0,5.62,5.62,0.0,0.0,0.0,0.0,0.0,0.0,0.0,0.0,0.0,0.0,0.0,0.0,0.0,0.0,0.0,0.0,0.0,0.0,5.62,0.0,0.0,0,0.0,0.0,0.0,0.0,0.0,0.0,0.0,0.0,0.0,0.0,28.12,28.12,0.0,100.0,16.88,11.25,0.0,0.0,0.0,0.0,0.0,1,0,16,0.0,0.0,0.0,0.0,0.0,0.0,5.62,50.0,5.62,100.0,0.0,0.0
197,1545409,Ligue 1,23/24,Stade Rennais,Mahamadou Nagida,Defender,6.9,0.0,0.1,0.0,2.6,1.73,0.0,0.0,2.6,75.0,0.0,0.0,0.0,0.0,0.0,0.0,0.0,0.0,0.0,0.0,0.0,0.0,0.0,0.0,0.87,3.46,0.0,0,1.73,0.0,0.0,0.0,0.0,0.0,0.0,0.0,0.0,2.6,40.67,32.02,8.65,78.72,16.44,19.04,8.65,3.46,33.33,1.73,50.0,3,1,104,0.0,0.0,0.0,1.73,19.9,0.87,6.92,47.06,5.19,60.0,1.73,28.57
198,814023,Ligue 1,23/24,Nantes,Eray Cömert,Defender,6.9,0.09,0.03,0.0,0.41,0.14,0.18,22.22,0.05,50.0,0.09,0.0,0.05,0.0,0.05,0.0,0.05,0.0,0.0,0.0,0.0,0.0,0.05,0.0,1.89,1.62,3.42,0,0.45,0.0,0.05,0.09,0.0,0.27,0.0,0.0,0.0,0.18,47.66,42.16,5.5,88.47,30.86,11.4,2.88,0.09,66.67,3.29,51.41,25,23,1998,0.23,0.0,1.17,1.17,5.95,0.05,3.74,56.08,3.06,64.15,0.68,35.71
199,1108441,Ligue 1,23/24,Paris Saint-Germain,Lucas Beraldo,Defender,6.9,0.09,0.09,0.09,0.45,0.18,0.27,20.0,0.27,75.0,0.09,0.0,0.0,0.09,0.0,0.0,0.0,0.0,0.0,0.0,0.0,0.0,0.0,0.0,1.96,1.78,2.14,0,1.34,0.0,0.0,0.0,0.0,0.09,0.0,0.0,0.0,0.36,83.06,74.69,8.37,89.92,46.82,27.86,8.37,0.0,0.0,2.76,64.58,13,12,1011,0.36,0.09,1.07,1.16,9.44,0.18,4.72,54.64,3.38,56.72,1.34,50.0
200,839309,Ligue 1,23/24,Olympique Lyonnais,Paul Akouokou,Midfielder,6.9,0.0,0.02,0.0,0.58,0.0,0.58,0.0,0.87,100.0,0.0,0.0,0.0,0.0,0.0,0.0,0.0,0.0,0.0,0.0,0.0,0.0,0.0,0.0,4.08,1.75,3.2,0,0.29,0.0,0.0,0.0,0.0,0.0,0.0,0.0,0.0,0.0,53.88,46.02,7.86,85.41,22.43,23.59,10.78,0.0,0.0,2.33,72.73,8,4,309,0.29,0.0,2.62,0.87,9.61,0.29,8.16,63.64,5.83,64.52,2.33,61.54
201,352768,Ligue 1,23/24,Olympique Lyonnais,Ainsley Maitland-Niles,Defender,6.9,0.06,0.18,0.12,1.12,0.37,0.43,5.56,0.99,53.33,0.06,0.0,0.0,0.0,0.06,0.0,0.06,0.0,0.06,0.06,100.0,0.0,0.0,0.0,2.11,1.06,1.74,0,1.12,0.0,0.06,0.0,0.0,0.12,0.12,0.25,0.0,1.12,42.52,35.88,6.64,84.38,16.39,19.68,10.61,0.19,14.29,1.74,51.85,23,16,1450,0.06,0.06,0.31,0.68,10.8,0.68,4.9,53.38,3.79,55.96,1.12,46.15
202,914309,Ligue 1,23/24,Olympique de Marseille,Iliman Ndiaye,Midfielder,6.9,0.17,0.25,0.28,1.94,0.5,0.83,8.57,2.44,59.46,0.17,0.0,0.0,0.11,0.06,0.11,0.22,0.11,0.0,0.0,0.0,0.0,0.0,0.0,1.16,0.33,0.33,0,1.0,0.0,0.0,0.06,0.0,0.0,0.22,0.17,0.0,1.22,30.02,25.53,4.49,85.06,6.42,19.27,12.57,0.17,16.67,0.28,41.67,30,19,1625,0.0,0.06,1.22,1.44,11.91,2.27,5.43,44.75,5.04,45.27,0.39,38.89
203,1063237,Ligue 1,23/24,RC Strasbourg,Saïdou Sow,Defender,6.9,0.0,0.04,0.0,0.38,0.25,0.13,0.0,0.5,80.0,0.0,0.0,0.0,0.0,0.0,0.0,0.0,0.0,0.0,0.0,0.0,0.0,0.0,0.0,2.51,1.51,4.02,0,0.5,0.13,0.25,0.0,0.0,0.25,0.13,0.13,0.0,0.25,44.18,37.66,6.53,85.23,27.49,10.17,3.77,0.0,0.0,1.88,31.91,10,8,717,0.25,0.0,1.0,1.26,7.41,0.38,6.03,67.61,4.27,69.39,1.76,63.64
204,187205,Ligue 1,23/24,Paris Saint-Germain,Milan Škriniar,Defender,6.9,0.0,0.01,0.0,0.17,0.06,0.06,0.0,0.11,100.0,0.0,0.0,0.0,0.0,0.0,0.0,0.0,0.0,0.0,0.0,0.0,0.0,0.0,0.0,1.33,0.67,2.77,0,0.44,0.06,0.06,0.0,0.0,0.28,0.0,0.0,0.0,0.06,100.48,95.88,4.6,95.42,61.83,34.1,6.16,0.06,100.0,3.05,69.62,24,17,1623,0.06,0.0,0.78,0.55,5.1,0.06,3.38,55.45,1.94,60.34,1.44,50.0
205,149732,Ligue 1,23/24,Le Havre,Abdoulaye Touré,Midfielder,6.89,0.08,0.12,0.04,1.29,0.39,0.51,6.06,1.13,70.73,0.08,0.0,0.0,0.0,0.08,0.0,0.0,0.0,0.08,0.08,100.0,0.0,0.0,0.0,1.83,0.97,1.01,0,1.17,0.0,0.0,0.0,0.0,0.19,0.0,0.0,0.04,0.51,47.81,40.09,7.72,83.85,21.88,18.25,7.95,0.04,25.0,2.26,63.04,30,27,2308,0.16,0.0,1.05,1.25,11.15,1.09,5.85,52.45,4.06,52.0,1.79,53.49
206,541426,Ligue 1,23/24,Le Havre,Daler Kuzyaev,Midfielder,6.89,0.09,0.08,0.04,0.68,0.21,0.38,12.5,0.51,60.0,0.09,0.0,0.0,0.04,0.04,0.0,0.17,0.0,0.0,0.0,0.0,0.0,0.0,0.0,1.45,0.94,0.68,0,1.2,0.0,0.04,0.0,0.0,0.09,0.0,0.09,0.0,1.24,43.46,34.97,8.5,80.45,13.49,21.65,12.47,0.17,14.81,1.11,54.17,30,24,2108,0.04,0.0,1.28,1.11,12.04,0.64,4.18,49.49,2.99,46.98,1.2,57.14
207,883156,Ligue 1,23/24,Toulouse,César Gelabert,Midfielder,6.89,0.12,0.09,0.0,1.63,0.47,0.58,7.14,1.52,46.43,0.12,0.0,0.0,0.12,0.0,0.0,0.0,0.0,0.0,0.0,0.0,0.0,0.0,0.0,1.63,0.58,0.7,0,1.52,0.0,0.0,0.0,0.0,0.0,0.35,0.23,0.0,1.75,40.16,31.52,8.64,78.49,10.51,21.36,10.74,0.35,33.33,1.87,61.54,16,10,771,0.12,0.0,1.17,1.63,15.29,1.4,5.84,45.45,4.79,45.05,1.05,47.37
208,780014,Ligue 1,23/24,Paris Saint-Germain,Nordi Mukiele,Defender,6.89,0.0,0.15,0.34,1.01,0.67,0.22,0.0,0.9,88.89,0.0,0.0,0.0,0.0,0.0,0.11,0.11,0.0,0.0,0.0,0.0,0.0,0.0,0.0,1.35,1.57,3.03,0,0.79,0.0,0.0,0.0,0.0,0.45,0.0,0.0,0.0,0.34,59.59,49.83,9.76,83.62,31.31,18.63,7.18,0.11,33.33,2.36,51.22,16,9,802,0.22,0.0,1.57,1.12,13.47,1.23,6.28,57.73,3.37,48.39,2.92,74.29
209,822110,Ligue 1,23/24,RC Lens,Deiver Machado,Defender,6.89,0.32,0.13,0.0,1.28,0.64,0.24,25.0,0.56,41.18,0.24,0.08,0.08,0.24,0.0,0.0,0.16,0.0,0.0,0.0,0.0,0.0,0.08,0.0,1.92,0.56,0.64,0,0.4,0.0,0.0,0.0,0.0,0.0,0.08,0.0,0.0,1.04,29.57,24.22,5.36,81.89,10.55,14.15,7.51,0.48,20.69,0.64,38.1,19,13,1126,0.32,0.0,2.4,2.16,12.15,1.28,5.6,49.65,4.64,49.15,0.96,52.17
210,1102503,Ligue 1,23/24,Lorient,Ahmadou Bamba Dieng,Forward,6.89,0.66,0.54,0.33,2.82,1.49,0.99,23.53,0.5,30.0,0.66,0.0,0.0,0.0,0.66,0.0,0.99,0.0,0.0,0.0,0.0,0.0,0.33,0.0,0.5,0.0,1.16,0,0.33,0.0,0.0,0.0,0.0,0.0,0.5,0.17,0.0,1.33,18.4,14.59,3.81,79.28,7.29,7.46,3.65,0.17,20.0,0.33,100.0,16,5,543,0.5,0.0,1.16,3.15,10.61,1.66,6.96,48.28,4.14,49.02,2.82,47.22
211,999070,Ligue 1,23/24,Nantes,Matthis Abline,Forward,6.89,0.43,0.33,0.34,3.6,1.63,1.2,11.9,1.63,57.58,0.43,0.0,0.17,0.0,0.26,0.0,0.51,0.09,0.0,0.0,0.0,0.0,0.0,0.0,0.77,0.26,0.34,0,0.43,0.0,0.0,0.0,0.0,0.0,0.26,0.0,0.0,1.46,19.05,13.64,5.41,71.62,4.63,9.27,5.92,0.26,42.86,0.43,71.43,22,12,1049,0.09,0.0,0.86,1.12,12.96,1.2,4.8,44.44,3.52,48.81,1.29,35.71
212,1202024,Ligue 1,23/24,Olympique Lyonnais,Ernest Nuamah,Forward,6.88,0.15,0.2,0.19,2.09,0.97,0.34,6.98,2.48,44.74,0.1,0.05,0.05,0.1,0.0,0.05,0.58,0.0,0.0,0.0,0.0,0.0,0.15,0.0,1.36,0.39,0.44,0,1.27,0.0,0.0,0.05,0.0,0.05,0.29,0.1,0.0,1.41,29.74,24.92,4.82,83.8,6.77,19.08,12.31,0.92,25.33,1.27,81.25,29,21,1849,0.19,0.0,2.43,1.65,15.82,1.51,5.99,39.3,5.5,40.65,0.49,28.57
213,27035,Ligue 1,23/24,Le Havre,André Ayew,Forward,6.88,0.41,0.25,0.32,2.6,1.06,0.89,15.63,1.3,61.54,0.41,0.0,0.08,0.32,0.0,0.0,0.32,0.0,0.0,0.0,0.0,0.0,0.08,0.0,1.22,0.16,0.89,0,0.24,0.0,0.0,0.0,0.0,0.0,0.16,0.0,0.0,0.65,20.94,15.83,5.11,75.58,6.09,9.82,6.57,0.08,25.0,0.32,57.14,19,12,1109,0.16,0.08,1.22,2.11,10.23,1.62,8.2,48.1,4.63,56.44,3.57,40.37
214,227862,Ligue 1,23/24,RC Lens,Wesley Saïd,Forward,6.88,0.62,0.5,0.44,3.99,1.68,0.97,15.56,1.15,65.0,0.62,0.0,0.18,0.09,0.35,0.0,0.71,0.09,0.0,0.0,0.0,0.0,0.0,0.0,0.71,0.35,0.27,0,0.62,0.0,0.0,0.0,0.0,0.0,0.0,0.09,0.0,1.06,21.79,16.39,5.4,75.2,6.56,10.1,6.47,0.27,20.0,0.97,68.75,27,11,1016,0.09,0.0,2.92,1.33,11.16,0.97,3.9,35.2,3.1,39.33,0.8,25.0
215,99945,Ligue 1,23/24,Lorient,Vincent Le Goff,Defender,6.88,0.17,0.02,0.0,0.66,0.17,0.5,25.0,0.66,100.0,0.17,0.0,0.0,0.17,0.0,0.0,0.33,0.0,0.0,0.0,0.0,0.0,0.0,0.0,0.83,0.5,0.99,0,0.66,0.0,0.0,0.0,0.0,0.0,0.17,0.17,0.0,1.49,44.34,35.4,8.93,79.85,17.7,18.53,9.76,0.83,27.78,1.82,47.83,9,8,544,0.17,0.0,0.5,0.83,12.57,0.33,2.65,59.26,2.32,60.87,0.33,50.0
216,861324,Ligue 1,23/24,Stade Brestois,Hugo Magnetti,Midfielder,6.88,0.08,0.09,0.04,1.38,0.42,0.46,5.56,0.99,70.27,0.04,0.04,0.0,0.0,0.08,0.0,0.08,0.0,0.0,0.0,0.0,0.0,0.0,0.0,1.87,0.69,0.69,0,1.3,0.0,0.0,0.0,0.0,0.11,0.08,0.0,0.0,0.92,42.48,37.85,4.63,89.11,18.5,19.65,9.25,0.31,40.0,1.49,62.9,33,30,2354,0.23,0.0,0.8,0.65,7.49,0.69,4.01,49.53,3.52,52.27,0.5,36.11
217,894733,Ligue 1,23/24,Stade de Reims,Marshall Munetsi,Midfielder,6.88,0.17,0.26,0.33,1.82,0.66,0.79,9.09,0.41,32.26,0.17,0.0,0.12,0.0,0.04,0.04,0.12,0.04,0.0,0.0,0.0,0.0,0.0,0.0,2.52,0.58,1.36,0,1.16,0.0,0.0,0.0,0.0,0.12,0.08,0.12,0.0,0.5,21.53,15.5,6.03,71.98,6.74,8.93,4.83,0.17,22.22,0.62,40.54,27,25,2178,0.21,0.0,1.86,1.07,10.5,0.7,5.74,49.47,4.01,47.55,1.74,54.55
218,1403218,Ligue 1,23/24,Paris Saint-Germain,Yoram Zague,Defender,6.88,0.24,0.07,0.0,0.48,0.24,0.24,50.0,0.48,66.67,0.24,0.0,0.0,0.0,0.24,0.0,0.0,0.0,0.0,0.0,0.0,0.0,0.0,0.0,4.35,0.97,2.18,0,3.15,0.0,0.24,0.0,0.0,0.0,0.24,0.0,0.0,0.73,74.27,67.98,6.29,91.53,34.84,33.39,12.82,0.24,50.0,2.18,50.0,5,4,372,0.24,0.0,1.21,0.73,8.23,0.24,5.56,46.0,5.56,54.76,0.0,0.0
219,980406,Ligue 1,23/24,Le Havre,Étienne Youte Kinkoue,Defender,6.88,0.0,0.02,0.0,0.28,0.0,0.09,0.0,0.05,50.0,0.0,0.0,0.0,0.0,0.0,0.0,0.09,0.0,0.0,0.0,0.0,0.0,0.0,0.0,0.69,2.04,4.72,0,0.19,0.0,0.0,0.0,0.0,0.14,0.0,0.0,0.0,0.14,44.47,38.49,5.98,86.56,28.86,9.63,2.73,0.0,0.0,2.08,32.37,22,22,1943,0.05,0.0,0.51,0.23,6.48,0.09,2.36,63.75,0.97,56.76,1.39,69.77
220,985262,Ligue 1,23/24,Toulouse,Moussa Diarra,Defender,6.88,0.06,0.03,0.0,0.32,0.13,0.13,20.0,0.32,62.5,0.06,0.0,0.0,0.06,0.0,0.0,0.0,0.0,0.0,0.0,0.0,0.0,0.0,0.0,2.06,1.29,2.51,0,0.9,0.0,0.0,0.0,0.0,0.06,0.19,0.13,0.13,0.77,38.81,31.91,6.9,82.23,17.41,14.76,6.0,0.26,25.0,1.61,53.19,22,15,1396,0.32,0.0,1.42,1.16,10.38,0.39,4.9,55.47,3.55,55.0,1.35,56.76
221,785518,Ligue 1,23/24,Le Havre,Yoann Salmier,Defender,6.88,0.06,0.06,0.06,0.57,0.29,0.17,10.0,0.29,62.5,0.06,0.0,0.0,0.0,0.06,0.0,0.17,0.0,0.0,0.0,0.0,0.0,0.0,0.0,1.26,1.2,3.14,0,0.4,0.0,0.0,0.0,0.06,0.23,0.11,0.06,0.0,0.34,39.83,32.11,7.71,80.63,19.03,13.14,5.09,0.06,11.11,2.46,40.19,20,18,1575,0.17,0.0,1.03,0.51,9.83,0.23,3.71,56.52,2.06,55.38,1.66,58.0
222,1116954,Ligue 1,23/24,Nantes,Marquinhos,Midfielder,6.88,0.0,0.15,0.0,2.8,0.56,0.56,0.0,2.24,57.14,0.0,0.0,0.0,0.0,0.0,0.0,0.56,0.56,0.0,0.0,0.0,0.0,0.56,0.0,1.68,3.35,0.56,0,1.68,0.0,0.0,0.0,0.0,0.0,1.12,0.0,0.0,2.8,32.98,24.6,8.39,74.58,10.06,16.21,9.5,1.68,60.0,0.0,0.0,7,1,161,0.0,0.0,3.91,3.35,15.65,3.35,8.39,40.54,7.27,43.33,1.12,28.57
223,985923,Ligue 1,23/24,Nice,Hicham Boudaoui,Midfielder,6.88,0.11,0.18,0.17,1.61,0.33,0.55,6.9,1.22,56.41,0.11,0.0,0.0,0.06,0.06,0.0,0.06,0.06,0.0,0.0,0.0,0.0,0.0,0.0,2.27,0.61,0.83,0,0.5,0.0,0.0,0.0,0.0,0.33,0.17,0.0,0.0,1.16,38.19,33.04,5.15,86.52,18.1,15.11,7.03,0.17,13.04,1.0,48.65,29,17,1626,0.28,0.0,1.38,1.61,9.74,0.66,6.31,56.16,5.09,59.74,1.22,44.9
224,930231,Ligue 1,23/24,Stade Rennais,Christopher Wooh,Defender,6.87,0.06,0.09,0.06,0.65,0.13,0.39,10.0,0.06,25.0,0.06,0.0,0.0,0.0,0.06,0.0,0.0,0.0,0.0,0.0,0.0,0.0,0.0,0.0,1.17,1.17,3.05,0,0.45,0.0,0.0,0.06,0.0,0.19,0.13,0.0,0.0,0.39,50.84,43.64,7.2,85.84,28.34,15.3,4.47,0.0,0.0,2.72,45.65,18,15,1388,0.19,0.06,1.23,0.71,8.43,0.19,4.21,56.03,1.88,50.88,2.33,61.02
225,1049527,Ligue 1,23/24,Lorient,Siriné Doucouré,Forward,6.87,0.21,0.19,0.0,1.92,1.07,0.21,11.11,2.78,54.17,0.21,0.0,0.0,0.0,0.21,0.0,0.43,0.0,0.0,0.0,0.0,0.0,0.0,0.0,1.71,0.21,1.28,0,0.0,0.0,0.0,0.0,0.0,0.0,0.21,0.64,0.0,2.14,19.88,15.18,4.7,76.34,3.63,11.54,7.91,0.0,0.0,0.64,42.86,11,5,421,0.43,0.0,2.14,1.28,16.03,2.14,9.41,44.44,5.77,46.55,3.63,41.46
226,905352,Ligue 1,23/24,Stade de Reims,Keito Nakamura,Midfielder,6.87,0.26,0.2,0.06,2.65,0.84,1.1,9.76,1.23,59.38,0.26,0.0,0.06,0.0,0.19,0.06,0.13,0.0,0.0,0.0,0.0,0.0,0.0,0.0,1.81,0.39,0.32,0,1.29,0.0,0.0,0.0,0.0,0.06,0.26,0.06,0.0,0.91,24.02,18.58,5.44,77.36,5.83,13.01,8.55,0.26,17.39,1.04,57.14,25,17,1390,0.06,0.0,1.55,0.32,11.91,1.81,4.08,41.18,3.37,38.24,0.71,64.71
227,818440,Ligue 1,23/24,Lille,Adam Ounas,Midfielder,6.87,0.21,0.14,0.0,1.91,0.85,0.64,11.11,3.4,72.73,0.0,0.21,0.0,0.21,0.0,0.21,0.21,0.21,0.0,0.0,0.0,0.0,0.21,0.0,0.85,1.27,0.21,0,1.06,0.0,0.0,0.0,0.0,0.0,0.85,0.0,0.0,2.76,35.87,27.59,8.28,76.92,7.0,21.86,11.89,1.27,27.27,1.91,69.23,17,3,424,0.0,0.0,0.64,2.55,19.74,3.4,8.07,51.35,6.79,51.61,1.27,50.0
228,1128902,Ligue 1,23/24,Toulouse,Ibrahim Cissoko,Midfielder,6.87,0.36,0.28,0.0,2.85,1.78,0.0,12.5,6.05,58.62,0.36,0.0,0.0,0.0,0.36,0.0,0.71,0.0,0.0,0.0,0.0,0.0,0.0,0.0,1.42,0.36,0.0,0,0.71,0.0,0.0,0.0,0.0,0.0,0.0,0.36,0.0,2.13,33.44,27.75,5.69,82.98,6.4,24.9,15.3,3.56,50.0,0.36,33.33,11,2,253,0.36,0.0,0.36,2.13,18.14,1.07,9.6,54.0,9.6,60.0,0.0,0.0
229,1049515,Ligue 1,23/24,Stade Rennais,Alidu Seidu,Defender,6.87,0.0,0.02,0.0,0.41,0.05,0.31,0.0,0.88,53.13,0.0,0.0,0.0,0.0,0.0,0.05,0.05,0.0,0.0,0.0,0.0,0.0,0.0,0.0,2.74,1.81,2.33,0,0.62,0.0,0.0,0.05,0.0,0.16,0.05,0.05,0.0,0.41,52.26,45.08,7.19,86.25,28.43,16.65,6.26,0.0,0.0,1.81,36.46,25,20,1741,0.41,0.05,1.45,2.22,12.3,0.47,6.98,63.68,5.84,63.84,1.14,62.86
230,901152,Ligue 1,23/24,Montpellier,Theo Sainte Luce,Defender,6.87,0.0,0.03,0.0,0.78,0.26,0.52,0.0,0.78,37.5,0.0,0.0,0.0,0.0,0.0,0.0,0.0,0.0,0.0,0.0,0.0,0.0,0.0,0.0,4.43,0.78,3.13,0,2.09,0.0,0.0,0.0,0.0,0.0,0.0,0.0,0.0,0.26,34.17,28.96,5.22,84.73,18.52,10.7,4.43,0.26,14.29,1.04,57.14,6,3,345,0.26,0.0,0.78,1.04,12.52,0.26,7.04,56.25,6.26,58.54,0.78,42.86
231,901470,Ligue 1,23/24,RC Strasbourg,Gerzino Nyamsi,Defender,6.87,0.0,0.03,0.0,0.49,0.16,0.08,0.0,0.25,100.0,0.0,0.0,0.0,0.0,0.0,0.0,0.0,0.0,0.0,0.0,0.0,0.0,0.0,0.0,1.48,0.82,3.54,0,0.49,0.08,0.0,0.0,0.0,0.25,0.0,0.0,0.0,0.33,51.96,45.7,6.26,87.96,36.07,9.63,1.81,0.0,0.0,3.21,48.75,13,13,1093,0.08,0.0,1.07,0.0,6.92,0.08,3.38,56.94,1.73,51.22,1.65,64.52
232,1170197,Ligue 1,23/24,RC Strasbourg,Abakar Sylla,Defender,6.86,0.1,0.08,0.1,0.55,0.25,0.3,18.18,0.45,69.23,0.1,0.0,0.1,0.0,0.0,0.0,0.05,0.0,0.0,0.0,0.0,0.0,0.0,0.0,2.71,1.31,3.31,0,0.55,0.05,0.05,0.0,0.05,0.05,0.0,0.0,0.0,0.25,62.48,55.09,7.38,88.18,39.07,16.02,3.16,0.0,0.0,2.81,46.67,22,19,1792,0.2,0.0,1.51,0.2,9.19,0.35,4.97,57.89,3.36,57.76,1.61,58.18
233,998241,Ligue 1,23/24,Lorient,Darlin Yongwa,Defender,6.86,0.08,0.06,0.08,1.16,0.39,0.47,6.67,2.02,47.27,0.0,0.08,0.0,0.08,0.0,0.0,0.23,0.0,0.0,0.0,0.0,0.0,0.0,0.0,2.33,1.16,2.33,0,0.85,0.0,0.0,0.08,0.0,0.08,0.39,0.08,0.0,0.93,33.78,24.31,9.47,71.95,11.49,14.29,7.45,1.48,25.0,0.62,26.67,22,11,1159,0.23,0.0,1.63,2.48,21.12,1.48,7.69,52.11,6.76,52.1,0.93,52.17
234,1153265,Ligue 1,23/24,Lorient,Badredine Bouanani,Midfielder,6.86,0.15,0.24,0.15,2.86,0.9,1.05,5.26,1.81,52.17,0.15,0.0,0.0,0.0,0.15,0.15,0.15,0.0,0.0,0.0,0.0,0.0,0.0,0.0,1.05,0.75,0.3,0,0.45,0.0,0.0,0.0,0.0,0.0,0.45,0.0,0.0,2.26,33.86,28.14,5.72,83.11,10.54,18.96,11.44,1.35,50.0,2.71,78.26,18,5,598,0.0,0.0,0.75,2.26,14.3,1.96,5.12,49.28,5.12,52.31,0.0,0.0
235,799216,Ligue 1,23/24,Nantes,Pedro Chirivella,Midfielder,6.86,0.03,0.05,0.03,0.59,0.21,0.14,5.88,0.17,71.43,0.03,0.0,0.0,0.0,0.03,0.03,0.07,0.0,0.0,0.0,0.0,0.0,0.0,0.0,1.73,1.07,0.9,0,1.59,0.0,0.0,0.0,0.0,0.21,0.0,0.03,0.0,0.66,58.85,51.16,7.68,86.94,25.1,26.48,12.25,0.42,41.38,3.46,48.78,32,31,2600,0.17,0.0,0.9,0.73,10.0,0.48,3.08,45.64,2.63,46.63,0.45,40.63
236,999028,Ligue 1,23/24,Stade Rennais,Adrien Truffert,Defender,6.86,0.04,0.07,0.04,0.84,0.29,0.34,5.0,1.01,46.15,0.0,0.04,0.0,0.0,0.04,0.0,0.17,0.04,0.0,0.0,0.0,0.0,0.0,0.0,1.64,0.8,1.64,0,0.63,0.0,0.0,0.0,0.0,0.13,0.13,0.08,0.0,0.8,43.26,35.5,7.76,82.06,16.49,19.55,10.28,0.55,18.06,1.22,46.03,30,24,2145,0.25,0.0,1.05,1.17,15.61,1.01,4.57,48.88,3.69,49.72,0.88,45.65
237,996951,Ligue 1,23/24,Olympique Lyonnais,Sinaly Diomandé,Defender,6.86,0.0,0.1,0.1,0.61,0.1,0.3,0.0,0.1,50.0,0.0,0.0,0.0,0.0,0.0,0.0,0.0,0.0,0.0,0.0,0.0,0.0,0.0,0.0,1.01,1.52,2.53,0,0.71,0.0,0.1,0.0,0.0,0.3,0.1,0.0,0.0,0.3,57.24,52.38,4.85,91.52,34.48,18.0,4.96,0.1,100.0,2.22,56.41,10,10,890,0.2,0.0,1.21,0.81,5.97,0.2,3.54,50.0,1.92,50.0,1.62,50.0
238,78152,Ligue 1,23/24,RC Strasbourg,Matz Sels,Goalkeeper,6.86,0.0,0.0,0.0,0.0,0.0,0.0,0.0,0.0,0.0,0.0,0.0,0.0,0.0,0.0,0.0,0.0,0.0,0.0,0.0,0.0,0.0,0.0,0.0,0.0,0.0,1.0,0,0.0,0.0,0.05,0.0,0.0,0.16,0.05,0.0,0.0,0.05,29.0,20.32,8.68,70.05,17.37,2.95,1.21,0.0,0.0,6.26,42.2,19,19,1710,0.11,0.0,0.0,0.16,8.79,0.0,0.37,100.0,0.11,100.0,0.26,100.0
239,122943,Ligue 1,23/24,Clermont Foot,Florent Ogier,Defender,6.85,0.1,0.06,0.0,0.67,0.19,0.19,14.29,0.1,100.0,0.1,0.0,0.0,0.0,0.1,0.0,0.0,0.0,0.0,0.0,0.0,0.0,0.0,0.0,1.82,0.86,3.25,0,0.67,0.1,0.19,0.1,0.1,0.19,0.1,0.1,0.0,0.1,48.97,40.65,8.32,83.01,30.51,10.14,1.91,0.0,0.0,3.63,45.78,14,9,941,0.1,0.0,1.05,0.57,8.61,0.0,4.69,58.33,2.49,60.47,2.2,56.1
240,1173564,Ligue 1,23/24,RC Lens,Oscar Cortés,Midfielder,6.85,1.8,0.83,0.0,1.8,1.8,0.0,100.0,0.0,0.0,1.8,0.0,1.8,0.0,0.0,0.0,1.8,0.0,0.0,0.0,0.0,0.0,0.0,0.0,0.0,0.0,0.0,0,0.0,0.0,0.0,0.0,0.0,0.0,1.8,1.8,0.0,1.8,43.2,30.6,12.6,70.83,9.0,23.4,18.0,1.8,50.0,0.0,0.0,4,0,50,0.0,0.0,0.0,1.8,28.8,3.6,3.6,33.33,1.8,33.33,1.8,33.33
241,1473491,Ligue 1,23/24,Paris Saint-Germain,Senny Mayulu,Midfielder,6.85,0.0,0.04,0.0,0.84,0.0,0.56,0.0,1.39,50.0,0.0,0.0,0.0,0.0,0.0,0.0,0.28,0.0,0.0,0.0,0.0,0.0,0.0,0.0,3.62,0.84,0.0,0,0.28,0.0,0.0,0.0,0.0,0.0,0.0,0.28,0.0,1.67,44.86,39.01,5.85,86.96,10.31,29.81,13.1,1.11,30.77,0.0,0.0,8,3,323,0.0,0.0,2.23,0.84,14.49,0.84,5.85,56.76,5.85,56.76,0.0,0.0
242,1086455,Ligue 1,23/24,RC Strasbourg,Ângelo,Midfielder,6.85,0.0,0.04,0.08,0.74,0.33,0.25,0.0,2.45,56.6,0.0,0.0,0.0,0.0,0.0,0.0,0.16,0.08,0.0,0.0,0.0,0.0,0.0,0.0,1.96,0.74,0.08,0,1.63,0.0,0.0,0.0,0.0,0.0,0.33,0.25,0.08,2.21,30.95,23.28,7.68,75.2,5.55,18.62,11.19,0.9,26.19,0.98,42.86,21,11,1102,0.08,0.0,0.98,1.8,18.21,1.96,6.37,47.85,6.21,49.35,0.16,22.22
243,1492676,Ligue 1,23/24,RC Strasbourg,Rabby Nzingoula,Midfielder,6.85,0.0,0.06,0.0,0.69,0.69,0.0,0.0,1.37,50.0,0.0,0.0,0.0,0.0,0.0,0.0,0.0,0.0,0.0,0.0,0.0,0.0,0.0,0.0,2.06,3.44,0.0,0,0.69,0.0,0.0,0.0,0.0,0.0,0.0,0.69,0.0,1.37,27.48,18.55,8.93,67.5,8.24,10.31,5.5,0.0,0.0,0.69,50.0,6,1,131,0.69,0.0,4.12,1.37,16.49,1.37,6.18,39.13,4.81,41.18,1.37,33.33
244,1197153,Ligue 1,23/24,RC Strasbourg,Junior Mwanga,Midfielder,6.85,0.06,0.09,0.06,1.23,0.25,0.68,5.0,1.72,65.12,0.06,0.0,0.0,0.0,0.06,0.0,0.06,0.0,0.0,0.0,0.0,0.0,0.0,0.0,2.46,1.11,1.11,0,0.74,0.0,0.0,0.06,0.0,0.06,0.06,0.06,0.0,0.8,31.66,25.56,6.1,80.74,12.14,13.43,6.78,0.0,0.0,1.6,65.0,22,17,1461,0.18,0.0,1.36,1.36,10.97,1.48,6.28,55.43,5.48,54.94,0.8,59.09
245,873534,Ligue 1,23/24,AS Monaco,Krépin Diatta,Midfielder,6.85,0.0,0.04,0.07,0.66,0.0,0.44,0.0,2.13,67.44,0.0,0.0,0.0,0.0,0.0,0.0,0.07,0.0,0.0,0.0,0.0,0.0,0.07,0.0,2.72,1.18,1.62,0,1.62,0.0,0.0,0.0,0.0,0.22,0.22,0.15,0.0,1.69,45.33,35.62,9.71,78.57,12.44,23.99,12.44,0.81,28.21,1.99,56.25,26,12,1223,0.15,0.0,1.32,1.77,18.25,1.47,8.83,56.87,6.62,55.9,2.21,60.0
246,982316,Ligue 1,23/24,Lorient,Formose Mendy,Defender,6.85,0.0,0.02,0.0,0.5,0.14,0.29,0.0,0.43,54.55,0.0,0.0,0.0,0.0,0.0,0.0,0.0,0.0,0.0,0.0,0.0,0.0,0.0,0.0,2.36,1.43,4.0,0,0.93,0.07,0.0,0.14,0.07,0.14,0.0,0.0,0.0,0.14,48.64,38.86,9.79,79.88,24.0,15.14,5.29,0.29,30.77,3.86,51.43,18,13,1260,0.36,0.0,1.14,0.79,12.79,0.57,6.64,62.0,3.57,54.35,3.07,74.14
247,878938,Ligue 1,23/24,Toulouse,Cristian Cásseres Jr.,Midfielder,6.85,0.05,0.05,0.09,0.69,0.18,0.09,6.67,0.55,70.59,0.0,0.05,0.0,0.0,0.05,0.0,0.0,0.0,0.0,0.0,0.0,0.0,0.0,0.0,3.22,1.24,1.47,0,1.47,0.0,0.05,0.05,0.0,0.14,0.14,0.14,0.05,0.74,45.8,37.8,8.0,82.53,19.68,18.44,6.71,0.32,31.82,2.16,51.65,32,23,1957,0.05,0.0,1.93,1.61,10.81,0.6,6.07,53.23,5.38,56.8,0.69,35.71
248,3504,Ligue 1,23/24,RC Strasbourg,Kévin Gameiro,Forward,6.85,0.27,0.23,0.07,1.93,0.8,0.67,13.79,0.47,58.33,0.27,0.0,0.0,0.07,0.2,0.0,0.2,0.0,0.13,0.13,100.0,0.0,0.07,0.0,0.67,0.2,0.33,0,1.0,0.0,0.0,0.0,0.0,0.0,0.27,0.13,0.0,1.6,29.93,24.75,5.19,82.67,7.72,17.1,9.65,0.07,10.0,0.86,81.25,27,15,1353,0.0,0.0,0.2,0.4,9.05,1.0,1.8,35.06,1.53,37.7,0.27,25.0
249,1194333,Ligue 1,23/24,RC Lens,Abdukodir Khusanov,Defender,6.85,0.0,0.02,0.0,0.55,0.22,0.22,0.0,0.11,50.0,0.0,0.0,0.0,0.0,0.0,0.0,0.0,0.0,0.0,0.0,0.0,0.0,0.0,0.0,2.31,1.43,3.3,0,0.88,0.0,0.22,0.11,0.0,0.33,0.0,0.0,0.0,0.11,48.14,42.19,5.95,87.64,29.08,13.11,4.3,0.0,0.0,2.42,46.81,11,9,817,0.55,0.0,0.99,0.77,6.94,0.0,3.86,60.34,3.19,61.7,0.66,54.55
250,814214,Ligue 1,23/24,Montpellier,Silvan Hefti,Defender,6.84,0.0,0.03,0.0,0.51,0.13,0.25,0.0,0.88,77.78,0.0,0.0,0.0,0.0,0.0,0.0,0.0,0.0,0.0,0.0,0.0,0.0,0.0,0.0,2.65,1.01,0.88,0,1.77,0.0,0.0,0.0,0.0,0.25,0.38,0.13,0.0,0.51,31.73,23.51,8.22,74.1,11.38,12.51,6.07,0.38,15.79,0.88,24.14,11,9,712,0.13,0.0,0.63,1.01,13.15,0.76,4.93,52.7,4.42,56.45,0.51,33.33
251,291695,Ligue 1,23/24,Montpellier,Issiaga Sylla,Defender,6.84,0.06,0.09,0.12,0.8,0.31,0.25,7.69,0.62,52.63,0.06,0.0,0.0,0.06,0.0,0.06,0.19,0.0,0.0,0.0,0.0,0.0,0.0,0.0,1.73,1.42,2.84,0,1.11,0.0,0.0,0.0,0.0,0.19,0.12,0.12,0.0,0.99,32.8,24.65,8.15,75.14,13.34,11.86,5.37,0.56,20.93,1.48,43.64,19,17,1457,0.19,0.0,1.3,0.62,15.2,0.86,4.08,46.81,2.9,44.34,1.17,54.29
252,1131541,Ligue 1,23/24,Olympique de Marseille,Bamo Meïté,Defender,6.84,0.0,0.01,0.0,0.11,0.0,0.11,0.0,0.56,71.43,0.0,0.0,0.0,0.0,0.0,0.0,0.0,0.0,0.0,0.0,0.0,0.0,0.0,0.0,2.03,1.58,4.51,0,0.56,0.0,0.0,0.11,0.0,0.23,0.0,0.0,0.0,0.11,60.68,55.38,5.3,91.26,36.2,19.17,5.41,0.0,0.0,1.58,50.0,18,8,798,0.11,0.0,1.13,0.79,7.67,0.56,5.98,61.63,3.38,57.69,2.59,67.65
253,257091,Ligue 1,23/24,Olympique Lyonnais,Duje Ćaleta-Car,Defender,6.84,0.0,0.02,0.05,0.32,0.05,0.18,0.0,0.05,50.0,0.0,0.0,0.0,0.0,0.0,0.0,0.0,0.0,0.0,0.0,0.0,0.0,0.0,0.0,1.17,0.81,4.19,0,0.18,0.0,0.05,0.0,0.0,0.36,0.09,0.0,0.0,0.32,54.05,47.21,6.85,87.33,35.63,11.58,2.7,0.0,0.0,2.43,42.52,24,22,1998,0.09,0.05,0.72,0.23,7.12,0.05,4.01,71.2,1.44,61.54,2.57,78.08
254,938270,Ligue 1,23/24,Nantes,Abdoul Kader Bamba,Midfielder,6.84,0.3,0.33,0.15,2.07,0.74,0.44,14.29,1.48,41.67,0.15,0.15,0.0,0.0,0.3,0.0,0.74,0.15,0.0,0.0,0.0,0.0,0.15,0.0,1.48,0.59,0.59,0,1.48,0.0,0.15,0.0,0.0,0.0,0.3,0.15,0.0,1.63,44.56,37.75,6.81,84.72,11.69,26.94,15.84,0.89,23.08,1.78,80.0,23,1,608,0.3,0.0,0.44,5.18,17.17,1.92,9.03,57.01,8.14,57.89,0.89,50.0
255,827804,Ligue 1,23/24,Lille,Yusuf Yazıcı,Midfielder,6.84,0.34,0.37,0.41,2.71,0.95,1.02,12.5,0.88,43.33,0.27,0.07,0.0,0.27,0.07,0.14,0.27,0.0,0.0,0.0,0.0,0.07,0.41,16.67,1.29,0.34,0.34,0,0.74,0.0,0.0,0.0,0.0,0.07,0.34,0.14,0.0,1.22,31.53,24.97,6.56,79.18,8.26,17.19,10.35,0.47,36.84,0.74,55.0,27,16,1330,0.34,0.0,1.29,0.95,12.45,1.49,3.45,38.06,3.11,40.0,0.34,26.32
256,1154630,Ligue 1,23/24,Toulouse,Guillaume Restes,Goalkeeper,6.84,0.0,0.0,0.0,0.0,0.0,0.0,0.0,0.03,100.0,0.0,0.0,0.0,0.0,0.0,0.0,0.0,0.0,0.0,0.0,0.0,0.0,0.0,0.0,0.0,0.0,0.79,0,0.09,0.03,0.0,0.03,0.0,0.18,0.0,0.0,0.0,0.0,23.56,16.88,6.68,71.66,15.29,1.59,0.26,0.0,0.0,3.44,34.72,34,34,3060,0.09,0.0,0.03,0.32,6.82,0.0,0.41,77.78,0.21,63.64,0.21,100.0
257,1169436,Ligue 1,23/24,Toulouse,Frank Magri,Forward,6.84,0.31,0.19,0.19,2.53,0.86,0.99,12.2,0.8,39.39,0.31,0.0,0.06,0.06,0.19,0.0,0.19,0.0,0.0,0.0,0.0,0.0,0.0,0.0,1.36,0.25,0.93,0,0.37,0.0,0.0,0.0,0.0,0.0,0.06,0.12,0.0,0.86,19.21,13.77,5.44,71.7,3.4,10.62,6.18,0.25,23.53,0.12,22.22,29,14,1457,0.31,0.0,2.53,1.42,11.49,1.54,5.74,39.41,3.46,38.62,2.29,40.66
258,990743,Ligue 1,23/24,RC Lens,Morgan Guilavogui,Forward,6.84,0.32,0.26,0.32,3.41,1.3,1.95,9.52,0.81,50.0,0.32,0.0,0.0,0.16,0.16,0.16,1.14,0.0,0.0,0.0,0.0,0.0,0.0,0.0,3.41,0.65,1.14,0,0.97,0.0,0.0,0.0,0.0,0.0,0.49,0.0,0.0,2.27,34.77,26.81,7.96,77.1,6.66,20.14,14.46,0.0,0.0,1.3,88.89,23,2,554,0.16,0.0,2.27,1.14,16.57,2.76,7.96,48.51,5.36,44.59,2.6,59.26
259,988632,Ligue 1,23/24,Clermont Foot,Jim Allevinah,Forward,6.84,0.1,0.12,0.1,1.78,0.53,0.63,5.41,1.35,44.44,0.1,0.0,0.05,0.0,0.05,0.05,0.05,0.0,0.0,0.0,0.0,0.0,0.0,0.0,1.44,0.63,1.35,0,1.01,0.0,0.0,0.0,0.0,0.0,0.14,0.05,0.0,0.96,30.56,25.6,4.96,83.78,12.03,14.01,7.51,0.43,19.15,0.48,43.48,29,22,1870,0.05,0.0,0.72,1.25,13.09,1.25,4.81,44.84,4.04,46.41,0.77,38.1
260,191204,Ligue 1,23/24,Nantes,Jean-Charles Castelletto,Defender,6.84,0.07,0.02,0.0,0.36,0.22,0.11,20.0,0.29,57.14,0.07,0.0,0.04,0.0,0.04,0.0,0.07,0.0,0.0,0.0,0.0,0.0,0.0,0.0,1.24,1.17,2.85,0,0.4,0.0,0.0,0.07,0.0,0.18,0.04,0.0,0.0,0.36,46.39,40.26,6.13,86.78,25.62,14.74,5.26,0.11,15.0,2.04,42.42,28,28,2466,0.18,0.0,1.2,0.66,8.1,0.26,4.05,55.78,2.19,51.72,1.86,61.45
261,909318,Ligue 1,23/24,Le Havre,Mohamed Bayo,Forward,6.84,0.32,0.47,0.45,2.88,1.15,1.02,11.11,1.09,44.74,0.32,0.0,0.0,0.13,0.19,0.13,0.45,0.0,0.13,0.13,100.0,0.0,0.0,0.0,0.83,0.13,0.7,0,0.51,0.0,0.0,0.0,0.0,0.0,0.0,0.06,0.0,0.83,19.27,12.8,6.47,66.45,4.29,8.58,5.57,0.06,12.5,0.32,55.56,22,16,1406,0.26,0.0,0.9,0.83,12.23,1.54,5.06,42.02,2.75,39.45,2.3,45.57
262,879618,Ligue 1,23/24,Lorient,Montassar Talbi,Defender,6.84,0.0,0.02,0.04,0.2,0.08,0.0,0.0,0.41,66.67,0.0,0.0,0.0,0.0,0.0,0.0,0.04,0.0,0.0,0.0,0.0,0.0,0.0,0.0,1.55,1.31,4.37,0,0.53,0.0,0.0,0.0,0.0,0.16,0.0,0.0,0.0,0.29,47.92,40.98,6.94,85.52,28.12,12.86,4.12,0.0,0.0,2.24,38.19,25,25,2205,0.08,0.0,0.73,0.33,8.69,0.16,4.37,58.47,2.24,59.14,2.12,57.78
263,1129751,Ligue 1,23/24,Stade Brestois,Julien Le Cardinal,Defender,6.83,0.0,0.05,0.0,0.66,0.33,0.33,0.0,0.66,66.67,0.0,0.0,0.0,0.0,0.0,0.0,0.0,0.0,0.0,0.0,0.0,0.0,0.0,0.0,4.12,2.14,3.79,0,1.48,0.0,0.0,0.0,0.0,0.0,0.0,0.0,0.0,0.33,44.51,37.75,6.76,84.81,24.07,13.68,4.62,0.0,0.0,5.44,67.35,14,5,546,0.49,0.0,1.48,0.99,10.38,0.16,7.75,61.04,5.77,62.5,1.98,57.14
264,892430,Ligue 1,23/24,Metz,Fali Candé,Defender,6.83,0.0,0.04,0.05,0.63,0.34,0.15,0.0,0.34,70.0,0.0,0.0,0.0,0.0,0.0,0.0,0.0,0.05,0.0,0.0,0.0,0.0,0.1,0.0,1.94,0.97,5.2,0,0.73,0.05,0.0,0.1,0.0,0.19,0.0,0.05,0.0,0.29,36.59,29.35,7.24,80.21,21.72,7.63,2.72,0.0,0.0,3.35,46.0,25,20,1852,0.19,0.0,0.68,0.78,9.09,0.1,4.52,62.42,3.01,64.58,1.51,58.49
265,842419,Ligue 1,23/24,Nice,Valentin Rosier,Defender,6.83,0.0,0.06,0.0,1.53,0.0,1.53,0.0,0.0,0.0,0.0,0.0,0.0,0.0,0.0,0.0,0.0,0.0,0.0,0.0,0.0,0.0,0.0,0.0,1.53,3.05,6.1,0,0.0,0.0,0.0,0.0,0.0,0.0,0.0,0.0,0.0,3.05,42.71,35.08,7.63,82.14,15.25,19.83,13.73,0.0,0.0,1.53,33.33,3,0,59,0.0,0.0,0.0,1.53,13.73,1.53,4.58,60.0,3.05,50.0,1.53,100.0
266,977679,Ligue 1,23/24,Olympique de Marseille,Luís Henrique,Midfielder,6.83,0.11,0.14,0.11,1.35,0.34,0.56,8.33,1.47,54.17,0.11,0.0,0.0,0.0,0.11,0.0,0.68,0.0,0.0,0.0,0.0,0.0,0.0,0.0,0.9,0.9,0.34,0,0.34,0.0,0.0,0.0,0.0,0.0,0.11,0.0,0.0,1.13,38.8,32.03,6.77,82.56,8.57,24.14,14.66,0.68,22.22,1.8,53.33,15,8,798,0.0,0.0,0.11,0.23,14.1,1.02,2.59,48.94,2.59,48.94,0.0,0.0
267,1095731,Ligue 1,23/24,Le Havre,Oussama Targhalline,Midfielder,6.83,0.0,0.02,0.0,0.52,0.0,0.44,0.0,0.61,50.0,0.0,0.0,0.0,0.0,0.0,0.0,0.0,0.0,0.0,0.0,0.0,0.0,0.0,0.0,2.01,1.74,1.22,0,0.87,0.0,0.17,0.0,0.0,0.0,0.0,0.0,0.0,0.7,60.26,51.72,8.55,85.82,23.81,28.26,12.65,0.35,50.0,2.27,54.17,14,12,1032,0.17,0.09,1.13,1.83,10.99,0.44,5.06,54.72,4.36,58.82,0.7,38.1
268,978301,Ligue 1,23/24,Olympique de Marseille,Jean Onana,Midfielder,6.82,0.16,0.13,0.16,1.26,0.47,0.79,12.5,0.32,40.0,0.16,0.0,0.16,0.0,0.0,0.0,0.0,0.0,0.0,0.0,0.0,0.0,0.0,0.0,3.63,1.74,1.58,0,1.89,0.0,0.16,0.0,0.0,0.0,0.0,0.0,0.0,0.32,71.37,62.84,8.53,88.05,33.95,28.89,10.26,0.0,0.0,2.21,45.16,13,5,570,0.16,0.0,2.37,1.26,11.68,0.47,6.95,53.01,5.05,49.23,1.89,66.67
269,991421,Ligue 1,23/24,Olympique de Marseille,Azzedine Ounahi,Midfielder,6.82,0.15,0.07,0.07,1.18,0.3,0.59,12.5,0.59,30.77,0.07,0.07,0.0,0.0,0.15,0.0,0.07,0.0,0.0,0.0,0.0,0.0,0.0,0.0,1.85,0.81,0.52,0,1.55,0.0,0.0,0.0,0.0,0.07,0.15,0.0,0.0,1.11,58.25,52.79,5.46,90.62,19.64,33.45,18.31,0.3,18.18,1.48,71.43,21,15,1219,0.22,0.0,1.11,1.77,11.52,1.26,4.43,42.86,4.21,45.24,0.22,21.43
270,1121333,Ligue 1,23/24,Stade de Reims,Amir Richardson,Midfielder,6.82,0.2,0.11,0.07,1.13,0.53,0.6,17.65,0.53,30.77,0.2,0.0,0.0,0.2,0.0,0.0,0.0,0.0,0.0,0.0,0.0,0.0,0.0,0.0,2.2,1.0,1.93,0,0.8,0.0,0.0,0.0,0.0,0.07,0.13,0.07,0.0,0.8,42.1,35.16,6.94,83.52,14.54,20.75,9.74,0.13,15.38,2.0,57.69,28,14,1349,0.27,0.0,2.0,1.47,12.08,1.4,5.34,47.06,4.2,44.37,1.13,60.71
271,352296,Ligue 1,23/24,AS Monaco,Breel Embolo,Forward,6.82,0.47,0.34,0.47,2.84,1.42,0.47,16.67,1.89,57.14,0.47,0.0,0.0,0.0,0.47,0.0,1.42,0.0,0.0,0.0,0.0,0.0,0.0,0.0,1.42,0.47,0.95,0,1.42,0.0,0.0,0.0,0.0,0.0,0.0,0.0,0.0,1.42,21.32,17.53,3.79,82.22,3.32,14.21,8.53,0.0,0.0,1.89,100.0,5,2,190,0.0,0.0,1.42,3.32,12.79,3.32,7.11,38.46,6.63,46.67,0.47,11.11
272,231946,Ligue 1,23/24,RC Lens,Adrien Thomasson,Midfielder,6.82,0.07,0.29,0.52,2.32,0.52,0.82,3.23,0.67,64.29,0.0,0.07,0.0,0.0,0.07,0.07,0.37,0.07,0.0,0.0,0.0,0.0,0.0,0.0,1.87,0.67,0.67,0,1.72,0.07,0.0,0.0,0.0,0.0,0.52,0.15,0.0,2.24,46.83,36.9,9.93,78.79,11.65,26.07,16.58,0.82,23.4,0.6,61.54,29,13,1205,0.22,0.0,1.2,1.2,17.1,1.64,4.71,41.72,3.73,43.48,0.97,36.11
273,806076,Ligue 1,23/24,Stade Rennais,Ludovic Blas,Midfielder,6.82,0.23,0.27,0.17,2.52,0.97,0.69,9.09,1.43,39.06,0.23,0.0,0.0,0.17,0.06,0.0,0.17,0.0,0.11,0.06,50.0,0.0,0.0,0.0,1.72,0.34,0.29,0,0.92,0.0,0.0,0.0,0.0,0.11,0.17,0.06,0.0,1.15,25.59,21.87,3.72,85.46,6.87,15.52,10.13,0.52,16.98,1.77,79.49,29,18,1572,0.17,0.0,2.52,1.95,12.71,1.66,5.38,39.83,5.1,41.98,0.29,20.83
274,880765,Ligue 1,23/24,Le Havre,Emmanuel Sabbi,Forward,6.82,0.28,0.23,0.11,1.75,0.73,0.62,16.13,1.13,35.09,0.28,0.0,0.0,0.06,0.23,0.06,0.11,0.11,0.11,0.11,100.0,0.0,0.0,0.0,2.15,1.07,0.23,0,1.3,0.0,0.0,0.0,0.0,0.0,0.23,0.06,0.0,0.56,19.21,14.12,5.08,73.53,5.37,8.98,5.54,0.23,20.0,0.34,50.0,30,18,1593,0.28,0.0,1.47,2.09,12.37,1.24,6.05,43.32,5.37,47.26,0.68,26.09
275,884948,Ligue 1,23/24,Clermont Foot,Shamar Nicholson,Forward,6.81,0.24,0.37,0.48,2.39,1.19,0.6,10.0,0.48,32.0,0.24,0.0,0.0,0.0,0.24,0.0,0.84,0.12,0.12,0.06,50.0,0.0,0.06,0.0,0.36,0.0,0.9,0,0.18,0.0,0.0,0.0,0.0,0.06,0.06,0.18,0.0,1.07,22.69,16.12,6.57,71.05,5.55,10.69,6.27,0.12,33.33,0.72,63.16,26,17,1507,0.12,0.0,1.19,1.55,10.93,1.07,5.2,42.65,2.33,41.49,2.87,43.64
276,886534,Ligue 1,23/24,Metz,Ablie Jallow,Midfielder,6.81,0.29,0.19,0.1,1.74,0.68,0.39,16.67,1.55,43.24,0.19,0.1,0.0,0.29,0.0,0.0,0.0,0.0,0.1,0.1,100.0,0.0,0.1,0.0,0.78,0.78,0.19,0,0.19,0.0,0.0,0.0,0.0,0.0,0.1,0.19,0.1,1.26,28.19,23.25,4.94,82.47,10.17,13.66,6.59,0.58,26.09,1.74,64.29,17,10,929,0.1,0.0,0.78,1.36,12.21,1.36,4.17,40.95,3.58,45.68,0.58,25.0
277,1397558,Ligue 1,23/24,AS Monaco,Kassoum Ouattara,Defender,6.81,0.14,0.18,0.28,1.11,0.7,0.28,12.5,1.11,47.06,0.14,0.0,0.0,0.14,0.0,0.0,0.0,0.0,0.0,0.0,0.0,0.0,0.0,0.0,2.37,1.81,2.51,0,1.53,0.0,0.0,0.0,0.0,0.14,0.42,0.0,0.0,0.84,32.46,22.57,9.89,69.53,7.8,15.74,8.08,0.98,20.0,1.11,38.1,14,7,646,0.28,0.0,1.39,1.25,21.73,1.53,6.97,51.02,4.74,45.33,2.23,69.57
278,1173172,Ligue 1,23/24,Stade Rennais,Jeanuël Belocian,Defender,6.81,0.0,0.03,0.06,0.19,0.0,0.12,0.0,0.31,71.43,0.0,0.0,0.0,0.0,0.0,0.0,0.0,0.0,0.0,0.0,0.0,0.0,0.0,0.0,1.98,0.8,2.6,0,0.37,0.0,0.0,0.0,0.0,0.0,0.0,0.06,0.0,0.37,49.86,44.6,5.26,89.45,27.53,17.2,7.67,0.12,15.38,2.23,60.0,23,16,1455,0.0,0.0,0.74,0.93,7.24,0.25,3.84,65.26,3.22,70.27,0.62,47.62
279,1471683,Ligue 1,23/24,Metz,Sadibou Sané,Defender,6.81,0.0,0.04,0.0,0.53,0.11,0.32,0.0,0.32,100.0,0.0,0.0,0.0,0.0,0.0,0.0,0.11,0.0,0.0,0.0,0.0,0.0,0.0,0.0,2.0,0.84,6.54,0,0.11,0.0,0.0,0.0,0.0,0.11,0.0,0.0,0.0,0.11,30.18,24.58,5.59,81.47,17.51,7.28,1.79,0.21,25.0,2.53,58.54,14,9,853,0.11,0.0,0.95,0.53,7.07,0.0,4.22,64.52,2.85,72.97,1.37,52.0
280,149730,Ligue 1,23/24,Nice,Gaëtan Laborde,Forward,6.81,0.24,0.36,0.28,3.01,1.08,1.08,7.81,0.8,34.0,0.24,0.0,0.0,0.09,0.14,0.05,0.19,0.0,0.09,0.05,50.0,0.0,0.09,0.0,0.85,0.28,0.33,0,0.89,0.0,0.05,0.05,0.0,0.05,0.19,0.09,0.0,1.27,23.06,16.29,6.78,70.61,5.98,11.06,5.37,0.75,25.81,0.61,43.33,34,22,1912,0.09,0.0,1.18,0.38,13.37,1.22,3.53,36.06,2.02,29.86,1.51,50.0
281,827942,Ligue 1,23/24,Stade de Reims,Sergio Akieme,Defender,6.8,0.22,0.16,0.0,1.21,0.22,0.33,18.18,0.88,47.06,0.11,0.11,0.0,0.22,0.0,0.0,0.0,0.0,0.0,0.0,0.0,0.0,0.0,0.0,1.21,1.1,2.64,0,0.33,0.0,0.0,0.0,0.0,0.11,0.0,0.0,0.0,0.66,29.71,24.54,5.17,82.59,12.65,12.21,5.94,0.33,14.29,1.43,40.63,13,8,818,0.22,0.0,1.87,1.1,11.22,0.88,3.85,46.05,3.19,43.94,0.66,60.0
282,954060,Ligue 1,23/24,Montpellier,Tanguy Coulibaly,Midfielder,6.8,0.14,0.37,0.29,2.46,1.16,0.43,5.88,2.46,70.83,0.14,0.0,0.0,0.14,0.0,0.14,0.0,0.14,0.0,0.0,0.0,0.0,0.0,0.0,1.88,0.29,0.14,0,0.72,0.0,0.0,0.0,0.0,0.0,0.14,0.0,0.0,1.3,22.9,19.13,3.77,83.54,7.1,12.03,6.23,0.0,0.0,0.0,0.0,16,7,621,0.29,0.0,1.74,2.03,13.91,2.17,7.54,52.0,6.38,53.66,1.16,44.44
283,862773,Ligue 1,23/24,Toulouse,Denis Genreau,Midfielder,6.8,0.0,0.07,0.19,0.58,0.19,0.19,0.0,0.78,36.36,0.0,0.0,0.0,0.0,0.0,0.0,0.0,0.0,0.0,0.0,0.0,0.0,0.0,0.0,2.33,1.16,1.16,0,1.36,0.0,0.0,0.0,0.0,0.0,0.19,0.0,0.0,1.16,38.02,28.12,9.89,73.98,12.8,15.52,8.15,0.19,14.29,1.36,58.33,9,5,464,0.0,0.0,1.75,1.94,15.52,0.78,6.21,49.23,5.04,49.06,1.16,50.0
284,17053,Ligue 1,23/24,Lille,Vito Mannone,Goalkeeper,6.8,0.0,0.0,0.0,0.0,0.0,0.0,0.0,0.0,0.0,0.0,0.0,0.0,0.0,0.0,0.0,0.0,0.0,0.0,0.0,0.0,0.0,0.0,0.0,0.0,0.0,0.0,0,0.0,0.0,0.0,0.0,0.0,0.0,0.0,0.0,0.0,0.0,32.97,23.17,9.8,70.27,18.71,4.46,1.78,0.0,0.0,4.46,31.25,2,1,101,0.0,0.0,0.0,0.0,9.8,0.0,0.0,0.0,0.0,0.0,0.0,0.0
285,1426581,Ligue 1,23/24,AS Monaco,Saimon Bouabre,Midfielder,6.8,0.0,0.0,0.0,0.0,0.0,0.0,0.0,2.0,100.0,0.0,0.0,0.0,0.0,0.0,0.0,2.0,0.0,0.0,0.0,0.0,0.0,0.0,0.0,4.0,0.0,0.0,0,2.0,0.0,0.0,0.0,0.0,0.0,0.0,0.0,0.0,0.0,34.0,30.0,4.0,88.24,14.0,16.0,10.0,0.0,0.0,2.0,100.0,1,0,45,0.0,0.0,2.0,4.0,12.0,6.0,10.0,55.56,10.0,55.56,0.0,0.0
286,794374,Ligue 1,23/24,Le Havre,Alois Confais,Midfielder,6.8,0.0,0.0,0.0,0.0,0.0,0.0,0.0,0.0,0.0,0.0,0.0,0.0,0.0,0.0,0.0,0.0,0.0,0.0,0.0,0.0,0.0,0.0,0.0,12.0,0.0,0.0,0,0.0,0.0,0.0,0.0,0.0,0.0,0.0,0.0,0.0,0.0,48.0,42.0,6.0,87.5,24.0,18.0,0.0,0.0,0.0,0.0,0.0,2,0,15,0.0,0.0,0.0,0.0,12.0,0.0,12.0,100.0,12.0,100.0,0.0,0.0
287,123226,Ligue 1,23/24,Le Havre,Mathieu Gorgelin,Goalkeeper,6.8,0.0,0.0,0.0,0.0,0.0,0.0,0.0,0.0,0.0,0.0,0.0,0.0,0.0,0.0,0.0,0.0,0.0,0.0,0.0,0.0,0.0,0.0,0.0,0.0,0.0,0.0,0,0.0,0.0,0.0,0.0,0.0,0.0,0.0,0.0,0.0,0.0,19.0,12.0,7.0,63.16,10.0,2.0,1.0,0.0,0.0,3.0,30.0,1,1,90,1.0,0.0,0.0,0.0,7.0,0.0,0.0,0.0,0.0,0.0,0.0,0.0
288,934237,Ligue 1,23/24,AS Monaco,Folarin Balogun,Forward,6.8,0.37,0.59,0.74,3.51,1.54,0.8,10.61,0.58,28.21,0.37,0.0,0.0,0.11,0.27,0.11,0.74,0.05,0.16,0.0,0.0,0.0,0.0,0.0,0.64,0.16,0.21,0,0.43,0.0,0.0,0.0,0.0,0.11,0.27,0.27,0.0,1.38,18.65,13.97,4.68,74.93,4.36,9.62,6.11,0.0,0.0,0.11,28.57,29,19,1694,0.05,0.0,1.65,1.86,13.65,2.23,3.51,31.88,3.08,34.94,0.43,19.51
289,890329,Ligue 1,23/24,Nantes,Ignatius Kpene Ganago,Forward,6.8,0.0,0.22,0.0,2.97,0.0,1.98,0.0,0.0,0.0,0.0,0.0,0.0,0.0,0.0,0.0,0.49,0.0,0.0,0.0,0.0,0.0,0.0,0.0,0.0,0.49,0.49,0,0.49,0.0,0.0,0.0,0.0,0.0,0.99,0.0,0.0,1.98,22.75,14.84,7.91,65.22,2.97,12.36,8.9,0.49,16.67,0.0,0.0,6,2,182,0.0,0.0,0.99,2.97,16.32,1.48,5.44,45.83,2.97,46.15,2.47,45.45
290,867575,Ligue 1,23/24,Metz,Koffi Kouao,Defender,6.8,0.0,0.02,0.0,0.52,0.1,0.42,0.0,0.83,80.0,0.0,0.0,0.0,0.0,0.0,0.0,0.1,0.0,0.0,0.0,0.0,0.0,0.0,0.0,2.09,1.36,3.65,0,0.63,0.1,0.0,0.0,0.0,0.1,0.21,0.21,0.0,0.63,32.02,25.55,6.47,79.8,14.7,11.26,5.42,0.42,25.0,1.88,40.91,13,10,863,0.21,0.0,1.67,0.52,11.26,0.31,4.8,58.23,3.34,55.17,1.46,66.67
291,1199043,Ligue 1,23/24,Lille,Carlos Baleba,Midfielder,6.8,0.0,0.06,0.0,2.9,1.45,0.0,0.0,0.0,0.0,0.0,0.0,0.0,0.0,0.0,0.0,0.0,0.0,0.0,0.0,0.0,0.0,0.0,0.0,8.71,2.9,0.0,0,1.45,0.0,0.0,0.0,0.0,0.0,0.0,0.0,0.0,0.0,65.32,56.61,8.71,86.67,29.03,27.58,13.06,0.0,0.0,1.45,33.33,2,1,62,0.0,0.0,2.9,2.9,11.61,2.9,11.61,61.54,11.61,61.54,0.0,0.0
292,82555,Ligue 1,23/24,Clermont Foot,Maxime Gonalons,Midfielder,6.8,0.07,0.03,0.0,0.89,0.21,0.55,7.69,0.55,53.33,0.0,0.07,0.0,0.0,0.07,0.0,0.0,0.0,0.0,0.0,0.0,0.0,0.0,0.0,3.22,1.37,0.75,0,2.19,0.0,0.0,0.0,0.0,0.0,0.0,0.0,0.0,0.48,52.7,45.58,7.12,86.49,24.84,20.74,7.19,0.0,0.0,3.63,63.1,21,17,1315,0.27,0.0,1.92,1.03,9.86,0.89,5.82,48.85,4.79,46.67,1.03,62.5
293,1048889,Ligue 1,23/24,RC Lens,Andy Diouf,Midfielder,6.8,0.07,0.1,0.14,1.83,0.54,0.47,3.7,2.03,53.57,0.0,0.07,0.0,0.0,0.07,0.14,0.0,0.0,0.0,0.0,0.0,0.0,0.07,0.0,1.9,0.2,0.34,0,0.54,0.0,0.07,0.0,0.0,0.07,0.0,0.0,0.0,1.42,46.59,39.27,7.32,84.28,12.34,27.74,12.55,0.81,25.53,0.41,66.67,25,16,1327,0.14,0.0,0.81,1.02,15.8,2.03,5.63,47.98,4.95,48.99,0.68,41.67
294,1387157,Ligue 1,23/24,Montpellier,Khalil Fayad,Midfielder,6.8,0.26,0.17,0.0,1.49,0.61,0.44,17.65,0.88,47.62,0.26,0.0,0.09,0.09,0.09,0.0,0.09,0.0,0.0,0.0,0.0,0.0,0.09,0.0,2.45,1.23,0.53,0,1.14,0.0,0.0,0.0,0.0,0.0,0.18,0.0,0.0,0.7,28.54,23.73,4.82,83.13,10.16,13.66,6.74,0.09,7.69,1.05,54.55,23,11,1028,0.18,0.0,1.93,2.1,9.63,1.23,6.48,50.0,5.43,50.82,1.05,46.15
295,1035986,Ligue 1,23/24,Le Havre,Josué Casimir,Midfielder,6.8,0.0,0.09,0.09,0.97,0.18,0.35,0.0,1.02,38.33,0.0,0.0,0.0,0.0,0.0,0.0,0.31,0.04,0.0,0.0,0.0,0.0,0.0,0.0,1.37,0.58,1.02,0,0.49,0.0,0.0,0.0,0.0,0.13,0.31,0.22,0.0,1.37,28.27,21.8,6.47,77.12,8.02,14.05,7.71,0.27,11.54,0.66,32.61,30,25,2031,0.27,0.0,1.11,1.24,14.14,1.11,4.56,45.58,3.63,45.81,0.93,44.68
296,153218,Ligue 1,23/24,RC Strasbourg,Thomas Delaine,Midfielder,6.79,0.04,0.07,0.13,0.53,0.09,0.35,8.33,0.83,57.58,0.04,0.0,0.0,0.04,0.0,0.04,0.04,0.0,0.0,0.0,0.0,0.0,0.0,0.0,1.67,0.75,2.06,0,0.97,0.0,0.0,0.04,0.0,0.13,0.31,0.04,0.0,1.14,27.57,21.25,6.32,77.07,10.62,11.63,5.27,1.01,22.12,1.19,40.3,27,24,2050,0.22,0.0,1.71,0.92,13.52,0.48,4.17,48.47,3.29,48.08,0.88,50.0
297,1195784,Ligue 1,23/24,Olympique Lyonnais,Malick Fofana,Midfielder,6.79,0.49,0.3,0.33,1.48,1.15,0.16,33.33,1.31,53.33,0.33,0.16,0.0,0.33,0.16,0.0,0.0,0.16,0.0,0.0,0.0,0.0,0.0,0.0,0.82,0.82,0.98,0,0.82,0.0,0.0,0.0,0.0,0.16,0.16,0.0,0.0,0.98,25.41,22.13,3.28,87.1,7.54,15.08,9.67,0.49,15.0,0.82,62.5,17,4,549,0.0,0.0,0.49,1.8,12.3,1.8,3.93,42.11,3.93,48.0,0.0,0.0
298,829093,Ligue 1,23/24,RC Strasbourg,Ibrahima Sissoko,Midfielder,6.79,0.0,0.05,0.11,0.76,0.16,0.27,0.0,0.6,61.11,0.0,0.0,0.0,0.0,0.0,0.0,0.0,0.0,0.0,0.0,0.0,0.0,0.0,0.0,2.57,1.04,1.64,0,0.38,0.0,0.0,0.0,0.0,0.0,0.16,0.05,0.0,0.66,40.79,33.42,7.37,81.93,16.27,17.2,7.81,0.05,50.0,1.86,50.0,27,18,1648,0.38,0.0,2.4,0.76,10.76,1.26,5.52,50.25,3.88,47.33,1.64,58.82
299,1407848,Ligue 1,23/24,Toulouse,Christian Mawissa,Defender,6.79,0.16,0.08,0.0,0.4,0.16,0.16,40.0,1.93,61.54,0.16,0.0,0.08,0.08,0.0,0.08,0.0,0.0,0.0,0.0,0.0,0.0,0.0,0.0,1.77,1.77,3.14,0,1.13,0.08,0.0,0.0,0.0,0.16,0.0,0.0,0.0,0.24,45.85,38.76,7.09,84.53,24.49,14.34,5.4,0.08,25.0,1.29,27.12,17,12,1117,0.24,0.0,1.05,0.73,11.6,0.4,5.96,50.0,4.35,54.55,1.61,40.82
300,1394353,Ligue 1,23/24,AS Monaco,Eliesse Ben Seghir,Forward,6.79,0.42,0.17,0.0,2.93,0.84,0.84,14.29,1.26,26.09,0.42,0.0,0.0,0.0,0.42,0.0,0.21,0.21,0.0,0.0,0.0,0.0,0.21,0.0,1.88,0.42,0.42,0,0.84,0.0,0.0,0.0,0.0,0.0,0.21,0.21,0.0,1.05,41.23,34.95,6.28,84.77,10.67,25.33,14.44,1.05,38.46,0.84,44.44,13,4,430,0.0,0.21,1.26,3.98,15.7,1.67,8.16,48.15,7.12,50.0,1.05,38.46
301,831400,Ligue 1,23/24,Stade Brestois,Mathias Pereira Lage,Forward,6.79,0.22,0.26,0.37,2.65,1.18,1.03,8.33,0.59,33.33,0.22,0.0,0.0,0.15,0.07,0.0,0.44,0.0,0.0,0.0,0.0,0.0,0.29,0.0,1.55,0.74,0.66,0,1.55,0.0,0.0,0.0,0.0,0.0,0.22,0.15,0.0,1.03,24.03,18.43,5.6,76.69,5.53,13.93,6.78,1.03,21.21,0.52,35.0,30,12,1221,0.22,0.0,1.33,1.62,13.78,0.96,5.97,44.02,3.76,43.59,2.21,44.78
302,336851,Ligue 1,23/24,Olympique Lyonnais,Henrique,Defender,6.79,0.14,0.05,0.0,1.15,0.43,0.58,12.5,0.29,33.33,0.14,0.0,0.0,0.14,0.0,0.0,0.0,0.0,0.0,0.0,0.0,0.0,0.0,0.0,1.44,1.44,0.29,0,0.72,0.0,0.0,0.0,0.0,0.0,0.0,0.0,0.0,0.72,47.45,42.55,4.9,89.67,18.46,24.81,13.41,0.72,29.41,0.58,33.33,11,6,624,0.29,0.0,1.01,1.15,8.8,0.29,3.61,53.19,2.88,54.05,0.72,50.0
303,1170560,Ligue 1,23/24,AS Monaco,Soungoutou Magassa,Midfielder,6.79,0.0,0.04,0.07,0.53,0.2,0.27,0.0,0.53,66.67,0.0,0.0,0.0,0.0,0.0,0.0,0.07,0.0,0.0,0.0,0.0,0.0,0.0,0.0,3.71,1.39,2.25,0,1.46,0.0,0.13,0.07,0.0,0.33,0.0,0.0,0.0,0.13,65.74,57.46,8.28,87.4,32.87,24.65,7.75,0.07,33.33,3.84,56.31,21,15,1358,0.46,0.0,2.05,0.86,10.8,0.53,6.69,55.49,5.1,54.61,1.59,58.54
304,1000501,Ligue 1,23/24,RC Strasbourg,Alaa Bellaarouch,Goalkeeper,6.79,0.0,0.0,0.0,0.0,0.0,0.0,0.0,0.0,0.0,0.0,0.0,0.0,0.0,0.0,0.0,0.0,0.0,0.0,0.0,0.0,0.0,0.0,0.0,0.0,0.07,1.2,0,0.0,0.13,0.0,0.0,0.0,0.13,0.0,0.0,0.0,0.07,29.6,19.73,9.87,66.67,17.13,2.6,0.93,0.0,0.0,4.87,34.43,15,15,1350,0.07,0.0,0.0,0.2,10.13,0.0,0.47,100.0,0.2,100.0,0.27,100.0
305,1000442,Ligue 1,23/24,Le Havre,Yassine Kechta,Midfielder,6.79,0.1,0.08,0.05,0.97,0.43,0.29,10.0,0.48,31.25,0.1,0.0,0.1,0.0,0.0,0.0,0.0,0.0,0.0,0.0,0.0,0.0,0.0,0.0,2.22,1.11,0.77,0,2.03,0.05,0.0,0.0,0.0,0.0,0.14,0.05,0.0,1.3,44.98,37.06,7.91,82.4,16.02,21.18,10.95,0.14,15.79,1.93,47.62,32,21,1865,0.19,0.0,1.45,1.5,12.06,0.92,4.63,40.0,4.2,43.5,0.43,22.5
306,946381,Ligue 1,23/24,Montpellier,Akor Adams,Forward,6.78,0.32,0.49,0.72,3.14,1.31,0.95,10.13,0.56,34.15,0.32,0.0,0.04,0.12,0.16,0.12,1.03,0.0,0.0,0.0,0.0,0.0,0.0,0.0,0.48,0.2,0.44,0,0.16,0.0,0.0,0.0,0.0,0.2,0.12,0.04,0.0,0.68,14.79,9.82,4.97,66.4,3.18,6.72,3.62,0.08,16.67,0.36,50.0,32,27,2264,0.08,0.0,1.55,0.87,10.38,1.19,4.05,38.49,1.91,34.04,2.15,43.55
307,1129527,Ligue 1,23/24,Olympique de Marseille,Bilal Nadir,Midfielder,6.78,0.0,0.08,0.0,0.75,0.0,0.75,0.0,0.75,100.0,0.0,0.0,0.0,0.0,0.0,0.75,0.0,0.0,0.0,0.0,0.0,0.0,0.0,0.0,3.0,1.5,1.5,0,0.75,0.0,0.0,0.0,0.0,0.0,0.0,0.0,0.0,1.5,34.5,30.0,4.5,86.96,11.25,18.75,9.0,0.0,0.0,0.75,100.0,5,1,120,0.75,0.0,3.0,1.5,6.75,0.0,5.25,50.0,5.25,58.33,0.0,0.0
308,1127313,Ligue 1,23/24,Nice,Tom Louchet,Midfielder,6.78,0.22,0.23,0.0,0.44,0.22,0.0,50.0,0.22,14.29,0.22,0.0,0.0,0.0,0.22,0.0,0.0,0.22,0.0,0.0,0.0,0.0,0.0,0.0,3.1,0.66,1.55,0,0.88,0.0,0.0,0.0,0.0,0.0,0.44,0.22,0.0,1.55,44.89,37.37,7.52,83.25,19.46,19.46,8.18,1.55,21.21,0.44,25.0,13,3,407,0.22,0.0,1.55,0.88,17.91,1.33,5.09,42.59,4.2,45.24,0.88,33.33
309,123264,Ligue 1,23/24,Stade Brestois,Jonas Martin,Midfielder,6.78,0.0,0.09,0.08,0.75,0.23,0.38,0.0,0.38,45.45,0.0,0.0,0.0,0.0,0.0,0.0,0.08,0.0,0.0,0.0,0.0,0.0,0.0,0.0,3.23,0.68,2.1,0,1.13,0.08,0.08,0.0,0.0,0.15,0.15,0.08,0.0,1.13,70.99,62.35,8.64,87.83,31.93,30.58,13.3,0.15,28.57,3.68,66.22,31,9,1198,0.38,0.0,2.03,0.83,11.64,0.9,6.31,53.5,4.36,50.0,1.95,63.41
310,793988,Ligue 1,23/24,Olympique Lyonnais,Orel Mangala,Midfielder,6.78,0.45,0.22,0.23,1.13,0.45,0.68,40.0,0.68,60.0,0.45,0.0,0.0,0.0,0.45,0.23,0.0,0.0,0.0,0.0,0.0,0.0,0.0,0.0,1.13,1.13,1.36,0,0.45,0.0,0.0,0.23,0.0,0.23,0.0,0.0,0.0,1.59,40.81,34.91,5.89,85.56,13.15,21.76,12.24,0.0,0.0,1.13,45.45,8,4,397,0.0,0.0,2.49,0.91,9.97,1.13,3.85,37.78,2.72,37.5,1.13,38.46
311,339909,Ligue 1,23/24,AS Monaco,Guillermo Maripán,Defender,6.78,0.05,0.02,0.0,0.56,0.25,0.15,9.09,0.05,100.0,0.05,0.0,0.05,0.0,0.0,0.0,0.05,0.0,0.0,0.0,0.0,0.0,0.0,0.0,1.12,1.53,5.29,0,0.87,0.05,0.15,0.0,0.0,0.41,0.05,0.0,0.0,0.2,53.35,47.34,6.01,88.74,32.22,15.12,2.9,0.0,0.0,2.39,51.09,23,21,1768,0.0,0.05,1.07,0.31,6.62,0.05,3.87,49.67,1.48,42.65,2.39,55.29
312,1386639,Ligue 1,23/24,Stade Rennais,Ibrahim Salah,Forward,6.78,0.65,0.52,0.49,2.77,1.47,0.98,23.53,1.79,37.93,0.65,0.0,0.0,0.33,0.33,0.0,0.16,0.0,0.0,0.0,0.0,0.0,0.0,0.0,2.45,1.63,0.65,0,1.14,0.0,0.0,0.0,0.0,0.0,0.16,0.16,0.0,0.82,34.57,28.21,6.36,81.6,10.27,18.59,10.11,0.65,20.0,1.47,60.0,23,4,552,0.49,0.0,1.63,1.63,17.45,2.45,6.52,41.24,5.71,41.18,0.82,41.67
313,926995,Ligue 1,23/24,Toulouse,Naatan Skyttä,Forward,6.78,0.0,0.42,0.79,3.95,1.58,0.0,0.0,0.79,100.0,0.0,0.0,0.0,0.0,0.0,0.0,0.0,0.0,0.0,0.0,0.0,0.0,0.0,0.0,3.16,0.0,0.0,0,0.0,0.0,0.0,0.0,0.0,0.0,0.79,0.0,0.0,3.95,46.58,42.63,3.95,91.53,9.47,34.74,18.16,1.58,100.0,0.0,0.0,8,0,114,0.0,0.0,0.79,1.58,7.89,0.79,5.53,58.33,5.53,77.78,0.0,0.0
314,1105970,Ligue 1,23/24,Nantes,Adson,Forward,6.78,0.0,0.09,0.0,1.89,0.0,1.89,0.0,1.89,62.5,0.0,0.0,0.0,0.0,0.0,0.0,0.0,0.0,0.0,0.0,0.0,0.0,0.0,0.0,2.65,0.76,0.76,0,0.0,0.0,0.0,0.0,0.0,0.0,0.0,0.0,0.0,1.13,47.65,42.73,4.92,89.68,12.1,30.63,17.77,0.0,0.0,2.27,75.0,8,2,238,0.0,0.0,1.51,1.51,10.21,1.51,6.05,55.17,6.05,61.54,0.0,0.0
315,1498433,Ligue 1,23/24,RC Strasbourg,Jeremy Sebas,Forward,6.78,0.45,0.21,0.0,1.58,0.9,0.45,28.57,2.26,55.56,0.45,0.0,0.0,0.23,0.23,0.0,0.0,0.23,0.0,0.0,0.0,0.0,0.0,0.0,1.58,0.23,0.23,0,0.45,0.0,0.0,0.0,0.0,0.0,0.0,0.0,0.23,0.45,15.6,11.53,4.07,73.91,3.17,8.37,4.97,0.0,0.0,0.23,100.0,14,2,398,0.0,0.0,1.13,0.9,11.31,1.81,5.43,45.28,4.75,48.84,0.68,30.0
316,943926,Ligue 1,23/24,Stade de Reims,Maxime Busi,Defender,6.78,0.0,0.1,0.55,0.55,0.55,0.0,0.0,1.66,75.0,0.0,0.0,0.0,0.0,0.0,0.0,0.0,0.0,0.0,0.0,0.0,0.0,0.0,0.0,1.1,2.21,2.76,0,1.1,0.0,0.0,0.0,0.0,0.0,0.0,0.0,0.0,1.66,38.1,29.82,8.28,78.26,13.8,16.01,9.94,0.0,0.0,1.66,42.86,5,1,163,0.55,0.0,0.55,0.0,16.56,1.66,3.87,46.67,2.76,41.67,1.1,66.67
317,1401006,Ligue 1,23/24,Stade de Reims,Yaya Fofana,Midfielder,6.77,0.0,0.26,0.0,9.64,3.21,0.0,0.0,6.43,100.0,0.0,0.0,0.0,0.0,0.0,0.0,3.21,0.0,0.0,0.0,0.0,0.0,0.0,0.0,9.64,3.21,0.0,0,3.21,0.0,0.0,0.0,0.0,0.0,0.0,0.0,0.0,0.0,64.29,38.57,25.71,60.0,16.07,22.5,9.64,0.0,0.0,0.0,0.0,4,0,28,0.0,0.0,6.43,0.0,32.14,0.0,19.29,54.55,16.07,62.5,3.21,33.33
318,110950,Ligue 1,23/24,Lille,Ivan Cavaleiro,Midfielder,6.77,0.11,0.15,0.34,1.26,0.34,0.34,9.09,1.14,55.56,0.11,0.0,0.0,0.0,0.11,0.0,0.23,0.0,0.0,0.0,0.0,0.0,0.0,0.0,1.14,0.57,0.57,0,1.48,0.0,0.0,0.0,0.0,0.0,0.23,0.11,0.0,1.37,28.9,22.84,6.05,79.05,7.88,15.76,8.34,0.8,24.14,0.57,55.56,17,9,788,0.11,0.0,1.14,0.8,13.59,1.26,4.8,40.0,3.08,39.71,1.71,40.54
319,149735,Ligue 1,23/24,Lorient,Tiemoué Bakayoko,Midfielder,6.77,0.14,0.12,0.07,0.82,0.48,0.34,16.67,0.34,33.33,0.14,0.0,0.07,0.0,0.07,0.0,0.14,0.0,0.0,0.0,0.0,0.0,0.0,0.0,2.32,1.78,0.96,0,0.89,0.07,0.0,0.0,0.0,0.0,0.07,0.07,0.0,0.27,43.33,37.52,5.81,86.59,20.23,17.29,6.01,0.0,0.0,1.57,79.31,20,15,1317,0.34,0.0,1.71,1.57,9.23,1.03,5.88,51.81,4.24,50.41,1.64,55.81
320,1463508,Ligue 1,23/24,Metz,Papa Amadou Diallo,Midfielder,6.77,0.2,0.26,0.4,1.32,0.61,0.51,15.38,1.62,39.02,0.2,0.0,0.0,0.1,0.1,0.0,0.4,0.0,0.0,0.0,0.0,0.0,0.0,0.0,1.82,1.11,1.21,0,1.42,0.0,0.0,0.0,0.0,0.0,0.1,0.1,0.0,1.21,24.5,16.5,8.0,67.36,5.97,10.83,6.07,0.3,21.43,0.91,64.29,16,9,889,0.1,0.0,1.01,1.11,16.0,0.91,7.59,44.38,4.56,43.69,3.04,45.45
321,796372,Ligue 1,23/24,Montpellier,Falaye Sacko,Defender,6.77,0.0,0.0,0.0,0.07,0.0,0.0,0.0,0.72,57.89,0.0,0.0,0.0,0.0,0.0,0.0,0.0,0.0,0.0,0.0,0.0,0.0,0.0,0.0,1.83,1.57,2.02,0,0.72,0.0,0.0,0.0,0.07,0.2,0.0,0.07,0.0,0.46,40.4,32.04,8.35,79.32,17.1,15.34,7.11,0.39,22.22,1.31,36.36,19,15,1379,0.0,0.0,0.52,0.52,13.64,0.46,4.05,52.54,3.0,58.23,1.04,41.03
322,1426228,Ligue 1,23/24,Lorient,Eli Junior Kroupi,Forward,6.76,0.41,0.31,0.5,1.82,1.0,0.58,22.73,1.0,66.67,0.33,0.08,0.08,0.0,0.33,0.0,0.66,0.0,0.0,0.0,0.0,0.0,0.0,0.0,0.58,0.83,0.41,0,0.66,0.0,0.0,0.0,0.0,0.0,0.25,0.25,0.0,0.91,21.48,17.25,4.23,80.31,7.47,10.2,5.23,0.41,35.71,0.5,66.67,30,11,1085,0.08,0.0,1.33,0.66,8.79,0.83,2.9,37.23,2.24,41.54,0.66,27.59
323,1002033,Ligue 1,23/24,Stade Rennais,Guéla Doué,Defender,6.76,0.0,0.04,0.0,1.09,0.22,0.51,0.0,1.45,74.07,0.0,0.0,0.0,0.0,0.0,0.0,0.0,0.14,0.0,0.0,0.0,0.0,0.0,0.0,2.03,1.09,4.64,0,0.72,0.0,0.07,0.0,0.0,0.22,0.07,0.14,0.0,1.23,37.75,29.78,7.97,78.89,14.06,16.59,8.26,0.87,27.91,1.59,45.83,24,13,1242,0.07,0.07,2.1,0.8,15.29,1.09,5.58,49.04,4.28,49.58,1.3,47.37
324,769163,Ligue 1,23/24,Clermont Foot,Bilal Boutobba,Midfielder,6.76,0.09,0.19,0.19,2.33,0.84,0.56,4.0,1.49,39.02,0.09,0.0,0.0,0.09,0.0,0.0,0.19,0.0,0.0,0.0,0.0,0.0,0.0,0.0,2.05,0.75,0.09,0,1.21,0.0,0.0,0.0,0.0,0.0,0.28,0.09,0.0,1.12,31.09,23.71,7.38,76.28,8.4,16.71,8.12,1.4,26.32,0.47,31.25,27,10,964,0.09,0.0,0.65,2.43,17.83,1.4,7.0,51.72,5.98,52.03,1.03,50.0
325,796279,Ligue 1,23/24,Nice,Jordan Lotomba,Defender,6.76,0.05,0.04,0.05,0.55,0.1,0.2,9.09,0.94,50.0,0.05,0.0,0.05,0.0,0.0,0.0,0.0,0.0,0.0,0.0,0.0,0.0,0.0,0.0,1.78,0.79,0.94,0,0.5,0.05,0.0,0.05,0.0,0.15,0.05,0.0,0.0,0.59,40.44,34.74,5.7,85.91,20.22,14.82,5.01,0.3,30.0,0.5,25.64,28,21,1816,0.2,0.0,0.59,1.24,11.0,0.99,5.01,57.39,3.96,57.14,1.04,58.33
326,54308,Ligue 1,23/24,Le Havre,Loic Négo,Defender,6.76,0.0,0.07,0.17,1.03,0.23,0.57,0.0,0.74,41.94,0.0,0.0,0.0,0.0,0.0,0.0,0.17,0.11,0.0,0.0,0.0,0.0,0.0,0.0,2.11,0.91,0.8,0,0.68,0.0,0.0,0.0,0.0,0.11,0.11,0.17,0.0,0.74,29.18,22.63,6.55,77.54,7.87,15.5,7.12,0.74,29.55,0.57,33.33,28,18,1579,0.17,0.0,1.25,0.97,11.63,0.51,4.27,52.45,3.76,51.97,0.51,56.25
327,1017915,Ligue 1,23/24,Stade de Reims,Josh Wilson-Esbrand,Defender,6.76,0.19,0.03,0.0,0.77,0.19,0.19,25.0,1.93,58.82,0.19,0.0,0.0,0.0,0.19,0.0,0.19,0.0,0.0,0.0,0.0,0.0,0.0,0.0,0.96,1.16,0.96,0,1.16,0.0,0.0,0.0,0.0,0.0,0.39,0.19,0.0,0.96,37.58,28.91,8.67,76.92,14.65,14.84,6.75,0.58,25.0,1.73,40.91,11,5,467,0.19,0.0,1.16,0.58,17.54,1.54,4.24,44.0,3.47,41.86,0.77,57.14
328,1103079,Ligue 1,23/24,Lorient,Nathaniel Adjei,Defender,6.75,0.0,0.03,0.07,0.29,0.0,0.22,0.0,0.29,80.0,0.0,0.0,0.0,0.0,0.0,0.0,0.14,0.0,0.0,0.0,0.0,0.0,0.0,0.0,0.94,1.3,4.34,0,0.07,0.0,0.07,0.0,0.0,0.07,0.0,0.0,0.0,0.22,47.43,41.05,6.37,86.56,26.57,14.48,4.27,0.0,0.0,2.82,60.0,15,14,1243,0.14,0.0,0.72,0.87,7.96,0.36,4.27,60.2,2.1,63.04,2.17,57.69
329,558320,Ligue 1,23/24,Olympique de Marseille,Ulisses Garcia,Defender,6.75,0.0,0.05,0.0,1.09,0.5,0.2,0.0,0.99,62.5,0.0,0.0,0.0,0.0,0.0,0.0,0.0,0.0,0.0,0.0,0.0,0.0,0.1,0.0,2.09,0.7,0.99,0,0.7,0.1,0.1,0.0,0.0,0.0,0.0,0.0,0.0,0.79,42.72,35.66,7.05,83.49,16.69,19.67,9.64,0.7,14.29,1.59,55.17,13,10,906,0.0,0.0,1.49,1.09,14.9,1.39,5.86,53.64,4.17,50.6,1.69,62.96
330,1048366,Ligue 1,23/24,Toulouse,Waren Kamanzi,Midfielder,6.75,0.0,0.06,0.08,0.45,0.0,0.3,0.0,0.15,28.57,0.0,0.0,0.0,0.0,0.0,0.08,0.0,0.0,0.0,0.0,0.0,0.0,0.0,0.0,2.72,0.68,2.42,0,0.76,0.0,0.0,0.0,0.0,0.15,0.23,0.23,0.0,0.91,39.55,33.73,5.82,85.28,15.28,18.61,9.15,0.15,10.0,0.98,44.83,24,12,1190,0.08,0.0,0.91,1.06,10.59,0.98,4.61,50.0,3.93,56.52,0.68,30.0
331,557166,Ligue 1,23/24,Olympique Lyonnais,Mama Baldé,Forward,6.75,0.32,0.54,0.64,2.71,1.44,0.32,11.76,1.91,42.86,0.32,0.0,0.16,0.16,0.0,0.0,0.64,0.0,0.0,0.0,0.0,0.0,0.0,0.0,1.28,0.48,0.16,0,0.96,0.16,0.0,0.0,0.0,0.0,0.32,0.48,0.0,2.07,20.74,14.04,6.7,67.69,3.51,10.53,8.14,0.0,0.0,0.48,50.0,20,4,564,0.16,0.0,1.28,1.44,17.07,1.76,6.22,40.63,4.63,42.03,1.6,37.04
332,930245,Ligue 1,23/24,Nice,Evann Guessand,Forward,6.75,0.35,0.48,0.75,2.77,1.33,0.86,12.5,1.38,40.0,0.35,0.0,0.12,0.0,0.23,0.06,0.29,0.17,0.12,0.12,100.0,0.0,0.0,0.0,0.92,0.69,0.35,0,0.06,0.0,0.0,0.0,0.0,0.23,0.12,0.0,0.0,0.86,16.25,12.45,3.8,76.6,4.55,7.95,4.9,0.06,9.09,0.17,75.0,34,14,1562,0.06,0.0,1.84,2.71,14.29,2.88,6.4,43.7,4.96,42.57,1.44,48.08
333,1131540,Ligue 1,23/24,Lorient,Théo Le Bris,Midfielder,6.75,0.0,0.07,0.06,0.77,0.12,0.36,0.0,0.95,48.48,0.0,0.0,0.0,0.0,0.0,0.06,0.0,0.0,0.0,0.0,0.0,0.0,0.0,0.0,2.07,0.71,1.95,0,1.24,0.0,0.0,0.0,0.0,0.06,0.06,0.12,0.0,0.77,34.08,27.51,6.57,80.73,12.01,15.68,9.17,0.18,9.09,0.59,43.48,26,15,1521,0.12,0.0,0.41,0.59,12.31,0.41,4.02,51.91,3.61,53.98,0.41,38.89
334,1103548,Ligue 1,23/24,Montpellier,Enzo Tchato Mbiayi,Defender,6.75,0.0,0.03,0.0,0.4,0.08,0.24,0.0,0.32,80.0,0.0,0.0,0.0,0.0,0.0,0.0,0.0,0.0,0.0,0.0,0.0,0.0,0.0,0.0,2.08,0.88,1.68,0,1.12,0.0,0.0,0.0,0.0,0.16,0.0,0.0,0.0,0.56,38.95,31.02,7.93,79.63,15.31,16.59,7.45,0.88,22.45,2.0,32.89,17,11,1123,0.16,0.0,1.2,0.4,14.02,0.16,3.61,51.14,2.8,52.24,0.8,47.62
335,886286,Ligue 1,23/24,Nantes,Nicolas Cozza,Defender,6.75,0.0,0.07,0.1,0.5,0.1,0.2,0.0,0.2,33.33,0.0,0.0,0.0,0.0,0.0,0.0,0.1,0.0,0.0,0.0,0.0,0.0,0.0,0.0,3.52,1.41,2.81,0,0.7,0.0,0.0,0.0,0.0,0.0,0.1,0.0,0.0,0.3,27.32,20.49,6.83,75.0,11.55,9.14,5.32,0.2,15.38,2.61,55.32,13,10,896,0.2,0.0,0.9,1.91,12.05,0.8,6.33,61.76,5.52,67.07,0.8,40.0
336,1192318,Ligue 1,23/24,Toulouse,Farès Chaïbi,Midfielder,6.75,0.0,0.0,0.0,0.0,0.0,0.0,0.0,0.0,0.0,0.0,0.0,0.0,0.0,0.0,0.0,0.0,0.0,0.0,0.0,0.0,0.0,0.0,0.0,0.0,0.0,1.61,0,0.0,0.0,0.0,0.0,0.0,0.0,1.61,1.61,0.0,3.21,53.04,43.39,9.64,81.82,12.86,32.14,12.86,1.61,14.29,1.61,25.0,2,0,56,1.61,0.0,1.61,0.0,28.93,0.0,1.61,25.0,0.0,0.0,1.61,100.0
337,979315,Ligue 1,23/24,RC Lens,Elye Wahi,Forward,6.74,0.47,0.6,1.1,3.15,1.68,0.94,15.0,0.94,47.37,0.42,0.05,0.1,0.21,0.16,0.16,1.31,0.05,0.05,0.05,100.0,0.0,0.0,0.0,0.31,0.16,0.1,0,0.42,0.0,0.0,0.0,0.0,0.0,0.26,0.16,0.0,0.89,15.22,11.55,3.67,75.86,4.51,7.03,4.25,0.0,0.0,0.16,50.0,28,20,1715,0.42,0.05,1.05,0.89,9.97,1.31,2.78,35.1,2.15,36.94,0.63,30.0
338,1188191,Ligue 1,23/24,Stade de Reims,Oumar Diakité,Forward,6.74,0.28,0.4,0.34,2.03,0.68,1.02,13.89,1.41,42.37,0.23,0.06,0.06,0.06,0.17,0.0,1.81,0.06,0.06,0.0,0.0,0.0,0.0,0.0,1.41,0.4,0.28,0,0.79,0.0,0.0,0.0,0.0,0.06,0.17,0.06,0.0,0.85,16.99,13.44,3.56,79.07,4.57,8.86,5.76,0.0,0.0,0.06,14.29,28,18,1594,0.23,0.0,1.98,1.52,11.41,1.58,5.65,36.5,4.35,41.18,1.3,26.44
339,822877,Ligue 1,23/24,Nice,Alexis Claude-Maurice,Forward,6.74,0.0,0.13,0.17,3.11,1.04,1.21,0.0,2.76,66.67,0.0,0.0,0.0,0.0,0.0,0.0,0.17,0.0,0.0,0.0,0.0,0.0,0.17,0.0,2.07,0.86,0.86,0,0.69,0.0,0.0,0.0,0.0,0.0,0.0,0.0,0.0,1.21,38.87,33.17,5.7,85.33,13.99,20.56,8.81,1.38,30.77,0.86,71.43,18,4,521,0.17,0.0,2.76,1.38,13.99,1.9,6.74,48.15,6.22,48.0,0.52,50.0
340,942840,Ligue 1,23/24,Clermont Foot,Yohann Magnin,Midfielder,6.74,0.05,0.1,0.11,0.75,0.32,0.32,7.14,0.16,30.0,0.0,0.05,0.0,0.0,0.05,0.0,0.05,0.0,0.0,0.0,0.0,0.0,0.0,0.0,2.61,1.01,1.39,0,1.33,0.0,0.05,0.0,0.0,0.05,0.11,0.0,0.0,0.48,43.32,36.66,6.66,84.62,19.88,17.05,6.45,0.27,35.71,2.18,59.42,31,17,1689,0.11,0.0,1.97,1.23,10.39,0.64,5.65,49.53,3.94,49.01,1.71,50.79
341,995671,Ligue 1,23/24,Stade de Reims,Reda Khadra,Midfielder,6.74,0.07,0.12,0.13,1.5,0.78,0.26,4.35,1.82,47.46,0.07,0.0,0.0,0.0,0.07,0.0,0.07,0.0,0.0,0.0,0.0,0.0,0.07,0.0,1.04,0.2,0.65,0,0.78,0.0,0.0,0.0,0.0,0.07,0.33,0.2,0.0,1.43,20.98,16.88,4.11,80.43,5.28,12.32,7.36,0.72,23.91,0.78,75.0,29,14,1381,0.07,0.0,0.85,0.59,13.75,2.28,3.52,35.76,3.45,37.32,0.07,11.11
342,577768,Ligue 1,23/24,Le Havre,Nolan Mbemba,Midfielder,6.74,1.84,0.07,0.0,3.67,1.84,1.84,50.0,0.0,0.0,0.0,1.84,0.0,0.0,1.84,0.0,0.0,0.0,0.0,0.0,0.0,0.0,0.0,0.0,3.67,0.0,0.0,0,1.84,0.0,0.0,0.0,0.0,0.0,0.0,0.0,0.0,0.0,58.78,51.43,7.35,87.5,18.37,33.06,11.02,0.0,0.0,3.67,50.0,6,0,49,0.0,0.0,0.0,0.0,12.86,0.0,3.67,66.67,3.67,66.67,0.0,0.0
343,863133,Ligue 1,23/24,Toulouse,Aron Dønnum,Midfielder,6.74,0.0,0.06,0.06,1.17,0.5,0.22,0.0,1.73,47.69,0.0,0.0,0.0,0.0,0.0,0.0,0.22,0.06,0.0,0.0,0.0,0.0,0.0,0.0,0.89,0.45,0.84,0,0.84,0.0,0.06,0.0,0.0,0.06,0.17,0.06,0.0,1.34,29.57,22.95,6.63,77.59,8.24,15.09,8.8,0.39,25.0,1.84,71.74,27,19,1616,0.45,0.0,1.73,2.0,13.98,1.28,4.96,43.63,4.62,44.86,0.33,31.58
344,1469500,Ligue 1,23/24,Clermont Foot,Cheick Konaté,Defender,6.74,0.08,0.04,0.0,1.17,0.34,0.42,7.14,1.84,52.38,0.08,0.0,0.0,0.0,0.08,0.0,0.0,0.0,0.0,0.0,0.0,0.0,0.0,0.0,2.18,1.09,1.68,0,1.34,0.0,0.0,0.08,0.0,0.17,0.34,0.08,0.0,1.34,31.93,22.54,9.39,70.6,10.06,13.24,5.7,0.75,20.93,1.09,30.95,19,12,1074,0.34,0.0,1.42,1.17,18.44,1.09,5.78,47.92,5.2,50.0,0.59,35.0
345,39480,Ligue 1,23/24,Olympique Lyonnais,Dejan Lovren,Defender,6.74,0.0,0.06,0.12,0.75,0.5,0.25,0.0,0.0,0.0,0.0,0.0,0.0,0.0,0.0,0.0,0.0,0.0,0.0,0.0,0.0,0.0,0.0,0.0,1.12,1.5,4.37,0,0.5,0.0,0.0,0.0,0.0,0.12,0.0,0.0,0.0,0.12,54.42,46.19,8.24,84.86,34.08,12.11,4.24,0.0,0.0,2.87,43.4,10,8,721,0.25,0.12,1.5,0.12,8.99,0.25,4.24,54.84,1.25,35.71,3.0,70.59
346,1029456,Ligue 1,23/24,Olympique de Marseille,Faris Moumbagna,Forward,6.74,0.5,0.28,0.5,2.64,0.83,1.16,18.75,0.17,14.29,0.33,0.17,0.0,0.5,0.0,0.0,0.66,0.17,0.0,0.0,0.0,0.0,0.0,0.0,0.33,0.5,0.17,0,0.5,0.0,0.0,0.0,0.0,0.0,0.5,0.17,0.0,0.66,16.68,12.06,4.62,72.28,3.47,8.75,4.95,0.17,25.0,0.0,0.0,13,5,545,0.0,0.17,1.98,1.82,10.73,1.16,3.47,32.31,2.31,35.0,1.16,28.0
347,1113031,Ligue 1,23/24,RC Strasbourg,Moïse Sahi Dion,Forward,6.74,0.42,0.57,0.42,3.37,0.98,1.54,12.5,0.56,30.77,0.42,0.0,0.0,0.28,0.14,0.0,0.28,0.0,0.0,0.0,0.0,0.0,0.0,0.0,0.7,0.14,0.7,0,0.42,0.0,0.0,0.0,0.0,0.0,0.28,0.14,0.0,0.7,23.31,18.67,4.63,80.12,7.3,11.51,6.32,0.14,20.0,0.98,77.78,18,7,641,0.0,0.0,1.54,0.14,10.53,0.84,2.11,30.61,1.4,27.03,0.7,41.67
348,822089,Ligue 1,23/24,Metz,Óscar Estupiñán,Forward,6.73,0.0,0.17,0.0,2.02,0.34,0.67,0.0,0.34,50.0,0.0,0.0,0.0,0.0,0.0,0.0,0.34,0.0,0.0,0.0,0.0,0.0,0.0,0.0,1.69,0.0,0.0,0,0.34,0.0,0.0,0.0,0.0,0.0,0.0,0.0,0.0,0.34,19.55,13.48,6.07,68.97,5.73,8.09,4.38,0.34,100.0,0.67,50.0,6,4,267,0.0,0.0,2.02,1.01,9.78,1.35,6.74,46.51,3.03,45.0,3.71,47.83
349,1155226,Ligue 1,23/24,Olympique Lyonnais,Saël Kumbedi,Defender,6.73,0.0,0.02,0.0,0.58,0.39,0.19,0.0,0.68,35.0,0.0,0.0,0.0,0.0,0.0,0.0,0.19,0.0,0.0,0.0,0.0,0.0,0.0,0.0,2.9,1.35,1.26,0,1.26,0.1,0.1,0.0,0.0,0.29,0.1,0.1,0.0,0.48,47.08,38.57,8.51,81.93,18.95,20.01,9.57,0.39,14.29,0.77,26.67,17,8,931,0.19,0.0,2.22,1.16,15.76,0.68,5.12,44.92,4.74,46.67,0.39,30.77
350,877978,Ligue 1,23/24,Clermont Foot,Andy Pelmard,Defender,6.73,0.0,0.01,0.03,0.06,0.03,0.0,0.0,0.21,77.78,0.0,0.0,0.0,0.0,0.0,0.03,0.0,0.0,0.0,0.0,0.0,0.0,0.0,0.0,1.54,0.99,2.68,0,0.24,0.03,0.03,0.06,0.0,0.15,0.03,0.0,0.0,0.18,48.46,41.39,7.08,85.39,27.26,14.16,4.04,0.03,16.67,1.78,32.24,34,33,2988,0.03,0.0,0.39,0.57,8.1,0.09,3.07,72.86,2.32,74.76,0.75,67.57
351,1120615,Ligue 1,23/24,Nice,Antoine Mendy,Defender,6.73,0.0,0.02,0.0,0.43,0.21,0.21,0.0,1.29,66.67,0.0,0.0,0.0,0.0,0.0,0.0,0.0,0.0,0.0,0.0,0.0,0.0,0.0,0.0,1.5,1.71,3.21,0,0.86,0.0,0.0,0.21,0.0,0.0,0.21,0.0,0.0,0.43,47.79,42.21,5.57,88.34,32.57,10.29,4.07,0.64,75.0,2.36,57.89,10,4,420,0.0,0.0,0.86,1.07,7.93,0.0,5.36,53.19,3.86,64.29,1.5,36.84
352,834308,Ligue 1,23/24,Lille,Gabriel Gudmundsson,Defender,6.73,0.07,0.08,0.14,1.05,0.35,0.49,6.67,0.63,33.33,0.07,0.0,0.0,0.0,0.07,0.07,0.28,0.0,0.0,0.0,0.0,0.0,0.0,0.0,1.55,1.05,1.55,0,0.56,0.0,0.0,0.0,0.0,0.35,0.07,0.0,0.0,0.91,31.97,26.14,5.83,81.76,13.49,13.14,5.62,0.49,19.44,0.91,48.15,25,14,1281,0.14,0.0,1.48,1.33,13.0,1.19,4.15,43.7,3.51,44.64,0.63,39.13
353,856737,Ligue 1,23/24,Toulouse,Zakaria Aboukhlal,Forward,6.73,0.36,0.33,0.24,3.33,0.95,1.07,10.71,0.95,26.67,0.36,0.0,0.0,0.36,0.0,0.0,0.95,0.12,0.12,0.12,100.0,0.0,0.0,0.0,1.07,0.12,0.24,0,1.07,0.0,0.0,0.0,0.0,0.0,0.0,0.0,0.0,0.59,21.64,15.81,5.83,73.08,4.52,11.41,7.25,0.12,20.0,0.36,60.0,13,9,757,0.24,0.0,2.02,1.78,13.91,1.43,4.52,36.19,3.8,34.78,0.71,46.15
354,51640,Ligue 1,23/24,Montpellier,Wahbi Khazri,Forward,6.73,0.08,0.26,0.4,3.32,1.27,1.34,2.38,1.11,37.84,0.08,0.0,0.0,0.0,0.08,0.16,0.55,0.0,0.0,0.0,0.0,0.0,0.0,0.0,1.9,0.24,0.55,0,1.66,0.0,0.0,0.0,0.0,0.0,0.08,0.0,0.08,0.87,23.57,17.24,6.33,73.15,6.88,10.6,5.62,0.24,27.27,1.58,58.82,25,13,1138,0.47,0.0,1.5,1.82,12.89,1.11,5.54,44.03,4.75,44.44,0.79,41.67
355,845272,Ligue 1,23/24,Metz,Didier Lamkel Zé,Forward,6.73,0.16,0.25,0.16,1.76,0.48,0.64,9.09,0.96,35.29,0.16,0.0,0.0,0.0,0.16,0.16,0.48,0.0,0.0,0.0,0.0,0.0,0.0,0.0,1.12,0.0,1.76,0,0.48,0.0,0.0,0.0,0.0,0.16,0.16,0.0,0.0,0.96,27.93,21.86,6.06,78.29,10.05,11.81,6.86,0.0,0.0,2.23,73.68,9,7,564,0.16,0.0,2.23,1.76,13.4,1.12,5.9,39.78,3.67,40.35,2.23,38.89
356,963299,Ligue 1,23/24,Olympique Lyonnais,Johann Lepenant,Midfielder,6.73,0.0,0.05,0.0,1.43,0.72,0.36,0.0,1.08,75.0,0.0,0.0,0.0,0.0,0.0,0.0,0.0,0.0,0.0,0.0,0.0,0.0,0.0,0.0,1.43,1.43,0.0,0,2.51,0.0,0.0,0.0,0.0,0.0,0.0,0.0,0.0,1.08,65.62,58.8,6.81,89.62,28.69,30.12,14.34,0.0,0.0,4.3,85.71,6,2,251,0.36,0.0,2.15,1.08,9.68,0.0,3.94,40.74,3.59,41.67,0.36,33.33
357,944164,Ligue 1,23/24,Nice,Sofiane Diop,Midfielder,6.73,0.0,0.23,0.54,2.52,1.08,1.08,0.0,1.08,27.27,0.0,0.0,0.0,0.0,0.0,0.18,1.44,0.0,0.0,0.0,0.0,0.0,0.36,0.0,1.44,0.54,0.36,0,1.08,0.0,0.0,0.0,0.0,0.0,0.18,0.0,0.0,1.44,29.16,24.84,4.32,85.19,8.28,17.28,9.9,0.72,30.77,0.72,80.0,10,6,500,0.0,0.0,1.62,2.16,13.32,1.62,4.86,38.03,4.5,38.46,0.36,33.33
358,994867,Ligue 1,23/24,Toulouse,Mamady Bangré,Midfielder,6.73,0.0,0.11,0.82,2.45,0.0,1.64,0.0,0.82,20.0,0.0,0.0,0.0,0.0,0.0,0.0,0.82,0.0,0.0,0.0,0.0,0.0,0.0,0.0,3.27,3.27,2.45,0,0.82,0.0,0.0,0.0,0.0,0.0,0.82,0.82,0.0,4.91,57.27,46.64,10.64,81.43,9.82,38.45,18.82,1.64,50.0,0.0,0.0,8,0,110,1.64,0.0,2.45,0.0,22.09,3.27,4.91,28.57,4.09,29.41,0.82,25.0
359,1002357,Ligue 1,23/24,Nice,Aliou Balde,Forward,6.72,0.0,0.15,0.0,3.14,2.09,0.0,0.0,3.14,33.33,0.0,0.0,0.0,0.0,0.0,0.0,0.0,0.0,0.0,0.0,0.0,0.0,0.0,0.0,4.19,3.14,0.0,0,0.0,0.0,0.0,0.0,0.0,0.0,0.0,0.0,0.0,0.0,27.21,15.7,11.51,57.69,3.14,12.56,9.42,0.0,0.0,0.0,0.0,7,0,86,0.0,0.0,2.09,2.09,25.12,0.0,10.47,50.0,9.42,52.94,1.05,33.33
360,785418,Ligue 1,23/24,Nantes,Marcus Coco,Defender,6.72,0.06,0.05,0.06,0.54,0.18,0.12,11.11,0.72,50.0,0.06,0.0,0.0,0.06,0.0,0.0,0.0,0.0,0.0,0.0,0.0,0.0,0.0,0.0,2.58,1.26,2.1,0,1.92,0.0,0.0,0.0,0.0,0.0,0.12,0.0,0.0,0.72,31.04,24.03,7.01,77.41,11.26,13.36,6.53,0.6,21.74,0.72,27.27,28,18,1502,0.12,0.0,1.38,1.62,13.18,0.66,6.29,51.47,4.85,50.94,1.44,53.33
361,940262,Ligue 1,23/24,Montpellier,Kelvin Yeboah,Forward,6.72,0.0,0.16,0.0,1.91,0.95,0.64,0.0,2.54,66.67,0.0,0.0,0.0,0.0,0.0,0.0,0.95,0.0,0.0,0.0,0.0,0.0,0.0,0.0,1.27,0.32,0.95,0,0.64,0.0,0.0,0.0,0.0,0.0,0.0,0.0,0.0,1.59,23.85,18.45,5.41,77.33,6.36,12.08,7.0,0.0,0.0,0.32,33.33,13,0,283,0.0,0.0,3.5,2.54,14.95,1.91,9.86,45.59,6.36,48.78,3.5,40.74
362,929620,Ligue 1,23/24,Stade Rennais,Fabian Rieder,Midfielder,6.72,0.24,0.07,0.24,1.21,0.48,0.24,20.0,0.48,40.0,0.0,0.24,0.0,0.24,0.0,0.0,0.0,0.0,0.0,0.0,0.0,0.24,0.48,50.0,3.14,1.21,0.48,0,1.21,0.0,0.0,0.0,0.0,0.0,0.48,0.0,0.0,0.97,48.26,40.29,7.96,83.5,13.75,26.78,14.96,0.24,11.11,2.65,68.75,15,2,373,0.0,0.0,2.41,1.45,13.75,0.72,6.51,52.94,5.07,50.0,1.45,66.67
363,826293,Ligue 1,23/24,Nantes,Ronaël Pierre-Gabriel,Defender,6.72,0.0,0.05,0.0,1.04,0.0,0.3,0.0,0.6,50.0,0.0,0.0,0.0,0.0,0.0,0.0,0.0,0.0,0.0,0.0,0.0,0.0,0.0,0.0,2.24,1.19,3.43,0,0.3,0.0,0.0,0.0,0.0,0.15,0.15,0.0,0.0,0.3,34.93,27.76,7.16,79.49,15.22,12.69,6.72,0.15,11.11,0.6,25.0,12,6,603,0.45,0.0,0.6,0.6,11.94,0.45,4.78,64.0,3.28,62.86,1.49,66.67
364,225092,Ligue 1,23/24,Metz,Christophe Herelle,Defender,6.71,0.0,0.01,0.0,0.22,0.0,0.11,0.0,0.28,62.5,0.0,0.0,0.0,0.0,0.0,0.0,0.0,0.0,0.0,0.0,0.0,0.0,0.0,0.0,1.78,1.0,3.72,0,0.56,0.06,0.06,0.0,0.0,0.22,0.0,0.0,0.0,0.06,33.67,30.06,3.61,89.27,22.22,7.89,2.06,0.06,100.0,2.89,57.14,19,18,1620,0.22,0.06,0.78,1.83,4.44,0.06,4.83,66.41,3.83,71.13,1.0,52.94
365,1512339,Ligue 1,23/24,Montpellier,Lucas Mincarelli Davin,Defender,6.71,0.09,0.03,0.0,0.54,0.27,0.18,16.67,0.73,38.1,0.09,0.0,0.0,0.0,0.09,0.0,0.0,0.0,0.0,0.0,0.0,0.0,0.0,0.0,2.63,0.73,2.09,0,1.54,0.0,0.0,0.09,0.0,0.36,0.09,0.09,0.0,0.36,29.21,22.05,7.17,75.47,12.79,9.53,3.81,0.27,11.54,1.36,34.09,13,12,992,0.09,0.09,0.36,0.91,13.7,1.36,5.17,47.9,4.26,48.96,0.91,43.48
366,363532,Ligue 1,23/24,Le Havre,Oualid El Hajjam,Defender,6.71,0.0,0.08,0.22,1.73,0.65,1.08,0.0,0.87,80.0,0.0,0.0,0.0,0.0,0.0,0.22,0.22,0.22,0.0,0.0,0.0,0.0,0.0,0.0,1.73,1.3,2.16,0,1.51,0.0,0.0,0.0,0.0,0.0,0.0,0.0,0.0,1.51,42.19,32.45,9.74,76.92,18.61,14.28,6.27,0.43,20.0,2.16,32.26,13,4,416,0.22,0.0,2.81,0.87,14.93,0.22,4.11,42.22,3.46,43.24,0.65,37.5
367,1138804,Ligue 1,23/24,Lille,Hakon Arnar Haraldsson,Midfielder,6.71,0.14,0.05,0.07,0.84,0.42,0.28,16.67,1.05,46.88,0.14,0.0,0.0,0.0,0.14,0.0,0.07,0.0,0.0,0.0,0.0,0.0,0.0,0.0,0.84,0.21,0.21,0,1.12,0.0,0.0,0.0,0.0,0.0,0.14,0.0,0.0,1.05,37.38,31.16,6.22,83.36,12.23,19.01,9.5,0.07,14.29,0.98,70.0,26,15,1288,0.35,0.0,1.05,1.96,11.11,1.05,3.91,44.44,3.77,46.55,0.14,20.0
368,113409,Ligue 1,23/24,Clermont Foot,Elbasan Rashani,Forward,6.71,0.15,0.16,0.08,1.3,0.38,0.46,11.76,1.3,39.53,0.15,0.0,0.0,0.15,0.0,0.08,0.23,0.08,0.0,0.0,0.0,0.0,0.0,0.0,2.3,0.92,0.84,0,1.0,0.0,0.0,0.0,0.0,0.0,0.08,0.0,0.0,0.92,27.57,22.06,5.51,80.0,8.66,13.63,7.74,0.23,10.71,0.23,25.0,24,14,1175,0.31,0.15,2.07,2.22,13.17,1.69,7.66,49.02,5.82,46.91,1.84,57.14
369,1049526,Ligue 1,23/24,Metz,Simon Elisor,Forward,6.71,0.12,0.27,0.12,1.64,0.82,0.47,7.14,0.59,29.41,0.12,0.0,0.0,0.12,0.0,0.0,0.47,0.12,0.12,0.0,0.0,0.0,0.0,0.0,1.06,0.0,1.06,0,0.47,0.0,0.0,0.0,0.0,0.0,0.12,0.0,0.0,1.17,17.98,12.92,5.05,71.9,4.35,8.69,5.17,0.12,25.0,0.23,66.67,14,9,766,0.12,0.0,2.0,1.88,12.81,2.7,7.64,38.92,3.52,35.29,4.11,42.68
370,930246,Ligue 1,23/24,Toulouse,Yanis Begraoui,Forward,6.71,0.0,0.12,0.0,2.42,1.21,0.61,0.0,2.12,77.78,0.0,0.0,0.0,0.0,0.0,0.0,0.3,0.0,0.0,0.0,0.0,0.0,0.0,0.0,1.52,1.52,1.21,0,1.82,0.0,0.0,0.0,0.0,0.0,0.0,0.0,0.0,0.61,26.97,20.91,6.06,77.53,9.39,11.52,8.48,0.0,0.0,0.0,0.0,14,3,297,0.0,0.0,1.52,2.12,14.24,1.82,6.97,46.0,5.76,50.0,1.21,33.33
371,963198,Ligue 1,23/24,Clermont Foot,Chrislain Matsima,Defender,6.71,0.06,0.02,0.0,0.43,0.12,0.24,14.29,0.12,50.0,0.06,0.0,0.06,0.0,0.0,0.0,0.06,0.0,0.0,0.0,0.0,0.0,0.0,0.0,1.65,1.04,4.63,0,0.79,0.0,0.06,0.24,0.0,0.06,0.0,0.06,0.0,0.18,53.54,47.44,6.1,88.61,28.05,19.39,5.43,0.0,0.0,1.34,35.48,20,16,1476,0.24,0.0,1.34,0.73,7.2,0.3,4.51,54.41,2.5,50.62,2.01,60.0
372,1470032,Ligue 1,23/24,Metz,Ibou Sane,Forward,6.71,0.64,0.44,0.0,1.28,0.64,0.64,50.0,1.91,42.86,0.64,0.0,0.0,0.0,0.64,0.0,0.64,0.0,0.0,0.0,0.0,0.0,0.0,0.0,3.83,0.64,0.64,0,0.0,0.0,0.0,0.0,0.0,0.0,0.0,0.0,0.0,0.64,24.89,21.06,3.83,84.62,7.02,14.68,8.94,0.64,25.0,0.0,0.0,9,0,141,0.64,0.0,3.19,1.28,16.6,2.55,7.66,48.0,7.02,50.0,0.64,33.33
373,1514294,Ligue 1,23/24,RC Lens,Ayanda Sishuba,Midfielder,6.7,0.0,1.09,1.18,14.21,2.37,5.92,0.0,9.47,66.67,0.0,0.0,0.0,0.0,0.0,0.0,0.0,0.0,0.0,0.0,0.0,0.0,0.0,0.0,3.55,0.0,0.0,0,1.18,0.0,0.0,0.0,0.0,0.0,0.0,0.0,0.0,1.18,16.58,14.21,2.37,85.71,2.37,11.84,5.92,0.0,0.0,0.0,0.0,7,0,76,0.0,0.0,3.55,4.74,18.95,2.37,17.76,60.0,17.76,60.0,0.0,0.0
374,1195635,Ligue 1,23/24,Montpellier,Axel Gueguin,Forward,6.7,0.0,0.0,0.0,0.0,0.0,0.0,0.0,0.69,50.0,0.0,0.0,0.0,0.0,0.0,0.0,0.0,0.0,0.0,0.0,0.0,0.0,0.0,0.0,6.23,1.38,3.46,0,2.77,0.0,0.0,0.0,0.0,0.0,0.0,0.0,0.0,0.69,24.92,16.62,8.31,66.67,9.69,6.92,2.08,0.0,0.0,0.69,25.0,3,1,130,0.0,0.0,0.0,2.08,15.23,2.08,10.38,60.0,9.0,61.9,1.38,50.0
375,1048422,Ligue 1,23/24,Paris Saint-Germain,Hugo Ekitiké,Forward,6.7,0.0,0.0,0.0,0.0,0.0,0.0,0.0,0.0,0.0,0.0,0.0,0.0,0.0,0.0,0.0,0.0,0.0,0.0,0.0,0.0,0.0,0.0,0.0,0.0,0.0,0.0,0,0.0,0.0,0.0,0.0,0.0,0.0,0.0,0.0,0.0,10.0,80.0,70.0,10.0,87.5,0.0,70.0,60.0,0.0,0.0,0.0,0.0,1,0,9,0.0,0.0,10.0,0.0,40.0,10.0,0.0,0.0,0.0,0.0,0.0,0.0
376,823476,Ligue 1,23/24,Metz,Kévin N'Doram,Midfielder,6.7,0.0,0.02,0.0,0.39,0.06,0.17,0.0,0.22,40.0,0.0,0.0,0.0,0.0,0.0,0.0,0.0,0.0,0.0,0.0,0.0,0.0,0.0,0.0,1.73,1.5,2.06,0,1.17,0.0,0.0,0.0,0.0,0.17,0.06,0.11,0.0,0.39,33.72,26.64,7.08,79.01,13.32,13.37,5.24,0.06,50.0,3.01,58.7,23,18,1615,0.28,0.0,1.62,1.23,8.97,0.45,4.51,51.27,3.18,47.9,1.34,61.54
377,1389689,Ligue 1,23/24,Nice,Reda Belahyane,Midfielder,6.7,0.0,0.0,0.0,0.0,0.0,0.0,0.0,3.46,100.0,0.0,0.0,0.0,0.0,0.0,0.0,0.0,0.0,0.0,0.0,0.0,0.0,0.0,0.0,3.46,0.0,0.0,0,0.0,0.0,0.0,0.0,0.0,0.0,0.0,0.0,0.0,0.0,51.92,45.0,6.92,86.67,17.31,27.69,10.38,0.0,0.0,0.0,0.0,1,0,26,0.0,0.0,0.0,0.0,10.38,0.0,6.92,100.0,6.92,100.0,0.0,0.0
378,587402,Ligue 1,23/24,Lorient,Bonke Innocent,Midfielder,6.7,0.0,0.01,0.0,0.82,0.41,0.0,0.0,0.0,0.0,0.0,0.0,0.0,0.0,0.0,0.0,0.0,0.0,0.0,0.0,0.0,0.0,0.0,0.0,2.47,1.64,0.82,0,2.88,0.0,0.0,0.0,0.0,0.0,0.0,0.0,0.0,0.82,39.45,37.4,2.05,94.79,20.55,16.85,7.81,0.0,0.0,2.05,83.33,4,3,219,0.41,0.0,2.05,1.64,3.29,0.41,5.34,46.43,4.11,43.48,1.23,60.0
379,1090319,Ligue 1,23/24,Lille,Ignacio Miramón,Midfielder,6.7,0.0,0.11,0.0,4.39,2.2,2.2,0.0,0.0,0.0,0.0,0.0,0.0,0.0,0.0,0.0,0.0,0.0,0.0,0.0,0.0,0.0,0.0,0.0,2.2,0.0,0.0,0,2.2,0.0,0.0,0.0,0.0,0.0,0.0,0.0,0.0,0.0,70.24,61.46,8.78,87.5,26.34,35.12,10.98,0.0,0.0,4.39,50.0,2,1,41,0.0,0.0,0.0,2.2,10.98,0.0,4.39,66.67,4.39,66.67,0.0,0.0
380,1402217,Ligue 1,23/24,Lorient,Panos Katseris,Midfielder,6.7,0.09,0.18,0.43,1.46,0.52,0.86,5.88,1.12,36.11,0.09,0.0,0.0,0.0,0.09,0.17,0.17,0.0,0.0,0.0,0.0,0.0,0.0,0.0,2.23,0.69,1.37,0,0.77,0.0,0.0,0.09,0.0,0.0,0.09,0.09,0.0,0.77,22.76,16.92,5.84,74.34,7.21,9.88,5.32,0.17,4.44,0.43,38.46,15,13,1048,0.34,0.0,1.63,0.94,17.26,1.2,5.24,43.57,4.29,44.25,0.94,40.74
381,21134,Ligue 1,23/24,Montpellier,Mamadou Sakho,Defender,6.7,0.0,0.0,0.0,0.0,0.0,0.0,0.0,0.0,0.0,0.0,0.0,0.0,0.0,0.0,0.0,0.0,0.0,0.0,0.0,0.0,0.0,0.0,0.0,6.92,0.0,6.92,0,0.0,0.0,0.0,0.0,0.0,0.0,0.0,0.0,0.0,0.0,110.77,103.85,6.92,93.75,76.15,27.69,0.0,0.0,0.0,0.0,0.0,1,0,13,0.0,0.0,0.0,0.0,6.92,0.0,13.85,66.67,6.92,100.0,6.92,50.0
382,1022204,Ligue 1,23/24,Olympique Lyonnais,Amin Sarr,Forward,6.7,0.0,0.3,0.86,4.29,1.71,0.86,0.0,1.71,66.67,0.0,0.0,0.0,0.0,0.0,0.0,0.0,0.0,0.0,0.0,0.0,0.0,0.0,0.0,0.86,0.0,0.86,0,0.0,0.0,0.0,0.0,0.0,0.0,0.0,0.0,0.0,0.86,16.29,11.14,5.14,68.42,2.57,8.57,4.29,0.0,0.0,0.0,0.0,3,1,105,0.0,0.0,1.71,1.71,10.29,0.0,6.0,53.85,4.29,62.5,1.71,40.0
383,1506777,Ligue 1,23/24,RC Strasbourg,Steven Baseya,Defender,6.7,0.0,0.0,0.0,0.0,0.0,0.0,0.0,0.0,0.0,0.0,0.0,0.0,0.0,0.0,0.0,0.0,0.0,0.0,0.0,0.0,0.0,0.0,0.0,12.86,0.0,6.43,0,0.0,0.0,0.0,0.0,0.0,0.0,0.0,0.0,0.0,0.0,77.14,70.71,6.43,91.67,57.86,12.86,0.0,0.0,0.0,0.0,0.0,2,0,14,0.0,0.0,0.0,0.0,6.43,0.0,12.86,50.0,12.86,100.0,0.0,0.0
384,56113,Ligue 1,23/24,Paris Saint-Germain,Keylor Navas,Goalkeeper,6.7,0.0,0.0,0.0,0.0,0.0,0.0,0.0,0.0,0.0,0.0,0.0,0.0,0.0,0.0,0.0,0.0,0.0,0.0,0.0,0.0,0.0,0.0,0.0,0.0,0.0,1.0,0,0.0,0.0,0.0,0.0,0.0,0.25,0.0,0.0,0.0,0.0,21.5,19.75,1.75,91.86,19.5,0.25,0.25,0.0,0.0,2.5,58.82,4,4,360,0.0,0.0,0.0,0.0,1.75,0.0,0.0,0.0,0.0,0.0,0.0,0.0
385,128285,Ligue 1,23/24,Metz,Maxime Colin,Defender,6.7,0.0,0.02,0.0,0.29,0.0,0.29,0.0,0.54,50.0,0.0,0.0,0.0,0.0,0.0,0.0,0.0,0.05,0.0,0.0,0.0,0.0,0.0,0.0,1.91,0.98,3.04,0,0.64,0.0,0.0,0.0,0.0,0.2,0.05,0.0,0.0,0.2,32.79,23.28,9.51,71.0,12.21,11.52,4.95,0.44,26.47,1.52,31.31,22,22,1836,0.15,0.0,0.54,0.39,15.05,0.59,3.97,57.04,2.84,55.24,1.13,62.16
386,990820,Ligue 1,23/24,Stade Brestois,Hianga'a M'Bock,Midfielder,6.7,0.0,0.21,0.0,4.29,0.0,0.0,0.0,0.0,0.0,0.0,0.0,0.0,0.0,0.0,0.0,0.0,0.0,0.0,0.0,0.0,0.0,0.0,0.0,4.29,4.29,0.0,0,4.29,0.0,0.0,0.0,0.0,0.0,4.29,0.0,0.0,4.29,30.0,25.71,4.29,85.71,8.57,17.14,12.86,0.0,0.0,0.0,0.0,2,0,21,0.0,0.0,0.0,0.0,4.29,0.0,4.29,33.33,4.29,50.0,0.0,0.0
387,1047296,Ligue 1,23/24,Stade Brestois,Jérémy Le Douaron,Forward,6.69,0.22,0.34,0.61,2.76,1.16,1.1,8.0,0.88,31.37,0.17,0.06,0.06,0.11,0.06,0.17,0.17,0.06,0.0,0.0,0.0,0.0,0.0,0.0,1.16,0.11,0.5,0,0.83,0.0,0.0,0.06,0.0,0.06,0.06,0.0,0.0,0.55,18.88,13.53,5.36,71.64,4.36,9.55,5.36,0.39,15.91,0.66,75.0,33,19,1630,0.17,0.0,1.6,1.71,13.8,1.33,6.4,44.44,3.75,40.96,2.65,50.53
388,1444690,Ligue 1,23/24,Metz,Arthur Atta,Midfielder,6.69,0.1,0.06,0.1,0.86,0.38,0.29,11.11,1.15,42.86,0.1,0.0,0.0,0.0,0.1,0.0,0.38,0.0,0.0,0.0,0.0,0.0,0.0,0.0,1.73,0.96,2.11,0,1.06,0.0,0.0,0.0,0.0,0.19,0.38,0.19,0.0,1.15,36.69,27.95,8.74,76.18,13.16,15.18,7.2,0.38,40.0,2.59,57.45,21,10,937,0.0,0.0,1.73,1.15,14.41,1.54,5.09,40.46,3.94,41.0,1.15,38.71
389,123229,Ligue 1,23/24,Montpellier,Jordan Ferri,Midfielder,6.69,0.04,0.03,0.0,0.4,0.04,0.13,11.11,0.75,47.22,0.04,0.0,0.0,0.0,0.04,0.04,0.0,0.0,0.0,0.0,0.0,0.0,0.04,0.0,1.59,0.57,0.97,0,2.07,0.0,0.0,0.04,0.0,0.18,0.13,0.04,0.0,1.23,56.53,47.58,8.95,84.17,23.24,24.83,11.64,0.49,28.95,3.31,53.96,30,23,2041,0.26,0.0,2.12,1.9,14.51,1.46,4.67,39.41,4.19,39.92,0.49,35.48
390,1122641,Ligue 1,23/24,Montpellier,Sacha Delaye,Midfielder,6.69,0.0,0.22,0.0,3.26,1.3,1.3,0.0,1.3,66.67,0.0,0.0,0.0,0.0,0.0,0.0,0.0,0.0,0.0,0.0,0.0,0.0,0.0,0.0,4.57,0.0,0.0,0,3.26,0.0,0.0,0.0,0.0,0.0,0.0,0.0,0.0,1.3,29.35,24.13,5.22,82.22,6.52,18.26,13.7,0.65,33.33,0.0,0.0,9,0,138,0.65,0.0,3.91,0.65,11.09,0.0,7.17,39.29,6.52,47.62,0.65,14.29
391,942834,Ligue 1,23/24,Metz,Cheick Tidiane Sabaly,Forward,6.69,0.19,0.17,0.26,1.35,0.58,0.51,14.29,1.99,46.27,0.06,0.13,0.0,0.0,0.19,0.0,0.38,0.06,0.0,0.0,0.0,0.0,0.0,0.0,2.57,0.64,0.64,0,1.54,0.0,0.0,0.06,0.0,0.0,0.19,0.06,0.0,0.58,22.77,18.35,4.43,80.56,7.31,11.1,6.35,0.06,8.33,0.9,73.68,29,17,1403,0.26,0.0,1.54,1.73,11.1,1.22,6.61,46.82,6.29,49.49,0.32,22.73
392,1173167,Ligue 1,23/24,Metz,Danley Jean Jacques,Midfielder,6.69,0.0,0.1,0.07,1.13,0.17,0.63,0.0,0.47,53.85,0.0,0.0,0.0,0.0,0.0,0.07,0.07,0.0,0.0,0.0,0.0,0.0,0.0,0.0,1.8,1.47,1.37,0,1.23,0.0,0.0,0.0,0.0,0.13,0.0,0.0,0.0,0.33,24.09,18.99,5.11,78.81,9.18,9.91,4.27,0.1,15.0,1.47,48.35,33,30,2697,0.17,0.0,1.6,0.77,7.58,0.43,3.8,42.54,2.9,44.62,0.9,36.99
393,845084,Ligue 1,23/24,RC Strasbourg,Lebo Mothiba,Forward,6.69,0.44,0.68,0.89,2.36,1.03,0.89,18.75,0.59,80.0,0.44,0.0,0.15,0.0,0.3,0.0,0.59,0.0,0.0,0.0,0.0,0.0,0.0,0.0,0.74,0.0,1.62,0,0.15,0.0,0.0,0.0,0.0,0.0,0.0,0.0,0.0,0.74,16.97,12.54,4.43,73.91,3.69,9.0,6.49,0.15,100.0,0.0,0.0,15,5,610,0.0,0.0,1.92,1.62,9.0,1.62,6.2,43.75,2.95,45.45,3.25,42.31
394,1048014,Ligue 1,23/24,Clermont Foot,Alan Virginius,Midfielder,6.68,0.0,0.12,0.18,0.88,0.53,0.26,0.0,1.06,50.0,0.0,0.0,0.0,0.0,0.0,0.0,0.35,0.09,0.0,0.0,0.0,0.0,0.0,0.0,0.88,0.26,0.53,0,0.71,0.0,0.0,0.0,0.0,0.0,0.09,0.18,0.0,1.06,17.74,12.71,5.03,71.64,5.21,8.03,4.76,0.53,26.09,0.26,42.86,16,13,1020,0.0,0.0,0.35,0.53,11.29,0.97,2.82,38.55,2.47,44.44,0.35,20.0
395,993238,Ligue 1,23/24,Stade Brestois,Adrian Lebeau,Midfielder,6.68,0.0,0.09,0.0,3.1,0.0,0.0,0.0,0.0,0.0,0.0,0.0,0.0,0.0,0.0,0.0,0.0,0.0,0.0,0.0,0.0,0.0,0.0,0.0,0.0,0.0,0.0,0,4.66,0.0,0.0,0.0,0.0,0.0,1.55,1.55,0.0,6.21,40.34,26.38,13.97,65.38,9.31,20.17,10.86,3.1,66.67,0.0,0.0,7,0,58,0.0,0.0,1.55,3.1,21.72,1.55,3.1,20.0,3.1,28.57,0.0,0.0
396,1046150,Ligue 1,23/24,AS Monaco,Eliot Matazo,Midfielder,6.68,0.0,0.07,0.0,0.84,0.84,0.0,0.0,1.68,66.67,0.0,0.0,0.0,0.0,0.0,0.0,0.0,0.0,0.0,0.0,0.0,0.0,0.0,0.0,2.52,2.52,0.0,0,1.68,0.0,0.0,0.0,0.0,0.0,0.84,0.84,0.0,1.68,51.31,41.21,10.09,80.33,17.66,23.55,10.93,0.0,0.0,2.52,75.0,6,0,107,1.68,0.0,4.21,0.84,14.3,0.84,8.41,50.0,5.05,42.86,3.36,66.67
397,856744,Ligue 1,23/24,AS Monaco,Myron Boadu,Forward,6.68,0.84,0.36,0.0,1.68,1.68,0.0,50.0,0.0,0.0,0.84,0.0,0.0,0.84,0.0,0.0,0.84,0.0,0.0,0.0,0.0,0.0,0.0,0.0,1.68,0.0,0.0,0,0.84,0.0,0.0,0.0,0.0,0.0,0.0,0.0,0.0,0.0,12.62,8.41,4.21,66.67,1.68,6.73,4.21,0.0,0.0,0.0,0.0,9,0,107,0.0,0.0,2.52,1.68,13.46,1.68,4.21,26.32,3.36,33.33,0.84,14.29
398,1048333,Ligue 1,23/24,RC Strasbourg,Emmanuel Emegha,Forward,6.68,0.35,0.47,0.69,2.07,0.91,0.86,16.67,0.43,31.25,0.35,0.0,0.04,0.09,0.22,0.09,0.52,0.04,0.04,0.0,0.0,0.0,0.0,0.0,0.35,0.09,1.08,0,0.22,0.0,0.0,0.0,0.0,0.0,0.0,0.04,0.0,0.39,12.61,9.24,3.37,73.29,2.72,6.52,3.24,0.0,0.0,0.04,25.0,28,23,2084,0.13,0.0,1.12,1.04,7.73,1.25,3.24,33.63,1.81,33.87,1.43,33.33
399,892624,Ligue 1,23/24,Nantes,Samuel Moutoussamy,Midfielder,6.68,0.08,0.14,0.24,1.19,0.4,0.4,6.67,0.4,45.45,0.08,0.0,0.0,0.08,0.0,0.0,0.08,0.08,0.0,0.0,0.0,0.0,0.0,0.0,3.02,0.87,0.95,0,1.59,0.0,0.0,0.08,0.0,0.08,0.0,0.0,0.0,0.87,39.28,33.07,6.2,84.21,14.87,18.21,8.27,0.0,0.0,1.11,37.84,26,11,1132,0.16,0.0,1.67,1.03,9.14,0.72,5.09,47.06,4.37,49.55,0.72,36.0
400,791048,Ligue 1,23/24,Lorient,Julien Laporte,Defender,6.68,0.0,0.04,0.0,0.64,0.05,0.4,0.0,0.05,50.0,0.0,0.0,0.0,0.0,0.0,0.05,0.05,0.0,0.0,0.0,0.0,0.0,0.0,0.0,1.14,0.55,5.7,0,0.99,0.0,0.05,0.05,0.0,0.1,0.0,0.0,0.0,0.05,50.45,43.66,6.79,86.54,30.28,13.43,3.77,0.05,100.0,4.36,51.76,23,20,1816,0.2,0.0,0.99,0.45,7.14,0.1,3.52,47.97,1.64,44.59,1.88,51.35
401,245615,Ligue 1,23/24,Stade de Reims,Thomas Foket,Defender,6.68,0.0,0.01,0.0,0.15,0.0,0.1,0.0,0.34,58.33,0.0,0.0,0.0,0.0,0.0,0.0,0.2,0.0,0.0,0.0,0.0,0.0,0.0,0.0,1.56,1.22,1.56,0,1.22,0.0,0.0,0.0,0.0,0.1,0.1,0.05,0.0,0.54,40.82,33.55,7.28,82.18,18.9,15.09,7.52,0.44,24.32,2.05,50.0,27,22,1843,0.34,0.05,1.27,0.63,12.21,0.49,3.32,44.74,2.54,44.44,0.78,45.71
402,1016948,Ligue 1,23/24,Olympique Lyonnais,Jeffinho,Midfielder,6.68,0.29,0.3,0.29,3.19,0.87,0.87,9.09,4.06,40.0,0.29,0.0,0.0,0.0,0.29,0.0,0.29,0.29,0.0,0.0,0.0,0.0,0.0,0.0,3.19,0.0,0.0,0,2.03,0.0,0.0,0.0,0.0,0.0,0.58,0.29,0.0,1.74,36.58,27.29,9.29,74.6,5.52,21.77,15.68,0.0,0.0,1.74,100.0,10,3,310,0.0,0.0,1.16,1.45,23.23,3.77,9.87,41.46,8.71,40.0,1.16,57.14
403,1099792,Ligue 1,23/24,Nantes,Bénie Traoré,Midfielder,6.68,0.0,0.13,0.17,1.22,0.7,0.35,0.0,2.27,54.17,0.0,0.0,0.0,0.0,0.0,0.17,0.17,0.0,0.0,0.0,0.0,0.0,0.17,0.0,1.4,0.17,0.17,0,0.7,0.0,0.0,0.0,0.0,0.0,0.35,0.17,0.0,1.4,21.8,16.05,5.76,73.6,4.36,12.56,7.5,0.87,25.0,0.17,20.0,14,4,516,0.17,0.17,1.74,1.22,16.22,1.57,5.06,39.19,4.88,45.9,0.17,7.69
404,1807613,Ligue 1,23/24,RC Strasbourg,Aboubacar Ali,Forward,6.67,0.0,0.15,0.0,2.54,1.27,1.27,0.0,0.63,33.33,0.0,0.0,0.0,0.0,0.0,0.0,0.0,0.0,0.0,0.0,0.0,0.0,0.0,0.0,1.27,0.63,0.63,0,0.0,0.0,0.0,0.0,0.0,0.0,0.0,0.63,0.0,0.63,17.75,13.94,3.8,78.57,1.9,12.04,6.97,0.0,0.0,0.0,0.0,9,1,142,0.0,0.0,2.54,0.63,13.31,1.27,3.17,27.78,2.54,36.36,0.63,14.29
405,800349,Ligue 1,23/24,Clermont Foot,Maximiliano Caufriez,Defender,6.67,0.0,0.02,0.0,0.32,0.05,0.11,0.0,0.38,63.64,0.0,0.0,0.0,0.0,0.0,0.0,0.0,0.0,0.0,0.0,0.0,0.0,0.0,0.0,2.05,0.97,3.68,0,0.54,0.05,0.05,0.05,0.0,0.11,0.0,0.05,0.0,0.49,47.14,41.3,5.84,87.61,27.89,13.51,4.54,0.11,50.0,2.76,60.71,20,20,1665,0.32,0.11,2.11,0.97,7.46,0.59,4.43,50.62,3.41,50.0,1.03,52.78
406,1445625,Ligue 1,23/24,Clermont Foot,Jérémy Jacquet,Defender,6.67,0.0,0.07,0.0,0.35,0.0,0.35,0.0,0.35,50.0,0.0,0.0,0.0,0.0,0.0,0.0,0.35,0.0,0.0,0.0,0.0,0.0,0.0,0.0,1.74,2.43,2.78,0,0.35,0.0,0.0,0.0,0.0,0.0,0.0,0.35,0.0,0.69,36.14,26.76,9.38,74.04,10.42,16.68,8.69,0.35,100.0,1.04,37.5,7,2,259,0.0,0.0,0.35,1.04,12.16,0.69,5.21,62.5,2.78,61.54,2.43,63.64
407,25506,Ligue 1,23/24,Metz,Ismaël Traoré,Defender,6.67,0.08,0.03,0.0,0.4,0.16,0.2,20.0,0.16,66.67,0.08,0.0,0.04,0.04,0.0,0.04,0.0,0.0,0.0,0.0,0.0,0.0,0.0,0.0,0.77,1.21,3.43,0,0.53,0.0,0.0,0.04,0.0,0.12,0.0,0.0,0.0,0.08,31.35,27.23,4.12,86.86,20.76,6.46,1.05,0.0,0.0,2.54,51.22,26,25,2228,0.08,0.0,0.93,0.16,4.73,0.12,2.02,40.32,1.09,40.3,0.93,40.35
408,991200,Ligue 1,23/24,Lorient,Gedeon Kalulu,Defender,6.67,0.0,0.03,0.0,0.55,0.09,0.27,0.0,0.27,25.0,0.0,0.0,0.0,0.0,0.0,0.0,0.0,0.0,0.0,0.0,0.0,0.0,0.0,0.0,2.1,0.46,2.55,0,0.91,0.0,0.0,0.0,0.0,0.09,0.18,0.09,0.0,0.73,40.26,33.34,6.92,82.81,17.31,16.67,8.29,0.64,33.33,1.28,46.67,19,11,988,0.0,0.0,1.64,0.64,11.02,0.64,3.92,44.33,3.01,43.42,0.91,47.62
409,1136280,Ligue 1,23/24,Toulouse,Shavy Babicka,Midfielder,6.67,0.24,0.13,0.0,1.89,0.95,0.24,12.5,1.42,40.0,0.0,0.24,0.0,0.24,0.0,0.0,0.24,0.0,0.0,0.0,0.0,0.0,0.0,0.0,2.61,0.0,0.47,0,0.71,0.0,0.0,0.0,0.0,0.0,0.0,0.0,0.0,0.47,25.82,16.58,9.24,64.22,4.03,13.5,7.58,0.95,30.77,0.47,50.0,12,4,380,0.0,0.0,1.18,0.95,18.0,0.71,6.16,50.98,4.97,52.5,1.18,45.45
410,139225,Ligue 1,23/24,Lorient,Benjamin Mendy,Defender,6.67,0.25,0.14,0.25,1.65,0.51,1.02,15.38,1.14,50.0,0.25,0.0,0.0,0.25,0.0,0.0,0.51,0.0,0.0,0.0,0.0,0.0,0.0,0.0,0.38,0.89,2.16,0,0.51,0.0,0.0,0.0,0.0,0.0,0.63,0.13,0.0,2.03,39.35,30.72,8.63,78.06,11.17,22.34,9.9,2.79,22.92,1.9,44.12,15,7,709,0.38,0.0,1.52,0.51,22.34,0.63,2.54,35.71,2.03,35.56,0.51,36.36
411,581146,Ligue 1,23/24,Clermont Foot,Grejohn Kyei,Forward,6.66,0.17,0.43,0.35,2.69,0.69,1.3,6.45,0.87,33.33,0.17,0.0,0.09,0.0,0.09,0.0,0.69,0.0,0.09,0.09,100.0,0.0,0.0,0.0,0.52,0.09,0.87,0,0.09,0.0,0.0,0.0,0.0,0.0,0.09,0.09,0.0,1.04,22.57,17.1,5.47,75.77,5.9,11.28,7.46,0.09,50.0,1.48,73.91,26,10,1037,0.09,0.0,2.52,0.95,12.58,1.65,4.77,36.18,2.26,27.66,2.52,50.0
412,845930,Ligue 1,23/24,Nantes,Jean-Kévin Duverne,Defender,6.66,0.0,0.02,0.07,0.26,0.07,0.13,0.0,0.59,60.0,0.0,0.0,0.0,0.0,0.0,0.0,0.0,0.0,0.0,0.0,0.0,0.0,0.0,0.0,2.44,1.19,1.91,0,1.72,0.0,0.0,0.07,0.0,0.33,0.0,0.0,0.0,0.2,43.25,35.33,7.92,81.68,20.34,15.25,6.01,0.26,30.77,2.11,40.51,19,15,1363,0.33,0.0,1.91,1.06,12.08,0.53,5.08,47.83,3.96,46.51,1.12,53.13
413,217770,Ligue 1,23/24,Clermont Foot,Mehdi Zeffane,Midfielder,6.65,0.0,0.1,0.22,1.36,0.07,0.93,0.0,0.14,20.0,0.0,0.0,0.0,0.0,0.0,0.07,0.14,0.07,0.0,0.0,0.0,0.0,0.07,0.0,2.23,1.15,2.3,0,1.22,0.0,0.0,0.0,0.0,0.07,0.0,0.0,0.0,0.65,39.36,30.96,8.4,78.65,17.89,13.43,5.96,0.36,11.9,1.94,42.19,23,15,1253,0.14,0.0,0.93,0.5,14.08,0.29,3.38,46.08,2.87,48.78,0.5,35.0
414,810535,Ligue 1,23/24,Nantes,Tino Kadewere,Forward,6.65,0.08,0.22,0.33,1.32,0.5,0.58,6.25,0.99,46.15,0.08,0.0,0.0,0.0,0.08,0.0,0.58,0.0,0.08,0.0,0.0,0.0,0.0,0.0,0.83,1.24,1.24,0,0.75,0.0,0.0,0.0,0.0,0.08,0.08,0.0,0.0,1.49,25.42,19.54,5.88,76.87,6.62,13.08,7.62,0.17,25.0,0.41,38.46,25,10,1087,0.08,0.0,1.57,0.99,12.92,2.32,5.8,40.23,2.73,32.67,3.06,50.68
415,825901,Ligue 1,23/24,Metz,Joel Asoro,Forward,6.65,0.21,0.06,0.0,0.63,0.31,0.1,33.33,1.26,38.71,0.21,0.0,0.0,0.0,0.21,0.0,0.42,0.1,0.0,0.0,0.0,0.0,0.0,0.0,1.36,0.63,0.73,0,0.73,0.0,0.0,0.1,0.0,0.0,0.0,0.1,0.0,0.84,13.19,9.42,3.77,71.43,3.87,5.97,3.35,0.42,21.05,0.42,36.36,20,10,860,0.21,0.0,1.88,2.3,12.24,1.78,6.7,46.38,4.92,44.34,1.78,53.13
416,1049517,Ligue 1,23/24,RC Strasbourg,Ismael Doukouré,Defender,6.65,0.0,0.02,0.0,0.49,0.0,0.27,0.0,1.19,70.97,0.0,0.0,0.0,0.0,0.0,0.0,0.0,0.0,0.0,0.0,0.0,0.0,0.0,0.0,1.25,1.03,1.52,0,0.43,0.0,0.11,0.0,0.05,0.11,0.0,0.0,0.0,0.49,41.28,35.42,5.86,85.81,20.18,15.24,5.15,0.0,0.0,2.93,59.34,22,19,1659,0.22,0.0,1.03,0.6,8.46,1.3,3.8,47.62,3.04,49.12,0.76,42.42
417,1154611,Ligue 1,23/24,Stade de Reims,Valentin Atangana Edoa,Midfielder,6.65,0.0,0.08,0.0,1.43,0.32,0.48,0.0,0.32,28.57,0.0,0.0,0.0,0.0,0.0,0.0,0.0,0.0,0.0,0.0,0.0,0.0,0.0,0.0,3.01,0.95,1.11,0,1.27,0.0,0.0,0.0,0.0,0.0,0.0,0.0,0.0,0.32,26.46,23.61,2.85,89.22,11.88,11.88,4.91,0.16,20.0,0.95,85.71,15,7,568,0.0,0.0,3.01,1.27,7.13,0.48,5.86,45.68,4.6,47.54,1.27,40.0
418,1402751,Ligue 1,23/24,Olympique Lyonnais,Mahamadou Diawara,Midfielder,6.65,0.0,0.19,0.51,1.52,0.0,1.01,0.0,1.01,80.0,0.0,0.0,0.0,0.0,0.0,0.0,0.0,0.0,0.0,0.0,0.0,0.0,0.0,0.0,2.28,1.01,0.76,0,2.03,0.0,0.0,0.0,0.0,0.0,0.0,0.0,0.0,0.76,36.51,31.69,4.82,86.81,9.63,22.06,10.39,0.0,0.0,2.03,72.73,11,4,355,0.51,0.0,2.54,1.77,9.63,1.77,5.83,44.23,5.07,44.44,0.76,42.86
419,1586875,Ligue 1,23/24,Stade de Reims,Amadou Koné,Midfielder,6.65,0.0,0.05,0.0,1.08,0.18,0.72,0.0,0.36,66.67,0.0,0.0,0.0,0.0,0.0,0.0,0.0,0.0,0.0,0.0,0.0,0.0,0.0,0.0,2.34,1.8,1.62,0,0.72,0.0,0.0,0.0,0.0,0.18,0.0,0.0,0.0,0.54,45.54,36.72,8.82,80.63,17.46,19.26,5.58,0.0,0.0,1.98,57.89,16,4,500,0.36,0.18,1.26,3.78,11.88,0.72,8.64,63.16,6.48,69.23,2.16,50.0
420,143344,Ligue 1,23/24,RC Lens,Massadio Haïdara,Defender,6.65,0.0,0.02,0.0,0.36,0.0,0.24,0.0,0.0,0.0,0.0,0.0,0.0,0.0,0.0,0.0,0.24,0.0,0.0,0.0,0.0,0.0,0.0,0.0,1.07,1.31,3.34,0,0.24,0.12,0.24,0.12,0.0,0.12,0.12,0.12,0.0,0.12,43.57,37.6,5.97,86.3,18.98,19.1,7.88,0.48,18.18,1.19,47.62,18,7,754,0.12,0.0,1.31,0.84,10.62,0.6,3.58,50.0,1.79,40.54,1.79,65.22
421,844744,Ligue 1,23/24,Stade de Reims,Thibault De Smet,Defender,6.65,0.0,0.01,0.0,0.2,0.0,0.15,0.0,0.25,35.71,0.0,0.0,0.0,0.0,0.0,0.0,0.1,0.05,0.0,0.0,0.0,0.0,0.0,0.0,2.75,1.03,2.36,0,1.28,0.05,0.0,0.05,0.0,0.15,0.0,0.0,0.0,0.69,42.25,34.06,8.2,80.6,16.44,17.86,9.42,0.25,16.13,1.96,40.4,27,22,1834,0.34,0.05,1.86,0.44,11.88,0.34,4.27,47.03,3.44,48.28,0.83,42.5
422,1001458,Ligue 1,23/24,Le Havre,Issa Soumaré,Forward,6.63,0.0,0.14,0.38,1.91,0.38,1.53,0.0,1.14,42.86,0.0,0.0,0.0,0.0,0.0,0.0,1.53,0.0,0.0,0.0,0.0,0.0,0.0,0.0,0.76,0.0,0.76,0,1.53,0.0,0.0,0.0,0.0,0.0,0.38,0.0,0.0,1.14,22.12,12.2,9.92,55.17,4.19,8.01,5.34,0.0,0.0,0.0,0.0,7,3,236,0.0,0.0,2.29,3.05,17.54,0.76,12.2,52.46,4.96,46.43,7.25,57.58
423,27014,Ligue 1,23/24,Nantes,Moussa Sissoko,Midfielder,6.63,0.0,0.06,0.1,0.49,0.15,0.2,0.0,0.49,47.62,0.0,0.0,0.0,0.0,0.0,0.0,0.1,0.0,0.0,0.0,0.0,0.0,0.0,0.0,1.32,0.59,1.42,0,0.64,0.0,0.0,0.0,0.0,0.2,0.1,0.0,0.0,0.69,31.85,26.02,5.83,81.69,12.1,14.16,6.76,0.24,27.78,1.08,62.86,26,21,1837,0.34,0.0,1.96,0.15,8.77,0.39,2.65,36.73,1.96,36.7,0.69,36.84
424,964795,Ligue 1,23/24,Stade Brestois,Achraf Dari,Defender,6.63,0.0,0.04,0.0,0.71,0.71,0.0,0.0,0.0,0.0,0.0,0.0,0.0,0.0,0.0,0.0,0.0,0.0,0.0,0.0,0.0,0.0,0.0,0.0,0.71,3.54,6.38,0,1.42,0.71,0.0,0.0,0.0,0.0,0.0,0.0,0.0,0.0,60.24,51.73,8.5,85.88,36.85,14.88,4.25,0.0,0.0,9.21,72.22,4,1,127,0.0,0.0,1.42,0.71,9.92,0.0,4.25,60.0,1.42,40.0,2.83,80.0
425,1165722,Ligue 1,23/24,Olympique Lyonnais,Skelly Alvero,Midfielder,6.63,0.21,0.09,0.21,1.9,0.63,0.85,11.11,0.85,66.67,0.0,0.21,0.0,0.21,0.0,0.0,0.0,0.0,0.0,0.0,0.0,0.0,0.0,0.0,1.69,0.42,1.06,0,1.48,0.0,0.0,0.21,0.0,0.0,0.0,0.0,0.0,0.21,40.14,33.38,6.76,83.16,12.25,21.34,9.51,0.21,50.0,1.69,66.67,8,6,426,0.42,0.0,2.54,0.63,11.2,1.48,5.07,40.68,2.96,33.33,2.11,58.82
426,1114422,Ligue 1,23/24,Paris Saint-Germain,Cher Ndour,Midfielder,6.63,0.0,0.0,0.0,0.0,0.0,0.0,0.0,3.1,100.0,0.0,0.0,0.0,0.0,0.0,0.0,0.0,0.0,0.0,0.0,0.0,0.0,0.0,0.0,6.21,0.0,0.0,0,3.1,0.0,0.0,0.0,0.0,0.0,0.0,0.0,0.0,0.0,77.59,71.38,6.21,92.0,27.93,43.45,21.72,0.0,0.0,3.1,100.0,3,0,29,3.1,0.0,3.1,0.0,12.41,0.0,9.31,37.5,9.31,60.0,0.0,0.0
427,1168646,Ligue 1,23/24,Stade de Reims,Ibrahim Diakité,Defender,6.63,0.0,0.0,0.0,0.0,0.0,0.0,0.0,1.57,40.0,0.0,0.0,0.0,0.0,0.0,0.0,0.0,0.0,0.0,0.0,0.0,0.0,0.0,0.0,0.78,1.57,3.13,0,0.78,0.0,0.0,0.0,0.0,0.0,0.0,0.0,0.0,1.57,46.96,32.87,14.09,70.0,13.3,21.13,10.96,1.57,22.22,3.13,80.0,5,1,115,0.0,0.0,3.91,2.35,25.04,0.0,7.04,45.0,4.7,40.0,2.35,60.0
428,105951,Ligue 1,23/24,Stade de Reims,Benjamin Stambouli,Midfielder,6.63,0.0,0.02,0.0,0.6,0.0,0.0,0.0,0.3,100.0,0.0,0.0,0.0,0.0,0.0,0.0,0.0,0.0,0.0,0.0,0.0,0.0,0.0,0.0,2.72,0.6,1.81,0,1.51,0.0,0.0,0.0,0.0,0.0,0.0,0.3,0.0,0.91,38.66,28.09,10.57,72.66,11.78,16.91,6.34,0.6,100.0,2.11,38.89,7,3,298,1.21,0.0,2.11,0.0,11.17,0.0,5.44,52.94,3.02,45.45,2.42,66.67
429,1463265,Ligue 1,23/24,Le Havre,Antoine Joujou,Forward,6.63,0.0,0.13,0.12,2.35,0.35,1.06,0.0,2.23,38.0,0.0,0.0,0.0,0.0,0.0,0.23,0.0,0.0,0.0,0.0,0.0,0.0,0.0,0.0,2.35,0.82,0.59,0,1.17,0.0,0.0,0.0,0.0,0.0,0.0,0.23,0.0,1.06,28.2,21.15,7.05,75.0,4.93,16.57,10.46,0.35,16.67,0.47,66.67,23,6,766,0.12,0.0,2.0,1.17,18.56,3.05,6.93,36.2,5.76,37.98,1.17,29.41
430,249929,Ligue 1,23/24,Olympique de Marseille,Joaquín Correa,Forward,6.63,0.0,0.13,0.2,0.81,0.4,0.4,0.0,1.01,35.71,0.0,0.0,0.0,0.0,0.0,0.0,0.0,0.0,0.0,0.0,0.0,0.0,0.2,0.0,1.42,0.2,0.2,0,1.62,0.0,0.0,0.0,0.0,0.0,0.2,0.0,0.0,1.01,32.97,26.09,6.88,79.14,6.88,19.21,10.31,0.0,0.0,0.4,50.0,12,6,445,0.4,0.0,1.21,1.01,12.94,2.02,4.45,36.07,3.44,34.0,1.01,45.45
431,802138,Ligue 1,23/24,Lorient,Jean Victor Makengo,Forward,6.63,0.0,0.05,0.0,0.94,0.38,0.19,0.0,0.94,38.46,0.0,0.0,0.0,0.0,0.0,0.0,0.0,0.0,0.0,0.0,0.0,0.0,0.0,0.0,0.94,1.51,0.75,0,0.75,0.0,0.0,0.0,0.0,0.0,0.0,0.0,0.0,0.0,51.03,45.56,5.46,89.3,22.97,22.78,11.67,0.19,20.0,0.56,30.0,11,5,478,0.0,0.0,1.32,1.32,11.49,2.07,3.58,38.0,3.2,36.96,0.38,50.0
432,875548,Ligue 1,23/24,Lorient,Aiyegun Tosin,Forward,6.62,0.2,0.18,0.0,1.09,0.3,0.6,18.18,1.19,48.0,0.2,0.0,0.0,0.1,0.1,0.0,0.3,0.1,0.0,0.0,0.0,0.0,0.0,0.0,0.6,0.2,0.79,0,0.6,0.0,0.0,0.0,0.0,0.0,0.0,0.0,0.0,0.69,18.95,15.18,3.77,80.1,6.65,8.53,5.26,0.0,0.0,0.5,83.33,19,10,907,0.0,0.1,1.29,1.59,9.63,1.29,3.97,42.11,3.37,43.59,0.6,35.29
433,909167,Ligue 1,23/24,Clermont Foot,Yoël Armougom,Defender,6.62,0.0,0.02,0.0,0.75,0.0,0.38,0.0,0.38,50.0,0.0,0.0,0.0,0.0,0.0,0.0,0.0,0.0,0.0,0.0,0.0,0.0,0.0,0.0,1.13,0.38,1.13,0,0.38,0.0,0.0,0.0,0.0,0.0,0.0,0.0,0.0,1.88,38.03,30.5,7.53,80.2,13.56,18.08,7.15,1.13,21.43,0.38,12.5,5,2,239,0.38,0.0,0.38,1.13,13.93,0.0,3.39,60.0,2.64,70.0,0.75,40.0
434,993455,Ligue 1,23/24,RC Lens,Salis Abdul Samed,Midfielder,6.62,0.0,0.05,0.06,0.29,0.0,0.29,0.0,0.41,38.89,0.0,0.0,0.0,0.0,0.0,0.0,0.0,0.0,0.0,0.0,0.0,0.0,0.0,0.0,1.23,0.7,0.99,0,0.58,0.0,0.0,0.18,0.0,0.12,0.06,0.0,0.0,0.35,51.92,46.31,5.61,89.2,20.5,25.93,11.56,0.12,66.67,1.05,60.0,27,17,1541,0.12,0.0,1.99,0.93,8.47,0.64,2.69,38.66,2.57,40.0,0.12,22.22
435,282917,Ligue 1,23/24,Clermont Foot,Jérémie Bela,Midfielder,6.61,0.0,0.1,0.0,2.69,0.9,1.34,0.0,1.79,57.14,0.0,0.0,0.0,0.0,0.0,0.0,0.0,0.0,0.0,0.0,0.0,0.0,0.45,0.0,0.45,0.0,0.45,0,0.9,0.0,0.0,0.0,0.0,0.0,0.0,0.0,0.0,1.34,37.61,29.55,8.06,78.57,7.61,22.84,10.75,0.9,14.29,0.9,66.67,12,1,201,0.0,0.0,0.0,1.79,18.81,1.34,4.48,47.62,4.03,52.94,0.45,25.0
436,1130602,Ligue 1,23/24,Metz,Kevin Van Den Kerkhof,Defender,6.61,0.05,0.07,0.05,0.98,0.33,0.33,4.76,1.45,43.66,0.05,0.0,0.0,0.0,0.05,0.0,0.28,0.0,0.0,0.0,0.0,0.0,0.0,0.0,1.45,0.51,1.03,0,0.89,0.0,0.05,0.0,0.0,0.05,0.19,0.09,0.05,1.03,18.2,12.02,6.17,66.07,5.89,7.44,3.6,1.31,21.88,0.75,30.19,29,21,1924,0.05,0.0,0.37,0.47,17.45,1.64,3.84,38.86,3.32,41.04,0.51,28.95
437,1217613,Ligue 1,23/24,Olympique Lyonnais,Gift Orban,Forward,6.6,0.19,0.21,0.0,1.5,0.37,0.19,12.5,0.94,41.67,0.19,0.0,0.0,0.0,0.19,0.0,0.37,0.0,0.0,0.0,0.0,0.0,0.0,0.0,0.75,0.19,0.37,0,0.56,0.19,0.0,0.0,0.0,0.0,0.0,0.0,0.0,0.0,18.71,13.66,5.05,73.0,4.86,8.79,5.05,0.0,0.0,0.75,57.14,13,5,481,0.37,0.0,1.68,1.87,12.16,1.31,4.12,34.92,3.56,42.22,0.56,16.67
438,986770,Ligue 1,23/24,Metz,Guillaume Dietsch,Goalkeeper,6.6,0.0,0.0,0.0,0.0,0.0,0.0,0.0,0.0,0.0,0.0,0.0,0.0,0.0,0.0,0.0,0.0,0.0,0.0,0.0,0.0,0.0,0.0,0.0,0.0,0.0,0.0,0,0.0,0.0,0.0,0.0,0.0,0.0,0.0,0.0,0.0,0.0,28.75,15.0,13.75,52.17,8.75,6.25,1.25,0.0,0.0,8.75,38.89,1,0,72,0.0,0.0,0.0,0.0,13.75,0.0,0.0,0.0,0.0,0.0,0.0,0.0
439,802143,Ligue 1,23/24,Nantes,Kelvin Amian,Defender,6.6,0.0,0.01,0.0,0.11,0.0,0.11,0.0,0.34,42.86,0.0,0.0,0.0,0.0,0.0,0.0,0.0,0.0,0.0,0.0,0.0,0.0,0.0,0.0,1.8,0.79,2.7,0,0.45,0.0,0.0,0.0,0.0,0.23,0.34,0.11,0.0,0.56,29.25,22.84,6.41,78.08,11.25,11.81,6.19,0.23,14.29,2.02,47.37,12,11,800,0.23,0.0,1.46,0.34,11.93,0.79,3.15,47.46,2.48,44.9,0.67,60.0
440,795261,Ligue 1,23/24,Olympique Lyonnais,Adryelson,Defender,6.6,0.0,0.0,0.0,0.0,0.0,0.0,0.0,0.0,0.0,0.0,0.0,0.0,0.0,0.0,0.0,0.0,0.0,0.0,0.0,0.0,0.0,0.0,0.0,0.0,7.5,22.5,0,0.0,0.0,0.0,0.0,0.0,0.0,0.0,0.0,0.0,0.0,37.5,37.5,0.0,100.0,37.5,0.0,0.0,0.0,0.0,0.0,0.0,2,0,12,0.0,0.0,0.0,0.0,0.0,0.0,0.0,0.0,0.0,0.0,0.0,0.0
441,1049534,Ligue 1,23/24,Nantes,Jaouen Hadjam,Defender,6.6,0.0,0.03,0.0,0.74,0.0,0.74,0.0,0.0,0.0,0.0,0.0,0.0,0.0,0.0,0.0,0.0,0.0,0.0,0.0,0.0,0.0,0.0,0.0,4.43,2.21,1.48,0,0.74,0.0,0.0,0.0,0.0,0.0,0.74,0.0,0.0,2.95,62.7,52.38,10.33,83.53,23.61,30.98,16.23,2.21,25.0,0.74,20.0,8,0,122,0.0,0.0,2.95,0.74,22.87,2.21,5.9,50.0,5.16,46.67,0.74,100.0
442,1382235,Ligue 1,23/24,Stade Rennais,Bertuğ Yıldırım,Forward,6.6,0.0,0.27,0.96,1.92,0.77,0.77,0.0,1.15,85.71,0.0,0.0,0.0,0.0,0.0,0.19,0.77,0.19,0.0,0.0,0.0,0.0,0.0,0.0,1.34,0.0,0.77,0,0.96,0.0,0.0,0.0,0.0,0.0,0.19,0.19,0.0,0.77,20.15,14.01,6.14,69.52,5.37,8.64,4.61,0.0,0.0,0.19,100.0,21,2,469,0.58,0.0,3.45,2.69,10.36,1.34,8.44,41.12,4.99,48.15,3.45,33.96
443,1403127,Ligue 1,23/24,Olympique de Marseille,François Régis Mughe,Forward,6.6,0.0,0.05,0.0,1.53,0.0,0.51,0.0,1.02,25.0,0.0,0.0,0.0,0.0,0.0,0.0,0.0,0.0,0.0,0.0,0.0,0.0,0.0,0.0,0.0,0.51,0.51,0,1.53,0.0,0.0,0.0,0.0,0.0,0.0,0.0,0.0,1.02,17.39,11.25,6.14,64.71,2.56,10.23,6.65,1.53,42.86,0.51,25.0,5,2,176,0.51,0.0,1.53,4.09,16.88,0.51,6.14,46.15,5.11,43.48,1.02,66.67
444,852404,Ligue 1,23/24,Olympique de Marseille,Mattéo Guendouzi,Midfielder,6.6,0.0,1.9,3.46,6.92,6.92,0.0,0.0,0.0,0.0,0.0,0.0,0.0,0.0,0.0,0.0,0.0,0.0,0.0,0.0,0.0,0.0,0.0,0.0,0.0,0.0,0.0,0,0.0,0.0,0.0,0.0,0.0,0.0,0.0,0.0,0.0,0.0,38.08,31.15,6.92,81.82,3.46,27.69,20.77,0.0,0.0,0.0,0.0,2,0,26,0.0,0.0,0.0,3.46,13.85,3.46,3.46,33.33,3.46,50.0,0.0,0.0
445,1490783,Ligue 1,23/24,Le Havre,Simon Ebonog,Midfielder,6.6,0.0,0.0,0.0,0.0,0.0,0.0,0.0,0.0,0.0,0.0,0.0,0.0,0.0,0.0,0.0,0.0,0.0,0.0,0.0,0.0,0.0,0.0,0.0,2.65,0.0,2.65,0,0.0,0.0,0.0,0.0,0.0,0.0,0.0,0.0,0.0,0.0,55.59,45.0,10.59,80.95,31.76,13.24,7.94,0.0,0.0,2.65,33.33,4,0,34,0.0,0.0,0.0,2.65,10.59,0.0,10.59,100.0,5.29,100.0,5.29,100.0
446,1426226,Ligue 1,23/24,Clermont Foot,Mohamed-Amine Bouchenna,Midfielder,6.6,0.0,0.2,0.0,3.33,0.0,3.33,0.0,6.67,40.0,0.0,0.0,0.0,0.0,0.0,0.0,0.0,0.0,0.0,0.0,0.0,0.0,0.0,0.0,3.33,0.0,0.0,0,0.0,0.0,0.0,0.0,0.0,0.0,0.0,0.0,0.0,3.33,26.67,26.67,0.0,100.0,10.0,16.67,6.67,0.0,0.0,0.0,0.0,2,0,27,3.33,0.0,3.33,0.0,23.33,0.0,10.0,42.86,10.0,42.86,0.0,0.0
447,1405985,Ligue 1,23/24,Nantes,Enzo Mongo,Defender,6.6,0.0,0.0,0.0,0.0,0.0,0.0,0.0,0.0,0.0,0.0,0.0,0.0,0.0,0.0,0.0,0.0,0.0,0.0,0.0,0.0,0.0,0.0,0.0,10.0,10.0,0.0,0,10.0,0.0,0.0,0.0,0.0,0.0,0.0,0.0,0.0,0.0,0.0,0.0,0.0,0.0,0.0,0.0,0.0,0.0,0.0,0.0,0.0,1,0,9,0.0,0.0,0.0,0.0,20.0,0.0,10.0,33.33,10.0,50.0,0.0,0.0
448,1146941,Ligue 1,23/24,Clermont Foot,Aïman Maurer,Midfielder,6.6,0.0,0.18,0.0,4.5,1.5,3.0,0.0,3.0,66.67,0.0,0.0,0.0,0.0,0.0,0.0,0.0,0.0,0.0,0.0,0.0,0.0,0.0,0.0,1.5,0.0,0.0,0,3.0,0.0,0.0,0.0,0.0,0.0,0.0,0.0,0.0,0.0,36.0,30.0,6.0,83.33,12.0,18.0,7.5,0.0,0.0,0.0,0.0,5,0,60,0.0,0.0,0.0,0.0,21.0,1.5,4.5,30.0,4.5,42.86,0.0,0.0
449,1402698,Ligue 1,23/24,Paris Saint-Germain,Ethan Mbappé,Midfielder,6.6,0.0,0.27,0.0,3.91,1.96,0.0,0.0,0.0,0.0,0.0,0.0,0.0,0.0,0.0,0.0,0.0,0.0,0.0,0.0,0.0,0.0,0.0,0.0,0.0,0.0,0.0,0,3.91,0.0,0.0,0.0,0.0,0.0,0.0,0.0,0.0,0.0,84.13,78.26,5.87,93.02,35.22,43.04,29.35,0.0,0.0,1.96,100.0,3,0,46,0.0,0.0,1.96,1.96,7.83,0.0,1.96,25.0,1.96,25.0,0.0,0.0
450,902657,Ligue 1,23/24,RC Strasbourg,Jessy Deminguet,Midfielder,6.6,0.0,0.03,0.0,0.38,0.12,0.25,0.0,0.25,33.33,0.0,0.0,0.0,0.0,0.0,0.0,0.12,0.0,0.0,0.0,0.0,0.0,0.0,0.0,1.75,1.12,0.5,0,1.5,0.12,0.0,0.0,0.0,0.0,0.12,0.0,0.0,0.25,30.25,26.88,3.38,88.84,12.75,14.25,8.0,0.12,11.11,1.75,60.87,18,9,720,0.12,0.0,2.0,1.12,7.38,0.62,3.88,42.47,3.12,40.98,0.75,50.0
451,1002458,Ligue 1,23/24,RC Lens,Jhoanner Chávez,Midfielder,6.6,0.0,0.06,0.19,0.56,0.0,0.37,0.0,0.0,0.0,0.0,0.0,0.0,0.0,0.0,0.0,0.56,0.0,0.0,0.0,0.0,0.0,0.0,0.0,1.11,0.93,1.85,0,1.11,0.0,0.0,0.0,0.0,0.0,0.37,0.0,0.0,0.74,30.0,23.15,6.85,77.16,11.11,12.96,6.48,0.93,38.46,0.93,35.71,8,6,486,0.19,0.0,1.85,0.74,12.59,0.93,3.15,37.78,1.85,31.25,1.3,53.85
452,1410408,Ligue 1,23/24,Clermont Foot,Abdellah Baallal,Midfielder,6.6,0.0,0.0,0.0,0.0,0.0,0.0,0.0,0.0,0.0,0.0,0.0,0.0,0.0,0.0,0.0,0.0,0.0,0.0,0.0,0.0,0.0,0.0,0.0,0.0,0.0,0.0,0,0.0,0.0,0.0,0.0,0.0,0.0,0.0,0.0,0.0,0.0,32.73,24.55,8.18,75.0,16.36,8.18,0.0,0.0,0.0,0.0,0.0,1,0,11,0.0,0.0,0.0,0.0,8.18,0.0,8.18,100.0,0.0,0.0,8.18,100.0
453,1049187,Ligue 1,23/24,Olympique Lyonnais,Mohamed El Arouch,Midfielder,6.6,0.0,0.0,0.0,0.0,0.0,0.0,0.0,10.0,100.0,0.0,0.0,0.0,0.0,0.0,0.0,0.0,0.0,0.0,0.0,0.0,0.0,0.0,0.0,0.0,0.0,0.0,0,0.0,0.0,0.0,0.0,0.0,0.0,0.0,0.0,0.0,0.0,10.0,10.0,0.0,100.0,0.0,10.0,0.0,0.0,0.0,0.0,0.0,1,0,9,0.0,0.0,0.0,0.0,0.0,0.0,10.0,50.0,10.0,100.0,0.0,0.0
454,1154687,Ligue 1,23/24,Nantes,Nathan Zeze,Defender,6.59,0.0,0.03,0.0,0.26,0.0,0.18,0.0,0.0,0.0,0.0,0.0,0.0,0.0,0.0,0.0,0.0,0.0,0.0,0.0,0.0,0.0,0.0,0.0,0.97,1.06,4.05,0,0.62,0.09,0.0,0.0,0.0,0.18,0.0,0.0,0.0,0.0,42.09,35.75,6.34,84.94,25.98,9.77,2.03,0.0,0.0,2.47,50.91,13,11,1022,0.09,0.0,0.7,0.62,6.87,0.0,3.08,56.45,1.5,54.84,1.59,58.06
455,1102504,Ligue 1,23/24,Toulouse,Kévin Keben Biakolo,Defender,6.59,0.0,0.0,0.0,0.17,0.0,0.17,0.0,0.52,42.86,0.0,0.0,0.0,0.0,0.0,0.0,0.0,0.0,0.0,0.0,0.0,0.0,0.0,0.0,0.69,1.37,2.58,0,0.52,0.0,0.0,0.0,0.0,0.0,0.0,0.0,0.0,0.52,38.13,30.74,7.39,80.63,21.64,9.1,4.29,0.0,0.0,1.55,36.0,8,7,524,0.17,0.0,1.72,0.86,11.85,0.17,3.09,40.0,1.89,37.93,1.2,43.75
456,802149,Ligue 1,23/24,Montpellier,Yann Karamoh,Forward,6.59,0.32,0.26,0.0,1.61,0.97,0.32,20.0,1.94,50.0,0.32,0.0,0.0,0.0,0.32,0.0,0.65,0.0,0.0,0.0,0.0,0.0,0.0,0.0,0.32,0.0,0.0,0,0.32,0.0,0.0,0.0,0.0,0.0,0.0,0.0,0.0,1.61,26.77,20.0,6.77,74.7,9.03,11.29,6.13,0.32,20.0,0.65,50.0,12,1,279,0.32,0.0,2.26,2.26,18.06,2.9,5.16,30.77,4.52,37.84,0.65,13.33
457,796324,Ligue 1,23/24,Metz,Benjamin Tetteh,Forward,6.58,0.0,0.08,0.0,0.92,0.31,0.61,0.0,1.23,44.44,0.0,0.0,0.0,0.0,0.0,0.0,1.54,0.0,0.0,0.0,0.0,0.0,0.0,0.0,1.84,0.0,0.31,0,0.92,0.0,0.0,0.0,0.0,0.0,0.0,0.0,0.0,0.61,23.34,15.05,8.29,64.47,6.14,8.91,4.91,0.0,0.0,0.0,0.0,12,1,293,0.31,0.0,1.23,1.23,15.67,0.61,6.76,40.74,4.3,51.85,2.46,29.63
458,948250,Ligue 1,23/24,Stade Brestois,Billal Brahimi,Forward,6.58,0.0,0.03,0.0,1.29,0.64,0.0,0.0,2.89,56.25,0.0,0.0,0.0,0.0,0.0,0.0,0.64,0.0,0.0,0.0,0.0,0.0,0.0,0.0,0.0,0.0,0.0,0,1.29,0.0,0.0,0.0,0.0,0.0,0.32,0.0,0.0,2.25,31.5,23.79,7.71,75.51,4.82,20.57,12.86,1.61,14.71,1.61,71.43,20,1,280,0.32,0.32,0.96,1.29,24.75,2.57,4.5,40.0,4.18,39.39,0.32,50.0
459,1394411,Ligue 1,23/24,Le Havre,Steve Ngoura,Forward,6.58,0.0,0.17,0.36,2.55,0.73,1.09,0.0,1.09,75.0,0.0,0.0,0.0,0.0,0.0,0.0,0.73,0.0,0.0,0.0,0.0,0.0,0.0,0.0,0.73,0.0,1.09,0,1.09,0.0,0.0,0.0,0.0,0.0,0.0,0.36,0.0,0.36,17.85,12.02,5.83,67.35,2.19,9.84,6.19,0.0,0.0,0.73,66.67,12,1,247,0.36,0.0,2.19,0.36,11.66,0.73,3.28,29.03,2.19,33.33,1.09,23.08
460,1495876,Ligue 1,23/24,Stade de Reims,Mamadou Diakhon,Forward,6.57,0.0,0.0,0.0,0.42,0.42,0.0,0.0,2.55,37.5,0.0,0.0,0.0,0.0,0.0,0.0,0.0,0.0,0.0,0.0,0.0,0.0,0.0,0.0,2.12,0.42,0.0,0,2.55,0.0,0.0,0.0,0.0,0.0,0.0,0.0,0.0,0.42,17.83,16.13,1.7,90.48,8.07,8.07,5.09,0.0,0.0,0.85,66.67,11,1,212,0.0,0.0,1.7,4.67,12.31,0.85,10.19,48.0,9.34,50.0,0.85,33.33
461,359246,Ligue 1,23/24,Metz,Habib Maïga,Midfielder,6.57,0.0,0.07,0.0,1.08,0.0,0.54,0.0,0.0,0.0,0.0,0.0,0.0,0.0,0.0,0.0,0.0,0.0,0.0,0.0,0.0,0.0,0.0,0.0,1.08,2.17,1.08,0,1.08,0.0,0.0,0.0,0.0,0.0,0.0,0.0,0.0,0.0,33.07,25.48,7.59,77.05,16.27,9.22,4.34,0.0,0.0,1.08,33.33,7,1,166,0.0,0.0,2.17,1.08,10.84,1.08,3.25,40.0,2.17,33.33,1.08,66.67
462,801287,Ligue 1,23/24,RC Lens,Faitout Maouassa,Midfielder,6.57,0.0,0.09,1.1,3.29,2.2,1.1,0.0,1.1,50.0,0.0,0.0,0.0,0.0,0.0,0.0,0.0,0.0,0.0,0.0,0.0,0.0,0.0,0.0,1.1,0.0,2.2,0,0.0,0.0,0.0,0.0,0.0,0.0,0.0,0.0,0.0,2.2,19.76,13.17,6.59,66.67,6.59,8.78,1.1,2.2,66.67,0.0,0.0,3,1,82,0.0,0.0,2.2,1.1,15.37,4.39,5.49,38.46,3.29,30.0,2.2,66.67
463,1110705,Ligue 1,23/24,Metz,Jean N'Guessan,Midfielder,6.57,0.0,0.06,0.0,2.31,0.77,0.0,0.0,2.31,100.0,0.0,0.0,0.0,0.0,0.0,0.0,0.0,0.0,0.0,0.0,0.0,0.0,0.0,0.0,2.31,0.77,0.0,0,2.31,0.0,0.0,0.0,0.0,0.0,0.0,0.0,0.0,0.0,34.62,27.69,6.92,80.0,11.54,16.92,7.69,0.77,100.0,1.54,100.0,6,1,117,0.0,0.0,7.69,3.85,9.23,1.54,9.23,46.15,7.69,41.67,1.54,100.0
464,1392812,Ligue 1,23/24,Metz,Joseph N'Duquidi,Midfielder,6.57,0.0,0.02,0.0,0.47,0.12,0.24,0.0,0.12,20.0,0.0,0.0,0.0,0.0,0.0,0.0,0.0,0.0,0.0,0.0,0.0,0.0,0.0,0.0,1.31,1.31,1.66,0,0.95,0.12,0.0,0.0,0.0,0.24,0.0,0.0,0.0,0.24,23.51,19.59,3.92,83.33,10.33,9.26,2.49,0.0,0.0,1.07,64.29,13,7,758,0.24,0.0,1.54,1.54,7.01,0.47,3.68,43.06,2.85,48.0,0.83,31.82
465,1175856,Ligue 1,23/24,Stade de Reims,Amine Salama,Forward,6.55,0.0,0.21,0.86,1.73,0.58,0.86,0.0,2.88,76.92,0.0,0.0,0.0,0.0,0.0,0.0,1.73,0.0,0.0,0.0,0.0,0.0,0.0,0.0,0.0,0.29,0.29,0,0.0,0.0,0.0,0.0,0.0,0.0,0.0,0.0,0.0,1.44,19.27,13.23,6.04,68.66,2.88,10.64,7.76,0.29,20.0,0.0,0.0,11,2,313,0.0,0.0,0.86,0.86,14.66,1.44,4.6,55.17,3.74,54.17,0.86,60.0
466,1390575,Ligue 1,23/24,AS Monaco,Edan Diop,Midfielder,6.54,0.0,0.0,0.0,0.0,0.0,0.0,0.0,0.55,50.0,0.0,0.0,0.0,0.0,0.0,0.0,0.0,0.0,0.0,0.0,0.0,0.0,0.0,0.0,5.49,0.55,2.74,0,1.1,0.0,0.0,0.55,0.0,0.0,0.0,0.0,0.0,0.0,46.65,35.67,10.98,76.47,11.52,24.15,8.78,0.0,0.0,3.84,58.33,10,0,164,1.65,0.0,3.84,1.65,18.11,0.55,9.33,56.67,7.68,56.0,1.65,60.0
467,1494855,Ligue 1,23/24,Le Havre,Andy Logbo,Forward,6.54,0.0,0.12,0.0,1.4,0.0,0.7,0.0,1.4,80.0,0.0,0.0,0.0,0.0,0.0,0.0,0.35,0.0,0.0,0.0,0.0,0.0,0.0,0.0,0.0,0.0,0.7,0,1.05,0.0,0.0,0.0,0.0,0.0,0.0,0.0,0.0,1.05,13.6,10.47,3.14,76.92,4.19,6.63,3.84,0.35,100.0,0.0,0.0,10,2,258,0.0,0.0,4.19,0.0,11.86,2.44,2.79,20.0,1.4,15.38,1.4,28.57
468,1410148,Ligue 1,23/24,AS Monaco,Mamadou Coulibaly,Midfielder,6.53,0.0,0.13,0.0,1.49,0.0,0.74,0.0,0.74,33.33,0.0,0.0,0.0,0.0,0.0,0.0,0.0,0.0,0.0,0.0,0.0,0.0,0.0,0.0,5.21,0.0,0.0,0,3.72,0.0,0.0,0.0,0.0,0.0,0.0,0.0,0.0,0.74,50.58,40.91,9.67,80.88,13.39,27.52,13.39,0.0,0.0,0.74,50.0,5,1,121,0.0,0.0,2.23,1.49,21.57,2.23,8.93,48.0,7.44,43.48,1.49,100.0
469,186017,Ligue 1,23/24,RC Strasbourg,Eduard Sobol,Midfielder,6.53,0.0,0.0,0.0,0.0,0.0,0.0,0.0,0.0,0.0,0.0,0.0,0.0,0.0,0.0,0.0,0.0,0.0,0.0,0.0,0.0,0.0,0.0,0.0,0.0,0.0,2.9,0,0.0,0.0,0.0,0.0,0.0,0.0,0.0,0.0,0.0,0.0,26.13,20.32,5.81,77.78,8.71,11.61,2.9,0.0,0.0,0.0,0.0,3,0,31,0.0,0.0,2.9,2.9,14.52,0.0,2.9,50.0,2.9,50.0,0.0,0.0
470,839112,Ligue 1,23/24,Le Havre,Samuel Grandsir,Midfielder,6.52,0.15,0.39,0.58,2.19,0.88,0.73,6.67,1.02,30.43,0.15,0.0,0.0,0.15,0.0,0.15,0.73,0.0,0.15,0.0,0.0,0.0,0.29,0.0,2.33,0.44,0.29,0,1.46,0.0,0.15,0.0,0.0,0.0,0.29,0.15,0.0,2.04,35.45,28.59,6.86,80.66,7.73,22.03,13.71,1.17,18.18,0.44,60.0,23,4,617,0.29,0.29,2.63,0.73,17.65,1.46,4.23,32.58,4.08,34.15,0.15,14.29
471,314138,Ligue 1,23/24,Clermont Foot,Komnen Andrić,Forward,6.51,0.0,0.04,0.0,1.1,0.0,1.1,0.0,1.1,40.0,0.0,0.0,0.0,0.0,0.0,0.0,0.55,0.0,0.0,0.0,0.0,0.0,0.0,0.0,1.1,0.0,0.55,0,2.2,0.0,0.0,0.0,0.0,0.0,0.0,0.0,0.0,2.2,32.38,25.24,7.13,77.97,9.88,15.37,8.23,0.0,0.0,0.55,100.0,7,1,164,0.0,0.0,1.1,1.1,17.56,3.29,4.39,25.81,3.29,28.57,1.1,20.0
472,1426235,Ligue 1,23/24,Stade Rennais,Mathis Lambourde,Forward,6.5,0.0,0.0,0.0,0.0,0.0,0.0,0.0,0.0,0.0,0.0,0.0,0.0,0.0,0.0,0.0,0.0,0.0,0.0,0.0,0.0,0.0,0.0,0.0,0.0,0.0,10.0,0,10.0,0.0,0.0,0.0,0.0,0.0,0.0,0.0,0.0,0.0,50.0,40.0,10.0,80.0,10.0,30.0,10.0,0.0,0.0,0.0,0.0,1,0,9,0.0,0.0,0.0,10.0,30.0,0.0,20.0,40.0,10.0,50.0,10.0,33.33
473,1565896,Ligue 1,23/24,Lorient,Bassirou N'Diaye,Forward,6.5,0.0,0.0,0.0,0.0,0.0,0.0,0.0,1.2,28.57,0.0,0.0,0.0,0.0,0.0,0.0,0.0,0.0,0.0,0.0,0.0,0.0,0.0,0.0,3.0,0.6,0.0,0,1.2,0.0,0.0,0.0,0.0,0.0,0.0,0.0,0.0,1.2,22.8,15.6,7.2,68.42,4.8,11.4,6.6,0.6,100.0,0.6,50.0,5,0,150,0.0,0.0,3.0,3.0,21.6,3.0,9.0,40.54,7.2,41.38,1.8,37.5
474,981046,Ligue 1,23/24,Stade Brestois,Karamoko Dembélé,Midfielder,6.5,0.0,0.0,0.0,0.0,0.0,0.0,0.0,0.0,0.0,0.0,0.0,0.0,0.0,0.0,0.0,0.0,0.0,0.0,0.0,0.0,0.0,0.0,0.0,0.0,0.0,0.0,0,0.0,0.0,0.0,0.0,0.0,0.0,0.0,0.0,0.0,0.0,50.62,39.38,11.25,77.78,16.88,28.12,16.88,5.62,100.0,0.0,0.0,1,0,16,0.0,0.0,0.0,5.62,33.75,11.25,5.62,33.33,5.62,33.33,0.0,0.0
475,1154657,Ligue 1,23/24,Olympique Lyonnais,Mamadou Sarr,Defender,6.5,0.0,0.0,0.0,0.0,0.0,0.0,0.0,0.0,0.0,0.0,0.0,0.0,0.0,0.0,0.0,0.0,0.0,0.0,0.0,0.0,0.0,0.0,0.0,0.0,0.0,0.0,0,0.0,0.0,0.0,0.0,0.0,0.0,0.0,0.0,0.0,0.0,36.0,36.0,0.0,100.0,27.0,9.0,0.0,0.0,0.0,0.0,0.0,1,0,10,0.0,0.0,0.0,0.0,0.0,0.0,0.0,0.0,0.0,0.0,0.0,0.0
476,1392080,Ligue 1,23/24,Stade de Reims,Thérence Koudou,Midfielder,6.5,0.0,0.02,0.0,0.58,0.29,0.29,0.0,0.87,100.0,0.0,0.0,0.0,0.0,0.0,0.0,0.0,0.0,0.0,0.0,0.0,0.0,0.0,0.0,0.58,1.15,2.6,0,0.58,0.0,0.0,0.87,0.0,0.0,0.0,0.0,0.0,1.44,36.06,30.58,5.48,84.8,17.02,14.13,7.79,0.58,14.29,1.44,45.45,9,3,312,0.87,0.0,2.6,0.29,10.96,1.15,2.02,24.14,1.73,28.57,0.29,12.5
477,20705,Ligue 1,23/24,Nantes,Denis Petrić,Goalkeeper,6.5,0.0,0.0,0.0,0.0,0.0,0.0,0.0,0.0,0.0,0.0,0.0,0.0,0.0,0.0,0.0,0.0,0.0,0.0,0.0,0.0,0.0,0.0,0.0,0.0,0.0,0.0,0,0.0,0.0,0.0,0.0,0.0,0.0,0.0,0.0,0.0,0.0,19.57,15.65,3.91,80.0,11.74,3.91,0.0,0.0,0.0,3.91,50.0,1,0,23,0.0,0.0,0.0,0.0,7.83,0.0,0.0,0.0,0.0,0.0,0.0,0.0
478,1027091,Ligue 1,23/24,Lorient,Joel Mugisha Mvuka,Midfielder,6.5,0.0,0.02,0.0,0.46,0.0,0.0,0.0,1.38,27.27,0.0,0.0,0.0,0.0,0.0,0.0,0.46,0.0,0.0,0.0,0.0,0.0,0.0,0.0,2.3,0.92,0.46,0,1.84,0.0,0.0,0.0,0.0,0.0,0.0,0.0,0.0,0.0,16.53,13.78,2.76,83.33,5.51,9.18,5.05,0.92,16.67,0.46,33.33,7,2,196,0.46,0.0,0.46,2.3,12.86,0.92,5.97,43.33,5.97,46.43,0.0,0.0
479,1154647,Ligue 1,23/24,AS Monaco,Lucas Michal,Forward,6.5,0.0,0.0,0.0,0.0,0.0,0.0,0.0,0.0,0.0,0.0,0.0,0.0,0.0,0.0,0.0,0.0,0.0,0.0,0.0,0.0,0.0,0.0,0.0,0.0,0.0,0.0,0,0.0,0.0,0.0,0.0,0.0,0.0,0.0,0.0,0.0,0.0,10.0,10.0,0.0,100.0,0.0,10.0,0.0,0.0,0.0,0.0,0.0,1,0,9,0.0,0.0,10.0,0.0,0.0,0.0,0.0,0.0,0.0,0.0,0.0,0.0
480,282095,Ligue 1,23/24,Lorient,Adrian Grbić,Forward,6.5,0.0,0.27,0.0,6.0,0.0,3.0,0.0,0.0,0.0,0.0,0.0,0.0,0.0,0.0,0.0,0.0,0.0,0.0,0.0,0.0,0.0,3.0,0.0,0.0,0.0,0.0,0,0.0,0.0,0.0,0.0,0.0,0.0,0.0,0.0,0.0,0.0,36.0,21.0,15.0,58.33,12.0,9.0,6.0,0.0,0.0,0.0,0.0,1,0,30,0.0,0.0,0.0,0.0,21.0,0.0,6.0,66.67,0.0,0.0,6.0,66.67
481,873630,Ligue 1,23/24,Lorient,Ibrahima Kone,Forward,6.5,0.0,0.0,0.0,0.0,0.0,0.0,0.0,0.0,0.0,0.0,0.0,0.0,0.0,0.0,0.0,0.0,0.0,0.0,0.0,0.0,0.0,0.0,0.0,0.0,0.0,0.0,0,2.9,0.0,0.0,0.0,0.0,0.0,0.0,0.0,0.0,0.0,8.71,5.81,2.9,66.67,2.9,2.9,2.9,0.0,0.0,0.0,0.0,1,0,31,0.0,0.0,0.0,2.9,11.61,2.9,11.61,57.14,2.9,33.33,8.71,75.0
482,1471504,Ligue 1,23/24,Stade de Reims,Adama Bojang,Forward,6.5,0.0,1.24,1.94,3.87,0.97,1.94,0.0,0.97,100.0,0.0,0.0,0.0,0.0,0.0,0.0,0.97,0.0,0.0,0.0,0.0,0.0,0.0,0.0,1.94,0.97,0.0,0,0.0,0.0,0.0,0.0,0.0,0.0,0.0,0.0,0.0,0.97,25.16,16.45,8.71,65.38,7.74,8.71,6.77,0.0,0.0,0.0,0.0,9,0,93,0.97,0.0,3.87,0.97,14.52,0.97,4.84,38.46,3.87,44.44,0.97,25.0
483,1459308,Ligue 1,23/24,RC Strasbourg,Patrick Ouotro,Forward,6.5,0.0,0.0,0.0,0.0,0.0,0.0,0.0,0.0,0.0,0.0,0.0,0.0,0.0,0.0,0.0,0.0,0.0,0.0,0.0,0.0,0.0,0.0,0.0,0.0,0.0,0.0,0,0.0,0.0,0.0,0.0,0.0,0.0,0.0,0.0,0.0,0.0,10.59,5.29,5.29,50.0,0.0,5.29,5.29,0.0,0.0,0.0,0.0,1,0,17,0.0,0.0,0.0,0.0,5.29,0.0,0.0,0.0,0.0,0.0,0.0,0.0
484,1486795,Ligue 1,23/24,Lorient,Aurelien Pelon,Defender,6.5,0.0,0.0,0.0,0.0,0.0,0.0,0.0,1.0,100.0,0.0,0.0,0.0,0.0,0.0,0.0,0.0,0.0,0.0,0.0,0.0,0.0,0.0,0.0,1.0,0.0,7.0,0,2.0,0.0,0.0,0.0,0.0,0.0,0.0,0.0,0.0,0.0,33.0,26.0,7.0,78.79,22.0,4.0,1.0,0.0,0.0,3.0,75.0,1,1,90,1.0,0.0,1.0,0.0,7.0,0.0,3.0,50.0,2.0,40.0,1.0,100.0
485,1218074,Ligue 1,23/24,Nantes,Adel Mahamoud,Forward,6.5,0.0,0.0,0.0,0.0,0.0,0.0,0.0,10.0,100.0,0.0,0.0,0.0,0.0,0.0,0.0,0.0,0.0,0.0,0.0,0.0,0.0,0.0,0.0,0.0,0.0,0.0,0,10.0,0.0,0.0,0.0,0.0,0.0,0.0,0.0,0.0,0.0,40.0,20.0,20.0,50.0,0.0,20.0,20.0,0.0,0.0,0.0,0.0,1,0,9,0.0,0.0,0.0,0.0,30.0,0.0,10.0,33.33,10.0,50.0,0.0,0.0
486,1844117,Ligue 1,23/24,Olympique de Marseille,Keyliane Abdallah,Midfielder,6.5,0.0,0.0,0.0,0.0,0.0,0.0,0.0,0.0,0.0,0.0,0.0,0.0,0.0,0.0,0.0,0.0,0.0,0.0,0.0,0.0,0.0,0.0,0.0,0.0,0.0,0.0,0,0.0,0.0,0.0,0.0,0.0,0.0,0.0,0.0,0.0,0.0,9.0,9.0,0.0,100.0,0.0,9.0,0.0,0.0,0.0,0.0,0.0,1,0,10,0.0,0.0,0.0,0.0,0.0,0.0,0.0,0.0,0.0,0.0,0.0,0.0
487,1463503,Ligue 1,23/24,Metz,Malick Mbaye,Midfielder,6.48,0.0,0.26,0.58,2.32,0.0,1.16,0.0,0.58,100.0,0.0,0.0,0.0,0.0,0.0,0.0,0.0,0.0,0.0,0.0,0.0,0.0,0.0,0.0,2.9,0.58,1.16,0,0.58,0.0,0.0,0.0,0.0,0.0,0.0,0.0,0.0,1.16,23.81,16.84,6.97,70.73,8.13,11.61,1.74,2.9,38.46,0.58,100.0,5,1,155,0.58,0.0,2.9,2.32,16.84,1.16,6.39,42.31,5.81,55.56,0.58,12.5
488,976001,Ligue 1,23/24,Montpellier,Leo Leroy,Midfielder,6.48,0.0,0.16,0.18,1.24,0.18,0.71,0.0,0.89,35.71,0.0,0.0,0.0,0.0,0.0,0.0,0.0,0.0,0.0,0.0,0.0,0.0,0.0,0.0,3.37,1.24,1.42,0,2.66,0.0,0.0,0.0,0.0,0.0,0.18,0.18,0.0,0.71,32.31,23.43,8.88,72.53,11.36,12.07,4.79,0.0,0.0,2.13,54.55,21,3,507,0.71,0.0,3.37,0.89,13.31,0.89,6.57,39.36,5.15,37.66,1.42,47.06
489,13906,Ligue 1,23/24,Paris FC,Rémy Riou,Goalkeeper,6.47,0.0,0.0,0.0,0.0,0.0,0.0,0.0,0.0,0.0,0.0,0.0,0.0,0.0,0.0,0.0,0.0,0.0,0.0,0.0,0.0,0.0,0.0,0.0,0.0,0.0,0.67,0,0.33,0.33,0.0,0.0,0.0,0.33,0.0,0.0,0.0,0.0,30.33,22.33,8.0,73.63,21.0,1.33,0.0,0.0,0.0,2.67,25.81,3,3,270,0.0,0.0,0.0,0.33,8.0,0.0,1.0,60.0,0.33,50.0,0.67,66.67
490,827519,Ligue 1,23/24,Nice,Romain Perraud,Defender,6.47,0.0,0.01,0.0,0.48,0.0,0.24,0.0,0.48,33.33,0.0,0.0,0.0,0.0,0.0,0.0,0.0,0.0,0.0,0.0,0.0,0.0,0.0,0.0,1.68,1.44,3.59,0,1.68,0.24,0.0,0.0,0.0,0.0,0.24,0.24,0.0,0.72,43.8,34.23,9.57,78.14,18.91,15.8,7.42,0.48,9.52,0.72,17.65,19,2,376,0.48,0.0,0.96,1.91,20.59,0.48,5.51,50.0,4.07,50.0,1.44,50.0
491,96547,Ligue 1,23/24,Lille,Samuel Umtiti,Defender,6.46,0.0,0.0,0.0,0.0,0.0,0.0,0.0,0.0,0.0,0.0,0.0,0.0,0.0,0.0,0.0,0.0,0.0,0.0,0.0,0.0,0.0,0.0,0.0,0.45,0.91,1.82,0,1.36,0.0,0.0,0.0,0.0,0.0,0.0,0.0,0.0,0.0,74.55,70.45,4.09,94.51,55.45,15.0,2.27,0.0,0.0,3.18,63.64,6,2,198,0.0,0.0,1.36,0.45,4.55,0.0,1.36,27.27,0.91,22.22,0.45,50.0
492,991692,Ligue 1,23/24,Metz,Aboubacar Lô,Defender,6.45,0.0,0.06,0.0,0.45,0.0,0.45,0.0,0.89,66.67,0.0,0.0,0.0,0.0,0.0,0.0,0.0,0.0,0.0,0.0,0.0,0.0,0.0,0.0,1.34,1.78,3.12,0,1.34,0.0,0.0,0.0,0.0,0.0,0.45,0.0,0.0,0.89,32.97,28.96,4.01,87.84,22.28,6.68,3.56,0.0,0.0,2.23,62.5,6,2,202,0.0,0.45,1.34,0.89,5.35,0.0,4.01,50.0,3.12,50.0,0.89,50.0
493,1135605,Ligue 1,23/24,Stade Brestois,Axel Camblan,Midfielder,6.44,0.0,0.22,0.92,1.84,0.0,1.84,0.0,2.76,37.5,0.0,0.0,0.0,0.0,0.0,0.0,0.0,0.0,0.0,0.0,0.0,0.0,0.0,0.0,2.76,0.0,0.0,0,1.84,0.0,0.0,0.0,0.0,0.0,0.0,0.0,0.0,0.92,18.37,15.61,2.76,85.0,2.76,12.86,10.1,0.0,0.0,0.92,100.0,7,0,98,1.84,0.0,2.76,0.92,14.69,1.84,7.35,30.77,6.43,36.84,0.92,14.29
494,802034,Ligue 1,23/24,Nantes,Fabien Centonze,Defender,6.43,0.0,0.0,0.0,0.0,0.0,0.0,0.0,0.0,0.0,0.0,0.0,0.0,0.0,0.0,0.0,0.0,0.0,0.0,0.0,0.0,0.0,0.0,0.0,1.96,0.0,0.98,0,0.98,0.0,0.0,0.0,0.0,0.0,0.0,0.0,0.0,0.0,37.17,28.37,8.8,76.32,10.76,20.54,3.91,2.93,42.86,1.96,33.33,3,1,92,0.98,0.0,1.96,1.96,16.63,0.0,4.89,41.67,3.91,40.0,0.98,50.0
495,1397569,Ligue 1,23/24,Rodez AF,Dembo Sylla,Midfielder,6.4,0.0,0.22,0.0,2.0,0.0,2.0,0.0,0.0,0.0,0.0,0.0,0.0,0.0,0.0,0.0,0.0,0.0,0.0,0.0,0.0,0.0,0.0,0.0,2.0,2.0,4.0,0,0.0,0.0,0.0,0.0,0.0,0.0,0.0,0.0,0.0,0.0,28.0,28.0,0.0,100.0,2.0,28.0,8.0,2.0,25.0,2.0,100.0,1,0,45,0.0,0.0,0.0,0.0,10.0,2.0,2.0,50.0,2.0,50.0,0.0,0.0
496,953767,Ligue 1,23/24,Lille,Andrej Ilić,Forward,6.4,0.0,0.0,0.0,0.0,0.0,0.0,0.0,0.0,0.0,0.0,0.0,0.0,0.0,0.0,0.0,0.0,0.0,0.0,0.0,0.0,0.0,0.0,0.0,0.0,0.0,0.0,0,0.0,0.0,0.0,0.0,0.0,0.0,0.0,0.0,0.0,0.0,4.29,4.29,0.0,100.0,0.0,4.29,0.0,0.0,0.0,0.0,0.0,2,0,21,0.0,0.0,4.29,0.0,0.0,0.0,0.0,0.0,0.0,0.0,0.0,0.0
497,135775,Ligue 1,23/24,Paris Saint-Germain,Layvin Kurzawa,Defender,6.4,0.0,0.0,0.0,0.0,0.0,0.0,0.0,0.0,0.0,0.0,0.0,0.0,0.0,0.0,0.0,0.0,0.0,0.0,0.0,0.0,0.0,0.0,0.0,0.0,0.0,0.0,0,0.0,0.0,0.0,0.0,0.0,0.0,0.0,0.0,0.0,0.0,135.0,135.0,0.0,100.0,101.25,33.75,22.5,0.0,0.0,0.0,0.0,1,0,8,0.0,0.0,0.0,0.0,11.25,0.0,0.0,0.0,0.0,0.0,0.0,0.0
498,1858278,Ligue 1,23/24,Clermont Foot,Ilhan Fakili,Midfielder,6.4,0.0,0.15,0.0,3.64,1.82,0.91,0.0,0.91,16.67,0.0,0.0,0.0,0.0,0.0,0.0,0.0,0.0,0.0,0.0,0.0,0.0,0.0,0.0,0.0,0.91,0.0,0,0.91,0.0,0.0,0.0,0.0,0.0,0.0,0.0,0.0,0.91,20.0,16.36,3.64,81.82,8.18,8.18,6.36,0.0,0.0,0.91,100.0,3,1,99,0.0,0.0,0.91,0.91,17.27,1.82,1.82,14.29,1.82,18.18,0.0,0.0
499,1405932,Ligue 1,23/24,Nantes,Stredair Appuah,Midfielder,6.4,0.0,0.48,1.12,4.5,0.0,2.25,0.0,4.5,66.67,0.0,0.0,0.0,0.0,0.0,0.0,0.0,0.0,0.0,0.0,0.0,0.0,0.0,0.0,0.0,1.12,1.12,0,3.38,0.0,0.0,0.0,0.0,0.0,0.0,0.0,0.0,0.0,23.62,15.75,7.87,66.67,5.62,10.12,3.38,0.0,0.0,0.0,0.0,4,0,80,0.0,0.0,1.12,0.0,18.0,1.12,5.62,41.67,4.5,36.36,1.12,100.0
500,1564180,Ligue 1,23/24,Lille,Ayyoub Bouaddi,Midfielder,6.4,0.0,0.0,0.0,0.0,0.0,0.0,0.0,0.68,100.0,0.0,0.0,0.0,0.0,0.0,0.0,0.0,0.0,0.0,0.0,0.0,0.0,0.0,0.0,4.09,0.68,2.05,0,2.05,0.0,0.0,0.0,0.0,0.0,0.0,0.0,0.0,0.68,77.05,69.55,7.5,90.27,37.5,32.73,12.27,0.68,50.0,3.41,71.43,9,1,132,0.68,0.68,5.45,0.0,15.68,2.05,5.45,33.33,4.77,33.33,0.68,33.33
501,1634359,Ligue 1,23/24,Lorient,Royce Openda,Forward,6.4,0.0,0.0,0.0,0.0,0.0,0.0,0.0,6.0,50.0,0.0,0.0,0.0,0.0,0.0,0.0,0.0,0.0,0.0,0.0,0.0,0.0,0.0,0.0,0.0,0.0,0.0,0,0.0,0.0,0.0,0.0,0.0,0.0,0.0,0.0,0.0,0.0,18.0,12.0,6.0,66.67,0.0,12.0,0.0,0.0,0.0,0.0,0.0,1,0,15,0.0,0.0,6.0,6.0,18.0,0.0,12.0,40.0,12.0,50.0,0.0,0.0
502,1426229,Ligue 1,23/24,Montpellier,Yanis Issoufou,Midfielder,6.4,0.0,0.0,0.0,0.0,0.0,0.0,0.0,0.0,0.0,0.0,0.0,0.0,0.0,0.0,0.0,0.0,0.0,0.0,0.0,0.0,0.0,0.0,0.0,0.0,0.0,0.0,0,0.0,0.0,0.0,0.0,0.0,0.0,0.0,0.0,0.0,0.0,7.5,7.5,0.0,100.0,0.0,15.0,7.5,7.5,100.0,0.0,0.0,1,0,12,0.0,0.0,7.5,7.5,15.0,7.5,7.5,20.0,7.5,25.0,0.0,0.0
503,1390279,Ligue 1,23/24,Nice,Daouda Traore,Midfielder,6.4,0.0,0.36,0.0,6.0,0.0,0.0,0.0,0.0,0.0,0.0,0.0,0.0,0.0,0.0,0.0,6.0,0.0,0.0,0.0,0.0,0.0,0.0,0.0,0.0,0.0,0.0,0,0.0,0.0,0.0,0.0,0.0,0.0,0.0,0.0,0.0,0.0,48.0,48.0,0.0,100.0,12.0,36.0,12.0,0.0,0.0,0.0,0.0,1,0,15,0.0,0.0,0.0,0.0,6.0,0.0,0.0,0.0,0.0,0.0,0.0,0.0
504,1634355,Ligue 1,23/24,RC Strasbourg,Mohamed Bechikh,Forward,6.35,0.0,0.0,0.0,0.0,0.0,0.0,0.0,0.0,0.0,0.0,0.0,0.0,0.0,0.0,0.0,0.0,0.0,0.0,0.0,0.0,0.0,0.0,0.0,0.0,0.0,0.0,0,0.0,0.0,0.0,0.0,0.0,0.0,0.0,0.0,0.0,0.0,23.68,23.68,0.0,100.0,4.74,18.95,0.0,0.0,0.0,0.0,0.0,2,0,19,0.0,0.0,0.0,0.0,14.21,0.0,0.0,0.0,0.0,0.0,0.0,0.0
505,947458,Ligue 1,23/24,Olympique de Marseille,Sofiane Sidi Ali,Forward,6.35,0.0,0.13,0.0,4.29,0.0,4.29,0.0,0.0,0.0,0.0,0.0,0.0,0.0,0.0,0.0,0.0,0.0,0.0,0.0,0.0,0.0,0.0,0.0,8.57,8.57,0.0,0,4.29,0.0,0.0,0.0,0.0,0.0,0.0,0.0,0.0,0.0,30.0,25.71,4.29,85.71,4.29,21.43,0.0,0.0,0.0,0.0,0.0,2,0,21,0.0,0.0,4.29,0.0,30.0,8.57,8.57,20.0,8.57,22.22,0.0,0.0
506,992026,Ligue 1,23/24,Le Havre,Rassoul Ndiaye,Midfielder,6.34,0.0,0.03,0.0,1.0,0.17,0.5,0.0,1.33,57.14,0.0,0.0,0.0,0.0,0.0,0.0,0.17,0.0,0.0,0.0,0.0,0.0,0.0,0.0,4.15,0.66,0.83,0,1.99,0.0,0.0,0.0,0.0,0.0,0.0,0.0,0.0,0.33,42.34,34.37,7.97,81.18,16.94,17.77,9.8,0.33,25.0,1.33,47.06,19,6,542,0.33,0.33,1.83,0.66,12.29,1.0,6.97,49.41,6.14,51.39,0.83,38.46
507,1142233,Ligue 1,23/24,Olympique Lyonnais,Diego Moreira,Midfielder,6.34,0.0,0.24,1.0,1.66,0.66,1.0,0.0,0.66,22.22,0.0,0.0,0.0,0.0,0.0,0.0,0.33,0.0,0.0,0.0,0.0,0.0,0.0,0.0,0.0,0.66,1.66,0,1.0,0.0,0.0,0.0,0.0,0.0,0.33,0.0,0.0,1.0,33.21,24.24,8.97,73.0,11.29,12.95,7.64,0.0,0.0,0.33,20.0,7,4,271,0.33,0.0,1.33,1.0,20.92,1.99,3.32,26.32,1.66,20.0,1.66,38.46
508,1499870,Ligue 1,23/24,Stade Brestois,Luc Zogbé,Defender,6.3,0.0,0.0,0.0,0.0,0.0,0.0,0.0,0.0,0.0,0.0,0.0,0.0,0.0,0.0,0.0,0.0,0.0,0.0,0.0,0.0,0.0,0.0,0.0,0.0,9.0,0.0,0,9.0,0.0,0.0,0.0,0.0,0.0,0.0,0.0,0.0,0.0,54.0,36.0,18.0,66.67,36.0,0.0,0.0,0.0,0.0,0.0,0.0,1,0,10,0.0,0.0,0.0,0.0,27.0,0.0,0.0,0.0,0.0,0.0,0.0,0.0
509,1407658,Ligue 1,23/24,Olympique Lyonnais,Chaim El Djebali,Midfielder,6.3,0.0,0.0,0.0,0.0,0.0,0.0,0.0,0.0,0.0,0.0,0.0,0.0,0.0,0.0,0.0,0.0,0.0,0.0,0.0,0.0,0.0,0.0,0.0,0.0,0.0,0.0,0,0.0,0.0,0.0,0.0,0.0,0.0,0.0,0.0,0.0,0.0,65.45,57.27,8.18,87.5,16.36,40.91,8.18,0.0,0.0,0.0,0.0,1,0,11,0.0,0.0,8.18,0.0,24.55,0.0,0.0,0.0,0.0,0.0,0.0,0.0
510,1405999,Ligue 1,23/24,Nantes,Hugo Boutsingkham,Defender,6.3,0.0,0.0,0.0,0.0,0.0,0.0,0.0,0.0,0.0,0.0,0.0,0.0,0.0,0.0,0.0,0.0,0.0,0.0,0.0,0.0,0.0,0.0,0.0,0.0,0.0,9.0,0,0.0,0.0,0.0,0.0,0.0,0.0,0.0,0.0,0.0,0.0,9.0,9.0,0.0,100.0,9.0,0.0,0.0,0.0,0.0,0.0,0.0,2,0,10,0.0,0.0,0.0,0.0,9.0,0.0,0.0,0.0,0.0,0.0,0.0,0.0
511,1835698,Ligue 1,23/24,Clermont Foot,Ivan M'Bahia,Defender,6.3,0.0,0.0,0.0,0.0,0.0,0.0,0.0,0.0,0.0,0.0,0.0,0.0,0.0,0.0,0.0,0.0,0.0,0.0,0.0,0.0,0.0,0.0,0.0,0.0,0.0,0.0,0,0.0,0.0,0.0,0.0,0.0,0.0,0.0,0.0,0.0,6.92,96.92,76.15,20.77,78.57,41.54,34.62,27.69,0.0,0.0,0.0,0.0,1,0,13,6.92,0.0,6.92,0.0,27.69,6.92,6.92,33.33,0.0,0.0,6.92,100.0
512,39224,Ligue 1,23/24,RC Lens,Jean-Louis Leca,Goalkeeper,6.3,0.0,0.0,0.0,0.0,0.0,0.0,0.0,0.0,0.0,0.0,0.0,0.0,0.0,0.0,0.0,0.0,0.0,0.0,0.0,0.0,0.0,0.0,0.0,0.0,0.0,1.0,0,0.0,0.0,0.0,0.0,0.0,0.0,0.0,0.0,0.0,0.0,21.0,11.0,10.0,52.38,11.0,0.0,0.0,0.0,0.0,1.0,9.09,1,1,90,0.0,0.0,0.0,0.0,10.0,0.0,1.0,100.0,1.0,100.0,0.0,0.0
513,1218081,Ligue 1,23/24,Olympique de Marseille,Raimane Daou,Midfielder,6.3,0.0,0.0,0.0,0.0,0.0,0.0,0.0,0.0,0.0,0.0,0.0,0.0,0.0,0.0,0.0,0.0,0.0,0.0,0.0,0.0,0.0,0.0,0.0,3.75,0.0,7.5,0,3.75,0.0,0.0,0.0,0.0,0.0,0.0,0.0,0.0,0.0,48.75,41.25,7.5,84.62,26.25,15.0,3.75,0.0,0.0,0.0,0.0,1,0,24,0.0,0.0,7.5,0.0,11.25,0.0,3.75,20.0,3.75,20.0,0.0,0.0
514,831246,Ligue 1,23/24,Lorient,Igor Silva,Defender,6.28,0.0,0.01,0.0,0.35,0.0,0.35,0.0,1.39,50.0,0.0,0.0,0.0,0.0,0.0,0.0,0.0,0.0,0.0,0.0,0.0,0.0,0.0,0.0,2.78,1.04,2.08,0,0.69,0.0,0.0,0.69,0.0,0.0,0.0,0.0,0.0,0.69,44.48,32.32,12.16,72.66,18.07,14.94,5.56,0.69,20.0,1.04,30.0,5,2,259,0.69,0.0,2.43,1.39,19.46,0.35,6.95,51.28,5.56,55.17,1.39,40.0
515,1067284,Ligue 1,23/24,Lille,Tiago Morais,Forward,6.25,0.0,0.75,2.09,2.09,0.0,2.09,0.0,0.0,0.0,0.0,0.0,0.0,0.0,0.0,0.0,0.0,0.0,0.0,0.0,0.0,0.0,0.0,0.0,2.09,2.09,0.0,0,0.0,0.0,0.0,0.0,0.0,0.0,0.0,0.0,0.0,0.0,29.3,23.02,6.28,78.57,10.47,12.56,10.47,0.0,0.0,0.0,0.0,3,0,43,0.0,0.0,2.09,0.0,18.84,0.0,2.09,20.0,2.09,20.0,0.0,0.0
516,1094793,Ligue 1,23/24,Lorient,Loris Mouyokolo,Defender,6.2,0.0,0.0,0.0,0.0,0.0,0.0,0.0,0.0,0.0,0.0,0.0,0.0,0.0,0.0,0.0,1.0,0.0,0.0,0.0,0.0,0.0,0.0,0.0,4.0,0.0,3.0,0,0.0,0.0,0.0,0.0,0.0,0.0,0.0,0.0,0.0,0.0,55.0,48.0,7.0,87.27,42.0,6.0,1.0,0.0,0.0,0.0,0.0,1,1,90,0.0,0.0,1.0,0.0,7.0,0.0,4.0,80.0,4.0,100.0,0.0,0.0
517,1634358,Ligue 1,23/24,Lorient,Gino Caoki,Defender,6.2,0.0,0.0,0.0,0.0,0.0,0.0,0.0,0.0,0.0,0.0,0.0,0.0,0.0,0.0,0.0,0.0,0.0,0.0,0.0,0.0,0.0,0.0,0.0,0.0,0.0,0.0,0,9.0,0.0,0.0,0.0,0.0,0.0,0.0,0.0,0.0,0.0,27.0,18.0,9.0,66.67,18.0,0.0,0.0,0.0,0.0,0.0,0.0,1,0,10,0.0,0.0,0.0,9.0,18.0,0.0,9.0,50.0,9.0,50.0,0.0,0.0
518,1431926,Ligue 1,23/24,Stade Brestois,Antonin Cartillier,Midfielder,6.1,0.0,0.0,0.0,0.0,0.0,0.0,0.0,0.0,0.0,0.0,0.0,0.0,0.0,0.0,0.0,0.0,0.0,0.0,0.0,0.0,0.0,0.0,0.0,0.0,0.0,0.0,0,0.0,0.0,0.0,0.0,0.0,0.0,0.0,0.0,0.0,0.0,33.75,11.25,22.5,33.33,0.0,11.25,11.25,0.0,0.0,0.0,0.0,1,0,8,0.0,0.0,0.0,0.0,33.75,11.25,0.0,0.0,0.0,0.0,0.0,0.0
519,1405973,Ligue 1,23/24,Nantes,Bastien Meupiyou,Defender,3.0,0.0,0.0,0.0,0.0,0.0,0.0,0.0,0.0,0.0,0.0,0.0,0.0,0.0,0.0,0.0,0.0,0.0,0.0,0.0,0.0,0.0,0.0,0.0,0.0,0.0,10.0,0,0.0,0.0,0.0,0.0,0.0,0.0,0.0,0.0,0.0,0.0,50.0,50.0,0.0,100.0,30.0,20.0,0.0,0.0,0.0,0.0,0.0,1,1,9,0.0,10.0,10.0,0.0,10.0,0.0,0.0,0.0,0.0,0.0,0.0,0.0
520,1445607,Ligue 1,23/24,Lille,Ichem Ferrah,Midfielder,0.0,0.0,0.0,0.0,0.0,0.0,0.0,0.0,0.0,0.0,0.0,0.0,0.0,0.0,0.0,0.0,0.0,0.0,0.0,0.0,0.0,0.0,0.0,0.0,0.0,0.0,0.0,0,0.0,0.0,0.0,0.0,0.0,0.0,0.0,0.0,0.0,0.0,45.0,45.0,0.0,100.0,0.0,45.0,0.0,0.0,0.0,0.0,0.0,1,0,2,0.0,0.0,45.0,0.0,90.0,0.0,0.0,0.0,0.0,0.0,0.0,0.0
521,1445628,Ligue 1,23/24,Stade Rennais,Djaoui Cissé,Midfielder,0.0,0.0,0.0,0.0,0.0,0.0,0.0,0.0,0.0,0.0,0.0,0.0,0.0,0.0,0.0,0.0,0.0,0.0,0.0,0.0,0.0,0.0,0.0,0.0,0.0,0.0,0.0,0,0.0,0.0,0.0,0.0,0.0,0.0,0.0,0.0,0.0,0.0,150.0,150.0,0.0,100.0,60.0,90.0,0.0,0.0,0.0,0.0,0.0,2,0,3,0.0,0.0,0.0,0.0,0.0,0.0,0.0,0.0,0.0,0.0,0.0,0.0
522,1134471,Ligue 1,23/24,Olympique de Marseille,Noam Mayoka-Tika,Midfielder,0.0,0.0,0.0,0.0,0.0,0.0,0.0,0.0,0.0,0.0,0.0,0.0,0.0,0.0,0.0,0.0,0.0,0.0,0.0,0.0,0.0,0.0,0.0,0.0,0.0,0.0,0.0,0,0.0,0.0,0.0,0.0,0.0,0.0,0.0,0.0,0.0,0.0,90.0,90.0,0.0,100.0,0.0,90.0,90.0,0.0,0.0,0.0,0.0,1,0,1,0.0,0.0,90.0,0.0,0.0,0.0,0.0,0.0,0.0,0.0,0.0,0.0
523,982317,Ligue 1,23/24,Nantes,Lamine Diack,Midfielder,0.0,0.0,0.0,0.0,0.0,0.0,0.0,0.0,0.0,0.0,0.0,0.0,0.0,0.0,0.0,0.0,0.0,0.0,0.0,0.0,0.0,0.0,0.0,0.0,0.0,0.0,0.0,0,0.0,0.0,0.0,0.0,0.0,0.0,0.0,0.0,0.0,0.0,0.0,0.0,0.0,0.0,0.0,0.0,0.0,0.0,0.0,0.0,0.0,1,0,1,0.0,0.0,0.0,0.0,0.0,0.0,0.0,0.0,0.0,0.0,0.0,0.0
524,1513467,Ligue 1,23/24,Lille,Aaron Malouda,Midfielder,0.0,0.0,0.0,0.0,0.0,0.0,0.0,0.0,0.0,0.0,0.0,0.0,0.0,0.0,0.0,0.0,0.0,0.0,0.0,0.0,0.0,0.0,0.0,0.0,0.0,0.0,0.0,0,0.0,0.0,0.0,0.0,0.0,0.0,0.0,0.0,0.0,0.0,0.0,0.0,0.0,0.0,0.0,0.0,0.0,0.0,0.0,0.0,0.0,1,0,1,0.0,0.0,0.0,0.0,0.0,0.0,0.0,0.0,0.0,0.0,0.0,0.0
525,1537177,Ligue 1,23/24,Stade de Reims,Christ Letono,Forward,0.0,0.0,0.0,0.0,0.0,0.0,0.0,0.0,0.0,0.0,0.0,0.0,0.0,0.0,0.0,0.0,0.0,0.0,0.0,0.0,0.0,0.0,0.0,0.0,90.0,0.0,0.0,0,0.0,0.0,0.0,0.0,0.0,0.0,0.0,0.0,0.0,0.0,90.0,90.0,0.0,100.0,0.0,90.0,90.0,0.0,0.0,0.0,0.0,1,0,1,0.0,0.0,0.0,0.0,0.0,0.0,90.0,100.0,90.0,100.0,0.0,0.0
