#,Player ID,League,Team,Name,Position,Sofascore Rating,Goals,xG,Big chances missed,Total shots,Shots on target,Shots off target,Goal conversion %,Succ. dribbles,Succ. dribbles %,Goals inside box,Goals outside box,Headed goals,Left-footed goals,Right-footed goals,Hit woodwork,Offsides,Penalties won,Penalties taken,Penalty goals,Penalty conversion %,Free kick goals,Shots from set piece,Set piece conv. %,Tackles,Interceptions,Clearances,Blocked shots,Dribbled past,Errors leading to goal,Errors leading to shot,Penalties committed,Own goals,Clean sheets,Big chances created,Assists,Passes to assist,Key passes,Total passes,Accurate passes,Inaccurate passes,Accurate passes %,Passes in own half,Passes in opp. half,Acc. final third passes,Accurate crosses,Accurate crosses %,Accurate long balls,Accurate long balls %,Appearances,Started,Minutes played,Yellow cards,Red cards,Fouls,Was fouled,Possession lost,Dispossessed,Total duels won,Total duels won %,Ground duels won,Ground duels won %,Aerial duels won,Aerial duels won %
1,123226,Ligue 1,RC Lens,Mathieu Gorgelin,Goalkeeper,8.3,0.0,0.0,0.0,0.0,0.0,0.0,0.0,0.0,0.0,0.0,0.0,0.0,0.0,0.0,0.0,0.0,0.0,0.0,0.0,0.0,0.0,0.0,0.0,0.0,0.0,4.0,0.0,0.0,0.0,0.0,0.0,0.0,1.0,0.0,0.0,0.0,0.0,34.0,24.0,10.0,70.59,20.0,4.0,0.0,0.0,0.0,6.0,37.5,1,1,90,0.0,0.0,0.0,0.0,10.0,0.0,2.0,100.0,0.0,0.0,2.0,100.0
2,599192,Ligue 1,Le Havre,Lionel Mpasi Nzau,Goalkeeper,7.83,0.0,0.0,0.0,0.0,0.0,0.0,0.0,0.0,0.0,0.0,0.0,0.0,0.0,0.0,0.0,0.0,0.0,0.0,0.0,0.0,0.0,0.0,0.0,0.0,0.0,1.25,0.0,0.0,0.0,0.0,0.0,0.0,0.25,0.0,0.0,0.0,0.0,37.25,25.75,11.5,69.13,20.5,5.25,1.0,0.0,0.0,7.75,40.26,4,3,315,0.5,0.0,0.0,0.25,11.5,0.0,0.5,100.0,0.0,0.0,0.5,100.0
3,2165037,Ligue 1,RC Lens,Mezian Mesloub,Forward,7.7,1.0,0.16,0.0,1.0,1.0,0.0,100.0,0.0,0.0,1.0,0.0,0.0,1.0,0.0,0.0,1.0,0.0,0.0,0.0,0.0,0.0,0.0,0.0,0.0,0.0,0.0,0.0,0.0,0.0,0.0,0.0,0.0,0.0,1.0,0.0,0.0,1.0,4.0,3.0,1.0,75.0,2.0,1.0,1.0,0.0,0.0,1.0,100.0,1,0,11,0.0,0.0,0.0,0.0,3.0,0.0,0.0,0.0,0.0,0.0,0.0,0.0
4,788180,Ligue 1,Olympique Lyonnais,Rémy Descamps,Goalkeeper,7.66,0.0,0.0,0.0,0.0,0.0,0.0,0.0,0.2,100.0,0.0,0.0,0.0,0.0,0.0,0.0,0.0,0.0,0.0,0.0,0.0,0.0,0.0,0.0,0.0,0.0,0.6,0.0,0.2,0.0,0.0,0.0,0.2,0.8,0.0,0.0,0.0,0.0,27.0,20.0,7.0,74.07,19.2,0.8,0.2,0.0,0.0,3.2,34.04,5,5,450,0.0,0.0,0.0,0.0,7.4,0.0,0.2,50.0,0.2,50.0,0.0,0.0
5,902029,Ligue 1,Paris Saint-Germain,Vitinha,Midfielder,7.58,0.03,0.04,0.0,1.17,0.34,0.48,2.94,0.45,72.22,0.0,0.03,0.0,0.0,0.03,0.0,0.0,0.0,0.0,0.0,0.0,0.0,0.1,0.0,0.83,0.93,0.76,0.17,0.48,0.0,0.07,0.0,0.0,0.34,0.28,0.24,0.0,1.17,94.59,88.69,5.9,93.77,37.07,51.62,21.69,0.24,31.82,6.0,75.32,29,24,2121,0.07,0.0,0.48,0.72,7.83,0.34,2.14,59.05,2.0,59.18,0.14,57.14
6,963298,Ligue 1,RC Strasbourg,Dilane Bakwa,Midfielder,7.53,0.33,0.05,0.0,0.67,0.33,0.0,50.0,1.67,55.56,0.33,0.0,0.0,0.33,0.0,0.0,0.0,0.33,0.0,0.0,0.0,0.0,0.0,0.0,0.33,0.33,0.33,0.0,0.33,0.0,0.0,0.0,0.0,0.0,0.67,0.67,0.0,1.0,14.0,12.33,1.67,88.1,3.0,9.33,5.33,0.67,28.57,0.67,66.67,3,0,105,0.0,0.0,0.0,1.33,6.33,0.33,3.33,62.5,3.33,62.5,0.0,0.0
7,818244,Ligue 1,Paris Saint-Germain,Ousmane Dembélé,Forward,7.42,0.45,0.3,0.18,2.05,0.82,0.91,22.22,1.09,61.54,0.41,0.05,0.05,0.18,0.23,0.05,0.36,0.0,0.14,0.09,66.67,0.0,0.05,0.0,0.27,0.0,0.14,0.0,0.14,0.0,0.05,0.0,0.0,0.0,0.41,0.32,0.0,1.86,33.86,28.14,5.73,83.09,5.18,22.95,15.09,0.55,24.49,1.36,78.95,22,11,1062,0.0,0.0,0.14,0.18,9.32,0.55,1.64,49.32,1.55,50.75,0.09,33.33
8,1049442,Ligue 1,Paris FC,Ilan Kebbal,Midfielder,7.39,0.31,0.23,0.14,1.72,0.69,0.72,18.0,1.1,45.07,0.24,0.07,0.0,0.24,0.07,0.03,0.1,0.03,0.14,0.1,75.0,0.0,0.0,0.0,1.1,0.28,0.24,0.0,0.66,0.0,0.0,0.0,0.0,0.07,0.24,0.14,0.03,2.1,49.31,42.45,6.86,86.08,16.38,26.07,14.1,0.72,19.09,2.72,72.48,29,26,2229,0.24,0.0,0.52,2.1,14.72,1.59,4.34,48.84,4.28,51.24,0.07,12.5
9,942116,Ligue 1,Olympique de Marseille,Mason Greenwood,Forward,7.37,0.5,0.45,0.12,3.59,1.5,1.19,13.91,1.69,51.43,0.41,0.09,0.0,0.16,0.34,0.09,0.03,0.03,0.25,0.19,75.0,0.0,0.25,0.0,0.47,0.12,0.09,0.03,0.56,0.0,0.0,0.0,0.0,0.09,0.41,0.22,0.06,1.91,39.09,31.94,7.16,81.69,8.66,23.28,13.75,0.88,25.45,2.41,65.25,32,29,2469,0.12,0.0,0.69,1.06,14.53,0.84,3.28,45.85,3.22,46.82,0.06,22.22
10,156236,Ligue 1,Nantes,Patrik Carlgren,Goalkeeper,7.37,0.0,0.0,0.0,0.0,0.0,0.0,0.0,0.0,0.0,0.0,0.0,0.0,0.0,0.0,0.0,0.0,0.0,0.0,0.0,0.0,0.0,0.0,0.0,0.0,0.0,2.0,0.0,0.0,0.0,0.0,0.0,0.0,0.33,0.0,0.0,0.0,0.0,20.33,9.33,11.0,45.9,7.0,2.33,1.0,0.0,0.0,3.33,23.26,3,2,188,0.0,0.0,0.0,0.33,11.0,0.0,0.67,100.0,0.33,100.0,0.33,100.0
11,867299,Ligue 1,Angers,Hervé Koffi,Goalkeeper,7.35,0.0,0.0,0.0,0.0,0.0,0.0,0.0,0.0,0.0,0.0,0.0,0.0,0.0,0.0,0.0,0.0,0.0,0.0,0.0,0.0,0.0,0.0,0.0,0.07,0.0,0.9,0.0,0.0,0.03,0.1,0.03,0.0,0.33,0.0,0.0,0.0,0.0,28.47,19.97,8.5,70.14,18.27,1.7,0.4,0.0,0.0,4.73,36.88,30,30,2659,0.03,0.0,0.03,0.37,8.83,0.0,0.63,90.48,0.4,92.31,0.23,87.5
12,40973,Ligue 1,RC Strasbourg,Karl-Johan Johnsson,Goalkeeper,7.3,0.0,0.0,0.0,0.0,0.0,0.0,0.0,0.0,0.0,0.0,0.0,0.0,0.0,0.0,0.0,0.0,0.0,0.0,0.0,0.0,0.0,0.0,0.0,0.0,0.0,3.0,0.0,0.0,0.0,0.0,0.0,0.0,1.0,0.0,0.0,0.0,0.0,32.0,25.0,7.0,78.13,23.0,2.0,1.0,0.0,0.0,4.0,36.36,1,1,90,0.0,0.0,0.0,0.0,7.0,0.0,1.0,100.0,0.0,0.0,1.0,100.0
13,347010,Ligue 1,RC Lens,Allan Saint-Maximin,Forward,7.3,0.3,0.16,0.1,2.1,0.3,0.8,14.29,1.4,53.85,0.0,0.3,0.0,0.1,0.2,0.1,0.1,0.0,0.0,0.0,0.0,0.0,0.0,0.0,0.3,0.1,0.0,0.0,0.0,0.0,0.0,0.0,0.0,0.0,0.2,0.3,0.0,1.8,16.7,14.5,2.2,86.83,2.4,12.1,8.5,0.7,30.43,1.0,76.92,10,2,403,0.0,0.0,0.3,0.7,8.2,1.6,2.6,43.33,2.4,43.64,0.2,40.0
14,155995,Ligue 1,Paris Saint-Germain,Marquinhos,Defender,7.27,0.0,0.01,0.0,0.21,0.0,0.07,0.0,0.14,100.0,0.0,0.0,0.0,0.0,0.0,0.0,0.0,0.0,0.0,0.0,0.0,0.0,0.0,0.0,1.07,0.57,2.5,0.29,0.07,0.0,0.07,0.07,0.07,0.43,0.0,0.0,0.0,0.14,67.0,63.71,3.29,95.1,36.0,27.71,10.64,0.0,0.0,4.14,69.88,14,11,1049,0.0,0.0,0.57,0.14,3.79,0.14,2.93,59.42,1.36,65.52,1.57,55.0
15,1108441,Ligue 1,Paris Saint-Germain,Lucas Beraldo,Defender,7.25,0.1,0.08,0.0,0.7,0.2,0.35,14.29,0.0,0.0,0.1,0.0,0.1,0.0,0.0,0.0,0.0,0.0,0.0,0.0,0.0,0.0,0.0,0.0,1.55,1.05,3.25,0.4,0.6,0.0,0.05,0.0,0.0,0.4,0.15,0.05,0.0,0.7,71.5,66.85,4.65,93.5,40.9,25.95,10.0,0.0,0.0,2.25,59.21,20,18,1570,0.1,0.0,0.75,0.35,5.8,0.25,3.65,52.9,1.9,52.78,1.75,53.03
16,989768,Ligue 1,Paris Saint-Germain,Nuno Mendes,Defender,7.24,0.2,0.22,0.15,1.5,0.75,0.4,13.33,1.25,49.02,0.15,0.05,0.05,0.1,0.05,0.05,0.15,0.0,0.05,0.05,100.0,0.05,0.25,20.0,1.25,0.65,0.9,0.2,0.35,0.0,0.0,0.05,0.0,0.25,0.55,0.25,0.0,1.5,47.85,42.8,5.05,89.45,17.75,25.05,13.65,0.75,33.33,2.55,64.56,20,13,1251,0.05,0.0,0.6,1.25,10.95,0.65,4.15,56.08,3.75,56.82,0.4,50.0
17,122810,Ligue 1,Lille,Aïssa Mandi,Defender,7.24,0.03,0.04,0.0,0.48,0.14,0.17,7.14,0.14,66.67,0.03,0.0,0.03,0.0,0.0,0.0,0.03,0.0,0.0,0.0,0.0,0.0,0.0,0.0,1.14,1.52,3.66,0.52,0.34,0.0,0.07,0.0,0.0,0.34,0.03,0.0,0.0,0.34,65.59,60.28,5.31,91.9,37.41,22.86,8.0,0.03,11.11,5.0,66.51,29,28,2435,0.28,0.0,0.59,0.59,6.48,0.1,3.31,67.13,1.83,63.1,1.48,72.88
18,148824,Ligue 1,RC Lens,Florian Thauvin,Forward,7.23,0.33,0.33,0.3,2.21,0.82,0.88,15.07,1.52,43.1,0.3,0.03,0.03,0.27,0.03,0.03,0.24,0.0,0.09,0.06,66.67,0.0,0.03,0.0,0.76,0.3,0.21,0.06,0.61,0.0,0.06,0.0,0.0,0.09,0.48,0.18,0.03,2.42,34.33,27.12,7.21,78.99,9.39,17.73,11.3,1.73,28.64,1.27,53.85,33,29,2460,0.18,0.0,0.58,1.03,18.3,1.7,3.64,40.4,3.3,40.82,0.33,36.67
19,847494,Ligue 1,Lille,Berke Özer,Goalkeeper,7.22,0.0,0.0,0.0,0.0,0.0,0.0,0.0,0.0,0.0,0.0,0.0,0.0,0.0,0.0,0.0,0.0,0.0,0.0,0.0,0.0,0.0,0.0,0.0,0.09,0.0,0.69,0.0,0.06,0.0,0.03,0.0,0.0,0.41,0.0,0.03,0.0,0.06,32.84,26.19,6.66,79.73,23.25,2.94,0.97,0.0,0.0,4.34,40.06,32,32,2834,0.12,0.0,0.0,0.41,6.81,0.0,0.69,84.62,0.41,86.67,0.28,81.82
20,826203,Ligue 1,RC Lens,Malang Sarr,Defender,7.21,0.0,0.04,0.09,0.7,0.15,0.42,0.0,0.18,54.55,0.0,0.0,0.0,0.0,0.0,0.06,0.0,0.0,0.0,0.0,0.0,0.0,0.03,0.0,1.97,2.3,3.97,0.76,0.45,0.03,0.12,0.0,0.0,0.33,0.03,0.03,0.0,0.18,60.45,53.52,6.94,88.52,30.79,22.73,8.15,0.15,50.0,4.52,58.89,33,33,2925,0.12,0.0,0.64,0.73,8.18,0.18,4.39,64.73,2.85,67.14,1.55,60.71
21,996952,Ligue 1,Paris Saint-Germain,Bradley Barcola,Forward,7.21,0.38,0.37,0.52,2.31,1.07,0.66,16.42,1.24,41.38,0.28,0.1,0.07,0.07,0.24,0.03,0.21,0.03,0.0,0.0,0.0,0.0,0.0,0.0,1.03,0.41,0.21,0.03,0.41,0.0,0.0,0.0,0.0,0.14,0.38,0.03,0.0,1.31,24.86,20.76,4.1,83.5,4.24,16.52,10.76,0.17,20.0,0.41,85.71,29,21,1750,0.07,0.0,0.69,0.34,9.17,0.79,2.97,42.57,2.62,41.99,0.34,47.62
22,800749,Ligue 1,Paris Saint-Germain,Matvey Safonov,Goalkeeper,7.21,0.0,0.0,0.0,0.0,0.0,0.0,0.0,0.0,0.0,0.0,0.0,0.0,0.0,0.0,0.0,0.0,0.0,0.0,0.0,0.0,0.0,0.0,0.0,0.0,0.0,0.93,0.0,0.0,0.07,0.07,0.0,0.0,0.53,0.0,0.0,0.0,0.13,24.2,19.8,4.4,81.82,18.87,0.93,0.2,0.0,0.0,3.4,45.13,15,15,1350,0.0,0.0,0.0,0.07,4.67,0.0,0.33,100.0,0.07,100.0,0.27,100.0
23,581314,Ligue 1,Stade Rennais,Valentin Rongier,Midfielder,7.21,0.06,0.03,0.0,0.71,0.32,0.19,9.09,0.61,55.88,0.03,0.03,0.0,0.03,0.03,0.03,0.0,0.0,0.0,0.0,0.0,0.0,0.0,0.0,2.39,1.26,1.94,0.32,0.94,0.0,0.16,0.0,0.0,0.26,0.26,0.16,0.0,1.42,65.87,58.71,7.16,89.13,27.52,31.19,16.77,0.1,14.29,1.77,54.46,31,31,2745,0.19,0.0,1.55,0.84,10.29,0.65,4.84,53.0,3.84,52.19,1.0,56.36
24,1048889,Ligue 1,RC Lens,Andy Diouf,Midfielder,7.2,0.0,0.22,0.0,3.0,1.0,1.0,0.0,3.0,60.0,0.0,0.0,0.0,0.0,0.0,0.0,0.0,0.0,0.0,0.0,0.0,0.0,0.0,0.0,1.0,0.0,0.0,0.0,0.0,0.0,0.0,0.0,0.0,0.0,0.0,0.0,0.0,0.0,40.0,33.0,7.0,82.5,11.0,22.0,11.0,0.0,0.0,1.0,50.0,1,1,90,0.0,0.0,0.0,1.0,14.0,2.0,5.0,55.56,5.0,55.56,0.0,0.0
25,863133,Ligue 1,Toulouse,Aron Dønnum,Midfielder,7.2,0.14,0.17,0.04,1.43,0.5,0.54,10.0,0.89,45.45,0.11,0.04,0.0,0.14,0.0,0.11,0.0,0.07,0.11,0.11,100.0,0.0,0.07,0.0,1.64,0.96,0.57,0.11,0.96,0.0,0.11,0.0,0.0,0.25,0.36,0.14,0.0,2.21,35.96,28.39,7.57,78.95,11.14,17.25,10.32,1.71,34.04,2.82,66.39,28,28,2424,0.29,0.04,1.46,1.36,16.0,1.68,4.0,43.75,3.89,43.78,0.11,42.86
26,149593,Ligue 1,Olympique de Marseille,Pierre-Emile Højbjerg,Midfielder,7.2,0.12,0.1,0.12,1.44,0.44,0.66,8.7,0.53,54.84,0.09,0.03,0.06,0.0,0.06,0.03,0.0,0.0,0.0,0.0,0.0,0.0,0.09,0.0,1.19,0.84,1.44,0.19,0.91,0.0,0.12,0.0,0.0,0.22,0.22,0.16,0.0,1.31,69.69,62.56,7.12,89.78,26.03,36.53,15.94,0.0,0.0,2.38,52.78,32,30,2715,0.12,0.0,1.19,1.41,9.56,0.59,4.06,52.0,3.09,50.0,0.97,59.62
27,758168,Ligue 1,Olympique Lyonnais,Moussa Niakhaté,Defender,7.19,0.0,0.01,0.0,0.12,0.0,0.06,0.0,0.16,71.43,0.0,0.0,0.0,0.0,0.0,0.0,0.0,0.0,0.0,0.0,0.0,0.0,0.0,0.0,1.12,0.91,5.75,0.66,0.25,0.0,0.06,0.03,0.0,0.47,0.09,0.06,0.0,0.44,65.19,58.59,6.59,89.88,37.81,20.78,6.12,0.09,42.86,2.69,45.26,32,30,2758,0.09,0.0,1.19,1.0,7.72,0.06,5.22,66.01,2.25,61.54,2.97,69.85
28,889259,Ligue 1,Paris Saint-Germain,Khvicha Kvaratskhelia,Forward,7.18,0.29,0.28,0.25,2.32,1.04,0.68,12.31,1.57,57.89,0.25,0.04,0.0,0.0,0.29,0.07,0.18,0.0,0.04,0.04,100.0,0.0,0.04,0.0,0.86,0.39,0.14,0.11,0.43,0.0,0.04,0.0,0.0,0.07,0.32,0.14,0.0,1.21,31.86,28.0,3.86,87.89,7.46,20.54,11.32,0.36,23.81,0.89,58.14,28,18,1483,0.04,0.0,0.64,0.93,8.96,0.79,3.61,50.25,3.36,52.81,0.25,30.43
29,979118,Ligue 1,Olympique Lyonnais,Tyler Morton,Midfielder,7.16,0.07,0.06,0.03,0.97,0.28,0.21,7.14,0.48,66.67,0.03,0.03,0.03,0.0,0.03,0.07,0.0,0.0,0.0,0.0,0.0,0.0,0.24,0.0,1.66,0.76,1.45,0.45,0.41,0.0,0.07,0.03,0.0,0.34,0.1,0.07,0.03,1.0,52.28,45.9,6.38,87.8,21.86,24.03,11.21,0.62,21.69,3.48,65.58,29,29,2524,0.21,0.03,1.0,0.66,10.69,0.45,3.38,54.44,2.79,57.86,0.59,42.5
30,891508,Ligue 1,Stade Brestois,Grégoire Coudert,Goalkeeper,7.16,0.0,0.0,0.0,0.0,0.0,0.0,0.0,0.04,100.0,0.0,0.0,0.0,0.0,0.0,0.0,0.0,0.0,0.0,0.0,0.0,0.0,0.0,0.0,0.0,0.0,0.88,0.0,0.08,0.0,0.0,0.04,0.0,0.24,0.0,0.0,0.0,0.0,30.52,18.08,12.44,59.24,11.92,6.16,2.08,0.0,0.0,8.04,39.49,25,24,2191,0.08,0.0,0.04,0.32,12.64,0.0,0.68,85.0,0.24,66.67,0.44,100.0
31,1389846,Ligue 1,AS Monaco,Lamine Camara,Midfielder,7.16,0.12,0.09,0.04,1.04,0.17,0.54,12.0,0.67,53.33,0.08,0.04,0.0,0.0,0.12,0.0,0.0,0.0,0.0,0.0,0.0,0.0,0.21,0.0,2.29,1.54,0.75,0.29,0.88,0.04,0.17,0.0,0.0,0.25,0.33,0.17,0.0,1.46,50.71,43.54,7.17,85.87,19.04,24.5,9.54,1.08,26.0,2.46,60.2,24,22,1851,0.25,0.0,1.17,2.0,14.12,0.92,5.62,56.02,4.96,59.2,0.67,40.0
32,1099117,Ligue 1,RC Lens,Samson Baidoo,Defender,7.16,0.09,0.07,0.13,0.74,0.17,0.39,11.76,0.3,100.0,0.09,0.0,0.09,0.0,0.0,0.0,0.04,0.0,0.0,0.0,0.0,0.0,0.0,0.0,1.48,1.0,3.61,1.09,0.65,0.0,0.0,0.0,0.0,0.35,0.04,0.04,0.04,0.17,46.0,42.61,3.39,92.63,29.43,13.17,3.04,0.0,0.0,2.43,66.67,23,20,1832,0.09,0.0,0.83,0.22,3.83,0.04,3.91,53.25,2.0,58.97,1.91,48.35
33,1471671,Ligue 1,Toulouse,Jaydee Canvot,Defender,7.15,0.0,0.07,0.0,1.0,0.0,1.0,0.0,1.0,66.67,0.0,0.0,0.0,0.0,0.0,0.0,0.0,0.0,0.0,0.0,0.0,0.0,0.0,0.0,1.0,0.0,4.0,0.0,0.5,0.0,0.0,0.0,0.0,1.0,0.0,0.0,0.0,0.0,53.0,48.5,4.5,91.51,31.0,17.5,3.0,0.0,0.0,0.5,20.0,2,2,180,0.5,0.0,0.5,0.0,5.0,0.0,3.5,58.33,2.0,57.14,1.5,60.0
34,343067,Ligue 1,Olympique Lyonnais,Corentin Tolisso,Midfielder,7.15,0.37,0.37,0.23,1.8,0.9,0.5,20.37,0.2,37.5,0.37,0.0,0.1,0.1,0.17,0.03,0.1,0.03,0.1,0.07,66.67,0.0,0.0,0.0,1.07,0.6,1.2,0.33,1.03,0.0,0.07,0.03,0.0,0.23,0.3,0.13,0.03,1.13,43.8,36.9,6.9,84.25,16.3,20.6,10.1,0.37,22.0,2.9,73.11,30,26,2306,0.17,0.0,1.4,1.83,10.87,0.8,4.87,48.83,3.07,46.94,1.8,52.43
35,1524396,Ligue 1,Paris Saint-Germain,Renato Marin,Goalkeeper,7.15,0.0,0.0,0.0,0.0,0.0,0.0,0.0,0.0,0.0,0.0,0.0,0.0,0.0,0.0,0.0,0.0,0.0,0.0,0.0,0.0,0.0,0.0,0.0,0.0,0.0,1.0,0.0,0.0,0.0,0.0,0.0,0.0,0.5,0.0,0.0,0.0,0.0,18.5,15.0,3.5,81.08,13.5,1.5,0.5,0.0,0.0,2.0,40.0,2,2,180,0.0,0.0,0.0,0.5,3.5,0.0,0.5,100.0,0.5,100.0,0.0,0.0
36,878938,Ligue 1,Toulouse,Cristian Cásseres Jr.,Midfielder,7.14,0.07,0.06,0.03,0.87,0.2,0.4,7.69,0.53,45.71,0.03,0.03,0.0,0.0,0.07,0.0,0.03,0.03,0.03,0.0,0.0,0.0,0.07,0.0,2.6,1.17,1.23,0.3,0.9,0.0,0.1,0.03,0.0,0.27,0.2,0.1,0.03,1.3,45.9,39.1,6.8,85.19,18.5,20.6,9.37,0.97,29.59,2.7,60.45,30,28,2499,0.23,0.0,1.3,1.4,11.97,0.63,4.93,55.85,4.47,57.26,0.47,45.16
37,1154605,Ligue 1,Paris Saint-Germain,Désiré Doué,Forward,7.13,0.3,0.34,0.35,2.39,0.83,0.87,12.73,1.39,44.44,0.22,0.09,0.0,0.04,0.26,0.17,0.0,0.13,0.04,0.0,0.0,0.0,0.17,0.0,1.39,0.52,0.22,0.09,0.52,0.04,0.0,0.0,0.0,0.09,0.22,0.17,0.0,1.26,36.91,31.7,5.22,85.87,9.96,21.74,12.83,0.57,22.41,0.83,52.78,23,16,1356,0.0,0.0,1.04,1.22,12.0,1.13,4.04,46.5,4.0,47.42,0.04,16.67
38,877102,Ligue 1,Olympique de Marseille,Nayef Aguerd,Defender,7.13,0.06,0.04,0.0,0.62,0.06,0.31,10.0,0.06,33.33,0.0,0.06,0.0,0.06,0.0,0.0,0.0,0.0,0.0,0.0,0.0,0.0,0.0,0.0,1.38,1.31,4.69,0.56,0.25,0.06,0.0,0.0,0.0,0.25,0.06,0.0,0.0,0.19,81.44,75.62,5.81,92.86,46.69,28.94,6.75,0.0,0.0,1.75,36.84,16,16,1399,0.25,0.0,1.31,0.38,7.0,0.19,4.19,56.78,1.81,50.0,2.38,63.33
39,1174937,Ligue 1,Olympique Lyonnais,Endrick,Forward,7.12,0.31,0.41,0.56,3.12,1.62,0.94,10.0,2.25,48.0,0.31,0.0,0.0,0.25,0.06,0.06,0.25,0.06,0.06,0.06,100.0,0.0,0.06,0.0,0.81,0.19,0.25,0.0,0.25,0.0,0.06,0.0,0.0,0.06,0.56,0.44,0.0,1.88,18.88,14.12,4.75,74.83,3.31,10.81,7.12,0.69,20.37,1.69,65.85,16,14,1222,0.19,0.06,1.31,1.31,14.56,1.5,4.56,43.45,4.38,45.16,0.19,23.08
40,1127057,Ligue 1,RC Strasbourg,Valentín Barco,Midfielder,7.12,0.07,0.12,0.11,1.0,0.37,0.3,7.41,0.89,41.38,0.07,0.0,0.0,0.07,0.0,0.0,0.07,0.0,0.0,0.0,0.0,0.0,0.15,0.0,2.0,0.52,0.41,0.07,0.52,0.0,0.22,0.04,0.0,0.19,0.48,0.15,0.07,1.48,57.48,49.63,7.85,86.34,26.96,22.67,11.44,1.04,27.18,2.44,56.9,27,24,2170,0.19,0.04,0.89,2.26,14.52,1.11,5.48,57.36,5.15,58.16,0.33,47.37
41,51665,Ligue 1,Lille,Benjamin André,Midfielder,7.12,0.07,0.12,0.07,1.0,0.22,0.48,7.41,0.52,60.87,0.07,0.0,0.07,0.0,0.0,0.0,0.11,0.0,0.0,0.0,0.0,0.0,0.0,0.0,2.44,1.22,1.52,0.19,0.7,0.0,0.0,0.0,0.0,0.41,0.07,0.07,0.0,0.85,52.93,44.15,8.78,83.41,16.52,27.63,14.37,0.11,14.29,2.48,68.37,27,26,2333,0.33,0.0,1.3,1.63,12.59,1.07,7.67,57.34,4.44,58.82,3.22,55.41
42,1023567,Ligue 1,Paris Saint-Germain,Ilya Zabarnyi,Defender,7.11,0.04,0.02,0.04,0.14,0.11,0.0,25.0,0.11,50.0,0.04,0.0,0.0,0.04,0.0,0.0,0.0,0.0,0.0,0.0,0.0,0.0,0.0,0.0,1.14,0.71,3.18,0.43,0.14,0.0,0.11,0.04,0.0,0.5,0.0,0.0,0.0,0.14,79.0,74.68,4.32,94.53,45.11,29.57,8.82,0.0,0.0,2.96,65.35,28,26,2387,0.21,0.0,0.64,0.29,5.07,0.07,2.75,58.33,1.54,61.43,1.21,54.84
43,1190933,Ligue 1,Paris Saint-Germain,João Neves,Midfielder,7.11,0.24,0.13,0.05,1.29,0.29,0.62,18.52,0.38,57.14,0.19,0.05,0.05,0.05,0.14,0.0,0.0,0.05,0.0,0.0,0.0,0.0,0.1,0.0,1.29,0.33,0.29,0.24,0.62,0.0,0.1,0.0,0.0,0.1,0.19,0.05,0.0,0.67,49.48,45.24,4.24,91.43,20.67,24.57,11.29,0.1,50.0,1.71,64.29,21,13,1287,0.0,0.0,0.62,0.62,6.62,0.29,2.9,57.01,2.24,55.95,0.67,60.87
44,227862,Ligue 1,RC Lens,Wesley Saïd,Forward,7.11,0.41,0.34,0.45,2.07,0.93,0.79,20.0,0.9,60.47,0.41,0.0,0.03,0.1,0.28,0.03,0.45,0.0,0.03,0.03,100.0,0.0,0.0,0.0,0.72,0.34,0.66,0.0,0.38,0.0,0.0,0.0,0.0,0.1,0.34,0.07,0.0,0.93,24.03,19.83,4.21,82.5,8.34,11.48,6.34,0.21,28.57,0.97,62.22,29,26,2010,0.07,0.0,1.28,0.45,7.52,0.66,2.59,41.44,2.07,42.86,0.52,36.59
45,1064697,Ligue 1,RC Lens,Mamadou Sangare,Midfielder,7.11,0.1,0.12,0.07,1.76,0.48,0.69,5.88,1.1,56.14,0.03,0.07,0.0,0.1,0.0,0.03,0.1,0.0,0.0,0.0,0.0,0.0,0.03,0.0,2.97,1.38,1.0,0.17,1.31,0.0,0.03,0.03,0.0,0.14,0.1,0.14,0.0,1.31,50.07,43.17,6.9,86.23,18.79,24.38,11.83,0.03,14.29,2.86,66.4,29,27,2327,0.17,0.0,1.21,1.48,10.93,0.9,6.55,56.55,5.48,56.58,1.07,56.36
46,911851,Ligue 1,Toulouse,Yann Gboho,Forward,7.1,0.26,0.19,0.1,1.84,0.52,0.58,14.04,2.48,49.68,0.19,0.06,0.0,0.03,0.23,0.06,0.16,0.0,0.0,0.0,0.0,0.0,0.0,0.0,0.84,0.45,0.1,0.03,0.55,0.0,0.0,0.0,0.0,0.19,0.1,0.1,0.03,1.84,25.74,21.13,4.61,82.08,5.0,16.13,10.84,0.26,24.24,0.55,54.84,31,30,2608,0.03,0.03,0.52,2.23,12.87,2.16,5.61,47.67,5.55,49.28,0.06,12.5
47,48535,Ligue 1,Nantes,Anthony Lopes,Goalkeeper,7.1,0.0,0.0,0.0,0.06,0.0,0.03,0.0,0.03,100.0,0.0,0.0,0.0,0.0,0.0,0.0,0.0,0.0,0.0,0.0,0.0,0.0,0.0,0.0,0.03,0.03,0.97,0.0,0.03,0.0,0.0,0.03,0.0,0.19,0.0,0.0,0.0,0.0,31.03,22.74,8.29,73.28,18.65,4.1,1.26,0.0,0.0,6.26,43.11,31,31,2789,0.13,0.0,0.03,0.45,8.48,0.0,0.65,86.96,0.29,81.82,0.35,91.67
48,1009372,Ligue 1,Olympique Lyonnais,Georges Mikautadze,Forward,7.1,0.5,0.53,0.0,5.0,2.0,2.0,10.0,2.5,71.43,0.5,0.0,0.0,0.0,0.5,0.0,0.5,0.0,0.0,0.0,0.0,0.0,0.0,0.0,0.0,0.5,0.0,0.0,0.5,0.0,0.0,0.0,0.0,1.0,0.0,0.0,0.0,0.0,16.0,13.5,2.5,84.38,5.0,8.5,4.5,0.0,0.0,0.5,100.0,2,2,179,0.0,0.0,0.0,0.5,6.5,1.5,3.0,42.86,3.0,50.0,0.0,0.0
49,784655,Ligue 1,Paris Saint-Germain,Fabián Ruiz,Midfielder,7.09,0.05,0.07,0.15,0.95,0.2,0.45,5.26,0.1,18.18,0.05,0.0,0.0,0.0,0.05,0.1,0.1,0.0,0.0,0.0,0.0,0.0,0.0,0.0,0.85,0.7,0.35,0.0,0.4,0.0,0.05,0.0,0.0,0.1,0.15,0.2,0.0,0.95,60.6,56.1,4.5,92.57,20.2,35.9,18.65,0.05,4.35,3.1,74.7,20,13,1129,0.1,0.0,0.1,0.15,7.55,0.3,1.2,48.98,1.1,47.83,0.1,66.67
50,1174462,Ligue 1,Lorient,Pablo Pagis,Forward,7.08,0.36,0.28,0.11,2.11,0.68,0.96,16.95,0.82,47.92,0.29,0.07,0.0,0.11,0.25,0.11,0.07,0.0,0.07,0.07,100.0,0.04,0.32,11.11,0.96,0.57,0.64,0.07,0.68,0.0,0.0,0.0,0.0,0.0,0.29,0.18,0.04,1.61,23.04,17.93,5.11,77.83,6.86,11.07,6.21,1.18,32.67,1.54,62.32,28,22,1770,0.04,0.0,0.82,1.04,11.07,0.79,3.07,43.43,2.79,46.71,0.29,25.81
51,987491,Ligue 1,Auxerre,Bryan Okoh,Defender,7.08,0.23,0.05,0.0,0.62,0.23,0.23,37.5,0.0,0.0,0.15,0.08,0.15,0.08,0.0,0.08,0.0,0.0,0.0,0.0,0.0,0.0,0.0,0.0,1.0,2.08,5.85,1.0,0.31,0.08,0.08,0.08,0.0,0.23,0.0,0.0,0.0,0.31,32.54,27.54,5.0,84.63,20.77,6.77,1.77,0.0,0.0,1.69,41.51,13,12,1011,0.15,0.0,1.0,0.62,5.69,0.08,4.0,63.41,1.62,58.33,2.38,67.39
52,1001458,Ligue 1,Le Havre,Issa Soumaré,Forward,7.08,0.24,0.43,0.53,2.26,0.82,1.18,10.39,0.76,40.63,0.21,0.03,0.03,0.09,0.12,0.12,0.41,0.06,0.09,0.03,33.33,0.0,0.03,0.0,1.06,0.32,1.35,0.18,0.44,0.0,0.0,0.0,0.0,0.21,0.26,0.15,0.0,0.85,18.74,12.94,5.79,69.07,4.53,8.41,4.88,0.35,20.34,0.68,76.67,34,33,2949,0.09,0.0,1.65,2.18,12.82,1.26,7.88,54.03,3.91,48.54,3.97,60.81
53,128383,Ligue 1,Olympique de Marseille,Gerónimo Rulli,Goalkeeper,7.08,0.0,0.0,0.0,0.03,0.0,0.03,0.0,0.03,100.0,0.0,0.0,0.0,0.0,0.0,0.0,0.0,0.0,0.0,0.0,0.0,0.0,0.0,0.0,0.07,0.0,0.93,0.0,0.1,0.03,0.1,0.03,0.0,0.28,0.0,0.0,0.0,0.03,30.69,24.59,6.1,80.11,22.48,2.1,0.52,0.0,0.0,4.38,43.05,29,29,2610,0.1,0.0,0.03,0.48,6.28,0.0,0.9,86.67,0.38,78.57,0.52,93.75
54,973556,Ligue 1,RC Strasbourg,Julio Enciso,Midfielder,7.07,0.11,0.28,0.33,2.26,0.81,0.78,4.92,2.0,56.25,0.11,0.0,0.0,0.04,0.07,0.04,0.19,0.0,0.04,0.04,100.0,0.0,0.15,0.0,0.78,0.26,0.3,0.04,0.3,0.0,0.04,0.0,0.0,0.04,0.33,0.22,0.04,1.07,23.56,19.74,3.81,83.81,7.56,12.19,6.67,0.78,35.59,0.52,70.0,27,22,1892,0.07,0.0,0.74,1.15,10.26,1.44,4.37,47.97,3.93,49.77,0.44,36.36
55,1408080,Ligue 1,RC Lens,Ismaelo Ganiou,Defender,7.07,0.13,0.09,0.09,0.96,0.17,0.57,13.64,0.43,71.43,0.13,0.0,0.04,0.04,0.04,0.0,0.0,0.0,0.0,0.0,0.0,0.0,0.0,0.0,1.7,1.26,4.87,0.61,0.35,0.04,0.0,0.09,0.0,0.35,0.04,0.0,0.0,0.39,56.96,49.43,7.52,86.79,29.7,19.74,7.7,0.17,23.53,1.91,35.77,23,22,2014,0.09,0.04,1.09,0.96,9.83,0.35,5.26,60.8,3.04,62.5,2.22,58.62
56,1387161,Ligue 1,RC Lens,Robin Risser,Goalkeeper,7.06,0.0,0.0,0.0,0.0,0.0,0.0,0.0,0.0,0.0,0.0,0.0,0.0,0.0,0.0,0.0,0.0,0.0,0.0,0.0,0.0,0.0,0.0,0.0,0.0,0.0,0.45,0.0,0.06,0.03,0.0,0.0,0.0,0.33,0.0,0.03,0.0,0.06,26.33,20.42,5.91,77.56,18.64,1.79,0.42,0.0,0.0,4.27,43.12,33,33,2970,0.06,0.0,0.0,0.15,5.94,0.0,0.24,80.0,0.12,66.67,0.12,100.0
57,1215906,Ligue 1,Olympique Lyonnais,Afonso Moreira,Forward,7.06,0.15,0.1,0.04,1.48,0.52,0.63,10.0,0.89,34.29,0.15,0.0,0.0,0.0,0.15,0.0,0.15,0.04,0.0,0.0,0.0,0.0,0.04,0.0,1.22,0.48,0.48,0.0,0.41,0.0,0.04,0.0,0.0,0.22,0.37,0.26,0.0,1.22,20.11,16.26,3.85,80.85,4.48,11.78,6.7,1.22,27.27,0.56,44.12,27,18,1724,0.11,0.0,1.0,2.11,12.74,1.3,4.52,45.19,4.19,49.13,0.33,22.5
58,1130939,Ligue 1,AS Monaco,Maghnes Akliouche,Midfielder,7.05,0.19,0.23,0.19,1.55,0.61,0.52,12.5,0.84,47.27,0.19,0.0,0.0,0.13,0.06,0.03,0.29,0.03,0.0,0.0,0.0,0.0,0.0,0.0,1.26,0.61,0.42,0.1,0.84,0.03,0.0,0.0,0.0,0.1,0.26,0.19,0.0,1.42,35.65,30.35,5.29,85.16,8.77,21.58,12.97,0.39,22.64,1.45,77.59,31,28,2410,0.1,0.0,0.94,1.16,11.65,1.23,3.35,43.51,3.26,46.54,0.1,13.64
59,1195784,Ligue 1,Olympique Lyonnais,Malick Fofana,Midfielder,7.04,0.17,0.23,0.33,1.58,0.75,0.17,10.53,0.58,35.0,0.17,0.0,0.0,0.0,0.17,0.0,0.25,0.0,0.0,0.0,0.0,0.0,0.0,0.0,0.92,0.25,0.17,0.0,0.17,0.0,0.0,0.0,0.0,0.25,0.25,0.08,0.0,0.83,18.5,14.92,3.58,80.63,4.08,10.83,6.5,0.67,29.63,0.33,40.0,12,9,767,0.08,0.0,0.92,1.83,8.17,0.42,3.33,54.05,3.33,57.14,0.0,0.0
60,966621,Ligue 1,Stade Rennais,Esteban Lepaul,Forward,7.04,0.62,0.46,0.26,2.56,1.15,0.85,24.14,0.26,33.33,0.62,0.0,0.09,0.06,0.47,0.09,0.26,0.0,0.12,0.09,75.0,0.0,0.03,0.0,0.21,0.06,0.5,0.0,0.24,0.0,0.0,0.0,0.0,0.09,0.09,0.15,0.0,0.68,15.26,11.82,3.44,77.46,5.74,6.09,3.29,0.12,21.05,0.44,55.56,34,33,2702,0.09,0.0,0.71,0.47,6.5,0.44,2.15,39.04,0.88,33.33,1.26,44.33
61,352370,Ligue 1,Paris Saint-Germain,Lucas Hernández,Defender,7.04,0.0,0.02,0.04,0.44,0.12,0.2,0.0,0.12,37.5,0.0,0.0,0.0,0.0,0.0,0.08,0.0,0.04,0.0,0.0,0.0,0.0,0.0,0.0,1.0,0.76,1.76,0.28,0.32,0.0,0.0,0.0,0.0,0.36,0.04,0.12,0.0,0.6,65.44,60.08,5.36,91.81,31.12,28.96,11.6,0.08,13.33,1.36,44.16,25,20,1751,0.16,0.0,0.88,0.76,6.92,0.24,2.92,57.48,1.8,52.94,1.12,66.67
62,372430,Ligue 1,Nantes,Frédéric Guilbert,Defender,7.04,0.0,0.05,0.12,0.88,0.25,0.5,0.0,0.62,55.56,0.0,0.0,0.0,0.0,0.0,0.0,0.0,0.0,0.0,0.0,0.0,0.0,0.0,0.0,2.0,2.62,3.88,0.62,0.88,0.0,0.0,0.0,0.0,0.12,0.25,0.0,0.0,0.88,22.38,17.12,5.25,76.54,10.88,6.25,3.38,0.38,17.65,1.0,38.1,8,7,610,0.12,0.0,0.88,1.62,12.0,0.25,5.25,58.33,4.25,62.96,1.0,44.44
63,787827,Ligue 1,RC Lens,Matthieu Udol,Midfielder,7.04,0.03,0.13,0.21,1.38,0.5,0.62,2.13,0.44,36.59,0.03,0.0,0.0,0.03,0.0,0.0,0.06,0.0,0.0,0.0,0.0,0.0,0.0,0.0,1.5,1.5,1.85,0.24,0.68,0.03,0.0,0.0,0.0,0.32,0.65,0.21,0.03,1.65,38.24,31.91,6.32,83.46,15.38,16.53,8.82,1.26,37.72,1.24,36.21,34,33,3003,0.06,0.0,0.88,0.79,12.12,0.76,3.76,47.58,2.74,47.45,1.03,47.95
64,190883,Ligue 1,Angers,Branco Van den Boomen,Midfielder,7.04,0.0,0.08,0.07,0.87,0.33,0.33,0.0,0.27,44.44,0.0,0.0,0.0,0.0,0.0,0.0,0.0,0.0,0.07,0.0,0.0,0.0,0.13,0.0,1.8,0.47,1.2,0.27,1.2,0.0,0.07,0.0,0.0,0.2,0.2,0.07,0.0,1.87,52.53,46.8,5.73,89.09,23.07,23.73,11.8,1.33,29.41,4.67,72.92,15,14,1242,0.2,0.0,1.27,0.6,10.93,0.33,3.13,46.08,2.67,47.06,0.47,41.18
65,845183,Ligue 1,Nice,Yehvann Diouf,Goalkeeper,7.03,0.0,0.0,0.0,0.0,0.0,0.0,0.0,0.04,100.0,0.0,0.0,0.0,0.0,0.0,0.0,0.0,0.0,0.0,0.0,0.0,0.0,0.0,0.0,0.0,0.08,1.12,0.0,0.04,0.0,0.0,0.0,0.0,0.19,0.0,0.0,0.0,0.0,26.54,18.65,7.88,70.29,16.54,2.12,0.31,0.0,0.0,4.88,39.08,26,26,2340,0.04,0.0,0.0,0.15,8.19,0.04,0.42,68.75,0.15,66.67,0.27,70.0
66,159837,Ligue 1,Auxerre,Donovan Léon,Goalkeeper,7.03,0.0,0.0,0.0,0.0,0.0,0.0,0.0,0.03,100.0,0.0,0.0,0.0,0.0,0.0,0.0,0.0,0.0,0.0,0.0,0.0,0.0,0.0,0.0,0.1,0.03,0.72,0.0,0.0,0.07,0.1,0.03,0.0,0.28,0.0,0.0,0.0,0.03,26.66,13.62,13.03,51.1,9.1,4.52,1.24,0.0,0.0,6.69,33.98,29,29,2464,0.03,0.07,0.1,0.24,13.21,0.0,0.59,80.95,0.34,76.92,0.24,87.5
67,946158,Ligue 1,AS Monaco,Mohammed Salisu,Defender,7.03,0.08,0.06,0.08,0.67,0.17,0.33,12.5,0.17,100.0,0.08,0.0,0.08,0.0,0.0,0.08,0.33,0.0,0.0,0.0,0.0,0.0,0.0,0.0,2.08,1.42,7.0,1.75,1.0,0.0,0.17,0.0,0.08,0.17,0.0,0.0,0.0,0.17,68.0,59.5,8.5,87.5,38.33,21.17,4.25,0.0,0.0,2.08,36.23,12,12,1080,0.25,0.0,1.42,0.25,9.25,0.17,5.67,57.63,2.5,49.18,3.17,66.67
68,991479,Ligue 1,Stade Rennais,Anthony Rouault,Defender,7.03,0.05,0.07,0.19,0.43,0.14,0.14,11.11,0.14,75.0,0.05,0.0,0.0,0.0,0.05,0.0,0.0,0.0,0.0,0.0,0.0,0.0,0.0,0.0,1.19,0.9,5.29,0.95,0.57,0.05,0.05,0.05,0.0,0.33,0.0,0.0,0.0,0.29,57.1,50.38,6.71,88.24,32.67,17.71,6.1,0.0,0.0,2.1,44.0,21,19,1724,0.24,0.0,1.24,0.38,7.95,0.24,3.86,51.59,1.71,45.57,2.14,57.69
69,580226,Ligue 1,Le Havre,Mory Diaw,Goalkeeper,7.02,0.0,0.0,0.0,0.0,0.0,0.0,0.0,0.0,0.0,0.0,0.0,0.0,0.0,0.0,0.0,0.0,0.0,0.0,0.0,0.0,0.0,0.0,0.0,0.07,0.07,0.83,0.0,0.03,0.03,0.1,0.0,0.0,0.23,0.03,0.03,0.0,0.1,32.47,23.43,9.03,72.18,19.7,3.73,0.93,0.0,0.0,6.1,41.4,30,30,2655,0.03,0.0,0.0,0.2,9.4,0.0,0.4,92.31,0.23,87.5,0.17,100.0
70,917087,Ligue 1,Paris Saint-Germain,Kang-in Lee,Midfielder,7.02,0.11,0.1,0.04,1.37,0.56,0.44,8.11,1.04,54.9,0.11,0.0,0.0,0.07,0.04,0.04,0.11,0.0,0.0,0.0,0.0,0.0,0.07,0.0,0.63,0.11,0.26,0.04,0.37,0.07,0.11,0.04,0.0,0.04,0.44,0.15,0.07,2.22,38.67,35.22,3.44,91.09,10.22,25.0,15.56,1.67,39.82,2.11,64.04,27,18,1522,0.11,0.0,0.67,0.7,8.96,0.78,2.59,47.3,2.33,47.01,0.26,50.0
71,1151803,Ligue 1,Auxerre,Kévin Danois,Midfielder,7.02,0.09,0.06,0.06,0.76,0.24,0.33,12.0,1.06,58.33,0.0,0.09,0.0,0.03,0.06,0.03,0.09,0.0,0.0,0.0,0.0,0.0,0.0,0.0,2.36,1.15,0.45,0.06,1.33,0.0,0.03,0.0,0.0,0.27,0.3,0.03,0.03,1.61,45.91,39.18,6.73,85.35,17.27,21.91,11.36,1.33,34.11,2.73,68.18,33,32,2835,0.09,0.0,1.0,0.79,13.36,1.33,4.64,47.22,4.18,49.11,0.45,34.88
72,1149144,Ligue 1,Lille,Matías Fernández-Pardo,Forward,7.01,0.28,0.3,0.52,2.34,1.03,0.41,11.76,1.24,43.9,0.28,0.0,0.0,0.0,0.28,0.14,0.55,0.03,0.07,0.07,100.0,0.0,0.0,0.0,0.69,0.24,0.1,0.03,0.72,0.0,0.0,0.0,0.0,0.21,0.17,0.17,0.0,1.24,21.41,17.52,3.9,81.8,4.14,13.38,9.66,0.41,21.82,0.59,85.0,29,27,2379,0.17,0.0,0.52,1.38,10.1,1.14,3.45,41.84,3.31,46.6,0.14,12.12
73,287887,Ligue 1,Le Havre,Gautier Lloris,Defender,7.01,0.03,0.03,0.1,0.38,0.14,0.17,9.09,0.03,33.33,0.03,0.0,0.03,0.0,0.0,0.0,0.07,0.03,0.0,0.0,0.0,0.0,0.0,0.0,1.41,1.45,5.17,0.72,0.28,0.0,0.0,0.03,0.03,0.17,0.03,0.03,0.0,0.14,52.69,48.14,4.55,91.36,35.38,12.76,3.07,0.0,0.0,2.34,48.57,29,28,2400,0.07,0.03,0.93,0.59,5.24,0.14,4.41,67.37,2.03,62.11,2.38,72.63
74,992026,Ligue 1,Le Havre,Rassoul Ndiaye,Midfielder,7.01,0.12,0.09,0.09,1.03,0.27,0.39,11.76,0.67,55.0,0.12,0.0,0.03,0.0,0.09,0.06,0.18,0.0,0.0,0.0,0.0,0.0,0.0,0.0,2.06,0.48,0.61,0.06,1.15,0.0,0.0,0.0,0.0,0.12,0.15,0.12,0.0,0.88,26.15,21.94,4.21,83.89,9.06,12.88,7.27,0.58,20.88,1.03,65.38,33,30,2573,0.06,0.0,0.67,1.12,8.58,0.52,4.3,54.2,3.82,57.27,0.48,38.1
75,1465307,Ligue 1,Lorient,Arthur Avom Ebong,Midfielder,7.01,0.06,0.03,0.0,0.68,0.19,0.29,9.52,0.68,53.85,0.0,0.06,0.0,0.0,0.06,0.0,0.0,0.03,0.0,0.0,0.0,0.0,0.03,0.0,1.77,0.97,0.81,0.1,0.94,0.0,0.06,0.03,0.03,0.13,0.13,0.03,0.0,1.0,41.0,34.42,6.58,83.95,17.71,16.71,8.81,0.48,33.33,2.55,59.85,31,22,2115,0.1,0.0,0.74,1.26,10.65,0.71,3.9,53.3,3.61,55.17,0.29,37.5
76,1546405,Ligue 1,RC Lens,Kyllian Antonio,Defender,7.0,0.0,0.02,0.0,0.25,0.0,0.25,0.0,0.5,66.67,0.0,0.0,0.0,0.0,0.0,0.0,0.0,0.0,0.0,0.0,0.0,0.0,0.0,0.0,1.5,1.25,3.25,0.0,0.25,0.0,0.0,0.0,0.0,0.25,0.25,0.25,0.0,0.25,21.5,18.5,3.0,86.05,9.75,8.75,4.0,0.0,0.0,0.25,25.0,4,2,189,0.25,0.0,0.25,1.0,3.75,0.0,4.25,70.83,3.0,80.0,1.25,55.56
77,791046,Ligue 1,Olympique Lyonnais,Dominik Greif,Goalkeeper,7.0,0.0,0.0,0.0,0.0,0.0,0.0,0.0,0.0,0.0,0.0,0.0,0.0,0.0,0.0,0.0,0.0,0.0,0.0,0.0,0.0,0.0,0.0,0.0,0.07,0.0,1.21,0.0,0.0,0.0,0.14,0.0,0.0,0.38,0.0,0.03,0.0,0.07,32.38,25.45,6.93,78.59,23.17,2.28,0.69,0.0,0.0,4.62,40.36,29,29,2610,0.03,0.0,0.0,0.17,7.1,0.0,0.45,92.86,0.24,100.0,0.21,85.71
78,1463509,Ligue 1,Metz,Pape Sy,Goalkeeper,7.0,0.0,0.0,0.0,0.0,0.0,0.0,0.0,0.0,0.0,0.0,0.0,0.0,0.0,0.0,0.0,0.0,0.0,0.0,0.0,0.0,0.0,0.0,0.0,0.12,0.0,1.5,0.0,0.0,0.25,0.0,0.0,0.0,0.25,0.0,0.0,0.0,0.0,25.5,17.0,8.5,66.67,12.62,4.38,0.38,0.0,0.0,5.75,41.07,8,8,707,0.0,0.0,0.0,0.5,9.0,0.0,0.75,100.0,0.38,100.0,0.38,100.0
79,1142672,Ligue 1,Paris Saint-Germain,Warren Zaïre-Emery,Midfielder,7.0,0.09,0.04,0.03,0.59,0.22,0.16,15.79,0.94,62.5,0.06,0.03,0.0,0.0,0.09,0.0,0.0,0.0,0.0,0.0,0.0,0.0,0.0,0.0,1.5,0.38,0.69,0.22,0.59,0.03,0.0,0.0,0.0,0.28,0.25,0.12,0.0,1.31,64.34,60.28,4.06,93.69,23.5,36.78,17.69,0.06,13.33,1.31,67.74,32,27,2453,0.09,0.0,1.03,0.53,7.38,1.0,3.5,51.14,2.97,48.47,0.53,73.91
80,1142233,Ligue 1,RC Strasbourg,Diego Moreira,Midfielder,7.0,0.15,0.07,0.04,1.07,0.41,0.26,13.79,1.33,41.86,0.07,0.07,0.0,0.15,0.0,0.0,0.3,0.0,0.0,0.0,0.0,0.0,0.11,0.0,1.63,0.78,1.0,0.15,1.11,0.0,0.04,0.0,0.0,0.07,0.41,0.22,0.07,1.41,35.15,28.59,6.56,81.35,13.15,15.44,8.11,0.7,21.59,1.22,53.23,27,23,2041,0.15,0.0,0.67,1.0,14.19,0.93,4.48,46.72,3.93,46.29,0.56,50.0
81,146101,Ligue 1,AS Monaco,Eric Dier,Defender,7.0,0.11,0.05,0.0,0.33,0.22,0.0,33.33,0.0,0.0,0.11,0.0,0.11,0.0,0.0,0.0,0.0,0.0,0.0,0.0,0.0,0.0,0.0,0.0,0.78,1.11,3.22,1.11,0.56,0.11,0.0,0.0,0.0,0.0,0.0,0.0,0.0,0.22,65.78,61.67,4.11,93.75,30.89,30.78,9.22,0.0,0.0,3.22,67.44,9,7,687,0.0,0.0,1.0,0.44,4.67,0.0,2.56,45.1,1.0,39.13,1.56,50.0
82,2168291,Ligue 1,Nice,Brad-Hamilton Mantsounga,Defender,7.0,0.0,0.0,0.0,0.0,0.0,0.0,0.0,0.0,0.0,0.0,0.0,0.0,0.0,0.0,0.0,0.0,0.0,0.0,0.0,0.0,0.0,0.0,0.0,6.0,0.0,5.0,3.0,0.0,0.0,0.0,0.0,0.0,0.0,0.0,0.0,0.0,0.0,86.0,85.0,1.0,98.84,58.0,27.0,4.0,0.0,0.0,1.0,50.0,1,1,90,0.0,0.0,0.0,2.0,1.0,0.0,8.0,88.89,8.0,100.0,0.0,0.0
83,927005,Ligue 1,Auxerre,Lassine Sinayoko,Forward,6.99,0.38,0.37,0.41,2.88,1.19,0.94,13.04,1.0,49.23,0.34,0.03,0.03,0.03,0.31,0.03,0.44,0.03,0.12,0.09,75.0,0.0,0.0,0.0,1.31,0.81,0.75,0.0,0.25,0.0,0.0,0.0,0.0,0.19,0.19,0.12,0.0,1.25,23.66,17.97,5.69,75.96,4.94,13.03,8.22,0.22,21.21,0.47,65.22,32,32,2780,0.22,0.0,0.91,1.66,12.06,1.59,5.16,43.31,3.97,51.84,1.19,27.94
84,149656,Ligue 1,Lorient,Yvon Mvogo,Goalkeeper,6.99,0.0,0.0,0.0,0.0,0.0,0.0,0.0,0.03,100.0,0.0,0.0,0.0,0.0,0.0,0.0,0.0,0.0,0.0,0.0,0.0,0.0,0.0,0.0,0.03,0.03,0.87,0.0,0.06,0.03,0.1,0.0,0.0,0.19,0.0,0.0,0.0,0.0,36.19,28.19,8.0,77.9,26.0,2.19,0.52,0.0,0.0,6.94,47.78,31,31,2790,0.0,0.0,0.0,0.13,8.23,0.0,0.45,77.78,0.1,60.0,0.35,84.62
85,1445625,Ligue 1,Stade Rennais,Jérémy Jacquet,Defender,6.99,0.0,0.05,0.0,0.58,0.16,0.26,0.0,0.21,50.0,0.0,0.0,0.0,0.0,0.0,0.0,0.05,0.0,0.0,0.0,0.0,0.0,0.0,0.0,1.42,1.0,4.79,0.84,0.11,0.05,0.11,0.05,0.0,0.26,0.0,0.0,0.0,0.47,56.63,51.21,5.42,90.43,32.32,18.89,5.58,0.0,0.0,3.0,55.88,19,19,1673,0.21,0.05,1.05,0.89,6.26,0.05,4.26,67.5,2.32,61.97,1.95,75.51
86,72998,Ligue 1,Nantes,Rémy Cabella,Midfielder,6.99,0.18,0.28,0.27,0.82,0.45,0.18,22.22,0.36,44.44,0.18,0.0,0.0,0.0,0.18,0.0,0.18,0.0,0.09,0.09,100.0,0.0,0.09,0.0,1.45,0.55,0.09,0.0,0.64,0.0,0.09,0.0,0.0,0.0,0.09,0.0,0.09,1.45,32.91,27.64,5.27,83.98,11.73,15.91,9.09,1.45,40.0,1.0,50.0,11,6,574,0.09,0.0,0.64,1.0,10.0,1.0,3.27,51.43,2.73,50.85,0.55,54.55
87,1605921,Ligue 1,RC Strasbourg,Samir El Mourabet,Midfielder,6.98,0.03,0.01,0.0,0.36,0.03,0.15,8.33,0.55,62.07,0.0,0.03,0.0,0.03,0.0,0.0,0.09,0.03,0.0,0.0,0.0,0.0,0.0,0.0,2.39,0.76,0.67,0.39,0.58,0.09,0.12,0.0,0.0,0.06,0.15,0.06,0.0,0.85,43.61,39.21,4.39,89.92,22.88,16.33,5.94,0.12,26.67,1.64,65.85,33,25,2141,0.12,0.0,0.7,0.79,6.91,0.58,4.0,59.73,3.73,63.08,0.27,34.62
88,1129751,Ligue 1,Saint-Étienne,Julien Le Cardinal,Defender,6.98,0.2,0.16,0.0,1.0,0.4,0.6,20.0,0.0,0.0,0.2,0.0,0.0,0.0,0.2,0.0,0.0,0.0,0.0,0.0,0.0,0.0,0.0,0.0,1.0,0.6,4.6,1.0,0.6,0.0,0.0,0.0,0.0,0.0,0.0,0.0,0.0,0.2,28.8,23.6,5.2,81.94,18.8,4.8,1.6,0.0,0.0,1.4,33.33,5,3,327,0.2,0.0,0.4,0.8,6.0,0.0,4.6,57.5,1.8,60.0,2.8,56.0
89,1004550,Ligue 1,Metz,Jonathan Fischer,Goalkeeper,6.98,0.0,0.0,0.0,0.0,0.0,0.0,0.0,0.0,0.0,0.0,0.0,0.0,0.0,0.0,0.0,0.0,0.0,0.0,0.0,0.0,0.0,0.0,0.0,0.0,0.0,1.0,0.0,0.04,0.0,0.0,0.0,0.0,0.19,0.0,0.0,0.0,0.04,34.48,27.22,7.26,78.95,24.3,2.93,0.63,0.0,0.0,5.59,43.77,27,26,2353,0.0,0.0,0.0,0.15,7.48,0.0,0.44,85.71,0.04,50.0,0.41,91.67
90,842391,Ligue 1,Metz,Gauthier Hein,Midfielder,6.98,0.28,0.28,0.07,1.52,0.45,0.45,18.18,0.31,40.91,0.24,0.03,0.03,0.24,0.0,0.07,0.14,0.0,0.17,0.17,100.0,0.03,0.21,16.67,0.62,0.28,0.14,0.07,0.72,0.0,0.03,0.0,0.0,0.1,0.24,0.24,0.0,2.0,49.48,44.45,5.03,89.83,19.97,24.48,13.69,1.28,25.52,3.86,82.96,29,26,2354,0.03,0.03,0.52,0.59,12.28,1.24,1.76,34.46,1.52,34.38,0.24,35.0
91,286909,Ligue 1,Stade Rennais,Przemysław Frankowski,Midfielder,6.98,0.05,0.03,0.0,0.47,0.16,0.16,11.11,0.21,57.14,0.05,0.0,0.05,0.0,0.0,0.0,0.05,0.0,0.0,0.0,0.0,0.0,0.05,0.0,2.11,0.42,1.84,0.05,0.95,0.0,0.05,0.05,0.0,0.05,0.11,0.11,0.11,1.63,34.32,28.16,6.16,82.06,11.16,17.0,9.0,1.05,23.26,1.26,44.44,19,15,1215,0.26,0.0,0.68,0.53,11.63,0.37,3.21,58.1,2.84,58.06,0.37,58.33
92,979480,Ligue 1,Paris Saint-Germain,Willian Pacho,Defender,6.97,0.0,0.04,0.04,0.35,0.04,0.22,0.0,0.04,50.0,0.0,0.0,0.0,0.0,0.0,0.0,0.09,0.0,0.0,0.0,0.0,0.0,0.0,0.0,1.74,1.04,2.87,0.43,0.35,0.0,0.04,0.0,0.0,0.35,0.0,0.0,0.0,0.09,73.61,69.96,3.65,95.04,50.65,19.3,3.3,0.0,0.0,1.48,53.97,23,21,1915,0.0,0.0,0.26,0.3,4.39,0.22,3.61,63.36,2.04,70.15,1.57,56.25
93,368120,Ligue 1,Lille,Nabil Bentaleb,Midfielder,6.97,0.08,0.05,0.0,0.69,0.23,0.27,11.11,0.19,50.0,0.04,0.04,0.0,0.08,0.0,0.0,0.0,0.0,0.04,0.04,100.0,0.0,0.04,0.0,0.69,0.58,1.46,0.23,0.31,0.0,0.0,0.0,0.0,0.12,0.19,0.08,0.0,0.46,35.35,30.69,4.65,86.83,16.04,14.65,7.42,0.19,21.74,1.96,59.3,26,13,1287,0.12,0.0,0.54,0.69,6.46,0.38,2.08,52.43,1.58,52.56,0.5,52.0
94,1020744,Ligue 1,Toulouse,Charlie Cresswell,Defender,6.96,0.1,0.12,0.17,1.28,0.41,0.66,8.11,0.03,100.0,0.1,0.0,0.03,0.0,0.07,0.07,0.14,0.0,0.0,0.0,0.0,0.0,0.0,0.0,0.9,0.97,5.97,1.03,0.69,0.0,0.03,0.0,0.0,0.28,0.03,0.07,0.0,0.38,48.59,41.62,6.97,85.66,30.38,11.24,3.21,0.0,0.0,2.76,43.24,29,28,2533,0.28,0.0,1.07,0.52,7.55,0.28,5.9,57.77,1.41,42.71,4.48,65.0
95,999070,Ligue 1,Nantes,Matthis Abline,Forward,6.96,0.19,0.25,0.25,2.66,0.72,1.0,7.06,1.59,43.97,0.16,0.03,0.03,0.0,0.16,0.16,0.16,0.06,0.03,0.0,0.0,0.0,0.22,0.0,0.62,0.25,0.31,0.0,0.44,0.0,0.0,0.0,0.0,0.09,0.22,0.12,0.0,0.94,12.88,9.09,3.78,70.63,2.28,6.81,4.62,0.41,22.03,0.25,40.0,32,27,2497,0.19,0.0,1.0,1.31,11.62,1.44,4.56,43.2,3.5,42.11,1.06,47.22
96,1400993,Ligue 1,Stade Brestois,Michel Diaz,Defender,6.96,0.0,0.05,0.1,0.35,0.05,0.2,0.0,0.15,75.0,0.0,0.0,0.0,0.0,0.0,0.05,0.0,0.05,0.0,0.0,0.0,0.0,0.0,0.0,1.35,1.2,5.0,1.2,0.2,0.0,0.0,0.0,0.0,0.3,0.0,0.0,0.0,0.05,32.1,27.55,4.55,85.83,19.45,8.1,2.7,0.05,100.0,2.5,57.47,20,17,1560,0.2,0.0,0.4,0.55,5.2,0.05,3.7,64.35,2.05,74.55,1.65,55.0
97,996953,Ligue 1,Paris Saint-Germain,Lucas Chevalier,Goalkeeper,6.95,0.0,0.0,0.0,0.0,0.0,0.0,0.0,0.0,0.0,0.0,0.0,0.0,0.0,0.0,0.0,0.0,0.0,0.0,0.0,0.0,0.0,0.0,0.0,0.0,0.0,0.47,0.0,0.0,0.06,0.0,0.0,0.0,0.53,0.0,0.0,0.0,0.0,23.47,20.59,2.88,87.72,20.18,0.41,0.12,0.0,0.0,1.76,39.47,17,17,1530,0.0,0.0,0.0,0.06,3.0,0.0,0.18,100.0,0.06,100.0,0.12,100.0
98,38440,Ligue 1,Paris FC,Kevin Trapp,Goalkeeper,6.95,0.0,0.0,0.0,0.0,0.0,0.0,0.0,0.0,0.0,0.0,0.0,0.0,0.0,0.0,0.0,0.0,0.0,0.0,0.0,0.0,0.0,0.0,0.0,0.0,0.05,0.73,0.0,0.0,0.05,0.0,0.0,0.0,0.32,0.0,0.0,0.0,0.0,36.95,25.64,11.32,69.37,22.23,3.41,0.55,0.0,0.0,5.82,34.13,22,22,1980,0.09,0.0,0.0,0.23,11.68,0.0,0.32,100.0,0.14,100.0,0.18,100.0
99,1410217,Ligue 1,Toulouse,Pape Diop,Midfielder,6.95,0.07,0.09,0.13,1.93,0.73,0.73,3.45,0.27,36.36,0.0,0.07,0.0,0.0,0.07,0.0,0.0,0.0,0.0,0.0,0.0,0.0,0.13,0.0,2.13,2.0,0.87,0.47,1.33,0.0,0.0,0.0,0.0,0.2,0.13,0.13,0.0,1.27,41.93,36.6,5.33,87.28,18.8,17.8,9.8,0.2,21.43,1.87,60.87,15,13,1185,0.13,0.0,1.0,1.13,9.47,1.07,4.13,48.82,3.53,47.75,0.6,56.25
100,96544,Ligue 1,Olympique de Marseille,Geoffrey Kondogbia,Midfielder,6.95,0.0,0.03,0.1,0.4,0.1,0.2,0.0,0.6,100.0,0.0,0.0,0.0,0.0,0.0,0.0,0.0,0.0,0.0,0.0,0.0,0.0,0.0,0.0,1.4,1.0,1.7,0.5,0.2,0.0,0.0,0.0,0.0,0.0,0.0,0.0,0.0,0.2,43.2,37.7,5.5,87.27,21.6,16.1,5.6,0.0,0.0,0.9,39.13,10,9,593,0.3,0.0,1.2,0.8,6.9,0.6,3.7,57.81,2.8,58.33,0.9,56.25
101,821728,Ligue 1,Nice,Jonathan Clauss,Midfielder,6.95,0.03,0.04,0.03,0.77,0.2,0.33,4.35,0.9,61.36,0.03,0.0,0.0,0.0,0.03,0.0,0.03,0.03,0.0,0.0,0.0,0.0,0.13,0.0,2.17,1.57,2.17,0.2,1.03,0.0,0.17,0.03,0.0,0.1,0.53,0.2,0.03,2.2,42.3,34.0,8.3,80.38,15.8,18.2,9.2,2.27,29.96,1.83,47.41,30,28,2531,0.0,0.0,0.73,0.57,16.63,0.6,3.93,54.38,3.63,56.19,0.3,39.13
102,1138804,Ligue 1,Lille,Hakon Arnar Haraldsson,Midfielder,6.95,0.25,0.25,0.25,1.56,0.53,0.56,16.0,0.62,42.55,0.25,0.0,0.0,0.09,0.16,0.12,0.0,0.03,0.0,0.0,0.0,0.0,0.03,0.0,0.78,0.34,0.28,0.0,0.75,0.0,0.03,0.0,0.0,0.12,0.16,0.03,0.09,1.72,37.88,32.84,5.03,86.72,12.03,20.81,11.28,0.69,29.33,1.19,66.67,32,29,2475,0.19,0.0,0.88,1.34,10.0,0.91,3.16,44.69,2.75,44.9,0.41,43.33
103,164055,Ligue 1,Stade Rennais,Brice Samba,Goalkeeper,6.95,0.0,0.0,0.0,0.0,0.0,0.0,0.0,0.0,0.0,0.0,0.0,0.0,0.0,0.0,0.0,0.0,0.0,0.0,0.0,0.0,0.0,0.0,0.0,0.06,0.0,0.62,0.0,0.03,0.06,0.06,0.03,0.0,0.31,0.0,0.0,0.0,0.06,37.0,28.66,8.34,77.45,26.16,2.5,0.84,0.0,0.0,5.19,39.71,32,32,2880,0.16,0.0,0.03,0.22,8.56,0.0,0.41,81.25,0.19,75.0,0.22,87.5
104,579576,Ligue 1,RC Lens,Ruben Aguilar,Midfielder,6.95,0.08,0.04,0.0,0.5,0.12,0.27,15.38,0.27,50.0,0.08,0.0,0.04,0.0,0.04,0.0,0.19,0.0,0.0,0.0,0.0,0.0,0.0,0.0,1.46,1.08,1.19,0.42,0.54,0.0,0.0,0.0,0.0,0.12,0.31,0.08,0.0,1.0,33.23,28.04,5.19,84.38,11.31,16.73,9.38,0.65,19.54,0.73,39.58,26,20,1736,0.15,0.04,1.0,0.46,9.81,0.19,2.81,55.3,2.19,53.77,0.62,61.54
105,825846,Ligue 1,AS Monaco,Jordan Teze,Defender,6.95,0.03,0.02,0.0,0.42,0.15,0.18,7.14,0.09,30.0,0.03,0.0,0.03,0.0,0.0,0.0,0.09,0.0,0.0,0.0,0.0,0.0,0.0,0.0,1.85,0.88,1.79,0.3,0.94,0.0,0.03,0.0,0.0,0.12,0.18,0.06,0.0,1.06,40.36,33.64,6.73,83.33,15.24,18.39,9.06,0.42,22.22,1.73,44.53,33,28,2494,0.24,0.0,0.97,0.76,10.39,0.45,3.55,52.47,2.67,50.87,0.88,58.0
106,804764,Ligue 1,Nantes,Chidozie Awaziem,Defender,6.95,0.04,0.02,0.0,0.42,0.15,0.12,9.09,0.15,50.0,0.04,0.0,0.04,0.0,0.0,0.0,0.04,0.0,0.0,0.0,0.0,0.0,0.04,0.0,1.08,0.77,7.0,0.65,0.38,0.0,0.12,0.0,0.04,0.19,0.08,0.08,0.0,0.38,52.62,44.54,8.08,84.65,32.27,12.27,4.0,0.0,0.0,4.81,48.83,26,25,2232,0.27,0.0,0.88,0.81,8.92,0.12,3.69,61.54,2.0,56.52,1.69,68.75
107,859026,Ligue 1,Olympique de Marseille,Amine Gouiri,Forward,6.95,0.36,0.28,0.23,1.73,0.77,0.45,21.05,0.86,39.58,0.36,0.0,0.0,0.0,0.36,0.05,0.18,0.0,0.0,0.0,0.0,0.0,0.05,0.0,0.55,0.14,0.14,0.05,0.32,0.0,0.05,0.0,0.0,0.0,0.32,0.14,0.0,1.45,18.73,15.59,3.14,83.25,4.64,10.95,6.82,0.59,35.14,0.36,61.54,22,15,1328,0.05,0.0,0.77,0.73,8.55,1.0,2.5,38.73,2.14,38.84,0.36,38.1
108,1095836,Ligue 1,Auxerre,Théo De Percin,Goalkeeper,6.94,0.0,0.0,0.0,0.0,0.0,0.0,0.0,0.0,0.0,0.0,0.0,0.0,0.0,0.0,0.0,0.0,0.0,0.0,0.0,0.0,0.0,0.0,0.0,0.0,0.0,0.75,0.0,0.0,0.0,0.0,0.0,0.0,0.0,0.0,0.0,0.0,0.0,25.75,13.88,11.88,53.88,9.62,4.25,1.5,0.0,0.0,5.12,30.6,8,5,596,0.0,0.0,0.0,0.12,12.0,0.0,0.38,100.0,0.0,0.0,0.38,100.0
109,1140859,Ligue 1,Lille,Hamza Igamane,Forward,6.94,0.38,0.27,0.08,1.77,0.69,0.69,21.74,1.0,59.09,0.38,0.0,0.08,0.08,0.23,0.0,0.38,0.0,0.0,0.0,0.0,0.0,0.0,0.0,0.54,0.15,0.15,0.0,0.08,0.0,0.0,0.0,0.0,0.0,0.15,0.08,0.0,0.31,9.77,7.31,2.46,74.8,1.92,5.38,3.77,0.08,20.0,0.23,75.0,13,4,428,0.15,0.0,0.46,0.23,5.85,0.69,2.46,47.06,1.77,47.92,0.69,45.0
110,966849,Ligue 1,RC Lens,Saud Abdulhamid,Midfielder,6.94,0.08,0.03,0.04,0.32,0.12,0.12,25.0,0.16,26.67,0.08,0.0,0.04,0.0,0.04,0.0,0.04,0.04,0.0,0.0,0.0,0.0,0.0,0.0,1.36,0.44,0.76,0.08,0.56,0.0,0.04,0.04,0.0,0.12,0.2,0.16,0.04,0.96,24.08,21.4,2.68,88.87,8.04,13.36,8.88,0.6,33.33,0.44,42.31,25,14,1356,0.16,0.04,1.04,0.56,5.88,0.28,2.36,46.09,2.08,48.6,0.28,33.33
111,1471683,Ligue 1,Metz,Sadibou Sané,Defender,6.94,0.09,0.01,0.0,0.26,0.09,0.09,33.33,0.13,50.0,0.09,0.0,0.04,0.04,0.0,0.0,0.0,0.0,0.0,0.0,0.0,0.0,0.0,0.0,2.0,1.65,5.61,1.04,0.7,0.04,0.17,0.09,0.04,0.17,0.04,0.04,0.0,0.13,62.48,55.87,6.61,89.42,38.91,16.96,5.17,0.09,50.0,3.83,53.99,23,22,1943,0.22,0.09,0.96,0.65,7.61,0.04,4.17,60.38,2.78,61.54,1.39,58.18
112,328035,Ligue 1,Stade Brestois,Brendan Chardonnet,Defender,6.94,0.03,0.02,0.03,0.41,0.21,0.21,8.33,0.03,50.0,0.03,0.0,0.03,0.0,0.0,0.0,0.0,0.03,0.0,0.0,0.0,0.0,0.0,0.0,1.24,1.1,6.31,1.38,0.48,0.03,0.0,0.0,0.0,0.31,0.21,0.1,0.0,0.41,43.1,36.21,6.9,84.0,28.17,8.03,2.97,0.1,42.86,3.14,42.13,29,29,2547,0.21,0.0,0.97,0.69,7.52,0.03,4.59,58.85,1.79,57.78,2.79,59.56
113,1216282,Ligue 1,Paris FC,Luca Koleosho,Forward,6.93,0.19,0.12,0.19,1.06,0.62,0.25,17.65,0.44,30.43,0.12,0.06,0.0,0.0,0.19,0.12,0.06,0.0,0.0,0.0,0.0,0.0,0.06,0.0,1.5,0.25,0.38,0.06,0.19,0.0,0.0,0.0,0.0,0.0,0.12,0.06,0.12,0.62,11.75,8.94,2.81,76.06,3.12,5.81,3.69,0.12,13.33,0.31,62.5,16,3,543,0.0,0.0,0.62,0.25,6.0,0.62,2.31,43.53,2.19,47.3,0.12,18.18
114,152813,Ligue 1,Olympique Lyonnais,Clinton Mata,Defender,6.93,0.0,0.0,0.0,0.16,0.0,0.12,0.0,0.25,53.33,0.0,0.0,0.0,0.0,0.0,0.0,0.0,0.0,0.0,0.0,0.0,0.0,0.03,0.0,1.22,0.91,4.56,0.88,0.31,0.0,0.03,0.03,0.03,0.34,0.0,0.0,0.0,0.06,57.53,52.16,5.38,90.66,36.41,15.75,4.44,0.12,20.0,1.94,41.06,32,32,2836,0.16,0.0,1.09,1.12,6.97,0.12,3.69,57.28,2.47,58.52,1.22,54.93
115,296434,Ligue 1,Lorient,Laurent Abergel,Midfielder,6.93,0.04,0.03,0.04,0.79,0.18,0.29,4.55,0.32,37.5,0.0,0.04,0.0,0.04,0.0,0.0,0.04,0.04,0.0,0.0,0.0,0.0,0.0,0.0,1.25,0.96,1.61,0.14,1.04,0.04,0.11,0.04,0.0,0.21,0.07,0.0,0.0,0.57,59.5,52.43,7.07,88.12,30.71,21.71,9.54,0.11,37.5,3.86,62.07,28,27,2324,0.25,0.0,0.86,0.96,9.0,0.43,3.14,50.0,2.54,47.97,0.61,60.71
116,868964,Ligue 1,AS Monaco,Philipp Köhn,Goalkeeper,6.93,0.0,0.0,0.0,0.0,0.0,0.0,0.0,0.0,0.0,0.0,0.0,0.0,0.0,0.0,0.0,0.0,0.0,0.0,0.0,0.0,0.0,0.0,0.0,0.0,0.05,0.47,0.0,0.0,0.05,0.0,0.0,0.0,0.26,0.0,0.0,0.0,0.0,24.42,18.47,5.95,75.65,16.84,1.63,0.21,0.0,0.0,4.26,43.32,19,17,1619,0.05,0.0,0.0,0.16,6.11,0.05,0.53,90.91,0.21,80.0,0.32,100.0
117,801306,Ligue 1,Paris FC,Pierre Lees Melou,Midfielder,6.93,0.04,0.05,0.04,1.29,0.25,0.58,3.23,0.42,43.48,0.04,0.0,0.0,0.0,0.04,0.0,0.0,0.0,0.0,0.0,0.0,0.0,0.04,0.0,2.71,0.96,1.5,0.33,1.58,0.04,0.08,0.08,0.0,0.17,0.17,0.12,0.0,0.79,42.46,35.12,7.33,82.73,16.71,18.42,8.75,0.21,29.41,3.42,51.9,24,22,1966,0.21,0.04,1.25,1.21,9.83,0.42,4.79,53.74,4.33,53.89,0.46,52.38
118,155997,Ligue 1,Olympique de Marseille,Emerson,Defender,6.93,0.0,0.02,0.0,0.54,0.07,0.25,0.0,0.29,36.36,0.0,0.0,0.0,0.0,0.0,0.0,0.07,0.0,0.0,0.0,0.0,0.0,0.07,0.0,1.68,1.25,2.04,0.29,0.39,0.0,0.04,0.04,0.0,0.21,0.29,0.11,0.0,1.64,45.0,39.93,5.07,88.73,16.18,23.75,11.5,1.18,27.73,0.89,38.46,28,23,2124,0.11,0.0,0.57,0.61,10.32,0.36,3.39,58.64,2.57,58.54,0.82,58.97
119,1048333,Ligue 1,RC Strasbourg,Emmanuel Emegha,Forward,6.92,0.4,0.39,0.3,1.7,0.8,0.5,23.53,0.3,42.86,0.4,0.0,0.1,0.1,0.2,0.0,0.4,0.0,0.0,0.0,0.0,0.0,0.1,0.0,0.0,0.0,0.5,0.0,0.0,0.0,0.1,0.0,0.0,0.1,0.2,0.2,0.0,0.3,5.2,4.3,0.9,82.69,2.1,2.2,1.0,0.0,0.0,0.1,100.0,10,4,451,0.3,0.0,1.2,0.9,2.4,0.1,1.7,50.0,1.2,41.38,0.5,100.0
120,343971,Ligue 1,Stade Brestois,Ludovic Ajorque,Forward,6.92,0.25,0.29,0.34,1.75,0.53,0.84,14.29,0.38,66.67,0.25,0.0,0.09,0.09,0.06,0.09,0.44,0.03,0.0,0.0,0.0,0.0,0.0,0.0,0.88,0.41,1.34,0.19,0.5,0.0,0.06,0.0,0.0,0.25,0.16,0.28,0.0,1.28,24.19,16.84,7.34,69.64,7.19,9.66,5.12,0.06,22.22,1.0,65.31,32,32,2823,0.28,0.03,2.03,1.72,11.56,0.94,8.25,52.8,2.91,45.81,5.34,57.58
121,51498,Ligue 1,Olympique de Marseille,Pierre-Emerick Aubameyang,Forward,6.92,0.33,0.44,0.7,2.0,1.13,0.63,16.67,0.37,55.0,0.33,0.0,0.0,0.03,0.3,0.03,0.3,0.03,0.0,0.0,0.0,0.0,0.0,0.0,0.27,0.17,0.4,0.0,0.33,0.03,0.0,0.0,0.0,0.0,0.27,0.17,0.0,0.87,14.77,12.03,2.73,81.49,4.97,7.07,4.63,0.07,6.9,0.23,46.67,30,23,2046,0.03,0.0,0.63,0.53,5.97,0.4,1.6,39.67,1.17,41.18,0.43,36.11
122,1855502,Ligue 1,Lorient,Arsène Kouassi,Midfielder,6.92,0.06,0.02,0.03,0.29,0.16,0.1,22.22,1.19,53.62,0.03,0.03,0.03,0.03,0.0,0.03,0.32,0.06,0.0,0.0,0.0,0.03,0.13,25.0,0.84,0.74,1.68,0.1,0.29,0.03,0.0,0.0,0.0,0.16,0.26,0.19,0.0,1.03,28.19,24.48,3.71,86.84,11.68,12.81,6.77,0.68,17.36,0.52,34.78,31,30,2612,0.13,0.0,0.48,1.71,10.19,0.55,3.97,57.21,3.71,62.16,0.26,26.67
123,976396,Ligue 1,Stade Brestois,Joris Chotard,Midfielder,6.92,0.06,0.04,0.06,0.76,0.24,0.3,8.0,0.12,33.33,0.0,0.06,0.0,0.0,0.06,0.0,0.0,0.0,0.0,0.0,0.0,0.0,0.0,0.0,2.0,1.42,2.7,0.42,0.91,0.0,0.03,0.0,0.0,0.24,0.0,0.03,0.0,0.33,36.06,29.18,6.88,80.92,15.79,13.39,5.97,0.36,23.53,2.42,50.96,33,31,2777,0.06,0.0,0.85,0.36,9.21,0.12,3.24,55.15,2.45,53.64,0.79,60.47
124,981815,Ligue 1,Olympique de Marseille,Igor Paixão,Midfielder,6.92,0.2,0.22,0.17,1.9,0.77,0.77,10.53,0.9,32.53,0.13,0.07,0.0,0.03,0.17,0.0,0.3,0.03,0.0,0.0,0.0,0.0,0.07,0.0,0.97,0.5,0.73,0.07,0.57,0.03,0.0,0.0,0.0,0.1,0.17,0.17,0.0,0.97,23.3,19.27,4.03,82.69,4.93,14.33,8.6,0.23,12.5,1.0,63.83,30,22,1981,0.1,0.0,0.7,1.13,9.93,0.67,3.57,41.96,2.97,44.06,0.6,33.96
125,1149148,Ligue 1,RC Strasbourg,Mike Penders,Goalkeeper,6.91,0.0,0.0,0.0,0.0,0.0,0.0,0.0,0.0,0.0,0.0,0.0,0.0,0.0,0.0,0.0,0.0,0.0,0.0,0.0,0.0,0.0,0.0,0.0,0.0,0.0,0.67,0.0,0.0,0.09,0.12,0.03,0.0,0.24,0.0,0.0,0.0,0.0,42.42,36.52,5.91,86.07,34.24,2.27,0.7,0.0,0.0,4.48,45.12,33,33,2970,0.09,0.0,0.03,0.06,6.12,0.0,0.21,87.5,0.03,50.0,0.18,100.0
126,1190938,Ligue 1,RC Strasbourg,Martial Godo,Midfielder,6.91,0.36,0.28,0.29,1.46,0.61,0.5,24.39,0.86,44.44,0.29,0.07,0.07,0.0,0.25,0.11,0.39,0.04,0.0,0.0,0.0,0.0,0.0,0.0,0.57,0.5,0.29,0.04,0.32,0.0,0.04,0.04,0.0,0.04,0.07,0.04,0.07,0.86,15.75,13.07,2.68,82.99,5.5,7.57,3.82,0.39,35.48,0.25,43.75,28,18,1613,0.07,0.0,0.54,1.14,7.25,1.07,2.71,47.5,2.57,47.37,0.14,50.0
127,1102502,Ligue 1,Stade Rennais,Quentin Merlin,Defender,6.91,0.03,0.04,0.03,0.79,0.21,0.21,3.85,0.48,50.0,0.03,0.0,0.0,0.03,0.0,0.0,0.15,0.0,0.0,0.0,0.0,0.0,0.06,0.0,1.7,1.06,1.7,0.36,0.85,0.03,0.09,0.0,0.0,0.21,0.15,0.15,0.0,1.42,40.91,32.09,8.82,78.44,13.48,18.61,10.03,0.94,19.5,1.7,37.09,33,27,2532,0.06,0.0,0.67,0.91,16.27,0.64,3.45,52.29,3.06,54.01,0.39,41.94
128,873534,Ligue 1,AS Monaco,Krépin Diatta,Midfielder,6.9,0.0,0.07,0.06,0.39,0.06,0.22,0.0,0.33,66.67,0.0,0.0,0.0,0.0,0.0,0.0,0.22,0.0,0.0,0.0,0.0,0.0,0.0,0.0,1.72,0.89,1.67,0.17,0.56,0.0,0.0,0.06,0.0,0.06,0.22,0.06,0.0,0.72,25.44,19.94,5.5,78.38,7.11,12.83,6.28,0.5,24.32,0.89,43.24,18,10,1026,0.11,0.0,0.44,0.56,9.0,0.28,4.06,68.22,2.56,66.67,1.5,71.05
129,231946,Ligue 1,RC Lens,Adrien Thomasson,Midfielder,6.9,0.09,0.22,0.31,1.34,0.41,0.59,6.98,0.59,43.18,0.09,0.0,0.0,0.06,0.03,0.06,0.12,0.0,0.0,0.0,0.0,0.0,0.06,0.0,3.09,0.59,0.81,0.12,2.03,0.0,0.0,0.0,0.0,0.28,0.34,0.28,0.0,2.53,42.12,35.06,7.06,83.23,16.16,18.91,10.19,1.28,34.17,1.12,52.94,32,31,2690,0.34,0.0,1.69,1.34,13.56,1.41,5.62,46.27,5.0,46.51,0.62,44.44
130,235460,Ligue 1,Lille,André Gomes,Midfielder,6.9,0.0,0.0,0.0,0.0,0.0,0.0,0.0,1.5,100.0,0.0,0.0,0.0,0.0,0.0,0.0,0.0,0.0,0.0,0.0,0.0,0.0,0.0,0.0,0.0,0.0,0.0,0.0,0.5,0.0,0.0,0.0,0.0,0.0,0.0,0.0,0.0,0.0,3.5,3.5,0.0,100.0,1.5,2.0,1.0,0.0,0.0,0.5,100.0,2,0,14,0.0,0.0,1.0,0.0,0.5,0.5,1.5,42.86,1.5,42.86,0.0,0.0
131,993952,Ligue 1,Lorient,Noah Cadiou,Midfielder,6.9,0.11,0.06,0.07,0.68,0.32,0.25,15.79,0.46,50.0,0.07,0.04,0.0,0.0,0.11,0.0,0.0,0.04,0.0,0.0,0.0,0.0,0.0,0.0,0.86,0.82,1.46,0.46,0.5,0.0,0.04,0.0,0.0,0.14,0.0,0.04,0.0,0.39,41.57,36.46,5.11,87.71,21.25,15.21,7.21,0.0,0.0,2.18,55.96,28,20,1881,0.07,0.0,0.96,0.46,7.25,0.57,2.43,44.44,1.79,42.37,0.64,51.43
132,996951,Ligue 1,Auxerre,Sinaly Diomandé,Defender,6.9,0.08,0.08,0.08,0.38,0.17,0.12,22.22,0.21,55.56,0.08,0.0,0.04,0.0,0.04,0.0,0.08,0.0,0.0,0.0,0.0,0.0,0.0,0.0,1.38,1.29,4.75,0.58,0.5,0.0,0.17,0.0,0.0,0.29,0.04,0.08,0.0,0.17,39.71,34.25,5.46,86.25,23.67,10.58,3.62,0.0,0.0,2.54,45.52,24,24,2134,0.08,0.04,1.29,1.08,6.42,0.12,4.12,59.28,2.54,58.1,1.58,61.29
133,963201,Ligue 1,Angers,Melvin Zinga,Goalkeeper,6.9,0.0,0.0,0.0,0.0,0.0,0.0,0.0,0.0,0.0,0.0,0.0,0.0,0.0,0.0,0.0,0.0,0.0,0.0,0.0,0.0,0.0,0.0,0.0,0.33,0.0,0.67,0.0,0.0,0.0,0.0,0.0,0.0,0.0,0.0,0.0,0.0,0.0,21.33,13.67,7.67,64.06,12.0,1.67,0.0,0.0,0.0,3.67,32.35,3,2,221,0.0,0.0,0.0,0.0,8.33,0.0,0.67,100.0,0.33,100.0,0.33,100.0
134,982316,Ligue 1,Lorient,Formose Mendy,Defender,6.9,0.0,0.0,0.0,0.0,0.0,0.0,0.0,0.0,0.0,0.0,0.0,0.0,0.0,0.0,0.0,0.0,0.0,0.0,0.0,0.0,0.0,0.0,0.0,1.5,1.5,7.5,0.0,1.0,0.0,0.0,0.0,0.0,0.0,0.0,0.0,0.0,0.0,43.0,37.0,6.0,86.05,23.5,13.5,4.5,0.0,0.0,2.5,55.56,2,2,135,0.5,0.0,1.0,1.5,8.0,0.0,4.5,60.0,3.0,60.0,1.5,60.0
135,1002033,Ligue 1,RC Strasbourg,Guéla Doué,Defender,6.9,0.08,0.09,0.12,0.5,0.21,0.17,16.67,0.75,54.55,0.08,0.0,0.0,0.0,0.08,0.04,0.0,0.0,0.0,0.0,0.0,0.0,0.0,0.0,2.08,1.12,4.29,0.38,0.83,0.0,0.0,0.0,0.0,0.21,0.25,0.25,0.0,0.79,52.0,45.29,6.71,87.1,26.08,19.21,6.83,0.71,32.69,0.88,40.38,24,23,2063,0.12,0.0,1.75,1.0,12.17,1.0,6.25,53.19,3.83,48.17,2.42,63.74
136,1069159,Ligue 1,Paris FC,Otávio,Defender,6.9,0.04,0.03,0.0,0.52,0.13,0.22,8.33,0.26,54.55,0.04,0.0,0.0,0.0,0.04,0.0,0.04,0.0,0.0,0.0,0.0,0.0,0.0,0.0,2.17,1.22,5.7,0.78,0.65,0.04,0.13,0.09,0.0,0.22,0.0,0.0,0.0,0.17,59.48,52.61,6.87,88.45,39.17,13.43,4.43,0.09,33.33,3.0,47.92,23,21,1908,0.26,0.04,1.04,1.43,8.78,0.35,4.87,60.54,3.87,64.03,1.0,50.0
137,1403196,Ligue 1,Olympique de Marseille,Hilan Hamzaoui Slimani,Defender,6.9,0.0,0.0,0.0,0.0,0.0,0.0,0.0,0.0,0.0,0.0,0.0,0.0,0.0,0.0,0.0,0.0,0.0,0.0,0.0,0.0,0.0,0.0,0.0,2.0,0.0,2.0,0.0,0.0,0.0,0.0,0.0,0.0,0.0,0.0,0.0,0.0,0.0,7.0,7.0,0.0,100.0,5.0,2.0,0.0,0.0,0.0,1.0,100.0,1,0,9,0.0,0.0,0.0,0.0,0.0,0.0,3.0,75.0,2.0,100.0,1.0,50.0
138,1512333,Ligue 1,Olympique de Marseille,Ange Lago,Forward,6.9,0.0,0.08,0.5,1.0,1.0,0.0,0.0,0.0,0.0,0.0,0.0,0.0,0.0,0.0,0.0,0.0,0.0,0.0,0.0,0.0,0.0,0.0,0.0,2.5,0.0,1.0,0.0,0.0,0.0,0.0,0.0,0.0,0.0,0.0,0.0,0.0,0.5,5.0,4.0,1.0,80.0,2.5,1.5,1.0,0.5,100.0,1.0,100.0,2,0,58,0.5,0.0,1.0,0.5,4.0,0.5,3.5,50.0,3.0,66.67,0.5,20.0
139,879618,Ligue 1,Lorient,Montassar Talbi,Defender,6.9,0.0,0.02,0.03,0.48,0.07,0.24,0.0,0.1,50.0,0.0,0.0,0.0,0.0,0.0,0.0,0.0,0.0,0.0,0.0,0.0,0.0,0.0,0.0,0.76,0.9,6.41,0.83,0.62,0.0,0.07,0.0,0.0,0.21,0.03,0.03,0.0,0.24,49.83,44.45,5.38,89.2,31.86,12.59,4.1,0.0,0.0,2.41,47.62,29,29,2610,0.1,0.0,0.21,0.41,6.31,0.1,3.93,60.0,1.28,56.06,2.66,62.1
140,281277,Ligue 1,AS Monaco,Thilo Kehrer,Defender,6.9,0.0,0.06,0.07,0.57,0.04,0.43,0.0,0.14,57.14,0.0,0.0,0.0,0.0,0.0,0.04,0.07,0.0,0.0,0.0,0.0,0.0,0.0,0.0,2.32,1.07,3.71,0.82,0.71,0.04,0.07,0.0,0.0,0.21,0.04,0.0,0.04,0.21,58.68,51.11,7.57,87.1,28.79,22.32,7.11,0.0,0.0,2.18,42.66,28,28,2358,0.21,0.07,0.96,1.04,9.0,0.07,5.89,63.71,3.5,65.77,2.39,60.91
141,1050692,Ligue 1,Paris FC,Diego Coppola,Defender,6.89,0.0,0.02,0.0,0.38,0.23,0.15,0.0,0.15,100.0,0.0,0.0,0.0,0.0,0.0,0.0,0.0,0.0,0.0,0.0,0.0,0.0,0.0,0.0,0.92,0.46,8.15,0.77,0.62,0.0,0.08,0.0,0.08,0.23,0.15,0.15,0.0,0.31,48.38,41.69,6.69,86.17,27.54,14.15,4.62,0.0,0.0,2.92,42.22,13,13,1170,0.08,0.0,0.46,0.23,7.08,0.08,3.31,51.81,1.15,50.0,2.15,52.83
142,1410925,Ligue 1,RC Strasbourg,Joaquin Panichelli,Forward,6.89,0.59,0.53,0.48,2.19,1.15,0.74,27.12,0.41,36.67,0.56,0.04,0.11,0.07,0.41,0.11,0.52,0.0,0.22,0.19,83.33,0.0,0.0,0.0,0.96,0.44,1.19,0.3,0.44,0.0,0.0,0.0,0.0,0.22,0.19,0.04,0.0,0.81,17.26,12.52,4.74,72.53,5.22,7.3,4.19,0.0,0.0,0.11,27.27,27,24,2195,0.11,0.0,1.59,1.63,9.22,0.96,5.11,44.95,2.89,46.43,2.22,43.17
143,876600,Ligue 1,Stade Rennais,Mousa Tamari,Forward,6.89,0.18,0.16,0.06,1.94,0.7,0.7,9.38,1.0,35.48,0.15,0.03,0.0,0.18,0.0,0.03,0.79,0.12,0.0,0.0,0.0,0.0,0.0,0.0,0.82,0.33,0.18,0.06,0.45,0.0,0.03,0.0,0.0,0.09,0.24,0.18,0.0,1.03,19.36,15.73,3.64,81.22,5.18,10.55,6.21,0.42,16.87,0.42,58.33,33,25,2224,0.12,0.0,0.52,0.82,11.3,1.36,2.67,38.26,2.61,38.74,0.06,25.0
144,944164,Ligue 1,Nice,Sofiane Diop,Midfielder,6.89,0.24,0.22,0.09,1.64,0.52,0.64,14.81,0.97,49.23,0.21,0.03,0.0,0.0,0.24,0.06,0.21,0.0,0.06,0.06,100.0,0.0,0.09,0.0,0.67,0.61,0.33,0.06,0.61,0.0,0.0,0.0,0.0,0.0,0.18,0.06,0.0,1.06,26.58,20.73,5.85,77.99,7.94,12.79,7.73,0.27,24.32,1.45,64.86,33,26,2144,0.15,0.0,0.67,1.39,10.73,1.09,3.27,45.0,3.0,47.37,0.27,29.03
145,795228,Ligue 1,RC Lens,Odsonne Édouard,Forward,6.89,0.41,0.4,0.62,2.07,1.07,0.62,20.0,0.55,40.0,0.41,0.0,0.1,0.07,0.24,0.07,0.41,0.03,0.03,0.03,100.0,0.0,0.07,0.0,0.34,0.1,0.76,0.14,0.48,0.03,0.0,0.0,0.0,0.0,0.1,0.1,0.0,0.69,9.93,7.97,1.97,80.21,2.62,5.34,3.48,0.0,0.0,0.14,66.67,29,26,1818,0.07,0.0,0.72,0.59,5.72,1.38,2.38,36.13,1.45,30.22,0.93,51.92
146,827519,Ligue 1,Lille,Romain Perraud,Defender,6.88,0.1,0.07,0.0,1.1,0.4,0.33,9.09,0.47,41.18,0.07,0.03,0.0,0.1,0.0,0.0,0.07,0.03,0.0,0.0,0.0,0.03,0.07,50.0,1.47,0.77,1.57,0.2,0.67,0.0,0.0,0.0,0.0,0.17,0.23,0.13,0.0,1.23,37.43,32.1,5.33,85.75,11.93,20.17,11.2,1.0,23.44,0.63,30.65,30,27,2253,0.13,0.03,0.7,1.47,11.67,0.47,4.03,52.84,3.4,58.29,0.63,35.19
147,928236,Ligue 1,Olympique de Marseille,Leonardo Balerdi,Defender,6.88,0.0,0.09,0.15,0.77,0.19,0.46,0.0,0.38,62.5,0.0,0.0,0.0,0.0,0.0,0.04,0.0,0.0,0.0,0.0,0.0,0.0,0.0,0.0,1.88,1.04,3.88,0.42,0.96,0.04,0.0,0.0,0.0,0.12,0.0,0.04,0.0,0.19,57.54,52.96,4.58,92.05,35.54,17.42,4.38,0.04,50.0,2.65,52.27,26,21,1998,0.19,0.0,0.88,0.81,5.62,0.19,4.62,57.14,3.08,57.97,1.54,55.56
148,957604,Ligue 1,Olympique Lyonnais,Pavel Šulc,Forward,6.88,0.41,0.34,0.19,1.63,0.67,0.48,25.0,0.56,46.88,0.37,0.04,0.11,0.04,0.26,0.0,0.22,0.0,0.0,0.0,0.0,0.0,0.0,0.0,0.89,0.26,0.41,0.0,0.67,0.0,0.0,0.0,0.0,0.11,0.19,0.11,0.0,0.81,14.07,10.48,3.59,74.47,4.26,6.22,4.0,0.11,20.0,0.22,42.86,27,17,1568,0.11,0.0,1.04,0.56,7.33,0.48,2.59,36.65,2.0,41.86,0.59,25.81
149,1127191,Ligue 1,Auxerre,Oussama El Azzouzi,Midfielder,6.88,0.09,0.05,0.09,0.45,0.09,0.27,20.0,0.55,33.33,0.09,0.0,0.0,0.0,0.09,0.0,0.0,0.0,0.0,0.0,0.0,0.0,0.0,0.0,1.73,1.45,1.18,0.27,0.73,0.0,0.0,0.0,0.0,0.0,0.09,0.0,0.0,0.82,35.09,31.82,3.27,90.67,14.91,16.91,9.64,0.0,0.0,2.27,78.13,11,10,813,0.09,0.09,1.64,0.64,5.73,0.64,3.82,47.19,2.82,41.89,1.0,73.33
150,1597145,Ligue 1,Stade Rennais,Abdelhamid Ait Boudlal,Defender,6.88,0.1,0.09,0.1,0.65,0.2,0.4,15.38,0.5,55.56,0.1,0.0,0.05,0.0,0.05,0.0,0.05,0.0,0.0,0.0,0.0,0.0,0.0,0.0,1.1,0.95,4.35,0.85,0.3,0.0,0.1,0.0,0.0,0.1,0.05,0.05,0.0,0.05,41.0,36.35,4.65,88.66,28.35,8.0,2.2,0.05,50.0,2.0,53.33,20,17,1415,0.15,0.05,0.7,0.5,6.4,0.2,4.0,56.34,2.1,57.53,1.9,55.07
151,149732,Ligue 1,Le Havre,Abdoulaye Touré,Midfielder,6.87,0.18,0.14,0.18,1.18,0.36,0.36,15.38,0.27,33.33,0.09,0.09,0.0,0.09,0.09,0.09,0.0,0.0,0.09,0.0,0.0,0.0,0.0,0.0,1.09,0.82,1.45,0.36,0.09,0.0,0.09,0.0,0.0,0.27,0.0,0.0,0.0,0.27,27.0,23.55,3.45,87.21,10.64,12.91,6.91,0.09,7.69,1.91,80.77,11,8,741,0.18,0.0,1.18,1.55,7.64,0.64,3.55,54.17,2.91,55.17,0.64,50.0
152,982319,Ligue 1,Paris FC,Moustapha Mbow,Defender,6.87,0.0,0.02,0.03,0.32,0.1,0.19,0.0,0.19,85.71,0.0,0.0,0.0,0.0,0.0,0.0,0.03,0.0,0.0,0.0,0.0,0.0,0.0,0.0,1.68,1.26,5.16,0.94,0.35,0.0,0.06,0.1,0.0,0.26,0.03,0.03,0.0,0.13,51.32,47.06,4.26,91.7,35.03,12.03,3.35,0.06,100.0,3.32,62.05,31,30,2716,0.16,0.0,0.9,0.52,5.26,0.26,4.35,62.5,2.35,60.83,2.0,64.58
153,934498,Ligue 1,Lille,Félix Correia,Midfielder,6.87,0.12,0.16,0.21,1.09,0.26,0.5,10.81,0.5,35.42,0.09,0.03,0.0,0.0,0.12,0.06,0.09,0.0,0.0,0.0,0.0,0.0,0.0,0.0,0.85,0.62,0.32,0.06,0.35,0.03,0.03,0.03,0.0,0.0,0.29,0.15,0.0,1.12,25.44,20.03,5.41,78.73,5.53,14.5,9.26,0.74,29.76,1.06,63.16,34,26,2068,0.06,0.0,0.41,0.82,10.03,0.59,2.47,47.19,2.15,49.66,0.32,35.48
154,822708,Ligue 1,RC Lens,Amadou Haidara,Midfielder,6.87,0.14,0.02,0.0,0.29,0.29,0.0,50.0,0.0,0.0,0.14,0.0,0.0,0.14,0.0,0.0,0.0,0.0,0.0,0.0,0.0,0.0,0.0,0.0,0.0,0.29,0.71,0.14,0.14,0.0,0.0,0.0,0.0,0.0,0.0,0.14,0.0,0.29,17.86,15.86,2.0,88.8,6.57,9.29,4.86,0.0,0.0,0.57,66.67,7,2,257,0.0,0.0,0.57,0.29,2.43,0.14,1.0,43.75,0.29,25.0,0.71,62.5
155,128587,Ligue 1,Lille,Thomas Meunier,Defender,6.86,0.04,0.05,0.0,0.72,0.16,0.32,5.56,0.48,60.0,0.04,0.0,0.0,0.04,0.0,0.0,0.08,0.0,0.0,0.0,0.0,0.0,0.0,0.0,1.24,0.64,2.08,0.08,0.48,0.0,0.0,0.0,0.0,0.36,0.24,0.08,0.0,0.72,41.08,34.0,7.08,82.77,15.84,18.16,10.32,0.4,20.41,2.04,54.84,25,21,1915,0.12,0.0,1.16,0.12,11.48,0.44,2.52,46.67,1.84,43.4,0.68,58.62
156,867575,Ligue 1,Metz,Koffi Kouao,Defender,6.86,0.07,0.06,0.04,0.85,0.37,0.33,8.7,1.11,71.43,0.07,0.0,0.04,0.0,0.04,0.04,0.11,0.04,0.0,0.0,0.0,0.0,0.0,0.0,2.67,1.07,2.56,0.48,1.37,0.0,0.04,0.04,0.04,0.22,0.07,0.04,0.0,0.41,40.15,34.7,5.44,86.44,19.15,15.56,7.93,0.3,13.56,2.19,50.86,27,27,2273,0.37,0.0,1.19,1.22,10.3,0.59,5.3,56.52,4.96,58.26,0.33,39.13
157,962068,Ligue 1,RC Strasbourg,Sebastian Nanasi,Midfielder,6.86,0.37,0.22,0.32,1.0,0.58,0.32,36.84,0.42,44.44,0.37,0.0,0.05,0.16,0.16,0.05,0.05,0.0,0.0,0.0,0.0,0.0,0.0,0.0,0.63,0.32,0.74,0.16,0.63,0.0,0.0,0.0,0.0,0.05,0.16,0.11,0.0,0.89,21.42,17.79,3.63,83.05,7.11,10.68,7.11,0.16,12.5,0.47,52.94,19,11,1060,0.0,0.0,0.42,0.16,6.58,0.32,1.32,36.23,1.21,38.98,0.11,20.0
158,1119487,Ligue 1,Lille,Nathan Ngoy,Defender,6.86,0.03,0.04,0.07,0.76,0.21,0.31,4.55,0.24,77.78,0.03,0.0,0.0,0.0,0.03,0.03,0.0,0.0,0.0,0.0,0.0,0.0,0.0,0.0,1.14,1.24,3.41,0.45,0.41,0.0,0.17,0.0,0.0,0.31,0.1,0.07,0.0,0.14,56.83,51.97,4.86,91.44,36.66,15.31,4.1,0.03,20.0,3.21,53.76,29,27,2412,0.34,0.03,0.69,0.38,5.52,0.07,2.76,58.82,1.76,59.3,1.0,58.0
159,191188,Ligue 1,Stade Rennais,Seko Fofana,Midfielder,6.86,0.08,0.09,0.0,0.75,0.25,0.42,11.11,1.0,60.0,0.08,0.0,0.0,0.08,0.0,0.08,0.0,0.0,0.0,0.0,0.0,0.0,0.0,0.0,0.25,0.33,0.58,0.08,0.33,0.0,0.0,0.0,0.0,0.08,0.0,0.0,0.0,0.92,30.0,27.33,2.67,91.11,10.25,17.08,8.5,0.08,14.29,0.67,61.54,12,7,668,0.0,0.0,0.25,1.08,5.25,0.58,3.0,60.0,2.33,56.0,0.67,80.0
160,1868591,Ligue 1,AS Monaco,Aladji Bamba,Midfielder,6.86,0.0,0.01,0.0,0.11,0.06,0.0,0.0,0.78,70.0,0.0,0.0,0.0,0.0,0.0,0.0,0.0,0.0,0.0,0.0,0.0,0.0,0.0,0.0,1.83,0.39,0.83,0.0,0.72,0.0,0.06,0.0,0.0,0.0,0.22,0.11,0.0,0.72,28.61,23.44,5.17,81.94,10.67,12.78,5.78,0.11,50.0,1.06,82.61,18,10,830,0.11,0.0,1.28,1.0,7.28,0.56,4.56,54.67,3.61,55.56,0.94,51.52
161,1049515,Ligue 1,Stade Rennais,Alidu Seidu,Defender,6.86,0.0,0.01,0.0,0.24,0.05,0.19,0.0,0.33,50.0,0.0,0.0,0.0,0.0,0.0,0.05,0.14,0.0,0.0,0.0,0.0,0.0,0.0,0.0,1.67,0.81,1.71,0.1,0.38,0.05,0.1,0.0,0.0,0.1,0.14,0.05,0.0,0.38,36.05,33.1,2.95,91.81,17.0,16.1,7.48,0.19,36.36,1.62,69.39,21,13,1185,0.05,0.0,0.76,1.48,5.62,0.48,4.14,62.59,3.48,65.18,0.67,51.85
162,962883,Ligue 1,AS Monaco,Ansu Fati,Forward,6.86,0.44,0.38,0.36,1.72,0.96,0.36,25.58,0.56,48.28,0.32,0.12,0.04,0.12,0.28,0.0,0.12,0.0,0.16,0.12,75.0,0.0,0.0,0.0,0.6,0.16,0.36,0.0,0.4,0.0,0.04,0.0,0.0,0.0,0.12,0.0,0.0,0.6,17.08,14.12,2.96,82.67,4.56,9.56,5.52,0.08,25.0,0.56,60.87,25,10,1086,0.04,0.0,0.36,0.24,5.76,0.56,1.96,44.55,1.4,43.21,0.56,48.28
163,890329,Ligue 1,Nantes,Ignatius Kpene Ganago,Forward,6.85,0.23,0.26,0.31,1.69,0.54,0.69,13.64,0.54,58.33,0.15,0.08,0.0,0.0,0.23,0.15,0.23,0.0,0.08,0.08,100.0,0.0,0.0,0.0,0.38,0.15,0.62,0.08,0.0,0.0,0.0,0.0,0.0,0.15,0.08,0.08,0.0,0.46,11.46,7.46,4.0,65.1,2.69,4.77,3.31,0.08,10.0,0.0,0.0,13,10,841,0.08,0.0,0.85,1.0,7.69,0.54,4.54,52.21,1.77,51.11,2.77,52.94
164,867441,Ligue 1,Olympique de Marseille,Angel Gomes,Midfielder,6.85,0.21,0.1,0.21,0.79,0.36,0.29,27.27,0.43,66.67,0.07,0.14,0.0,0.0,0.21,0.0,0.0,0.0,0.0,0.0,0.0,0.07,0.07,100.0,0.71,0.29,0.14,0.0,0.36,0.0,0.0,0.0,0.0,0.07,0.07,0.0,0.0,1.29,41.57,37.79,3.79,90.89,13.93,23.86,11.43,0.14,28.57,1.29,69.23,14,12,892,0.29,0.0,1.36,0.86,5.5,0.36,2.36,45.21,2.0,47.46,0.36,35.71
165,1426222,Ligue 1,RC Lens,Fode Sylla,Midfielder,6.85,0.0,0.0,0.0,0.0,0.0,0.0,0.0,0.0,0.0,0.0,0.0,0.0,0.0,0.0,0.0,0.0,0.0,0.0,0.0,0.0,0.0,0.0,0.0,2.25,0.75,0.75,0.0,0.0,0.0,0.0,0.0,0.0,0.0,0.0,0.0,0.0,0.25,14.0,11.75,2.25,83.93,7.75,4.0,1.75,0.0,0.0,0.25,100.0,4,1,103,0.0,0.0,0.75,0.0,2.75,0.25,2.75,64.71,2.25,64.29,0.5,66.67
166,1035695,Ligue 1,Le Havre,Fodé Doucouré,Midfielder,6.85,0.12,0.08,0.08,0.77,0.31,0.19,15.0,0.27,35.0,0.12,0.0,0.0,0.0,0.12,0.0,0.08,0.0,0.0,0.0,0.0,0.0,0.0,0.0,1.38,0.35,0.85,0.04,0.42,0.0,0.0,0.0,0.0,0.0,0.08,0.04,0.0,0.69,16.62,13.46,3.15,81.02,5.88,7.58,3.96,0.58,19.74,0.65,45.95,26,15,1242,0.08,0.0,0.54,0.15,7.65,0.38,2.15,49.56,1.77,49.46,0.38,50.0
167,318963,Ligue 1,AS Monaco,Aleksandr Golovin,Midfielder,6.85,0.2,0.15,0.12,1.36,0.72,0.28,14.71,0.76,61.29,0.2,0.0,0.0,0.12,0.08,0.0,0.08,0.0,0.0,0.0,0.0,0.0,0.04,0.0,1.04,0.96,0.44,0.2,0.72,0.0,0.04,0.0,0.0,0.12,0.08,0.2,0.0,0.96,29.36,24.24,5.12,82.56,7.16,17.08,10.4,0.32,21.62,0.84,60.0,25,21,1661,0.08,0.04,1.2,0.72,9.4,0.6,2.72,43.59,2.52,45.99,0.2,26.32
168,980406,Ligue 1,Le Havre,Étienne Youte Kinkoue,Defender,6.85,0.0,0.0,0.0,0.0,0.0,0.0,0.0,0.0,0.0,0.0,0.0,0.0,0.0,0.0,0.0,0.0,0.0,0.0,0.0,0.0,0.0,0.0,0.0,0.67,0.11,3.78,1.0,0.11,0.0,0.11,0.0,0.0,0.33,0.0,0.0,0.0,0.11,22.33,18.78,3.56,84.08,13.33,5.44,1.0,0.0,0.0,2.22,47.62,9,4,434,0.22,0.0,0.33,0.11,3.67,0.0,1.11,55.56,0.78,63.64,0.33,42.86
169,913942,Ligue 1,Auxerre,Romain Faivre,Midfielder,6.85,0.0,0.06,0.0,1.1,0.3,0.5,0.0,1.2,54.55,0.0,0.0,0.0,0.0,0.0,0.0,0.2,0.0,0.0,0.0,0.0,0.0,0.0,0.0,0.7,0.5,0.5,0.1,0.3,0.0,0.0,0.0,0.0,0.0,0.2,0.2,0.0,1.0,17.8,14.6,3.2,82.02,5.7,8.9,6.2,0.4,28.57,1.0,83.33,10,7,587,0.0,0.0,0.5,1.1,7.9,0.3,3.3,61.11,3.0,58.82,0.3,100.0
170,352802,Ligue 1,Paris FC,Maxime López,Midfielder,6.84,0.0,0.05,0.04,0.5,0.23,0.08,0.0,0.35,36.0,0.0,0.0,0.0,0.0,0.0,0.0,0.19,0.0,0.0,0.0,0.0,0.0,0.0,0.0,0.88,0.42,0.38,0.12,0.58,0.04,0.04,0.0,0.0,0.15,0.46,0.12,0.0,1.65,65.62,58.62,7.0,89.33,28.23,30.38,14.23,0.73,23.17,2.77,56.25,26,22,1960,0.42,0.0,1.0,0.31,11.77,0.54,1.62,36.84,1.54,37.38,0.08,28.57
171,1131540,Ligue 1,Lorient,Théo Le Bris,Midfielder,6.84,0.07,0.06,0.07,0.61,0.25,0.29,11.76,0.39,47.83,0.07,0.0,0.04,0.0,0.04,0.0,0.0,0.0,0.0,0.0,0.0,0.0,0.0,0.0,1.43,0.61,1.5,0.07,0.54,0.0,0.0,0.0,0.0,0.07,0.07,0.07,0.0,0.46,22.36,19.29,3.07,86.26,7.68,11.61,6.46,0.5,17.28,0.39,61.11,28,22,1898,0.0,0.0,0.32,0.25,7.29,0.14,2.32,55.56,2.07,59.18,0.25,36.84
172,963299,Ligue 1,Nantes,Johann Lepenant,Midfielder,6.84,0.0,0.03,0.0,0.78,0.26,0.3,0.0,0.37,34.48,0.0,0.0,0.0,0.0,0.0,0.0,0.0,0.0,0.0,0.0,0.0,0.0,0.0,0.0,2.93,1.0,0.78,0.11,1.78,0.0,0.11,0.0,0.0,0.19,0.15,0.04,0.0,1.22,30.48,24.44,6.04,80.19,11.52,12.93,7.07,0.89,32.0,1.59,50.0,27,23,2175,0.15,0.0,1.11,1.78,11.22,0.81,5.56,52.63,5.0,53.15,0.56,48.39
173,802138,Ligue 1,Lorient,Jean Victor Makengo,Forward,6.84,0.13,0.1,0.0,1.23,0.45,0.45,10.53,0.77,58.54,0.1,0.03,0.0,0.1,0.03,0.06,0.0,0.0,0.0,0.0,0.0,0.0,0.0,0.0,0.9,0.29,0.74,0.03,0.29,0.0,0.03,0.0,0.03,0.0,0.03,0.06,0.0,0.81,18.23,15.1,3.13,82.83,5.61,9.48,5.65,0.16,29.41,0.45,50.0,31,23,1813,0.06,0.0,0.39,1.13,6.0,0.61,3.19,56.9,2.81,60.42,0.39,40.0
174,1049538,Ligue 1,Angers,Ousmane Camara,Defender,6.84,0.03,0.02,0.0,0.41,0.16,0.22,7.69,0.09,60.0,0.03,0.0,0.0,0.0,0.03,0.0,0.03,0.0,0.0,0.0,0.0,0.0,0.0,0.0,1.47,0.97,5.5,0.78,0.22,0.03,0.03,0.03,0.0,0.31,0.0,0.0,0.0,0.12,42.56,38.56,4.0,90.6,30.88,7.69,1.06,0.0,0.0,1.31,41.58,32,31,2719,0.12,0.0,0.69,0.22,4.78,0.06,3.47,58.12,1.75,65.12,1.72,52.38
175,257205,Ligue 1,Le Havre,Sofiane Boufal,Forward,6.84,0.06,0.09,0.06,1.12,0.24,0.53,5.26,1.47,42.37,0.06,0.0,0.0,0.0,0.06,0.12,0.35,0.06,0.06,0.0,0.0,0.0,0.12,0.0,1.47,0.18,0.24,0.0,0.88,0.0,0.0,0.0,0.0,0.0,0.41,0.24,0.0,1.65,20.41,15.47,4.94,75.79,5.88,9.59,6.12,0.82,23.33,0.82,40.0,17,13,1028,0.12,0.0,1.41,1.88,13.59,1.24,5.06,47.78,4.82,47.13,0.24,66.67
176,1402698,Ligue 1,Lille,Ethan Mbappé,Midfielder,6.84,0.17,0.08,0.11,0.78,0.39,0.17,21.43,0.33,30.0,0.17,0.0,0.0,0.17,0.0,0.0,0.06,0.0,0.0,0.0,0.0,0.0,0.06,0.0,0.78,0.17,0.06,0.0,0.5,0.0,0.0,0.0,0.0,0.0,0.11,0.06,0.0,0.83,13.17,10.89,2.28,82.7,2.94,7.94,4.67,0.72,38.24,0.33,50.0,18,4,568,0.06,0.0,0.39,0.5,5.56,0.5,1.61,40.85,1.61,42.65,0.0,0.0
177,1638338,Ligue 1,RC Strasbourg,Gessime Yassine,Midfielder,6.83,0.0,0.07,0.08,0.67,0.08,0.33,0.0,0.83,34.48,0.0,0.0,0.0,0.0,0.0,0.0,0.08,0.08,0.0,0.0,0.0,0.0,0.0,0.0,1.92,0.17,0.08,0.0,0.5,0.0,0.08,0.0,0.0,0.0,0.25,0.08,0.0,0.67,14.92,12.33,2.58,82.68,3.92,8.42,5.58,0.33,21.05,0.08,25.0,12,6,514,0.0,0.0,0.75,1.58,8.0,1.0,4.33,53.61,4.33,53.61,0.0,0.0
178,945830,Ligue 1,Olympique de Marseille,Himad Abdelli,Midfielder,6.83,0.1,0.1,0.0,0.71,0.29,0.24,13.33,0.71,45.45,0.1,0.0,0.0,0.0,0.1,0.0,0.05,0.0,0.1,0.1,100.0,0.0,0.0,0.0,1.14,0.76,0.57,0.14,0.33,0.0,0.05,0.0,0.0,0.14,0.0,0.0,0.0,0.43,33.76,29.57,4.19,87.59,15.19,14.38,6.76,0.14,30.0,1.1,56.1,21,12,1096,0.1,0.0,0.9,0.57,6.81,0.57,2.86,50.42,2.43,48.11,0.43,69.23
179,806076,Ligue 1,Stade Rennais,Ludovic Blas,Midfielder,6.83,0.16,0.16,0.06,1.47,0.44,0.5,10.64,0.84,50.94,0.16,0.0,0.0,0.16,0.0,0.03,0.16,0.0,0.06,0.06,100.0,0.0,0.03,0.0,0.66,0.53,0.25,0.06,0.62,0.0,0.03,0.0,0.0,0.03,0.34,0.12,0.0,1.5,20.25,16.81,3.44,83.02,5.56,11.25,6.66,0.84,28.42,0.69,55.0,32,15,1548,0.0,0.0,0.75,0.84,8.47,0.84,2.53,41.75,2.34,43.6,0.19,27.27
180,988907,Ligue 1,Stade Rennais,Lilian Brassier,Defender,6.83,0.0,0.03,0.04,0.37,0.07,0.22,0.0,0.26,46.67,0.0,0.0,0.0,0.0,0.0,0.0,0.0,0.0,0.0,0.0,0.0,0.0,0.0,0.0,1.11,1.41,2.89,0.85,0.07,0.04,0.04,0.0,0.0,0.26,0.11,0.04,0.0,0.48,58.3,50.11,8.19,85.96,30.48,19.63,8.3,0.22,25.0,1.85,32.05,27,25,2252,0.07,0.0,1.0,0.78,11.3,0.41,3.52,57.23,2.11,54.81,1.41,61.29
181,973838,Ligue 1,Olympique Lyonnais,Abner Vinícius,Defender,6.83,0.12,0.06,0.08,0.65,0.27,0.12,17.65,0.35,40.91,0.08,0.04,0.0,0.04,0.08,0.0,0.04,0.0,0.0,0.0,0.0,0.0,0.0,0.0,1.31,0.27,1.54,0.15,0.54,0.0,0.04,0.0,0.0,0.38,0.19,0.08,0.08,0.88,38.5,32.54,5.96,84.52,12.58,19.96,10.96,0.73,29.69,1.85,58.54,26,25,2164,0.15,0.04,0.88,0.23,10.08,0.42,2.42,42.86,1.88,44.95,0.54,36.84
182,847983,Ligue 1,Stade Rennais,Sebastian Szymański,Midfielder,6.83,0.06,0.04,0.0,0.75,0.31,0.25,8.33,0.19,33.33,0.06,0.0,0.0,0.06,0.0,0.0,0.25,0.0,0.0,0.0,0.0,0.0,0.19,0.0,1.44,0.19,0.25,0.19,0.25,0.0,0.0,0.0,0.0,0.0,0.31,0.19,0.06,1.25,21.56,17.0,4.56,78.84,7.69,9.31,5.94,0.56,15.79,0.62,45.45,16,10,786,0.12,0.0,0.81,0.75,9.25,0.5,2.56,50.0,2.38,55.88,0.19,21.43
183,1022084,Ligue 1,Olympique Lyonnais,Tanner Tessmann,Midfielder,6.83,0.03,0.08,0.1,0.9,0.28,0.48,3.85,0.31,50.0,0.03,0.0,0.0,0.03,0.0,0.03,0.1,0.0,0.0,0.0,0.0,0.0,0.0,0.0,1.0,0.48,1.86,0.45,0.45,0.03,0.03,0.0,0.0,0.38,0.1,0.0,0.0,0.45,37.62,32.34,5.28,85.98,17.55,14.79,6.34,0.1,18.75,1.72,53.76,29,22,1960,0.07,0.0,0.72,0.66,7.62,0.52,2.83,51.57,1.97,50.0,0.86,55.56
184,1012657,Ligue 1,Le Havre,Lucas Gourna-Douath,Midfielder,6.83,0.0,0.01,0.0,0.6,0.13,0.27,0.0,0.53,50.0,0.0,0.0,0.0,0.0,0.0,0.0,0.13,0.0,0.0,0.0,0.0,0.0,0.0,0.0,1.73,0.93,1.07,0.73,0.87,0.0,0.2,0.2,0.0,0.13,0.0,0.0,0.0,0.4,37.33,32.47,4.87,86.96,17.13,15.33,5.93,0.13,40.0,1.93,63.04,15,14,1275,0.33,0.0,1.6,2.33,7.6,0.73,5.6,56.38,4.6,56.1,1.0,57.69
185,770677,Ligue 1,AS Monaco,Denis Zakaria,Midfielder,6.83,0.08,0.07,0.12,0.75,0.12,0.38,11.11,0.33,53.33,0.08,0.0,0.04,0.0,0.04,0.04,0.0,0.0,0.0,0.0,0.0,0.0,0.0,0.0,1.58,1.67,2.67,0.62,0.5,0.0,0.08,0.0,0.04,0.12,0.04,0.04,0.0,0.25,46.29,43.17,3.12,93.25,23.0,20.17,6.54,0.04,8.33,0.88,52.5,24,23,2033,0.17,0.04,1.08,0.29,5.46,0.46,2.83,49.64,2.21,49.07,0.62,51.72
186,1087805,Ligue 1,Auxerre,Marvin Senaya,Defender,6.82,0.04,0.06,0.08,0.6,0.2,0.12,6.67,0.12,14.29,0.04,0.0,0.0,0.0,0.04,0.0,0.04,0.0,0.0,0.0,0.0,0.0,0.0,0.0,2.28,1.36,3.08,0.56,0.56,0.0,0.04,0.0,0.0,0.12,0.0,0.0,0.0,0.24,25.0,19.08,5.92,76.32,11.44,7.64,3.4,0.44,26.19,1.32,37.08,25,20,1784,0.2,0.0,1.04,1.28,10.48,0.36,5.36,61.47,3.6,59.21,1.76,66.67
187,1895833,Ligue 1,Le Havre,Noam Obougou Jacquet,Forward,6.82,0.2,0.03,0.0,0.8,0.6,0.0,25.0,0.4,66.67,0.2,0.0,0.0,0.2,0.0,0.0,0.0,0.2,0.0,0.0,0.0,0.0,0.0,0.0,0.0,0.2,0.0,0.0,0.0,0.0,0.0,0.0,0.0,0.0,0.0,0.0,0.0,0.0,2.6,1.2,1.4,46.15,0.2,1.0,0.8,0.0,0.0,0.0,0.0,5,0,99,0.0,0.0,1.0,0.6,4.2,0.2,2.0,45.45,1.0,41.67,1.0,50.0
188,1462778,Ligue 1,Angers,Lilian Raolisoa,Defender,6.82,0.06,0.03,0.0,0.53,0.19,0.12,11.76,0.53,42.5,0.03,0.03,0.0,0.0,0.06,0.0,0.03,0.0,0.0,0.0,0.0,0.0,0.03,0.0,1.62,0.47,1.44,0.12,0.53,0.0,0.0,0.0,0.0,0.06,0.25,0.12,0.0,0.69,20.44,15.09,5.34,73.85,6.91,8.19,3.88,0.56,18.18,0.75,40.0,32,21,1976,0.09,0.0,0.84,0.53,11.22,0.59,3.62,52.02,2.69,50.59,0.94,56.6
189,825681,Ligue 1,Stade Brestois,Romain Del Castillo,Midfielder,6.82,0.28,0.25,0.12,1.03,0.41,0.41,27.27,0.91,33.72,0.28,0.0,0.0,0.25,0.03,0.0,0.16,0.0,0.25,0.19,75.0,0.0,0.09,0.0,1.84,0.94,0.72,0.03,1.19,0.0,0.06,0.0,0.0,0.12,0.34,0.09,0.0,1.78,32.06,24.03,8.03,74.95,8.56,15.47,9.12,1.53,24.62,1.03,45.83,32,32,2643,0.06,0.03,0.88,1.34,18.47,1.19,5.03,45.74,4.09,45.17,0.94,48.39
190,983066,Ligue 1,RC Strasbourg,Andrew Omobamidele,Defender,6.82,0.04,0.02,0.04,0.16,0.12,0.04,25.0,0.0,0.0,0.04,0.0,0.0,0.04,0.0,0.0,0.0,0.0,0.0,0.0,0.0,0.0,0.0,0.0,0.28,0.68,2.92,0.36,0.04,0.0,0.0,0.0,0.0,0.12,0.0,0.0,0.0,0.0,47.24,45.52,1.72,96.36,37.28,8.24,1.04,0.0,0.0,0.52,68.42,25,13,1375,0.16,0.0,0.52,0.4,2.12,0.04,1.8,63.38,0.68,50.0,1.12,75.68
191,860307,Ligue 1,Olympique de Marseille,Facundo Medina,Defender,6.82,0.0,0.02,0.06,0.24,0.06,0.18,0.0,0.24,57.14,0.0,0.0,0.0,0.0,0.0,0.0,0.0,0.0,0.0,0.0,0.0,0.0,0.0,0.0,1.12,1.35,3.18,0.76,0.59,0.0,0.06,0.06,0.06,0.18,0.12,0.06,0.0,0.41,61.35,56.06,5.29,91.37,29.0,27.06,10.12,0.06,7.14,2.35,51.28,17,16,1376,0.41,0.0,1.41,0.59,7.94,0.18,2.53,47.25,1.94,46.48,0.59,50.0
192,802142,Ligue 1,Paris FC,Jonathan Ikoné,Forward,6.81,0.13,0.13,0.17,1.09,0.26,0.39,12.0,0.78,52.94,0.13,0.0,0.04,0.04,0.04,0.0,0.13,0.0,0.0,0.0,0.0,0.0,0.0,0.0,0.74,0.17,0.3,0.04,0.57,0.0,0.0,0.0,0.0,0.0,0.26,0.04,0.0,0.61,17.22,14.43,2.78,83.84,6.13,8.3,4.87,0.04,16.67,0.35,66.67,23,13,1102,0.09,0.0,0.57,0.78,5.57,0.74,2.52,46.4,2.3,49.07,0.22,29.41
193,1402217,Ligue 1,Lorient,Panos Katseris,Midfielder,6.81,0.06,0.05,0.0,0.44,0.25,0.06,14.29,0.62,40.0,0.06,0.0,0.0,0.0,0.06,0.0,0.12,0.0,0.0,0.0,0.0,0.0,0.0,0.0,0.75,0.69,1.12,0.06,0.75,0.0,0.0,0.0,0.0,0.06,0.31,0.12,0.0,0.62,15.75,12.56,3.19,79.76,6.12,6.44,3.5,0.62,24.39,0.38,40.0,16,8,749,0.19,0.0,0.81,0.88,7.94,0.44,2.62,42.42,2.19,43.21,0.44,38.89
194,1120615,Ligue 1,Nice,Antoine Mendy,Defender,6.81,0.04,0.09,0.2,0.68,0.28,0.2,5.88,0.24,37.5,0.0,0.04,0.0,0.0,0.04,0.0,0.04,0.0,0.0,0.0,0.0,0.0,0.0,0.0,2.16,0.72,4.8,0.72,0.84,0.08,0.12,0.04,0.0,0.16,0.0,0.0,0.0,0.04,48.12,40.96,7.16,85.12,26.2,14.76,4.68,0.04,5.0,2.12,41.73,25,24,2098,0.2,0.0,1.2,0.92,10.36,0.28,5.84,59.59,3.28,56.16,2.56,64.65
195,985923,Ligue 1,Nice,Hicham Boudaoui,Midfielder,6.81,0.04,0.06,0.12,0.84,0.36,0.28,4.76,0.6,48.39,0.04,0.0,0.0,0.0,0.04,0.0,0.08,0.0,0.0,0.0,0.0,0.0,0.0,0.0,1.08,0.68,0.96,0.36,0.56,0.0,0.08,0.0,0.0,0.04,0.12,0.08,0.0,0.68,27.96,23.44,4.52,83.83,11.68,11.76,5.52,0.24,31.58,0.88,40.74,25,18,1694,0.24,0.0,0.76,1.6,8.08,0.88,3.8,53.67,3.28,53.59,0.52,54.17
196,1035988,Ligue 1,Le Havre,Arouna Sangante,Defender,6.81,0.04,0.02,0.04,0.32,0.18,0.11,11.11,0.14,44.44,0.04,0.0,0.04,0.0,0.0,0.0,0.0,0.0,0.0,0.0,0.0,0.0,0.0,0.0,1.46,1.36,4.32,0.54,0.46,0.0,0.14,0.04,0.0,0.14,0.0,0.04,0.0,0.36,50.86,43.57,7.29,85.67,27.36,16.21,4.89,0.04,12.5,2.39,40.85,28,28,2333,0.14,0.07,1.5,1.46,8.96,0.32,5.04,56.85,3.04,57.05,2.0,56.57
197,363042,Ligue 1,Angers,Jordan Lefort,Defender,6.81,0.0,0.02,0.0,0.29,0.03,0.21,0.0,0.29,62.5,0.0,0.0,0.0,0.0,0.0,0.0,0.06,0.0,0.0,0.0,0.0,0.0,0.03,0.0,1.5,1.41,5.21,0.47,0.62,0.0,0.09,0.03,0.0,0.29,0.09,0.06,0.03,0.26,56.82,49.21,7.62,86.59,37.62,11.59,3.65,0.29,41.67,3.03,42.74,34,34,3060,0.06,0.0,0.65,0.56,9.62,0.26,3.41,59.18,2.32,57.66,1.09,62.71
198,802034,Ligue 1,Nantes,Fabien Centonze,Defender,6.81,0.2,0.09,0.0,0.53,0.2,0.2,37.5,0.27,26.67,0.2,0.0,0.0,0.07,0.13,0.0,0.07,0.0,0.0,0.0,0.0,0.0,0.0,0.0,2.07,1.53,2.13,0.13,0.53,0.0,0.07,0.0,0.0,0.07,0.07,0.0,0.0,0.27,13.27,10.07,3.2,75.88,3.93,6.13,3.2,0.73,36.67,0.47,53.85,15,9,765,0.27,0.0,0.87,0.53,7.73,0.2,3.53,55.21,2.87,57.33,0.67,47.62
199,844942,Ligue 1,Auxerre,Gideon Mensah,Defender,6.81,0.0,0.0,0.0,0.03,0.0,0.03,0.0,0.53,55.17,0.0,0.0,0.0,0.0,0.0,0.03,0.03,0.0,0.0,0.0,0.0,0.0,0.0,0.0,1.7,0.93,2.4,0.13,0.77,0.0,0.07,0.0,0.0,0.2,0.1,0.07,0.0,0.57,36.8,30.3,6.5,82.34,14.83,15.47,8.07,0.5,24.19,2.03,40.94,30,26,2333,0.27,0.0,1.23,1.13,11.6,0.63,3.77,50.9,3.37,52.33,0.4,41.38
200,894733,Ligue 1,Paris FC,Marshall Munetsi,Midfielder,6.81,0.27,0.24,0.27,1.27,0.6,0.47,21.05,0.33,38.46,0.27,0.0,0.0,0.07,0.13,0.0,0.07,0.07,0.0,0.0,0.0,0.0,0.0,0.0,0.87,0.2,1.67,0.13,0.47,0.0,0.13,0.07,0.0,0.2,0.0,0.07,0.0,0.47,15.87,11.33,4.53,71.43,5.4,5.93,3.6,0.0,0.0,0.27,40.0,15,11,991,0.0,0.0,0.8,0.6,7.0,0.6,3.87,46.03,1.73,41.94,2.13,50.0
201,861324,Ligue 1,Stade Brestois,Hugo Magnetti,Midfielder,6.81,0.03,0.02,0.0,0.67,0.15,0.24,4.55,0.52,62.96,0.0,0.03,0.0,0.0,0.03,0.0,0.0,0.0,0.0,0.0,0.0,0.0,0.0,0.0,2.12,1.36,1.67,0.09,1.0,0.06,0.12,0.0,0.0,0.24,0.06,0.03,0.03,0.55,33.97,28.61,5.36,84.21,15.33,13.27,6.03,0.21,28.0,1.48,44.95,33,31,2697,0.15,0.0,0.94,1.0,7.91,0.42,4.03,58.59,3.64,59.11,0.39,54.17
202,1102503,Ligue 1,Lorient,Ahmadou Bamba Dieng,Forward,6.8,0.45,0.4,0.45,2.09,1.09,0.77,21.74,0.27,37.5,0.45,0.0,0.05,0.14,0.27,0.05,0.41,0.0,0.09,0.05,50.0,0.0,0.05,0.0,0.32,0.14,0.64,0.05,0.14,0.0,0.0,0.0,0.0,0.0,0.09,0.05,0.0,0.5,8.68,6.64,2.05,76.44,3.68,2.95,1.41,0.0,0.0,0.05,50.0,22,15,1220,0.14,0.0,0.68,0.59,4.82,0.95,2.45,42.52,1.18,36.62,1.27,50.0
203,1156353,Ligue 1,Stade Brestois,Kamory Doumbia,Midfielder,6.8,0.21,0.2,0.17,1.79,0.58,0.54,11.63,0.71,30.36,0.21,0.0,0.08,0.0,0.12,0.08,0.08,0.0,0.0,0.0,0.0,0.0,0.0,0.0,2.54,0.83,0.25,0.0,1.08,0.04,0.0,0.0,0.0,0.04,0.46,0.17,0.0,1.12,28.25,23.29,4.96,82.45,10.17,13.12,6.83,0.17,20.0,1.12,64.29,24,22,1765,0.25,0.0,1.21,0.88,11.58,1.33,4.58,42.47,4.12,44.8,0.46,28.95
204,1473491,Ligue 1,Paris Saint-Germain,Senny Mayulu,Midfielder,6.8,0.15,0.16,0.23,1.35,0.42,0.69,11.43,0.62,39.02,0.15,0.0,0.04,0.08,0.04,0.12,0.04,0.0,0.0,0.0,0.0,0.0,0.0,0.0,1.85,0.42,0.19,0.04,0.35,0.0,0.0,0.0,0.0,0.15,0.27,0.15,0.0,1.5,29.5,26.31,3.19,89.18,9.08,17.23,9.69,0.31,28.57,0.81,70.0,26,21,1681,0.12,0.0,1.0,0.77,8.23,1.0,3.54,47.92,3.23,49.7,0.31,34.78
205,105951,Ligue 1,Metz,Benjamin Stambouli,Midfielder,6.8,0.0,0.02,0.0,0.32,0.05,0.21,0.0,0.53,83.33,0.0,0.0,0.0,0.0,0.0,0.0,0.0,0.0,0.0,0.0,0.0,0.0,0.0,0.0,1.21,0.42,1.26,0.26,0.68,0.0,0.16,0.0,0.0,0.0,0.05,0.0,0.0,0.42,26.32,21.58,4.74,82.0,12.89,8.68,3.32,0.05,14.29,2.26,50.0,19,10,972,0.0,0.0,0.74,0.47,6.74,0.37,2.47,53.41,2.21,56.0,0.26,38.46
206,1545023,Ligue 1,Olympique Lyonnais,Mathys de Carvalho,Midfielder,6.8,0.0,0.04,0.0,0.64,0.18,0.36,0.0,0.09,100.0,0.0,0.0,0.0,0.0,0.0,0.0,0.0,0.0,0.0,0.0,0.0,0.0,0.0,0.0,0.73,0.45,0.73,0.09,0.27,0.0,0.09,0.0,0.0,0.0,0.0,0.0,0.0,0.09,17.45,16.36,1.09,93.75,9.0,7.36,3.64,0.0,0.0,1.09,80.0,11,3,307,0.09,0.0,0.18,0.45,2.27,0.36,1.64,56.25,1.27,63.64,0.36,40.0
207,928033,Ligue 1,Nice,Charles Vanhoutte,Midfielder,6.8,0.0,0.01,0.0,0.19,0.04,0.08,0.0,0.31,50.0,0.0,0.0,0.0,0.0,0.0,0.0,0.0,0.0,0.0,0.0,0.0,0.0,0.0,0.0,1.81,0.73,1.73,0.42,0.81,0.0,0.04,0.04,0.0,0.08,0.08,0.08,0.0,0.58,37.92,32.04,5.88,84.48,15.5,16.54,7.65,0.04,7.69,1.96,60.71,26,21,1785,0.23,0.0,1.35,0.31,8.46,0.38,3.81,51.03,2.42,46.67,1.38,61.02
208,804472,Ligue 1,Nice,Pablo Rosario,Midfielder,6.8,0.0,0.09,0.0,2.0,1.0,1.0,0.0,2.0,66.67,0.0,0.0,0.0,0.0,0.0,0.0,0.0,0.0,0.0,0.0,0.0,0.0,0.0,0.0,1.0,0.0,0.0,0.0,0.0,0.0,0.0,0.0,0.0,0.0,0.0,0.0,0.0,1.0,16.0,15.0,1.0,93.75,4.0,11.0,5.0,0.0,0.0,0.0,0.0,1,0,27,0.0,0.0,0.0,0.0,4.0,0.0,3.0,60.0,3.0,75.0,0.0,0.0
209,1415436,Ligue 1,Nantes,Sékou Doucoure,Defender,6.8,0.0,0.0,0.0,0.0,0.0,0.0,0.0,0.0,0.0,0.0,0.0,0.0,0.0,0.0,0.0,0.0,0.0,0.0,0.0,0.0,0.0,0.0,0.0,0.0,3.0,5.0,1.0,0.0,0.0,1.0,0.0,0.0,0.0,0.0,0.0,0.0,0.0,30.0,26.0,4.0,86.67,24.0,2.0,0.0,0.0,0.0,0.0,0.0,1,0,45,0.0,0.0,1.0,0.0,4.0,0.0,1.0,50.0,0.0,0.0,1.0,100.0
210,801411,Ligue 1,Olympique de Marseille,Derek Cornelius,Defender,6.8,0.0,0.0,0.0,0.0,0.0,0.0,0.0,0.0,0.0,0.0,0.0,0.0,0.0,0.0,0.0,0.0,0.0,0.0,0.0,0.0,0.0,0.0,0.0,0.0,0.5,2.0,1.0,0.0,0.0,0.0,0.0,0.0,0.0,0.0,0.0,0.0,0.0,7.0,6.0,1.0,85.71,5.0,1.0,0.0,0.0,0.0,0.0,0.0,2,0,57,0.0,0.0,0.0,1.0,1.0,0.0,1.0,66.67,1.0,100.0,0.0,0.0
211,873221,Ligue 1,Le Havre,Ayumu Seko,Defender,6.8,0.0,0.03,0.03,0.57,0.2,0.3,0.0,0.07,50.0,0.0,0.0,0.0,0.0,0.0,0.0,0.03,0.0,0.0,0.0,0.0,0.0,0.0,0.0,1.4,1.23,3.87,0.23,0.47,0.0,0.0,0.0,0.03,0.23,0.03,0.0,0.0,0.33,38.23,32.37,5.87,84.66,20.87,11.5,5.27,0.03,20.0,2.5,47.47,30,29,2625,0.2,0.0,0.93,0.67,6.73,0.07,3.3,60.37,2.13,58.72,1.17,63.64
212,787505,Ligue 1,Olympique de Marseille,Benjamin Pavard,Defender,6.8,0.04,0.03,0.0,0.41,0.11,0.19,9.09,0.0,0.0,0.04,0.0,0.04,0.0,0.0,0.0,0.15,0.0,0.0,0.0,0.0,0.0,0.0,0.0,1.04,0.93,2.78,0.44,0.19,0.04,0.0,0.07,0.04,0.26,0.11,0.07,0.0,0.41,49.67,45.3,4.37,91.2,24.7,20.59,7.67,0.07,12.5,1.19,45.07,27,22,1952,0.22,0.0,0.81,0.56,5.63,0.0,3.19,60.99,1.56,59.15,1.63,62.86
213,805096,Ligue 1,Auxerre,Francisco Sierralta,Defender,6.8,0.1,0.1,0.0,0.7,0.2,0.2,14.29,0.2,100.0,0.1,0.0,0.1,0.0,0.0,0.0,0.0,0.0,0.0,0.0,0.0,0.0,0.0,0.0,1.4,0.8,5.6,0.5,0.4,0.0,0.0,0.0,0.0,0.2,0.0,0.0,0.0,0.2,40.5,36.3,4.2,89.63,27.5,8.8,2.1,0.0,0.0,1.3,43.33,10,9,862,0.2,0.0,0.8,0.5,4.6,0.0,5.3,68.83,2.1,65.63,3.2,71.11
214,1012650,Ligue 1,Lorient,Souleymane Isaak Touré,Defender,6.8,0.0,0.0,0.0,0.0,0.0,0.0,0.0,0.0,0.0,0.0,0.0,0.0,0.0,0.0,0.0,0.0,0.0,0.0,0.0,0.0,0.0,0.0,0.0,0.0,0.0,1.0,0.0,0.0,0.0,0.0,0.0,0.0,0.0,0.0,0.0,0.0,0.0,19.0,15.0,4.0,78.95,8.0,7.0,3.0,0.0,0.0,1.0,100.0,1,0,28,0.0,0.0,0.0,0.0,4.0,0.0,0.0,0.0,0.0,0.0,0.0,0.0
215,1127590,Ligue 1,Nantes,Mohamed Kaba,Midfielder,6.8,0.0,0.08,0.25,0.92,0.5,0.42,0.0,0.5,46.15,0.0,0.0,0.0,0.0,0.0,0.08,0.0,0.0,0.0,0.0,0.0,0.0,0.0,0.0,2.33,1.17,0.25,0.25,0.83,0.0,0.08,0.0,0.0,0.17,0.33,0.17,0.0,1.0,24.33,19.25,5.08,79.11,8.0,11.25,5.25,0.0,0.0,0.83,58.82,12,11,924,0.17,0.0,1.08,2.25,8.67,1.17,6.17,56.49,4.92,57.28,1.25,53.57
216,1195782,Ligue 1,Olympique Lyonnais,Noah Nartey,Midfielder,6.8,0.18,0.1,0.0,0.45,0.18,0.09,40.0,1.27,60.87,0.18,0.0,0.0,0.09,0.09,0.0,0.09,0.0,0.0,0.0,0.0,0.0,0.0,0.0,1.0,0.18,0.27,0.0,0.82,0.0,0.09,0.0,0.0,0.27,0.0,0.0,0.0,0.27,20.73,18.09,2.64,87.28,7.27,10.82,5.82,0.0,0.0,0.55,75.0,11,5,547,0.0,0.0,0.55,0.64,6.73,1.0,3.0,45.21,2.91,49.23,0.09,12.5
217,367056,Ligue 1,Nice,Jérémie Boga,Forward,6.79,0.14,0.11,0.14,1.07,0.36,0.5,13.33,0.93,50.0,0.14,0.0,0.0,0.14,0.0,0.0,0.0,0.0,0.0,0.0,0.0,0.0,0.07,0.0,0.29,0.21,0.14,0.0,0.07,0.0,0.07,0.0,0.0,0.0,0.14,0.14,0.0,0.93,14.14,11.79,2.36,83.33,3.21,8.57,5.29,0.29,33.33,0.29,50.0,14,7,645,0.0,0.0,0.14,0.86,4.93,0.36,2.07,54.72,2.07,58.0,0.0,0.0
218,1590918,Ligue 1,Paris Saint-Germain,Ibrahim Mbaye,Forward,6.79,0.12,0.14,0.17,1.0,0.42,0.33,12.5,0.88,38.18,0.08,0.04,0.0,0.0,0.08,0.04,0.08,0.0,0.0,0.0,0.0,0.0,0.0,0.0,0.58,0.21,0.17,0.0,0.17,0.0,0.04,0.0,0.0,0.08,0.08,0.08,0.0,0.83,23.75,20.54,3.21,86.49,5.17,15.38,9.08,0.08,12.5,0.21,71.43,24,10,997,0.0,0.0,0.42,0.54,7.75,0.71,2.21,41.73,2.0,42.48,0.21,35.71
219,1423504,Ligue 1,RC Lens,Andrija Bulatovic,Midfielder,6.79,0.0,0.04,0.05,0.58,0.26,0.21,0.0,0.32,28.57,0.0,0.0,0.0,0.0,0.0,0.0,0.0,0.0,0.0,0.0,0.0,0.0,0.16,0.0,1.74,0.47,0.79,0.11,0.74,0.0,0.0,0.05,0.0,0.21,0.32,0.21,0.0,0.84,17.68,14.58,3.11,82.44,7.58,7.0,3.42,0.79,26.32,0.68,44.83,19,6,787,0.11,0.0,1.0,1.05,7.42,0.32,3.21,52.14,3.11,53.64,0.11,28.57
220,15219,Ligue 1,AS Monaco,Lukáš Hrádecký,Goalkeeper,6.79,0.0,0.0,0.0,0.0,0.0,0.0,0.0,0.0,0.0,0.0,0.0,0.0,0.0,0.0,0.0,0.0,0.0,0.0,0.0,0.0,0.0,0.0,0.0,0.06,0.0,0.94,0.0,0.0,0.06,0.0,0.0,0.0,0.12,0.0,0.0,0.0,0.0,26.65,17.82,8.82,66.89,15.82,2.0,0.53,0.0,0.0,4.06,32.09,17,17,1441,0.06,0.0,0.0,0.0,9.0,0.0,0.47,100.0,0.12,100.0,0.35,100.0
221,1473092,Ligue 1,Nice,Kojo Peprah Oppong,Defender,6.79,0.03,0.05,0.07,0.38,0.1,0.1,9.09,0.41,75.0,0.03,0.0,0.0,0.03,0.0,0.0,0.03,0.0,0.0,0.0,0.0,0.0,0.0,0.0,1.66,0.93,5.07,0.62,0.24,0.0,0.07,0.03,0.0,0.17,0.03,0.0,0.0,0.21,49.55,45.93,3.62,92.69,31.17,14.76,3.86,0.07,40.0,1.07,43.06,29,28,2428,0.14,0.0,1.07,1.03,4.52,0.28,4.9,62.83,3.07,64.03,1.83,60.92
222,922759,Ligue 1,Toulouse,Mark McKenzie,Defender,6.79,0.0,0.01,0.0,0.21,0.03,0.1,0.0,0.21,85.71,0.0,0.0,0.0,0.0,0.0,0.0,0.03,0.0,0.0,0.0,0.0,0.0,0.0,0.0,1.52,0.83,3.38,0.45,0.38,0.0,0.0,0.0,0.0,0.24,0.1,0.07,0.0,0.66,40.0,34.55,5.45,86.38,20.48,14.07,4.93,0.0,0.0,1.59,46.0,29,27,2405,0.24,0.03,1.21,0.41,8.59,0.03,3.45,55.56,2.1,57.01,1.34,53.42
223,1154657,Ligue 1,RC Strasbourg,Mamadou Sarr,Defender,6.79,0.0,0.0,0.0,0.07,0.0,0.07,0.0,0.33,71.43,0.0,0.0,0.0,0.0,0.0,0.0,0.0,0.0,0.0,0.0,0.0,0.0,0.0,0.0,1.0,0.6,4.33,0.2,0.33,0.0,0.0,0.0,0.0,0.33,0.0,0.0,0.0,0.07,65.47,62.2,3.27,95.01,48.33,13.87,2.53,0.0,0.0,2.0,60.0,15,15,1305,0.2,0.0,1.07,0.73,4.47,0.27,3.4,52.04,2.07,55.36,1.33,47.62
224,1127313,Ligue 1,Nice,Tom Louchet,Midfielder,6.79,0.11,0.11,0.07,0.78,0.22,0.22,14.29,0.44,46.15,0.07,0.04,0.0,0.07,0.04,0.04,0.0,0.0,0.0,0.0,0.0,0.0,0.0,0.0,1.3,0.37,1.0,0.15,0.44,0.0,0.0,0.0,0.0,0.0,0.3,0.07,0.0,0.74,19.78,15.59,4.19,78.84,6.74,8.85,4.3,0.48,25.0,0.74,51.28,27,14,1377,0.04,0.04,0.59,0.48,7.89,0.44,2.52,51.52,2.22,52.63,0.3,44.44
225,1198264,Ligue 1,Toulouse,Rafik Messali,Midfielder,6.79,0.0,0.0,0.0,0.0,0.0,0.0,0.0,0.33,36.36,0.0,0.0,0.0,0.0,0.0,0.0,0.0,0.0,0.0,0.0,0.0,0.0,0.0,0.0,0.83,1.0,1.58,0.17,0.17,0.0,0.0,0.0,0.0,0.08,0.08,0.0,0.0,0.25,14.75,11.17,3.58,75.71,4.33,6.83,4.08,0.08,9.09,0.42,50.0,12,5,500,0.17,0.0,0.92,0.75,6.0,0.08,2.42,51.79,1.92,53.49,0.5,46.15
226,1401702,Ligue 1,Olympique de Marseille,Ethan Nwaneri,Midfielder,6.79,0.22,0.08,0.0,1.0,0.33,0.22,22.22,0.56,31.25,0.11,0.11,0.0,0.22,0.0,0.0,0.0,0.0,0.0,0.0,0.0,0.0,0.0,0.0,0.33,0.44,0.11,0.0,0.11,0.0,0.0,0.0,0.0,0.0,0.11,0.11,0.0,0.56,14.56,12.78,1.78,87.79,3.22,9.56,5.0,0.44,44.44,0.56,100.0,9,3,322,0.11,0.0,0.44,0.11,6.44,1.11,1.11,25.64,1.0,25.71,0.11,25.0
227,54308,Ligue 1,Le Havre,Loic Négo,Defender,6.79,0.0,0.02,0.03,0.53,0.1,0.33,0.0,0.43,50.0,0.0,0.0,0.0,0.0,0.0,0.03,0.13,0.0,0.0,0.0,0.0,0.0,0.0,0.0,1.73,1.1,3.0,0.27,0.67,0.03,0.0,0.03,0.0,0.2,0.07,0.0,0.0,0.47,32.9,25.6,7.3,77.81,14.27,11.33,5.33,0.63,24.36,1.47,32.59,30,26,2347,0.1,0.0,0.6,0.6,11.3,0.27,3.4,59.3,2.73,58.57,0.67,62.5
228,361696,Ligue 1,AS Monaco,Wout Faes,Defender,6.79,0.0,0.03,0.07,0.36,0.07,0.21,0.0,0.07,50.0,0.0,0.0,0.0,0.0,0.0,0.0,0.0,0.0,0.0,0.0,0.0,0.0,0.0,0.0,1.07,1.14,3.93,0.79,0.43,0.0,0.0,0.0,0.0,0.14,0.0,0.0,0.0,0.07,55.86,51.93,3.93,92.97,29.64,22.29,6.64,0.0,0.0,1.14,48.48,14,13,1141,0.21,0.0,1.0,0.21,4.36,0.0,3.07,55.13,1.36,50.0,1.71,60.0
229,990743,Ligue 1,RC Lens,Morgan Guilavogui,Forward,6.78,0.06,0.08,0.19,0.62,0.12,0.31,10.0,0.5,53.33,0.06,0.0,0.0,0.06,0.0,0.0,0.25,0.06,0.0,0.0,0.0,0.0,0.0,0.0,0.88,0.06,0.31,0.0,0.38,0.0,0.0,0.0,0.0,0.0,0.12,0.0,0.0,0.62,13.0,10.31,2.69,79.33,3.62,6.69,4.38,0.06,33.33,0.69,78.57,16,3,485,0.19,0.06,0.94,0.75,4.38,0.06,2.75,55.7,2.12,53.97,0.62,62.5
230,1025895,Ligue 1,Nantes,Hyeok-kyu Kwon,Midfielder,6.78,0.0,0.01,0.0,0.25,0.0,0.08,0.0,0.0,0.0,0.0,0.0,0.0,0.0,0.0,0.0,0.0,0.0,0.0,0.0,0.0,0.0,0.0,0.0,1.25,0.58,2.33,0.67,0.75,0.0,0.08,0.0,0.0,0.08,0.0,0.0,0.0,0.0,18.42,16.0,2.42,86.88,11.25,4.75,1.75,0.0,0.0,0.83,55.56,12,9,764,0.17,0.0,0.92,0.83,3.5,0.33,2.75,51.56,2.0,48.98,0.75,60.0
231,1961628,Ligue 1,Olympique Lyonnais,Rémi Himbert,Midfielder,6.78,0.17,0.18,0.33,1.67,0.17,1.0,10.0,0.67,50.0,0.17,0.0,0.0,0.17,0.0,0.0,0.0,0.0,0.0,0.0,0.0,0.0,0.0,0.0,0.5,0.0,0.0,0.0,0.0,0.0,0.0,0.0,0.0,0.0,0.0,0.0,0.0,0.0,3.83,2.33,1.5,60.87,0.5,1.83,1.33,0.0,0.0,0.0,0.0,6,1,139,0.0,0.0,0.33,0.67,4.33,0.83,2.33,46.67,1.83,50.0,0.5,37.5
232,2195736,Ligue 1,Metz,Nathan Mbala,Forward,6.78,0.15,0.06,0.0,1.15,0.31,0.62,13.33,0.46,37.5,0.15,0.0,0.0,0.15,0.0,0.0,0.0,0.0,0.0,0.0,0.0,0.0,0.08,0.0,0.69,0.08,0.23,0.0,0.23,0.0,0.0,0.0,0.0,0.0,0.15,0.15,0.0,1.0,6.46,4.77,1.69,73.81,1.23,3.54,2.0,0.85,29.73,0.23,42.86,13,4,448,0.0,0.0,0.23,0.46,6.15,0.31,1.92,48.08,1.62,51.22,0.31,36.36
233,1063235,Ligue 1,Nice,Mohamed Ali Cho,Forward,6.78,0.17,0.15,0.38,1.29,0.58,0.42,12.9,0.75,34.62,0.12,0.04,0.04,0.12,0.0,0.0,0.21,0.0,0.0,0.0,0.0,0.0,0.0,0.0,0.62,0.17,0.25,0.08,0.33,0.0,0.0,0.0,0.0,0.0,0.29,0.12,0.0,0.96,19.0,15.0,4.0,78.95,6.25,8.75,5.83,0.29,18.92,0.67,66.67,24,20,1681,0.04,0.0,0.58,1.33,10.46,1.04,3.33,37.38,2.71,44.83,0.62,21.74
234,1154630,Ligue 1,Toulouse,Guillaume Restes,Goalkeeper,6.78,0.0,0.0,0.0,0.0,0.0,0.0,0.0,0.0,0.0,0.0,0.0,0.0,0.0,0.0,0.0,0.0,0.0,0.0,0.0,0.0,0.0,0.0,0.0,0.0,0.03,1.24,0.0,0.06,0.0,0.12,0.0,0.0,0.27,0.0,0.0,0.0,0.03,24.97,16.48,8.48,66.02,12.52,3.97,1.27,0.0,0.0,4.88,37.35,33,33,2940,0.09,0.0,0.0,0.24,8.73,0.0,0.36,85.71,0.18,75.0,0.18,100.0
235,904424,Ligue 1,Auxerre,Elisha Owusu,Midfielder,6.78,0.0,0.01,0.0,0.24,0.0,0.14,0.0,0.34,76.92,0.0,0.0,0.0,0.0,0.0,0.0,0.0,0.0,0.0,0.0,0.0,0.0,0.0,0.0,2.38,0.9,1.59,0.31,0.69,0.0,0.03,0.0,0.0,0.24,0.0,0.0,0.0,0.41,29.83,24.17,5.66,81.04,11.62,12.55,5.14,0.0,0.0,1.1,45.07,29,27,2353,0.24,0.0,1.69,0.76,7.41,0.52,3.93,52.05,3.48,54.89,0.45,37.14
236,1426597,Ligue 1,RC Strasbourg,Lucas Høgsberg,Defender,6.78,0.0,0.01,0.0,0.17,0.04,0.08,0.0,0.04,100.0,0.0,0.0,0.0,0.0,0.0,0.0,0.04,0.0,0.0,0.0,0.0,0.0,0.0,0.0,0.88,0.54,2.71,0.88,0.38,0.0,0.08,0.0,0.0,0.17,0.0,0.0,0.0,0.04,55.17,51.17,4.0,92.75,36.21,14.96,3.96,0.0,0.0,2.0,56.47,24,21,1796,0.08,0.04,0.67,0.54,4.67,0.08,2.12,53.68,1.38,55.93,0.75,50.0
237,997104,Ligue 1,Auxerre,Naouirou Ahamada,Midfielder,6.77,0.0,0.03,0.0,0.4,0.07,0.27,0.0,0.53,50.0,0.0,0.0,0.0,0.0,0.0,0.0,0.07,0.0,0.0,0.0,0.0,0.0,0.0,0.0,0.67,0.33,0.27,0.07,0.27,0.0,0.0,0.0,0.0,0.07,0.07,0.07,0.0,0.4,17.67,15.2,2.47,86.04,5.33,9.87,5.8,0.07,16.67,0.6,47.37,15,8,687,0.0,0.0,0.33,0.53,4.87,0.4,1.93,53.7,1.73,53.06,0.2,60.0
238,580642,Ligue 1,Angers,Haris Belkebla,Midfielder,6.77,0.0,0.01,0.0,0.15,0.0,0.09,0.0,0.55,52.94,0.0,0.0,0.0,0.0,0.0,0.0,0.0,0.03,0.0,0.0,0.0,0.0,0.0,0.0,2.18,0.97,1.36,0.24,0.91,0.03,0.15,0.0,0.0,0.24,0.0,0.0,0.0,0.48,38.33,33.45,4.88,87.27,19.61,13.85,5.24,0.03,25.0,0.88,43.28,33,33,2880,0.21,0.0,0.73,1.64,7.79,0.64,4.91,60.9,4.33,61.9,0.58,54.29
239,141080,Ligue 1,Stade Brestois,Kenny Lala,Defender,6.77,0.0,0.01,0.0,0.28,0.03,0.16,0.0,0.25,42.11,0.0,0.0,0.0,0.0,0.0,0.0,0.0,0.0,0.0,0.0,0.0,0.0,0.03,0.0,1.22,0.97,2.56,0.31,0.81,0.06,0.0,0.06,0.0,0.25,0.28,0.09,0.0,0.81,39.31,30.59,8.72,77.82,18.0,12.59,6.91,1.0,30.48,4.31,54.12,32,31,2792,0.12,0.0,0.53,0.72,14.38,0.28,2.59,49.7,2.16,52.27,0.44,40.0
240,1090694,Ligue 1,AS Monaco,Vanderson,Defender,6.77,0.0,0.01,0.0,0.21,0.0,0.21,0.0,0.57,47.06,0.0,0.0,0.0,0.0,0.0,0.0,0.0,0.0,0.0,0.0,0.0,0.0,0.0,0.0,1.71,1.64,2.14,0.07,0.36,0.0,0.14,0.0,0.0,0.0,0.21,0.14,0.0,0.79,26.0,20.79,5.21,79.95,7.57,13.21,7.57,0.57,24.24,1.64,44.23,14,7,613,0.29,0.0,1.07,0.14,10.21,0.36,3.14,55.7,2.43,50.75,0.71,83.33
241,829296,Ligue 1,Olympique Lyonnais,Roman Yaremchuk,Forward,6.77,0.36,0.2,0.27,1.45,0.55,0.55,25.0,0.18,20.0,0.36,0.0,0.18,0.0,0.18,0.09,0.45,0.0,0.0,0.0,0.0,0.0,0.0,0.0,0.36,0.0,0.18,0.0,0.18,0.0,0.0,0.0,0.0,0.0,0.18,0.09,0.0,0.55,9.36,7.18,2.18,76.7,3.0,4.18,2.64,0.09,100.0,0.09,33.33,11,5,561,0.09,0.0,0.64,0.36,4.73,0.73,2.0,41.51,0.82,27.27,1.18,65.0
242,988632,Ligue 1,Angers,Jim Allevinah,Forward,6.77,0.17,0.17,0.0,0.83,0.17,0.5,20.0,0.17,14.29,0.17,0.0,0.0,0.17,0.0,0.17,0.17,0.0,0.0,0.0,0.0,0.0,0.0,0.0,0.17,0.0,0.17,0.17,0.17,0.0,0.0,0.0,0.0,0.0,0.0,0.0,0.0,0.17,6.33,5.67,0.67,89.47,3.17,2.5,1.67,0.0,0.0,0.17,100.0,6,0,132,0.0,0.0,0.0,0.67,2.67,0.17,1.17,46.67,1.0,42.86,0.17,100.0
243,1407484,Ligue 1,RC Strasbourg,Samuel Amo-Ameyaw,Forward,6.77,0.08,0.04,0.04,0.68,0.2,0.24,11.76,1.12,50.91,0.08,0.0,0.0,0.04,0.04,0.0,0.08,0.0,0.0,0.0,0.0,0.0,0.0,0.0,0.84,0.12,0.04,0.0,0.52,0.0,0.0,0.04,0.0,0.04,0.08,0.08,0.0,0.52,16.56,14.72,1.84,88.89,6.48,8.24,4.48,0.44,21.57,0.44,73.33,25,9,1050,0.08,0.0,0.6,1.04,6.76,0.76,3.0,50.34,3.0,51.37,0.0,0.0
244,330051,Ligue 1,Paris FC,Moses Simon,Forward,6.77,0.1,0.09,0.07,1.17,0.38,0.48,8.82,1.0,44.62,0.1,0.0,0.0,0.03,0.07,0.0,0.31,0.0,0.0,0.0,0.0,0.0,0.0,0.0,0.48,0.31,0.52,0.03,0.17,0.0,0.0,0.0,0.0,0.07,0.24,0.1,0.0,1.1,16.72,14.14,2.59,84.54,5.31,8.83,4.97,1.34,27.66,0.41,46.15,29,25,2024,0.0,0.0,0.52,0.66,11.1,1.55,2.38,34.85,2.1,37.65,0.28,22.22
245,238612,Ligue 1,Lille,Chancel Mbemba,Defender,6.77,0.0,0.04,0.0,0.54,0.23,0.15,0.0,0.08,33.33,0.0,0.0,0.0,0.0,0.0,0.08,0.0,0.0,0.0,0.0,0.0,0.0,0.0,0.0,1.08,1.08,5.0,0.31,0.31,0.0,0.15,0.0,0.08,0.31,0.08,0.0,0.0,0.31,50.92,46.77,4.15,91.84,31.0,15.77,4.08,0.0,0.0,2.92,55.88,13,9,953,0.23,0.0,0.77,0.46,5.31,0.31,3.15,59.42,1.62,51.22,1.54,71.43
246,814594,Ligue 1,Paris Saint-Germain,Achraf Hakimi,Defender,6.77,0.11,0.13,0.22,1.5,0.5,0.61,7.41,0.44,24.24,0.11,0.0,0.0,0.0,0.11,0.11,0.22,0.0,0.0,0.0,0.0,0.0,0.17,0.0,1.0,0.61,0.67,0.06,0.72,0.0,0.0,0.0,0.0,0.33,0.11,0.11,0.0,1.17,70.78,64.44,6.33,91.05,19.33,45.11,26.44,0.56,23.26,1.56,63.64,18,15,1374,0.17,0.06,0.5,0.94,12.0,0.83,2.61,41.23,2.39,40.95,0.22,44.44
247,1606792,Ligue 1,Nice,Abdulay Juma Bah,Defender,6.77,0.0,0.04,0.12,0.27,0.08,0.15,0.0,0.35,75.0,0.0,0.0,0.0,0.0,0.0,0.0,0.12,0.0,0.0,0.0,0.0,0.0,0.0,0.0,1.35,1.12,5.5,1.12,0.46,0.0,0.08,0.04,0.0,0.15,0.08,0.0,0.0,0.23,44.58,40.81,3.77,91.54,30.88,9.92,2.38,0.0,0.0,1.19,46.27,26,22,1961,0.27,0.0,1.04,0.23,4.69,0.23,3.81,54.1,1.92,51.55,1.88,56.98
248,2073555,Ligue 1,Le Havre,Stephan Zagadou,Defender,6.76,0.12,0.01,0.0,0.12,0.12,0.0,100.0,0.25,66.67,0.12,0.0,0.12,0.0,0.0,0.0,0.0,0.0,0.0,0.0,0.0,0.0,0.0,0.0,1.38,0.25,2.5,1.0,0.12,0.0,0.0,0.0,0.0,0.0,0.0,0.0,0.0,0.25,25.12,22.38,2.75,89.05,14.25,8.12,2.25,0.0,0.0,1.38,47.83,8,6,504,0.0,0.12,0.88,0.12,3.62,0.12,2.62,51.22,1.75,63.64,0.88,36.84
249,1514800,Ligue 1,Olympique de Marseille,Robinio Vaz,Forward,6.76,0.29,0.16,0.14,0.57,0.43,0.14,50.0,0.07,33.33,0.29,0.0,0.0,0.0,0.29,0.07,0.21,0.07,0.0,0.0,0.0,0.0,0.0,0.0,0.36,0.14,0.21,0.0,0.36,0.0,0.0,0.0,0.0,0.0,0.14,0.14,0.0,0.43,5.0,3.86,1.14,77.14,1.21,2.64,1.93,0.0,0.0,0.07,100.0,14,3,393,0.14,0.0,0.57,0.64,3.29,0.43,1.43,40.0,1.07,41.67,0.36,35.71
250,892924,Ligue 1,Olympique de Marseille,Hamed Junior Traorè,Midfielder,6.76,0.15,0.17,0.23,1.0,0.46,0.38,15.38,0.77,47.62,0.15,0.0,0.0,0.0,0.15,0.0,0.15,0.0,0.0,0.0,0.0,0.0,0.0,0.0,0.69,0.31,0.23,0.15,0.08,0.0,0.0,0.0,0.0,0.0,0.08,0.08,0.0,0.77,17.23,14.31,2.92,83.04,4.85,9.46,5.15,0.38,15.15,0.31,50.0,13,7,619,0.08,0.0,0.62,0.85,7.77,0.69,3.0,52.0,2.31,50.85,0.69,56.25
251,1507384,Ligue 1,Paris FC,Adama Camara,Midfielder,6.76,0.03,0.07,0.03,0.62,0.17,0.31,5.56,0.31,45.0,0.03,0.0,0.0,0.0,0.03,0.0,0.0,0.0,0.0,0.0,0.0,0.0,0.0,0.0,2.0,1.34,2.24,0.41,0.52,0.03,0.03,0.0,0.0,0.14,0.14,0.0,0.0,0.55,31.45,27.03,4.41,85.96,14.31,12.72,5.24,0.17,38.46,1.24,52.17,29,26,2171,0.28,0.0,0.9,0.66,7.14,0.59,3.83,52.36,2.97,56.21,0.86,42.37
252,1195241,Ligue 1,Angers,Yassin Belkhdim,Midfielder,6.76,0.07,0.09,0.07,1.22,0.52,0.37,6.06,0.19,27.78,0.07,0.0,0.0,0.07,0.0,0.0,0.07,0.0,0.0,0.0,0.0,0.0,0.0,0.0,2.19,1.33,0.85,0.22,0.7,0.0,0.0,0.0,0.0,0.11,0.15,0.07,0.0,0.56,26.81,22.56,4.26,84.12,12.15,10.41,4.33,0.22,14.29,0.81,55.0,27,26,2149,0.19,0.0,1.07,1.07,7.56,0.48,3.81,53.93,3.41,55.76,0.41,42.31
253,1397934,Ligue 1,Metz,Urie-Michel Mboula,Defender,6.76,0.0,0.01,0.0,0.14,0.07,0.07,0.0,0.5,58.33,0.0,0.0,0.0,0.0,0.0,0.0,0.0,0.0,0.0,0.0,0.0,0.0,0.0,0.0,0.79,1.0,1.93,0.43,0.14,0.0,0.07,0.0,0.07,0.07,0.0,0.0,0.0,0.0,39.43,36.07,3.36,91.49,23.79,12.29,3.71,0.21,37.5,2.64,62.71,14,10,751,0.14,0.0,0.64,0.79,4.79,0.07,2.29,61.54,2.07,63.04,0.21,50.0
254,123388,Ligue 1,Toulouse,Djibril Sidibé,Defender,6.76,0.09,0.09,0.06,0.25,0.16,0.06,37.5,0.28,47.37,0.09,0.0,0.0,0.03,0.06,0.0,0.16,0.0,0.06,0.03,50.0,0.0,0.0,0.0,1.5,0.53,1.5,0.12,0.31,0.03,0.06,0.06,0.0,0.12,0.12,0.12,0.0,0.47,28.22,22.53,5.69,79.84,10.31,12.22,6.28,0.34,19.64,0.97,40.79,32,25,2158,0.03,0.0,0.94,0.44,8.81,0.22,2.84,54.49,2.19,56.0,0.66,50.0
255,1153355,Ligue 1,RC Strasbourg,Maxi Oyedele,Midfielder,6.76,0.12,0.01,0.0,0.25,0.12,0.12,50.0,0.5,57.14,0.12,0.0,0.0,0.0,0.12,0.0,0.0,0.0,0.0,0.0,0.0,0.0,0.0,0.0,1.62,0.62,1.38,0.0,0.5,0.0,0.0,0.0,0.0,0.0,0.0,0.0,0.0,0.12,36.5,32.75,3.75,89.73,18.88,13.88,5.12,0.0,0.0,1.25,55.56,8,6,447,0.38,0.0,1.12,0.62,5.5,0.0,3.25,53.06,2.75,59.46,0.5,33.33
256,1410148,Ligue 1,AS Monaco,Mamadou Coulibaly,Midfielder,6.76,0.12,0.06,0.04,0.52,0.2,0.16,23.08,0.6,42.86,0.08,0.04,0.0,0.12,0.0,0.0,0.12,0.0,0.0,0.0,0.0,0.0,0.0,0.0,1.48,0.76,0.76,0.08,0.68,0.0,0.0,0.0,0.0,0.04,0.12,0.12,0.0,0.48,27.32,23.24,4.08,85.07,10.96,12.28,5.6,0.12,21.43,1.32,66.0,25,15,1382,0.28,0.04,1.24,0.64,7.56,0.6,3.24,44.02,2.72,45.33,0.52,38.24
257,934237,Ligue 1,AS Monaco,Folarin Balogun,Forward,6.75,0.43,0.45,0.37,2.57,1.07,0.93,16.88,0.47,42.42,0.4,0.03,0.0,0.03,0.4,0.07,0.57,0.1,0.1,0.1,100.0,0.0,0.0,0.0,0.17,0.13,0.23,0.07,0.2,0.0,0.07,0.0,0.0,0.07,0.27,0.13,0.0,0.8,13.53,9.9,3.63,73.15,3.47,6.43,3.77,0.1,20.0,0.13,57.14,30,26,2245,0.13,0.03,1.43,1.23,7.83,0.9,2.67,36.36,1.83,37.41,0.83,34.25
258,1107439,Ligue 1,Nantes,Ali Youssef,Defender,6.75,0.0,0.03,0.0,0.46,0.08,0.15,0.0,0.15,100.0,0.0,0.0,0.0,0.0,0.0,0.0,0.0,0.0,0.0,0.0,0.0,0.0,0.0,0.0,0.85,1.54,4.85,0.38,0.31,0.0,0.0,0.08,0.0,0.15,0.0,0.0,0.0,0.23,31.38,26.08,5.31,83.09,19.31,6.77,2.54,0.0,0.0,2.31,45.45,13,10,968,0.31,0.0,0.85,0.85,5.69,0.0,3.54,68.66,1.85,64.86,1.69,73.33
259,845170,Ligue 1,AS Monaco,Caio Henrique,Defender,6.75,0.0,0.01,0.0,0.09,0.0,0.0,0.0,0.27,40.0,0.0,0.0,0.0,0.0,0.0,0.0,0.05,0.0,0.0,0.0,0.0,0.0,0.09,0.0,1.05,0.5,1.45,0.27,0.32,0.0,0.0,0.05,0.0,0.09,0.32,0.09,0.0,0.95,35.36,28.5,6.86,80.59,10.95,17.55,8.82,1.0,23.91,1.23,36.49,22,17,1542,0.09,0.0,0.59,0.77,13.23,0.41,2.32,50.5,2.0,53.66,0.32,36.84
260,352768,Ligue 1,Olympique Lyonnais,Ainsley Maitland-Niles,Defender,6.75,0.03,0.08,0.1,0.47,0.23,0.2,7.14,0.47,43.75,0.0,0.03,0.0,0.0,0.03,0.0,0.03,0.0,0.03,0.0,0.0,0.0,0.0,0.0,1.9,1.1,2.4,0.13,0.63,0.0,0.03,0.03,0.0,0.33,0.17,0.13,0.0,0.7,37.23,31.7,5.53,85.14,17.93,13.77,7.17,0.2,13.95,1.53,47.42,30,28,2485,0.17,0.03,1.23,0.4,9.57,0.57,3.43,48.58,2.77,48.54,0.67,48.78
261,1627804,Ligue 1,Olympique Lyonnais,Steeve Kango,Defender,6.75,0.0,0.0,0.0,0.0,0.0,0.0,0.0,0.25,50.0,0.0,0.0,0.0,0.0,0.0,0.0,0.0,0.0,0.0,0.0,0.0,0.0,0.0,0.0,0.5,0.0,0.5,0.25,0.0,0.0,0.0,0.0,0.0,0.0,0.0,0.0,0.0,0.0,13.75,12.75,1.0,92.73,5.0,7.75,3.25,0.0,0.0,0.25,25.0,4,1,86,0.0,0.0,0.25,0.25,4.0,0.0,1.0,40.0,1.0,66.67,0.0,0.0
262,111802,Ligue 1,AS Monaco,Paul Pogba,Midfielder,6.75,0.0,0.01,0.0,0.33,0.0,0.17,0.0,0.0,0.0,0.0,0.0,0.0,0.0,0.0,0.0,0.0,0.0,0.0,0.0,0.0,0.0,0.0,0.0,0.67,0.17,0.83,0.0,0.0,0.0,0.0,0.0,0.0,0.0,0.0,0.0,0.0,0.0,17.67,14.67,3.0,83.02,5.67,9.0,4.67,0.17,100.0,1.17,58.33,6,1,133,0.0,0.0,0.33,0.17,4.67,0.17,1.67,66.67,0.83,55.56,0.83,83.33
263,1936801,Ligue 1,Paris Saint-Germain,Dimitri Lucea,Defender,6.75,0.0,0.0,0.0,0.0,0.0,0.0,0.0,0.0,0.0,0.0,0.0,0.0,0.0,0.0,0.0,0.0,0.0,0.0,0.0,0.0,0.0,0.0,0.0,2.0,1.0,2.0,0.0,1.0,0.0,1.0,0.0,0.0,0.0,0.0,0.0,0.0,0.0,26.0,23.5,2.5,90.38,19.0,4.5,1.0,0.0,0.0,1.5,75.0,2,1,59,0.0,0.0,0.5,0.5,4.5,0.0,3.5,58.33,2.0,50.0,1.5,75.0
264,875677,Ligue 1,Metz,Giorgi Tsitaishvili,Midfielder,6.75,0.09,0.05,0.0,0.94,0.24,0.42,9.68,1.27,49.41,0.09,0.0,0.0,0.06,0.03,0.03,0.18,0.0,0.0,0.0,0.0,0.0,0.0,0.0,0.58,0.39,1.0,0.09,0.48,0.0,0.06,0.0,0.0,0.06,0.12,0.06,0.03,1.36,22.33,17.61,4.73,78.83,7.36,10.24,5.61,1.09,22.64,0.73,36.92,33,28,2457,0.09,0.0,0.7,1.09,12.03,0.42,3.15,50.24,2.94,50.79,0.21,43.75
265,891829,Ligue 1,Olympique de Marseille,Matt O'Riley,Midfielder,6.75,0.07,0.06,0.07,0.47,0.2,0.2,14.29,0.13,28.57,0.0,0.07,0.0,0.07,0.0,0.0,0.07,0.0,0.0,0.0,0.0,0.0,0.0,0.0,1.2,0.4,0.67,0.2,0.47,0.0,0.0,0.0,0.0,0.13,0.33,0.13,0.07,0.87,29.6,26.13,3.47,88.29,11.33,14.8,8.13,0.0,0.0,0.8,48.0,15,6,739,0.13,0.0,1.0,0.07,5.6,0.47,1.53,36.51,1.4,38.18,0.13,25.0
266,1197153,Ligue 1,RC Strasbourg,Junior Mwanga,Midfielder,6.74,0.05,0.06,0.05,0.5,0.15,0.25,10.0,0.9,64.29,0.05,0.0,0.0,0.0,0.05,0.0,0.0,0.0,0.0,0.0,0.0,0.0,0.0,0.0,1.95,0.65,1.35,0.35,0.9,0.05,0.05,0.05,0.0,0.15,0.1,0.05,0.0,0.9,39.35,33.95,5.4,86.28,19.5,14.45,5.9,0.05,11.11,1.8,48.0,20,20,1642,0.1,0.05,1.25,0.8,8.0,0.45,4.45,51.45,3.65,54.07,0.8,42.11
267,1564180,Ligue 1,Lille,Ayyoub Bouaddi,Midfielder,6.74,0.0,0.06,0.07,0.53,0.17,0.1,0.0,1.13,60.71,0.0,0.0,0.0,0.0,0.0,0.0,0.0,0.0,0.0,0.0,0.0,0.0,0.0,0.0,1.97,0.9,0.97,0.23,0.47,0.0,0.03,0.03,0.0,0.23,0.1,0.03,0.0,0.7,35.37,29.97,5.4,84.73,12.37,17.6,9.0,0.1,15.79,1.23,75.51,30,28,2338,0.23,0.03,1.23,0.8,9.5,0.87,4.73,56.57,3.9,55.19,0.83,64.1
268,1149152,Ligue 1,AS Monaco,Stanis Idumbo Muzambo,Midfielder,6.74,0.12,0.07,0.12,0.75,0.25,0.25,16.67,0.12,25.0,0.12,0.0,0.0,0.0,0.12,0.0,0.0,0.0,0.0,0.0,0.0,0.0,0.0,0.0,0.38,0.0,0.25,0.0,0.12,0.0,0.0,0.0,0.0,0.0,0.12,0.12,0.0,0.38,6.38,5.75,0.62,90.2,2.25,3.5,2.0,0.0,0.0,0.0,0.0,8,0,164,0.0,0.0,0.38,0.25,1.75,0.25,0.88,43.75,0.75,42.86,0.12,50.0
269,855810,Ligue 1,Olympique de Marseille,Tim Weah,Midfielder,6.74,0.07,0.06,0.1,1.0,0.34,0.34,6.9,0.52,39.47,0.07,0.0,0.03,0.0,0.03,0.0,0.03,0.0,0.0,0.0,0.0,0.0,0.0,0.0,1.66,0.59,0.9,0.14,0.55,0.0,0.03,0.0,0.0,0.1,0.24,0.07,0.0,1.0,35.14,30.21,4.93,85.97,12.0,18.21,9.97,0.45,21.67,1.1,47.76,29,26,2263,0.17,0.0,1.1,0.62,9.03,0.38,3.31,51.06,2.72,49.38,0.59,60.71
270,121180,Ligue 1,Angers,Abdoulaye Bamba,Defender,6.74,0.0,0.0,0.0,0.17,0.17,0.0,0.0,0.0,0.0,0.0,0.0,0.0,0.0,0.0,0.0,0.0,0.0,0.0,0.0,0.0,0.0,0.0,0.0,1.0,1.0,1.5,0.5,0.33,0.0,0.0,0.0,0.0,0.0,0.0,0.0,0.0,0.0,12.5,9.67,2.83,77.33,5.5,4.17,1.0,0.0,0.0,0.17,16.67,6,3,266,0.17,0.0,0.5,0.83,4.0,0.0,3.0,72.0,1.67,66.67,1.33,80.0
271,831246,Ligue 1,Lorient,Igor Silva,Defender,6.74,0.06,0.03,0.0,0.47,0.06,0.29,12.5,0.18,33.33,0.0,0.06,0.0,0.0,0.06,0.0,0.06,0.0,0.0,0.0,0.0,0.0,0.06,0.0,1.24,0.76,2.59,0.41,0.59,0.0,0.06,0.0,0.0,0.12,0.0,0.0,0.0,0.47,35.47,30.82,4.65,86.9,19.0,11.82,5.24,0.35,28.57,1.12,40.43,17,13,1223,0.06,0.0,0.53,1.06,7.59,0.12,3.29,60.87,2.47,63.64,0.82,53.85
272,1545376,Ligue 1,RC Lens,Rayan Fofana,Forward,6.74,0.2,0.22,0.32,1.44,0.48,0.64,13.89,0.52,44.83,0.2,0.0,0.0,0.08,0.12,0.0,0.28,0.04,0.0,0.0,0.0,0.0,0.0,0.0,0.44,0.08,0.2,0.08,0.16,0.0,0.04,0.0,0.0,0.0,0.0,0.0,0.0,0.2,5.8,4.4,1.4,75.86,2.04,2.36,1.2,0.0,0.0,0.08,66.67,25,7,814,0.0,0.0,0.6,1.36,4.04,0.6,2.88,49.66,2.28,53.27,0.6,39.47
273,300412,Ligue 1,Metz,Giorgi Kvilitaia,Forward,6.74,0.2,0.1,0.1,1.2,0.7,0.3,16.67,0.4,66.67,0.2,0.0,0.1,0.0,0.1,0.0,0.2,0.0,0.0,0.0,0.0,0.0,0.0,0.0,0.7,0.0,1.2,0.1,0.2,0.0,0.0,0.0,0.0,0.1,0.2,0.0,0.0,0.9,12.3,8.6,3.7,69.92,2.6,6.0,3.9,0.0,0.0,0.0,0.0,10,5,502,0.1,0.0,1.1,0.6,6.6,0.5,3.6,44.44,1.7,48.57,1.9,41.3
274,1893993,Ligue 1,Nice,Gabin Bernardeau,Midfielder,6.73,0.0,0.02,0.0,0.75,0.25,0.25,0.0,0.0,0.0,0.0,0.0,0.0,0.0,0.0,0.0,0.25,0.0,0.0,0.0,0.0,0.0,0.0,0.0,1.0,0.0,0.75,0.0,0.75,0.0,0.0,0.0,0.0,0.0,0.0,0.0,0.0,0.5,10.75,7.25,3.5,67.44,2.25,5.0,3.5,0.25,25.0,1.25,71.43,4,1,100,0.0,0.0,0.25,0.75,6.0,0.5,2.25,50.0,1.75,46.67,0.5,66.67
275,995671,Ligue 1,Le Havre,Reda Khadra,Midfielder,6.73,0.0,0.03,0.0,0.75,0.38,0.12,0.0,0.62,38.46,0.0,0.0,0.0,0.0,0.0,0.0,0.0,0.0,0.0,0.0,0.0,0.0,0.25,0.0,0.88,0.0,0.12,0.0,0.38,0.0,0.0,0.0,0.0,0.0,0.12,0.0,0.12,0.88,6.88,4.88,2.0,70.91,0.38,4.5,3.0,0.5,22.22,0.12,25.0,8,1,223,0.0,0.0,0.5,0.12,6.5,0.38,1.88,44.12,1.62,41.94,0.25,66.67
276,798124,Ligue 1,Toulouse,Rasmus Nicolaisen,Defender,6.73,0.03,0.03,0.0,0.47,0.16,0.25,6.67,0.09,100.0,0.03,0.0,0.03,0.0,0.0,0.03,0.03,0.0,0.0,0.0,0.0,0.0,0.0,0.0,0.78,1.34,4.69,0.66,0.38,0.03,0.09,0.03,0.03,0.22,0.0,0.0,0.0,0.06,37.97,32.81,5.16,86.42,21.62,11.19,2.78,0.0,0.0,1.91,47.66,32,30,2568,0.12,0.0,0.88,0.66,6.41,0.0,3.81,62.56,1.5,57.14,2.31,66.67
277,3577,Ligue 1,Nice,Dante,Defender,6.73,0.0,0.02,0.0,0.58,0.08,0.25,0.0,0.08,50.0,0.0,0.0,0.0,0.0,0.0,0.0,0.08,0.0,0.0,0.0,0.0,0.0,0.0,0.0,0.67,0.83,3.0,0.5,0.5,0.0,0.08,0.08,0.0,0.17,0.0,0.08,0.0,0.17,39.17,35.25,3.92,90.0,25.08,10.17,2.75,0.0,0.0,2.5,54.55,12,9,852,0.08,0.0,0.83,0.33,4.75,0.0,2.5,57.69,1.08,44.83,1.42,73.91
278,1470032,Ligue 1,Metz,Ibou Sane,Forward,6.73,0.06,0.02,0.0,0.38,0.19,0.12,16.67,0.12,20.0,0.06,0.0,0.0,0.0,0.06,0.0,0.19,0.12,0.0,0.0,0.0,0.0,0.0,0.0,0.44,0.06,0.25,0.0,0.12,0.0,0.0,0.0,0.0,0.0,0.06,0.06,0.0,0.31,8.19,6.75,1.44,82.44,2.19,4.56,2.31,0.12,15.38,0.19,42.86,16,5,555,0.12,0.0,0.5,0.94,4.19,0.44,1.81,50.88,1.5,48.98,0.31,62.5
279,1606642,Ligue 1,Stade Rennais,Mohamed Kader Meite,Forward,6.73,0.18,0.21,0.24,1.29,0.41,0.41,13.64,0.35,54.55,0.18,0.0,0.06,0.12,0.0,0.06,0.47,0.0,0.0,0.0,0.0,0.0,0.0,0.0,0.18,0.06,0.59,0.06,0.06,0.0,0.0,0.0,0.0,0.0,0.12,0.12,0.0,0.29,4.88,3.18,1.71,65.06,0.71,2.47,1.82,0.0,0.0,0.0,0.0,17,6,530,0.0,0.0,0.71,0.24,3.76,0.53,1.94,50.0,0.76,32.5,1.18,76.92
280,878898,Ligue 1,Lille,Arnaud Bodart,Goalkeeper,6.73,0.0,0.0,0.0,0.0,0.0,0.0,0.0,0.0,0.0,0.0,0.0,0.0,0.0,0.0,0.0,0.0,0.0,0.0,0.0,0.0,0.0,0.0,0.0,0.0,0.0,0.33,0.0,0.0,0.0,0.33,0.33,0.0,0.0,0.0,0.0,0.0,0.0,30.33,22.33,8.0,73.63,19.33,3.0,1.33,0.0,0.0,6.0,43.9,3,2,226,0.0,0.0,0.33,0.0,8.0,0.0,0.0,0.0,0.0,0.0,0.0,0.0
281,875548,Ligue 1,Lorient,Aiyegun Tosin,Forward,6.72,0.19,0.23,0.22,1.11,0.44,0.48,16.67,0.48,48.15,0.19,0.0,0.0,0.0,0.19,0.04,0.11,0.0,0.04,0.0,0.0,0.0,0.0,0.0,0.19,0.07,0.26,0.0,0.07,0.0,0.0,0.0,0.0,0.0,0.04,0.0,0.0,0.41,7.3,5.67,1.63,77.66,1.7,3.96,2.7,0.0,0.0,0.26,70.0,27,11,1068,0.04,0.0,0.41,0.52,3.48,0.52,1.41,44.19,1.19,45.71,0.22,37.5
282,802159,Ligue 1,Metz,Habibou Diallo,Forward,6.72,0.16,0.27,0.2,1.52,0.48,0.64,10.53,0.52,50.0,0.12,0.04,0.0,0.0,0.16,0.04,0.44,0.04,0.04,0.0,0.0,0.0,0.0,0.0,0.36,0.08,1.16,0.16,0.12,0.0,0.0,0.0,0.0,0.24,0.0,0.04,0.04,0.48,10.68,7.12,3.56,66.67,2.92,4.2,2.52,0.04,20.0,0.36,90.0,25,21,1910,0.0,0.0,1.08,1.16,7.92,1.04,4.92,47.13,2.04,44.35,2.88,49.32
283,1130307,Ligue 1,Lorient,Karim Dermane,Forward,6.72,0.03,0.04,0.0,0.53,0.07,0.4,6.25,0.67,47.62,0.03,0.0,0.0,0.0,0.03,0.07,0.0,0.03,0.0,0.0,0.0,0.0,0.0,0.0,0.83,0.37,0.17,0.07,0.47,0.0,0.0,0.0,0.0,0.0,0.03,0.07,0.0,0.53,18.13,15.4,2.73,84.93,6.3,9.1,5.7,0.03,6.25,0.7,56.76,30,15,1363,0.1,0.0,0.7,1.3,6.37,0.83,3.0,47.37,2.8,51.53,0.2,22.22
284,827506,Ligue 1,Lille,Gaëtan Perrin,Midfielder,6.72,0.08,0.04,0.0,0.58,0.33,0.17,14.29,0.83,55.56,0.08,0.0,0.0,0.0,0.08,0.17,0.0,0.0,0.0,0.0,0.0,0.0,0.08,0.0,1.0,0.17,0.0,0.0,0.33,0.0,0.0,0.0,0.0,0.0,0.08,0.0,0.0,0.83,10.17,8.0,2.17,78.69,2.25,5.75,3.75,0.83,27.78,0.5,66.67,12,3,346,0.17,0.0,0.67,0.08,7.0,0.75,1.92,45.1,1.92,46.0,0.0,0.0
285,965357,Ligue 1,Lille,Osame Sahraoui,Midfielder,6.72,0.06,0.05,0.06,0.67,0.22,0.17,8.33,0.83,46.88,0.0,0.06,0.0,0.0,0.06,0.06,0.06,0.0,0.0,0.0,0.0,0.0,0.0,0.0,0.33,0.17,0.11,0.06,0.22,0.06,0.06,0.0,0.0,0.0,0.11,0.11,0.06,0.56,14.78,11.94,2.83,80.83,2.94,9.0,6.72,0.0,0.0,0.22,80.0,18,4,507,0.0,0.0,0.22,1.39,6.11,1.0,2.61,51.09,2.56,51.69,0.06,33.33
286,1926085,Ligue 1,Paris Saint-Germain,Dro Fernández,Midfielder,6.72,0.08,0.08,0.08,0.75,0.25,0.33,11.11,0.5,46.15,0.08,0.0,0.0,0.0,0.08,0.0,0.0,0.0,0.0,0.0,0.0,0.0,0.0,0.0,1.08,0.67,0.5,0.25,0.5,0.0,0.0,0.0,0.0,0.25,0.0,0.0,0.0,0.67,32.67,29.75,2.92,91.07,12.17,17.58,8.42,0.0,0.0,0.25,60.0,12,7,682,0.0,0.0,0.67,1.0,6.33,0.75,2.92,52.24,2.58,51.67,0.33,57.14
287,848458,Ligue 1,Stade Rennais,Arnaud Nordin,Forward,6.72,0.1,0.1,0.2,2.0,0.5,1.0,5.0,0.6,40.0,0.1,0.0,0.1,0.0,0.0,0.0,0.1,0.0,0.0,0.0,0.0,0.0,0.0,0.0,0.9,0.0,0.6,0.0,0.7,0.0,0.0,0.0,0.0,0.0,0.3,0.2,0.0,0.5,15.8,12.4,3.4,78.48,4.9,7.5,3.8,0.6,33.33,0.4,40.0,10,7,573,0.1,0.0,0.8,1.7,7.8,0.5,3.5,46.67,3.2,52.46,0.3,21.43
288,1657108,Ligue 1,Toulouse,Julian Vignolo,Forward,6.72,0.15,0.11,0.08,0.62,0.54,0.0,25.0,0.23,50.0,0.08,0.08,0.0,0.08,0.08,0.0,0.0,0.0,0.0,0.0,0.0,0.0,0.0,0.0,0.23,0.0,0.0,0.0,0.23,0.0,0.08,0.0,0.0,0.0,0.0,0.0,0.0,0.54,3.15,1.92,1.23,60.98,0.69,1.23,0.69,0.46,60.0,0.0,0.0,13,1,207,0.0,0.0,0.23,0.08,2.77,0.23,0.54,35.0,0.54,36.84,0.0,0.0
289,153218,Ligue 1,Le Havre,Thomas Delaine,Midfielder,6.72,0.0,0.01,0.0,0.6,0.0,0.2,0.0,0.4,100.0,0.0,0.0,0.0,0.0,0.0,0.0,0.0,0.0,0.0,0.0,0.0,0.0,0.0,0.0,0.4,0.6,1.4,0.0,0.4,0.0,0.0,0.0,0.0,0.0,0.0,0.0,0.0,0.6,24.4,18.0,6.4,73.77,11.6,6.4,3.6,0.8,21.05,0.4,11.11,5,2,200,0.2,0.0,0.4,0.2,9.8,0.0,1.0,50.0,1.0,55.56,0.0,0.0
290,1401005,Ligue 1,Stade Brestois,Remy Labeau Lascary,Forward,6.72,0.19,0.21,0.3,1.26,0.59,0.37,14.71,0.74,39.22,0.15,0.04,0.0,0.04,0.15,0.0,0.33,0.0,0.0,0.0,0.0,0.0,0.0,0.0,0.59,0.22,0.07,0.07,0.59,0.0,0.0,0.0,0.0,0.0,0.15,0.04,0.0,0.48,8.37,6.7,1.67,80.09,2.63,4.07,2.07,0.15,36.36,0.3,53.33,27,12,1195,0.07,0.0,1.07,0.67,5.48,0.41,2.41,36.31,2.0,38.85,0.41,27.5
291,839493,Ligue 1,Olympique de Marseille,Amir Murillo,Defender,6.71,0.12,0.06,0.0,0.56,0.12,0.31,22.22,0.5,42.11,0.12,0.0,0.06,0.06,0.0,0.06,0.12,0.06,0.0,0.0,0.0,0.0,0.06,0.0,1.31,0.38,1.19,0.12,0.31,0.0,0.0,0.0,0.0,0.19,0.19,0.06,0.0,0.69,30.38,26.12,4.25,86.01,12.25,13.88,7.19,0.31,18.52,0.62,41.67,16,11,988,0.25,0.0,1.38,1.0,8.44,0.44,3.44,49.11,2.81,50.0,0.62,45.45
292,1000175,Ligue 1,Olympique Lyonnais,Adam Karabec,Midfielder,6.71,0.05,0.08,0.05,0.43,0.24,0.05,11.11,0.52,55.0,0.05,0.0,0.0,0.05,0.0,0.0,0.14,0.0,0.0,0.0,0.0,0.0,0.0,0.0,0.19,0.05,0.1,0.05,0.29,0.0,0.05,0.0,0.0,0.1,0.1,0.0,0.05,1.05,13.1,10.57,2.52,80.73,3.67,6.9,4.38,0.9,23.75,0.29,35.29,21,11,940,0.14,0.0,0.67,1.0,7.38,0.33,2.05,50.0,1.71,50.0,0.33,50.0
293,1169436,Ligue 1,Toulouse,Frank Magri,Forward,6.71,0.29,0.26,0.12,1.94,0.71,0.76,15.15,0.59,45.45,0.29,0.0,0.06,0.12,0.12,0.0,0.18,0.0,0.06,0.0,0.0,0.0,0.0,0.0,0.47,0.18,0.76,0.06,0.35,0.0,0.0,0.0,0.0,0.0,0.06,0.06,0.0,0.82,11.94,8.82,3.12,73.89,3.18,5.65,3.12,0.12,13.33,0.12,100.0,17,16,1264,0.18,0.0,1.65,1.29,8.0,1.12,4.59,40.84,2.24,37.62,2.35,44.44
294,845486,Ligue 1,Nice,Tanguy Ndombélé,Midfielder,6.71,0.0,0.07,0.12,0.62,0.12,0.25,0.0,0.12,20.0,0.0,0.0,0.0,0.0,0.0,0.0,0.0,0.0,0.0,0.0,0.0,0.0,0.0,0.0,0.38,0.12,0.38,0.0,0.0,0.0,0.0,0.0,0.0,0.0,0.12,0.12,0.0,0.62,9.62,8.75,0.88,90.91,4.75,4.0,2.38,0.12,100.0,0.38,75.0,8,3,279,0.0,0.0,0.12,0.88,3.0,0.5,1.38,50.0,1.38,55.0,0.0,0.0
295,1392829,Ligue 1,Angers,Amine Sbai,Midfielder,6.71,0.12,0.16,0.16,1.36,0.64,0.28,8.82,1.48,37.37,0.08,0.04,0.0,0.04,0.08,0.04,0.2,0.0,0.04,0.0,0.0,0.0,0.0,0.0,0.8,0.28,0.08,0.0,0.56,0.0,0.08,0.0,0.0,0.04,0.16,0.04,0.04,1.16,23.12,16.68,6.44,72.15,5.44,11.24,7.08,0.28,12.07,0.64,50.0,25,23,1834,0.04,0.04,0.6,0.96,16.0,1.72,3.36,36.84,3.24,38.03,0.12,20.0
296,557166,Ligue 1,Stade Brestois,Mama Baldé,Forward,6.7,0.11,0.16,0.11,1.72,0.28,0.78,6.45,0.56,45.45,0.11,0.0,0.0,0.11,0.0,0.06,0.0,0.0,0.0,0.0,0.0,0.0,0.0,0.0,0.72,0.33,0.28,0.0,0.11,0.0,0.0,0.0,0.0,0.0,0.0,0.11,0.0,0.39,9.0,6.44,2.56,71.6,1.61,4.83,3.06,0.06,25.0,0.17,27.27,18,8,723,0.0,0.0,0.67,0.61,5.44,0.61,2.94,49.07,1.83,48.53,1.11,50.0
297,2557443,Ligue 1,Angers,Bané Diatta,Midfielder,6.7,0.0,0.0,0.0,0.0,0.0,0.0,0.0,0.0,0.0,0.0,0.0,0.0,0.0,0.0,0.0,0.0,0.0,0.0,0.0,0.0,0.0,0.0,0.0,1.0,0.0,0.0,0.0,0.0,0.0,0.0,0.0,0.0,0.0,0.0,0.0,0.0,0.0,2.0,2.0,0.0,100.0,1.0,1.0,1.0,0.0,0.0,0.0,0.0,1,0,9,0.0,0.0,0.0,0.0,0.0,0.0,1.0,100.0,1.0,100.0,0.0,0.0
298,982613,Ligue 1,Metz,Boubacar Traoré,Midfielder,6.7,0.05,0.05,0.05,0.95,0.15,0.6,5.26,0.9,69.23,0.05,0.0,0.0,0.0,0.05,0.0,0.0,0.0,0.0,0.0,0.0,0.0,0.0,0.0,2.35,0.7,0.8,0.05,0.7,0.05,0.1,0.05,0.0,0.05,0.0,0.0,0.0,0.2,31.1,26.95,4.15,86.66,16.75,10.2,3.8,0.05,50.0,1.4,65.12,20,16,1391,0.2,0.0,1.6,0.25,6.8,0.65,4.6,51.98,3.5,51.85,1.1,52.38
299,973536,Ligue 1,Olympique Lyonnais,Martín Satriano,Forward,6.7,0.18,0.16,0.27,1.45,0.64,0.55,12.5,0.45,33.33,0.18,0.0,0.0,0.0,0.18,0.18,0.27,0.0,0.0,0.0,0.0,0.0,0.0,0.0,0.45,0.55,0.27,0.0,0.18,0.0,0.0,0.0,0.0,0.09,0.18,0.09,0.0,0.82,14.27,11.91,2.36,83.44,4.82,7.09,4.09,0.18,40.0,0.36,66.67,11,8,703,0.09,0.0,1.0,1.18,5.36,0.55,3.18,41.67,2.0,44.9,1.18,37.14
300,369650,Ligue 1,RC Lens,Jonathan Gradit,Defender,6.7,0.0,0.01,0.0,0.2,0.0,0.1,0.0,0.3,60.0,0.0,0.0,0.0,0.0,0.0,0.0,0.0,0.0,0.0,0.0,0.0,0.0,0.0,0.0,1.7,1.6,5.1,0.9,0.3,0.1,0.0,0.1,0.0,0.2,0.0,0.0,0.0,0.2,47.3,43.3,4.0,91.54,24.8,18.5,6.2,0.1,33.33,1.4,42.42,10,10,809,0.2,0.1,1.5,0.9,4.8,0.1,4.3,56.58,2.9,59.18,1.4,51.85
301,1937040,Ligue 1,Lille,Maxima Goffi,Defender,6.7,0.0,0.0,0.0,0.0,0.0,0.0,0.0,1.0,100.0,0.0,0.0,0.0,0.0,0.0,0.0,0.0,0.0,0.0,0.0,0.0,0.0,0.0,0.0,1.0,0.0,1.0,0.0,0.0,0.0,0.0,0.0,0.0,0.0,0.0,0.0,0.0,0.0,22.0,19.0,3.0,86.36,12.0,7.0,1.0,1.0,100.0,2.0,66.67,1,0,38,0.0,0.0,1.0,0.0,6.0,0.0,4.0,66.67,2.0,66.67,2.0,66.67
302,902657,Ligue 1,Metz,Jessy Deminguet,Midfielder,6.7,0.06,0.03,0.03,0.55,0.23,0.19,11.76,0.32,47.62,0.03,0.03,0.03,0.03,0.0,0.0,0.0,0.03,0.0,0.0,0.0,0.0,0.0,0.0,1.42,0.71,0.55,0.06,0.55,0.0,0.03,0.0,0.0,0.0,0.03,0.0,0.0,0.13,28.16,25.1,3.06,89.12,14.1,11.0,4.94,0.06,10.53,1.77,66.27,31,25,2021,0.13,0.0,0.9,1.03,5.77,0.97,3.13,48.5,2.74,49.71,0.39,41.38
303,988801,Ligue 1,Toulouse,Abu Francis,Midfielder,6.7,0.0,0.02,0.0,0.75,0.0,0.25,0.0,0.38,75.0,0.0,0.0,0.0,0.0,0.0,0.0,0.0,0.0,0.0,0.0,0.0,0.0,0.0,0.0,2.38,1.0,1.25,0.38,0.5,0.12,0.12,0.0,0.0,0.12,0.0,0.0,0.0,0.12,29.75,24.62,5.12,82.77,14.62,10.0,3.62,0.0,0.0,0.12,9.09,8,7,532,0.25,0.0,0.62,0.5,6.0,0.5,4.12,67.35,3.25,65.0,0.88,77.78
304,1002564,Ligue 1,Stade Rennais,Mikayil Faye,Defender,6.7,0.0,0.0,0.0,0.0,0.0,0.0,0.0,0.0,0.0,0.0,0.0,0.0,0.0,0.0,0.0,0.0,0.0,0.0,0.0,0.0,0.0,0.0,0.0,0.0,0.0,0.0,0.0,0.0,0.0,0.0,0.0,0.0,0.0,0.0,0.0,0.0,0.0,9.0,7.0,2.0,77.78,1.0,6.0,1.0,0.0,0.0,1.0,100.0,1,0,12,0.0,0.0,0.0,0.0,2.0,0.0,1.0,100.0,0.0,0.0,1.0,100.0
305,1387156,Ligue 1,Auxerre,Clement Akpa,Defender,6.7,0.0,0.01,0.0,0.23,0.0,0.12,0.0,0.42,84.62,0.0,0.0,0.0,0.0,0.0,0.04,0.04,0.0,0.0,0.0,0.0,0.0,0.04,0.0,1.19,0.81,3.58,0.35,0.38,0.08,0.12,0.04,0.08,0.15,0.04,0.0,0.0,0.35,41.27,33.23,8.04,80.52,22.23,11.0,4.19,0.38,33.33,2.88,36.41,26,21,1949,0.08,0.04,0.46,1.15,9.92,0.08,4.12,65.64,2.73,73.96,1.38,53.73
306,1129382,Ligue 1,Stade Brestois,Bradley Locko,Defender,6.7,0.0,0.01,0.0,0.1,0.05,0.05,0.0,0.57,50.0,0.0,0.0,0.0,0.0,0.0,0.0,0.1,0.0,0.0,0.0,0.0,0.0,0.0,0.0,2.52,0.52,1.43,0.0,1.1,0.0,0.05,0.0,0.0,0.19,0.14,0.1,0.0,0.38,21.95,17.05,4.9,77.66,9.38,7.67,3.86,0.48,29.41,1.38,56.86,21,14,1302,0.0,0.0,0.57,0.86,9.57,0.48,4.29,54.88,3.95,60.14,0.33,26.92
307,1426218,Ligue 1,Le Havre,Paul Argney,Goalkeeper,6.7,0.0,0.0,0.0,0.0,0.0,0.0,0.0,0.0,0.0,0.0,0.0,0.0,0.0,0.0,0.0,0.0,0.0,0.0,0.0,0.0,0.0,0.0,0.0,0.0,0.0,1.0,0.0,0.0,0.0,0.0,0.0,0.0,0.0,0.0,0.0,0.0,0.0,30.0,24.0,6.0,80.0,23.0,1.0,0.0,0.0,0.0,3.0,33.33,1,1,90,0.0,0.0,0.0,0.0,6.0,0.0,0.0,0.0,0.0,0.0,0.0,0.0
308,948250,Ligue 1,Nice,Billal Brahimi,Forward,6.7,0.0,0.0,0.0,0.0,0.0,0.0,0.0,0.0,0.0,0.0,0.0,0.0,0.0,0.0,0.0,0.0,0.0,0.0,0.0,0.0,0.0,0.0,0.0,0.0,0.0,0.0,0.0,0.0,0.0,0.0,0.0,0.0,0.0,0.0,0.0,0.0,1.0,3.0,3.0,0.0,100.0,0.0,3.0,3.0,0.0,0.0,0.0,0.0,1,0,8,0.0,0.0,0.0,0.0,2.0,0.0,0.0,0.0,0.0,0.0,0.0,0.0
309,1842137,Ligue 1,RC Lens,Erawan Garnier,Forward,6.7,0.0,0.0,0.0,0.0,0.0,0.0,0.0,0.0,0.0,0.0,0.0,0.0,0.0,0.0,0.0,0.0,0.0,0.0,0.0,0.0,0.0,0.0,0.0,1.0,0.0,0.0,0.0,0.0,0.0,0.0,0.0,0.0,0.0,0.0,0.0,0.0,0.0,9.0,8.0,1.0,88.89,1.0,7.0,5.0,1.0,50.0,0.0,0.0,1,0,14,0.0,0.0,0.0,0.0,2.0,0.0,1.0,100.0,1.0,100.0,0.0,0.0
310,1407848,Ligue 1,AS Monaco,Christian Mawissa,Defender,6.69,0.0,0.02,0.06,0.11,0.06,0.06,0.0,1.0,64.29,0.0,0.0,0.0,0.0,0.0,0.06,0.0,0.0,0.0,0.0,0.0,0.0,0.0,0.0,1.67,1.0,2.72,0.33,0.56,0.0,0.06,0.06,0.0,0.06,0.0,0.0,0.0,0.28,47.17,42.44,4.72,89.99,23.78,18.67,6.44,0.0,0.0,0.72,36.11,18,13,1195,0.22,0.0,0.67,0.67,7.61,0.89,4.44,57.14,3.33,55.56,1.11,62.5
311,361780,Ligue 1,Lille,Calvin Verdonk,Defender,6.69,0.0,0.0,0.0,0.17,0.06,0.06,0.0,0.0,0.0,0.0,0.0,0.0,0.0,0.0,0.0,0.0,0.0,0.0,0.0,0.0,0.0,0.0,0.0,0.83,1.0,1.39,0.06,0.17,0.0,0.0,0.0,0.0,0.11,0.06,0.0,0.0,0.44,30.17,24.89,5.28,82.5,12.78,12.11,6.0,0.33,20.69,0.67,29.27,18,7,796,0.17,0.06,0.78,0.17,7.56,0.0,1.72,54.39,1.0,51.43,0.72,59.09
312,158243,Ligue 1,Olympique Lyonnais,Nicolás Tagliafico,Defender,6.69,0.0,0.08,0.15,0.75,0.05,0.5,0.0,0.15,42.86,0.0,0.0,0.0,0.0,0.0,0.1,0.1,0.0,0.0,0.0,0.0,0.0,0.0,0.0,1.45,1.0,1.75,0.25,0.3,0.0,0.0,0.0,0.0,0.2,0.15,0.15,0.0,0.65,33.7,28.8,4.9,85.46,15.3,13.5,6.15,0.25,26.32,0.7,37.84,20,14,1320,0.2,0.1,1.8,1.65,7.4,0.35,4.35,53.05,3.25,56.52,1.1,44.9
313,1199247,Ligue 1,Toulouse,Santiago Hidalgo,Forward,6.69,0.14,0.1,0.04,1.14,0.43,0.43,12.5,0.39,26.19,0.14,0.0,0.04,0.07,0.04,0.04,0.29,0.0,0.0,0.0,0.0,0.0,0.0,0.0,1.36,0.21,0.39,0.04,0.71,0.0,0.0,0.0,0.0,0.04,0.18,0.21,0.0,0.43,10.11,7.57,2.54,74.91,2.57,5.0,2.93,0.07,16.67,0.29,72.73,28,14,1311,0.14,0.0,1.46,1.07,7.07,1.0,3.32,36.61,2.79,39.8,0.54,25.86
314,2318284,Ligue 1,Angers,Djibirin Harouna,Forward,6.68,0.13,0.07,0.0,0.47,0.2,0.13,28.57,0.2,23.08,0.13,0.0,0.07,0.07,0.0,0.07,0.0,0.0,0.0,0.0,0.0,0.0,0.0,0.0,0.47,0.27,0.47,0.0,0.53,0.0,0.0,0.0,0.0,0.0,0.07,0.07,0.0,0.27,5.07,3.53,1.53,69.74,1.13,2.4,1.6,0.2,33.33,0.07,33.33,15,1,323,0.13,0.0,0.6,0.53,3.93,0.47,1.73,40.63,1.13,34.0,0.6,64.29
315,2509490,Ligue 1,Metz,Jahyann Pandore,Midfielder,6.68,0.25,0.06,0.0,0.5,0.25,0.0,50.0,0.0,0.0,0.25,0.0,0.0,0.0,0.25,0.0,0.0,0.0,0.0,0.0,0.0,0.0,0.0,0.0,1.0,0.0,0.25,0.0,0.25,0.0,0.0,0.0,0.0,0.0,0.0,0.0,0.0,0.25,9.75,7.0,2.75,71.79,2.75,4.25,2.5,0.0,0.0,0.25,33.33,4,0,85,0.0,0.0,0.5,0.25,5.75,0.75,1.25,31.25,1.25,35.71,0.0,0.0
316,975300,Ligue 1,Le Havre,Godson Kyeremeh,Forward,6.68,0.08,0.08,0.0,0.46,0.15,0.23,16.67,0.38,38.46,0.08,0.0,0.08,0.0,0.0,0.0,0.38,0.0,0.0,0.0,0.0,0.0,0.0,0.0,0.54,0.0,0.23,0.0,0.15,0.0,0.0,0.0,0.0,0.08,0.08,0.08,0.0,0.38,5.15,4.15,1.0,80.6,1.38,2.77,2.0,0.38,33.33,0.15,50.0,13,3,397,0.0,0.0,0.69,1.46,3.54,0.23,2.46,53.33,2.38,58.49,0.08,14.29
317,1049775,Ligue 1,Lille,Alexsandro Ribeiro,Defender,6.68,0.0,0.04,0.0,0.78,0.22,0.56,0.0,0.22,66.67,0.0,0.0,0.0,0.0,0.0,0.0,0.0,0.0,0.0,0.0,0.0,0.0,0.0,0.0,1.22,1.22,3.78,0.33,0.11,0.0,0.0,0.0,0.0,0.22,0.0,0.0,0.0,0.0,50.33,45.33,5.0,90.07,34.0,11.33,1.89,0.0,0.0,2.11,52.78,9,7,516,0.0,0.11,1.11,0.89,6.11,0.0,4.44,65.57,2.22,62.5,2.22,68.97
318,794373,Ligue 1,Angers,Carlens Arcus,Defender,6.68,0.0,0.01,0.0,0.35,0.04,0.23,0.0,0.08,40.0,0.0,0.0,0.0,0.0,0.0,0.0,0.0,0.0,0.0,0.0,0.0,0.0,0.0,0.0,1.42,1.19,2.54,0.12,0.54,0.0,0.12,0.04,0.0,0.27,0.12,0.12,0.0,0.62,42.88,37.54,5.35,87.53,22.96,14.58,5.92,0.42,28.95,1.62,48.84,26,24,2051,0.27,0.0,1.27,0.62,8.19,0.23,3.08,53.69,2.12,50.0,0.96,64.1
319,1131448,Ligue 1,Olympique de Marseille,Conrad Jaden Egan-Riley,Defender,6.67,0.0,0.0,0.0,0.0,0.0,0.0,0.0,0.09,33.33,0.0,0.0,0.0,0.0,0.0,0.0,0.0,0.0,0.0,0.0,0.0,0.0,0.0,0.0,0.91,0.09,3.09,0.36,0.27,0.0,0.09,0.0,0.0,0.09,0.09,0.0,0.0,0.18,47.55,44.09,3.45,92.73,29.55,14.55,3.36,0.0,0.0,1.36,44.12,11,8,626,0.09,0.09,0.45,0.45,4.45,0.09,2.36,57.78,1.45,59.26,0.91,55.56
320,1861695,Ligue 1,RC Strasbourg,Tyrese Noubissie,Midfielder,6.67,0.0,0.0,0.0,0.0,0.0,0.0,0.0,0.0,0.0,0.0,0.0,0.0,0.0,0.0,0.0,0.0,0.0,0.0,0.0,0.0,0.0,0.0,0.0,0.0,0.5,0.25,0.25,0.0,0.0,0.0,0.0,0.0,0.0,0.0,0.0,0.0,0.25,11.25,10.25,1.0,91.11,6.25,4.0,1.5,0.25,100.0,0.25,50.0,4,0,55,0.25,0.0,0.5,0.25,1.0,0.0,0.5,40.0,0.25,33.33,0.25,50.0
321,1087364,Ligue 1,Lille,Tiago Santos,Defender,6.67,0.0,0.03,0.07,0.6,0.0,0.4,0.0,0.2,17.65,0.0,0.0,0.0,0.0,0.0,0.07,0.0,0.07,0.0,0.0,0.0,0.0,0.0,0.0,0.93,0.4,1.0,0.0,0.2,0.0,0.0,0.0,0.0,0.07,0.07,0.0,0.0,0.4,19.4,16.27,3.13,83.85,7.53,8.73,4.27,0.33,15.15,0.67,40.0,15,8,727,0.0,0.0,0.87,1.4,9.13,0.93,2.73,45.56,2.53,46.91,0.2,33.33
322,1131541,Ligue 1,Lorient,Bamo Meïté,Defender,6.67,0.0,0.03,0.04,0.32,0.04,0.28,0.0,0.28,53.85,0.0,0.0,0.0,0.0,0.0,0.0,0.08,0.0,0.0,0.0,0.0,0.0,0.0,0.0,1.12,0.52,4.56,0.52,0.48,0.0,0.04,0.08,0.0,0.16,0.08,0.12,0.0,0.28,34.48,29.24,5.24,84.8,17.12,12.12,5.0,0.08,16.67,0.92,39.66,25,22,1983,0.2,0.0,1.2,1.0,7.52,0.28,5.0,56.31,2.4,53.57,2.6,59.09
323,906075,Ligue 1,Nice,Melvin Bard,Defender,6.67,0.07,0.04,0.0,0.52,0.17,0.28,13.33,0.55,59.26,0.07,0.0,0.0,0.07,0.0,0.0,0.1,0.0,0.0,0.0,0.0,0.0,0.0,0.0,1.79,1.38,2.62,0.48,0.76,0.0,0.1,0.03,0.0,0.14,0.17,0.03,0.0,0.52,39.31,31.66,7.66,80.53,17.41,14.24,5.72,0.52,18.99,1.45,32.06,29,26,2396,0.14,0.0,0.9,0.93,13.66,0.69,4.34,54.31,3.28,55.56,1.07,50.82
324,1029018,Ligue 1,RC Lens,Abdallah Sima,Forward,6.67,0.1,0.14,0.19,1.43,0.43,0.67,6.67,0.19,36.36,0.1,0.0,0.05,0.0,0.05,0.14,0.14,0.0,0.0,0.0,0.0,0.0,0.0,0.0,0.33,0.1,0.57,0.0,0.14,0.0,0.0,0.0,0.0,0.0,0.0,0.1,0.0,0.48,11.48,8.76,2.71,76.35,3.52,5.24,2.9,0.33,53.85,0.38,72.73,21,6,718,0.14,0.0,0.67,0.67,5.14,0.57,2.19,46.0,1.19,41.67,1.0,52.5
325,204286,Ligue 1,Paris FC,Nouha Dicko,Forward,6.67,0.12,0.05,0.0,0.5,0.25,0.25,25.0,0.0,0.0,0.12,0.0,0.12,0.0,0.0,0.0,0.25,0.0,0.0,0.0,0.0,0.0,0.0,0.0,0.12,0.0,0.0,0.0,0.0,0.0,0.0,0.0,0.0,0.0,0.12,0.12,0.0,0.12,1.62,1.25,0.38,76.92,0.38,0.88,0.38,0.0,0.0,0.12,50.0,8,0,98,0.0,0.0,0.5,0.38,0.88,0.12,0.88,43.75,0.5,50.0,0.38,37.5
326,867440,Ligue 1,Auxerre,Danny Namaso,Forward,6.67,0.1,0.18,0.27,2.07,0.57,0.77,4.84,1.1,38.37,0.07,0.03,0.0,0.0,0.1,0.07,0.13,0.0,0.0,0.0,0.0,0.0,0.07,0.0,1.17,0.33,0.73,0.07,0.4,0.0,0.0,0.03,0.0,0.13,0.17,0.1,0.0,1.07,23.43,19.7,3.73,84.07,6.5,13.2,7.9,0.07,6.45,0.77,65.71,30,29,2525,0.3,0.0,2.13,1.57,11.47,1.87,5.37,39.95,3.83,39.52,1.53,41.07
327,1048366,Ligue 1,Toulouse,Waren Kamanzi,Midfielder,6.67,0.04,0.04,0.0,0.5,0.08,0.17,8.33,0.54,65.0,0.04,0.0,0.0,0.0,0.04,0.0,0.04,0.04,0.0,0.0,0.0,0.0,0.0,0.0,0.79,0.33,0.79,0.08,0.21,0.0,0.0,0.0,0.0,0.0,0.0,0.04,0.0,0.33,12.17,10.62,1.54,87.33,4.46,6.17,3.29,0.04,9.09,0.12,33.33,24,7,865,0.04,0.0,0.33,0.33,2.88,0.25,1.75,54.55,1.67,60.61,0.08,18.18
328,1545297,Ligue 1,RC Lens,Anthony Bermont,Midfielder,6.67,0.0,0.02,0.1,0.4,0.2,0.2,0.0,0.2,50.0,0.0,0.0,0.0,0.0,0.0,0.0,0.0,0.0,0.0,0.0,0.0,0.0,0.0,0.0,0.1,0.3,0.0,0.0,0.1,0.0,0.0,0.0,0.0,0.0,0.0,0.0,0.0,0.1,8.7,7.5,1.2,86.21,2.0,5.5,3.9,0.4,36.36,0.2,100.0,10,0,123,0.0,0.0,0.2,0.0,2.4,0.1,0.6,42.86,0.3,33.33,0.3,60.0
329,1110842,Ligue 1,AS Monaco,Simon Adingra,Midfielder,6.67,0.21,0.18,0.14,1.57,0.43,0.5,13.64,1.64,33.33,0.14,0.07,0.0,0.07,0.14,0.07,0.14,0.0,0.0,0.0,0.0,0.0,0.0,0.0,0.79,0.43,0.36,0.0,0.93,0.0,0.0,0.0,0.0,0.0,0.14,0.14,0.0,0.93,24.64,18.93,5.71,76.81,6.86,12.07,8.36,0.5,23.33,0.21,30.0,14,10,868,0.0,0.0,0.5,0.57,14.14,1.07,3.29,34.07,3.0,34.43,0.29,30.77
330,1961626,Ligue 1,Paris FC,Rudy Matondo,Midfielder,6.67,0.07,0.04,0.0,0.48,0.19,0.07,15.38,0.52,66.67,0.07,0.0,0.0,0.0,0.07,0.0,0.04,0.0,0.0,0.0,0.0,0.0,0.0,0.0,1.04,0.41,0.74,0.11,0.48,0.0,0.04,0.0,0.0,0.04,0.0,0.0,0.0,0.19,18.63,16.22,2.41,87.08,8.67,7.56,3.11,0.15,30.77,0.41,44.0,27,14,1359,0.15,0.04,1.0,0.85,4.67,0.56,2.67,48.32,2.37,51.61,0.3,32.0
331,352296,Ligue 1,Stade Rennais,Breel Embolo,Forward,6.67,0.26,0.29,0.23,1.32,0.55,0.58,19.51,0.48,34.09,0.26,0.0,0.1,0.0,0.1,0.0,0.45,0.0,0.0,0.0,0.0,0.0,0.0,0.0,0.61,0.13,0.61,0.13,0.32,0.0,0.0,0.0,0.0,0.06,0.06,0.1,0.0,0.48,11.68,8.23,3.45,70.44,2.87,5.35,2.97,0.03,14.29,0.16,41.67,31,20,1872,0.1,0.0,1.55,1.87,7.65,1.0,3.9,44.16,2.97,44.66,0.94,42.65
332,1397882,Ligue 1,Le Havre,Yanis Zouaoui,Defender,6.66,0.03,0.05,0.03,0.53,0.17,0.17,6.25,0.67,40.0,0.03,0.0,0.0,0.03,0.0,0.0,0.03,0.0,0.03,0.03,100.0,0.0,0.23,0.0,1.6,0.87,1.97,0.43,0.53,0.0,0.07,0.03,0.03,0.07,0.17,0.03,0.0,1.17,31.8,24.7,7.1,77.67,15.17,9.53,5.17,1.47,23.91,1.73,37.41,30,28,2348,0.23,0.0,0.73,0.87,15.97,0.6,3.7,51.63,3.1,52.25,0.6,48.65
333,795508,Ligue 1,Paris FC,Vincent Marchetti,Midfielder,6.66,0.09,0.09,0.04,1.04,0.3,0.39,8.33,0.43,76.92,0.04,0.04,0.0,0.0,0.09,0.04,0.04,0.0,0.0,0.0,0.0,0.0,0.0,0.0,0.78,0.17,1.0,0.13,0.35,0.0,0.0,0.04,0.0,0.0,0.04,0.04,0.0,0.17,17.43,15.26,2.17,87.53,8.87,6.39,3.26,0.04,100.0,0.48,39.29,23,9,839,0.04,0.0,0.52,0.17,3.61,0.48,1.91,50.0,1.39,48.48,0.52,54.55
334,40672,Ligue 1,Nantes,Francis Coquelin,Midfielder,6.66,0.0,0.01,0.0,0.38,0.06,0.19,0.0,0.31,50.0,0.0,0.0,0.0,0.0,0.0,0.0,0.0,0.0,0.0,0.0,0.0,0.0,0.0,0.0,1.06,0.38,0.69,0.31,0.31,0.06,0.12,0.0,0.0,0.0,0.0,0.06,0.0,0.25,18.19,16.0,2.19,87.97,9.44,6.56,2.44,0.06,100.0,0.62,71.43,16,8,655,0.12,0.0,0.94,0.44,3.62,0.31,2.5,51.28,1.81,49.15,0.69,57.89
335,1445628,Ligue 1,Stade Rennais,Djaoui Cissé,Midfielder,6.66,0.0,0.03,0.0,1.0,0.25,0.38,0.0,0.38,37.5,0.0,0.0,0.0,0.0,0.0,0.0,0.0,0.0,0.0,0.0,0.0,0.0,0.04,0.0,1.38,0.25,0.25,0.21,0.33,0.0,0.0,0.0,0.0,0.0,0.0,0.0,0.0,0.54,21.38,17.25,4.12,80.7,7.21,10.04,5.67,0.17,14.81,0.83,52.63,24,12,1002,0.12,0.0,0.75,0.38,7.88,0.54,2.33,47.06,2.12,48.57,0.21,35.71
336,1047484,Ligue 1,Auxerre,Sékou Mara,Forward,6.66,0.11,0.11,0.04,1.22,0.44,0.44,9.09,0.63,50.0,0.11,0.0,0.0,0.04,0.07,0.0,0.07,0.04,0.0,0.0,0.0,0.0,0.04,0.0,0.48,0.15,0.33,0.0,0.15,0.0,0.0,0.0,0.0,0.0,0.07,0.07,0.0,0.33,8.85,6.44,2.41,72.8,2.04,4.41,2.81,0.0,0.0,0.33,90.0,27,14,1234,0.0,0.0,1.0,1.0,5.78,0.93,3.41,44.44,2.11,45.6,1.3,42.68
337,842399,Ligue 1,Paris FC,Alimami Gory,Forward,6.66,0.21,0.15,0.08,0.79,0.25,0.33,26.32,0.17,30.77,0.21,0.0,0.0,0.04,0.17,0.0,0.33,0.04,0.0,0.0,0.0,0.0,0.0,0.0,0.79,0.33,0.58,0.04,0.38,0.04,0.0,0.04,0.0,0.04,0.04,0.04,0.04,0.25,9.21,7.58,1.62,82.35,3.08,4.5,2.38,0.08,20.0,0.25,46.15,24,9,988,0.12,0.0,0.46,0.67,4.08,0.46,1.96,48.45,1.62,50.65,0.33,40.0
338,916041,Ligue 1,Stade Rennais,Mahdi Camara,Midfielder,6.65,0.09,0.1,0.12,0.91,0.38,0.34,10.34,0.78,40.32,0.06,0.03,0.03,0.0,0.06,0.06,0.12,0.03,0.0,0.0,0.0,0.0,0.0,0.0,1.94,1.0,1.31,0.28,0.56,0.0,0.03,0.0,0.0,0.19,0.09,0.03,0.0,0.72,36.66,32.47,4.19,88.58,14.0,18.47,10.0,0.12,14.29,0.59,59.38,32,31,2660,0.16,0.03,1.22,0.88,8.44,0.69,4.38,51.47,3.56,50.22,0.81,57.78
339,170129,Ligue 1,Angers,Florent Hanin,Defender,6.65,0.0,0.0,0.0,0.12,0.0,0.04,0.0,0.12,33.33,0.0,0.0,0.0,0.0,0.0,0.0,0.0,0.0,0.0,0.0,0.0,0.0,0.0,0.0,0.6,0.44,1.12,0.16,0.36,0.0,0.0,0.0,0.0,0.04,0.08,0.0,0.0,0.32,14.2,11.04,3.16,77.75,6.2,4.84,2.36,0.32,32.0,0.6,48.39,25,9,892,0.0,0.0,0.32,0.32,5.0,0.08,1.4,47.95,1.04,52.0,0.36,39.13
340,1126588,Ligue 1,Auxerre,Lasso Coulibaly,Midfielder,6.65,0.0,0.01,0.0,0.24,0.06,0.06,0.0,0.88,65.22,0.0,0.0,0.0,0.0,0.0,0.0,0.12,0.0,0.0,0.0,0.0,0.0,0.06,0.0,0.35,0.29,0.0,0.06,0.24,0.0,0.0,0.0,0.0,0.0,0.0,0.0,0.0,0.24,6.35,4.94,1.41,77.78,1.65,3.29,1.94,0.24,22.22,0.24,50.0,17,1,322,0.06,0.0,0.59,0.65,3.88,0.29,2.06,56.45,1.88,54.24,0.18,100.0
341,787889,Ligue 1,Stade Brestois,Lucas Tousart,Midfielder,6.65,0.04,0.03,0.04,0.38,0.12,0.21,11.11,0.12,75.0,0.04,0.0,0.04,0.0,0.0,0.0,0.0,0.04,0.0,0.0,0.0,0.0,0.0,0.0,1.21,0.33,0.75,0.08,0.33,0.0,0.0,0.0,0.0,0.0,0.08,0.0,0.0,0.17,11.21,9.08,2.12,81.04,5.38,3.71,1.62,0.08,66.67,0.54,56.52,24,9,857,0.0,0.0,0.88,0.21,3.38,0.38,2.33,48.7,1.54,49.33,0.79,47.5
342,920680,Ligue 1,Auxerre,Gabriel Osho,Defender,6.65,0.0,0.0,0.0,0.0,0.0,0.0,0.0,0.0,0.0,0.0,0.0,0.0,0.0,0.0,0.0,0.0,0.0,0.0,0.0,0.0,0.0,0.0,0.0,1.5,0.5,1.0,1.0,0.0,0.0,0.5,0.0,0.0,0.5,0.0,0.0,0.0,0.0,37.0,34.5,2.5,93.24,25.5,9.0,3.0,0.0,0.0,0.5,25.0,2,2,134,0.0,0.0,1.0,0.5,3.5,0.0,3.0,54.55,2.0,66.67,1.0,40.0
343,849114,Ligue 1,Stade Brestois,Radosław Majecki,Goalkeeper,6.65,0.0,0.0,0.0,0.0,0.0,0.0,0.0,0.0,0.0,0.0,0.0,0.0,0.0,0.0,0.0,0.0,0.0,0.0,0.0,0.0,0.0,0.0,0.0,0.0,0.0,0.5,0.0,0.1,0.2,0.0,0.1,0.0,0.3,0.0,0.0,0.0,0.0,29.8,20.2,9.6,67.79,13.9,6.3,1.7,0.0,0.0,8.3,46.89,10,10,865,0.0,0.1,0.1,0.1,9.8,0.0,0.3,60.0,0.1,33.33,0.2,100.0
344,979315,Ligue 1,Nice,Elye Wahi,Forward,6.65,0.36,0.26,0.43,1.64,1.07,0.21,21.74,0.43,40.0,0.29,0.07,0.0,0.0,0.36,0.0,1.43,0.0,0.07,0.07,100.0,0.0,0.0,0.0,0.36,0.14,0.07,0.0,0.21,0.0,0.0,0.0,0.0,0.14,0.14,0.07,0.0,0.57,10.07,6.86,3.21,68.09,2.43,4.43,2.5,0.29,50.0,0.21,42.86,14,11,926,0.36,0.0,1.5,0.36,6.79,0.5,1.57,24.72,1.14,29.09,0.43,17.65
345,1177351,Ligue 1,Auxerre,Lamine Sy,Defender,6.64,0.0,0.04,0.04,0.54,0.08,0.21,0.0,0.54,32.5,0.0,0.0,0.0,0.0,0.0,0.04,0.12,0.04,0.0,0.0,0.0,0.0,0.0,0.0,1.75,1.0,1.58,0.29,0.46,0.0,0.04,0.0,0.0,0.21,0.08,0.0,0.0,0.54,21.58,17.96,3.62,83.2,7.96,10.0,5.54,0.21,10.87,0.71,42.5,24,17,1551,0.04,0.0,1.0,0.58,9.33,0.46,3.12,51.02,2.83,49.28,0.29,77.78
346,1597197,Ligue 1,Stade Brestois,Hamidou Makalou,Midfielder,6.64,0.0,0.01,0.0,0.24,0.06,0.12,0.0,0.24,57.14,0.0,0.0,0.0,0.0,0.0,0.0,0.0,0.0,0.0,0.0,0.0,0.0,0.0,0.0,0.35,0.29,0.18,0.06,0.12,0.0,0.0,0.0,0.0,0.0,0.06,0.0,0.0,0.41,11.0,9.18,1.82,83.42,3.82,5.35,2.41,0.18,21.43,0.24,44.44,17,2,362,0.0,0.0,0.06,0.24,3.41,0.29,0.88,55.56,0.82,56.0,0.06,50.0
347,1394735,Ligue 1,Metz,Morgan Bokele Mputu,Midfielder,6.64,0.0,0.03,0.0,0.3,0.1,0.0,0.0,0.3,37.5,0.0,0.0,0.0,0.0,0.0,0.0,0.0,0.0,0.0,0.0,0.0,0.0,0.0,0.0,0.5,0.1,0.2,0.1,0.3,0.0,0.0,0.0,0.0,0.0,0.0,0.0,0.0,0.2,10.0,7.9,2.1,79.0,3.4,4.5,2.2,0.3,50.0,0.3,60.0,10,1,228,0.0,0.0,0.2,0.8,4.1,0.5,1.6,48.48,1.6,51.61,0.0,0.0
348,1930811,Ligue 1,RC Strasbourg,Abdoul Ouattara,Midfielder,6.64,0.07,0.09,0.07,0.96,0.39,0.32,7.41,0.29,34.78,0.07,0.0,0.0,0.0,0.07,0.0,0.04,0.04,0.0,0.0,0.0,0.0,0.0,0.0,0.82,0.75,1.32,0.04,0.25,0.0,0.04,0.0,0.0,0.14,0.14,0.0,0.0,0.21,30.79,27.71,3.07,90.02,16.71,11.0,5.39,0.14,22.22,0.36,47.62,28,19,1775,0.07,0.0,0.43,0.39,5.89,0.32,1.64,48.94,1.5,50.6,0.14,36.36
349,1545409,Ligue 1,Stade Rennais,Mahamadou Nagida,Defender,6.63,0.0,0.03,0.05,0.68,0.16,0.32,0.0,0.63,63.16,0.0,0.0,0.0,0.0,0.0,0.0,0.0,0.0,0.0,0.0,0.0,0.0,0.0,0.0,1.05,0.95,2.05,0.16,0.74,0.05,0.05,0.05,0.0,0.11,0.0,0.0,0.0,0.26,26.74,22.37,4.37,83.66,11.58,10.79,4.79,0.32,30.0,1.47,54.9,19,7,810,0.11,0.0,0.74,0.58,7.05,0.53,3.0,52.29,2.21,48.28,0.79,68.18
350,959805,Ligue 1,Olympique de Marseille,Quinten Timber,Midfielder,6.63,0.0,0.07,0.07,0.67,0.13,0.33,0.0,1.07,48.48,0.0,0.0,0.0,0.0,0.0,0.0,0.07,0.0,0.0,0.0,0.0,0.0,0.0,0.0,2.07,0.53,0.33,0.0,0.87,0.0,0.0,0.0,0.0,0.07,0.0,0.0,0.07,0.6,32.33,27.8,4.53,85.98,10.4,17.4,9.13,0.07,14.29,0.47,50.0,15,14,1111,0.33,0.0,0.87,1.33,9.53,1.2,4.6,52.27,4.47,52.34,0.13,50.0
351,45923,Ligue 1,Paris FC,Ciro Immobile,Forward,6.63,0.17,0.16,0.17,1.25,0.42,0.58,13.33,0.25,60.0,0.17,0.0,0.0,0.0,0.17,0.08,0.67,0.0,0.0,0.0,0.0,0.0,0.0,0.0,0.0,0.08,0.5,0.17,0.17,0.0,0.0,0.0,0.0,0.0,0.42,0.17,0.0,0.75,13.0,9.0,4.0,69.23,3.25,5.75,3.33,0.0,0.0,0.25,37.5,12,9,711,0.17,0.0,0.67,0.5,7.42,0.58,1.5,33.33,0.75,33.33,0.75,33.33
352,873551,Ligue 1,Nantes,Mostafa Mohamed,Forward,6.63,0.17,0.12,0.08,1.46,0.33,0.83,11.43,0.12,15.79,0.12,0.04,0.04,0.04,0.08,0.04,0.17,0.0,0.0,0.0,0.0,0.0,0.0,0.0,0.42,0.33,0.54,0.12,0.25,0.0,0.04,0.0,0.0,0.0,0.08,0.0,0.0,0.38,7.92,4.88,3.04,61.58,2.58,2.29,1.42,0.08,22.22,0.04,20.0,24,13,1171,0.04,0.0,0.75,1.12,6.71,0.88,3.71,44.5,1.54,38.95,2.17,49.52
353,1824137,Ligue 1,Le Havre,Timothee Pembele,Defender,6.63,0.0,0.03,0.07,0.29,0.14,0.14,0.0,0.36,71.43,0.0,0.0,0.0,0.0,0.0,0.0,0.07,0.0,0.0,0.0,0.0,0.0,0.0,0.0,0.79,0.21,1.36,0.07,0.5,0.0,0.0,0.0,0.0,0.0,0.0,0.0,0.0,0.14,10.36,8.57,1.79,82.76,5.14,3.43,1.21,0.14,33.33,0.21,37.5,14,2,381,0.07,0.0,0.21,0.29,3.14,0.36,1.79,54.35,1.43,54.05,0.36,55.56
354,1862843,Ligue 1,Angers,Marius Louer,Defender,6.63,0.0,0.0,0.0,0.0,0.0,0.0,0.0,0.44,80.0,0.0,0.0,0.0,0.0,0.0,0.0,0.0,0.0,0.0,0.0,0.0,0.0,0.0,0.0,2.22,0.33,2.22,0.22,0.56,0.0,0.0,0.0,0.11,0.11,0.0,0.0,0.0,0.33,22.78,19.67,3.11,86.34,14.0,5.67,2.33,0.33,33.33,1.11,50.0,9,6,552,0.11,0.0,0.78,0.33,4.67,0.11,3.56,60.38,3.0,65.85,0.56,41.67
355,782240,Ligue 1,Auxerre,Assane Dioussé,Midfielder,6.63,0.0,0.01,0.0,0.27,0.07,0.07,0.0,0.07,50.0,0.0,0.0,0.0,0.0,0.0,0.0,0.0,0.0,0.0,0.0,0.0,0.0,0.0,0.0,0.33,0.33,0.27,0.13,0.07,0.0,0.0,0.0,0.0,0.0,0.0,0.0,0.0,0.2,10.07,9.27,0.8,92.05,4.2,5.07,2.73,0.13,33.33,0.8,75.0,15,1,244,0.2,0.0,0.47,0.2,1.47,0.13,0.73,42.31,0.6,47.37,0.13,28.57
356,1426224,Ligue 1,RC Strasbourg,Mathis Amougou,Midfielder,6.63,0.0,0.02,0.08,0.25,0.17,0.08,0.0,0.33,44.44,0.0,0.0,0.0,0.0,0.0,0.0,0.0,0.0,0.0,0.0,0.0,0.0,0.0,0.0,1.42,0.17,0.17,0.08,0.75,0.0,0.08,0.0,0.0,0.0,0.0,0.0,0.0,0.42,19.08,17.0,2.08,89.08,8.42,8.58,4.0,0.0,0.0,0.0,0.0,12,4,406,0.08,0.0,0.33,0.33,3.5,0.25,2.08,54.35,2.08,54.35,0.0,0.0
357,2127096,Ligue 1,Olympique Lyonnais,Khalis Merah,Midfielder,6.63,0.0,0.04,0.18,0.27,0.14,0.14,0.0,0.45,66.67,0.0,0.0,0.0,0.0,0.0,0.0,0.0,0.0,0.0,0.0,0.0,0.0,0.0,0.0,1.23,0.32,0.14,0.0,0.73,0.0,0.23,0.0,0.0,0.0,0.14,0.05,0.0,0.55,22.45,19.18,3.27,85.43,8.14,11.05,5.73,0.05,7.69,0.45,50.0,22,15,1148,0.09,0.0,0.5,0.91,5.91,0.64,2.77,51.69,2.59,55.34,0.18,26.67
358,930813,Ligue 1,Paris FC,Tuomas Ollila,Defender,6.63,0.0,0.01,0.0,0.4,0.1,0.2,0.0,0.2,50.0,0.0,0.0,0.0,0.0,0.0,0.2,0.1,0.0,0.0,0.0,0.0,0.0,0.0,0.0,0.2,0.3,1.0,0.0,0.0,0.1,0.1,0.0,0.0,0.1,0.0,0.0,0.0,0.1,12.5,9.1,3.4,72.8,5.6,3.5,1.5,0.3,33.33,0.4,30.77,10,3,320,0.0,0.0,0.3,0.7,5.2,0.3,1.8,60.0,1.1,61.11,0.7,58.33
359,1894085,Ligue 1,Stade Brestois,Raphaël Le Guen,Defender,6.62,0.0,0.03,0.0,0.67,0.17,0.33,0.0,0.17,100.0,0.0,0.0,0.0,0.0,0.0,0.0,0.0,0.0,0.0,0.0,0.0,0.0,0.0,0.0,1.0,1.83,4.83,1.0,0.33,0.17,0.0,0.0,0.0,0.0,0.0,0.0,0.0,0.0,29.67,26.0,3.67,87.64,21.17,4.83,1.17,0.0,0.0,1.0,40.0,6,4,380,0.0,0.0,0.67,0.0,4.0,0.17,3.17,67.86,1.17,53.85,2.0,80.0
360,1406007,Ligue 1,Nantes,Bahereba Guirassy,Forward,6.62,0.1,0.09,0.1,0.75,0.35,0.2,13.33,0.45,23.68,0.1,0.0,0.0,0.0,0.1,0.1,0.15,0.0,0.0,0.0,0.0,0.0,0.0,0.0,1.05,0.25,0.6,0.05,0.3,0.0,0.0,0.0,0.0,0.0,0.1,0.05,0.0,0.35,10.05,6.7,3.35,66.67,2.85,3.85,2.15,0.25,21.74,0.15,50.0,20,9,827,0.1,0.0,0.75,0.45,7.85,0.7,2.6,38.52,1.95,39.0,0.65,37.14
361,39070,Ligue 1,Lille,Olivier Giroud,Forward,6.62,0.23,0.29,0.27,1.37,0.53,0.67,17.07,0.1,60.0,0.23,0.0,0.03,0.2,0.0,0.03,0.27,0.0,0.13,0.1,75.0,0.0,0.0,0.0,0.37,0.13,0.47,0.17,0.27,0.03,0.0,0.0,0.0,0.03,0.07,0.03,0.0,0.63,11.33,7.73,3.6,68.24,2.97,4.77,2.73,0.0,0.0,0.23,63.64,30,17,1623,0.07,0.0,0.9,1.03,5.2,0.27,3.13,52.22,1.47,51.16,1.67,53.19
362,803034,Ligue 1,Olympique de Marseille,Jeffrey De Lange,Goalkeeper,6.62,0.0,0.0,0.0,0.0,0.0,0.0,0.0,0.0,0.0,0.0,0.0,0.0,0.0,0.0,0.0,0.0,0.0,0.0,0.0,0.0,0.0,0.0,0.0,0.0,0.0,0.2,0.0,0.2,0.0,0.2,0.0,0.0,0.2,0.0,0.0,0.0,0.2,27.4,22.4,5.0,81.75,21.2,1.2,0.4,0.0,0.0,3.0,39.47,5,5,450,0.0,0.0,0.0,0.0,5.2,0.0,0.0,0.0,0.0,0.0,0.0,0.0
363,793988,Ligue 1,Olympique Lyonnais,Orel Mangala,Midfielder,6.62,0.0,0.02,0.0,0.44,0.11,0.22,0.0,0.56,62.5,0.0,0.0,0.0,0.0,0.0,0.0,0.0,0.0,0.0,0.0,0.0,0.0,0.0,0.0,0.67,0.78,0.67,0.22,0.33,0.0,0.11,0.0,0.0,0.0,0.0,0.0,0.0,0.56,24.67,22.44,2.22,90.99,8.78,13.67,6.33,0.0,0.0,0.89,66.67,9,5,426,0.0,0.0,0.89,0.56,3.78,0.11,2.0,51.43,1.78,53.33,0.22,40.0
364,1405998,Ligue 1,Nantes,Louis Leroux,Midfielder,6.62,0.04,0.07,0.04,0.65,0.13,0.13,6.67,0.48,37.93,0.04,0.0,0.04,0.0,0.0,0.0,0.04,0.0,0.0,0.0,0.0,0.0,0.0,0.0,1.61,0.17,1.57,0.09,0.57,0.0,0.04,0.0,0.0,0.04,0.0,0.04,0.0,0.7,19.87,14.78,5.09,74.4,7.04,7.74,3.43,0.43,33.33,0.74,34.69,23,16,1443,0.09,0.0,0.52,0.61,8.57,0.43,3.09,52.99,2.65,53.51,0.43,50.0
365,1895829,Ligue 1,Le Havre,Daren Nbenbege Mosengo,Midfielder,6.62,0.0,0.0,0.0,0.0,0.0,0.0,0.0,0.0,0.0,0.0,0.0,0.0,0.0,0.0,0.0,0.0,0.0,0.0,0.0,0.0,0.0,0.0,0.0,0.29,0.14,0.57,0.43,1.14,0.0,0.0,0.0,0.0,0.0,0.0,0.0,0.0,0.0,7.43,5.86,1.57,78.85,3.71,2.14,0.86,0.0,0.0,0.29,33.33,7,0,110,0.0,0.0,0.14,0.29,2.29,0.14,0.86,27.27,0.57,25.0,0.29,33.33
366,1936816,Ligue 1,Lille,Soriba Diaoune,Forward,6.62,0.1,0.12,0.1,1.0,0.4,0.4,10.0,0.5,45.45,0.1,0.0,0.0,0.0,0.1,0.1,0.0,0.0,0.0,0.0,0.0,0.0,0.0,0.0,0.3,0.1,0.2,0.1,0.1,0.0,0.0,0.0,0.0,0.0,0.0,0.1,0.0,0.5,6.3,5.0,1.3,79.37,1.6,3.4,1.8,0.2,40.0,0.1,100.0,10,1,202,0.0,0.0,0.5,0.3,3.6,0.6,1.2,35.29,1.1,37.93,0.1,20.0
367,1049528,Ligue 1,Nantes,Yassine Benhattab,Midfielder,6.62,0.0,0.02,0.0,0.4,0.1,0.1,0.0,0.8,53.33,0.0,0.0,0.0,0.0,0.0,0.0,0.1,0.0,0.0,0.0,0.0,0.0,0.0,0.0,1.0,0.0,0.3,0.0,0.2,0.0,0.2,0.0,0.0,0.0,0.1,0.0,0.1,0.7,14.1,10.2,3.9,72.34,5.0,5.2,3.0,0.4,16.0,0.5,55.56,10,5,477,0.0,0.0,0.3,0.3,10.2,0.4,2.2,52.38,2.1,56.76,0.1,20.0
368,1405912,Ligue 1,Nantes,Dehmaine Tabibou,Midfielder,6.62,0.04,0.07,0.04,1.07,0.26,0.44,3.45,0.74,54.05,0.04,0.0,0.0,0.04,0.0,0.07,0.0,0.0,0.0,0.0,0.0,0.0,0.11,0.0,1.11,0.63,0.7,0.0,0.41,0.11,0.0,0.0,0.0,0.0,0.11,0.0,0.0,0.74,14.85,10.96,3.89,73.82,5.48,5.48,2.81,0.78,23.33,0.7,33.33,27,14,1282,0.15,0.0,0.85,0.74,9.22,0.74,2.96,50.0,2.59,50.36,0.37,47.62
369,1153333,Ligue 1,RC Strasbourg,Rafael Luis,Midfielder,6.62,0.0,0.02,0.0,0.42,0.25,0.0,0.0,0.33,33.33,0.0,0.0,0.0,0.0,0.0,0.0,0.0,0.0,0.0,0.0,0.0,0.0,0.0,0.0,1.5,0.33,0.5,0.0,0.92,0.0,0.17,0.0,0.0,0.0,0.08,0.08,0.0,0.5,32.08,28.25,3.83,88.05,16.08,12.17,4.17,0.0,0.0,1.58,52.78,12,6,585,0.0,0.0,0.58,0.17,6.0,0.33,2.08,44.64,2.0,44.44,0.08,50.0
370,985199,Ligue 1,Metz,Giorgi Abuashvili,Midfielder,6.62,0.09,0.04,0.0,1.0,0.39,0.26,8.7,0.39,33.33,0.04,0.04,0.0,0.09,0.0,0.0,0.04,0.0,0.0,0.0,0.0,0.0,0.0,0.0,0.57,0.22,0.35,0.04,0.61,0.0,0.0,0.04,0.0,0.0,0.04,0.0,0.0,0.26,11.04,9.96,1.09,90.16,3.91,6.04,3.52,0.3,18.92,0.43,52.63,23,6,700,0.04,0.0,0.35,0.48,4.65,0.74,1.57,35.64,1.43,36.67,0.13,27.27
371,802143,Ligue 1,Nantes,Kelvin Amian,Defender,6.61,0.0,0.02,0.0,0.43,0.09,0.3,0.0,0.22,50.0,0.0,0.0,0.0,0.0,0.0,0.0,0.09,0.0,0.0,0.0,0.0,0.0,0.0,0.0,1.22,0.3,3.13,0.43,0.26,0.0,0.0,0.04,0.0,0.13,0.17,0.04,0.0,0.35,34.17,27.65,6.52,80.92,15.43,12.22,4.87,0.3,24.14,1.22,34.57,23,22,1962,0.13,0.0,1.0,0.78,10.39,0.7,3.43,56.43,2.17,51.02,1.26,69.05
372,1391541,Ligue 1,Lille,Ngal'ayel Mukau,Midfielder,6.61,0.03,0.07,0.1,0.67,0.17,0.2,5.0,0.43,52.0,0.03,0.0,0.0,0.0,0.03,0.0,0.13,0.0,0.0,0.0,0.0,0.0,0.0,0.0,0.97,0.47,0.27,0.03,0.5,0.0,0.07,0.03,0.0,0.03,0.0,0.0,0.0,0.43,20.9,18.23,2.67,87.24,6.03,12.2,7.1,0.0,0.0,0.6,64.29,30,19,1566,0.1,0.0,0.9,0.77,4.9,0.43,2.6,46.71,2.17,50.78,0.43,33.33
373,155818,Ligue 1,AS Monaco,Takumi Minamino,Midfielder,6.61,0.2,0.21,0.27,1.4,0.47,0.53,14.29,0.27,33.33,0.2,0.0,0.07,0.07,0.07,0.0,0.2,0.0,0.0,0.0,0.0,0.0,0.0,0.0,0.2,0.27,0.33,0.13,0.8,0.0,0.0,0.07,0.0,0.07,0.2,0.13,0.0,0.6,20.53,15.07,5.47,73.38,5.2,9.87,5.73,0.0,0.0,0.47,43.75,15,11,961,0.27,0.0,0.67,0.53,8.93,0.53,1.4,31.34,1.0,28.3,0.4,42.86
374,2077075,Ligue 1,Toulouse,Seny Koumbassa,Defender,6.61,0.11,0.03,0.0,0.33,0.11,0.22,33.33,0.0,0.0,0.11,0.0,0.11,0.0,0.0,0.0,0.0,0.0,0.0,0.0,0.0,0.0,0.0,0.0,1.0,0.33,3.44,0.22,0.22,0.0,0.0,0.0,0.0,0.11,0.0,0.0,0.0,0.0,17.89,15.22,2.67,85.09,11.0,4.22,0.56,0.0,0.0,0.11,6.25,9,4,441,0.0,0.0,0.11,0.0,3.22,0.0,1.33,70.59,1.0,75.0,0.33,60.0
375,362014,Ligue 1,Paris FC,Hamari Traoré,Defender,6.61,0.0,0.01,0.06,0.22,0.0,0.06,0.0,0.06,33.33,0.0,0.0,0.0,0.0,0.0,0.0,0.06,0.0,0.0,0.0,0.0,0.0,0.0,0.0,1.67,0.94,2.5,0.06,0.5,0.0,0.11,0.06,0.0,0.11,0.06,0.06,0.0,0.5,33.44,27.78,5.67,83.06,14.94,12.83,6.06,0.22,15.38,1.28,46.0,18,14,1158,0.22,0.0,1.17,0.33,8.94,0.11,3.0,55.1,2.06,54.41,0.94,56.67
376,886286,Ligue 1,Nantes,Nicolas Cozza,Defender,6.61,0.0,0.07,0.07,0.41,0.1,0.14,0.0,0.28,44.44,0.0,0.0,0.0,0.0,0.0,0.0,0.0,0.0,0.0,0.0,0.0,0.0,0.0,0.0,1.52,0.59,3.28,0.38,0.79,0.0,0.0,0.0,0.0,0.21,0.0,0.03,0.0,0.34,27.93,21.48,6.45,76.91,13.41,8.07,3.62,0.14,18.18,1.52,32.59,29,25,2303,0.07,0.0,0.79,1.07,9.45,0.24,3.52,52.85,2.79,56.64,0.72,42.0
377,802695,Ligue 1,RC Strasbourg,Ben Chilwell,Defender,6.61,0.0,0.02,0.05,0.25,0.15,0.05,0.0,0.5,58.82,0.0,0.0,0.0,0.0,0.0,0.0,0.2,0.0,0.0,0.0,0.0,0.0,0.0,0.0,1.25,1.1,2.65,0.2,0.75,0.05,0.05,0.0,0.0,0.1,0.2,0.1,0.0,0.35,39.6,34.75,4.85,87.75,22.7,12.05,4.7,0.55,36.67,1.05,35.59,20,19,1602,0.2,0.0,0.7,1.1,9.6,0.5,3.35,54.92,2.85,55.34,0.5,52.63
378,1399503,Ligue 1,RC Lens,Nidal Čelik,Defender,6.61,0.0,0.0,0.0,0.12,0.12,0.0,0.0,0.12,20.0,0.0,0.0,0.0,0.0,0.0,0.0,0.0,0.0,0.0,0.0,0.0,0.0,0.0,0.0,2.5,1.12,1.88,0.62,0.25,0.12,0.25,0.0,0.0,0.25,0.0,0.0,0.0,0.0,40.25,36.88,3.38,91.61,24.12,12.75,4.62,0.0,0.0,2.12,56.67,8,8,618,0.25,0.0,1.62,0.12,5.38,0.12,3.5,53.85,2.75,52.38,0.75,60.0
379,1606641,Ligue 1,AS Monaco,Pape Cabral,Midfielder,6.6,0.0,0.13,0.25,0.75,0.5,0.25,0.0,0.25,50.0,0.0,0.0,0.0,0.0,0.0,0.0,0.0,0.0,0.0,0.0,0.0,0.0,0.0,0.0,0.5,0.25,1.0,0.0,0.5,0.0,0.0,0.0,0.0,0.0,0.0,0.0,0.0,0.0,13.0,11.25,1.75,86.54,5.25,6.0,2.0,0.0,0.0,0.0,0.0,4,0,73,0.0,0.0,0.25,0.25,2.5,0.5,1.5,50.0,1.0,40.0,0.5,100.0
380,942937,Ligue 1,Nantes,Hong Hyun-seok,Midfielder,6.6,0.0,0.08,0.17,0.67,0.33,0.17,0.0,0.33,100.0,0.0,0.0,0.0,0.0,0.0,0.0,0.17,0.0,0.0,0.0,0.0,0.0,0.17,0.0,1.5,0.5,0.5,0.17,0.33,0.0,0.0,0.0,0.0,0.0,0.0,0.0,0.0,0.17,12.33,9.5,2.83,77.03,4.67,4.83,2.5,0.33,14.29,0.17,25.0,6,3,284,0.0,0.0,0.0,0.17,6.0,0.5,2.17,61.9,2.0,70.59,0.17,25.0
381,1484974,Ligue 1,Angers,Justin-Noel Kalumba,Midfielder,6.6,0.0,0.0,0.0,0.25,0.0,0.0,0.0,1.0,28.57,0.0,0.0,0.0,0.0,0.0,0.0,0.0,0.0,0.0,0.0,0.0,0.0,0.0,0.0,1.5,0.25,0.75,0.0,0.0,0.0,0.0,0.0,0.0,0.0,0.0,0.0,0.0,1.0,18.75,14.25,4.5,76.0,4.75,9.5,7.25,1.75,46.67,0.25,50.0,4,3,225,0.0,0.0,0.75,0.75,13.0,1.0,3.5,35.9,3.25,43.33,0.25,11.11
382,1153265,Ligue 1,Nice,Badredine Bouanani,Midfielder,6.6,0.0,0.04,0.0,0.5,0.0,0.5,0.0,0.5,25.0,0.0,0.0,0.0,0.0,0.0,0.0,0.0,0.0,0.0,0.0,0.0,0.0,0.0,0.0,0.0,0.5,0.0,0.0,0.5,0.0,0.0,0.0,0.0,0.0,0.0,0.0,0.0,0.5,23.5,18.5,5.0,78.72,6.0,12.5,6.0,0.5,20.0,0.0,0.0,2,1,93,0.0,0.0,0.0,1.0,10.0,0.0,1.5,33.33,1.5,42.86,0.0,0.0
383,1961638,Ligue 1,Toulouse,Ilyas Azizi,Forward,6.6,0.0,0.03,0.0,0.33,0.0,0.33,0.0,0.33,100.0,0.0,0.0,0.0,0.0,0.0,0.0,0.0,0.0,0.0,0.0,0.0,0.0,0.0,0.0,0.33,0.0,0.0,0.0,0.0,0.0,0.0,0.0,0.0,0.0,0.0,0.0,0.0,0.33,4.33,4.33,0.0,100.0,1.0,3.33,2.33,0.0,0.0,0.33,100.0,3,0,30,0.0,0.0,0.0,0.0,1.0,0.0,0.67,50.0,0.67,100.0,0.0,0.0
384,1386639,Ligue 1,Stade Rennais,Ibrahim Salah,Forward,6.6,0.0,0.01,0.0,0.5,0.0,0.0,0.0,0.0,0.0,0.0,0.0,0.0,0.0,0.0,0.0,0.5,0.0,0.0,0.0,0.0,0.0,0.0,0.0,0.5,0.0,0.5,0.0,0.0,0.0,0.0,0.0,0.0,0.0,0.0,0.0,0.0,0.0,11.0,11.0,0.0,100.0,3.5,7.5,2.5,0.0,0.0,0.0,0.0,2,0,40,0.0,0.0,0.0,1.0,1.0,1.0,2.0,57.14,1.5,60.0,0.5,50.0
385,1426221,Ligue 1,Paris FC,Nhoa Sangui,Defender,6.6,0.0,0.01,0.04,0.15,0.04,0.08,0.0,0.38,40.0,0.0,0.0,0.0,0.0,0.0,0.0,0.12,0.0,0.0,0.0,0.0,0.0,0.0,0.0,1.0,0.65,2.15,0.19,0.15,0.04,0.08,0.0,0.0,0.15,0.08,0.0,0.0,0.65,29.38,25.38,4.0,86.39,13.0,12.38,5.58,0.46,32.43,0.77,37.74,26,18,1752,0.0,0.0,0.19,0.65,7.23,0.38,2.31,58.82,2.04,61.63,0.27,43.75
386,1500263,Ligue 1,RC Strasbourg,Aarón Anselmino,Defender,6.6,0.0,0.0,0.0,0.0,0.0,0.0,0.0,0.0,0.0,0.0,0.0,0.0,0.0,0.0,0.0,0.0,0.0,0.0,0.0,0.0,0.0,0.0,0.0,0.0,0.33,2.33,0.0,0.0,0.0,0.0,0.0,0.0,0.0,0.0,0.0,0.0,0.0,2.67,2.67,0.0,100.0,2.67,0.0,0.0,0.0,0.0,0.0,0.0,3,0,24,0.0,0.0,0.0,0.0,0.0,0.0,0.67,100.0,0.0,0.0,0.67,100.0
387,919027,Ligue 1,Nice,Ali Abdi,Defender,6.6,0.14,0.11,0.09,0.73,0.18,0.36,18.75,0.86,44.19,0.14,0.0,0.05,0.09,0.0,0.0,0.05,0.0,0.0,0.0,0.0,0.0,0.0,0.0,1.0,0.45,1.23,0.18,0.5,0.05,0.05,0.0,0.0,0.09,0.14,0.0,0.0,0.77,19.55,14.64,4.91,74.88,7.91,6.73,3.73,0.27,17.14,0.45,21.28,22,13,1165,0.09,0.05,1.0,0.82,9.59,0.32,3.86,49.42,2.68,49.17,1.18,50.0
388,1469180,Ligue 1,Nice,Moise Bombito,Defender,6.6,0.0,0.0,0.0,0.0,0.0,0.0,0.0,0.0,0.0,0.0,0.0,0.0,0.0,0.0,0.0,0.0,0.0,0.0,0.0,0.0,0.0,0.0,0.0,1.0,1.0,3.0,1.5,0.0,0.0,0.0,1.0,0.0,0.0,0.0,0.0,0.0,0.0,32.0,27.0,5.0,84.38,21.0,6.0,1.5,0.0,0.0,1.0,40.0,2,2,146,0.5,0.0,1.5,0.5,5.5,0.5,4.5,60.0,1.5,50.0,3.0,66.67
389,1463503,Ligue 1,Metz,Malick Mbaye,Midfielder,6.6,0.0,0.03,0.0,0.4,0.2,0.0,0.0,0.6,42.86,0.0,0.0,0.0,0.0,0.0,0.0,0.0,0.0,0.0,0.0,0.0,0.0,0.0,0.0,2.0,0.6,1.8,0.0,0.4,0.0,0.0,0.0,0.0,0.0,0.0,0.0,0.0,0.4,19.2,15.8,3.4,82.29,6.6,9.2,4.2,0.4,25.0,1.0,62.5,5,3,299,0.2,0.0,0.6,0.6,7.8,0.8,3.4,44.74,3.2,55.17,0.2,11.11
390,1927719,Ligue 1,Auxerre,Tidiane Devernois,Midfielder,6.6,0.0,0.0,0.0,0.0,0.0,0.0,0.0,0.0,0.0,0.0,0.0,0.0,0.0,0.0,0.0,0.0,0.0,0.0,0.0,0.0,0.0,0.0,0.0,0.0,0.0,0.0,0.0,0.0,0.0,0.0,0.0,0.0,0.0,0.0,0.0,0.0,1.0,5.0,3.0,2.0,60.0,0.5,2.5,1.5,0.5,33.33,0.0,0.0,2,0,18,0.0,0.0,0.0,0.0,3.0,0.0,0.0,0.0,0.0,0.0,0.0,0.0
391,292665,Ligue 1,Stade Rennais,Glen Kamara,Midfielder,6.6,0.0,0.0,0.0,0.0,0.0,0.0,0.0,0.0,0.0,0.0,0.0,0.0,0.0,0.0,0.0,0.0,0.0,0.0,0.0,0.0,0.0,0.0,0.0,0.0,0.0,0.0,0.0,0.25,0.0,0.0,0.0,0.0,0.0,0.0,0.0,0.0,0.0,14.25,13.0,1.25,91.23,8.25,4.75,2.5,0.0,0.0,0.5,100.0,4,0,63,0.0,0.0,0.0,0.5,1.5,0.0,1.0,80.0,0.5,66.67,0.5,100.0
392,1490783,Ligue 1,Le Havre,Simon Ebonog,Midfielder,6.6,0.03,0.06,0.0,0.73,0.13,0.37,4.55,0.57,47.22,0.03,0.0,0.0,0.0,0.03,0.0,0.0,0.0,0.0,0.0,0.0,0.0,0.0,0.0,1.3,0.8,0.77,0.13,0.2,0.0,0.0,0.0,0.0,0.03,0.03,0.0,0.03,0.27,15.63,12.33,3.3,78.89,5.4,6.93,3.47,0.13,26.67,0.23,38.89,30,21,1778,0.27,0.0,0.97,1.13,6.97,1.13,3.77,50.67,3.0,50.85,0.77,50.0
393,2020789,Ligue 1,Nice,Djibril Coulibaly,Midfielder,6.6,0.0,0.0,0.0,0.0,0.0,0.0,0.0,0.0,0.0,0.0,0.0,0.0,0.0,0.0,0.0,0.0,0.0,0.0,0.0,0.0,0.0,0.0,0.0,0.0,0.5,0.0,0.0,0.0,0.0,0.0,0.0,0.0,0.0,0.0,0.0,0.0,0.0,4.5,4.0,0.5,88.89,0.5,3.5,1.0,0.0,0.0,0.5,100.0,2,0,27,0.0,0.0,0.5,0.0,1.5,0.0,0.5,50.0,0.0,0.0,0.5,100.0
394,1506932,Ligue 1,Angers,Marius Courcoul,Defender,6.59,0.0,0.0,0.0,0.11,0.06,0.06,0.0,0.06,25.0,0.0,0.0,0.0,0.0,0.0,0.0,0.0,0.0,0.0,0.0,0.0,0.0,0.0,0.0,0.83,0.17,0.44,0.11,0.22,0.0,0.0,0.06,0.0,0.0,0.0,0.0,0.0,0.17,8.72,6.94,1.78,79.62,4.0,2.94,1.28,0.0,0.0,0.22,33.33,18,3,373,0.0,0.0,0.33,0.17,2.78,0.28,1.22,51.16,1.06,51.35,0.17,50.0
395,822110,Ligue 1,Nantes,Deiver Machado,Defender,6.59,0.0,0.04,0.05,0.68,0.11,0.32,0.0,0.37,33.33,0.0,0.0,0.0,0.0,0.0,0.0,0.21,0.0,0.0,0.0,0.0,0.0,0.0,0.0,1.11,0.53,1.58,0.05,0.26,0.05,0.05,0.0,0.0,0.11,0.16,0.05,0.0,0.37,19.21,15.89,3.32,82.74,7.58,8.32,4.11,0.26,19.23,0.58,33.33,19,16,1186,0.16,0.0,1.32,1.47,8.05,0.74,3.42,47.1,2.95,50.0,0.47,34.62
396,326343,Ligue 1,Metz,Jean-Philippe Gbamin,Defender,6.59,0.03,0.06,0.03,0.45,0.23,0.1,7.14,0.84,78.79,0.03,0.0,0.0,0.0,0.03,0.03,0.0,0.0,0.0,0.0,0.0,0.0,0.0,0.0,1.65,0.87,2.65,0.42,0.65,0.03,0.06,0.0,0.0,0.16,0.1,0.03,0.0,0.48,57.61,50.77,6.84,88.13,35.71,15.06,5.52,0.1,60.0,3.74,47.93,31,30,2488,0.06,0.03,0.77,0.26,8.9,0.81,3.61,51.85,2.74,53.13,0.87,48.21
397,1514916,Ligue 1,Angers,Sidiki Cherif,Forward,6.59,0.21,0.16,0.16,1.47,0.63,0.32,14.29,0.58,32.35,0.21,0.0,0.0,0.05,0.16,0.0,0.58,0.0,0.0,0.0,0.0,0.0,0.0,0.0,0.42,0.37,0.11,0.0,0.21,0.0,0.0,0.0,0.0,0.0,0.05,0.0,0.0,0.26,11.84,8.84,3.0,74.67,4.79,4.05,2.05,0.05,16.67,0.05,50.0,19,14,1164,0.16,0.0,0.79,0.84,7.89,1.0,2.74,37.14,1.84,39.33,0.89,33.33
398,940328,Ligue 1,Paris FC,Jean-Philippe Krasso,Forward,6.59,0.08,0.14,0.24,1.08,0.4,0.56,7.41,0.72,37.5,0.08,0.0,0.0,0.08,0.0,0.08,0.44,0.0,0.04,0.04,100.0,0.0,0.0,0.0,0.52,0.04,0.28,0.04,0.36,0.0,0.0,0.0,0.0,0.0,0.16,0.08,0.04,0.96,10.24,7.32,2.92,71.48,2.84,4.48,2.6,0.04,25.0,0.32,61.54,25,12,1099,0.0,0.0,0.8,0.76,7.04,0.52,3.12,38.42,1.84,38.98,1.28,37.65
399,235538,Ligue 1,Le Havre,Younes Namli,Midfielder,6.59,0.0,0.01,0.0,0.33,0.0,0.17,0.0,0.42,83.33,0.0,0.0,0.0,0.0,0.0,0.0,0.17,0.0,0.0,0.0,0.0,0.0,0.0,0.0,0.75,0.5,0.25,0.0,0.42,0.0,0.0,0.0,0.0,0.0,0.08,0.08,0.0,0.25,9.42,6.67,2.75,70.8,2.17,4.5,2.08,0.42,23.81,0.42,83.33,12,3,340,0.17,0.0,0.67,0.33,5.5,0.42,1.75,45.65,1.5,50.0,0.25,30.0
400,1130942,Ligue 1,RC Strasbourg,Félix Lemaréchal,Midfielder,6.59,0.0,0.08,0.09,0.91,0.18,0.45,0.0,1.09,54.55,0.0,0.0,0.0,0.0,0.0,0.0,0.0,0.0,0.0,0.0,0.0,0.0,0.18,0.0,1.55,0.27,0.64,0.0,0.91,0.0,0.09,0.0,0.0,0.09,0.18,0.18,0.0,0.64,21.27,16.45,4.82,77.35,7.27,9.18,5.0,0.45,33.33,0.27,50.0,11,7,554,0.09,0.0,0.73,0.55,9.64,1.0,3.55,48.15,3.18,47.3,0.36,57.14
401,904994,Ligue 1,Stade Brestois,Eric Ebimbe,Midfielder,6.59,0.19,0.13,0.22,1.0,0.33,0.3,18.52,0.11,17.65,0.19,0.0,0.04,0.04,0.11,0.0,0.11,0.0,0.0,0.0,0.0,0.0,0.0,0.0,0.93,0.22,0.48,0.0,0.52,0.0,0.0,0.0,0.0,0.0,0.07,0.0,0.0,0.3,10.22,7.85,2.37,76.81,3.41,4.44,2.41,0.04,20.0,0.26,77.78,27,15,1180,0.11,0.0,0.81,0.56,4.85,0.52,1.93,38.81,1.59,41.75,0.33,29.03
402,829093,Ligue 1,Nantes,Ibrahima Sissoko,Midfielder,6.58,0.0,0.02,0.0,0.46,0.0,0.23,0.0,0.54,63.64,0.0,0.0,0.0,0.0,0.0,0.0,0.15,0.0,0.0,0.0,0.0,0.0,0.0,0.0,1.0,1.31,1.0,0.38,0.15,0.0,0.0,0.0,0.0,0.0,0.15,0.0,0.0,0.31,24.62,19.77,4.85,80.31,10.0,9.77,4.31,0.08,16.67,1.0,46.43,13,9,811,0.31,0.0,1.92,0.62,8.23,0.92,3.38,46.32,2.08,39.13,1.31,65.38
403,816810,Ligue 1,Paris FC,Mathieu Cafaro,Midfielder,6.58,0.0,0.04,0.0,0.7,0.1,0.5,0.0,0.1,50.0,0.0,0.0,0.0,0.0,0.0,0.0,0.2,0.0,0.0,0.0,0.0,0.0,0.1,0.0,0.0,0.0,0.1,0.0,0.0,0.0,0.0,0.0,0.0,0.0,0.0,0.0,0.0,0.3,5.3,4.3,1.0,81.13,1.2,3.1,1.6,0.2,28.57,0.1,50.0,10,1,159,0.0,0.0,0.2,0.4,1.9,0.1,0.5,55.56,0.4,50.0,0.1,100.0
404,1035986,Ligue 1,Auxerre,Josué Casimir,Midfielder,6.58,0.03,0.09,0.1,0.71,0.39,0.16,4.55,0.32,50.0,0.03,0.0,0.0,0.0,0.03,0.06,0.1,0.0,0.03,0.0,0.0,0.0,0.0,0.0,1.0,0.35,0.39,0.0,0.32,0.0,0.03,0.0,0.0,0.0,0.03,0.0,0.0,0.32,14.81,11.68,3.13,78.87,4.26,7.42,4.23,0.29,16.98,0.42,48.15,31,16,1532,0.13,0.03,1.1,1.03,6.87,0.39,3.16,52.41,2.35,53.28,0.81,50.0
405,1386065,Ligue 1,Toulouse,Mario Sauer,Midfielder,6.58,0.04,0.07,0.04,0.56,0.12,0.2,7.14,0.12,42.86,0.04,0.0,0.0,0.0,0.04,0.0,0.0,0.0,0.0,0.0,0.0,0.0,0.0,0.0,0.44,0.4,0.48,0.08,0.24,0.0,0.04,0.0,0.0,0.0,0.0,0.0,0.0,0.12,9.6,7.48,2.12,77.92,3.08,4.4,2.28,0.12,42.86,0.28,43.75,25,6,683,0.16,0.0,0.48,0.12,3.0,0.08,0.96,45.28,0.68,41.46,0.28,58.33
406,250133,Ligue 1,Nice,Morgan Sanson,Midfielder,6.58,0.0,0.08,0.16,0.61,0.13,0.26,0.0,0.74,51.11,0.0,0.0,0.0,0.0,0.0,0.0,0.06,0.0,0.0,0.0,0.0,0.0,0.0,0.0,1.0,0.81,0.48,0.29,0.61,0.0,0.06,0.03,0.0,0.0,0.1,0.06,0.0,0.39,20.68,16.94,3.74,81.9,7.74,9.19,4.19,0.1,7.69,1.61,61.73,31,20,1779,0.13,0.0,1.13,0.68,7.84,1.0,2.94,43.96,2.42,43.1,0.52,48.48
407,45512,Ligue 1,Nantes,Youssef El Arabi,Forward,6.58,0.12,0.1,0.28,0.6,0.36,0.16,20.0,0.24,30.0,0.08,0.04,0.0,0.0,0.12,0.08,0.4,0.08,0.04,0.0,0.0,0.0,0.0,0.0,0.48,0.12,0.44,0.04,0.2,0.0,0.0,0.0,0.0,0.04,0.04,0.0,0.0,0.36,10.56,6.68,3.88,63.26,3.04,3.64,1.72,0.0,0.0,0.44,50.0,25,11,979,0.0,0.0,0.88,0.92,6.56,0.24,2.6,41.94,1.6,47.06,1.0,35.71
408,1046028,Ligue 1,Nantes,Mayckel Lahdo,Forward,6.58,0.12,0.04,0.0,0.38,0.12,0.12,33.33,0.75,50.0,0.12,0.0,0.0,0.0,0.12,0.0,0.12,0.0,0.0,0.0,0.0,0.0,0.0,0.0,0.62,0.0,0.25,0.0,0.25,0.0,0.0,0.0,0.0,0.0,0.0,0.12,0.0,0.62,12.5,10.75,1.75,86.0,4.38,6.38,3.0,0.0,0.0,0.38,60.0,8,5,418,0.0,0.0,0.62,0.75,5.75,0.88,2.25,40.91,2.12,47.22,0.12,12.5
409,2070311,Ligue 1,Metz,Brian Madjo,Forward,6.58,0.0,0.07,0.0,0.6,0.2,0.2,0.0,0.0,0.0,0.0,0.0,0.0,0.0,0.0,0.0,0.6,0.0,0.0,0.0,0.0,0.0,0.0,0.0,0.0,0.0,0.4,0.0,0.0,0.0,0.0,0.0,0.0,0.0,0.0,0.0,0.0,0.0,3.6,2.0,1.6,55.56,1.6,0.4,0.2,0.0,0.0,0.0,0.0,5,2,162,0.0,0.0,0.6,0.6,3.8,0.6,1.2,40.0,0.6,30.0,0.6,60.0
410,934510,Ligue 1,Paris Saint-Germain,Gonçalo Ramos,Forward,6.58,0.2,0.3,0.47,1.93,0.83,0.67,10.34,0.57,45.95,0.13,0.07,0.07,0.07,0.07,0.03,0.2,0.0,0.07,0.03,50.0,0.0,0.0,0.0,0.43,0.17,0.33,0.0,0.33,0.0,0.0,0.0,0.0,0.1,0.07,0.03,0.0,0.57,11.33,9.43,1.9,83.24,3.37,6.07,3.3,0.03,100.0,0.07,66.67,30,13,1320,0.07,0.03,0.8,0.77,4.2,0.47,2.47,44.85,1.77,45.69,0.7,42.86
411,1103079,Ligue 1,Lorient,Nathaniel Adjei,Defender,6.58,0.0,0.03,0.07,0.27,0.13,0.13,0.0,0.07,50.0,0.0,0.0,0.0,0.0,0.0,0.0,0.07,0.0,0.0,0.0,0.0,0.0,0.0,0.0,0.73,0.53,3.33,0.13,0.2,0.07,0.0,0.0,0.07,0.13,0.0,0.0,0.0,0.07,25.93,23.73,2.2,91.52,15.8,7.93,2.27,0.0,0.0,1.47,62.86,15,9,840,0.0,0.0,0.53,0.4,3.13,0.13,2.0,50.85,1.2,58.06,0.8,42.86
412,158233,Ligue 1,Metz,Bouna Sarr,Defender,6.58,0.0,0.14,0.25,1.25,0.25,0.67,0.0,0.92,34.38,0.0,0.0,0.0,0.0,0.0,0.08,0.17,0.0,0.0,0.0,0.0,0.0,0.0,0.0,1.92,0.92,1.67,0.5,0.5,0.08,0.0,0.0,0.0,0.17,0.08,0.0,0.0,0.67,29.5,26.42,3.08,89.55,12.83,13.58,6.92,0.58,22.58,1.17,63.64,12,10,897,0.08,0.0,1.0,1.67,10.0,0.83,5.17,52.99,4.5,52.94,0.67,53.33
413,1001858,Ligue 1,Stade Brestois,Soumaila Coulibaly,Defender,6.58,0.0,0.02,0.0,0.38,0.12,0.19,0.0,0.19,100.0,0.0,0.0,0.0,0.0,0.0,0.0,0.06,0.0,0.0,0.0,0.0,0.0,0.0,0.0,0.88,0.88,4.69,0.56,0.0,0.06,0.19,0.0,0.06,0.19,0.0,0.0,0.06,0.12,46.56,42.0,4.56,90.2,31.19,10.81,3.0,0.0,0.0,2.44,51.32,16,15,1339,0.19,0.0,1.62,1.25,5.12,0.0,3.94,63.64,2.25,61.02,1.69,67.5
414,891505,Ligue 1,Angers,Goduine Koyalipou,Forward,6.58,0.15,0.2,0.15,1.69,0.69,0.69,9.09,0.46,35.29,0.15,0.0,0.0,0.0,0.15,0.0,0.38,0.0,0.08,0.08,100.0,0.0,0.0,0.0,0.23,0.15,0.38,0.0,0.0,0.0,0.0,0.0,0.0,0.0,0.0,0.08,0.0,0.38,9.54,7.15,2.38,75.0,4.0,3.15,1.92,0.0,0.0,0.23,60.0,13,7,675,0.0,0.0,0.31,0.38,6.0,0.85,2.15,37.33,1.08,35.9,1.08,38.89
415,1130111,Ligue 1,Lille,Marius Broholm,Forward,6.58,0.09,0.09,0.0,0.36,0.27,0.0,25.0,0.27,25.0,0.09,0.0,0.0,0.09,0.0,0.0,0.0,0.0,0.09,0.09,100.0,0.0,0.0,0.0,0.91,0.18,0.18,0.0,0.36,0.09,0.0,0.0,0.0,0.0,0.0,0.09,0.0,0.73,10.64,8.36,2.27,78.63,2.64,5.73,4.73,0.36,28.57,0.18,66.67,11,3,288,0.0,0.0,0.36,0.73,5.18,0.45,1.91,48.84,1.91,50.0,0.0,0.0
416,1170523,Ligue 1,Paris FC,Lohann Doucet,Midfielder,6.58,0.2,0.06,0.0,0.4,0.2,0.2,50.0,0.4,66.67,0.2,0.0,0.0,0.0,0.2,0.0,0.0,0.0,0.0,0.0,0.0,0.0,0.0,0.0,0.2,0.0,0.6,0.2,0.2,0.2,0.2,0.0,0.0,0.0,0.0,0.0,0.0,0.6,11.2,10.2,1.0,91.07,5.2,5.0,2.8,0.0,0.0,1.0,83.33,5,1,127,0.4,0.0,0.8,0.2,2.0,0.4,0.8,30.77,0.8,33.33,0.0,0.0
417,1129527,Ligue 1,Olympique de Marseille,Bilal Nadir,Midfielder,6.58,0.0,0.02,0.0,0.35,0.05,0.15,0.0,0.2,66.67,0.0,0.0,0.0,0.0,0.0,0.0,0.05,0.0,0.0,0.0,0.0,0.0,0.0,0.0,0.85,0.35,0.25,0.05,0.5,0.0,0.0,0.0,0.0,0.05,0.15,0.2,0.05,0.6,18.55,16.75,1.8,90.3,6.15,10.6,5.45,0.2,40.0,0.35,53.85,20,5,596,0.2,0.05,1.2,0.2,3.35,0.45,1.35,35.06,1.25,36.23,0.1,25.0
418,1027091,Ligue 1,Lorient,Joel Mugisha Mvuka,Midfielder,6.57,0.0,0.03,0.07,0.53,0.07,0.33,0.0,0.4,37.5,0.0,0.0,0.0,0.0,0.0,0.0,0.07,0.0,0.0,0.0,0.0,0.0,0.0,0.0,1.47,0.47,0.87,0.0,0.27,0.0,0.07,0.0,0.0,0.0,0.13,0.0,0.0,0.27,9.87,7.8,2.07,79.05,3.33,4.47,2.6,0.07,8.33,0.13,28.57,15,5,572,0.0,0.0,0.27,0.73,4.33,0.33,2.67,56.34,2.6,62.9,0.07,11.11
419,1891021,Ligue 1,Stade Rennais,Nordan Mukiele,Forward,6.57,0.12,0.02,0.0,0.5,0.12,0.0,25.0,0.25,66.67,0.0,0.12,0.0,0.0,0.12,0.0,0.0,0.0,0.0,0.0,0.0,0.0,0.0,0.0,0.12,0.0,0.12,0.0,0.25,0.0,0.0,0.0,0.0,0.0,0.0,0.0,0.0,0.12,5.88,5.0,0.88,85.11,1.62,3.38,2.0,0.0,0.0,0.0,0.0,8,0,106,0.0,0.0,0.5,0.25,2.62,0.62,0.75,30.0,0.62,31.25,0.12,25.0
420,1202024,Ligue 1,Olympique Lyonnais,Ernest Nuamah,Forward,6.57,0.0,0.06,0.0,0.67,0.0,0.0,0.0,1.0,50.0,0.0,0.0,0.0,0.0,0.0,0.0,0.0,0.0,0.0,0.0,0.0,0.0,0.0,0.0,0.33,0.0,0.0,0.0,0.33,0.0,0.0,0.0,0.0,0.0,0.0,0.0,0.0,0.0,6.0,5.67,0.33,94.44,1.0,4.67,3.33,0.33,50.0,0.0,0.0,3,0,47,0.0,0.0,0.0,0.0,3.33,0.67,1.33,40.0,1.33,40.0,0.0,0.0
421,942834,Ligue 1,Metz,Cheick Tidiane Sabaly,Forward,6.57,0.0,0.12,0.29,0.57,0.29,0.21,0.0,1.0,41.18,0.0,0.0,0.0,0.0,0.0,0.0,0.36,0.0,0.0,0.0,0.0,0.0,0.0,0.0,1.29,0.36,0.36,0.21,0.64,0.0,0.07,0.0,0.0,0.14,0.29,0.14,0.0,0.71,16.36,12.5,3.86,76.42,5.36,7.14,4.57,0.29,28.57,0.36,62.5,14,12,976,0.14,0.0,1.0,1.14,9.29,1.5,3.57,38.46,3.43,43.24,0.14,10.53
422,1397558,Ligue 1,AS Monaco,Kassoum Ouattara,Defender,6.57,0.0,0.06,0.07,0.8,0.0,0.4,0.0,0.6,26.47,0.0,0.0,0.0,0.0,0.0,0.13,0.07,0.0,0.0,0.0,0.0,0.0,0.0,0.0,1.8,1.07,1.4,0.0,0.6,0.0,0.13,0.07,0.0,0.13,0.33,0.2,0.0,1.13,25.13,18.67,6.47,74.27,8.47,10.2,4.47,0.8,24.0,0.67,37.04,15,12,983,0.2,0.0,1.47,0.67,14.67,0.87,4.13,43.97,3.07,40.0,1.07,61.54
423,2011326,Ligue 1,Olympique de Marseille,Nouhoum Kamissoko,Midfielder,6.57,0.0,0.01,0.0,0.33,0.0,0.33,0.0,0.0,0.0,0.0,0.0,0.0,0.0,0.0,0.0,0.0,0.0,0.0,0.0,0.0,0.0,0.0,0.0,0.33,0.0,0.0,1.0,0.0,0.0,0.0,0.0,0.0,0.0,0.33,0.0,0.0,0.67,6.0,5.0,1.0,83.33,1.67,3.33,0.67,0.0,0.0,0.0,0.0,3,0,31,0.0,0.0,0.0,0.0,1.33,0.0,0.67,66.67,0.33,100.0,0.33,50.0
424,209768,Ligue 1,Angers,Pierrick Capelle,Midfielder,6.57,0.0,0.04,0.06,0.62,0.06,0.31,0.0,0.19,60.0,0.0,0.0,0.0,0.0,0.0,0.0,0.0,0.0,0.0,0.0,0.0,0.0,0.12,0.0,1.19,0.44,0.56,0.06,0.94,0.0,0.06,0.0,0.0,0.0,0.06,0.06,0.0,0.38,14.12,11.44,2.69,80.97,5.5,5.94,2.88,0.19,25.0,0.69,64.71,16,6,660,0.12,0.0,0.94,0.69,5.06,0.75,2.31,41.11,2.0,42.11,0.31,35.71
425,1000442,Ligue 1,Le Havre,Yassine Kechta,Midfielder,6.57,0.07,0.06,0.13,0.7,0.3,0.23,9.52,0.23,28.0,0.07,0.0,0.0,0.03,0.03,0.0,0.1,0.0,0.0,0.0,0.0,0.0,0.0,0.0,1.07,0.57,0.63,0.13,0.87,0.0,0.07,0.0,0.0,0.0,0.17,0.03,0.0,0.5,13.93,11.1,2.83,79.67,5.03,6.07,3.03,0.3,32.14,0.5,46.88,30,14,1348,0.13,0.0,1.17,0.53,6.0,0.57,1.93,34.12,1.83,37.16,0.1,13.64
426,1471095,Ligue 1,Auxerre,Ibrahim Osman,Forward,6.57,0.0,0.13,0.36,1.29,0.43,0.64,0.0,0.43,27.27,0.0,0.0,0.0,0.0,0.0,0.0,0.21,0.0,0.0,0.0,0.0,0.0,0.0,0.0,0.79,0.29,0.14,0.0,0.21,0.0,0.0,0.0,0.0,0.0,0.07,0.14,0.0,0.5,11.71,9.36,2.36,79.88,2.29,7.07,4.0,0.07,10.0,0.29,66.67,14,7,630,0.0,0.0,0.5,1.0,7.43,1.14,2.64,41.57,2.21,42.47,0.43,37.5
427,1172936,Ligue 1,Angers,Louis Mouton,Midfielder,6.56,0.06,0.09,0.03,1.12,0.25,0.47,5.56,0.38,35.29,0.06,0.0,0.0,0.0,0.06,0.0,0.12,0.0,0.0,0.0,0.0,0.0,0.0,0.0,1.25,0.44,0.44,0.12,0.75,0.0,0.03,0.0,0.0,0.09,0.12,0.03,0.0,0.69,22.09,16.69,5.41,75.53,7.47,9.22,4.88,0.28,29.03,0.84,50.0,32,24,1911,0.06,0.03,0.62,0.5,8.94,0.84,2.59,41.5,2.12,43.04,0.47,35.71
428,877979,Ligue 1,Paris FC,Willem Geubbels,Forward,6.56,0.21,0.24,0.38,1.25,0.38,0.71,16.67,0.04,14.29,0.21,0.0,0.0,0.0,0.21,0.08,0.42,0.0,0.04,0.04,100.0,0.0,0.0,0.0,0.12,0.25,0.54,0.12,0.17,0.0,0.0,0.0,0.0,0.0,0.0,0.0,0.0,0.29,8.71,6.08,2.62,69.86,2.46,3.62,2.08,0.0,0.0,0.08,100.0,24,12,1019,0.0,0.0,0.79,0.12,5.0,0.54,1.58,32.76,0.29,15.56,1.29,43.66
429,1861665,Ligue 1,Paris Saint-Germain,Quentin Ndjantou,Forward,6.56,0.1,0.15,0.2,0.9,0.3,0.4,11.11,0.6,60.0,0.1,0.0,0.0,0.0,0.1,0.1,0.0,0.0,0.0,0.0,0.0,0.0,0.0,0.0,0.2,0.2,0.2,0.1,0.4,0.0,0.0,0.0,0.0,0.0,0.0,0.1,0.0,0.5,19.8,16.7,3.1,84.34,5.9,10.8,6.0,0.0,0.0,0.4,100.0,10,3,354,0.1,0.0,0.7,0.2,4.6,0.1,1.0,31.25,1.0,38.46,0.0,0.0
430,2137784,Ligue 1,Angers,Prosper Peter,Forward,6.56,0.17,0.19,0.28,0.79,0.48,0.21,21.74,0.21,15.0,0.17,0.0,0.03,0.03,0.1,0.0,0.52,0.03,0.0,0.0,0.0,0.0,0.0,0.0,0.24,0.14,0.31,0.0,0.03,0.0,0.0,0.0,0.0,0.0,0.03,0.0,0.0,0.38,6.76,4.79,1.97,70.92,1.86,2.93,1.97,0.0,0.0,0.03,50.0,29,14,1273,0.0,0.0,1.03,1.03,6.14,0.83,2.72,37.98,1.48,34.13,1.24,43.9
431,1518669,Ligue 1,Nice,Kaïl Boudache,Forward,6.56,0.08,0.2,0.31,1.0,0.15,0.54,7.69,0.46,28.57,0.08,0.0,0.0,0.08,0.0,0.08,0.0,0.0,0.0,0.0,0.0,0.0,0.0,0.0,1.0,0.38,0.15,0.0,0.54,0.0,0.0,0.0,0.0,0.0,0.0,0.0,0.0,0.31,9.92,7.38,2.54,74.42,2.46,4.92,3.0,0.15,25.0,0.15,66.67,13,3,535,0.0,0.0,0.38,0.31,6.69,0.85,2.23,34.12,1.77,38.33,0.46,24.0
432,1529051,Ligue 1,Lorient,Abdoulaye Faye,Defender,6.56,0.0,0.03,0.06,0.47,0.12,0.29,0.0,0.41,70.0,0.0,0.0,0.0,0.0,0.0,0.0,0.0,0.0,0.0,0.0,0.0,0.0,0.0,0.0,1.88,1.65,5.35,0.35,0.47,0.06,0.0,0.06,0.06,0.06,0.0,0.0,0.0,0.12,49.06,43.0,6.06,87.65,29.53,13.47,4.24,0.0,0.0,2.29,41.05,17,16,1446,0.47,0.0,1.47,0.82,7.65,0.29,5.0,57.82,3.06,59.77,1.94,55.0
433,962064,Ligue 1,Nice,Isak Jansson,Forward,6.56,0.05,0.08,0.09,0.77,0.5,0.14,5.88,0.18,33.33,0.05,0.0,0.0,0.0,0.05,0.0,0.0,0.0,0.0,0.0,0.0,0.0,0.0,0.0,0.55,0.27,0.09,0.0,0.41,0.0,0.05,0.0,0.0,0.0,0.05,0.0,0.0,0.36,6.82,4.82,2.0,70.67,1.32,3.5,2.41,0.36,50.0,0.05,16.67,22,7,655,0.14,0.0,0.45,0.36,3.91,0.27,1.27,35.9,1.09,42.86,0.18,18.18
434,1103141,Ligue 1,Lorient,Sambou Soumano,Forward,6.56,0.13,0.17,0.16,0.9,0.32,0.29,14.29,0.16,35.71,0.13,0.0,0.0,0.03,0.1,0.0,0.32,0.0,0.03,0.0,0.0,0.0,0.0,0.0,0.16,0.13,0.42,0.0,0.03,0.0,0.0,0.0,0.0,0.0,0.06,0.06,0.0,0.32,5.81,4.29,1.52,73.89,1.97,2.32,1.39,0.0,0.0,0.06,28.57,31,8,927,0.06,0.0,0.52,0.58,3.45,0.71,1.81,37.58,0.9,37.84,0.9,37.33
435,1049517,Ligue 1,RC Strasbourg,Ismael Doukouré,Defender,6.56,0.0,0.02,0.08,0.28,0.12,0.16,0.0,0.48,80.0,0.0,0.0,0.0,0.0,0.0,0.0,0.0,0.0,0.0,0.0,0.0,0.0,0.0,0.0,0.8,0.92,3.04,0.48,0.08,0.0,0.16,0.0,0.08,0.2,0.08,0.08,0.04,0.28,59.16,54.2,4.96,91.62,38.84,15.36,3.72,0.04,33.33,1.44,44.44,25,25,2076,0.16,0.08,0.84,0.68,6.48,0.32,3.12,58.65,1.96,59.76,1.16,56.86
436,1170532,Ligue 1,Angers,Jacques Ekomié,Defender,6.56,0.0,0.04,0.12,0.38,0.09,0.22,0.0,0.44,38.89,0.0,0.0,0.0,0.0,0.0,0.0,0.19,0.0,0.0,0.0,0.0,0.0,0.0,0.0,1.88,0.97,1.53,0.31,0.31,0.0,0.03,0.03,0.0,0.16,0.03,0.0,0.0,0.38,23.19,18.78,4.41,81.0,10.44,8.34,3.5,0.28,14.29,0.41,36.11,32,25,2240,0.09,0.0,0.94,0.97,10.16,0.81,4.09,53.91,3.28,54.97,0.81,50.0
437,936848,Ligue 1,Auxerre,Theo Bair,Forward,6.55,0.0,0.0,0.0,0.0,0.0,0.0,0.0,0.0,0.0,0.0,0.0,0.0,0.0,0.0,0.0,0.0,0.0,0.0,0.0,0.0,0.0,0.0,0.0,0.0,0.0,0.5,0.0,0.0,0.0,0.0,0.0,0.0,0.0,0.0,0.0,0.0,0.0,2.0,1.5,0.5,75.0,0.0,1.5,1.0,0.0,0.0,0.0,0.0,2,0,23,0.0,0.0,0.0,0.0,2.5,1.0,1.5,60.0,0.0,0.0,1.5,100.0
438,1005648,Ligue 1,Auxerre,Fredrik Oppegård,Defender,6.55,0.0,0.02,0.0,0.43,0.09,0.13,0.0,0.39,52.94,0.0,0.0,0.0,0.0,0.0,0.0,0.09,0.0,0.0,0.0,0.0,0.0,0.0,0.0,1.13,0.57,1.04,0.22,0.22,0.0,0.0,0.0,0.0,0.04,0.04,0.0,0.0,0.48,17.09,13.61,3.48,79.64,5.3,8.3,4.3,0.61,29.17,0.3,26.92,23,15,1269,0.04,0.04,0.35,0.35,7.04,0.3,1.87,53.09,1.87,60.56,0.0,0.0
439,788921,Ligue 1,RC Lens,Florian Sotoca,Forward,6.55,0.04,0.03,0.0,0.5,0.04,0.38,7.69,0.08,28.57,0.04,0.0,0.0,0.0,0.04,0.04,0.08,0.0,0.0,0.0,0.0,0.0,0.0,0.0,0.23,0.19,0.38,0.0,0.19,0.0,0.0,0.0,0.0,0.04,0.04,0.0,0.04,0.31,9.65,7.69,1.96,79.68,2.31,5.38,3.46,0.0,0.0,0.46,75.0,26,4,553,0.08,0.0,0.35,0.46,3.31,0.27,1.27,45.83,0.77,44.44,0.5,48.15
440,998241,Ligue 1,Lorient,Darlin Yongwa,Defender,6.55,0.0,0.02,0.04,0.43,0.09,0.13,0.0,0.57,46.43,0.0,0.0,0.0,0.0,0.0,0.0,0.04,0.04,0.0,0.0,0.0,0.0,0.0,0.0,1.39,0.48,1.39,0.09,0.57,0.0,0.0,0.04,0.0,0.13,0.17,0.04,0.0,0.74,27.74,22.87,4.87,82.45,13.09,9.78,4.83,0.43,27.03,1.09,42.37,23,14,1312,0.17,0.04,0.61,0.96,9.0,0.83,3.7,49.42,2.91,52.76,0.78,40.0
441,1922996,Ligue 1,Stade Brestois,Serigne Diop,Forward,6.55,0.0,0.06,0.0,0.5,0.0,0.0,0.0,0.5,100.0,0.0,0.0,0.0,0.0,0.0,0.0,0.0,0.0,0.0,0.0,0.0,0.0,0.0,0.0,0.0,0.0,0.0,0.0,0.0,0.0,0.0,0.0,0.0,0.0,0.0,0.0,0.0,0.0,1.0,0.5,0.5,50.0,0.5,0.0,0.0,0.5,100.0,0.0,0.0,2,0,26,0.0,0.0,0.0,0.0,1.0,0.5,1.5,75.0,0.5,50.0,1.0,100.0
442,1651830,Ligue 1,Angers,Oumar Pona,Goalkeeper,6.55,0.0,0.0,0.0,0.0,0.0,0.0,0.0,0.0,0.0,0.0,0.0,0.0,0.0,0.0,0.0,0.0,0.0,0.0,0.0,0.0,0.0,0.0,0.0,0.0,0.0,1.5,0.0,0.0,0.0,0.0,0.0,0.0,0.0,0.0,0.0,0.0,0.0,23.5,18.5,5.0,78.72,15.5,3.0,1.0,0.0,0.0,5.0,50.0,2,2,180,0.5,0.0,0.0,1.0,5.0,0.0,1.0,100.0,1.0,100.0,0.0,0.0
443,1512354,Ligue 1,Lille,Noah Edjouma,Forward,6.55,0.0,0.05,0.0,0.67,0.2,0.2,0.0,0.67,41.67,0.0,0.0,0.0,0.0,0.0,0.0,0.07,0.0,0.0,0.0,0.0,0.0,0.0,0.0,0.73,0.2,0.33,0.0,0.53,0.0,0.0,0.0,0.0,0.0,0.0,0.0,0.0,0.47,6.07,4.27,1.8,70.33,1.4,2.87,1.73,0.27,22.22,0.13,28.57,15,3,365,0.0,0.0,0.33,0.4,5.53,0.67,2.0,42.25,1.8,42.19,0.2,42.86
444,151900,Ligue 1,Nantes,Uroš Radaković,Defender,6.54,0.0,0.0,0.0,0.0,0.0,0.0,0.0,0.0,0.0,0.0,0.0,0.0,0.0,0.0,0.0,0.17,0.0,0.0,0.0,0.0,0.0,0.0,0.0,0.33,0.5,1.33,0.33,0.17,0.0,0.0,0.0,0.0,0.0,0.0,0.0,0.0,0.17,4.0,2.5,1.5,62.5,1.83,0.67,0.33,0.0,0.0,0.0,0.0,6,1,112,0.0,0.0,0.33,0.0,1.83,0.0,0.83,41.67,0.33,40.0,0.5,42.86
445,128285,Ligue 1,Metz,Maxime Colin,Defender,6.54,0.0,0.02,0.05,0.32,0.09,0.14,0.0,0.32,63.64,0.0,0.0,0.0,0.0,0.0,0.0,0.0,0.0,0.0,0.0,0.0,0.0,0.0,0.0,1.82,1.18,2.05,0.45,0.64,0.0,0.0,0.0,0.0,0.18,0.0,0.0,0.0,0.27,42.05,37.55,4.5,89.3,23.77,13.77,5.27,0.18,33.33,1.27,50.0,22,18,1700,0.05,0.0,0.45,0.32,6.5,0.45,2.91,58.18,2.45,59.34,0.45,52.63
446,1894003,Ligue 1,Toulouse,Dayann Methalie,Midfielder,6.54,0.07,0.03,0.04,0.56,0.26,0.19,13.33,1.04,35.9,0.07,0.0,0.0,0.07,0.0,0.0,0.04,0.04,0.0,0.0,0.0,0.0,0.0,0.0,2.0,0.93,1.15,0.11,0.26,0.0,0.04,0.04,0.0,0.04,0.11,0.04,0.0,0.33,17.3,13.7,3.59,79.23,6.52,7.19,3.78,0.33,21.43,0.41,39.29,27,22,1882,0.33,0.0,2.11,0.41,10.96,1.3,3.89,40.08,3.41,38.82,0.48,52.0
447,2076689,Ligue 1,Metz,Believe Munongo,Midfielder,6.54,0.0,0.02,0.0,0.45,0.09,0.27,0.0,0.27,50.0,0.0,0.0,0.0,0.0,0.0,0.0,0.0,0.0,0.0,0.0,0.0,0.0,0.0,0.0,1.0,0.55,0.73,0.09,0.73,0.0,0.0,0.0,0.0,0.0,0.0,0.0,0.0,0.27,18.18,15.27,2.91,84.0,7.82,7.45,3.82,0.0,0.0,0.27,60.0,11,5,428,0.09,0.0,1.55,0.18,4.09,0.27,2.45,42.86,1.45,34.04,1.0,68.75
448,1462434,Ligue 1,AS Monaco,George Ilenikhena,Forward,6.54,0.13,0.1,0.2,1.0,0.47,0.4,13.33,0.07,9.09,0.13,0.0,0.07,0.07,0.0,0.0,0.53,0.0,0.0,0.0,0.0,0.0,0.0,0.0,0.07,0.0,0.13,0.07,0.2,0.0,0.0,0.0,0.0,0.0,0.0,0.0,0.0,0.2,3.53,2.6,0.93,73.58,0.8,1.8,1.6,0.0,0.0,0.13,66.67,15,3,386,0.0,0.0,0.13,0.4,3.0,0.4,1.07,33.33,0.53,27.59,0.53,42.11
449,1128844,Ligue 1,Toulouse,Emersonn,Forward,6.54,0.22,0.27,0.33,1.93,0.7,0.85,11.54,0.37,28.57,0.22,0.0,0.07,0.07,0.07,0.04,0.19,0.0,0.0,0.0,0.0,0.0,0.0,0.0,0.74,0.26,0.7,0.04,0.44,0.0,0.0,0.0,0.0,0.04,0.04,0.07,0.0,0.67,9.11,6.85,2.26,75.2,1.7,5.15,2.74,0.0,0.0,0.15,80.0,27,18,1504,0.19,0.04,1.48,0.37,6.48,0.59,3.78,38.64,1.48,32.52,2.3,43.97
450,1897492,Ligue 1,Auxerre,Telli Siwe,Defender,6.53,0.0,0.02,0.25,0.5,0.25,0.25,0.0,0.25,20.0,0.0,0.0,0.0,0.0,0.0,0.0,0.0,0.0,0.0,0.0,0.0,0.0,0.0,0.0,1.5,1.5,2.75,0.5,0.25,0.0,0.0,0.25,0.0,0.5,0.0,0.0,0.0,0.25,20.25,17.5,2.75,86.42,10.75,6.75,1.75,0.0,0.0,0.75,50.0,4,4,315,0.0,0.0,0.75,0.0,5.5,0.5,2.25,40.91,1.75,43.75,0.5,33.33
451,1499870,Ligue 1,Stade Brestois,Luc Zogbé,Defender,6.53,0.0,0.0,0.0,0.33,0.0,0.22,0.0,0.22,28.57,0.0,0.0,0.0,0.0,0.0,0.0,0.0,0.0,0.0,0.0,0.0,0.0,0.0,0.0,0.56,0.33,2.33,0.22,0.56,0.0,0.22,0.0,0.0,0.11,0.0,0.0,0.0,0.11,12.78,9.78,3.0,76.52,7.0,2.78,1.56,0.22,18.18,1.33,57.14,9,3,299,0.0,0.0,0.78,0.56,6.0,0.56,2.0,36.0,1.33,36.36,0.67,35.29
452,2017474,Ligue 1,Nice,Bernard Nguene,Forward,6.53,0.0,0.03,0.0,0.5,0.0,0.5,0.0,0.17,33.33,0.0,0.0,0.0,0.0,0.0,0.0,0.17,0.0,0.0,0.0,0.0,0.0,0.0,0.0,0.67,0.5,0.33,0.0,0.17,0.0,0.0,0.0,0.0,0.0,0.0,0.0,0.0,0.0,5.5,4.17,1.33,75.76,1.67,2.5,1.67,0.0,0.0,0.0,0.0,6,0,133,0.17,0.0,0.5,0.33,3.83,0.67,2.17,56.52,1.17,43.75,1.0,85.71
453,2277165,Ligue 1,Le Havre,Enzo Koffi,Defender,6.53,0.0,0.01,0.0,0.29,0.14,0.14,0.0,0.57,44.44,0.0,0.0,0.0,0.0,0.0,0.0,0.07,0.0,0.0,0.0,0.0,0.0,0.0,0.0,1.07,0.64,1.14,0.0,0.29,0.0,0.07,0.07,0.0,0.0,0.0,0.0,0.0,0.29,10.79,7.79,3.0,72.19,4.71,3.07,1.71,0.21,12.5,0.14,20.0,14,4,387,0.14,0.0,0.86,0.71,8.29,0.64,2.79,50.0,2.36,48.53,0.43,60.0
454,2369898,Ligue 1,Olympique Lyonnais,Adil Hamdani,Forward,6.53,0.0,0.02,0.0,0.5,0.0,0.25,0.0,0.25,50.0,0.0,0.0,0.0,0.0,0.0,0.0,0.0,0.0,0.0,0.0,0.0,0.0,0.0,0.0,0.25,0.0,0.0,0.25,0.0,0.0,0.0,0.0,0.0,0.0,0.0,0.0,0.0,0.0,3.25,2.75,0.5,84.62,0.25,2.5,2.0,0.0,0.0,0.75,100.0,4,0,28,0.0,0.0,0.25,0.0,2.25,0.0,0.5,40.0,0.5,50.0,0.0,0.0
455,894396,Ligue 1,Nice,Terem Moffi,Forward,6.53,0.2,0.33,0.5,1.6,0.8,0.5,12.5,0.3,33.33,0.2,0.0,0.1,0.1,0.0,0.1,0.7,0.0,0.0,0.0,0.0,0.0,0.0,0.0,0.1,0.0,0.1,0.0,0.3,0.0,0.0,0.0,0.0,0.0,0.1,0.0,0.0,0.5,7.4,5.3,2.1,71.62,1.9,3.4,2.6,0.0,0.0,0.0,0.0,10,6,489,0.0,0.0,0.2,0.2,5.2,0.7,1.2,31.58,0.6,25.0,0.6,42.86
456,1014540,Ligue 1,Olympique Lyonnais,Ruben Kluivert,Defender,6.52,0.06,0.03,0.0,0.12,0.06,0.06,50.0,0.19,75.0,0.06,0.0,0.0,0.06,0.0,0.0,0.0,0.0,0.0,0.0,0.0,0.0,0.0,0.0,1.06,0.56,3.0,0.25,0.25,0.06,0.06,0.0,0.0,0.06,0.12,0.12,0.0,0.12,25.81,21.81,4.0,84.5,16.75,5.06,1.31,0.0,0.0,0.5,33.33,16,9,805,0.25,0.0,0.62,0.25,4.81,0.06,2.69,59.72,1.5,60.0,1.19,59.38
457,1597191,Ligue 1,Metz,Alpha Touré,Midfielder,6.52,0.0,0.04,0.03,0.57,0.03,0.3,0.0,0.5,55.56,0.0,0.0,0.0,0.0,0.0,0.0,0.03,0.0,0.0,0.0,0.0,0.0,0.0,0.0,1.33,0.3,0.83,0.13,0.57,0.0,0.1,0.03,0.0,0.13,0.0,0.03,0.0,0.37,24.23,21.03,3.2,86.8,12.5,8.53,3.7,0.1,23.08,0.43,48.15,30,16,1611,0.17,0.0,0.9,0.9,5.73,0.6,3.3,50.77,2.73,52.9,0.57,42.5
458,825088,Ligue 1,Le Havre,Ally Samatta,Forward,6.52,0.07,0.14,0.3,1.56,0.59,0.7,4.76,0.44,46.15,0.07,0.0,0.0,0.04,0.04,0.11,0.33,0.04,0.0,0.0,0.0,0.0,0.0,0.0,0.41,0.15,0.41,0.0,0.33,0.0,0.0,0.0,0.0,0.04,0.07,0.04,0.0,0.67,9.78,7.07,2.7,72.35,1.81,5.26,3.15,0.04,14.29,0.37,66.67,27,17,1550,0.15,0.0,1.3,0.74,6.3,0.96,3.0,37.16,1.59,34.4,1.41,40.86
459,2198657,Ligue 1,Le Havre,Kenny Quetant,Forward,6.52,0.11,0.08,0.11,0.89,0.22,0.44,12.5,0.22,66.67,0.11,0.0,0.0,0.0,0.11,0.0,0.44,0.0,0.0,0.0,0.0,0.0,0.0,0.0,0.0,0.11,0.33,0.0,0.22,0.0,0.0,0.0,0.0,0.0,0.0,0.0,0.0,0.11,7.0,4.44,2.56,63.49,1.89,2.56,1.33,0.0,0.0,0.0,0.0,9,4,387,0.11,0.0,0.67,0.33,4.44,0.33,1.44,35.14,0.56,29.41,0.89,40.0
460,1149127,Ligue 1,Olympique de Marseille,Arthur Vermeeren,Midfielder,6.51,0.0,0.01,0.05,0.15,0.05,0.05,0.0,0.25,62.5,0.0,0.0,0.0,0.0,0.0,0.0,0.0,0.0,0.0,0.0,0.0,0.0,0.0,0.0,1.4,0.6,0.45,0.05,0.8,0.0,0.1,0.0,0.0,0.05,0.05,0.05,0.0,0.55,28.6,25.3,3.3,88.46,11.6,13.7,6.45,0.0,0.0,0.5,66.67,20,10,830,0.05,0.05,0.75,0.05,4.5,0.2,1.9,47.5,1.7,47.22,0.2,50.0
461,1083007,Ligue 1,AS Monaco,Mika Biereth,Forward,6.51,0.06,0.1,0.12,0.59,0.22,0.16,10.53,0.12,30.77,0.06,0.0,0.0,0.0,0.06,0.0,0.28,0.0,0.0,0.0,0.0,0.0,0.0,0.0,0.34,0.0,0.16,0.06,0.25,0.0,0.0,0.0,0.0,0.0,0.12,0.06,0.03,0.66,6.44,3.94,2.5,61.17,1.38,2.56,1.81,0.06,28.57,0.06,50.0,32,12,1108,0.0,0.0,0.5,0.44,4.88,0.72,1.38,30.99,0.91,36.25,0.47,24.19
462,1516047,Ligue 1,Nantes,Amady Camara,Forward,6.51,0.0,0.04,0.1,0.6,0.0,0.3,0.0,0.1,25.0,0.0,0.0,0.0,0.0,0.0,0.0,0.0,0.0,0.0,0.0,0.0,0.0,0.0,0.0,0.4,0.1,0.0,0.0,0.2,0.0,0.0,0.0,0.0,0.0,0.0,0.0,0.0,0.2,5.0,3.8,1.2,76.0,1.8,2.0,1.0,0.1,5.88,0.2,50.0,10,1,168,0.0,0.0,0.4,0.2,4.7,0.6,0.8,32.0,0.7,35.0,0.1,20.0
463,1935903,Ligue 1,RC Strasbourg,Amadou Cissé,Defender,6.5,0.0,0.0,0.0,0.0,0.0,0.0,0.0,1.0,100.0,0.0,0.0,0.0,0.0,0.0,0.0,0.0,0.0,0.0,0.0,0.0,0.0,0.0,0.0,3.0,0.0,8.0,1.0,0.0,0.0,0.0,0.0,0.0,0.0,0.0,0.0,0.0,1.0,53.0,45.0,8.0,84.91,27.0,18.0,9.0,0.0,0.0,1.0,25.0,1,1,90,0.0,0.0,3.0,0.0,13.0,1.0,5.0,55.56,4.0,50.0,1.0,100.0
464,1536811,Ligue 1,Metz,Idrissa Gueye,Forward,6.5,0.0,0.03,0.0,0.67,0.0,0.33,0.0,0.0,0.0,0.0,0.0,0.0,0.0,0.0,0.0,0.0,0.0,0.0,0.0,0.0,0.0,0.0,0.0,0.67,0.0,1.67,0.0,0.33,0.0,0.0,0.0,0.0,0.0,0.0,0.0,0.0,0.0,5.33,2.67,2.67,50.0,2.0,0.67,0.0,0.0,0.0,0.0,0.0,3,1,130,0.0,0.0,1.0,0.67,5.0,0.33,2.0,35.29,1.33,44.44,0.67,25.0
465,1884150,Ligue 1,Rodez AF,Mathis Saka,Midfielder,6.5,0.0,0.0,0.0,0.0,0.0,0.0,0.0,0.0,0.0,0.0,0.0,0.0,0.0,0.0,0.0,0.0,0.0,0.0,0.0,0.0,0.0,0.0,0.0,0.0,0.0,0.0,0.0,0.0,0.0,0.0,0.0,0.0,0.0,0.0,0.0,0.0,0.0,5.0,2.0,3.0,40.0,0.0,2.0,1.0,0.0,0.0,0.0,0.0,1,0,8,0.0,0.0,1.0,0.0,3.0,0.0,0.0,0.0,0.0,0.0,0.0,0.0
466,250737,Ligue 1,Olympique de Marseille,Adrien Rabiot,Midfielder,6.5,0.0,0.04,0.0,1.0,0.0,1.0,0.0,0.0,0.0,0.0,0.0,0.0,0.0,0.0,1.0,0.0,0.0,0.0,0.0,0.0,0.0,0.0,0.0,0.0,0.0,1.0,0.0,0.0,0.0,0.0,0.0,0.0,0.0,0.0,0.0,0.0,4.0,41.0,39.0,2.0,95.12,10.0,29.0,21.0,3.0,33.33,0.0,0.0,1,1,90,1.0,0.0,2.0,1.0,9.0,0.0,1.0,20.0,1.0,25.0,0.0,0.0
467,1464025,Ligue 1,RC Strasbourg,Kendry Páez,Midfielder,6.5,0.07,0.06,0.07,0.67,0.27,0.27,10.0,0.4,31.58,0.07,0.0,0.07,0.0,0.0,0.0,0.07,0.0,0.0,0.0,0.0,0.0,0.13,0.0,0.4,0.2,0.4,0.0,1.0,0.0,0.07,0.0,0.0,0.0,0.07,0.0,0.0,0.4,10.6,8.2,2.4,77.36,3.0,5.2,2.93,0.13,11.76,0.13,22.22,15,4,431,0.0,0.0,0.47,0.2,5.47,0.6,1.13,26.15,1.0,25.42,0.13,33.33
468,1170694,Ligue 1,Lille,Ugo Raghouber,Midfielder,6.5,0.0,0.0,0.0,0.0,0.0,0.0,0.0,0.0,0.0,0.0,0.0,0.0,0.0,0.0,0.0,0.0,0.0,0.0,0.0,0.0,0.0,0.0,0.0,0.0,0.0,0.0,0.0,0.0,0.0,0.0,0.0,0.0,0.0,0.0,0.0,0.0,0.0,6.0,4.0,2.0,66.67,0.0,4.0,0.0,0.0,0.0,0.0,0.0,1,0,10,0.0,0.0,0.0,0.0,3.0,0.0,0.0,0.0,0.0,0.0,0.0,0.0
469,1937851,Ligue 1,Paris Saint-Germain,Mathis Jangeal,Midfielder,6.5,0.0,0.0,0.0,0.0,0.0,0.0,0.0,0.0,0.0,0.0,0.0,0.0,0.0,0.0,0.0,0.0,0.0,0.0,0.0,0.0,0.0,0.0,0.0,0.0,0.0,1.0,0.0,0.0,0.0,0.0,0.0,0.0,0.0,0.0,0.0,0.0,0.0,9.0,9.0,0.0,100.0,4.0,5.0,2.0,0.0,0.0,0.0,0.0,1,0,10,0.0,0.0,1.0,0.0,1.0,1.0,0.0,0.0,0.0,0.0,0.0,0.0
470,1214843,Ligue 1,Nice,Zoumana Diallo,Forward,6.5,0.0,0.0,0.0,0.0,0.0,0.0,0.0,0.0,0.0,0.0,0.0,0.0,0.0,0.0,0.0,0.0,0.0,0.0,0.0,0.0,0.0,0.0,0.0,0.0,0.0,1.0,0.0,0.0,0.0,0.0,0.0,0.0,0.0,0.0,0.0,0.0,1.0,1.0,0.0,1.0,0.0,0.0,0.0,0.0,0.0,0.0,0.0,0.0,1,0,9,0.0,0.0,2.0,1.0,1.0,0.0,1.0,33.33,1.0,33.33,0.0,0.0
471,1823080,Ligue 1,Paris FC,Mohamed Benoit-Dao,Forward,6.5,0.0,0.0,0.0,0.0,0.0,0.0,0.0,0.0,0.0,0.0,0.0,0.0,0.0,0.0,0.0,0.0,0.0,0.0,0.0,0.0,0.0,0.0,0.0,0.0,0.0,0.0,0.0,0.0,0.0,0.0,0.0,0.0,0.0,0.0,0.0,0.0,0.0,2.0,2.0,0.0,100.0,2.0,0.0,0.0,0.0,0.0,0.0,0.0,1,0,9,0.0,0.0,0.0,0.0,1.0,0.0,0.0,0.0,0.0,0.0,0.0,0.0
472,1823916,Ligue 1,Olympique de Marseille,Darryl Bakola,Midfielder,6.5,0.0,0.01,0.0,0.38,0.12,0.12,0.0,0.12,50.0,0.0,0.0,0.0,0.0,0.0,0.0,0.0,0.0,0.0,0.0,0.0,0.0,0.0,0.0,0.25,0.0,0.0,0.0,0.12,0.0,0.0,0.0,0.0,0.0,0.0,0.0,0.0,0.12,5.5,4.62,0.88,84.09,2.12,2.5,1.25,0.0,0.0,0.25,50.0,8,0,90,0.0,0.0,0.5,0.5,2.25,0.38,1.0,42.11,0.88,46.67,0.12,25.0
473,1606631,Ligue 1,Stade Brestois,Ibrahim Yayiya Kante,Forward,6.5,0.0,0.0,0.0,0.0,0.0,0.0,0.0,1.0,50.0,0.0,0.0,0.0,0.0,0.0,0.0,0.0,0.0,0.0,0.0,0.0,0.0,0.0,0.0,0.0,0.0,0.0,0.0,0.0,0.0,0.0,0.0,0.0,0.0,0.0,0.0,0.0,0.0,3.0,3.0,0.0,100.0,2.0,1.0,1.0,0.0,0.0,0.0,0.0,1,0,8,0.0,0.0,0.0,0.0,1.0,0.0,1.0,50.0,1.0,50.0,0.0,0.0
474,1606013,Ligue 1,Stade Rennais,Yassir Zabiri,Forward,6.5,0.0,0.12,0.17,0.67,0.33,0.33,0.0,0.33,100.0,0.0,0.0,0.0,0.0,0.0,0.0,0.0,0.0,0.0,0.0,0.0,0.0,0.0,0.0,0.5,0.0,0.0,0.17,0.0,0.0,0.0,0.0,0.0,0.0,0.0,0.0,0.0,0.0,2.17,2.0,0.17,92.31,0.67,1.33,0.5,0.0,0.0,0.17,100.0,6,0,63,0.0,0.0,1.0,0.0,1.33,0.33,1.0,37.5,0.83,38.46,0.17,33.33
475,1937806,Ligue 1,Paris Saint-Germain,Noah Nsoki,Forward,6.5,0.0,0.0,0.0,0.0,0.0,0.0,0.0,0.0,0.0,0.0,0.0,0.0,0.0,0.0,0.0,0.0,0.0,0.0,0.0,0.0,0.0,0.0,0.0,1.0,0.0,0.0,0.0,0.0,0.0,0.0,0.0,0.0,0.0,0.0,0.0,0.0,0.0,8.0,6.0,2.0,75.0,3.0,3.0,2.0,0.0,0.0,0.0,0.0,1,0,15,0.0,0.0,0.0,0.0,2.0,0.0,1.0,100.0,1.0,100.0,0.0,0.0
476,96542,Ligue 1,Nice,Maxime Dupé,Goalkeeper,6.5,0.0,0.0,0.0,0.0,0.0,0.0,0.0,0.0,0.0,0.0,0.0,0.0,0.0,0.0,0.0,0.0,0.0,0.0,0.0,0.0,0.0,0.0,0.0,0.0,0.0,0.88,0.0,0.0,0.12,0.12,0.0,0.0,0.12,0.0,0.0,0.0,0.12,30.88,20.38,10.5,65.99,18.88,1.5,0.12,0.0,0.0,4.25,29.31,8,8,720,0.0,0.0,0.0,0.12,10.62,0.0,0.38,100.0,0.12,100.0,0.25,100.0
477,2418022,Ligue 1,RC Strasbourg,Jean-Baptiste Bosey,Forward,6.5,0.0,0.0,0.0,0.0,0.0,0.0,0.0,0.0,0.0,0.0,0.0,0.0,0.0,0.0,0.0,0.0,0.0,0.0,0.0,0.0,0.0,0.0,0.0,0.0,0.0,0.0,0.0,0.0,0.0,0.0,0.0,0.0,0.0,0.0,0.0,0.0,0.0,0.0,0.0,0.0,0.0,0.0,0.0,0.0,0.0,0.0,0.0,0.0,1,0,11,0.0,0.0,1.0,0.0,1.0,0.0,0.0,0.0,0.0,0.0,0.0,0.0
478,910076,Ligue 1,Le Havre,Felix Mambimbi,Forward,6.49,0.06,0.04,0.06,0.35,0.12,0.18,16.67,0.24,36.36,0.06,0.0,0.0,0.06,0.0,0.0,0.29,0.0,0.0,0.0,0.0,0.0,0.0,0.0,0.71,0.18,0.41,0.0,0.29,0.0,0.0,0.0,0.0,0.0,0.06,0.0,0.0,0.41,7.0,5.06,1.94,72.27,2.0,3.06,2.18,0.0,0.0,0.06,20.0,17,7,558,0.06,0.0,0.94,0.29,3.71,0.41,1.41,32.43,1.24,37.5,0.18,16.67
479,1410231,Ligue 1,Stade Brestois,Pathé Mboup,Midfielder,6.49,0.04,0.11,0.21,0.82,0.36,0.36,4.35,1.14,42.67,0.04,0.0,0.0,0.0,0.04,0.0,0.18,0.0,0.0,0.0,0.0,0.0,0.0,0.0,0.71,0.39,0.18,0.07,0.61,0.0,0.04,0.0,0.0,0.0,0.07,0.0,0.0,0.32,8.71,6.89,1.82,79.1,2.54,4.36,2.46,0.11,27.27,0.29,66.67,28,9,1069,0.21,0.0,1.21,0.68,7.0,1.14,2.89,36.16,2.54,37.17,0.36,30.3
480,976410,Ligue 1,Nice,Tiago Gouveia,Forward,6.49,0.0,0.06,0.07,0.8,0.27,0.47,0.0,0.47,30.43,0.0,0.0,0.0,0.0,0.0,0.0,0.0,0.0,0.0,0.0,0.0,0.0,0.0,0.0,0.53,0.6,0.4,0.0,0.6,0.07,0.0,0.0,0.0,0.07,0.07,0.0,0.0,0.13,11.93,9.13,2.8,76.54,5.0,4.13,2.47,0.0,0.0,0.33,41.67,15,5,540,0.2,0.0,0.4,0.6,5.67,0.27,1.73,40.63,1.6,40.68,0.13,40.0
481,1405239,Ligue 1,Lorient,Mohamed Bamba,Forward,6.49,0.06,0.13,0.17,0.72,0.33,0.28,7.69,0.22,66.67,0.06,0.0,0.0,0.0,0.06,0.06,0.67,0.0,0.06,0.0,0.0,0.0,0.0,0.0,0.22,0.11,0.33,0.0,0.11,0.0,0.0,0.0,0.0,0.0,0.11,0.11,0.0,0.33,7.17,5.39,1.78,75.19,2.83,2.56,1.5,0.06,33.33,0.22,80.0,18,7,685,0.17,0.0,0.94,0.44,3.67,0.22,1.72,38.75,0.83,40.54,0.89,37.21
482,1191892,Ligue 1,Olympique de Marseille,Tochukwu Nnadi,Midfielder,6.48,0.0,0.08,0.12,0.62,0.12,0.38,0.0,0.25,66.67,0.0,0.0,0.0,0.0,0.0,0.0,0.12,0.0,0.0,0.0,0.0,0.0,0.0,0.0,0.88,0.38,0.38,0.0,0.12,0.12,0.0,0.0,0.0,0.0,0.12,0.12,0.12,0.38,20.12,17.88,2.25,88.82,6.5,11.38,4.62,0.12,20.0,0.38,42.86,8,4,352,0.12,0.0,1.25,0.5,5.38,0.88,2.0,39.02,1.62,40.63,0.38,33.33
483,2193194,Ligue 1,Toulouse,Alexis Vossah,Midfielder,6.48,0.04,0.03,0.0,0.39,0.09,0.17,11.11,0.17,66.67,0.0,0.04,0.0,0.0,0.04,0.0,0.0,0.0,0.0,0.0,0.0,0.0,0.0,0.0,0.48,0.35,0.91,0.09,0.35,0.04,0.04,0.0,0.0,0.09,0.04,0.04,0.0,0.3,16.26,13.13,3.13,80.75,7.26,5.87,2.57,0.13,42.86,0.22,23.81,23,12,1093,0.22,0.04,0.78,0.43,4.65,0.48,1.78,48.24,1.09,40.32,0.7,69.57
484,981168,Ligue 1,Paris FC,Samir Sophian Chergui,Defender,6.48,0.07,0.12,0.07,0.87,0.27,0.2,7.69,0.2,60.0,0.07,0.0,0.0,0.0,0.07,0.07,0.07,0.0,0.0,0.0,0.0,0.0,0.0,0.0,1.2,0.73,2.13,0.4,0.13,0.0,0.0,0.0,0.0,0.07,0.0,0.0,0.0,0.13,37.4,33.67,3.73,90.02,23.0,10.67,3.87,0.13,33.33,0.87,50.0,15,13,1155,0.07,0.0,0.93,0.27,5.47,0.13,3.0,53.57,1.67,58.14,1.33,48.78
485,993455,Ligue 1,Nice,Salis Abdul Samed,Midfielder,6.48,0.0,0.0,0.0,0.06,0.0,0.06,0.0,0.11,25.0,0.0,0.0,0.0,0.0,0.0,0.0,0.0,0.0,0.0,0.0,0.0,0.0,0.0,0.0,0.61,0.56,0.39,0.06,0.39,0.0,0.06,0.0,0.0,0.06,0.0,0.0,0.0,0.06,24.5,22.5,2.0,91.84,13.89,8.61,2.61,0.0,0.0,0.33,60.0,18,12,919,0.17,0.0,1.06,0.56,3.5,0.44,1.61,36.71,1.28,36.51,0.33,37.5
486,41605,Ligue 1,Paris FC,Timothée Kolodziejczak,Defender,6.48,0.0,0.01,0.0,0.09,0.09,0.0,0.0,0.09,100.0,0.0,0.0,0.0,0.0,0.0,0.0,0.0,0.0,0.0,0.0,0.0,0.0,0.0,0.0,0.82,0.73,3.36,0.27,0.27,0.18,0.0,0.09,0.0,0.18,0.0,0.0,0.0,0.18,45.09,40.73,4.36,90.32,30.27,10.45,2.45,0.0,0.0,1.64,45.0,11,7,674,0.18,0.0,0.73,0.09,4.45,0.0,1.91,46.67,1.0,57.89,0.91,38.46
487,788170,Ligue 1,Metz,Fodé Ballo-Touré,Defender,6.48,0.0,0.02,0.0,0.38,0.08,0.23,0.0,1.0,65.0,0.0,0.0,0.0,0.0,0.0,0.0,0.08,0.0,0.0,0.0,0.0,0.0,0.0,0.0,1.62,0.38,1.46,0.0,0.77,0.0,0.08,0.08,0.0,0.08,0.15,0.0,0.0,0.31,26.38,23.85,2.54,90.38,14.46,9.38,3.46,0.23,18.75,0.46,54.55,13,11,843,0.15,0.0,1.0,1.38,6.69,0.54,4.38,58.76,4.0,59.77,0.38,50.0
488,123228,Ligue 1,Olympique Lyonnais,Rachid Ghezzal,Midfielder,6.48,0.0,0.03,0.1,0.4,0.1,0.0,0.0,0.1,50.0,0.0,0.0,0.0,0.0,0.0,0.0,0.1,0.0,0.0,0.0,0.0,0.0,0.0,0.0,0.7,0.1,0.5,0.0,0.3,0.0,0.0,0.0,0.0,0.0,0.0,0.0,0.0,0.1,10.7,8.7,2.0,81.31,4.1,4.6,2.5,0.3,20.0,0.1,16.67,10,2,219,0.0,0.0,0.9,0.2,4.5,0.3,1.3,39.39,0.9,39.13,0.4,40.0
489,826492,Ligue 1,Paris FC,Julien López,Forward,6.48,0.0,0.0,0.0,0.0,0.0,0.0,0.0,0.0,0.0,0.0,0.0,0.0,0.0,0.0,0.0,0.0,0.0,0.0,0.0,0.0,0.0,0.0,0.0,0.0,0.2,0.0,0.0,0.0,0.0,0.0,0.0,0.0,0.0,0.0,0.0,0.0,0.0,3.0,2.6,0.4,86.67,0.4,2.2,1.4,0.0,0.0,0.0,0.0,5,0,50,0.0,0.0,0.0,0.0,1.2,0.2,0.0,0.0,0.0,0.0,0.0,0.0
490,1562126,Ligue 1,Nantes,Bahmed Deuff,Midfielder,6.47,0.0,0.02,0.0,0.64,0.27,0.36,0.0,0.18,33.33,0.0,0.0,0.0,0.0,0.0,0.0,0.0,0.0,0.0,0.0,0.0,0.0,0.0,0.0,0.45,0.18,0.55,0.27,0.09,0.0,0.0,0.0,0.0,0.0,0.0,0.0,0.0,0.09,6.09,5.09,1.0,83.58,2.18,2.91,0.82,0.09,100.0,0.18,40.0,11,1,245,0.09,0.0,0.55,0.27,2.64,0.45,1.55,42.5,0.91,38.46,0.64,50.0
491,1928232,Ligue 1,Metz,Ismaël Guerti,Midfielder,6.47,0.0,0.0,0.0,0.0,0.0,0.0,0.0,0.33,50.0,0.0,0.0,0.0,0.0,0.0,0.0,0.0,0.0,0.0,0.0,0.0,0.0,0.0,0.0,0.67,0.33,0.33,0.0,0.0,0.0,0.0,0.0,0.0,0.0,0.0,0.0,0.0,0.0,7.33,6.33,1.0,86.36,1.67,4.67,1.0,0.0,0.0,0.67,50.0,3,0,35,0.0,0.0,0.0,0.0,3.0,0.67,1.0,50.0,1.0,50.0,0.0,0.0
492,1135887,Ligue 1,Stade Brestois,Daouda Guindo,Defender,6.47,0.04,0.05,0.04,0.84,0.2,0.44,4.76,0.16,44.44,0.0,0.04,0.0,0.04,0.0,0.04,0.16,0.0,0.0,0.0,0.0,0.0,0.2,0.0,1.48,1.2,1.8,0.32,0.52,0.0,0.0,0.04,0.0,0.16,0.04,0.04,0.0,0.36,27.0,21.08,5.92,78.07,12.56,8.52,3.28,0.36,24.32,1.04,41.27,25,19,1700,0.16,0.04,1.04,0.6,8.28,0.16,2.72,55.74,2.24,53.85,0.48,66.67
493,2142283,Ligue 1,Angers,Lanroy Machine,Forward,6.46,0.05,0.08,0.14,0.68,0.18,0.36,6.67,0.23,41.67,0.05,0.0,0.0,0.0,0.05,0.05,0.18,0.0,0.0,0.0,0.0,0.0,0.0,0.0,0.36,0.0,0.18,0.0,0.18,0.0,0.0,0.0,0.0,0.0,0.0,0.0,0.0,0.18,5.27,4.18,1.09,79.31,1.59,2.59,1.32,0.05,20.0,0.14,100.0,22,3,515,0.05,0.0,0.41,0.23,3.5,0.5,1.27,35.44,0.82,37.5,0.45,32.26
494,844744,Ligue 1,Paris FC,Thibault De Smet,Defender,6.45,0.0,0.01,0.0,0.24,0.0,0.18,0.0,0.18,50.0,0.0,0.0,0.0,0.0,0.0,0.06,0.06,0.0,0.0,0.0,0.0,0.0,0.0,0.0,1.35,0.47,3.06,0.12,0.82,0.0,0.06,0.0,0.0,0.12,0.06,0.06,0.0,0.29,32.41,27.41,5.0,84.57,15.65,11.76,4.76,0.24,15.38,1.0,34.0,17,13,1147,0.18,0.12,0.65,0.76,7.59,0.24,3.0,57.3,2.29,54.93,0.71,66.67
495,1200442,Ligue 1,Metz,Terry Yegbe,Defender,6.45,0.0,0.04,0.12,0.25,0.08,0.17,0.0,0.08,66.67,0.0,0.0,0.0,0.0,0.0,0.0,0.0,0.0,0.0,0.0,0.0,0.0,0.0,0.0,0.62,0.96,5.25,0.79,0.21,0.04,0.12,0.04,0.0,0.21,0.04,0.04,0.0,0.21,48.04,42.33,5.71,88.12,32.88,9.46,2.33,0.04,20.0,2.62,42.86,24,22,1966,0.12,0.0,0.79,0.33,7.62,0.12,1.83,50.0,1.04,47.17,0.79,54.29
496,1177565,Ligue 1,Le Havre,Damián Pizarro,Forward,6.45,0.0,0.0,0.0,0.0,0.0,0.0,0.0,0.0,0.0,0.0,0.0,0.0,0.0,0.0,0.0,0.5,0.0,0.0,0.0,0.0,0.0,0.0,0.0,0.0,0.0,0.0,0.0,0.0,0.0,0.0,0.0,0.0,0.0,0.0,0.0,0.0,0.0,1.5,1.0,0.5,66.67,0.5,0.5,0.0,0.0,0.0,0.0,0.0,2,0,26,0.0,0.0,0.5,0.5,1.0,0.0,0.5,25.0,0.5,50.0,0.0,0.0
497,1002267,Ligue 1,Toulouse,Jacen Russell Rowe,Forward,6.44,0.08,0.11,0.31,0.85,0.31,0.46,9.09,0.15,40.0,0.08,0.0,0.0,0.0,0.08,0.0,0.08,0.0,0.0,0.0,0.0,0.0,0.0,0.0,0.38,0.08,0.31,0.15,0.31,0.0,0.0,0.0,0.0,0.0,0.0,0.0,0.0,0.46,7.69,5.54,2.15,72.0,1.46,4.08,2.0,0.0,0.0,0.15,66.67,13,5,473,0.0,0.0,0.69,0.08,4.46,0.46,1.15,28.85,0.62,28.57,0.54,29.17
498,1927696,Ligue 1,Auxerre,Ryan Rodin,Forward,6.43,0.0,0.0,0.0,0.0,0.0,0.0,0.0,0.0,0.0,0.0,0.0,0.0,0.0,0.0,0.0,0.0,0.0,0.0,0.0,0.0,0.0,0.0,0.0,0.0,0.0,0.0,0.0,0.0,0.0,0.0,0.0,0.0,0.0,0.0,0.0,0.0,0.0,1.33,1.33,0.0,100.0,0.33,1.0,0.67,0.0,0.0,0.0,0.0,3,0,34,0.0,0.0,0.0,0.0,1.33,1.0,0.0,0.0,0.0,0.0,0.0,0.0
499,1015872,Ligue 1,Paris FC,Obed Nkambadio,Goalkeeper,6.43,0.0,0.0,0.0,0.0,0.0,0.0,0.0,0.0,0.0,0.0,0.0,0.0,0.0,0.0,0.0,0.0,0.0,0.0,0.0,0.0,0.0,0.0,0.0,0.0,0.0,1.0,0.0,0.08,0.17,0.0,0.0,0.0,0.08,0.0,0.0,0.0,0.08,39.58,31.5,8.08,79.58,29.33,2.17,0.42,0.0,0.0,4.42,35.33,12,12,1080,0.0,0.0,0.0,0.0,8.25,0.0,0.25,75.0,0.08,50.0,0.17,100.0
500,2111258,Ligue 1,Stade Rennais,Elias Legendre Quiñonez Zae,Forward,6.43,0.0,0.02,0.17,0.17,0.0,0.17,0.0,0.17,16.67,0.0,0.0,0.0,0.0,0.0,0.0,0.0,0.0,0.0,0.0,0.0,0.0,0.0,0.0,0.33,0.17,0.0,0.0,0.33,0.0,0.0,0.0,0.0,0.0,0.0,0.0,0.0,0.33,3.0,2.5,0.5,83.33,0.67,1.83,1.0,0.0,0.0,0.0,0.0,6,0,41,0.0,0.0,0.17,0.17,2.17,0.0,0.83,35.71,0.67,33.33,0.17,50.0
501,2193204,Ligue 1,Nantes,Tylel Tati,Defender,6.42,0.0,0.01,0.05,0.15,0.0,0.0,0.0,0.4,72.73,0.0,0.0,0.0,0.0,0.0,0.0,0.0,0.0,0.0,0.0,0.0,0.0,0.0,0.0,0.95,0.85,3.95,0.75,0.2,0.05,0.1,0.1,0.0,0.1,0.0,0.0,0.0,0.05,47.5,41.8,5.7,88.0,33.0,8.8,2.2,0.05,100.0,1.55,33.33,20,20,1724,0.25,0.05,1.15,0.75,6.3,0.1,2.7,56.25,2.05,59.42,0.65,48.15
502,1090458,Ligue 1,RC Strasbourg,David Datro Fofana,Forward,6.42,0.0,0.19,0.6,0.6,0.2,0.4,0.0,0.4,50.0,0.0,0.0,0.0,0.0,0.0,0.0,0.6,0.0,0.0,0.0,0.0,0.0,0.0,0.0,0.4,0.2,0.4,0.0,0.0,0.0,0.0,0.0,0.0,0.0,0.0,0.0,0.0,0.2,6.6,5.6,1.0,84.85,1.8,3.8,1.4,0.0,0.0,0.0,0.0,5,3,180,0.0,0.0,0.6,0.2,3.2,0.8,1.2,31.58,1.0,35.71,0.2,20.0
503,1035619,Ligue 1,Nice,Kevin Carlos Omoruyi,Forward,6.4,0.0,0.08,0.35,0.96,0.3,0.26,0.0,0.09,25.0,0.0,0.0,0.0,0.0,0.0,0.0,0.22,0.04,0.0,0.0,0.0,0.0,0.0,0.0,0.09,0.04,0.22,0.04,0.13,0.0,0.0,0.0,0.0,0.04,0.04,0.0,0.0,0.13,7.13,4.96,2.17,69.51,2.48,2.48,1.26,0.04,33.33,0.09,66.67,23,9,874,0.13,0.0,1.26,0.7,4.52,0.65,2.09,36.92,0.83,27.94,1.26,46.77
504,844480,Ligue 1,Olympique de Marseille,Pol Lirola,Defender,6.4,0.0,0.0,0.0,0.0,0.0,0.0,0.0,0.0,0.0,0.0,0.0,0.0,0.0,0.0,0.0,0.0,0.0,0.0,0.0,0.0,0.0,0.0,0.0,0.0,0.33,0.0,0.0,0.0,0.0,0.0,0.0,0.0,0.0,0.0,0.0,0.0,0.33,4.0,3.33,0.67,83.33,1.0,2.33,1.33,0.0,0.0,0.0,0.0,3,0,42,0.0,0.0,0.33,0.67,3.33,0.0,1.67,41.67,0.67,40.0,1.0,42.86
505,174975,Ligue 1,RC Lens,Arthur Masuaku,Defender,6.4,0.0,0.01,0.0,0.25,0.25,0.0,0.0,0.75,100.0,0.0,0.0,0.0,0.0,0.0,0.0,0.0,0.0,0.0,0.0,0.0,0.0,0.0,0.0,1.25,0.25,0.75,0.25,0.0,0.0,0.0,0.0,0.0,0.25,0.0,0.0,0.0,0.5,40.75,35.5,5.25,87.12,13.0,22.5,13.5,0.0,0.0,0.75,25.0,4,3,229,0.25,0.0,0.5,0.25,7.75,0.5,2.75,44.0,2.25,69.23,0.5,16.67
506,1155226,Ligue 1,Olympique Lyonnais,Saël Kumbedi,Defender,6.4,0.0,0.01,0.0,1.0,0.0,1.0,0.0,0.0,0.0,0.0,0.0,0.0,0.0,0.0,0.0,0.0,0.0,0.0,0.0,0.0,0.0,0.0,0.0,1.0,1.0,2.0,0.0,1.0,0.0,0.0,0.0,0.0,0.0,0.0,0.0,0.0,0.0,13.0,7.0,6.0,53.85,4.0,3.0,1.0,0.0,0.0,0.0,0.0,1,1,66,1.0,0.0,4.0,2.0,11.0,1.0,4.0,36.36,3.0,30.0,1.0,100.0
507,1394353,Ligue 1,AS Monaco,Eliesse Ben Seghir,Forward,6.4,0.0,0.03,0.0,0.5,0.0,0.5,0.0,0.5,100.0,0.0,0.0,0.0,0.0,0.0,0.0,0.0,0.0,0.0,0.0,0.0,0.0,0.0,0.0,1.0,0.0,0.0,0.0,0.5,0.0,0.5,0.0,0.0,0.0,0.0,0.0,0.0,0.0,12.5,9.5,3.0,76.0,5.0,4.5,1.0,0.0,0.0,0.5,33.33,2,0,43,0.0,0.0,0.5,0.5,4.5,0.5,2.0,57.14,2.0,57.14,0.0,0.0
508,1998104,Ligue 1,Olympique de Marseille,Ugo Lamare El Kadmiri,Forward,6.4,0.0,0.09,0.33,0.33,0.0,0.33,0.0,0.0,0.0,0.0,0.0,0.0,0.0,0.0,0.0,0.0,0.0,0.0,0.0,0.0,0.0,0.0,0.0,0.0,0.33,0.0,0.0,0.0,0.0,0.0,0.0,0.0,0.0,0.0,0.0,0.0,0.0,1.67,1.0,0.67,60.0,0.0,1.0,0.67,0.0,0.0,0.0,0.0,3,0,25,0.0,0.0,0.33,0.0,1.33,0.0,0.67,40.0,0.0,0.0,0.67,66.67
509,2430329,Ligue 1,Lorient,Daniel Semedo,Midfielder,6.4,0.0,0.0,0.0,0.0,0.0,0.0,0.0,0.0,0.0,0.0,0.0,0.0,0.0,0.0,0.0,0.0,0.0,0.0,0.0,0.0,0.0,0.0,0.0,0.0,1.0,0.0,0.0,1.0,0.0,0.0,0.0,0.0,0.0,0.0,0.0,0.0,0.0,2.0,2.0,0.0,100.0,1.0,1.0,1.0,0.0,0.0,0.0,0.0,1,0,10,0.0,0.0,2.0,0.0,0.0,0.0,0.0,0.0,0.0,0.0,0.0,0.0
510,1392812,Ligue 1,Metz,Joseph N'Duquidi,Midfielder,6.4,0.0,0.0,0.0,0.0,0.0,0.0,0.0,0.0,0.0,0.0,0.0,0.0,0.0,0.0,0.0,0.0,0.0,0.0,0.0,0.0,0.0,0.0,0.0,0.0,0.0,0.0,0.0,0.0,0.0,0.0,0.0,0.0,0.0,0.0,0.0,0.0,0.0,3.0,2.0,1.0,66.67,1.0,1.0,1.0,0.0,0.0,0.0,0.0,1,0,14,0.0,0.0,0.0,0.0,2.0,0.0,0.0,0.0,0.0,0.0,0.0,0.0
511,1513605,Ligue 1,Stade Rennais,Mathys Silistrie,Goalkeeper,6.4,0.0,0.0,0.0,0.0,0.0,0.0,0.0,0.0,0.0,0.0,0.0,0.0,0.0,0.0,0.0,0.0,0.0,0.0,0.0,0.0,0.0,0.0,0.0,0.0,0.0,1.5,0.0,0.0,0.5,0.0,0.0,0.0,0.0,0.0,0.0,0.0,0.0,28.5,25.0,3.5,87.72,24.0,1.0,0.5,0.0,0.0,5.5,73.33,2,2,180,0.0,0.0,0.0,0.0,3.5,0.0,0.0,0.0,0.0,0.0,0.0,0.0
512,929620,Ligue 1,Stade Rennais,Fabian Rieder,Midfielder,6.4,0.0,0.0,0.0,0.33,0.0,0.33,0.0,0.0,0.0,0.0,0.0,0.0,0.0,0.0,0.0,0.0,0.0,0.0,0.0,0.0,0.0,0.0,0.0,1.0,0.67,0.67,0.33,1.67,0.0,0.0,0.0,0.0,0.0,0.33,0.0,0.0,0.67,11.33,9.33,2.0,82.35,4.0,5.33,3.0,0.0,0.0,0.0,0.0,3,2,139,0.0,0.0,0.67,0.33,4.67,0.67,1.67,27.78,1.33,28.57,0.33,25.0
513,1135605,Ligue 1,Stade Brestois,Axel Camblan,Midfielder,6.4,0.0,0.0,0.0,0.0,0.0,0.0,0.0,0.0,0.0,0.0,0.0,0.0,0.0,0.0,0.0,0.0,0.0,0.0,0.0,0.0,0.0,0.0,0.0,0.0,0.0,0.0,0.0,0.0,0.0,0.0,0.0,0.0,0.0,0.0,0.0,0.0,1.0,3.0,3.0,0.0,100.0,0.0,3.0,3.0,0.0,0.0,0.0,0.0,1,0,11,0.0,0.0,0.0,0.0,1.0,0.0,0.0,0.0,0.0,0.0,0.0,0.0
514,1493480,Ligue 1,Angers,Dan Sinaté,Defender,6.4,0.0,0.04,0.0,0.33,0.0,0.33,0.0,0.67,66.67,0.0,0.0,0.0,0.0,0.0,0.0,0.0,0.0,0.0,0.0,0.0,0.0,0.0,0.0,0.0,0.0,0.0,0.0,0.33,0.0,0.0,0.0,0.0,0.0,0.0,0.0,0.0,0.0,5.67,5.0,0.67,88.24,1.33,3.67,1.67,0.0,0.0,0.33,100.0,3,0,31,0.0,0.0,0.0,0.0,1.67,0.0,0.67,40.0,0.67,50.0,0.0,0.0
515,1403216,Ligue 1,AS Monaco,Paris Brunner,Forward,6.38,0.0,0.04,0.0,0.57,0.14,0.14,0.0,0.29,33.33,0.0,0.0,0.0,0.0,0.0,0.14,0.14,0.0,0.0,0.0,0.0,0.0,0.0,0.0,0.29,0.14,0.0,0.0,0.43,0.0,0.0,0.0,0.0,0.0,0.0,0.0,0.0,0.0,4.57,3.14,1.43,68.75,0.71,2.43,1.29,0.0,0.0,0.14,50.0,7,1,127,0.14,0.0,1.14,0.14,3.57,0.29,1.0,28.0,0.71,22.73,0.29,66.67
516,1405926,Ligue 1,Nantes,Mathieu Acapandié,Defender,6.38,0.0,0.0,0.0,0.0,0.0,0.0,0.0,0.33,66.67,0.0,0.0,0.0,0.0,0.0,0.0,0.0,0.0,0.0,0.0,0.0,0.0,0.0,0.0,0.83,0.5,1.83,0.0,0.17,0.0,0.0,0.0,0.0,0.0,0.0,0.0,0.0,0.67,11.67,8.0,3.67,68.57,3.5,4.5,2.17,0.33,18.18,0.17,16.67,6,2,267,0.0,0.0,0.5,0.0,7.0,0.5,1.67,43.48,1.17,46.67,0.5,37.5
517,1542818,Ligue 1,RC Strasbourg,Yaya Diémé,Forward,6.37,0.0,0.06,0.0,0.67,0.33,0.0,0.0,0.0,0.0,0.0,0.0,0.0,0.0,0.0,0.0,0.33,0.33,0.0,0.0,0.0,0.0,0.0,0.0,0.0,0.0,0.33,0.0,0.0,0.0,0.0,0.0,0.0,0.0,0.0,0.0,0.0,0.0,5.67,4.67,1.0,82.35,2.0,2.67,1.67,0.0,0.0,0.0,0.0,3,2,155,0.67,0.0,1.33,0.33,3.0,1.0,0.33,9.09,0.33,14.29,0.0,0.0
518,1442036,Ligue 1,Angers,Emmanuel Biumla,Defender,6.37,0.0,0.01,0.0,0.22,0.0,0.22,0.0,0.0,0.0,0.0,0.0,0.0,0.0,0.0,0.0,0.0,0.0,0.0,0.0,0.0,0.0,0.0,0.0,0.78,0.33,1.67,0.22,0.33,0.11,0.11,0.0,0.0,0.0,0.0,0.0,0.0,0.0,18.56,16.11,2.44,86.83,13.44,2.67,0.33,0.0,0.0,0.33,25.0,9,3,394,0.0,0.0,0.89,0.67,3.89,0.11,1.89,44.74,1.44,52.0,0.44,30.77
519,1154647,Ligue 1,Metz,Lucas Michal,Forward,6.34,0.0,0.07,0.09,0.73,0.18,0.45,0.0,0.27,50.0,0.0,0.0,0.0,0.0,0.0,0.0,0.09,0.0,0.0,0.0,0.0,0.0,0.0,0.0,0.0,0.0,0.18,0.0,0.09,0.0,0.0,0.0,0.0,0.0,0.0,0.0,0.0,0.18,8.27,7.09,1.18,85.71,2.73,4.36,2.18,0.0,0.0,0.0,0.0,11,2,277,0.09,0.0,0.45,0.27,3.73,0.82,1.0,30.56,0.55,26.09,0.45,38.46
520,825901,Ligue 1,Metz,Joel Asoro,Forward,6.34,0.0,0.09,0.12,0.5,0.12,0.25,0.0,0.12,25.0,0.0,0.0,0.0,0.0,0.0,0.0,0.25,0.0,0.0,0.0,0.0,0.0,0.0,0.0,0.0,0.0,0.12,0.0,0.12,0.0,0.0,0.0,0.0,0.0,0.0,0.0,0.0,0.12,4.62,2.62,2.0,56.76,0.88,1.75,0.88,0.12,100.0,0.12,20.0,8,2,233,0.0,0.0,0.25,0.12,3.12,0.12,0.62,20.83,0.25,22.22,0.38,20.0
521,1861678,Ligue 1,Olympique Lyonnais,Enzo Molebe,Forward,6.3,0.0,0.0,0.0,0.0,0.0,0.0,0.0,0.0,0.0,0.0,0.0,0.0,0.0,0.0,0.0,0.0,0.0,0.0,0.0,0.0,0.0,0.0,0.0,0.0,0.0,0.0,0.0,0.0,0.0,0.0,0.0,0.0,0.0,0.0,0.0,0.0,0.0,5.0,3.0,2.0,60.0,2.0,1.0,1.0,0.0,0.0,0.0,0.0,1,0,9,0.0,0.0,0.0,0.0,2.0,0.0,0.0,0.0,0.0,0.0,0.0,0.0
522,2250107,Ligue 1,Olympique de Marseille,Tadjidine Mmadi,Midfielder,6.3,0.0,0.02,0.0,0.67,0.0,0.33,0.0,0.33,33.33,0.0,0.0,0.0,0.0,0.0,0.0,0.0,0.0,0.0,0.0,0.0,0.0,0.0,0.0,0.33,0.67,0.33,0.0,0.33,0.0,0.0,0.33,0.0,0.0,0.0,0.0,0.0,0.33,7.67,6.33,1.33,82.61,2.33,4.0,2.33,0.0,0.0,0.0,0.0,3,0,46,0.0,0.0,0.67,0.0,3.67,0.33,1.0,30.0,0.67,25.0,0.33,50.0
523,1937750,Ligue 1,Olympique Lyonnais,Noham Kamara,Defender,6.3,0.0,0.0,0.0,0.0,0.0,0.0,0.0,0.0,0.0,0.0,0.0,0.0,0.0,0.0,0.0,0.0,0.0,0.0,0.0,0.0,0.0,0.0,0.0,0.0,0.0,0.5,0.0,0.0,0.0,0.0,0.0,0.0,0.0,0.0,0.0,0.0,0.0,2.0,2.0,0.0,100.0,1.5,0.5,0.5,0.0,0.0,0.5,100.0,2,0,11,0.0,0.0,0.0,0.0,0.0,0.0,0.0,0.0,0.0,0.0,0.0,0.0
524,1065261,Ligue 1,Olympique de Marseille,Jonathan Rowe,Forward,6.3,0.0,0.24,1.0,5.0,0.0,4.0,0.0,0.0,0.0,0.0,0.0,0.0,0.0,0.0,0.0,0.0,0.0,0.0,0.0,0.0,0.0,0.0,0.0,0.0,1.0,0.0,0.0,1.0,0.0,0.0,0.0,0.0,0.0,0.0,0.0,0.0,0.0,24.0,19.0,5.0,79.17,2.0,17.0,10.0,0.0,0.0,0.0,0.0,1,1,63,0.0,0.0,2.0,2.0,14.0,0.0,2.0,28.57,2.0,40.0,0.0,0.0
525,1492676,Ligue 1,RC Strasbourg,Rabby Nzingoula,Midfielder,6.28,0.0,0.01,0.0,0.25,0.0,0.0,0.0,0.25,33.33,0.0,0.0,0.0,0.0,0.0,0.0,0.0,0.0,0.0,0.0,0.0,0.0,0.0,0.0,0.5,0.25,0.25,0.0,0.25,0.0,0.0,0.0,0.0,0.0,0.0,0.0,0.0,0.25,5.0,4.0,1.0,80.0,2.5,1.5,0.5,0.0,0.0,0.0,0.0,4,0,62,0.0,0.25,0.75,0.5,3.0,0.5,1.25,38.46,1.25,38.46,0.0,0.0
526,558320,Ligue 1,Olympique de Marseille,Ulisses Garcia,Defender,6.25,0.0,0.02,0.0,0.5,0.25,0.25,0.0,0.25,33.33,0.0,0.0,0.0,0.0,0.0,0.0,0.0,0.0,0.0,0.0,0.0,0.0,0.0,0.0,0.75,0.0,1.5,0.5,0.5,0.0,0.0,0.0,0.0,0.0,0.0,0.0,0.0,0.25,21.0,19.25,1.75,91.67,11.25,8.0,3.5,0.0,0.0,0.0,0.0,4,2,211,0.25,0.25,1.0,0.5,3.5,0.0,1.75,41.18,1.5,46.15,0.25,25.0
527,1925480,Ligue 1,AS Monaco,Ilane Touré,Defender,6.25,0.0,0.0,0.0,0.0,0.0,0.0,0.0,0.0,0.0,0.0,0.0,0.0,0.0,0.0,0.0,0.0,0.0,0.0,0.0,0.0,0.0,0.0,0.0,0.0,0.0,0.0,0.0,0.5,0.0,0.0,0.0,0.0,0.0,0.0,0.0,0.0,0.5,11.5,9.0,2.5,78.26,3.0,6.0,3.0,0.0,0.0,0.0,0.0,2,0,33,0.0,0.0,0.5,0.0,6.0,0.0,0.0,0.0,0.0,0.0,0.0,0.0
528,857471,Ligue 1,Paris FC,Pierre-Yves Hamel,Forward,6.25,0.0,0.0,0.0,0.0,0.0,0.0,0.0,0.0,0.0,0.0,0.0,0.0,0.0,0.0,0.0,0.0,0.0,0.0,0.0,0.0,0.0,0.0,0.0,0.0,0.5,0.0,0.5,0.5,0.0,0.0,0.0,0.0,0.0,0.0,0.0,0.0,0.0,4.5,3.0,1.5,66.67,1.5,1.5,1.5,0.0,0.0,0.0,0.0,2,1,79,0.0,0.0,1.0,0.0,1.5,0.0,1.0,25.0,0.0,0.0,1.0,40.0
529,356352,Ligue 1,Olympique Lyonnais,Hans Hateboer,Defender,6.24,0.0,0.04,0.06,0.44,0.06,0.25,0.0,0.06,50.0,0.0,0.0,0.0,0.0,0.0,0.0,0.06,0.0,0.0,0.0,0.0,0.0,0.0,0.0,0.75,0.62,1.44,0.19,0.5,0.06,0.12,0.06,0.0,0.06,0.0,0.0,0.0,0.06,22.94,19.81,3.12,86.38,9.69,10.12,4.0,0.25,18.18,0.62,38.46,16,8,773,0.0,0.06,0.62,0.19,5.88,0.06,1.5,48.0,1.0,45.71,0.5,53.33
530,1149293,Ligue 1,Lille,Vincent Burlet,Midfielder,6.2,0.0,0.0,0.0,0.0,0.0,0.0,0.0,0.0,0.0,0.0,0.0,0.0,0.0,0.0,0.0,0.0,0.0,0.0,0.0,0.0,0.0,0.0,0.0,0.0,0.0,0.0,0.0,2.0,0.0,0.0,0.0,0.0,0.0,1.0,0.0,0.0,1.0,14.0,13.0,1.0,92.86,4.0,9.0,6.0,1.0,100.0,0.0,0.0,1,0,18,0.0,0.0,0.0,0.0,2.0,0.0,0.0,0.0,0.0,0.0,0.0,0.0
531,792318,Ligue 1,Toulouse,Kjetil Haug,Goalkeeper,6.2,0.0,0.0,0.0,0.0,0.0,0.0,0.0,0.0,0.0,0.0,0.0,0.0,0.0,0.0,0.0,0.0,0.0,0.0,0.0,0.0,0.0,0.0,0.0,0.0,0.0,0.0,0.0,0.0,0.0,0.0,0.0,0.0,0.0,0.0,0.0,0.0,0.0,11.0,6.0,5.0,54.55,5.0,1.0,0.0,0.0,0.0,1.0,16.67,1,0,30,0.0,0.0,0.0,0.0,5.0,0.0,0.0,0.0,0.0,0.0,0.0,0.0
532,985934,Ligue 1,Nice,Youssouf Ndayishimiye,Defender,6.2,0.0,0.0,0.0,0.0,0.0,0.0,0.0,0.0,0.0,0.0,0.0,0.0,0.0,0.0,0.0,0.0,0.0,0.0,0.0,0.0,0.0,0.0,0.0,0.0,1.0,2.0,0.5,0.0,0.0,0.0,0.0,0.0,0.0,0.0,0.0,0.0,0.0,9.5,7.0,2.5,73.68,3.5,3.5,0.5,0.0,0.0,0.5,100.0,2,1,72,0.0,0.5,1.0,0.0,3.0,0.5,0.5,25.0,0.0,0.0,0.5,100.0
533,583312,Ligue 1,Lorient,Bingourou Kamara,Goalkeeper,6.2,0.0,0.0,0.0,0.0,0.0,0.0,0.0,0.0,0.0,0.0,0.0,0.0,0.0,0.0,0.0,0.0,0.0,0.0,0.0,0.0,0.0,0.0,0.0,0.0,0.0,0.67,0.0,0.0,0.0,0.0,0.0,0.0,0.33,0.0,0.0,0.0,0.0,22.33,17.67,4.67,79.1,15.33,2.33,1.67,0.0,0.0,4.0,50.0,3,3,270,0.0,0.0,0.0,0.33,4.67,0.0,0.33,100.0,0.33,100.0,0.0,0.0
534,1551242,Ligue 1,Nice,Everton Pereira,Midfielder,6.1,0.0,0.05,0.0,0.67,0.0,0.0,0.0,0.0,0.0,0.0,0.0,0.0,0.0,0.0,0.0,0.0,0.0,0.0,0.0,0.0,0.0,0.0,0.0,0.0,1.0,1.67,0.0,0.67,0.0,0.33,0.0,0.0,0.0,0.0,0.0,0.0,0.0,21.67,17.67,4.0,81.54,11.67,6.0,1.67,0.0,0.0,0.33,25.0,3,2,137,0.0,0.0,1.33,0.0,5.33,0.0,1.0,23.08,0.0,0.0,1.0,42.86
535,1944828,Ligue 1,RC Strasbourg,Idrissa Sabaly,Midfielder,6.1,0.0,0.03,0.0,1.0,0.0,1.0,0.0,1.0,100.0,0.0,0.0,0.0,0.0,0.0,0.0,0.0,0.0,0.0,0.0,0.0,0.0,0.0,0.0,1.0,1.0,0.0,0.0,0.0,0.0,1.0,0.0,0.0,0.0,0.0,0.0,0.0,0.0,24.0,16.0,8.0,66.67,10.0,6.0,4.0,0.0,0.0,0.0,0.0,1,1,57,0.0,0.0,1.0,0.0,12.0,0.0,2.0,66.67,2.0,66.67,0.0,0.0
536,1891025,Ligue 1,Stade Brestois,Justin Bourgault,Defender,6.1,0.0,0.04,0.0,1.0,0.0,1.0,0.0,1.0,100.0,0.0,0.0,0.0,0.0,0.0,0.0,0.0,0.0,0.0,0.0,0.0,0.0,0.0,0.0,0.0,1.0,1.0,0.0,0.0,0.0,0.0,0.0,0.0,0.0,0.0,0.0,0.0,0.0,4.0,4.0,0.0,100.0,2.0,2.0,1.0,0.0,0.0,1.0,100.0,1,0,15,0.0,0.0,0.0,0.0,0.0,0.0,2.0,50.0,1.0,100.0,1.0,33.33
537,1513466,Ligue 1,Lille,Ousmane Touré,Defender,6.1,0.0,0.0,0.0,0.0,0.0,0.0,0.0,0.0,0.0,0.0,0.0,0.0,0.0,0.0,0.0,0.0,0.0,0.0,0.0,0.0,0.0,0.0,0.0,1.0,2.0,5.0,0.0,0.0,0.0,0.0,0.0,0.0,0.0,0.0,0.0,0.0,0.0,21.0,18.0,3.0,85.71,12.0,6.0,1.0,0.0,0.0,1.0,100.0,1,1,52,0.0,0.0,0.0,0.0,10.0,1.0,3.0,42.86,1.0,25.0,2.0,66.67
538,1170197,Ligue 1,Nantes,Abakar Sylla,Defender,6.05,0.0,0.09,0.33,0.67,0.0,0.67,0.0,0.0,0.0,0.0,0.0,0.0,0.0,0.0,0.0,0.0,0.0,0.0,0.0,0.0,0.0,0.0,0.0,0.0,0.0,0.67,0.0,0.0,0.33,0.0,0.0,0.0,0.0,0.0,0.0,0.0,0.0,16.0,13.67,2.33,85.42,8.33,5.33,1.67,0.0,0.0,0.0,0.0,3,1,65,0.0,0.0,0.67,0.0,3.67,0.67,1.67,50.0,0.0,0.0,1.67,83.33
539,1952393,Ligue 1,Paris Saint-Germain,Pierre Mounguengue,Forward,5.7,0.0,0.41,1.0,2.0,1.0,0.0,0.0,0.0,0.0,0.0,0.0,0.0,0.0,0.0,0.0,0.0,0.0,0.0,0.0,0.0,0.0,0.0,0.0,0.0,0.0,0.0,0.0,0.0,1.0,0.0,0.0,0.0,0.0,0.0,0.0,0.0,0.0,4.0,2.0,2.0,50.0,0.0,2.0,1.0,0.0,0.0,0.0,0.0,1,0,15,0.0,0.0,0.0,0.0,2.0,0.0,0.0,0.0,0.0,0.0,0.0,0.0
540,1928235,Ligue 1,Metz,Cléo Mélières,Forward,5.6,0.0,0.0,0.0,0.0,0.0,0.0,0.0,0.0,0.0,0.0,0.0,0.0,0.0,0.0,0.0,0.0,0.0,0.0,0.0,0.0,0.0,0.0,0.0,0.0,0.0,1.0,0.0,0.0,0.0,0.0,0.0,0.0,0.0,0.0,0.0,0.0,0.0,6.0,5.5,0.5,91.67,1.5,4.0,2.5,0.5,33.33,0.0,0.0,2,0,30,0.5,0.0,0.5,0.0,2.0,0.0,0.0,0.0,0.0,0.0,0.0,0.0
541,930231,Ligue 1,Stade Rennais,Christopher Wooh,Defender,5.0,0.0,0.0,0.0,0.0,0.0,0.0,0.0,0.5,100.0,0.0,0.0,0.0,0.0,0.0,0.0,0.0,0.0,0.0,0.0,0.0,0.0,0.0,0.0,0.0,0.0,3.0,0.0,0.0,0.0,0.0,0.0,0.0,0.0,0.0,0.0,0.0,0.0,9.5,9.0,0.5,94.74,5.5,3.5,1.5,0.0,0.0,0.0,0.0,2,1,64,0.0,0.5,0.5,0.0,1.0,0.0,0.5,50.0,0.5,50.0,0.0,0.0
542,2266256,Ligue 1,Lorient,Martin Bley,Midfielder,0.0,0.0,0.0,0.0,0.0,0.0,0.0,0.0,0.0,0.0,0.0,0.0,0.0,0.0,0.0,0.0,0.0,0.0,0.0,0.0,0.0,0.0,0.0,0.0,0.0,0.0,0.0,0.0,0.0,0.0,0.0,0.0,0.0,0.0,0.0,0.0,0.0,0.0,0.0,0.0,0.0,0.0,0.0,0.0,0.0,0.0,0.0,0.0,0.0,1,0,1,0.0,0.0,0.0,0.0,1.0,0.0,0.0,0.0,0.0,0.0,0.0,0.0
543,1566349,Ligue 1,AS Monaco,Samuel Nibombe,Midfielder,0.0,0.0,0.0,0.0,0.0,0.0,0.0,0.0,0.0,0.0,0.0,0.0,0.0,0.0,0.0,0.0,0.0,0.0,0.0,0.0,0.0,0.0,0.0,0.0,0.0,0.0,0.0,0.0,0.0,0.0,0.0,0.0,0.0,0.0,0.0,0.0,0.0,0.0,0.0,0.0,0.0,0.0,0.0,0.0,0.0,0.0,0.0,0.0,0.0,1,0,1,0.0,0.0,0.0,0.0,0.0,0.0,0.0,0.0,0.0,0.0,0.0,0.0
544,1597141,Ligue 1,Nice,Hamza Koutoune,Defender,0.0,0.0,0.0,0.0,0.0,0.0,0.0,0.0,0.0,0.0,0.0,0.0,0.0,0.0,0.0,0.0,0.0,0.0,0.0,0.0,0.0,0.0,0.0,0.0,0.0,0.0,0.0,0.0,0.0,0.0,0.0,0.0,0.0,0.0,0.0,0.0,0.0,0.0,5.0,5.0,0.0,100.0,1.0,4.0,3.0,0.0,0.0,0.0,0.0,1,0,1,0.0,0.0,0.0,0.0,1.0,0.0,0.0,0.0,0.0,0.0,0.0,0.0
545,2198226,Ligue 1,Le Havre,Georges Gomis,Defender,0.0,0.0,0.0,0.0,0.0,0.0,0.0,0.0,0.0,0.0,0.0,0.0,0.0,0.0,0.0,0.0,0.0,0.0,0.0,0.0,0.0,0.0,0.0,0.0,0.0,0.0,0.0,0.0,0.0,0.0,0.0,0.0,0.0,0.0,0.0,0.0,0.0,0.0,0.0,0.0,0.0,0.0,0.0,0.0,0.0,0.0,0.0,0.0,0.0,1,0,1,0.0,0.0,0.0,0.0,0.0,0.0,0.0,0.0,0.0,0.0,0.0,0.0
546,268903,Ligue 1,Olympique de Marseille,Neal Maupay,Forward,0.0,0.0,0.0,0.0,0.0,0.0,0.0,0.0,0.0,0.0,0.0,0.0,0.0,0.0,0.0,0.0,0.0,0.0,0.0,0.0,0.0,0.0,0.0,0.0,0.0,0.0,0.0,0.0,0.0,0.0,0.0,0.0,0.0,0.0,0.0,0.0,0.0,0.0,1.0,1.0,0.0,100.0,1.0,0.0,0.0,0.0,0.0,0.0,0.0,1,0,1,0.0,0.0,0.0,0.0,0.0,0.0,0.0,0.0,0.0,0.0,0.0,0.0
547,1382235,Ligue 1,Stade Rennais,Bertuğ Yıldırım,Forward,0.0,0.0,0.0,0.0,0.0,0.0,0.0,0.0,0.0,0.0,0.0,0.0,0.0,0.0,0.0,0.0,0.0,0.0,0.0,0.0,0.0,0.0,0.0,0.0,0.0,0.0,0.0,0.0,0.0,0.0,0.0,0.0,0.0,0.0,0.0,0.0,0.0,1.0,4.0,2.0,2.0,50.0,0.0,2.0,2.0,0.0,0.0,0.0,0.0,1,0,2,0.0,0.0,0.0,0.0,2.0,0.0,0.0,0.0,0.0,0.0,0.0,0.0
548,2033811,Ligue 1,Stade Rennais,Henrick Do Marcolino,Forward,0.0,0.0,0.0,0.0,0.0,0.0,0.0,0.0,0.0,0.0,0.0,0.0,0.0,0.0,0.0,0.0,0.0,0.0,0.0,0.0,0.0,0.0,0.0,0.0,1.0,2.0,0.0,0.0,0.0,0.0,0.0,0.0,0.0,0.0,0.0,0.0,0.0,0.0,3.0,1.0,2.0,33.33,1.0,0.0,0.0,0.0,0.0,0.0,0.0,1,0,2,0.0,0.0,0.0,0.0,2.0,0.0,2.0,100.0,1.0,100.0,1.0,100.0
549,1974226,Ligue 1,Auxerre,Yvan Zaddy,Forward,0.0,0.0,0.0,0.0,0.0,0.0,0.0,0.0,0.0,0.0,0.0,0.0,0.0,0.0,0.0,0.0,0.0,0.0,0.0,0.0,0.0,0.0,0.0,0.0,0.0,0.0,0.0,0.0,0.0,0.0,0.0,0.0,0.0,0.0,0.0,0.0,0.0,0.0,3.0,3.0,0.0,100.0,2.0,1.0,0.0,0.0,0.0,0.0,0.0,1,0,1,0.0,0.0,0.0,0.0,0.0,0.0,0.0,0.0,0.0,0.0,0.0,0.0
550,2077096,Ligue 1,Stade Rennais,Lucas Rosier,Forward,0.0,0.0,0.0,0.0,0.0,0.0,0.0,0.0,0.0,0.0,0.0,0.0,0.0,0.0,0.0,0.0,0.0,0.0,0.0,0.0,0.0,0.0,0.0,0.0,0.0,0.0,0.0,0.0,0.0,0.0,0.0,0.0,0.0,0.0,0.0,0.0,0.0,0.0,0.0,0.0,0.0,0.0,0.0,0.0,0.0,0.0,0.0,0.0,0.0,2,0,2,0.0,0.0,0.0,0.0,0.5,0.5,0.0,0.0,0.0,0.0,0.0,0.0
551,2409356,Ligue 1,Auxerre,Mamoudou Cissokho,Forward,0.0,0.0,0.0,0.0,0.0,0.0,0.0,0.0,0.0,0.0,0.0,0.0,0.0,0.0,0.0,0.0,0.0,0.0,0.0,0.0,0.0,0.0,0.0,0.0,0.0,0.0,0.0,0.0,0.0,0.0,0.0,0.0,0.0,0.0,0.0,0.0,0.0,0.0,0.0,0.0,0.0,0.0,0.0,0.0,0.0,0.0,0.0,0.0,0.0,2,0,2,0.0,0.0,0.0,0.5,0.0,0.0,0.5,100.0,0.5,100.0,0.0,0.0
