#,Player ID,League,Team,Name,Position,Sofascore Rating,Goals,xG,Big chances missed,Total shots,Shots on target,Shots off target,Goal conversion %,Succ. dribbles,Succ. dribbles %,Goals inside box,Goals outside box,Headed goals,Left-footed goals,Right-footed goals,Hit woodwork,Offsides,Penalties won,Penalties taken,Penalty goals,Penalty conversion %,Free kick goals,Shots from set piece,Set piece conv. %,Tackles,Interceptions,Clearances,Blocked shots,Dribbled past,Errors leading to goal,Errors leading to shot,Penalties committed,Own goals,Clean sheets,Big chances created,Assists,Passes to assist,Key passes,Total passes,Accurate passes,Inaccurate passes,Accurate passes %,Passes in own half,Passes in opp. half,Acc. final third passes,Accurate crosses,Accurate crosses %,Accurate long balls,Accurate long balls %,Appearances,Started,Minutes played,Yellow cards,Red cards,Fouls,Was fouled,Possession lost,Dispossessed,Total duels won,Total duels won %,Ground duels won,Ground duels won %,Aerial duels won,Aerial duels won %
1,288205,Premier League,Manchester United,Bruno Fernandes,Midfielder,7.58,0.24,0.33,0.24,2.54,0.7,0.94,9.52,0.45,41.67,0.21,0.03,0.0,0.0,0.24,0.15,0.12,0.0,0.18,0.12,66.67,0.03,0.15,20.0,1.57,0.57,1.27,0.15,1.15,0.0,0.09,0.03,0.0,0.18,0.97,0.6,0.03,4.02,58.67,48.15,10.52,82.06,16.09,32.06,19.57,1.63,30.17,4.08,60.27,34,34,2976,0.15,0.0,0.76,1.06,17.66,0.91,3.69,45.52,3.05,46.98,0.64,39.62
2,866469,Premier League,Newcastle United,Bruno Guimarães,Midfielder,7.48,0.34,0.21,0.15,1.54,0.83,0.49,21.95,0.68,38.3,0.23,0.11,0.08,0.04,0.23,0.08,0.08,0.08,0.08,0.08,100.0,0.0,0.08,0.0,2.34,0.57,1.36,0.11,0.98,0.0,0.0,0.0,0.0,0.23,0.26,0.19,0.04,1.73,52.89,45.58,7.31,86.18,17.37,28.22,16.35,0.79,26.25,2.98,60.77,28,26,2389,0.19,0.0,1.62,2.71,14.84,1.66,6.22,50.61,5.73,52.23,0.49,37.14
3,934386,Premier League,Manchester City,Jérémy Doku,Midfielder,7.44,0.27,0.14,0.21,1.91,0.74,0.42,13.89,4.35,57.34,0.16,0.11,0.0,0.11,0.16,0.05,0.16,0.11,0.0,0.0,0.0,0.0,0.0,0.0,1.22,0.69,0.11,0.0,0.53,0.0,0.0,0.0,0.0,0.11,0.69,0.27,0.05,3.08,39.5,32.92,6.58,83.33,5.68,27.24,19.91,0.85,28.57,0.69,61.9,28,18,1695,0.0,0.0,1.22,3.13,19.01,2.55,8.87,52.85,8.65,53.62,0.21,33.33
4,856714,Premier League,Arsenal,Declan Rice,Midfielder,7.43,0.12,0.09,0.09,1.2,0.39,0.42,10.0,0.42,50.0,0.09,0.03,0.03,0.0,0.09,0.0,0.03,0.0,0.0,0.0,0.0,0.0,0.15,0.0,1.94,1.08,2.24,0.36,0.42,0.03,0.0,0.0,0.0,0.36,0.51,0.15,0.03,1.91,61.41,53.6,7.81,87.29,23.3,30.3,15.37,1.41,27.01,2.42,47.65,35,34,3009,0.09,0.0,0.78,0.3,14.45,0.54,4.13,58.97,2.66,55.28,1.47,67.12
5,827606,Premier League,Manchester City,Rodri,Midfielder,7.42,0.06,0.05,0.0,0.76,0.13,0.32,8.33,0.38,46.15,0.06,0.0,0.06,0.0,0.0,0.0,0.0,0.0,0.0,0.0,0.0,0.0,0.0,0.0,2.47,0.82,2.53,0.19,0.89,0.0,0.19,0.0,0.0,0.19,0.13,0.0,0.0,1.45,96.77,87.34,9.42,90.26,35.67,51.67,20.3,0.06,20.0,5.44,69.92,20,16,1423,0.13,0.0,0.82,1.71,11.64,0.63,6.7,65.84,4.55,62.07,2.15,75.56
6,980643,Premier League,Manchester City,James Trafford,Goalkeeper,7.4,0.0,0.0,0.0,0.0,0.0,0.0,0.0,0.33,100.0,0.0,0.0,0.0,0.0,0.0,0.0,0.0,0.0,0.0,0.0,0.0,0.0,0.0,0.0,0.67,0.0,2.0,0.0,0.0,0.33,0.0,0.0,0.0,0.33,0.0,0.0,0.0,0.0,35.67,25.67,10.0,71.96,24.67,1.0,0.33,0.0,0.0,4.33,32.5,3,3,270,0.0,0.0,0.0,0.33,10.0,0.0,1.67,100.0,1.33,100.0,0.33,100.0
7,994546,Premier League,Nottingham Forest,Elliot Anderson,Midfielder,7.34,0.11,0.08,0.03,1.18,0.28,0.41,9.3,1.38,54.95,0.08,0.03,0.0,0.03,0.08,0.0,0.06,0.0,0.03,0.03,100.0,0.0,0.06,0.0,2.78,1.1,1.32,0.44,1.1,0.0,0.08,0.03,0.0,0.19,0.22,0.11,0.03,1.46,64.42,55.04,9.39,85.43,24.94,30.09,15.86,1.35,28.16,3.28,53.85,37,36,3269,0.22,0.0,1.54,2.17,17.84,1.65,8.07,54.87,6.25,53.79,1.82,58.93
8,839956,Premier League,Manchester City,Erling Haaland,Forward,7.32,0.82,0.79,0.94,3.89,1.82,1.35,20.97,0.47,50.0,0.78,0.03,0.09,0.63,0.09,0.19,0.13,0.0,0.13,0.09,75.0,0.0,0.0,0.0,0.47,0.16,1.22,0.03,0.19,0.0,0.0,0.0,0.0,0.28,0.25,0.25,0.0,0.75,11.58,7.53,4.05,65.04,2.73,4.8,3.17,0.03,33.33,0.13,28.57,34,33,2868,0.06,0.0,0.72,0.78,6.87,0.69,3.99,54.04,1.73,46.22,2.26,62.07
9,117777,Premier League,Sunderland,Granit Xhaka,Midfielder,7.32,0.03,0.03,0.0,0.67,0.16,0.32,4.76,0.35,45.83,0.0,0.03,0.0,0.03,0.0,0.03,0.0,0.0,0.0,0.0,0.0,0.0,0.1,0.0,1.6,0.93,2.62,0.64,0.51,0.0,0.1,0.0,0.0,0.29,0.29,0.19,0.0,1.09,56.15,46.94,9.21,83.59,20.48,26.46,13.53,0.74,24.73,4.26,54.51,33,31,2813,0.22,0.0,0.7,1.31,13.28,0.54,4.93,60.63,3.17,60.0,1.76,61.8
10,877994,Premier League,Manchester City,Marc Guéhi,Defender,7.32,0.09,0.12,0.18,0.94,0.26,0.44,9.38,0.21,63.64,0.09,0.0,0.03,0.0,0.06,0.06,0.0,0.03,0.0,0.0,0.0,0.0,0.0,0.0,1.32,1.44,4.79,0.65,0.32,0.06,0.0,0.0,0.0,0.41,0.15,0.09,0.0,0.53,66.38,59.5,6.88,89.63,31.74,27.76,11.59,0.09,17.65,2.21,40.76,34,34,3060,0.18,0.0,0.68,1.06,8.59,0.5,5.62,64.75,2.59,61.97,3.03,67.32
11,869792,Premier League,Arsenal,Gabriel Magalhães,Defender,7.29,0.1,0.1,0.14,0.89,0.24,0.31,11.54,0.03,50.0,0.1,0.0,0.03,0.07,0.0,0.07,0.0,0.0,0.0,0.0,0.0,0.0,0.0,0.0,1.27,0.79,5.99,1.17,0.21,0.03,0.07,0.0,0.0,0.55,0.17,0.14,0.0,0.24,56.8,50.09,6.71,88.19,30.48,19.61,6.78,0.03,20.0,2.51,44.24,30,29,2616,0.14,0.0,0.62,1.07,7.71,0.14,5.64,65.86,2.37,71.88,3.27,62.09
12,151545,Premier League,Liverpool FC,Virgil van Dijk,Defender,7.25,0.16,0.1,0.22,0.78,0.38,0.3,20.69,0.05,100.0,0.16,0.0,0.14,0.0,0.0,0.03,0.03,0.0,0.0,0.0,0.0,0.0,0.0,0.0,0.59,0.7,7.38,0.65,0.05,0.05,0.05,0.03,0.0,0.27,0.0,0.0,0.0,0.3,73.76,65.7,8.05,89.08,35.32,30.38,10.76,0.0,0.0,3.59,46.02,37,37,3330,0.11,0.0,0.51,0.43,8.59,0.03,5.59,73.14,1.08,68.97,4.51,74.22
13,979128,Premier League,Manchester City,Rayan Cherki,Midfielder,7.25,0.21,0.21,0.1,2.76,0.68,0.94,7.55,2.6,48.54,0.16,0.05,0.0,0.0,0.21,0.16,0.05,0.0,0.0,0.0,0.0,0.0,0.21,0.0,1.35,0.36,0.36,0.05,0.99,0.0,0.05,0.0,0.0,0.16,0.99,0.62,0.05,3.18,64.9,56.15,8.75,86.52,14.53,41.61,24.22,1.2,30.67,1.61,48.44,31,19,1728,0.05,0.0,0.83,1.77,18.75,1.77,5.78,46.25,5.73,47.41,0.05,12.5
14,962012,Premier League,Brighton & Hove Albion,Jan Paul van Hecke,Defender,7.24,0.09,0.1,0.09,0.66,0.29,0.17,13.04,0.09,60.0,0.09,0.0,0.03,0.0,0.06,0.03,0.12,0.0,0.0,0.0,0.0,0.0,0.0,0.0,1.5,1.3,5.33,0.81,0.61,0.12,0.0,0.03,0.03,0.26,0.06,0.09,0.0,0.37,70.65,61.57,9.08,87.14,37.63,23.93,9.4,0.29,47.62,3.69,47.41,35,35,3121,0.26,0.0,0.78,1.24,10.21,0.14,5.88,60.71,2.71,64.38,3.17,57.89
15,189061,Premier League,Everton,Jack Grealish,Midfielder,7.23,0.11,0.12,0.22,1.43,0.44,0.33,7.69,1.27,40.35,0.06,0.06,0.0,0.06,0.06,0.06,0.0,0.0,0.0,0.0,0.0,0.0,0.0,0.0,1.16,0.66,0.61,0.33,0.55,0.0,0.11,0.0,0.0,0.28,0.28,0.33,0.11,2.21,31.62,26.6,5.02,84.12,7.45,19.15,13.13,0.55,25.64,0.99,56.25,20,18,1631,0.17,0.06,0.72,3.2,12.53,1.66,5.85,50.48,5.63,54.55,0.22,17.39
16,934235,Premier League,Arsenal,Bukayo Saka,Forward,7.23,0.3,0.31,0.34,2.87,1.14,0.76,10.29,2.11,50.51,0.3,0.0,0.04,0.17,0.08,0.04,0.59,0.0,0.04,0.04,100.0,0.0,0.08,0.0,1.52,0.63,0.42,0.04,0.63,0.0,0.04,0.0,0.0,0.3,0.46,0.17,0.08,2.61,31.24,23.99,7.25,76.79,4.76,19.22,13.66,1.64,32.77,0.59,35.9,30,24,2135,0.08,0.0,1.31,2.15,16.48,1.26,6.7,50.96,5.78,52.69,0.93,42.31
17,830659,Premier League,Bournemouth,Marcos Senesi,Defender,7.23,0.0,0.04,0.06,0.49,0.14,0.23,0.0,0.17,66.67,0.0,0.0,0.0,0.0,0.0,0.03,0.03,0.03,0.0,0.0,0.0,0.0,0.0,0.0,1.71,1.56,7.03,1.3,0.75,0.0,0.06,0.0,0.0,0.29,0.2,0.14,0.0,0.69,62.86,48.79,14.06,77.62,27.64,21.15,8.94,0.23,32.0,5.01,38.36,35,35,3110,0.23,0.0,0.98,1.04,16.35,0.38,5.44,52.37,2.89,57.47,2.55,47.57
18,927361,Premier League,Everton,James Garner,Midfielder,7.22,0.05,0.05,0.0,1.19,0.38,0.51,4.55,0.46,53.13,0.03,0.03,0.0,0.0,0.05,0.03,0.0,0.0,0.0,0.0,0.0,0.0,0.3,0.0,3.14,1.57,2.3,0.24,1.22,0.0,0.03,0.0,0.0,0.3,0.32,0.19,0.0,1.41,47.08,40.97,6.12,87.0,17.44,23.53,12.78,1.35,25.13,1.57,46.03,37,37,3324,0.32,0.0,1.06,1.06,12.67,0.38,5.42,60.79,4.63,60.42,0.79,63.04
19,122951,Premier League,Manchester United,Casemiro,Midfielder,7.22,0.31,0.19,0.21,1.8,0.62,0.62,17.31,0.21,37.5,0.28,0.03,0.28,0.0,0.03,0.03,0.17,0.0,0.0,0.0,0.0,0.0,0.0,0.0,3.12,1.08,2.53,0.94,1.74,0.0,0.17,0.0,0.0,0.07,0.14,0.07,0.0,1.25,55.53,45.16,10.38,81.31,21.1,24.05,10.62,0.14,23.53,2.98,54.09,34,33,2593,0.31,0.03,1.6,1.25,12.81,0.45,6.53,52.66,4.55,53.25,1.98,51.35
20,318941,Premier League,Manchester City,Rúben Dias,Defender,7.2,0.09,0.02,0.04,0.44,0.17,0.13,20.0,0.13,50.0,0.04,0.04,0.0,0.0,0.09,0.0,0.0,0.0,0.0,0.0,0.0,0.0,0.0,0.0,0.57,0.96,5.03,0.74,0.09,0.0,0.09,0.0,0.0,0.48,0.0,0.0,0.0,0.26,73.78,68.63,5.16,93.01,37.07,31.56,10.01,0.13,33.33,2.05,50.0,25,23,2059,0.13,0.0,0.61,0.39,5.86,0.13,3.58,60.74,1.05,52.17,2.54,65.17
21,885908,Premier League,Chelsea,Reece James,Defender,7.19,0.09,0.05,0.0,0.98,0.28,0.28,9.52,0.51,52.38,0.05,0.05,0.0,0.0,0.09,0.09,0.05,0.0,0.0,0.0,0.0,0.05,0.33,14.29,2.25,1.54,1.92,0.28,0.47,0.05,0.14,0.0,0.0,0.19,0.37,0.19,0.0,1.26,60.84,54.1,6.74,88.92,26.54,27.57,13.95,1.4,24.0,2.62,55.45,28,20,1923,0.19,0.0,1.26,0.98,13.67,0.61,5.2,59.36,3.74,57.14,1.45,65.96
22,861970,Premier League,Everton,Kiernan Dewsbury-Hall,Midfielder,7.19,0.28,0.15,0.11,1.34,0.53,0.46,21.05,0.95,55.1,0.28,0.0,0.0,0.21,0.07,0.04,0.07,0.0,0.0,0.0,0.0,0.0,0.0,0.0,1.8,0.42,0.99,0.11,0.6,0.0,0.04,0.04,0.0,0.18,0.35,0.14,0.0,1.31,35.35,29.25,6.1,82.73,8.89,20.36,12.81,0.71,18.52,0.81,37.1,30,29,2551,0.21,0.0,1.09,1.62,13.51,1.69,5.05,51.07,4.34,51.9,0.71,46.51
23,331737,Premier League,Aston Villa,Youri Tielemans,Midfielder,7.18,0.0,0.06,0.1,1.12,0.29,0.49,0.0,0.44,52.94,0.0,0.0,0.0,0.0,0.0,0.0,0.05,0.0,0.0,0.0,0.0,0.0,0.0,0.0,2.73,0.88,0.88,0.68,1.12,0.0,0.05,0.0,0.0,0.1,0.24,0.2,0.0,1.46,54.24,45.95,8.29,84.71,18.34,27.61,13.66,0.59,27.27,2.93,63.16,24,21,1845,0.0,0.0,1.22,2.0,12.39,0.63,6.2,59.91,5.12,60.69,1.07,56.41
24,1142562,Premier League,West Ham United,Mateus Fernandes,Midfielder,7.18,0.09,0.06,0.03,0.83,0.21,0.28,11.11,0.86,60.87,0.06,0.03,0.03,0.0,0.06,0.03,0.0,0.0,0.0,0.0,0.0,0.0,0.0,0.0,3.01,1.04,1.07,0.37,1.23,0.0,0.12,0.0,0.0,0.12,0.09,0.09,0.0,1.07,46.56,40.77,5.8,87.55,19.85,20.92,10.34,0.37,24.0,3.31,62.43,35,34,2934,0.21,0.0,1.47,1.47,9.85,0.95,5.89,55.65,5.34,56.31,0.55,50.0
25,869856,Premier League,Liverpool FC,Dominik Szoboszlai,Midfielder,7.17,0.17,0.13,0.09,1.98,0.63,0.66,8.7,0.72,52.08,0.06,0.11,0.0,0.03,0.14,0.06,0.06,0.0,0.03,0.0,0.0,0.11,0.4,28.57,1.52,0.83,1.66,0.23,1.12,0.06,0.14,0.0,0.0,0.23,0.34,0.2,0.0,2.12,60.91,53.38,7.53,87.64,21.65,31.73,18.18,1.92,33.67,3.64,61.65,35,35,3143,0.23,0.03,1.15,0.86,14.52,0.74,3.64,45.52,3.09,45.76,0.54,44.19
26,145188,Premier League,Everton,James Tarkowski,Defender,7.17,0.06,0.07,0.11,0.56,0.28,0.11,10.0,0.11,57.14,0.06,0.0,0.03,0.0,0.03,0.0,0.06,0.0,0.0,0.0,0.0,0.0,0.0,0.0,1.39,0.83,6.58,1.39,0.36,0.03,0.19,0.03,0.0,0.31,0.06,0.08,0.03,0.53,42.22,34.0,8.22,80.53,22.31,11.69,4.17,0.06,28.57,2.75,41.08,36,36,3240,0.19,0.0,0.83,0.97,9.03,0.03,6.36,68.36,2.39,66.15,3.97,69.76
27,987650,Premier League,Chelsea,Moisés Caicedo,Midfielder,7.16,0.1,0.05,0.03,0.89,0.24,0.24,11.54,0.48,56.0,0.03,0.07,0.0,0.0,0.1,0.0,0.0,0.0,0.0,0.0,0.0,0.0,0.0,0.0,2.98,1.92,0.96,0.48,0.82,0.03,0.1,0.03,0.0,0.17,0.14,0.03,0.03,0.58,66.46,61.08,5.38,91.91,29.26,31.83,12.88,0.07,28.57,1.99,64.44,31,30,2627,0.38,0.03,1.75,1.68,7.57,0.62,5.62,55.78,5.14,59.52,0.48,33.33
28,889861,Premier League,Leeds United,Anton Stach,Midfielder,7.14,0.19,0.11,0.04,2.08,0.53,0.64,9.09,0.76,47.62,0.04,0.15,0.0,0.04,0.15,0.0,0.0,0.0,0.0,0.0,0.0,0.11,0.3,37.5,2.46,0.76,1.97,0.34,0.91,0.0,0.04,0.04,0.0,0.19,0.34,0.11,0.0,2.38,35.54,27.48,8.06,77.32,10.75,16.73,9.46,1.7,28.66,1.59,53.85,29,28,2378,0.11,0.0,1.36,0.91,15.67,0.98,5.87,53.08,4.05,49.77,1.82,62.34
29,847097,Premier League,Leeds United,Ethan Ampadu,Midfielder,7.14,0.03,0.07,0.09,0.77,0.18,0.27,3.85,0.36,70.59,0.03,0.0,0.0,0.0,0.03,0.0,0.0,0.03,0.0,0.0,0.0,0.0,0.0,0.0,2.34,1.48,2.37,0.5,0.5,0.0,0.12,0.03,0.0,0.18,0.03,0.03,0.03,0.56,49.53,42.26,7.27,85.32,22.34,19.91,8.16,0.27,36.0,2.4,52.26,34,34,3033,0.27,0.0,1.45,1.04,12.61,0.36,5.28,62.24,3.68,62.0,1.6,62.79
30,974505,Premier League,Chelsea,Enzo Fernández,Midfielder,7.13,0.28,0.34,0.28,2.14,0.92,0.61,12.86,0.34,24.44,0.24,0.03,0.03,0.0,0.24,0.12,0.03,0.0,0.06,0.06,100.0,0.03,0.21,14.29,1.56,0.61,0.83,0.03,1.07,0.0,0.0,0.0,0.0,0.15,0.31,0.09,0.03,1.99,59.25,51.35,7.9,86.67,20.26,31.09,16.8,0.49,19.28,2.75,62.07,34,33,2941,0.28,0.0,0.98,1.29,14.08,1.22,3.92,43.54,3.18,42.62,0.73,48.0
31,826204,Premier League,Aston Villa,Boubacar Kamara,Midfielder,7.12,0.06,0.03,0.13,0.44,0.25,0.0,14.29,0.89,45.16,0.0,0.06,0.0,0.06,0.0,0.0,0.0,0.0,0.0,0.0,0.0,0.0,0.0,0.0,2.35,1.14,1.27,0.51,1.21,0.0,0.19,0.0,0.0,0.13,0.0,0.19,0.0,0.95,51.92,45.83,6.09,88.26,20.94,24.88,12.57,0.0,0.0,1.97,67.39,18,17,1418,0.32,0.0,1.08,1.9,9.2,0.95,7.36,56.86,5.08,54.05,2.28,64.29
32,355528,Premier League,Fulham,Harry Wilson,Midfielder,7.12,0.34,0.19,0.03,2.56,0.84,0.84,13.16,0.61,54.55,0.24,0.1,0.0,0.3,0.03,0.03,0.44,0.0,0.0,0.0,0.0,0.03,0.2,16.67,0.94,0.51,1.62,0.1,0.81,0.0,0.07,0.0,0.0,0.13,0.27,0.2,0.0,1.28,25.89,21.04,4.85,81.27,6.8,14.24,8.79,1.08,28.07,1.25,56.92,35,32,2673,0.24,0.0,0.44,1.25,10.27,0.77,2.96,48.09,2.79,52.53,0.17,20.0
33,829932,Premier League,Tottenham Hotspur,Cristian Romero,Defender,7.11,0.19,0.06,0.05,0.82,0.29,0.43,23.53,0.38,80.0,0.19,0.0,0.14,0.0,0.05,0.0,0.05,0.0,0.0,0.0,0.0,0.0,0.0,0.0,2.79,1.44,4.52,0.67,0.53,0.05,0.1,0.0,0.0,0.19,0.19,0.05,0.05,0.58,54.23,47.36,6.88,87.32,32.16,15.19,5.0,0.0,0.0,2.26,48.96,23,22,1872,0.43,0.1,1.54,0.77,8.17,0.29,7.45,66.24,3.94,62.12,3.51,71.57
34,48480,Premier League,Brighton & Hove Albion,Pascal Groß,Midfielder,7.1,0.06,0.08,0.06,0.93,0.47,0.17,6.25,0.41,43.75,0.06,0.0,0.0,0.0,0.06,0.0,0.23,0.0,0.0,0.0,0.0,0.0,0.0,0.0,1.69,0.64,1.34,0.23,1.05,0.0,0.06,0.0,0.0,0.29,0.29,0.17,0.0,2.27,59.09,50.82,8.27,86.01,24.1,26.72,14.9,2.33,34.19,2.1,49.32,18,17,1546,0.12,0.0,0.93,0.7,15.02,0.47,3.55,48.03,2.79,48.98,0.76,44.83
36,975079,Premier League,Chelsea,João Pedro,Forward,7.1,0.52,0.5,0.38,2.47,0.98,0.77,21.13,1.29,51.39,0.52,0.0,0.1,0.17,0.24,0.0,0.56,0.1,0.0,0.0,0.0,0.0,0.0,0.0,0.91,0.17,0.94,0.17,0.14,0.0,0.0,0.0,0.0,0.1,0.21,0.17,0.0,1.01,23.58,17.94,5.64,76.07,6.03,11.91,6.76,0.03,5.56,0.38,52.38,34,30,2584,0.14,0.0,1.25,1.88,12.99,1.85,6.51,48.32,4.04,48.54,2.47,47.97
37,249859,Premier League,Crystal Palace,Walter Benítez,Goalkeeper,7.1,0.0,0.0,0.0,0.0,0.0,0.0,0.0,0.0,0.0,0.0,0.0,0.0,0.0,0.0,0.0,0.0,0.0,0.0,0.0,0.0,0.0,0.0,0.0,0.0,0.0,1.0,0.0,0.0,0.0,0.0,0.0,0.0,1.0,0.0,0.0,0.0,0.0,27.0,18.0,9.0,66.67,14.0,4.0,2.0,0.0,0.0,5.0,35.71,1,1,90,0.0,0.0,0.0,0.0,9.0,0.0,0.0,0.0,0.0,0.0,0.0,0.0
38,1128801,Premier League,Burnley,Max Weiss,Goalkeeper,7.1,0.0,0.0,0.0,0.0,0.0,0.0,0.0,0.0,0.0,0.0,0.0,0.0,0.0,0.0,0.0,0.0,0.0,0.0,0.0,0.0,0.0,0.0,0.0,0.0,0.0,2.0,0.0,0.0,0.0,0.0,0.0,0.0,0.0,0.0,0.0,0.0,0.0,24.0,9.0,15.0,37.5,6.0,3.0,1.0,0.0,0.0,5.0,25.0,1,1,90,0.0,0.0,0.0,0.0,17.0,0.0,0.0,0.0,0.0,0.0,0.0,0.0
39,101367,Premier League,Wolverhampton,Daniel Bentley,Goalkeeper,7.1,0.0,0.0,0.0,0.0,0.0,0.0,0.0,0.0,0.0,0.0,0.0,0.0,0.0,0.0,0.0,0.0,0.0,0.0,0.0,0.0,0.0,0.0,0.0,0.0,0.0,1.67,0.0,0.0,0.0,0.0,0.0,0.0,0.0,0.0,0.0,0.0,0.0,29.33,14.67,14.67,50.0,11.33,3.33,1.67,0.0,0.0,4.67,24.14,3,3,270,0.0,0.0,0.0,0.67,14.67,0.0,1.0,100.0,0.67,100.0,0.33,100.0
40,125274,Premier League,Nottingham Forest,Stefan Ortega,Goalkeeper,7.1,0.0,0.0,0.0,0.0,0.0,0.0,0.0,0.0,0.0,0.0,0.0,0.0,0.0,0.0,0.0,0.0,0.0,0.0,0.0,0.0,0.0,0.0,0.0,0.0,0.0,0.33,0.0,0.0,0.0,0.0,0.0,0.0,0.33,0.0,0.0,0.0,0.0,22.67,15.67,7.0,69.12,12.33,3.33,1.67,0.0,0.0,7.67,52.27,3,3,270,0.0,0.0,0.0,0.0,7.0,0.0,0.33,100.0,0.0,0.0,0.33,100.0
41,101882,Premier League,Newcastle United,Fabian Schär,Defender,7.1,0.0,0.08,0.16,1.4,0.33,0.74,0.0,0.0,0.0,0.0,0.0,0.0,0.0,0.0,0.08,0.08,0.0,0.0,0.0,0.0,0.0,0.16,0.0,1.15,1.48,5.86,0.99,0.49,0.0,0.25,0.0,0.0,0.33,0.0,0.0,0.0,0.33,65.66,55.44,10.23,84.42,35.64,19.8,6.43,0.08,25.0,5.86,46.1,16,11,1091,0.08,0.0,1.24,0.49,11.38,0.08,5.44,57.89,1.65,48.78,3.79,63.01
42,1168513,Premier League,Manchester City,Max Alleyne,Defender,7.1,0.0,0.17,0.67,1.33,0.67,0.67,0.0,2.0,75.0,0.0,0.0,0.0,0.0,0.0,0.0,0.0,0.0,0.0,0.0,0.0,0.0,0.0,0.0,2.0,2.67,2.67,0.0,0.0,0.0,0.0,0.0,0.0,0.0,0.0,0.0,0.0,0.67,85.33,80.0,5.33,93.75,42.0,38.0,8.67,0.0,0.0,5.33,80.0,2,2,135,0.0,0.0,0.0,0.0,7.33,0.67,6.0,81.82,4.0,75.0,2.0,100.0
43,859999,Premier League,Manchester United,Lisandro Martínez,Defender,7.09,0.0,0.01,0.0,0.39,0.0,0.16,0.0,1.1,87.5,0.0,0.0,0.0,0.0,0.0,0.0,0.0,0.0,0.0,0.0,0.0,0.0,0.0,0.0,1.41,0.94,4.63,0.94,0.24,0.0,0.08,0.0,0.08,0.24,0.08,0.0,0.0,0.39,69.83,62.85,6.98,90.0,35.47,27.38,8.63,0.08,50.0,3.3,46.67,17,12,1147,0.0,0.08,0.71,0.16,8.0,0.16,3.61,66.67,2.67,68.0,0.94,63.16
44,1464966,Premier League,Bournemouth,Rayan,Midfielder,7.09,0.47,0.21,0.0,2.34,0.75,0.75,20.0,1.03,37.93,0.37,0.09,0.09,0.09,0.28,0.19,0.09,0.0,0.0,0.0,0.0,0.0,0.0,0.0,0.94,0.56,1.22,0.0,0.65,0.0,0.0,0.09,0.0,0.09,0.28,0.19,0.0,1.22,25.63,20.02,5.61,78.1,5.99,14.03,7.95,0.28,14.29,0.84,60.0,13,11,962,0.09,0.0,0.65,0.47,12.63,0.94,4.58,41.18,2.43,38.81,2.15,44.23
45,886363,Premier League,Manchester United,Matheus Cunha,Forward,7.09,0.36,0.25,0.14,3.24,1.26,0.83,11.11,1.58,48.35,0.29,0.07,0.0,0.04,0.32,0.11,0.07,0.07,0.0,0.0,0.0,0.0,0.0,0.0,1.4,0.76,0.79,0.11,0.65,0.0,0.0,0.0,0.0,0.11,0.14,0.07,0.04,1.26,31.64,25.46,6.18,80.45,8.56,16.9,10.18,0.4,22.0,0.79,52.38,33,29,2503,0.14,0.0,0.97,1.94,14.74,1.91,5.9,46.46,4.89,48.75,1.01,37.84
46,1104986,Premier League,Bournemouth,Alex Scott,Midfielder,7.07,0.1,0.12,0.07,1.43,0.42,0.55,6.82,0.91,54.9,0.07,0.03,0.0,0.07,0.03,0.03,0.03,0.0,0.0,0.0,0.0,0.0,0.07,0.0,1.89,1.17,2.44,0.49,0.75,0.0,0.03,0.03,0.0,0.2,0.13,0.03,0.03,0.88,43.75,37.09,6.66,84.77,18.14,18.95,8.45,0.46,16.87,1.72,42.4,36,33,2769,0.16,0.0,1.46,1.95,12.12,0.85,5.85,55.38,4.71,55.56,1.14,54.69
47,1109771,Premier League,Crystal Palace,Adam Wharton,Midfielder,7.07,0.04,0.05,0.0,1.13,0.21,0.39,3.13,0.53,51.72,0.0,0.04,0.0,0.04,0.0,0.07,0.0,0.0,0.0,0.0,0.0,0.0,0.0,0.0,2.48,0.95,1.49,0.11,1.52,0.0,0.07,0.04,0.0,0.18,0.5,0.18,0.0,1.56,43.39,34.37,9.02,79.22,14.75,19.63,9.8,0.99,31.46,2.4,48.23,33,29,2545,0.14,0.04,1.24,1.06,14.07,0.95,4.92,48.43,4.07,49.57,0.85,43.64
48,994363,Premier League,Brighton & Hove Albion,Bart Verbruggen,Goalkeeper,7.06,0.0,0.0,0.0,0.0,0.0,0.0,0.0,0.03,100.0,0.0,0.0,0.0,0.0,0.0,0.0,0.0,0.0,0.0,0.0,0.0,0.0,0.0,0.0,0.03,0.0,0.84,0.0,0.05,0.11,0.05,0.03,0.03,0.27,0.0,0.0,0.0,0.03,40.86,30.97,9.89,75.79,28.24,2.73,1.32,0.0,0.0,5.16,34.6,37,37,3330,0.08,0.0,0.05,0.08,10.08,0.0,0.43,76.19,0.14,55.56,0.3,91.67
49,826215,Premier League,Liverpool FC,Ibrahima Konaté,Defender,7.06,0.03,0.03,0.06,0.3,0.09,0.12,10.0,0.15,71.43,0.03,0.0,0.0,0.0,0.03,0.0,0.0,0.0,0.0,0.0,0.0,0.0,0.0,0.0,1.55,0.87,5.59,0.72,0.3,0.0,0.09,0.03,0.0,0.24,0.06,0.0,0.0,0.21,63.01,56.46,6.55,89.61,33.39,23.08,7.17,0.03,33.33,1.88,45.99,35,35,3011,0.18,0.0,0.96,1.2,7.59,0.15,6.37,68.49,2.81,66.2,3.56,70.41
50,914902,Premier League,Newcastle United,Anthony Gordon,Forward,7.05,0.3,0.44,0.45,2.38,0.99,0.84,12.5,1.63,47.14,0.3,0.0,0.0,0.0,0.3,0.1,0.25,0.05,0.15,0.15,100.0,0.0,0.0,0.0,0.94,0.15,0.64,0.0,0.59,0.05,0.05,0.0,0.0,0.1,0.25,0.1,0.0,1.29,25.61,20.95,4.66,81.82,5.75,15.21,10.06,0.74,21.43,0.84,65.38,26,24,1817,0.15,0.05,0.64,1.98,12.88,1.29,4.95,46.95,4.56,51.4,0.4,23.53
51,352770,Premier League,Fulham,Alex Iwobi,Midfielder,7.05,0.15,0.06,0.0,1.27,0.54,0.23,12.12,0.61,39.02,0.08,0.08,0.0,0.04,0.12,0.0,0.04,0.0,0.0,0.0,0.0,0.0,0.0,0.0,1.0,0.5,0.69,0.12,0.35,0.0,0.04,0.0,0.0,0.04,0.15,0.12,0.0,1.57,52.95,45.19,7.76,85.35,21.0,24.19,13.82,1.15,34.48,2.73,63.39,28,28,2344,0.12,0.0,0.27,0.38,13.67,0.88,2.23,44.62,1.96,44.35,0.27,46.67
52,923973,Premier League,Aston Villa,Amadou Onana,Midfielder,7.05,0.1,0.09,0.2,0.97,0.36,0.41,10.53,0.36,53.85,0.05,0.05,0.05,0.0,0.05,0.05,0.0,0.0,0.0,0.0,0.0,0.0,0.0,0.0,2.4,1.28,2.97,0.87,0.56,0.05,0.05,0.0,0.0,0.15,0.0,0.0,0.0,0.36,43.03,37.56,5.47,87.28,19.7,17.86,7.11,0.0,0.0,2.15,64.62,24,21,1759,0.15,0.0,1.02,1.28,7.42,0.51,6.19,63.68,3.89,62.3,2.3,66.18
53,904897,Premier League,Liverpool FC,Ryan Gravenberch,Midfielder,7.05,0.15,0.06,0.0,1.11,0.37,0.34,13.89,0.96,57.41,0.06,0.09,0.0,0.03,0.12,0.03,0.0,0.0,0.0,0.0,0.0,0.0,0.0,0.0,1.73,1.45,1.61,0.37,0.53,0.0,0.12,0.0,0.0,0.28,0.12,0.09,0.0,0.87,56.45,50.21,6.24,88.94,20.61,29.6,14.12,0.0,0.0,0.71,31.94,35,33,2913,0.15,0.0,1.11,1.27,9.89,0.77,4.79,56.36,3.95,56.39,0.83,56.25
54,966837,Premier League,Arsenal,Martín Zubimendi,Midfielder,7.05,0.15,0.09,0.06,0.84,0.28,0.31,18.52,0.22,46.67,0.09,0.06,0.06,0.0,0.09,0.06,0.03,0.0,0.0,0.0,0.0,0.0,0.0,0.0,2.07,1.21,2.32,0.15,0.65,0.06,0.09,0.0,0.0,0.31,0.03,0.03,0.0,0.56,57.49,50.38,7.11,87.63,22.61,27.77,12.25,0.06,18.18,1.58,47.22,36,33,2910,0.12,0.0,0.99,0.43,9.12,0.31,4.67,59.68,2.66,55.48,2.01,66.33
55,1014286,Premier League,Newcastle United,Malick Thiaw,Defender,7.04,0.13,0.15,0.19,0.88,0.44,0.19,14.29,0.25,100.0,0.13,0.0,0.06,0.03,0.03,0.0,0.06,0.0,0.0,0.0,0.0,0.0,0.0,0.0,1.35,0.91,5.7,1.0,0.38,0.06,0.13,0.03,0.0,0.13,0.03,0.0,0.0,0.19,50.86,45.56,5.29,89.59,28.37,17.19,5.86,0.03,12.5,2.63,59.57,34,32,2874,0.13,0.0,0.72,0.31,5.95,0.09,5.42,64.79,1.88,63.16,3.54,65.7
56,859765,Premier League,Manchester City,Phil Foden,Midfielder,7.03,0.32,0.29,0.27,2.5,0.86,0.77,12.73,1.0,52.38,0.23,0.09,0.09,0.18,0.05,0.05,0.09,0.0,0.0,0.0,0.0,0.0,0.09,0.0,1.54,0.41,0.54,0.14,0.64,0.0,0.09,0.0,0.0,0.32,0.45,0.23,0.05,2.36,52.01,45.93,6.08,88.31,16.11,29.82,15.93,1.77,33.91,2.04,63.38,31,22,1983,0.18,0.0,0.82,1.41,13.66,1.32,4.22,49.21,3.95,52.1,0.27,27.27
57,824509,Premier League,Manchester City,Gianluigi Donnarumma,Goalkeeper,7.03,0.0,0.0,0.0,0.0,0.0,0.0,0.0,0.06,100.0,0.0,0.0,0.0,0.0,0.0,0.0,0.0,0.0,0.0,0.0,0.0,0.0,0.0,0.0,0.0,0.03,1.24,0.0,0.03,0.06,0.09,0.0,0.0,0.45,0.0,0.0,0.0,0.03,25.97,20.85,5.12,80.28,19.15,1.7,0.42,0.0,0.0,3.79,43.4,33,33,2970,0.21,0.0,0.0,0.09,5.3,0.0,0.64,91.3,0.15,83.33,0.48,94.12
58,934354,Premier League,Manchester City,Antoine Semenyo,Midfielder,7.03,0.47,0.32,0.2,2.36,1.14,0.82,19.75,1.63,45.16,0.35,0.12,0.0,0.17,0.29,0.09,0.52,0.0,0.06,0.03,50.0,0.03,0.06,50.0,1.31,0.35,0.85,0.2,0.58,0.0,0.06,0.03,0.0,0.32,0.23,0.12,0.0,1.08,26.04,20.76,5.28,79.73,5.72,15.05,9.27,0.23,16.67,0.76,50.0,35,35,3086,0.2,0.0,1.6,0.61,14.64,1.78,5.28,40.86,3.56,37.77,1.72,49.17
59,827362,Premier League,Brentford,Caoimhin Kelleher,Goalkeeper,7.03,0.0,0.0,0.0,0.0,0.0,0.0,0.0,0.08,100.0,0.0,0.0,0.0,0.0,0.0,0.0,0.0,0.0,0.0,0.0,0.0,0.0,0.0,0.0,0.03,0.03,1.22,0.0,0.03,0.06,0.03,0.08,0.0,0.28,0.0,0.0,0.03,0.08,34.94,22.94,12.0,65.66,18.19,4.75,1.42,0.0,0.0,6.75,36.11,36,36,3240,0.03,0.0,0.08,0.17,12.28,0.0,0.42,71.43,0.25,69.23,0.17,75.0
60,964753,Premier League,Manchester United,Senne Lammens,Goalkeeper,7.02,0.0,0.0,0.0,0.0,0.0,0.0,0.0,0.0,0.0,0.0,0.0,0.0,0.0,0.0,0.0,0.0,0.0,0.0,0.0,0.0,0.0,0.0,0.0,0.03,0.0,0.84,0.0,0.03,0.03,0.0,0.0,0.0,0.23,0.0,0.0,0.0,0.0,29.42,17.52,11.9,59.54,12.77,4.74,1.19,0.0,0.0,6.0,33.82,31,31,2790,0.0,0.0,0.0,0.13,12.19,0.0,0.35,91.67,0.13,80.0,0.23,100.0
61,829022,Premier League,West Ham United,Konstantinos Mavropanos,Defender,7.02,0.11,0.09,0.11,0.85,0.29,0.44,13.04,0.07,100.0,0.11,0.0,0.07,0.0,0.04,0.0,0.07,0.0,0.0,0.0,0.0,0.0,0.0,0.0,1.44,1.77,6.81,1.07,0.44,0.0,0.07,0.0,0.07,0.18,0.0,0.0,0.0,0.15,41.71,34.38,7.33,82.44,21.83,12.55,3.42,0.04,33.33,3.09,44.68,30,26,2445,0.07,0.0,0.44,0.33,8.32,0.07,4.75,66.49,1.8,65.33,2.94,67.23
62,941168,Premier League,Arsenal,William Saliba,Defender,7.02,0.04,0.03,0.07,0.18,0.04,0.11,20.0,0.25,70.0,0.04,0.0,0.04,0.0,0.0,0.0,0.04,0.0,0.0,0.0,0.0,0.0,0.0,0.0,1.25,0.61,4.49,0.25,0.21,0.0,0.07,0.0,0.0,0.5,0.04,0.0,0.0,0.36,72.75,67.58,5.17,92.9,43.34,24.24,9.05,0.14,44.44,2.03,50.89,30,29,2525,0.07,0.0,0.78,0.57,6.38,0.32,4.46,56.56,2.07,59.18,2.39,54.47
63,362682,Premier League,Fulham,Joachim Andersen,Defender,7.02,0.0,0.05,0.06,0.5,0.12,0.28,0.0,0.19,85.71,0.0,0.0,0.0,0.0,0.0,0.03,0.0,0.0,0.0,0.0,0.0,0.0,0.0,0.0,1.4,1.12,7.15,0.59,0.5,0.06,0.03,0.0,0.0,0.25,0.09,0.03,0.0,0.22,71.0,61.1,9.89,86.07,41.22,19.88,7.08,0.12,26.67,5.18,45.86,33,33,2884,0.22,0.03,0.97,0.41,10.98,0.09,4.4,63.23,1.93,54.87,2.47,71.82
64,1156586,Premier League,Bournemouth,James Hill,Defender,7.01,0.0,0.04,0.05,0.51,0.09,0.37,0.0,0.09,100.0,0.0,0.0,0.0,0.0,0.0,0.05,0.09,0.0,0.0,0.0,0.0,0.0,0.0,0.0,1.76,1.67,7.24,0.65,0.56,0.0,0.09,0.0,0.09,0.28,0.09,0.14,0.0,0.56,43.1,33.22,9.88,77.07,22.5,10.72,3.48,0.09,18.18,2.27,30.43,27,20,1940,0.14,0.0,0.6,0.56,14.06,0.23,7.33,65.56,2.32,63.29,5.01,66.67
65,964994,Premier League,Manchester City,Joško Gvardiol,Defender,7.01,0.13,0.16,0.13,1.12,0.4,0.46,11.76,0.13,33.33,0.13,0.0,0.07,0.0,0.07,0.07,0.0,0.0,0.0,0.0,0.0,0.0,0.0,0.0,1.19,0.99,3.96,0.66,0.07,0.0,0.13,0.07,0.0,0.33,0.07,0.13,0.13,0.4,68.19,60.93,7.27,89.34,28.74,32.18,13.35,0.07,50.0,2.51,49.35,17,16,1362,0.13,0.0,1.06,0.46,8.85,0.26,3.63,53.92,1.78,52.94,1.85,54.9
66,123689,Premier League,Leeds United,Karl Darlow,Goalkeeper,7.01,0.0,0.0,0.0,0.0,0.0,0.0,0.0,0.05,100.0,0.0,0.0,0.0,0.0,0.0,0.0,0.0,0.0,0.0,0.0,0.0,0.0,0.0,0.0,0.05,0.0,1.38,0.0,0.0,0.0,0.05,0.0,0.0,0.24,0.0,0.0,0.0,0.0,38.43,22.33,16.1,58.12,16.76,5.57,2.38,0.0,0.0,7.76,33.13,21,21,1890,0.05,0.0,0.0,0.33,16.24,0.0,0.62,100.0,0.33,100.0,0.29,100.0
67,138530,Premier League,Everton,Jordan Pickford,Goalkeeper,7.01,0.0,0.0,0.0,0.0,0.0,0.0,0.0,0.0,0.0,0.0,0.0,0.0,0.0,0.0,0.0,0.0,0.0,0.0,0.0,0.0,0.0,0.0,0.0,0.05,0.0,1.32,0.0,0.03,0.08,0.0,0.03,0.0,0.3,0.03,0.0,0.0,0.05,37.73,23.14,14.59,61.32,16.05,7.08,3.89,0.0,0.0,9.57,39.78,37,37,3330,0.11,0.0,0.03,0.16,14.84,0.0,0.35,76.47,0.22,80.0,0.14,71.43
68,364612,Premier League,Tottenham Hotspur,João Palhinha,Midfielder,7.01,0.18,0.1,0.0,1.24,0.35,0.35,14.29,0.4,42.86,0.13,0.04,0.0,0.0,0.18,0.04,0.0,0.0,0.0,0.0,0.0,0.0,0.0,0.0,4.59,1.19,2.25,0.49,1.02,0.0,0.09,0.0,0.0,0.13,0.04,0.09,0.0,0.26,41.76,33.85,7.9,81.08,18.94,14.92,5.34,0.0,0.0,1.63,39.78,31,21,2039,0.31,0.0,1.06,1.37,11.21,1.19,7.9,61.94,6.36,62.61,1.54,59.32
69,907072,Premier League,Brentford,Mikkel Damsgaard,Midfielder,7.01,0.17,0.11,0.13,1.27,0.48,0.57,13.79,0.74,34.0,0.17,0.0,0.04,0.0,0.13,0.04,0.17,0.0,0.0,0.0,0.0,0.0,0.04,0.0,2.49,1.09,0.7,0.13,1.97,0.04,0.04,0.0,0.0,0.13,0.52,0.17,0.0,1.75,40.94,31.19,9.74,76.2,9.57,21.63,13.28,1.14,27.66,1.57,40.0,32,24,2060,0.0,0.0,0.83,1.0,18.39,1.44,4.98,42.38,4.19,42.86,0.79,40.0
70,982780,Premier League,Chelsea,Cole Palmer,Midfielder,7.01,0.45,0.51,0.25,2.92,1.11,0.81,15.52,1.11,35.48,0.45,0.0,0.0,0.45,0.0,0.0,0.1,0.0,0.3,0.25,83.33,0.0,0.25,0.0,1.21,0.76,0.6,0.0,0.5,0.0,0.05,0.0,0.0,0.1,0.15,0.05,0.05,1.21,38.45,32.81,5.64,85.32,10.83,21.97,14.31,0.25,14.71,1.71,66.67,24,22,1786,0.2,0.0,0.66,1.66,13.35,1.66,3.98,44.63,3.98,45.4,0.0,0.0
71,979563,Premier League,Everton,Jarrad Branthwaite,Defender,7.01,0.13,0.05,0.0,0.78,0.26,0.39,16.67,0.0,0.0,0.13,0.0,0.13,0.0,0.0,0.0,0.13,0.13,0.0,0.0,0.0,0.0,0.0,0.0,1.7,1.44,5.36,0.26,0.39,0.0,0.26,0.0,0.0,0.0,0.13,0.0,0.0,0.39,45.85,38.4,7.45,83.76,19.2,19.2,8.62,0.0,0.0,2.74,53.85,10,7,689,0.13,0.0,0.39,0.13,9.93,0.26,5.75,68.75,1.83,53.85,3.92,78.95
72,917005,Premier League,West Ham United,Crysencio Summerville,Midfielder,7.0,0.19,0.19,0.26,2.0,0.56,0.68,9.43,1.81,48.0,0.19,0.0,0.04,0.04,0.11,0.04,0.23,0.04,0.0,0.0,0.0,0.0,0.0,0.0,1.54,0.6,1.13,0.15,0.49,0.0,0.04,0.0,0.0,0.15,0.15,0.04,0.0,0.98,22.9,18.98,3.92,82.89,6.78,12.2,7.08,0.49,23.64,0.34,60.0,30,28,2390,0.23,0.0,1.85,2.52,12.01,1.39,6.14,50.0,5.87,51.32,0.26,31.82
73,910046,Premier League,Newcastle United,Sven Botman,Defender,7.0,0.05,0.09,0.05,0.77,0.21,0.36,6.67,0.21,100.0,0.05,0.0,0.05,0.0,0.0,0.05,0.0,0.0,0.0,0.0,0.0,0.0,0.0,0.0,1.08,1.34,6.9,1.24,0.15,0.0,0.21,0.05,0.05,0.21,0.15,0.05,0.0,0.41,57.36,49.79,7.57,86.8,37.17,12.61,2.11,0.0,0.0,2.32,43.27,24,20,1748,0.1,0.0,0.62,0.98,8.65,0.26,6.28,66.3,2.21,69.35,4.07,64.75
74,1881902,Premier League,Liverpool FC,Rio Ngumoha,Forward,7.0,0.35,0.21,0.0,2.48,1.06,0.88,14.29,5.3,69.77,0.35,0.0,0.0,0.0,0.35,0.35,0.0,0.0,0.0,0.0,0.0,0.0,0.0,0.0,0.53,0.53,0.53,0.18,0.53,0.0,0.0,0.0,0.0,0.0,0.53,0.18,0.0,2.65,31.12,26.88,4.24,86.36,4.6,22.28,17.68,1.24,41.18,0.53,50.0,18,4,509,0.0,0.0,0.53,1.77,13.79,1.59,7.6,56.58,7.6,60.56,0.0,0.0
75,1099795,Premier League,Sunderland,Melker Ellborg,Goalkeeper,7.0,0.0,0.0,0.0,0.0,0.0,0.0,0.0,0.33,100.0,0.0,0.0,0.0,0.0,0.0,0.0,0.0,0.0,0.0,0.0,0.0,0.0,0.0,0.0,0.0,0.0,2.0,0.0,0.0,0.0,0.0,0.0,0.0,0.33,0.0,0.0,0.0,0.0,32.67,15.33,17.33,46.94,13.0,2.33,0.67,0.0,0.0,4.33,20.31,3,3,270,0.0,0.0,0.0,0.33,17.33,0.0,0.67,100.0,0.67,100.0,0.0,0.0
76,1012928,Premier League,Sunderland,Robin Roefs,Goalkeeper,6.99,0.0,0.0,0.0,0.0,0.0,0.0,0.0,0.03,100.0,0.0,0.0,0.0,0.0,0.0,0.0,0.0,0.0,0.0,0.0,0.0,0.0,0.0,0.0,0.0,0.0,1.09,0.0,0.06,0.09,0.09,0.0,0.0,0.29,0.03,0.0,0.0,0.12,38.03,24.24,13.79,63.73,19.74,4.5,2.44,0.0,0.0,5.79,29.8,34,34,3060,0.12,0.0,0.0,0.38,14.09,0.0,1.0,94.44,0.29,83.33,0.71,100.0
77,827679,Premier League,Aston Villa,Ezri Konsa,Defender,6.99,0.0,0.04,0.03,0.33,0.06,0.15,0.0,0.24,66.67,0.0,0.0,0.0,0.0,0.0,0.03,0.0,0.0,0.0,0.0,0.0,0.0,0.0,0.0,0.65,0.68,3.62,0.86,0.12,0.03,0.09,0.0,0.0,0.24,0.03,0.0,0.0,0.15,62.19,59.38,2.82,95.47,39.63,19.74,5.25,0.03,20.0,1.81,61.0,34,34,3036,0.0,0.03,0.33,1.19,3.76,0.18,2.96,67.11,2.02,73.12,0.95,57.14
78,552884,Premier League,West Ham United,Jarrod Bowen,Midfielder,6.99,0.22,0.19,0.14,2.09,0.73,0.6,10.39,1.41,45.61,0.16,0.05,0.03,0.16,0.03,0.05,0.46,0.0,0.03,0.03,100.0,0.0,0.03,0.0,1.33,0.73,1.03,0.19,0.68,0.0,0.0,0.0,0.0,0.16,0.38,0.27,0.0,1.17,21.18,15.64,5.54,73.85,4.24,11.4,6.73,0.71,18.18,0.43,36.36,37,37,3315,0.14,0.0,0.52,1.28,15.15,2.04,4.89,43.48,4.02,45.26,0.87,36.78
79,547410,Premier League,Arsenal,Martin Ødegaard,Midfielder,6.99,0.07,0.07,0.0,1.48,0.56,0.63,4.76,0.63,37.5,0.0,0.07,0.0,0.07,0.0,0.0,0.14,0.0,0.0,0.0,0.0,0.0,0.0,0.0,1.33,0.49,0.42,0.0,0.77,0.0,0.07,0.0,0.0,0.21,0.42,0.42,0.07,2.74,52.97,44.68,8.29,84.35,14.05,30.63,19.32,0.42,27.27,2.53,53.73,23,15,1281,0.0,0.0,0.63,0.49,13.0,0.84,2.67,42.22,2.46,42.68,0.21,37.5
80,843754,Premier League,Nottingham Forest,Ibrahim Sangaré,Midfielder,6.98,0.09,0.05,0.04,0.71,0.22,0.4,12.5,0.49,50.0,0.04,0.04,0.0,0.0,0.09,0.04,0.0,0.0,0.0,0.0,0.0,0.0,0.0,0.0,2.64,0.94,2.19,0.71,0.98,0.0,0.13,0.09,0.0,0.31,0.09,0.09,0.0,0.54,41.09,35.69,5.4,86.85,17.02,18.67,7.82,0.0,0.0,1.65,55.22,27,24,2015,0.22,0.0,1.74,0.8,8.22,0.63,4.91,49.55,3.89,50.58,1.03,46.0
81,42209,Premier League,Burnley,Martin Dúbravka,Goalkeeper,6.98,0.0,0.0,0.0,0.0,0.0,0.0,0.0,0.0,0.0,0.0,0.0,0.0,0.0,0.0,0.0,0.0,0.0,0.0,0.0,0.0,0.0,0.0,0.0,0.03,0.0,1.69,0.0,0.03,0.06,0.0,0.0,0.0,0.11,0.0,0.0,0.0,0.0,34.4,20.03,14.37,58.22,14.31,5.71,1.94,0.0,0.0,7.2,33.78,35,35,3150,0.03,0.0,0.0,0.23,14.57,0.0,0.83,85.29,0.2,87.5,0.63,84.62
82,864921,Premier League,Arsenal,Eberechi Eze,Midfielder,6.97,0.35,0.21,0.05,2.93,0.84,0.89,11.86,1.39,58.33,0.3,0.05,0.0,0.05,0.3,0.05,0.05,0.0,0.0,0.0,0.0,0.0,0.05,0.0,0.89,0.5,0.5,0.05,0.35,0.0,0.05,0.0,0.0,0.1,0.2,0.1,0.0,0.75,30.94,26.13,4.82,84.43,8.29,17.83,10.68,0.1,16.67,0.79,43.24,31,21,1812,0.05,0.0,0.79,1.79,8.94,1.14,4.52,51.12,4.07,56.16,0.45,28.13
83,788784,Premier League,Brighton & Hove Albion,Olivier Boscagli,Defender,6.97,0.0,0.0,0.0,0.11,0.0,0.11,0.0,0.22,100.0,0.0,0.0,0.0,0.0,0.0,0.0,0.0,0.0,0.0,0.0,0.0,0.0,0.0,0.0,1.76,1.98,4.62,0.22,0.55,0.0,0.0,0.0,0.0,0.33,0.0,0.11,0.0,0.44,82.86,71.65,11.21,86.47,44.51,27.14,10.0,0.55,33.33,3.52,41.03,12,9,819,0.22,0.0,0.77,1.21,13.3,0.11,5.05,63.89,3.19,69.05,1.87,56.67
84,1199282,Premier League,Nottingham Forest,Murillo,Defender,6.97,0.04,0.03,0.0,0.46,0.17,0.08,9.09,0.38,64.29,0.04,0.0,0.0,0.04,0.0,0.0,0.0,0.0,0.0,0.0,0.0,0.0,0.08,0.0,1.48,1.43,5.49,1.01,0.25,0.0,0.08,0.0,0.08,0.25,0.04,0.0,0.0,0.34,47.76,39.92,7.85,83.57,25.78,14.14,5.49,0.0,0.0,3.46,48.81,25,25,2133,0.21,0.0,0.97,0.3,9.41,0.38,3.12,53.62,2.11,54.35,1.01,52.17
85,799251,Premier League,Brentford,Mathias Jensen,Midfielder,6.96,0.12,0.09,0.08,1.15,0.33,0.41,10.71,0.78,54.29,0.04,0.08,0.0,0.0,0.12,0.04,0.08,0.0,0.0,0.0,0.0,0.0,0.08,0.0,1.64,0.86,1.48,0.16,1.39,0.0,0.08,0.0,0.0,0.16,0.45,0.04,0.08,1.31,44.79,36.14,8.66,80.68,14.32,21.82,12.14,1.52,29.6,3.9,54.6,35,25,2194,0.12,0.0,0.78,0.53,16.37,0.94,3.28,41.67,2.95,43.9,0.33,28.57
86,1194333,Premier League,Manchester City,Abdukodir Khusanov,Defender,6.96,0.0,0.04,0.07,0.4,0.07,0.34,0.0,0.47,77.78,0.0,0.0,0.0,0.0,0.0,0.0,0.0,0.0,0.0,0.0,0.0,0.0,0.0,0.0,1.75,2.08,3.63,0.6,0.2,0.0,0.07,0.0,0.0,0.34,0.0,0.0,0.0,0.4,67.08,61.64,5.44,91.88,34.14,27.49,8.27,0.07,33.33,2.62,53.42,20,14,1339,0.13,0.0,0.87,0.4,7.26,0.13,3.63,60.67,2.62,66.1,1.01,50.0
87,158263,Premier League,Aston Villa,Emiliano Martínez,Goalkeeper,6.96,0.0,0.0,0.0,0.0,0.0,0.0,0.0,0.0,0.0,0.0,0.0,0.0,0.0,0.0,0.0,0.0,0.0,0.0,0.0,0.0,0.0,0.0,0.0,0.0,0.0,0.86,0.0,0.0,0.1,0.06,0.0,0.0,0.22,0.06,0.03,0.0,0.06,38.44,28.35,10.1,73.74,24.13,4.22,1.62,0.0,0.0,5.56,36.01,32,32,2835,0.06,0.0,0.0,0.54,10.35,0.0,0.89,96.55,0.38,100.0,0.51,94.12
88,780014,Premier League,Sunderland,Nordi Mukiele,Defender,6.96,0.1,0.06,0.1,0.77,0.13,0.37,13.04,0.4,46.15,0.07,0.03,0.03,0.03,0.03,0.0,0.1,0.0,0.0,0.0,0.0,0.0,0.0,0.0,2.24,1.2,5.04,0.3,0.4,0.03,0.07,0.0,0.03,0.27,0.23,0.13,0.0,0.77,38.38,30.23,8.14,78.78,16.45,13.78,6.44,0.47,16.87,1.5,39.13,31,31,2697,0.17,0.0,1.07,0.8,16.69,0.5,5.87,58.67,3.3,57.56,2.57,60.16
89,945122,Premier League,Manchester City,Matheus Nunes,Defender,6.95,0.03,0.01,0.0,0.23,0.06,0.13,14.29,0.78,47.06,0.03,0.0,0.0,0.0,0.03,0.0,0.13,0.03,0.0,0.0,0.0,0.0,0.0,0.0,1.82,0.94,3.18,0.26,0.62,0.03,0.06,0.03,0.0,0.39,0.19,0.16,0.0,0.91,68.14,60.65,7.49,89.01,24.1,36.55,19.17,0.52,24.62,1.91,50.86,33,31,2775,0.16,0.0,0.55,0.94,12.81,0.55,4.83,58.66,3.54,58.29,1.3,59.7
90,1088897,Premier League,Sunderland,Jenson Seelt,Defender,6.95,0.0,0.0,0.0,0.0,0.0,0.0,0.0,0.0,0.0,0.0,0.0,0.0,0.0,0.0,0.0,0.0,0.0,0.0,0.0,0.0,0.0,0.0,0.0,2.69,0.0,4.7,0.67,0.67,0.0,0.0,0.0,0.0,0.0,0.0,0.0,0.0,0.0,73.21,64.48,8.73,88.07,36.94,27.54,6.04,0.0,0.0,1.34,25.0,2,1,134,0.0,0.0,0.67,0.67,10.07,0.67,6.72,71.43,3.36,62.5,3.36,83.33
91,115365,Premier League,Brighton & Hove Albion,Lewis Dunk,Defender,6.95,0.03,0.06,0.0,0.78,0.1,0.52,4.17,0.13,100.0,0.03,0.0,0.03,0.0,0.0,0.0,0.03,0.03,0.0,0.0,0.0,0.0,0.1,0.0,1.08,0.98,4.54,0.88,0.65,0.03,0.07,0.03,0.0,0.23,0.03,0.0,0.0,0.23,78.79,72.58,6.21,92.12,53.2,19.38,5.82,0.03,20.0,2.58,47.02,32,30,2754,0.33,0.0,0.46,0.33,7.03,0.13,4.02,58.57,1.54,55.95,2.48,60.32
92,803031,Premier League,Manchester United,Matthijs de Ligt,Defender,6.95,0.08,0.11,0.08,0.85,0.23,0.38,9.09,0.08,50.0,0.08,0.0,0.08,0.0,0.0,0.0,0.0,0.0,0.0,0.0,0.0,0.0,0.0,0.0,1.46,1.15,5.23,0.54,0.46,0.0,0.08,0.0,0.0,0.08,0.15,0.0,0.0,0.23,47.08,41.31,5.77,87.75,30.46,10.85,2.69,0.31,80.0,1.62,47.73,13,13,1170,0.0,0.0,0.46,0.38,6.85,0.08,5.69,62.71,1.85,64.86,3.85,61.73
93,870360,Premier League,Crystal Palace,Daniel Muñoz,Midfielder,6.95,0.15,0.09,0.0,0.99,0.46,0.27,15.38,0.08,13.33,0.11,0.04,0.04,0.0,0.11,0.0,0.31,0.0,0.0,0.0,0.0,0.0,0.0,0.0,2.82,0.99,3.7,0.04,0.8,0.0,0.08,0.0,0.0,0.38,0.31,0.11,0.04,1.07,30.92,24.43,6.49,79.01,11.22,13.21,7.06,0.53,22.58,0.95,36.23,28,28,2358,0.27,0.0,1.3,0.69,11.11,0.27,5.27,52.27,3.59,55.95,1.68,45.83
94,135666,Premier League,Arsenal,Leandro Trossard,Forward,6.95,0.28,0.25,0.38,2.39,0.7,0.85,11.76,1.08,43.4,0.19,0.09,0.0,0.05,0.23,0.19,0.23,0.0,0.0,0.0,0.0,0.0,0.0,0.0,1.27,0.42,0.66,0.14,0.85,0.0,0.05,0.0,0.0,0.19,0.38,0.28,0.0,1.64,34.08,26.06,8.03,76.45,6.34,19.72,12.58,0.66,24.56,1.46,41.89,30,20,1917,0.09,0.0,0.61,1.83,15.73,1.78,4.41,46.08,4.13,47.31,0.28,33.33
95,954056,Premier League,Manchester City,Nico González,Midfielder,6.95,0.06,0.04,0.0,0.79,0.12,0.18,7.69,0.73,70.59,0.0,0.06,0.0,0.0,0.06,0.0,0.0,0.0,0.0,0.0,0.0,0.0,0.0,0.0,2.36,1.33,2.55,0.36,0.55,0.0,0.12,0.0,0.0,0.24,0.06,0.0,0.0,0.61,75.39,67.94,7.45,90.11,26.12,41.82,16.73,0.06,50.0,1.88,54.39,24,16,1485,0.36,0.0,1.76,1.09,10.0,0.85,6.0,54.7,4.18,56.1,1.82,51.72
96,1016907,Premier League,Brentford,Igor Thiago,Forward,6.94,0.62,0.58,0.56,2.31,1.21,0.65,26.83,0.82,54.72,0.62,0.0,0.06,0.17,0.39,0.08,0.65,0.0,0.25,0.23,88.89,0.0,0.0,0.0,1.01,0.34,1.78,0.2,0.39,0.0,0.06,0.0,0.0,0.25,0.17,0.03,0.0,0.68,17.33,11.98,5.35,69.11,4.79,7.19,4.09,0.2,43.75,0.34,50.0,37,36,3194,0.2,0.0,2.03,0.68,10.62,1.16,5.61,38.72,2.45,38.33,3.16,39.02
97,879349,Premier League,Chelsea,Pedro Neto,Midfielder,6.94,0.18,0.16,0.11,1.59,0.43,0.4,11.36,1.59,44.9,0.14,0.04,0.04,0.11,0.04,0.07,0.22,0.0,0.0,0.0,0.0,0.04,0.04,100.0,0.58,0.22,0.47,0.0,0.83,0.0,0.0,0.0,0.0,0.18,0.4,0.14,0.04,1.81,32.29,28.1,4.19,87.01,7.09,21.01,13.89,1.3,20.0,1.05,65.91,32,28,2489,0.07,0.04,0.54,0.83,14.72,0.87,3.29,39.39,3.0,41.71,0.29,25.0
98,814873,Premier League,Brentford,Vitaly Janelt,Midfielder,6.94,0.07,0.06,0.07,0.79,0.2,0.4,8.33,0.26,40.0,0.07,0.0,0.07,0.0,0.0,0.07,0.0,0.0,0.0,0.0,0.0,0.0,0.0,0.0,1.59,1.99,2.19,0.53,1.19,0.07,0.0,0.0,0.0,0.26,0.4,0.26,0.0,1.32,51.19,44.44,6.75,86.8,22.85,21.59,10.33,1.19,30.51,2.78,50.0,24,14,1359,0.46,0.0,1.32,0.79,11.19,0.33,4.04,49.19,2.52,44.19,1.52,60.53
99,865523,Premier League,Leeds United,Noah Okafor,Forward,6.94,0.46,0.3,0.23,2.0,0.86,0.57,22.86,2.23,42.39,0.4,0.06,0.0,0.11,0.34,0.06,0.0,0.0,0.0,0.0,0.0,0.0,0.0,0.0,1.32,0.69,0.92,0.06,0.74,0.0,0.0,0.0,0.0,0.0,0.23,0.06,0.0,1.14,19.0,14.48,4.52,76.2,4.52,9.96,6.12,0.4,18.92,1.26,78.57,28,19,1573,0.17,0.0,1.03,0.8,15.05,1.77,5.03,39.64,4.35,40.0,0.69,37.5
100,985086,Premier League,Nottingham Forest,Morato,Defender,6.94,0.07,0.09,0.14,0.35,0.14,0.21,20.0,0.35,100.0,0.07,0.0,0.07,0.0,0.0,0.0,0.07,0.0,0.0,0.0,0.0,0.0,0.0,0.0,2.05,0.71,5.57,0.92,0.42,0.07,0.21,0.0,0.0,0.14,0.0,0.0,0.0,0.14,51.42,44.01,7.41,85.6,29.91,14.11,3.81,0.0,0.0,3.17,46.88,20,13,1276,0.35,0.0,1.06,0.49,8.32,0.0,4.3,64.21,2.89,66.13,1.41,60.61
101,826134,Premier League,Chelsea,Trevoh Chalobah,Defender,6.94,0.1,0.05,0.07,0.53,0.16,0.26,18.75,0.23,77.78,0.1,0.0,0.07,0.03,0.0,0.0,0.07,0.0,0.0,0.0,0.0,0.0,0.0,0.0,1.15,1.15,5.68,0.53,0.3,0.03,0.03,0.0,0.0,0.3,0.03,0.0,0.0,0.16,74.17,69.02,5.16,93.05,48.73,20.29,6.01,0.03,20.0,1.61,39.84,32,31,2741,0.1,0.03,0.66,0.59,6.04,0.16,4.33,58.15,1.94,62.77,2.4,54.89
102,827681,Premier League,Leeds United,James Justin,Defender,6.94,0.1,0.08,0.1,1.13,0.3,0.44,8.7,0.1,13.33,0.1,0.0,0.0,0.05,0.05,0.05,0.1,0.0,0.0,0.0,0.0,0.0,0.0,0.0,2.61,1.38,4.19,0.54,0.49,0.0,0.05,0.0,0.0,0.3,0.2,0.05,0.0,0.54,32.58,24.74,7.84,75.95,14.29,10.45,4.83,0.3,17.65,1.53,37.8,28,20,1826,0.2,0.0,0.54,1.38,13.36,0.49,5.91,60.61,4.04,65.08,1.87,52.78
103,920546,Premier League,Chelsea,Robert Sánchez,Goalkeeper,6.94,0.0,0.0,0.0,0.0,0.0,0.0,0.0,0.0,0.0,0.0,0.0,0.0,0.0,0.0,0.0,0.0,0.0,0.0,0.0,0.0,0.0,0.0,0.0,0.06,0.03,0.82,0.0,0.0,0.03,0.09,0.0,0.0,0.28,0.06,0.03,0.0,0.16,38.69,26.05,12.65,67.32,22.15,3.9,1.6,0.0,0.0,5.91,32.53,33,33,2861,0.09,0.03,0.06,0.41,12.99,0.03,0.75,88.89,0.35,84.62,0.41,92.86
104,284417,Premier League,Liverpool FC,Freddie Woodman,Goalkeeper,6.93,0.0,0.0,0.0,0.0,0.0,0.0,0.0,0.0,0.0,0.0,0.0,0.0,0.0,0.0,0.0,0.0,0.0,0.0,0.0,0.0,0.0,0.0,0.0,0.0,0.42,1.27,0.0,0.0,0.0,0.0,0.0,0.0,0.0,0.0,0.0,0.0,0.0,33.54,19.1,14.43,56.96,14.01,5.09,1.7,0.0,0.0,6.37,30.61,3,2,212,0.0,0.0,0.0,0.0,14.86,0.0,0.0,0.0,0.0,0.0,0.0,0.0
105,1002837,Premier League,Arsenal,Piero Hincapié,Defender,6.93,0.05,0.02,0.0,0.11,0.05,0.0,50.0,0.37,50.0,0.05,0.0,0.0,0.05,0.0,0.0,0.05,0.0,0.0,0.0,0.0,0.0,0.0,0.0,2.51,1.28,4.54,0.48,0.64,0.0,0.0,0.0,0.05,0.21,0.11,0.11,0.0,0.69,41.69,36.93,4.76,88.59,18.6,18.33,8.28,0.21,12.9,1.18,36.07,23,19,1684,0.11,0.0,0.96,0.75,8.71,0.27,5.24,58.68,3.58,63.21,1.66,50.82
106,892673,Premier League,Newcastle United,Sandro Tonali,Midfielder,6.92,0.0,0.06,0.04,1.31,0.28,0.39,0.0,0.67,61.29,0.0,0.0,0.0,0.0,0.0,0.07,0.04,0.0,0.0,0.0,0.0,0.0,0.07,0.0,1.24,1.1,1.31,0.25,0.81,0.0,0.04,0.0,0.0,0.18,0.21,0.07,0.0,1.13,55.32,46.68,8.64,84.39,20.67,26.01,13.24,0.71,20.83,2.51,47.33,35,31,2543,0.14,0.0,0.85,1.49,14.01,0.6,3.79,54.87,3.33,55.62,0.46,50.0
107,103335,Premier League,Fulham,Bernd Leno,Goalkeeper,6.92,0.0,0.0,0.0,0.0,0.0,0.0,0.0,0.0,0.0,0.0,0.0,0.0,0.0,0.0,0.0,0.0,0.0,0.0,0.0,0.0,0.0,0.0,0.0,0.11,0.03,1.22,0.0,0.0,0.03,0.11,0.0,0.03,0.22,0.0,0.0,0.0,0.0,36.73,28.43,8.3,77.41,25.92,2.51,0.62,0.0,0.0,4.49,35.32,37,37,3330,0.08,0.0,0.0,0.16,8.65,0.0,0.76,96.55,0.19,100.0,0.57,95.45
108,1048422,Premier League,Liverpool FC,Hugo Ekitiké,Forward,6.92,0.55,0.49,0.55,3.23,0.94,1.44,16.92,1.89,52.78,0.55,0.0,0.1,0.05,0.4,0.05,0.5,0.0,0.0,0.0,0.0,0.0,0.0,0.0,0.55,0.15,1.34,0.1,0.15,0.0,0.0,0.0,0.0,0.1,0.15,0.2,0.0,1.04,19.89,15.27,4.62,76.75,3.28,11.98,8.06,0.05,12.5,0.15,60.0,28,21,1810,0.0,0.0,1.74,0.6,10.74,1.29,4.57,38.49,3.03,38.85,1.54,37.8
109,162653,Premier League,Newcastle United,Nick Pope,Goalkeeper,6.92,0.0,0.01,0.0,0.04,0.04,0.0,0.0,0.0,0.0,0.0,0.0,0.0,0.0,0.0,0.0,0.0,0.0,0.0,0.0,0.0,0.0,0.0,0.0,0.04,0.0,1.31,0.0,0.0,0.12,0.08,0.0,0.0,0.27,0.0,0.0,0.0,0.0,22.43,13.46,8.97,60.0,11.02,2.44,0.62,0.0,0.0,3.67,29.14,26,26,2327,0.08,0.0,0.04,0.08,9.4,0.0,0.62,94.12,0.08,66.67,0.54,100.0
110,788134,Premier League,Crystal Palace,Dean Henderson,Goalkeeper,6.92,0.0,0.0,0.0,0.0,0.0,0.0,0.0,0.03,100.0,0.0,0.0,0.0,0.0,0.0,0.0,0.0,0.0,0.0,0.0,0.0,0.0,0.0,0.0,0.03,0.06,1.5,0.0,0.0,0.0,0.06,0.06,0.0,0.31,0.0,0.0,0.0,0.03,30.33,16.44,13.89,54.21,12.86,3.58,1.69,0.0,0.0,4.72,25.41,36,36,3240,0.14,0.0,0.06,0.14,14.06,0.0,0.58,84.0,0.11,66.67,0.47,89.47
111,190877,Premier League,Fulham,Kenny Tete,Defender,6.91,0.05,0.05,0.0,0.8,0.15,0.35,6.25,0.4,36.36,0.0,0.05,0.0,0.0,0.05,0.0,0.05,0.0,0.0,0.0,0.0,0.0,0.0,0.0,3.25,1.35,3.4,0.3,0.65,0.0,0.0,0.0,0.0,0.25,0.05,0.0,0.0,0.55,44.25,37.36,6.89,84.42,20.98,16.38,7.24,0.65,38.24,1.8,46.75,22,21,1802,0.1,0.0,1.35,1.55,11.84,0.8,6.54,60.09,5.19,60.12,1.35,60.0
112,958959,Premier League,Arsenal,Jurriën Timber,Defender,6.91,0.11,0.17,0.26,0.92,0.26,0.55,12.0,0.48,39.39,0.11,0.0,0.07,0.0,0.04,0.0,0.0,0.04,0.0,0.0,0.0,0.0,0.0,0.0,2.42,0.88,1.94,0.22,0.33,0.0,0.04,0.0,0.0,0.4,0.15,0.18,0.0,0.99,39.74,33.88,5.86,85.25,12.89,20.99,12.6,0.22,13.04,0.73,38.46,30,28,2457,0.18,0.0,1.39,1.06,11.06,0.92,5.38,57.2,3.92,54.31,1.47,66.67
113,792122,Premier League,Burnley,Josh Cullen,Midfielder,6.91,0.12,0.05,0.0,0.65,0.36,0.06,18.18,0.12,33.33,0.12,0.0,0.0,0.0,0.12,0.0,0.0,0.0,0.0,0.0,0.0,0.0,0.0,0.0,1.84,1.3,2.07,0.65,0.71,0.0,0.12,0.06,0.06,0.12,0.24,0.12,0.0,0.77,51.31,43.13,8.18,84.06,22.4,20.74,9.72,0.06,8.33,2.49,43.75,18,18,1519,0.12,0.0,0.95,1.07,10.84,0.59,3.91,54.55,2.9,55.68,1.01,51.52
114,839981,Premier League,West Ham United,Lucas Paquetá,Midfielder,6.91,0.24,0.17,0.06,1.36,0.65,0.36,17.39,0.95,38.1,0.12,0.12,0.0,0.24,0.0,0.0,0.3,0.0,0.12,0.12,100.0,0.0,0.12,0.0,2.31,0.47,1.01,0.36,0.71,0.0,0.06,0.06,0.0,0.06,0.36,0.06,0.0,1.36,46.69,35.98,10.71,77.06,13.08,22.9,12.01,0.41,20.0,1.48,51.02,18,18,1521,0.3,0.06,1.66,1.78,18.58,1.6,7.28,46.42,5.03,48.3,2.25,42.7
115,352668,Premier League,Chelsea,Tosin Adarabioyo,Defender,6.91,0.0,0.01,0.0,0.23,0.0,0.11,0.0,0.0,0.0,0.0,0.0,0.0,0.0,0.0,0.0,0.11,0.0,0.0,0.0,0.0,0.0,0.0,0.0,1.92,1.02,7.46,0.57,0.23,0.11,0.0,0.0,0.0,0.23,0.11,0.0,0.0,0.11,85.59,77.45,8.14,90.49,54.5,22.95,3.39,0.0,0.0,2.26,41.67,16,8,796,0.23,0.0,0.68,0.0,8.82,0.11,6.56,69.88,1.92,68.0,4.64,70.69
116,923894,Premier League,Chelsea,Wesley Fofana,Defender,6.91,0.0,0.04,0.0,0.45,0.06,0.23,0.0,0.57,71.43,0.0,0.0,0.0,0.0,0.0,0.06,0.06,0.0,0.0,0.0,0.0,0.0,0.0,0.0,1.08,1.88,6.77,1.08,0.23,0.0,0.06,0.0,0.0,0.17,0.06,0.06,0.0,0.17,66.46,61.23,5.23,92.13,39.0,22.23,6.71,0.06,50.0,1.59,50.0,23,18,1583,0.28,0.06,1.19,0.85,6.54,0.28,6.2,61.93,2.44,55.84,3.75,66.67
117,1445799,Premier League,Manchester United,Ayden Heaven,Defender,6.91,0.0,0.03,0.1,0.29,0.0,0.19,0.0,0.58,75.0,0.0,0.0,0.0,0.0,0.0,0.0,0.0,0.0,0.0,0.0,0.0,0.0,0.0,0.0,2.11,0.1,5.76,1.06,0.48,0.0,0.0,0.0,0.1,0.19,0.1,0.1,0.0,0.19,47.4,42.89,4.51,90.49,32.24,10.65,3.17,0.0,0.0,1.63,56.67,17,11,938,0.19,0.0,0.67,0.86,5.18,0.1,5.28,68.75,3.55,71.15,1.73,64.29
118,862967,Premier League,Liverpool FC,Cody Gakpo,Midfielder,6.91,0.24,0.28,0.24,2.87,0.71,1.11,8.24,1.15,50.0,0.24,0.0,0.0,0.07,0.17,0.14,0.98,0.03,0.0,0.0,0.0,0.0,0.0,0.0,0.95,0.44,0.68,0.14,0.44,0.0,0.0,0.0,0.0,0.2,0.34,0.17,0.0,1.72,24.7,19.39,5.3,78.52,3.51,15.88,11.18,0.37,12.64,0.47,56.0,35,31,2664,0.1,0.0,1.42,1.45,12.87,0.88,5.41,49.54,3.55,47.95,1.86,52.88
119,250223,Premier League,Aston Villa,John McGinn,Midfielder,6.91,0.21,0.12,0.17,1.13,0.46,0.38,18.52,0.79,48.72,0.04,0.17,0.0,0.21,0.0,0.0,0.0,0.0,0.0,0.0,0.0,0.0,0.0,0.0,1.17,0.5,0.63,0.21,0.59,0.0,0.04,0.0,0.0,0.08,0.29,0.17,0.0,1.71,31.27,25.75,5.52,82.35,9.03,16.72,9.91,0.88,25.3,1.71,59.42,29,28,2153,0.21,0.0,1.3,2.01,12.83,1.92,4.43,44.54,3.97,46.12,0.46,34.38
120,1400650,Premier League,Newcastle United,Lewis Miley,Midfielder,6.91,0.06,0.08,0.12,0.72,0.24,0.24,8.33,0.72,85.71,0.06,0.0,0.0,0.06,0.0,0.06,0.12,0.0,0.0,0.0,0.0,0.0,0.0,0.0,1.75,1.2,2.05,0.18,0.72,0.0,0.12,0.0,0.0,0.12,0.18,0.24,0.0,0.9,50.6,45.42,5.18,89.76,21.39,24.04,11.57,0.36,14.29,1.27,61.76,23,15,1494,0.0,0.0,0.3,0.24,9.52,0.54,5.36,66.42,2.65,61.11,2.71,72.58
121,581310,Premier League,Arsenal,David Raya,Goalkeeper,6.9,0.0,0.0,0.0,0.0,0.0,0.0,0.0,0.03,100.0,0.0,0.0,0.0,0.0,0.0,0.0,0.0,0.0,0.0,0.0,0.0,0.0,0.0,0.0,0.03,0.03,1.03,0.0,0.0,0.03,0.08,0.0,0.0,0.5,0.0,0.0,0.0,0.08,29.86,19.31,10.56,64.65,14.94,4.36,2.31,0.0,0.0,5.36,34.1,36,36,3240,0.03,0.0,0.0,0.36,10.86,0.0,0.67,96.0,0.42,100.0,0.25,90.0
122,94758,Premier League,Tottenham Hotspur,Ben Davies,Defender,6.9,0.65,0.32,0.0,1.3,1.3,0.0,50.0,0.0,0.0,0.65,0.0,0.0,0.65,0.0,0.0,0.0,0.0,0.0,0.0,0.0,0.0,0.0,0.0,3.26,0.65,5.22,0.65,0.0,0.0,0.0,0.0,0.0,0.0,0.0,0.0,0.0,0.65,42.39,36.52,5.87,86.15,19.57,16.96,8.48,1.3,66.67,3.26,62.5,3,2,138,0.65,0.0,1.3,0.0,10.43,0.65,5.87,60.0,3.26,62.5,2.61,57.14
123,110846,Premier League,Everton,Michael Keane,Defender,6.9,0.11,0.08,0.11,0.82,0.25,0.32,13.04,0.21,54.55,0.11,0.0,0.04,0.0,0.04,0.07,0.0,0.0,0.0,0.0,0.0,0.0,0.0,0.0,1.21,1.32,6.9,0.96,0.39,0.0,0.0,0.0,0.0,0.25,0.0,0.04,0.0,0.07,37.69,32.21,5.48,85.46,21.64,10.57,2.78,0.0,0.0,2.14,48.39,32,28,2529,0.04,0.04,0.57,0.21,6.41,0.11,5.44,61.45,1.64,58.23,3.81,62.94
124,927356,Premier League,Nottingham Forest,Neco Williams,Defender,6.9,0.06,0.05,0.06,1.24,0.52,0.23,4.65,0.87,43.48,0.03,0.03,0.0,0.0,0.06,0.0,0.12,0.0,0.0,0.0,0.0,0.0,0.06,0.0,2.72,1.3,2.43,0.49,1.04,0.03,0.06,0.03,0.0,0.26,0.14,0.09,0.03,1.07,37.29,30.65,6.64,82.18,15.51,15.13,8.78,0.78,20.15,1.36,32.19,36,35,3116,0.17,0.03,0.84,1.5,15.28,0.78,6.09,55.97,5.03,57.81,1.07,48.68
125,886930,Premier League,Leeds United,Jaka Bijol,Defender,6.9,0.05,0.04,0.05,0.73,0.29,0.24,6.67,0.1,100.0,0.05,0.0,0.05,0.0,0.0,0.05,0.0,0.0,0.0,0.0,0.0,0.0,0.0,0.0,1.22,1.17,7.47,0.63,0.29,0.0,0.05,0.05,0.0,0.24,0.15,0.1,0.0,0.34,47.51,40.19,7.33,84.58,28.91,11.28,3.61,0.0,0.0,3.13,49.23,24,20,1843,0.15,0.0,0.83,0.49,7.96,0.0,4.88,55.25,1.81,62.71,3.08,51.64
126,1106451,Premier League,Brentford,Dango Ouattara,Midfielder,6.9,0.29,0.3,0.49,2.18,0.82,0.78,13.21,0.95,29.11,0.29,0.0,0.08,0.21,0.0,0.04,0.37,0.21,0.0,0.0,0.0,0.0,0.0,0.0,0.95,0.95,2.01,0.0,0.7,0.0,0.0,0.0,0.0,0.04,0.49,0.12,0.0,1.11,19.37,12.21,7.15,63.06,3.45,8.76,5.22,0.78,18.1,0.74,47.37,31,24,2189,0.21,0.0,1.11,1.56,17.43,1.19,5.55,42.86,3.45,39.62,2.1,49.51
127,865912,Premier League,Nottingham Forest,Morgan Gibbs-White,Midfielder,6.9,0.42,0.31,0.27,2.38,0.92,0.77,17.5,0.83,47.46,0.39,0.03,0.09,0.06,0.27,0.0,0.15,0.03,0.03,0.03,100.0,0.0,0.12,0.0,0.6,0.39,0.95,0.09,0.63,0.03,0.12,0.0,0.0,0.21,0.15,0.12,0.0,1.4,34.99,28.46,6.53,81.35,7.96,20.5,12.78,0.27,21.95,1.19,57.14,36,34,3020,0.03,0.0,0.75,1.19,12.58,1.1,3.78,40.32,2.56,43.43,1.22,35.04
129,1397168,Premier League,Manchester United,Patrick Dorgu,Midfielder,6.89,0.19,0.13,0.13,1.48,0.58,0.58,13.04,0.71,29.73,0.13,0.06,0.0,0.19,0.0,0.06,0.45,0.0,0.0,0.0,0.0,0.0,0.0,0.0,3.02,0.96,2.06,0.19,1.03,0.0,0.0,0.0,0.0,0.13,0.32,0.19,0.0,1.61,31.33,23.8,7.53,75.98,10.36,13.45,8.04,0.96,26.79,0.39,33.33,25,14,1399,0.32,0.0,1.48,2.89,16.92,1.42,9.26,54.55,6.56,54.55,2.7,54.55
130,800417,Premier League,Nottingham Forest,Ola Aina,Defender,6.89,0.0,0.02,0.0,0.68,0.06,0.45,0.0,0.85,44.12,0.0,0.0,0.0,0.0,0.0,0.06,0.0,0.0,0.0,0.0,0.0,0.0,0.0,0.0,1.75,1.42,4.02,0.17,0.74,0.0,0.11,0.0,0.0,0.34,0.0,0.0,0.06,0.57,35.6,30.17,5.43,84.74,14.38,15.79,7.53,0.4,18.42,2.04,53.73,18,18,1590,0.17,0.0,0.74,0.85,12.96,0.85,4.81,53.8,3.4,50.42,1.42,64.1
131,913654,Premier League,Tottenham Hotspur,Pedro Porro,Defender,6.89,0.03,0.03,0.0,1.03,0.28,0.52,3.33,0.58,41.46,0.03,0.0,0.03,0.0,0.0,0.0,0.03,0.0,0.0,0.0,0.0,0.0,0.21,0.0,2.41,1.0,3.33,0.34,1.31,0.0,0.17,0.0,0.0,0.28,0.21,0.07,0.07,1.68,47.37,35.24,12.14,74.38,15.23,20.01,12.2,1.82,23.87,4.33,45.16,32,30,2618,0.31,0.0,1.0,0.83,21.28,0.28,4.47,51.38,3.82,52.86,0.65,44.19
132,984014,Premier League,Sunderland,Enzo Le Fée,Midfielder,6.89,0.16,0.16,0.03,1.07,0.32,0.38,14.71,0.41,28.89,0.16,0.0,0.0,0.03,0.13,0.03,0.13,0.0,0.13,0.09,75.0,0.0,0.13,0.0,2.68,0.85,1.13,0.35,1.17,0.03,0.09,0.0,0.0,0.25,0.35,0.19,0.0,1.54,33.82,27.55,6.27,81.45,11.16,16.39,9.08,0.76,24.49,0.95,54.55,35,32,2855,0.16,0.0,0.88,1.13,13.24,0.98,4.79,45.92,4.22,51.15,0.57,26.09
133,879674,Premier League,Crystal Palace,Maxence Lacroix,Defender,6.89,0.03,0.07,0.06,0.7,0.2,0.29,4.17,0.2,63.64,0.03,0.0,0.03,0.0,0.0,0.06,0.0,0.0,0.0,0.0,0.0,0.0,0.0,0.0,1.75,1.31,7.35,0.52,0.32,0.03,0.06,0.06,0.0,0.32,0.09,0.06,0.0,0.2,48.28,42.57,5.71,88.16,30.06,12.51,2.68,0.06,40.0,2.45,49.12,35,35,3087,0.12,0.03,0.99,0.55,6.76,0.17,5.95,61.26,2.48,61.15,3.47,61.34
134,868715,Premier League,Fulham,Jorge Cuenca,Defender,6.89,0.0,0.0,0.0,0.09,0.0,0.09,0.0,0.19,40.0,0.0,0.0,0.0,0.0,0.0,0.0,0.09,0.0,0.0,0.0,0.0,0.0,0.0,0.0,1.51,1.42,7.0,0.85,0.38,0.0,0.0,0.0,0.0,0.19,0.09,0.0,0.0,0.28,58.99,52.09,6.9,88.3,38.0,14.09,4.16,0.09,50.0,2.46,35.14,14,11,952,0.47,0.0,0.85,0.09,7.66,0.0,3.4,54.55,1.8,54.29,1.61,54.84
135,931278,Premier League,Manchester City,Rayan Aït-Nouri,Defender,6.89,0.0,0.06,0.09,0.93,0.19,0.56,0.0,2.06,53.66,0.0,0.0,0.0,0.0,0.0,0.0,0.0,0.0,0.0,0.0,0.0,0.0,0.0,0.0,3.08,1.21,1.59,0.09,0.56,0.0,0.09,0.0,0.0,0.37,0.19,0.19,0.0,1.12,54.86,49.53,5.33,90.29,17.48,32.06,16.92,0.56,27.27,0.65,35.0,16,12,963,0.19,0.0,1.59,0.93,11.96,1.03,7.38,56.43,6.07,55.56,1.31,60.87
136,971037,Premier League,Manchester United,Amad Diallo,Forward,6.88,0.08,0.22,0.24,2.04,0.84,0.64,3.92,1.52,49.35,0.04,0.04,0.04,0.04,0.0,0.04,0.48,0.04,0.0,0.0,0.0,0.0,0.0,0.0,1.48,0.6,1.16,0.12,0.8,0.04,0.0,0.0,0.0,0.12,0.24,0.08,0.0,1.6,34.7,30.51,4.19,87.92,10.46,20.04,12.74,0.44,24.44,0.92,69.7,31,26,2254,0.08,0.0,0.88,1.52,10.5,0.96,5.03,50.6,4.51,52.07,0.52,40.63
138,548188,Premier League,Bournemouth,Lewis Cook,Midfielder,6.88,0.0,0.01,0.0,0.3,0.0,0.2,0.0,0.3,75.0,0.0,0.0,0.0,0.0,0.0,0.0,0.0,0.0,0.0,0.0,0.0,0.0,0.0,0.0,2.52,2.42,2.62,0.61,0.61,0.0,0.0,0.0,0.0,0.1,0.0,0.1,0.0,1.11,49.44,42.68,6.76,86.33,18.06,24.62,8.58,1.01,22.73,2.52,46.3,16,8,892,0.1,0.1,0.81,0.5,11.91,0.3,4.24,55.26,3.33,64.71,0.91,36.0
139,98427,Premier League,Wolverhampton,Sam Johnstone,Goalkeeper,6.88,0.0,0.0,0.0,0.0,0.0,0.0,0.0,0.0,0.0,0.0,0.0,0.0,0.0,0.0,0.0,0.0,0.0,0.0,0.0,0.0,0.0,0.0,0.0,0.17,0.0,2.0,0.0,0.0,0.08,0.0,0.0,0.08,0.0,0.0,0.0,0.0,0.0,36.5,20.42,16.08,55.94,12.17,8.25,2.75,0.0,0.0,10.58,39.69,12,12,1080,0.0,0.0,0.0,0.0,16.25,0.0,0.42,83.33,0.17,100.0,0.25,75.0
140,847030,Premier League,Manchester United,Noussair Mazraoui,Defender,6.88,0.0,0.02,0.0,0.47,0.0,0.19,0.0,0.66,53.85,0.0,0.0,0.0,0.0,0.0,0.0,0.0,0.0,0.0,0.0,0.0,0.0,0.0,0.0,2.56,1.23,4.84,0.19,0.28,0.0,0.19,0.0,0.0,0.19,0.0,0.0,0.09,0.57,48.04,42.06,5.98,87.55,18.61,23.45,12.25,0.38,33.33,1.8,52.78,19,10,948,0.28,0.0,1.14,1.23,8.73,0.28,6.17,63.11,4.46,66.2,1.71,56.25
141,997183,Premier League,Tottenham Hotspur,Xavi Simons,Midfielder,6.88,0.1,0.16,0.15,2.14,0.51,0.76,4.76,1.42,42.42,0.05,0.05,0.0,0.0,0.1,0.1,0.0,0.0,0.0,0.0,0.0,0.0,0.15,0.0,1.73,0.76,0.61,0.05,0.92,0.0,0.1,0.0,0.0,0.05,0.36,0.25,0.05,1.78,40.8,33.83,6.97,82.92,12.26,21.57,13.13,0.71,26.92,1.83,62.07,28,19,1769,0.25,0.05,1.07,2.24,15.77,1.53,6.0,48.16,5.39,50.96,0.61,32.43
142,931844,Premier League,Crystal Palace,Chris Richards,Defender,6.88,0.03,0.08,0.03,0.48,0.06,0.19,6.67,0.13,66.67,0.03,0.0,0.03,0.0,0.0,0.0,0.0,0.0,0.0,0.0,0.0,0.0,0.0,0.0,1.75,1.37,6.24,0.61,0.57,0.06,0.06,0.0,0.0,0.32,0.03,0.0,0.0,0.29,47.1,39.55,7.55,83.98,26.34,13.22,4.24,0.16,38.46,2.1,37.93,33,31,2826,0.13,0.0,0.57,0.16,11.5,0.35,5.41,56.48,2.01,56.25,3.41,56.61
143,864169,Premier League,Aston Villa,Pau Torres,Defender,6.88,0.0,0.06,0.05,0.43,0.05,0.33,0.0,0.38,63.64,0.0,0.0,0.0,0.0,0.0,0.0,0.0,0.0,0.0,0.0,0.0,0.0,0.0,0.0,1.19,0.6,3.15,0.98,0.49,0.11,0.11,0.0,0.05,0.22,0.0,0.0,0.0,0.05,62.55,55.61,6.94,88.9,34.45,21.16,7.87,0.0,0.0,2.88,42.74,20,18,1659,0.05,0.0,0.38,0.27,8.35,0.22,3.2,55.66,1.84,58.62,1.36,52.08
144,1020141,Premier League,Everton,Nathan Patterson,Defender,6.88,0.0,0.01,0.0,0.34,0.34,0.0,0.0,0.34,20.0,0.0,0.0,0.0,0.0,0.0,0.0,0.34,0.0,0.0,0.0,0.0,0.0,0.0,0.0,3.38,0.68,5.75,0.68,1.35,0.0,0.0,0.0,0.0,0.34,0.0,0.0,0.0,0.0,28.42,21.65,6.77,76.19,12.18,9.47,4.4,0.0,0.0,1.35,30.77,7,3,266,0.0,0.0,0.68,0.68,13.2,0.34,6.77,60.61,4.4,54.17,2.37,77.78
145,1142703,Premier League,Manchester City,Nico O'Reilly,Defender,6.88,0.18,0.19,0.21,1.37,0.49,0.46,12.82,0.81,39.66,0.18,0.0,0.07,0.11,0.0,0.0,0.04,0.0,0.0,0.0,0.0,0.0,0.0,0.0,2.39,0.7,2.39,0.39,0.77,0.0,0.04,0.0,0.0,0.35,0.21,0.11,0.0,0.81,45.95,39.69,6.26,86.37,15.48,24.21,11.15,0.32,24.32,0.46,26.53,33,28,2558,0.18,0.0,1.55,0.63,12.46,1.16,5.45,46.83,3.84,44.86,1.62,52.27
146,867442,Premier League,Nottingham Forest,Callum Hudson Odoi,Midfielder,6.87,0.15,0.14,0.05,1.46,0.49,0.49,10.0,1.46,51.72,0.1,0.05,0.0,0.0,0.15,0.05,0.15,0.0,0.0,0.0,0.0,0.0,0.05,0.0,0.68,0.39,0.68,0.1,0.44,0.0,0.05,0.0,0.0,0.1,0.24,0.19,0.0,2.14,31.98,28.52,3.46,89.19,5.6,22.93,16.01,0.63,14.29,1.17,64.86,30,21,1849,0.0,0.0,0.58,0.58,12.07,1.07,2.87,43.07,2.73,44.8,0.15,25.0
147,159665,Premier League,Liverpool FC,Mohamed Salah,Midfielder,6.87,0.3,0.34,0.48,2.78,0.74,1.08,10.94,0.69,24.24,0.3,0.0,0.0,0.17,0.13,0.0,0.61,0.0,0.04,0.04,100.0,0.0,0.09,0.0,0.69,0.17,0.3,0.04,0.39,0.0,0.0,0.0,0.0,0.17,0.43,0.26,0.0,2.08,32.76,25.08,7.68,76.56,4.95,20.14,14.45,0.82,16.96,0.82,48.72,26,22,2074,0.04,0.0,0.43,0.69,19.35,2.04,2.43,29.32,2.08,29.27,0.35,29.63
148,149380,Premier League,Manchester United,Harry Maguire,Defender,6.87,0.06,0.06,0.06,0.8,0.23,0.4,7.14,0.06,50.0,0.06,0.0,0.06,0.0,0.0,0.06,0.0,0.0,0.0,0.0,0.0,0.0,0.0,0.0,1.2,0.68,5.76,0.57,0.23,0.06,0.06,0.11,0.0,0.23,0.11,0.11,0.0,0.17,45.6,39.26,6.33,86.11,25.11,14.15,3.6,0.06,33.33,2.45,41.75,22,18,1577,0.17,0.06,0.8,0.91,6.85,0.11,5.48,71.11,2.17,65.52,3.31,75.32
149,1400106,Premier League,Brighton & Hove Albion,Yankuba Minteh,Midfielder,6.87,0.11,0.15,0.15,1.57,0.42,0.57,7.32,2.49,54.62,0.11,0.0,0.0,0.08,0.04,0.0,0.38,0.04,0.0,0.0,0.0,0.0,0.0,0.0,2.03,0.65,0.61,0.0,0.73,0.0,0.04,0.0,0.0,0.08,0.42,0.15,0.08,1.72,23.71,16.06,7.65,67.74,4.05,12.01,7.73,1.38,23.53,0.57,48.39,33,26,2353,0.11,0.0,1.19,0.84,19.28,1.3,6.08,48.62,5.35,50.54,0.73,38.0
150,1142175,Premier League,Manchester United,Kobbie Mainoo,Midfielder,6.87,0.06,0.02,0.0,0.63,0.17,0.23,9.09,0.91,53.33,0.0,0.06,0.0,0.0,0.06,0.0,0.06,0.0,0.0,0.0,0.0,0.0,0.0,0.0,1.94,1.14,1.37,0.51,0.63,0.0,0.06,0.0,0.0,0.28,0.06,0.11,0.0,1.2,56.34,50.64,5.7,89.89,21.13,29.51,12.36,0.23,30.77,1.2,56.76,27,15,1580,0.06,0.0,0.63,1.08,10.25,1.65,4.73,48.54,3.93,51.88,0.8,36.84
151,1144630,Premier League,Arsenal,Cristhian Mosquera,Defender,6.87,0.0,0.01,0.0,0.11,0.0,0.11,0.0,0.0,0.0,0.0,0.0,0.0,0.0,0.0,0.0,0.11,0.0,0.0,0.0,0.0,0.0,0.0,0.0,2.95,0.87,4.16,0.66,0.55,0.0,0.11,0.0,0.0,0.11,0.0,0.0,0.0,0.44,54.79,49.98,4.81,91.22,29.64,20.34,8.86,0.0,0.0,0.98,42.86,18,7,823,0.44,0.0,1.64,0.55,6.67,0.11,5.03,51.69,3.5,59.26,1.53,40.0
152,997152,Premier League,Brighton & Hove Albion,Maxim De Cuyper,Defender,6.87,0.13,0.12,0.06,0.77,0.39,0.13,16.67,0.45,41.18,0.13,0.0,0.06,0.0,0.06,0.06,0.06,0.0,0.0,0.0,0.0,0.0,0.19,0.0,1.42,0.77,1.8,0.13,0.9,0.0,0.06,0.06,0.0,0.0,0.58,0.19,0.06,1.93,43.71,36.82,6.89,84.24,20.21,16.61,8.43,2.12,43.42,0.84,32.5,29,16,1398,0.13,0.0,1.09,1.35,12.75,0.32,3.86,47.62,3.22,52.63,0.64,32.26
153,914309,Premier League,Everton,Iliman Ndiaye,Midfielder,6.87,0.2,0.22,0.1,1.4,0.73,0.27,14.29,2.3,53.49,0.2,0.0,0.0,0.07,0.13,0.07,0.4,0.0,0.07,0.07,100.0,0.0,0.0,0.0,2.24,0.53,0.63,0.07,0.9,0.0,0.03,0.0,0.0,0.17,0.23,0.1,0.0,0.97,30.68,25.8,4.87,84.11,8.91,16.89,10.52,0.23,13.46,0.2,31.58,31,31,2696,0.07,0.0,0.97,1.2,13.25,2.04,6.11,46.21,5.74,49.28,0.37,23.4
154,822470,Premier League,Fulham,Samuel Chukwueze,Forward,6.87,0.25,0.17,0.17,2.09,0.59,0.84,12.0,1.51,46.15,0.25,0.0,0.0,0.25,0.0,0.25,0.25,0.0,0.0,0.0,0.0,0.0,0.0,0.0,0.5,0.59,0.84,0.08,0.5,0.0,0.17,0.0,0.0,0.0,0.33,0.33,0.0,2.01,34.58,25.53,9.04,73.85,10.05,15.49,10.55,0.67,18.18,1.34,69.57,23,10,1075,0.0,0.0,0.42,1.0,17.25,1.26,3.6,43.0,3.01,43.9,0.59,38.89
155,331209,Premier League,Manchester City,Bernardo Silva,Midfielder,6.86,0.06,0.07,0.03,0.91,0.19,0.32,7.14,0.68,42.86,0.06,0.0,0.0,0.06,0.0,0.03,0.16,0.0,0.0,0.0,0.0,0.0,0.0,0.0,1.62,0.68,1.07,0.19,0.84,0.0,0.1,0.0,0.0,0.19,0.23,0.13,0.0,1.49,69.15,62.4,6.75,90.24,27.18,35.22,19.72,0.58,26.47,2.11,58.04,36,32,2775,0.32,0.0,1.17,0.71,11.61,1.1,3.15,40.42,3.02,43.26,0.13,16.0
156,866191,Premier League,Leeds United,Sean Longstaff,Midfielder,6.86,0.17,0.11,0.09,1.38,0.34,0.77,12.5,0.17,28.57,0.17,0.0,0.0,0.0,0.17,0.17,0.09,0.0,0.0,0.0,0.0,0.0,0.09,0.0,3.27,1.03,0.95,0.52,1.89,0.0,0.0,0.0,0.0,0.09,0.52,0.17,0.0,2.15,38.63,32.7,5.94,84.63,16.95,15.75,7.14,2.32,50.0,1.29,42.86,23,10,1046,0.17,0.0,1.12,1.46,10.5,1.03,5.76,51.54,4.9,52.78,0.86,45.45
157,882604,Premier League,Bournemouth,Đorđe Petrović,Goalkeeper,6.86,0.0,0.0,0.0,0.0,0.0,0.0,0.0,0.0,0.0,0.0,0.0,0.0,0.0,0.0,0.0,0.0,0.0,0.0,0.0,0.0,0.0,0.0,0.0,0.0,0.0,1.67,0.0,0.08,0.06,0.06,0.0,0.03,0.31,0.0,0.0,0.0,0.0,23.72,15.19,8.53,64.05,12.64,2.56,0.69,0.0,0.0,3.94,31.91,36,36,3240,0.08,0.0,0.0,0.06,8.75,0.0,0.64,88.46,0.08,50.0,0.56,100.0
158,1137431,Premier League,Brentford,Michael Kayode,Defender,6.86,0.03,0.03,0.03,0.26,0.09,0.06,11.11,1.47,51.49,0.03,0.0,0.03,0.0,0.0,0.0,0.03,0.0,0.0,0.0,0.0,0.0,0.0,0.0,1.81,1.08,2.81,0.37,0.65,0.03,0.09,0.06,0.03,0.23,0.11,0.03,0.06,1.02,31.9,27.14,4.76,85.07,15.94,11.2,5.16,0.4,26.42,1.08,44.71,36,36,3174,0.23,0.0,0.68,1.36,14.43,0.88,5.81,57.58,4.65,56.94,1.16,60.29
159,957602,Premier League,Arsenal,Riccardo Calafiori,Defender,6.86,0.06,0.19,0.17,1.81,0.45,0.79,3.13,0.85,68.18,0.06,0.0,0.06,0.0,0.0,0.11,0.23,0.0,0.0,0.0,0.0,0.0,0.0,0.0,1.81,0.85,2.83,0.23,0.45,0.0,0.06,0.0,0.0,0.23,0.0,0.11,0.0,0.34,39.51,33.68,5.83,85.24,16.08,17.6,9.85,0.17,14.29,1.08,48.72,24,20,1590,0.28,0.0,1.47,0.51,10.87,0.57,5.66,55.87,3.11,52.38,2.55,60.81
160,794338,Premier League,Crystal Palace,Daichi Kamada,Midfielder,6.86,0.0,0.08,0.05,0.92,0.19,0.39,0.0,0.58,52.17,0.0,0.0,0.0,0.0,0.0,0.0,0.05,0.05,0.0,0.0,0.0,0.0,0.0,0.0,2.95,0.63,1.11,0.05,1.06,0.0,0.14,0.0,0.0,0.05,0.24,0.0,0.0,0.97,38.79,32.51,6.28,83.81,15.6,16.91,8.41,0.53,27.5,1.5,54.39,27,21,1863,0.14,0.0,1.45,1.3,11.01,0.77,5.46,55.12,4.78,56.25,0.68,48.28
161,98435,Premier League,Aston Villa,Ross Barkley,Midfielder,6.86,0.35,0.17,0.23,2.08,0.92,0.69,16.67,1.5,72.22,0.35,0.0,0.23,0.12,0.0,0.0,0.0,0.0,0.0,0.0,0.0,0.0,0.0,0.0,1.39,0.23,1.16,0.35,0.92,0.0,0.0,0.0,0.0,0.0,0.35,0.0,0.0,1.04,44.02,38.59,5.43,87.66,15.94,22.64,13.63,0.0,0.0,1.27,68.75,20,6,779,0.12,0.0,1.04,1.04,9.7,1.85,5.55,48.0,3.93,47.22,1.62,50.0
162,592010,Premier League,Arsenal,Mikel Merino,Midfielder,6.86,0.36,0.27,0.36,1.88,0.71,0.63,19.05,0.45,41.67,0.36,0.0,0.27,0.0,0.09,0.0,0.27,0.0,0.0,0.0,0.0,0.0,0.0,0.0,2.32,0.89,1.7,0.18,0.54,0.0,0.0,0.0,0.0,0.18,0.36,0.27,0.0,1.07,31.73,24.04,7.69,75.77,9.38,14.66,8.58,0.0,0.0,0.63,33.33,21,10,1007,0.09,0.0,1.88,1.79,11.89,1.52,7.06,46.2,4.56,51.0,2.5,39.44
163,1019322,Premier League,Liverpool FC,Florian Wirtz,Midfielder,6.86,0.19,0.24,0.27,1.86,0.65,0.49,10.2,1.44,53.52,0.19,0.0,0.0,0.04,0.15,0.04,0.08,0.0,0.0,0.0,0.0,0.0,0.04,0.0,1.25,0.38,0.49,0.08,0.65,0.0,0.04,0.0,0.0,0.08,0.19,0.11,0.04,2.32,53.45,45.13,8.31,84.45,10.44,34.69,21.98,0.19,15.63,1.52,57.97,32,27,2371,0.04,0.0,0.84,0.72,14.23,1.37,3.68,40.08,3.42,45.92,0.27,15.22
164,905163,Premier League,Tottenham Hotspur,Mohammed Kudus,Midfielder,6.86,0.12,0.11,0.17,1.51,0.52,0.41,7.69,3.03,50.98,0.06,0.06,0.0,0.12,0.0,0.06,0.58,0.0,0.0,0.0,0.0,0.0,0.12,0.0,1.69,0.17,0.35,0.0,0.7,0.0,0.06,0.0,0.0,0.12,0.17,0.29,0.12,1.46,25.86,22.14,3.73,85.59,6.64,15.5,10.37,1.63,22.95,1.11,70.37,19,19,1545,0.17,0.0,1.34,0.87,19.28,3.15,6.23,40.68,5.59,41.03,0.64,37.93
165,924378,Premier League,Brentford,Sepp van den Berg,Defender,6.86,0.0,0.11,0.13,0.77,0.24,0.44,0.0,0.03,100.0,0.0,0.0,0.0,0.0,0.0,0.0,0.0,0.0,0.0,0.0,0.0,0.0,0.0,0.0,0.67,0.98,6.33,0.77,0.2,0.07,0.07,0.0,0.0,0.27,0.17,0.07,0.0,0.24,46.94,41.55,5.39,88.51,30.66,10.88,3.23,0.0,0.0,1.79,51.96,31,29,2671,0.07,0.0,0.47,0.37,6.03,0.13,5.69,65.0,1.08,58.18,4.62,66.83
166,553606,Premier League,Tottenham Hotspur,Guglielmo Vicario,Goalkeeper,6.85,0.0,0.0,0.0,0.0,0.0,0.0,0.0,0.0,0.0,0.0,0.0,0.0,0.0,0.0,0.0,0.0,0.0,0.0,0.0,0.0,0.0,0.0,0.0,0.03,0.0,1.19,0.0,0.03,0.06,0.03,0.0,0.0,0.23,0.0,0.0,0.0,0.03,34.55,23.16,11.39,67.04,20.03,3.13,1.03,0.0,0.0,5.06,31.21,31,31,2790,0.03,0.0,0.0,0.1,11.65,0.0,0.52,88.89,0.13,80.0,0.39,92.31
167,840217,Premier League,Tottenham Hotspur,Richarlison,Forward,6.85,0.5,0.38,0.4,2.81,1.2,0.9,17.86,0.5,35.71,0.45,0.05,0.15,0.05,0.3,0.05,0.45,0.0,0.0,0.0,0.0,0.0,0.0,0.0,1.25,0.25,2.41,0.1,0.55,0.0,0.05,0.0,0.0,0.15,0.2,0.2,0.0,0.9,14.65,9.08,5.57,61.99,2.51,6.57,4.67,0.0,0.0,0.5,62.5,30,18,1794,0.25,0.0,1.05,1.51,12.14,1.4,6.27,41.81,3.16,44.68,3.11,39.24
168,793167,Premier League,Fulham,Sander Berge,Midfielder,6.85,0.0,0.05,0.1,0.48,0.1,0.16,0.0,0.26,40.0,0.0,0.0,0.0,0.0,0.0,0.0,0.03,0.0,0.0,0.0,0.0,0.0,0.0,0.0,1.79,0.77,1.56,0.51,0.35,0.03,0.03,0.03,0.03,0.13,0.1,0.03,0.0,0.57,53.37,47.95,5.42,89.84,25.46,22.49,9.03,0.1,23.08,1.69,63.86,34,33,2821,0.16,0.0,1.08,0.45,7.69,0.61,4.08,54.7,2.49,50.65,1.6,62.5
169,1013842,Premier League,Wolverhampton,Emmanuel Agbadou,Defender,6.85,0.0,0.05,0.0,0.82,0.25,0.33,0.0,0.33,80.0,0.0,0.0,0.0,0.0,0.0,0.0,0.0,0.0,0.0,0.0,0.0,0.0,0.08,0.0,2.62,1.06,5.31,1.23,0.57,0.16,0.0,0.0,0.0,0.0,0.0,0.0,0.0,0.33,53.87,44.71,9.16,83.0,28.61,16.1,6.05,0.33,28.57,4.09,42.74,14,12,1101,0.08,0.08,0.82,0.41,12.02,0.41,5.48,63.81,3.35,64.06,2.13,63.41
170,893549,Premier League,Manchester City,Tijjani Reijnders,Midfielder,6.85,0.29,0.23,0.23,2.59,0.86,0.98,11.11,1.09,44.19,0.29,0.0,0.0,0.17,0.12,0.06,0.23,0.0,0.0,0.0,0.0,0.0,0.12,0.0,0.58,0.58,1.15,0.06,0.35,0.0,0.06,0.0,0.0,0.12,0.23,0.12,0.06,1.04,44.34,39.44,4.89,88.96,12.96,26.49,14.97,0.58,26.32,0.69,50.0,27,18,1563,0.12,0.0,1.04,0.86,10.77,0.92,2.71,40.87,2.53,41.12,0.17,37.5
171,948261,Premier League,Aston Villa,Morgan Rogers,Midfielder,6.85,0.27,0.19,0.11,2.3,0.88,0.71,11.9,1.15,35.59,0.19,0.08,0.0,0.05,0.22,0.08,0.08,0.0,0.0,0.0,0.0,0.03,0.11,25.0,1.15,0.36,0.88,0.08,0.63,0.0,0.05,0.03,0.0,0.19,0.36,0.16,0.0,1.29,29.26,21.84,7.42,74.63,7.21,14.63,10.27,0.08,6.0,1.01,61.67,37,37,3285,0.19,0.0,1.26,1.34,16.96,2.19,4.33,35.75,3.62,37.29,0.71,29.55
172,1136730,Premier League,Newcastle United,Lewis Hall,Defender,6.85,0.04,0.04,0.04,1.03,0.26,0.3,4.17,1.55,54.55,0.0,0.04,0.0,0.04,0.0,0.09,0.0,0.0,0.0,0.0,0.0,0.0,0.17,0.0,2.28,1.12,3.15,0.6,0.65,0.04,0.04,0.0,0.0,0.13,0.22,0.04,0.0,0.99,52.56,44.76,7.8,85.16,19.56,25.2,13.61,0.82,19.39,1.98,41.82,29,23,2089,0.17,0.0,0.73,1.77,16.76,1.51,6.72,55.12,5.6,57.52,1.12,45.61
173,843200,Premier League,Manchester United,Diogo Dalot,Defender,6.85,0.03,0.07,0.14,0.83,0.21,0.52,4.17,0.62,66.67,0.03,0.0,0.0,0.0,0.03,0.03,0.14,0.0,0.0,0.0,0.0,0.0,0.0,0.0,1.82,0.93,3.17,0.31,0.72,0.03,0.07,0.0,0.0,0.17,0.17,0.1,0.0,1.0,38.94,33.1,5.85,84.98,15.65,17.44,9.29,0.58,29.82,1.41,61.19,34,29,2616,0.17,0.0,0.86,0.48,11.8,0.55,4.64,59.47,2.86,53.9,1.79,71.23
174,996910,Premier League,Burnley,Bashir Humphreys,Defender,6.84,0.0,0.03,0.06,0.55,0.18,0.12,0.0,0.36,54.55,0.0,0.0,0.0,0.0,0.0,0.0,0.12,0.0,0.0,0.0,0.0,0.0,0.0,0.0,1.64,0.61,4.99,1.03,0.91,0.0,0.12,0.0,0.0,0.12,0.06,0.0,0.0,0.55,47.13,38.13,9.0,80.9,23.05,15.08,6.51,0.18,17.65,2.92,40.0,18,16,1480,0.36,0.0,0.85,0.55,12.22,0.36,4.01,48.89,2.55,51.22,1.46,45.28
175,1917626,Premier League,Arsenal,Max Dowman,Midfielder,6.84,0.9,1.06,0.0,5.4,0.9,3.6,16.67,4.5,33.33,0.9,0.0,0.0,0.9,0.0,0.0,0.0,0.9,0.0,0.0,0.0,0.0,0.0,0.0,1.8,0.9,0.0,0.0,1.8,0.0,0.0,0.0,0.0,0.0,0.0,0.0,0.0,2.7,25.2,22.5,2.7,89.29,3.6,18.9,12.6,0.9,16.67,0.0,0.0,5,0,100,0.0,0.0,0.9,5.4,22.5,2.7,11.7,41.94,11.7,44.83,0.0,0.0
176,927083,Premier League,Manchester United,Bryan Mbeumo,Forward,6.84,0.35,0.4,0.46,2.54,1.1,0.95,13.89,0.6,32.69,0.35,0.0,0.04,0.21,0.11,0.11,0.25,0.04,0.0,0.0,0.0,0.0,0.0,0.0,0.88,0.28,0.49,0.04,0.49,0.0,0.04,0.0,0.0,0.0,0.18,0.11,0.0,1.63,27.67,21.87,5.8,79.05,6.57,15.3,10.25,1.24,33.33,0.53,53.57,32,30,2547,0.14,0.0,0.81,0.99,14.06,0.99,3.0,32.69,2.47,41.18,0.53,16.67
177,836694,Premier League,Manchester United,Mason Mount,Forward,6.84,0.29,0.14,0.1,1.81,0.48,0.76,15.79,0.67,41.18,0.19,0.1,0.0,0.0,0.29,0.1,0.0,0.1,0.0,0.0,0.0,0.0,0.1,0.0,1.91,0.76,0.76,0.1,1.05,0.0,0.0,0.0,0.0,0.1,0.1,0.0,0.0,1.24,36.71,29.75,6.96,81.04,8.39,21.36,13.25,0.1,5.26,2.1,62.86,22,11,944,0.19,0.0,1.53,0.86,12.68,1.33,4.1,40.19,3.43,41.86,0.67,33.33
178,846036,Premier League,Arsenal,Ben White,Defender,6.84,0.0,0.06,0.0,0.63,0.13,0.38,0.0,0.38,75.0,0.0,0.0,0.0,0.0,0.0,0.0,0.38,0.0,0.0,0.0,0.0,0.0,0.0,0.0,1.89,1.14,3.16,0.5,1.01,0.0,0.0,0.0,0.0,0.38,0.38,0.13,0.0,1.01,44.68,36.48,8.2,81.64,14.77,21.71,14.64,0.38,18.75,1.26,32.26,12,9,713,0.0,0.0,0.63,0.76,12.62,0.25,4.54,53.73,3.03,60.0,1.51,44.44
179,794953,Premier League,Tottenham Hotspur,Kevin Danso,Defender,6.84,0.0,0.03,0.0,0.47,0.14,0.14,0.0,0.07,50.0,0.0,0.0,0.0,0.0,0.0,0.07,0.0,0.0,0.0,0.0,0.0,0.0,0.0,0.0,1.76,1.22,8.21,0.75,0.61,0.07,0.07,0.0,0.0,0.2,0.07,0.0,0.0,0.2,56.56,48.76,7.8,86.21,34.59,14.17,4.41,0.0,0.0,2.17,36.36,22,15,1327,0.54,0.0,1.42,0.75,12.41,0.2,7.46,60.44,2.51,52.11,4.95,65.77
180,958878,Premier League,Sunderland,Daniel Ballard,Defender,6.84,0.08,0.1,0.29,1.09,0.38,0.5,7.69,0.13,60.0,0.08,0.0,0.04,0.0,0.04,0.0,0.13,0.04,0.0,0.0,0.0,0.0,0.0,0.0,1.38,0.84,7.75,1.01,0.25,0.0,0.13,0.0,0.0,0.25,0.13,0.0,0.0,0.63,46.22,37.96,8.25,82.14,26.65,11.31,4.02,0.0,0.0,2.43,37.18,29,24,2148,0.17,0.04,1.22,1.26,9.26,0.25,7.04,58.95,2.6,60.78,4.44,57.92
181,1031251,Premier League,Tottenham Hotspur,Antonín Kinský,Goalkeeper,6.84,0.0,0.0,0.0,0.0,0.0,0.0,0.0,0.0,0.0,0.0,0.0,0.0,0.0,0.0,0.0,0.0,0.0,0.0,0.0,0.0,0.0,0.0,0.0,0.0,0.0,1.8,0.0,0.0,0.0,0.0,0.0,0.0,0.2,0.0,0.0,0.0,0.0,33.8,20.8,13.0,61.54,16.4,4.4,1.4,0.0,0.0,6.4,32.99,5,5,450,0.0,0.0,0.0,0.2,13.0,0.0,0.8,100.0,0.2,100.0,0.6,100.0
182,871765,Premier League,Nottingham Forest,Nicolás Domínguez,Midfielder,6.84,0.08,0.1,0.08,1.31,0.39,0.39,5.88,0.46,50.0,0.08,0.0,0.08,0.0,0.0,0.0,0.0,0.0,0.0,0.0,0.0,0.0,0.0,0.0,4.16,0.54,1.31,0.39,1.77,0.0,0.08,0.0,0.0,0.0,0.15,0.08,0.08,0.92,40.15,34.14,6.01,85.03,16.72,17.41,9.17,0.46,42.86,1.16,62.5,26,17,1168,0.23,0.0,1.23,0.85,8.48,0.31,6.47,55.63,5.47,60.17,1.0,39.39
183,1471671,Premier League,Crystal Palace,Jaydee Canvot,Defender,6.84,0.0,0.1,0.2,0.47,0.07,0.4,0.0,0.13,50.0,0.0,0.0,0.0,0.0,0.0,0.0,0.0,0.0,0.0,0.0,0.0,0.0,0.0,0.0,2.61,0.8,6.88,0.87,1.27,0.07,0.13,0.07,0.0,0.27,0.0,0.0,0.0,0.2,51.11,45.1,6.01,88.24,27.26,17.84,7.95,0.0,0.0,2.47,48.68,20,14,1347,0.2,0.0,0.8,0.47,8.02,0.33,5.68,60.28,3.21,56.47,2.47,66.07
184,783126,Premier League,Aston Villa,Emiliano Buendía,Midfielder,6.83,0.32,0.18,0.11,2.5,0.64,1.17,12.77,0.48,31.03,0.16,0.16,0.05,0.05,0.21,0.11,0.05,0.0,0.0,0.0,0.0,0.05,0.27,20.0,2.18,0.64,1.06,0.21,1.12,0.0,0.05,0.0,0.0,0.0,0.21,0.11,0.0,1.43,33.31,26.99,6.32,81.02,10.36,16.63,11.26,0.0,0.0,1.22,60.53,35,20,1694,0.32,0.0,2.13,2.23,11.48,1.81,6.0,43.3,4.89,45.1,1.12,36.84
185,984624,Premier League,Crystal Palace,Yéremy Pino,Forward,6.83,0.09,0.19,0.22,1.84,0.48,0.53,4.76,0.74,39.53,0.04,0.04,0.0,0.0,0.09,0.09,0.44,0.0,0.0,0.0,0.0,0.0,0.18,0.0,1.58,0.39,0.92,0.04,1.45,0.0,0.0,0.0,0.0,0.04,0.61,0.04,0.0,1.97,35.56,26.63,8.93,74.88,10.69,15.94,9.94,0.66,19.74,1.62,52.11,33,26,2055,0.18,0.0,1.31,0.96,16.55,1.49,4.2,38.1,3.28,38.86,0.92,35.59
186,1899647,Premier League,Wolverhampton,Mateus Mané,Forward,6.83,0.16,0.1,0.0,2.0,0.84,0.9,7.89,1.58,36.59,0.0,0.16,0.0,0.0,0.16,0.05,0.11,0.11,0.0,0.0,0.0,0.0,0.16,0.0,1.42,0.26,1.26,0.05,0.79,0.05,0.05,0.05,0.0,0.16,0.32,0.05,0.05,1.32,18.91,14.43,4.48,76.32,4.84,9.58,5.42,1.42,34.18,0.58,33.33,26,18,1709,0.0,0.0,1.32,2.37,16.06,2.0,5.79,40.44,5.37,44.54,0.42,18.6
187,845286,Premier League,Crystal Palace,Ismaïla Sarr,Forward,6.83,0.38,0.46,0.46,2.03,0.89,0.68,18.75,0.42,34.48,0.38,0.0,0.04,0.08,0.25,0.17,0.59,0.08,0.13,0.13,100.0,0.0,0.0,0.0,0.76,0.34,1.14,0.17,0.38,0.0,0.08,0.0,0.0,0.3,0.13,0.04,0.0,0.8,19.47,13.94,5.53,71.58,4.22,9.71,5.57,0.13,12.5,0.34,40.0,27,23,2131,0.08,0.0,0.51,1.73,11.28,1.82,3.89,38.98,2.91,46.62,0.97,26.14
188,1184308,Premier League,Bournemouth,Álex Jiménez,Defender,6.83,0.04,0.04,0.0,0.81,0.15,0.31,4.76,1.51,52.0,0.04,0.0,0.0,0.0,0.04,0.0,0.0,0.0,0.0,0.0,0.0,0.0,0.0,0.0,2.67,1.04,1.58,0.42,0.89,0.0,0.0,0.04,0.0,0.12,0.08,0.0,0.0,0.54,33.53,26.88,6.64,80.18,11.94,14.95,8.38,0.42,21.57,1.58,46.59,31,26,2330,0.39,0.0,1.35,0.77,12.9,0.77,5.45,50.9,4.94,52.89,0.5,37.14
189,833956,Premier League,Aston Villa,Matty Cash,Defender,6.83,0.09,0.04,0.0,0.91,0.3,0.36,10.0,0.33,55.0,0.03,0.06,0.0,0.03,0.06,0.03,0.12,0.0,0.0,0.0,0.0,0.0,0.0,0.0,2.0,0.67,2.54,0.39,1.06,0.06,0.06,0.0,0.0,0.24,0.12,0.09,0.03,0.91,41.63,35.7,5.93,85.76,17.24,18.45,9.89,0.79,20.16,1.66,42.64,34,34,2975,0.27,0.0,1.24,0.91,13.1,0.51,4.14,51.5,3.18,50.72,0.97,54.24
190,825844,Premier League,Brighton & Hove Albion,Ferdi Kadıoğlu,Defender,6.83,0.03,0.06,0.09,0.8,0.38,0.24,3.7,0.35,54.55,0.03,0.0,0.0,0.0,0.03,0.06,0.21,0.0,0.0,0.0,0.0,0.0,0.0,0.0,1.66,0.74,2.34,0.21,1.09,0.0,0.0,0.0,0.0,0.3,0.06,0.0,0.03,0.65,39.06,33.41,5.65,85.54,14.31,19.1,11.32,0.68,21.3,1.3,47.31,36,33,3044,0.18,0.0,0.65,1.03,11.38,0.5,3.96,53.82,3.02,55.14,0.95,50.0
191,803174,Premier League,Fulham,Antonee Robinson,Defender,6.83,0.06,0.07,0.0,0.32,0.06,0.06,20.0,0.77,57.14,0.06,0.0,0.0,0.06,0.0,0.0,0.13,0.0,0.06,0.06,100.0,0.0,0.0,0.0,2.89,1.73,3.4,0.19,1.35,0.0,0.06,0.0,0.0,0.19,0.06,0.0,0.0,1.35,48.59,38.71,9.89,79.66,19.9,18.81,10.85,0.9,18.67,2.05,44.44,21,16,1402,0.26,0.0,0.9,0.51,19.07,0.45,5.2,57.45,4.17,56.52,1.03,61.54
192,800419,Premier League,Bournemouth,Tyler Adams,Midfielder,6.83,0.11,0.03,0.0,0.51,0.34,0.06,22.22,0.34,50.0,0.06,0.06,0.0,0.0,0.11,0.0,0.06,0.0,0.0,0.0,0.0,0.0,0.0,0.0,2.42,1.69,2.2,0.51,0.96,0.0,0.06,0.0,0.0,0.23,0.11,0.11,0.0,0.39,51.25,44.61,6.65,87.03,21.96,22.64,9.18,0.11,66.67,1.63,47.54,23,19,1598,0.39,0.0,1.75,0.68,8.95,0.56,4.56,48.8,3.27,47.93,1.3,51.11
193,361420,Premier League,Tottenham Hotspur,Dominic Solanke,Forward,6.82,0.27,0.22,0.27,1.8,0.99,0.27,15.0,1.17,50.0,0.27,0.0,0.0,0.09,0.18,0.0,0.27,0.0,0.0,0.0,0.0,0.0,0.0,0.0,1.98,0.27,0.99,0.18,0.45,0.0,0.09,0.0,0.0,0.0,0.09,0.0,0.0,0.54,14.22,10.53,3.69,74.05,3.78,6.75,4.95,0.0,0.0,0.18,33.33,15,11,1000,0.09,0.0,1.08,0.81,9.99,1.17,5.76,43.54,3.96,51.16,1.8,32.79
194,966547,Premier League,Arsenal,Noni Madueke,Midfielder,6.82,0.16,0.08,0.16,1.73,0.63,0.47,9.09,2.05,46.43,0.08,0.08,0.08,0.08,0.0,0.0,0.31,0.0,0.0,0.0,0.0,0.0,0.0,0.0,1.65,0.39,0.55,0.08,1.57,0.0,0.0,0.0,0.0,0.0,0.39,0.08,0.0,1.5,29.53,22.28,7.24,75.47,4.88,17.4,12.28,1.18,19.48,0.79,52.63,25,15,1143,0.0,0.0,1.18,1.18,19.21,1.26,5.67,43.9,4.88,43.66,0.79,45.45
195,1002711,Premier League,Tottenham Hotspur,Pape Matar Sarr,Midfielder,6.82,0.13,0.1,0.07,1.06,0.4,0.2,12.5,0.79,60.0,0.13,0.0,0.13,0.0,0.0,0.0,0.2,0.0,0.0,0.0,0.0,0.0,0.0,0.0,2.18,1.12,3.04,0.66,0.66,0.0,0.13,0.0,0.0,0.2,0.13,0.2,0.0,0.53,41.03,34.88,6.15,85.0,15.88,18.99,9.86,0.07,14.29,1.32,60.61,24,13,1360,0.13,0.0,1.79,0.86,9.73,1.12,5.62,46.45,3.84,49.15,1.79,41.54
196,1035996,Premier League,Wolverhampton,André,Midfielder,6.82,0.03,0.02,0.0,0.47,0.03,0.13,7.14,0.64,55.88,0.0,0.03,0.0,0.03,0.0,0.0,0.0,0.0,0.0,0.0,0.0,0.0,0.03,0.0,2.62,0.98,1.65,0.4,1.21,0.07,0.2,0.0,0.0,0.03,0.03,0.0,0.0,0.61,43.35,39.62,3.73,91.39,21.69,17.93,6.32,0.34,25.0,1.95,68.24,34,29,2676,0.4,0.0,1.51,1.41,7.3,1.01,4.81,50.71,4.67,52.65,0.13,22.22
197,867887,Premier League,Aston Villa,Douglas Luiz,Midfielder,6.82,0.1,0.05,0.21,1.14,0.52,0.31,9.09,0.62,46.15,0.1,0.0,0.0,0.0,0.1,0.0,0.0,0.0,0.0,0.0,0.0,0.0,0.0,0.0,2.27,1.45,1.03,0.21,0.62,0.0,0.1,0.1,0.0,0.0,0.31,0.0,0.0,1.96,62.72,56.21,6.51,89.62,26.97,29.24,14.05,1.14,25.58,2.69,56.52,20,11,871,0.31,0.0,1.34,1.45,13.02,0.31,5.17,56.82,4.24,59.42,0.93,47.37
198,927353,Premier League,Liverpool FC,Curtis Jones,Midfielder,6.82,0.0,0.1,0.15,1.06,0.29,0.48,0.0,1.02,65.63,0.0,0.0,0.0,0.0,0.0,0.1,0.0,0.0,0.0,0.0,0.0,0.0,0.0,0.0,1.89,0.87,1.21,0.24,0.97,0.0,0.24,0.0,0.0,0.05,0.19,0.1,0.0,0.97,76.6,70.21,6.39,91.66,26.56,43.65,22.06,0.05,7.69,2.76,67.06,33,17,1860,0.1,0.0,0.77,1.4,10.79,1.11,4.84,51.02,4.31,56.33,0.53,28.95
199,161717,Premier League,Burnley,James Ward-Prowse,Midfielder,6.82,0.0,0.02,0.0,0.42,0.17,0.0,0.0,0.17,28.57,0.0,0.0,0.0,0.0,0.0,0.0,0.0,0.0,0.0,0.0,0.0,0.0,0.17,0.0,1.25,1.66,1.41,0.58,0.83,0.17,0.0,0.0,0.0,0.08,0.58,0.08,0.0,1.83,47.83,42.34,5.49,88.52,20.96,21.38,9.07,2.16,37.14,2.16,52.0,16,12,1082,0.08,0.0,0.67,1.08,11.06,0.33,3.33,50.63,2.5,52.63,0.83,45.45
200,149663,Premier League,Manchester City,Nathan Aké,Defender,6.82,0.0,0.09,0.14,0.72,0.14,0.43,0.0,0.0,0.0,0.0,0.0,0.0,0.0,0.0,0.0,0.14,0.0,0.0,0.0,0.0,0.0,0.0,0.0,1.15,0.72,4.46,0.0,0.29,0.0,0.14,0.0,0.0,0.43,0.29,0.0,0.0,1.01,66.57,59.09,7.48,88.77,29.47,29.62,14.23,0.43,75.0,1.01,28.0,17,5,626,0.14,0.0,0.29,1.15,9.06,0.0,4.74,67.35,2.3,76.19,2.44,60.71
201,219572,Premier League,Brighton & Hove Albion,Joël Veltman,Defender,6.82,0.08,0.09,0.0,0.34,0.08,0.08,25.0,0.17,40.0,0.08,0.0,0.0,0.08,0.0,0.0,0.17,0.0,0.0,0.0,0.0,0.0,0.0,0.0,2.6,1.51,3.69,0.5,0.84,0.0,0.0,0.0,0.0,0.08,0.0,0.0,0.0,0.34,37.07,30.28,6.79,81.67,14.43,15.85,8.14,0.17,10.53,1.09,31.71,24,9,1073,0.42,0.0,0.84,1.85,12.08,0.17,6.29,66.96,4.61,68.75,1.68,62.5
202,836675,Premier League,Leeds United,Pascal Struijk,Defender,6.82,0.0,0.1,0.13,0.98,0.16,0.57,0.0,0.13,66.67,0.0,0.0,0.0,0.0,0.0,0.0,0.16,0.0,0.0,0.0,0.0,0.0,0.0,0.0,1.17,0.92,6.48,0.6,0.51,0.0,0.0,0.0,0.0,0.19,0.06,0.03,0.0,0.38,56.11,49.54,6.58,88.28,33.83,15.71,5.28,0.0,0.0,2.12,45.27,33,32,2847,0.16,0.0,0.76,0.66,7.71,0.25,5.34,56.15,1.93,55.96,3.41,56.25
203,856739,Premier League,Sunderland,Lutsharel Geertruida,Defender,6.82,0.0,0.06,0.06,0.61,0.17,0.22,0.0,0.39,63.64,0.0,0.0,0.0,0.0,0.0,0.06,0.06,0.0,0.0,0.0,0.0,0.0,0.0,0.0,2.01,1.06,2.57,0.56,0.67,0.0,0.11,0.0,0.0,0.17,0.06,0.0,0.0,0.45,39.86,34.17,5.69,85.71,18.93,15.24,6.42,0.11,25.0,1.4,47.17,27,16,1612,0.06,0.0,0.84,0.33,8.32,0.17,3.41,57.55,2.74,59.04,0.67,52.17
204,805137,Premier League,Sunderland,Omar Alderete,Defender,6.82,0.03,0.05,0.06,0.77,0.29,0.26,4.17,0.55,80.95,0.03,0.0,0.03,0.0,0.0,0.1,0.16,0.0,0.0,0.0,0.0,0.0,0.0,0.0,1.03,1.16,6.97,0.93,0.26,0.0,0.16,0.0,0.0,0.29,0.03,0.03,0.0,0.29,41.88,33.95,7.93,81.06,22.55,11.4,3.66,0.1,27.27,2.51,40.0,33,32,2802,0.19,0.0,1.09,0.32,9.6,0.39,4.69,54.28,1.86,50.0,2.83,57.52
205,243609,Premier League,Liverpool FC,Alisson,Goalkeeper,6.81,0.0,0.0,0.0,0.0,0.0,0.0,0.0,0.0,0.0,0.0,0.0,0.0,0.0,0.0,0.0,0.0,0.0,0.0,0.0,0.0,0.0,0.0,0.0,0.0,0.0,1.48,0.0,0.04,0.0,0.12,0.04,0.0,0.32,0.0,0.0,0.0,0.0,31.4,25.0,6.4,79.62,22.76,2.24,0.8,0.0,0.0,4.12,39.92,25,25,2250,0.04,0.0,0.04,0.28,6.68,0.0,0.44,78.57,0.2,71.43,0.24,85.71
206,555386,Premier League,Aston Villa,Ollie Watkins,Forward,6.81,0.46,0.45,0.62,2.57,1.17,0.68,17.72,0.78,45.28,0.42,0.03,0.13,0.07,0.26,0.07,0.75,0.0,0.0,0.0,0.0,0.0,0.0,0.0,0.68,0.2,0.49,0.03,0.13,0.0,0.0,0.0,0.0,0.1,0.13,0.1,0.0,0.75,15.02,10.82,4.2,72.02,3.1,7.72,5.18,0.07,28.57,0.1,42.86,36,32,2762,0.13,0.0,1.14,1.01,9.06,1.4,3.55,39.78,2.48,41.3,1.08,36.67
207,42694,Premier League,Brentford,Jordan Henderson,Midfielder,6.81,0.05,0.02,0.0,0.29,0.05,0.14,16.67,0.14,37.5,0.05,0.0,0.0,0.0,0.05,0.0,0.05,0.0,0.0,0.0,0.0,0.0,0.0,0.0,1.25,0.82,1.64,0.34,0.39,0.0,0.0,0.0,0.0,0.14,0.39,0.14,0.0,0.91,54.08,41.99,12.09,77.65,22.63,19.36,9.53,0.77,33.33,3.37,37.04,31,21,1869,0.24,0.0,0.63,0.34,15.07,0.29,2.26,48.45,1.64,51.52,0.63,41.94
208,106337,Premier League,Everton,Idrissa Gana Gueye,Midfielder,6.81,0.09,0.09,0.0,1.24,0.3,0.47,6.9,0.3,33.33,0.09,0.0,0.0,0.0,0.09,0.09,0.0,0.0,0.0,0.0,0.0,0.0,0.0,0.0,1.84,1.2,1.03,0.3,0.81,0.0,0.09,0.0,0.0,0.17,0.09,0.13,0.0,0.56,45.62,39.84,5.78,87.32,16.66,23.17,11.14,0.17,21.05,0.86,45.45,25,25,2101,0.04,0.04,0.9,1.33,8.78,0.39,4.03,55.95,3.47,56.64,0.56,52.0
209,861972,Premier League,Fulham,Calvin Bassey,Defender,6.81,0.04,0.06,0.0,0.48,0.07,0.18,7.69,0.37,50.0,0.04,0.0,0.04,0.0,0.0,0.0,0.0,0.04,0.0,0.0,0.0,0.0,0.0,0.0,2.2,0.77,3.52,0.77,0.26,0.07,0.11,0.04,0.0,0.22,0.0,0.0,0.0,0.33,60.73,53.44,7.3,87.98,36.89,16.54,5.65,0.11,21.43,2.02,37.16,29,27,2454,0.18,0.0,0.99,1.47,9.79,0.55,5.43,61.92,4.03,65.48,1.39,53.52
210,1122603,Premier League,Newcastle United,William Osula,Forward,6.81,0.79,0.48,0.45,2.6,1.36,0.45,30.43,0.79,46.67,0.68,0.11,0.11,0.45,0.23,0.11,0.23,0.0,0.0,0.0,0.0,0.0,0.11,0.0,0.56,0.11,0.0,0.11,0.34,0.0,0.0,0.0,0.0,0.11,0.0,0.0,0.0,0.68,8.81,7.11,1.69,80.77,2.94,4.18,2.71,0.23,66.67,0.0,0.0,23,7,797,0.0,0.0,2.6,1.69,7.45,1.47,4.07,33.33,3.05,38.03,1.02,24.32
211,1426228,Premier League,Bournemouth,Eli Junior Kroupi,Forward,6.8,0.7,0.46,0.18,2.57,1.17,0.53,27.27,0.82,41.18,0.58,0.12,0.06,0.12,0.53,0.06,0.29,0.0,0.12,0.12,100.0,0.0,0.0,0.0,0.53,0.47,1.87,0.0,0.47,0.0,0.06,0.0,0.0,0.0,0.18,0.0,0.0,1.23,23.3,17.46,5.84,74.94,6.89,10.57,5.78,0.06,10.0,0.76,65.0,31,19,1541,0.29,0.0,1.52,0.64,11.04,1.11,2.45,30.88,1.99,31.78,0.47,27.59
212,96531,Premier League,West Ham United,Alphonse Aréola,Goalkeeper,6.8,0.0,0.0,0.0,0.0,0.0,0.0,0.0,0.0,0.0,0.0,0.0,0.0,0.0,0.0,0.0,0.0,0.0,0.0,0.0,0.0,0.0,0.0,0.0,0.0,0.05,1.45,0.0,0.0,0.1,0.05,0.05,0.0,0.0,0.0,0.05,0.0,0.05,27.0,12.6,14.4,46.67,7.85,4.75,1.05,0.0,0.0,6.35,30.68,20,20,1800,0.0,0.0,0.05,0.05,14.7,0.0,0.3,66.67,0.05,50.0,0.25,71.43
213,78152,Premier League,Nottingham Forest,Matz Sels,Goalkeeper,6.8,0.0,0.0,0.0,0.0,0.0,0.0,0.0,0.0,0.0,0.0,0.0,0.0,0.0,0.0,0.0,0.0,0.0,0.0,0.0,0.0,0.0,0.0,0.0,0.03,0.0,0.87,0.0,0.07,0.07,0.03,0.0,0.0,0.24,0.0,0.0,0.0,0.03,26.26,14.91,11.35,56.78,10.93,3.98,1.33,0.0,0.0,5.06,31.12,30,29,2577,0.07,0.0,0.0,0.17,11.49,0.0,0.38,78.57,0.21,75.0,0.17,83.33
214,1020680,Premier League,Burnley,Jaidon Anthony,Midfielder,6.8,0.28,0.18,0.11,1.82,0.77,0.6,15.38,1.12,36.36,0.28,0.0,0.0,0.18,0.11,0.07,0.32,0.04,0.0,0.0,0.0,0.0,0.0,0.0,1.44,0.53,0.88,0.25,1.02,0.0,0.11,0.04,0.0,0.07,0.21,0.07,0.0,1.23,28.67,22.78,5.89,79.46,9.43,13.35,7.54,0.46,18.31,0.88,46.3,35,30,2568,0.14,0.0,0.81,1.51,14.86,1.37,4.38,42.23,3.96,43.46,0.42,33.33
215,365802,Premier League,Fulham,Harrison Reed,Midfielder,6.8,0.71,0.09,0.0,1.43,0.71,0.0,50.0,0.0,0.0,0.0,0.71,0.0,0.0,0.71,0.0,0.0,0.0,0.0,0.0,0.0,0.0,0.0,0.0,0.0,0.0,0.71,0.0,2.14,0.0,0.0,0.0,0.0,0.0,0.0,0.0,0.0,2.14,30.71,28.57,2.14,93.02,15.71,12.86,5.71,2.14,75.0,2.14,75.0,7,1,126,0.0,0.0,1.43,0.71,4.29,0.0,1.43,22.22,0.71,16.67,0.71,33.33
216,936849,Premier League,Brighton & Hove Albion,Kaoru Mitoma,Midfielder,6.8,0.16,0.21,0.42,1.67,0.68,0.58,9.38,1.46,44.44,0.1,0.05,0.05,0.05,0.05,0.1,0.21,0.0,0.0,0.0,0.0,0.0,0.0,0.0,0.94,0.47,0.89,0.05,0.89,0.0,0.1,0.0,0.0,0.05,0.21,0.05,0.05,1.62,30.02,24.74,5.28,82.4,6.22,18.51,11.98,0.42,17.39,0.63,63.16,25,19,1721,0.26,0.0,1.62,1.1,13.02,1.2,4.29,40.0,3.5,39.64,0.78,41.67
217,252669,Premier League,Wolverhampton,José Sá,Goalkeeper,6.8,0.0,0.0,0.0,0.0,0.0,0.0,0.0,0.0,0.0,0.0,0.0,0.0,0.0,0.0,0.0,0.0,0.0,0.0,0.0,0.0,0.0,0.0,0.0,0.0,0.0,2.05,0.0,0.0,0.05,0.09,0.0,0.0,0.18,0.0,0.0,0.0,0.05,30.55,18.41,12.14,60.27,13.41,5.0,1.86,0.0,0.0,6.32,34.84,22,22,1980,0.09,0.0,0.0,0.27,12.27,0.0,0.95,95.45,0.18,100.0,0.77,94.44
218,988275,Premier League,Crystal Palace,Tyrick Mitchell,Midfielder,6.8,0.03,0.05,0.08,0.53,0.2,0.2,5.26,0.42,34.88,0.03,0.0,0.0,0.0,0.03,0.03,0.14,0.0,0.0,0.0,0.0,0.0,0.0,0.0,2.83,0.93,2.78,0.31,0.59,0.0,0.06,0.0,0.0,0.34,0.11,0.06,0.0,0.81,30.78,22.44,8.33,72.93,10.66,11.78,6.56,0.62,21.15,1.09,26.71,37,36,3208,0.17,0.0,0.65,0.76,14.59,0.73,4.71,55.26,4.01,60.08,0.7,37.88
219,1105779,Premier League,Chelsea,Andrey Santos,Midfielder,6.8,0.0,0.13,0.23,0.76,0.08,0.53,0.0,0.15,40.0,0.0,0.0,0.0,0.0,0.0,0.08,0.08,0.0,0.0,0.0,0.0,0.0,0.0,0.0,2.42,1.44,1.36,0.45,0.91,0.0,0.08,0.0,0.0,0.08,0.08,0.0,0.0,0.61,57.4,51.43,5.97,89.59,26.17,25.26,9.91,0.0,0.0,1.06,50.0,26,12,1190,0.3,0.0,0.91,1.59,7.56,0.15,5.22,61.06,4.16,67.07,1.06,45.16
220,1089582,Premier League,West Ham United,Freddie Potts,Midfielder,6.8,0.0,0.02,0.0,0.23,0.08,0.0,0.0,0.15,25.0,0.0,0.0,0.0,0.0,0.0,0.0,0.0,0.0,0.0,0.0,0.0,0.0,0.0,0.0,2.24,1.31,2.39,0.23,0.62,0.0,0.0,0.0,0.0,0.0,0.15,0.08,0.0,0.62,41.03,34.32,6.71,83.65,15.04,19.28,7.33,0.46,17.65,2.08,47.37,22,12,1167,0.08,0.0,1.16,1.08,10.57,0.39,5.01,58.56,3.47,57.69,1.54,60.61
221,1406130,Premier League,Bournemouth,Veljko Milosavljević,Defender,6.8,0.0,0.04,0.24,0.24,0.0,0.24,0.0,0.24,100.0,0.0,0.0,0.0,0.0,0.0,0.0,0.0,0.0,0.0,0.0,0.0,0.0,0.0,0.0,1.2,0.96,6.0,1.2,0.48,0.0,0.0,0.0,0.0,0.24,0.0,0.0,0.0,0.24,45.6,38.4,7.2,84.21,27.12,11.28,4.56,0.0,0.0,1.92,30.77,7,4,375,0.0,0.0,0.0,0.0,8.16,0.24,4.08,47.22,1.44,66.67,2.64,40.74
222,875137,Premier League,Burnley,Zian Flemming,Forward,6.79,0.55,0.43,0.55,2.81,1.1,0.94,19.61,0.22,36.36,0.5,0.06,0.17,0.11,0.28,0.0,0.17,0.0,0.11,0.11,100.0,0.0,0.06,0.0,0.83,0.39,1.76,0.28,0.28,0.0,0.0,0.0,0.0,0.0,0.0,0.0,0.0,0.5,13.61,8.87,4.74,65.18,2.76,6.12,3.25,0.06,16.67,0.5,56.25,27,19,1633,0.22,0.0,2.54,1.38,9.81,0.88,5.62,40.8,2.37,37.39,3.25,43.7
223,560128,Premier League,Newcastle United,Joelinton,Midfielder,6.79,0.09,0.11,0.05,1.47,0.51,0.55,6.25,0.74,53.33,0.09,0.0,0.05,0.05,0.0,0.05,0.05,0.0,0.0,0.0,0.0,0.0,0.0,0.0,1.98,1.38,1.84,0.14,0.92,0.0,0.09,0.0,0.0,0.14,0.14,0.05,0.0,0.78,38.66,31.98,6.68,82.72,13.73,18.25,9.63,0.09,20.0,1.01,64.71,27,23,1953,0.46,0.0,2.17,1.24,10.37,1.2,6.87,50.34,3.96,46.24,2.9,57.27
224,1135873,Premier League,Chelsea,Alejandro Garnacho,Forward,6.79,0.07,0.24,0.49,2.33,0.49,1.13,3.03,0.99,35.9,0.07,0.0,0.0,0.07,0.0,0.14,0.14,0.0,0.0,0.0,0.0,0.0,0.0,0.0,0.99,0.28,0.42,0.0,0.64,0.0,0.0,0.0,0.0,0.07,0.42,0.28,0.0,2.05,33.2,29.03,4.17,87.45,8.19,20.84,14.41,0.57,13.56,0.92,100.0,23,14,1274,0.14,0.0,0.64,1.62,13.49,0.78,3.81,44.63,3.6,48.57,0.21,18.75
225,836168,Premier League,Nottingham Forest,Nikola Milenković,Defender,6.79,0.0,0.02,0.05,0.44,0.03,0.36,0.0,0.08,100.0,0.0,0.0,0.0,0.0,0.0,0.0,0.03,0.0,0.0,0.0,0.0,0.0,0.0,0.0,0.82,0.79,5.78,0.93,0.27,0.05,0.03,0.0,0.03,0.25,0.03,0.0,0.0,0.03,40.93,35.56,5.37,86.88,25.04,10.52,3.23,0.0,0.0,2.22,41.75,37,36,3285,0.16,0.0,0.55,0.55,5.86,0.05,3.81,66.51,1.45,63.1,2.36,68.8
226,193554,Premier League,Crystal Palace,Will Hughes,Midfielder,6.78,0.0,0.07,0.06,1.03,0.0,0.61,0.0,0.61,58.82,0.0,0.0,0.0,0.0,0.0,0.0,0.0,0.0,0.0,0.0,0.0,0.0,0.0,0.0,1.51,0.91,1.63,0.42,0.79,0.0,0.06,0.06,0.0,0.12,0.06,0.0,0.0,1.21,39.16,31.78,7.38,81.14,12.65,19.13,9.62,0.73,29.27,1.39,43.4,30,18,1487,0.42,0.0,1.33,1.39,11.2,0.85,4.48,49.01,3.45,51.35,1.03,42.5
227,1036269,Premier League,Brighton & Hove Albion,Yasin Ayari,Midfielder,6.78,0.14,0.13,0.0,1.9,0.46,0.93,7.32,0.83,37.5,0.09,0.05,0.0,0.0,0.14,0.05,0.0,0.0,0.0,0.0,0.0,0.0,0.09,0.0,2.18,1.21,1.11,0.19,1.11,0.0,0.19,0.0,0.0,0.28,0.09,0.14,0.05,0.74,44.65,38.44,6.21,86.09,21.84,16.6,6.68,0.23,20.83,1.85,58.82,29,20,1941,0.05,0.0,1.11,1.3,11.13,0.88,4.73,47.44,4.31,49.21,0.42,34.62
228,845273,Premier League,Wolverhampton,Jean-Ricner Bellegarde,Midfielder,6.78,0.07,0.07,0.0,1.51,0.5,0.58,4.76,1.29,60.0,0.07,0.0,0.0,0.0,0.07,0.0,0.0,0.0,0.0,0.0,0.0,0.0,0.14,0.0,2.01,0.72,1.44,0.22,0.22,0.22,0.0,0.0,0.0,0.0,0.14,0.07,0.07,1.01,30.79,24.46,6.33,79.44,8.35,16.12,8.42,0.36,20.0,1.87,56.52,26,15,1251,0.36,0.0,1.44,2.95,12.59,1.44,6.83,55.56,6.19,60.99,0.65,30.0
229,82566,Premier League,Fulham,Tom Cairney,Midfielder,6.78,0.12,0.12,0.0,1.63,0.12,0.7,7.14,0.46,50.0,0.0,0.12,0.0,0.12,0.0,0.0,0.0,0.0,0.0,0.0,0.0,0.0,0.0,0.0,0.7,0.23,0.81,0.12,0.81,0.0,0.0,0.0,0.0,0.0,0.0,0.0,0.0,1.05,76.76,71.3,5.46,92.89,35.77,35.54,17.07,0.23,33.33,2.67,67.65,23,6,775,0.35,0.0,1.05,1.28,8.25,0.46,3.6,53.45,2.44,46.67,1.16,76.92
230,1112879,Premier League,Fulham,Kevin,Midfielder,6.78,0.09,0.11,0.09,2.21,0.92,0.74,4.17,3.78,49.4,0.0,0.09,0.0,0.0,0.09,0.0,0.28,0.09,0.0,0.0,0.0,0.0,0.0,0.0,1.93,0.83,0.74,0.0,1.66,0.0,0.0,0.0,0.0,0.0,0.09,0.09,0.0,1.2,29.57,22.75,6.82,76.95,6.17,16.58,11.05,1.11,27.91,1.75,79.17,25,8,977,0.09,0.0,1.2,1.57,18.98,2.03,7.92,44.1,7.28,45.4,0.64,33.33
231,1171539,Premier League,Sunderland,Noah Sadiki,Midfielder,6.78,0.0,0.05,0.03,0.58,0.16,0.13,0.0,0.87,61.36,0.0,0.0,0.0,0.0,0.0,0.0,0.03,0.0,0.0,0.0,0.0,0.0,0.0,0.0,1.48,1.09,1.35,0.35,0.55,0.0,0.06,0.0,0.0,0.26,0.0,0.03,0.0,0.55,34.31,29.3,5.01,85.41,13.9,15.41,6.93,0.13,20.0,1.22,46.91,32,32,2804,0.26,0.0,1.0,1.22,8.51,0.8,3.88,53.3,3.53,55.84,0.35,36.67
232,980634,Premier League,Newcastle United,Tino Livramento,Defender,6.78,0.0,0.01,0.0,0.2,0.0,0.07,0.0,0.95,43.75,0.0,0.0,0.0,0.0,0.0,0.0,0.14,0.0,0.0,0.0,0.0,0.0,0.0,0.0,1.49,0.41,2.64,0.14,0.54,0.0,0.0,0.0,0.0,0.34,0.07,0.07,0.07,0.75,44.25,39.31,4.95,88.82,16.88,22.43,13.96,0.61,25.0,1.36,58.82,17,14,1328,0.07,0.0,0.47,1.08,12.74,0.61,4.13,54.95,3.52,55.91,0.61,50.0
233,855647,Premier League,Newcastle United,Harvey Barnes,Forward,6.77,0.33,0.33,0.42,2.63,0.99,0.8,12.5,0.61,28.89,0.28,0.05,0.0,0.14,0.19,0.05,0.14,0.0,0.0,0.0,0.0,0.0,0.0,0.0,0.61,0.14,0.75,0.05,0.66,0.0,0.05,0.0,0.0,0.14,0.19,0.05,0.05,1.08,26.73,21.42,5.31,80.14,5.12,16.3,11.13,0.7,20.0,0.33,46.67,36,19,1916,0.05,0.0,0.8,1.08,13.11,1.08,2.58,36.18,2.3,37.12,0.28,30.0
234,846308,Premier League,Wolverhampton,Santiago Bueno,Defender,6.77,0.11,0.07,0.0,0.33,0.22,0.04,33.33,0.0,0.0,0.11,0.0,0.04,0.0,0.07,0.0,0.04,0.04,0.0,0.0,0.0,0.0,0.0,0.0,1.83,0.91,4.09,0.69,0.37,0.0,0.04,0.0,0.0,0.15,0.04,0.04,0.0,0.33,38.88,33.58,5.3,86.37,23.31,10.27,2.7,0.07,40.0,2.01,45.83,28,27,2463,0.15,0.0,1.02,0.4,6.21,0.18,3.98,55.33,2.23,58.1,1.75,52.17
235,1065216,Premier League,Fulham,Oscar Bobb,Midfielder,6.77,0.0,0.14,0.09,1.1,0.28,0.46,0.0,2.39,59.09,0.0,0.0,0.0,0.0,0.0,0.0,0.0,0.0,0.0,0.0,0.0,0.0,0.0,0.0,1.93,0.74,0.28,0.0,0.64,0.0,0.09,0.0,0.0,0.09,0.09,0.09,0.0,1.84,35.61,30.46,5.15,85.53,7.36,23.1,14.08,0.37,30.77,0.18,25.0,22,10,978,0.09,0.0,0.83,1.56,11.78,1.93,6.44,53.44,5.89,54.24,0.55,46.15
236,1015267,Premier League,Wolverhampton,João Gomes,Midfielder,6.77,0.03,0.04,0.0,0.6,0.22,0.19,5.26,1.36,64.18,0.03,0.0,0.0,0.0,0.03,0.0,0.03,0.0,0.0,0.0,0.0,0.0,0.09,0.0,3.39,1.14,1.42,0.19,1.55,0.03,0.06,0.0,0.0,0.06,0.06,0.03,0.0,0.51,46.06,39.41,6.65,85.57,19.09,20.32,9.12,0.35,34.38,1.23,54.17,35,32,2843,0.32,0.0,2.18,1.55,11.52,1.74,7.15,50.45,6.3,50.51,0.85,50.0
237,962053,Premier League,Chelsea,Filip Jørgensen,Goalkeeper,6.76,0.0,0.0,0.0,0.0,0.0,0.0,0.0,0.24,100.0,0.0,0.0,0.0,0.0,0.0,0.0,0.0,0.0,0.0,0.0,0.0,0.0,0.0,0.0,0.0,0.24,0.48,0.0,0.0,0.0,0.0,0.0,0.0,0.0,0.0,0.0,0.0,0.0,40.71,30.95,9.76,76.02,29.05,1.9,1.19,0.0,0.0,4.29,31.58,5,3,378,0.0,0.0,0.0,0.0,10.0,0.24,0.71,75.0,0.24,50.0,0.48,100.0
238,96538,Premier League,Aston Villa,Lucas Digne,Defender,6.76,0.0,0.03,0.0,0.68,0.24,0.14,0.0,0.19,36.36,0.0,0.0,0.0,0.0,0.0,0.05,0.14,0.0,0.0,0.0,0.0,0.0,0.24,0.0,1.74,0.72,2.94,0.19,0.58,0.1,0.1,0.0,0.0,0.24,0.19,0.29,0.0,1.25,35.26,28.5,6.75,80.85,12.93,15.58,8.63,1.59,31.13,0.58,21.43,31,21,1866,0.14,0.0,0.68,0.58,14.08,0.53,4.2,55.41,2.51,54.17,1.69,57.38
239,1085950,Premier League,Everton,Tim Iroegbunam,Midfielder,6.76,0.0,0.04,0.0,0.76,0.06,0.44,0.0,0.89,38.89,0.0,0.0,0.0,0.0,0.0,0.0,0.0,0.06,0.0,0.0,0.0,0.0,0.0,0.0,4.12,1.33,0.51,0.57,0.38,0.06,0.13,0.0,0.0,0.19,0.19,0.13,0.0,0.51,29.45,23.88,5.57,81.08,9.44,14.44,6.46,0.0,0.0,0.57,56.25,28,16,1421,0.57,0.0,1.65,1.27,10.45,1.65,7.6,56.07,6.27,55.62,1.33,58.33
240,1597265,Premier League,Chelsea,Estêvão,Midfielder,6.76,0.21,0.31,0.21,2.96,0.85,0.95,7.14,3.06,41.43,0.21,0.0,0.0,0.11,0.11,0.21,0.63,0.11,0.0,0.0,0.0,0.0,0.0,0.0,1.16,0.42,0.53,0.0,1.16,0.0,0.0,0.0,0.0,0.0,0.42,0.21,0.0,1.69,28.52,23.03,5.49,80.74,6.13,16.9,11.3,0.53,31.25,0.53,55.56,22,12,852,0.42,0.0,1.27,0.95,16.16,2.11,5.49,34.9,5.18,37.12,0.32,17.65
241,1006387,Premier League,Brentford,Kevin Schade,Midfielder,6.76,0.24,0.38,0.47,1.79,0.74,0.67,13.21,0.67,28.57,0.24,0.0,0.07,0.03,0.13,0.13,0.34,0.07,0.03,0.0,0.0,0.0,0.0,0.0,1.35,0.61,1.01,0.1,0.3,0.0,0.0,0.0,0.0,0.17,0.24,0.1,0.03,0.98,17.28,11.71,5.57,67.77,3.48,8.23,4.86,0.17,22.73,0.2,37.5,34,31,2667,0.2,0.03,1.62,1.45,12.69,1.52,6.28,44.6,3.44,40.64,2.83,50.6
242,991478,Premier League,Bournemouth,Amine Adli,Forward,6.76,0.25,0.21,0.33,1.65,0.74,0.41,15.0,0.66,38.1,0.25,0.0,0.08,0.17,0.0,0.08,0.41,0.08,0.0,0.0,0.0,0.0,0.08,0.0,2.81,0.5,1.4,0.17,0.58,0.0,0.0,0.0,0.0,0.0,0.08,0.08,0.0,1.32,33.64,25.95,7.69,77.15,9.75,16.2,10.5,0.17,5.0,0.17,20.0,30,10,1089,0.17,0.0,2.4,1.82,14.55,0.74,7.77,53.41,5.29,53.33,2.48,53.57
243,218160,Premier League,Sunderland,Bertrand Traoré,Forward,6.75,0.14,0.07,0.0,1.83,0.85,0.42,7.69,1.97,63.64,0.14,0.0,0.0,0.14,0.0,0.0,0.14,0.0,0.0,0.0,0.0,0.0,0.0,0.0,1.55,0.28,0.85,0.42,0.99,0.0,0.0,0.0,0.0,0.0,0.28,0.0,0.0,1.13,25.39,20.17,5.22,79.44,6.63,13.54,8.61,0.14,7.69,0.42,37.5,12,9,638,0.14,0.0,1.55,1.55,12.84,1.27,5.92,48.84,5.08,52.94,0.85,33.33
244,1170722,Premier League,Nottingham Forest,Jair,Defender,6.75,0.0,0.06,0.19,0.58,0.19,0.0,0.0,0.19,33.33,0.0,0.0,0.0,0.0,0.0,0.0,0.0,0.0,0.0,0.0,0.0,0.0,0.0,0.0,1.75,0.78,5.65,0.39,0.58,0.0,0.19,0.0,0.0,0.0,0.0,0.0,0.0,0.19,38.57,31.17,7.4,80.81,20.84,10.32,2.92,0.0,0.0,0.97,25.0,8,5,462,0.0,0.0,0.0,1.17,8.96,0.19,4.09,67.74,3.12,72.73,0.97,55.56
245,1065588,Premier League,Brighton & Hove Albion,Diego Gómez,Midfielder,6.75,0.22,0.26,0.3,1.69,0.61,0.61,12.82,0.78,46.15,0.22,0.0,0.0,0.04,0.17,0.04,0.04,0.0,0.0,0.0,0.0,0.0,0.09,0.0,3.34,0.69,1.21,0.13,1.26,0.0,0.09,0.04,0.0,0.0,0.17,0.04,0.0,0.91,31.76,24.92,6.85,78.44,10.7,14.21,6.93,0.26,28.57,0.74,43.59,31,25,2077,0.39,0.0,2.08,0.43,12.48,1.17,6.76,49.37,4.51,45.81,2.25,58.43
246,1031258,Premier League,Brentford,Yehor Yarmoliuk,Midfielder,6.75,0.03,0.04,0.0,0.54,0.13,0.27,6.25,0.5,35.71,0.03,0.0,0.0,0.0,0.03,0.03,0.03,0.0,0.0,0.0,0.0,0.0,0.0,0.0,2.36,0.94,1.38,0.47,1.35,0.0,0.03,0.0,0.0,0.2,0.03,0.07,0.03,0.5,45.32,38.22,7.1,84.34,20.59,17.63,7.5,0.27,26.67,2.25,47.52,37,30,2675,0.24,0.0,1.24,0.4,11.04,0.77,4.34,45.74,3.26,43.3,1.08,55.17
247,999028,Premier League,Bournemouth,Adrien Truffert,Defender,6.75,0.03,0.04,0.03,0.45,0.17,0.14,6.25,0.84,44.12,0.03,0.0,0.0,0.03,0.0,0.0,0.0,0.0,0.0,0.0,0.0,0.0,0.0,0.0,2.59,1.32,3.94,0.28,0.79,0.03,0.06,0.0,0.0,0.31,0.11,0.08,0.0,0.76,41.4,34.51,6.89,83.36,16.17,18.34,9.45,0.9,23.19,1.01,31.03,36,36,3200,0.11,0.0,1.04,0.87,13.64,0.68,5.54,52.12,4.3,54.64,1.24,44.9
248,996911,Premier League,Chelsea,Levi Colwill,Defender,6.75,0.0,0.0,0.0,0.0,0.0,0.0,0.0,0.0,0.0,0.0,0.0,0.0,0.0,0.0,0.0,0.0,0.0,0.0,0.0,0.0,0.0,0.0,0.0,1.33,2.0,4.0,0.67,0.0,0.0,0.0,0.0,0.0,0.0,0.0,0.0,0.0,0.0,84.67,76.0,8.67,89.76,48.67,27.33,7.33,0.0,0.0,1.33,20.0,2,1,135,0.0,0.0,0.0,0.67,10.0,0.0,4.67,77.78,2.0,100.0,2.67,66.67
249,827243,Premier League,West Ham United,Axel Disasi,Defender,6.75,0.0,0.08,0.08,0.39,0.23,0.08,0.0,0.15,100.0,0.0,0.0,0.0,0.0,0.0,0.0,0.08,0.0,0.0,0.0,0.0,0.0,0.0,0.0,1.08,0.85,3.79,0.93,0.0,0.0,0.0,0.0,0.08,0.39,0.0,0.0,0.0,0.08,41.48,36.0,5.48,86.78,27.19,8.81,2.63,0.0,0.0,2.24,43.28,13,13,1165,0.08,0.0,0.39,0.23,6.33,0.15,2.86,66.07,1.47,73.08,1.39,60.0
250,986397,Premier League,Manchester United,Benjamin Šeško,Forward,6.75,0.61,0.51,0.66,3.36,1.87,0.94,18.03,0.55,33.33,0.61,0.0,0.06,0.06,0.44,0.17,0.39,0.0,0.0,0.0,0.0,0.0,0.0,0.0,0.28,0.17,0.83,0.11,0.17,0.0,0.0,0.0,0.0,0.06,0.0,0.06,0.0,0.5,16.84,11.61,5.23,68.95,4.35,7.27,3.52,0.0,0.0,0.22,66.67,30,17,1635,0.11,0.0,0.94,0.33,10.46,1.65,4.68,40.67,1.16,23.86,3.52,52.89
251,826167,Premier League,Leeds United,Sebastiaan Bornauw,Defender,6.74,0.0,0.0,0.0,0.0,0.0,0.0,0.0,0.21,50.0,0.0,0.0,0.0,0.0,0.0,0.0,0.21,0.0,0.0,0.0,0.0,0.0,0.0,0.0,1.64,1.03,6.16,1.23,0.62,0.0,0.0,0.0,0.0,0.0,0.0,0.0,0.0,0.0,30.0,24.86,5.14,82.88,17.88,6.99,1.85,0.21,100.0,2.26,55.0,11,5,438,0.21,0.0,1.44,0.0,6.58,0.21,4.11,41.67,1.85,42.86,2.26,40.74
252,871886,Premier League,Leeds United,Ao Tanaka,Midfielder,6.74,0.14,0.12,0.07,1.23,0.36,0.72,11.76,0.29,36.36,0.07,0.07,0.0,0.07,0.07,0.0,0.0,0.0,0.0,0.0,0.0,0.0,0.0,0.0,1.73,1.37,1.08,0.14,1.37,0.0,0.07,0.0,0.0,0.07,0.07,0.0,0.0,1.3,45.94,39.16,6.78,85.24,21.35,17.81,8.65,1.01,41.18,1.44,50.0,27,13,1248,0.07,0.0,0.94,0.65,10.75,0.5,3.53,46.23,2.67,45.68,0.87,48.0
253,873554,Premier League,Manchester City,Omar Marmoush,Forward,6.74,0.38,0.33,0.25,3.63,1.12,1.5,10.34,1.25,45.45,0.38,0.0,0.0,0.0,0.38,0.12,0.75,0.0,0.0,0.0,0.0,0.0,0.25,0.0,1.62,0.25,0.25,0.25,0.5,0.0,0.0,0.0,0.0,0.0,0.38,0.38,0.0,1.5,20.12,17.5,2.62,86.96,4.25,13.25,8.0,0.0,0.0,0.12,100.0,20,8,720,0.38,0.0,1.25,2.38,9.38,1.88,5.5,48.89,5.12,50.62,0.38,33.33
254,287643,Premier League,Nottingham Forest,Oleksandr Zinchenko,Defender,6.74,0.0,0.02,0.0,1.02,0.51,0.0,0.0,0.25,50.0,0.0,0.0,0.0,0.0,0.0,0.0,0.25,0.0,0.0,0.0,0.0,0.0,0.25,0.0,2.55,0.51,2.8,0.25,2.29,0.0,0.0,0.0,0.0,0.0,0.25,0.0,0.0,1.27,65.01,58.9,6.12,90.59,20.91,37.99,20.4,0.25,5.56,2.04,53.33,5,4,353,0.0,0.0,0.25,0.51,12.24,0.25,4.08,47.06,3.06,50.0,1.02,40.0
255,1009386,Premier League,Burnley,Hannibal Mejbri,Midfielder,6.74,0.08,0.05,0.0,1.29,0.32,0.32,6.25,1.45,60.0,0.08,0.0,0.0,0.0,0.08,0.0,0.24,0.0,0.0,0.0,0.0,0.0,0.08,0.0,2.18,0.64,0.48,0.24,0.97,0.0,0.16,0.08,0.0,0.08,0.4,0.32,0.0,1.45,36.42,28.12,8.3,77.21,8.7,19.42,11.84,0.73,32.14,1.29,39.02,25,13,1117,0.64,0.0,1.69,3.46,16.2,2.42,7.49,49.47,7.09,55.7,0.4,16.67
256,1069488,Premier League,Chelsea,Roméo Lavia,Midfielder,6.74,0.0,0.05,0.0,0.72,0.0,0.48,0.0,0.72,60.0,0.0,0.0,0.0,0.0,0.0,0.0,0.0,0.0,0.0,0.0,0.0,0.0,0.0,0.0,1.91,1.19,0.95,0.0,0.0,0.0,0.24,0.0,0.0,0.0,0.24,0.0,0.0,0.24,67.8,62.79,5.01,92.61,28.89,33.9,15.04,0.0,0.0,2.86,85.71,12,4,377,0.0,0.0,1.91,1.91,9.31,1.43,5.25,57.89,4.54,55.88,0.72,75.0
257,1401702,Premier League,Arsenal,Ethan Nwaneri,Midfielder,6.74,0.0,0.12,0.0,3.09,0.0,2.06,0.0,1.54,37.5,0.0,0.0,0.0,0.0,0.0,0.0,0.0,0.0,0.0,0.0,0.0,0.0,0.0,0.0,0.51,0.0,0.51,0.0,1.54,0.0,0.0,0.0,0.0,0.0,0.0,0.0,0.0,0.51,44.74,40.63,4.11,90.8,19.03,21.6,13.37,0.0,0.0,2.57,55.56,6,0,175,0.0,0.0,1.03,0.0,10.29,1.03,2.57,26.32,2.06,26.67,0.51,25.0
258,895576,Premier League,Bournemouth,Marcus Tavernier,Midfielder,6.74,0.21,0.31,0.28,2.36,0.81,0.91,8.96,1.27,42.86,0.14,0.07,0.0,0.18,0.04,0.14,0.14,0.0,0.07,0.07,100.0,0.04,0.21,16.67,1.3,0.53,1.34,0.18,0.6,0.0,0.0,0.0,0.0,0.14,0.21,0.14,0.04,1.62,36.06,30.05,6.02,83.32,8.48,21.57,13.33,0.6,16.35,0.95,38.57,32,29,2558,0.21,0.0,1.02,1.2,15.2,1.48,4.61,43.23,3.76,44.4,0.84,38.71
259,355796,Premier League,Crystal Palace,Jefferson Lerma,Midfielder,6.74,0.0,0.1,0.16,1.04,0.38,0.38,0.0,0.16,42.86,0.0,0.0,0.0,0.0,0.0,0.05,0.0,0.05,0.0,0.0,0.0,0.0,0.0,0.0,1.48,1.15,3.07,0.22,0.82,0.05,0.05,0.0,0.11,0.33,0.16,0.11,0.05,0.71,45.71,36.33,9.38,79.47,19.21,17.12,7.46,0.22,36.36,2.36,45.74,30,17,1640,0.38,0.0,1.37,1.32,13.28,0.49,6.42,54.17,2.96,50.47,3.46,57.8
260,856640,Premier League,West Ham United,Mads Hermansen,Goalkeeper,6.74,0.0,0.0,0.0,0.0,0.0,0.0,0.0,0.0,0.0,0.0,0.0,0.0,0.0,0.0,0.0,0.0,0.0,0.0,0.0,0.0,0.0,0.0,0.0,0.0,0.0,1.18,0.0,0.0,0.18,0.06,0.0,0.0,0.35,0.0,0.06,0.0,0.12,33.47,19.94,13.53,59.58,16.29,3.65,1.65,0.0,0.0,4.76,26.38,17,17,1530,0.0,0.0,0.0,0.12,13.76,0.0,0.65,100.0,0.06,100.0,0.59,100.0
261,959628,Premier League,Brighton & Hove Albion,Mats Wieffer,Defender,6.74,0.1,0.1,0.1,0.89,0.3,0.35,11.11,0.44,45.0,0.05,0.05,0.0,0.05,0.05,0.05,0.1,0.0,0.0,0.0,0.0,0.0,0.0,0.0,3.16,1.23,3.5,0.3,1.73,0.0,0.05,0.0,0.0,0.25,0.2,0.15,0.0,0.99,41.64,34.84,6.81,83.65,16.88,17.96,8.93,0.15,20.0,1.97,54.05,25,22,1824,0.39,0.0,1.43,1.09,11.6,1.09,6.66,48.74,4.64,49.21,2.02,47.67
262,958916,Premier League,Brentford,Nathan Collins,Defender,6.74,0.03,0.07,0.12,0.62,0.19,0.31,5.0,0.19,66.67,0.03,0.0,0.03,0.0,0.0,0.03,0.06,0.03,0.0,0.0,0.0,0.0,0.0,0.0,0.87,1.16,6.28,1.19,0.25,0.03,0.06,0.03,0.03,0.28,0.12,0.06,0.0,0.31,53.24,44.34,8.9,83.28,31.92,12.43,3.84,0.03,100.0,2.72,36.55,34,31,2882,0.19,0.0,0.59,0.53,9.99,0.31,4.28,55.02,1.59,56.67,2.69,54.09
263,855864,Premier League,Brentford,Ethan Pinnock,Defender,6.73,0.0,0.0,0.0,0.28,0.28,0.0,0.0,0.28,100.0,0.0,0.0,0.0,0.0,0.0,0.0,0.0,0.0,0.0,0.0,0.0,0.0,0.0,0.0,1.4,1.4,7.57,1.4,0.84,0.0,0.0,0.0,0.28,0.28,0.0,0.0,0.0,0.0,37.29,30.84,6.45,82.71,24.39,6.45,2.52,0.0,0.0,2.52,50.0,4,4,321,0.28,0.0,0.0,0.56,7.57,0.28,5.61,58.82,1.96,63.64,3.64,56.52
264,998247,Premier League,Tottenham Hotspur,Micky van de Ven,Defender,6.73,0.13,0.08,0.03,0.47,0.19,0.19,26.67,0.35,73.33,0.13,0.0,0.06,0.03,0.03,0.0,0.06,0.0,0.0,0.0,0.0,0.0,0.0,0.0,1.19,0.66,3.9,0.66,0.28,0.03,0.06,0.03,0.0,0.22,0.03,0.03,0.0,0.19,51.71,46.52,5.19,89.97,33.76,12.76,3.36,0.0,0.0,2.04,44.22,33,33,2863,0.25,0.03,0.75,0.66,6.26,0.16,3.52,55.45,2.2,63.64,1.32,45.65
265,1136731,Premier League,Manchester City,Rico Lewis,Defender,6.73,0.0,0.03,0.0,0.54,0.0,0.54,0.0,0.54,50.0,0.0,0.0,0.0,0.0,0.0,0.0,0.0,0.0,0.0,0.0,0.0,0.0,0.0,0.0,1.35,1.89,1.62,0.27,0.81,0.0,0.0,0.0,0.0,0.0,0.54,0.27,0.0,1.62,63.24,54.86,8.38,86.75,24.05,30.81,16.76,0.0,0.0,2.16,61.54,10,3,333,0.27,0.0,1.08,1.89,12.43,1.35,4.05,50.0,3.78,50.0,0.27,50.0
266,973431,Premier League,Leeds United,Brenden Aaronson,Midfielder,6.73,0.15,0.16,0.15,1.62,0.6,0.42,9.3,1.13,37.5,0.11,0.04,0.0,0.04,0.11,0.08,0.19,0.0,0.0,0.0,0.0,0.0,0.0,0.0,1.85,0.57,0.6,0.15,1.55,0.0,0.0,0.04,0.0,0.04,0.34,0.19,0.0,1.25,24.24,19.59,4.64,80.84,7.14,12.46,6.91,0.38,27.78,0.26,30.43,36,29,2384,0.08,0.0,0.72,1.89,13.33,2.72,5.74,40.11,4.87,41.88,0.87,32.39
267,1046795,Premier League,Manchester City,Savinho,Midfielder,6.73,0.12,0.28,0.75,2.12,1.37,0.5,5.88,1.75,31.11,0.12,0.0,0.0,0.12,0.0,0.0,0.5,0.12,0.0,0.0,0.0,0.0,0.0,0.0,1.12,0.62,0.75,0.0,0.25,0.0,0.0,0.0,0.0,0.25,0.0,0.12,0.0,0.75,41.76,34.65,7.11,82.99,7.11,27.55,17.2,0.87,20.0,0.62,31.25,22,6,722,0.25,0.0,1.0,1.25,18.57,0.87,4.11,38.82,4.11,40.74,0.0,0.0
268,322391,Premier League,Bournemouth,Ryan Christie,Midfielder,6.73,0.18,0.18,0.09,2.28,0.73,0.64,8.0,1.73,48.72,0.18,0.0,0.0,0.09,0.09,0.0,0.09,0.0,0.0,0.0,0.0,0.0,0.0,0.0,2.46,1.1,1.64,0.37,1.28,0.0,0.09,0.09,0.0,0.0,0.18,0.0,0.0,1.0,49.93,39.07,10.86,78.24,14.79,24.28,13.24,0.27,17.65,2.28,40.32,26,9,986,0.27,0.09,1.55,2.01,17.43,1.37,7.3,50.0,6.12,50.76,1.19,46.43
269,791190,Premier League,Tottenham Hotspur,Rodrigo Bentancur,Midfielder,6.73,0.05,0.04,0.05,0.68,0.16,0.31,7.69,0.84,61.54,0.05,0.0,0.0,0.0,0.05,0.0,0.05,0.0,0.0,0.0,0.0,0.0,0.0,0.0,2.67,1.67,2.41,0.37,0.42,0.0,0.05,0.05,0.0,0.26,0.05,0.05,0.0,0.52,47.46,40.5,6.96,85.34,21.77,18.73,7.48,0.05,14.29,0.89,42.5,24,21,1720,0.37,0.0,0.89,0.21,9.63,0.37,5.23,54.35,3.72,62.83,1.52,40.85
270,891829,Premier League,Brighton & Hove Albion,Matt O'Riley,Midfielder,6.73,0.44,0.53,0.44,1.77,0.89,0.89,25.0,0.0,0.0,0.44,0.0,0.0,0.44,0.0,0.0,0.44,0.0,0.44,0.44,100.0,0.0,0.0,0.0,2.22,0.0,0.89,0.44,1.33,0.0,0.0,0.0,0.0,0.0,0.0,0.0,0.0,1.77,31.03,27.04,3.99,87.14,13.74,13.3,7.98,1.77,57.14,0.44,33.33,6,2,203,0.0,0.0,0.89,0.44,9.75,0.44,3.55,40.0,2.66,46.15,0.89,28.57
271,848276,Premier League,Crystal Palace,Jean Philippe Mateta,Forward,6.73,0.45,0.58,0.81,2.53,1.26,0.98,17.74,0.57,45.16,0.45,0.0,0.16,0.12,0.16,0.04,0.73,0.04,0.16,0.16,100.0,0.0,0.0,0.0,0.41,0.24,1.87,0.24,0.37,0.0,0.04,0.0,0.0,0.2,0.08,0.0,0.0,0.37,12.83,7.99,4.85,62.22,2.77,5.22,2.73,0.2,45.45,0.45,61.11,31,25,2209,0.08,0.0,0.81,0.77,10.27,1.63,4.48,38.06,1.75,34.4,2.73,40.85
272,1170560,Premier League,West Ham United,Soungoutou Magassa,Midfielder,6.73,0.09,0.04,0.0,0.63,0.18,0.27,14.29,0.45,62.5,0.09,0.0,0.0,0.0,0.09,0.0,0.0,0.0,0.0,0.0,0.0,0.0,0.0,0.0,3.61,1.44,1.26,0.36,1.35,0.0,0.0,0.09,0.0,0.0,0.09,0.0,0.0,0.45,36.52,29.49,7.03,80.74,14.34,15.15,4.96,0.09,11.11,1.71,52.78,22,11,998,0.36,0.0,1.53,1.53,9.83,0.54,6.58,56.59,5.59,60.78,0.99,40.74
273,799041,Premier League,West Ham United,Tomáš Souček,Midfielder,6.73,0.21,0.21,0.17,0.97,0.51,0.25,21.74,0.17,36.36,0.21,0.0,0.04,0.04,0.08,0.04,0.21,0.0,0.0,0.0,0.0,0.0,0.0,0.0,1.82,0.68,3.39,0.55,1.02,0.0,0.0,0.0,0.0,0.21,0.04,0.0,0.0,0.47,36.34,28.08,8.26,77.27,14.48,13.6,6.52,0.0,0.0,1.31,43.06,34,23,2125,0.13,0.04,1.57,0.89,10.88,0.34,5.63,51.95,2.84,47.86,2.8,56.9
274,372336,Premier League,Newcastle United,Jacob Murphy,Forward,6.73,0.17,0.18,0.17,2.39,0.74,0.85,7.14,1.14,50.0,0.11,0.06,0.0,0.0,0.17,0.06,0.28,0.0,0.0,0.0,0.0,0.0,0.0,0.0,0.91,0.28,0.97,0.23,1.25,0.0,0.06,0.06,0.0,0.06,0.57,0.11,0.0,1.31,27.19,19.85,7.34,73.01,4.89,14.96,9.44,1.37,19.83,1.08,54.29,32,18,1582,0.11,0.0,0.51,0.68,17.41,1.08,3.07,40.6,2.73,41.38,0.34,35.29
275,970361,Premier League,Liverpool FC,Jeremie Frimpong,Defender,6.72,0.0,0.04,0.0,0.86,0.17,0.34,0.0,1.54,56.25,0.0,0.0,0.0,0.0,0.0,0.0,0.34,0.0,0.0,0.0,0.0,0.0,0.0,0.0,0.94,0.51,1.11,0.0,0.94,0.0,0.0,0.0,0.0,0.09,0.34,0.09,0.0,1.2,36.53,30.8,5.73,84.31,9.84,20.96,12.83,0.86,20.0,0.6,28.0,20,12,1052,0.09,0.0,0.68,1.8,14.54,1.45,4.88,49.57,4.28,50.51,0.6,43.75
276,989034,Premier League,Sunderland,Trai Hume,Defender,6.72,0.03,0.06,0.12,0.98,0.18,0.43,3.13,0.15,26.32,0.03,0.0,0.0,0.0,0.03,0.09,0.03,0.0,0.0,0.0,0.0,0.0,0.0,0.0,1.95,0.76,3.02,0.37,0.95,0.0,0.09,0.03,0.03,0.24,0.03,0.03,0.0,0.7,31.3,23.55,7.76,75.22,10.78,12.77,6.44,0.4,15.48,1.25,41.41,37,33,2947,0.27,0.0,0.95,1.19,13.32,0.24,5.25,53.09,3.27,56.02,1.99,48.87
277,856250,Premier League,Wolverhampton,Ladislav Krejčí,Defender,6.72,0.08,0.08,0.12,0.75,0.39,0.2,10.53,0.08,50.0,0.08,0.0,0.04,0.04,0.0,0.0,0.0,0.0,0.0,0.0,0.0,0.0,0.0,0.0,1.22,1.22,4.39,0.59,0.51,0.04,0.12,0.0,0.04,0.12,0.04,0.04,0.0,0.31,50.55,41.88,8.67,82.85,27.45,14.43,5.69,0.16,26.67,3.37,43.0,27,26,2295,0.12,0.04,1.25,0.27,10.75,0.31,3.92,50.0,1.53,42.39,2.39,56.48
278,828640,Premier League,Leeds United,Joe Rodon,Defender,6.72,0.06,0.04,0.03,0.57,0.22,0.22,11.11,0.03,50.0,0.06,0.0,0.06,0.0,0.0,0.06,0.03,0.0,0.0,0.0,0.0,0.0,0.0,0.0,1.1,0.88,5.66,0.69,0.31,0.03,0.06,0.0,0.0,0.19,0.03,0.0,0.0,0.25,44.51,38.92,5.6,87.43,26.12,12.79,4.06,0.09,50.0,1.16,39.78,34,32,2863,0.09,0.0,0.5,0.57,7.29,0.16,4.31,55.69,1.63,64.2,2.67,51.52
279,1090963,Premier League,Nottingham Forest,Omari Hutchinson,Midfielder,6.72,0.06,0.11,0.11,1.39,0.61,0.33,4.0,2.28,54.67,0.06,0.0,0.0,0.06,0.0,0.0,0.39,0.06,0.0,0.0,0.0,0.0,0.0,0.0,1.06,0.67,0.45,0.0,1.0,0.06,0.06,0.0,0.0,0.17,0.39,0.22,0.0,1.67,28.46,23.67,4.79,83.17,7.13,16.54,10.3,1.45,20.0,0.56,40.0,30,16,1616,0.06,0.0,1.17,1.34,16.6,1.56,4.9,41.51,4.62,45.36,0.28,17.24
280,1471764,Premier League,West Ham United,El Hadji Malick Diouf,Defender,6.71,0.0,0.02,0.0,0.62,0.14,0.31,0.0,0.76,47.83,0.0,0.0,0.0,0.0,0.0,0.0,0.07,0.0,0.0,0.0,0.0,0.0,0.0,0.0,1.48,1.06,3.85,0.41,0.45,0.0,0.07,0.07,0.0,0.17,0.17,0.17,0.03,1.0,34.03,25.24,8.79,74.17,12.71,12.53,5.53,0.96,27.72,1.89,30.39,31,29,2621,0.21,0.0,0.96,0.79,16.21,0.62,4.53,53.44,3.02,52.69,1.51,55.0
281,262911,Premier League,Liverpool FC,Andy Robertson,Defender,6.71,0.08,0.09,0.0,0.73,0.24,0.08,11.11,0.24,50.0,0.08,0.0,0.0,0.08,0.0,0.0,0.41,0.0,0.0,0.0,0.0,0.0,0.0,0.0,0.98,0.57,2.36,0.24,0.33,0.08,0.0,0.0,0.0,0.24,0.24,0.0,0.0,1.47,54.33,45.29,9.04,83.36,17.76,27.53,16.29,0.9,22.0,2.04,39.68,23,10,1105,0.0,0.0,0.33,0.08,14.58,0.08,2.36,51.79,1.3,57.14,1.06,46.43
282,1048888,Premier League,Tottenham Hotspur,Mathys Tel,Forward,6.71,0.3,0.17,0.23,2.33,0.6,1.05,12.9,2.79,49.33,0.23,0.08,0.0,0.0,0.3,0.08,0.23,0.0,0.0,0.0,0.0,0.0,0.0,0.0,1.36,0.38,0.75,0.08,0.75,0.08,0.0,0.08,0.0,0.0,0.23,0.08,0.0,1.88,22.37,17.25,5.12,77.1,6.18,11.07,7.0,1.88,29.41,0.83,50.0,29,11,1195,0.08,0.0,1.21,1.58,18.98,2.49,6.78,41.47,5.72,44.19,1.05,31.11
283,930997,Premier League,Liverpool FC,Giorgi Mamardashvili,Goalkeeper,6.71,0.0,0.0,0.0,0.0,0.0,0.0,0.0,0.0,0.0,0.0,0.0,0.0,0.0,0.0,0.0,0.0,0.0,0.0,0.0,0.0,0.0,0.0,0.0,0.1,0.1,0.93,0.0,0.1,0.0,0.1,0.1,0.0,0.21,0.0,0.0,0.0,0.0,29.76,20.94,8.81,70.38,19.29,1.66,0.73,0.0,0.0,3.73,30.25,10,10,868,0.0,0.0,0.1,0.21,9.64,0.0,0.52,62.5,0.31,60.0,0.21,66.67
284,904970,Premier League,Tottenham Hotspur,Conor Gallagher,Midfielder,6.71,0.09,0.06,0.18,0.79,0.26,0.35,11.11,0.97,68.75,0.0,0.09,0.0,0.0,0.09,0.0,0.09,0.0,0.0,0.0,0.0,0.0,0.0,0.0,1.67,1.41,0.35,0.35,1.05,0.0,0.09,0.0,0.0,0.0,0.09,0.09,0.0,0.97,38.67,31.99,6.68,82.73,14.41,17.58,8.7,0.53,28.57,1.67,63.33,14,12,1024,0.18,0.0,1.85,1.67,11.34,0.7,4.92,49.56,4.22,52.17,0.7,38.1
285,895324,Premier League,Liverpool FC,Alexis Mac Allister,Midfielder,6.71,0.07,0.12,0.07,1.67,0.38,0.66,4.17,0.35,40.0,0.07,0.0,0.0,0.0,0.07,0.07,0.0,0.0,0.0,0.0,0.0,0.0,0.0,0.0,1.74,0.73,1.18,0.31,1.36,0.0,0.03,0.0,0.0,0.21,0.14,0.14,0.03,1.15,48.71,42.2,6.51,86.63,15.56,26.63,12.43,0.31,47.37,1.67,51.06,36,30,2585,0.21,0.0,1.15,1.08,9.78,0.97,3.73,44.77,3.17,44.83,0.56,44.44
286,867441,Premier League,Wolverhampton,Angel Gomes,Midfielder,6.71,0.0,0.06,0.0,1.28,0.43,0.85,0.0,0.64,60.0,0.0,0.0,0.0,0.0,0.0,0.21,0.0,0.0,0.0,0.0,0.0,0.0,0.43,0.0,1.71,0.0,0.64,0.43,0.43,0.0,0.0,0.0,0.0,0.0,0.0,0.0,0.0,0.85,35.62,30.71,4.91,86.23,14.93,15.78,9.17,0.43,18.18,2.13,66.67,11,6,422,0.21,0.0,1.28,1.71,10.66,0.85,4.05,54.29,4.05,57.58,0.0,0.0
287,911679,Premier League,Leeds United,Ilia Gruev,Midfielder,6.71,0.0,0.03,0.07,0.47,0.07,0.34,0.0,0.4,85.71,0.0,0.0,0.0,0.0,0.0,0.0,0.0,0.0,0.0,0.0,0.0,0.0,0.0,0.0,1.62,1.01,1.28,0.4,1.28,0.0,0.0,0.0,0.0,0.13,0.13,0.2,0.0,0.74,39.4,35.28,4.12,89.55,21.72,13.56,5.4,0.27,26.67,1.28,67.86,23,15,1334,0.2,0.0,1.08,0.61,6.41,0.34,3.51,46.02,2.56,48.1,0.94,41.18
288,791,Premier League,Brighton & Hove Albion,James Milner,Midfielder,6.71,0.12,0.12,0.0,0.97,0.24,0.48,12.5,0.12,50.0,0.12,0.0,0.0,0.0,0.12,0.0,0.12,0.0,0.12,0.12,100.0,0.0,0.0,0.0,1.7,0.73,2.18,0.12,0.85,0.12,0.0,0.0,0.0,0.24,0.12,0.12,0.0,0.97,53.54,46.27,7.27,86.43,21.56,24.71,11.51,0.73,42.86,2.18,40.0,19,6,743,0.24,0.0,1.33,0.36,9.69,0.36,2.91,42.86,2.18,45.0,0.73,37.5
289,372344,Premier League,Leeds United,Dominic Calvert-Lewin,Forward,6.7,0.47,0.52,0.64,2.44,1.12,1.08,19.44,0.27,26.67,0.47,0.0,0.1,0.03,0.3,0.1,0.85,0.07,0.17,0.14,80.0,0.0,0.0,0.0,0.34,0.1,1.22,0.3,0.14,0.0,0.03,0.0,0.0,0.14,0.07,0.03,0.0,0.61,15.07,8.67,6.4,57.53,2.24,6.44,4.23,0.03,10.0,0.17,50.0,34,29,2657,0.1,0.0,1.49,1.25,11.92,0.95,6.16,39.74,1.86,37.67,4.3,40.71
290,33902,Premier League,Brighton & Hove Albion,Danny Welbeck,Forward,6.7,0.53,0.51,0.45,2.28,1.14,0.73,23.21,0.45,42.31,0.45,0.08,0.08,0.12,0.33,0.04,0.2,0.0,0.12,0.04,33.33,0.04,0.12,33.33,0.98,0.37,1.22,0.0,0.53,0.04,0.04,0.0,0.0,0.04,0.16,0.04,0.0,0.81,19.43,15.4,4.03,79.25,6.27,9.13,5.66,0.0,0.0,0.2,55.56,36,25,2209,0.2,0.0,1.14,0.41,7.66,0.77,2.61,36.99,1.83,38.14,0.77,34.55
292,1050692,Premier League,Brighton & Hove Albion,Diego Coppola,Defender,6.7,0.0,0.0,0.0,0.0,0.0,0.0,0.0,0.45,100.0,0.0,0.0,0.0,0.0,0.0,0.0,0.0,0.0,0.0,0.0,0.0,0.0,0.0,0.0,0.9,0.45,5.82,0.9,0.9,0.0,0.0,0.0,0.0,0.45,0.0,0.0,0.0,0.0,51.04,45.22,5.82,88.6,28.66,16.57,4.48,0.0,0.0,0.9,25.0,5,2,201,0.9,0.0,1.79,0.0,6.72,0.0,5.82,48.15,1.34,33.33,4.48,55.56
293,69256,Premier League,Newcastle United,Kieran Trippier,Defender,6.7,0.0,0.0,0.0,0.11,0.0,0.11,0.0,0.23,40.0,0.0,0.0,0.0,0.0,0.0,0.06,0.06,0.0,0.0,0.0,0.0,0.0,0.11,0.0,1.47,0.57,2.71,0.06,1.58,0.0,0.06,0.0,0.0,0.23,0.06,0.06,0.0,1.58,59.98,48.67,11.31,81.15,21.88,26.8,15.77,1.92,34.0,2.77,39.52,21,18,1592,0.17,0.0,1.24,1.07,17.19,0.34,4.07,45.57,2.71,43.64,1.36,50.0
294,846252,Premier League,Nottingham Forest,Ryan Yates,Midfielder,6.7,0.0,0.05,0.15,1.19,0.15,0.45,0.0,0.15,50.0,0.0,0.0,0.0,0.0,0.0,0.0,0.0,0.0,0.0,0.0,0.0,0.0,0.0,0.0,2.09,1.34,3.13,0.45,0.75,0.0,0.0,0.0,0.0,0.0,0.0,0.3,0.0,0.75,36.66,28.76,7.9,78.46,14.9,13.86,8.2,0.3,50.0,0.6,33.33,21,2,604,0.45,0.0,1.94,1.94,10.58,0.89,6.85,57.5,4.17,53.85,2.68,64.29
296,1048916,Premier League,Burnley,Lesley Ugochukwu,Midfielder,6.7,0.12,0.09,0.04,0.89,0.33,0.24,13.64,0.57,46.67,0.12,0.0,0.08,0.04,0.0,0.0,0.04,0.0,0.0,0.0,0.0,0.0,0.0,0.0,1.99,0.73,0.89,0.81,0.77,0.04,0.0,0.04,0.0,0.04,0.0,0.04,0.0,0.37,29.65,24.56,5.08,82.85,10.94,13.62,6.18,0.04,16.67,0.94,56.1,33,25,2213,0.04,0.04,1.1,1.1,8.38,1.22,4.6,48.5,3.62,50.0,0.98,43.64
298,998253,Premier League,Everton,Jake O'Brien,Defender,6.7,0.03,0.05,0.03,0.38,0.18,0.12,7.69,0.18,30.0,0.03,0.0,0.03,0.0,0.0,0.03,0.12,0.0,0.0,0.0,0.0,0.0,0.0,0.0,1.64,0.44,4.13,0.47,0.21,0.03,0.06,0.03,0.0,0.26,0.0,0.03,0.0,0.47,31.03,22.96,8.06,74.01,12.35,10.62,5.13,0.38,26.53,1.17,30.77,36,34,3069,0.15,0.03,0.62,0.44,13.75,0.62,5.51,61.44,2.23,55.07,3.28,66.67
299,876643,Premier League,Everton,Vitaliy Mykolenko,Defender,6.7,0.0,0.01,0.0,0.28,0.06,0.13,0.0,0.31,34.48,0.0,0.0,0.0,0.0,0.0,0.0,0.0,0.0,0.0,0.0,0.0,0.0,0.0,0.0,1.51,0.94,4.45,0.28,0.88,0.03,0.0,0.0,0.03,0.28,0.03,0.03,0.03,0.69,36.03,28.69,7.34,79.63,11.89,16.81,9.19,0.63,21.98,1.57,31.85,32,32,2870,0.19,0.0,0.88,0.85,14.77,0.34,4.2,52.96,2.67,50.6,1.54,57.65
301,143040,Premier League,Liverpool FC,Wataru Endo,Midfielder,6.7,0.0,0.02,0.0,0.44,0.0,0.0,0.0,0.0,0.0,0.0,0.0,0.0,0.0,0.0,0.0,0.0,0.0,0.0,0.0,0.0,0.0,0.0,0.0,3.06,0.0,5.68,0.0,0.87,0.0,0.0,0.0,0.0,0.0,0.0,0.44,0.0,0.44,41.07,34.95,6.12,85.11,18.35,16.6,7.86,0.0,0.0,2.18,83.33,8,1,206,0.44,0.0,0.87,1.31,11.8,0.44,7.86,64.29,4.37,62.5,3.5,66.67
302,846425,Premier League,Manchester United,Manuel Ugarte,Midfielder,6.69,0.0,0.07,0.1,1.3,0.1,0.7,0.0,0.7,70.0,0.0,0.0,0.0,0.0,0.0,0.0,0.0,0.0,0.0,0.0,0.0,0.0,0.0,0.0,4.6,2.0,2.0,0.5,1.6,0.0,0.1,0.0,0.0,0.1,0.0,0.0,0.0,0.3,50.2,42.7,7.5,85.06,19.8,22.9,9.7,0.0,0.0,1.3,48.15,22,8,900,0.1,0.0,2.4,1.5,10.4,1.1,7.9,53.38,6.8,55.74,1.1,42.31
303,192442,Premier League,Fulham,Raúl Jiménez,Forward,6.69,0.37,0.47,0.37,3.0,0.78,1.36,12.33,0.41,37.04,0.37,0.0,0.16,0.0,0.21,0.08,0.78,0.08,0.16,0.16,100.0,0.0,0.25,0.0,1.4,0.33,1.23,0.12,0.78,0.04,0.0,0.0,0.0,0.08,0.08,0.12,0.0,1.03,21.22,13.49,7.73,63.57,5.47,8.02,4.44,0.08,28.57,0.62,60.0,35,27,2188,0.21,0.0,1.85,1.4,12.34,1.11,6.62,42.37,3.17,44.25,3.46,40.78
304,190839,Premier League,Manchester United,Luke Shaw,Defender,6.69,0.03,0.02,0.0,0.26,0.09,0.06,11.11,0.26,47.37,0.03,0.0,0.0,0.03,0.0,0.0,0.0,0.0,0.0,0.0,0.0,0.0,0.0,0.0,2.06,1.23,2.69,0.26,0.46,0.0,0.06,0.0,0.0,0.14,0.03,0.03,0.0,0.46,48.1,41.7,6.4,86.69,21.92,19.78,8.69,0.26,16.98,1.63,48.72,37,37,3149,0.26,0.0,1.4,0.57,9.77,0.14,4.72,55.93,2.89,56.11,1.83,55.65
305,329417,Premier League,Fulham,Timothy Castagne,Defender,6.69,0.0,0.07,0.05,0.66,0.3,0.15,0.0,0.1,40.0,0.0,0.0,0.0,0.0,0.0,0.0,0.05,0.05,0.0,0.0,0.0,0.0,0.0,0.0,1.92,1.46,3.18,0.51,0.25,0.0,0.05,0.0,0.0,0.1,0.15,0.0,0.0,0.86,38.59,33.18,5.4,85.99,19.29,13.89,7.47,0.76,31.91,1.57,54.39,29,19,1782,0.2,0.0,0.91,0.51,8.79,0.1,3.84,56.3,2.53,64.1,1.31,45.61
306,1008456,Premier League,Burnley,Oliver Sonne,Defender,6.68,0.55,0.3,0.0,1.64,0.55,1.09,33.33,0.55,33.33,0.55,0.0,0.0,0.55,0.0,0.0,0.0,0.0,0.0,0.0,0.0,0.0,0.0,0.0,1.09,0.55,2.18,0.0,0.55,0.0,0.0,0.0,0.0,0.0,0.0,0.0,0.0,0.55,32.18,21.27,10.91,66.1,8.73,12.55,8.18,0.55,20.0,1.64,42.86,7,1,165,0.0,0.0,2.18,0.0,16.91,0.55,4.36,44.44,1.64,27.27,2.73,71.43
307,975937,Premier League,Newcastle United,Jacob Ramsey,Midfielder,6.68,0.13,0.08,0.07,1.05,0.26,0.39,12.5,0.98,53.57,0.07,0.07,0.0,0.07,0.07,0.0,0.13,0.0,0.0,0.0,0.0,0.0,0.0,0.0,2.36,0.59,0.52,0.2,0.72,0.0,0.07,0.07,0.0,0.07,0.13,0.2,0.0,1.44,42.81,38.68,4.12,90.37,15.45,23.24,12.89,0.26,44.44,0.85,68.42,27,14,1375,0.2,0.07,1.05,0.85,7.46,0.79,4.78,54.89,4.19,57.14,0.59,42.86
308,1128532,Premier League,Sunderland,Habib Diarra,Midfielder,6.68,0.13,0.21,0.13,1.57,0.52,0.85,8.33,0.39,27.27,0.13,0.0,0.0,0.0,0.13,0.0,0.13,0.07,0.07,0.07,100.0,0.0,0.0,0.0,0.91,0.26,0.85,0.0,0.46,0.0,0.07,0.0,0.0,0.26,0.07,0.13,0.0,0.39,28.02,22.99,5.03,82.05,9.54,13.45,7.97,0.26,13.79,0.26,26.67,19,15,1378,0.33,0.0,1.24,1.7,9.47,0.85,3.66,45.16,3.0,45.54,0.65,43.48
309,877013,Premier League,West Ham United,Valentín Castellanos,Forward,6.68,0.34,0.34,0.55,3.17,1.38,1.24,10.87,0.14,16.67,0.28,0.07,0.14,0.0,0.21,0.21,0.62,0.0,0.0,0.0,0.0,0.0,0.07,0.0,0.76,0.34,1.38,0.14,0.55,0.0,0.0,0.0,0.0,0.07,0.07,0.0,0.0,0.83,16.46,10.6,5.85,64.44,3.1,7.51,4.82,0.14,33.33,0.07,14.29,17,16,1307,0.41,0.0,2.07,0.83,9.64,0.76,3.51,35.66,1.72,30.12,1.79,43.33
310,1416535,Premier League,Brighton & Hove Albion,Charalampos Kostoulas,Forward,6.68,0.51,0.49,0.51,4.56,2.03,1.77,11.11,2.54,40.0,0.51,0.0,0.25,0.0,0.25,0.0,1.01,0.0,0.0,0.0,0.0,0.0,0.0,0.0,2.79,0.25,1.01,0.0,1.01,0.0,0.0,0.0,0.0,0.0,0.76,0.25,0.0,2.03,29.92,22.31,7.61,74.58,6.85,15.46,9.89,0.0,0.0,0.25,25.0,20,2,355,0.51,0.0,1.77,1.77,20.54,2.54,12.17,45.71,7.1,44.44,5.07,47.62
311,831424,Premier League,Sunderland,Reinildo Mandava,Defender,6.68,0.0,0.01,0.0,0.19,0.0,0.1,0.0,0.72,57.69,0.0,0.0,0.0,0.0,0.0,0.0,0.05,0.05,0.0,0.0,0.0,0.0,0.0,0.0,1.68,1.44,3.74,0.67,0.62,0.05,0.0,0.05,0.0,0.29,0.0,0.05,0.0,0.29,37.55,32.28,5.27,85.97,16.96,15.33,6.18,0.19,17.39,1.1,35.94,24,22,1879,0.34,0.05,1.48,1.68,9.63,0.62,5.6,55.45,3.98,55.7,1.63,54.84
312,1142315,Premier League,Brighton & Hove Albion,Jack Hinshelwood,Midfielder,6.68,0.21,0.26,0.32,1.99,0.81,0.75,10.81,0.16,33.33,0.16,0.05,0.05,0.05,0.11,0.11,0.11,0.0,0.0,0.0,0.0,0.0,0.0,0.0,0.97,0.27,1.34,0.27,0.59,0.0,0.11,0.0,0.05,0.05,0.11,0.16,0.0,0.75,33.19,27.49,5.69,82.85,12.67,14.82,7.79,0.0,0.0,0.48,37.5,26,19,1676,0.0,0.0,1.77,0.59,8.43,0.48,2.36,35.48,1.72,35.96,0.64,34.29
313,803185,Premier League,Leeds United,Lukas Nmecha,Forward,6.67,0.54,0.61,0.54,2.6,1.44,0.72,20.69,0.36,40.0,0.54,0.0,0.0,0.09,0.45,0.09,0.27,0.0,0.27,0.18,66.67,0.0,0.0,0.0,0.99,0.27,0.99,0.09,0.27,0.0,0.0,0.0,0.0,0.0,0.09,0.09,0.0,0.81,17.34,11.23,6.11,64.77,3.95,7.28,4.13,0.0,0.0,0.45,83.33,30,9,1002,0.0,0.0,1.44,1.44,11.95,1.44,5.39,40.54,2.6,42.65,2.78,38.75
314,980623,Premier League,Newcastle United,Nick Woltemade,Forward,6.67,0.39,0.32,0.29,1.55,0.63,0.53,25.0,0.63,39.39,0.39,0.0,0.1,0.0,0.29,0.1,0.39,0.0,0.05,0.05,100.0,0.0,0.0,0.0,1.11,0.24,1.02,0.1,0.53,0.0,0.0,0.0,0.05,0.05,0.24,0.15,0.0,0.97,17.4,13.1,4.3,75.28,4.25,8.85,5.17,0.0,0.0,0.34,50.0,32,23,1862,0.0,0.0,0.97,0.92,10.15,2.03,4.35,37.97,2.66,37.67,1.69,38.46
315,839410,Premier League,Newcastle United,Aaron Ramsdale,Goalkeeper,6.67,0.0,0.0,0.0,0.0,0.0,0.0,0.0,0.0,0.0,0.0,0.0,0.0,0.0,0.0,0.0,0.0,0.0,0.0,0.0,0.0,0.0,0.0,0.0,0.0,0.0,0.9,0.0,0.0,0.0,0.09,0.0,0.0,0.09,0.0,0.0,0.0,0.09,35.89,23.96,11.93,66.75,20.01,3.95,1.44,0.0,0.0,4.94,29.73,12,11,1003,0.18,0.0,0.0,0.09,12.11,0.0,0.54,75.0,0.09,100.0,0.45,71.43
316,875360,Premier League,Burnley,Hjalmar Ekdal,Defender,6.67,0.0,0.02,0.06,0.35,0.06,0.18,0.0,0.12,50.0,0.0,0.0,0.0,0.0,0.0,0.0,0.12,0.0,0.0,0.0,0.0,0.0,0.0,0.0,1.4,0.7,7.31,0.76,0.23,0.06,0.06,0.0,0.0,0.12,0.0,0.0,0.0,0.23,39.82,33.86,5.96,85.02,24.68,9.18,2.22,0.0,0.0,1.75,38.46,19,17,1539,0.0,0.0,0.29,0.41,6.78,0.23,4.85,63.85,1.81,67.39,3.04,61.9
317,979144,Premier League,Nottingham Forest,Luca Netz,Defender,6.67,0.0,0.0,0.0,0.0,0.0,0.0,0.0,0.55,50.0,0.0,0.0,0.0,0.0,0.0,0.0,0.0,0.0,0.0,0.0,0.0,0.0,0.0,0.0,3.29,0.55,2.2,0.82,0.55,0.0,0.0,0.0,0.0,0.0,0.0,0.0,0.0,0.55,24.7,20.85,3.84,84.44,12.35,8.51,5.49,0.0,0.0,1.1,44.44,6,3,328,0.0,0.0,1.37,0.55,6.31,0.0,4.66,48.57,4.39,64.0,0.27,10.0
318,794939,Premier League,Chelsea,Marc Cucurella,Defender,6.67,0.04,0.08,0.04,0.71,0.21,0.28,5.0,0.04,33.33,0.04,0.0,0.04,0.0,0.0,0.0,0.14,0.0,0.0,0.0,0.0,0.0,0.0,0.0,1.78,1.1,3.06,0.28,0.68,0.0,0.04,0.0,0.0,0.32,0.21,0.14,0.0,1.39,49.59,43.79,5.8,88.31,21.56,22.23,11.38,0.46,32.5,1.49,49.41,32,29,2530,0.25,0.04,1.57,0.92,8.68,0.21,3.98,52.58,2.7,52.05,1.28,53.73
319,1013928,Premier League,Wolverhampton,Hugo Bueno,Defender,6.67,0.04,0.03,0.0,0.57,0.23,0.23,6.67,1.18,40.26,0.0,0.04,0.0,0.04,0.0,0.0,0.11,0.0,0.0,0.0,0.0,0.0,0.04,0.0,2.56,1.45,2.56,0.15,1.3,0.0,0.08,0.04,0.0,0.11,0.23,0.08,0.0,1.45,32.24,25.98,6.26,80.59,13.7,12.28,6.79,2.21,34.94,0.95,34.25,34,26,2359,0.11,0.0,0.69,0.92,16.18,1.22,5.38,48.12,4.65,48.61,0.72,45.24
320,851100,Premier League,Aston Villa,Jadon Sancho,Midfielder,6.67,0.0,0.06,0.1,1.01,0.3,0.1,0.0,1.62,55.17,0.0,0.0,0.0,0.0,0.0,0.0,0.3,0.0,0.0,0.0,0.0,0.0,0.0,0.0,0.71,0.2,0.91,0.0,0.71,0.1,0.1,0.0,0.0,0.0,0.3,0.2,0.0,2.12,38.18,31.92,6.26,83.6,7.98,23.94,17.07,0.3,13.04,0.2,66.67,23,9,891,0.0,0.0,0.3,0.2,12.93,0.91,2.83,42.42,2.53,43.86,0.3,33.33
321,855845,Premier League,Burnley,Florentino Luís,Midfielder,6.67,0.0,0.03,0.09,0.51,0.05,0.32,0.0,0.32,33.33,0.0,0.0,0.0,0.0,0.0,0.0,0.05,0.0,0.0,0.0,0.0,0.0,0.0,0.0,3.83,1.66,2.35,0.55,1.62,0.05,0.14,0.05,0.0,0.05,0.0,0.09,0.0,0.55,44.49,37.98,6.51,85.37,20.17,17.82,7.29,0.05,11.11,1.75,63.33,29,23,1950,0.28,0.0,1.75,0.37,9.42,0.69,5.54,48.58,4.52,49.0,1.02,46.81
322,143334,Premier League,Aston Villa,Victor Lindelöf,Defender,6.67,0.0,0.03,0.1,0.3,0.0,0.3,0.0,0.0,0.0,0.0,0.0,0.0,0.0,0.0,0.0,0.0,0.0,0.0,0.0,0.0,0.0,0.0,0.0,0.59,0.69,3.06,0.49,0.2,0.0,0.0,0.0,0.0,0.1,0.1,0.1,0.0,0.2,57.63,54.18,3.45,94.01,40.07,14.11,4.54,0.0,0.0,1.18,50.0,16,10,912,0.0,0.0,0.2,0.1,3.85,0.2,1.78,60.0,0.69,53.85,1.09,64.71
323,991604,Premier League,Brentford,Fabio Carvalho,Forward,6.66,0.7,0.49,0.0,1.41,0.7,0.7,50.0,0.7,33.33,0.7,0.0,0.0,0.0,0.7,0.0,0.0,0.0,0.0,0.0,0.0,0.0,0.0,0.0,2.11,0.0,0.0,0.0,0.0,0.0,0.0,0.0,0.0,0.0,0.0,0.0,0.0,0.0,17.58,14.06,3.52,80.0,7.03,7.03,3.52,0.7,20.0,1.41,100.0,6,1,128,0.0,0.0,0.0,0.0,9.84,0.7,3.52,45.45,2.81,57.14,0.7,25.0
324,904827,Premier League,Chelsea,Benoît Badiashile,Defender,6.66,0.0,0.0,0.0,0.0,0.0,0.0,0.0,0.0,0.0,0.0,0.0,0.0,0.0,0.0,0.0,0.0,0.0,0.0,0.0,0.0,0.0,0.0,0.0,1.34,1.91,5.16,0.76,0.19,0.19,0.19,0.0,0.0,0.0,0.0,0.0,0.0,0.0,83.89,77.96,5.92,92.94,58.85,19.11,4.78,0.0,0.0,3.63,55.88,8,6,471,0.38,0.0,1.15,0.38,6.69,0.0,3.25,53.13,1.72,60.0,1.53,47.06
325,823085,Premier League,West Ham United,Kyle Walker-Peters,Defender,6.66,0.07,0.08,0.0,0.34,0.21,0.14,20.0,1.1,66.67,0.07,0.0,0.0,0.0,0.07,0.0,0.07,0.0,0.0,0.0,0.0,0.0,0.0,0.0,3.03,0.62,2.27,0.28,0.69,0.07,0.0,0.0,0.0,0.21,0.07,0.0,0.0,0.48,39.62,33.97,5.65,85.74,14.26,19.71,10.27,0.07,5.26,0.96,36.84,22,14,1306,0.14,0.0,0.76,1.65,10.41,1.1,6.62,60.76,5.79,66.14,0.83,38.71
326,867445,Premier League,Fulham,Emile Smith Rowe,Midfielder,6.66,0.14,0.23,0.24,1.68,0.48,0.67,8.57,0.67,48.28,0.14,0.0,0.05,0.0,0.1,0.05,0.14,0.0,0.0,0.0,0.0,0.0,0.0,0.0,1.59,1.06,0.82,0.05,0.29,0.0,0.1,0.0,0.0,0.0,0.05,0.0,0.0,0.87,43.29,39.4,3.9,91.0,15.25,24.15,13.66,0.05,7.69,0.38,61.54,36,21,1871,0.05,0.0,0.43,0.77,8.8,1.44,3.32,49.29,2.98,51.67,0.34,35.0
327,855731,Premier League,Bournemouth,David Brooks,Midfielder,6.66,0.07,0.39,0.67,3.43,0.89,1.27,2.17,1.27,41.46,0.07,0.0,0.0,0.07,0.0,0.07,0.15,0.0,0.0,0.0,0.0,0.0,0.15,0.0,1.34,0.3,1.12,0.0,1.49,0.0,0.0,0.0,0.0,0.0,0.6,0.22,0.0,1.86,32.88,25.43,7.46,77.32,6.26,19.16,12.15,0.82,18.64,0.89,46.15,30,13,1207,0.52,0.0,0.82,0.97,16.4,0.75,4.03,41.22,3.58,42.48,0.45,33.33
328,795066,Premier League,Burnley,Marcus Edwards,Forward,6.66,0.09,0.13,0.17,1.87,0.51,0.6,4.55,1.11,35.14,0.09,0.0,0.0,0.09,0.0,0.09,0.09,0.0,0.0,0.0,0.0,0.0,0.34,0.0,0.94,0.17,0.34,0.0,1.45,0.0,0.0,0.0,0.0,0.0,0.43,0.26,0.0,1.53,27.39,22.46,4.93,81.99,6.04,16.42,10.8,0.34,21.05,0.51,50.0,22,11,1058,0.0,0.0,0.6,1.53,14.38,2.38,3.74,34.92,3.57,36.21,0.17,20.0
329,894733,Premier League,Wolverhampton,Marshall Munetsi,Midfielder,6.65,0.1,0.17,0.0,1.44,0.62,0.62,7.14,0.51,55.56,0.1,0.0,0.1,0.0,0.0,0.1,0.41,0.0,0.0,0.0,0.0,0.0,0.0,0.0,2.16,0.72,3.08,0.21,0.92,0.0,0.0,0.0,0.0,0.0,0.1,0.1,0.0,0.31,17.34,10.98,6.36,63.31,2.67,8.31,4.82,0.31,21.43,0.62,50.0,13,9,877,0.21,0.0,1.95,1.03,11.49,1.13,6.67,45.77,3.59,44.87,3.08,46.88
330,1153315,Premier League,Manchester United,Leny Yoro,Defender,6.65,0.0,0.07,0.1,0.47,0.16,0.26,0.0,0.1,66.67,0.0,0.0,0.0,0.0,0.0,0.0,0.1,0.0,0.0,0.0,0.0,0.0,0.0,0.0,1.61,1.56,4.36,0.52,0.42,0.0,0.16,0.05,0.0,0.05,0.0,0.0,0.0,0.21,51.18,45.26,5.92,88.43,27.49,17.77,6.81,0.05,33.33,1.87,48.0,31,18,1732,0.05,0.0,0.83,0.26,7.43,0.26,4.26,56.16,1.97,55.88,2.29,56.41
331,962364,Premier League,Nottingham Forest,Lorenzo Lucca,Forward,6.65,0.67,0.53,0.67,2.67,0.67,2.0,25.0,0.0,0.0,0.67,0.0,0.67,0.0,0.0,0.0,1.33,0.0,0.0,0.0,0.0,0.0,0.0,0.0,0.0,0.67,2.0,0.0,0.0,0.0,0.0,0.0,0.0,0.0,0.0,0.0,0.0,0.67,10.67,6.0,4.67,56.25,2.0,4.0,2.0,0.0,0.0,0.0,0.0,4,1,135,0.0,0.0,0.67,1.33,10.0,2.0,4.67,43.75,1.33,28.57,3.33,55.56
332,998951,Premier League,Leeds United,Wilfried Gnonto,Forward,6.65,0.0,0.07,0.0,1.75,0.0,1.05,0.0,0.88,35.71,0.0,0.0,0.0,0.0,0.0,0.0,0.0,0.18,0.0,0.0,0.0,0.0,0.0,0.0,3.15,0.53,2.1,0.0,0.7,0.0,0.0,0.0,0.0,0.0,0.18,0.18,0.0,1.58,35.72,27.67,8.05,77.45,9.63,18.04,12.26,0.35,10.53,1.05,75.0,22,4,514,0.53,0.0,1.23,1.93,16.98,1.58,6.13,45.45,5.95,53.97,0.18,7.14
333,1140599,Premier League,Chelsea,Jamie Gittens,Midfielder,6.65,0.0,0.15,0.18,1.82,0.36,0.36,0.0,2.36,61.9,0.0,0.0,0.0,0.0,0.0,0.0,0.36,0.0,0.0,0.0,0.0,0.0,0.0,0.0,1.45,0.36,0.55,0.18,0.55,0.0,0.0,0.0,0.0,0.18,0.36,0.36,0.0,1.64,27.09,21.45,5.64,79.19,5.64,15.82,8.91,0.55,23.08,0.55,75.0,16,5,495,0.0,0.0,1.09,1.45,12.36,0.73,5.82,54.24,5.27,59.18,0.55,30.0
334,946695,Premier League,Brighton & Hove Albion,Georginio Rutter,Midfielder,6.65,0.15,0.15,0.15,2.06,0.7,0.7,7.32,1.41,43.75,0.15,0.0,0.0,0.1,0.05,0.0,0.5,0.05,0.0,0.0,0.0,0.0,0.0,0.0,1.61,0.5,1.31,0.05,0.76,0.0,0.0,0.0,0.05,0.1,0.4,0.15,0.0,1.26,21.69,15.05,6.64,69.37,4.33,10.72,7.55,0.15,14.29,0.81,57.14,31,20,1788,0.1,0.0,1.51,1.71,17.62,2.97,5.69,40.07,4.73,40.52,0.96,38.0
335,972421,Premier League,Brentford,Keane Lewis-Potter,Defender,6.65,0.14,0.14,0.09,1.42,0.43,0.47,10.0,0.71,34.88,0.14,0.0,0.05,0.05,0.05,0.09,0.14,0.0,0.0,0.0,0.0,0.0,0.28,0.0,0.99,0.52,1.61,0.05,0.47,0.05,0.0,0.0,0.0,0.24,0.28,0.14,0.0,0.85,25.47,19.88,5.59,78.07,8.81,11.08,6.77,0.99,31.34,1.09,30.67,35,21,1901,0.05,0.0,0.71,1.66,12.03,0.71,3.88,46.07,3.36,51.08,0.52,28.21
336,803039,Premier League,Aston Villa,Donyell Malen,Forward,6.65,0.53,0.54,0.66,3.57,1.19,1.59,14.81,1.06,40.0,0.53,0.0,0.0,0.0,0.53,0.13,0.13,0.0,0.0,0.0,0.0,0.0,0.0,0.0,0.53,0.0,0.26,0.0,0.26,0.0,0.0,0.0,0.0,0.0,0.0,0.13,0.0,0.93,12.44,9.66,2.78,77.66,1.99,7.68,5.29,0.26,28.57,0.13,20.0,21,5,680,0.0,0.0,0.26,0.79,8.6,1.72,2.78,36.84,2.38,38.3,0.4,30.0
337,371222,Premier League,Fulham,Saša Lukić,Midfielder,6.65,0.05,0.12,0.16,0.93,0.31,0.36,5.56,0.31,54.55,0.05,0.0,0.05,0.0,0.0,0.0,0.1,0.0,0.0,0.0,0.0,0.0,0.0,0.0,2.54,0.93,1.87,0.47,0.52,0.0,0.1,0.0,0.0,0.21,0.16,0.1,0.0,1.45,37.89,32.44,5.45,85.62,14.43,18.01,8.93,0.99,27.94,0.47,52.94,26,20,1734,0.47,0.0,2.75,1.3,9.76,0.47,5.35,48.58,4.15,51.61,1.19,40.35
338,996958,Premier League,Chelsea,Malo Gusto,Defender,6.64,0.08,0.06,0.04,0.49,0.25,0.12,16.67,0.45,47.83,0.08,0.0,0.04,0.04,0.0,0.0,0.04,0.0,0.0,0.0,0.0,0.0,0.0,0.0,2.1,1.24,1.48,0.16,0.87,0.0,0.04,0.04,0.0,0.12,0.12,0.12,0.04,1.11,50.49,43.89,6.6,86.93,21.24,22.64,12.5,0.49,20.69,1.61,50.65,33,25,2182,0.12,0.04,0.82,0.78,12.54,0.58,3.88,52.81,3.34,55.1,0.54,41.94
339,954044,Premier League,Wolverhampton,Ki-Jana Hoever,Defender,6.64,0.0,0.0,0.0,0.21,0.21,0.0,0.0,1.05,62.5,0.0,0.0,0.0,0.0,0.0,0.0,0.21,0.0,0.0,0.0,0.0,0.0,0.0,0.0,2.73,1.26,4.21,0.21,0.63,0.0,0.0,0.0,0.0,0.0,0.42,0.0,0.0,1.05,32.38,22.29,10.09,68.83,8.83,13.46,6.52,1.47,31.82,1.89,32.14,8,6,428,0.0,0.0,0.63,0.63,16.4,0.63,5.68,60.0,4.42,63.64,1.26,50.0
340,1014987,Premier League,Sunderland,Dennis Cirkin,Defender,6.64,0.0,0.02,0.0,0.27,0.0,0.27,0.0,0.82,75.0,0.0,0.0,0.0,0.0,0.0,0.0,0.0,0.0,0.0,0.0,0.0,0.0,0.0,0.0,2.19,1.37,3.83,0.27,0.55,0.0,0.0,0.0,0.0,0.27,0.0,0.0,0.0,0.0,27.08,21.06,6.02,77.78,10.94,10.12,4.92,0.27,33.33,0.27,25.0,8,3,329,0.55,0.0,1.09,0.55,10.67,1.37,4.92,51.43,3.56,52.0,1.37,50.0
341,1006073,Premier League,Wolverhampton,Rodrigo Gomes,Midfielder,6.64,0.3,0.21,0.2,1.91,0.6,1.1,15.79,0.6,27.27,0.3,0.0,0.0,0.0,0.3,0.0,0.3,0.0,0.0,0.0,0.0,0.0,0.0,0.0,2.21,0.9,1.21,0.2,0.8,0.0,0.0,0.0,0.0,0.0,0.0,0.0,0.1,0.4,24.91,17.88,7.03,71.77,5.12,12.76,7.33,0.3,12.5,0.2,18.18,21,8,896,0.0,0.0,0.5,0.8,15.07,0.7,4.22,43.75,3.62,50.0,0.6,25.0
343,944327,Premier League,Nottingham Forest,Dan Ndoye,Midfielder,6.64,0.08,0.08,0.08,1.15,0.31,0.54,6.67,0.99,39.39,0.08,0.0,0.08,0.0,0.0,0.0,0.69,0.0,0.0,0.0,0.0,0.0,0.0,0.0,1.76,0.77,0.92,0.15,0.92,0.0,0.0,0.0,0.0,0.0,0.15,0.08,0.0,1.07,21.58,16.91,4.67,78.37,4.67,12.24,7.58,0.69,21.43,0.54,53.85,24,14,1176,0.08,0.0,1.22,1.68,13.7,1.45,5.28,46.31,4.44,46.77,0.84,44.0
344,1423711,Premier League,Arsenal,Myles Lewis-Skelly,Defender,6.64,0.0,0.02,0.0,0.29,0.0,0.15,0.0,1.17,80.0,0.0,0.0,0.0,0.0,0.0,0.0,0.15,0.0,0.0,0.0,0.0,0.0,0.0,0.0,1.17,0.59,1.61,0.15,0.59,0.0,0.15,0.0,0.0,0.29,0.0,0.0,0.0,0.59,46.98,42.88,4.1,91.28,23.71,19.17,9.95,0.0,0.0,1.17,57.14,18,4,615,0.44,0.0,1.17,1.61,7.9,1.02,4.68,50.79,3.95,56.25,0.73,33.33
345,1627560,Premier League,Everton,Harrison Armstrong,Midfielder,6.64,0.0,0.14,0.18,0.88,0.35,0.35,0.0,0.18,14.29,0.0,0.0,0.0,0.0,0.0,0.0,0.35,0.0,0.0,0.0,0.0,0.0,0.0,0.0,2.3,0.71,1.41,0.18,0.53,0.0,0.0,0.0,0.0,0.18,0.0,0.0,0.0,0.71,32.53,25.64,6.9,78.8,8.13,17.5,9.72,0.0,0.0,0.88,62.5,12,6,509,0.0,0.0,1.06,2.48,11.85,1.41,6.01,53.97,4.95,56.0,1.06,46.15
346,877980,Premier League,Sunderland,Wilson Isidor,Forward,6.64,0.47,0.37,0.16,3.23,1.34,1.02,14.63,0.47,25.0,0.47,0.0,0.08,0.0,0.39,0.0,0.87,0.0,0.0,0.0,0.0,0.0,0.0,0.0,0.79,0.08,1.18,0.08,0.39,0.0,0.0,0.0,0.0,0.08,0.0,0.0,0.0,0.0,10.23,6.06,4.17,59.23,1.73,4.33,2.99,0.0,0.0,0.08,14.29,31,11,1144,0.08,0.0,1.1,0.47,8.5,1.1,3.7,29.01,1.73,30.99,1.97,27.47
347,910048,Premier League,Sunderland,Brian Brobbey,Forward,6.64,0.33,0.24,0.48,1.53,0.81,0.43,21.88,0.1,12.5,0.33,0.0,0.1,0.05,0.19,0.05,0.38,0.05,0.0,0.0,0.0,0.0,0.0,0.0,0.43,0.0,0.67,0.29,0.19,0.0,0.0,0.05,0.0,0.05,0.1,0.05,0.0,0.72,12.71,9.08,3.63,71.43,2.68,6.4,3.78,0.0,0.0,0.19,57.14,30,21,1883,0.29,0.0,1.48,1.63,8.46,1.34,5.16,42.02,2.1,36.97,3.06,46.38
348,359664,Premier League,Nottingham Forest,Taiwo Awoniyi,Forward,6.63,0.76,0.65,0.38,2.66,1.52,0.95,28.57,0.38,50.0,0.76,0.0,0.19,0.19,0.38,0.0,0.95,0.19,0.0,0.0,0.0,0.0,0.0,0.0,0.19,0.19,0.76,0.19,0.76,0.0,0.0,0.0,0.0,0.0,0.38,0.19,0.0,1.14,14.05,11.2,2.85,79.73,4.56,6.65,4.56,0.0,0.0,0.0,0.0,16,3,474,0.19,0.0,1.71,1.14,10.25,0.95,3.42,23.38,1.71,31.03,1.71,18.75
349,987489,Premier League,Everton,Beto,Forward,6.63,0.51,0.5,0.56,2.43,0.96,0.85,20.93,0.79,34.15,0.51,0.0,0.17,0.06,0.28,0.06,0.51,0.0,0.0,0.0,0.0,0.0,0.0,0.0,0.85,0.06,2.43,0.28,0.17,0.0,0.06,0.0,0.0,0.0,0.06,0.06,0.0,0.68,11.68,7.22,4.46,61.84,2.76,4.46,2.54,0.0,0.0,0.06,100.0,36,17,1595,0.17,0.0,1.86,0.68,12.53,1.69,7.5,39.7,2.31,31.54,5.19,44.88
350,858194,Premier League,Crystal Palace,Eddie Nketiah,Forward,6.63,0.43,0.38,0.22,3.25,1.3,0.65,13.33,1.08,31.25,0.43,0.0,0.0,0.22,0.22,0.0,0.65,0.0,0.0,0.0,0.0,0.0,0.0,0.0,1.73,0.43,2.16,0.22,0.65,0.0,0.0,0.0,0.0,0.0,0.22,0.0,0.0,1.51,18.82,15.14,3.68,80.46,7.57,7.57,4.33,0.0,0.0,0.22,50.0,12,2,416,0.43,0.0,1.51,1.51,14.71,2.38,6.06,34.57,4.33,39.22,1.73,26.67
351,834308,Premier League,Leeds United,Gabriel Gudmundsson,Defender,6.63,0.0,0.04,0.0,0.61,0.1,0.34,0.0,1.33,52.7,0.0,0.0,0.0,0.0,0.0,0.0,0.1,0.0,0.0,0.0,0.0,0.0,0.0,0.0,2.21,0.92,2.83,0.24,1.02,0.03,0.0,0.0,0.03,0.1,0.14,0.0,0.0,0.72,32.6,24.87,7.73,76.28,13.22,11.65,5.76,0.82,26.37,1.02,28.57,32,31,2642,0.14,0.03,1.06,1.91,16.18,0.89,6.06,53.61,5.45,56.74,0.61,36.0
352,1142675,Premier League,Sunderland,Chemsdine Talbi,Midfielder,6.63,0.23,0.12,0.12,1.44,0.58,0.58,16.0,0.92,44.44,0.12,0.12,0.0,0.0,0.23,0.0,0.12,0.0,0.0,0.0,0.0,0.0,0.0,0.0,0.63,0.12,0.98,0.06,0.75,0.12,0.0,0.0,0.0,0.12,0.0,0.06,0.0,0.69,23.18,18.85,4.32,81.34,7.38,11.47,6.23,0.4,14.29,0.75,56.52,28,16,1561,0.0,0.0,0.29,0.06,11.07,0.63,1.67,31.87,1.61,36.36,0.06,7.14
353,1198075,Premier League,Brighton & Hove Albion,Brajan Gruda,Midfielder,6.63,0.12,0.21,0.24,1.95,0.73,0.73,6.25,2.43,37.74,0.12,0.0,0.0,0.0,0.12,0.0,0.24,0.0,0.0,0.0,0.0,0.0,0.12,0.0,1.7,0.24,0.24,0.0,0.61,0.12,0.0,0.0,0.0,0.0,0.12,0.12,0.0,1.95,30.16,23.59,6.57,78.23,4.86,18.73,10.95,0.36,21.43,0.85,53.85,18,8,740,0.24,0.0,1.34,1.7,18.0,2.07,6.81,44.8,5.84,42.11,0.97,72.73
354,1394089,Premier League,Sunderland,Chris Rigg,Midfielder,6.63,0.12,0.1,0.0,1.4,0.35,0.7,8.33,0.82,53.85,0.12,0.0,0.0,0.12,0.0,0.0,0.23,0.0,0.0,0.0,0.0,0.0,0.0,0.0,1.52,0.47,1.17,0.12,0.58,0.0,0.12,0.0,0.0,0.0,0.23,0.12,0.0,1.05,24.72,17.72,6.99,71.7,6.06,11.66,6.06,0.47,36.36,1.17,47.62,17,11,772,0.12,0.0,0.93,0.93,11.08,0.58,3.73,49.23,3.26,53.85,0.47,30.77
355,962408,Premier League,Bournemouth,Bafodé Diakité,Defender,6.63,0.0,0.0,0.0,0.07,0.0,0.07,0.0,0.0,0.0,0.0,0.0,0.0,0.0,0.0,0.0,0.14,0.0,0.0,0.0,0.0,0.0,0.0,0.0,1.4,0.84,5.81,0.35,0.21,0.0,0.07,0.07,0.0,0.28,0.0,0.0,0.0,0.21,52.42,46.12,6.3,87.98,29.04,17.08,5.95,0.0,0.0,2.38,47.22,18,15,1286,0.07,0.0,0.56,0.35,7.0,0.07,4.2,54.05,1.75,62.5,2.45,49.3
356,303638,Premier League,Aston Villa,Tyrone Mings,Defender,6.63,0.0,0.1,0.15,0.66,0.07,0.29,0.0,0.15,33.33,0.0,0.0,0.0,0.0,0.0,0.0,0.0,0.0,0.0,0.0,0.0,0.0,0.0,0.0,0.29,0.73,5.47,0.58,0.07,0.0,0.07,0.0,0.0,0.22,0.07,0.0,0.0,0.36,62.77,56.13,6.64,89.42,36.13,20.0,5.91,0.07,25.0,2.55,42.17,16,14,1233,0.07,0.0,0.73,0.66,7.81,0.22,3.87,55.21,0.95,44.83,2.92,59.7
357,935543,Premier League,Everton,Dwight McNeil,Midfielder,6.63,0.0,0.11,0.08,1.82,0.38,0.53,0.0,0.53,53.85,0.0,0.0,0.0,0.0,0.0,0.08,0.15,0.0,0.0,0.0,0.0,0.0,0.0,0.0,1.74,0.76,0.98,0.23,0.91,0.08,0.08,0.0,0.0,0.23,0.08,0.08,0.0,1.14,24.55,20.0,4.55,81.48,8.64,11.36,7.05,0.76,23.81,0.53,35.0,22,14,1188,0.08,0.0,0.83,0.53,11.29,1.44,3.33,42.72,2.8,43.53,0.53,38.89
358,174975,Premier League,Sunderland,Arthur Masuaku,Defender,6.63,0.0,0.05,0.0,0.71,0.0,0.0,0.0,1.42,50.0,0.0,0.0,0.0,0.0,0.0,0.0,0.0,0.0,0.0,0.0,0.0,0.0,0.0,0.0,2.83,1.42,2.83,0.0,2.13,0.0,0.0,0.0,0.0,0.0,0.0,0.0,0.0,0.71,34.02,27.64,6.38,81.25,17.72,9.92,3.54,1.42,25.0,0.71,16.67,3,2,127,0.71,0.0,2.13,0.0,15.59,0.71,4.96,43.75,4.25,40.0,0.71,100.0
359,1008402,Premier League,Liverpool FC,Conor Bradley,Defender,6.63,0.0,0.02,0.0,0.58,0.0,0.19,0.0,0.68,31.82,0.0,0.0,0.0,0.0,0.0,0.1,0.1,0.0,0.0,0.0,0.0,0.0,0.0,0.0,1.83,1.26,2.8,0.39,1.45,0.0,0.0,0.0,0.0,0.19,0.29,0.1,0.0,0.39,47.51,39.88,7.63,83.94,15.64,24.24,13.23,0.39,16.67,0.97,25.0,15,12,932,0.48,0.0,1.74,1.93,14.48,1.06,5.89,44.85,4.44,43.81,1.45,48.39
360,1523623,Premier League,West Ham United,Mohamadou Kanté,Midfielder,6.63,0.0,0.07,0.0,1.65,0.0,1.65,0.0,0.83,100.0,0.0,0.0,0.0,0.0,0.0,0.0,0.0,0.0,0.0,0.0,0.0,0.0,0.0,0.0,4.95,0.0,0.83,0.83,3.3,0.0,0.0,0.0,0.0,0.0,0.0,0.0,0.0,0.83,23.94,16.51,7.43,68.97,4.95,11.56,7.43,0.0,0.0,0.0,0.0,10,0,109,1.65,0.0,2.48,0.83,11.56,3.3,8.26,47.62,6.61,42.11,1.65,100.0
361,365812,Premier League,Sunderland,Luke O'Nien,Defender,6.62,0.0,0.01,0.0,0.36,0.0,0.36,0.0,0.18,100.0,0.0,0.0,0.0,0.0,0.0,0.18,0.0,0.0,0.0,0.0,0.0,0.0,0.0,0.0,0.9,0.9,5.03,0.18,0.18,0.18,0.0,0.0,0.0,0.36,0.0,0.0,0.0,0.0,38.08,31.26,6.83,82.08,17.6,13.65,5.03,0.0,0.0,2.34,38.24,11,4,501,0.18,0.18,0.9,1.44,13.47,0.18,4.13,57.5,2.51,70.0,1.62,45.0
362,576384,Premier League,Brentford,Kristoffer Ajer,Defender,6.62,0.0,0.04,0.05,0.49,0.15,0.25,0.0,0.15,27.27,0.0,0.0,0.0,0.0,0.0,0.0,0.0,0.0,0.0,0.0,0.0,0.0,0.0,0.0,1.83,0.89,5.88,0.79,0.4,0.0,0.05,0.05,0.0,0.2,0.05,0.05,0.0,0.2,34.91,27.94,6.97,80.03,20.27,7.66,2.82,0.05,14.29,1.19,28.24,27,20,1820,0.2,0.0,1.14,0.25,8.9,0.3,5.19,54.12,2.23,50.56,2.97,57.14
363,1117223,Premier League,Burnley,Maxime Estève,Defender,6.62,0.0,0.02,0.0,0.32,0.03,0.25,0.0,0.09,60.0,0.0,0.0,0.0,0.0,0.0,0.0,0.0,0.0,0.0,0.0,0.0,0.0,0.0,0.0,1.26,1.17,6.87,0.98,0.47,0.06,0.03,0.0,0.06,0.03,0.03,0.0,0.0,0.22,41.58,36.06,5.52,86.73,26.04,10.02,2.9,0.06,33.33,1.54,36.57,33,33,2855,0.03,0.0,0.41,0.38,6.18,0.09,4.26,65.85,1.73,62.5,2.52,68.38
364,1155321,Premier League,Brighton & Hove Albion,Stefanos Tzimas,Forward,6.62,0.55,0.25,0.55,2.2,0.55,1.1,25.0,0.55,50.0,0.55,0.0,0.0,0.0,0.55,0.0,0.55,0.0,0.0,0.0,0.0,0.0,0.0,0.0,1.65,0.0,0.55,0.55,1.1,0.0,0.0,0.0,0.0,0.0,0.0,0.55,0.0,3.29,13.17,9.33,3.84,70.83,3.84,5.49,3.29,0.0,0.0,0.0,0.0,9,1,164,0.0,0.0,2.2,0.55,12.62,4.94,2.74,21.74,2.74,23.81,0.0,0.0
365,808590,Premier League,Aston Villa,Leon Bailey,Midfielder,6.62,0.0,0.07,0.0,1.44,0.24,0.48,0.0,1.2,20.83,0.0,0.0,0.0,0.0,0.0,0.0,0.24,0.0,0.0,0.0,0.0,0.0,0.0,0.0,1.91,0.24,0.48,0.0,0.96,0.0,0.0,0.0,0.0,0.0,0.24,0.24,0.0,2.87,28.96,22.26,6.7,76.86,5.51,16.76,14.12,1.2,29.41,0.48,50.0,12,2,376,0.24,0.0,1.2,0.96,19.87,1.68,5.03,35.0,4.07,32.69,0.96,50.0
366,1199043,Premier League,Brighton & Hove Albion,Carlos Baleba,Midfielder,6.62,0.0,0.04,0.05,1.04,0.11,0.55,0.0,0.66,52.17,0.0,0.0,0.0,0.0,0.0,0.05,0.0,0.0,0.0,0.0,0.0,0.0,0.0,0.0,1.91,1.53,1.75,0.33,0.98,0.0,0.27,0.05,0.0,0.11,0.05,0.0,0.0,0.38,39.86,34.39,5.47,86.28,20.01,14.38,5.47,0.0,0.0,1.8,55.93,30,23,1646,0.27,0.0,1.7,1.15,8.97,0.98,5.25,49.23,3.72,46.58,1.53,57.14
367,609752,Premier League,West Ham United,Guido Rodríguez,Midfielder,6.62,0.0,0.02,0.0,0.51,0.0,0.0,0.0,0.0,0.0,0.0,0.0,0.0,0.0,0.0,0.0,0.0,0.0,0.0,0.0,0.0,0.0,0.0,0.0,0.51,1.02,1.02,0.0,2.03,0.0,0.0,0.0,0.0,0.0,0.0,0.0,0.0,0.0,38.64,34.58,4.07,89.47,15.76,18.81,7.63,0.0,0.0,0.0,0.0,6,2,177,0.51,0.0,1.02,2.03,5.59,0.0,3.56,50.0,2.54,45.45,1.02,66.67
368,1014835,Premier League,Wolverhampton,Yerson Mosquera,Defender,6.62,0.0,0.1,0.18,1.23,0.26,0.66,0.0,0.39,40.91,0.0,0.0,0.0,0.0,0.0,0.18,0.04,0.0,0.0,0.0,0.0,0.0,0.0,0.0,2.59,1.23,4.78,0.61,0.66,0.0,0.09,0.09,0.09,0.18,0.04,0.0,0.0,0.48,34.3,27.81,6.49,81.07,18.03,9.78,3.73,0.09,10.53,0.96,29.33,26,23,2052,0.44,0.0,1.4,1.84,12.46,0.22,6.75,57.04,4.74,63.53,2.02,46.0
369,836705,Premier League,Arsenal,Kai Havertz,Forward,6.61,0.19,0.49,0.97,2.32,0.58,1.16,8.33,0.58,60.0,0.19,0.0,0.0,0.0,0.19,0.0,0.39,0.0,0.0,0.0,0.0,0.0,0.0,0.0,1.35,0.0,1.35,0.19,1.16,0.0,0.0,0.0,0.0,0.0,0.0,0.39,0.0,0.97,23.23,15.87,7.35,68.33,4.26,11.61,7.74,0.0,0.0,0.19,33.33,10,6,465,0.0,0.0,1.16,1.55,13.94,1.35,6.58,43.59,3.48,48.65,3.1,39.02
370,929132,Premier League,Leeds United,Jayden Bogle,Defender,6.61,0.03,0.07,0.1,0.56,0.13,0.2,5.88,0.56,30.91,0.03,0.0,0.0,0.03,0.0,0.0,0.33,0.03,0.0,0.0,0.0,0.0,0.0,0.0,2.04,1.09,2.31,0.16,0.79,0.03,0.03,0.0,0.0,0.13,0.23,0.07,0.0,0.66,28.37,21.68,6.69,76.42,10.55,11.14,5.5,0.49,23.44,0.99,34.88,33,31,2731,0.2,0.0,1.25,0.92,13.18,1.12,4.32,44.71,3.53,44.58,0.79,45.28
371,43215,Premier League,Crystal Palace,Nathaniel Clyne,Defender,6.61,0.0,0.08,0.0,0.53,0.0,0.35,0.0,0.7,57.14,0.0,0.0,0.0,0.0,0.0,0.0,0.0,0.0,0.0,0.0,0.0,0.0,0.0,0.0,2.63,0.88,3.5,0.18,0.53,0.0,0.0,0.0,0.0,0.0,0.35,0.18,0.0,0.53,27.32,21.19,6.13,77.56,8.58,12.61,6.13,0.35,13.33,0.53,27.27,9,6,514,0.18,0.0,0.7,0.18,11.03,0.18,3.85,56.41,3.5,64.52,0.35,25.0
372,1085180,Premier League,Crystal Palace,Brennan Johnson,Forward,6.61,0.1,0.12,0.1,1.18,0.26,0.57,8.7,0.46,31.03,0.1,0.0,0.0,0.0,0.1,0.0,0.72,0.0,0.0,0.0,0.0,0.0,0.05,0.0,1.49,0.21,1.64,0.05,0.77,0.0,0.05,0.0,0.0,0.1,0.05,0.05,0.0,0.98,19.62,12.95,6.68,65.97,4.88,8.07,4.98,0.92,26.09,0.51,23.26,34,19,1752,0.31,0.0,1.03,0.77,12.89,0.62,3.44,45.27,2.62,43.97,0.82,50.0
373,113956,Premier League,West Ham United,Callum Wilson,Forward,6.61,0.44,0.53,0.44,2.59,1.04,0.89,17.14,0.89,48.0,0.37,0.07,0.15,0.15,0.15,0.0,0.67,0.0,0.0,0.0,0.0,0.0,0.0,0.0,0.3,0.22,0.3,0.15,0.37,0.0,0.0,0.0,0.0,0.0,0.0,0.07,0.0,0.52,11.24,7.25,3.99,64.47,1.85,5.4,3.62,0.07,20.0,0.07,25.0,31,11,1217,0.07,0.0,0.89,1.04,10.8,1.26,3.62,34.75,2.22,38.96,1.41,29.69
374,1546231,Premier League,Fulham,Joshua King,Midfielder,6.61,0.07,0.17,0.21,1.74,0.7,0.7,4.0,1.11,43.24,0.07,0.0,0.0,0.0,0.07,0.07,0.14,0.0,0.0,0.0,0.0,0.0,0.0,0.0,1.81,0.21,0.98,0.35,0.56,0.07,0.0,0.0,0.0,0.0,0.0,0.14,0.0,0.98,23.82,19.02,4.81,79.82,6.76,12.26,7.45,0.0,0.0,0.21,37.5,31,15,1292,0.28,0.0,0.84,2.09,11.56,1.32,5.22,50.0,5.02,55.81,0.21,14.29
375,828639,Premier League,Leeds United,Daniel James,Midfielder,6.61,0.0,0.15,0.33,2.31,0.49,0.66,0.0,0.82,35.71,0.0,0.0,0.0,0.0,0.0,0.0,0.16,0.0,0.0,0.0,0.0,0.0,0.0,0.0,0.99,0.16,1.32,0.0,1.32,0.0,0.0,0.0,0.0,0.0,0.16,0.0,0.0,1.48,18.79,11.54,7.25,61.4,2.14,9.4,6.43,0.99,12.24,0.49,37.5,18,6,546,0.0,0.0,0.16,1.32,18.3,0.49,4.12,47.17,3.13,47.5,0.99,46.15
376,844096,Premier League,Wolverhampton,Jhon Arias,Midfielder,6.61,0.08,0.26,0.32,1.28,0.24,0.56,6.25,0.64,40.0,0.08,0.0,0.0,0.0,0.08,0.08,0.24,0.0,0.0,0.0,0.0,0.0,0.24,0.0,3.45,0.64,1.2,0.16,1.12,0.0,0.0,0.0,0.0,0.08,0.0,0.0,0.0,0.88,32.03,28.66,3.37,89.47,12.2,16.46,8.83,0.72,29.03,0.64,80.0,23,14,1121,0.08,0.0,2.01,0.72,10.12,2.09,5.62,42.42,4.82,43.8,0.8,35.71
377,804508,Premier League,Arsenal,Viktor Gyökeres,Forward,6.61,0.57,0.5,0.49,2.19,0.89,0.73,25.93,0.24,17.14,0.53,0.04,0.08,0.08,0.41,0.04,0.16,0.0,0.12,0.12,100.0,0.0,0.0,0.0,0.24,0.04,0.77,0.12,0.32,0.0,0.04,0.0,0.0,0.16,0.12,0.04,0.0,0.77,12.68,7.86,4.82,61.98,1.42,6.44,4.66,0.08,28.57,0.04,33.33,34,26,2221,0.2,0.0,1.42,1.26,10.7,1.01,2.92,31.17,1.7,31.34,1.22,30.93
378,863653,Premier League,West Ham United,Aaron Wan-Bissaka,Defender,6.6,0.0,0.0,0.0,0.0,0.0,0.0,0.0,0.69,48.48,0.0,0.0,0.0,0.0,0.0,0.0,0.04,0.0,0.0,0.0,0.0,0.0,0.0,0.0,1.43,1.73,4.06,0.3,0.3,0.0,0.13,0.0,0.0,0.13,0.09,0.09,0.0,0.78,31.87,24.44,7.43,76.69,9.67,14.77,7.43,0.69,38.1,1.04,33.8,25,23,2084,0.17,0.0,0.99,0.52,13.78,0.65,3.58,50.3,2.63,51.26,0.95,47.83
381,1097425,Premier League,Liverpool FC,Miloš Kerkez,Defender,6.6,0.08,0.06,0.0,0.32,0.08,0.2,25.0,0.47,54.55,0.08,0.0,0.0,0.04,0.04,0.0,0.16,0.0,0.0,0.0,0.0,0.0,0.0,0.0,1.62,0.55,2.72,0.32,0.39,0.04,0.04,0.0,0.0,0.12,0.12,0.04,0.0,1.02,42.02,35.83,6.19,85.27,15.1,20.74,11.98,0.59,19.23,1.06,33.33,33,27,2283,0.16,0.0,0.87,1.18,11.94,0.28,4.49,59.38,3.19,63.78,1.3,50.77
382,50480,Premier League,Nottingham Forest,Chris Wood,Forward,6.6,0.32,0.39,0.32,2.24,0.85,1.39,14.29,0.11,50.0,0.32,0.0,0.0,0.21,0.11,0.11,0.43,0.0,0.0,0.0,0.0,0.0,0.0,0.0,0.11,0.11,0.85,0.43,0.43,0.0,0.11,0.0,0.0,0.0,0.0,0.0,0.0,0.43,15.36,10.56,4.8,68.75,4.27,6.29,3.84,0.0,0.0,0.21,66.67,14,10,844,0.0,0.0,0.64,0.53,7.36,0.21,3.31,40.26,0.75,35.0,2.56,42.11
383,610766,Premier League,Aston Villa,Tammy Abraham,Forward,6.6,0.61,0.62,0.92,2.76,0.92,0.92,22.22,0.31,100.0,0.61,0.0,0.0,0.0,0.61,0.31,0.0,0.0,0.0,0.0,0.0,0.0,0.0,0.0,1.22,0.0,0.92,0.0,0.61,0.0,0.0,0.0,0.0,0.0,0.31,0.0,0.0,1.22,13.47,7.65,5.82,56.82,2.76,4.9,3.06,0.0,0.0,0.0,0.0,12,2,294,0.0,0.0,0.61,0.0,7.65,0.31,3.06,47.62,1.53,50.0,1.53,45.45
384,1010220,Premier League,Nottingham Forest,Nicolò Savona,Defender,6.6,0.18,0.12,0.0,0.44,0.26,0.09,40.0,0.18,40.0,0.18,0.0,0.0,0.09,0.09,0.0,0.09,0.0,0.0,0.0,0.0,0.0,0.0,0.0,1.75,0.35,2.54,0.26,1.32,0.0,0.0,0.0,0.0,0.26,0.09,0.0,0.0,0.61,35.0,27.54,7.46,78.7,15.18,12.37,6.93,0.7,29.63,1.14,27.66,14,11,1026,0.18,0.0,1.05,0.44,12.89,0.18,2.98,48.57,2.37,46.55,0.61,58.33
385,966869,Premier League,Brentford,Aaron Hickey,Defender,6.6,0.0,0.06,0.13,0.79,0.13,0.52,0.0,0.0,0.0,0.0,0.0,0.0,0.0,0.0,0.0,0.0,0.0,0.0,0.0,0.0,0.0,0.0,0.0,1.84,0.92,3.02,0.79,0.79,0.0,0.0,0.0,0.0,0.0,0.0,0.0,0.0,0.0,36.34,30.17,6.17,83.03,17.45,12.73,4.59,0.0,0.0,1.44,47.83,20,8,686,0.13,0.0,0.79,1.18,10.63,0.66,4.2,50.0,3.02,50.0,1.18,50.0
386,152077,Premier League,Manchester City,John Stones,Defender,6.6,0.0,0.0,0.0,0.0,0.0,0.0,0.0,0.49,100.0,0.0,0.0,0.0,0.0,0.0,0.0,0.0,0.0,0.0,0.0,0.0,0.0,0.0,0.0,0.0,0.49,3.4,1.21,0.49,0.0,0.0,0.0,0.0,0.0,0.0,0.0,0.0,0.24,64.77,60.16,4.61,92.88,36.63,23.53,5.58,0.0,0.0,1.21,50.0,8,4,371,0.0,0.0,0.0,0.0,6.55,0.24,2.67,73.33,0.49,40.0,2.18,90.0
391,845464,Premier League,West Ham United,Andy Irving,Midfielder,6.6,0.0,0.0,0.0,0.0,0.0,0.0,0.0,0.0,0.0,0.0,0.0,0.0,0.0,0.0,0.0,0.0,0.0,0.0,0.0,0.0,0.0,0.0,0.0,3.31,0.55,0.0,0.55,0.55,0.0,0.0,0.0,0.0,0.0,0.0,0.0,0.0,1.66,51.35,45.83,5.52,89.25,17.67,28.16,13.8,1.66,25.0,2.76,83.33,7,2,163,0.0,0.0,0.55,0.0,13.25,1.1,3.31,40.0,3.31,54.55,0.0,0.0
397,1391251,Premier League,Tottenham Hotspur,Lucas Bergvall,Midfielder,6.6,0.09,0.13,0.09,1.1,0.46,0.55,8.33,1.38,62.5,0.09,0.0,0.09,0.0,0.0,0.0,0.28,0.0,0.0,0.0,0.0,0.0,0.0,0.0,2.02,0.18,1.2,0.18,0.83,0.09,0.0,0.0,0.0,0.0,0.0,0.28,0.0,0.46,28.04,22.89,5.15,81.64,9.74,13.15,7.91,0.28,15.0,0.92,55.56,23,11,979,0.18,0.0,2.21,0.64,12.13,0.64,4.5,43.75,4.04,47.31,0.46,26.32
398,815890,Premier League,Manchester United,Altay Bayındır,Goalkeeper,6.6,0.0,0.0,0.0,0.0,0.0,0.0,0.0,0.17,100.0,0.0,0.0,0.0,0.0,0.0,0.0,0.0,0.0,0.0,0.0,0.0,0.0,0.0,0.0,0.0,0.0,1.17,0.0,0.17,0.17,0.0,0.0,0.0,0.0,0.17,0.0,0.0,0.17,29.5,17.83,11.67,60.45,13.67,4.17,2.17,0.0,0.0,5.17,31.0,6,6,540,0.0,0.0,0.0,0.5,12.0,0.0,0.83,83.33,0.67,80.0,0.17,100.0
400,922573,Premier League,Arsenal,Gabriel Martinelli,Forward,6.6,0.09,0.35,0.64,2.55,1.09,0.82,3.57,1.64,52.94,0.09,0.0,0.0,0.0,0.09,0.0,0.46,0.0,0.0,0.0,0.0,0.0,0.0,0.0,1.09,0.09,0.91,0.09,0.46,0.0,0.18,0.0,0.0,0.0,0.27,0.27,0.0,1.0,21.04,14.85,6.19,70.56,3.64,11.2,6.74,0.64,22.58,0.27,21.43,28,10,988,0.27,0.0,0.91,1.18,16.12,2.28,4.55,40.65,3.83,43.3,0.73,30.77
402,1142335,Premier League,Tottenham Hotspur,Archie Gray,Midfielder,6.6,0.12,0.09,0.0,0.66,0.3,0.18,18.18,0.42,46.67,0.12,0.0,0.06,0.0,0.06,0.0,0.0,0.0,0.0,0.0,0.0,0.0,0.0,0.0,0.66,1.03,2.59,0.24,0.06,0.06,0.0,0.0,0.0,0.12,0.18,0.12,0.0,0.48,32.39,26.9,5.49,83.05,13.33,13.57,6.51,0.24,33.33,1.27,40.38,23,18,1492,0.3,0.0,0.72,0.12,8.99,1.03,1.75,34.94,1.21,34.48,0.54,36.0
403,361352,Premier League,Wolverhampton,Adam Armstrong,Forward,6.6,0.08,0.16,0.25,1.43,0.42,0.5,5.88,0.76,52.94,0.0,0.08,0.0,0.0,0.08,0.17,0.42,0.0,0.0,0.0,0.0,0.0,0.0,0.0,0.67,0.17,1.01,0.08,0.25,0.0,0.0,0.0,0.0,0.08,0.25,0.17,0.0,0.5,12.43,8.73,3.69,70.27,2.85,5.88,3.86,0.08,25.0,0.0,0.0,13,13,1072,0.25,0.0,1.01,0.25,7.64,0.76,2.43,39.19,1.68,39.22,0.76,39.13
404,1142679,Premier League,Tottenham Hotspur,Wilson Odobert,Forward,6.6,0.0,0.17,0.36,2.0,0.73,0.91,0.0,2.18,58.54,0.0,0.0,0.0,0.0,0.0,0.09,0.18,0.0,0.0,0.0,0.0,0.0,0.0,0.0,0.91,0.09,1.18,0.0,0.27,0.0,0.09,0.0,0.0,0.0,0.18,0.18,0.0,1.82,29.55,25.09,4.45,84.92,5.09,20.0,12.45,0.73,28.57,0.55,66.67,24,10,990,0.0,0.0,0.18,0.91,12.82,1.91,4.45,47.12,4.0,50.57,0.45,29.41
405,1031283,Premier League,Wolverhampton,David Møller Wolfe,Defender,6.59,0.0,0.01,0.0,0.27,0.0,0.09,0.0,0.46,62.5,0.0,0.0,0.0,0.0,0.0,0.0,0.0,0.0,0.0,0.0,0.0,0.0,0.0,0.0,0.82,0.55,2.46,0.18,0.27,0.0,0.0,0.0,0.0,0.0,0.27,0.18,0.0,0.73,22.34,16.5,5.84,73.88,6.29,10.21,4.38,0.64,22.58,1.19,52.0,21,10,987,0.09,0.0,0.91,0.36,11.22,0.18,2.64,52.73,1.64,50.0,1.0,57.89
406,871290,Premier League,Leeds United,Lucas Perri,Goalkeeper,6.59,0.0,0.0,0.0,0.0,0.0,0.0,0.0,0.0,0.0,0.0,0.0,0.0,0.0,0.0,0.0,0.0,0.0,0.0,0.0,0.0,0.0,0.0,0.0,0.0,0.0,1.0,0.0,0.0,0.0,0.0,0.06,0.0,0.19,0.0,0.0,0.0,0.0,34.88,18.69,16.19,53.58,14.5,4.19,1.44,0.0,0.0,5.81,26.5,16,16,1440,0.12,0.0,0.06,0.19,17.12,0.0,0.44,70.0,0.12,66.67,0.31,71.43
407,1403050,Premier League,Chelsea,Josh Acheampong,Defender,6.59,0.15,0.09,0.0,0.44,0.3,0.0,33.33,1.48,76.92,0.15,0.0,0.15,0.0,0.0,0.0,0.3,0.0,0.0,0.0,0.0,0.0,0.0,0.0,1.48,1.48,2.81,0.3,0.59,0.3,0.44,0.0,0.0,0.15,0.0,0.0,0.0,0.3,66.61,61.73,4.88,92.67,41.6,20.13,5.33,0.15,100.0,0.59,26.67,15,7,608,0.15,0.0,0.3,0.74,7.7,0.89,5.18,61.4,3.7,62.5,1.48,58.82
408,945798,Premier League,Tottenham Hotspur,Djed Spence,Defender,6.59,0.0,0.04,0.09,0.55,0.32,0.09,0.0,1.37,42.25,0.0,0.0,0.0,0.0,0.0,0.0,0.18,0.0,0.0,0.0,0.0,0.0,0.0,0.0,1.92,0.78,2.38,0.14,0.46,0.09,0.18,0.0,0.0,0.32,0.18,0.0,0.0,0.46,38.66,31.53,7.14,81.54,14.46,17.07,9.06,0.46,21.28,1.51,41.25,28,22,1967,0.18,0.0,1.14,0.82,15.51,1.19,5.08,47.23,4.12,47.37,0.96,46.67
409,845386,Premier League,Liverpool FC,Federico Chiesa,Forward,6.59,0.45,0.34,0.22,3.82,1.12,1.35,11.76,0.45,18.18,0.45,0.0,0.0,0.0,0.45,0.0,0.45,0.0,0.0,0.0,0.0,0.0,0.0,0.0,1.8,0.9,1.58,0.45,1.12,0.0,0.0,0.0,0.0,0.0,0.45,0.22,0.0,0.68,25.42,18.23,7.2,71.68,4.72,13.5,9.45,0.0,0.0,0.22,25.0,26,1,400,0.68,0.0,2.48,1.58,17.78,0.9,4.5,37.04,3.82,36.96,0.68,37.5
410,998490,Premier League,Bournemouth,Evanilson,Forward,6.59,0.21,0.34,0.31,2.29,0.76,1.11,9.09,0.49,48.28,0.21,0.0,0.07,0.07,0.07,0.07,1.01,0.07,0.0,0.0,0.0,0.0,0.0,0.0,0.38,0.21,0.94,0.14,0.28,0.0,0.03,0.0,0.0,0.07,0.1,0.03,0.0,1.04,15.11,11.44,3.67,75.69,3.92,7.52,4.44,0.0,0.0,0.14,50.0,34,30,2597,0.07,0.0,0.83,1.11,8.14,1.32,3.5,37.69,1.98,41.01,1.52,34.11
411,1004505,Premier League,Burnley,Loum Tchaouna,Forward,6.59,0.16,0.09,0.08,1.63,0.7,0.39,9.52,0.54,35.0,0.08,0.08,0.0,0.08,0.08,0.23,0.08,0.0,0.0,0.0,0.0,0.0,0.16,0.0,1.4,0.16,0.78,0.08,1.09,0.0,0.16,0.0,0.0,0.0,0.08,0.0,0.0,0.78,23.37,17.47,5.9,74.75,6.37,11.1,6.37,0.7,33.33,0.93,66.67,27,12,1159,0.16,0.0,0.7,1.16,12.19,1.16,4.12,42.06,3.03,43.82,1.09,37.84
412,1403061,Premier League,Everton,Tyrique George,Forward,6.59,0.0,0.16,0.26,2.37,1.05,1.05,0.0,1.84,50.0,0.0,0.0,0.0,0.0,0.0,0.0,1.05,0.0,0.0,0.0,0.0,0.0,0.0,0.0,1.58,0.53,0.0,0.0,0.26,0.0,0.26,0.0,0.0,0.0,0.79,0.0,0.0,0.79,26.58,21.58,5.0,81.19,6.58,15.0,9.74,1.32,55.56,0.26,20.0,14,1,342,0.53,0.0,2.11,0.26,13.68,2.11,3.95,36.59,3.68,36.84,0.26,33.33
413,844842,Premier League,Tottenham Hotspur,Yves Bissouma,Midfielder,6.59,0.0,0.05,0.0,0.74,0.3,0.3,0.0,0.45,60.0,0.0,0.0,0.0,0.0,0.0,0.0,0.0,0.0,0.0,0.0,0.0,0.0,0.0,0.0,2.68,1.34,2.08,0.45,0.3,0.15,0.0,0.0,0.0,0.0,0.0,0.0,0.0,0.0,47.01,41.36,5.65,87.97,20.38,20.98,6.55,0.0,0.0,0.15,14.29,11,7,605,0.6,0.0,1.19,0.89,7.59,0.6,4.76,62.75,4.02,62.79,0.74,62.5
414,44614,Premier League,Burnley,Kyle Walker,Defender,6.59,0.0,0.0,0.0,0.12,0.0,0.03,0.0,0.4,50.0,0.0,0.0,0.0,0.0,0.0,0.0,0.03,0.0,0.0,0.0,0.0,0.0,0.0,0.0,1.64,1.33,3.09,0.31,0.56,0.0,0.06,0.0,0.0,0.12,0.09,0.06,0.0,0.37,40.91,31.29,9.63,76.47,16.07,15.21,7.1,0.22,19.44,2.62,38.29,34,33,2917,0.28,0.0,0.96,0.68,16.78,0.43,4.1,52.78,2.72,53.99,1.39,50.56
415,99090,Premier League,Newcastle United,Dan Burn,Defender,6.59,0.04,0.04,0.04,0.42,0.13,0.17,10.0,0.08,66.67,0.04,0.0,0.04,0.0,0.0,0.0,0.13,0.04,0.0,0.0,0.0,0.0,0.0,0.0,1.61,0.85,6.35,0.51,0.8,0.0,0.08,0.04,0.0,0.21,0.0,0.08,0.0,0.3,42.61,33.59,9.02,78.83,22.36,11.22,4.57,0.04,7.69,1.19,27.72,28,24,2125,0.38,0.04,1.52,0.51,12.11,0.25,6.18,53.87,2.12,45.05,4.07,60.0
416,1089388,Premier League,Aston Villa,Lamare Bogarde,Midfielder,6.59,0.0,0.0,0.0,0.0,0.0,0.0,0.0,0.17,28.57,0.0,0.0,0.0,0.0,0.0,0.0,0.0,0.0,0.0,0.0,0.0,0.0,0.0,0.0,2.27,0.35,1.83,0.52,0.44,0.09,0.17,0.0,0.0,0.09,0.0,0.0,0.0,0.17,42.16,37.8,4.36,89.65,19.73,18.07,8.21,0.09,50.0,0.52,35.29,27,10,1031,0.44,0.0,1.48,1.57,7.16,0.79,4.8,51.89,4.02,56.1,0.79,37.5
417,979232,Premier League,Newcastle United,Anthony Elanga,Forward,6.59,0.0,0.11,0.07,1.16,0.27,0.55,0.0,0.89,30.95,0.0,0.0,0.0,0.0,0.0,0.0,0.14,0.0,0.0,0.0,0.0,0.0,0.0,0.0,0.96,0.21,0.41,0.0,0.82,0.0,0.0,0.0,0.0,0.0,0.14,0.07,0.0,1.03,28.56,23.15,5.41,81.06,6.37,16.78,10.48,0.82,15.19,0.48,63.64,31,14,1314,0.0,0.0,0.55,1.58,16.64,1.23,4.32,41.72,3.42,43.1,0.89,37.14
418,826139,Premier League,Brentford,Reiss Nelson,Midfielder,6.59,0.0,0.46,1.29,3.21,0.64,2.57,0.0,3.21,41.67,0.0,0.0,0.0,0.0,0.0,0.64,0.0,0.0,0.0,0.0,0.0,0.0,0.0,0.0,2.57,0.0,1.29,0.64,1.29,0.0,0.0,0.0,0.0,0.0,0.0,0.64,0.0,1.29,45.64,42.43,3.21,92.96,10.29,32.14,18.64,0.0,0.0,1.29,66.67,9,0,140,0.0,0.0,0.0,1.29,14.79,2.57,7.07,45.83,7.07,45.83,0.0,0.0
419,829570,Premier League,Leeds United,Jack Harrison,Forward,6.58,0.0,0.1,0.34,2.05,0.68,1.03,0.0,1.03,42.86,0.0,0.0,0.0,0.0,0.0,0.0,0.0,0.0,0.0,0.0,0.0,0.0,0.0,0.0,1.71,1.37,0.68,0.0,1.03,0.0,0.0,0.34,0.0,0.0,0.34,0.0,0.0,0.68,40.04,31.83,8.21,79.49,12.32,19.51,11.29,0.68,11.76,1.03,27.27,11,1,263,0.0,0.0,0.34,1.37,18.14,0.0,4.45,54.17,4.11,60.0,0.34,25.0
420,851596,Premier League,Bournemouth,Justin Kluivert,Midfielder,6.58,0.2,0.22,0.1,1.57,0.39,0.68,12.5,1.08,44.0,0.1,0.1,0.0,0.0,0.2,0.1,0.2,0.0,0.0,0.0,0.0,0.0,0.29,0.0,0.98,0.39,0.2,0.1,0.88,0.0,0.0,0.0,0.0,0.0,0.29,0.0,0.0,2.05,32.48,26.51,5.97,81.63,7.63,18.88,13.01,0.78,19.05,1.17,75.0,18,10,920,0.39,0.0,1.47,0.88,14.48,1.47,3.52,32.73,2.93,36.59,0.59,21.43
421,976263,Premier League,Aston Villa,Ian Maatsen,Defender,6.58,0.0,0.08,0.06,1.12,0.3,0.53,0.0,1.18,40.82,0.0,0.0,0.0,0.0,0.0,0.0,0.06,0.0,0.0,0.0,0.0,0.0,0.0,0.0,2.3,1.0,3.3,0.06,1.3,0.0,0.06,0.0,0.0,0.12,0.24,0.06,0.0,1.42,40.25,34.52,5.72,85.78,16.17,18.35,12.1,0.65,20.75,1.48,67.57,29,16,1525,0.12,0.0,0.94,1.12,15.76,1.36,5.67,48.48,4.6,46.43,1.06,60.0
422,981619,Premier League,Nottingham Forest,Igor Jesus,Forward,6.58,0.24,0.26,0.12,2.7,0.81,0.73,8.96,0.44,30.56,0.24,0.0,0.08,0.0,0.16,0.08,0.44,0.0,0.04,0.04,100.0,0.0,0.0,0.0,0.93,0.12,1.21,0.2,0.32,0.0,0.04,0.0,0.0,0.04,0.2,0.16,0.0,0.61,17.19,12.39,4.8,72.07,3.67,8.72,4.16,0.12,30.0,0.48,80.0,36,27,2230,0.08,0.0,1.7,1.49,11.5,1.65,6.09,39.32,2.83,39.11,3.27,39.51
423,1652590,Premier League,West Ham United,Ezra Mayers,Defender,6.58,0.0,0.08,0.0,0.67,0.0,0.0,0.0,0.67,100.0,0.0,0.0,0.0,0.0,0.0,0.0,0.0,0.0,0.0,0.0,0.0,0.0,0.0,0.0,0.0,0.67,2.69,0.0,0.0,0.0,0.0,0.0,0.0,0.0,0.0,0.0,0.0,1.34,54.4,45.67,8.73,83.95,16.12,29.55,16.12,1.34,66.67,2.69,40.0,6,0,134,0.0,0.0,0.0,0.0,11.42,0.67,2.69,66.67,0.67,50.0,2.01,75.0
424,1015256,Premier League,Fulham,Rodrigo Muniz,Forward,6.58,0.1,0.31,0.58,2.82,0.39,1.46,3.45,0.39,36.36,0.1,0.0,0.0,0.1,0.0,0.0,0.49,0.0,0.0,0.0,0.0,0.0,0.0,0.0,0.68,0.19,2.34,0.29,0.49,0.0,0.0,0.0,0.1,0.0,0.1,0.1,0.0,0.78,11.87,5.06,6.81,42.62,1.26,3.79,2.43,0.0,0.0,0.19,22.22,20,9,925,0.19,0.0,1.75,1.56,12.94,0.97,9.54,48.76,2.53,40.63,7.01,52.55
426,1402726,Premier League,Manchester United,Jack Fletcher,Midfielder,6.57,0.0,0.03,0.0,0.84,0.0,0.84,0.0,0.0,0.0,0.0,0.0,0.0,0.0,0.0,0.0,0.0,0.0,0.0,0.0,0.0,0.0,0.0,0.0,4.21,0.84,0.0,0.84,0.0,0.0,0.0,0.0,0.0,0.0,0.0,0.0,0.0,1.68,37.85,31.12,6.73,82.22,11.78,19.35,3.36,0.0,0.0,1.68,66.67,3,0,107,0.0,0.0,1.68,0.84,13.46,3.36,5.89,38.89,5.05,46.15,0.84,20.0
427,838399,Premier League,Burnley,Joe Worrall,Defender,6.57,0.0,0.01,0.0,0.17,0.0,0.17,0.0,0.0,0.0,0.0,0.0,0.0,0.0,0.0,0.0,0.0,0.0,0.0,0.0,0.0,0.0,0.0,0.0,0.7,0.87,10.44,1.22,0.35,0.0,0.0,0.0,0.0,0.0,0.0,0.0,0.0,0.0,26.98,21.76,5.22,80.65,18.45,3.31,1.04,0.0,0.0,0.87,26.32,11,5,517,0.0,0.0,0.7,0.17,6.44,0.0,4.35,48.08,0.7,40.0,3.66,50.0
428,836698,Premier League,Fulham,Ryan Sessegnon,Defender,6.57,0.15,0.08,0.05,0.79,0.2,0.3,18.75,0.44,36.0,0.15,0.0,0.0,0.15,0.0,0.0,0.2,0.0,0.0,0.0,0.0,0.0,0.0,0.0,2.37,1.23,3.16,0.4,0.59,0.0,0.05,0.1,0.0,0.15,0.15,0.05,0.0,0.69,33.54,25.64,7.9,76.44,12.35,13.29,6.87,0.3,10.71,1.04,36.21,27,20,1822,0.0,0.0,1.63,0.15,16.75,0.89,3.9,43.65,2.96,44.12,0.94,42.22
429,823941,Premier League,Liverpool FC,Alexander Isak,Forward,6.57,0.38,0.33,0.63,2.14,0.76,1.13,17.65,0.13,10.0,0.38,0.0,0.0,0.25,0.13,0.0,0.0,0.0,0.0,0.0,0.0,0.0,0.0,0.0,0.88,0.0,1.13,0.13,0.25,0.0,0.0,0.0,0.0,0.0,0.13,0.13,0.0,0.25,11.09,6.93,4.16,62.5,1.39,5.55,3.91,0.0,0.0,0.38,60.0,14,8,714,0.0,0.0,0.63,0.13,8.57,0.88,2.14,29.31,1.13,29.03,1.01,29.63
430,888550,Premier League,Newcastle United,Joe Willock,Midfielder,6.56,0.0,0.11,0.1,1.47,0.49,0.68,0.0,0.68,43.75,0.0,0.0,0.0,0.0,0.0,0.1,0.2,0.0,0.0,0.0,0.0,0.0,0.0,0.0,1.76,0.68,0.59,0.1,1.47,0.0,0.0,0.0,0.0,0.0,0.39,0.2,0.0,1.37,29.8,24.63,5.18,82.62,8.6,16.03,10.26,0.2,15.38,0.78,44.44,23,9,921,0.29,0.0,1.47,0.98,11.14,1.07,4.3,41.9,3.42,41.18,0.88,45.0
431,987734,Premier League,Wolverhampton,Tolu Arokodare,Forward,6.56,0.19,0.34,0.64,2.93,1.02,1.4,6.52,1.15,56.25,0.19,0.0,0.13,0.0,0.06,0.06,0.38,0.0,0.06,0.0,0.0,0.0,0.06,0.0,0.45,0.32,2.61,0.13,0.06,0.0,0.0,0.0,0.0,0.06,0.06,0.06,0.0,0.76,16.93,10.25,6.68,60.53,3.12,7.13,3.56,0.0,0.0,0.06,14.29,32,13,1414,0.06,0.0,1.08,1.08,14.07,1.4,8.85,49.12,2.67,44.68,6.17,51.32
432,1174472,Premier League,Everton,Tyler Dibling,Midfielder,6.56,0.0,0.05,0.0,0.97,0.0,0.24,0.0,3.15,48.15,0.0,0.0,0.0,0.0,0.0,0.0,0.0,0.0,0.0,0.0,0.0,0.0,0.0,0.0,1.7,1.46,0.97,0.24,1.46,0.0,0.0,0.0,0.0,0.24,0.0,0.0,0.0,0.97,24.74,21.35,3.4,86.27,9.22,12.13,7.04,0.24,14.29,0.73,75.0,14,4,371,0.49,0.0,2.67,2.67,14.31,2.43,8.01,41.77,7.52,43.06,0.49,28.57
433,894474,Premier League,West Ham United,Max Kilman,Defender,6.56,0.0,0.03,0.12,0.4,0.06,0.23,0.0,0.23,80.0,0.0,0.0,0.0,0.0,0.0,0.0,0.0,0.0,0.0,0.0,0.0,0.0,0.0,0.0,0.92,0.52,6.38,1.38,0.4,0.0,0.0,0.12,0.0,0.06,0.0,0.0,0.0,0.23,39.51,34.73,4.77,87.92,24.04,10.7,2.47,0.06,33.33,1.55,35.53,21,17,1565,0.23,0.0,0.92,0.12,5.64,0.29,3.97,52.27,1.27,44.0,2.7,57.32
434,1150952,Premier League,West Ham United,Oliver Scarles,Defender,6.56,0.0,0.02,0.0,0.4,0.0,0.4,0.0,0.27,22.22,0.0,0.0,0.0,0.0,0.0,0.0,0.13,0.13,0.0,0.0,0.0,0.0,0.0,0.0,4.04,1.75,4.04,0.13,1.21,0.13,0.0,0.0,0.0,0.0,0.4,0.0,0.0,0.67,37.05,29.78,7.28,80.36,15.36,14.42,6.87,0.4,8.82,2.43,41.86,13,9,668,0.27,0.0,0.94,0.94,15.76,0.0,6.2,61.33,5.25,63.93,0.94,50.0
435,1003334,Premier League,Nottingham Forest,James McAtee,Midfielder,6.56,0.0,0.05,0.0,1.17,0.0,0.58,0.0,0.87,37.5,0.0,0.0,0.0,0.0,0.0,0.0,0.29,0.0,0.0,0.0,0.0,0.0,0.0,0.0,2.04,0.87,0.87,0.29,1.17,0.0,0.0,0.0,0.0,0.0,0.29,0.29,0.0,1.75,33.2,28.83,4.37,86.84,8.16,20.68,10.19,0.0,0.0,0.87,60.0,13,2,309,0.29,0.0,1.17,1.46,12.82,2.62,4.66,37.21,4.37,40.54,0.29,16.67
436,930245,Premier League,Crystal Palace,Evann Guessand,Forward,6.56,0.1,0.16,0.3,1.09,0.6,0.4,9.09,1.29,34.21,0.1,0.0,0.0,0.0,0.1,0.1,0.0,0.0,0.0,0.0,0.0,0.0,0.0,0.0,2.39,0.5,0.99,0.3,0.5,0.1,0.0,0.0,0.0,0.1,0.2,0.2,0.0,0.5,17.8,14.62,3.18,82.12,4.57,10.04,5.97,0.0,0.0,0.1,50.0,20,9,905,0.0,0.0,1.49,1.99,12.43,2.78,6.76,44.16,5.67,43.85,1.09,45.83
437,1096210,Premier League,Wolverhampton,Jackson Tchatchoua,Midfielder,6.56,0.0,0.02,0.0,0.1,0.05,0.05,0.0,0.24,35.71,0.0,0.0,0.0,0.0,0.0,0.0,0.1,0.0,0.0,0.0,0.0,0.0,0.0,0.0,1.41,0.73,2.77,0.39,0.68,0.0,0.15,0.0,0.0,0.15,0.15,0.05,0.0,1.02,26.3,20.04,6.26,76.2,8.88,11.16,4.85,1.07,24.18,0.68,40.0,31,19,1855,0.15,0.0,0.39,0.44,12.66,0.34,3.2,49.25,2.09,53.75,1.12,42.59
438,786186,Premier League,Wolverhampton,Hwang Hee-chan,Forward,6.56,0.13,0.15,0.13,1.18,0.39,0.59,11.11,0.59,39.13,0.13,0.0,0.0,0.07,0.07,0.0,0.59,0.0,0.07,0.07,100.0,0.0,0.13,0.0,0.59,0.79,1.05,0.0,0.39,0.13,0.07,0.0,0.0,0.0,0.13,0.13,0.0,0.85,23.17,17.4,5.78,75.07,6.76,10.63,5.97,0.2,16.67,0.72,57.89,25,17,1371,0.26,0.0,1.77,0.98,11.03,0.72,2.56,35.78,2.17,36.67,0.39,31.58
439,1064218,Premier League,Crystal Palace,Chadi Riad,Defender,6.55,0.0,0.03,0.19,0.58,0.19,0.39,0.0,0.19,100.0,0.0,0.0,0.0,0.0,0.0,0.0,0.0,0.0,0.0,0.0,0.0,0.0,0.0,0.0,1.16,0.39,4.46,0.39,1.16,0.0,0.19,0.0,0.0,0.0,0.19,0.19,0.0,0.19,64.4,55.09,9.31,85.54,33.75,21.34,5.82,0.0,0.0,3.3,44.74,8,5,464,0.39,0.0,0.78,0.58,11.44,0.58,4.46,45.1,1.94,43.48,2.52,46.43
440,1153079,Premier League,Chelsea,Jorrel Hato,Defender,6.55,0.0,0.03,0.0,0.35,0.0,0.35,0.0,0.62,53.85,0.0,0.0,0.0,0.0,0.0,0.0,0.0,0.0,0.0,0.0,0.0,0.0,0.0,0.0,3.1,1.24,3.19,0.44,0.97,0.0,0.18,0.0,0.0,0.0,0.09,0.0,0.0,0.62,58.67,53.98,4.69,92.01,34.07,19.91,8.05,0.35,57.14,0.62,29.17,20,10,1017,0.53,0.0,1.33,0.18,7.61,0.35,5.13,53.21,3.89,55.0,1.24,48.28
441,143047,Premier League,Wolverhampton,Matt Doherty,Defender,6.55,0.0,0.01,0.0,0.34,0.0,0.11,0.0,0.23,100.0,0.0,0.0,0.0,0.0,0.0,0.11,0.0,0.11,0.0,0.0,0.0,0.0,0.0,0.0,1.82,0.8,4.21,0.68,1.14,0.0,0.0,0.11,0.0,0.0,0.11,0.0,0.0,0.34,33.91,27.31,6.6,80.54,16.38,10.92,4.55,0.23,28.57,1.71,41.67,11,11,791,0.46,0.0,1.82,0.68,8.65,0.34,5.12,54.22,2.73,46.15,2.39,67.74
442,945217,Premier League,West Ham United,Jean-Clair Todibo,Defender,6.55,0.0,0.01,0.05,0.1,0.0,0.05,0.0,0.2,44.44,0.0,0.0,0.0,0.0,0.0,0.05,0.05,0.0,0.0,0.0,0.0,0.0,0.0,0.0,1.88,0.84,4.85,0.64,0.35,0.0,0.1,0.0,0.0,0.05,0.0,0.05,0.0,0.25,38.73,33.83,4.9,87.34,23.38,10.45,3.07,0.0,0.0,1.24,38.46,23,22,1817,0.25,0.05,0.4,0.15,6.09,0.05,3.42,60.0,2.18,67.69,1.24,50.0
443,963298,Premier League,Nottingham Forest,Dilane Bakwa,Midfielder,6.55,0.0,0.09,0.16,1.47,0.49,0.65,0.0,1.3,38.1,0.0,0.0,0.0,0.0,0.0,0.0,0.0,0.0,0.0,0.0,0.0,0.0,0.0,0.0,0.65,0.0,0.33,0.16,0.98,0.0,0.0,0.0,0.0,0.0,0.33,0.33,0.0,1.79,31.96,25.27,6.68,79.08,8.48,16.79,10.92,1.3,21.05,0.33,25.0,14,6,552,0.16,0.0,1.47,2.28,17.45,0.82,4.4,42.19,4.24,44.07,0.16,20.0
445,1395746,Premier League,Everton,Thierno Barry,Forward,6.54,0.39,0.4,0.49,1.8,0.68,0.78,21.62,0.44,31.03,0.39,0.0,0.05,0.15,0.15,0.1,0.58,0.0,0.0,0.0,0.0,0.0,0.0,0.0,0.29,0.24,1.17,0.15,0.49,0.0,0.0,0.0,0.0,0.0,0.1,0.0,0.0,0.58,16.95,10.23,6.72,60.34,3.17,7.06,4.19,0.05,25.0,0.05,33.33,37,20,1848,0.15,0.0,2.09,0.39,13.05,1.07,7.26,38.9,1.12,20.91,6.14,46.15
446,1136896,Premier League,Burnley,Lucas Pires,Defender,6.54,0.0,0.02,0.0,0.81,0.07,0.44,0.0,1.1,65.22,0.0,0.0,0.0,0.0,0.0,0.07,0.44,0.0,0.0,0.0,0.0,0.0,0.0,0.0,1.84,1.17,2.57,0.44,1.39,0.0,0.0,0.0,0.0,0.07,0.07,0.0,0.0,1.32,35.46,29.51,5.95,83.23,13.36,16.15,8.52,0.51,14.0,0.88,31.58,18,13,1226,0.0,0.07,0.95,0.22,13.65,0.66,3.38,44.23,3.16,46.74,0.22,25.0
447,983572,Premier League,Tottenham Hotspur,Destiny Udogie,Defender,6.54,0.0,0.01,0.0,0.23,0.08,0.08,0.0,0.38,31.25,0.0,0.0,0.0,0.0,0.0,0.0,0.23,0.0,0.0,0.0,0.0,0.0,0.0,0.0,1.98,0.53,1.83,0.3,0.76,0.0,0.15,0.0,0.0,0.0,0.15,0.08,0.0,0.91,40.02,34.16,5.86,85.36,14.68,19.48,10.35,0.38,21.74,0.3,20.0,18,12,1183,0.23,0.0,1.07,1.45,11.41,0.91,4.34,49.14,3.73,51.04,0.61,40.0
448,794839,Premier League,Arsenal,Gabriel Jesus,Forward,6.54,0.52,0.47,0.78,3.9,2.6,0.52,13.33,1.82,46.67,0.26,0.26,0.0,0.0,0.52,0.0,1.82,0.0,0.0,0.0,0.0,0.0,0.0,0.0,1.04,0.78,0.78,0.0,0.26,0.0,0.0,0.0,0.0,0.0,0.0,0.0,0.0,0.52,24.19,18.21,5.98,75.27,4.16,14.05,8.32,0.0,0.0,0.0,0.0,13,2,346,0.52,0.0,1.56,0.26,16.39,2.6,5.46,33.33,3.12,32.43,2.34,34.62
449,825719,Premier League,Fulham,Issa Diop,Defender,6.53,0.0,0.0,0.0,0.12,0.0,0.12,0.0,0.12,100.0,0.0,0.0,0.0,0.0,0.0,0.0,0.0,0.0,0.0,0.0,0.0,0.0,0.0,0.0,0.73,0.61,4.74,0.73,0.36,0.0,0.12,0.0,0.0,0.0,0.0,0.0,0.0,0.0,55.38,48.83,6.56,88.16,34.49,14.33,3.04,0.0,0.0,1.58,33.33,12,7,741,0.24,0.0,1.09,0.36,7.89,0.0,3.04,55.56,1.21,47.62,1.82,62.5
451,1526628,Premier League,Wolverhampton,Fer López,Midfielder,6.52,0.0,0.06,0.0,1.91,0.38,0.38,0.0,1.14,42.86,0.0,0.0,0.0,0.0,0.0,0.0,0.0,0.0,0.0,0.0,0.0,0.0,0.0,0.0,0.38,0.0,0.38,0.0,0.76,0.0,0.0,0.0,0.0,0.0,0.38,0.38,0.0,1.14,39.28,28.6,10.68,72.82,6.48,22.12,11.82,0.38,25.0,0.38,25.0,9,2,236,0.38,0.0,2.29,1.53,21.36,2.29,3.81,31.25,3.05,30.77,0.76,33.33
452,1064082,Premier League,Everton,Merlin Röhl,Midfielder,6.52,0.14,0.11,0.14,1.57,0.14,0.85,9.09,0.43,27.27,0.0,0.14,0.0,0.14,0.0,0.14,0.28,0.0,0.0,0.0,0.0,0.0,0.0,0.0,3.28,0.57,1.14,0.28,0.85,0.0,0.0,0.0,0.0,0.28,0.0,0.0,0.0,0.85,22.64,17.66,4.98,77.99,7.97,9.68,5.55,0.43,60.0,0.43,50.0,15,5,632,0.0,0.0,2.56,0.85,10.97,1.99,6.55,40.71,4.56,41.03,1.99,40.0
453,809276,Premier League,Burnley,Jacob Bruun Larsen,Forward,6.52,0.0,0.12,0.18,1.42,0.35,0.53,0.0,0.88,28.57,0.0,0.0,0.0,0.0,0.0,0.09,0.35,0.0,0.0,0.0,0.0,0.0,0.44,0.0,1.06,0.53,1.15,0.09,0.44,0.0,0.0,0.0,0.0,0.0,0.18,0.09,0.0,1.06,25.22,20.53,4.69,81.4,5.84,14.69,9.2,0.71,19.51,0.27,30.0,26,10,1017,0.0,0.0,0.09,0.0,12.92,0.97,2.83,35.16,1.95,34.38,0.88,37.04
454,917007,Premier League,Manchester United,Joshua Zirkzee,Forward,6.52,0.28,0.41,0.69,3.46,1.25,1.38,8.0,0.69,55.56,0.14,0.14,0.0,0.28,0.0,0.0,0.14,0.0,0.0,0.0,0.0,0.0,0.0,0.0,1.25,0.14,1.52,0.28,0.42,0.0,0.0,0.0,0.0,0.0,0.28,0.14,0.0,1.52,33.37,24.78,8.58,74.27,9.69,15.09,6.37,0.28,40.0,0.42,42.86,23,5,650,0.42,0.0,1.25,0.83,15.92,1.66,5.54,40.0,2.77,41.67,2.77,38.46
455,1168588,Premier League,Sunderland,Eliezer Mayenda,Forward,6.52,0.23,0.25,0.12,1.52,0.7,0.23,15.38,1.29,34.38,0.23,0.0,0.12,0.12,0.0,0.0,0.35,0.0,0.0,0.0,0.0,0.0,0.0,0.0,0.58,0.12,0.58,0.12,0.35,0.0,0.0,0.0,0.0,0.12,0.23,0.0,0.0,0.47,9.94,6.55,3.39,65.88,1.52,5.03,2.57,0.0,0.0,0.12,33.33,20,8,770,0.0,0.0,0.7,1.29,11.69,2.45,4.91,34.43,3.16,34.62,1.75,34.09
456,1597270,Premier League,Wolverhampton,Pedro Lima,Defender,6.52,0.0,0.06,0.0,1.03,0.0,0.68,0.0,0.34,33.33,0.0,0.0,0.0,0.0,0.0,0.0,0.0,0.0,0.0,0.0,0.0,0.0,0.0,0.0,2.4,1.71,2.05,0.0,1.37,0.0,0.68,0.0,0.0,0.0,0.0,0.0,0.0,1.03,18.48,11.63,6.84,62.96,6.84,4.79,2.74,1.37,40.0,1.03,27.27,8,3,263,0.0,0.0,1.71,0.34,14.03,1.37,3.76,37.93,3.08,37.5,0.68,40.0
457,318927,Premier League,Liverpool FC,Joe Gomez,Defender,6.52,0.0,0.04,0.0,0.71,0.14,0.57,0.0,0.43,50.0,0.0,0.0,0.0,0.0,0.0,0.0,0.0,0.0,0.0,0.0,0.0,0.0,0.0,0.0,1.42,1.28,3.56,0.28,0.57,0.0,0.0,0.0,0.0,0.14,0.43,0.28,0.14,0.85,45.43,36.17,9.26,79.62,19.79,16.38,6.69,0.43,18.75,1.42,38.46,20,7,632,0.57,0.0,1.99,0.0,16.52,0.85,3.7,40.0,1.85,32.5,1.85,52.0
458,955245,Premier League,Aston Villa,Harvey Elliott,Midfielder,6.52,0.0,0.22,0.0,3.85,0.0,0.77,0.0,0.0,0.0,0.0,0.0,0.0,0.0,0.0,0.0,0.0,0.0,0.0,0.0,0.0,0.0,0.0,0.0,0.0,0.0,0.77,0.77,0.0,0.0,0.0,0.0,0.0,0.0,0.0,0.0,0.0,0.77,63.08,53.08,10.0,84.15,7.69,45.38,31.54,0.77,33.33,0.77,20.0,5,1,117,0.0,0.0,0.0,1.54,13.85,0.0,2.31,60.0,1.54,66.67,0.77,50.0
459,1116571,Premier League,Sunderland,Nilson Angulo,Midfielder,6.51,0.0,0.13,0.51,0.77,0.51,0.26,0.0,1.53,42.86,0.0,0.0,0.0,0.0,0.0,0.0,0.26,0.0,0.0,0.0,0.0,0.0,0.0,0.0,2.05,0.51,2.3,0.0,1.02,0.0,0.0,0.0,0.0,0.0,0.0,0.0,0.0,0.77,16.62,12.02,4.6,72.31,3.32,8.69,4.86,0.26,16.67,0.0,0.0,7,4,352,0.0,0.0,2.05,0.77,13.55,1.28,5.37,40.38,4.35,41.46,1.02,36.36
460,286165,Premier League,West Ham United,Adama Traoré,Forward,6.51,0.0,0.14,0.2,1.4,0.2,0.6,0.0,2.4,60.0,0.0,0.0,0.0,0.0,0.0,0.0,1.0,0.0,0.0,0.0,0.0,0.0,0.0,0.0,0.4,0.0,0.4,0.0,0.4,0.0,0.0,0.0,0.0,0.0,0.2,0.0,0.0,0.6,20.8,16.2,4.6,77.88,4.4,11.8,8.2,1.0,18.52,0.2,33.33,24,1,450,0.2,0.0,1.4,1.6,16.8,2.8,4.6,35.94,4.4,44.0,0.2,7.14
461,1110842,Premier League,Sunderland,Simon Adingra,Midfielder,6.51,0.14,0.05,0.14,0.81,0.27,0.27,16.67,0.95,26.92,0.14,0.0,0.0,0.0,0.14,0.0,0.54,0.0,0.0,0.0,0.0,0.0,0.0,0.0,1.49,0.27,1.49,0.0,1.22,0.0,0.0,0.0,0.0,0.0,0.27,0.0,0.0,0.95,21.79,16.51,5.28,75.78,6.09,10.42,5.82,0.68,18.52,0.27,33.33,14,9,665,0.27,0.0,2.3,0.41,14.75,1.62,4.06,30.61,2.84,28.0,1.22,39.13
462,817979,Premier League,Burnley,Axel Tuanzebe,Defender,6.5,0.09,0.05,0.0,0.18,0.09,0.09,50.0,0.0,0.0,0.09,0.0,0.0,0.0,0.09,0.0,0.09,0.0,0.0,0.0,0.0,0.0,0.0,0.0,1.14,0.79,6.6,0.79,0.44,0.0,0.18,0.09,0.09,0.09,0.0,0.0,0.0,0.0,41.3,34.78,6.52,84.22,24.57,10.22,2.38,0.0,0.0,1.5,31.48,12,12,1022,0.09,0.0,1.06,0.18,6.87,0.0,3.17,48.65,1.32,46.88,1.85,50.0
466,100390,Premier League,Aston Villa,Marco Bizot,Goalkeeper,6.5,0.0,0.0,0.0,0.0,0.0,0.0,0.0,0.0,0.0,0.0,0.0,0.0,0.0,0.0,0.0,0.0,0.0,0.0,0.0,0.0,0.0,0.0,0.0,0.0,0.0,1.27,0.0,0.0,0.18,0.0,0.18,0.0,0.18,0.0,0.0,0.0,0.0,36.0,28.0,8.0,77.78,25.45,2.55,0.36,0.0,0.0,4.73,37.14,6,5,495,0.36,0.0,0.18,0.18,8.18,0.0,0.36,66.67,0.18,50.0,0.18,100.0
467,1094440,Premier League,Sunderland,Romaine Mundle,Forward,6.5,0.0,0.19,0.22,1.53,0.44,0.66,0.0,1.53,46.67,0.0,0.0,0.0,0.0,0.0,0.0,0.0,0.0,0.0,0.0,0.0,0.0,0.0,0.0,1.09,0.22,1.31,0.0,1.53,0.0,0.0,0.0,0.0,0.0,0.0,0.0,0.0,0.22,22.72,19.44,3.28,85.58,6.55,12.89,6.99,0.44,18.18,0.44,50.0,14,2,412,0.22,0.0,1.53,1.75,13.98,3.06,5.24,38.1,4.15,34.55,1.09,62.5
472,973418,Premier League,Wolverhampton,Toti Gomes,Defender,6.49,0.0,0.03,0.06,0.32,0.13,0.13,0.0,0.64,83.33,0.0,0.0,0.0,0.0,0.0,0.0,0.0,0.0,0.0,0.0,0.0,0.0,0.0,0.0,1.48,0.9,6.03,0.77,0.26,0.06,0.06,0.0,0.0,0.06,0.0,0.0,0.0,0.38,51.77,44.45,7.31,85.87,30.09,14.37,4.23,0.19,27.27,2.5,40.63,18,17,1403,0.13,0.06,0.71,0.71,9.17,0.32,4.3,61.47,2.82,66.67,1.48,53.49
474,997103,Premier League,Tottenham Hotspur,Radu Drăguşin,Defender,6.49,0.0,0.05,0.0,0.68,0.0,0.51,0.0,0.17,100.0,0.0,0.0,0.0,0.0,0.0,0.0,0.0,0.0,0.0,0.0,0.0,0.0,0.0,0.0,0.85,2.72,7.32,1.36,0.51,0.34,0.17,0.0,0.0,0.0,0.0,0.0,0.0,0.0,40.49,31.64,8.85,78.15,23.99,7.66,1.87,0.0,0.0,1.02,19.35,9,5,529,0.0,0.0,1.53,0.17,11.74,0.34,4.08,50.0,1.19,35.0,2.89,60.71
475,871706,Premier League,Tottenham Hotspur,Randal Kolo Muani,Forward,6.49,0.06,0.12,0.4,1.08,0.23,0.57,5.26,1.42,39.68,0.06,0.0,0.0,0.0,0.06,0.06,0.17,0.0,0.0,0.0,0.0,0.0,0.0,0.0,1.59,0.17,1.02,0.06,0.74,0.0,0.0,0.0,0.0,0.0,0.11,0.06,0.06,1.14,17.27,12.33,4.94,71.38,3.35,8.98,6.25,0.4,50.0,0.23,44.44,28,20,1584,0.17,0.0,2.22,0.97,13.92,1.99,5.51,36.06,3.98,36.08,1.53,36.0
476,997087,Premier League,Chelsea,Liam Delap,Forward,6.49,0.09,0.39,0.35,3.05,0.96,1.22,2.86,0.87,76.92,0.09,0.0,0.0,0.09,0.0,0.17,0.35,0.09,0.0,0.0,0.0,0.0,0.0,0.0,0.35,0.09,0.96,0.0,0.52,0.0,0.09,0.0,0.0,0.0,0.0,0.0,0.0,0.26,14.83,10.29,4.53,69.41,2.44,7.85,4.8,0.0,0.0,0.09,50.0,26,11,1032,0.26,0.0,1.92,1.57,10.64,1.74,4.8,39.86,2.79,38.55,2.01,41.82
477,901907,Premier League,Burnley,Lyle Foster,Forward,6.48,0.2,0.21,0.2,1.31,0.39,0.46,15.0,0.66,45.45,0.2,0.0,0.0,0.07,0.13,0.0,0.72,0.0,0.0,0.0,0.0,0.0,0.0,0.0,1.05,0.26,1.31,0.2,0.52,0.0,0.0,0.0,0.0,0.0,0.13,0.13,0.0,0.66,18.37,12.86,5.51,70.0,3.54,9.31,5.18,0.07,16.67,0.46,50.0,26,15,1372,0.26,0.0,1.44,0.85,12.46,2.1,4.33,31.73,2.49,34.55,1.84,28.57
478,1016893,Premier League,West Ham United,Luís Guilherme,Forward,6.48,0.0,0.05,0.0,0.74,0.0,0.74,0.0,1.49,33.33,0.0,0.0,0.0,0.0,0.0,0.0,0.0,0.0,0.0,0.0,0.0,0.0,0.0,0.0,0.74,0.0,1.49,0.0,0.74,0.0,0.0,0.0,0.0,0.0,0.0,0.0,0.0,0.74,22.31,20.08,2.23,90.0,11.9,8.18,5.21,0.0,0.0,0.74,100.0,5,1,121,0.0,0.0,0.0,0.0,11.16,3.72,2.23,21.43,2.23,23.08,0.0,0.0
479,1017392,Premier League,Everton,Carlos Alcaraz,Midfielder,6.48,0.0,0.15,0.13,2.4,0.63,0.76,0.0,0.76,42.86,0.0,0.0,0.0,0.0,0.0,0.13,0.13,0.0,0.0,0.0,0.0,0.0,0.0,0.0,1.64,0.38,0.88,0.38,1.52,0.0,0.25,0.0,0.0,0.0,0.25,0.13,0.0,1.14,37.42,30.46,6.95,81.42,12.13,18.33,9.73,0.25,40.0,1.52,66.67,19,6,712,0.51,0.0,1.14,1.39,13.27,1.14,5.31,43.75,3.67,43.28,1.64,44.83
480,336655,Premier League,Bournemouth,Enes Ünal,Forward,6.48,0.38,0.74,0.77,5.38,0.77,2.69,7.14,0.38,25.0,0.38,0.0,0.0,0.38,0.0,0.0,0.77,0.0,0.0,0.0,0.0,0.0,1.54,0.0,0.38,0.0,4.62,0.0,0.0,0.0,0.0,0.0,0.0,0.0,0.0,0.0,0.0,0.0,18.46,12.31,6.15,66.67,4.23,8.08,5.38,0.0,0.0,0.0,0.0,21,0,234,0.38,0.0,2.31,3.08,14.62,2.69,6.54,27.42,3.46,36.0,3.08,21.62
481,1084311,Premier League,Crystal Palace,Justin Devenny,Midfielder,6.48,0.12,0.32,0.49,1.58,0.49,0.61,7.69,0.24,15.38,0.12,0.0,0.0,0.12,0.0,0.12,0.12,0.0,0.12,0.12,100.0,0.0,0.12,0.0,2.8,0.12,1.34,0.0,2.19,0.0,0.0,0.0,0.0,0.12,0.0,0.0,0.0,0.85,27.73,20.07,7.66,72.37,8.03,12.04,6.69,0.0,0.0,0.97,30.77,20,6,740,0.0,0.0,1.22,1.09,16.05,1.34,4.86,36.7,4.14,40.96,0.73,23.08
484,1476524,Premier League,Bournemouth,Alex Tóth,Midfielder,6.47,0.0,0.04,0.0,0.7,0.0,0.7,0.0,0.0,0.0,0.0,0.0,0.0,0.0,0.0,0.0,0.0,0.0,0.0,0.0,0.0,0.0,0.0,0.0,0.7,1.41,2.11,0.0,2.11,0.0,0.7,0.0,0.0,0.0,0.0,0.0,0.0,2.81,23.2,19.69,3.52,84.85,4.92,14.77,7.03,0.0,0.0,0.0,0.0,8,1,128,0.7,0.0,0.7,1.41,9.84,0.0,2.11,27.27,2.11,30.0,0.0,0.0
485,1101174,Premier League,West Ham United,Pablo Felipe,Forward,6.46,0.0,0.09,0.12,1.15,0.23,0.58,0.0,0.81,63.64,0.0,0.0,0.0,0.0,0.0,0.0,0.0,0.0,0.0,0.0,0.0,0.0,0.0,0.0,3.0,0.46,1.38,0.23,0.81,0.12,0.0,0.0,0.0,0.0,0.23,0.12,0.0,1.38,21.78,16.13,5.65,74.07,5.42,10.72,5.99,0.12,33.33,0.23,40.0,13,9,781,0.0,0.0,2.42,0.69,11.06,1.96,6.8,39.6,4.38,43.68,2.42,33.87
486,1884145,Premier League,Crystal Palace,Christantus Uche,Forward,6.46,0.0,0.23,0.47,2.8,0.93,0.93,0.0,0.0,0.0,0.0,0.0,0.0,0.0,0.0,0.0,1.4,0.47,0.0,0.0,0.0,0.0,0.0,0.0,0.47,0.0,1.4,0.0,1.87,0.0,0.0,0.0,0.0,0.0,0.0,0.0,0.0,0.0,27.51,16.32,11.19,59.32,4.66,11.66,7.93,0.0,0.0,0.47,33.33,14,0,193,0.0,0.0,1.87,3.26,24.25,3.26,7.46,33.33,3.73,29.63,3.73,38.1
487,44566,Premier League,Bournemouth,Adam Smith,Defender,6.46,0.0,0.0,0.0,0.0,0.0,0.0,0.0,0.1,100.0,0.0,0.0,0.0,0.0,0.0,0.0,0.0,0.0,0.0,0.0,0.0,0.0,0.0,0.0,1.28,0.59,3.34,0.59,1.08,0.0,0.0,0.0,0.0,0.39,0.1,0.2,0.0,0.49,28.85,22.08,6.77,76.53,10.89,11.19,5.69,0.1,9.09,0.88,18.37,20,12,917,0.29,0.0,1.47,0.79,10.01,0.2,3.34,45.95,2.06,44.68,1.28,48.15
488,1392044,Premier League,Burnley,Quilindschy Hartman,Defender,6.46,0.0,0.02,0.05,0.44,0.15,0.2,0.0,0.25,41.67,0.0,0.0,0.0,0.0,0.0,0.0,0.05,0.0,0.0,0.0,0.0,0.0,0.0,0.0,2.56,1.52,3.25,0.2,0.64,0.05,0.05,0.0,0.0,0.1,0.3,0.25,0.0,0.98,36.2,27.39,8.8,75.68,15.25,12.15,5.8,0.54,14.47,1.72,33.65,21,21,1830,0.05,0.0,0.64,0.15,15.39,0.3,3.44,55.12,2.95,60.61,0.49,35.71
493,552036,Premier League,Burnley,Josh Laurent,Midfielder,6.45,0.05,0.04,0.05,0.71,0.2,0.31,7.14,0.46,50.0,0.05,0.0,0.0,0.0,0.05,0.05,0.1,0.0,0.0,0.0,0.0,0.0,0.0,0.0,2.3,1.38,1.94,0.41,1.12,0.05,0.0,0.05,0.0,0.05,0.0,0.0,0.0,0.61,32.7,25.51,7.19,78.0,13.16,12.35,5.2,0.2,26.67,0.82,27.59,32,18,1764,0.36,0.05,1.48,0.56,10.41,0.77,4.64,48.15,3.32,46.76,1.33,52.0
494,805123,Premier League,Newcastle United,Yoane Wissa,Forward,6.44,0.17,0.55,1.05,2.27,0.87,1.4,7.69,0.17,8.33,0.17,0.0,0.0,0.0,0.17,0.0,0.7,0.0,0.0,0.0,0.0,0.0,0.0,0.0,0.87,0.0,0.35,0.17,0.17,0.0,0.0,0.0,0.0,0.0,0.17,0.17,0.0,0.52,14.68,9.79,4.89,66.67,3.32,6.47,4.72,0.0,0.0,0.52,75.0,18,4,515,0.35,0.0,1.05,0.17,9.79,1.05,3.67,32.31,1.22,22.58,2.45,41.18
495,599128,Premier League,Brentford,Rico Henry,Defender,6.43,0.0,0.01,0.0,0.34,0.0,0.27,0.0,1.01,50.0,0.0,0.0,0.0,0.0,0.0,0.0,0.13,0.0,0.0,0.0,0.0,0.0,0.0,0.0,1.01,0.54,2.77,0.34,0.54,0.07,0.2,0.07,0.0,0.2,0.07,0.07,0.0,0.27,32.45,24.96,7.49,76.92,13.43,11.54,5.06,0.2,12.0,1.55,38.98,25,14,1334,0.13,0.0,1.01,1.15,14.71,0.61,4.45,49.25,3.17,50.0,1.28,47.5
496,1627806,Premier League,Brighton & Hove Albion,Harry Howell,Midfielder,6.43,0.0,0.0,0.0,0.0,0.0,0.0,0.0,1.94,66.67,0.0,0.0,0.0,0.0,0.0,0.0,0.97,0.0,0.0,0.0,0.0,0.0,0.0,0.0,0.97,0.0,2.9,0.0,1.94,0.0,0.0,0.0,0.0,0.0,0.0,0.0,0.0,0.0,32.9,28.06,4.84,85.29,10.65,17.42,6.77,0.0,0.0,1.94,50.0,3,1,93,0.0,0.0,0.0,0.0,13.55,1.94,4.84,35.71,2.9,37.5,1.94,33.33
497,850823,Premier League,Leeds United,Joël Piroe,Forward,6.43,0.0,0.27,0.3,3.56,0.59,1.49,0.0,0.3,33.33,0.0,0.0,0.0,0.0,0.0,0.0,0.3,0.0,0.0,0.0,0.0,0.0,0.0,0.0,0.3,0.3,0.3,0.0,0.3,0.0,0.0,0.0,0.0,0.0,0.0,0.0,0.0,0.3,27.62,22.87,4.75,82.8,10.1,12.77,8.91,0.3,25.0,1.78,85.71,15,2,303,0.0,0.0,1.19,0.0,9.8,1.49,1.78,19.35,0.59,15.38,1.19,22.22
498,996985,Premier League,Burnley,Armando Broja,Forward,6.41,0.1,0.22,0.31,1.65,0.62,0.21,6.25,0.82,33.33,0.1,0.0,0.1,0.0,0.0,0.0,0.62,0.0,0.0,0.0,0.0,0.0,0.0,0.0,0.62,0.31,0.93,0.0,0.51,0.0,0.0,0.0,0.0,0.0,0.1,0.1,0.0,0.51,15.55,10.81,4.74,69.54,2.47,8.34,5.35,0.1,33.33,0.1,100.0,24,8,874,0.0,0.0,1.44,1.65,12.25,2.06,6.69,33.33,3.09,35.71,3.6,31.53
499,954061,Premier League,Nottingham Forest,Arnaud Kalimuendo,Forward,6.4,0.0,0.37,0.85,3.4,0.85,0.0,0.0,0.0,0.0,0.0,0.0,0.0,0.0,0.0,0.0,0.85,0.0,0.0,0.0,0.0,0.0,0.0,0.0,0.85,0.0,0.85,0.0,0.0,0.0,0.0,0.0,0.0,0.0,0.0,0.0,0.0,0.85,24.62,20.38,4.25,82.76,3.4,16.98,10.19,0.0,0.0,0.0,0.0,9,0,106,0.0,0.0,1.7,0.0,10.19,0.85,4.25,41.67,0.85,20.0,3.4,57.14
510,876599,Premier League,Crystal Palace,Jørgen Strand Larsen,Forward,6.38,0.16,0.21,0.2,1.73,0.56,0.76,9.3,0.44,42.31,0.16,0.0,0.04,0.0,0.12,0.12,0.4,0.0,0.08,0.04,50.0,0.0,0.0,0.0,0.36,0.16,1.49,0.28,0.56,0.0,0.0,0.0,0.0,0.08,0.04,0.04,0.0,0.4,19.13,12.22,6.91,63.87,4.26,7.96,4.14,0.0,0.0,0.28,41.18,35,25,2239,0.16,0.0,1.93,0.8,12.02,1.09,4.66,34.42,1.61,28.17,3.05,38.97
511,1390490,Premier League,Nottingham Forest,Zach Abbott,Defender,6.37,0.0,0.0,0.0,0.0,0.0,0.0,0.0,0.55,33.33,0.0,0.0,0.0,0.0,0.0,0.0,0.0,0.0,0.0,0.0,0.0,0.0,0.0,0.0,2.18,0.55,3.82,0.55,0.0,0.0,0.0,0.55,0.0,0.0,0.0,0.0,0.0,0.0,33.82,24.0,9.82,70.97,15.27,8.73,4.91,0.55,33.33,0.55,12.5,3,2,165,0.0,0.0,1.64,0.55,18.55,1.09,6.55,60.0,3.27,50.0,3.27,75.0
512,357584,Premier League,Crystal Palace,Borna Sosa,Midfielder,6.37,0.0,0.04,0.0,0.91,0.0,0.91,0.0,0.0,0.0,0.0,0.0,0.0,0.0,0.0,0.0,0.0,0.0,0.0,0.0,0.0,0.0,0.0,0.0,2.73,1.82,3.64,0.0,0.0,0.0,0.0,0.0,0.0,0.0,0.0,0.0,0.0,1.82,37.27,23.64,13.64,63.41,10.0,13.64,10.91,0.0,0.0,1.82,25.0,7,0,99,0.91,0.0,3.64,0.0,23.64,0.0,5.45,50.0,2.73,37.5,2.73,75.0
513,842513,Premier League,Brighton & Hove Albion,Igor Júlio,Defender,6.37,0.0,0.0,0.0,0.0,0.0,0.0,0.0,0.0,0.0,0.0,0.0,0.0,0.0,0.0,0.0,0.0,0.0,0.0,0.0,0.0,0.0,0.0,0.0,0.0,0.74,7.38,1.48,0.0,0.0,0.0,0.0,0.0,0.0,0.0,0.0,0.0,0.74,16.23,11.8,4.43,72.73,8.11,3.69,1.48,0.0,0.0,1.48,33.33,4,1,122,0.0,0.0,0.74,0.0,6.64,0.0,0.0,0.0,0.0,0.0,0.0,0.0
518,1482340,Premier League,Tottenham Hotspur,Souza,Defender,6.3,0.0,0.01,0.0,0.62,0.62,0.0,0.0,0.0,0.0,0.0,0.0,0.0,0.0,0.0,0.0,0.0,0.0,0.0,0.0,0.0,0.0,0.0,0.0,0.0,1.25,2.5,0.0,1.88,0.0,0.0,0.0,0.0,0.0,0.0,0.0,0.0,1.88,16.88,15.62,1.25,92.59,7.5,8.12,3.75,0.0,0.0,0.0,0.0,4,2,144,0.62,0.0,1.88,1.25,5.0,0.62,1.25,16.67,1.25,18.18,0.0,0.0
520,1414933,Premier League,Chelsea,Marc Guiu,Forward,6.28,0.0,0.51,0.98,4.24,0.65,2.93,0.0,0.33,25.0,0.0,0.0,0.0,0.0,0.0,0.33,0.65,0.0,0.0,0.0,0.0,0.0,0.0,0.0,0.0,0.0,1.3,0.0,0.65,0.0,0.0,0.0,0.0,0.0,0.33,0.33,0.0,0.98,10.43,7.17,3.26,68.75,1.63,5.54,3.26,0.0,0.0,0.0,0.0,10,1,276,0.33,0.0,3.26,0.65,7.5,0.33,2.61,22.22,0.98,15.79,1.63,29.41
521,840103,Premier League,Nottingham Forest,John Victor,Goalkeeper,6.28,0.0,0.0,0.0,0.0,0.0,0.0,0.0,0.0,0.0,0.0,0.0,0.0,0.0,0.0,0.0,0.0,0.0,0.0,0.0,0.0,0.0,0.0,0.0,0.0,0.0,0.82,0.0,0.0,0.21,0.0,0.0,0.0,0.21,0.0,0.0,0.0,0.0,26.71,17.05,9.66,63.85,12.12,4.93,1.44,0.0,0.0,6.16,38.96,5,5,438,0.21,0.0,0.0,0.0,10.27,0.0,0.0,0.0,0.0,0.0,0.0,0.0
522,1005959,Premier League,Brentford,Hákon Rafn Valdimarsson,Goalkeeper,6.2,0.0,0.0,0.0,0.0,0.0,0.0,0.0,0.0,0.0,0.0,0.0,0.0,0.0,0.0,0.0,0.0,0.0,0.0,0.0,0.0,0.0,0.0,0.0,0.0,0.0,0.0,0.0,0.0,0.0,0.0,0.0,0.0,0.0,0.0,0.0,0.0,0.0,41.0,30.0,11.0,73.17,23.0,7.0,0.0,0.0,0.0,12.0,52.17,1,1,90,0.0,0.0,0.0,0.0,11.0,0.0,0.0,0.0,0.0,0.0,0.0,0.0
523,877102,Premier League,West Ham United,Nayef Aguerd,Defender,6.2,0.0,0.05,0.0,1.0,0.0,1.0,0.0,0.5,100.0,0.0,0.0,0.0,0.0,0.0,0.0,0.0,0.0,0.0,0.0,0.0,0.0,0.0,0.0,0.5,0.5,5.5,1.0,0.0,0.0,0.0,0.0,0.0,0.0,0.0,0.0,0.0,0.0,57.5,52.0,5.5,90.43,31.0,21.0,8.5,0.0,0.0,3.0,46.15,2,2,180,0.0,0.0,0.0,0.5,7.0,0.0,3.5,70.0,1.5,100.0,2.0,57.14
524,132645,Premier League,West Ham United,Niclas Füllkrug,Forward,6.19,0.0,0.2,0.22,1.99,0.66,0.88,0.0,0.0,0.0,0.0,0.0,0.0,0.0,0.0,0.0,0.66,0.0,0.0,0.0,0.0,0.0,0.0,0.0,0.44,0.44,0.88,0.22,0.22,0.0,0.0,0.0,0.0,0.0,0.0,0.0,0.0,1.54,20.51,12.57,7.94,61.29,4.19,8.38,3.97,0.0,0.0,0.22,50.0,8,5,408,0.0,0.0,2.43,0.22,11.25,1.32,4.63,30.43,0.66,15.79,3.97,36.0
525,1154657,Premier League,Chelsea,Mamadou Sarr,Defender,6.15,0.0,0.4,0.92,0.92,0.0,0.92,0.0,0.0,0.0,0.0,0.0,0.0,0.0,0.0,0.0,0.0,0.0,0.0,0.0,0.0,0.0,0.0,0.0,0.92,0.92,4.59,0.92,0.0,0.0,0.0,0.0,0.0,0.0,0.0,0.0,0.0,0.0,45.0,41.33,3.67,91.84,38.57,2.76,0.92,0.0,0.0,0.0,0.0,2,1,98,0.0,0.0,0.0,0.0,4.59,0.0,0.92,33.33,0.92,50.0,0.0,0.0
