#,Player ID,League,Team,Name,Position,Sofascore Rating,Goals,xG,Big chances missed,Total shots,Shots on target,Shots off target,Goal conversion %,Succ. dribbles,Succ. dribbles %,Goals inside box,Goals outside box,Headed goals,Left-footed goals,Right-footed goals,Hit woodwork,Offsides,Penalties won,Penalties taken,Penalty goals,Penalty conversion %,Free kick goals,Shots from set piece,Set piece conv. %,Tackles,Interceptions,Clearances,Blocked shots,Dribbled past,Errors leading to goal,Errors leading to shot,Penalties committed,Own goals,Clean sheets,Big chances created,Assists,Passes to assist,Key passes,Total passes,Accurate passes,Inaccurate passes,Accurate passes %,Passes in own half,Passes in opp. half,Acc. final third passes,Accurate crosses,Accurate crosses %,Accurate long balls,Accurate long balls %,Appearances,Started,Minutes played,Yellow cards,Red cards,Fouls,Was fouled,Possession lost,Dispossessed,Total duels won,Total duels won %,Ground duels won,Ground duels won %,Aerial duels won,Aerial duels won %
1,288205,Premier League,Manchester United,Bruno Fernandes,Midfielder,7.58,8,10.77,8,84,23,31,9.52,15,41.67,7,1,0,0,8,5,4,0,6,4,66.67,1,5,20.0,52,19,42,5,38,0,3,1,0,6,32,20,1,133,1940,1592,348,82.06,532,1060,647,54,30.17,135,60.27,34,34,2976,5,0,25,35,584,30,122,45.52,101,46.98,21,39.62
2,866469,Premier League,Newcastle United,Bruno Guimarães,Midfielder,7.48,9,5.58,4,41,22,13,21.95,18,38.3,6,3,2,1,6,2,2,2,2,2,100.0,0,2,0.0,62,15,36,3,26,0,0,0,0,6,7,5,1,46,1404,1210,194,86.18,461,749,434,21,26.25,79,60.77,28,26,2389,5,0,43,72,394,44,165,50.61,152,52.23,13,37.14
3,934386,Premier League,Manchester City,Jérémy Doku,Midfielder,7.44,5,2.6,4,36,14,8,13.89,82,57.34,3,2,0,2,3,1,3,2,0,0,0.0,0,0,0.0,23,13,2,0,10,0,0,0,0,2,13,5,1,58,744,620,124,83.33,107,513,375,16,28.57,13,61.9,28,18,1695,0,0,23,59,358,48,167,52.85,163,53.62,4,33.33
4,856714,Premier League,Arsenal,Declan Rice,Midfielder,7.43,4,3.17,3,40,13,14,10.0,14,50.0,3,1,1,0,3,0,1,0,0,0,0.0,0,5,0.0,65,36,75,12,14,1,0,0,0,12,17,5,1,64,2053,1792,261,87.29,779,1013,514,47,27.01,81,47.65,35,34,3009,3,0,26,10,483,18,138,58.97,89,55.28,49,67.12
5,827606,Premier League,Manchester City,Rodri,Midfielder,7.42,1,0.81,0,12,2,5,8.33,6,46.15,1,0,1,0,0,0,0,0,0,0,0.0,0,0,0.0,39,13,40,3,14,0,3,0,0,3,2,0,0,23,1530,1381,149,90.26,564,817,321,1,20.0,86,69.92,20,16,1423,2,0,13,27,184,10,106,65.84,72,62.07,34,75.56
6,980643,Premier League,Manchester City,James Trafford,Goalkeeper,7.4,0,,0,0,0,0,0.0,1,100.0,0,0,0,0,0,0,0,0,0,0,0.0,0,0,0.0,2,0,6,0,0,1,0,0,0,1,0,0,0,0,107,77,30,71.96,74,3,1,0,0.0,13,32.5,3,3,270,0,0,0,1,30,0,5,100.0,4,100.0,1,100.0
7,994546,Premier League,Nottingham Forest,Elliot Anderson,Midfielder,7.34,4,2.89,1,43,10,15,9.3,50,54.95,3,1,0,1,3,0,2,0,1,1,100.0,0,2,0.0,101,40,48,16,40,0,3,1,0,7,8,4,1,53,2340,1999,341,85.43,906,1093,576,49,28.16,119,53.85,37,36,3269,8,0,56,79,648,60,293,54.87,227,53.79,66,58.93
8,839956,Premier League,Manchester City,Erling Haaland,Forward,7.32,26,25.2,30,124,58,43,20.97,15,50.0,25,1,3,20,3,6,4,0,4,3,75.0,0,0,0.0,15,5,39,1,6,0,0,0,0,9,8,8,0,24,369,240,129,65.04,87,153,101,1,33.33,4,28.57,34,33,2868,2,0,23,25,219,22,127,54.04,55,46.22,72,62.07
9,117777,Premier League,Sunderland,Granit Xhaka,Midfielder,7.32,1,1.02,0,21,5,10,4.76,11,45.83,0,1,0,1,0,1,0,0,0,0,0.0,0,3,0.0,50,29,82,20,16,0,3,0,0,9,9,6,0,34,1755,1467,288,83.59,640,827,423,23,24.73,133,54.51,33,31,2813,7,0,22,41,415,17,154,60.63,99,60.0,55,61.8
10,877994,Premier League,Manchester City,Marc Guéhi,Defender,7.32,3,4.12,6,32,9,15,9.38,7,63.64,3,0,1,0,2,2,0,1,0,0,0.0,0,0,0.0,45,49,163,22,11,2,0,0,0,14,5,3,0,18,2257,2023,234,89.63,1079,944,394,3,17.65,75,40.76,34,34,3060,6,0,23,36,292,17,191,64.75,88,61.97,103,67.32
11,869792,Premier League,Arsenal,Gabriel Magalhães,Defender,7.29,3,2.92,4,26,7,9,11.54,1,50.0,3,0,1,2,0,2,0,0,0,0,0.0,0,0,0.0,37,23,174,34,6,1,2,0,0,16,5,4,0,7,1651,1456,195,88.19,886,570,197,1,20.0,73,44.24,30,29,2616,4,0,18,31,224,4,164,65.86,69,71.88,95,62.09
12,151545,Premier League,Liverpool FC,Virgil van Dijk,Defender,7.25,6,3.7,8,29,14,11,20.69,2,100.0,6,0,5,0,0,1,1,0,0,0,0.0,0,0,0.0,22,26,273,24,2,2,2,1,0,10,0,0,0,11,2729,2431,298,89.08,1307,1124,398,0,0.0,133,46.02,37,37,3330,4,0,19,16,318,1,207,73.14,40,68.97,167,74.22
13,979128,Premier League,Manchester City,Rayan Cherki,Midfielder,7.25,4,4.07,2,53,13,18,7.55,50,48.54,3,1,0,0,4,3,1,0,0,0,0.0,0,4,0.0,26,7,7,1,19,0,1,0,0,3,19,12,1,61,1246,1078,168,86.52,279,799,465,23,30.67,31,48.44,31,19,1728,1,0,16,34,360,34,111,46.25,110,47.41,1,12.5
14,962012,Premier League,Brighton & Hove Albion,Jan Paul van Hecke,Defender,7.24,3,3.3,3,23,10,6,13.04,3,60.0,3,0,1,0,2,1,4,0,0,0,0.0,0,0,0.0,52,45,185,28,21,4,0,1,1,9,2,3,0,13,2450,2135,315,87.14,1305,830,326,10,47.62,128,47.41,35,35,3121,9,0,27,43,354,5,204,60.71,94,64.38,110,57.89
15,189061,Premier League,Everton,Jack Grealish,Midfielder,7.23,2,2.15,4,26,8,6,7.69,23,40.35,1,1,0,1,1,1,0,0,0,0,0.0,0,0,0.0,21,12,11,6,10,0,2,0,0,5,5,6,2,40,573,482,91,84.12,135,347,238,10,25.64,18,56.25,20,18,1631,3,1,13,58,227,30,106,50.48,102,54.55,4,17.39
16,934235,Premier League,Arsenal,Bukayo Saka,Forward,7.23,7,7.36,8,68,27,18,10.29,50,50.51,7,0,1,4,2,1,14,0,1,1,100.0,0,2,0.0,36,15,10,1,15,0,1,0,0,7,11,4,2,62,741,569,172,76.79,113,456,324,39,32.77,14,35.9,30,24,2135,2,0,31,51,391,30,159,50.96,137,52.69,22,42.31
17,830659,Premier League,Bournemouth,Marcos Senesi,Defender,7.23,0,1.52,2,17,5,8,0.0,6,66.67,0,0,0,0,0,1,1,1,0,0,0.0,0,0,0.0,59,54,243,45,26,0,2,0,0,10,7,5,0,24,2172,1686,486,77.62,955,731,309,8,32.0,173,38.36,35,35,3110,8,0,34,36,565,13,188,52.37,100,57.47,88,47.57
18,927361,Premier League,Everton,James Garner,Midfielder,7.22,2,1.99,0,44,14,19,4.55,17,53.13,1,1,0,0,2,1,0,0,0,0,0.0,0,11,0.0,116,58,85,9,45,0,1,0,0,11,12,7,0,52,1739,1513,226,87.0,644,869,472,50,25.13,58,46.03,37,37,3324,12,0,39,39,468,14,200,60.79,171,60.42,29,63.04
19,122951,Premier League,Manchester United,Casemiro,Midfielder,7.22,9,5.52,6,52,18,18,17.31,6,37.5,8,1,8,0,1,1,5,0,0,0,0.0,0,0,0.0,90,31,73,27,50,0,5,0,0,2,4,2,0,36,1600,1301,299,81.31,608,693,306,4,23.53,86,54.09,34,33,2593,9,1,46,36,369,13,188,52.66,131,53.25,57,51.35
20,318941,Premier League,Manchester City,Rúben Dias,Defender,7.2,2,0.56,1,10,4,3,20.0,3,50.0,1,1,0,0,2,0,0,0,0,0,0.0,0,0,0.0,13,22,115,17,2,0,2,0,0,11,0,0,0,6,1688,1570,118,93.01,848,722,229,3,33.33,47,50.0,25,23,2059,3,0,14,9,134,3,82,60.74,24,52.17,58,65.17
21,885908,Premier League,Chelsea,Reece James,Defender,7.19,2,1.01,0,21,6,6,9.52,11,52.38,1,1,0,0,2,2,1,0,0,0,0.0,1,7,14.29,48,33,41,6,10,1,3,0,0,4,8,4,0,27,1300,1156,144,88.92,567,589,298,30,24.0,56,55.45,28,20,1923,4,0,27,21,292,13,111,59.36,80,57.14,31,65.96
22,861970,Premier League,Everton,Kiernan Dewsbury-Hall,Midfielder,7.19,8,4.3,3,38,15,13,21.05,27,55.1,8,0,0,6,2,1,2,0,0,0,0.0,0,0,0.0,51,12,28,3,17,0,1,1,0,5,10,4,0,37,1002,829,173,82.73,252,577,363,20,18.52,23,37.1,30,29,2551,6,0,31,46,383,48,143,51.07,123,51.9,20,46.51
23,331737,Premier League,Aston Villa,Youri Tielemans,Midfielder,7.18,0,1.15,2,23,6,10,0.0,9,52.94,0,0,0,0,0,0,1,0,0,0,0.0,0,0,0.0,56,18,18,14,23,0,1,0,0,2,5,4,0,30,1112,942,170,84.71,376,566,280,12,27.27,60,63.16,24,21,1845,0,0,25,41,254,13,127,59.91,105,60.69,22,56.41
24,1142562,Premier League,West Ham United,Mateus Fernandes,Midfielder,7.18,3,1.98,1,27,7,9,11.11,28,60.87,2,1,1,0,2,1,0,0,0,0,0.0,0,0,0.0,98,34,35,12,40,0,4,0,0,4,3,3,0,35,1518,1329,189,87.55,647,682,337,12,24.0,108,62.43,35,34,2934,7,0,48,48,321,31,192,55.65,174,56.31,18,50.0
25,869856,Premier League,Liverpool FC,Dominik Szoboszlai,Midfielder,7.17,6,4.43,3,69,22,23,8.7,25,52.08,2,4,0,1,5,2,2,0,1,0,0.0,4,14,28.57,53,29,58,8,39,2,5,0,0,8,12,7,0,74,2127,1864,263,87.64,756,1108,635,67,33.67,127,61.65,35,35,3143,8,1,40,30,507,26,127,45.52,108,45.76,19,44.19
26,145188,Premier League,Everton,James Tarkowski,Defender,7.17,2,2.69,4,20,10,4,10.0,4,57.14,2,0,1,0,1,0,2,0,0,0,0.0,0,0,0.0,50,30,237,50,13,1,7,1,0,11,2,3,1,19,1520,1224,296,80.53,803,421,150,2,28.57,99,41.08,36,36,3240,7,0,30,35,325,1,229,68.36,86,66.15,143,69.76
27,987650,Premier League,Chelsea,Moisés Caicedo,Midfielder,7.16,3,1.39,1,26,7,7,11.54,14,56.0,1,2,0,0,3,0,0,0,0,0,0.0,0,0,0.0,87,56,28,14,24,1,3,1,0,5,4,1,1,17,1940,1783,157,91.91,854,929,376,2,28.57,58,64.44,31,30,2627,11,1,51,49,221,18,164,55.78,150,59.52,14,33.33
28,889861,Premier League,Leeds United,Anton Stach,Midfielder,7.14,5,2.92,1,55,14,17,9.09,20,47.62,1,4,0,1,4,0,0,0,0,0,0.0,3,8,37.5,65,20,52,9,24,0,1,1,0,5,9,3,0,63,939,726,213,77.32,284,442,250,45,28.66,42,53.85,29,28,2378,3,0,36,24,414,26,155,53.08,107,49.77,48,62.34
29,847097,Premier League,Leeds United,Ethan Ampadu,Midfielder,7.14,1,2.5,3,26,6,9,3.85,12,70.59,1,0,0,0,1,0,0,1,0,0,0.0,0,0,0.0,79,50,80,17,17,0,4,1,0,6,1,1,1,19,1669,1424,245,85.32,753,671,275,9,36.0,81,52.26,34,34,3033,9,0,49,35,425,12,178,62.24,124,62.0,54,62.79
30,974505,Premier League,Chelsea,Enzo Fernández,Midfielder,7.13,9,11.22,9,70,30,20,12.86,11,24.44,8,1,1,0,8,4,1,0,2,2,100.0,1,7,14.29,51,20,27,1,35,0,0,0,0,5,10,3,1,65,1936,1678,258,86.67,662,1016,549,16,19.28,90,62.07,34,33,2941,9,0,32,42,460,40,128,43.54,104,42.62,24,48.0
31,826204,Premier League,Aston Villa,Boubacar Kamara,Midfielder,7.12,1,0.49,2,7,4,0,14.29,14,45.16,0,1,0,1,0,0,0,0,0,0,0.0,0,0,0.0,37,18,20,8,19,0,3,0,0,2,0,3,0,15,818,722,96,88.26,330,392,198,0,0.0,31,67.39,18,17,1418,5,0,17,30,145,15,116,56.86,80,54.05,36,64.29
32,355528,Premier League,Fulham,Harry Wilson,Midfielder,7.12,10,5.72,1,76,25,25,13.16,18,54.55,7,3,0,9,1,1,13,0,0,0,0.0,1,6,16.67,28,15,48,3,24,0,2,0,0,4,8,6,0,38,769,625,144,81.27,202,423,261,32,28.07,37,56.92,35,32,2673,7,0,13,37,305,23,88,48.09,83,52.53,5,20.0
33,829932,Premier League,Tottenham Hotspur,Cristian Romero,Defender,7.11,4,1.31,1,17,6,9,23.53,8,80.0,4,0,3,0,1,0,1,0,0,0,0.0,0,0,0.0,58,30,94,14,11,1,2,0,0,4,4,1,1,12,1128,985,143,87.32,669,316,104,0,0.0,47,48.96,23,22,1872,9,2,32,16,170,6,155,66.24,82,62.12,73,71.57
34,48480,Premier League,Brighton & Hove Albion,Pascal Groß,Midfielder,7.1,1,1.34,1,16,8,3,6.25,7,43.75,1,0,0,0,1,0,4,0,0,0,0.0,0,0,0.0,29,11,23,4,18,0,1,0,0,5,5,3,0,39,1015,873,142,86.01,414,459,256,40,34.19,36,49.32,18,17,1546,2,0,16,12,258,8,61,48.03,48,48.98,13,44.83
35,1445189,Premier League,Wolverhampton,Tom Edozie,Midfielder,7.1,1,0.23,0,2,1,1,50.0,2,66.67,1,0,0,0,1,0,0,0,0,0,0.0,0,0,0.0,1,0,0,0,0,0,0,0,0,0,0,0,0,0,7,5,2,71.43,2,3,1,0,0.0,1,100.0,3,0,26,0,0,0,0,5,2,3,50.0,3,50.0,0,0.0
36,975079,Premier League,Chelsea,João Pedro,Forward,7.1,15,14.36,11,71,28,22,21.13,37,51.39,15,0,3,5,7,0,16,3,0,0,0.0,0,0,0.0,26,5,27,5,4,0,0,0,0,3,6,5,0,29,677,515,162,76.07,173,342,194,1,5.56,11,52.38,34,30,2584,4,0,36,54,373,53,187,48.32,116,48.54,71,47.97
37,249859,Premier League,Crystal Palace,Walter Benítez,Goalkeeper,7.1,0,,0,0,0,0,0.0,0,0.0,0,0,0,0,0,0,0,0,0,0,0.0,0,0,0.0,0,0,1,0,0,0,0,0,0,1,0,0,0,0,27,18,9,66.67,14,4,2,0,0.0,5,35.71,1,1,90,0,0,0,0,9,0,0,0.0,0,0.0,0,0.0
38,1128801,Premier League,Burnley,Max Weiss,Goalkeeper,7.1,0,,0,0,0,0,0.0,0,0.0,0,0,0,0,0,0,0,0,0,0,0.0,0,0,0.0,0,0,2,0,0,0,0,0,0,0,0,0,0,0,24,9,15,37.5,6,3,1,0,0.0,5,25.0,1,1,90,0,0,0,0,17,0,0,0.0,0,0.0,0,0.0
39,101367,Premier League,Wolverhampton,Daniel Bentley,Goalkeeper,7.1,0,,0,0,0,0,0.0,0,0.0,0,0,0,0,0,0,0,0,0,0,0.0,0,0,0.0,0,0,5,0,0,0,0,0,0,0,0,0,0,0,88,44,44,50.0,34,10,5,0,0.0,14,24.14,3,3,270,0,0,0,2,44,0,3,100.0,2,100.0,1,100.0
40,125274,Premier League,Nottingham Forest,Stefan Ortega,Goalkeeper,7.1,0,,0,0,0,0,0.0,0,0.0,0,0,0,0,0,0,0,0,0,0,0.0,0,0,0.0,0,0,1,0,0,0,0,0,0,1,0,0,0,0,68,47,21,69.12,37,10,5,0,0.0,23,52.27,3,3,270,0,0,0,0,21,0,1,100.0,0,0.0,1,100.0
41,101882,Premier League,Newcastle United,Fabian Schär,Defender,7.1,0,0.98,2,17,4,9,0.0,0,0.0,0,0,0,0,0,1,1,0,0,0,0.0,0,2,0.0,14,18,71,12,6,0,3,0,0,4,0,0,0,4,796,672,124,84.42,432,240,78,1,25.0,71,46.1,16,11,1091,1,0,15,6,138,1,66,57.89,20,48.78,46,63.01
42,1168513,Premier League,Manchester City,Max Alleyne,Defender,7.1,0,0.26,1,2,1,1,0.0,3,75.0,0,0,0,0,0,0,0,0,0,0,0.0,0,0,0.0,3,4,4,0,0,0,0,0,0,0,0,0,0,1,128,120,8,93.75,63,57,13,0,0.0,8,80.0,2,2,135,0,0,0,0,11,1,9,81.82,6,75.0,3,100.0
43,859999,Premier League,Manchester United,Lisandro Martínez,Defender,7.09,0,0.15,0,5,0,2,0.0,14,87.5,0,0,0,0,0,0,0,0,0,0,0.0,0,0,0.0,18,12,59,12,3,0,1,0,1,3,1,0,0,5,890,801,89,90.0,452,349,110,1,50.0,42,46.67,17,12,1147,0,1,9,2,102,2,46,66.67,34,68.0,12,63.16
44,1464966,Premier League,Bournemouth,Rayan,Midfielder,7.09,5,2.24,0,25,8,8,20.0,11,37.93,4,1,1,1,3,2,1,0,0,0,0.0,0,0,0.0,10,6,13,0,7,0,0,1,0,1,3,2,0,13,274,214,60,78.1,64,150,85,3,14.29,9,60.0,13,11,962,1,0,7,5,135,10,49,41.18,26,38.81,23,44.23
45,886363,Premier League,Manchester United,Matheus Cunha,Forward,7.09,10,7.06,4,90,35,23,11.11,44,48.35,8,2,0,1,9,3,2,2,0,0,0.0,0,0,0.0,39,21,22,3,18,0,0,0,0,3,4,2,1,35,880,708,172,80.45,238,470,283,11,22.0,22,52.38,33,29,2503,4,0,27,54,410,53,164,46.46,136,48.75,28,37.84
46,1104986,Premier League,Bournemouth,Alex Scott,Midfielder,7.07,3,3.81,2,44,13,17,6.82,28,54.9,2,1,0,2,1,1,1,0,0,0,0.0,0,2,0.0,58,36,75,15,23,0,1,1,0,6,4,1,1,27,1346,1141,205,84.77,558,583,260,14,16.87,53,42.4,36,33,2769,5,0,45,60,373,26,180,55.38,145,55.56,35,54.69
47,1109771,Premier League,Crystal Palace,Adam Wharton,Midfielder,7.07,1,1.52,0,32,6,11,3.13,15,51.72,0,1,0,1,0,2,0,0,0,0,0.0,0,0,0.0,70,27,42,3,43,0,2,1,0,5,14,5,0,44,1227,972,255,79.22,417,555,277,28,31.46,68,48.23,33,29,2545,4,1,35,30,398,27,139,48.43,115,49.57,24,43.64
48,994363,Premier League,Brighton & Hove Albion,Bart Verbruggen,Goalkeeper,7.06,0,,0,0,0,0,0.0,1,100.0,0,0,0,0,0,0,0,0,0,0,0.0,0,0,0.0,1,0,31,0,2,4,2,1,1,10,0,0,0,1,1512,1146,366,75.79,1045,101,49,0,0.0,191,34.6,37,37,3330,3,0,2,3,373,0,16,76.19,5,55.56,11,91.67
49,826215,Premier League,Liverpool FC,Ibrahima Konaté,Defender,7.06,1,1.07,2,10,3,4,10.0,5,71.43,1,0,0,0,1,0,0,0,0,0,0.0,0,0,0.0,52,29,187,24,10,0,3,1,0,8,2,0,0,7,2108,1889,219,89.61,1117,772,240,1,33.33,63,45.99,35,35,3011,6,0,32,40,254,5,213,68.49,94,66.2,119,70.41
50,914902,Premier League,Newcastle United,Anthony Gordon,Forward,7.05,6,8.83,9,48,20,17,12.5,33,47.14,6,0,0,0,6,2,5,1,3,3,100.0,0,0,0.0,19,3,13,0,12,1,1,0,0,2,5,2,0,26,517,423,94,81.82,116,307,203,15,21.43,17,65.38,26,24,1817,3,1,13,40,260,26,100,46.95,92,51.4,8,23.53
51,352770,Premier League,Fulham,Alex Iwobi,Midfielder,7.05,4,1.66,0,33,14,6,12.12,16,39.02,2,2,0,1,3,0,1,0,0,0,0.0,0,0,0.0,26,13,18,3,9,0,1,0,0,1,4,3,0,41,1379,1177,202,85.35,547,630,360,30,34.48,71,63.39,28,28,2344,3,0,7,10,356,23,58,44.62,51,44.35,7,46.67
52,923973,Premier League,Aston Villa,Amadou Onana,Midfielder,7.05,2,1.71,4,19,7,8,10.53,7,53.85,1,1,1,0,1,1,0,0,0,0,0.0,0,0,0.0,47,25,58,17,11,1,1,0,0,3,0,0,0,7,841,734,107,87.28,385,349,139,0,0.0,42,64.62,24,21,1759,3,0,20,25,145,10,121,63.68,76,62.3,45,66.18
53,904897,Premier League,Liverpool FC,Ryan Gravenberch,Midfielder,7.05,5,1.8,0,36,12,11,13.89,31,57.41,2,3,0,1,4,1,0,0,0,0,0.0,0,0,0.0,56,47,52,12,17,0,4,0,0,9,4,3,0,28,1827,1625,202,88.94,667,958,457,0,0.0,23,31.94,35,33,2913,5,0,36,41,320,25,155,56.36,128,56.39,27,56.25
54,966837,Premier League,Arsenal,Martín Zubimendi,Midfielder,7.05,5,2.85,2,27,9,10,18.52,7,46.67,3,2,2,0,3,2,1,0,0,0,0.0,0,0,0.0,67,39,75,5,21,2,3,0,0,10,1,1,0,18,1859,1629,230,87.63,731,898,396,2,18.18,51,47.22,36,33,2910,4,0,32,14,295,10,151,59.68,86,55.48,65,66.33
55,1014286,Premier League,Newcastle United,Malick Thiaw,Defender,7.04,4,4.72,6,28,14,6,14.29,8,100.0,4,0,2,1,1,0,2,0,0,0,0.0,0,0,0.0,43,29,182,32,12,2,4,1,0,4,1,0,0,6,1624,1455,169,89.59,906,549,187,1,12.5,84,59.57,34,32,2874,4,0,23,10,190,3,173,64.79,60,63.16,113,65.7
56,859765,Premier League,Manchester City,Phil Foden,Midfielder,7.03,7,6.42,6,55,19,17,12.73,22,52.38,5,2,2,4,1,1,2,0,0,0,0.0,0,2,0.0,34,9,12,3,14,0,2,0,0,7,10,5,1,52,1146,1012,134,88.31,355,657,351,39,33.91,45,63.38,31,22,1983,4,0,18,31,301,29,93,49.21,87,52.1,6,27.27
57,824509,Premier League,Manchester City,Gianluigi Donnarumma,Goalkeeper,7.03,0,,0,0,0,0,0.0,2,100.0,0,0,0,0,0,0,0,0,0,0,0.0,0,0,0.0,0,1,41,0,1,2,3,0,0,15,0,0,0,1,857,688,169,80.28,632,56,14,0,0.0,125,43.4,33,33,2970,7,0,0,3,175,0,21,91.3,5,83.33,16,94.12
58,934354,Premier League,Manchester City,Antoine Semenyo,Midfielder,7.03,16,10.97,7,81,39,28,19.75,56,45.16,12,4,0,6,10,3,18,0,2,1,50.0,1,2,50.0,45,12,29,7,20,0,2,1,0,11,8,4,0,37,893,712,181,79.73,196,516,318,8,16.67,26,50.0,35,35,3086,7,0,55,21,502,61,181,40.86,122,37.77,59,49.17
59,827362,Premier League,Brentford,Caoimhin Kelleher,Goalkeeper,7.03,0,,0,0,0,0,0.0,3,100.0,0,0,0,0,0,0,0,0,0,0,0.0,0,0,0.0,1,1,44,0,1,2,1,3,0,10,0,0,1,3,1258,826,432,65.66,655,171,51,0,0.0,243,36.11,36,36,3240,1,0,3,6,442,0,15,71.43,9,69.23,6,75.0
60,964753,Premier League,Manchester United,Senne Lammens,Goalkeeper,7.02,0,,0,0,0,0,0.0,0,0.0,0,0,0,0,0,0,0,0,0,0,0.0,0,0,0.0,1,0,26,0,1,1,0,0,0,7,0,0,0,0,912,543,369,59.54,396,147,37,0,0.0,186,33.82,31,31,2790,0,0,0,4,378,0,11,91.67,4,80.0,7,100.0
61,829022,Premier League,West Ham United,Konstantinos Mavropanos,Defender,7.02,3,2.55,3,23,8,12,13.04,2,100.0,3,0,2,0,1,0,2,0,0,0,0.0,0,0,0.0,39,48,185,29,12,0,2,0,2,5,0,0,0,4,1133,934,199,82.44,593,341,93,1,33.33,84,44.68,30,26,2445,2,0,12,9,226,2,129,66.49,49,65.33,80,67.23
62,941168,Premier League,Arsenal,William Saliba,Defender,7.02,1,0.86,2,5,1,3,20.0,7,70.0,1,0,1,0,0,0,1,0,0,0,0.0,0,0,0.0,35,17,126,7,6,0,2,0,0,14,1,0,0,10,2041,1896,145,92.9,1216,680,254,4,44.44,57,50.89,30,29,2525,2,0,22,16,179,9,125,56.56,58,59.18,67,54.47
63,362682,Premier League,Fulham,Joachim Andersen,Defender,7.02,0,1.48,2,16,4,9,0.0,6,85.71,0,0,0,0,0,1,0,0,0,0,0.0,0,0,0.0,45,36,229,19,16,2,1,0,0,8,3,1,0,7,2275,1958,317,86.07,1321,637,227,4,26.67,166,45.86,33,33,2884,7,1,31,13,352,3,141,63.23,62,54.87,79,71.82
64,1156586,Premier League,Bournemouth,James Hill,Defender,7.01,0,0.8,1,11,2,8,0.0,2,100.0,0,0,0,0,0,1,2,0,0,0,0.0,0,0,0.0,38,36,156,14,12,0,2,0,2,6,2,3,0,12,929,716,213,77.07,485,231,75,2,18.18,49,30.43,27,20,1940,3,0,13,12,303,5,158,65.56,50,63.29,108,66.67
65,964994,Premier League,Manchester City,Joško Gvardiol,Defender,7.01,2,2.4,2,17,6,7,11.76,2,33.33,2,0,1,0,1,1,0,0,0,0,0.0,0,0,0.0,18,15,60,10,1,0,2,1,0,5,1,2,2,6,1032,922,110,89.34,435,487,202,1,50.0,38,49.35,17,16,1362,2,0,16,7,134,4,55,53.92,27,52.94,28,54.9
66,123689,Premier League,Leeds United,Karl Darlow,Goalkeeper,7.01,0,,0,0,0,0,0.0,1,100.0,0,0,0,0,0,0,0,0,0,0,0.0,0,0,0.0,1,0,29,0,0,0,1,0,0,5,0,0,0,0,807,469,338,58.12,352,117,50,0,0.0,163,33.13,21,21,1890,1,0,0,7,341,0,13,100.0,7,100.0,6,100.0
67,138530,Premier League,Everton,Jordan Pickford,Goalkeeper,7.01,0,,0,0,0,0,0.0,0,0.0,0,0,0,0,0,0,0,0,0,0,0.0,0,0,0.0,2,0,49,0,1,3,0,1,0,11,1,0,0,2,1396,856,540,61.32,594,262,144,0,0.0,354,39.78,37,37,3330,4,0,1,6,549,0,13,76.47,8,80.0,5,71.43
68,364612,Premier League,Tottenham Hotspur,João Palhinha,Midfielder,7.01,4,2.2,0,28,8,8,14.29,9,42.86,3,1,0,0,4,1,0,0,0,0,0.0,0,0,0.0,104,27,51,11,23,0,2,0,0,3,1,2,0,6,946,767,179,81.08,429,338,121,0,0.0,37,39.78,31,21,2039,7,0,24,31,254,27,179,61.94,144,62.61,35,59.32
69,907072,Premier League,Brentford,Mikkel Damsgaard,Midfielder,7.01,4,2.62,3,29,11,13,13.79,17,34.0,4,0,1,0,3,1,4,0,0,0,0.0,0,1,0.0,57,25,16,3,45,1,1,0,0,3,12,4,0,40,937,714,223,76.2,219,495,304,26,27.66,36,40.0,32,24,2060,0,0,19,23,421,33,114,42.38,96,42.86,18,40.0
70,982780,Premier League,Chelsea,Cole Palmer,Midfielder,7.01,9,10.14,5,58,22,16,15.52,22,35.48,9,0,0,9,0,0,2,0,6,5,83.33,0,5,0.0,24,15,12,0,10,0,1,0,0,2,3,1,1,24,763,651,112,85.32,215,436,284,5,14.71,34,66.67,24,22,1786,4,0,13,33,265,33,79,44.63,79,45.4,0,0.0
71,979563,Premier League,Everton,Jarrad Branthwaite,Defender,7.01,1,0.35,0,6,2,3,16.67,0,0.0,1,0,1,0,0,0,1,1,0,0,0.0,0,0,0.0,13,11,41,2,3,0,2,0,0,0,1,0,0,3,351,294,57,83.76,147,147,66,0,0.0,21,53.85,10,7,689,1,0,3,1,76,2,44,68.75,14,53.85,30,78.95
72,917005,Premier League,West Ham United,Crysencio Summerville,Midfielder,7.0,5,5.14,7,53,15,18,9.43,48,48.0,5,0,1,1,3,1,6,1,0,0,0.0,0,0,0.0,41,16,30,4,13,0,1,0,0,4,4,1,0,26,608,504,104,82.89,180,324,188,13,23.64,9,60.0,30,28,2390,6,0,49,67,319,37,163,50.0,156,51.32,7,31.82
73,910046,Premier League,Newcastle United,Sven Botman,Defender,7.0,1,1.74,1,15,4,7,6.67,4,100.0,1,0,1,0,0,1,0,0,0,0,0.0,0,0,0.0,21,26,134,24,3,0,4,1,1,4,3,1,0,8,1114,967,147,86.8,722,245,41,0,0.0,45,43.27,24,20,1748,2,0,12,19,168,5,122,66.3,43,69.35,79,64.75
74,1881902,Premier League,Liverpool FC,Rio Ngumoha,Forward,7.0,2,1.19,0,14,6,5,14.29,30,69.77,2,0,0,0,2,2,0,0,0,0,0.0,0,0,0.0,3,3,3,1,3,0,0,0,0,0,3,1,0,15,176,152,24,86.36,26,126,100,7,41.18,3,50.0,18,4,509,0,0,3,10,78,9,43,56.58,43,60.56,0,0.0
75,1099795,Premier League,Sunderland,Melker Ellborg,Goalkeeper,7.0,0,,0,0,0,0,0.0,1,100.0,0,0,0,0,0,0,0,0,0,0,0.0,0,0,0.0,0,0,6,0,0,0,0,0,0,1,0,0,0,0,98,46,52,46.94,39,7,2,0,0.0,13,20.31,3,3,270,0,0,0,1,52,0,2,100.0,2,100.0,0,0.0
76,1012928,Premier League,Sunderland,Robin Roefs,Goalkeeper,6.99,0,,0,0,0,0,0.0,1,100.0,0,0,0,0,0,0,0,0,0,0,0.0,0,0,0.0,0,0,37,0,2,3,3,0,0,10,1,0,0,4,1293,824,469,63.73,671,153,83,0,0.0,197,29.8,34,34,3060,4,0,0,13,479,0,34,94.44,10,83.33,24,100.0
77,827679,Premier League,Aston Villa,Ezri Konsa,Defender,6.99,0,1.25,1,11,2,5,0.0,8,66.67,0,0,0,0,0,1,0,0,0,0,0.0,0,0,0.0,22,23,122,29,4,1,3,0,0,8,1,0,0,5,2098,2003,95,95.47,1337,666,177,1,20.0,61,61.0,34,34,3036,0,1,11,40,127,6,100,67.11,68,73.12,32,57.14
78,552884,Premier League,West Ham United,Jarrod Bowen,Midfielder,6.99,8,7.03,5,77,27,22,10.39,52,45.61,6,2,1,6,1,2,17,0,1,1,100.0,0,1,0.0,49,27,38,7,25,0,0,0,0,6,14,10,0,43,780,576,204,73.85,156,420,248,26,18.18,16,36.36,37,37,3315,5,0,19,47,558,75,180,43.48,148,45.26,32,36.78
79,547410,Premier League,Arsenal,Martin Ødegaard,Midfielder,6.99,1,1.02,0,21,8,9,4.76,9,37.5,0,1,0,1,0,0,2,0,0,0,0.0,0,0,0.0,19,7,6,0,11,0,1,0,0,3,6,6,1,39,754,636,118,84.35,200,436,275,6,27.27,36,53.73,23,15,1281,0,0,9,7,185,12,38,42.22,35,42.68,3,37.5
80,843754,Premier League,Nottingham Forest,Ibrahim Sangaré,Midfielder,6.98,2,1.15,1,16,5,9,12.5,11,50.0,1,1,0,0,2,1,0,0,0,0,0.0,0,0,0.0,59,21,49,16,22,0,3,2,0,7,2,2,0,12,920,799,121,86.85,381,418,175,0,0.0,37,55.22,27,24,2015,5,0,39,18,184,14,110,49.55,87,50.58,23,46.0
81,42209,Premier League,Burnley,Martin Dúbravka,Goalkeeper,6.98,0,,0,0,0,0,0.0,0,0.0,0,0,0,0,0,0,0,0,0,0,0.0,0,0,0.0,1,0,59,0,1,2,0,0,0,4,0,0,0,0,1204,701,503,58.22,501,200,68,0,0.0,252,33.78,35,35,3150,1,0,0,8,510,0,29,85.29,7,87.5,22,84.62
82,864921,Premier League,Arsenal,Eberechi Eze,Midfielder,6.97,7,4.28,1,59,17,18,11.86,28,58.33,6,1,0,1,6,1,1,0,0,0,0.0,0,1,0.0,18,10,10,1,7,0,1,0,0,2,4,2,0,15,623,526,97,84.43,167,359,215,2,16.67,16,43.24,31,21,1812,1,0,16,36,180,23,91,51.12,82,56.16,9,28.13
83,788784,Premier League,Brighton & Hove Albion,Olivier Boscagli,Defender,6.97,0,0.04,0,1,0,1,0.0,2,100.0,0,0,0,0,0,0,0,0,0,0,0.0,0,0,0.0,16,18,42,2,5,0,0,0,0,3,0,1,0,4,754,652,102,86.47,405,247,91,5,33.33,32,41.03,12,9,819,2,0,7,11,121,1,46,63.89,29,69.05,17,56.67
84,1199282,Premier League,Nottingham Forest,Murillo,Defender,6.97,1,0.74,0,11,4,2,9.09,9,64.29,1,0,0,1,0,0,0,0,0,0,0.0,0,2,0.0,35,34,130,24,6,0,2,0,2,6,1,0,0,8,1132,946,186,83.57,611,335,130,0,0.0,82,48.81,25,25,2133,5,0,23,7,223,9,74,53.62,50,54.35,24,52.17
85,799251,Premier League,Brentford,Mathias Jensen,Midfielder,6.96,3,2.23,2,28,8,10,10.71,19,54.29,1,2,0,0,3,1,2,0,0,0,0.0,0,2,0.0,40,21,36,4,34,0,2,0,0,4,11,1,2,32,1092,881,211,80.68,349,532,296,37,29.6,95,54.6,35,25,2194,3,0,19,13,399,23,80,41.67,72,43.9,8,28.57
86,1194333,Premier League,Manchester City,Abdukodir Khusanov,Defender,6.96,0,0.64,1,6,1,5,0.0,7,77.78,0,0,0,0,0,0,0,0,0,0,0.0,0,0,0.0,26,31,54,9,3,0,1,0,0,5,0,0,0,6,998,917,81,91.88,508,409,123,1,33.33,39,53.42,20,14,1339,2,0,13,6,108,2,54,60.67,39,66.1,15,50.0
87,158263,Premier League,Aston Villa,Emiliano Martínez,Goalkeeper,6.96,0,,0,0,0,0,0.0,0,0.0,0,0,0,0,0,0,0,0,0,0,0.0,0,0,0.0,0,0,27,0,0,3,2,0,0,7,2,1,0,2,1211,893,318,73.74,760,133,51,0,0.0,175,36.01,32,32,2835,2,0,0,17,326,0,28,96.55,12,100.0,16,94.12
88,780014,Premier League,Sunderland,Nordi Mukiele,Defender,6.96,3,1.79,3,23,4,11,13.04,12,46.15,2,1,1,1,1,0,3,0,0,0,0.0,0,0,0.0,67,36,151,9,12,1,2,0,1,8,7,4,0,23,1150,906,244,78.78,493,413,193,14,16.87,45,39.13,31,31,2697,5,0,32,24,500,15,176,58.67,99,57.56,77,60.16
89,945122,Premier League,Manchester City,Matheus Nunes,Defender,6.95,1,0.35,0,7,2,4,14.29,24,47.06,1,0,0,0,1,0,4,1,0,0,0.0,0,0,0.0,56,29,98,8,19,1,2,1,0,12,6,5,0,28,2101,1870,231,89.01,743,1127,591,16,24.62,59,50.86,33,31,2775,5,0,17,29,395,17,149,58.66,109,58.29,40,59.7
90,1088897,Premier League,Sunderland,Jenson Seelt,Defender,6.95,0,,0,0,0,0,0.0,0,0.0,0,0,0,0,0,0,0,0,0,0,0.0,0,0,0.0,4,0,7,1,1,0,0,0,0,0,0,0,0,0,109,96,13,88.07,55,41,9,0,0.0,2,25.0,2,1,134,0,0,1,1,15,1,10,71.43,5,62.5,5,83.33
91,115365,Premier League,Brighton & Hove Albion,Lewis Dunk,Defender,6.95,1,1.71,0,24,3,16,4.17,4,100.0,1,0,1,0,0,0,1,1,0,0,0.0,0,3,0.0,33,30,139,27,20,1,2,1,0,7,1,0,0,7,2411,2221,190,92.12,1628,593,178,1,20.0,79,47.02,32,30,2754,10,0,14,10,215,4,123,58.57,47,55.95,76,60.32
92,803031,Premier League,Manchester United,Matthijs de Ligt,Defender,6.95,1,1.46,1,11,3,5,9.09,1,50.0,1,0,1,0,0,0,0,0,0,0,0.0,0,0,0.0,19,15,68,7,6,0,1,0,0,1,2,0,0,3,612,537,75,87.75,396,141,35,4,80.0,21,47.73,13,13,1170,0,0,6,5,89,1,74,62.71,24,64.86,50,61.73
93,870360,Premier League,Crystal Palace,Daniel Muñoz,Midfielder,6.95,4,2.39,0,26,12,7,15.38,2,13.33,3,1,1,0,3,0,8,0,0,0,0.0,0,0,0.0,74,26,97,1,21,0,2,0,0,10,8,3,1,28,810,640,170,79.01,294,346,185,14,22.58,25,36.23,28,28,2358,7,0,34,18,291,7,138,52.27,94,55.95,44,45.83
94,135666,Premier League,Arsenal,Leandro Trossard,Forward,6.95,6,5.4,8,51,15,18,11.76,23,43.4,4,2,0,1,5,4,5,0,0,0,0.0,0,0,0.0,27,9,14,3,18,0,1,0,0,4,8,6,0,35,726,555,171,76.45,135,420,268,14,24.56,31,41.89,30,20,1917,2,0,13,39,335,38,94,46.08,88,47.31,6,33.33
95,954056,Premier League,Manchester City,Nico González,Midfielder,6.95,1,0.6,0,13,2,3,7.69,12,70.59,0,1,0,0,1,0,0,0,0,0,0.0,0,0,0.0,39,22,42,6,9,0,2,0,0,4,1,0,0,10,1244,1121,123,90.11,431,690,276,1,50.0,31,54.39,24,16,1485,6,0,29,18,165,14,99,54.7,69,56.1,30,51.72
96,1016907,Premier League,Brentford,Igor Thiago,Forward,6.94,22,20.52,20,82,43,23,26.83,29,54.72,22,0,2,6,14,3,23,0,9,8,88.89,0,0,0.0,36,12,63,7,14,0,2,0,0,9,6,1,0,24,615,425,190,69.11,170,255,145,7,43.75,12,50.0,37,36,3194,7,0,72,24,377,41,199,38.72,87,38.33,112,39.02
97,879349,Premier League,Chelsea,Pedro Neto,Midfielder,6.94,5,4.53,3,44,12,11,11.36,44,44.9,4,1,1,3,1,2,6,0,0,0,0.0,1,1,100.0,16,6,13,0,23,0,0,0,0,5,11,4,1,50,893,777,116,87.01,196,581,384,36,20.0,29,65.91,32,28,2489,2,1,15,23,407,24,91,39.39,83,41.71,8,25.0
98,814873,Premier League,Brentford,Vitaly Janelt,Midfielder,6.94,1,0.91,1,12,3,6,8.33,4,40.0,1,0,1,0,0,1,0,0,0,0,0.0,0,0,0.0,24,30,33,8,18,1,0,0,0,4,6,4,0,20,773,671,102,86.8,345,326,156,18,30.51,42,50.0,24,14,1359,7,0,20,12,169,5,61,49.19,38,44.19,23,60.53
99,865523,Premier League,Leeds United,Noah Okafor,Forward,6.94,8,5.26,4,35,15,10,22.86,39,42.39,7,1,0,2,6,1,0,0,0,0,0.0,0,0,0.0,23,12,16,1,13,0,0,0,0,0,4,1,0,20,332,253,79,76.2,79,174,107,7,18.92,22,78.57,28,19,1573,3,0,18,14,263,31,88,39.64,76,40.0,12,37.5
100,985086,Premier League,Nottingham Forest,Morato,Defender,6.94,1,1.32,2,5,2,3,20.0,5,100.0,1,0,1,0,0,0,1,0,0,0,0.0,0,0,0.0,29,10,79,13,6,1,3,0,0,2,0,0,0,2,729,624,105,85.6,424,200,54,0,0.0,45,46.88,20,13,1276,5,0,15,7,118,0,61,64.21,41,66.13,20,60.61
101,826134,Premier League,Chelsea,Trevoh Chalobah,Defender,6.94,3,1.43,2,16,5,8,18.75,7,77.78,3,0,2,1,0,0,2,0,0,0,0.0,0,0,0.0,35,35,173,16,9,1,1,0,0,9,1,0,0,5,2259,2102,157,93.05,1484,618,183,1,20.0,49,39.84,32,31,2741,3,1,20,18,184,5,132,58.15,59,62.77,73,54.89
102,827681,Premier League,Leeds United,James Justin,Defender,6.94,2,1.55,2,23,6,9,8.7,2,13.33,2,0,0,1,1,1,2,0,0,0,0.0,0,0,0.0,53,28,85,11,10,0,1,0,0,6,4,1,0,11,661,502,159,75.95,290,212,98,6,17.65,31,37.8,28,20,1826,4,0,11,28,271,10,120,60.61,82,65.08,38,52.78
103,920546,Premier League,Chelsea,Robert Sánchez,Goalkeeper,6.94,0,,0,0,0,0,0.0,0,0.0,0,0,0,0,0,0,0,0,0,0,0.0,0,0,0.0,2,1,26,0,0,1,3,0,0,9,2,1,0,5,1230,828,402,67.32,704,124,51,0,0.0,188,32.53,33,33,2861,3,1,2,13,413,1,24,88.89,11,84.62,13,92.86
104,284417,Premier League,Liverpool FC,Freddie Woodman,Goalkeeper,6.93,0,,0,0,0,0,0.0,0,0.0,0,0,0,0,0,0,0,0,0,0,0.0,0,0,0.0,0,1,3,0,0,0,0,0,0,0,0,0,0,0,79,45,34,56.96,33,12,4,0,0.0,15,30.61,3,2,212,0,0,0,0,35,0,0,0.0,0,0.0,0,0.0
105,1002837,Premier League,Arsenal,Piero Hincapié,Defender,6.93,1,0.33,0,2,1,0,50.0,7,50.0,1,0,0,1,0,0,1,0,0,0,0.0,0,0,0.0,47,24,85,9,12,0,0,0,1,4,2,2,0,13,780,691,89,88.59,348,343,155,4,12.9,22,36.07,23,19,1684,2,0,18,14,163,5,98,58.68,67,63.21,31,50.82
106,892673,Premier League,Newcastle United,Sandro Tonali,Midfielder,6.92,0,1.74,1,37,8,11,0.0,19,61.29,0,0,0,0,0,2,1,0,0,0,0.0,0,2,0.0,35,31,37,7,23,0,1,0,0,5,6,2,0,32,1563,1319,244,84.39,584,735,374,20,20.83,71,47.33,35,31,2543,4,0,24,42,396,17,107,54.87,94,55.62,13,50.0
107,103335,Premier League,Fulham,Bernd Leno,Goalkeeper,6.92,0,,0,0,0,0,0.0,0,0.0,0,0,0,0,0,0,0,0,0,0,0.0,0,0,0.0,4,1,45,0,0,1,4,0,1,8,0,0,0,0,1359,1052,307,77.41,959,93,23,0,0.0,166,35.32,37,37,3330,3,0,0,6,320,0,28,96.55,7,100.0,21,95.45
108,1048422,Premier League,Liverpool FC,Hugo Ekitiké,Forward,6.92,11,9.87,11,65,19,29,16.92,38,52.78,11,0,2,1,8,1,10,0,0,0,0.0,0,0,0.0,11,3,27,2,3,0,0,0,0,2,3,4,0,21,400,307,93,76.75,66,241,162,1,12.5,3,60.0,28,21,1810,0,0,35,12,216,26,92,38.49,61,38.85,31,37.8
109,162653,Premier League,Newcastle United,Nick Pope,Goalkeeper,6.92,0,0.16,0,1,1,0,0.0,0,0.0,0,0,0,0,0,0,0,0,0,0,0.0,0,0,0.0,1,0,34,0,0,3,2,0,0,7,0,0,0,0,580,348,232,60.0,285,63,16,0,0.0,95,29.14,26,26,2327,2,0,1,2,243,0,16,94.12,2,66.67,14,100.0
110,788134,Premier League,Crystal Palace,Dean Henderson,Goalkeeper,6.92,0,,0,0,0,0,0.0,1,100.0,0,0,0,0,0,0,0,0,0,0,0.0,0,0,0.0,1,2,54,0,0,0,2,2,0,11,0,0,0,1,1092,592,500,54.21,463,129,61,0,0.0,170,25.41,36,36,3240,5,0,2,5,506,0,21,84.0,4,66.67,17,89.47
111,190877,Premier League,Fulham,Kenny Tete,Defender,6.91,1,0.96,0,16,3,7,6.25,8,36.36,0,1,0,0,1,0,1,0,0,0,0.0,0,0,0.0,65,27,68,6,13,0,0,0,0,5,1,0,0,11,886,748,138,84.42,420,328,145,13,38.24,36,46.75,22,21,1802,2,0,27,31,237,16,131,60.09,104,60.12,27,60.0
112,958959,Premier League,Arsenal,Jurriën Timber,Defender,6.91,3,4.77,7,25,7,15,12.0,13,39.39,3,0,2,0,1,0,0,1,0,0,0.0,0,0,0.0,66,24,53,6,9,0,1,0,0,11,4,5,0,27,1085,925,160,85.25,352,573,344,6,13.04,20,38.46,30,28,2457,5,0,38,29,302,25,147,57.2,107,54.31,40,66.67
113,792122,Premier League,Burnley,Josh Cullen,Midfielder,6.91,2,0.9,0,11,6,1,18.18,2,33.33,2,0,0,0,2,0,0,0,0,0,0.0,0,0,0.0,31,22,35,11,12,0,2,1,1,2,4,2,0,13,866,728,138,84.06,378,350,164,1,8.33,42,43.75,18,18,1519,2,0,16,18,183,10,66,54.55,49,55.68,17,51.52
114,839981,Premier League,West Ham United,Lucas Paquetá,Midfielder,6.91,4,2.82,1,23,11,6,17.39,16,38.1,2,2,0,4,0,0,5,0,2,2,100.0,0,2,0.0,39,8,17,6,12,0,1,1,0,1,6,1,0,23,789,608,181,77.06,221,387,203,7,20.0,25,51.02,18,18,1521,5,1,28,30,314,27,123,46.42,85,48.3,38,42.7
115,352668,Premier League,Chelsea,Tosin Adarabioyo,Defender,6.91,0,0.11,0,2,0,1,0.0,0,0.0,0,0,0,0,0,0,1,0,0,0,0.0,0,0,0.0,17,9,66,5,2,1,0,0,0,2,1,0,0,1,757,685,72,90.49,482,203,30,0,0.0,20,41.67,16,8,796,2,0,6,0,78,1,58,69.88,17,68.0,41,70.69
116,923894,Premier League,Chelsea,Wesley Fofana,Defender,6.91,0,0.72,0,8,1,4,0.0,10,71.43,0,0,0,0,0,1,1,0,0,0,0.0,0,0,0.0,19,33,119,19,4,0,1,0,0,3,1,1,0,3,1169,1077,92,92.13,686,391,118,1,50.0,28,50.0,23,18,1583,5,1,21,15,115,5,109,61.93,43,55.84,66,66.67
117,1445799,Premier League,Manchester United,Ayden Heaven,Defender,6.91,0,0.35,1,3,0,2,0.0,6,75.0,0,0,0,0,0,0,0,0,0,0,0.0,0,0,0.0,22,1,60,11,5,0,0,0,1,2,1,1,0,2,494,447,47,90.49,336,111,33,0,0.0,17,56.67,17,11,938,2,0,7,9,54,1,55,68.75,37,71.15,18,64.29
118,862967,Premier League,Liverpool FC,Cody Gakpo,Midfielder,6.91,7,8.25,7,85,21,33,8.24,34,50.0,7,0,0,2,5,4,29,1,0,0,0.0,0,0,0.0,28,13,20,4,13,0,0,0,0,6,10,5,0,51,731,574,157,78.52,104,470,331,11,12.64,14,56.0,35,31,2664,3,0,42,43,381,26,160,49.54,105,47.95,55,52.88
119,250223,Premier League,Aston Villa,John McGinn,Midfielder,6.91,5,2.9,4,27,11,9,18.52,19,48.72,1,4,0,5,0,0,0,0,0,0,0.0,0,0,0.0,28,12,15,5,14,0,1,0,0,2,7,4,0,41,748,616,132,82.35,216,400,237,21,25.3,41,59.42,29,28,2153,5,0,31,48,307,46,106,44.54,95,46.12,11,34.38
120,1400650,Premier League,Newcastle United,Lewis Miley,Midfielder,6.91,1,1.34,2,12,4,4,8.33,12,85.71,1,0,0,1,0,1,2,0,0,0,0.0,0,0,0.0,29,20,34,3,12,0,2,0,0,2,3,4,0,15,840,754,86,89.76,355,399,192,6,14.29,21,61.76,23,15,1494,0,0,5,4,158,9,89,66.42,44,61.11,45,72.58
121,581310,Premier League,Arsenal,David Raya,Goalkeeper,6.9,0,,0,0,0,0,0.0,1,100.0,0,0,0,0,0,0,0,0,0,0,0.0,0,0,0.0,1,1,37,0,0,1,3,0,0,18,0,0,0,3,1075,695,380,64.65,538,157,83,0,0.0,193,34.1,36,36,3240,1,0,0,13,391,0,24,96.0,15,100.0,9,90.0
122,94758,Premier League,Tottenham Hotspur,Ben Davies,Defender,6.9,1,0.49,0,2,2,0,50.0,0,0.0,1,0,0,1,0,0,0,0,0,0,0.0,0,0,0.0,5,1,8,1,0,0,0,0,0,0,0,0,0,1,65,56,9,86.15,30,26,13,2,66.67,5,62.5,3,2,138,1,0,2,0,16,1,9,60.0,5,62.5,4,57.14
123,110846,Premier League,Everton,Michael Keane,Defender,6.9,3,2.24,3,23,7,9,13.04,6,54.55,3,0,1,0,1,2,0,0,0,0,0.0,0,0,0.0,34,37,194,27,11,0,0,0,0,7,0,1,0,2,1059,905,154,85.46,608,297,78,0,0.0,60,48.39,32,28,2529,1,1,16,6,180,3,153,61.45,46,58.23,107,62.94
124,927356,Premier League,Nottingham Forest,Neco Williams,Defender,6.9,2,1.9,2,43,18,8,4.65,30,43.48,1,1,0,0,2,0,4,0,0,0,0.0,0,2,0.0,94,45,84,17,36,1,2,1,0,9,5,3,1,37,1291,1061,230,82.18,537,524,304,27,20.15,47,32.19,36,35,3116,6,1,29,52,529,27,211,55.97,174,57.81,37,48.68
125,886930,Premier League,Leeds United,Jaka Bijol,Defender,6.9,1,0.88,1,15,6,5,6.67,2,100.0,1,0,1,0,0,1,0,0,0,0,0.0,0,0,0.0,25,24,153,13,6,0,1,1,0,5,3,2,0,7,973,823,150,84.58,592,231,74,0,0.0,64,49.23,24,20,1843,3,0,17,10,163,0,100,55.25,37,62.71,63,51.64
126,1106451,Premier League,Brentford,Dango Ouattara,Midfielder,6.9,7,7.19,12,53,20,19,13.21,23,29.11,7,0,2,5,0,1,9,5,0,0,0.0,0,0,0.0,23,23,49,0,17,0,0,0,0,1,12,3,0,27,471,297,174,63.06,84,213,127,19,18.1,18,47.37,31,24,2189,5,0,27,38,424,29,135,42.86,84,39.62,51,49.51
127,865912,Premier League,Nottingham Forest,Morgan Gibbs-White,Midfielder,6.9,14,10.37,9,80,31,26,17.5,28,47.46,13,1,3,2,9,0,5,1,1,1,100.0,0,4,0.0,20,13,32,3,21,1,4,0,0,7,5,4,0,47,1174,955,219,81.35,267,688,429,9,21.95,40,57.14,36,34,3020,1,0,25,40,422,37,127,40.32,86,43.43,41,35.04
128,1110006,Premier League,Chelsea,Dário Essugo,Midfielder,6.9,0,,0,0,0,0,0.0,2,100.0,0,0,0,0,0,0,0,0,0,0,0.0,0,0,0.0,4,0,1,0,1,0,0,0,0,0,0,0,0,0,23,19,4,82.61,7,12,5,0,0.0,0,0.0,2,0,25,1,0,2,1,6,1,8,66.67,7,63.64,1,100.0
129,1397168,Premier League,Manchester United,Patrick Dorgu,Midfielder,6.89,3,2.0,2,23,9,9,13.04,11,29.73,2,1,0,3,0,1,7,0,0,0,0.0,0,0,0.0,47,15,32,3,16,0,0,0,0,2,5,3,0,25,487,370,117,75.98,161,209,125,15,26.79,6,33.33,25,14,1399,5,0,23,45,263,22,144,54.55,102,54.55,42,54.55
130,800417,Premier League,Nottingham Forest,Ola Aina,Defender,6.89,0,0.4,0,12,1,8,0.0,15,44.12,0,0,0,0,0,1,0,0,0,0,0.0,0,0,0.0,31,25,71,3,13,0,2,0,0,6,0,0,1,10,629,533,96,84.74,254,279,133,7,18.42,36,53.73,18,18,1590,3,0,13,15,229,15,85,53.8,60,50.42,25,64.1
131,913654,Premier League,Tottenham Hotspur,Pedro Porro,Defender,6.89,1,0.99,0,30,8,15,3.33,17,41.46,1,0,1,0,0,0,1,0,0,0,0.0,0,6,0.0,70,29,97,10,38,0,5,0,0,8,6,2,2,49,1378,1025,353,74.38,443,582,355,53,23.87,126,45.16,32,30,2618,9,0,29,24,619,8,130,51.38,111,52.86,19,44.19
132,984014,Premier League,Sunderland,Enzo Le Fée,Midfielder,6.89,5,5.08,1,34,10,12,14.71,13,28.89,5,0,0,1,4,1,4,0,4,3,75.0,0,4,0.0,85,27,36,11,37,1,3,0,0,8,11,6,0,49,1073,874,199,81.45,354,520,288,24,24.49,30,54.55,35,32,2855,5,0,28,36,420,31,152,45.92,134,51.15,18,26.09
133,879674,Premier League,Crystal Palace,Maxence Lacroix,Defender,6.89,1,2.38,2,24,7,10,4.17,7,63.64,1,0,1,0,0,2,0,0,0,0,0.0,0,0,0.0,60,45,252,18,11,1,2,2,0,11,3,2,0,7,1656,1460,196,88.16,1031,429,92,2,40.0,84,49.12,35,35,3087,4,1,34,19,232,6,204,61.26,85,61.15,119,61.34
134,868715,Premier League,Fulham,Jorge Cuenca,Defender,6.89,0,0.05,0,1,0,1,0.0,2,40.0,0,0,0,0,0,0,1,0,0,0,0.0,0,0,0.0,16,15,74,9,4,0,0,0,0,2,1,0,0,3,624,551,73,88.3,402,149,44,1,50.0,26,35.14,14,11,952,5,0,9,1,81,0,36,54.55,19,54.29,17,54.84
135,931278,Premier League,Manchester City,Rayan Aït-Nouri,Defender,6.89,0,0.59,1,10,2,6,0.0,22,53.66,0,0,0,0,0,0,0,0,0,0,0.0,0,0,0.0,33,13,17,1,6,0,1,0,0,4,2,2,0,12,587,530,57,90.29,187,343,181,6,27.27,7,35.0,16,12,963,2,0,17,10,128,11,79,56.43,65,55.56,14,60.87
136,971037,Premier League,Manchester United,Amad Diallo,Forward,6.88,2,5.41,6,51,21,16,3.92,38,49.35,1,1,1,1,0,1,12,1,0,0,0.0,0,0,0.0,37,15,29,3,20,1,0,0,0,3,6,2,0,40,869,764,105,87.92,262,502,319,11,24.44,23,69.7,31,26,2254,2,0,22,38,263,24,126,50.6,113,52.07,13,40.63
137,136710,Premier League,Manchester City,Mateo Kovačić,Midfielder,6.88,0,0.09,0,1,0,1,0.0,1,100.0,0,0,0,0,0,0,0,0,0,0,0.0,0,0,0.0,2,0,0,0,0,0,0,0,0,0,1,1,0,3,84,80,4,95.24,28,52,25,0,0.0,1,50.0,4,0,47,0,0,0,2,8,3,5,62.5,5,62.5,0,0.0
138,548188,Premier League,Bournemouth,Lewis Cook,Midfielder,6.88,0,0.08,0,3,0,2,0.0,3,75.0,0,0,0,0,0,0,0,0,0,0,0.0,0,0,0.0,25,24,26,6,6,0,0,0,0,1,0,1,0,11,490,423,67,86.33,179,244,85,10,22.73,25,46.3,16,8,892,1,1,8,5,118,3,42,55.26,33,64.71,9,36.0
139,98427,Premier League,Wolverhampton,Sam Johnstone,Goalkeeper,6.88,0,,0,0,0,0,0.0,0,0.0,0,0,0,0,0,0,0,0,0,0,0.0,0,0,0.0,2,0,24,0,0,1,0,0,1,0,0,0,0,0,438,245,193,55.94,146,99,33,0,0.0,127,39.69,12,12,1080,0,0,0,0,195,0,5,83.33,2,100.0,3,75.0
140,847030,Premier League,Manchester United,Noussair Mazraoui,Defender,6.88,0,0.19,0,5,0,2,0.0,7,53.85,0,0,0,0,0,0,0,0,0,0,0.0,0,0,0.0,27,13,51,2,3,0,2,0,0,2,0,0,1,6,506,443,63,87.55,196,247,129,4,33.33,19,52.78,19,10,948,3,0,12,13,92,3,65,63.11,47,66.2,18,56.25
141,997183,Premier League,Tottenham Hotspur,Xavi Simons,Midfielder,6.88,2,3.08,3,42,10,15,4.76,28,42.42,1,1,0,0,2,2,0,0,0,0,0.0,0,3,0.0,34,15,12,1,18,0,2,0,0,1,7,5,1,35,802,665,137,82.92,241,424,258,14,26.92,36,62.07,28,19,1769,5,1,21,44,310,30,118,48.16,106,50.96,12,32.43
142,931844,Premier League,Crystal Palace,Chris Richards,Defender,6.88,1,2.36,1,15,2,6,6.67,4,66.67,1,0,1,0,0,0,0,0,0,0,0.0,0,0,0.0,55,43,196,19,18,2,2,0,0,10,1,0,0,9,1479,1242,237,83.98,827,415,133,5,38.46,66,37.93,33,31,2826,4,0,18,5,361,11,170,56.48,63,56.25,107,56.61
143,864169,Premier League,Aston Villa,Pau Torres,Defender,6.88,0,1.11,1,8,1,6,0.0,7,63.64,0,0,0,0,0,0,0,0,0,0,0.0,0,0,0.0,22,11,58,18,9,2,2,0,1,4,0,0,0,1,1153,1025,128,88.9,635,390,145,0,0.0,53,42.74,20,18,1659,1,0,7,5,154,4,59,55.66,34,58.62,25,52.08
144,1020141,Premier League,Everton,Nathan Patterson,Defender,6.88,0,0.03,0,1,1,0,0.0,1,20.0,0,0,0,0,0,0,1,0,0,0,0.0,0,0,0.0,10,2,17,2,4,0,0,0,0,1,0,0,0,0,84,64,20,76.19,36,28,13,0,0.0,4,30.77,7,3,266,0,0,2,2,39,1,20,60.61,13,54.17,7,77.78
145,1142703,Premier League,Manchester City,Nico O'Reilly,Defender,6.88,5,5.44,6,39,14,13,12.82,23,39.66,5,0,2,3,0,0,1,0,0,0,0.0,0,0,0.0,68,20,68,11,22,0,1,0,0,10,6,3,0,23,1306,1128,178,86.37,440,688,317,9,24.32,13,26.53,33,28,2558,5,0,44,18,354,33,155,46.83,109,44.86,46,52.27
146,867442,Premier League,Nottingham Forest,Callum Hudson Odoi,Midfielder,6.87,3,2.8,1,30,10,10,10.0,30,51.72,2,1,0,0,3,1,3,0,0,0,0.0,0,1,0.0,14,8,14,2,9,0,1,0,0,2,5,4,0,44,657,586,71,89.19,115,471,329,13,14.29,24,64.86,30,21,1849,0,0,12,12,248,22,59,43.07,56,44.8,3,25.0
147,159665,Premier League,Liverpool FC,Mohamed Salah,Midfielder,6.87,7,7.91,11,64,17,25,10.94,16,24.24,7,0,0,4,3,0,14,0,1,1,100.0,0,2,0.0,16,4,7,1,9,0,0,0,0,4,10,6,0,48,755,578,177,76.56,114,464,333,19,16.96,19,48.72,26,22,2074,1,0,10,16,446,47,56,29.32,48,29.27,8,29.63
148,149380,Premier League,Manchester United,Harry Maguire,Defender,6.87,1,1.11,1,14,4,7,7.14,1,50.0,1,0,1,0,0,1,0,0,0,0,0.0,0,0,0.0,21,12,101,10,4,1,1,2,0,4,2,2,0,3,799,688,111,86.11,440,248,63,1,33.33,43,41.75,22,18,1577,3,1,14,16,120,2,96,71.11,38,65.52,58,75.32
149,1400106,Premier League,Brighton & Hove Albion,Yankuba Minteh,Midfielder,6.87,3,3.8,4,41,11,15,7.32,65,54.62,3,0,0,2,1,0,10,1,0,0,0.0,0,0,0.0,53,17,16,0,19,0,1,0,0,2,11,4,2,45,620,420,200,67.74,106,314,202,36,23.53,15,48.39,33,26,2353,3,0,31,22,504,34,159,48.62,140,50.54,19,38.0
150,1142175,Premier League,Manchester United,Kobbie Mainoo,Midfielder,6.87,1,0.38,0,11,3,4,9.09,16,53.33,0,1,0,0,1,0,1,0,0,0,0.0,0,0,0.0,34,20,24,9,11,0,1,0,0,5,1,2,0,21,989,889,100,89.89,371,518,217,4,30.77,21,56.76,27,15,1580,1,0,11,19,180,29,83,48.54,69,51.88,14,36.84
151,1144630,Premier League,Arsenal,Cristhian Mosquera,Defender,6.87,0,0.1,0,1,0,1,0.0,0,0.0,0,0,0,0,0,0,1,0,0,0,0.0,0,0,0.0,27,8,38,6,5,0,1,0,0,1,0,0,0,4,501,457,44,91.22,271,186,81,0,0.0,9,42.86,18,7,823,4,0,15,5,61,1,46,51.69,32,59.26,14,40.0
152,997152,Premier League,Brighton & Hove Albion,Maxim De Cuyper,Defender,6.87,2,1.8,1,12,6,2,16.67,7,41.18,2,0,1,0,1,1,1,0,0,0,0.0,0,3,0.0,22,12,28,2,14,0,1,1,0,0,9,3,1,30,679,572,107,84.24,314,258,131,33,43.42,13,32.5,29,16,1398,2,0,17,21,198,5,60,47.62,50,52.63,10,32.26
153,914309,Premier League,Everton,Iliman Ndiaye,Midfielder,6.87,6,6.65,3,42,22,8,14.29,69,53.49,6,0,0,2,4,2,12,0,2,2,100.0,0,0,0.0,67,16,19,2,27,0,1,0,0,5,7,3,0,29,919,773,146,84.11,267,506,315,7,13.46,6,31.58,31,31,2696,2,0,29,36,397,61,183,46.21,172,49.28,11,23.4
154,822470,Premier League,Fulham,Samuel Chukwueze,Forward,6.87,3,2.07,2,25,7,10,12.0,18,46.15,3,0,0,3,0,3,3,0,0,0,0.0,0,0,0.0,6,7,10,1,6,0,2,0,0,0,4,4,0,24,413,305,108,73.85,120,185,126,8,18.18,16,69.57,23,10,1075,0,0,5,12,206,15,43,43.0,36,43.9,7,38.89
155,331209,Premier League,Manchester City,Bernardo Silva,Midfielder,6.86,2,2.3,1,28,6,10,7.14,21,42.86,2,0,0,2,0,1,5,0,0,0,0.0,0,0,0.0,50,21,33,6,26,0,3,0,0,6,7,4,0,46,2132,1924,208,90.24,838,1086,608,18,26.47,65,58.04,36,32,2775,10,0,36,22,358,34,97,40.42,93,43.26,4,16.0
156,866191,Premier League,Leeds United,Sean Longstaff,Midfielder,6.86,2,1.25,1,16,4,9,12.5,2,28.57,2,0,0,0,2,2,1,0,0,0,0.0,0,1,0.0,38,12,11,6,22,0,0,0,0,1,6,2,0,25,449,380,69,84.63,197,183,83,27,50.0,15,42.86,23,10,1046,2,0,13,17,122,12,67,51.54,57,52.78,10,45.45
157,882604,Premier League,Bournemouth,Đorđe Petrović,Goalkeeper,6.86,0,,0,0,0,0,0.0,0,0.0,0,0,0,0,0,0,0,0,0,0,0.0,0,0,0.0,0,0,60,0,3,2,2,0,1,11,0,0,0,0,854,547,307,64.05,455,92,25,0,0.0,142,31.91,36,36,3240,3,0,0,2,315,0,23,88.46,3,50.0,20,100.0
158,1137431,Premier League,Brentford,Michael Kayode,Defender,6.86,1,1.18,1,9,3,2,11.11,52,51.49,1,0,1,0,0,0,1,0,0,0,0.0,0,0,0.0,64,38,99,13,23,1,3,2,1,8,4,1,2,36,1125,957,168,85.07,562,395,182,14,26.42,38,44.71,36,36,3174,8,0,24,48,509,31,205,57.58,164,56.94,41,60.29
159,957602,Premier League,Arsenal,Riccardo Calafiori,Defender,6.86,1,3.34,3,32,8,14,3.13,15,68.18,1,0,1,0,0,2,4,0,0,0,0.0,0,0,0.0,32,15,50,4,8,0,1,0,0,4,0,2,0,6,698,595,103,85.24,284,311,174,3,14.29,19,48.72,24,20,1590,5,0,26,9,192,10,100,55.87,55,52.38,45,60.81
160,794338,Premier League,Crystal Palace,Daichi Kamada,Midfielder,6.86,0,1.65,1,19,4,8,0.0,12,52.17,0,0,0,0,0,0,1,1,0,0,0.0,0,0,0.0,61,13,23,1,22,0,3,0,0,1,5,0,0,20,803,673,130,83.81,323,350,174,11,27.5,31,54.39,27,21,1863,3,0,30,27,228,16,113,55.12,99,56.25,14,48.28
161,98435,Premier League,Aston Villa,Ross Barkley,Midfielder,6.86,3,1.51,2,18,8,6,16.67,13,72.22,3,0,2,1,0,0,0,0,0,0,0.0,0,0,0.0,12,2,10,3,8,0,0,0,0,0,3,0,0,9,381,334,47,87.66,138,196,118,0,0.0,11,68.75,20,6,779,1,0,9,9,84,16,48,48.0,34,47.22,14,50.0
162,592010,Premier League,Arsenal,Mikel Merino,Midfielder,6.86,4,3.01,4,21,8,7,19.05,5,41.67,4,0,3,0,1,0,3,0,0,0,0.0,0,0,0.0,26,10,19,2,6,0,0,0,0,2,4,3,0,12,355,269,86,75.77,105,164,96,0,0.0,7,33.33,21,10,1007,1,0,21,20,133,17,79,46.2,51,51.0,28,39.44
163,1019322,Premier League,Liverpool FC,Florian Wirtz,Midfielder,6.86,5,6.33,7,49,17,13,10.2,38,53.52,5,0,0,1,4,1,2,0,0,0,0.0,0,1,0.0,33,10,13,2,17,0,1,0,0,2,5,3,1,61,1408,1189,219,84.45,275,914,579,5,15.63,40,57.97,32,27,2371,1,0,22,19,375,36,97,40.08,90,45.92,7,15.22
164,905163,Premier League,Tottenham Hotspur,Mohammed Kudus,Midfielder,6.86,2,1.93,3,26,9,7,7.69,52,50.98,1,1,0,2,0,1,10,0,0,0,0.0,0,2,0.0,29,3,6,0,12,0,1,0,0,2,3,5,2,25,444,380,64,85.59,114,266,178,28,22.95,19,70.37,19,19,1545,3,0,23,15,331,54,107,40.68,96,41.03,11,37.93
165,924378,Premier League,Brentford,Sepp van den Berg,Defender,6.86,0,3.13,4,23,7,13,0.0,1,100.0,0,0,0,0,0,0,0,0,0,0,0.0,0,0,0.0,20,29,188,23,6,2,2,0,0,8,5,2,0,7,1393,1233,160,88.51,910,323,96,0,0.0,53,51.96,31,29,2671,2,0,14,11,179,4,169,65.0,32,58.18,137,66.83
166,553606,Premier League,Tottenham Hotspur,Guglielmo Vicario,Goalkeeper,6.85,0,,0,0,0,0,0.0,0,0.0,0,0,0,0,0,0,0,0,0,0,0.0,0,0,0.0,1,0,37,0,1,2,1,0,0,7,0,0,0,1,1071,718,353,67.04,621,97,32,0,0.0,157,31.21,31,31,2790,1,0,0,3,361,0,16,88.89,4,80.0,12,92.31
167,840217,Premier League,Tottenham Hotspur,Richarlison,Forward,6.85,10,7.5,8,56,24,18,17.86,10,35.71,9,1,3,1,6,1,9,0,0,0,0.0,0,0,0.0,25,5,48,2,11,0,1,0,0,3,4,4,0,18,292,181,111,61.99,50,131,93,0,0.0,10,62.5,30,18,1794,5,0,21,30,242,28,125,41.81,63,44.68,62,39.24
168,793167,Premier League,Fulham,Sander Berge,Midfielder,6.85,0,1.54,3,15,3,5,0.0,8,40.0,0,0,0,0,0,0,1,0,0,0,0.0,0,0,0.0,56,24,49,16,11,1,1,1,1,4,3,1,0,18,1673,1503,170,89.84,798,705,283,3,23.08,53,63.86,34,33,2821,5,0,34,14,241,19,128,54.7,78,50.65,50,62.5
169,1013842,Premier League,Wolverhampton,Emmanuel Agbadou,Defender,6.85,0,0.56,0,10,3,4,0.0,4,80.0,0,0,0,0,0,0,0,0,0,0,0.0,0,1,0.0,32,13,65,15,7,2,0,0,0,0,0,0,0,4,659,547,112,83.0,350,197,74,4,28.57,50,42.74,14,12,1101,1,1,10,5,147,5,67,63.81,41,64.06,26,63.41
170,893549,Premier League,Manchester City,Tijjani Reijnders,Midfielder,6.85,5,3.91,4,45,15,17,11.11,19,44.19,5,0,0,3,2,1,4,0,0,0,0.0,0,2,0.0,10,10,20,1,6,0,1,0,0,2,4,2,1,18,770,685,85,88.96,225,460,260,10,26.32,12,50.0,27,18,1563,2,0,18,15,187,16,47,40.87,44,41.12,3,37.5
171,948261,Premier League,Aston Villa,Morgan Rogers,Midfielder,6.85,10,6.78,4,84,32,26,11.9,42,35.59,7,3,0,2,8,3,3,0,0,0,0.0,1,4,25.0,42,13,32,3,23,0,2,1,0,7,13,6,0,47,1068,797,271,74.63,263,534,375,3,6.0,37,61.67,37,37,3285,7,0,46,49,619,80,158,35.75,132,37.29,26,29.55
172,1136730,Premier League,Newcastle United,Lewis Hall,Defender,6.85,1,0.99,1,24,6,7,4.17,36,54.55,0,1,0,1,0,2,0,0,0,0,0.0,0,4,0.0,53,26,73,14,15,1,1,0,0,3,5,1,0,23,1220,1039,181,85.16,454,585,316,19,19.39,46,41.82,29,23,2089,4,0,17,41,389,35,156,55.12,130,57.52,26,45.61
173,843200,Premier League,Manchester United,Diogo Dalot,Defender,6.85,1,2.0,4,24,6,15,4.17,18,66.67,1,0,0,0,1,1,4,0,0,0,0.0,0,0,0.0,53,27,92,9,21,1,2,0,0,5,5,3,0,29,1132,962,170,84.98,455,507,270,17,29.82,41,61.19,34,29,2616,5,0,25,14,343,16,135,59.47,83,53.9,52,71.23
174,996910,Premier League,Burnley,Bashir Humphreys,Defender,6.84,0,0.42,1,9,3,2,0.0,6,54.55,0,0,0,0,0,0,2,0,0,0,0.0,0,0,0.0,27,10,82,17,15,0,2,0,0,2,1,0,0,9,775,627,148,80.9,379,248,107,3,17.65,48,40.0,18,16,1480,6,0,14,9,201,6,66,48.89,42,51.22,24,45.28
175,1917626,Premier League,Arsenal,Max Dowman,Midfielder,6.84,1,1.18,0,6,1,4,16.67,5,33.33,1,0,0,1,0,0,0,1,0,0,0.0,0,0,0.0,2,1,0,0,2,0,0,0,0,0,0,0,0,3,28,25,3,89.29,4,21,14,1,16.67,0,0.0,5,0,100,0,0,1,6,25,3,13,41.94,13,44.83,0,0.0
176,927083,Premier League,Manchester United,Bryan Mbeumo,Forward,6.84,10,11.28,13,72,31,27,13.89,17,32.69,10,0,1,6,3,3,7,1,0,0,0.0,0,0,0.0,25,8,14,1,14,0,1,0,0,0,5,3,0,46,783,619,164,79.05,186,433,290,35,33.33,15,53.57,32,30,2547,4,0,23,28,398,28,85,32.69,70,41.18,15,16.67
177,836694,Premier League,Manchester United,Mason Mount,Forward,6.84,3,1.5,1,19,5,8,15.79,7,41.18,2,1,0,0,3,1,0,1,0,0,0.0,0,1,0.0,20,8,8,1,11,0,0,0,0,1,1,0,0,13,385,312,73,81.04,88,224,139,1,5.26,22,62.86,22,11,944,2,0,16,9,133,14,43,40.19,36,41.86,7,33.33
178,846036,Premier League,Arsenal,Ben White,Defender,6.84,0,0.46,0,5,1,3,0.0,3,75.0,0,0,0,0,0,0,3,0,0,0,0.0,0,0,0.0,15,9,25,4,8,0,0,0,0,3,3,1,0,8,354,289,65,81.64,117,172,116,3,18.75,10,32.26,12,9,713,0,0,5,6,100,2,36,53.73,24,60.0,12,44.44
179,794953,Premier League,Tottenham Hotspur,Kevin Danso,Defender,6.84,0,0.39,0,7,2,2,0.0,1,50.0,0,0,0,0,0,1,0,0,0,0,0.0,0,0,0.0,26,18,121,11,9,1,1,0,0,3,1,0,0,3,834,719,115,86.21,510,209,65,0,0.0,32,36.36,22,15,1327,8,0,21,11,183,3,110,60.44,37,52.11,73,65.77
180,958878,Premier League,Sunderland,Daniel Ballard,Defender,6.84,2,2.46,7,26,9,12,7.69,3,60.0,2,0,1,0,1,0,3,1,0,0,0.0,0,0,0.0,33,20,185,24,6,0,3,0,0,6,3,0,0,15,1103,906,197,82.14,636,270,96,0,0.0,58,37.18,29,24,2148,4,1,29,30,221,6,168,58.95,62,60.78,106,57.92
181,1031251,Premier League,Tottenham Hotspur,Antonín Kinský,Goalkeeper,6.84,0,,0,0,0,0,0.0,0,0.0,0,0,0,0,0,0,0,0,0,0,0.0,0,0,0.0,0,0,9,0,0,0,0,0,0,1,0,0,0,0,169,104,65,61.54,82,22,7,0,0.0,32,32.99,5,5,450,0,0,0,1,65,0,4,100.0,1,100.0,3,100.0
182,871765,Premier League,Nottingham Forest,Nicolás Domínguez,Midfielder,6.84,1,1.36,1,17,5,5,5.88,6,50.0,1,0,1,0,0,0,0,0,0,0,0.0,0,0,0.0,54,7,17,5,23,0,1,0,0,0,2,1,1,12,521,443,78,85.03,217,226,119,6,42.86,15,62.5,26,17,1168,3,0,16,11,110,4,84,55.63,71,60.17,13,39.39
183,1471671,Premier League,Crystal Palace,Jaydee Canvot,Defender,6.84,0,1.48,3,7,1,6,0.0,2,50.0,0,0,0,0,0,0,0,0,0,0,0.0,0,0,0.0,39,12,103,13,19,1,2,1,0,4,0,0,0,3,765,675,90,88.24,408,267,119,0,0.0,37,48.68,20,14,1347,3,0,12,7,120,5,85,60.28,48,56.47,37,66.07
184,783126,Premier League,Aston Villa,Emiliano Buendía,Midfielder,6.83,6,3.34,2,47,12,22,12.77,9,31.03,3,3,1,1,4,2,1,0,0,0,0.0,1,5,20.0,41,12,20,4,21,0,1,0,0,0,4,2,0,27,627,508,119,81.02,195,313,212,0,0.0,23,60.53,35,20,1694,6,0,40,42,216,34,113,43.3,92,45.1,21,36.84
185,984624,Premier League,Crystal Palace,Yéremy Pino,Forward,6.83,2,4.23,5,42,11,12,4.76,17,39.53,1,1,0,0,2,2,10,0,0,0,0.0,0,4,0.0,36,9,21,1,33,0,0,0,0,1,14,1,0,45,812,608,204,74.88,244,364,227,15,19.74,37,52.11,33,26,2055,4,0,30,22,378,34,96,38.1,75,38.86,21,35.59
186,1899647,Premier League,Wolverhampton,Mateus Mané,Forward,6.83,3,1.83,0,38,16,17,7.89,30,36.59,0,3,0,0,3,1,2,2,0,0,0.0,0,3,0.0,27,5,24,1,15,1,1,1,0,3,6,1,1,25,359,274,85,76.32,92,182,103,27,34.18,11,33.33,26,18,1709,0,0,25,45,305,38,110,40.44,102,44.54,8,18.6
187,845286,Premier League,Crystal Palace,Ismaïla Sarr,Forward,6.83,9,10.91,11,48,21,16,18.75,10,34.48,9,0,1,2,6,4,14,2,3,3,100.0,0,0,0.0,18,8,27,4,9,0,2,0,0,7,3,1,0,19,461,330,131,71.58,100,230,132,3,12.5,8,40.0,27,23,2131,2,0,12,41,267,43,92,38.98,69,46.62,23,26.14
188,1184308,Premier League,Bournemouth,Álex Jiménez,Defender,6.83,1,1.13,0,21,4,8,4.76,39,52.0,1,0,0,0,1,0,0,0,0,0,0.0,0,0,0.0,69,27,41,11,23,0,0,1,0,3,2,0,0,14,868,696,172,80.18,309,387,217,11,21.57,41,46.59,31,26,2330,10,0,35,20,334,20,141,50.9,128,52.89,13,37.14
189,833956,Premier League,Aston Villa,Matty Cash,Defender,6.83,3,1.19,0,30,10,12,10.0,11,55.0,1,2,0,1,2,1,4,0,0,0,0.0,0,0,0.0,66,22,84,13,35,2,2,0,0,8,4,3,1,30,1376,1180,196,85.76,570,610,327,26,20.16,55,42.64,34,34,2975,9,0,41,30,433,17,137,51.5,105,50.72,32,54.24
190,825844,Premier League,Brighton & Hove Albion,Ferdi Kadıoğlu,Defender,6.83,1,1.98,3,27,13,8,3.7,12,54.55,1,0,0,0,1,2,7,0,0,0,0.0,0,0,0.0,56,25,79,7,37,0,0,0,0,10,2,0,1,22,1321,1130,191,85.54,484,646,383,23,21.3,44,47.31,36,33,3044,6,0,22,35,385,17,134,53.82,102,55.14,32,50.0
191,803174,Premier League,Fulham,Antonee Robinson,Defender,6.83,1,1.05,0,5,1,1,20.0,12,57.14,1,0,0,1,0,0,2,0,1,1,100.0,0,0,0.0,45,27,53,3,21,0,1,0,0,3,1,0,0,21,757,603,154,79.66,310,293,169,14,18.67,32,44.44,21,16,1402,4,0,14,8,297,7,81,57.45,65,56.52,16,61.54
192,800419,Premier League,Bournemouth,Tyler Adams,Midfielder,6.83,2,0.58,0,9,6,1,22.22,6,50.0,1,1,0,0,2,0,1,0,0,0,0.0,0,0,0.0,43,30,39,9,17,0,1,0,0,4,2,2,0,7,910,792,118,87.03,390,402,163,2,66.67,29,47.54,23,19,1598,7,0,31,12,159,10,81,48.8,58,47.93,23,51.11
193,361420,Premier League,Tottenham Hotspur,Dominic Solanke,Forward,6.82,3,2.43,3,20,11,3,15.0,13,50.0,3,0,0,1,2,0,3,0,0,0,0.0,0,0,0.0,22,3,11,2,5,0,1,0,0,0,1,0,0,6,158,117,41,74.05,42,75,55,0,0.0,2,33.33,15,11,1000,1,0,12,9,111,13,64,43.54,44,51.16,20,32.79
194,966547,Premier League,Arsenal,Noni Madueke,Midfielder,6.82,2,1.05,2,22,8,6,9.09,26,46.43,1,1,1,1,0,0,4,0,0,0,0.0,0,0,0.0,21,5,7,1,20,0,0,0,0,0,5,1,0,19,375,283,92,75.47,62,221,156,15,19.48,10,52.63,25,15,1143,0,0,15,15,244,16,72,43.9,62,43.66,10,45.45
195,1002711,Premier League,Tottenham Hotspur,Pape Matar Sarr,Midfielder,6.82,2,1.54,1,16,6,3,12.5,12,60.0,2,0,2,0,0,0,3,0,0,0,0.0,0,0,0.0,33,17,46,10,10,0,2,0,0,3,2,3,0,8,620,527,93,85.0,240,287,149,1,14.29,20,60.61,24,13,1360,2,0,27,13,147,17,85,46.45,58,49.15,27,41.54
196,1035996,Premier League,Wolverhampton,André,Midfielder,6.82,1,0.5,0,14,1,4,7.14,19,55.88,0,1,0,1,0,0,0,0,0,0,0.0,0,1,0.0,78,29,49,12,36,2,6,0,0,1,1,0,0,18,1289,1178,111,91.39,645,533,188,10,25.0,58,68.24,34,29,2676,12,0,45,42,217,30,143,50.71,139,52.65,4,22.22
197,867887,Premier League,Aston Villa,Douglas Luiz,Midfielder,6.82,1,0.53,2,11,5,3,9.09,6,46.15,1,0,0,0,1,0,0,0,0,0,0.0,0,0,0.0,22,14,10,2,6,0,1,1,0,0,3,0,0,19,607,544,63,89.62,261,283,136,11,25.58,26,56.52,20,11,871,3,0,13,14,126,3,50,56.82,41,59.42,9,47.37
198,927353,Premier League,Liverpool FC,Curtis Jones,Midfielder,6.82,0,2.13,3,22,6,10,0.0,21,65.63,0,0,0,0,0,2,0,0,0,0,0.0,0,0,0.0,39,18,25,5,20,0,5,0,0,1,4,2,0,20,1583,1451,132,91.66,549,902,456,1,7.69,57,67.06,33,17,1860,2,0,16,29,223,23,100,51.02,89,56.33,11,28.95
199,161717,Premier League,Burnley,James Ward-Prowse,Midfielder,6.82,0,0.22,0,5,2,0,0.0,2,28.57,0,0,0,0,0,0,0,0,0,0,0.0,0,2,0.0,15,20,17,7,10,2,0,0,0,1,7,1,0,22,575,509,66,88.52,252,257,109,26,37.14,26,52.0,16,12,1082,1,0,8,13,133,4,40,50.63,30,52.63,10,45.45
200,149663,Premier League,Manchester City,Nathan Aké,Defender,6.82,0,0.63,1,5,1,3,0.0,0,0.0,0,0,0,0,0,0,1,0,0,0,0.0,0,0,0.0,8,5,31,0,2,0,1,0,0,3,2,0,0,7,463,411,52,88.77,205,206,99,3,75.0,7,28.0,17,5,626,1,0,2,8,63,0,33,67.35,16,76.19,17,60.71
201,219572,Premier League,Brighton & Hove Albion,Joël Veltman,Defender,6.82,1,1.11,0,4,1,1,25.0,2,40.0,1,0,0,1,0,0,2,0,0,0,0.0,0,0,0.0,31,18,44,6,10,0,0,0,0,1,0,0,0,4,442,361,81,81.67,172,189,97,2,10.53,13,31.71,24,9,1073,5,0,10,22,144,2,75,66.96,55,68.75,20,62.5
202,836675,Premier League,Leeds United,Pascal Struijk,Defender,6.82,0,3.02,4,31,5,18,0.0,4,66.67,0,0,0,0,0,0,5,0,0,0,0.0,0,0,0.0,37,29,205,19,16,0,0,0,0,6,2,1,0,12,1775,1567,208,88.28,1070,497,167,0,0.0,67,45.27,33,32,2847,5,0,24,21,244,8,169,56.15,61,55.96,108,56.25
203,856739,Premier League,Sunderland,Lutsharel Geertruida,Defender,6.82,0,1.15,1,11,3,4,0.0,7,63.64,0,0,0,0,0,1,1,0,0,0,0.0,0,0,0.0,36,19,46,10,12,0,2,0,0,3,1,0,0,8,714,612,102,85.71,339,273,115,2,25.0,25,47.17,27,16,1612,1,0,15,6,149,3,61,57.55,49,59.04,12,52.17
204,805137,Premier League,Sunderland,Omar Alderete,Defender,6.82,1,1.64,2,24,9,8,4.17,17,80.95,1,0,1,0,0,3,5,0,0,0,0.0,0,0,0.0,32,36,217,29,8,0,5,0,0,9,1,1,0,9,1304,1057,247,81.06,702,355,114,3,27.27,78,40.0,33,32,2802,6,0,34,10,299,12,146,54.28,58,50.0,88,57.52
205,243609,Premier League,Liverpool FC,Alisson,Goalkeeper,6.81,0,,0,0,0,0,0.0,0,0.0,0,0,0,0,0,0,0,0,0,0,0.0,0,0,0.0,0,0,37,0,1,0,3,1,0,8,0,0,0,0,785,625,160,79.62,569,56,20,0,0.0,103,39.92,25,25,2250,1,0,1,7,167,0,11,78.57,5,71.43,6,85.71
206,555386,Premier League,Aston Villa,Ollie Watkins,Forward,6.81,14,13.9,19,79,36,21,17.72,24,45.28,13,1,4,2,8,2,23,0,0,0,0.0,0,0,0.0,21,6,15,1,4,0,0,0,0,3,4,3,0,23,461,332,129,72.02,95,237,159,2,28.57,3,42.86,36,32,2762,4,0,35,31,278,43,109,39.78,76,41.3,33,36.67
207,42694,Premier League,Brentford,Jordan Henderson,Midfielder,6.81,1,0.33,0,6,1,3,16.67,3,37.5,1,0,0,0,1,0,1,0,0,0,0.0,0,0,0.0,26,17,34,7,8,0,0,0,0,3,8,3,0,19,1123,872,251,77.65,470,402,198,16,33.33,70,37.04,31,21,1869,5,0,13,7,313,6,47,48.45,34,51.52,13,41.94
208,106337,Premier League,Everton,Idrissa Gana Gueye,Midfielder,6.81,2,2.0,0,29,7,11,6.9,7,33.33,2,0,0,0,2,2,0,0,0,0,0.0,0,0,0.0,43,28,24,7,19,0,2,0,0,4,2,3,0,13,1065,930,135,87.32,389,541,260,4,21.05,20,45.45,25,25,2101,1,1,21,31,205,9,94,55.95,81,56.64,13,52.0
209,861972,Premier League,Fulham,Calvin Bassey,Defender,6.81,1,1.72,0,13,2,5,7.69,10,50.0,1,0,1,0,0,0,0,1,0,0,0.0,0,0,0.0,60,21,96,21,7,2,3,1,0,6,0,0,0,9,1656,1457,199,87.98,1006,451,154,3,21.43,55,37.16,29,27,2454,5,0,27,40,267,15,148,61.92,110,65.48,38,53.52
210,1122603,Premier League,Newcastle United,William Osula,Forward,6.81,7,4.29,4,23,12,4,30.43,7,46.67,6,1,1,4,2,1,2,0,0,0,0.0,0,1,0.0,5,1,0,1,3,0,0,0,0,1,0,0,0,6,78,63,15,80.77,26,37,24,2,66.67,0,0.0,23,7,797,0,0,23,15,66,13,36,33.33,27,38.03,9,24.32
211,1426228,Premier League,Bournemouth,Eli Junior Kroupi,Forward,6.8,12,7.96,3,44,20,9,27.27,14,41.18,10,2,1,2,9,1,5,0,2,2,100.0,0,0,0.0,9,8,32,0,8,0,1,0,0,0,3,0,0,21,399,299,100,74.94,118,181,99,1,10.0,13,65.0,31,19,1541,5,0,26,11,189,19,42,30.88,34,31.78,8,27.59
212,96531,Premier League,West Ham United,Alphonse Aréola,Goalkeeper,6.8,0,,0,0,0,0,0.0,0,0.0,0,0,0,0,0,0,0,0,0,0,0.0,0,0,0.0,0,1,29,0,0,2,1,1,0,0,0,1,0,1,540,252,288,46.67,157,95,21,0,0.0,127,30.68,20,20,1800,0,0,1,1,294,0,6,66.67,1,50.0,5,71.43
213,78152,Premier League,Nottingham Forest,Matz Sels,Goalkeeper,6.8,0,,0,0,0,0,0.0,0,0.0,0,0,0,0,0,0,0,0,0,0,0.0,0,0,0.0,1,0,25,0,2,2,1,0,0,7,0,0,0,1,752,427,325,56.78,313,114,38,0,0.0,145,31.12,30,29,2577,2,0,0,5,329,0,11,78.57,6,75.0,5,83.33
214,1020680,Premier League,Burnley,Jaidon Anthony,Midfielder,6.8,8,5.07,3,52,22,17,15.38,32,36.36,8,0,0,5,3,2,9,1,0,0,0.0,0,0,0.0,41,15,25,7,29,0,3,1,0,2,6,2,0,35,818,650,168,79.46,269,381,215,13,18.31,25,46.3,35,30,2568,4,0,23,43,424,39,125,42.23,113,43.46,12,33.33
215,365802,Premier League,Fulham,Harrison Reed,Midfielder,6.8,1,0.13,0,2,1,0,50.0,0,0.0,0,1,0,0,1,0,0,0,0,0,0.0,0,0,0.0,0,0,1,0,3,0,0,0,0,0,0,0,0,3,43,40,3,93.02,22,18,8,3,75.0,3,75.0,7,1,126,0,0,2,1,6,0,2,22.22,1,16.67,1,33.33
216,936849,Premier League,Brighton & Hove Albion,Kaoru Mitoma,Midfielder,6.8,3,4.06,8,32,13,11,9.38,28,44.44,2,1,1,1,1,2,4,0,0,0,0.0,0,0,0.0,18,9,17,1,17,0,2,0,0,1,4,1,1,31,574,473,101,82.4,119,354,229,8,17.39,12,63.16,25,19,1721,5,0,31,21,249,23,82,40.0,67,39.64,15,41.67
217,252669,Premier League,Wolverhampton,José Sá,Goalkeeper,6.8,0,,0,0,0,0,0.0,0,0.0,0,0,0,0,0,0,0,0,0,0,0.0,0,0,0.0,0,0,45,0,0,1,2,0,0,4,0,0,0,1,672,405,267,60.27,295,110,41,0,0.0,139,34.84,22,22,1980,2,0,0,6,270,0,21,95.45,4,100.0,17,94.44
218,988275,Premier League,Crystal Palace,Tyrick Mitchell,Midfielder,6.8,1,1.61,3,19,7,7,5.26,15,34.88,1,0,0,0,1,1,5,0,0,0,0.0,0,0,0.0,101,33,99,11,21,0,2,0,0,12,4,2,0,29,1097,800,297,72.93,380,420,234,22,21.15,39,26.71,37,36,3208,6,0,23,27,520,26,168,55.26,143,60.08,25,37.88
219,1105779,Premier League,Chelsea,Andrey Santos,Midfielder,6.8,0,1.78,3,10,1,7,0.0,2,40.0,0,0,0,0,0,1,1,0,0,0,0.0,0,0,0.0,32,19,18,6,12,0,1,0,0,1,1,0,0,8,759,680,79,89.59,346,334,131,0,0.0,14,50.0,26,12,1190,4,0,12,21,100,2,69,61.06,55,67.07,14,45.16
220,1089582,Premier League,West Ham United,Freddie Potts,Midfielder,6.8,0,0.21,0,3,1,0,0.0,2,25.0,0,0,0,0,0,0,0,0,0,0,0.0,0,0,0.0,29,17,31,3,8,0,0,0,0,0,2,1,0,8,532,445,87,83.65,195,250,95,6,17.65,27,47.37,22,12,1167,1,0,15,14,137,5,65,58.56,45,57.69,20,60.61
221,1406130,Premier League,Bournemouth,Veljko Milosavljević,Defender,6.8,0,0.15,1,1,0,1,0.0,1,100.0,0,0,0,0,0,0,0,0,0,0,0.0,0,0,0.0,5,4,25,5,2,0,0,0,0,1,0,0,0,1,190,160,30,84.21,113,47,19,0,0.0,8,30.77,7,4,375,0,0,0,0,34,1,17,47.22,6,66.67,11,40.74
222,875137,Premier League,Burnley,Zian Flemming,Forward,6.79,10,7.75,10,51,20,17,19.61,4,36.36,9,1,3,2,5,0,3,0,2,2,100.0,0,1,0.0,15,7,32,5,5,0,0,0,0,0,0,0,0,9,247,161,86,65.18,50,111,59,1,16.67,9,56.25,27,19,1633,4,0,46,25,178,16,102,40.8,43,37.39,59,43.7
223,560128,Premier League,Newcastle United,Joelinton,Midfielder,6.79,2,2.39,1,32,11,12,6.25,16,53.33,2,0,1,1,0,1,1,0,0,0,0.0,0,0,0.0,43,30,40,3,20,0,2,0,0,3,3,1,0,17,839,694,145,82.72,298,396,209,2,20.0,22,64.71,27,23,1953,10,0,47,27,225,26,149,50.34,86,46.24,63,57.27
224,1135873,Premier League,Chelsea,Alejandro Garnacho,Forward,6.79,1,3.45,7,33,7,16,3.03,14,35.9,1,0,0,1,0,2,2,0,0,0,0.0,0,0,0.0,14,4,6,0,9,0,0,0,0,1,6,4,0,29,470,411,59,87.45,116,295,204,8,13.56,13,100.0,23,14,1274,2,0,9,23,191,11,54,44.63,51,48.57,3,18.75
225,836168,Premier League,Nottingham Forest,Nikola Milenković,Defender,6.79,0,0.84,2,16,1,13,0.0,3,100.0,0,0,0,0,0,0,1,0,0,0,0.0,0,0,0.0,30,29,211,34,10,2,1,0,1,9,1,0,0,1,1494,1298,196,86.88,914,384,118,0,0.0,81,41.75,37,36,3285,6,0,20,20,214,2,139,66.51,53,63.1,86,68.8
226,193554,Premier League,Crystal Palace,Will Hughes,Midfielder,6.78,0,1.09,1,17,0,10,0.0,10,58.82,0,0,0,0,0,0,0,0,0,0,0.0,0,0,0.0,25,15,27,7,13,0,1,1,0,2,1,0,0,20,647,525,122,81.14,209,316,159,12,29.27,23,43.4,30,18,1487,7,0,22,23,185,14,74,49.01,57,51.35,17,42.5
227,1036269,Premier League,Brighton & Hove Albion,Yasin Ayari,Midfielder,6.78,3,2.71,0,41,10,20,7.32,18,37.5,2,1,0,0,3,1,0,0,0,0,0.0,0,2,0.0,47,26,24,4,24,0,4,0,0,6,2,3,1,16,963,829,134,86.09,471,358,144,5,20.83,40,58.82,29,20,1941,1,0,24,28,240,19,102,47.44,93,49.21,9,34.62
228,845273,Premier League,Wolverhampton,Jean-Ricner Bellegarde,Midfielder,6.78,1,0.99,0,21,7,8,4.76,18,60.0,1,0,0,0,1,0,0,0,0,0,0.0,0,2,0.0,28,10,20,3,3,3,0,0,0,0,2,1,1,14,428,340,88,79.44,116,224,117,5,20.0,26,56.52,26,15,1251,5,0,20,41,175,20,95,55.56,86,60.99,9,30.0
229,82566,Premier League,Fulham,Tom Cairney,Midfielder,6.78,1,1.0,0,14,1,6,7.14,4,50.0,0,1,0,1,0,0,0,0,0,0,0.0,0,0,0.0,6,2,7,1,7,0,0,0,0,0,0,0,0,9,661,614,47,92.89,308,306,147,2,33.33,23,67.65,23,6,775,3,0,9,11,71,4,31,53.45,21,46.67,10,76.92
230,1112879,Premier League,Fulham,Kevin,Midfielder,6.78,1,1.16,1,24,10,8,4.17,41,49.4,0,1,0,0,1,0,3,1,0,0,0.0,0,0,0.0,21,9,8,0,18,0,0,0,0,0,1,1,0,13,321,247,74,76.95,67,180,120,12,27.91,19,79.17,25,8,977,1,0,13,17,206,22,86,44.1,79,45.4,7,33.33
231,1171539,Premier League,Sunderland,Noah Sadiki,Midfielder,6.78,0,1.46,1,18,5,4,0.0,27,61.36,0,0,0,0,0,0,1,0,0,0,0.0,0,0,0.0,46,34,42,11,17,0,2,0,0,8,0,1,0,17,1069,913,156,85.41,433,480,216,4,20.0,38,46.91,32,32,2804,8,0,31,38,265,25,121,53.3,110,55.84,11,36.67
232,980634,Premier League,Newcastle United,Tino Livramento,Defender,6.78,0,0.14,0,3,0,1,0.0,14,43.75,0,0,0,0,0,0,2,0,0,0,0.0,0,0,0.0,22,6,39,2,8,0,0,0,0,5,1,1,1,11,653,580,73,88.82,249,331,206,9,25.0,20,58.82,17,14,1328,1,0,7,16,188,9,61,54.95,52,55.91,9,50.0
233,855647,Premier League,Newcastle United,Harvey Barnes,Forward,6.77,7,6.99,9,56,21,17,12.5,13,28.89,6,1,0,3,4,1,3,0,0,0,0.0,0,0,0.0,13,3,16,1,14,0,1,0,0,3,4,1,1,23,569,456,113,80.14,109,347,237,15,20.0,7,46.67,36,19,1916,1,0,17,23,279,23,55,36.18,49,37.12,6,30.0
234,846308,Premier League,Wolverhampton,Santiago Bueno,Defender,6.77,3,1.97,0,9,6,1,33.33,0,0.0,3,0,1,0,2,0,1,1,0,0,0.0,0,0,0.0,50,25,112,19,10,0,1,0,0,4,1,1,0,9,1064,919,145,86.37,638,281,74,2,40.0,55,45.83,28,27,2463,4,0,28,11,170,5,109,55.33,61,58.1,48,52.17
235,1065216,Premier League,Fulham,Oscar Bobb,Midfielder,6.77,0,1.48,1,12,3,5,0.0,26,59.09,0,0,0,0,0,0,0,0,0,0,0.0,0,0,0.0,21,8,3,0,7,0,1,0,0,1,1,1,0,20,387,331,56,85.53,80,251,153,4,30.77,2,25.0,22,10,978,1,0,9,17,128,21,70,53.44,64,54.24,6,46.15
236,1015267,Premier League,Wolverhampton,João Gomes,Midfielder,6.77,1,1.28,0,19,7,6,5.26,43,64.18,1,0,0,0,1,0,1,0,0,0,0.0,0,3,0.0,107,36,45,6,49,1,2,0,0,2,2,1,0,16,1455,1245,210,85.57,603,642,288,11,34.38,39,54.17,35,32,2843,10,0,69,49,364,55,226,50.45,199,50.51,27,50.0
237,962053,Premier League,Chelsea,Filip Jørgensen,Goalkeeper,6.76,0,,0,0,0,0,0.0,1,100.0,0,0,0,0,0,0,0,0,0,0,0.0,0,0,0.0,0,1,2,0,0,0,0,0,0,0,0,0,0,0,171,130,41,76.02,122,8,5,0,0.0,18,31.58,5,3,378,0,0,0,0,42,1,3,75.0,1,50.0,2,100.0
238,96538,Premier League,Aston Villa,Lucas Digne,Defender,6.76,0,0.72,0,14,5,3,0.0,4,36.36,0,0,0,0,0,1,3,0,0,0,0.0,0,5,0.0,36,15,61,4,12,2,2,0,0,5,4,6,0,26,731,591,140,80.85,268,323,179,33,31.13,12,21.43,31,21,1866,3,0,14,12,292,11,87,55.41,52,54.17,35,57.38
239,1085950,Premier League,Everton,Tim Iroegbunam,Midfielder,6.76,0,0.6,0,12,1,7,0.0,14,38.89,0,0,0,0,0,0,0,1,0,0,0.0,0,0,0.0,65,21,8,9,6,1,2,0,0,3,3,2,0,8,465,377,88,81.08,149,228,102,0,0.0,9,56.25,28,16,1421,9,0,26,20,165,26,120,56.07,99,55.62,21,58.33
240,1597265,Premier League,Chelsea,Estêvão,Midfielder,6.76,2,2.92,2,28,8,9,7.14,29,41.43,2,0,0,1,1,2,6,1,0,0,0.0,0,0,0.0,11,4,5,0,11,0,0,0,0,0,4,2,0,16,270,218,52,80.74,58,160,107,5,31.25,5,55.56,22,12,852,4,0,12,9,153,20,52,34.9,49,37.12,3,17.65
241,1006387,Premier League,Brentford,Kevin Schade,Midfielder,6.76,7,11.27,14,53,22,20,13.21,20,28.57,7,0,2,1,4,4,10,2,1,0,0.0,0,0,0.0,40,18,30,3,9,0,0,0,0,5,7,3,1,29,512,347,165,67.77,103,244,144,5,22.73,6,37.5,34,31,2667,6,1,48,43,376,45,186,44.6,102,40.64,84,50.6
242,991478,Premier League,Bournemouth,Amine Adli,Forward,6.76,3,2.6,4,20,9,5,15.0,8,38.1,3,0,1,2,0,1,5,1,0,0,0.0,0,1,0.0,34,6,17,2,7,0,0,0,0,0,1,1,0,16,407,314,93,77.15,118,196,127,2,5.0,2,20.0,30,10,1089,2,0,29,22,176,9,94,53.41,64,53.33,30,53.57
243,218160,Premier League,Sunderland,Bertrand Traoré,Forward,6.75,1,0.52,0,13,6,3,7.69,14,63.64,1,0,0,1,0,0,1,0,0,0,0.0,0,0,0.0,11,2,6,3,7,0,0,0,0,0,2,0,0,8,180,143,37,79.44,47,96,61,1,7.69,3,37.5,12,9,638,1,0,11,11,91,9,42,48.84,36,52.94,6,33.33
244,1170722,Premier League,Nottingham Forest,Jair,Defender,6.75,0,0.29,1,3,1,0,0.0,1,33.33,0,0,0,0,0,0,0,0,0,0,0.0,0,0,0.0,9,4,29,2,3,0,1,0,0,0,0,0,0,1,198,160,38,80.81,107,53,15,0,0.0,5,25.0,8,5,462,0,0,0,6,46,1,21,67.74,16,72.73,5,55.56
245,1065588,Premier League,Brighton & Hove Albion,Diego Gómez,Midfielder,6.75,5,6.02,7,39,14,14,12.82,18,46.15,5,0,0,1,4,1,1,0,0,0,0.0,0,2,0.0,77,16,28,3,29,0,2,1,0,0,4,1,0,21,733,575,158,78.44,247,328,160,6,28.57,17,43.59,31,25,2077,9,0,48,10,288,27,156,49.37,104,45.81,52,58.43
246,1031258,Premier League,Brentford,Yehor Yarmoliuk,Midfielder,6.75,1,1.2,0,16,4,8,6.25,15,35.71,1,0,0,0,1,1,1,0,0,0,0.0,0,0,0.0,70,28,41,14,40,0,1,0,0,6,1,2,1,15,1347,1136,211,84.34,612,524,223,8,26.67,67,47.52,37,30,2675,7,0,37,12,328,23,129,45.74,97,43.3,32,55.17
247,999028,Premier League,Bournemouth,Adrien Truffert,Defender,6.75,1,1.36,1,16,6,5,6.25,30,44.12,1,0,0,1,0,0,0,0,0,0,0.0,0,0,0.0,92,47,140,10,28,1,2,0,0,11,4,3,0,27,1472,1227,245,83.36,575,652,336,32,23.19,36,31.03,36,36,3200,4,0,37,31,485,24,197,52.12,153,54.64,44,44.9
248,996911,Premier League,Chelsea,Levi Colwill,Defender,6.75,0,,0,0,0,0,0.0,0,0.0,0,0,0,0,0,0,0,0,0,0,0.0,0,0,0.0,2,3,6,1,0,0,0,0,0,0,0,0,0,0,127,114,13,89.76,73,41,11,0,0.0,2,20.0,2,1,135,0,0,0,1,15,0,7,77.78,3,100.0,4,66.67
249,827243,Premier League,West Ham United,Axel Disasi,Defender,6.75,0,1.02,1,5,3,1,0.0,2,100.0,0,0,0,0,0,0,1,0,0,0,0.0,0,0,0.0,14,11,49,12,0,0,0,0,1,5,0,0,0,1,537,466,71,86.78,352,114,34,0,0.0,29,43.28,13,13,1165,1,0,5,3,82,2,37,66.07,19,73.08,18,60.0
250,986397,Premier League,Manchester United,Benjamin Šeško,Forward,6.75,11,9.2,12,61,34,17,18.03,10,33.33,11,0,1,1,8,3,7,0,0,0,0.0,0,0,0.0,5,3,15,2,3,0,0,0,0,1,0,1,0,9,306,211,95,68.95,79,132,64,0,0.0,4,66.67,30,17,1635,2,0,17,6,190,30,85,40.67,21,23.86,64,52.89
251,826167,Premier League,Leeds United,Sebastiaan Bornauw,Defender,6.74,0,,0,0,0,0,0.0,1,50.0,0,0,0,0,0,0,1,0,0,0,0.0,0,0,0.0,8,5,30,6,3,0,0,0,0,0,0,0,0,0,146,121,25,82.88,87,34,9,1,100.0,11,55.0,11,5,438,1,0,7,0,32,1,20,41.67,9,42.86,11,40.74
252,871886,Premier League,Leeds United,Ao Tanaka,Midfielder,6.74,2,1.61,1,17,5,10,11.76,4,36.36,1,1,0,1,1,0,0,0,0,0,0.0,0,0,0.0,24,19,15,2,19,0,1,0,0,1,1,0,0,18,637,543,94,85.24,296,247,120,14,41.18,20,50.0,27,13,1248,1,0,13,9,149,7,49,46.23,37,45.68,12,48.0
253,873554,Premier League,Manchester City,Omar Marmoush,Forward,6.74,3,2.62,2,29,9,12,10.34,10,45.45,3,0,0,0,3,1,6,0,0,0,0.0,0,2,0.0,13,2,2,2,4,0,0,0,0,0,3,3,0,12,161,140,21,86.96,34,106,64,0,0.0,1,100.0,20,8,720,3,0,10,19,75,15,44,48.89,41,50.62,3,33.33
254,287643,Premier League,Nottingham Forest,Oleksandr Zinchenko,Defender,6.74,0,0.08,0,4,2,0,0.0,1,50.0,0,0,0,0,0,0,1,0,0,0,0.0,0,1,0.0,10,2,11,1,9,0,0,0,0,0,1,0,0,5,255,231,24,90.59,82,149,80,1,5.56,8,53.33,5,4,353,0,0,1,2,48,1,16,47.06,12,50.0,4,40.0
255,1009386,Premier League,Burnley,Hannibal Mejbri,Midfielder,6.74,1,0.62,0,16,4,4,6.25,18,60.0,1,0,0,0,1,0,3,0,0,0,0.0,0,1,0.0,27,8,6,3,12,0,2,1,0,1,5,4,0,18,452,349,103,77.21,108,241,147,9,32.14,16,39.02,25,13,1117,8,0,21,43,201,30,93,49.47,88,55.7,5,16.67
256,1069488,Premier League,Chelsea,Roméo Lavia,Midfielder,6.74,0,0.2,0,3,0,2,0.0,3,60.0,0,0,0,0,0,0,0,0,0,0,0.0,0,0,0.0,8,5,4,0,0,0,1,0,0,0,1,0,0,1,284,263,21,92.61,121,142,63,0,0.0,12,85.71,12,4,377,0,0,8,8,39,6,22,57.89,19,55.88,3,75.0
257,1401702,Premier League,Arsenal,Ethan Nwaneri,Midfielder,6.74,0,0.23,0,6,0,4,0.0,3,37.5,0,0,0,0,0,0,0,0,0,0,0.0,0,0,0.0,1,0,1,0,3,0,0,0,0,0,0,0,0,1,87,79,8,90.8,37,42,26,0,0.0,5,55.56,6,0,175,0,0,2,0,20,2,5,26.32,4,26.67,1,25.0
258,895576,Premier League,Bournemouth,Marcus Tavernier,Midfielder,6.74,6,8.82,8,67,23,26,8.96,36,42.86,4,2,0,5,1,4,4,0,2,2,100.0,1,6,16.67,37,15,38,5,17,0,0,0,0,4,6,4,1,46,1025,854,171,83.32,241,613,379,17,16.35,27,38.57,32,29,2558,6,0,29,34,432,42,131,43.23,107,44.4,24,38.71
259,355796,Premier League,Crystal Palace,Jefferson Lerma,Midfielder,6.74,0,1.82,3,19,7,7,0.0,3,42.86,0,0,0,0,0,1,0,1,0,0,0.0,0,0,0.0,27,21,56,4,15,1,1,0,2,6,3,2,1,13,833,662,171,79.47,350,312,136,4,36.36,43,45.74,30,17,1640,7,0,25,24,242,9,117,54.17,54,50.47,63,57.8
260,856640,Premier League,West Ham United,Mads Hermansen,Goalkeeper,6.74,0,,0,0,0,0,0.0,0,0.0,0,0,0,0,0,0,0,0,0,0,0.0,0,0,0.0,0,0,20,0,0,3,1,0,0,6,0,1,0,2,569,339,230,59.58,277,62,28,0,0.0,81,26.38,17,17,1530,0,0,0,2,234,0,11,100.0,1,100.0,10,100.0
261,959628,Premier League,Brighton & Hove Albion,Mats Wieffer,Defender,6.74,2,1.93,2,18,6,7,11.11,9,45.0,1,1,0,1,1,1,2,0,0,0,0.0,0,0,0.0,64,25,71,6,35,0,1,0,0,5,4,3,0,20,844,706,138,83.65,342,364,181,3,20.0,40,54.05,25,22,1824,8,0,29,22,235,22,135,48.74,94,49.21,41,47.67
262,958916,Premier League,Brentford,Nathan Collins,Defender,6.74,1,2.28,4,20,6,10,5.0,6,66.67,1,0,1,0,0,1,2,1,0,0,0.0,0,0,0.0,28,37,201,38,8,1,2,1,1,9,4,2,0,10,1705,1420,285,83.28,1022,398,123,1,100.0,87,36.55,34,31,2882,6,0,19,17,320,10,137,55.02,51,56.67,86,54.09
263,855864,Premier League,Brentford,Ethan Pinnock,Defender,6.73,0,0.01,0,1,1,0,0.0,1,100.0,0,0,0,0,0,0,0,0,0,0,0.0,0,0,0.0,5,5,27,5,3,0,0,0,1,1,0,0,0,0,133,110,23,82.71,87,23,9,0,0.0,9,50.0,4,4,321,1,0,0,2,27,1,20,58.82,7,63.64,13,56.52
264,998247,Premier League,Tottenham Hotspur,Micky van de Ven,Defender,6.73,4,2.5,1,15,6,6,26.67,11,73.33,4,0,2,1,1,0,2,0,0,0,0.0,0,0,0.0,38,21,124,21,9,1,2,1,0,7,1,1,0,6,1645,1480,165,89.97,1074,406,107,0,0.0,65,44.22,33,33,2863,8,1,24,21,199,5,112,55.45,70,63.64,42,45.65
265,1136731,Premier League,Manchester City,Rico Lewis,Defender,6.73,0,0.11,0,2,0,2,0.0,2,50.0,0,0,0,0,0,0,0,0,0,0,0.0,0,0,0.0,5,7,6,1,3,0,0,0,0,0,2,1,0,6,234,203,31,86.75,89,114,62,0,0.0,8,61.54,10,3,333,1,0,4,7,46,5,15,50.0,14,50.0,1,50.0
266,973431,Premier League,Leeds United,Brenden Aaronson,Midfielder,6.73,4,4.27,4,43,16,11,9.3,30,37.5,3,1,0,1,3,2,5,0,0,0,0.0,0,0,0.0,49,15,16,4,41,0,0,1,0,1,9,5,0,33,642,519,123,80.84,189,330,183,10,27.78,7,30.43,36,29,2384,2,0,19,50,353,72,152,40.11,129,41.88,23,32.39
267,1046795,Premier League,Manchester City,Savinho,Midfielder,6.73,1,2.22,6,17,11,4,5.88,14,31.11,1,0,0,1,0,0,4,1,0,0,0.0,0,0,0.0,9,5,6,0,2,0,0,0,0,2,0,1,0,6,335,278,57,82.99,57,221,138,7,20.0,5,31.25,22,6,722,2,0,8,10,149,7,33,38.82,33,40.74,0,0.0
268,322391,Premier League,Bournemouth,Ryan Christie,Midfielder,6.73,2,1.92,1,25,8,7,8.0,19,48.72,2,0,0,1,1,0,1,0,0,0,0.0,0,0,0.0,27,12,18,4,14,0,1,1,0,0,2,0,0,11,547,428,119,78.24,162,266,145,3,17.65,25,40.32,26,9,986,3,1,17,22,191,15,80,50.0,67,50.76,13,46.43
269,791190,Premier League,Tottenham Hotspur,Rodrigo Bentancur,Midfielder,6.73,1,0.74,1,13,3,6,7.69,16,61.54,1,0,0,0,1,0,1,0,0,0,0.0,0,0,0.0,51,32,46,7,8,0,1,1,0,5,1,1,0,10,907,774,133,85.34,416,358,143,1,14.29,17,42.5,24,21,1720,7,0,17,4,184,7,100,54.35,71,62.83,29,40.85
270,891829,Premier League,Brighton & Hove Albion,Matt O'Riley,Midfielder,6.73,1,1.2,1,4,2,2,25.0,0,0.0,1,0,0,1,0,0,1,0,1,1,100.0,0,0,0.0,5,0,2,1,3,0,0,0,0,0,0,0,0,4,70,61,9,87.14,31,30,18,4,57.14,1,33.33,6,2,203,0,0,2,1,22,1,8,40.0,6,46.15,2,28.57
271,848276,Premier League,Crystal Palace,Jean Philippe Mateta,Forward,6.73,11,14.13,20,62,31,24,17.74,14,45.16,11,0,4,3,4,1,18,1,4,4,100.0,0,0,0.0,10,6,46,6,9,0,1,0,0,5,2,0,0,9,315,196,119,62.22,68,128,67,5,45.45,11,61.11,31,25,2209,2,0,20,19,252,40,110,38.06,43,34.4,67,40.85
272,1170560,Premier League,West Ham United,Soungoutou Magassa,Midfielder,6.73,1,0.44,0,7,2,3,14.29,5,62.5,1,0,0,0,1,0,0,0,0,0,0.0,0,0,0.0,40,16,14,4,15,0,0,1,0,0,1,0,0,5,405,327,78,80.74,159,168,55,1,11.11,19,52.78,22,11,998,4,0,17,17,109,6,73,56.59,62,60.78,11,40.74
273,799041,Premier League,West Ham United,Tomáš Souček,Midfielder,6.73,5,4.85,4,23,12,6,21.74,4,36.36,5,0,1,1,2,1,5,0,0,0,0.0,0,0,0.0,43,16,80,13,24,0,0,0,0,5,1,0,0,11,858,663,195,77.27,342,321,154,0,0.0,31,43.06,34,23,2125,3,1,37,21,257,8,133,51.95,67,47.86,66,56.9
274,372336,Premier League,Newcastle United,Jacob Murphy,Forward,6.73,3,3.15,3,42,13,15,7.14,20,50.0,2,1,0,0,3,1,5,0,0,0,0.0,0,0,0.0,16,5,17,4,22,0,1,1,0,1,10,2,0,23,478,349,129,73.01,86,263,166,24,19.83,19,54.29,32,18,1582,2,0,9,12,306,19,54,40.6,48,41.38,6,35.29
275,970361,Premier League,Liverpool FC,Jeremie Frimpong,Defender,6.72,0,0.51,0,10,2,4,0.0,18,56.25,0,0,0,0,0,0,4,0,0,0,0.0,0,0,0.0,11,6,13,0,11,0,0,0,0,1,4,1,0,14,427,360,67,84.31,115,245,150,10,20.0,7,28.0,20,12,1052,1,0,8,21,170,17,57,49.57,50,50.51,7,43.75
276,989034,Premier League,Sunderland,Trai Hume,Defender,6.72,1,1.98,4,32,6,14,3.13,5,26.32,1,0,0,0,1,3,1,0,0,0,0.0,0,0,0.0,64,25,99,12,31,0,3,1,1,8,1,1,0,23,1025,771,254,75.22,353,418,211,13,15.48,41,41.41,37,33,2947,9,0,31,39,436,8,172,53.09,107,56.02,65,48.87
277,856250,Premier League,Wolverhampton,Ladislav Krejčí,Defender,6.72,2,2.16,3,19,10,5,10.53,2,50.0,2,0,1,1,0,0,0,0,0,0,0.0,0,0,0.0,31,31,112,15,13,1,3,0,1,3,1,1,0,8,1289,1068,221,82.85,700,368,145,4,26.67,86,43.0,27,26,2295,3,1,32,7,274,8,100,50.0,39,42.39,61,56.48
278,828640,Premier League,Leeds United,Joe Rodon,Defender,6.72,2,1.41,1,18,7,7,11.11,1,50.0,2,0,2,0,0,2,1,0,0,0,0.0,0,0,0.0,35,28,180,22,10,1,2,0,0,6,1,0,0,8,1416,1238,178,87.43,831,407,129,3,50.0,37,39.78,34,32,2863,3,0,16,18,232,5,137,55.69,52,64.2,85,51.52
279,1090963,Premier League,Nottingham Forest,Omari Hutchinson,Midfielder,6.72,1,1.94,2,25,11,6,4.0,41,54.67,1,0,0,1,0,0,7,1,0,0,0.0,0,0,0.0,19,12,8,0,18,1,1,0,0,3,7,4,0,30,511,425,86,83.17,128,297,185,26,20.0,10,40.0,30,16,1616,1,0,21,24,298,28,88,41.51,83,45.36,5,17.24
280,1471764,Premier League,West Ham United,El Hadji Malick Diouf,Defender,6.71,0,0.57,0,18,4,9,0.0,22,47.83,0,0,0,0,0,0,2,0,0,0,0.0,0,0,0.0,43,31,112,12,13,0,2,2,0,5,5,5,1,29,991,735,256,74.17,370,365,161,28,27.72,55,30.39,31,29,2621,6,0,28,23,472,18,132,53.44,88,52.69,44,55.0
281,262911,Premier League,Liverpool FC,Andy Robertson,Defender,6.71,1,1.07,0,9,3,1,11.11,3,50.0,1,0,0,1,0,0,5,0,0,0,0.0,0,0,0.0,12,7,29,3,4,1,0,0,0,3,3,0,0,18,667,556,111,83.36,218,338,200,11,22.0,25,39.68,23,10,1105,0,0,4,1,179,1,29,51.79,16,57.14,13,46.43
282,1048888,Premier League,Tottenham Hotspur,Mathys Tel,Forward,6.71,4,2.21,3,31,8,14,12.9,37,49.33,3,1,0,0,4,1,3,0,0,0,0.0,0,0,0.0,18,5,10,1,10,1,0,1,0,0,3,1,0,25,297,229,68,77.1,82,147,93,25,29.41,11,50.0,29,11,1195,1,0,16,21,252,33,90,41.47,76,44.19,14,31.11
283,930997,Premier League,Liverpool FC,Giorgi Mamardashvili,Goalkeeper,6.71,0,,0,0,0,0,0.0,0,0.0,0,0,0,0,0,0,0,0,0,0,0.0,0,0,0.0,1,1,9,0,1,0,1,1,0,2,0,0,0,0,287,202,85,70.38,186,16,7,0,0.0,36,30.25,10,10,868,0,0,1,2,93,0,5,62.5,3,60.0,2,66.67
284,904970,Premier League,Tottenham Hotspur,Conor Gallagher,Midfielder,6.71,1,0.73,2,9,3,4,11.11,11,68.75,0,1,0,0,1,0,1,0,0,0,0.0,0,0,0.0,19,16,4,4,12,0,1,0,0,0,1,1,0,11,440,364,76,82.73,164,200,99,6,28.57,19,63.33,14,12,1024,2,0,21,19,129,8,56,49.56,48,52.17,8,38.1
285,895324,Premier League,Liverpool FC,Alexis Mac Allister,Midfielder,6.71,2,3.55,2,48,11,19,4.17,10,40.0,2,0,0,0,2,2,0,0,0,0,0.0,0,0,0.0,50,21,34,9,39,0,1,0,0,6,4,4,1,33,1399,1212,187,86.63,447,765,357,9,47.37,48,51.06,36,30,2585,6,0,33,31,281,28,107,44.77,91,44.83,16,44.44
286,867441,Premier League,Wolverhampton,Angel Gomes,Midfielder,6.71,0,0.26,0,6,2,4,0.0,3,60.0,0,0,0,0,0,1,0,0,0,0,0.0,0,2,0.0,8,0,3,2,2,0,0,0,0,0,0,0,0,4,167,144,23,86.23,70,74,43,2,18.18,10,66.67,11,6,422,1,0,6,8,50,4,19,54.29,19,57.58,0,0.0
287,911679,Premier League,Leeds United,Ilia Gruev,Midfielder,6.71,0,0.47,1,7,1,5,0.0,6,85.71,0,0,0,0,0,0,0,0,0,0,0.0,0,0,0.0,24,15,19,6,19,0,0,0,0,2,2,3,0,11,584,523,61,89.55,322,201,80,4,26.67,19,67.86,23,15,1334,3,0,16,9,95,5,52,46.02,38,48.1,14,41.18
288,791,Premier League,Brighton & Hove Albion,James Milner,Midfielder,6.71,1,1.02,0,8,2,4,12.5,1,50.0,1,0,0,0,1,0,1,0,1,1,100.0,0,0,0.0,14,6,18,1,7,1,0,0,0,2,1,1,0,8,442,382,60,86.43,178,204,95,6,42.86,18,40.0,19,6,743,2,0,11,3,80,3,24,42.86,18,45.0,6,37.5
289,372344,Premier League,Leeds United,Dominic Calvert-Lewin,Forward,6.7,14,15.33,19,72,33,32,19.44,8,26.67,14,0,3,1,9,3,25,2,5,4,80.0,0,0,0.0,10,3,36,9,4,0,1,0,0,4,2,1,0,18,445,256,189,57.53,66,190,125,1,10.0,5,50.0,34,29,2657,3,0,44,37,352,28,182,39.74,55,37.67,127,40.71
290,33902,Premier League,Brighton & Hove Albion,Danny Welbeck,Forward,6.7,13,12.44,11,56,28,18,23.21,11,42.31,11,2,2,3,8,1,5,0,3,1,33.33,1,3,33.33,24,9,30,0,13,1,1,0,0,1,4,1,0,20,477,378,99,79.25,154,224,139,0,0.0,5,55.56,36,25,2209,5,0,28,10,188,19,64,36.99,45,38.14,19,34.55
291,1550775,Premier League,Chelsea,Jesse Derry,Forward,6.7,0,0.1,0,2,1,1,0.0,0,0.0,0,0,0,0,0,0,0,1,0,0,0.0,0,0,0.0,1,0,0,0,0,0,0,0,0,0,0,0,0,0,13,12,1,92.31,2,10,7,1,50.0,0,0.0,1,1,44,0,0,0,1,6,1,2,33.33,1,25.0,1,50.0
292,1050692,Premier League,Brighton & Hove Albion,Diego Coppola,Defender,6.7,0,,0,0,0,0,0.0,1,100.0,0,0,0,0,0,0,0,0,0,0,0.0,0,0,0.0,2,1,13,2,2,0,0,0,0,1,0,0,0,0,114,101,13,88.6,64,37,10,0,0.0,2,25.0,5,2,201,2,0,4,0,15,0,13,48.15,3,33.33,10,55.56
293,69256,Premier League,Newcastle United,Kieran Trippier,Defender,6.7,0,0.08,0,2,0,2,0.0,4,40.0,0,0,0,0,0,1,1,0,0,0,0.0,0,2,0.0,26,10,48,1,28,0,1,0,0,4,1,1,0,28,1061,861,200,81.15,387,474,279,34,34.0,49,39.52,21,18,1592,3,0,22,19,304,6,72,45.57,48,43.64,24,50.0
294,846252,Premier League,Nottingham Forest,Ryan Yates,Midfielder,6.7,0,0.35,1,8,1,3,0.0,1,50.0,0,0,0,0,0,0,0,0,0,0,0.0,0,0,0.0,14,9,21,3,5,0,0,0,0,0,0,2,0,5,246,193,53,78.46,100,93,55,2,50.0,4,33.33,21,2,604,3,0,13,13,71,6,46,57.5,28,53.85,18,64.29
295,2138729,Premier League,Sunderland,Jocelin Ta Bi,Midfielder,6.7,0,,0,0,0,0,0.0,2,66.67,0,0,0,0,0,0,0,0,0,0,0.0,0,0,0.0,1,0,0,0,0,0,0,0,0,0,0,0,0,0,2,2,0,100.0,0,2,1,1,20.0,0,0.0,1,1,39,0,0,0,1,9,1,4,50.0,4,66.67,0,0.0
296,1048916,Premier League,Burnley,Lesley Ugochukwu,Midfielder,6.7,3,2.33,1,22,8,6,13.64,14,46.67,3,0,2,1,0,0,1,0,0,0,0.0,0,0,0.0,49,18,22,20,19,1,0,1,0,1,0,1,0,9,729,604,125,82.85,269,335,152,1,16.67,23,56.1,33,25,2213,1,1,27,27,206,30,113,48.5,89,50.0,24,43.64
297,1913038,Premier League,Tottenham Hotspur,Jun'ai Byfield,Defender,6.7,0,,0,0,0,0,0.0,0,0.0,0,0,0,0,0,0,0,0,0,0,0.0,0,0,0.0,0,0,0,0,0,0,0,0,0,0,0,0,0,0,5,4,1,80.0,0,4,2,0,0.0,0,0.0,1,0,10,0,0,0,0,1,0,1,100.0,0,0.0,1,100.0
298,998253,Premier League,Everton,Jake O'Brien,Defender,6.7,1,1.74,1,13,6,4,7.69,6,30.0,1,0,1,0,0,1,4,0,0,0,0.0,0,0,0.0,56,15,141,16,7,1,2,1,0,9,0,1,0,16,1058,783,275,74.01,421,362,175,13,26.53,40,30.77,36,34,3069,5,1,21,15,469,21,188,61.44,76,55.07,112,66.67
299,876643,Premier League,Everton,Vitaliy Mykolenko,Defender,6.7,0,0.29,0,9,2,4,0.0,10,34.48,0,0,0,0,0,0,0,0,0,0,0.0,0,0,0.0,48,30,142,9,28,1,0,0,1,9,1,1,1,22,1149,915,234,79.63,379,536,293,20,21.98,50,31.85,32,32,2870,6,0,28,27,471,11,134,52.96,85,50.6,49,57.65
300,1126692,Premier League,Brentford,Antoni Milambo,Midfielder,6.7,0,,0,0,0,0,0.0,0,0.0,0,0,0,0,0,0,0,0,0,0,0.0,0,0,0.0,3,0,0,0,0,0,0,0,0,0,0,0,0,0,11,8,3,72.73,3,5,3,0,0.0,0,0.0,1,1,45,0,0,0,0,4,0,5,83.33,3,100.0,2,66.67
301,143040,Premier League,Liverpool FC,Wataru Endo,Midfielder,6.7,0,0.04,0,1,0,0,0.0,0,0.0,0,0,0,0,0,0,0,0,0,0,0.0,0,0,0.0,7,0,13,0,2,0,0,0,0,0,0,1,0,1,94,80,14,85.11,42,38,18,0,0.0,5,83.33,8,1,206,1,0,2,3,27,1,18,64.29,10,62.5,8,66.67
302,846425,Premier League,Manchester United,Manuel Ugarte,Midfielder,6.69,0,0.71,1,13,1,7,0.0,7,70.0,0,0,0,0,0,0,0,0,0,0,0.0,0,0,0.0,46,20,20,5,16,0,1,0,0,1,0,0,0,3,502,427,75,85.06,198,229,97,0,0.0,13,48.15,22,8,900,1,0,24,15,104,11,79,53.38,68,55.74,11,42.31
303,192442,Premier League,Fulham,Raúl Jiménez,Forward,6.69,9,11.46,9,73,19,33,12.33,10,37.04,9,0,4,0,5,2,19,2,4,4,100.0,0,6,0.0,34,8,30,3,19,1,0,0,0,2,2,3,0,25,516,328,188,63.57,133,195,108,2,28.57,15,60.0,35,27,2188,5,0,45,34,300,27,161,42.37,77,44.25,84,40.78
304,190839,Premier League,Manchester United,Luke Shaw,Defender,6.69,1,0.68,0,9,3,2,11.11,9,47.37,1,0,0,1,0,0,0,0,0,0,0.0,0,0,0.0,72,43,94,9,16,0,2,0,0,5,1,1,0,16,1683,1459,224,86.69,767,692,304,9,16.98,57,48.72,37,37,3149,9,0,49,20,342,5,165,55.93,101,56.11,64,55.65
305,329417,Premier League,Fulham,Timothy Castagne,Defender,6.69,0,1.33,1,13,6,3,0.0,2,40.0,0,0,0,0,0,0,1,1,0,0,0.0,0,0,0.0,38,29,63,10,5,0,1,0,0,2,3,0,0,17,764,657,107,85.99,382,275,148,15,31.91,31,54.39,29,19,1782,4,0,18,10,174,2,76,56.3,50,64.1,26,45.61
306,1008456,Premier League,Burnley,Oliver Sonne,Defender,6.68,1,0.55,0,3,1,2,33.33,1,33.33,1,0,0,1,0,0,0,0,0,0,0.0,0,0,0.0,2,1,4,0,1,0,0,0,0,0,0,0,0,1,59,39,20,66.1,16,23,15,1,20.0,3,42.86,7,1,165,0,0,4,0,31,1,8,44.44,3,27.27,5,71.43
307,975937,Premier League,Newcastle United,Jacob Ramsey,Midfielder,6.68,2,1.19,1,16,4,6,12.5,15,53.57,1,1,0,1,1,0,2,0,0,0,0.0,0,0,0.0,36,9,8,3,11,0,1,1,0,1,2,3,0,22,654,591,63,90.37,236,355,197,4,44.44,13,68.42,27,14,1375,3,1,16,13,114,12,73,54.89,64,57.14,9,42.86
308,1128532,Premier League,Sunderland,Habib Diarra,Midfielder,6.68,2,3.29,2,24,8,13,8.33,6,27.27,2,0,0,0,2,0,2,1,1,1,100.0,0,0,0.0,14,4,13,0,7,0,1,0,0,4,1,2,0,6,429,352,77,82.05,146,206,122,4,13.79,4,26.67,19,15,1378,5,0,19,26,145,13,56,45.16,46,45.54,10,43.48
309,877013,Premier League,West Ham United,Valentín Castellanos,Forward,6.68,5,4.98,8,46,20,18,10.87,2,16.67,4,1,2,0,3,3,9,0,0,0,0.0,0,1,0.0,11,5,20,2,8,0,0,0,0,1,1,0,0,12,239,154,85,64.44,45,109,70,2,33.33,1,14.29,17,16,1307,6,0,30,12,140,11,51,35.66,25,30.12,26,43.33
310,1416535,Premier League,Brighton & Hove Albion,Charalampos Kostoulas,Forward,6.68,2,1.95,2,18,8,7,11.11,10,40.0,2,0,1,0,1,0,4,0,0,0,0.0,0,0,0.0,11,1,4,0,4,0,0,0,0,0,3,1,0,8,118,88,30,74.58,27,61,39,0,0.0,1,25.0,20,2,355,2,0,7,7,81,10,48,45.71,28,44.44,20,47.62
311,831424,Premier League,Sunderland,Reinildo Mandava,Defender,6.68,0,0.18,0,4,0,2,0.0,15,57.69,0,0,0,0,0,0,1,1,0,0,0.0,0,0,0.0,35,30,78,14,13,1,0,1,0,6,0,1,0,6,784,674,110,85.97,354,320,129,4,17.39,23,35.94,24,22,1879,7,1,31,35,201,13,117,55.45,83,55.7,34,54.84
312,1142315,Premier League,Brighton & Hove Albion,Jack Hinshelwood,Midfielder,6.68,4,4.92,6,37,15,14,10.81,3,33.33,3,1,1,1,2,2,2,0,0,0,0.0,0,0,0.0,18,5,25,5,11,0,2,0,1,1,2,3,0,14,618,512,106,82.85,236,276,145,0,0.0,9,37.5,26,19,1676,0,0,33,11,157,9,44,35.48,32,35.96,12,34.29
313,803185,Premier League,Leeds United,Lukas Nmecha,Forward,6.67,6,6.83,6,29,16,8,20.69,4,40.0,6,0,0,1,5,1,3,0,3,2,66.67,0,0,0.0,11,3,11,1,3,0,0,0,0,0,1,1,0,9,193,125,68,64.77,44,81,46,0,0.0,5,83.33,30,9,1002,0,0,16,16,133,16,60,40.54,29,42.65,31,38.75
314,980623,Premier League,Newcastle United,Nick Woltemade,Forward,6.67,8,6.59,6,32,13,11,25.0,13,39.39,8,0,2,0,6,2,8,0,1,1,100.0,0,0,0.0,23,5,21,2,11,0,0,0,1,1,5,3,0,20,360,271,89,75.28,88,183,107,0,0.0,7,50.0,32,23,1862,0,0,20,19,210,42,90,37.97,55,37.67,35,38.46
315,839410,Premier League,Newcastle United,Aaron Ramsdale,Goalkeeper,6.67,0,,0,0,0,0,0.0,0,0.0,0,0,0,0,0,0,0,0,0,0,0.0,0,0,0.0,0,0,10,0,0,0,1,0,0,1,0,0,0,1,400,267,133,66.75,223,44,16,0,0.0,55,29.73,12,11,1003,2,0,0,1,135,0,6,75.0,1,100.0,5,71.43
316,875360,Premier League,Burnley,Hjalmar Ekdal,Defender,6.67,0,0.26,1,6,1,3,0.0,2,50.0,0,0,0,0,0,0,2,0,0,0,0.0,0,0,0.0,24,12,125,13,4,1,1,0,0,2,0,0,0,4,681,579,102,85.02,422,157,38,0,0.0,30,38.46,19,17,1539,0,0,5,7,116,4,83,63.85,31,67.39,52,61.9
317,979144,Premier League,Nottingham Forest,Luca Netz,Defender,6.67,0,,0,0,0,0,0.0,2,50.0,0,0,0,0,0,0,0,0,0,0,0.0,0,0,0.0,12,2,8,3,2,0,0,0,0,0,0,0,0,2,90,76,14,84.44,45,31,20,0,0.0,4,44.44,6,3,328,0,0,5,2,23,0,17,48.57,16,64.0,1,10.0
318,794939,Premier League,Chelsea,Marc Cucurella,Defender,6.67,1,2.35,1,20,6,8,5.0,1,33.33,1,0,1,0,0,0,4,0,0,0,0.0,0,0,0.0,50,31,86,8,19,0,1,0,0,9,6,4,0,39,1394,1231,163,88.31,606,625,320,13,32.5,42,49.41,32,29,2530,7,1,44,26,244,6,112,52.58,76,52.05,36,53.73
319,1013928,Premier League,Wolverhampton,Hugo Bueno,Defender,6.67,1,0.78,0,15,6,6,6.67,31,40.26,0,1,0,1,0,0,3,0,0,0,0.0,0,1,0.0,67,38,67,4,34,0,2,1,0,3,6,2,0,38,845,681,164,80.59,359,322,178,58,34.94,25,34.25,34,26,2359,3,0,18,24,424,32,141,48.12,122,48.61,19,45.24
320,851100,Premier League,Aston Villa,Jadon Sancho,Midfielder,6.67,0,0.58,1,10,3,1,0.0,16,55.17,0,0,0,0,0,0,3,0,0,0,0.0,0,0,0.0,7,2,9,0,7,1,1,0,0,0,3,2,0,21,378,316,62,83.6,79,237,169,3,13.04,2,66.67,23,9,891,0,0,3,2,128,9,28,42.42,25,43.86,3,33.33
321,855845,Premier League,Burnley,Florentino Luís,Midfielder,6.67,0,0.61,2,11,1,7,0.0,7,33.33,0,0,0,0,0,0,1,0,0,0,0.0,0,0,0.0,83,36,51,12,35,1,3,1,0,1,0,2,0,12,964,823,141,85.37,437,386,158,1,11.11,38,63.33,29,23,1950,6,0,38,8,204,15,120,48.58,98,49.0,22,46.81
322,143334,Premier League,Aston Villa,Victor Lindelöf,Defender,6.67,0,0.28,1,3,0,3,0.0,0,0.0,0,0,0,0,0,0,0,0,0,0,0.0,0,0,0.0,6,7,31,5,2,0,0,0,0,1,1,1,0,2,584,549,35,94.01,406,143,46,0,0.0,12,50.0,16,10,912,0,0,2,1,39,2,18,60.0,7,53.85,11,64.71
323,991604,Premier League,Brentford,Fabio Carvalho,Forward,6.66,1,0.7,0,2,1,1,50.0,1,33.33,1,0,0,0,1,0,0,0,0,0,0.0,0,0,0.0,3,0,0,0,0,0,0,0,0,0,0,0,0,0,25,20,5,80.0,10,10,5,1,20.0,2,100.0,6,1,128,0,0,0,0,14,1,5,45.45,4,57.14,1,25.0
324,904827,Premier League,Chelsea,Benoît Badiashile,Defender,6.66,0,,0,0,0,0,0.0,0,0.0,0,0,0,0,0,0,0,0,0,0,0.0,0,0,0.0,7,10,27,4,1,1,1,0,0,0,0,0,0,0,439,408,31,92.94,308,100,25,0,0.0,19,55.88,8,6,471,2,0,6,2,35,0,17,53.13,9,60.0,8,47.06
325,823085,Premier League,West Ham United,Kyle Walker-Peters,Defender,6.66,1,1.13,0,5,3,2,20.0,16,66.67,1,0,0,0,1,0,1,0,0,0,0.0,0,0,0.0,44,9,33,4,10,1,0,0,0,3,1,0,0,7,575,493,82,85.74,207,286,149,1,5.26,14,36.84,22,14,1306,2,0,11,24,151,16,96,60.76,84,66.14,12,38.71
326,867445,Premier League,Fulham,Emile Smith Rowe,Midfielder,6.66,3,4.71,5,35,10,14,8.57,14,48.28,3,0,1,0,2,1,3,0,0,0,0.0,0,0,0.0,33,22,17,1,6,0,2,0,0,0,1,0,0,18,900,819,81,91.0,317,502,284,1,7.69,8,61.54,36,21,1871,1,0,9,16,183,30,69,49.29,62,51.67,7,35.0
327,855731,Premier League,Bournemouth,David Brooks,Midfielder,6.66,1,5.19,9,46,12,17,2.17,17,41.46,1,0,0,1,0,1,2,0,0,0,0.0,0,2,0.0,18,4,15,0,20,0,0,0,0,0,8,3,0,25,441,341,100,77.32,84,257,163,11,18.64,12,46.15,30,13,1207,7,0,11,13,220,10,54,41.22,48,42.48,6,33.33
328,795066,Premier League,Burnley,Marcus Edwards,Forward,6.66,1,1.48,2,22,6,7,4.55,13,35.14,1,0,0,1,0,1,1,0,0,0,0.0,0,4,0.0,11,2,4,0,17,0,0,0,0,0,5,3,0,18,322,264,58,81.99,71,193,127,4,21.05,6,50.0,22,11,1058,0,0,7,18,169,28,44,34.92,42,36.21,2,20.0
329,894733,Premier League,Wolverhampton,Marshall Munetsi,Midfielder,6.65,1,1.61,0,14,6,6,7.14,5,55.56,1,0,1,0,0,1,4,0,0,0,0.0,0,0,0.0,21,7,30,2,9,0,0,0,0,0,1,1,0,3,169,107,62,63.31,26,81,47,3,21.43,6,50.0,13,9,877,2,0,19,10,112,11,65,45.77,35,44.87,30,46.88
330,1153315,Premier League,Manchester United,Leny Yoro,Defender,6.65,0,1.39,2,9,3,5,0.0,2,66.67,0,0,0,0,0,0,2,0,0,0,0.0,0,0,0.0,31,30,84,10,8,0,3,1,0,1,0,0,0,4,985,871,114,88.43,529,342,131,1,33.33,36,48.0,31,18,1732,1,0,16,5,143,5,82,56.16,38,55.88,44,56.41
331,962364,Premier League,Nottingham Forest,Lorenzo Lucca,Forward,6.65,1,0.79,1,4,1,3,25.0,0,0.0,1,0,1,0,0,0,2,0,0,0,0.0,0,0,0.0,0,1,3,0,0,0,0,0,0,0,0,0,0,1,16,9,7,56.25,3,6,3,0,0.0,0,0.0,4,1,135,0,0,1,2,15,3,7,43.75,2,28.57,5,55.56
332,998951,Premier League,Leeds United,Wilfried Gnonto,Forward,6.65,0,0.41,0,10,0,6,0.0,5,35.71,0,0,0,0,0,0,0,1,0,0,0.0,0,0,0.0,18,3,12,0,4,0,0,0,0,0,1,1,0,9,204,158,46,77.45,55,103,70,2,10.53,6,75.0,22,4,514,3,0,7,11,97,9,35,45.45,34,53.97,1,7.14
333,1140599,Premier League,Chelsea,Jamie Gittens,Midfielder,6.65,0,0.82,1,10,2,2,0.0,13,61.9,0,0,0,0,0,0,2,0,0,0,0.0,0,0,0.0,8,2,3,1,3,0,0,0,0,1,2,2,0,9,149,118,31,79.19,31,87,49,3,23.08,3,75.0,16,5,495,0,0,6,8,68,4,32,54.24,29,59.18,3,30.0
334,946695,Premier League,Brighton & Hove Albion,Georginio Rutter,Midfielder,6.65,3,2.95,3,41,14,14,7.32,28,43.75,3,0,0,2,1,0,10,1,0,0,0.0,0,0,0.0,32,10,26,1,15,0,0,0,1,2,8,3,0,25,431,299,132,69.37,86,213,150,3,14.29,16,57.14,31,20,1788,2,0,30,34,350,59,113,40.07,94,40.52,19,38.0
335,972421,Premier League,Brentford,Keane Lewis-Potter,Defender,6.65,3,3.0,2,30,9,10,10.0,15,34.88,3,0,1,1,1,2,3,0,0,0,0.0,0,6,0.0,21,11,34,1,10,1,0,0,0,5,6,3,0,18,538,420,118,78.07,186,234,143,21,31.34,23,30.67,35,21,1901,1,0,15,35,254,15,82,46.07,71,51.08,11,28.21
336,803039,Premier League,Aston Villa,Donyell Malen,Forward,6.65,4,4.07,5,27,9,12,14.81,8,40.0,4,0,0,0,4,1,1,0,0,0,0.0,0,0,0.0,4,0,2,0,2,0,0,0,0,0,0,1,0,7,94,73,21,77.66,15,58,40,2,28.57,1,20.0,21,5,680,0,0,2,6,65,13,21,36.84,18,38.3,3,30.0
337,371222,Premier League,Fulham,Saša Lukić,Midfielder,6.65,1,2.26,3,18,6,7,5.56,6,54.55,1,0,1,0,0,0,2,0,0,0,0.0,0,0,0.0,49,18,36,9,10,0,2,0,0,4,3,2,0,28,730,625,105,85.62,278,347,172,19,27.94,9,52.94,26,20,1734,9,0,53,25,188,9,103,48.58,80,51.61,23,40.35
338,996958,Premier League,Chelsea,Malo Gusto,Defender,6.64,2,1.56,1,12,6,3,16.67,11,47.83,2,0,1,1,0,0,1,0,0,0,0.0,0,0,0.0,51,30,36,4,21,0,1,1,0,3,3,3,1,27,1224,1064,160,86.93,515,549,303,12,20.69,39,50.65,33,25,2182,3,1,20,19,304,14,94,52.81,81,55.1,13,41.94
339,954044,Premier League,Wolverhampton,Ki-Jana Hoever,Defender,6.64,0,0.02,0,1,1,0,0.0,5,62.5,0,0,0,0,0,0,1,0,0,0,0.0,0,0,0.0,13,6,20,1,3,0,0,0,0,0,2,0,0,5,154,106,48,68.83,42,64,31,7,31.82,9,32.14,8,6,428,0,0,3,3,78,3,27,60.0,21,63.64,6,50.0
340,1014987,Premier League,Sunderland,Dennis Cirkin,Defender,6.64,0,0.08,0,1,0,1,0.0,3,75.0,0,0,0,0,0,0,0,0,0,0,0.0,0,0,0.0,8,5,14,1,2,0,0,0,0,1,0,0,0,0,99,77,22,77.78,40,37,18,1,33.33,1,25.0,8,3,329,2,0,4,2,39,5,18,51.43,13,52.0,5,50.0
341,1006073,Premier League,Wolverhampton,Rodrigo Gomes,Midfielder,6.64,3,2.12,2,19,6,11,15.79,6,27.27,3,0,0,0,3,0,3,0,0,0,0.0,0,0,0.0,22,9,12,2,8,0,0,0,0,0,0,0,1,4,248,178,70,71.77,51,127,73,3,12.5,2,18.18,21,8,896,0,0,5,8,150,7,42,43.75,36,50.0,6,25.0
342,885864,Premier League,Brentford,Frank Onyeka,Midfielder,6.64,0,,0,0,0,0,0.0,2,50.0,0,0,0,0,0,0,0,0,0,0,0.0,0,0,0.0,2,0,3,0,2,0,0,0,0,0,1,1,0,1,36,28,8,77.78,9,19,10,0,0.0,1,50.0,6,0,88,0,0,3,3,13,0,8,50.0,7,50.0,1,50.0
343,944327,Premier League,Nottingham Forest,Dan Ndoye,Midfielder,6.64,1,1.06,1,15,4,7,6.67,13,39.39,1,0,1,0,0,0,9,0,0,0,0.0,0,0,0.0,23,10,12,2,12,0,0,0,0,0,2,1,0,14,282,221,61,78.37,61,160,99,9,21.43,7,53.85,24,14,1176,1,0,16,22,179,19,69,46.31,58,46.77,11,44.0
344,1423711,Premier League,Arsenal,Myles Lewis-Skelly,Defender,6.64,0,0.11,0,2,0,1,0.0,8,80.0,0,0,0,0,0,0,1,0,0,0,0.0,0,0,0.0,8,4,11,1,4,0,1,0,0,2,0,0,0,4,321,293,28,91.28,162,131,68,0,0.0,8,57.14,18,4,615,3,0,8,11,54,7,32,50.79,27,56.25,5,33.33
345,1627560,Premier League,Everton,Harrison Armstrong,Midfielder,6.64,0,0.79,1,5,2,2,0.0,1,14.29,0,0,0,0,0,0,2,0,0,0,0.0,0,0,0.0,13,4,8,1,3,0,0,0,0,1,0,0,0,4,184,145,39,78.8,46,99,55,0,0.0,5,62.5,12,6,509,0,0,6,14,67,8,34,53.97,28,56.0,6,46.15
346,877980,Premier League,Sunderland,Wilson Isidor,Forward,6.64,6,4.66,2,41,17,13,14.63,6,25.0,6,0,1,0,5,0,11,0,0,0,0.0,0,0,0.0,10,1,15,1,5,0,0,0,0,1,0,0,0,0,130,77,53,59.23,22,55,38,0,0.0,1,14.29,31,11,1144,1,0,14,6,108,14,47,29.01,22,30.99,25,27.47
347,910048,Premier League,Sunderland,Brian Brobbey,Forward,6.64,7,5.03,10,32,17,9,21.88,2,12.5,7,0,2,1,4,1,8,1,0,0,0.0,0,0,0.0,9,0,14,6,4,0,0,1,0,1,2,1,0,15,266,190,76,71.43,56,134,79,0,0.0,4,57.14,30,21,1883,6,0,31,34,177,28,108,42.02,44,36.97,64,46.38
348,359664,Premier League,Nottingham Forest,Taiwo Awoniyi,Forward,6.63,4,3.41,2,14,8,5,28.57,2,50.0,4,0,1,1,2,0,5,1,0,0,0.0,0,0,0.0,1,1,4,1,4,0,0,0,0,0,2,1,0,6,74,59,15,79.73,24,35,24,0,0.0,0,0.0,16,3,474,1,0,9,6,54,5,18,23.38,9,31.03,9,18.75
349,987489,Premier League,Everton,Beto,Forward,6.63,9,8.91,10,43,17,15,20.93,14,34.15,9,0,3,1,5,1,9,0,0,0,0.0,0,0,0.0,15,1,43,5,3,0,1,0,0,0,1,1,0,12,207,128,79,61.84,49,79,45,0,0.0,1,100.0,36,17,1595,3,0,33,12,222,30,133,39.7,41,31.54,92,44.88
350,858194,Premier League,Crystal Palace,Eddie Nketiah,Forward,6.63,2,1.77,1,15,6,3,13.33,5,31.25,2,0,0,1,1,0,3,0,0,0,0.0,0,0,0.0,8,2,10,1,3,0,0,0,0,0,1,0,0,7,87,70,17,80.46,35,35,20,0,0.0,1,50.0,12,2,416,2,0,7,7,68,11,28,34.57,20,39.22,8,26.67
351,834308,Premier League,Leeds United,Gabriel Gudmundsson,Defender,6.63,0,1.1,0,18,3,10,0.0,39,52.7,0,0,0,0,0,0,3,0,0,0,0.0,0,0,0.0,65,27,83,7,30,1,0,0,1,3,4,0,0,21,957,730,227,76.28,388,342,169,24,26.37,30,28.57,32,31,2642,4,1,31,56,475,26,178,53.61,160,56.74,18,36.0
352,1142675,Premier League,Sunderland,Chemsdine Talbi,Midfielder,6.63,4,2.13,2,25,10,10,16.0,16,44.44,2,2,0,0,4,0,2,0,0,0,0.0,0,0,0.0,11,2,17,1,13,2,0,0,0,2,0,1,0,12,402,327,75,81.34,128,199,108,7,14.29,13,56.52,28,16,1561,0,0,5,1,192,11,29,31.87,28,36.36,1,7.14
353,1198075,Premier League,Brighton & Hove Albion,Brajan Gruda,Midfielder,6.63,1,1.72,2,16,6,6,6.25,20,37.74,1,0,0,0,1,0,2,0,0,0,0.0,0,1,0.0,14,2,2,0,5,1,0,0,0,0,1,1,0,16,248,194,54,78.23,40,154,90,3,21.43,7,53.85,18,8,740,2,0,11,14,148,17,56,44.8,48,42.11,8,72.73
354,1394089,Premier League,Sunderland,Chris Rigg,Midfielder,6.63,1,0.84,0,12,3,6,8.33,7,53.85,1,0,0,1,0,0,2,0,0,0,0.0,0,0,0.0,13,4,10,1,5,0,1,0,0,0,2,1,0,9,212,152,60,71.7,52,100,52,4,36.36,10,47.62,17,11,772,1,0,8,8,95,5,32,49.23,28,53.85,4,30.77
355,962408,Premier League,Bournemouth,Bafodé Diakité,Defender,6.63,0,0.02,0,1,0,1,0.0,0,0.0,0,0,0,0,0,0,2,0,0,0,0.0,0,0,0.0,20,12,83,5,3,0,1,1,0,4,0,0,0,3,749,659,90,87.98,415,244,85,0,0.0,34,47.22,18,15,1286,1,0,8,5,100,1,60,54.05,25,62.5,35,49.3
356,303638,Premier League,Aston Villa,Tyrone Mings,Defender,6.63,0,1.37,2,9,1,4,0.0,2,33.33,0,0,0,0,0,0,0,0,0,0,0.0,0,0,0.0,4,10,75,8,1,0,1,0,0,3,1,0,0,5,860,769,91,89.42,495,274,81,1,25.0,35,42.17,16,14,1233,1,0,10,9,107,3,53,55.21,13,44.83,40,59.7
357,935543,Premier League,Everton,Dwight McNeil,Midfielder,6.63,0,1.39,1,24,5,7,0.0,7,53.85,0,0,0,0,0,1,2,0,0,0,0.0,0,0,0.0,23,10,13,3,12,1,1,0,0,3,1,1,0,15,324,264,60,81.48,114,150,93,10,23.81,7,35.0,22,14,1188,1,0,11,7,149,19,44,42.72,37,43.53,7,38.89
358,174975,Premier League,Sunderland,Arthur Masuaku,Defender,6.63,0,0.07,0,1,0,0,0.0,2,50.0,0,0,0,0,0,0,0,0,0,0,0.0,0,0,0.0,4,2,4,0,3,0,0,0,0,0,0,0,0,1,48,39,9,81.25,25,14,5,2,25.0,1,16.67,3,2,127,1,0,3,0,22,1,7,43.75,6,40.0,1,100.0
359,1008402,Premier League,Liverpool FC,Conor Bradley,Defender,6.63,0,0.24,0,6,0,2,0.0,7,31.82,0,0,0,0,0,1,1,0,0,0,0.0,0,0,0.0,19,13,29,4,15,0,0,0,0,2,3,1,0,4,492,413,79,83.94,162,251,137,4,16.67,10,25.0,15,12,932,5,0,18,20,150,11,61,44.85,46,43.81,15,48.39
360,1523623,Premier League,West Ham United,Mohamadou Kanté,Midfielder,6.63,0,0.09,0,2,0,2,0.0,1,100.0,0,0,0,0,0,0,0,0,0,0,0.0,0,0,0.0,6,0,1,1,4,0,0,0,0,0,0,0,0,1,29,20,9,68.97,6,14,9,0,0.0,0,0.0,10,0,109,2,0,3,1,14,4,10,47.62,8,42.11,2,100.0
361,365812,Premier League,Sunderland,Luke O'Nien,Defender,6.62,0,0.07,0,2,0,2,0.0,1,100.0,0,0,0,0,0,1,0,0,0,0,0.0,0,0,0.0,5,5,28,1,1,1,0,0,0,2,0,0,0,0,212,174,38,82.08,98,76,28,0,0.0,13,38.24,11,4,501,1,1,5,8,75,1,23,57.5,14,70.0,9,45.0
362,576384,Premier League,Brentford,Kristoffer Ajer,Defender,6.62,0,0.78,1,10,3,5,0.0,3,27.27,0,0,0,0,0,0,0,0,0,0,0.0,0,0,0.0,37,18,119,16,8,0,1,1,0,4,1,1,0,4,706,565,141,80.03,410,155,57,1,14.29,24,28.24,27,20,1820,4,0,23,5,180,6,105,54.12,45,50.56,60,57.14
363,1117223,Premier League,Burnley,Maxime Estève,Defender,6.62,0,0.72,0,10,1,8,0.0,3,60.0,0,0,0,0,0,0,0,0,0,0,0.0,0,0,0.0,40,37,218,31,15,2,1,0,2,1,1,0,0,7,1319,1144,175,86.73,826,318,92,2,33.33,49,36.57,33,33,2855,1,0,13,12,196,3,135,65.85,55,62.5,80,68.38
364,1155321,Premier League,Brighton & Hove Albion,Stefanos Tzimas,Forward,6.62,1,0.46,1,4,1,2,25.0,1,50.0,1,0,0,0,1,0,1,0,0,0,0.0,0,0,0.0,3,0,1,1,2,0,0,0,0,0,0,1,0,6,24,17,7,70.83,7,10,6,0,0.0,0,0.0,9,1,164,0,0,4,1,23,9,5,21.74,5,23.81,0,0.0
365,808590,Premier League,Aston Villa,Leon Bailey,Midfielder,6.62,0,0.3,0,6,1,2,0.0,5,20.83,0,0,0,0,0,0,1,0,0,0,0.0,0,0,0.0,8,1,2,0,4,0,0,0,0,0,1,1,0,12,121,93,28,76.86,23,70,59,5,29.41,2,50.0,12,2,376,1,0,5,4,83,7,21,35.0,17,32.69,4,50.0
366,1199043,Premier League,Brighton & Hove Albion,Carlos Baleba,Midfielder,6.62,0,0.72,1,19,2,10,0.0,12,52.17,0,0,0,0,0,1,0,0,0,0,0.0,0,0,0.0,35,28,32,6,18,0,5,1,0,2,1,0,0,7,729,629,100,86.28,366,263,100,0,0.0,33,55.93,30,23,1646,5,0,31,21,164,18,96,49.23,68,46.58,28,57.14
367,609752,Premier League,West Ham United,Guido Rodríguez,Midfielder,6.62,0,0.03,0,1,0,0,0.0,0,0.0,0,0,0,0,0,0,0,0,0,0,0.0,0,0,0.0,1,2,2,0,4,0,0,0,0,0,0,0,0,0,76,68,8,89.47,31,37,15,0,0.0,0,0.0,6,2,177,1,0,2,4,11,0,7,50.0,5,45.45,2,66.67
368,1014835,Premier League,Wolverhampton,Yerson Mosquera,Defender,6.62,0,2.29,4,28,6,15,0.0,9,40.91,0,0,0,0,0,4,1,0,0,0,0.0,0,0,0.0,59,28,109,14,15,0,2,2,2,4,1,0,0,11,782,634,148,81.07,411,223,85,2,10.53,22,29.33,26,23,2052,10,0,32,42,284,5,154,57.04,108,63.53,46,46.0
369,836705,Premier League,Arsenal,Kai Havertz,Forward,6.61,1,2.52,5,12,3,6,8.33,3,60.0,1,0,0,0,1,0,2,0,0,0,0.0,0,0,0.0,7,0,7,1,6,0,0,0,0,0,0,2,0,5,120,82,38,68.33,22,60,40,0,0.0,1,33.33,10,6,465,0,0,6,8,72,7,34,43.59,18,48.65,16,39.02
370,929132,Premier League,Leeds United,Jayden Bogle,Defender,6.61,1,2.08,3,17,4,6,5.88,17,30.91,1,0,0,1,0,0,10,1,0,0,0.0,0,0,0.0,62,33,70,5,24,1,1,0,0,4,7,2,0,20,861,658,203,76.42,320,338,167,15,23.44,30,34.88,33,31,2731,6,0,38,28,400,34,131,44.71,107,44.58,24,45.28
371,43215,Premier League,Crystal Palace,Nathaniel Clyne,Defender,6.61,0,0.43,0,3,0,2,0.0,4,57.14,0,0,0,0,0,0,0,0,0,0,0.0,0,0,0.0,15,5,20,1,3,0,0,0,0,0,2,1,0,3,156,121,35,77.56,49,72,35,2,13.33,3,27.27,9,6,514,1,0,4,1,63,1,22,56.41,20,64.52,2,25.0
372,1085180,Premier League,Crystal Palace,Brennan Johnson,Forward,6.61,2,2.43,2,23,5,11,8.7,9,31.03,2,0,0,0,2,0,14,0,0,0,0.0,0,1,0.0,29,4,32,1,15,0,1,0,0,2,1,1,0,19,382,252,130,65.97,95,157,97,18,26.09,10,23.26,34,19,1752,6,0,20,15,251,12,67,45.27,51,43.97,16,50.0
373,113956,Premier League,West Ham United,Callum Wilson,Forward,6.61,6,7.21,6,35,14,12,17.14,12,48.0,5,1,2,2,2,0,9,0,0,0,0.0,0,0,0.0,4,3,4,2,5,0,0,0,0,0,0,1,0,7,152,98,54,64.47,25,73,49,1,20.0,1,25.0,31,11,1217,1,0,12,14,146,17,49,34.75,30,38.96,19,29.69
374,1546231,Premier League,Fulham,Joshua King,Midfielder,6.61,1,2.37,3,25,10,10,4.0,16,43.24,1,0,0,0,1,1,2,0,0,0,0.0,0,0,0.0,26,3,14,5,8,1,0,0,0,0,0,2,0,14,342,273,69,79.82,97,176,107,0,0.0,3,37.5,31,15,1292,4,0,12,30,166,19,75,50.0,72,55.81,3,14.29
375,828639,Premier League,Leeds United,Daniel James,Midfielder,6.61,0,0.91,2,14,3,4,0.0,5,35.71,0,0,0,0,0,0,1,0,0,0,0.0,0,0,0.0,6,1,8,0,8,0,0,0,0,0,1,0,0,9,114,70,44,61.4,13,57,39,6,12.24,3,37.5,18,6,546,0,0,1,8,111,3,25,47.17,19,47.5,6,46.15
376,844096,Premier League,Wolverhampton,Jhon Arias,Midfielder,6.61,1,3.25,4,16,3,7,6.25,8,40.0,1,0,0,0,1,1,3,0,0,0,0.0,0,3,0.0,43,8,15,2,14,0,0,0,0,1,0,0,0,11,399,357,42,89.47,152,205,110,9,29.03,8,80.0,23,14,1121,1,0,25,9,126,26,70,42.42,60,43.8,10,35.71
377,804508,Premier League,Arsenal,Viktor Gyökeres,Forward,6.61,14,12.23,12,54,22,18,25.93,6,17.14,13,1,2,2,10,1,4,0,3,3,100.0,0,0,0.0,6,1,19,3,8,0,1,0,0,4,3,1,0,19,313,194,119,61.98,35,159,115,2,28.57,1,33.33,34,26,2221,5,0,35,31,264,25,72,31.17,42,31.34,30,30.93
378,863653,Premier League,West Ham United,Aaron Wan-Bissaka,Defender,6.6,0,,0,0,0,0,0.0,16,48.48,0,0,0,0,0,0,1,0,0,0,0.0,0,0,0.0,33,40,94,7,7,0,3,0,0,3,2,2,0,18,738,566,172,76.69,224,342,172,16,38.1,24,33.8,25,23,2084,4,0,23,12,319,15,83,50.3,61,51.26,22,47.83
379,1142182,Premier League,Manchester United,Tyler Fredricson,Defender,6.6,0,,0,0,0,0,0.0,0,0.0,0,0,0,0,0,0,0,0,0,0,0.0,0,0,0.0,0,0,2,0,0,0,0,0,0,0,0,0,0,0,1,0,1,0.0,0,0,0,0,0.0,0,0.0,1,0,10,0,0,0,0,1,0,0,0.0,0,0.0,0,0.0
380,1011895,Premier League,Nottingham Forest,Jota Silva,Forward,6.6,0,,0,0,0,0,0.0,0,0.0,0,0,0,0,0,0,0,0,0,0,0.0,0,0,0.0,2,0,1,0,0,0,0,0,0,0,0,0,0,0,2,2,0,100.0,0,2,1,0,0.0,0,0.0,1,0,11,0,0,0,1,2,0,3,75.0,3,100.0,0,0.0
381,1097425,Premier League,Liverpool FC,Miloš Kerkez,Defender,6.6,2,1.56,0,8,2,5,25.0,12,54.55,2,0,0,1,1,0,4,0,0,0,0.0,0,0,0.0,41,14,69,8,10,1,1,0,0,3,3,1,0,26,1066,909,157,85.27,383,526,304,15,19.23,27,33.33,33,27,2283,4,0,22,30,303,7,114,59.38,81,63.78,33,50.77
382,50480,Premier League,Nottingham Forest,Chris Wood,Forward,6.6,3,3.66,3,21,8,13,14.29,1,50.0,3,0,0,2,1,1,4,0,0,0,0.0,0,0,0.0,1,1,8,4,4,0,1,0,0,0,0,0,0,4,144,99,45,68.75,40,59,36,0,0.0,2,66.67,14,10,844,0,0,6,5,69,2,31,40.26,7,35.0,24,42.11
383,610766,Premier League,Aston Villa,Tammy Abraham,Forward,6.6,2,2.04,3,9,3,3,22.22,1,100.0,2,0,0,0,2,1,0,0,0,0,0.0,0,0,0.0,4,0,3,0,2,0,0,0,0,0,1,0,0,4,44,25,19,56.82,9,16,10,0,0.0,0,0.0,12,2,294,0,0,2,0,25,1,10,47.62,5,50.0,5,45.45
384,1010220,Premier League,Nottingham Forest,Nicolò Savona,Defender,6.6,2,1.34,0,5,3,1,40.0,2,40.0,2,0,0,1,1,0,1,0,0,0,0.0,0,0,0.0,20,4,29,3,15,0,0,0,0,3,1,0,0,7,399,314,85,78.7,173,141,79,8,29.63,13,27.66,14,11,1026,2,0,12,5,147,2,34,48.57,27,46.55,7,58.33
385,966869,Premier League,Brentford,Aaron Hickey,Defender,6.6,0,0.46,1,6,1,4,0.0,0,0.0,0,0,0,0,0,0,0,0,0,0,0.0,0,0,0.0,14,7,23,6,6,0,0,0,0,0,0,0,0,0,277,230,47,83.03,133,97,35,0,0.0,11,47.83,20,8,686,1,0,6,9,81,5,32,50.0,23,50.0,9,50.0
386,152077,Premier League,Manchester City,John Stones,Defender,6.6,0,,0,0,0,0,0.0,2,100.0,0,0,0,0,0,0,0,0,0,0,0.0,0,0,0.0,0,2,14,5,2,0,0,0,0,0,0,0,0,1,267,248,19,92.88,151,97,23,0,0.0,5,50.0,8,4,371,0,0,0,0,27,1,11,73.33,2,40.0,9,90.0
387,1398204,Premier League,Aston Villa,George Hemmings,Midfielder,6.6,0,0.04,0,1,0,0,0.0,0,0.0,0,0,0,0,0,0,0,0,0,0,0.0,0,0,0.0,0,0,0,0,0,0,0,0,0,0,0,0,0,0,17,17,0,100.0,5,12,3,0,0.0,1,100.0,2,0,25,0,0,1,0,0,0,0,0.0,0,0.0,0,0.0
388,1631879,Premier League,Aston Villa,Alysson,Midfielder,6.6,0,0.05,0,1,0,1,0.0,2,100.0,0,0,0,0,0,0,0,0,0,0,0.0,0,0,0.0,0,1,0,0,0,0,0,0,0,0,0,0,0,0,17,14,3,82.35,4,10,9,0,0.0,0,0.0,3,0,56,0,0,0,1,9,0,3,100.0,3,100.0,0,0.0
389,135256,Premier League,Arsenal,Christian Nørgaard,Midfielder,6.6,0,0.05,0,1,1,0,0.0,0,0.0,0,0,0,0,0,0,0,0,0,0,0.0,0,0,0.0,0,0,6,1,2,0,0,0,0,0,0,0,0,0,23,19,4,82.61,16,3,0,0,0.0,0,0.0,6,0,63,0,0,1,0,8,1,2,25.0,0,0.0,2,50.0
390,1465865,Premier League,Manchester United,Shea Lacey,Midfielder,6.6,0,0.07,0,3,1,2,0.0,1,100.0,0,0,0,0,0,1,0,0,0,0,0.0,0,0,0.0,1,0,0,0,0,0,0,0,0,0,0,0,0,0,3,3,0,100.0,1,2,0,0,0.0,0,0.0,2,0,23,0,0,0,0,3,1,2,66.67,2,66.67,0,0.0
391,845464,Premier League,West Ham United,Andy Irving,Midfielder,6.6,0,,0,0,0,0,0.0,0,0.0,0,0,0,0,0,0,0,0,0,0,0.0,0,0,0.0,6,1,0,1,1,0,0,0,0,0,0,0,0,3,93,83,10,89.25,32,51,25,3,25.0,5,83.33,7,2,163,0,0,1,0,24,2,6,40.0,6,54.55,0,0.0
392,964106,Premier League,Sunderland,Dan Neil,Midfielder,6.6,0,,0,0,0,0,0.0,0,0.0,0,0,0,0,0,0,0,0,0,0,0.0,0,0,0.0,0,1,1,0,0,0,0,0,0,0,0,0,0,0,9,8,1,88.89,4,4,1,0,0.0,1,100.0,3,0,13,0,0,0,1,1,0,1,33.33,1,100.0,0,0.0
393,1005725,Premier League,Wolverhampton,Tawanda Chirewa,Midfielder,6.6,0,,0,0,0,0,0.0,0,0.0,0,0,0,0,0,0,0,0,0,0,0.0,0,0,0.0,3,0,1,0,1,0,0,0,0,0,0,0,0,0,3,3,0,100.0,1,2,1,0,0.0,0,0.0,2,0,31,0,0,3,1,2,0,4,50.0,4,57.14,0,0.0
394,1403190,Premier League,Tottenham Hotspur,Callum Olusesi,Midfielder,6.6,0,,0,0,0,0,0.0,0,0.0,0,0,0,0,0,0,0,0,0,0,0.0,0,0,0.0,0,0,0,0,0,0,0,0,0,0,0,0,0,0,8,8,0,100.0,1,7,4,0,0.0,1,100.0,1,0,14,0,0,0,0,0,0,0,0.0,0,0.0,0,0.0
395,1410178,Premier League,Aston Villa,Jamaldeen Jimoh,Midfielder,6.6,0,,0,0,0,0,0.0,0,0.0,0,0,0,0,0,0,0,0,0,0,0.0,0,0,0.0,0,0,0,0,0,0,0,0,0,0,0,0,0,0,7,6,1,85.71,4,2,1,0,0.0,0,0.0,1,0,8,0,0,0,1,2,0,1,50.0,1,50.0,0,0.0
396,356398,Premier League,Tottenham Hotspur,James Maddison,Midfielder,6.6,0,,0,0,0,0,0.0,0,0.0,0,0,0,0,0,0,0,0,0,0,0.0,0,0,0.0,0,0,0,0,0,0,0,0,0,0,0,0,0,0,12,11,1,91.67,2,9,5,1,20.0,0,0.0,1,0,21,0,0,0,1,8,1,1,33.33,1,33.33,0,0.0
397,1391251,Premier League,Tottenham Hotspur,Lucas Bergvall,Midfielder,6.6,1,1.4,1,12,5,6,8.33,15,62.5,1,0,1,0,0,0,3,0,0,0,0.0,0,0,0.0,22,2,13,2,9,1,0,0,0,0,0,3,0,5,305,249,56,81.64,106,143,86,3,15.0,10,55.56,23,11,979,2,0,24,7,132,7,49,43.75,44,47.31,5,26.32
398,815890,Premier League,Manchester United,Altay Bayındır,Goalkeeper,6.6,0,,0,0,0,0,0.0,1,100.0,0,0,0,0,0,0,0,0,0,0,0.0,0,0,0.0,0,0,7,0,1,1,0,0,0,0,1,0,0,1,177,107,70,60.45,82,25,13,0,0.0,31,31.0,6,6,540,0,0,0,3,72,0,5,83.33,4,80.0,1,100.0
399,1586020,Premier League,Brentford,Romelle Donovan,Forward,6.6,0,0.1,0,3,1,0,0.0,5,83.33,0,0,0,0,0,0,0,0,0,0,0.0,0,0,0.0,0,0,0,0,1,0,0,0,0,0,0,0,0,1,16,9,7,56.25,1,8,7,0,0.0,1,50.0,4,0,38,0,0,2,3,14,2,8,53.33,8,57.14,0,0.0
400,922573,Premier League,Arsenal,Gabriel Martinelli,Forward,6.6,1,3.86,7,28,12,9,3.57,18,52.94,1,0,0,0,1,0,5,0,0,0,0.0,0,0,0.0,12,1,10,1,5,0,2,0,0,0,3,3,0,11,231,163,68,70.56,40,123,74,7,22.58,3,21.43,28,10,988,3,0,10,13,177,25,50,40.65,42,43.3,8,30.77
401,795228,Premier League,Crystal Palace,Odsonne Édouard,Forward,6.6,0,,0,0,0,0,0.0,0,0.0,0,0,0,0,0,0,0,0,0,0,0.0,0,0,0.0,1,0,0,0,0,0,0,0,0,0,0,0,0,0,0,0,0,0.0,0,0,0,0,0.0,0,0.0,1,0,8,0,0,0,1,1,0,2,50.0,2,100.0,0,0.0
402,1142335,Premier League,Tottenham Hotspur,Archie Gray,Midfielder,6.6,2,1.48,0,11,5,3,18.18,7,46.67,2,0,1,0,1,0,0,0,0,0,0.0,0,0,0.0,11,17,43,4,1,1,0,0,0,2,3,2,0,8,537,446,91,83.05,221,225,108,4,33.33,21,40.38,23,18,1492,5,0,12,2,149,17,29,34.94,20,34.48,9,36.0
403,361352,Premier League,Wolverhampton,Adam Armstrong,Forward,6.6,1,1.95,3,17,5,6,5.88,9,52.94,0,1,0,0,1,2,5,0,0,0,0.0,0,0,0.0,8,2,12,1,3,0,0,0,0,1,3,2,0,6,148,104,44,70.27,34,70,46,1,25.0,0,0.0,13,13,1072,3,0,12,3,91,9,29,39.19,20,39.22,9,39.13
404,1142679,Premier League,Tottenham Hotspur,Wilson Odobert,Forward,6.6,0,1.9,4,22,8,10,0.0,24,58.54,0,0,0,0,0,1,2,0,0,0,0.0,0,0,0.0,10,1,13,0,3,0,1,0,0,0,2,2,0,20,325,276,49,84.92,56,220,137,8,28.57,6,66.67,24,10,990,0,0,2,10,141,21,49,47.12,44,50.57,5,29.41
405,1031283,Premier League,Wolverhampton,David Møller Wolfe,Defender,6.59,0,0.12,0,3,0,1,0.0,5,62.5,0,0,0,0,0,0,0,0,0,0,0.0,0,0,0.0,9,6,27,2,3,0,0,0,0,0,3,2,0,8,245,181,64,73.88,69,112,48,7,22.58,13,52.0,21,10,987,1,0,10,4,123,2,29,52.73,18,50.0,11,57.89
406,871290,Premier League,Leeds United,Lucas Perri,Goalkeeper,6.59,0,,0,0,0,0,0.0,0,0.0,0,0,0,0,0,0,0,0,0,0,0.0,0,0,0.0,0,0,16,0,0,0,0,1,0,3,0,0,0,0,558,299,259,53.58,232,67,23,0,0.0,93,26.5,16,16,1440,2,0,1,3,274,0,7,70.0,2,66.67,5,71.43
407,1403050,Premier League,Chelsea,Josh Acheampong,Defender,6.59,1,0.6,0,3,2,0,33.33,10,76.92,1,0,1,0,0,0,2,0,0,0,0.0,0,0,0.0,10,10,19,2,4,2,3,0,0,1,0,0,0,2,450,417,33,92.67,281,136,36,1,100.0,4,26.67,15,7,608,1,0,2,5,52,6,35,61.4,25,62.5,10,58.82
408,945798,Premier League,Tottenham Hotspur,Djed Spence,Defender,6.59,0,0.88,2,12,7,2,0.0,30,42.25,0,0,0,0,0,0,4,0,0,0,0.0,0,0,0.0,42,17,52,3,10,2,4,0,0,7,4,0,0,10,845,689,156,81.54,316,373,198,10,21.28,33,41.25,28,22,1967,4,0,25,18,339,26,111,47.23,90,47.37,21,46.67
409,845386,Premier League,Liverpool FC,Federico Chiesa,Forward,6.59,2,1.5,1,17,5,6,11.76,2,18.18,2,0,0,0,2,0,2,0,0,0,0.0,0,0,0.0,8,4,7,2,5,0,0,0,0,0,2,1,0,3,113,81,32,71.68,21,60,42,0,0.0,1,25.0,26,1,400,3,0,11,7,79,4,20,37.04,17,36.96,3,37.5
410,998490,Premier League,Bournemouth,Evanilson,Forward,6.59,6,9.82,9,66,22,32,9.09,14,48.28,6,0,2,2,2,2,29,2,0,0,0.0,0,0,0.0,11,6,27,4,8,0,1,0,0,2,3,1,0,30,436,330,106,75.69,113,217,128,0,0.0,4,50.0,34,30,2597,2,0,24,32,235,38,101,37.69,57,41.01,44,34.11
411,1004505,Premier League,Burnley,Loum Tchaouna,Forward,6.59,2,1.2,1,21,9,5,9.52,7,35.0,1,1,0,1,1,3,1,0,0,0,0.0,0,2,0.0,18,2,10,1,14,0,2,0,0,0,1,0,0,10,301,225,76,74.75,82,143,82,9,33.33,12,66.67,27,12,1159,2,0,9,15,157,15,53,42.06,39,43.82,14,37.84
412,1403061,Premier League,Everton,Tyrique George,Forward,6.59,0,0.6,1,9,4,4,0.0,7,50.0,0,0,0,0,0,0,4,0,0,0,0.0,0,0,0.0,6,2,0,0,1,0,1,0,0,0,3,0,0,3,101,82,19,81.19,25,57,37,5,55.56,1,20.0,14,1,342,2,0,8,1,52,8,15,36.59,14,36.84,1,33.33
413,844842,Premier League,Tottenham Hotspur,Yves Bissouma,Midfielder,6.59,0,0.36,0,5,2,2,0.0,3,60.0,0,0,0,0,0,0,0,0,0,0,0.0,0,0,0.0,18,9,14,3,2,1,0,0,0,0,0,0,0,0,316,278,38,87.97,137,141,44,0,0.0,1,14.29,11,7,605,4,0,8,6,51,4,32,62.75,27,62.79,5,62.5
414,44614,Premier League,Burnley,Kyle Walker,Defender,6.59,0,0.16,0,4,0,1,0.0,13,50.0,0,0,0,0,0,0,1,0,0,0,0.0,0,0,0.0,53,43,100,10,18,0,2,0,0,4,3,2,0,12,1326,1014,312,76.47,521,493,230,7,19.44,85,38.29,34,33,2917,9,0,31,22,544,14,133,52.78,88,53.99,45,50.56
415,99090,Premier League,Newcastle United,Dan Burn,Defender,6.59,1,1.06,1,10,3,4,10.0,2,66.67,1,0,1,0,0,0,3,1,0,0,0.0,0,0,0.0,38,20,150,12,19,0,2,1,0,5,0,2,0,7,1006,793,213,78.83,528,265,108,1,7.69,28,27.72,28,24,2125,9,1,36,12,286,6,146,53.87,50,45.05,96,60.0
416,1089388,Premier League,Aston Villa,Lamare Bogarde,Midfielder,6.59,0,,0,0,0,0,0.0,2,28.57,0,0,0,0,0,0,0,0,0,0,0.0,0,0,0.0,26,4,21,6,5,1,2,0,0,1,0,0,0,2,483,433,50,89.65,226,207,94,1,50.0,6,35.29,27,10,1031,5,0,17,18,82,9,55,51.89,46,56.1,9,37.5
417,979232,Premier League,Newcastle United,Anthony Elanga,Forward,6.59,0,1.67,1,17,4,8,0.0,13,30.95,0,0,0,0,0,0,2,0,0,0,0.0,0,0,0.0,14,3,6,0,12,0,0,0,0,0,2,1,0,15,417,338,79,81.06,93,245,153,12,15.19,7,63.64,31,14,1314,0,0,8,23,243,18,63,41.72,50,43.1,13,37.14
418,826139,Premier League,Brentford,Reiss Nelson,Midfielder,6.59,0,0.71,2,5,1,4,0.0,5,41.67,0,0,0,0,0,1,0,0,0,0,0.0,0,0,0.0,4,0,2,1,2,0,0,0,0,0,0,1,0,2,71,66,5,92.96,16,50,29,0,0.0,2,66.67,9,0,140,0,0,0,2,23,4,11,45.83,11,45.83,0,0.0
419,829570,Premier League,Leeds United,Jack Harrison,Forward,6.58,0,0.28,1,6,2,3,0.0,3,42.86,0,0,0,0,0,0,0,0,0,0,0.0,0,0,0.0,5,4,2,0,3,0,0,1,0,0,1,0,0,2,117,93,24,79.49,36,57,33,2,11.76,3,27.27,11,1,263,0,0,1,4,53,0,13,54.17,12,60.0,1,25.0
420,851596,Premier League,Bournemouth,Justin Kluivert,Midfielder,6.58,2,2.25,1,16,4,7,12.5,11,44.0,1,1,0,0,2,1,2,0,0,0,0.0,0,3,0.0,10,4,2,1,9,0,0,0,0,0,3,0,0,21,332,271,61,81.63,78,193,133,8,19.05,12,75.0,18,10,920,4,0,15,9,148,15,36,32.73,30,36.59,6,21.43
421,976263,Premier League,Aston Villa,Ian Maatsen,Defender,6.58,0,1.28,1,19,5,9,0.0,20,40.82,0,0,0,0,0,0,1,0,0,0,0.0,0,0,0.0,39,17,56,1,22,0,1,0,0,2,4,1,0,24,682,585,97,85.78,274,311,205,11,20.75,25,67.57,29,16,1525,2,0,16,19,267,23,96,48.48,78,46.43,18,60.0
422,981619,Premier League,Nottingham Forest,Igor Jesus,Forward,6.58,6,6.46,3,67,20,18,8.96,11,30.56,6,0,2,0,4,2,11,0,1,1,100.0,0,0,0.0,23,3,30,5,8,0,1,0,0,1,5,4,0,15,426,307,119,72.07,91,216,103,3,30.0,12,80.0,36,27,2230,2,0,42,37,285,41,151,39.32,70,39.11,81,39.51
423,1652590,Premier League,West Ham United,Ezra Mayers,Defender,6.58,0,0.12,0,1,0,0,0.0,1,100.0,0,0,0,0,0,0,0,0,0,0,0.0,0,0,0.0,0,1,4,0,0,0,0,0,0,0,0,0,0,2,81,68,13,83.95,24,44,24,2,66.67,4,40.0,6,0,134,0,0,0,0,17,1,4,66.67,1,50.0,3,75.0
424,1015256,Premier League,Fulham,Rodrigo Muniz,Forward,6.58,1,3.18,6,29,4,15,3.45,4,36.36,1,0,0,1,0,0,5,0,0,0,0.0,0,0,0.0,7,2,24,3,5,0,0,0,1,0,1,1,0,8,122,52,70,42.62,13,39,25,0,0.0,2,22.22,20,9,925,2,0,18,16,133,10,98,48.76,26,40.63,72,52.55
425,1438837,Premier League,Crystal Palace,Romain Esse,Midfielder,6.58,0,,0,0,0,0,0.0,1,50.0,0,0,0,0,0,0,0,0,0,0,0.0,0,0,0.0,2,0,0,0,1,0,0,0,0,0,0,0,0,0,20,13,7,65.0,5,8,5,0,0.0,1,100.0,4,0,54,0,0,2,2,16,2,6,40.0,5,45.45,1,25.0
426,1402726,Premier League,Manchester United,Jack Fletcher,Midfielder,6.57,0,0.03,0,1,0,1,0.0,0,0.0,0,0,0,0,0,0,0,0,0,0,0.0,0,0,0.0,5,1,0,1,0,0,0,0,0,0,0,0,0,2,45,37,8,82.22,14,23,4,0,0.0,2,66.67,3,0,107,0,0,2,1,16,4,7,38.89,6,46.15,1,20.0
427,838399,Premier League,Burnley,Joe Worrall,Defender,6.57,0,0.08,0,1,0,1,0.0,0,0.0,0,0,0,0,0,0,0,0,0,0,0.0,0,0,0.0,4,5,60,7,2,0,0,0,0,0,0,0,0,0,155,125,30,80.65,106,19,6,0,0.0,5,26.32,11,5,517,0,0,4,1,37,0,25,48.08,4,40.0,21,50.0
428,836698,Premier League,Fulham,Ryan Sessegnon,Defender,6.57,3,1.61,1,16,4,6,18.75,9,36.0,3,0,0,3,0,0,4,0,0,0,0.0,0,0,0.0,48,25,64,8,12,0,1,2,0,3,3,1,0,14,679,519,160,76.44,250,269,139,6,10.71,21,36.21,27,20,1822,0,0,33,3,339,18,79,43.65,60,44.12,19,42.22
429,823941,Premier League,Liverpool FC,Alexander Isak,Forward,6.57,3,2.65,5,17,6,9,17.65,1,10.0,3,0,0,2,1,0,0,0,0,0,0.0,0,0,0.0,7,0,9,1,2,0,0,0,0,0,1,1,0,2,88,55,33,62.5,11,44,31,0,0.0,3,60.0,14,8,714,0,0,5,1,68,7,17,29.31,9,29.03,8,29.63
430,888550,Premier League,Newcastle United,Joe Willock,Midfielder,6.56,0,1.11,1,15,5,7,0.0,7,43.75,0,0,0,0,0,1,2,0,0,0,0.0,0,0,0.0,18,7,6,1,15,0,0,0,0,0,4,2,0,14,305,252,53,82.62,88,164,105,2,15.38,8,44.44,23,9,921,3,0,15,10,114,11,44,41.9,35,41.18,9,45.0
431,987734,Premier League,Wolverhampton,Tolu Arokodare,Forward,6.56,3,5.27,10,46,16,22,6.52,18,56.25,3,0,2,0,1,1,6,0,1,0,0.0,0,1,0.0,7,5,41,2,1,0,0,0,0,1,1,1,0,12,266,161,105,60.53,49,112,56,0,0.0,1,14.29,32,13,1414,1,0,17,17,221,22,139,49.12,42,44.68,97,51.32
432,1174472,Premier League,Everton,Tyler Dibling,Midfielder,6.56,0,0.2,0,4,0,1,0.0,13,48.15,0,0,0,0,0,0,0,0,0,0,0.0,0,0,0.0,7,6,4,1,6,0,0,0,0,1,0,0,0,4,102,88,14,86.27,38,50,29,1,14.29,3,75.0,14,4,371,2,0,11,11,59,10,33,41.77,31,43.06,2,28.57
433,894474,Premier League,West Ham United,Max Kilman,Defender,6.56,0,0.57,2,7,1,4,0.0,4,80.0,0,0,0,0,0,0,0,0,0,0,0.0,0,0,0.0,16,9,111,24,7,0,0,2,0,1,0,0,0,4,687,604,83,87.92,418,186,43,1,33.33,27,35.53,21,17,1565,4,0,16,2,98,5,69,52.27,22,44.0,47,57.32
434,1150952,Premier League,West Ham United,Oliver Scarles,Defender,6.56,0,0.18,0,3,0,3,0.0,2,22.22,0,0,0,0,0,0,1,1,0,0,0.0,0,0,0.0,30,13,30,1,9,1,0,0,0,0,3,0,0,5,275,221,54,80.36,114,107,51,3,8.82,18,41.86,13,9,668,2,0,7,7,117,0,46,61.33,39,63.93,7,50.0
435,1003334,Premier League,Nottingham Forest,James McAtee,Midfielder,6.56,0,0.17,0,4,0,2,0.0,3,37.5,0,0,0,0,0,0,1,0,0,0,0.0,0,0,0.0,7,3,3,1,4,0,0,0,0,0,1,1,0,6,114,99,15,86.84,28,71,35,0,0.0,3,60.0,13,2,309,1,0,4,5,44,9,16,37.21,15,40.54,1,16.67
436,930245,Premier League,Crystal Palace,Evann Guessand,Forward,6.56,1,1.56,3,11,6,4,9.09,13,34.21,1,0,0,0,1,1,0,0,0,0,0.0,0,0,0.0,24,5,10,3,5,1,0,0,0,1,2,2,0,5,179,147,32,82.12,46,101,60,0,0.0,1,50.0,20,9,905,0,0,15,20,125,28,68,44.16,57,43.85,11,45.83
437,1096210,Premier League,Wolverhampton,Jackson Tchatchoua,Midfielder,6.56,0,0.33,0,2,1,1,0.0,5,35.71,0,0,0,0,0,0,2,0,0,0,0.0,0,0,0.0,29,15,57,8,14,0,3,0,0,3,3,1,0,21,542,413,129,76.2,183,230,100,22,24.18,14,40.0,31,19,1855,3,0,8,9,261,7,66,49.25,43,53.75,23,42.59
438,786186,Premier League,Wolverhampton,Hwang Hee-chan,Forward,6.56,2,2.34,2,18,6,9,11.11,9,39.13,2,0,0,1,1,0,9,0,1,1,100.0,0,2,0.0,9,12,16,0,6,2,1,0,0,0,2,2,0,13,353,265,88,75.07,103,162,91,3,16.67,11,57.89,25,17,1371,4,0,27,15,168,11,39,35.78,33,36.67,6,31.58
439,1064218,Premier League,Crystal Palace,Chadi Riad,Defender,6.55,0,0.14,1,3,1,2,0.0,1,100.0,0,0,0,0,0,0,0,0,0,0,0.0,0,0,0.0,6,2,23,2,6,0,1,0,0,0,1,1,0,1,332,284,48,85.54,174,110,30,0,0.0,17,44.74,8,5,464,2,0,4,3,59,3,23,45.1,10,43.48,13,46.43
440,1153079,Premier League,Chelsea,Jorrel Hato,Defender,6.55,0,0.31,0,4,0,4,0.0,7,53.85,0,0,0,0,0,0,0,0,0,0,0.0,0,0,0.0,35,14,36,5,11,0,2,0,0,0,1,0,0,7,663,610,53,92.01,385,225,91,4,57.14,7,29.17,20,10,1017,6,0,15,2,86,4,58,53.21,44,55.0,14,48.28
441,143047,Premier League,Wolverhampton,Matt Doherty,Defender,6.55,0,0.09,0,3,0,1,0.0,2,100.0,0,0,0,0,0,1,0,1,0,0,0.0,0,0,0.0,16,7,37,6,10,0,0,1,0,0,1,0,0,3,298,240,58,80.54,144,96,40,2,28.57,15,41.67,11,11,791,4,0,16,6,76,3,45,54.22,24,46.15,21,67.74
442,945217,Premier League,West Ham United,Jean-Clair Todibo,Defender,6.55,0,0.24,1,2,0,1,0.0,4,44.44,0,0,0,0,0,1,1,0,0,0,0.0,0,0,0.0,38,17,98,13,7,0,2,0,0,1,0,1,0,5,782,683,99,87.34,472,211,62,0,0.0,25,38.46,23,22,1817,5,1,8,3,123,1,69,60.0,44,67.69,25,50.0
443,963298,Premier League,Nottingham Forest,Dilane Bakwa,Midfielder,6.55,0,0.55,1,9,3,4,0.0,8,38.1,0,0,0,0,0,0,0,0,0,0,0.0,0,0,0.0,4,0,2,1,6,0,0,0,0,0,2,2,0,11,196,155,41,79.08,52,103,67,8,21.05,2,25.0,14,6,552,1,0,9,14,107,5,27,42.19,26,44.07,1,20.0
444,856260,Premier League,Brentford,Josh Dasilva,Midfielder,6.55,0,0.08,0,1,0,1,0.0,0,0.0,0,0,0,0,0,0,0,0,0,0,0.0,0,0,0.0,0,0,0,0,0,0,0,0,0,0,0,0,0,1,5,4,1,80.0,2,2,2,0,0.0,0,0.0,2,0,21,0,0,0,0,2,0,0,0.0,0,0.0,0,0.0
445,1395746,Premier League,Everton,Thierno Barry,Forward,6.54,8,8.12,10,37,14,16,21.62,9,31.03,8,0,1,3,3,2,12,0,0,0,0.0,0,0,0.0,6,5,24,3,10,0,0,0,0,0,2,0,0,12,348,210,138,60.34,65,145,86,1,25.0,1,33.33,37,20,1848,3,0,43,8,268,22,149,38.9,23,20.91,126,46.15
446,1136896,Premier League,Burnley,Lucas Pires,Defender,6.54,0,0.32,0,11,1,6,0.0,15,65.22,0,0,0,0,0,1,6,0,0,0,0.0,0,0,0.0,25,16,35,6,19,0,0,0,0,1,1,0,0,18,483,402,81,83.23,182,220,116,7,14.0,12,31.58,18,13,1226,0,1,13,3,186,9,46,44.23,43,46.74,3,25.0
447,983572,Premier League,Tottenham Hotspur,Destiny Udogie,Defender,6.54,0,0.17,0,3,1,1,0.0,5,31.25,0,0,0,0,0,0,3,0,0,0,0.0,0,0,0.0,26,7,24,4,10,0,2,0,0,0,2,1,0,12,526,449,77,85.36,193,256,136,5,21.74,4,20.0,18,12,1183,3,0,14,19,150,12,57,49.14,49,51.04,8,40.0
448,794839,Premier League,Arsenal,Gabriel Jesus,Forward,6.54,2,1.81,3,15,10,2,13.33,7,46.67,1,1,0,0,2,0,7,0,0,0,0.0,0,0,0.0,4,3,3,0,1,0,0,0,0,0,0,0,0,2,93,70,23,75.27,16,54,32,0,0.0,0,0.0,13,2,346,2,0,6,1,63,10,21,33.33,12,32.43,9,34.62
449,825719,Premier League,Fulham,Issa Diop,Defender,6.53,0,0.02,0,1,0,1,0.0,1,100.0,0,0,0,0,0,0,0,0,0,0,0.0,0,0,0.0,6,5,39,6,3,0,1,0,0,0,0,0,0,0,456,402,54,88.16,284,118,25,0,0.0,13,33.33,12,7,741,2,0,9,3,65,0,25,55.56,10,47.62,15,62.5
450,301288,Premier League,Brighton & Hove Albion,Solly March,Midfielder,6.53,0,,0,0,0,0,0.0,0,0.0,0,0,0,0,0,0,0,0,0,0,0.0,0,0,0.0,0,0,0,0,0,0,0,0,0,0,0,0,0,0,2,1,1,50.0,0,1,0,0,0.0,0,0.0,3,0,29,0,0,0,1,3,1,1,33.33,1,50.0,0,0.0
451,1526628,Premier League,Wolverhampton,Fer López,Midfielder,6.52,0,0.16,0,5,1,1,0.0,3,42.86,0,0,0,0,0,0,0,0,0,0,0.0,0,0,0.0,1,0,1,0,2,0,0,0,0,0,1,1,0,3,103,75,28,72.82,17,58,31,1,25.0,1,25.0,9,2,236,1,0,6,4,56,6,10,31.25,8,30.77,2,33.33
452,1064082,Premier League,Everton,Merlin Röhl,Midfielder,6.52,1,0.78,1,11,1,6,9.09,3,27.27,0,1,0,1,0,1,2,0,0,0,0.0,0,0,0.0,23,4,8,2,6,0,0,0,0,2,0,0,0,6,159,124,35,77.99,56,68,39,3,60.0,3,50.0,15,5,632,0,0,18,6,77,14,46,40.71,32,41.03,14,40.0
453,809276,Premier League,Burnley,Jacob Bruun Larsen,Forward,6.52,0,1.36,2,16,4,6,0.0,10,28.57,0,0,0,0,0,1,4,0,0,0,0.0,0,5,0.0,12,6,13,1,5,0,0,0,0,0,2,1,0,12,285,232,53,81.4,66,166,104,8,19.51,3,30.0,26,10,1017,0,0,1,0,146,11,32,35.16,22,34.38,10,37.04
454,917007,Premier League,Manchester United,Joshua Zirkzee,Forward,6.52,2,2.95,5,25,9,10,8.0,5,55.56,1,1,0,2,0,0,1,0,0,0,0.0,0,0,0.0,9,1,11,2,3,0,0,0,0,0,2,1,0,11,241,179,62,74.27,70,109,46,2,40.0,3,42.86,23,5,650,3,0,9,6,115,12,40,40.0,20,41.67,20,38.46
455,1168588,Premier League,Sunderland,Eliezer Mayenda,Forward,6.52,2,2.15,1,13,6,2,15.38,11,34.38,2,0,1,1,0,0,3,0,0,0,0.0,0,0,0.0,5,1,5,1,3,0,0,0,0,1,2,0,0,4,85,56,29,65.88,13,43,22,0,0.0,1,33.33,20,8,770,0,0,6,11,100,21,42,34.43,27,34.62,15,34.09
456,1597270,Premier League,Wolverhampton,Pedro Lima,Defender,6.52,0,0.18,0,3,0,2,0.0,1,33.33,0,0,0,0,0,0,0,0,0,0,0.0,0,0,0.0,7,5,6,0,4,0,2,0,0,0,0,0,0,3,54,34,20,62.96,20,14,8,4,40.0,3,27.27,8,3,263,0,0,5,1,41,4,11,37.93,9,37.5,2,40.0
457,318927,Premier League,Liverpool FC,Joe Gomez,Defender,6.52,0,0.27,0,5,1,4,0.0,3,50.0,0,0,0,0,0,0,0,0,0,0,0.0,0,0,0.0,10,9,25,2,4,0,0,0,0,1,3,2,1,6,319,254,65,79.62,139,115,47,3,18.75,10,38.46,20,7,632,4,0,14,0,116,6,26,40.0,13,32.5,13,52.0
458,955245,Premier League,Aston Villa,Harvey Elliott,Midfielder,6.52,0,0.29,0,5,0,1,0.0,0,0.0,0,0,0,0,0,0,0,0,0,0,0.0,0,0,0.0,0,0,1,1,0,0,0,0,0,0,0,0,0,1,82,69,13,84.15,10,59,41,1,33.33,1,20.0,5,1,117,0,0,0,2,18,0,3,60.0,2,66.67,1,50.0
459,1116571,Premier League,Sunderland,Nilson Angulo,Midfielder,6.51,0,0.5,2,3,2,1,0.0,6,42.86,0,0,0,0,0,0,1,0,0,0,0.0,0,0,0.0,8,2,9,0,4,0,0,0,0,0,0,0,0,3,65,47,18,72.31,13,34,19,1,16.67,0,0.0,7,4,352,0,0,8,3,53,5,21,40.38,17,41.46,4,36.36
460,286165,Premier League,West Ham United,Adama Traoré,Forward,6.51,0,0.69,1,7,1,3,0.0,12,60.0,0,0,0,0,0,0,5,0,0,0,0.0,0,0,0.0,2,0,2,0,2,0,0,0,0,0,1,0,0,3,104,81,23,77.88,22,59,41,5,18.52,1,33.33,24,1,450,1,0,7,8,84,14,23,35.94,22,44.0,1,7.14
461,1110842,Premier League,Sunderland,Simon Adingra,Midfielder,6.51,1,0.35,1,6,2,2,16.67,7,26.92,1,0,0,0,1,0,4,0,0,0,0.0,0,0,0.0,11,2,11,0,9,0,0,0,0,0,2,0,0,7,161,122,39,75.78,45,77,43,5,18.52,2,33.33,14,9,665,2,0,17,3,109,12,30,30.61,21,28.0,9,39.13
462,817979,Premier League,Burnley,Axel Tuanzebe,Defender,6.5,1,0.61,0,2,1,1,50.0,0,0.0,1,0,0,0,1,0,1,0,0,0,0.0,0,0,0.0,13,9,75,9,5,0,2,1,1,1,0,0,0,0,469,395,74,84.22,279,116,27,0,0.0,17,31.48,12,12,1022,1,0,12,2,78,0,36,48.65,15,46.88,21,50.0
463,892924,Premier League,Bournemouth,Hamed Junior Traorè,Midfielder,6.5,0,,0,0,0,0,0.0,0,0.0,0,0,0,0,0,0,0,0,0,0,0.0,0,0,0.0,1,0,1,0,0,0,0,0,0,0,0,1,0,1,2,2,0,100.0,2,0,0,0,0.0,0,0.0,1,0,16,0,0,0,0,2,0,1,25.0,1,50.0,0,0.0
464,825839,Premier League,Manchester United,Tyrell Malacia,Defender,6.5,0,,0,0,0,0,0.0,0,0.0,0,0,0,0,0,0,0,0,0,0,0.0,0,0,0.0,1,0,1,0,0,0,0,0,0,0,0,0,0,0,7,5,2,71.43,2,3,1,0,0.0,0,0.0,2,0,24,0,0,0,0,2,0,1,100.0,1,100.0,0,0.0
465,227946,Premier League,Nottingham Forest,Angus Gunn,Goalkeeper,6.5,0,,0,0,0,0,0.0,0,0.0,0,0,0,0,0,0,0,0,0,0,0.0,0,0,0.0,0,0,1,0,0,0,0,0,0,0,0,0,0,0,19,6,13,31.58,0,6,1,0,0.0,6,31.58,1,0,45,0,0,0,0,13,0,0,0.0,0,0.0,0,0.0
466,100390,Premier League,Aston Villa,Marco Bizot,Goalkeeper,6.5,0,,0,0,0,0,0.0,0,0.0,0,0,0,0,0,0,0,0,0,0,0.0,0,0,0.0,0,0,7,0,0,1,0,1,0,1,0,0,0,0,198,154,44,77.78,140,14,2,0,0.0,26,37.14,6,5,495,2,0,1,1,45,0,2,66.67,1,50.0,1,100.0
467,1094440,Premier League,Sunderland,Romaine Mundle,Forward,6.5,0,0.86,1,7,2,3,0.0,7,46.67,0,0,0,0,0,0,0,0,0,0,0.0,0,0,0.0,5,1,6,0,7,0,0,0,0,0,0,0,0,1,104,89,15,85.58,30,59,32,2,18.18,2,50.0,14,2,412,1,0,7,8,64,14,24,38.1,19,34.55,5,62.5
468,990550,Premier League,Burnley,Zeki Amdouni,Forward,6.5,0,0.24,0,3,1,1,0.0,1,50.0,0,0,0,0,0,0,0,0,0,0,0.0,0,0,0.0,0,0,0,0,0,0,0,0,0,0,0,0,0,0,10,10,0,100.0,3,7,2,0,0.0,0,0.0,2,0,25,0,0,0,0,3,1,2,50.0,1,33.33,1,100.0
469,1467990,Premier League,Manchester City,Divine Mukasa,Midfielder,6.5,0,,0,0,0,0,0.0,0,0.0,0,0,0,0,0,0,0,0,0,0,0.0,0,0,0.0,0,0,0,0,1,0,0,0,0,0,0,0,0,2,19,18,1,94.74,3,15,11,0,0.0,0,0.0,2,0,25,0,0,1,0,4,2,0,0.0,0,0.0,0,0.0
470,1545190,Premier League,Manchester United,Bendito Mantato,Midfielder,6.5,0,,0,0,0,0,0.0,0,0.0,0,0,0,0,0,0,0,0,0,0,0.0,0,0,0.0,0,0,0,0,0,0,0,0,0,0,0,0,0,1,5,5,0,100.0,1,4,1,0,0.0,0,0.0,1,0,15,0,0,0,0,2,0,0,0.0,0,0.0,0,0.0
471,1167066,Premier League,Brighton & Hove Albion,Tom Watson,Midfielder,6.5,0,0.04,0,1,1,0,0.0,0,0.0,0,0,0,0,0,0,0,0,0,0,0.0,0,0,0.0,1,0,0,0,0,0,0,0,0,0,0,0,0,0,19,14,5,73.68,3,11,6,0,0.0,2,66.67,6,0,73,1,0,3,0,11,0,1,16.67,1,20.0,0,0.0
472,973418,Premier League,Wolverhampton,Toti Gomes,Defender,6.49,0,0.53,1,5,2,2,0.0,10,83.33,0,0,0,0,0,0,0,0,0,0,0.0,0,0,0.0,23,14,94,12,4,1,1,0,0,1,0,0,0,6,807,693,114,85.87,469,224,66,3,27.27,39,40.63,18,17,1403,2,1,11,11,143,5,67,61.47,44,66.67,23,53.49
473,1154861,Premier League,Bournemouth,Ben Gannon-Doak,Midfielder,6.49,0,0.09,0,1,0,0,0.0,1,14.29,0,0,0,0,0,0,0,0,0,0,0.0,0,0,0.0,5,1,0,0,2,0,0,0,0,0,1,1,0,1,38,30,8,78.95,8,22,11,0,0.0,0,0.0,7,0,89,0,0,3,1,19,0,8,38.1,7,38.89,1,33.33
474,997103,Premier League,Tottenham Hotspur,Radu Drăguşin,Defender,6.49,0,0.32,0,4,0,3,0.0,1,100.0,0,0,0,0,0,0,0,0,0,0,0.0,0,0,0.0,5,16,43,8,3,2,1,0,0,0,0,0,0,0,238,186,52,78.15,141,45,11,0,0.0,6,19.35,9,5,529,0,0,9,1,69,2,24,50.0,7,35.0,17,60.71
475,871706,Premier League,Tottenham Hotspur,Randal Kolo Muani,Forward,6.49,1,2.16,7,19,4,10,5.26,25,39.68,1,0,0,0,1,1,3,0,0,0,0.0,0,0,0.0,28,3,18,1,13,0,0,0,0,0,2,1,1,20,304,217,87,71.38,59,158,110,7,50.0,4,44.44,28,20,1584,3,0,39,17,245,35,97,36.06,70,36.08,27,36.0
476,997087,Premier League,Chelsea,Liam Delap,Forward,6.49,1,4.43,4,35,11,14,2.86,10,76.92,1,0,0,1,0,2,4,1,0,0,0.0,0,0,0.0,4,1,11,0,6,0,1,0,0,0,0,0,0,3,170,118,52,69.41,28,90,55,0,0.0,1,50.0,26,11,1032,3,0,22,18,122,20,55,39.86,32,38.55,23,41.82
477,901907,Premier League,Burnley,Lyle Foster,Forward,6.48,3,3.25,3,20,6,7,15.0,10,45.45,3,0,0,1,2,0,11,0,0,0,0.0,0,0,0.0,16,4,20,3,8,0,0,0,0,0,2,2,0,10,280,196,84,70.0,54,142,79,1,16.67,7,50.0,26,15,1372,4,0,22,13,190,32,66,31.73,38,34.55,28,28.57
478,1016893,Premier League,West Ham United,Luís Guilherme,Forward,6.48,0,0.07,0,1,0,1,0.0,2,33.33,0,0,0,0,0,0,0,0,0,0,0.0,0,0,0.0,1,0,2,0,1,0,0,0,0,0,0,0,0,1,30,27,3,90.0,16,11,7,0,0.0,1,100.0,5,1,121,0,0,0,0,15,5,3,21.43,3,23.08,0,0.0
479,1017392,Premier League,Everton,Carlos Alcaraz,Midfielder,6.48,0,1.15,1,19,5,6,0.0,6,42.86,0,0,0,0,0,1,1,0,0,0,0.0,0,0,0.0,13,3,7,3,12,0,2,0,0,0,2,1,0,9,296,241,55,81.42,96,145,77,2,40.0,12,66.67,19,6,712,4,0,9,11,105,9,42,43.75,29,43.28,13,44.83
480,336655,Premier League,Bournemouth,Enes Ünal,Forward,6.48,1,1.93,2,14,2,7,7.14,1,25.0,1,0,0,1,0,0,2,0,0,0,0.0,0,4,0.0,1,0,12,0,0,0,0,0,0,0,0,0,0,0,48,32,16,66.67,11,21,14,0,0.0,0,0.0,21,0,234,1,0,6,8,38,7,17,27.42,9,36.0,8,21.62
481,1084311,Premier League,Crystal Palace,Justin Devenny,Midfielder,6.48,1,2.62,4,13,4,5,7.69,2,15.38,1,0,0,1,0,1,1,0,1,1,100.0,0,1,0.0,23,1,11,0,18,0,0,0,0,1,0,0,0,7,228,165,63,72.37,66,99,55,0,0.0,8,30.77,20,6,740,0,0,10,9,132,11,40,36.7,34,40.96,6,23.08
482,826183,Premier League,Burnley,Mike Trésor,Midfielder,6.47,0,,0,0,0,0,0.0,0,0.0,0,0,0,0,0,0,0,0,0,0,0.0,0,0,0.0,1,0,0,0,0,0,0,0,0,0,0,0,0,1,27,23,4,85.19,12,11,3,1,33.33,1,100.0,6,0,63,0,0,0,0,13,2,1,12.5,1,20.0,0,0.0
483,1503757,Premier League,Fulham,Jonah Kusi-Asare,Forward,6.47,0,,0,0,0,0,0.0,0,0.0,0,0,0,0,0,0,0,0,0,0,0.0,0,0,0.0,1,0,0,0,3,0,0,0,0,0,0,0,0,1,16,11,5,68.75,0,11,6,0,0.0,0,0.0,7,0,79,1,0,4,2,8,0,4,25.0,3,33.33,1,14.29
484,1476524,Premier League,Bournemouth,Alex Tóth,Midfielder,6.47,0,0.06,0,1,0,1,0.0,0,0.0,0,0,0,0,0,0,0,0,0,0,0.0,0,0,0.0,1,2,3,0,3,0,1,0,0,0,0,0,0,4,33,28,5,84.85,7,21,10,0,0.0,0,0.0,8,1,128,1,0,1,2,14,0,3,27.27,3,30.0,0,0.0
485,1101174,Premier League,West Ham United,Pablo Felipe,Forward,6.46,0,0.82,1,10,2,5,0.0,7,63.64,0,0,0,0,0,0,0,0,0,0,0.0,0,0,0.0,26,4,12,2,7,1,0,0,0,0,2,1,0,12,189,140,49,74.07,47,93,52,1,33.33,2,40.0,13,9,781,0,0,21,6,96,17,59,39.6,38,43.68,21,33.87
486,1884145,Premier League,Crystal Palace,Christantus Uche,Forward,6.46,0,0.49,1,6,2,2,0.0,0,0.0,0,0,0,0,0,0,3,1,0,0,0.0,0,0,0.0,1,0,3,0,4,0,0,0,0,0,0,0,0,0,59,35,24,59.32,10,25,17,0,0.0,1,33.33,14,0,193,0,0,4,7,52,7,16,33.33,8,29.63,8,38.1
487,44566,Premier League,Bournemouth,Adam Smith,Defender,6.46,0,,0,0,0,0,0.0,1,100.0,0,0,0,0,0,0,0,0,0,0,0.0,0,0,0.0,13,6,34,6,11,0,0,0,0,4,1,2,0,5,294,225,69,76.53,111,114,58,1,9.09,9,18.37,20,12,917,3,0,15,8,102,2,34,45.95,21,44.68,13,48.15
488,1392044,Premier League,Burnley,Quilindschy Hartman,Defender,6.46,0,0.34,1,9,3,4,0.0,5,41.67,0,0,0,0,0,0,1,0,0,0,0.0,0,0,0.0,52,31,66,4,13,1,1,0,0,2,6,5,0,20,736,557,179,75.68,310,247,118,11,14.47,35,33.65,21,21,1830,1,0,13,3,313,6,70,55.12,60,60.61,10,35.71
489,254713,Premier League,Leeds United,Sam Byram,Defender,6.45,0,,0,0,0,0,0.0,0,0.0,0,0,0,0,0,0,1,0,0,0,0.0,0,0,0.0,1,0,2,0,0,0,0,0,0,0,0,0,0,0,6,3,3,50.0,1,2,0,0,0.0,0,0.0,2,0,18,0,0,1,0,3,0,1,50.0,1,50.0,0,0.0
490,1457536,Premier League,Aston Villa,Andrés García,Defender,6.45,0,,0,0,0,0,0.0,0,0.0,0,0,0,0,0,0,0,0,0,0,0.0,0,0,0.0,1,0,0,0,1,0,0,0,0,0,0,0,0,0,25,25,0,100.0,10,15,5,0,0.0,0,0.0,5,0,60,0,0,0,0,8,1,1,25.0,1,25.0,0,0.0
491,2007717,Premier League,Crystal Palace,Joel Drakes-Thomas,Midfielder,6.45,0,,0,0,0,0,0.0,0,0.0,0,0,0,0,0,0,0,0,0,0,0.0,0,0,0.0,1,0,0,0,0,0,0,0,0,0,0,0,0,0,11,8,3,72.73,2,6,4,0,0.0,0,0.0,2,0,25,0,0,1,0,4,0,1,33.33,1,33.33,0,0.0
492,998772,Premier League,Tottenham Hotspur,Dane Scarlett,Forward,6.45,0,,0,0,0,0,0.0,0,0.0,0,0,0,0,0,0,0,0,0,0,0.0,0,0,0.0,0,0,0,0,0,0,0,0,0,0,0,0,0,0,4,2,2,50.0,2,0,0,1,100.0,0,0.0,2,0,21,0,0,1,0,5,1,0,0.0,0,0.0,0,0.0
493,552036,Premier League,Burnley,Josh Laurent,Midfielder,6.45,1,0.85,1,14,4,6,7.14,9,50.0,1,0,0,0,1,1,2,0,0,0,0.0,0,0,0.0,45,27,38,8,22,1,0,1,0,1,0,0,0,12,641,500,141,78.0,258,242,102,4,26.67,16,27.59,32,18,1764,7,1,29,11,204,15,91,48.15,65,46.76,26,52.0
494,805123,Premier League,Newcastle United,Yoane Wissa,Forward,6.44,1,3.12,6,13,5,8,7.69,1,8.33,1,0,0,0,1,0,4,0,0,0,0.0,0,0,0.0,5,0,2,1,1,0,0,0,0,0,1,1,0,3,84,56,28,66.67,19,37,27,0,0.0,3,75.0,18,4,515,2,0,6,1,56,6,21,32.31,7,22.58,14,41.18
495,599128,Premier League,Brentford,Rico Henry,Defender,6.43,0,0.18,0,5,0,4,0.0,15,50.0,0,0,0,0,0,0,2,0,0,0,0.0,0,0,0.0,15,8,41,5,8,1,3,1,0,3,1,1,0,4,481,370,111,76.92,199,171,75,3,12.0,23,38.98,25,14,1334,2,0,15,17,218,9,66,49.25,47,50.0,19,47.5
496,1627806,Premier League,Brighton & Hove Albion,Harry Howell,Midfielder,6.43,0,,0,0,0,0,0.0,2,66.67,0,0,0,0,0,0,1,0,0,0,0.0,0,0,0.0,1,0,3,0,2,0,0,0,0,0,0,0,0,0,34,29,5,85.29,11,18,7,0,0.0,2,50.0,3,1,93,0,0,0,0,14,2,5,35.71,3,37.5,2,33.33
497,850823,Premier League,Leeds United,Joël Piroe,Forward,6.43,0,0.91,1,12,2,5,0.0,1,33.33,0,0,0,0,0,0,1,0,0,0,0.0,0,0,0.0,1,1,1,0,1,0,0,0,0,0,0,0,0,1,93,77,16,82.8,34,43,30,1,25.0,6,85.71,15,2,303,0,0,4,0,33,5,6,19.35,2,15.38,4,22.22
498,996985,Premier League,Burnley,Armando Broja,Forward,6.41,1,2.15,3,16,6,2,6.25,8,33.33,1,0,1,0,0,0,6,0,0,0,0.0,0,0,0.0,6,3,9,0,5,0,0,0,0,0,1,1,0,5,151,105,46,69.54,24,81,52,1,33.33,1,100.0,24,8,874,0,0,14,16,119,20,65,33.33,30,35.71,35,31.53
499,954061,Premier League,Nottingham Forest,Arnaud Kalimuendo,Forward,6.4,0,0.44,1,4,1,0,0.0,0,0.0,0,0,0,0,0,0,1,0,0,0,0.0,0,0,0.0,1,0,1,0,0,0,0,0,0,0,0,0,0,1,29,24,5,82.76,4,20,12,0,0.0,0,0.0,9,0,106,0,0,2,0,12,1,5,41.67,1,20.0,4,57.14
500,1403098,Premier League,Brentford,Kaye Furo,Forward,6.4,0,,0,0,0,0,0.0,0,0.0,0,0,0,0,0,0,0,0,0,0,0.0,0,0,0.0,0,0,0,0,0,0,0,0,0,0,0,0,0,0,0,0,0,0.0,0,0,0,0,0.0,0,0.0,1,0,9,0,0,1,0,3,0,0,0.0,0,0.0,0,0.0
501,153444,Premier League,Newcastle United,Jamaal Lascelles,Defender,6.4,0,0.04,0,1,0,0,0.0,0,0.0,0,0,0,0,0,0,0,0,0,0,0.0,0,0,0.0,0,0,4,1,0,0,0,0,0,0,0,0,0,0,8,6,2,75.0,6,0,0,0,0.0,0,0.0,2,0,25,0,0,0,0,2,0,1,100.0,0,0.0,1,100.0
502,1899712,Premier League,Aston Villa,Bradley Burrowes,Midfielder,6.4,0,,0,0,0,0,0.0,0,0.0,0,0,0,0,0,0,0,0,0,0,0.0,0,0,0.0,0,0,0,0,1,0,0,0,0,0,0,0,0,0,5,3,2,60.0,2,1,1,0,0.0,0,0.0,1,0,16,0,0,0,1,6,0,1,33.33,1,33.33,0,0.0
503,1142573,Premier League,Burnley,Jaydon Banel,Midfielder,6.4,0,,0,0,0,0,0.0,0,0.0,0,0,0,0,0,0,0,0,0,0,0.0,0,0,0.0,0,0,0,0,0,0,0,0,0,0,0,0,0,0,4,4,0,100.0,1,3,3,0,0.0,0,0.0,1,0,9,0,0,1,1,2,0,1,25.0,1,33.33,0,0.0
504,1212165,Premier League,West Ham United,George Earthy,Midfielder,6.4,0,,0,0,0,0,0.0,0,0.0,0,0,0,0,0,0,0,0,0,0,0.0,0,0,0.0,0,0,0,0,0,0,0,0,0,0,0,0,0,0,3,3,0,100.0,2,1,1,0,0.0,0,0.0,1,0,8,0,0,0,0,0,0,0,0.0,0,0.0,0,0.0
505,1185603,Premier League,Crystal Palace,Kaden Rodney,Midfielder,6.4,0,,0,0,0,0,0.0,0,0.0,0,0,0,0,0,0,0,0,0,0,0.0,0,0,0.0,0,0,0,0,0,0,0,0,0,0,0,0,0,0,5,3,2,60.0,2,1,1,0,0.0,0,0.0,1,0,9,0,0,1,0,2,0,0,0.0,0,0.0,0,0.0
506,1445945,Premier League,Liverpool FC,Trey Nyoni,Midfielder,6.4,0,0.37,1,1,0,1,0.0,0,0.0,0,0,0,0,0,0,1,0,0,0,0.0,0,0,0.0,0,0,0,0,0,0,0,0,0,0,0,0,0,1,12,11,1,91.67,5,6,3,0,0.0,0,0.0,5,0,29,0,0,0,0,3,1,0,0.0,0,0.0,0,0.0
507,27028,Premier League,Burnley,Ashley Barnes,Midfielder,6.4,0,0.11,0,1,0,0,0.0,1,100.0,0,0,0,0,0,0,2,0,0,0,0.0,0,0,0.0,0,0,0,0,0,0,0,0,0,0,0,0,0,0,11,2,9,18.18,0,2,2,0,0.0,0,0.0,6,0,78,1,0,2,0,17,2,8,44.44,1,25.0,7,50.0
508,1117025,Premier League,Leeds United,Facundo Buonanotte,Midfielder,6.4,0,0.04,0,1,0,0,0.0,0,0.0,0,0,0,0,0,0,0,0,0,0,0.0,0,0,0.0,1,1,0,0,2,0,0,0,0,0,0,0,0,2,30,24,6,80.0,4,20,8,0,0.0,1,50.0,3,1,74,1,0,1,0,12,0,2,28.57,1,16.67,1,100.0
509,361326,Premier League,Sunderland,Patrick Roberts,Midfielder,6.4,0,0.03,0,1,0,0,0.0,1,100.0,0,0,0,0,0,0,0,0,0,0,0.0,0,0,0.0,0,0,0,0,0,0,0,0,0,0,0,0,0,0,20,16,4,80.0,2,14,8,0,0.0,1,100.0,1,0,27,0,0,0,0,4,0,1,50.0,1,100.0,0,0.0
510,876599,Premier League,Crystal Palace,Jørgen Strand Larsen,Forward,6.38,4,5.25,5,43,14,19,9.3,11,42.31,4,0,1,0,3,3,10,0,2,1,50.0,0,0,0.0,9,4,37,7,14,0,0,0,0,2,1,1,0,10,476,304,172,63.87,106,198,103,0,0.0,7,41.18,35,25,2239,4,0,48,20,299,27,116,34.42,40,28.17,76,38.97
511,1390490,Premier League,Nottingham Forest,Zach Abbott,Defender,6.37,0,,0,0,0,0,0.0,1,33.33,0,0,0,0,0,0,0,0,0,0,0.0,0,0,0.0,4,1,7,1,0,0,0,1,0,0,0,0,0,0,62,44,18,70.97,28,16,9,1,33.33,1,12.5,3,2,165,0,0,3,1,34,2,12,60.0,6,50.0,6,75.0
512,357584,Premier League,Crystal Palace,Borna Sosa,Midfielder,6.37,0,0.04,0,1,0,1,0.0,0,0.0,0,0,0,0,0,0,0,0,0,0,0.0,0,0,0.0,3,2,4,0,0,0,0,0,0,0,0,0,0,2,41,26,15,63.41,11,15,12,0,0.0,2,25.0,7,0,99,1,0,4,0,26,0,6,50.0,3,37.5,3,75.0
513,842513,Premier League,Brighton & Hove Albion,Igor Júlio,Defender,6.37,0,,0,0,0,0,0.0,0,0.0,0,0,0,0,0,0,0,0,0,0,0.0,0,0,0.0,0,1,10,2,0,0,0,0,0,0,0,0,0,1,22,16,6,72.73,11,5,2,0,0.0,2,33.33,4,1,122,0,0,1,0,9,0,0,0.0,0,0.0,0,0.0
514,1394099,Premier League,West Ham United,Callum Marshall,Forward,6.35,0,0.13,1,1,0,1,0.0,1,50.0,0,0,0,0,0,0,1,0,0,0,0.0,0,0,0.0,0,2,0,0,0,0,0,0,0,0,0,0,0,0,4,2,2,50.0,1,1,0,0,0.0,0,0.0,2,0,58,0,0,0,0,8,2,2,25.0,1,25.0,1,25.0
515,76632,Premier League,Everton,Séamus Coleman,Defender,6.35,0,,0,0,0,0,0.0,0,0.0,0,0,0,0,0,0,0,0,0,0,0.0,0,0,0.0,0,0,2,0,1,1,0,0,0,0,0,0,0,0,12,12,0,100.0,7,5,2,0,0.0,1,100.0,4,1,21,0,0,0,1,1,0,2,66.67,1,50.0,1,100.0
516,2007889,Premier League,Bournemouth,Ben Winterburn,Midfielder,6.3,0,,0,0,0,0,0.0,0,0.0,0,0,0,0,0,0,0,0,0,0,0.0,0,0,0.0,0,0,0,0,0,0,0,0,0,0,0,0,0,0,1,0,1,0.0,0,0,0,0,0.0,0,0.0,1,0,13,0,0,0,0,1,0,0,0.0,0,0.0,0,0.0
517,870038,Premier League,Wolverhampton,Saša Kalajdžić,Forward,6.3,0,,0,0,0,0,0.0,0,0.0,0,0,0,0,0,0,0,0,0,0,0.0,0,0,0.0,0,1,0,0,0,0,0,0,0,0,0,0,0,0,5,4,1,80.0,2,2,1,0,0.0,0,0.0,1,0,14,0,0,0,0,4,1,2,40.0,0,0.0,2,66.67
518,1482340,Premier League,Tottenham Hotspur,Souza,Defender,6.3,0,0.02,0,1,1,0,0.0,0,0.0,0,0,0,0,0,0,0,0,0,0,0.0,0,0,0.0,0,2,4,0,3,0,0,0,0,0,0,0,0,3,27,25,2,92.59,12,13,6,0,0.0,0,0.0,4,2,144,1,0,3,2,8,1,2,16.67,2,18.18,0,0.0
519,1201520,Premier League,Bournemouth,Julio Soler,Defender,6.3,0,,0,0,0,0,0.0,0,0.0,0,0,0,0,0,0,0,0,0,0,0.0,0,0,0.0,1,0,0,0,1,0,0,0,0,0,0,0,0,0,23,20,3,86.96,5,15,4,0,0.0,0,0.0,3,0,34,0,0,2,2,6,0,3,50.0,3,50.0,0,0.0
520,1414933,Premier League,Chelsea,Marc Guiu,Forward,6.28,0,1.55,3,13,2,9,0.0,1,25.0,0,0,0,0,0,1,2,0,0,0,0.0,0,0,0.0,0,0,4,0,2,0,0,0,0,0,1,1,0,3,32,22,10,68.75,5,17,10,0,0.0,0,0.0,10,1,276,1,0,10,2,23,1,8,22.22,3,15.79,5,29.41
521,840103,Premier League,Nottingham Forest,John Victor,Goalkeeper,6.28,0,,0,0,0,0,0.0,0,0.0,0,0,0,0,0,0,0,0,0,0,0.0,0,0,0.0,0,0,4,0,0,1,0,0,0,1,0,0,0,0,130,83,47,63.85,59,24,7,0,0.0,30,38.96,5,5,438,1,0,0,0,50,0,0,0.0,0,0.0,0,0.0
522,1005959,Premier League,Brentford,Hákon Rafn Valdimarsson,Goalkeeper,6.2,0,,0,0,0,0,0.0,0,0.0,0,0,0,0,0,0,0,0,0,0,0.0,0,0,0.0,0,0,0,0,0,0,0,0,0,0,0,0,0,0,41,30,11,73.17,23,7,0,0,0.0,12,52.17,1,1,90,0,0,0,0,11,0,0,0.0,0,0.0,0,0.0
523,877102,Premier League,West Ham United,Nayef Aguerd,Defender,6.2,0,0.1,0,2,0,2,0.0,1,100.0,0,0,0,0,0,0,0,0,0,0,0.0,0,0,0.0,1,1,11,2,0,0,0,0,0,0,0,0,0,0,115,104,11,90.43,62,42,17,0,0.0,6,46.15,2,2,180,0,0,0,1,14,0,7,70.0,3,100.0,4,57.14
524,132645,Premier League,West Ham United,Niclas Füllkrug,Forward,6.19,0,0.92,1,9,3,4,0.0,0,0.0,0,0,0,0,0,0,3,0,0,0,0.0,0,0,0.0,2,2,4,1,1,0,0,0,0,0,0,0,0,7,93,57,36,61.29,19,38,18,0,0.0,1,50.0,8,5,408,0,0,11,1,51,6,21,30.43,3,15.79,18,36.0
525,1154657,Premier League,Chelsea,Mamadou Sarr,Defender,6.15,0,0.44,1,1,0,1,0.0,0,0.0,0,0,0,0,0,0,0,0,0,0,0.0,0,0,0.0,1,1,5,1,0,0,0,0,0,0,0,0,0,0,49,45,4,91.84,42,3,1,0,0.0,0,0.0,2,1,98,0,0,0,0,5,0,1,33.33,1,50.0,0,0.0
526,150396,Premier League,Newcastle United,Emil Krafth,Defender,5.8,0,,0,0,0,0,0.0,0,0.0,0,0,0,0,0,0,0,0,0,0,0.0,0,0,0.0,0,0,1,0,0,0,0,0,0,0,0,0,0,0,19,14,5,73.68,7,7,4,0,0.0,0,0.0,1,1,45,0,0,1,0,8,1,0,0.0,0,0.0,0,0.0
527,980649,Premier League,Brentford,Myles Peart-Harris,Midfielder,0.0,0,,0,0,0,0,0.0,0,0.0,0,0,0,0,0,0,0,0,0,0,0.0,0,0,0.0,0,0,0,0,0,0,0,0,0,0,0,0,0,0,0,0,0,0.0,0,0,0,0,0.0,0,0.0,1,0,1,0,0,1,0,0,0,0,0.0,0,0.0,0,0.0
528,1402850,Premier League,Manchester United,Tyler Fletcher,Midfielder,0.0,0,,0,0,0,0,0.0,0,0.0,0,0,0,0,0,0,0,0,0,0,0.0,0,0,0.0,0,0,0,0,0,0,0,0,0,0,0,0,0,0,7,7,0,100.0,2,5,1,0,0.0,0,0.0,1,0,1,0,0,0,0,0,0,0,0.0,0,0.0,0,0.0
529,1403130,Premier League,Tottenham Hotspur,James Rowswell,Defender,0.0,0,,0,0,0,0,0.0,0,0.0,0,0,0,0,0,0,0,0,0,0,0.0,0,0,0.0,0,0,0,0,0,0,0,0,0,0,0,0,0,0,0,0,0,0.0,0,0,0,0,0.0,0,0.0,1,0,1,0,0,0,0,0,0,0,0.0,0,0.0,0,0.0
530,1565348,Premier League,Brighton & Hove Albion,Joe Knight,Midfielder,0.0,0,,0,0,0,0,0.0,0,0.0,0,0,0,0,0,0,0,0,0,0,0.0,0,0,0.0,0,0,0,0,0,0,0,0,0,0,0,0,0,0,0,0,0,0.0,0,0,0,0,0.0,0,0.0,1,0,1,0,0,0,0,0,0,0,0.0,0,0.0,0,0.0
531,1125214,Premier League,Newcastle United,Alex Murphy,Defender,0.0,0,,0,0,0,0,0.0,0,0.0,0,0,0,0,0,0,0,0,0,0,0.0,0,0,0.0,0,0,1,0,0,0,0,0,0,0,0,0,0,0,1,1,0,100.0,1,0,0,0,0.0,0,0.0,1,0,1,0,0,0,0,0,0,0,0.0,0,0.0,0,0.0
532,1899611,Premier League,Brighton & Hove Albion,Nehemiah Oriola,Forward,0.0,0,,0,0,0,0,0.0,0,0.0,0,0,0,0,0,0,0,0,0,0,0.0,0,0,0.0,0,0,0,0,0,0,0,0,0,0,0,0,0,0,0,0,0,0.0,0,0,0,0,0.0,0,0.0,1,0,1,0,0,0,0,0,0,0,0.0,0,0.0,0,0.0
