#,Player ID,League,Team,Name,Position,Sofascore Rating,Goals,xG,Big chances missed,Total shots,Shots on target,Shots off target,Goal conversion %,Succ. dribbles,Succ. dribbles %,Goals inside box,Goals outside box,Headed goals,Left-footed goals,Right-footed goals,Hit woodwork,Offsides,Penalties won,Penalties taken,Penalty goals,Penalty conversion %,Free kick goals,Shots from set piece,Set piece conv. %,Tackles,Interceptions,Clearances,Blocked shots,Dribbled past,Errors leading to goal,Errors leading to shot,Penalties committed,Own goals,Clean sheets,Big chances created,Assists,Passes to assist,Key passes,Total passes,Accurate passes,Inaccurate passes,Accurate passes %,Passes in own half,Passes in opp. half,Acc. final third passes,Accurate crosses,Accurate crosses %,Accurate long balls,Accurate long balls %,Appearances,Started,Minutes played,Yellow cards,Red cards,Fouls,Was fouled,Possession lost,Dispossessed,Total duels won,Total duels won %,Ground duels won,Ground duels won %,Aerial duels won,Aerial duels won %
1,288205,Premier League,Manchester United,Bruno Fernandes,Midfielder,7.58,0.24,0.32,0.24,2.47,0.68,0.91,9.52,0.44,41.67,0.21,0.03,0.0,0.0,0.24,0.15,0.12,0.0,0.18,0.12,66.67,0.03,0.15,20.0,1.53,0.56,1.24,0.15,1.12,0.0,0.09,0.03,0.0,0.18,0.94,0.59,0.03,3.91,57.06,46.82,10.24,82.06,15.65,31.18,19.03,1.59,30.17,3.97,60.27,34,34,2976,0.15,0.0,0.74,1.03,17.18,0.88,3.59,45.52,2.97,46.98,0.62,39.62
2,866469,Premier League,Newcastle United,Bruno Guimarães,Midfielder,7.48,0.32,0.2,0.14,1.46,0.79,0.46,21.95,0.64,38.3,0.21,0.11,0.07,0.04,0.21,0.07,0.07,0.07,0.07,0.07,100.0,0.0,0.07,0.0,2.21,0.54,1.29,0.11,0.93,0.0,0.0,0.0,0.0,0.21,0.25,0.18,0.04,1.64,50.14,43.21,6.93,86.18,16.46,26.75,15.5,0.75,26.25,2.82,60.77,28,26,2389,0.18,0.0,1.54,2.57,14.07,1.57,5.89,50.61,5.43,52.23,0.46,37.14
3,934386,Premier League,Manchester City,Jérémy Doku,Midfielder,7.44,0.18,0.09,0.14,1.29,0.5,0.29,13.89,2.93,57.34,0.11,0.07,0.0,0.07,0.11,0.04,0.11,0.07,0.0,0.0,0.0,0.0,0.0,0.0,0.82,0.46,0.07,0.0,0.36,0.0,0.0,0.0,0.0,0.07,0.46,0.18,0.04,2.07,26.57,22.14,4.43,83.33,3.82,18.32,13.39,0.57,28.57,0.46,61.9,28,18,1695,0.0,0.0,0.82,2.11,12.79,1.71,5.96,52.85,5.82,53.62,0.14,33.33
4,856714,Premier League,Arsenal,Declan Rice,Midfielder,7.43,0.11,0.09,0.09,1.14,0.37,0.4,10.0,0.4,50.0,0.09,0.03,0.03,0.0,0.09,0.0,0.03,0.0,0.0,0.0,0.0,0.0,0.14,0.0,1.86,1.03,2.14,0.34,0.4,0.03,0.0,0.0,0.0,0.34,0.49,0.14,0.03,1.83,58.66,51.2,7.46,87.29,22.26,28.94,14.69,1.34,27.01,2.31,47.65,35,34,3009,0.09,0.0,0.74,0.29,13.8,0.51,3.94,58.97,2.54,55.28,1.4,67.12
5,827606,Premier League,Manchester City,Rodri,Midfielder,7.42,0.05,0.04,0.0,0.6,0.1,0.25,8.33,0.3,46.15,0.05,0.0,0.05,0.0,0.0,0.0,0.0,0.0,0.0,0.0,0.0,0.0,0.0,0.0,1.95,0.65,2.0,0.15,0.7,0.0,0.15,0.0,0.0,0.15,0.1,0.0,0.0,1.15,76.5,69.05,7.45,90.26,28.2,40.85,16.05,0.05,20.0,4.3,69.92,20,16,1423,0.1,0.0,0.65,1.35,9.2,0.5,5.3,65.84,3.6,62.07,1.7,75.56
6,980643,Premier League,Manchester City,James Trafford,Goalkeeper,7.4,0.0,0.0,0.0,0.0,0.0,0.0,0.0,0.33,100.0,0.0,0.0,0.0,0.0,0.0,0.0,0.0,0.0,0.0,0.0,0.0,0.0,0.0,0.0,0.67,0.0,2.0,0.0,0.0,0.33,0.0,0.0,0.0,0.33,0.0,0.0,0.0,0.0,35.67,25.67,10.0,71.96,24.67,1.0,0.33,0.0,0.0,4.33,32.5,3,3,270,0.0,0.0,0.0,0.33,10.0,0.0,1.67,100.0,1.33,100.0,0.33,100.0
7,994546,Premier League,Nottingham Forest,Elliot Anderson,Midfielder,7.34,0.11,0.08,0.03,1.16,0.27,0.41,9.3,1.35,54.95,0.08,0.03,0.0,0.03,0.08,0.0,0.05,0.0,0.03,0.03,100.0,0.0,0.05,0.0,2.73,1.08,1.3,0.43,1.08,0.0,0.08,0.03,0.0,0.19,0.22,0.11,0.03,1.43,63.24,54.03,9.22,85.43,24.49,29.54,15.57,1.32,28.16,3.22,53.85,37,36,3269,0.22,0.0,1.51,2.14,17.51,1.62,7.92,54.87,6.14,53.79,1.78,58.93
8,839956,Premier League,Manchester City,Erling Haaland,Forward,7.32,0.76,0.74,0.88,3.65,1.71,1.26,20.97,0.44,50.0,0.74,0.03,0.09,0.59,0.09,0.18,0.12,0.0,0.12,0.09,75.0,0.0,0.0,0.0,0.44,0.15,1.15,0.03,0.18,0.0,0.0,0.0,0.0,0.26,0.24,0.24,0.0,0.71,10.85,7.06,3.79,65.04,2.56,4.5,2.97,0.03,33.33,0.12,28.57,34,33,2868,0.06,0.0,0.68,0.74,6.44,0.65,3.74,54.04,1.62,46.22,2.12,62.07
9,117777,Premier League,Sunderland,Granit Xhaka,Midfielder,7.32,0.03,0.03,0.0,0.64,0.15,0.3,4.76,0.33,45.83,0.0,0.03,0.0,0.03,0.0,0.03,0.0,0.0,0.0,0.0,0.0,0.0,0.09,0.0,1.52,0.88,2.48,0.61,0.48,0.0,0.09,0.0,0.0,0.27,0.27,0.18,0.0,1.03,53.18,44.45,8.73,83.59,19.39,25.06,12.82,0.7,24.73,4.03,54.51,33,31,2813,0.21,0.0,0.67,1.24,12.58,0.52,4.67,60.63,3.0,60.0,1.67,61.8
10,877994,Premier League,Manchester City,Marc Guéhi,Defender,7.32,0.09,0.12,0.18,0.94,0.26,0.44,9.38,0.21,63.64,0.09,0.0,0.03,0.0,0.06,0.06,0.0,0.03,0.0,0.0,0.0,0.0,0.0,0.0,1.32,1.44,4.79,0.65,0.32,0.06,0.0,0.0,0.0,0.41,0.15,0.09,0.0,0.53,66.38,59.5,6.88,89.63,31.74,27.76,11.59,0.09,17.65,2.21,40.76,34,34,3060,0.18,0.0,0.68,1.06,8.59,0.5,5.62,64.75,2.59,61.97,3.03,67.32
11,869792,Premier League,Arsenal,Gabriel Magalhães,Defender,7.29,0.1,0.1,0.13,0.87,0.23,0.3,11.54,0.03,50.0,0.1,0.0,0.03,0.07,0.0,0.07,0.0,0.0,0.0,0.0,0.0,0.0,0.0,0.0,1.23,0.77,5.8,1.13,0.2,0.03,0.07,0.0,0.0,0.53,0.17,0.13,0.0,0.23,55.03,48.53,6.5,88.19,29.53,19.0,6.57,0.03,20.0,2.43,44.24,30,29,2616,0.13,0.0,0.6,1.03,7.47,0.13,5.47,65.86,2.3,71.88,3.17,62.09
12,151545,Premier League,Liverpool FC,Virgil van Dijk,Defender,7.25,0.16,0.1,0.22,0.78,0.38,0.3,20.69,0.05,100.0,0.16,0.0,0.14,0.0,0.0,0.03,0.03,0.0,0.0,0.0,0.0,0.0,0.0,0.0,0.59,0.7,7.38,0.65,0.05,0.05,0.05,0.03,0.0,0.27,0.0,0.0,0.0,0.3,73.76,65.7,8.05,89.08,35.32,30.38,10.76,0.0,0.0,3.59,46.02,37,37,3330,0.11,0.0,0.51,0.43,8.59,0.03,5.59,73.14,1.08,68.97,4.51,74.22
13,979128,Premier League,Manchester City,Rayan Cherki,Midfielder,7.25,0.13,0.13,0.06,1.71,0.42,0.58,7.55,1.61,48.54,0.1,0.03,0.0,0.0,0.13,0.1,0.03,0.0,0.0,0.0,0.0,0.0,0.13,0.0,0.84,0.23,0.23,0.03,0.61,0.0,0.03,0.0,0.0,0.1,0.61,0.39,0.03,1.97,40.19,34.77,5.42,86.52,9.0,25.77,15.0,0.74,30.67,1.0,48.44,31,19,1728,0.03,0.0,0.52,1.1,11.61,1.1,3.58,46.25,3.55,47.41,0.03,12.5
14,962012,Premier League,Brighton & Hove Albion,Jan Paul van Hecke,Defender,7.24,0.09,0.09,0.09,0.66,0.29,0.17,13.04,0.09,60.0,0.09,0.0,0.03,0.0,0.06,0.03,0.11,0.0,0.0,0.0,0.0,0.0,0.0,0.0,1.49,1.29,5.29,0.8,0.6,0.11,0.0,0.03,0.03,0.26,0.06,0.09,0.0,0.37,70.0,61.0,9.0,87.14,37.29,23.71,9.31,0.29,47.62,3.66,47.41,35,35,3121,0.26,0.0,0.77,1.23,10.11,0.14,5.83,60.71,2.69,64.38,3.14,57.89
15,189061,Premier League,Everton,Jack Grealish,Midfielder,7.23,0.1,0.11,0.2,1.3,0.4,0.3,7.69,1.15,40.35,0.05,0.05,0.0,0.05,0.05,0.05,0.0,0.0,0.0,0.0,0.0,0.0,0.0,0.0,1.05,0.6,0.55,0.3,0.5,0.0,0.1,0.0,0.0,0.25,0.25,0.3,0.1,2.0,28.65,24.1,4.55,84.12,6.75,17.35,11.9,0.5,25.64,0.9,56.25,20,18,1631,0.15,0.05,0.65,2.9,11.35,1.5,5.3,50.48,5.1,54.55,0.2,17.39
16,934235,Premier League,Arsenal,Bukayo Saka,Forward,7.23,0.23,0.25,0.27,2.27,0.9,0.6,10.29,1.67,50.51,0.23,0.0,0.03,0.13,0.07,0.03,0.47,0.0,0.03,0.03,100.0,0.0,0.07,0.0,1.2,0.5,0.33,0.03,0.5,0.0,0.03,0.0,0.0,0.23,0.37,0.13,0.07,2.07,24.7,18.97,5.73,76.79,3.77,15.2,10.8,1.3,32.77,0.47,35.9,30,24,2135,0.07,0.0,1.03,1.7,13.03,1.0,5.3,50.96,4.57,52.69,0.73,42.31
17,830659,Premier League,Bournemouth,Marcos Senesi,Defender,7.23,0.0,0.04,0.06,0.49,0.14,0.23,0.0,0.17,66.67,0.0,0.0,0.0,0.0,0.0,0.03,0.03,0.03,0.0,0.0,0.0,0.0,0.0,0.0,1.69,1.54,6.94,1.29,0.74,0.0,0.06,0.0,0.0,0.29,0.2,0.14,0.0,0.69,62.06,48.17,13.89,77.62,27.29,20.89,8.83,0.23,32.0,4.94,38.36,35,35,3110,0.23,0.0,0.97,1.03,16.14,0.37,5.37,52.37,2.86,57.47,2.51,47.57
18,927361,Premier League,Everton,James Garner,Midfielder,7.22,0.05,0.05,0.0,1.19,0.38,0.51,4.55,0.46,53.13,0.03,0.03,0.0,0.0,0.05,0.03,0.0,0.0,0.0,0.0,0.0,0.0,0.3,0.0,3.14,1.57,2.3,0.24,1.22,0.0,0.03,0.0,0.0,0.3,0.32,0.19,0.0,1.41,47.0,40.89,6.11,87.0,17.41,23.49,12.76,1.35,25.13,1.57,46.03,37,37,3324,0.32,0.0,1.05,1.05,12.65,0.38,5.41,60.79,4.62,60.42,0.78,63.04
19,122951,Premier League,Manchester United,Casemiro,Midfielder,7.22,0.26,0.16,0.18,1.53,0.53,0.53,17.31,0.18,37.5,0.24,0.03,0.24,0.0,0.03,0.03,0.15,0.0,0.0,0.0,0.0,0.0,0.0,0.0,2.65,0.91,2.15,0.79,1.47,0.0,0.15,0.0,0.0,0.06,0.12,0.06,0.0,1.06,47.06,38.26,8.79,81.31,17.88,20.38,9.0,0.12,23.53,2.53,54.09,34,33,2593,0.26,0.03,1.35,1.06,10.85,0.38,5.53,52.66,3.85,53.25,1.68,51.35
20,318941,Premier League,Manchester City,Rúben Dias,Defender,7.2,0.08,0.02,0.04,0.4,0.16,0.12,20.0,0.12,50.0,0.04,0.04,0.0,0.0,0.08,0.0,0.0,0.0,0.0,0.0,0.0,0.0,0.0,0.0,0.52,0.88,4.6,0.68,0.08,0.0,0.08,0.0,0.0,0.44,0.0,0.0,0.0,0.24,67.52,62.8,4.72,93.01,33.92,28.88,9.16,0.12,33.33,1.88,50.0,25,23,2059,0.12,0.0,0.56,0.36,5.36,0.12,3.28,60.74,0.96,52.17,2.32,65.17
21,885908,Premier League,Chelsea,Reece James,Defender,7.19,0.07,0.04,0.0,0.75,0.21,0.21,9.52,0.39,52.38,0.04,0.04,0.0,0.0,0.07,0.07,0.04,0.0,0.0,0.0,0.0,0.04,0.25,14.29,1.71,1.18,1.46,0.21,0.36,0.04,0.11,0.0,0.0,0.14,0.29,0.14,0.0,0.96,46.43,41.29,5.14,88.92,20.25,21.04,10.64,1.07,24.0,2.0,55.45,28,20,1923,0.14,0.0,0.96,0.75,10.43,0.46,3.96,59.36,2.86,57.14,1.11,65.96
22,861970,Premier League,Everton,Kiernan Dewsbury-Hall,Midfielder,7.19,0.27,0.14,0.1,1.27,0.5,0.43,21.05,0.9,55.1,0.27,0.0,0.0,0.2,0.07,0.03,0.07,0.0,0.0,0.0,0.0,0.0,0.0,0.0,1.7,0.4,0.93,0.1,0.57,0.0,0.03,0.03,0.0,0.17,0.33,0.13,0.0,1.23,33.4,27.63,5.77,82.73,8.4,19.23,12.1,0.67,18.52,0.77,37.1,30,29,2551,0.2,0.0,1.03,1.53,12.77,1.6,4.77,51.07,4.1,51.9,0.67,46.51
23,331737,Premier League,Aston Villa,Youri Tielemans,Midfielder,7.18,0.0,0.05,0.08,0.96,0.25,0.42,0.0,0.38,52.94,0.0,0.0,0.0,0.0,0.0,0.0,0.04,0.0,0.0,0.0,0.0,0.0,0.0,0.0,2.33,0.75,0.75,0.58,0.96,0.0,0.04,0.0,0.0,0.08,0.21,0.17,0.0,1.25,46.33,39.25,7.08,84.71,15.67,23.58,11.67,0.5,27.27,2.5,63.16,24,21,1845,0.0,0.0,1.04,1.71,10.58,0.54,5.29,59.91,4.38,60.69,0.92,56.41
24,1142562,Premier League,West Ham United,Mateus Fernandes,Midfielder,7.18,0.09,0.06,0.03,0.77,0.2,0.26,11.11,0.8,60.87,0.06,0.03,0.03,0.0,0.06,0.03,0.0,0.0,0.0,0.0,0.0,0.0,0.0,0.0,2.8,0.97,1.0,0.34,1.14,0.0,0.11,0.0,0.0,0.11,0.09,0.09,0.0,1.0,43.37,37.97,5.4,87.55,18.49,19.49,9.63,0.34,24.0,3.09,62.43,35,34,2934,0.2,0.0,1.37,1.37,9.17,0.89,5.49,55.65,4.97,56.31,0.51,50.0
25,869856,Premier League,Liverpool FC,Dominik Szoboszlai,Midfielder,7.17,0.17,0.13,0.09,1.97,0.63,0.66,8.7,0.71,52.08,0.06,0.11,0.0,0.03,0.14,0.06,0.06,0.0,0.03,0.0,0.0,0.11,0.4,28.57,1.51,0.83,1.66,0.23,1.11,0.06,0.14,0.0,0.0,0.23,0.34,0.2,0.0,2.11,60.77,53.26,7.51,87.64,21.6,31.66,18.14,1.91,33.67,3.63,61.65,35,35,3143,0.23,0.03,1.14,0.86,14.49,0.74,3.63,45.52,3.09,45.76,0.54,44.19
26,145188,Premier League,Everton,James Tarkowski,Defender,7.17,0.06,0.07,0.11,0.56,0.28,0.11,10.0,0.11,57.14,0.06,0.0,0.03,0.0,0.03,0.0,0.06,0.0,0.0,0.0,0.0,0.0,0.0,0.0,1.39,0.83,6.58,1.39,0.36,0.03,0.19,0.03,0.0,0.31,0.06,0.08,0.03,0.53,42.22,34.0,8.22,80.53,22.31,11.69,4.17,0.06,28.57,2.75,41.08,36,36,3240,0.19,0.0,0.83,0.97,9.03,0.03,6.36,68.36,2.39,66.15,3.97,69.76
27,987650,Premier League,Chelsea,Moisés Caicedo,Midfielder,7.16,0.1,0.04,0.03,0.84,0.23,0.23,11.54,0.45,56.0,0.03,0.06,0.0,0.0,0.1,0.0,0.0,0.0,0.0,0.0,0.0,0.0,0.0,0.0,2.81,1.81,0.9,0.45,0.77,0.03,0.1,0.03,0.0,0.16,0.13,0.03,0.03,0.55,62.58,57.52,5.06,91.91,27.55,29.97,12.13,0.06,28.57,1.87,64.44,31,30,2627,0.35,0.03,1.65,1.58,7.13,0.58,5.29,55.78,4.84,59.52,0.45,33.33
28,889861,Premier League,Leeds United,Anton Stach,Midfielder,7.14,0.17,0.1,0.03,1.9,0.48,0.59,9.09,0.69,47.62,0.03,0.14,0.0,0.03,0.14,0.0,0.0,0.0,0.0,0.0,0.0,0.1,0.28,37.5,2.24,0.69,1.79,0.31,0.83,0.0,0.03,0.03,0.0,0.17,0.31,0.1,0.0,2.17,32.38,25.03,7.34,77.32,9.79,15.24,8.62,1.55,28.66,1.45,53.85,29,28,2378,0.1,0.0,1.24,0.83,14.28,0.9,5.34,53.08,3.69,49.77,1.66,62.34
29,847097,Premier League,Leeds United,Ethan Ampadu,Midfielder,7.14,0.03,0.07,0.09,0.76,0.18,0.26,3.85,0.35,70.59,0.03,0.0,0.0,0.0,0.03,0.0,0.0,0.03,0.0,0.0,0.0,0.0,0.0,0.0,2.32,1.47,2.35,0.5,0.5,0.0,0.12,0.03,0.0,0.18,0.03,0.03,0.03,0.56,49.09,41.88,7.21,85.32,22.15,19.74,8.09,0.26,36.0,2.38,52.26,34,34,3033,0.26,0.0,1.44,1.03,12.5,0.35,5.24,62.24,3.65,62.0,1.59,62.79
30,974505,Premier League,Chelsea,Enzo Fernández,Midfielder,7.13,0.26,0.33,0.26,2.06,0.88,0.59,12.86,0.32,24.44,0.24,0.03,0.03,0.0,0.24,0.12,0.03,0.0,0.06,0.06,100.0,0.03,0.21,14.29,1.5,0.59,0.79,0.03,1.03,0.0,0.0,0.0,0.0,0.15,0.29,0.09,0.03,1.91,56.94,49.35,7.59,86.67,19.47,29.88,16.15,0.47,19.28,2.65,62.07,34,33,2941,0.26,0.0,0.94,1.24,13.53,1.18,3.76,43.54,3.06,42.62,0.71,48.0
31,826204,Premier League,Aston Villa,Boubacar Kamara,Midfielder,7.12,0.06,0.03,0.11,0.39,0.22,0.0,14.29,0.78,45.16,0.0,0.06,0.0,0.06,0.0,0.0,0.0,0.0,0.0,0.0,0.0,0.0,0.0,0.0,2.06,1.0,1.11,0.44,1.06,0.0,0.17,0.0,0.0,0.11,0.0,0.17,0.0,0.83,45.44,40.11,5.33,88.26,18.33,21.78,11.0,0.0,0.0,1.72,67.39,18,17,1418,0.28,0.0,0.94,1.67,8.06,0.83,6.44,56.86,4.44,54.05,2.0,64.29
32,355528,Premier League,Fulham,Harry Wilson,Midfielder,7.12,0.29,0.16,0.03,2.17,0.71,0.71,13.16,0.51,54.55,0.2,0.09,0.0,0.26,0.03,0.03,0.37,0.0,0.0,0.0,0.0,0.03,0.17,16.67,0.8,0.43,1.37,0.09,0.69,0.0,0.06,0.0,0.0,0.11,0.23,0.17,0.0,1.09,21.97,17.86,4.11,81.27,5.77,12.09,7.46,0.91,28.07,1.06,56.92,35,32,2673,0.2,0.0,0.37,1.06,8.71,0.66,2.51,48.09,2.37,52.53,0.14,20.0
33,829932,Premier League,Tottenham Hotspur,Cristian Romero,Defender,7.11,0.17,0.06,0.04,0.74,0.26,0.39,23.53,0.35,80.0,0.17,0.0,0.13,0.0,0.04,0.0,0.04,0.0,0.0,0.0,0.0,0.0,0.0,0.0,2.52,1.3,4.09,0.61,0.48,0.04,0.09,0.0,0.0,0.17,0.17,0.04,0.04,0.52,49.04,42.83,6.22,87.32,29.09,13.74,4.52,0.0,0.0,2.04,48.96,23,22,1872,0.39,0.09,1.39,0.7,7.39,0.26,6.74,66.24,3.57,62.12,3.17,71.57
34,48480,Premier League,Brighton & Hove Albion,Pascal Groß,Midfielder,7.1,0.06,0.07,0.06,0.89,0.44,0.17,6.25,0.39,43.75,0.06,0.0,0.0,0.0,0.06,0.0,0.22,0.0,0.0,0.0,0.0,0.0,0.0,0.0,1.61,0.61,1.28,0.22,1.0,0.0,0.06,0.0,0.0,0.28,0.28,0.17,0.0,2.17,56.39,48.5,7.89,86.01,23.0,25.5,14.22,2.22,34.19,2.0,49.32,18,17,1546,0.11,0.0,0.89,0.67,14.33,0.44,3.39,48.03,2.67,48.98,0.72,44.83
35,1445189,Premier League,Wolverhampton,Tom Edozie,Midfielder,7.1,0.33,0.08,0.0,0.67,0.33,0.33,50.0,0.67,66.67,0.33,0.0,0.0,0.0,0.33,0.0,0.0,0.0,0.0,0.0,0.0,0.0,0.0,0.0,0.33,0.0,0.0,0.0,0.0,0.0,0.0,0.0,0.0,0.0,0.0,0.0,0.0,0.0,2.33,1.67,0.67,71.43,0.67,1.0,0.33,0.0,0.0,0.33,100.0,3,0,26,0.0,0.0,0.0,0.0,1.67,0.67,1.0,50.0,1.0,50.0,0.0,0.0
36,975079,Premier League,Chelsea,João Pedro,Forward,7.1,0.44,0.42,0.32,2.09,0.82,0.65,21.13,1.09,51.39,0.44,0.0,0.09,0.15,0.21,0.0,0.47,0.09,0.0,0.0,0.0,0.0,0.0,0.0,0.76,0.15,0.79,0.15,0.12,0.0,0.0,0.0,0.0,0.09,0.18,0.15,0.0,0.85,19.91,15.15,4.76,76.07,5.09,10.06,5.71,0.03,5.56,0.32,52.38,34,30,2584,0.12,0.0,1.06,1.59,10.97,1.56,5.5,48.32,3.41,48.54,2.09,47.97
37,249859,Premier League,Crystal Palace,Walter Benítez,Goalkeeper,7.1,0.0,0.0,0.0,0.0,0.0,0.0,0.0,0.0,0.0,0.0,0.0,0.0,0.0,0.0,0.0,0.0,0.0,0.0,0.0,0.0,0.0,0.0,0.0,0.0,0.0,1.0,0.0,0.0,0.0,0.0,0.0,0.0,1.0,0.0,0.0,0.0,0.0,27.0,18.0,9.0,66.67,14.0,4.0,2.0,0.0,0.0,5.0,35.71,1,1,90,0.0,0.0,0.0,0.0,9.0,0.0,0.0,0.0,0.0,0.0,0.0,0.0
38,1128801,Premier League,Burnley,Max Weiss,Goalkeeper,7.1,0.0,0.0,0.0,0.0,0.0,0.0,0.0,0.0,0.0,0.0,0.0,0.0,0.0,0.0,0.0,0.0,0.0,0.0,0.0,0.0,0.0,0.0,0.0,0.0,0.0,2.0,0.0,0.0,0.0,0.0,0.0,0.0,0.0,0.0,0.0,0.0,0.0,24.0,9.0,15.0,37.5,6.0,3.0,1.0,0.0,0.0,5.0,25.0,1,1,90,0.0,0.0,0.0,0.0,17.0,0.0,0.0,0.0,0.0,0.0,0.0,0.0
39,101367,Premier League,Wolverhampton,Daniel Bentley,Goalkeeper,7.1,0.0,0.0,0.0,0.0,0.0,0.0,0.0,0.0,0.0,0.0,0.0,0.0,0.0,0.0,0.0,0.0,0.0,0.0,0.0,0.0,0.0,0.0,0.0,0.0,0.0,1.67,0.0,0.0,0.0,0.0,0.0,0.0,0.0,0.0,0.0,0.0,0.0,29.33,14.67,14.67,50.0,11.33,3.33,1.67,0.0,0.0,4.67,24.14,3,3,270,0.0,0.0,0.0,0.67,14.67,0.0,1.0,100.0,0.67,100.0,0.33,100.0
40,125274,Premier League,Nottingham Forest,Stefan Ortega,Goalkeeper,7.1,0.0,0.0,0.0,0.0,0.0,0.0,0.0,0.0,0.0,0.0,0.0,0.0,0.0,0.0,0.0,0.0,0.0,0.0,0.0,0.0,0.0,0.0,0.0,0.0,0.0,0.33,0.0,0.0,0.0,0.0,0.0,0.0,0.33,0.0,0.0,0.0,0.0,22.67,15.67,7.0,69.12,12.33,3.33,1.67,0.0,0.0,7.67,52.27,3,3,270,0.0,0.0,0.0,0.0,7.0,0.0,0.33,100.0,0.0,0.0,0.33,100.0
41,101882,Premier League,Newcastle United,Fabian Schär,Defender,7.1,0.0,0.06,0.12,1.06,0.25,0.56,0.0,0.0,0.0,0.0,0.0,0.0,0.0,0.0,0.06,0.06,0.0,0.0,0.0,0.0,0.0,0.12,0.0,0.88,1.12,4.44,0.75,0.38,0.0,0.19,0.0,0.0,0.25,0.0,0.0,0.0,0.25,49.75,42.0,7.75,84.42,27.0,15.0,4.88,0.06,25.0,4.44,46.1,16,11,1091,0.06,0.0,0.94,0.38,8.62,0.06,4.12,57.89,1.25,48.78,2.88,63.01
42,1168513,Premier League,Manchester City,Max Alleyne,Defender,7.1,0.0,0.13,0.5,1.0,0.5,0.5,0.0,1.5,75.0,0.0,0.0,0.0,0.0,0.0,0.0,0.0,0.0,0.0,0.0,0.0,0.0,0.0,0.0,1.5,2.0,2.0,0.0,0.0,0.0,0.0,0.0,0.0,0.0,0.0,0.0,0.0,0.5,64.0,60.0,4.0,93.75,31.5,28.5,6.5,0.0,0.0,4.0,80.0,2,2,135,0.0,0.0,0.0,0.0,5.5,0.5,4.5,81.82,3.0,75.0,1.5,100.0
43,859999,Premier League,Manchester United,Lisandro Martínez,Defender,7.09,0.0,0.01,0.0,0.29,0.0,0.12,0.0,0.82,87.5,0.0,0.0,0.0,0.0,0.0,0.0,0.0,0.0,0.0,0.0,0.0,0.0,0.0,0.0,1.06,0.71,3.47,0.71,0.18,0.0,0.06,0.0,0.06,0.18,0.06,0.0,0.0,0.29,52.35,47.12,5.24,90.0,26.59,20.53,6.47,0.06,50.0,2.47,46.67,17,12,1147,0.0,0.06,0.53,0.12,6.0,0.12,2.71,66.67,2.0,68.0,0.71,63.16
44,1464966,Premier League,Bournemouth,Rayan,Midfielder,7.09,0.38,0.17,0.0,1.92,0.62,0.62,20.0,0.85,37.93,0.31,0.08,0.08,0.08,0.23,0.15,0.08,0.0,0.0,0.0,0.0,0.0,0.0,0.0,0.77,0.46,1.0,0.0,0.54,0.0,0.0,0.08,0.0,0.08,0.23,0.15,0.0,1.0,21.08,16.46,4.62,78.1,4.92,11.54,6.54,0.23,14.29,0.69,60.0,13,11,962,0.08,0.0,0.54,0.38,10.38,0.77,3.77,41.18,2.0,38.81,1.77,44.23
45,886363,Premier League,Manchester United,Matheus Cunha,Forward,7.09,0.3,0.21,0.12,2.73,1.06,0.7,11.11,1.33,48.35,0.24,0.06,0.0,0.03,0.27,0.09,0.06,0.06,0.0,0.0,0.0,0.0,0.0,0.0,1.18,0.64,0.67,0.09,0.55,0.0,0.0,0.0,0.0,0.09,0.12,0.06,0.03,1.06,26.67,21.45,5.21,80.45,7.21,14.24,8.58,0.33,22.0,0.67,52.38,33,29,2503,0.12,0.0,0.82,1.64,12.42,1.61,4.97,46.46,4.12,48.75,0.85,37.84
46,1104986,Premier League,Bournemouth,Alex Scott,Midfielder,7.07,0.08,0.11,0.06,1.22,0.36,0.47,6.82,0.78,54.9,0.06,0.03,0.0,0.06,0.03,0.03,0.03,0.0,0.0,0.0,0.0,0.0,0.06,0.0,1.61,1.0,2.08,0.42,0.64,0.0,0.03,0.03,0.0,0.17,0.11,0.03,0.03,0.75,37.39,31.69,5.69,84.77,15.5,16.19,7.22,0.39,16.87,1.47,42.4,36,33,2769,0.14,0.0,1.25,1.67,10.36,0.72,5.0,55.38,4.03,55.56,0.97,54.69
47,1109771,Premier League,Crystal Palace,Adam Wharton,Midfielder,7.07,0.03,0.05,0.0,0.97,0.18,0.33,3.13,0.45,51.72,0.0,0.03,0.0,0.03,0.0,0.06,0.0,0.0,0.0,0.0,0.0,0.0,0.0,0.0,2.12,0.82,1.27,0.09,1.3,0.0,0.06,0.03,0.0,0.15,0.42,0.15,0.0,1.33,37.18,29.45,7.73,79.22,12.64,16.82,8.39,0.85,31.46,2.06,48.23,33,29,2545,0.12,0.03,1.06,0.91,12.06,0.82,4.21,48.43,3.48,49.57,0.73,43.64
48,994363,Premier League,Brighton & Hove Albion,Bart Verbruggen,Goalkeeper,7.06,0.0,0.0,0.0,0.0,0.0,0.0,0.0,0.03,100.0,0.0,0.0,0.0,0.0,0.0,0.0,0.0,0.0,0.0,0.0,0.0,0.0,0.0,0.0,0.03,0.0,0.84,0.0,0.05,0.11,0.05,0.03,0.03,0.27,0.0,0.0,0.0,0.03,40.86,30.97,9.89,75.79,28.24,2.73,1.32,0.0,0.0,5.16,34.6,37,37,3330,0.08,0.0,0.05,0.08,10.08,0.0,0.43,76.19,0.14,55.56,0.3,91.67
49,826215,Premier League,Liverpool FC,Ibrahima Konaté,Defender,7.06,0.03,0.03,0.06,0.29,0.09,0.11,10.0,0.14,71.43,0.03,0.0,0.0,0.0,0.03,0.0,0.0,0.0,0.0,0.0,0.0,0.0,0.0,0.0,1.49,0.83,5.34,0.69,0.29,0.0,0.09,0.03,0.0,0.23,0.06,0.0,0.0,0.2,60.23,53.97,6.26,89.61,31.91,22.06,6.86,0.03,33.33,1.8,45.99,35,35,3011,0.17,0.0,0.91,1.14,7.26,0.14,6.09,68.49,2.69,66.2,3.4,70.41
50,914902,Premier League,Newcastle United,Anthony Gordon,Forward,7.05,0.23,0.34,0.35,1.85,0.77,0.65,12.5,1.27,47.14,0.23,0.0,0.0,0.0,0.23,0.08,0.19,0.04,0.12,0.12,100.0,0.0,0.0,0.0,0.73,0.12,0.5,0.0,0.46,0.04,0.04,0.0,0.0,0.08,0.19,0.08,0.0,1.0,19.88,16.27,3.62,81.82,4.46,11.81,7.81,0.58,21.43,0.65,65.38,26,24,1817,0.12,0.04,0.5,1.54,10.0,1.0,3.85,46.95,3.54,51.4,0.31,23.53
51,352770,Premier League,Fulham,Alex Iwobi,Midfielder,7.05,0.14,0.06,0.0,1.18,0.5,0.21,12.12,0.57,39.02,0.07,0.07,0.0,0.04,0.11,0.0,0.04,0.0,0.0,0.0,0.0,0.0,0.0,0.0,0.93,0.46,0.64,0.11,0.32,0.0,0.04,0.0,0.0,0.04,0.14,0.11,0.0,1.46,49.25,42.04,7.21,85.35,19.54,22.5,12.86,1.07,34.48,2.54,63.39,28,28,2344,0.11,0.0,0.25,0.36,12.71,0.82,2.07,44.62,1.82,44.35,0.25,46.67
52,923973,Premier League,Aston Villa,Amadou Onana,Midfielder,7.05,0.08,0.07,0.17,0.79,0.29,0.33,10.53,0.29,53.85,0.04,0.04,0.04,0.0,0.04,0.04,0.0,0.0,0.0,0.0,0.0,0.0,0.0,0.0,1.96,1.04,2.42,0.71,0.46,0.04,0.04,0.0,0.0,0.12,0.0,0.0,0.0,0.29,35.04,30.58,4.46,87.28,16.04,14.54,5.79,0.0,0.0,1.75,64.62,24,21,1759,0.12,0.0,0.83,1.04,6.04,0.42,5.04,63.68,3.17,62.3,1.88,66.18
53,904897,Premier League,Liverpool FC,Ryan Gravenberch,Midfielder,7.05,0.14,0.05,0.0,1.03,0.34,0.31,13.89,0.89,57.41,0.06,0.09,0.0,0.03,0.11,0.03,0.0,0.0,0.0,0.0,0.0,0.0,0.0,0.0,1.6,1.34,1.49,0.34,0.49,0.0,0.11,0.0,0.0,0.26,0.11,0.09,0.0,0.8,52.2,46.43,5.77,88.94,19.06,27.37,13.06,0.0,0.0,0.66,31.94,35,33,2913,0.14,0.0,1.03,1.17,9.14,0.71,4.43,56.36,3.66,56.39,0.77,56.25
54,966837,Premier League,Arsenal,Martín Zubimendi,Midfielder,7.05,0.14,0.08,0.06,0.75,0.25,0.28,18.52,0.19,46.67,0.08,0.06,0.06,0.0,0.08,0.06,0.03,0.0,0.0,0.0,0.0,0.0,0.0,0.0,1.86,1.08,2.08,0.14,0.58,0.06,0.08,0.0,0.0,0.28,0.03,0.03,0.0,0.5,51.64,45.25,6.39,87.63,20.31,24.94,11.0,0.06,18.18,1.42,47.22,36,33,2910,0.11,0.0,0.89,0.39,8.19,0.28,4.19,59.68,2.39,55.48,1.81,66.33
55,1014286,Premier League,Newcastle United,Malick Thiaw,Defender,7.04,0.12,0.14,0.18,0.82,0.41,0.18,14.29,0.24,100.0,0.12,0.0,0.06,0.03,0.03,0.0,0.06,0.0,0.0,0.0,0.0,0.0,0.0,0.0,1.26,0.85,5.35,0.94,0.35,0.06,0.12,0.03,0.0,0.12,0.03,0.0,0.0,0.18,47.76,42.79,4.97,89.59,26.65,16.15,5.5,0.03,12.5,2.47,59.57,34,32,2874,0.12,0.0,0.68,0.29,5.59,0.09,5.09,64.79,1.76,63.16,3.32,65.7
56,859765,Premier League,Manchester City,Phil Foden,Midfielder,7.03,0.23,0.21,0.19,1.77,0.61,0.55,12.73,0.71,52.38,0.16,0.06,0.06,0.13,0.03,0.03,0.06,0.0,0.0,0.0,0.0,0.0,0.06,0.0,1.1,0.29,0.39,0.1,0.45,0.0,0.06,0.0,0.0,0.23,0.32,0.16,0.03,1.68,36.97,32.65,4.32,88.31,11.45,21.19,11.32,1.26,33.91,1.45,63.38,31,22,1983,0.13,0.0,0.58,1.0,9.71,0.94,3.0,49.21,2.81,52.1,0.19,27.27
57,824509,Premier League,Manchester City,Gianluigi Donnarumma,Goalkeeper,7.03,0.0,0.0,0.0,0.0,0.0,0.0,0.0,0.06,100.0,0.0,0.0,0.0,0.0,0.0,0.0,0.0,0.0,0.0,0.0,0.0,0.0,0.0,0.0,0.0,0.03,1.24,0.0,0.03,0.06,0.09,0.0,0.0,0.45,0.0,0.0,0.0,0.03,25.97,20.85,5.12,80.28,19.15,1.7,0.42,0.0,0.0,3.79,43.4,33,33,2970,0.21,0.0,0.0,0.09,5.3,0.0,0.64,91.3,0.15,83.33,0.48,94.12
58,934354,Premier League,Manchester City,Antoine Semenyo,Midfielder,7.03,0.46,0.31,0.2,2.31,1.11,0.8,19.75,1.6,45.16,0.34,0.11,0.0,0.17,0.29,0.09,0.51,0.0,0.06,0.03,50.0,0.03,0.06,50.0,1.29,0.34,0.83,0.2,0.57,0.0,0.06,0.03,0.0,0.31,0.23,0.11,0.0,1.06,25.51,20.34,5.17,79.73,5.6,14.74,9.09,0.23,16.67,0.74,50.0,35,35,3086,0.2,0.0,1.57,0.6,14.34,1.74,5.17,40.86,3.49,37.77,1.69,49.17
59,827362,Premier League,Brentford,Caoimhin Kelleher,Goalkeeper,7.03,0.0,0.0,0.0,0.0,0.0,0.0,0.0,0.08,100.0,0.0,0.0,0.0,0.0,0.0,0.0,0.0,0.0,0.0,0.0,0.0,0.0,0.0,0.0,0.03,0.03,1.22,0.0,0.03,0.06,0.03,0.08,0.0,0.28,0.0,0.0,0.03,0.08,34.94,22.94,12.0,65.66,18.19,4.75,1.42,0.0,0.0,6.75,36.11,36,36,3240,0.03,0.0,0.08,0.17,12.28,0.0,0.42,71.43,0.25,69.23,0.17,75.0
60,964753,Premier League,Manchester United,Senne Lammens,Goalkeeper,7.02,0.0,0.0,0.0,0.0,0.0,0.0,0.0,0.0,0.0,0.0,0.0,0.0,0.0,0.0,0.0,0.0,0.0,0.0,0.0,0.0,0.0,0.0,0.0,0.03,0.0,0.84,0.0,0.03,0.03,0.0,0.0,0.0,0.23,0.0,0.0,0.0,0.0,29.42,17.52,11.9,59.54,12.77,4.74,1.19,0.0,0.0,6.0,33.82,31,31,2790,0.0,0.0,0.0,0.13,12.19,0.0,0.35,91.67,0.13,80.0,0.23,100.0
61,829022,Premier League,West Ham United,Konstantinos Mavropanos,Defender,7.02,0.1,0.08,0.1,0.77,0.27,0.4,13.04,0.07,100.0,0.1,0.0,0.07,0.0,0.03,0.0,0.07,0.0,0.0,0.0,0.0,0.0,0.0,0.0,1.3,1.6,6.17,0.97,0.4,0.0,0.07,0.0,0.07,0.17,0.0,0.0,0.0,0.13,37.77,31.13,6.63,82.44,19.77,11.37,3.1,0.03,33.33,2.8,44.68,30,26,2445,0.07,0.0,0.4,0.3,7.53,0.07,4.3,66.49,1.63,65.33,2.67,67.23
62,941168,Premier League,Arsenal,William Saliba,Defender,7.02,0.03,0.03,0.07,0.17,0.03,0.1,20.0,0.23,70.0,0.03,0.0,0.03,0.0,0.0,0.0,0.03,0.0,0.0,0.0,0.0,0.0,0.0,0.0,1.17,0.57,4.2,0.23,0.2,0.0,0.07,0.0,0.0,0.47,0.03,0.0,0.0,0.33,68.03,63.2,4.83,92.9,40.53,22.67,8.47,0.13,44.44,1.9,50.89,30,29,2525,0.07,0.0,0.73,0.53,5.97,0.3,4.17,56.56,1.93,59.18,2.23,54.47
63,362682,Premier League,Fulham,Joachim Andersen,Defender,7.02,0.0,0.04,0.06,0.48,0.12,0.27,0.0,0.18,85.71,0.0,0.0,0.0,0.0,0.0,0.03,0.0,0.0,0.0,0.0,0.0,0.0,0.0,0.0,1.36,1.09,6.94,0.58,0.48,0.06,0.03,0.0,0.0,0.24,0.09,0.03,0.0,0.21,68.94,59.33,9.61,86.07,40.03,19.3,6.88,0.12,26.67,5.03,45.86,33,33,2884,0.21,0.03,0.94,0.39,10.67,0.09,4.27,63.23,1.88,54.87,2.39,71.82
64,1156586,Premier League,Bournemouth,James Hill,Defender,7.01,0.0,0.03,0.04,0.41,0.07,0.3,0.0,0.07,100.0,0.0,0.0,0.0,0.0,0.0,0.04,0.07,0.0,0.0,0.0,0.0,0.0,0.0,0.0,1.41,1.33,5.78,0.52,0.44,0.0,0.07,0.0,0.07,0.22,0.07,0.11,0.0,0.44,34.41,26.52,7.89,77.07,17.96,8.56,2.78,0.07,18.18,1.81,30.43,27,20,1940,0.11,0.0,0.48,0.44,11.22,0.19,5.85,65.56,1.85,63.29,4.0,66.67
65,964994,Premier League,Manchester City,Joško Gvardiol,Defender,7.01,0.12,0.14,0.12,1.0,0.35,0.41,11.76,0.12,33.33,0.12,0.0,0.06,0.0,0.06,0.06,0.0,0.0,0.0,0.0,0.0,0.0,0.0,0.0,1.06,0.88,3.53,0.59,0.06,0.0,0.12,0.06,0.0,0.29,0.06,0.12,0.12,0.35,60.71,54.24,6.47,89.34,25.59,28.65,11.88,0.06,50.0,2.24,49.35,17,16,1362,0.12,0.0,0.94,0.41,7.88,0.24,3.24,53.92,1.59,52.94,1.65,54.9
66,123689,Premier League,Leeds United,Karl Darlow,Goalkeeper,7.01,0.0,0.0,0.0,0.0,0.0,0.0,0.0,0.05,100.0,0.0,0.0,0.0,0.0,0.0,0.0,0.0,0.0,0.0,0.0,0.0,0.0,0.0,0.0,0.05,0.0,1.38,0.0,0.0,0.0,0.05,0.0,0.0,0.24,0.0,0.0,0.0,0.0,38.43,22.33,16.1,58.12,16.76,5.57,2.38,0.0,0.0,7.76,33.13,21,21,1890,0.05,0.0,0.0,0.33,16.24,0.0,0.62,100.0,0.33,100.0,0.29,100.0
67,138530,Premier League,Everton,Jordan Pickford,Goalkeeper,7.01,0.0,0.0,0.0,0.0,0.0,0.0,0.0,0.0,0.0,0.0,0.0,0.0,0.0,0.0,0.0,0.0,0.0,0.0,0.0,0.0,0.0,0.0,0.0,0.05,0.0,1.32,0.0,0.03,0.08,0.0,0.03,0.0,0.3,0.03,0.0,0.0,0.05,37.73,23.14,14.59,61.32,16.05,7.08,3.89,0.0,0.0,9.57,39.78,37,37,3330,0.11,0.0,0.03,0.16,14.84,0.0,0.35,76.47,0.22,80.0,0.14,71.43
68,364612,Premier League,Tottenham Hotspur,João Palhinha,Midfielder,7.01,0.13,0.07,0.0,0.9,0.26,0.26,14.29,0.29,42.86,0.1,0.03,0.0,0.0,0.13,0.03,0.0,0.0,0.0,0.0,0.0,0.0,0.0,0.0,3.35,0.87,1.65,0.35,0.74,0.0,0.06,0.0,0.0,0.1,0.03,0.06,0.0,0.19,30.52,24.74,5.77,81.08,13.84,10.9,3.9,0.0,0.0,1.19,39.78,31,21,2039,0.23,0.0,0.77,1.0,8.19,0.87,5.77,61.94,4.65,62.61,1.13,59.32
69,907072,Premier League,Brentford,Mikkel Damsgaard,Midfielder,7.01,0.12,0.08,0.09,0.91,0.34,0.41,13.79,0.53,34.0,0.12,0.0,0.03,0.0,0.09,0.03,0.12,0.0,0.0,0.0,0.0,0.0,0.03,0.0,1.78,0.78,0.5,0.09,1.41,0.03,0.03,0.0,0.0,0.09,0.38,0.12,0.0,1.25,29.28,22.31,6.97,76.2,6.84,15.47,9.5,0.81,27.66,1.12,40.0,32,24,2060,0.0,0.0,0.59,0.72,13.16,1.03,3.56,42.38,3.0,42.86,0.56,40.0
70,982780,Premier League,Chelsea,Cole Palmer,Midfielder,7.01,0.38,0.42,0.21,2.42,0.92,0.67,15.52,0.92,35.48,0.38,0.0,0.0,0.38,0.0,0.0,0.08,0.0,0.25,0.21,83.33,0.0,0.21,0.0,1.0,0.62,0.5,0.0,0.42,0.0,0.04,0.0,0.0,0.08,0.12,0.04,0.04,1.0,31.79,27.12,4.67,85.32,8.96,18.17,11.83,0.21,14.71,1.42,66.67,24,22,1786,0.17,0.0,0.54,1.38,11.04,1.38,3.29,44.63,3.29,45.4,0.0,0.0
71,979563,Premier League,Everton,Jarrad Branthwaite,Defender,7.01,0.1,0.03,0.0,0.6,0.2,0.3,16.67,0.0,0.0,0.1,0.0,0.1,0.0,0.0,0.0,0.1,0.1,0.0,0.0,0.0,0.0,0.0,0.0,1.3,1.1,4.1,0.2,0.3,0.0,0.2,0.0,0.0,0.0,0.1,0.0,0.0,0.3,35.1,29.4,5.7,83.76,14.7,14.7,6.6,0.0,0.0,2.1,53.85,10,7,689,0.1,0.0,0.3,0.1,7.6,0.2,4.4,68.75,1.4,53.85,3.0,78.95
72,917005,Premier League,West Ham United,Crysencio Summerville,Midfielder,7.0,0.17,0.17,0.23,1.77,0.5,0.6,9.43,1.6,48.0,0.17,0.0,0.03,0.03,0.1,0.03,0.2,0.03,0.0,0.0,0.0,0.0,0.0,0.0,1.37,0.53,1.0,0.13,0.43,0.0,0.03,0.0,0.0,0.13,0.13,0.03,0.0,0.87,20.27,16.8,3.47,82.89,6.0,10.8,6.27,0.43,23.64,0.3,60.0,30,28,2390,0.2,0.0,1.63,2.23,10.63,1.23,5.43,50.0,5.2,51.32,0.23,31.82
73,910046,Premier League,Newcastle United,Sven Botman,Defender,7.0,0.04,0.07,0.04,0.62,0.17,0.29,6.67,0.17,100.0,0.04,0.0,0.04,0.0,0.0,0.04,0.0,0.0,0.0,0.0,0.0,0.0,0.0,0.0,0.88,1.08,5.58,1.0,0.12,0.0,0.17,0.04,0.04,0.17,0.12,0.04,0.0,0.33,46.42,40.29,6.12,86.8,30.08,10.21,1.71,0.0,0.0,1.88,43.27,24,20,1748,0.08,0.0,0.5,0.79,7.0,0.21,5.08,66.3,1.79,69.35,3.29,64.75
74,1881902,Premier League,Liverpool FC,Rio Ngumoha,Forward,7.0,0.11,0.07,0.0,0.78,0.33,0.28,14.29,1.67,69.77,0.11,0.0,0.0,0.0,0.11,0.11,0.0,0.0,0.0,0.0,0.0,0.0,0.0,0.0,0.17,0.17,0.17,0.06,0.17,0.0,0.0,0.0,0.0,0.0,0.17,0.06,0.0,0.83,9.78,8.44,1.33,86.36,1.44,7.0,5.56,0.39,41.18,0.17,50.0,18,4,509,0.0,0.0,0.17,0.56,4.33,0.5,2.39,56.58,2.39,60.56,0.0,0.0
75,1099795,Premier League,Sunderland,Melker Ellborg,Goalkeeper,7.0,0.0,0.0,0.0,0.0,0.0,0.0,0.0,0.33,100.0,0.0,0.0,0.0,0.0,0.0,0.0,0.0,0.0,0.0,0.0,0.0,0.0,0.0,0.0,0.0,0.0,2.0,0.0,0.0,0.0,0.0,0.0,0.0,0.33,0.0,0.0,0.0,0.0,32.67,15.33,17.33,46.94,13.0,2.33,0.67,0.0,0.0,4.33,20.31,3,3,270,0.0,0.0,0.0,0.33,17.33,0.0,0.67,100.0,0.67,100.0,0.0,0.0
76,1012928,Premier League,Sunderland,Robin Roefs,Goalkeeper,6.99,0.0,0.0,0.0,0.0,0.0,0.0,0.0,0.03,100.0,0.0,0.0,0.0,0.0,0.0,0.0,0.0,0.0,0.0,0.0,0.0,0.0,0.0,0.0,0.0,0.0,1.09,0.0,0.06,0.09,0.09,0.0,0.0,0.29,0.03,0.0,0.0,0.12,38.03,24.24,13.79,63.73,19.74,4.5,2.44,0.0,0.0,5.79,29.8,34,34,3060,0.12,0.0,0.0,0.38,14.09,0.0,1.0,94.44,0.29,83.33,0.71,100.0
77,827679,Premier League,Aston Villa,Ezri Konsa,Defender,6.99,0.0,0.04,0.03,0.32,0.06,0.15,0.0,0.24,66.67,0.0,0.0,0.0,0.0,0.0,0.03,0.0,0.0,0.0,0.0,0.0,0.0,0.0,0.0,0.65,0.68,3.59,0.85,0.12,0.03,0.09,0.0,0.0,0.24,0.03,0.0,0.0,0.15,61.71,58.91,2.79,95.47,39.32,19.59,5.21,0.03,20.0,1.79,61.0,34,34,3036,0.0,0.03,0.32,1.18,3.74,0.18,2.94,67.11,2.0,73.12,0.94,57.14
78,552884,Premier League,West Ham United,Jarrod Bowen,Midfielder,6.99,0.22,0.19,0.14,2.08,0.73,0.59,10.39,1.41,45.61,0.16,0.05,0.03,0.16,0.03,0.05,0.46,0.0,0.03,0.03,100.0,0.0,0.03,0.0,1.32,0.73,1.03,0.19,0.68,0.0,0.0,0.0,0.0,0.16,0.38,0.27,0.0,1.16,21.08,15.57,5.51,73.85,4.22,11.35,6.7,0.7,18.18,0.43,36.36,37,37,3315,0.14,0.0,0.51,1.27,15.08,2.03,4.86,43.48,4.0,45.26,0.86,36.78
79,547410,Premier League,Arsenal,Martin Ødegaard,Midfielder,6.99,0.04,0.04,0.0,0.91,0.35,0.39,4.76,0.39,37.5,0.0,0.04,0.0,0.04,0.0,0.0,0.09,0.0,0.0,0.0,0.0,0.0,0.0,0.0,0.83,0.3,0.26,0.0,0.48,0.0,0.04,0.0,0.0,0.13,0.26,0.26,0.04,1.7,32.78,27.65,5.13,84.35,8.7,18.96,11.96,0.26,27.27,1.57,53.73,23,15,1281,0.0,0.0,0.39,0.3,8.04,0.52,1.65,42.22,1.52,42.68,0.13,37.5
80,843754,Premier League,Nottingham Forest,Ibrahim Sangaré,Midfielder,6.98,0.07,0.04,0.04,0.59,0.19,0.33,12.5,0.41,50.0,0.04,0.04,0.0,0.0,0.07,0.04,0.0,0.0,0.0,0.0,0.0,0.0,0.0,0.0,2.19,0.78,1.81,0.59,0.81,0.0,0.11,0.07,0.0,0.26,0.07,0.07,0.0,0.44,34.07,29.59,4.48,86.85,14.11,15.48,6.48,0.0,0.0,1.37,55.22,27,24,2015,0.19,0.0,1.44,0.67,6.81,0.52,4.07,49.55,3.22,50.58,0.85,46.0
81,42209,Premier League,Burnley,Martin Dúbravka,Goalkeeper,6.98,0.0,0.0,0.0,0.0,0.0,0.0,0.0,0.0,0.0,0.0,0.0,0.0,0.0,0.0,0.0,0.0,0.0,0.0,0.0,0.0,0.0,0.0,0.0,0.03,0.0,1.69,0.0,0.03,0.06,0.0,0.0,0.0,0.11,0.0,0.0,0.0,0.0,34.4,20.03,14.37,58.22,14.31,5.71,1.94,0.0,0.0,7.2,33.78,35,35,3150,0.03,0.0,0.0,0.23,14.57,0.0,0.83,85.29,0.2,87.5,0.63,84.62
82,864921,Premier League,Arsenal,Eberechi Eze,Midfielder,6.97,0.23,0.14,0.03,1.9,0.55,0.58,11.86,0.9,58.33,0.19,0.03,0.0,0.03,0.19,0.03,0.03,0.0,0.0,0.0,0.0,0.0,0.03,0.0,0.58,0.32,0.32,0.03,0.23,0.0,0.03,0.0,0.0,0.06,0.13,0.06,0.0,0.48,20.1,16.97,3.13,84.43,5.39,11.58,6.94,0.06,16.67,0.52,43.24,31,21,1812,0.03,0.0,0.52,1.16,5.81,0.74,2.94,51.12,2.65,56.16,0.29,28.13
83,788784,Premier League,Brighton & Hove Albion,Olivier Boscagli,Defender,6.97,0.0,0.0,0.0,0.08,0.0,0.08,0.0,0.17,100.0,0.0,0.0,0.0,0.0,0.0,0.0,0.0,0.0,0.0,0.0,0.0,0.0,0.0,0.0,1.33,1.5,3.5,0.17,0.42,0.0,0.0,0.0,0.0,0.25,0.0,0.08,0.0,0.33,62.83,54.33,8.5,86.47,33.75,20.58,7.58,0.42,33.33,2.67,41.03,12,9,819,0.17,0.0,0.58,0.92,10.08,0.08,3.83,63.89,2.42,69.05,1.42,56.67
84,1199282,Premier League,Nottingham Forest,Murillo,Defender,6.97,0.04,0.03,0.0,0.44,0.16,0.08,9.09,0.36,64.29,0.04,0.0,0.0,0.04,0.0,0.0,0.0,0.0,0.0,0.0,0.0,0.0,0.08,0.0,1.4,1.36,5.2,0.96,0.24,0.0,0.08,0.0,0.08,0.24,0.04,0.0,0.0,0.32,45.28,37.84,7.44,83.57,24.44,13.4,5.2,0.0,0.0,3.28,48.81,25,25,2133,0.2,0.0,0.92,0.28,8.92,0.36,2.96,53.62,2.0,54.35,0.96,52.17
85,799251,Premier League,Brentford,Mathias Jensen,Midfielder,6.96,0.09,0.06,0.06,0.8,0.23,0.29,10.71,0.54,54.29,0.03,0.06,0.0,0.0,0.09,0.03,0.06,0.0,0.0,0.0,0.0,0.0,0.06,0.0,1.14,0.6,1.03,0.11,0.97,0.0,0.06,0.0,0.0,0.11,0.31,0.03,0.06,0.91,31.2,25.17,6.03,80.68,9.97,15.2,8.46,1.06,29.6,2.71,54.6,35,25,2194,0.09,0.0,0.54,0.37,11.4,0.66,2.29,41.67,2.06,43.9,0.23,28.57
86,1194333,Premier League,Manchester City,Abdukodir Khusanov,Defender,6.96,0.0,0.03,0.05,0.3,0.05,0.25,0.0,0.35,77.78,0.0,0.0,0.0,0.0,0.0,0.0,0.0,0.0,0.0,0.0,0.0,0.0,0.0,0.0,1.3,1.55,2.7,0.45,0.15,0.0,0.05,0.0,0.0,0.25,0.0,0.0,0.0,0.3,49.9,45.85,4.05,91.88,25.4,20.45,6.15,0.05,33.33,1.95,53.42,20,14,1339,0.1,0.0,0.65,0.3,5.4,0.1,2.7,60.67,1.95,66.1,0.75,50.0
87,158263,Premier League,Aston Villa,Emiliano Martínez,Goalkeeper,6.96,0.0,0.0,0.0,0.0,0.0,0.0,0.0,0.0,0.0,0.0,0.0,0.0,0.0,0.0,0.0,0.0,0.0,0.0,0.0,0.0,0.0,0.0,0.0,0.0,0.0,0.84,0.0,0.0,0.09,0.06,0.0,0.0,0.22,0.06,0.03,0.0,0.06,37.84,27.91,9.94,73.74,23.75,4.16,1.59,0.0,0.0,5.47,36.01,32,32,2835,0.06,0.0,0.0,0.53,10.19,0.0,0.88,96.55,0.38,100.0,0.5,94.12
88,780014,Premier League,Sunderland,Nordi Mukiele,Defender,6.96,0.1,0.06,0.1,0.74,0.13,0.35,13.04,0.39,46.15,0.06,0.03,0.03,0.03,0.03,0.0,0.1,0.0,0.0,0.0,0.0,0.0,0.0,0.0,2.16,1.16,4.87,0.29,0.39,0.03,0.06,0.0,0.03,0.26,0.23,0.13,0.0,0.74,37.1,29.23,7.87,78.78,15.9,13.32,6.23,0.45,16.87,1.45,39.13,31,31,2697,0.16,0.0,1.03,0.77,16.13,0.48,5.68,58.67,3.19,57.56,2.48,60.16
89,945122,Premier League,Manchester City,Matheus Nunes,Defender,6.95,0.03,0.01,0.0,0.21,0.06,0.12,14.29,0.73,47.06,0.03,0.0,0.0,0.0,0.03,0.0,0.12,0.03,0.0,0.0,0.0,0.0,0.0,0.0,1.7,0.88,2.97,0.24,0.58,0.03,0.06,0.03,0.0,0.36,0.18,0.15,0.0,0.85,63.67,56.67,7.0,89.01,22.52,34.15,17.91,0.48,24.62,1.79,50.86,33,31,2775,0.15,0.0,0.52,0.88,11.97,0.52,4.52,58.66,3.3,58.29,1.21,59.7
90,1088897,Premier League,Sunderland,Jenson Seelt,Defender,6.95,0.0,0.0,0.0,0.0,0.0,0.0,0.0,0.0,0.0,0.0,0.0,0.0,0.0,0.0,0.0,0.0,0.0,0.0,0.0,0.0,0.0,0.0,0.0,2.0,0.0,3.5,0.5,0.5,0.0,0.0,0.0,0.0,0.0,0.0,0.0,0.0,0.0,54.5,48.0,6.5,88.07,27.5,20.5,4.5,0.0,0.0,1.0,25.0,2,1,134,0.0,0.0,0.5,0.5,7.5,0.5,5.0,71.43,2.5,62.5,2.5,83.33
91,115365,Premier League,Brighton & Hove Albion,Lewis Dunk,Defender,6.95,0.03,0.05,0.0,0.75,0.09,0.5,4.17,0.12,100.0,0.03,0.0,0.03,0.0,0.0,0.0,0.03,0.03,0.0,0.0,0.0,0.0,0.09,0.0,1.03,0.94,4.34,0.84,0.62,0.03,0.06,0.03,0.0,0.22,0.03,0.0,0.0,0.22,75.34,69.41,5.94,92.12,50.88,18.53,5.56,0.03,20.0,2.47,47.02,32,30,2754,0.31,0.0,0.44,0.31,6.72,0.12,3.84,58.57,1.47,55.95,2.38,60.32
92,803031,Premier League,Manchester United,Matthijs de Ligt,Defender,6.95,0.08,0.11,0.08,0.85,0.23,0.38,9.09,0.08,50.0,0.08,0.0,0.08,0.0,0.0,0.0,0.0,0.0,0.0,0.0,0.0,0.0,0.0,0.0,1.46,1.15,5.23,0.54,0.46,0.0,0.08,0.0,0.0,0.08,0.15,0.0,0.0,0.23,47.08,41.31,5.77,87.75,30.46,10.85,2.69,0.31,80.0,1.62,47.73,13,13,1170,0.0,0.0,0.46,0.38,6.85,0.08,5.69,62.71,1.85,64.86,3.85,61.73
93,870360,Premier League,Crystal Palace,Daniel Muñoz,Midfielder,6.95,0.14,0.09,0.0,0.93,0.43,0.25,15.38,0.07,13.33,0.11,0.04,0.04,0.0,0.11,0.0,0.29,0.0,0.0,0.0,0.0,0.0,0.0,0.0,2.64,0.93,3.46,0.04,0.75,0.0,0.07,0.0,0.0,0.36,0.29,0.11,0.04,1.0,28.93,22.86,6.07,79.01,10.5,12.36,6.61,0.5,22.58,0.89,36.23,28,28,2358,0.25,0.0,1.21,0.64,10.39,0.25,4.93,52.27,3.36,55.95,1.57,45.83
94,135666,Premier League,Arsenal,Leandro Trossard,Forward,6.95,0.2,0.18,0.27,1.7,0.5,0.6,11.76,0.77,43.4,0.13,0.07,0.0,0.03,0.17,0.13,0.17,0.0,0.0,0.0,0.0,0.0,0.0,0.0,0.9,0.3,0.47,0.1,0.6,0.0,0.03,0.0,0.0,0.13,0.27,0.2,0.0,1.17,24.2,18.5,5.7,76.45,4.5,14.0,8.93,0.47,24.56,1.03,41.89,30,20,1917,0.07,0.0,0.43,1.3,11.17,1.27,3.13,46.08,2.93,47.31,0.2,33.33
95,954056,Premier League,Manchester City,Nico González,Midfielder,6.95,0.04,0.02,0.0,0.54,0.08,0.12,7.69,0.5,70.59,0.0,0.04,0.0,0.0,0.04,0.0,0.0,0.0,0.0,0.0,0.0,0.0,0.0,0.0,1.62,0.92,1.75,0.25,0.38,0.0,0.08,0.0,0.0,0.17,0.04,0.0,0.0,0.42,51.83,46.71,5.12,90.11,17.96,28.75,11.5,0.04,50.0,1.29,54.39,24,16,1485,0.25,0.0,1.21,0.75,6.88,0.58,4.12,54.7,2.88,56.1,1.25,51.72
96,1016907,Premier League,Brentford,Igor Thiago,Forward,6.94,0.59,0.55,0.54,2.22,1.16,0.62,26.83,0.78,54.72,0.59,0.0,0.05,0.16,0.38,0.08,0.62,0.0,0.24,0.22,88.89,0.0,0.0,0.0,0.97,0.32,1.7,0.19,0.38,0.0,0.05,0.0,0.0,0.24,0.16,0.03,0.0,0.65,16.62,11.49,5.14,69.11,4.59,6.89,3.92,0.19,43.75,0.32,50.0,37,36,3194,0.19,0.0,1.95,0.65,10.19,1.11,5.38,38.72,2.35,38.33,3.03,39.02
97,879349,Premier League,Chelsea,Pedro Neto,Midfielder,6.94,0.16,0.14,0.09,1.38,0.38,0.34,11.36,1.38,44.9,0.12,0.03,0.03,0.09,0.03,0.06,0.19,0.0,0.0,0.0,0.0,0.03,0.03,100.0,0.5,0.19,0.41,0.0,0.72,0.0,0.0,0.0,0.0,0.16,0.34,0.12,0.03,1.56,27.91,24.28,3.62,87.01,6.12,18.16,12.0,1.12,20.0,0.91,65.91,32,28,2489,0.06,0.03,0.47,0.72,12.72,0.75,2.84,39.39,2.59,41.71,0.25,25.0
98,814873,Premier League,Brentford,Vitaly Janelt,Midfielder,6.94,0.04,0.04,0.04,0.5,0.12,0.25,8.33,0.17,40.0,0.04,0.0,0.04,0.0,0.0,0.04,0.0,0.0,0.0,0.0,0.0,0.0,0.0,0.0,1.0,1.25,1.38,0.33,0.75,0.04,0.0,0.0,0.0,0.17,0.25,0.17,0.0,0.83,32.21,27.96,4.25,86.8,14.38,13.58,6.5,0.75,30.51,1.75,50.0,24,14,1359,0.29,0.0,0.83,0.5,7.04,0.21,2.54,49.19,1.58,44.19,0.96,60.53
99,865523,Premier League,Leeds United,Noah Okafor,Forward,6.94,0.29,0.19,0.14,1.25,0.54,0.36,22.86,1.39,42.39,0.25,0.04,0.0,0.07,0.21,0.04,0.0,0.0,0.0,0.0,0.0,0.0,0.0,0.0,0.82,0.43,0.57,0.04,0.46,0.0,0.0,0.0,0.0,0.0,0.14,0.04,0.0,0.71,11.86,9.04,2.82,76.2,2.82,6.21,3.82,0.25,18.92,0.79,78.57,28,19,1573,0.11,0.0,0.64,0.5,9.39,1.11,3.14,39.64,2.71,40.0,0.43,37.5
100,985086,Premier League,Nottingham Forest,Morato,Defender,6.94,0.05,0.07,0.1,0.25,0.1,0.15,20.0,0.25,100.0,0.05,0.0,0.05,0.0,0.0,0.0,0.05,0.0,0.0,0.0,0.0,0.0,0.0,0.0,1.45,0.5,3.95,0.65,0.3,0.05,0.15,0.0,0.0,0.1,0.0,0.0,0.0,0.1,36.45,31.2,5.25,85.6,21.2,10.0,2.7,0.0,0.0,2.25,46.88,20,13,1276,0.25,0.0,0.75,0.35,5.9,0.0,3.05,64.21,2.05,66.13,1.0,60.61
101,826134,Premier League,Chelsea,Trevoh Chalobah,Defender,6.94,0.09,0.04,0.06,0.5,0.16,0.25,18.75,0.22,77.78,0.09,0.0,0.06,0.03,0.0,0.0,0.06,0.0,0.0,0.0,0.0,0.0,0.0,0.0,1.09,1.09,5.41,0.5,0.28,0.03,0.03,0.0,0.0,0.28,0.03,0.0,0.0,0.16,70.59,65.69,4.91,93.05,46.38,19.31,5.72,0.03,20.0,1.53,39.84,32,31,2741,0.09,0.03,0.62,0.56,5.75,0.16,4.12,58.15,1.84,62.77,2.28,54.89
102,827681,Premier League,Leeds United,James Justin,Defender,6.94,0.07,0.06,0.07,0.82,0.21,0.32,8.7,0.07,13.33,0.07,0.0,0.0,0.04,0.04,0.04,0.07,0.0,0.0,0.0,0.0,0.0,0.0,0.0,1.89,1.0,3.04,0.39,0.36,0.0,0.04,0.0,0.0,0.21,0.14,0.04,0.0,0.39,23.61,17.93,5.68,75.95,10.36,7.57,3.5,0.21,17.65,1.11,37.8,28,20,1826,0.14,0.0,0.39,1.0,9.68,0.36,4.29,60.61,2.93,65.08,1.36,52.78
103,920546,Premier League,Chelsea,Robert Sánchez,Goalkeeper,6.94,0.0,0.0,0.0,0.0,0.0,0.0,0.0,0.0,0.0,0.0,0.0,0.0,0.0,0.0,0.0,0.0,0.0,0.0,0.0,0.0,0.0,0.0,0.0,0.06,0.03,0.79,0.0,0.0,0.03,0.09,0.0,0.0,0.27,0.06,0.03,0.0,0.15,37.27,25.09,12.18,67.32,21.33,3.76,1.55,0.0,0.0,5.7,32.53,33,33,2861,0.09,0.03,0.06,0.39,12.52,0.03,0.73,88.89,0.33,84.62,0.39,92.86
104,284417,Premier League,Liverpool FC,Freddie Woodman,Goalkeeper,6.93,0.0,0.0,0.0,0.0,0.0,0.0,0.0,0.0,0.0,0.0,0.0,0.0,0.0,0.0,0.0,0.0,0.0,0.0,0.0,0.0,0.0,0.0,0.0,0.0,0.33,1.0,0.0,0.0,0.0,0.0,0.0,0.0,0.0,0.0,0.0,0.0,0.0,26.33,15.0,11.33,56.96,11.0,4.0,1.33,0.0,0.0,5.0,30.61,3,2,212,0.0,0.0,0.0,0.0,11.67,0.0,0.0,0.0,0.0,0.0,0.0,0.0
105,1002837,Premier League,Arsenal,Piero Hincapié,Defender,6.93,0.04,0.01,0.0,0.09,0.04,0.0,50.0,0.3,50.0,0.04,0.0,0.0,0.04,0.0,0.0,0.04,0.0,0.0,0.0,0.0,0.0,0.0,0.0,2.04,1.04,3.7,0.39,0.52,0.0,0.0,0.0,0.04,0.17,0.09,0.09,0.0,0.57,33.91,30.04,3.87,88.59,15.13,14.91,6.74,0.17,12.9,0.96,36.07,23,19,1684,0.09,0.0,0.78,0.61,7.09,0.22,4.26,58.68,2.91,63.21,1.35,50.82
106,892673,Premier League,Newcastle United,Sandro Tonali,Midfielder,6.92,0.0,0.05,0.03,1.06,0.23,0.31,0.0,0.54,61.29,0.0,0.0,0.0,0.0,0.0,0.06,0.03,0.0,0.0,0.0,0.0,0.0,0.06,0.0,1.0,0.89,1.06,0.2,0.66,0.0,0.03,0.0,0.0,0.14,0.17,0.06,0.0,0.91,44.66,37.69,6.97,84.39,16.69,21.0,10.69,0.57,20.83,2.03,47.33,35,31,2543,0.11,0.0,0.69,1.2,11.31,0.49,3.06,54.87,2.69,55.62,0.37,50.0
107,103335,Premier League,Fulham,Bernd Leno,Goalkeeper,6.92,0.0,0.0,0.0,0.0,0.0,0.0,0.0,0.0,0.0,0.0,0.0,0.0,0.0,0.0,0.0,0.0,0.0,0.0,0.0,0.0,0.0,0.0,0.0,0.11,0.03,1.22,0.0,0.0,0.03,0.11,0.0,0.03,0.22,0.0,0.0,0.0,0.0,36.73,28.43,8.3,77.41,25.92,2.51,0.62,0.0,0.0,4.49,35.32,37,37,3330,0.08,0.0,0.0,0.16,8.65,0.0,0.76,96.55,0.19,100.0,0.57,95.45
108,1048422,Premier League,Liverpool FC,Hugo Ekitiké,Forward,6.92,0.39,0.35,0.39,2.32,0.68,1.04,16.92,1.36,52.78,0.39,0.0,0.07,0.04,0.29,0.04,0.36,0.0,0.0,0.0,0.0,0.0,0.0,0.0,0.39,0.11,0.96,0.07,0.11,0.0,0.0,0.0,0.0,0.07,0.11,0.14,0.0,0.75,14.29,10.96,3.32,76.75,2.36,8.61,5.79,0.04,12.5,0.11,60.0,28,21,1810,0.0,0.0,1.25,0.43,7.71,0.93,3.29,38.49,2.18,38.85,1.11,37.8
109,162653,Premier League,Newcastle United,Nick Pope,Goalkeeper,6.92,0.0,0.01,0.0,0.04,0.04,0.0,0.0,0.0,0.0,0.0,0.0,0.0,0.0,0.0,0.0,0.0,0.0,0.0,0.0,0.0,0.0,0.0,0.0,0.04,0.0,1.31,0.0,0.0,0.12,0.08,0.0,0.0,0.27,0.0,0.0,0.0,0.0,22.31,13.38,8.92,60.0,10.96,2.42,0.62,0.0,0.0,3.65,29.14,26,26,2327,0.08,0.0,0.04,0.08,9.35,0.0,0.62,94.12,0.08,66.67,0.54,100.0
110,788134,Premier League,Crystal Palace,Dean Henderson,Goalkeeper,6.92,0.0,0.0,0.0,0.0,0.0,0.0,0.0,0.03,100.0,0.0,0.0,0.0,0.0,0.0,0.0,0.0,0.0,0.0,0.0,0.0,0.0,0.0,0.0,0.03,0.06,1.5,0.0,0.0,0.0,0.06,0.06,0.0,0.31,0.0,0.0,0.0,0.03,30.33,16.44,13.89,54.21,12.86,3.58,1.69,0.0,0.0,4.72,25.41,36,36,3240,0.14,0.0,0.06,0.14,14.06,0.0,0.58,84.0,0.11,66.67,0.47,89.47
111,190877,Premier League,Fulham,Kenny Tete,Defender,6.91,0.05,0.04,0.0,0.73,0.14,0.32,6.25,0.36,36.36,0.0,0.05,0.0,0.0,0.05,0.0,0.05,0.0,0.0,0.0,0.0,0.0,0.0,0.0,2.95,1.23,3.09,0.27,0.59,0.0,0.0,0.0,0.0,0.23,0.05,0.0,0.0,0.5,40.27,34.0,6.27,84.42,19.09,14.91,6.59,0.59,38.24,1.64,46.75,22,21,1802,0.09,0.0,1.23,1.41,10.77,0.73,5.95,60.09,4.73,60.12,1.23,60.0
112,958959,Premier League,Arsenal,Jurriën Timber,Defender,6.91,0.1,0.16,0.23,0.83,0.23,0.5,12.0,0.43,39.39,0.1,0.0,0.07,0.0,0.03,0.0,0.0,0.03,0.0,0.0,0.0,0.0,0.0,0.0,2.2,0.8,1.77,0.2,0.3,0.0,0.03,0.0,0.0,0.37,0.13,0.17,0.0,0.9,36.17,30.83,5.33,85.25,11.73,19.1,11.47,0.2,13.04,0.67,38.46,30,28,2457,0.17,0.0,1.27,0.97,10.07,0.83,4.9,57.2,3.57,54.31,1.33,66.67
113,792122,Premier League,Burnley,Josh Cullen,Midfielder,6.91,0.11,0.05,0.0,0.61,0.33,0.06,18.18,0.11,33.33,0.11,0.0,0.0,0.0,0.11,0.0,0.0,0.0,0.0,0.0,0.0,0.0,0.0,0.0,1.72,1.22,1.94,0.61,0.67,0.0,0.11,0.06,0.06,0.11,0.22,0.11,0.0,0.72,48.11,40.44,7.67,84.06,21.0,19.44,9.11,0.06,8.33,2.33,43.75,18,18,1519,0.11,0.0,0.89,1.0,10.17,0.56,3.67,54.55,2.72,55.68,0.94,51.52
114,839981,Premier League,West Ham United,Lucas Paquetá,Midfielder,6.91,0.22,0.16,0.06,1.28,0.61,0.33,17.39,0.89,38.1,0.11,0.11,0.0,0.22,0.0,0.0,0.28,0.0,0.11,0.11,100.0,0.0,0.11,0.0,2.17,0.44,0.94,0.33,0.67,0.0,0.06,0.06,0.0,0.06,0.33,0.06,0.0,1.28,43.83,33.78,10.06,77.06,12.28,21.5,11.28,0.39,20.0,1.39,51.02,18,18,1521,0.28,0.06,1.56,1.67,17.44,1.5,6.83,46.42,4.72,48.3,2.11,42.7
115,352668,Premier League,Chelsea,Tosin Adarabioyo,Defender,6.91,0.0,0.01,0.0,0.12,0.0,0.06,0.0,0.0,0.0,0.0,0.0,0.0,0.0,0.0,0.0,0.06,0.0,0.0,0.0,0.0,0.0,0.0,0.0,1.06,0.56,4.12,0.31,0.12,0.06,0.0,0.0,0.0,0.12,0.06,0.0,0.0,0.06,47.31,42.81,4.5,90.49,30.12,12.69,1.88,0.0,0.0,1.25,41.67,16,8,796,0.12,0.0,0.38,0.0,4.88,0.06,3.62,69.88,1.06,68.0,2.56,70.69
116,923894,Premier League,Chelsea,Wesley Fofana,Defender,6.91,0.0,0.03,0.0,0.35,0.04,0.17,0.0,0.43,71.43,0.0,0.0,0.0,0.0,0.0,0.04,0.04,0.0,0.0,0.0,0.0,0.0,0.0,0.0,0.83,1.43,5.17,0.83,0.17,0.0,0.04,0.0,0.0,0.13,0.04,0.04,0.0,0.13,50.83,46.83,4.0,92.13,29.83,17.0,5.13,0.04,50.0,1.22,50.0,23,18,1583,0.22,0.04,0.91,0.65,5.0,0.22,4.74,61.93,1.87,55.84,2.87,66.67
117,1445799,Premier League,Manchester United,Ayden Heaven,Defender,6.91,0.0,0.02,0.06,0.18,0.0,0.12,0.0,0.35,75.0,0.0,0.0,0.0,0.0,0.0,0.0,0.0,0.0,0.0,0.0,0.0,0.0,0.0,0.0,1.29,0.06,3.53,0.65,0.29,0.0,0.0,0.0,0.06,0.12,0.06,0.06,0.0,0.12,29.06,26.29,2.76,90.49,19.76,6.53,1.94,0.0,0.0,1.0,56.67,17,11,938,0.12,0.0,0.41,0.53,3.18,0.06,3.24,68.75,2.18,71.15,1.06,64.29
118,862967,Premier League,Liverpool FC,Cody Gakpo,Midfielder,6.91,0.2,0.24,0.2,2.43,0.6,0.94,8.24,0.97,50.0,0.2,0.0,0.0,0.06,0.14,0.11,0.83,0.03,0.0,0.0,0.0,0.0,0.0,0.0,0.8,0.37,0.57,0.11,0.37,0.0,0.0,0.0,0.0,0.17,0.29,0.14,0.0,1.46,20.89,16.4,4.49,78.52,2.97,13.43,9.46,0.31,12.64,0.4,56.0,35,31,2664,0.09,0.0,1.2,1.23,10.89,0.74,4.57,49.54,3.0,47.95,1.57,52.88
119,250223,Premier League,Aston Villa,John McGinn,Midfielder,6.91,0.17,0.1,0.14,0.93,0.38,0.31,18.52,0.66,48.72,0.03,0.14,0.0,0.17,0.0,0.0,0.0,0.0,0.0,0.0,0.0,0.0,0.0,0.0,0.97,0.41,0.52,0.17,0.48,0.0,0.03,0.0,0.0,0.07,0.24,0.14,0.0,1.41,25.79,21.24,4.55,82.35,7.45,13.79,8.17,0.72,25.3,1.41,59.42,29,28,2153,0.17,0.0,1.07,1.66,10.59,1.59,3.66,44.54,3.28,46.12,0.38,34.38
120,1400650,Premier League,Newcastle United,Lewis Miley,Midfielder,6.91,0.04,0.06,0.09,0.52,0.17,0.17,8.33,0.52,85.71,0.04,0.0,0.0,0.04,0.0,0.04,0.09,0.0,0.0,0.0,0.0,0.0,0.0,0.0,1.26,0.87,1.48,0.13,0.52,0.0,0.09,0.0,0.0,0.09,0.13,0.17,0.0,0.65,36.52,32.78,3.74,89.76,15.43,17.35,8.35,0.26,14.29,0.91,61.76,23,15,1494,0.0,0.0,0.22,0.17,6.87,0.39,3.87,66.42,1.91,61.11,1.96,72.58
121,581310,Premier League,Arsenal,David Raya,Goalkeeper,6.9,0.0,0.0,0.0,0.0,0.0,0.0,0.0,0.03,100.0,0.0,0.0,0.0,0.0,0.0,0.0,0.0,0.0,0.0,0.0,0.0,0.0,0.0,0.0,0.03,0.03,1.03,0.0,0.0,0.03,0.08,0.0,0.0,0.5,0.0,0.0,0.0,0.08,29.86,19.31,10.56,64.65,14.94,4.36,2.31,0.0,0.0,5.36,34.1,36,36,3240,0.03,0.0,0.0,0.36,10.86,0.0,0.67,96.0,0.42,100.0,0.25,90.0
122,94758,Premier League,Tottenham Hotspur,Ben Davies,Defender,6.9,0.33,0.16,0.0,0.67,0.67,0.0,50.0,0.0,0.0,0.33,0.0,0.0,0.33,0.0,0.0,0.0,0.0,0.0,0.0,0.0,0.0,0.0,0.0,1.67,0.33,2.67,0.33,0.0,0.0,0.0,0.0,0.0,0.0,0.0,0.0,0.0,0.33,21.67,18.67,3.0,86.15,10.0,8.67,4.33,0.67,66.67,1.67,62.5,3,2,138,0.33,0.0,0.67,0.0,5.33,0.33,3.0,60.0,1.67,62.5,1.33,57.14
123,110846,Premier League,Everton,Michael Keane,Defender,6.9,0.09,0.07,0.09,0.72,0.22,0.28,13.04,0.19,54.55,0.09,0.0,0.03,0.0,0.03,0.06,0.0,0.0,0.0,0.0,0.0,0.0,0.0,0.0,1.06,1.16,6.06,0.84,0.34,0.0,0.0,0.0,0.0,0.22,0.0,0.03,0.0,0.06,33.09,28.28,4.81,85.46,19.0,9.28,2.44,0.0,0.0,1.88,48.39,32,28,2529,0.03,0.03,0.5,0.19,5.62,0.09,4.78,61.45,1.44,58.23,3.34,62.94
124,927356,Premier League,Nottingham Forest,Neco Williams,Defender,6.9,0.06,0.05,0.06,1.19,0.5,0.22,4.65,0.83,43.48,0.03,0.03,0.0,0.0,0.06,0.0,0.11,0.0,0.0,0.0,0.0,0.0,0.06,0.0,2.61,1.25,2.33,0.47,1.0,0.03,0.06,0.03,0.0,0.25,0.14,0.08,0.03,1.03,35.86,29.47,6.39,82.18,14.92,14.56,8.44,0.75,20.15,1.31,32.19,36,35,3116,0.17,0.03,0.81,1.44,14.69,0.75,5.86,55.97,4.83,57.81,1.03,48.68
125,886930,Premier League,Leeds United,Jaka Bijol,Defender,6.9,0.04,0.04,0.04,0.62,0.25,0.21,6.67,0.08,100.0,0.04,0.0,0.04,0.0,0.0,0.04,0.0,0.0,0.0,0.0,0.0,0.0,0.0,0.0,1.04,1.0,6.38,0.54,0.25,0.0,0.04,0.04,0.0,0.21,0.12,0.08,0.0,0.29,40.54,34.29,6.25,84.58,24.67,9.62,3.08,0.0,0.0,2.67,49.23,24,20,1843,0.12,0.0,0.71,0.42,6.79,0.0,4.17,55.25,1.54,62.71,2.62,51.64
126,1106451,Premier League,Brentford,Dango Ouattara,Midfielder,6.9,0.23,0.23,0.39,1.71,0.65,0.61,13.21,0.74,29.11,0.23,0.0,0.06,0.16,0.0,0.03,0.29,0.16,0.0,0.0,0.0,0.0,0.0,0.0,0.74,0.74,1.58,0.0,0.55,0.0,0.0,0.0,0.0,0.03,0.39,0.1,0.0,0.87,15.19,9.58,5.61,63.06,2.71,6.87,4.1,0.61,18.1,0.58,47.37,31,24,2189,0.16,0.0,0.87,1.23,13.68,0.94,4.35,42.86,2.71,39.62,1.65,49.51
127,865912,Premier League,Nottingham Forest,Morgan Gibbs-White,Midfielder,6.9,0.39,0.29,0.25,2.22,0.86,0.72,17.5,0.78,47.46,0.36,0.03,0.08,0.06,0.25,0.0,0.14,0.03,0.03,0.03,100.0,0.0,0.11,0.0,0.56,0.36,0.89,0.08,0.58,0.03,0.11,0.0,0.0,0.19,0.14,0.11,0.0,1.31,32.61,26.53,6.08,81.35,7.42,19.11,11.92,0.25,21.95,1.11,57.14,36,34,3020,0.03,0.0,0.69,1.11,11.72,1.03,3.53,40.32,2.39,43.43,1.14,35.04
128,1110006,Premier League,Chelsea,Dário Essugo,Midfielder,6.9,0.0,0.0,0.0,0.0,0.0,0.0,0.0,1.0,100.0,0.0,0.0,0.0,0.0,0.0,0.0,0.0,0.0,0.0,0.0,0.0,0.0,0.0,0.0,2.0,0.0,0.5,0.0,0.5,0.0,0.0,0.0,0.0,0.0,0.0,0.0,0.0,0.0,11.5,9.5,2.0,82.61,3.5,6.0,2.5,0.0,0.0,0.0,0.0,2,0,25,0.5,0.0,1.0,0.5,3.0,0.5,4.0,66.67,3.5,63.64,0.5,100.0
129,1397168,Premier League,Manchester United,Patrick Dorgu,Midfielder,6.89,0.12,0.08,0.08,0.92,0.36,0.36,13.04,0.44,29.73,0.08,0.04,0.0,0.12,0.0,0.04,0.28,0.0,0.0,0.0,0.0,0.0,0.0,0.0,1.88,0.6,1.28,0.12,0.64,0.0,0.0,0.0,0.0,0.08,0.2,0.12,0.0,1.0,19.48,14.8,4.68,75.98,6.44,8.36,5.0,0.6,26.79,0.24,33.33,25,14,1399,0.2,0.0,0.92,1.8,10.52,0.88,5.76,54.55,4.08,54.55,1.68,54.55
130,800417,Premier League,Nottingham Forest,Ola Aina,Defender,6.89,0.0,0.02,0.0,0.67,0.06,0.44,0.0,0.83,44.12,0.0,0.0,0.0,0.0,0.0,0.06,0.0,0.0,0.0,0.0,0.0,0.0,0.0,0.0,1.72,1.39,3.94,0.17,0.72,0.0,0.11,0.0,0.0,0.33,0.0,0.0,0.06,0.56,34.94,29.61,5.33,84.74,14.11,15.5,7.39,0.39,18.42,2.0,53.73,18,18,1590,0.17,0.0,0.72,0.83,12.72,0.83,4.72,53.8,3.33,50.42,1.39,64.1
131,913654,Premier League,Tottenham Hotspur,Pedro Porro,Defender,6.89,0.03,0.03,0.0,0.94,0.25,0.47,3.33,0.53,41.46,0.03,0.0,0.03,0.0,0.0,0.0,0.03,0.0,0.0,0.0,0.0,0.0,0.19,0.0,2.19,0.91,3.03,0.31,1.19,0.0,0.16,0.0,0.0,0.25,0.19,0.06,0.06,1.53,43.06,32.03,11.03,74.38,13.84,18.19,11.09,1.66,23.87,3.94,45.16,32,30,2618,0.28,0.0,0.91,0.75,19.34,0.25,4.06,51.38,3.47,52.86,0.59,44.19
132,984014,Premier League,Sunderland,Enzo Le Fée,Midfielder,6.89,0.14,0.15,0.03,0.97,0.29,0.34,14.71,0.37,28.89,0.14,0.0,0.0,0.03,0.11,0.03,0.11,0.0,0.11,0.09,75.0,0.0,0.11,0.0,2.43,0.77,1.03,0.31,1.06,0.03,0.09,0.0,0.0,0.23,0.31,0.17,0.0,1.4,30.66,24.97,5.69,81.45,10.11,14.86,8.23,0.69,24.49,0.86,54.55,35,32,2855,0.14,0.0,0.8,1.03,12.0,0.89,4.34,45.92,3.83,51.15,0.51,26.09
133,879674,Premier League,Crystal Palace,Maxence Lacroix,Defender,6.89,0.03,0.07,0.06,0.69,0.2,0.29,4.17,0.2,63.64,0.03,0.0,0.03,0.0,0.0,0.06,0.0,0.0,0.0,0.0,0.0,0.0,0.0,0.0,1.71,1.29,7.2,0.51,0.31,0.03,0.06,0.06,0.0,0.31,0.09,0.06,0.0,0.2,47.31,41.71,5.6,88.16,29.46,12.26,2.63,0.06,40.0,2.4,49.12,35,35,3087,0.11,0.03,0.97,0.54,6.63,0.17,5.83,61.26,2.43,61.15,3.4,61.34
134,868715,Premier League,Fulham,Jorge Cuenca,Defender,6.89,0.0,0.0,0.0,0.07,0.0,0.07,0.0,0.14,40.0,0.0,0.0,0.0,0.0,0.0,0.0,0.07,0.0,0.0,0.0,0.0,0.0,0.0,0.0,1.14,1.07,5.29,0.64,0.29,0.0,0.0,0.0,0.0,0.14,0.07,0.0,0.0,0.21,44.57,39.36,5.21,88.3,28.71,10.64,3.14,0.07,50.0,1.86,35.14,14,11,952,0.36,0.0,0.64,0.07,5.79,0.0,2.57,54.55,1.36,54.29,1.21,54.84
135,931278,Premier League,Manchester City,Rayan Aït-Nouri,Defender,6.89,0.0,0.04,0.06,0.62,0.12,0.38,0.0,1.38,53.66,0.0,0.0,0.0,0.0,0.0,0.0,0.0,0.0,0.0,0.0,0.0,0.0,0.0,0.0,2.06,0.81,1.06,0.06,0.38,0.0,0.06,0.0,0.0,0.25,0.12,0.12,0.0,0.75,36.69,33.12,3.56,90.29,11.69,21.44,11.31,0.38,27.27,0.44,35.0,16,12,963,0.12,0.0,1.06,0.62,8.0,0.69,4.94,56.43,4.06,55.56,0.88,60.87
136,971037,Premier League,Manchester United,Amad Diallo,Forward,6.88,0.06,0.17,0.19,1.65,0.68,0.52,3.92,1.23,49.35,0.03,0.03,0.03,0.03,0.0,0.03,0.39,0.03,0.0,0.0,0.0,0.0,0.0,0.0,1.19,0.48,0.94,0.1,0.65,0.03,0.0,0.0,0.0,0.1,0.19,0.06,0.0,1.29,28.03,24.65,3.39,87.92,8.45,16.19,10.29,0.35,24.44,0.74,69.7,31,26,2254,0.06,0.0,0.71,1.23,8.48,0.77,4.06,50.6,3.65,52.07,0.42,40.63
137,136710,Premier League,Manchester City,Mateo Kovačić,Midfielder,6.88,0.0,0.02,0.0,0.25,0.0,0.25,0.0,0.25,100.0,0.0,0.0,0.0,0.0,0.0,0.0,0.0,0.0,0.0,0.0,0.0,0.0,0.0,0.0,0.5,0.0,0.0,0.0,0.0,0.0,0.0,0.0,0.0,0.0,0.25,0.25,0.0,0.75,21.0,20.0,1.0,95.24,7.0,13.0,6.25,0.0,0.0,0.25,50.0,4,0,47,0.0,0.0,0.0,0.5,2.0,0.75,1.25,62.5,1.25,62.5,0.0,0.0
138,548188,Premier League,Bournemouth,Lewis Cook,Midfielder,6.88,0.0,0.0,0.0,0.19,0.0,0.12,0.0,0.19,75.0,0.0,0.0,0.0,0.0,0.0,0.0,0.0,0.0,0.0,0.0,0.0,0.0,0.0,0.0,1.56,1.5,1.62,0.38,0.38,0.0,0.0,0.0,0.0,0.06,0.0,0.06,0.0,0.69,30.62,26.44,4.19,86.33,11.19,15.25,5.31,0.62,22.73,1.56,46.3,16,8,892,0.06,0.06,0.5,0.31,7.38,0.19,2.62,55.26,2.06,64.71,0.56,36.0
139,98427,Premier League,Wolverhampton,Sam Johnstone,Goalkeeper,6.88,0.0,0.0,0.0,0.0,0.0,0.0,0.0,0.0,0.0,0.0,0.0,0.0,0.0,0.0,0.0,0.0,0.0,0.0,0.0,0.0,0.0,0.0,0.0,0.17,0.0,2.0,0.0,0.0,0.08,0.0,0.0,0.08,0.0,0.0,0.0,0.0,0.0,36.5,20.42,16.08,55.94,12.17,8.25,2.75,0.0,0.0,10.58,39.69,12,12,1080,0.0,0.0,0.0,0.0,16.25,0.0,0.42,83.33,0.17,100.0,0.25,75.0
140,847030,Premier League,Manchester United,Noussair Mazraoui,Defender,6.88,0.0,0.01,0.0,0.26,0.0,0.11,0.0,0.37,53.85,0.0,0.0,0.0,0.0,0.0,0.0,0.0,0.0,0.0,0.0,0.0,0.0,0.0,0.0,1.42,0.68,2.68,0.11,0.16,0.0,0.11,0.0,0.0,0.11,0.0,0.0,0.05,0.32,26.63,23.32,3.32,87.55,10.32,13.0,6.79,0.21,33.33,1.0,52.78,19,10,948,0.16,0.0,0.63,0.68,4.84,0.16,3.42,63.11,2.47,66.2,0.95,56.25
141,997183,Premier League,Tottenham Hotspur,Xavi Simons,Midfielder,6.88,0.07,0.11,0.11,1.5,0.36,0.54,4.76,1.0,42.42,0.04,0.04,0.0,0.0,0.07,0.07,0.0,0.0,0.0,0.0,0.0,0.0,0.11,0.0,1.21,0.54,0.43,0.04,0.64,0.0,0.07,0.0,0.0,0.04,0.25,0.18,0.04,1.25,28.64,23.75,4.89,82.92,8.61,15.14,9.21,0.5,26.92,1.29,62.07,28,19,1769,0.18,0.04,0.75,1.57,11.07,1.07,4.21,48.16,3.79,50.96,0.43,32.43
142,931844,Premier League,Crystal Palace,Chris Richards,Defender,6.88,0.03,0.07,0.03,0.45,0.06,0.18,6.67,0.12,66.67,0.03,0.0,0.03,0.0,0.0,0.0,0.0,0.0,0.0,0.0,0.0,0.0,0.0,0.0,1.67,1.3,5.94,0.58,0.55,0.06,0.06,0.0,0.0,0.3,0.03,0.0,0.0,0.27,44.82,37.64,7.18,83.98,25.06,12.58,4.03,0.15,38.46,2.0,37.93,33,31,2826,0.12,0.0,0.55,0.15,10.94,0.33,5.15,56.48,1.91,56.25,3.24,56.61
143,864169,Premier League,Aston Villa,Pau Torres,Defender,6.88,0.0,0.06,0.05,0.4,0.05,0.3,0.0,0.35,63.64,0.0,0.0,0.0,0.0,0.0,0.0,0.0,0.0,0.0,0.0,0.0,0.0,0.0,0.0,1.1,0.55,2.9,0.9,0.45,0.1,0.1,0.0,0.05,0.2,0.0,0.0,0.0,0.05,57.65,51.25,6.4,88.9,31.75,19.5,7.25,0.0,0.0,2.65,42.74,20,18,1659,0.05,0.0,0.35,0.25,7.7,0.2,2.95,55.66,1.7,58.62,1.25,52.08
144,1020141,Premier League,Everton,Nathan Patterson,Defender,6.88,0.0,0.0,0.0,0.14,0.14,0.0,0.0,0.14,20.0,0.0,0.0,0.0,0.0,0.0,0.0,0.14,0.0,0.0,0.0,0.0,0.0,0.0,0.0,1.43,0.29,2.43,0.29,0.57,0.0,0.0,0.0,0.0,0.14,0.0,0.0,0.0,0.0,12.0,9.14,2.86,76.19,5.14,4.0,1.86,0.0,0.0,0.57,30.77,7,3,266,0.0,0.0,0.29,0.29,5.57,0.14,2.86,60.61,1.86,54.17,1.0,77.78
145,1142703,Premier League,Manchester City,Nico O'Reilly,Defender,6.88,0.15,0.16,0.18,1.18,0.42,0.39,12.82,0.7,39.66,0.15,0.0,0.06,0.09,0.0,0.0,0.03,0.0,0.0,0.0,0.0,0.0,0.0,0.0,2.06,0.61,2.06,0.33,0.67,0.0,0.03,0.0,0.0,0.3,0.18,0.09,0.0,0.7,39.58,34.18,5.39,86.37,13.33,20.85,9.61,0.27,24.32,0.39,26.53,33,28,2558,0.15,0.0,1.33,0.55,10.73,1.0,4.7,46.83,3.3,44.86,1.39,52.27
146,867442,Premier League,Nottingham Forest,Callum Hudson Odoi,Midfielder,6.87,0.1,0.09,0.03,1.0,0.33,0.33,10.0,1.0,51.72,0.07,0.03,0.0,0.0,0.1,0.03,0.1,0.0,0.0,0.0,0.0,0.0,0.03,0.0,0.47,0.27,0.47,0.07,0.3,0.0,0.03,0.0,0.0,0.07,0.17,0.13,0.0,1.47,21.9,19.53,2.37,89.19,3.83,15.7,10.97,0.43,14.29,0.8,64.86,30,21,1849,0.0,0.0,0.4,0.4,8.27,0.73,1.97,43.07,1.87,44.8,0.1,25.0
147,159665,Premier League,Liverpool FC,Mohamed Salah,Midfielder,6.87,0.27,0.3,0.42,2.46,0.65,0.96,10.94,0.62,24.24,0.27,0.0,0.0,0.15,0.12,0.0,0.54,0.0,0.04,0.04,100.0,0.0,0.08,0.0,0.62,0.15,0.27,0.04,0.35,0.0,0.0,0.0,0.0,0.15,0.38,0.23,0.0,1.85,29.04,22.23,6.81,76.56,4.38,17.85,12.81,0.73,16.96,0.73,48.72,26,22,2074,0.04,0.0,0.38,0.62,17.15,1.81,2.15,29.32,1.85,29.27,0.31,29.63
148,149380,Premier League,Manchester United,Harry Maguire,Defender,6.87,0.05,0.05,0.05,0.64,0.18,0.32,7.14,0.05,50.0,0.05,0.0,0.05,0.0,0.0,0.05,0.0,0.0,0.0,0.0,0.0,0.0,0.0,0.0,0.95,0.55,4.59,0.45,0.18,0.05,0.05,0.09,0.0,0.18,0.09,0.09,0.0,0.14,36.32,31.27,5.05,86.11,20.0,11.27,2.86,0.05,33.33,1.95,41.75,22,18,1577,0.14,0.05,0.64,0.73,5.45,0.09,4.36,71.11,1.73,65.52,2.64,75.32
149,1400106,Premier League,Brighton & Hove Albion,Yankuba Minteh,Midfielder,6.87,0.09,0.12,0.12,1.24,0.33,0.45,7.32,1.97,54.62,0.09,0.0,0.0,0.06,0.03,0.0,0.3,0.03,0.0,0.0,0.0,0.0,0.0,0.0,1.61,0.52,0.48,0.0,0.58,0.0,0.03,0.0,0.0,0.06,0.33,0.12,0.06,1.36,18.79,12.73,6.06,67.74,3.21,9.52,6.12,1.09,23.53,0.45,48.39,33,26,2353,0.09,0.0,0.94,0.67,15.27,1.03,4.82,48.62,4.24,50.54,0.58,38.0
150,1142175,Premier League,Manchester United,Kobbie Mainoo,Midfielder,6.87,0.04,0.01,0.0,0.41,0.11,0.15,9.09,0.59,53.33,0.0,0.04,0.0,0.0,0.04,0.0,0.04,0.0,0.0,0.0,0.0,0.0,0.0,0.0,1.26,0.74,0.89,0.33,0.41,0.0,0.04,0.0,0.0,0.19,0.04,0.07,0.0,0.78,36.63,32.93,3.7,89.89,13.74,19.19,8.04,0.15,30.77,0.78,56.76,27,15,1580,0.04,0.0,0.41,0.7,6.67,1.07,3.07,48.54,2.56,51.88,0.52,36.84
151,1144630,Premier League,Arsenal,Cristhian Mosquera,Defender,6.87,0.0,0.01,0.0,0.06,0.0,0.06,0.0,0.0,0.0,0.0,0.0,0.0,0.0,0.0,0.0,0.06,0.0,0.0,0.0,0.0,0.0,0.0,0.0,1.5,0.44,2.11,0.33,0.28,0.0,0.06,0.0,0.0,0.06,0.0,0.0,0.0,0.22,27.83,25.39,2.44,91.22,15.06,10.33,4.5,0.0,0.0,0.5,42.86,18,7,823,0.22,0.0,0.83,0.28,3.39,0.06,2.56,51.69,1.78,59.26,0.78,40.0
152,997152,Premier League,Brighton & Hove Albion,Maxim De Cuyper,Defender,6.87,0.07,0.06,0.03,0.41,0.21,0.07,16.67,0.24,41.18,0.07,0.0,0.03,0.0,0.03,0.03,0.03,0.0,0.0,0.0,0.0,0.0,0.1,0.0,0.76,0.41,0.97,0.07,0.48,0.0,0.03,0.03,0.0,0.0,0.31,0.1,0.03,1.03,23.41,19.72,3.69,84.24,10.83,8.9,4.52,1.14,43.42,0.45,32.5,29,16,1398,0.07,0.0,0.59,0.72,6.83,0.17,2.07,47.62,1.72,52.63,0.34,32.26
153,914309,Premier League,Everton,Iliman Ndiaye,Midfielder,6.87,0.19,0.21,0.1,1.35,0.71,0.26,14.29,2.23,53.49,0.19,0.0,0.0,0.06,0.13,0.06,0.39,0.0,0.06,0.06,100.0,0.0,0.0,0.0,2.16,0.52,0.61,0.06,0.87,0.0,0.03,0.0,0.0,0.16,0.23,0.1,0.0,0.94,29.65,24.94,4.71,84.11,8.61,16.32,10.16,0.23,13.46,0.19,31.58,31,31,2696,0.06,0.0,0.94,1.16,12.81,1.97,5.9,46.21,5.55,49.28,0.35,23.4
154,822470,Premier League,Fulham,Samuel Chukwueze,Forward,6.87,0.13,0.09,0.09,1.09,0.3,0.43,12.0,0.78,46.15,0.13,0.0,0.0,0.13,0.0,0.13,0.13,0.0,0.0,0.0,0.0,0.0,0.0,0.0,0.26,0.3,0.43,0.04,0.26,0.0,0.09,0.0,0.0,0.0,0.17,0.17,0.0,1.04,17.96,13.26,4.7,73.85,5.22,8.04,5.48,0.35,18.18,0.7,69.57,23,10,1075,0.0,0.0,0.22,0.52,8.96,0.65,1.87,43.0,1.57,43.9,0.3,38.89
155,331209,Premier League,Manchester City,Bernardo Silva,Midfielder,6.86,0.06,0.06,0.03,0.78,0.17,0.28,7.14,0.58,42.86,0.06,0.0,0.0,0.06,0.0,0.03,0.14,0.0,0.0,0.0,0.0,0.0,0.0,0.0,1.39,0.58,0.92,0.17,0.72,0.0,0.08,0.0,0.0,0.17,0.19,0.11,0.0,1.28,59.22,53.44,5.78,90.24,23.28,30.17,16.89,0.5,26.47,1.81,58.04,36,32,2775,0.28,0.0,1.0,0.61,9.94,0.94,2.69,40.42,2.58,43.26,0.11,16.0
156,866191,Premier League,Leeds United,Sean Longstaff,Midfielder,6.86,0.09,0.05,0.04,0.7,0.17,0.39,12.5,0.09,28.57,0.09,0.0,0.0,0.0,0.09,0.09,0.04,0.0,0.0,0.0,0.0,0.0,0.04,0.0,1.65,0.52,0.48,0.26,0.96,0.0,0.0,0.0,0.0,0.04,0.26,0.09,0.0,1.09,19.52,16.52,3.0,84.63,8.57,7.96,3.61,1.17,50.0,0.65,42.86,23,10,1046,0.09,0.0,0.57,0.74,5.3,0.52,2.91,51.54,2.48,52.78,0.43,45.45
157,882604,Premier League,Bournemouth,Đorđe Petrović,Goalkeeper,6.86,0.0,0.0,0.0,0.0,0.0,0.0,0.0,0.0,0.0,0.0,0.0,0.0,0.0,0.0,0.0,0.0,0.0,0.0,0.0,0.0,0.0,0.0,0.0,0.0,0.0,1.67,0.0,0.08,0.06,0.06,0.0,0.03,0.31,0.0,0.0,0.0,0.0,23.72,15.19,8.53,64.05,12.64,2.56,0.69,0.0,0.0,3.94,31.91,36,36,3240,0.08,0.0,0.0,0.06,8.75,0.0,0.64,88.46,0.08,50.0,0.56,100.0
158,1137431,Premier League,Brentford,Michael Kayode,Defender,6.86,0.03,0.03,0.03,0.25,0.08,0.06,11.11,1.44,51.49,0.03,0.0,0.03,0.0,0.0,0.0,0.03,0.0,0.0,0.0,0.0,0.0,0.0,0.0,1.78,1.06,2.75,0.36,0.64,0.03,0.08,0.06,0.03,0.22,0.11,0.03,0.06,1.0,31.25,26.58,4.67,85.07,15.61,10.97,5.06,0.39,26.42,1.06,44.71,36,36,3174,0.22,0.0,0.67,1.33,14.14,0.86,5.69,57.58,4.56,56.94,1.14,60.29
159,957602,Premier League,Arsenal,Riccardo Calafiori,Defender,6.86,0.04,0.14,0.12,1.33,0.33,0.58,3.13,0.62,68.18,0.04,0.0,0.04,0.0,0.0,0.08,0.17,0.0,0.0,0.0,0.0,0.0,0.0,0.0,1.33,0.62,2.08,0.17,0.33,0.0,0.04,0.0,0.0,0.17,0.0,0.08,0.0,0.25,29.08,24.79,4.29,85.24,11.83,12.96,7.25,0.12,14.29,0.79,48.72,24,20,1590,0.21,0.0,1.08,0.38,8.0,0.42,4.17,55.87,2.29,52.38,1.88,60.81
160,794338,Premier League,Crystal Palace,Daichi Kamada,Midfielder,6.86,0.0,0.06,0.04,0.7,0.15,0.3,0.0,0.44,52.17,0.0,0.0,0.0,0.0,0.0,0.0,0.04,0.04,0.0,0.0,0.0,0.0,0.0,0.0,2.26,0.48,0.85,0.04,0.81,0.0,0.11,0.0,0.0,0.04,0.19,0.0,0.0,0.74,29.74,24.93,4.81,83.81,11.96,12.96,6.44,0.41,27.5,1.15,54.39,27,21,1863,0.11,0.0,1.11,1.0,8.44,0.59,4.19,55.12,3.67,56.25,0.52,48.28
161,98435,Premier League,Aston Villa,Ross Barkley,Midfielder,6.86,0.15,0.08,0.1,0.9,0.4,0.3,16.67,0.65,72.22,0.15,0.0,0.1,0.05,0.0,0.0,0.0,0.0,0.0,0.0,0.0,0.0,0.0,0.0,0.6,0.1,0.5,0.15,0.4,0.0,0.0,0.0,0.0,0.0,0.15,0.0,0.0,0.45,19.05,16.7,2.35,87.66,6.9,9.8,5.9,0.0,0.0,0.55,68.75,20,6,779,0.05,0.0,0.45,0.45,4.2,0.8,2.4,48.0,1.7,47.22,0.7,50.0
162,592010,Premier League,Arsenal,Mikel Merino,Midfielder,6.86,0.19,0.14,0.19,1.0,0.38,0.33,19.05,0.24,41.67,0.19,0.0,0.14,0.0,0.05,0.0,0.14,0.0,0.0,0.0,0.0,0.0,0.0,0.0,1.24,0.48,0.9,0.1,0.29,0.0,0.0,0.0,0.0,0.1,0.19,0.14,0.0,0.57,16.9,12.81,4.1,75.77,5.0,7.81,4.57,0.0,0.0,0.33,33.33,21,10,1007,0.05,0.0,1.0,0.95,6.33,0.81,3.76,46.2,2.43,51.0,1.33,39.44
163,1019322,Premier League,Liverpool FC,Florian Wirtz,Midfielder,6.86,0.16,0.2,0.22,1.53,0.53,0.41,10.2,1.19,53.52,0.16,0.0,0.0,0.03,0.12,0.03,0.06,0.0,0.0,0.0,0.0,0.0,0.03,0.0,1.03,0.31,0.41,0.06,0.53,0.0,0.03,0.0,0.0,0.06,0.16,0.09,0.03,1.91,44.0,37.16,6.84,84.45,8.59,28.56,18.09,0.16,15.63,1.25,57.97,32,27,2371,0.03,0.0,0.69,0.59,11.72,1.12,3.03,40.08,2.81,45.92,0.22,15.22
164,905163,Premier League,Tottenham Hotspur,Mohammed Kudus,Midfielder,6.86,0.11,0.1,0.16,1.37,0.47,0.37,7.69,2.74,50.98,0.05,0.05,0.0,0.11,0.0,0.05,0.53,0.0,0.0,0.0,0.0,0.0,0.11,0.0,1.53,0.16,0.32,0.0,0.63,0.0,0.05,0.0,0.0,0.11,0.16,0.26,0.11,1.32,23.37,20.0,3.37,85.59,6.0,14.0,9.37,1.47,22.95,1.0,70.37,19,19,1545,0.16,0.0,1.21,0.79,17.42,2.84,5.63,40.68,5.05,41.03,0.58,37.93
165,924378,Premier League,Brentford,Sepp van den Berg,Defender,6.86,0.0,0.1,0.13,0.74,0.23,0.42,0.0,0.03,100.0,0.0,0.0,0.0,0.0,0.0,0.0,0.0,0.0,0.0,0.0,0.0,0.0,0.0,0.0,0.65,0.94,6.06,0.74,0.19,0.06,0.06,0.0,0.0,0.26,0.16,0.06,0.0,0.23,44.94,39.77,5.16,88.51,29.35,10.42,3.1,0.0,0.0,1.71,51.96,31,29,2671,0.06,0.0,0.45,0.35,5.77,0.13,5.45,65.0,1.03,58.18,4.42,66.83
166,553606,Premier League,Tottenham Hotspur,Guglielmo Vicario,Goalkeeper,6.85,0.0,0.0,0.0,0.0,0.0,0.0,0.0,0.0,0.0,0.0,0.0,0.0,0.0,0.0,0.0,0.0,0.0,0.0,0.0,0.0,0.0,0.0,0.0,0.03,0.0,1.19,0.0,0.03,0.06,0.03,0.0,0.0,0.23,0.0,0.0,0.0,0.03,34.55,23.16,11.39,67.04,20.03,3.13,1.03,0.0,0.0,5.06,31.21,31,31,2790,0.03,0.0,0.0,0.1,11.65,0.0,0.52,88.89,0.13,80.0,0.39,92.31
167,840217,Premier League,Tottenham Hotspur,Richarlison,Forward,6.85,0.33,0.25,0.27,1.87,0.8,0.6,17.86,0.33,35.71,0.3,0.03,0.1,0.03,0.2,0.03,0.3,0.0,0.0,0.0,0.0,0.0,0.0,0.0,0.83,0.17,1.6,0.07,0.37,0.0,0.03,0.0,0.0,0.1,0.13,0.13,0.0,0.6,9.73,6.03,3.7,61.99,1.67,4.37,3.1,0.0,0.0,0.33,62.5,30,18,1794,0.17,0.0,0.7,1.0,8.07,0.93,4.17,41.81,2.1,44.68,2.07,39.24
168,793167,Premier League,Fulham,Sander Berge,Midfielder,6.85,0.0,0.05,0.09,0.44,0.09,0.15,0.0,0.24,40.0,0.0,0.0,0.0,0.0,0.0,0.0,0.03,0.0,0.0,0.0,0.0,0.0,0.0,0.0,1.65,0.71,1.44,0.47,0.32,0.03,0.03,0.03,0.03,0.12,0.09,0.03,0.0,0.53,49.21,44.21,5.0,89.84,23.47,20.74,8.32,0.09,23.08,1.56,63.86,34,33,2821,0.15,0.0,1.0,0.41,7.09,0.56,3.76,54.7,2.29,50.65,1.47,62.5
169,1013842,Premier League,Wolverhampton,Emmanuel Agbadou,Defender,6.85,0.0,0.04,0.0,0.71,0.21,0.29,0.0,0.29,80.0,0.0,0.0,0.0,0.0,0.0,0.0,0.0,0.0,0.0,0.0,0.0,0.0,0.07,0.0,2.29,0.93,4.64,1.07,0.5,0.14,0.0,0.0,0.0,0.0,0.0,0.0,0.0,0.29,47.07,39.07,8.0,83.0,25.0,14.07,5.29,0.29,28.57,3.57,42.74,14,12,1101,0.07,0.07,0.71,0.36,10.5,0.36,4.79,63.81,2.93,64.06,1.86,63.41
170,893549,Premier League,Manchester City,Tijjani Reijnders,Midfielder,6.85,0.19,0.14,0.15,1.67,0.56,0.63,11.11,0.7,44.19,0.19,0.0,0.0,0.11,0.07,0.04,0.15,0.0,0.0,0.0,0.0,0.0,0.07,0.0,0.37,0.37,0.74,0.04,0.22,0.0,0.04,0.0,0.0,0.07,0.15,0.07,0.04,0.67,28.52,25.37,3.15,88.96,8.33,17.04,9.63,0.37,26.32,0.44,50.0,27,18,1563,0.07,0.0,0.67,0.56,6.93,0.59,1.74,40.87,1.63,41.12,0.11,37.5
171,948261,Premier League,Aston Villa,Morgan Rogers,Midfielder,6.85,0.27,0.18,0.11,2.27,0.86,0.7,11.9,1.14,35.59,0.19,0.08,0.0,0.05,0.22,0.08,0.08,0.0,0.0,0.0,0.0,0.03,0.11,25.0,1.14,0.35,0.86,0.08,0.62,0.0,0.05,0.03,0.0,0.19,0.35,0.16,0.0,1.27,28.86,21.54,7.32,74.63,7.11,14.43,10.14,0.08,6.0,1.0,61.67,37,37,3285,0.19,0.0,1.24,1.32,16.73,2.16,4.27,35.75,3.57,37.29,0.7,29.55
172,1136730,Premier League,Newcastle United,Lewis Hall,Defender,6.85,0.03,0.03,0.03,0.83,0.21,0.24,4.17,1.24,54.55,0.0,0.03,0.0,0.03,0.0,0.07,0.0,0.0,0.0,0.0,0.0,0.0,0.14,0.0,1.83,0.9,2.52,0.48,0.52,0.03,0.03,0.0,0.0,0.1,0.17,0.03,0.0,0.79,42.07,35.83,6.24,85.16,15.66,20.17,10.9,0.66,19.39,1.59,41.82,29,23,2089,0.14,0.0,0.59,1.41,13.41,1.21,5.38,55.12,4.48,57.52,0.9,45.61
173,843200,Premier League,Manchester United,Diogo Dalot,Defender,6.85,0.03,0.06,0.12,0.71,0.18,0.44,4.17,0.53,66.67,0.03,0.0,0.0,0.0,0.03,0.03,0.12,0.0,0.0,0.0,0.0,0.0,0.0,0.0,1.56,0.79,2.71,0.26,0.62,0.03,0.06,0.0,0.0,0.15,0.15,0.09,0.0,0.85,33.29,28.29,5.0,84.98,13.38,14.91,7.94,0.5,29.82,1.21,61.19,34,29,2616,0.15,0.0,0.74,0.41,10.09,0.47,3.97,59.47,2.44,53.9,1.53,71.23
174,996910,Premier League,Burnley,Bashir Humphreys,Defender,6.84,0.0,0.02,0.06,0.5,0.17,0.11,0.0,0.33,54.55,0.0,0.0,0.0,0.0,0.0,0.0,0.11,0.0,0.0,0.0,0.0,0.0,0.0,0.0,1.5,0.56,4.56,0.94,0.83,0.0,0.11,0.0,0.0,0.11,0.06,0.0,0.0,0.5,43.06,34.83,8.22,80.9,21.06,13.78,5.94,0.17,17.65,2.67,40.0,18,16,1480,0.33,0.0,0.78,0.5,11.17,0.33,3.67,48.89,2.33,51.22,1.33,45.28
175,1917626,Premier League,Arsenal,Max Dowman,Midfielder,6.84,0.2,0.24,0.0,1.2,0.2,0.8,16.67,1.0,33.33,0.2,0.0,0.0,0.2,0.0,0.0,0.0,0.2,0.0,0.0,0.0,0.0,0.0,0.0,0.4,0.2,0.0,0.0,0.4,0.0,0.0,0.0,0.0,0.0,0.0,0.0,0.0,0.6,5.6,5.0,0.6,89.29,0.8,4.2,2.8,0.2,16.67,0.0,0.0,5,0,100,0.0,0.0,0.2,1.2,5.0,0.6,2.6,41.94,2.6,44.83,0.0,0.0
176,927083,Premier League,Manchester United,Bryan Mbeumo,Forward,6.84,0.31,0.35,0.41,2.25,0.97,0.84,13.89,0.53,32.69,0.31,0.0,0.03,0.19,0.09,0.09,0.22,0.03,0.0,0.0,0.0,0.0,0.0,0.0,0.78,0.25,0.44,0.03,0.44,0.0,0.03,0.0,0.0,0.0,0.16,0.09,0.0,1.44,24.47,19.34,5.12,79.05,5.81,13.53,9.06,1.09,33.33,0.47,53.57,32,30,2547,0.12,0.0,0.72,0.88,12.44,0.88,2.66,32.69,2.19,41.18,0.47,16.67
177,836694,Premier League,Manchester United,Mason Mount,Forward,6.84,0.14,0.07,0.05,0.86,0.23,0.36,15.79,0.32,41.18,0.09,0.05,0.0,0.0,0.14,0.05,0.0,0.05,0.0,0.0,0.0,0.0,0.05,0.0,0.91,0.36,0.36,0.05,0.5,0.0,0.0,0.0,0.0,0.05,0.05,0.0,0.0,0.59,17.5,14.18,3.32,81.04,4.0,10.18,6.32,0.05,5.26,1.0,62.86,22,11,944,0.09,0.0,0.73,0.41,6.05,0.64,1.95,40.19,1.64,41.86,0.32,33.33
178,846036,Premier League,Arsenal,Ben White,Defender,6.84,0.0,0.04,0.0,0.42,0.08,0.25,0.0,0.25,75.0,0.0,0.0,0.0,0.0,0.0,0.0,0.25,0.0,0.0,0.0,0.0,0.0,0.0,0.0,1.25,0.75,2.08,0.33,0.67,0.0,0.0,0.0,0.0,0.25,0.25,0.08,0.0,0.67,29.5,24.08,5.42,81.64,9.75,14.33,9.67,0.25,18.75,0.83,32.26,12,9,713,0.0,0.0,0.42,0.5,8.33,0.17,3.0,53.73,2.0,60.0,1.0,44.44
179,794953,Premier League,Tottenham Hotspur,Kevin Danso,Defender,6.84,0.0,0.02,0.0,0.32,0.09,0.09,0.0,0.05,50.0,0.0,0.0,0.0,0.0,0.0,0.05,0.0,0.0,0.0,0.0,0.0,0.0,0.0,0.0,1.18,0.82,5.5,0.5,0.41,0.05,0.05,0.0,0.0,0.14,0.05,0.0,0.0,0.14,37.91,32.68,5.23,86.21,23.18,9.5,2.95,0.0,0.0,1.45,36.36,22,15,1327,0.36,0.0,0.95,0.5,8.32,0.14,5.0,60.44,1.68,52.11,3.32,65.77
180,958878,Premier League,Sunderland,Daniel Ballard,Defender,6.84,0.07,0.08,0.24,0.9,0.31,0.41,7.69,0.1,60.0,0.07,0.0,0.03,0.0,0.03,0.0,0.1,0.03,0.0,0.0,0.0,0.0,0.0,0.0,1.14,0.69,6.38,0.83,0.21,0.0,0.1,0.0,0.0,0.21,0.1,0.0,0.0,0.52,38.03,31.24,6.79,82.14,21.93,9.31,3.31,0.0,0.0,2.0,37.18,29,24,2148,0.14,0.03,1.0,1.03,7.62,0.21,5.79,58.95,2.14,60.78,3.66,57.92
181,1031251,Premier League,Tottenham Hotspur,Antonín Kinský,Goalkeeper,6.84,0.0,0.0,0.0,0.0,0.0,0.0,0.0,0.0,0.0,0.0,0.0,0.0,0.0,0.0,0.0,0.0,0.0,0.0,0.0,0.0,0.0,0.0,0.0,0.0,0.0,1.8,0.0,0.0,0.0,0.0,0.0,0.0,0.2,0.0,0.0,0.0,0.0,33.8,20.8,13.0,61.54,16.4,4.4,1.4,0.0,0.0,6.4,32.99,5,5,450,0.0,0.0,0.0,0.2,13.0,0.0,0.8,100.0,0.2,100.0,0.6,100.0
182,871765,Premier League,Nottingham Forest,Nicolás Domínguez,Midfielder,6.84,0.04,0.05,0.04,0.65,0.19,0.19,5.88,0.23,50.0,0.04,0.0,0.04,0.0,0.0,0.0,0.0,0.0,0.0,0.0,0.0,0.0,0.0,0.0,2.08,0.27,0.65,0.19,0.88,0.0,0.04,0.0,0.0,0.0,0.08,0.04,0.04,0.46,20.04,17.04,3.0,85.03,8.35,8.69,4.58,0.23,42.86,0.58,62.5,26,17,1168,0.12,0.0,0.62,0.42,4.23,0.15,3.23,55.63,2.73,60.17,0.5,39.39
183,1471671,Premier League,Crystal Palace,Jaydee Canvot,Defender,6.84,0.0,0.07,0.15,0.35,0.05,0.3,0.0,0.1,50.0,0.0,0.0,0.0,0.0,0.0,0.0,0.0,0.0,0.0,0.0,0.0,0.0,0.0,0.0,1.95,0.6,5.15,0.65,0.95,0.05,0.1,0.05,0.0,0.2,0.0,0.0,0.0,0.15,38.25,33.75,4.5,88.24,20.4,13.35,5.95,0.0,0.0,1.85,48.68,20,14,1347,0.15,0.0,0.6,0.35,6.0,0.25,4.25,60.28,2.4,56.47,1.85,66.07
184,783126,Premier League,Aston Villa,Emiliano Buendía,Midfielder,6.83,0.17,0.1,0.06,1.34,0.34,0.63,12.77,0.26,31.03,0.09,0.09,0.03,0.03,0.11,0.06,0.03,0.0,0.0,0.0,0.0,0.03,0.14,20.0,1.17,0.34,0.57,0.11,0.6,0.0,0.03,0.0,0.0,0.0,0.11,0.06,0.0,0.77,17.91,14.51,3.4,81.02,5.57,8.94,6.06,0.0,0.0,0.66,60.53,35,20,1694,0.17,0.0,1.14,1.2,6.17,0.97,3.23,43.3,2.63,45.1,0.6,36.84
185,984624,Premier League,Crystal Palace,Yéremy Pino,Forward,6.83,0.06,0.13,0.15,1.27,0.33,0.36,4.76,0.52,39.53,0.03,0.03,0.0,0.0,0.06,0.06,0.3,0.0,0.0,0.0,0.0,0.0,0.12,0.0,1.09,0.27,0.64,0.03,1.0,0.0,0.0,0.0,0.0,0.03,0.42,0.03,0.0,1.36,24.61,18.42,6.18,74.88,7.39,11.03,6.88,0.45,19.74,1.12,52.11,33,26,2055,0.12,0.0,0.91,0.67,11.45,1.03,2.91,38.1,2.27,38.86,0.64,35.59
186,1899647,Premier League,Wolverhampton,Mateus Mané,Forward,6.83,0.12,0.07,0.0,1.46,0.62,0.65,7.89,1.15,36.59,0.0,0.12,0.0,0.0,0.12,0.04,0.08,0.08,0.0,0.0,0.0,0.0,0.12,0.0,1.04,0.19,0.92,0.04,0.58,0.04,0.04,0.04,0.0,0.12,0.23,0.04,0.04,0.96,13.81,10.54,3.27,76.32,3.54,7.0,3.96,1.04,34.18,0.42,33.33,26,18,1709,0.0,0.0,0.96,1.73,11.73,1.46,4.23,40.44,3.92,44.54,0.31,18.6
187,845286,Premier League,Crystal Palace,Ismaïla Sarr,Forward,6.83,0.33,0.4,0.41,1.78,0.78,0.59,18.75,0.37,34.48,0.33,0.0,0.04,0.07,0.22,0.15,0.52,0.07,0.11,0.11,100.0,0.0,0.0,0.0,0.67,0.3,1.0,0.15,0.33,0.0,0.07,0.0,0.0,0.26,0.11,0.04,0.0,0.7,17.07,12.22,4.85,71.58,3.7,8.52,4.89,0.11,12.5,0.3,40.0,27,23,2131,0.07,0.0,0.44,1.52,9.89,1.59,3.41,38.98,2.56,46.62,0.85,26.14
188,1184308,Premier League,Bournemouth,Álex Jiménez,Defender,6.83,0.03,0.04,0.0,0.68,0.13,0.26,4.76,1.26,52.0,0.03,0.0,0.0,0.0,0.03,0.0,0.0,0.0,0.0,0.0,0.0,0.0,0.0,0.0,2.23,0.87,1.32,0.35,0.74,0.0,0.0,0.03,0.0,0.1,0.06,0.0,0.0,0.45,28.0,22.45,5.55,80.18,9.97,12.48,7.0,0.35,21.57,1.32,46.59,31,26,2330,0.32,0.0,1.13,0.65,10.77,0.65,4.55,50.9,4.13,52.89,0.42,37.14
189,833956,Premier League,Aston Villa,Matty Cash,Defender,6.83,0.09,0.03,0.0,0.88,0.29,0.35,10.0,0.32,55.0,0.03,0.06,0.0,0.03,0.06,0.03,0.12,0.0,0.0,0.0,0.0,0.0,0.0,0.0,1.94,0.65,2.47,0.38,1.03,0.06,0.06,0.0,0.0,0.24,0.12,0.09,0.03,0.88,40.47,34.71,5.76,85.76,16.76,17.94,9.62,0.76,20.16,1.62,42.64,34,34,2975,0.26,0.0,1.21,0.88,12.74,0.5,4.03,51.5,3.09,50.72,0.94,54.24
190,825844,Premier League,Brighton & Hove Albion,Ferdi Kadıoğlu,Defender,6.83,0.03,0.06,0.08,0.75,0.36,0.22,3.7,0.33,54.55,0.03,0.0,0.0,0.0,0.03,0.06,0.19,0.0,0.0,0.0,0.0,0.0,0.0,0.0,1.56,0.69,2.19,0.19,1.03,0.0,0.0,0.0,0.0,0.28,0.06,0.0,0.03,0.61,36.69,31.39,5.31,85.54,13.44,17.94,10.64,0.64,21.3,1.22,47.31,36,33,3044,0.17,0.0,0.61,0.97,10.69,0.47,3.72,53.82,2.83,55.14,0.89,50.0
191,803174,Premier League,Fulham,Antonee Robinson,Defender,6.83,0.05,0.05,0.0,0.24,0.05,0.05,20.0,0.57,57.14,0.05,0.0,0.0,0.05,0.0,0.0,0.1,0.0,0.05,0.05,100.0,0.0,0.0,0.0,2.14,1.29,2.52,0.14,1.0,0.0,0.05,0.0,0.0,0.14,0.05,0.0,0.0,1.0,36.05,28.71,7.33,79.66,14.76,13.95,8.05,0.67,18.67,1.52,44.44,21,16,1402,0.19,0.0,0.67,0.38,14.14,0.33,3.86,57.45,3.1,56.52,0.76,61.54
192,800419,Premier League,Bournemouth,Tyler Adams,Midfielder,6.83,0.09,0.03,0.0,0.39,0.26,0.04,22.22,0.26,50.0,0.04,0.04,0.0,0.0,0.09,0.0,0.04,0.0,0.0,0.0,0.0,0.0,0.0,0.0,1.87,1.3,1.7,0.39,0.74,0.0,0.04,0.0,0.0,0.17,0.09,0.09,0.0,0.3,39.57,34.43,5.13,87.03,16.96,17.48,7.09,0.09,66.67,1.26,47.54,23,19,1598,0.3,0.0,1.35,0.52,6.91,0.43,3.52,48.8,2.52,47.93,1.0,51.11
193,361420,Premier League,Tottenham Hotspur,Dominic Solanke,Forward,6.82,0.2,0.16,0.2,1.33,0.73,0.2,15.0,0.87,50.0,0.2,0.0,0.0,0.07,0.13,0.0,0.2,0.0,0.0,0.0,0.0,0.0,0.0,0.0,1.47,0.2,0.73,0.13,0.33,0.0,0.07,0.0,0.0,0.0,0.07,0.0,0.0,0.4,10.53,7.8,2.73,74.05,2.8,5.0,3.67,0.0,0.0,0.13,33.33,15,11,1000,0.07,0.0,0.8,0.6,7.4,0.87,4.27,43.54,2.93,51.16,1.33,32.79
194,966547,Premier League,Arsenal,Noni Madueke,Midfielder,6.82,0.08,0.04,0.08,0.88,0.32,0.24,9.09,1.04,46.43,0.04,0.04,0.04,0.04,0.0,0.0,0.16,0.0,0.0,0.0,0.0,0.0,0.0,0.0,0.84,0.2,0.28,0.04,0.8,0.0,0.0,0.0,0.0,0.0,0.2,0.04,0.0,0.76,15.0,11.32,3.68,75.47,2.48,8.84,6.24,0.6,19.48,0.4,52.63,25,15,1143,0.0,0.0,0.6,0.6,9.76,0.64,2.88,43.9,2.48,43.66,0.4,45.45
195,1002711,Premier League,Tottenham Hotspur,Pape Matar Sarr,Midfielder,6.82,0.08,0.06,0.04,0.67,0.25,0.12,12.5,0.5,60.0,0.08,0.0,0.08,0.0,0.0,0.0,0.12,0.0,0.0,0.0,0.0,0.0,0.0,0.0,1.38,0.71,1.92,0.42,0.42,0.0,0.08,0.0,0.0,0.12,0.08,0.12,0.0,0.33,25.83,21.96,3.88,85.0,10.0,11.96,6.21,0.04,14.29,0.83,60.61,24,13,1360,0.08,0.0,1.12,0.54,6.12,0.71,3.54,46.45,2.42,49.15,1.12,41.54
196,1035996,Premier League,Wolverhampton,André,Midfielder,6.82,0.03,0.01,0.0,0.41,0.03,0.12,7.14,0.56,55.88,0.0,0.03,0.0,0.03,0.0,0.0,0.0,0.0,0.0,0.0,0.0,0.0,0.03,0.0,2.29,0.85,1.44,0.35,1.06,0.06,0.18,0.0,0.0,0.03,0.03,0.0,0.0,0.53,37.91,34.65,3.26,91.39,18.97,15.68,5.53,0.29,25.0,1.71,68.24,34,29,2676,0.35,0.0,1.32,1.24,6.38,0.88,4.21,50.71,4.09,52.65,0.12,22.22
197,867887,Premier League,Aston Villa,Douglas Luiz,Midfielder,6.82,0.05,0.03,0.1,0.55,0.25,0.15,9.09,0.3,46.15,0.05,0.0,0.0,0.0,0.05,0.0,0.0,0.0,0.0,0.0,0.0,0.0,0.0,0.0,1.1,0.7,0.5,0.1,0.3,0.0,0.05,0.05,0.0,0.0,0.15,0.0,0.0,0.95,30.35,27.2,3.15,89.62,13.05,14.15,6.8,0.55,25.58,1.3,56.52,20,11,871,0.15,0.0,0.65,0.7,6.3,0.15,2.5,56.82,2.05,59.42,0.45,47.37
198,927353,Premier League,Liverpool FC,Curtis Jones,Midfielder,6.82,0.0,0.06,0.09,0.67,0.18,0.3,0.0,0.64,65.63,0.0,0.0,0.0,0.0,0.0,0.06,0.0,0.0,0.0,0.0,0.0,0.0,0.0,0.0,1.18,0.55,0.76,0.15,0.61,0.0,0.15,0.0,0.0,0.03,0.12,0.06,0.0,0.61,47.97,43.97,4.0,91.66,16.64,27.33,13.82,0.03,7.69,1.73,67.06,33,17,1860,0.06,0.0,0.48,0.88,6.76,0.7,3.03,51.02,2.7,56.33,0.33,28.95
199,161717,Premier League,Burnley,James Ward-Prowse,Midfielder,6.82,0.0,0.01,0.0,0.31,0.12,0.0,0.0,0.12,28.57,0.0,0.0,0.0,0.0,0.0,0.0,0.0,0.0,0.0,0.0,0.0,0.0,0.12,0.0,0.94,1.25,1.06,0.44,0.62,0.12,0.0,0.0,0.0,0.06,0.44,0.06,0.0,1.38,35.94,31.81,4.12,88.52,15.75,16.06,6.81,1.62,37.14,1.62,52.0,16,12,1082,0.06,0.0,0.5,0.81,8.31,0.25,2.5,50.63,1.88,52.63,0.62,45.45
200,149663,Premier League,Manchester City,Nathan Aké,Defender,6.82,0.0,0.04,0.06,0.29,0.06,0.18,0.0,0.0,0.0,0.0,0.0,0.0,0.0,0.0,0.0,0.06,0.0,0.0,0.0,0.0,0.0,0.0,0.0,0.47,0.29,1.82,0.0,0.12,0.0,0.06,0.0,0.0,0.18,0.12,0.0,0.0,0.41,27.24,24.18,3.06,88.77,12.06,12.12,5.82,0.18,75.0,0.41,28.0,17,5,626,0.06,0.0,0.12,0.47,3.71,0.0,1.94,67.35,0.94,76.19,1.0,60.71
201,219572,Premier League,Brighton & Hove Albion,Joël Veltman,Defender,6.82,0.04,0.05,0.0,0.17,0.04,0.04,25.0,0.08,40.0,0.04,0.0,0.0,0.04,0.0,0.0,0.08,0.0,0.0,0.0,0.0,0.0,0.0,0.0,1.29,0.75,1.83,0.25,0.42,0.0,0.0,0.0,0.0,0.04,0.0,0.0,0.0,0.17,18.42,15.04,3.38,81.67,7.17,7.88,4.04,0.08,10.53,0.54,31.71,24,9,1073,0.21,0.0,0.42,0.92,6.0,0.08,3.12,66.96,2.29,68.75,0.83,62.5
202,836675,Premier League,Leeds United,Pascal Struijk,Defender,6.82,0.0,0.09,0.12,0.94,0.15,0.55,0.0,0.12,66.67,0.0,0.0,0.0,0.0,0.0,0.0,0.15,0.0,0.0,0.0,0.0,0.0,0.0,0.0,1.12,0.88,6.21,0.58,0.48,0.0,0.0,0.0,0.0,0.18,0.06,0.03,0.0,0.36,53.79,47.48,6.3,88.28,32.42,15.06,5.06,0.0,0.0,2.03,45.27,33,32,2847,0.15,0.0,0.73,0.64,7.39,0.24,5.12,56.15,1.85,55.96,3.27,56.25
203,856739,Premier League,Sunderland,Lutsharel Geertruida,Defender,6.82,0.0,0.04,0.04,0.41,0.11,0.15,0.0,0.26,63.64,0.0,0.0,0.0,0.0,0.0,0.04,0.04,0.0,0.0,0.0,0.0,0.0,0.0,0.0,1.33,0.7,1.7,0.37,0.44,0.0,0.07,0.0,0.0,0.11,0.04,0.0,0.0,0.3,26.44,22.67,3.78,85.71,12.56,10.11,4.26,0.07,25.0,0.93,47.17,27,16,1612,0.04,0.0,0.56,0.22,5.52,0.11,2.26,57.55,1.81,59.04,0.44,52.17
204,805137,Premier League,Sunderland,Omar Alderete,Defender,6.82,0.03,0.05,0.06,0.73,0.27,0.24,4.17,0.52,80.95,0.03,0.0,0.03,0.0,0.0,0.09,0.15,0.0,0.0,0.0,0.0,0.0,0.0,0.0,0.97,1.09,6.58,0.88,0.24,0.0,0.15,0.0,0.0,0.27,0.03,0.03,0.0,0.27,39.52,32.03,7.48,81.06,21.27,10.76,3.45,0.09,27.27,2.36,40.0,33,32,2802,0.18,0.0,1.03,0.3,9.06,0.36,4.42,54.28,1.76,50.0,2.67,57.52
205,243609,Premier League,Liverpool FC,Alisson,Goalkeeper,6.81,0.0,0.0,0.0,0.0,0.0,0.0,0.0,0.0,0.0,0.0,0.0,0.0,0.0,0.0,0.0,0.0,0.0,0.0,0.0,0.0,0.0,0.0,0.0,0.0,0.0,1.48,0.0,0.04,0.0,0.12,0.04,0.0,0.32,0.0,0.0,0.0,0.0,31.4,25.0,6.4,79.62,22.76,2.24,0.8,0.0,0.0,4.12,39.92,25,25,2250,0.04,0.0,0.04,0.28,6.68,0.0,0.44,78.57,0.2,71.43,0.24,85.71
206,555386,Premier League,Aston Villa,Ollie Watkins,Forward,6.81,0.39,0.39,0.53,2.19,1.0,0.58,17.72,0.67,45.28,0.36,0.03,0.11,0.06,0.22,0.06,0.64,0.0,0.0,0.0,0.0,0.0,0.0,0.0,0.58,0.17,0.42,0.03,0.11,0.0,0.0,0.0,0.0,0.08,0.11,0.08,0.0,0.64,12.81,9.22,3.58,72.02,2.64,6.58,4.42,0.06,28.57,0.08,42.86,36,32,2762,0.11,0.0,0.97,0.86,7.72,1.19,3.03,39.78,2.11,41.3,0.92,36.67
207,42694,Premier League,Brentford,Jordan Henderson,Midfielder,6.81,0.03,0.01,0.0,0.19,0.03,0.1,16.67,0.1,37.5,0.03,0.0,0.0,0.0,0.03,0.0,0.03,0.0,0.0,0.0,0.0,0.0,0.0,0.0,0.84,0.55,1.1,0.23,0.26,0.0,0.0,0.0,0.0,0.1,0.26,0.1,0.0,0.61,36.23,28.13,8.1,77.65,15.16,12.97,6.39,0.52,33.33,2.26,37.04,31,21,1869,0.16,0.0,0.42,0.23,10.1,0.19,1.52,48.45,1.1,51.52,0.42,41.94
208,106337,Premier League,Everton,Idrissa Gana Gueye,Midfielder,6.81,0.08,0.08,0.0,1.16,0.28,0.44,6.9,0.28,33.33,0.08,0.0,0.0,0.0,0.08,0.08,0.0,0.0,0.0,0.0,0.0,0.0,0.0,0.0,1.72,1.12,0.96,0.28,0.76,0.0,0.08,0.0,0.0,0.16,0.08,0.12,0.0,0.52,42.6,37.2,5.4,87.32,15.56,21.64,10.4,0.16,21.05,0.8,45.45,25,25,2101,0.04,0.04,0.84,1.24,8.2,0.36,3.76,55.95,3.24,56.64,0.52,52.0
209,861972,Premier League,Fulham,Calvin Bassey,Defender,6.81,0.03,0.06,0.0,0.45,0.07,0.17,7.69,0.34,50.0,0.03,0.0,0.03,0.0,0.0,0.0,0.0,0.03,0.0,0.0,0.0,0.0,0.0,0.0,2.07,0.72,3.31,0.72,0.24,0.07,0.1,0.03,0.0,0.21,0.0,0.0,0.0,0.31,57.1,50.24,6.86,87.98,34.69,15.55,5.31,0.1,21.43,1.9,37.16,29,27,2454,0.17,0.0,0.93,1.38,9.21,0.52,5.1,61.92,3.79,65.48,1.31,53.52
210,1122603,Premier League,Newcastle United,William Osula,Forward,6.81,0.3,0.19,0.17,1.0,0.52,0.17,30.43,0.3,46.67,0.26,0.04,0.04,0.17,0.09,0.04,0.09,0.0,0.0,0.0,0.0,0.0,0.04,0.0,0.22,0.04,0.0,0.04,0.13,0.0,0.0,0.0,0.0,0.04,0.0,0.0,0.0,0.26,3.39,2.74,0.65,80.77,1.13,1.61,1.04,0.09,66.67,0.0,0.0,23,7,797,0.0,0.0,1.0,0.65,2.87,0.57,1.57,33.33,1.17,38.03,0.39,24.32
211,1426228,Premier League,Bournemouth,Eli Junior Kroupi,Forward,6.8,0.39,0.26,0.1,1.42,0.65,0.29,27.27,0.45,41.18,0.32,0.06,0.03,0.06,0.29,0.03,0.16,0.0,0.06,0.06,100.0,0.0,0.0,0.0,0.29,0.26,1.03,0.0,0.26,0.0,0.03,0.0,0.0,0.0,0.1,0.0,0.0,0.68,12.87,9.65,3.23,74.94,3.81,5.84,3.19,0.03,10.0,0.42,65.0,31,19,1541,0.16,0.0,0.84,0.35,6.1,0.61,1.35,30.88,1.1,31.78,0.26,27.59
212,96531,Premier League,West Ham United,Alphonse Aréola,Goalkeeper,6.8,0.0,0.0,0.0,0.0,0.0,0.0,0.0,0.0,0.0,0.0,0.0,0.0,0.0,0.0,0.0,0.0,0.0,0.0,0.0,0.0,0.0,0.0,0.0,0.0,0.05,1.45,0.0,0.0,0.1,0.05,0.05,0.0,0.0,0.0,0.05,0.0,0.05,27.0,12.6,14.4,46.67,7.85,4.75,1.05,0.0,0.0,6.35,30.68,20,20,1800,0.0,0.0,0.05,0.05,14.7,0.0,0.3,66.67,0.05,50.0,0.25,71.43
213,78152,Premier League,Nottingham Forest,Matz Sels,Goalkeeper,6.8,0.0,0.0,0.0,0.0,0.0,0.0,0.0,0.0,0.0,0.0,0.0,0.0,0.0,0.0,0.0,0.0,0.0,0.0,0.0,0.0,0.0,0.0,0.0,0.03,0.0,0.83,0.0,0.07,0.07,0.03,0.0,0.0,0.23,0.0,0.0,0.0,0.03,25.07,14.23,10.83,56.78,10.43,3.8,1.27,0.0,0.0,4.83,31.12,30,29,2577,0.07,0.0,0.0,0.17,10.97,0.0,0.37,78.57,0.2,75.0,0.17,83.33
214,1020680,Premier League,Burnley,Jaidon Anthony,Midfielder,6.8,0.23,0.14,0.09,1.49,0.63,0.49,15.38,0.91,36.36,0.23,0.0,0.0,0.14,0.09,0.06,0.26,0.03,0.0,0.0,0.0,0.0,0.0,0.0,1.17,0.43,0.71,0.2,0.83,0.0,0.09,0.03,0.0,0.06,0.17,0.06,0.0,1.0,23.37,18.57,4.8,79.46,7.69,10.89,6.14,0.37,18.31,0.71,46.3,35,30,2568,0.11,0.0,0.66,1.23,12.11,1.11,3.57,42.23,3.23,43.46,0.34,33.33
215,365802,Premier League,Fulham,Harrison Reed,Midfielder,6.8,0.14,0.02,0.0,0.29,0.14,0.0,50.0,0.0,0.0,0.0,0.14,0.0,0.0,0.14,0.0,0.0,0.0,0.0,0.0,0.0,0.0,0.0,0.0,0.0,0.0,0.14,0.0,0.43,0.0,0.0,0.0,0.0,0.0,0.0,0.0,0.0,0.43,6.14,5.71,0.43,93.02,3.14,2.57,1.14,0.43,75.0,0.43,75.0,7,1,126,0.0,0.0,0.29,0.14,0.86,0.0,0.29,22.22,0.14,16.67,0.14,33.33
216,936849,Premier League,Brighton & Hove Albion,Kaoru Mitoma,Midfielder,6.8,0.12,0.16,0.32,1.28,0.52,0.44,9.38,1.12,44.44,0.08,0.04,0.04,0.04,0.04,0.08,0.16,0.0,0.0,0.0,0.0,0.0,0.0,0.0,0.72,0.36,0.68,0.04,0.68,0.0,0.08,0.0,0.0,0.04,0.16,0.04,0.04,1.24,22.96,18.92,4.04,82.4,4.76,14.16,9.16,0.32,17.39,0.48,63.16,25,19,1721,0.2,0.0,1.24,0.84,9.96,0.92,3.28,40.0,2.68,39.64,0.6,41.67
217,252669,Premier League,Wolverhampton,José Sá,Goalkeeper,6.8,0.0,0.0,0.0,0.0,0.0,0.0,0.0,0.0,0.0,0.0,0.0,0.0,0.0,0.0,0.0,0.0,0.0,0.0,0.0,0.0,0.0,0.0,0.0,0.0,0.0,2.05,0.0,0.0,0.05,0.09,0.0,0.0,0.18,0.0,0.0,0.0,0.05,30.55,18.41,12.14,60.27,13.41,5.0,1.86,0.0,0.0,6.32,34.84,22,22,1980,0.09,0.0,0.0,0.27,12.27,0.0,0.95,95.45,0.18,100.0,0.77,94.44
218,988275,Premier League,Crystal Palace,Tyrick Mitchell,Midfielder,6.8,0.03,0.04,0.08,0.51,0.19,0.19,5.26,0.41,34.88,0.03,0.0,0.0,0.0,0.03,0.03,0.14,0.0,0.0,0.0,0.0,0.0,0.0,0.0,2.73,0.89,2.68,0.3,0.57,0.0,0.05,0.0,0.0,0.32,0.11,0.05,0.0,0.78,29.65,21.62,8.03,72.93,10.27,11.35,6.32,0.59,21.15,1.05,26.71,37,36,3208,0.16,0.0,0.62,0.73,14.05,0.7,4.54,55.26,3.86,60.08,0.68,37.88
219,1105779,Premier League,Chelsea,Andrey Santos,Midfielder,6.8,0.0,0.07,0.12,0.38,0.04,0.27,0.0,0.08,40.0,0.0,0.0,0.0,0.0,0.0,0.04,0.04,0.0,0.0,0.0,0.0,0.0,0.0,0.0,1.23,0.73,0.69,0.23,0.46,0.0,0.04,0.0,0.0,0.04,0.04,0.0,0.0,0.31,29.19,26.15,3.04,89.59,13.31,12.85,5.04,0.0,0.0,0.54,50.0,26,12,1190,0.15,0.0,0.46,0.81,3.85,0.08,2.65,61.06,2.12,67.07,0.54,45.16
220,1089582,Premier League,West Ham United,Freddie Potts,Midfielder,6.8,0.0,0.01,0.0,0.14,0.05,0.0,0.0,0.09,25.0,0.0,0.0,0.0,0.0,0.0,0.0,0.0,0.0,0.0,0.0,0.0,0.0,0.0,0.0,1.32,0.77,1.41,0.14,0.36,0.0,0.0,0.0,0.0,0.0,0.09,0.05,0.0,0.36,24.18,20.23,3.95,83.65,8.86,11.36,4.32,0.27,17.65,1.23,47.37,22,12,1167,0.05,0.0,0.68,0.64,6.23,0.23,2.95,58.56,2.05,57.69,0.91,60.61
221,1406130,Premier League,Bournemouth,Veljko Milosavljević,Defender,6.8,0.0,0.02,0.14,0.14,0.0,0.14,0.0,0.14,100.0,0.0,0.0,0.0,0.0,0.0,0.0,0.0,0.0,0.0,0.0,0.0,0.0,0.0,0.0,0.71,0.57,3.57,0.71,0.29,0.0,0.0,0.0,0.0,0.14,0.0,0.0,0.0,0.14,27.14,22.86,4.29,84.21,16.14,6.71,2.71,0.0,0.0,1.14,30.77,7,4,375,0.0,0.0,0.0,0.0,4.86,0.14,2.43,47.22,0.86,66.67,1.57,40.74
222,875137,Premier League,Burnley,Zian Flemming,Forward,6.79,0.37,0.29,0.37,1.89,0.74,0.63,19.61,0.15,36.36,0.33,0.04,0.11,0.07,0.19,0.0,0.11,0.0,0.07,0.07,100.0,0.0,0.04,0.0,0.56,0.26,1.19,0.19,0.19,0.0,0.0,0.0,0.0,0.0,0.0,0.0,0.0,0.33,9.15,5.96,3.19,65.18,1.85,4.11,2.19,0.04,16.67,0.33,56.25,27,19,1633,0.15,0.0,1.7,0.93,6.59,0.59,3.78,40.8,1.59,37.39,2.19,43.7
223,560128,Premier League,Newcastle United,Joelinton,Midfielder,6.79,0.07,0.09,0.04,1.19,0.41,0.44,6.25,0.59,53.33,0.07,0.0,0.04,0.04,0.0,0.04,0.04,0.0,0.0,0.0,0.0,0.0,0.0,0.0,1.59,1.11,1.48,0.11,0.74,0.0,0.07,0.0,0.0,0.11,0.11,0.04,0.0,0.63,31.07,25.7,5.37,82.72,11.04,14.67,7.74,0.07,20.0,0.81,64.71,27,23,1953,0.37,0.0,1.74,1.0,8.33,0.96,5.52,50.34,3.19,46.24,2.33,57.27
224,1135873,Premier League,Chelsea,Alejandro Garnacho,Forward,6.79,0.04,0.15,0.3,1.43,0.3,0.7,3.03,0.61,35.9,0.04,0.0,0.0,0.04,0.0,0.09,0.09,0.0,0.0,0.0,0.0,0.0,0.0,0.0,0.61,0.17,0.26,0.0,0.39,0.0,0.0,0.0,0.0,0.04,0.26,0.17,0.0,1.26,20.43,17.87,2.57,87.45,5.04,12.83,8.87,0.35,13.56,0.57,100.0,23,14,1274,0.09,0.0,0.39,1.0,8.3,0.48,2.35,44.63,2.22,48.57,0.13,18.75
225,836168,Premier League,Nottingham Forest,Nikola Milenković,Defender,6.79,0.0,0.02,0.05,0.43,0.03,0.35,0.0,0.08,100.0,0.0,0.0,0.0,0.0,0.0,0.0,0.03,0.0,0.0,0.0,0.0,0.0,0.0,0.0,0.81,0.78,5.7,0.92,0.27,0.05,0.03,0.0,0.03,0.24,0.03,0.0,0.0,0.03,40.38,35.08,5.3,86.88,24.7,10.38,3.19,0.0,0.0,2.19,41.75,37,36,3285,0.16,0.0,0.54,0.54,5.78,0.05,3.76,66.51,1.43,63.1,2.32,68.8
226,193554,Premier League,Crystal Palace,Will Hughes,Midfielder,6.78,0.0,0.04,0.03,0.57,0.0,0.33,0.0,0.33,58.82,0.0,0.0,0.0,0.0,0.0,0.0,0.0,0.0,0.0,0.0,0.0,0.0,0.0,0.0,0.83,0.5,0.9,0.23,0.43,0.0,0.03,0.03,0.0,0.07,0.03,0.0,0.0,0.67,21.57,17.5,4.07,81.14,6.97,10.53,5.3,0.4,29.27,0.77,43.4,30,18,1487,0.23,0.0,0.73,0.77,6.17,0.47,2.47,49.01,1.9,51.35,0.57,42.5
227,1036269,Premier League,Brighton & Hove Albion,Yasin Ayari,Midfielder,6.78,0.1,0.09,0.0,1.41,0.34,0.69,7.32,0.62,37.5,0.07,0.03,0.0,0.0,0.1,0.03,0.0,0.0,0.0,0.0,0.0,0.0,0.07,0.0,1.62,0.9,0.83,0.14,0.83,0.0,0.14,0.0,0.0,0.21,0.07,0.1,0.03,0.55,33.21,28.59,4.62,86.09,16.24,12.34,4.97,0.17,20.83,1.38,58.82,29,20,1941,0.03,0.0,0.83,0.97,8.28,0.66,3.52,47.44,3.21,49.21,0.31,34.62
228,845273,Premier League,Wolverhampton,Jean-Ricner Bellegarde,Midfielder,6.78,0.04,0.04,0.0,0.81,0.27,0.31,4.76,0.69,60.0,0.04,0.0,0.0,0.0,0.04,0.0,0.0,0.0,0.0,0.0,0.0,0.0,0.08,0.0,1.08,0.38,0.77,0.12,0.12,0.12,0.0,0.0,0.0,0.0,0.08,0.04,0.04,0.54,16.46,13.08,3.38,79.44,4.46,8.62,4.5,0.19,20.0,1.0,56.52,26,15,1251,0.19,0.0,0.77,1.58,6.73,0.77,3.65,55.56,3.31,60.99,0.35,30.0
229,82566,Premier League,Fulham,Tom Cairney,Midfielder,6.78,0.04,0.04,0.0,0.61,0.04,0.26,7.14,0.17,50.0,0.0,0.04,0.0,0.04,0.0,0.0,0.0,0.0,0.0,0.0,0.0,0.0,0.0,0.0,0.26,0.09,0.3,0.04,0.3,0.0,0.0,0.0,0.0,0.0,0.0,0.0,0.0,0.39,28.74,26.7,2.04,92.89,13.39,13.3,6.39,0.09,33.33,1.0,67.65,23,6,775,0.13,0.0,0.39,0.48,3.09,0.17,1.35,53.45,0.91,46.67,0.43,76.92
230,1112879,Premier League,Fulham,Kevin,Midfielder,6.78,0.04,0.05,0.04,0.96,0.4,0.32,4.17,1.64,49.4,0.0,0.04,0.0,0.0,0.04,0.0,0.12,0.04,0.0,0.0,0.0,0.0,0.0,0.0,0.84,0.36,0.32,0.0,0.72,0.0,0.0,0.0,0.0,0.0,0.04,0.04,0.0,0.52,12.84,9.88,2.96,76.95,2.68,7.2,4.8,0.48,27.91,0.76,79.17,25,8,977,0.04,0.0,0.52,0.68,8.24,0.88,3.44,44.1,3.16,45.4,0.28,33.33
231,1171539,Premier League,Sunderland,Noah Sadiki,Midfielder,6.78,0.0,0.05,0.03,0.56,0.16,0.12,0.0,0.84,61.36,0.0,0.0,0.0,0.0,0.0,0.0,0.03,0.0,0.0,0.0,0.0,0.0,0.0,0.0,1.44,1.06,1.31,0.34,0.53,0.0,0.06,0.0,0.0,0.25,0.0,0.03,0.0,0.53,33.41,28.53,4.88,85.41,13.53,15.0,6.75,0.12,20.0,1.19,46.91,32,32,2804,0.25,0.0,0.97,1.19,8.28,0.78,3.78,53.3,3.44,55.84,0.34,36.67
232,980634,Premier League,Newcastle United,Tino Livramento,Defender,6.78,0.0,0.01,0.0,0.18,0.0,0.06,0.0,0.82,43.75,0.0,0.0,0.0,0.0,0.0,0.0,0.12,0.0,0.0,0.0,0.0,0.0,0.0,0.0,1.29,0.35,2.29,0.12,0.47,0.0,0.0,0.0,0.0,0.29,0.06,0.06,0.06,0.65,38.41,34.12,4.29,88.82,14.65,19.47,12.12,0.53,25.0,1.18,58.82,17,14,1328,0.06,0.0,0.41,0.94,11.06,0.53,3.59,54.95,3.06,55.91,0.53,50.0
233,855647,Premier League,Newcastle United,Harvey Barnes,Forward,6.77,0.19,0.19,0.25,1.56,0.58,0.47,12.5,0.36,28.89,0.17,0.03,0.0,0.08,0.11,0.03,0.08,0.0,0.0,0.0,0.0,0.0,0.0,0.0,0.36,0.08,0.44,0.03,0.39,0.0,0.03,0.0,0.0,0.08,0.11,0.03,0.03,0.64,15.81,12.67,3.14,80.14,3.03,9.64,6.58,0.42,20.0,0.19,46.67,36,19,1916,0.03,0.0,0.47,0.64,7.75,0.64,1.53,36.18,1.36,37.12,0.17,30.0
234,846308,Premier League,Wolverhampton,Santiago Bueno,Defender,6.77,0.11,0.07,0.0,0.32,0.21,0.04,33.33,0.0,0.0,0.11,0.0,0.04,0.0,0.07,0.0,0.04,0.04,0.0,0.0,0.0,0.0,0.0,0.0,1.79,0.89,4.0,0.68,0.36,0.0,0.04,0.0,0.0,0.14,0.04,0.04,0.0,0.32,38.0,32.82,5.18,86.37,22.79,10.04,2.64,0.07,40.0,1.96,45.83,28,27,2463,0.14,0.0,1.0,0.39,6.07,0.18,3.89,55.33,2.18,58.1,1.71,52.17
235,1065216,Premier League,Fulham,Oscar Bobb,Midfielder,6.77,0.0,0.07,0.05,0.55,0.14,0.23,0.0,1.18,59.09,0.0,0.0,0.0,0.0,0.0,0.0,0.0,0.0,0.0,0.0,0.0,0.0,0.0,0.0,0.95,0.36,0.14,0.0,0.32,0.0,0.05,0.0,0.0,0.05,0.05,0.05,0.0,0.91,17.59,15.05,2.55,85.53,3.64,11.41,6.95,0.18,30.77,0.09,25.0,22,10,978,0.05,0.0,0.41,0.77,5.82,0.95,3.18,53.44,2.91,54.24,0.27,46.15
236,1015267,Premier League,Wolverhampton,João Gomes,Midfielder,6.77,0.03,0.04,0.0,0.54,0.2,0.17,5.26,1.23,64.18,0.03,0.0,0.0,0.0,0.03,0.0,0.03,0.0,0.0,0.0,0.0,0.0,0.09,0.0,3.06,1.03,1.29,0.17,1.4,0.03,0.06,0.0,0.0,0.06,0.06,0.03,0.0,0.46,41.57,35.57,6.0,85.57,17.23,18.34,8.23,0.31,34.38,1.11,54.17,35,32,2843,0.29,0.0,1.97,1.4,10.4,1.57,6.46,50.45,5.69,50.51,0.77,50.0
237,962053,Premier League,Chelsea,Filip Jørgensen,Goalkeeper,6.76,0.0,0.0,0.0,0.0,0.0,0.0,0.0,0.2,100.0,0.0,0.0,0.0,0.0,0.0,0.0,0.0,0.0,0.0,0.0,0.0,0.0,0.0,0.0,0.0,0.2,0.4,0.0,0.0,0.0,0.0,0.0,0.0,0.0,0.0,0.0,0.0,0.0,34.2,26.0,8.2,76.02,24.4,1.6,1.0,0.0,0.0,3.6,31.58,5,3,378,0.0,0.0,0.0,0.0,8.4,0.2,0.6,75.0,0.2,50.0,0.4,100.0
238,96538,Premier League,Aston Villa,Lucas Digne,Defender,6.76,0.0,0.02,0.0,0.45,0.16,0.1,0.0,0.13,36.36,0.0,0.0,0.0,0.0,0.0,0.03,0.1,0.0,0.0,0.0,0.0,0.0,0.16,0.0,1.16,0.48,1.97,0.13,0.39,0.06,0.06,0.0,0.0,0.16,0.13,0.19,0.0,0.84,23.58,19.06,4.52,80.85,8.65,10.42,5.77,1.06,31.13,0.39,21.43,31,21,1866,0.1,0.0,0.45,0.39,9.42,0.35,2.81,55.41,1.68,54.17,1.13,57.38
239,1085950,Premier League,Everton,Tim Iroegbunam,Midfielder,6.76,0.0,0.02,0.0,0.43,0.04,0.25,0.0,0.5,38.89,0.0,0.0,0.0,0.0,0.0,0.0,0.0,0.04,0.0,0.0,0.0,0.0,0.0,0.0,2.32,0.75,0.29,0.32,0.21,0.04,0.07,0.0,0.0,0.11,0.11,0.07,0.0,0.29,16.61,13.46,3.14,81.08,5.32,8.14,3.64,0.0,0.0,0.32,56.25,28,16,1421,0.32,0.0,0.93,0.71,5.89,0.93,4.29,56.07,3.54,55.62,0.75,58.33
240,1597265,Premier League,Chelsea,Estêvão,Midfielder,6.76,0.09,0.13,0.09,1.27,0.36,0.41,7.14,1.32,41.43,0.09,0.0,0.0,0.05,0.05,0.09,0.27,0.05,0.0,0.0,0.0,0.0,0.0,0.0,0.5,0.18,0.23,0.0,0.5,0.0,0.0,0.0,0.0,0.0,0.18,0.09,0.0,0.73,12.27,9.91,2.36,80.74,2.64,7.27,4.86,0.23,31.25,0.23,55.56,22,12,852,0.18,0.0,0.55,0.41,6.95,0.91,2.36,34.9,2.23,37.12,0.14,17.65
241,1006387,Premier League,Brentford,Kevin Schade,Midfielder,6.76,0.21,0.33,0.41,1.56,0.65,0.59,13.21,0.59,28.57,0.21,0.0,0.06,0.03,0.12,0.12,0.29,0.06,0.03,0.0,0.0,0.0,0.0,0.0,1.18,0.53,0.88,0.09,0.26,0.0,0.0,0.0,0.0,0.15,0.21,0.09,0.03,0.85,15.06,10.21,4.85,67.77,3.03,7.18,4.24,0.15,22.73,0.18,37.5,34,31,2667,0.18,0.03,1.41,1.26,11.06,1.32,5.47,44.6,3.0,40.64,2.47,50.6
242,991478,Premier League,Bournemouth,Amine Adli,Forward,6.76,0.1,0.09,0.13,0.67,0.3,0.17,15.0,0.27,38.1,0.1,0.0,0.03,0.07,0.0,0.03,0.17,0.03,0.0,0.0,0.0,0.0,0.03,0.0,1.13,0.2,0.57,0.07,0.23,0.0,0.0,0.0,0.0,0.0,0.03,0.03,0.0,0.53,13.57,10.47,3.1,77.15,3.93,6.53,4.23,0.07,5.0,0.07,20.0,30,10,1089,0.07,0.0,0.97,0.73,5.87,0.3,3.13,53.41,2.13,53.33,1.0,53.57
243,218160,Premier League,Sunderland,Bertrand Traoré,Forward,6.75,0.08,0.04,0.0,1.08,0.5,0.25,7.69,1.17,63.64,0.08,0.0,0.0,0.08,0.0,0.0,0.08,0.0,0.0,0.0,0.0,0.0,0.0,0.0,0.92,0.17,0.5,0.25,0.58,0.0,0.0,0.0,0.0,0.0,0.17,0.0,0.0,0.67,15.0,11.92,3.08,79.44,3.92,8.0,5.08,0.08,7.69,0.25,37.5,12,9,638,0.08,0.0,0.92,0.92,7.58,0.75,3.5,48.84,3.0,52.94,0.5,33.33
244,1170722,Premier League,Nottingham Forest,Jair,Defender,6.75,0.0,0.04,0.12,0.38,0.12,0.0,0.0,0.12,33.33,0.0,0.0,0.0,0.0,0.0,0.0,0.0,0.0,0.0,0.0,0.0,0.0,0.0,0.0,1.12,0.5,3.62,0.25,0.38,0.0,0.12,0.0,0.0,0.0,0.0,0.0,0.0,0.12,24.75,20.0,4.75,80.81,13.38,6.62,1.88,0.0,0.0,0.62,25.0,8,5,462,0.0,0.0,0.0,0.75,5.75,0.12,2.62,67.74,2.0,72.73,0.62,55.56
245,1065588,Premier League,Brighton & Hove Albion,Diego Gómez,Midfielder,6.75,0.16,0.19,0.23,1.26,0.45,0.45,12.82,0.58,46.15,0.16,0.0,0.0,0.03,0.13,0.03,0.03,0.0,0.0,0.0,0.0,0.0,0.06,0.0,2.48,0.52,0.9,0.1,0.94,0.0,0.06,0.03,0.0,0.0,0.13,0.03,0.0,0.68,23.65,18.55,5.1,78.44,7.97,10.58,5.16,0.19,28.57,0.55,43.59,31,25,2077,0.29,0.0,1.55,0.32,9.29,0.87,5.03,49.37,3.35,45.81,1.68,58.43
246,1031258,Premier League,Brentford,Yehor Yarmoliuk,Midfielder,6.75,0.03,0.03,0.0,0.43,0.11,0.22,6.25,0.41,35.71,0.03,0.0,0.0,0.0,0.03,0.03,0.03,0.0,0.0,0.0,0.0,0.0,0.0,0.0,1.89,0.76,1.11,0.38,1.08,0.0,0.03,0.0,0.0,0.16,0.03,0.05,0.03,0.41,36.41,30.7,5.7,84.34,16.54,14.16,6.03,0.22,26.67,1.81,47.52,37,30,2675,0.19,0.0,1.0,0.32,8.86,0.62,3.49,45.74,2.62,43.3,0.86,55.17
247,999028,Premier League,Bournemouth,Adrien Truffert,Defender,6.75,0.03,0.04,0.03,0.44,0.17,0.14,6.25,0.83,44.12,0.03,0.0,0.0,0.03,0.0,0.0,0.0,0.0,0.0,0.0,0.0,0.0,0.0,0.0,2.56,1.31,3.89,0.28,0.78,0.03,0.06,0.0,0.0,0.31,0.11,0.08,0.0,0.75,40.89,34.08,6.81,83.36,15.97,18.11,9.33,0.89,23.19,1.0,31.03,36,36,3200,0.11,0.0,1.03,0.86,13.47,0.67,5.47,52.12,4.25,54.64,1.22,44.9
248,996911,Premier League,Chelsea,Levi Colwill,Defender,6.75,0.0,0.0,0.0,0.0,0.0,0.0,0.0,0.0,0.0,0.0,0.0,0.0,0.0,0.0,0.0,0.0,0.0,0.0,0.0,0.0,0.0,0.0,0.0,1.0,1.5,3.0,0.5,0.0,0.0,0.0,0.0,0.0,0.0,0.0,0.0,0.0,0.0,63.5,57.0,6.5,89.76,36.5,20.5,5.5,0.0,0.0,1.0,20.0,2,1,135,0.0,0.0,0.0,0.5,7.5,0.0,3.5,77.78,1.5,100.0,2.0,66.67
249,827243,Premier League,West Ham United,Axel Disasi,Defender,6.75,0.0,0.08,0.08,0.38,0.23,0.08,0.0,0.15,100.0,0.0,0.0,0.0,0.0,0.0,0.0,0.08,0.0,0.0,0.0,0.0,0.0,0.0,0.0,1.08,0.85,3.77,0.92,0.0,0.0,0.0,0.0,0.08,0.38,0.0,0.0,0.0,0.08,41.31,35.85,5.46,86.78,27.08,8.77,2.62,0.0,0.0,2.23,43.28,13,13,1165,0.08,0.0,0.38,0.23,6.31,0.15,2.85,66.07,1.46,73.08,1.38,60.0
250,986397,Premier League,Manchester United,Benjamin Šeško,Forward,6.75,0.37,0.31,0.4,2.03,1.13,0.57,18.03,0.33,33.33,0.37,0.0,0.03,0.03,0.27,0.1,0.23,0.0,0.0,0.0,0.0,0.0,0.0,0.0,0.17,0.1,0.5,0.07,0.1,0.0,0.0,0.0,0.0,0.03,0.0,0.03,0.0,0.3,10.2,7.03,3.17,68.95,2.63,4.4,2.13,0.0,0.0,0.13,66.67,30,17,1635,0.07,0.0,0.57,0.2,6.33,1.0,2.83,40.67,0.7,23.86,2.13,52.89
251,826167,Premier League,Leeds United,Sebastiaan Bornauw,Defender,6.74,0.0,0.0,0.0,0.0,0.0,0.0,0.0,0.09,50.0,0.0,0.0,0.0,0.0,0.0,0.0,0.09,0.0,0.0,0.0,0.0,0.0,0.0,0.0,0.73,0.45,2.73,0.55,0.27,0.0,0.0,0.0,0.0,0.0,0.0,0.0,0.0,0.0,13.27,11.0,2.27,82.88,7.91,3.09,0.82,0.09,100.0,1.0,55.0,11,5,438,0.09,0.0,0.64,0.0,2.91,0.09,1.82,41.67,0.82,42.86,1.0,40.74
252,871886,Premier League,Leeds United,Ao Tanaka,Midfielder,6.74,0.07,0.06,0.04,0.63,0.19,0.37,11.76,0.15,36.36,0.04,0.04,0.0,0.04,0.04,0.0,0.0,0.0,0.0,0.0,0.0,0.0,0.0,0.0,0.89,0.7,0.56,0.07,0.7,0.0,0.04,0.0,0.0,0.04,0.04,0.0,0.0,0.67,23.59,20.11,3.48,85.24,10.96,9.15,4.44,0.52,41.18,0.74,50.0,27,13,1248,0.04,0.0,0.48,0.33,5.52,0.26,1.81,46.23,1.37,45.68,0.44,48.0
253,873554,Premier League,Manchester City,Omar Marmoush,Forward,6.74,0.15,0.13,0.1,1.45,0.45,0.6,10.34,0.5,45.45,0.15,0.0,0.0,0.0,0.15,0.05,0.3,0.0,0.0,0.0,0.0,0.0,0.1,0.0,0.65,0.1,0.1,0.1,0.2,0.0,0.0,0.0,0.0,0.0,0.15,0.15,0.0,0.6,8.05,7.0,1.05,86.96,1.7,5.3,3.2,0.0,0.0,0.05,100.0,20,8,720,0.15,0.0,0.5,0.95,3.75,0.75,2.2,48.89,2.05,50.62,0.15,33.33
254,287643,Premier League,Nottingham Forest,Oleksandr Zinchenko,Defender,6.74,0.0,0.02,0.0,0.8,0.4,0.0,0.0,0.2,50.0,0.0,0.0,0.0,0.0,0.0,0.0,0.2,0.0,0.0,0.0,0.0,0.0,0.2,0.0,2.0,0.4,2.2,0.2,1.8,0.0,0.0,0.0,0.0,0.0,0.2,0.0,0.0,1.0,51.0,46.2,4.8,90.59,16.4,29.8,16.0,0.2,5.56,1.6,53.33,5,4,353,0.0,0.0,0.2,0.4,9.6,0.2,3.2,47.06,2.4,50.0,0.8,40.0
255,1009386,Premier League,Burnley,Hannibal Mejbri,Midfielder,6.74,0.04,0.02,0.0,0.64,0.16,0.16,6.25,0.72,60.0,0.04,0.0,0.0,0.0,0.04,0.0,0.12,0.0,0.0,0.0,0.0,0.0,0.04,0.0,1.08,0.32,0.24,0.12,0.48,0.0,0.08,0.04,0.0,0.04,0.2,0.16,0.0,0.72,18.08,13.96,4.12,77.21,4.32,9.64,5.88,0.36,32.14,0.64,39.02,25,13,1117,0.32,0.0,0.84,1.72,8.04,1.2,3.72,49.47,3.52,55.7,0.2,16.67
256,1069488,Premier League,Chelsea,Roméo Lavia,Midfielder,6.74,0.0,0.02,0.0,0.25,0.0,0.17,0.0,0.25,60.0,0.0,0.0,0.0,0.0,0.0,0.0,0.0,0.0,0.0,0.0,0.0,0.0,0.0,0.0,0.67,0.42,0.33,0.0,0.0,0.0,0.08,0.0,0.0,0.0,0.08,0.0,0.0,0.08,23.67,21.92,1.75,92.61,10.08,11.83,5.25,0.0,0.0,1.0,85.71,12,4,377,0.0,0.0,0.67,0.67,3.25,0.5,1.83,57.89,1.58,55.88,0.25,75.0
257,1401702,Premier League,Arsenal,Ethan Nwaneri,Midfielder,6.74,0.0,0.04,0.0,1.0,0.0,0.67,0.0,0.5,37.5,0.0,0.0,0.0,0.0,0.0,0.0,0.0,0.0,0.0,0.0,0.0,0.0,0.0,0.0,0.17,0.0,0.17,0.0,0.5,0.0,0.0,0.0,0.0,0.0,0.0,0.0,0.0,0.17,14.5,13.17,1.33,90.8,6.17,7.0,4.33,0.0,0.0,0.83,55.56,6,0,175,0.0,0.0,0.33,0.0,3.33,0.33,0.83,26.32,0.67,26.67,0.17,25.0
258,895576,Premier League,Bournemouth,Marcus Tavernier,Midfielder,6.74,0.19,0.28,0.25,2.09,0.72,0.81,8.96,1.12,42.86,0.12,0.06,0.0,0.16,0.03,0.12,0.12,0.0,0.06,0.06,100.0,0.03,0.19,16.67,1.16,0.47,1.19,0.16,0.53,0.0,0.0,0.0,0.0,0.12,0.19,0.12,0.03,1.44,32.03,26.69,5.34,83.32,7.53,19.16,11.84,0.53,16.35,0.84,38.57,32,29,2558,0.19,0.0,0.91,1.06,13.5,1.31,4.09,43.23,3.34,44.4,0.75,38.71
259,355796,Premier League,Crystal Palace,Jefferson Lerma,Midfielder,6.74,0.0,0.06,0.1,0.63,0.23,0.23,0.0,0.1,42.86,0.0,0.0,0.0,0.0,0.0,0.03,0.0,0.03,0.0,0.0,0.0,0.0,0.0,0.0,0.9,0.7,1.87,0.13,0.5,0.03,0.03,0.0,0.07,0.2,0.1,0.07,0.03,0.43,27.77,22.07,5.7,79.47,11.67,10.4,4.53,0.13,36.36,1.43,45.74,30,17,1640,0.23,0.0,0.83,0.8,8.07,0.3,3.9,54.17,1.8,50.47,2.1,57.8
260,856640,Premier League,West Ham United,Mads Hermansen,Goalkeeper,6.74,0.0,0.0,0.0,0.0,0.0,0.0,0.0,0.0,0.0,0.0,0.0,0.0,0.0,0.0,0.0,0.0,0.0,0.0,0.0,0.0,0.0,0.0,0.0,0.0,0.0,1.18,0.0,0.0,0.18,0.06,0.0,0.0,0.35,0.0,0.06,0.0,0.12,33.47,19.94,13.53,59.58,16.29,3.65,1.65,0.0,0.0,4.76,26.38,17,17,1530,0.0,0.0,0.0,0.12,13.76,0.0,0.65,100.0,0.06,100.0,0.59,100.0
261,959628,Premier League,Brighton & Hove Albion,Mats Wieffer,Defender,6.74,0.08,0.08,0.08,0.72,0.24,0.28,11.11,0.36,45.0,0.04,0.04,0.0,0.04,0.04,0.04,0.08,0.0,0.0,0.0,0.0,0.0,0.0,0.0,2.56,1.0,2.84,0.24,1.4,0.0,0.04,0.0,0.0,0.2,0.16,0.12,0.0,0.8,33.76,28.24,5.52,83.65,13.68,14.56,7.24,0.12,20.0,1.6,54.05,25,22,1824,0.32,0.0,1.16,0.88,9.4,0.88,5.4,48.74,3.76,49.21,1.64,47.67
262,958916,Premier League,Brentford,Nathan Collins,Defender,6.74,0.03,0.07,0.12,0.59,0.18,0.29,5.0,0.18,66.67,0.03,0.0,0.03,0.0,0.0,0.03,0.06,0.03,0.0,0.0,0.0,0.0,0.0,0.0,0.82,1.09,5.91,1.12,0.24,0.03,0.06,0.03,0.03,0.26,0.12,0.06,0.0,0.29,50.15,41.76,8.38,83.28,30.06,11.71,3.62,0.03,100.0,2.56,36.55,34,31,2882,0.18,0.0,0.56,0.5,9.41,0.29,4.03,55.02,1.5,56.67,2.53,54.09
263,855864,Premier League,Brentford,Ethan Pinnock,Defender,6.73,0.0,0.0,0.0,0.25,0.25,0.0,0.0,0.25,100.0,0.0,0.0,0.0,0.0,0.0,0.0,0.0,0.0,0.0,0.0,0.0,0.0,0.0,0.0,1.25,1.25,6.75,1.25,0.75,0.0,0.0,0.0,0.25,0.25,0.0,0.0,0.0,0.0,33.25,27.5,5.75,82.71,21.75,5.75,2.25,0.0,0.0,2.25,50.0,4,4,321,0.25,0.0,0.0,0.5,6.75,0.25,5.0,58.82,1.75,63.64,3.25,56.52
264,998247,Premier League,Tottenham Hotspur,Micky van de Ven,Defender,6.73,0.12,0.08,0.03,0.45,0.18,0.18,26.67,0.33,73.33,0.12,0.0,0.06,0.03,0.03,0.0,0.06,0.0,0.0,0.0,0.0,0.0,0.0,0.0,1.15,0.64,3.76,0.64,0.27,0.03,0.06,0.03,0.0,0.21,0.03,0.03,0.0,0.18,49.85,44.85,5.0,89.97,32.55,12.3,3.24,0.0,0.0,1.97,44.22,33,33,2863,0.24,0.03,0.73,0.64,6.03,0.15,3.39,55.45,2.12,63.64,1.27,45.65
265,1136731,Premier League,Manchester City,Rico Lewis,Defender,6.73,0.0,0.01,0.0,0.2,0.0,0.2,0.0,0.2,50.0,0.0,0.0,0.0,0.0,0.0,0.0,0.0,0.0,0.0,0.0,0.0,0.0,0.0,0.0,0.5,0.7,0.6,0.1,0.3,0.0,0.0,0.0,0.0,0.0,0.2,0.1,0.0,0.6,23.4,20.3,3.1,86.75,8.9,11.4,6.2,0.0,0.0,0.8,61.54,10,3,333,0.1,0.0,0.4,0.7,4.6,0.5,1.5,50.0,1.4,50.0,0.1,50.0
266,973431,Premier League,Leeds United,Brenden Aaronson,Midfielder,6.73,0.11,0.12,0.11,1.19,0.44,0.31,9.3,0.83,37.5,0.08,0.03,0.0,0.03,0.08,0.06,0.14,0.0,0.0,0.0,0.0,0.0,0.0,0.0,1.36,0.42,0.44,0.11,1.14,0.0,0.0,0.03,0.0,0.03,0.25,0.14,0.0,0.92,17.83,14.42,3.42,80.84,5.25,9.17,5.08,0.28,27.78,0.19,30.43,36,29,2384,0.06,0.0,0.53,1.39,9.81,2.0,4.22,40.11,3.58,41.88,0.64,32.39
267,1046795,Premier League,Manchester City,Savinho,Midfielder,6.73,0.05,0.1,0.27,0.77,0.5,0.18,5.88,0.64,31.11,0.05,0.0,0.0,0.05,0.0,0.0,0.18,0.05,0.0,0.0,0.0,0.0,0.0,0.0,0.41,0.23,0.27,0.0,0.09,0.0,0.0,0.0,0.0,0.09,0.0,0.05,0.0,0.27,15.23,12.64,2.59,82.99,2.59,10.05,6.27,0.32,20.0,0.23,31.25,22,6,722,0.09,0.0,0.36,0.45,6.77,0.32,1.5,38.82,1.5,40.74,0.0,0.0
268,322391,Premier League,Bournemouth,Ryan Christie,Midfielder,6.73,0.08,0.07,0.04,0.96,0.31,0.27,8.0,0.73,48.72,0.08,0.0,0.0,0.04,0.04,0.0,0.04,0.0,0.0,0.0,0.0,0.0,0.0,0.0,1.04,0.46,0.69,0.15,0.54,0.0,0.04,0.04,0.0,0.0,0.08,0.0,0.0,0.42,21.04,16.46,4.58,78.24,6.23,10.23,5.58,0.12,17.65,0.96,40.32,26,9,986,0.12,0.04,0.65,0.85,7.35,0.58,3.08,50.0,2.58,50.76,0.5,46.43
269,791190,Premier League,Tottenham Hotspur,Rodrigo Bentancur,Midfielder,6.73,0.04,0.03,0.04,0.54,0.12,0.25,7.69,0.67,61.54,0.04,0.0,0.0,0.0,0.04,0.0,0.04,0.0,0.0,0.0,0.0,0.0,0.0,0.0,2.12,1.33,1.92,0.29,0.33,0.0,0.04,0.04,0.0,0.21,0.04,0.04,0.0,0.42,37.79,32.25,5.54,85.34,17.33,14.92,5.96,0.04,14.29,0.71,42.5,24,21,1720,0.29,0.0,0.71,0.17,7.67,0.29,4.17,54.35,2.96,62.83,1.21,40.85
270,891829,Premier League,Brighton & Hove Albion,Matt O'Riley,Midfielder,6.73,0.17,0.2,0.17,0.67,0.33,0.33,25.0,0.0,0.0,0.17,0.0,0.0,0.17,0.0,0.0,0.17,0.0,0.17,0.17,100.0,0.0,0.0,0.0,0.83,0.0,0.33,0.17,0.5,0.0,0.0,0.0,0.0,0.0,0.0,0.0,0.0,0.67,11.67,10.17,1.5,87.14,5.17,5.0,3.0,0.67,57.14,0.17,33.33,6,2,203,0.0,0.0,0.33,0.17,3.67,0.17,1.33,40.0,1.0,46.15,0.33,28.57
271,848276,Premier League,Crystal Palace,Jean Philippe Mateta,Forward,6.73,0.35,0.46,0.65,2.0,1.0,0.77,17.74,0.45,45.16,0.35,0.0,0.13,0.1,0.13,0.03,0.58,0.03,0.13,0.13,100.0,0.0,0.0,0.0,0.32,0.19,1.48,0.19,0.29,0.0,0.03,0.0,0.0,0.16,0.06,0.0,0.0,0.29,10.16,6.32,3.84,62.22,2.19,4.13,2.16,0.16,45.45,0.35,61.11,31,25,2209,0.06,0.0,0.65,0.61,8.13,1.29,3.55,38.06,1.39,34.4,2.16,40.85
272,1170560,Premier League,West Ham United,Soungoutou Magassa,Midfielder,6.73,0.05,0.02,0.0,0.32,0.09,0.14,14.29,0.23,62.5,0.05,0.0,0.0,0.0,0.05,0.0,0.0,0.0,0.0,0.0,0.0,0.0,0.0,0.0,1.82,0.73,0.64,0.18,0.68,0.0,0.0,0.05,0.0,0.0,0.05,0.0,0.0,0.23,18.41,14.86,3.55,80.74,7.23,7.64,2.5,0.05,11.11,0.86,52.78,22,11,998,0.18,0.0,0.77,0.77,4.95,0.27,3.32,56.59,2.82,60.78,0.5,40.74
273,799041,Premier League,West Ham United,Tomáš Souček,Midfielder,6.73,0.15,0.14,0.12,0.68,0.35,0.18,21.74,0.12,36.36,0.15,0.0,0.03,0.03,0.06,0.03,0.15,0.0,0.0,0.0,0.0,0.0,0.0,0.0,1.26,0.47,2.35,0.38,0.71,0.0,0.0,0.0,0.0,0.15,0.03,0.0,0.0,0.32,25.24,19.5,5.74,77.27,10.06,9.44,4.53,0.0,0.0,0.91,43.06,34,23,2125,0.09,0.03,1.09,0.62,7.56,0.24,3.91,51.95,1.97,47.86,1.94,56.9
274,372336,Premier League,Newcastle United,Jacob Murphy,Forward,6.73,0.09,0.1,0.09,1.31,0.41,0.47,7.14,0.62,50.0,0.06,0.03,0.0,0.0,0.09,0.03,0.16,0.0,0.0,0.0,0.0,0.0,0.0,0.0,0.5,0.16,0.53,0.12,0.69,0.0,0.03,0.03,0.0,0.03,0.31,0.06,0.0,0.72,14.94,10.91,4.03,73.01,2.69,8.22,5.19,0.75,19.83,0.59,54.29,32,18,1582,0.06,0.0,0.28,0.38,9.56,0.59,1.69,40.6,1.5,41.38,0.19,35.29
275,970361,Premier League,Liverpool FC,Jeremie Frimpong,Defender,6.72,0.0,0.03,0.0,0.5,0.1,0.2,0.0,0.9,56.25,0.0,0.0,0.0,0.0,0.0,0.0,0.2,0.0,0.0,0.0,0.0,0.0,0.0,0.0,0.55,0.3,0.65,0.0,0.55,0.0,0.0,0.0,0.0,0.05,0.2,0.05,0.0,0.7,21.35,18.0,3.35,84.31,5.75,12.25,7.5,0.5,20.0,0.35,28.0,20,12,1052,0.05,0.0,0.4,1.05,8.5,0.85,2.85,49.57,2.5,50.51,0.35,43.75
276,989034,Premier League,Sunderland,Trai Hume,Defender,6.72,0.03,0.05,0.11,0.86,0.16,0.38,3.13,0.14,26.32,0.03,0.0,0.0,0.0,0.03,0.08,0.03,0.0,0.0,0.0,0.0,0.0,0.0,0.0,1.73,0.68,2.68,0.32,0.84,0.0,0.08,0.03,0.03,0.22,0.03,0.03,0.0,0.62,27.7,20.84,6.86,75.22,9.54,11.3,5.7,0.35,15.48,1.11,41.41,37,33,2947,0.24,0.0,0.84,1.05,11.78,0.22,4.65,53.09,2.89,56.02,1.76,48.87
277,856250,Premier League,Wolverhampton,Ladislav Krejčí,Defender,6.72,0.07,0.08,0.11,0.7,0.37,0.19,10.53,0.07,50.0,0.07,0.0,0.04,0.04,0.0,0.0,0.0,0.0,0.0,0.0,0.0,0.0,0.0,0.0,1.15,1.15,4.15,0.56,0.48,0.04,0.11,0.0,0.04,0.11,0.04,0.04,0.0,0.3,47.74,39.56,8.19,82.85,25.93,13.63,5.37,0.15,26.67,3.19,43.0,27,26,2295,0.11,0.04,1.19,0.26,10.15,0.3,3.7,50.0,1.44,42.39,2.26,56.48
278,828640,Premier League,Leeds United,Joe Rodon,Defender,6.72,0.06,0.04,0.03,0.53,0.21,0.21,11.11,0.03,50.0,0.06,0.0,0.06,0.0,0.0,0.06,0.03,0.0,0.0,0.0,0.0,0.0,0.0,0.0,1.03,0.82,5.29,0.65,0.29,0.03,0.06,0.0,0.0,0.18,0.03,0.0,0.0,0.24,41.65,36.41,5.24,87.43,24.44,11.97,3.79,0.09,50.0,1.09,39.78,34,32,2863,0.09,0.0,0.47,0.53,6.82,0.15,4.03,55.69,1.53,64.2,2.5,51.52
279,1090963,Premier League,Nottingham Forest,Omari Hutchinson,Midfielder,6.72,0.03,0.06,0.07,0.83,0.37,0.2,4.0,1.37,54.67,0.03,0.0,0.0,0.03,0.0,0.0,0.23,0.03,0.0,0.0,0.0,0.0,0.0,0.0,0.63,0.4,0.27,0.0,0.6,0.03,0.03,0.0,0.0,0.1,0.23,0.13,0.0,1.0,17.03,14.17,2.87,83.17,4.27,9.9,6.17,0.87,20.0,0.33,40.0,30,16,1616,0.03,0.0,0.7,0.8,9.93,0.93,2.93,41.51,2.77,45.36,0.17,17.24
280,1471764,Premier League,West Ham United,El Hadji Malick Diouf,Defender,6.71,0.0,0.02,0.0,0.58,0.13,0.29,0.0,0.71,47.83,0.0,0.0,0.0,0.0,0.0,0.0,0.06,0.0,0.0,0.0,0.0,0.0,0.0,0.0,1.39,1.0,3.61,0.39,0.42,0.0,0.06,0.06,0.0,0.16,0.16,0.16,0.03,0.94,31.97,23.71,8.26,74.17,11.94,11.77,5.19,0.9,27.72,1.77,30.39,31,29,2621,0.19,0.0,0.9,0.74,15.23,0.58,4.26,53.44,2.84,52.69,1.42,55.0
281,262911,Premier League,Liverpool FC,Andy Robertson,Defender,6.71,0.04,0.05,0.0,0.39,0.13,0.04,11.11,0.13,50.0,0.04,0.0,0.0,0.04,0.0,0.0,0.22,0.0,0.0,0.0,0.0,0.0,0.0,0.0,0.52,0.3,1.26,0.13,0.17,0.04,0.0,0.0,0.0,0.13,0.13,0.0,0.0,0.78,29.0,24.17,4.83,83.36,9.48,14.7,8.7,0.48,22.0,1.09,39.68,23,10,1105,0.0,0.0,0.17,0.04,7.78,0.04,1.26,51.79,0.7,57.14,0.57,46.43
282,1048888,Premier League,Tottenham Hotspur,Mathys Tel,Forward,6.71,0.14,0.08,0.1,1.07,0.28,0.48,12.9,1.28,49.33,0.1,0.03,0.0,0.0,0.14,0.03,0.1,0.0,0.0,0.0,0.0,0.0,0.0,0.0,0.62,0.17,0.34,0.03,0.34,0.03,0.0,0.03,0.0,0.0,0.1,0.03,0.0,0.86,10.24,7.9,2.34,77.1,2.83,5.07,3.21,0.86,29.41,0.38,50.0,29,11,1195,0.03,0.0,0.55,0.72,8.69,1.14,3.1,41.47,2.62,44.19,0.48,31.11
283,930997,Premier League,Liverpool FC,Giorgi Mamardashvili,Goalkeeper,6.71,0.0,0.0,0.0,0.0,0.0,0.0,0.0,0.0,0.0,0.0,0.0,0.0,0.0,0.0,0.0,0.0,0.0,0.0,0.0,0.0,0.0,0.0,0.0,0.1,0.1,0.9,0.0,0.1,0.0,0.1,0.1,0.0,0.2,0.0,0.0,0.0,0.0,28.7,20.2,8.5,70.38,18.6,1.6,0.7,0.0,0.0,3.6,30.25,10,10,868,0.0,0.0,0.1,0.2,9.3,0.0,0.5,62.5,0.3,60.0,0.2,66.67
284,904970,Premier League,Tottenham Hotspur,Conor Gallagher,Midfielder,6.71,0.07,0.05,0.14,0.64,0.21,0.29,11.11,0.79,68.75,0.0,0.07,0.0,0.0,0.07,0.0,0.07,0.0,0.0,0.0,0.0,0.0,0.0,0.0,1.36,1.14,0.29,0.29,0.86,0.0,0.07,0.0,0.0,0.0,0.07,0.07,0.0,0.79,31.43,26.0,5.43,82.73,11.71,14.29,7.07,0.43,28.57,1.36,63.33,14,12,1024,0.14,0.0,1.5,1.36,9.21,0.57,4.0,49.56,3.43,52.17,0.57,38.1
285,895324,Premier League,Liverpool FC,Alexis Mac Allister,Midfielder,6.71,0.06,0.1,0.06,1.33,0.31,0.53,4.17,0.28,40.0,0.06,0.0,0.0,0.0,0.06,0.06,0.0,0.0,0.0,0.0,0.0,0.0,0.0,0.0,1.39,0.58,0.94,0.25,1.08,0.0,0.03,0.0,0.0,0.17,0.11,0.11,0.03,0.92,38.86,33.67,5.19,86.63,12.42,21.25,9.92,0.25,47.37,1.33,51.06,36,30,2585,0.17,0.0,0.92,0.86,7.81,0.78,2.97,44.77,2.53,44.83,0.44,44.44
286,867441,Premier League,Wolverhampton,Angel Gomes,Midfielder,6.71,0.0,0.02,0.0,0.55,0.18,0.36,0.0,0.27,60.0,0.0,0.0,0.0,0.0,0.0,0.09,0.0,0.0,0.0,0.0,0.0,0.0,0.18,0.0,0.73,0.0,0.27,0.18,0.18,0.0,0.0,0.0,0.0,0.0,0.0,0.0,0.0,0.36,15.18,13.09,2.09,86.23,6.36,6.73,3.91,0.18,18.18,0.91,66.67,11,6,422,0.09,0.0,0.55,0.73,4.55,0.36,1.73,54.29,1.73,57.58,0.0,0.0
287,911679,Premier League,Leeds United,Ilia Gruev,Midfielder,6.71,0.0,0.02,0.04,0.3,0.04,0.22,0.0,0.26,85.71,0.0,0.0,0.0,0.0,0.0,0.0,0.0,0.0,0.0,0.0,0.0,0.0,0.0,0.0,1.04,0.65,0.83,0.26,0.83,0.0,0.0,0.0,0.0,0.09,0.09,0.13,0.0,0.48,25.39,22.74,2.65,89.55,14.0,8.74,3.48,0.17,26.67,0.83,67.86,23,15,1334,0.13,0.0,0.7,0.39,4.13,0.22,2.26,46.02,1.65,48.1,0.61,41.18
288,791,Premier League,Brighton & Hove Albion,James Milner,Midfielder,6.71,0.05,0.05,0.0,0.42,0.11,0.21,12.5,0.05,50.0,0.05,0.0,0.0,0.0,0.05,0.0,0.05,0.0,0.05,0.05,100.0,0.0,0.0,0.0,0.74,0.32,0.95,0.05,0.37,0.05,0.0,0.0,0.0,0.11,0.05,0.05,0.0,0.42,23.26,20.11,3.16,86.43,9.37,10.74,5.0,0.32,42.86,0.95,40.0,19,6,743,0.11,0.0,0.58,0.16,4.21,0.16,1.26,42.86,0.95,45.0,0.32,37.5
289,372344,Premier League,Leeds United,Dominic Calvert-Lewin,Forward,6.7,0.41,0.45,0.56,2.12,0.97,0.94,19.44,0.24,26.67,0.41,0.0,0.09,0.03,0.26,0.09,0.74,0.06,0.15,0.12,80.0,0.0,0.0,0.0,0.29,0.09,1.06,0.26,0.12,0.0,0.03,0.0,0.0,0.12,0.06,0.03,0.0,0.53,13.09,7.53,5.56,57.53,1.94,5.59,3.68,0.03,10.0,0.15,50.0,34,29,2657,0.09,0.0,1.29,1.09,10.35,0.82,5.35,39.74,1.62,37.67,3.74,40.71
290,33902,Premier League,Brighton & Hove Albion,Danny Welbeck,Forward,6.7,0.36,0.35,0.31,1.56,0.78,0.5,23.21,0.31,42.31,0.31,0.06,0.06,0.08,0.22,0.03,0.14,0.0,0.08,0.03,33.33,0.03,0.08,33.33,0.67,0.25,0.83,0.0,0.36,0.03,0.03,0.0,0.0,0.03,0.11,0.03,0.0,0.56,13.25,10.5,2.75,79.25,4.28,6.22,3.86,0.0,0.0,0.14,55.56,36,25,2209,0.14,0.0,0.78,0.28,5.22,0.53,1.78,36.99,1.25,38.14,0.53,34.55
291,1550775,Premier League,Chelsea,Jesse Derry,Forward,6.7,0.0,0.1,0.0,2.0,1.0,1.0,0.0,0.0,0.0,0.0,0.0,0.0,0.0,0.0,0.0,0.0,1.0,0.0,0.0,0.0,0.0,0.0,0.0,1.0,0.0,0.0,0.0,0.0,0.0,0.0,0.0,0.0,0.0,0.0,0.0,0.0,0.0,13.0,12.0,1.0,92.31,2.0,10.0,7.0,1.0,50.0,0.0,0.0,1,1,44,0.0,0.0,0.0,1.0,6.0,1.0,2.0,33.33,1.0,25.0,1.0,50.0
292,1050692,Premier League,Brighton & Hove Albion,Diego Coppola,Defender,6.7,0.0,0.0,0.0,0.0,0.0,0.0,0.0,0.2,100.0,0.0,0.0,0.0,0.0,0.0,0.0,0.0,0.0,0.0,0.0,0.0,0.0,0.0,0.0,0.4,0.2,2.6,0.4,0.4,0.0,0.0,0.0,0.0,0.2,0.0,0.0,0.0,0.0,22.8,20.2,2.6,88.6,12.8,7.4,2.0,0.0,0.0,0.4,25.0,5,2,201,0.4,0.0,0.8,0.0,3.0,0.0,2.6,48.15,0.6,33.33,2.0,55.56
293,69256,Premier League,Newcastle United,Kieran Trippier,Defender,6.7,0.0,0.0,0.0,0.1,0.0,0.1,0.0,0.19,40.0,0.0,0.0,0.0,0.0,0.0,0.05,0.05,0.0,0.0,0.0,0.0,0.0,0.1,0.0,1.24,0.48,2.29,0.05,1.33,0.0,0.05,0.0,0.0,0.19,0.05,0.05,0.0,1.33,50.52,41.0,9.52,81.15,18.43,22.57,13.29,1.62,34.0,2.33,39.52,21,18,1592,0.14,0.0,1.05,0.9,14.48,0.29,3.43,45.57,2.29,43.64,1.14,50.0
294,846252,Premier League,Nottingham Forest,Ryan Yates,Midfielder,6.7,0.0,0.02,0.05,0.38,0.05,0.14,0.0,0.05,50.0,0.0,0.0,0.0,0.0,0.0,0.0,0.0,0.0,0.0,0.0,0.0,0.0,0.0,0.0,0.67,0.43,1.0,0.14,0.24,0.0,0.0,0.0,0.0,0.0,0.0,0.1,0.0,0.24,11.71,9.19,2.52,78.46,4.76,4.43,2.62,0.1,50.0,0.19,33.33,21,2,604,0.14,0.0,0.62,0.62,3.38,0.29,2.19,57.5,1.33,53.85,0.86,64.29
295,2138729,Premier League,Sunderland,Jocelin Ta Bi,Midfielder,6.7,0.0,0.0,0.0,0.0,0.0,0.0,0.0,2.0,66.67,0.0,0.0,0.0,0.0,0.0,0.0,0.0,0.0,0.0,0.0,0.0,0.0,0.0,0.0,1.0,0.0,0.0,0.0,0.0,0.0,0.0,0.0,0.0,0.0,0.0,0.0,0.0,0.0,2.0,2.0,0.0,100.0,0.0,2.0,1.0,1.0,20.0,0.0,0.0,1,1,39,0.0,0.0,0.0,1.0,9.0,1.0,4.0,50.0,4.0,66.67,0.0,0.0
296,1048916,Premier League,Burnley,Lesley Ugochukwu,Midfielder,6.7,0.09,0.07,0.03,0.67,0.24,0.18,13.64,0.42,46.67,0.09,0.0,0.06,0.03,0.0,0.0,0.03,0.0,0.0,0.0,0.0,0.0,0.0,0.0,1.48,0.55,0.67,0.61,0.58,0.03,0.0,0.03,0.0,0.03,0.0,0.03,0.0,0.27,22.09,18.3,3.79,82.85,8.15,10.15,4.61,0.03,16.67,0.7,56.1,33,25,2213,0.03,0.03,0.82,0.82,6.24,0.91,3.42,48.5,2.7,50.0,0.73,43.64
297,1913038,Premier League,Tottenham Hotspur,Jun'ai Byfield,Defender,6.7,0.0,0.0,0.0,0.0,0.0,0.0,0.0,0.0,0.0,0.0,0.0,0.0,0.0,0.0,0.0,0.0,0.0,0.0,0.0,0.0,0.0,0.0,0.0,0.0,0.0,0.0,0.0,0.0,0.0,0.0,0.0,0.0,0.0,0.0,0.0,0.0,0.0,5.0,4.0,1.0,80.0,0.0,4.0,2.0,0.0,0.0,0.0,0.0,1,0,10,0.0,0.0,0.0,0.0,1.0,0.0,1.0,100.0,0.0,0.0,1.0,100.0
298,998253,Premier League,Everton,Jake O'Brien,Defender,6.7,0.03,0.05,0.03,0.36,0.17,0.11,7.69,0.17,30.0,0.03,0.0,0.03,0.0,0.0,0.03,0.11,0.0,0.0,0.0,0.0,0.0,0.0,0.0,1.56,0.42,3.92,0.44,0.19,0.03,0.06,0.03,0.0,0.25,0.0,0.03,0.0,0.44,29.39,21.75,7.64,74.01,11.69,10.06,4.86,0.36,26.53,1.11,30.77,36,34,3069,0.14,0.03,0.58,0.42,13.03,0.58,5.22,61.44,2.11,55.07,3.11,66.67
299,876643,Premier League,Everton,Vitaliy Mykolenko,Defender,6.7,0.0,0.01,0.0,0.28,0.06,0.12,0.0,0.31,34.48,0.0,0.0,0.0,0.0,0.0,0.0,0.0,0.0,0.0,0.0,0.0,0.0,0.0,0.0,1.5,0.94,4.44,0.28,0.88,0.03,0.0,0.0,0.03,0.28,0.03,0.03,0.03,0.69,35.91,28.59,7.31,79.63,11.84,16.75,9.16,0.62,21.98,1.56,31.85,32,32,2870,0.19,0.0,0.88,0.84,14.72,0.34,4.19,52.96,2.66,50.6,1.53,57.65
300,1126692,Premier League,Brentford,Antoni Milambo,Midfielder,6.7,0.0,0.0,0.0,0.0,0.0,0.0,0.0,0.0,0.0,0.0,0.0,0.0,0.0,0.0,0.0,0.0,0.0,0.0,0.0,0.0,0.0,0.0,0.0,3.0,0.0,0.0,0.0,0.0,0.0,0.0,0.0,0.0,0.0,0.0,0.0,0.0,0.0,11.0,8.0,3.0,72.73,3.0,5.0,3.0,0.0,0.0,0.0,0.0,1,1,45,0.0,0.0,0.0,0.0,4.0,0.0,5.0,83.33,3.0,100.0,2.0,66.67
301,143040,Premier League,Liverpool FC,Wataru Endo,Midfielder,6.7,0.0,0.0,0.0,0.12,0.0,0.0,0.0,0.0,0.0,0.0,0.0,0.0,0.0,0.0,0.0,0.0,0.0,0.0,0.0,0.0,0.0,0.0,0.0,0.88,0.0,1.62,0.0,0.25,0.0,0.0,0.0,0.0,0.0,0.0,0.12,0.0,0.12,11.75,10.0,1.75,85.11,5.25,4.75,2.25,0.0,0.0,0.62,83.33,8,1,206,0.12,0.0,0.25,0.38,3.38,0.12,2.25,64.29,1.25,62.5,1.0,66.67
302,846425,Premier League,Manchester United,Manuel Ugarte,Midfielder,6.69,0.0,0.03,0.05,0.59,0.05,0.32,0.0,0.32,70.0,0.0,0.0,0.0,0.0,0.0,0.0,0.0,0.0,0.0,0.0,0.0,0.0,0.0,0.0,2.09,0.91,0.91,0.23,0.73,0.0,0.05,0.0,0.0,0.05,0.0,0.0,0.0,0.14,22.82,19.41,3.41,85.06,9.0,10.41,4.41,0.0,0.0,0.59,48.15,22,8,900,0.05,0.0,1.09,0.68,4.73,0.5,3.59,53.38,3.09,55.74,0.5,42.31
303,192442,Premier League,Fulham,Raúl Jiménez,Forward,6.69,0.26,0.33,0.26,2.09,0.54,0.94,12.33,0.29,37.04,0.26,0.0,0.11,0.0,0.14,0.06,0.54,0.06,0.11,0.11,100.0,0.0,0.17,0.0,0.97,0.23,0.86,0.09,0.54,0.03,0.0,0.0,0.0,0.06,0.06,0.09,0.0,0.71,14.74,9.37,5.37,63.57,3.8,5.57,3.09,0.06,28.57,0.43,60.0,35,27,2188,0.14,0.0,1.29,0.97,8.57,0.77,4.6,42.37,2.2,44.25,2.4,40.78
304,190839,Premier League,Manchester United,Luke Shaw,Defender,6.69,0.03,0.02,0.0,0.24,0.08,0.05,11.11,0.24,47.37,0.03,0.0,0.0,0.03,0.0,0.0,0.0,0.0,0.0,0.0,0.0,0.0,0.0,0.0,1.95,1.16,2.54,0.24,0.43,0.0,0.05,0.0,0.0,0.14,0.03,0.03,0.0,0.43,45.49,39.43,6.05,86.69,20.73,18.7,8.22,0.24,16.98,1.54,48.72,37,37,3149,0.24,0.0,1.32,0.54,9.24,0.14,4.46,55.93,2.73,56.11,1.73,55.65
305,329417,Premier League,Fulham,Timothy Castagne,Defender,6.69,0.0,0.05,0.03,0.45,0.21,0.1,0.0,0.07,40.0,0.0,0.0,0.0,0.0,0.0,0.0,0.03,0.03,0.0,0.0,0.0,0.0,0.0,0.0,1.31,1.0,2.17,0.34,0.17,0.0,0.03,0.0,0.0,0.07,0.1,0.0,0.0,0.59,26.34,22.66,3.69,85.99,13.17,9.48,5.1,0.52,31.91,1.07,54.39,29,19,1782,0.14,0.0,0.62,0.34,6.0,0.07,2.62,56.3,1.72,64.1,0.9,45.61
306,1008456,Premier League,Burnley,Oliver Sonne,Defender,6.68,0.14,0.08,0.0,0.43,0.14,0.29,33.33,0.14,33.33,0.14,0.0,0.0,0.14,0.0,0.0,0.0,0.0,0.0,0.0,0.0,0.0,0.0,0.0,0.29,0.14,0.57,0.0,0.14,0.0,0.0,0.0,0.0,0.0,0.0,0.0,0.0,0.14,8.43,5.57,2.86,66.1,2.29,3.29,2.14,0.14,20.0,0.43,42.86,7,1,165,0.0,0.0,0.57,0.0,4.43,0.14,1.14,44.44,0.43,27.27,0.71,71.43
307,975937,Premier League,Newcastle United,Jacob Ramsey,Midfielder,6.68,0.07,0.04,0.04,0.59,0.15,0.22,12.5,0.56,53.57,0.04,0.04,0.0,0.04,0.04,0.0,0.07,0.0,0.0,0.0,0.0,0.0,0.0,0.0,1.33,0.33,0.3,0.11,0.41,0.0,0.04,0.04,0.0,0.04,0.07,0.11,0.0,0.81,24.22,21.89,2.33,90.37,8.74,13.15,7.3,0.15,44.44,0.48,68.42,27,14,1375,0.11,0.04,0.59,0.48,4.22,0.44,2.7,54.89,2.37,57.14,0.33,42.86
308,1128532,Premier League,Sunderland,Habib Diarra,Midfielder,6.68,0.11,0.17,0.11,1.26,0.42,0.68,8.33,0.32,27.27,0.11,0.0,0.0,0.0,0.11,0.0,0.11,0.05,0.05,0.05,100.0,0.0,0.0,0.0,0.74,0.21,0.68,0.0,0.37,0.0,0.05,0.0,0.0,0.21,0.05,0.11,0.0,0.32,22.58,18.53,4.05,82.05,7.68,10.84,6.42,0.21,13.79,0.21,26.67,19,15,1378,0.26,0.0,1.0,1.37,7.63,0.68,2.95,45.16,2.42,45.54,0.53,43.48
309,877013,Premier League,West Ham United,Valentín Castellanos,Forward,6.68,0.29,0.29,0.47,2.71,1.18,1.06,10.87,0.12,16.67,0.24,0.06,0.12,0.0,0.18,0.18,0.53,0.0,0.0,0.0,0.0,0.0,0.06,0.0,0.65,0.29,1.18,0.12,0.47,0.0,0.0,0.0,0.0,0.06,0.06,0.0,0.0,0.71,14.06,9.06,5.0,64.44,2.65,6.41,4.12,0.12,33.33,0.06,14.29,17,16,1307,0.35,0.0,1.76,0.71,8.24,0.65,3.0,35.66,1.47,30.12,1.53,43.33
310,1416535,Premier League,Brighton & Hove Albion,Charalampos Kostoulas,Forward,6.68,0.1,0.1,0.1,0.9,0.4,0.35,11.11,0.5,40.0,0.1,0.0,0.05,0.0,0.05,0.0,0.2,0.0,0.0,0.0,0.0,0.0,0.0,0.0,0.55,0.05,0.2,0.0,0.2,0.0,0.0,0.0,0.0,0.0,0.15,0.05,0.0,0.4,5.9,4.4,1.5,74.58,1.35,3.05,1.95,0.0,0.0,0.05,25.0,20,2,355,0.1,0.0,0.35,0.35,4.05,0.5,2.4,45.71,1.4,44.44,1.0,47.62
311,831424,Premier League,Sunderland,Reinildo Mandava,Defender,6.68,0.0,0.01,0.0,0.17,0.0,0.08,0.0,0.62,57.69,0.0,0.0,0.0,0.0,0.0,0.0,0.04,0.04,0.0,0.0,0.0,0.0,0.0,0.0,1.46,1.25,3.25,0.58,0.54,0.04,0.0,0.04,0.0,0.25,0.0,0.04,0.0,0.25,32.67,28.08,4.58,85.97,14.75,13.33,5.38,0.17,17.39,0.96,35.94,24,22,1879,0.29,0.04,1.29,1.46,8.38,0.54,4.88,55.45,3.46,55.7,1.42,54.84
312,1142315,Premier League,Brighton & Hove Albion,Jack Hinshelwood,Midfielder,6.68,0.15,0.19,0.23,1.42,0.58,0.54,10.81,0.12,33.33,0.12,0.04,0.04,0.04,0.08,0.08,0.08,0.0,0.0,0.0,0.0,0.0,0.0,0.0,0.69,0.19,0.96,0.19,0.42,0.0,0.08,0.0,0.04,0.04,0.08,0.12,0.0,0.54,23.77,19.69,4.08,82.85,9.08,10.62,5.58,0.0,0.0,0.35,37.5,26,19,1676,0.0,0.0,1.27,0.42,6.04,0.35,1.69,35.48,1.23,35.96,0.46,34.29
313,803185,Premier League,Leeds United,Lukas Nmecha,Forward,6.67,0.2,0.23,0.2,0.97,0.53,0.27,20.69,0.13,40.0,0.2,0.0,0.0,0.03,0.17,0.03,0.1,0.0,0.1,0.07,66.67,0.0,0.0,0.0,0.37,0.1,0.37,0.03,0.1,0.0,0.0,0.0,0.0,0.0,0.03,0.03,0.0,0.3,6.43,4.17,2.27,64.77,1.47,2.7,1.53,0.0,0.0,0.17,83.33,30,9,1002,0.0,0.0,0.53,0.53,4.43,0.53,2.0,40.54,0.97,42.65,1.03,38.75
314,980623,Premier League,Newcastle United,Nick Woltemade,Forward,6.67,0.25,0.21,0.19,1.0,0.41,0.34,25.0,0.41,39.39,0.25,0.0,0.06,0.0,0.19,0.06,0.25,0.0,0.03,0.03,100.0,0.0,0.0,0.0,0.72,0.16,0.66,0.06,0.34,0.0,0.0,0.0,0.03,0.03,0.16,0.09,0.0,0.62,11.25,8.47,2.78,75.28,2.75,5.72,3.34,0.0,0.0,0.22,50.0,32,23,1862,0.0,0.0,0.62,0.59,6.56,1.31,2.81,37.97,1.72,37.67,1.09,38.46
315,839410,Premier League,Newcastle United,Aaron Ramsdale,Goalkeeper,6.67,0.0,0.0,0.0,0.0,0.0,0.0,0.0,0.0,0.0,0.0,0.0,0.0,0.0,0.0,0.0,0.0,0.0,0.0,0.0,0.0,0.0,0.0,0.0,0.0,0.0,0.83,0.0,0.0,0.0,0.08,0.0,0.0,0.08,0.0,0.0,0.0,0.08,33.33,22.25,11.08,66.75,18.58,3.67,1.33,0.0,0.0,4.58,29.73,12,11,1003,0.17,0.0,0.0,0.08,11.25,0.0,0.5,75.0,0.08,100.0,0.42,71.43
316,875360,Premier League,Burnley,Hjalmar Ekdal,Defender,6.67,0.0,0.01,0.05,0.32,0.05,0.16,0.0,0.11,50.0,0.0,0.0,0.0,0.0,0.0,0.0,0.11,0.0,0.0,0.0,0.0,0.0,0.0,0.0,1.26,0.63,6.58,0.68,0.21,0.05,0.05,0.0,0.0,0.11,0.0,0.0,0.0,0.21,35.84,30.47,5.37,85.02,22.21,8.26,2.0,0.0,0.0,1.58,38.46,19,17,1539,0.0,0.0,0.26,0.37,6.11,0.21,4.37,63.85,1.63,67.39,2.74,61.9
317,979144,Premier League,Nottingham Forest,Luca Netz,Defender,6.67,0.0,0.0,0.0,0.0,0.0,0.0,0.0,0.33,50.0,0.0,0.0,0.0,0.0,0.0,0.0,0.0,0.0,0.0,0.0,0.0,0.0,0.0,0.0,2.0,0.33,1.33,0.5,0.33,0.0,0.0,0.0,0.0,0.0,0.0,0.0,0.0,0.33,15.0,12.67,2.33,84.44,7.5,5.17,3.33,0.0,0.0,0.67,44.44,6,3,328,0.0,0.0,0.83,0.33,3.83,0.0,2.83,48.57,2.67,64.0,0.17,10.0
318,794939,Premier League,Chelsea,Marc Cucurella,Defender,6.67,0.03,0.07,0.03,0.62,0.19,0.25,5.0,0.03,33.33,0.03,0.0,0.03,0.0,0.0,0.0,0.12,0.0,0.0,0.0,0.0,0.0,0.0,0.0,1.56,0.97,2.69,0.25,0.59,0.0,0.03,0.0,0.0,0.28,0.19,0.12,0.0,1.22,43.56,38.47,5.09,88.31,18.94,19.53,10.0,0.41,32.5,1.31,49.41,32,29,2530,0.22,0.03,1.38,0.81,7.62,0.19,3.5,52.58,2.38,52.05,1.12,53.73
319,1013928,Premier League,Wolverhampton,Hugo Bueno,Defender,6.67,0.03,0.02,0.0,0.44,0.18,0.18,6.67,0.91,40.26,0.0,0.03,0.0,0.03,0.0,0.0,0.09,0.0,0.0,0.0,0.0,0.0,0.03,0.0,1.97,1.12,1.97,0.12,1.0,0.0,0.06,0.03,0.0,0.09,0.18,0.06,0.0,1.12,24.85,20.03,4.82,80.59,10.56,9.47,5.24,1.71,34.94,0.74,34.25,34,26,2359,0.09,0.0,0.53,0.71,12.47,0.94,4.15,48.12,3.59,48.61,0.56,45.24
320,851100,Premier League,Aston Villa,Jadon Sancho,Midfielder,6.67,0.0,0.03,0.04,0.43,0.13,0.04,0.0,0.7,55.17,0.0,0.0,0.0,0.0,0.0,0.0,0.13,0.0,0.0,0.0,0.0,0.0,0.0,0.0,0.3,0.09,0.39,0.0,0.3,0.04,0.04,0.0,0.0,0.0,0.13,0.09,0.0,0.91,16.43,13.74,2.7,83.6,3.43,10.3,7.35,0.13,13.04,0.09,66.67,23,9,891,0.0,0.0,0.13,0.09,5.57,0.39,1.22,42.42,1.09,43.86,0.13,33.33
321,855845,Premier League,Burnley,Florentino Luís,Midfielder,6.67,0.0,0.02,0.07,0.38,0.03,0.24,0.0,0.24,33.33,0.0,0.0,0.0,0.0,0.0,0.0,0.03,0.0,0.0,0.0,0.0,0.0,0.0,0.0,2.86,1.24,1.76,0.41,1.21,0.03,0.1,0.03,0.0,0.03,0.0,0.07,0.0,0.41,33.24,28.38,4.86,85.37,15.07,13.31,5.45,0.03,11.11,1.31,63.33,29,23,1950,0.21,0.0,1.31,0.28,7.03,0.52,4.14,48.58,3.38,49.0,0.76,46.81
322,143334,Premier League,Aston Villa,Victor Lindelöf,Defender,6.67,0.0,0.02,0.06,0.19,0.0,0.19,0.0,0.0,0.0,0.0,0.0,0.0,0.0,0.0,0.0,0.0,0.0,0.0,0.0,0.0,0.0,0.0,0.0,0.38,0.44,1.94,0.31,0.12,0.0,0.0,0.0,0.0,0.06,0.06,0.06,0.0,0.12,36.5,34.31,2.19,94.01,25.38,8.94,2.88,0.0,0.0,0.75,50.0,16,10,912,0.0,0.0,0.12,0.06,2.44,0.12,1.12,60.0,0.44,53.85,0.69,64.71
323,991604,Premier League,Brentford,Fabio Carvalho,Forward,6.66,0.17,0.12,0.0,0.33,0.17,0.17,50.0,0.17,33.33,0.17,0.0,0.0,0.0,0.17,0.0,0.0,0.0,0.0,0.0,0.0,0.0,0.0,0.0,0.5,0.0,0.0,0.0,0.0,0.0,0.0,0.0,0.0,0.0,0.0,0.0,0.0,0.0,4.17,3.33,0.83,80.0,1.67,1.67,0.83,0.17,20.0,0.33,100.0,6,1,128,0.0,0.0,0.0,0.0,2.33,0.17,0.83,45.45,0.67,57.14,0.17,25.0
324,904827,Premier League,Chelsea,Benoît Badiashile,Defender,6.66,0.0,0.0,0.0,0.0,0.0,0.0,0.0,0.0,0.0,0.0,0.0,0.0,0.0,0.0,0.0,0.0,0.0,0.0,0.0,0.0,0.0,0.0,0.0,0.88,1.25,3.38,0.5,0.12,0.12,0.12,0.0,0.0,0.0,0.0,0.0,0.0,0.0,54.88,51.0,3.88,92.94,38.5,12.5,3.12,0.0,0.0,2.38,55.88,8,6,471,0.25,0.0,0.75,0.25,4.38,0.0,2.12,53.13,1.12,60.0,1.0,47.06
325,823085,Premier League,West Ham United,Kyle Walker-Peters,Defender,6.66,0.05,0.05,0.0,0.23,0.14,0.09,20.0,0.73,66.67,0.05,0.0,0.0,0.0,0.05,0.0,0.05,0.0,0.0,0.0,0.0,0.0,0.0,0.0,2.0,0.41,1.5,0.18,0.45,0.05,0.0,0.0,0.0,0.14,0.05,0.0,0.0,0.32,26.14,22.41,3.73,85.74,9.41,13.0,6.77,0.05,5.26,0.64,36.84,22,14,1306,0.09,0.0,0.5,1.09,6.86,0.73,4.36,60.76,3.82,66.14,0.55,38.71
326,867445,Premier League,Fulham,Emile Smith Rowe,Midfielder,6.66,0.08,0.13,0.14,0.97,0.28,0.39,8.57,0.39,48.28,0.08,0.0,0.03,0.0,0.06,0.03,0.08,0.0,0.0,0.0,0.0,0.0,0.0,0.0,0.92,0.61,0.47,0.03,0.17,0.0,0.06,0.0,0.0,0.0,0.03,0.0,0.0,0.5,25.0,22.75,2.25,91.0,8.81,13.94,7.89,0.03,7.69,0.22,61.54,36,21,1871,0.03,0.0,0.25,0.44,5.08,0.83,1.92,49.29,1.72,51.67,0.19,35.0
327,855731,Premier League,Bournemouth,David Brooks,Midfielder,6.66,0.03,0.17,0.3,1.53,0.4,0.57,2.17,0.57,41.46,0.03,0.0,0.0,0.03,0.0,0.03,0.07,0.0,0.0,0.0,0.0,0.0,0.07,0.0,0.6,0.13,0.5,0.0,0.67,0.0,0.0,0.0,0.0,0.0,0.27,0.1,0.0,0.83,14.7,11.37,3.33,77.32,2.8,8.57,5.43,0.37,18.64,0.4,46.15,30,13,1207,0.23,0.0,0.37,0.43,7.33,0.33,1.8,41.22,1.6,42.48,0.2,33.33
328,795066,Premier League,Burnley,Marcus Edwards,Forward,6.66,0.05,0.07,0.09,1.0,0.27,0.32,4.55,0.59,35.14,0.05,0.0,0.0,0.05,0.0,0.05,0.05,0.0,0.0,0.0,0.0,0.0,0.18,0.0,0.5,0.09,0.18,0.0,0.77,0.0,0.0,0.0,0.0,0.0,0.23,0.14,0.0,0.82,14.64,12.0,2.64,81.99,3.23,8.77,5.77,0.18,21.05,0.27,50.0,22,11,1058,0.0,0.0,0.32,0.82,7.68,1.27,2.0,34.92,1.91,36.21,0.09,20.0
329,894733,Premier League,Wolverhampton,Marshall Munetsi,Midfielder,6.65,0.08,0.12,0.0,1.08,0.46,0.46,7.14,0.38,55.56,0.08,0.0,0.08,0.0,0.0,0.08,0.31,0.0,0.0,0.0,0.0,0.0,0.0,0.0,1.62,0.54,2.31,0.15,0.69,0.0,0.0,0.0,0.0,0.0,0.08,0.08,0.0,0.23,13.0,8.23,4.77,63.31,2.0,6.23,3.62,0.23,21.43,0.46,50.0,13,9,877,0.15,0.0,1.46,0.77,8.62,0.85,5.0,45.77,2.69,44.87,2.31,46.88
330,1153315,Premier League,Manchester United,Leny Yoro,Defender,6.65,0.0,0.04,0.06,0.29,0.1,0.16,0.0,0.06,66.67,0.0,0.0,0.0,0.0,0.0,0.0,0.06,0.0,0.0,0.0,0.0,0.0,0.0,0.0,1.0,0.97,2.71,0.32,0.26,0.0,0.1,0.03,0.0,0.03,0.0,0.0,0.0,0.13,31.77,28.1,3.68,88.43,17.06,11.03,4.23,0.03,33.33,1.16,48.0,31,18,1732,0.03,0.0,0.52,0.16,4.61,0.16,2.65,56.16,1.23,55.88,1.42,56.41
331,962364,Premier League,Nottingham Forest,Lorenzo Lucca,Forward,6.65,0.25,0.2,0.25,1.0,0.25,0.75,25.0,0.0,0.0,0.25,0.0,0.25,0.0,0.0,0.0,0.5,0.0,0.0,0.0,0.0,0.0,0.0,0.0,0.0,0.25,0.75,0.0,0.0,0.0,0.0,0.0,0.0,0.0,0.0,0.0,0.0,0.25,4.0,2.25,1.75,56.25,0.75,1.5,0.75,0.0,0.0,0.0,0.0,4,1,135,0.0,0.0,0.25,0.5,3.75,0.75,1.75,43.75,0.5,28.57,1.25,55.56
332,998951,Premier League,Leeds United,Wilfried Gnonto,Forward,6.65,0.0,0.02,0.0,0.45,0.0,0.27,0.0,0.23,35.71,0.0,0.0,0.0,0.0,0.0,0.0,0.0,0.05,0.0,0.0,0.0,0.0,0.0,0.0,0.82,0.14,0.55,0.0,0.18,0.0,0.0,0.0,0.0,0.0,0.05,0.05,0.0,0.41,9.27,7.18,2.09,77.45,2.5,4.68,3.18,0.09,10.53,0.27,75.0,22,4,514,0.14,0.0,0.32,0.5,4.41,0.41,1.59,45.45,1.55,53.97,0.05,7.14
333,1140599,Premier League,Chelsea,Jamie Gittens,Midfielder,6.65,0.0,0.05,0.06,0.62,0.12,0.12,0.0,0.81,61.9,0.0,0.0,0.0,0.0,0.0,0.0,0.12,0.0,0.0,0.0,0.0,0.0,0.0,0.0,0.5,0.12,0.19,0.06,0.19,0.0,0.0,0.0,0.0,0.06,0.12,0.12,0.0,0.56,9.31,7.38,1.94,79.19,1.94,5.44,3.06,0.19,23.08,0.19,75.0,16,5,495,0.0,0.0,0.38,0.5,4.25,0.25,2.0,54.24,1.81,59.18,0.19,30.0
334,946695,Premier League,Brighton & Hove Albion,Georginio Rutter,Midfielder,6.65,0.1,0.1,0.1,1.32,0.45,0.45,7.32,0.9,43.75,0.1,0.0,0.0,0.06,0.03,0.0,0.32,0.03,0.0,0.0,0.0,0.0,0.0,0.0,1.03,0.32,0.84,0.03,0.48,0.0,0.0,0.0,0.03,0.06,0.26,0.1,0.0,0.81,13.9,9.65,4.26,69.37,2.77,6.87,4.84,0.1,14.29,0.52,57.14,31,20,1788,0.06,0.0,0.97,1.1,11.29,1.9,3.65,40.07,3.03,40.52,0.61,38.0
335,972421,Premier League,Brentford,Keane Lewis-Potter,Defender,6.65,0.09,0.09,0.06,0.86,0.26,0.29,10.0,0.43,34.88,0.09,0.0,0.03,0.03,0.03,0.06,0.09,0.0,0.0,0.0,0.0,0.0,0.17,0.0,0.6,0.31,0.97,0.03,0.29,0.03,0.0,0.0,0.0,0.14,0.17,0.09,0.0,0.51,15.37,12.0,3.37,78.07,5.31,6.69,4.09,0.6,31.34,0.66,30.67,35,21,1901,0.03,0.0,0.43,1.0,7.26,0.43,2.34,46.07,2.03,51.08,0.31,28.21
336,803039,Premier League,Aston Villa,Donyell Malen,Forward,6.65,0.19,0.19,0.24,1.29,0.43,0.57,14.81,0.38,40.0,0.19,0.0,0.0,0.0,0.19,0.05,0.05,0.0,0.0,0.0,0.0,0.0,0.0,0.0,0.19,0.0,0.1,0.0,0.1,0.0,0.0,0.0,0.0,0.0,0.0,0.05,0.0,0.33,4.48,3.48,1.0,77.66,0.71,2.76,1.9,0.1,28.57,0.05,20.0,21,5,680,0.0,0.0,0.1,0.29,3.1,0.62,1.0,36.84,0.86,38.3,0.14,30.0
337,371222,Premier League,Fulham,Saša Lukić,Midfielder,6.65,0.04,0.09,0.12,0.69,0.23,0.27,5.56,0.23,54.55,0.04,0.0,0.04,0.0,0.0,0.0,0.08,0.0,0.0,0.0,0.0,0.0,0.0,0.0,1.88,0.69,1.38,0.35,0.38,0.0,0.08,0.0,0.0,0.15,0.12,0.08,0.0,1.08,28.08,24.04,4.04,85.62,10.69,13.35,6.62,0.73,27.94,0.35,52.94,26,20,1734,0.35,0.0,2.04,0.96,7.23,0.35,3.96,48.58,3.08,51.61,0.88,40.35
338,996958,Premier League,Chelsea,Malo Gusto,Defender,6.64,0.06,0.05,0.03,0.36,0.18,0.09,16.67,0.33,47.83,0.06,0.0,0.03,0.03,0.0,0.0,0.03,0.0,0.0,0.0,0.0,0.0,0.0,0.0,1.55,0.91,1.09,0.12,0.64,0.0,0.03,0.03,0.0,0.09,0.09,0.09,0.03,0.82,37.09,32.24,4.85,86.93,15.61,16.64,9.18,0.36,20.69,1.18,50.65,33,25,2182,0.09,0.03,0.61,0.58,9.21,0.42,2.85,52.81,2.45,55.1,0.39,41.94
339,954044,Premier League,Wolverhampton,Ki-Jana Hoever,Defender,6.64,0.0,0.0,0.0,0.12,0.12,0.0,0.0,0.62,62.5,0.0,0.0,0.0,0.0,0.0,0.0,0.12,0.0,0.0,0.0,0.0,0.0,0.0,0.0,1.62,0.75,2.5,0.12,0.38,0.0,0.0,0.0,0.0,0.0,0.25,0.0,0.0,0.62,19.25,13.25,6.0,68.83,5.25,8.0,3.88,0.88,31.82,1.12,32.14,8,6,428,0.0,0.0,0.38,0.38,9.75,0.38,3.38,60.0,2.62,63.64,0.75,50.0
340,1014987,Premier League,Sunderland,Dennis Cirkin,Defender,6.64,0.0,0.01,0.0,0.12,0.0,0.12,0.0,0.38,75.0,0.0,0.0,0.0,0.0,0.0,0.0,0.0,0.0,0.0,0.0,0.0,0.0,0.0,0.0,1.0,0.62,1.75,0.12,0.25,0.0,0.0,0.0,0.0,0.12,0.0,0.0,0.0,0.0,12.38,9.62,2.75,77.78,5.0,4.62,2.25,0.12,33.33,0.12,25.0,8,3,329,0.25,0.0,0.5,0.25,4.88,0.62,2.25,51.43,1.62,52.0,0.62,50.0
341,1006073,Premier League,Wolverhampton,Rodrigo Gomes,Midfielder,6.64,0.14,0.1,0.1,0.9,0.29,0.52,15.79,0.29,27.27,0.14,0.0,0.0,0.0,0.14,0.0,0.14,0.0,0.0,0.0,0.0,0.0,0.0,0.0,1.05,0.43,0.57,0.1,0.38,0.0,0.0,0.0,0.0,0.0,0.0,0.0,0.05,0.19,11.81,8.48,3.33,71.77,2.43,6.05,3.48,0.14,12.5,0.1,18.18,21,8,896,0.0,0.0,0.24,0.38,7.14,0.33,2.0,43.75,1.71,50.0,0.29,25.0
342,885864,Premier League,Brentford,Frank Onyeka,Midfielder,6.64,0.0,0.0,0.0,0.0,0.0,0.0,0.0,0.33,50.0,0.0,0.0,0.0,0.0,0.0,0.0,0.0,0.0,0.0,0.0,0.0,0.0,0.0,0.0,0.33,0.0,0.5,0.0,0.33,0.0,0.0,0.0,0.0,0.0,0.17,0.17,0.0,0.17,6.0,4.67,1.33,77.78,1.5,3.17,1.67,0.0,0.0,0.17,50.0,6,0,88,0.0,0.0,0.5,0.5,2.17,0.0,1.33,50.0,1.17,50.0,0.17,50.0
343,944327,Premier League,Nottingham Forest,Dan Ndoye,Midfielder,6.64,0.04,0.04,0.04,0.62,0.17,0.29,6.67,0.54,39.39,0.04,0.0,0.04,0.0,0.0,0.0,0.38,0.0,0.0,0.0,0.0,0.0,0.0,0.0,0.96,0.42,0.5,0.08,0.5,0.0,0.0,0.0,0.0,0.0,0.08,0.04,0.0,0.58,11.75,9.21,2.54,78.37,2.54,6.67,4.12,0.38,21.43,0.29,53.85,24,14,1176,0.04,0.0,0.67,0.92,7.46,0.79,2.88,46.31,2.42,46.77,0.46,44.0
344,1423711,Premier League,Arsenal,Myles Lewis-Skelly,Defender,6.64,0.0,0.01,0.0,0.11,0.0,0.06,0.0,0.44,80.0,0.0,0.0,0.0,0.0,0.0,0.0,0.06,0.0,0.0,0.0,0.0,0.0,0.0,0.0,0.44,0.22,0.61,0.06,0.22,0.0,0.06,0.0,0.0,0.11,0.0,0.0,0.0,0.22,17.83,16.28,1.56,91.28,9.0,7.28,3.78,0.0,0.0,0.44,57.14,18,4,615,0.17,0.0,0.44,0.61,3.0,0.39,1.78,50.79,1.5,56.25,0.28,33.33
345,1627560,Premier League,Everton,Harrison Armstrong,Midfielder,6.64,0.0,0.07,0.08,0.42,0.17,0.17,0.0,0.08,14.29,0.0,0.0,0.0,0.0,0.0,0.0,0.17,0.0,0.0,0.0,0.0,0.0,0.0,0.0,1.08,0.33,0.67,0.08,0.25,0.0,0.0,0.0,0.0,0.08,0.0,0.0,0.0,0.33,15.33,12.08,3.25,78.8,3.83,8.25,4.58,0.0,0.0,0.42,62.5,12,6,509,0.0,0.0,0.5,1.17,5.58,0.67,2.83,53.97,2.33,56.0,0.5,46.15
346,877980,Premier League,Sunderland,Wilson Isidor,Forward,6.64,0.19,0.15,0.06,1.32,0.55,0.42,14.63,0.19,25.0,0.19,0.0,0.03,0.0,0.16,0.0,0.35,0.0,0.0,0.0,0.0,0.0,0.0,0.0,0.32,0.03,0.48,0.03,0.16,0.0,0.0,0.0,0.0,0.03,0.0,0.0,0.0,0.0,4.19,2.48,1.71,59.23,0.71,1.77,1.23,0.0,0.0,0.03,14.29,31,11,1144,0.03,0.0,0.45,0.19,3.48,0.45,1.52,29.01,0.71,30.99,0.81,27.47
347,910048,Premier League,Sunderland,Brian Brobbey,Forward,6.64,0.23,0.17,0.33,1.07,0.57,0.3,21.88,0.07,12.5,0.23,0.0,0.07,0.03,0.13,0.03,0.27,0.03,0.0,0.0,0.0,0.0,0.0,0.0,0.3,0.0,0.47,0.2,0.13,0.0,0.0,0.03,0.0,0.03,0.07,0.03,0.0,0.5,8.87,6.33,2.53,71.43,1.87,4.47,2.63,0.0,0.0,0.13,57.14,30,21,1883,0.2,0.0,1.03,1.13,5.9,0.93,3.6,42.02,1.47,36.97,2.13,46.38
348,359664,Premier League,Nottingham Forest,Taiwo Awoniyi,Forward,6.63,0.25,0.21,0.12,0.88,0.5,0.31,28.57,0.12,50.0,0.25,0.0,0.06,0.06,0.12,0.0,0.31,0.06,0.0,0.0,0.0,0.0,0.0,0.0,0.06,0.06,0.25,0.06,0.25,0.0,0.0,0.0,0.0,0.0,0.12,0.06,0.0,0.38,4.62,3.69,0.94,79.73,1.5,2.19,1.5,0.0,0.0,0.0,0.0,16,3,474,0.06,0.0,0.56,0.38,3.38,0.31,1.12,23.38,0.56,31.03,0.56,18.75
349,987489,Premier League,Everton,Beto,Forward,6.63,0.25,0.25,0.28,1.19,0.47,0.42,20.93,0.39,34.15,0.25,0.0,0.08,0.03,0.14,0.03,0.25,0.0,0.0,0.0,0.0,0.0,0.0,0.0,0.42,0.03,1.19,0.14,0.08,0.0,0.03,0.0,0.0,0.0,0.03,0.03,0.0,0.33,5.75,3.56,2.19,61.84,1.36,2.19,1.25,0.0,0.0,0.03,100.0,36,17,1595,0.08,0.0,0.92,0.33,6.17,0.83,3.69,39.7,1.14,31.54,2.56,44.88
350,858194,Premier League,Crystal Palace,Eddie Nketiah,Forward,6.63,0.17,0.15,0.08,1.25,0.5,0.25,13.33,0.42,31.25,0.17,0.0,0.0,0.08,0.08,0.0,0.25,0.0,0.0,0.0,0.0,0.0,0.0,0.0,0.67,0.17,0.83,0.08,0.25,0.0,0.0,0.0,0.0,0.0,0.08,0.0,0.0,0.58,7.25,5.83,1.42,80.46,2.92,2.92,1.67,0.0,0.0,0.08,50.0,12,2,416,0.17,0.0,0.58,0.58,5.67,0.92,2.33,34.57,1.67,39.22,0.67,26.67
351,834308,Premier League,Leeds United,Gabriel Gudmundsson,Defender,6.63,0.0,0.03,0.0,0.56,0.09,0.31,0.0,1.22,52.7,0.0,0.0,0.0,0.0,0.0,0.0,0.09,0.0,0.0,0.0,0.0,0.0,0.0,0.0,2.03,0.84,2.59,0.22,0.94,0.03,0.0,0.0,0.03,0.09,0.12,0.0,0.0,0.66,29.91,22.81,7.09,76.28,12.12,10.69,5.28,0.75,26.37,0.94,28.57,32,31,2642,0.12,0.03,0.97,1.75,14.84,0.81,5.56,53.61,5.0,56.74,0.56,36.0
352,1142675,Premier League,Sunderland,Chemsdine Talbi,Midfielder,6.63,0.14,0.08,0.07,0.89,0.36,0.36,16.0,0.57,44.44,0.07,0.07,0.0,0.0,0.14,0.0,0.07,0.0,0.0,0.0,0.0,0.0,0.0,0.0,0.39,0.07,0.61,0.04,0.46,0.07,0.0,0.0,0.0,0.07,0.0,0.04,0.0,0.43,14.36,11.68,2.68,81.34,4.57,7.11,3.86,0.25,14.29,0.46,56.52,28,16,1561,0.0,0.0,0.18,0.04,6.86,0.39,1.04,31.87,1.0,36.36,0.04,7.14
353,1198075,Premier League,Brighton & Hove Albion,Brajan Gruda,Midfielder,6.63,0.06,0.1,0.11,0.89,0.33,0.33,6.25,1.11,37.74,0.06,0.0,0.0,0.0,0.06,0.0,0.11,0.0,0.0,0.0,0.0,0.0,0.06,0.0,0.78,0.11,0.11,0.0,0.28,0.06,0.0,0.0,0.0,0.0,0.06,0.06,0.0,0.89,13.78,10.78,3.0,78.23,2.22,8.56,5.0,0.17,21.43,0.39,53.85,18,8,740,0.11,0.0,0.61,0.78,8.22,0.94,3.11,44.8,2.67,42.11,0.44,72.73
354,1394089,Premier League,Sunderland,Chris Rigg,Midfielder,6.63,0.06,0.05,0.0,0.71,0.18,0.35,8.33,0.41,53.85,0.06,0.0,0.0,0.06,0.0,0.0,0.12,0.0,0.0,0.0,0.0,0.0,0.0,0.0,0.76,0.24,0.59,0.06,0.29,0.0,0.06,0.0,0.0,0.0,0.12,0.06,0.0,0.53,12.47,8.94,3.53,71.7,3.06,5.88,3.06,0.24,36.36,0.59,47.62,17,11,772,0.06,0.0,0.47,0.47,5.59,0.29,1.88,49.23,1.65,53.85,0.24,30.77
355,962408,Premier League,Bournemouth,Bafodé Diakité,Defender,6.63,0.0,0.0,0.0,0.06,0.0,0.06,0.0,0.0,0.0,0.0,0.0,0.0,0.0,0.0,0.0,0.11,0.0,0.0,0.0,0.0,0.0,0.0,0.0,1.11,0.67,4.61,0.28,0.17,0.0,0.06,0.06,0.0,0.22,0.0,0.0,0.0,0.17,41.61,36.61,5.0,87.98,23.06,13.56,4.72,0.0,0.0,1.89,47.22,18,15,1286,0.06,0.0,0.44,0.28,5.56,0.06,3.33,54.05,1.39,62.5,1.94,49.3
356,303638,Premier League,Aston Villa,Tyrone Mings,Defender,6.63,0.0,0.09,0.12,0.56,0.06,0.25,0.0,0.12,33.33,0.0,0.0,0.0,0.0,0.0,0.0,0.0,0.0,0.0,0.0,0.0,0.0,0.0,0.0,0.25,0.62,4.69,0.5,0.06,0.0,0.06,0.0,0.0,0.19,0.06,0.0,0.0,0.31,53.75,48.06,5.69,89.42,30.94,17.12,5.06,0.06,25.0,2.19,42.17,16,14,1233,0.06,0.0,0.62,0.56,6.69,0.19,3.31,55.21,0.81,44.83,2.5,59.7
357,935543,Premier League,Everton,Dwight McNeil,Midfielder,6.63,0.0,0.06,0.05,1.09,0.23,0.32,0.0,0.32,53.85,0.0,0.0,0.0,0.0,0.0,0.05,0.09,0.0,0.0,0.0,0.0,0.0,0.0,0.0,1.05,0.45,0.59,0.14,0.55,0.05,0.05,0.0,0.0,0.14,0.05,0.05,0.0,0.68,14.73,12.0,2.73,81.48,5.18,6.82,4.23,0.45,23.81,0.32,35.0,22,14,1188,0.05,0.0,0.5,0.32,6.77,0.86,2.0,42.72,1.68,43.53,0.32,38.89
358,174975,Premier League,Sunderland,Arthur Masuaku,Defender,6.63,0.0,0.02,0.0,0.33,0.0,0.0,0.0,0.67,50.0,0.0,0.0,0.0,0.0,0.0,0.0,0.0,0.0,0.0,0.0,0.0,0.0,0.0,0.0,1.33,0.67,1.33,0.0,1.0,0.0,0.0,0.0,0.0,0.0,0.0,0.0,0.0,0.33,16.0,13.0,3.0,81.25,8.33,4.67,1.67,0.67,25.0,0.33,16.67,3,2,127,0.33,0.0,1.0,0.0,7.33,0.33,2.33,43.75,2.0,40.0,0.33,100.0
359,1008402,Premier League,Liverpool FC,Conor Bradley,Defender,6.63,0.0,0.02,0.0,0.4,0.0,0.13,0.0,0.47,31.82,0.0,0.0,0.0,0.0,0.0,0.07,0.07,0.0,0.0,0.0,0.0,0.0,0.0,0.0,1.27,0.87,1.93,0.27,1.0,0.0,0.0,0.0,0.0,0.13,0.2,0.07,0.0,0.27,32.8,27.53,5.27,83.94,10.8,16.73,9.13,0.27,16.67,0.67,25.0,15,12,932,0.33,0.0,1.2,1.33,10.0,0.73,4.07,44.85,3.07,43.81,1.0,48.39
360,1523623,Premier League,West Ham United,Mohamadou Kanté,Midfielder,6.63,0.0,0.01,0.0,0.2,0.0,0.2,0.0,0.1,100.0,0.0,0.0,0.0,0.0,0.0,0.0,0.0,0.0,0.0,0.0,0.0,0.0,0.0,0.0,0.6,0.0,0.1,0.1,0.4,0.0,0.0,0.0,0.0,0.0,0.0,0.0,0.0,0.1,2.9,2.0,0.9,68.97,0.6,1.4,0.9,0.0,0.0,0.0,0.0,10,0,109,0.2,0.0,0.3,0.1,1.4,0.4,1.0,47.62,0.8,42.11,0.2,100.0
361,365812,Premier League,Sunderland,Luke O'Nien,Defender,6.62,0.0,0.01,0.0,0.18,0.0,0.18,0.0,0.09,100.0,0.0,0.0,0.0,0.0,0.0,0.09,0.0,0.0,0.0,0.0,0.0,0.0,0.0,0.0,0.45,0.45,2.55,0.09,0.09,0.09,0.0,0.0,0.0,0.18,0.0,0.0,0.0,0.0,19.27,15.82,3.45,82.08,8.91,6.91,2.55,0.0,0.0,1.18,38.24,11,4,501,0.09,0.09,0.45,0.73,6.82,0.09,2.09,57.5,1.27,70.0,0.82,45.0
362,576384,Premier League,Brentford,Kristoffer Ajer,Defender,6.62,0.0,0.03,0.04,0.37,0.11,0.19,0.0,0.11,27.27,0.0,0.0,0.0,0.0,0.0,0.0,0.0,0.0,0.0,0.0,0.0,0.0,0.0,0.0,1.37,0.67,4.41,0.59,0.3,0.0,0.04,0.04,0.0,0.15,0.04,0.04,0.0,0.15,26.15,20.93,5.22,80.03,15.19,5.74,2.11,0.04,14.29,0.89,28.24,27,20,1820,0.15,0.0,0.85,0.19,6.67,0.22,3.89,54.12,1.67,50.56,2.22,57.14
363,1117223,Premier League,Burnley,Maxime Estève,Defender,6.62,0.0,0.02,0.0,0.3,0.03,0.24,0.0,0.09,60.0,0.0,0.0,0.0,0.0,0.0,0.0,0.0,0.0,0.0,0.0,0.0,0.0,0.0,0.0,1.21,1.12,6.61,0.94,0.45,0.06,0.03,0.0,0.06,0.03,0.03,0.0,0.0,0.21,39.97,34.67,5.3,86.73,25.03,9.64,2.79,0.06,33.33,1.48,36.57,33,33,2855,0.03,0.0,0.39,0.36,5.94,0.09,4.09,65.85,1.67,62.5,2.42,68.38
364,1155321,Premier League,Brighton & Hove Albion,Stefanos Tzimas,Forward,6.62,0.11,0.05,0.11,0.44,0.11,0.22,25.0,0.11,50.0,0.11,0.0,0.0,0.0,0.11,0.0,0.11,0.0,0.0,0.0,0.0,0.0,0.0,0.0,0.33,0.0,0.11,0.11,0.22,0.0,0.0,0.0,0.0,0.0,0.0,0.11,0.0,0.67,2.67,1.89,0.78,70.83,0.78,1.11,0.67,0.0,0.0,0.0,0.0,9,1,164,0.0,0.0,0.44,0.11,2.56,1.0,0.56,21.74,0.56,23.81,0.0,0.0
365,808590,Premier League,Aston Villa,Leon Bailey,Midfielder,6.62,0.0,0.02,0.0,0.5,0.08,0.17,0.0,0.42,20.83,0.0,0.0,0.0,0.0,0.0,0.0,0.08,0.0,0.0,0.0,0.0,0.0,0.0,0.0,0.67,0.08,0.17,0.0,0.33,0.0,0.0,0.0,0.0,0.0,0.08,0.08,0.0,1.0,10.08,7.75,2.33,76.86,1.92,5.83,4.92,0.42,29.41,0.17,50.0,12,2,376,0.08,0.0,0.42,0.33,6.92,0.58,1.75,35.0,1.42,32.69,0.33,50.0
366,1199043,Premier League,Brighton & Hove Albion,Carlos Baleba,Midfielder,6.62,0.0,0.02,0.03,0.63,0.07,0.33,0.0,0.4,52.17,0.0,0.0,0.0,0.0,0.0,0.03,0.0,0.0,0.0,0.0,0.0,0.0,0.0,0.0,1.17,0.93,1.07,0.2,0.6,0.0,0.17,0.03,0.0,0.07,0.03,0.0,0.0,0.23,24.3,20.97,3.33,86.28,12.2,8.77,3.33,0.0,0.0,1.1,55.93,30,23,1646,0.17,0.0,1.03,0.7,5.47,0.6,3.2,49.23,2.27,46.58,0.93,57.14
367,609752,Premier League,West Ham United,Guido Rodríguez,Midfielder,6.62,0.0,0.0,0.0,0.17,0.0,0.0,0.0,0.0,0.0,0.0,0.0,0.0,0.0,0.0,0.0,0.0,0.0,0.0,0.0,0.0,0.0,0.0,0.0,0.17,0.33,0.33,0.0,0.67,0.0,0.0,0.0,0.0,0.0,0.0,0.0,0.0,0.0,12.67,11.33,1.33,89.47,5.17,6.17,2.5,0.0,0.0,0.0,0.0,6,2,177,0.17,0.0,0.33,0.67,1.83,0.0,1.17,50.0,0.83,45.45,0.33,66.67
368,1014835,Premier League,Wolverhampton,Yerson Mosquera,Defender,6.62,0.0,0.09,0.15,1.08,0.23,0.58,0.0,0.35,40.91,0.0,0.0,0.0,0.0,0.0,0.15,0.04,0.0,0.0,0.0,0.0,0.0,0.0,0.0,2.27,1.08,4.19,0.54,0.58,0.0,0.08,0.08,0.08,0.15,0.04,0.0,0.0,0.42,30.08,24.38,5.69,81.07,15.81,8.58,3.27,0.08,10.53,0.85,29.33,26,23,2052,0.38,0.0,1.23,1.62,10.92,0.19,5.92,57.04,4.15,63.53,1.77,46.0
369,836705,Premier League,Arsenal,Kai Havertz,Forward,6.61,0.1,0.25,0.5,1.2,0.3,0.6,8.33,0.3,60.0,0.1,0.0,0.0,0.0,0.1,0.0,0.2,0.0,0.0,0.0,0.0,0.0,0.0,0.0,0.7,0.0,0.7,0.1,0.6,0.0,0.0,0.0,0.0,0.0,0.0,0.2,0.0,0.5,12.0,8.2,3.8,68.33,2.2,6.0,4.0,0.0,0.0,0.1,33.33,10,6,465,0.0,0.0,0.6,0.8,7.2,0.7,3.4,43.59,1.8,48.65,1.6,39.02
370,929132,Premier League,Leeds United,Jayden Bogle,Defender,6.61,0.03,0.06,0.09,0.52,0.12,0.18,5.88,0.52,30.91,0.03,0.0,0.0,0.03,0.0,0.0,0.3,0.03,0.0,0.0,0.0,0.0,0.0,0.0,1.88,1.0,2.12,0.15,0.73,0.03,0.03,0.0,0.0,0.12,0.21,0.06,0.0,0.61,26.09,19.94,6.15,76.42,9.7,10.24,5.06,0.45,23.44,0.91,34.88,33,31,2731,0.18,0.0,1.15,0.85,12.12,1.03,3.97,44.71,3.24,44.58,0.73,45.28
371,43215,Premier League,Crystal Palace,Nathaniel Clyne,Defender,6.61,0.0,0.05,0.0,0.33,0.0,0.22,0.0,0.44,57.14,0.0,0.0,0.0,0.0,0.0,0.0,0.0,0.0,0.0,0.0,0.0,0.0,0.0,0.0,1.67,0.56,2.22,0.11,0.33,0.0,0.0,0.0,0.0,0.0,0.22,0.11,0.0,0.33,17.33,13.44,3.89,77.56,5.44,8.0,3.89,0.22,13.33,0.33,27.27,9,6,514,0.11,0.0,0.44,0.11,7.0,0.11,2.44,56.41,2.22,64.52,0.22,25.0
372,1085180,Premier League,Crystal Palace,Brennan Johnson,Forward,6.61,0.06,0.07,0.06,0.68,0.15,0.32,8.7,0.26,31.03,0.06,0.0,0.0,0.0,0.06,0.0,0.41,0.0,0.0,0.0,0.0,0.0,0.03,0.0,0.85,0.12,0.94,0.03,0.44,0.0,0.03,0.0,0.0,0.06,0.03,0.03,0.0,0.56,11.24,7.41,3.82,65.97,2.79,4.62,2.85,0.53,26.09,0.29,23.26,34,19,1752,0.18,0.0,0.59,0.44,7.38,0.35,1.97,45.27,1.5,43.97,0.47,50.0
373,113956,Premier League,West Ham United,Callum Wilson,Forward,6.61,0.19,0.23,0.19,1.13,0.45,0.39,17.14,0.39,48.0,0.16,0.03,0.06,0.06,0.06,0.0,0.29,0.0,0.0,0.0,0.0,0.0,0.0,0.0,0.13,0.1,0.13,0.06,0.16,0.0,0.0,0.0,0.0,0.0,0.0,0.03,0.0,0.23,4.9,3.16,1.74,64.47,0.81,2.35,1.58,0.03,20.0,0.03,25.0,31,11,1217,0.03,0.0,0.39,0.45,4.71,0.55,1.58,34.75,0.97,38.96,0.61,29.69
374,1546231,Premier League,Fulham,Joshua King,Midfielder,6.61,0.03,0.08,0.1,0.81,0.32,0.32,4.0,0.52,43.24,0.03,0.0,0.0,0.0,0.03,0.03,0.06,0.0,0.0,0.0,0.0,0.0,0.0,0.0,0.84,0.1,0.45,0.16,0.26,0.03,0.0,0.0,0.0,0.0,0.0,0.06,0.0,0.45,11.03,8.81,2.23,79.82,3.13,5.68,3.45,0.0,0.0,0.1,37.5,31,15,1292,0.13,0.0,0.39,0.97,5.35,0.61,2.42,50.0,2.32,55.81,0.1,14.29
375,828639,Premier League,Leeds United,Daniel James,Midfielder,6.61,0.0,0.05,0.11,0.78,0.17,0.22,0.0,0.28,35.71,0.0,0.0,0.0,0.0,0.0,0.0,0.06,0.0,0.0,0.0,0.0,0.0,0.0,0.0,0.33,0.06,0.44,0.0,0.44,0.0,0.0,0.0,0.0,0.0,0.06,0.0,0.0,0.5,6.33,3.89,2.44,61.4,0.72,3.17,2.17,0.33,12.24,0.17,37.5,18,6,546,0.0,0.0,0.06,0.44,6.17,0.17,1.39,47.17,1.06,47.5,0.33,46.15
376,844096,Premier League,Wolverhampton,Jhon Arias,Midfielder,6.61,0.04,0.14,0.17,0.7,0.13,0.3,6.25,0.35,40.0,0.04,0.0,0.0,0.0,0.04,0.04,0.13,0.0,0.0,0.0,0.0,0.0,0.13,0.0,1.87,0.35,0.65,0.09,0.61,0.0,0.0,0.0,0.0,0.04,0.0,0.0,0.0,0.48,17.35,15.52,1.83,89.47,6.61,8.91,4.78,0.39,29.03,0.35,80.0,23,14,1121,0.04,0.0,1.09,0.39,5.48,1.13,3.04,42.42,2.61,43.8,0.43,35.71
377,804508,Premier League,Arsenal,Viktor Gyökeres,Forward,6.61,0.41,0.36,0.35,1.59,0.65,0.53,25.93,0.18,17.14,0.38,0.03,0.06,0.06,0.29,0.03,0.12,0.0,0.09,0.09,100.0,0.0,0.0,0.0,0.18,0.03,0.56,0.09,0.24,0.0,0.03,0.0,0.0,0.12,0.09,0.03,0.0,0.56,9.21,5.71,3.5,61.98,1.03,4.68,3.38,0.06,28.57,0.03,33.33,34,26,2221,0.15,0.0,1.03,0.91,7.76,0.74,2.12,31.17,1.24,31.34,0.88,30.93
378,863653,Premier League,West Ham United,Aaron Wan-Bissaka,Defender,6.6,0.0,0.0,0.0,0.0,0.0,0.0,0.0,0.64,48.48,0.0,0.0,0.0,0.0,0.0,0.0,0.04,0.0,0.0,0.0,0.0,0.0,0.0,0.0,1.32,1.6,3.76,0.28,0.28,0.0,0.12,0.0,0.0,0.12,0.08,0.08,0.0,0.72,29.52,22.64,6.88,76.69,8.96,13.68,6.88,0.64,38.1,0.96,33.8,25,23,2084,0.16,0.0,0.92,0.48,12.76,0.6,3.32,50.3,2.44,51.26,0.88,47.83
379,1142182,Premier League,Manchester United,Tyler Fredricson,Defender,6.6,0.0,0.0,0.0,0.0,0.0,0.0,0.0,0.0,0.0,0.0,0.0,0.0,0.0,0.0,0.0,0.0,0.0,0.0,0.0,0.0,0.0,0.0,0.0,0.0,0.0,2.0,0.0,0.0,0.0,0.0,0.0,0.0,0.0,0.0,0.0,0.0,0.0,1.0,0.0,1.0,0.0,0.0,0.0,0.0,0.0,0.0,0.0,0.0,1,0,10,0.0,0.0,0.0,0.0,1.0,0.0,0.0,0.0,0.0,0.0,0.0,0.0
380,1011895,Premier League,Nottingham Forest,Jota Silva,Forward,6.6,0.0,0.0,0.0,0.0,0.0,0.0,0.0,0.0,0.0,0.0,0.0,0.0,0.0,0.0,0.0,0.0,0.0,0.0,0.0,0.0,0.0,0.0,0.0,2.0,0.0,1.0,0.0,0.0,0.0,0.0,0.0,0.0,0.0,0.0,0.0,0.0,0.0,2.0,2.0,0.0,100.0,0.0,2.0,1.0,0.0,0.0,0.0,0.0,1,0,11,0.0,0.0,0.0,1.0,2.0,0.0,3.0,75.0,3.0,100.0,0.0,0.0
381,1097425,Premier League,Liverpool FC,Miloš Kerkez,Defender,6.6,0.06,0.05,0.0,0.24,0.06,0.15,25.0,0.36,54.55,0.06,0.0,0.0,0.03,0.03,0.0,0.12,0.0,0.0,0.0,0.0,0.0,0.0,0.0,1.24,0.42,2.09,0.24,0.3,0.03,0.03,0.0,0.0,0.09,0.09,0.03,0.0,0.79,32.3,27.55,4.76,85.27,11.61,15.94,9.21,0.45,19.23,0.82,33.33,33,27,2283,0.12,0.0,0.67,0.91,9.18,0.21,3.45,59.38,2.45,63.78,1.0,50.77
382,50480,Premier League,Nottingham Forest,Chris Wood,Forward,6.6,0.21,0.26,0.21,1.5,0.57,0.93,14.29,0.07,50.0,0.21,0.0,0.0,0.14,0.07,0.07,0.29,0.0,0.0,0.0,0.0,0.0,0.0,0.0,0.07,0.07,0.57,0.29,0.29,0.0,0.07,0.0,0.0,0.0,0.0,0.0,0.0,0.29,10.29,7.07,3.21,68.75,2.86,4.21,2.57,0.0,0.0,0.14,66.67,14,10,844,0.0,0.0,0.43,0.36,4.93,0.14,2.21,40.26,0.5,35.0,1.71,42.11
383,610766,Premier League,Aston Villa,Tammy Abraham,Forward,6.6,0.17,0.17,0.25,0.75,0.25,0.25,22.22,0.08,100.0,0.17,0.0,0.0,0.0,0.17,0.08,0.0,0.0,0.0,0.0,0.0,0.0,0.0,0.0,0.33,0.0,0.25,0.0,0.17,0.0,0.0,0.0,0.0,0.0,0.08,0.0,0.0,0.33,3.67,2.08,1.58,56.82,0.75,1.33,0.83,0.0,0.0,0.0,0.0,12,2,294,0.0,0.0,0.17,0.0,2.08,0.08,0.83,47.62,0.42,50.0,0.42,45.45
384,1010220,Premier League,Nottingham Forest,Nicolò Savona,Defender,6.6,0.14,0.1,0.0,0.36,0.21,0.07,40.0,0.14,40.0,0.14,0.0,0.0,0.07,0.07,0.0,0.07,0.0,0.0,0.0,0.0,0.0,0.0,0.0,1.43,0.29,2.07,0.21,1.07,0.0,0.0,0.0,0.0,0.21,0.07,0.0,0.0,0.5,28.5,22.43,6.07,78.7,12.36,10.07,5.64,0.57,29.63,0.93,27.66,14,11,1026,0.14,0.0,0.86,0.36,10.5,0.14,2.43,48.57,1.93,46.55,0.5,58.33
385,966869,Premier League,Brentford,Aaron Hickey,Defender,6.6,0.0,0.02,0.05,0.3,0.05,0.2,0.0,0.0,0.0,0.0,0.0,0.0,0.0,0.0,0.0,0.0,0.0,0.0,0.0,0.0,0.0,0.0,0.0,0.7,0.35,1.15,0.3,0.3,0.0,0.0,0.0,0.0,0.0,0.0,0.0,0.0,0.0,13.85,11.5,2.35,83.03,6.65,4.85,1.75,0.0,0.0,0.55,47.83,20,8,686,0.05,0.0,0.3,0.45,4.05,0.25,1.6,50.0,1.15,50.0,0.45,50.0
386,152077,Premier League,Manchester City,John Stones,Defender,6.6,0.0,0.0,0.0,0.0,0.0,0.0,0.0,0.25,100.0,0.0,0.0,0.0,0.0,0.0,0.0,0.0,0.0,0.0,0.0,0.0,0.0,0.0,0.0,0.0,0.25,1.75,0.62,0.25,0.0,0.0,0.0,0.0,0.0,0.0,0.0,0.0,0.12,33.38,31.0,2.38,92.88,18.88,12.12,2.88,0.0,0.0,0.62,50.0,8,4,371,0.0,0.0,0.0,0.0,3.38,0.12,1.38,73.33,0.25,40.0,1.12,90.0
387,1398204,Premier League,Aston Villa,George Hemmings,Midfielder,6.6,0.0,0.02,0.0,0.5,0.0,0.0,0.0,0.0,0.0,0.0,0.0,0.0,0.0,0.0,0.0,0.0,0.0,0.0,0.0,0.0,0.0,0.0,0.0,0.0,0.0,0.0,0.0,0.0,0.0,0.0,0.0,0.0,0.0,0.0,0.0,0.0,0.0,8.5,8.5,0.0,100.0,2.5,6.0,1.5,0.0,0.0,0.5,100.0,2,0,25,0.0,0.0,0.5,0.0,0.0,0.0,0.0,0.0,0.0,0.0,0.0,0.0
388,1631879,Premier League,Aston Villa,Alysson,Midfielder,6.6,0.0,0.02,0.0,0.33,0.0,0.33,0.0,0.67,100.0,0.0,0.0,0.0,0.0,0.0,0.0,0.0,0.0,0.0,0.0,0.0,0.0,0.0,0.0,0.0,0.33,0.0,0.0,0.0,0.0,0.0,0.0,0.0,0.0,0.0,0.0,0.0,0.0,5.67,4.67,1.0,82.35,1.33,3.33,3.0,0.0,0.0,0.0,0.0,3,0,56,0.0,0.0,0.0,0.33,3.0,0.0,1.0,100.0,1.0,100.0,0.0,0.0
389,135256,Premier League,Arsenal,Christian Nørgaard,Midfielder,6.6,0.0,0.01,0.0,0.17,0.17,0.0,0.0,0.0,0.0,0.0,0.0,0.0,0.0,0.0,0.0,0.0,0.0,0.0,0.0,0.0,0.0,0.0,0.0,0.0,0.0,1.0,0.17,0.33,0.0,0.0,0.0,0.0,0.0,0.0,0.0,0.0,0.0,3.83,3.17,0.67,82.61,2.67,0.5,0.0,0.0,0.0,0.0,0.0,6,0,63,0.0,0.0,0.17,0.0,1.33,0.17,0.33,25.0,0.0,0.0,0.33,50.0
390,1465865,Premier League,Manchester United,Shea Lacey,Midfielder,6.6,0.0,0.04,0.0,1.5,0.5,1.0,0.0,0.5,100.0,0.0,0.0,0.0,0.0,0.0,0.5,0.0,0.0,0.0,0.0,0.0,0.0,0.0,0.0,0.5,0.0,0.0,0.0,0.0,0.0,0.0,0.0,0.0,0.0,0.0,0.0,0.0,0.0,1.5,1.5,0.0,100.0,0.5,1.0,0.0,0.0,0.0,0.0,0.0,2,0,23,0.0,0.0,0.0,0.0,1.5,0.5,1.0,66.67,1.0,66.67,0.0,0.0
391,845464,Premier League,West Ham United,Andy Irving,Midfielder,6.6,0.0,0.0,0.0,0.0,0.0,0.0,0.0,0.0,0.0,0.0,0.0,0.0,0.0,0.0,0.0,0.0,0.0,0.0,0.0,0.0,0.0,0.0,0.0,0.86,0.14,0.0,0.14,0.14,0.0,0.0,0.0,0.0,0.0,0.0,0.0,0.0,0.43,13.29,11.86,1.43,89.25,4.57,7.29,3.57,0.43,25.0,0.71,83.33,7,2,163,0.0,0.0,0.14,0.0,3.43,0.29,0.86,40.0,0.86,54.55,0.0,0.0
392,964106,Premier League,Sunderland,Dan Neil,Midfielder,6.6,0.0,0.0,0.0,0.0,0.0,0.0,0.0,0.0,0.0,0.0,0.0,0.0,0.0,0.0,0.0,0.0,0.0,0.0,0.0,0.0,0.0,0.0,0.0,0.0,0.33,0.33,0.0,0.0,0.0,0.0,0.0,0.0,0.0,0.0,0.0,0.0,0.0,3.0,2.67,0.33,88.89,1.33,1.33,0.33,0.0,0.0,0.33,100.0,3,0,13,0.0,0.0,0.0,0.33,0.33,0.0,0.33,33.33,0.33,100.0,0.0,0.0
393,1005725,Premier League,Wolverhampton,Tawanda Chirewa,Midfielder,6.6,0.0,0.0,0.0,0.0,0.0,0.0,0.0,0.0,0.0,0.0,0.0,0.0,0.0,0.0,0.0,0.0,0.0,0.0,0.0,0.0,0.0,0.0,0.0,1.5,0.0,0.5,0.0,0.5,0.0,0.0,0.0,0.0,0.0,0.0,0.0,0.0,0.0,1.5,1.5,0.0,100.0,0.5,1.0,0.5,0.0,0.0,0.0,0.0,2,0,31,0.0,0.0,1.5,0.5,1.0,0.0,2.0,50.0,2.0,57.14,0.0,0.0
394,1403190,Premier League,Tottenham Hotspur,Callum Olusesi,Midfielder,6.6,0.0,0.0,0.0,0.0,0.0,0.0,0.0,0.0,0.0,0.0,0.0,0.0,0.0,0.0,0.0,0.0,0.0,0.0,0.0,0.0,0.0,0.0,0.0,0.0,0.0,0.0,0.0,0.0,0.0,0.0,0.0,0.0,0.0,0.0,0.0,0.0,0.0,8.0,8.0,0.0,100.0,1.0,7.0,4.0,0.0,0.0,1.0,100.0,1,0,14,0.0,0.0,0.0,0.0,0.0,0.0,0.0,0.0,0.0,0.0,0.0,0.0
395,1410178,Premier League,Aston Villa,Jamaldeen Jimoh,Midfielder,6.6,0.0,0.0,0.0,0.0,0.0,0.0,0.0,0.0,0.0,0.0,0.0,0.0,0.0,0.0,0.0,0.0,0.0,0.0,0.0,0.0,0.0,0.0,0.0,0.0,0.0,0.0,0.0,0.0,0.0,0.0,0.0,0.0,0.0,0.0,0.0,0.0,0.0,7.0,6.0,1.0,85.71,4.0,2.0,1.0,0.0,0.0,0.0,0.0,1,0,8,0.0,0.0,0.0,1.0,2.0,0.0,1.0,50.0,1.0,50.0,0.0,0.0
396,356398,Premier League,Tottenham Hotspur,James Maddison,Midfielder,6.6,0.0,0.0,0.0,0.0,0.0,0.0,0.0,0.0,0.0,0.0,0.0,0.0,0.0,0.0,0.0,0.0,0.0,0.0,0.0,0.0,0.0,0.0,0.0,0.0,0.0,0.0,0.0,0.0,0.0,0.0,0.0,0.0,0.0,0.0,0.0,0.0,0.0,12.0,11.0,1.0,91.67,2.0,9.0,5.0,1.0,20.0,0.0,0.0,1,0,21,0.0,0.0,0.0,1.0,8.0,1.0,1.0,33.33,1.0,33.33,0.0,0.0
397,1391251,Premier League,Tottenham Hotspur,Lucas Bergvall,Midfielder,6.6,0.04,0.06,0.04,0.52,0.22,0.26,8.33,0.65,62.5,0.04,0.0,0.04,0.0,0.0,0.0,0.13,0.0,0.0,0.0,0.0,0.0,0.0,0.0,0.96,0.09,0.57,0.09,0.39,0.04,0.0,0.0,0.0,0.0,0.0,0.13,0.0,0.22,13.26,10.83,2.43,81.64,4.61,6.22,3.74,0.13,15.0,0.43,55.56,23,11,979,0.09,0.0,1.04,0.3,5.74,0.3,2.13,43.75,1.91,47.31,0.22,26.32
398,815890,Premier League,Manchester United,Altay Bayındır,Goalkeeper,6.6,0.0,0.0,0.0,0.0,0.0,0.0,0.0,0.17,100.0,0.0,0.0,0.0,0.0,0.0,0.0,0.0,0.0,0.0,0.0,0.0,0.0,0.0,0.0,0.0,0.0,1.17,0.0,0.17,0.17,0.0,0.0,0.0,0.0,0.17,0.0,0.0,0.17,29.5,17.83,11.67,60.45,13.67,4.17,2.17,0.0,0.0,5.17,31.0,6,6,540,0.0,0.0,0.0,0.5,12.0,0.0,0.83,83.33,0.67,80.0,0.17,100.0
399,1586020,Premier League,Brentford,Romelle Donovan,Forward,6.6,0.0,0.02,0.0,0.75,0.25,0.0,0.0,1.25,83.33,0.0,0.0,0.0,0.0,0.0,0.0,0.0,0.0,0.0,0.0,0.0,0.0,0.0,0.0,0.0,0.0,0.0,0.0,0.25,0.0,0.0,0.0,0.0,0.0,0.0,0.0,0.0,0.25,4.0,2.25,1.75,56.25,0.25,2.0,1.75,0.0,0.0,0.25,50.0,4,0,38,0.0,0.0,0.5,0.75,3.5,0.5,2.0,53.33,2.0,57.14,0.0,0.0
400,922573,Premier League,Arsenal,Gabriel Martinelli,Forward,6.6,0.04,0.14,0.25,1.0,0.43,0.32,3.57,0.64,52.94,0.04,0.0,0.0,0.0,0.04,0.0,0.18,0.0,0.0,0.0,0.0,0.0,0.0,0.0,0.43,0.04,0.36,0.04,0.18,0.0,0.07,0.0,0.0,0.0,0.11,0.11,0.0,0.39,8.25,5.82,2.43,70.56,1.43,4.39,2.64,0.25,22.58,0.11,21.43,28,10,988,0.11,0.0,0.36,0.46,6.32,0.89,1.79,40.65,1.5,43.3,0.29,30.77
401,795228,Premier League,Crystal Palace,Odsonne Édouard,Forward,6.6,0.0,0.0,0.0,0.0,0.0,0.0,0.0,0.0,0.0,0.0,0.0,0.0,0.0,0.0,0.0,0.0,0.0,0.0,0.0,0.0,0.0,0.0,0.0,1.0,0.0,0.0,0.0,0.0,0.0,0.0,0.0,0.0,0.0,0.0,0.0,0.0,0.0,0.0,0.0,0.0,0.0,0.0,0.0,0.0,0.0,0.0,0.0,0.0,1,0,8,0.0,0.0,0.0,1.0,1.0,0.0,2.0,50.0,2.0,100.0,0.0,0.0
402,1142335,Premier League,Tottenham Hotspur,Archie Gray,Midfielder,6.6,0.09,0.06,0.0,0.48,0.22,0.13,18.18,0.3,46.67,0.09,0.0,0.04,0.0,0.04,0.0,0.0,0.0,0.0,0.0,0.0,0.0,0.0,0.0,0.48,0.74,1.87,0.17,0.04,0.04,0.0,0.0,0.0,0.09,0.13,0.09,0.0,0.35,23.35,19.39,3.96,83.05,9.61,9.78,4.7,0.17,33.33,0.91,40.38,23,18,1492,0.22,0.0,0.52,0.09,6.48,0.74,1.26,34.94,0.87,34.48,0.39,36.0
403,361352,Premier League,Wolverhampton,Adam Armstrong,Forward,6.6,0.08,0.15,0.23,1.31,0.38,0.46,5.88,0.69,52.94,0.0,0.08,0.0,0.0,0.08,0.15,0.38,0.0,0.0,0.0,0.0,0.0,0.0,0.0,0.62,0.15,0.92,0.08,0.23,0.0,0.0,0.0,0.0,0.08,0.23,0.15,0.0,0.46,11.38,8.0,3.38,70.27,2.62,5.38,3.54,0.08,25.0,0.0,0.0,13,13,1072,0.23,0.0,0.92,0.23,7.0,0.69,2.23,39.19,1.54,39.22,0.69,39.13
404,1142679,Premier League,Tottenham Hotspur,Wilson Odobert,Forward,6.6,0.0,0.08,0.17,0.92,0.33,0.42,0.0,1.0,58.54,0.0,0.0,0.0,0.0,0.0,0.04,0.08,0.0,0.0,0.0,0.0,0.0,0.0,0.0,0.42,0.04,0.54,0.0,0.12,0.0,0.04,0.0,0.0,0.0,0.08,0.08,0.0,0.83,13.54,11.5,2.04,84.92,2.33,9.17,5.71,0.33,28.57,0.25,66.67,24,10,990,0.0,0.0,0.08,0.42,5.88,0.88,2.04,47.12,1.83,50.57,0.21,29.41
405,1031283,Premier League,Wolverhampton,David Møller Wolfe,Defender,6.59,0.0,0.01,0.0,0.14,0.0,0.05,0.0,0.24,62.5,0.0,0.0,0.0,0.0,0.0,0.0,0.0,0.0,0.0,0.0,0.0,0.0,0.0,0.0,0.43,0.29,1.29,0.1,0.14,0.0,0.0,0.0,0.0,0.0,0.14,0.1,0.0,0.38,11.67,8.62,3.05,73.88,3.29,5.33,2.29,0.33,22.58,0.62,52.0,21,10,987,0.05,0.0,0.48,0.19,5.86,0.1,1.38,52.73,0.86,50.0,0.52,57.89
406,871290,Premier League,Leeds United,Lucas Perri,Goalkeeper,6.59,0.0,0.0,0.0,0.0,0.0,0.0,0.0,0.0,0.0,0.0,0.0,0.0,0.0,0.0,0.0,0.0,0.0,0.0,0.0,0.0,0.0,0.0,0.0,0.0,0.0,1.0,0.0,0.0,0.0,0.0,0.06,0.0,0.19,0.0,0.0,0.0,0.0,34.88,18.69,16.19,53.58,14.5,4.19,1.44,0.0,0.0,5.81,26.5,16,16,1440,0.12,0.0,0.06,0.19,17.12,0.0,0.44,70.0,0.12,66.67,0.31,71.43
407,1403050,Premier League,Chelsea,Josh Acheampong,Defender,6.59,0.07,0.04,0.0,0.2,0.13,0.0,33.33,0.67,76.92,0.07,0.0,0.07,0.0,0.0,0.0,0.13,0.0,0.0,0.0,0.0,0.0,0.0,0.0,0.67,0.67,1.27,0.13,0.27,0.13,0.2,0.0,0.0,0.07,0.0,0.0,0.0,0.13,30.0,27.8,2.2,92.67,18.73,9.07,2.4,0.07,100.0,0.27,26.67,15,7,608,0.07,0.0,0.13,0.33,3.47,0.4,2.33,61.4,1.67,62.5,0.67,58.82
408,945798,Premier League,Tottenham Hotspur,Djed Spence,Defender,6.59,0.0,0.03,0.07,0.43,0.25,0.07,0.0,1.07,42.25,0.0,0.0,0.0,0.0,0.0,0.0,0.14,0.0,0.0,0.0,0.0,0.0,0.0,0.0,1.5,0.61,1.86,0.11,0.36,0.07,0.14,0.0,0.0,0.25,0.14,0.0,0.0,0.36,30.18,24.61,5.57,81.54,11.29,13.32,7.07,0.36,21.28,1.18,41.25,28,22,1967,0.14,0.0,0.89,0.64,12.11,0.93,3.96,47.23,3.21,47.37,0.75,46.67
409,845386,Premier League,Liverpool FC,Federico Chiesa,Forward,6.59,0.08,0.06,0.04,0.65,0.19,0.23,11.76,0.08,18.18,0.08,0.0,0.0,0.0,0.08,0.0,0.08,0.0,0.0,0.0,0.0,0.0,0.0,0.0,0.31,0.15,0.27,0.08,0.19,0.0,0.0,0.0,0.0,0.0,0.08,0.04,0.0,0.12,4.35,3.12,1.23,71.68,0.81,2.31,1.62,0.0,0.0,0.04,25.0,26,1,400,0.12,0.0,0.42,0.27,3.04,0.15,0.77,37.04,0.65,36.96,0.12,37.5
410,998490,Premier League,Bournemouth,Evanilson,Forward,6.59,0.18,0.29,0.26,1.94,0.65,0.94,9.09,0.41,48.28,0.18,0.0,0.06,0.06,0.06,0.06,0.85,0.06,0.0,0.0,0.0,0.0,0.0,0.0,0.32,0.18,0.79,0.12,0.24,0.0,0.03,0.0,0.0,0.06,0.09,0.03,0.0,0.88,12.82,9.71,3.12,75.69,3.32,6.38,3.76,0.0,0.0,0.12,50.0,34,30,2597,0.06,0.0,0.71,0.94,6.91,1.12,2.97,37.69,1.68,41.01,1.29,34.11
411,1004505,Premier League,Burnley,Loum Tchaouna,Forward,6.59,0.07,0.04,0.04,0.78,0.33,0.19,9.52,0.26,35.0,0.04,0.04,0.0,0.04,0.04,0.11,0.04,0.0,0.0,0.0,0.0,0.0,0.07,0.0,0.67,0.07,0.37,0.04,0.52,0.0,0.07,0.0,0.0,0.0,0.04,0.0,0.0,0.37,11.15,8.33,2.81,74.75,3.04,5.3,3.04,0.33,33.33,0.44,66.67,27,12,1159,0.07,0.0,0.33,0.56,5.81,0.56,1.96,42.06,1.44,43.82,0.52,37.84
412,1403061,Premier League,Everton,Tyrique George,Forward,6.59,0.0,0.04,0.07,0.64,0.29,0.29,0.0,0.5,50.0,0.0,0.0,0.0,0.0,0.0,0.0,0.29,0.0,0.0,0.0,0.0,0.0,0.0,0.0,0.43,0.14,0.0,0.0,0.07,0.0,0.07,0.0,0.0,0.0,0.21,0.0,0.0,0.21,7.21,5.86,1.36,81.19,1.79,4.07,2.64,0.36,55.56,0.07,20.0,14,1,342,0.14,0.0,0.57,0.07,3.71,0.57,1.07,36.59,1.0,36.84,0.07,33.33
413,844842,Premier League,Tottenham Hotspur,Yves Bissouma,Midfielder,6.59,0.0,0.03,0.0,0.45,0.18,0.18,0.0,0.27,60.0,0.0,0.0,0.0,0.0,0.0,0.0,0.0,0.0,0.0,0.0,0.0,0.0,0.0,0.0,1.64,0.82,1.27,0.27,0.18,0.09,0.0,0.0,0.0,0.0,0.0,0.0,0.0,0.0,28.73,25.27,3.45,87.97,12.45,12.82,4.0,0.0,0.0,0.09,14.29,11,7,605,0.36,0.0,0.73,0.55,4.64,0.36,2.91,62.75,2.45,62.79,0.45,62.5
414,44614,Premier League,Burnley,Kyle Walker,Defender,6.59,0.0,0.0,0.0,0.12,0.0,0.03,0.0,0.38,50.0,0.0,0.0,0.0,0.0,0.0,0.0,0.03,0.0,0.0,0.0,0.0,0.0,0.0,0.0,1.56,1.26,2.94,0.29,0.53,0.0,0.06,0.0,0.0,0.12,0.09,0.06,0.0,0.35,39.0,29.82,9.18,76.47,15.32,14.5,6.76,0.21,19.44,2.5,38.29,34,33,2917,0.26,0.0,0.91,0.65,16.0,0.41,3.91,52.78,2.59,53.99,1.32,50.56
415,99090,Premier League,Newcastle United,Dan Burn,Defender,6.59,0.04,0.04,0.04,0.36,0.11,0.14,10.0,0.07,66.67,0.04,0.0,0.04,0.0,0.0,0.0,0.11,0.04,0.0,0.0,0.0,0.0,0.0,0.0,1.36,0.71,5.36,0.43,0.68,0.0,0.07,0.04,0.0,0.18,0.0,0.07,0.0,0.25,35.93,28.32,7.61,78.83,18.86,9.46,3.86,0.04,7.69,1.0,27.72,28,24,2125,0.32,0.04,1.29,0.43,10.21,0.21,5.21,53.87,1.79,45.05,3.43,60.0
416,1089388,Premier League,Aston Villa,Lamare Bogarde,Midfielder,6.59,0.0,0.0,0.0,0.0,0.0,0.0,0.0,0.07,28.57,0.0,0.0,0.0,0.0,0.0,0.0,0.0,0.0,0.0,0.0,0.0,0.0,0.0,0.0,0.96,0.15,0.78,0.22,0.19,0.04,0.07,0.0,0.0,0.04,0.0,0.0,0.0,0.07,17.89,16.04,1.85,89.65,8.37,7.67,3.48,0.04,50.0,0.22,35.29,27,10,1031,0.19,0.0,0.63,0.67,3.04,0.33,2.04,51.89,1.7,56.1,0.33,37.5
417,979232,Premier League,Newcastle United,Anthony Elanga,Forward,6.59,0.0,0.05,0.03,0.55,0.13,0.26,0.0,0.42,30.95,0.0,0.0,0.0,0.0,0.0,0.0,0.06,0.0,0.0,0.0,0.0,0.0,0.0,0.0,0.45,0.1,0.19,0.0,0.39,0.0,0.0,0.0,0.0,0.0,0.06,0.03,0.0,0.48,13.45,10.9,2.55,81.06,3.0,7.9,4.94,0.39,15.19,0.23,63.64,31,14,1314,0.0,0.0,0.26,0.74,7.84,0.58,2.03,41.72,1.61,43.1,0.42,37.14
418,826139,Premier League,Brentford,Reiss Nelson,Midfielder,6.59,0.0,0.08,0.22,0.56,0.11,0.44,0.0,0.56,41.67,0.0,0.0,0.0,0.0,0.0,0.11,0.0,0.0,0.0,0.0,0.0,0.0,0.0,0.0,0.44,0.0,0.22,0.11,0.22,0.0,0.0,0.0,0.0,0.0,0.0,0.11,0.0,0.22,7.89,7.33,0.56,92.96,1.78,5.56,3.22,0.0,0.0,0.22,66.67,9,0,140,0.0,0.0,0.0,0.22,2.56,0.44,1.22,45.83,1.22,45.83,0.0,0.0
419,829570,Premier League,Leeds United,Jack Harrison,Forward,6.58,0.0,0.03,0.09,0.55,0.18,0.27,0.0,0.27,42.86,0.0,0.0,0.0,0.0,0.0,0.0,0.0,0.0,0.0,0.0,0.0,0.0,0.0,0.0,0.45,0.36,0.18,0.0,0.27,0.0,0.0,0.09,0.0,0.0,0.09,0.0,0.0,0.18,10.64,8.45,2.18,79.49,3.27,5.18,3.0,0.18,11.76,0.27,27.27,11,1,263,0.0,0.0,0.09,0.36,4.82,0.0,1.18,54.17,1.09,60.0,0.09,25.0
420,851596,Premier League,Bournemouth,Justin Kluivert,Midfielder,6.58,0.11,0.12,0.06,0.89,0.22,0.39,12.5,0.61,44.0,0.06,0.06,0.0,0.0,0.11,0.06,0.11,0.0,0.0,0.0,0.0,0.0,0.17,0.0,0.56,0.22,0.11,0.06,0.5,0.0,0.0,0.0,0.0,0.0,0.17,0.0,0.0,1.17,18.44,15.06,3.39,81.63,4.33,10.72,7.39,0.44,19.05,0.67,75.0,18,10,920,0.22,0.0,0.83,0.5,8.22,0.83,2.0,32.73,1.67,36.59,0.33,21.43
421,976263,Premier League,Aston Villa,Ian Maatsen,Defender,6.58,0.0,0.04,0.03,0.66,0.17,0.31,0.0,0.69,40.82,0.0,0.0,0.0,0.0,0.0,0.0,0.03,0.0,0.0,0.0,0.0,0.0,0.0,0.0,1.34,0.59,1.93,0.03,0.76,0.0,0.03,0.0,0.0,0.07,0.14,0.03,0.0,0.83,23.52,20.17,3.34,85.78,9.45,10.72,7.07,0.38,20.75,0.86,67.57,29,16,1525,0.07,0.0,0.55,0.66,9.21,0.79,3.31,48.48,2.69,46.43,0.62,60.0
422,981619,Premier League,Nottingham Forest,Igor Jesus,Forward,6.58,0.17,0.18,0.08,1.86,0.56,0.5,8.96,0.31,30.56,0.17,0.0,0.06,0.0,0.11,0.06,0.31,0.0,0.03,0.03,100.0,0.0,0.0,0.0,0.64,0.08,0.83,0.14,0.22,0.0,0.03,0.0,0.0,0.03,0.14,0.11,0.0,0.42,11.83,8.53,3.31,72.07,2.53,6.0,2.86,0.08,30.0,0.33,80.0,36,27,2230,0.06,0.0,1.17,1.03,7.92,1.14,4.19,39.32,1.94,39.11,2.25,39.51
423,1652590,Premier League,West Ham United,Ezra Mayers,Defender,6.58,0.0,0.02,0.0,0.17,0.0,0.0,0.0,0.17,100.0,0.0,0.0,0.0,0.0,0.0,0.0,0.0,0.0,0.0,0.0,0.0,0.0,0.0,0.0,0.0,0.17,0.67,0.0,0.0,0.0,0.0,0.0,0.0,0.0,0.0,0.0,0.0,0.33,13.5,11.33,2.17,83.95,4.0,7.33,4.0,0.33,66.67,0.67,40.0,6,0,134,0.0,0.0,0.0,0.0,2.83,0.17,0.67,66.67,0.17,50.0,0.5,75.0
424,1015256,Premier League,Fulham,Rodrigo Muniz,Forward,6.58,0.05,0.16,0.3,1.45,0.2,0.75,3.45,0.2,36.36,0.05,0.0,0.0,0.05,0.0,0.0,0.25,0.0,0.0,0.0,0.0,0.0,0.0,0.0,0.35,0.1,1.2,0.15,0.25,0.0,0.0,0.0,0.05,0.0,0.05,0.05,0.0,0.4,6.1,2.6,3.5,42.62,0.65,1.95,1.25,0.0,0.0,0.1,22.22,20,9,925,0.1,0.0,0.9,0.8,6.65,0.5,4.9,48.76,1.3,40.63,3.6,52.55
425,1438837,Premier League,Crystal Palace,Romain Esse,Midfielder,6.58,0.0,0.0,0.0,0.0,0.0,0.0,0.0,0.25,50.0,0.0,0.0,0.0,0.0,0.0,0.0,0.0,0.0,0.0,0.0,0.0,0.0,0.0,0.0,0.5,0.0,0.0,0.0,0.25,0.0,0.0,0.0,0.0,0.0,0.0,0.0,0.0,0.0,5.0,3.25,1.75,65.0,1.25,2.0,1.25,0.0,0.0,0.25,100.0,4,0,54,0.0,0.0,0.5,0.5,4.0,0.5,1.5,40.0,1.25,45.45,0.25,25.0
426,1402726,Premier League,Manchester United,Jack Fletcher,Midfielder,6.57,0.0,0.01,0.0,0.33,0.0,0.33,0.0,0.0,0.0,0.0,0.0,0.0,0.0,0.0,0.0,0.0,0.0,0.0,0.0,0.0,0.0,0.0,0.0,1.67,0.33,0.0,0.33,0.0,0.0,0.0,0.0,0.0,0.0,0.0,0.0,0.0,0.67,15.0,12.33,2.67,82.22,4.67,7.67,1.33,0.0,0.0,0.67,66.67,3,0,107,0.0,0.0,0.67,0.33,5.33,1.33,2.33,38.89,2.0,46.15,0.33,20.0
427,838399,Premier League,Burnley,Joe Worrall,Defender,6.57,0.0,0.01,0.0,0.09,0.0,0.09,0.0,0.0,0.0,0.0,0.0,0.0,0.0,0.0,0.0,0.0,0.0,0.0,0.0,0.0,0.0,0.0,0.0,0.36,0.45,5.45,0.64,0.18,0.0,0.0,0.0,0.0,0.0,0.0,0.0,0.0,0.0,14.09,11.36,2.73,80.65,9.64,1.73,0.55,0.0,0.0,0.45,26.32,11,5,517,0.0,0.0,0.36,0.09,3.36,0.0,2.27,48.08,0.36,40.0,1.91,50.0
428,836698,Premier League,Fulham,Ryan Sessegnon,Defender,6.57,0.11,0.06,0.04,0.59,0.15,0.22,18.75,0.33,36.0,0.11,0.0,0.0,0.11,0.0,0.0,0.15,0.0,0.0,0.0,0.0,0.0,0.0,0.0,1.78,0.93,2.37,0.3,0.44,0.0,0.04,0.07,0.0,0.11,0.11,0.04,0.0,0.52,25.15,19.22,5.93,76.44,9.26,9.96,5.15,0.22,10.71,0.78,36.21,27,20,1822,0.0,0.0,1.22,0.11,12.56,0.67,2.93,43.65,2.22,44.12,0.7,42.22
429,823941,Premier League,Liverpool FC,Alexander Isak,Forward,6.57,0.21,0.19,0.36,1.21,0.43,0.64,17.65,0.07,10.0,0.21,0.0,0.0,0.14,0.07,0.0,0.0,0.0,0.0,0.0,0.0,0.0,0.0,0.0,0.5,0.0,0.64,0.07,0.14,0.0,0.0,0.0,0.0,0.0,0.07,0.07,0.0,0.14,6.29,3.93,2.36,62.5,0.79,3.14,2.21,0.0,0.0,0.21,60.0,14,8,714,0.0,0.0,0.36,0.07,4.86,0.5,1.21,29.31,0.64,29.03,0.57,29.63
430,888550,Premier League,Newcastle United,Joe Willock,Midfielder,6.56,0.0,0.05,0.04,0.65,0.22,0.3,0.0,0.3,43.75,0.0,0.0,0.0,0.0,0.0,0.04,0.09,0.0,0.0,0.0,0.0,0.0,0.0,0.0,0.78,0.3,0.26,0.04,0.65,0.0,0.0,0.0,0.0,0.0,0.17,0.09,0.0,0.61,13.26,10.96,2.3,82.62,3.83,7.13,4.57,0.09,15.38,0.35,44.44,23,9,921,0.13,0.0,0.65,0.43,4.96,0.48,1.91,41.9,1.52,41.18,0.39,45.0
431,987734,Premier League,Wolverhampton,Tolu Arokodare,Forward,6.56,0.09,0.16,0.31,1.44,0.5,0.69,6.52,0.56,56.25,0.09,0.0,0.06,0.0,0.03,0.03,0.19,0.0,0.03,0.0,0.0,0.0,0.03,0.0,0.22,0.16,1.28,0.06,0.03,0.0,0.0,0.0,0.0,0.03,0.03,0.03,0.0,0.38,8.31,5.03,3.28,60.53,1.53,3.5,1.75,0.0,0.0,0.03,14.29,32,13,1414,0.03,0.0,0.53,0.53,6.91,0.69,4.34,49.12,1.31,44.68,3.03,51.32
432,1174472,Premier League,Everton,Tyler Dibling,Midfielder,6.56,0.0,0.01,0.0,0.29,0.0,0.07,0.0,0.93,48.15,0.0,0.0,0.0,0.0,0.0,0.0,0.0,0.0,0.0,0.0,0.0,0.0,0.0,0.0,0.5,0.43,0.29,0.07,0.43,0.0,0.0,0.0,0.0,0.07,0.0,0.0,0.0,0.29,7.29,6.29,1.0,86.27,2.71,3.57,2.07,0.07,14.29,0.21,75.0,14,4,371,0.14,0.0,0.79,0.79,4.21,0.71,2.36,41.77,2.21,43.06,0.14,28.57
433,894474,Premier League,West Ham United,Max Kilman,Defender,6.56,0.0,0.03,0.1,0.33,0.05,0.19,0.0,0.19,80.0,0.0,0.0,0.0,0.0,0.0,0.0,0.0,0.0,0.0,0.0,0.0,0.0,0.0,0.0,0.76,0.43,5.29,1.14,0.33,0.0,0.0,0.1,0.0,0.05,0.0,0.0,0.0,0.19,32.71,28.76,3.95,87.92,19.9,8.86,2.05,0.05,33.33,1.29,35.53,21,17,1565,0.19,0.0,0.76,0.1,4.67,0.24,3.29,52.27,1.05,44.0,2.24,57.32
434,1150952,Premier League,West Ham United,Oliver Scarles,Defender,6.56,0.0,0.01,0.0,0.23,0.0,0.23,0.0,0.15,22.22,0.0,0.0,0.0,0.0,0.0,0.0,0.08,0.08,0.0,0.0,0.0,0.0,0.0,0.0,2.31,1.0,2.31,0.08,0.69,0.08,0.0,0.0,0.0,0.0,0.23,0.0,0.0,0.38,21.15,17.0,4.15,80.36,8.77,8.23,3.92,0.23,8.82,1.38,41.86,13,9,668,0.15,0.0,0.54,0.54,9.0,0.0,3.54,61.33,3.0,63.93,0.54,50.0
435,1003334,Premier League,Nottingham Forest,James McAtee,Midfielder,6.56,0.0,0.01,0.0,0.31,0.0,0.15,0.0,0.23,37.5,0.0,0.0,0.0,0.0,0.0,0.0,0.08,0.0,0.0,0.0,0.0,0.0,0.0,0.0,0.54,0.23,0.23,0.08,0.31,0.0,0.0,0.0,0.0,0.0,0.08,0.08,0.0,0.46,8.77,7.62,1.15,86.84,2.15,5.46,2.69,0.0,0.0,0.23,60.0,13,2,309,0.08,0.0,0.31,0.38,3.38,0.69,1.23,37.21,1.15,40.54,0.08,16.67
436,930245,Premier League,Crystal Palace,Evann Guessand,Forward,6.56,0.05,0.08,0.15,0.55,0.3,0.2,9.09,0.65,34.21,0.05,0.0,0.0,0.0,0.05,0.05,0.0,0.0,0.0,0.0,0.0,0.0,0.0,0.0,1.2,0.25,0.5,0.15,0.25,0.05,0.0,0.0,0.0,0.05,0.1,0.1,0.0,0.25,8.95,7.35,1.6,82.12,2.3,5.05,3.0,0.0,0.0,0.05,50.0,20,9,905,0.0,0.0,0.75,1.0,6.25,1.4,3.4,44.16,2.85,43.85,0.55,45.83
437,1096210,Premier League,Wolverhampton,Jackson Tchatchoua,Midfielder,6.56,0.0,0.01,0.0,0.06,0.03,0.03,0.0,0.16,35.71,0.0,0.0,0.0,0.0,0.0,0.0,0.06,0.0,0.0,0.0,0.0,0.0,0.0,0.0,0.94,0.48,1.84,0.26,0.45,0.0,0.1,0.0,0.0,0.1,0.1,0.03,0.0,0.68,17.48,13.32,4.16,76.2,5.9,7.42,3.23,0.71,24.18,0.45,40.0,31,19,1855,0.1,0.0,0.26,0.29,8.42,0.23,2.13,49.25,1.39,53.75,0.74,42.59
438,786186,Premier League,Wolverhampton,Hwang Hee-chan,Forward,6.56,0.08,0.09,0.08,0.72,0.24,0.36,11.11,0.36,39.13,0.08,0.0,0.0,0.04,0.04,0.0,0.36,0.0,0.04,0.04,100.0,0.0,0.08,0.0,0.36,0.48,0.64,0.0,0.24,0.08,0.04,0.0,0.0,0.0,0.08,0.08,0.0,0.52,14.12,10.6,3.52,75.07,4.12,6.48,3.64,0.12,16.67,0.44,57.89,25,17,1371,0.16,0.0,1.08,0.6,6.72,0.44,1.56,35.78,1.32,36.67,0.24,31.58
439,1064218,Premier League,Crystal Palace,Chadi Riad,Defender,6.55,0.0,0.02,0.12,0.38,0.12,0.25,0.0,0.12,100.0,0.0,0.0,0.0,0.0,0.0,0.0,0.0,0.0,0.0,0.0,0.0,0.0,0.0,0.0,0.75,0.25,2.88,0.25,0.75,0.0,0.12,0.0,0.0,0.0,0.12,0.12,0.0,0.12,41.5,35.5,6.0,85.54,21.75,13.75,3.75,0.0,0.0,2.12,44.74,8,5,464,0.25,0.0,0.5,0.38,7.38,0.38,2.88,45.1,1.25,43.48,1.62,46.43
440,1153079,Premier League,Chelsea,Jorrel Hato,Defender,6.55,0.0,0.02,0.0,0.2,0.0,0.2,0.0,0.35,53.85,0.0,0.0,0.0,0.0,0.0,0.0,0.0,0.0,0.0,0.0,0.0,0.0,0.0,0.0,1.75,0.7,1.8,0.25,0.55,0.0,0.1,0.0,0.0,0.0,0.05,0.0,0.0,0.35,33.15,30.5,2.65,92.01,19.25,11.25,4.55,0.2,57.14,0.35,29.17,20,10,1017,0.3,0.0,0.75,0.1,4.3,0.2,2.9,53.21,2.2,55.0,0.7,48.28
441,143047,Premier League,Wolverhampton,Matt Doherty,Defender,6.55,0.0,0.01,0.0,0.27,0.0,0.09,0.0,0.18,100.0,0.0,0.0,0.0,0.0,0.0,0.09,0.0,0.09,0.0,0.0,0.0,0.0,0.0,0.0,1.45,0.64,3.36,0.55,0.91,0.0,0.0,0.09,0.0,0.0,0.09,0.0,0.0,0.27,27.09,21.82,5.27,80.54,13.09,8.73,3.64,0.18,28.57,1.36,41.67,11,11,791,0.36,0.0,1.45,0.55,6.91,0.27,4.09,54.22,2.18,46.15,1.91,67.74
442,945217,Premier League,West Ham United,Jean-Clair Todibo,Defender,6.55,0.0,0.01,0.04,0.09,0.0,0.04,0.0,0.17,44.44,0.0,0.0,0.0,0.0,0.0,0.04,0.04,0.0,0.0,0.0,0.0,0.0,0.0,0.0,1.65,0.74,4.26,0.57,0.3,0.0,0.09,0.0,0.0,0.04,0.0,0.04,0.0,0.22,34.0,29.7,4.3,87.34,20.52,9.17,2.7,0.0,0.0,1.09,38.46,23,22,1817,0.22,0.04,0.35,0.13,5.35,0.04,3.0,60.0,1.91,67.69,1.09,50.0
443,963298,Premier League,Nottingham Forest,Dilane Bakwa,Midfielder,6.55,0.0,0.04,0.07,0.64,0.21,0.29,0.0,0.57,38.1,0.0,0.0,0.0,0.0,0.0,0.0,0.0,0.0,0.0,0.0,0.0,0.0,0.0,0.0,0.29,0.0,0.14,0.07,0.43,0.0,0.0,0.0,0.0,0.0,0.14,0.14,0.0,0.79,14.0,11.07,2.93,79.08,3.71,7.36,4.79,0.57,21.05,0.14,25.0,14,6,552,0.07,0.0,0.64,1.0,7.64,0.36,1.93,42.19,1.86,44.07,0.07,20.0
444,856260,Premier League,Brentford,Josh Dasilva,Midfielder,6.55,0.0,0.04,0.0,0.5,0.0,0.5,0.0,0.0,0.0,0.0,0.0,0.0,0.0,0.0,0.0,0.0,0.0,0.0,0.0,0.0,0.0,0.0,0.0,0.0,0.0,0.0,0.0,0.0,0.0,0.0,0.0,0.0,0.0,0.0,0.0,0.0,0.5,2.5,2.0,0.5,80.0,1.0,1.0,1.0,0.0,0.0,0.0,0.0,2,0,21,0.0,0.0,0.0,0.0,1.0,0.0,0.0,0.0,0.0,0.0,0.0,0.0
445,1395746,Premier League,Everton,Thierno Barry,Forward,6.54,0.22,0.22,0.27,1.0,0.38,0.43,21.62,0.24,31.03,0.22,0.0,0.03,0.08,0.08,0.05,0.32,0.0,0.0,0.0,0.0,0.0,0.0,0.0,0.16,0.14,0.65,0.08,0.27,0.0,0.0,0.0,0.0,0.0,0.05,0.0,0.0,0.32,9.41,5.68,3.73,60.34,1.76,3.92,2.32,0.03,25.0,0.03,33.33,37,20,1848,0.08,0.0,1.16,0.22,7.24,0.59,4.03,38.9,0.62,20.91,3.41,46.15
446,1136896,Premier League,Burnley,Lucas Pires,Defender,6.54,0.0,0.02,0.0,0.61,0.06,0.33,0.0,0.83,65.22,0.0,0.0,0.0,0.0,0.0,0.06,0.33,0.0,0.0,0.0,0.0,0.0,0.0,0.0,1.39,0.89,1.94,0.33,1.06,0.0,0.0,0.0,0.0,0.06,0.06,0.0,0.0,1.0,26.83,22.33,4.5,83.23,10.11,12.22,6.44,0.39,14.0,0.67,31.58,18,13,1226,0.0,0.06,0.72,0.17,10.33,0.5,2.56,44.23,2.39,46.74,0.17,25.0
447,983572,Premier League,Tottenham Hotspur,Destiny Udogie,Defender,6.54,0.0,0.01,0.0,0.17,0.06,0.06,0.0,0.28,31.25,0.0,0.0,0.0,0.0,0.0,0.0,0.17,0.0,0.0,0.0,0.0,0.0,0.0,0.0,1.44,0.39,1.33,0.22,0.56,0.0,0.11,0.0,0.0,0.0,0.11,0.06,0.0,0.67,29.22,24.94,4.28,85.36,10.72,14.22,7.56,0.28,21.74,0.22,20.0,18,12,1183,0.17,0.0,0.78,1.06,8.33,0.67,3.17,49.14,2.72,51.04,0.44,40.0
448,794839,Premier League,Arsenal,Gabriel Jesus,Forward,6.54,0.15,0.14,0.23,1.15,0.77,0.15,13.33,0.54,46.67,0.08,0.08,0.0,0.0,0.15,0.0,0.54,0.0,0.0,0.0,0.0,0.0,0.0,0.0,0.31,0.23,0.23,0.0,0.08,0.0,0.0,0.0,0.0,0.0,0.0,0.0,0.0,0.15,7.15,5.38,1.77,75.27,1.23,4.15,2.46,0.0,0.0,0.0,0.0,13,2,346,0.15,0.0,0.46,0.08,4.85,0.77,1.62,33.33,0.92,32.43,0.69,34.62
449,825719,Premier League,Fulham,Issa Diop,Defender,6.53,0.0,0.0,0.0,0.08,0.0,0.08,0.0,0.08,100.0,0.0,0.0,0.0,0.0,0.0,0.0,0.0,0.0,0.0,0.0,0.0,0.0,0.0,0.0,0.5,0.42,3.25,0.5,0.25,0.0,0.08,0.0,0.0,0.0,0.0,0.0,0.0,0.0,38.0,33.5,4.5,88.16,23.67,9.83,2.08,0.0,0.0,1.08,33.33,12,7,741,0.17,0.0,0.75,0.25,5.42,0.0,2.08,55.56,0.83,47.62,1.25,62.5
450,301288,Premier League,Brighton & Hove Albion,Solly March,Midfielder,6.53,0.0,0.0,0.0,0.0,0.0,0.0,0.0,0.0,0.0,0.0,0.0,0.0,0.0,0.0,0.0,0.0,0.0,0.0,0.0,0.0,0.0,0.0,0.0,0.0,0.0,0.0,0.0,0.0,0.0,0.0,0.0,0.0,0.0,0.0,0.0,0.0,0.0,0.67,0.33,0.33,50.0,0.0,0.33,0.0,0.0,0.0,0.0,0.0,3,0,29,0.0,0.0,0.0,0.33,1.0,0.33,0.33,33.33,0.33,50.0,0.0,0.0
451,1526628,Premier League,Wolverhampton,Fer López,Midfielder,6.52,0.0,0.02,0.0,0.56,0.11,0.11,0.0,0.33,42.86,0.0,0.0,0.0,0.0,0.0,0.0,0.0,0.0,0.0,0.0,0.0,0.0,0.0,0.0,0.11,0.0,0.11,0.0,0.22,0.0,0.0,0.0,0.0,0.0,0.11,0.11,0.0,0.33,11.44,8.33,3.11,72.82,1.89,6.44,3.44,0.11,25.0,0.11,25.0,9,2,236,0.11,0.0,0.67,0.44,6.22,0.67,1.11,31.25,0.89,30.77,0.22,33.33
452,1064082,Premier League,Everton,Merlin Röhl,Midfielder,6.52,0.07,0.05,0.07,0.73,0.07,0.4,9.09,0.2,27.27,0.0,0.07,0.0,0.07,0.0,0.07,0.13,0.0,0.0,0.0,0.0,0.0,0.0,0.0,1.53,0.27,0.53,0.13,0.4,0.0,0.0,0.0,0.0,0.13,0.0,0.0,0.0,0.4,10.6,8.27,2.33,77.99,3.73,4.53,2.6,0.2,60.0,0.2,50.0,15,5,632,0.0,0.0,1.2,0.4,5.13,0.93,3.07,40.71,2.13,41.03,0.93,40.0
453,809276,Premier League,Burnley,Jacob Bruun Larsen,Forward,6.52,0.0,0.05,0.08,0.62,0.15,0.23,0.0,0.38,28.57,0.0,0.0,0.0,0.0,0.0,0.04,0.15,0.0,0.0,0.0,0.0,0.0,0.19,0.0,0.46,0.23,0.5,0.04,0.19,0.0,0.0,0.0,0.0,0.0,0.08,0.04,0.0,0.46,10.96,8.92,2.04,81.4,2.54,6.38,4.0,0.31,19.51,0.12,30.0,26,10,1017,0.0,0.0,0.04,0.0,5.62,0.42,1.23,35.16,0.85,34.38,0.38,37.04
454,917007,Premier League,Manchester United,Joshua Zirkzee,Forward,6.52,0.09,0.13,0.22,1.09,0.39,0.43,8.0,0.22,55.56,0.04,0.04,0.0,0.09,0.0,0.0,0.04,0.0,0.0,0.0,0.0,0.0,0.0,0.0,0.39,0.04,0.48,0.09,0.13,0.0,0.0,0.0,0.0,0.0,0.09,0.04,0.0,0.48,10.48,7.78,2.7,74.27,3.04,4.74,2.0,0.09,40.0,0.13,42.86,23,5,650,0.13,0.0,0.39,0.26,5.0,0.52,1.74,40.0,0.87,41.67,0.87,38.46
455,1168588,Premier League,Sunderland,Eliezer Mayenda,Forward,6.52,0.1,0.11,0.05,0.65,0.3,0.1,15.38,0.55,34.38,0.1,0.0,0.05,0.05,0.0,0.0,0.15,0.0,0.0,0.0,0.0,0.0,0.0,0.0,0.25,0.05,0.25,0.05,0.15,0.0,0.0,0.0,0.0,0.05,0.1,0.0,0.0,0.2,4.25,2.8,1.45,65.88,0.65,2.15,1.1,0.0,0.0,0.05,33.33,20,8,770,0.0,0.0,0.3,0.55,5.0,1.05,2.1,34.43,1.35,34.62,0.75,34.09
456,1597270,Premier League,Wolverhampton,Pedro Lima,Defender,6.52,0.0,0.02,0.0,0.38,0.0,0.25,0.0,0.12,33.33,0.0,0.0,0.0,0.0,0.0,0.0,0.0,0.0,0.0,0.0,0.0,0.0,0.0,0.0,0.88,0.62,0.75,0.0,0.5,0.0,0.25,0.0,0.0,0.0,0.0,0.0,0.0,0.38,6.75,4.25,2.5,62.96,2.5,1.75,1.0,0.5,40.0,0.38,27.27,8,3,263,0.0,0.0,0.62,0.12,5.12,0.5,1.38,37.93,1.12,37.5,0.25,40.0
457,318927,Premier League,Liverpool FC,Joe Gomez,Defender,6.52,0.0,0.01,0.0,0.25,0.05,0.2,0.0,0.15,50.0,0.0,0.0,0.0,0.0,0.0,0.0,0.0,0.0,0.0,0.0,0.0,0.0,0.0,0.0,0.5,0.45,1.25,0.1,0.2,0.0,0.0,0.0,0.0,0.05,0.15,0.1,0.05,0.3,15.95,12.7,3.25,79.62,6.95,5.75,2.35,0.15,18.75,0.5,38.46,20,7,632,0.2,0.0,0.7,0.0,5.8,0.3,1.3,40.0,0.65,32.5,0.65,52.0
458,955245,Premier League,Aston Villa,Harvey Elliott,Midfielder,6.52,0.0,0.06,0.0,1.0,0.0,0.2,0.0,0.0,0.0,0.0,0.0,0.0,0.0,0.0,0.0,0.0,0.0,0.0,0.0,0.0,0.0,0.0,0.0,0.0,0.0,0.2,0.2,0.0,0.0,0.0,0.0,0.0,0.0,0.0,0.0,0.0,0.2,16.4,13.8,2.6,84.15,2.0,11.8,8.2,0.2,33.33,0.2,20.0,5,1,117,0.0,0.0,0.0,0.4,3.6,0.0,0.6,60.0,0.4,66.67,0.2,50.0
459,1116571,Premier League,Sunderland,Nilson Angulo,Midfielder,6.51,0.0,0.07,0.29,0.43,0.29,0.14,0.0,0.86,42.86,0.0,0.0,0.0,0.0,0.0,0.0,0.14,0.0,0.0,0.0,0.0,0.0,0.0,0.0,1.14,0.29,1.29,0.0,0.57,0.0,0.0,0.0,0.0,0.0,0.0,0.0,0.0,0.43,9.29,6.71,2.57,72.31,1.86,4.86,2.71,0.14,16.67,0.0,0.0,7,4,352,0.0,0.0,1.14,0.43,7.57,0.71,3.0,40.38,2.43,41.46,0.57,36.36
460,286165,Premier League,West Ham United,Adama Traoré,Forward,6.51,0.0,0.03,0.04,0.29,0.04,0.12,0.0,0.5,60.0,0.0,0.0,0.0,0.0,0.0,0.0,0.21,0.0,0.0,0.0,0.0,0.0,0.0,0.0,0.08,0.0,0.08,0.0,0.08,0.0,0.0,0.0,0.0,0.0,0.04,0.0,0.0,0.12,4.33,3.38,0.96,77.88,0.92,2.46,1.71,0.21,18.52,0.04,33.33,24,1,450,0.04,0.0,0.29,0.33,3.5,0.58,0.96,35.94,0.92,44.0,0.04,7.14
461,1110842,Premier League,Sunderland,Simon Adingra,Midfielder,6.51,0.07,0.02,0.07,0.43,0.14,0.14,16.67,0.5,26.92,0.07,0.0,0.0,0.0,0.07,0.0,0.29,0.0,0.0,0.0,0.0,0.0,0.0,0.0,0.79,0.14,0.79,0.0,0.64,0.0,0.0,0.0,0.0,0.0,0.14,0.0,0.0,0.5,11.5,8.71,2.79,75.78,3.21,5.5,3.07,0.36,18.52,0.14,33.33,14,9,665,0.14,0.0,1.21,0.21,7.79,0.86,2.14,30.61,1.5,28.0,0.64,39.13
462,817979,Premier League,Burnley,Axel Tuanzebe,Defender,6.5,0.08,0.05,0.0,0.17,0.08,0.08,50.0,0.0,0.0,0.08,0.0,0.0,0.0,0.08,0.0,0.08,0.0,0.0,0.0,0.0,0.0,0.0,0.0,1.08,0.75,6.25,0.75,0.42,0.0,0.17,0.08,0.08,0.08,0.0,0.0,0.0,0.0,39.08,32.92,6.17,84.22,23.25,9.67,2.25,0.0,0.0,1.42,31.48,12,12,1022,0.08,0.0,1.0,0.17,6.5,0.0,3.0,48.65,1.25,46.88,1.75,50.0
463,892924,Premier League,Bournemouth,Hamed Junior Traorè,Midfielder,6.5,0.0,0.0,0.0,0.0,0.0,0.0,0.0,0.0,0.0,0.0,0.0,0.0,0.0,0.0,0.0,0.0,0.0,0.0,0.0,0.0,0.0,0.0,0.0,1.0,0.0,1.0,0.0,0.0,0.0,0.0,0.0,0.0,0.0,0.0,1.0,0.0,1.0,2.0,2.0,0.0,100.0,2.0,0.0,0.0,0.0,0.0,0.0,0.0,1,0,16,0.0,0.0,0.0,0.0,2.0,0.0,1.0,25.0,1.0,50.0,0.0,0.0
464,825839,Premier League,Manchester United,Tyrell Malacia,Defender,6.5,0.0,0.0,0.0,0.0,0.0,0.0,0.0,0.0,0.0,0.0,0.0,0.0,0.0,0.0,0.0,0.0,0.0,0.0,0.0,0.0,0.0,0.0,0.0,0.5,0.0,0.5,0.0,0.0,0.0,0.0,0.0,0.0,0.0,0.0,0.0,0.0,0.0,3.5,2.5,1.0,71.43,1.0,1.5,0.5,0.0,0.0,0.0,0.0,2,0,24,0.0,0.0,0.0,0.0,1.0,0.0,0.5,100.0,0.5,100.0,0.0,0.0
465,227946,Premier League,Nottingham Forest,Angus Gunn,Goalkeeper,6.5,0.0,0.0,0.0,0.0,0.0,0.0,0.0,0.0,0.0,0.0,0.0,0.0,0.0,0.0,0.0,0.0,0.0,0.0,0.0,0.0,0.0,0.0,0.0,0.0,0.0,1.0,0.0,0.0,0.0,0.0,0.0,0.0,0.0,0.0,0.0,0.0,0.0,19.0,6.0,13.0,31.58,0.0,6.0,1.0,0.0,0.0,6.0,31.58,1,0,45,0.0,0.0,0.0,0.0,13.0,0.0,0.0,0.0,0.0,0.0,0.0,0.0
466,100390,Premier League,Aston Villa,Marco Bizot,Goalkeeper,6.5,0.0,0.0,0.0,0.0,0.0,0.0,0.0,0.0,0.0,0.0,0.0,0.0,0.0,0.0,0.0,0.0,0.0,0.0,0.0,0.0,0.0,0.0,0.0,0.0,0.0,1.17,0.0,0.0,0.17,0.0,0.17,0.0,0.17,0.0,0.0,0.0,0.0,33.0,25.67,7.33,77.78,23.33,2.33,0.33,0.0,0.0,4.33,37.14,6,5,495,0.33,0.0,0.17,0.17,7.5,0.0,0.33,66.67,0.17,50.0,0.17,100.0
467,1094440,Premier League,Sunderland,Romaine Mundle,Forward,6.5,0.0,0.06,0.07,0.5,0.14,0.21,0.0,0.5,46.67,0.0,0.0,0.0,0.0,0.0,0.0,0.0,0.0,0.0,0.0,0.0,0.0,0.0,0.0,0.36,0.07,0.43,0.0,0.5,0.0,0.0,0.0,0.0,0.0,0.0,0.0,0.0,0.07,7.43,6.36,1.07,85.58,2.14,4.21,2.29,0.14,18.18,0.14,50.0,14,2,412,0.07,0.0,0.5,0.57,4.57,1.0,1.71,38.1,1.36,34.55,0.36,62.5
468,990550,Premier League,Burnley,Zeki Amdouni,Forward,6.5,0.0,0.12,0.0,1.5,0.5,0.5,0.0,0.5,50.0,0.0,0.0,0.0,0.0,0.0,0.0,0.0,0.0,0.0,0.0,0.0,0.0,0.0,0.0,0.0,0.0,0.0,0.0,0.0,0.0,0.0,0.0,0.0,0.0,0.0,0.0,0.0,0.0,5.0,5.0,0.0,100.0,1.5,3.5,1.0,0.0,0.0,0.0,0.0,2,0,25,0.0,0.0,0.0,0.0,1.5,0.5,1.0,50.0,0.5,33.33,0.5,100.0
469,1467990,Premier League,Manchester City,Divine Mukasa,Midfielder,6.5,0.0,0.0,0.0,0.0,0.0,0.0,0.0,0.0,0.0,0.0,0.0,0.0,0.0,0.0,0.0,0.0,0.0,0.0,0.0,0.0,0.0,0.0,0.0,0.0,0.0,0.0,0.0,0.5,0.0,0.0,0.0,0.0,0.0,0.0,0.0,0.0,1.0,9.5,9.0,0.5,94.74,1.5,7.5,5.5,0.0,0.0,0.0,0.0,2,0,25,0.0,0.0,0.5,0.0,2.0,1.0,0.0,0.0,0.0,0.0,0.0,0.0
470,1545190,Premier League,Manchester United,Bendito Mantato,Midfielder,6.5,0.0,0.0,0.0,0.0,0.0,0.0,0.0,0.0,0.0,0.0,0.0,0.0,0.0,0.0,0.0,0.0,0.0,0.0,0.0,0.0,0.0,0.0,0.0,0.0,0.0,0.0,0.0,0.0,0.0,0.0,0.0,0.0,0.0,0.0,0.0,0.0,1.0,5.0,5.0,0.0,100.0,1.0,4.0,1.0,0.0,0.0,0.0,0.0,1,0,15,0.0,0.0,0.0,0.0,2.0,0.0,0.0,0.0,0.0,0.0,0.0,0.0
471,1167066,Premier League,Brighton & Hove Albion,Tom Watson,Midfielder,6.5,0.0,0.01,0.0,0.17,0.17,0.0,0.0,0.0,0.0,0.0,0.0,0.0,0.0,0.0,0.0,0.0,0.0,0.0,0.0,0.0,0.0,0.0,0.0,0.17,0.0,0.0,0.0,0.0,0.0,0.0,0.0,0.0,0.0,0.0,0.0,0.0,0.0,3.17,2.33,0.83,73.68,0.5,1.83,1.0,0.0,0.0,0.33,66.67,6,0,73,0.17,0.0,0.5,0.0,1.83,0.0,0.17,16.67,0.17,20.0,0.0,0.0
472,973418,Premier League,Wolverhampton,Toti Gomes,Defender,6.49,0.0,0.03,0.06,0.28,0.11,0.11,0.0,0.56,83.33,0.0,0.0,0.0,0.0,0.0,0.0,0.0,0.0,0.0,0.0,0.0,0.0,0.0,0.0,1.28,0.78,5.22,0.67,0.22,0.06,0.06,0.0,0.0,0.06,0.0,0.0,0.0,0.33,44.83,38.5,6.33,85.87,26.06,12.44,3.67,0.17,27.27,2.17,40.63,18,17,1403,0.11,0.06,0.61,0.61,7.94,0.28,3.72,61.47,2.44,66.67,1.28,53.49
473,1154861,Premier League,Bournemouth,Ben Gannon-Doak,Midfielder,6.49,0.0,0.01,0.0,0.14,0.0,0.0,0.0,0.14,14.29,0.0,0.0,0.0,0.0,0.0,0.0,0.0,0.0,0.0,0.0,0.0,0.0,0.0,0.0,0.71,0.14,0.0,0.0,0.29,0.0,0.0,0.0,0.0,0.0,0.14,0.14,0.0,0.14,5.43,4.29,1.14,78.95,1.14,3.14,1.57,0.0,0.0,0.0,0.0,7,0,89,0.0,0.0,0.43,0.14,2.71,0.0,1.14,38.1,1.0,38.89,0.14,33.33
474,997103,Premier League,Tottenham Hotspur,Radu Drăguşin,Defender,6.49,0.0,0.04,0.0,0.44,0.0,0.33,0.0,0.11,100.0,0.0,0.0,0.0,0.0,0.0,0.0,0.0,0.0,0.0,0.0,0.0,0.0,0.0,0.0,0.56,1.78,4.78,0.89,0.33,0.22,0.11,0.0,0.0,0.0,0.0,0.0,0.0,0.0,26.44,20.67,5.78,78.15,15.67,5.0,1.22,0.0,0.0,0.67,19.35,9,5,529,0.0,0.0,1.0,0.11,7.67,0.22,2.67,50.0,0.78,35.0,1.89,60.71
475,871706,Premier League,Tottenham Hotspur,Randal Kolo Muani,Forward,6.49,0.04,0.08,0.25,0.68,0.14,0.36,5.26,0.89,39.68,0.04,0.0,0.0,0.0,0.04,0.04,0.11,0.0,0.0,0.0,0.0,0.0,0.0,0.0,1.0,0.11,0.64,0.04,0.46,0.0,0.0,0.0,0.0,0.0,0.07,0.04,0.04,0.71,10.86,7.75,3.11,71.38,2.11,5.64,3.93,0.25,50.0,0.14,44.44,28,20,1584,0.11,0.0,1.39,0.61,8.75,1.25,3.46,36.06,2.5,36.08,0.96,36.0
476,997087,Premier League,Chelsea,Liam Delap,Forward,6.49,0.04,0.17,0.15,1.35,0.42,0.54,2.86,0.38,76.92,0.04,0.0,0.0,0.04,0.0,0.08,0.15,0.04,0.0,0.0,0.0,0.0,0.0,0.0,0.15,0.04,0.42,0.0,0.23,0.0,0.04,0.0,0.0,0.0,0.0,0.0,0.0,0.12,6.54,4.54,2.0,69.41,1.08,3.46,2.12,0.0,0.0,0.04,50.0,26,11,1032,0.12,0.0,0.85,0.69,4.69,0.77,2.12,39.86,1.23,38.55,0.88,41.82
477,901907,Premier League,Burnley,Lyle Foster,Forward,6.48,0.12,0.12,0.12,0.77,0.23,0.27,15.0,0.38,45.45,0.12,0.0,0.0,0.04,0.08,0.0,0.42,0.0,0.0,0.0,0.0,0.0,0.0,0.0,0.62,0.15,0.77,0.12,0.31,0.0,0.0,0.0,0.0,0.0,0.08,0.08,0.0,0.38,10.77,7.54,3.23,70.0,2.08,5.46,3.04,0.04,16.67,0.27,50.0,26,15,1372,0.15,0.0,0.85,0.5,7.31,1.23,2.54,31.73,1.46,34.55,1.08,28.57
478,1016893,Premier League,West Ham United,Luís Guilherme,Forward,6.48,0.0,0.01,0.0,0.2,0.0,0.2,0.0,0.4,33.33,0.0,0.0,0.0,0.0,0.0,0.0,0.0,0.0,0.0,0.0,0.0,0.0,0.0,0.0,0.2,0.0,0.4,0.0,0.2,0.0,0.0,0.0,0.0,0.0,0.0,0.0,0.0,0.2,6.0,5.4,0.6,90.0,3.2,2.2,1.4,0.0,0.0,0.2,100.0,5,1,121,0.0,0.0,0.0,0.0,3.0,1.0,0.6,21.43,0.6,23.08,0.0,0.0
479,1017392,Premier League,Everton,Carlos Alcaraz,Midfielder,6.48,0.0,0.06,0.05,1.0,0.26,0.32,0.0,0.32,42.86,0.0,0.0,0.0,0.0,0.0,0.05,0.05,0.0,0.0,0.0,0.0,0.0,0.0,0.0,0.68,0.16,0.37,0.16,0.63,0.0,0.11,0.0,0.0,0.0,0.11,0.05,0.0,0.47,15.58,12.68,2.89,81.42,5.05,7.63,4.05,0.11,40.0,0.63,66.67,19,6,712,0.21,0.0,0.47,0.58,5.53,0.47,2.21,43.75,1.53,43.28,0.68,44.83
480,336655,Premier League,Bournemouth,Enes Ünal,Forward,6.48,0.05,0.09,0.1,0.67,0.1,0.33,7.14,0.05,25.0,0.05,0.0,0.0,0.05,0.0,0.0,0.1,0.0,0.0,0.0,0.0,0.0,0.19,0.0,0.05,0.0,0.57,0.0,0.0,0.0,0.0,0.0,0.0,0.0,0.0,0.0,0.0,0.0,2.29,1.52,0.76,66.67,0.52,1.0,0.67,0.0,0.0,0.0,0.0,21,0,234,0.05,0.0,0.29,0.38,1.81,0.33,0.81,27.42,0.43,36.0,0.38,21.62
481,1084311,Premier League,Crystal Palace,Justin Devenny,Midfielder,6.48,0.05,0.13,0.2,0.65,0.2,0.25,7.69,0.1,15.38,0.05,0.0,0.0,0.05,0.0,0.05,0.05,0.0,0.05,0.05,100.0,0.0,0.05,0.0,1.15,0.05,0.55,0.0,0.9,0.0,0.0,0.0,0.0,0.05,0.0,0.0,0.0,0.35,11.4,8.25,3.15,72.37,3.3,4.95,2.75,0.0,0.0,0.4,30.77,20,6,740,0.0,0.0,0.5,0.45,6.6,0.55,2.0,36.7,1.7,40.96,0.3,23.08
482,826183,Premier League,Burnley,Mike Trésor,Midfielder,6.47,0.0,0.0,0.0,0.0,0.0,0.0,0.0,0.0,0.0,0.0,0.0,0.0,0.0,0.0,0.0,0.0,0.0,0.0,0.0,0.0,0.0,0.0,0.0,0.17,0.0,0.0,0.0,0.0,0.0,0.0,0.0,0.0,0.0,0.0,0.0,0.0,0.17,4.5,3.83,0.67,85.19,2.0,1.83,0.5,0.17,33.33,0.17,100.0,6,0,63,0.0,0.0,0.0,0.0,2.17,0.33,0.17,12.5,0.17,20.0,0.0,0.0
483,1503757,Premier League,Fulham,Jonah Kusi-Asare,Forward,6.47,0.0,0.0,0.0,0.0,0.0,0.0,0.0,0.0,0.0,0.0,0.0,0.0,0.0,0.0,0.0,0.0,0.0,0.0,0.0,0.0,0.0,0.0,0.0,0.14,0.0,0.0,0.0,0.43,0.0,0.0,0.0,0.0,0.0,0.0,0.0,0.0,0.14,2.29,1.57,0.71,68.75,0.0,1.57,0.86,0.0,0.0,0.0,0.0,7,0,79,0.14,0.0,0.57,0.29,1.14,0.0,0.57,25.0,0.43,33.33,0.14,14.29
484,1476524,Premier League,Bournemouth,Alex Tóth,Midfielder,6.47,0.0,0.01,0.0,0.12,0.0,0.12,0.0,0.0,0.0,0.0,0.0,0.0,0.0,0.0,0.0,0.0,0.0,0.0,0.0,0.0,0.0,0.0,0.0,0.12,0.25,0.38,0.0,0.38,0.0,0.12,0.0,0.0,0.0,0.0,0.0,0.0,0.5,4.12,3.5,0.62,84.85,0.88,2.62,1.25,0.0,0.0,0.0,0.0,8,1,128,0.12,0.0,0.12,0.25,1.75,0.0,0.38,27.27,0.38,30.0,0.0,0.0
485,1101174,Premier League,West Ham United,Pablo Felipe,Forward,6.46,0.0,0.06,0.08,0.77,0.15,0.38,0.0,0.54,63.64,0.0,0.0,0.0,0.0,0.0,0.0,0.0,0.0,0.0,0.0,0.0,0.0,0.0,0.0,2.0,0.31,0.92,0.15,0.54,0.08,0.0,0.0,0.0,0.0,0.15,0.08,0.0,0.92,14.54,10.77,3.77,74.07,3.62,7.15,4.0,0.08,33.33,0.15,40.0,13,9,781,0.0,0.0,1.62,0.46,7.38,1.31,4.54,39.6,2.92,43.68,1.62,33.87
486,1884145,Premier League,Crystal Palace,Christantus Uche,Forward,6.46,0.0,0.03,0.07,0.43,0.14,0.14,0.0,0.0,0.0,0.0,0.0,0.0,0.0,0.0,0.0,0.21,0.07,0.0,0.0,0.0,0.0,0.0,0.0,0.07,0.0,0.21,0.0,0.29,0.0,0.0,0.0,0.0,0.0,0.0,0.0,0.0,0.0,4.21,2.5,1.71,59.32,0.71,1.79,1.21,0.0,0.0,0.07,33.33,14,0,193,0.0,0.0,0.29,0.5,3.71,0.5,1.14,33.33,0.57,29.63,0.57,38.1
487,44566,Premier League,Bournemouth,Adam Smith,Defender,6.46,0.0,0.0,0.0,0.0,0.0,0.0,0.0,0.05,100.0,0.0,0.0,0.0,0.0,0.0,0.0,0.0,0.0,0.0,0.0,0.0,0.0,0.0,0.0,0.65,0.3,1.7,0.3,0.55,0.0,0.0,0.0,0.0,0.2,0.05,0.1,0.0,0.25,14.7,11.25,3.45,76.53,5.55,5.7,2.9,0.05,9.09,0.45,18.37,20,12,917,0.15,0.0,0.75,0.4,5.1,0.1,1.7,45.95,1.05,44.68,0.65,48.15
488,1392044,Premier League,Burnley,Quilindschy Hartman,Defender,6.46,0.0,0.02,0.05,0.43,0.14,0.19,0.0,0.24,41.67,0.0,0.0,0.0,0.0,0.0,0.0,0.05,0.0,0.0,0.0,0.0,0.0,0.0,0.0,2.48,1.48,3.14,0.19,0.62,0.05,0.05,0.0,0.0,0.1,0.29,0.24,0.0,0.95,35.05,26.52,8.52,75.68,14.76,11.76,5.62,0.52,14.47,1.67,33.65,21,21,1830,0.05,0.0,0.62,0.14,14.9,0.29,3.33,55.12,2.86,60.61,0.48,35.71
489,254713,Premier League,Leeds United,Sam Byram,Defender,6.45,0.0,0.0,0.0,0.0,0.0,0.0,0.0,0.0,0.0,0.0,0.0,0.0,0.0,0.0,0.0,0.5,0.0,0.0,0.0,0.0,0.0,0.0,0.0,0.5,0.0,1.0,0.0,0.0,0.0,0.0,0.0,0.0,0.0,0.0,0.0,0.0,0.0,3.0,1.5,1.5,50.0,0.5,1.0,0.0,0.0,0.0,0.0,0.0,2,0,18,0.0,0.0,0.5,0.0,1.5,0.0,0.5,50.0,0.5,50.0,0.0,0.0
490,1457536,Premier League,Aston Villa,Andrés García,Defender,6.45,0.0,0.0,0.0,0.0,0.0,0.0,0.0,0.0,0.0,0.0,0.0,0.0,0.0,0.0,0.0,0.0,0.0,0.0,0.0,0.0,0.0,0.0,0.0,0.2,0.0,0.0,0.0,0.2,0.0,0.0,0.0,0.0,0.0,0.0,0.0,0.0,0.0,5.0,5.0,0.0,100.0,2.0,3.0,1.0,0.0,0.0,0.0,0.0,5,0,60,0.0,0.0,0.0,0.0,1.6,0.2,0.2,25.0,0.2,25.0,0.0,0.0
491,2007717,Premier League,Crystal Palace,Joel Drakes-Thomas,Midfielder,6.45,0.0,0.0,0.0,0.0,0.0,0.0,0.0,0.0,0.0,0.0,0.0,0.0,0.0,0.0,0.0,0.0,0.0,0.0,0.0,0.0,0.0,0.0,0.0,0.5,0.0,0.0,0.0,0.0,0.0,0.0,0.0,0.0,0.0,0.0,0.0,0.0,0.0,5.5,4.0,1.5,72.73,1.0,3.0,2.0,0.0,0.0,0.0,0.0,2,0,25,0.0,0.0,0.5,0.0,2.0,0.0,0.5,33.33,0.5,33.33,0.0,0.0
492,998772,Premier League,Tottenham Hotspur,Dane Scarlett,Forward,6.45,0.0,0.0,0.0,0.0,0.0,0.0,0.0,0.0,0.0,0.0,0.0,0.0,0.0,0.0,0.0,0.0,0.0,0.0,0.0,0.0,0.0,0.0,0.0,0.0,0.0,0.0,0.0,0.0,0.0,0.0,0.0,0.0,0.0,0.0,0.0,0.0,0.0,2.0,1.0,1.0,50.0,1.0,0.0,0.0,0.5,100.0,0.0,0.0,2,0,21,0.0,0.0,0.5,0.0,2.5,0.5,0.0,0.0,0.0,0.0,0.0,0.0
493,552036,Premier League,Burnley,Josh Laurent,Midfielder,6.45,0.03,0.03,0.03,0.44,0.12,0.19,7.14,0.28,50.0,0.03,0.0,0.0,0.0,0.03,0.03,0.06,0.0,0.0,0.0,0.0,0.0,0.0,0.0,1.41,0.84,1.19,0.25,0.69,0.03,0.0,0.03,0.0,0.03,0.0,0.0,0.0,0.38,20.03,15.62,4.41,78.0,8.06,7.56,3.19,0.12,26.67,0.5,27.59,32,18,1764,0.22,0.03,0.91,0.34,6.38,0.47,2.84,48.15,2.03,46.76,0.81,52.0
494,805123,Premier League,Newcastle United,Yoane Wissa,Forward,6.44,0.06,0.17,0.33,0.72,0.28,0.44,7.69,0.06,8.33,0.06,0.0,0.0,0.0,0.06,0.0,0.22,0.0,0.0,0.0,0.0,0.0,0.0,0.0,0.28,0.0,0.11,0.06,0.06,0.0,0.0,0.0,0.0,0.0,0.06,0.06,0.0,0.17,4.67,3.11,1.56,66.67,1.06,2.06,1.5,0.0,0.0,0.17,75.0,18,4,515,0.11,0.0,0.33,0.06,3.11,0.33,1.17,32.31,0.39,22.58,0.78,41.18
495,599128,Premier League,Brentford,Rico Henry,Defender,6.43,0.0,0.01,0.0,0.2,0.0,0.16,0.0,0.6,50.0,0.0,0.0,0.0,0.0,0.0,0.0,0.08,0.0,0.0,0.0,0.0,0.0,0.0,0.0,0.6,0.32,1.64,0.2,0.32,0.04,0.12,0.04,0.0,0.12,0.04,0.04,0.0,0.16,19.24,14.8,4.44,76.92,7.96,6.84,3.0,0.12,12.0,0.92,38.98,25,14,1334,0.08,0.0,0.6,0.68,8.72,0.36,2.64,49.25,1.88,50.0,0.76,47.5
496,1627806,Premier League,Brighton & Hove Albion,Harry Howell,Midfielder,6.43,0.0,0.0,0.0,0.0,0.0,0.0,0.0,0.67,66.67,0.0,0.0,0.0,0.0,0.0,0.0,0.33,0.0,0.0,0.0,0.0,0.0,0.0,0.0,0.33,0.0,1.0,0.0,0.67,0.0,0.0,0.0,0.0,0.0,0.0,0.0,0.0,0.0,11.33,9.67,1.67,85.29,3.67,6.0,2.33,0.0,0.0,0.67,50.0,3,1,93,0.0,0.0,0.0,0.0,4.67,0.67,1.67,35.71,1.0,37.5,0.67,33.33
497,850823,Premier League,Leeds United,Joël Piroe,Forward,6.43,0.0,0.06,0.07,0.8,0.13,0.33,0.0,0.07,33.33,0.0,0.0,0.0,0.0,0.0,0.0,0.07,0.0,0.0,0.0,0.0,0.0,0.0,0.0,0.07,0.07,0.07,0.0,0.07,0.0,0.0,0.0,0.0,0.0,0.0,0.0,0.0,0.07,6.2,5.13,1.07,82.8,2.27,2.87,2.0,0.07,25.0,0.4,85.71,15,2,303,0.0,0.0,0.27,0.0,2.2,0.33,0.4,19.35,0.13,15.38,0.27,22.22
498,996985,Premier League,Burnley,Armando Broja,Forward,6.41,0.04,0.09,0.12,0.67,0.25,0.08,6.25,0.33,33.33,0.04,0.0,0.04,0.0,0.0,0.0,0.25,0.0,0.0,0.0,0.0,0.0,0.0,0.0,0.25,0.12,0.38,0.0,0.21,0.0,0.0,0.0,0.0,0.0,0.04,0.04,0.0,0.21,6.29,4.38,1.92,69.54,1.0,3.38,2.17,0.04,33.33,0.04,100.0,24,8,874,0.0,0.0,0.58,0.67,4.96,0.83,2.71,33.33,1.25,35.71,1.46,31.53
499,954061,Premier League,Nottingham Forest,Arnaud Kalimuendo,Forward,6.4,0.0,0.05,0.11,0.44,0.11,0.0,0.0,0.0,0.0,0.0,0.0,0.0,0.0,0.0,0.0,0.11,0.0,0.0,0.0,0.0,0.0,0.0,0.0,0.11,0.0,0.11,0.0,0.0,0.0,0.0,0.0,0.0,0.0,0.0,0.0,0.0,0.11,3.22,2.67,0.56,82.76,0.44,2.22,1.33,0.0,0.0,0.0,0.0,9,0,106,0.0,0.0,0.22,0.0,1.33,0.11,0.56,41.67,0.11,20.0,0.44,57.14
500,1403098,Premier League,Brentford,Kaye Furo,Forward,6.4,0.0,0.0,0.0,0.0,0.0,0.0,0.0,0.0,0.0,0.0,0.0,0.0,0.0,0.0,0.0,0.0,0.0,0.0,0.0,0.0,0.0,0.0,0.0,0.0,0.0,0.0,0.0,0.0,0.0,0.0,0.0,0.0,0.0,0.0,0.0,0.0,0.0,0.0,0.0,0.0,0.0,0.0,0.0,0.0,0.0,0.0,0.0,0.0,1,0,9,0.0,0.0,1.0,0.0,3.0,0.0,0.0,0.0,0.0,0.0,0.0,0.0
501,153444,Premier League,Newcastle United,Jamaal Lascelles,Defender,6.4,0.0,0.02,0.0,0.5,0.0,0.0,0.0,0.0,0.0,0.0,0.0,0.0,0.0,0.0,0.0,0.0,0.0,0.0,0.0,0.0,0.0,0.0,0.0,0.0,0.0,2.0,0.5,0.0,0.0,0.0,0.0,0.0,0.0,0.0,0.0,0.0,0.0,4.0,3.0,1.0,75.0,3.0,0.0,0.0,0.0,0.0,0.0,0.0,2,0,25,0.0,0.0,0.0,0.0,1.0,0.0,0.5,100.0,0.0,0.0,0.5,100.0
502,1899712,Premier League,Aston Villa,Bradley Burrowes,Midfielder,6.4,0.0,0.0,0.0,0.0,0.0,0.0,0.0,0.0,0.0,0.0,0.0,0.0,0.0,0.0,0.0,0.0,0.0,0.0,0.0,0.0,0.0,0.0,0.0,0.0,0.0,0.0,0.0,1.0,0.0,0.0,0.0,0.0,0.0,0.0,0.0,0.0,0.0,5.0,3.0,2.0,60.0,2.0,1.0,1.0,0.0,0.0,0.0,0.0,1,0,16,0.0,0.0,0.0,1.0,6.0,0.0,1.0,33.33,1.0,33.33,0.0,0.0
503,1142573,Premier League,Burnley,Jaydon Banel,Midfielder,6.4,0.0,0.0,0.0,0.0,0.0,0.0,0.0,0.0,0.0,0.0,0.0,0.0,0.0,0.0,0.0,0.0,0.0,0.0,0.0,0.0,0.0,0.0,0.0,0.0,0.0,0.0,0.0,0.0,0.0,0.0,0.0,0.0,0.0,0.0,0.0,0.0,0.0,4.0,4.0,0.0,100.0,1.0,3.0,3.0,0.0,0.0,0.0,0.0,1,0,9,0.0,0.0,1.0,1.0,2.0,0.0,1.0,25.0,1.0,33.33,0.0,0.0
504,1212165,Premier League,West Ham United,George Earthy,Midfielder,6.4,0.0,0.0,0.0,0.0,0.0,0.0,0.0,0.0,0.0,0.0,0.0,0.0,0.0,0.0,0.0,0.0,0.0,0.0,0.0,0.0,0.0,0.0,0.0,0.0,0.0,0.0,0.0,0.0,0.0,0.0,0.0,0.0,0.0,0.0,0.0,0.0,0.0,3.0,3.0,0.0,100.0,2.0,1.0,1.0,0.0,0.0,0.0,0.0,1,0,8,0.0,0.0,0.0,0.0,0.0,0.0,0.0,0.0,0.0,0.0,0.0,0.0
505,1185603,Premier League,Crystal Palace,Kaden Rodney,Midfielder,6.4,0.0,0.0,0.0,0.0,0.0,0.0,0.0,0.0,0.0,0.0,0.0,0.0,0.0,0.0,0.0,0.0,0.0,0.0,0.0,0.0,0.0,0.0,0.0,0.0,0.0,0.0,0.0,0.0,0.0,0.0,0.0,0.0,0.0,0.0,0.0,0.0,0.0,5.0,3.0,2.0,60.0,2.0,1.0,1.0,0.0,0.0,0.0,0.0,1,0,9,0.0,0.0,1.0,0.0,2.0,0.0,0.0,0.0,0.0,0.0,0.0,0.0
506,1445945,Premier League,Liverpool FC,Trey Nyoni,Midfielder,6.4,0.0,0.07,0.2,0.2,0.0,0.2,0.0,0.0,0.0,0.0,0.0,0.0,0.0,0.0,0.0,0.2,0.0,0.0,0.0,0.0,0.0,0.0,0.0,0.0,0.0,0.0,0.0,0.0,0.0,0.0,0.0,0.0,0.0,0.0,0.0,0.0,0.2,2.4,2.2,0.2,91.67,1.0,1.2,0.6,0.0,0.0,0.0,0.0,5,0,29,0.0,0.0,0.0,0.0,0.6,0.2,0.0,0.0,0.0,0.0,0.0,0.0
507,27028,Premier League,Burnley,Ashley Barnes,Midfielder,6.4,0.0,0.02,0.0,0.17,0.0,0.0,0.0,0.17,100.0,0.0,0.0,0.0,0.0,0.0,0.0,0.33,0.0,0.0,0.0,0.0,0.0,0.0,0.0,0.0,0.0,0.0,0.0,0.0,0.0,0.0,0.0,0.0,0.0,0.0,0.0,0.0,0.0,1.83,0.33,1.5,18.18,0.0,0.33,0.33,0.0,0.0,0.0,0.0,6,0,78,0.17,0.0,0.33,0.0,2.83,0.33,1.33,44.44,0.17,25.0,1.17,50.0
508,1117025,Premier League,Leeds United,Facundo Buonanotte,Midfielder,6.4,0.0,0.01,0.0,0.33,0.0,0.0,0.0,0.0,0.0,0.0,0.0,0.0,0.0,0.0,0.0,0.0,0.0,0.0,0.0,0.0,0.0,0.0,0.0,0.33,0.33,0.0,0.0,0.67,0.0,0.0,0.0,0.0,0.0,0.0,0.0,0.0,0.67,10.0,8.0,2.0,80.0,1.33,6.67,2.67,0.0,0.0,0.33,50.0,3,1,74,0.33,0.0,0.33,0.0,4.0,0.0,0.67,28.57,0.33,16.67,0.33,100.0
509,361326,Premier League,Sunderland,Patrick Roberts,Midfielder,6.4,0.0,0.03,0.0,1.0,0.0,0.0,0.0,1.0,100.0,0.0,0.0,0.0,0.0,0.0,0.0,0.0,0.0,0.0,0.0,0.0,0.0,0.0,0.0,0.0,0.0,0.0,0.0,0.0,0.0,0.0,0.0,0.0,0.0,0.0,0.0,0.0,0.0,20.0,16.0,4.0,80.0,2.0,14.0,8.0,0.0,0.0,1.0,100.0,1,0,27,0.0,0.0,0.0,0.0,4.0,0.0,1.0,50.0,1.0,100.0,0.0,0.0
510,876599,Premier League,Crystal Palace,Jørgen Strand Larsen,Forward,6.38,0.11,0.15,0.14,1.23,0.4,0.54,9.3,0.31,42.31,0.11,0.0,0.03,0.0,0.09,0.09,0.29,0.0,0.06,0.03,50.0,0.0,0.0,0.0,0.26,0.11,1.06,0.2,0.4,0.0,0.0,0.0,0.0,0.06,0.03,0.03,0.0,0.29,13.6,8.69,4.91,63.87,3.03,5.66,2.94,0.0,0.0,0.2,41.18,35,25,2239,0.11,0.0,1.37,0.57,8.54,0.77,3.31,34.42,1.14,28.17,2.17,38.97
511,1390490,Premier League,Nottingham Forest,Zach Abbott,Defender,6.37,0.0,0.0,0.0,0.0,0.0,0.0,0.0,0.33,33.33,0.0,0.0,0.0,0.0,0.0,0.0,0.0,0.0,0.0,0.0,0.0,0.0,0.0,0.0,1.33,0.33,2.33,0.33,0.0,0.0,0.0,0.33,0.0,0.0,0.0,0.0,0.0,0.0,20.67,14.67,6.0,70.97,9.33,5.33,3.0,0.33,33.33,0.33,12.5,3,2,165,0.0,0.0,1.0,0.33,11.33,0.67,4.0,60.0,2.0,50.0,2.0,75.0
512,357584,Premier League,Crystal Palace,Borna Sosa,Midfielder,6.37,0.0,0.01,0.0,0.14,0.0,0.14,0.0,0.0,0.0,0.0,0.0,0.0,0.0,0.0,0.0,0.0,0.0,0.0,0.0,0.0,0.0,0.0,0.0,0.43,0.29,0.57,0.0,0.0,0.0,0.0,0.0,0.0,0.0,0.0,0.0,0.0,0.29,5.86,3.71,2.14,63.41,1.57,2.14,1.71,0.0,0.0,0.29,25.0,7,0,99,0.14,0.0,0.57,0.0,3.71,0.0,0.86,50.0,0.43,37.5,0.43,75.0
513,842513,Premier League,Brighton & Hove Albion,Igor Júlio,Defender,6.37,0.0,0.0,0.0,0.0,0.0,0.0,0.0,0.0,0.0,0.0,0.0,0.0,0.0,0.0,0.0,0.0,0.0,0.0,0.0,0.0,0.0,0.0,0.0,0.0,0.25,2.5,0.5,0.0,0.0,0.0,0.0,0.0,0.0,0.0,0.0,0.0,0.25,5.5,4.0,1.5,72.73,2.75,1.25,0.5,0.0,0.0,0.5,33.33,4,1,122,0.0,0.0,0.25,0.0,2.25,0.0,0.0,0.0,0.0,0.0,0.0,0.0
514,1394099,Premier League,West Ham United,Callum Marshall,Forward,6.35,0.0,0.06,0.5,0.5,0.0,0.5,0.0,0.5,50.0,0.0,0.0,0.0,0.0,0.0,0.0,0.5,0.0,0.0,0.0,0.0,0.0,0.0,0.0,0.0,1.0,0.0,0.0,0.0,0.0,0.0,0.0,0.0,0.0,0.0,0.0,0.0,0.0,2.0,1.0,1.0,50.0,0.5,0.5,0.0,0.0,0.0,0.0,0.0,2,0,58,0.0,0.0,0.0,0.0,4.0,1.0,1.0,25.0,0.5,25.0,0.5,25.0
515,76632,Premier League,Everton,Séamus Coleman,Defender,6.35,0.0,0.0,0.0,0.0,0.0,0.0,0.0,0.0,0.0,0.0,0.0,0.0,0.0,0.0,0.0,0.0,0.0,0.0,0.0,0.0,0.0,0.0,0.0,0.0,0.0,0.5,0.0,0.25,0.25,0.0,0.0,0.0,0.0,0.0,0.0,0.0,0.0,3.0,3.0,0.0,100.0,1.75,1.25,0.5,0.0,0.0,0.25,100.0,4,1,21,0.0,0.0,0.0,0.25,0.25,0.0,0.5,66.67,0.25,50.0,0.25,100.0
516,2007889,Premier League,Bournemouth,Ben Winterburn,Midfielder,6.3,0.0,0.0,0.0,0.0,0.0,0.0,0.0,0.0,0.0,0.0,0.0,0.0,0.0,0.0,0.0,0.0,0.0,0.0,0.0,0.0,0.0,0.0,0.0,0.0,0.0,0.0,0.0,0.0,0.0,0.0,0.0,0.0,0.0,0.0,0.0,0.0,0.0,1.0,0.0,1.0,0.0,0.0,0.0,0.0,0.0,0.0,0.0,0.0,1,0,13,0.0,0.0,0.0,0.0,1.0,0.0,0.0,0.0,0.0,0.0,0.0,0.0
517,870038,Premier League,Wolverhampton,Saša Kalajdžić,Forward,6.3,0.0,0.0,0.0,0.0,0.0,0.0,0.0,0.0,0.0,0.0,0.0,0.0,0.0,0.0,0.0,0.0,0.0,0.0,0.0,0.0,0.0,0.0,0.0,0.0,1.0,0.0,0.0,0.0,0.0,0.0,0.0,0.0,0.0,0.0,0.0,0.0,0.0,5.0,4.0,1.0,80.0,2.0,2.0,1.0,0.0,0.0,0.0,0.0,1,0,14,0.0,0.0,0.0,0.0,4.0,1.0,2.0,40.0,0.0,0.0,2.0,66.67
518,1482340,Premier League,Tottenham Hotspur,Souza,Defender,6.3,0.0,0.0,0.0,0.25,0.25,0.0,0.0,0.0,0.0,0.0,0.0,0.0,0.0,0.0,0.0,0.0,0.0,0.0,0.0,0.0,0.0,0.0,0.0,0.0,0.5,1.0,0.0,0.75,0.0,0.0,0.0,0.0,0.0,0.0,0.0,0.0,0.75,6.75,6.25,0.5,92.59,3.0,3.25,1.5,0.0,0.0,0.0,0.0,4,2,144,0.25,0.0,0.75,0.5,2.0,0.25,0.5,16.67,0.5,18.18,0.0,0.0
519,1201520,Premier League,Bournemouth,Julio Soler,Defender,6.3,0.0,0.0,0.0,0.0,0.0,0.0,0.0,0.0,0.0,0.0,0.0,0.0,0.0,0.0,0.0,0.0,0.0,0.0,0.0,0.0,0.0,0.0,0.0,0.33,0.0,0.0,0.0,0.33,0.0,0.0,0.0,0.0,0.0,0.0,0.0,0.0,0.0,7.67,6.67,1.0,86.96,1.67,5.0,1.33,0.0,0.0,0.0,0.0,3,0,34,0.0,0.0,0.67,0.67,2.0,0.0,1.0,50.0,1.0,50.0,0.0,0.0
520,1414933,Premier League,Chelsea,Marc Guiu,Forward,6.28,0.0,0.16,0.3,1.3,0.2,0.9,0.0,0.1,25.0,0.0,0.0,0.0,0.0,0.0,0.1,0.2,0.0,0.0,0.0,0.0,0.0,0.0,0.0,0.0,0.0,0.4,0.0,0.2,0.0,0.0,0.0,0.0,0.0,0.1,0.1,0.0,0.3,3.2,2.2,1.0,68.75,0.5,1.7,1.0,0.0,0.0,0.0,0.0,10,1,276,0.1,0.0,1.0,0.2,2.3,0.1,0.8,22.22,0.3,15.79,0.5,29.41
521,840103,Premier League,Nottingham Forest,John Victor,Goalkeeper,6.28,0.0,0.0,0.0,0.0,0.0,0.0,0.0,0.0,0.0,0.0,0.0,0.0,0.0,0.0,0.0,0.0,0.0,0.0,0.0,0.0,0.0,0.0,0.0,0.0,0.0,0.8,0.0,0.0,0.2,0.0,0.0,0.0,0.2,0.0,0.0,0.0,0.0,26.0,16.6,9.4,63.85,11.8,4.8,1.4,0.0,0.0,6.0,38.96,5,5,438,0.2,0.0,0.0,0.0,10.0,0.0,0.0,0.0,0.0,0.0,0.0,0.0
522,1005959,Premier League,Brentford,Hákon Rafn Valdimarsson,Goalkeeper,6.2,0.0,0.0,0.0,0.0,0.0,0.0,0.0,0.0,0.0,0.0,0.0,0.0,0.0,0.0,0.0,0.0,0.0,0.0,0.0,0.0,0.0,0.0,0.0,0.0,0.0,0.0,0.0,0.0,0.0,0.0,0.0,0.0,0.0,0.0,0.0,0.0,0.0,41.0,30.0,11.0,73.17,23.0,7.0,0.0,0.0,0.0,12.0,52.17,1,1,90,0.0,0.0,0.0,0.0,11.0,0.0,0.0,0.0,0.0,0.0,0.0,0.0
523,877102,Premier League,West Ham United,Nayef Aguerd,Defender,6.2,0.0,0.05,0.0,1.0,0.0,1.0,0.0,0.5,100.0,0.0,0.0,0.0,0.0,0.0,0.0,0.0,0.0,0.0,0.0,0.0,0.0,0.0,0.0,0.5,0.5,5.5,1.0,0.0,0.0,0.0,0.0,0.0,0.0,0.0,0.0,0.0,0.0,57.5,52.0,5.5,90.43,31.0,21.0,8.5,0.0,0.0,3.0,46.15,2,2,180,0.0,0.0,0.0,0.5,7.0,0.0,3.5,70.0,1.5,100.0,2.0,57.14
524,132645,Premier League,West Ham United,Niclas Füllkrug,Forward,6.19,0.0,0.12,0.12,1.12,0.38,0.5,0.0,0.0,0.0,0.0,0.0,0.0,0.0,0.0,0.0,0.38,0.0,0.0,0.0,0.0,0.0,0.0,0.0,0.25,0.25,0.5,0.12,0.12,0.0,0.0,0.0,0.0,0.0,0.0,0.0,0.0,0.88,11.62,7.12,4.5,61.29,2.38,4.75,2.25,0.0,0.0,0.12,50.0,8,5,408,0.0,0.0,1.38,0.12,6.38,0.75,2.62,30.43,0.38,15.79,2.25,36.0
525,1154657,Premier League,Chelsea,Mamadou Sarr,Defender,6.15,0.0,0.22,0.5,0.5,0.0,0.5,0.0,0.0,0.0,0.0,0.0,0.0,0.0,0.0,0.0,0.0,0.0,0.0,0.0,0.0,0.0,0.0,0.0,0.5,0.5,2.5,0.5,0.0,0.0,0.0,0.0,0.0,0.0,0.0,0.0,0.0,0.0,24.5,22.5,2.0,91.84,21.0,1.5,0.5,0.0,0.0,0.0,0.0,2,1,98,0.0,0.0,0.0,0.0,2.5,0.0,0.5,33.33,0.5,50.0,0.0,0.0
526,150396,Premier League,Newcastle United,Emil Krafth,Defender,5.8,0.0,0.0,0.0,0.0,0.0,0.0,0.0,0.0,0.0,0.0,0.0,0.0,0.0,0.0,0.0,0.0,0.0,0.0,0.0,0.0,0.0,0.0,0.0,0.0,0.0,1.0,0.0,0.0,0.0,0.0,0.0,0.0,0.0,0.0,0.0,0.0,0.0,19.0,14.0,5.0,73.68,7.0,7.0,4.0,0.0,0.0,0.0,0.0,1,1,45,0.0,0.0,1.0,0.0,8.0,1.0,0.0,0.0,0.0,0.0,0.0,0.0
527,980649,Premier League,Brentford,Myles Peart-Harris,Midfielder,0.0,0.0,0.0,0.0,0.0,0.0,0.0,0.0,0.0,0.0,0.0,0.0,0.0,0.0,0.0,0.0,0.0,0.0,0.0,0.0,0.0,0.0,0.0,0.0,0.0,0.0,0.0,0.0,0.0,0.0,0.0,0.0,0.0,0.0,0.0,0.0,0.0,0.0,0.0,0.0,0.0,0.0,0.0,0.0,0.0,0.0,0.0,0.0,0.0,1,0,1,0.0,0.0,1.0,0.0,0.0,0.0,0.0,0.0,0.0,0.0,0.0,0.0
528,1402850,Premier League,Manchester United,Tyler Fletcher,Midfielder,0.0,0.0,0.0,0.0,0.0,0.0,0.0,0.0,0.0,0.0,0.0,0.0,0.0,0.0,0.0,0.0,0.0,0.0,0.0,0.0,0.0,0.0,0.0,0.0,0.0,0.0,0.0,0.0,0.0,0.0,0.0,0.0,0.0,0.0,0.0,0.0,0.0,0.0,7.0,7.0,0.0,100.0,2.0,5.0,1.0,0.0,0.0,0.0,0.0,1,0,1,0.0,0.0,0.0,0.0,0.0,0.0,0.0,0.0,0.0,0.0,0.0,0.0
529,1403130,Premier League,Tottenham Hotspur,James Rowswell,Defender,0.0,0.0,0.0,0.0,0.0,0.0,0.0,0.0,0.0,0.0,0.0,0.0,0.0,0.0,0.0,0.0,0.0,0.0,0.0,0.0,0.0,0.0,0.0,0.0,0.0,0.0,0.0,0.0,0.0,0.0,0.0,0.0,0.0,0.0,0.0,0.0,0.0,0.0,0.0,0.0,0.0,0.0,0.0,0.0,0.0,0.0,0.0,0.0,0.0,1,0,1,0.0,0.0,0.0,0.0,0.0,0.0,0.0,0.0,0.0,0.0,0.0,0.0
530,1565348,Premier League,Brighton & Hove Albion,Joe Knight,Midfielder,0.0,0.0,0.0,0.0,0.0,0.0,0.0,0.0,0.0,0.0,0.0,0.0,0.0,0.0,0.0,0.0,0.0,0.0,0.0,0.0,0.0,0.0,0.0,0.0,0.0,0.0,0.0,0.0,0.0,0.0,0.0,0.0,0.0,0.0,0.0,0.0,0.0,0.0,0.0,0.0,0.0,0.0,0.0,0.0,0.0,0.0,0.0,0.0,0.0,1,0,1,0.0,0.0,0.0,0.0,0.0,0.0,0.0,0.0,0.0,0.0,0.0,0.0
531,1125214,Premier League,Newcastle United,Alex Murphy,Defender,0.0,0.0,0.0,0.0,0.0,0.0,0.0,0.0,0.0,0.0,0.0,0.0,0.0,0.0,0.0,0.0,0.0,0.0,0.0,0.0,0.0,0.0,0.0,0.0,0.0,0.0,1.0,0.0,0.0,0.0,0.0,0.0,0.0,0.0,0.0,0.0,0.0,0.0,1.0,1.0,0.0,100.0,1.0,0.0,0.0,0.0,0.0,0.0,0.0,1,0,1,0.0,0.0,0.0,0.0,0.0,0.0,0.0,0.0,0.0,0.0,0.0,0.0
532,1899611,Premier League,Brighton & Hove Albion,Nehemiah Oriola,Forward,0.0,0.0,0.0,0.0,0.0,0.0,0.0,0.0,0.0,0.0,0.0,0.0,0.0,0.0,0.0,0.0,0.0,0.0,0.0,0.0,0.0,0.0,0.0,0.0,0.0,0.0,0.0,0.0,0.0,0.0,0.0,0.0,0.0,0.0,0.0,0.0,0.0,0.0,0.0,0.0,0.0,0.0,0.0,0.0,0.0,0.0,0.0,0.0,0.0,1,0,1,0.0,0.0,0.0,0.0,0.0,0.0,0.0,0.0,0.0,0.0,0.0,0.0
