#,Player ID,League,Season,Team,Name,Position,Sofascore Rating,Goals,xG,Big chances missed,Total shots,Shots on target,Shots off target,Goal conversion %,Succ. dribbles,Succ. dribbles %,Goals inside box,Goals outside box,Headed goals,Left-footed goals,Right-footed goals,Hit woodwork,Offsides,Penalties won,Penalties taken,Penalty goals,Penalty conversion %,Free kick goals,Shots from set piece,Set piece conv. %,Tackles,Interceptions,Clearances,Blocked shots,Dribbled past,Errors leading to goal,Errors leading to shot,Penalties committed,Own goals,Clean sheets,Big chances created,Assists,Passes to assist,Key passes,Total passes,Accurate passes,Inaccurate passes,Accurate passes %,Passes in own half,Passes in opp. half,Acc. final third passes,Accurate crosses,Accurate crosses %,Accurate long balls,Accurate long balls %,Appearances,Started,Minutes played,Yellow cards,Red cards,Fouls,Was fouled,Possession lost,Dispossessed,Total duels won,Total duels won %,Ground duels won,Ground duels won %,Aerial duels won,Aerial duels won %
1,827606,Premier League,23/24,Manchester City,Rodri,Midfielder,8.01,0.25,0.12,0.06,1.9,0.67,0.74,12.9,1.29,75.0,0.12,0.12,0.0,0.09,0.15,0.0,0.18,0.03,0.0,0.0,0.0,0.0,0.0,0.0,2.14,0.8,1.23,0.25,0.95,0.03,0.09,0.0,0.0,0.34,0.25,0.28,0.03,1.53,111.29,102.9,8.39,92.46,37.89,65.0,31.22,0.0,0.0,7.38,80.6,34,34,2938,0.25,0.03,1.26,1.07,11.06,0.98,6.16,59.12,4.47,55.73,1.68,70.51
2,888971,Premier League,23/24,Burnley,Arijanet Murić,Goalkeeper,8.0,0.0,0.0,0.0,0.0,0.0,0.0,0.0,0.0,0.0,0.0,0.0,0.0,0.0,0.0,0.0,0.0,0.0,0.0,0.0,0.0,0.0,0.0,0.0,0.1,0.0,1.4,0.0,0.0,0.2,0.2,0.0,0.1,0.0,0.1,0.0,0.0,0.4,52.6,35.5,17.1,67.49,28.1,7.4,2.8,0.0,0.0,10.6,39.55,10,10,900,0.0,0.0,0.0,0.3,18.1,0.0,0.7,100.0,0.3,100.0,0.4,100.0
3,70996,Premier League,23/24,Manchester City,Kevin De Bruyne,Midfielder,7.93,0.29,0.18,0.07,3.21,1.24,0.95,9.09,0.73,32.26,0.22,0.07,0.07,0.07,0.15,0.0,0.07,0.0,0.0,0.0,0.0,0.0,0.44,0.0,1.02,0.29,0.29,0.0,0.95,0.0,0.0,0.0,0.0,0.07,1.53,0.73,0.0,4.3,58.59,49.12,9.47,83.83,9.26,42.41,27.62,2.55,25.74,1.6,73.33,18,15,1235,0.15,0.0,0.8,0.95,21.57,1.46,3.13,38.05,2.7,36.27,0.44,54.55
4,859765,Premier League,23/24,Manchester City,Phil Foden,Midfielder,7.79,0.6,0.32,0.22,3.29,1.5,0.5,18.1,1.47,50.54,0.41,0.19,0.03,0.53,0.03,0.03,0.16,0.0,0.0,0.0,0.0,0.06,0.13,50.0,0.97,0.41,0.5,0.0,0.56,0.0,0.03,0.03,0.0,0.25,0.31,0.25,0.0,2.29,52.31,46.61,5.7,89.1,11.4,35.81,21.21,0.6,21.35,1.32,62.69,35,33,2873,0.06,0.0,0.44,1.88,13.06,1.53,4.51,50.17,4.32,52.27,0.19,26.09
5,288205,Premier League,23/24,Manchester United,Bruno Fernandes,Midfielder,7.75,0.29,0.29,0.2,2.74,1.18,0.78,10.53,0.55,47.5,0.23,0.06,0.03,0.06,0.2,0.09,0.38,0.0,0.14,0.12,80.0,0.0,0.32,0.0,1.96,0.78,1.36,0.17,1.67,0.0,0.06,0.0,0.0,0.2,0.61,0.23,0.06,3.35,55.14,43.77,11.37,79.38,13.88,31.39,19.22,1.5,23.32,4.39,57.36,35,35,3119,0.26,0.0,1.18,0.81,20.05,1.01,3.92,43.04,3.32,42.91,0.61,43.75
6,978838,Premier League,23/24,Crystal Palace,Michael Olise,Midfielder,7.74,0.7,0.39,0.21,4.02,1.48,1.06,17.54,2.82,54.79,0.56,0.14,0.07,0.63,0.0,0.0,0.14,0.0,0.07,0.07,100.0,0.0,0.28,0.0,1.34,0.78,0.63,0.0,1.13,0.0,0.0,0.0,0.0,0.07,0.63,0.42,0.0,2.54,42.92,35.66,7.26,83.09,11.42,26.01,15.65,1.76,25.77,1.76,71.43,19,14,1277,0.0,0.0,0.92,3.03,21.07,2.33,7.68,49.77,7.19,51.78,0.49,31.82
7,934235,Premier League,23/24,Arsenal,Bukayo Saka,Forward,7.72,0.49,0.48,0.34,3.31,1.14,0.83,14.81,1.5,47.57,0.46,0.03,0.03,0.34,0.12,0.09,0.25,0.03,0.18,0.18,100.0,0.0,0.0,0.0,2.03,0.46,0.58,0.06,1.01,0.03,0.0,0.0,0.0,0.09,0.46,0.28,0.0,2.79,40.2,33.35,6.84,82.98,6.38,28.35,19.95,1.38,24.86,0.83,42.86,35,35,2933,0.12,0.0,1.26,2.12,16.48,1.63,6.35,49.4,5.62,51.12,0.74,39.34
8,982780,Premier League,23/24,Chelsea,Cole Palmer,Midfielder,7.7,0.75,0.62,0.24,3.74,1.58,1.03,20.18,1.78,53.06,0.65,0.1,0.07,0.58,0.1,0.03,0.21,0.03,0.31,0.31,100.0,0.0,0.38,0.0,0.79,0.69,0.38,0.07,0.38,0.0,0.07,0.0,0.0,0.03,0.58,0.38,0.0,2.47,44.83,37.35,7.48,83.32,10.98,26.92,17.46,0.55,19.75,2.37,65.71,34,29,2624,0.24,0.0,0.82,0.89,15.47,1.51,3.5,44.35,3.46,44.89,0.03,20.0
9,547410,Premier League,23/24,Arsenal,Martin Ødegaard,Midfielder,7.67,0.23,0.21,0.12,2.24,0.67,0.7,10.39,1.07,49.33,0.2,0.03,0.0,0.23,0.0,0.0,0.09,0.03,0.06,0.06,100.0,0.0,0.12,0.0,1.42,0.44,0.15,0.03,1.19,0.0,0.0,0.0,0.0,0.38,0.49,0.29,0.0,2.96,55.2,47.91,7.29,86.79,14.03,34.74,23.56,0.87,38.96,1.31,60.81,35,35,3098,0.06,0.0,0.87,1.05,13.45,1.68,3.63,41.53,3.54,42.21,0.09,25.0
10,356398,Premier League,23/24,Tottenham Hotspur,James Maddison,Midfielder,7.59,0.17,0.27,0.17,2.43,0.96,0.67,6.9,1.34,48.48,0.13,0.04,0.0,0.04,0.13,0.0,0.08,0.0,0.0,0.0,0.0,0.0,0.13,0.0,1.38,0.54,0.33,0.13,0.59,0.0,0.04,0.0,0.0,0.04,0.46,0.38,0.04,2.84,56.29,49.22,7.07,87.44,13.63,36.55,22.83,0.96,17.29,1.8,62.32,28,26,2152,0.21,0.0,0.88,3.09,16.52,1.42,5.94,56.8,5.81,57.68,0.13,33.33
11,864921,Premier League,23/24,Crystal Palace,Eberechi Eze,Midfielder,7.58,0.48,0.4,0.22,3.62,1.48,0.92,13.25,3.01,51.88,0.31,0.17,0.0,0.09,0.39,0.0,0.48,0.04,0.04,0.04,100.0,0.04,0.52,8.33,1.53,0.48,0.17,0.09,0.7,0.0,0.0,0.04,0.0,0.09,0.31,0.17,0.0,2.35,34.47,28.85,5.62,83.69,10.42,19.96,11.55,1.53,32.71,1.18,69.23,27,24,2065,0.13,0.0,1.18,2.09,17.65,2.09,7.15,48.24,6.62,50.0,0.52,33.33
12,159665,Premier League,23/24,Liverpool FC,Mohamed Salah,Midfielder,7.58,0.64,0.75,0.6,4.05,1.99,1.21,15.79,0.96,35.53,0.6,0.04,0.07,0.5,0.07,0.07,0.6,0.04,0.25,0.18,71.43,0.0,0.04,0.0,0.6,0.07,0.04,0.04,0.53,0.0,0.0,0.0,0.0,0.25,0.78,0.36,0.07,2.41,33.2,25.14,8.06,75.72,5.43,20.06,13.42,0.36,24.39,0.85,64.86,32,28,2535,0.07,0.0,0.43,0.92,16.58,2.09,2.7,33.78,2.49,34.15,0.21,30.0
13,48480,Premier League,23/24,Brighton & Hove Albion,Pascal Groß,Midfielder,7.55,0.12,0.18,0.26,1.59,0.58,0.43,7.27,0.46,55.17,0.09,0.03,0.0,0.03,0.09,0.03,0.09,0.0,0.03,0.03,100.0,0.0,0.12,0.0,2.02,0.64,0.78,0.23,1.18,0.03,0.06,0.03,0.0,0.17,0.32,0.29,0.03,3.01,84.6,76.27,8.32,90.16,37.72,41.13,20.75,2.57,37.39,2.83,56.98,36,34,3114,0.2,0.0,0.66,0.78,15.2,0.81,3.67,51.21,3.27,52.07,0.4,45.16
14,111505,Premier League,23/24,Tottenham Hotspur,Son Heung-min,Forward,7.55,0.52,0.37,0.21,2.6,1.22,0.7,20.0,1.19,45.35,0.49,0.03,0.0,0.12,0.4,0.12,0.61,0.03,0.06,0.06,100.0,0.0,0.0,0.0,0.64,0.24,0.12,0.03,0.34,0.0,0.0,0.03,0.03,0.09,0.61,0.31,0.03,2.11,31.31,26.64,4.67,85.07,7.88,18.91,13.59,0.15,13.89,0.34,68.75,35,34,2946,0.03,0.0,0.37,1.19,10.2,1.25,3.18,45.22,3.02,47.37,0.15,23.81
15,331209,Premier League,23/24,Manchester City,Bernardo Silva,Midfielder,7.53,0.21,0.13,0.1,1.19,0.52,0.38,17.65,1.33,64.41,0.17,0.03,0.0,0.17,0.03,0.03,0.1,0.0,0.0,0.0,0.0,0.0,0.0,0.0,1.78,0.59,0.42,0.14,1.12,0.0,0.03,0.0,0.0,0.31,0.45,0.31,0.0,2.23,63.6,56.87,6.73,89.42,17.92,39.54,24.51,0.59,20.48,2.06,63.44,33,29,2581,0.28,0.0,0.77,0.91,12.94,1.19,4.08,49.79,4.01,51.34,0.07,18.18
16,866469,Premier League,23/24,Newcastle United,Bruno Guimarães,Midfielder,7.49,0.19,0.13,0.06,1.32,0.44,0.44,14.58,1.98,63.72,0.17,0.03,0.03,0.03,0.14,0.03,0.0,0.0,0.0,0.0,0.0,0.0,0.0,0.0,2.42,0.96,0.52,0.39,1.02,0.0,0.0,0.0,0.0,0.19,0.33,0.22,0.0,1.71,62.35,52.99,9.36,84.98,24.87,28.45,15.53,0.33,37.5,3.55,59.17,37,37,3268,0.25,0.0,1.38,2.97,15.15,1.93,7.88,56.75,7.38,58.01,0.5,42.86
17,262911,Premier League,23/24,Liverpool FC,Andy Robertson,Defender,7.43,0.16,0.1,0.0,0.64,0.37,0.11,25.0,0.27,29.41,0.16,0.0,0.0,0.11,0.05,0.0,0.16,0.0,0.0,0.0,0.0,0.0,0.0,0.0,1.86,0.69,1.81,0.32,0.9,0.0,0.0,0.0,0.0,0.11,0.53,0.11,0.16,3.46,66.21,58.07,8.14,87.7,27.04,34.01,15.97,2.98,30.43,2.5,48.96,23,18,1691,0.11,0.0,0.48,0.27,17.83,0.32,3.14,51.75,2.4,51.72,0.75,51.85
18,856714,Premier League,23/24,Arsenal,Declan Rice,Midfielder,7.43,0.2,0.09,0.06,1.62,0.56,0.42,12.07,0.59,51.22,0.14,0.06,0.06,0.0,0.14,0.06,0.06,0.0,0.0,0.0,0.0,0.0,0.06,0.0,2.31,1.23,1.42,0.31,0.7,0.0,0.0,0.06,0.0,0.31,0.25,0.22,0.0,1.31,62.05,56.26,5.8,90.66,23.8,33.05,18.2,0.59,35.0,2.17,55.32,38,37,3230,0.14,0.0,0.95,0.36,9.17,0.61,4.35,52.17,3.26,54.67,1.09,45.88
19,934386,Premier League,23/24,Manchester City,Jérémy Doku,Midfielder,7.42,0.17,0.14,0.06,3.1,1.07,0.79,5.45,4.9,57.62,0.17,0.0,0.0,0.0,0.17,0.11,0.28,0.11,0.0,0.0,0.0,0.0,0.0,0.0,2.2,0.51,0.11,0.0,0.62,0.0,0.0,0.0,0.0,0.0,0.28,0.45,0.0,2.53,44.24,38.05,6.19,86.01,6.36,32.36,22.74,0.68,19.67,0.79,100.0,29,18,1599,0.17,0.0,0.84,1.86,18.18,2.08,9.06,55.52,8.95,55.79,0.11,40.0
20,914902,Premier League,23/24,Newcastle United,Anthony Gordon,Forward,7.41,0.34,0.32,0.28,2.51,0.96,0.75,13.58,1.68,48.65,0.31,0.03,0.0,0.03,0.31,0.09,0.25,0.19,0.03,0.03,100.0,0.0,0.03,0.0,1.71,0.22,0.12,0.0,1.3,0.0,0.0,0.0,0.0,0.12,0.5,0.31,0.0,1.77,28.62,23.41,5.22,81.78,6.86,17.48,10.49,0.93,27.03,0.9,56.86,35,34,2899,0.31,0.03,1.18,2.08,13.16,1.24,5.74,48.81,5.46,50.0,0.28,33.33
21,964994,Premier League,23/24,Manchester City,Joško Gvardiol,Defender,7.4,0.15,0.12,0.15,1.24,0.54,0.46,12.5,1.01,65.0,0.15,0.0,0.04,0.0,0.12,0.0,0.08,0.04,0.0,0.0,0.0,0.0,0.0,0.0,2.13,1.04,1.01,0.46,0.66,0.04,0.08,0.0,0.0,0.35,0.08,0.04,0.0,0.7,66.96,59.11,7.85,88.28,23.66,35.61,17.13,0.15,12.12,1.59,63.08,28,26,2328,0.12,0.0,0.77,0.85,11.6,0.54,5.18,60.09,3.98,61.31,1.2,56.36
22,227212,Premier League,23/24,Brentford,Thomas Strakosha,Goalkeeper,7.4,0.0,0.0,0.0,0.0,0.0,0.0,0.0,0.0,0.0,0.0,0.0,0.0,0.0,0.0,0.0,0.0,0.0,0.0,0.0,0.0,0.0,0.0,0.0,0.0,0.0,0.67,0.0,0.0,0.0,0.0,0.0,0.0,0.0,0.0,0.0,0.0,0.0,44.0,31.33,12.67,71.21,28.0,3.33,1.33,0.0,0.0,10.67,45.71,2,1,135,0.0,0.0,0.0,0.67,12.67,0.0,0.67,100.0,0.0,0.0,0.67,100.0
23,151545,Premier League,23/24,Liverpool FC,Virgil van Dijk,Defender,7.38,0.06,0.08,0.08,1.27,0.4,0.59,4.44,0.06,50.0,0.06,0.0,0.03,0.0,0.03,0.06,0.03,0.0,0.0,0.0,0.0,0.0,0.03,0.0,1.13,1.1,4.02,0.96,0.06,0.0,0.0,0.0,0.0,0.25,0.08,0.06,0.0,0.31,81.33,74.4,6.94,91.47,45.79,28.6,7.84,0.0,0.0,4.42,62.4,36,36,3178,0.08,0.03,0.65,0.37,7.36,0.11,5.52,75.58,1.56,63.95,3.96,81.4
24,301288,Premier League,23/24,Brighton & Hove Albion,Solly March,Midfielder,7.37,0.48,0.32,0.16,2.26,0.97,0.32,21.43,1.29,50.0,0.48,0.0,0.16,0.32,0.0,0.0,1.13,0.0,0.0,0.0,0.0,0.0,0.16,0.0,3.06,1.77,1.29,0.0,0.97,0.0,0.0,0.0,0.0,0.0,0.32,0.16,0.0,1.13,35.65,29.03,6.61,81.45,11.29,18.87,11.45,1.13,33.33,0.65,57.14,7,7,558,0.16,0.0,1.94,1.29,13.55,1.61,6.61,50.62,5.65,49.3,0.97,60.0
25,944656,Premier League,23/24,Manchester City,Julián Alvarez,Forward,7.36,0.37,0.44,0.34,3.32,1.35,1.19,11.22,0.68,47.62,0.34,0.03,0.03,0.07,0.27,0.07,0.07,0.07,0.07,0.07,100.0,0.03,0.44,7.69,0.81,0.07,0.44,0.0,0.81,0.0,0.03,0.0,0.0,0.14,0.24,0.3,0.0,2.27,37.6,33.06,4.54,87.93,8.16,25.84,16.9,0.95,20.44,0.81,70.59,36,31,2657,0.07,0.0,0.78,0.44,12.33,1.22,2.07,32.11,1.9,34.78,0.17,17.24
26,839956,Premier League,23/24,Manchester City,Erling Haaland,Forward,7.36,0.95,1.03,1.2,4.26,2.08,1.37,22.31,0.42,42.86,0.88,0.07,0.14,0.7,0.07,0.07,0.21,0.07,0.28,0.25,87.5,0.0,0.04,0.0,0.21,0.07,0.56,0.04,0.04,0.0,0.0,0.0,0.0,0.21,0.21,0.18,0.0,1.02,13.42,10.39,3.03,77.43,2.99,7.39,4.96,0.0,0.0,0.11,60.0,31,29,2556,0.04,0.0,0.63,1.09,5.99,0.67,3.1,47.83,1.73,48.04,1.37,47.56
27,96531,Premier League,23/24,West Ham United,Alphonse Aréola,Goalkeeper,7.36,0.0,0.0,0.0,0.0,0.0,0.0,0.0,0.03,100.0,0.0,0.0,0.0,0.0,0.0,0.0,0.0,0.0,0.0,0.0,0.0,0.0,0.0,0.0,0.03,0.03,0.9,0.0,0.07,0.0,0.0,0.07,0.03,0.13,0.0,0.0,0.0,0.0,23.94,14.21,9.74,59.33,10.77,3.43,0.6,0.0,0.0,6.14,38.98,31,31,2699,0.03,0.0,0.07,0.1,10.17,0.0,0.5,75.0,0.1,50.0,0.4,85.71
28,913654,Premier League,23/24,Tottenham Hotspur,Pedro Porro,Defender,7.34,0.09,0.09,0.06,1.54,0.35,0.76,5.66,0.76,52.0,0.09,0.0,0.0,0.0,0.09,0.06,0.03,0.0,0.0,0.0,0.0,0.0,0.12,0.0,2.65,0.99,2.33,0.52,1.69,0.03,0.06,0.03,0.0,0.15,0.38,0.2,0.0,1.48,54.29,43.22,11.06,79.62,18.95,25.35,13.88,1.08,18.69,2.24,43.26,35,35,3092,0.09,0.0,1.08,0.79,18.77,0.44,4.63,51.96,4.13,51.64,0.49,54.84
29,145188,Premier League,23/24,Everton,James Tarkowski,Defender,7.32,0.03,0.07,0.11,0.66,0.13,0.39,4.0,0.42,80.0,0.03,0.0,0.03,0.0,0.0,0.03,0.03,0.0,0.0,0.0,0.0,0.0,0.0,0.0,1.61,1.47,4.9,1.47,0.55,0.03,0.03,0.03,0.0,0.34,0.13,0.03,0.03,0.61,40.14,31.22,8.92,77.77,19.61,11.69,4.92,0.08,50.0,4.19,53.36,38,38,3419,0.29,0.0,1.18,0.66,10.29,0.42,6.37,62.21,2.55,53.3,3.82,70.05
30,1008402,Premier League,23/24,Liverpool FC,Conor Bradley,Defender,7.32,0.12,0.11,0.0,1.42,0.47,0.47,8.33,1.54,48.15,0.12,0.0,0.0,0.0,0.12,0.0,0.24,0.0,0.0,0.0,0.0,0.0,0.0,0.0,3.9,1.18,1.54,0.12,1.66,0.0,0.0,0.0,0.12,0.0,0.24,0.35,0.0,1.77,51.68,41.51,10.17,80.32,15.49,26.49,14.31,0.47,22.22,1.77,50.0,11,10,761,0.24,0.0,0.95,1.42,18.33,1.18,8.16,57.5,6.86,55.77,1.3,68.75
31,555386,Premier League,23/24,Aston Villa,Ollie Watkins,Forward,7.32,0.53,0.47,0.61,2.99,1.31,1.09,17.76,0.73,45.61,0.53,0.0,0.14,0.11,0.28,0.14,0.45,0.06,0.0,0.0,0.0,0.0,0.0,0.0,0.34,0.11,0.53,0.11,0.17,0.0,0.0,0.0,0.0,0.11,0.31,0.36,0.0,1.26,16.49,12.66,3.83,76.78,3.66,9.05,5.92,0.06,15.38,0.08,27.27,37,37,3221,0.11,0.0,0.61,1.15,9.05,1.59,3.58,39.75,2.18,41.05,1.4,37.88
32,904970,Premier League,23/24,Chelsea,Conor Gallagher,Midfielder,7.31,0.14,0.12,0.14,1.38,0.52,0.52,10.42,1.09,67.86,0.09,0.06,0.0,0.03,0.11,0.09,0.03,0.0,0.0,0.0,0.0,0.0,0.0,0.0,2.44,1.23,0.86,0.32,1.26,0.0,0.0,0.0,0.0,0.23,0.32,0.2,0.0,1.52,55.41,50.7,4.71,91.5,22.13,29.08,15.67,0.52,28.13,1.55,66.67,37,37,3135,0.2,0.03,2.38,1.84,9.96,1.12,6.09,50.24,5.37,50.68,0.72,47.17
33,69256,Premier League,23/24,Newcastle United,Kieran Trippier,Defender,7.31,0.04,0.03,0.0,0.32,0.08,0.16,12.5,0.64,72.73,0.04,0.0,0.0,0.04,0.0,0.08,0.12,0.0,0.0,0.0,0.0,0.0,0.16,0.0,2.29,0.96,1.89,0.32,1.61,0.08,0.04,0.0,0.0,0.16,0.52,0.4,0.0,2.61,68.87,54.88,13.98,79.7,29.09,28.57,14.02,2.77,32.55,3.17,44.63,28,26,2240,0.2,0.0,1.08,0.84,21.78,0.36,5.02,55.8,3.78,53.41,1.25,64.58
34,795064,Premier League,23/24,Liverpool FC,Trent Alexander-Arnold,Defender,7.31,0.13,0.11,0.08,1.96,0.33,1.04,6.38,1.17,57.14,0.08,0.04,0.0,0.0,0.13,0.13,0.08,0.0,0.0,0.0,0.0,0.04,0.21,20.0,1.63,1.29,1.75,0.08,2.5,0.08,0.13,0.0,0.0,0.17,0.71,0.17,0.0,2.67,70.24,55.9,14.34,79.58,24.26,33.93,15.92,2.29,32.74,6.13,44.41,28,25,2159,0.25,0.0,0.38,0.38,23.64,0.25,3.5,45.16,3.17,44.19,0.33,57.14
35,161717,Premier League,23/24,West Ham United,James Ward-Prowse,Midfielder,7.29,0.21,0.18,0.03,1.31,0.54,0.39,15.91,0.33,61.11,0.18,0.03,0.03,0.03,0.15,0.03,0.0,0.0,0.06,0.06,100.0,0.0,0.48,0.0,1.34,1.13,1.31,0.27,0.78,0.0,0.0,0.0,0.0,0.15,0.36,0.21,0.0,1.91,43.88,39.32,4.56,89.61,18.69,22.54,10.7,1.91,33.86,1.49,63.29,37,34,3019,0.12,0.0,0.72,0.6,9.51,0.33,3.04,50.5,2.27,53.15,0.78,44.07
36,927083,Premier League,23/24,Brentford,Bryan Mbeumo,Forward,7.27,0.41,0.45,0.41,2.43,0.92,1.01,16.98,1.19,38.24,0.37,0.05,0.0,0.37,0.05,0.14,0.14,0.0,0.14,0.14,100.0,0.0,0.18,0.0,0.69,0.32,0.55,0.09,0.64,0.0,0.0,0.0,0.0,0.18,0.28,0.28,0.0,1.47,29.86,21.59,8.27,72.31,6.25,16.68,11.53,1.33,31.52,0.78,50.0,25,22,1959,0.09,0.0,1.01,1.93,18.7,1.79,4.87,39.85,3.81,41.92,1.06,33.82
37,867887,Premier League,23/24,Aston Villa,Douglas Luiz,Midfielder,7.27,0.27,0.21,0.09,1.44,0.51,0.33,18.75,0.72,60.0,0.21,0.06,0.03,0.0,0.24,0.03,0.0,0.0,0.12,0.12,100.0,0.0,0.15,0.0,1.74,0.69,0.51,0.24,0.84,0.03,0.03,0.0,0.0,0.15,0.3,0.15,0.0,1.59,59.17,52.87,6.3,89.36,26.9,26.9,12.51,0.93,26.96,2.97,66.0,35,35,3001,0.36,0.0,1.53,1.23,11.49,0.93,4.44,51.21,3.69,50.2,0.75,56.82
38,846036,Premier League,23/24,Arsenal,Ben White,Defender,7.26,0.12,0.03,0.0,0.39,0.24,0.12,30.77,0.27,42.86,0.12,0.0,0.03,0.06,0.03,0.0,0.33,0.0,0.0,0.0,0.0,0.0,0.0,0.0,1.44,0.96,2.01,0.66,0.96,0.0,0.03,0.0,0.0,0.39,0.21,0.12,0.0,1.17,57.43,49.79,7.63,86.71,21.79,28.4,15.36,0.39,22.81,1.53,41.13,37,35,2995,0.24,0.0,0.57,0.36,11.96,0.27,3.16,53.3,2.07,49.64,1.08,62.07
39,862223,Premier League,23/24,Tottenham Hotspur,Manor Solomon,Midfielder,7.26,0.0,0.18,0.0,3.03,0.43,1.3,0.0,4.33,58.82,0.0,0.0,0.0,0.0,0.0,0.0,0.43,0.0,0.0,0.0,0.0,0.0,0.0,0.0,1.3,1.3,0.43,0.0,0.43,0.0,0.0,0.0,0.0,0.0,0.43,0.87,0.0,5.19,36.78,33.32,3.46,90.59,7.36,26.39,21.63,0.43,20.0,0.87,100.0,5,2,208,0.43,0.0,0.87,0.43,11.25,0.87,6.06,51.85,6.06,53.85,0.0,0.0
40,886363,Premier League,23/24,Wolverhampton,Matheus Cunha,Forward,7.26,0.44,0.35,0.22,2.68,1.39,0.73,16.44,2.35,51.2,0.44,0.0,0.07,0.04,0.33,0.11,0.15,0.04,0.04,0.04,100.0,0.0,0.0,0.0,1.1,0.48,0.73,0.26,0.81,0.0,0.04,0.0,0.0,0.04,0.26,0.26,0.0,1.03,28.84,23.52,5.32,81.55,9.43,14.16,8.07,0.07,8.33,0.66,56.25,32,29,2453,0.33,0.0,1.14,1.83,13.83,1.94,5.87,42.9,5.28,46.45,0.59,25.4
41,606164,Premier League,23/24,Liverpool FC,Diogo Jota,Forward,7.26,0.78,0.41,0.23,3.19,1.56,0.78,24.39,1.17,41.67,0.7,0.08,0.08,0.31,0.39,0.0,0.23,0.16,0.0,0.0,0.0,0.0,0.0,0.0,1.79,0.54,0.31,0.08,1.01,0.0,0.0,0.0,0.0,0.08,0.31,0.23,0.0,1.71,29.9,22.27,7.63,74.48,5.61,16.66,9.73,0.0,0.0,0.7,69.23,21,14,1156,0.08,0.08,2.1,1.63,14.95,1.4,5.92,39.79,4.52,43.28,1.4,31.58
42,865912,Premier League,23/24,Nottingham Forest,Morgan Gibbs-White,Midfielder,7.26,0.14,0.2,0.14,2.02,0.43,0.88,7.04,1.25,44.44,0.11,0.03,0.03,0.0,0.11,0.06,0.17,0.0,0.03,0.03,100.0,0.0,0.11,0.0,1.03,0.48,0.51,0.23,0.54,0.0,0.0,0.0,0.0,0.09,0.46,0.28,0.03,2.14,36.57,28.11,8.46,76.87,8.89,20.76,11.56,1.54,29.67,2.08,56.59,37,35,3160,0.26,0.0,1.05,1.62,17.63,1.25,5.61,47.02,3.87,47.22,1.74,46.56
43,829932,Premier League,23/24,Tottenham Hotspur,Cristian Romero,Defender,7.25,0.16,0.11,0.19,0.77,0.32,0.32,20.83,0.16,83.33,0.1,0.06,0.1,0.0,0.06,0.06,0.03,0.0,0.0,0.0,0.0,0.0,0.0,0.0,2.13,1.42,3.22,0.71,0.39,0.0,0.03,0.06,0.03,0.23,0.03,0.0,0.0,0.23,83.36,76.59,6.77,91.88,46.81,29.79,10.15,0.0,0.0,1.93,55.56,33,33,2792,0.23,0.03,1.0,0.77,7.51,0.13,5.87,67.91,2.97,66.19,2.9,69.77
44,383560,Premier League,23/24,Manchester City,Manuel Akanji,Defender,7.24,0.07,0.07,0.07,0.54,0.18,0.21,13.33,0.07,50.0,0.07,0.0,0.04,0.0,0.0,0.0,0.0,0.0,0.0,0.0,0.0,0.0,0.0,0.0,1.5,0.82,2.18,0.43,0.61,0.0,0.11,0.0,0.0,0.39,0.0,0.0,0.0,0.47,82.2,77.08,5.12,93.77,38.99,38.16,17.22,0.07,22.22,2.9,68.07,30,28,2514,0.07,0.04,0.61,0.68,6.44,0.32,3.22,55.56,2.22,59.62,1.0,48.28
45,935543,Premier League,23/24,Everton,Dwight McNeil,Midfielder,7.24,0.09,0.11,0.09,1.77,0.47,0.68,5.26,0.93,49.18,0.06,0.03,0.0,0.09,0.0,0.09,0.12,0.0,0.0,0.0,0.0,0.0,0.0,0.0,1.37,0.68,0.84,0.22,0.96,0.0,0.0,0.0,0.0,0.34,0.53,0.19,0.03,2.17,31.1,24.36,6.74,78.32,8.54,17.83,8.98,2.02,28.38,1.43,46.46,35,33,2897,0.06,0.0,0.56,1.03,17.18,1.86,3.82,43.46,3.32,43.32,0.5,44.44
46,189061,Premier League,23/24,Manchester City,Jack Grealish,Midfielder,7.24,0.26,0.18,0.0,1.94,0.44,0.44,13.64,1.59,62.07,0.26,0.0,0.0,0.09,0.18,0.0,0.18,0.0,0.0,0.0,0.0,0.0,0.0,0.0,1.14,0.53,0.35,0.18,0.53,0.0,0.0,0.0,0.0,0.09,0.26,0.09,0.09,2.38,48.61,42.62,5.99,87.68,8.28,34.7,24.04,0.35,25.0,1.06,75.0,20,10,1022,0.62,0.0,0.53,3.61,11.71,1.94,6.6,60.98,6.25,61.74,0.35,50.0
47,895324,Premier League,23/24,Liverpool FC,Alexis Mac Allister,Midfielder,7.24,0.17,0.13,0.07,1.52,0.31,0.55,11.36,0.62,60.0,0.1,0.07,0.03,0.0,0.14,0.03,0.0,0.0,0.03,0.03,100.0,0.0,0.07,0.0,3.42,1.21,0.86,0.28,2.28,0.03,0.0,0.0,0.0,0.14,0.1,0.17,0.0,1.62,66.47,58.37,8.11,87.8,23.04,35.67,15.7,0.34,31.25,2.1,57.55,33,31,2609,0.24,0.03,1.83,1.62,11.83,1.21,6.73,50.26,5.66,50.0,1.07,51.67
48,869792,Premier League,23/24,Arsenal,Gabriel Magalhães,Defender,7.23,0.12,0.12,0.06,0.91,0.32,0.41,12.9,0.06,50.0,0.12,0.0,0.12,0.0,0.0,0.0,0.03,0.0,0.0,0.0,0.0,0.0,0.0,0.0,1.42,0.91,2.86,0.97,0.15,0.0,0.03,0.0,0.03,0.44,0.06,0.0,0.0,0.09,63.2,56.31,6.9,89.09,34.76,21.58,8.37,0.03,25.0,2.03,40.35,36,34,3053,0.12,0.0,1.03,1.0,7.69,0.09,4.75,60.3,2.42,66.13,2.33,55.24
49,836705,Premier League,23/24,Arsenal,Kai Havertz,Forward,7.23,0.44,0.42,0.44,2.35,0.95,0.78,18.84,0.55,45.71,0.44,0.0,0.1,0.24,0.1,0.03,0.51,0.03,0.03,0.03,100.0,0.0,0.0,0.0,1.19,0.68,0.75,0.03,0.85,0.0,0.0,0.0,0.0,0.27,0.27,0.24,0.0,1.57,31.78,25.78,6.0,81.12,7.88,17.97,11.32,0.07,16.67,0.27,47.06,37,30,2639,0.38,0.0,1.67,1.5,10.3,1.19,6.72,47.24,3.14,44.44,3.58,50.0
50,839981,Premier League,23/24,West Ham United,Lucas Paquetá,Midfielder,7.21,0.14,0.18,0.1,1.44,0.38,0.89,9.52,1.4,58.57,0.1,0.03,0.0,0.14,0.0,0.07,0.17,0.0,0.07,0.07,100.0,0.0,0.03,0.0,2.43,0.72,0.85,0.03,0.92,0.0,0.07,0.0,0.0,0.03,0.41,0.21,0.03,1.5,48.21,36.25,11.96,75.19,14.15,22.45,12.61,0.34,28.57,2.39,53.03,31,31,2634,0.34,0.0,1.61,2.26,19.54,2.77,8.1,49.79,6.01,49.58,2.08,50.41
51,975079,Premier League,23/24,Brighton & Hove Albion,João Pedro,Forward,7.21,0.4,0.52,0.4,3.3,1.15,0.84,12.0,1.89,48.86,0.4,0.0,0.13,0.0,0.26,0.04,0.48,0.09,0.22,0.18,80.0,0.0,0.0,0.0,1.37,0.48,1.1,0.09,0.44,0.0,0.0,0.0,0.0,0.18,0.4,0.13,0.0,1.67,34.1,28.19,5.9,82.69,8.24,20.4,13.48,0.44,34.48,0.62,58.33,31,19,2043,0.09,0.0,0.84,2.64,15.73,2.78,7.71,52.4,5.9,49.63,1.81,64.06
52,372336,Premier League,23/24,Newcastle United,Jacob Murphy,Forward,7.21,0.23,0.16,0.23,2.25,0.75,0.82,10.0,0.98,50.0,0.23,0.0,0.0,0.0,0.23,0.0,0.08,0.0,0.0,0.0,0.0,0.0,0.0,0.0,1.5,0.45,0.98,0.0,1.05,0.0,0.0,0.0,0.0,0.08,0.75,0.53,0.0,2.33,31.57,23.25,8.32,73.63,7.35,17.18,11.32,1.27,22.08,0.53,25.0,21,14,1200,0.08,0.0,0.53,1.12,16.72,1.05,3.9,47.27,3.6,50.0,0.3,28.57
53,787498,Premier League,23/24,Manchester United,André Onana,Goalkeeper,7.21,0.0,0.0,0.0,0.0,0.0,0.0,0.0,0.03,100.0,0.0,0.0,0.0,0.0,0.0,0.0,0.0,0.0,0.0,0.0,0.0,0.0,0.0,0.0,0.05,0.0,0.63,0.0,0.0,0.03,0.03,0.03,0.0,0.24,0.0,0.0,0.0,0.08,36.13,25.42,10.71,70.36,22.26,3.16,1.11,0.0,0.0,5.42,34.45,38,38,3420,0.13,0.0,0.03,0.11,10.97,0.0,0.55,87.5,0.18,100.0,0.37,82.35
54,138530,Premier League,23/24,Everton,Jordan Pickford,Goalkeeper,7.21,0.0,0.0,0.0,0.0,0.0,0.0,0.0,0.03,100.0,0.0,0.0,0.0,0.0,0.0,0.0,0.0,0.0,0.0,0.0,0.0,0.0,0.0,0.0,0.03,0.0,0.89,0.0,0.0,0.03,0.0,0.03,0.03,0.34,0.0,0.0,0.0,0.11,37.61,22.34,15.26,59.41,14.05,8.29,4.61,0.0,0.0,10.53,41.32,38,38,3420,0.13,0.0,0.03,0.16,15.53,0.0,0.24,90.0,0.21,88.89,0.03,100.0
55,318941,Premier League,23/24,Manchester City,Rúben Dias,Defender,7.21,0.0,0.05,0.11,0.7,0.28,0.21,0.0,0.0,0.0,0.0,0.0,0.0,0.0,0.0,0.04,0.0,0.0,0.0,0.0,0.0,0.0,0.0,0.0,1.37,1.06,2.64,0.6,0.25,0.0,0.0,0.04,0.04,0.32,0.04,0.0,0.0,0.25,91.8,86.37,5.42,94.1,46.11,40.41,14.08,0.14,30.77,2.96,60.43,30,28,2557,0.0,0.0,0.81,0.53,6.48,0.25,3.55,56.11,1.9,60.0,1.65,52.22
56,879349,Premier League,23/24,Wolverhampton,Pedro Neto,Midfielder,7.2,0.12,0.21,0.12,2.13,0.71,0.95,5.56,2.19,46.84,0.12,0.0,0.0,0.12,0.0,0.18,0.12,0.06,0.0,0.0,0.0,0.0,0.18,0.0,0.42,0.3,0.12,0.06,0.59,0.0,0.0,0.0,0.0,0.12,0.42,0.53,0.0,2.25,34.92,29.11,5.81,83.36,9.96,21.11,11.74,1.96,28.7,1.01,58.62,20,18,1518,0.24,0.0,0.89,1.25,17.85,1.19,4.09,39.66,3.85,42.76,0.24,18.18
57,42209,Premier League,23/24,Newcastle United,Martin Dúbravka,Goalkeeper,7.2,0.0,0.0,0.0,0.0,0.0,0.0,0.0,0.0,0.0,0.0,0.0,0.0,0.0,0.0,0.0,0.0,0.0,0.0,0.0,0.0,0.0,0.0,0.0,0.0,0.0,0.72,0.0,0.18,0.05,0.0,0.09,0.0,0.18,0.0,0.0,0.0,0.05,22.84,17.11,5.73,74.9,15.62,1.49,0.18,0.0,0.0,3.2,36.41,23,22,1994,0.05,0.0,0.09,0.23,6.09,0.0,0.41,60.0,0.23,45.45,0.18,100.0
58,974505,Premier League,23/24,Chelsea,Enzo Fernández,Midfielder,7.2,0.12,0.25,0.24,1.91,0.65,0.77,6.38,0.93,57.5,0.12,0.0,0.04,0.0,0.08,0.12,0.16,0.04,0.08,0.04,50.0,0.0,0.08,0.0,2.03,0.69,1.06,0.53,1.54,0.0,0.0,0.04,0.0,0.08,0.2,0.08,0.0,1.3,72.97,63.41,9.55,86.91,30.41,33.37,16.54,0.37,20.0,5.24,68.62,28,26,2214,0.28,0.0,1.34,1.26,14.8,0.98,5.08,48.08,4.23,48.15,0.85,47.73
59,883537,Premier League,23/24,Liverpool FC,Luis Díaz,Midfielder,7.19,0.27,0.4,0.44,3.18,1.08,1.11,8.51,2.26,54.03,0.27,0.0,0.03,0.07,0.14,0.1,0.68,0.03,0.0,0.0,0.0,0.0,0.0,0.0,1.18,0.1,0.24,0.0,0.78,0.0,0.0,0.0,0.0,0.03,0.17,0.17,0.03,2.2,34.43,29.36,5.07,85.28,6.32,23.24,15.47,0.2,23.08,1.49,78.57,37,32,2664,0.1,0.0,1.82,1.42,12.8,2.43,5.74,40.19,4.83,41.33,0.91,35.06
60,856720,Premier League,23/24,Bournemouth,Mark Travers,Goalkeeper,7.18,0.0,0.0,0.0,0.0,0.0,0.0,0.0,0.0,0.0,0.0,0.0,0.0,0.0,0.0,0.0,0.0,0.0,0.0,0.0,0.0,0.0,0.0,0.0,0.0,0.0,1.0,0.0,0.0,0.0,0.0,0.25,0.0,0.5,0.0,0.0,0.0,0.0,26.25,13.5,12.75,51.43,8.25,5.25,1.75,0.0,0.0,5.75,31.08,4,4,360,0.0,0.0,0.25,0.25,12.75,0.0,0.75,75.0,0.25,50.0,0.5,100.0
61,287643,Premier League,23/24,Arsenal,Oleksandr Zinchenko,Defender,7.18,0.05,0.03,0.0,0.88,0.16,0.21,5.88,0.36,58.33,0.05,0.0,0.0,0.05,0.0,0.0,0.05,0.0,0.0,0.0,0.0,0.0,0.0,0.0,2.6,1.04,1.14,0.16,0.88,0.05,0.05,0.0,0.0,0.16,0.26,0.1,0.05,1.56,73.4,65.6,7.8,89.37,24.92,40.94,22.94,0.26,16.67,2.76,63.1,27,20,1730,0.1,0.0,0.36,0.47,11.81,0.78,4.84,60.78,3.43,60.0,1.4,62.79
62,823941,Premier League,23/24,Newcastle United,Alexander Isak,Forward,7.17,0.83,0.81,0.83,3.1,1.71,0.83,26.92,1.67,60.0,0.79,0.04,0.04,0.04,0.75,0.08,0.68,0.04,0.24,0.2,83.33,0.0,0.04,0.0,0.2,0.24,0.48,0.04,0.24,0.0,0.0,0.0,0.0,0.12,0.2,0.08,0.0,1.07,18.83,15.06,3.77,79.96,4.73,10.33,7.07,0.0,0.0,0.4,66.67,30,27,2265,0.04,0.0,0.56,0.6,8.34,0.91,2.86,39.78,2.46,47.33,0.4,20.0
63,794839,Premier League,23/24,Arsenal,Gabriel Jesus,Forward,7.17,0.24,0.38,0.42,3.3,1.14,1.2,7.27,2.1,53.85,0.24,0.0,0.12,0.06,0.06,0.12,0.96,0.06,0.0,0.0,0.0,0.0,0.0,0.0,1.44,0.78,0.66,0.06,0.78,0.0,0.0,0.0,0.0,0.12,0.36,0.3,0.0,1.74,29.42,23.84,5.58,81.02,7.14,16.75,12.31,0.06,11.11,0.42,87.5,27,17,1499,0.36,0.0,1.56,1.92,14.59,2.28,6.36,42.74,5.46,46.67,0.9,28.3
64,122951,Premier League,23/24,Manchester United,Casemiro,Midfielder,7.17,0.05,0.16,0.18,1.77,0.41,0.86,2.56,0.41,52.94,0.05,0.0,0.0,0.0,0.05,0.0,0.27,0.0,0.0,0.0,0.0,0.0,0.05,0.0,3.76,0.82,2.99,1.5,2.49,0.05,0.0,0.05,0.0,0.23,0.09,0.09,0.0,0.73,63.75,52.69,11.06,82.65,30.06,22.76,10.38,0.14,23.08,3.58,50.64,25,24,1985,0.32,0.0,1.36,0.45,13.6,0.77,6.53,52.17,4.62,48.34,1.9,64.62
65,98435,Premier League,23/24,Luton Town,Ross Barkley,Midfielder,7.17,0.17,0.14,0.03,2.27,0.65,0.96,7.58,2.27,66.0,0.17,0.0,0.03,0.07,0.07,0.1,0.0,0.0,0.0,0.0,0.0,0.0,0.21,0.0,1.61,0.86,1.65,0.31,1.27,0.0,0.07,0.0,0.0,0.03,0.21,0.14,0.07,1.58,48.36,40.88,7.48,84.53,18.54,22.83,11.91,0.48,31.11,3.02,60.27,32,30,2622,0.21,0.0,0.86,1.37,12.87,1.92,6.69,51.18,5.18,49.83,1.51,56.41
66,936849,Premier League,23/24,Brighton & Hove Albion,Kaoru Mitoma,Midfielder,7.17,0.18,0.2,0.36,2.06,0.91,0.67,8.82,2.36,46.99,0.18,0.0,0.06,0.0,0.12,0.0,0.42,0.0,0.0,0.0,0.0,0.0,0.0,0.0,0.79,0.3,0.67,0.06,0.85,0.0,0.0,0.0,0.0,0.0,0.36,0.24,0.0,1.51,36.11,30.12,5.99,83.42,7.2,23.23,16.27,0.3,11.36,0.3,45.45,19,15,1488,0.24,0.0,0.85,1.39,14.82,0.91,5.2,46.99,4.54,46.58,0.67,50.0
67,115365,Premier League,23/24,Brighton & Hove Albion,Lewis Dunk,Defender,7.16,0.09,0.1,0.03,1.03,0.38,0.34,9.09,0.16,71.43,0.09,0.0,0.06,0.0,0.03,0.03,0.03,0.0,0.0,0.0,0.0,0.0,0.13,0.0,0.85,0.97,2.76,1.16,0.72,0.03,0.0,0.03,0.0,0.16,0.03,0.03,0.0,0.41,100.65,93.1,7.55,92.5,66.15,26.98,9.18,0.03,14.29,4.67,55.19,33,33,2872,0.22,0.03,0.72,0.38,8.43,0.06,3.17,55.49,1.38,47.83,1.79,63.33
68,870360,Premier League,23/24,Crystal Palace,Daniel Muñoz,Midfielder,7.16,0.0,0.08,0.13,0.5,0.0,0.31,0.0,0.81,52.0,0.0,0.0,0.0,0.0,0.0,0.0,0.5,0.0,0.0,0.0,0.0,0.0,0.0,0.0,3.44,1.5,2.13,0.44,1.19,0.0,0.0,0.0,0.0,0.25,0.31,0.25,0.0,1.31,35.4,28.02,7.38,79.15,11.13,16.95,9.51,0.06,9.09,0.63,38.46,16,16,1439,0.25,0.0,1.88,0.5,12.51,0.44,6.38,51.78,4.75,53.15,1.63,48.15
69,869856,Premier League,23/24,Liverpool FC,Dominik Szoboszlai,Midfielder,7.15,0.13,0.16,0.08,2.54,0.64,0.93,5.0,1.02,47.06,0.08,0.04,0.04,0.04,0.04,0.0,0.13,0.08,0.0,0.0,0.0,0.0,0.3,0.0,1.36,0.64,0.55,0.08,1.44,0.0,0.04,0.0,0.0,0.17,0.3,0.08,0.0,2.37,59.31,51.76,7.55,87.28,20.86,32.09,18.14,1.19,24.78,2.29,68.35,33,25,2123,0.04,0.0,1.23,1.23,15.05,1.14,4.11,41.45,3.52,41.5,0.59,41.18
70,44614,Premier League,23/24,Manchester City,Kyle Walker,Defender,7.15,0.0,0.01,0.0,0.52,0.1,0.2,0.0,0.68,65.63,0.0,0.0,0.0,0.0,0.0,0.0,0.23,0.0,0.0,0.0,0.0,0.0,0.03,0.0,1.24,0.88,1.14,0.2,0.65,0.0,0.03,0.0,0.0,0.2,0.23,0.13,0.0,0.81,69.48,62.78,6.7,90.36,26.15,37.24,18.83,0.62,32.2,2.54,56.52,32,30,2767,0.07,0.0,0.75,0.59,10.6,0.42,3.32,55.74,2.47,53.52,0.85,63.41
71,364612,Premier League,23/24,Fulham,João Palhinha,Midfielder,7.14,0.13,0.11,0.13,1.5,0.47,0.63,8.89,0.37,55.0,0.1,0.03,0.07,0.0,0.07,0.03,0.07,0.0,0.0,0.0,0.0,0.0,0.03,0.0,5.05,1.53,1.79,0.3,1.63,0.0,0.0,0.03,0.0,0.17,0.03,0.03,0.0,0.43,43.89,36.45,7.44,83.04,20.0,16.48,6.51,0.03,20.0,2.66,55.56,33,31,2709,0.43,0.0,1.73,1.86,9.97,0.86,8.6,60.94,7.24,61.76,1.36,56.94
72,552884,Premier League,23/24,West Ham United,Jarrod Bowen,Midfielder,7.14,0.48,0.35,0.39,2.5,1.1,0.8,19.05,1.01,38.2,0.42,0.06,0.15,0.24,0.09,0.15,0.6,0.0,0.0,0.0,0.0,0.0,0.0,0.0,1.25,0.57,0.36,0.15,0.66,0.0,0.0,0.0,0.0,0.09,0.36,0.18,0.0,0.95,18.54,13.92,4.62,75.08,4.95,9.39,5.72,0.42,18.67,0.39,48.15,34,34,3020,0.06,0.0,0.83,1.25,12.46,1.73,4.5,39.53,3.52,42.29,0.98,32.04
73,987650,Premier League,23/24,Chelsea,Moisés Caicedo,Midfielder,7.13,0.03,0.01,0.0,0.41,0.13,0.13,7.69,0.81,52.0,0.0,0.03,0.0,0.0,0.03,0.0,0.0,0.0,0.0,0.0,0.0,0.0,0.0,0.0,2.85,1.16,1.03,0.78,0.75,0.03,0.09,0.03,0.0,0.19,0.13,0.09,0.0,0.72,65.71,59.67,6.05,90.8,31.31,28.36,12.57,0.0,0.0,2.76,72.13,35,33,2872,0.34,0.0,1.57,1.54,9.28,0.75,6.14,56.16,5.17,57.69,0.97,49.21
74,31417,Premier League,23/24,Fulham,Willian,Midfielder,7.13,0.18,0.23,0.13,1.97,0.79,0.44,8.89,1.27,53.7,0.18,0.0,0.0,0.0,0.18,0.0,0.04,0.0,0.09,0.09,100.0,0.0,0.09,0.0,0.79,0.39,0.44,0.0,0.79,0.0,0.04,0.0,0.0,0.13,0.26,0.09,0.04,1.97,46.4,39.65,6.75,85.46,14.2,26.38,17.48,0.92,28.0,2.63,81.08,31,24,2054,0.04,0.0,0.39,1.31,13.15,1.14,3.77,48.04,3.37,50.0,0.39,36.0
75,955245,Premier League,23/24,Liverpool FC,Harvey Elliott,Midfielder,7.13,0.2,0.18,0.07,3.23,1.12,0.86,6.12,0.59,47.37,0.07,0.13,0.0,0.2,0.0,0.2,0.07,0.07,0.0,0.0,0.0,0.0,0.13,0.0,1.78,0.4,0.4,0.0,1.38,0.0,0.0,0.0,0.0,0.0,0.33,0.4,0.0,2.44,59.52,52.21,7.31,87.72,16.72,36.93,19.69,1.45,35.48,2.63,62.5,34,11,1367,0.13,0.0,0.46,0.86,13.04,0.59,3.82,49.57,3.23,51.58,0.59,40.91
76,149380,Premier League,23/24,Manchester United,Harry Maguire,Defender,7.13,0.11,0.11,0.11,1.08,0.16,0.65,10.0,0.0,0.0,0.11,0.0,0.05,0.05,0.0,0.0,0.32,0.05,0.0,0.0,0.0,0.0,0.0,0.0,1.3,1.35,4.48,1.3,0.54,0.0,0.05,0.0,0.0,0.22,0.11,0.11,0.0,0.32,59.17,49.35,9.83,83.39,31.04,18.36,6.26,0.05,33.33,3.94,49.32,22,18,1667,0.22,0.0,1.13,0.54,10.74,0.11,5.56,66.03,1.84,50.0,3.73,78.41
77,962012,Premier League,23/24,Brighton & Hove Albion,Jan Paul van Hecke,Defender,7.13,0.0,0.05,0.08,0.57,0.23,0.19,0.0,0.19,71.43,0.0,0.0,0.0,0.0,0.0,0.04,0.0,0.0,0.0,0.0,0.0,0.0,0.0,0.0,1.79,1.14,2.81,1.03,0.68,0.04,0.11,0.04,0.0,0.19,0.0,0.0,0.0,0.38,91.18,84.34,6.84,92.5,55.95,28.43,9.35,0.04,25.0,3.34,62.86,28,26,2368,0.15,0.0,0.53,0.65,8.02,0.11,5.13,65.53,2.62,65.09,2.51,66.0
78,808590,Premier League,23/24,Aston Villa,Leon Bailey,Midfielder,7.13,0.43,0.27,0.04,2.3,0.78,0.83,18.87,2.48,53.27,0.39,0.04,0.0,0.26,0.17,0.09,0.48,0.0,0.0,0.0,0.0,0.0,0.04,0.0,0.56,0.39,0.17,0.04,0.65,0.0,0.0,0.0,0.0,0.0,0.52,0.39,0.0,2.26,30.45,23.8,6.65,78.17,7.25,17.29,12.12,0.74,22.67,1.17,65.85,35,22,2072,0.22,0.0,1.13,1.13,15.77,1.78,4.78,41.35,4.13,41.85,0.65,38.46
79,50027,Premier League,23/24,Wolverhampton,Craig Dawson,Defender,7.13,0.04,0.06,0.04,0.65,0.2,0.33,6.25,0.12,100.0,0.04,0.0,0.0,0.0,0.04,0.0,0.16,0.0,0.0,0.0,0.0,0.0,0.0,0.0,1.22,0.65,4.84,1.59,0.49,0.0,0.04,0.0,0.0,0.2,0.08,0.04,0.0,0.37,51.78,44.9,6.88,86.71,34.44,10.46,3.09,0.0,0.0,4.07,54.05,25,25,2211,0.28,0.0,0.81,0.61,7.33,0.08,4.52,62.71,1.95,58.54,2.56,66.32
80,1015256,Premier League,23/24,Fulham,Rodrigo Muniz,Forward,7.13,0.5,0.49,0.22,4.09,1.51,1.62,12.33,0.28,27.78,0.45,0.06,0.11,0.0,0.39,0.17,0.22,0.0,0.0,0.0,0.0,0.0,0.0,0.0,0.39,0.34,1.12,0.17,0.28,0.0,0.0,0.0,0.0,0.0,0.11,0.06,0.0,1.01,12.27,7.62,4.65,62.1,2.8,4.82,2.97,0.0,0.0,0.39,63.64,26,18,1607,0.06,0.0,1.34,1.9,10.64,1.9,6.72,39.47,2.52,37.82,4.2,40.54
81,1065216,Premier League,23/24,Manchester City,Oscar Bobb,Midfielder,7.12,0.3,0.41,0.3,1.19,0.59,0.3,25.0,3.27,64.71,0.3,0.0,0.0,0.0,0.3,0.0,0.0,0.0,0.0,0.0,0.0,0.0,0.0,0.0,2.08,1.49,0.3,0.0,0.59,0.0,0.0,0.0,0.0,0.0,0.59,0.3,0.3,2.97,49.9,43.96,5.94,88.1,4.46,40.4,31.78,0.89,60.0,0.0,0.0,14,2,303,0.0,0.0,0.59,0.89,12.18,1.78,6.53,56.41,6.24,58.33,0.3,33.33
82,252669,Premier League,23/24,Wolverhampton,José Sá,Goalkeeper,7.12,0.0,0.0,0.0,0.0,0.0,0.0,0.0,0.09,100.0,0.0,0.0,0.0,0.0,0.0,0.0,0.0,0.0,0.0,0.0,0.0,0.0,0.0,0.0,0.0,0.0,0.89,0.0,0.03,0.09,0.06,0.0,0.0,0.12,0.0,0.03,0.0,0.03,26.78,15.85,10.93,59.18,13.83,2.01,0.44,0.0,0.0,3.2,23.33,35,35,3038,0.03,0.0,0.0,0.27,11.26,0.03,0.65,91.67,0.27,81.82,0.39,100.0
83,994363,Premier League,23/24,Brighton & Hove Albion,Bart Verbruggen,Goalkeeper,7.12,0.0,0.0,0.0,0.0,0.0,0.0,0.0,0.05,100.0,0.0,0.0,0.0,0.0,0.0,0.0,0.0,0.0,0.0,0.0,0.0,0.0,0.0,0.0,0.05,0.0,0.81,0.0,0.05,0.1,0.05,0.0,0.0,0.19,0.0,0.0,0.0,0.0,35.38,30.29,5.1,85.6,28.9,1.38,0.14,0.0,0.0,4.33,48.15,21,21,1890,0.14,0.0,0.05,0.1,5.19,0.0,0.43,81.82,0.14,60.0,0.29,100.0
84,843200,Premier League,23/24,Manchester United,Diogo Dalot,Defender,7.11,0.06,0.05,0.0,0.85,0.2,0.37,6.67,0.88,63.27,0.03,0.03,0.0,0.0,0.06,0.06,0.06,0.0,0.0,0.0,0.0,0.0,0.0,0.0,2.3,1.05,2.72,0.45,0.65,0.0,0.0,0.03,0.0,0.2,0.14,0.09,0.0,1.08,42.31,35.44,6.86,83.78,17.04,19.08,9.87,0.68,30.0,2.18,51.33,36,35,3174,0.11,0.03,1.28,0.4,11.43,0.31,4.48,56.83,3.57,57.27,0.91,55.17
85,250223,Premier League,23/24,Aston Villa,John McGinn,Midfielder,7.11,0.18,0.15,0.09,1.2,0.48,0.39,15.0,1.62,66.67,0.12,0.06,0.0,0.09,0.09,0.0,0.06,0.0,0.0,0.0,0.0,0.03,0.09,33.33,1.76,0.63,0.54,0.12,1.35,0.0,0.0,0.0,0.0,0.12,0.3,0.12,0.03,1.35,34.16,28.27,5.89,82.75,9.84,19.17,10.71,0.75,33.78,2.18,61.86,35,35,3009,0.27,0.03,1.17,2.06,11.9,1.82,5.71,50.0,5.44,51.41,0.27,32.14
86,922573,Premier League,23/24,Arsenal,Gabriel Martinelli,Forward,7.11,0.27,0.3,0.22,2.57,0.98,0.75,10.34,1.77,39.6,0.22,0.04,0.0,0.04,0.22,0.04,0.4,0.0,0.0,0.0,0.0,0.0,0.0,0.0,1.33,0.22,0.31,0.04,0.84,0.0,0.04,0.0,0.0,0.04,0.31,0.18,0.0,2.04,35.8,30.43,5.37,85.01,5.86,25.82,17.08,1.24,25.69,1.06,72.73,35,24,2029,0.04,0.0,1.02,1.06,16.41,1.82,4.83,39.21,4.08,39.15,0.75,39.53
87,792122,Premier League,23/24,Burnley,Josh Cullen,Midfielder,7.11,0.09,0.03,0.0,0.7,0.22,0.17,12.5,0.13,37.5,0.0,0.09,0.0,0.04,0.04,0.0,0.0,0.0,0.0,0.0,0.0,0.0,0.0,0.0,1.83,0.65,1.04,0.83,0.87,0.0,0.04,0.0,0.0,0.0,0.13,0.13,0.0,1.13,58.36,50.57,7.79,86.65,22.89,28.11,13.75,0.44,38.46,1.52,43.75,25,23,2068,0.39,0.0,1.04,2.13,10.1,0.44,4.92,57.95,4.0,61.33,0.91,46.67
88,862967,Premier League,23/24,Liverpool FC,Cody Gakpo,Midfielder,7.11,0.44,0.49,0.33,3.6,1.31,1.36,12.12,1.69,64.58,0.44,0.0,0.16,0.11,0.16,0.0,0.44,0.0,0.0,0.0,0.0,0.0,0.0,0.0,1.47,0.76,0.38,0.22,0.93,0.0,0.0,0.0,0.0,0.0,0.27,0.27,0.0,1.36,29.16,23.11,6.05,79.25,5.12,18.32,11.45,0.33,28.57,0.55,83.33,35,17,1651,0.05,0.0,1.53,2.07,12.1,1.74,6.98,51.41,5.23,50.79,1.74,53.33
89,920546,Premier League,23/24,Chelsea,Robert Sánchez,Goalkeeper,7.11,0.0,0.0,0.0,0.0,0.0,0.0,0.0,0.0,0.0,0.0,0.0,0.0,0.0,0.0,0.0,0.0,0.0,0.0,0.0,0.0,0.0,0.0,0.0,0.0,0.0,0.82,0.0,0.0,0.06,0.13,0.0,0.0,0.19,0.0,0.0,0.0,0.0,32.64,25.98,6.65,79.62,24.1,1.88,0.63,0.0,0.0,5.33,46.2,16,16,1434,0.13,0.0,0.0,0.06,6.9,0.0,0.25,100.0,0.06,100.0,0.19,100.0
90,901892,Premier League,23/24,Luton Town,Albert Sambi Lokonga,Midfielder,7.11,0.07,0.04,0.0,0.55,0.14,0.14,12.5,0.76,61.11,0.07,0.0,0.07,0.0,0.0,0.0,0.0,0.0,0.0,0.0,0.0,0.0,0.0,0.0,2.0,0.76,0.96,0.89,0.48,0.0,0.0,0.0,0.0,0.0,0.14,0.21,0.0,0.62,50.92,45.41,5.5,89.19,22.43,23.05,11.35,0.07,7.69,2.82,66.13,17,16,1308,0.28,0.0,1.24,1.86,8.81,0.76,5.64,61.19,4.54,60.55,1.1,64.0
91,905163,Premier League,23/24,West Ham United,Mohammed Kudus,Midfielder,7.1,0.29,0.19,0.14,2.43,0.62,0.94,11.94,4.49,61.69,0.22,0.07,0.0,0.14,0.14,0.07,0.58,0.04,0.0,0.0,0.0,0.0,0.0,0.0,2.36,0.4,0.29,0.0,0.72,0.0,0.04,0.04,0.0,0.04,0.18,0.22,0.0,1.01,28.02,23.67,4.35,84.48,9.53,14.9,7.18,0.76,22.34,1.59,72.13,33,27,2483,0.22,0.0,1.41,2.72,16.78,3.37,10.11,52.54,9.57,54.21,0.54,34.09
92,928124,Premier League,23/24,Tottenham Hotspur,Dejan Kulusevski,Midfielder,7.1,0.26,0.15,0.13,1.86,0.78,0.23,14.04,1.76,45.0,0.26,0.0,0.03,0.13,0.1,0.03,0.33,0.0,0.0,0.0,0.0,0.0,0.0,0.0,2.02,0.59,0.03,0.03,1.37,0.0,0.03,0.03,0.0,0.13,0.46,0.1,0.0,2.15,36.87,30.2,6.68,81.89,7.43,23.49,15.8,0.72,24.72,0.52,61.54,36,31,2763,0.23,0.0,1.76,0.94,16.61,2.12,4.95,38.78,4.72,39.19,0.23,31.82
93,149663,Premier League,23/24,Manchester City,Nathan Aké,Defender,7.1,0.09,0.11,0.09,0.88,0.22,0.31,10.0,0.22,62.5,0.09,0.0,0.09,0.0,0.0,0.0,0.0,0.0,0.0,0.0,0.0,0.0,0.0,0.0,1.14,0.61,2.28,0.09,0.31,0.0,0.0,0.0,0.0,0.22,0.13,0.09,0.0,0.44,77.63,72.06,5.57,92.82,36.97,35.13,13.86,0.04,9.09,0.83,33.33,29,24,2052,0.0,0.0,0.44,0.79,7.06,0.09,4.17,65.97,2.11,69.57,2.06,62.67
94,192144,Premier League,23/24,Fulham,Aleksandar Mitrović,Forward,7.1,0.0,0.45,0.0,5.62,2.81,0.0,0.0,8.44,100.0,0.0,0.0,0.0,0.0,0.0,0.0,0.0,0.0,0.0,0.0,0.0,0.0,0.0,0.0,0.0,0.0,0.0,0.0,0.0,0.0,0.0,0.0,0.0,0.0,0.0,0.0,0.0,0.0,22.5,11.25,11.25,50.0,5.62,5.62,5.62,0.0,0.0,2.81,100.0,1,0,32,0.0,0.0,0.0,0.0,11.25,0.0,14.06,83.33,8.44,100.0,5.62,66.67
95,26025,Premier League,23/24,Aston Villa,Robin Olsen,Goalkeeper,7.1,0.0,0.0,0.0,0.0,0.0,0.0,0.0,0.0,0.0,0.0,0.0,0.0,0.0,0.0,0.0,0.0,0.0,0.0,0.0,0.0,0.0,0.0,0.0,0.0,0.0,0.44,0.0,0.0,0.0,0.0,0.0,0.0,0.0,0.0,0.0,0.0,0.0,40.89,32.44,8.44,79.35,30.89,1.56,0.44,0.0,0.0,4.44,35.71,5,4,405,0.0,0.0,0.0,0.44,8.44,0.0,0.89,100.0,0.22,100.0,0.67,100.0
96,158263,Premier League,23/24,Aston Villa,Emiliano Martínez,Goalkeeper,7.1,0.0,0.0,0.0,0.0,0.0,0.0,0.0,0.0,0.0,0.0,0.0,0.0,0.0,0.0,0.0,0.0,0.0,0.0,0.0,0.0,0.0,0.0,0.0,0.0,0.0,0.48,0.0,0.0,0.06,0.03,0.0,0.06,0.24,0.0,0.0,0.0,0.06,37.97,30.9,7.07,81.37,27.88,3.01,0.93,0.0,0.0,4.87,41.69,34,34,3015,0.12,0.0,0.03,0.21,7.37,0.0,0.39,92.86,0.24,88.89,0.15,100.0
97,84844,Premier League,23/24,Bournemouth,Neto,Goalkeeper,7.1,0.0,0.0,0.0,0.0,0.0,0.0,0.0,0.06,100.0,0.0,0.0,0.0,0.0,0.0,0.0,0.0,0.0,0.0,0.0,0.0,0.0,0.0,0.0,0.0,0.03,1.19,0.0,0.0,0.06,0.03,0.0,0.0,0.22,0.0,0.0,0.0,0.0,28.19,16.97,11.22,60.2,13.06,3.91,1.09,0.0,0.0,5.88,35.34,32,32,2880,0.16,0.0,0.03,0.0,11.5,0.0,0.38,92.31,0.09,75.0,0.28,100.0
98,103335,Premier League,23/24,Fulham,Bernd Leno,Goalkeeper,7.1,0.0,0.0,0.0,0.0,0.0,0.0,0.0,0.0,0.0,0.0,0.0,0.0,0.0,0.0,0.0,0.0,0.0,0.0,0.0,0.0,0.0,0.0,0.0,0.0,0.0,0.84,0.0,0.0,0.03,0.0,0.0,0.03,0.26,0.0,0.0,0.0,0.0,37.0,28.58,8.42,77.24,25.39,3.18,1.0,0.0,0.0,4.63,35.7,38,38,3420,0.08,0.0,0.0,0.08,8.63,0.0,0.34,92.86,0.03,100.0,0.32,92.31
99,927361,Premier League,23/24,Everton,James Garner,Midfielder,7.09,0.03,0.08,0.03,1.23,0.33,0.6,2.44,0.57,54.29,0.0,0.03,0.0,0.0,0.03,0.12,0.09,0.0,0.0,0.0,0.0,0.0,0.15,0.0,2.49,1.35,1.35,0.42,1.41,0.03,0.0,0.0,0.0,0.33,0.21,0.06,0.0,1.32,33.27,27.55,5.72,82.81,11.44,16.86,9.07,0.75,22.32,1.38,53.49,37,34,3005,0.21,0.0,1.17,1.32,10.36,0.3,5.06,55.78,4.31,56.69,0.75,51.02
100,1109771,Premier League,23/24,Crystal Palace,Adam Wharton,Midfielder,7.09,0.0,0.02,0.0,0.69,0.07,0.41,0.0,0.21,60.0,0.0,0.0,0.0,0.0,0.0,0.0,0.0,0.0,0.0,0.0,0.0,0.0,0.0,0.0,3.31,1.38,1.66,0.21,1.59,0.07,0.0,0.0,0.0,0.14,0.34,0.21,0.0,1.45,38.76,31.45,7.31,81.14,12.69,19.31,9.03,0.55,32.0,1.93,57.14,16,15,1305,0.14,0.0,1.24,1.45,10.9,0.83,5.45,54.48,4.9,56.8,0.55,40.0
101,805123,Premier League,23/24,Brentford,Yoane Wissa,Forward,7.09,0.43,0.38,0.43,2.4,0.93,0.93,17.91,0.72,46.51,0.32,0.11,0.0,0.14,0.29,0.07,0.72,0.04,0.0,0.0,0.0,0.0,0.0,0.0,1.0,0.32,0.47,0.11,0.54,0.0,0.0,0.0,0.0,0.04,0.25,0.11,0.0,1.08,15.79,11.56,4.23,73.18,3.44,8.29,5.45,0.18,23.81,0.43,57.14,34,29,2508,0.25,0.0,1.36,1.83,8.54,0.72,4.92,49.28,3.55,51.83,1.36,43.68
102,138573,Premier League,23/24,Wolverhampton,Pablo Sarabia,Midfielder,7.09,0.2,0.28,0.2,2.36,0.92,0.67,8.7,0.87,43.59,0.2,0.0,0.05,0.15,0.0,0.0,0.46,0.0,0.1,0.1,100.0,0.0,0.36,0.0,1.02,0.51,0.31,0.05,1.23,0.0,0.0,0.0,0.0,0.0,0.46,0.36,0.0,2.61,42.46,32.73,9.73,77.08,12.75,21.92,12.14,1.95,29.01,1.69,49.25,30,20,1757,0.26,0.0,1.08,1.28,19.67,1.18,3.53,38.55,3.18,41.33,0.36,24.14
103,171919,Premier League,23/24,Brentford,Mark Flekken,Goalkeeper,7.09,0.0,0.0,0.0,0.0,0.0,0.0,0.0,0.08,75.0,0.0,0.0,0.0,0.0,0.0,0.0,0.0,0.0,0.0,0.0,0.0,0.0,0.0,0.0,0.03,0.0,1.1,0.0,0.11,0.03,0.0,0.03,0.0,0.19,0.05,0.03,0.0,0.11,39.62,27.48,12.14,69.36,22.08,5.4,2.22,0.0,0.0,8.79,42.35,37,37,3285,0.08,0.0,0.05,0.11,12.33,0.0,0.49,69.23,0.22,53.33,0.27,90.91
104,840217,Premier League,23/24,Tottenham Hotspur,Richarlison,Forward,7.08,0.66,0.57,0.42,3.7,1.49,1.31,17.74,0.6,30.3,0.6,0.06,0.18,0.24,0.24,0.06,0.72,0.0,0.0,0.0,0.0,0.0,0.0,0.0,0.95,0.48,1.37,0.36,0.48,0.0,0.0,0.0,0.0,0.0,0.18,0.24,0.06,0.95,22.29,15.79,6.5,70.86,6.02,9.83,6.5,0.06,7.14,0.42,70.0,28,18,1510,0.18,0.0,1.19,1.79,14.54,2.38,4.83,35.37,3.28,37.93,1.55,30.95
105,867442,Premier League,23/24,Nottingham Forest,Callum Hudson Odoi,Midfielder,7.08,0.39,0.13,0.1,1.84,0.97,0.48,21.05,2.08,61.43,0.24,0.14,0.0,0.0,0.39,0.1,0.43,0.05,0.0,0.0,0.0,0.0,0.05,0.0,0.87,0.34,0.53,0.05,1.01,0.0,0.05,0.0,0.0,0.05,0.19,0.05,0.0,1.74,31.35,26.76,4.59,85.36,7.68,19.61,12.8,0.53,14.86,1.5,68.89,29,20,1863,0.0,0.0,0.68,1.45,12.56,1.59,4.49,47.69,4.4,48.92,0.1,22.22
106,966547,Premier League,23/24,Chelsea,Noni Madueke,Midfielder,7.08,0.42,0.21,0.0,2.67,1.08,0.75,15.63,3.09,50.0,0.42,0.0,0.08,0.25,0.08,0.08,0.25,0.17,0.08,0.08,100.0,0.0,0.0,0.0,1.33,0.33,1.0,0.0,1.92,0.0,0.0,0.0,0.0,0.08,0.17,0.17,0.0,1.67,37.87,33.53,4.34,88.55,8.92,24.94,16.01,0.33,18.18,0.75,75.0,23,13,1079,0.17,0.0,0.67,1.58,12.76,1.17,6.59,46.2,6.01,46.75,0.58,41.18
107,322391,Premier League,23/24,Bournemouth,Ryan Christie,Midfielder,7.08,0.0,0.07,0.0,1.33,0.4,0.49,0.0,1.57,55.43,0.0,0.0,0.0,0.0,0.0,0.0,0.15,0.0,0.0,0.0,0.0,0.0,0.0,0.0,2.65,1.6,1.54,0.34,1.63,0.0,0.03,0.03,0.0,0.19,0.31,0.15,0.0,1.7,37.63,29.83,7.8,79.26,12.49,17.92,10.46,0.59,26.03,2.71,53.99,37,35,2918,0.19,0.0,1.48,1.17,14.19,1.45,6.05,46.56,5.37,48.2,0.68,36.67
108,979563,Premier League,23/24,Everton,Jarrad Branthwaite,Defender,7.07,0.09,0.05,0.03,0.4,0.12,0.2,21.43,0.14,71.43,0.09,0.0,0.03,0.06,0.0,0.0,0.14,0.03,0.0,0.0,0.0,0.0,0.0,0.0,1.91,1.44,4.53,1.04,0.49,0.0,0.06,0.03,0.0,0.35,0.03,0.0,0.0,0.12,39.59,31.7,7.88,80.09,21.8,9.93,2.19,0.03,100.0,2.11,40.11,35,35,3117,0.23,0.0,0.72,0.55,8.81,0.06,5.31,67.65,2.57,67.42,2.74,67.86
109,33541,Premier League,23/24,Chelsea,Thiago Silva,Defender,7.07,0.11,0.03,0.0,0.5,0.14,0.18,21.43,0.07,100.0,0.11,0.0,0.07,0.0,0.04,0.04,0.04,0.0,0.0,0.0,0.0,0.0,0.0,0.0,1.03,0.92,5.32,0.85,0.5,0.04,0.11,0.0,0.0,0.21,0.11,0.04,0.0,0.32,80.85,76.7,4.15,94.87,52.61,24.12,5.96,0.04,25.0,3.41,65.75,31,28,2537,0.14,0.0,0.35,0.28,4.58,0.04,3.19,63.83,1.31,60.66,1.88,66.25
110,826215,Premier League,23/24,Liverpool FC,Ibrahima Konaté,Defender,7.07,0.0,0.04,0.0,0.62,0.11,0.45,0.0,0.34,85.71,0.0,0.0,0.0,0.0,0.0,0.0,0.0,0.0,0.0,0.0,0.0,0.0,0.0,0.0,2.05,1.14,2.9,0.68,0.34,0.06,0.0,0.0,0.0,0.28,0.06,0.0,0.0,0.45,82.33,72.44,9.89,87.99,37.67,34.77,10.23,0.0,0.0,2.67,43.12,22,17,1584,0.17,0.06,1.42,0.74,10.85,0.28,7.5,66.0,3.12,59.78,4.38,71.3
111,285949,Premier League,23/24,Fulham,Andreas Pereira,Midfielder,7.06,0.1,0.16,0.1,1.77,0.55,0.82,5.77,0.65,46.34,0.07,0.03,0.0,0.03,0.07,0.1,0.1,0.0,0.0,0.0,0.0,0.0,0.24,0.0,0.85,0.14,0.38,0.07,1.02,0.0,0.0,0.0,0.0,0.1,0.31,0.24,0.03,2.9,36.28,28.6,7.68,78.83,9.76,21.13,11.71,2.29,30.45,1.71,46.73,37,34,2637,0.2,0.0,0.75,0.92,17.0,1.4,2.87,35.9,2.39,38.04,0.48,28.0
112,135666,Premier League,23/24,Arsenal,Leandro Trossard,Forward,7.06,0.66,0.43,0.38,3.28,1.2,1.04,20.0,1.37,60.98,0.66,0.0,0.05,0.22,0.38,0.05,0.49,0.05,0.0,0.0,0.0,0.0,0.0,0.0,1.48,0.44,0.27,0.05,0.87,0.0,0.0,0.0,0.0,0.11,0.16,0.05,0.0,1.31,33.13,26.08,7.05,78.71,8.37,18.26,11.43,0.55,17.54,0.98,56.25,34,18,1646,0.11,0.0,0.82,1.09,15.42,2.13,4.21,44.51,3.88,45.22,0.33,37.5
113,352770,Premier League,23/24,Fulham,Alex Iwobi,Midfielder,7.06,0.19,0.22,0.08,2.11,0.77,0.65,9.09,1.54,54.79,0.19,0.0,0.0,0.04,0.15,0.04,0.31,0.0,0.0,0.0,0.0,0.0,0.0,0.0,1.19,0.58,0.23,0.0,0.54,0.0,0.0,0.0,0.0,0.0,0.19,0.08,0.0,2.04,38.89,31.74,7.15,81.62,10.64,21.6,13.45,0.5,18.57,1.54,48.78,32,27,2342,0.08,0.0,0.46,0.19,14.1,1.11,3.15,43.62,2.92,46.63,0.23,24.0
114,923973,Premier League,23/24,Everton,Amadou Onana,Midfielder,7.06,0.09,0.09,0.04,1.25,0.26,0.65,6.9,0.52,60.0,0.09,0.0,0.09,0.0,0.0,0.0,0.04,0.0,0.0,0.0,0.0,0.0,0.0,0.0,3.06,0.9,1.29,0.26,0.9,0.0,0.0,0.04,0.0,0.22,0.17,0.0,0.0,0.78,44.05,37.42,6.63,84.95,16.79,20.67,10.59,0.04,33.33,2.63,70.93,30,23,2090,0.22,0.0,1.59,1.94,8.83,0.43,7.75,65.93,5.47,63.18,2.28,73.61
115,906047,Premier League,23/24,Crystal Palace,Cheick Doucouré,Midfielder,7.05,0.0,0.03,0.0,0.59,0.2,0.2,0.0,0.98,76.92,0.0,0.0,0.0,0.0,0.0,0.0,0.0,0.0,0.0,0.0,0.0,0.0,0.0,0.0,3.32,1.95,0.88,0.2,1.17,0.0,0.0,0.0,0.0,0.29,0.1,0.0,0.0,0.98,41.14,35.86,5.28,87.17,17.79,18.08,8.01,0.0,0.0,0.78,50.0,11,11,921,0.2,0.0,0.98,0.1,8.01,0.78,4.89,54.35,4.4,57.69,0.49,35.71
116,355796,Premier League,23/24,Crystal Palace,Jefferson Lerma,Midfielder,7.05,0.04,0.1,0.07,1.27,0.34,0.75,2.94,0.41,64.71,0.0,0.04,0.0,0.0,0.04,0.11,0.15,0.0,0.0,0.0,0.0,0.0,0.0,0.0,1.57,1.35,2.4,0.45,0.79,0.0,0.0,0.0,0.0,0.15,0.11,0.04,0.0,0.9,45.88,37.79,8.09,82.37,18.91,18.99,9.51,0.11,21.43,1.5,44.94,28,27,2403,0.3,0.0,1.61,0.94,10.45,0.52,5.51,55.89,2.92,49.37,2.58,65.71
117,232306,Premier League,23/24,Tottenham Hotspur,Timo Werner,Forward,7.05,0.22,0.41,0.55,3.17,0.76,1.2,6.9,1.31,50.0,0.22,0.0,0.0,0.0,0.22,0.11,1.31,0.0,0.0,0.0,0.0,0.0,0.0,0.0,0.76,0.33,0.11,0.0,1.42,0.0,0.0,0.0,0.0,0.0,0.33,0.33,0.0,1.64,35.28,28.51,6.77,80.8,6.44,22.83,15.07,0.76,25.0,0.33,50.0,13,10,824,0.11,0.0,0.33,0.55,12.34,0.55,2.73,41.67,2.62,42.11,0.11,33.33
118,1135873,Premier League,23/24,Manchester United,Alejandro Garnacho,Forward,7.05,0.24,0.29,0.24,3.48,0.97,1.11,7.0,1.67,43.24,0.24,0.0,0.03,0.1,0.1,0.0,0.52,0.07,0.0,0.0,0.0,0.0,0.0,0.0,0.77,0.63,0.42,0.07,1.15,0.0,0.0,0.0,0.0,0.07,0.21,0.14,0.0,1.6,29.03,23.04,5.99,79.38,7.97,15.31,10.06,0.24,12.07,0.66,45.24,36,30,2586,0.14,0.0,0.7,1.88,14.2,1.71,4.52,40.88,4.28,43.01,0.24,21.88
119,855864,Premier League,23/24,Brentford,Ethan Pinnock,Defender,7.04,0.07,0.07,0.11,0.68,0.14,0.43,10.53,0.21,66.67,0.07,0.0,0.07,0.0,0.0,0.0,0.0,0.0,0.0,0.0,0.0,0.0,0.0,0.0,1.25,1.53,5.94,0.85,0.39,0.04,0.07,0.0,0.0,0.18,0.04,0.0,0.0,0.14,49.75,41.78,7.97,83.98,30.85,10.93,3.81,0.0,0.0,2.53,45.51,29,28,2529,0.04,0.0,0.14,0.39,9.22,0.14,5.87,69.33,1.81,69.86,4.06,69.09
120,361420,Premier League,23/24,Bournemouth,Dominic Solanke,Forward,7.04,0.51,0.53,0.38,2.95,1.03,1.08,17.43,1.05,39.39,0.46,0.05,0.11,0.03,0.38,0.11,0.43,0.03,0.08,0.05,66.67,0.0,0.0,0.0,0.62,0.19,1.16,0.14,0.51,0.0,0.0,0.0,0.0,0.14,0.08,0.08,0.0,1.05,14.4,10.62,3.78,73.73,3.65,7.05,5.16,0.08,50.0,0.22,66.67,38,37,3331,0.08,0.0,1.13,1.22,11.51,2.19,5.51,37.99,2.86,34.98,2.65,41.88
121,836070,Premier League,23/24,Bournemouth,Luis Sinisterra,Forward,7.04,0.26,0.33,0.13,3.47,1.16,1.29,7.41,3.73,61.7,0.13,0.13,0.0,0.0,0.26,0.13,0.51,0.0,0.0,0.0,0.0,0.0,0.0,0.0,2.96,1.03,0.51,0.0,0.9,0.0,0.0,0.0,0.0,0.0,0.26,0.26,0.0,2.57,36.13,28.93,7.2,80.07,9.26,19.8,14.53,0.13,9.09,1.8,77.78,20,7,700,0.0,0.0,1.41,0.77,15.69,1.29,9.51,52.86,7.46,55.77,2.06,44.44
122,553606,Premier League,23/24,Tottenham Hotspur,Guglielmo Vicario,Goalkeeper,7.04,0.0,0.0,0.0,0.0,0.0,0.0,0.0,0.0,0.0,0.0,0.0,0.0,0.0,0.0,0.0,0.0,0.0,0.0,0.0,0.0,0.0,0.0,0.0,0.0,0.03,1.21,0.0,0.03,0.0,0.05,0.0,0.0,0.18,0.0,0.0,0.0,0.0,36.08,30.18,5.89,83.66,29.39,0.79,0.24,0.0,0.0,2.24,29.01,38,38,3420,0.05,0.0,0.0,0.21,6.16,0.0,0.76,93.55,0.21,88.89,0.55,95.45
123,307284,Premier League,23/24,Wolverhampton,Mario Lemina,Midfielder,7.04,0.12,0.14,0.12,1.45,0.54,0.48,8.33,0.76,56.82,0.12,0.0,0.09,0.0,0.03,0.03,0.24,0.0,0.0,0.0,0.0,0.0,0.0,0.0,2.72,1.24,1.69,0.27,0.67,0.0,0.0,0.0,0.0,0.12,0.09,0.03,0.0,0.61,43.53,37.75,5.78,86.73,21.93,15.94,5.87,0.12,26.67,1.78,50.43,35,34,2975,0.3,0.03,1.3,0.73,8.71,0.67,5.26,54.38,4.21,57.2,1.06,45.45
124,135256,Premier League,23/24,Brentford,Christian Nørgaard,Midfielder,7.04,0.07,0.12,0.11,1.25,0.25,0.57,5.71,0.21,60.0,0.07,0.0,0.07,0.0,0.0,0.0,0.04,0.0,0.0,0.0,0.0,0.0,0.0,0.0,2.9,1.93,1.75,0.21,1.97,0.0,0.0,0.0,0.0,0.07,0.21,0.04,0.0,0.86,51.61,41.9,9.71,81.19,20.56,21.56,10.17,0.21,27.27,2.15,44.44,31,30,2513,0.29,0.0,1.47,1.15,12.25,0.54,5.69,50.0,4.23,51.3,1.47,46.59
125,867583,Premier League,23/24,Sheffield United,Ben Brereton Díaz,Midfielder,7.04,0.49,0.49,0.41,2.84,1.54,0.57,17.14,0.81,37.04,0.41,0.08,0.08,0.0,0.41,0.08,0.89,0.08,0.08,0.08,100.0,0.0,0.0,0.0,0.73,0.24,0.89,0.24,0.49,0.0,0.0,0.0,0.0,0.0,0.24,0.08,0.0,0.65,20.51,15.81,4.7,77.08,5.11,10.86,7.22,0.16,22.22,0.41,45.45,14,14,1110,0.24,0.0,0.89,1.54,10.14,1.3,3.65,38.14,3.08,43.18,0.57,23.33
126,106337,Premier League,23/24,Everton,Idrissa Gana Gueye,Midfielder,7.04,0.19,0.06,0.0,1.24,0.33,0.38,15.38,0.52,50.0,0.1,0.1,0.0,0.05,0.14,0.0,0.0,0.0,0.0,0.0,0.0,0.05,0.05,100.0,3.47,1.33,0.76,0.33,0.81,0.0,0.0,0.0,0.0,0.19,0.05,0.0,0.0,0.71,41.86,35.82,6.04,85.57,16.89,18.98,8.99,0.05,9.09,1.05,42.31,25,24,1892,0.38,0.0,1.66,1.47,8.94,0.95,6.09,58.45,5.38,57.95,0.71,62.5
127,805465,Premier League,23/24,Brighton & Hove Albion,Pervis Estupiñán,Midfielder,7.04,0.14,0.07,0.07,0.8,0.43,0.22,18.18,0.65,50.0,0.07,0.07,0.0,0.14,0.0,0.0,0.36,0.0,0.0,0.0,0.0,0.0,0.0,0.0,1.88,1.52,1.45,0.29,1.16,0.0,0.0,0.0,0.07,0.07,0.29,0.22,0.0,1.88,59.32,52.6,6.73,88.66,25.76,27.93,14.04,1.09,23.08,0.94,59.09,19,15,1244,0.29,0.0,1.59,1.23,13.67,0.43,4.63,48.85,3.76,49.52,0.87,46.15
128,996958,Premier League,23/24,Chelsea,Malo Gusto,Defender,7.04,0.0,0.05,0.15,0.77,0.26,0.41,0.0,0.87,45.95,0.0,0.0,0.0,0.0,0.0,0.0,0.31,0.0,0.0,0.0,0.0,0.0,0.0,0.0,2.81,0.87,1.89,0.2,0.87,0.0,0.05,0.05,0.0,0.1,0.41,0.31,0.0,1.64,62.25,55.55,6.7,89.24,27.75,28.67,14.31,0.87,26.56,1.53,61.22,27,19,1761,0.36,0.05,1.12,1.53,13.24,0.61,5.62,55.28,5.21,59.3,0.41,29.63
129,941168,Premier League,23/24,Arsenal,William Saliba,Defender,7.04,0.05,0.04,0.03,0.26,0.11,0.05,20.0,0.26,71.43,0.05,0.0,0.05,0.0,0.0,0.0,0.0,0.0,0.0,0.0,0.0,0.0,0.0,0.0,1.08,0.76,2.05,0.45,0.18,0.0,0.08,0.03,0.0,0.47,0.0,0.03,0.0,0.16,74.71,69.16,5.55,92.57,43.58,25.61,6.74,0.03,33.33,1.79,53.97,38,38,3420,0.11,0.0,0.58,0.42,6.71,0.34,3.66,59.66,1.76,59.82,1.89,59.5
130,924871,Premier League,23/24,Liverpool FC,Darwin Núñez,Forward,7.03,0.48,0.72,1.18,4.73,2.02,1.75,10.19,0.66,42.86,0.39,0.09,0.09,0.09,0.31,0.39,1.45,0.04,0.04,0.0,0.0,0.0,0.0,0.0,0.96,0.13,0.39,0.26,0.53,0.0,0.0,0.0,0.0,0.09,0.48,0.35,0.0,1.45,20.38,14.6,5.79,71.61,2.67,12.06,9.03,0.13,15.79,0.48,44.0,36,22,2053,0.39,0.0,1.23,0.66,11.35,1.27,3.77,37.72,2.28,37.41,1.49,38.2
131,798835,Premier League,23/24,Tottenham Hotspur,Giovani Lo Celso,Midfielder,7.03,0.33,0.09,0.0,2.14,0.99,0.49,15.38,1.32,72.73,0.16,0.16,0.0,0.33,0.0,0.16,0.16,0.0,0.0,0.0,0.0,0.0,0.0,0.0,3.62,0.82,0.33,0.16,0.82,0.0,0.0,0.16,0.0,0.0,0.16,0.33,0.0,2.96,79.47,72.72,6.75,91.51,26.65,46.89,27.48,0.82,38.46,2.96,75.0,22,4,547,0.33,0.0,1.97,4.28,12.5,1.15,9.38,64.04,9.21,67.47,0.16,16.67
132,15479,Premier League,23/24,West Ham United,Łukasz Fabiański,Goalkeeper,7.03,0.0,0.0,0.0,0.0,0.0,0.0,0.0,0.0,0.0,0.0,0.0,0.0,0.0,0.0,0.0,0.0,0.0,0.0,0.0,0.0,0.0,0.0,0.0,0.12,0.12,1.12,0.0,0.12,0.0,0.0,0.0,0.0,0.12,0.0,0.0,0.0,0.0,24.22,14.6,9.61,60.31,10.24,4.37,1.75,0.0,0.0,7.12,42.54,10,7,721,0.0,0.0,0.0,0.0,9.86,0.0,0.37,75.0,0.12,50.0,0.25,100.0
133,358222,Premier League,23/24,Luton Town,Carlton Morris,Forward,7.03,0.35,0.36,0.22,2.23,0.97,0.88,15.49,0.97,60.78,0.35,0.0,0.06,0.0,0.28,0.13,0.28,0.0,0.16,0.16,100.0,0.0,0.0,0.0,0.47,0.03,1.66,0.16,0.19,0.0,0.0,0.0,0.0,0.0,0.16,0.13,0.0,0.69,22.6,15.1,7.5,66.81,5.93,9.17,5.37,0.0,0.0,0.25,47.06,38,32,2867,0.13,0.0,1.54,1.35,12.46,1.66,6.97,43.19,2.76,42.31,4.21,43.79
134,848276,Premier League,23/24,Crystal Palace,Jean Philippe Mateta,Forward,7.03,0.62,0.43,0.27,1.8,1.13,0.39,34.78,0.98,40.98,0.62,0.0,0.04,0.12,0.47,0.0,0.94,0.08,0.08,0.08,100.0,0.0,0.0,0.0,0.86,0.16,0.55,0.16,0.16,0.0,0.0,0.0,0.0,0.16,0.2,0.2,0.0,1.25,16.13,11.91,4.22,73.85,3.44,8.63,5.19,0.16,20.0,0.31,80.0,35,25,2305,0.12,0.0,1.37,0.86,12.81,3.05,4.65,35.0,2.69,31.08,1.95,42.37
135,945792,Premier League,23/24,Luton Town,Alfie Doughty,Midfielder,7.03,0.06,0.04,0.06,0.8,0.25,0.15,7.69,1.01,57.89,0.03,0.03,0.0,0.06,0.0,0.0,0.4,0.0,0.0,0.0,0.0,0.03,0.06,50.0,1.93,0.95,1.1,0.28,1.38,0.03,0.09,0.0,0.0,0.06,0.31,0.25,0.03,2.18,33.4,25.13,8.27,75.23,12.93,14.92,7.66,2.73,26.18,2.02,39.05,37,34,2937,0.15,0.0,0.95,0.28,20.19,0.4,3.92,50.79,3.22,48.39,0.7,65.71
136,844842,Premier League,23/24,Tottenham Hotspur,Yves Bissouma,Midfielder,7.03,0.0,0.06,0.04,1.04,0.22,0.56,0.0,1.17,69.23,0.0,0.0,0.0,0.0,0.0,0.0,0.0,0.0,0.0,0.0,0.0,0.0,0.04,0.0,3.45,1.6,1.81,0.22,0.86,0.04,0.09,0.0,0.0,0.09,0.0,0.0,0.0,0.47,79.17,72.78,6.39,91.93,32.2,40.58,19.25,0.0,0.0,1.81,72.41,28,26,2085,0.39,0.09,1.51,1.34,10.01,1.29,6.56,57.79,5.96,58.97,0.6,48.28
137,849309,Premier League,23/24,Luton Town,Chiedozie Ogbene,Midfielder,7.03,0.18,0.19,0.05,1.58,0.63,0.18,11.43,2.75,58.1,0.18,0.0,0.05,0.0,0.14,0.05,0.36,0.09,0.0,0.0,0.0,0.0,0.0,0.0,0.77,0.32,1.4,0.14,0.45,0.0,0.09,0.0,0.0,0.05,0.23,0.05,0.05,1.22,28.4,23.17,5.24,81.56,7.5,16.17,10.39,0.5,13.92,0.45,37.04,30,20,1993,0.05,0.0,0.36,2.26,15.08,0.95,7.04,60.0,5.74,61.35,1.31,54.72
138,895576,Premier League,23/24,Bournemouth,Marcus Tavernier,Midfielder,7.03,0.13,0.17,0.13,2.24,0.68,0.89,5.66,1.86,44.44,0.08,0.04,0.0,0.13,0.0,0.04,0.13,0.0,0.0,0.0,0.0,0.0,0.17,0.0,2.24,0.21,0.8,0.13,0.93,0.0,0.0,0.0,0.0,0.08,0.3,0.17,0.04,1.9,32.13,25.49,6.64,79.34,6.59,19.91,12.17,1.01,20.69,1.1,42.62,30,25,2129,0.13,0.0,0.85,0.93,17.67,1.73,5.58,43.85,5.03,46.3,0.55,29.55
139,1110842,Premier League,23/24,Brighton & Hove Albion,Simon Adingra,Midfielder,7.03,0.24,0.17,0.16,2.09,0.88,0.92,11.54,2.01,43.86,0.2,0.04,0.04,0.0,0.2,0.04,0.68,0.04,0.0,0.0,0.0,0.0,0.0,0.0,1.81,0.76,0.88,0.04,0.92,0.0,0.0,0.0,0.0,0.04,0.24,0.04,0.0,1.33,30.03,24.36,5.67,81.12,7.8,17.12,9.57,0.56,18.42,0.56,42.42,31,25,2239,0.12,0.0,1.17,0.76,14.35,1.13,4.9,44.04,4.58,44.36,0.32,40.0
140,352668,Premier League,23/24,Fulham,Tosin Adarabioyo,Defender,7.02,0.11,0.04,0.06,0.77,0.28,0.39,14.29,0.06,100.0,0.11,0.0,0.11,0.0,0.0,0.06,0.0,0.0,0.0,0.0,0.0,0.0,0.0,0.0,1.16,1.38,4.43,0.61,0.5,0.0,0.0,0.0,0.0,0.33,0.0,0.0,0.0,0.11,66.99,56.75,10.23,84.72,40.49,16.26,3.26,0.0,0.0,3.98,52.55,20,18,1627,0.11,0.0,0.55,0.28,10.84,0.22,4.59,61.94,1.44,53.06,3.15,67.06
141,136710,Premier League,23/24,Manchester City,Mateo Kovačić,Midfielder,7.02,0.06,0.07,0.06,1.25,0.28,0.34,4.55,1.14,74.07,0.06,0.0,0.0,0.0,0.06,0.0,0.0,0.0,0.0,0.0,0.0,0.0,0.0,0.0,2.05,0.57,0.57,0.06,0.57,0.0,0.0,0.0,0.0,0.17,0.17,0.0,0.0,1.2,86.7,81.57,5.12,94.09,30.68,50.89,19.7,0.0,0.0,1.14,54.05,30,16,1581,0.23,0.0,0.97,0.85,7.91,1.37,4.27,54.74,4.04,55.04,0.23,50.0
142,38710,Premier League,23/24,Tottenham Hotspur,Ivan Perišić,Midfielder,7.02,0.0,0.1,0.0,1.84,0.0,0.92,0.0,3.67,57.14,0.0,0.0,0.0,0.0,0.0,0.0,0.0,0.0,0.0,0.0,0.0,0.0,0.0,0.0,2.76,1.84,0.92,0.0,1.84,0.0,0.0,0.0,0.0,0.0,1.84,0.92,0.0,4.59,56.02,45.0,11.02,80.33,17.45,30.31,21.12,2.76,23.08,1.84,66.67,5,0,98,1.84,0.0,1.84,0.92,26.63,0.0,11.94,65.0,7.35,53.33,4.59,100.0
143,139310,Premier League,23/24,Nottingham Forest,Willy Boly,Defender,7.02,0.12,0.09,0.12,0.87,0.37,0.37,14.29,0.19,60.0,0.12,0.0,0.12,0.0,0.0,0.0,0.06,0.0,0.0,0.0,0.0,0.0,0.0,0.0,2.85,1.55,5.32,1.3,1.11,0.0,0.0,0.0,0.0,0.12,0.25,0.06,0.0,0.56,37.82,29.09,8.73,76.92,21.79,7.3,2.79,0.0,0.0,1.92,32.29,20,18,1454,0.06,0.06,1.24,0.12,11.02,0.19,6.69,61.02,3.16,54.84,3.53,67.86
144,362682,Premier League,23/24,Crystal Palace,Joachim Andersen,Defender,7.02,0.05,0.04,0.08,0.55,0.21,0.21,9.52,0.37,70.0,0.05,0.0,0.0,0.0,0.05,0.0,0.03,0.0,0.0,0.0,0.0,0.0,0.03,0.0,1.48,1.08,5.32,0.47,0.26,0.03,0.0,0.0,0.0,0.21,0.13,0.08,0.0,0.53,56.78,45.13,11.65,79.49,29.09,16.31,6.22,0.26,32.26,5.32,42.44,38,38,3416,0.18,0.0,1.13,0.61,13.2,0.16,4.8,62.98,2.4,60.26,2.4,65.94
145,94758,Premier League,23/24,Tottenham Hotspur,Ben Davies,Defender,7.02,0.08,0.19,0.25,0.99,0.16,0.74,8.33,0.33,40.0,0.08,0.0,0.08,0.0,0.0,0.0,0.0,0.08,0.0,0.0,0.0,0.0,0.0,0.0,1.98,0.82,2.88,1.24,0.41,0.0,0.0,0.0,0.0,0.08,0.0,0.0,0.0,0.33,66.86,61.02,5.85,91.26,38.95,22.15,9.96,0.08,10.0,2.55,60.78,17,12,1093,0.16,0.0,0.66,1.56,7.82,0.25,6.26,63.87,3.87,68.12,2.39,58.0
146,243609,Premier League,23/24,Liverpool FC,Alisson,Goalkeeper,7.02,0.0,0.0,0.0,0.0,0.0,0.0,0.0,0.0,0.0,0.0,0.0,0.0,0.0,0.0,0.0,0.0,0.0,0.0,0.0,0.0,0.0,0.0,0.0,0.0,0.0,0.75,0.0,0.04,0.07,0.07,0.0,0.0,0.29,0.0,0.0,0.0,0.04,35.61,30.29,5.32,85.06,28.46,1.82,0.36,0.0,0.0,2.96,37.9,28,28,2520,0.04,0.0,0.04,0.18,5.75,0.0,0.39,73.33,0.07,50.0,0.32,81.82
147,316148,Premier League,23/24,Arsenal,Thomas Partey,Midfielder,7.02,0.0,0.05,0.0,0.91,0.23,0.34,0.0,1.03,81.82,0.0,0.0,0.0,0.0,0.0,0.0,0.0,0.0,0.0,0.0,0.0,0.0,0.0,0.0,1.6,1.26,0.91,0.34,0.57,0.0,0.0,0.0,0.0,0.23,0.0,0.0,0.0,0.69,70.93,64.07,6.85,90.34,26.5,37.8,17.59,0.23,100.0,2.86,54.35,14,9,788,0.34,0.0,1.14,0.69,9.59,0.91,4.11,52.17,3.31,53.7,0.8,46.67
148,1085381,Premier League,23/24,Chelsea,Nicolas Jackson,Forward,7.01,0.45,0.6,0.77,2.57,1.32,0.71,17.5,1.73,59.34,0.45,0.0,0.1,0.1,0.26,0.1,0.9,0.0,0.0,0.0,0.0,0.0,0.0,0.0,0.67,0.13,0.55,0.16,0.61,0.0,0.0,0.0,0.0,0.06,0.26,0.16,0.0,1.25,21.12,16.47,4.65,77.96,4.88,11.59,7.45,0.0,0.0,0.35,61.11,35,31,2804,0.32,0.0,0.9,1.28,11.14,2.12,4.81,41.78,3.69,44.06,1.12,35.71
149,1003339,Premier League,23/24,Liverpool FC,Jarell Quansah,Defender,7.01,0.15,0.08,0.0,0.45,0.3,0.15,33.33,0.3,57.14,0.15,0.0,0.08,0.0,0.08,0.0,0.0,0.0,0.0,0.0,0.0,0.0,0.0,0.0,1.89,1.29,2.95,0.61,0.45,0.08,0.0,0.08,0.0,0.15,0.0,0.0,0.0,0.23,88.18,78.27,9.92,88.76,50.94,27.33,7.27,0.0,0.0,3.33,44.9,17,13,1189,0.08,0.0,0.76,0.15,10.75,0.15,5.75,63.87,2.35,59.62,3.41,67.16
150,51501,Premier League,23/24,Liverpool FC,Joël Matip,Defender,7.01,0.0,0.06,0.11,0.57,0.0,0.46,0.0,0.0,0.0,0.0,0.0,0.0,0.0,0.0,0.0,0.11,0.0,0.0,0.0,0.0,0.0,0.0,0.0,1.38,1.03,4.71,1.38,0.46,0.0,0.0,0.0,0.11,0.23,0.0,0.0,0.0,0.23,64.71,56.78,7.93,87.74,38.97,17.82,5.17,0.0,0.0,1.84,42.11,10,9,783,0.23,0.0,0.8,0.34,9.2,0.46,4.94,61.43,1.72,46.88,3.22,73.68
151,101882,Premier League,23/24,Newcastle United,Fabian Schär,Defender,7.01,0.12,0.08,0.06,1.03,0.27,0.41,11.43,0.38,61.9,0.12,0.0,0.03,0.0,0.09,0.0,0.0,0.06,0.0,0.0,0.0,0.0,0.09,0.0,1.24,1.06,3.86,1.12,0.65,0.0,0.03,0.0,0.0,0.24,0.06,0.03,0.0,0.29,62.06,51.66,10.4,83.24,36.54,15.21,5.98,0.09,37.5,5.45,50.14,36,35,3054,0.15,0.0,1.12,0.77,11.91,0.35,4.42,50.17,2.36,50.96,2.06,49.3
152,137789,Premier League,23/24,Luton Town,James Shea,Goalkeeper,7.0,0.0,0.0,0.0,0.0,0.0,0.0,0.0,0.0,0.0,0.0,0.0,0.0,0.0,0.0,0.0,0.0,0.0,0.0,0.0,0.0,0.0,0.0,0.0,0.0,0.0,12.86,0.0,0.0,0.0,0.0,0.0,0.0,0.0,0.0,0.0,0.0,0.0,51.43,32.14,19.29,62.5,12.86,19.29,12.86,0.0,0.0,19.29,50.0,1,0,14,0.0,0.0,0.0,0.0,19.29,0.0,0.0,0.0,0.0,0.0,0.0,0.0
153,794939,Premier League,23/24,Chelsea,Marc Cucurella,Defender,7.0,0.0,0.06,0.1,0.4,0.2,0.1,0.0,0.2,36.36,0.0,0.0,0.0,0.0,0.0,0.0,0.05,0.05,0.0,0.0,0.0,0.0,0.0,0.0,3.13,1.11,1.66,0.66,1.51,0.0,0.0,0.05,0.05,0.2,0.05,0.1,0.0,0.96,53.32,46.21,7.11,86.66,26.33,20.13,9.28,0.25,31.25,0.76,27.27,21,20,1784,0.5,0.0,1.16,1.77,9.59,0.3,6.21,59.71,4.94,59.76,1.26,59.52
154,103045,Premier League,23/24,Crystal Palace,Jordan Ayew,Forward,7.0,0.14,0.14,0.14,1.69,0.7,0.56,8.33,1.83,47.71,0.11,0.04,0.04,0.0,0.11,0.04,0.25,0.0,0.0,0.0,0.0,0.0,0.0,0.0,2.29,0.56,0.46,0.07,0.74,0.0,0.0,0.0,0.0,0.18,0.25,0.25,0.0,0.88,28.57,23.04,5.53,80.64,8.31,15.36,7.96,0.63,18.56,0.39,34.38,35,30,2555,0.25,0.04,1.62,3.31,16.41,2.82,8.59,48.32,7.4,51.34,1.2,35.42
155,855647,Premier League,23/24,Newcastle United,Harvey Barnes,Forward,7.0,0.57,0.41,0.23,3.06,1.36,0.68,18.52,0.79,33.33,0.34,0.23,0.11,0.11,0.34,0.0,0.23,0.0,0.0,0.0,0.0,0.0,0.0,0.0,0.68,0.57,0.23,0.0,0.11,0.0,0.0,0.0,0.0,0.0,0.91,0.34,0.0,1.47,28.79,22.78,6.01,79.13,7.59,15.53,10.99,0.34,25.0,0.34,33.33,21,7,794,0.23,0.0,0.57,2.38,12.13,1.81,4.31,46.91,3.85,49.28,0.45,33.33
156,566102,Premier League,23/24,Tottenham Hotspur,Davinson Sánchez,Defender,7.0,0.0,0.14,0.0,1.18,0.0,1.18,0.0,0.0,0.0,0.0,0.0,0.0,0.0,0.0,0.0,0.0,0.0,0.0,0.0,0.0,0.0,0.0,0.0,0.0,1.18,2.37,2.37,0.0,0.0,0.0,0.0,0.0,0.0,0.0,0.0,0.0,0.0,87.63,79.34,8.29,90.54,28.42,50.92,24.87,0.0,0.0,3.55,50.0,1,0,76,1.18,0.0,2.37,1.18,9.47,0.0,4.74,57.14,1.18,33.33,3.55,75.0
157,149734,Premier League,23/24,Manchester City,Aymeric Laporte,Defender,7.0,0.0,0.33,0.0,8.18,8.18,0.0,0.0,0.0,0.0,0.0,0.0,0.0,0.0,0.0,0.0,0.0,0.0,0.0,0.0,0.0,0.0,0.0,0.0,0.0,0.0,8.18,8.18,0.0,0.0,0.0,0.0,0.0,0.0,0.0,0.0,0.0,0.0,90.0,90.0,0.0,100.0,57.27,32.73,0.0,0.0,0.0,0.0,0.0,1,0,11,0.0,0.0,0.0,0.0,0.0,0.0,0.0,0.0,0.0,0.0,0.0,0.0
158,599128,Premier League,23/24,Brentford,Rico Henry,Defender,7.0,0.0,0.02,0.0,0.45,0.0,0.45,0.0,1.57,87.5,0.0,0.0,0.0,0.0,0.0,0.0,0.45,0.0,0.0,0.0,0.0,0.0,0.0,0.0,1.57,1.12,1.12,0.67,0.22,0.22,0.0,0.0,0.0,0.22,0.45,0.22,0.22,1.34,34.93,29.55,5.37,84.62,17.69,12.31,8.28,0.45,18.18,1.79,61.54,5,5,402,0.22,0.0,0.9,1.34,11.64,1.57,5.37,57.14,4.48,62.5,0.9,40.0
159,786259,Premier League,23/24,Liverpool FC,Kostas Tsimikas,Defender,7.0,0.0,0.01,0.0,0.39,0.0,0.26,0.0,0.51,28.57,0.0,0.0,0.0,0.0,0.0,0.0,0.13,0.0,0.0,0.0,0.0,0.0,0.0,0.0,2.44,0.77,1.16,0.13,0.77,0.0,0.0,0.0,0.0,0.39,0.26,0.39,0.0,2.05,46.22,39.54,6.68,85.56,17.72,24.27,11.17,2.44,26.39,1.54,44.44,13,8,701,0.0,0.0,1.41,0.9,18.1,0.51,4.24,42.86,3.72,49.15,0.51,22.22
160,1403050,Premier League,23/24,Chelsea,Josh Acheampong,Defender,7.0,0.0,0.0,0.0,0.0,0.0,0.0,0.0,0.0,0.0,0.0,0.0,0.0,0.0,0.0,0.0,0.0,0.0,0.0,0.0,0.0,0.0,0.0,0.0,0.0,0.0,0.0,22.5,0.0,0.0,0.0,0.0,0.0,0.0,0.0,0.0,0.0,0.0,7.5,0.0,7.5,0.0,0.0,0.0,0.0,0.0,0.0,0.0,0.0,1,0,12,0.0,0.0,0.0,0.0,7.5,0.0,0.0,0.0,0.0,0.0,0.0,0.0
161,998247,Premier League,23/24,Tottenham Hotspur,Micky van de Ven,Defender,7.0,0.12,0.02,0.0,0.31,0.12,0.15,37.5,0.58,62.5,0.12,0.0,0.0,0.12,0.0,0.0,0.04,0.0,0.0,0.0,0.0,0.0,0.0,0.0,1.88,0.69,2.73,0.58,0.35,0.0,0.04,0.04,0.0,0.19,0.0,0.0,0.0,0.04,68.52,64.6,3.92,94.28,42.27,22.33,6.46,0.0,0.0,1.58,60.29,27,27,2342,0.19,0.0,0.5,0.65,5.69,0.46,4.57,58.62,3.11,65.32,1.46,48.1
162,996911,Premier League,23/24,Chelsea,Levi Colwill,Defender,7.0,0.05,0.07,0.0,0.55,0.15,0.25,9.09,0.45,69.23,0.05,0.0,0.05,0.0,0.0,0.0,0.2,0.0,0.0,0.0,0.0,0.0,0.0,0.0,2.4,1.3,3.2,0.5,0.4,0.0,0.0,0.0,0.0,0.2,0.15,0.05,0.0,0.35,52.71,43.95,8.76,83.38,25.48,18.47,7.26,0.0,0.0,2.15,38.39,23,20,1798,0.1,0.0,1.25,0.7,11.46,0.2,5.71,65.14,3.5,63.06,2.2,68.75
163,254491,Premier League,23/24,Manchester City,Ederson,Goalkeeper,7.0,0.0,0.0,0.0,0.0,0.0,0.0,0.0,0.03,100.0,0.0,0.0,0.0,0.0,0.0,0.0,0.0,0.0,0.0,0.0,0.0,0.0,0.0,0.0,0.0,0.0,0.52,0.0,0.03,0.0,0.03,0.03,0.0,0.32,0.0,0.0,0.0,0.03,35.41,30.41,5.0,85.87,27.79,2.61,1.19,0.0,0.0,5.97,56.06,33,33,2788,0.16,0.0,0.06,0.13,5.07,0.0,0.42,81.25,0.13,57.14,0.29,100.0
164,980643,Premier League,23/24,Burnley,James Trafford,Goalkeeper,6.99,0.0,0.0,0.0,0.0,0.0,0.0,0.0,0.07,100.0,0.0,0.0,0.0,0.0,0.0,0.0,0.0,0.0,0.0,0.0,0.0,0.0,0.0,0.0,0.07,0.04,1.36,0.0,0.0,0.04,0.0,0.0,0.0,0.07,0.0,0.0,0.0,0.0,48.86,30.32,18.54,62.06,26.46,3.86,1.46,0.0,0.0,6.5,26.57,28,28,2520,0.07,0.0,0.0,0.18,19.04,0.0,0.82,88.46,0.21,100.0,0.61,85.0
165,162653,Premier League,23/24,Newcastle United,Nick Pope,Goalkeeper,6.99,0.0,0.0,0.0,0.07,0.0,0.07,0.0,0.0,0.0,0.0,0.0,0.0,0.0,0.0,0.0,0.0,0.0,0.0,0.0,0.0,0.0,0.0,0.0,0.0,0.0,1.14,0.0,0.07,0.07,0.07,0.0,0.0,0.33,0.0,0.0,0.0,0.0,20.79,14.78,6.02,71.06,12.64,2.14,0.6,0.0,0.0,3.08,34.85,15,15,1346,0.07,0.0,0.0,0.2,6.15,0.0,0.4,75.0,0.2,75.0,0.2,75.0
166,973556,Premier League,23/24,Brighton & Hove Albion,Julio Enciso,Midfielder,6.99,0.0,0.27,0.37,5.23,1.49,2.61,0.0,3.17,70.83,0.0,0.0,0.0,0.0,0.0,0.0,0.19,0.0,0.0,0.0,0.0,0.0,0.0,0.0,1.12,0.0,0.56,0.0,0.93,0.0,0.0,0.0,0.0,0.0,0.75,0.37,0.0,1.68,31.18,24.09,7.1,77.25,8.22,16.24,10.08,0.37,25.0,0.75,80.0,12,5,482,0.37,0.0,1.12,1.87,14.38,1.49,6.35,55.74,6.16,56.9,0.19,33.33
167,830659,Premier League,23/24,Bournemouth,Marcos Senesi,Defender,6.99,0.16,0.08,0.0,0.52,0.16,0.36,30.77,0.44,57.89,0.16,0.0,0.12,0.0,0.04,0.04,0.0,0.0,0.0,0.0,0.0,0.0,0.0,0.0,2.18,1.39,4.17,0.91,1.27,0.0,0.04,0.0,0.0,0.16,0.08,0.2,0.0,0.87,49.96,39.21,10.75,78.47,22.34,17.3,8.25,0.44,44.0,4.96,44.17,31,26,2268,0.52,0.0,1.63,0.44,13.1,0.44,4.52,46.53,2.9,44.79,1.63,50.0
168,1136731,Premier League,23/24,Manchester City,Rico Lewis,Defender,6.99,0.22,0.07,0.0,0.56,0.45,0.11,40.0,0.45,50.0,0.22,0.0,0.0,0.0,0.22,0.0,0.0,0.0,0.0,0.0,0.0,0.0,0.0,0.0,1.12,0.45,0.33,0.11,0.45,0.0,0.0,0.0,0.0,0.0,0.45,0.0,0.0,1.45,59.52,54.16,5.36,90.99,23.45,30.71,17.42,0.0,0.0,0.89,44.44,16,8,806,0.11,0.0,0.78,2.23,7.7,1.34,3.8,51.52,3.8,56.67,0.0,0.0
169,548188,Premier League,23/24,Bournemouth,Lewis Cook,Midfielder,6.99,0.0,0.01,0.0,0.39,0.13,0.16,0.0,0.68,60.0,0.0,0.0,0.0,0.0,0.0,0.0,0.06,0.0,0.0,0.0,0.0,0.0,0.0,0.0,1.97,2.1,1.39,0.35,0.93,0.03,0.0,0.0,0.0,0.23,0.1,0.1,0.03,1.52,43.29,35.17,8.12,81.24,17.37,18.89,8.77,1.1,25.76,1.64,38.35,33,32,2792,0.16,0.03,1.26,0.52,13.57,0.61,4.51,52.04,3.16,50.0,1.35,57.53
170,560128,Premier League,23/24,Newcastle United,Joelinton,Midfielder,6.99,0.14,0.22,0.21,1.33,0.63,0.42,10.53,1.19,60.71,0.14,0.0,0.0,0.0,0.14,0.07,0.0,0.0,0.0,0.0,0.0,0.0,0.0,0.0,2.74,1.33,0.7,0.49,1.68,0.0,0.07,0.0,0.0,0.14,0.35,0.07,0.0,1.61,43.24,36.29,6.95,83.93,14.53,21.76,11.58,0.0,0.0,0.77,61.11,20,15,1282,0.42,0.0,1.97,1.61,12.07,1.97,6.81,44.29,5.55,46.75,1.26,36.0
171,833943,Premier League,23/24,Nottingham Forest,Matt Turner,Goalkeeper,6.98,0.0,0.0,0.0,0.0,0.0,0.0,0.0,0.0,0.0,0.0,0.0,0.0,0.0,0.0,0.0,0.0,0.0,0.0,0.0,0.0,0.0,0.0,0.0,0.0,0.0,0.76,0.0,0.0,0.18,0.06,0.0,0.0,0.12,0.0,0.0,0.0,0.0,27.82,17.71,10.12,63.64,12.12,5.59,1.65,0.0,0.0,8.12,45.1,17,17,1530,0.12,0.0,0.0,0.18,10.65,0.0,0.41,100.0,0.06,100.0,0.35,100.0
172,1002711,Premier League,23/24,Tottenham Hotspur,Pape Matar Sarr,Midfielder,6.98,0.13,0.15,0.13,1.55,0.6,0.47,8.33,0.82,52.78,0.13,0.0,0.0,0.09,0.04,0.04,0.0,0.0,0.0,0.0,0.0,0.0,0.0,0.0,1.46,1.33,1.21,0.22,0.9,0.0,0.04,0.0,0.0,0.09,0.09,0.13,0.0,0.86,56.51,50.14,6.37,88.73,20.44,29.91,15.58,0.22,20.0,1.21,70.0,34,27,2091,0.39,0.0,1.38,0.73,10.37,0.65,4.05,45.85,3.01,45.45,1.03,47.06
173,803174,Premier League,23/24,Fulham,Antonee Robinson,Defender,6.98,0.0,0.02,0.06,0.44,0.19,0.08,0.0,1.02,51.39,0.0,0.0,0.0,0.0,0.0,0.0,0.08,0.0,0.0,0.0,0.0,0.0,0.0,0.0,2.56,2.2,3.0,0.22,1.6,0.03,0.06,0.0,0.06,0.19,0.17,0.17,0.03,0.94,44.83,34.05,10.79,75.94,17.97,16.9,8.94,0.83,22.73,2.78,46.98,37,37,3270,0.17,0.0,0.94,0.55,17.92,0.44,5.28,53.19,4.13,51.37,1.16,60.87
174,894474,Premier League,23/24,Wolverhampton,Max Kilman,Defender,6.98,0.05,0.05,0.03,0.37,0.16,0.16,14.29,0.26,76.92,0.05,0.0,0.0,0.05,0.0,0.0,0.05,0.0,0.0,0.0,0.0,0.0,0.0,0.0,1.24,1.03,4.71,0.97,0.21,0.0,0.11,0.03,0.0,0.13,0.11,0.0,0.0,0.45,60.16,51.89,8.26,86.26,36.71,15.21,4.76,0.03,16.67,3.79,46.45,38,38,3420,0.18,0.0,1.0,0.47,9.24,0.26,4.24,63.14,1.89,55.38,2.34,71.2
175,187861,Premier League,23/24,Sheffield United,Wes Foderingham,Goalkeeper,6.98,0.0,0.0,0.0,0.0,0.0,0.0,0.0,0.07,100.0,0.0,0.0,0.0,0.0,0.0,0.0,0.0,0.0,0.0,0.0,0.0,0.0,0.0,0.0,0.17,0.0,0.99,0.0,0.03,0.17,0.03,0.0,0.03,0.03,0.0,0.0,0.0,0.03,32.08,16.89,15.19,52.65,10.57,6.32,1.5,0.0,0.0,7.78,34.13,30,29,2648,0.07,0.0,0.03,0.41,15.67,0.03,0.68,86.96,0.51,88.24,0.17,83.33
176,355528,Premier League,23/24,Fulham,Harry Wilson,Midfielder,6.98,0.22,0.19,0.11,2.22,0.72,0.89,10.0,0.83,48.39,0.11,0.11,0.0,0.22,0.0,0.11,0.28,0.06,0.0,0.0,0.0,0.0,0.17,0.0,1.17,0.55,0.61,0.17,0.94,0.0,0.0,0.0,0.0,0.06,0.28,0.33,0.06,1.28,32.29,25.58,6.71,79.21,8.99,17.26,9.93,0.67,28.57,1.61,61.7,35,16,1622,0.33,0.0,1.17,2.22,11.93,0.67,4.49,52.94,4.22,53.52,0.28,45.45
177,799251,Premier League,23/24,Brentford,Mathias Jensen,Midfielder,6.97,0.12,0.03,0.0,0.57,0.28,0.16,21.43,0.73,43.9,0.08,0.04,0.0,0.04,0.08,0.0,0.08,0.04,0.0,0.0,0.0,0.04,0.12,33.33,2.19,0.93,0.97,0.24,2.8,0.0,0.04,0.0,0.0,0.04,0.37,0.12,0.0,1.66,39.46,31.01,8.44,78.6,14.57,18.19,10.27,1.75,38.05,3.33,56.94,32,27,2217,0.2,0.0,1.14,0.77,16.24,0.73,3.9,39.34,3.65,39.65,0.24,35.29
178,82566,Premier League,23/24,Fulham,Tom Cairney,Midfielder,6.97,0.06,0.06,0.0,1.02,0.48,0.36,5.88,1.56,83.87,0.06,0.0,0.0,0.06,0.0,0.06,0.0,0.06,0.0,0.0,0.0,0.0,0.0,0.0,1.44,0.78,0.36,0.24,0.72,0.0,0.0,0.0,0.06,0.18,0.3,0.24,0.0,1.56,74.46,67.26,7.2,90.33,29.46,38.1,21.9,0.3,20.0,2.46,58.57,34,14,1500,0.18,0.0,0.96,1.38,12.48,1.44,5.22,58.78,4.38,57.03,0.84,70.0
179,826204,Premier League,23/24,Aston Villa,Boubacar Kamara,Midfielder,6.97,0.0,0.01,0.0,0.27,0.05,0.16,0.0,0.76,53.85,0.0,0.0,0.0,0.0,0.0,0.0,0.0,0.0,0.0,0.0,0.0,0.0,0.0,0.0,2.33,1.14,0.81,0.38,1.25,0.0,0.0,0.0,0.0,0.22,0.05,0.05,0.0,1.08,55.52,49.55,5.96,89.26,25.43,24.13,10.68,0.0,0.0,2.22,60.29,20,20,1660,0.38,0.05,1.9,1.57,8.62,0.7,5.69,49.3,4.61,50.6,1.08,44.44
180,290927,Premier League,23/24,Brentford,Ivan Toney,Forward,6.97,0.25,0.37,0.68,3.17,1.37,1.12,7.84,0.62,50.0,0.19,0.06,0.0,0.0,0.25,0.06,0.43,0.0,0.0,0.0,0.0,0.06,0.5,12.5,0.93,0.62,1.06,0.06,0.5,0.0,0.0,0.0,0.0,0.19,0.19,0.12,0.0,0.75,24.1,13.42,10.68,55.67,4.04,9.75,5.96,0.37,27.27,0.25,23.53,17,16,1449,0.31,0.0,1.49,1.8,17.7,1.06,6.71,47.58,3.29,49.07,3.42,46.22
181,876643,Premier League,23/24,Everton,Vitaliy Mykolenko,Defender,6.96,0.07,0.05,0.04,0.95,0.18,0.36,7.69,0.66,62.07,0.07,0.0,0.04,0.0,0.04,0.07,0.04,0.0,0.0,0.0,0.0,0.0,0.0,0.0,2.51,1.31,2.99,0.4,0.91,0.0,0.0,0.0,0.0,0.33,0.07,0.0,0.0,0.47,32.12,24.08,8.05,74.94,11.98,12.57,5.75,0.47,23.21,1.97,40.3,28,28,2471,0.04,0.0,0.84,0.33,13.11,0.4,4.59,56.5,3.5,57.83,1.09,52.63
182,138534,Premier League,23/24,Chelsea,Raheem Sterling,Forward,6.96,0.36,0.29,0.5,2.32,1.0,0.68,15.69,2.04,39.13,0.32,0.05,0.0,0.14,0.23,0.09,0.45,0.14,0.0,0.0,0.0,0.05,0.23,20.0,0.95,0.59,0.36,0.0,0.64,0.0,0.05,0.0,0.0,0.05,0.32,0.18,0.0,1.36,29.89,23.72,6.18,79.33,4.77,19.4,11.95,0.45,16.95,0.27,66.67,31,22,1981,0.32,0.0,1.54,1.86,16.58,2.0,4.95,38.79,4.86,40.38,0.09,12.5
183,786186,Premier League,23/24,Wolverhampton,Hwang Hee-chan,Forward,6.96,0.51,0.33,0.34,1.91,0.76,0.72,26.67,1.53,54.55,0.51,0.0,0.08,0.08,0.34,0.08,0.64,0.04,0.04,0.04,100.0,0.0,0.0,0.0,0.85,0.42,0.34,0.04,0.64,0.0,0.0,0.04,0.0,0.08,0.17,0.13,0.0,0.72,22.46,17.46,5.0,77.74,7.8,9.75,6.14,0.08,18.18,0.42,58.82,29,25,2124,0.25,0.0,1.31,1.36,10.47,1.31,4.03,39.09,3.73,45.83,0.3,13.73
184,367228,Premier League,23/24,Sheffield United,Oli McBurnie,Forward,6.96,0.42,0.48,0.49,2.29,1.18,0.69,18.18,0.42,37.5,0.42,0.0,0.07,0.07,0.28,0.14,0.28,0.07,0.14,0.14,100.0,0.0,0.0,0.0,1.18,0.35,1.95,0.14,0.49,0.0,0.0,0.0,0.0,0.0,0.21,0.21,0.0,0.83,27.66,16.68,10.98,60.3,4.86,11.95,6.74,0.14,40.0,0.07,20.0,21,15,1295,0.21,0.14,1.32,1.88,15.29,1.25,11.12,48.93,3.2,47.42,7.92,49.57
185,125274,Premier League,23/24,Manchester City,Stefan Ortega,Goalkeeper,6.96,0.0,0.0,0.0,0.0,0.0,0.0,0.0,0.0,0.0,0.0,0.0,0.0,0.0,0.0,0.0,0.0,0.0,0.0,0.0,0.0,0.0,0.0,0.0,0.0,0.0,0.43,0.0,0.0,0.0,0.14,0.0,0.0,0.14,0.0,0.0,0.0,0.0,34.46,26.91,7.55,78.1,24.64,2.28,0.28,0.0,0.0,5.13,41.86,9,5,632,0.0,0.0,0.0,0.14,7.55,0.0,0.28,100.0,0.14,100.0,0.14,100.0
186,855817,Premier League,23/24,Aston Villa,Moussa Diaby,Midfielder,6.96,0.25,0.29,0.29,2.21,0.94,0.66,11.11,1.19,43.94,0.16,0.08,0.0,0.12,0.12,0.04,0.25,0.0,0.0,0.0,0.0,0.0,0.0,0.0,0.49,0.37,0.2,0.04,0.74,0.0,0.0,0.0,0.0,0.0,0.53,0.33,0.0,1.93,23.31,19.25,4.06,82.6,6.55,13.15,9.18,0.45,24.44,0.37,56.25,38,25,2197,0.04,0.0,0.66,0.61,9.79,1.23,2.38,33.53,2.29,35.9,0.08,11.76
187,132874,Premier League,23/24,Arsenal,Jorginho,Midfielder,6.96,0.0,0.01,0.0,0.39,0.0,0.19,0.0,0.19,40.0,0.0,0.0,0.0,0.0,0.0,0.0,0.0,0.0,0.0,0.0,0.0,0.0,0.0,0.0,2.31,1.16,0.67,0.1,1.16,0.1,0.0,0.0,0.0,0.1,0.19,0.19,0.0,0.96,74.49,67.16,7.32,90.17,26.02,41.24,23.51,0.1,33.33,3.66,71.7,24,10,934,0.1,0.0,0.87,1.45,9.44,0.39,4.63,57.83,3.95,59.42,0.67,50.0
188,827362,Premier League,23/24,Liverpool FC,Caoimhin Kelleher,Goalkeeper,6.96,0.0,0.0,0.0,0.0,0.0,0.0,0.0,0.0,0.0,0.0,0.0,0.0,0.0,0.0,0.0,0.0,0.0,0.0,0.0,0.0,0.0,0.0,0.0,0.0,0.0,0.7,0.0,0.0,0.1,0.0,0.0,0.0,0.2,0.0,0.0,0.0,0.1,38.7,30.7,8.0,79.33,27.9,2.8,1.0,0.0,0.0,4.4,35.77,10,10,900,0.0,0.0,0.0,0.0,8.3,0.0,0.4,100.0,0.0,0.0,0.4,100.0
189,333373,Premier League,23/24,Newcastle United,Miguel Almirón,Midfielder,6.95,0.14,0.21,0.18,1.89,0.55,0.92,7.32,1.06,51.11,0.09,0.05,0.0,0.14,0.0,0.09,0.46,0.0,0.0,0.0,0.0,0.0,0.0,0.0,1.66,0.46,0.55,0.09,0.83,0.0,0.0,0.0,0.0,0.09,0.28,0.05,0.0,1.1,35.31,30.29,5.02,85.79,10.91,19.57,12.75,0.18,16.67,0.6,65.0,33,23,1955,0.09,0.0,0.74,1.01,10.04,1.24,4.01,49.43,3.73,49.69,0.28,46.15
190,863653,Premier League,23/24,Manchester United,Aaron Wan-Bissaka,Defender,6.95,0.0,0.01,0.0,0.15,0.05,0.0,0.0,0.86,65.38,0.0,0.0,0.0,0.0,0.0,0.0,0.0,0.0,0.0,0.0,0.0,0.0,0.0,0.0,2.12,2.07,2.73,0.76,0.35,0.0,0.05,0.05,0.0,0.15,0.05,0.1,0.0,0.61,42.04,34.87,7.18,82.93,16.47,18.6,9.2,0.2,28.57,0.66,31.71,22,20,1781,0.2,0.0,0.86,0.45,10.31,0.45,4.5,59.33,3.44,61.82,1.06,52.5
191,99090,Premier League,23/24,Newcastle United,Dan Burn,Defender,6.95,0.07,0.1,0.13,0.76,0.2,0.36,8.7,0.13,66.67,0.07,0.0,0.03,0.03,0.0,0.0,0.13,0.0,0.0,0.0,0.0,0.0,0.0,0.0,2.01,1.22,3.92,0.82,1.15,0.0,0.03,0.03,0.0,0.23,0.1,0.07,0.0,0.33,49.41,40.06,9.36,81.07,28.43,11.76,4.05,0.13,36.36,0.82,27.47,33,32,2732,0.13,0.0,1.05,0.36,11.37,0.33,5.83,58.42,2.44,49.01,3.39,67.76
192,799041,Premier League,23/24,West Ham United,Tomáš Souček,Midfielder,6.95,0.22,0.21,0.34,1.34,0.47,0.62,16.28,0.12,36.36,0.19,0.03,0.03,0.06,0.12,0.03,0.31,0.0,0.0,0.0,0.0,0.0,0.0,0.0,1.66,1.16,3.34,0.87,0.81,0.0,0.0,0.03,0.0,0.16,0.12,0.06,0.0,0.62,29.58,22.4,7.19,75.71,12.09,10.37,5.06,0.06,33.33,0.97,44.93,37,34,2881,0.22,0.0,1.28,0.75,8.72,0.37,5.9,54.0,2.53,50.31,3.37,57.14
193,190839,Premier League,23/24,Manchester United,Luke Shaw,Defender,6.95,0.0,0.0,0.0,0.19,0.0,0.19,0.0,0.65,63.64,0.0,0.0,0.0,0.0,0.0,0.0,0.0,0.0,0.0,0.0,0.0,0.0,0.0,0.0,1.03,0.56,3.46,1.03,0.56,0.0,0.0,0.0,0.0,0.19,0.09,0.0,0.0,1.22,51.55,44.16,7.39,85.66,26.01,18.99,9.26,0.84,27.27,1.5,41.03,12,12,962,0.56,0.0,1.31,0.28,13.28,0.56,3.18,46.58,1.96,42.0,1.22,56.52
194,814873,Premier League,23/24,Brentford,Vitaly Janelt,Midfielder,6.95,0.03,0.05,0.06,0.62,0.21,0.18,4.76,0.23,53.33,0.03,0.0,0.0,0.03,0.0,0.03,0.09,0.03,0.0,0.0,0.0,0.0,0.0,0.0,1.85,1.06,1.67,0.26,0.94,0.03,0.06,0.0,0.0,0.12,0.15,0.09,0.0,1.09,38.3,30.59,7.71,79.86,15.4,15.78,8.48,0.59,33.9,1.76,45.45,38,37,3069,0.23,0.0,0.79,0.82,10.41,0.29,3.9,57.08,2.9,57.56,1.0,55.74
195,793167,Premier League,23/24,Burnley,Sander Berge,Midfielder,6.95,0.03,0.06,0.06,0.75,0.09,0.42,4.0,0.6,55.56,0.0,0.03,0.0,0.0,0.03,0.03,0.06,0.0,0.0,0.0,0.0,0.0,0.0,0.0,2.28,0.69,1.74,0.6,0.72,0.06,0.0,0.0,0.0,0.06,0.15,0.06,0.0,0.87,46.33,41.15,5.18,88.82,20.64,20.55,10.99,0.03,8.33,2.49,71.55,37,34,3005,0.24,0.03,1.2,0.57,7.43,0.69,5.36,54.41,3.41,53.02,1.95,57.02
196,976037,Premier League,23/24,Arsenal,Jakub Kiwior,Defender,6.95,0.09,0.08,0.28,0.56,0.28,0.09,16.67,0.19,66.67,0.09,0.0,0.09,0.0,0.0,0.0,0.0,0.0,0.0,0.0,0.0,0.0,0.0,0.0,1.85,0.74,2.22,0.28,0.46,0.0,0.09,0.0,0.0,0.46,0.09,0.28,0.0,0.56,50.42,43.29,7.14,85.85,19.74,23.82,10.84,0.28,25.0,1.95,50.0,20,11,971,0.09,0.0,0.93,0.28,10.66,0.19,3.71,57.97,2.22,57.14,1.48,59.26
197,907668,Premier League,23/24,Brighton & Hove Albion,Billy Gilmour,Midfielder,6.95,0.0,0.04,0.0,1.06,0.21,0.38,0.0,0.34,38.1,0.0,0.0,0.0,0.0,0.0,0.0,0.0,0.0,0.0,0.0,0.0,0.0,0.0,0.0,1.1,0.47,0.59,0.38,1.02,0.0,0.04,0.0,0.0,0.13,0.13,0.04,0.0,0.93,87.46,80.6,6.86,92.15,41.29,39.77,17.03,0.47,32.35,2.71,62.14,30,24,2125,0.34,0.04,0.93,1.27,10.33,0.38,3.18,46.01,2.71,48.85,0.47,34.38
198,358394,Premier League,23/24,Burnley,Josh Brownhill,Midfielder,6.95,0.16,0.08,0.04,1.11,0.44,0.48,14.29,0.28,53.85,0.12,0.04,0.0,0.12,0.04,0.0,0.08,0.0,0.0,0.0,0.0,0.0,0.0,0.0,2.42,1.35,1.59,0.32,0.4,0.0,0.04,0.04,0.0,0.08,0.0,0.08,0.0,1.35,40.85,32.78,8.07,80.25,14.98,18.32,11.36,0.52,22.81,1.75,45.36,33,23,2265,0.16,0.04,1.51,0.95,11.76,0.56,5.01,55.51,3.58,56.96,1.43,52.17
199,50480,Premier League,23/24,Nottingham Forest,Chris Wood,Forward,6.94,0.69,0.58,0.59,2.35,1.27,0.73,29.17,0.29,40.0,0.64,0.05,0.24,0.24,0.2,0.1,0.34,0.0,0.0,0.0,0.0,0.0,0.0,0.0,0.34,0.05,1.27,0.15,0.29,0.0,0.0,0.05,0.0,0.0,0.15,0.05,0.0,1.08,21.09,13.61,7.49,64.5,5.29,8.32,4.11,0.0,0.0,0.29,60.0,31,20,1839,0.0,0.0,1.08,0.64,11.5,1.03,4.8,38.74,1.22,30.49,3.57,42.69
200,971037,Premier League,23/24,Manchester United,Amad Diallo,Forward,6.94,0.23,0.12,0.0,2.32,0.93,0.7,10.0,2.55,52.38,0.23,0.0,0.0,0.23,0.0,0.0,0.0,0.0,0.0,0.0,0.0,0.0,0.0,0.0,2.32,0.23,1.39,0.23,0.93,0.0,0.0,0.0,0.0,0.0,0.23,0.23,0.0,2.32,38.74,34.1,4.64,88.02,9.51,24.59,11.83,0.0,0.0,0.7,75.0,9,3,388,0.23,0.0,1.16,0.93,12.29,3.25,6.73,42.65,5.8,43.1,0.93,40.0
201,1085180,Premier League,23/24,Tottenham Hotspur,Brennan Johnson,Forward,6.94,0.19,0.41,0.66,2.05,0.81,0.7,9.43,1.04,39.13,0.19,0.0,0.0,0.04,0.15,0.08,0.5,0.0,0.0,0.0,0.0,0.0,0.0,0.0,1.16,0.39,0.35,0.08,0.81,0.0,0.04,0.0,0.0,0.04,0.46,0.39,0.0,1.78,27.08,20.74,6.33,76.6,5.29,16.11,10.39,0.66,24.29,0.27,28.0,35,26,2330,0.12,0.0,0.7,1.39,12.79,0.81,3.82,45.41,3.59,47.94,0.23,25.0
202,331737,Premier League,23/24,Aston Villa,Youri Tielemans,Midfielder,6.94,0.11,0.07,0.05,0.77,0.33,0.16,14.29,0.82,60.0,0.11,0.0,0.0,0.0,0.11,0.11,0.0,0.0,0.0,0.0,0.0,0.0,0.0,0.0,2.25,0.82,0.44,0.16,1.32,0.0,0.0,0.0,0.0,0.11,0.27,0.33,0.0,0.99,49.71,42.75,6.96,86.0,16.83,26.04,13.37,0.11,6.45,1.97,66.67,32,17,1642,0.16,0.0,1.21,1.59,11.51,1.21,5.37,53.26,4.66,52.47,0.71,59.09
203,882604,Premier League,23/24,Chelsea,Đorđe Petrović,Goalkeeper,6.94,0.0,0.0,0.0,0.0,0.0,0.0,0.0,0.0,0.0,0.0,0.0,0.0,0.0,0.0,0.0,0.0,0.0,0.0,0.0,0.0,0.0,0.0,0.0,0.0,0.0,0.9,0.0,0.0,0.09,0.05,0.0,0.0,0.23,0.0,0.0,0.0,0.0,31.91,24.37,7.54,76.38,22.34,2.03,0.41,0.0,0.0,4.2,35.91,23,22,1994,0.09,0.0,0.0,0.05,7.76,0.0,0.27,100.0,0.0,0.0,0.27,100.0
204,358108,Premier League,23/24,Nottingham Forest,Scott McKenna,Defender,6.94,0.0,0.05,0.0,0.43,0.0,0.43,0.0,0.0,0.0,0.0,0.0,0.0,0.0,0.0,0.0,0.0,0.0,0.0,0.0,0.0,0.0,0.0,0.0,0.86,1.08,5.4,0.86,0.22,0.0,0.0,0.0,0.0,0.22,0.0,0.0,0.0,0.65,36.47,28.27,8.2,77.51,19.64,8.63,2.81,0.0,0.0,1.51,30.43,5,5,417,0.0,0.0,0.65,0.43,11.22,0.0,5.61,78.79,1.29,60.0,4.32,86.96
205,827679,Premier League,23/24,Aston Villa,Ezri Konsa,Defender,6.94,0.03,0.07,0.09,0.56,0.15,0.26,5.26,0.56,76.0,0.03,0.0,0.0,0.0,0.03,0.0,0.0,0.03,0.0,0.0,0.0,0.0,0.0,0.0,1.58,0.82,1.99,0.59,0.12,0.06,0.03,0.03,0.0,0.18,0.03,0.0,0.0,0.23,57.2,52.72,4.48,92.17,33.42,19.42,6.79,0.12,23.53,1.35,56.1,35,35,3073,0.15,0.0,0.41,1.87,6.94,0.5,4.89,75.91,4.01,77.84,0.88,68.18
206,152077,Premier League,23/24,Manchester City,John Stones,Defender,6.94,0.08,0.09,0.0,0.34,0.17,0.0,25.0,0.08,20.0,0.08,0.0,0.0,0.0,0.08,0.0,0.0,0.0,0.0,0.0,0.0,0.0,0.0,0.0,0.17,0.85,1.69,0.59,0.25,0.0,0.0,0.0,0.0,0.34,0.0,0.0,0.0,0.51,70.29,65.81,4.48,93.62,33.58,32.23,15.48,0.0,0.0,2.11,64.1,16,12,1064,0.17,0.0,0.34,0.42,6.17,0.51,1.86,50.0,0.68,32.0,1.18,73.68
207,871765,Premier League,23/24,Nottingham Forest,Nicolás Domínguez,Midfielder,6.94,0.12,0.08,0.06,1.3,0.36,0.47,9.09,0.42,46.67,0.12,0.0,0.06,0.0,0.06,0.0,0.12,0.0,0.0,0.0,0.0,0.0,0.0,0.0,3.74,1.07,1.36,0.3,1.48,0.0,0.0,0.0,0.0,0.06,0.12,0.12,0.0,0.59,49.15,41.98,7.17,85.4,19.68,22.41,11.32,0.12,33.33,1.6,50.94,26,19,1518,0.24,0.0,1.54,0.95,9.9,0.42,6.34,55.73,5.1,56.58,1.25,52.5
208,1142315,Premier League,23/24,Brighton & Hove Albion,Jack Hinshelwood,Midfielder,6.94,0.31,0.21,0.31,1.45,0.83,0.52,21.43,0.0,0.0,0.31,0.0,0.21,0.0,0.1,0.1,0.1,0.0,0.0,0.0,0.0,0.0,0.0,0.0,1.45,1.45,1.66,0.21,0.83,0.0,0.0,0.1,0.0,0.1,0.1,0.0,0.0,0.83,45.0,37.97,7.03,84.37,22.45,15.72,8.17,0.21,20.0,0.52,22.73,12,8,870,0.1,0.0,1.14,0.31,9.93,0.21,2.48,42.11,1.76,40.48,0.72,46.67
209,1142175,Premier League,23/24,Manchester United,Kobbie Mainoo,Midfielder,6.94,0.14,0.04,0.0,0.51,0.23,0.14,27.27,1.44,58.49,0.14,0.0,0.0,0.0,0.14,0.0,0.0,0.0,0.0,0.0,0.0,0.0,0.0,0.0,2.18,1.02,1.25,0.56,1.11,0.05,0.0,0.0,0.0,0.0,0.0,0.05,0.0,0.7,40.01,34.67,5.34,86.66,17.5,17.22,8.35,0.05,16.67,0.97,52.5,24,24,1939,0.14,0.0,0.7,1.07,9.05,1.11,5.57,52.4,4.69,54.89,0.88,42.22
210,155997,Premier League,23/24,West Ham United,Emerson,Defender,6.93,0.03,0.04,0.06,0.54,0.11,0.29,5.26,0.69,42.86,0.0,0.03,0.0,0.03,0.0,0.03,0.03,0.06,0.0,0.0,0.0,0.0,0.0,0.0,3.04,1.23,2.52,0.43,0.95,0.0,0.0,0.03,0.03,0.14,0.06,0.06,0.0,0.72,41.08,34.06,7.02,82.91,15.93,18.42,8.48,0.29,20.41,1.2,37.17,36,35,3142,0.29,0.0,0.92,0.95,11.83,0.49,5.39,57.85,4.67,58.84,0.72,52.08
211,885908,Premier League,23/24,Chelsea,Reece James,Defender,6.93,0.0,0.07,0.0,1.47,0.21,0.84,0.0,1.89,69.23,0.0,0.0,0.0,0.0,0.0,0.0,0.42,0.0,0.0,0.0,0.0,0.0,0.63,0.0,2.94,0.63,1.47,0.84,0.42,0.0,0.21,0.0,0.0,0.0,1.47,0.42,0.21,2.73,56.01,47.2,8.81,84.27,24.97,23.71,14.69,1.47,25.0,2.94,58.33,10,5,429,0.0,0.42,0.84,1.05,17.2,1.26,7.55,63.16,5.87,63.64,1.68,61.54
212,197848,Premier League,23/24,Luton Town,Tom Lockyer,Defender,6.93,0.08,0.08,0.15,0.54,0.08,0.38,14.29,0.31,66.67,0.08,0.0,0.0,0.08,0.0,0.0,0.0,0.0,0.0,0.0,0.0,0.0,0.0,0.0,1.92,1.77,5.07,1.0,0.54,0.0,0.0,0.08,0.08,0.0,0.08,0.08,0.0,0.23,32.13,22.98,9.15,71.53,14.14,8.84,3.92,0.0,0.0,3.46,40.91,14,14,1171,0.31,0.0,1.15,0.77,10.15,0.15,5.38,62.5,3.0,60.94,2.38,64.58
213,879346,Premier League,23/24,Manchester United,Scott McTominay,Midfielder,6.93,0.33,0.27,0.28,2.06,0.89,0.66,15.91,0.38,44.44,0.33,0.0,0.19,0.05,0.09,0.0,0.28,0.0,0.0,0.0,0.0,0.0,0.0,0.0,2.3,0.66,2.53,0.56,0.52,0.0,0.0,0.05,0.0,0.33,0.09,0.05,0.0,0.52,30.16,24.58,5.58,81.49,11.12,13.46,6.71,0.0,0.0,0.84,60.0,32,18,1919,0.09,0.0,1.36,0.98,8.91,1.08,5.35,49.78,3.56,51.7,1.78,46.34
214,825719,Premier League,23/24,Fulham,Issa Diop,Defender,6.92,0.0,0.02,0.0,0.32,0.06,0.19,0.0,0.06,100.0,0.0,0.0,0.0,0.0,0.0,0.0,0.0,0.0,0.0,0.0,0.0,0.0,0.0,0.0,1.89,1.07,5.05,1.2,0.32,0.06,0.0,0.19,0.0,0.25,0.0,0.0,0.0,0.0,67.91,59.83,8.08,88.1,39.7,20.13,4.42,0.0,0.0,2.34,41.57,18,16,1426,0.13,0.06,1.07,0.25,8.71,0.32,3.79,58.25,2.21,57.38,1.58,59.52
215,958966,Premier League,23/24,Chelsea,Mykhailo Mudryk,Midfielder,6.92,0.28,0.25,0.23,1.99,0.68,0.91,14.29,2.21,55.71,0.23,0.06,0.0,0.11,0.17,0.06,0.06,0.11,0.0,0.0,0.0,0.0,0.0,0.0,1.19,0.51,0.34,0.06,1.25,0.0,0.0,0.0,0.0,0.0,0.34,0.11,0.0,1.82,27.07,20.83,6.24,76.94,5.84,15.83,9.76,0.85,19.23,0.79,77.78,31,18,1586,0.28,0.0,1.25,1.53,16.63,1.25,5.33,46.08,4.94,47.54,0.4,33.33
216,837495,Premier League,23/24,Sheffield United,Gustavo Hamer,Midfielder,6.92,0.12,0.09,0.03,1.51,0.46,0.59,8.16,0.86,50.0,0.09,0.03,0.0,0.03,0.09,0.0,0.18,0.0,0.0,0.0,0.0,0.0,0.18,0.0,1.2,0.89,0.99,0.28,1.32,0.0,0.0,0.03,0.0,0.03,0.31,0.18,0.03,2.19,30.24,22.23,8.01,73.52,8.68,14.56,8.81,1.02,28.7,1.29,33.87,36,34,2923,0.28,0.0,1.54,0.52,13.42,0.52,2.77,36.89,2.59,37.84,0.18,27.27
217,904835,Premier League,23/24,Arsenal,Fábio Vieira,Midfielder,6.92,0.31,0.39,0.0,2.16,0.62,1.23,14.29,0.62,25.0,0.31,0.0,0.0,0.31,0.0,0.0,0.62,0.62,0.31,0.31,100.0,0.0,0.0,0.0,0.92,0.62,0.31,0.0,0.0,0.0,0.0,0.0,0.0,0.0,0.62,0.62,0.0,1.54,41.3,36.68,4.62,88.81,8.94,28.66,16.34,0.92,20.0,1.23,66.67,11,2,292,0.0,0.31,2.47,3.08,14.49,1.54,4.93,47.06,4.62,45.45,0.31,100.0
218,988275,Premier League,23/24,Crystal Palace,Tyrick Mitchell,Midfielder,6.92,0.06,0.05,0.06,0.34,0.11,0.11,16.67,0.5,51.43,0.06,0.0,0.0,0.06,0.0,0.0,0.03,0.0,0.0,0.0,0.0,0.0,0.0,0.0,2.95,0.73,2.41,0.28,0.48,0.0,0.0,0.0,0.0,0.28,0.14,0.08,0.0,0.67,33.83,25.11,8.73,74.21,11.87,13.72,6.93,0.48,24.64,0.98,31.82,37,37,3208,0.17,0.0,0.62,0.45,15.18,0.79,4.49,59.7,3.9,62.9,0.59,44.68
219,359664,Premier League,23/24,Nottingham Forest,Taiwo Awoniyi,Forward,6.91,0.51,0.4,0.34,1.88,0.94,0.68,27.27,0.68,53.33,0.51,0.0,0.09,0.17,0.26,0.0,1.11,0.0,0.0,0.0,0.0,0.0,0.0,0.0,0.77,0.09,0.77,0.17,0.09,0.0,0.0,0.0,0.0,0.0,0.17,0.26,0.0,0.85,14.67,10.83,3.84,73.84,3.84,7.0,3.84,0.0,0.0,0.17,66.67,20,12,1055,0.17,0.0,0.77,1.36,8.96,0.94,4.61,41.54,2.82,54.1,1.79,30.43
220,138310,Premier League,23/24,Manchester United,Raphaël Varane,Defender,6.91,0.07,0.08,0.0,0.52,0.13,0.26,12.5,0.07,50.0,0.07,0.0,0.07,0.0,0.0,0.0,0.13,0.0,0.0,0.0,0.0,0.0,0.0,0.0,1.18,0.98,5.62,1.18,0.26,0.0,0.0,0.0,0.0,0.2,0.0,0.0,0.0,0.07,50.59,45.16,5.42,89.28,27.91,17.25,5.1,0.0,0.0,1.9,45.31,22,16,1377,0.13,0.0,0.52,0.2,6.27,0.13,2.81,68.25,1.44,59.46,1.37,80.77
221,927175,Premier League,23/24,Burnley,Jordan Beyer,Defender,6.91,0.0,0.04,0.0,0.36,0.0,0.15,0.0,0.29,66.67,0.0,0.0,0.0,0.0,0.0,0.0,0.0,0.0,0.0,0.0,0.0,0.0,0.0,0.0,2.54,1.16,4.94,1.09,0.73,0.07,0.0,0.0,0.0,0.15,0.07,0.07,0.0,0.22,62.16,55.4,6.76,89.12,43.98,11.41,2.98,0.0,0.0,3.42,55.95,15,15,1238,0.44,0.0,0.8,0.44,7.56,0.07,5.31,59.35,3.2,64.71,2.11,52.73
222,45959,Premier League,23/24,Luton Town,Thomas Kaminski,Goalkeeper,6.91,0.0,0.0,0.0,0.0,0.0,0.0,0.0,0.05,100.0,0.0,0.0,0.0,0.0,0.0,0.0,0.0,0.0,0.0,0.0,0.0,0.0,0.0,0.0,0.05,0.0,0.58,0.0,0.11,0.03,0.03,0.0,0.0,0.05,0.0,0.0,0.0,0.03,34.67,19.05,15.62,54.95,12.82,6.24,2.17,0.0,0.0,8.24,35.02,38,38,3406,0.08,0.0,0.0,0.08,15.85,0.0,0.29,73.33,0.18,63.64,0.11,100.0
223,96535,Premier League,23/24,Everton,Abdoulaye Doucouré,Midfielder,6.91,0.24,0.3,0.34,1.6,0.78,0.51,14.89,0.85,54.35,0.24,0.0,0.03,0.03,0.17,0.03,0.72,0.0,0.0,0.0,0.0,0.0,0.0,0.0,1.47,0.51,0.61,0.1,0.96,0.0,0.0,0.03,0.0,0.31,0.14,0.07,0.0,1.16,29.56,23.21,6.35,78.52,8.4,14.91,8.91,0.1,11.54,0.58,48.57,32,32,2637,0.24,0.0,1.81,0.27,11.74,1.43,3.41,35.34,2.59,35.02,0.82,36.36
224,958916,Premier League,23/24,Brentford,Nathan Collins,Defender,6.91,0.03,0.06,0.1,0.34,0.07,0.2,10.0,0.37,84.62,0.03,0.0,0.03,0.0,0.0,0.0,0.1,0.0,0.0,0.0,0.0,0.0,0.0,0.0,1.29,1.49,4.38,1.02,0.34,0.14,0.0,0.0,0.0,0.24,0.17,0.03,0.0,0.37,49.88,40.63,9.24,81.47,28.78,11.89,4.72,0.03,25.0,2.34,38.12,32,29,2649,0.1,0.0,0.41,0.78,11.14,0.44,4.93,66.82,2.45,66.06,2.48,67.59
225,979232,Premier League,23/24,Nottingham Forest,Anthony Elanga,Forward,6.9,0.18,0.24,0.37,2.0,0.85,0.74,9.26,1.04,40.0,0.15,0.04,0.04,0.04,0.11,0.11,0.7,0.0,0.0,0.0,0.0,0.0,0.0,0.0,1.22,0.3,0.59,0.07,0.74,0.04,0.0,0.0,0.0,0.07,0.52,0.33,0.04,1.22,23.81,17.93,5.88,75.31,6.54,11.65,7.4,0.26,12.07,0.26,35.0,36,25,2434,0.04,0.0,0.33,0.96,13.24,0.81,3.85,44.44,3.18,48.31,0.67,32.14
226,931278,Premier League,23/24,Wolverhampton,Rayan Aït-Nouri,Defender,6.9,0.08,0.13,0.19,0.92,0.31,0.42,8.33,2.38,61.39,0.08,0.0,0.04,0.0,0.04,0.0,0.31,0.04,0.0,0.0,0.0,0.0,0.0,0.0,2.73,0.58,1.19,0.23,0.81,0.0,0.0,0.04,0.0,0.0,0.12,0.04,0.0,0.96,39.85,34.52,5.34,86.61,15.97,18.85,8.87,0.31,19.51,0.88,42.59,33,29,2344,0.27,0.0,0.96,2.03,12.94,2.15,7.95,55.5,7.14,56.88,0.81,45.65
227,159675,Premier League,23/24,Arsenal,Mohamed Elneny,Midfielder,6.9,0.0,0.2,0.0,5.0,2.5,2.5,0.0,0.0,0.0,0.0,0.0,0.0,0.0,0.0,0.0,0.0,0.0,0.0,0.0,0.0,0.0,0.0,0.0,0.0,2.5,0.0,0.0,2.5,0.0,0.0,0.0,0.0,0.0,0.0,0.0,0.0,0.0,100.0,97.5,2.5,97.5,55.0,42.5,10.0,0.0,0.0,0.0,0.0,3,0,36,0.0,0.0,2.5,0.0,5.0,0.0,2.5,25.0,0.0,0.0,2.5,50.0
228,1401702,Premier League,23/24,Arsenal,Ethan Nwaneri,Midfielder,6.9,0.0,0.0,0.0,0.0,0.0,0.0,0.0,0.0,0.0,0.0,0.0,0.0,0.0,0.0,0.0,0.0,0.0,0.0,0.0,0.0,0.0,0.0,0.0,0.0,0.0,0.0,0.0,0.0,0.0,0.0,0.0,0.0,0.0,0.0,0.0,0.0,6.92,124.62,103.85,20.77,83.33,6.92,96.92,48.46,0.0,0.0,0.0,0.0,1,0,13,0.0,0.0,6.92,6.92,20.77,0.0,13.85,66.67,6.92,50.0,6.92,100.0
229,847151,Premier League,23/24,West Ham United,Edson Álvarez,Midfielder,6.9,0.04,0.05,0.0,0.64,0.11,0.23,5.88,1.02,65.85,0.04,0.0,0.0,0.0,0.04,0.0,0.04,0.0,0.0,0.0,0.0,0.0,0.0,0.0,3.02,1.59,2.64,0.76,1.32,0.0,0.0,0.04,0.0,0.11,0.0,0.04,0.0,0.45,45.13,38.86,6.27,86.11,21.79,17.11,6.72,0.04,25.0,2.27,54.05,31,28,2383,0.42,0.0,1.25,0.57,9.86,1.13,5.74,51.01,4.61,52.59,1.13,45.45
230,814590,Premier League,23/24,Manchester United,Marcus Rashford,Forward,6.9,0.27,0.26,0.27,2.44,0.82,0.71,11.29,1.89,47.52,0.2,0.08,0.0,0.0,0.27,0.08,0.47,0.04,0.08,0.08,100.0,0.0,0.04,0.0,0.75,0.16,0.79,0.04,0.67,0.0,0.0,0.0,0.0,0.2,0.24,0.08,0.04,1.02,26.83,21.25,5.58,79.21,6.29,15.05,10.21,0.08,5.71,1.02,55.32,33,26,2291,0.08,0.0,0.51,0.82,13.44,1.49,4.05,41.2,3.42,41.83,0.63,38.1
231,372344,Premier League,23/24,Everton,Dominic Calvert-Lewin,Forward,6.9,0.29,0.53,0.66,3.01,1.28,1.4,9.59,0.58,35.0,0.25,0.04,0.04,0.04,0.21,0.12,0.99,0.0,0.08,0.08,100.0,0.0,0.04,0.0,0.54,0.16,1.57,0.16,0.54,0.0,0.0,0.0,0.0,0.0,0.16,0.08,0.0,0.78,17.88,10.17,7.7,56.91,2.27,7.91,5.52,0.0,0.0,0.16,50.0,32,26,2185,0.08,0.0,1.28,1.32,12.73,1.03,8.07,45.27,2.27,38.19,5.81,48.79
232,1142679,Premier League,23/24,Burnley,Wilson Odobert,Forward,6.9,0.13,0.12,0.08,2.08,0.59,0.81,6.12,2.25,51.96,0.04,0.08,0.0,0.04,0.08,0.0,0.04,0.0,0.0,0.0,0.0,0.0,0.0,0.0,0.72,0.25,0.51,0.08,0.68,0.0,0.0,0.0,0.0,0.0,0.3,0.08,0.0,1.32,23.16,18.4,4.76,79.45,6.03,12.83,8.92,0.47,31.43,0.38,56.25,29,25,2118,0.13,0.0,0.38,0.81,11.6,1.27,4.12,44.91,3.78,46.11,0.34,34.78
233,800419,Premier League,23/24,Bournemouth,Tyler Adams,Midfielder,6.9,0.0,0.0,0.0,0.0,0.0,0.0,0.0,1.53,100.0,0.0,0.0,0.0,0.0,0.0,0.0,0.0,0.0,0.0,0.0,0.0,0.0,0.0,0.0,3.05,3.05,1.53,0.0,0.76,0.0,0.0,0.0,0.0,0.0,0.0,0.0,0.0,0.76,52.63,44.24,8.39,84.06,20.59,23.64,12.2,0.0,0.0,3.05,44.44,3,1,118,0.0,0.0,0.0,2.29,11.44,0.0,8.39,73.33,6.86,90.0,1.53,40.0
234,826134,Premier League,23/24,Chelsea,Trevoh Chalobah,Defender,6.9,0.09,0.02,0.0,0.19,0.19,0.0,50.0,0.09,50.0,0.09,0.0,0.09,0.0,0.0,0.0,0.0,0.0,0.0,0.0,0.0,0.0,0.0,0.0,1.52,0.76,4.64,0.66,0.47,0.0,0.0,0.0,0.0,0.19,0.0,0.0,0.09,0.28,72.0,64.52,7.48,89.61,45.38,19.14,6.25,0.0,0.0,2.27,39.34,13,10,950,0.09,0.0,0.28,0.28,9.19,0.28,3.69,53.42,1.89,64.52,1.8,45.24
235,318927,Premier League,23/24,Liverpool FC,Joe Gomez,Defender,6.89,0.0,0.04,0.0,0.95,0.1,0.6,0.0,0.75,55.56,0.0,0.0,0.0,0.0,0.0,0.0,0.0,0.0,0.0,0.0,0.0,0.0,0.0,0.0,2.36,0.95,2.26,0.2,1.66,0.0,0.1,0.0,0.0,0.25,0.1,0.05,0.0,1.1,57.67,49.74,7.93,86.25,24.09,26.0,11.14,0.35,17.95,2.41,58.54,32,17,1793,0.25,0.0,1.41,0.8,14.0,0.55,5.47,53.69,3.92,48.45,1.56,73.81
236,113956,Premier League,23/24,Newcastle United,Callum Wilson,Forward,6.89,0.82,0.8,0.54,3.17,1.9,0.82,25.71,1.27,48.28,0.82,0.0,0.09,0.09,0.63,0.09,0.36,0.0,0.18,0.18,100.0,0.0,0.0,0.0,0.45,0.18,0.36,0.0,0.36,0.0,0.0,0.0,0.0,0.18,0.18,0.09,0.0,0.73,14.32,9.34,4.98,65.19,2.99,6.34,4.26,0.0,0.0,0.18,40.0,20,9,993,0.27,0.0,1.45,1.54,14.14,3.17,4.08,34.62,3.26,34.29,0.82,36.0
237,858194,Premier League,23/24,Arsenal,Eddie Nketiah,Forward,6.89,0.42,0.38,0.33,3.16,1.0,1.5,13.16,0.67,34.78,0.33,0.08,0.0,0.0,0.42,0.17,0.67,0.17,0.0,0.0,0.0,0.0,0.0,0.0,1.0,0.33,0.33,0.0,0.42,0.0,0.0,0.0,0.0,0.08,0.17,0.17,0.0,0.75,17.38,13.89,3.49,79.9,3.91,9.98,5.57,0.0,0.0,0.0,0.0,27,10,1082,0.25,0.0,2.0,2.33,9.82,1.5,5.91,44.65,3.91,43.52,2.0,47.06
238,958380,Premier League,23/24,Manchester United,Antony,Midfielder,6.89,0.07,0.23,0.27,2.87,1.07,0.67,2.33,1.74,44.07,0.07,0.0,0.0,0.07,0.0,0.07,0.13,0.07,0.0,0.0,0.0,0.0,0.0,0.0,2.67,0.8,0.53,0.07,1.34,0.0,0.0,0.07,0.0,0.0,0.47,0.07,0.0,1.47,37.48,30.0,7.48,80.04,8.55,21.71,15.5,0.27,25.0,0.73,57.89,29,15,1347,0.33,0.0,1.27,2.14,13.76,1.27,6.68,47.39,6.55,52.69,0.13,8.0
239,833956,Premier League,23/24,Aston Villa,Matty Cash,Defender,6.89,0.08,0.18,0.17,1.39,0.55,0.42,6.06,0.5,37.5,0.08,0.0,0.0,0.0,0.08,0.0,0.0,0.0,0.0,0.0,0.0,0.0,0.0,0.0,2.27,0.76,2.18,0.59,1.26,0.0,0.0,0.04,0.04,0.08,0.25,0.08,0.0,0.55,43.19,36.3,6.89,84.05,19.03,17.65,8.57,0.38,23.08,1.3,35.63,29,23,2142,0.34,0.0,1.26,0.92,12.44,0.63,4.33,47.47,3.7,48.62,0.63,41.67
240,994546,Premier League,23/24,Newcastle United,Elliot Anderson,Midfielder,6.89,0.0,0.14,0.09,1.67,0.44,0.79,0.0,1.85,53.85,0.0,0.0,0.0,0.0,0.0,0.0,0.09,0.0,0.0,0.0,0.0,0.0,0.0,0.0,2.11,0.7,1.76,0.35,1.23,0.0,0.0,0.0,0.0,0.18,0.18,0.18,0.0,1.32,36.63,30.38,6.25,82.93,8.54,22.1,13.91,0.26,15.79,0.35,19.05,21,10,1022,0.26,0.0,1.85,1.67,14.0,1.94,7.31,48.82,5.64,46.72,1.67,57.58
241,791,Premier League,23/24,Brighton & Hove Albion,James Milner,Midfielder,6.89,0.0,0.03,0.0,0.58,0.12,0.23,0.0,0.35,42.86,0.0,0.0,0.0,0.0,0.0,0.12,0.35,0.0,0.0,0.0,0.0,0.0,0.0,0.0,2.31,0.93,1.5,0.0,0.58,0.0,0.0,0.12,0.0,0.12,0.23,0.23,0.0,1.85,57.84,49.97,7.87,86.4,18.74,32.16,18.97,0.93,27.59,2.2,61.29,15,11,778,0.35,0.0,1.16,0.46,13.42,0.69,3.82,46.48,3.12,51.92,0.69,31.58
242,576384,Premier League,23/24,Brentford,Kristoffer Ajer,Defender,6.89,0.1,0.06,0.0,0.58,0.19,0.24,16.67,0.48,83.33,0.1,0.0,0.05,0.0,0.05,0.0,0.05,0.0,0.0,0.0,0.0,0.0,0.0,0.0,1.84,1.21,3.77,0.53,0.63,0.05,0.0,0.0,0.0,0.1,0.24,0.05,0.0,0.58,34.92,26.5,8.41,75.9,16.1,10.64,5.17,0.24,22.73,1.5,36.05,28,21,1861,0.24,0.0,1.21,0.48,10.93,0.29,5.85,63.68,2.71,54.9,3.14,73.86
243,934354,Premier League,23/24,Bournemouth,Antoine Semenyo,Midfielder,6.89,0.34,0.2,0.21,2.97,1.32,0.81,11.43,2.12,47.62,0.34,0.0,0.0,0.17,0.17,0.04,0.13,0.04,0.0,0.0,0.0,0.0,0.0,0.0,1.02,0.25,0.85,0.08,0.76,0.0,0.0,0.0,0.0,0.08,0.25,0.08,0.0,1.23,24.93,18.52,6.41,74.28,5.44,13.42,8.2,0.34,17.78,0.64,45.45,33,25,2119,0.25,0.0,1.83,1.02,15.84,2.25,6.37,37.59,4.16,36.84,2.21,39.1
244,858195,Premier League,23/24,Brentford,Sergio Reguilón,Defender,6.89,0.0,0.06,0.0,0.99,0.12,0.52,0.0,0.93,51.61,0.0,0.0,0.0,0.0,0.0,0.06,0.23,0.0,0.0,0.0,0.0,0.0,0.0,0.0,3.37,1.22,2.21,0.35,1.45,0.06,0.0,0.06,0.0,0.17,0.35,0.23,0.0,1.62,37.49,28.38,9.11,75.7,11.55,18.34,9.28,1.51,25.74,1.33,36.51,25,18,1551,0.41,0.06,0.81,1.51,17.18,0.35,6.91,57.49,5.74,62.66,1.16,40.82
245,983572,Premier League,23/24,Tottenham Hotspur,Destiny Udogie,Defender,6.89,0.08,0.09,0.11,0.34,0.19,0.08,22.22,0.9,48.0,0.08,0.0,0.0,0.08,0.0,0.0,0.11,0.0,0.0,0.0,0.0,0.0,0.0,0.0,2.55,1.39,2.51,0.3,0.83,0.11,0.08,0.0,0.0,0.08,0.11,0.11,0.0,0.9,45.56,39.86,5.7,87.48,16.21,23.68,14.0,0.04,4.55,0.26,35.0,28,28,2398,0.19,0.04,1.91,1.35,11.63,0.98,5.63,49.83,4.8,50.79,0.83,44.9
246,1009386,Premier League,23/24,Manchester United,Hannibal Mejbri,Midfielder,6.88,0.65,0.0,0.0,0.65,0.65,0.0,100.0,1.3,66.67,0.0,0.65,0.0,0.0,0.65,0.0,0.65,0.0,0.0,0.0,0.0,0.0,0.0,0.0,1.96,0.0,0.0,0.65,1.3,0.0,0.0,0.0,0.0,0.65,0.0,0.0,0.0,1.3,24.13,20.22,3.91,83.78,5.22,15.0,9.13,0.0,0.0,1.3,66.67,5,1,138,0.65,0.0,3.26,3.91,12.39,2.61,8.48,44.83,7.17,47.83,1.3,33.33
247,866191,Premier League,23/24,Newcastle United,Sean Longstaff,Midfielder,6.88,0.2,0.22,0.23,1.34,0.49,0.39,14.63,0.36,50.0,0.2,0.0,0.0,0.03,0.16,0.0,0.07,0.0,0.0,0.0,0.0,0.0,0.0,0.0,1.77,0.56,0.72,0.23,1.27,0.0,0.0,0.0,0.0,0.29,0.16,0.07,0.0,0.65,39.52,31.97,7.55,80.89,15.56,16.67,8.7,0.26,32.0,1.44,53.66,35,30,2753,0.23,0.0,0.78,1.11,10.79,1.14,3.82,47.37,3.2,47.57,0.62,46.34
248,1015267,Premier League,23/24,Wolverhampton,João Gomes,Midfielder,6.88,0.07,0.06,0.03,0.88,0.27,0.24,7.69,0.88,53.06,0.07,0.0,0.03,0.0,0.03,0.07,0.03,0.0,0.0,0.0,0.0,0.0,0.0,0.0,4.32,0.61,0.98,0.27,1.86,0.0,0.07,0.07,0.0,0.1,0.07,0.03,0.0,0.67,41.74,34.76,6.99,83.27,17.89,17.28,7.53,0.4,48.0,1.05,39.24,34,32,2667,0.37,0.0,2.23,1.28,11.41,1.48,7.12,50.0,6.48,50.93,0.64,42.22
249,1106451,Premier League,23/24,Bournemouth,Dango Ouattara,Midfielder,6.88,0.07,0.19,0.15,2.19,0.51,0.95,3.33,1.53,51.22,0.07,0.0,0.07,0.0,0.0,0.0,0.29,0.0,0.0,0.0,0.0,0.0,0.0,0.0,3.28,1.6,2.41,0.22,1.09,0.0,0.0,0.0,0.0,0.15,0.07,0.15,0.0,1.24,32.67,22.1,10.58,67.63,9.12,13.57,7.88,0.58,22.22,1.24,36.96,30,12,1234,0.22,0.0,1.09,1.24,18.09,0.88,8.61,56.73,6.05,58.87,2.55,52.24
250,856719,Premier League,23/24,Burnley,Dara O'Shea,Defender,6.88,0.09,0.02,0.03,0.59,0.16,0.34,15.79,0.03,50.0,0.09,0.0,0.09,0.0,0.0,0.0,0.03,0.0,0.0,0.0,0.0,0.0,0.0,0.0,1.21,1.09,4.91,0.93,0.47,0.0,0.06,0.0,0.03,0.03,0.09,0.12,0.0,0.4,53.86,42.95,10.92,79.73,27.24,15.8,5.78,0.09,27.27,3.42,42.97,33,32,2894,0.16,0.03,1.12,0.47,11.79,0.03,5.66,60.26,1.71,51.4,3.95,65.13
251,931844,Premier League,23/24,Crystal Palace,Chris Richards,Defender,6.88,0.04,0.03,0.0,0.47,0.13,0.26,9.09,0.04,100.0,0.04,0.0,0.04,0.0,0.0,0.0,0.04,0.0,0.0,0.0,0.0,0.0,0.0,0.0,1.97,1.16,4.55,0.52,0.43,0.0,0.0,0.04,0.0,0.17,0.04,0.04,0.0,0.26,39.66,33.05,6.61,83.33,22.53,10.52,3.18,0.0,0.0,1.46,37.36,26,23,2097,0.13,0.0,0.52,0.3,7.51,0.17,4.94,62.16,2.27,67.09,2.66,58.49
252,1400650,Premier League,23/24,Newcastle United,Lewis Miley,Midfielder,6.88,0.07,0.09,0.07,0.97,0.22,0.22,7.69,0.6,50.0,0.07,0.0,0.0,0.0,0.07,0.0,0.15,0.0,0.0,0.0,0.0,0.0,0.0,0.0,2.46,0.6,1.2,0.22,1.27,0.0,0.15,0.0,0.0,0.07,0.22,0.22,0.0,0.9,39.14,32.79,6.35,83.78,14.71,18.22,9.86,0.15,18.18,1.34,52.94,17,14,1205,0.07,0.0,0.37,0.45,9.56,0.75,4.33,52.73,3.51,54.02,0.82,47.83
253,910046,Premier League,23/24,Newcastle United,Sven Botman,Defender,6.88,0.13,0.04,0.0,0.65,0.13,0.39,20.0,0.0,0.0,0.13,0.0,0.13,0.0,0.0,0.0,0.06,0.0,0.0,0.0,0.0,0.0,0.0,0.0,1.3,0.58,3.77,1.04,0.32,0.13,0.06,0.06,0.06,0.19,0.13,0.13,0.0,0.32,65.96,59.72,6.24,90.54,46.72,13.0,2.99,0.0,0.0,2.86,51.76,17,15,1385,0.13,0.0,0.58,0.13,6.82,0.13,3.64,61.54,1.43,55.0,2.21,66.67
254,26404,Premier League,23/24,Brentford,Zanka,Defender,6.88,0.08,0.06,0.0,0.66,0.16,0.33,12.5,0.25,75.0,0.08,0.0,0.0,0.08,0.0,0.08,0.25,0.0,0.0,0.0,0.0,0.0,0.0,0.0,1.4,0.99,3.13,0.41,0.66,0.0,0.0,0.0,0.0,0.16,0.16,0.0,0.0,0.58,42.98,32.42,10.56,75.43,18.4,14.11,6.35,0.08,12.5,2.14,38.81,14,12,1091,0.33,0.0,0.91,0.49,12.62,0.08,4.29,54.17,2.06,54.35,2.23,54.0
255,216308,Premier League,23/24,Brighton & Hove Albion,Adam Webster,Defender,6.88,0.0,0.03,0.0,0.63,0.08,0.31,0.0,0.0,0.0,0.0,0.0,0.0,0.0,0.0,0.0,0.0,0.0,0.0,0.0,0.0,0.0,0.0,0.0,1.1,1.26,3.23,0.94,0.94,0.08,0.0,0.0,0.08,0.08,0.0,0.0,0.0,0.39,85.51,78.03,7.48,91.25,49.21,28.82,11.42,0.0,0.0,2.76,55.56,15,13,1143,0.16,0.0,0.71,0.24,8.5,0.16,3.94,56.82,1.34,40.48,2.6,71.74
256,804434,Premier League,23/24,Arsenal,Takehiro Tomiyasu,Defender,6.88,0.16,0.12,0.24,1.34,0.24,0.63,11.76,0.31,36.36,0.16,0.0,0.0,0.0,0.16,0.0,0.08,0.0,0.0,0.0,0.0,0.0,0.0,0.0,1.57,1.42,2.36,0.31,0.55,0.0,0.0,0.0,0.0,0.24,0.0,0.08,0.0,0.47,47.87,40.94,6.93,85.53,15.75,25.59,14.57,0.39,35.71,1.26,42.11,22,10,1143,0.0,0.08,1.1,0.63,11.65,0.24,4.49,53.27,2.44,50.82,2.05,56.52
257,769333,Premier League,23/24,Chelsea,Christopher Nkunku,Forward,6.87,0.62,0.47,0.62,3.29,1.85,0.82,18.75,0.41,28.57,0.62,0.0,0.21,0.21,0.21,0.0,0.62,0.0,0.0,0.0,0.0,0.0,0.0,0.0,1.03,0.41,0.82,0.21,0.21,0.0,0.0,0.0,0.0,0.0,0.0,0.0,0.0,0.62,36.37,32.47,3.9,89.27,9.86,22.6,13.97,0.0,0.0,0.82,57.14,11,2,438,0.0,0.0,1.64,1.44,11.3,1.64,4.93,46.15,2.88,38.89,2.05,62.5
258,870038,Premier League,23/24,Wolverhampton,Saša Kalajdžić,Forward,6.87,1.02,0.55,0.51,2.05,1.02,1.02,50.0,0.51,100.0,1.02,0.0,0.0,0.0,0.51,0.0,1.02,0.0,0.0,0.0,0.0,0.0,0.0,0.0,3.07,0.51,3.07,0.0,0.51,0.0,0.0,0.0,0.0,0.0,1.02,0.0,0.0,2.05,30.17,19.43,10.74,64.41,8.18,11.25,5.11,0.0,0.0,0.51,50.0,11,1,176,0.51,0.0,3.07,2.05,14.83,2.56,9.72,54.29,5.62,47.83,4.09,66.67
259,842513,Premier League,23/24,Brighton & Hove Albion,Igor Júlio,Defender,6.87,0.0,0.01,0.0,0.28,0.0,0.17,0.0,0.88,76.19,0.0,0.0,0.0,0.0,0.0,0.0,0.0,0.0,0.0,0.0,0.0,0.0,0.0,0.0,1.38,0.77,2.48,0.5,0.66,0.0,0.06,0.0,0.0,0.11,0.06,0.0,0.0,0.39,77.95,73.0,4.95,93.65,42.19,30.81,11.06,0.0,0.0,1.27,46.94,24,17,1636,0.22,0.0,1.16,0.22,6.6,0.33,3.91,55.91,2.48,51.72,1.43,65.0
260,143334,Premier League,23/24,Manchester United,Victor Lindelöf,Defender,6.87,0.07,0.04,0.0,0.4,0.27,0.13,16.67,0.07,100.0,0.07,0.0,0.0,0.0,0.07,0.0,0.2,0.0,0.0,0.0,0.0,0.0,0.0,0.0,1.01,0.81,2.56,0.61,0.54,0.0,0.07,0.0,0.0,0.27,0.0,0.07,0.0,0.54,58.92,52.74,6.19,89.5,32.89,19.84,8.74,0.0,0.0,1.75,49.06,19,14,1338,0.13,0.0,1.01,0.13,7.33,0.2,2.35,41.18,1.21,42.86,1.14,39.53
261,802695,Premier League,23/24,Chelsea,Ben Chilwell,Defender,6.87,0.0,0.15,0.24,1.43,0.48,0.48,0.0,0.83,46.67,0.0,0.0,0.0,0.0,0.0,0.0,0.48,0.0,0.0,0.0,0.0,0.0,0.12,0.0,1.79,0.48,2.02,0.36,0.36,0.0,0.12,0.0,0.0,0.0,0.36,0.12,0.0,1.67,48.21,38.69,9.52,80.25,14.76,25.0,12.02,1.07,20.93,0.6,23.81,13,9,756,0.6,0.0,1.31,1.43,18.81,0.6,5.48,52.87,4.05,56.67,1.43,44.44
262,329417,Premier League,23/24,Fulham,Timothy Castagne,Defender,6.87,0.03,0.06,0.03,0.48,0.17,0.17,7.14,0.58,62.96,0.03,0.0,0.0,0.0,0.03,0.03,0.1,0.0,0.0,0.0,0.0,0.0,0.0,0.0,1.67,1.3,1.95,0.34,0.62,0.0,0.03,0.0,0.0,0.27,0.03,0.1,0.0,0.62,46.15,37.53,8.61,81.33,21.47,16.41,7.31,0.34,20.0,1.74,43.59,34,29,2633,0.1,0.0,0.75,0.34,12.24,0.34,3.79,54.68,2.6,56.72,1.2,50.72
263,96538,Premier League,23/24,Aston Villa,Lucas Digne,Defender,6.87,0.04,0.04,0.0,0.74,0.15,0.34,5.0,0.37,38.46,0.04,0.0,0.04,0.0,0.0,0.0,0.11,0.0,0.0,0.0,0.0,0.0,0.22,0.0,1.75,0.97,2.27,0.07,0.71,0.0,0.0,0.0,0.0,0.11,0.19,0.11,0.0,1.41,37.72,30.72,7.0,81.44,14.63,17.43,8.27,1.34,23.38,0.78,36.21,33,27,2417,0.26,0.0,1.08,1.12,14.34,0.56,4.8,56.09,3.24,53.37,1.56,62.69
264,877994,Premier League,23/24,Crystal Palace,Marc Guéhi,Defender,6.87,0.0,0.03,0.0,0.22,0.0,0.18,0.0,0.31,63.64,0.0,0.0,0.0,0.0,0.0,0.0,0.0,0.0,0.0,0.0,0.0,0.0,0.0,0.0,1.25,0.8,3.92,0.76,0.45,0.04,0.0,0.0,0.0,0.18,0.04,0.04,0.04,0.36,57.82,50.43,7.39,87.22,33.78,16.65,5.96,0.0,0.0,3.78,48.02,25,23,2022,0.09,0.0,0.62,1.16,8.28,0.09,4.01,60.4,2.72,67.03,1.29,50.0
265,754698,Premier League,23/24,Everton,Ben Godfrey,Defender,6.87,0.0,0.14,0.32,1.2,0.32,0.48,0.0,0.4,35.71,0.0,0.0,0.0,0.0,0.0,0.0,0.16,0.0,0.0,0.0,0.0,0.0,0.0,0.0,2.39,1.28,4.07,0.64,1.04,0.0,0.0,0.08,0.0,0.32,0.0,0.0,0.0,0.24,27.26,19.29,7.97,70.76,8.29,11.32,5.58,0.32,19.05,0.8,20.83,15,13,1129,0.16,0.0,0.64,0.48,13.79,0.48,5.26,52.38,3.19,53.33,2.07,50.98
266,30144,Premier League,23/24,Manchester United,Jonny Evans,Defender,6.86,0.0,0.0,0.0,0.06,0.0,0.06,0.0,0.25,66.67,0.0,0.0,0.0,0.0,0.0,0.0,0.0,0.0,0.0,0.0,0.0,0.0,0.0,0.0,1.4,1.46,4.7,1.14,0.57,0.0,0.0,0.0,0.0,0.13,0.06,0.06,0.0,0.38,52.43,46.08,6.35,87.89,33.96,12.12,2.92,0.0,0.0,1.08,32.08,23,15,1418,0.13,0.0,1.08,0.83,7.24,0.19,4.76,60.48,2.48,55.71,2.28,66.67
267,1086417,Premier League,23/24,Manchester United,Rasmus Højlund,Forward,6.86,0.41,0.32,0.54,1.58,0.87,0.5,26.32,0.75,50.0,0.41,0.0,0.0,0.21,0.17,0.0,0.62,0.0,0.0,0.0,0.0,0.0,0.0,0.0,0.46,0.04,0.79,0.04,0.33,0.0,0.0,0.04,0.0,0.08,0.0,0.08,0.0,1.16,16.22,12.49,3.73,76.98,4.02,8.51,5.02,0.04,16.67,0.37,100.0,30,25,2169,0.08,0.0,0.83,1.24,8.17,1.2,3.49,37.67,2.45,44.7,1.04,27.47
268,846252,Premier League,23/24,Nottingham Forest,Ryan Yates,Midfielder,6.86,0.04,0.12,0.09,1.44,0.32,0.63,3.13,0.18,50.0,0.04,0.0,0.0,0.0,0.04,0.04,0.09,0.0,0.0,0.0,0.0,0.0,0.0,0.0,2.97,0.95,1.75,0.67,0.72,0.0,0.04,0.0,0.0,0.04,0.09,0.04,0.0,0.32,36.81,29.52,7.29,80.2,15.88,13.68,6.79,0.04,16.67,1.31,44.62,35,21,2000,0.27,0.0,2.43,2.56,9.45,0.45,7.56,58.33,5.62,60.39,1.93,53.09
269,105734,Premier League,23/24,Manchester United,Christian Eriksen,Midfielder,6.86,0.08,0.08,0.0,1.01,0.31,0.31,7.69,0.23,50.0,0.08,0.0,0.0,0.0,0.08,0.0,0.08,0.0,0.0,0.0,0.0,0.0,0.16,0.0,1.4,0.31,0.93,0.47,1.63,0.0,0.0,0.0,0.0,0.0,0.23,0.16,0.0,2.09,58.5,49.19,9.31,84.08,20.48,29.56,13.5,0.85,25.58,2.56,53.23,22,12,1160,0.08,0.0,0.54,0.23,14.12,1.09,1.94,32.47,1.78,33.82,0.16,22.22
270,974577,Premier League,23/24,Aston Villa,Jhon Durán,Forward,6.85,0.89,0.36,0.18,3.56,1.25,1.78,25.0,0.36,40.0,0.53,0.36,0.0,0.89,0.0,0.18,0.71,0.18,0.0,0.0,0.0,0.0,0.0,0.0,1.07,0.18,1.6,0.0,0.89,0.0,0.0,0.0,0.0,0.0,0.0,0.0,0.0,0.71,20.32,14.44,5.88,71.05,5.17,9.45,3.92,0.18,16.67,0.18,50.0,23,3,505,0.89,0.0,2.14,1.43,12.83,2.5,6.42,45.0,2.85,34.04,3.56,60.61
271,192442,Premier League,23/24,Fulham,Raúl Jiménez,Forward,6.85,0.44,0.32,0.25,2.57,1.07,0.88,17.07,0.63,45.45,0.44,0.0,0.13,0.0,0.31,0.13,0.75,0.0,0.0,0.0,0.0,0.0,0.0,0.0,1.13,0.25,0.81,0.19,0.81,0.0,0.0,0.0,0.0,0.0,0.19,0.0,0.0,0.69,23.38,16.3,7.08,69.71,6.39,10.03,6.02,0.13,28.57,0.75,52.17,24,18,1436,0.19,0.06,1.07,1.32,13.29,2.01,5.83,41.15,3.07,40.16,2.76,42.31
272,827243,Premier League,23/24,Chelsea,Axel Disasi,Defender,6.85,0.07,0.08,0.07,0.56,0.14,0.38,12.5,0.42,70.59,0.07,0.0,0.03,0.0,0.03,0.0,0.14,0.0,0.0,0.0,0.0,0.0,0.0,0.0,1.15,0.63,3.37,0.66,0.24,0.0,0.07,0.0,0.03,0.17,0.0,0.0,0.0,0.1,76.38,69.22,7.16,90.63,46.56,22.69,7.09,0.03,10.0,1.56,35.43,31,29,2590,0.21,0.0,0.59,0.59,8.97,0.42,4.66,65.37,2.12,61.62,2.54,68.87
273,795228,Premier League,23/24,Crystal Palace,Odsonne Édouard,Forward,6.85,0.4,0.36,0.34,2.9,1.08,0.8,13.73,1.08,44.19,0.4,0.0,0.0,0.17,0.23,0.17,0.51,0.0,0.0,0.0,0.0,0.0,0.17,0.0,1.36,0.34,1.02,0.06,0.85,0.0,0.0,0.0,0.0,0.11,0.06,0.0,0.0,1.02,19.16,14.04,5.12,73.29,3.47,10.69,7.05,0.11,20.0,0.17,42.86,30,17,1583,0.23,0.0,1.76,1.25,11.88,1.48,5.4,38.93,3.58,40.38,1.82,36.36
274,49805,Premier League,23/24,Burnley,Jóhann Guðmundsson,Midfielder,6.85,0.08,0.14,0.23,1.13,0.45,0.45,6.67,0.38,41.67,0.08,0.0,0.0,0.08,0.0,0.08,0.15,0.0,0.0,0.0,0.0,0.0,0.08,0.0,0.98,1.2,1.2,0.0,0.68,0.0,0.0,0.0,0.0,0.0,0.38,0.23,0.08,2.71,34.96,27.37,7.59,78.28,11.43,17.89,10.68,1.95,37.14,2.18,46.77,26,12,1197,0.15,0.0,0.68,1.5,14.29,1.13,3.91,46.02,2.86,49.35,1.05,38.89
275,1191153,Premier League,23/24,Sheffield United,Oliver Arblaster,Midfielder,6.85,0.0,0.0,0.0,0.1,0.1,0.0,0.0,1.62,73.91,0.0,0.0,0.0,0.0,0.0,0.0,0.0,0.0,0.0,0.0,0.0,0.0,0.0,0.0,2.19,1.52,0.76,0.67,0.76,0.0,0.0,0.0,0.1,0.0,0.1,0.0,0.0,1.05,41.0,33.39,7.61,81.44,14.46,18.93,9.23,0.0,0.0,2.0,46.67,12,11,946,0.19,0.0,0.95,1.14,11.13,0.76,5.8,56.48,4.95,61.9,0.86,37.5
276,548660,Premier League,23/24,Bournemouth,Philip Billing,Midfielder,6.85,0.13,0.16,0.06,1.91,0.51,0.89,6.67,0.77,40.0,0.06,0.06,0.0,0.06,0.0,0.06,0.0,0.0,0.0,0.0,0.0,0.0,0.45,0.0,2.1,1.28,1.72,0.32,1.15,0.06,0.0,0.0,0.0,0.06,0.45,0.13,0.0,1.47,31.96,25.07,6.89,78.44,9.44,16.07,8.67,0.45,24.14,1.08,58.62,29,13,1411,0.19,0.06,1.21,0.77,12.57,1.08,5.93,49.21,3.64,44.19,2.3,60.0
277,1064039,Premier League,23/24,Nottingham Forest,Danilo Oliveira,Midfielder,6.85,0.1,0.09,0.05,1.15,0.35,0.45,8.7,0.85,65.38,0.05,0.05,0.0,0.05,0.05,0.0,0.1,0.0,0.0,0.0,0.0,0.0,0.0,0.0,1.8,1.75,2.05,0.4,1.25,0.0,0.0,0.05,0.0,0.05,0.1,0.1,0.0,1.0,36.28,29.21,7.07,80.52,14.48,14.93,7.62,0.2,15.38,2.26,50.0,29,20,1796,0.2,0.0,0.65,0.45,10.82,0.65,3.81,52.41,3.06,50.83,0.75,60.0
278,841005,Premier League,23/24,Luton Town,Mads Andersen,Defender,6.85,0.23,0.06,0.0,0.68,0.23,0.45,33.33,0.0,0.0,0.23,0.0,0.23,0.0,0.0,0.0,0.0,0.0,0.0,0.0,0.0,0.0,0.0,0.0,1.35,1.8,6.54,1.35,0.0,0.0,0.0,0.0,0.0,0.0,0.0,0.0,0.0,0.0,25.94,19.17,6.77,73.91,13.98,5.19,2.03,0.0,0.0,1.58,36.84,8,4,399,0.23,0.0,1.35,0.45,8.35,0.0,4.29,61.29,1.8,57.14,2.48,64.71
279,1199282,Premier League,23/24,Nottingham Forest,Murillo,Defender,6.85,0.0,0.06,0.06,0.55,0.19,0.32,0.0,0.64,57.14,0.0,0.0,0.0,0.0,0.0,0.03,0.0,0.0,0.0,0.0,0.0,0.0,0.06,0.0,1.61,1.19,5.96,0.77,0.45,0.0,0.0,0.0,0.03,0.1,0.06,0.06,0.0,0.23,46.5,36.06,10.44,77.55,23.78,12.31,4.19,0.03,25.0,3.77,38.74,32,32,2793,0.16,0.0,1.22,0.23,12.5,0.48,3.71,48.73,2.48,48.73,1.22,48.72
280,581310,Premier League,23/24,Arsenal,David Raya,Goalkeeper,6.85,0.0,0.0,0.0,0.0,0.0,0.0,0.0,0.0,0.0,0.0,0.0,0.0,0.0,0.0,0.0,0.0,0.0,0.0,0.0,0.0,0.0,0.0,0.0,0.03,0.0,0.41,0.0,0.0,0.09,0.06,0.0,0.0,0.5,0.0,0.0,0.0,0.0,28.31,20.03,8.28,70.75,16.47,3.56,1.5,0.0,0.0,4.47,35.48,32,32,2880,0.06,0.0,0.0,0.12,8.41,0.0,0.34,91.67,0.19,100.0,0.16,83.33
281,193554,Premier League,23/24,Crystal Palace,Will Hughes,Midfielder,6.84,0.0,0.02,0.0,0.38,0.14,0.14,0.0,0.43,75.0,0.0,0.0,0.0,0.0,0.0,0.0,0.05,0.0,0.0,0.0,0.0,0.0,0.0,0.0,2.88,1.04,0.95,0.66,1.13,0.0,0.0,0.0,0.0,0.24,0.09,0.05,0.0,0.99,39.99,34.08,5.91,85.22,16.36,18.2,8.65,0.47,33.33,0.47,27.78,30,23,1904,0.28,0.0,1.84,1.42,9.41,1.28,5.29,50.68,4.73,52.36,0.57,40.0
282,856123,Premier League,23/24,Tottenham Hotspur,Emerson Royal,Defender,6.84,0.08,0.02,0.0,0.45,0.23,0.15,16.67,0.76,62.5,0.0,0.08,0.0,0.0,0.08,0.0,0.0,0.0,0.0,0.0,0.0,0.0,0.0,0.0,2.72,1.51,3.4,0.76,1.66,0.0,0.08,0.0,0.0,0.0,0.08,0.0,0.0,0.23,71.58,65.31,6.27,91.24,37.98,27.48,13.21,0.15,14.29,1.43,52.78,22,11,1192,0.3,0.0,1.06,2.87,10.12,0.91,7.47,56.9,6.27,61.03,1.21,42.11
283,137774,Premier League,23/24,Brentford,Ben Mee,Defender,6.84,0.14,0.1,0.07,0.71,0.14,0.28,20.0,0.21,50.0,0.14,0.0,0.14,0.0,0.0,0.0,0.07,0.0,0.0,0.0,0.0,0.0,0.0,0.0,1.83,0.92,4.02,0.92,0.35,0.0,0.07,0.0,0.0,0.07,0.0,0.0,0.0,0.42,42.67,32.59,10.09,76.36,20.03,12.77,5.5,0.21,60.0,2.54,38.3,16,15,1276,0.07,0.07,0.49,0.21,12.34,0.49,4.73,55.37,2.26,59.26,2.47,52.24
284,864169,Premier League,23/24,Aston Villa,Pau Torres,Defender,6.84,0.07,0.04,0.11,0.44,0.18,0.15,16.67,0.62,65.38,0.07,0.0,0.04,0.04,0.0,0.0,0.07,0.0,0.0,0.0,0.0,0.0,0.0,0.0,1.06,0.51,2.7,0.44,0.58,0.0,0.0,0.0,0.0,0.22,0.04,0.0,0.0,0.29,64.68,56.78,7.89,87.8,36.39,20.5,8.08,0.11,37.5,3.11,47.22,29,27,2463,0.04,0.0,0.66,0.37,9.39,0.48,2.89,50.97,2.05,50.91,0.84,51.11
285,788134,Premier League,23/24,Crystal Palace,Dean Henderson,Goalkeeper,6.84,0.0,0.0,0.0,0.0,0.0,0.0,0.0,0.0,0.0,0.0,0.0,0.0,0.0,0.0,0.0,0.0,0.0,0.0,0.0,0.0,0.0,0.0,0.0,0.06,0.0,1.22,0.0,0.06,0.06,0.06,0.0,0.06,0.22,0.0,0.0,0.0,0.0,23.89,12.83,11.06,53.72,10.17,2.67,0.67,0.0,0.0,3.61,25.0,18,18,1620,0.11,0.0,0.0,0.11,11.44,0.0,0.39,87.5,0.11,66.67,0.28,100.0
286,892673,Premier League,23/24,Newcastle United,Sandro Tonali,Midfielder,6.84,0.21,0.14,0.21,0.62,0.41,0.0,33.33,0.62,60.0,0.21,0.0,0.0,0.0,0.21,0.0,0.0,0.0,0.0,0.0,0.0,0.0,0.0,0.0,1.44,0.41,0.82,0.0,1.23,0.0,0.0,0.0,0.0,0.0,0.0,0.0,0.21,1.64,54.74,48.18,6.56,88.01,26.04,22.96,8.61,0.82,36.36,1.44,50.0,8,5,439,0.41,0.0,1.85,1.23,9.64,0.41,3.49,47.22,3.28,45.71,0.21,100.0
287,372342,Premier League,23/24,Luton Town,Reece Burke,Defender,6.83,0.0,0.07,0.16,0.7,0.22,0.16,0.0,0.22,66.67,0.0,0.0,0.0,0.0,0.0,0.0,0.05,0.0,0.0,0.0,0.0,0.0,0.0,0.0,2.0,0.97,3.95,0.97,0.76,0.05,0.0,0.05,0.0,0.05,0.16,0.22,0.0,0.7,37.07,28.74,8.33,77.52,15.64,13.31,5.63,0.22,30.77,1.89,33.33,22,20,1663,0.27,0.0,1.08,0.65,10.66,0.27,5.36,57.89,2.87,57.61,2.49,58.23
288,1156586,Premier League,23/24,Bournemouth,James Hill,Defender,6.83,0.0,0.0,0.0,0.0,0.0,0.0,0.0,0.0,0.0,0.0,0.0,0.0,0.0,0.0,0.0,0.0,0.0,0.0,0.0,0.0,0.0,0.0,0.0,3.07,3.07,8.18,2.05,0.0,0.0,0.0,0.0,0.0,0.0,0.0,0.0,0.0,0.0,34.77,24.55,10.23,70.59,10.23,14.32,8.18,0.0,0.0,3.07,33.33,5,1,88,0.0,0.0,1.02,0.0,17.39,1.02,7.16,63.64,3.07,50.0,4.09,80.0
289,151499,Premier League,23/24,Fulham,Bobby De Cordova-Reid,Midfielder,6.83,0.38,0.28,0.19,2.06,0.5,1.12,18.18,0.5,40.0,0.31,0.06,0.06,0.06,0.25,0.06,0.25,0.0,0.0,0.0,0.0,0.0,0.0,0.0,1.38,0.31,0.75,0.12,0.75,0.0,0.0,0.0,0.0,0.06,0.19,0.12,0.0,1.06,27.62,21.81,5.81,78.96,8.44,13.75,7.81,0.38,17.14,0.62,45.45,33,17,1440,0.25,0.0,1.0,1.56,11.25,0.62,4.25,47.89,3.44,52.38,0.81,35.14
290,33902,Premier League,23/24,Brighton & Hove Albion,Danny Welbeck,Forward,6.83,0.26,0.25,0.53,2.17,0.85,0.79,12.2,0.42,33.33,0.26,0.0,0.05,0.11,0.11,0.05,0.48,0.11,0.0,0.0,0.0,0.0,0.05,0.0,1.85,0.48,0.9,0.0,0.37,0.0,0.05,0.0,0.0,0.0,0.16,0.05,0.0,1.16,26.74,22.25,4.49,83.2,8.14,14.11,8.72,0.0,0.0,0.05,33.33,29,21,1703,0.21,0.0,0.63,1.11,9.46,1.11,4.23,50.96,3.38,53.78,0.85,42.11
291,105697,Premier League,23/24,Nottingham Forest,Serge Aurier,Defender,6.82,0.0,0.02,0.0,0.65,0.11,0.43,0.0,0.32,21.43,0.0,0.0,0.0,0.0,0.0,0.0,0.0,0.0,0.0,0.0,0.0,0.0,0.0,0.0,2.16,0.97,3.45,0.32,0.65,0.11,0.0,0.0,0.0,0.0,0.11,0.22,0.0,0.43,42.19,33.99,8.2,80.56,16.73,17.81,8.85,0.54,22.73,0.97,37.5,12,10,834,0.22,0.0,0.86,0.97,14.03,0.86,6.69,53.91,3.45,49.23,3.24,60.0
292,948261,Premier League,23/24,Aston Villa,Morgan Rogers,Midfielder,6.82,0.42,0.19,0.14,1.55,0.7,0.42,27.27,2.39,58.62,0.42,0.0,0.0,0.14,0.28,0.0,0.0,0.0,0.0,0.0,0.0,0.0,0.0,0.0,1.12,0.42,1.12,0.0,1.27,0.0,0.0,0.0,0.0,0.14,0.14,0.14,0.0,1.27,26.44,20.39,6.05,77.13,9.7,10.69,7.31,0.0,0.0,1.27,81.82,11,8,640,0.42,0.0,1.69,1.27,12.38,1.55,5.77,44.09,4.78,44.16,0.98,43.75
293,932628,Premier League,23/24,Wolverhampton,Tommy Doyle,Midfielder,6.82,0.0,0.03,0.0,1.01,0.22,0.65,0.0,0.07,50.0,0.0,0.0,0.0,0.0,0.0,0.0,0.0,0.0,0.0,0.0,0.0,0.0,0.14,0.0,1.88,0.87,1.23,0.65,0.65,0.0,0.0,0.0,0.0,0.14,0.07,0.0,0.0,0.58,65.8,56.85,8.96,86.39,28.1,29.18,12.86,0.43,21.43,5.42,57.25,26,11,1246,0.14,0.0,0.79,0.29,12.28,0.51,2.24,50.0,2.24,53.45,0.0,0.0
294,98427,Premier League,23/24,Crystal Palace,Sam Johnstone,Goalkeeper,6.82,0.0,0.0,0.0,0.0,0.0,0.0,0.0,0.0,0.0,0.0,0.0,0.0,0.0,0.0,0.0,0.0,0.0,0.0,0.0,0.0,0.0,0.0,0.0,0.05,0.05,0.65,0.0,0.0,0.0,0.0,0.05,0.0,0.3,0.0,0.0,0.0,0.0,26.59,14.07,12.52,52.92,10.02,4.06,1.45,0.0,0.0,6.91,35.84,20,20,1797,0.05,0.0,0.05,0.0,12.82,0.0,0.15,60.0,0.05,50.0,0.1,66.67
295,791190,Premier League,23/24,Tottenham Hotspur,Rodrigo Bentancur,Midfielder,6.81,0.09,0.17,0.09,1.59,0.44,0.71,5.56,0.97,57.89,0.09,0.0,0.0,0.09,0.0,0.09,0.0,0.0,0.0,0.0,0.0,0.0,0.0,0.0,2.03,1.5,1.41,0.35,1.24,0.0,0.09,0.0,0.0,0.0,0.0,0.09,0.0,0.71,69.51,59.44,10.07,85.51,24.2,35.33,18.72,0.09,11.11,1.77,76.92,23,13,1019,0.62,0.0,1.77,1.5,15.01,1.68,5.74,43.92,4.5,45.54,1.24,38.89
296,990550,Premier League,23/24,Burnley,Zeki Amdouni,Forward,6.81,0.23,0.26,0.27,2.21,0.99,0.77,10.2,1.31,38.16,0.18,0.05,0.0,0.09,0.14,0.05,0.09,0.05,0.05,0.05,100.0,0.0,0.0,0.0,1.22,0.41,0.45,0.45,0.81,0.0,0.0,0.0,0.0,0.0,0.09,0.05,0.0,0.72,21.97,17.78,4.19,80.94,6.71,11.12,6.48,0.05,12.5,0.81,64.29,34,27,1999,0.09,0.0,0.99,1.76,11.35,1.44,4.95,38.73,4.23,44.34,0.72,22.22
297,153444,Premier League,23/24,Newcastle United,Jamaal Lascelles,Defender,6.81,0.08,0.06,0.08,0.5,0.08,0.33,16.67,0.08,50.0,0.08,0.0,0.08,0.0,0.0,0.0,0.08,0.0,0.0,0.0,0.0,0.0,0.0,0.0,1.17,0.42,3.5,1.0,0.42,0.0,0.0,0.0,0.0,0.42,0.0,0.0,0.0,0.17,64.08,55.58,8.5,86.74,38.67,16.92,4.33,0.0,0.0,1.17,29.79,16,13,1080,0.33,0.0,1.42,0.17,9.33,0.33,5.33,55.65,1.42,40.48,3.92,64.38
298,118179,Premier League,23/24,Fulham,Tim Ream,Defender,6.81,0.06,0.06,0.0,0.06,0.06,0.0,100.0,0.36,85.71,0.06,0.0,0.0,0.06,0.0,0.0,0.06,0.0,0.0,0.0,0.0,0.0,0.0,0.0,1.2,1.5,3.53,0.9,0.54,0.12,0.0,0.12,0.0,0.18,0.0,0.0,0.0,0.0,63.31,56.49,6.82,89.22,38.12,18.37,5.21,0.0,0.0,4.37,67.59,18,17,1504,0.12,0.06,0.48,0.36,7.54,0.18,3.41,58.76,1.86,59.62,1.56,57.78
299,980634,Premier League,23/24,Newcastle United,Tino Livramento,Defender,6.81,0.07,0.03,0.07,0.27,0.14,0.0,25.0,1.17,68.0,0.07,0.0,0.0,0.0,0.07,0.0,0.07,0.0,0.0,0.0,0.0,0.0,0.0,0.0,1.58,1.72,2.54,0.48,0.76,0.0,0.07,0.0,0.0,0.07,0.07,0.0,0.0,0.82,46.34,40.23,6.11,86.81,20.05,20.53,11.74,0.34,19.23,0.89,37.14,26,12,1311,0.07,0.0,0.21,1.92,10.78,1.24,5.49,62.5,4.67,62.96,0.82,60.0
300,999231,Premier League,23/24,Brighton & Hove Albion,Evan Ferguson,Forward,6.81,0.39,0.3,0.26,2.15,1.3,0.59,18.18,0.46,53.85,0.2,0.2,0.0,0.13,0.26,0.13,0.33,0.07,0.0,0.0,0.0,0.0,0.0,0.0,0.91,0.13,0.52,0.2,0.59,0.0,0.0,0.0,0.0,0.0,0.07,0.0,0.0,0.39,19.55,15.9,3.65,81.33,7.62,8.28,5.02,0.0,0.0,0.26,57.14,27,15,1381,0.07,0.0,1.56,1.63,8.99,2.02,3.85,40.41,2.93,39.47,0.91,43.75
301,809276,Premier League,23/24,Burnley,Jacob Bruun Larsen,Forward,6.81,0.42,0.35,0.28,3.1,1.13,0.91,13.64,1.41,39.22,0.35,0.07,0.0,0.14,0.28,0.0,0.77,0.0,0.07,0.07,100.0,0.0,0.77,0.0,0.63,0.49,1.48,0.14,0.99,0.0,0.0,0.0,0.0,0.0,0.07,0.0,0.0,1.76,32.16,24.7,7.46,76.81,6.9,19.42,12.1,1.62,37.1,0.99,66.67,32,16,1279,0.07,0.0,0.91,0.49,15.55,0.7,3.38,33.33,2.53,34.95,0.84,29.27
302,219572,Premier League,23/24,Brighton & Hove Albion,Joël Veltman,Defender,6.81,0.06,0.03,0.0,0.28,0.17,0.11,20.0,0.06,16.67,0.06,0.0,0.0,0.0,0.06,0.0,0.06,0.0,0.0,0.0,0.0,0.0,0.0,0.0,3.05,1.02,2.94,0.4,1.07,0.06,0.0,0.0,0.0,0.11,0.06,0.06,0.0,0.23,45.82,38.92,6.9,84.94,21.44,17.48,8.2,0.0,0.0,1.7,46.15,27,17,1591,0.23,0.0,0.96,2.38,10.24,0.4,7.07,64.43,5.43,66.67,1.64,58.0
303,829570,Premier League,23/24,Everton,Jack Harrison,Forward,6.81,0.12,0.14,0.12,1.38,0.36,0.49,8.82,1.17,42.65,0.08,0.04,0.0,0.08,0.04,0.0,0.04,0.0,0.0,0.0,0.0,0.0,0.04,0.0,1.5,0.49,0.85,0.2,1.29,0.0,0.0,0.0,0.0,0.36,0.2,0.12,0.0,1.13,21.6,15.69,5.91,72.66,4.98,11.29,7.4,0.57,17.28,0.57,30.43,29,25,2225,0.04,0.0,0.81,1.21,15.17,1.66,4.29,41.25,3.8,41.59,0.49,38.71
304,119159,Premier League,23/24,Aston Villa,Philippe Coutinho,Midfielder,6.8,0.0,0.41,0.0,8.71,2.9,5.81,0.0,11.61,80.0,0.0,0.0,0.0,0.0,0.0,0.0,0.0,0.0,0.0,0.0,0.0,0.0,0.0,0.0,0.0,0.0,0.0,0.0,2.9,0.0,0.0,0.0,0.0,0.0,0.0,0.0,0.0,0.0,69.68,58.06,11.61,83.33,26.13,31.94,20.32,0.0,0.0,0.0,0.0,2,0,31,0.0,0.0,0.0,2.9,20.32,0.0,14.52,71.43,14.52,71.43,0.0,0.0
305,190877,Premier League,23/24,Fulham,Kenny Tete,Defender,6.8,0.1,0.09,0.1,0.4,0.1,0.3,25.0,0.91,47.37,0.1,0.0,0.0,0.0,0.1,0.1,0.0,0.0,0.0,0.0,0.0,0.0,0.0,0.0,2.73,1.62,3.13,0.3,0.81,0.0,0.0,0.1,0.0,0.2,0.0,0.0,0.0,0.3,42.63,34.34,8.28,80.57,14.75,20.3,11.41,0.71,30.43,1.52,57.69,14,10,891,0.2,0.0,1.62,1.21,13.13,0.3,5.35,56.99,4.85,57.83,0.51,50.0
306,927356,Premier League,23/24,Nottingham Forest,Neco Williams,Defender,6.8,0.0,0.04,0.0,0.81,0.22,0.22,0.0,1.03,51.35,0.0,0.0,0.0,0.0,0.0,0.16,0.22,0.0,0.0,0.0,0.0,0.0,0.0,0.0,3.73,1.19,2.32,0.7,1.14,0.0,0.0,0.0,0.0,0.05,0.05,0.05,0.0,0.59,32.27,23.35,8.92,72.36,10.86,13.14,6.59,0.65,17.65,1.14,24.42,26,18,1665,0.22,0.0,1.24,1.62,18.97,1.46,8.05,58.43,6.38,58.13,1.68,59.62
307,920680,Premier League,23/24,Luton Town,Gabriel Osho,Defender,6.8,0.1,0.05,0.0,0.49,0.1,0.34,20.0,0.34,58.33,0.1,0.0,0.1,0.0,0.0,0.0,0.05,0.0,0.0,0.0,0.0,0.0,0.0,0.0,2.0,1.51,4.29,0.97,0.54,0.0,0.0,0.0,0.0,0.1,0.0,0.0,0.0,0.1,34.19,28.2,5.99,82.48,20.16,8.08,2.78,0.05,33.33,1.31,31.03,21,21,1848,0.15,0.0,1.12,0.68,7.5,0.49,4.77,53.55,2.97,56.48,1.8,49.33
308,945122,Premier League,23/24,Manchester City,Matheus Nunes,Defender,6.8,0.0,0.1,0.21,1.07,0.43,0.43,0.0,2.14,54.05,0.0,0.0,0.0,0.0,0.0,0.11,0.54,0.0,0.0,0.0,0.0,0.0,0.0,0.0,1.39,0.75,0.96,0.11,1.61,0.11,0.0,0.0,0.0,0.11,0.21,0.21,0.0,1.28,55.86,48.16,7.71,86.21,17.34,31.57,17.76,0.75,31.82,0.43,30.77,19,9,841,0.0,0.11,0.96,2.46,15.84,1.71,6.74,48.84,5.99,49.56,0.75,43.75
309,901907,Premier League,23/24,Burnley,Lyle Foster,Forward,6.8,0.23,0.21,0.28,1.59,0.8,0.61,14.71,0.89,51.35,0.23,0.0,0.0,0.09,0.14,0.0,0.66,0.0,0.0,0.0,0.0,0.0,0.0,0.0,0.89,0.14,1.55,0.14,0.52,0.0,0.0,0.0,0.0,0.0,0.05,0.14,0.0,0.89,21.19,14.44,6.75,68.14,4.59,9.84,6.47,0.0,0.0,0.47,76.92,24,22,1920,0.0,0.05,1.12,0.52,12.8,1.55,4.64,34.14,2.3,36.84,2.34,31.85
310,829022,Premier League,23/24,West Ham United,Konstantinos Mavropanos,Defender,6.8,0.06,0.07,0.06,0.72,0.18,0.48,8.33,0.12,50.0,0.06,0.0,0.06,0.0,0.0,0.0,0.0,0.0,0.0,0.0,0.0,0.0,0.0,0.0,1.68,1.38,4.68,0.78,0.24,0.12,0.06,0.0,0.12,0.18,0.0,0.0,0.0,0.18,37.59,28.84,8.75,76.71,19.55,9.29,2.46,0.0,0.0,2.4,33.9,19,16,1501,0.12,0.0,0.9,0.6,9.71,0.0,5.04,65.63,2.4,66.67,2.64,64.71
311,979233,Premier League,23/24,Luton Town,Teden Mengi,Defender,6.8,0.04,0.02,0.04,0.4,0.15,0.26,9.09,0.26,70.0,0.04,0.0,0.0,0.0,0.04,0.0,0.04,0.0,0.0,0.0,0.0,0.0,0.0,0.0,1.97,2.08,4.96,0.98,0.4,0.0,0.04,0.04,0.0,0.04,0.0,0.0,0.0,0.22,33.81,26.45,7.36,78.23,17.85,8.6,3.1,0.0,0.0,2.55,38.89,30,28,2470,0.11,0.0,1.28,0.26,8.78,0.18,4.66,57.4,2.48,56.67,2.19,58.25
312,904827,Premier League,23/24,Chelsea,Benoît Badiashile,Defender,6.8,0.0,0.02,0.07,0.4,0.07,0.2,0.0,0.0,0.0,0.0,0.0,0.0,0.0,0.0,0.0,0.07,0.0,0.0,0.0,0.0,0.0,0.0,0.0,1.41,1.21,4.38,0.94,0.34,0.07,0.07,0.07,0.07,0.2,0.13,0.07,0.0,0.4,78.42,71.29,7.14,90.9,50.15,21.14,4.71,0.0,0.0,2.42,47.37,18,15,1337,0.2,0.0,1.14,0.4,7.94,0.27,3.7,53.4,1.82,50.94,1.88,56.0
313,43215,Premier League,23/24,Crystal Palace,Nathaniel Clyne,Defender,6.8,0.0,0.01,0.0,0.27,0.0,0.2,0.0,0.54,57.14,0.0,0.0,0.0,0.0,0.0,0.07,0.0,0.0,0.0,0.0,0.0,0.0,0.0,0.0,1.62,0.67,1.88,0.4,0.47,0.0,0.0,0.0,0.0,0.2,0.0,0.0,0.0,0.2,35.88,30.22,5.65,84.24,16.02,14.34,5.86,0.13,22.22,1.75,43.33,19,14,1337,0.0,0.0,0.4,0.2,8.35,0.0,3.23,64.0,2.36,64.81,0.88,61.9
314,149593,Premier League,23/24,Tottenham Hotspur,Pierre-Emile Højbjerg,Midfielder,6.8,0.0,0.04,0.0,1.27,0.4,0.34,0.0,0.8,54.55,0.0,0.0,0.0,0.0,0.0,0.07,0.0,0.0,0.0,0.0,0.0,0.0,0.2,0.0,2.14,1.27,1.81,0.47,1.41,0.07,0.13,0.0,0.07,0.07,0.2,0.0,0.0,0.6,92.68,82.09,10.59,88.58,36.79,45.37,23.66,0.07,7.14,5.03,66.96,36,8,1343,0.27,0.0,1.34,1.14,14.94,0.6,4.62,48.94,4.09,50.83,0.54,38.1
315,907072,Premier League,23/24,Brentford,Mikkel Damsgaard,Midfielder,6.8,0.0,0.1,0.1,0.94,0.42,0.21,0.0,0.94,45.0,0.0,0.0,0.0,0.0,0.0,0.0,0.31,0.0,0.0,0.0,0.0,0.0,0.1,0.0,3.03,1.15,1.05,0.1,2.72,0.0,0.1,0.0,0.0,0.0,0.52,0.21,0.1,1.15,41.23,30.35,10.88,73.6,9.84,20.83,12.98,0.31,10.34,2.41,62.16,23,7,860,0.21,0.0,1.47,0.84,17.79,0.84,6.07,45.31,4.81,43.81,1.26,52.17
316,1006189,Premier League,23/24,Luton Town,Issa Kaboré,Midfielder,6.8,0.0,0.01,0.0,0.31,0.05,0.16,0.0,0.94,50.0,0.0,0.0,0.0,0.0,0.0,0.0,0.1,0.0,0.0,0.0,0.0,0.0,0.0,0.0,2.7,0.83,2.39,0.57,1.09,0.05,0.05,0.0,0.05,0.0,0.26,0.1,0.0,0.83,28.11,21.36,6.76,75.97,11.07,11.02,5.56,0.73,21.21,0.78,31.91,24,21,1732,0.36,0.0,1.4,1.56,14.81,0.42,6.08,55.98,5.14,57.89,0.94,47.37
317,1104986,Premier League,23/24,Bournemouth,Alex Scott,Midfielder,6.8,0.09,0.06,0.0,1.33,0.35,0.53,6.67,1.15,39.39,0.09,0.0,0.0,0.09,0.0,0.0,0.09,0.0,0.0,0.0,0.0,0.0,0.18,0.0,2.12,1.06,1.5,0.35,1.42,0.09,0.09,0.0,0.0,0.09,0.35,0.09,0.0,1.95,38.23,30.97,7.26,81.02,12.74,18.85,10.0,0.62,19.44,1.33,51.72,23,11,1017,0.27,0.0,1.77,2.21,14.42,0.97,6.73,46.06,5.22,46.83,1.5,43.59
318,143040,Premier League,23/24,Liverpool FC,Wataru Endo,Midfielder,6.8,0.05,0.03,0.0,0.52,0.15,0.15,10.0,0.52,66.67,0.0,0.05,0.0,0.0,0.05,0.05,0.0,0.0,0.0,0.0,0.0,0.0,0.0,0.0,2.48,1.03,1.55,0.1,2.12,0.0,0.15,0.0,0.0,0.26,0.1,0.0,0.0,0.83,67.42,59.57,7.85,88.35,29.04,30.64,11.68,0.1,50.0,1.45,57.14,29,20,1742,0.52,0.0,2.58,1.29,11.0,1.14,5.89,44.02,4.29,41.29,1.6,53.45
319,904897,Premier League,23/24,Liverpool FC,Ryan Gravenberch,Midfielder,6.8,0.08,0.16,0.08,1.82,0.63,0.63,4.35,1.82,51.11,0.0,0.08,0.0,0.0,0.08,0.08,0.0,0.0,0.0,0.0,0.0,0.0,0.0,0.0,2.06,1.11,0.87,0.16,1.34,0.0,0.0,0.0,0.0,0.0,0.08,0.0,0.0,1.27,38.99,32.5,6.49,83.37,10.28,22.22,12.97,0.0,0.0,0.47,60.0,26,12,1138,0.0,0.0,1.58,1.19,13.52,1.03,5.85,46.54,5.06,47.41,0.79,41.67
320,867445,Premier League,23/24,Arsenal,Emile Smith Rowe,Midfielder,6.79,0.0,0.49,0.25,3.72,1.74,0.99,0.0,0.74,50.0,0.0,0.0,0.0,0.0,0.0,0.25,0.0,0.0,0.0,0.0,0.0,0.0,0.0,0.0,0.99,0.74,0.25,0.25,0.5,0.0,0.0,0.0,0.0,0.0,0.0,0.25,0.0,0.99,52.31,46.36,5.95,88.63,12.64,33.72,20.33,0.0,0.0,0.25,33.33,13,3,363,0.0,0.0,1.24,0.5,9.42,0.99,2.98,38.71,2.23,39.13,0.74,37.5
321,877102,Premier League,23/24,West Ham United,Nayef Aguerd,Defender,6.79,0.05,0.07,0.1,0.68,0.19,0.34,7.14,0.15,60.0,0.05,0.0,0.05,0.0,0.0,0.0,0.0,0.0,0.0,0.0,0.0,0.0,0.0,0.0,1.26,0.82,3.87,1.16,0.29,0.0,0.1,0.05,0.0,0.1,0.0,0.0,0.0,0.19,56.35,45.36,10.99,80.5,30.21,15.15,4.7,0.0,0.0,5.03,39.54,21,21,1859,0.05,0.05,0.48,0.29,12.01,0.1,4.02,61.48,1.69,64.81,2.32,59.26
322,268903,Premier League,23/24,Brentford,Neal Maupay,Forward,6.79,0.37,0.45,0.43,2.6,1.24,0.62,14.29,0.56,31.03,0.37,0.0,0.06,0.12,0.19,0.06,0.37,0.0,0.0,0.0,0.0,0.0,0.06,0.0,0.62,0.12,0.25,0.0,0.68,0.0,0.0,0.0,0.0,0.0,0.31,0.19,0.06,1.05,24.65,18.15,6.5,73.62,6.81,11.46,7.93,0.12,25.0,0.99,64.0,31,14,1453,0.5,0.0,1.24,1.61,12.08,1.67,3.65,32.96,2.79,36.89,0.87,24.56
323,143047,Premier League,23/24,Wolverhampton,Matt Doherty,Defender,6.79,0.08,0.06,0.08,0.68,0.23,0.38,11.11,0.45,46.15,0.08,0.0,0.0,0.0,0.08,0.08,0.38,0.0,0.0,0.0,0.0,0.0,0.0,0.0,2.34,0.53,2.79,0.38,0.83,0.0,0.0,0.0,0.0,0.08,0.23,0.0,0.0,0.91,42.58,33.75,8.83,79.26,18.42,15.4,8.38,0.08,7.69,2.19,69.05,30,9,1192,0.15,0.0,0.98,0.83,12.76,0.45,6.49,55.84,3.62,58.54,2.87,52.78
324,580550,Premier League,23/24,Aston Villa,Clément Lenglet,Defender,6.79,0.0,0.07,0.08,0.62,0.16,0.23,0.0,0.23,60.0,0.0,0.0,0.0,0.0,0.0,0.0,0.0,0.0,0.0,0.0,0.0,0.0,0.0,0.0,1.01,0.55,3.66,0.86,0.47,0.0,0.08,0.0,0.0,0.16,0.08,0.08,0.0,0.16,70.91,63.74,7.17,89.89,46.05,17.69,5.3,0.0,0.0,3.97,53.68,14,14,1155,0.23,0.0,0.23,0.94,8.1,0.23,3.35,63.24,2.18,66.67,1.17,57.69
325,979290,Premier League,23/24,Sheffield United,Vinícius Souza,Midfielder,6.79,0.03,0.02,0.0,0.47,0.2,0.13,7.14,0.57,60.71,0.03,0.0,0.0,0.0,0.03,0.0,0.07,0.0,0.0,0.0,0.0,0.0,0.0,0.0,4.2,1.08,2.52,0.57,1.11,0.0,0.03,0.03,0.0,0.03,0.0,0.0,0.0,0.13,32.92,26.41,6.52,80.2,15.08,11.39,4.6,0.07,20.0,1.31,42.39,36,29,2679,0.1,0.0,1.61,0.47,9.31,0.84,7.39,59.14,5.14,57.95,2.25,62.04
326,885864,Premier League,23/24,Brentford,Frank Onyeka,Midfielder,6.79,0.08,0.17,0.15,1.68,0.69,0.38,4.55,0.84,44.0,0.08,0.0,0.0,0.0,0.08,0.0,0.31,0.0,0.0,0.0,0.0,0.0,0.0,0.0,2.83,1.76,1.3,0.54,0.99,0.0,0.0,0.0,0.0,0.0,0.15,0.15,0.0,0.92,28.7,22.27,6.43,77.6,9.57,13.09,6.81,0.38,31.25,1.07,37.84,26,11,1176,0.61,0.0,1.84,2.37,12.02,0.92,6.81,50.86,6.05,55.63,0.77,30.3
327,975937,Premier League,23/24,Aston Villa,Jacob Ramsey,Midfielder,6.79,0.11,0.23,0.21,2.0,0.53,1.05,5.26,0.84,42.11,0.0,0.11,0.0,0.0,0.11,0.0,0.0,0.0,0.0,0.0,0.0,0.0,0.0,0.0,1.68,0.32,0.74,0.21,1.05,0.0,0.0,0.0,0.0,0.0,0.11,0.11,0.11,1.16,32.59,26.71,5.89,81.94,8.83,18.08,11.36,0.21,18.18,0.0,0.0,16,8,856,0.21,0.0,0.74,1.26,12.41,2.21,4.31,44.09,3.79,42.35,0.53,62.5
328,973418,Premier League,23/24,Wolverhampton,Toti Gomes,Defender,6.78,0.03,0.05,0.1,0.32,0.16,0.1,10.0,0.74,82.14,0.03,0.0,0.03,0.0,0.0,0.0,0.06,0.0,0.0,0.0,0.0,0.0,0.0,0.0,1.42,0.84,2.82,0.61,0.42,0.0,0.06,0.0,0.0,0.13,0.06,0.1,0.0,0.19,55.44,45.89,9.55,82.78,30.87,15.05,5.05,0.03,7.69,1.49,28.05,35,31,2781,0.23,0.0,1.23,0.42,11.65,0.19,4.4,59.91,2.59,57.55,1.81,63.64
329,286165,Premier League,23/24,Fulham,Adama Traoré,Forward,6.78,0.45,0.34,0.45,2.45,1.56,0.67,18.18,2.0,60.0,0.22,0.22,0.0,0.0,0.45,0.22,0.0,0.0,0.0,0.0,0.0,0.0,0.0,0.0,0.89,0.22,0.45,0.0,0.67,0.0,0.0,0.0,0.0,0.0,0.45,0.67,0.0,1.56,24.73,20.05,4.68,81.08,4.23,16.93,11.36,1.11,19.23,0.67,60.0,17,1,404,0.45,0.0,1.11,0.89,16.26,2.0,5.79,47.27,3.79,42.5,2.0,60.0
330,1212165,Premier League,23/24,West Ham United,George Earthy,Midfielder,6.77,2.73,0.85,0.0,2.73,2.73,0.0,100.0,0.0,0.0,2.73,0.0,0.0,0.0,2.73,0.0,0.0,0.0,0.0,0.0,0.0,0.0,0.0,0.0,0.0,2.73,0.0,0.0,2.73,0.0,0.0,0.0,0.0,0.0,0.0,0.0,0.0,0.0,46.36,43.64,2.73,94.12,19.09,24.55,13.64,0.0,0.0,0.0,0.0,3,0,33,0.0,0.0,2.73,0.0,2.73,0.0,0.0,0.0,0.0,0.0,0.0,0.0
331,822933,Premier League,23/24,Nottingham Forest,Gonzalo Montiel,Defender,6.77,0.0,0.01,0.0,0.33,0.0,0.11,0.0,0.11,100.0,0.0,0.0,0.0,0.0,0.0,0.0,0.22,0.0,0.0,0.0,0.0,0.0,0.0,0.0,2.45,1.0,3.34,0.33,1.45,0.11,0.0,0.11,0.0,0.0,0.44,0.22,0.0,1.0,35.38,27.92,7.45,78.93,13.68,14.35,8.9,0.11,6.25,1.56,32.56,14,8,809,0.56,0.0,0.67,0.11,11.68,0.33,4.0,54.55,2.67,53.33,1.33,57.14
332,358218,Premier League,23/24,Nottingham Forest,Harry Toffolo,Defender,6.77,0.06,0.1,0.12,0.48,0.3,0.12,12.5,0.06,33.33,0.06,0.0,0.06,0.0,0.0,0.0,0.0,0.0,0.0,0.0,0.0,0.0,0.0,0.0,1.58,0.85,2.67,0.79,0.55,0.0,0.0,0.0,0.0,0.06,0.18,0.18,0.0,1.09,27.03,20.61,6.42,76.23,10.36,11.21,5.76,0.97,34.04,1.03,25.76,23,15,1485,0.18,0.0,1.03,0.12,10.91,0.3,3.27,52.94,1.76,46.77,1.52,62.5
333,1136730,Premier League,23/24,Newcastle United,Lewis Hall,Defender,6.77,0.11,0.04,0.0,1.24,0.45,0.11,9.09,1.01,56.25,0.0,0.11,0.0,0.11,0.0,0.0,0.0,0.0,0.0,0.0,0.0,0.0,0.0,0.0,3.15,1.35,1.91,0.23,1.24,0.0,0.11,0.0,0.0,0.0,0.0,0.0,0.0,0.34,52.72,43.82,8.9,83.12,23.32,20.95,9.69,0.45,17.39,3.04,57.45,18,8,799,0.23,0.0,0.56,0.56,14.76,1.46,5.86,52.53,4.73,53.85,1.13,47.62
334,1023567,Premier League,23/24,Bournemouth,Ilya Zabarnyi,Defender,6.76,0.03,0.03,0.05,0.22,0.08,0.08,12.5,0.24,81.82,0.03,0.0,0.03,0.0,0.0,0.0,0.0,0.0,0.0,0.0,0.0,0.0,0.0,0.0,1.59,0.89,3.73,0.92,0.73,0.03,0.08,0.0,0.0,0.22,0.0,0.0,0.0,0.19,48.7,39.73,8.97,81.58,27.16,12.57,4.24,0.0,0.0,3.54,39.22,37,37,3330,0.14,0.0,0.65,0.65,9.54,0.05,4.51,59.22,2.43,62.5,2.08,55.8
335,1090458,Premier League,23/24,Burnley,David Datro Fofana,Forward,6.76,0.4,0.45,0.5,1.9,1.0,0.7,21.05,1.5,40.54,0.3,0.1,0.1,0.0,0.3,0.0,0.9,0.0,0.0,0.0,0.0,0.0,0.0,0.0,1.0,0.1,0.2,0.3,0.3,0.0,0.0,0.0,0.0,0.0,0.3,0.1,0.0,0.8,16.78,11.59,5.19,69.05,4.69,6.99,5.19,0.1,33.33,0.4,80.0,15,10,901,0.1,0.0,1.7,1.0,14.18,2.0,4.79,33.8,3.5,37.23,1.3,27.08
336,294593,Premier League,23/24,Aston Villa,Álex Moreno,Defender,6.76,0.17,0.1,0.09,0.69,0.34,0.26,25.0,1.29,46.88,0.17,0.0,0.09,0.09,0.0,0.0,0.17,0.0,0.0,0.0,0.0,0.0,0.0,0.0,1.55,1.12,2.84,0.17,0.6,0.0,0.0,0.0,0.09,0.17,0.09,0.0,0.0,0.95,35.02,29.17,5.85,83.29,16.78,12.73,6.8,0.34,10.81,1.12,68.42,21,11,1046,0.17,0.0,0.95,1.38,13.34,0.52,4.56,51.46,4.22,55.06,0.34,28.57
337,280439,Premier League,23/24,West Ham United,Maxwel Cornet,Forward,6.76,0.7,0.28,0.0,2.81,0.7,1.41,25.0,0.0,0.0,0.7,0.0,0.0,0.7,0.0,0.0,2.11,0.0,0.0,0.0,0.0,0.0,0.0,0.0,2.11,1.41,0.7,0.0,2.81,0.0,0.0,0.0,0.0,0.0,0.0,0.0,0.0,2.81,33.75,25.31,8.44,75.0,10.55,14.77,9.14,0.0,0.0,0.0,0.0,7,1,128,0.0,0.0,1.41,1.41,12.66,2.11,3.52,26.32,3.52,35.71,0.0,0.0
338,843754,Premier League,23/24,Nottingham Forest,Ibrahim Sangaré,Midfielder,6.76,0.0,0.06,0.09,0.69,0.0,0.43,0.0,0.52,50.0,0.0,0.0,0.0,0.0,0.0,0.0,0.17,0.0,0.0,0.0,0.0,0.0,0.0,0.0,3.62,1.38,1.64,0.6,1.47,0.0,0.0,0.0,0.0,0.09,0.0,0.0,0.0,0.6,36.16,29.17,6.99,80.67,15.19,13.98,6.64,0.0,0.0,1.98,57.5,17,13,1043,0.52,0.0,1.9,0.78,9.58,0.69,5.61,48.51,4.83,51.38,0.78,36.0
339,989056,Premier League,23/24,Nottingham Forest,Giovanni Reyna,Midfielder,6.76,0.0,0.12,0.0,1.96,0.78,0.78,0.0,1.17,42.86,0.0,0.0,0.0,0.0,0.0,0.0,0.0,0.0,0.0,0.0,0.0,0.0,0.0,0.0,2.74,0.78,0.0,0.0,1.17,0.0,0.0,0.0,0.0,0.0,0.0,0.39,0.0,2.74,50.48,45.0,5.48,89.15,15.26,30.52,17.61,0.78,25.0,1.57,80.0,9,2,230,0.0,0.0,1.17,0.78,14.87,1.57,7.43,45.24,4.7,46.15,2.74,43.75
340,825845,Premier League,23/24,Luton Town,Tahith Chong,Midfielder,6.75,0.18,0.12,0.05,1.4,0.32,0.36,12.9,1.13,43.86,0.18,0.0,0.05,0.14,0.0,0.0,0.18,0.0,0.0,0.0,0.0,0.0,0.0,0.0,1.63,0.36,0.45,0.27,0.81,0.0,0.05,0.0,0.0,0.0,0.0,0.0,0.05,0.5,22.58,18.47,4.11,81.8,6.37,12.46,7.32,0.36,22.86,0.68,45.45,33,20,1993,0.18,0.0,0.95,2.89,11.56,1.81,6.05,50.76,5.6,53.45,0.45,31.25
341,1101362,Premier League,23/24,Crystal Palace,Jesurun Rak-Sakyi,Midfielder,6.75,0.0,0.27,0.0,3.21,0.64,0.0,0.0,2.57,44.44,0.0,0.0,0.0,0.0,0.0,0.0,0.0,0.0,0.0,0.0,0.0,0.0,0.0,0.0,2.57,1.93,0.64,0.0,0.64,0.0,0.0,0.0,0.0,0.0,0.0,0.0,0.0,1.29,30.21,23.79,6.43,78.72,3.86,19.93,11.57,0.0,0.0,0.64,50.0,6,0,140,0.0,0.0,0.64,3.21,16.71,1.93,9.64,57.69,7.71,54.55,1.93,75.0
342,556904,Premier League,23/24,Luton Town,Marvelous Nakamba,Midfielder,6.75,0.0,0.02,0.0,0.4,0.0,0.32,0.0,0.24,37.5,0.0,0.0,0.0,0.0,0.0,0.0,0.0,0.0,0.0,0.0,0.0,0.0,0.0,0.0,3.17,0.87,0.87,0.48,1.43,0.0,0.08,0.0,0.0,0.0,0.0,0.0,0.0,0.56,32.94,27.94,5.0,84.82,12.86,15.16,6.83,0.08,25.0,1.51,54.29,13,13,1134,0.4,0.0,1.9,0.71,6.83,0.32,4.44,49.56,4.13,50.98,0.32,36.36
343,921216,Premier League,23/24,Burnley,Michael Obafemi,Forward,6.75,0.0,0.27,0.0,6.0,0.0,6.0,0.0,9.0,100.0,0.0,0.0,0.0,0.0,0.0,0.0,0.0,0.0,0.0,0.0,0.0,0.0,0.0,0.0,0.0,0.0,0.0,0.0,0.0,0.0,0.0,0.0,0.0,0.0,0.0,0.0,0.0,0.0,15.0,12.0,3.0,80.0,6.0,6.0,6.0,0.0,0.0,0.0,0.0,2,0,30,0.0,0.0,0.0,0.0,6.0,3.0,9.0,60.0,9.0,75.0,0.0,0.0
344,138024,Premier League,23/24,West Ham United,Vladimír Coufal,Defender,6.75,0.0,0.01,0.0,0.23,0.06,0.11,0.0,0.34,38.71,0.0,0.0,0.0,0.0,0.0,0.03,0.03,0.0,0.0,0.0,0.0,0.0,0.0,0.0,1.84,1.23,2.38,0.43,1.06,0.0,0.0,0.03,0.0,0.09,0.17,0.2,0.0,0.95,35.26,25.73,9.53,72.99,13.0,13.46,6.89,0.72,23.58,1.12,25.0,36,36,3137,0.14,0.03,0.92,0.75,16.47,0.37,4.07,50.9,2.93,50.5,1.15,51.95
345,139227,Premier League,23/24,West Ham United,Kurt Zouma,Defender,6.75,0.1,0.06,0.0,0.51,0.22,0.16,18.75,0.06,66.67,0.1,0.0,0.1,0.0,0.0,0.0,0.0,0.0,0.0,0.0,0.0,0.0,0.0,0.0,0.73,0.92,5.01,0.89,0.19,0.0,0.0,0.03,0.0,0.1,0.0,0.0,0.0,0.13,36.25,30.41,5.84,83.9,22.8,7.61,2.06,0.0,0.0,2.19,39.66,33,32,2838,0.1,0.0,0.76,0.19,6.44,0.1,2.82,53.94,0.98,48.44,1.84,57.43
346,861972,Premier League,23/24,Fulham,Calvin Bassey,Defender,6.75,0.04,0.01,0.0,0.2,0.08,0.08,20.0,0.43,84.62,0.04,0.0,0.0,0.0,0.04,0.04,0.08,0.0,0.0,0.0,0.0,0.0,0.0,0.0,1.92,1.1,3.13,0.43,0.31,0.04,0.12,0.04,0.0,0.23,0.0,0.0,0.0,0.04,65.2,56.21,9.0,86.2,41.62,14.59,3.72,0.0,0.0,3.25,43.23,29,25,2301,0.16,0.04,0.59,0.43,10.09,0.31,3.95,63.92,2.78,68.93,1.17,54.55
347,836694,Premier League,23/24,Manchester United,Mason Mount,Forward,6.75,0.17,0.06,0.0,0.83,0.17,0.17,20.0,0.67,40.0,0.17,0.0,0.0,0.17,0.0,0.0,0.0,0.0,0.0,0.0,0.0,0.0,0.0,0.0,3.66,1.0,0.5,0.17,1.66,0.0,0.0,0.0,0.0,0.0,0.0,0.0,0.0,1.0,33.77,28.78,4.99,85.22,8.82,20.63,11.65,0.67,28.57,1.0,75.0,14,5,541,0.33,0.0,1.66,1.5,10.81,1.0,6.82,50.0,5.82,52.24,1.0,40.0
348,140487,Premier League,23/24,Luton Town,Cauley Woodrow,Forward,6.75,0.19,0.27,0.0,3.06,0.77,1.34,6.25,0.38,66.67,0.19,0.0,0.19,0.0,0.0,0.19,0.38,0.0,0.0,0.0,0.0,0.0,0.19,0.0,3.06,0.19,2.49,0.19,1.34,0.0,0.0,0.0,0.0,0.0,0.38,0.19,0.0,1.72,26.62,19.91,6.7,74.82,7.66,13.02,7.66,0.77,40.0,0.19,16.67,24,2,470,0.38,0.0,1.53,0.77,11.49,1.53,6.13,44.44,4.02,47.73,2.11,39.29
349,148710,Premier League,23/24,Crystal Palace,Jeffrey Schlupp,Midfielder,6.75,0.13,0.12,0.07,1.24,0.72,0.26,10.53,1.11,45.95,0.07,0.07,0.0,0.13,0.0,0.0,0.0,0.0,0.0,0.0,0.0,0.0,0.0,0.0,2.49,0.52,1.18,0.13,0.59,0.0,0.0,0.0,0.0,0.07,0.13,0.13,0.0,1.24,21.13,16.02,5.1,75.85,6.15,10.01,5.43,0.13,20.0,0.39,27.27,29,17,1376,0.07,0.0,1.57,0.98,11.38,1.5,6.02,49.73,4.58,47.95,1.44,56.41
350,800417,Premier League,23/24,Nottingham Forest,Ola Aina,Defender,6.75,0.05,0.01,0.0,0.58,0.05,0.26,9.09,1.41,65.85,0.0,0.05,0.0,0.0,0.05,0.0,0.1,0.0,0.0,0.0,0.0,0.0,0.0,0.0,2.46,0.94,2.15,0.16,0.58,0.0,0.05,0.05,0.0,0.0,0.0,0.05,0.0,0.58,33.19,26.54,6.65,79.97,11.94,14.97,7.8,0.37,25.0,1.05,42.55,22,20,1719,0.16,0.0,0.94,1.31,13.19,0.52,6.07,64.09,5.13,64.9,0.94,60.0
351,888550,Premier League,23/24,Newcastle United,Joe Willock,Midfielder,6.74,0.22,0.17,0.22,1.51,0.86,0.43,14.29,1.51,38.89,0.22,0.0,0.22,0.0,0.0,0.0,0.22,0.0,0.0,0.0,0.0,0.0,0.0,0.0,2.8,0.22,0.22,0.0,1.51,0.0,0.0,0.0,0.0,0.0,0.0,0.0,0.0,1.51,32.94,28.42,4.52,86.27,11.2,17.44,12.06,0.22,16.67,1.94,81.82,9,5,418,0.0,0.0,0.65,0.65,12.92,1.29,5.17,46.15,4.95,46.0,0.22,50.0
352,858911,Premier League,23/24,Luton Town,Jacob Brown,Forward,6.74,0.18,0.25,0.26,2.29,0.62,0.79,7.69,0.53,27.27,0.09,0.09,0.0,0.09,0.09,0.18,0.53,0.0,0.0,0.0,0.0,0.0,0.0,0.0,1.68,0.71,1.5,0.09,0.97,0.0,0.0,0.0,0.0,0.09,0.09,0.0,0.0,0.71,20.21,11.38,8.82,56.33,3.26,8.38,4.76,0.26,30.0,0.35,16.67,19,12,1020,0.35,0.0,1.68,1.68,15.71,2.21,7.68,41.04,3.88,38.26,3.79,44.33
353,47992,Premier League,23/24,Luton Town,Andros Townsend,Forward,6.74,0.07,0.09,0.0,1.47,0.51,0.29,5.0,1.17,53.33,0.07,0.0,0.07,0.0,0.0,0.0,0.15,0.0,0.0,0.0,0.0,0.0,0.15,0.0,1.54,0.37,0.66,0.0,1.03,0.0,0.0,0.0,0.0,0.0,0.15,0.22,0.0,1.32,25.58,20.52,5.06,80.23,6.67,15.1,8.14,1.25,22.97,1.1,42.86,27,14,1228,0.07,0.0,0.95,0.88,14.88,1.91,3.59,39.2,3.59,42.61,0.0,0.0
354,47772,Premier League,23/24,West Ham United,Michail Antonio,Forward,6.74,0.32,0.3,0.32,1.58,0.74,0.53,20.0,1.53,52.73,0.32,0.0,0.11,0.0,0.21,0.0,0.47,0.0,0.0,0.0,0.0,0.0,0.0,0.0,0.79,0.21,0.21,0.16,0.42,0.0,0.0,0.0,0.0,0.0,0.05,0.11,0.0,0.42,14.11,9.11,5.0,64.55,3.11,6.11,3.84,0.11,7.41,0.42,53.33,26,21,1710,0.32,0.0,1.32,1.47,14.11,2.05,5.53,41.67,3.79,43.37,1.74,38.37
355,365802,Premier League,23/24,Fulham,Harrison Reed,Midfielder,6.74,0.0,0.02,0.0,0.61,0.14,0.34,0.0,0.34,50.0,0.0,0.0,0.0,0.0,0.0,0.0,0.0,0.0,0.0,0.0,0.0,0.0,0.07,0.0,1.97,0.75,1.5,0.61,1.22,0.0,0.0,0.0,0.0,0.2,0.14,0.14,0.07,1.02,49.08,41.87,7.21,85.32,23.72,18.42,8.7,0.27,21.05,1.43,56.76,27,15,1324,0.41,0.0,1.77,0.68,10.81,0.88,3.6,41.41,2.92,40.95,0.68,43.48
356,989803,Premier League,23/24,Manchester United,Facundo Pellistri,Midfielder,6.74,0.0,0.37,0.0,2.06,1.03,0.51,0.0,2.57,55.56,0.0,0.0,0.0,0.0,0.0,0.0,0.0,0.0,0.0,0.0,0.0,0.0,0.0,0.0,2.57,0.51,2.57,0.51,1.03,0.0,0.0,0.0,0.0,0.0,0.0,0.51,0.0,0.51,38.06,30.86,7.2,81.08,9.26,21.6,13.89,0.0,0.0,0.0,0.0,9,1,175,0.0,0.0,2.06,3.09,15.94,2.06,11.31,55.0,8.23,53.33,3.09,60.0
357,1117025,Premier League,23/24,Brighton & Hove Albion,Facundo Buonanotte,Midfielder,6.74,0.2,0.16,0.13,1.37,0.59,0.33,14.29,1.18,39.13,0.2,0.0,0.0,0.2,0.0,0.07,0.2,0.0,0.0,0.0,0.0,0.0,0.0,0.0,2.75,0.52,0.33,0.2,1.96,0.0,0.0,0.0,0.0,0.0,0.2,0.07,0.0,1.18,30.65,26.14,4.51,85.29,9.08,17.12,9.67,0.07,16.67,0.33,45.45,27,17,1377,0.46,0.0,2.22,2.68,11.7,2.16,6.99,43.5,6.6,45.09,0.39,27.27
358,150396,Premier League,23/24,Newcastle United,Emil Krafth,Defender,6.74,0.0,0.02,0.0,0.39,0.0,0.19,0.0,0.29,60.0,0.0,0.0,0.0,0.0,0.0,0.1,0.0,0.0,0.0,0.0,0.0,0.0,0.0,0.0,2.04,0.87,1.75,0.29,1.26,0.0,0.0,0.0,0.0,0.19,0.19,0.0,0.0,0.87,49.47,42.08,7.39,85.07,25.85,17.01,8.36,0.78,47.06,0.58,23.08,17,8,926,0.19,0.0,0.97,0.68,10.21,0.29,4.28,50.57,3.01,52.54,1.26,46.43
359,865167,Premier League,23/24,Bournemouth,Lloyd Kelly,Defender,6.73,0.0,0.02,0.06,0.23,0.06,0.17,0.0,0.12,100.0,0.0,0.0,0.0,0.0,0.0,0.0,0.0,0.0,0.0,0.0,0.0,0.0,0.0,0.0,1.38,0.75,3.4,0.69,0.63,0.0,0.0,0.06,0.0,0.23,0.12,0.06,0.0,0.52,44.42,34.47,9.96,77.59,21.23,13.52,6.85,0.29,23.81,3.16,36.18,23,17,1564,0.12,0.0,0.98,0.75,14.9,0.35,3.86,56.3,2.24,53.42,1.61,60.87
360,191176,Premier League,23/24,Manchester United,Anthony Martial,Midfielder,6.73,0.2,0.24,0.0,1.17,0.78,0.2,16.67,0.39,50.0,0.2,0.0,0.0,0.0,0.2,0.0,0.59,0.2,0.0,0.0,0.0,0.0,0.0,0.0,0.78,0.0,0.59,0.0,0.0,0.0,0.0,0.0,0.0,0.0,0.0,0.0,0.0,1.17,26.75,21.28,5.47,79.56,6.05,15.23,9.76,0.0,0.0,0.2,50.0,13,5,461,0.0,0.0,0.59,1.17,10.93,1.95,3.9,37.74,2.34,46.15,1.56,29.63
361,944973,Premier League,23/24,Nottingham Forest,Nuno Tavares,Defender,6.73,0.0,0.03,0.0,1.36,0.19,1.17,0.0,1.17,66.67,0.0,0.0,0.0,0.0,0.0,0.0,0.0,0.0,0.0,0.0,0.0,0.0,0.0,0.0,2.14,0.19,2.92,0.0,0.19,0.0,0.0,0.0,0.0,0.19,0.0,0.0,0.0,0.39,42.47,33.51,8.96,78.9,13.44,20.45,12.47,0.39,12.5,0.97,27.78,8,5,462,0.39,0.0,1.56,0.39,17.53,0.78,4.29,55.0,3.7,54.29,0.58,60.0
362,987489,Premier League,23/24,Everton,Beto,Forward,6.73,0.28,0.63,0.74,3.98,1.2,2.4,6.98,1.39,46.88,0.28,0.0,0.09,0.09,0.09,0.0,0.92,0.0,0.09,0.0,0.0,0.0,0.0,0.0,1.29,0.09,1.2,0.0,0.74,0.0,0.0,0.0,0.0,0.0,0.28,0.0,0.0,1.02,16.09,9.9,6.2,61.49,2.59,7.31,4.72,0.0,0.0,0.55,75.0,30,9,973,0.18,0.0,1.94,1.76,14.61,2.03,8.79,43.58,4.44,42.11,4.35,45.19
363,354808,Premier League,23/24,West Ham United,Saïd Benrahma,Midfielder,6.73,0.0,0.27,0.29,2.78,0.88,1.31,0.0,2.05,40.0,0.0,0.0,0.0,0.0,0.0,0.0,0.15,0.0,0.15,0.0,0.0,0.0,0.0,0.0,1.17,0.73,0.73,0.0,1.61,0.0,0.0,0.0,0.0,0.0,0.29,0.15,0.0,1.61,34.77,27.76,7.01,79.83,10.23,17.97,10.96,0.44,17.65,0.44,37.5,13,5,616,0.15,0.0,0.73,0.88,15.78,1.17,4.24,37.18,4.09,39.44,0.15,14.29
364,1097425,Premier League,23/24,Bournemouth,Miloš Kerkez,Defender,6.73,0.0,0.05,0.09,0.73,0.23,0.27,0.0,0.54,50.0,0.0,0.0,0.0,0.0,0.0,0.05,0.05,0.05,0.0,0.0,0.0,0.0,0.0,0.0,2.13,0.91,2.54,0.5,0.54,0.05,0.05,0.0,0.05,0.09,0.14,0.05,0.0,0.54,28.46,21.97,6.49,77.19,9.67,12.8,6.72,0.5,20.0,1.0,32.35,28,22,1983,0.18,0.05,1.13,0.95,12.84,0.45,4.45,52.69,3.63,58.82,0.82,36.0
365,283847,Premier League,23/24,Sheffield United,Ivo Grbić,Goalkeeper,6.73,0.0,0.0,0.0,0.0,0.0,0.0,0.0,0.0,0.0,0.0,0.0,0.0,0.0,0.0,0.0,0.0,0.0,0.0,0.0,0.0,0.0,0.0,0.0,0.0,0.0,1.63,0.0,0.12,0.12,0.0,0.0,0.0,0.0,0.0,0.0,0.0,0.0,31.59,14.46,17.14,45.76,7.81,6.65,0.7,0.0,0.0,7.93,31.92,9,9,772,0.12,0.0,0.0,0.23,17.49,0.0,1.05,90.0,0.23,66.67,0.82,100.0
366,892111,Premier League,23/24,Brentford,Shandon Baptiste,Midfielder,6.73,0.37,0.33,0.0,0.75,0.75,0.0,50.0,2.24,54.55,0.37,0.0,0.0,0.0,0.37,0.0,0.0,0.0,0.0,0.0,0.0,0.0,0.0,0.0,1.49,1.12,1.87,0.37,1.49,0.0,0.0,0.0,0.0,0.0,0.37,0.37,0.0,1.49,32.12,23.53,8.59,73.26,12.32,11.95,7.47,0.75,66.67,1.49,33.33,10,2,241,0.37,0.0,1.12,0.0,14.19,0.0,4.85,41.94,3.73,45.45,1.12,33.33
367,1117223,Premier League,23/24,Burnley,Maxime Estève,Defender,6.72,0.0,0.02,0.0,0.48,0.0,0.34,0.0,0.07,100.0,0.0,0.0,0.0,0.0,0.0,0.0,0.0,0.0,0.0,0.0,0.0,0.0,0.0,0.0,1.85,1.85,3.77,0.69,0.96,0.0,0.0,0.0,0.0,0.0,0.0,0.0,0.0,0.07,55.56,46.92,8.64,84.44,30.94,16.05,4.32,0.07,20.0,1.65,32.43,16,15,1312,0.41,0.0,1.71,1.1,9.54,0.21,4.8,52.24,2.95,52.44,1.85,51.92
368,166381,Premier League,23/24,Burnley,Charlie Taylor,Defender,6.72,0.04,0.01,0.0,0.39,0.04,0.19,10.0,0.35,60.0,0.0,0.04,0.0,0.04,0.0,0.0,0.08,0.0,0.0,0.0,0.0,0.0,0.0,0.0,1.35,0.73,2.59,0.42,0.69,0.0,0.0,0.0,0.0,0.08,0.15,0.04,0.0,0.58,40.21,31.72,8.49,78.89,16.29,15.98,7.76,0.54,19.72,1.97,37.23,28,25,2332,0.31,0.0,0.77,0.62,13.62,0.39,3.9,52.6,2.32,53.1,1.58,51.9
369,855835,Premier League,23/24,Manchester City,Sergio Gómez,Defender,6.72,0.0,0.42,0.0,3.33,0.0,1.67,0.0,3.33,100.0,0.0,0.0,0.0,0.0,0.0,1.67,1.67,0.0,0.0,0.0,0.0,0.0,0.0,0.0,1.67,1.67,0.0,0.0,1.67,0.0,0.0,0.0,0.0,0.0,0.0,1.67,0.0,1.67,81.67,73.33,8.33,89.8,28.33,46.67,28.33,1.67,25.0,0.0,0.0,6,0,54,0.0,0.0,3.33,0.0,13.33,0.0,5.0,42.86,5.0,50.0,0.0,0.0
370,927353,Premier League,23/24,Liverpool FC,Curtis Jones,Midfielder,6.72,0.08,0.2,0.08,1.47,0.46,0.46,5.26,1.16,60.0,0.08,0.0,0.0,0.0,0.08,0.0,0.39,0.0,0.0,0.0,0.0,0.0,0.0,0.0,2.08,0.54,0.54,0.0,1.0,0.0,0.0,0.0,0.0,0.0,0.0,0.08,0.0,0.85,57.84,52.9,4.94,91.47,20.82,32.16,15.89,0.08,25.0,0.93,50.0,23,14,1167,0.23,0.08,1.23,1.08,10.03,2.54,4.86,42.86,4.32,43.75,0.54,36.84
371,758168,Premier League,23/24,Nottingham Forest,Moussa Niakhaté,Defender,6.72,0.06,0.07,0.0,0.31,0.06,0.12,20.0,0.18,100.0,0.06,0.0,0.0,0.0,0.0,0.0,0.0,0.0,0.0,0.0,0.0,0.0,0.0,0.0,2.58,0.86,3.01,0.74,0.31,0.0,0.0,0.0,0.0,0.06,0.0,0.0,0.0,0.18,42.33,36.18,6.14,85.49,25.92,10.32,3.56,0.06,9.09,1.9,38.27,21,15,1465,0.18,0.06,0.68,0.25,10.08,0.18,3.93,72.73,2.95,71.64,0.98,76.19
372,993451,Premier League,23/24,Sheffield United,Cameron Archer,Forward,6.72,0.19,0.27,0.29,2.02,0.53,0.77,9.52,1.44,50.85,0.14,0.05,0.0,0.0,0.19,0.05,0.63,0.0,0.0,0.0,0.0,0.0,0.0,0.0,0.87,0.05,0.43,0.14,0.48,0.0,0.0,0.0,0.0,0.05,0.29,0.05,0.0,1.15,16.02,12.94,3.08,80.78,4.33,8.71,5.44,0.1,40.0,0.14,42.86,30,21,1871,0.1,0.0,0.72,0.96,10.01,2.16,3.61,35.05,3.27,41.46,0.34,14.0
373,1199043,Premier League,23/24,Brighton & Hove Albion,Carlos Baleba,Midfielder,6.72,0.0,0.05,0.0,1.39,0.33,0.66,0.0,0.73,64.71,0.0,0.0,0.0,0.0,0.0,0.0,0.0,0.0,0.0,0.0,0.0,0.0,0.0,0.0,2.64,1.19,1.78,0.46,1.52,0.13,0.07,0.0,0.0,0.13,0.07,0.0,0.0,0.53,51.08,47.11,3.96,92.24,28.35,18.77,5.95,0.0,0.0,1.19,62.07,27,15,1362,0.46,0.0,2.64,1.78,6.81,1.06,6.74,53.13,5.09,49.04,1.65,71.43
374,972421,Premier League,23/24,Brentford,Keane Lewis-Potter,Defender,6.71,0.19,0.4,0.75,2.69,1.37,0.69,6.98,1.31,38.89,0.19,0.0,0.06,0.06,0.06,0.12,0.19,0.0,0.0,0.0,0.0,0.0,0.0,0.0,1.06,0.44,1.25,0.12,0.5,0.0,0.0,0.0,0.0,0.0,0.19,0.06,0.0,0.81,22.36,17.3,5.06,77.37,6.0,11.68,8.06,0.37,12.0,0.62,33.33,30,15,1441,0.0,0.0,0.56,1.12,13.12,1.12,4.43,44.1,3.5,45.16,0.94,40.54
375,920542,Premier League,23/24,Luton Town,Elijah Adebayo,Forward,6.71,0.63,0.37,0.25,1.95,0.88,0.63,32.26,1.13,28.13,0.63,0.0,0.25,0.06,0.31,0.13,0.82,0.0,0.0,0.0,0.0,0.0,0.0,0.0,0.25,0.38,1.57,0.13,0.69,0.0,0.0,0.0,0.0,0.0,0.0,0.0,0.0,0.88,12.36,8.97,3.39,72.59,2.2,6.78,4.39,0.0,0.0,0.06,25.0,27,16,1434,0.06,0.0,1.69,1.0,13.49,2.13,5.08,33.75,2.38,25.17,2.7,48.31
376,962883,Premier League,23/24,Brighton & Hove Albion,Ansu Fati,Forward,6.71,0.34,0.5,0.69,4.47,1.89,0.52,7.69,0.86,35.71,0.34,0.0,0.0,0.17,0.17,0.0,0.34,0.0,0.0,0.0,0.0,0.0,0.0,0.0,0.86,0.52,0.52,0.0,1.72,0.0,0.0,0.0,0.0,0.0,0.17,0.0,0.0,1.03,35.04,30.57,4.47,87.25,11.16,19.41,12.19,0.0,0.0,1.03,85.71,19,3,524,0.34,0.0,1.03,2.23,11.51,1.72,4.12,34.78,3.95,39.66,0.17,9.09
377,859999,Premier League,23/24,Manchester United,Lisandro Martínez,Defender,6.71,0.0,0.0,0.0,0.0,0.0,0.0,0.0,0.27,66.67,0.0,0.0,0.0,0.0,0.0,0.0,0.0,0.0,0.0,0.0,0.0,0.0,0.0,0.0,1.65,0.69,3.16,1.1,0.96,0.0,0.0,0.0,0.14,0.0,0.0,0.14,0.0,0.41,60.64,56.39,4.25,92.99,37.59,18.8,5.49,0.0,0.0,1.37,37.04,11,8,656,0.41,0.0,0.82,0.41,5.49,0.41,2.88,48.84,2.33,50.0,0.55,44.44
378,816763,Premier League,23/24,West Ham United,Pablo Fornals,Midfielder,6.71,0.0,0.06,0.0,1.39,0.6,0.8,0.0,1.19,54.55,0.0,0.0,0.0,0.0,0.0,0.0,0.2,0.0,0.0,0.0,0.0,0.0,0.0,0.0,1.99,1.19,1.0,0.2,2.19,0.0,0.0,0.0,0.0,0.2,0.2,0.0,0.0,1.0,39.82,31.66,8.16,79.5,12.35,19.51,12.35,0.2,12.5,2.19,68.75,15,4,452,0.0,0.0,0.6,1.0,13.74,1.59,4.78,42.11,4.18,44.68,0.6,30.0
379,793988,Premier League,23/24,Nottingham Forest,Orel Mangala,Midfielder,6.71,0.06,0.05,0.06,0.57,0.06,0.46,10.0,0.74,50.0,0.0,0.06,0.0,0.0,0.06,0.0,0.0,0.0,0.0,0.0,0.0,0.0,0.0,0.0,1.54,1.48,1.59,0.34,0.85,0.0,0.0,0.0,0.0,0.06,0.0,0.0,0.0,0.34,36.57,32.41,4.16,88.63,17.09,15.38,5.75,0.06,50.0,1.31,63.89,20,19,1580,0.34,0.0,1.31,1.2,7.12,1.03,3.99,49.3,3.42,46.88,0.57,71.43
380,865740,Premier League,23/24,Bournemouth,Chris Mepham,Defender,6.71,0.0,0.01,0.0,0.14,0.14,0.0,0.0,0.0,0.0,0.0,0.0,0.0,0.0,0.0,0.0,0.0,0.0,0.0,0.0,0.0,0.0,0.0,0.0,1.73,1.01,4.17,0.86,0.72,0.0,0.14,0.0,0.0,0.0,0.14,0.14,0.0,0.43,50.89,42.12,8.77,82.77,24.01,18.12,6.9,0.0,0.0,3.59,55.56,10,6,626,0.29,0.0,2.16,0.29,9.63,0.29,6.18,50.59,1.87,37.14,4.31,60.0
381,371222,Premier League,23/24,Fulham,Saša Lukić,Midfielder,6.71,0.08,0.13,0.16,1.03,0.24,0.4,7.69,0.4,62.5,0.08,0.0,0.0,0.08,0.0,0.0,0.0,0.0,0.0,0.0,0.0,0.0,0.0,0.0,2.62,1.27,1.43,0.4,1.67,0.0,0.08,0.0,0.0,0.16,0.0,0.0,0.0,0.87,38.84,34.0,4.85,87.53,17.63,16.36,5.88,0.0,0.0,0.87,52.38,24,13,1133,0.24,0.0,2.14,0.71,7.31,0.79,4.61,45.67,3.73,43.52,0.87,57.89
382,845273,Premier League,23/24,Wolverhampton,Jean-Ricner Bellegarde,Midfielder,6.71,0.19,0.15,0.0,1.4,0.47,0.47,13.33,1.59,50.0,0.19,0.0,0.0,0.0,0.19,0.0,0.19,0.0,0.0,0.0,0.0,0.0,0.0,0.0,1.59,0.75,1.21,0.19,0.75,0.0,0.0,0.0,0.0,0.0,0.09,0.09,0.0,1.12,26.23,22.13,4.11,84.34,9.15,13.26,7.75,0.28,10.0,0.47,45.45,22,10,964,0.0,0.09,0.93,2.24,12.98,1.77,6.16,45.83,5.41,53.21,0.75,22.86
383,100637,Premier League,23/24,Sheffield United,Oliver Norwood,Midfielder,6.71,0.06,0.07,0.0,0.91,0.36,0.3,6.67,0.06,50.0,0.06,0.0,0.0,0.0,0.06,0.0,0.0,0.0,0.06,0.06,100.0,0.0,0.0,0.0,2.49,1.28,2.19,0.55,1.64,0.0,0.0,0.06,0.0,0.0,0.06,0.0,0.0,1.03,51.96,37.49,14.46,72.16,19.75,18.72,8.87,0.97,30.77,4.13,34.34,27,16,1481,0.49,0.0,0.91,0.55,17.68,0.24,3.95,50.78,3.1,52.58,0.85,45.16
384,958959,Premier League,23/24,Arsenal,Jurriën Timber,Defender,6.7,0.0,0.0,0.0,0.0,0.0,0.0,0.0,1.27,100.0,0.0,0.0,0.0,0.0,0.0,0.0,1.27,0.0,0.0,0.0,0.0,0.0,0.0,0.0,2.54,0.0,1.27,0.0,0.0,0.0,0.0,0.0,0.0,0.0,0.0,0.0,0.0,0.0,84.93,76.06,8.87,89.55,24.08,51.97,24.08,0.0,0.0,1.27,50.0,2,1,71,2.54,0.0,3.8,0.0,11.41,1.27,5.07,44.44,3.8,42.86,1.27,50.0
385,252821,Premier League,23/24,Wolverhampton,Nélson Semedo,Defender,6.7,0.0,0.04,0.06,0.49,0.12,0.17,0.0,1.48,63.75,0.0,0.0,0.0,0.0,0.0,0.0,0.03,0.0,0.0,0.0,0.0,0.0,0.0,0.0,2.3,1.05,2.27,0.23,0.76,0.0,0.03,0.06,0.0,0.12,0.06,0.03,0.0,0.7,44.13,35.71,8.41,80.94,17.67,18.42,8.64,0.38,16.25,1.4,33.1,36,36,3092,0.32,0.03,1.4,0.87,14.76,1.05,5.3,52.3,4.66,53.69,0.64,44.0
386,369674,Premier League,23/24,Luton Town,Amari'i Bell,Defender,6.7,0.0,0.01,0.05,0.1,0.1,0.0,0.0,0.52,40.0,0.0,0.0,0.0,0.0,0.0,0.0,0.0,0.0,0.0,0.0,0.0,0.0,0.0,0.0,2.61,1.31,2.87,0.78,0.68,0.05,0.0,0.0,0.0,0.05,0.0,0.0,0.0,0.42,41.24,32.82,8.41,79.59,18.92,13.95,6.32,0.05,7.69,1.52,31.52,21,21,1722,0.0,0.0,1.15,0.84,11.97,0.26,5.02,55.49,3.92,57.69,1.1,48.84
387,190405,Premier League,23/24,Aston Villa,Leander Dendoncker,Midfielder,6.7,0.58,0.43,0.0,1.16,0.58,0.0,50.0,0.0,0.0,0.58,0.0,0.0,0.0,0.58,0.0,0.0,0.0,0.0,0.0,0.0,0.0,0.0,0.0,3.48,1.16,1.74,1.16,0.58,0.0,0.58,0.0,0.0,0.0,0.0,0.0,0.0,0.0,32.52,26.13,6.39,80.36,16.84,9.29,2.9,0.0,0.0,1.74,42.86,8,1,155,0.0,0.0,0.58,0.58,8.13,0.58,6.39,57.89,4.06,70.0,2.32,44.44
388,851596,Premier League,23/24,Bournemouth,Justin Kluivert,Midfielder,6.7,0.32,0.29,0.32,2.6,0.93,0.65,12.5,1.11,36.92,0.32,0.0,0.0,0.09,0.23,0.05,0.23,0.0,0.0,0.0,0.0,0.0,0.14,0.0,1.3,0.37,0.46,0.05,1.02,0.0,0.0,0.0,0.0,0.0,0.05,0.05,0.0,0.97,17.66,12.79,4.87,72.44,3.48,9.59,6.67,0.28,20.69,0.56,52.17,32,26,1942,0.23,0.0,2.41,1.3,12.1,1.39,4.26,35.8,3.71,36.04,0.56,34.29
389,1048916,Premier League,23/24,Chelsea,Lesley Ugochukwu,Midfielder,6.7,0.0,0.0,0.0,0.0,0.0,0.0,0.0,0.87,75.0,0.0,0.0,0.0,0.0,0.0,0.0,0.0,0.0,0.0,0.0,0.0,0.0,0.0,0.0,4.05,0.29,1.45,0.58,1.74,0.0,0.0,0.0,0.0,0.29,0.0,0.0,0.0,0.87,52.96,44.86,8.1,84.7,23.44,21.41,9.55,0.0,0.0,1.45,62.5,12,3,311,0.58,0.0,1.16,0.58,10.13,0.87,8.1,65.12,5.5,59.38,2.6,81.82
390,855731,Premier League,23/24,Bournemouth,David Brooks,Midfielder,6.7,0.31,0.69,0.93,4.05,1.56,2.18,7.69,1.25,40.0,0.31,0.0,0.0,0.31,0.0,0.31,0.31,0.0,0.0,0.0,0.0,0.0,0.0,0.0,1.56,0.62,0.62,0.0,0.62,0.0,0.0,0.0,0.0,0.0,0.62,0.31,0.0,2.49,34.88,26.78,8.1,76.79,7.16,20.87,13.7,1.25,26.67,1.87,54.55,13,2,289,0.31,0.0,1.87,0.31,16.19,0.31,3.43,34.38,3.11,41.67,0.31,12.5
391,31867,Premier League,23/24,Brighton & Hove Albion,Jason Steele,Goalkeeper,6.69,0.0,0.0,0.0,0.0,0.0,0.0,0.0,0.0,0.0,0.0,0.0,0.0,0.0,0.0,0.0,0.0,0.0,0.0,0.0,0.0,0.0,0.0,0.0,0.0,0.0,0.59,0.0,0.18,0.0,0.06,0.0,0.0,0.12,0.0,0.0,0.0,0.0,35.41,29.47,5.94,83.22,28.47,1.0,0.18,0.0,0.0,4.71,45.98,17,17,1530,0.0,0.0,0.0,0.06,6.06,0.0,0.12,40.0,0.06,25.0,0.06,100.0
392,98454,Premier League,23/24,Sheffield United,Jack Robinson,Defender,6.69,0.03,0.04,0.06,0.44,0.19,0.12,7.14,0.16,62.5,0.03,0.0,0.0,0.03,0.0,0.0,0.03,0.0,0.0,0.0,0.0,0.0,0.0,0.0,1.34,1.03,3.96,1.03,0.44,0.0,0.06,0.0,0.06,0.03,0.03,0.03,0.0,0.37,33.22,25.67,7.55,77.28,17.28,8.52,3.37,0.12,33.33,2.25,36.55,34,31,2885,0.31,0.0,0.59,0.5,12.04,0.16,4.15,61.01,1.97,61.17,2.18,60.87
393,44566,Premier League,23/24,Bournemouth,Adam Smith,Defender,6.69,0.0,0.0,0.0,0.08,0.0,0.04,0.0,0.17,33.33,0.0,0.0,0.0,0.0,0.0,0.0,0.04,0.0,0.0,0.0,0.0,0.0,0.0,0.0,1.53,0.87,2.03,0.46,0.83,0.0,0.0,0.08,0.0,0.25,0.08,0.08,0.0,0.7,31.78,24.5,7.28,77.08,12.37,12.87,6.54,0.74,46.15,0.95,18.85,28,25,2175,0.25,0.0,1.24,0.91,11.26,0.29,3.35,48.8,2.57,50.0,0.79,45.24
394,548050,Premier League,23/24,Brentford,Saman Ghoddos,Midfielder,6.69,0.11,0.03,0.0,1.02,0.23,0.68,11.11,0.34,27.27,0.0,0.11,0.0,0.0,0.11,0.0,0.23,0.0,0.0,0.0,0.0,0.0,0.0,0.0,3.18,0.57,1.02,0.23,1.59,0.0,0.0,0.0,0.0,0.0,0.11,0.0,0.0,1.02,41.82,31.93,9.89,76.36,14.09,19.09,11.02,1.25,26.19,1.59,28.0,19,7,792,0.57,0.0,1.48,1.02,16.48,0.45,5.0,46.32,4.55,50.63,0.45,25.0
395,42699,Premier League,23/24,Newcastle United,Matt Ritchie,Midfielder,6.69,0.59,0.56,0.59,3.53,2.35,1.18,16.67,0.0,0.0,0.59,0.0,0.0,0.0,0.59,0.0,0.0,0.0,0.0,0.0,0.0,0.0,0.0,0.0,2.94,0.59,2.94,1.18,1.18,0.0,0.0,0.0,0.0,0.0,0.0,0.0,0.0,0.0,50.59,41.18,9.41,81.4,15.29,25.88,15.29,0.0,0.0,0.0,0.0,13,0,153,0.59,0.0,1.18,0.59,16.47,0.59,3.53,40.0,3.53,50.0,0.0,0.0
396,997103,Premier League,23/24,Tottenham Hotspur,Radu Drăguşin,Defender,6.69,0.0,0.03,0.2,0.2,0.0,0.2,0.0,0.2,50.0,0.0,0.0,0.0,0.0,0.0,0.0,0.2,0.0,0.0,0.0,0.0,0.0,0.0,0.0,1.0,1.6,3.61,0.8,0.0,0.0,0.0,0.0,0.0,0.2,0.0,0.0,0.0,0.0,73.96,65.14,8.82,88.08,50.31,14.83,2.81,0.0,0.0,1.2,35.29,9,4,449,0.2,0.0,1.2,0.8,9.42,0.2,3.81,57.58,2.0,55.56,1.8,60.0
397,1006387,Premier League,23/24,Brentford,Kevin Schade,Midfielder,6.69,0.53,0.32,0.53,2.12,1.06,0.8,25.0,0.53,16.67,0.53,0.0,0.0,0.0,0.53,0.27,0.53,0.0,0.0,0.0,0.0,0.0,0.0,0.0,0.8,0.27,1.06,0.0,1.33,0.0,0.0,0.0,0.0,0.0,0.53,0.27,0.0,1.06,23.36,14.87,8.5,63.64,4.78,10.62,6.37,0.53,40.0,0.0,0.0,11,3,339,0.0,0.0,2.65,1.59,18.32,1.59,7.43,38.89,2.92,26.83,4.51,54.84
398,235460,Premier League,23/24,Everton,André Gomes,Midfielder,6.69,0.18,0.05,0.0,1.43,0.72,0.36,12.5,0.54,27.27,0.18,0.0,0.0,0.0,0.18,0.0,0.0,0.0,0.0,0.0,0.0,0.0,0.36,0.0,1.25,0.54,0.54,0.18,1.79,0.0,0.18,0.0,0.0,0.18,0.0,0.0,0.0,0.72,46.34,38.65,7.69,83.4,15.39,23.8,11.27,0.54,11.54,3.22,64.29,12,3,503,0.72,0.0,3.04,0.89,16.1,1.07,2.86,24.62,2.68,27.27,0.18,10.0
399,76632,Premier League,23/24,Everton,Séamus Coleman,Defender,6.68,0.0,0.0,0.0,0.0,0.0,0.0,0.0,0.81,46.15,0.0,0.0,0.0,0.0,0.0,0.0,0.0,0.0,0.0,0.0,0.0,0.0,0.0,0.0,2.28,0.94,3.22,0.54,0.67,0.13,0.0,0.0,0.13,0.4,0.13,0.0,0.0,0.4,29.55,19.88,9.67,67.27,9.81,10.34,5.51,0.27,15.38,1.48,25.0,12,7,670,0.0,0.0,0.81,0.67,15.72,0.54,3.9,53.7,3.76,57.14,0.13,20.0
400,138149,Premier League,23/24,Nottingham Forest,Odysseas Vlachodimos,Goalkeeper,6.68,0.0,0.0,0.0,0.0,0.0,0.0,0.0,0.0,0.0,0.0,0.0,0.0,0.0,0.0,0.0,0.0,0.0,0.0,0.0,0.0,0.0,0.0,0.0,0.0,0.0,1.0,0.0,0.2,0.0,0.0,0.0,0.0,0.2,0.0,0.0,0.0,0.2,30.6,24.2,6.4,79.08,20.2,4.0,0.2,0.0,0.0,6.6,50.77,5,5,450,0.0,0.0,0.0,0.2,7.0,0.0,0.2,50.0,0.2,50.0,0.0,0.0
401,39183,Premier League,23/24,Crystal Palace,Joel Ward,Defender,6.68,0.0,0.04,0.05,0.45,0.0,0.32,0.0,0.36,66.67,0.0,0.0,0.0,0.0,0.0,0.0,0.0,0.0,0.0,0.0,0.0,0.0,0.0,0.0,2.04,0.63,3.8,0.45,0.77,0.0,0.05,0.0,0.05,0.18,0.0,0.05,0.0,0.14,36.32,27.5,8.82,75.72,15.11,12.53,5.83,0.14,13.64,1.72,29.92,26,23,1990,0.18,0.0,0.99,0.27,11.26,0.14,4.75,52.76,2.67,56.73,2.08,48.42
402,336655,Premier League,23/24,Bournemouth,Enes Ünal,Forward,6.68,0.5,0.72,1.49,5.7,2.73,1.74,8.7,0.5,20.0,0.5,0.0,0.25,0.0,0.25,0.0,1.49,0.0,0.0,0.0,0.0,0.0,0.5,0.0,1.49,0.25,1.49,0.5,0.74,0.0,0.0,0.0,0.0,0.0,0.5,0.5,0.0,1.24,17.85,13.64,4.21,76.39,3.47,10.17,7.93,0.0,0.0,0.74,75.0,16,2,363,0.25,0.0,2.48,2.23,13.14,2.48,6.2,37.88,3.97,34.78,2.23,45.0
403,10589,Premier League,23/24,Everton,Ashley Young,Defender,6.68,0.0,0.02,0.0,0.51,0.08,0.2,0.0,0.47,50.0,0.0,0.0,0.0,0.0,0.0,0.0,0.04,0.04,0.0,0.0,0.0,0.0,0.12,0.0,2.07,0.86,1.76,0.23,0.94,0.12,0.0,0.04,0.04,0.23,0.08,0.0,0.0,0.82,30.34,21.96,8.38,72.39,9.47,13.43,6.58,0.94,24.0,1.88,32.43,31,27,2299,0.2,0.04,1.29,0.94,14.56,0.51,4.23,48.65,3.48,52.05,0.74,37.25
404,17054,Premier League,23/24,Brighton & Hove Albion,Adam Lallana,Midfielder,6.68,0.0,0.09,0.0,1.15,0.21,0.63,0.0,0.31,25.0,0.0,0.0,0.0,0.0,0.0,0.0,0.21,0.0,0.0,0.0,0.0,0.0,0.0,0.0,0.84,0.31,0.1,0.1,0.42,0.0,0.0,0.0,0.0,0.0,0.21,0.1,0.0,1.57,52.22,46.99,5.23,89.98,18.52,28.67,17.16,0.21,28.57,0.31,60.0,25,13,860,0.21,0.0,0.84,1.15,10.36,1.88,2.62,36.23,2.3,36.07,0.31,37.5
405,341589,Premier League,23/24,Brighton & Hove Albion,Mahmoud Dahoud,Midfielder,6.68,0.0,0.04,0.0,1.19,0.2,0.59,0.0,0.4,40.0,0.0,0.0,0.0,0.0,0.0,0.0,0.0,0.0,0.0,0.0,0.0,0.0,0.0,0.0,1.78,0.2,0.79,0.2,1.19,0.0,0.0,0.0,0.0,0.0,0.4,0.2,0.0,1.98,64.43,56.1,8.33,87.08,35.68,20.62,8.72,0.2,33.33,1.98,47.62,9,6,454,0.2,0.2,1.19,0.4,11.5,0.99,2.58,34.21,2.58,39.39,0.0,0.0
406,21164,Premier League,23/24,West Ham United,Angelo Ogbonna,Defender,6.67,0.0,0.01,0.0,0.14,0.0,0.14,0.0,0.14,100.0,0.0,0.0,0.0,0.0,0.0,0.0,0.0,0.0,0.0,0.0,0.0,0.0,0.0,0.0,1.56,0.43,4.12,1.42,0.14,0.0,0.0,0.0,0.0,0.28,0.0,0.0,0.0,0.0,30.43,24.31,6.11,79.91,19.48,4.83,1.42,0.0,0.0,1.28,24.32,11,7,633,0.14,0.0,0.14,0.43,6.11,0.0,3.84,75.0,2.13,88.24,1.71,63.16
407,891920,Premier League,23/24,Fulham,Carlos Vinícius,Forward,6.67,0.56,0.45,0.0,2.53,1.41,1.12,22.22,0.56,25.0,0.56,0.0,0.0,0.56,0.0,0.0,1.69,0.0,0.0,0.0,0.0,0.0,0.0,0.0,0.84,0.0,0.28,0.0,1.12,0.0,0.0,0.0,0.0,0.0,0.28,0.0,0.0,1.41,17.16,12.94,4.22,75.41,5.34,7.59,3.94,0.0,0.0,0.0,0.0,13,2,320,0.56,0.0,1.12,0.56,11.53,1.97,3.09,25.58,1.97,25.0,1.12,26.67
408,998832,Premier League,23/24,Everton,Lewis Dobbin,Forward,6.67,0.34,0.1,0.34,1.71,0.68,1.03,20.0,2.05,28.57,0.34,0.0,0.0,0.34,0.0,0.0,0.0,0.0,0.0,0.0,0.0,0.0,0.0,0.0,3.08,0.34,0.0,0.34,1.37,0.0,0.0,0.0,0.0,0.0,0.34,0.0,0.0,1.37,18.48,14.03,4.45,75.93,4.45,9.92,6.16,0.34,14.29,0.34,25.0,12,1,263,0.34,0.0,1.03,2.05,19.16,2.05,7.87,44.23,7.19,42.86,0.68,66.67
409,130181,Premier League,23/24,West Ham United,Danny Ings,Forward,6.67,0.2,0.26,0.2,2.39,0.8,0.6,8.33,1.19,50.0,0.2,0.0,0.0,0.0,0.2,0.2,0.2,0.2,0.0,0.0,0.0,0.0,0.0,0.0,1.19,0.6,1.19,0.2,1.79,0.0,0.0,0.0,0.0,0.0,0.0,0.0,0.0,1.0,20.91,15.13,5.77,72.38,5.38,9.76,6.17,0.0,0.0,0.2,14.29,20,3,452,0.2,0.0,0.8,1.19,10.15,0.8,4.18,39.62,3.58,43.9,0.6,25.0
410,78152,Premier League,23/24,Nottingham Forest,Matz Sels,Goalkeeper,6.67,0.0,0.0,0.0,0.0,0.0,0.0,0.0,0.0,0.0,0.0,0.0,0.0,0.0,0.0,0.0,0.0,0.0,0.0,0.0,0.0,0.0,0.0,0.0,0.0,0.0,1.06,0.0,0.0,0.06,0.0,0.0,0.0,0.06,0.0,0.0,0.0,0.06,20.31,13.25,7.06,65.23,9.69,3.56,1.06,0.0,0.0,5.31,43.15,16,16,1440,0.06,0.0,0.0,0.19,7.19,0.0,0.38,100.0,0.12,100.0,0.25,100.0
411,827064,Premier League,23/24,Everton,Arnaut Danjuma,Forward,6.67,0.15,0.4,0.76,3.78,1.36,1.21,4.0,1.21,42.11,0.15,0.0,0.0,0.15,0.0,0.3,0.45,0.0,0.0,0.0,0.0,0.0,0.15,0.0,0.91,0.45,0.0,0.0,0.45,0.0,0.0,0.0,0.0,0.0,0.15,0.0,0.0,0.91,21.18,15.28,5.9,72.14,5.29,9.98,6.66,0.0,0.0,0.3,50.0,14,5,595,0.0,0.0,1.06,0.76,11.8,1.06,3.33,40.74,2.87,41.3,0.45,37.5
412,994556,Premier League,23/24,Chelsea,Carney Chukwuemeka,Midfielder,6.67,0.4,0.06,0.0,1.21,0.81,0.0,33.33,0.81,16.67,0.4,0.0,0.0,0.0,0.4,0.0,0.0,0.0,0.0,0.0,0.0,0.0,0.0,0.0,2.42,0.0,0.4,0.4,0.81,0.0,0.0,0.0,0.0,0.0,0.0,0.4,0.0,1.61,53.68,46.41,7.26,86.47,14.93,31.48,19.37,0.0,0.0,0.4,33.33,9,2,223,0.81,0.0,1.21,0.81,15.74,1.61,4.44,33.33,4.04,34.48,0.4,25.0
413,859901,Premier League,23/24,Tottenham Hotspur,Oliver Skipp,Midfielder,6.67,0.0,0.08,0.12,0.49,0.12,0.0,0.0,0.24,66.67,0.0,0.0,0.0,0.0,0.0,0.0,0.0,0.0,0.0,0.0,0.0,0.0,0.0,0.0,2.2,0.37,0.73,0.12,0.86,0.0,0.0,0.0,0.0,0.0,0.0,0.0,0.12,0.98,45.61,41.82,3.79,91.69,17.36,24.58,11.25,0.12,100.0,1.71,73.68,21,5,736,0.37,0.0,0.98,1.47,5.99,0.73,4.28,52.24,3.79,58.49,0.49,28.57
414,97465,Premier League,23/24,Luton Town,Luke Berry,Midfielder,6.66,0.47,0.24,0.0,1.89,0.95,0.47,25.0,0.47,100.0,0.47,0.0,0.0,0.24,0.24,0.0,0.0,0.0,0.0,0.0,0.0,0.0,0.0,0.0,1.66,0.0,0.24,0.24,0.24,0.0,0.0,0.0,0.0,0.0,0.0,0.24,0.0,0.47,21.08,14.68,6.39,69.66,6.87,8.05,3.55,0.24,12.5,0.71,30.0,17,2,380,0.24,0.0,1.42,1.66,10.42,0.95,5.45,56.1,3.79,61.54,1.66,46.67
415,604232,Premier League,23/24,Aston Villa,Diego Carlos,Defender,6.66,0.0,0.1,0.1,0.49,0.05,0.34,0.0,0.1,50.0,0.0,0.0,0.0,0.0,0.0,0.0,0.05,0.0,0.0,0.0,0.0,0.0,0.0,0.0,1.33,0.64,3.84,0.94,0.39,0.05,0.1,0.0,0.0,0.25,0.0,0.0,0.0,0.15,65.96,58.33,7.64,88.42,41.23,17.09,4.19,0.0,0.0,3.25,41.77,27,20,1827,0.2,0.0,1.28,0.2,8.37,0.2,2.66,45.0,1.58,45.71,1.08,44.0
416,1020141,Premier League,23/24,Everton,Nathan Patterson,Defender,6.66,0.0,0.03,0.09,0.36,0.0,0.18,0.0,0.62,41.18,0.0,0.0,0.0,0.0,0.0,0.09,0.09,0.0,0.0,0.0,0.0,0.0,0.0,0.0,3.02,0.8,2.49,0.27,2.05,0.0,0.0,0.0,0.0,0.18,0.27,0.18,0.0,0.71,36.28,26.5,9.78,73.04,11.92,15.21,7.74,0.62,21.88,2.4,42.86,20,9,1012,0.36,0.0,1.6,0.44,17.16,0.53,4.71,44.54,4.09,45.1,0.62,41.18
417,298366,Premier League,23/24,Bournemouth,Kieffer Moore,Forward,6.66,0.69,1.02,1.37,4.12,1.37,2.06,16.67,0.69,50.0,0.69,0.0,0.69,0.0,0.0,0.0,0.0,0.0,0.0,0.0,0.0,0.0,0.0,0.0,0.0,0.0,0.0,0.0,0.0,0.0,0.0,0.0,0.0,0.0,0.69,0.0,0.0,1.37,27.48,19.24,8.24,70.0,5.5,13.74,8.93,0.0,0.0,0.0,0.0,8,0,131,0.0,0.0,3.44,1.37,13.05,0.69,6.18,40.91,2.06,30.0,4.12,50.0
418,983066,Premier League,23/24,Nottingham Forest,Andrew Omobamidele,Defender,6.66,0.0,0.02,0.0,0.12,0.0,0.0,0.0,0.0,0.0,0.0,0.0,0.0,0.0,0.0,0.0,0.0,0.0,0.0,0.0,0.0,0.0,0.0,0.0,1.15,1.5,4.83,0.92,0.35,0.12,0.0,0.0,0.12,0.0,0.0,0.0,0.0,0.23,35.56,31.07,4.49,87.38,22.9,8.17,1.84,0.0,0.0,1.5,50.0,11,8,782,0.23,0.0,0.69,0.35,4.83,0.0,2.3,51.28,1.38,57.14,0.92,44.44
419,1114837,Premier League,23/24,Chelsea,Alfie Gilchrist,Defender,6.66,0.4,0.13,0.0,2.02,0.4,1.21,20.0,0.4,100.0,0.4,0.0,0.0,0.0,0.4,0.0,0.0,0.0,0.0,0.0,0.0,0.0,0.0,0.0,1.61,1.21,3.63,1.21,1.21,0.0,0.0,0.0,0.0,0.0,0.0,0.0,0.0,0.0,49.64,42.38,7.26,85.37,25.02,17.35,8.48,0.0,0.0,0.4,16.67,11,2,223,0.4,0.0,1.61,0.0,9.69,0.81,2.83,35.0,2.02,35.71,0.81,33.33
420,826057,Premier League,23/24,Brentford,Mads Roerslev,Defender,6.66,0.04,0.04,0.04,0.31,0.04,0.18,14.29,0.49,42.31,0.04,0.0,0.0,0.0,0.04,0.0,0.13,0.0,0.0,0.0,0.0,0.0,0.0,0.0,2.15,0.85,2.73,0.13,1.21,0.0,0.0,0.0,0.0,0.18,0.13,0.09,0.0,0.67,27.1,18.68,8.42,68.93,9.81,9.95,4.52,1.08,38.71,0.99,29.33,34,22,2009,0.04,0.0,0.45,0.67,13.48,0.67,3.94,48.35,3.27,52.14,0.67,35.71
421,1031258,Premier League,23/24,Brentford,Yehor Yarmoliuk,Midfielder,6.66,0.0,0.13,0.25,1.38,0.63,0.38,0.0,2.14,70.83,0.0,0.0,0.0,0.0,0.0,0.0,0.13,0.0,0.0,0.0,0.0,0.0,0.0,0.0,2.14,0.75,0.63,0.5,1.26,0.0,0.0,0.0,0.0,0.0,0.0,0.0,0.0,0.38,35.45,27.4,8.04,77.3,10.94,16.59,10.31,0.13,7.14,1.13,50.0,27,6,716,0.25,0.0,1.51,0.75,14.08,1.26,6.16,51.04,5.03,51.95,1.13,47.37
422,826139,Premier League,23/24,Arsenal,Reiss Nelson,Midfielder,6.66,0.0,0.07,0.0,1.3,0.33,0.33,0.0,0.33,14.29,0.0,0.0,0.0,0.0,0.0,0.0,0.0,0.0,0.0,0.0,0.0,0.0,0.0,0.0,2.93,0.33,1.63,0.33,0.65,0.0,0.0,0.0,0.0,0.0,0.33,0.0,0.0,1.63,41.41,39.46,1.96,95.28,13.7,26.74,14.67,0.98,21.43,0.65,66.67,15,1,276,0.33,0.0,1.63,1.96,13.04,1.3,5.22,42.11,5.22,48.48,0.0,0.0
423,150477,Premier League,23/24,Luton Town,Jordan Clark,Midfielder,6.66,0.07,0.07,0.0,1.16,0.27,0.34,5.88,0.82,33.33,0.07,0.0,0.0,0.0,0.07,0.0,0.34,0.0,0.0,0.0,0.0,0.0,0.0,0.0,2.05,0.75,0.96,0.21,1.92,0.0,0.07,0.0,0.0,0.0,0.21,0.07,0.0,0.82,33.06,24.5,8.56,74.12,11.43,13.55,6.43,0.48,30.43,1.71,51.02,23,14,1315,0.27,0.0,0.96,1.78,14.78,1.44,5.89,46.24,4.65,44.44,1.23,54.55
424,914691,Premier League,23/24,Brighton & Hove Albion,Tariq Lamptey,Defender,6.65,0.0,0.04,0.1,0.59,0.0,0.2,0.0,0.59,42.86,0.0,0.0,0.0,0.0,0.0,0.0,0.29,0.0,0.0,0.0,0.0,0.0,0.0,0.0,2.06,0.59,0.49,0.29,0.88,0.0,0.0,0.1,0.0,0.0,0.1,0.29,0.0,0.98,36.33,31.93,4.41,87.87,16.45,16.35,7.34,0.88,29.03,0.69,63.64,19,10,919,0.29,0.0,1.08,1.76,10.58,0.2,4.8,56.32,4.41,60.81,0.39,30.77
425,886242,Premier League,23/24,Brighton & Hove Albion,Jakub Moder,Midfielder,6.65,0.0,0.08,0.14,1.55,0.42,0.56,0.0,0.85,54.55,0.0,0.0,0.0,0.0,0.0,0.0,0.28,0.0,0.0,0.0,0.0,0.0,0.14,0.0,2.68,0.28,1.69,0.28,1.27,0.0,0.0,0.0,0.0,0.0,0.28,0.0,0.0,0.7,40.7,33.38,7.32,82.01,19.44,13.94,7.46,0.0,0.0,0.42,27.27,17,6,639,0.28,0.0,1.13,0.7,11.83,0.85,4.65,50.0,4.23,51.72,0.42,37.5
426,929132,Premier League,23/24,Sheffield United,Jayden Bogle,Defender,6.65,0.1,0.07,0.03,1.03,0.35,0.35,9.38,0.81,48.08,0.1,0.0,0.0,0.0,0.1,0.0,0.13,0.0,0.0,0.0,0.0,0.0,0.0,0.0,2.13,1.03,2.77,0.35,1.13,0.0,0.0,0.0,0.03,0.03,0.0,0.0,0.0,0.32,24.89,17.34,7.54,69.69,8.9,8.77,4.26,0.32,25.0,1.1,31.78,34,32,2792,0.29,0.0,1.22,0.71,12.73,0.87,5.25,51.26,3.64,47.28,1.61,63.29
427,112928,Premier League,23/24,Sheffield United,George Baldock,Defender,6.65,0.0,0.0,0.0,0.09,0.0,0.09,0.0,0.56,60.0,0.0,0.0,0.0,0.0,0.0,0.0,0.09,0.09,0.0,0.0,0.0,0.0,0.0,0.0,1.67,0.93,2.78,0.74,0.84,0.0,0.0,0.0,0.0,0.0,0.09,0.09,0.0,0.65,29.6,21.8,7.79,73.67,12.62,9.56,4.92,0.37,22.22,1.21,27.66,13,11,970,0.37,0.0,1.76,1.3,11.97,0.84,4.73,48.57,3.34,46.75,1.39,53.57
428,838399,Premier League,23/24,Nottingham Forest,Joe Worrall,Defender,6.65,0.0,0.02,0.0,0.41,0.0,0.41,0.0,0.0,0.0,0.0,0.0,0.0,0.0,0.0,0.0,0.0,0.0,0.0,0.0,0.0,0.0,0.0,0.0,1.44,0.62,6.36,0.82,0.62,0.0,0.21,0.0,0.0,0.21,0.0,0.0,0.0,0.41,33.01,27.88,5.13,84.47,20.71,7.18,1.64,0.0,0.0,2.46,48.0,7,5,439,0.0,0.21,0.62,0.41,5.33,0.0,4.31,56.76,1.85,60.0,2.46,54.55
429,991584,Premier League,23/24,Sheffield United,Luke Thomas,Defender,6.65,0.0,0.05,0.1,0.59,0.1,0.29,0.0,0.49,55.56,0.0,0.0,0.0,0.0,0.0,0.0,0.0,0.0,0.0,0.0,0.0,0.0,0.0,0.0,1.96,0.98,2.16,0.49,0.59,0.0,0.0,0.0,0.0,0.0,0.0,0.0,0.0,0.2,26.96,19.8,7.16,73.45,9.41,10.78,5.49,0.39,30.77,0.78,30.77,12,11,918,0.29,0.0,0.98,1.27,10.29,0.49,4.71,54.55,3.73,60.32,0.98,40.0
430,875360,Premier League,23/24,Burnley,Hjalmar Ekdal,Defender,6.64,0.0,0.01,0.0,0.41,0.2,0.2,0.0,0.41,66.67,0.0,0.0,0.0,0.0,0.0,0.0,0.0,0.0,0.0,0.0,0.0,0.0,0.0,0.0,0.82,1.22,4.29,1.02,0.41,0.0,0.0,0.0,0.0,0.0,0.0,0.0,0.0,0.2,44.29,38.98,5.31,88.02,25.92,13.06,3.06,0.0,0.0,1.22,37.5,8,5,441,0.41,0.0,1.63,0.41,6.12,0.2,2.45,36.36,1.63,40.0,0.82,30.77
431,190399,Premier League,23/24,Nottingham Forest,Divock Origi,Forward,6.64,0.0,0.21,0.59,2.08,0.59,0.89,0.0,1.33,42.86,0.0,0.0,0.0,0.0,0.0,0.0,0.74,0.0,0.0,0.0,0.0,0.0,0.0,0.0,0.89,0.3,0.3,0.0,0.0,0.0,0.0,0.0,0.0,0.0,0.74,0.15,0.0,1.04,19.42,13.2,6.23,67.94,4.45,9.19,5.93,0.44,23.08,0.74,62.5,20,6,607,0.15,0.0,2.08,1.19,13.79,1.48,5.04,39.08,3.41,38.98,1.63,39.29
432,359272,Premier League,23/24,Manchester United,Sofyan Amrabat,Midfielder,6.64,0.0,0.01,0.0,0.29,0.0,0.19,0.0,0.57,75.0,0.0,0.0,0.0,0.0,0.0,0.1,0.0,0.0,0.0,0.0,0.0,0.0,0.0,0.0,2.57,0.76,1.81,0.67,1.33,0.1,0.1,0.0,0.0,0.1,0.0,0.0,0.0,0.57,61.49,54.15,7.34,88.06,26.22,28.03,12.49,0.1,14.29,3.34,79.55,21,10,944,0.57,0.0,2.29,0.95,10.3,1.05,4.58,46.15,4.1,46.24,0.48,45.45
433,966869,Premier League,23/24,Brentford,Aaron Hickey,Defender,6.64,0.0,0.03,0.0,0.88,0.12,0.5,0.0,0.62,50.0,0.0,0.0,0.0,0.0,0.0,0.0,0.0,0.0,0.0,0.0,0.0,0.0,0.0,0.0,2.0,0.38,1.25,0.38,0.0,0.0,0.0,0.0,0.0,0.0,0.0,0.0,0.0,0.12,31.5,28.12,3.38,89.29,17.38,10.75,4.12,0.0,0.0,1.12,64.29,9,9,720,0.62,0.0,1.25,2.0,7.5,0.62,4.75,56.72,4.5,64.29,0.25,18.18
434,1003334,Premier League,23/24,Sheffield United,James McAtee,Midfielder,6.64,0.15,0.15,0.1,1.27,0.44,0.44,11.54,1.61,38.82,0.15,0.0,0.0,0.1,0.05,0.0,0.05,0.0,0.05,0.05,100.0,0.0,0.1,0.0,1.56,0.54,0.73,0.0,0.98,0.0,0.0,0.0,0.0,0.0,0.2,0.15,0.0,1.37,23.88,17.19,6.69,71.98,6.3,11.33,7.67,0.44,25.0,0.34,28.0,31,20,1843,0.1,0.0,0.73,1.42,15.38,1.95,5.08,40.0,4.49,42.4,0.59,27.91
435,1009334,Premier League,23/24,Burnley,Lorenz Assignon,Defender,6.64,0.07,0.03,0.0,0.65,0.29,0.07,11.11,0.95,43.33,0.07,0.0,0.0,0.0,0.07,0.0,0.07,0.0,0.0,0.0,0.0,0.0,0.0,0.0,2.55,1.38,2.98,0.51,0.95,0.0,0.07,0.15,0.0,0.0,0.22,0.15,0.0,0.95,25.61,19.35,6.26,75.57,8.0,11.71,5.89,0.36,17.24,0.22,15.79,15,15,1237,0.22,0.07,2.4,1.16,14.11,0.95,5.6,45.29,4.66,45.71,0.95,43.33
436,44760,Premier League,23/24,Arsenal,Cédric Soares,Midfielder,6.63,0.0,0.0,0.0,0.0,0.0,0.0,0.0,0.0,0.0,0.0,0.0,0.0,0.0,0.0,0.0,0.0,0.0,0.0,0.0,0.0,0.0,0.0,0.0,0.0,0.0,0.0,0.0,0.0,0.0,0.0,0.0,0.0,0.0,0.0,0.0,0.0,0.0,90.0,82.37,7.63,91.53,53.39,28.98,15.25,0.0,0.0,6.1,80.0,3,0,59,0.0,0.0,0.0,1.53,13.73,0.0,1.53,50.0,1.53,100.0,0.0,0.0
437,1016788,Premier League,23/24,Chelsea,Cesare Casadei,Midfielder,6.63,0.0,0.0,0.0,0.0,0.0,0.0,0.0,1.76,100.0,0.0,0.0,0.0,0.0,0.0,0.0,0.0,0.0,0.0,0.0,0.0,0.0,0.0,0.0,4.41,0.0,3.53,0.0,2.65,0.0,0.0,0.0,0.0,0.0,0.0,0.0,0.0,1.76,57.35,46.76,10.59,81.54,28.24,18.53,7.94,0.0,0.0,1.76,66.67,11,0,102,0.0,0.0,3.53,0.88,13.24,0.0,17.65,64.52,7.06,57.14,10.59,70.59
438,892924,Premier League,23/24,Bournemouth,Hamed Junior Traorè,Midfielder,6.63,0.0,0.32,0.0,5.29,3.53,0.0,0.0,7.06,50.0,0.0,0.0,0.0,0.0,0.0,0.0,0.0,0.0,0.0,0.0,0.0,0.0,0.0,0.0,1.76,0.0,0.0,0.0,3.53,0.0,0.0,0.0,0.0,0.0,0.0,0.0,0.0,1.76,42.35,31.76,10.59,75.0,10.59,21.18,8.82,0.0,0.0,0.0,0.0,3,0,51,0.0,0.0,0.0,0.0,28.24,1.76,10.59,42.86,8.82,41.67,1.76,50.0
439,927360,Premier League,23/24,Sheffield United,Yasser Larouci,Defender,6.63,0.0,0.04,0.0,1.01,0.17,0.51,0.0,1.69,58.82,0.0,0.0,0.0,0.0,0.0,0.0,0.17,0.0,0.0,0.0,0.0,0.0,0.0,0.0,2.87,1.18,3.38,0.17,0.68,0.0,0.17,0.0,0.0,0.0,0.17,0.0,0.0,0.34,27.86,20.09,7.77,72.12,10.64,9.46,4.73,0.0,0.0,0.34,11.76,11,6,533,0.17,0.0,0.84,0.84,11.48,0.84,5.57,56.9,5.4,60.38,0.17,20.0
440,839410,Premier League,23/24,Arsenal,Aaron Ramsdale,Goalkeeper,6.63,0.0,0.0,0.0,0.0,0.0,0.0,0.0,0.0,0.0,0.0,0.0,0.0,0.0,0.0,0.0,0.0,0.0,0.0,0.0,0.0,0.0,0.0,0.0,0.0,0.0,0.5,0.0,0.0,0.17,0.17,0.0,0.0,0.33,0.0,0.0,0.0,0.0,26.33,17.17,9.17,65.19,13.67,3.5,1.0,0.0,0.0,3.83,29.49,6,6,540,0.0,0.0,0.0,0.17,9.67,0.0,0.17,100.0,0.17,100.0,0.0,0.0
441,1127057,Premier League,23/24,Brighton & Hove Albion,Valentín Barco,Midfielder,6.63,0.0,0.06,0.29,1.17,0.58,0.0,0.0,1.46,55.56,0.0,0.0,0.0,0.0,0.0,0.0,0.0,0.0,0.0,0.0,0.0,0.0,0.0,0.0,3.21,1.17,0.58,0.0,0.58,0.29,0.0,0.0,0.0,0.0,0.0,0.0,0.0,1.17,54.64,47.05,7.6,86.1,25.42,22.5,11.69,0.88,10.0,0.88,30.0,6,3,308,0.29,0.0,2.05,2.05,19.58,1.17,7.01,51.06,6.72,58.97,0.29,12.5
442,1145627,Premier League,23/24,Everton,Youssef Chermiti,Forward,6.63,0.0,0.28,0.39,2.74,0.78,1.17,0.0,1.17,30.0,0.0,0.0,0.0,0.0,0.0,0.0,2.35,0.0,0.0,0.0,0.0,0.0,0.0,0.0,1.17,0.39,0.78,0.39,1.57,0.0,0.0,0.0,0.0,0.0,0.78,0.0,0.0,1.57,22.7,13.7,9.0,60.34,2.35,11.35,6.65,0.0,0.0,0.39,100.0,18,1,230,1.17,0.0,4.3,1.57,19.96,2.35,9.78,34.72,3.91,26.32,5.87,44.12
443,26989,Premier League,23/24,Burnley,Jay Rodriguez,Forward,6.63,0.22,0.38,0.65,2.38,0.87,0.87,9.09,0.65,66.67,0.22,0.0,0.11,0.0,0.11,0.11,0.76,0.0,0.11,0.11,100.0,0.0,0.0,0.0,1.52,0.11,0.76,0.11,0.65,0.0,0.0,0.0,0.0,0.0,0.0,0.11,0.0,0.43,23.29,15.38,7.91,66.05,6.17,9.21,4.77,0.0,0.0,0.65,24.0,21,7,831,0.0,0.0,1.95,0.65,11.05,0.54,5.09,40.52,2.71,46.3,2.38,35.48
444,33854,Premier League,23/24,Sheffield United,Chris Basham,Defender,6.63,0.0,0.04,0.28,0.57,0.0,0.57,0.0,0.85,75.0,0.0,0.0,0.0,0.0,0.0,0.0,0.57,0.0,0.0,0.0,0.0,0.0,0.0,0.0,1.98,1.42,4.81,1.13,1.98,0.0,0.0,0.0,0.0,0.0,0.0,0.0,0.0,0.57,34.53,26.32,8.21,76.23,15.57,10.75,5.09,0.0,0.0,1.13,36.36,8,3,318,0.28,0.0,0.85,0.85,11.32,0.57,5.66,48.78,3.4,48.0,2.26,50.0
445,1153434,Premier League,23/24,Manchester United,Omari Forson,Forward,6.63,0.0,0.03,0.0,1.03,0.0,0.0,0.0,1.03,50.0,0.0,0.0,0.0,0.0,0.0,0.0,0.0,0.0,0.0,0.0,0.0,0.0,0.0,0.0,2.07,0.0,0.0,0.0,0.0,0.0,0.0,0.0,0.0,0.0,1.03,1.03,0.0,2.07,34.14,31.03,3.1,90.91,9.31,21.72,9.31,0.0,0.0,0.0,0.0,4,1,87,0.0,0.0,1.03,0.0,5.17,0.0,3.1,42.86,3.1,60.0,0.0,0.0
446,846308,Premier League,23/24,Wolverhampton,Santiago Bueno,Defender,6.63,0.0,0.0,0.0,0.0,0.0,0.0,0.0,0.11,100.0,0.0,0.0,0.0,0.0,0.0,0.0,0.0,0.0,0.0,0.0,0.0,0.0,0.0,0.0,1.43,0.66,3.62,1.32,0.66,0.0,0.0,0.0,0.0,0.0,0.0,0.0,0.0,0.22,52.24,46.65,5.6,89.29,36.55,10.1,2.85,0.0,0.0,1.54,37.84,12,9,820,0.11,0.0,1.1,0.55,6.26,0.22,3.73,43.59,1.98,50.0,1.76,38.1
447,285989,Premier League,23/24,Crystal Palace,Jaïro Riedewald,Midfielder,6.63,0.0,0.01,0.0,0.37,0.0,0.37,0.0,0.37,33.33,0.0,0.0,0.0,0.0,0.0,0.0,0.0,0.0,0.0,0.0,0.0,0.0,0.0,0.0,3.36,0.75,0.75,0.0,1.12,0.0,0.0,0.0,0.0,0.0,0.0,0.0,0.0,0.0,40.33,32.49,7.84,80.56,14.19,18.3,8.22,0.0,0.0,1.49,44.44,9,2,241,0.0,0.0,1.12,0.75,13.07,0.75,5.6,57.69,4.48,57.14,1.12,60.0
448,910026,Premier League,23/24,Tottenham Hotspur,Bryan Gil,Midfielder,6.63,0.0,0.29,0.38,1.53,0.38,1.14,0.0,3.05,72.73,0.0,0.0,0.0,0.0,0.0,0.38,0.38,0.0,0.0,0.0,0.0,0.0,0.0,0.0,0.38,1.14,1.53,0.0,1.14,0.0,0.0,0.0,0.0,0.0,0.0,0.0,0.0,1.53,54.92,46.91,8.01,85.42,17.54,30.13,20.97,0.76,18.18,0.0,0.0,11,2,236,0.0,0.0,0.76,1.14,19.07,2.67,4.58,40.0,4.58,44.44,0.0,0.0
449,996985,Premier League,23/24,Fulham,Armando Broja,Forward,6.61,0.16,0.32,0.31,2.02,0.31,1.09,7.69,2.33,42.86,0.16,0.0,0.0,0.0,0.16,0.16,0.93,0.16,0.0,0.0,0.0,0.0,0.0,0.0,0.47,0.0,0.47,0.16,0.16,0.0,0.0,0.0,0.0,0.0,0.16,0.16,0.0,0.62,18.5,15.85,2.64,85.71,4.35,11.5,9.48,0.0,0.0,0.16,50.0,21,6,579,0.0,0.0,1.4,1.71,12.44,2.8,6.06,35.78,4.51,38.67,1.55,29.41
450,1116593,Premier League,23/24,Crystal Palace,Matheus França,Forward,6.61,0.0,0.14,0.0,3.03,0.76,1.51,0.0,1.51,30.77,0.0,0.0,0.0,0.0,0.0,0.0,0.76,0.38,0.0,0.0,0.0,0.0,0.0,0.0,1.13,0.38,0.38,0.0,2.27,0.0,0.0,0.0,0.0,0.0,0.38,0.38,0.0,2.27,24.58,18.15,6.43,73.85,7.56,11.72,6.43,1.13,21.43,1.13,60.0,10,1,238,0.38,0.0,2.27,0.76,18.15,2.65,3.78,23.26,3.4,24.32,0.38,16.67
451,1166679,Premier League,23/24,Wolverhampton,Nathan Fraser,Forward,6.61,0.0,0.14,0.43,1.29,0.86,0.43,0.0,0.0,0.0,0.0,0.0,0.0,0.0,0.0,0.0,0.0,0.0,0.0,0.0,0.0,0.0,0.0,0.0,2.14,0.43,0.86,0.43,0.86,0.0,0.0,0.0,0.0,0.0,0.0,0.0,0.0,0.86,18.0,14.14,3.86,78.57,5.14,9.0,3.86,0.0,0.0,0.0,0.0,7,1,210,0.43,0.0,2.14,1.29,6.43,0.86,4.71,37.93,3.43,47.06,1.29,25.0
452,979114,Premier League,23/24,Liverpool FC,Owen Beck,Defender,6.6,0.0,0.0,0.0,0.0,0.0,0.0,0.0,0.0,0.0,0.0,0.0,0.0,0.0,0.0,0.0,0.0,0.0,0.0,0.0,0.0,0.0,0.0,0.0,11.25,0.0,0.0,0.0,0.0,0.0,0.0,0.0,0.0,0.0,0.0,0.0,0.0,0.0,22.5,16.88,5.62,75.0,5.62,11.25,5.62,0.0,0.0,0.0,0.0,1,0,16,0.0,0.0,0.0,0.0,16.88,0.0,11.25,66.67,11.25,66.67,0.0,0.0
453,822459,Premier League,23/24,Sheffield United,Auston Trusty,Defender,6.6,0.0,0.01,0.03,0.28,0.07,0.17,0.0,0.21,54.55,0.0,0.0,0.0,0.0,0.0,0.03,0.1,0.0,0.0,0.0,0.0,0.0,0.0,0.0,1.62,1.21,5.01,0.76,0.76,0.03,0.07,0.03,0.0,0.03,0.1,0.0,0.0,0.28,29.14,23.02,6.12,79.0,16.8,6.29,2.04,0.07,40.0,1.24,37.11,32,28,2604,0.14,0.0,0.79,0.45,8.47,0.14,4.39,54.98,2.21,54.7,2.18,55.26
454,1116987,Premier League,23/24,Tottenham Hotspur,Alejo Véliz,Forward,6.6,1.29,0.31,0.0,2.57,1.29,0.0,50.0,1.29,50.0,1.29,0.0,0.0,0.0,1.29,0.0,3.86,0.0,0.0,0.0,0.0,0.0,0.0,0.0,1.29,0.0,0.0,0.0,0.0,0.0,0.0,0.0,0.0,0.0,0.0,0.0,0.0,0.0,12.86,6.43,6.43,50.0,2.57,3.86,2.57,0.0,0.0,0.0,0.0,8,0,70,1.29,0.0,0.0,1.29,12.86,2.57,5.14,44.44,3.86,50.0,1.29,33.33
455,303638,Premier League,23/24,Aston Villa,Tyrone Mings,Defender,6.6,0.0,0.03,0.0,2.9,0.0,0.0,0.0,0.0,0.0,0.0,0.0,0.0,0.0,0.0,0.0,0.0,0.0,0.0,0.0,0.0,0.0,0.0,0.0,0.0,2.9,2.9,0.0,0.0,0.0,0.0,0.0,0.0,0.0,0.0,0.0,0.0,2.9,14.52,14.52,0.0,100.0,11.61,2.9,2.9,0.0,0.0,2.9,100.0,1,1,31,0.0,0.0,0.0,0.0,2.9,0.0,2.9,100.0,0.0,0.0,2.9,100.0
456,235648,Premier League,23/24,Wolverhampton,Jonny Otto,Defender,6.6,0.0,0.0,0.0,0.0,0.0,0.0,0.0,0.0,0.0,0.0,0.0,0.0,0.0,0.0,0.0,0.0,0.0,0.0,0.0,0.0,0.0,0.0,0.0,0.0,0.0,0.0,8.18,8.18,0.0,0.0,0.0,0.0,0.0,0.0,0.0,0.0,0.0,0.0,0.0,0.0,0.0,0.0,0.0,0.0,0.0,0.0,0.0,0.0,1,0,11,0.0,0.0,0.0,0.0,0.0,0.0,0.0,0.0,0.0,0.0,0.0,0.0
457,1125214,Premier League,23/24,Newcastle United,Alex Murphy,Defender,6.6,0.0,0.0,0.0,0.0,0.0,0.0,0.0,0.0,0.0,0.0,0.0,0.0,0.0,0.0,0.0,0.0,0.0,0.0,0.0,0.0,0.0,0.0,0.0,5.62,5.62,0.0,0.0,5.62,0.0,0.0,0.0,0.0,0.0,0.0,0.0,0.0,0.0,95.62,95.62,0.0,100.0,39.38,56.25,11.25,0.0,0.0,0.0,0.0,2,0,16,0.0,0.0,11.25,0.0,5.62,0.0,5.62,25.0,5.62,25.0,0.0,0.0
458,931304,Premier League,23/24,Luton Town,Ryan Giles,Defender,6.6,0.0,0.02,0.0,0.35,0.35,0.0,0.0,0.69,57.14,0.0,0.0,0.0,0.0,0.0,0.0,0.0,0.0,0.0,0.0,0.0,0.0,0.0,0.0,1.39,0.69,3.47,0.0,0.87,0.0,0.0,0.0,0.0,0.0,0.0,0.0,0.0,0.87,22.2,16.3,5.9,73.44,7.11,11.27,5.9,2.08,24.49,0.35,11.76,11,5,519,0.0,0.0,0.35,0.35,15.43,0.17,2.95,60.71,2.43,56.0,0.52,100.0
459,1069488,Premier League,23/24,Chelsea,Roméo Lavia,Midfielder,6.6,0.0,0.0,0.0,0.0,0.0,0.0,0.0,0.0,0.0,0.0,0.0,0.0,0.0,0.0,0.0,0.0,0.0,0.0,0.0,0.0,0.0,0.0,0.0,2.81,0.0,2.81,0.0,0.0,0.0,0.0,0.0,0.0,0.0,0.0,0.0,0.0,0.0,75.94,61.88,14.06,81.48,14.06,47.81,16.88,0.0,0.0,0.0,0.0,1,0,32,0.0,0.0,2.81,2.81,14.06,0.0,5.62,66.67,5.62,66.67,0.0,0.0
460,851100,Premier League,23/24,Manchester United,Jadon Sancho,Midfielder,6.6,0.0,0.0,0.0,0.0,0.0,0.0,0.0,3.55,50.0,0.0,0.0,0.0,0.0,0.0,0.0,1.18,0.0,0.0,0.0,0.0,0.0,0.0,0.0,1.18,1.18,0.0,0.0,2.37,0.0,0.0,0.0,0.0,0.0,0.0,0.0,0.0,1.18,48.55,40.26,8.29,82.93,14.21,26.05,22.5,0.0,0.0,0.0,0.0,3,0,76,0.0,0.0,0.0,2.37,17.76,2.37,7.11,37.5,7.11,46.15,0.0,0.0
461,552632,Premier League,23/24,Burnley,Benson Manuel,Midfielder,6.6,0.0,0.04,0.0,2.71,1.35,1.35,0.0,2.71,40.0,0.0,0.0,0.0,0.0,0.0,0.0,0.0,0.0,0.0,0.0,0.0,0.0,0.0,0.0,2.03,0.0,0.0,0.0,0.0,0.0,0.0,0.0,0.0,0.0,0.0,0.0,0.0,0.68,31.8,29.77,2.03,93.62,8.12,23.01,14.21,1.35,22.22,0.0,0.0,8,1,133,0.0,0.0,0.68,2.71,18.27,2.71,7.44,42.31,7.44,50.0,0.0,0.0
462,927340,Premier League,23/24,Burnley,Han-Noah Massengo,Midfielder,6.6,0.0,0.0,0.0,0.0,0.0,0.0,0.0,0.0,0.0,0.0,0.0,0.0,0.0,0.0,0.0,0.0,0.0,0.0,0.0,0.0,0.0,0.0,0.0,4.5,0.0,0.0,0.0,0.0,0.0,0.0,0.0,0.0,0.0,0.0,0.0,0.0,0.0,40.5,22.5,18.0,55.56,18.0,4.5,4.5,0.0,0.0,0.0,0.0,3,0,20,0.0,0.0,0.0,0.0,36.0,0.0,4.5,50.0,4.5,100.0,0.0,0.0
463,1402232,Premier League,23/24,Wolverhampton,Enso González,Forward,6.6,0.0,0.0,0.0,0.0,0.0,0.0,0.0,0.0,0.0,0.0,0.0,0.0,0.0,0.0,0.0,0.0,0.0,0.0,0.0,0.0,0.0,0.0,0.0,0.0,0.0,0.0,0.0,11.25,0.0,0.0,0.0,0.0,0.0,0.0,0.0,0.0,0.0,67.5,67.5,0.0,100.0,22.5,45.0,11.25,0.0,0.0,0.0,0.0,1,0,8,0.0,0.0,0.0,11.25,11.25,0.0,11.25,50.0,11.25,50.0,0.0,0.0
464,1216282,Premier League,23/24,Burnley,Luca Koleosho,Forward,6.59,0.09,0.18,0.27,2.1,0.46,1.1,4.35,3.02,45.83,0.09,0.0,0.0,0.0,0.09,0.09,0.73,0.09,0.0,0.0,0.0,0.0,0.0,0.0,0.64,0.18,0.0,0.0,0.73,0.0,0.0,0.0,0.0,0.0,0.18,0.09,0.0,1.01,22.5,17.1,5.4,76.02,4.66,12.62,7.96,0.18,8.7,0.09,16.67,15,13,984,0.0,0.0,1.65,1.19,15.0,1.28,5.03,34.16,4.85,40.15,0.18,6.9
465,242211,Premier League,23/24,Nottingham Forest,Felipe,Defender,6.59,0.0,0.03,0.0,0.72,0.0,0.24,0.0,0.24,50.0,0.0,0.0,0.0,0.0,0.0,0.24,0.0,0.0,0.0,0.0,0.0,0.0,0.0,0.0,2.9,0.97,2.65,0.24,0.72,0.0,0.0,0.0,0.0,0.24,0.0,0.0,0.0,0.48,51.39,43.91,7.48,85.45,30.16,13.75,3.62,0.0,0.0,3.14,48.15,7,4,373,0.97,0.0,2.41,0.48,8.93,0.24,7.0,58.0,3.62,50.0,3.38,70.0
466,45944,Premier League,23/24,Nottingham Forest,Cheikhou Kouyaté,Midfielder,6.59,0.0,0.11,0.38,1.89,0.38,1.51,0.0,0.38,50.0,0.0,0.0,0.0,0.0,0.0,0.0,0.0,0.0,0.0,0.0,0.0,0.0,0.0,0.0,3.03,0.76,3.4,0.38,1.13,0.0,0.0,0.0,0.0,0.0,0.0,0.0,0.0,0.38,27.61,17.77,9.83,64.38,8.7,9.08,4.54,0.0,0.0,0.0,0.0,12,2,238,0.76,0.0,2.27,0.76,12.86,1.13,7.94,50.0,4.16,50.0,3.78,50.0
467,826183,Premier League,23/24,Burnley,Mike Trésor,Midfielder,6.59,0.0,0.09,0.21,1.03,0.0,0.83,0.0,2.27,50.0,0.0,0.0,0.0,0.0,0.0,0.0,0.41,0.0,0.0,0.0,0.0,0.0,0.21,0.0,2.06,0.21,0.21,0.0,2.06,0.0,0.0,0.0,0.0,0.0,0.21,0.0,0.0,1.44,30.14,23.33,6.81,77.4,8.67,15.69,10.32,1.03,15.63,0.0,0.0,16,3,436,0.0,0.0,0.0,0.62,17.96,1.24,5.16,40.98,4.95,47.06,0.21,10.0
468,914477,Premier League,23/24,Burnley,Vitinho,Defender,6.59,0.0,0.06,0.08,0.97,0.15,0.35,0.0,0.97,50.0,0.0,0.0,0.0,0.0,0.0,0.0,0.23,0.04,0.0,0.0,0.0,0.0,0.0,0.0,2.48,0.46,1.67,0.23,1.67,0.04,0.12,0.08,0.0,0.08,0.04,0.08,0.0,0.43,29.29,22.59,6.7,77.12,10.27,12.51,6.55,0.19,8.93,1.01,42.62,32,26,2323,0.04,0.0,1.05,1.08,14.26,1.01,5.27,48.75,4.49,48.95,0.77,47.62
469,115346,Premier League,23/24,Burnley,Nathan Redmond,Midfielder,6.58,0.0,0.02,0.0,0.0,0.0,0.0,0.0,2.48,66.67,0.0,0.0,0.0,0.0,0.0,0.62,1.24,0.0,0.0,0.0,0.0,0.0,0.0,0.0,1.24,0.0,1.86,0.0,1.86,0.0,0.0,0.0,0.0,0.0,0.62,0.0,0.0,2.48,42.21,29.17,13.03,69.12,7.45,22.34,17.38,0.62,33.33,1.86,42.86,12,0,145,0.62,0.0,2.48,1.24,19.86,1.24,5.59,42.86,4.97,42.11,0.62,50.0
470,282665,Premier League,23/24,Sheffield United,Ben Osborn,Midfielder,6.58,0.0,0.02,0.0,0.26,0.0,0.07,0.0,0.46,50.0,0.0,0.0,0.0,0.0,0.0,0.0,0.07,0.0,0.0,0.0,0.0,0.0,0.0,0.0,1.45,0.53,1.71,0.13,0.59,0.0,0.0,0.0,0.07,0.0,0.07,0.13,0.0,0.85,33.27,25.84,7.43,77.67,12.43,14.07,8.22,0.66,21.28,1.51,35.94,24,14,1369,0.2,0.0,0.53,0.59,12.69,0.66,2.89,44.44,2.5,53.52,0.39,21.43
471,227942,Premier League,23/24,Aston Villa,Calum Chambers,Defender,6.58,0.0,0.0,0.0,0.0,0.0,0.0,0.0,0.57,100.0,0.0,0.0,0.0,0.0,0.0,0.0,0.0,0.0,0.0,0.0,0.0,0.0,0.0,0.0,1.7,1.13,2.26,0.57,0.57,0.0,0.0,0.0,0.0,0.0,0.0,0.57,0.0,0.57,63.96,56.6,7.36,88.5,43.58,13.02,3.96,0.0,0.0,2.26,57.14,5,1,159,0.57,0.0,1.7,0.57,7.92,0.57,3.4,50.0,2.83,50.0,0.57,50.0
472,788170,Premier League,23/24,Fulham,Fodé Ballo-Touré,Defender,6.58,0.0,0.0,0.0,0.0,0.0,0.0,0.0,3.38,60.0,0.0,0.0,0.0,0.0,0.0,0.0,0.0,0.0,0.0,0.0,0.0,0.0,0.0,0.0,4.5,3.38,2.25,0.0,1.12,0.0,0.0,0.0,0.0,0.0,0.0,0.0,0.0,0.0,61.88,48.38,13.5,78.18,37.12,11.25,6.75,0.0,0.0,3.38,75.0,6,0,80,1.12,0.0,4.5,2.25,29.25,0.0,10.12,50.0,10.12,56.25,0.0,0.0
473,1069627,Premier League,23/24,Brighton & Hove Albion,Odeluga Offiah,Defender,6.58,0.0,0.0,0.0,0.0,0.0,0.0,0.0,2.47,80.0,0.0,0.0,0.0,0.0,0.0,0.0,0.0,0.0,0.0,0.0,0.0,0.0,0.0,0.0,0.62,0.62,0.0,0.0,0.0,0.0,0.0,0.0,0.0,0.0,0.0,0.0,0.0,0.0,41.3,33.9,7.4,82.09,18.49,15.41,6.78,0.0,0.0,0.0,0.0,4,1,146,0.0,0.0,1.23,1.23,11.71,0.0,4.93,66.67,4.32,70.0,0.62,50.0
474,1013928,Premier League,23/24,Wolverhampton,Hugo Bueno,Defender,6.58,0.0,0.03,0.0,0.57,0.0,0.11,0.0,0.91,42.11,0.0,0.0,0.0,0.0,0.0,0.0,0.11,0.0,0.0,0.0,0.0,0.0,0.0,0.0,2.38,0.68,2.27,0.45,0.79,0.0,0.0,0.0,0.11,0.0,0.23,0.0,0.0,0.68,37.45,30.19,7.26,80.61,16.68,14.64,5.33,1.13,34.48,0.45,20.0,22,7,793,0.11,0.0,0.79,0.68,14.19,1.59,4.99,46.81,3.97,47.95,1.02,42.86
475,43443,Premier League,23/24,West Ham United,Aaron Cresswell,Defender,6.58,0.0,0.0,0.0,0.0,0.0,0.0,0.0,0.0,0.0,0.0,0.0,0.0,0.0,0.0,0.0,0.2,0.0,0.0,0.0,0.0,0.0,0.0,0.0,0.6,0.6,1.39,0.6,0.2,0.0,0.0,0.0,0.0,0.0,0.2,0.0,0.0,0.99,49.07,40.93,8.15,83.4,23.84,17.88,7.95,0.79,36.36,2.78,41.18,11,4,453,0.2,0.0,0.4,0.6,11.32,0.4,2.38,63.16,1.19,60.0,1.19,66.67
476,982613,Premier League,23/24,Wolverhampton,Boubacar Traoré,Midfielder,6.57,0.0,0.03,0.0,1.18,0.11,0.64,0.0,1.07,71.43,0.0,0.0,0.0,0.0,0.0,0.0,0.11,0.0,0.0,0.0,0.0,0.0,0.0,0.0,3.75,0.54,0.75,0.21,1.29,0.0,0.0,0.0,0.0,0.0,0.0,0.0,0.0,0.64,47.46,40.29,7.18,84.88,21.11,19.5,7.29,0.32,50.0,1.61,62.5,24,7,840,0.43,0.0,2.46,0.43,11.36,1.82,5.89,43.31,5.25,47.12,0.64,26.09
477,1400646,Premier League,23/24,Wolverhampton,Leon Chiwome,Forward,6.57,0.0,0.05,0.0,1.03,0.0,0.51,0.0,0.0,0.0,0.0,0.0,0.0,0.0,0.0,0.0,1.03,0.0,0.0,0.0,0.0,0.0,0.0,0.0,1.03,0.0,1.03,0.51,0.51,0.0,0.0,0.0,0.0,0.0,0.0,0.0,0.0,0.0,11.31,9.77,1.54,86.36,5.14,4.63,2.57,0.0,0.0,0.0,0.0,3,2,175,0.0,0.0,1.03,1.03,4.11,1.03,3.09,35.29,2.06,44.44,1.03,25.0
478,110846,Premier League,23/24,Everton,Michael Keane,Defender,6.57,0.21,0.14,0.21,1.23,0.82,0.21,16.67,0.41,66.67,0.21,0.0,0.0,0.0,0.21,0.21,0.0,0.0,0.0,0.0,0.0,0.0,0.0,0.0,1.44,1.03,3.7,0.82,1.23,0.21,0.0,0.21,0.0,0.21,0.0,0.0,0.0,0.0,45.21,35.14,10.07,77.73,24.45,10.68,4.32,0.0,0.0,3.49,44.74,9,4,438,0.41,0.0,1.03,0.0,11.51,0.62,5.14,50.0,1.85,39.13,3.29,59.26
479,825899,Premier League,23/24,Sheffield United,Anel Ahmedhodžić,Defender,6.56,0.07,0.11,0.14,0.65,0.17,0.34,10.53,0.37,55.0,0.07,0.0,0.03,0.0,0.03,0.03,0.07,0.0,0.0,0.0,0.0,0.0,0.0,0.0,2.17,1.15,4.55,0.88,0.65,0.03,0.03,0.0,0.0,0.03,0.03,0.0,0.0,0.24,32.6,24.66,7.95,75.63,17.63,7.06,2.51,0.03,16.67,1.63,32.0,31,29,2650,0.31,0.03,1.15,0.44,9.51,0.37,4.75,56.45,2.99,55.0,1.77,59.09
480,994550,Premier League,23/24,Newcastle United,Joe White,Midfielder,6.55,0.0,0.0,0.0,0.0,0.0,0.0,0.0,0.0,0.0,0.0,0.0,0.0,0.0,0.0,0.0,0.0,0.0,0.0,0.0,0.0,0.0,0.0,0.0,4.29,0.0,0.0,0.0,0.0,0.0,0.0,0.0,0.0,0.0,0.0,0.0,0.0,0.0,51.43,47.14,4.29,91.67,12.86,34.29,17.14,0.0,0.0,4.29,100.0,4,0,21,4.29,0.0,8.57,0.0,4.29,0.0,4.29,20.0,4.29,50.0,0.0,0.0
481,190853,Premier League,23/24,Bournemouth,Joe Rothwell,Midfielder,6.55,0.0,0.02,0.0,0.46,0.0,0.23,0.0,1.62,63.64,0.0,0.0,0.0,0.0,0.0,0.23,0.0,0.0,0.0,0.0,0.0,0.0,0.0,0.0,1.62,0.7,0.46,0.46,1.39,0.0,0.0,0.23,0.0,0.0,0.0,0.0,0.0,0.93,46.86,41.06,5.8,87.62,16.47,25.05,10.9,0.46,16.67,0.7,18.75,11,3,388,0.0,0.0,0.93,0.46,11.37,0.46,3.71,47.06,3.71,50.0,0.0,0.0
482,1403108,Premier League,23/24,Liverpool FC,Jayden Danns,Forward,6.55,0.0,0.0,0.0,0.0,0.0,0.0,0.0,0.0,0.0,0.0,0.0,0.0,0.0,0.0,0.0,0.0,0.0,0.0,0.0,0.0,0.0,0.0,0.0,0.0,0.0,0.0,0.0,0.0,0.0,0.0,0.0,0.0,0.0,0.0,0.0,0.0,0.0,24.23,17.31,6.92,71.43,3.46,13.85,6.92,0.0,0.0,0.0,0.0,2,0,26,3.46,0.0,6.92,0.0,6.92,0.0,0.0,0.0,0.0,0.0,0.0,0.0
483,1142604,Premier League,23/24,Brighton & Hove Albion,Benicio Boaitey,Midfielder,6.55,0.0,0.03,0.0,1.38,0.0,0.0,0.0,1.38,100.0,0.0,0.0,0.0,0.0,0.0,0.0,1.38,0.0,0.0,0.0,0.0,0.0,0.0,0.0,0.0,0.0,1.38,0.0,1.38,0.0,0.0,0.0,0.0,0.0,0.0,0.0,0.0,1.38,26.31,18.0,8.31,68.42,4.15,13.85,8.31,0.0,0.0,0.0,0.0,5,0,65,1.38,0.0,2.77,0.0,13.85,1.38,1.38,20.0,1.38,20.0,0.0,0.0
484,101367,Premier League,23/24,Wolverhampton,Daniel Bentley,Goalkeeper,6.54,0.0,0.0,0.0,0.0,0.0,0.0,0.0,0.0,0.0,0.0,0.0,0.0,0.0,0.0,0.0,0.0,0.0,0.0,0.0,0.0,0.0,0.0,0.0,0.0,0.0,0.71,0.0,0.24,0.0,0.0,0.0,0.0,0.24,0.0,0.0,0.0,0.0,31.81,20.5,11.31,64.44,17.91,2.59,0.71,0.0,0.0,5.42,32.86,5,3,382,0.0,0.0,0.0,0.0,11.31,0.0,0.47,66.67,0.0,0.0,0.47,100.0
485,943645,Premier League,23/24,Bournemouth,Max Aarons,Defender,6.54,0.0,0.0,0.0,0.14,0.0,0.07,0.0,1.01,53.85,0.0,0.0,0.0,0.0,0.0,0.0,0.14,0.0,0.0,0.0,0.0,0.0,0.0,0.0,2.09,0.58,1.51,0.36,1.01,0.0,0.0,0.07,0.0,0.07,0.07,0.07,0.0,0.5,32.5,24.93,7.57,76.72,13.33,11.82,6.27,0.22,23.08,1.44,39.22,20,13,1249,0.07,0.0,0.86,1.87,12.11,0.58,5.33,56.49,4.97,60.0,0.36,31.25
486,1005725,Premier League,23/24,Wolverhampton,Tawanda Chirewa,Midfielder,6.54,0.0,0.09,0.0,1.64,0.55,0.55,0.0,0.55,33.33,0.0,0.0,0.0,0.0,0.0,0.0,0.55,0.0,0.0,0.0,0.0,0.0,0.0,0.0,3.82,0.55,0.0,0.0,0.55,0.0,0.0,0.0,0.0,0.0,0.0,0.0,0.0,0.55,28.91,24.0,4.91,83.02,9.27,15.82,6.55,1.09,50.0,0.55,50.0,8,1,165,0.55,0.0,2.18,1.09,13.64,1.64,6.0,45.83,5.45,50.0,0.55,25.0
487,1979970,Premier League,23/24,Burnley,Ameen Al-Dakhil,Defender,6.54,0.09,0.11,0.0,0.68,0.26,0.17,12.5,0.26,60.0,0.09,0.0,0.0,0.09,0.0,0.0,0.0,0.0,0.0,0.0,0.0,0.0,0.0,0.0,1.02,1.02,2.9,0.51,0.77,0.09,0.09,0.09,0.09,0.0,0.0,0.0,0.0,0.17,51.01,43.68,7.34,85.62,32.08,11.69,3.33,0.09,33.33,1.71,35.09,13,12,1055,0.09,0.0,0.51,0.34,9.98,0.51,2.82,41.77,1.62,45.24,1.19,37.84
488,355154,Premier League,23/24,Sheffield United,Max Lowe,Defender,6.53,0.0,0.1,0.35,0.35,0.0,0.0,0.0,0.35,40.0,0.0,0.0,0.0,0.0,0.0,0.0,0.18,0.0,0.0,0.0,0.0,0.0,0.0,0.0,3.72,0.89,2.48,0.71,1.24,0.0,0.0,0.0,0.0,0.0,0.18,0.18,0.0,0.35,18.96,12.4,6.56,65.42,4.96,7.62,5.49,0.18,12.5,0.71,44.44,10,4,508,0.18,0.0,1.24,0.53,9.92,0.0,5.49,52.54,4.61,60.47,0.89,31.25
489,27999,Premier League,23/24,Sheffield United,John Fleck,Midfielder,6.53,0.0,0.0,0.0,0.0,0.0,0.0,0.0,0.0,0.0,0.0,0.0,0.0,0.0,0.0,0.0,0.0,0.0,0.0,0.0,0.0,0.0,0.0,0.0,1.01,0.0,1.01,0.0,1.01,0.0,0.0,0.0,0.0,0.0,1.01,0.0,0.0,2.02,40.45,29.33,11.12,72.5,16.18,13.15,5.06,0.0,0.0,1.01,100.0,4,1,89,1.01,0.0,2.02,2.02,13.15,0.0,5.06,33.33,3.03,50.0,2.02,22.22
490,281277,Premier League,23/24,West Ham United,Thilo Kehrer,Defender,6.53,0.0,0.0,0.0,0.0,0.0,0.0,0.0,0.0,0.0,0.0,0.0,0.0,0.0,0.0,0.0,0.0,0.0,0.0,0.0,0.0,0.0,0.0,0.0,2.73,0.0,0.0,5.45,0.0,0.0,0.0,0.0,0.0,0.0,0.0,0.0,0.0,0.0,19.09,19.09,0.0,100.0,8.18,10.91,2.73,0.0,0.0,0.0,0.0,4,0,33,5.45,0.0,5.45,0.0,0.0,0.0,5.45,33.33,2.73,33.33,2.73,33.33
491,1149855,Premier League,23/24,Brighton & Hove Albion,Mark O'Mahony,Forward,6.53,0.0,0.08,0.0,1.3,0.0,1.3,0.0,0.0,0.0,0.0,0.0,0.0,0.0,0.0,0.0,0.0,0.0,0.0,0.0,0.0,0.0,0.0,0.0,1.3,0.0,1.3,1.3,1.3,0.0,0.0,0.0,0.0,0.0,0.0,0.0,0.0,0.0,20.87,16.96,3.91,81.25,13.04,3.91,2.61,0.0,0.0,0.0,0.0,3,1,69,1.3,0.0,1.3,0.0,9.13,0.0,2.61,28.57,1.3,33.33,1.3,25.0
492,1014556,Premier League,23/24,Brentford,Michael Olakigbe,Forward,6.53,0.0,0.11,0.0,2.7,0.9,0.9,0.0,2.7,30.0,0.0,0.0,0.0,0.0,0.0,0.0,0.9,0.0,0.0,0.0,0.0,0.0,0.0,0.0,2.7,0.9,0.0,0.0,1.8,0.0,0.9,0.0,0.0,0.0,0.0,0.0,0.0,0.0,28.8,23.4,5.4,81.25,6.3,17.1,10.8,0.0,0.0,0.9,100.0,8,0,100,0.0,0.0,1.8,1.8,22.5,0.9,8.1,39.13,7.2,40.0,0.9,33.33
493,1212155,Premier League,23/24,Crystal Palace,David Ozoh,Midfielder,6.53,0.0,0.0,0.0,0.0,0.0,0.0,0.0,0.54,33.33,0.0,0.0,0.0,0.0,0.0,0.0,0.0,0.0,0.0,0.0,0.0,0.0,0.0,0.0,5.36,0.0,1.07,0.0,0.54,0.0,0.0,0.0,0.0,0.0,0.0,0.0,0.0,0.0,27.32,25.71,1.61,94.12,13.39,12.32,4.82,0.0,0.0,0.0,0.0,9,0,168,0.54,0.0,1.07,0.0,5.89,2.14,7.5,50.0,5.89,55.0,1.61,37.5
494,1396445,Premier League,23/24,Sheffield United,Andre Brooks,Midfielder,6.53,0.0,0.04,0.09,0.85,0.19,0.38,0.0,1.23,54.17,0.0,0.0,0.0,0.0,0.0,0.0,0.0,0.0,0.0,0.0,0.0,0.0,0.0,0.0,2.09,1.33,1.33,0.09,1.14,0.0,0.0,0.0,0.0,0.0,0.0,0.0,0.0,0.28,23.45,18.13,5.32,77.33,7.5,10.63,4.65,0.0,0.0,0.28,14.29,20,12,948,0.09,0.0,1.04,0.85,11.01,1.8,5.22,45.08,4.18,45.36,1.04,44.0
495,864898,Premier League,23/24,Aston Villa,Nicolò Zaniolo,Forward,6.52,0.21,0.27,0.32,2.88,1.07,0.75,7.41,1.38,30.23,0.21,0.0,0.11,0.11,0.0,0.0,0.0,0.0,0.0,0.0,0.0,0.0,0.0,0.0,2.02,0.11,1.17,0.0,0.85,0.0,0.0,0.0,0.0,0.0,0.0,0.0,0.0,1.07,22.15,15.87,6.28,71.63,4.58,11.29,7.78,0.0,0.0,0.32,25.0,25,9,845,0.75,0.0,2.56,2.24,18.96,3.83,6.39,34.88,5.64,35.1,0.75,33.33
496,1000142,Premier League,23/24,Burnley,Aaron Ramsey,Midfielder,6.52,0.0,0.06,0.0,1.03,0.34,0.52,0.0,0.52,33.33,0.0,0.0,0.0,0.0,0.0,0.0,0.17,0.0,0.0,0.0,0.0,0.0,0.0,0.0,2.92,0.17,1.72,0.34,1.37,0.0,0.0,0.17,0.0,0.0,0.17,0.0,0.0,0.17,25.08,19.92,5.15,79.45,11.16,8.76,6.35,0.0,0.0,1.2,58.33,14,5,524,0.17,0.0,1.2,0.52,10.82,1.72,4.64,42.86,3.95,42.59,0.69,44.44
497,826169,Premier League,23/24,Burnley,Hannes Delcroix,Defender,6.52,0.0,0.05,0.0,0.6,0.3,0.3,0.0,0.45,60.0,0.0,0.0,0.0,0.0,0.0,0.0,0.0,0.0,0.0,0.0,0.0,0.0,0.0,0.0,1.5,1.35,3.44,0.45,0.15,0.0,0.0,0.0,0.0,0.0,0.0,0.0,0.0,0.6,47.54,41.26,6.28,86.79,27.21,14.35,5.38,0.3,40.0,1.79,52.17,12,5,602,0.3,0.0,0.9,0.0,8.97,0.45,3.14,50.0,1.94,54.17,1.2,44.44
498,1122603,Premier League,23/24,Sheffield United,William Osula,Forward,6.51,0.0,0.18,0.22,2.35,0.9,0.78,0.0,0.34,20.0,0.0,0.0,0.0,0.0,0.0,0.0,0.67,0.0,0.0,0.0,0.0,0.0,0.0,0.0,0.22,0.22,1.01,0.11,0.11,0.0,0.0,0.0,0.0,0.0,0.11,0.0,0.0,0.11,10.09,5.38,4.71,53.33,1.91,3.59,2.35,0.11,50.0,0.0,0.0,21,9,803,0.45,0.0,1.68,1.34,11.77,1.68,4.6,26.8,1.91,29.31,2.69,25.26
499,1167025,Premier League,23/24,West Ham United,Divin Mubama,Forward,6.5,0.0,0.15,0.0,1.0,0.0,0.0,0.0,0.0,0.0,0.0,0.0,0.0,0.0,0.0,0.0,0.0,0.0,0.0,0.0,0.0,0.0,0.0,0.0,0.0,0.0,0.0,0.0,0.0,0.0,0.0,0.0,0.0,0.0,0.0,0.0,0.0,0.0,22.0,16.0,6.0,72.73,7.0,9.0,2.0,0.0,0.0,1.0,100.0,5,0,90,0.0,0.0,1.0,1.0,13.0,0.0,5.0,45.45,1.0,50.0,4.0,44.44
500,1215904,Premier League,23/24,Nottingham Forest,Rodrigo Ribeiro,Forward,6.5,0.0,0.0,0.0,0.0,0.0,0.0,0.0,0.0,0.0,0.0,0.0,0.0,0.0,0.0,0.0,0.0,0.0,0.0,0.0,0.0,0.0,0.0,0.0,0.0,3.21,0.0,0.0,3.21,0.0,0.0,0.0,0.0,0.0,0.0,0.0,0.0,0.0,25.71,19.29,6.43,75.0,0.0,19.29,9.64,0.0,0.0,0.0,0.0,4,0,28,0.0,0.0,3.21,0.0,12.86,3.21,6.43,28.57,0.0,0.0,6.43,66.67
501,1426625,Premier League,23/24,Manchester United,Ethan Wheatley,Forward,6.5,0.0,0.0,0.0,0.0,0.0,0.0,0.0,0.0,0.0,0.0,0.0,0.0,0.0,0.0,0.0,0.0,0.0,0.0,0.0,0.0,0.0,0.0,0.0,3.21,6.43,0.0,0.0,0.0,0.0,0.0,0.0,0.0,0.0,0.0,0.0,0.0,0.0,0.0,0.0,0.0,0.0,0.0,0.0,0.0,0.0,0.0,0.0,0.0,3,0,28,0.0,0.0,9.64,0.0,9.64,6.43,3.21,16.67,3.21,16.67,0.0,0.0
502,1138421,Premier League,23/24,Chelsea,Mason Burstow,Forward,6.5,0.0,0.0,0.0,0.0,0.0,0.0,0.0,0.0,0.0,0.0,0.0,0.0,0.0,0.0,0.0,0.0,0.0,0.0,0.0,0.0,0.0,0.0,0.0,0.0,0.0,0.0,0.0,0.0,0.0,0.0,0.0,0.0,0.0,0.0,0.0,0.0,0.0,22.5,16.88,5.62,75.0,5.62,11.25,11.25,0.0,0.0,0.0,0.0,2,0,16,0.0,0.0,0.0,0.0,11.25,0.0,0.0,0.0,0.0,0.0,0.0,0.0
503,1138428,Premier League,23/24,Liverpool FC,James McConnell,Midfielder,6.5,0.0,0.0,0.0,0.0,0.0,0.0,0.0,0.0,0.0,0.0,0.0,0.0,0.0,0.0,0.0,0.0,0.0,0.0,0.0,0.0,0.0,0.0,0.0,0.0,8.18,0.0,0.0,0.0,0.0,0.0,0.0,0.0,0.0,0.0,0.0,0.0,0.0,49.09,40.91,8.18,83.33,32.73,8.18,0.0,0.0,0.0,8.18,100.0,3,0,11,0.0,0.0,8.18,8.18,16.36,0.0,8.18,50.0,8.18,50.0,0.0,0.0
504,1394950,Premier League,23/24,Luton Town,Zack Nelson,Midfielder,6.5,0.0,0.0,0.0,0.0,0.0,0.0,0.0,0.0,0.0,0.0,0.0,0.0,0.0,0.0,0.0,0.0,0.0,0.0,0.0,0.0,0.0,0.0,0.0,7.5,0.0,0.0,0.0,0.0,0.0,0.0,0.0,0.0,0.0,0.0,0.0,0.0,0.0,30.0,30.0,0.0,100.0,30.0,0.0,0.0,0.0,0.0,0.0,0.0,2,0,12,0.0,0.0,0.0,0.0,7.5,0.0,7.5,100.0,7.5,100.0,0.0,0.0
505,1142636,Premier League,23/24,Liverpool FC,Stefan Bajčetić,Midfielder,6.5,0.0,0.0,0.0,0.0,0.0,0.0,0.0,0.0,0.0,0.0,0.0,0.0,0.0,0.0,0.0,0.0,0.0,0.0,0.0,0.0,0.0,0.0,0.0,13.85,0.0,0.0,0.0,6.92,0.0,0.0,0.0,0.0,0.0,0.0,0.0,0.0,0.0,34.62,24.23,10.38,70.0,17.31,6.92,0.0,0.0,0.0,0.0,0.0,1,0,26,0.0,0.0,3.46,6.92,10.38,0.0,20.77,66.67,20.77,66.67,0.0,0.0
506,1096136,Premier League,23/24,Sheffield United,Daniel Jebbison,Forward,6.5,0.0,0.0,0.0,0.0,0.0,0.0,0.0,0.0,0.0,0.0,0.0,0.0,0.0,0.0,0.0,0.0,0.0,0.0,0.0,0.0,0.0,0.0,0.0,0.0,0.0,0.0,0.0,0.0,0.0,0.0,0.0,0.0,0.0,0.0,0.0,0.0,0.0,13.5,4.5,9.0,33.33,0.0,4.5,0.0,0.0,0.0,0.0,0.0,1,0,20,0.0,0.0,0.0,0.0,22.5,0.0,0.0,0.0,0.0,0.0,0.0,0.0
507,1391824,Premier League,23/24,Sheffield United,Sydie Peck,Midfielder,6.5,0.0,0.0,0.0,0.0,0.0,0.0,0.0,0.0,0.0,0.0,0.0,0.0,0.0,0.0,0.0,0.0,0.0,0.0,0.0,0.0,0.0,0.0,0.0,0.0,0.0,0.0,0.0,0.0,0.0,0.0,0.0,0.0,0.0,0.0,0.0,0.0,0.0,10.0,10.0,0.0,100.0,0.0,10.0,0.0,0.0,0.0,0.0,0.0,1,0,9,0.0,0.0,0.0,0.0,0.0,0.0,0.0,0.0,0.0,0.0,0.0,0.0
508,1409087,Premier League,23/24,Newcastle United,Ben Parkinson,Defender,6.5,0.0,0.0,0.0,0.0,0.0,0.0,0.0,0.0,0.0,0.0,0.0,0.0,0.0,0.0,0.0,3.75,0.0,0.0,0.0,0.0,0.0,0.0,0.0,0.0,0.0,3.75,0.0,0.0,0.0,0.0,0.0,0.0,0.0,0.0,0.0,0.0,0.0,11.25,3.75,7.5,33.33,3.75,0.0,0.0,0.0,0.0,0.0,0.0,1,0,24,0.0,0.0,0.0,0.0,7.5,0.0,0.0,0.0,0.0,0.0,0.0,0.0
509,856260,Premier League,23/24,Brentford,Josh Dasilva,Midfielder,6.5,0.0,0.0,0.0,0.0,0.0,0.0,0.0,5.45,50.0,0.0,0.0,0.0,0.0,0.0,0.0,0.0,0.0,0.0,0.0,0.0,0.0,0.0,0.0,5.45,0.0,0.0,0.0,0.0,0.0,0.0,0.0,0.0,0.0,0.0,0.0,0.0,2.73,35.45,24.55,10.91,69.23,5.45,21.82,13.64,2.73,16.67,0.0,0.0,3,0,33,0.0,0.0,5.45,0.0,46.36,10.91,10.91,33.33,10.91,33.33,0.0,0.0
510,1154861,Premier League,23/24,Liverpool FC,Ben Gannon-Doak,Midfielder,6.5,0.0,0.0,0.0,0.0,0.0,0.0,0.0,0.0,0.0,0.0,0.0,0.0,0.0,0.0,0.0,0.0,0.0,0.0,0.0,0.0,0.0,0.0,0.0,0.0,0.0,0.0,0.0,0.0,0.0,0.0,0.0,0.0,0.0,0.0,0.0,0.0,0.0,27.69,27.69,0.0,100.0,6.92,20.77,13.85,0.0,0.0,0.0,0.0,1,0,13,0.0,0.0,0.0,0.0,13.85,0.0,0.0,0.0,0.0,0.0,0.0,0.0
511,1105779,Premier League,23/24,Nottingham Forest,Andrey Santos,Midfielder,6.5,0.0,0.45,0.0,15.0,0.0,7.5,0.0,0.0,0.0,0.0,0.0,0.0,0.0,0.0,0.0,0.0,0.0,0.0,0.0,0.0,0.0,0.0,0.0,0.0,0.0,0.0,0.0,0.0,0.0,0.0,0.0,0.0,0.0,0.0,0.0,0.0,0.0,45.0,45.0,0.0,100.0,22.5,22.5,15.0,0.0,0.0,0.0,0.0,1,0,12,0.0,0.0,0.0,0.0,7.5,0.0,0.0,0.0,0.0,0.0,0.0,0.0
512,913942,Premier League,23/24,Bournemouth,Romain Faivre,Midfielder,6.5,0.0,0.22,0.0,2.95,0.0,1.48,0.0,2.95,40.0,0.0,0.0,0.0,0.0,0.0,0.0,0.0,0.0,0.0,0.0,0.0,0.0,0.0,0.0,1.48,0.0,0.0,0.0,4.43,0.0,0.0,0.0,0.0,0.0,0.0,0.0,0.0,0.0,33.93,28.03,5.9,82.61,2.95,25.08,14.75,0.0,0.0,0.0,0.0,5,0,61,1.48,0.0,2.95,5.9,20.66,1.48,10.33,41.18,10.33,43.75,0.0,0.0
513,387116,Premier League,23/24,Luton Town,Pelly Ruddock Mpanzu,Midfielder,6.5,0.0,0.05,0.08,0.88,0.08,0.48,0.0,0.72,60.0,0.0,0.0,0.0,0.0,0.0,0.0,0.0,0.0,0.0,0.0,0.0,0.0,0.0,0.0,1.05,0.72,1.29,0.56,0.32,0.16,0.08,0.0,0.0,0.0,0.08,0.0,0.0,0.48,27.59,20.67,6.92,74.93,10.38,10.54,5.39,0.24,27.27,1.29,43.24,27,11,1119,0.08,0.0,0.72,1.13,10.46,1.29,3.86,47.06,2.9,50.7,0.97,38.71
514,1186812,Premier League,23/24,Aston Villa,Finley Munroe,Midfielder,6.5,0.0,0.0,0.0,0.0,0.0,0.0,0.0,0.0,0.0,0.0,0.0,0.0,0.0,0.0,0.0,0.0,0.0,0.0,0.0,0.0,0.0,0.0,0.0,0.0,0.0,0.0,0.0,0.0,0.0,0.0,0.0,0.0,0.0,0.0,0.0,0.0,0.0,11.25,11.25,0.0,100.0,11.25,0.0,0.0,0.0,0.0,0.0,0.0,1,0,8,0.0,0.0,0.0,0.0,0.0,0.0,0.0,0.0,0.0,0.0,0.0,0.0
515,997104,Premier League,23/24,Crystal Palace,Naouirou Ahamada,Midfielder,6.5,0.0,0.12,0.0,2.15,0.48,0.72,0.0,1.68,58.33,0.0,0.0,0.0,0.0,0.0,0.0,0.24,0.0,0.0,0.0,0.0,0.0,0.0,0.0,3.11,0.48,0.96,0.0,2.15,0.0,0.0,0.0,0.0,0.0,0.0,0.0,0.0,0.24,42.85,35.43,7.42,82.68,15.32,20.11,10.29,0.0,0.0,1.91,61.54,20,0,376,0.48,0.24,2.15,1.44,14.6,2.63,6.94,43.94,5.98,42.37,0.96,57.14
516,20993,Premier League,23/24,Burnley,Jack Cork,Midfielder,6.5,0.0,0.0,0.0,0.0,0.0,0.0,0.0,0.0,0.0,0.0,0.0,0.0,0.0,0.0,0.0,0.0,0.0,0.0,0.0,0.0,0.0,0.0,0.0,4.39,2.2,2.2,0.0,4.39,0.0,0.0,0.0,0.0,0.0,0.0,0.0,0.0,0.0,70.24,54.88,15.37,78.13,19.76,35.12,24.15,0.0,0.0,2.2,33.33,4,0,41,0.0,0.0,8.78,2.2,17.56,0.0,6.59,27.27,6.59,33.33,0.0,0.0
517,878705,Premier League,23/24,Sheffield United,Rhian Brewster,Forward,6.49,0.0,0.09,0.0,1.78,0.76,0.76,0.0,0.0,0.0,0.0,0.0,0.0,0.0,0.0,0.0,0.25,0.0,0.0,0.0,0.0,0.0,0.0,0.0,1.27,0.25,0.51,0.0,0.51,0.0,0.0,0.0,0.0,0.0,0.0,0.0,0.0,0.51,18.61,13.26,5.35,71.23,3.82,9.43,5.86,0.0,0.0,0.25,25.0,13,3,353,0.0,0.25,1.27,1.27,11.22,2.04,3.57,27.45,2.55,35.71,1.02,17.39
518,146101,Premier League,23/24,Tottenham Hotspur,Eric Dier,Defender,6.48,0.0,0.0,0.0,0.0,0.0,0.0,0.0,0.0,0.0,0.0,0.0,0.0,0.0,0.0,0.0,0.9,0.0,0.0,0.0,0.0,0.0,0.0,0.0,0.9,0.9,5.43,1.36,0.0,0.0,0.0,0.0,0.0,0.0,0.0,0.0,0.0,0.0,63.77,56.53,7.24,88.65,41.61,14.92,1.81,0.0,0.0,0.9,20.0,4,1,199,0.0,0.0,0.0,0.45,7.69,0.0,2.71,54.55,1.36,100.0,1.36,37.5
519,804613,Premier League,23/24,Burnley,Connor Roberts,Defender,6.48,0.0,0.0,0.11,0.0,0.0,0.0,0.0,0.0,0.0,0.0,0.0,0.0,0.0,0.0,0.0,0.33,0.0,0.0,0.0,0.0,0.0,0.0,0.0,1.32,0.44,2.42,0.66,0.99,0.0,0.22,0.0,0.0,0.0,0.0,0.11,0.0,0.77,44.95,37.91,7.03,84.35,20.11,18.02,9.78,0.22,20.0,1.32,38.71,14,8,819,0.33,0.11,0.55,0.99,11.65,0.11,2.97,52.94,2.2,54.05,0.77,50.0
520,877036,Premier League,23/24,Burnley,Anass Zaroury,Forward,6.47,0.0,0.1,0.0,1.69,0.56,0.56,0.0,1.12,40.0,0.0,0.0,0.0,0.0,0.0,0.0,0.0,0.0,0.0,0.0,0.0,0.0,0.0,0.0,0.56,0.0,0.56,0.0,2.25,0.0,0.56,0.0,0.0,0.0,0.0,0.0,0.0,1.12,33.19,22.5,10.69,67.8,9.56,14.62,6.19,1.69,27.27,1.12,33.33,6,1,160,0.0,0.56,2.25,1.69,19.69,1.12,3.38,30.0,3.38,31.58,0.0,0.0
521,914412,Premier League,23/24,West Ham United,Ben Johnson,Defender,6.47,0.0,0.03,0.0,0.98,0.33,0.33,0.0,1.8,47.83,0.0,0.0,0.0,0.0,0.0,0.0,0.16,0.0,0.0,0.0,0.0,0.0,0.0,0.0,1.8,0.82,2.13,0.16,0.82,0.0,0.0,0.0,0.0,0.16,0.0,0.0,0.0,0.0,42.87,35.18,7.69,82.06,16.04,19.31,11.13,0.16,3.23,2.29,48.28,14,4,550,0.16,0.0,0.49,1.15,19.64,1.64,5.89,46.15,4.75,49.15,1.15,36.84
522,1085950,Premier League,23/24,Aston Villa,Tim Iroegbunam,Midfielder,6.46,0.0,0.0,0.0,0.0,0.0,0.0,0.0,1.52,60.0,0.0,0.0,0.0,0.0,0.0,0.0,0.0,0.0,0.0,0.0,0.0,0.0,0.0,0.0,3.54,1.01,1.01,0.0,2.53,0.0,0.0,0.0,0.0,0.0,0.0,0.0,0.0,0.0,27.81,25.79,2.02,92.73,14.16,11.63,1.52,0.0,0.0,0.0,0.0,9,1,178,0.0,0.0,4.55,1.52,5.56,1.52,7.08,42.42,6.07,38.71,1.01,100.0
523,1485371,Premier League,23/24,Chelsea,Deivid Washington,Forward,6.45,0.0,2.23,0.0,4.74,0.0,4.74,0.0,0.0,0.0,0.0,0.0,0.0,0.0,0.0,0.0,0.0,0.0,0.0,0.0,0.0,0.0,0.0,0.0,4.74,0.0,0.0,0.0,4.74,0.0,0.0,0.0,0.0,0.0,0.0,0.0,0.0,0.0,4.74,4.74,0.0,100.0,4.74,0.0,0.0,0.0,0.0,0.0,0.0,2,0,19,0.0,0.0,0.0,0.0,9.47,4.74,4.74,25.0,4.74,25.0,0.0,0.0
524,998772,Premier League,23/24,Tottenham Hotspur,Dane Scarlett,Forward,6.45,0.0,0.0,0.0,0.0,0.0,0.0,0.0,0.0,0.0,0.0,0.0,0.0,0.0,0.0,0.0,0.0,0.0,0.0,0.0,0.0,0.0,0.0,0.0,2.14,0.0,0.0,0.0,2.14,0.0,0.0,0.0,0.0,0.0,0.0,0.0,0.0,0.0,6.43,4.29,2.14,66.67,0.0,4.29,2.14,0.0,0.0,0.0,0.0,4,0,42,0.0,0.0,2.14,4.29,17.14,0.0,6.43,33.33,6.43,50.0,0.0,0.0
525,980649,Premier League,23/24,Brentford,Myles Peart-Harris,Midfielder,6.45,0.0,0.0,0.0,0.0,0.0,0.0,0.0,0.0,0.0,0.0,0.0,0.0,0.0,0.0,0.0,0.0,0.0,0.0,0.0,0.0,0.0,0.0,0.0,0.0,0.0,3.75,0.0,0.0,0.0,0.0,0.0,0.0,0.0,0.0,0.0,0.0,3.75,26.25,18.75,7.5,71.43,3.75,15.0,15.0,0.0,0.0,0.0,0.0,3,0,24,0.0,0.0,7.5,7.5,22.5,7.5,7.5,18.18,7.5,33.33,0.0,0.0
526,786028,Premier League,23/24,West Ham United,Kalvin Phillips,Midfielder,6.43,0.0,0.04,0.0,1.12,0.45,0.45,0.0,0.45,25.0,0.0,0.0,0.0,0.0,0.0,0.0,0.0,0.0,0.0,0.0,0.0,0.0,0.0,0.0,3.13,1.34,0.89,0.22,0.89,0.22,0.0,0.22,0.0,0.0,0.0,0.0,0.0,0.0,54.27,44.89,9.38,82.72,23.23,21.89,11.39,0.22,33.33,2.9,52.0,12,3,403,0.22,0.22,3.8,1.56,14.52,1.12,6.7,47.62,5.14,41.82,1.56,87.5
527,897334,Premier League,23/24,Luton Town,Daiki Hashioka,Defender,6.43,0.0,0.02,0.0,0.3,0.0,0.15,0.0,0.15,50.0,0.0,0.0,0.0,0.0,0.0,0.0,0.0,0.0,0.0,0.0,0.0,0.0,0.0,0.0,1.66,1.21,3.03,1.06,0.91,0.0,0.0,0.0,0.3,0.0,0.15,0.0,0.0,0.45,38.72,31.92,6.81,82.42,20.12,12.25,5.29,0.45,33.33,1.21,33.33,10,6,595,0.0,0.0,1.51,0.91,10.59,0.91,4.54,46.15,2.57,42.5,1.97,52.0
528,1142638,Premier League,23/24,Liverpool FC,Bobby Clark,Midfielder,6.43,0.0,0.12,0.0,1.75,0.0,0.87,0.0,0.0,0.0,0.0,0.0,0.0,0.0,0.0,0.0,0.0,0.0,0.0,0.0,0.0,0.0,0.0,0.0,1.75,0.87,0.87,1.75,3.5,0.0,0.0,0.0,0.0,0.0,0.0,0.0,0.0,0.0,42.82,33.2,9.61,77.55,13.98,19.22,8.74,0.0,0.0,0.87,50.0,5,1,103,0.0,0.0,3.5,2.62,20.1,5.24,4.37,23.81,4.37,25.0,0.0,0.0
529,976263,Premier League,23/24,Chelsea,Ian Maatsen,Defender,6.43,0.0,0.33,0.41,2.03,0.41,0.41,0.0,0.0,0.0,0.0,0.0,0.0,0.0,0.0,0.41,0.0,0.0,0.0,0.0,0.0,0.0,0.0,0.0,1.22,1.22,3.65,0.0,1.62,0.0,0.0,0.0,0.0,0.0,0.0,0.0,0.0,0.81,48.24,34.86,13.38,72.27,10.54,25.14,15.41,0.81,25.0,0.81,28.57,12,1,222,0.41,0.0,2.03,0.41,24.32,2.84,2.84,21.88,1.62,16.67,1.22,37.5
530,32124,Premier League,23/24,Crystal Palace,James Tomkins,Defender,6.43,0.0,0.0,0.0,0.0,0.0,0.0,0.0,0.0,0.0,0.0,0.0,0.0,0.0,0.0,0.0,0.0,0.0,0.0,0.0,0.0,0.0,0.0,0.0,0.0,2.81,0.0,0.0,0.0,0.0,0.0,0.0,0.0,0.0,0.0,0.0,0.0,0.0,59.06,50.62,8.44,85.71,30.94,19.69,2.81,0.0,0.0,8.44,60.0,4,0,32,0.0,0.0,0.0,0.0,8.44,0.0,5.62,100.0,0.0,0.0,5.62,100.0
531,1136721,Premier League,23/24,Manchester United,Willy Kambwala,Defender,6.41,0.0,0.0,0.0,0.0,0.0,0.0,0.0,0.0,0.0,0.0,0.0,0.0,0.0,0.0,0.0,0.0,0.0,0.0,0.0,0.0,0.0,0.0,0.0,0.8,1.07,3.21,0.8,0.54,0.27,0.0,0.0,0.0,0.0,0.0,0.0,0.0,0.0,51.16,43.39,7.77,84.82,32.41,10.98,2.14,0.0,0.0,1.34,23.81,8,3,336,0.27,0.0,1.07,0.54,9.38,0.27,2.95,50.0,1.34,35.71,1.61,75.0
532,53825,Premier League,23/24,Liverpool FC,Thiago Alcântara,Midfielder,6.4,0.0,0.0,0.0,0.0,0.0,0.0,0.0,0.0,0.0,0.0,0.0,0.0,0.0,0.0,0.0,0.0,0.0,0.0,0.0,0.0,0.0,0.0,0.0,0.0,0.0,0.0,0.0,0.0,0.0,0.0,0.0,0.0,0.0,0.0,0.0,0.0,0.0,69.23,48.46,20.77,70.0,20.77,27.69,0.0,0.0,0.0,6.92,50.0,1,0,13,0.0,0.0,0.0,0.0,20.77,0.0,0.0,0.0,0.0,0.0,0.0,0.0
533,1133697,Premier League,23/24,Sheffield United,Sam Curtis,Defender,6.4,0.0,0.0,0.0,0.0,0.0,0.0,0.0,0.0,0.0,0.0,0.0,0.0,0.0,0.0,0.0,0.0,0.0,0.0,0.0,0.0,0.0,0.0,0.0,3.33,0.0,0.0,0.0,3.33,0.0,0.0,0.0,0.0,0.0,0.0,0.0,0.0,0.0,23.33,13.33,10.0,57.14,6.67,6.67,0.0,0.0,0.0,0.0,0.0,1,0,27,0.0,0.0,0.0,0.0,20.0,3.33,3.33,33.33,3.33,33.33,0.0,0.0
534,218160,Premier League,23/24,Aston Villa,Bertrand Traoré,Forward,6.4,0.0,0.0,0.0,0.0,0.0,0.0,0.0,0.0,0.0,0.0,0.0,0.0,0.0,0.0,0.0,0.0,0.0,0.0,0.0,0.0,0.0,0.0,0.0,9.0,0.0,0.0,0.0,0.0,0.0,0.0,0.0,0.0,0.0,0.0,0.0,0.0,0.0,27.0,18.0,9.0,66.67,18.0,0.0,0.0,0.0,0.0,0.0,0.0,2,0,10,0.0,0.0,0.0,0.0,36.0,9.0,9.0,33.33,9.0,33.33,0.0,0.0
535,1049860,Premier League,23/24,Sheffield United,Antwoine Hackford,Forward,6.4,0.0,0.0,0.0,0.0,0.0,0.0,0.0,0.0,0.0,0.0,0.0,0.0,0.0,0.0,0.0,0.0,0.0,0.0,0.0,0.0,0.0,0.0,0.0,0.0,0.0,0.0,0.0,0.0,0.0,0.0,0.0,0.0,0.0,0.0,0.0,0.0,0.0,10.59,10.59,0.0,100.0,5.29,5.29,0.0,0.0,0.0,0.0,0.0,2,0,17,0.0,0.0,0.0,0.0,10.59,0.0,0.0,0.0,0.0,0.0,0.0,0.0
536,1162083,Premier League,23/24,Aston Villa,Omari Kellyman,Midfielder,6.4,0.0,0.18,0.0,2.57,0.0,0.0,0.0,0.0,0.0,0.0,0.0,0.0,0.0,0.0,0.0,0.0,0.0,0.0,0.0,0.0,0.0,0.0,0.0,2.57,0.0,0.0,0.0,2.57,0.0,0.0,0.0,0.0,0.0,0.0,0.0,0.0,0.0,18.0,15.43,2.57,85.71,5.14,10.29,5.14,0.0,0.0,0.0,0.0,2,0,35,0.0,0.0,0.0,0.0,7.71,0.0,2.57,33.33,2.57,50.0,0.0,0.0
537,1014461,Premier League,23/24,Aston Villa,Jaden Philogene-Bidace,Midfielder,6.4,0.0,0.0,0.0,0.0,0.0,0.0,0.0,0.0,0.0,0.0,0.0,0.0,0.0,0.0,0.0,0.0,0.0,0.0,0.0,0.0,0.0,0.0,0.0,0.0,0.0,0.0,0.0,0.0,0.0,0.0,0.0,0.0,0.0,0.0,0.0,0.0,0.0,36.0,27.0,9.0,75.0,18.0,9.0,9.0,0.0,0.0,0.0,0.0,1,0,10,0.0,0.0,0.0,0.0,9.0,0.0,0.0,0.0,0.0,0.0,0.0,0.0
538,1006147,Premier League,23/24,Sheffield United,Anis Ben Slimane,Midfielder,6.4,0.0,0.17,0.41,1.66,0.62,0.62,0.0,0.41,13.33,0.0,0.0,0.0,0.0,0.0,0.0,0.41,0.0,0.0,0.0,0.0,0.0,0.0,0.0,2.28,1.04,1.45,0.21,1.24,0.0,0.0,0.0,0.21,0.0,0.0,0.0,0.0,0.62,28.2,19.08,9.12,67.65,8.5,10.58,5.18,0.0,0.0,0.41,50.0,15,4,434,0.41,0.0,1.45,1.24,16.8,2.49,5.39,31.71,3.94,33.33,1.45,28.0
539,174135,Premier League,23/24,Newcastle United,Loris Karius,Goalkeeper,6.4,0.0,0.0,0.0,0.0,0.0,0.0,0.0,0.0,0.0,0.0,0.0,0.0,0.0,0.0,0.0,0.0,0.0,0.0,0.0,0.0,0.0,0.0,0.0,0.0,0.0,1.0,0.0,0.0,0.0,0.0,0.0,0.0,0.0,0.0,0.0,0.0,0.0,31.0,16.0,15.0,51.61,14.0,2.0,0.0,0.0,0.0,3.0,16.67,1,1,90,0.0,0.0,0.0,0.0,16.0,0.0,0.0,0.0,0.0,0.0,0.0,0.0
540,1403192,Premier League,23/24,Tottenham Hotspur,Mikey Moore,Forward,6.4,0.0,0.0,0.0,0.0,0.0,0.0,0.0,0.0,0.0,0.0,0.0,0.0,0.0,0.0,0.0,0.0,0.0,0.0,0.0,0.0,0.0,0.0,0.0,0.0,0.0,4.5,0.0,0.0,0.0,0.0,0.0,0.0,0.0,0.0,0.0,0.0,0.0,22.5,18.0,4.5,80.0,0.0,18.0,4.5,0.0,0.0,0.0,0.0,2,0,20,0.0,0.0,4.5,0.0,13.5,0.0,0.0,0.0,0.0,0.0,0.0,0.0
541,1099074,Premier League,23/24,Aston Villa,Kaine Kesler-Hayden,Defender,6.4,0.0,0.0,0.0,0.0,0.0,0.0,0.0,0.0,0.0,0.0,0.0,0.0,0.0,0.0,0.0,0.0,0.0,0.0,0.0,0.0,0.0,0.0,0.0,0.0,0.0,0.0,0.0,0.0,0.0,0.0,0.0,0.0,0.0,0.0,0.0,0.0,0.0,0.0,0.0,0.0,0.0,0.0,0.0,0.0,0.0,0.0,0.0,0.0,3,0,10,0.0,0.0,0.0,0.0,0.0,0.0,0.0,0.0,0.0,0.0,0.0,0.0
542,954076,Premier League,23/24,Wolverhampton,Fábio Silva,Forward,6.39,0.0,0.33,0.64,2.23,0.96,0.96,0.0,0.64,28.57,0.0,0.0,0.0,0.0,0.0,0.0,1.6,0.0,0.0,0.0,0.0,0.0,0.0,0.0,2.23,0.64,0.0,0.0,0.32,0.0,0.0,0.32,0.0,0.0,0.0,0.0,0.0,1.28,23.94,19.15,4.79,80.0,7.34,11.81,6.7,0.0,0.0,0.0,0.0,8,3,282,0.64,0.0,2.55,1.28,12.13,1.28,4.79,39.47,4.15,43.33,0.64,25.0
543,100578,Premier League,23/24,Sheffield United,John Egan,Defender,6.38,0.0,0.03,0.0,0.56,0.19,0.19,0.0,0.0,0.0,0.0,0.0,0.0,0.0,0.0,0.0,0.0,0.0,0.0,0.0,0.0,0.0,0.0,0.0,1.12,2.42,7.25,0.74,1.3,0.0,0.19,0.19,0.0,0.0,0.0,0.0,0.0,0.0,34.03,23.8,10.23,69.95,19.34,4.46,1.3,0.0,0.0,0.93,13.89,6,6,484,0.37,0.0,1.12,0.19,11.16,0.19,3.9,50.0,1.3,36.84,2.6,60.87
544,1020680,Premier League,23/24,Bournemouth,Jaidon Anthony,Midfielder,6.37,0.0,0.04,0.0,1.18,0.59,0.59,0.0,1.18,40.0,0.0,0.0,0.0,0.0,0.0,0.0,1.18,0.0,0.0,0.0,0.0,0.0,0.0,0.0,1.76,0.59,1.18,0.0,3.53,0.0,0.0,0.0,0.0,0.0,0.0,0.0,0.0,0.0,25.29,17.65,7.65,69.77,5.88,11.76,7.65,0.0,0.0,0.59,20.0,3,2,153,0.59,0.0,2.35,1.18,14.71,1.18,4.71,30.77,4.12,31.82,0.59,25.0
545,1099792,Premier League,23/24,Sheffield United,Bénie Traoré,Midfielder,6.36,0.0,0.06,0.23,0.23,0.23,0.0,0.0,1.15,25.0,0.0,0.0,0.0,0.0,0.0,0.0,0.23,0.0,0.0,0.0,0.0,0.0,0.0,0.0,0.92,0.23,0.23,0.23,0.92,0.0,0.0,0.0,0.0,0.0,0.0,0.0,0.0,0.92,15.38,12.4,2.98,80.6,5.51,7.12,4.59,0.23,33.33,0.23,100.0,8,3,392,0.0,0.0,2.3,0.92,11.48,1.61,3.44,21.74,2.98,26.53,0.46,10.0
546,370932,Premier League,23/24,Luton Town,Fred Onyedinma,Midfielder,6.35,0.0,0.03,0.0,1.09,0.43,0.43,0.0,0.43,20.0,0.0,0.0,0.0,0.0,0.0,0.0,0.0,0.0,0.0,0.0,0.0,0.0,0.0,0.0,2.17,0.22,2.83,0.0,1.52,0.0,0.0,0.22,0.0,0.0,0.0,0.0,0.0,0.43,18.48,14.13,4.35,76.47,7.17,7.17,4.57,0.22,7.69,0.0,0.0,8,4,414,0.22,0.0,2.17,1.3,16.09,2.17,5.65,38.81,3.91,33.96,1.74,57.14
547,795058,Premier League,23/24,Sheffield United,Tom Davies,Midfielder,6.34,0.0,0.15,0.0,1.68,0.42,0.42,0.0,0.84,28.57,0.0,0.0,0.0,0.0,0.0,0.0,0.0,0.0,0.0,0.0,0.0,0.0,0.0,0.0,4.21,1.26,2.1,0.42,2.52,0.42,0.0,0.42,0.0,0.0,0.0,0.0,0.0,0.42,38.69,28.18,10.51,72.83,14.72,13.46,7.57,0.0,0.0,0.84,33.33,9,2,214,0.84,0.0,2.94,0.84,18.08,1.68,7.15,41.46,5.89,40.0,1.26,50.0
548,1020203,Premier League,23/24,Nottingham Forest,Brandon Aguilera,Midfielder,6.3,0.0,0.0,0.0,0.0,0.0,0.0,0.0,0.0,0.0,0.0,0.0,0.0,0.0,0.0,0.0,0.0,0.0,0.0,0.0,0.0,0.0,0.0,0.0,0.0,0.0,0.0,0.0,0.0,0.0,0.0,0.0,0.0,0.0,0.0,0.0,0.0,0.0,48.0,24.0,24.0,50.0,6.0,18.0,12.0,0.0,0.0,0.0,0.0,1,0,15,0.0,0.0,18.0,0.0,30.0,0.0,0.0,0.0,0.0,0.0,0.0,0.0
549,1389768,Premier League,23/24,Sheffield United,Ryan One,Forward,6.3,0.0,0.0,0.0,0.0,0.0,0.0,0.0,0.0,0.0,0.0,0.0,0.0,0.0,0.0,0.0,0.0,0.0,0.0,0.0,0.0,0.0,0.0,0.0,0.0,0.0,0.0,0.0,0.0,0.0,0.0,0.0,0.0,0.0,0.0,0.0,0.0,0.0,5.0,5.0,0.0,100.0,0.0,5.0,0.0,0.0,0.0,0.0,0.0,1,0,18,0.0,0.0,0.0,0.0,0.0,0.0,0.0,0.0,0.0,0.0,0.0,0.0
550,368134,Premier League,23/24,Newcastle United,Matt Targett,Defender,6.2,0.0,0.0,0.0,0.0,0.0,0.0,0.0,0.0,0.0,0.0,0.0,0.0,0.0,0.0,0.0,0.0,0.0,0.0,0.0,0.0,0.0,0.0,0.0,2.12,0.0,2.12,0.0,0.0,0.0,0.0,0.0,0.0,0.0,0.0,0.0,0.0,1.06,40.24,34.94,5.29,86.84,16.94,18.0,6.35,0.0,0.0,1.06,25.0,3,1,85,1.06,0.0,0.0,2.12,6.35,0.0,4.24,50.0,4.24,80.0,0.0,0.0
551,911708,Premier League,23/24,Sheffield United,Rhys Norrington-Davies,Defender,6.17,0.0,0.0,0.0,0.0,0.0,0.0,0.0,0.81,100.0,0.0,0.0,0.0,0.0,0.0,0.0,0.81,0.0,0.0,0.0,0.0,0.0,0.0,0.0,0.81,0.81,1.62,0.0,0.81,0.0,0.0,0.0,0.0,0.0,0.0,0.0,0.0,0.81,43.78,31.62,12.16,72.22,22.7,8.92,3.24,0.0,0.0,0.81,14.29,5,2,111,0.81,0.0,2.43,0.81,18.65,1.62,3.24,36.36,2.43,33.33,0.81,50.0
552,581610,Premier League,23/24,Crystal Palace,Remi Matthews,Goalkeeper,6.1,0.0,0.0,0.0,0.0,0.0,0.0,0.0,0.0,0.0,0.0,0.0,0.0,0.0,0.0,0.0,0.0,0.0,0.0,0.0,0.0,0.0,0.0,0.0,0.0,0.0,5.62,0.0,0.0,0.0,0.0,0.0,0.0,0.0,0.0,0.0,0.0,0.0,28.12,0.0,28.12,0.0,0.0,0.0,0.0,0.0,0.0,0.0,0.0,1,0,16,0.0,0.0,0.0,0.0,28.12,0.0,5.62,100.0,0.0,0.0,5.62,100.0
553,781544,Premier League,23/24,Sheffield United,Mason Holgate,Defender,6.09,0.0,0.08,0.25,0.38,0.0,0.25,0.0,0.13,50.0,0.0,0.0,0.0,0.0,0.0,0.13,0.0,0.0,0.0,0.0,0.0,0.0,0.0,0.0,1.51,1.39,4.92,0.63,0.88,0.0,0.0,0.13,0.0,0.0,0.13,0.0,0.0,0.13,20.83,14.89,5.93,71.52,9.72,5.43,2.9,0.25,28.57,1.26,30.3,10,9,713,0.38,0.13,1.01,0.5,10.1,0.13,3.28,52.0,2.15,50.0,1.14,56.25
554,815202,Premier League,23/24,Bournemouth,Ionuț Radu,Goalkeeper,6.05,0.0,0.0,0.0,0.0,0.0,0.0,0.0,0.0,0.0,0.0,0.0,0.0,0.0,0.0,0.0,0.0,0.0,0.0,0.0,0.0,0.0,0.0,0.0,0.0,0.0,0.5,0.0,0.0,0.0,0.0,0.0,0.0,0.0,0.0,0.0,0.0,0.0,29.0,23.0,6.0,79.31,21.0,2.0,1.0,0.0,0.0,4.0,40.0,2,2,180,0.0,0.0,0.0,0.0,6.0,0.0,0.0,0.0,0.0,0.0,0.0,0.0
555,185995,Premier League,23/24,Newcastle United,Paul Dummett,Defender,5.9,0.0,0.08,0.0,3.91,0.0,3.91,0.0,0.0,0.0,0.0,0.0,0.0,0.0,0.0,0.0,0.0,0.0,0.0,0.0,0.0,0.0,0.0,0.0,3.91,0.0,3.91,0.0,0.0,0.0,0.0,3.91,0.0,0.0,0.0,0.0,0.0,0.0,86.09,78.26,7.83,90.91,43.04,35.22,7.83,0.0,0.0,0.0,0.0,5,0,23,0.0,0.0,3.91,0.0,7.83,0.0,7.83,66.67,3.91,50.0,3.91,100.0
556,825550,Premier League,23/24,Luton Town,Joe Johnson,Defender,5.8,0.0,0.0,0.0,0.0,0.0,0.0,0.0,0.0,0.0,0.0,0.0,0.0,0.0,0.0,0.0,0.0,0.0,0.0,0.0,0.0,0.0,0.0,0.0,0.0,0.0,0.0,0.0,1.2,0.0,0.0,0.0,0.0,0.0,0.0,0.0,0.0,0.0,40.8,36.0,4.8,88.24,30.0,6.0,2.4,0.0,0.0,6.0,55.56,2,0,75,1.2,0.0,1.2,0.0,8.4,1.2,0.0,0.0,0.0,0.0,0.0,0.0
557,1134729,Premier League,23/24,Fulham,Luke Harris,Midfielder,5.8,0.0,0.34,1.22,1.22,1.22,0.0,0.0,0.0,0.0,0.0,0.0,0.0,0.0,0.0,0.0,0.0,0.0,0.0,0.0,0.0,0.0,0.0,0.0,1.22,0.0,0.0,0.0,1.22,0.0,0.0,0.0,0.0,0.0,0.0,0.0,0.0,0.0,17.03,13.38,3.65,78.57,10.95,2.43,1.22,0.0,0.0,0.0,0.0,1,0,74,0.0,0.0,2.43,2.43,6.08,0.0,3.65,37.5,3.65,37.5,0.0,0.0
558,1398550,Premier League,23/24,Bournemouth,Dominic Sadi,Midfielder,0.0,0.0,0.0,0.0,0.0,0.0,0.0,0.0,0.0,0.0,0.0,0.0,0.0,0.0,0.0,0.0,0.0,0.0,0.0,0.0,0.0,0.0,0.0,0.0,0.0,0.0,0.0,0.0,0.0,0.0,0.0,0.0,0.0,0.0,0.0,0.0,0.0,0.0,90.0,0.0,90.0,0.0,0.0,0.0,0.0,0.0,0.0,0.0,0.0,1,0,1,0.0,0.0,0.0,0.0,90.0,0.0,0.0,0.0,0.0,0.0,0.0,0.0
559,1096447,Premier League,23/24,Liverpool FC,Kaide Gordon,Forward,0.0,0.0,0.0,0.0,0.0,0.0,0.0,0.0,0.0,0.0,0.0,0.0,0.0,0.0,0.0,0.0,0.0,0.0,0.0,0.0,0.0,0.0,0.0,0.0,0.0,0.0,0.0,0.0,0.0,0.0,0.0,0.0,0.0,0.0,0.0,0.0,0.0,0.0,90.0,90.0,0.0,100.0,0.0,90.0,90.0,0.0,0.0,0.0,0.0,1,0,1,0.0,0.0,0.0,0.0,90.0,0.0,90.0,100.0,0.0,0.0,90.0,100.0
560,1000449,Premier League,23/24,Newcastle United,Amadou Diallo,Forward,0.0,0.0,0.0,0.0,0.0,0.0,0.0,0.0,0.0,0.0,0.0,0.0,0.0,0.0,0.0,0.0,0.0,0.0,0.0,0.0,0.0,0.0,0.0,0.0,0.0,0.0,0.0,0.0,0.0,0.0,0.0,0.0,0.0,0.0,0.0,0.0,0.0,0.0,90.0,90.0,0.0,100.0,90.0,0.0,0.0,0.0,0.0,0.0,0.0,1,0,1,0.0,0.0,0.0,0.0,0.0,0.0,0.0,0.0,0.0,0.0,0.0,0.0
561,1082894,Premier League,23/24,Newcastle United,Michael Ndiweni,Forward,0.0,0.0,0.0,0.0,0.0,0.0,0.0,0.0,0.0,0.0,0.0,0.0,0.0,0.0,0.0,0.0,0.0,0.0,0.0,0.0,0.0,0.0,0.0,0.0,0.0,0.0,0.0,0.0,0.0,0.0,0.0,0.0,0.0,0.0,0.0,0.0,0.0,0.0,180.0,90.0,90.0,50.0,90.0,0.0,0.0,0.0,0.0,0.0,0.0,1,0,1,0.0,0.0,0.0,0.0,90.0,0.0,0.0,0.0,0.0,0.0,0.0,0.0
562,1113799,Premier League,23/24,Everton,Lewis Warrington,Midfielder,0.0,0.0,0.0,0.0,0.0,0.0,0.0,0.0,0.0,0.0,0.0,0.0,0.0,0.0,0.0,0.0,0.0,0.0,0.0,0.0,0.0,0.0,0.0,0.0,0.0,0.0,0.0,0.0,0.0,0.0,0.0,0.0,0.0,0.0,0.0,0.0,0.0,0.0,180.0,180.0,0.0,100.0,180.0,0.0,0.0,0.0,0.0,0.0,0.0,1,0,1,0.0,0.0,0.0,0.0,0.0,0.0,0.0,0.0,0.0,0.0,0.0,0.0
563,1146145,Premier League,23/24,Manchester United,Daniel Gore,Midfielder,0.0,0.0,0.0,0.0,0.0,0.0,0.0,0.0,0.0,0.0,0.0,0.0,0.0,0.0,0.0,0.0,0.0,0.0,0.0,0.0,0.0,0.0,0.0,0.0,90.0,90.0,0.0,0.0,0.0,0.0,0.0,0.0,0.0,0.0,0.0,0.0,0.0,0.0,0.0,0.0,0.0,0.0,0.0,0.0,0.0,0.0,0.0,0.0,0.0,1,0,1,0.0,0.0,0.0,90.0,0.0,0.0,180.0,100.0,180.0,100.0,0.0,0.0
564,1391111,Premier League,23/24,Chelsea,Jimi Tauriainen,Midfielder,0.0,0.0,0.0,0.0,0.0,0.0,0.0,0.0,0.0,0.0,0.0,0.0,0.0,0.0,0.0,0.0,0.0,0.0,0.0,0.0,0.0,0.0,0.0,0.0,0.0,0.0,0.0,0.0,0.0,0.0,0.0,0.0,0.0,0.0,0.0,0.0,0.0,0.0,0.0,0.0,0.0,0.0,0.0,0.0,0.0,0.0,0.0,0.0,0.0,1,0,1,0.0,0.0,0.0,0.0,0.0,0.0,0.0,0.0,0.0,0.0,0.0,0.0
565,361790,Premier League,23/24,Manchester United,Donny van de Beek,Midfielder,0.0,0.0,1.8,0.0,45.0,0.0,45.0,0.0,0.0,0.0,0.0,0.0,0.0,0.0,0.0,0.0,0.0,0.0,0.0,0.0,0.0,0.0,0.0,0.0,0.0,0.0,0.0,0.0,0.0,0.0,0.0,0.0,0.0,0.0,0.0,0.0,0.0,45.0,45.0,45.0,0.0,100.0,0.0,45.0,45.0,0.0,0.0,0.0,0.0,1,0,2,0.0,0.0,0.0,0.0,45.0,0.0,0.0,0.0,0.0,0.0,0.0,0.0
566,1186050,Premier League,23/24,Chelsea,Alex Matos,Midfielder,0.0,0.0,0.0,0.0,0.0,0.0,0.0,0.0,0.0,0.0,0.0,0.0,0.0,0.0,0.0,0.0,0.0,0.0,0.0,0.0,0.0,0.0,0.0,0.0,0.0,0.0,0.0,0.0,0.0,0.0,0.0,0.0,0.0,0.0,0.0,0.0,0.0,0.0,0.0,0.0,0.0,0.0,0.0,0.0,0.0,0.0,0.0,0.0,0.0,1,0,1,0.0,0.0,0.0,0.0,90.0,90.0,0.0,0.0,0.0,0.0,0.0,0.0
567,1150934,Premier League,23/24,Tottenham Hotspur,Jamie Donley,Midfielder,0.0,0.0,0.0,0.0,0.0,0.0,0.0,0.0,0.0,0.0,0.0,0.0,0.0,0.0,0.0,0.0,0.0,0.0,0.0,0.0,0.0,0.0,0.0,0.0,0.0,0.0,60.0,0.0,0.0,0.0,0.0,0.0,0.0,0.0,0.0,0.0,0.0,0.0,30.0,30.0,0.0,100.0,30.0,0.0,0.0,0.0,0.0,0.0,0.0,3,0,3,30.0,0.0,30.0,30.0,60.0,30.0,60.0,33.33,30.0,25.0,30.0,50.0
568,1004342,Premier League,23/24,Everton,Tyler Onyango,Midfielder,0.0,0.0,0.0,0.0,0.0,0.0,0.0,0.0,0.0,0.0,0.0,0.0,0.0,0.0,0.0,0.0,0.0,0.0,0.0,0.0,0.0,0.0,0.0,0.0,0.0,0.0,0.0,0.0,0.0,0.0,0.0,0.0,0.0,0.0,0.0,0.0,0.0,0.0,0.0,0.0,0.0,0.0,0.0,0.0,0.0,0.0,0.0,0.0,0.0,1,0,1,0.0,0.0,0.0,0.0,0.0,0.0,0.0,0.0,0.0,0.0,0.0,0.0
569,1142343,Premier League,23/24,West Ham United,Kaelan Casey,Defender,0.0,0.0,0.0,0.0,0.0,0.0,0.0,0.0,0.0,0.0,0.0,0.0,0.0,0.0,0.0,0.0,0.0,0.0,0.0,0.0,0.0,0.0,0.0,0.0,0.0,0.0,90.0,0.0,0.0,0.0,0.0,0.0,0.0,0.0,0.0,0.0,0.0,0.0,0.0,0.0,0.0,0.0,0.0,0.0,0.0,0.0,0.0,0.0,0.0,1,0,1,0.0,0.0,0.0,0.0,0.0,0.0,90.0,100.0,0.0,0.0,90.0,100.0
570,1005766,Premier League,23/24,Everton,Thomas Cannon,Forward,0.0,0.0,0.0,0.0,0.0,0.0,0.0,0.0,0.0,0.0,0.0,0.0,0.0,0.0,0.0,0.0,0.0,0.0,0.0,0.0,0.0,0.0,0.0,0.0,0.0,0.0,0.0,0.0,0.0,0.0,0.0,0.0,0.0,0.0,0.0,0.0,0.0,0.0,0.0,0.0,0.0,0.0,0.0,0.0,0.0,0.0,0.0,0.0,0.0,1,0,1,0.0,0.0,0.0,0.0,0.0,0.0,0.0,0.0,0.0,0.0,0.0,0.0
