#,Player ID,League,Season,Team,Name,Position,Sofascore Rating,Goals,xG,Big chances missed,Total shots,Shots on target,Shots off target,Goal conversion %,Succ. dribbles,Succ. dribbles %,Goals inside box,Goals outside box,Headed goals,Left-footed goals,Right-footed goals,Hit woodwork,Offsides,Penalties won,Penalties taken,Penalty goals,Penalty conversion %,Free kick goals,Shots from set piece,Set piece conv. %,Tackles,Interceptions,Clearances,Blocked shots,Dribbled past,Errors leading to goal,Errors leading to shot,Penalties committed,Own goals,Clean sheets,Big chances created,Assists,Passes to assist,Key passes,Total passes,Accurate passes,Inaccurate passes,Accurate passes %,Passes in own half,Passes in opp. half,Acc. final third passes,Accurate crosses,Accurate crosses %,Accurate long balls,Accurate long balls %,Appearances,Started,Minutes played,Yellow cards,Red cards,Fouls,Was fouled,Possession lost,Dispossessed,Total duels won,Total duels won %,Ground duels won,Ground duels won %,Aerial duels won,Aerial duels won %
1,84844,Premier League,24/25,Arsenal,Neto,Goalkeeper,7.85,0.0,0.0,0.0,0.0,0.0,0.0,0.0,0.0,0.0,0.0,0.0,0.0,0.0,0.0,0.0,0.0,0.0,0.0,0.0,0.0,0.0,0.0,0.0,0.0,0.0,1.5,0,0.0,0.5,0.0,0.0,0.0,0.0,0.0,0.0,0.0,0.0,27.0,16.5,10.5,61.11,12.0,4.5,1.5,0.0,0.0,5.5,34.38,2,2,180,0.0,0.0,0.0,1.0,11.0,0.0,1.0,100.0,1.0,100.0,0.0,0.0
2,159665,Premier League,24/25,Liverpool FC,Mohamed Salah,Midfielder,7.78,0.77,0.68,0.64,3.46,1.63,1.15,22.31,1.55,44.62,0.77,0.0,0.0,0.69,0.08,0.16,0.48,0.0,0.24,0.24,100.0,0.0,0.03,0.0,0.56,0.24,0.13,0,0.24,0.0,0.0,0.0,0.0,0.21,0.72,0.48,0.05,2.43,30.78,22.73,8.05,73.85,4.85,18.34,12.55,0.45,21.52,0.72,51.92,38,38,3377,0.03,0.0,0.67,1.04,16.87,1.79,3.38,40.71,3.14,40.83,0.24,39.13
3,982780,Premier League,24/25,Chelsea,Cole Palmer,Midfielder,7.63,0.42,0.49,0.39,3.55,1.44,0.99,11.9,1.44,52.58,0.31,0.11,0.0,0.42,0.0,0.17,0.2,0.03,0.14,0.11,80.0,0.03,0.34,8.33,0.96,0.31,0.54,0,0.42,0.03,0.0,0.0,0.0,0.14,0.68,0.23,0.06,2.56,36.9,30.68,6.23,83.13,8.45,23.21,14.23,0.99,24.31,2.62,67.88,37,36,3195,0.2,0.0,0.42,1.69,14.0,1.04,4.14,55.06,4.08,56.2,0.06,22.22
4,288205,Premier League,24/25,Manchester United,Bruno Fernandes,Midfielder,7.62,0.24,0.3,0.3,2.86,0.86,1.07,8.33,0.83,45.9,0.09,0.15,0.0,0.0,0.24,0.09,0.06,0.0,0.09,0.09,100.0,0.06,0.36,16.67,2.5,0.77,0.89,0,1.52,0.03,0.06,0.0,0.0,0.27,0.48,0.3,0.0,2.71,60.12,49.02,11.1,81.53,18.04,32.23,19.26,1.25,22.58,4.79,60.75,36,35,3024,0.09,0.06,0.95,1.19,19.52,1.28,5.18,48.47,4.49,49.19,0.68,44.23
5,856720,Premier League,24/25,Bournemouth,Mark Travers,Goalkeeper,7.62,0.0,0.0,0.0,0.0,0.0,0.0,0.0,0.0,0.0,0.0,0.0,0.0,0.0,0.0,0.0,0.0,0.0,0.0,0.0,0.0,0.0,0.0,0.0,0.0,0.0,1.8,0,0.0,0.0,0.0,0.0,0.0,0.2,0.0,0.0,0.0,0.0,22.6,14.2,8.4,62.83,8.8,5.4,1.8,0.0,0.0,6.8,45.33,5,5,450,0.0,0.0,0.0,0.2,8.4,0.0,0.4,100.0,0.2,100.0,0.2,100.0
6,886363,Premier League,24/25,Wolverhampton,Matheus Cunha,Forward,7.61,0.52,0.3,0.07,3.81,1.52,1.25,13.64,2.11,50.0,0.35,0.17,0.0,0.07,0.45,0.07,0.28,0.0,0.0,0.0,0.0,0.0,0.42,0.0,1.32,0.59,0.66,0,0.9,0.0,0.0,0.03,0.0,0.1,0.45,0.21,0.03,2.01,32.85,26.07,6.78,79.35,9.28,17.69,10.42,0.9,18.31,1.7,55.68,33,29,2600,0.14,0.0,1.45,2.46,18.03,1.9,6.33,46.45,5.88,48.3,0.45,30.95
7,934235,Premier League,24/25,Arsenal,Bukayo Saka,Forward,7.6,0.31,0.36,0.41,3.48,1.19,0.93,8.96,2.13,52.56,0.31,0.0,0.05,0.21,0.05,0.0,0.36,0.05,0.05,0.05,100.0,0.0,0.05,0.0,1.5,0.16,0.31,0,0.57,0.0,0.0,0.0,0.0,0.1,1.09,0.52,0.16,3.16,31.02,26.14,4.88,84.28,4.41,23.65,16.86,1.92,31.62,0.36,41.18,25,20,1735,0.16,0.0,0.78,2.02,15.2,2.07,6.17,49.17,5.65,51.42,0.52,33.33
8,927083,Premier League,24/25,Brentford,Bryan Mbeumo,Forward,7.47,0.53,0.32,0.24,2.24,1.08,0.61,23.53,1.37,52.53,0.47,0.05,0.0,0.45,0.08,0.03,0.29,0.0,0.16,0.13,83.33,0.0,0.16,0.0,1.29,0.37,1.34,0,0.37,0.03,0.0,0.0,0.0,0.21,0.45,0.18,0.0,1.84,28.78,21.27,7.51,73.9,5.77,16.79,11.1,1.29,24.26,0.79,51.72,38,38,3415,0.08,0.0,0.66,1.16,17.37,1.24,4.72,46.37,3.8,52.17,0.92,31.82
9,1031251,Premier League,24/25,Tottenham Hotspur,Antonín Kinský,Goalkeeper,7.42,0.0,0.0,0.0,0.0,0.0,0.0,0.0,0.0,0.0,0.0,0.0,0.0,0.0,0.0,0.0,0.0,0.0,0.0,0.0,0.0,0.0,0.0,0.0,0.5,0.0,2.5,0,0.0,0.0,0.17,0.0,0.0,0.17,0.17,0.0,0.0,0.17,29.83,21.67,8.17,72.63,20.17,1.5,0.33,0.0,0.0,4.33,36.62,6,6,540,0.0,0.0,0.0,0.0,8.33,0.0,0.83,100.0,0.5,100.0,0.33,100.0
10,971037,Premier League,24/25,Manchester United,Amad Diallo,Forward,7.42,0.38,0.22,0.05,2.22,0.8,0.47,17.02,1.93,48.81,0.38,0.0,0.05,0.24,0.09,0.0,0.42,0.09,0.0,0.0,0.0,0.0,0.0,0.0,1.79,0.52,0.75,0,0.61,0.0,0.05,0.0,0.0,0.24,0.33,0.28,0.0,2.31,40.28,34.62,5.66,85.95,14.01,21.51,13.92,0.9,45.24,0.61,48.15,26,20,1908,0.24,0.0,0.99,1.32,13.3,1.65,5.52,48.15,5.05,49.08,0.47,40.0
11,171919,Premier League,24/25,Brentford,Mark Flekken,Goalkeeper,7.4,0.0,0.0,0.0,0.0,0.0,0.0,0.0,0.03,100.0,0.0,0.0,0.0,0.0,0.0,0.0,0.0,0.0,0.0,0.0,0.0,0.0,0.0,0.0,0.11,0.0,1.26,0,0.16,0.03,0.08,0.0,0.0,0.19,0.05,0.05,0.0,0.08,43.63,31.32,12.31,71.79,25.8,5.52,2.28,0.0,0.0,9.29,43.67,37,37,3276,0.03,0.0,0.0,0.08,12.8,0.0,0.33,66.67,0.22,57.14,0.11,100.0
12,70996,Premier League,24/25,Manchester City,Kevin De Bruyne,Midfielder,7.4,0.21,0.27,0.26,2.99,0.94,1.15,7.02,0.68,43.33,0.1,0.1,0.0,0.05,0.16,0.21,0.26,0.0,0.0,0.0,0.0,0.05,0.42,12.5,0.89,0.37,0.42,0,0.94,0.0,0.05,0.0,0.0,0.21,0.79,0.37,0.05,3.04,53.95,44.76,9.18,82.98,9.5,37.26,24.82,1.99,26.21,1.89,67.92,28,19,1715,0.1,0.0,0.89,0.94,18.89,1.47,2.78,35.81,2.52,37.8,0.26,23.81
13,331737,Premier League,24/25,Aston Villa,Youri Tielemans,Midfielder,7.38,0.09,0.1,0.09,1.22,0.39,0.42,7.32,0.92,62.0,0.09,0.0,0.06,0.03,0.0,0.03,0.0,0.0,0.03,0.0,0.0,0.0,0.0,0.0,2.49,0.68,1.37,0,0.98,0.0,0.12,0.0,0.0,0.12,0.47,0.21,0.03,1.84,57.38,49.33,8.04,85.98,19.83,30.4,14.01,0.89,25.21,2.4,62.31,36,35,3032,0.12,0.0,1.22,1.66,13.24,0.86,5.73,58.13,5.02,58.28,0.71,57.14
14,964994,Premier League,24/25,Manchester City,Joško Gvardiol,Defender,7.37,0.14,0.13,0.22,1.1,0.33,0.49,12.5,0.69,64.1,0.11,0.03,0.05,0.03,0.05,0.05,0.08,0.0,0.0,0.0,0.0,0.0,0.0,0.0,1.59,1.21,3.05,0,0.52,0.03,0.19,0.0,0.0,0.3,0.03,0.0,0.0,0.71,69.39,63.4,5.98,91.38,24.76,38.73,19.68,0.08,13.64,1.87,53.54,37,36,3279,0.05,0.0,0.44,0.74,9.0,0.44,4.5,60.97,3.02,63.58,1.48,56.25
15,856714,Premier League,24/25,Arsenal,Declan Rice,Midfielder,7.36,0.13,0.11,0.06,1.52,0.48,0.57,8.33,0.44,50.0,0.1,0.03,0.0,0.0,0.13,0.0,0.06,0.0,0.0,0.0,0.0,0.0,0.06,0.0,1.68,0.79,1.59,0,0.76,0.0,0.0,0.0,0.0,0.22,0.51,0.22,0.06,1.94,46.89,42.12,4.77,89.84,16.17,27.42,15.95,1.46,28.05,1.91,61.86,35,33,2833,0.16,0.03,0.67,0.51,11.37,1.02,3.81,50.85,2.61,47.67,1.21,59.38
16,873554,Premier League,24/25,Manchester City,Omar Marmoush,Forward,7.33,0.53,0.42,0.23,3.71,1.29,1.29,14.29,1.51,48.78,0.3,0.23,0.0,0.0,0.53,0.08,0.76,0.08,0.0,0.0,0.0,0.0,0.53,0.0,0.98,0.45,0.23,0,0.61,0.0,0.0,0.0,0.0,0.23,0.61,0.0,0.0,1.13,21.63,18.23,3.4,84.27,4.54,14.45,9.91,0.76,35.71,0.15,100.0,16,14,1190,0.0,0.0,1.13,1.51,11.72,1.44,4.39,43.94,4.01,45.69,0.38,31.25
17,974505,Premier League,24/25,Chelsea,Enzo Fernández,Midfielder,7.31,0.18,0.19,0.12,1.62,0.61,0.58,11.32,0.79,55.32,0.18,0.0,0.06,0.06,0.06,0.0,0.06,0.0,0.0,0.0,0.0,0.0,0.06,0.0,1.99,0.4,0.61,0,1.62,0.0,0.12,0.0,0.0,0.21,0.4,0.21,0.06,2.47,54.32,45.49,8.83,83.75,17.66,28.63,15.24,0.79,23.85,3.02,57.56,36,32,2946,0.24,0.0,1.59,1.65,14.11,0.86,4.86,46.63,4.4,49.15,0.46,31.25
18,547410,Premier League,24/25,Arsenal,Martin Ødegaard,Midfielder,7.31,0.12,0.19,0.15,1.89,0.66,0.5,6.12,0.97,43.86,0.08,0.04,0.0,0.12,0.0,0.08,0.04,0.0,0.04,0.04,100.0,0.0,0.12,0.0,0.73,0.23,0.19,0,0.81,0.0,0.04,0.0,0.0,0.19,0.5,0.31,0.04,2.47,53.7,46.66,7.04,86.9,12.29,35.06,23.66,0.7,20.93,1.51,68.42,30,26,2328,0.15,0.0,0.46,0.89,14.46,1.55,2.9,40.11,2.59,38.95,0.31,53.33
19,1046795,Premier League,24/25,Manchester City,Savinho,Midfielder,7.31,0.05,0.25,0.31,2.8,1.07,0.81,1.82,2.64,56.52,0.05,0.0,0.0,0.05,0.0,0.05,0.15,0.1,0.0,0.0,0.0,0.0,0.05,0.0,1.17,0.31,0.46,0,0.46,0.0,0.05,0.0,0.0,0.15,0.56,0.41,0.0,2.34,38.8,33.86,4.93,87.29,6.81,27.92,20.9,0.86,20.24,1.02,68.97,29,21,1770,0.15,0.0,0.86,1.42,14.95,1.93,5.29,49.76,5.24,50.0,0.05,33.33
20,356398,Premier League,24/25,Tottenham Hotspur,James Maddison,Midfielder,7.3,0.44,0.29,0.25,1.92,0.84,0.54,23.08,1.63,49.25,0.35,0.1,0.0,0.15,0.3,0.05,0.2,0.0,0.0,0.0,0.0,0.05,0.3,16.67,1.53,0.59,0.84,0,0.99,0.0,0.05,0.0,0.0,0.0,0.3,0.35,0.0,2.02,56.53,49.04,7.49,86.75,16.96,33.17,19.62,1.08,22.45,2.02,51.9,31,21,1826,0.3,0.0,1.58,3.15,15.67,1.23,6.56,52.99,6.31,53.78,0.25,38.46
21,859896,Premier League,24/25,Tottenham Hotspur,Brandon Austin,Goalkeeper,7.3,0.0,0.0,0.0,0.0,0.0,0.0,0.0,0.0,0.0,0.0,0.0,0.0,0.0,0.0,0.0,0.0,0.0,0.0,0.0,0.0,0.0,0.0,0.0,0.0,0.0,1.0,0,0.0,0.0,0.0,0.0,0.0,0.0,0.0,0.0,0.0,0.0,27.0,18.0,9.0,66.67,17.0,1.0,0.0,0.0,0.0,4.0,30.77,1,1,90,0.0,0.0,0.0,2.0,10.0,0.0,4.0,100.0,0.0,0.0,4.0,100.0
22,136710,Premier League,24/25,Manchester City,Mateo Kovačić,Midfielder,7.3,0.24,0.08,0.0,1.84,0.49,0.57,13.33,0.9,66.67,0.08,0.16,0.0,0.0,0.24,0.0,0.0,0.0,0.0,0.0,0.0,0.0,0.0,0.0,2.81,0.98,0.86,0,1.39,0.0,0.04,0.0,0.0,0.16,0.24,0.08,0.0,1.35,76.58,71.04,5.55,92.76,23.49,47.55,26.06,0.0,0.0,1.75,54.43,31,25,2207,0.2,0.04,0.98,1.06,8.24,1.18,5.18,54.51,4.77,54.67,0.41,52.63
23,145188,Premier League,24/25,Everton,James Tarkowski,Defender,7.3,0.03,0.04,0.06,0.46,0.12,0.22,6.67,0.15,71.43,0.03,0.0,0.0,0.0,0.03,0.06,0.06,0.0,0.0,0.0,0.0,0.0,0.0,0.0,1.97,1.26,6.43,0,0.46,0.03,0.09,0.03,0.0,0.31,0.15,0.03,0.0,0.49,39.31,32.07,7.23,81.6,22.56,9.51,4.09,0.0,0.0,3.94,54.47,33,33,2924,0.18,0.0,1.08,0.86,8.22,0.22,6.13,68.38,2.95,62.75,3.17,74.64
24,823941,Premier League,24/25,Newcastle United,Alexander Isak,Forward,7.29,0.75,0.66,0.59,3.22,1.5,0.98,23.23,1.37,47.19,0.65,0.1,0.13,0.07,0.55,0.1,0.65,0.03,0.13,0.13,100.0,0.0,0.1,0.0,0.39,0.1,0.55,0,0.33,0.0,0.03,0.0,0.0,0.1,0.36,0.2,0.0,1.37,21.39,16.48,4.91,77.05,4.91,11.67,8.32,0.1,18.75,0.49,57.69,34,34,2769,0.03,0.0,0.88,0.46,11.21,1.79,3.06,32.98,2.18,33.17,0.88,32.53
25,934386,Premier League,24/25,Manchester City,Jérémy Doku,Midfielder,7.29,0.18,0.08,0.0,1.7,0.53,0.41,10.34,6.28,64.07,0.12,0.06,0.0,0.0,0.18,0.0,0.29,0.0,0.0,0.0,0.0,0.0,0.0,0.0,1.82,0.23,0.12,0,0.41,0.0,0.0,0.0,0.0,0.18,0.47,0.35,0.0,1.88,41.1,34.7,6.4,84.43,4.29,31.06,22.43,0.65,18.64,0.29,83.33,29,16,1533,0.06,0.0,0.59,1.94,20.37,3.46,10.04,53.94,10.04,56.25,0.0,0.0
26,864921,Premier League,24/25,Crystal Palace,Eberechi Eze,Midfielder,7.28,0.28,0.36,0.28,3.53,1.0,1.11,7.84,2.32,51.94,0.21,0.07,0.0,0.0,0.28,0.17,0.31,0.0,0.07,0.03,50.0,0.0,0.55,0.0,1.35,0.38,0.28,0,0.66,0.0,0.1,0.0,0.0,0.07,0.38,0.28,0.03,2.04,31.64,25.79,5.85,81.51,11.56,15.23,8.27,1.0,25.89,1.25,55.38,34,31,2600,0.03,0.0,0.45,1.77,15.13,1.56,5.68,48.24,5.43,53.04,0.24,15.91
27,151545,Premier League,24/25,Liverpool FC,Virgil van Dijk,Defender,7.28,0.08,0.06,0.08,0.73,0.22,0.43,11.11,0.08,60.0,0.08,0.0,0.08,0.0,0.0,0.03,0.0,0.0,0.0,0.0,0.0,0.0,0.03,0.0,1.03,1.51,5.14,0,0.24,0.03,0.08,0.0,0.0,0.38,0.05,0.03,0.0,0.32,78.97,72.41,6.57,91.68,43.14,29.27,10.68,0.0,0.0,4.16,55.8,37,37,3330,0.14,0.0,0.46,0.35,7.14,0.14,4.68,68.65,1.46,62.07,3.22,72.12
28,352770,Premier League,24/25,Fulham,Alex Iwobi,Midfielder,7.27,0.27,0.13,0.09,2.04,0.87,0.57,13.24,1.44,53.33,0.18,0.09,0.0,0.12,0.15,0.06,0.15,0.0,0.0,0.0,0.0,0.0,0.0,0.0,1.32,0.42,0.84,0,0.36,0.0,0.03,0.0,0.0,0.06,0.36,0.18,0.03,1.8,41.36,33.1,8.27,80.01,10.55,23.3,15.27,0.75,19.84,1.71,53.77,38,35,2994,0.03,0.0,0.57,0.54,15.9,1.2,3.52,45.0,3.31,49.55,0.21,18.42
29,839956,Premier League,24/25,Manchester City,Erling Haaland,Forward,7.27,0.72,0.72,0.69,3.55,1.97,1.05,20.37,0.43,39.39,0.62,0.1,0.13,0.53,0.07,0.13,0.13,0.0,0.13,0.1,75.0,0.0,0.03,0.0,0.36,0.16,0.72,0,0.16,0.0,0.0,0.0,0.0,0.2,0.16,0.1,0.0,0.95,12.31,8.31,4.01,67.47,2.66,5.68,4.1,0.03,33.33,0.07,66.67,31,31,2741,0.07,0.0,0.79,0.43,7.16,0.89,3.09,42.92,1.21,33.33,1.87,52.78
30,111505,Premier League,24/25,Tottenham Hotspur,Son Heung-min,Forward,7.27,0.3,0.31,0.3,2.42,1.11,0.55,12.28,1.23,41.43,0.3,0.0,0.0,0.13,0.17,0.17,0.51,0.04,0.09,0.04,50.0,0.0,0.04,0.0,0.72,0.21,0.68,0,0.94,0.0,0.04,0.0,0.0,0.09,0.68,0.38,0.0,2.13,35.43,29.77,5.66,84.03,8.29,22.24,15.06,0.77,23.08,0.68,69.57,30,24,2116,0.04,0.0,0.26,1.19,12.55,1.36,3.4,41.45,3.15,42.29,0.26,33.33
31,795064,Premier League,24/25,Liverpool FC,Trent Alexander-Arnold,Defender,7.25,0.11,0.07,0.08,1.7,0.3,0.72,6.67,0.64,50.0,0.08,0.04,0.0,0.04,0.08,0.11,0.04,0.0,0.0,0.0,0.0,0.0,0.11,0.0,2.73,1.17,1.82,0,2.12,0.0,0.15,0.0,0.0,0.15,0.57,0.23,0.11,2.12,61.19,47.56,13.63,77.72,18.89,30.14,17.8,1.48,25.49,4.77,42.14,33,28,2377,0.19,0.0,0.42,0.34,21.85,0.57,3.82,47.42,3.71,49.75,0.11,18.75
32,869792,Premier League,24/25,Arsenal,Gabriel Magalhães,Defender,7.24,0.11,0.1,0.15,0.84,0.19,0.38,13.64,0.15,80.0,0.11,0.0,0.11,0.0,0.0,0.04,0.0,0.04,0.0,0.0,0.0,0.0,0.0,0.0,0.95,0.61,3.39,0,0.15,0.0,0.08,0.0,0.0,0.38,0.08,0.04,0.0,0.49,61.95,56.21,5.75,90.72,31.17,25.04,10.69,0.0,0.0,2.17,42.54,28,28,2365,0.15,0.0,0.72,0.72,6.58,0.08,3.84,61.59,1.75,64.79,2.09,59.14
33,1136730,Premier League,24/25,Newcastle United,Lewis Hall,Defender,7.24,0.0,0.02,0.0,0.45,0.04,0.25,0.0,0.45,61.11,0.0,0.0,0.0,0.0,0.0,0.0,0.04,0.0,0.0,0.0,0.0,0.0,0.0,0.0,2.38,0.74,2.09,0,1.4,0.0,0.12,0.0,0.0,0.29,0.21,0.16,0.0,1.4,53.91,46.03,7.88,85.38,23.53,23.85,11.7,1.35,30.0,2.3,49.56,27,24,2192,0.12,0.0,0.37,0.86,14.53,0.82,4.93,54.3,3.7,56.25,1.23,49.18
34,895324,Premier League,24/25,Liverpool FC,Alexis Mac Allister,Midfielder,7.24,0.17,0.1,0.07,1.31,0.48,0.38,13.16,0.55,43.24,0.1,0.07,0.07,0.03,0.07,0.07,0.07,0.0,0.0,0.0,0.0,0.0,0.03,0.0,3.28,0.76,1.0,0,1.69,0.03,0.0,0.0,0.0,0.31,0.21,0.17,0.0,1.55,49.16,42.88,6.28,87.22,14.29,29.34,15.02,0.76,25.58,1.69,56.32,35,30,2607,0.21,0.0,2.14,1.38,11.25,0.76,5.87,47.62,5.21,49.83,0.66,35.19
35,987650,Premier League,24/25,Chelsea,Moisés Caicedo,Midfielder,7.24,0.03,0.02,0.0,0.54,0.08,0.21,5.0,0.78,56.86,0.03,0.0,0.0,0.0,0.03,0.03,0.0,0.05,0.0,0.0,0.0,0.0,0.0,0.0,3.06,1.31,1.42,0,0.86,0.0,0.03,0.03,0.0,0.27,0.13,0.05,0.0,0.8,57.74,52.05,5.69,90.15,23.28,28.88,13.25,0.11,40.0,2.57,63.16,38,38,3356,0.29,0.0,1.88,1.56,8.34,0.67,6.33,58.85,5.36,57.97,0.97,64.29
36,859765,Premier League,24/25,Manchester City,Phil Foden,Midfielder,7.24,0.35,0.26,0.15,2.72,0.81,1.01,12.96,0.71,37.84,0.35,0.0,0.0,0.35,0.0,0.05,0.15,0.0,0.0,0.0,0.0,0.0,0.1,0.0,0.66,0.45,0.35,0,0.55,0.05,0.0,0.0,0.0,0.05,0.35,0.1,0.0,2.17,42.96,38.07,4.89,88.62,9.68,29.95,18.3,1.56,38.75,1.71,77.27,28,20,1785,0.1,0.0,0.25,1.71,12.2,1.56,3.23,44.76,3.08,46.56,0.15,25.0
37,138530,Premier League,24/25,Everton,Jordan Pickford,Goalkeeper,7.24,0.0,0.0,0.0,0.0,0.0,0.0,0.0,0.0,0.0,0.0,0.0,0.0,0.0,0.0,0.03,0.0,0.0,0.0,0.0,0.0,0.0,0.0,0.0,0.03,0.03,1.37,0,0.03,0.03,0.03,0.0,0.0,0.32,0.03,0.03,0.0,0.05,37.5,23.66,13.84,63.09,16.95,6.71,3.37,0.0,0.0,9.55,40.97,38,38,3420,0.18,0.0,0.0,0.18,14.21,0.0,0.34,86.67,0.13,83.33,0.21,88.89
38,883537,Premier League,24/25,Liverpool FC,Luis Díaz,Midfielder,7.23,0.49,0.45,0.41,2.65,1.12,0.71,18.31,1.98,50.96,0.49,0.0,0.07,0.11,0.26,0.07,0.37,0.07,0.0,0.0,0.0,0.0,0.0,0.0,1.46,0.26,0.26,0,0.9,0.0,0.04,0.0,0.0,0.15,0.3,0.19,0.0,2.09,30.85,26.55,4.29,86.08,5.27,21.7,14.12,0.41,34.38,1.27,85.0,36,28,2410,0.07,0.0,1.79,1.16,11.24,1.83,5.08,39.53,4.56,41.78,0.52,26.92
39,1176744,Premier League,24/25,Bournemouth,Dean Huijsen,Defender,7.23,0.11,0.07,0.07,0.67,0.15,0.3,16.67,0.07,40.0,0.11,0.0,0.11,0.0,0.0,0.04,0.07,0.0,0.0,0.0,0.0,0.0,0.0,0.0,1.34,1.9,7.21,0,0.41,0.04,0.11,0.0,0.0,0.26,0.11,0.07,0.0,0.56,59.49,50.09,9.4,84.2,27.42,22.74,9.51,0.07,16.67,4.76,49.23,32,26,2422,0.37,0.0,1.15,0.37,10.92,0.04,4.31,56.31,1.78,51.06,2.53,60.71
40,865912,Premier League,24/25,Nottingham Forest,Morgan Gibbs-White,Midfielder,7.23,0.22,0.2,0.1,1.95,0.7,0.83,11.48,0.99,46.97,0.19,0.03,0.06,0.03,0.13,0.0,0.22,0.03,0.0,0.0,0.0,0.0,0.13,0.0,1.37,0.73,0.92,0,0.51,0.0,0.03,0.0,0.0,0.1,0.32,0.26,0.03,1.66,38.69,31.22,7.46,80.71,9.12,22.52,13.17,0.41,28.89,1.63,62.2,34,34,2822,0.29,0.03,1.21,1.28,13.75,1.4,4.91,45.03,3.6,45.93,1.31,42.71
41,331209,Premier League,24/25,Manchester City,Bernardo Silva,Midfielder,7.23,0.13,0.13,0.1,1.08,0.4,0.3,12.5,0.94,51.85,0.13,0.0,0.0,0.1,0.03,0.0,0.1,0.0,0.0,0.0,0.0,0.0,0.0,0.0,1.89,0.77,1.01,0,1.04,0.0,0.1,0.0,0.0,0.3,0.3,0.13,0.0,1.79,56.54,50.31,6.23,88.97,19.51,31.2,19.95,0.4,20.0,1.55,54.12,33,29,2671,0.24,0.0,0.91,1.08,10.85,1.15,4.08,48.99,3.91,50.22,0.17,31.25
42,866469,Premier League,24/25,Newcastle United,Bruno Guimarães,Midfielder,7.22,0.14,0.12,0.05,1.23,0.41,0.58,11.11,0.93,55.74,0.11,0.03,0.05,0.0,0.08,0.03,0.05,0.0,0.0,0.0,0.0,0.0,0.0,0.0,2.28,0.8,1.1,0,0.99,0.05,0.08,0.0,0.0,0.14,0.33,0.16,0.03,1.45,48.21,40.34,7.87,83.67,15.96,24.57,14.59,0.19,25.0,2.36,53.09,38,38,3282,0.19,0.0,1.78,2.96,13.19,2.08,6.66,52.37,6.14,52.58,0.52,50.0
43,945122,Premier League,24/25,Manchester City,Matheus Nunes,Defender,7.2,0.05,0.07,0.11,0.48,0.21,0.16,11.11,1.02,57.58,0.05,0.0,0.0,0.0,0.05,0.0,0.32,0.0,0.0,0.0,0.0,0.0,0.0,0.0,1.87,0.8,1.61,0,1.18,0.05,0.05,0.05,0.0,0.37,0.37,0.32,0.0,1.23,57.73,51.26,6.47,88.79,17.93,33.92,19.9,0.59,24.44,1.44,60.0,26,19,1682,0.21,0.0,1.61,1.07,12.36,0.7,4.71,47.57,3.91,48.67,0.8,42.86
44,907072,Premier League,24/25,Brentford,Mikkel Damsgaard,Midfielder,7.2,0.06,0.09,0.12,1.08,0.22,0.4,5.71,1.54,58.14,0.06,0.0,0.0,0.0,0.06,0.0,0.18,0.0,0.0,0.0,0.0,0.0,0.09,0.0,2.55,0.83,0.89,0,1.54,0.0,0.06,0.0,0.0,0.06,0.46,0.31,0.03,1.97,42.08,32.67,9.41,77.63,11.44,22.33,13.72,1.11,25.0,1.88,49.19,38,34,2926,0.06,0.0,0.55,0.83,17.5,1.45,5.29,49.14,4.92,51.61,0.37,30.0
45,552884,Premier League,24/25,West Ham United,Jarrod Bowen,Midfielder,7.2,0.39,0.26,0.24,2.63,1.12,0.66,14.94,1.33,36.67,0.36,0.03,0.06,0.33,0.0,0.03,0.3,0.0,0.03,0.03,100.0,0.0,0.03,0.0,1.24,0.48,0.63,0,0.63,0.0,0.0,0.0,0.0,0.15,0.33,0.24,0.03,1.57,21.15,16.74,4.41,79.14,5.26,12.3,7.07,0.82,25.47,0.57,76.0,34,34,2979,0.03,0.0,0.6,1.54,13.9,2.33,4.47,38.05,4.11,41.34,0.36,20.0
46,862967,Premier League,24/25,Liverpool FC,Cody Gakpo,Midfielder,7.19,0.46,0.33,0.28,2.64,1.06,1.11,17.54,1.43,59.62,0.37,0.09,0.14,0.0,0.32,0.05,0.23,0.05,0.0,0.0,0.0,0.0,0.0,0.0,1.3,0.56,0.74,0,0.56,0.0,0.05,0.0,0.0,0.05,0.51,0.19,0.0,1.76,25.31,21.19,4.12,83.73,3.84,17.86,11.57,0.51,14.86,0.6,72.22,35,23,1945,0.23,0.0,0.93,1.43,11.34,1.11,4.95,50.95,4.16,53.89,0.79,39.53
47,935543,Premier League,24/25,Everton,Dwight McNeil,Midfielder,7.19,0.26,0.07,0.07,1.64,0.65,0.59,16.0,1.57,54.55,0.07,0.2,0.0,0.26,0.0,0.0,0.07,0.0,0.0,0.0,0.0,0.0,0.0,0.0,0.85,0.39,0.13,0,0.78,0.0,0.07,0.0,0.0,0.2,0.78,0.39,0.0,2.42,33.03,27.27,5.76,82.57,8.11,21.72,10.99,2.55,37.14,1.05,43.24,21,15,1376,0.07,0.0,0.39,1.18,15.57,2.16,3.79,39.73,3.6,43.65,0.2,15.0
48,934354,Premier League,24/25,Bournemouth,Antoine Semenyo,Midfielder,7.19,0.31,0.28,0.34,3.51,1.15,1.12,8.8,1.94,54.76,0.28,0.03,0.0,0.14,0.17,0.14,0.42,0.03,0.0,0.0,0.0,0.0,0.0,0.0,1.54,0.31,0.95,0,0.76,0.03,0.03,0.0,0.0,0.17,0.31,0.14,0.0,1.29,27.96,21.88,6.09,78.23,5.1,17.0,10.74,0.22,13.56,0.56,36.36,37,36,3209,0.25,0.0,2.05,1.04,14.72,2.16,6.37,42.35,4.49,40.82,1.88,46.53
49,913654,Premier League,24/25,Tottenham Hotspur,Pedro Porro,Defender,7.19,0.07,0.05,0.0,1.34,0.27,0.65,5.13,0.48,36.84,0.07,0.0,0.03,0.0,0.03,0.1,0.03,0.0,0.0,0.0,0.0,0.0,0.14,0.0,2.27,1.24,2.51,0,1.13,0.0,0.07,0.0,0.0,0.17,0.34,0.21,0.0,1.96,49.43,37.59,11.84,76.04,16.96,22.69,12.77,2.06,30.61,2.88,41.38,33,28,2622,0.17,0.0,0.86,1.13,19.81,0.62,4.29,50.4,3.88,53.05,0.41,34.29
50,1199282,Premier League,24/25,Nottingham Forest,Murillo,Defender,7.19,0.06,0.04,0.06,0.71,0.17,0.39,8.0,0.76,72.97,0.06,0.0,0.03,0.03,0.0,0.06,0.0,0.0,0.0,0.0,0.0,0.0,0.08,0.0,1.49,1.02,6.83,0,0.54,0.03,0.06,0.03,0.0,0.31,0.06,0.0,0.0,0.37,40.05,31.84,8.21,79.51,18.87,13.14,6.09,0.17,42.86,3.38,41.81,36,36,3191,0.17,0.0,0.76,0.17,9.9,0.28,3.67,59.63,2.43,56.95,1.24,65.67
51,958916,Premier League,24/25,Brentford,Nathan Collins,Defender,7.18,0.05,0.07,0.11,0.45,0.16,0.21,11.76,0.16,54.55,0.05,0.0,0.03,0.03,0.0,0.0,0.16,0.05,0.0,0.0,0.0,0.0,0.0,0.0,1.05,0.89,5.79,0,0.37,0.03,0.05,0.0,0.0,0.21,0.11,0.08,0.0,0.26,51.61,44.55,7.05,86.33,31.0,13.61,4.47,0.05,25.0,2.11,43.48,38,38,3420,0.13,0.0,0.76,0.82,8.24,0.21,5.11,61.01,1.97,58.14,3.13,62.96
52,122951,Premier League,24/25,Manchester United,Casemiro,Midfielder,7.18,0.06,0.11,0.06,1.9,0.59,0.89,3.13,0.18,50.0,0.06,0.0,0.06,0.0,0.0,0.06,0.24,0.0,0.0,0.0,0.0,0.0,0.0,0.0,4.94,0.83,2.86,0,1.73,0.12,0.06,0.0,0.0,0.18,0.18,0.0,0.0,1.31,57.11,45.8,11.3,80.21,22.96,23.32,11.48,0.48,40.0,2.91,53.85,24,18,1513,0.3,0.0,1.19,1.13,13.98,0.59,8.39,63.51,6.07,62.2,2.32,67.24
53,851596,Premier League,24/25,Bournemouth,Justin Kluivert,Midfielder,7.16,0.46,0.39,0.23,2.41,1.11,0.88,19.05,1.38,47.37,0.34,0.11,0.0,0.04,0.42,0.08,0.19,0.04,0.23,0.23,100.0,0.0,0.0,0.0,0.88,0.53,0.88,0,0.69,0.0,0.04,0.0,0.0,0.04,0.23,0.23,0.04,1.76,25.98,21.05,4.93,81.03,4.58,17.27,12.11,0.8,24.71,0.88,60.53,34,29,2356,0.31,0.0,1.8,1.26,12.53,1.03,3.82,38.76,3.51,41.44,0.31,22.22
54,805123,Premier League,24/25,Brentford,Yoane Wissa,Forward,7.16,0.58,0.57,0.52,2.77,1.32,0.8,21.11,0.46,38.46,0.58,0.0,0.12,0.15,0.31,0.03,0.43,0.03,0.0,0.0,0.0,0.0,0.0,0.0,0.68,0.25,0.58,0,0.49,0.0,0.09,0.0,0.0,0.15,0.09,0.12,0.0,0.86,17.31,13.74,3.57,79.4,4.89,8.89,6.12,0.03,5.0,0.46,46.88,35,34,2927,0.15,0.0,1.05,1.57,8.64,1.08,3.63,44.87,2.71,44.67,0.92,45.45
55,975079,Premier League,24/25,Brighton & Hove Albion,João Pedro,Forward,7.15,0.46,0.41,0.32,2.17,0.92,0.6,21.28,1.34,38.16,0.46,0.0,0.05,0.05,0.37,0.05,0.09,0.14,0.23,0.23,100.0,0.0,0.0,0.0,0.74,0.41,0.55,0,0.32,0.0,0.0,0.05,0.0,0.09,0.51,0.28,0.0,1.38,28.85,21.52,7.33,74.6,5.62,16.18,10.6,0.28,27.27,0.65,58.33,27,23,1953,0.18,0.05,1.2,2.12,15.9,1.75,6.08,45.05,4.15,44.12,1.94,47.19
56,318941,Premier League,24/25,Manchester City,Rúben Dias,Defender,7.15,0.0,0.06,0.04,0.83,0.28,0.36,0.0,0.08,66.67,0.0,0.0,0.0,0.0,0.0,0.0,0.0,0.0,0.0,0.0,0.0,0.0,0.0,0.0,0.67,0.79,2.77,0,0.24,0.0,0.16,0.04,0.04,0.44,0.0,0.0,0.0,0.2,91.43,85.72,5.7,93.76,42.29,43.44,18.17,0.0,0.0,3.29,55.7,27,25,2273,0.16,0.0,0.48,0.32,6.34,0.04,2.53,54.24,1.07,57.45,1.47,52.11
57,31867,Premier League,24/25,Brighton & Hove Albion,Jason Steele,Goalkeeper,7.15,0.0,0.0,0.0,0.0,0.0,0.0,0.0,0.0,0.0,0.0,0.0,0.0,0.0,0.0,0.0,0.0,0.0,0.0,0.0,0.0,0.0,0.0,0.0,0.0,0.0,1.5,0,0.0,0.0,0.0,0.0,0.0,0.5,0.0,0.0,0.0,0.0,52.5,47.0,5.5,89.52,46.0,1.0,0.0,0.0,0.0,7.0,60.87,2,2,180,0.0,0.0,0.0,0.5,5.5,0.0,1.0,66.67,0.5,100.0,0.5,50.0
58,316148,Premier League,24/25,Arsenal,Thomas Partey,Midfielder,7.15,0.13,0.07,0.1,0.83,0.29,0.38,15.38,0.77,72.73,0.03,0.1,0.0,0.0,0.13,0.0,0.03,0.0,0.0,0.0,0.0,0.0,0.0,0.0,2.85,1.12,1.41,0,0.96,0.0,0.13,0.0,0.0,0.22,0.1,0.06,0.0,0.64,58.95,52.26,6.7,88.64,23.0,29.32,15.12,0.06,16.67,1.86,55.24,35,31,2809,0.13,0.0,1.44,0.99,9.39,0.54,5.51,57.33,4.61,59.02,0.9,50.0
59,45502,Premier League,24/25,Southampton,Alex McCarthy,Goalkeeper,7.14,0.0,0.0,0.0,0.0,0.0,0.0,0.0,0.0,0.0,0.0,0.0,0.0,0.0,0.0,0.0,0.0,0.0,0.0,0.0,0.0,0.0,0.0,0.0,0.0,0.0,0.6,0,0.0,0.4,0.4,0.0,0.0,0.0,0.0,0.0,0.0,0.0,25.2,17.6,7.6,69.84,13.8,3.8,1.2,0.0,0.0,5.2,44.83,5,5,450,0.0,0.0,0.0,0.2,7.8,0.0,0.6,100.0,0.2,100.0,0.4,100.0
60,232422,Premier League,24/25,Bournemouth,Kepa Arrizabalaga,Goalkeeper,7.14,0.0,0.0,0.0,0.03,0.0,0.03,0.0,0.03,100.0,0.0,0.0,0.0,0.0,0.0,0.0,0.0,0.0,0.0,0.0,0.0,0.0,0.0,0.0,0.03,0.0,1.16,0,0.06,0.03,0.06,0.06,0.0,0.26,0.0,0.0,0.0,0.03,29.06,20.45,8.61,70.37,17.03,3.42,0.84,0.0,0.0,5.65,40.14,31,31,2790,0.1,0.0,0.06,0.19,8.87,0.0,0.48,75.0,0.23,63.64,0.26,88.89
61,867442,Premier League,24/25,Nottingham Forest,Callum Hudson Odoi,Midfielder,7.14,0.2,0.1,0.04,1.5,0.69,0.37,13.51,1.5,67.27,0.04,0.16,0.0,0.0,0.2,0.08,0.32,0.04,0.0,0.0,0.0,0.0,0.0,0.0,0.89,0.53,0.49,0,0.24,0.0,0.04,0.0,0.0,0.12,0.12,0.08,0.04,1.83,30.64,27.15,3.49,88.61,5.96,21.87,14.73,0.69,21.52,1.06,57.78,31,25,2218,0.08,0.0,0.49,1.01,9.82,0.93,3.53,56.13,3.41,59.15,0.12,23.08
62,869856,Premier League,24/25,Liverpool FC,Dominik Szoboszlai,Midfielder,7.14,0.22,0.26,0.29,2.42,0.83,0.69,8.96,0.76,55.26,0.18,0.04,0.0,0.18,0.04,0.04,0.14,0.0,0.0,0.0,0.0,0.0,0.14,0.0,1.37,0.32,0.5,0,1.01,0.0,0.07,0.0,0.0,0.29,0.43,0.22,0.0,2.02,44.82,38.44,6.38,85.76,15.58,23.33,13.88,0.47,31.71,1.95,65.06,36,29,2496,0.22,0.0,1.59,0.87,10.28,0.83,3.68,43.22,2.99,42.78,0.69,45.24
63,803174,Premier League,24/25,Fulham,Antonee Robinson,Defender,7.14,0.0,0.02,0.03,0.45,0.06,0.26,0.0,1.08,52.78,0.0,0.0,0.0,0.0,0.0,0.0,0.2,0.0,0.0,0.0,0.0,0.0,0.0,0.0,2.7,1.76,3.5,0,1.42,0.06,0.0,0.0,0.0,0.14,0.17,0.28,0.03,1.25,46.26,37.46,8.81,80.96,17.99,20.66,11.2,1.19,24.71,1.9,47.52,36,35,3167,0.23,0.0,0.88,0.57,16.65,0.57,5.77,55.77,4.29,52.8,1.48,66.67
64,859999,Premier League,24/25,Manchester United,Lisandro Martínez,Defender,7.14,0.1,0.07,0.1,0.87,0.31,0.26,11.76,0.31,85.71,0.05,0.05,0.0,0.1,0.0,0.0,0.0,0.0,0.0,0.0,0.0,0.0,0.0,0.0,2.05,1.64,2.77,0,0.77,0.0,0.05,0.0,0.0,0.26,0.15,0.05,0.0,0.46,67.42,60.7,6.72,90.03,40.59,20.27,8.06,0.15,33.33,2.26,43.14,20,20,1754,0.36,0.0,1.13,0.36,7.54,0.15,3.54,56.1,2.72,56.38,0.82,55.17
65,78152,Premier League,24/25,Nottingham Forest,Matz Sels,Goalkeeper,7.13,0.0,0.0,0.0,0.0,0.0,0.0,0.0,0.0,0.0,0.0,0.0,0.0,0.0,0.0,0.0,0.0,0.0,0.0,0.0,0.0,0.0,0.0,0.0,0.03,0.0,1.42,0,0.0,0.03,0.0,0.03,0.0,0.34,0.03,0.0,0.0,0.05,23.74,11.53,12.21,48.56,5.63,5.89,1.61,0.0,0.0,6.82,35.97,38,38,3420,0.11,0.0,0.03,0.26,12.61,0.0,0.68,89.66,0.24,90.0,0.45,89.47
66,839410,Premier League,24/25,Southampton,Aaron Ramsdale,Goalkeeper,7.13,0.0,0.0,0.0,0.0,0.0,0.0,0.0,0.0,0.0,0.0,0.0,0.0,0.0,0.0,0.0,0.0,0.0,0.0,0.0,0.0,0.0,0.0,0.0,0.0,0.07,0.93,0,0.1,0.0,0.1,0.0,0.0,0.1,0.0,0.0,0.0,0.0,36.23,21.53,14.7,59.43,15.97,5.57,2.17,0.0,0.0,7.5,34.35,30,30,2700,0.07,0.0,0.03,0.13,15.07,0.0,0.37,78.57,0.1,50.0,0.27,100.0
67,863653,Premier League,24/25,West Ham United,Aaron Wan-Bissaka,Defender,7.13,0.06,0.03,0.03,0.46,0.14,0.23,12.5,1.83,59.81,0.06,0.0,0.0,0.0,0.06,0.0,0.14,0.0,0.0,0.0,0.0,0.0,0.0,0.0,2.0,1.88,3.17,0,0.26,0.0,0.0,0.0,0.03,0.14,0.2,0.14,0.0,0.94,42.89,35.5,7.39,82.77,16.29,19.66,10.9,0.46,21.05,0.86,37.04,36,35,3154,0.03,0.0,0.71,0.77,12.9,0.63,5.22,58.1,4.57,61.78,0.66,41.07
68,372336,Premier League,24/25,Newcastle United,Jacob Murphy,Forward,7.13,0.3,0.22,0.19,1.63,0.57,0.61,18.6,1.32,53.03,0.3,0.0,0.0,0.0,0.3,0.11,0.11,0.04,0.0,0.0,0.0,0.0,0.0,0.0,1.06,0.49,1.1,0,0.91,0.04,0.0,0.0,0.0,0.08,0.61,0.45,0.0,1.59,31.93,24.1,7.83,75.47,7.83,17.1,11.61,0.83,18.33,0.91,41.38,35,31,2379,0.15,0.0,0.42,0.57,15.85,1.4,3.14,41.09,2.95,43.09,0.19,23.81
69,355528,Premier League,24/25,Fulham,Harry Wilson,Midfielder,7.12,0.46,0.33,0.15,3.33,1.32,1.16,13.95,0.7,47.37,0.39,0.08,0.23,0.23,0.0,0.15,0.08,0.08,0.0,0.0,0.0,0.0,0.08,0.0,1.55,0.54,0.7,0,0.46,0.0,0.08,0.0,0.0,0.0,0.15,0.08,0.08,1.63,30.88,24.07,6.81,77.94,6.66,18.26,11.53,0.85,26.83,1.16,41.67,25,12,1163,0.15,0.0,0.93,1.7,12.15,0.46,4.33,51.38,3.95,60.71,0.39,20.0
70,361004,Premier League,24/25,Aston Villa,Marco Asensio,Midfielder,7.11,0.36,0.54,0.48,2.9,1.33,0.97,12.5,1.45,70.59,0.36,0.0,0.0,0.36,0.0,0.12,0.24,0.0,0.24,0.0,0.0,0.0,0.12,0.0,0.85,0.24,0.36,0,0.72,0.0,0.0,0.0,0.0,0.24,0.12,0.12,0.0,1.93,32.86,28.39,4.47,86.4,7.25,21.99,14.38,0.85,18.42,0.6,50.0,13,9,745,0.24,0.0,1.33,0.97,11.36,0.97,3.26,46.55,3.26,48.21,0.0,0.0
71,836168,Premier League,24/25,Nottingham Forest,Nikola Milenković,Defender,7.11,0.14,0.11,0.11,0.78,0.22,0.43,17.24,0.03,100.0,0.14,0.0,0.05,0.0,0.05,0.0,0.05,0.0,0.0,0.0,0.0,0.0,0.0,0.0,1.38,0.73,5.62,0,0.19,0.0,0.03,0.0,0.0,0.35,0.05,0.05,0.0,0.24,27.73,22.97,4.76,82.85,16.14,6.84,2.14,0.0,0.0,2.54,52.51,37,37,3330,0.11,0.0,0.54,0.14,5.11,0.05,4.27,70.22,1.54,67.86,2.73,71.63
72,42209,Premier League,24/25,Newcastle United,Martin Dúbravka,Goalkeeper,7.11,0.0,0.0,0.0,0.0,0.0,0.0,0.0,0.0,0.0,0.0,0.0,0.0,0.0,0.0,0.0,0.0,0.0,0.0,0.0,0.0,0.0,0.0,0.0,0.0,0.0,0.5,0,0.0,0.0,0.0,0.0,0.0,0.5,0.0,0.0,0.0,0.0,27.8,21.1,6.7,75.9,19.7,1.4,0.4,0.0,0.0,2.9,30.21,10,10,900,0.0,0.0,0.0,0.1,6.8,0.0,0.5,100.0,0.1,100.0,0.4,100.0
73,877994,Premier League,24/25,Crystal Palace,Marc Guéhi,Defender,7.1,0.09,0.06,0.06,0.44,0.21,0.06,20.0,0.35,85.71,0.09,0.0,0.0,0.06,0.03,0.0,0.03,0.0,0.0,0.0,0.0,0.0,0.0,0.0,1.79,0.82,4.59,0,0.47,0.0,0.06,0.0,0.09,0.32,0.15,0.06,0.0,0.47,51.21,43.09,8.12,84.15,26.97,16.21,5.94,0.09,23.08,3.32,45.75,34,34,3060,0.21,0.03,0.71,0.79,9.74,0.53,4.94,59.15,2.91,63.46,2.03,53.91
74,1116593,Premier League,24/25,Crystal Palace,Matheus França,Forward,7.1,1.73,0.43,0.0,10.38,5.19,5.19,16.67,0.0,0.0,1.73,0.0,1.73,0.0,0.0,0.0,0.0,0.0,0.0,0.0,0.0,0.0,0.0,0.0,3.46,1.73,1.73,0,0.0,0.0,0.0,0.0,0.0,0.0,0.0,0.0,0.0,0.0,24.23,17.31,6.92,71.43,6.92,10.38,8.65,0.0,0.0,0.0,0.0,4,0,52,0.0,0.0,0.0,0.0,17.31,0.0,5.19,60.0,3.46,100.0,1.73,33.33
75,927359,Premier League,24/25,Liverpool FC,Vítězslav Jaroš,Goalkeeper,7.1,0.0,0.0,0.0,0.0,0.0,0.0,0.0,0.0,0.0,0.0,0.0,0.0,0.0,0.0,0.0,0.0,0.0,0.0,0.0,0.0,0.0,0.0,0.0,0.0,0.0,8.18,0,0.0,0.0,0.0,0.0,0.0,0.0,0.0,0.0,0.0,0.0,49.09,32.73,16.36,66.67,0.0,32.73,16.36,0.0,0.0,32.73,66.67,1,0,11,0.0,0.0,0.0,0.0,16.36,0.0,0.0,0.0,0.0,0.0,0.0,0.0
76,888971,Premier League,24/25,Ipswich Town,Arijanet Murić,Goalkeeper,7.09,0.0,0.0,0.0,0.0,0.0,0.0,0.0,0.0,0.0,0.0,0.0,0.0,0.0,0.0,0.0,0.0,0.0,0.0,0.0,0.0,0.0,0.0,0.0,0.0,0.0,1.11,0,0.11,0.28,0.0,0.0,0.0,0.06,0.0,0.0,0.0,0.0,29.67,20.22,9.44,68.16,16.56,3.67,1.83,0.0,0.0,5.17,36.61,18,18,1620,0.06,0.0,0.0,0.22,10.17,0.06,0.83,78.95,0.22,57.14,0.61,91.67
77,162653,Premier League,24/25,Newcastle United,Nick Pope,Goalkeeper,7.09,0.0,0.0,0.0,0.0,0.0,0.0,0.0,0.0,0.0,0.0,0.0,0.0,0.0,0.0,0.0,0.0,0.0,0.0,0.0,0.0,0.0,0.0,0.0,0.0,0.04,1.89,0,0.0,0.07,0.11,0.07,0.0,0.29,0.0,0.0,0.0,0.04,21.07,13.75,7.32,65.25,11.71,2.04,0.36,0.0,0.0,2.82,28.32,28,28,2520,0.07,0.0,0.07,0.18,7.43,0.04,0.57,80.0,0.07,50.0,0.5,87.5
78,19314,Premier League,24/25,Tottenham Hotspur,Fraser Forster,Goalkeeper,7.09,0.0,0.0,0.0,0.0,0.0,0.0,0.0,0.14,100.0,0.0,0.0,0.0,0.0,0.0,0.0,0.0,0.0,0.0,0.0,0.0,0.0,0.0,0.0,0.0,0.0,1.0,0,0.14,0.0,0.43,0.0,0.0,0.14,0.0,0.0,0.0,0.0,23.86,19.71,4.14,82.63,19.29,0.43,0.14,0.0,0.0,2.14,39.47,7,7,630,0.0,0.0,0.0,0.0,4.43,0.0,0.29,66.67,0.14,50.0,0.14,100.0
79,135256,Premier League,24/25,Brentford,Christian Nørgaard,Midfielder,7.09,0.16,0.14,0.19,1.24,0.51,0.35,12.82,0.22,58.33,0.16,0.0,0.1,0.0,0.06,0.03,0.03,0.0,0.0,0.0,0.0,0.0,0.0,0.0,2.51,1.56,2.04,0,1.05,0.0,0.03,0.0,0.0,0.13,0.1,0.13,0.0,0.57,44.35,36.68,7.67,82.71,18.42,18.42,9.07,0.16,29.41,2.07,52.85,34,34,2829,0.25,0.03,1.4,0.89,10.28,0.64,5.19,55.25,3.53,52.61,1.65,61.9
80,243609,Premier League,24/25,Liverpool FC,Alisson,Goalkeeper,7.09,0.0,0.0,0.0,0.0,0.0,0.0,0.0,0.04,100.0,0.0,0.0,0.0,0.0,0.0,0.0,0.0,0.0,0.0,0.0,0.0,0.0,0.0,0.0,0.04,0.0,1.11,0,0.04,0.04,0.0,0.0,0.0,0.32,0.04,0.0,0.0,0.04,29.74,24.0,5.74,80.7,22.2,1.79,0.61,0.0,0.0,3.12,36.25,28,28,2509,0.0,0.0,0.0,0.07,5.95,0.0,0.39,91.67,0.14,80.0,0.25,100.0
81,1106451,Premier League,24/25,Bournemouth,Dango Ouattara,Midfielder,7.09,0.31,0.37,0.54,2.77,0.89,1.25,11.29,1.74,53.42,0.31,0.0,0.09,0.13,0.09,0.13,0.63,0.0,0.0,0.0,0.0,0.0,0.04,0.0,1.57,0.49,2.15,0,1.07,0.0,0.0,0.0,0.0,0.09,0.45,0.18,0.0,1.57,22.14,14.58,7.56,65.86,4.25,11.09,6.8,0.76,19.32,0.4,24.32,32,21,2012,0.13,0.0,0.72,0.85,17.27,1.43,6.17,45.1,4.12,46.94,2.06,41.82
82,870360,Premier League,24/25,Crystal Palace,Daniel Muñoz,Midfielder,7.09,0.11,0.14,0.22,1.03,0.5,0.36,10.81,0.58,38.89,0.11,0.0,0.03,0.0,0.08,0.03,0.42,0.0,0.0,0.0,0.0,0.0,0.0,0.0,3.42,1.22,2.62,0,1.17,0.0,0.03,0.0,0.0,0.31,0.19,0.14,0.03,1.31,31.65,23.77,7.88,75.11,11.3,13.0,6.96,0.53,25.68,0.78,36.84,37,37,3233,0.28,0.0,1.56,0.53,13.33,0.56,6.15,49.44,4.54,52.58,1.61,42.34
83,998490,Premier League,24/25,Bournemouth,Evanilson,Forward,7.08,0.39,0.48,0.54,2.81,1.23,0.96,13.7,0.27,46.67,0.39,0.0,0.04,0.08,0.23,0.08,0.77,0.19,0.04,0.0,0.0,0.0,0.0,0.0,0.62,0.04,0.81,0,0.15,0.0,0.0,0.0,0.0,0.08,0.08,0.04,0.0,1.0,13.14,9.4,3.74,71.55,2.31,7.09,4.32,0.0,0.0,0.31,57.14,31,28,2335,0.04,0.04,1.43,2.04,6.63,0.93,4.55,47.01,2.93,52.05,1.62,40.0
84,826215,Premier League,24/25,Liverpool FC,Ibrahima Konaté,Defender,7.08,0.04,0.06,0.07,0.67,0.14,0.39,5.26,0.11,60.0,0.04,0.0,0.04,0.0,0.0,0.0,0.0,0.0,0.0,0.0,0.0,0.0,0.0,0.0,1.4,0.6,4.39,0,0.35,0.04,0.07,0.0,0.0,0.39,0.07,0.07,0.0,0.35,66.56,60.11,6.46,90.3,36.25,23.86,7.68,0.0,0.0,1.58,36.89,31,30,2565,0.18,0.0,0.95,0.7,6.98,0.07,4.81,66.18,2.18,61.39,2.63,70.75
85,1085180,Premier League,24/25,Tottenham Hotspur,Brennan Johnson,Forward,7.08,0.45,0.43,0.37,2.22,0.82,0.95,20.37,0.78,46.34,0.45,0.0,0.0,0.12,0.33,0.16,0.49,0.08,0.0,0.0,0.0,0.0,0.0,0.0,1.61,0.16,0.41,0,0.74,0.0,0.0,0.0,0.0,0.04,0.16,0.12,0.0,0.78,23.51,17.83,5.68,75.83,4.82,13.26,8.52,0.25,11.32,0.16,23.53,33,24,2186,0.21,0.0,1.11,1.07,10.58,0.7,3.75,47.4,3.46,50.91,0.29,25.93
86,135666,Premier League,24/25,Arsenal,Leandro Trossard,Forward,7.08,0.28,0.25,0.32,2.53,0.77,0.77,11.11,1.34,50.67,0.28,0.0,0.0,0.11,0.18,0.04,0.21,0.0,0.0,0.0,0.0,0.0,0.0,0.0,1.09,0.32,0.49,0,0.77,0.0,0.0,0.0,0.0,0.18,0.46,0.25,0.0,1.44,30.01,24.17,5.84,80.54,6.37,18.4,11.72,0.6,19.77,0.99,53.85,38,28,2558,0.07,0.04,0.95,1.62,14.11,1.83,4.26,43.06,4.05,45.82,0.21,20.0
87,45853,Premier League,24/25,Manchester City,İlkay Gündoğan,Midfielder,7.08,0.04,0.13,0.24,1.08,0.28,0.48,3.7,0.68,51.52,0.04,0.0,0.0,0.0,0.04,0.08,0.04,0.04,0.0,0.0,0.0,0.0,0.08,0.0,1.0,0.52,0.88,0,0.56,0.0,0.0,0.0,0.0,0.12,0.16,0.24,0.0,1.77,65.59,60.58,5.02,92.35,23.12,37.93,20.63,0.48,20.0,2.09,69.33,33,25,2242,0.04,0.0,0.6,1.08,10.0,1.0,3.33,50.61,2.77,49.64,0.56,56.0
88,15479,Premier League,24/25,West Ham United,Łukasz Fabiański,Goalkeeper,7.08,0.0,0.0,0.0,0.0,0.0,0.0,0.0,0.23,100.0,0.0,0.0,0.0,0.0,0.0,0.0,0.0,0.0,0.0,0.0,0.0,0.0,0.0,0.0,0.0,0.0,1.09,0,0.08,0.08,0.0,0.16,0.0,0.16,0.0,0.0,0.0,0.0,34.03,21.63,12.4,63.55,16.98,4.65,1.09,0.0,0.0,7.13,36.65,14,13,1161,0.16,0.0,0.16,0.08,12.64,0.0,0.62,66.67,0.31,66.67,0.31,66.67
89,829932,Premier League,24/25,Tottenham Hotspur,Cristian Romero,Defender,7.07,0.06,0.1,0.19,1.01,0.51,0.38,6.25,0.06,33.33,0.06,0.0,0.06,0.0,0.0,0.06,0.13,0.0,0.0,0.0,0.0,0.0,0.0,0.0,2.22,1.33,3.3,0,0.57,0.06,0.06,0.0,0.0,0.13,0.06,0.0,0.06,0.51,76.75,68.83,7.92,89.68,41.45,27.44,9.19,0.06,33.33,2.98,48.96,18,18,1420,0.19,0.0,0.89,0.76,9.32,0.32,5.64,60.96,2.98,61.04,2.66,60.87
90,845286,Premier League,24/25,Crystal Palace,Ismaïla Sarr,Forward,7.07,0.26,0.35,0.56,1.95,0.96,0.66,13.56,0.56,32.69,0.26,0.0,0.03,0.0,0.23,0.07,0.36,0.03,0.0,0.0,0.0,0.0,0.0,0.0,0.73,0.3,1.26,0,0.56,0.0,0.0,0.0,0.0,0.1,0.56,0.2,0.07,1.52,22.51,15.76,6.75,70.0,4.77,11.42,7.12,0.43,23.64,0.33,37.04,38,30,2719,0.13,0.0,0.46,1.85,13.37,1.42,4.37,45.21,3.14,46.8,1.22,41.57
91,553606,Premier League,24/25,Tottenham Hotspur,Guglielmo Vicario,Goalkeeper,7.07,0.0,0.0,0.0,0.0,0.0,0.0,0.0,0.04,100.0,0.0,0.0,0.0,0.0,0.0,0.0,0.0,0.0,0.0,0.0,0.0,0.0,0.0,0.0,0.0,0.04,1.38,0,0.0,0.04,0.21,0.0,0.0,0.17,0.0,0.0,0.0,0.0,31.42,27.0,4.42,85.94,26.08,0.92,0.17,0.0,0.0,2.29,38.73,24,24,2160,0.04,0.0,0.0,0.08,4.58,0.0,0.5,100.0,0.08,100.0,0.42,100.0
92,158263,Premier League,24/25,Aston Villa,Emiliano Martínez,Goalkeeper,7.07,0.0,0.0,0.0,0.0,0.0,0.0,0.0,0.03,100.0,0.0,0.0,0.0,0.0,0.0,0.0,0.0,0.0,0.0,0.0,0.0,0.0,0.0,0.0,0.08,0.0,0.56,0,0.0,0.03,0.14,0.0,0.0,0.23,0.03,0.0,0.0,0.06,35.14,27.06,8.08,77.0,23.26,3.8,1.21,0.0,0.0,5.69,42.44,37,37,3196,0.14,0.03,0.06,0.17,8.36,0.0,0.56,90.91,0.25,90.0,0.31,91.67
93,322391,Premier League,24/25,Bournemouth,Ryan Christie,Midfielder,7.07,0.08,0.09,0.0,1.39,0.51,0.34,6.06,0.97,51.11,0.04,0.04,0.0,0.08,0.0,0.08,0.04,0.0,0.0,0.0,0.0,0.0,0.0,0.0,2.28,1.27,2.07,0,1.56,0.0,0.13,0.0,0.0,0.17,0.21,0.13,0.0,1.73,42.19,34.63,7.56,82.08,14.02,21.2,11.49,0.59,29.17,2.28,44.63,29,27,2131,0.38,0.0,1.82,1.31,13.18,1.06,5.41,45.39,4.48,45.89,0.93,43.14
94,962012,Premier League,24/25,Brighton & Hove Albion,Jan Paul van Hecke,Defender,7.07,0.03,0.04,0.03,0.52,0.15,0.24,5.88,0.15,55.56,0.03,0.0,0.03,0.0,0.0,0.03,0.0,0.0,0.0,0.0,0.0,0.0,0.0,0.0,1.37,0.73,4.23,0,0.55,0.03,0.03,0.0,0.0,0.21,0.09,0.0,0.0,0.46,68.87,60.93,7.94,88.48,35.82,25.27,10.09,0.15,45.45,4.17,53.73,34,33,2960,0.18,0.03,0.76,0.73,8.91,0.21,4.74,60.0,2.22,57.94,2.52,61.94
95,1013842,Premier League,24/25,Wolverhampton,Emmanuel Agbadou,Defender,7.06,0.06,0.05,0.0,0.45,0.13,0.26,14.29,0.64,83.33,0.06,0.0,0.06,0.0,0.0,0.0,0.06,0.0,0.0,0.0,0.0,0.0,0.06,0.0,1.91,0.77,5.68,0,0.45,0.0,0.0,0.0,0.0,0.26,0.0,0.0,0.0,0.26,63.53,54.54,8.99,85.84,40.5,14.03,3.89,0.0,0.0,4.85,51.7,16,16,1411,0.19,0.0,0.45,0.26,10.08,0.26,4.46,63.64,2.81,68.75,1.66,56.52
96,1103589,Premier League,24/25,Leicester City,Abdul Fatawu Issahaku,Midfielder,7.06,0.0,0.07,0.16,2.03,0.78,0.94,0.0,4.52,50.88,0.0,0.0,0.0,0.0,0.0,0.16,0.31,0.0,0.0,0.0,0.0,0.0,0.0,0.0,3.28,0.62,1.87,0,1.25,0.0,0.0,0.0,0.0,0.0,0.31,0.31,0.0,0.94,24.64,16.85,7.8,68.35,7.64,10.14,5.46,0.94,20.0,1.72,55.0,11,6,577,0.0,0.0,1.72,3.12,21.21,1.87,13.1,54.55,10.92,55.12,2.18,51.85
97,796143,Premier League,24/25,Ipswich Town,Alex Palmer,Goalkeeper,7.06,0.0,0.0,0.0,0.0,0.0,0.0,0.0,0.0,0.0,0.0,0.0,0.0,0.0,0.0,0.0,0.0,0.0,0.0,0.0,0.0,0.0,0.0,0.0,0.0,0.0,1.62,0,0.0,0.0,0.0,0.0,0.0,0.0,0.0,0.0,0.0,0.08,28.31,18.77,9.54,66.3,13.85,4.92,1.62,0.0,0.0,6.31,40.0,13,13,1170,0.15,0.0,0.08,0.31,9.69,0.0,0.69,100.0,0.31,100.0,0.38,100.0
98,892673,Premier League,24/25,Newcastle United,Sandro Tonali,Midfielder,7.06,0.14,0.15,0.1,1.2,0.41,0.34,11.43,0.68,58.82,0.1,0.03,0.0,0.03,0.1,0.1,0.07,0.03,0.0,0.0,0.0,0.0,0.1,0.0,1.74,1.16,1.03,0,0.89,0.0,0.07,0.0,0.0,0.34,0.14,0.07,0.0,0.96,50.05,43.0,7.05,85.92,20.73,22.82,11.56,0.55,29.63,1.74,53.68,36,28,2631,0.17,0.0,1.27,1.68,10.95,0.79,4.52,54.1,4.1,54.79,0.41,48.0
99,1097425,Premier League,24/25,Bournemouth,Miloš Kerkez,Defender,7.06,0.05,0.02,0.0,0.51,0.13,0.16,10.53,0.59,56.41,0.05,0.0,0.0,0.05,0.0,0.03,0.08,0.0,0.0,0.0,0.0,0.0,0.0,0.0,1.4,1.21,2.67,0,0.38,0.03,0.08,0.0,0.0,0.24,0.22,0.13,0.03,1.0,36.36,29.25,7.11,80.44,12.06,18.23,9.29,1.05,27.46,1.18,29.53,38,38,3342,0.11,0.0,0.81,1.35,14.19,0.59,4.09,53.52,3.34,59.9,0.75,36.36
100,826139,Premier League,24/25,Fulham,Reiss Nelson,Midfielder,7.05,0.18,0.2,0.18,2.21,1.11,0.55,8.33,2.4,50.0,0.18,0.0,0.0,0.0,0.18,0.0,0.18,0.0,0.0,0.0,0.0,0.0,0.0,0.0,1.66,0.92,0.37,0,1.66,0.0,0.0,0.0,0.0,0.0,0.37,0.18,0.0,2.4,44.82,40.94,3.87,91.36,10.33,32.27,20.29,1.66,39.13,0.37,33.33,12,5,488,0.18,0.0,1.29,1.84,14.02,1.48,5.9,43.84,5.9,46.38,0.0,0.0
101,254491,Premier League,24/25,Manchester City,Ederson,Goalkeeper,7.05,0.0,0.0,0.0,0.0,0.0,0.0,0.0,0.0,0.0,0.0,0.0,0.0,0.0,0.0,0.0,0.0,0.0,0.0,0.0,0.0,0.0,0.0,0.0,0.0,0.04,0.62,0,0.08,0.08,0.08,0.04,0.0,0.39,0.16,0.16,0.0,0.16,31.6,27.26,4.34,86.26,24.93,2.33,1.01,0.0,0.0,5.39,57.92,26,26,2321,0.16,0.0,0.04,0.0,4.38,0.0,0.19,55.56,0.04,25.0,0.16,80.0
102,192442,Premier League,24/25,Fulham,Raúl Jiménez,Forward,7.05,0.43,0.43,0.5,3.45,1.19,1.44,12.5,0.75,44.68,0.43,0.0,0.11,0.11,0.22,0.07,0.54,0.04,0.11,0.11,100.0,0.0,0.04,0.0,1.26,0.36,0.83,0,0.5,0.0,0.11,0.0,0.0,0.0,0.22,0.11,0.0,0.86,22.1,16.13,5.96,73.01,5.75,10.56,6.36,0.18,21.74,0.75,60.0,38,30,2505,0.14,0.0,1.4,1.47,11.89,1.62,6.75,45.74,3.45,44.04,3.31,47.67
103,914902,Premier League,24/25,Newcastle United,Anthony Gordon,Forward,7.05,0.22,0.3,0.37,2.17,0.7,0.77,10.17,1.4,44.71,0.22,0.0,0.0,0.04,0.18,0.04,0.29,0.04,0.07,0.04,50.0,0.0,0.04,0.0,1.18,0.26,0.18,0,0.92,0.07,0.04,0.0,0.0,0.07,0.22,0.18,0.04,1.91,29.79,24.12,5.67,80.96,6.7,18.56,12.19,1.14,23.66,0.81,57.89,34,28,2444,0.07,0.0,0.74,2.61,14.36,1.4,5.49,51.92,5.19,52.03,0.29,50.0
104,895576,Premier League,24/25,Bournemouth,Marcus Tavernier,Midfielder,7.05,0.14,0.25,0.28,2.65,0.79,1.07,5.26,1.3,47.46,0.14,0.0,0.0,0.05,0.09,0.19,0.19,0.0,0.0,0.0,0.0,0.0,0.19,0.0,2.0,0.23,0.42,0,0.79,0.0,0.0,0.0,0.0,0.0,0.42,0.23,0.0,2.0,36.78,29.54,7.24,80.3,7.15,23.64,15.0,1.25,25.0,1.39,62.5,29,20,1938,0.28,0.0,1.58,1.3,17.32,2.18,5.8,43.71,4.6,43.61,1.21,44.07
105,794939,Premier League,24/25,Chelsea,Marc Cucurella,Defender,7.05,0.15,0.08,0.06,0.72,0.36,0.21,20.83,0.12,30.77,0.12,0.03,0.06,0.06,0.03,0.0,0.09,0.0,0.0,0.0,0.0,0.0,0.0,0.0,2.02,0.84,2.41,0,0.87,0.06,0.03,0.0,0.0,0.27,0.09,0.03,0.0,0.57,49.15,43.62,5.54,88.73,21.4,22.36,10.41,0.15,16.13,1.29,39.81,36,33,2990,0.24,0.03,1.11,1.14,8.49,0.21,4.24,50.54,3.28,57.37,0.96,35.96
106,826134,Premier League,24/25,Chelsea,Trevoh Chalobah,Defender,7.05,0.14,0.09,0.09,0.82,0.32,0.41,16.67,0.36,72.73,0.14,0.0,0.05,0.0,0.09,0.0,0.05,0.0,0.0,0.0,0.0,0.0,0.0,0.0,1.41,1.32,4.72,0,0.55,0.09,0.09,0.0,0.0,0.23,0.23,0.05,0.0,0.36,49.7,42.89,6.81,86.29,26.8,16.13,5.54,0.05,10.0,2.27,40.98,25,23,1981,0.14,0.0,0.86,1.0,8.31,0.41,4.82,58.89,2.77,58.65,2.04,59.21
107,190877,Premier League,24/25,Fulham,Kenny Tete,Defender,7.04,0.0,0.07,0.05,1.21,0.1,0.51,0.0,0.46,60.0,0.0,0.0,0.0,0.0,0.0,0.0,0.05,0.0,0.0,0.0,0.0,0.0,0.0,0.0,2.83,1.62,3.14,0,0.76,0.0,0.0,0.0,0.0,0.1,0.05,0.1,0.0,0.46,38.8,32.18,6.63,82.92,14.17,18.52,9.66,0.51,26.32,1.57,46.27,22,21,1779,0.25,0.0,1.77,0.81,11.08,0.51,5.31,54.97,4.0,55.24,1.32,54.17
108,979232,Premier League,24/25,Nottingham Forest,Anthony Elanga,Forward,7.04,0.22,0.16,0.22,1.58,0.86,0.47,13.64,0.9,39.06,0.18,0.04,0.0,0.18,0.04,0.04,0.65,0.0,0.0,0.0,0.0,0.0,0.22,0.0,0.68,0.22,0.72,0,0.43,0.0,0.0,0.0,0.0,0.11,0.32,0.39,0.0,1.79,22.69,17.63,5.06,77.69,4.31,14.86,8.97,1.54,23.24,0.39,50.0,38,31,2507,0.04,0.0,0.32,1.69,16.33,1.54,4.13,45.1,3.27,46.91,0.86,39.34
109,879674,Premier League,24/25,Crystal Palace,Maxence Lacroix,Defender,7.04,0.03,0.1,0.09,0.87,0.17,0.55,3.33,0.23,66.67,0.03,0.0,0.03,0.0,0.0,0.03,0.03,0.0,0.0,0.0,0.0,0.0,0.0,0.0,1.96,1.56,5.86,0,0.43,0.06,0.0,0.03,0.0,0.32,0.12,0.03,0.0,0.23,42.37,34.72,7.65,81.95,25.66,9.12,2.74,0.06,28.57,3.12,45.38,35,35,3118,0.14,0.0,0.98,0.55,8.69,0.17,4.47,58.94,2.71,61.84,1.76,54.95
110,941168,Premier League,24/25,Arsenal,William Saliba,Defender,7.04,0.06,0.07,0.06,0.18,0.09,0.06,33.33,0.36,66.67,0.06,0.0,0.0,0.03,0.0,0.0,0.03,0.0,0.0,0.0,0.0,0.0,0.0,0.0,1.83,0.62,3.49,0,0.21,0.03,0.18,0.03,0.0,0.36,0.03,0.0,0.0,0.21,75.38,71.3,4.08,94.58,46.23,25.07,7.93,0.0,0.0,2.07,63.64,35,35,3041,0.06,0.03,0.83,0.5,5.33,0.24,4.5,64.14,2.66,65.69,1.83,62.0
111,931278,Premier League,24/25,Wolverhampton,Rayan Aït-Nouri,Defender,7.04,0.12,0.08,0.09,1.04,0.37,0.23,11.11,1.81,52.94,0.12,0.0,0.0,0.09,0.03,0.03,0.17,0.0,0.0,0.0,0.0,0.0,0.0,0.0,2.56,0.75,1.9,0,0.78,0.03,0.03,0.0,0.0,0.0,0.23,0.2,0.03,1.35,39.62,34.35,5.27,86.71,15.48,19.59,9.49,0.72,26.6,0.6,32.31,37,37,3128,0.14,0.03,0.86,1.32,12.31,1.35,6.33,53.92,5.7,55.62,0.63,42.31
112,362682,Premier League,24/25,Fulham,Joachim Andersen,Defender,7.04,0.0,0.04,0.0,0.68,0.2,0.27,0.0,0.14,100.0,0.0,0.0,0.0,0.0,0.0,0.0,0.0,0.0,0.0,0.0,0.0,0.0,0.0,0.0,0.95,1.15,6.52,0,0.34,0.03,0.0,0.03,0.03,0.14,0.03,0.0,0.0,0.14,69.42,57.59,11.83,82.96,35.76,21.93,8.89,0.1,23.08,7.0,46.62,30,30,2663,0.24,0.03,0.68,0.64,12.78,0.14,4.16,62.76,1.59,58.75,2.57,65.52
113,1017392,Premier League,24/25,Everton,Carlos Alcaraz,Midfielder,7.04,0.23,0.21,0.12,3.16,1.4,1.05,7.41,1.05,50.0,0.23,0.0,0.12,0.0,0.12,0.0,0.12,0.0,0.0,0.0,0.0,0.0,0.12,0.0,1.29,0.7,1.17,0,0.94,0.0,0.0,0.0,0.0,0.0,0.7,0.35,0.12,1.75,31.68,26.42,5.26,83.39,7.95,19.05,10.75,0.58,41.67,1.87,66.67,16,7,770,0.47,0.0,1.64,1.4,10.64,1.52,5.49,47.47,3.74,42.67,1.75,62.5
114,855647,Premier League,24/25,Newcastle United,Harvey Barnes,Forward,7.04,0.46,0.37,0.31,3.21,1.07,0.97,14.29,1.22,42.11,0.41,0.05,0.0,0.1,0.36,0.0,0.25,0.0,0.0,0.0,0.0,0.0,0.0,0.0,0.82,0.31,0.56,0,0.41,0.05,0.0,0.0,0.0,0.15,0.41,0.2,0.0,1.33,27.93,22.93,4.99,82.12,6.68,16.97,11.57,0.71,29.79,0.41,57.14,33,17,1766,0.0,0.0,0.76,1.12,11.47,1.17,3.47,41.98,3.11,43.57,0.36,31.82
115,581310,Premier League,24/25,Arsenal,David Raya,Goalkeeper,7.04,0.0,0.0,0.0,0.0,0.0,0.0,0.0,0.03,100.0,0.0,0.0,0.0,0.0,0.0,0.0,0.0,0.0,0.0,0.0,0.0,0.0,0.0,0.0,0.0,0.05,0.76,0,0.05,0.0,0.24,0.03,0.0,0.34,0.0,0.0,0.0,0.03,32.42,22.89,9.53,70.62,18.87,4.03,1.55,0.0,0.0,4.5,32.95,38,38,3420,0.08,0.0,0.03,0.26,9.84,0.0,0.63,88.89,0.26,76.92,0.37,100.0
116,914309,Premier League,24/25,Everton,Iliman Ndiaye,Midfielder,7.04,0.33,0.23,0.11,1.36,0.66,0.33,24.32,2.51,51.52,0.33,0.0,0.0,0.11,0.22,0.0,0.18,0.0,0.07,0.07,100.0,0.0,0.0,0.0,1.95,0.74,0.55,0,1.0,0.04,0.0,0.0,0.0,0.26,0.11,0.0,0.0,0.66,25.49,21.65,3.84,84.95,7.86,14.16,8.08,0.37,26.32,0.55,68.18,33,29,2440,0.11,0.0,0.89,1.92,11.25,1.62,6.6,50.42,6.31,52.13,0.3,29.63
117,904897,Premier League,24/25,Liverpool FC,Ryan Gravenberch,Midfielder,7.04,0.0,0.03,0.03,0.57,0.14,0.23,0.0,1.05,55.22,0.0,0.0,0.0,0.0,0.0,0.0,0.0,0.0,0.0,0.0,0.0,0.0,0.0,0.0,1.96,1.7,1.62,0,0.68,0.0,0.06,0.0,0.0,0.31,0.09,0.11,0.0,0.74,54.09,48.41,5.68,89.5,21.73,26.79,12.61,0.11,57.14,1.16,49.4,37,37,3168,0.17,0.03,1.34,1.48,9.2,0.74,5.23,56.79,4.49,55.63,0.74,65.0
118,920546,Premier League,24/25,Chelsea,Robert Sánchez,Goalkeeper,7.03,0.0,0.0,0.0,0.0,0.0,0.0,0.0,0.0,0.0,0.0,0.0,0.0,0.0,0.0,0.0,0.0,0.0,0.0,0.0,0.0,0.0,0.0,0.0,0.0,0.06,1.12,0,0.03,0.16,0.16,0.06,0.0,0.31,0.0,0.0,0.0,0.06,32.88,21.47,11.41,65.3,19.62,1.84,1.06,0.0,0.0,4.25,27.93,32,32,2880,0.16,0.0,0.06,0.12,11.81,0.0,0.5,84.21,0.12,57.14,0.38,100.0
119,50480,Premier League,24/25,Nottingham Forest,Chris Wood,Forward,7.03,0.6,0.4,0.45,2.06,1.06,0.64,29.41,0.12,33.33,0.57,0.03,0.24,0.09,0.27,0.03,0.85,0.0,0.09,0.09,100.0,0.0,0.0,0.0,0.18,0.15,0.85,0,0.24,0.0,0.03,0.0,0.0,0.03,0.09,0.09,0.0,0.67,14.64,9.5,5.14,64.88,3.42,6.11,3.24,0.03,100.0,0.42,63.64,36,35,2976,0.03,0.0,0.76,0.73,8.65,0.85,3.87,37.65,1.03,34.0,2.84,39.17
120,592010,Premier League,24/25,Arsenal,Mikel Merino,Midfielder,7.03,0.39,0.33,0.45,2.14,0.85,0.9,18.42,0.51,47.37,0.39,0.0,0.23,0.11,0.06,0.11,0.39,0.0,0.0,0.0,0.0,0.0,0.0,0.0,2.59,0.85,1.3,0,0.9,0.0,0.11,0.0,0.0,0.17,0.17,0.11,0.06,1.01,31.45,25.13,6.31,79.93,9.24,16.12,10.2,0.23,30.77,0.51,56.25,28,17,1597,0.11,0.06,2.31,1.3,10.59,1.52,7.72,47.9,4.34,45.56,3.38,51.28
121,994546,Premier League,24/25,Nottingham Forest,Elliot Anderson,Midfielder,7.03,0.07,0.07,0.0,1.31,0.23,0.43,5.0,1.18,54.55,0.0,0.07,0.0,0.0,0.07,0.0,0.13,0.0,0.0,0.0,0.0,0.0,0.0,0.0,3.02,1.02,2.23,0,2.07,0.0,0.13,0.0,0.0,0.07,0.23,0.2,0.0,1.21,42.31,34.82,7.48,82.31,13.65,21.93,11.29,0.75,26.74,1.48,42.45,37,33,2742,0.33,0.0,1.61,1.9,14.57,1.61,7.94,52.38,6.07,49.33,1.87,65.52
122,910046,Premier League,24/25,Newcastle United,Sven Botman,Defender,7.03,0.0,0.13,0.22,1.08,0.43,0.0,0.0,0.22,50.0,0.0,0.0,0.0,0.0,0.0,0.0,0.0,0.0,0.0,0.0,0.0,0.0,0.0,0.0,2.58,1.08,5.38,0,0.43,0.0,0.22,0.0,0.0,0.22,0.22,0.0,0.0,0.43,52.75,47.15,5.6,89.39,31.65,15.5,3.66,0.0,0.0,1.51,50.0,8,6,418,0.22,0.0,1.08,0.86,7.11,0.22,7.32,65.38,3.66,70.83,3.66,60.71
123,927356,Premier League,24/25,Nottingham Forest,Neco Williams,Defender,7.03,0.03,0.08,0.1,1.28,0.24,0.48,2.7,0.62,48.65,0.03,0.0,0.0,0.0,0.03,0.03,0.07,0.0,0.0,0.0,0.0,0.0,0.03,0.0,3.12,1.07,4.16,0,1.14,0.03,0.07,0.0,0.0,0.24,0.07,0.1,0.0,0.62,29.43,23.96,5.47,81.41,10.11,14.3,7.96,0.45,22.03,1.0,32.22,35,28,2599,0.24,0.0,0.83,1.49,12.22,0.73,6.61,60.44,5.23,61.38,1.39,57.14
124,966547,Premier League,24/25,Chelsea,Noni Madueke,Midfielder,7.03,0.31,0.42,0.61,3.5,1.4,1.09,8.75,1.97,49.45,0.31,0.0,0.04,0.17,0.09,0.17,0.22,0.0,0.0,0.0,0.0,0.0,0.0,0.0,1.09,0.44,0.44,0,1.05,0.0,0.0,0.0,0.0,0.09,0.26,0.13,0.09,1.49,26.17,21.89,4.28,83.64,6.38,15.99,9.87,0.48,17.46,0.57,65.0,32,27,2060,0.13,0.0,0.96,1.09,12.45,1.09,4.63,44.54,4.15,45.67,0.48,36.67
125,836705,Premier League,24/25,Arsenal,Kai Havertz,Forward,7.03,0.43,0.46,0.72,2.55,1.01,1.1,16.98,0.43,27.27,0.38,0.05,0.05,0.24,0.1,0.0,0.67,0.0,0.0,0.0,0.0,0.0,0.0,0.0,0.77,0.29,1.54,0,0.53,0.0,0.05,0.0,0.0,0.34,0.14,0.14,0.0,0.82,24.06,19.21,4.85,79.84,4.95,14.36,9.85,0.1,18.18,0.05,20.0,23,21,1874,0.24,0.0,1.82,1.1,9.89,1.1,5.33,39.22,2.21,33.33,3.12,44.83
126,799041,Premier League,24/25,West Ham United,Tomáš Souček,Midfielder,7.02,0.32,0.24,0.21,1.93,0.63,0.95,16.36,0.21,50.0,0.32,0.0,0.11,0.14,0.07,0.04,0.14,0.04,0.0,0.0,0.0,0.0,0.0,0.0,1.61,0.7,2.94,0,0.63,0.0,0.04,0.0,0.0,0.18,0.04,0.04,0.04,0.53,33.23,24.86,8.37,74.82,12.57,12.36,6.02,0.07,14.29,1.72,59.76,35,30,2570,0.28,0.0,1.65,0.88,10.33,0.53,6.16,52.69,2.63,47.47,3.54,57.39
127,979563,Premier League,24/25,Everton,Jarrad Branthwaite,Defender,7.02,0.0,0.04,0.07,0.36,0.11,0.14,0.0,0.11,60.0,0.0,0.0,0.0,0.0,0.0,0.0,0.04,0.0,0.0,0.0,0.0,0.0,0.0,0.0,1.28,0.96,6.7,0,0.29,0.07,0.07,0.0,0.0,0.29,0.07,0.04,0.0,0.11,42.2,34.97,7.24,82.85,22.28,12.69,4.28,0.0,0.0,3.03,45.21,30,28,2525,0.14,0.0,0.43,0.64,8.13,0.14,4.21,63.44,2.0,69.14,2.21,59.05
128,879349,Premier League,24/25,Chelsea,Pedro Neto,Midfielder,7.01,0.16,0.14,0.12,2.33,0.67,0.63,6.78,1.34,42.5,0.12,0.04,0.0,0.16,0.0,0.04,0.12,0.0,0.0,0.0,0.0,0.0,0.0,0.0,0.91,0.36,0.16,0,0.47,0.0,0.0,0.0,0.0,0.16,0.43,0.24,0.0,1.85,28.84,25.57,3.27,88.65,6.19,21.03,12.43,1.66,28.19,0.91,62.16,35,24,2281,0.32,0.0,0.83,1.3,12.7,1.18,3.99,42.08,3.51,45.18,0.47,27.91
129,303638,Premier League,24/25,Aston Villa,Tyrone Mings,Defender,7.01,0.0,0.07,0.08,0.72,0.08,0.48,0.0,0.16,66.67,0.0,0.0,0.0,0.0,0.0,0.0,0.0,0.0,0.0,0.0,0.0,0.0,0.0,0.0,0.56,0.56,4.74,0,0.0,0.0,0.08,0.0,0.0,0.24,0.08,0.0,0.0,0.24,54.19,47.85,6.34,88.3,31.23,16.62,5.38,0.0,0.0,2.17,44.26,14,12,1121,0.08,0.0,0.32,0.88,6.82,0.08,3.77,63.51,1.53,82.61,2.25,54.9
130,786259,Premier League,24/25,Liverpool FC,Kostas Tsimikas,Defender,7.01,0.0,0.04,0.11,0.42,0.21,0.11,0.0,0.53,50.0,0.0,0.0,0.0,0.0,0.0,0.0,0.11,0.0,0.0,0.0,0.0,0.0,0.0,0.0,3.29,1.17,1.8,0,0.95,0.0,0.0,0.0,0.0,0.21,0.53,0.11,0.11,1.8,55.65,50.67,4.98,91.05,23.85,28.3,15.05,1.48,21.88,2.54,66.67,18,9,849,0.21,0.0,0.95,0.64,12.61,0.42,4.98,57.32,4.45,60.87,0.53,38.46
131,307284,Premier League,24/25,Wolverhampton,Mario Lemina,Midfielder,7.01,0.07,0.09,0.07,1.19,0.33,0.59,5.56,0.66,71.43,0.07,0.0,0.0,0.0,0.07,0.0,0.26,0.0,0.0,0.0,0.0,0.0,0.0,0.0,3.37,1.78,3.24,0,0.59,0.0,0.2,0.07,0.0,0.07,0.2,0.2,0.0,0.66,38.89,31.63,7.26,81.32,19.02,12.94,5.15,0.33,50.0,2.51,52.78,17,15,1363,0.26,0.0,1.12,0.53,10.37,0.73,6.21,62.25,4.56,62.73,1.65,60.98
132,805465,Premier League,24/25,Brighton & Hove Albion,Pervis Estupiñán,Midfielder,7.01,0.04,0.04,0.04,1.05,0.34,0.41,3.57,0.71,59.38,0.0,0.04,0.0,0.04,0.0,0.0,0.11,0.0,0.0,0.0,0.0,0.04,0.11,33.33,2.43,1.39,2.13,0,0.64,0.0,0.07,0.0,0.0,0.11,0.19,0.04,0.0,0.97,48.99,43.26,5.73,88.3,21.69,23.11,10.94,1.54,34.45,0.97,44.07,30,26,2403,0.19,0.0,1.35,0.75,13.03,1.01,5.62,55.76,3.9,53.06,1.72,63.01
133,1006387,Premier League,24/25,Brentford,Kevin Schade,Midfielder,7.01,0.43,0.32,0.35,2.14,1.05,0.62,20.0,1.17,36.59,0.43,0.0,0.16,0.12,0.16,0.12,0.51,0.04,0.0,0.0,0.0,0.0,0.0,0.0,1.52,0.19,1.17,0,0.39,0.0,0.0,0.0,0.0,0.08,0.31,0.08,0.0,0.9,17.46,11.23,6.24,64.29,2.61,8.81,6.35,0.19,13.16,0.27,63.64,38,26,2309,0.12,0.0,0.82,1.48,14.54,1.4,7.68,49.75,4.17,47.35,3.51,52.94
134,189061,Premier League,24/25,Manchester City,Jack Grealish,Midfielder,7.01,0.12,0.14,0.0,1.84,0.61,0.49,6.67,1.59,59.09,0.12,0.0,0.0,0.0,0.12,0.0,0.0,0.0,0.0,0.0,0.0,0.0,0.0,0.0,1.1,0.24,0.61,0,0.37,0.12,0.0,0.0,0.0,0.12,0.24,0.12,0.0,2.94,50.45,45.92,4.53,91.02,9.55,36.73,25.84,0.37,15.0,1.22,83.33,20,7,735,0.37,0.0,0.61,3.06,11.02,1.96,5.88,55.17,5.76,59.49,0.12,12.5
135,548188,Premier League,24/25,Bournemouth,Lewis Cook,Midfielder,7.01,0.03,0.03,0.0,0.42,0.12,0.21,7.14,0.39,65.0,0.03,0.0,0.03,0.0,0.0,0.0,0.09,0.0,0.0,0.0,0.0,0.0,0.03,0.0,2.45,1.24,1.99,0,0.91,0.0,0.0,0.03,0.0,0.15,0.18,0.09,0.03,1.48,41.65,34.12,7.53,81.93,15.05,20.16,10.06,1.09,27.27,1.9,46.67,36,32,2978,0.24,0.03,1.48,0.3,12.6,0.54,4.38,51.6,3.14,50.49,1.24,54.67
136,106337,Premier League,24/25,Everton,Idrissa Gana Gueye,Midfielder,7.01,0.0,0.03,0.03,0.79,0.15,0.44,0.0,0.53,48.65,0.0,0.0,0.0,0.0,0.0,0.03,0.0,0.0,0.0,0.0,0.0,0.0,0.0,0.0,3.9,1.41,1.0,0,1.2,0.03,0.0,0.0,0.0,0.32,0.09,0.09,0.0,0.56,41.04,35.74,5.3,87.08,16.67,19.19,8.96,0.12,57.14,2.26,63.64,37,35,3072,0.26,0.0,1.61,1.35,8.29,1.11,6.47,56.81,5.74,56.16,0.73,62.5
137,358218,Premier League,24/25,Nottingham Forest,Harry Toffolo,Defender,7.0,0.0,0.01,0.0,0.67,0.0,0.0,0.0,0.0,0.0,0.0,0.0,0.0,0.0,0.0,0.0,0.0,0.0,0.0,0.0,0.0,0.0,0.0,0.0,3.33,1.33,6.67,0,0.67,0.0,0.0,0.0,0.0,0.0,0.0,0.0,0.0,0.0,24.0,18.67,5.33,77.78,5.33,13.33,9.33,0.0,0.0,0.67,16.67,4,1,135,0.67,0.0,0.67,0.0,13.33,0.0,4.0,75.0,3.33,71.43,0.67,100.0
138,876643,Premier League,24/25,Everton,Vitaliy Mykolenko,Defender,6.99,0.03,0.01,0.0,0.41,0.03,0.2,7.14,0.23,47.06,0.0,0.03,0.0,0.03,0.0,0.0,0.09,0.0,0.0,0.0,0.0,0.0,0.0,0.0,1.84,1.28,3.94,0,0.79,0.0,0.06,0.03,0.0,0.29,0.12,0.06,0.03,0.73,28.37,22.3,6.07,78.6,10.1,13.04,6.68,0.85,28.71,1.46,42.37,35,35,3084,0.12,0.0,0.64,0.99,11.18,0.32,4.44,58.91,3.01,60.23,1.43,56.32
139,1199043,Premier League,24/25,Brighton & Hove Albion,Carlos Baleba,Midfielder,6.99,0.1,0.1,0.1,1.48,0.37,0.51,6.82,1.11,62.26,0.03,0.07,0.0,0.07,0.03,0.03,0.0,0.0,0.0,0.0,0.0,0.0,0.03,0.0,2.66,1.55,1.45,0,1.08,0.0,0.03,0.07,0.0,0.13,0.1,0.03,0.03,0.74,43.82,38.53,5.29,87.92,19.75,18.88,8.36,0.1,33.33,2.19,58.04,34,31,2670,0.2,0.03,1.35,1.62,9.13,1.42,6.71,55.43,5.39,54.61,1.31,59.09
140,1142703,Premier League,24/25,Manchester City,Nico O'Reilly,Defender,6.99,0.34,0.22,0.0,1.35,0.51,0.51,25.0,1.52,60.0,0.34,0.0,0.0,0.34,0.0,0.0,0.17,0.0,0.0,0.0,0.0,0.0,0.0,0.0,1.52,0.68,1.69,0,0.68,0.0,0.0,0.0,0.0,0.34,0.0,0.0,0.0,0.68,52.11,45.68,6.43,87.66,17.59,28.25,13.03,0.17,12.5,0.34,28.57,9,6,532,0.0,0.0,1.02,0.68,14.04,2.54,4.74,41.18,3.72,41.51,1.02,40.0
141,948261,Premier League,24/25,Aston Villa,Morgan Rogers,Midfielder,6.98,0.23,0.19,0.32,1.58,0.58,0.4,14.55,1.9,47.14,0.17,0.06,0.0,0.09,0.14,0.03,0.06,0.03,0.0,0.0,0.0,0.0,0.0,0.0,1.24,0.17,0.52,0,0.66,0.0,0.06,0.0,0.0,0.14,0.46,0.29,0.0,1.5,24.85,18.72,6.13,75.35,6.47,12.37,8.51,0.12,14.81,0.83,76.32,37,37,3129,0.29,0.0,1.44,1.47,14.61,2.13,4.98,38.88,4.6,42.11,0.37,20.0
142,103335,Premier League,24/25,Fulham,Bernd Leno,Goalkeeper,6.98,0.0,0.0,0.0,0.0,0.0,0.0,0.0,0.0,0.0,0.0,0.0,0.0,0.0,0.0,0.0,0.0,0.0,0.0,0.0,0.0,0.0,0.0,0.0,0.05,0.0,0.84,0,0.0,0.05,0.08,0.0,0.0,0.13,0.03,0.03,0.0,0.05,32.53,25.95,6.58,79.77,23.0,2.95,0.92,0.0,0.0,4.47,41.36,38,38,3420,0.13,0.0,0.0,0.11,6.71,0.0,0.39,93.75,0.16,100.0,0.24,90.0
143,1014835,Premier League,24/25,Wolverhampton,Yerson Mosquera,Defender,6.98,0.0,0.07,0.2,0.41,0.0,0.2,0.0,0.0,0.0,0.0,0.0,0.0,0.0,0.0,0.2,0.2,0.0,0.0,0.0,0.0,0.0,0.0,0.0,2.24,2.04,2.85,0,1.02,0.0,0.0,0.0,0.0,0.0,0.0,0.0,0.0,0.41,48.26,41.54,6.72,86.08,30.34,11.4,3.26,0.2,50.0,2.44,41.38,5,5,442,0.41,0.0,1.22,1.43,8.14,0.2,5.9,61.7,3.67,60.0,2.24,64.71
144,197982,Premier League,24/25,Ipswich Town,Conor Townsend,Defender,6.98,0.0,0.01,0.0,0.26,0.0,0.0,0.0,0.0,0.0,0.0,0.0,0.0,0.0,0.0,0.0,0.0,0.0,0.0,0.0,0.0,0.0,0.0,0.0,2.89,1.05,3.68,0,0.79,0.0,0.0,0.0,0.0,0.0,0.53,0.26,0.0,1.05,24.74,16.84,7.89,68.09,7.89,9.47,5.53,0.53,16.67,1.32,27.78,6,3,342,0.26,0.0,0.53,1.05,13.42,0.53,5.53,65.63,3.95,68.18,1.58,60.0
145,33902,Premier League,24/25,Brighton & Hove Albion,Danny Welbeck,Forward,6.98,0.42,0.41,0.38,2.54,1.02,0.76,16.67,0.55,38.24,0.38,0.04,0.08,0.08,0.25,0.08,0.17,0.0,0.04,0.04,100.0,0.04,0.38,11.11,1.1,0.21,0.59,0,0.51,0.0,0.0,0.0,0.0,0.08,0.04,0.17,0.0,0.98,20.57,17.6,2.97,85.57,5.22,12.38,6.87,0.0,0.0,0.25,75.0,30,24,2122,0.21,0.0,0.47,0.98,7.34,1.19,3.35,43.65,2.63,46.97,0.72,34.69
146,843200,Premier League,24/25,Manchester United,Diogo Dalot,Defender,6.98,0.0,0.07,0.06,0.8,0.16,0.42,0.0,0.86,55.1,0.0,0.0,0.0,0.0,0.0,0.06,0.13,0.0,0.0,0.0,0.0,0.0,0.0,0.0,2.18,1.18,2.05,0,0.58,0.0,0.0,0.03,0.0,0.26,0.13,0.1,0.03,0.86,43.93,36.83,7.1,83.83,18.59,18.62,9.44,0.38,18.18,1.76,48.25,33,31,2813,0.16,0.0,1.28,0.29,13.05,0.67,4.54,53.79,3.33,50.73,1.22,64.41
147,99090,Premier League,24/25,Newcastle United,Dan Burn,Defender,6.98,0.03,0.05,0.11,0.62,0.19,0.35,4.35,0.08,75.0,0.03,0.0,0.03,0.0,0.0,0.0,0.14,0.0,0.0,0.0,0.0,0.0,0.0,0.0,1.05,0.73,5.24,0,0.43,0.0,0.11,0.0,0.05,0.35,0.05,0.03,0.0,0.24,53.89,47.76,6.14,88.62,36.08,11.68,2.62,0.0,0.0,1.57,44.27,37,37,3330,0.3,0.0,0.92,0.32,7.05,0.08,5.41,60.98,1.41,50.0,4.0,66.07
148,352668,Premier League,24/25,Chelsea,Tosin Adarabioyo,Defender,6.98,0.06,0.06,0.13,0.81,0.13,0.44,7.69,0.25,80.0,0.06,0.0,0.0,0.0,0.06,0.13,0.06,0.0,0.0,0.0,0.0,0.0,0.0,0.0,1.06,0.69,4.94,0,0.25,0.0,0.0,0.0,0.0,0.44,0.06,0.06,0.0,0.06,73.61,67.23,6.38,91.33,45.53,21.7,4.38,0.0,0.0,2.63,46.67,22,15,1439,0.25,0.0,0.5,0.56,6.88,0.0,4.5,63.72,1.88,69.77,2.63,60.0
149,936849,Premier League,24/25,Brighton & Hove Albion,Kaoru Mitoma,Midfielder,6.98,0.35,0.32,0.41,1.97,0.93,0.62,17.54,1.79,41.27,0.31,0.03,0.07,0.07,0.21,0.03,0.17,0.0,0.0,0.0,0.0,0.0,0.0,0.0,1.55,0.48,0.24,0,1.04,0.0,0.0,0.0,0.0,0.1,0.28,0.14,0.0,1.28,30.71,24.81,5.9,80.79,6.83,18.36,11.91,0.38,14.67,0.55,48.48,36,28,2608,0.03,0.0,1.38,0.83,13.7,0.79,5.07,43.49,4.14,42.25,0.93,50.0
150,143047,Premier League,24/25,Wolverhampton,Matt Doherty,Defender,6.98,0.08,0.04,0.0,0.42,0.13,0.13,20.0,0.47,61.11,0.08,0.0,0.0,0.04,0.04,0.0,0.08,0.0,0.0,0.0,0.0,0.0,0.0,0.0,1.61,0.93,4.03,0,0.34,0.0,0.13,0.0,0.04,0.21,0.17,0.04,0.0,0.51,51.34,43.75,7.6,85.21,26.1,17.69,7.38,0.04,4.55,3.14,51.39,30,25,2121,0.25,0.0,0.76,0.47,10.52,0.21,4.92,66.67,2.55,62.5,2.38,71.79
151,847030,Premier League,24/25,Manchester United,Noussair Mazraoui,Defender,6.97,0.0,0.02,0.03,0.41,0.09,0.13,0.0,0.82,59.09,0.0,0.0,0.0,0.0,0.0,0.0,0.13,0.0,0.0,0.0,0.0,0.0,0.0,0.0,3.63,1.07,2.62,0,1.11,0.03,0.0,0.03,0.0,0.13,0.06,0.03,0.0,0.63,50.21,43.23,6.98,86.09,25.0,18.42,9.16,0.19,26.09,1.61,44.74,37,34,2848,0.09,0.0,1.2,0.79,9.99,0.54,6.83,61.71,5.21,61.57,1.61,62.2
152,791,Premier League,24/25,Brighton & Hove Albion,James Milner,Midfielder,6.97,0.0,0.08,0.0,1.04,0.52,0.52,0.0,0.52,100.0,0.0,0.0,0.0,0.0,0.0,0.0,0.0,0.0,0.0,0.0,0.0,0.0,0.0,0.0,2.6,1.04,1.04,0,0.0,0.0,0.52,0.0,0.0,0.0,0.0,0.0,0.0,2.08,34.34,27.05,7.28,78.79,11.97,16.65,6.76,1.56,37.5,0.52,25.0,4,3,173,0.52,0.0,1.56,0.52,9.88,0.0,3.64,63.64,3.64,70.0,0.0,0.0
153,328701,Premier League,24/25,Southampton,Ryan Manning,Midfielder,6.97,0.0,0.02,0.0,0.48,0.06,0.12,0.0,0.66,40.74,0.0,0.0,0.0,0.0,0.0,0.0,0.0,0.0,0.0,0.0,0.0,0.0,0.06,0.0,1.68,1.02,2.4,0,0.72,0.0,0.0,0.0,0.0,0.0,0.3,0.06,0.0,2.04,37.25,31.18,6.07,83.71,15.44,17.3,8.35,1.56,30.95,1.26,42.86,24,18,1498,0.12,0.0,1.14,1.92,13.4,0.3,5.17,60.56,4.27,59.17,0.9,68.18
154,996911,Premier League,24/25,Chelsea,Levi Colwill,Defender,6.97,0.06,0.05,0.14,0.49,0.11,0.29,11.76,0.17,54.55,0.06,0.0,0.03,0.0,0.03,0.0,0.14,0.0,0.0,0.0,0.0,0.0,0.0,0.0,1.34,0.94,3.32,0,0.26,0.03,0.09,0.03,0.0,0.29,0.06,0.03,0.0,0.43,74.17,66.54,7.63,89.71,44.87,21.75,6.03,0.09,23.08,2.49,43.07,35,35,3149,0.26,0.0,1.29,0.6,8.83,0.23,4.46,56.52,2.09,53.28,2.37,59.71
155,836698,Premier League,24/25,Fulham,Ryan Sessegnon,Defender,6.97,0.6,0.24,0.3,2.09,1.19,0.45,28.57,1.19,44.44,0.6,0.0,0.15,0.3,0.15,0.0,0.15,0.0,0.0,0.0,0.0,0.0,0.0,0.0,4.02,0.45,1.94,0,1.64,0.0,0.0,0.0,0.0,0.0,0.15,0.3,0.0,1.79,31.59,25.63,5.96,81.13,11.03,15.35,9.69,0.75,31.25,0.6,50.0,16,7,604,0.15,0.0,2.98,0.6,13.56,1.19,7.0,44.34,5.81,44.83,1.19,42.11
156,1109771,Premier League,24/25,Crystal Palace,Adam Wharton,Midfielder,6.97,0.0,0.02,0.0,0.88,0.34,0.34,0.0,0.13,20.0,0.0,0.0,0.0,0.0,0.0,0.0,0.0,0.0,0.0,0.0,0.0,0.0,0.0,0.0,2.29,1.35,1.82,0,1.82,0.0,0.0,0.0,0.0,0.0,0.34,0.13,0.0,1.75,45.74,35.97,9.77,78.65,14.89,22.03,11.32,0.94,35.9,2.69,57.14,20,16,1336,0.13,0.0,0.81,1.41,14.48,0.88,4.31,46.04,3.84,49.14,0.47,30.43
157,96538,Premier League,24/25,Aston Villa,Lucas Digne,Defender,6.97,0.0,0.03,0.04,0.5,0.11,0.19,0.0,0.34,50.0,0.0,0.0,0.0,0.0,0.0,0.0,0.27,0.0,0.0,0.0,0.0,0.0,0.19,0.0,2.48,0.95,3.21,0,0.84,0.04,0.0,0.0,0.0,0.15,0.57,0.15,0.0,1.37,37.4,30.95,6.45,82.76,16.03,16.26,8.36,1.34,25.0,1.15,42.86,32,28,2358,0.15,0.0,0.8,0.61,13.85,0.61,4.85,57.21,3.36,56.77,1.49,58.21
158,957602,Premier League,24/25,Arsenal,Riccardo Calafiori,Defender,6.97,0.18,0.08,0.09,0.91,0.55,0.27,20.0,0.82,75.0,0.09,0.09,0.0,0.18,0.0,0.09,0.27,0.0,0.0,0.0,0.0,0.0,0.0,0.0,2.47,0.82,2.2,0,1.01,0.0,0.0,0.0,0.0,0.0,0.0,0.09,0.0,0.55,43.81,38.51,5.3,87.89,15.0,23.69,14.54,0.18,18.18,1.37,71.43,19,11,984,0.37,0.0,1.46,0.55,9.15,0.46,5.85,56.64,3.84,55.26,2.01,59.46
159,927361,Premier League,24/25,Everton,James Garner,Midfielder,6.96,0.0,0.04,0.0,0.68,0.23,0.34,0.0,0.39,36.84,0.0,0.0,0.0,0.0,0.0,0.06,0.0,0.0,0.0,0.0,0.0,0.0,0.06,0.0,2.65,1.29,1.91,0,0.96,0.0,0.0,0.0,0.0,0.23,0.11,0.06,0.0,0.73,39.29,32.25,7.04,82.09,15.03,18.07,8.44,0.84,26.32,1.58,50.91,21,17,1599,0.28,0.0,1.13,0.84,12.89,0.51,4.5,53.33,3.88,54.76,0.62,45.83
160,161717,Premier League,24/25,West Ham United,James Ward-Prowse,Midfielder,6.96,0.06,0.11,0.12,0.93,0.37,0.25,6.67,0.12,40.0,0.06,0.0,0.0,0.0,0.06,0.0,0.0,0.0,0.0,0.0,0.0,0.0,0.25,0.0,1.49,0.8,1.18,0,0.74,0.0,0.0,0.0,0.0,0.25,0.37,0.12,0.06,1.55,54.16,49.64,4.52,91.66,24.33,26.49,11.33,1.18,27.94,2.04,64.71,24,17,1454,0.12,0.06,1.05,0.37,9.04,0.56,2.79,47.87,1.98,45.07,0.8,56.52
161,787885,Premier League,24/25,Leicester City,Wilfred Ndidi,Midfielder,6.96,0.0,0.08,0.12,0.85,0.31,0.46,0.0,0.5,41.94,0.0,0.0,0.0,0.0,0.0,0.04,0.12,0.0,0.0,0.0,0.0,0.0,0.0,0.0,3.27,1.19,2.85,0,1.19,0.0,0.0,0.0,0.04,0.08,0.19,0.19,0.0,0.65,38.64,31.82,6.82,82.35,18.8,13.21,5.82,0.19,16.67,0.92,38.1,28,28,2336,0.31,0.0,1.5,0.69,11.44,1.27,6.82,49.72,4.47,49.36,2.35,50.41
162,1400106,Premier League,24/25,Brighton & Hove Albion,Yankuba Minteh,Midfielder,6.96,0.29,0.2,0.39,1.65,0.78,0.53,17.65,2.23,51.11,0.29,0.0,0.0,0.24,0.05,0.05,0.29,0.0,0.0,0.0,0.0,0.0,0.0,0.0,2.33,0.53,1.36,0,1.36,0.0,0.0,0.0,0.0,0.05,0.39,0.19,0.0,1.41,21.55,14.81,6.75,68.69,4.03,11.89,6.94,1.12,25.27,0.68,56.0,32,20,1854,0.29,0.0,1.02,0.53,16.75,1.36,5.92,44.04,5.05,46.43,0.87,33.96
163,1397168,Premier League,24/25,Manchester United,Patrick Dorgu,Midfielder,6.96,0.0,0.05,0.0,1.07,0.21,0.64,0.0,0.32,33.33,0.0,0.0,0.0,0.0,0.0,0.0,0.32,0.0,0.0,0.0,0.0,0.0,0.0,0.0,3.31,0.43,2.03,0,0.75,0.21,0.0,0.0,0.0,0.21,0.11,0.0,0.0,1.28,41.58,35.81,5.77,86.12,14.43,21.7,13.79,0.32,7.69,0.64,66.67,12,10,842,0.32,0.11,1.82,2.99,13.04,1.07,8.23,61.6,6.52,61.0,1.71,64.0
164,851100,Premier League,24/25,Chelsea,Jadon Sancho,Midfielder,6.96,0.15,0.11,0.15,1.22,0.41,0.2,12.5,2.28,52.94,0.1,0.05,0.0,0.0,0.15,0.0,0.3,0.1,0.0,0.0,0.0,0.0,0.0,0.0,0.66,0.1,0.36,0,0.36,0.0,0.1,0.0,0.0,0.15,0.3,0.2,0.0,1.93,38.98,33.2,5.79,85.16,9.54,23.65,16.35,0.0,0.0,0.41,66.67,31,19,1773,0.1,0.0,0.3,0.56,12.08,1.07,3.81,46.88,3.5,48.25,0.3,35.29
165,560128,Premier League,24/25,Newcastle United,Joelinton,Midfielder,6.96,0.15,0.15,0.15,1.68,0.52,0.67,8.89,0.56,34.88,0.15,0.0,0.0,0.07,0.04,0.0,0.26,0.0,0.0,0.0,0.0,0.0,0.0,0.0,2.13,0.86,1.72,0,0.71,0.04,0.04,0.0,0.0,0.26,0.11,0.11,0.04,0.9,37.81,31.67,6.14,83.76,12.54,19.24,10.93,0.11,18.75,0.6,51.61,29,29,2404,0.37,0.0,2.17,1.31,11.27,1.98,6.21,44.86,4.01,40.68,2.21,55.14
166,958959,Premier League,24/25,Arsenal,Jurriën Timber,Defender,6.96,0.04,0.05,0.04,0.52,0.15,0.15,7.14,0.89,50.0,0.04,0.0,0.04,0.0,0.0,0.0,0.22,0.0,0.0,0.0,0.0,0.0,0.0,0.0,2.16,0.82,1.52,0,0.33,0.0,0.04,0.0,0.0,0.26,0.04,0.11,0.0,0.63,43.92,38.61,5.31,87.9,15.27,23.48,13.01,0.15,14.29,0.45,30.77,30,27,2422,0.26,0.0,1.15,1.08,10.59,0.89,4.94,55.42,4.12,56.06,0.82,52.38
167,101882,Premier League,24/25,Newcastle United,Fabian Schär,Defender,6.96,0.12,0.12,0.12,1.23,0.34,0.52,10.0,0.25,72.73,0.09,0.03,0.06,0.03,0.03,0.06,0.12,0.0,0.0,0.0,0.0,0.0,0.15,0.0,1.1,1.38,4.08,0,0.64,0.0,0.09,0.0,0.0,0.31,0.0,0.0,0.0,0.15,59.51,50.29,9.22,84.5,33.46,16.85,6.93,0.03,7.69,4.23,44.23,34,33,2937,0.28,0.03,1.07,0.46,10.54,0.18,3.52,45.82,1.72,47.86,1.81,44.03
168,846036,Premier League,24/25,Arsenal,Ben White,Defender,6.96,0.0,0.03,0.0,0.67,0.15,0.22,0.0,0.0,0.0,0.0,0.0,0.0,0.0,0.0,0.0,0.07,0.0,0.0,0.0,0.0,0.0,0.0,0.0,1.48,1.19,2.82,0,1.63,0.0,0.0,0.0,0.0,0.37,0.15,0.15,0.0,0.74,43.78,37.84,5.94,86.44,16.17,21.89,12.91,0.22,17.65,1.34,46.15,17,13,1213,0.15,0.0,0.74,0.37,9.94,0.45,3.19,45.74,1.85,37.31,1.34,66.67
169,383560,Premier League,24/25,Manchester City,Manuel Akanji,Defender,6.96,0.0,0.07,0.09,0.67,0.09,0.36,0.0,0.09,100.0,0.0,0.0,0.0,0.0,0.0,0.0,0.0,0.0,0.0,0.0,0.0,0.0,0.0,0.0,0.85,0.4,2.76,0,0.27,0.09,0.04,0.0,0.0,0.22,0.0,0.0,0.0,0.4,76.72,72.18,4.54,94.08,33.24,39.07,21.21,0.13,27.27,2.54,67.86,26,23,2020,0.13,0.0,0.76,0.4,5.44,0.22,2.67,49.59,1.29,52.73,1.38,46.97
170,922573,Premier League,24/25,Arsenal,Gabriel Martinelli,Forward,6.96,0.31,0.29,0.31,2.15,0.98,0.59,14.55,1.29,35.48,0.31,0.0,0.04,0.04,0.23,0.0,0.31,0.0,0.0,0.0,0.0,0.0,0.0,0.0,0.9,0.2,0.63,0,0.63,0.0,0.0,0.0,0.0,0.12,0.27,0.16,0.0,1.57,23.09,18.23,4.85,78.98,3.76,15.34,9.94,0.86,23.91,0.39,66.67,33,25,2300,0.04,0.0,0.63,0.82,13.89,1.49,3.68,35.88,3.01,37.38,0.67,30.36
171,814590,Premier League,24/25,Aston Villa,Marcus Rashford,Forward,6.96,0.38,0.3,0.32,2.21,1.01,0.57,17.14,1.14,31.58,0.25,0.13,0.0,0.06,0.32,0.25,0.5,0.0,0.06,0.06,100.0,0.0,0.13,0.0,1.07,0.32,0.57,0,0.5,0.0,0.0,0.0,0.0,0.13,0.5,0.19,0.0,1.77,28.13,22.07,6.05,78.48,6.5,16.52,10.15,0.95,27.27,0.76,50.0,25,16,1427,0.13,0.0,0.57,0.63,13.18,0.44,3.22,39.53,2.84,41.67,0.38,28.57
172,856640,Premier League,24/25,Leicester City,Mads Hermansen,Goalkeeper,6.95,0.0,0.0,0.0,0.0,0.0,0.0,0.0,0.04,100.0,0.0,0.0,0.0,0.0,0.0,0.0,0.0,0.0,0.0,0.0,0.0,0.0,0.0,0.0,0.04,0.0,1.25,0,0.0,0.04,0.11,0.0,0.0,0.04,0.0,0.0,0.0,0.0,35.32,19.85,15.47,56.2,16.6,3.25,1.17,0.0,0.0,5.47,27.0,27,27,2385,0.04,0.0,0.0,0.11,15.85,0.0,0.34,90.0,0.19,100.0,0.15,80.0
173,101367,Premier League,24/25,Wolverhampton,Daniel Bentley,Goalkeeper,6.95,0.0,0.0,0.0,0.0,0.0,0.0,0.0,0.0,0.0,0.0,0.0,0.0,0.0,0.0,0.0,0.0,0.0,0.0,0.0,0.0,0.0,0.0,0.0,0.0,0.0,1.5,0,0.0,0.0,0.0,0.0,0.0,0.5,0.0,0.0,0.0,0.0,29.5,21.5,8.0,72.88,18.5,3.0,0.5,0.0,0.0,4.5,36.0,2,2,180,0.0,0.0,0.0,0.0,8.0,0.0,1.0,100.0,0.0,0.0,1.0,100.0
174,836070,Premier League,24/25,Bournemouth,Luis Sinisterra,Forward,6.95,0.37,0.45,0.74,4.8,2.21,1.11,7.69,2.95,44.44,0.37,0.0,0.37,0.0,0.0,0.37,0.37,0.0,0.0,0.0,0.0,0.0,0.0,0.0,2.58,0.37,2.58,0,1.48,0.0,0.0,0.0,0.0,0.0,1.11,0.37,0.0,3.32,31.35,26.19,5.16,83.53,4.43,22.5,15.12,0.74,28.57,1.11,100.0,12,1,244,0.0,0.0,1.48,0.74,15.12,1.11,7.38,41.67,6.27,44.74,1.11,30.0
175,216308,Premier League,24/25,Brighton & Hove Albion,Adam Webster,Defender,6.95,0.0,0.03,0.1,0.51,0.1,0.2,0.0,0.1,33.33,0.0,0.0,0.0,0.0,0.0,0.0,0.1,0.0,0.0,0.0,0.0,0.0,0.0,0.0,1.01,2.03,4.05,0,0.81,0.1,0.1,0.1,0.0,0.3,0.1,0.0,0.0,0.3,73.07,64.46,8.61,88.21,40.24,24.22,9.53,0.0,0.0,3.75,44.05,14,11,888,0.1,0.0,0.71,0.2,9.83,0.1,3.75,60.66,1.32,43.33,2.43,77.42
176,855864,Premier League,24/25,Brentford,Ethan Pinnock,Defender,6.95,0.09,0.05,0.05,0.47,0.28,0.19,20.0,0.14,33.33,0.09,0.0,0.09,0.0,0.0,0.09,0.0,0.0,0.0,0.0,0.0,0.0,0.0,0.0,1.65,1.13,6.54,0,0.52,0.14,0.05,0.05,0.05,0.09,0.09,0.0,0.0,0.38,48.55,42.53,6.02,87.6,32.09,10.49,3.67,0.05,11.11,2.16,45.1,22,21,1913,0.09,0.0,0.38,0.19,7.9,0.19,4.94,59.32,1.93,58.57,3.01,59.81
177,923973,Premier League,24/25,Aston Villa,Amadou Onana,Midfielder,6.95,0.17,0.12,0.11,0.94,0.33,0.39,17.65,0.77,82.35,0.11,0.06,0.06,0.06,0.06,0.11,0.0,0.0,0.0,0.0,0.0,0.0,0.0,0.0,3.03,1.43,2.21,0,0.72,0.11,0.06,0.0,0.0,0.11,0.06,0.0,0.0,0.55,44.09,38.68,5.41,87.73,18.6,20.2,7.89,0.11,100.0,0.99,56.25,26,20,1631,0.22,0.0,1.77,1.66,6.79,0.5,7.23,62.68,5.41,63.23,1.82,61.11
178,1142562,Premier League,24/25,Southampton,Mateus Fernandes,Midfielder,6.95,0.06,0.12,0.18,1.29,0.43,0.25,4.76,1.51,50.0,0.06,0.0,0.0,0.06,0.0,0.0,0.12,0.0,0.0,0.0,0.0,0.0,0.12,0.0,2.74,0.86,0.92,0,1.2,0.03,0.18,0.0,0.0,0.03,0.18,0.12,0.0,1.05,38.11,32.22,5.89,84.55,14.55,18.65,9.93,0.99,28.32,1.79,65.17,36,34,2919,0.25,0.0,1.42,1.7,12.92,1.11,6.41,53.89,5.95,53.31,0.46,62.5
179,69256,Premier League,24/25,Newcastle United,Kieran Trippier,Defender,6.94,0.0,0.01,0.0,0.27,0.0,0.14,0.0,0.27,50.0,0.0,0.0,0.0,0.0,0.0,0.0,0.14,0.0,0.0,0.0,0.0,0.0,0.14,0.0,2.58,0.81,2.85,0,0.95,0.0,0.0,0.0,0.0,0.14,0.14,0.2,0.0,1.49,70.35,60.05,10.3,85.36,29.01,32.67,19.25,1.63,29.27,2.3,44.16,25,14,1328,0.07,0.0,1.08,0.75,16.54,0.54,5.08,56.82,3.59,56.38,1.49,57.89
180,894474,Premier League,24/25,West Ham United,Max Kilman,Defender,6.94,0.0,0.04,0.11,0.35,0.08,0.16,0.0,0.43,88.89,0.0,0.0,0.0,0.0,0.0,0.0,0.05,0.0,0.0,0.0,0.0,0.0,0.0,0.0,1.05,1.02,5.64,0,0.11,0.05,0.11,0.0,0.0,0.16,0.0,0.03,0.0,0.43,52.35,45.58,6.77,87.06,32.92,12.66,4.38,0.0,0.0,2.66,43.81,38,38,3349,0.13,0.0,0.62,0.35,7.69,0.11,4.86,67.29,1.83,68.0,3.04,66.86
181,555386,Premier League,24/25,Aston Villa,Ollie Watkins,Forward,6.94,0.55,0.53,0.93,2.9,1.38,0.93,19.05,0.34,27.03,0.55,0.0,0.14,0.14,0.28,0.07,0.55,0.07,0.07,0.07,100.0,0.0,0.0,0.0,0.34,0.28,0.48,0,0.28,0.03,0.03,0.0,0.0,0.14,0.24,0.28,0.0,0.86,14.28,10.59,3.69,74.15,3.07,7.52,4.97,0.0,0.0,0.14,80.0,38,31,2610,0.07,0.0,1.0,1.14,8.93,1.72,3.62,36.21,1.83,32.32,1.79,41.27
182,885908,Premier League,24/25,Chelsea,Reece James,Defender,6.94,0.08,0.04,0.08,0.92,0.25,0.42,9.09,0.59,53.85,0.0,0.08,0.0,0.0,0.08,0.08,0.0,0.0,0.0,0.0,0.0,0.08,0.25,33.33,0.84,1.09,1.76,0,0.5,0.08,0.25,0.0,0.0,0.17,0.25,0.08,0.0,0.92,62.38,55.16,7.22,88.43,25.61,30.22,12.76,0.67,18.6,3.02,51.43,19,12,1072,0.08,0.0,0.67,0.92,13.35,0.76,4.28,57.3,2.27,48.21,2.01,72.73
183,983572,Premier League,24/25,Tottenham Hotspur,Destiny Udogie,Defender,6.94,0.0,0.01,0.0,0.23,0.05,0.05,0.0,0.6,44.83,0.0,0.0,0.0,0.0,0.0,0.0,0.14,0.0,0.0,0.0,0.0,0.0,0.0,0.0,3.48,1.02,1.3,0,0.7,0.05,0.0,0.0,0.05,0.0,0.09,0.05,0.0,0.74,44.26,39.06,5.2,88.25,17.23,22.01,12.12,0.19,21.05,0.56,57.14,25,24,1938,0.09,0.0,1.35,1.76,10.03,0.88,6.46,60.43,5.85,61.76,0.6,50.0
184,286085,Premier League,24/25,Southampton,Jan Bednarek,Defender,6.94,0.07,0.02,0.04,0.18,0.11,0.04,40.0,0.11,100.0,0.07,0.0,0.04,0.04,0.0,0.0,0.0,0.0,0.0,0.0,0.0,0.0,0.0,0.0,1.28,1.99,6.71,0,0.53,0.11,0.07,0.04,0.0,0.11,0.0,0.0,0.0,0.18,59.75,55.49,4.26,92.87,40.97,14.52,3.34,0.0,0.0,2.17,58.65,30,30,2535,0.25,0.0,1.1,0.46,4.79,0.11,4.37,59.13,1.81,51.52,2.56,66.06
185,110846,Premier League,24/25,Everton,Michael Keane,Defender,6.94,0.26,0.05,0.09,0.86,0.34,0.34,30.0,0.0,0.0,0.26,0.0,0.09,0.09,0.09,0.09,0.0,0.0,0.0,0.0,0.0,0.0,0.0,0.0,1.03,1.38,5.59,0,0.6,0.0,0.17,0.0,0.0,0.26,0.0,0.0,0.0,0.17,32.01,26.85,5.16,83.87,20.39,6.45,1.98,0.0,0.0,3.79,59.46,14,11,1046,0.43,0.0,0.77,0.0,6.02,0.17,3.27,50.0,1.03,40.0,2.24,56.52
186,1023567,Premier League,24/25,Bournemouth,Ilya Zabarnyi,Defender,6.94,0.0,0.04,0.03,0.35,0.03,0.23,0.0,0.17,75.0,0.0,0.0,0.0,0.0,0.0,0.06,0.0,0.0,0.0,0.0,0.0,0.0,0.0,0.0,1.5,1.19,5.18,0,0.46,0.0,0.06,0.0,0.0,0.23,0.03,0.03,0.0,0.35,49.18,40.56,8.62,82.48,23.39,17.17,5.64,0.0,0.0,3.38,39.26,36,35,3113,0.12,0.03,0.58,0.2,9.4,0.09,4.11,62.83,1.88,61.9,2.23,63.64
187,988275,Premier League,24/25,Crystal Palace,Tyrick Mitchell,Midfielder,6.94,0.0,0.04,0.06,0.35,0.09,0.17,0.0,0.46,48.48,0.0,0.0,0.0,0.0,0.0,0.0,0.06,0.03,0.0,0.0,0.0,0.0,0.0,0.0,2.64,0.55,2.76,0,0.61,0.03,0.03,0.0,0.0,0.2,0.32,0.15,0.0,1.19,29.74,21.88,7.86,73.56,10.5,11.92,5.92,0.55,18.1,1.45,34.72,37,37,3102,0.06,0.0,0.67,0.73,13.49,0.87,4.41,57.79,3.83,59.46,0.58,48.78
188,1084356,Premier League,24/25,Manchester United,Toby Collyer,Midfielder,6.93,0.0,0.09,0.0,0.51,0.0,0.51,0.0,0.51,50.0,0.0,0.0,0.0,0.0,0.0,0.0,0.0,0.0,0.0,0.0,0.0,0.0,0.0,0.0,6.17,1.03,1.54,0,0.51,0.0,0.0,0.0,0.0,0.0,0.0,0.0,0.0,1.03,46.29,38.06,8.23,82.22,19.54,18.51,9.77,0.0,0.0,1.03,66.67,6,0,175,0.0,0.0,1.03,2.06,14.91,0.51,10.29,80.0,8.74,80.95,1.54,75.0
189,1401702,Premier League,24/25,Arsenal,Ethan Nwaneri,Midfielder,6.93,0.38,0.11,0.0,2.28,0.86,0.29,16.67,3.52,66.07,0.29,0.1,0.0,0.38,0.0,0.29,0.57,0.0,0.0,0.0,0.0,0.0,0.1,0.0,1.05,0.19,0.38,0,1.33,0.0,0.1,0.0,0.0,0.1,0.1,0.19,0.0,1.52,34.63,30.82,3.81,89.01,5.71,26.45,16.65,1.33,25.93,0.86,75.0,26,11,946,0.1,0.0,0.86,0.48,14.18,1.62,5.42,46.34,5.04,47.75,0.38,33.33
190,928124,Premier League,24/25,Tottenham Hotspur,Dejan Kulusevski,Midfielder,6.93,0.26,0.16,0.19,1.77,0.68,0.38,14.89,1.43,34.86,0.26,0.0,0.0,0.26,0.0,0.0,0.19,0.0,0.0,0.0,0.0,0.0,0.0,0.0,1.69,0.49,0.34,0,1.2,0.0,0.04,0.0,0.0,0.19,0.34,0.15,0.04,2.48,29.7,24.13,5.57,81.24,6.25,18.33,13.7,0.45,13.48,0.53,53.85,32,27,2391,0.11,0.0,1.81,1.43,17.58,2.79,4.93,35.6,4.55,35.38,0.38,38.46
191,924378,Premier League,24/25,Brentford,Sepp van den Berg,Defender,6.93,0.0,0.07,0.1,0.7,0.21,0.42,0.0,0.14,57.14,0.0,0.0,0.0,0.0,0.0,0.0,0.03,0.03,0.0,0.0,0.0,0.0,0.0,0.0,1.36,0.73,4.56,0,0.35,0.03,0.07,0.0,0.0,0.17,0.07,0.0,0.0,0.21,42.04,36.03,6.02,85.69,25.84,10.29,4.1,0.1,42.86,1.29,50.0,31,29,2588,0.1,0.0,0.8,0.17,7.37,0.24,4.94,54.2,1.67,53.33,3.27,54.65
192,856719,Premier League,24/25,Ipswich Town,Dara O'Shea,Defender,6.93,0.0,0.04,0.06,0.63,0.06,0.32,0.0,0.03,50.0,0.0,0.0,0.0,0.0,0.0,0.0,0.09,0.0,0.0,0.0,0.0,0.0,0.0,0.0,1.41,0.95,6.28,0,0.35,0.0,0.12,0.0,0.0,0.06,0.03,0.06,0.0,0.09,43.29,34.29,8.99,79.23,23.8,10.52,3.83,0.03,12.5,2.74,40.25,35,35,3123,0.17,0.0,0.61,0.75,10.43,0.12,5.48,60.7,2.1,66.36,3.37,57.64
193,105734,Premier League,24/25,Manchester United,Christian Eriksen,Midfielder,6.93,0.08,0.11,0.0,1.24,0.16,0.49,6.67,0.0,0.0,0.08,0.0,0.0,0.0,0.08,0.08,0.0,0.0,0.08,0.08,100.0,0.0,0.25,0.0,1.57,0.58,0.66,0,1.32,0.0,0.0,0.0,0.0,0.08,0.33,0.16,0.0,2.55,54.15,46.32,7.83,85.54,18.54,29.67,15.58,1.9,27.06,3.05,59.68,23,11,1092,0.33,0.0,0.66,0.25,15.0,0.41,1.98,38.1,1.81,40.0,0.16,25.0
194,998253,Premier League,24/25,Everton,Jake O'Brien,Defender,6.93,0.11,0.04,0.06,0.34,0.17,0.06,33.33,0.23,44.44,0.11,0.0,0.11,0.0,0.0,0.0,0.17,0.0,0.0,0.0,0.0,0.0,0.0,0.0,1.49,0.23,5.09,0,0.46,0.0,0.0,0.0,0.0,0.29,0.06,0.0,0.0,0.34,34.59,28.13,6.46,81.32,16.3,12.18,4.8,0.34,33.33,1.94,47.22,20,17,1574,0.29,0.0,0.74,0.29,9.38,0.29,4.35,55.47,1.94,53.13,2.4,57.53
195,833956,Premier League,24/25,Aston Villa,Matty Cash,Defender,6.93,0.04,0.02,0.0,0.56,0.26,0.26,7.69,0.82,54.29,0.04,0.0,0.0,0.0,0.04,0.0,0.04,0.0,0.0,0.0,0.0,0.0,0.0,0.0,2.43,1.0,2.51,0,0.52,0.04,0.04,0.09,0.0,0.22,0.13,0.04,0.0,0.48,33.11,27.99,5.11,84.55,15.25,12.96,6.37,0.22,12.5,1.08,43.1,27,24,2077,0.3,0.0,1.17,0.87,11.22,0.43,4.98,57.79,4.12,59.75,0.87,50.0
196,1085381,Premier League,24/25,Chelsea,Nicolas Jackson,Forward,6.92,0.4,0.5,0.76,3.06,1.41,1.17,13.16,0.72,36.0,0.36,0.04,0.04,0.04,0.32,0.24,0.92,0.0,0.0,0.0,0.0,0.0,0.0,0.0,0.88,0.12,0.6,0,0.2,0.0,0.0,0.0,0.0,0.0,0.24,0.2,0.0,1.13,15.68,12.02,3.66,76.67,3.46,8.61,5.47,0.04,33.33,0.24,66.67,30,28,2238,0.28,0.04,1.41,1.17,9.69,1.65,3.62,38.14,2.73,38.2,0.88,37.93
197,788134,Premier League,24/25,Crystal Palace,Dean Henderson,Goalkeeper,6.92,0.0,0.0,0.0,0.03,0.0,0.03,0.0,0.0,0.0,0.0,0.0,0.0,0.0,0.0,0.0,0.0,0.0,0.0,0.0,0.0,0.0,0.0,0.0,0.05,0.0,1.05,0,0.11,0.0,0.0,0.0,0.0,0.29,0.0,0.0,0.0,0.08,28.95,16.61,12.34,57.36,13.0,3.61,1.37,0.0,0.0,4.55,27.16,38,38,3420,0.08,0.0,0.0,0.05,12.45,0.0,0.39,75.0,0.05,33.33,0.34,92.86
198,787498,Premier League,24/25,Manchester United,André Onana,Goalkeeper,6.92,0.0,0.0,0.0,0.0,0.0,0.0,0.0,0.03,100.0,0.0,0.0,0.0,0.0,0.0,0.0,0.0,0.0,0.0,0.0,0.0,0.0,0.0,0.0,0.06,0.0,0.71,0,0.06,0.09,0.03,0.0,0.0,0.26,0.03,0.0,0.0,0.03,34.26,23.91,10.35,69.79,21.03,2.88,1.18,0.0,0.0,4.53,30.92,34,34,3060,0.0,0.0,0.0,0.06,10.56,0.0,0.32,84.62,0.15,71.43,0.18,100.0
199,1142315,Premier League,24/25,Brighton & Hove Albion,Jack Hinshelwood,Midfielder,6.92,0.24,0.13,0.1,0.87,0.49,0.19,27.78,0.1,20.0,0.24,0.0,0.05,0.0,0.19,0.0,0.0,0.0,0.0,0.0,0.0,0.0,0.0,0.0,1.31,0.78,1.8,0,0.78,0.0,0.05,0.0,0.0,0.1,0.15,0.1,0.0,0.83,45.78,38.98,6.8,85.15,21.89,17.38,9.13,0.29,22.22,1.65,47.22,26,22,1854,0.24,0.0,0.87,0.44,9.95,0.15,2.82,49.15,1.84,46.34,0.97,55.56
200,867445,Premier League,24/25,Fulham,Emile Smith Rowe,Midfielder,6.92,0.26,0.2,0.09,1.62,0.48,0.57,16.22,0.7,50.0,0.26,0.0,0.09,0.09,0.09,0.04,0.17,0.0,0.0,0.0,0.0,0.0,0.0,0.0,1.35,0.48,0.7,0,0.7,0.0,0.0,0.0,0.0,0.0,0.09,0.13,0.0,1.05,43.71,39.91,3.8,91.31,14.76,25.37,14.89,0.22,31.25,0.7,69.57,34,25,2061,0.13,0.0,0.83,0.61,7.51,0.79,2.93,42.95,2.66,46.92,0.26,23.08
201,848276,Premier League,24/25,Crystal Palace,Jean Philippe Mateta,Forward,6.92,0.47,0.46,0.64,2.37,1.12,0.68,20.0,0.68,47.62,0.41,0.07,0.0,0.2,0.27,0.07,0.71,0.0,0.07,0.07,100.0,0.0,0.0,0.0,0.61,0.07,0.75,0,0.44,0.0,0.0,0.0,0.0,0.14,0.24,0.07,0.0,0.98,14.24,9.7,4.54,68.1,2.78,7.09,4.1,0.17,19.23,0.17,38.46,37,33,2654,0.07,0.0,0.92,0.95,10.07,1.53,4.37,37.61,2.2,37.79,2.17,37.43
202,1048888,Premier League,24/25,Tottenham Hotspur,Mathys Tel,Forward,6.92,0.19,0.29,0.1,2.22,0.87,0.48,8.7,1.45,32.61,0.19,0.0,0.0,0.1,0.1,0.0,0.1,0.1,0.1,0.1,100.0,0.0,0.1,0.0,1.54,0.19,0.77,0,0.77,0.1,0.1,0.0,0.0,0.1,0.48,0.1,0.0,1.35,21.49,16.48,5.01,76.68,5.3,11.85,7.52,0.67,20.0,0.96,66.67,13,11,934,0.19,0.0,1.35,1.54,15.42,1.45,4.91,40.48,4.53,40.87,0.39,36.36
203,285949,Premier League,24/25,Fulham,Andreas Pereira,Midfielder,6.92,0.09,0.17,0.18,1.74,0.4,0.76,5.13,0.62,63.64,0.09,0.0,0.0,0.0,0.09,0.0,0.04,0.04,0.04,0.0,0.0,0.0,0.27,0.0,1.07,0.36,0.71,0,1.42,0.04,0.09,0.0,0.0,0.04,0.31,0.18,0.0,2.54,34.99,27.2,7.79,77.74,10.1,19.36,10.73,2.27,29.82,1.6,44.44,33,25,2022,0.36,0.0,1.25,1.07,15.98,0.98,3.34,39.89,2.72,40.4,0.62,37.84
204,839981,Premier League,24/25,West Ham United,Lucas Paquetá,Midfielder,6.92,0.15,0.2,0.04,1.55,0.23,0.79,9.76,0.79,50.0,0.11,0.04,0.0,0.11,0.04,0.0,0.23,0.0,0.08,0.08,100.0,0.0,0.15,0.0,2.49,0.68,1.28,0,1.06,0.04,0.19,0.04,0.0,0.11,0.15,0.0,0.0,1.36,53.12,41.87,11.25,78.82,19.33,22.8,12.34,0.26,24.14,3.21,64.39,33,27,2384,0.38,0.0,2.0,2.34,17.25,1.93,7.44,48.4,5.62,49.5,1.81,45.28
205,1035996,Premier League,24/25,Wolverhampton,André,Midfielder,6.92,0.0,0.02,0.0,0.36,0.04,0.25,0.0,0.58,57.14,0.0,0.0,0.0,0.0,0.0,0.0,0.0,0.0,0.0,0.0,0.0,0.0,0.0,0.0,3.28,1.33,1.05,0,0.94,0.0,0.04,0.04,0.0,0.18,0.04,0.0,0.0,0.65,48.26,44.91,3.35,93.05,24.35,20.56,6.89,0.0,0.0,1.95,73.97,33,31,2495,0.25,0.0,1.3,1.23,5.7,0.76,5.16,58.85,5.09,60.0,0.07,25.0
206,1438837,Premier League,24/25,Crystal Palace,Romain Esse,Midfielder,6.92,0.62,0.2,0.0,0.62,0.62,0.0,100.0,1.23,33.33,0.62,0.0,0.0,0.0,0.62,0.0,0.0,0.0,0.0,0.0,0.0,0.0,0.0,0.0,5.55,0.62,0.62,0,0.0,0.0,0.0,0.0,0.0,0.0,0.62,0.62,0.0,1.85,25.89,19.73,6.16,76.19,5.55,14.18,8.63,0.0,0.0,1.23,50.0,7,1,146,0.0,0.0,1.23,1.85,14.18,1.23,10.48,62.96,8.63,63.64,1.85,60.0
207,954056,Premier League,24/25,Manchester City,Nico González,Midfielder,6.91,0.12,0.06,0.24,1.06,0.24,0.59,11.11,0.12,25.0,0.12,0.0,0.0,0.0,0.12,0.24,0.0,0.0,0.0,0.0,0.0,0.0,0.0,0.0,1.89,0.94,2.48,0,0.59,0.0,0.0,0.0,0.0,0.35,0.0,0.0,0.0,0.12,73.25,67.59,5.66,92.27,25.24,42.35,17.93,0.0,0.0,0.94,47.06,11,9,763,0.35,0.0,1.53,0.59,8.49,1.3,4.48,46.34,2.6,40.74,1.89,57.14
208,791190,Premier League,24/25,Tottenham Hotspur,Rodrigo Bentancur,Midfielder,6.91,0.11,0.07,0.0,1.19,0.33,0.38,9.09,0.49,52.94,0.11,0.0,0.11,0.0,0.0,0.0,0.05,0.0,0.0,0.0,0.0,0.0,0.0,0.0,2.17,2.17,2.0,0,1.14,0.0,0.05,0.0,0.0,0.11,0.0,0.0,0.0,0.54,57.87,51.04,6.83,88.2,24.71,26.44,12.35,0.11,50.0,1.25,58.97,26,21,1661,0.49,0.0,1.84,0.54,9.59,1.08,5.15,45.67,3.2,42.14,1.95,52.94
209,1126569,Premier League,24/25,Leicester City,Bilal El Khannouss,Midfielder,6.91,0.08,0.05,0.0,1.23,0.29,0.49,6.67,1.39,59.65,0.04,0.04,0.0,0.0,0.08,0.12,0.04,0.0,0.0,0.0,0.0,0.0,0.0,0.0,2.04,0.25,0.37,0,0.61,0.0,0.12,0.0,0.0,0.04,0.33,0.12,0.0,1.72,39.01,31.33,7.68,80.31,13.32,18.75,10.25,0.74,20.22,2.33,68.67,32,27,2203,0.16,0.0,1.23,0.53,14.87,1.55,4.74,47.15,3.96,47.78,0.78,44.19
210,927353,Premier League,24/25,Liverpool FC,Curtis Jones,Midfielder,6.91,0.16,0.23,0.26,1.76,0.67,0.31,8.82,0.62,60.0,0.16,0.0,0.0,0.05,0.1,0.0,0.05,0.05,0.0,0.0,0.0,0.0,0.0,0.0,2.02,0.36,0.41,0,0.52,0.05,0.1,0.0,0.0,0.05,0.1,0.16,0.0,1.14,54.93,51.46,3.48,93.67,21.22,30.29,16.08,0.05,12.5,1.14,61.11,33,19,1735,0.05,0.05,0.93,1.3,7.57,1.87,4.67,51.72,3.94,52.05,0.73,50.0
211,1136731,Premier League,24/25,Manchester City,Rico Lewis,Defender,6.91,0.05,0.07,0.09,0.47,0.09,0.28,10.0,0.43,45.0,0.05,0.0,0.0,0.0,0.05,0.05,0.0,0.0,0.0,0.0,0.0,0.0,0.0,0.0,1.42,0.62,1.9,0,0.38,0.0,0.05,0.0,0.0,0.14,0.0,0.09,0.0,0.33,57.12,52.24,4.89,91.45,19.69,32.55,17.32,0.0,0.0,1.0,50.0,28,21,1897,0.14,0.05,0.57,1.61,7.69,0.9,3.75,55.24,3.46,59.35,0.28,30.0
212,794953,Premier League,24/25,Tottenham Hotspur,Kevin Danso,Defender,6.91,0.0,0.04,0.0,0.75,0.32,0.43,0.0,0.21,66.67,0.0,0.0,0.0,0.0,0.0,0.0,0.0,0.0,0.0,0.0,0.0,0.0,0.0,0.0,0.75,0.64,7.47,0,0.53,0.11,0.0,0.0,0.0,0.0,0.0,0.0,0.0,0.21,59.15,51.14,8.01,86.46,38.43,12.81,3.42,0.11,100.0,1.92,37.5,10,9,843,0.0,0.0,0.96,1.39,9.4,0.32,4.59,58.9,2.35,55.0,2.24,63.64
213,803031,Premier League,24/25,Manchester United,Matthijs de Ligt,Defender,6.91,0.08,0.1,0.08,0.76,0.42,0.21,11.11,0.08,50.0,0.08,0.0,0.04,0.04,0.0,0.04,0.08,0.0,0.0,0.0,0.0,0.0,0.0,0.0,1.27,1.4,3.85,0,0.38,0.0,0.0,0.08,0.0,0.13,0.0,0.0,0.0,0.25,57.94,52.36,5.58,90.36,39.97,12.48,3.34,0.08,33.33,1.4,34.02,29,25,2128,0.13,0.0,0.68,0.51,6.3,0.13,4.31,63.75,1.86,61.11,2.45,65.91
214,923894,Premier League,24/25,Chelsea,Wesley Fofana,Defender,6.91,0.0,0.03,0.0,0.23,0.0,0.23,0.0,0.61,72.73,0.0,0.0,0.0,0.0,0.0,0.0,0.0,0.0,0.0,0.0,0.0,0.0,0.0,0.0,0.99,1.07,3.98,0,0.61,0.0,0.15,0.0,0.0,0.08,0.08,0.0,0.0,0.46,59.77,54.26,5.51,90.78,35.2,19.06,6.28,0.0,0.0,1.07,42.42,14,14,1176,0.54,0.0,1.84,1.22,7.88,0.38,4.9,55.17,2.83,48.68,2.07,67.5
215,827362,Premier League,24/25,Liverpool FC,Caoimhin Kelleher,Goalkeeper,6.91,0.0,0.0,0.0,0.0,0.0,0.0,0.0,0.1,100.0,0.0,0.0,0.0,0.0,0.0,0.0,0.0,0.0,0.0,0.0,0.0,0.0,0.0,0.0,0.0,0.0,0.3,0,0.0,0.1,0.1,0.0,0.0,0.4,0.0,0.0,0.0,0.0,33.3,24.0,9.3,72.07,21.7,2.3,0.6,0.0,0.0,3.3,26.4,10,10,900,0.0,0.0,0.0,0.3,9.4,0.0,0.5,100.0,0.3,100.0,0.2,100.0
216,149380,Premier League,24/25,Manchester United,Harry Maguire,Defender,6.91,0.05,0.09,0.2,0.77,0.36,0.31,6.67,0.1,40.0,0.05,0.0,0.05,0.0,0.0,0.05,0.1,0.0,0.0,0.0,0.0,0.0,0.0,0.0,1.53,2.04,3.93,0,0.31,0.0,0.05,0.0,0.0,0.1,0.05,0.0,0.0,0.46,57.09,49.18,7.91,86.15,35.2,13.98,3.78,0.0,0.0,2.96,50.0,27,19,1764,0.36,0.0,0.92,0.56,9.08,0.1,5.46,66.88,2.19,61.43,3.27,71.11
217,980637,Premier League,24/25,Southampton,Taylor Harwood-Bellis,Defender,6.91,0.03,0.06,0.06,0.64,0.25,0.19,5.0,0.1,100.0,0.03,0.0,0.03,0.0,0.0,0.0,0.0,0.0,0.0,0.0,0.0,0.0,0.0,0.0,0.89,0.95,4.46,0,0.51,0.13,0.06,0.0,0.0,0.1,0.1,0.0,0.0,0.45,67.6,59.58,8.02,88.14,39.08,20.53,8.02,0.03,10.0,3.18,50.76,34,32,2828,0.29,0.0,1.11,0.45,9.32,0.16,3.44,50.7,1.43,45.0,2.0,55.75
218,43443,Premier League,24/25,West Ham United,Aaron Cresswell,Defender,6.91,0.0,0.02,0.0,0.53,0.0,0.43,0.0,0.11,50.0,0.0,0.0,0.0,0.0,0.0,0.0,0.0,0.0,0.0,0.0,0.0,0.0,0.21,0.0,1.17,0.85,3.83,0,0.21,0.0,0.0,0.0,0.0,0.32,0.21,0.0,0.0,0.96,55.36,47.92,7.44,86.56,28.8,20.19,9.67,1.06,27.78,4.57,53.75,18,10,847,0.32,0.0,0.43,0.21,11.79,0.0,2.23,60.0,1.49,66.67,0.74,50.0
219,871765,Premier League,24/25,Nottingham Forest,Nicolás Domínguez,Midfielder,6.9,0.0,0.07,0.14,0.96,0.41,0.41,0.0,0.14,42.86,0.0,0.0,0.0,0.0,0.0,0.0,0.05,0.0,0.0,0.0,0.0,0.0,0.0,0.0,3.93,1.32,2.38,0,1.83,0.05,0.0,0.0,0.0,0.14,0.09,0.05,0.0,0.59,42.35,37.14,5.21,87.7,15.81,21.43,10.96,0.09,28.57,1.01,53.66,34,23,1970,0.41,0.0,1.51,0.82,7.58,0.55,6.12,54.47,4.89,54.59,1.23,54.0
220,1142182,Premier League,24/25,Manchester United,Tyler Fredricson,Defender,6.9,0.0,0.0,0.0,0.0,0.0,0.0,0.0,0.54,100.0,0.0,0.0,0.0,0.0,0.0,0.0,0.0,0.0,0.0,0.0,0.0,0.0,0.0,0.0,2.71,0.54,5.96,0,0.54,0.0,0.0,0.0,0.0,0.0,0.0,0.0,0.0,0.0,66.14,59.64,6.51,90.16,36.87,22.77,8.13,0.0,0.0,2.17,50.0,2,2,166,0.0,0.0,0.0,1.08,7.59,0.0,8.13,71.43,4.34,88.89,3.8,58.33
221,1445799,Premier League,24/25,Manchester United,Ayden Heaven,Defender,6.9,0.0,0.07,0.0,1.05,0.0,0.53,0.0,1.05,50.0,0.0,0.0,0.0,0.0,0.0,0.0,0.0,0.0,0.0,0.0,0.0,0.0,0.0,0.0,2.11,2.11,4.21,0,0.0,0.0,0.0,0.0,0.0,0.0,0.0,0.0,0.0,0.53,55.26,47.37,7.89,85.71,31.58,15.79,4.74,0.0,0.0,1.58,42.86,4,2,171,0.53,0.0,2.11,2.11,11.58,0.53,6.32,57.14,5.26,62.5,1.05,40.0
222,10589,Premier League,24/25,Everton,Ashley Young,Defender,6.9,0.05,0.01,0.0,0.29,0.14,0.0,16.67,0.33,43.75,0.0,0.05,0.0,0.0,0.05,0.0,0.0,0.0,0.0,0.0,0.0,0.05,0.14,33.33,2.78,1.2,2.68,0,1.05,0.0,0.1,0.0,0.0,0.33,0.29,0.14,0.0,1.24,35.26,25.93,9.33,73.54,12.97,13.88,7.99,0.91,25.33,2.97,39.74,32,19,1881,0.33,0.05,1.44,1.05,14.93,0.05,4.64,57.4,4.11,58.5,0.53,50.0
223,827679,Premier League,24/25,Aston Villa,Ezri Konsa,Defender,6.9,0.06,0.04,0.0,0.34,0.15,0.12,18.18,0.25,53.33,0.06,0.0,0.0,0.0,0.06,0.03,0.03,0.0,0.0,0.0,0.0,0.0,0.0,0.0,1.04,0.74,3.28,0,0.15,0.03,0.09,0.0,0.0,0.25,0.03,0.0,0.0,0.18,50.04,46.67,3.37,93.26,30.95,15.72,4.84,0.0,0.0,1.01,45.83,34,33,2937,0.03,0.0,0.28,1.44,4.69,0.31,3.68,68.97,2.73,74.79,0.95,56.36
224,802695,Premier League,24/25,Crystal Palace,Ben Chilwell,Defender,6.9,0.34,0.09,0.0,1.72,1.03,0.69,20.0,0.69,40.0,0.0,0.34,0.0,0.34,0.0,0.0,0.69,0.0,0.0,0.0,0.0,0.34,0.69,50.0,2.4,2.06,3.78,0,1.37,0.0,0.0,0.0,0.0,0.0,0.34,0.0,0.0,1.72,32.29,23.36,8.93,72.34,10.65,13.4,6.87,0.69,28.57,1.03,18.75,8,1,262,0.34,0.0,0.69,1.03,14.43,0.69,5.15,50.0,4.12,52.17,1.03,42.86
225,1137431,Premier League,24/25,Brentford,Michael Kayode,Defender,6.9,0.0,0.04,0.0,0.34,0.0,0.34,0.0,1.51,52.94,0.0,0.0,0.0,0.0,0.0,0.0,0.0,0.0,0.0,0.0,0.0,0.0,0.0,0.0,2.85,1.17,2.85,0,0.67,0.0,0.0,0.0,0.0,0.17,0.34,0.17,0.0,1.34,28.99,24.64,4.36,84.97,12.4,12.74,6.54,0.5,30.0,1.17,53.85,12,6,537,0.34,0.0,1.34,0.5,13.91,0.5,6.37,58.46,4.86,55.77,1.51,69.23
226,250223,Premier League,24/25,Aston Villa,John McGinn,Midfielder,6.9,0.04,0.13,0.16,1.24,0.2,0.64,3.23,0.8,60.61,0.04,0.0,0.0,0.0,0.04,0.0,0.12,0.04,0.0,0.0,0.0,0.0,0.04,0.0,1.32,0.56,0.56,0,0.72,0.0,0.12,0.0,0.0,0.08,0.24,0.16,0.04,1.28,31.6,27.36,4.25,86.57,10.53,17.42,9.29,0.6,25.0,1.28,58.18,34,27,2247,0.28,0.0,1.72,2.76,9.57,1.16,5.57,54.94,4.89,54.46,0.68,58.62
227,793988,Premier League,24/25,Everton,Orel Mangala,Midfielder,6.89,0.07,0.08,0.0,1.15,0.43,0.57,6.25,1.0,60.87,0.07,0.0,0.0,0.0,0.07,0.07,0.14,0.0,0.0,0.0,0.0,0.0,0.0,0.0,1.15,1.51,1.51,0,0.22,0.0,0.07,0.0,0.0,0.22,0.0,0.0,0.0,0.57,34.64,31.27,3.37,90.27,13.34,18.0,9.04,0.07,16.67,1.08,68.18,19,14,1255,0.14,0.0,1.72,1.22,6.31,0.86,3.8,48.62,3.37,49.47,0.43,42.86
228,94758,Premier League,24/25,Tottenham Hotspur,Ben Davies,Defender,6.89,0.0,0.02,0.0,0.34,0.07,0.2,0.0,0.07,100.0,0.0,0.0,0.0,0.0,0.0,0.0,0.0,0.0,0.0,0.0,0.0,0.0,0.0,0.0,1.15,0.81,5.35,0,0.54,0.0,0.07,0.0,0.0,0.2,0.0,0.0,0.0,0.14,68.41,60.23,8.19,88.03,42.77,17.53,3.99,0.07,25.0,2.5,44.58,17,14,1330,0.34,0.0,1.15,0.47,8.93,0.0,5.21,52.74,1.62,50.0,3.59,54.08
229,371222,Premier League,24/25,Fulham,Saša Lukić,Midfielder,6.89,0.0,0.04,0.08,0.69,0.11,0.31,0.0,0.31,61.54,0.0,0.0,0.0,0.0,0.0,0.0,0.0,0.0,0.0,0.0,0.0,0.0,0.0,0.0,2.6,1.07,1.22,0,1.22,0.0,0.04,0.04,0.0,0.0,0.15,0.08,0.04,1.03,45.67,41.16,4.51,90.13,18.69,23.31,10.62,0.84,35.48,1.61,71.19,30,28,2355,0.46,0.0,2.52,0.99,7.53,0.31,4.62,47.27,3.9,48.11,0.73,43.18
230,358084,Premier League,24/25,Ipswich Town,Cameron Burgess,Defender,6.89,0.0,0.07,0.12,0.58,0.18,0.29,0.0,0.0,0.0,0.0,0.0,0.0,0.0,0.0,0.06,0.06,0.0,0.0,0.0,0.0,0.0,0.0,0.0,0.99,0.82,7.31,0,0.12,0.0,0.18,0.0,0.0,0.0,0.0,0.12,0.0,0.41,45.0,36.58,8.42,81.3,26.47,10.11,3.97,0.0,0.0,2.98,41.8,18,16,1540,0.0,0.0,0.35,0.23,8.82,0.0,3.8,68.42,1.23,72.41,2.57,66.67
231,30144,Premier League,24/25,Manchester United,Jonny Evans,Defender,6.89,0.0,0.04,0.0,0.57,0.29,0.29,0.0,0.29,100.0,0.0,0.0,0.0,0.0,0.0,0.0,0.0,0.0,0.0,0.0,0.0,0.0,0.0,0.0,2.29,1.43,4.3,0,0.86,0.0,0.0,0.0,0.0,0.29,0.0,0.0,0.0,0.0,61.34,54.46,6.88,88.79,39.84,14.62,4.3,0.0,0.0,1.72,50.0,7,3,314,0.29,0.0,1.43,1.72,7.45,0.0,6.88,68.57,4.01,63.64,2.87,76.92
232,980634,Premier League,24/25,Newcastle United,Tino Livramento,Defender,6.89,0.0,0.01,0.0,0.19,0.06,0.06,0.0,0.79,52.08,0.0,0.0,0.0,0.0,0.0,0.0,0.06,0.0,0.0,0.0,0.0,0.0,0.0,0.0,1.71,0.73,2.98,0,0.86,0.0,0.03,0.0,0.0,0.22,0.16,0.03,0.0,0.82,42.85,37.43,5.42,87.36,17.86,19.92,10.7,0.35,21.15,0.76,39.34,37,32,2842,0.03,0.0,0.19,1.11,10.77,1.24,4.47,52.03,3.61,54.55,0.86,43.55
233,973418,Premier League,24/25,Wolverhampton,Toti Gomes,Defender,6.89,0.0,0.03,0.03,0.24,0.1,0.14,0.0,0.69,66.67,0.0,0.0,0.0,0.0,0.0,0.0,0.14,0.0,0.0,0.0,0.0,0.0,0.0,0.0,2.1,0.86,5.06,0,0.31,0.0,0.17,0.03,0.0,0.28,0.03,0.03,0.0,0.31,57.3,49.59,7.71,86.55,33.66,16.04,4.58,0.1,23.08,1.72,35.46,31,30,2615,0.24,0.0,0.83,0.52,9.91,0.52,5.13,63.95,3.3,62.75,1.82,66.25
234,997830,Premier League,24/25,Leicester City,Jakub Stolarczyk,Goalkeeper,6.89,0.0,0.0,0.0,0.0,0.0,0.0,0.0,0.0,0.0,0.0,0.0,0.0,0.0,0.0,0.0,0.0,0.0,0.0,0.0,0.0,0.0,0.0,0.0,0.2,0.0,1.6,0,0.1,0.0,0.1,0.0,0.0,0.2,0.0,0.0,0.0,0.0,35.0,20.3,14.7,58.0,16.7,3.6,1.1,0.0,0.0,6.4,30.48,10,10,900,0.1,0.0,0.0,0.0,14.9,0.0,0.7,87.5,0.2,66.67,0.5,100.0
235,152077,Premier League,24/25,Manchester City,John Stones,Defender,6.88,0.33,0.07,0.0,0.33,0.33,0.0,100.0,0.33,100.0,0.33,0.0,0.17,0.17,0.0,0.0,0.0,0.0,0.0,0.0,0.0,0.0,0.0,0.0,0.99,0.66,2.97,0,0.0,0.17,0.0,0.0,0.0,0.17,0.0,0.0,0.0,0.33,66.39,60.61,5.78,91.29,29.89,30.72,15.69,0.0,0.0,2.97,72.0,11,6,545,0.17,0.0,0.33,0.33,6.28,0.0,2.97,69.23,1.65,83.33,1.32,57.14
236,976037,Premier League,24/25,Arsenal,Jakub Kiwior,Defender,6.88,0.08,0.01,0.0,0.24,0.08,0.0,33.33,0.24,60.0,0.08,0.0,0.08,0.0,0.0,0.0,0.08,0.0,0.0,0.0,0.0,0.0,0.0,0.0,1.75,0.48,4.53,0,0.32,0.0,0.24,0.0,0.0,0.24,0.08,0.0,0.0,0.4,57.96,53.27,4.69,91.91,29.02,24.25,9.06,0.0,0.0,1.83,54.76,17,10,1132,0.08,0.0,0.8,0.32,5.64,0.16,3.18,56.34,2.31,61.7,0.87,45.83
237,219572,Premier League,24/25,Brighton & Hove Albion,Joël Veltman,Defender,6.88,0.0,0.02,0.05,0.32,0.05,0.16,0.0,0.21,44.44,0.0,0.0,0.0,0.0,0.0,0.05,0.0,0.0,0.0,0.0,0.0,0.0,0.0,0.0,2.28,1.01,3.28,0,1.11,0.0,0.0,0.05,0.0,0.26,0.11,0.0,0.0,0.32,41.0,33.8,7.2,82.43,17.06,17.16,8.69,0.42,33.33,1.7,48.48,21,19,1699,0.26,0.0,1.43,2.33,11.44,0.37,5.93,60.54,4.77,62.5,1.17,53.66
238,366592,Premier League,24/25,Arsenal,Kieran Tierney,Defender,6.88,0.33,0.12,0.33,0.65,0.33,0.33,50.0,0.65,66.67,0.33,0.0,0.0,0.0,0.33,0.0,0.65,0.0,0.0,0.0,0.0,0.0,0.0,0.0,2.29,0.98,2.95,0,0.65,0.0,0.0,0.0,0.0,0.0,0.65,0.0,0.0,2.62,47.45,43.2,4.25,91.03,13.42,30.44,17.67,0.65,14.29,1.31,66.67,13,2,275,0.0,0.0,0.33,0.65,10.47,0.0,5.24,64.0,3.27,71.43,1.96,54.55
239,876599,Premier League,24/25,Wolverhampton,Jørgen Strand Larsen,Forward,6.88,0.48,0.36,0.45,1.87,1.18,0.52,25.93,0.28,42.11,0.42,0.07,0.1,0.1,0.28,0.1,0.55,0.0,0.0,0.0,0.0,0.0,0.0,0.0,0.35,0.21,1.0,0,0.8,0.0,0.0,0.0,0.0,0.03,0.21,0.14,0.0,0.73,15.62,10.18,5.44,65.19,3.43,6.79,3.43,0.03,16.67,0.38,61.11,35,30,2599,0.14,0.0,1.59,0.66,10.35,1.18,3.6,33.02,1.28,25.0,2.32,40.12
240,794839,Premier League,24/25,Arsenal,Gabriel Jesus,Forward,6.88,0.43,0.43,0.43,2.87,1.15,1.15,15.0,1.29,47.37,0.43,0.0,0.14,0.0,0.29,0.14,1.29,0.0,0.0,0.0,0.0,0.0,0.0,0.0,1.44,0.57,1.0,0,0.72,0.0,0.0,0.0,0.0,0.14,0.14,0.0,0.0,1.15,27.27,21.82,5.45,80.0,6.32,15.65,10.05,0.14,14.29,0.29,50.0,17,6,627,0.57,0.0,2.01,1.44,12.2,1.87,5.45,39.18,4.16,42.03,1.29,32.14
241,318927,Premier League,24/25,Liverpool FC,Joe Gomez,Defender,6.88,0.0,0.06,0.17,0.51,0.34,0.17,0.0,0.0,0.0,0.0,0.0,0.0,0.0,0.0,0.0,0.0,0.0,0.0,0.0,0.0,0.0,0.0,0.0,2.22,1.2,3.25,0,0.86,0.0,0.34,0.0,0.0,0.17,0.0,0.0,0.0,0.34,71.18,63.65,7.53,89.42,40.72,23.1,7.87,0.17,50.0,2.22,46.43,9,6,526,0.17,0.0,0.34,0.51,8.73,0.34,4.28,65.79,2.74,64.0,1.54,69.23
242,1036269,Premier League,24/25,Brighton & Hove Albion,Yasin Ayari,Midfielder,6.88,0.09,0.11,0.09,1.27,0.36,0.63,7.14,0.81,50.0,0.0,0.09,0.0,0.0,0.09,0.05,0.14,0.0,0.0,0.0,0.0,0.0,0.09,0.0,2.67,0.9,1.13,0,1.36,0.0,0.0,0.05,0.0,0.05,0.27,0.05,0.0,1.36,40.7,34.78,5.92,85.44,17.82,17.91,8.05,0.95,30.43,0.54,32.43,34,22,1990,0.18,0.0,1.67,1.18,11.94,0.99,5.38,48.97,4.66,50.0,0.72,43.24
243,361420,Premier League,24/25,Tottenham Hotspur,Dominic Solanke,Forward,6.88,0.37,0.45,0.49,2.45,1.06,0.73,15.0,0.69,35.42,0.37,0.0,0.08,0.08,0.2,0.0,0.2,0.0,0.04,0.04,100.0,0.0,0.0,0.0,0.73,0.04,0.94,0,0.49,0.0,0.0,0.0,0.04,0.08,0.24,0.12,0.0,0.57,14.4,10.28,4.12,71.39,3.63,6.69,4.08,0.04,25.0,0.45,73.33,27,25,2206,0.0,0.0,1.47,1.47,10.77,2.08,4.77,38.36,2.9,35.86,1.88,42.99
244,1015256,Premier League,24/25,Fulham,Rodrigo Muniz,Forward,6.88,0.74,0.54,0.47,3.63,1.77,1.58,20.51,0.56,40.0,0.65,0.09,0.0,0.09,0.65,0.0,0.28,0.0,0.0,0.0,0.0,0.0,0.0,0.0,0.93,0.47,1.3,0,0.0,0.0,0.0,0.0,0.0,0.0,0.09,0.09,0.0,0.65,13.03,8.56,4.47,65.71,1.95,6.61,3.72,0.0,0.0,0.74,80.0,31,8,967,0.09,0.0,1.02,2.89,12.1,2.23,10.61,51.58,4.37,51.65,6.24,51.54
245,125274,Premier League,24/25,Manchester City,Stefan Ortega,Goalkeeper,6.88,0.0,0.0,0.0,0.0,0.0,0.0,0.0,0.0,0.0,0.0,0.0,0.0,0.0,0.0,0.0,0.0,0.0,0.0,0.0,0.0,0.0,0.0,0.0,0.0,0.0,1.15,0,0.08,0.0,0.08,0.08,0.0,0.25,0.0,0.0,0.0,0.0,33.0,26.21,6.8,79.4,24.49,1.72,0.49,0.0,0.0,4.75,43.94,13,12,1099,0.08,0.0,0.08,0.16,7.04,0.0,0.33,66.67,0.16,50.0,0.16,100.0
246,800417,Premier League,24/25,Nottingham Forest,Ola Aina,Defender,6.87,0.06,0.02,0.03,0.33,0.06,0.18,18.18,0.99,55.0,0.03,0.03,0.0,0.03,0.03,0.0,0.06,0.0,0.0,0.0,0.0,0.0,0.0,0.0,1.65,0.99,3.18,0,0.84,0.0,0.12,0.03,0.0,0.33,0.09,0.03,0.0,0.48,30.78,24.64,6.14,80.04,11.3,13.73,7.31,0.39,22.03,0.84,31.46,35,35,3003,0.15,0.0,0.69,1.05,13.7,0.66,4.08,53.54,3.69,55.41,0.39,40.63
247,894733,Premier League,24/25,Wolverhampton,Marshall Munetsi,Midfielder,6.87,0.17,0.28,0.42,1.84,0.58,0.75,9.09,0.25,30.0,0.08,0.08,0.0,0.0,0.17,0.08,0.25,0.0,0.0,0.0,0.0,0.0,0.0,0.0,2.0,0.5,1.42,0,0.83,0.0,0.0,0.0,0.0,0.33,0.25,0.08,0.0,0.75,16.77,12.34,4.42,73.63,5.84,6.76,3.17,0.25,30.0,0.0,0.0,14,12,1079,0.0,0.0,1.58,0.83,9.26,1.0,5.51,48.89,3.09,45.12,2.42,54.72
248,975937,Premier League,24/25,Aston Villa,Jacob Ramsey,Midfielder,6.87,0.06,0.09,0.11,1.05,0.22,0.44,5.26,1.38,65.79,0.06,0.0,0.0,0.06,0.0,0.06,0.28,0.06,0.0,0.0,0.0,0.0,0.0,0.0,1.66,0.44,0.44,0,0.55,0.06,0.0,0.0,0.0,0.0,0.28,0.17,0.06,1.22,31.46,27.25,4.2,86.64,8.51,18.85,12.38,0.11,16.67,0.33,54.55,29,19,1628,0.11,0.06,0.72,1.55,9.34,1.27,4.98,55.9,4.59,58.87,0.39,35.0
249,96531,Premier League,24/25,West Ham United,Alphonse Aréola,Goalkeeper,6.87,0.0,0.0,0.0,0.0,0.0,0.0,0.0,0.0,0.0,0.0,0.0,0.0,0.0,0.0,0.0,0.0,0.0,0.0,0.0,0.0,0.0,0.0,0.0,0.08,0.0,1.0,0,0.04,0.12,0.0,0.0,0.04,0.16,0.0,0.0,0.0,0.0,34.46,22.79,11.67,66.13,18.76,4.02,1.04,0.0,0.0,6.45,36.99,26,25,2259,0.0,0.0,0.0,0.0,11.99,0.0,0.16,80.0,0.08,66.67,0.08,100.0
250,994363,Premier League,24/25,Brighton & Hove Albion,Bart Verbruggen,Goalkeeper,6.87,0.0,0.0,0.0,0.0,0.0,0.0,0.0,0.06,100.0,0.0,0.0,0.0,0.0,0.0,0.0,0.0,0.0,0.0,0.0,0.0,0.0,0.0,0.0,0.0,0.0,1.28,0,0.08,0.14,0.0,0.0,0.0,0.19,0.0,0.03,0.0,0.03,32.97,24.75,8.22,75.06,22.44,2.31,0.83,0.0,0.0,5.25,40.04,36,36,3240,0.17,0.0,0.0,0.06,8.5,0.0,0.39,77.78,0.11,57.14,0.28,90.91
251,931844,Premier League,24/25,Crystal Palace,Chris Richards,Defender,6.87,0.05,0.06,0.05,0.56,0.28,0.14,8.33,0.05,16.67,0.05,0.0,0.05,0.0,0.0,0.0,0.05,0.05,0.0,0.0,0.0,0.0,0.0,0.0,2.2,0.89,5.28,0,0.79,0.0,0.0,0.0,0.0,0.33,0.0,0.0,0.0,0.09,38.95,31.65,7.29,81.27,23.0,8.7,2.01,0.05,20.0,1.36,29.0,24,22,1925,0.09,0.05,0.51,0.23,8.79,0.23,4.72,56.11,2.43,57.78,2.29,54.44
252,827606,Premier League,24/25,Manchester City,Rodri,Midfielder,6.87,0.0,0.0,0.0,0.0,0.0,0.0,0.0,0.0,0.0,0.0,0.0,0.0,0.0,0.0,0.0,0.0,0.0,0.0,0.0,0.0,0.0,0.0,0.0,2.25,1.12,1.12,0,0.0,0.0,0.0,0.0,0.0,0.0,0.0,0.0,0.0,1.12,76.5,72.0,4.5,94.12,23.62,48.38,25.87,0.0,0.0,5.62,100.0,3,1,80,0.0,0.0,1.12,2.25,4.5,0.0,5.62,83.33,4.5,80.0,1.12,100.0
253,973556,Premier League,24/25,Ipswich Town,Julio Enciso,Midfielder,6.87,0.15,0.21,0.08,3.97,1.68,1.38,3.85,3.06,52.63,0.08,0.08,0.0,0.0,0.15,0.08,0.0,0.0,0.0,0.0,0.0,0.0,0.15,0.0,0.92,0.08,0.53,0,0.69,0.0,0.0,0.08,0.0,0.0,0.31,0.23,0.0,1.38,27.05,19.94,7.11,73.73,6.65,13.9,7.87,0.61,19.51,0.46,42.86,25,14,1178,0.23,0.0,0.92,2.14,18.34,2.98,7.18,44.55,6.11,45.71,1.07,38.89
254,891829,Premier League,24/25,Brighton & Hove Albion,Matt O'Riley,Midfielder,6.87,0.19,0.26,0.19,2.05,0.65,0.75,9.09,0.75,66.67,0.19,0.0,0.0,0.19,0.0,0.09,0.19,0.09,0.09,0.09,100.0,0.0,0.19,0.0,1.49,1.21,0.84,0,0.84,0.09,0.0,0.0,0.09,0.0,0.37,0.19,0.0,1.96,33.61,27.91,5.7,83.06,13.35,16.06,8.87,1.49,31.37,1.12,50.0,21,11,964,0.09,0.0,1.49,1.21,11.67,0.37,3.92,50.6,3.36,52.17,0.56,42.86
255,1015267,Premier League,24/25,Wolverhampton,João Gomes,Midfielder,6.87,0.09,0.09,0.06,1.05,0.21,0.51,8.57,0.9,51.72,0.09,0.0,0.0,0.03,0.06,0.03,0.03,0.0,0.0,0.0,0.0,0.0,0.0,0.0,3.5,0.75,0.96,0,1.87,0.0,0.0,0.0,0.0,0.12,0.0,0.03,0.0,0.69,47.43,40.89,6.54,86.21,18.92,22.15,10.3,0.18,20.69,1.33,52.38,36,35,2987,0.27,0.03,2.11,1.42,11.09,1.54,6.15,46.36,5.82,48.01,0.33,28.95
256,955245,Premier League,24/25,Liverpool FC,Harvey Elliott,Midfielder,6.86,0.23,0.4,0.0,3.83,0.9,2.03,5.88,0.9,50.0,0.23,0.0,0.0,0.23,0.0,0.23,0.23,0.0,0.0,0.0,0.0,0.0,0.23,0.0,1.13,0.23,0.68,0,1.35,0.0,0.23,0.0,0.0,0.0,0.23,0.45,0.0,2.26,60.68,51.65,9.02,85.13,18.05,34.29,20.08,0.68,25.0,4.06,75.0,18,2,399,0.23,0.0,0.0,0.23,14.66,0.9,2.48,40.74,2.26,41.67,0.23,33.33
257,990821,Premier League,24/25,Ipswich Town,Jacob Greaves,Defender,6.86,0.04,0.05,0.08,0.41,0.16,0.16,10.0,0.16,80.0,0.04,0.0,0.04,0.0,0.0,0.04,0.04,0.0,0.0,0.0,0.0,0.0,0.0,0.0,1.63,0.86,5.88,0,0.53,0.08,0.04,0.0,0.0,0.08,0.0,0.0,0.0,0.2,44.69,38.69,6.0,86.58,26.69,12.0,4.94,0.0,0.0,0.98,30.0,25,25,2205,0.2,0.0,0.65,0.86,7.1,0.08,6.04,67.27,2.57,67.02,3.47,67.46
258,972421,Premier League,24/25,Brentford,Keane Lewis-Potter,Defender,6.86,0.03,0.09,0.12,0.81,0.41,0.26,3.57,1.19,45.05,0.03,0.0,0.0,0.03,0.0,0.03,0.12,0.03,0.0,0.0,0.0,0.0,0.03,0.0,1.42,0.61,1.92,0,0.55,0.03,0.06,0.0,0.0,0.2,0.12,0.09,0.0,0.75,30.42,24.5,5.92,80.53,12.19,13.03,7.72,0.73,32.05,1.89,45.77,38,36,3101,0.2,0.0,0.52,0.9,12.1,0.58,4.3,51.21,3.51,53.3,0.78,43.55
259,173827,Premier League,24/25,Leicester City,Jamie Vardy,Forward,6.86,0.29,0.36,0.44,1.84,0.82,0.67,15.52,0.35,52.38,0.29,0.0,0.03,0.06,0.19,0.03,0.86,0.06,0.06,0.03,50.0,0.0,0.03,0.0,0.6,0.16,0.76,0,0.29,0.0,0.0,0.0,0.0,0.0,0.19,0.13,0.0,0.6,11.76,8.15,3.61,69.27,3.68,4.5,2.54,0.03,9.09,0.13,50.0,35,35,2839,0.16,0.0,0.79,0.73,6.02,0.44,3.27,47.91,1.65,48.15,1.62,47.66
260,814873,Premier League,24/25,Brentford,Vitaly Janelt,Midfielder,6.86,0.04,0.03,0.0,0.55,0.16,0.28,7.14,0.12,30.0,0.0,0.04,0.0,0.04,0.0,0.0,0.04,0.0,0.0,0.0,0.0,0.0,0.0,0.0,1.5,1.06,1.89,0,0.59,0.0,0.04,0.0,0.08,0.04,0.28,0.12,0.0,0.59,39.94,33.73,6.22,84.43,17.28,16.8,9.29,0.35,30.0,1.89,44.04,32,27,2287,0.12,0.0,0.94,0.59,8.58,0.39,2.95,52.82,2.2,50.91,0.75,59.38
261,132645,Premier League,24/25,West Ham United,Niclas Füllkrug,Forward,6.85,0.34,0.25,0.0,1.83,0.8,0.8,18.75,0.11,14.29,0.34,0.0,0.23,0.11,0.0,0.23,1.14,0.0,0.0,0.0,0.0,0.0,0.0,0.0,0.46,0.11,1.83,0,0.11,0.0,0.0,0.0,0.0,0.0,0.23,0.23,0.0,1.6,22.39,15.19,7.2,67.86,6.17,9.02,5.14,0.0,0.0,0.46,44.44,18,6,788,0.23,0.0,2.4,0.69,10.96,0.8,5.71,36.5,1.26,24.44,4.45,42.39
262,997087,Premier League,24/25,Ipswich Town,Liam Delap,Forward,6.85,0.41,0.32,0.34,2.34,1.1,0.72,17.65,1.38,51.95,0.38,0.03,0.0,0.14,0.28,0.1,0.48,0.07,0.07,0.07,100.0,0.0,0.0,0.0,0.38,0.07,0.96,0,0.45,0.0,0.0,0.0,0.0,0.0,0.1,0.07,0.0,0.72,11.99,7.44,4.55,62.07,2.38,5.1,3.2,0.03,20.0,0.17,26.32,37,32,2612,0.41,0.0,2.48,1.76,11.78,2.07,5.41,38.01,3.41,35.48,2.0,43.28
263,1065214,Premier League,24/25,Southampton,Samuel Edozie,Midfielder,6.85,0.0,0.0,0.0,0.0,0.0,0.0,0.0,2.81,50.0,0.0,0.0,0.0,0.0,0.0,0.0,0.0,0.0,0.0,0.0,0.0,0.0,0.0,0.0,4.22,0.0,0.0,0,0.0,0.0,0.0,0.0,0.0,0.0,0.0,0.0,0.0,1.41,40.78,33.75,7.03,82.76,2.81,32.34,25.31,1.41,25.0,0.0,0.0,2,0,64,1.41,0.0,2.81,1.41,21.09,0.0,8.44,60.0,8.44,60.0,0.0,0.0
264,548660,Premier League,24/25,Bournemouth,Philip Billing,Midfielder,6.85,0.0,0.27,0.0,2.38,0.48,1.43,0.0,0.48,100.0,0.0,0.0,0.0,0.0,0.0,0.0,0.0,0.0,0.0,0.0,0.0,0.0,0.0,0.0,6.67,2.38,0.95,0,0.48,0.0,0.0,0.0,0.0,0.0,1.43,0.0,0.0,4.29,42.86,31.9,10.95,74.44,8.57,24.29,13.33,0.95,20.0,0.95,33.33,10,1,189,0.48,0.0,1.43,0.95,20.48,1.9,10.95,65.71,8.1,68.0,2.86,60.0
265,355796,Premier League,24/25,Crystal Palace,Jefferson Lerma,Midfielder,6.85,0.0,0.04,0.04,1.02,0.31,0.43,0.0,0.28,63.64,0.0,0.0,0.0,0.0,0.0,0.0,0.0,0.0,0.0,0.0,0.0,0.0,0.0,0.0,1.38,1.65,3.07,0,0.67,0.04,0.0,0.0,0.0,0.12,0.12,0.04,0.0,0.39,41.48,32.28,9.2,77.82,16.59,15.88,6.64,0.2,41.67,2.12,38.03,33,26,2289,0.35,0.0,1.38,1.53,12.39,0.71,4.8,52.36,3.03,52.38,1.77,52.33
266,1597270,Premier League,24/25,Wolverhampton,Pedro Lima,Defender,6.85,0.0,0.08,0.0,1.29,1.29,0.0,0.0,1.29,33.33,0.0,0.0,0.0,0.0,0.0,0.0,1.29,0.0,0.0,0.0,0.0,0.0,0.0,0.0,1.29,2.57,5.14,0,2.57,0.0,0.0,0.0,0.0,0.0,0.0,0.0,0.0,2.57,33.43,25.71,7.71,76.92,9.0,20.57,14.14,3.86,60.0,0.0,0.0,3,1,70,0.0,0.0,1.29,1.29,16.71,0.0,3.86,27.27,3.86,37.5,0.0,0.0
267,945798,Premier League,24/25,Tottenham Hotspur,Djed Spence,Defender,6.85,0.05,0.03,0.0,0.5,0.15,0.2,10.0,1.89,55.07,0.05,0.0,0.0,0.0,0.05,0.0,0.1,0.0,0.0,0.0,0.0,0.0,0.0,0.0,2.34,1.05,2.79,0,0.35,0.0,0.1,0.0,0.05,0.1,0.1,0.1,0.0,0.55,48.81,42.38,6.43,86.82,22.34,20.49,10.27,0.45,36.0,0.65,32.5,25,19,1805,0.1,0.05,1.05,1.15,13.16,1.65,6.43,55.36,5.39,54.55,1.05,60.0
268,996958,Premier League,24/25,Chelsea,Malo Gusto,Defender,6.85,0.0,0.08,0.1,1.06,0.24,0.53,0.0,0.19,26.67,0.0,0.0,0.0,0.0,0.0,0.0,0.1,0.0,0.0,0.0,0.0,0.0,0.0,0.0,2.16,1.15,1.92,0,1.1,0.05,0.19,0.0,0.0,0.19,0.05,0.05,0.0,1.06,58.24,51.86,6.38,89.04,23.41,28.93,15.06,0.48,18.87,1.87,54.17,32,19,1876,0.19,0.0,0.96,0.96,11.23,0.82,3.74,47.56,3.31,49.29,0.43,37.5
269,1198075,Premier League,24/25,Brighton & Hove Albion,Brajan Gruda,Midfielder,6.85,0.13,0.16,0.0,1.42,0.64,0.64,9.09,1.68,52.0,0.13,0.0,0.0,0.13,0.0,0.0,0.13,0.0,0.0,0.0,0.0,0.0,0.26,0.0,2.06,0.26,0.64,0,0.9,0.0,0.13,0.0,0.0,0.0,0.52,0.52,0.0,2.97,27.34,21.4,5.93,78.3,4.38,18.44,12.51,1.42,37.93,0.9,53.85,21,8,698,0.0,0.0,0.9,1.55,14.57,2.71,5.67,45.83,5.29,46.59,0.39,37.5
270,800419,Premier League,24/25,Bournemouth,Tyler Adams,Midfielder,6.85,0.0,0.07,0.09,0.41,0.09,0.0,0.0,0.18,28.57,0.0,0.0,0.0,0.0,0.0,0.0,0.0,0.0,0.0,0.0,0.0,0.0,0.0,0.0,3.8,1.47,1.69,0,1.51,0.0,0.0,0.05,0.0,0.18,0.05,0.14,0.0,0.82,48.37,41.08,7.28,84.94,20.2,20.93,7.92,0.05,33.33,0.87,29.69,28,21,1965,0.32,0.0,2.06,0.96,9.94,0.55,6.37,54.72,4.95,52.68,1.42,63.27
271,907668,Premier League,24/25,Brighton & Hove Albion,Billy Gilmour,Midfielder,6.85,0.0,0.07,0.0,0.93,0.0,0.0,0.0,0.93,50.0,0.0,0.0,0.0,0.0,0.0,0.0,0.0,0.0,0.0,0.0,0.0,0.0,0.93,0.0,2.78,0.0,0.93,0,0.93,0.0,0.0,0.0,0.0,0.0,0.0,0.0,0.0,0.0,61.24,53.81,7.42,87.88,28.76,25.05,18.56,0.0,0.0,3.71,57.14,2,1,97,0.0,0.0,1.86,2.78,9.28,0.0,6.49,63.64,6.49,63.64,0.0,0.0
272,82566,Premier League,24/25,Fulham,Tom Cairney,Midfielder,6.84,0.28,0.11,0.0,1.56,0.57,0.43,18.18,0.71,55.56,0.28,0.0,0.14,0.14,0.0,0.0,0.0,0.0,0.0,0.0,0.0,0.0,0.28,0.0,1.85,0.57,0.43,0,0.43,0.0,0.14,0.0,0.0,0.0,0.43,0.0,0.0,1.56,86.16,79.91,6.26,92.74,33.13,47.63,26.59,0.85,30.0,2.42,80.95,25,3,633,0.43,0.14,1.14,2.7,10.24,0.57,5.97,60.0,5.26,67.27,0.71,33.33
273,829022,Premier League,24/25,West Ham United,Konstantinos Mavropanos,Defender,6.84,0.0,0.07,0.13,0.79,0.22,0.44,0.0,0.39,64.29,0.0,0.0,0.0,0.0,0.0,0.0,0.13,0.0,0.0,0.0,0.0,0.0,0.0,0.0,1.53,1.75,5.38,0,0.48,0.0,0.04,0.0,0.0,0.09,0.09,0.0,0.0,0.22,54.43,47.3,7.13,86.9,34.78,12.56,3.68,0.04,50.0,2.84,44.83,33,21,2057,0.18,0.04,0.74,0.7,8.36,0.0,5.12,67.24,2.54,65.17,2.58,69.41
274,286165,Premier League,24/25,Fulham,Adama Traoré,Forward,6.84,0.1,0.2,0.35,1.96,0.6,0.6,5.13,2.41,57.14,0.1,0.0,0.0,0.0,0.1,0.0,0.05,0.0,0.0,0.0,0.0,0.0,0.0,0.0,1.0,0.05,0.2,0,0.4,0.05,0.15,0.0,0.0,0.0,0.55,0.35,0.0,2.11,24.28,19.72,4.57,81.2,4.52,16.71,9.53,1.51,30.0,0.45,52.94,36,18,1794,0.15,0.0,1.2,1.61,13.65,1.25,6.27,51.23,5.02,52.08,1.25,48.08
275,98427,Premier League,24/25,Wolverhampton,Sam Johnstone,Goalkeeper,6.84,0.0,0.0,0.0,0.0,0.0,0.0,0.0,0.0,0.0,0.0,0.0,0.0,0.0,0.0,0.0,0.0,0.0,0.0,0.0,0.0,0.0,0.0,0.0,0.0,0.0,1.29,0,0.14,0.0,0.0,0.0,0.0,0.0,0.0,0.0,0.0,0.14,35.57,22.29,13.29,62.65,16.71,5.57,1.43,0.0,0.0,8.86,41.61,7,7,630,0.0,0.0,0.0,0.0,13.43,0.0,0.57,80.0,0.0,0.0,0.57,100.0
276,991584,Premier League,24/25,Leicester City,Luke Thomas,Defender,6.84,0.0,0.03,0.0,0.4,0.0,0.0,0.0,0.24,50.0,0.0,0.0,0.0,0.0,0.0,0.0,0.0,0.0,0.0,0.0,0.0,0.0,0.0,0.0,2.51,1.7,3.64,0,1.62,0.0,0.08,0.08,0.0,0.16,0.08,0.0,0.0,0.73,41.84,35.21,6.64,84.14,21.93,14.0,5.42,0.73,31.03,1.05,34.21,14,13,1112,0.24,0.0,1.29,0.81,12.54,0.32,4.61,51.35,3.56,50.57,1.05,54.17
277,115365,Premier League,24/25,Brighton & Hove Albion,Lewis Dunk,Defender,6.84,0.0,0.03,0.13,0.52,0.13,0.26,0.0,0.0,0.0,0.0,0.0,0.0,0.0,0.0,0.0,0.09,0.0,0.0,0.0,0.0,0.0,0.04,0.0,0.73,0.56,3.37,0,0.35,0.04,0.04,0.0,0.04,0.13,0.04,0.0,0.0,0.26,83.56,76.39,7.17,91.42,50.81,25.58,9.38,0.0,0.0,3.89,50.0,25,23,2083,0.22,0.0,0.3,0.48,8.12,0.13,3.41,61.24,1.17,58.7,2.25,62.65
278,904827,Premier League,24/25,Chelsea,Benoît Badiashile,Defender,6.84,0.0,0.0,0.0,0.0,0.0,0.0,0.0,0.0,0.0,0.0,0.0,0.0,0.0,0.0,0.0,0.0,0.0,0.0,0.0,0.0,0.0,0.0,0.0,2.43,1.62,3.24,0,0.27,0.0,0.54,0.0,0.0,0.0,0.0,0.0,0.0,0.0,81.89,73.78,8.11,90.1,42.7,31.08,13.24,0.0,0.0,3.51,59.09,5,3,333,0.0,0.0,1.62,0.54,8.92,0.0,5.14,65.52,2.97,57.89,2.16,80.0
279,851671,Premier League,24/25,Chelsea,João Félix,Forward,6.84,0.23,0.52,0.94,4.7,1.41,2.35,5.0,2.35,41.67,0.23,0.0,0.0,0.0,0.23,0.0,0.23,0.0,0.0,0.0,0.0,0.0,0.0,0.0,1.88,0.7,0.47,0,0.94,0.0,0.0,0.0,0.0,0.0,0.47,0.23,0.0,1.41,45.82,39.48,6.34,86.15,11.04,28.43,15.98,0.0,0.0,1.17,55.56,12,3,383,0.47,0.0,1.41,3.99,12.22,0.94,9.16,54.93,8.22,56.45,0.94,44.44
280,98435,Premier League,24/25,Aston Villa,Ross Barkley,Midfielder,6.84,0.44,0.26,0.15,2.34,0.88,0.88,18.75,1.76,75.0,0.29,0.15,0.15,0.0,0.29,0.0,0.0,0.0,0.0,0.0,0.0,0.0,0.0,0.0,2.05,1.46,0.73,0,0.73,0.0,0.0,0.0,0.0,0.15,0.15,0.15,0.0,1.32,57.37,49.17,8.2,85.71,18.73,30.44,13.32,0.0,0.0,1.32,56.25,20,3,615,0.44,0.0,1.17,0.44,11.41,1.17,5.12,54.69,4.24,53.7,0.88,60.0
281,793167,Premier League,24/25,Fulham,Sander Berge,Midfielder,6.84,0.0,0.01,0.04,0.12,0.04,0.04,0.0,0.44,64.71,0.0,0.0,0.0,0.0,0.0,0.0,0.0,0.0,0.0,0.0,0.0,0.0,0.0,0.0,2.02,0.85,1.49,0,0.48,0.0,0.04,0.0,0.0,0.12,0.0,0.0,0.0,0.73,47.94,43.95,3.99,91.67,19.96,23.99,10.28,0.0,0.0,2.38,69.41,31,26,2232,0.24,0.0,1.25,0.4,5.69,0.65,3.99,53.51,2.86,52.59,1.13,56.0
282,1065588,Premier League,24/25,Brighton & Hove Albion,Diego Gómez,Midfielder,6.84,0.18,0.15,0.53,1.58,0.53,0.7,11.11,1.05,50.0,0.0,0.18,0.0,0.0,0.18,0.0,0.18,0.18,0.0,0.0,0.0,0.0,0.35,0.0,3.69,1.41,1.76,0,1.76,0.0,0.18,0.0,0.0,0.0,0.7,0.0,0.0,1.58,50.8,41.84,8.96,82.35,20.21,22.32,8.44,0.7,33.33,0.88,38.46,16,4,512,0.0,0.0,1.41,0.53,15.12,1.58,7.03,51.95,5.27,47.62,1.76,71.43
283,946695,Premier League,24/25,Brighton & Hove Albion,Georginio Rutter,Midfielder,6.83,0.27,0.25,0.27,2.69,0.65,0.97,10.0,1.45,44.26,0.27,0.0,0.05,0.16,0.05,0.05,0.38,0.0,0.0,0.0,0.0,0.0,0.0,0.0,2.1,0.54,0.65,0,1.18,0.11,0.0,0.05,0.0,0.0,0.32,0.16,0.0,1.02,18.51,12.7,5.81,68.6,2.96,9.79,7.1,0.05,11.11,0.38,53.85,28,19,1673,0.11,0.0,1.83,2.42,12.91,1.99,7.32,44.01,5.97,46.84,1.34,34.72
284,826204,Premier League,24/25,Aston Villa,Boubacar Kamara,Midfielder,6.83,0.05,0.04,0.05,0.52,0.16,0.21,10.0,0.47,50.0,0.05,0.0,0.0,0.05,0.0,0.0,0.0,0.0,0.0,0.0,0.0,0.0,0.0,0.0,2.6,0.99,2.44,0,1.4,0.0,0.16,0.0,0.0,0.31,0.1,0.0,0.0,0.57,48.3,42.84,5.45,88.71,21.55,21.29,8.83,0.0,0.0,1.35,50.0,26,20,1733,0.1,0.0,1.56,1.82,7.48,0.88,5.97,51.57,4.88,53.41,1.09,44.68
285,1002711,Premier League,24/25,Tottenham Hotspur,Pape Matar Sarr,Midfielder,6.83,0.14,0.18,0.24,1.6,0.61,0.66,8.82,0.52,40.74,0.09,0.05,0.0,0.05,0.09,0.05,0.09,0.0,0.0,0.0,0.0,0.0,0.0,0.0,2.31,1.41,1.13,0,0.61,0.0,0.05,0.05,0.0,0.05,0.05,0.09,0.05,0.75,47.0,41.17,5.83,87.59,18.3,22.96,11.2,0.09,14.29,0.71,46.88,36,22,1913,0.28,0.0,1.6,1.65,9.88,1.04,6.07,50.0,4.47,53.07,1.6,43.04
286,861972,Premier League,24/25,Fulham,Calvin Bassey,Defender,6.83,0.03,0.03,0.03,0.41,0.12,0.15,7.14,0.44,57.69,0.03,0.0,0.03,0.0,0.0,0.0,0.06,0.0,0.0,0.0,0.0,0.0,0.0,0.0,1.58,0.59,3.31,0,0.26,0.03,0.2,0.0,0.0,0.15,0.0,0.0,0.0,0.09,62.57,56.39,6.18,90.13,36.69,19.73,6.79,0.03,12.5,2.61,48.63,35,34,3074,0.2,0.0,0.76,0.94,8.08,0.23,4.22,62.34,2.93,64.94,1.29,57.14
287,262911,Premier League,24/25,Liverpool FC,Andy Robertson,Defender,6.82,0.0,0.04,0.07,0.54,0.11,0.36,0.0,0.25,41.18,0.0,0.0,0.0,0.0,0.0,0.04,0.11,0.0,0.0,0.0,0.0,0.0,0.0,0.0,1.41,0.76,1.52,0,0.72,0.04,0.04,0.04,0.04,0.22,0.25,0.04,0.0,1.44,55.65,48.97,6.68,87.99,22.68,27.52,14.45,1.23,23.13,2.2,45.19,33,29,2492,0.11,0.04,0.4,0.29,13.58,0.47,2.2,47.66,1.95,50.47,0.25,33.33
288,959628,Premier League,24/25,Brighton & Hove Albion,Mats Wieffer,Defender,6.82,0.09,0.06,0.17,0.78,0.34,0.34,11.11,0.6,50.0,0.09,0.0,0.0,0.0,0.09,0.0,0.09,0.09,0.0,0.0,0.0,0.0,0.0,0.0,5.0,1.46,2.15,0,1.29,0.09,0.17,0.09,0.0,0.17,0.09,0.34,0.0,1.38,55.72,48.14,7.58,86.4,21.36,27.04,12.4,0.26,23.08,1.72,64.52,25,10,1045,0.52,0.0,1.98,0.86,12.14,0.78,9.22,57.53,6.29,57.48,2.93,57.63
289,830659,Premier League,24/25,Bournemouth,Marcos Senesi,Defender,6.82,0.0,0.07,0.16,0.24,0.0,0.24,0.0,0.48,60.0,0.0,0.0,0.0,0.0,0.0,0.0,0.0,0.0,0.0,0.0,0.0,0.0,0.0,0.0,3.14,1.13,4.66,0,1.37,0.0,0.0,0.0,0.0,0.08,0.0,0.0,0.0,0.24,57.35,44.4,12.95,77.42,23.89,20.75,9.41,0.24,27.27,5.79,44.72,17,13,1119,0.4,0.0,1.77,0.64,15.36,0.48,6.84,52.47,4.18,52.0,2.65,53.23
290,905163,Premier League,24/25,West Ham United,Mohammed Kudus,Midfielder,6.82,0.17,0.24,0.24,2.6,0.76,0.83,6.67,3.18,48.42,0.17,0.0,0.07,0.03,0.07,0.21,0.62,0.0,0.0,0.0,0.0,0.0,0.0,0.0,1.31,0.14,0.28,0,0.59,0.0,0.07,0.0,0.0,0.07,0.14,0.1,0.0,1.07,26.61,23.91,2.7,89.86,8.93,15.71,8.03,0.73,25.93,1.25,75.0,32,31,2601,0.07,0.03,1.35,2.21,14.29,3.22,7.09,42.18,6.71,44.6,0.38,21.57
291,846425,Premier League,24/25,Manchester United,Manuel Ugarte,Midfielder,6.82,0.05,0.05,0.0,0.95,0.2,0.4,5.26,0.9,64.29,0.05,0.0,0.0,0.05,0.0,0.0,0.0,0.0,0.0,0.0,0.0,0.0,0.0,0.0,3.86,1.35,0.75,0,1.9,0.0,0.1,0.0,0.05,0.05,0.15,0.1,0.0,0.5,44.95,39.84,5.11,88.63,21.85,18.14,8.57,0.15,42.86,1.95,66.1,29,22,1796,0.55,0.0,2.05,1.65,9.02,1.25,7.32,52.71,6.41,53.11,0.9,50.0
292,845273,Premier League,24/25,Wolverhampton,Jean-Ricner Bellegarde,Midfielder,6.82,0.11,0.08,0.11,1.16,0.26,0.58,9.09,0.74,31.11,0.05,0.05,0.0,0.0,0.11,0.0,0.05,0.0,0.0,0.0,0.0,0.0,0.11,0.0,2.06,0.53,0.9,0,0.32,0.0,0.05,0.0,0.0,0.0,0.47,0.37,0.05,1.53,29.07,24.21,4.85,83.3,10.02,14.93,6.96,0.74,31.82,0.74,50.0,35,20,1706,0.16,0.0,1.64,2.48,12.03,1.53,5.8,48.89,5.28,51.02,0.53,34.48
293,769333,Premier League,24/25,Chelsea,Christopher Nkunku,Forward,6.82,0.29,0.46,0.57,2.39,1.15,0.77,12.0,0.96,41.67,0.19,0.1,0.1,0.0,0.19,0.0,0.29,0.0,0.0,0.0,0.0,0.0,0.0,0.0,1.15,0.67,0.86,0,0.19,0.0,0.0,0.0,0.0,0.0,0.1,0.19,0.0,1.34,31.6,28.63,2.97,90.61,8.23,20.39,13.98,0.0,0.0,0.38,100.0,27,9,940,0.19,0.0,1.53,1.05,8.33,1.63,4.69,41.18,3.16,40.74,1.53,42.11
294,1008402,Premier League,24/25,Liverpool FC,Conor Bradley,Defender,6.81,0.0,0.08,0.12,1.19,0.36,0.24,0.0,1.19,45.45,0.0,0.0,0.0,0.0,0.0,0.0,0.12,0.0,0.0,0.0,0.0,0.0,0.0,0.0,1.67,0.48,2.98,0,1.31,0.0,0.0,0.0,0.0,0.0,0.48,0.24,0.0,0.83,56.86,47.92,8.94,84.28,22.77,25.27,11.8,0.12,14.29,0.6,16.13,19,7,755,0.48,0.0,1.43,1.67,14.19,0.6,5.84,51.04,4.53,49.35,1.31,57.89
295,1135873,Premier League,24/25,Manchester United,Alejandro Garnacho,Forward,6.81,0.25,0.3,0.57,3.44,1.23,1.03,7.14,1.07,32.1,0.16,0.08,0.0,0.04,0.21,0.12,0.41,0.0,0.0,0.0,0.0,0.0,0.0,0.0,1.23,0.53,0.41,0,1.03,0.08,0.0,0.0,0.0,0.12,0.16,0.08,0.0,1.52,30.75,25.63,5.13,83.33,8.86,17.14,11.64,0.37,16.07,0.74,64.29,36,23,2195,0.12,0.0,0.49,1.76,14.02,1.97,4.18,38.49,4.06,41.6,0.12,11.11
296,287643,Premier League,24/25,Arsenal,Oleksandr Zinchenko,Defender,6.81,0.0,0.11,0.0,1.66,0.0,0.33,0.0,0.5,75.0,0.0,0.0,0.0,0.0,0.0,0.0,0.17,0.0,0.0,0.0,0.0,0.0,0.17,0.0,1.0,0.83,1.49,0,0.83,0.0,0.0,0.0,0.0,0.17,0.0,0.17,0.0,0.5,66.75,58.12,8.63,87.06,21.75,36.86,21.59,0.5,23.08,1.99,48.0,15,5,542,0.17,0.0,1.33,0.5,12.95,0.66,3.99,45.28,1.99,40.0,1.99,52.17
297,329417,Premier League,24/25,Fulham,Timothy Castagne,Defender,6.81,0.0,0.02,0.05,0.44,0.16,0.16,0.0,0.27,50.0,0.0,0.0,0.0,0.0,0.0,0.0,0.05,0.0,0.0,0.0,0.0,0.0,0.0,0.0,2.51,1.2,4.09,0,1.04,0.0,0.0,0.05,0.0,0.16,0.05,0.05,0.0,0.49,42.85,35.54,7.3,82.95,19.46,16.3,7.9,0.22,10.81,1.31,39.34,24,17,1651,0.05,0.0,0.82,0.33,10.79,0.27,4.96,53.53,3.05,56.57,1.91,49.3
298,1104986,Premier League,24/25,Bournemouth,Alex Scott,Midfielder,6.81,0.0,0.09,0.0,1.8,0.84,0.48,0.0,0.72,31.58,0.0,0.0,0.0,0.0,0.0,0.0,0.0,0.0,0.0,0.0,0.0,0.0,0.12,0.0,3.24,1.2,1.32,0,2.76,0.0,0.0,0.0,0.0,0.0,0.12,0.0,0.0,1.44,39.79,33.91,5.87,85.24,12.46,21.69,12.94,0.24,28.57,1.8,65.22,20,8,751,0.36,0.0,2.04,3.12,12.22,0.96,7.91,49.25,7.07,49.17,0.84,50.0
299,827681,Premier League,24/25,Leicester City,James Justin,Defender,6.81,0.06,0.05,0.06,0.77,0.22,0.22,8.0,0.28,40.91,0.06,0.0,0.03,0.0,0.03,0.03,0.06,0.0,0.0,0.0,0.0,0.0,0.06,0.0,1.78,1.41,3.53,0,0.71,0.06,0.03,0.0,0.0,0.06,0.03,0.06,0.0,0.43,37.9,29.6,8.3,78.1,16.23,13.71,5.75,0.34,19.3,1.05,29.82,36,34,2928,0.18,0.0,0.89,1.35,12.23,0.46,5.53,57.32,3.41,58.73,2.12,55.2
300,545780,Premier League,24/25,Leicester City,Harry Winks,Midfielder,6.8,0.0,0.01,0.0,0.58,0.23,0.29,0.0,0.18,27.27,0.0,0.0,0.0,0.0,0.0,0.0,0.0,0.0,0.0,0.0,0.0,0.0,0.0,0.0,1.4,0.53,1.05,0,0.99,0.0,0.0,0.0,0.0,0.0,0.06,0.12,0.0,0.99,58.62,52.13,6.49,88.93,25.36,27.53,10.4,0.76,38.24,1.17,54.05,22,17,1540,0.23,0.0,0.53,0.76,9.64,0.47,2.81,50.0,2.34,48.78,0.47,57.14
301,846252,Premier League,24/25,Nottingham Forest,Ryan Yates,Midfielder,6.8,0.09,0.11,0.14,1.54,0.42,0.61,6.06,0.42,64.29,0.05,0.05,0.0,0.0,0.09,0.05,0.33,0.0,0.0,0.0,0.0,0.0,0.0,0.0,1.96,1.21,2.8,0,0.93,0.0,0.05,0.0,0.0,0.28,0.0,0.05,0.0,0.84,34.87,28.85,6.02,82.73,12.98,15.87,8.17,0.0,0.0,0.47,24.39,35,18,1928,0.47,0.0,2.47,2.29,8.78,0.84,6.77,53.9,4.53,50.79,2.24,61.54
302,138573,Premier League,24/25,Wolverhampton,Pablo Sarabia,Midfielder,6.8,0.33,0.32,0.55,1.87,0.88,0.77,17.65,0.66,46.15,0.22,0.11,0.0,0.33,0.0,0.0,0.55,0.0,0.0,0.0,0.0,0.11,0.22,50.0,1.76,0.44,0.77,0,0.66,0.0,0.11,0.0,0.0,0.0,0.22,0.22,0.0,1.65,41.76,31.76,10.0,76.05,11.1,21.76,13.08,1.1,21.28,2.09,55.88,23,7,819,0.33,0.0,1.76,1.65,19.78,1.54,4.62,42.42,3.96,45.57,0.66,30.0
303,149663,Premier League,24/25,Manchester City,Nathan Aké,Defender,6.8,0.0,0.03,0.0,0.39,0.0,0.26,0.0,0.13,100.0,0.0,0.0,0.0,0.0,0.0,0.0,0.0,0.0,0.0,0.0,0.0,0.0,0.0,0.0,1.18,0.39,2.88,0,0.26,0.0,0.13,0.0,0.0,0.0,0.0,0.0,0.0,0.13,69.59,65.67,3.92,94.36,35.06,30.61,11.25,0.0,0.0,1.57,46.15,10,8,688,0.0,0.0,0.26,0.0,5.23,0.39,3.01,57.5,1.31,58.82,1.7,56.52
304,943645,Premier League,24/25,Bournemouth,Max Aarons,Defender,6.8,0.0,0.0,0.0,0.0,0.0,0.0,0.0,0.0,0.0,0.0,0.0,0.0,0.0,0.0,0.0,0.0,0.0,0.0,0.0,0.0,0.0,0.0,0.0,2.12,1.06,0.0,0,0.0,0.0,0.0,0.0,0.0,0.0,0.0,0.0,0.0,0.0,54.0,43.41,10.59,80.39,21.18,22.24,13.76,0.0,0.0,3.18,60.0,3,1,85,0.0,0.0,0.0,2.12,15.88,0.0,4.24,80.0,4.24,80.0,0.0,0.0
305,825844,Premier League,24/25,Brighton & Hove Albion,Ferdi Kadıoğlu,Defender,6.8,0.23,0.1,0.23,0.93,0.23,0.23,25.0,0.7,50.0,0.23,0.0,0.0,0.0,0.23,0.0,0.23,0.0,0.0,0.0,0.0,0.0,0.0,0.0,2.32,1.86,3.94,0,2.09,0.0,0.0,0.0,0.0,0.23,0.0,0.0,0.0,1.16,34.79,29.69,5.1,85.33,14.38,16.24,9.28,0.93,44.44,0.93,44.44,6,5,388,0.23,0.0,1.16,0.7,10.21,0.46,4.41,48.72,3.71,45.71,0.7,75.0
306,976263,Premier League,24/25,Aston Villa,Ian Maatsen,Defender,6.8,0.08,0.07,0.0,1.47,0.39,0.62,5.26,1.01,44.83,0.08,0.0,0.0,0.08,0.0,0.0,0.23,0.0,0.0,0.0,0.0,0.0,0.0,0.0,2.24,1.16,2.09,0,0.54,0.0,0.23,0.08,0.0,0.15,0.31,0.15,0.15,1.62,47.63,41.37,6.26,86.85,18.09,24.05,11.91,0.77,19.61,0.7,40.91,29,10,1164,0.15,0.0,0.85,0.7,15.85,1.93,4.72,48.41,3.94,46.36,0.77,62.5
307,591620,Premier League,24/25,Southampton,Joe Lumley,Goalkeeper,6.8,0.0,0.0,0.0,0.0,0.0,0.0,0.0,0.0,0.0,0.0,0.0,0.0,0.0,0.0,0.0,0.0,0.0,0.0,0.0,0.0,0.0,0.0,0.0,0.0,0.0,1.67,0,0.0,0.33,0.67,0.0,0.0,0.0,0.0,0.0,0.0,0.0,45.33,30.67,14.67,67.65,26.67,4.0,1.33,0.0,0.0,6.0,31.03,3,3,270,0.0,0.0,0.0,0.0,15.0,0.0,1.0,75.0,0.33,100.0,0.67,66.67
308,1403061,Premier League,24/25,Chelsea,Tyrique George,Forward,6.8,0.49,0.1,0.49,1.47,0.49,0.49,33.33,1.47,60.0,0.0,0.49,0.0,0.0,0.49,0.0,0.98,0.0,0.0,0.0,0.0,0.0,0.0,0.0,0.98,0.98,0.49,0,0.49,0.0,0.0,0.0,0.0,0.0,0.49,0.49,0.0,2.93,24.46,20.05,4.4,82.0,6.36,14.18,8.32,0.49,33.33,0.0,0.0,8,1,184,0.49,0.0,1.47,0.0,7.83,0.0,2.45,35.71,2.45,50.0,0.0,0.0
309,1514747,Premier League,24/25,Brentford,Gustavo Nunes,Forward,6.8,0.0,0.0,0.0,0.0,0.0,0.0,0.0,0.0,0.0,0.0,0.0,0.0,0.0,0.0,0.0,0.0,0.0,0.0,0.0,0.0,0.0,0.0,0.0,24.55,0.0,16.36,0,0.0,0.0,0.0,0.0,0.0,0.0,0.0,0.0,0.0,0.0,8.18,8.18,0.0,100.0,0.0,8.18,8.18,0.0,0.0,0.0,0.0,3,0,11,0.0,0.0,0.0,0.0,8.18,0.0,24.55,100.0,24.55,100.0,0.0,0.0
310,987489,Premier League,24/25,Everton,Beto,Forward,6.8,0.47,0.46,0.7,2.86,1.34,1.05,16.33,1.11,52.78,0.41,0.06,0.12,0.06,0.29,0.12,0.93,0.0,0.0,0.0,0.0,0.0,0.0,0.0,0.82,0.23,1.4,0,0.18,0.06,0.0,0.0,0.0,0.06,0.12,0.0,0.0,0.7,15.42,9.05,6.37,58.71,3.91,5.2,3.1,0.06,25.0,0.18,37.5,30,15,1541,0.12,0.0,1.93,1.34,14.25,2.16,9.05,44.29,3.27,38.36,5.78,48.53
311,823085,Premier League,24/25,Southampton,Kyle Walker-Peters,Defender,6.8,0.0,0.03,0.0,0.62,0.18,0.18,0.0,1.17,49.35,0.0,0.0,0.0,0.0,0.0,0.0,0.06,0.0,0.0,0.0,0.0,0.0,0.0,0.0,1.36,0.59,2.31,0,0.59,0.0,0.03,0.0,0.0,0.06,0.15,0.06,0.03,0.77,46.05,41.67,4.37,90.5,20.3,21.62,11.15,0.25,15.69,0.77,48.08,33,33,2922,0.15,0.0,0.86,1.6,9.61,1.2,4.47,49.83,4.13,51.74,0.34,34.38
312,1065216,Premier League,24/25,Manchester City,Oscar Bobb,Midfielder,6.8,0.0,0.0,0.0,0.0,0.0,0.0,0.0,10.0,100.0,0.0,0.0,0.0,0.0,0.0,0.0,0.0,0.0,0.0,0.0,0.0,0.0,0.0,0.0,0.0,0.0,0.0,0,0.0,0.0,0.0,0.0,0.0,0.0,0.0,0.0,0.0,5.0,75.0,65.0,10.0,86.67,30.0,35.0,15.0,0.0,0.0,0.0,0.0,3,0,18,0.0,0.0,0.0,5.0,10.0,0.0,15.0,100.0,15.0,100.0,0.0,0.0
313,799251,Premier League,24/25,Brentford,Mathias Jensen,Midfielder,6.8,0.0,0.03,0.0,0.63,0.11,0.42,0.0,0.95,60.0,0.0,0.0,0.0,0.0,0.0,0.0,0.0,0.0,0.0,0.0,0.0,0.0,0.0,0.0,1.47,0.84,1.37,0,0.84,0.0,0.21,0.0,0.0,0.11,0.53,0.21,0.11,1.79,42.53,34.76,7.77,81.73,13.86,22.05,13.65,1.16,33.33,3.57,65.38,24,8,857,0.21,0.0,0.74,1.05,15.44,0.74,4.31,55.41,3.47,54.1,0.84,61.54
314,1031258,Premier League,24/25,Brentford,Yehor Yarmoliuk,Midfielder,6.8,0.0,0.04,0.0,0.55,0.12,0.18,0.0,0.8,54.17,0.0,0.0,0.0,0.0,0.0,0.0,0.12,0.0,0.0,0.0,0.0,0.0,0.0,0.0,3.02,0.8,1.91,0,1.66,0.0,0.0,0.0,0.0,0.12,0.12,0.0,0.0,0.55,45.49,40.14,5.36,88.23,20.56,19.88,9.54,0.31,31.25,3.32,79.41,31,15,1462,0.37,0.0,1.17,0.8,9.79,1.29,5.11,48.82,4.62,49.34,0.49,44.44
315,1117025,Premier League,24/25,Leicester City,Facundo Buonanotte,Midfielder,6.79,0.29,0.23,0.12,2.12,0.71,0.88,13.89,1.65,36.36,0.29,0.0,0.0,0.18,0.12,0.06,0.18,0.0,0.0,0.0,0.0,0.0,0.0,0.0,3.12,0.71,0.71,0,2.71,0.0,0.0,0.0,0.0,0.0,0.41,0.12,0.0,1.47,30.31,24.13,6.18,79.61,9.12,16.01,7.12,1.0,39.53,1.0,48.57,31,14,1529,0.47,0.0,2.18,2.06,16.66,2.3,7.89,39.3,6.83,40.56,1.06,32.73
316,917005,Premier League,24/25,West Ham United,Crysencio Summerville,Midfielder,6.79,0.11,0.19,0.23,1.59,0.57,0.34,7.14,1.48,41.94,0.11,0.0,0.0,0.0,0.11,0.23,0.46,0.0,0.0,0.0,0.0,0.0,0.0,0.0,1.48,0.0,0.68,0,0.68,0.0,0.0,0.0,0.0,0.0,0.34,0.11,0.0,1.93,26.28,20.82,5.46,79.22,7.17,14.68,8.53,1.02,42.86,0.34,30.0,19,7,791,0.23,0.0,1.02,2.62,13.08,1.82,6.03,47.75,5.58,50.52,0.46,28.57
317,818073,Premier League,24/25,Southampton,Joe Aribo,Midfielder,6.78,0.13,0.12,0.09,0.75,0.31,0.18,17.65,0.93,48.84,0.13,0.0,0.0,0.13,0.0,0.09,0.04,0.0,0.0,0.0,0.0,0.0,0.0,0.0,2.08,0.89,1.24,0,0.8,0.09,0.04,0.04,0.0,0.0,0.13,0.0,0.0,0.71,45.64,40.86,4.78,89.52,20.45,20.5,9.25,0.09,20.0,0.71,51.61,32,21,2033,0.04,0.0,0.89,1.24,8.23,0.84,5.36,54.02,4.21,54.6,1.15,52.0
318,843754,Premier League,24/25,Nottingham Forest,Ibrahim Sangaré,Midfielder,6.78,0.0,0.0,0.0,0.15,0.15,0.0,0.0,0.0,0.0,0.0,0.0,0.0,0.0,0.0,0.0,0.0,0.0,0.0,0.0,0.0,0.0,0.0,0.0,4.22,0.9,1.96,0,1.36,0.0,0.15,0.0,0.0,0.0,0.3,0.15,0.0,0.75,48.24,41.16,7.09,85.31,21.26,20.2,7.54,0.3,100.0,1.51,47.62,13,7,597,0.45,0.0,2.26,1.21,8.59,0.6,6.93,54.76,5.43,56.25,1.51,50.0
319,998247,Premier League,24/25,Tottenham Hotspur,Micky van de Ven,Defender,6.78,0.0,0.05,0.09,0.53,0.18,0.27,0.0,0.35,50.0,0.0,0.0,0.0,0.0,0.0,0.0,0.0,0.0,0.0,0.0,0.0,0.0,0.0,0.0,0.88,0.88,3.36,0,0.53,0.09,0.0,0.0,0.0,0.09,0.18,0.18,0.0,0.18,70.46,64.1,6.37,90.97,42.26,21.84,6.1,0.0,0.0,1.68,39.58,13,12,1018,0.35,0.0,0.88,0.8,7.69,0.44,3.71,48.28,2.03,47.92,1.68,48.72
320,139310,Premier League,24/25,Nottingham Forest,Willy Boly,Defender,6.78,0.0,0.04,0.0,0.62,0.62,0.0,0.0,0.0,0.0,0.0,0.0,0.0,0.0,0.0,0.0,0.0,0.0,0.0,0.0,0.0,0.0,0.0,0.0,3.7,1.85,7.4,0,0.0,0.0,0.0,0.0,0.0,0.0,0.0,0.0,0.0,0.0,43.15,33.9,9.25,78.57,24.66,9.25,1.85,0.0,0.0,3.08,35.71,6,1,146,0.62,0.0,0.62,0.0,9.86,0.0,7.4,80.0,3.7,85.71,3.7,75.0
321,1011895,Premier League,24/25,Nottingham Forest,Jota Silva,Forward,6.78,0.3,0.21,0.2,2.32,0.71,0.91,13.04,1.01,40.0,0.3,0.0,0.0,0.1,0.2,0.1,0.81,0.1,0.0,0.0,0.0,0.0,0.0,0.0,2.73,1.21,1.62,0,2.12,0.0,0.0,0.0,0.0,0.0,0.81,0.1,0.0,1.41,17.27,11.41,5.86,66.08,3.13,8.69,6.06,0.4,19.05,0.61,40.0,31,5,891,0.51,0.0,2.42,2.32,13.64,1.21,8.18,44.51,6.06,45.8,2.12,41.18
322,252669,Premier League,24/25,Wolverhampton,José Sá,Goalkeeper,6.77,0.0,0.0,0.0,0.0,0.0,0.0,0.0,0.28,100.0,0.0,0.0,0.0,0.0,0.0,0.0,0.0,0.0,0.0,0.0,0.0,0.0,0.0,0.0,0.07,0.0,0.86,0,0.0,0.03,0.0,0.14,0.0,0.24,0.0,0.0,0.0,0.1,27.6,16.35,11.25,59.25,13.45,2.9,1.24,0.0,0.0,4.0,26.61,29,29,2609,0.07,0.0,0.14,0.31,11.49,0.0,1.03,85.71,0.59,80.95,0.45,92.86
323,609752,Premier League,24/25,West Ham United,Guido Rodríguez,Midfielder,6.77,0.0,0.02,0.0,0.61,0.08,0.31,0.0,0.23,75.0,0.0,0.0,0.0,0.0,0.0,0.0,0.15,0.0,0.0,0.0,0.0,0.0,0.0,0.0,2.76,1.0,2.3,0,1.23,0.0,0.08,0.0,0.0,0.08,0.0,0.08,0.0,0.31,43.23,36.71,6.53,84.9,22.04,14.74,5.61,0.08,20.0,2.0,52.0,23,16,1172,0.46,0.0,1.38,0.92,7.76,0.54,4.76,56.36,3.92,55.43,0.84,61.11
324,130181,Premier League,24/25,West Ham United,Danny Ings,Forward,6.77,0.31,0.7,0.62,4.32,1.54,1.54,7.14,1.23,66.67,0.31,0.0,0.0,0.0,0.31,0.31,0.0,0.31,0.0,0.0,0.0,0.0,0.0,0.0,1.23,0.31,1.23,0,0.62,0.0,0.0,0.0,0.0,0.0,0.62,0.62,0.0,1.85,27.12,19.42,7.71,71.59,8.32,11.1,7.4,0.0,0.0,0.31,33.33,15,1,292,0.0,0.0,0.0,0.62,13.25,1.85,5.55,47.37,3.08,50.0,2.47,44.44
325,963493,Premier League,24/25,Ipswich Town,Leif Davis,Defender,6.77,0.03,0.03,0.0,0.52,0.07,0.29,6.25,0.43,41.94,0.03,0.0,0.0,0.03,0.0,0.03,0.16,0.0,0.0,0.0,0.0,0.0,0.07,0.0,1.51,0.82,2.33,0,0.59,0.0,0.1,0.07,0.0,0.07,0.39,0.07,0.0,2.0,31.14,25.07,6.06,80.53,12.52,13.96,7.28,1.41,26.71,1.15,46.05,33,32,2746,0.16,0.03,0.88,1.02,14.45,0.52,4.06,54.87,2.92,53.29,1.15,59.32
326,361696,Premier League,24/25,Leicester City,Wout Faes,Defender,6.77,0.03,0.05,0.03,0.38,0.03,0.26,8.33,0.16,83.33,0.03,0.0,0.03,0.0,0.0,0.0,0.03,0.0,0.0,0.0,0.0,0.0,0.0,0.0,1.34,0.83,5.89,0,0.74,0.06,0.06,0.0,0.0,0.1,0.0,0.0,0.0,0.13,49.61,43.85,5.76,88.39,30.89,12.96,3.23,0.0,0.0,2.56,45.45,34,30,2812,0.13,0.0,0.74,0.35,6.79,0.19,3.3,53.65,1.79,51.85,1.5,55.95
327,31417,Premier League,24/25,Fulham,Willian,Midfielder,6.77,0.0,0.1,0.0,2.41,0.0,1.38,0.0,0.34,20.0,0.0,0.0,0.0,0.0,0.0,0.34,0.0,0.0,0.0,0.0,0.0,0.0,0.0,0.0,1.38,0.34,0.34,0,1.38,0.0,0.0,0.0,0.0,0.0,0.0,0.0,0.0,2.41,65.17,57.93,7.24,88.89,10.0,50.69,33.1,2.76,50.0,2.41,77.78,10,2,261,0.0,0.0,0.34,0.0,13.1,0.34,2.07,31.58,1.72,33.33,0.34,25.0
328,193554,Premier League,24/25,Crystal Palace,Will Hughes,Midfielder,6.77,0.0,0.05,0.0,0.93,0.04,0.34,0.0,0.21,41.67,0.0,0.0,0.0,0.0,0.0,0.0,0.0,0.0,0.0,0.0,0.0,0.0,0.0,0.0,2.8,0.93,1.1,0,1.44,0.04,0.08,0.04,0.0,0.08,0.21,0.13,0.0,1.4,37.82,30.64,7.18,81.01,14.28,17.0,8.37,0.64,21.13,0.93,34.92,33,24,2118,0.47,0.0,2.76,1.32,12.41,1.27,5.14,44.16,4.33,43.04,0.81,51.35
329,1006073,Premier League,24/25,Wolverhampton,Rodrigo Gomes,Midfielder,6.77,0.22,0.07,0.0,0.77,0.33,0.22,28.57,0.55,41.67,0.22,0.0,0.0,0.0,0.11,0.0,0.0,0.0,0.0,0.0,0.0,0.0,0.0,0.0,2.52,0.77,1.75,0,0.98,0.11,0.0,0.0,0.0,0.0,0.44,0.0,0.0,1.42,26.9,19.03,7.87,70.73,5.25,14.22,8.31,0.44,17.39,0.66,30.0,25,7,823,0.0,0.0,0.44,0.66,14.76,0.98,4.59,47.73,3.72,53.97,0.87,32.0
330,108515,Premier League,24/25,Ipswich Town,Sam Morsy,Midfielder,6.76,0.03,0.01,0.0,0.42,0.1,0.2,7.69,0.56,65.38,0.0,0.03,0.0,0.0,0.03,0.0,0.0,0.0,0.0,0.0,0.0,0.0,0.0,0.0,2.22,0.95,1.44,0,1.14,0.03,0.13,0.03,0.03,0.03,0.03,0.03,0.0,0.78,46.52,40.64,5.88,87.35,20.86,19.97,9.48,0.2,40.0,1.9,48.74,33,31,2753,0.33,0.0,1.57,0.88,7.72,0.42,4.25,50.78,3.66,52.34,0.59,42.86
331,96535,Premier League,24/25,Everton,Abdoulaye Doucouré,Midfielder,6.76,0.1,0.14,0.14,1.08,0.35,0.28,9.68,0.84,53.33,0.1,0.0,0.03,0.0,0.07,0.0,0.35,0.0,0.0,0.0,0.0,0.0,0.0,0.0,1.67,0.35,0.66,0,1.01,0.03,0.0,0.0,0.0,0.21,0.1,0.07,0.0,0.97,30.46,25.21,5.26,82.74,10.2,15.04,8.11,0.03,4.35,0.8,58.97,33,31,2585,0.1,0.03,1.71,0.17,9.68,1.32,3.73,37.54,2.68,36.67,1.04,40.0
332,190839,Premier League,24/25,Manchester United,Luke Shaw,Defender,6.76,0.0,0.01,0.0,0.26,0.0,0.26,0.0,0.0,0.0,0.0,0.0,0.0,0.0,0.0,0.0,0.0,0.0,0.0,0.0,0.0,0.0,0.0,0.0,1.03,0.52,1.81,0,0.0,0.0,0.0,0.0,0.26,0.0,0.26,0.0,0.26,1.55,71.64,63.62,8.02,88.81,40.86,23.02,10.86,0.26,9.09,3.88,62.5,7,4,348,0.26,0.0,0.78,0.26,11.38,0.0,2.07,57.14,1.29,55.56,0.78,60.0
333,855731,Premier League,24/25,Bournemouth,David Brooks,Midfielder,6.76,0.19,0.24,0.28,2.34,1.12,0.94,8.0,1.03,35.48,0.19,0.0,0.0,0.19,0.0,0.0,0.0,0.0,0.0,0.0,0.0,0.0,0.0,0.0,1.31,0.47,0.84,0,1.31,0.0,0.09,0.0,0.0,0.0,0.28,0.0,0.09,1.97,32.62,26.81,5.81,82.18,6.84,21.28,12.84,1.31,26.92,1.22,81.25,29,9,960,0.28,0.0,1.03,1.69,15.75,1.31,4.69,42.02,4.03,42.16,0.66,41.18
334,924871,Premier League,24/25,Liverpool FC,Darwin Núñez,Forward,6.76,0.4,0.45,0.63,2.69,1.03,1.19,14.71,0.63,36.36,0.4,0.0,0.0,0.08,0.32,0.0,0.95,0.08,0.0,0.0,0.0,0.0,0.0,0.0,1.66,0.32,0.87,0,0.87,0.0,0.0,0.0,0.0,0.0,0.24,0.16,0.08,0.95,17.73,12.66,5.07,71.43,3.01,9.74,5.78,0.08,33.33,0.79,71.43,30,8,1137,0.63,0.0,2.14,1.11,9.97,1.66,4.99,37.72,3.4,38.05,1.58,37.04
335,606164,Premier League,24/25,Liverpool FC,Diogo Jota,Forward,6.76,0.45,0.59,1.04,3.81,0.97,1.64,11.76,0.82,35.48,0.45,0.0,0.07,0.07,0.3,0.22,0.07,0.07,0.0,0.0,0.0,0.0,0.0,0.0,1.04,0.6,0.45,0,0.9,0.0,0.0,0.0,0.0,0.07,0.22,0.22,0.0,0.82,22.31,15.9,6.42,71.24,3.58,12.46,8.06,0.15,25.0,0.82,52.38,26,14,1206,0.15,0.0,1.72,1.04,13.58,1.64,4.55,35.88,2.91,33.62,1.64,40.74
336,864169,Premier League,24/25,Aston Villa,Pau Torres,Defender,6.76,0.0,0.02,0.0,0.36,0.13,0.09,0.0,0.67,88.24,0.0,0.0,0.0,0.0,0.0,0.04,0.0,0.0,0.0,0.0,0.0,0.0,0.0,0.0,0.94,0.45,3.3,0,0.31,0.04,0.04,0.0,0.0,0.22,0.0,0.0,0.0,0.13,60.55,54.09,6.46,89.33,33.55,20.54,7.44,0.0,0.0,2.32,40.63,24,23,2020,0.09,0.0,0.36,0.31,7.35,0.22,2.72,54.46,1.87,65.63,0.85,39.58
337,155997,Premier League,24/25,West Ham United,Emerson,Defender,6.76,0.08,0.08,0.13,0.68,0.3,0.21,12.5,0.42,37.04,0.04,0.04,0.04,0.04,0.0,0.04,0.0,0.0,0.0,0.0,0.0,0.04,0.13,33.33,2.53,0.89,2.36,0,0.89,0.0,0.0,0.0,0.0,0.04,0.13,0.04,0.0,0.68,36.62,30.17,6.46,82.37,13.92,17.0,7.43,0.76,28.13,1.14,36.0,31,26,2133,0.21,0.0,1.05,0.55,11.14,0.3,4.26,52.88,3.5,54.25,0.76,47.37
338,827243,Premier League,24/25,Aston Villa,Axel Disasi,Defender,6.75,0.11,0.04,0.0,0.42,0.11,0.32,25.0,1.06,62.5,0.11,0.0,0.11,0.0,0.0,0.0,0.21,0.0,0.0,0.0,0.0,0.0,0.0,0.0,1.58,0.74,2.95,0,0.95,0.11,0.0,0.0,0.0,0.21,0.11,0.0,0.0,0.53,57.19,51.7,5.49,90.41,28.38,23.32,7.07,0.0,0.0,1.16,55.0,13,9,853,0.32,0.0,0.53,0.21,8.55,0.53,4.22,54.79,2.85,51.92,1.37,61.9
339,967722,Premier League,24/25,Leicester City,Caleb Okoli,Defender,6.75,0.08,0.05,0.08,0.32,0.16,0.16,25.0,0.0,0.0,0.08,0.0,0.08,0.0,0.0,0.0,0.0,0.0,0.0,0.0,0.0,0.0,0.0,0.0,1.99,1.2,6.06,0,0.56,0.08,0.16,0.0,0.0,0.08,0.0,0.0,0.0,0.0,51.3,44.36,6.94,86.47,31.44,12.93,2.63,0.0,0.0,1.6,37.74,19,12,1128,0.32,0.0,1.28,0.72,8.06,0.16,4.55,55.34,2.71,58.62,1.84,51.11
340,1423711,Premier League,24/25,Arsenal,Myles Lewis-Skelly,Defender,6.75,0.07,0.01,0.0,0.2,0.07,0.0,33.33,0.78,57.14,0.07,0.0,0.0,0.0,0.07,0.0,0.0,0.0,0.0,0.0,0.0,0.0,0.0,0.0,1.44,0.46,1.57,0,0.07,0.0,0.0,0.07,0.0,0.2,0.0,0.0,0.0,0.52,43.59,40.78,2.81,93.55,17.71,23.33,12.48,0.26,40.0,0.46,46.67,23,15,1377,0.2,0.13,0.72,3.07,6.86,0.59,6.01,69.7,5.29,72.97,0.72,52.38
341,858195,Premier League,24/25,Tottenham Hotspur,Sergio Reguilón,Defender,6.75,0.0,0.06,0.0,0.92,0.0,0.46,0.0,0.92,66.67,0.0,0.0,0.0,0.0,0.0,0.0,0.0,0.0,0.0,0.0,0.0,0.0,0.46,0.0,1.85,1.85,2.77,0,1.38,0.0,0.0,0.0,0.0,0.0,0.0,0.0,0.0,0.46,49.38,35.08,14.31,71.03,14.77,21.23,11.08,0.92,16.67,0.46,9.09,4,1,195,0.92,0.0,0.92,2.77,21.69,0.46,7.85,65.38,5.54,63.16,2.31,71.43
342,1194333,Premier League,24/25,Manchester City,Abdukodir Khusanov,Defender,6.75,0.0,0.0,0.0,0.18,0.0,0.0,0.0,0.0,0.0,0.0,0.0,0.0,0.0,0.0,0.0,0.0,0.0,0.0,0.0,0.0,0.0,0.0,0.0,0.89,0.54,5.0,0,0.18,0.18,0.0,0.0,0.18,0.36,0.0,0.0,0.0,0.36,69.82,63.75,6.07,91.3,40.0,23.75,7.86,0.0,0.0,0.89,22.73,6,6,504,0.18,0.0,0.54,0.54,7.14,0.18,2.5,56.0,1.25,50.0,1.25,63.64
343,826057,Premier League,24/25,Brentford,Mads Roerslev,Defender,6.75,0.0,0.02,0.0,0.41,0.16,0.24,0.0,0.57,46.67,0.0,0.0,0.0,0.0,0.0,0.0,0.0,0.0,0.0,0.0,0.0,0.0,0.0,0.0,1.46,0.33,2.52,0,1.38,0.0,0.0,0.0,0.0,0.16,0.33,0.16,0.0,1.14,35.93,29.51,6.42,82.13,15.37,14.47,8.46,0.33,12.9,1.3,42.11,19,11,1107,0.16,0.0,0.49,0.81,11.22,0.49,3.66,46.88,2.85,48.61,0.81,41.67
344,794338,Premier League,24/25,Crystal Palace,Daichi Kamada,Midfielder,6.75,0.0,0.06,0.0,1.13,0.23,0.4,0.0,0.4,43.75,0.0,0.0,0.0,0.0,0.0,0.0,0.11,0.0,0.0,0.0,0.0,0.0,0.0,0.0,2.65,1.02,0.79,0,1.52,0.0,0.0,0.0,0.0,0.11,0.23,0.0,0.0,1.13,40.54,33.43,7.11,82.45,15.75,18.18,9.32,0.51,29.03,1.41,56.82,34,15,1594,0.23,0.06,1.58,1.19,11.01,1.13,4.46,45.14,4.23,47.47,0.23,23.53
345,808590,Premier League,24/25,Aston Villa,Leon Bailey,Midfielder,6.75,0.08,0.14,0.08,2.19,0.47,0.55,3.57,1.72,47.83,0.08,0.0,0.0,0.08,0.0,0.23,0.23,0.08,0.0,0.0,0.0,0.0,0.16,0.0,0.55,0.23,0.63,0,0.63,0.0,0.0,0.0,0.0,0.0,0.23,0.16,0.0,1.25,27.52,21.35,6.18,77.56,6.8,14.78,10.79,0.23,8.82,1.09,66.67,24,14,1151,0.23,0.0,0.94,1.41,15.72,1.95,4.14,40.46,3.68,40.52,0.47,40.0
346,974577,Premier League,24/25,Aston Villa,Jhon Durán,Forward,6.75,1.01,0.7,1.01,4.46,2.16,1.58,22.58,0.43,23.08,0.72,0.29,0.29,0.72,0.0,0.0,0.72,0.0,0.0,0.0,0.0,0.0,0.0,0.0,1.15,0.0,1.73,0,0.43,0.0,0.0,0.0,0.0,0.0,0.0,0.0,0.0,0.58,22.86,16.53,6.33,72.33,5.18,11.36,5.89,0.0,0.0,0.58,44.44,20,4,626,0.43,0.14,2.01,2.16,12.8,2.16,6.47,42.45,3.74,39.39,2.73,47.5
347,1391251,Premier League,24/25,Tottenham Hotspur,Lucas Bergvall,Midfielder,6.74,0.0,0.05,0.0,0.89,0.15,0.37,0.0,1.55,51.22,0.0,0.0,0.0,0.0,0.0,0.07,0.0,0.0,0.0,0.0,0.0,0.0,0.0,0.0,2.88,1.77,1.55,0,1.11,0.15,0.07,0.0,0.0,0.07,0.07,0.07,0.07,0.89,50.8,45.04,5.76,88.66,21.19,24.51,11.22,0.66,42.86,2.14,67.44,27,11,1219,0.22,0.0,1.48,1.26,11.22,1.4,6.35,51.5,5.68,51.33,0.66,52.94
348,333373,Premier League,24/25,Newcastle United,Miguel Almirón,Midfielder,6.74,0.0,0.27,0.0,3.07,1.02,1.53,0.0,0.51,50.0,0.0,0.0,0.0,0.0,0.0,0.0,1.02,0.0,0.0,0.0,0.0,0.0,0.0,0.0,1.53,0.0,0.0,0,0.51,0.0,0.0,0.0,0.0,0.0,0.0,0.0,0.0,1.53,32.73,27.1,5.62,82.81,8.18,18.92,11.76,0.0,0.0,0.51,50.0,9,1,176,0.0,0.0,0.51,1.53,7.67,1.02,3.58,50.0,3.58,58.33,0.0,0.0
349,252821,Premier League,24/25,Wolverhampton,Nélson Semedo,Defender,6.74,0.0,0.03,0.03,0.56,0.22,0.16,0.0,1.0,50.79,0.0,0.0,0.0,0.0,0.0,0.03,0.12,0.0,0.0,0.0,0.0,0.0,0.0,0.0,1.93,0.72,2.62,0,0.72,0.06,0.03,0.03,0.0,0.12,0.09,0.12,0.0,0.78,33.96,27.92,6.04,82.22,12.51,15.91,7.32,0.5,25.4,1.12,34.29,34,32,2891,0.25,0.0,1.49,0.93,11.11,0.65,4.73,47.95,3.86,50.2,0.87,40.0
350,1142175,Premier League,24/25,Manchester United,Kobbie Mainoo,Midfielder,6.74,0.0,0.04,0.0,0.82,0.11,0.27,0.0,1.25,47.92,0.0,0.0,0.0,0.0,0.0,0.05,0.16,0.0,0.0,0.0,0.0,0.0,0.0,0.0,2.5,1.03,0.65,0,0.87,0.05,0.0,0.0,0.0,0.11,0.22,0.0,0.0,0.76,44.46,38.86,5.6,87.41,18.48,20.49,10.27,0.11,28.57,1.2,64.71,25,19,1656,0.27,0.0,1.47,1.14,11.68,1.96,5.92,45.04,4.89,46.88,1.03,38.0
351,221200,Premier League,24/25,Leicester City,Ricardo Pereira,Defender,6.74,0.0,0.02,0.0,0.46,0.23,0.23,0.0,1.38,75.0,0.0,0.0,0.0,0.0,0.0,0.0,0.0,0.0,0.0,0.0,0.0,0.0,0.0,0.0,2.98,0.92,2.53,0,1.61,0.0,0.0,0.0,0.0,0.0,0.0,0.0,0.0,0.0,48.21,39.95,8.27,82.86,21.12,18.83,8.04,0.0,0.0,2.3,76.92,10,4,392,0.23,0.0,1.38,1.84,11.02,0.23,7.12,63.27,6.2,62.79,0.92,66.67
352,1092409,Premier League,24/25,Leicester City,Victor Kristiansen,Defender,6.74,0.0,0.0,0.04,0.11,0.0,0.11,0.0,0.29,47.06,0.0,0.0,0.0,0.0,0.0,0.0,0.11,0.0,0.0,0.0,0.0,0.0,0.0,0.0,3.15,1.52,2.39,0,1.52,0.0,0.11,0.04,0.04,0.04,0.18,0.04,0.0,0.65,37.14,30.37,6.76,81.79,17.03,14.43,6.18,1.08,30.93,1.52,39.62,30,29,2489,0.04,0.0,0.69,0.65,12.19,0.47,4.88,51.92,4.05,57.44,0.83,35.38
353,166381,Premier League,24/25,Southampton,Charlie Taylor,Defender,6.73,0.0,0.0,0.0,0.0,0.0,0.0,0.0,0.5,100.0,0.0,0.0,0.0,0.0,0.0,0.0,0.0,0.0,0.0,0.0,0.0,0.0,0.0,0.0,1.74,1.24,7.46,0,0.5,0.0,0.25,0.0,0.0,0.0,0.0,0.0,0.0,0.25,47.73,44.01,3.73,92.19,29.34,15.17,6.22,0.5,22.22,2.24,64.29,8,3,362,0.25,0.0,0.5,0.75,7.21,0.25,4.48,72.0,2.98,70.59,1.49,75.0
354,120538,Premier League,24/25,Leicester City,Jannik Vestergaard,Defender,6.73,0.0,0.01,0.0,0.19,0.13,0.0,0.0,0.26,100.0,0.0,0.0,0.0,0.0,0.0,0.0,0.0,0.0,0.0,0.0,0.0,0.0,0.0,0.0,1.42,1.03,4.77,0,0.39,0.0,0.06,0.0,0.06,0.0,0.0,0.0,0.0,0.19,61.81,56.13,5.68,90.81,39.81,16.32,2.9,0.0,0.0,2.0,44.29,18,16,1395,0.32,0.0,0.77,0.26,5.87,0.0,3.61,60.22,1.87,61.7,1.74,58.7
355,858194,Premier League,24/25,Crystal Palace,Eddie Nketiah,Forward,6.73,0.26,0.49,0.86,3.7,1.38,1.46,6.98,0.95,40.74,0.26,0.0,0.0,0.0,0.26,0.09,0.43,0.09,0.0,0.0,0.0,0.0,0.0,0.0,1.29,0.26,0.86,0,0.52,0.0,0.0,0.0,0.0,0.0,0.17,0.09,0.0,1.12,20.24,15.33,4.91,75.74,5.86,9.47,5.94,0.0,0.0,0.78,64.29,29,9,1045,0.34,0.09,2.67,2.5,11.11,1.46,6.55,42.7,4.74,46.22,1.81,35.59
356,134361,Premier League,24/25,Southampton,Jack Stephens,Defender,6.73,0.06,0.04,0.0,0.26,0.13,0.13,25.0,0.0,0.0,0.06,0.0,0.06,0.0,0.0,0.06,0.06,0.0,0.0,0.0,0.0,0.0,0.0,0.0,2.2,0.84,3.16,0,0.84,0.06,0.06,0.06,0.0,0.06,0.06,0.0,0.0,0.19,60.56,55.98,4.58,92.43,34.8,21.18,6.78,0.0,0.0,1.94,63.83,19,17,1394,0.13,0.13,0.84,0.26,5.62,0.19,2.84,50.57,2.45,53.52,0.39,37.5
357,1546231,Premier League,24/25,Fulham,Joshua King,Midfielder,6.73,0.0,0.2,0.0,1.88,0.0,0.62,0.0,2.5,50.0,0.0,0.0,0.0,0.0,0.0,0.0,0.0,0.0,0.0,0.0,0.0,0.0,0.0,0.0,4.38,0.62,0.62,0,1.88,0.0,0.0,0.0,0.0,0.0,0.62,0.0,0.0,1.88,38.75,33.12,5.62,85.48,7.5,26.25,18.12,0.62,50.0,1.25,100.0,8,1,144,0.0,0.0,1.88,1.25,13.75,3.75,8.75,43.75,8.12,44.83,0.62,33.33
358,833057,Premier League,24/25,Leicester City,Hamza Choudhury,Midfielder,6.73,0.0,0.0,0.0,0.0,0.0,0.0,0.0,2.08,75.0,0.0,0.0,0.0,0.0,0.0,0.0,0.0,0.0,0.0,0.0,0.0,0.0,0.0,0.0,0.69,3.46,1.38,0,1.38,0.0,0.0,0.0,0.0,0.0,0.69,0.0,0.0,1.38,52.62,47.08,5.54,89.47,19.38,28.38,11.08,0.69,20.0,0.69,33.33,4,1,130,0.0,0.0,0.69,0.0,9.69,0.0,2.77,50.0,2.77,50.0,0.0,0.0
359,879810,Premier League,24/25,Southampton,Flynn Downes,Midfielder,6.73,0.04,0.03,0.04,0.42,0.12,0.12,10.0,0.33,50.0,0.04,0.0,0.0,0.0,0.04,0.0,0.0,0.0,0.0,0.0,0.0,0.0,0.0,0.0,2.04,1.33,2.08,0,0.87,0.12,0.04,0.0,0.0,0.12,0.08,0.0,0.0,0.62,45.98,41.77,4.21,90.85,24.2,17.58,7.45,0.0,0.0,0.79,45.24,27,25,2161,0.5,0.0,2.08,1.62,6.21,0.71,4.71,50.45,4.0,50.53,0.71,50.0
360,232306,Premier League,24/25,Tottenham Hotspur,Timo Werner,Forward,6.72,0.0,0.17,0.35,1.42,0.53,0.89,0.0,1.77,55.56,0.0,0.0,0.0,0.0,0.0,0.0,0.89,0.0,0.0,0.0,0.0,0.0,0.0,0.0,1.06,0.18,1.06,0,1.77,0.0,0.0,0.0,0.0,0.0,0.89,0.53,0.0,1.77,35.08,26.04,9.04,74.24,5.85,20.73,13.82,0.53,10.71,0.35,25.0,18,4,508,0.0,0.0,0.53,0.89,19.13,1.06,3.72,42.86,3.72,43.75,0.0,0.0
361,803039,Premier League,24/25,Aston Villa,Donyell Malen,Forward,6.72,0.81,0.59,1.08,4.07,2.44,1.08,20.0,1.08,44.44,0.81,0.0,0.0,0.0,0.81,0.27,0.54,0.0,0.0,0.0,0.0,0.0,0.0,0.0,1.9,0.0,0.27,0,0.81,0.0,0.0,0.0,0.0,0.0,0.0,0.0,0.0,0.81,18.16,14.1,4.07,77.61,2.44,11.66,7.86,0.0,0.0,0.54,50.0,14,2,332,0.0,0.0,0.27,1.36,12.2,1.9,5.42,50.0,4.34,50.0,1.08,50.0
362,921005,Premier League,24/25,Ipswich Town,Jack Clarke,Midfielder,6.72,0.0,0.09,0.15,1.29,0.15,0.53,0.0,1.9,58.14,0.0,0.0,0.0,0.0,0.0,0.08,0.23,0.0,0.0,0.0,0.0,0.0,0.0,0.0,2.43,0.53,1.75,0,1.29,0.15,0.0,0.0,0.0,0.0,0.3,0.3,0.0,2.12,28.08,22.16,5.92,78.92,7.97,14.34,9.26,0.15,15.38,0.76,47.62,32,12,1186,0.15,0.0,1.14,1.75,12.07,1.67,6.6,49.71,6.07,53.33,0.53,28.0
363,605338,Premier League,24/25,Leicester City,Stephy Mavididi,Midfielder,6.72,0.22,0.1,0.17,1.44,0.39,0.5,15.38,1.94,42.68,0.22,0.0,0.0,0.11,0.11,0.0,0.17,0.0,0.0,0.0,0.0,0.0,0.06,0.0,1.89,0.61,0.72,0,1.56,0.0,0.0,0.0,0.0,0.0,0.22,0.06,0.11,1.33,29.33,24.28,5.06,82.77,8.56,16.39,9.89,0.67,17.39,0.33,35.29,30,16,1620,0.11,0.0,1.0,1.0,15.78,1.94,5.33,40.34,4.83,40.65,0.5,37.5
364,1048916,Premier League,24/25,Southampton,Lesley Ugochukwu,Midfielder,6.72,0.05,0.05,0.11,0.54,0.05,0.27,10.0,1.03,70.37,0.05,0.0,0.0,0.05,0.0,0.0,0.0,0.0,0.0,0.0,0.0,0.0,0.0,0.0,2.7,0.76,1.24,0,0.97,0.0,0.11,0.05,0.0,0.0,0.0,0.05,0.0,0.76,37.86,32.4,5.46,85.57,15.63,16.82,8.06,0.05,16.67,0.81,50.0,26,18,1664,0.38,0.0,1.68,0.87,7.52,0.7,5.68,54.69,4.54,54.9,1.14,53.85
365,825719,Premier League,24/25,Fulham,Issa Diop,Defender,6.72,0.0,0.04,0.07,0.33,0.13,0.13,0.0,0.07,50.0,0.0,0.0,0.0,0.0,0.0,0.0,0.0,0.0,0.0,0.0,0.0,0.0,0.0,0.0,1.72,0.6,4.64,0,0.33,0.07,0.07,0.0,0.07,0.07,0.0,0.0,0.0,0.2,50.07,43.84,6.23,87.55,31.37,12.47,3.58,0.0,0.0,2.59,45.88,21,15,1357,0.13,0.0,0.66,0.27,7.1,0.13,3.38,62.96,2.06,64.58,1.33,60.61
366,845464,Premier League,24/25,West Ham United,Andy Irving,Midfielder,6.71,0.0,0.06,0.0,2.02,1.01,0.51,0.0,0.51,100.0,0.0,0.0,0.0,0.0,0.0,0.0,0.0,0.0,0.0,0.0,0.0,0.0,0.0,0.0,3.54,0.51,2.53,0,2.02,0.0,0.0,0.0,0.0,0.0,0.51,0.0,0.0,0.51,60.67,54.61,6.07,90.0,27.3,27.81,12.13,0.51,50.0,3.54,87.5,10,1,178,1.01,0.0,3.03,0.51,9.61,1.52,5.06,41.67,4.55,40.91,0.51,50.0
367,295123,Premier League,24/25,Southampton,Paul Onuachu,Forward,6.71,0.34,0.31,0.42,2.87,1.27,0.93,11.76,0.67,36.36,0.34,0.0,0.17,0.17,0.0,0.08,0.84,0.0,0.0,0.0,0.0,0.0,0.0,0.0,0.59,0.08,1.35,0,0.34,0.0,0.08,0.0,0.0,0.0,0.0,0.08,0.0,0.67,22.01,13.5,8.52,61.3,5.06,8.43,3.96,0.0,0.0,0.51,46.15,25,11,1067,0.34,0.0,2.36,1.35,17.21,3.04,10.46,46.79,2.61,27.93,7.84,60.39
368,198038,Premier League,24/25,Ipswich Town,Christian Walton,Goalkeeper,6.71,0.0,0.0,0.0,0.0,0.0,0.0,0.0,0.0,0.0,0.0,0.0,0.0,0.0,0.0,0.0,0.0,0.0,0.0,0.0,0.0,0.0,0.0,0.0,0.0,0.0,0.57,0,0.14,0.0,0.14,0.0,0.0,0.14,0.0,0.0,0.0,0.14,31.43,20.29,11.14,64.55,16.43,3.86,1.57,0.0,0.0,6.57,37.7,7,7,630,0.0,0.0,0.0,0.14,11.14,0.0,0.43,75.0,0.14,50.0,0.29,100.0
369,1174472,Premier League,24/25,Southampton,Tyler Dibling,Midfielder,6.71,0.1,0.12,0.1,1.34,0.43,0.53,7.14,2.15,51.14,0.1,0.0,0.0,0.1,0.0,0.1,0.1,0.1,0.0,0.0,0.0,0.0,0.0,0.0,1.63,0.38,0.76,0,0.48,0.0,0.05,0.0,0.0,0.0,0.14,0.0,0.0,0.96,28.01,23.61,4.4,84.3,8.89,15.06,8.27,0.33,25.0,0.67,58.33,33,20,1883,0.29,0.0,1.43,2.39,12.67,2.63,6.64,46.03,6.17,48.31,0.48,28.57
370,294593,Premier League,24/25,Nottingham Forest,Álex Moreno,Defender,6.71,0.0,0.01,0.0,0.56,0.0,0.09,0.0,0.75,50.0,0.0,0.0,0.0,0.0,0.0,0.0,0.0,0.0,0.0,0.0,0.0,0.0,0.0,0.0,2.33,1.4,3.54,0,2.24,0.0,0.0,0.0,0.0,0.09,0.19,0.09,0.0,0.75,29.81,23.2,6.61,77.81,10.06,13.6,8.2,0.47,26.32,0.56,27.27,15,11,966,0.19,0.0,1.12,0.56,14.07,0.56,3.91,40.78,3.63,43.82,0.28,21.43
371,1150952,Premier League,24/25,West Ham United,Oliver Scarles,Defender,6.71,0.0,0.01,0.0,0.41,0.0,0.14,0.0,0.27,28.57,0.0,0.0,0.0,0.0,0.0,0.0,0.14,0.0,0.0,0.0,0.0,0.0,0.0,0.0,2.85,1.5,2.72,0,1.09,0.0,0.0,0.0,0.0,0.14,0.0,0.0,0.0,0.27,43.78,35.76,8.02,81.68,17.95,17.95,8.02,0.14,6.67,1.09,22.22,15,7,662,0.14,0.0,0.68,0.41,13.46,0.41,4.35,54.24,3.53,55.32,0.82,50.0
372,44614,Premier League,24/25,Manchester City,Kyle Walker,Defender,6.71,0.0,0.01,0.0,0.46,0.18,0.09,0.0,0.28,60.0,0.0,0.0,0.0,0.0,0.0,0.0,0.09,0.0,0.0,0.0,0.0,0.0,0.0,0.0,1.57,0.28,1.02,0,1.11,0.0,0.09,0.0,0.0,0.0,0.18,0.0,0.0,0.65,67.62,59.94,7.68,88.65,22.94,37.37,18.96,0.37,28.57,2.03,40.0,15,9,973,0.28,0.0,0.55,0.46,10.64,0.18,3.14,53.97,2.31,53.19,0.83,56.25
373,893478,Premier League,24/25,Ipswich Town,Luke Woolfenden,Defender,6.71,0.0,0.0,0.0,0.08,0.0,0.08,0.0,0.0,0.0,0.0,0.0,0.0,0.0,0.0,0.0,0.08,0.0,0.0,0.0,0.0,0.0,0.0,0.0,0.68,1.44,5.77,0,0.23,0.0,0.0,0.0,0.0,0.08,0.0,0.0,0.0,0.0,42.42,37.56,4.86,88.55,29.22,8.35,2.73,0.0,0.0,2.35,43.06,15,12,1186,0.15,0.0,0.38,0.15,5.31,0.0,1.97,53.06,0.83,57.89,1.14,50.0
374,138534,Premier League,24/25,Arsenal,Raheem Sterling,Forward,6.71,0.0,0.25,0.18,1.94,0.0,0.71,0.0,1.77,50.0,0.0,0.0,0.0,0.0,0.0,0.0,0.71,0.0,0.0,0.0,0.0,0.0,0.35,0.0,1.59,0.18,0.53,0,0.88,0.0,0.0,0.0,0.0,0.0,0.0,0.35,0.0,1.41,32.18,27.23,4.95,84.62,3.01,24.75,18.74,0.53,18.75,0.18,50.0,17,7,509,0.18,0.0,2.12,1.41,14.32,2.48,4.95,39.44,4.77,40.3,0.18,25.0
375,1015733,Premier League,24/25,Nottingham Forest,Ramón Sosa,Forward,6.71,0.28,0.28,0.28,3.03,1.38,0.83,9.09,2.2,61.54,0.28,0.0,0.0,0.0,0.28,0.0,0.83,0.0,0.0,0.0,0.0,0.0,0.0,0.0,1.38,1.1,1.1,0,1.1,0.0,0.0,0.0,0.0,0.0,0.28,0.0,0.0,2.2,23.12,16.51,6.61,71.43,6.61,10.73,6.61,0.83,37.5,0.83,60.0,19,1,327,0.28,0.0,1.65,2.2,13.76,1.38,6.88,48.08,5.78,52.5,1.1,33.33
376,847151,Premier League,24/25,West Ham United,Edson Álvarez,Midfielder,6.71,0.0,0.02,0.0,0.61,0.05,0.25,0.0,0.71,50.0,0.0,0.0,0.0,0.0,0.0,0.0,0.2,0.0,0.0,0.0,0.0,0.0,0.0,0.0,2.52,0.91,2.07,0,0.91,0.05,0.0,0.0,0.0,0.0,0.05,0.05,0.0,0.61,49.82,43.11,6.71,86.52,22.66,20.64,9.64,0.2,66.67,1.87,53.62,28,20,1783,0.35,0.05,2.12,0.91,10.04,0.76,5.65,50.22,4.14,48.52,1.51,55.56
377,1110842,Premier League,24/25,Brighton & Hove Albion,Simon Adingra,Midfielder,6.71,0.16,0.19,0.31,2.59,0.63,0.86,6.06,1.65,43.75,0.16,0.0,0.0,0.08,0.08,0.08,0.31,0.0,0.0,0.0,0.0,0.0,0.0,0.0,1.8,0.63,0.47,0,1.26,0.0,0.16,0.0,0.0,0.0,0.24,0.16,0.0,1.26,26.05,21.34,4.71,81.93,6.75,15.38,9.73,0.78,24.39,0.39,41.67,29,12,1147,0.0,0.0,1.02,0.31,13.5,0.94,4.32,43.65,3.77,41.74,0.55,63.64
378,1400650,Premier League,24/25,Newcastle United,Lewis Miley,Midfielder,6.71,0.28,0.15,0.0,0.83,0.56,0.0,33.33,0.28,50.0,0.28,0.0,0.0,0.28,0.0,0.0,0.0,0.0,0.0,0.0,0.0,0.0,0.0,0.0,3.89,0.56,1.39,0,1.94,0.0,0.56,0.0,0.0,0.0,0.0,0.0,0.0,0.28,52.78,46.67,6.11,88.42,20.0,26.67,15.56,0.0,0.0,1.11,50.0,14,1,324,0.0,0.0,0.83,0.28,9.17,0.28,6.11,53.66,4.44,57.14,1.67,46.15
379,2007889,Premier League,24/25,Bournemouth,Ben Winterburn,Midfielder,6.7,0.0,0.0,0.0,0.0,0.0,0.0,0.0,0.0,0.0,0.0,0.0,0.0,0.0,0.0,0.0,0.0,0.0,0.0,0.0,0.0,0.0,0.0,0.0,0.0,8.18,0.0,0,4.09,0.0,0.0,0.0,0.0,0.0,0.0,0.0,0.0,0.0,28.64,20.45,8.18,71.43,4.09,16.36,0.0,0.0,0.0,0.0,0.0,4,0,22,0.0,0.0,0.0,4.09,8.18,0.0,8.18,66.67,4.09,50.0,4.09,100.0
380,1177007,Premier League,24/25,Brentford,Ryan Trevitt,Midfielder,6.7,0.0,0.0,0.0,0.0,0.0,0.0,0.0,0.0,0.0,0.0,0.0,0.0,0.0,0.0,0.0,0.0,0.0,0.0,0.0,0.0,0.0,0.0,0.0,10.0,0.0,0.0,0,0.0,0.0,0.0,0.0,0.0,0.0,0.0,0.0,0.0,0.0,60.0,40.0,20.0,66.67,30.0,10.0,10.0,0.0,0.0,0.0,0.0,1,0,9,0.0,0.0,0.0,0.0,30.0,0.0,10.0,100.0,10.0,100.0,0.0,0.0
381,887581,Premier League,24/25,Leicester City,Boubakary Soumaré,Midfielder,6.7,0.0,0.01,0.0,0.29,0.0,0.17,0.0,1.11,65.85,0.0,0.0,0.0,0.0,0.0,0.04,0.0,0.0,0.0,0.0,0.0,0.0,0.0,0.0,1.53,1.11,1.36,0,0.5,0.04,0.12,0.0,0.0,0.04,0.0,0.0,0.0,0.45,50.28,44.01,6.28,87.52,23.24,20.93,7.43,0.17,40.0,1.07,53.06,31,25,2180,0.33,0.0,0.99,0.95,9.17,0.91,4.46,56.54,3.55,54.43,0.91,66.67
382,1414991,Premier League,24/25,West Ham United,Lewis Orford,Midfielder,6.7,0.0,0.06,0.0,1.91,0.0,1.91,0.0,0.0,0.0,0.0,0.0,0.0,0.0,0.0,0.0,0.0,0.0,0.0,0.0,0.0,0.0,0.0,0.0,0.0,1.91,0.0,0,0.0,0.0,0.0,0.0,0.0,0.0,0.0,0.0,0.0,3.83,70.85,61.28,9.57,86.49,42.13,21.06,7.66,1.91,100.0,0.0,0.0,2,0,47,0.0,0.0,0.0,0.0,11.49,0.0,0.0,0.0,0.0,0.0,0.0,0.0
383,804434,Premier League,24/25,Arsenal,Takehiro Tomiyasu,Defender,6.7,0.0,1.01,0.0,5.62,0.0,5.62,0.0,0.0,0.0,0.0,0.0,0.0,0.0,0.0,5.62,0.0,0.0,0.0,0.0,0.0,0.0,0.0,0.0,0.0,0.0,5.62,0,0.0,0.0,0.0,0.0,0.0,0.0,0.0,0.0,0.0,0.0,22.5,16.88,5.62,75.0,11.25,5.62,5.62,0.0,0.0,0.0,0.0,1,0,16,0.0,0.0,0.0,0.0,5.62,0.0,0.0,0.0,0.0,0.0,0.0,0.0
384,1064218,Premier League,24/25,Crystal Palace,Chadi Riad,Defender,6.7,0.0,0.0,0.0,0.0,0.0,0.0,0.0,0.0,0.0,0.0,0.0,0.0,0.0,0.0,0.0,0.0,0.0,0.0,0.0,0.0,0.0,0.0,0.0,5.0,2.0,0.0,0,1.0,0.0,0.0,0.0,0.0,0.0,0.0,0.0,0.0,0.0,82.0,70.0,12.0,85.37,49.0,21.0,8.0,0.0,0.0,5.0,50.0,1,1,90,0.0,0.0,1.0,0.0,13.0,0.0,7.0,53.85,5.0,71.43,2.0,33.33
385,1156586,Premier League,24/25,Bournemouth,James Hill,Defender,6.7,0.0,0.06,0.0,1.18,0.0,0.79,0.0,0.2,50.0,0.0,0.0,0.0,0.0,0.0,0.0,0.0,0.0,0.0,0.0,0.0,0.0,0.0,0.0,2.96,1.78,6.12,0,1.58,0.0,0.0,0.0,0.0,0.0,0.2,0.2,0.0,0.59,40.46,29.01,11.45,71.71,15.79,13.22,5.72,0.0,0.0,1.38,19.44,10,6,456,0.2,0.0,1.38,0.99,17.57,0.0,6.91,55.56,3.95,55.56,2.96,55.56
386,865167,Premier League,24/25,Newcastle United,Lloyd Kelly,Defender,6.7,0.0,0.11,0.0,0.81,0.0,0.81,0.0,0.54,66.67,0.0,0.0,0.0,0.0,0.0,0.0,0.27,0.0,0.0,0.0,0.0,0.0,0.0,0.0,1.34,0.27,4.03,0,0.0,0.0,0.0,0.0,0.0,0.0,0.27,0.27,0.0,0.54,44.33,36.0,8.33,81.21,20.96,15.31,4.03,0.27,100.0,1.07,20.0,10,4,335,0.54,0.0,1.34,1.34,11.01,0.54,4.84,64.29,2.96,57.89,1.88,77.78
387,857671,Premier League,24/25,Ipswich Town,Jens-Lys Cajuste,Midfielder,6.7,0.05,0.03,0.0,0.55,0.05,0.32,8.33,1.28,59.57,0.0,0.05,0.0,0.0,0.05,0.0,0.0,0.0,0.0,0.0,0.0,0.0,0.0,0.0,2.0,1.28,1.5,0,1.28,0.05,0.05,0.0,0.0,0.0,0.0,0.05,0.0,0.59,33.34,28.65,4.69,85.93,15.71,13.03,5.6,0.09,20.0,1.09,48.98,30,25,1976,0.09,0.0,1.09,1.0,9.2,0.77,4.87,49.54,4.28,51.93,0.59,37.14
388,1627806,Premier League,24/25,Brighton & Hove Albion,Harry Howell,Midfielder,6.7,0.0,0.0,0.0,0.0,0.0,0.0,0.0,0.0,0.0,0.0,0.0,0.0,0.0,0.0,0.0,0.0,0.0,0.0,0.0,0.0,0.0,0.0,0.0,6.43,0.0,0.0,0,6.43,0.0,0.0,0.0,0.0,0.0,0.0,0.0,0.0,0.0,57.86,51.43,6.43,88.89,19.29,32.14,12.86,0.0,0.0,0.0,0.0,1,0,14,0.0,0.0,0.0,0.0,12.86,0.0,6.43,50.0,6.43,50.0,0.0,0.0
389,836694,Premier League,24/25,Manchester United,Mason Mount,Forward,6.7,0.14,0.48,0.43,2.88,1.3,0.86,5.0,0.14,11.11,0.14,0.0,0.0,0.0,0.14,0.0,0.14,0.0,0.0,0.0,0.0,0.0,0.0,0.0,2.16,0.58,0.58,0,0.43,0.0,0.0,0.0,0.0,0.0,0.0,0.0,0.0,1.15,34.13,28.66,5.47,83.97,9.5,19.87,11.81,0.72,38.46,1.3,64.29,17,8,625,0.43,0.0,2.3,1.3,11.38,1.3,4.18,39.73,3.6,41.67,0.58,30.77
390,998835,Premier League,24/25,Arsenal,Nathan Butler-Oyedeji,Forward,6.7,0.0,0.57,0.0,8.18,8.18,0.0,0.0,0.0,0.0,0.0,0.0,0.0,0.0,0.0,0.0,0.0,0.0,0.0,0.0,0.0,0.0,0.0,0.0,0.0,0.0,0.0,0,0.0,0.0,0.0,0.0,0.0,0.0,0.0,0.0,0.0,0.0,0.0,0.0,0.0,0.0,0.0,0.0,0.0,0.0,0.0,0.0,0.0,1,0,11,0.0,0.0,0.0,0.0,0.0,0.0,0.0,0.0,0.0,0.0,0.0,0.0
391,336655,Premier League,24/25,Bournemouth,Enes Ünal,Forward,6.69,0.52,0.71,0.78,5.22,1.83,2.35,10.0,0.26,9.09,0.26,0.26,0.26,0.0,0.26,0.0,0.26,0.0,0.0,0.0,0.0,0.26,0.78,33.33,0.26,0.0,1.57,0,0.78,0.0,0.0,0.0,0.0,0.0,0.26,0.26,0.0,1.04,24.52,16.43,8.09,67.02,3.91,12.52,10.17,0.0,0.0,0.0,0.0,17,2,345,0.52,0.0,1.57,2.35,19.83,3.39,9.13,39.33,2.87,26.19,6.26,51.06
392,911710,Premier League,24/25,Ipswich Town,Nathan Broadhead,Forward,6.69,0.26,0.22,0.26,1.68,1.03,0.13,15.38,2.2,53.13,0.13,0.13,0.0,0.0,0.26,0.0,0.26,0.0,0.0,0.0,0.0,0.0,0.0,0.0,1.16,0.52,0.65,0,1.16,0.0,0.0,0.0,0.0,0.0,0.13,0.0,0.0,0.91,28.06,22.89,5.17,81.57,9.31,13.58,7.76,0.0,0.0,0.39,42.86,18,7,696,0.13,0.0,0.52,1.68,13.32,1.94,5.17,43.01,5.04,47.56,0.13,9.09
393,1020141,Premier League,24/25,Everton,Nathan Patterson,Defender,6.69,0.0,0.02,0.0,0.26,0.0,0.26,0.0,2.35,81.82,0.0,0.0,0.0,0.0,0.0,0.0,0.0,0.0,0.0,0.0,0.0,0.0,0.0,0.0,2.87,0.52,1.3,0,1.83,0.0,0.0,0.0,0.0,0.0,0.26,0.26,0.0,1.04,31.3,24.78,6.52,79.17,10.43,15.65,8.35,1.3,35.71,2.09,40.0,10,3,345,0.26,0.0,1.57,0.26,14.09,0.52,5.74,47.83,5.48,55.26,0.26,12.5
394,784625,Premier League,24/25,Ipswich Town,Conor Chaplin,Midfielder,6.69,0.1,0.16,0.1,1.66,0.41,0.62,6.25,0.41,50.0,0.1,0.0,0.0,0.1,0.0,0.0,0.0,0.0,0.0,0.0,0.0,0.0,0.0,0.0,1.55,0.41,0.31,0,0.83,0.0,0.0,0.0,0.0,0.0,0.1,0.1,0.0,0.83,31.69,23.72,7.97,74.84,11.29,12.64,8.49,0.21,22.22,0.83,40.0,22,10,869,0.21,0.0,1.14,0.72,10.87,0.52,3.0,44.62,2.69,50.0,0.31,23.08
395,907500,Premier League,24/25,Brentford,Paris Maghoma,Midfielder,6.69,0.0,0.09,0.0,0.74,0.0,0.0,0.0,2.23,75.0,0.0,0.0,0.0,0.0,0.0,0.0,0.0,0.0,0.0,0.0,0.0,0.0,0.0,0.0,1.49,0.74,0.74,0,1.49,0.0,0.0,0.0,0.0,0.0,0.0,0.0,0.0,0.74,60.25,56.53,3.72,93.83,27.52,29.01,12.64,0.0,0.0,1.49,50.0,8,0,121,0.0,0.0,1.49,2.98,8.18,0.0,7.44,55.56,6.69,64.29,0.74,25.0
396,947929,Premier League,24/25,Everton,Jesper Lindstrøm,Midfielder,6.69,0.0,0.15,0.29,2.02,0.72,0.72,0.0,0.58,20.51,0.0,0.0,0.0,0.0,0.0,0.0,0.07,0.0,0.0,0.0,0.0,0.0,0.43,0.0,3.25,0.87,1.01,0,2.6,0.0,0.0,0.0,0.0,0.07,0.36,0.07,0.0,1.37,25.16,19.81,5.35,78.74,6.87,14.17,7.95,1.23,23.94,0.72,45.45,25,15,1245,0.14,0.0,1.08,0.72,15.76,1.73,4.99,36.9,4.55,37.28,0.43,33.33
397,1084311,Premier League,24/25,Crystal Palace,Justin Devenny,Midfielder,6.69,0.17,0.13,0.17,1.73,1.04,0.17,10.0,0.35,50.0,0.17,0.0,0.0,0.0,0.17,0.0,0.17,0.0,0.0,0.0,0.0,0.0,0.17,0.0,2.95,0.0,1.91,0,1.91,0.0,0.0,0.0,0.0,0.0,0.17,0.17,0.0,1.21,32.25,25.14,7.11,77.96,9.88,15.78,8.84,0.52,17.65,1.04,37.5,23,4,519,0.17,0.0,1.39,0.0,14.05,0.52,3.64,36.21,3.29,44.19,0.35,13.33
398,866191,Premier League,24/25,Newcastle United,Sean Longstaff,Midfielder,6.69,0.0,0.06,0.0,0.65,0.11,0.22,0.0,0.22,33.33,0.0,0.0,0.0,0.0,0.0,0.11,0.0,0.0,0.0,0.0,0.0,0.0,0.0,0.0,2.9,0.75,0.86,0,0.97,0.0,0.0,0.0,0.0,0.22,0.0,0.0,0.0,0.43,36.88,31.72,5.16,86.01,15.81,15.91,9.03,0.0,0.0,1.18,73.33,25,8,837,0.22,0.0,0.97,0.65,8.06,0.75,4.52,53.85,3.55,53.23,0.97,56.25
399,958380,Premier League,24/25,Manchester United,Antony,Midfielder,6.69,0.0,0.59,0.58,3.48,1.74,1.16,0.0,2.32,40.0,0.0,0.0,0.0,0.0,0.0,0.0,0.0,0.0,0.0,0.0,0.0,0.0,0.0,0.0,3.48,1.16,0.0,0,1.74,0.0,0.0,0.0,0.0,0.0,0.0,0.0,0.0,1.74,34.26,27.87,6.39,81.36,9.29,20.32,13.35,1.74,60.0,0.0,0.0,8,0,155,0.0,0.0,1.16,2.9,14.52,0.58,8.71,53.57,8.71,55.56,0.0,0.0
400,1009920,Premier League,24/25,Southampton,Welington,Defender,6.69,0.0,0.01,0.0,0.56,0.0,0.19,0.0,0.93,62.5,0.0,0.0,0.0,0.0,0.0,0.0,0.19,0.0,0.0,0.0,0.0,0.0,0.0,0.0,3.89,1.3,6.11,0,1.3,0.0,0.0,0.19,0.0,0.0,0.0,0.0,0.0,0.56,26.11,21.85,4.26,83.69,10.37,12.22,5.37,0.74,23.53,1.48,53.33,10,6,486,0.19,0.0,1.11,1.48,10.56,0.74,7.22,61.9,6.3,62.96,0.93,55.56
401,143334,Premier League,24/25,Manchester United,Victor Lindelöf,Defender,6.69,0.0,0.0,0.0,0.0,0.0,0.0,0.0,0.0,0.0,0.0,0.0,0.0,0.0,0.0,0.0,0.0,0.0,0.0,0.0,0.0,0.0,0.0,0.0,0.87,0.99,4.47,0,0.12,0.0,0.25,0.0,0.0,0.25,0.0,0.0,0.0,0.37,47.17,44.19,2.98,93.68,31.28,13.03,4.34,0.12,100.0,1.49,63.16,16,6,725,0.12,0.0,0.99,0.12,3.23,0.12,3.1,50.0,0.99,44.44,2.11,53.13
402,846308,Premier League,24/25,Wolverhampton,Santiago Bueno,Defender,6.68,0.0,0.02,0.0,0.31,0.16,0.16,0.0,0.0,0.0,0.0,0.0,0.0,0.0,0.0,0.05,0.0,0.0,0.0,0.0,0.0,0.0,0.0,0.0,2.15,0.79,3.67,0,0.26,0.0,0.0,0.0,0.0,0.21,0.0,0.0,0.0,0.0,43.9,38.65,5.24,88.05,30.0,8.65,1.73,0.0,0.0,1.52,40.28,29,18,1716,0.1,0.0,1.36,0.26,5.72,0.1,4.25,54.73,2.41,56.79,1.84,52.24
403,1003334,Premier League,24/25,Manchester City,James McAtee,Midfielder,6.68,0.75,0.7,0.75,2.98,0.99,1.99,25.0,0.5,28.57,0.75,0.0,0.25,0.5,0.0,0.0,0.0,0.0,0.0,0.0,0.0,0.0,0.0,0.0,1.24,0.5,0.25,0,1.49,0.0,0.0,0.0,0.0,0.0,0.5,0.0,0.0,0.75,29.09,24.36,4.72,83.76,6.71,18.15,9.94,0.5,25.0,0.0,0.0,15,3,362,0.25,0.0,1.49,0.75,8.95,0.25,2.98,36.36,2.49,35.71,0.5,40.0
404,997103,Premier League,24/25,Tottenham Hotspur,Radu Drăguşin,Defender,6.68,0.0,0.01,0.0,0.36,0.07,0.29,0.0,0.0,0.0,0.0,0.0,0.0,0.0,0.0,0.0,0.0,0.0,0.0,0.0,0.0,0.0,0.0,0.0,0.72,1.08,3.31,0,0.43,0.07,0.22,0.0,0.0,0.14,0.07,0.0,0.0,0.29,60.14,51.22,8.92,85.17,34.6,16.69,4.32,0.07,100.0,1.8,28.74,16,14,1251,0.07,0.0,0.43,0.72,9.64,0.14,3.81,59.55,1.37,59.38,2.45,59.65
405,76632,Premier League,24/25,Everton,Séamus Coleman,Defender,6.68,0.0,0.23,0.4,0.4,0.4,0.0,0.0,1.61,80.0,0.0,0.0,0.0,0.0,0.0,0.0,0.0,0.0,0.0,0.0,0.0,0.0,0.0,0.0,1.21,0.4,2.81,0,0.4,0.0,0.0,0.0,0.0,0.0,0.0,0.0,0.0,0.0,29.73,22.9,6.83,77.03,8.84,14.06,6.03,0.0,0.0,3.21,50.0,5,3,224,0.4,0.0,0.0,0.4,11.25,0.4,4.02,71.43,3.21,72.73,0.8,66.67
406,842513,Premier League,24/25,Brighton & Hove Albion,Igor Júlio,Defender,6.68,0.0,0.0,0.0,0.09,0.0,0.09,0.0,0.47,83.33,0.0,0.0,0.0,0.0,0.0,0.0,0.0,0.0,0.0,0.0,0.0,0.0,0.0,0.0,0.47,0.37,3.54,0,0.56,0.09,0.0,0.0,0.0,0.09,0.0,0.0,0.0,0.19,66.36,61.52,4.84,92.71,41.04,20.57,6.24,0.09,25.0,2.61,59.57,13,10,967,0.37,0.0,0.84,0.56,5.68,0.0,2.23,52.17,1.49,50.0,0.74,57.14
407,26025,Premier League,24/25,Aston Villa,Robin Olsen,Goalkeeper,6.68,0.0,0.0,0.0,0.0,0.0,0.0,0.0,0.0,0.0,0.0,0.0,0.0,0.0,0.0,0.0,0.0,0.0,0.0,0.0,0.0,0.0,0.0,0.0,0.4,0.0,1.2,0,0.0,0.0,0.4,0.0,0.0,0.4,0.0,0.0,0.0,0.0,40.0,25.6,14.4,64.0,18.8,6.8,3.2,0.0,0.0,8.4,36.84,4,1,225,0.0,0.0,0.0,0.0,14.4,0.0,0.4,100.0,0.4,100.0,0.0,0.0
408,1016907,Premier League,24/25,Brentford,Igor Thiago,Forward,6.68,0.0,0.07,0.0,1.03,0.0,1.03,0.0,1.55,60.0,0.0,0.0,0.0,0.0,0.0,0.0,0.52,0.0,0.0,0.0,0.0,0.0,0.0,0.0,2.59,1.03,1.55,0,0.52,0.0,0.52,0.0,0.0,0.0,0.0,0.0,0.0,1.03,27.93,20.69,7.24,74.07,7.24,13.45,7.76,0.0,0.0,1.03,66.67,8,1,174,0.0,0.0,1.55,1.55,13.97,1.03,9.31,58.06,5.69,61.11,3.62,53.85
409,1065134,Premier League,24/25,Leicester City,Kasey McAteer,Midfielder,6.68,0.1,0.11,0.31,1.34,0.72,0.51,7.69,0.62,28.57,0.1,0.0,0.0,0.0,0.1,0.1,0.31,0.0,0.0,0.0,0.0,0.0,0.0,0.0,2.37,0.51,1.34,0,1.54,0.0,0.0,0.0,0.0,0.0,0.1,0.1,0.0,0.93,22.65,17.81,4.84,78.64,6.69,11.53,6.69,0.41,19.05,0.21,40.0,18,9,874,0.31,0.0,1.85,1.54,12.36,1.65,5.87,41.61,4.53,41.12,1.34,43.33
410,143040,Premier League,24/25,Liverpool FC,Wataru Endo,Midfielder,6.68,0.0,0.0,0.0,0.0,0.0,0.0,0.0,0.6,100.0,0.0,0.0,0.0,0.0,0.0,0.0,0.0,0.0,0.0,0.0,0.0,0.0,0.0,0.0,3.6,1.8,2.4,0,1.2,0.0,0.0,0.0,0.0,0.0,0.0,0.0,0.0,0.6,56.7,53.4,3.3,94.18,27.0,26.4,11.7,0.0,0.0,1.2,100.0,20,1,300,0.0,0.0,4.5,2.1,6.3,0.9,7.2,48.0,6.3,48.84,0.9,42.86
411,829570,Premier League,24/25,Everton,Jack Harrison,Forward,6.68,0.04,0.15,0.17,1.25,0.3,0.52,3.45,1.03,35.82,0.04,0.0,0.0,0.04,0.0,0.0,0.17,0.04,0.0,0.0,0.0,0.0,0.0,0.0,1.38,0.43,1.34,0,1.34,0.04,0.04,0.0,0.0,0.09,0.26,0.0,0.04,1.47,22.11,16.21,5.91,73.29,5.3,12.24,6.42,1.34,23.66,0.56,32.5,34,24,2088,0.0,0.0,0.56,1.21,16.51,1.77,3.79,36.07,3.62,39.62,0.17,12.5
412,280979,Premier League,24/25,Wolverhampton,Gonçalo Guedes,Midfielder,6.68,0.18,0.28,0.53,2.4,0.71,0.98,7.41,0.8,37.5,0.18,0.0,0.0,0.0,0.18,0.0,0.27,0.0,0.0,0.0,0.0,0.0,0.0,0.0,1.42,0.45,0.27,0,1.07,0.0,0.0,0.0,0.0,0.0,0.18,0.36,0.0,1.25,27.6,21.36,6.23,77.42,6.32,15.58,9.97,0.53,27.27,0.8,39.13,29,10,1011,0.09,0.0,1.34,1.51,14.33,1.6,4.18,39.5,3.65,41.0,0.53,31.58
413,372344,Premier League,24/25,Everton,Dominic Calvert-Lewin,Forward,6.68,0.17,0.37,0.88,2.76,1.1,1.22,6.0,0.55,43.48,0.17,0.0,0.06,0.0,0.11,0.06,1.49,0.0,0.0,0.0,0.0,0.0,0.0,0.0,0.5,0.39,1.27,0,0.22,0.0,0.0,0.0,0.0,0.17,0.06,0.06,0.0,0.39,15.58,9.89,5.69,63.48,2.49,7.46,4.75,0.06,16.67,0.11,33.33,26,19,1629,0.11,0.0,1.49,1.27,12.87,1.82,7.02,44.88,2.27,36.28,4.75,50.59
414,1440673,Premier League,24/25,Southampton,Jay Robinson,Forward,6.68,0.0,0.03,0.0,0.63,0.63,0.0,0.0,3.78,54.55,0.0,0.0,0.0,0.0,0.0,0.0,0.0,0.0,0.0,0.0,0.0,0.0,0.0,0.0,2.52,0.0,0.63,0,0.0,0.0,0.0,0.0,0.0,0.0,0.63,0.0,0.0,1.89,20.77,14.48,6.29,69.7,3.78,10.7,7.55,0.0,0.0,0.63,25.0,4,1,143,0.0,0.0,1.89,0.63,14.48,3.78,6.92,42.31,6.92,44.0,0.0,0.0
415,832427,Premier League,24/25,West Ham United,Carlos Soler,Midfielder,6.67,0.06,0.12,0.25,1.59,0.57,0.51,4.0,0.51,47.06,0.06,0.0,0.0,0.0,0.06,0.06,0.0,0.0,0.0,0.0,0.0,0.0,0.06,0.0,1.01,0.51,1.21,0,1.01,0.06,0.06,0.0,0.0,0.0,0.13,0.06,0.0,1.14,39.89,35.39,4.5,88.71,18.01,17.89,8.37,0.51,23.53,1.27,51.28,31,14,1419,0.38,0.0,1.65,1.21,8.63,0.89,3.36,40.77,2.66,39.25,0.7,47.83
416,861970,Premier League,24/25,Chelsea,Kiernan Dewsbury-Hall,Midfielder,6.67,0.0,0.07,0.0,0.31,0.0,0.0,0.0,0.62,50.0,0.0,0.0,0.0,0.0,0.0,0.0,0.0,0.0,0.0,0.0,0.0,0.0,0.0,0.0,2.47,0.62,2.16,0,0.62,0.0,0.31,0.0,0.0,0.0,0.31,0.31,0.0,0.92,45.92,39.14,6.78,85.23,14.79,24.35,11.4,0.0,0.0,1.23,50.0,13,2,292,0.0,0.0,1.23,1.85,9.55,0.92,4.93,59.26,4.93,61.54,0.0,0.0
417,888550,Premier League,24/25,Newcastle United,Joe Willock,Midfielder,6.67,0.0,0.13,0.41,1.48,0.25,0.74,0.0,0.98,41.38,0.0,0.0,0.0,0.0,0.0,0.0,0.25,0.0,0.0,0.0,0.0,0.0,0.0,0.0,2.46,0.49,0.41,0,1.07,0.0,0.0,0.0,0.0,0.0,0.41,0.16,0.0,1.8,27.73,24.12,3.61,86.98,7.38,16.82,10.5,0.08,5.56,0.49,46.15,32,11,1097,0.33,0.0,1.89,1.07,11.65,1.89,4.92,40.82,4.51,43.31,0.41,25.0
418,1145627,Premier League,24/25,Everton,Youssef Chermiti,Forward,6.67,0.0,0.2,0.0,5.51,1.84,0.0,0.0,1.84,100.0,0.0,0.0,0.0,0.0,0.0,0.0,3.67,0.0,0.0,0.0,0.0,0.0,0.0,0.0,0.0,0.0,0.0,0,1.84,0.0,0.0,0.0,0.0,0.0,0.0,0.0,0.0,0.0,18.37,11.02,7.35,60.0,3.67,7.35,3.67,0.0,0.0,1.84,100.0,4,0,49,1.84,0.0,1.84,1.84,11.02,1.84,7.35,50.0,3.67,40.0,3.67,66.67
419,991604,Premier League,24/25,Brentford,Fabio Carvalho,Forward,6.67,0.39,0.49,0.39,2.37,1.18,0.39,16.67,0.39,16.67,0.39,0.0,0.0,0.0,0.39,0.2,0.2,0.0,0.0,0.0,0.0,0.0,0.0,0.0,2.57,0.59,0.39,0,1.38,0.0,0.0,0.0,0.0,0.0,0.2,0.2,0.0,0.79,32.76,24.47,8.29,74.7,7.7,16.97,11.64,0.2,10.0,0.99,50.0,19,3,456,0.2,0.0,0.99,1.97,16.38,1.58,5.33,42.86,4.93,45.45,0.39,25.0
420,891920,Premier League,24/25,Fulham,Carlos Vinícius,Forward,6.67,0.0,0.11,0.0,2.73,2.73,0.0,0.0,2.73,100.0,0.0,0.0,0.0,0.0,0.0,0.0,0.0,0.0,0.0,0.0,0.0,0.0,0.0,0.0,0.0,0.0,0.0,0,2.73,0.0,0.0,0.0,0.0,0.0,0.0,0.0,0.0,0.0,8.18,2.73,5.45,33.33,2.73,0.0,0.0,0.0,0.0,0.0,0.0,3,0,33,0.0,0.0,0.0,5.45,8.18,0.0,8.18,75.0,8.18,75.0,0.0,0.0
421,998772,Premier League,24/25,Tottenham Hotspur,Dane Scarlett,Forward,6.67,0.0,0.1,0.0,2.43,2.43,0.0,0.0,0.0,0.0,0.0,0.0,0.0,0.0,0.0,0.0,2.43,0.0,0.0,0.0,0.0,0.0,0.0,0.0,2.43,0.0,2.43,0,0.0,0.0,0.0,0.0,0.0,0.0,0.0,2.43,0.0,2.43,12.16,7.3,4.86,60.0,4.86,2.43,0.0,0.0,0.0,0.0,0.0,3,0,37,0.0,0.0,0.0,2.43,7.3,2.43,7.3,75.0,4.86,66.67,2.43,100.0
422,103045,Premier League,24/25,Leicester City,Jordan Ayew,Forward,6.67,0.26,0.19,0.21,1.75,0.53,0.53,15.15,1.38,44.83,0.21,0.05,0.0,0.0,0.26,0.0,0.37,0.0,0.05,0.05,100.0,0.0,0.21,0.0,1.48,0.63,0.95,0,0.85,0.0,0.0,0.0,0.0,0.0,0.11,0.0,0.0,0.9,25.56,20.53,5.03,80.33,9.37,12.01,6.51,0.85,26.23,0.48,34.62,31,19,1701,0.32,0.0,1.64,3.12,14.92,2.17,7.99,42.9,5.87,48.26,2.12,32.79
423,932628,Premier League,24/25,Wolverhampton,Tommy Doyle,Midfielder,6.67,0.0,0.1,0.17,1.55,0.35,0.69,0.0,0.86,83.33,0.0,0.0,0.0,0.0,0.0,0.0,0.0,0.0,0.0,0.0,0.0,0.0,0.17,0.0,1.9,0.86,1.9,0,1.55,0.0,0.17,0.0,0.0,0.0,0.0,0.17,0.0,1.21,63.92,54.59,9.33,85.41,27.29,27.64,13.3,0.35,13.33,7.08,63.08,24,3,521,0.17,0.0,0.86,0.86,14.68,0.69,3.8,46.81,3.63,52.5,0.17,14.29
424,945217,Premier League,24/25,West Ham United,Jean-Clair Todibo,Defender,6.67,0.0,0.02,0.0,0.24,0.0,0.24,0.0,0.44,56.25,0.0,0.0,0.0,0.0,0.0,0.0,0.0,0.0,0.0,0.0,0.0,0.0,0.0,0.0,2.28,1.26,3.98,0,0.49,0.05,0.1,0.0,0.0,0.05,0.0,0.0,0.0,0.1,51.96,45.9,6.06,88.33,35.27,10.63,2.91,0.0,0.0,1.41,32.95,27,20,1855,0.15,0.0,0.78,0.29,7.96,0.53,4.37,56.25,3.01,58.49,1.36,51.85
425,962053,Premier League,24/25,Chelsea,Filip Jørgensen,Goalkeeper,6.67,0.0,0.0,0.0,0.0,0.0,0.0,0.0,0.0,0.0,0.0,0.0,0.0,0.0,0.0,0.0,0.0,0.0,0.0,0.0,0.0,0.0,0.0,0.0,0.0,0.0,0.0,0,0.0,0.17,0.33,0.17,0.0,0.17,0.0,0.0,0.0,0.0,28.33,23.33,5.0,82.35,22.83,0.5,0.17,0.0,0.0,1.67,25.0,6,6,540,0.0,0.0,0.17,0.17,5.17,0.0,0.17,50.0,0.0,0.0,0.17,100.0
426,1069488,Premier League,24/25,Chelsea,Roméo Lavia,Midfielder,6.66,0.0,0.03,0.0,0.22,0.0,0.0,0.0,1.12,62.5,0.0,0.0,0.0,0.0,0.0,0.0,0.0,0.0,0.0,0.0,0.0,0.0,0.0,0.0,2.47,1.8,1.12,0,1.24,0.11,0.0,0.11,0.0,0.0,0.11,0.11,0.0,0.79,47.42,43.71,3.71,92.18,19.89,23.82,10.45,0.0,0.0,1.12,71.43,16,11,801,0.45,0.0,1.8,0.79,5.73,0.79,5.73,52.58,4.38,49.37,1.35,66.67
427,50027,Premier League,24/25,Wolverhampton,Craig Dawson,Defender,6.66,0.0,0.04,0.0,0.46,0.09,0.27,0.0,0.09,33.33,0.0,0.0,0.0,0.0,0.0,0.0,0.18,0.0,0.0,0.0,0.0,0.0,0.0,0.0,1.37,0.82,4.65,0,0.27,0.0,0.09,0.0,0.18,0.09,0.0,0.0,0.0,0.18,50.88,44.13,6.75,86.74,32.74,11.4,3.28,0.0,0.0,4.01,51.76,15,10,987,0.18,0.0,0.55,0.46,7.2,0.0,3.83,65.63,1.91,65.63,1.91,65.63
428,576384,Premier League,24/25,Brentford,Kristoffer Ajer,Defender,6.66,0.0,0.06,0.12,0.55,0.18,0.12,0.0,0.43,46.67,0.0,0.0,0.0,0.0,0.0,0.0,0.12,0.0,0.0,0.0,0.0,0.0,0.0,0.0,1.6,0.74,2.9,0,0.8,0.0,0.0,0.0,0.0,0.06,0.12,0.0,0.0,0.49,34.4,26.75,7.64,77.78,13.32,13.68,6.78,0.25,28.57,1.23,44.44,24,17,1460,0.31,0.0,0.8,0.37,10.79,0.74,4.07,49.25,2.34,45.78,1.73,54.9
429,944200,Premier League,24/25,Southampton,Nathan Wood,Defender,6.66,0.0,0.03,0.12,0.23,0.0,0.23,0.0,0.46,80.0,0.0,0.0,0.0,0.0,0.0,0.0,0.0,0.0,0.0,0.0,0.0,0.0,0.0,0.0,1.62,0.58,4.4,0,0.35,0.0,0.23,0.0,0.0,0.12,0.0,0.0,0.0,0.12,54.49,51.25,3.24,94.06,38.75,12.49,2.89,0.0,0.0,0.93,47.06,11,9,778,0.23,0.0,1.04,0.46,4.51,0.12,4.28,62.71,2.54,62.86,1.74,62.5
430,840217,Premier League,24/25,Tottenham Hotspur,Richarlison,Forward,6.65,0.7,0.65,1.05,2.98,1.23,1.4,23.53,0.18,6.67,0.7,0.0,0.53,0.18,0.0,0.0,0.53,0.0,0.0,0.0,0.0,0.0,0.0,0.0,0.88,0.0,1.4,0,0.53,0.0,0.0,0.0,0.0,0.0,0.18,0.18,0.0,0.7,16.81,10.51,6.3,62.5,5.95,4.9,3.68,0.35,28.57,0.35,66.67,15,4,514,0.35,0.0,1.23,2.28,12.78,1.4,5.08,34.52,3.33,37.25,1.75,30.3
431,1016893,Premier League,24/25,West Ham United,Luís Guilherme,Forward,6.65,0.0,0.21,0.0,2.05,0.51,0.51,0.0,3.58,63.64,0.0,0.0,0.0,0.0,0.0,0.51,0.0,0.0,0.0,0.0,0.0,0.0,0.0,0.0,0.51,1.53,0.51,0,1.53,0.0,0.0,0.0,0.0,0.0,0.0,0.0,0.0,1.53,29.66,27.61,2.05,93.1,10.23,18.92,9.2,1.53,37.5,0.51,50.0,12,1,176,0.0,0.0,0.0,2.05,10.23,1.53,7.16,56.0,6.14,54.55,1.02,66.67
432,1090963,Premier League,24/25,Ipswich Town,Omari Hutchinson,Midfielder,6.65,0.1,0.1,0.07,1.56,0.66,0.31,6.67,1.77,42.86,0.07,0.03,0.0,0.1,0.0,0.03,0.21,0.0,0.0,0.0,0.0,0.0,0.14,0.0,1.11,0.38,0.24,0,1.22,0.0,0.03,0.0,0.0,0.0,0.21,0.07,0.0,1.08,27.38,23.11,4.27,84.39,10.04,13.66,7.92,0.59,20.99,0.59,47.22,31,30,2590,0.17,0.0,1.04,1.6,14.28,2.02,4.69,38.79,4.45,40.63,0.24,21.21
433,844842,Premier League,24/25,Tottenham Hotspur,Yves Bissouma,Midfielder,6.65,0.13,0.04,0.0,0.69,0.25,0.19,18.18,0.44,31.82,0.06,0.06,0.0,0.0,0.13,0.0,0.0,0.0,0.0,0.0,0.0,0.0,0.0,0.0,3.08,1.13,2.2,0,0.94,0.06,0.19,0.13,0.0,0.06,0.0,0.0,0.0,0.38,53.24,47.39,5.85,89.01,23.03,24.42,10.2,0.06,50.0,1.26,46.51,28,16,1430,0.44,0.0,1.76,1.13,9.76,0.94,5.1,50.63,4.66,50.68,0.44,50.0
434,17054,Premier League,24/25,Southampton,Adam Lallana,Midfielder,6.65,0.0,0.04,0.0,0.72,0.0,0.48,0.0,1.19,50.0,0.0,0.0,0.0,0.0,0.0,0.0,0.0,0.0,0.0,0.0,0.0,0.0,0.0,0.0,1.91,1.19,1.19,0,2.39,0.0,0.0,0.0,0.0,0.0,0.24,0.48,0.0,0.95,60.88,52.04,8.83,85.49,26.98,25.78,12.89,0.72,75.0,0.72,37.5,14,5,377,0.95,0.0,1.91,1.91,14.32,1.43,5.49,43.4,5.01,42.86,0.48,50.0
435,1005959,Premier League,24/25,Brentford,Hákon Rafn Valdimarsson,Goalkeeper,6.65,0.0,0.0,0.0,0.0,0.0,0.0,0.0,0.0,0.0,0.0,0.0,0.0,0.0,0.0,0.0,0.0,0.0,0.0,0.0,0.0,0.0,0.0,0.0,0.0,0.0,1.88,0,0.0,0.0,0.0,0.0,0.0,0.0,0.0,0.0,0.0,0.0,39.38,24.38,15.0,61.9,16.88,7.5,4.38,0.0,0.0,11.25,42.86,2,1,144,0.0,0.0,0.0,0.0,15.0,0.0,0.62,100.0,0.0,0.0,0.62,100.0
436,839712,Premier League,24/25,Ipswich Town,George Hirst,Forward,6.65,0.4,0.28,0.53,1.87,0.94,0.94,21.43,0.27,40.0,0.4,0.0,0.27,0.0,0.13,0.0,0.4,0.0,0.0,0.0,0.0,0.0,0.0,0.0,0.4,0.27,1.34,0,0.4,0.0,0.0,0.0,0.0,0.0,0.13,0.13,0.0,0.53,15.78,9.09,6.69,57.63,2.54,6.69,4.01,0.13,33.33,0.0,0.0,26,5,673,0.4,0.0,1.74,1.6,12.44,2.14,6.55,45.79,2.27,32.69,4.28,58.18
437,138024,Premier League,24/25,West Ham United,Vladimír Coufal,Defender,6.65,0.0,0.03,0.0,0.59,0.17,0.25,0.0,0.42,41.67,0.0,0.0,0.0,0.0,0.0,0.0,0.0,0.0,0.0,0.0,0.0,0.0,0.0,0.0,1.84,0.67,3.02,0,1.01,0.0,0.08,0.0,0.08,0.0,0.08,0.0,0.0,0.67,39.64,32.6,7.04,82.24,18.35,15.0,7.88,0.75,32.14,0.84,24.39,22,11,1074,0.42,0.0,1.84,1.34,12.99,0.67,5.53,50.38,3.6,47.25,1.93,57.5
438,917007,Premier League,24/25,Manchester United,Joshua Zirkzee,Forward,6.64,0.19,0.31,0.45,1.79,0.7,0.51,10.71,0.7,31.43,0.19,0.0,0.0,0.13,0.06,0.0,0.19,0.06,0.0,0.0,0.0,0.0,0.0,0.0,0.9,0.38,0.51,0,0.32,0.0,0.06,0.0,0.0,0.13,0.26,0.06,0.0,0.77,25.92,18.69,7.23,72.1,6.85,11.84,6.47,0.0,0.0,0.38,54.55,32,14,1406,0.13,0.0,0.58,0.83,13.76,1.92,3.78,32.6,2.3,34.62,1.47,29.87
439,361352,Premier League,24/25,Southampton,Adam Armstrong,Forward,6.64,0.14,0.24,0.36,1.87,0.65,0.65,7.69,0.43,42.86,0.14,0.0,0.0,0.07,0.07,0.07,0.65,0.0,0.07,0.0,0.0,0.0,0.0,0.0,0.86,0.22,0.58,0,0.79,0.0,0.0,0.0,0.0,0.07,0.22,0.14,0.0,0.65,19.34,16.17,3.16,83.64,6.04,10.35,6.11,0.22,21.43,0.29,40.0,20,15,1252,0.29,0.0,0.86,0.36,6.9,1.29,2.01,32.56,1.65,31.94,0.36,35.71
440,604232,Premier League,24/25,Aston Villa,Diego Carlos,Defender,6.64,0.0,0.07,0.22,0.43,0.11,0.33,0.0,0.22,100.0,0.0,0.0,0.0,0.0,0.0,0.0,0.11,0.0,0.0,0.0,0.0,0.0,0.0,0.0,0.87,0.54,3.8,0,0.22,0.22,0.0,0.0,0.0,0.11,0.0,0.0,0.0,0.0,65.22,58.04,7.17,89.0,38.15,19.89,3.26,0.0,0.0,3.8,49.3,10,8,828,0.11,0.0,1.2,0.11,7.83,0.22,2.39,46.81,1.2,44.0,1.2,50.0
441,1153315,Premier League,24/25,Manchester United,Leny Yoro,Defender,6.64,0.0,0.05,0.15,0.38,0.08,0.15,0.0,0.15,50.0,0.0,0.0,0.0,0.0,0.0,0.0,0.08,0.0,0.0,0.0,0.0,0.0,0.0,0.0,2.23,1.39,3.31,0,0.46,0.0,0.0,0.0,0.0,0.08,0.0,0.0,0.0,0.15,58.28,53.89,4.39,92.47,35.34,18.63,6.24,0.08,100.0,1.46,51.35,21,12,1169,0.38,0.0,0.69,0.15,5.16,0.31,3.77,56.98,2.54,61.11,1.23,50.0
442,132874,Premier League,24/25,Arsenal,Jorginho,Midfielder,6.64,0.0,0.01,0.0,0.25,0.0,0.25,0.0,0.13,33.33,0.0,0.0,0.0,0.0,0.0,0.0,0.0,0.0,0.0,0.0,0.0,0.0,0.0,0.0,1.52,0.89,0.25,0,1.52,0.0,0.25,0.0,0.0,0.13,0.13,0.0,0.0,0.38,60.04,52.17,7.87,86.89,21.83,30.34,14.72,0.0,0.0,1.52,42.86,15,9,709,0.63,0.0,1.9,2.16,10.92,1.14,3.94,41.89,3.68,43.94,0.25,25.0
443,305302,Premier League,24/25,Ipswich Town,Wes Burns,Midfielder,6.64,0.0,0.05,0.0,0.68,0.1,0.29,0.0,0.87,39.13,0.0,0.0,0.0,0.0,0.0,0.0,0.0,0.0,0.0,0.0,0.0,0.0,0.0,0.0,1.25,0.96,1.16,0,0.58,0.1,0.1,0.0,0.0,0.0,0.39,0.1,0.0,0.96,19.2,13.41,5.79,69.85,5.02,9.07,4.44,0.68,15.22,0.77,33.33,18,12,933,0.1,0.0,0.39,1.06,14.08,1.25,3.95,41.84,3.18,47.83,0.77,27.59
444,301288,Premier League,24/25,Brighton & Hove Albion,Solly March,Midfielder,6.64,0.0,0.05,0.0,1.07,0.0,0.54,0.0,0.54,25.0,0.0,0.0,0.0,0.0,0.0,0.0,1.61,0.0,0.0,0.0,0.0,0.0,0.0,0.0,3.21,1.07,0.54,0,1.61,0.0,0.54,0.0,0.0,0.0,0.0,0.0,0.0,1.61,36.96,26.25,10.71,71.01,4.82,24.11,13.39,2.68,25.0,1.61,33.33,8,1,168,1.07,0.0,1.07,1.07,22.5,0.54,5.36,47.62,4.82,50.0,0.54,33.33
445,905347,Premier League,24/25,Southampton,Yukinari Sugawara,Defender,6.64,0.06,0.03,0.0,0.81,0.35,0.17,7.14,0.52,47.37,0.06,0.0,0.0,0.06,0.0,0.0,0.23,0.0,0.0,0.0,0.0,0.0,0.06,0.0,1.78,0.63,2.7,0,0.69,0.12,0.06,0.12,0.0,0.0,0.4,0.06,0.0,1.04,41.55,35.16,6.39,84.63,17.61,18.3,10.07,0.75,18.57,0.92,40.0,30,16,1564,0.23,0.0,0.86,0.58,12.2,0.29,3.16,53.4,2.88,56.18,0.29,35.71
446,989894,Premier League,24/25,Leicester City,Woyo Coulibaly,Defender,6.63,0.0,0.03,0.0,1.68,0.84,0.84,0.0,0.0,0.0,0.0,0.0,0.0,0.0,0.0,0.0,0.0,0.0,0.0,0.0,0.0,0.0,0.0,0.0,5.05,4.21,0.84,0,0.0,0.0,0.0,0.0,0.0,0.0,0.0,0.0,0.0,0.0,37.01,31.12,5.89,84.09,16.82,14.3,9.25,0.0,0.0,3.36,100.0,4,1,107,0.84,0.0,1.68,0.84,11.78,0.0,5.89,53.85,5.89,77.78,0.0,0.0
447,150396,Premier League,24/25,Newcastle United,Emil Krafth,Defender,6.63,0.0,0.01,0.0,0.26,0.0,0.0,0.0,0.0,0.0,0.0,0.0,0.0,0.0,0.0,0.0,0.0,0.0,0.0,0.0,0.0,0.0,0.0,0.0,1.03,0.52,4.13,0,0.26,0.0,0.0,0.0,0.0,0.0,0.0,0.0,0.0,0.26,36.1,28.62,7.48,79.29,19.08,9.8,4.38,0.26,50.0,0.77,30.0,12,2,349,0.52,0.0,1.29,0.52,10.06,0.52,3.61,45.16,1.55,40.0,2.06,50.0
448,1085950,Premier League,24/25,Everton,Tim Iroegbunam,Midfielder,6.63,0.0,0.04,0.0,0.77,0.0,0.46,0.0,1.24,50.0,0.0,0.0,0.0,0.0,0.0,0.0,0.0,0.0,0.0,0.0,0.0,0.0,0.0,0.0,4.48,2.47,1.7,0,1.39,0.0,0.15,0.0,0.0,0.0,0.0,0.15,0.0,0.46,23.97,17.78,6.19,74.19,8.04,9.74,4.79,0.0,0.0,1.24,66.67,18,5,582,0.62,0.0,2.32,1.86,12.84,2.78,9.28,52.63,7.58,49.49,1.7,73.33
449,958966,Premier League,24/25,Chelsea,Mykhailo Mudryk,Midfielder,6.63,0.0,0.14,0.0,0.57,0.57,0.0,0.0,1.71,37.5,0.0,0.0,0.0,0.0,0.0,0.0,0.57,0.0,0.0,0.0,0.0,0.0,0.0,0.0,1.14,0.0,0.57,0,0.0,0.0,0.0,0.0,0.0,0.0,1.14,0.0,0.0,1.14,19.94,15.38,4.56,77.14,2.28,13.67,7.97,0.57,14.29,0.57,100.0,7,1,158,0.0,0.0,1.14,1.14,17.09,3.99,5.13,34.62,3.99,35.0,1.14,33.33
450,1014461,Premier League,24/25,Ipswich Town,Jaden Philogene-Bidace,Midfielder,6.63,0.22,0.27,0.45,2.13,0.67,1.01,10.53,1.01,32.14,0.11,0.11,0.0,0.22,0.0,0.0,0.22,0.0,0.0,0.0,0.0,0.0,0.0,0.0,2.8,1.46,0.9,0,1.01,0.11,0.11,0.0,0.0,0.11,0.0,0.0,0.0,0.67,22.05,17.13,4.93,77.66,6.38,11.19,6.72,0.45,23.53,0.22,28.57,21,7,804,0.34,0.11,2.24,2.01,12.54,1.46,6.38,45.97,5.82,46.85,0.56,38.46
451,1086417,Premier League,24/25,Manchester United,Rasmus Højlund,Forward,6.63,0.18,0.23,0.27,1.42,0.58,0.53,12.5,0.4,30.0,0.18,0.0,0.0,0.09,0.09,0.0,0.58,0.04,0.0,0.0,0.0,0.0,0.0,0.0,0.13,0.09,0.27,0,0.22,0.0,0.0,0.0,0.0,0.0,0.18,0.0,0.0,0.71,14.47,11.04,3.43,76.31,4.36,6.81,4.05,0.13,37.5,0.04,100.0,32,23,2022,0.09,0.0,0.76,1.25,9.04,1.47,3.16,29.46,1.78,34.78,1.38,24.6
452,856669,Premier League,24/25,Ipswich Town,Jack Taylor,Midfielder,6.63,0.11,0.08,0.11,2.02,0.43,0.96,5.26,0.43,50.0,0.11,0.0,0.11,0.0,0.0,0.0,0.0,0.0,0.0,0.0,0.0,0.0,0.0,0.0,2.13,0.96,2.23,0,1.6,0.0,0.0,0.0,0.0,0.0,0.11,0.0,0.0,0.53,44.04,36.91,7.13,83.82,21.38,15.74,7.45,0.21,28.57,2.34,53.66,32,4,846,0.43,0.0,1.7,0.53,9.79,0.64,3.83,42.35,3.09,41.43,0.74,46.67
453,906047,Premier League,24/25,Crystal Palace,Cheick Doucouré,Midfielder,6.63,0.0,0.08,0.0,1.36,0.0,0.39,0.0,0.39,50.0,0.0,0.0,0.0,0.0,0.0,0.0,0.0,0.0,0.0,0.0,0.0,0.0,0.0,0.0,3.12,2.14,1.95,0,1.17,0.0,0.19,0.0,0.0,0.0,0.0,0.0,0.0,0.19,39.55,33.9,5.65,85.71,16.36,17.53,6.82,0.0,0.0,1.56,61.54,13,4,462,0.19,0.0,1.36,1.36,8.38,1.36,5.84,52.63,4.87,53.19,0.97,50.0
454,44566,Premier League,24/25,Bournemouth,Adam Smith,Defender,6.63,0.0,0.04,0.06,0.17,0.0,0.11,0.0,0.34,46.15,0.0,0.0,0.0,0.0,0.0,0.0,0.0,0.0,0.0,0.0,0.0,0.0,0.0,0.0,1.35,0.84,2.13,0,0.73,0.0,0.06,0.0,0.0,0.17,0.0,0.0,0.06,0.5,29.51,23.23,6.28,78.71,11.05,12.57,6.17,0.39,21.21,1.18,27.27,25,19,1604,0.39,0.0,1.07,0.67,10.83,0.39,3.14,47.86,2.36,47.73,0.79,48.28
455,886242,Premier League,24/25,Brighton & Hove Albion,Jakub Moder,Midfielder,6.63,0.0,0.0,0.0,0.0,0.0,0.0,0.0,0.0,0.0,0.0,0.0,0.0,0.0,0.0,0.0,0.0,0.0,0.0,0.0,0.0,0.0,0.0,0.0,2.9,0.0,8.71,0,5.81,0.0,0.0,0.0,0.0,0.0,0.0,0.0,0.0,8.71,60.97,49.35,11.61,80.95,11.61,40.65,14.52,2.9,100.0,0.0,0.0,4,0,31,0.0,0.0,0.0,0.0,11.61,0.0,2.9,25.0,2.9,33.33,0.0,0.0
456,886117,Premier League,24/25,Southampton,Ross Stewart,Forward,6.62,0.22,0.24,0.22,2.0,0.44,0.67,11.11,0.67,60.0,0.22,0.0,0.22,0.0,0.0,0.0,0.22,0.0,0.0,0.0,0.0,0.0,0.0,0.0,1.33,0.22,1.33,0,1.11,0.0,0.0,0.0,0.0,0.0,0.0,0.0,0.0,0.0,21.06,14.85,6.21,70.53,6.43,8.42,4.43,0.0,0.0,0.0,0.0,12,4,406,0.22,0.0,1.55,1.55,10.2,2.0,6.43,38.67,3.55,42.11,2.88,35.14
457,47772,Premier League,24/25,West Ham United,Michail Antonio,Forward,6.62,0.11,0.24,0.53,2.03,0.43,0.85,5.26,0.96,40.91,0.11,0.0,0.0,0.0,0.11,0.11,0.43,0.0,0.0,0.0,0.0,0.0,0.0,0.0,0.21,0.0,0.21,0,0.11,0.0,0.0,0.0,0.0,0.0,0.43,0.11,0.0,0.96,16.42,11.62,4.8,70.78,3.84,8.0,4.69,0.21,8.0,1.81,77.27,14,11,844,0.11,0.0,1.28,0.75,15.25,2.03,3.73,35.35,1.92,30.0,1.81,43.59
458,786186,Premier League,24/25,Wolverhampton,Hwang Hee-chan,Forward,6.62,0.27,0.11,0.0,0.68,0.41,0.14,40.0,0.27,14.29,0.14,0.14,0.0,0.0,0.27,0.0,0.0,0.0,0.0,0.0,0.0,0.0,0.0,0.0,0.82,0.27,1.36,0,0.54,0.0,0.0,0.0,0.0,0.0,0.14,0.0,0.0,0.41,25.73,21.51,4.22,83.6,7.08,14.7,8.31,0.27,25.0,0.0,0.0,21,5,661,0.0,0.0,0.82,1.23,10.21,1.36,2.72,32.79,2.31,34.69,0.41,25.0
459,1003339,Premier League,24/25,Liverpool FC,Jarell Quansah,Defender,6.62,0.0,0.02,0.0,0.18,0.0,0.0,0.0,0.18,33.33,0.0,0.0,0.0,0.0,0.0,0.0,0.0,0.0,0.0,0.0,0.0,0.0,0.0,0.0,2.18,1.27,4.9,0,0.54,0.0,0.18,0.18,0.18,0.0,0.0,0.0,0.0,0.36,68.59,62.78,5.81,91.53,45.91,16.88,6.35,0.0,0.0,1.81,43.48,13,4,496,0.36,0.0,1.63,0.18,8.53,0.36,3.81,44.68,2.54,46.67,1.27,41.18
460,786028,Premier League,24/25,Ipswich Town,Kalvin Phillips,Midfielder,6.62,0.0,0.03,0.0,0.8,0.15,0.22,0.0,0.36,45.45,0.0,0.0,0.0,0.0,0.0,0.0,0.0,0.0,0.0,0.0,0.0,0.0,0.22,0.0,2.54,1.38,2.54,0,1.74,0.07,0.07,0.0,0.0,0.07,0.0,0.0,0.0,0.36,38.35,31.09,7.26,81.06,16.42,15.11,7.63,0.44,30.0,2.98,54.67,19,14,1239,0.29,0.07,2.03,1.45,11.4,0.73,4.87,42.68,4.29,46.46,0.58,26.67
461,1461595,Premier League,24/25,Manchester United,Harry Amass,Midfielder,6.62,0.0,0.02,0.0,0.78,0.0,0.52,0.0,0.78,42.86,0.0,0.0,0.0,0.0,0.0,0.0,0.26,0.0,0.0,0.0,0.0,0.0,0.0,0.0,1.56,0.52,2.34,0,1.56,0.0,0.0,0.0,0.0,0.0,0.0,0.0,0.0,0.26,37.2,32.51,4.68,87.41,14.05,18.47,12.49,0.0,0.0,0.0,0.0,5,4,346,0.0,0.0,0.52,1.04,15.35,1.3,5.2,46.51,3.38,43.33,1.82,53.85
462,555406,Premier League,24/25,Southampton,James Bree,Midfielder,6.62,0.0,0.01,0.0,0.33,0.08,0.0,0.0,0.33,66.67,0.0,0.0,0.0,0.0,0.0,0.0,0.0,0.0,0.0,0.0,0.0,0.0,0.0,0.0,1.59,0.75,2.25,0,1.25,0.0,0.0,0.0,0.0,0.08,0.17,0.08,0.0,0.83,44.5,38.49,6.01,86.49,22.04,17.03,7.76,0.58,24.14,0.92,37.93,17,13,1078,0.0,0.0,0.33,0.42,9.6,0.42,3.34,54.79,2.25,50.94,1.09,65.0
463,1019442,Premier League,24/25,Southampton,Kamaldeen Sulemana,Forward,6.61,0.06,0.09,0.13,1.83,0.5,0.5,3.45,2.46,41.05,0.06,0.0,0.0,0.06,0.0,0.13,0.19,0.0,0.0,0.0,0.0,0.0,0.0,0.0,1.39,0.38,0.44,0,0.32,0.0,0.0,0.0,0.0,0.0,0.19,0.06,0.0,0.63,20.69,17.34,3.34,83.84,5.8,12.05,7.06,0.5,30.77,0.44,53.85,26,17,1427,0.13,0.0,1.39,0.69,13.18,1.58,5.36,38.81,4.54,40.22,0.82,32.5
464,985086,Premier League,24/25,Nottingham Forest,Morato,Defender,6.61,0.0,0.02,0.0,0.2,0.1,0.0,0.0,0.2,100.0,0.0,0.0,0.0,0.0,0.0,0.0,0.0,0.0,0.0,0.0,0.0,0.0,0.0,0.0,2.15,0.98,7.32,0,0.78,0.0,0.2,0.0,0.0,0.29,0.0,0.0,0.0,0.0,29.67,23.04,6.64,77.63,14.25,8.79,3.22,0.0,0.0,1.27,32.5,26,6,922,0.49,0.0,1.07,0.2,7.91,0.29,3.12,47.06,2.54,54.17,0.59,30.0
465,1064039,Premier League,24/25,Nottingham Forest,Danilo Oliveira,Midfielder,6.61,0.0,0.0,0.0,0.0,0.0,0.0,0.0,0.92,50.0,0.0,0.0,0.0,0.0,0.0,0.0,0.0,0.0,0.0,0.0,0.0,0.0,0.0,0.0,2.46,1.23,0.61,0,0.92,0.0,0.0,0.0,0.0,0.0,0.0,0.0,0.0,0.0,35.94,28.87,7.06,80.34,15.67,13.21,5.22,0.0,0.0,1.84,66.67,8,5,293,0.0,0.0,0.61,0.0,11.06,0.0,3.69,54.55,3.38,57.89,0.31,33.33
466,868715,Premier League,24/25,Fulham,Jorge Cuenca,Defender,6.6,0.0,0.01,0.0,0.25,0.0,0.25,0.0,0.5,100.0,0.0,0.0,0.0,0.0,0.0,0.0,0.0,0.0,0.0,0.0,0.0,0.0,0.0,0.0,1.51,0.5,6.54,0,1.26,0.0,0.0,0.0,0.0,0.0,0.0,0.0,0.0,0.0,42.74,35.95,6.79,84.12,28.16,7.79,2.01,0.0,0.0,1.01,23.53,8,4,358,0.0,0.0,0.5,0.5,7.54,0.0,4.02,61.54,2.51,58.82,1.51,66.67
467,98449,Premier League,24/25,Leicester City,Conor Coady,Defender,6.6,0.05,0.02,0.0,0.1,0.1,0.0,50.0,0.05,50.0,0.05,0.0,0.05,0.0,0.0,0.0,0.05,0.0,0.0,0.0,0.0,0.0,0.0,0.0,0.68,0.68,3.69,0,0.16,0.05,0.05,0.1,0.0,0.1,0.0,0.0,0.0,0.05,55.44,50.72,4.73,91.47,39.02,11.69,2.29,0.0,0.0,2.29,46.81,22,19,1732,0.16,0.0,0.42,0.1,5.35,0.16,1.51,44.62,0.83,53.33,0.68,37.14
468,368134,Premier League,24/25,Newcastle United,Matt Targett,Defender,6.6,0.0,0.0,0.0,0.0,0.0,0.0,0.0,0.0,0.0,0.0,0.0,0.0,0.0,0.0,0.0,0.0,0.0,0.0,0.0,0.0,0.0,0.0,0.0,0.0,4.5,0.0,0,4.5,0.0,0.0,0.0,0.0,0.0,0.0,0.0,0.0,0.0,63.0,58.5,4.5,92.86,18.0,45.0,9.0,4.5,100.0,0.0,0.0,2,0,20,0.0,0.0,0.0,0.0,4.5,0.0,0.0,0.0,0.0,0.0,0.0,0.0
469,1177610,Premier League,24/25,Tottenham Hotspur,Alfie Dorrington,Defender,6.6,0.0,0.0,0.0,0.0,0.0,0.0,0.0,0.0,0.0,0.0,0.0,0.0,0.0,0.0,0.0,0.0,0.0,0.0,0.0,0.0,0.0,0.0,0.0,0.0,0.0,0.0,0,0.0,0.0,0.0,0.0,0.0,0.0,0.0,0.0,0.0,0.0,110.77,103.85,6.92,93.75,90.0,13.85,0.0,0.0,0.0,13.85,100.0,1,0,13,0.0,0.0,0.0,0.0,6.92,0.0,0.0,0.0,0.0,0.0,0.0,0.0
470,817979,Premier League,24/25,Ipswich Town,Axel Tuanzebe,Defender,6.6,0.0,0.01,0.05,0.21,0.0,0.1,0.0,0.21,40.0,0.0,0.0,0.0,0.0,0.0,0.0,0.0,0.0,0.0,0.0,0.0,0.0,0.0,0.0,1.62,1.21,2.83,0,0.47,0.0,0.05,0.0,0.05,0.05,0.05,0.05,0.0,0.26,35.17,30.3,4.87,86.14,16.72,13.68,7.34,0.1,20.0,0.79,41.67,22,20,1717,0.16,0.05,0.89,0.63,7.97,0.05,3.62,57.5,2.41,58.23,1.21,56.1
471,354782,Premier League,24/25,Ipswich Town,Sammie Szmodics,Midfielder,6.6,0.36,0.31,0.45,1.89,1.08,0.72,19.05,0.36,40.0,0.27,0.09,0.0,0.0,0.36,0.0,0.72,0.0,0.0,0.0,0.0,0.0,0.0,0.0,1.44,0.54,1.08,0,1.71,0.0,0.0,0.09,0.0,0.0,0.0,0.0,0.0,0.45,16.81,12.95,3.87,77.01,5.57,7.82,3.87,0.45,35.71,0.99,52.38,20,13,1001,0.18,0.0,0.81,0.72,9.08,1.53,3.06,35.79,2.52,35.9,0.54,35.29
472,1015826,Premier League,24/25,Wolverhampton,Chiquinho,Forward,6.6,0.0,0.0,0.0,0.0,0.0,0.0,0.0,0.0,0.0,0.0,0.0,0.0,0.0,0.0,0.0,0.0,0.0,0.0,0.0,0.0,0.0,0.0,0.0,0.0,0.0,0.0,0,0.0,0.0,0.0,0.0,0.0,0.0,0.0,0.0,0.0,7.5,15.0,15.0,0.0,100.0,7.5,15.0,7.5,7.5,100.0,0.0,0.0,1,0,12,0.0,0.0,7.5,0.0,0.0,0.0,0.0,0.0,0.0,0.0,0.0,0.0
473,865057,Premier League,24/25,Leicester City,Patson Daka,Forward,6.6,0.12,0.15,0.12,1.83,0.49,0.73,6.67,0.24,15.38,0.12,0.0,0.0,0.12,0.0,0.0,0.37,0.0,0.0,0.0,0.0,0.0,0.0,0.0,2.32,0.12,1.35,0,1.35,0.0,0.0,0.0,0.0,0.0,0.0,0.0,0.0,0.12,16.88,12.47,4.4,73.91,5.75,6.73,3.42,0.0,0.0,0.37,60.0,23,6,736,0.0,0.0,1.83,2.32,10.39,1.47,6.11,39.37,4.65,43.68,1.47,30.0
474,1799984,Premier League,24/25,Crystal Palace,Asher Agbinone,Forward,6.6,0.0,0.09,0.0,4.74,0.0,4.74,0.0,0.0,0.0,0.0,0.0,0.0,0.0,0.0,0.0,0.0,0.0,0.0,0.0,0.0,0.0,0.0,0.0,9.47,0.0,0.0,0,0.0,0.0,0.0,0.0,0.0,0.0,0.0,0.0,0.0,4.74,9.47,9.47,0.0,100.0,0.0,9.47,9.47,0.0,0.0,0.0,0.0,2,0,19,0.0,0.0,0.0,0.0,14.21,4.74,9.47,40.0,9.47,50.0,0.0,0.0
475,280439,Premier League,24/25,Southampton,Maxwel Cornet,Forward,6.6,0.0,0.2,0.0,1.27,0.0,0.0,0.0,0.0,0.0,0.0,0.0,0.0,0.0,0.0,0.0,1.27,0.0,0.0,0.0,0.0,0.0,0.0,0.0,6.34,0.0,2.54,0,5.07,0.0,0.0,0.0,0.0,0.0,0.0,0.0,0.0,0.0,24.08,21.55,2.54,89.47,12.68,8.87,3.8,0.0,0.0,2.54,100.0,2,1,71,1.27,0.0,0.0,1.27,11.41,0.0,11.41,64.29,7.61,54.55,3.8,100.0
476,999231,Premier League,24/25,West Ham United,Evan Ferguson,Forward,6.6,0.22,0.24,0.65,2.58,0.65,0.65,8.33,0.86,57.14,0.22,0.0,0.0,0.0,0.22,0.0,0.0,0.0,0.0,0.0,0.0,0.0,0.22,0.0,1.51,0.22,1.08,0,0.65,0.0,0.0,0.0,0.0,0.0,0.43,0.0,0.0,1.08,20.02,15.29,4.74,76.34,7.11,8.18,3.66,0.0,0.0,0.43,40.0,21,3,418,0.0,0.0,0.86,0.65,10.98,2.37,4.95,36.51,3.01,40.0,1.94,32.14
477,148710,Premier League,24/25,Crystal Palace,Jeffrey Schlupp,Midfielder,6.6,0.0,0.12,0.0,3.05,1.53,0.76,0.0,0.76,100.0,0.0,0.0,0.0,0.0,0.0,0.76,0.0,0.0,0.0,0.0,0.0,0.0,0.0,0.0,1.53,0.0,0.76,0,2.29,0.0,0.0,0.0,0.0,0.0,0.0,0.0,0.0,2.29,32.8,28.22,4.58,86.05,4.58,24.41,11.44,0.76,25.0,1.53,66.67,12,0,118,0.0,0.0,0.76,0.0,13.73,0.0,4.58,42.86,2.29,50.0,2.29,37.5
478,308764,Premier League,24/25,Wolverhampton,Daniel Podence,Midfielder,6.6,0.0,0.08,0.0,1.96,0.0,1.96,0.0,3.91,100.0,0.0,0.0,0.0,0.0,0.0,0.0,0.0,0.0,0.0,0.0,0.0,0.0,0.0,0.0,0.0,0.0,0.0,0,1.96,0.0,0.0,0.0,0.0,0.0,0.0,0.0,0.0,0.0,29.35,21.52,7.83,73.33,1.96,19.57,7.83,0.0,0.0,0.0,0.0,2,0,46,0.0,0.0,0.0,3.91,11.74,0.0,7.83,66.67,7.83,80.0,0.0,0.0
479,1190938,Premier League,24/25,Fulham,Martial Godo,Midfielder,6.6,0.0,0.0,0.0,0.0,0.0,0.0,0.0,2.81,25.0,0.0,0.0,0.0,0.0,0.0,0.0,0.0,0.0,0.0,0.0,0.0,0.0,0.0,0.0,0.0,2.81,0.0,0,0.0,0.0,0.0,0.0,0.0,0.0,0.0,0.0,0.0,2.81,39.38,28.12,11.25,71.43,5.62,22.5,19.69,0.0,0.0,0.0,0.0,2,0,32,0.0,0.0,2.81,0.0,22.5,0.0,2.81,16.67,2.81,20.0,0.0,0.0
480,1122603,Premier League,24/25,Newcastle United,William Osula,Forward,6.59,0.54,0.09,0.0,2.14,0.54,1.07,25.0,1.61,50.0,0.54,0.0,0.54,0.0,0.0,0.0,0.54,0.0,0.0,0.0,0.0,0.0,0.0,0.0,1.07,2.14,0.54,0,1.07,0.0,0.0,0.0,0.0,0.0,0.0,0.0,0.0,1.07,13.39,9.64,3.75,72.0,1.07,8.57,7.5,0.0,0.0,0.0,0.0,14,0,168,0.0,0.0,2.14,0.54,14.46,3.21,6.43,41.38,3.21,28.57,3.21,75.0
481,914691,Premier League,24/25,Brighton & Hove Albion,Tariq Lamptey,Defender,6.59,0.21,0.04,0.0,0.62,0.21,0.41,33.33,1.04,35.71,0.1,0.1,0.0,0.1,0.1,0.0,0.0,0.0,0.0,0.0,0.0,0.0,0.0,0.0,1.76,0.72,2.17,0,1.66,0.0,0.1,0.1,0.0,0.1,0.21,0.21,0.0,0.52,33.56,29.21,4.35,87.04,16.05,13.88,5.39,0.72,25.0,0.72,28.0,15,10,869,0.0,0.0,1.55,1.04,11.81,0.52,3.94,36.54,3.83,42.05,0.1,6.25
482,970435,Premier League,24/25,Southampton,Will Smallbone,Midfielder,6.59,0.13,0.07,0.0,0.91,0.13,0.26,14.29,0.52,66.67,0.13,0.0,0.0,0.0,0.13,0.13,0.0,0.0,0.0,0.0,0.0,0.0,0.13,0.0,2.59,0.26,1.81,0,1.94,0.0,0.26,0.13,0.0,0.0,0.0,0.0,0.0,1.29,40.66,33.54,7.12,82.48,16.45,18.0,8.55,0.91,19.44,1.29,47.62,18,6,695,0.13,0.0,1.42,0.39,13.73,0.78,4.01,43.66,3.5,44.26,0.52,40.0
483,859901,Premier League,24/25,Leicester City,Oliver Skipp,Midfielder,6.59,0.0,0.03,0.0,0.39,0.08,0.16,0.0,0.55,58.33,0.0,0.0,0.0,0.0,0.0,0.0,0.0,0.0,0.0,0.0,0.0,0.0,0.0,0.0,1.65,0.87,0.79,0,0.47,0.0,0.16,0.0,0.0,0.08,0.0,0.0,0.0,0.71,38.98,32.91,6.06,84.44,18.27,14.65,5.51,0.0,0.0,0.94,41.38,24,10,1143,0.63,0.0,1.65,1.02,8.43,0.55,4.17,54.08,3.23,51.25,0.94,66.67
484,1089388,Premier League,24/25,Aston Villa,Lamare Bogarde,Midfielder,6.59,0.0,0.01,0.0,0.19,0.19,0.0,0.0,0.37,66.67,0.0,0.0,0.0,0.0,0.0,0.0,0.0,0.0,0.0,0.0,0.0,0.0,0.0,0.0,2.62,0.19,2.25,0,1.12,0.0,0.0,0.0,0.0,0.0,0.19,0.0,0.0,0.37,47.34,41.73,5.61,88.14,21.89,19.83,7.48,0.0,0.0,0.56,33.33,8,5,481,0.37,0.0,1.5,2.06,8.79,1.5,6.17,53.23,5.05,54.0,1.12,50.0
485,1142679,Premier League,24/25,Tottenham Hotspur,Wilson Odobert,Forward,6.59,0.11,0.17,0.32,1.38,0.42,0.42,7.69,1.27,41.38,0.11,0.0,0.0,0.0,0.11,0.0,0.11,0.0,0.0,0.0,0.0,0.0,0.0,0.0,1.48,0.42,0.53,0,0.64,0.0,0.11,0.0,0.0,0.0,0.11,0.0,0.0,0.64,25.76,21.84,3.92,84.77,6.89,15.37,10.07,0.42,16.0,0.42,66.67,16,9,849,0.0,0.0,0.21,0.32,12.83,1.8,3.5,40.24,3.07,41.43,0.42,33.33
486,1087359,Premier League,24/25,Chelsea,Renato Veiga,Defender,6.59,0.0,0.07,0.49,1.47,0.49,0.98,0.0,1.47,60.0,0.0,0.0,0.0,0.0,0.0,0.0,0.49,0.0,0.0,0.0,0.0,0.0,0.0,0.0,4.4,0.49,0.98,0,3.91,0.0,0.0,0.0,0.0,0.49,0.0,0.0,0.0,0.0,64.57,54.29,10.27,84.09,35.71,18.59,7.83,0.0,0.0,2.45,35.71,7,1,184,0.98,0.0,2.93,0.49,12.23,0.0,7.83,45.71,6.36,44.83,1.47,50.0
487,1566204,Premier League,24/25,Manchester United,Chido Obi-Martin,Forward,6.58,0.0,0.35,0.0,2.66,0.53,0.53,0.0,0.53,33.33,0.0,0.0,0.0,0.0,0.0,0.0,0.0,0.0,0.0,0.0,0.0,0.0,0.0,0.0,1.07,0.0,0.53,0,0.0,0.0,0.0,0.0,0.0,0.0,0.0,0.0,0.0,0.0,12.78,10.65,2.13,83.33,3.2,7.46,2.13,0.0,0.0,0.0,0.0,7,1,169,0.53,0.0,1.6,0.53,6.92,0.53,3.2,37.5,2.13,40.0,1.07,33.33
488,849309,Premier League,24/25,Ipswich Town,Chiedozie Ogbene,Midfielder,6.58,0.0,0.0,0.0,0.0,0.0,0.0,0.0,0.38,25.0,0.0,0.0,0.0,0.0,0.0,0.0,0.38,0.0,0.0,0.0,0.0,0.0,0.0,0.0,2.62,0.38,1.12,0,0.75,0.0,0.0,0.0,0.0,0.0,0.0,0.0,0.0,0.75,14.62,11.63,3.0,79.49,1.12,10.88,7.5,0.38,25.0,0.0,0.0,5,3,240,0.0,0.0,0.75,2.62,8.25,0.75,6.0,51.61,5.62,62.5,0.38,14.29
489,795228,Premier League,24/25,Leicester City,Odsonne Édouard,Forward,6.58,0.0,0.23,0.0,2.94,0.59,1.18,0.0,0.59,33.33,0.0,0.0,0.0,0.0,0.0,0.0,1.18,0.0,0.0,0.0,0.0,0.0,0.0,0.0,1.18,0.0,1.18,0,1.18,0.0,0.0,0.0,0.0,0.0,0.0,0.0,0.0,1.18,20.59,13.53,7.06,65.71,4.71,8.82,5.88,0.0,0.0,0.59,100.0,6,1,153,0.0,0.0,3.53,0.0,17.06,1.76,2.94,21.74,1.76,18.75,1.18,28.57
490,783126,Premier League,24/25,Aston Villa,Emiliano Buendía,Midfielder,6.58,0.0,0.47,0.73,3.63,0.0,2.9,0.0,0.0,0.0,0.0,0.0,0.0,0.0,0.0,0.0,0.0,0.0,0.0,0.0,0.0,0.0,0.73,0.0,4.35,0.0,0.73,0,3.63,0.0,0.0,0.0,0.0,0.0,0.0,0.0,0.0,0.73,43.55,35.56,7.98,81.67,13.79,21.77,13.79,0.0,0.0,0.73,20.0,12,0,124,0.73,0.0,2.9,4.35,14.52,2.18,8.71,44.44,8.71,48.0,0.0,0.0
491,996985,Premier League,24/25,Everton,Armando Broja,Forward,6.58,0.0,0.03,0.0,1.07,0.0,1.07,0.0,2.14,53.33,0.0,0.0,0.0,0.0,0.0,0.0,0.8,0.0,0.0,0.0,0.0,0.0,0.0,0.0,0.8,0.27,1.07,0,0.0,0.0,0.0,0.0,0.0,0.0,0.0,0.0,0.0,1.07,19.02,14.2,4.82,74.65,1.88,12.32,5.62,0.0,0.0,0.0,0.0,10,4,336,0.27,0.0,1.61,1.07,15.27,3.48,8.84,41.25,4.02,36.59,4.82,46.15
492,1861707,Premier League,24/25,Leicester City,Jeremy Monga,Midfielder,6.57,0.0,0.12,0.0,2.29,0.76,0.76,0.0,1.53,40.0,0.0,0.0,0.0,0.0,0.0,0.0,0.0,0.0,0.0,0.0,0.0,0.0,0.0,0.0,1.53,0.0,0.76,0,0.0,0.0,0.0,0.0,0.0,0.0,0.0,0.0,0.0,0.76,19.07,13.73,5.34,72.0,3.05,10.68,7.63,0.0,0.0,0.0,0.0,7,0,118,0.0,0.0,0.0,3.81,17.54,1.53,6.86,60.0,6.86,64.29,0.0,0.0
493,867583,Premier League,24/25,Southampton,Ben Brereton Díaz,Midfielder,6.57,0.0,0.18,0.39,2.16,0.2,0.79,0.0,0.2,33.33,0.0,0.0,0.0,0.0,0.0,0.0,0.2,0.0,0.0,0.0,0.0,0.0,0.0,0.0,0.59,0.0,0.79,0,1.57,0.0,0.0,0.0,0.0,0.0,0.0,0.0,0.0,0.59,31.24,24.76,6.48,79.25,8.06,16.9,11.59,0.2,20.0,0.79,57.14,10,4,458,0.2,0.0,0.79,1.57,10.41,0.79,4.13,45.65,2.36,40.0,1.77,56.25
494,825839,Premier League,24/25,Manchester United,Tyrell Malacia,Defender,6.57,0.0,0.0,0.0,0.0,0.0,0.0,0.0,0.91,100.0,0.0,0.0,0.0,0.0,0.0,0.0,0.0,0.0,0.0,0.0,0.0,0.0,0.0,0.0,1.82,0.91,0.91,0,0.91,0.0,0.91,0.0,0.0,0.0,0.0,0.0,0.0,0.91,43.64,39.09,4.55,89.58,16.36,22.73,12.73,0.0,0.0,1.82,50.0,3,2,99,0.91,0.0,2.73,1.82,8.18,1.82,4.55,45.45,4.55,45.45,0.0,0.0
495,1096136,Premier League,24/25,Bournemouth,Daniel Jebbison,Forward,6.57,0.5,0.49,1.0,2.5,1.0,1.5,20.0,2.0,57.14,0.5,0.0,0.0,0.0,0.5,0.0,0.0,0.0,0.0,0.0,0.0,0.0,0.0,0.0,2.5,0.5,0.5,0,1.0,0.0,0.0,0.0,0.0,0.0,0.0,0.0,0.0,1.5,19.5,16.5,3.0,84.62,2.5,14.0,9.0,0.0,0.0,0.5,50.0,16,0,180,0.5,0.0,1.0,2.0,16.0,2.5,7.5,40.54,6.0,50.0,1.5,23.08
496,1142335,Premier League,24/25,Tottenham Hotspur,Archie Gray,Midfielder,6.56,0.0,0.0,0.0,0.05,0.05,0.0,0.0,0.36,58.33,0.0,0.0,0.0,0.0,0.0,0.0,0.0,0.0,0.0,0.0,0.0,0.0,0.0,0.0,0.82,0.97,2.4,0,0.51,0.05,0.05,0.0,0.05,0.1,0.0,0.0,0.0,0.15,55.05,49.18,5.87,89.34,33.78,15.46,4.18,0.05,5.88,1.73,43.04,28,19,1764,0.05,0.0,0.87,0.56,8.83,0.56,2.3,45.45,1.73,44.16,0.56,50.0
497,151499,Premier League,24/25,Leicester City,Bobby De Cordova-Reid,Midfielder,6.55,0.11,0.09,0.0,0.8,0.34,0.23,14.29,0.0,0.0,0.11,0.0,0.0,0.0,0.11,0.0,0.46,0.11,0.0,0.0,0.0,0.0,0.0,0.0,1.03,0.0,1.14,0,1.14,0.0,0.0,0.0,0.0,0.0,0.11,0.23,0.0,0.69,21.13,15.88,5.25,75.14,6.4,9.48,5.71,0.0,0.0,0.23,28.57,23,9,788,0.23,0.0,1.03,1.03,10.51,1.14,2.74,32.0,2.06,32.73,0.69,30.0
498,1201520,Premier League,24/25,Bournemouth,Julio Soler,Defender,6.55,0.0,0.0,0.0,0.0,0.0,0.0,0.0,0.0,0.0,0.0,0.0,0.0,0.0,0.0,0.0,0.0,0.0,0.0,0.0,0.0,0.0,0.0,0.0,3.75,0.0,0.0,0,0.0,0.0,0.0,0.0,0.0,0.0,0.0,0.0,0.0,0.0,48.75,41.25,7.5,84.62,3.75,37.5,15.0,0.0,0.0,0.0,0.0,3,0,24,0.0,0.0,0.0,3.75,15.0,0.0,7.5,100.0,7.5,100.0,0.0,0.0
499,137774,Premier League,24/25,Brentford,Ben Mee,Defender,6.55,0.0,0.0,0.0,0.0,0.0,0.0,0.0,0.0,0.0,0.0,0.0,0.0,0.0,0.0,0.0,0.0,0.0,0.0,0.0,0.0,0.0,0.0,0.0,0.86,1.72,3.01,0,0.0,0.0,0.0,0.0,0.0,0.0,0.0,0.0,0.0,0.0,49.95,38.76,11.2,77.59,25.41,13.35,6.46,0.0,0.0,2.58,31.58,7,2,209,0.86,0.0,2.15,0.0,12.06,0.0,3.01,41.18,0.86,28.57,2.15,50.0
500,43215,Premier League,24/25,Crystal Palace,Nathaniel Clyne,Defender,6.55,0.0,0.0,0.0,0.36,0.0,0.36,0.0,0.0,0.0,0.0,0.0,0.0,0.0,0.0,0.0,0.0,0.0,0.0,0.0,0.0,0.0,0.0,0.0,2.14,0.54,2.32,0,0.89,0.18,0.0,0.0,0.0,0.0,0.0,0.0,0.0,0.54,36.25,28.21,8.04,77.83,16.96,11.79,4.11,0.54,42.86,2.5,45.16,13,5,504,0.18,0.0,0.36,0.36,11.07,0.36,2.68,46.88,2.5,58.33,0.18,12.5
501,1069486,Premier League,24/25,Wolverhampton,Carlos Forbs,Midfielder,6.54,0.0,0.05,0.0,0.75,0.0,0.0,0.0,2.61,58.33,0.0,0.0,0.0,0.0,0.0,0.0,0.0,0.0,0.0,0.0,0.0,0.0,0.0,0.0,2.99,0.37,0.75,0,0.75,0.37,0.0,0.0,0.0,0.0,0.0,0.0,0.37,0.75,29.88,21.29,8.59,71.25,5.6,16.06,10.08,0.37,11.11,0.0,0.0,10,1,241,0.75,0.0,0.75,0.37,17.55,1.49,6.35,51.52,5.98,55.17,0.37,25.0
502,1152923,Premier League,24/25,Aston Villa,Kosta Nedeljković,Defender,6.54,0.0,0.0,0.0,0.0,0.0,0.0,0.0,0.69,50.0,0.0,0.0,0.0,0.0,0.0,0.0,0.0,0.0,0.0,0.0,0.0,0.0,0.0,0.0,4.85,0.0,2.08,0,0.69,0.0,0.0,0.0,0.0,0.0,0.0,0.0,0.0,0.0,28.38,25.62,2.77,90.24,12.46,13.85,5.54,0.69,100.0,0.69,50.0,5,0,130,0.0,0.0,0.0,0.69,6.23,0.0,6.23,75.0,6.23,81.82,0.0,0.0
503,1403050,Premier League,24/25,Chelsea,Josh Acheampong,Defender,6.53,0.0,0.11,0.5,0.99,0.0,0.99,0.0,0.5,100.0,0.0,0.0,0.0,0.0,0.0,0.0,0.0,0.0,0.0,0.0,0.0,0.0,0.0,0.0,0.99,0.5,0.5,0,0.0,0.0,0.0,0.0,0.0,0.0,0.0,0.0,0.0,0.0,61.16,51.22,9.94,83.74,32.82,18.4,4.48,0.0,0.0,1.99,28.57,4,2,181,0.5,0.0,0.0,0.5,10.94,0.0,2.49,45.45,1.99,100.0,0.5,14.29
504,1414933,Premier League,24/25,Chelsea,Marc Guiu,Forward,6.53,0.0,0.0,0.0,0.0,0.0,0.0,0.0,0.0,0.0,0.0,0.0,0.0,0.0,0.0,0.0,0.0,0.0,0.0,0.0,0.0,0.0,0.0,0.0,1.27,0.0,0.0,0,0.0,0.0,0.0,0.0,0.0,0.0,0.0,0.0,0.0,1.27,20.28,13.94,6.34,68.75,5.07,8.87,8.87,0.0,0.0,0.0,0.0,3,0,71,0.0,0.0,0.0,0.0,10.14,0.0,1.27,33.33,1.27,50.0,0.0,0.0
505,204300,Premier League,24/25,Ipswich Town,Massimo Luongo,Midfielder,6.53,0.0,0.0,0.0,0.0,0.0,0.0,0.0,0.0,0.0,0.0,0.0,0.0,0.0,0.0,0.0,0.0,0.0,0.0,0.0,0.0,0.0,0.0,0.0,3.72,0.83,0.83,0,1.24,0.0,0.0,0.0,0.0,0.0,0.0,0.0,0.0,0.0,26.42,20.64,5.78,78.13,10.73,9.91,4.54,0.0,0.0,0.41,16.67,11,2,218,0.0,0.0,0.41,0.83,8.67,1.24,5.37,65.0,4.54,61.11,0.83,100.0
506,1403192,Premier League,24/25,Tottenham Hotspur,Mikey Moore,Forward,6.51,0.0,0.05,0.0,0.73,0.24,0.24,0.0,0.48,13.33,0.0,0.0,0.0,0.0,0.0,0.0,0.73,0.0,0.0,0.0,0.0,0.0,0.0,0.0,0.48,0.24,0.97,0,0.97,0.0,0.0,0.0,0.0,0.0,0.24,0.24,0.0,0.73,18.87,15.48,3.39,82.05,4.84,10.89,7.98,0.24,6.25,0.24,50.0,10,3,372,0.0,0.0,0.73,1.69,15.24,1.69,2.9,26.67,2.66,28.95,0.24,14.29
507,914412,Premier League,24/25,Ipswich Town,Ben Johnson,Defender,6.51,0.07,0.07,0.2,0.46,0.2,0.13,14.29,0.53,36.36,0.07,0.0,0.07,0.0,0.0,0.07,0.07,0.0,0.0,0.0,0.0,0.0,0.0,0.0,2.5,0.86,3.49,0,1.38,0.07,0.0,0.0,0.0,0.0,0.26,0.13,0.0,0.79,21.08,16.41,4.68,77.81,8.24,8.7,4.28,0.53,21.62,0.86,44.83,23,14,1366,0.2,0.07,1.78,0.4,11.66,1.12,4.68,42.51,3.43,40.0,1.25,51.35
508,1010010,Premier League,24/25,Ipswich Town,Ali Al-Hamadi,Forward,6.5,0.0,0.22,0.0,2.5,0.0,1.25,0.0,2.5,57.14,0.0,0.0,0.0,0.0,0.0,0.0,0.62,0.0,0.0,0.0,0.0,0.0,0.0,0.0,0.62,0.0,1.25,0,1.25,0.0,0.0,0.0,0.0,0.0,0.0,0.0,0.0,1.25,18.75,15.62,3.12,83.33,5.62,10.0,6.25,0.0,0.0,0.0,0.0,11,0,144,1.88,0.0,5.0,1.88,12.5,2.5,8.12,33.33,5.0,33.33,3.12,33.33
509,993451,Premier League,24/25,Southampton,Cameron Archer,Forward,6.5,0.12,0.35,0.62,1.8,0.68,0.68,6.9,0.93,42.86,0.12,0.0,0.0,0.06,0.06,0.19,0.5,0.0,0.06,0.0,0.0,0.0,0.0,0.0,0.81,0.12,0.56,0,0.43,0.0,0.0,0.0,0.0,0.0,0.0,0.0,0.0,0.31,15.31,12.71,2.6,83.0,5.52,7.19,4.03,0.0,0.0,0.19,50.0,35,13,1452,0.0,0.0,0.99,0.81,8.24,1.61,3.1,33.78,2.54,37.61,0.56,23.08
510,1391825,Premier League,24/25,Tottenham Hotspur,Will Lankshear,Forward,6.5,0.0,0.0,0.0,0.0,0.0,0.0,0.0,0.0,0.0,0.0,0.0,0.0,0.0,0.0,0.0,0.0,0.0,0.0,0.0,0.0,0.0,0.0,0.0,0.0,0.0,0.0,0,0.0,0.0,0.0,0.0,0.0,0.0,0.0,0.0,0.0,0.0,9.0,0.0,9.0,0.0,0.0,0.0,0.0,0.0,0.0,0.0,0.0,3,0,10,0.0,0.0,18.0,0.0,27.0,0.0,0.0,0.0,0.0,0.0,0.0,0.0
511,1167025,Premier League,24/25,Manchester City,Divin Mubama,Forward,6.5,0.0,0.13,0.0,3.33,0.0,0.0,0.0,0.0,0.0,0.0,0.0,0.0,0.0,0.0,0.0,0.0,0.0,0.0,0.0,0.0,0.0,0.0,0.0,0.0,0.0,0.0,0,0.0,0.0,0.0,0.0,0.0,0.0,0.0,0.0,0.0,0.0,10.0,6.67,3.33,66.67,0.0,6.67,0.0,0.0,0.0,0.0,0.0,1,0,27,0.0,0.0,0.0,0.0,6.67,3.33,0.0,0.0,0.0,0.0,0.0,0.0
512,359664,Premier League,24/25,Nottingham Forest,Taiwo Awoniyi,Forward,6.5,0.19,0.4,0.75,1.89,0.75,0.94,10.0,0.75,44.44,0.19,0.0,0.0,0.19,0.0,0.0,0.19,0.0,0.0,0.0,0.0,0.0,0.0,0.0,1.13,0.0,1.32,0,0.19,0.0,0.0,0.0,0.0,0.0,0.0,0.0,0.0,0.38,17.74,11.51,6.23,64.89,2.64,8.87,4.91,0.0,0.0,0.19,25.0,26,3,477,0.0,0.0,1.51,1.89,14.91,3.58,6.23,31.73,3.58,36.54,2.64,26.92
513,983816,Premier League,24/25,Brighton & Hove Albion,Jeremy Sarmiento,Midfielder,6.5,0.0,0.0,0.0,0.0,0.0,0.0,0.0,0.0,0.0,0.0,0.0,0.0,0.0,0.0,0.0,0.0,0.0,0.0,0.0,0.0,0.0,0.0,0.0,0.0,0.0,0.0,0,0.0,0.0,0.0,0.0,0.0,0.0,0.0,0.0,0.0,0.0,67.5,67.5,0.0,100.0,33.75,33.75,22.5,0.0,0.0,0.0,0.0,1,0,8,0.0,0.0,0.0,0.0,11.25,0.0,0.0,0.0,0.0,0.0,0.0,0.0
514,1426224,Premier League,24/25,Chelsea,Mathis Amougou,Midfielder,6.5,0.0,0.0,0.0,0.0,0.0,0.0,0.0,0.0,0.0,0.0,0.0,0.0,0.0,0.0,0.0,0.0,0.0,0.0,0.0,0.0,0.0,0.0,0.0,0.0,0.0,0.0,0,0.0,0.0,0.0,0.0,0.0,0.0,0.0,0.0,0.0,0.0,52.5,52.5,0.0,100.0,15.0,37.5,30.0,0.0,0.0,0.0,0.0,1,0,12,0.0,0.0,0.0,0.0,7.5,7.5,0.0,0.0,0.0,0.0,0.0,0.0
515,1482424,Premier League,24/25,Manchester City,Claudio Echeverri,Midfielder,6.5,0.0,0.0,0.0,0.0,0.0,0.0,0.0,0.0,0.0,0.0,0.0,0.0,0.0,0.0,0.0,0.0,0.0,0.0,0.0,0.0,0.0,0.0,0.0,8.18,0.0,0.0,0,0.0,0.0,0.0,0.0,0.0,0.0,0.0,0.0,0.0,0.0,24.55,24.55,0.0,100.0,0.0,24.55,8.18,0.0,0.0,0.0,0.0,1,0,11,0.0,0.0,0.0,0.0,8.18,8.18,8.18,50.0,8.18,50.0,0.0,0.0
516,1465401,Premier League,24/25,Crystal Palace,Caleb Kporha,Defender,6.5,0.0,0.0,0.0,0.0,0.0,0.0,0.0,0.0,0.0,0.0,0.0,0.0,0.0,0.0,0.0,0.0,0.0,0.0,0.0,0.0,0.0,0.0,0.0,9.47,0.0,4.74,0,0.0,0.0,0.0,0.0,0.0,0.0,0.0,0.0,0.0,0.0,18.95,14.21,4.74,75.0,0.0,18.95,9.47,4.74,50.0,0.0,0.0,2,0,19,0.0,0.0,0.0,0.0,18.95,9.47,9.47,40.0,9.47,50.0,0.0,0.0
517,1185061,Premier League,24/25,Brentford,Kim Ji-Soo,Defender,6.5,0.0,0.0,0.0,0.0,0.0,0.0,0.0,0.0,0.0,0.0,0.0,0.0,0.0,0.0,0.0,0.0,0.0,0.0,0.0,0.0,0.0,0.0,0.0,0.0,0.0,6.43,0,0.0,0.0,0.0,0.0,0.0,0.0,0.0,0.0,0.0,0.0,90.0,80.36,9.64,89.29,41.79,38.57,9.64,0.0,0.0,12.86,66.67,3,0,28,0.0,0.0,3.21,0.0,12.86,3.21,0.0,0.0,0.0,0.0,0.0,0.0
518,1426220,Premier League,24/25,Southampton,Joachim Kayi Sanda,Defender,6.5,0.0,0.0,0.0,0.0,0.0,0.0,0.0,0.0,0.0,0.0,0.0,0.0,0.0,0.0,0.0,0.0,0.0,0.0,0.0,0.0,0.0,0.0,0.0,0.0,8.18,0.0,0,0.0,0.0,0.0,0.0,0.0,0.0,0.0,0.0,0.0,0.0,61.36,61.36,0.0,100.0,36.82,24.55,0.0,0.0,0.0,0.0,0.0,2,0,22,0.0,0.0,0.0,0.0,4.09,0.0,0.0,0.0,0.0,0.0,0.0,0.0
519,1402924,Premier League,24/25,Manchester City,Jahmai Simpson-Pusey,Defender,6.5,0.0,0.0,0.0,0.0,0.0,0.0,0.0,0.0,0.0,0.0,0.0,0.0,0.0,0.0,0.0,0.0,0.0,0.0,0.0,0.0,0.0,0.0,0.0,0.88,0.0,1.76,0,0.88,0.0,0.0,0.0,0.0,0.0,0.0,0.0,0.0,0.0,100.59,93.53,7.06,92.98,62.65,30.88,2.65,0.0,0.0,0.88,20.0,2,1,102,0.88,0.0,0.0,0.88,7.94,0.0,2.65,42.86,1.76,66.67,0.88,25.0
520,1418646,Premier League,24/25,Nottingham Forest,Eric da Silva Moreira,Defender,6.5,0.0,0.0,0.0,0.0,0.0,0.0,0.0,0.0,0.0,0.0,0.0,0.0,0.0,0.0,0.0,0.0,0.0,0.0,0.0,0.0,0.0,0.0,0.0,6.43,3.21,0.0,0,12.86,0.0,0.0,0.0,0.0,0.0,0.0,0.0,0.0,0.0,19.29,16.07,3.21,83.33,12.86,3.21,3.21,0.0,0.0,0.0,0.0,2,0,28,0.0,0.0,0.0,0.0,9.64,0.0,6.43,28.57,6.43,28.57,0.0,0.0
521,1410201,Premier League,24/25,Brentford,Jayden Meghoma,Defender,6.5,0.0,0.0,0.0,0.0,0.0,0.0,0.0,0.0,0.0,0.0,0.0,0.0,0.0,0.0,0.0,0.0,0.0,0.0,0.0,0.0,0.0,0.0,0.0,0.0,0.0,0.0,0,0.0,0.0,0.0,0.0,0.0,0.0,0.0,0.0,0.0,0.0,22.5,22.5,0.0,100.0,15.0,7.5,0.0,0.0,0.0,0.0,0.0,1,0,12,0.0,0.0,0.0,0.0,0.0,0.0,0.0,0.0,0.0,0.0,0.0,0.0
522,1012415,Premier League,24/25,Southampton,Ronnie Edwards,Defender,6.5,0.0,0.0,0.0,0.0,0.0,0.0,0.0,0.0,0.0,0.0,0.0,0.0,0.0,0.0,0.0,0.0,0.0,0.0,0.0,0.0,0.0,0.0,0.0,0.0,0.0,0.0,0,0.0,0.0,0.0,0.0,0.0,0.0,0.0,0.0,0.0,0.0,37.5,37.5,0.0,100.0,37.5,0.0,0.0,0.0,0.0,0.0,0.0,1,0,12,0.0,0.0,0.0,0.0,0.0,0.0,0.0,0.0,0.0,0.0,0.0,0.0
523,1899501,Premier League,24/25,Leicester City,Jake Evans,Forward,6.47,0.0,0.0,0.0,0.0,0.0,0.0,0.0,0.0,0.0,0.0,0.0,0.0,0.0,0.0,0.0,0.0,0.0,0.0,0.0,0.0,0.0,0.0,0.0,2.9,0.0,0.0,0,2.9,0.0,0.0,0.0,0.0,0.0,0.0,0.0,0.0,0.0,8.71,5.81,2.9,66.67,2.9,2.9,2.9,0.0,0.0,0.0,0.0,4,0,31,0.0,0.0,0.0,0.0,5.81,2.9,2.9,25.0,2.9,33.33,0.0,0.0
524,978150,Premier League,24/25,Bournemouth,Julián Araujo,Defender,6.46,0.0,0.0,0.0,0.0,0.0,0.0,0.0,0.0,0.0,0.0,0.0,0.0,0.0,0.0,0.0,0.17,0.0,0.0,0.0,0.0,0.0,0.0,0.0,1.74,1.05,2.79,0,1.22,0.0,0.0,0.0,0.0,0.0,0.0,0.0,0.0,0.17,33.31,27.21,6.1,81.68,13.08,14.48,7.5,0.35,22.22,1.05,31.58,12,7,516,0.35,0.0,1.22,0.35,9.59,0.35,2.62,36.59,2.09,41.38,0.52,25.0
525,365802,Premier League,24/25,Fulham,Harrison Reed,Midfielder,6.45,0.0,0.16,0.0,2.03,1.35,0.68,0.0,0.0,0.0,0.0,0.0,0.0,0.0,0.0,0.0,0.0,0.0,0.0,0.0,0.0,0.0,0.0,0.0,4.06,0.68,1.35,0,1.35,0.0,0.0,0.68,0.0,0.0,0.68,0.0,0.0,0.68,32.48,25.71,6.77,79.17,8.8,17.59,12.18,0.68,16.67,0.0,0.0,12,0,133,1.35,0.0,4.06,1.35,14.21,1.35,6.09,40.91,5.41,44.44,0.68,25.0
526,845386,Premier League,24/25,Liverpool FC,Federico Chiesa,Forward,6.45,0.0,0.26,0.78,3.88,1.55,0.78,0.0,0.0,0.0,0.0,0.0,0.0,0.0,0.0,0.78,0.0,0.0,0.0,0.0,0.0,0.0,0.0,0.0,0.78,0.0,0.78,0,1.55,0.0,0.78,0.0,0.0,0.0,0.0,0.0,0.0,1.55,21.72,20.17,1.55,92.86,6.98,13.19,10.86,0.0,0.0,0.78,100.0,6,1,116,0.0,0.0,2.33,1.55,10.09,3.1,2.33,16.67,2.33,21.43,0.0,0.0
527,815890,Premier League,24/25,Manchester United,Altay Bayındır,Goalkeeper,6.43,0.0,0.0,0.0,0.0,0.0,0.0,0.0,0.0,0.0,0.0,0.0,0.0,0.0,0.0,0.0,0.0,0.0,0.0,0.0,0.0,0.0,0.0,0.0,0.0,0.0,3.5,0,0.25,0.25,0.0,0.0,0.0,0.25,0.0,0.0,0.0,0.0,35.0,20.0,15.0,57.14,17.5,2.5,0.25,0.0,0.0,5.25,27.27,4,4,360,0.0,0.0,0.0,0.25,15.0,0.0,0.5,50.0,0.25,50.0,0.25,50.0
528,113956,Premier League,24/25,Newcastle United,Callum Wilson,Forward,6.43,0.0,0.09,0.24,1.47,0.24,0.73,0.0,0.24,20.0,0.0,0.0,0.0,0.0,0.0,0.0,0.73,0.0,0.0,0.0,0.0,0.0,0.0,0.0,0.49,0.24,0.24,0,0.49,0.0,0.0,0.0,0.0,0.0,0.0,0.0,0.0,0.73,12.23,9.54,2.69,78.0,4.65,5.14,3.18,0.24,50.0,0.0,0.0,18,2,368,0.24,0.0,0.98,0.24,11.25,2.93,1.47,13.64,0.98,15.38,0.49,11.11
529,1457536,Premier League,24/25,Aston Villa,Andrés García,Defender,6.41,0.0,0.01,0.0,0.55,0.0,0.28,0.0,1.38,29.41,0.0,0.0,0.0,0.0,0.0,0.0,0.0,0.0,0.0,0.0,0.0,0.0,0.0,0.0,2.49,0.55,2.22,0,1.11,0.28,0.28,0.0,0.0,0.0,0.28,0.0,0.0,0.83,43.75,40.43,3.32,92.41,14.4,27.42,11.63,1.38,27.78,0.83,50.0,7,5,325,0.0,0.0,0.28,0.0,15.23,1.66,3.88,32.56,3.88,37.84,0.0,0.0
530,1407484,Premier League,24/25,Southampton,Samuel Amo-Ameyaw,Forward,6.4,0.0,0.07,0.0,3.46,0.0,0.0,0.0,0.0,0.0,0.0,0.0,0.0,0.0,0.0,0.0,0.0,0.0,0.0,0.0,0.0,0.0,0.0,0.0,3.46,0.0,0.0,0,0.0,0.0,0.0,0.0,0.0,0.0,0.0,0.0,0.0,3.46,24.23,24.23,0.0,100.0,10.38,17.31,13.85,3.46,50.0,0.0,0.0,2,0,26,3.46,0.0,3.46,6.92,20.77,6.92,10.38,30.0,10.38,33.33,0.0,0.0
531,368146,Premier League,24/25,Ipswich Town,Marcus Harness,Midfielder,6.4,0.0,0.0,0.0,0.0,0.0,0.0,0.0,0.0,0.0,0.0,0.0,0.0,0.0,0.0,0.0,2.09,0.0,0.0,0.0,0.0,0.0,0.0,0.0,2.09,0.0,2.09,0,6.28,0.0,0.0,0.0,0.0,0.0,0.0,0.0,0.0,0.0,33.49,20.93,12.56,62.5,6.28,14.65,14.65,0.0,0.0,0.0,0.0,2,0,43,0.0,0.0,0.0,0.0,14.65,0.0,2.09,20.0,2.09,20.0,0.0,0.0
532,993439,Premier League,24/25,Ipswich Town,Harry Clarke,Midfielder,6.4,0.0,0.02,0.0,0.24,0.24,0.0,0.0,0.24,50.0,0.0,0.0,0.0,0.0,0.0,0.0,0.0,0.0,0.0,0.0,0.0,0.0,0.0,0.0,1.19,0.95,2.86,0,0.71,0.0,0.71,0.24,0.0,0.0,0.0,0.0,0.0,0.24,49.52,40.71,8.81,82.21,21.43,19.29,10.24,0.0,0.0,3.33,48.28,7,4,378,0.24,0.24,1.19,0.24,12.62,0.48,4.05,53.13,1.67,38.89,2.38,71.43
533,885864,Premier League,24/25,Brentford,Frank Onyeka,Midfielder,6.4,0.0,0.0,0.0,0.0,0.0,0.0,0.0,0.0,0.0,0.0,0.0,0.0,0.0,0.0,0.0,0.0,0.0,0.0,0.0,0.0,0.0,0.0,0.0,0.0,0.0,0.0,0,0.0,0.0,0.0,0.0,0.0,0.0,0.0,0.0,0.0,0.0,22.5,19.29,3.21,85.71,12.86,6.43,6.43,0.0,0.0,0.0,0.0,2,0,28,0.0,0.0,6.43,0.0,12.86,3.21,0.0,0.0,0.0,0.0,0.0,0.0
534,976025,Premier League,24/25,Southampton,Armel Bella-Kotchap,Defender,6.38,0.0,0.09,0.27,0.27,0.0,0.27,0.0,0.0,0.0,0.0,0.0,0.0,0.0,0.0,0.0,0.0,0.0,0.0,0.0,0.0,0.0,0.0,0.0,1.91,1.37,5.74,0,0.82,0.0,0.27,0.0,0.0,0.0,0.0,0.0,0.0,0.0,61.0,55.26,5.74,90.58,44.32,10.94,1.91,0.0,0.0,1.91,38.89,4,2,329,0.0,0.0,0.82,0.55,6.84,0.0,4.1,55.56,2.46,56.25,1.64,54.55
535,1518589,Premier League,24/25,Brentford,Yunus Konak,Midfielder,6.38,0.0,0.19,0.0,1.25,0.0,1.25,0.0,0.0,0.0,0.0,0.0,0.0,0.0,0.0,0.0,0.0,0.0,0.0,0.0,0.0,0.0,0.0,0.0,5.0,0.0,0.0,0,1.25,0.0,0.0,0.0,0.0,0.0,0.0,0.0,0.0,0.0,43.75,31.25,12.5,71.43,11.25,20.0,11.25,0.0,0.0,3.75,75.0,10,0,72,0.0,0.0,3.75,1.25,22.5,3.75,12.5,35.71,6.25,38.46,6.25,33.33
536,879346,Premier League,24/25,Manchester United,Scott McTominay,Midfielder,6.35,0.0,0.29,0.0,4.09,0.0,0.0,0.0,0.0,0.0,0.0,0.0,0.0,0.0,0.0,0.0,0.0,0.0,0.0,0.0,0.0,0.0,0.0,0.0,0.0,0.0,4.09,0,4.09,0.0,0.0,0.0,0.0,0.0,0.0,0.0,0.0,0.0,36.82,36.82,0.0,100.0,16.36,20.45,8.18,0.0,0.0,8.18,100.0,2,0,22,0.0,0.0,0.0,0.0,12.27,4.09,4.09,25.0,0.0,0.0,4.09,100.0
537,599128,Premier League,24/25,Brentford,Rico Henry,Defender,6.32,0.0,0.0,0.0,0.0,0.0,0.0,0.0,0.0,0.0,0.0,0.0,0.0,0.0,0.0,0.0,0.0,0.0,0.0,0.0,0.0,0.0,0.0,0.0,1.8,0.9,1.8,0,3.6,0.0,0.0,0.0,0.0,0.0,0.0,0.0,0.0,0.0,33.3,22.5,10.8,67.57,11.7,10.8,7.2,0.0,0.0,0.0,0.0,5,0,100,0.0,0.0,1.8,1.8,20.7,1.8,5.4,35.29,3.6,30.77,1.8,50.0
538,1000263,Premier League,24/25,Southampton,Albert Grønbæk,Midfielder,6.3,0.0,0.07,0.0,1.2,0.0,0.0,0.0,0.0,0.0,0.0,0.0,0.0,0.0,0.0,0.0,0.0,0.0,0.0,0.0,0.0,0.0,0.0,0.0,2.4,0.0,0.6,0,4.2,0.0,0.0,0.0,0.0,0.0,0.0,0.0,0.0,0.6,10.2,7.8,2.4,76.47,2.4,5.4,3.0,0.0,0.0,0.0,0.0,4,2,150,0.0,0.0,0.0,0.6,10.8,2.4,4.2,31.82,3.0,25.0,1.2,100.0
539,1403108,Premier League,24/25,Liverpool FC,Jayden Danns,Forward,6.3,0.0,0.0,0.0,0.0,0.0,0.0,0.0,0.0,0.0,0.0,0.0,0.0,0.0,0.0,0.0,0.0,0.0,0.0,0.0,0.0,0.0,0.0,0.0,0.0,0.0,0.0,0,9.0,0.0,0.0,0.0,0.0,0.0,0.0,0.0,0.0,0.0,9.0,9.0,0.0,100.0,0.0,9.0,9.0,0.0,0.0,0.0,0.0,1,0,10,0.0,0.0,0.0,0.0,9.0,9.0,0.0,0.0,0.0,0.0,0.0,0.0
540,197428,Premier League,24/25,Leicester City,Danny Ward,Goalkeeper,6.3,0.0,0.0,0.0,0.0,0.0,0.0,0.0,0.0,0.0,0.0,0.0,0.0,0.0,0.0,0.0,0.0,0.0,0.0,0.0,0.0,0.0,0.0,0.0,0.0,0.0,0.67,0,0.0,0.0,0.0,0.0,0.0,0.0,0.0,0.0,0.0,0.0,29.33,21.33,8.0,72.73,14.67,6.67,1.33,0.0,0.0,8.0,50.0,2,1,135,0.0,0.0,0.0,0.0,8.67,0.0,0.0,0.0,0.0,0.0,0.0,0.0
541,1627560,Premier League,24/25,Everton,Harrison Armstrong,Midfielder,6.3,0.0,0.71,1.91,1.91,0.0,1.91,0.0,1.91,100.0,0.0,0.0,0.0,0.0,0.0,0.0,0.0,0.0,0.0,0.0,0.0,0.0,0.0,0.0,0.0,0.0,1.91,0,1.91,0.0,0.0,0.0,0.0,0.0,0.0,0.0,0.0,1.91,24.89,13.4,11.49,53.85,7.66,5.74,5.74,0.0,0.0,1.91,25.0,3,0,47,1.91,0.0,3.83,3.83,24.89,5.74,5.74,27.27,5.74,33.33,0.0,0.0
542,138261,Premier League,24/25,Southampton,Ryan Fraser,Midfielder,6.26,0.0,0.01,0.0,0.29,0.29,0.0,0.0,0.58,66.67,0.0,0.0,0.0,0.0,0.0,0.0,0.29,0.0,0.0,0.0,0.0,0.0,0.0,0.0,1.73,0.29,2.31,0,0.58,0.0,0.0,0.29,0.0,0.0,0.0,0.0,0.0,0.58,25.1,21.35,3.75,85.06,12.4,8.94,3.75,0.0,0.0,0.29,100.0,8,4,312,0.0,0.29,0.29,1.15,9.52,0.58,4.04,60.87,3.46,66.67,0.58,40.0
543,1127169,Premier League,24/25,Wolverhampton,Nasser Djiga,Defender,6.25,0.0,0.0,0.0,0.0,0.0,0.0,0.0,0.0,0.0,0.0,0.0,0.0,0.0,0.0,0.0,0.0,0.0,0.0,0.0,0.0,0.0,0.0,0.0,0.0,2.77,5.54,0,1.38,0.0,1.38,0.0,0.0,0.0,0.0,0.0,0.0,0.0,63.69,52.62,11.08,82.61,34.62,18.0,5.54,0.0,0.0,2.77,28.57,5,1,65,0.0,0.0,0.0,1.38,15.23,2.77,2.77,33.33,1.38,25.0,1.38,50.0
544,39183,Premier League,24/25,Crystal Palace,Joel Ward,Defender,6.25,0.0,0.0,0.0,0.0,0.0,0.0,0.0,0.0,0.0,0.0,0.0,0.0,0.0,0.0,0.0,0.0,0.0,0.0,0.0,0.0,0.0,0.0,0.0,2.12,0.0,3.18,0,0.0,0.0,0.0,0.0,0.0,0.0,0.0,0.0,0.0,1.06,25.41,14.82,10.59,58.33,11.65,3.18,1.06,0.0,0.0,2.12,33.33,2,1,85,1.06,0.0,4.24,0.0,11.65,0.0,3.18,37.5,2.12,28.57,1.06,100.0
545,1415001,Premier League,24/25,Everton,Roman Dixon,Defender,6.2,0.0,0.0,0.0,0.0,0.0,0.0,0.0,0.0,0.0,0.0,0.0,0.0,0.0,0.0,0.0,0.0,0.0,0.0,0.0,0.0,0.0,0.0,0.0,5.0,1.0,2.0,0,0.0,0.0,0.0,0.0,0.0,0.0,0.0,0.0,0.0,0.0,16.0,9.0,7.0,56.25,6.0,3.0,3.0,0.0,0.0,1.0,33.33,1,1,90,0.0,0.0,0.0,0.0,13.0,0.0,5.0,45.45,5.0,62.5,0.0,0.0
546,781544,Premier League,24/25,Everton,Mason Holgate,Defender,6.2,0.0,0.0,0.0,0.0,0.0,0.0,0.0,0.0,0.0,0.0,0.0,0.0,0.0,0.0,0.0,0.0,0.0,0.0,0.0,0.0,0.0,0.0,0.0,0.0,0.0,0.0,0,0.0,0.0,0.0,0.0,0.0,0.0,0.0,0.0,0.0,0.0,0.0,0.0,0.0,0.0,0.0,0.0,0.0,0.0,0.0,0.0,0.0,1,0,16,0.0,0.0,0.0,0.0,5.62,0.0,0.0,0.0,0.0,0.0,0.0,0.0
547,998928,Premier League,24/25,Brighton & Hove Albion,Eiran Cashin,Defender,6.1,0.0,0.0,0.0,0.0,0.0,0.0,0.0,0.0,0.0,0.0,0.0,0.0,0.0,0.0,0.0,0.0,0.0,0.0,0.0,0.0,0.0,0.0,0.0,0.0,0.0,9.47,0,4.74,0.0,0.0,0.0,0.0,0.0,0.0,0.0,0.0,0.0,127.89,108.95,18.95,85.19,56.84,52.11,23.68,0.0,0.0,4.74,33.33,2,0,19,0.0,0.0,0.0,0.0,28.42,0.0,9.47,40.0,0.0,0.0,9.47,66.67
548,754698,Premier League,24/25,Ipswich Town,Ben Godfrey,Defender,6.03,0.0,0.0,0.0,0.0,0.0,0.0,0.0,0.0,0.0,0.0,0.0,0.0,0.0,0.0,0.0,0.0,0.0,0.0,0.0,0.0,0.0,0.0,0.0,0.57,1.13,1.7,0,0.0,0.0,0.0,0.0,0.0,0.0,0.0,0.0,0.0,0.0,28.3,23.21,5.09,82.0,11.89,11.32,4.53,0.0,0.0,0.0,0.0,3,2,159,0.57,0.0,0.57,0.0,7.36,0.57,2.26,66.67,0.57,33.33,1.7,100.0
549,1013987,Premier League,24/25,Fulham,Jay Stansfield,Forward,0.0,0.0,0.0,0.0,0.0,0.0,0.0,0.0,0.0,0.0,0.0,0.0,0.0,0.0,0.0,0.0,0.0,0.0,0.0,0.0,0.0,0.0,0.0,0.0,0.0,0.0,0.0,0,0.0,0.0,0.0,0.0,0.0,0.0,0.0,0.0,0.0,0.0,0.0,0.0,0.0,0.0,0.0,0.0,0.0,0.0,0.0,0.0,0.0,1,0,1,0.0,0.0,90.0,0.0,0.0,0.0,0.0,0.0,0.0,0.0,0.0,0.0
550,1403055,Premier League,24/25,Leicester City,Michael Golding,Midfielder,0.0,0.0,0.0,0.0,0.0,0.0,0.0,0.0,0.0,0.0,0.0,0.0,0.0,0.0,0.0,0.0,0.0,0.0,0.0,0.0,0.0,0.0,0.0,0.0,0.0,0.0,0.0,0,0.0,0.0,0.0,0.0,0.0,0.0,0.0,0.0,0.0,0.0,0.0,0.0,0.0,0.0,0.0,0.0,0.0,0.0,0.0,0.0,0.0,1,0,1,0.0,0.0,0.0,0.0,0.0,0.0,0.0,0.0,0.0,0.0,0.0,0.0
551,1804786,Premier League,24/25,Leicester City,William Alves,Midfielder,0.0,0.0,0.0,0.0,0.0,0.0,0.0,0.0,0.0,0.0,0.0,0.0,0.0,0.0,0.0,0.0,0.0,0.0,0.0,0.0,0.0,0.0,0.0,0.0,0.0,0.0,0.0,0,0.0,0.0,0.0,0.0,0.0,0.0,0.0,0.0,0.0,0.0,90.0,90.0,0.0,100.0,0.0,90.0,0.0,0.0,0.0,0.0,0.0,1,0,1,0.0,0.0,0.0,0.0,0.0,0.0,0.0,0.0,0.0,0.0,0.0,0.0
552,603922,Premier League,24/25,Wolverhampton,Tom King,Goalkeeper,0.0,0.0,0.0,0.0,0.0,0.0,0.0,0.0,0.0,0.0,0.0,0.0,0.0,0.0,0.0,0.0,0.0,0.0,0.0,0.0,0.0,0.0,0.0,0.0,0.0,0.0,0.0,0,0.0,0.0,0.0,0.0,0.0,0.0,0.0,0.0,0.0,0.0,0.0,0.0,0.0,0.0,0.0,0.0,0.0,0.0,0.0,0.0,0.0,1,0,1,0.0,0.0,0.0,0.0,90.0,0.0,0.0,0.0,0.0,0.0,0.0,0.0
553,1403063,Premier League,24/25,Bournemouth,Zain Silcott-Duberry,Forward,0.0,0.0,0.0,0.0,0.0,0.0,0.0,0.0,0.0,0.0,0.0,0.0,0.0,0.0,0.0,0.0,0.0,0.0,0.0,0.0,0.0,0.0,0.0,0.0,90.0,0.0,0.0,0,0.0,0.0,0.0,0.0,0.0,0.0,0.0,0.0,0.0,0.0,180.0,90.0,90.0,50.0,90.0,0.0,0.0,0.0,0.0,0.0,0.0,1,0,1,0.0,0.0,0.0,0.0,90.0,0.0,90.0,50.0,90.0,100.0,0.0,0.0
554,1899647,Premier League,24/25,Wolverhampton,Mateus Mané,Forward,0.0,0.0,0.0,0.0,0.0,0.0,0.0,0.0,0.0,0.0,0.0,0.0,0.0,0.0,0.0,0.0,0.0,0.0,0.0,0.0,0.0,0.0,0.0,0.0,0.0,0.0,0.0,0,0.0,0.0,0.0,0.0,0.0,0.0,0.0,0.0,0.0,0.0,450.0,360.0,90.0,80.0,90.0,270.0,0.0,0.0,0.0,0.0,0.0,1,0,1,0.0,0.0,0.0,0.0,90.0,0.0,90.0,100.0,0.0,0.0,90.0,100.0
555,982613,Premier League,24/25,Wolverhampton,Boubacar Traoré,Midfielder,0.0,0.0,0.0,0.0,0.0,0.0,0.0,0.0,0.0,0.0,0.0,0.0,0.0,0.0,0.0,0.0,0.0,0.0,0.0,0.0,0.0,0.0,0.0,0.0,180.0,0.0,0.0,0,0.0,0.0,0.0,0.0,0.0,0.0,0.0,0.0,0.0,0.0,0.0,0.0,0.0,0.0,0.0,0.0,0.0,0.0,0.0,0.0,0.0,1,0,1,0.0,0.0,0.0,0.0,0.0,0.0,180.0,66.67,180.0,100.0,0.0,0.0
556,1142343,Premier League,24/25,West Ham United,Kaelan Casey,Defender,0.0,0.0,0.0,0.0,0.0,0.0,0.0,0.0,0.0,0.0,0.0,0.0,0.0,0.0,0.0,0.0,0.0,0.0,0.0,0.0,0.0,0.0,0.0,0.0,0.0,0.0,90.0,0,0.0,0.0,0.0,0.0,0.0,0.0,0.0,0.0,0.0,0.0,0.0,0.0,0.0,0.0,0.0,0.0,0.0,0.0,0.0,0.0,0.0,1,0,1,0.0,0.0,0.0,0.0,0.0,0.0,90.0,100.0,0.0,0.0,90.0,100.0
557,803678,Premier League,24/25,Ipswich Town,George Edmundson,Defender,0.0,0.0,0.0,0.0,0.0,0.0,0.0,0.0,0.0,0.0,0.0,0.0,0.0,0.0,0.0,0.0,0.0,0.0,0.0,0.0,0.0,0.0,0.0,0.0,0.0,0.0,0.0,0,0.0,0.0,0.0,0.0,0.0,0.0,0.0,0.0,0.0,0.0,180.0,90.0,90.0,50.0,90.0,0.0,0.0,0.0,0.0,0.0,0.0,1,0,1,0.0,0.0,0.0,0.0,90.0,0.0,0.0,0.0,0.0,0.0,0.0,0.0
558,1083020,Premier League,24/25,Wolverhampton,Alfie Pond,Defender,0.0,0.0,0.0,0.0,0.0,0.0,0.0,0.0,0.0,0.0,0.0,0.0,0.0,0.0,0.0,0.0,0.0,0.0,0.0,0.0,0.0,0.0,0.0,0.0,0.0,0.0,0.0,0,0.0,0.0,0.0,0.0,0.0,0.0,0.0,0.0,0.0,0.0,90.0,90.0,0.0,100.0,90.0,0.0,0.0,0.0,0.0,0.0,0.0,1,0,1,0.0,0.0,0.0,0.0,0.0,0.0,0.0,0.0,0.0,0.0,0.0,0.0
559,1485300,Premier League,24/25,Manchester City,Vitor Reis,Defender,0.0,0.0,0.0,0.0,0.0,0.0,0.0,0.0,90.0,100.0,0.0,0.0,0.0,0.0,0.0,0.0,0.0,0.0,0.0,0.0,0.0,0.0,0.0,0.0,0.0,0.0,90.0,0,0.0,0.0,0.0,0.0,0.0,0.0,0.0,0.0,0.0,0.0,180.0,180.0,0.0,100.0,180.0,0.0,0.0,0.0,0.0,0.0,0.0,1,0,1,0.0,0.0,0.0,0.0,0.0,0.0,90.0,100.0,90.0,100.0,0.0,0.0
560,1543805,Premier League,24/25,Leicester City,Olabade Aluko,Defender,0.0,0.0,0.0,0.0,0.0,0.0,0.0,0.0,0.0,0.0,0.0,0.0,0.0,0.0,0.0,0.0,0.0,0.0,0.0,0.0,0.0,0.0,0.0,0.0,90.0,0.0,0.0,0,0.0,0.0,0.0,0.0,0.0,0.0,0.0,0.0,0.0,0.0,450.0,270.0,180.0,60.0,180.0,90.0,0.0,0.0,0.0,0.0,0.0,1,0,1,0.0,0.0,0.0,0.0,360.0,90.0,90.0,33.33,90.0,33.33,0.0,0.0
561,2023409,Premier League,24/25,Bournemouth,Remy Rees-Dottin,Forward,0.0,0.0,0.0,0.0,0.0,0.0,0.0,0.0,0.0,0.0,0.0,0.0,0.0,0.0,0.0,0.0,0.0,0.0,0.0,0.0,0.0,0.0,0.0,0.0,0.0,0.0,0.0,0,0.0,0.0,0.0,0.0,0.0,0.0,0.0,0.0,0.0,0.0,0.0,0.0,0.0,0.0,0.0,0.0,0.0,0.0,0.0,0.0,0.0,1,0,1,0.0,0.0,0.0,0.0,0.0,0.0,0.0,0.0,0.0,0.0,0.0,0.0
562,1402787,Premier League,24/25,Chelsea,Shumaira Mheuka,Forward,0.0,0.0,5.4,0.0,90.0,90.0,0.0,0.0,0.0,0.0,0.0,0.0,0.0,0.0,0.0,0.0,0.0,0.0,0.0,0.0,0.0,0.0,0.0,0.0,0.0,0.0,0.0,0,0.0,0.0,0.0,0.0,0.0,0.0,0.0,0.0,0.0,0.0,0.0,0.0,0.0,0.0,0.0,0.0,0.0,0.0,0.0,0.0,0.0,1,0,1,0.0,0.0,0.0,0.0,0.0,0.0,90.0,100.0,0.0,0.0,90.0,100.0
