#,Player ID,League,Season,Team,Name,Position,Sofascore Rating,Goals,xG,Big chances missed,Total shots,Shots on target,Shots off target,Goal conversion %,Succ. dribbles,Succ. dribbles %,Goals inside box,Goals outside box,Headed goals,Left-footed goals,Right-footed goals,Hit woodwork,Offsides,Penalties won,Penalties taken,Penalty goals,Penalty conversion %,Free kick goals,Shots from set piece,Set piece conv. %,Tackles,Interceptions,Clearances,Blocked shots,Dribbled past,Errors leading to goal,Errors leading to shot,Penalties committed,Own goals,Clean sheets,Big chances created,Assists,Passes to assist,Key passes,Total passes,Accurate passes,Inaccurate passes,Accurate passes %,Passes in own half,Passes in opp. half,Acc. final third passes,Accurate crosses,Accurate crosses %,Accurate long balls,Accurate long balls %,Appearances,Started,Minutes played,Yellow cards,Red cards,Fouls,Was fouled,Possession lost,Dispossessed,Total duels won,Total duels won %,Ground duels won,Ground duels won %,Aerial duels won,Aerial duels won %
1,263651,Serie A,24/25,Atalanta,Juan Musso,Goalkeeper,7.6,0.0,0.0,0.0,0.0,0.0,0.0,0.0,0.0,0.0,0.0,0.0,0.0,0.0,0.0,0.0,0.0,0.0,0.0,0.0,0.0,0.0,0.0,0.0,0.0,0.0,0.0,0,0.0,0.0,0.0,0.0,0.0,1.0,0.0,0.0,0.0,0.0,29.0,13.0,16.0,44.83,10.0,3.0,0.0,0.0,0.0,5.0,23.81,1,1,90,0.0,0.0,0.0,1.0,16.0,0.0,1.0,100.0,0.0,0.0,1.0,100.0
2,885197,Serie A,24/25,Juventus,Bremer,Defender,7.57,0.0,0.02,0.0,0.5,0.0,0.33,0.0,0.5,75.0,0.0,0.0,0.0,0.0,0.0,0.0,0.0,0.0,0.0,0.0,0.0,0.0,0.0,0.0,2.5,1.0,2.33,0,0.17,0.0,0.0,0.0,0.0,1.0,0.0,0.0,0.0,0.0,83.83,77.83,6.0,92.84,55.5,22.33,5.0,0.0,0.0,3.67,66.67,6,6,540,0.17,0.0,1.5,0.83,7.17,0.33,5.67,62.96,3.67,62.86,2.0,63.16
3,2899,Serie A,24/25,Udinese,Daniele Padelli,Goalkeeper,7.5,0.0,0.0,0.0,0.0,0.0,0.0,0.0,0.0,0.0,0.0,0.0,0.0,0.0,0.0,0.0,0.0,0.0,0.0,0.0,0.0,0.0,0.0,0.0,0.0,0.0,0.0,0,1.0,0.0,0.0,0.0,0.0,1.0,0.0,0.0,0.0,0.0,18.0,13.0,5.0,72.22,12.0,1.0,0.0,0.0,0.0,3.0,37.5,1,1,90,0.0,0.0,0.0,0.0,5.0,0.0,0.0,0.0,0.0,0.0,0.0,0.0
4,137773,Serie A,24/25,Genoa,Benjamin Siegrist,Goalkeeper,7.45,0.0,0.0,0.0,0.0,0.0,0.0,0.0,0.0,0.0,0.0,0.0,0.0,0.0,0.0,0.0,0.0,0.0,0.0,0.0,0.0,0.0,0.0,0.0,0.0,0.59,1.18,0,0.0,0.0,0.0,0.0,0.0,0.0,0.0,0.0,0.0,0.0,37.65,22.94,14.71,60.94,19.41,3.53,0.0,0.0,0.0,7.06,32.43,2,2,153,0.0,0.0,0.0,0.0,14.71,0.0,0.0,0.0,0.0,0.0,0.0,0.0
5,135700,Serie A,24/25,Inter,Hakan Çalhanoğlu,Midfielder,7.41,0.23,0.2,0.05,2.11,0.69,0.78,10.87,0.14,42.86,0.14,0.09,0.0,0.0,0.23,0.05,0.0,0.0,0.18,0.14,75.0,0.0,0.28,0.0,1.97,0.83,1.01,0,0.69,0.0,0.0,0.05,0.0,0.05,0.5,0.28,0.05,2.29,71.64,64.62,7.02,90.2,28.96,38.09,17.35,2.43,43.44,4.41,66.21,29,26,1961,0.23,0.0,1.01,0.6,11.93,0.41,3.44,52.82,2.71,55.14,0.73,45.71
6,256219,Serie A,24/25,AS Roma,Paulo Dybala,Forward,7.39,0.38,0.4,0.38,3.17,1.2,1.14,12.0,0.7,39.29,0.32,0.06,0.0,0.32,0.06,0.19,0.38,0.13,0.19,0.19,100.0,0.0,0.38,0.0,1.08,0.13,0.13,0,0.7,0.0,0.0,0.0,0.0,0.06,0.51,0.19,0.0,2.54,41.77,36.13,5.64,86.49,9.7,27.89,15.27,1.46,37.1,2.28,72.0,24,16,1420,0.13,0.0,0.38,3.8,14.01,1.77,6.08,55.17,5.58,59.06,0.51,32.0
7,17737,Serie A,24/25,Atalanta,Rui Patrício,Goalkeeper,7.37,0.0,0.0,0.0,0.0,0.0,0.0,0.0,0.0,0.0,0.0,0.0,0.0,0.0,0.0,0.0,0.0,0.0,0.0,0.0,0.0,0.0,0.0,0.0,0.0,0.0,1.0,0,0.0,0.0,0.0,0.0,0.0,0.33,0.0,0.0,0.0,0.0,29.67,24.33,5.33,82.02,22.67,1.67,0.33,0.0,0.0,4.0,44.44,3,3,270,0.0,0.0,0.0,0.0,5.33,0.0,0.33,100.0,0.0,0.0,0.33,100.0
8,293581,Serie A,24/25,Lazio,Mattia Zaccagni,Forward,7.34,0.27,0.21,0.17,1.6,0.57,0.63,16.67,1.46,54.32,0.23,0.03,0.03,0.03,0.2,0.07,0.3,0.0,0.07,0.07,100.0,0.0,0.07,0.0,1.26,0.96,0.53,0,0.53,0.0,0.07,0.0,0.0,0.07,0.23,0.2,0.0,1.83,32.37,27.48,4.89,84.89,7.69,20.79,11.25,1.0,19.23,1.06,60.38,34,33,2705,0.33,0.0,1.16,3.26,13.71,1.33,6.62,57.68,5.96,59.08,0.67,47.62
9,914501,Serie A,24/25,Atalanta,Mateo Retegui,Forward,7.33,0.94,0.72,0.67,3.9,1.42,1.72,24.04,0.45,50.0,0.9,0.04,0.19,0.37,0.37,0.07,0.22,0.07,0.19,0.15,80.0,0.0,0.07,0.0,0.52,0.15,0.64,0,0.49,0.0,0.0,0.0,0.0,0.07,0.22,0.3,0.0,1.42,20.83,16.26,4.57,78.06,4.27,12.14,7.42,0.15,26.67,0.52,66.67,36,32,2402,0.07,0.0,1.2,1.27,10.98,1.8,4.16,39.93,2.25,38.22,1.91,42.15
10,824200,Serie A,24/25,Atalanta,Ademola Lookman,Forward,7.32,0.6,0.41,0.52,3.26,1.39,0.99,18.29,1.47,36.63,0.52,0.08,0.04,0.2,0.36,0.2,1.03,0.0,0.04,0.04,100.0,0.0,0.0,0.0,1.27,0.12,0.2,0,0.32,0.0,0.04,0.0,0.0,0.08,0.48,0.2,0.08,2.51,32.05,25.33,6.72,79.03,5.61,21.24,13.56,1.51,30.65,0.32,44.44,31,28,2263,0.16,0.0,1.23,0.8,17.86,2.03,4.22,38.97,3.5,36.67,0.72,56.25
11,356160,Serie A,24/25,Torino,Vanja Milinković-Savić,Goalkeeper,7.31,0.0,0.0,0.0,0.0,0.0,0.0,0.0,0.0,0.0,0.0,0.0,0.0,0.0,0.0,0.0,0.0,0.0,0.0,0.0,0.0,0.0,0.0,0.0,0.03,0.0,1.22,0,0.05,0.03,0.08,0.03,0.0,0.27,0.0,0.0,0.0,0.08,38.7,24.84,13.86,64.18,19.73,5.11,3.16,0.0,0.0,7.43,35.35,37,37,3330,0.08,0.0,0.03,0.27,14.14,0.03,0.59,78.57,0.24,69.23,0.35,86.67
12,791702,Serie A,24/25,Inter,Marcus Thuram,Forward,7.3,0.55,0.39,0.39,2.55,1.06,0.86,21.54,0.94,52.17,0.55,0.0,0.12,0.0,0.43,0.16,0.51,0.08,0.0,0.0,0.0,0.0,0.0,0.0,0.7,0.12,0.59,0,0.43,0.0,0.0,0.0,0.0,0.2,0.23,0.16,0.0,1.57,21.31,15.98,5.33,75.0,5.76,10.38,7.48,0.16,30.77,0.16,40.0,32,27,2298,0.04,0.0,1.17,1.41,10.18,1.14,4.82,49.8,2.94,45.73,1.88,57.83
13,817957,Serie A,24/25,AC Milan,Christian Pulišić,Forward,7.28,0.4,0.43,0.29,2.06,0.87,0.47,19.3,1.41,52.0,0.4,0.0,0.0,0.11,0.29,0.07,0.11,0.04,0.14,0.11,75.0,0.0,0.04,0.0,1.55,0.18,0.43,0,0.8,0.0,0.07,0.0,0.0,0.11,0.29,0.33,0.0,2.49,33.84,28.28,5.57,83.55,8.46,20.79,12.4,0.98,22.69,0.76,63.64,34,29,2489,0.04,0.0,0.72,1.34,14.14,1.45,4.7,45.14,4.3,50.64,0.4,20.75
14,986355,Serie A,24/25,Venezia,Filip Stanković,Goalkeeper,7.28,0.0,0.0,0.0,0.0,0.0,0.0,0.0,0.0,0.0,0.0,0.0,0.0,0.0,0.0,0.0,0.0,0.0,0.0,0.0,0.0,0.0,0.0,0.0,0.0,0.0,1.38,0,0.0,0.0,0.13,0.0,0.0,0.0,0.0,0.0,0.0,0.0,30.33,21.12,9.21,69.63,19.08,2.04,0.39,0.0,0.0,5.2,37.26,16,16,1368,0.07,0.0,0.0,0.07,9.28,0.0,0.39,100.0,0.07,100.0,0.33,100.0
15,332155,Serie A,24/25,SSC Napoli,Amir Rrahmani,Defender,7.27,0.03,0.08,0.03,0.74,0.11,0.5,3.57,0.11,66.67,0.03,0.0,0.03,0.0,0.0,0.0,0.0,0.0,0.0,0.0,0.0,0.0,0.0,0.0,1.03,0.71,4.68,0,0.24,0.03,0.03,0.0,0.03,0.48,0.05,0.08,0.0,0.29,73.17,66.61,6.55,91.04,41.93,24.68,6.87,0.0,0.0,4.39,59.07,38,38,3406,0.05,0.0,1.11,0.42,7.06,0.16,4.84,62.03,1.45,49.55,3.38,69.57
16,889259,Serie A,24/25,SSC Napoli,Khvicha Kvaratskhelia,Forward,7.27,0.38,0.31,0.15,3.79,1.29,1.21,10.0,1.44,31.15,0.23,0.15,0.0,0.08,0.3,0.08,0.0,0.0,0.08,0.08,100.0,0.0,0.23,0.0,1.14,0.3,0.23,0,0.83,0.0,0.0,0.0,0.0,0.08,0.38,0.23,0.08,2.2,29.95,24.95,5.0,83.29,6.75,19.26,11.45,1.06,27.45,1.82,70.59,17,15,1187,0.08,0.0,0.91,2.5,15.47,1.59,5.38,43.83,5.0,43.42,0.38,50.0
17,879346,Serie A,24/25,SSC Napoli,Scott McTominay,Midfielder,7.27,0.37,0.23,0.24,2.33,1.01,0.67,15.79,1.19,52.7,0.34,0.03,0.09,0.03,0.24,0.09,0.15,0.03,0.0,0.0,0.0,0.0,0.06,0.0,1.32,0.73,1.53,0,0.55,0.0,0.0,0.0,0.0,0.49,0.15,0.12,0.0,0.8,27.76,23.62,4.13,85.12,11.84,11.81,6.12,0.03,9.09,1.29,68.85,34,33,2941,0.09,0.0,1.38,1.84,9.3,1.47,6.37,52.0,4.31,50.72,2.05,54.92
18,845291,Serie A,24/25,Inter,Josep Martínez,Goalkeeper,7.26,0.0,0.0,0.0,0.0,0.0,0.0,0.0,0.0,0.0,0.0,0.0,0.0,0.0,0.0,0.0,0.0,0.0,0.0,0.0,0.0,0.0,0.0,0.0,0.0,0.0,0.4,0,0.0,0.0,0.0,0.0,0.0,0.6,0.2,0.0,0.0,0.2,45.2,38.4,6.8,84.96,35.6,2.8,0.2,0.0,0.0,6.4,50.0,5,5,450,0.0,0.0,0.0,0.2,7.0,0.0,0.4,100.0,0.2,100.0,0.2,100.0
19,901891,Serie A,24/25,AS Roma,Alexis Saelemaekers,Midfielder,7.25,0.42,0.15,0.12,1.51,0.72,0.48,28.0,1.33,44.9,0.3,0.12,0.06,0.24,0.12,0.0,0.0,0.12,0.0,0.0,0.0,0.0,0.0,0.0,2.05,0.6,0.48,0,1.02,0.0,0.06,0.0,0.0,0.12,0.3,0.18,0.0,1.57,43.73,37.77,5.96,86.36,13.01,25.66,12.95,0.9,23.81,1.39,74.19,23,18,1494,0.3,0.0,0.78,1.93,14.34,0.84,5.78,57.49,5.24,56.13,0.54,75.0
20,255389,Serie A,24/25,AS Roma,Leandro Paredes,Midfielder,7.25,0.2,0.15,0.0,1.71,0.59,0.79,11.54,0.2,100.0,0.13,0.07,0.0,0.0,0.2,0.07,0.0,0.0,0.13,0.13,100.0,0.07,0.33,20.0,1.71,1.25,2.04,0,1.05,0.07,0.07,0.07,0.0,0.26,0.2,0.07,0.0,1.38,78.18,71.61,6.57,91.6,34.88,37.51,13.07,0.79,21.05,5.45,66.4,22,15,1370,0.26,0.0,0.99,1.05,10.38,0.07,3.55,61.36,2.96,59.21,0.59,75.0
21,1149011,Serie A,24/25,Juventus,Kenan Yıldız,Forward,7.25,0.26,0.16,0.15,2.28,0.86,0.64,11.48,2.21,54.63,0.22,0.04,0.04,0.15,0.07,0.04,0.15,0.0,0.0,0.0,0.0,0.0,0.0,0.0,2.02,0.19,0.3,0,0.52,0.0,0.11,0.0,0.0,0.3,0.3,0.15,0.0,2.13,36.74,31.66,5.08,86.16,9.9,22.8,13.79,1.05,24.35,0.97,61.9,35,28,2408,0.07,0.04,0.93,1.79,15.21,1.53,6.32,52.81,6.02,56.29,0.3,23.53
22,363860,Serie A,24/25,Juventus,Manuel Locatelli,Midfielder,7.25,0.06,0.06,0.0,0.79,0.29,0.32,8.0,0.25,38.1,0.03,0.03,0.0,0.0,0.06,0.0,0.03,0.0,0.03,0.03,100.0,0.0,0.0,0.0,2.28,0.73,2.28,0,0.76,0.0,0.0,0.03,0.0,0.32,0.13,0.06,0.0,0.92,75.74,67.21,8.52,88.74,29.66,37.74,18.19,0.19,25.0,5.64,67.94,36,34,2840,0.29,0.0,1.46,0.7,10.96,0.25,4.34,55.24,3.17,53.48,1.17,60.66
23,793645,Serie A,24/25,Bologna,Riccardo Orsolini,Midfielder,7.25,0.72,0.48,0.29,3.58,1.34,1.05,20.0,1.58,48.53,0.67,0.05,0.05,0.57,0.1,0.05,0.57,0.0,0.14,0.14,100.0,0.0,0.29,0.0,0.76,0.38,0.48,0,0.29,0.0,0.05,0.0,0.0,0.14,0.38,0.19,0.0,1.43,27.21,19.29,7.93,70.88,5.35,14.8,7.45,0.86,25.71,1.15,48.98,30,23,1885,0.1,0.0,1.29,2.2,15.9,1.19,5.63,52.21,4.54,52.2,1.1,52.27
24,893549,Serie A,24/25,AC Milan,Tijjani Reijnders,Midfielder,7.24,0.29,0.19,0.11,2.21,0.8,0.69,12.99,1.03,55.38,0.23,0.06,0.03,0.06,0.2,0.06,0.06,0.03,0.0,0.0,0.0,0.0,0.06,0.0,0.75,1.09,0.69,0,0.46,0.0,0.06,0.0,0.0,0.29,0.23,0.11,0.0,1.35,42.84,38.36,4.48,89.54,13.74,25.0,13.42,0.37,28.26,1.72,73.17,37,36,3132,0.06,0.03,0.8,0.63,8.68,0.92,2.56,42.79,2.41,44.68,0.14,25.0
25,284361,Serie A,24/25,Inter,Federico Dimarco,Midfielder,7.24,0.16,0.13,0.12,2.26,0.89,0.65,7.14,0.16,40.0,0.12,0.04,0.0,0.12,0.04,0.04,0.32,0.0,0.0,0.0,0.0,0.04,0.32,12.5,1.01,0.57,0.97,0,0.36,0.08,0.0,0.0,0.0,0.08,0.69,0.28,0.04,1.98,40.26,33.84,6.42,84.05,13.73,22.37,10.54,2.26,29.47,1.41,49.3,33,29,2229,0.12,0.0,0.77,0.44,13.61,0.4,1.9,45.19,1.62,47.62,0.28,35.0
26,1171451,Serie A,24/25,Como,Nico Paz,Midfielder,7.23,0.2,0.31,0.23,3.67,1.3,1.57,5.45,2.3,54.33,0.13,0.07,0.0,0.2,0.0,0.1,0.07,0.0,0.03,0.0,0.0,0.0,0.4,0.0,1.7,0.7,0.5,0,0.9,0.0,0.0,0.03,0.0,0.1,0.37,0.27,0.0,1.8,39.21,32.71,6.5,83.42,10.87,22.14,13.2,0.3,21.95,0.77,50.0,35,30,2699,0.2,0.0,1.57,1.1,15.07,1.5,6.14,48.68,5.1,47.22,1.03,57.41
27,1004790,Serie A,24/25,Parma,Jacob Ondrejka,Forward,7.23,1.05,0.27,0.21,2.94,2.1,0.21,35.71,1.26,85.71,1.05,0.0,0.0,0.42,0.63,0.0,0.0,0.0,0.0,0.0,0.0,0.0,0.42,0.0,2.52,1.47,0.42,0,0.42,0.0,0.0,0.0,0.0,0.0,0.21,0.0,0.0,1.47,23.13,18.71,4.42,80.91,6.73,13.04,7.78,1.05,31.25,0.63,42.86,12,3,428,0.0,0.0,0.21,1.68,9.67,0.63,5.47,68.42,5.26,78.13,0.21,16.67
28,136856,Serie A,24/25,Fiorentina,Pietro Terracciano,Goalkeeper,7.23,0.0,0.0,0.0,0.0,0.0,0.0,0.0,0.0,0.0,0.0,0.0,0.0,0.0,0.0,0.0,0.0,0.0,0.0,0.0,0.0,0.0,0.0,0.0,0.0,0.0,0.0,0,0.0,0.0,0.0,0.0,0.0,0.33,0.0,0.0,0.0,0.0,25.0,19.0,6.0,76.0,17.0,2.0,0.0,0.0,0.0,3.0,33.33,3,3,270,0.0,0.0,0.0,0.0,6.33,0.0,0.0,0.0,0.0,0.0,0.0,0.0
29,892979,Serie A,24/25,Udinese,Oumar Solet,Defender,7.23,0.05,0.05,0.05,0.65,0.38,0.27,8.33,1.34,83.33,0.0,0.05,0.0,0.0,0.05,0.0,0.0,0.0,0.0,0.0,0.0,0.0,0.05,0.0,1.77,0.91,4.03,0,0.48,0.11,0.11,0.0,0.0,0.32,0.05,0.11,0.0,0.91,58.87,52.58,6.29,89.32,36.99,15.7,5.32,0.11,22.22,5.27,66.67,19,19,1674,0.05,0.05,0.91,0.75,8.66,0.59,4.95,60.13,3.87,64.29,1.08,48.78
30,913762,Serie A,24/25,Lazio,Christos Mandas,Goalkeeper,7.22,0.0,0.0,0.0,0.0,0.0,0.0,0.0,0.0,0.0,0.0,0.0,0.0,0.0,0.0,0.0,0.0,0.0,0.0,0.0,0.0,0.0,0.0,0.0,0.0,0.0,0.78,0,0.0,0.0,0.0,0.0,0.0,0.44,0.0,0.0,0.0,0.0,33.0,22.89,10.11,69.36,19.22,3.67,1.67,0.0,0.0,6.89,41.61,9,9,810,0.0,0.0,0.0,0.33,10.67,0.11,1.0,81.82,0.33,75.0,0.67,85.71
31,826188,Serie A,24/25,Inter,Alessandro Bastoni,Defender,7.21,0.04,0.03,0.04,0.48,0.07,0.33,7.69,0.26,58.33,0.04,0.0,0.04,0.0,0.0,0.0,0.04,0.0,0.0,0.0,0.0,0.0,0.0,0.0,1.71,0.82,1.71,0,0.37,0.0,0.04,0.0,0.0,0.19,0.26,0.19,0.0,1.0,75.64,68.47,7.18,90.51,39.76,29.75,13.13,1.04,43.75,5.1,57.81,33,31,2420,0.15,0.04,1.64,1.45,10.97,0.19,5.06,60.99,3.35,58.82,1.71,65.71
32,1087359,Serie A,24/25,Juventus,Renato Veiga,Defender,7.21,0.0,0.08,0.08,0.99,0.41,0.41,0.0,0.08,100.0,0.0,0.0,0.0,0.0,0.0,0.0,0.08,0.0,0.0,0.0,0.0,0.0,0.08,0.0,1.4,1.56,6.5,0,0.41,0.0,0.0,0.0,0.0,0.33,0.0,0.08,0.0,0.16,46.73,41.13,5.59,88.03,28.46,12.67,4.52,0.0,0.0,2.14,42.62,13,12,1094,0.16,0.0,0.74,0.16,5.76,0.0,3.87,66.2,1.65,60.61,2.22,71.05
33,1082406,Serie A,24/25,AS Roma,Matías Soulé,Forward,7.21,0.25,0.15,0.2,2.1,0.7,0.8,11.9,1.75,39.33,0.1,0.15,0.0,0.2,0.05,0.1,0.05,0.0,0.0,0.0,0.0,0.05,0.05,100.0,1.3,0.45,1.1,0,0.65,0.0,0.0,0.0,0.0,0.15,0.45,0.25,0.0,2.55,41.52,36.27,5.25,87.35,10.11,27.77,16.11,1.6,36.36,1.1,59.46,27,22,1799,0.15,0.0,0.6,1.8,16.11,1.6,5.35,45.73,4.85,47.32,0.5,34.48
34,148824,Serie A,24/25,Udinese,Florian Thauvin,Forward,7.2,0.37,0.4,0.23,2.47,1.23,0.55,14.81,1.78,45.35,0.32,0.05,0.05,0.32,0.0,0.09,0.14,0.0,0.14,0.05,33.33,0.0,0.14,0.0,0.91,0.32,0.37,0,0.68,0.0,0.0,0.0,0.0,0.18,0.41,0.14,0.0,1.78,29.04,22.79,6.26,78.46,7.31,17.21,9.32,1.74,22.62,1.74,60.32,25,24,1971,0.0,0.0,0.46,1.23,19.41,1.74,4.16,43.13,3.93,43.88,0.23,33.33
35,330705,Serie A,24/25,Fiorentina,Antonín Barák,Midfielder,7.2,0.0,0.13,0.0,3.27,3.27,0.0,0.0,0.0,0.0,0.0,0.0,0.0,0.0,0.0,0.0,0.0,0.0,0.0,0.0,0.0,0.0,0.0,0.0,3.27,0.0,0.0,0,3.27,0.0,0.0,0.0,0.0,0.0,0.0,0.0,0.0,4.91,31.09,27.82,3.27,89.47,11.45,16.36,11.45,0.0,0.0,0.0,0.0,1,1,55,0.0,0.0,0.0,0.0,8.18,0.0,3.27,33.33,3.27,40.0,0.0,0.0
36,823984,Serie A,24/25,Inter,Lautaro Martínez,Forward,7.2,0.42,0.47,0.66,3.56,1.19,1.75,11.76,0.59,40.48,0.38,0.03,0.07,0.17,0.17,0.07,0.77,0.0,0.0,0.0,0.0,0.0,0.0,0.0,1.05,0.35,0.52,0,0.42,0.0,0.0,0.0,0.0,0.14,0.31,0.1,0.0,1.29,21.34,16.34,4.99,76.6,5.2,11.21,6.85,0.07,15.38,1.01,76.32,31,31,2577,0.03,0.0,1.43,1.47,11.0,1.89,4.33,43.06,3.07,41.51,1.26,47.37
37,788027,Serie A,24/25,AC Milan,Theo Hernández,Defender,7.2,0.13,0.09,0.07,1.47,0.57,0.47,9.09,0.8,51.06,0.13,0.0,0.0,0.13,0.0,0.0,0.1,0.03,0.03,0.0,0.0,0.0,0.1,0.0,1.2,0.57,2.07,0,0.6,0.0,0.1,0.03,0.0,0.23,0.27,0.1,0.0,1.57,45.0,39.39,5.61,87.54,17.59,22.73,11.12,0.93,25.23,1.1,42.31,33,30,2696,0.13,0.03,0.57,1.44,11.42,0.67,4.67,59.83,3.44,56.91,1.24,69.81
38,877013,Serie A,24/25,Lazio,Valentín Castellanos,Forward,7.19,0.38,0.52,0.56,4.06,1.54,1.65,9.26,0.6,45.71,0.38,0.0,0.0,0.04,0.34,0.11,0.64,0.04,0.11,0.08,66.67,0.0,0.11,0.0,0.49,0.23,0.9,0,0.34,0.0,0.0,0.0,0.0,0.11,0.26,0.11,0.04,1.05,19.13,13.45,5.67,70.33,4.06,9.54,5.97,0.15,16.0,0.34,47.37,29,28,2395,0.3,0.04,1.43,1.58,10.63,1.09,5.22,47.28,2.63,43.75,2.59,51.49
39,363856,Serie A,24/25,Inter,Nicolò Barella,Midfielder,7.19,0.11,0.08,0.04,1.53,0.32,0.71,6.98,0.82,46.0,0.04,0.07,0.0,0.04,0.07,0.04,0.14,0.0,0.0,0.0,0.0,0.0,0.04,0.0,1.78,0.43,0.57,0,1.18,0.0,0.04,0.0,0.0,0.14,0.21,0.21,0.04,2.0,61.1,52.02,9.09,85.13,20.59,32.03,16.64,0.61,25.0,3.24,63.64,33,29,2526,0.14,0.0,0.89,1.18,15.04,1.5,4.7,46.64,3.74,45.45,0.96,51.92
40,865646,Serie A,24/25,Atalanta,Marco Carnesecchi,Goalkeeper,7.19,0.0,0.0,0.0,0.0,0.0,0.0,0.0,0.0,0.0,0.0,0.0,0.0,0.0,0.0,0.0,0.0,0.0,0.0,0.0,0.0,0.0,0.0,0.0,0.0,0.0,1.21,0,0.0,0.0,0.06,0.0,0.0,0.38,0.03,0.0,0.0,0.03,26.53,18.68,7.85,70.4,16.29,2.38,0.44,0.0,0.0,4.76,37.94,34,34,3060,0.03,0.0,0.0,0.15,7.97,0.0,0.35,100.0,0.12,100.0,0.24,100.0
41,793986,Serie A,24/25,AS Roma,Mile Svilar,Goalkeeper,7.19,0.0,0.0,0.0,0.03,0.0,0.03,0.0,0.0,0.0,0.0,0.0,0.0,0.0,0.0,0.0,0.0,0.0,0.0,0.0,0.0,0.0,0.0,0.0,0.0,0.0,0.55,0,0.0,0.03,0.03,0.0,0.0,0.42,0.0,0.0,0.0,0.0,33.89,25.82,8.08,76.16,23.42,2.39,0.58,0.0,0.0,4.63,36.59,38,38,3420,0.03,0.0,0.0,0.21,8.13,0.03,0.37,87.5,0.18,87.5,0.18,87.5
42,851284,Serie A,24/25,AC Milan,Rafael Leão,Forward,7.19,0.31,0.28,0.31,2.55,1.12,0.62,12.12,2.28,50.0,0.31,0.0,0.04,0.04,0.23,0.0,0.27,0.04,0.0,0.0,0.0,0.0,0.0,0.0,0.62,0.23,0.15,0,0.7,0.0,0.0,0.0,0.0,0.12,0.39,0.31,0.0,2.24,29.78,22.94,6.84,77.04,6.8,16.8,9.73,0.66,30.91,0.97,59.52,34,25,2330,0.19,0.0,0.73,2.01,14.25,1.39,5.91,50.33,4.91,50.0,1.0,52.0
43,947954,Serie A,24/25,Cagliari,Elia Caprile,Goalkeeper,7.17,0.0,0.0,0.0,0.0,0.0,0.0,0.0,0.0,0.0,0.0,0.0,0.0,0.0,0.0,0.0,0.0,0.0,0.0,0.0,0.0,0.0,0.0,0.0,0.05,0.0,0.74,0,0.09,0.0,0.05,0.0,0.0,0.32,0.0,0.0,0.0,0.0,32.41,21.39,11.02,66.0,16.44,4.95,0.88,0.0,0.0,8.52,43.91,22,21,1944,0.0,0.0,0.0,0.28,11.2,0.0,0.56,85.71,0.23,71.43,0.32,100.0
44,153257,Serie A,24/25,SSC Napoli,Giovanni Di Lorenzo,Defender,7.17,0.08,0.08,0.05,0.57,0.16,0.32,14.29,0.11,17.39,0.05,0.03,0.0,0.05,0.03,0.05,0.14,0.0,0.0,0.0,0.0,0.0,0.0,0.0,1.78,0.84,2.08,0,0.62,0.0,0.03,0.0,0.0,0.49,0.16,0.05,0.0,1.03,50.27,42.84,7.43,85.22,20.73,22.41,11.7,0.3,17.46,1.51,49.56,37,37,3330,0.16,0.0,1.24,1.38,11.57,0.38,4.49,52.87,3.22,53.85,1.27,50.54
45,946888,Serie A,24/25,Atalanta,Éderson,Midfielder,7.16,0.12,0.13,0.09,1.22,0.37,0.59,10.26,0.72,46.94,0.12,0.0,0.03,0.0,0.09,0.0,0.0,0.0,0.0,0.0,0.0,0.0,0.0,0.0,1.62,1.09,1.06,0,0.37,0.03,0.0,0.0,0.0,0.31,0.19,0.03,0.06,1.22,60.21,52.51,7.7,87.22,21.22,31.6,16.36,0.31,43.48,3.09,63.87,37,32,2888,0.09,0.03,0.97,1.65,11.9,1.28,5.64,55.52,3.96,53.81,1.68,60.0
46,100389,Serie A,24/25,Atalanta,Marten de Roon,Midfielder,7.16,0.12,0.03,0.0,0.41,0.12,0.21,28.57,0.18,50.0,0.06,0.06,0.0,0.03,0.09,0.0,0.03,0.0,0.0,0.0,0.0,0.0,0.0,0.0,2.18,1.38,1.85,0,1.06,0.0,0.03,0.0,0.0,0.35,0.12,0.12,0.03,0.77,64.87,56.51,8.36,87.11,23.63,33.14,15.63,0.26,32.14,3.3,49.78,36,34,3058,0.15,0.0,1.41,0.65,10.21,0.26,4.36,53.62,2.97,50.5,1.38,61.84
47,69378,Serie A,24/25,Fiorentina,David De Gea,Goalkeeper,7.16,0.0,0.0,0.0,0.0,0.0,0.0,0.0,0.0,0.0,0.0,0.0,0.0,0.0,0.0,0.0,0.0,0.0,0.0,0.0,0.0,0.0,0.0,0.0,0.03,0.0,0.86,0,0.0,0.0,0.0,0.0,0.0,0.31,0.03,0.03,0.0,0.09,28.51,20.09,8.43,70.44,15.71,4.37,1.03,0.0,0.0,7.69,48.21,35,35,3150,0.03,0.0,0.0,0.06,8.69,0.0,0.26,100.0,0.09,100.0,0.17,100.0
48,870263,Serie A,24/25,SSC Napoli,Alessandro Buongiorno,Defender,7.16,0.05,0.04,0.05,0.37,0.19,0.05,12.5,0.05,25.0,0.05,0.0,0.05,0.0,0.0,0.05,0.05,0.0,0.0,0.0,0.0,0.0,0.0,0.0,1.82,1.64,3.41,0,0.37,0.0,0.09,0.0,0.0,0.47,0.05,0.0,0.0,0.23,59.44,54.11,5.33,91.04,35.65,18.46,4.02,0.0,0.0,1.87,47.62,22,22,1926,0.09,0.0,0.79,0.98,6.68,0.37,4.86,64.6,2.76,62.11,2.1,68.18
49,855829,Serie A,24/25,Bologna,Juan Miranda,Defender,7.14,0.0,0.03,0.0,0.86,0.2,0.31,0.0,0.27,36.84,0.0,0.0,0.0,0.0,0.0,0.0,0.08,0.0,0.0,0.0,0.0,0.0,0.24,0.0,1.26,0.9,1.73,0,0.75,0.0,0.04,0.0,0.0,0.27,0.39,0.24,0.04,2.28,56.53,46.39,10.14,82.07,22.63,26.01,13.95,2.24,27.01,3.89,44.39,31,25,2291,0.16,0.04,1.02,1.3,19.68,0.31,4.24,52.94,2.79,52.99,1.45,52.86
50,98059,Serie A,24/25,Genoa,Nicola Leali,Goalkeeper,7.14,0.0,0.0,0.0,0.0,0.0,0.0,0.0,0.0,0.0,0.0,0.0,0.0,0.0,0.0,0.0,0.0,0.0,0.0,0.0,0.0,0.0,0.0,0.0,0.0,0.0,1.0,0,0.0,0.0,0.03,0.0,0.03,0.34,0.0,0.0,0.0,0.0,28.41,19.28,9.14,67.84,15.31,3.97,0.93,0.0,0.0,6.17,40.77,29,29,2610,0.03,0.0,0.03,0.21,9.34,0.0,0.41,100.0,0.07,100.0,0.34,100.0
51,839156,Serie A,24/25,Lecce,Nikola Krstović,Forward,7.14,0.32,0.35,0.26,4.02,1.23,1.99,8.03,0.5,28.33,0.26,0.06,0.03,0.09,0.21,0.12,0.59,0.0,0.09,0.06,66.67,0.03,0.18,16.67,0.53,0.21,0.7,0,0.26,0.0,0.0,0.0,0.0,0.09,0.15,0.15,0.0,0.88,18.66,12.44,6.22,66.67,4.34,8.16,5.02,0.06,25.0,0.65,56.41,37,37,3068,0.18,0.0,1.67,1.61,11.5,1.17,5.31,40.58,2.55,39.73,2.76,41.41
52,911848,Serie A,24/25,Como,Lucas Da Cunha,Midfielder,7.13,0.1,0.07,0.0,1.27,0.48,0.31,8.11,0.41,41.38,0.03,0.07,0.0,0.07,0.03,0.0,0.03,0.0,0.0,0.0,0.0,0.0,0.1,0.0,1.54,0.58,0.99,0,0.65,0.03,0.0,0.0,0.0,0.17,0.24,0.07,0.07,1.95,54.55,47.93,6.62,87.87,21.63,27.5,13.44,1.2,34.31,2.23,62.5,36,30,2625,0.14,0.0,0.72,0.99,10.94,0.55,3.5,51.52,2.95,55.13,0.55,38.1
53,934384,Serie A,24/25,Parma,Adrián Bernabé,Midfielder,7.12,0.06,0.08,0.06,1.66,0.31,0.68,3.7,0.92,53.57,0.0,0.06,0.0,0.06,0.0,0.06,0.0,0.0,0.0,0.0,0.0,0.0,0.43,0.0,1.79,0.43,1.36,0,1.11,0.0,0.06,0.0,0.0,0.0,0.06,0.06,0.06,1.42,58.58,50.21,8.38,85.7,21.81,28.77,13.8,0.37,20.69,4.37,65.74,21,18,1461,0.06,0.0,0.55,2.22,12.44,0.86,5.17,59.57,4.87,59.85,0.31,55.56
54,1493689,Serie A,24/25,Como,Assane Diao,Forward,7.12,0.57,0.26,0.0,2.0,0.93,0.43,28.57,1.36,35.19,0.57,0.0,0.07,0.14,0.36,0.0,0.43,0.0,0.0,0.0,0.0,0.0,0.0,0.0,1.79,0.21,0.93,0,1.15,0.0,0.0,0.0,0.0,0.07,0.07,0.07,0.0,0.57,20.55,17.04,3.51,82.93,5.08,11.96,7.16,0.0,0.0,0.36,83.33,15,14,1257,0.14,0.0,1.43,3.51,13.53,2.72,7.8,43.25,6.52,45.5,1.29,34.62
55,937324,Serie A,24/25,Lazio,Nicolò Rovella,Midfielder,7.12,0.0,0.05,0.07,0.92,0.26,0.4,0.0,0.59,75.0,0.0,0.0,0.0,0.0,0.0,0.0,0.07,0.0,0.0,0.0,0.0,0.0,0.07,0.0,2.77,1.55,1.39,0,1.25,0.07,0.03,0.0,0.0,0.1,0.2,0.1,0.0,1.02,66.94,60.93,6.0,91.03,31.47,29.69,10.69,0.23,18.92,3.46,60.69,33,31,2728,0.43,0.0,1.42,1.09,8.51,0.46,4.82,55.3,4.45,57.94,0.36,35.48
56,151003,Serie A,24/25,Atalanta,Berat Djimsiti,Defender,7.12,0.03,0.09,0.2,0.68,0.14,0.41,5.0,0.03,50.0,0.03,0.0,0.03,0.0,0.0,0.03,0.0,0.0,0.0,0.0,0.0,0.0,0.0,0.0,1.8,1.36,4.68,0,0.37,0.03,0.03,0.03,0.03,0.24,0.07,0.07,0.0,0.37,56.44,49.72,6.72,88.09,29.83,19.99,7.13,0.1,27.27,1.97,48.74,34,32,2652,0.2,0.0,0.78,0.71,7.53,0.03,5.6,63.71,2.51,67.89,3.09,60.67
57,1090374,Serie A,24/25,Lecce,Kialonda Gaspar,Defender,7.12,0.0,0.05,0.0,0.67,0.04,0.5,0.0,0.34,80.0,0.0,0.0,0.0,0.0,0.0,0.08,0.0,0.0,0.0,0.0,0.0,0.0,0.0,0.0,1.43,1.34,5.46,0,0.21,0.0,0.04,0.04,0.0,0.25,0.08,0.04,0.0,0.25,38.51,33.43,5.08,86.8,25.45,8.02,1.93,0.04,33.33,2.77,53.66,24,24,2143,0.13,0.0,0.38,0.84,5.96,0.04,6.38,71.36,2.39,78.08,3.99,67.86
58,944327,Serie A,24/25,Bologna,Dan Ndoye,Midfielder,7.12,0.33,0.29,0.29,2.18,0.84,0.75,15.38,1.55,46.25,0.33,0.0,0.0,0.04,0.29,0.08,0.54,0.04,0.08,0.08,100.0,0.0,0.0,0.0,1.09,0.38,0.17,0,0.5,0.0,0.0,0.0,0.0,0.08,0.33,0.17,0.0,1.13,26.82,21.05,5.77,78.47,5.4,15.82,10.13,0.17,9.09,0.92,55.0,30,26,2151,0.17,0.0,0.96,4.23,15.15,1.92,7.45,55.45,6.82,57.19,0.63,41.67
59,35428,Serie A,24/25,Lazio,Pedro,Forward,7.11,0.82,0.44,0.25,3.21,1.48,1.07,25.64,1.32,59.26,0.82,0.0,0.08,0.33,0.41,0.08,0.08,0.0,0.16,0.16,100.0,0.0,0.0,0.0,1.56,0.25,0.25,0,0.91,0.0,0.08,0.0,0.0,0.0,0.25,0.08,0.08,1.89,43.64,37.96,5.68,86.98,13.17,26.1,13.83,1.32,24.62,1.73,70.0,30,6,1093,0.25,0.0,1.4,1.98,14.49,1.73,4.94,48.0,4.86,50.0,0.08,14.29
60,126816,Serie A,24/25,Inter,Francesco Acerbi,Defender,7.11,0.0,0.02,0.0,0.26,0.05,0.16,0.0,0.16,75.0,0.0,0.0,0.0,0.0,0.0,0.0,0.11,0.0,0.0,0.0,0.0,0.0,0.0,0.0,1.21,1.37,4.15,0,0.32,0.0,0.0,0.0,0.0,0.21,0.11,0.05,0.0,0.53,67.05,62.17,4.88,92.72,40.33,22.26,6.41,0.42,80.0,2.31,56.41,23,20,1714,0.0,0.0,0.58,0.95,5.62,0.11,5.51,67.74,2.26,68.25,3.26,67.39
61,877201,Serie A,24/25,Como,Gabriel Strefezza,Midfielder,7.11,0.21,0.12,0.07,1.98,0.75,0.72,10.34,1.23,52.17,0.14,0.07,0.0,0.07,0.14,0.03,0.07,0.0,0.0,0.0,0.0,0.0,0.07,0.0,1.95,0.44,0.85,0,1.16,0.0,0.0,0.0,0.0,0.03,0.17,0.14,0.0,1.95,34.88,28.62,6.26,82.06,9.4,20.28,11.46,1.06,25.2,1.16,52.31,37,32,2632,0.17,0.0,1.57,2.43,14.33,1.81,5.95,47.93,5.61,50.0,0.34,28.57
62,1142256,Serie A,24/25,Bologna,Estanis Pedrola,Forward,7.1,0.0,0.79,0.0,22.5,0.0,11.25,0.0,22.5,66.67,0.0,0.0,0.0,0.0,0.0,0.0,0.0,0.0,0.0,0.0,0.0,0.0,0.0,0.0,0.0,0.0,0.0,0,0.0,0.0,0.0,0.0,0.0,0.0,0.0,0.0,0.0,22.5,90.0,78.75,11.25,87.5,0.0,78.75,56.25,0.0,0.0,0.0,0.0,1,0,8,0.0,0.0,11.25,0.0,22.5,0.0,22.5,50.0,22.5,50.0,0.0,0.0
63,960441,Serie A,24/25,Atalanta,Charles De Ketelaere,Forward,7.1,0.3,0.32,0.43,2.08,0.91,0.74,14.58,1.86,48.86,0.3,0.0,0.13,0.17,0.0,0.09,0.09,0.0,0.0,0.0,0.0,0.0,0.0,0.0,0.56,0.13,0.39,0,0.48,0.04,0.0,0.0,0.0,0.0,0.52,0.3,0.04,1.73,39.22,31.08,8.14,79.25,7.27,24.37,15.37,0.56,23.21,1.17,61.36,36,25,2079,0.04,0.0,0.95,1.69,17.01,2.16,5.67,44.41,4.07,42.92,1.6,48.68
64,259281,Serie A,24/25,Torino,Alberto Paleari,Goalkeeper,7.1,0.0,0.0,0.0,0.0,0.0,0.0,0.0,0.0,0.0,0.0,0.0,0.0,0.0,0.0,0.0,0.0,0.0,0.0,0.0,0.0,0.0,0.0,0.0,0.0,0.0,2.0,0,0.0,0.0,0.0,0.0,0.0,0.0,0.0,0.0,0.0,0.0,27.0,23.0,4.0,85.19,16.0,7.0,0.0,0.0,0.0,9.0,69.23,1,1,90,0.0,0.0,0.0,1.0,4.0,0.0,1.0,100.0,0.0,0.0,1.0,100.0
65,16206,Serie A,24/25,Inter,Yann Sommer,Goalkeeper,7.09,0.0,0.0,0.0,0.0,0.0,0.0,0.0,0.0,0.0,0.0,0.0,0.0,0.0,0.0,0.0,0.0,0.0,0.0,0.0,0.0,0.0,0.0,0.0,0.0,0.0,0.67,0,0.0,0.0,0.03,0.0,0.0,0.39,0.0,0.0,0.0,0.0,36.03,31.24,4.79,86.71,29.73,1.52,0.3,0.0,0.0,4.85,51.28,33,33,2970,0.0,0.0,0.0,0.03,5.0,0.0,0.15,100.0,0.03,100.0,0.12,100.0
66,889785,Serie A,24/25,Genoa,Johan Vásquez,Defender,7.09,0.09,0.07,0.06,1.07,0.24,0.53,8.33,0.15,71.43,0.09,0.0,0.06,0.0,0.03,0.03,0.03,0.03,0.0,0.0,0.0,0.0,0.03,0.0,1.66,1.48,4.29,0,0.53,0.0,0.03,0.03,0.0,0.27,0.0,0.0,0.0,0.21,51.59,43.92,7.67,85.14,33.12,10.86,3.23,0.06,28.57,2.49,39.07,36,34,3041,0.27,0.0,0.92,0.95,8.88,0.15,5.5,58.68,2.72,62.16,2.78,55.62
67,360396,Serie A,24/25,Cagliari,Yerry Mina,Defender,7.08,0.03,0.08,0.17,0.91,0.28,0.38,3.85,0.1,60.0,0.03,0.0,0.03,0.0,0.0,0.03,0.07,0.0,0.0,0.0,0.0,0.0,0.0,0.0,2.31,1.29,5.42,0,0.42,0.03,0.07,0.0,0.0,0.17,0.03,0.0,0.0,0.14,48.35,41.61,6.74,86.05,31.48,10.17,3.28,0.03,100.0,1.96,41.48,31,31,2576,0.14,0.03,1.4,2.03,8.07,0.45,7.72,65.38,4.33,66.31,3.39,64.24
68,965008,Serie A,24/25,Empoli,Sebastiano Esposito,Forward,7.08,0.31,0.22,0.04,2.35,0.81,0.69,13.11,1.11,48.33,0.31,0.0,0.08,0.04,0.19,0.04,0.38,0.08,0.08,0.04,50.0,0.0,0.38,0.0,2.19,0.46,0.35,0,0.65,0.0,0.0,0.0,0.0,0.0,0.12,0.0,0.0,1.38,25.84,16.49,9.34,63.84,4.54,12.3,7.34,0.35,16.36,1.11,43.94,33,27,2341,0.04,0.0,1.81,2.15,17.95,1.92,6.46,46.15,5.42,50.18,1.04,32.53
69,965893,Serie A,24/25,AC Milan,Strahinja Pavlović,Defender,7.08,0.1,0.09,0.0,0.82,0.39,0.19,11.76,0.19,50.0,0.1,0.0,0.05,0.0,0.0,0.0,0.1,0.05,0.0,0.0,0.0,0.0,0.05,0.0,2.5,0.77,3.76,0,1.01,0.0,0.0,0.0,0.0,0.34,0.1,0.05,0.0,0.29,64.91,57.78,7.13,89.02,36.79,21.09,6.65,0.1,20.0,2.26,42.73,24,21,1869,0.14,0.05,0.96,0.87,9.15,0.19,5.73,63.3,3.56,61.67,2.17,66.18
70,191210,Serie A,24/25,AC Milan,Mike Maignan,Goalkeeper,7.08,0.0,0.0,0.0,0.0,0.0,0.0,0.0,0.03,100.0,0.0,0.0,0.0,0.0,0.0,0.0,0.0,0.0,0.0,0.0,0.0,0.0,0.0,0.0,0.0,0.0,0.68,0,0.03,0.05,0.03,0.03,0.0,0.33,0.03,0.0,0.0,0.14,37.53,31.79,5.74,84.72,29.01,2.79,0.93,0.0,0.0,5.57,50.12,37,37,3295,0.05,0.0,0.03,0.19,5.9,0.0,0.33,85.71,0.22,80.0,0.11,100.0
71,256667,Serie A,24/25,Lecce,Wladimiro Falcone,Goalkeeper,7.08,0.0,0.0,0.0,0.0,0.0,0.0,0.0,0.0,0.0,0.0,0.0,0.0,0.0,0.0,0.0,0.0,0.0,0.0,0.0,0.0,0.0,0.0,0.0,0.0,0.0,1.32,0,0.0,0.03,0.05,0.03,0.0,0.24,0.0,0.0,0.0,0.0,28.29,16.16,12.13,57.12,11.53,4.63,1.08,0.0,0.0,6.55,35.42,38,38,3420,0.05,0.0,0.03,0.26,12.37,0.0,0.63,96.0,0.18,87.5,0.45,100.0
72,848355,Serie A,24/25,AS Roma,Angeliño,Midfielder,7.08,0.06,0.03,0.06,0.65,0.14,0.2,8.7,0.31,50.0,0.06,0.0,0.0,0.06,0.0,0.0,0.14,0.03,0.0,0.0,0.0,0.0,0.0,0.0,1.3,0.79,2.46,0,0.48,0.0,0.0,0.0,0.0,0.37,0.2,0.03,0.03,1.44,45.69,37.48,8.21,82.03,18.12,20.38,9.65,1.02,31.03,2.63,46.27,38,36,3179,0.03,0.0,0.91,0.93,13.45,0.25,3.4,55.56,2.52,56.33,0.88,53.45
73,383314,Serie A,24/25,Cagliari,Paulo Azzi,Midfielder,7.07,0.0,0.11,0.21,1.69,0.63,0.84,0.0,1.69,66.67,0.0,0.0,0.0,0.0,0.0,0.0,0.0,0.0,0.0,0.0,0.0,0.0,0.0,0.0,2.32,1.05,2.32,0,0.84,0.0,0.0,0.0,0.0,0.21,0.21,0.0,0.0,1.05,29.51,22.13,7.38,75.0,11.38,11.8,4.22,1.05,22.73,1.26,42.86,6,5,427,0.42,0.0,1.05,0.63,13.91,0.84,5.9,56.0,4.64,56.41,1.26,54.55
74,195850,Serie A,24/25,Genoa,Ruslan Malinovskyi,Midfielder,7.07,0.0,0.06,0.0,2.11,0.7,0.94,0.0,0.7,75.0,0.0,0.0,0.0,0.0,0.0,0.0,0.0,0.0,0.0,0.0,0.0,0.0,0.7,0.0,2.82,0.23,0.94,0,0.7,0.0,0.0,0.0,0.0,0.0,0.94,0.47,0.0,1.88,46.06,37.6,8.46,81.63,14.33,23.73,11.98,0.47,66.67,2.35,62.5,9,4,383,0.47,0.0,2.11,1.17,11.75,1.17,6.34,54.0,4.7,54.05,1.64,53.85
75,787941,Serie A,24/25,SSC Napoli,Frank Anguissa,Midfielder,7.07,0.19,0.14,0.09,1.39,0.41,0.54,13.64,0.79,58.14,0.16,0.03,0.09,0.09,0.0,0.09,0.06,0.03,0.0,0.0,0.0,0.0,0.0,0.0,1.32,1.1,1.26,0,0.6,0.03,0.0,0.03,0.0,0.35,0.09,0.13,0.0,0.82,46.46,39.72,6.74,85.49,16.98,22.84,10.68,0.09,13.04,1.26,57.97,35,32,2857,0.16,0.0,1.23,1.13,10.62,1.1,5.36,51.36,3.21,48.57,2.14,56.2
76,548178,Serie A,24/25,Fiorentina,Rolando Mandragora,Midfielder,7.07,0.19,0.13,0.0,1.79,0.71,0.61,10.53,0.33,53.85,0.14,0.05,0.0,0.19,0.0,0.14,0.09,0.0,0.05,0.05,100.0,0.0,0.28,0.0,1.08,0.8,2.45,0,0.8,0.0,0.05,0.0,0.0,0.14,0.47,0.14,0.09,1.55,41.21,32.98,8.23,80.02,15.67,18.07,7.67,0.75,40.0,2.35,40.98,29,22,1913,0.33,0.0,0.99,1.83,10.73,0.19,3.9,56.46,3.25,58.97,0.66,46.67
77,852404,Serie A,24/25,Lazio,Mattéo Guendouzi,Midfielder,7.07,0.03,0.04,0.03,0.74,0.25,0.22,3.7,0.41,60.0,0.03,0.0,0.0,0.0,0.03,0.05,0.03,0.0,0.0,0.0,0.0,0.0,0.0,0.0,1.02,0.88,1.24,0,0.74,0.0,0.05,0.03,0.0,0.19,0.08,0.08,0.03,1.21,58.47,52.97,5.5,90.6,19.93,33.18,16.71,0.14,23.81,3.05,66.87,37,37,3274,0.22,0.0,0.77,0.96,7.67,0.49,2.89,50.24,2.39,51.48,0.49,45.0
78,865651,Serie A,24/25,SSC Napoli,Giacomo Raspadori,Forward,7.06,0.48,0.33,0.24,3.38,1.13,0.88,14.29,0.72,75.0,0.4,0.08,0.0,0.32,0.16,0.08,0.08,0.0,0.0,0.0,0.0,0.08,0.16,50.0,1.45,0.24,0.88,0,0.32,0.0,0.0,0.0,0.0,0.0,0.16,0.08,0.0,2.25,27.43,20.91,6.51,76.25,7.4,15.04,7.4,1.53,28.36,1.13,60.87,26,11,1119,0.08,0.0,0.97,1.61,13.43,0.72,4.18,57.14,3.78,62.67,0.4,31.25
79,797286,Serie A,24/25,Genoa,Aarón Martín,Defender,7.06,0.0,0.03,0.0,0.47,0.12,0.2,0.0,0.35,50.0,0.0,0.0,0.0,0.0,0.0,0.0,0.12,0.0,0.0,0.0,0.0,0.0,0.15,0.0,2.07,0.55,1.89,0,0.52,0.0,0.03,0.03,0.0,0.29,0.23,0.23,0.0,1.89,34.07,27.63,6.44,81.09,15.74,14.19,6.03,2.3,30.86,2.19,44.64,36,35,3088,0.15,0.0,1.11,0.82,15.04,0.5,3.82,52.61,3.24,56.92,0.58,37.04
80,136322,Serie A,24/25,Lazio,Elseid Hysaj,Defender,7.06,0.0,0.04,0.0,0.43,0.0,0.43,0.0,0.64,50.0,0.0,0.0,0.0,0.0,0.0,0.0,0.0,0.0,0.0,0.0,0.0,0.0,0.0,0.0,2.35,1.07,3.84,0,0.0,0.0,0.0,0.0,0.0,0.21,0.64,0.64,0.0,1.28,45.85,38.39,7.46,83.72,19.41,20.26,10.02,1.28,33.33,2.99,60.87,11,4,422,0.0,0.21,1.07,0.21,12.37,0.0,4.91,62.16,3.2,65.22,1.71,57.14
81,856123,Serie A,24/25,AC Milan,Emerson Royal,Defender,7.06,0.0,0.02,0.0,0.65,0.13,0.2,0.0,0.46,43.75,0.0,0.0,0.0,0.0,0.0,0.0,0.0,0.0,0.0,0.0,0.0,0.0,0.0,0.0,2.93,0.91,3.32,0,1.17,0.0,0.0,0.0,0.0,0.33,0.07,0.0,0.0,0.98,50.6,45.52,5.08,89.96,24.88,21.16,9.12,0.52,17.78,1.17,58.06,17,16,1382,0.33,0.0,2.21,2.08,10.68,0.65,7.03,56.25,5.41,54.25,1.63,64.1
82,79645,Serie A,24/25,Juventus,Mattia Perin,Goalkeeper,7.06,0.0,0.0,0.0,0.0,0.0,0.0,0.0,0.0,0.0,0.0,0.0,0.0,0.0,0.0,0.0,0.0,0.0,0.0,0.0,0.0,0.0,0.0,0.0,0.0,0.0,0.4,0,0.0,0.0,0.0,0.0,0.0,0.6,0.0,0.0,0.0,0.0,30.4,23.0,7.4,75.66,21.4,1.6,0.6,0.0,0.0,3.2,30.77,5,5,450,0.0,0.0,0.0,0.0,7.4,0.0,0.2,100.0,0.0,0.0,0.2,100.0
83,599114,Serie A,24/25,Como,Jean Butez,Goalkeeper,7.06,0.0,0.0,0.0,0.0,0.0,0.0,0.0,0.0,0.0,0.0,0.0,0.0,0.0,0.0,0.0,0.0,0.0,0.0,0.0,0.0,0.0,0.0,0.0,0.0,0.0,1.08,0,0.11,0.0,0.05,0.05,0.0,0.27,0.0,0.0,0.0,0.05,35.68,26.81,8.86,75.15,23.41,3.41,1.51,0.0,0.0,6.11,41.7,19,18,1665,0.0,0.0,0.05,0.11,8.92,0.0,0.43,72.73,0.11,40.0,0.32,100.0
84,377118,Serie A,24/25,Fiorentina,Robin Gosens,Midfielder,7.06,0.18,0.06,0.11,0.82,0.28,0.28,21.74,0.14,44.44,0.18,0.0,0.07,0.11,0.0,0.0,0.32,0.0,0.0,0.0,0.0,0.0,0.0,0.0,1.99,0.64,2.92,0,0.68,0.0,0.0,0.0,0.0,0.21,0.14,0.18,0.0,0.96,37.97,29.99,7.98,78.99,15.21,15.24,7.05,0.46,20.31,1.1,33.33,32,29,2527,0.21,0.0,0.85,0.82,12.64,0.18,5.48,61.6,2.92,60.74,2.56,62.61
85,235672,Serie A,24/25,SSC Napoli,Matteo Politano,Midfielder,7.06,0.1,0.1,0.06,1.78,0.45,0.67,5.36,1.02,47.06,0.1,0.0,0.0,0.1,0.0,0.03,0.19,0.03,0.0,0.0,0.0,0.0,0.03,0.0,0.92,0.41,1.3,0,0.89,0.0,0.03,0.0,0.0,0.06,0.25,0.13,0.0,1.78,31.79,25.49,6.3,80.18,7.83,19.29,10.82,1.62,22.27,1.11,47.3,37,34,2828,0.1,0.0,0.45,0.99,15.88,0.76,3.12,44.95,2.93,47.92,0.19,23.08
86,37151,Serie A,24/25,Inter,Henrikh Mkhitaryan,Midfielder,7.06,0.04,0.06,0.07,0.86,0.07,0.45,4.35,0.26,26.92,0.04,0.0,0.0,0.04,0.0,0.04,0.19,0.0,0.0,0.0,0.0,0.0,0.0,0.0,1.61,0.63,1.23,0,0.93,0.0,0.0,0.0,0.0,0.22,0.22,0.15,0.04,1.12,55.46,49.11,6.35,88.55,16.99,32.41,17.07,0.3,33.33,2.17,81.69,32,30,2410,0.15,0.0,1.23,0.9,9.49,0.56,3.62,48.5,2.73,44.79,0.9,64.86
87,253369,Serie A,24/25,Hellas Verona,Simone Perilli,Goalkeeper,7.05,0.0,0.0,0.0,0.0,0.0,0.0,0.0,0.0,0.0,0.0,0.0,0.0,0.0,0.0,0.0,0.0,0.0,0.0,0.0,0.0,0.0,0.0,0.0,0.0,0.0,1.0,0,0.0,0.0,0.0,0.0,0.0,0.0,0.0,0.0,0.0,0.0,23.0,5.5,17.5,23.91,2.0,3.5,0.5,0.0,0.0,4.5,20.45,2,2,180,0.0,0.0,0.0,0.0,18.0,0.0,0.5,100.0,0.0,0.0,0.5,100.0
88,16632,Serie A,24/25,AS Roma,Mats Hummels,Defender,7.05,0.0,0.05,0.1,0.78,0.1,0.59,0.0,0.39,66.67,0.0,0.0,0.0,0.0,0.0,0.0,0.0,0.0,0.0,0.0,0.0,0.0,0.0,0.0,2.94,2.55,4.22,0,0.69,0.0,0.0,0.0,0.1,0.49,0.0,0.0,0.0,0.2,42.55,38.04,4.51,89.4,24.12,13.92,2.45,0.0,0.0,2.06,60.0,14,11,918,0.1,0.0,0.88,0.39,5.0,0.1,5.98,64.21,3.73,67.86,2.25,58.97
89,904832,Serie A,24/25,Juventus,Khéphren Thuram,Midfielder,7.05,0.15,0.13,0.12,1.39,0.42,0.65,11.11,1.5,58.21,0.12,0.04,0.0,0.08,0.08,0.08,0.0,0.0,0.0,0.0,0.0,0.0,0.0,0.0,1.69,0.54,1.42,0,0.54,0.0,0.08,0.0,0.0,0.15,0.31,0.19,0.0,0.96,52.68,47.1,5.58,89.4,21.99,25.15,11.4,0.04,7.69,1.58,62.12,35,26,2337,0.19,0.0,1.39,0.85,9.4,0.89,5.12,50.57,4.04,51.22,1.08,48.28
90,859024,Serie A,24/25,Fiorentina,Yacine Adli,Midfielder,7.05,0.28,0.07,0.0,0.99,0.35,0.35,28.57,0.85,42.86,0.21,0.07,0.0,0.0,0.28,0.0,0.0,0.0,0.0,0.0,0.0,0.0,0.14,0.0,2.26,0.42,1.34,0,1.55,0.0,0.0,0.0,0.0,0.07,0.42,0.42,0.0,1.62,57.55,49.3,8.25,85.66,19.89,30.4,12.98,0.99,22.22,5.36,64.41,26,15,1276,0.07,0.07,0.63,1.41,15.16,0.56,4.87,49.29,4.51,53.78,0.35,23.81
91,986352,Serie A,24/25,Fiorentina,Edoardo Bove,Midfielder,7.05,0.1,0.06,0.0,0.71,0.2,0.31,14.29,0.71,50.0,0.1,0.0,0.0,0.0,0.1,0.0,0.0,0.1,0.0,0.0,0.0,0.0,0.0,0.0,2.44,0.61,0.61,0,1.43,0.0,0.0,0.0,0.0,0.31,0.1,0.2,0.0,1.12,34.11,28.4,5.7,83.28,10.69,17.71,8.55,0.0,0.0,1.43,58.33,12,11,884,0.31,0.0,1.63,2.14,9.47,1.12,6.41,50.0,5.19,52.04,1.22,42.86
92,1651825,Serie A,24/25,Lecce,Tiago Gabriel,Defender,7.05,0.0,0.0,0.0,0.0,0.0,0.0,0.0,0.0,0.0,0.0,0.0,0.0,0.0,0.0,0.0,0.0,0.0,0.0,0.0,0.0,0.0,0.0,0.0,0.0,0.0,10.53,0,0.0,0.0,0.0,0.0,0.0,0.0,0.0,0.0,0.0,0.0,38.3,33.51,4.79,87.5,22.98,10.53,2.87,0.0,0.0,3.83,80.0,2,0,94,0.0,0.0,0.0,0.0,4.79,0.0,4.79,83.33,0.0,0.0,4.79,83.33
93,848287,Serie A,24/25,AS Roma,Evan Ndicka,Defender,7.04,0.0,0.03,0.0,0.47,0.13,0.21,0.0,0.0,0.0,0.0,0.0,0.0,0.0,0.0,0.0,0.03,0.0,0.0,0.0,0.0,0.0,0.0,0.0,0.84,0.87,3.82,0,0.18,0.0,0.05,0.0,0.0,0.42,0.05,0.03,0.0,0.21,65.37,60.26,5.11,92.19,41.84,18.42,4.71,0.0,0.0,2.24,44.97,38,38,3420,0.05,0.0,0.97,0.61,5.84,0.08,3.05,54.46,1.42,53.47,1.63,55.36
94,1116570,Serie A,24/25,Hellas Verona,Nicolás Valentini,Defender,7.04,0.0,0.03,0.0,0.64,0.0,0.24,0.0,0.16,100.0,0.0,0.0,0.0,0.0,0.0,0.0,0.0,0.0,0.0,0.0,0.0,0.0,0.0,0.0,2.78,1.19,7.23,0,0.87,0.0,0.0,0.08,0.0,0.24,0.16,0.0,0.0,0.48,36.02,24.65,11.37,68.43,14.31,10.34,4.45,0.0,0.0,3.18,32.79,14,13,1132,0.24,0.08,1.75,0.4,12.64,0.16,7.31,66.67,3.34,56.0,3.98,79.37
95,803033,Serie A,24/25,Juventus,Teun Koopmeiners,Midfielder,7.04,0.14,0.17,0.23,1.89,0.5,0.77,7.14,0.45,47.62,0.14,0.0,0.0,0.09,0.05,0.05,0.14,0.0,0.0,0.0,0.0,0.0,0.09,0.0,1.44,0.36,1.04,0,0.9,0.05,0.05,0.0,0.0,0.32,0.05,0.14,0.05,1.76,36.82,32.31,4.51,87.76,12.93,20.64,10.1,1.26,24.78,0.9,62.5,28,23,1997,0.14,0.0,1.44,0.41,11.76,0.72,3.29,41.95,2.3,39.23,0.99,50.0
96,965828,Serie A,24/25,Lazio,Mario Gila,Defender,7.04,0.03,0.03,0.0,0.49,0.13,0.23,6.67,0.13,33.33,0.03,0.0,0.03,0.0,0.0,0.0,0.0,0.0,0.0,0.0,0.0,0.0,0.0,0.0,1.81,0.92,3.61,0,0.62,0.1,0.03,0.0,0.03,0.23,0.03,0.0,0.0,0.49,66.7,61.35,5.35,91.98,37.29,24.09,7.39,0.03,16.67,4.17,67.91,32,31,2742,0.26,0.0,1.05,0.98,6.7,0.23,5.09,54.77,2.89,57.89,2.2,51.15
97,871706,Serie A,24/25,Juventus,Randal Kolo Muani,Forward,7.04,0.62,0.36,0.31,2.01,1.08,0.39,30.77,1.39,42.86,0.62,0.0,0.08,0.08,0.46,0.0,0.46,0.0,0.08,0.08,100.0,0.0,0.0,0.0,0.85,0.31,0.15,0,0.08,0.0,0.0,0.0,0.0,0.15,0.15,0.08,0.0,1.31,15.93,11.6,4.33,72.82,3.79,7.81,5.1,0.0,0.0,0.15,100.0,16,13,1164,0.0,0.0,2.09,1.55,12.06,1.78,4.56,36.88,3.79,39.84,0.77,27.03
98,91046,Serie A,24/25,Inter,Stefan de Vrij,Defender,7.04,0.16,0.06,0.05,0.68,0.16,0.21,23.08,0.16,37.5,0.16,0.0,0.05,0.05,0.05,0.0,0.0,0.0,0.0,0.0,0.0,0.0,0.0,0.0,0.94,1.2,4.61,0,0.16,0.0,0.0,0.0,0.0,0.37,0.0,0.0,0.0,0.05,73.35,68.43,4.92,93.29,45.5,22.93,4.24,0.0,0.0,1.78,53.13,26,18,1719,0.1,0.0,0.47,0.26,5.45,0.05,4.76,61.9,1.36,59.09,3.4,63.11
99,905351,Serie A,24/25,Parma,Zion Suzuki,Goalkeeper,7.03,0.0,0.0,0.0,0.0,0.0,0.0,0.0,0.0,0.0,0.0,0.0,0.0,0.0,0.0,0.0,0.0,0.0,0.0,0.0,0.0,0.0,0.0,0.0,0.03,0.0,1.44,0,0.03,0.0,0.11,0.03,0.0,0.19,0.0,0.0,0.0,0.0,35.59,22.51,13.09,63.23,17.62,4.89,2.33,0.0,0.0,6.79,34.34,37,37,3315,0.0,0.03,0.08,0.16,13.28,0.0,0.54,83.33,0.11,57.14,0.43,94.12
100,186855,Serie A,24/25,AS Roma,Bryan Cristante,Midfielder,7.03,0.18,0.09,0.13,1.32,0.31,0.53,13.33,0.26,50.0,0.09,0.09,0.09,0.0,0.09,0.0,0.0,0.0,0.0,0.0,0.0,0.0,0.0,0.0,2.11,0.84,1.49,0,0.48,0.0,0.04,0.0,0.0,0.35,0.13,0.09,0.04,0.79,55.97,46.74,9.23,83.5,19.04,27.79,11.43,0.09,13.33,2.55,52.73,30,23,2047,0.35,0.0,1.63,0.4,11.91,0.57,5.45,49.8,2.68,47.66,2.77,52.07
101,38162,Serie A,24/25,Torino,Duván Zapata,Forward,7.03,0.46,0.51,0.61,3.21,1.53,0.92,14.29,0.15,12.5,0.46,0.0,0.31,0.0,0.15,0.0,0.31,0.0,0.0,0.0,0.0,0.0,0.0,0.0,1.07,0.31,1.07,0,0.46,0.0,0.0,0.0,0.0,0.15,0.15,0.0,0.0,1.38,18.49,12.84,5.65,69.42,5.04,8.25,5.81,0.46,100.0,0.76,83.33,7,7,589,0.15,0.0,1.53,1.22,9.63,1.22,5.5,39.13,2.44,37.21,3.06,40.82
102,835601,Serie A,24/25,Fiorentina,Moise Kean,Forward,7.03,0.63,0.64,0.73,3.49,1.69,1.26,18.1,1.46,47.31,0.6,0.03,0.1,0.1,0.43,0.1,1.89,0.0,0.07,0.03,50.0,0.0,0.0,0.0,0.23,0.2,0.86,0,0.03,0.0,0.03,0.03,0.0,0.13,0.13,0.1,0.0,0.63,10.36,7.44,2.92,71.79,2.72,4.78,2.62,0.07,22.22,0.3,75.0,32,31,2710,0.2,0.0,1.36,1.73,10.0,1.76,5.11,44.9,3.39,42.15,1.73,51.49
103,759520,Serie A,24/25,Inter,Denzel Dumfries,Midfielder,7.03,0.32,0.24,0.23,1.66,0.88,0.37,19.44,0.6,31.71,0.32,0.0,0.14,0.05,0.14,0.14,0.28,0.09,0.0,0.0,0.0,0.0,0.0,0.0,1.15,0.28,1.01,0,0.6,0.0,0.05,0.0,0.0,0.23,0.28,0.09,0.0,0.97,28.88,22.14,6.74,76.68,8.4,14.39,7.61,0.65,24.56,0.78,48.57,29,20,1951,0.18,0.0,2.49,0.83,13.93,0.65,5.21,48.09,2.58,35.9,2.63,72.15
104,805078,Serie A,24/25,SSC Napoli,Mathías Olivera,Defender,7.03,0.0,0.04,0.04,0.61,0.08,0.46,0.0,0.19,35.71,0.0,0.0,0.0,0.0,0.0,0.0,0.08,0.04,0.0,0.0,0.0,0.0,0.0,0.0,2.39,1.06,2.51,0,0.8,0.0,0.04,0.0,0.0,0.34,0.08,0.08,0.0,0.95,52.53,45.13,7.4,85.91,25.13,20.19,8.5,0.19,22.73,1.75,47.92,32,26,2371,0.15,0.0,1.06,0.84,10.59,0.49,4.97,55.51,3.42,56.96,1.56,52.56
105,893752,Serie A,24/25,Monza,Stefano Turati,Goalkeeper,7.02,0.0,0.0,0.0,0.0,0.0,0.0,0.0,0.0,0.0,0.0,0.0,0.0,0.0,0.0,0.0,0.0,0.0,0.0,0.0,0.0,0.0,0.0,0.0,0.0,0.0,0.84,0,0.03,0.07,0.0,0.0,0.0,0.07,0.0,0.0,0.0,0.0,31.84,21.48,10.35,67.48,16.98,4.51,1.14,0.0,0.0,7.06,40.86,30,30,2677,0.03,0.0,0.0,0.4,10.52,0.0,0.5,88.24,0.13,80.0,0.37,91.67
106,787505,Serie A,24/25,Inter,Benjamin Pavard,Defender,7.02,0.0,0.03,0.0,0.45,0.06,0.17,0.0,0.0,0.0,0.0,0.0,0.0,0.0,0.0,0.0,0.11,0.0,0.0,0.0,0.0,0.0,0.0,0.0,1.65,0.91,2.84,0,0.4,0.0,0.0,0.0,0.0,0.34,0.17,0.06,0.0,0.45,63.58,58.52,5.06,92.05,34.26,24.38,9.66,0.11,18.18,2.39,58.33,23,18,1584,0.23,0.0,1.02,0.51,6.14,0.06,4.43,57.35,2.16,60.32,2.27,54.79
107,208988,Serie A,24/25,Fiorentina,Pablo Marí,Defender,7.02,0.0,0.01,0.0,0.23,0.03,0.07,0.0,0.2,85.71,0.0,0.0,0.0,0.0,0.0,0.0,0.0,0.0,0.0,0.0,0.0,0.0,0.0,0.0,1.32,2.05,5.84,0,0.5,0.0,0.07,0.03,0.0,0.2,0.03,0.0,0.0,0.13,56.73,51.45,5.28,90.69,38.05,13.4,3.2,0.0,0.0,2.81,47.75,32,31,2727,0.13,0.03,1.35,0.33,5.97,0.23,4.19,56.95,1.85,47.06,2.34,68.27
108,226974,Serie A,24/25,Como,Marc Kempf,Defender,7.02,0.0,0.05,0.07,0.69,0.14,0.38,0.0,0.14,80.0,0.0,0.0,0.0,0.0,0.0,0.03,0.0,0.0,0.0,0.0,0.0,0.0,0.0,0.0,1.03,1.13,4.54,0,0.38,0.03,0.1,0.0,0.0,0.21,0.07,0.0,0.0,0.34,58.22,51.14,7.08,87.83,35.28,15.89,5.23,0.03,25.0,2.58,44.91,31,30,2617,0.14,0.03,0.72,0.69,8.18,0.17,5.57,67.78,1.82,60.92,3.75,71.71
109,826195,Serie A,24/25,AC Milan,Matteo Gabbia,Defender,7.02,0.08,0.04,0.04,0.58,0.17,0.29,14.29,0.04,100.0,0.08,0.0,0.08,0.0,0.0,0.0,0.04,0.04,0.0,0.0,0.0,0.0,0.0,0.0,0.87,0.62,4.16,0,0.08,0.0,0.04,0.0,0.0,0.33,0.0,0.0,0.0,0.08,59.68,54.6,5.08,91.49,39.4,15.24,3.96,0.04,50.0,3.0,54.14,26,24,2161,0.17,0.0,0.83,0.25,5.54,0.04,3.12,57.25,1.08,56.52,2.04,57.65
110,1001997,Serie A,24/25,Udinese,Răzvan Sava,Goalkeeper,7.02,0.0,0.0,0.0,0.0,0.0,0.0,0.0,0.0,0.0,0.0,0.0,0.0,0.0,0.0,0.0,0.0,0.0,0.0,0.0,0.0,0.0,0.0,0.0,0.0,0.0,1.0,0,0.0,0.0,0.17,0.08,0.0,0.33,0.0,0.0,0.0,0.0,30.5,21.0,9.5,68.85,17.75,3.25,0.92,0.0,0.0,4.58,32.93,12,12,1080,0.08,0.0,0.08,0.08,9.92,0.0,0.08,33.33,0.08,50.0,0.0,0.0
111,150383,Serie A,24/25,SSC Napoli,Stanislav Lobotka,Midfielder,7.01,0.0,0.01,0.0,0.24,0.0,0.17,0.0,0.27,72.73,0.0,0.0,0.0,0.0,0.0,0.0,0.0,0.0,0.0,0.0,0.0,0.0,0.0,0.0,1.6,0.71,1.87,0,0.41,0.03,0.0,0.03,0.0,0.27,0.03,0.03,0.0,0.58,59.67,54.33,5.34,91.05,29.1,25.3,9.69,0.07,100.0,2.79,73.87,32,31,2647,0.1,0.0,0.82,1.05,6.46,0.41,3.13,62.16,2.92,63.24,0.2,50.0
112,822518,Serie A,24/25,Fiorentina,Dodô,Midfielder,7.01,0.0,0.04,0.09,0.78,0.17,0.35,0.0,1.5,53.06,0.0,0.0,0.0,0.0,0.0,0.0,0.09,0.06,0.0,0.0,0.0,0.0,0.0,0.0,1.27,1.01,1.47,0,0.69,0.0,0.06,0.0,0.0,0.26,0.23,0.14,0.0,1.04,38.78,31.77,7.01,81.92,16.76,15.99,6.55,0.98,23.61,1.7,44.7,35,35,3119,0.23,0.0,0.69,1.76,15.7,0.75,4.88,55.59,4.5,56.93,0.38,43.33
113,840414,Serie A,24/25,Empoli,Ardian Ismajli,Defender,7.01,0.0,0.01,0.04,0.18,0.0,0.14,0.0,0.0,0.0,0.0,0.0,0.0,0.0,0.0,0.0,0.0,0.0,0.0,0.0,0.0,0.0,0.0,0.0,1.08,2.01,8.82,0,0.14,0.0,0.11,0.0,0.0,0.18,0.0,0.0,0.0,0.07,35.96,31.23,4.73,86.84,25.17,6.06,0.54,0.0,0.0,2.12,48.36,29,29,2510,0.11,0.0,0.75,1.04,5.16,0.11,4.88,62.39,2.04,67.06,2.83,59.4
114,844609,Serie A,24/25,Juventus,Michele Di Gregorio,Goalkeeper,7.01,0.0,0.0,0.0,0.0,0.0,0.0,0.0,0.0,0.0,0.0,0.0,0.0,0.0,0.0,0.0,0.0,0.0,0.0,0.0,0.0,0.0,0.0,0.0,0.0,0.03,0.88,0,0.0,0.0,0.0,0.0,0.0,0.42,0.03,0.0,0.0,0.03,26.3,19.36,6.94,73.62,16.36,3.0,0.97,0.0,0.0,5.09,42.75,33,33,2970,0.0,0.0,0.0,0.21,7.06,0.0,0.42,93.33,0.09,100.0,0.33,91.67
115,815202,Serie A,24/25,Venezia,Ionuț Radu,Goalkeeper,7.01,0.0,0.0,0.0,0.0,0.0,0.0,0.0,0.07,100.0,0.0,0.0,0.0,0.0,0.0,0.0,0.0,0.0,0.0,0.0,0.0,0.0,0.0,0.0,0.0,0.0,0.87,0,0.0,0.0,0.0,0.0,0.0,0.27,0.0,0.0,0.0,0.0,32.13,17.07,15.07,53.11,13.4,3.67,1.4,0.0,0.0,5.87,28.39,15,15,1350,0.07,0.0,0.0,0.07,15.47,0.0,0.2,100.0,0.07,100.0,0.13,100.0
116,898815,Serie A,24/25,Bologna,Sam Beukema,Defender,7.01,0.0,0.04,0.06,0.45,0.15,0.24,0.0,0.03,100.0,0.0,0.0,0.0,0.0,0.0,0.0,0.06,0.0,0.0,0.0,0.0,0.0,0.0,0.0,1.61,0.9,3.13,0,0.57,0.0,0.0,0.03,0.0,0.33,0.03,0.03,0.0,0.3,62.55,54.22,8.33,86.69,33.54,20.77,7.1,0.09,37.5,3.34,45.53,35,33,3016,0.03,0.0,0.84,1.07,9.19,0.24,5.49,59.74,2.57,64.18,2.92,56.32
117,47743,Serie A,24/25,Atalanta,Juan Cuadrado,Midfielder,7.0,0.0,0.1,0.33,1.75,0.44,0.87,0.0,1.85,58.62,0.0,0.0,0.0,0.0,0.0,0.22,0.0,0.11,0.0,0.0,0.0,0.0,0.0,0.0,2.07,0.76,0.65,0,1.31,0.0,0.0,0.0,0.0,0.11,0.33,0.22,0.0,2.07,52.8,45.05,7.75,85.33,12.76,33.6,18.76,1.31,21.43,3.16,69.05,23,7,825,0.33,0.0,0.98,2.95,17.78,1.09,8.18,61.48,6.87,60.0,1.31,70.59
118,929199,Serie A,24/25,Inter,Carlos Augusto,Defender,7.0,0.16,0.16,0.16,1.31,0.38,0.6,12.5,0.38,58.33,0.16,0.0,0.11,0.05,0.0,0.05,0.16,0.0,0.0,0.0,0.0,0.0,0.0,0.0,1.58,0.49,2.61,0,0.38,0.0,0.0,0.0,0.0,0.33,0.22,0.11,0.0,0.49,61.09,54.99,6.1,90.02,32.34,22.92,8.93,0.27,25.0,1.47,55.1,29,15,1653,0.05,0.0,0.54,0.65,9.91,0.71,5.72,60.0,2.56,57.32,3.16,62.37
119,944973,Serie A,24/25,Lazio,Nuno Tavares,Defender,7.0,0.0,0.06,0.11,1.48,0.27,0.8,0.0,2.6,53.26,0.0,0.0,0.0,0.0,0.0,0.05,0.05,0.0,0.0,0.0,0.0,0.0,0.27,0.0,1.48,1.11,1.75,0,1.06,0.05,0.05,0.05,0.0,0.05,0.53,0.42,0.0,1.75,41.08,34.56,6.52,84.13,14.47,21.89,9.91,1.8,26.98,1.27,61.54,23,22,1698,0.11,0.05,0.95,1.59,18.18,1.7,6.25,49.17,5.67,49.08,0.58,50.0
120,917048,Serie A,24/25,Juventus,Andrea Cambiaso,Midfielder,7.0,0.08,0.03,0.04,0.69,0.24,0.2,11.76,1.09,60.0,0.0,0.08,0.0,0.08,0.0,0.0,0.24,0.0,0.0,0.0,0.0,0.0,0.0,0.0,1.86,0.65,0.81,0,0.69,0.04,0.16,0.0,0.0,0.36,0.16,0.12,0.0,1.38,58.77,53.71,5.06,91.39,27.95,26.33,12.6,0.57,21.21,2.07,82.26,33,25,2222,0.16,0.0,1.13,0.93,11.3,0.85,4.13,51.78,3.85,53.07,0.28,38.89
121,826185,Serie A,24/25,Atalanta,Raoul Bellanova,Midfielder,7.0,0.0,0.04,0.11,0.69,0.18,0.36,0.0,0.76,46.67,0.0,0.0,0.0,0.0,0.0,0.07,0.0,0.0,0.0,0.0,0.0,0.0,0.0,0.0,0.87,0.65,1.37,0,0.32,0.0,0.0,0.0,0.0,0.29,0.43,0.32,0.0,1.26,34.41,28.97,5.45,84.17,12.48,17.75,9.13,1.26,21.74,1.12,47.69,35,28,2495,0.11,0.0,0.58,1.26,13.17,0.4,3.75,56.52,2.85,58.09,0.9,52.08
122,142148,Serie A,24/25,Atalanta,Sead Kolašinac,Defender,6.99,0.0,0.04,0.05,0.47,0.14,0.33,0.0,0.14,20.0,0.0,0.0,0.0,0.0,0.0,0.05,0.14,0.0,0.0,0.0,0.0,0.0,0.0,0.0,1.93,1.18,2.45,0,0.66,0.0,0.05,0.0,0.05,0.28,0.24,0.09,0.0,0.8,58.52,51.55,6.97,88.08,26.53,25.12,11.21,0.09,20.0,1.13,40.68,23,23,1910,0.33,0.0,1.79,0.94,9.66,0.75,4.62,48.51,2.97,45.0,1.65,56.45
123,78893,Serie A,24/25,SSC Napoli,Romelu Lukaku,Forward,6.99,0.44,0.41,0.28,2.01,0.75,0.47,21.88,0.19,25.0,0.44,0.0,0.03,0.38,0.03,0.06,0.75,0.0,0.13,0.09,75.0,0.0,0.03,0.0,0.13,0.03,0.53,0,0.09,0.0,0.0,0.0,0.0,0.03,0.25,0.31,0.0,1.1,15.46,11.01,4.45,71.2,3.32,7.75,5.17,0.06,50.0,0.16,50.0,36,35,2870,0.13,0.0,1.47,1.13,8.53,1.66,2.76,33.98,1.44,28.57,1.32,42.86
124,971005,Serie A,24/25,Bologna,Nicolò Cambiaghi,Forward,6.99,0.15,0.11,0.15,2.05,0.59,0.73,7.14,1.61,57.89,0.15,0.0,0.0,0.15,0.0,0.15,0.0,0.15,0.0,0.0,0.0,0.0,0.0,0.0,2.35,0.29,0.29,0,0.73,0.0,0.0,0.0,0.0,0.0,0.44,0.44,0.15,1.91,28.29,24.04,4.25,84.97,6.45,19.35,9.67,1.76,25.53,0.44,60.0,18,4,614,0.0,0.0,1.32,4.98,15.39,1.61,9.38,62.14,8.94,66.3,0.44,27.27
125,1128063,Serie A,24/25,Juventus,Federico Gatti,Defender,6.99,0.04,0.1,0.08,1.02,0.37,0.37,4.0,0.28,58.33,0.04,0.0,0.0,0.0,0.04,0.0,0.04,0.04,0.0,0.0,0.0,0.0,0.0,0.0,1.14,0.73,3.09,0,0.41,0.0,0.08,0.0,0.0,0.37,0.04,0.0,0.0,0.28,59.09,56.24,2.85,95.18,40.67,15.58,3.21,0.0,0.0,0.94,51.11,30,26,2213,0.08,0.0,0.81,0.77,4.03,0.33,3.7,56.88,2.2,56.25,1.5,57.81
126,98212,Serie A,24/25,Bologna,Charalampos Lykogiannis,Defender,6.99,0.0,0.02,0.0,0.51,0.17,0.09,0.0,0.34,66.67,0.0,0.0,0.0,0.0,0.0,0.0,0.17,0.0,0.0,0.0,0.0,0.0,0.17,0.0,1.97,0.94,3.09,0,0.86,0.0,0.09,0.0,0.0,0.0,0.34,0.34,0.0,1.63,44.14,35.14,9.0,79.61,18.94,18.86,8.83,2.66,29.25,2.23,38.24,17,12,1050,0.26,0.0,0.86,0.6,18.51,0.26,5.14,61.22,2.91,57.63,2.23,66.67
127,122848,Serie A,24/25,Torino,Cristiano Biraghi,Defender,6.99,0.06,0.03,0.0,0.84,0.17,0.45,6.67,0.06,14.29,0.0,0.06,0.0,0.06,0.0,0.0,0.11,0.0,0.0,0.0,0.0,0.06,0.34,16.67,1.12,0.67,2.76,0,0.67,0.0,0.0,0.0,0.06,0.23,0.39,0.0,0.0,1.74,43.59,36.34,7.26,83.35,18.96,19.57,8.49,2.19,28.47,1.97,37.63,23,18,1600,0.06,0.0,0.73,1.07,15.58,0.11,2.81,52.08,2.08,53.62,0.73,48.15
128,611210,Serie A,24/25,AS Roma,Gianluca Mancini,Defender,6.99,0.06,0.05,0.06,0.63,0.2,0.31,9.09,0.03,20.0,0.06,0.0,0.06,0.0,0.0,0.03,0.17,0.0,0.0,0.0,0.0,0.0,0.0,0.0,1.2,1.0,2.83,0,0.4,0.0,0.0,0.0,0.0,0.4,0.03,0.0,0.0,0.4,54.62,47.63,6.98,87.21,29.8,18.03,6.53,0.2,21.21,2.49,42.44,37,36,3144,0.23,0.0,1.4,0.97,8.56,0.23,3.92,55.92,2.18,51.35,1.75,62.89
129,901325,Serie A,24/25,Juventus,Nicolás González,Midfielder,6.98,0.15,0.2,0.2,2.28,1.06,0.86,6.67,0.86,36.17,0.1,0.05,0.0,0.1,0.05,0.15,0.3,0.0,0.0,0.0,0.0,0.0,0.0,0.0,1.22,0.46,1.82,0,0.81,0.0,0.1,0.0,0.0,0.2,0.1,0.1,0.0,0.96,29.75,23.01,6.74,77.34,8.72,14.34,8.61,0.05,6.67,0.81,51.61,26,23,1776,0.15,0.0,1.52,2.03,12.11,0.76,7.09,51.09,4.05,48.48,3.04,55.05
130,125407,Serie A,24/25,AC Milan,Álvaro Morata,Forward,6.98,0.41,0.32,0.33,2.2,0.81,0.98,18.52,0.49,46.15,0.41,0.0,0.08,0.0,0.33,0.08,0.9,0.0,0.0,0.0,0.0,0.0,0.0,0.0,1.3,0.41,0.41,0,0.24,0.0,0.0,0.0,0.0,0.16,0.24,0.0,0.0,0.57,20.77,16.29,4.48,78.43,6.43,10.02,5.13,0.16,15.38,0.9,68.75,16,13,1105,0.41,0.0,2.04,1.47,9.2,1.3,4.4,43.2,3.18,43.33,1.22,42.86
131,58351,Serie A,24/25,Udinese,Christian Kabasele,Defender,6.98,0.15,0.12,0.08,1.16,0.31,0.7,13.33,0.08,100.0,0.15,0.0,0.08,0.0,0.08,0.08,0.0,0.0,0.0,0.0,0.0,0.0,0.0,0.0,1.32,1.08,5.57,0,0.23,0.0,0.08,0.15,0.0,0.08,0.0,0.0,0.0,0.46,43.03,36.76,6.27,85.43,24.45,12.3,4.88,0.0,0.0,3.64,55.29,16,12,1163,0.0,0.0,1.55,1.24,7.35,0.23,5.34,61.06,2.63,59.65,2.71,62.5
132,851671,Serie A,24/25,AC Milan,João Félix,Forward,6.97,0.23,0.3,0.47,3.4,0.94,1.64,6.9,1.76,50.0,0.12,0.12,0.0,0.0,0.23,0.23,0.23,0.0,0.0,0.0,0.0,0.12,0.12,100.0,0.7,0.12,1.06,0,1.17,0.0,0.0,0.0,0.0,0.0,0.35,0.0,0.0,1.17,33.68,28.28,5.4,83.97,9.27,19.01,11.26,0.0,0.0,1.29,57.89,15,8,767,0.35,0.0,1.41,3.52,11.5,1.06,6.81,52.73,5.98,53.13,0.82,50.0
133,592794,Serie A,24/25,SSC Napoli,Alex Meret,Goalkeeper,6.97,0.0,0.0,0.0,0.0,0.0,0.0,0.0,0.0,0.0,0.0,0.0,0.0,0.0,0.0,0.0,0.0,0.0,0.0,0.0,0.0,0.0,0.0,0.0,0.0,0.0,0.72,0,0.0,0.0,0.0,0.03,0.03,0.48,0.0,0.0,0.0,0.0,33.08,27.96,5.12,84.52,25.87,2.1,0.27,0.0,0.0,4.7,49.53,34,34,3006,0.0,0.0,0.03,0.12,5.21,0.0,0.3,90.91,0.06,66.67,0.24,100.0
134,814882,Serie A,24/25,Bologna,Nikola Moro,Midfielder,6.97,0.0,0.04,0.0,1.03,0.15,0.44,0.0,0.51,63.64,0.0,0.0,0.0,0.0,0.0,0.07,0.0,0.0,0.0,0.0,0.0,0.0,0.07,0.0,2.56,0.95,1.17,0,0.81,0.0,0.0,0.0,0.0,0.07,0.07,0.15,0.0,1.46,56.24,46.43,9.81,82.55,18.67,28.49,14.28,0.73,30.3,4.69,64.65,22,15,1229,0.07,0.0,1.61,0.66,13.03,0.29,4.98,54.84,3.73,56.04,1.24,51.52
135,965330,Serie A,24/25,Juventus,Pierre Kalulu,Defender,6.97,0.04,0.03,0.0,0.27,0.12,0.08,14.29,0.15,44.44,0.04,0.0,0.0,0.04,0.0,0.04,0.08,0.0,0.0,0.0,0.0,0.0,0.0,0.0,1.58,0.66,2.47,0,0.23,0.0,0.04,0.04,0.0,0.31,0.0,0.0,0.0,0.42,78.05,73.23,4.82,93.83,48.1,25.36,8.52,0.23,27.27,2.51,63.11,29,25,2335,0.08,0.04,1.0,0.73,6.78,0.27,3.51,50.0,2.47,59.26,1.04,36.49
136,928103,Serie A,24/25,Parma,Enrico Delprato,Defender,6.97,0.12,0.06,0.0,0.37,0.15,0.18,33.33,0.06,66.67,0.12,0.0,0.03,0.03,0.06,0.0,0.0,0.0,0.0,0.0,0.0,0.0,0.0,0.0,1.01,0.58,3.6,0,0.21,0.0,0.06,0.0,0.0,0.21,0.06,0.0,0.0,0.43,41.67,35.8,5.87,85.92,23.49,12.43,4.58,0.12,25.0,1.86,40.67,34,32,2946,0.24,0.0,0.61,0.52,8.03,0.09,2.75,55.21,1.56,62.96,1.19,47.56
137,918440,Serie A,24/25,Genoa,Morten Frendrup,Midfielder,6.97,0.06,0.05,0.0,0.87,0.26,0.41,6.67,0.29,47.62,0.06,0.0,0.0,0.03,0.03,0.0,0.03,0.0,0.0,0.0,0.0,0.0,0.0,0.0,2.95,1.36,1.42,0,1.27,0.0,0.0,0.0,0.03,0.29,0.0,0.0,0.0,0.41,35.66,30.62,5.04,85.87,17.35,13.32,6.0,0.06,66.67,0.98,53.13,35,35,3107,0.14,0.0,1.48,0.9,7.53,0.7,5.01,50.88,4.11,52.59,0.9,44.29
138,893998,Serie A,24/25,Fiorentina,Luca Ranieri,Defender,6.96,0.03,0.03,0.09,0.32,0.15,0.09,9.09,0.26,50.0,0.03,0.0,0.0,0.03,0.0,0.03,0.03,0.0,0.0,0.0,0.0,0.0,0.0,0.0,1.23,0.82,4.39,0,0.15,0.03,0.0,0.03,0.0,0.29,0.06,0.09,0.0,0.47,51.71,44.63,7.08,86.31,31.74,13.05,3.69,0.15,55.56,3.71,45.85,36,35,3077,0.2,0.0,0.73,0.67,8.31,0.09,3.57,55.45,2.16,64.91,1.4,45.28
139,1012179,Serie A,24/25,Empoli,Jacopo Fazzini,Forward,6.96,0.26,0.2,0.06,1.74,0.58,0.52,14.81,1.49,54.76,0.26,0.0,0.0,0.0,0.26,0.0,0.26,0.0,0.0,0.0,0.0,0.0,0.13,0.0,2.07,0.39,1.42,0,0.65,0.0,0.0,0.0,0.0,0.0,0.06,0.06,0.0,0.78,25.13,19.51,5.62,77.63,7.11,12.53,8.27,0.13,6.25,0.39,30.0,20,16,1393,0.13,0.06,1.49,2.07,13.83,2.13,6.85,50.0,5.62,51.79,1.23,43.18
140,891656,Serie A,24/25,Udinese,Maduka Okoye,Goalkeeper,6.96,0.0,0.0,0.0,0.0,0.0,0.0,0.0,0.0,0.0,0.0,0.0,0.0,0.0,0.0,0.0,0.0,0.0,0.0,0.0,0.0,0.0,0.0,0.0,0.0,0.0,0.76,0,0.0,0.04,0.0,0.0,0.04,0.16,0.0,0.0,0.0,0.0,31.8,24.04,7.76,75.6,20.08,3.96,0.8,0.0,0.0,5.84,43.32,25,25,2250,0.04,0.0,0.0,0.04,7.88,0.0,0.32,100.0,0.04,100.0,0.28,100.0
141,822470,Serie A,24/25,AC Milan,Samuel Chukwueze,Forward,6.96,0.29,0.25,0.1,3.04,0.76,0.76,9.38,2.47,56.52,0.29,0.0,0.1,0.19,0.0,0.1,0.29,0.0,0.0,0.0,0.0,0.0,0.0,0.0,1.62,0.19,0.86,0,1.33,0.0,0.0,0.0,0.0,0.0,0.48,0.19,0.0,2.57,33.74,28.23,5.51,83.66,9.03,20.15,11.5,0.95,20.0,1.71,72.0,26,9,947,0.0,0.0,0.29,0.95,15.59,1.05,5.61,50.86,4.94,52.53,0.67,41.18
142,881931,Serie A,24/25,Juventus,Weston McKennie,Midfielder,6.96,0.08,0.11,0.16,0.85,0.31,0.19,9.09,0.78,64.52,0.08,0.0,0.04,0.0,0.04,0.0,0.04,0.0,0.0,0.0,0.0,0.0,0.0,0.0,1.28,0.54,1.4,0,0.35,0.0,0.0,0.04,0.0,0.19,0.23,0.16,0.0,1.24,38.95,33.13,5.82,85.06,13.27,19.98,11.41,0.12,15.79,0.93,64.86,32,27,2320,0.12,0.0,1.24,0.74,10.4,1.01,4.15,50.71,2.75,48.97,1.4,54.55
143,907668,Serie A,24/25,SSC Napoli,Billy Gilmour,Midfielder,6.96,0.0,0.04,0.08,0.69,0.08,0.15,0.0,0.38,55.56,0.0,0.0,0.0,0.0,0.0,0.0,0.0,0.0,0.0,0.0,0.0,0.0,0.0,0.0,1.83,0.69,1.6,0,0.61,0.0,0.0,0.0,0.0,0.15,0.08,0.08,0.0,1.6,67.84,60.59,7.26,89.3,34.3,26.97,10.85,0.69,50.0,2.67,60.34,26,13,1178,0.0,0.0,1.07,1.22,9.47,0.38,4.13,57.45,3.44,60.0,0.69,47.37
144,190437,Serie A,24/25,Atalanta,Mario Pašalić,Midfielder,6.96,0.14,0.3,0.37,2.1,0.55,0.96,6.52,0.23,29.41,0.14,0.0,0.0,0.09,0.05,0.0,0.09,0.0,0.05,0.0,0.0,0.0,0.0,0.0,1.19,0.55,1.28,0,0.69,0.0,0.05,0.0,0.0,0.14,0.18,0.18,0.0,1.46,61.66,54.39,7.27,88.21,21.21,33.32,16.18,0.14,27.27,2.65,63.74,34,23,1969,0.05,0.0,0.87,0.46,10.65,1.01,3.25,42.26,1.83,37.74,1.42,50.0
145,1089453,Serie A,24/25,Torino,Saúl Coco,Defender,6.96,0.06,0.04,0.13,0.63,0.19,0.28,10.0,0.22,77.78,0.06,0.0,0.03,0.0,0.03,0.0,0.0,0.0,0.0,0.0,0.0,0.0,0.09,0.0,1.45,1.2,4.84,0,0.35,0.03,0.09,0.0,0.03,0.28,0.0,0.0,0.0,0.03,47.99,42.49,5.5,88.54,30.47,12.04,2.88,0.03,50.0,1.99,49.61,32,32,2847,0.32,0.0,1.68,0.6,6.26,0.06,4.24,51.74,2.24,51.82,1.99,51.64
146,246319,Serie A,24/25,Hellas Verona,Ondrej Duda,Midfielder,6.96,0.04,0.04,0.0,0.94,0.19,0.45,4.0,0.94,67.57,0.0,0.04,0.0,0.0,0.04,0.0,0.0,0.0,0.0,0.0,0.0,0.04,0.19,20.0,1.72,1.16,1.05,0,1.31,0.04,0.11,0.0,0.0,0.22,0.22,0.11,0.0,1.2,41.24,34.04,7.19,82.56,16.44,18.58,7.87,0.97,29.21,2.92,54.55,28,27,2403,0.37,0.07,1.91,2.13,13.03,0.82,5.32,51.82,4.72,51.85,0.6,51.61
147,115516,Serie A,24/25,Bologna,Remo Freuler,Midfielder,6.96,0.03,0.04,0.06,0.48,0.11,0.25,5.88,0.14,41.67,0.03,0.0,0.0,0.0,0.03,0.0,0.03,0.0,0.0,0.0,0.0,0.0,0.0,0.0,2.21,1.06,1.43,0,1.29,0.0,0.03,0.0,0.0,0.2,0.06,0.06,0.0,1.01,53.26,47.16,6.1,88.54,20.22,27.08,12.63,0.14,26.32,2.1,52.45,37,37,3214,0.17,0.0,1.32,0.5,8.2,0.39,3.64,48.51,2.86,48.11,0.78,50.0
148,907152,Serie A,24/25,Bologna,Lewis Ferguson,Midfielder,6.95,0.09,0.09,0.0,0.55,0.18,0.18,16.67,0.46,71.43,0.09,0.0,0.0,0.0,0.09,0.0,0.09,0.0,0.09,0.09,100.0,0.0,0.0,0.0,2.19,0.46,0.82,0,0.64,0.0,0.0,0.0,0.0,0.18,0.18,0.09,0.0,1.28,57.56,51.17,6.4,88.89,22.29,29.06,15.08,0.18,11.11,2.38,57.78,16,10,985,0.0,0.0,2.47,1.83,10.42,0.91,5.94,52.42,4.48,52.69,1.46,51.61
149,984014,Serie A,24/25,AS Roma,Enzo Le Fée,Midfielder,6.95,0.0,0.06,0.0,1.13,0.56,0.28,0.0,1.13,66.67,0.0,0.0,0.0,0.0,0.0,0.0,0.0,0.0,0.0,0.0,0.0,0.0,0.0,0.0,1.97,1.41,0.56,0,1.13,0.0,0.0,0.0,0.0,0.28,0.0,0.0,0.0,0.85,71.38,62.63,8.75,87.75,20.31,42.88,15.8,0.56,28.57,1.69,46.15,6,4,319,0.28,0.0,1.69,1.41,13.26,1.13,5.08,47.37,4.51,50.0,0.56,33.33
150,826198,Serie A,24/25,Genoa,Andrea Pinamonti,Forward,6.95,0.31,0.25,0.13,2.49,0.94,0.91,12.66,0.35,47.83,0.28,0.03,0.09,0.03,0.19,0.13,0.5,0.0,0.03,0.0,0.0,0.0,0.06,0.0,0.31,0.03,0.88,0,0.19,0.03,0.03,0.0,0.0,0.19,0.06,0.03,0.0,0.47,20.27,13.03,7.24,64.29,6.29,6.86,3.37,0.13,23.53,0.38,44.44,36,33,2860,0.13,0.0,0.66,1.35,11.42,1.07,4.63,44.68,1.92,46.92,2.71,43.22
151,962364,Serie A,24/25,Udinese,Lorenzo Lucca,Forward,6.95,0.46,0.29,0.27,2.48,0.99,1.03,18.46,0.46,52.17,0.46,0.0,0.19,0.0,0.27,0.15,0.61,0.0,0.04,0.04,100.0,0.0,0.0,0.0,0.38,0.27,1.03,0,0.23,0.0,0.0,0.0,0.0,0.0,0.04,0.04,0.0,0.53,14.1,9.15,4.96,64.86,4.46,4.69,2.29,0.0,0.0,0.38,66.67,33,27,2361,0.38,0.0,2.48,2.1,9.49,1.11,5.18,43.45,2.94,43.26,2.25,43.7
152,795044,Serie A,24/25,Como,Patrick Cutrone,Forward,6.95,0.31,0.31,0.35,3.07,1.14,1.05,10.0,0.39,42.86,0.26,0.04,0.04,0.04,0.22,0.04,0.88,0.04,0.04,0.0,0.0,0.0,0.0,0.0,0.7,0.22,0.22,0,0.31,0.0,0.0,0.0,0.0,0.0,0.22,0.18,0.0,0.83,19.38,14.51,4.87,74.89,5.04,9.6,6.27,0.13,10.0,0.18,40.0,33,23,2053,0.04,0.0,1.01,1.23,10.61,1.14,3.33,37.07,2.32,46.49,1.01,25.27
153,823733,Serie A,24/25,AC Milan,Ismaël Bennacer,Midfielder,6.95,0.0,0.02,0.0,0.89,0.6,0.0,0.0,2.68,90.0,0.0,0.0,0.0,0.0,0.0,0.0,0.0,0.0,0.0,0.0,0.0,0.0,0.0,0.0,1.49,0.89,0.3,0,1.79,0.0,0.0,0.0,0.0,0.0,0.0,0.0,0.0,1.19,63.77,57.81,5.96,90.65,25.93,32.48,14.6,0.6,33.33,3.58,66.67,6,4,302,0.6,0.0,1.49,1.49,9.24,0.89,6.56,57.89,5.66,55.88,0.89,75.0
154,1014286,Serie A,24/25,AC Milan,Malick Thiaw,Defender,6.95,0.0,0.03,0.0,0.35,0.05,0.15,0.0,0.15,75.0,0.0,0.0,0.0,0.0,0.0,0.0,0.05,0.0,0.0,0.0,0.0,0.0,0.0,0.0,1.2,0.75,3.79,0,0.2,0.0,0.05,0.0,0.15,0.35,0.0,0.0,0.0,0.2,62.85,58.8,4.04,93.57,39.28,19.57,5.09,0.05,33.33,3.54,68.27,22,19,1803,0.1,0.0,1.2,0.3,4.94,0.1,4.09,58.57,1.65,51.56,2.45,64.47
155,892430,Serie A,24/25,Venezia,Fali Candé,Defender,6.94,0.06,0.06,0.0,0.29,0.12,0.06,20.0,0.53,100.0,0.06,0.0,0.0,0.0,0.06,0.0,0.0,0.0,0.0,0.0,0.0,0.0,0.06,0.0,1.47,0.88,5.18,0,0.41,0.06,0.06,0.0,0.0,0.24,0.12,0.06,0.06,0.29,49.88,41.12,8.76,82.43,28.0,13.18,4.35,0.06,14.29,2.65,34.88,17,17,1530,0.24,0.0,1.41,1.24,11.65,0.47,5.41,53.8,3.06,58.43,2.35,48.78
156,965264,Serie A,24/25,Bologna,Emil Holm,Defender,6.94,0.08,0.05,0.08,0.79,0.24,0.32,10.0,0.79,50.0,0.08,0.0,0.0,0.0,0.08,0.0,0.08,0.08,0.0,0.0,0.0,0.0,0.0,0.0,2.69,0.79,3.8,0,0.87,0.08,0.0,0.0,0.0,0.24,0.24,0.08,0.0,0.79,44.56,35.3,9.26,79.22,16.7,19.55,9.97,0.95,30.0,2.93,45.68,21,12,1137,0.24,0.0,1.27,1.9,18.13,1.11,7.84,58.24,5.38,57.63,2.45,59.62
157,893008,Serie A,24/25,AS Roma,Zeki Çelik,Defender,6.94,0.0,0.02,0.0,0.52,0.16,0.2,0.0,0.32,66.67,0.0,0.0,0.0,0.0,0.0,0.0,0.0,0.0,0.0,0.0,0.0,0.0,0.0,0.0,2.47,0.6,2.83,0,0.8,0.04,0.08,0.04,0.0,0.32,0.08,0.08,0.0,0.76,46.45,39.25,7.2,84.49,18.15,21.57,10.03,0.48,28.57,1.55,42.86,31,27,2261,0.2,0.0,1.23,0.4,10.99,0.32,4.38,55.28,3.18,55.94,1.19,53.57
158,906275,Serie A,24/25,Inter,Yann Bisseck,Defender,6.94,0.16,0.14,0.05,1.15,0.27,0.77,14.29,0.16,23.08,0.16,0.0,0.05,0.05,0.05,0.05,0.05,0.0,0.0,0.0,0.0,0.0,0.0,0.0,0.93,0.93,3.45,0,0.27,0.05,0.0,0.11,0.0,0.16,0.11,0.11,0.05,0.44,68.72,63.47,5.25,92.36,38.52,25.06,8.92,0.11,25.0,1.15,47.73,27,17,1645,0.22,0.0,0.88,0.49,7.6,0.38,4.16,59.84,1.53,45.16,2.63,73.85
159,980624,Serie A,24/25,Atalanta,Lazar Samardžić,Midfielder,6.94,0.16,0.16,0.0,2.58,1.02,0.55,6.06,2.11,45.76,0.08,0.08,0.0,0.16,0.0,0.08,0.08,0.0,0.0,0.0,0.0,0.0,0.23,0.0,1.64,0.16,0.23,0,1.02,0.0,0.0,0.0,0.0,0.08,0.31,0.08,0.08,2.82,49.11,41.04,8.07,83.57,9.4,32.82,21.85,1.17,25.0,3.6,77.97,31,7,1149,0.23,0.0,1.49,0.78,19.03,1.49,4.86,36.9,4.54,41.13,0.31,14.81
160,249929,Serie A,24/25,Inter,Joaquín Correa,Forward,6.94,0.24,0.26,0.12,1.71,0.73,0.49,14.29,0.73,60.0,0.24,0.0,0.0,0.0,0.24,0.24,0.24,0.0,0.0,0.0,0.0,0.0,0.0,0.0,1.35,0.0,0.73,0,1.1,0.0,0.0,0.0,0.0,0.49,0.37,0.24,0.0,1.22,42.61,37.47,5.14,87.93,11.39,26.45,15.06,0.37,37.5,1.22,83.33,19,6,735,0.37,0.0,0.98,1.71,9.18,0.61,4.53,45.68,3.8,54.39,0.73,25.0
161,965011,Serie A,24/25,Atalanta,Matteo Ruggeri,Defender,6.94,0.0,0.01,0.05,0.15,0.1,0.05,0.0,0.31,60.0,0.0,0.0,0.0,0.0,0.0,0.0,0.1,0.0,0.0,0.0,0.0,0.0,0.0,0.0,1.99,1.12,2.2,0,0.72,0.0,0.05,0.0,0.0,0.2,0.2,0.15,0.0,1.23,56.45,49.19,7.26,87.14,21.84,28.64,15.39,1.28,30.49,1.33,34.67,30,19,1760,0.1,0.0,0.61,0.26,11.71,0.2,3.73,59.84,2.56,60.98,1.18,57.5
162,979222,Serie A,24/25,Juventus,Francisco Conceição,Forward,6.94,0.2,0.16,0.13,2.68,0.87,0.67,7.5,2.35,48.61,0.2,0.0,0.0,0.2,0.0,0.13,0.27,0.07,0.0,0.0,0.0,0.0,0.07,0.0,1.54,0.4,0.34,0,1.14,0.0,0.0,0.0,0.0,0.0,0.4,0.2,0.0,1.88,31.72,27.03,4.69,85.2,9.39,18.64,10.8,1.01,24.19,0.94,70.0,26,12,1342,0.2,0.07,1.61,2.41,14.62,1.48,6.44,47.76,6.3,49.47,0.13,18.18
163,1016788,Serie A,24/25,Torino,Cesare Casadei,Midfielder,6.93,0.09,0.1,0.0,1.23,0.62,0.44,7.14,0.62,77.78,0.09,0.0,0.0,0.0,0.09,0.0,0.0,0.0,0.0,0.0,0.0,0.0,0.0,0.0,1.06,0.44,2.2,0,0.44,0.0,0.0,0.09,0.0,0.09,0.09,0.09,0.0,0.62,35.54,28.33,7.21,79.7,13.64,14.78,6.33,0.09,50.0,1.14,76.47,15,13,1023,0.09,0.0,1.41,0.88,10.03,0.79,8.18,62.42,2.55,50.88,5.63,69.57
164,317301,Serie A,24/25,Fiorentina,Danilo Cataldi,Midfielder,6.93,0.15,0.05,0.0,0.66,0.25,0.1,23.08,0.15,42.86,0.0,0.15,0.0,0.0,0.15,0.0,0.0,0.0,0.0,0.0,0.0,0.05,0.1,50.0,1.27,1.12,1.73,0,0.66,0.0,0.0,0.0,0.0,0.2,0.0,0.0,0.05,0.81,49.28,42.45,6.82,86.16,22.3,20.46,7.64,0.31,28.57,2.29,44.55,25,23,1768,0.05,0.0,0.76,1.12,9.16,0.36,2.85,56.0,2.55,56.18,0.31,54.55
165,838232,Serie A,24/25,Torino,Eljif Elmas,Midfielder,6.93,0.35,0.13,0.0,1.67,0.88,0.09,21.05,1.14,39.39,0.35,0.0,0.0,0.09,0.26,0.0,0.18,0.0,0.0,0.0,0.0,0.0,0.0,0.0,0.88,0.53,0.44,0,0.53,0.0,0.18,0.0,0.0,0.0,0.0,0.0,0.0,0.79,26.43,22.13,4.3,83.72,7.02,15.8,9.48,0.7,34.78,0.44,50.0,13,12,1025,0.0,0.0,1.14,1.23,10.45,0.88,3.42,43.82,3.25,44.05,0.18,40.0
166,363380,Serie A,24/25,Cagliari,Alen Sherri,Goalkeeper,6.93,0.0,0.0,0.0,0.0,0.0,0.0,0.0,0.0,0.0,0.0,0.0,0.0,0.0,0.0,0.0,0.0,0.0,0.0,0.0,0.0,0.0,0.0,0.0,0.14,0.14,1.45,0,0.14,0.0,0.0,0.0,0.0,0.14,0.0,0.0,0.0,0.14,29.37,20.4,8.97,69.46,17.51,2.89,0.43,0.0,0.0,5.06,36.46,7,7,622,0.0,0.0,0.0,0.0,8.97,0.0,0.14,50.0,0.14,50.0,0.0,0.0
167,357596,Serie A,24/25,Torino,Nikola Vlašić,Midfielder,6.93,0.21,0.15,0.0,1.35,0.51,0.47,15.63,1.02,53.33,0.17,0.04,0.0,0.08,0.13,0.0,0.25,0.0,0.08,0.08,100.0,0.0,0.0,0.0,1.56,0.38,0.51,0,0.76,0.0,0.0,0.0,0.0,0.13,0.13,0.17,0.0,1.35,31.04,25.55,5.5,82.29,7.19,18.57,11.0,0.21,19.23,0.68,69.57,30,23,2128,0.0,0.0,1.18,1.1,11.08,1.78,4.82,45.78,3.59,44.97,1.23,48.33
168,945616,Serie A,24/25,Lecce,Antonino Gallo,Defender,6.93,0.0,0.01,0.0,0.31,0.1,0.1,0.0,0.45,54.17,0.0,0.0,0.0,0.0,0.0,0.0,0.1,0.0,0.0,0.0,0.0,0.0,0.07,0.0,2.24,0.69,3.96,0,0.96,0.0,0.0,0.0,0.07,0.28,0.21,0.07,0.0,1.51,30.05,21.17,8.88,70.45,9.77,12.56,5.95,1.17,29.31,1.93,32.75,31,31,2615,0.1,0.03,0.41,0.55,16.62,0.48,4.13,54.3,3.24,59.49,0.89,41.27
169,227864,Serie A,24/25,Lazio,Alessio Romagnoli,Defender,6.93,0.07,0.07,0.13,0.67,0.27,0.2,10.0,0.03,33.33,0.07,0.0,0.03,0.03,0.0,0.0,0.07,0.0,0.0,0.0,0.0,0.0,0.0,0.0,1.62,0.88,3.84,0,0.17,0.03,0.0,0.0,0.0,0.13,0.0,0.0,0.0,0.3,59.04,54.29,4.75,91.96,36.08,18.21,4.51,0.0,0.0,1.88,49.12,32,31,2674,0.13,0.07,0.98,0.47,5.22,0.03,4.95,64.19,2.02,63.83,2.93,64.44
170,850993,Serie A,24/25,SSC Napoli,David Neres,Forward,6.92,0.14,0.19,0.28,2.02,0.49,0.97,6.9,2.3,47.83,0.14,0.0,0.0,0.07,0.07,0.0,0.28,0.0,0.0,0.0,0.0,0.0,0.0,0.0,1.46,0.49,0.21,0,0.35,0.0,0.0,0.0,0.0,0.14,0.42,0.28,0.0,1.81,31.44,27.06,4.38,86.06,8.97,19.68,10.85,1.6,25.0,0.35,62.5,28,13,1294,0.14,0.0,0.97,0.7,16.28,1.6,4.66,43.51,4.45,45.71,0.21,21.43
171,818481,Serie A,24/25,Bologna,Jhon Lucumí,Defender,6.92,0.0,0.02,0.03,0.45,0.07,0.28,0.0,0.34,83.33,0.0,0.0,0.0,0.0,0.0,0.03,0.0,0.0,0.0,0.0,0.0,0.0,0.0,0.0,1.83,0.9,2.86,0,0.41,0.1,0.14,0.03,0.0,0.34,0.03,0.03,0.0,0.28,69.78,63.86,5.92,91.51,41.44,22.42,5.65,0.0,0.0,4.17,59.61,32,29,2613,0.28,0.03,0.76,0.55,6.96,0.14,4.27,59.9,2.72,67.52,1.55,50.0
172,1086286,Serie A,24/25,Como,Máximo Perrone,Midfielder,6.92,0.0,0.04,0.05,0.48,0.1,0.29,0.0,0.15,37.5,0.0,0.0,0.0,0.0,0.0,0.0,0.0,0.0,0.0,0.0,0.0,0.0,0.0,0.0,1.84,0.97,2.03,0,1.21,0.0,0.0,0.0,0.0,0.1,0.1,0.15,0.05,1.5,64.44,58.63,5.81,90.98,30.26,28.37,10.46,0.0,0.0,2.13,61.97,26,20,1859,0.29,0.0,1.26,0.63,8.28,0.77,3.15,43.05,2.61,43.55,0.53,40.74
173,996820,Serie A,24/25,Inter,Kristjan Asllani,Midfielder,6.92,0.18,0.22,0.0,1.43,0.45,0.45,12.5,0.09,20.0,0.18,0.0,0.0,0.0,0.18,0.0,0.0,0.0,0.18,0.18,100.0,0.0,0.18,0.0,1.25,0.8,0.89,0,1.25,0.0,0.09,0.0,0.0,0.36,0.27,0.18,0.0,1.34,82.76,76.15,6.61,92.01,41.11,36.38,12.07,1.34,34.88,5.09,62.64,22,10,1007,0.36,0.0,0.8,1.7,10.37,0.18,3.4,54.29,3.04,54.84,0.36,50.0
174,798820,Serie A,24/25,AS Roma,Artem Dovbyk,Forward,6.92,0.44,0.45,0.41,2.33,1.0,0.78,19.05,0.26,38.89,0.44,0.0,0.04,0.33,0.07,0.11,0.81,0.0,0.07,0.07,100.0,0.0,0.0,0.0,0.15,0.07,0.44,0,0.15,0.0,0.0,0.0,0.0,0.07,0.19,0.07,0.0,0.93,15.81,11.85,3.96,74.94,3.48,8.37,5.44,0.0,0.0,0.04,100.0,32,27,2430,0.0,0.0,1.11,0.59,8.74,1.22,2.56,33.66,0.96,25.49,1.59,41.75
175,156019,Serie A,24/25,Parma,Hernani,Midfielder,6.92,0.2,0.19,0.0,1.35,0.41,0.61,15.0,0.54,53.33,0.2,0.0,0.0,0.0,0.2,0.07,0.07,0.0,0.2,0.2,100.0,0.0,0.47,0.0,3.18,1.29,0.61,0,1.56,0.0,0.07,0.0,0.0,0.0,0.2,0.2,0.0,1.69,38.74,30.41,8.33,78.5,11.92,19.1,9.41,0.61,27.27,2.57,58.46,25,15,1329,0.47,0.0,2.23,1.69,13.21,0.81,6.64,51.31,5.42,51.95,1.22,48.65
176,1031548,Serie A,24/25,Como,Alieu Fadera,Forward,6.92,0.05,0.09,0.05,1.51,0.49,0.27,3.57,1.4,43.33,0.05,0.0,0.0,0.05,0.0,0.0,0.76,0.0,0.0,0.0,0.0,0.0,0.0,0.0,3.46,0.65,0.43,0,1.35,0.0,0.0,0.0,0.0,0.11,0.32,0.16,0.05,1.3,27.16,20.95,6.21,77.14,7.72,13.66,8.21,0.43,20.51,0.65,60.0,28,20,1667,0.11,0.05,2.16,2.7,14.2,1.78,8.15,50.67,7.56,51.47,0.59,42.31
177,76132,Serie A,24/25,Parma,Milan Đurić,Forward,6.91,0.29,0.19,0.29,1.62,0.64,0.64,17.86,0.35,75.0,0.29,0.0,0.12,0.12,0.06,0.06,0.35,0.0,0.0,0.0,0.0,0.0,0.0,0.0,0.06,0.12,1.1,0,0.29,0.0,0.0,0.0,0.0,0.0,0.12,0.06,0.0,0.29,20.27,9.61,10.66,47.43,4.05,5.56,3.01,0.0,0.0,0.12,100.0,27,16,1554,0.23,0.0,1.1,1.39,12.68,0.93,11.47,65.35,1.74,46.88,9.73,70.29
178,137155,Serie A,24/25,Venezia,Joel Pohjanpalo,Forward,6.91,0.33,0.42,0.33,2.12,0.95,0.39,15.79,0.17,30.0,0.33,0.0,0.0,0.0,0.33,0.0,0.56,0.06,0.22,0.17,75.0,0.0,0.0,0.0,0.17,0.22,1.34,0,0.22,0.0,0.0,0.0,0.0,0.0,0.17,0.0,0.0,0.84,19.17,11.7,7.47,61.05,4.96,6.8,4.57,0.06,33.33,0.67,44.44,20,19,1615,0.06,0.0,0.67,0.84,10.03,0.61,3.73,42.14,1.17,38.89,2.56,43.81
179,1116577,Serie A,24/25,Bologna,Santiago Castro,Forward,6.91,0.31,0.3,0.27,2.46,0.82,1.13,12.7,0.7,45.0,0.23,0.08,0.04,0.08,0.2,0.04,0.35,0.0,0.04,0.0,0.0,0.0,0.0,0.0,0.7,0.12,0.74,0,0.43,0.0,0.0,0.0,0.04,0.08,0.16,0.16,0.0,1.09,17.22,13.43,3.79,78.0,4.53,8.94,5.31,0.04,12.5,1.21,79.49,36,27,2305,0.31,0.0,1.91,2.03,10.31,2.5,4.88,36.98,3.4,37.83,1.48,35.19
180,886930,Serie A,24/25,Udinese,Jaka Bijol,Defender,6.91,0.03,0.06,0.09,0.58,0.18,0.3,5.26,0.06,66.67,0.03,0.0,0.0,0.0,0.03,0.0,0.06,0.0,0.0,0.0,0.0,0.0,0.0,0.0,1.31,1.15,5.53,0,0.58,0.0,0.03,0.03,0.03,0.24,0.0,0.0,0.0,0.36,51.65,43.3,8.35,83.83,29.64,13.72,3.98,0.06,66.67,4.22,49.47,34,34,2964,0.33,0.03,1.49,0.24,9.11,0.06,4.92,57.04,1.58,43.33,3.34,67.07
181,826186,Serie A,24/25,Lazio,Luca Pellegrini,Defender,6.91,0.0,0.06,0.08,1.09,0.34,0.42,0.0,0.92,40.74,0.0,0.0,0.0,0.0,0.0,0.08,0.0,0.08,0.0,0.0,0.0,0.0,0.08,0.0,1.93,1.59,2.01,0,1.26,0.0,0.0,0.0,0.0,0.17,0.42,0.34,0.0,1.68,44.08,35.78,8.3,81.18,13.74,23.97,11.82,1.93,25.84,2.35,46.67,22,10,1074,0.42,0.0,1.51,0.92,18.35,0.75,4.44,45.69,3.69,44.0,0.75,56.25
182,859027,Serie A,24/25,Como,Maxence Caqueret,Midfielder,6.91,0.16,0.07,0.0,0.66,0.25,0.16,25.0,1.15,48.28,0.16,0.0,0.0,0.0,0.16,0.0,0.08,0.0,0.0,0.0,0.0,0.0,0.0,0.0,2.95,0.57,0.25,0,1.48,0.0,0.08,0.0,0.0,0.0,0.25,0.25,0.0,1.56,44.96,38.48,6.48,85.58,13.62,25.02,14.11,0.16,12.5,1.15,66.67,18,15,1097,0.33,0.0,1.39,0.9,13.21,1.39,5.25,45.71,5.0,48.03,0.25,23.08
183,974087,Serie A,24/25,AS Roma,Manu Koné,Midfielder,6.91,0.07,0.12,0.1,1.19,0.31,0.38,5.88,1.05,52.63,0.03,0.03,0.0,0.0,0.07,0.07,0.07,0.0,0.0,0.0,0.0,0.0,0.0,0.0,1.43,0.84,0.98,0,0.73,0.0,0.0,0.03,0.0,0.28,0.07,0.03,0.07,0.73,44.2,40.36,3.83,91.32,16.07,24.33,10.42,0.03,50.0,1.39,72.73,34,31,2582,0.21,0.0,0.98,3.0,8.44,1.57,6.17,53.8,5.37,56.62,0.8,40.35
184,1100836,Serie A,24/25,Juventus,Samuel Mbangula,Midfielder,6.91,0.38,0.08,0.0,1.14,0.63,0.38,33.33,1.14,40.91,0.25,0.13,0.0,0.0,0.38,0.0,0.0,0.13,0.0,0.0,0.0,0.0,0.0,0.0,1.9,0.38,0.38,0,0.76,0.0,0.0,0.0,0.0,0.13,0.25,0.38,0.0,1.9,31.31,28.01,3.3,89.47,10.14,18.63,10.14,0.76,35.29,0.51,80.0,23,7,710,0.13,0.0,0.76,1.77,9.89,1.27,5.07,48.78,4.82,52.05,0.25,22.22
185,786175,Serie A,24/25,Lecce,Federico Baschirotto,Defender,6.91,0.05,0.03,0.05,0.58,0.21,0.24,9.09,0.11,100.0,0.05,0.0,0.05,0.0,0.0,0.0,0.0,0.0,0.0,0.0,0.0,0.0,0.0,0.0,0.97,0.61,6.18,0,0.16,0.0,0.05,0.08,0.0,0.24,0.0,0.0,0.0,0.11,42.58,36.92,5.66,86.71,28.89,8.03,1.97,0.0,0.0,3.32,51.01,38,38,3420,0.08,0.0,0.82,0.18,6.32,0.03,4.0,62.3,1.24,57.32,2.76,64.81
186,789234,Serie A,24/25,Bologna,Martin Erlić,Defender,6.91,0.0,0.06,0.0,1.62,0.0,1.35,0.0,0.0,0.0,0.0,0.0,0.0,0.0,0.0,0.0,0.0,0.27,0.0,0.0,0.0,0.0,0.0,0.0,0.54,0.54,2.16,0,0.27,0.0,0.0,0.0,0.0,0.27,0.0,0.0,0.0,0.0,64.67,59.28,5.39,91.67,40.96,18.32,4.58,0.0,0.0,5.39,74.07,8,5,334,0.0,0.0,1.89,1.89,5.93,0.0,5.12,52.78,2.43,52.94,2.69,52.63
187,876259,Serie A,24/25,Venezia,Hans Nicolussi Caviglia,Midfielder,6.91,0.13,0.08,0.0,1.66,0.63,0.63,7.55,0.53,36.96,0.03,0.09,0.0,0.03,0.09,0.06,0.0,0.0,0.0,0.0,0.0,0.06,0.6,10.53,1.47,0.88,1.72,0,1.1,0.03,0.03,0.03,0.0,0.06,0.13,0.06,0.0,0.91,41.86,34.56,7.31,82.55,15.87,19.22,8.62,0.53,23.61,2.57,55.03,35,33,2870,0.16,0.03,1.57,1.22,12.57,1.16,4.08,42.9,3.2,40.64,0.88,53.85
188,857178,Serie A,24/25,Venezia,Kike Pérez,Midfielder,6.91,0.08,0.07,0.16,1.04,0.56,0.32,7.69,1.04,50.0,0.08,0.0,0.0,0.0,0.08,0.08,0.08,0.0,0.0,0.0,0.0,0.0,0.0,0.0,3.29,0.8,0.88,0,2.09,0.0,0.0,0.0,0.0,0.16,0.16,0.0,0.08,1.37,45.72,36.0,9.72,78.73,13.34,23.87,12.29,1.21,30.61,3.46,57.33,16,13,1120,0.32,0.0,2.49,1.29,17.76,1.77,6.75,43.98,5.54,43.13,1.21,48.39
189,1384847,Serie A,24/25,Hellas Verona,Daniele Ghilardi,Defender,6.9,0.0,0.03,0.0,0.53,0.18,0.22,0.0,0.09,50.0,0.0,0.0,0.0,0.0,0.0,0.0,0.0,0.0,0.0,0.0,0.0,0.0,0.0,0.0,1.95,1.33,4.52,0,0.71,0.0,0.0,0.0,0.0,0.22,0.0,0.0,0.0,0.27,33.94,27.39,6.56,80.68,17.1,10.41,3.77,0.13,30.0,1.86,35.0,24,21,2031,0.31,0.04,1.46,1.29,8.33,0.09,5.14,55.5,3.28,58.73,1.86,50.6
190,804909,Serie A,24/25,Fiorentina,Albert Guðmundsson,Forward,6.9,0.42,0.32,0.42,1.89,1.05,0.42,22.22,1.05,71.43,0.28,0.14,0.0,0.07,0.35,0.07,0.21,0.07,0.14,0.14,100.0,0.0,0.14,0.0,0.63,0.42,0.42,0,0.7,0.0,0.07,0.0,0.0,0.0,0.21,0.07,0.0,1.05,32.92,28.58,4.34,86.81,11.84,16.95,8.61,0.21,12.5,0.77,47.83,24,16,1285,0.14,0.0,0.91,1.26,9.6,0.98,3.22,46.0,2.94,50.0,0.28,25.0
191,1618563,Serie A,24/25,Genoa,Lorenzo Venturino,Forward,6.9,1.1,0.53,0.55,2.21,1.66,0.0,50.0,2.21,66.67,0.55,0.55,0.0,0.0,1.1,0.0,0.0,0.0,0.0,0.0,0.0,0.0,0.0,0.0,2.76,0.0,2.21,0,1.66,0.0,0.0,0.0,0.0,0.0,0.0,0.0,0.0,1.66,24.29,13.8,10.49,56.82,4.97,9.94,3.31,1.1,20.0,0.55,33.33,6,1,163,0.0,0.0,1.66,0.55,21.53,0.55,6.07,52.38,5.52,52.63,0.55,50.0
192,979043,Serie A,24/25,Parma,Gabriel Charpentier,Forward,6.9,0.34,0.44,0.34,3.05,1.35,1.35,11.11,0.68,40.0,0.34,0.0,0.0,0.0,0.34,0.0,0.0,0.34,0.0,0.0,0.0,0.0,0.0,0.0,1.35,0.0,2.37,0,0.34,0.0,0.0,0.0,0.0,0.0,0.34,0.68,0.0,2.37,17.26,10.49,6.77,60.78,3.05,7.44,5.41,0.0,0.0,0.68,66.67,10,0,266,0.34,0.0,4.4,3.38,15.56,1.35,8.46,41.67,5.08,44.12,3.38,38.46
193,1475557,Serie A,24/25,AC Milan,Mattia Liberali,Forward,6.9,0.0,0.1,0.0,2.9,0.0,2.9,0.0,0.0,0.0,0.0,0.0,0.0,0.0,0.0,0.0,0.0,0.0,0.0,0.0,0.0,0.0,0.0,0.0,2.9,0.0,0.0,0,0.0,0.0,0.0,0.0,0.0,0.0,0.0,0.0,0.0,1.45,42.1,34.84,7.26,82.76,8.71,26.13,14.52,0.0,0.0,0.0,0.0,1,1,62,0.0,0.0,1.45,0.0,15.97,2.9,4.35,50.0,2.9,40.0,1.45,100.0
194,259995,Serie A,24/25,Torino,Adam Masina,Defender,6.9,0.05,0.03,0.09,0.37,0.09,0.23,12.5,0.28,50.0,0.05,0.0,0.05,0.0,0.0,0.0,0.09,0.05,0.0,0.0,0.0,0.0,0.0,0.0,1.54,1.26,4.21,0,0.79,0.05,0.05,0.0,0.0,0.19,0.05,0.09,0.0,0.19,57.24,48.88,8.36,85.39,31.73,17.34,4.91,0.19,28.57,3.13,47.52,28,20,1926,0.23,0.0,1.07,0.84,10.65,0.37,5.75,61.5,2.57,50.93,3.18,73.91
195,1050692,Serie A,24/25,Hellas Verona,Diego Coppola,Defender,6.9,0.06,0.02,0.03,0.31,0.12,0.18,20.0,0.03,20.0,0.06,0.0,0.06,0.0,0.0,0.0,0.0,0.0,0.0,0.0,0.0,0.0,0.0,0.0,2.03,2.21,5.97,0,0.37,0.06,0.0,0.0,0.0,0.25,0.0,0.0,0.0,0.09,34.76,28.3,6.46,81.42,21.19,7.11,1.11,0.0,0.0,1.63,37.86,34,33,2926,0.31,0.0,1.35,0.0,7.23,0.15,6.15,59.7,2.06,51.94,4.09,64.56
196,1086223,Serie A,24/25,Parma,Ange-Yoan Bonny,Forward,6.9,0.21,0.33,0.21,2.26,0.78,0.85,9.38,1.17,54.1,0.21,0.0,0.0,0.0,0.21,0.11,0.5,0.04,0.11,0.07,66.67,0.0,0.0,0.0,1.2,0.11,0.5,0,0.21,0.0,0.0,0.0,0.0,0.0,0.25,0.14,0.0,1.06,19.7,15.14,4.56,76.84,4.77,10.43,6.4,0.07,14.29,0.42,57.14,37,30,2545,0.07,0.0,0.74,1.66,11.6,2.48,4.84,41.64,3.96,47.86,0.88,26.32
197,846148,Serie A,24/25,AS Roma,Victor Nelsson,Defender,6.9,0.0,0.01,0.0,0.49,0.0,0.49,0.0,0.49,100.0,0.0,0.0,0.0,0.0,0.0,0.0,0.0,0.0,0.0,0.0,0.0,0.0,0.0,0.0,2.43,0.97,4.38,0,0.97,0.0,0.0,0.0,0.0,0.49,0.0,0.0,0.0,0.0,56.43,50.59,5.84,89.66,34.54,16.05,4.38,0.0,0.0,0.49,33.33,4,1,185,0.0,0.0,1.46,2.43,8.76,0.0,8.76,75.0,4.86,71.43,3.89,80.0
198,982778,Serie A,24/25,AS Roma,Devyne Rensch,Midfielder,6.9,0.0,0.05,0.19,0.57,0.38,0.0,0.0,0.0,0.0,0.0,0.0,0.0,0.0,0.0,0.0,0.19,0.0,0.0,0.0,0.0,0.0,0.0,0.0,3.26,1.34,2.11,0,0.19,0.0,0.19,0.0,0.0,0.19,0.19,0.19,0.0,0.38,42.89,36.77,6.13,85.71,19.91,17.23,8.04,0.38,18.18,0.96,35.71,14,5,470,0.0,0.0,0.19,1.34,10.53,0.38,6.51,73.91,4.6,82.76,1.91,58.82
199,132318,Serie A,24/25,Atalanta,Davide Zappacosta,Midfielder,6.9,0.17,0.1,0.09,1.69,0.52,0.69,10.26,0.52,30.77,0.04,0.13,0.0,0.0,0.17,0.04,0.26,0.0,0.0,0.0,0.0,0.0,0.0,0.0,1.13,0.48,1.04,0,0.82,0.04,0.04,0.0,0.0,0.17,0.17,0.09,0.0,1.0,38.71,33.25,5.46,85.89,13.57,21.11,11.92,1.43,34.74,0.87,37.74,30,26,2076,0.13,0.0,0.82,0.61,12.1,0.74,2.64,39.61,2.17,38.17,0.48,47.83
200,80532,Serie A,24/25,Parma,Leandro Chichizola,Goalkeeper,6.9,0.0,0.0,0.0,0.0,0.0,0.0,0.0,0.0,0.0,0.0,0.0,0.0,0.0,0.0,0.0,0.0,0.0,0.0,0.0,0.0,0.0,0.0,0.0,0.0,0.0,3.0,0,0.0,0.0,0.0,0.0,0.0,0.0,0.0,0.0,0.0,0.0,44.0,31.0,13.0,70.45,28.0,3.0,1.0,0.0,0.0,3.0,18.75,1,1,90,0.0,0.0,0.0,0.0,14.0,0.0,1.0,100.0,0.0,0.0,1.0,100.0
201,359272,Serie A,24/25,Fiorentina,Sofyan Amrabat,Midfielder,6.9,0.0,0.0,0.0,0.0,0.0,0.0,0.0,0.0,0.0,0.0,0.0,0.0,0.0,0.0,0.0,0.0,0.0,0.0,0.0,0.0,0.0,0.0,0.0,1.5,0.0,1.0,0,0.0,0.0,0.0,0.0,0.0,0.5,0.0,0.0,0.0,1.0,64.5,55.5,9.0,86.05,30.5,25.0,8.0,0.0,0.0,4.5,60.0,2,2,180,0.0,0.0,2.0,0.5,12.0,1.0,2.5,41.67,2.0,40.0,0.5,50.0
202,856729,Serie A,24/25,Monza,Samuele Birindelli,Midfielder,6.89,0.18,0.13,0.06,0.98,0.61,0.37,18.75,0.31,62.5,0.18,0.0,0.0,0.06,0.12,0.06,0.31,0.0,0.0,0.0,0.0,0.0,0.0,0.0,1.34,0.61,1.53,0,0.49,0.0,0.12,0.0,0.0,0.06,0.12,0.0,0.0,1.1,29.0,23.2,5.8,80.0,10.32,13.62,6.66,0.73,18.75,1.1,42.86,21,18,1474,0.12,0.0,0.98,0.92,11.97,0.79,2.87,46.08,2.56,51.22,0.31,25.0
203,945062,Serie A,24/25,AC Milan,Youssouf Fofana,Midfielder,6.89,0.04,0.05,0.0,1.29,0.18,0.61,2.78,0.5,45.16,0.04,0.0,0.04,0.0,0.0,0.0,0.0,0.0,0.0,0.0,0.0,0.0,0.0,0.0,2.01,0.68,0.79,0,0.93,0.04,0.07,0.0,0.0,0.22,0.18,0.22,0.0,0.83,51.19,44.19,6.99,86.33,20.34,23.93,9.33,0.07,20.0,1.83,49.51,35,29,2509,0.18,0.0,1.0,0.61,9.9,0.72,3.52,47.12,3.12,49.43,0.39,34.38
204,989186,Serie A,24/25,Como,Ignace Van der Brempt,Defender,6.89,0.0,0.03,0.0,0.5,0.21,0.28,0.0,0.93,52.0,0.0,0.0,0.0,0.0,0.0,0.0,0.0,0.0,0.0,0.0,0.0,0.0,0.0,0.0,2.85,1.21,2.21,0,0.64,0.0,0.0,0.0,0.0,0.14,0.0,0.07,0.0,0.71,38.24,31.69,6.55,82.87,17.09,14.81,6.91,0.21,15.0,1.21,44.74,20,14,1264,0.21,0.0,1.5,1.07,12.39,0.71,6.12,56.58,4.84,57.63,1.28,52.94
205,773409,Serie A,24/25,Torino,Che Adams,Forward,6.89,0.3,0.3,0.44,2.17,0.88,0.71,14.06,0.37,33.33,0.24,0.07,0.0,0.03,0.27,0.03,0.78,0.0,0.03,0.0,0.0,0.0,0.0,0.0,0.41,0.07,0.61,0,0.2,0.0,0.0,0.0,0.0,0.2,0.17,0.1,0.0,0.91,18.46,13.89,4.57,75.23,5.15,8.84,5.08,0.1,30.0,0.68,66.67,36,30,2657,0.1,0.0,0.98,1.35,8.87,1.15,3.35,40.74,2.13,43.45,1.22,36.73
206,838907,Serie A,24/25,Monza,Dany Mota,Forward,6.89,0.21,0.22,0.09,1.79,0.47,0.98,11.9,0.55,37.14,0.21,0.0,0.04,0.0,0.17,0.09,0.3,0.0,0.0,0.0,0.0,0.0,0.0,0.0,0.55,0.38,1.02,0,0.17,0.0,0.13,0.0,0.0,0.0,0.13,0.09,0.0,0.94,22.34,16.97,5.37,75.95,6.69,10.62,6.22,0.34,21.05,0.72,73.91,31,24,2111,0.13,0.0,1.28,1.53,11.64,1.24,5.2,44.2,2.56,42.25,2.64,46.27
207,960080,Serie A,24/25,Lazio,Boulaye Dia,Forward,6.89,0.37,0.29,0.33,1.6,0.82,0.33,23.08,0.7,43.59,0.37,0.0,0.0,0.16,0.21,0.04,0.16,0.04,0.0,0.0,0.0,0.0,0.0,0.0,0.9,0.25,0.66,0,0.37,0.0,0.04,0.0,0.0,0.04,0.29,0.12,0.04,1.11,24.08,20.26,3.81,84.16,7.84,12.43,5.58,0.0,0.0,0.82,80.0,35,27,2194,0.08,0.0,0.94,0.98,7.71,1.39,3.45,37.33,2.58,42.86,0.86,26.92
208,596736,Serie A,24/25,Cagliari,Tommaso Augello,Midfielder,6.89,0.0,0.01,0.0,0.27,0.0,0.2,0.0,0.8,57.14,0.0,0.0,0.0,0.0,0.0,0.0,0.1,0.0,0.0,0.0,0.0,0.0,0.0,0.0,1.62,0.53,3.18,0,0.43,0.0,0.07,0.0,0.0,0.2,0.43,0.23,0.0,1.29,38.53,30.14,8.39,78.23,15.75,16.02,7.53,1.62,23.67,2.02,41.78,38,30,2714,0.1,0.0,0.5,0.36,17.51,0.6,4.41,61.01,2.72,56.94,1.69,68.92
209,108484,Serie A,24/25,SSC Napoli,Juan Jesus,Defender,6.89,0.0,0.03,0.0,0.25,0.0,0.17,0.0,0.0,0.0,0.0,0.0,0.0,0.0,0.0,0.0,0.0,0.0,0.0,0.0,0.0,0.0,0.0,0.0,2.09,0.75,3.27,0,0.67,0.0,0.0,0.0,0.0,0.25,0.0,0.08,0.0,0.08,71.0,63.71,7.28,89.74,41.36,22.35,3.77,0.0,0.0,4.52,55.67,15,12,1075,0.17,0.0,1.17,0.42,7.87,0.08,4.52,58.06,2.43,56.86,2.09,59.52
210,339909,Serie A,24/25,Torino,Guillermo Maripán,Defender,6.89,0.04,0.04,0.0,0.46,0.19,0.12,8.33,0.08,25.0,0.04,0.0,0.04,0.0,0.0,0.0,0.04,0.0,0.0,0.0,0.0,0.0,0.0,0.0,1.54,1.58,5.15,0,0.46,0.0,0.04,0.0,0.0,0.23,0.15,0.04,0.0,0.19,50.82,44.1,6.73,86.76,30.41,13.69,3.81,0.0,0.0,2.88,51.02,28,27,2341,0.15,0.04,1.11,0.31,8.19,0.19,4.69,55.2,1.88,49.49,2.81,59.84
211,1157713,Serie A,24/25,Atalanta,Isak Hien,Defender,6.89,0.0,0.04,0.04,0.31,0.08,0.19,0.0,0.23,66.67,0.0,0.0,0.0,0.0,0.0,0.0,0.0,0.0,0.0,0.0,0.0,0.0,0.0,0.0,1.86,1.2,3.14,0,0.66,0.04,0.04,0.04,0.0,0.39,0.0,0.0,0.0,0.08,49.2,44.17,5.03,89.77,31.55,12.62,2.28,0.0,0.0,1.94,62.5,30,27,2325,0.39,0.0,1.39,0.74,6.43,0.35,5.46,54.02,2.83,53.68,2.63,54.4
212,788255,Serie A,24/25,AC Milan,Fikayo Tomori,Defender,6.89,0.0,0.0,0.0,0.11,0.0,0.11,0.0,0.11,100.0,0.0,0.0,0.0,0.0,0.0,0.0,0.0,0.0,0.0,0.0,0.0,0.0,0.0,0.0,2.23,1.12,3.13,0,0.45,0.0,0.11,0.0,0.0,0.22,0.06,0.06,0.0,0.45,59.72,55.47,4.25,92.89,37.37,18.27,4.8,0.17,50.0,1.79,49.23,22,19,1611,0.11,0.06,0.56,0.45,5.31,0.11,4.36,60.94,2.79,72.46,1.56,47.46
213,339231,Serie A,24/25,Lazio,Samuel Gigot,Defender,6.89,0.26,0.17,0.0,0.52,0.39,0.0,50.0,0.13,50.0,0.26,0.0,0.26,0.0,0.0,0.0,0.13,0.0,0.0,0.0,0.0,0.0,0.0,0.0,0.52,1.7,4.32,0,0.13,0.0,0.0,0.13,0.0,0.13,0.0,0.0,0.0,0.0,40.68,37.41,3.27,91.96,27.21,10.2,2.62,0.0,0.0,0.52,33.33,15,7,688,0.26,0.0,1.05,1.18,4.06,0.13,4.19,69.57,1.7,59.09,2.49,79.17
214,377302,Serie A,24/25,Monza,Georgios Kyriakopoulos,Defender,6.88,0.07,0.03,0.0,0.85,0.29,0.23,7.69,0.49,48.39,0.07,0.0,0.0,0.07,0.0,0.03,0.2,0.0,0.0,0.0,0.0,0.0,0.13,0.0,1.3,0.75,2.18,0,0.98,0.0,0.0,0.03,0.03,0.1,0.1,0.13,0.0,1.3,31.46,25.33,6.13,80.52,12.06,14.34,7.2,1.08,20.0,0.88,32.14,33,32,2761,0.16,0.0,0.75,1.14,13.33,0.55,3.72,49.35,2.93,51.14,0.78,43.64
215,882004,Serie A,24/25,Venezia,Giorgio Altare,Defender,6.88,0.0,0.02,0.0,0.36,0.12,0.24,0.0,0.6,83.33,0.0,0.0,0.0,0.0,0.0,0.0,0.0,0.0,0.0,0.0,0.0,0.0,0.0,0.0,1.56,2.04,5.51,0,0.84,0.0,0.0,0.0,0.12,0.12,0.12,0.0,0.0,0.12,38.95,29.6,9.35,76.0,19.29,10.67,3.24,0.36,42.86,1.8,34.88,12,8,751,0.24,0.0,1.2,0.24,14.02,0.6,4.67,49.37,2.16,43.9,2.52,55.26
216,976381,Serie A,24/25,Lazio,Gustav Isaksen,Forward,6.88,0.16,0.21,0.24,2.18,1.01,0.61,7.41,1.78,48.89,0.12,0.04,0.0,0.16,0.0,0.0,0.12,0.04,0.0,0.0,0.0,0.0,0.0,0.0,0.65,0.4,0.73,0,0.85,0.0,0.04,0.0,0.0,0.04,0.16,0.08,0.04,1.46,27.21,23.13,4.08,84.99,7.84,16.46,8.29,1.17,26.36,1.01,65.79,37,29,2226,0.2,0.0,0.93,1.86,12.9,1.25,4.81,45.42,4.29,47.32,0.53,34.21
217,605374,Serie A,24/25,Lecce,Tete Morente,Forward,6.88,0.13,0.12,0.13,1.82,0.58,0.75,7.32,1.33,57.69,0.09,0.04,0.0,0.04,0.09,0.0,0.0,0.0,0.0,0.0,0.0,0.0,0.0,0.0,1.2,0.62,1.15,0,1.15,0.04,0.0,0.0,0.0,0.09,0.09,0.09,0.0,1.11,28.7,22.76,5.94,79.29,8.38,14.86,8.92,0.49,19.64,1.69,49.35,31,23,2029,0.22,0.0,1.15,1.06,11.75,0.67,5.23,51.53,3.42,46.67,1.82,64.06
218,1142149,Serie A,24/25,Lecce,Medon Berisha,Midfielder,6.88,0.0,0.09,0.0,2.99,0.75,1.24,0.0,0.37,42.86,0.0,0.0,0.0,0.0,0.0,0.12,0.0,0.0,0.0,0.0,0.0,0.0,0.25,0.0,1.49,1.37,0.62,0,0.5,0.0,0.25,0.0,0.0,0.0,0.12,0.12,0.0,1.37,45.31,37.22,8.09,82.14,17.3,20.91,10.33,1.0,27.59,4.85,60.94,17,7,723,0.62,0.0,1.99,1.37,12.82,0.12,4.11,51.56,3.24,53.06,0.87,46.67
219,138605,Serie A,24/25,Inter,Piotr Zieliński,Midfielder,6.88,0.18,0.24,0.09,1.55,0.55,0.27,11.76,0.55,40.0,0.18,0.0,0.0,0.0,0.18,0.0,0.0,0.0,0.18,0.18,100.0,0.0,0.0,0.0,1.28,0.55,1.01,0,0.64,0.0,0.09,0.0,0.0,0.18,0.0,0.18,0.0,1.28,62.2,57.53,4.66,92.5,23.32,34.76,16.19,0.55,21.43,2.01,75.86,26,8,984,0.0,0.0,0.82,1.46,9.05,0.55,4.12,56.96,3.2,53.03,0.91,76.92
220,855810,Serie A,24/25,Juventus,Tim Weah,Midfielder,6.88,0.27,0.19,0.05,1.15,0.49,0.33,23.81,0.71,44.83,0.27,0.0,0.0,0.16,0.11,0.0,0.16,0.0,0.0,0.0,0.0,0.0,0.0,0.0,1.97,0.77,1.26,0,0.6,0.0,0.11,0.0,0.0,0.16,0.22,0.11,0.0,1.04,36.41,32.14,4.27,88.27,12.92,19.65,10.51,0.44,18.18,0.77,43.75,30,18,1644,0.22,0.0,1.09,0.77,10.24,0.82,4.49,49.7,3.45,51.64,1.04,44.19
221,351434,Serie A,24/25,Udinese,Hassane Kamara,Midfielder,6.88,0.04,0.04,0.0,0.76,0.13,0.36,5.88,0.81,46.15,0.0,0.04,0.0,0.04,0.0,0.0,0.04,0.0,0.0,0.0,0.0,0.0,0.0,0.0,1.57,1.17,1.97,0,0.54,0.0,0.04,0.0,0.0,0.27,0.18,0.18,0.0,1.08,34.05,27.86,6.19,81.82,14.27,14.81,6.33,1.21,25.47,1.44,36.36,30,25,2006,0.27,0.04,1.12,0.99,13.91,0.45,4.31,56.47,3.36,54.35,0.94,65.63
222,907667,Serie A,24/25,Empoli,Tino Anjorin,Midfielder,6.87,0.16,0.07,0.0,1.85,0.56,0.97,8.7,1.29,42.11,0.0,0.16,0.0,0.0,0.16,0.0,0.0,0.0,0.0,0.0,0.0,0.0,0.08,0.0,2.34,1.05,1.45,0,0.73,0.0,0.0,0.08,0.0,0.0,0.4,0.24,0.0,1.37,34.0,28.28,5.72,83.18,13.46,15.07,6.69,0.24,17.65,1.45,47.37,22,14,1117,0.24,0.0,1.93,1.53,11.92,0.89,5.88,48.99,5.16,51.2,0.73,37.5
223,284441,Serie A,24/25,AC Milan,Ruben Loftus-Cheek,Midfielder,6.87,0.0,0.06,0.09,0.79,0.17,0.35,0.0,0.96,57.89,0.0,0.0,0.0,0.0,0.0,0.09,0.0,0.0,0.0,0.0,0.0,0.0,0.0,0.0,1.66,0.26,1.66,0,0.52,0.0,0.0,0.0,0.0,0.17,0.44,0.0,0.0,1.4,41.73,37.8,3.93,90.59,16.67,21.3,10.39,0.17,28.57,0.96,73.33,19,10,1031,0.26,0.0,2.01,2.36,7.51,0.61,6.55,58.14,4.89,56.57,1.66,63.33
224,1009268,Serie A,24/25,Empoli,Mattia Viti,Defender,6.87,0.03,0.03,0.03,0.38,0.07,0.1,9.09,0.21,66.67,0.03,0.0,0.03,0.0,0.0,0.0,0.03,0.0,0.0,0.0,0.0,0.0,0.0,0.0,2.27,1.68,4.37,0,0.63,0.07,0.07,0.0,0.0,0.21,0.0,0.0,0.0,0.17,40.53,32.53,8.0,80.26,22.71,9.82,3.39,0.0,0.0,2.27,37.57,30,30,2576,0.1,0.0,1.05,1.01,9.5,0.59,5.62,57.71,3.42,59.76,2.2,54.78
225,869888,Serie A,24/25,Venezia,Alessio Zerbin,Midfielder,6.87,0.06,0.12,0.12,0.95,0.35,0.24,6.25,1.24,36.21,0.06,0.0,0.0,0.06,0.0,0.0,0.18,0.0,0.0,0.0,0.0,0.0,0.0,0.0,3.13,0.89,1.42,0,1.36,0.0,0.06,0.0,0.0,0.24,0.24,0.06,0.0,1.48,24.19,16.08,8.1,66.5,5.32,11.83,7.04,1.06,24.32,0.77,27.66,20,17,1522,0.24,0.0,2.13,2.01,18.51,1.12,6.98,48.56,6.39,49.09,0.59,43.48
226,850891,Serie A,24/25,Bologna,Michel Aebischer,Midfielder,6.87,0.0,0.05,0.12,1.24,0.62,0.25,0.0,0.37,60.0,0.0,0.0,0.0,0.0,0.0,0.0,0.0,0.0,0.0,0.0,0.0,0.0,0.12,0.0,2.23,0.87,0.62,0,0.49,0.0,0.0,0.0,0.0,0.0,0.0,0.0,0.0,0.99,49.82,44.51,5.32,89.33,18.79,26.46,11.13,0.74,42.86,2.97,68.57,14,9,728,0.25,0.0,1.98,1.98,8.28,0.87,5.19,52.5,4.57,56.06,0.62,35.71
227,308182,Serie A,24/25,Lazio,Ivan Provedel,Goalkeeper,6.87,0.0,0.0,0.0,0.0,0.0,0.0,0.0,0.0,0.0,0.0,0.0,0.0,0.0,0.0,0.0,0.0,0.0,0.0,0.0,0.0,0.0,0.0,0.0,0.0,0.03,0.83,0,0.0,0.07,0.03,0.0,0.0,0.17,0.03,0.0,0.0,0.1,35.14,26.52,8.62,75.47,22.66,3.86,1.21,0.0,0.0,7.97,48.73,29,29,2610,0.0,0.0,0.0,0.17,8.72,0.0,0.41,92.31,0.07,100.0,0.34,90.91
228,795297,Serie A,24/25,Fiorentina,Lucas Martínez Quarta,Defender,6.86,0.26,0.19,0.0,0.78,0.26,0.52,33.33,0.52,100.0,0.26,0.0,0.0,0.26,0.0,0.0,0.0,0.0,0.0,0.0,0.0,0.0,0.0,0.0,3.1,0.78,6.47,0,1.29,0.0,0.26,0.0,0.0,0.26,0.0,0.0,0.0,0.26,64.66,57.41,7.24,88.8,38.28,19.14,6.72,0.0,0.0,3.88,53.57,8,4,348,0.26,0.0,2.07,0.52,9.31,0.26,7.24,53.85,4.14,59.26,3.1,48.0
229,888340,Serie A,24/25,Venezia,Michael Svoboda,Defender,6.86,0.07,0.01,0.0,0.27,0.27,0.0,25.0,0.14,66.67,0.07,0.0,0.07,0.0,0.0,0.0,0.0,0.0,0.0,0.0,0.0,0.0,0.0,0.0,1.78,1.51,4.32,0,0.75,0.07,0.07,0.0,0.0,0.07,0.14,0.0,0.0,0.34,56.16,47.81,8.36,85.12,32.12,15.75,4.79,0.07,50.0,2.47,43.37,16,15,1314,0.07,0.0,0.48,0.75,10.27,0.75,5.07,56.06,2.53,55.22,2.53,56.92
230,893640,Serie A,24/25,AC Milan,Riccardo Sottil,Forward,6.86,0.09,0.1,0.0,2.27,0.57,0.85,4.17,1.13,52.17,0.09,0.0,0.0,0.09,0.0,0.0,0.09,0.09,0.0,0.0,0.0,0.0,0.09,0.0,0.57,0.38,0.28,0,0.09,0.0,0.0,0.0,0.0,0.0,0.19,0.09,0.0,1.42,26.09,21.37,4.73,81.88,5.48,16.73,9.08,0.85,18.0,0.57,37.5,24,9,952,0.09,0.0,0.76,3.4,13.42,0.85,5.58,61.46,5.11,65.85,0.47,35.71
231,39482,Serie A,24/25,Genoa,Milan Badelj,Midfielder,6.86,0.06,0.06,0.06,0.85,0.18,0.42,7.14,0.55,50.0,0.06,0.0,0.0,0.0,0.06,0.0,0.0,0.0,0.0,0.0,0.0,0.0,0.0,0.0,1.76,1.21,2.6,0,1.21,0.0,0.0,0.0,0.0,0.06,0.12,0.0,0.0,0.73,49.85,41.06,8.78,82.38,21.68,19.38,8.36,0.0,0.0,2.91,51.06,23,21,1486,0.18,0.0,1.09,1.15,11.75,0.67,4.06,51.54,3.45,50.0,0.61,62.5
232,930189,Serie A,24/25,Torino,Samuele Ricci,Midfielder,6.86,0.03,0.04,0.1,0.7,0.22,0.25,4.55,0.19,31.58,0.03,0.0,0.0,0.0,0.03,0.0,0.0,0.0,0.0,0.0,0.0,0.0,0.0,0.0,1.11,0.79,1.4,0,0.32,0.0,0.06,0.0,0.0,0.19,0.0,0.03,0.0,0.48,41.16,36.97,4.19,89.82,17.64,19.45,7.52,0.13,13.33,1.84,60.42,34,34,2836,0.25,0.03,1.21,2.22,7.27,0.57,3.97,57.34,3.36,57.61,0.6,55.88
233,44614,Serie A,24/25,AC Milan,Kyle Walker,Defender,6.86,0.0,0.01,0.0,0.27,0.0,0.0,0.0,0.68,71.43,0.0,0.0,0.0,0.0,0.0,0.0,0.0,0.0,0.0,0.0,0.0,0.0,0.0,0.0,2.33,1.23,1.91,0,0.55,0.0,0.14,0.0,0.0,0.14,0.14,0.0,0.0,0.82,50.88,46.09,4.79,90.59,25.71,20.38,8.89,0.0,0.0,2.33,56.67,11,7,658,0.14,0.0,0.96,0.55,9.03,0.55,4.38,61.54,3.56,61.9,0.82,60.0
234,97978,Serie A,24/25,Venezia,Jesse Joronen,Goalkeeper,6.86,0.0,0.0,0.0,0.0,0.0,0.0,0.0,0.0,0.0,0.0,0.0,0.0,0.0,0.0,0.0,0.0,0.0,0.0,0.0,0.0,0.0,0.0,0.0,0.0,0.0,1.41,0,0.0,0.13,0.0,0.13,0.13,0.26,0.0,0.0,0.0,0.0,32.69,22.69,10.0,69.41,20.77,1.92,0.26,0.0,0.0,3.72,27.88,8,7,702,0.0,0.0,0.13,0.0,10.13,0.0,0.38,75.0,0.0,0.0,0.38,100.0
235,372430,Serie A,24/25,Lecce,Frédéric Guilbert,Defender,6.86,0.0,0.01,0.0,0.4,0.0,0.37,0.0,0.66,58.06,0.0,0.0,0.0,0.0,0.0,0.0,0.04,0.0,0.0,0.0,0.0,0.0,0.0,0.0,2.39,1.73,3.64,0,0.7,0.04,0.07,0.04,0.0,0.18,0.07,0.04,0.0,0.7,34.52,27.61,6.9,80.0,14.72,13.55,5.99,0.66,33.33,1.84,46.3,31,31,2451,0.11,0.07,1.21,0.88,12.63,0.26,5.4,60.25,3.93,61.14,1.47,57.97
236,901850,Serie A,24/25,Fiorentina,Nicolò Fagioli,Midfielder,6.86,0.06,0.07,0.0,1.28,0.29,0.29,4.55,0.7,54.55,0.06,0.0,0.0,0.06,0.0,0.12,0.0,0.0,0.0,0.0,0.0,0.0,0.06,0.0,1.93,0.41,0.99,0,0.93,0.0,0.12,0.0,0.0,0.12,0.29,0.12,0.0,1.58,57.64,51.28,6.37,88.96,23.24,28.38,12.21,0.35,15.0,3.33,60.64,32,15,1541,0.23,0.0,1.11,1.11,11.68,0.82,3.91,50.76,3.74,52.03,0.18,33.33
237,1397168,Serie A,24/25,Lecce,Patrick Dorgu,Midfielder,6.86,0.15,0.16,0.05,1.76,0.49,0.78,8.33,0.63,34.21,0.15,0.0,0.05,0.05,0.05,0.0,0.2,0.05,0.0,0.0,0.0,0.0,0.0,0.0,2.2,0.88,1.76,0,1.07,0.05,0.05,0.0,0.05,0.15,0.05,0.05,0.0,0.93,30.13,23.73,6.4,78.77,10.94,13.28,7.28,0.49,25.0,1.42,50.0,21,21,1843,0.1,0.05,1.17,2.69,13.19,1.81,7.03,53.14,5.52,52.07,1.51,57.41
238,867887,Serie A,24/25,Juventus,Douglas Luiz,Midfielder,6.86,0.0,0.11,0.17,1.38,0.34,0.69,0.0,1.9,78.57,0.0,0.0,0.0,0.0,0.0,0.0,0.0,0.0,0.0,0.0,0.0,0.0,0.0,0.0,2.24,0.69,0.86,0,0.52,0.0,0.0,0.17,0.0,0.17,0.52,0.0,0.0,2.59,70.17,63.45,6.72,90.42,30.34,34.31,13.62,1.21,26.92,4.66,75.0,19,3,522,0.34,0.0,2.41,1.21,13.28,1.21,6.21,55.38,5.34,55.36,0.86,55.56
239,884980,Serie A,24/25,Udinese,Brenner,Forward,6.86,0.23,0.15,0.0,1.62,0.92,0.23,14.29,0.69,60.0,0.23,0.0,0.0,0.0,0.23,0.0,0.0,0.0,0.0,0.0,0.0,0.0,0.0,0.0,1.38,0.23,1.15,0,1.15,0.0,0.0,0.0,0.0,0.0,0.23,0.46,0.0,1.15,23.31,19.15,4.15,82.18,7.15,12.69,4.85,0.69,27.27,0.92,44.44,9,5,390,0.0,0.0,0.0,1.15,9.92,2.08,3.69,45.71,3.23,46.67,0.46,40.0
240,45925,Serie A,24/25,AS Roma,Stephan El Shaarawy,Forward,6.86,0.24,0.2,0.49,2.27,0.97,0.65,10.71,1.38,54.84,0.16,0.08,0.08,0.0,0.16,0.08,0.41,0.08,0.0,0.0,0.0,0.0,0.08,0.0,1.3,0.81,0.97,0,0.49,0.0,0.0,0.0,0.0,0.08,0.0,0.32,0.0,1.22,34.54,28.46,6.08,82.39,8.19,20.68,11.27,0.41,18.52,0.73,50.0,31,12,1110,0.16,0.0,0.57,1.14,12.41,0.81,4.22,48.15,3.81,55.95,0.41,20.83
241,555540,Serie A,24/25,AS Roma,Lorenzo Pellegrini,Forward,6.86,0.11,0.27,0.39,2.32,0.77,0.94,4.76,0.61,40.74,0.11,0.0,0.0,0.0,0.11,0.11,0.22,0.0,0.06,0.06,100.0,0.0,0.11,0.0,1.32,0.33,1.16,0,0.61,0.0,0.0,0.0,0.0,0.11,0.17,0.06,0.0,1.49,32.59,27.35,5.24,83.93,11.69,16.49,8.71,0.83,30.61,0.88,51.61,25,20,1632,0.22,0.0,1.43,1.49,10.64,0.88,3.97,44.72,3.36,46.92,0.61,35.48
242,832208,Serie A,24/25,Juventus,Dušan Vlahović,Forward,6.86,0.5,0.63,0.75,3.86,1.5,1.7,12.99,0.45,33.33,0.45,0.05,0.0,0.5,0.0,0.15,0.6,0.0,0.2,0.2,100.0,0.0,0.35,0.0,0.2,0.05,0.45,0,0.2,0.05,0.1,0.0,0.0,0.35,0.15,0.2,0.0,0.75,17.63,12.62,5.01,71.59,4.41,8.26,5.16,0.05,11.11,0.5,71.43,29,21,1797,0.15,0.0,1.35,0.9,10.62,1.4,3.51,37.84,1.55,30.1,1.95,47.56
243,830858,Serie A,24/25,Udinese,Keinan Davis,Forward,6.85,0.17,0.24,0.08,2.44,0.92,0.59,6.9,1.43,48.57,0.17,0.0,0.08,0.0,0.08,0.08,0.67,0.0,0.0,0.0,0.0,0.0,0.0,0.0,0.76,0.08,0.42,0,0.25,0.0,0.0,0.0,0.0,0.08,0.17,0.08,0.0,1.68,22.77,17.48,5.29,76.75,5.88,11.6,6.89,0.0,0.0,0.5,75.0,23,10,1071,0.17,0.0,2.02,1.01,12.18,2.1,6.3,40.76,3.11,35.24,3.19,48.1
244,575852,Serie A,24/25,Udinese,Sandi Lovrić,Midfielder,6.85,0.08,0.1,0.04,1.9,0.46,0.81,4.08,0.81,45.65,0.08,0.0,0.0,0.0,0.08,0.0,0.0,0.04,0.0,0.0,0.0,0.0,0.19,0.0,1.78,0.85,0.89,0,0.85,0.04,0.0,0.0,0.0,0.08,0.19,0.12,0.0,1.24,32.89,28.01,4.88,85.18,11.61,17.06,8.67,0.66,18.89,1.82,51.65,36,31,2326,0.19,0.0,2.09,1.32,12.27,1.08,3.95,41.46,3.91,44.3,0.04,5.56
245,826064,Serie A,24/25,Bologna,Jens Odgaard,Midfielder,6.85,0.27,0.16,0.27,2.23,1.0,0.68,12.24,0.68,34.09,0.18,0.09,0.0,0.18,0.09,0.09,0.18,0.0,0.0,0.0,0.0,0.0,0.05,0.0,0.91,0.41,0.55,0,0.68,0.05,0.0,0.0,0.0,0.14,0.27,0.05,0.0,0.77,21.28,16.59,4.69,77.94,4.78,12.12,6.7,0.32,29.17,0.5,40.74,29,24,1975,0.05,0.0,1.91,2.01,11.21,1.5,5.56,40.53,3.51,39.69,2.05,42.06
246,1210848,Serie A,24/25,Fiorentina,Pietro Comuzzo,Defender,6.85,0.04,0.02,0.04,0.2,0.08,0.08,20.0,0.0,0.0,0.04,0.0,0.0,0.04,0.0,0.0,0.0,0.0,0.0,0.0,0.0,0.0,0.0,0.0,1.76,1.19,4.33,0,0.25,0.08,0.08,0.0,0.0,0.25,0.0,0.0,0.0,0.29,50.8,43.86,6.95,86.32,30.41,13.49,3.76,0.04,33.33,2.82,47.59,33,24,2202,0.2,0.0,1.02,0.49,8.3,0.16,4.82,59.6,2.17,59.55,2.66,59.63
247,848279,Serie A,24/25,Udinese,Enzo Ebosse,Defender,6.85,0.0,0.0,0.0,0.0,0.0,0.0,0.0,1.0,100.0,0.0,0.0,0.0,0.0,0.0,0.0,0.0,0.0,0.0,0.0,0.0,0.0,0.0,0.0,0.0,1.0,1.0,0,2.0,0.0,0.0,0.0,0.0,0.0,0.0,0.0,0.0,1.0,53.0,46.0,7.0,86.79,26.0,20.0,9.0,0.0,0.0,4.0,66.67,2,0,90,1.0,0.0,1.0,0.0,9.0,0.0,2.0,40.0,1.0,25.0,1.0,100.0
248,913401,Serie A,24/25,Udinese,Nehuén Pérez,Defender,6.85,0.0,0.0,0.0,0.0,0.0,0.0,0.0,0.5,100.0,0.0,0.0,0.0,0.0,0.0,0.0,0.0,0.0,0.0,0.0,0.0,0.0,0.0,0.0,0.5,0.5,3.5,0,0.5,0.0,0.0,0.0,0.0,0.0,0.0,0.0,0.0,0.0,30.0,24.5,5.5,81.67,17.5,7.0,3.5,0.0,0.0,4.0,66.67,2,2,180,0.0,0.0,1.5,1.0,5.5,0.0,3.5,58.33,2.0,50.0,1.5,75.0
249,812946,Serie A,24/25,Empoli,Christian Kouamé,Forward,6.84,0.08,0.26,0.4,2.16,0.48,1.28,3.7,0.96,40.0,0.08,0.0,0.08,0.0,0.0,0.08,0.32,0.0,0.0,0.0,0.0,0.0,0.0,0.0,1.44,0.16,1.12,0,0.4,0.0,0.0,0.0,0.0,0.08,0.24,0.08,0.0,1.36,26.27,17.25,9.02,65.65,4.07,13.5,7.03,0.32,50.0,0.72,60.0,26,10,1127,0.08,0.0,1.6,2.32,15.17,1.6,10.86,56.2,4.71,49.58,6.15,62.6
250,165583,Serie A,24/25,Monza,Armando Izzo,Defender,6.84,0.04,0.02,0.0,0.22,0.07,0.15,16.67,0.22,75.0,0.04,0.0,0.0,0.0,0.04,0.0,0.0,0.0,0.0,0.0,0.0,0.0,0.0,0.0,1.47,1.66,3.61,0,0.66,0.0,0.0,0.0,0.0,0.11,0.04,0.04,0.0,0.41,53.4,47.17,6.22,88.34,35.09,12.12,3.54,0.04,12.5,3.5,53.98,30,28,2444,0.44,0.0,2.39,1.73,7.7,0.22,5.34,48.66,3.24,51.46,2.1,44.88
251,1184308,Serie A,24/25,AC Milan,Álex Jiménez,Defender,6.84,0.0,0.07,0.14,1.06,0.35,0.57,0.0,1.84,56.52,0.0,0.0,0.0,0.0,0.0,0.0,0.35,0.0,0.0,0.0,0.0,0.0,0.0,0.0,1.7,1.06,1.49,0,1.13,0.0,0.0,0.0,0.0,0.14,0.14,0.07,0.07,0.92,33.24,27.57,5.67,82.94,12.33,15.87,8.43,0.64,24.32,1.35,73.08,22,14,1270,0.43,0.0,0.85,1.28,12.54,0.92,5.46,51.33,4.82,53.13,0.64,40.91
252,865167,Serie A,24/25,Juventus,Lloyd Kelly,Defender,6.84,0.0,0.03,0.09,0.62,0.09,0.35,0.0,0.0,0.0,0.0,0.0,0.0,0.0,0.0,0.0,0.0,0.0,0.0,0.0,0.0,0.0,0.0,0.0,1.33,0.18,4.88,0,0.18,0.09,0.18,0.0,0.0,0.44,0.0,0.0,0.0,0.27,57.01,48.41,8.6,84.91,27.49,20.93,8.42,0.0,0.0,1.77,30.77,12,11,1015,0.09,0.0,1.24,0.35,11.26,0.27,4.88,55.0,1.68,51.35,3.19,57.14
253,1099296,Serie A,24/25,Parma,Mateo Pellegrino,Forward,6.84,0.36,0.46,0.72,2.66,1.09,0.97,13.64,0.36,37.5,0.36,0.0,0.24,0.12,0.0,0.12,0.0,0.0,0.0,0.0,0.0,0.0,0.0,0.0,0.36,0.12,0.72,0,0.36,0.0,0.0,0.0,0.0,0.0,0.12,0.12,0.0,0.6,19.33,10.63,8.7,55.0,2.54,8.21,4.71,0.12,25.0,1.09,64.29,13,8,745,0.24,0.0,3.26,1.93,15.1,1.93,8.58,43.03,2.54,30.43,6.04,52.08
254,280439,Serie A,24/25,Genoa,Maxwel Cornet,Forward,6.84,0.74,0.39,0.37,1.86,1.12,0.74,40.0,1.12,37.5,0.74,0.0,0.0,0.74,0.0,0.0,0.37,0.0,0.0,0.0,0.0,0.0,0.0,0.0,0.74,0.74,0.74,0,0.37,0.0,0.0,0.0,0.0,0.0,1.12,0.37,0.0,1.86,23.06,17.11,5.95,74.19,7.44,10.41,6.32,0.74,25.0,0.74,100.0,7,2,242,0.0,0.0,0.0,0.37,13.02,1.12,2.6,28.0,2.23,40.0,0.37,10.0
255,1394202,Serie A,24/25,Parma,Antoine Hainaut,Midfielder,6.84,0.15,0.06,0.0,0.45,0.22,0.15,33.33,0.97,52.0,0.15,0.0,0.07,0.0,0.07,0.0,0.07,0.0,0.0,0.0,0.0,0.0,0.0,0.0,1.94,1.12,3.58,0,0.3,0.0,0.07,0.0,0.0,0.0,0.15,0.0,0.0,0.67,30.05,23.04,7.01,76.67,9.84,13.94,6.41,0.75,38.46,1.34,42.86,25,10,1207,0.22,0.0,0.97,1.19,12.45,0.67,6.56,61.97,4.1,59.14,2.46,67.35
256,798147,Serie A,24/25,Como,Mërgim Vojvoda,Defender,6.84,0.05,0.03,0.05,0.44,0.05,0.15,11.11,0.44,47.37,0.05,0.0,0.0,0.0,0.05,0.1,0.1,0.0,0.0,0.0,0.0,0.0,0.0,0.0,1.33,0.49,1.87,0,0.44,0.0,0.05,0.0,0.0,0.2,0.25,0.1,0.0,1.13,52.79,45.2,7.59,85.62,24.79,21.1,9.32,0.69,21.21,2.17,48.89,28,20,1826,0.3,0.0,1.04,0.3,12.27,0.59,2.76,45.53,2.07,45.16,0.69,46.67
257,896180,Serie A,24/25,Venezia,Gianluca Busio,Midfielder,6.84,0.07,0.09,0.14,1.28,0.25,0.71,5.56,0.53,34.88,0.04,0.04,0.0,0.0,0.07,0.07,0.14,0.04,0.0,0.0,0.0,0.0,0.0,0.0,1.64,0.68,1.71,0,0.96,0.0,0.0,0.0,0.0,0.0,0.04,0.0,0.0,1.0,31.29,24.46,6.83,78.18,10.28,14.33,7.08,0.14,13.79,1.24,53.03,33,28,2531,0.14,0.0,0.92,1.56,11.98,1.14,4.87,48.41,3.7,48.37,1.17,48.53
258,857772,Serie A,24/25,Lecce,Hamza Rafia,Midfielder,6.84,0.0,0.04,0.0,0.85,0.17,0.34,0.0,0.85,58.82,0.0,0.0,0.0,0.0,0.0,0.0,0.0,0.0,0.0,0.0,0.0,0.0,0.08,0.0,3.72,0.34,1.35,0,1.44,0.0,0.08,0.0,0.0,0.0,0.08,0.0,0.0,1.35,40.52,33.67,6.85,83.09,15.39,19.2,9.22,0.93,24.44,1.27,55.56,18,14,1064,0.34,0.0,2.2,2.11,14.13,1.69,7.11,50.3,6.6,52.7,0.51,31.58
259,970998,Serie A,24/25,Genoa,Patrizio Masini,Midfielder,6.84,0.06,0.02,0.0,0.47,0.06,0.29,12.5,0.58,52.63,0.06,0.0,0.0,0.0,0.06,0.06,0.0,0.0,0.0,0.0,0.0,0.0,0.0,0.0,3.15,0.87,1.98,0,1.22,0.0,0.0,0.0,0.0,0.17,0.0,0.0,0.0,0.35,36.14,28.74,7.4,79.52,15.85,13.06,5.3,0.17,11.54,1.17,40.82,26,16,1544,0.17,0.0,2.1,2.8,11.54,0.7,8.16,57.85,6.41,58.82,1.75,54.55
260,925242,Serie A,24/25,Parma,Valentin Mihăilă,Midfielder,6.84,0.0,0.17,0.21,2.15,0.76,1.04,0.0,0.69,41.67,0.0,0.0,0.0,0.0,0.0,0.21,0.07,0.0,0.0,0.0,0.0,0.0,0.35,0.0,2.01,0.55,0.28,0,0.9,0.0,0.0,0.07,0.0,0.07,0.14,0.21,0.0,1.18,27.0,21.67,5.33,80.26,4.85,17.31,11.15,0.48,21.21,1.04,65.22,21,16,1300,0.14,0.0,1.18,1.38,12.18,1.38,4.98,44.44,4.02,47.93,0.97,34.15
261,148899,Serie A,24/25,SSC Napoli,Leonardo Spinazzola,Defender,6.84,0.06,0.04,0.06,0.7,0.23,0.0,8.33,1.64,49.12,0.06,0.0,0.0,0.0,0.06,0.0,0.06,0.0,0.0,0.0,0.0,0.0,0.0,0.0,1.0,0.53,1.7,0,0.76,0.0,0.06,0.0,0.0,0.18,0.35,0.06,0.0,1.52,41.31,34.51,6.8,83.55,15.7,19.69,9.96,0.88,23.08,2.11,50.7,27,17,1536,0.06,0.0,0.35,0.76,14.65,1.05,3.57,47.29,3.4,47.15,0.18,50.0
262,1137431,Serie A,24/25,Fiorentina,Michael Kayode,Defender,6.83,0.0,0.07,0.0,0.7,0.0,0.7,0.0,2.09,100.0,0.0,0.0,0.0,0.0,0.0,0.0,0.0,0.0,0.0,0.0,0.0,0.0,0.0,0.0,0.7,1.4,4.88,0,0.0,0.0,0.0,0.0,0.0,0.0,0.7,0.0,0.0,0.7,32.79,23.02,9.77,70.21,9.77,13.26,7.67,0.0,0.0,0.0,0.0,5,1,129,0.0,0.0,0.7,1.4,20.93,2.09,5.58,66.67,4.19,60.0,1.4,100.0
263,984623,Serie A,24/25,SSC Napoli,Rafa Marín,Defender,6.83,0.0,0.14,0.0,1.27,0.63,0.63,0.0,0.0,0.0,0.0,0.0,0.0,0.0,0.0,0.0,0.0,0.0,0.0,0.0,0.0,0.0,0.0,0.0,0.63,0.63,2.54,0,0.63,0.0,0.0,0.0,0.0,0.63,0.0,0.0,0.0,0.0,74.79,72.89,1.9,97.46,41.83,31.06,3.17,0.0,0.0,8.87,93.33,4,1,142,0.63,0.0,1.27,1.27,2.54,0.0,3.17,50.0,1.9,50.0,1.27,50.0
264,1030829,Serie A,24/25,Torino,Gvidas Gineitis,Midfielder,6.83,0.19,0.09,0.06,1.83,0.51,0.7,10.34,0.51,57.14,0.19,0.0,0.0,0.13,0.06,0.0,0.13,0.0,0.0,0.0,0.0,0.0,0.13,0.0,1.58,1.14,1.77,0,0.76,0.0,0.0,0.0,0.0,0.13,0.25,0.06,0.0,1.39,29.92,24.16,5.76,80.76,10.5,14.48,7.4,0.82,25.49,1.08,48.57,30,15,1423,0.32,0.0,1.45,1.45,11.19,0.63,4.43,50.36,3.54,52.34,0.89,43.75
265,891346,Serie A,24/25,Parma,Emanuele Valeri,Midfielder,6.83,0.06,0.06,0.0,0.84,0.16,0.31,7.41,0.38,27.91,0.03,0.03,0.0,0.06,0.0,0.0,0.0,0.0,0.03,0.03,100.0,0.0,0.03,0.0,1.59,0.91,2.91,0,0.97,0.06,0.06,0.0,0.0,0.19,0.22,0.19,0.0,1.13,25.92,19.14,6.79,73.82,8.85,11.07,5.47,0.78,19.38,1.28,35.34,35,34,2878,0.03,0.0,0.88,0.81,15.32,0.16,3.38,48.87,2.75,48.89,0.63,48.78
266,294313,Serie A,24/25,Monza,Stefano Sensi,Midfielder,6.83,0.33,0.31,0.0,2.32,0.66,1.32,14.29,1.65,83.33,0.33,0.0,0.0,0.0,0.33,0.0,0.0,0.0,0.33,0.33,100.0,0.0,0.33,0.0,2.65,0.99,0.99,0,0.33,0.0,0.33,0.0,0.0,0.0,0.33,0.0,0.0,0.99,93.97,84.04,9.93,89.44,37.72,46.99,22.17,0.66,16.67,5.29,55.17,12,2,272,0.0,0.0,0.99,1.99,15.55,0.99,6.95,65.63,6.29,70.37,0.66,40.0
267,835600,Serie A,24/25,Inter,Davide Frattesi,Midfielder,6.83,0.38,0.31,0.45,2.11,0.6,0.83,17.86,0.53,50.0,0.38,0.0,0.0,0.08,0.3,0.08,0.15,0.08,0.0,0.0,0.0,0.0,0.0,0.0,1.28,0.38,0.98,0,0.6,0.0,0.08,0.0,0.0,0.15,0.15,0.08,0.0,0.53,26.08,22.01,4.07,84.39,9.57,12.51,4.82,0.08,12.5,0.6,57.14,28,9,1194,0.08,0.0,0.83,2.41,7.24,0.3,4.97,60.55,4.22,65.12,0.75,43.48
268,148458,Serie A,24/25,Monza,Gianluca Caprari,Forward,6.83,0.16,0.23,0.0,1.62,0.6,0.43,10.0,0.54,30.3,0.16,0.0,0.0,0.0,0.11,0.05,0.27,0.0,0.11,0.11,100.0,0.0,0.11,0.0,1.03,0.43,0.11,0,0.38,0.0,0.05,0.0,0.0,0.0,0.11,0.11,0.0,1.62,34.85,30.2,4.65,86.65,11.15,20.02,10.82,0.97,22.5,1.35,69.44,34,18,1663,0.16,0.0,0.97,2.27,13.53,1.68,4.06,45.18,3.84,47.97,0.22,22.22
269,984184,Serie A,24/25,Inter,Nicola Zalewski,Midfielder,6.83,0.09,0.05,0.0,0.92,0.27,0.55,10.0,1.01,39.29,0.0,0.09,0.0,0.0,0.09,0.0,0.09,0.0,0.0,0.0,0.0,0.0,0.0,0.0,1.37,0.55,0.73,0,0.64,0.09,0.18,0.0,0.0,0.0,0.46,0.09,0.0,1.92,38.22,31.89,6.32,83.45,12.83,20.9,10.63,1.83,38.46,1.37,51.72,23,8,982,0.27,0.0,0.82,2.2,14.57,1.01,5.22,50.89,4.4,52.17,0.82,45.0
270,273405,Serie A,24/25,Lazio,Manuel Lazzari,Defender,6.83,0.0,0.01,0.0,0.38,0.13,0.13,0.0,0.95,71.43,0.0,0.0,0.0,0.0,0.0,0.0,0.06,0.0,0.0,0.0,0.0,0.0,0.0,0.0,1.65,0.64,0.64,0,0.64,0.0,0.0,0.06,0.0,0.13,0.19,0.06,0.06,1.34,35.05,30.53,4.52,87.11,13.42,18.19,8.65,1.08,17.53,0.95,60.0,25,16,1415,0.19,0.0,0.76,1.84,12.91,0.45,4.77,61.48,4.39,66.99,0.38,31.58
271,988037,Serie A,24/25,Juventus,Juan Cabal,Defender,6.83,0.0,0.03,0.0,0.98,0.0,0.78,0.0,0.78,100.0,0.0,0.0,0.0,0.0,0.0,0.0,0.2,0.0,0.0,0.0,0.0,0.0,0.0,0.0,1.95,0.39,2.73,0,0.78,0.0,0.2,0.0,0.0,0.39,0.0,0.0,0.2,0.39,61.69,54.27,7.42,87.97,32.99,21.87,7.42,0.59,42.86,1.95,52.63,7,6,461,0.2,0.0,1.37,1.95,10.54,0.78,6.25,64.0,4.69,63.16,1.56,66.67
272,250547,Serie A,24/25,Genoa,Mattia Bani,Defender,6.83,0.0,0.07,0.18,0.48,0.18,0.18,0.0,0.12,100.0,0.0,0.0,0.0,0.0,0.0,0.0,0.06,0.0,0.0,0.0,0.0,0.0,0.0,0.0,1.13,1.31,5.0,0,0.24,0.0,0.12,0.0,0.0,0.3,0.0,0.0,0.0,0.12,51.88,45.63,6.25,87.94,39.25,6.43,1.55,0.06,25.0,3.4,48.31,20,19,1511,0.18,0.0,0.42,0.66,7.09,0.18,3.22,60.0,1.85,73.81,1.37,47.92
273,1155423,Serie A,24/25,Parma,Alessandro Circati,Defender,6.83,0.0,0.04,0.0,0.33,0.0,0.17,0.0,0.0,0.0,0.0,0.0,0.0,0.0,0.0,0.0,0.0,0.0,0.0,0.0,0.0,0.0,0.0,0.0,1.17,0.5,6.83,0,0.17,0.0,0.17,0.0,0.0,0.17,0.0,0.0,0.0,0.17,38.17,32.83,5.33,86.03,27.0,5.83,1.17,0.0,0.0,1.83,52.38,6,6,540,0.17,0.0,0.67,0.83,6.33,0.33,4.83,72.5,2.0,63.16,2.83,80.95
274,909991,Serie A,24/25,Parma,Simon Sohm,Midfielder,6.83,0.12,0.09,0.15,1.02,0.39,0.54,11.76,0.45,53.57,0.09,0.03,0.0,0.03,0.09,0.03,0.03,0.0,0.0,0.0,0.0,0.0,0.0,0.0,0.84,0.78,1.05,0,0.57,0.0,0.0,0.0,0.0,0.15,0.06,0.0,0.0,0.6,36.37,31.3,5.07,86.06,14.13,17.26,8.07,0.09,20.0,1.17,58.21,37,36,2999,0.21,0.0,0.57,0.9,7.68,0.69,3.06,50.0,2.16,49.66,0.9,50.85
275,357584,Serie A,24/25,Torino,Borna Sosa,Midfielder,6.83,0.0,0.02,0.0,0.3,0.08,0.23,0.0,0.23,60.0,0.0,0.0,0.0,0.0,0.0,0.0,0.08,0.0,0.0,0.0,0.0,0.0,0.0,0.0,1.98,1.06,2.13,0,0.68,0.0,0.0,0.08,0.0,0.08,0.08,0.0,0.0,0.84,40.36,33.52,6.84,83.05,17.26,17.33,8.21,1.06,27.45,1.6,40.38,19,14,1184,0.0,0.0,0.91,0.53,11.55,0.08,3.95,55.91,2.74,62.07,1.22,45.71
276,609206,Serie A,24/25,Udinese,Kingsley Ehizibue,Midfielder,6.82,0.0,0.04,0.11,0.5,0.14,0.32,0.0,0.43,44.44,0.0,0.0,0.0,0.0,0.0,0.0,0.18,0.0,0.0,0.0,0.0,0.0,0.0,0.0,1.97,0.82,2.08,0,0.57,0.04,0.14,0.0,0.0,0.07,0.11,0.04,0.0,0.79,24.99,19.69,5.31,78.77,9.93,10.47,4.8,0.72,32.79,0.86,40.68,33,30,2510,0.18,0.0,1.18,1.18,10.65,0.75,4.63,52.87,3.59,54.95,1.04,46.77
277,886628,Serie A,24/25,Lecce,Þórir Jóhann Helgason,Midfielder,6.82,0.0,0.09,0.16,1.24,0.39,0.7,0.0,0.62,57.14,0.0,0.0,0.0,0.0,0.0,0.08,0.16,0.0,0.0,0.0,0.0,0.0,0.39,0.0,0.78,0.47,0.47,0,0.47,0.0,0.16,0.0,0.0,0.0,0.08,0.31,0.0,1.71,24.97,18.28,6.69,73.21,6.22,13.46,6.38,1.4,25.35,1.63,67.74,21,13,1157,0.0,0.0,0.78,0.78,14.16,0.78,3.5,47.87,2.18,46.67,1.32,50.0
278,894863,Serie A,24/25,Como,Anastasios Douvikas,Forward,6.82,0.31,0.4,0.62,2.18,0.78,1.25,14.29,0.78,55.56,0.31,0.0,0.16,0.16,0.0,0.0,0.16,0.0,0.0,0.0,0.0,0.0,0.0,0.0,0.47,0.16,0.47,0,0.47,0.0,0.0,0.0,0.0,0.16,0.31,0.31,0.0,1.4,16.04,12.46,3.58,77.67,4.36,8.1,5.45,0.0,0.0,0.16,33.33,13,6,578,0.16,0.0,2.02,2.65,10.28,1.87,5.14,39.29,3.74,43.64,1.4,31.03
279,964154,Serie A,24/25,Hellas Verona,Tomáš Suslov,Forward,6.82,0.0,0.07,0.04,1.37,0.3,0.69,0.0,1.55,54.55,0.0,0.0,0.0,0.0,0.0,0.0,0.09,0.0,0.0,0.0,0.0,0.0,0.17,0.0,2.32,0.77,0.64,0,2.1,0.0,0.04,0.0,0.0,0.09,0.17,0.04,0.0,1.16,20.0,15.54,4.46,77.68,5.45,10.69,6.05,0.6,28.57,1.59,62.71,31,27,2097,0.21,0.04,2.32,2.79,11.33,1.46,6.87,45.98,6.65,48.74,0.21,16.67
280,1010220,Serie A,24/25,Juventus,Nicolò Savona,Defender,6.82,0.1,0.02,0.05,0.31,0.21,0.05,33.33,0.31,54.55,0.1,0.0,0.05,0.05,0.0,0.0,0.05,0.0,0.0,0.0,0.0,0.0,0.0,0.0,1.51,0.57,1.56,0,0.63,0.0,0.0,0.0,0.0,0.1,0.1,0.05,0.0,0.83,49.64,45.42,4.22,91.49,27.58,18.41,7.67,0.57,32.35,1.51,44.62,28,19,1726,0.26,0.0,0.68,0.47,6.94,0.21,2.76,50.48,2.29,56.41,0.47,33.33
281,983510,Serie A,24/25,Parma,Botond Balogh,Defender,6.82,0.0,0.02,0.04,0.13,0.0,0.09,0.0,0.0,0.0,0.0,0.0,0.0,0.0,0.0,0.0,0.0,0.0,0.0,0.0,0.0,0.0,0.0,0.0,1.58,1.1,5.87,0,0.35,0.04,0.04,0.09,0.0,0.18,0.04,0.04,0.0,0.09,41.95,37.57,4.38,89.55,29.06,8.5,1.49,0.0,0.0,2.15,55.68,29,23,2053,0.22,0.0,0.75,0.31,4.95,0.04,3.38,59.23,1.8,63.08,1.58,55.38
282,44906,Serie A,24/25,Bologna,Łukasz Skorupski,Goalkeeper,6.82,0.0,0.0,0.0,0.0,0.0,0.0,0.0,0.04,100.0,0.0,0.0,0.0,0.0,0.0,0.0,0.0,0.0,0.0,0.0,0.0,0.0,0.0,0.0,0.04,0.0,0.84,0,0.08,0.04,0.04,0.04,0.0,0.3,0.0,0.0,0.0,0.0,37.56,28.66,8.9,76.29,25.38,3.27,1.22,0.0,0.0,6.13,41.6,27,27,2365,0.04,0.0,0.04,0.15,9.25,0.0,0.3,66.67,0.19,62.5,0.11,75.0
283,355486,Serie A,24/25,Atalanta,Stefan Posch,Defender,6.82,0.0,0.04,0.08,0.41,0.16,0.16,0.0,0.32,30.77,0.0,0.0,0.0,0.0,0.0,0.08,0.08,0.0,0.0,0.0,0.0,0.0,0.0,0.0,3.57,0.73,2.59,0,0.89,0.0,0.0,0.0,0.0,0.24,0.0,0.0,0.0,0.81,52.54,42.49,10.05,80.86,22.78,20.35,8.84,0.65,34.78,3.57,47.83,19,11,1110,0.08,0.0,2.19,1.38,15.16,1.38,6.65,51.57,5.11,50.81,1.54,54.29
284,318607,Serie A,24/25,Bologna,Davide Calabria,Defender,6.82,0.0,0.05,0.0,0.46,0.0,0.28,0.0,0.28,42.86,0.0,0.0,0.0,0.0,0.0,0.0,0.0,0.0,0.0,0.0,0.0,0.0,0.0,0.0,2.03,1.01,2.4,0,0.92,0.0,0.09,0.0,0.0,0.18,0.18,0.09,0.0,1.29,49.8,43.06,6.73,86.48,21.02,22.87,10.88,0.83,27.27,1.84,45.45,18,11,976,0.28,0.0,0.92,0.83,11.43,0.37,4.15,56.96,3.04,56.9,1.11,57.14
285,19352,Serie A,24/25,Inter,Matteo Darmian,Midfielder,6.82,0.15,0.1,0.15,0.55,0.2,0.35,27.27,0.2,50.0,0.15,0.0,0.05,0.05,0.05,0.0,0.25,0.0,0.0,0.0,0.0,0.0,0.0,0.0,1.41,0.5,1.61,0,0.55,0.0,0.0,0.05,0.05,0.4,0.05,0.1,0.05,0.8,42.87,36.59,6.27,85.36,19.83,17.17,7.48,0.4,25.0,1.46,40.28,29,20,1793,0.15,0.0,1.31,0.95,9.49,0.3,3.21,52.03,2.51,53.19,0.7,48.28
286,352736,Serie A,24/25,Cagliari,Sebastiano Luperto,Defender,6.82,0.03,0.06,0.08,0.58,0.17,0.33,4.76,0.03,20.0,0.03,0.0,0.0,0.0,0.0,0.03,0.03,0.0,0.0,0.0,0.0,0.0,0.0,0.0,1.33,0.92,4.33,0,0.28,0.03,0.0,0.03,0.0,0.19,0.06,0.08,0.0,0.22,42.92,36.42,6.5,84.85,27.14,9.31,3.06,0.03,12.5,1.56,32.18,36,36,3240,0.11,0.0,0.64,0.56,7.56,0.08,3.61,58.3,1.92,64.49,1.69,52.59
287,369866,Serie A,24/25,Como,Luca Mazzitelli,Midfielder,6.81,0.25,0.05,0.0,1.76,0.75,1.01,14.29,1.01,80.0,0.25,0.0,0.0,0.25,0.0,0.0,0.0,0.0,0.0,0.0,0.0,0.0,0.0,0.0,2.26,0.75,2.51,0,0.5,0.0,0.0,0.0,0.0,0.0,0.25,0.25,0.0,1.51,45.75,38.72,7.04,84.62,18.6,20.11,10.31,0.0,0.0,4.02,55.17,11,3,358,0.25,0.0,2.26,1.01,12.82,1.26,4.78,45.24,4.27,53.13,0.5,20.0
288,1010223,Serie A,24/25,Genoa,Fabio Miretti,Midfielder,6.81,0.16,0.17,0.16,1.28,0.32,0.48,12.5,1.33,39.68,0.16,0.0,0.0,0.05,0.11,0.05,0.11,0.0,0.0,0.0,0.0,0.0,0.05,0.0,1.49,0.37,0.43,0,0.8,0.05,0.05,0.0,0.0,0.05,0.21,0.16,0.05,1.22,26.19,20.99,5.21,80.12,9.03,13.07,6.16,1.12,34.43,1.01,41.3,25,22,1694,0.11,0.0,1.22,2.82,15.35,1.91,6.22,46.8,5.58,48.84,0.64,34.29
289,933203,Serie A,24/25,Venezia,Mikael Ellertsson,Midfielder,6.81,0.07,0.04,0.04,0.76,0.18,0.18,9.52,0.58,43.24,0.07,0.0,0.04,0.04,0.0,0.0,0.07,0.0,0.0,0.0,0.0,0.0,0.0,0.0,2.1,0.62,2.21,0,1.02,0.0,0.0,0.0,0.0,0.11,0.15,0.07,0.0,0.73,19.09,13.94,5.15,73.0,5.04,9.0,4.68,0.11,10.71,0.47,32.5,36,29,2480,0.07,0.0,0.8,1.6,9.65,0.69,4.86,55.83,4.28,57.28,0.58,47.06
290,870211,Serie A,24/25,Como,Alberto Dossena,Defender,6.81,0.0,0.04,0.0,0.59,0.2,0.34,0.0,0.2,66.67,0.0,0.0,0.0,0.0,0.0,0.05,0.0,0.0,0.0,0.0,0.0,0.0,0.0,0.0,1.62,1.08,4.28,0,0.59,0.0,0.05,0.1,0.0,0.0,0.1,0.1,0.0,0.25,49.8,43.79,6.0,87.94,32.77,11.02,1.87,0.0,0.0,2.02,47.67,23,20,1829,0.05,0.05,1.08,0.79,6.84,0.15,5.51,64.37,2.46,56.82,3.05,72.09
291,974581,Serie A,24/25,Como,Ivan Smolčić,Defender,6.81,0.0,0.06,0.14,0.99,0.43,0.43,0.0,0.0,0.0,0.0,0.0,0.0,0.0,0.0,0.14,0.0,0.0,0.0,0.0,0.0,0.0,0.0,0.0,2.27,1.42,3.26,0,0.57,0.0,0.0,0.14,0.0,0.14,0.0,0.0,0.0,0.28,47.06,40.39,6.66,85.84,25.8,14.6,5.39,0.0,0.0,2.55,47.37,9,7,635,0.28,0.0,1.56,0.71,11.34,0.43,4.54,51.61,2.98,51.22,1.56,52.38
292,158615,Serie A,24/25,Lazio,Matías Vecino,Midfielder,6.81,0.21,0.23,0.21,1.65,0.51,0.72,12.5,0.1,100.0,0.21,0.0,0.1,0.1,0.0,0.1,0.0,0.0,0.0,0.0,0.0,0.0,0.0,0.0,1.34,0.51,1.44,0,1.44,0.0,0.0,0.0,0.0,0.1,0.51,0.31,0.0,1.13,40.53,33.12,7.41,81.73,18.31,14.81,7.3,0.0,0.0,2.37,76.67,20,7,875,0.72,0.0,2.06,0.31,9.36,1.03,4.83,39.83,1.65,27.12,3.19,52.54
293,895592,Serie A,24/25,Udinese,Martín Payero,Midfielder,6.81,0.07,0.08,0.0,2.02,0.33,0.98,3.23,1.95,49.18,0.0,0.07,0.0,0.0,0.07,0.07,0.0,0.07,0.0,0.0,0.0,0.0,0.13,0.0,1.56,0.85,0.65,0,0.52,0.0,0.0,0.13,0.0,0.0,0.07,0.07,0.0,0.98,26.68,22.0,4.69,82.44,6.7,16.14,7.48,0.85,33.33,1.11,47.22,25,16,1383,0.33,0.0,2.28,2.54,11.39,0.85,7.42,52.78,6.05,53.45,1.37,50.0
294,1001828,Serie A,24/25,Genoa,Koni De Winter,Defender,6.81,0.13,0.09,0.17,0.55,0.3,0.25,23.08,0.25,35.29,0.13,0.0,0.13,0.0,0.0,0.0,0.04,0.0,0.0,0.0,0.0,0.0,0.0,0.0,1.39,1.05,4.73,0,0.34,0.0,0.13,0.08,0.0,0.3,0.0,0.0,0.0,0.13,51.98,45.15,6.84,86.85,33.8,11.43,2.83,0.08,50.0,1.73,45.56,25,23,2133,0.25,0.0,1.81,0.59,8.86,0.34,5.36,55.22,2.15,42.5,3.21,69.09
295,1142238,Serie A,24/25,Como,Álex Valle,Defender,6.81,0.0,0.03,0.0,0.78,0.09,0.26,0.0,0.78,50.0,0.0,0.0,0.0,0.0,0.0,0.0,0.09,0.0,0.0,0.0,0.0,0.0,0.0,0.0,2.26,0.7,3.48,0,0.52,0.0,0.0,0.0,0.0,0.09,0.0,0.0,0.0,0.96,47.35,40.39,6.96,85.29,20.11,20.8,9.92,0.52,37.5,1.39,40.0,15,12,1034,0.17,0.0,1.22,1.57,11.75,0.7,5.14,53.64,4.61,59.55,0.52,28.57
296,21927,Serie A,24/25,Inter,Marko Arnautović,Forward,6.81,0.64,0.53,0.96,2.24,0.96,1.28,28.57,0.32,66.67,0.64,0.0,0.32,0.32,0.0,0.0,1.28,0.0,0.0,0.0,0.0,0.0,0.0,0.0,1.12,0.16,0.16,0,0.32,0.0,0.0,0.0,0.0,0.0,0.32,0.32,0.0,1.12,24.18,18.1,6.09,74.83,4.64,13.45,9.77,0.0,0.0,0.32,66.67,18,5,562,0.32,0.0,0.64,0.96,9.93,0.48,4.32,61.36,2.4,62.5,1.92,60.0
297,933641,Serie A,24/25,Venezia,Jay Idzes,Defender,6.81,0.03,0.05,0.12,0.43,0.09,0.26,6.67,0.03,16.67,0.03,0.0,0.03,0.0,0.0,0.03,0.09,0.0,0.0,0.0,0.0,0.0,0.0,0.0,1.29,0.92,4.4,0,0.46,0.0,0.0,0.09,0.0,0.14,0.12,0.0,0.0,0.23,45.55,39.68,5.87,87.11,28.34,11.39,3.34,0.06,33.33,1.64,36.77,35,35,3128,0.14,0.0,1.44,0.35,8.06,0.2,3.31,42.59,1.64,44.19,1.67,41.13
298,927304,Serie A,24/25,Cagliari,Gabriele Zappa,Defender,6.81,0.06,0.02,0.03,0.32,0.15,0.06,18.18,0.38,48.15,0.06,0.0,0.0,0.0,0.06,0.0,0.0,0.0,0.0,0.0,0.0,0.0,0.0,0.0,1.18,0.68,2.5,0,0.5,0.0,0.03,0.0,0.0,0.15,0.24,0.0,0.0,0.82,40.44,31.83,8.61,78.71,18.49,13.84,6.29,0.5,23.61,2.32,40.51,37,35,3062,0.12,0.0,0.73,0.53,13.52,0.21,2.7,50.83,2.09,53.38,0.62,43.75
299,791355,Serie A,24/25,AS Roma,Eldor Shomurodov,Forward,6.81,0.32,0.39,0.41,2.36,1.14,0.73,13.79,0.65,29.63,0.32,0.0,0.16,0.08,0.08,0.16,0.24,0.0,0.0,0.0,0.0,0.0,0.0,0.0,1.14,0.24,0.24,0,0.24,0.0,0.0,0.0,0.0,0.08,0.24,0.32,0.0,1.38,22.74,17.46,5.28,76.79,4.55,12.92,8.2,0.0,0.0,0.49,75.0,27,11,1108,0.08,0.0,1.14,0.57,12.92,1.54,4.47,37.41,2.36,36.25,2.11,38.81
300,123976,Serie A,24/25,Como,Sergi Roberto,Midfielder,6.8,0.0,0.09,0.13,0.78,0.13,0.39,0.0,0.39,33.33,0.0,0.0,0.0,0.0,0.0,0.0,0.0,0.0,0.0,0.0,0.0,0.0,0.0,0.0,1.81,1.16,1.81,0,0.26,0.0,0.0,0.26,0.0,0.0,0.0,0.13,0.0,1.94,64.27,58.45,5.82,90.95,25.86,32.97,12.8,0.39,50.0,0.65,55.56,13,8,696,0.52,0.0,0.91,1.81,9.7,0.65,4.91,56.72,4.01,60.78,0.91,43.75
301,1169409,Serie A,24/25,Hellas Verona,Alphadjo Cissè,Forward,6.8,0.0,0.38,0.0,15.0,15.0,0.0,0.0,0.0,0.0,0.0,0.0,0.0,0.0,0.0,0.0,0.0,0.0,0.0,0.0,0.0,0.0,0.0,0.0,0.0,0.0,0.0,0,0.0,0.0,0.0,0.0,0.0,0.0,0.0,0.0,0.0,0.0,60.0,45.0,15.0,75.0,22.5,22.5,15.0,0.0,0.0,0.0,0.0,2,0,12,0.0,0.0,7.5,0.0,15.0,0.0,7.5,50.0,0.0,0.0,7.5,100.0
302,992605,Serie A,24/25,Cagliari,Giuseppe Ciocci,Goalkeeper,6.8,0.0,0.0,0.0,0.0,0.0,0.0,0.0,0.0,0.0,0.0,0.0,0.0,0.0,0.0,0.0,0.0,0.0,0.0,0.0,0.0,0.0,0.0,0.0,0.0,0.0,0.0,0,0.0,0.0,0.0,0.0,0.0,0.0,0.0,0.0,0.0,0.0,11.25,11.25,0.0,100.0,11.25,0.0,0.0,0.0,0.0,0.0,0.0,1,0,8,0.0,0.0,0.0,11.25,0.0,0.0,11.25,100.0,11.25,100.0,0.0,0.0
303,970978,Serie A,24/25,Monza,Andrea Carboni,Defender,6.8,0.0,0.01,0.0,0.33,0.04,0.25,0.0,0.2,55.56,0.0,0.0,0.0,0.0,0.0,0.0,0.0,0.0,0.0,0.0,0.0,0.0,0.0,0.0,2.46,1.11,4.26,0,0.74,0.0,0.16,0.04,0.0,0.08,0.04,0.04,0.0,0.16,45.94,39.92,6.02,86.89,27.95,12.09,3.85,0.12,20.0,1.8,44.9,26,25,2196,0.2,0.0,1.19,0.7,7.87,0.2,4.92,55.05,3.28,58.82,1.64,48.78
304,1160957,Serie A,24/25,Juventus,Alberto Costa,Defender,6.8,0.0,0.15,0.5,1.76,0.5,0.25,0.0,1.01,40.0,0.0,0.0,0.0,0.0,0.0,0.0,0.0,0.0,0.0,0.0,0.0,0.0,0.0,0.0,3.52,1.01,3.27,0,0.5,0.0,0.0,0.0,0.0,0.25,0.0,0.25,0.0,0.5,48.27,40.47,7.79,83.85,19.86,20.61,10.06,0.0,0.0,0.75,27.27,9,3,358,0.75,0.0,2.01,0.5,13.07,0.0,6.28,59.52,5.03,58.82,1.26,62.5
305,124992,Serie A,24/25,Juventus,Danilo,Defender,6.8,0.0,0.02,0.0,0.15,0.0,0.15,0.0,0.0,0.0,0.0,0.0,0.0,0.0,0.0,0.0,0.0,0.0,0.0,0.0,0.0,0.0,0.0,0.0,1.55,1.39,3.09,0,0.77,0.0,0.15,0.15,0.0,0.15,0.31,0.15,0.0,0.46,83.51,76.08,7.42,91.11,41.6,34.64,13.92,0.15,33.33,5.57,66.67,12,6,582,0.31,0.0,1.7,0.15,9.28,0.31,4.18,51.92,1.7,37.93,2.47,69.57
306,1495719,Serie A,24/25,Udinese,Matteo Palma,Defender,6.8,0.0,0.0,0.0,0.0,0.0,0.0,0.0,0.0,0.0,0.0,0.0,0.0,0.0,0.0,0.0,0.0,0.0,0.0,0.0,0.0,0.0,0.0,0.0,0.0,0.0,11.25,0,0.0,0.0,0.0,0.0,0.0,0.0,0.0,0.0,0.0,0.0,67.5,56.25,11.25,83.33,33.75,22.5,0.0,0.0,0.0,0.0,0.0,1,0,8,0.0,0.0,11.25,0.0,22.5,0.0,11.25,50.0,0.0,0.0,11.25,100.0
307,807301,Serie A,24/25,Atalanta,Gianluca Scamacca,Forward,6.8,0.0,0.62,0.0,6.92,6.92,0.0,0.0,0.0,0.0,0.0,0.0,0.0,0.0,0.0,0.0,0.0,0.0,0.0,0.0,0.0,0.0,0.0,0.0,0.0,0.0,0.0,0,0.0,0.0,0.0,0.0,0.0,0.0,0.0,0.0,0.0,0.0,6.92,6.92,0.0,100.0,6.92,0.0,0.0,0.0,0.0,0.0,0.0,1,0,13,0.0,0.0,0.0,0.0,0.0,0.0,0.0,0.0,0.0,0.0,0.0,0.0
308,1018179,Serie A,24/25,Hellas Verona,Daniel Mosquera,Forward,6.8,0.33,0.44,0.46,3.74,1.05,1.71,8.77,1.05,66.67,0.26,0.07,0.0,0.0,0.26,0.07,0.53,0.0,0.0,0.0,0.0,0.0,0.0,0.0,0.72,0.13,0.66,0,0.92,0.0,0.0,0.0,0.0,0.0,0.13,0.07,0.07,0.85,21.73,15.03,6.7,69.18,4.79,10.24,5.65,0.0,0.0,0.2,37.5,35,12,1371,0.26,0.0,2.89,1.12,11.36,1.12,8.07,43.01,2.76,37.17,5.32,46.82
309,284349,Serie A,24/25,SSC Napoli,Simone Scuffet,Goalkeeper,6.8,0.0,0.0,0.0,0.0,0.0,0.0,0.0,0.0,0.0,0.0,0.0,0.0,0.0,0.0,0.0,0.0,0.0,0.0,0.0,0.0,0.0,0.0,0.0,0.0,0.0,1.14,0,0.07,0.14,0.0,0.0,0.0,0.07,0.0,0.0,0.0,0.0,28.0,18.93,9.07,67.6,14.64,4.29,0.57,0.0,0.0,7.21,44.69,14,14,1260,0.0,0.0,0.0,0.07,9.29,0.0,0.36,71.43,0.07,50.0,0.29,80.0
310,105905,Serie A,24/25,Atalanta,Sulemana,Midfielder,6.8,0.64,0.14,0.32,1.6,0.64,0.32,40.0,0.32,50.0,0.0,0.64,0.0,0.0,0.64,0.0,0.0,0.0,0.0,0.0,0.0,0.0,0.0,0.0,2.87,0.0,0.32,0,1.91,0.0,0.0,0.0,0.0,0.0,0.0,0.0,0.0,0.32,57.45,50.74,6.7,88.33,20.74,30.0,10.53,0.0,0.0,1.28,57.14,9,3,282,0.32,0.0,0.64,0.64,10.53,0.96,6.7,56.76,3.83,50.0,2.87,69.23
311,862697,Serie A,24/25,Bologna,Nicolò Casale,Defender,6.79,0.0,0.04,0.0,0.43,0.17,0.09,0.0,0.26,100.0,0.0,0.0,0.0,0.0,0.0,0.09,0.0,0.0,0.0,0.0,0.0,0.0,0.0,0.0,1.38,1.55,3.79,0,0.43,0.17,0.09,0.0,0.09,0.17,0.09,0.09,0.0,0.26,53.26,46.98,6.28,88.21,31.58,15.4,3.53,0.0,0.0,2.75,64.0,17,11,1046,0.09,0.0,2.15,0.69,7.31,0.09,5.59,55.56,2.32,49.09,3.27,61.29
312,346676,Serie A,24/25,Monza,Patrick Ciurria,Forward,6.79,0.08,0.07,0.0,0.89,0.16,0.4,9.09,0.4,41.67,0.08,0.0,0.0,0.08,0.0,0.0,0.08,0.0,0.0,0.0,0.0,0.0,0.0,0.0,1.77,0.48,1.69,0,0.56,0.0,0.0,0.0,0.0,0.0,0.32,0.08,0.08,1.13,27.07,21.84,5.24,80.65,9.75,13.13,6.28,1.05,21.31,1.29,57.14,21,12,1117,0.08,0.0,1.37,0.89,12.89,1.13,3.46,42.57,3.06,46.91,0.4,25.0
313,329175,Serie A,24/25,AS Roma,Pierluigi Gollini,Goalkeeper,6.79,0.0,0.0,0.0,0.0,0.0,0.0,0.0,0.0,0.0,0.0,0.0,0.0,0.0,0.0,0.0,0.0,0.0,0.0,0.0,0.0,0.0,0.0,0.0,0.0,0.0,0.29,0,0.0,0.14,0.0,0.0,0.0,0.14,0.0,0.0,0.0,0.0,32.71,26.43,6.29,80.79,22.86,3.57,1.29,0.0,0.0,6.43,50.56,7,7,630,0.14,0.0,0.0,0.0,6.29,0.0,0.0,0.0,0.0,0.0,0.0,0.0
314,1101992,Serie A,24/25,Monza,Alessandro Bianco,Midfielder,6.79,0.03,0.04,0.0,0.89,0.21,0.55,3.85,0.58,47.22,0.03,0.0,0.0,0.0,0.03,0.0,0.1,0.0,0.0,0.0,0.0,0.0,0.0,0.0,1.75,0.76,1.68,0,0.51,0.03,0.1,0.03,0.0,0.03,0.07,0.0,0.0,0.62,51.56,45.21,6.35,87.68,25.47,19.84,8.2,0.1,13.04,3.36,62.03,35,29,2622,0.31,0.0,1.48,1.89,10.33,0.82,4.77,52.65,4.19,55.71,0.58,37.78
315,928796,Serie A,24/25,Bologna,Tommaso Pobega,Midfielder,6.79,0.15,0.16,0.23,1.83,0.61,0.61,8.33,0.23,42.86,0.15,0.0,0.0,0.08,0.08,0.15,0.0,0.08,0.0,0.0,0.0,0.0,0.0,0.0,2.52,1.07,1.22,0,0.61,0.0,0.0,0.0,0.0,0.23,0.08,0.15,0.0,0.92,34.53,28.88,5.65,83.63,12.91,16.2,8.02,0.23,37.5,1.38,41.86,21,13,1178,0.31,0.15,2.52,1.07,8.25,0.46,4.89,48.85,3.74,49.0,1.15,48.39
316,279563,Serie A,24/25,Cagliari,Răzvan Marin,Midfielder,6.79,0.19,0.15,0.0,1.47,0.64,0.45,13.04,0.83,54.17,0.13,0.06,0.0,0.0,0.19,0.13,0.0,0.0,0.13,0.13,100.0,0.0,0.13,0.0,1.41,0.13,1.28,0,0.77,0.06,0.06,0.0,0.0,0.06,0.32,0.13,0.0,2.17,42.09,34.16,7.93,81.16,16.63,19.19,8.89,1.66,33.77,2.37,42.53,33,13,1407,0.26,0.0,1.6,0.83,14.26,1.02,3.65,41.91,3.01,43.12,0.64,37.04
317,82943,Serie A,24/25,Atalanta,Rafael Tolói,Defender,6.79,0.0,0.01,0.0,0.58,0.0,0.58,0.0,0.39,66.67,0.0,0.0,0.0,0.0,0.0,0.0,0.0,0.0,0.0,0.0,0.0,0.0,0.0,0.0,1.94,1.55,2.13,0,1.36,0.0,0.0,0.0,0.0,0.19,0.19,0.0,0.0,0.58,56.06,49.46,6.59,88.24,27.35,22.31,9.31,0.19,50.0,1.16,28.57,11,2,464,0.19,0.0,1.16,0.39,8.92,0.58,4.46,56.1,2.72,45.16,1.75,90.0
318,923820,Serie A,24/25,Monza,Semuel Pizzignacco,Goalkeeper,6.79,0.0,0.0,0.0,0.0,0.0,0.0,0.0,0.0,0.0,0.0,0.0,0.0,0.0,0.0,0.0,0.0,0.0,0.0,0.0,0.0,0.0,0.0,0.0,0.0,0.0,1.59,0,0.12,0.0,0.0,0.0,0.12,0.12,0.0,0.0,0.0,0.0,35.58,25.43,10.15,71.48,22.38,3.06,0.73,0.0,0.0,5.99,37.12,9,8,736,0.0,0.0,0.0,0.24,10.15,0.0,0.86,87.5,0.0,0.0,0.86,100.0
319,317699,Serie A,24/25,Monza,Keita Baldé,Forward,6.78,0.28,0.16,0.14,1.97,0.7,0.56,14.29,0.7,38.46,0.14,0.14,0.0,0.0,0.28,0.14,0.42,0.0,0.0,0.0,0.0,0.0,0.0,0.0,0.14,0.28,0.0,0,0.14,0.0,0.0,0.0,0.0,0.0,0.0,0.0,0.0,0.56,30.38,27.42,2.95,90.28,10.41,17.44,10.55,0.42,50.0,0.84,85.71,11,8,640,0.28,0.0,0.98,3.23,9.42,2.11,4.78,46.58,4.08,50.88,0.7,31.25
320,21608,Serie A,24/25,Cagliari,Nicolas Viola,Forward,6.78,0.21,0.17,0.35,2.18,0.63,0.98,9.68,0.77,40.74,0.14,0.07,0.07,0.14,0.0,0.07,0.56,0.0,0.0,0.0,0.0,0.07,0.28,25.0,0.98,0.21,0.35,0,0.63,0.0,0.0,0.0,0.0,0.0,0.28,0.07,0.07,2.04,25.8,17.79,8.02,68.94,5.98,13.85,7.66,2.04,36.71,1.2,45.95,27,18,1280,0.14,0.0,1.41,2.39,16.66,1.48,5.62,48.19,4.15,48.76,1.48,46.67
321,962029,Serie A,24/25,Fiorentina,Lucas Beltrán,Forward,6.78,0.23,0.25,0.23,1.33,0.41,0.55,17.24,0.69,51.72,0.23,0.0,0.09,0.05,0.09,0.09,0.18,0.05,0.14,0.09,66.67,0.0,0.0,0.0,1.06,0.23,0.55,0,0.64,0.0,0.0,0.0,0.0,0.09,0.18,0.18,0.0,1.33,26.38,20.78,5.61,78.75,7.45,13.51,7.12,0.18,57.14,0.64,45.16,33,21,1958,0.28,0.0,1.47,2.25,10.57,1.88,5.47,43.91,4.0,47.54,1.47,36.36
322,253391,Serie A,24/25,Hellas Verona,Lorenzo Montipò,Goalkeeper,6.78,0.0,0.0,0.0,0.0,0.0,0.0,0.0,0.0,0.0,0.0,0.0,0.0,0.0,0.0,0.0,0.0,0.0,0.0,0.0,0.0,0.0,0.0,0.0,0.03,0.0,1.25,0,0.08,0.08,0.03,0.0,0.03,0.22,0.0,0.0,0.0,0.0,26.86,11.92,14.94,44.36,6.42,5.5,2.0,0.0,0.0,6.53,30.44,36,36,3240,0.0,0.0,0.0,0.19,15.25,0.0,0.42,78.95,0.11,57.14,0.31,91.67
323,958517,Serie A,24/25,Parma,Lautaro Valenti,Defender,6.78,0.06,0.02,0.0,0.4,0.12,0.23,14.29,0.0,0.0,0.06,0.0,0.06,0.0,0.0,0.0,0.0,0.0,0.0,0.0,0.0,0.0,0.0,0.0,0.98,0.75,5.32,0,0.12,0.0,0.06,0.0,0.0,0.29,0.0,0.0,0.0,0.23,47.51,40.23,7.28,84.67,30.06,10.23,1.97,0.06,50.0,2.49,38.39,20,18,1557,0.23,0.06,1.39,0.4,8.03,0.0,2.77,50.0,1.33,46.0,1.45,54.35
324,957937,Serie A,24/25,Hellas Verona,Casper Tengstedt,Forward,6.78,0.35,0.3,0.35,2.23,0.65,0.94,15.79,0.53,36.0,0.35,0.0,0.0,0.06,0.29,0.06,0.35,0.0,0.06,0.06,100.0,0.0,0.0,0.0,0.41,0.24,1.7,0,0.29,0.0,0.0,0.0,0.0,0.0,0.12,0.06,0.0,0.71,16.52,11.46,5.06,69.4,3.76,7.76,4.47,0.06,10.0,0.47,40.0,25,20,1531,0.12,0.0,0.35,0.53,9.11,0.35,2.65,32.61,1.47,43.86,1.18,24.69
325,1496360,Serie A,24/25,Fiorentina,Matias Moreno,Defender,6.78,0.0,0.0,0.0,0.0,0.0,0.0,0.0,1.8,100.0,0.0,0.0,0.0,0.0,0.0,0.0,0.0,0.0,0.0,0.0,0.0,0.0,0.0,0.0,4.8,0.6,5.4,0,0.0,0.0,0.0,0.6,0.0,0.0,0.0,0.0,0.0,0.6,41.4,34.8,6.6,84.06,20.4,14.4,5.4,0.0,0.0,1.2,66.67,4,2,150,0.0,0.0,2.4,0.0,9.0,0.6,8.4,60.87,6.6,73.33,1.8,37.5
326,186845,Serie A,24/25,Empoli,Alberto Grassi,Midfielder,6.78,0.04,0.04,0.08,0.44,0.16,0.16,9.09,0.2,45.45,0.04,0.0,0.0,0.0,0.04,0.04,0.04,0.04,0.0,0.0,0.0,0.0,0.0,0.0,1.58,1.33,1.62,0,0.32,0.0,0.04,0.0,0.0,0.08,0.04,0.0,0.0,0.28,33.53,25.45,8.08,75.9,14.06,11.39,5.33,0.0,0.0,1.78,37.61,28,27,2228,0.32,0.04,1.13,1.37,10.75,0.73,4.32,57.22,3.07,57.58,1.25,56.36
327,800408,Serie A,24/25,Hellas Verona,Suat Serdar,Midfielder,6.78,0.13,0.13,0.07,1.96,0.52,0.46,6.67,1.24,55.88,0.0,0.13,0.0,0.0,0.13,0.07,0.0,0.0,0.0,0.0,0.0,0.0,0.0,0.0,2.29,0.52,1.24,0,1.05,0.0,0.0,0.0,0.0,0.0,0.13,0.07,0.0,0.65,30.0,22.94,7.06,76.47,9.67,13.46,6.41,0.2,33.33,1.24,51.35,22,16,1377,0.13,0.07,2.16,1.18,11.44,0.98,5.62,48.59,4.51,47.26,1.11,54.84
328,928122,Serie A,24/25,Fiorentina,Andrea Colpani,Forward,6.78,0.12,0.16,0.24,2.17,0.72,0.54,5.56,0.72,48.0,0.12,0.0,0.0,0.12,0.0,0.06,0.06,0.0,0.0,0.0,0.0,0.0,0.12,0.0,0.91,0.54,0.54,0,0.48,0.0,0.0,0.0,0.0,0.06,0.0,0.06,0.0,1.03,25.67,22.11,3.56,86.12,7.49,14.92,9.48,0.3,15.15,0.97,51.61,25,18,1490,0.06,0.0,1.33,1.45,9.3,1.33,3.68,43.57,3.02,44.25,0.66,40.74
329,233856,Serie A,24/25,Udinese,Lautaro Giannetti,Defender,6.78,0.1,0.01,0.0,0.2,0.2,0.0,50.0,0.0,0.0,0.1,0.0,0.1,0.0,0.0,0.0,0.0,0.0,0.0,0.0,0.0,0.0,0.0,0.0,2.24,1.53,4.59,0,0.61,0.1,0.0,0.1,0.2,0.1,0.0,0.0,0.0,0.2,38.98,32.14,6.84,82.46,23.78,8.37,1.63,0.0,0.0,1.63,36.36,15,11,882,0.41,0.0,0.71,0.0,7.24,0.0,5.31,65.82,2.24,62.86,3.06,68.18
330,79680,Serie A,24/25,Cagliari,José Luis Palomino,Defender,6.78,0.08,0.04,0.0,0.17,0.08,0.08,50.0,0.0,0.0,0.08,0.0,0.08,0.0,0.0,0.0,0.0,0.0,0.0,0.0,0.0,0.0,0.0,0.0,2.25,1.83,3.83,0,0.5,0.0,0.0,0.08,0.0,0.17,0.0,0.0,0.0,0.08,46.58,40.84,5.74,87.68,29.61,11.23,3.91,0.0,0.0,2.91,50.72,18,10,1082,0.25,0.0,0.91,0.17,6.9,0.08,3.74,59.21,2.41,60.42,1.33,57.14
331,930191,Serie A,24/25,Empoli,Lorenzo Colombo,Forward,6.78,0.24,0.24,0.24,2.24,0.8,0.92,10.71,0.96,48.98,0.2,0.04,0.0,0.2,0.04,0.16,0.24,0.0,0.04,0.04,100.0,0.0,0.0,0.0,1.24,0.08,0.6,0,0.56,0.04,0.0,0.0,0.0,0.0,0.2,0.08,0.0,0.84,19.77,13.53,6.24,68.42,4.88,8.72,4.56,0.08,20.0,0.84,58.33,37,26,2249,0.12,0.04,1.84,1.64,13.25,2.08,5.96,36.88,3.8,42.04,2.16,30.34
332,966849,Serie A,24/25,AS Roma,Saud Abdulhamid,Midfielder,6.78,0.0,0.01,0.0,0.44,0.0,0.44,0.0,1.32,60.0,0.0,0.0,0.0,0.0,0.0,0.0,0.0,0.0,0.0,0.0,0.0,0.0,0.0,0.0,1.32,0.88,0.0,0,0.0,0.0,0.0,0.44,0.0,0.0,0.44,0.44,0.0,0.88,42.59,37.76,4.83,88.66,14.49,24.59,10.54,1.32,42.86,0.0,0.0,4,2,205,0.0,0.0,0.88,2.2,12.29,0.44,4.83,64.71,4.83,68.75,0.0,0.0
333,970928,Serie A,24/25,Atalanta,Daniel Maldini,Forward,6.77,0.34,0.41,0.69,2.81,1.09,1.2,12.24,2.06,43.37,0.23,0.11,0.0,0.06,0.29,0.11,0.17,0.0,0.0,0.0,0.0,0.0,0.29,0.0,0.92,0.34,0.69,0,0.46,0.0,0.11,0.0,0.0,0.0,0.06,0.0,0.0,0.86,24.81,17.99,6.82,72.52,6.82,11.51,6.7,0.34,13.95,1.03,64.29,30,18,1571,0.29,0.0,1.03,2.64,16.44,2.06,7.33,47.94,5.56,47.55,1.78,49.21
334,1012383,Serie A,24/25,Monza,Kacper Urbański,Midfielder,6.77,0.12,0.06,0.0,1.07,0.24,0.6,11.11,0.72,50.0,0.12,0.0,0.12,0.0,0.0,0.0,0.0,0.0,0.0,0.0,0.0,0.0,0.0,0.0,1.19,0.48,1.43,0,0.6,0.0,0.0,0.0,0.0,0.0,0.12,0.0,0.0,1.55,43.15,37.79,5.36,87.57,15.14,23.01,12.87,0.36,25.0,2.03,85.0,15,7,755,0.36,0.0,1.55,0.95,10.61,1.55,3.81,36.36,2.74,39.66,1.07,30.0
335,972886,Serie A,24/25,Fiorentina,Fabiano Parisi,Defender,6.77,0.16,0.04,0.0,0.73,0.4,0.24,22.22,0.81,47.62,0.08,0.08,0.0,0.16,0.0,0.0,0.0,0.0,0.0,0.0,0.0,0.0,0.0,0.0,2.19,1.38,0.89,0,0.73,0.0,0.0,0.0,0.0,0.08,0.24,0.0,0.0,0.32,32.94,26.38,6.56,80.1,13.76,13.03,6.88,0.4,35.71,1.13,35.9,26,11,1112,0.24,0.0,1.38,2.27,11.33,1.29,6.31,53.06,5.26,56.03,1.05,41.94
336,1175821,Serie A,24/25,AS Roma,Niccolò Pisilli,Midfielder,6.77,0.15,0.19,0.22,1.98,0.59,0.88,7.41,0.37,45.45,0.15,0.0,0.07,0.0,0.07,0.0,0.07,0.0,0.0,0.0,0.0,0.0,0.0,0.0,1.76,0.81,0.96,0,0.73,0.0,0.0,0.0,0.0,0.07,0.07,0.07,0.0,0.73,40.33,34.38,5.95,85.25,12.42,22.19,10.65,0.22,30.0,1.54,58.33,28,11,1225,0.51,0.0,1.4,0.96,10.43,1.1,3.31,39.13,3.09,46.15,0.22,12.5
337,227894,Serie A,24/25,Udinese,Jesper Karlström,Midfielder,6.77,0.0,0.02,0.03,0.37,0.06,0.2,0.0,0.17,40.0,0.0,0.0,0.0,0.0,0.0,0.0,0.03,0.0,0.0,0.0,0.0,0.0,0.0,0.0,1.72,0.99,2.09,0,0.73,0.0,0.14,0.0,0.0,0.23,0.0,0.08,0.0,0.59,44.56,37.34,7.22,83.79,19.13,18.32,7.25,0.11,26.67,2.29,43.09,37,36,3189,0.25,0.0,1.19,0.71,9.31,0.51,3.47,49.8,2.57,49.46,0.9,50.79
338,928777,Serie A,24/25,Cagliari,Michel Adopo,Midfielder,6.77,0.04,0.04,0.04,0.74,0.15,0.37,5.0,0.71,48.72,0.04,0.0,0.0,0.0,0.04,0.0,0.0,0.0,0.0,0.0,0.0,0.0,0.0,0.0,2.05,1.01,0.93,0,0.52,0.0,0.0,0.0,0.0,0.15,0.11,0.04,0.0,0.71,35.86,30.09,5.77,83.9,14.56,15.64,7.78,0.11,37.5,0.89,54.55,35,27,2417,0.11,0.04,1.08,0.6,9.46,0.97,4.43,51.74,3.35,50.85,1.08,54.72
339,904887,Serie A,24/25,Udinese,Jürgen Ekkelenkamp,Midfielder,6.77,0.14,0.13,0.19,1.28,0.43,0.47,11.11,0.47,37.04,0.09,0.05,0.0,0.0,0.14,0.0,0.09,0.0,0.0,0.0,0.0,0.0,0.0,0.0,1.7,0.57,0.9,0,0.8,0.0,0.0,0.0,0.0,0.05,0.09,0.09,0.0,0.71,30.43,24.65,5.77,81.03,10.98,13.86,7.29,0.19,33.33,0.71,50.0,34,20,1902,0.09,0.0,1.37,0.66,8.94,0.33,3.69,49.37,2.84,48.0,0.85,54.55
340,877371,Serie A,24/25,Torino,Ivan Ilić,Midfielder,6.77,0.1,0.09,0.1,1.07,0.39,0.39,9.09,0.59,60.0,0.1,0.0,0.0,0.1,0.0,0.0,0.1,0.0,0.0,0.0,0.0,0.0,0.2,0.0,0.49,0.49,0.98,0,0.59,0.0,0.0,0.0,0.0,0.1,0.2,0.0,0.1,0.98,49.25,42.7,6.55,86.71,17.1,26.29,11.34,0.68,25.93,1.76,60.0,19,9,921,0.39,0.0,1.07,2.25,12.12,0.88,3.71,46.34,3.32,53.13,0.39,22.22
341,872272,Serie A,24/25,Venezia,Magnus Andersen,Midfielder,6.76,0.13,0.04,0.0,1.04,0.26,0.26,12.5,0.26,66.67,0.13,0.0,0.0,0.0,0.13,0.13,0.0,0.0,0.0,0.0,0.0,0.0,0.0,0.0,1.69,0.78,1.43,0,0.78,0.0,0.0,0.0,0.0,0.13,0.0,0.13,0.0,1.17,37.59,30.95,6.63,82.35,12.49,19.25,7.02,0.78,37.5,1.3,37.04,14,7,692,0.13,0.0,0.91,0.65,10.01,0.78,3.64,50.91,2.6,50.0,1.04,53.33
342,925285,Serie A,24/25,Empoli,Devis Vásquez,Goalkeeper,6.76,0.0,0.0,0.0,0.0,0.0,0.0,0.0,0.03,100.0,0.0,0.0,0.0,0.0,0.0,0.0,0.0,0.0,0.0,0.0,0.0,0.0,0.0,0.0,0.0,0.0,0.91,0,0.0,0.09,0.03,0.03,0.0,0.19,0.0,0.0,0.0,0.0,31.22,17.66,13.56,56.56,13.75,3.91,1.38,0.0,0.0,6.22,31.89,32,32,2880,0.06,0.0,0.03,0.12,13.75,0.0,0.41,86.67,0.12,80.0,0.28,90.0
343,814589,Serie A,24/25,Empoli,Giuseppe Pezzella,Midfielder,6.76,0.0,0.02,0.0,0.47,0.09,0.31,0.0,0.53,41.46,0.0,0.0,0.0,0.0,0.0,0.0,0.19,0.0,0.0,0.0,0.0,0.0,0.0,0.0,1.71,0.47,3.06,0,0.87,0.0,0.06,0.03,0.0,0.12,0.31,0.09,0.06,1.18,24.25,17.64,6.61,72.75,9.13,9.57,4.58,1.06,19.1,1.06,31.48,35,34,2887,0.22,0.0,1.53,1.03,16.27,1.0,4.4,48.29,3.27,44.3,1.12,65.45
344,14718,Serie A,24/25,Bologna,Lorenzo De Silvestri,Defender,6.76,0.08,0.08,0.0,0.76,0.34,0.42,11.11,0.08,20.0,0.08,0.0,0.08,0.0,0.0,0.08,0.08,0.0,0.0,0.0,0.0,0.0,0.0,0.0,0.93,0.85,2.45,0,0.76,0.0,0.0,0.0,0.0,0.08,0.0,0.0,0.0,0.42,36.76,29.49,7.27,80.23,16.56,13.35,5.49,0.42,21.74,2.37,53.85,18,13,1065,0.08,0.0,1.44,0.68,11.07,0.17,2.7,40.51,1.61,38.0,1.1,44.83
345,1165371,Serie A,24/25,Empoli,Luca Marianucci,Defender,6.76,0.0,0.04,0.08,0.67,0.17,0.25,0.0,0.42,62.5,0.0,0.0,0.0,0.0,0.0,0.0,0.0,0.0,0.0,0.0,0.0,0.0,0.0,0.0,2.36,1.6,5.22,0,0.67,0.0,0.08,0.0,0.0,0.08,0.08,0.0,0.0,0.25,36.49,28.74,7.75,78.75,18.29,10.53,3.46,0.08,14.29,3.88,46.94,18,12,1068,0.0,0.08,0.93,0.42,10.11,0.25,5.56,53.66,3.2,62.3,2.36,45.16
346,990209,Serie A,24/25,Como,Yannick Engelhardt,Midfielder,6.76,0.08,0.04,0.08,0.61,0.15,0.3,12.5,0.68,75.0,0.08,0.0,0.08,0.0,0.0,0.0,0.08,0.0,0.0,0.0,0.0,0.0,0.0,0.0,2.28,0.84,1.75,0,0.84,0.0,0.0,0.0,0.0,0.0,0.08,0.08,0.0,0.91,50.96,45.34,5.62,88.97,23.54,21.8,7.9,0.0,0.0,1.67,64.71,26,11,1185,0.3,0.0,1.59,1.52,8.43,0.53,5.32,57.85,4.48,58.42,0.84,55.0
347,812145,Serie A,24/25,Parma,Dennis Man,Midfielder,6.76,0.18,0.26,0.4,2.2,0.9,0.36,8.16,1.12,35.71,0.18,0.0,0.0,0.18,0.0,0.0,0.18,0.0,0.0,0.0,0.0,0.0,0.0,0.0,0.58,0.36,0.36,0,0.81,0.0,0.0,0.0,0.0,0.0,0.22,0.18,0.0,2.02,33.53,27.34,6.19,81.53,7.36,20.42,12.7,0.45,30.3,0.72,55.17,33,23,2005,0.0,0.0,0.36,0.76,12.97,1.39,2.87,35.36,2.47,35.48,0.4,34.62
348,1162611,Serie A,24/25,Bologna,Benjamín Domínguez,Midfielder,6.76,0.21,0.15,0.14,2.06,1.17,0.41,10.0,1.92,40.58,0.21,0.0,0.0,0.0,0.21,0.0,0.27,0.0,0.0,0.0,0.0,0.0,0.0,0.0,1.24,0.27,0.48,0,0.96,0.0,0.0,0.0,0.0,0.0,0.07,0.14,0.0,0.69,22.6,18.27,4.33,80.85,3.85,14.56,8.66,0.14,18.18,0.89,61.9,24,16,1310,0.0,0.0,0.69,2.13,13.67,2.27,5.43,40.1,5.29,44.25,0.14,8.7
349,910121,Serie A,24/25,Lazio,Fisayo Dele-Bashiru,Midfielder,6.76,0.28,0.1,0.09,1.51,0.47,0.47,18.75,1.32,70.0,0.28,0.0,0.0,0.09,0.19,0.09,0.0,0.0,0.0,0.0,0.0,0.0,0.0,0.0,0.94,0.38,0.38,0,0.38,0.0,0.0,0.0,0.0,0.19,0.09,0.09,0.0,0.94,33.15,29.65,3.49,89.46,13.88,15.87,8.03,0.09,14.29,0.28,75.0,20,12,953,0.0,0.0,0.76,0.38,8.03,1.61,2.93,39.74,2.64,45.16,0.28,18.75
350,869795,Serie A,24/25,Fiorentina,Michael Folorunsho,Midfielder,6.76,0.0,0.16,0.13,1.31,0.39,0.79,0.0,1.18,50.0,0.0,0.0,0.0,0.0,0.0,0.0,0.0,0.0,0.0,0.0,0.0,0.0,0.0,0.0,2.89,0.66,0.79,0,1.84,0.0,0.13,0.0,0.0,0.0,0.26,0.0,0.0,0.39,30.09,22.73,7.36,75.55,9.99,13.14,7.09,0.39,14.29,1.05,47.06,20,6,685,0.66,0.0,2.23,3.15,14.58,1.18,9.59,54.89,6.96,53.0,2.63,60.61
351,319129,Serie A,24/25,AC Milan,Luka Jović,Forward,6.76,0.32,0.38,0.48,1.74,0.63,0.95,18.18,0.63,66.67,0.32,0.0,0.0,0.16,0.16,0.0,0.0,0.0,0.0,0.0,0.0,0.0,0.0,0.0,0.0,0.16,0.48,0,0.0,0.0,0.0,0.0,0.0,0.0,0.16,0.0,0.0,1.9,21.71,17.9,3.8,82.48,7.76,10.3,6.02,0.16,50.0,0.48,50.0,15,6,568,0.16,0.0,0.63,1.11,6.81,0.95,3.17,48.78,1.58,45.45,1.58,52.63
352,267619,Serie A,24/25,Lazio,Adam Marušić,Defender,6.75,0.15,0.08,0.0,0.88,0.38,0.31,17.39,0.38,45.45,0.12,0.04,0.08,0.0,0.08,0.0,0.08,0.0,0.0,0.0,0.0,0.0,0.0,0.0,1.23,0.62,2.23,0,0.46,0.0,0.0,0.0,0.04,0.19,0.0,0.0,0.0,0.5,39.06,34.29,4.77,87.8,17.07,17.61,7.04,0.38,18.52,0.73,33.33,35,26,2341,0.04,0.0,0.77,0.54,8.69,0.5,3.27,50.6,2.08,48.65,1.19,54.39
353,822485,Serie A,24/25,Venezia,Marin Šverko,Defender,6.75,0.08,0.03,0.0,0.24,0.08,0.16,33.33,0.48,75.0,0.08,0.0,0.0,0.08,0.0,0.0,0.0,0.0,0.0,0.0,0.0,0.0,0.0,0.0,1.61,1.29,3.46,0,0.16,0.0,0.24,0.08,0.0,0.08,0.08,0.0,0.0,0.16,42.95,36.84,6.11,85.77,23.89,12.95,4.42,0.0,0.0,2.49,52.54,16,12,1119,0.24,0.0,0.72,0.8,9.73,0.32,4.5,60.87,2.9,69.23,1.61,50.0
354,184421,Serie A,24/25,Genoa,Stefano Sabelli,Defender,6.75,0.0,0.01,0.0,0.26,0.04,0.13,0.0,0.17,44.44,0.0,0.0,0.0,0.0,0.0,0.0,0.0,0.0,0.0,0.0,0.0,0.0,0.0,0.0,2.52,0.96,2.57,0,1.39,0.0,0.0,0.0,0.0,0.22,0.09,0.09,0.0,0.78,39.54,28.06,11.48,70.96,15.05,13.66,6.13,0.65,25.0,2.22,31.68,34,23,2069,0.13,0.0,1.09,1.0,17.92,0.17,4.39,52.6,3.61,56.08,0.78,40.91
355,132704,Serie A,24/25,Cagliari,Leonardo Pavoletti,Forward,6.75,0.4,0.53,0.4,3.58,1.39,2.19,11.11,0.0,0.0,0.4,0.0,0.2,0.0,0.2,0.2,1.39,0.0,0.0,0.0,0.0,0.0,0.0,0.0,0.2,0.0,0.6,0,0.0,0.0,0.0,0.0,0.0,0.0,0.6,0.0,0.0,1.79,31.26,18.32,12.94,58.6,5.18,13.14,8.16,0.0,0.0,0.2,20.0,26,1,452,1.0,0.0,4.98,1.39,17.12,0.4,12.74,48.85,1.59,36.36,11.15,51.38
356,812533,Serie A,24/25,Inter,Mehdi Taremi,Forward,6.75,0.11,0.38,0.66,1.54,0.77,0.66,7.14,0.66,60.0,0.11,0.0,0.0,0.0,0.11,0.0,0.66,0.11,0.11,0.11,100.0,0.0,0.0,0.0,0.77,0.0,1.1,0,0.33,0.0,0.0,0.0,0.0,0.22,0.22,0.22,0.0,1.65,24.93,20.29,4.63,81.42,6.62,13.68,8.71,0.0,0.0,0.11,50.0,26,7,816,0.11,0.0,0.99,1.43,7.94,0.55,4.96,50.0,2.87,56.52,2.1,43.18
357,232224,Serie A,24/25,Venezia,Alfred Duncan,Midfielder,6.75,0.0,0.07,0.09,1.41,0.38,0.66,0.0,1.22,61.9,0.0,0.0,0.0,0.0,0.0,0.0,0.0,0.0,0.0,0.0,0.0,0.0,0.0,0.0,1.6,0.75,0.66,0,0.84,0.0,0.0,0.0,0.0,0.09,0.47,0.0,0.0,1.03,44.67,37.07,7.6,82.98,16.7,21.02,10.89,0.66,41.18,1.88,42.55,16,12,959,0.19,0.0,2.06,1.03,12.29,1.31,4.79,45.54,3.85,44.09,0.94,52.63
358,233826,Serie A,24/25,Torino,Valentino Lazaro,Midfielder,6.75,0.0,0.04,0.12,0.62,0.08,0.31,0.0,0.54,41.18,0.0,0.0,0.0,0.0,0.0,0.04,0.08,0.0,0.0,0.0,0.0,0.0,0.08,0.0,1.01,0.43,1.12,0,0.58,0.0,0.04,0.04,0.0,0.12,0.27,0.23,0.0,1.28,35.47,28.95,6.51,81.64,13.06,17.13,8.26,1.24,22.07,1.16,46.15,33,26,2322,0.23,0.0,1.16,0.5,13.91,0.47,2.67,41.32,2.02,41.6,0.66,40.48
359,902019,Serie A,24/25,Cagliari,Gianluca Gaetano,Midfielder,6.75,0.18,0.44,0.63,2.69,0.54,1.44,6.67,1.26,51.85,0.09,0.09,0.0,0.0,0.18,0.09,0.36,0.0,0.0,0.0,0.0,0.09,0.18,50.0,0.99,0.54,0.72,0,0.9,0.0,0.0,0.0,0.0,0.0,0.36,0.36,0.0,1.97,29.61,22.25,7.36,75.15,6.73,16.15,10.5,0.63,29.17,1.44,64.0,28,8,1003,0.0,0.0,1.44,1.17,14.54,1.44,4.31,39.67,3.41,41.76,0.9,33.33
360,350210,Serie A,24/25,Monza,Matteo Pessina,Midfielder,6.75,0.0,0.02,0.0,0.32,0.0,0.21,0.0,0.53,62.5,0.0,0.0,0.0,0.0,0.0,0.0,0.0,0.0,0.0,0.0,0.0,0.0,0.11,0.0,1.58,1.26,0.74,0,0.53,0.0,0.0,0.0,0.0,0.0,0.0,0.0,0.0,0.42,50.68,44.47,6.2,87.76,27.23,17.35,7.99,0.11,16.67,2.52,61.54,11,10,856,0.21,0.0,0.53,1.37,9.67,1.37,4.52,56.58,3.47,56.9,1.05,55.56
361,287573,Serie A,24/25,Empoli,Liam Henderson,Midfielder,6.75,0.0,0.02,0.0,0.84,0.12,0.38,0.0,0.23,66.67,0.0,0.0,0.0,0.0,0.0,0.0,0.08,0.0,0.0,0.0,0.0,0.0,0.08,0.0,1.61,0.58,1.61,0,1.19,0.0,0.0,0.0,0.0,0.12,0.27,0.15,0.0,1.27,34.31,26.9,7.41,78.41,13.13,14.74,7.06,0.96,25.51,1.77,44.23,36,27,2345,0.38,0.0,3.19,0.88,11.74,0.35,3.22,36.68,2.61,35.23,0.61,44.44
362,849274,Serie A,24/25,Empoli,Youssef Maleh,Midfielder,6.74,0.0,0.05,0.12,1.01,0.18,0.59,0.0,0.24,40.0,0.0,0.0,0.0,0.0,0.0,0.06,0.06,0.0,0.0,0.0,0.0,0.0,0.0,0.0,2.68,0.95,1.31,0,1.01,0.0,0.0,0.0,0.0,0.12,0.06,0.06,0.0,0.71,31.8,23.48,8.32,73.83,9.33,14.27,7.55,0.12,12.5,1.72,33.33,22,17,1514,0.18,0.06,1.9,1.72,12.07,0.59,5.17,51.48,4.58,54.61,0.59,35.71
363,841977,Serie A,24/25,Lecce,Ylber Ramadani,Midfielder,6.74,0.05,0.03,0.0,0.84,0.3,0.45,5.88,0.64,54.17,0.0,0.05,0.0,0.0,0.05,0.0,0.0,0.0,0.0,0.0,0.0,0.0,0.0,0.0,2.52,1.19,1.29,0,0.94,0.0,0.15,0.0,0.0,0.15,0.05,0.05,0.0,0.79,41.36,34.34,7.03,83.01,20.48,13.9,5.24,0.05,16.67,1.98,42.55,29,21,1819,0.2,0.0,0.89,0.54,10.29,1.09,4.45,48.91,3.71,52.45,0.74,36.59
364,328109,Serie A,24/25,Cagliari,Alessandro Deiola,Midfielder,6.74,0.12,0.11,0.06,1.12,0.37,0.5,11.11,0.19,75.0,0.12,0.0,0.0,0.0,0.12,0.0,0.0,0.0,0.0,0.0,0.0,0.0,0.0,0.0,1.93,0.81,2.18,0,1.37,0.0,0.0,0.0,0.0,0.06,0.06,0.06,0.0,0.37,31.12,23.46,7.66,75.4,10.39,13.13,6.1,0.06,7.14,1.62,50.98,29,16,1446,0.37,0.0,1.99,0.68,10.39,0.68,5.1,46.33,2.74,40.0,2.37,56.72
365,972523,Serie A,24/25,Hellas Verona,Cheikh Niasse,Midfielder,6.74,0.0,0.05,0.0,0.36,0.12,0.24,0.0,0.12,16.67,0.0,0.0,0.0,0.0,0.0,0.0,0.0,0.0,0.0,0.0,0.0,0.0,0.0,0.0,2.14,2.02,1.9,0,1.07,0.12,0.12,0.0,0.0,0.24,0.0,0.0,0.0,0.48,28.06,22.71,5.35,80.93,10.11,12.6,6.54,0.0,0.0,1.31,73.33,11,8,757,0.48,0.0,1.31,1.66,8.8,0.83,6.18,49.52,3.8,50.0,2.38,48.78
366,1069244,Serie A,24/25,Lazio,Tijjani Noslin,Forward,6.74,0.2,0.2,0.2,1.91,0.6,1.11,10.53,0.81,44.44,0.2,0.0,0.0,0.0,0.2,0.0,0.1,0.0,0.0,0.0,0.0,0.0,0.0,0.0,0.6,0.1,0.5,0,0.71,0.0,0.0,0.0,0.0,0.0,0.2,0.2,0.0,1.21,23.18,18.04,5.14,77.83,6.65,11.89,6.35,0.5,33.33,0.71,70.0,30,8,893,0.2,0.0,2.12,1.51,10.99,1.31,5.64,41.48,2.92,37.66,2.72,46.55
367,610766,Serie A,24/25,AC Milan,Tammy Abraham,Forward,6.74,0.23,0.54,0.76,2.13,0.99,0.76,10.71,0.3,28.57,0.23,0.0,0.0,0.0,0.23,0.08,0.53,0.08,0.15,0.08,50.0,0.0,0.0,0.0,1.29,0.15,1.14,0,0.23,0.0,0.0,0.0,0.0,0.08,0.38,0.3,0.08,1.14,16.74,11.64,5.1,69.55,4.95,6.69,4.64,0.0,0.0,0.23,42.86,29,12,1183,0.08,0.0,1.75,0.91,9.21,0.99,5.33,46.98,2.51,43.42,2.81,50.68
368,996919,Serie A,24/25,Bologna,Samuel Iling Junior,Forward,6.74,0.69,0.1,0.0,2.75,0.69,1.37,25.0,2.06,42.86,0.69,0.0,0.0,0.69,0.0,0.0,0.0,0.0,0.0,0.0,0.0,0.0,0.0,0.0,2.06,1.37,0.69,0,0.69,0.0,0.0,0.0,0.0,0.0,0.0,0.0,0.0,0.69,52.9,41.22,11.68,77.92,5.5,36.41,20.61,0.69,11.11,2.06,50.0,7,0,131,0.0,0.0,1.37,0.69,24.05,0.69,4.81,38.89,4.81,46.67,0.0,0.0
369,1022204,Serie A,24/25,Hellas Verona,Amin Sarr,Forward,6.74,0.19,0.16,0.23,1.08,0.33,0.38,17.39,0.66,43.75,0.14,0.05,0.0,0.05,0.14,0.05,0.61,0.0,0.0,0.0,0.0,0.0,0.0,0.0,1.03,0.14,0.66,0,0.23,0.0,0.0,0.05,0.0,0.0,0.09,0.05,0.0,1.03,21.12,14.97,6.15,70.89,3.94,11.12,6.48,0.09,28.57,0.56,66.67,32,25,1918,0.05,0.0,2.21,0.94,11.21,1.22,5.68,40.33,2.58,39.29,3.1,41.25
370,1063373,Serie A,24/25,Udinese,Thomas Kristensen,Defender,6.73,0.05,0.05,0.0,0.2,0.05,0.1,25.0,0.51,76.92,0.05,0.0,0.0,0.0,0.0,0.0,0.05,0.0,0.0,0.0,0.0,0.0,0.0,0.0,1.58,1.07,4.02,0,0.61,0.0,0.1,0.05,0.0,0.15,0.0,0.0,0.0,0.2,45.81,36.92,8.9,80.58,22.83,14.24,5.08,0.15,30.0,2.29,42.45,24,19,1770,0.25,0.0,1.58,0.15,11.19,0.46,5.34,55.26,2.24,46.32,3.1,64.21
371,886243,Serie A,24/25,Torino,Sebastian Walukiewicz,Defender,6.73,0.0,0.02,0.0,0.29,0.05,0.15,0.0,0.29,30.0,0.0,0.0,0.0,0.0,0.0,0.0,0.05,0.0,0.0,0.0,0.0,0.0,0.0,0.0,1.9,0.93,3.36,0,0.44,0.0,0.0,0.0,0.0,0.15,0.05,0.0,0.0,0.24,42.47,35.31,7.16,83.14,19.14,16.41,7.11,0.24,19.23,2.05,48.84,31,22,1848,0.29,0.0,1.61,0.34,10.81,0.24,3.9,44.44,2.53,46.02,1.36,41.79
372,295133,Serie A,24/25,Como,Edoardo Goldaniga,Defender,6.73,0.04,0.07,0.14,0.42,0.18,0.18,8.33,0.11,42.86,0.04,0.0,0.04,0.0,0.0,0.0,0.14,0.0,0.0,0.0,0.0,0.0,0.0,0.0,1.2,1.17,3.47,0,0.18,0.04,0.07,0.0,0.0,0.25,0.0,0.0,0.0,0.14,51.1,44.95,6.16,87.95,30.29,14.69,4.32,0.04,11.11,2.23,42.57,32,28,2543,0.35,0.04,1.56,1.27,8.21,0.28,4.42,57.08,2.51,55.47,1.91,59.34
373,229740,Serie A,24/25,Como,Alberto Moreno,Defender,6.73,0.0,0.02,0.0,0.72,0.31,0.16,0.0,0.16,50.0,0.0,0.0,0.0,0.0,0.0,0.0,0.05,0.0,0.0,0.0,0.0,0.0,0.0,0.0,1.29,0.72,1.76,0,0.72,0.05,0.05,0.0,0.0,0.05,0.1,0.0,0.0,0.98,46.06,39.08,6.98,84.85,21.56,18.3,8.79,0.78,30.61,2.33,46.88,24,21,1741,0.21,0.0,0.88,0.72,11.01,0.16,2.74,49.07,2.17,54.55,0.57,35.48
374,807295,Serie A,24/25,Parma,Alessandro Vogliacco,Defender,6.73,0.12,0.09,0.0,0.36,0.18,0.12,33.33,0.06,50.0,0.12,0.0,0.0,0.0,0.12,0.0,0.0,0.0,0.0,0.0,0.0,0.0,0.0,0.0,1.21,0.73,3.33,0,0.24,0.0,0.0,0.06,0.06,0.18,0.0,0.0,0.0,0.24,47.66,41.55,6.11,87.18,29.09,12.7,4.48,0.24,30.77,3.08,49.51,22,18,1488,0.3,0.0,1.33,0.42,7.44,0.06,3.39,54.37,1.57,50.98,1.81,57.69
375,1634980,Serie A,24/25,Genoa,Honest Ahanor,Defender,6.73,0.0,0.21,0.33,1.0,0.33,0.67,0.0,0.0,0.0,0.0,0.0,0.0,0.0,0.0,0.67,0.0,0.0,0.0,0.0,0.0,0.0,0.0,0.0,2.33,0.33,3.0,0,1.0,0.0,0.0,0.0,0.0,0.0,0.0,0.0,0.0,0.67,20.67,14.33,6.33,69.35,6.67,8.0,2.0,0.33,25.0,0.67,40.0,6,3,270,0.0,0.0,0.67,2.67,11.33,0.67,6.67,66.67,5.0,68.18,1.67,62.5
376,905381,Serie A,24/25,Bologna,Thijs Dallinga,Forward,6.73,0.23,0.33,0.54,2.4,0.85,1.16,9.68,0.15,18.18,0.23,0.0,0.08,0.0,0.15,0.08,0.62,0.08,0.0,0.0,0.0,0.0,0.0,0.0,0.77,0.08,1.01,0,0.0,0.0,0.08,0.0,0.0,0.0,0.0,0.15,0.0,0.93,22.44,16.25,6.19,72.41,5.03,11.22,6.89,0.0,0.0,0.39,62.5,31,11,1163,0.08,0.0,1.86,1.32,12.07,1.7,5.42,44.03,2.17,35.44,3.25,52.5
377,847467,Serie A,24/25,Fiorentina,Marin Pongračić,Defender,6.73,0.0,0.0,0.0,0.13,0.07,0.07,0.0,0.6,69.23,0.0,0.0,0.0,0.0,0.0,0.0,0.0,0.0,0.0,0.0,0.0,0.0,0.0,0.0,1.21,0.81,4.57,0,0.27,0.0,0.13,0.0,0.07,0.13,0.07,0.0,0.0,0.34,51.58,46.01,5.57,89.19,32.51,13.5,4.63,0.0,0.0,3.29,59.04,20,14,1340,0.07,0.07,1.75,0.47,7.05,0.47,3.96,53.64,2.22,45.21,1.75,70.27
378,250501,Serie A,24/25,Venezia,Ridgeciano Haps,Midfielder,6.73,0.07,0.08,0.26,0.98,0.2,0.52,6.67,0.33,45.45,0.07,0.0,0.0,0.07,0.0,0.0,0.07,0.0,0.0,0.0,0.0,0.0,0.0,0.0,1.96,0.46,2.42,0,0.52,0.0,0.0,0.07,0.0,0.0,0.13,0.07,0.0,0.46,31.46,25.38,6.08,80.67,12.82,12.95,5.23,0.39,23.08,1.5,37.7,25,14,1376,0.2,0.0,0.92,1.05,10.33,0.39,4.25,55.56,3.07,58.02,1.18,50.0
379,897594,Serie A,24/25,Hellas Verona,Domagoj Bradarić,Midfielder,6.73,0.05,0.04,0.0,0.42,0.18,0.05,11.11,0.69,45.45,0.05,0.0,0.05,0.0,0.0,0.0,0.14,0.0,0.0,0.0,0.0,0.0,0.0,0.0,1.66,0.69,1.94,0,0.51,0.0,0.05,0.0,0.0,0.05,0.14,0.0,0.0,1.16,24.9,18.9,6.01,75.88,8.87,11.13,5.59,1.11,30.77,0.97,35.0,28,24,1948,0.28,0.0,0.97,0.65,12.8,0.51,3.74,50.0,3.0,52.0,0.74,43.24
380,794254,Serie A,24/25,Cagliari,Florinel Coman,Midfielder,6.73,0.35,0.08,0.0,1.4,0.35,1.05,25.0,0.7,50.0,0.0,0.35,0.0,0.0,0.35,0.35,0.0,0.0,0.0,0.0,0.0,0.0,0.35,0.0,1.75,0.35,1.05,0,0.0,0.0,0.0,0.0,0.0,0.0,0.0,0.0,0.0,0.35,28.02,23.46,4.55,83.75,8.75,14.71,10.51,0.0,0.0,0.35,50.0,9,2,257,0.7,0.0,2.8,3.15,13.31,2.1,7.0,52.63,5.6,50.0,1.4,66.67
381,41157,Serie A,24/25,Hellas Verona,Darko Lazović,Midfielder,6.73,0.12,0.15,0.25,1.23,0.25,0.74,10.0,0.43,35.0,0.12,0.0,0.0,0.06,0.06,0.06,0.25,0.06,0.06,0.06,100.0,0.0,0.0,0.0,1.29,0.67,2.27,0,1.04,0.0,0.0,0.0,0.0,0.06,0.43,0.18,0.0,1.16,23.24,15.57,7.66,67.02,6.01,10.36,5.21,0.8,18.57,0.92,34.09,27,17,1468,0.0,0.0,0.55,0.31,14.1,0.61,2.57,41.58,2.02,41.77,0.55,40.91
382,928800,Serie A,24/25,Atalanta,Marco Brescianini,Midfielder,6.73,0.36,0.28,0.36,1.78,0.71,0.53,20.0,0.71,34.78,0.36,0.0,0.0,0.09,0.27,0.0,0.18,0.0,0.0,0.0,0.0,0.0,0.0,0.0,1.6,0.18,0.53,0,0.18,0.0,0.0,0.0,0.0,0.0,0.27,0.18,0.0,0.62,35.29,29.14,6.15,82.58,9.36,19.96,11.05,0.18,11.11,0.62,41.18,29,9,1010,0.09,0.0,1.96,0.8,13.28,1.69,4.19,41.23,3.12,38.04,1.07,54.55
383,915812,Serie A,24/25,Hellas Verona,Abdou Harroui,Midfielder,6.73,0.19,0.42,0.39,2.92,0.78,1.56,6.67,1.17,31.58,0.19,0.0,0.0,0.0,0.19,0.0,0.0,0.0,0.0,0.0,0.0,0.0,0.19,0.0,1.75,0.39,0.78,0,0.0,0.0,0.0,0.0,0.0,0.0,0.39,0.39,0.19,0.97,36.82,30.19,6.62,82.01,11.1,19.48,9.35,0.39,22.22,0.39,25.0,10,5,462,0.19,0.0,1.95,0.58,15.39,1.95,5.06,40.0,3.51,36.0,1.56,53.33
384,905264,Serie A,24/25,Empoli,Liberato Cacace,Midfielder,6.73,0.08,0.1,0.2,1.17,0.36,0.24,6.9,0.56,29.17,0.08,0.0,0.04,0.04,0.0,0.04,0.2,0.0,0.0,0.0,0.0,0.0,0.08,0.0,1.49,0.89,2.14,0,0.36,0.0,0.0,0.0,0.0,0.04,0.08,0.16,0.0,1.01,29.69,22.12,7.57,74.49,11.0,11.97,6.49,0.85,20.59,1.61,40.82,33,24,2234,0.24,0.0,1.09,0.73,15.71,0.85,4.39,43.43,2.7,42.41,1.69,45.16
385,1397736,Serie A,24/25,Atalanta,Marco Palestra,Midfielder,6.73,0.0,0.0,0.0,0.0,0.0,0.0,0.0,1.65,44.44,0.0,0.0,0.0,0.0,0.0,0.0,0.41,0.0,0.0,0.0,0.0,0.0,0.0,0.0,2.48,0.83,1.65,0,0.0,0.0,0.0,0.0,0.0,0.0,0.0,0.0,0.0,1.24,34.68,28.9,5.78,83.33,11.56,19.4,9.5,2.06,41.67,0.0,0.0,9,2,218,0.0,0.0,0.41,4.13,13.62,0.41,9.08,70.97,8.26,74.07,0.83,50.0
386,220223,Serie A,24/25,Como,Andrea Belotti,Forward,6.73,0.29,0.37,0.44,2.8,0.44,1.62,10.53,0.29,50.0,0.29,0.0,0.0,0.15,0.15,0.0,0.74,0.0,0.0,0.0,0.0,0.0,0.0,0.0,1.03,0.15,1.18,0,0.44,0.0,0.0,0.0,0.0,0.0,0.0,0.0,0.0,1.03,16.94,13.26,3.68,78.26,5.01,8.25,4.71,0.0,0.0,0.15,33.33,18,7,611,0.15,0.0,1.33,2.8,7.66,1.47,6.78,48.94,3.83,55.32,2.95,42.55
387,892141,Serie A,24/25,AC Milan,Santiago Giménez,Forward,6.73,0.67,0.64,0.53,3.06,1.33,1.46,21.74,0.93,36.84,0.67,0.0,0.13,0.4,0.13,0.13,0.93,0.0,0.13,0.0,0.0,0.0,0.0,0.0,0.67,0.13,1.73,0,0.13,0.0,0.0,0.0,0.0,0.0,0.4,0.27,0.0,0.8,12.51,10.12,2.4,80.85,3.86,6.39,3.99,0.13,50.0,0.0,0.0,14,7,676,0.4,0.13,1.46,0.53,7.72,0.27,3.06,38.98,2.13,39.02,0.93,38.89
388,1000150,Serie A,24/25,Cagliari,Zito Luvumbo,Forward,6.73,0.11,0.12,0.11,1.28,0.22,0.56,8.7,1.39,50.0,0.11,0.0,0.0,0.06,0.06,0.11,0.61,0.0,0.0,0.0,0.0,0.0,0.0,0.0,0.56,0.22,0.11,0,0.72,0.0,0.0,0.0,0.0,0.0,0.33,0.11,0.0,0.95,12.99,9.42,3.57,72.53,2.79,7.08,4.35,0.45,12.31,0.45,44.44,26,19,1614,0.11,0.0,2.12,2.84,13.66,1.62,5.13,43.6,4.8,45.74,0.33,26.09
389,1155432,Serie A,24/25,Parma,Anas Haj Mohamed,Forward,6.73,0.2,0.13,0.2,1.38,0.59,0.4,14.29,0.79,28.57,0.0,0.2,0.0,0.0,0.2,0.0,0.0,0.0,0.0,0.0,0.0,0.0,0.0,0.0,0.59,0.79,0.99,0,0.2,0.0,0.0,0.0,0.0,0.0,0.4,0.4,0.0,1.78,28.48,22.75,5.74,79.86,5.74,17.6,10.88,0.59,42.86,0.99,38.46,15,3,455,0.79,0.0,1.19,2.18,11.08,0.2,4.75,53.33,3.36,53.13,1.38,53.85
390,864898,Serie A,24/25,Fiorentina,Nicolò Zaniolo,Forward,6.72,0.26,0.2,0.26,2.57,1.03,1.03,10.0,1.54,44.44,0.26,0.0,0.13,0.13,0.0,0.13,0.39,0.0,0.0,0.0,0.0,0.0,0.13,0.0,0.39,0.13,0.26,0,0.77,0.0,0.0,0.0,0.0,0.0,0.26,0.26,0.13,1.67,21.34,17.49,3.86,81.93,4.11,13.37,9.0,0.0,0.0,0.51,50.0,23,4,700,0.77,0.13,2.57,4.11,14.79,3.09,6.94,40.6,6.04,42.34,0.9,31.82
391,1093695,Serie A,24/25,Genoa,Vitinha,Forward,6.72,0.13,0.11,0.07,2.22,0.4,0.94,6.06,1.48,34.38,0.13,0.0,0.0,0.0,0.13,0.0,0.54,0.0,0.0,0.0,0.0,0.0,0.07,0.0,1.55,0.81,1.41,0,1.28,0.0,0.0,0.0,0.0,0.0,0.4,0.2,0.0,1.08,18.04,11.58,6.46,64.18,4.91,7.47,4.04,0.81,26.67,0.47,36.84,25,16,1337,0.13,0.0,1.55,1.68,17.77,2.29,6.8,41.22,4.71,37.84,2.09,51.67
392,888219,Serie A,24/25,Genoa,Junior Messias,Forward,6.72,0.11,0.25,0.21,1.9,0.63,0.85,5.56,1.06,28.57,0.11,0.0,0.0,0.0,0.11,0.0,0.0,0.0,0.11,0.0,0.0,0.0,0.11,0.0,1.37,0.63,2.12,0,0.74,0.0,0.0,0.0,0.0,0.11,0.11,0.11,0.0,0.85,21.68,14.81,6.87,68.29,4.12,11.1,6.87,0.42,18.18,1.16,57.89,17,8,851,0.11,0.0,0.85,2.22,16.18,0.53,6.13,44.96,4.65,50.0,1.48,34.15
393,1121333,Serie A,24/25,Fiorentina,Amir Richardson,Midfielder,6.72,0.08,0.07,0.08,0.92,0.42,0.25,9.09,0.92,64.71,0.08,0.0,0.0,0.08,0.0,0.0,0.08,0.0,0.0,0.0,0.0,0.0,0.0,0.0,2.5,0.5,2.34,0,1.0,0.0,0.08,0.0,0.0,0.0,0.08,0.08,0.0,0.67,50.68,44.67,6.01,88.14,18.95,25.88,11.86,0.17,40.0,1.17,45.16,27,10,1078,0.5,0.0,2.59,1.59,9.35,0.83,6.6,51.3,5.01,50.42,1.59,54.29
394,895868,Serie A,24/25,Parma,Nahuel Estévez,Midfielder,6.72,0.0,0.01,0.0,0.68,0.14,0.27,0.0,0.41,100.0,0.0,0.0,0.0,0.0,0.0,0.0,0.0,0.0,0.0,0.0,0.0,0.0,0.0,0.0,2.17,0.41,3.52,0,1.22,0.0,0.0,0.0,0.0,0.0,0.14,0.0,0.0,0.81,39.98,31.58,8.4,78.98,16.67,15.32,6.64,0.41,18.75,1.49,36.67,14,7,664,0.41,0.0,1.22,1.22,11.25,0.54,5.69,62.69,3.8,56.0,1.9,82.35
395,804621,Serie A,24/25,Lecce,Lassana Coulibaly,Midfielder,6.72,0.03,0.03,0.1,0.3,0.1,0.07,11.11,0.6,58.06,0.03,0.0,0.0,0.0,0.03,0.0,0.0,0.03,0.0,0.0,0.0,0.0,0.0,0.0,1.61,0.6,1.31,0,1.24,0.0,0.03,0.03,0.0,0.2,0.07,0.0,0.0,0.4,31.59,26.05,5.55,82.45,13.58,12.47,5.07,0.0,0.0,2.08,59.05,38,30,2678,0.1,0.0,1.31,1.48,8.37,0.64,4.74,48.79,3.7,50.93,1.04,42.47
396,1444690,Serie A,24/25,Udinese,Arthur Atta,Midfielder,6.72,0.0,0.1,0.14,1.88,0.51,0.58,0.0,1.95,47.37,0.0,0.0,0.0,0.0,0.0,0.07,0.07,0.0,0.0,0.0,0.0,0.0,0.0,0.0,1.44,0.51,0.87,0,0.36,0.0,0.07,0.0,0.0,0.0,0.14,0.07,0.0,1.3,43.05,35.47,7.58,82.38,13.43,22.54,11.2,0.51,29.17,1.3,45.0,27,12,1246,0.36,0.0,1.16,1.01,15.31,1.59,5.42,44.64,4.41,45.52,1.01,41.18
397,850952,Serie A,24/25,Bologna,Federico Ravaglia,Goalkeeper,6.72,0.0,0.0,0.0,0.0,0.0,0.0,0.0,0.17,100.0,0.0,0.0,0.0,0.0,0.0,0.0,0.0,0.0,0.0,0.0,0.0,0.0,0.0,0.0,0.0,0.0,1.28,0,0.0,0.0,0.0,0.0,0.0,0.34,0.0,0.0,0.0,0.09,36.51,27.81,8.7,76.17,24.14,3.67,1.54,0.0,0.0,5.46,39.02,12,11,1055,0.0,0.0,0.0,0.34,8.7,0.0,0.85,100.0,0.26,100.0,0.6,100.0
398,973437,Serie A,24/25,Atalanta,Odilon Kossounou,Defender,6.72,0.0,0.04,0.24,0.48,0.32,0.16,0.0,0.4,41.67,0.0,0.0,0.0,0.0,0.0,0.0,0.08,0.0,0.0,0.0,0.0,0.0,0.0,0.0,1.28,1.04,1.68,0,0.56,0.0,0.08,0.0,0.0,0.08,0.0,0.0,0.0,0.08,53.28,47.28,6.0,88.74,25.92,21.36,8.0,0.0,0.0,2.64,61.11,18,12,1125,0.08,0.0,1.2,0.48,8.16,0.24,4.0,51.02,2.16,48.21,1.84,54.76
399,874812,Serie A,24/25,Hellas Verona,Martin Frese,Defender,6.72,0.0,0.01,0.0,0.33,0.0,0.0,0.0,0.0,0.0,0.0,0.0,0.0,0.0,0.0,0.0,0.0,0.0,0.0,0.0,0.0,0.0,0.0,0.0,2.94,1.31,2.61,0,0.98,0.0,0.16,0.0,0.0,0.16,0.0,0.0,0.0,0.82,34.79,25.81,8.98,74.18,14.37,11.43,5.39,0.0,0.0,2.45,34.88,11,5,551,0.0,0.0,1.47,1.47,12.74,0.0,6.04,59.68,4.25,65.0,1.8,50.0
400,1068286,Serie A,24/25,Udinese,Rui Modesto,Midfielder,6.72,0.0,0.07,0.15,0.44,0.29,0.15,0.0,0.44,37.5,0.0,0.0,0.0,0.0,0.0,0.0,0.15,0.0,0.0,0.0,0.0,0.0,0.0,0.0,2.35,1.18,1.62,0,0.29,0.0,0.0,0.0,0.0,0.0,0.15,0.15,0.0,2.06,33.53,25.88,7.65,77.19,8.53,18.38,10.0,1.03,26.92,1.62,40.74,20,4,612,0.15,0.0,1.47,0.74,14.41,0.44,5.0,50.75,3.53,55.81,1.47,41.67
401,1153434,Serie A,24/25,Monza,Omari Forson,Forward,6.71,0.0,0.09,0.41,2.03,0.41,0.81,0.0,2.43,75.0,0.0,0.0,0.0,0.0,0.0,0.0,0.41,0.0,0.0,0.0,0.0,0.0,0.0,0.0,1.22,0.41,0.41,0,0.81,0.0,0.0,0.0,0.0,0.0,0.0,0.0,0.0,3.24,40.95,35.27,5.68,86.14,11.35,25.14,17.03,1.22,33.33,1.22,75.0,9,1,222,0.0,0.0,0.81,0.81,15.41,2.43,4.46,45.83,4.46,50.0,0.0,0.0
402,813070,Serie A,24/25,Como,Alessandro Gabrielloni,Forward,6.71,0.52,0.16,0.0,2.6,1.04,0.52,20.0,0.0,0.0,0.52,0.0,0.0,0.0,0.52,0.0,0.52,0.0,0.0,0.0,0.0,0.0,0.0,0.0,0.0,0.0,0.52,0,1.56,0.0,0.0,0.0,0.0,0.0,0.52,0.52,0.0,2.08,24.45,14.05,10.4,57.45,4.16,9.88,8.84,0.0,0.0,0.0,0.0,15,0,173,0.52,0.0,3.12,2.08,13.53,1.56,3.64,23.33,2.08,25.0,1.56,21.43
403,984998,Serie A,24/25,Lecce,Santiago Pierotti,Forward,6.71,0.18,0.14,0.18,1.48,0.32,0.69,12.5,1.02,45.83,0.18,0.0,0.05,0.05,0.09,0.0,0.55,0.0,0.0,0.0,0.0,0.0,0.0,0.0,2.13,0.65,1.39,0,1.29,0.0,0.0,0.0,0.0,0.0,0.23,0.09,0.0,1.16,18.86,13.82,5.04,73.28,5.18,8.88,5.18,0.23,29.41,0.37,42.11,36,22,1947,0.18,0.05,2.54,0.6,11.51,1.53,6.01,39.16,3.7,36.87,2.31,43.48
404,1473137,Serie A,24/25,Parma,Giovanni Leoni,Defender,6.71,0.07,0.02,0.0,0.15,0.07,0.07,50.0,0.22,100.0,0.07,0.0,0.07,0.0,0.0,0.0,0.0,0.0,0.0,0.0,0.0,0.0,0.0,0.0,1.05,1.12,4.64,0,0.37,0.0,0.07,0.0,0.0,0.07,0.0,0.0,0.0,0.07,46.31,41.07,5.24,88.69,32.32,8.75,2.17,0.0,0.0,1.05,31.82,17,14,1203,0.22,0.07,0.82,0.67,6.51,0.15,3.22,60.56,1.95,59.09,1.27,62.96
405,983815,Serie A,24/25,AC Milan,Yunus Musah,Midfielder,6.71,0.0,0.11,0.28,1.25,0.28,0.68,0.0,1.2,63.64,0.0,0.0,0.0,0.0,0.0,0.0,0.06,0.0,0.0,0.0,0.0,0.0,0.0,0.0,1.54,0.4,0.46,0,0.28,0.11,0.06,0.0,0.0,0.11,0.17,0.11,0.0,1.31,38.6,34.33,4.27,88.94,12.98,21.86,10.36,0.51,37.5,1.71,71.43,29,19,1581,0.28,0.0,2.05,0.97,9.39,0.74,4.16,47.71,3.7,50.39,0.46,33.33
406,1110136,Serie A,24/25,Parma,Mandela Keita,Midfielder,6.71,0.0,0.01,0.0,0.25,0.2,0.05,0.0,0.84,65.38,0.0,0.0,0.0,0.0,0.0,0.0,0.05,0.0,0.0,0.0,0.0,0.0,0.0,0.0,2.17,1.03,1.43,0,0.84,0.0,0.1,0.05,0.0,0.25,0.1,0.1,0.0,0.74,35.86,32.46,3.4,90.52,16.9,15.57,6.45,0.0,0.0,1.48,71.43,30,24,1827,0.2,0.05,1.38,1.63,6.21,0.89,5.32,56.25,4.53,56.79,0.79,53.33
407,965009,Serie A,24/25,Venezia,Gaetano Oristanio,Midfielder,6.71,0.12,0.17,0.31,1.7,0.46,0.69,6.82,2.12,48.25,0.08,0.04,0.08,0.04,0.0,0.04,0.42,0.0,0.0,0.0,0.0,0.0,0.12,0.0,0.66,0.23,0.15,0,0.31,0.0,0.04,0.0,0.0,0.0,0.08,0.12,0.0,1.27,14.62,11.3,3.32,77.31,2.85,8.95,6.48,0.5,22.03,0.77,66.67,37,29,2333,0.12,0.0,1.93,2.74,13.54,2.78,6.06,41.53,5.48,43.69,0.58,28.3
408,100565,Serie A,24/25,Monza,Luca Caldirola,Defender,6.71,0.0,0.03,0.1,0.41,0.21,0.21,0.0,0.1,100.0,0.0,0.0,0.0,0.0,0.0,0.0,0.1,0.0,0.0,0.0,0.0,0.0,0.1,0.0,1.13,1.13,4.32,0,0.31,0.0,0.1,0.0,0.0,0.1,0.0,0.0,0.0,0.21,62.88,56.92,5.96,90.52,39.45,17.47,3.6,0.0,0.0,2.88,51.85,14,10,876,0.41,0.0,1.85,1.64,6.37,0.1,4.21,53.95,2.77,55.1,1.44,51.85
409,168647,Serie A,24/25,Como,Daniele Baselli,Midfielder,6.7,0.0,0.0,0.0,0.0,0.0,0.0,0.0,0.0,0.0,0.0,0.0,0.0,0.0,0.0,0.0,0.0,0.0,0.0,0.0,0.0,0.0,0.0,0.0,0.0,3.91,3.91,0,0.0,0.0,0.0,0.0,0.0,0.0,0.0,0.0,0.0,0.0,105.65,93.91,11.74,88.89,46.96,46.96,11.74,0.0,0.0,3.91,100.0,2,1,23,0.0,0.0,0.0,3.91,15.65,0.0,3.91,50.0,3.91,100.0,0.0,0.0
410,1109940,Serie A,24/25,Monza,Andrea Mazza,Goalkeeper,6.7,0.0,0.0,0.0,0.0,0.0,0.0,0.0,0.0,0.0,0.0,0.0,0.0,0.0,0.0,0.0,0.0,0.0,0.0,0.0,0.0,0.0,0.0,0.0,0.0,0.0,0.0,0,0.0,0.0,0.0,0.0,0.0,0.0,0.0,0.0,0.0,0.0,54.0,45.0,9.0,83.33,36.0,9.0,0.0,0.0,0.0,9.0,50.0,1,0,10,0.0,0.0,0.0,0.0,9.0,0.0,0.0,0.0,0.0,0.0,0.0,0.0
411,595572,Serie A,24/25,Genoa,Daniele Sommariva,Goalkeeper,6.7,0.0,0.0,0.0,0.0,0.0,0.0,0.0,0.0,0.0,0.0,0.0,0.0,0.0,0.0,0.0,0.0,0.0,0.0,0.0,0.0,0.0,0.0,0.0,0.0,0.0,13.33,0,0.0,0.0,0.0,0.0,0.0,0.0,0.0,0.0,0.0,0.0,50.0,16.67,33.33,33.33,13.33,3.33,3.33,0.0,0.0,3.33,9.09,1,0,27,0.0,0.0,0.0,0.0,33.33,0.0,3.33,100.0,0.0,0.0,3.33,100.0
412,548660,Serie A,24/25,SSC Napoli,Philip Billing,Midfielder,6.7,0.45,0.69,0.9,2.69,1.34,0.9,16.67,0.45,50.0,0.45,0.0,0.0,0.0,0.45,0.45,0.0,0.0,0.0,0.0,0.0,0.0,0.9,0.0,4.03,1.79,2.69,0,1.34,0.0,0.0,0.45,0.0,0.0,0.0,0.0,0.0,1.34,43.88,34.93,8.96,79.59,19.25,16.12,9.4,0.45,50.0,0.9,66.67,10,1,201,0.45,0.0,4.48,0.45,11.64,0.9,9.85,46.81,4.93,42.31,4.93,52.38
413,859741,Serie A,24/25,Monza,Arvid Brorsson,Defender,6.7,0.0,0.0,0.0,0.0,0.0,0.0,0.0,0.25,100.0,0.0,0.0,0.0,0.0,0.0,0.0,0.0,0.0,0.0,0.0,0.0,0.0,0.0,0.0,0.99,0.49,8.38,0,0.74,0.0,0.25,0.0,0.0,0.0,0.0,0.0,0.0,0.0,60.41,54.99,5.42,91.02,43.64,11.34,2.71,0.0,0.0,1.48,40.0,6,3,365,0.0,0.0,0.25,0.99,6.16,0.25,3.95,59.26,1.97,61.54,1.97,57.14
414,964153,Serie A,24/25,Cagliari,Adam Obert,Defender,6.7,0.08,0.08,0.17,0.75,0.17,0.33,11.11,0.42,35.71,0.08,0.0,0.0,0.08,0.0,0.17,0.0,0.0,0.0,0.0,0.0,0.0,0.0,0.0,2.59,1.92,3.85,0,0.92,0.0,0.17,0.0,0.0,0.0,0.0,0.08,0.0,0.84,36.05,27.77,8.28,77.03,16.23,11.63,5.77,0.08,9.09,1.25,25.86,21,13,1076,0.33,0.0,1.84,0.59,13.88,0.59,5.69,48.92,3.6,46.74,2.09,53.19
415,1547497,Serie A,24/25,Atalanta,Federico Cassa,Midfielder,6.7,0.0,0.0,0.0,0.0,0.0,0.0,0.0,0.0,0.0,0.0,0.0,0.0,0.0,0.0,0.0,0.0,3.91,0.0,0.0,0.0,0.0,0.0,0.0,0.0,0.0,0.0,0,0.0,0.0,0.0,0.0,0.0,0.0,0.0,0.0,0.0,0.0,23.48,19.57,3.91,83.33,0.0,19.57,15.65,0.0,0.0,0.0,0.0,2,0,23,0.0,0.0,7.83,3.91,7.83,0.0,3.91,25.0,3.91,33.33,0.0,0.0
416,1127191,Serie A,24/25,Bologna,Oussama El Azzouzi,Midfielder,6.7,0.0,0.0,0.0,0.0,0.0,0.0,0.0,0.0,0.0,0.0,0.0,0.0,0.0,0.0,0.0,0.0,0.0,0.0,0.0,0.0,0.0,0.0,0.0,0.0,8.57,0.0,0,0.0,0.0,0.0,0.0,0.0,0.0,0.0,0.0,0.0,0.0,77.14,72.86,4.29,94.44,21.43,51.43,17.14,0.0,0.0,4.29,100.0,2,0,21,0.0,0.0,0.0,8.57,4.29,0.0,8.57,100.0,8.57,100.0,0.0,0.0
417,1484675,Serie A,24/25,Fiorentina,Tommaso Rubino,Forward,6.7,0.0,0.0,0.0,0.0,0.0,0.0,0.0,0.0,0.0,0.0,0.0,0.0,0.0,0.0,0.0,0.0,0.0,0.0,0.0,0.0,0.0,0.0,0.0,0.0,0.0,0.0,0,6.92,0.0,0.0,0.0,0.0,0.0,0.0,0.0,0.0,6.92,20.77,6.92,13.85,33.33,0.0,6.92,0.0,0.0,0.0,0.0,0.0,1,0,13,0.0,0.0,6.92,0.0,13.85,0.0,0.0,0.0,0.0,0.0,0.0,0.0
418,1167365,Serie A,24/25,Juventus,Lorenzo Anghelè,Forward,6.7,0.0,0.0,0.0,0.0,0.0,0.0,0.0,10.0,100.0,0.0,0.0,0.0,0.0,0.0,0.0,0.0,0.0,0.0,0.0,0.0,0.0,0.0,0.0,0.0,0.0,0.0,0,0.0,0.0,0.0,0.0,0.0,0.0,0.0,0.0,0.0,0.0,40.0,40.0,0.0,100.0,30.0,10.0,10.0,0.0,0.0,10.0,100.0,1,0,9,0.0,0.0,0.0,0.0,0.0,0.0,10.0,33.33,10.0,100.0,0.0,0.0
419,958982,Serie A,24/25,Cagliari,Roberto Piccoli,Forward,6.7,0.29,0.35,0.74,2.81,0.89,1.09,10.2,0.4,25.45,0.29,0.0,0.14,0.03,0.11,0.03,0.66,0.06,0.03,0.03,100.0,0.0,0.03,0.0,0.37,0.09,0.89,0,0.26,0.0,0.0,0.0,0.0,0.03,0.06,0.03,0.0,0.37,14.38,9.74,4.64,67.73,4.21,5.53,3.24,0.0,0.0,0.14,45.45,37,37,3142,0.17,0.0,1.72,1.55,10.86,1.32,5.47,39.06,2.32,36.82,3.15,40.89
420,1868036,Serie A,24/25,Torino,Alessio Cacciamani,Midfielder,6.7,0.0,0.0,0.0,0.0,0.0,0.0,0.0,3.1,100.0,0.0,0.0,0.0,0.0,0.0,0.0,0.0,0.0,0.0,0.0,0.0,0.0,0.0,0.0,0.0,3.1,0.0,0,0.0,0.0,0.0,0.0,0.0,0.0,0.0,0.0,0.0,0.0,37.24,37.24,0.0,100.0,12.41,24.83,12.41,0.0,0.0,3.1,100.0,2,0,29,0.0,0.0,0.0,0.0,12.41,0.0,6.21,66.67,3.1,100.0,3.1,50.0
421,1492462,Serie A,24/25,Atalanta,Alberto Manzoni,Midfielder,6.7,0.0,0.39,0.0,6.43,0.0,0.0,0.0,0.0,0.0,0.0,0.0,0.0,0.0,0.0,0.0,0.0,0.0,0.0,0.0,0.0,0.0,0.0,0.0,0.0,0.0,0.0,0,0.0,0.0,0.0,0.0,0.0,0.0,0.0,0.0,0.0,0.0,77.14,70.71,6.43,91.67,19.29,51.43,25.71,0.0,0.0,0.0,0.0,1,0,14,0.0,0.0,6.43,6.43,6.43,0.0,12.86,66.67,6.43,50.0,6.43,100.0
422,1493157,Serie A,24/25,Torino,Alieu Njie,Forward,6.69,0.23,0.32,0.0,2.1,1.17,0.7,11.11,1.64,38.89,0.23,0.0,0.0,0.0,0.23,0.0,0.47,0.0,0.0,0.0,0.0,0.0,0.0,0.0,1.17,0.0,0.23,0,0.7,0.0,0.0,0.0,0.0,0.0,0.0,0.0,0.0,0.94,19.4,13.56,5.84,69.88,3.97,9.82,5.38,0.23,16.67,0.7,60.0,16,0,385,0.23,0.0,2.81,2.81,15.66,2.1,8.42,41.38,5.38,41.07,3.04,41.94
423,1017649,Serie A,24/25,Parma,Matteo Cancellieri,Forward,6.69,0.19,0.17,0.12,1.38,0.44,0.75,13.64,1.75,45.9,0.12,0.06,0.0,0.12,0.06,0.12,0.12,0.0,0.0,0.0,0.0,0.0,0.0,0.0,1.62,0.81,1.62,0,1.31,0.0,0.0,0.0,0.0,0.0,0.06,0.0,0.0,0.69,18.06,12.75,5.31,70.59,4.44,8.62,4.62,0.31,23.81,0.44,33.33,27,19,1440,0.12,0.06,1.62,2.56,12.12,1.5,7.75,48.44,5.94,47.98,1.81,50.0
424,1000366,Serie A,24/25,AC Milan,Warren Bondo,Midfielder,6.69,0.0,0.02,0.0,0.71,0.1,0.4,0.0,1.06,63.64,0.0,0.0,0.0,0.0,0.0,0.0,0.05,0.0,0.0,0.0,0.0,0.0,0.0,0.0,2.02,0.25,0.4,0,0.3,0.0,0.2,0.0,0.0,0.1,0.0,0.0,0.0,0.3,34.64,31.16,3.48,89.96,16.29,15.03,6.1,0.15,37.5,1.16,67.65,24,22,1785,0.2,0.05,1.61,2.02,7.11,1.56,5.39,54.59,5.04,55.56,0.35,43.75
425,791566,Serie A,24/25,Hellas Verona,Grigoris Kastanos,Midfielder,6.69,0.1,0.1,0.1,2.29,0.52,0.83,4.55,0.0,0.0,0.0,0.1,0.0,0.1,0.0,0.0,0.1,0.0,0.0,0.0,0.0,0.0,0.21,0.0,2.39,0.73,0.73,0,1.25,0.0,0.0,0.0,0.0,0.0,0.21,0.1,0.0,1.25,30.55,22.34,8.21,73.13,6.13,16.84,8.21,0.62,26.09,1.56,51.72,27,8,866,0.42,0.0,1.56,1.97,13.72,1.04,5.92,45.6,4.36,45.65,1.56,45.45
426,856065,Serie A,24/25,Parma,Pontus Almqvist,Forward,6.69,0.08,0.17,0.16,2.09,0.8,0.64,3.85,1.61,41.67,0.08,0.0,0.0,0.08,0.0,0.0,0.16,0.08,0.0,0.0,0.0,0.0,0.0,0.0,1.37,1.53,0.64,0,0.72,0.0,0.0,0.0,0.0,0.0,0.24,0.08,0.0,0.8,22.5,16.96,5.54,75.36,5.38,11.73,6.75,0.16,18.18,0.32,50.0,29,10,1120,0.4,0.0,1.21,1.21,12.46,1.04,4.9,43.57,4.18,45.22,0.72,36.0
427,1014651,Serie A,24/25,Lecce,Balthazar Pierret,Midfielder,6.69,0.0,0.01,0.0,0.31,0.0,0.21,0.0,0.68,68.42,0.0,0.0,0.0,0.0,0.0,0.0,0.0,0.0,0.0,0.0,0.0,0.0,0.0,0.0,2.66,0.99,1.51,0,0.89,0.0,0.05,0.05,0.0,0.05,0.0,0.0,0.0,0.52,42.89,36.26,6.63,84.55,18.37,17.95,6.99,0.05,11.11,1.77,44.74,30,21,1725,0.1,0.0,1.77,1.04,9.34,0.52,5.79,53.11,4.28,56.55,1.51,45.31
428,922928,Serie A,24/25,Genoa,Alessandro Zanoli,Midfielder,6.68,0.05,0.02,0.0,0.58,0.16,0.21,9.09,1.05,38.46,0.05,0.0,0.0,0.0,0.05,0.0,0.05,0.0,0.0,0.0,0.0,0.0,0.0,0.0,1.52,0.63,1.73,0,0.68,0.0,0.0,0.0,0.0,0.05,0.0,0.0,0.0,1.0,20.95,15.07,5.88,71.93,7.25,8.82,4.31,1.0,29.23,0.42,25.81,31,19,1714,0.16,0.0,0.89,1.0,13.02,0.47,4.57,49.71,3.52,49.26,1.05,51.28
429,1012172,Serie A,24/25,AS Roma,Tommaso Baldanzi,Midfielder,6.68,0.11,0.15,0.11,2.12,0.42,0.21,5.0,1.8,44.74,0.11,0.0,0.0,0.11,0.0,0.0,0.0,0.0,0.0,0.0,0.0,0.0,0.0,0.0,1.27,0.64,0.85,0,0.85,0.0,0.0,0.0,0.0,0.0,0.21,0.11,0.0,1.06,36.51,31.1,5.41,85.17,7.64,23.67,13.69,0.21,28.57,0.21,25.0,31,5,848,0.21,0.0,0.74,1.7,11.25,0.96,4.88,48.94,4.78,50.0,0.11,25.0
430,958167,Serie A,24/25,Parma,Drissa Camara,Midfielder,6.68,0.0,0.25,0.2,3.04,1.01,0.81,0.0,3.45,62.96,0.0,0.0,0.0,0.0,0.0,0.2,0.2,0.2,0.0,0.0,0.0,0.0,0.0,0.0,1.82,0.61,0.2,0,1.82,0.0,0.0,0.0,0.0,0.0,0.2,0.0,0.0,1.01,35.27,26.76,8.51,75.86,7.91,19.05,11.15,0.2,20.0,0.61,27.27,21,1,444,0.61,0.0,3.45,3.45,15.81,0.61,9.32,50.0,8.51,53.85,0.81,28.57
431,1012176,Serie A,24/25,Atalanta,Giorgio Scalvini,Defender,6.68,0.0,0.03,0.0,1.32,0.0,0.99,0.0,1.65,71.43,0.0,0.0,0.0,0.0,0.0,0.0,0.0,0.0,0.0,0.0,0.0,0.0,0.0,0.0,2.64,1.32,2.31,0,1.32,0.0,0.0,0.0,0.0,0.0,0.0,0.0,0.0,0.0,63.96,54.07,9.89,84.54,29.34,24.73,9.56,0.0,0.0,3.63,61.11,6,4,273,0.66,0.0,2.31,0.33,11.87,0.0,7.25,53.66,4.62,51.85,2.64,57.14
432,839226,Serie A,24/25,Empoli,Pietro Pellegri,Forward,6.68,0.65,0.06,0.0,1.74,0.87,0.0,37.5,1.09,41.67,0.22,0.44,0.0,0.0,0.65,0.0,0.22,0.0,0.0,0.0,0.0,0.0,0.0,0.0,1.53,0.0,0.65,0,0.44,0.0,0.0,0.0,0.0,0.0,0.22,0.0,0.0,1.53,15.04,10.9,4.14,72.46,4.79,6.1,4.14,0.0,0.0,0.22,100.0,11,5,413,0.65,0.0,2.18,1.09,13.51,3.27,4.36,27.03,3.7,34.69,0.65,12.0
433,1804801,Serie A,24/25,Como,Fellipe Jack,Defender,6.68,0.0,0.0,0.0,0.0,0.0,0.0,0.0,0.0,0.0,0.0,0.0,0.0,0.0,0.0,0.0,0.0,0.0,0.0,0.0,0.0,0.0,0.0,0.0,4.76,2.12,2.65,0,1.06,0.0,0.0,0.0,0.0,0.0,0.0,0.0,0.0,0.53,49.24,39.18,10.06,79.57,27.53,11.65,4.76,0.0,0.0,3.18,50.0,7,1,170,1.06,0.0,2.65,0.53,14.29,0.0,7.41,56.0,5.29,58.82,2.12,50.0
434,541578,Serie A,24/25,Empoli,Emmanuel Gyasi,Midfielder,6.68,0.06,0.11,0.2,0.61,0.22,0.22,9.09,0.56,60.61,0.06,0.0,0.0,0.0,0.03,0.03,0.39,0.0,0.0,0.0,0.0,0.0,0.0,0.0,1.45,0.31,1.84,0,0.39,0.0,0.0,0.0,0.03,0.11,0.03,0.03,0.03,0.5,21.1,15.94,5.16,75.53,7.01,9.3,4.66,0.36,35.14,0.47,27.87,37,37,3224,0.14,0.0,1.56,0.59,9.58,0.67,3.8,44.01,2.6,47.21,1.2,38.39
435,333261,Serie A,24/25,Torino,Antonio Sanabria,Forward,6.68,0.14,0.2,0.07,1.29,0.27,0.61,10.53,0.41,54.55,0.14,0.0,0.07,0.0,0.07,0.07,0.07,0.07,0.07,0.0,0.0,0.0,0.0,0.0,0.2,0.07,0.88,0,0.2,0.0,0.0,0.0,0.0,0.0,0.0,0.07,0.0,0.61,18.0,14.14,3.86,78.57,4.4,9.74,4.47,0.0,0.0,0.34,62.5,26,16,1330,0.14,0.0,1.08,0.88,8.05,1.56,3.25,31.79,1.49,32.84,1.76,30.95
436,1547260,Serie A,24/25,Monza,Kevin Martins,Midfielder,6.68,0.0,0.0,0.0,0.0,0.0,0.0,0.0,1.83,66.67,0.0,0.0,0.0,0.0,0.0,0.0,0.0,0.0,0.0,0.0,0.0,0.0,0.0,0.0,2.28,0.46,0.91,0,1.37,0.0,0.46,0.0,0.0,0.0,0.46,0.46,0.0,0.91,20.56,15.08,5.48,73.33,6.4,9.59,4.57,0.91,33.33,0.46,50.0,9,1,197,0.46,0.0,1.37,1.83,13.25,0.46,6.85,60.0,5.94,59.09,0.91,66.67
437,1605340,Serie A,24/25,Genoa,Lior Kasa,Midfielder,6.68,0.0,0.45,0.38,1.91,0.77,1.15,0.0,0.38,33.33,0.0,0.0,0.0,0.0,0.0,0.0,0.0,0.0,0.0,0.0,0.0,0.0,0.0,0.0,1.53,1.15,1.91,0,1.15,0.0,0.0,0.0,0.0,0.0,0.0,0.0,0.0,0.77,26.81,22.98,3.83,85.71,10.34,13.4,6.13,0.77,100.0,2.68,58.33,8,2,235,0.77,0.0,1.53,1.15,8.43,0.38,3.45,40.91,3.06,44.44,0.38,25.0
438,1613917,Serie A,24/25,Genoa,Jeff Ekhator,Forward,6.67,0.11,0.16,0.11,1.14,0.34,0.34,10.0,0.46,40.0,0.11,0.0,0.0,0.0,0.11,0.0,0.34,0.0,0.0,0.0,0.0,0.0,0.0,0.0,0.8,0.23,0.57,0,0.57,0.0,0.0,0.0,0.0,0.0,0.23,0.11,0.0,1.26,17.27,12.35,4.92,71.52,4.46,8.01,5.37,0.11,10.0,0.23,50.0,24,6,787,0.11,0.0,1.72,1.49,12.24,1.03,4.46,37.5,2.63,41.07,1.83,33.33
439,152769,Serie A,24/25,Lecce,Ante Rebić,Midfielder,6.67,0.11,0.25,0.11,1.46,0.56,0.9,7.69,0.9,32.0,0.11,0.0,0.0,0.0,0.11,0.0,0.79,0.0,0.0,0.0,0.0,0.0,0.0,0.0,1.35,0.23,0.45,0,0.68,0.0,0.11,0.0,0.0,0.0,0.45,0.0,0.0,2.03,29.62,19.37,10.25,65.4,6.87,13.52,8.67,1.01,28.13,0.45,44.44,27,7,799,0.34,0.23,2.14,1.58,21.06,1.58,6.87,40.13,3.83,38.64,3.04,42.19
440,812829,Serie A,24/25,Hellas Verona,Giangiacomo Magnani,Defender,6.67,0.08,0.1,0.08,0.92,0.17,0.76,9.09,0.08,25.0,0.08,0.0,0.08,0.0,0.0,0.0,0.0,0.0,0.0,0.0,0.0,0.0,0.0,0.0,1.68,1.43,6.13,0,0.0,0.08,0.0,0.0,0.0,0.0,0.0,0.0,0.0,0.08,32.32,26.36,5.96,81.56,17.04,9.32,2.35,0.0,0.0,2.1,41.67,17,11,1072,0.17,0.0,0.67,0.92,7.05,0.08,5.12,67.03,2.6,72.09,2.52,62.5
441,964119,Serie A,24/25,Udinese,Jordan Zemura,Midfielder,6.67,0.06,0.07,0.06,0.89,0.19,0.45,7.14,1.27,45.45,0.0,0.06,0.0,0.06,0.0,0.0,0.13,0.0,0.0,0.0,0.0,0.06,0.19,33.33,1.97,1.02,2.16,0,0.76,0.0,0.0,0.0,0.0,0.06,0.25,0.13,0.0,0.7,29.58,23.28,6.3,78.71,10.3,13.74,6.61,0.76,30.77,1.27,42.55,23,13,1415,0.13,0.0,1.4,0.45,13.48,1.08,4.07,42.95,3.69,45.31,0.38,28.57
442,1173598,Serie A,24/25,Monza,Tomás Palacios,Defender,6.67,0.0,0.01,0.0,0.2,0.0,0.2,0.0,1.58,88.89,0.0,0.0,0.0,0.0,0.0,0.0,0.2,0.0,0.0,0.0,0.0,0.0,0.2,0.0,2.18,1.78,2.97,0,0.79,0.2,0.2,0.0,0.0,0.0,0.0,0.0,0.0,0.0,73.78,66.07,7.71,89.54,47.08,18.99,6.33,0.0,0.0,3.56,51.43,10,5,455,0.4,0.0,0.4,1.98,9.69,0.79,6.92,70.0,5.74,72.5,1.19,60.0
443,309156,Serie A,24/25,Genoa,Caleb Ekuban,Forward,6.67,0.17,0.42,0.83,2.98,0.99,1.66,5.56,0.5,30.0,0.17,0.0,0.0,0.17,0.0,0.0,0.83,0.0,0.0,0.0,0.0,0.0,0.0,0.0,0.5,0.17,0.99,0,0.0,0.0,0.0,0.0,0.0,0.0,0.17,0.5,0.0,1.33,17.07,11.77,5.3,68.93,2.82,9.12,5.47,0.17,33.33,0.5,50.0,18,3,543,0.17,0.0,2.49,1.49,11.93,1.99,4.48,35.53,2.49,33.33,1.99,38.71
444,1096210,Serie A,24/25,Hellas Verona,Jackson Tchatchoua,Midfielder,6.67,0.06,0.05,0.03,0.51,0.09,0.28,11.11,0.6,56.76,0.06,0.0,0.0,0.03,0.03,0.0,0.23,0.0,0.0,0.0,0.0,0.0,0.0,0.0,1.42,0.4,1.85,0,0.43,0.03,0.03,0.03,0.0,0.23,0.11,0.09,0.0,0.97,23.0,18.2,4.8,79.14,7.5,11.39,4.91,0.68,20.34,0.57,30.77,36,36,3169,0.17,0.03,0.74,0.31,10.71,0.43,3.18,52.34,2.3,54.73,0.88,46.97
445,1009661,Serie A,24/25,Udinese,Oier Zarraga,Midfielder,6.66,0.1,0.04,0.0,0.6,0.1,0.3,16.67,0.2,50.0,0.1,0.0,0.0,0.0,0.1,0.1,0.0,0.0,0.0,0.0,0.0,0.0,0.0,0.0,1.91,0.2,0.8,0,1.21,0.0,0.0,0.0,0.0,0.0,0.1,0.0,0.1,0.7,26.52,23.2,3.31,87.5,9.24,14.56,6.83,0.6,30.0,0.9,47.37,22,9,896,0.0,0.0,1.21,0.6,6.63,0.4,3.31,44.59,2.71,47.37,0.6,35.29
446,1019971,Serie A,24/25,Venezia,Cheick Oumar Condé,Midfielder,6.66,0.0,0.01,0.0,0.54,0.0,0.0,0.0,1.08,50.0,0.0,0.0,0.0,0.0,0.0,0.0,0.0,0.0,0.0,0.0,0.0,0.0,0.0,0.0,3.25,2.17,1.63,0,1.63,0.0,0.0,0.0,0.0,0.0,0.0,0.0,0.0,0.54,27.65,18.43,9.22,66.67,4.88,13.55,7.59,0.0,0.0,0.0,0.0,9,1,166,1.08,0.0,2.71,2.17,14.1,2.71,10.3,51.35,6.51,44.44,3.8,70.0
447,1133119,Serie A,24/25,Udinese,Simone Pafundi,Midfielder,6.66,0.0,0.06,0.0,1.59,0.8,0.8,0.0,0.8,33.33,0.0,0.0,0.0,0.0,0.0,0.0,0.0,0.0,0.0,0.0,0.0,0.0,0.8,0.0,2.39,0.0,0.8,0,2.39,0.0,0.0,0.0,0.0,0.0,0.8,0.0,0.0,2.39,48.58,42.21,6.37,86.89,15.13,28.67,13.54,1.59,14.29,2.39,75.0,9,0,113,0.0,0.0,0.8,4.78,19.91,0.8,7.96,52.63,7.96,58.82,0.0,0.0
448,43970,Serie A,24/25,Empoli,Marco Silvestri,Goalkeeper,6.66,0.0,0.0,0.0,0.0,0.0,0.0,0.0,0.0,0.0,0.0,0.0,0.0,0.0,0.0,0.0,0.0,0.0,0.0,0.0,0.0,0.0,0.0,0.0,0.0,0.0,1.2,0,0.4,0.2,0.0,0.0,0.0,0.0,0.0,0.0,0.0,0.0,26.4,15.6,10.8,59.09,10.0,5.6,1.8,0.0,0.0,7.6,41.3,5,5,450,0.0,0.0,0.0,0.0,10.8,0.0,0.2,33.33,0.0,0.0,0.2,100.0
449,837080,Serie A,24/25,Hellas Verona,Antoine Bernede,Midfielder,6.66,0.15,0.12,0.0,0.6,0.3,0.15,25.0,0.3,50.0,0.15,0.0,0.0,0.0,0.15,0.0,0.0,0.0,0.0,0.0,0.0,0.0,0.0,0.0,2.26,0.75,0.45,0,0.9,0.0,0.0,0.0,0.0,0.0,0.0,0.0,0.0,1.66,33.86,25.74,8.13,76.0,9.78,16.4,9.03,0.45,23.08,1.96,50.0,14,7,598,0.3,0.0,2.41,0.6,12.94,0.9,4.06,42.86,3.16,42.86,0.9,42.86
450,377512,Serie A,24/25,SSC Napoli,Pasquale Mazzocchi,Midfielder,6.66,0.0,0.03,0.0,0.37,0.12,0.0,0.0,1.22,71.43,0.0,0.0,0.0,0.0,0.0,0.0,0.12,0.0,0.0,0.0,0.0,0.0,0.0,0.0,1.84,0.61,2.82,0,0.86,0.0,0.0,0.0,0.0,0.12,0.0,0.0,0.0,0.61,29.02,24.37,4.65,83.97,12.37,12.37,7.1,0.37,23.08,0.61,35.71,20,7,735,0.37,0.0,1.1,0.61,10.9,1.35,4.29,48.61,3.67,50.85,0.61,38.46
451,879802,Serie A,24/25,Venezia,John Yeboah,Forward,6.66,0.07,0.21,0.37,2.19,0.73,1.02,3.33,1.75,50.0,0.07,0.0,0.0,0.07,0.0,0.07,0.29,0.07,0.0,0.0,0.0,0.0,0.0,0.0,0.44,0.29,0.15,0,0.66,0.0,0.0,0.0,0.0,0.0,0.22,0.07,0.0,1.46,23.69,18.35,5.34,77.47,3.36,15.35,9.14,0.37,19.23,0.51,63.64,33,11,1231,0.44,0.0,1.02,1.54,14.48,2.19,4.17,39.86,3.73,40.16,0.44,37.5
452,802142,Serie A,24/25,Como,Jonathan Ikoné,Forward,6.66,0.21,0.28,0.52,2.6,1.04,0.83,8.0,1.56,34.09,0.21,0.0,0.0,0.21,0.0,0.0,0.21,0.0,0.0,0.0,0.0,0.0,0.0,0.0,2.08,0.1,0.1,0,0.73,0.0,0.1,0.0,0.0,0.0,0.1,0.0,0.1,0.52,27.6,22.81,4.79,82.64,6.77,16.04,10.0,0.0,0.0,0.62,75.0,27,6,864,0.1,0.0,0.62,1.46,12.08,2.19,5.52,43.44,5.1,44.14,0.42,36.36
453,1088870,Serie A,24/25,Venezia,Daniel Fila,Forward,6.66,0.36,0.26,0.36,1.44,1.08,0.0,25.0,0.36,66.67,0.36,0.0,0.0,0.18,0.18,0.0,0.54,0.0,0.0,0.0,0.0,0.0,0.0,0.0,0.36,0.0,0.9,0,0.36,0.0,0.0,0.0,0.0,0.0,0.0,0.0,0.0,1.08,16.2,12.6,3.6,77.78,4.14,8.46,5.22,0.0,0.0,0.36,50.0,10,6,500,0.18,0.18,2.34,1.26,9.18,2.52,3.24,26.47,1.98,26.83,1.26,25.93
454,1397346,Serie A,24/25,Empoli,Ismael Konate,Forward,6.65,0.0,0.13,0.0,1.99,1.32,0.66,0.0,1.32,100.0,0.0,0.0,0.0,0.0,0.0,0.0,0.0,0.0,0.0,0.0,0.0,0.0,0.0,0.0,2.65,0.0,0.0,0,0.66,0.0,0.0,0.0,0.0,0.0,0.0,0.66,0.0,1.32,21.18,9.93,11.25,46.88,2.65,7.28,4.63,0.0,0.0,0.66,50.0,12,0,136,0.0,0.0,3.31,1.32,15.88,0.66,8.6,46.43,5.29,53.33,3.31,38.46
455,176301,Serie A,24/25,AC Milan,Marco Sportiello,Goalkeeper,6.65,0.0,0.0,0.0,0.0,0.0,0.0,0.0,0.0,0.0,0.0,0.0,0.0,0.0,0.0,0.0,0.0,0.0,0.0,0.0,0.0,0.0,0.0,0.0,0.0,0.0,0.72,0,0.0,0.0,0.0,0.0,0.0,0.0,0.0,0.0,0.0,0.0,37.44,30.96,6.48,82.69,28.8,2.16,1.44,0.0,0.0,5.76,50.0,2,1,125,0.0,0.0,0.0,0.0,7.2,0.0,0.0,0.0,0.0,0.0,0.0,0.0
456,189135,Serie A,24/25,Torino,Karol Linetty,Midfielder,6.65,0.06,0.06,0.06,0.98,0.23,0.35,5.88,0.4,36.84,0.0,0.06,0.0,0.0,0.06,0.0,0.0,0.0,0.0,0.0,0.0,0.0,0.0,0.0,2.25,0.69,1.79,0,1.21,0.06,0.0,0.0,0.0,0.17,0.06,0.0,0.0,0.58,32.27,27.48,4.79,85.15,13.34,14.2,5.6,0.06,25.0,1.85,65.31,28,18,1559,0.35,0.0,2.25,0.75,7.22,0.52,3.87,41.36,3.35,41.73,0.52,39.13
457,580512,Serie A,24/25,Empoli,Tyronne Ebuehi,Defender,6.65,0.0,0.0,0.0,0.0,0.0,0.0,0.0,1.22,100.0,0.0,0.0,0.0,0.0,0.0,0.0,0.0,0.0,0.0,0.0,0.0,0.0,0.0,0.0,3.65,2.43,0.0,0,0.0,0.0,0.0,0.0,0.0,0.0,0.0,0.0,0.0,0.0,34.05,21.89,12.16,64.29,7.3,17.03,13.38,2.43,100.0,0.0,0.0,4,0,74,0.0,0.0,0.0,2.43,21.89,2.43,10.95,69.23,7.3,75.0,3.65,60.0
458,107936,Serie A,24/25,Monza,Danilo D'Ambrosio,Defender,6.65,0.0,0.05,0.0,0.74,0.33,0.33,0.0,0.16,28.57,0.0,0.0,0.0,0.0,0.0,0.0,0.25,0.0,0.0,0.0,0.0,0.0,0.08,0.0,2.3,1.23,2.88,0,0.74,0.0,0.16,0.0,0.0,0.0,0.08,0.08,0.0,0.41,49.73,43.89,5.84,88.26,32.71,11.42,4.36,0.25,33.33,2.3,51.85,20,12,1095,0.16,0.08,1.48,0.9,8.88,0.08,4.68,50.44,3.37,55.41,1.32,41.03
459,877037,Serie A,24/25,SSC Napoli,Cyril Ngonge,Forward,6.65,0.0,0.26,0.0,4.92,2.27,0.76,0.0,2.65,41.18,0.0,0.0,0.0,0.0,0.0,0.0,0.38,0.0,0.0,0.0,0.0,0.0,0.0,0.0,3.03,0.76,1.51,0,1.13,0.0,0.0,0.0,0.0,0.0,0.0,0.0,0.0,1.13,28.74,24.96,3.78,86.84,7.18,18.53,10.21,0.76,18.18,0.38,50.0,18,1,238,0.76,0.0,3.03,5.29,15.13,2.65,12.48,49.25,10.97,50.88,1.51,40.0
460,603738,Serie A,24/25,Empoli,Junior Sambia,Midfielder,6.65,0.0,0.09,0.23,2.28,0.23,1.37,0.0,1.6,46.67,0.0,0.0,0.0,0.0,0.0,0.0,0.0,0.0,0.0,0.0,0.0,0.0,0.91,0.0,3.2,0.46,0.91,0,0.0,0.0,0.0,0.0,0.0,0.0,0.0,0.0,0.0,1.37,26.27,18.96,7.31,72.17,6.17,14.62,7.31,1.83,28.57,1.37,40.0,17,2,394,0.0,0.0,1.37,2.06,18.27,1.37,8.45,58.73,6.85,63.83,1.6,43.75
461,920391,Serie A,24/25,Cagliari,Antoine Makoumbou,Midfielder,6.65,0.0,0.01,0.0,0.29,0.04,0.04,0.0,0.42,55.56,0.0,0.0,0.0,0.0,0.0,0.0,0.0,0.0,0.0,0.0,0.0,0.0,0.0,0.0,1.75,0.71,1.0,0,0.25,0.0,0.0,0.04,0.0,0.12,0.08,0.12,0.0,0.33,48.7,43.5,5.2,89.33,26.04,17.59,8.28,0.12,42.86,1.58,43.68,33,27,2164,0.08,0.04,1.12,0.62,7.53,1.0,2.95,46.41,2.79,51.15,0.17,18.18
462,1114422,Serie A,24/25,Fiorentina,Cher Ndour,Midfielder,6.65,0.0,0.03,0.0,0.88,0.0,0.88,0.0,0.44,66.67,0.0,0.0,0.0,0.0,0.0,0.0,0.0,0.0,0.0,0.0,0.0,0.0,0.0,0.0,0.88,0.44,1.33,0,1.77,0.0,0.22,0.0,0.0,0.22,0.0,0.0,0.0,0.22,47.76,39.58,8.18,82.87,15.7,24.55,10.84,0.66,42.86,0.66,50.0,9,4,407,0.22,0.0,1.33,1.55,12.16,1.33,5.97,43.55,2.65,36.36,3.32,51.72
463,1086199,Serie A,24/25,Venezia,Franco Carboni,Midfielder,6.65,0.0,0.01,0.0,0.39,0.0,0.39,0.0,0.79,40.0,0.0,0.0,0.0,0.0,0.0,0.0,0.0,0.39,0.0,0.0,0.0,0.0,0.0,0.0,1.97,0.0,3.55,0,1.18,0.0,0.0,0.0,0.0,0.0,0.0,0.0,0.0,0.79,29.21,20.92,8.29,71.62,12.63,9.08,4.74,0.79,25.0,1.18,23.08,8,3,228,0.79,0.0,1.18,0.79,16.18,1.18,4.34,44.0,3.55,45.0,0.79,40.0
464,842709,Serie A,24/25,Lecce,Rémi Oudin,Forward,6.64,0.0,0.04,0.0,0.88,0.29,0.29,0.0,0.88,50.0,0.0,0.0,0.0,0.0,0.0,0.0,0.0,0.0,0.0,0.0,0.0,0.0,0.58,0.0,0.88,0.58,0.29,0,0.58,0.0,0.0,0.0,0.0,0.0,0.0,0.0,0.29,2.05,33.31,25.71,7.6,77.19,12.27,14.9,7.01,1.46,21.74,3.51,63.16,11,3,308,0.29,0.0,0.58,0.29,16.95,0.88,2.34,42.11,2.05,41.18,0.29,50.0
465,1520771,Serie A,24/25,AC Milan,Francesco Camarda,Forward,6.64,0.0,0.24,0.0,3.36,0.42,2.52,0.0,0.84,33.33,0.0,0.0,0.0,0.0,0.0,0.0,0.84,0.0,0.0,0.0,0.0,0.0,0.0,0.0,2.1,0.0,1.26,0,1.68,0.0,0.0,0.0,0.0,0.0,0.0,0.0,0.0,2.1,18.08,15.56,2.52,86.05,7.57,7.99,3.36,0.0,0.0,0.0,0.0,10,1,214,0.0,0.0,3.36,0.42,9.67,1.26,5.89,36.84,3.36,32.0,2.52,46.15
466,26937,Serie A,24/25,Como,Pepe Reina,Goalkeeper,6.64,0.0,0.0,0.0,0.0,0.0,0.0,0.0,0.0,0.0,0.0,0.0,0.0,0.0,0.0,0.0,0.0,0.0,0.0,0.0,0.0,0.0,0.0,0.0,0.0,0.0,0.78,0,0.09,0.09,0.09,0.0,0.0,0.17,0.0,0.0,0.0,0.0,28.09,20.7,7.39,73.68,18.09,2.61,0.52,0.0,0.0,5.3,42.36,12,12,1035,0.0,0.09,0.09,0.09,7.48,0.0,0.17,50.0,0.09,33.33,0.09,100.0
467,1389689,Serie A,24/25,Lazio,Reda Belahyane,Midfielder,6.64,0.0,0.01,0.0,0.29,0.1,0.19,0.0,1.75,65.45,0.0,0.0,0.0,0.0,0.0,0.0,0.0,0.0,0.0,0.0,0.0,0.0,0.0,0.0,2.14,0.54,1.17,0,0.19,0.0,0.05,0.0,0.0,0.15,0.05,0.1,0.0,0.78,38.43,32.63,5.8,84.92,15.68,16.95,7.35,0.0,0.0,1.17,40.68,28,18,1848,0.19,0.1,1.7,0.49,10.37,1.12,4.72,50.79,4.38,53.25,0.34,31.82
468,280991,Serie A,24/25,Genoa,Morten Thorsby,Midfielder,6.64,0.0,0.13,0.19,0.71,0.33,0.28,0.0,0.43,40.91,0.0,0.0,0.0,0.0,0.0,0.05,0.43,0.0,0.0,0.0,0.0,0.0,0.0,0.0,2.32,0.24,1.32,0,0.57,0.05,0.0,0.09,0.05,0.14,0.14,0.05,0.0,1.28,24.56,16.61,7.95,67.63,6.34,10.36,6.48,0.09,22.22,0.28,42.86,30,22,1902,0.24,0.0,2.51,0.71,12.44,1.32,8.52,47.75,3.45,43.71,5.06,50.95
469,933207,Serie A,24/25,Venezia,Bjarki Bjarkason,Midfielder,6.64,0.0,0.0,0.0,0.0,0.0,0.0,0.0,0.53,25.0,0.0,0.0,0.0,0.0,0.0,0.0,0.0,0.0,0.0,0.0,0.0,0.0,0.0,0.0,1.58,1.05,2.11,0,0.53,0.0,0.0,0.0,0.0,0.0,0.0,0.0,0.0,0.53,40.0,35.79,4.21,89.47,14.21,23.68,11.58,2.11,57.14,0.53,50.0,9,1,171,1.05,0.0,1.05,4.21,8.42,0.0,6.32,66.67,6.32,66.67,0.0,0.0
470,98058,Serie A,24/25,Como,Simone Verdi,Midfielder,6.64,0.0,0.08,0.0,1.44,1.44,0.0,0.0,1.44,100.0,0.0,0.0,0.0,0.0,0.0,0.0,0.0,0.0,0.0,0.0,0.0,0.0,0.0,0.0,1.44,0.0,0.72,0,1.44,0.0,0.0,0.0,0.0,0.0,0.72,0.0,0.0,4.32,31.68,18.72,12.96,59.09,7.2,14.4,6.48,2.88,28.57,1.44,40.0,9,0,125,0.72,0.0,0.72,0.72,23.76,2.88,3.6,41.67,3.6,41.67,0.0,0.0
471,217784,Serie A,24/25,Lazio,Patric,Defender,6.64,0.15,0.16,0.0,0.3,0.15,0.15,50.0,0.0,0.0,0.15,0.0,0.15,0.0,0.0,0.0,0.0,0.0,0.0,0.0,0.0,0.0,0.0,0.0,1.34,0.45,3.13,0,0.6,0.0,0.15,0.0,0.0,0.15,0.0,0.0,0.0,0.15,59.3,52.9,6.41,89.2,34.72,18.33,4.62,0.15,50.0,3.73,43.86,10,5,604,0.45,0.0,0.75,0.75,7.3,0.0,3.13,58.33,1.94,61.9,1.19,53.33
472,865523,Serie A,24/25,SSC Napoli,Noah Okafor,Forward,6.63,0.19,0.27,0.96,2.69,1.34,1.15,7.14,2.69,48.28,0.19,0.0,0.0,0.0,0.19,0.0,0.19,0.0,0.0,0.0,0.0,0.0,0.0,0.0,0.96,0.38,0.38,0,0.19,0.0,0.0,0.0,0.0,0.0,0.19,0.0,0.0,1.34,20.15,16.12,4.03,80.0,4.8,11.9,6.91,0.58,18.75,0.38,40.0,15,5,469,0.0,0.0,1.54,1.15,14.58,2.11,5.57,40.85,4.8,41.67,0.77,36.36
473,807291,Serie A,24/25,Monza,Pedro Pereira,Defender,6.63,0.03,0.04,0.07,0.43,0.2,0.1,7.69,0.47,56.0,0.03,0.0,0.0,0.0,0.03,0.0,0.0,0.0,0.0,0.0,0.0,0.0,0.0,0.0,1.77,0.7,2.54,0,0.67,0.07,0.1,0.0,0.0,0.03,0.2,0.1,0.0,0.47,32.14,26.72,5.42,83.14,14.82,12.44,5.45,0.54,28.07,1.24,41.11,35,32,2691,0.33,0.0,1.61,0.3,9.26,0.6,3.44,43.46,2.54,44.71,0.9,40.3
474,975811,Serie A,24/25,Cagliari,Mattia Felici,Forward,6.63,0.0,0.06,0.2,0.98,0.59,0.1,0.0,1.85,38.78,0.0,0.0,0.0,0.0,0.0,0.1,0.39,0.0,0.0,0.0,0.0,0.0,0.0,0.0,1.66,0.68,0.39,0,0.68,0.0,0.1,0.1,0.0,0.0,0.2,0.29,0.0,0.98,23.69,17.26,6.44,72.84,5.46,12.19,8.68,0.39,16.0,0.2,40.0,20,9,923,0.1,0.0,1.76,1.66,15.99,0.98,5.85,44.78,5.17,45.3,0.68,41.18
475,834597,Serie A,24/25,Lecce,Jesper Karlsson,Forward,6.63,0.23,0.24,0.23,1.8,0.79,0.23,12.5,0.9,57.14,0.23,0.0,0.0,0.0,0.23,0.0,0.11,0.0,0.11,0.11,100.0,0.0,0.34,0.0,0.45,0.0,0.56,0,0.9,0.0,0.0,0.11,0.0,0.0,0.11,0.0,0.0,1.35,24.53,18.9,5.62,77.06,5.17,14.85,7.2,1.12,31.25,0.23,33.33,20,9,800,0.34,0.0,1.12,0.45,12.49,1.69,2.14,28.36,1.8,29.63,0.34,23.08
476,147368,Serie A,24/25,Cagliari,Gianluca Lapadula,Forward,6.63,0.0,0.41,0.29,4.41,0.88,0.59,0.0,0.59,100.0,0.0,0.0,0.0,0.0,0.0,0.29,0.29,0.0,0.0,0.0,0.0,0.0,0.0,0.0,0.59,0.0,0.29,0,0.29,0.0,0.0,0.0,0.0,0.0,0.0,0.0,0.0,0.88,17.65,11.18,6.47,63.33,2.94,8.24,5.59,0.0,0.0,0.0,0.0,12,1,306,0.29,0.0,2.65,0.29,9.41,0.29,4.71,47.06,1.47,33.33,3.24,57.89
477,100580,Serie A,24/25,Lecce,Nicola Sansone,Forward,6.63,0.0,0.28,1.27,3.8,1.27,2.54,0.0,0.0,0.0,0.0,0.0,0.0,0.0,0.0,1.27,1.27,0.0,0.0,0.0,0.0,0.0,2.54,0.0,0.0,0.0,0.0,0,0.0,0.0,0.0,0.0,0.0,0.0,0.0,0.0,0.0,1.27,22.82,20.28,2.54,88.89,3.8,19.01,6.34,2.54,50.0,0.0,0.0,5,0,71,1.27,0.0,0.0,1.27,8.87,1.27,1.27,25.0,1.27,33.33,0.0,0.0
478,1177401,Serie A,24/25,Genoa,Alan Matturro,Defender,6.63,0.0,0.02,0.0,0.4,0.3,0.1,0.0,0.3,60.0,0.0,0.0,0.0,0.0,0.0,0.0,0.2,0.0,0.0,0.0,0.0,0.0,0.0,0.0,1.1,1.4,3.79,0,1.1,0.0,0.0,0.1,0.0,0.2,0.0,0.0,0.0,0.3,32.13,25.64,6.49,79.81,19.26,6.69,1.9,0.3,37.5,1.5,34.88,13,9,902,0.2,0.0,1.0,0.5,8.98,0.3,3.49,46.05,1.9,44.19,1.6,48.48
479,824584,Serie A,24/25,Genoa,Emil Bohinen,Midfielder,6.63,0.0,0.05,0.0,1.09,0.0,0.55,0.0,0.0,0.0,0.0,0.0,0.0,0.0,0.0,0.0,0.0,0.0,0.0,0.0,0.0,0.0,0.55,0.0,2.18,0.55,3.27,0,1.64,0.0,0.0,0.0,0.0,0.0,0.0,0.0,0.0,1.64,46.91,37.64,9.27,80.23,22.36,15.27,7.64,0.0,0.0,1.09,66.67,3,1,165,0.0,0.0,1.64,1.64,12.55,1.09,4.91,50.0,3.27,42.86,1.64,75.0
480,1127590,Serie A,24/25,Lecce,Mohamed Kaba,Midfielder,6.63,0.0,0.07,0.2,0.8,0.0,0.6,0.0,0.4,40.0,0.0,0.0,0.0,0.0,0.0,0.2,0.0,0.0,0.0,0.0,0.0,0.0,0.0,0.0,2.59,0.8,1.99,0,0.4,0.0,0.2,0.0,0.0,0.0,0.0,0.0,0.0,0.2,34.05,27.48,6.57,80.7,12.35,15.33,6.77,0.2,100.0,1.0,45.45,15,2,452,0.2,0.0,1.19,1.99,10.75,1.0,6.57,55.0,4.78,61.54,1.79,42.86
481,928104,Serie A,24/25,Cagliari,Nadir Zortea,Defender,6.63,0.2,0.1,0.07,1.09,0.33,0.43,18.18,1.25,44.71,0.13,0.07,0.07,0.07,0.07,0.03,0.03,0.0,0.0,0.0,0.0,0.0,0.0,0.0,0.99,0.63,1.32,0,0.76,0.0,0.07,0.03,0.0,0.13,0.2,0.07,0.0,0.92,22.04,16.13,5.91,73.2,8.12,9.14,3.99,1.12,28.57,0.59,34.62,35,33,2728,0.1,0.0,1.09,0.73,13.49,1.02,3.53,39.48,2.97,40.18,0.56,36.17
482,1068885,Serie A,24/25,Venezia,Alessandro Marcandalli,Defender,6.63,0.0,0.06,0.22,0.45,0.22,0.22,0.0,0.0,0.0,0.0,0.0,0.0,0.0,0.0,0.0,0.0,0.0,0.0,0.0,0.0,0.0,0.0,0.0,2.01,0.45,5.14,0,0.67,0.0,0.0,0.22,0.0,0.0,0.0,0.0,0.0,0.0,35.96,26.35,9.6,73.29,16.75,9.6,3.13,0.0,0.0,2.01,39.13,10,6,403,0.45,0.0,2.01,0.0,11.84,0.0,5.14,47.92,2.01,40.91,3.13,53.85
483,1392819,Serie A,24/25,Lecce,Gaby Jean,Defender,6.63,0.0,0.0,0.0,0.06,0.06,0.0,0.0,0.13,66.67,0.0,0.0,0.0,0.0,0.0,0.0,0.0,0.0,0.0,0.0,0.0,0.0,0.0,0.0,0.91,0.58,4.48,0,0.32,0.0,0.06,0.06,0.0,0.19,0.0,0.0,0.0,0.06,54.96,46.46,8.5,84.53,35.95,10.58,2.66,0.06,100.0,2.66,39.81,19,16,1387,0.0,0.0,0.97,0.84,9.47,0.32,4.54,58.33,1.82,53.85,2.73,61.76
484,1002045,Serie A,24/25,Lecce,Danilo Veiga,Defender,6.62,0.0,0.15,0.24,1.2,0.0,0.48,0.0,1.44,50.0,0.0,0.0,0.0,0.0,0.0,0.0,0.0,0.0,0.0,0.0,0.0,0.0,0.0,0.0,1.92,0.96,2.64,0,1.68,0.0,0.0,0.0,0.0,0.0,0.0,0.0,0.0,1.44,28.08,19.68,8.4,70.09,9.12,11.28,6.0,0.72,17.65,0.48,16.67,13,2,375,0.0,0.0,1.44,2.64,18.72,1.2,7.2,46.15,6.0,51.02,1.2,31.25
485,1592970,Serie A,24/25,Torino,Sergiu Perciun,Midfielder,6.62,0.0,0.03,0.0,1.22,0.61,0.0,0.0,1.22,50.0,0.0,0.0,0.0,0.0,0.0,0.0,0.0,0.0,0.0,0.0,0.0,0.0,0.0,0.0,1.22,0.61,1.22,0,1.82,0.0,0.0,0.0,0.0,0.0,0.0,0.0,0.0,1.22,28.58,18.85,9.73,65.96,3.65,17.03,6.69,1.82,60.0,0.0,0.0,5,0,148,0.0,0.0,1.82,2.43,16.42,0.61,4.86,42.11,4.86,47.06,0.0,0.0
486,1034303,Serie A,24/25,AC Milan,Filippo Terracciano,Defender,6.62,0.0,0.03,0.0,0.49,0.16,0.0,0.0,0.0,0.0,0.0,0.0,0.0,0.0,0.0,0.0,0.16,0.0,0.0,0.0,0.0,0.0,0.0,0.0,1.47,0.98,1.64,0,0.82,0.0,0.0,0.0,0.0,0.33,0.0,0.0,0.0,0.33,36.49,32.73,3.76,89.69,18.98,13.91,4.91,0.16,33.33,0.33,33.33,13,6,550,0.49,0.0,1.8,1.47,6.38,0.82,4.58,50.0,2.95,43.9,1.64,66.67
487,137667,Serie A,24/25,Empoli,Mattia De Sciglio,Defender,6.62,0.12,0.07,0.0,0.58,0.35,0.0,20.0,0.12,33.33,0.12,0.0,0.12,0.0,0.0,0.0,0.0,0.0,0.0,0.0,0.0,0.0,0.0,0.0,2.07,0.92,3.69,0,0.35,0.12,0.0,0.0,0.0,0.12,0.0,0.0,0.0,0.35,30.42,23.62,6.8,77.65,14.64,9.45,2.77,0.46,57.14,2.07,41.86,16,7,781,0.0,0.12,0.92,0.58,8.87,0.46,3.46,61.22,2.77,58.54,0.69,75.0
488,139235,Serie A,24/25,Torino,Adrien Tameze,Defender,6.62,0.0,0.05,0.0,0.96,0.41,0.41,0.0,0.55,33.33,0.0,0.0,0.0,0.0,0.0,0.0,0.0,0.0,0.0,0.0,0.0,0.0,0.0,0.0,0.68,1.37,0.55,0,1.23,0.0,0.14,0.14,0.0,0.0,0.27,0.0,0.0,0.82,39.61,34.83,4.78,87.93,18.44,16.66,7.78,0.27,22.22,1.5,78.57,20,9,659,0.41,0.0,1.09,0.55,8.6,0.41,3.28,40.0,1.78,31.71,1.5,57.89
489,1155571,Serie A,24/25,Udinese,Iker Bravo,Forward,6.62,0.26,0.12,0.13,1.7,0.52,0.78,15.38,1.44,37.93,0.13,0.13,0.0,0.0,0.26,0.0,0.26,0.0,0.0,0.0,0.0,0.0,0.0,0.0,1.31,0.13,0.39,0,0.52,0.0,0.0,0.0,0.0,0.0,0.0,0.13,0.0,0.92,23.94,20.28,3.66,84.7,6.28,14.13,7.85,0.13,12.5,0.65,55.56,29,4,688,0.39,0.0,1.57,1.31,13.34,1.83,5.62,37.07,4.06,41.33,1.57,29.27
490,164511,Serie A,24/25,Monza,Jean Daniel Akpa-Akpro,Midfielder,6.61,0.0,0.03,0.09,0.37,0.19,0.19,0.0,1.11,38.71,0.0,0.0,0.0,0.0,0.0,0.0,0.0,0.0,0.0,0.0,0.0,0.0,0.0,0.0,2.78,1.21,1.3,0,1.11,0.0,0.09,0.0,0.0,0.0,0.0,0.0,0.0,0.28,30.15,24.31,5.85,80.62,12.34,12.06,5.1,0.09,16.67,0.74,44.44,14,12,970,0.37,0.0,2.23,1.67,11.04,0.19,6.59,50.0,5.57,52.17,1.02,40.74
491,184417,Serie A,24/25,Como,Federico Barba,Defender,6.61,0.0,0.04,0.21,0.41,0.21,0.21,0.0,0.0,0.0,0.0,0.0,0.0,0.0,0.0,0.0,0.0,0.0,0.0,0.0,0.0,0.0,0.0,0.0,0.41,0.82,3.09,0,0.62,0.0,0.0,0.0,0.0,0.21,0.0,0.0,0.0,0.0,57.67,51.49,6.18,89.29,36.04,15.45,4.94,0.0,0.0,1.85,45.0,7,5,437,0.0,0.0,0.62,0.21,7.41,0.21,1.65,34.78,0.62,30.0,1.03,38.46
492,1126175,Serie A,24/25,Empoli,Saba Goglichidze,Defender,6.61,0.0,0.01,0.0,0.21,0.0,0.18,0.0,0.14,50.0,0.0,0.0,0.0,0.0,0.0,0.0,0.04,0.0,0.0,0.0,0.0,0.0,0.0,0.0,2.26,1.17,3.29,0,0.92,0.11,0.0,0.0,0.0,0.14,0.04,0.04,0.0,0.11,32.38,25.38,7.0,78.38,18.17,7.25,2.51,0.04,20.0,2.62,41.57,33,29,2546,0.11,0.04,0.92,1.2,8.27,0.18,4.6,53.06,3.43,61.78,1.17,37.5
493,1397348,Serie A,24/25,Monza,Kevin Zeroli,Midfielder,6.61,0.0,0.16,0.0,1.33,0.22,0.44,0.0,0.0,0.0,0.0,0.0,0.0,0.0,0.0,0.0,0.44,0.0,0.0,0.0,0.0,0.0,0.0,0.0,1.56,0.44,2.22,0,0.22,0.0,0.0,0.0,0.0,0.0,0.22,0.22,0.0,0.44,22.89,17.78,5.11,77.67,10.44,7.33,4.0,0.0,0.0,0.22,50.0,9,4,405,0.0,0.0,1.11,0.22,8.89,0.89,2.89,46.43,1.78,42.11,1.11,55.56
494,978327,Serie A,24/25,Lecce,N'Dri Konan,Forward,6.61,0.0,0.15,0.0,2.59,0.58,0.58,0.0,2.01,43.75,0.0,0.0,0.0,0.0,0.0,0.29,0.0,0.0,0.0,0.0,0.0,0.0,0.0,0.0,0.86,0.29,0.0,0,0.29,0.0,0.0,0.0,0.0,0.0,0.0,0.0,0.0,1.73,15.53,12.36,3.16,79.63,3.16,9.78,6.9,0.58,15.38,0.58,66.67,11,2,313,0.0,0.0,2.01,1.73,15.24,2.3,4.89,37.78,4.6,39.02,0.29,25.0
495,287659,Serie A,24/25,Empoli,Viktor Kovalenko,Midfielder,6.6,0.0,0.12,0.0,3.46,1.15,2.31,0.0,1.15,100.0,0.0,0.0,0.0,0.0,0.0,0.0,0.0,0.0,0.0,0.0,0.0,0.0,0.0,0.0,2.31,0.0,0.0,0,1.15,0.0,0.0,0.0,0.0,0.0,0.0,0.0,0.0,0.0,41.54,30.0,11.54,72.22,16.15,13.85,6.92,0.0,0.0,1.15,50.0,6,0,78,0.0,0.0,2.31,2.31,16.15,2.31,9.23,50.0,5.77,50.0,3.46,50.0
496,917485,Serie A,24/25,SSC Napoli,Walid Cheddira,Forward,6.6,0.0,0.0,0.0,0.0,0.0,0.0,0.0,0.0,0.0,0.0,0.0,0.0,0.0,0.0,0.0,0.0,0.0,0.0,0.0,0.0,0.0,0.0,0.0,0.0,0.0,0.0,0,0.0,0.0,0.0,0.0,0.0,0.0,0.0,0.0,0.0,8.18,24.55,16.36,8.18,66.67,0.0,16.36,16.36,0.0,0.0,0.0,0.0,1,0,11,0.0,0.0,0.0,0.0,8.18,0.0,0.0,0.0,0.0,0.0,0.0,0.0
497,1089098,Serie A,24/25,Atalanta,Vanja Vlahović,Forward,6.6,0.0,0.25,1.58,1.58,1.58,0.0,0.0,0.0,0.0,0.0,0.0,0.0,0.0,0.0,0.0,0.0,1.58,0.0,0.0,0.0,0.0,0.0,0.0,1.58,0.0,0.0,0,0.0,0.0,0.0,0.0,0.0,0.0,0.0,0.0,0.0,3.16,9.47,6.32,3.16,66.67,1.58,4.74,4.74,0.0,0.0,0.0,0.0,3,0,57,0.0,0.0,0.0,4.74,17.37,1.58,6.32,44.44,6.32,66.67,0.0,0.0
498,920744,Serie A,24/25,Empoli,Ola Solbakken,Forward,6.6,0.0,0.09,0.12,0.47,0.35,0.12,0.0,0.82,46.67,0.0,0.0,0.0,0.0,0.0,0.0,0.24,0.0,0.0,0.0,0.0,0.0,0.0,0.0,0.82,0.24,0.94,0,0.35,0.0,0.0,0.0,0.0,0.0,0.0,0.0,0.0,1.06,22.26,16.26,6.01,73.02,6.24,10.13,6.6,0.12,14.29,1.53,76.47,21,8,764,0.24,0.0,0.94,0.24,10.72,0.94,2.95,36.23,1.88,40.0,1.06,31.03
499,1526925,Serie A,24/25,Torino,Tommaso Gabellini,Forward,6.6,0.0,0.5,0.0,10.0,0.0,10.0,0.0,0.0,0.0,0.0,0.0,0.0,0.0,0.0,0.0,0.0,0.0,0.0,0.0,0.0,0.0,0.0,0.0,0.0,0.0,0.0,0,0.0,0.0,0.0,0.0,0.0,0.0,0.0,0.0,0.0,0.0,20.0,10.0,10.0,50.0,0.0,10.0,10.0,0.0,0.0,0.0,0.0,1,0,9,0.0,0.0,0.0,0.0,20.0,0.0,0.0,0.0,0.0,0.0,0.0,0.0
500,78939,Serie A,24/25,Venezia,Christian Gytkjær,Forward,6.6,0.23,0.3,0.35,1.99,0.7,0.82,11.76,0.12,20.0,0.23,0.0,0.0,0.12,0.12,0.0,0.82,0.0,0.12,0.12,100.0,0.0,0.12,0.0,0.7,0.0,0.94,0,0.12,0.0,0.0,0.0,0.0,0.0,0.12,0.12,0.0,0.82,18.16,10.2,7.97,56.13,3.28,6.91,3.4,0.0,0.0,0.23,66.67,29,6,768,0.0,0.0,1.29,0.59,11.84,1.05,4.1,30.43,1.29,32.35,2.81,29.63
501,1215062,Serie A,24/25,Inter,Luka Topalović,Midfielder,6.6,0.0,0.0,0.0,0.0,0.0,0.0,0.0,0.0,0.0,0.0,0.0,0.0,0.0,0.0,0.0,0.0,0.0,0.0,0.0,0.0,0.0,0.0,0.0,9.0,0.0,0.0,0,0.0,0.0,0.0,0.0,0.0,0.0,0.0,0.0,0.0,0.0,72.0,45.0,27.0,62.5,27.0,18.0,9.0,0.0,0.0,0.0,0.0,1,0,10,0.0,0.0,0.0,0.0,45.0,0.0,9.0,50.0,9.0,50.0,0.0,0.0
502,966929,Serie A,24/25,Lecce,Filip Marchwiński,Midfielder,6.6,0.0,0.0,0.0,0.0,0.0,0.0,0.0,0.0,0.0,0.0,0.0,0.0,0.0,0.0,0.0,0.0,0.0,0.0,0.0,0.0,0.0,0.0,0.0,0.0,0.0,0.0,0,0.0,0.0,0.0,0.0,0.0,0.0,0.0,0.0,0.0,0.0,32.14,25.71,6.43,80.0,0.0,25.71,6.43,0.0,0.0,0.0,0.0,1,0,14,0.0,0.0,0.0,6.43,6.43,0.0,6.43,100.0,6.43,100.0,0.0,0.0
503,235656,Serie A,24/25,Venezia,Francesco Zampano,Midfielder,6.6,0.05,0.06,0.05,0.38,0.22,0.11,14.29,0.44,32.0,0.05,0.0,0.0,0.0,0.05,0.0,0.27,0.0,0.0,0.0,0.0,0.0,0.0,0.0,1.69,0.33,1.37,0,0.93,0.0,0.11,0.0,0.0,0.11,0.11,0.11,0.0,0.66,25.12,19.33,5.79,76.96,10.38,9.34,5.24,0.38,14.29,1.15,41.18,24,17,1648,0.27,0.0,1.31,1.04,11.85,0.93,3.71,43.31,3.11,44.53,0.6,37.93
504,311396,Serie A,24/25,Genoa,Gastón Pereiro,Forward,6.6,0.0,0.0,0.0,0.0,0.0,0.0,0.0,0.0,0.0,0.0,0.0,0.0,0.0,0.0,0.0,0.0,0.0,0.0,0.0,0.0,0.0,0.0,0.0,3.1,0.0,3.1,0,0.0,0.0,0.0,0.0,0.0,0.0,0.0,0.0,0.0,0.0,43.45,34.14,9.31,78.57,3.1,31.03,21.72,0.0,0.0,0.0,0.0,2,0,29,0.0,0.0,0.0,3.1,12.41,0.0,9.31,75.0,6.21,100.0,3.1,50.0
505,587126,Serie A,24/25,Empoli,Nicolas Haas,Midfielder,6.6,0.0,0.0,0.0,0.31,0.0,0.31,0.0,0.0,0.0,0.0,0.0,0.0,0.0,0.0,0.0,0.0,0.0,0.0,0.0,0.0,0.0,0.0,0.0,3.4,1.24,1.55,0,1.24,0.0,0.0,0.0,0.0,0.0,0.0,0.0,0.0,0.62,36.8,30.31,6.49,82.35,17.63,12.68,5.57,0.0,0.0,0.62,20.0,10,2,291,0.31,0.0,3.4,0.93,8.97,0.93,5.26,43.59,4.33,45.16,0.93,37.5
506,1012657,Serie A,24/25,AS Roma,Lucas Gourna-Douath,Midfielder,6.6,0.0,0.06,0.0,1.19,0.0,0.4,0.0,0.8,50.0,0.0,0.0,0.0,0.0,0.0,0.0,0.4,0.0,0.0,0.0,0.0,0.0,0.0,0.0,3.58,0.0,0.8,0,1.59,0.0,0.0,0.0,0.0,0.0,0.0,0.0,0.0,0.8,44.6,41.42,3.19,92.86,16.73,24.69,10.35,0.0,0.0,0.8,50.0,6,2,226,0.8,0.0,3.58,1.99,7.17,1.99,6.37,41.03,6.37,45.71,0.0,0.0
507,1163081,Serie A,24/25,Empoli,Jacopo Bacci,Midfielder,6.6,0.0,0.0,0.0,0.0,0.0,0.0,0.0,0.0,0.0,0.0,0.0,0.0,0.0,0.0,0.0,0.0,0.0,0.0,0.0,0.0,0.0,0.0,0.0,3.1,3.1,3.1,0,0.0,0.0,0.0,0.0,0.0,0.0,0.0,0.0,0.0,0.0,31.03,18.62,12.41,60.0,9.31,9.31,3.1,0.0,0.0,3.1,25.0,3,0,29,0.0,0.0,0.0,3.1,15.52,0.0,9.31,100.0,6.21,100.0,3.1,100.0
508,881068,Serie A,24/25,Venezia,Nunzio Lella,Midfielder,6.6,0.0,0.0,0.0,0.0,0.0,0.0,0.0,0.0,0.0,0.0,0.0,0.0,0.0,0.0,0.0,0.0,0.0,0.0,0.0,0.0,0.0,0.0,0.0,0.0,0.0,0.0,0,0.0,0.0,0.0,0.0,0.0,0.0,0.0,0.0,0.0,0.0,11.25,11.25,0.0,100.0,11.25,0.0,0.0,0.0,0.0,0.0,0.0,1,0,8,0.0,0.0,11.25,11.25,0.0,0.0,11.25,50.0,11.25,100.0,0.0,0.0
509,754698,Serie A,24/25,Atalanta,Ben Godfrey,Defender,6.6,0.0,0.0,0.0,0.0,0.0,0.0,0.0,0.0,0.0,0.0,0.0,0.0,0.0,0.0,0.0,0.0,0.0,0.0,0.0,0.0,0.0,0.0,0.0,0.0,0.0,0.0,0,4.09,0.0,0.0,0.0,0.0,0.0,0.0,0.0,0.0,0.0,36.82,28.64,8.18,77.78,8.18,20.45,8.18,0.0,0.0,0.0,0.0,1,0,22,0.0,0.0,4.09,0.0,12.27,0.0,0.0,0.0,0.0,0.0,0.0,0.0
510,856638,Serie A,24/25,Atalanta,Mitchel Bakker,Defender,6.6,0.0,0.0,0.0,0.0,0.0,0.0,0.0,0.0,0.0,0.0,0.0,0.0,0.0,0.0,0.0,0.0,0.0,0.0,0.0,0.0,0.0,0.0,0.0,4.29,0.0,0.0,0,0.0,0.0,0.0,0.0,0.0,0.0,0.0,0.0,0.0,0.0,34.29,30.0,4.29,87.5,12.86,17.14,8.57,0.0,0.0,0.0,0.0,1,0,21,0.0,0.0,4.29,0.0,8.57,0.0,8.57,50.0,4.29,50.0,4.29,50.0
511,1149288,Serie A,24/25,Juventus,Vasilije Adžić,Midfielder,6.6,0.0,0.05,0.0,1.8,1.8,0.0,0.0,0.0,0.0,0.0,0.0,0.0,0.0,0.0,0.0,0.0,0.0,0.0,0.0,0.0,0.0,0.0,0.0,3.6,0.0,0.0,0,1.8,0.0,0.0,0.0,0.0,0.0,0.0,0.0,0.0,0.0,36.0,27.0,9.0,75.0,12.6,14.4,12.6,0.0,0.0,1.8,100.0,6,0,50,0.0,0.0,1.8,1.8,14.4,1.8,9.0,41.67,5.4,42.86,3.6,40.0
512,989894,Serie A,24/25,Parma,Woyo Coulibaly,Defender,6.6,0.0,0.01,0.0,0.25,0.0,0.17,0.0,0.66,50.0,0.0,0.0,0.0,0.0,0.0,0.0,0.08,0.08,0.0,0.0,0.0,0.0,0.0,0.0,1.08,0.66,1.58,0,0.5,0.0,0.0,0.0,0.08,0.0,0.17,0.08,0.0,0.66,42.8,37.82,4.98,88.37,18.83,19.0,7.71,0.0,0.0,0.66,40.0,14,12,1085,0.08,0.08,1.0,1.0,9.87,0.91,3.48,47.73,2.74,47.14,0.75,50.0
513,911350,Serie A,24/25,Lecce,Lameck Banda,Midfielder,6.59,0.0,0.18,0.3,2.51,0.59,1.33,0.0,1.48,41.67,0.0,0.0,0.0,0.0,0.0,0.0,0.3,0.0,0.0,0.0,0.0,0.0,0.0,0.0,1.18,0.3,0.89,0,1.33,0.15,0.0,0.0,0.0,0.0,0.15,0.15,0.0,1.63,19.66,16.7,2.96,84.96,7.24,10.79,4.88,1.33,34.62,0.44,60.0,15,6,609,0.15,0.0,1.48,2.96,11.82,1.33,5.91,42.55,5.62,48.1,0.3,13.33
514,190933,Serie A,24/25,Venezia,Mirko Marić,Forward,6.59,0.0,0.17,0.38,1.32,0.19,0.76,0.0,0.57,42.86,0.0,0.0,0.0,0.0,0.0,0.0,0.57,0.0,0.0,0.0,0.0,0.0,0.0,0.0,1.32,0.38,2.08,0,0.76,0.0,0.0,0.0,0.0,0.0,0.0,0.0,0.0,0.57,27.61,20.23,7.37,73.29,9.08,11.34,6.62,0.19,20.0,0.19,100.0,18,5,476,0.0,0.0,0.95,1.13,13.05,1.13,6.62,40.23,3.03,47.06,3.59,35.85
515,232096,Serie A,24/25,Venezia,Domen Črnigoj,Midfielder,6.59,0.0,0.07,0.0,0.63,0.0,0.0,0.0,0.0,0.0,0.0,0.0,0.0,0.0,0.0,0.0,0.0,0.0,0.0,0.0,0.0,0.0,0.0,0.0,2.54,2.54,2.54,0,0.63,0.0,0.0,0.0,0.0,0.0,0.0,0.0,0.0,0.0,29.15,15.85,13.31,54.35,6.97,8.87,2.54,0.0,0.0,0.63,20.0,8,1,142,0.0,0.0,1.27,2.54,20.92,0.63,6.34,50.0,5.07,61.54,1.27,28.57
516,341143,Serie A,24/25,SSC Napoli,Giovanni Simeone,Forward,6.59,0.2,0.53,0.61,2.66,0.61,1.43,7.69,1.23,50.0,0.2,0.0,0.0,0.0,0.2,0.0,0.41,0.0,0.0,0.0,0.0,0.0,0.0,0.0,0.41,0.2,1.23,0,1.02,0.0,0.0,0.0,0.0,0.0,0.2,0.2,0.0,1.64,22.5,16.16,6.34,71.82,5.11,11.05,6.14,0.0,0.0,0.0,0.0,30,1,440,0.2,0.0,1.43,3.27,15.34,2.86,6.55,32.65,4.7,42.59,1.84,20.45
517,34120,Serie A,24/25,Udinese,Alexis Sánchez,Forward,6.58,0.0,0.16,0.41,1.44,0.0,1.03,0.0,0.82,66.67,0.0,0.0,0.0,0.0,0.0,0.41,0.82,0.0,0.0,0.0,0.0,0.0,0.0,0.0,0.62,0.82,0.21,0,1.23,0.0,0.21,0.0,0.0,0.0,0.0,0.0,0.0,0.62,31.57,25.42,6.15,80.52,5.54,20.09,11.48,0.21,12.5,1.44,70.0,13,6,439,0.0,0.0,0.82,2.26,13.53,1.64,4.1,39.22,3.69,48.65,0.41,14.29
518,1127232,Serie A,24/25,Udinese,James Abankwah,Defender,6.58,0.0,0.06,0.0,1.01,0.0,1.01,0.0,0.0,0.0,0.0,0.0,0.0,0.0,0.0,0.0,0.0,0.0,0.0,0.0,0.0,0.0,0.0,0.0,4.04,1.01,3.03,0,1.01,0.0,0.0,0.0,0.0,0.0,0.0,0.0,0.0,0.0,46.52,36.4,10.11,78.26,25.28,11.12,4.04,0.0,0.0,1.01,14.29,6,0,89,1.01,0.0,4.04,3.03,14.16,3.03,9.1,47.37,7.08,46.67,2.02,50.0
519,1141754,Serie A,24/25,Venezia,Issa Doumbia,Midfielder,6.58,0.0,0.1,0.19,1.53,0.48,0.57,0.0,1.05,78.57,0.0,0.0,0.0,0.0,0.0,0.0,0.0,0.0,0.0,0.0,0.0,0.0,0.0,0.0,1.33,0.86,1.14,0,0.95,0.0,0.1,0.0,0.0,0.0,0.0,0.0,0.0,0.29,24.5,19.26,5.24,78.6,7.63,11.63,5.91,0.0,0.0,0.29,21.43,24,10,944,0.0,0.0,1.72,1.14,11.15,1.72,5.24,44.35,3.53,43.53,1.72,46.15
520,901885,Serie A,24/25,Hellas Verona,Flavius Daniliuc,Defender,6.58,0.0,0.01,0.0,0.36,0.18,0.18,0.0,0.36,57.14,0.0,0.0,0.0,0.0,0.0,0.09,0.0,0.0,0.0,0.0,0.0,0.0,0.0,0.0,2.33,0.63,2.33,0,0.81,0.0,0.0,0.0,0.0,0.09,0.0,0.0,0.0,0.18,35.41,29.76,5.65,84.05,16.76,13.09,4.39,0.09,16.67,1.25,35.0,18,9,1004,0.0,0.0,1.08,0.18,7.8,0.36,4.48,52.63,2.78,52.54,1.7,52.78
521,1004505,Serie A,24/25,Lazio,Loum Tchaouna,Forward,6.58,0.14,0.34,0.96,3.17,1.1,1.65,4.35,0.69,50.0,0.14,0.0,0.0,0.0,0.14,0.14,0.0,0.0,0.0,0.0,0.0,0.0,0.0,0.0,1.1,0.55,1.79,0,0.83,0.14,0.14,0.0,0.0,0.0,0.14,0.0,0.14,1.52,29.08,22.19,6.89,76.3,7.44,15.71,8.68,0.96,21.88,0.55,36.36,24,6,653,0.28,0.14,1.38,0.96,15.71,0.83,3.45,32.05,2.76,43.48,0.69,15.63
522,587628,Serie A,24/25,Monza,Gaetano Castrovilli,Midfielder,6.58,0.0,0.05,0.12,0.95,0.0,0.71,0.0,0.71,50.0,0.0,0.0,0.0,0.0,0.0,0.0,0.24,0.0,0.0,0.0,0.0,0.0,0.12,0.0,2.02,0.59,1.07,0,1.07,0.0,0.0,0.0,0.0,0.0,0.12,0.0,0.12,1.19,35.22,28.93,6.28,82.15,13.04,16.48,7.94,0.59,35.71,1.19,52.63,21,8,759,0.0,0.0,1.42,0.95,11.15,1.54,3.79,41.03,3.68,43.66,0.12,14.29
523,1067204,Serie A,24/25,Bologna,Giovanni Fabbian,Midfielder,6.57,0.26,0.21,0.26,1.85,0.44,0.79,14.29,0.18,18.18,0.26,0.0,0.09,0.0,0.18,0.0,0.09,0.0,0.0,0.0,0.0,0.0,0.0,0.0,0.88,0.18,0.35,0,0.53,0.0,0.0,0.0,0.0,0.0,0.18,0.09,0.0,0.79,17.16,12.93,4.22,75.38,5.28,7.74,4.4,0.09,11.11,0.26,33.33,30,9,1023,0.18,0.0,1.85,1.94,10.29,1.58,4.66,37.59,2.99,39.53,1.67,34.55
524,994197,Serie A,24/25,Hellas Verona,Faride Alidou,Forward,6.57,0.0,0.01,0.0,1.32,0.0,1.32,0.0,2.65,50.0,0.0,0.0,0.0,0.0,0.0,0.0,0.0,0.0,0.0,0.0,0.0,0.0,0.0,0.0,0.0,1.32,2.65,0,0.0,0.0,1.32,0.0,0.0,0.0,0.0,0.0,0.0,1.32,22.5,19.85,2.65,88.24,3.97,17.21,7.94,1.32,33.33,0.0,0.0,3,0,68,0.0,0.0,1.32,0.0,11.91,1.32,3.97,42.86,2.65,33.33,1.32,100.0
525,1426235,Serie A,24/25,Hellas Verona,Mathis Lambourde,Forward,6.57,0.87,0.13,0.0,1.73,0.87,0.87,50.0,0.87,33.33,0.87,0.0,0.0,0.87,0.0,0.0,0.0,0.0,0.0,0.0,0.0,0.0,0.0,0.0,2.6,0.0,0.87,0,1.73,0.0,0.0,0.0,0.0,0.0,0.0,0.0,0.0,0.87,18.17,10.38,7.79,57.14,6.06,5.19,2.6,0.87,100.0,0.0,0.0,7,0,104,0.87,0.0,3.46,0.87,18.17,5.19,6.06,28.0,4.33,26.32,1.73,33.33
526,25530,Serie A,24/25,Genoa,Mario Balotelli,Forward,6.56,0.0,0.07,0.0,2.69,0.0,0.0,0.0,0.0,0.0,0.0,0.0,0.0,0.0,0.0,1.34,0.0,0.0,0.0,0.0,0.0,0.0,1.34,0.0,0.0,0.0,1.34,0,0.0,0.0,0.0,0.0,0.0,0.0,0.0,0.0,0.0,0.0,14.78,5.37,9.4,36.36,1.34,4.03,1.34,0.0,0.0,1.34,100.0,6,0,67,2.69,0.0,2.69,2.69,16.12,0.0,5.37,50.0,2.69,50.0,2.69,50.0
527,787448,Serie A,24/25,Monza,Silvère Ganvoula,Forward,6.56,0.0,0.09,0.0,1.11,0.28,0.83,0.0,0.55,28.57,0.0,0.0,0.0,0.0,0.0,0.0,0.28,0.0,0.0,0.0,0.0,0.0,0.0,0.0,0.0,0.28,1.38,0,0.28,0.0,0.0,0.0,0.0,0.0,0.0,0.0,0.0,0.28,16.62,10.25,6.37,61.67,3.88,6.37,2.49,0.0,0.0,0.55,100.0,7,4,325,0.0,0.0,1.11,2.22,15.51,2.22,6.92,47.17,2.49,36.0,4.43,57.14
528,286087,Serie A,24/25,Cagliari,Mateusz Wieteska,Defender,6.56,0.0,0.1,0.49,0.49,0.0,0.49,0.0,0.0,0.0,0.0,0.0,0.0,0.0,0.0,0.0,0.0,0.0,0.0,0.0,0.0,0.0,0.0,0.0,0.49,3.46,2.47,0,0.0,0.0,0.0,0.49,0.0,0.49,0.0,0.0,0.0,0.49,46.98,40.55,6.43,86.32,29.67,10.88,1.98,0.0,0.0,2.97,50.0,5,1,182,0.49,0.0,1.98,0.0,6.92,0.0,1.48,23.08,0.49,25.0,0.99,22.22
529,974863,Serie A,24/25,Hellas Verona,Dani Silva,Midfielder,6.56,0.0,0.01,0.0,0.42,0.21,0.0,0.0,0.21,100.0,0.0,0.0,0.0,0.0,0.0,0.0,0.0,0.0,0.0,0.0,0.0,0.0,0.0,0.0,0.85,1.27,1.48,0,0.64,0.0,0.0,0.0,0.0,0.0,0.0,0.0,0.0,0.64,48.07,41.08,6.99,85.46,22.02,19.06,5.93,0.0,0.0,1.27,54.55,11,4,425,0.21,0.0,0.85,0.85,10.8,1.27,3.39,50.0,1.91,42.86,1.48,63.64
530,1160559,Serie A,24/25,Lazio,Oliver Provstgaard,Defender,6.55,0.0,0.0,0.0,0.0,0.0,0.0,0.0,0.0,0.0,0.0,0.0,0.0,0.0,0.0,0.0,2.73,0.0,0.0,0.0,0.0,0.0,0.0,0.0,0.0,2.73,5.45,0,0.0,0.0,0.0,0.0,0.0,0.0,0.0,0.0,0.0,0.0,46.36,40.91,5.45,88.24,24.55,16.36,8.18,0.0,0.0,2.73,100.0,2,0,33,2.73,0.0,5.45,0.0,5.45,0.0,0.0,0.0,0.0,0.0,0.0,0.0
531,308054,Serie A,24/25,Parma,Wylan Cyprien,Midfielder,6.55,0.0,0.69,3.46,3.46,0.0,3.46,0.0,0.0,0.0,0.0,0.0,0.0,0.0,0.0,0.0,0.0,0.0,0.0,0.0,0.0,0.0,0.0,0.0,0.0,3.46,0.0,0,3.46,0.0,0.0,0.0,0.0,0.0,0.0,0.0,0.0,0.0,69.23,48.46,20.77,70.0,20.77,27.69,24.23,0.0,0.0,6.92,50.0,2,0,26,0.0,0.0,0.0,0.0,24.23,0.0,0.0,0.0,0.0,0.0,0.0,0.0
532,1388438,Serie A,24/25,Venezia,Joel Schingtienne,Defender,6.55,0.0,0.0,0.0,0.0,0.0,0.0,0.0,0.4,55.56,0.0,0.0,0.0,0.0,0.0,0.0,0.0,0.0,0.0,0.0,0.0,0.0,0.0,0.0,2.17,1.12,2.01,0,0.56,0.0,0.4,0.08,0.0,0.08,0.0,0.0,0.0,0.24,36.13,31.15,4.98,86.22,20.31,10.84,3.93,0.0,0.0,0.8,38.46,16,12,1121,0.16,0.0,0.56,0.08,7.39,0.4,2.97,50.68,2.65,60.0,0.32,22.22
533,944899,Serie A,24/25,Lecce,Valentin Gendrey,Defender,6.55,0.0,0.09,0.5,1.0,0.0,1.0,0.0,0.0,0.0,0.0,0.0,0.0,0.0,0.0,0.0,0.0,0.0,0.0,0.0,0.0,0.0,0.0,0.0,1.0,1.0,0.5,0,0.0,0.0,0.0,0.0,0.0,0.0,0.0,0.0,0.0,1.0,19.0,16.0,3.0,84.21,7.5,9.0,3.5,0.5,33.33,0.0,0.0,2,2,180,0.0,0.0,0.5,1.0,7.0,0.0,2.5,55.56,2.0,100.0,0.5,20.0
534,1155358,Serie A,24/25,Hellas Verona,Dailon Rocha Livramento,Forward,6.55,0.09,0.17,0.38,1.23,0.38,0.66,7.69,0.57,26.09,0.09,0.0,0.0,0.0,0.09,0.0,0.76,0.0,0.0,0.0,0.0,0.0,0.0,0.0,1.42,0.28,0.66,0,0.57,0.0,0.0,0.0,0.0,0.0,0.09,0.09,0.0,0.76,15.2,9.07,6.14,59.63,1.79,7.37,5.29,0.09,5.56,0.28,50.0,29,8,953,0.19,0.09,1.98,0.57,13.69,1.13,5.57,35.54,2.46,32.5,3.12,38.37
535,978301,Serie A,24/25,Genoa,Jean Onana,Midfielder,6.54,0.0,0.01,0.0,0.3,0.0,0.0,0.0,0.6,66.67,0.0,0.0,0.0,0.0,0.0,0.0,0.0,0.0,0.0,0.0,0.0,0.0,0.0,0.0,3.62,1.21,2.11,0,1.21,0.0,0.3,0.0,0.0,0.0,0.0,0.0,0.0,0.6,40.17,32.62,7.55,81.2,17.82,14.8,6.04,0.0,0.0,2.42,47.06,9,2,298,0.3,0.0,3.62,0.6,12.38,2.11,6.64,39.29,4.83,40.0,1.81,37.5
536,998830,Serie A,24/25,Hellas Verona,Daniel Oyegoke,Midfielder,6.54,0.0,0.02,0.0,0.82,0.0,0.0,0.0,1.64,66.67,0.0,0.0,0.0,0.0,0.0,0.0,0.0,0.0,0.0,0.0,0.0,0.0,0.0,0.0,1.64,0.82,4.91,0,0.0,0.0,0.0,0.0,0.0,0.0,0.0,0.0,0.0,0.0,22.09,18.0,4.09,81.48,6.55,11.45,6.55,0.0,0.0,0.82,33.33,5,0,110,0.82,0.0,1.64,0.0,15.55,1.64,3.27,36.36,3.27,44.44,0.0,0.0
537,802149,Serie A,24/25,Torino,Yann Karamoh,Forward,6.54,0.0,0.1,0.34,2.13,0.51,0.85,0.0,1.02,35.29,0.0,0.0,0.0,0.0,0.0,0.09,0.34,0.0,0.0,0.0,0.0,0.0,0.0,0.0,0.43,0.26,0.43,0,0.43,0.0,0.0,0.0,0.0,0.0,0.17,0.09,0.0,0.77,21.52,15.65,5.87,72.73,5.61,10.21,6.12,0.17,8.7,0.26,33.33,29,10,1058,0.17,0.0,1.02,1.19,14.72,2.21,3.06,33.33,2.64,32.98,0.43,35.71
538,295973,Serie A,24/25,Monza,Andrea Petagna,Forward,6.54,0.0,0.05,0.0,1.08,0.0,0.27,0.0,0.54,50.0,0.0,0.0,0.0,0.0,0.0,0.0,1.08,0.0,0.0,0.0,0.0,0.0,0.0,0.0,0.54,0.27,0.27,0,0.27,0.0,0.0,0.0,0.0,0.27,0.0,0.0,0.0,0.27,18.65,12.16,6.49,65.22,5.68,6.49,2.7,0.0,0.0,1.08,66.67,13,2,333,0.27,0.0,1.62,1.08,11.08,1.08,4.05,34.09,2.16,40.0,1.89,29.17
539,1198069,Serie A,24/25,Venezia,Richie Sagrado,Midfielder,6.53,0.0,0.03,0.0,0.63,0.0,0.63,0.0,0.0,0.0,0.0,0.0,0.0,0.0,0.0,0.0,0.0,0.0,0.0,0.0,0.0,0.0,0.0,0.0,1.26,1.89,2.52,0,0.0,0.0,0.0,0.0,0.0,0.0,0.0,0.0,0.0,0.0,16.99,13.85,3.15,81.48,5.66,8.18,4.41,0.0,0.0,0.0,0.0,3,3,143,0.63,0.0,1.26,1.26,6.29,0.0,3.78,75.0,2.52,66.67,1.26,100.0
540,973290,Serie A,24/25,Inter,Tajon Buchanan,Midfielder,6.53,0.0,0.0,0.0,0.0,0.0,0.0,0.0,2.87,42.86,0.0,0.0,0.0,0.0,0.0,0.0,0.0,0.0,0.0,0.0,0.0,0.0,0.0,0.0,2.87,0.0,1.91,0,0.96,0.0,0.0,0.0,0.0,0.0,0.0,0.0,0.0,0.96,38.3,33.51,4.79,87.5,17.23,16.28,5.74,0.0,0.0,0.0,0.0,6,0,94,0.0,0.0,1.91,3.83,16.28,1.91,10.53,55.0,9.57,52.63,0.96,100.0
541,1471569,Serie A,24/25,Cagliari,Kingstone Mutandwa,Forward,6.53,0.0,0.25,0.0,2.83,0.0,2.13,0.0,0.71,33.33,0.0,0.0,0.0,0.0,0.0,0.0,0.0,0.0,0.0,0.0,0.0,0.0,0.0,0.0,0.0,0.0,0.0,0,0.0,0.0,0.0,0.0,0.0,0.0,0.0,0.0,0.0,0.0,18.43,13.46,4.96,73.08,7.09,6.38,3.54,0.0,0.0,0.0,0.0,6,0,127,0.0,0.0,4.96,0.71,12.76,0.0,3.54,31.25,1.42,22.22,2.13,42.86
542,350882,Serie A,24/25,Como,Alessio Iovine,Defender,6.53,0.0,0.0,0.0,0.23,0.0,0.23,0.0,0.23,100.0,0.0,0.0,0.0,0.0,0.0,0.0,0.0,0.0,0.0,0.0,0.0,0.0,0.0,0.0,1.15,0.69,4.35,0,1.37,0.23,0.0,0.0,0.0,0.0,0.0,0.0,0.0,0.69,38.24,29.31,8.93,76.65,18.78,11.45,4.35,0.92,23.53,2.98,40.63,10,3,393,0.46,0.0,1.15,1.37,13.05,0.0,3.21,45.16,2.52,52.38,0.69,30.0
543,1087514,Serie A,24/25,Genoa,Brooke Norton-Cuffy,Defender,6.52,0.0,0.03,0.0,0.62,0.25,0.0,0.0,0.87,38.89,0.0,0.0,0.0,0.0,0.0,0.0,0.0,0.0,0.0,0.0,0.0,0.0,0.0,0.0,1.5,0.37,1.0,0,0.25,0.0,0.0,0.0,0.0,0.0,0.0,0.0,0.0,0.25,27.34,21.84,5.49,79.91,12.61,9.36,3.62,0.12,8.33,0.87,50.0,14,8,721,0.0,0.0,0.87,0.37,12.48,1.12,4.24,43.04,2.75,43.14,1.5,42.86
544,862464,Serie A,24/25,Venezia,Antonio Candela,Defender,6.52,0.0,0.03,0.0,0.45,0.0,0.36,0.0,0.53,54.55,0.0,0.0,0.0,0.0,0.0,0.0,0.0,0.0,0.0,0.0,0.0,0.0,0.0,0.0,2.76,0.71,1.69,0,0.71,0.18,0.0,0.18,0.09,0.18,0.18,0.09,0.0,0.8,29.47,22.97,6.5,77.95,12.82,10.68,5.07,0.53,27.27,0.62,29.17,14,12,1011,0.18,0.0,1.25,0.36,12.11,0.89,4.9,52.88,3.65,53.25,1.25,51.85
545,928295,Serie A,24/25,Parma,Adrian Benedyczak,Forward,6.52,0.0,0.11,0.0,1.27,0.0,0.85,0.0,0.0,0.0,0.0,0.0,0.0,0.0,0.0,0.0,0.42,0.0,0.0,0.0,0.0,0.0,0.0,0.0,0.0,0.0,3.38,0,0.42,0.0,0.0,0.0,0.0,0.0,0.0,0.0,0.0,0.85,21.55,14.79,6.76,68.63,4.65,10.14,4.23,0.0,0.0,1.69,57.14,9,2,213,0.0,0.0,1.69,2.11,11.83,1.27,5.92,38.89,2.11,33.33,3.8,42.86
546,1000015,Serie A,24/25,Empoli,Emmanuel Ekong,Midfielder,6.52,0.0,0.05,0.0,1.91,0.48,0.48,0.0,3.35,38.89,0.0,0.0,0.0,0.0,0.0,0.0,0.48,0.0,0.0,0.0,0.0,0.0,0.0,0.0,1.91,0.48,0.48,0,0.0,0.0,0.0,0.0,0.0,0.0,0.0,0.0,0.0,0.96,20.59,13.88,6.7,67.44,3.83,10.05,6.7,0.0,0.0,0.48,50.0,15,0,188,0.48,0.0,1.44,2.39,20.59,4.31,8.62,37.5,7.66,41.03,0.96,22.22
547,934409,Serie A,24/25,Torino,Marcus Pedersen,Midfielder,6.52,0.0,0.04,0.13,0.52,0.2,0.2,0.0,0.46,28.0,0.0,0.0,0.0,0.0,0.0,0.07,0.26,0.0,0.0,0.0,0.0,0.0,0.0,0.0,0.85,0.85,1.63,0,0.39,0.0,0.07,0.07,0.0,0.0,0.0,0.0,0.0,0.46,23.99,18.69,5.29,77.93,9.15,10.26,4.58,0.72,19.64,0.98,51.72,29,15,1377,0.2,0.0,1.05,0.33,12.88,0.78,2.03,31.0,1.63,33.33,0.39,24.0
548,1119364,Serie A,24/25,Monza,Samuele Vignato,Midfielder,6.52,0.0,0.05,0.0,0.77,0.19,0.58,0.0,0.77,30.77,0.0,0.0,0.0,0.0,0.0,0.0,0.19,0.0,0.0,0.0,0.0,0.0,0.0,0.0,1.16,0.0,0.96,0,0.77,0.0,0.0,0.0,0.0,0.0,0.0,0.0,0.0,0.19,29.29,24.09,5.2,82.24,9.06,15.03,9.25,0.0,0.0,0.58,37.5,17,3,467,0.0,0.0,0.58,0.58,13.1,1.93,3.47,31.58,2.51,34.21,0.96,26.32
549,32040,Serie A,24/25,Hellas Verona,Davide Faraoni,Defender,6.51,0.0,0.07,0.0,0.34,0.0,0.34,0.0,0.0,0.0,0.0,0.0,0.0,0.0,0.0,0.0,0.68,0.0,0.0,0.0,0.0,0.0,0.0,0.0,3.42,0.68,3.76,0,2.05,0.34,0.0,0.0,0.0,0.0,0.34,0.0,0.0,0.68,23.27,17.11,6.16,73.53,8.9,9.24,4.79,1.03,25.0,0.34,14.29,8,3,263,0.34,0.0,2.4,0.34,11.98,0.0,4.11,34.29,3.76,44.0,0.34,10.0
550,1111640,Serie A,24/25,Cagliari,Matteo Prati,Midfielder,6.51,0.0,0.02,0.0,0.62,0.0,0.47,0.0,0.47,33.33,0.0,0.0,0.0,0.0,0.0,0.0,0.0,0.0,0.0,0.0,0.0,0.0,0.0,0.0,1.55,1.09,1.55,0,1.24,0.0,0.16,0.0,0.0,0.0,0.31,0.0,0.0,0.93,37.93,27.51,10.41,72.54,13.99,13.83,5.6,0.31,40.0,2.64,29.82,12,8,579,0.16,0.0,1.24,0.93,12.9,0.31,3.11,40.0,2.95,45.24,0.16,12.5
551,287057,Serie A,24/25,Monza,Roberto Gagliardini,Midfielder,6.51,0.0,0.0,0.0,0.0,0.0,0.0,0.0,0.51,50.0,0.0,0.0,0.0,0.0,0.0,0.0,0.0,0.0,0.0,0.0,0.0,0.0,0.0,0.0,1.53,1.02,2.05,0,1.53,0.0,0.0,0.0,0.0,0.0,0.0,0.0,0.0,0.51,62.9,54.72,8.18,86.99,30.68,24.03,9.2,0.0,0.0,2.56,38.46,8,0,176,0.51,0.0,3.07,3.58,13.3,2.05,7.67,42.86,5.11,41.67,2.56,45.45
552,1121578,Serie A,24/25,Venezia,Antonio Raimondo,Forward,6.51,0.0,0.25,0.78,0.78,0.78,0.0,0.0,0.0,0.0,0.0,0.0,0.0,0.0,0.0,0.0,0.78,0.0,0.0,0.0,0.0,0.0,0.0,0.0,1.55,0.0,0.0,0,0.0,0.0,0.78,0.0,0.0,0.0,0.0,0.0,0.0,0.78,18.62,12.41,6.21,66.67,3.1,9.31,5.43,0.0,0.0,0.0,0.0,9,0,116,0.0,0.0,1.55,0.78,13.19,2.33,3.1,26.67,2.33,37.5,0.78,14.29
553,1474846,Serie A,24/25,Hellas Verona,Junior Ajayi,Forward,6.5,0.0,0.0,0.0,0.0,0.0,0.0,0.0,0.0,0.0,0.0,0.0,0.0,0.0,0.0,0.0,0.0,0.0,0.0,0.0,0.0,0.0,0.0,0.0,0.0,0.0,0.0,0,0.0,0.0,0.0,0.0,0.0,0.0,0.0,0.0,0.0,0.0,32.73,32.73,0.0,100.0,8.18,24.55,0.0,0.0,0.0,0.0,0.0,2,0,11,0.0,0.0,8.18,8.18,8.18,0.0,8.18,50.0,8.18,100.0,0.0,0.0
554,318603,Serie A,24/25,Como,Emil Audero,Goalkeeper,6.5,0.0,0.0,0.0,0.0,0.0,0.0,0.0,0.0,0.0,0.0,0.0,0.0,0.0,0.0,0.0,0.0,0.0,0.0,0.0,0.0,0.0,0.0,0.0,0.0,0.0,0.5,0,0.12,0.12,0.0,0.0,0.0,0.0,0.0,0.0,0.0,0.0,27.88,22.38,5.5,80.27,21.12,1.25,0.25,0.0,0.0,3.63,40.85,8,8,720,0.0,0.0,0.0,0.12,5.5,0.0,0.38,60.0,0.12,50.0,0.25,66.67
555,288321,Serie A,24/25,Hellas Verona,Paweł Dawidowicz,Midfielder,6.5,0.0,0.01,0.0,0.19,0.0,0.19,0.0,0.1,66.67,0.0,0.0,0.0,0.0,0.0,0.0,0.0,0.0,0.0,0.0,0.0,0.0,0.0,0.0,2.19,0.97,3.4,0,0.44,0.05,0.05,0.05,0.0,0.29,0.0,0.0,0.0,0.0,36.91,30.79,6.12,83.42,19.96,10.83,3.55,0.0,0.0,1.8,36.63,26,24,1853,0.34,0.05,1.75,0.53,7.58,0.15,4.42,54.82,2.82,56.31,1.6,52.38
556,139397,Serie A,24/25,Monza,Mattia Valoti,Midfielder,6.5,0.0,0.0,0.0,0.0,0.0,0.0,0.0,0.0,0.0,0.0,0.0,0.0,0.0,0.0,0.0,0.0,0.0,0.0,0.0,0.0,0.0,0.0,0.0,5.62,0.0,3.75,0,3.75,0.0,0.0,0.0,0.0,0.0,0.0,0.0,0.0,0.0,35.62,22.5,13.12,63.16,15.0,7.5,1.88,0.0,0.0,1.88,33.33,5,0,48,1.88,0.0,3.75,3.75,15.0,1.88,9.38,45.45,9.38,50.0,0.0,0.0
557,1175945,Serie A,24/25,AC Milan,Bob Murphy Omoregbe,Midfielder,6.5,0.0,0.0,0.0,0.0,0.0,0.0,0.0,0.0,0.0,0.0,0.0,0.0,0.0,0.0,0.0,0.0,0.0,0.0,0.0,0.0,0.0,0.0,0.0,0.0,0.0,0.0,0,0.0,0.0,0.0,0.0,0.0,0.0,0.0,0.0,0.0,0.0,10.0,10.0,0.0,100.0,0.0,10.0,10.0,0.0,0.0,0.0,0.0,1,0,9,0.0,0.0,10.0,0.0,10.0,0.0,0.0,0.0,0.0,0.0,0.0,0.0
558,1121370,Serie A,24/25,Genoa,Federico Accornero,Midfielder,6.5,0.0,0.0,0.0,0.0,0.0,0.0,0.0,0.0,0.0,0.0,0.0,0.0,0.0,0.0,0.0,0.0,0.0,0.0,0.0,0.0,0.0,0.0,0.0,0.0,0.0,0.0,0,0.0,0.0,0.0,0.0,0.0,0.0,0.0,0.0,0.0,0.0,45.0,36.0,9.0,80.0,18.0,18.0,9.0,0.0,0.0,0.0,0.0,1,0,10,0.0,0.0,0.0,0.0,36.0,0.0,0.0,0.0,0.0,0.0,0.0,0.0
559,43905,Serie A,24/25,Empoli,Francesco Caputo,Forward,6.5,0.0,0.0,0.0,0.0,0.0,0.0,0.0,0.0,0.0,0.0,0.0,0.0,0.0,0.0,0.0,0.0,0.0,0.0,0.0,0.0,0.0,0.0,0.0,0.0,0.0,0.0,0,0.0,0.0,0.0,0.0,0.0,0.0,0.0,0.0,0.0,0.0,18.0,18.0,0.0,100.0,0.0,18.0,0.0,0.0,0.0,0.0,0.0,1,0,10,0.0,0.0,0.0,0.0,0.0,0.0,0.0,0.0,0.0,0.0,0.0,0.0
560,1133715,Serie A,24/25,Parma,Mathias Løvik,Midfielder,6.5,0.0,0.09,0.0,0.86,0.0,0.0,0.0,1.71,50.0,0.0,0.0,0.0,0.0,0.0,0.0,0.0,0.0,0.0,0.0,0.0,0.0,0.0,0.0,0.86,1.71,2.57,0,1.71,0.0,0.0,0.0,0.0,0.0,0.0,0.0,0.0,0.86,36.0,29.14,6.86,80.95,19.71,9.43,5.14,0.0,0.0,2.57,60.0,6,0,105,0.0,0.0,1.71,0.0,19.71,0.86,4.29,38.46,2.57,33.33,1.71,50.0
561,829581,Serie A,24/25,Venezia,Nicholas Pierini,Forward,6.5,0.0,0.03,0.0,1.1,0.0,0.0,0.0,0.0,0.0,0.0,0.0,0.0,0.0,0.0,0.0,0.0,0.0,0.0,0.0,0.0,0.0,1.1,0.0,0.0,0.0,0.0,0,1.1,0.0,0.0,0.0,0.0,0.0,0.0,0.0,0.0,2.2,18.66,15.37,3.29,82.35,5.49,10.98,4.39,1.1,33.33,0.0,0.0,2,0,82,0.0,0.0,1.1,2.2,12.07,3.29,3.29,25.0,2.2,25.0,1.1,25.0
562,961684,Serie A,24/25,AS Roma,Anass Salah-Eddine,Defender,6.5,0.0,0.19,0.59,1.18,0.59,0.0,0.0,0.0,0.0,0.0,0.0,0.0,0.0,0.0,0.59,0.0,0.0,0.0,0.0,0.0,0.0,0.0,0.0,0.59,0.59,1.18,0,0.0,0.0,1.18,0.0,0.0,0.0,0.0,0.59,0.0,1.18,47.65,41.18,6.47,86.42,16.47,25.29,11.18,0.59,16.67,0.59,33.33,3,2,153,0.0,0.0,1.18,0.59,14.12,0.59,1.18,22.22,1.18,25.0,0.0,0.0
563,877978,Serie A,24/25,Lecce,Andy Pelmard,Defender,6.5,0.0,0.0,0.0,0.0,0.0,0.0,0.0,0.67,100.0,0.0,0.0,0.0,0.0,0.0,0.0,0.0,0.0,0.0,0.0,0.0,0.0,0.0,0.0,4.03,0.0,2.69,0,0.0,0.0,0.0,0.0,0.0,0.0,0.0,0.0,0.0,0.0,17.46,14.1,3.36,80.77,8.73,5.37,2.01,0.0,0.0,2.01,60.0,3,1,134,0.67,0.0,1.34,0.0,4.7,0.0,4.7,70.0,4.7,77.78,0.0,0.0
564,1012650,Serie A,24/25,Udinese,Souleymane Isaak Touré,Defender,6.49,0.12,0.05,0.0,0.49,0.24,0.12,25.0,0.61,55.56,0.12,0.0,0.0,0.12,0.0,0.0,0.12,0.0,0.0,0.0,0.0,0.0,0.0,0.0,0.86,1.1,1.71,0,0.12,0.0,0.12,0.0,0.12,0.24,0.0,0.0,0.0,0.24,62.36,57.72,4.65,92.55,39.01,18.83,6.24,0.12,16.67,3.06,69.44,12,11,736,0.24,0.24,1.83,0.73,6.6,0.0,3.06,50.0,2.2,48.65,0.86,53.85
565,353130,Serie A,24/25,AS Roma,Mario Hermoso,Defender,6.49,0.0,0.02,0.0,0.35,0.0,0.0,0.0,0.71,66.67,0.0,0.0,0.0,0.0,0.0,0.0,0.0,0.0,0.0,0.0,0.0,0.0,0.0,0.0,0.71,1.41,4.59,0,0.35,0.0,0.0,0.0,0.0,0.0,0.0,0.0,0.0,0.0,68.12,61.76,6.35,90.67,42.71,19.41,9.18,0.35,33.33,2.82,72.73,8,2,255,0.0,0.35,2.47,0.35,7.76,0.35,2.82,34.78,1.76,33.33,1.06,37.5
566,860435,Serie A,24/25,Empoli,Szymon Żurkowski,Forward,6.48,0.0,0.09,0.0,1.71,0.0,1.71,0.0,1.71,50.0,0.0,0.0,0.0,0.0,0.0,0.0,0.0,0.0,0.0,0.0,0.0,0.0,0.0,0.0,5.14,0.86,1.71,0,0.0,0.0,0.0,0.0,0.0,0.0,0.0,0.0,0.0,0.0,28.29,23.14,5.14,81.82,12.86,10.29,2.57,0.0,0.0,0.0,0.0,5,0,105,0.0,0.0,1.71,0.86,14.57,3.43,7.71,52.94,7.71,52.94,0.0,0.0
567,1457821,Serie A,24/25,Genoa,David Ankeye,Forward,6.48,0.0,0.0,0.0,0.0,0.0,0.0,0.0,1.88,100.0,0.0,0.0,0.0,0.0,0.0,0.0,0.0,0.0,0.0,0.0,0.0,0.0,0.0,0.0,0.0,0.0,1.88,0,1.88,0.0,0.0,0.0,0.0,0.0,0.0,0.0,0.0,0.0,13.12,11.25,1.88,85.71,1.88,9.38,1.88,0.0,0.0,0.0,0.0,4,0,48,0.0,0.0,5.62,1.88,5.62,3.75,3.75,22.22,3.75,25.0,0.0,0.0
568,915280,Serie A,24/25,Como,Ben Lhassine Kone,Midfielder,6.48,0.0,0.03,0.0,1.7,0.0,1.7,0.0,1.7,100.0,0.0,0.0,0.0,0.0,0.0,0.0,0.0,0.0,0.0,0.0,0.0,0.0,0.0,0.0,3.4,1.7,1.7,0,1.7,0.0,0.0,0.0,0.0,0.0,0.0,0.0,0.0,0.0,40.75,39.06,1.7,95.83,22.08,16.98,8.49,0.0,0.0,0.0,0.0,4,0,53,1.7,0.0,1.7,1.7,18.68,8.49,6.79,33.33,6.79,36.36,0.0,0.0
569,927312,Serie A,24/25,Lecce,Marco Sala,Midfielder,6.48,0.0,0.0,0.0,0.0,0.0,0.0,0.0,0.27,100.0,0.0,0.0,0.0,0.0,0.0,0.0,0.0,0.0,0.0,0.0,0.0,0.0,0.0,0.0,2.66,0.27,2.13,0,1.07,0.0,0.0,0.0,0.0,0.0,0.27,0.0,0.0,0.53,42.34,33.28,9.05,78.62,14.38,19.44,7.99,0.53,11.76,1.07,23.53,10,3,338,0.8,0.0,1.6,0.53,14.11,0.27,3.73,50.0,3.46,56.52,0.27,20.0
570,1397347,Serie A,24/25,Torino,Ali Dembélé,Defender,6.48,0.22,0.08,0.0,1.12,0.45,0.45,20.0,0.45,40.0,0.22,0.0,0.0,0.22,0.0,0.0,0.0,0.0,0.0,0.0,0.0,0.0,0.0,0.0,2.01,0.22,2.46,0,0.0,0.0,0.22,0.22,0.0,0.0,0.0,0.0,0.0,0.67,30.0,23.51,6.49,78.36,10.52,13.21,5.15,0.22,14.29,0.9,33.33,15,4,402,0.22,0.22,2.01,1.57,13.66,1.12,5.15,46.0,4.03,54.55,1.12,29.41
571,795056,Serie A,24/25,Genoa,Filippo Melegoni,Midfielder,6.47,0.0,0.04,0.0,1.03,0.0,0.0,0.0,1.03,50.0,0.0,0.0,0.0,0.0,0.0,0.0,0.0,0.0,0.0,0.0,0.0,0.0,0.0,0.0,1.03,0.0,2.07,0,4.14,0.0,0.0,0.0,0.0,0.0,1.03,1.03,0.0,1.03,12.41,7.24,5.17,58.33,4.14,3.1,2.07,0.0,0.0,0.0,0.0,3,1,87,0.0,0.0,0.0,1.03,12.41,1.03,4.14,40.0,3.1,33.33,1.03,100.0
572,1887618,Serie A,24/25,Venezia,Saad El Haddad,Midfielder,6.47,0.0,0.0,0.0,0.0,0.0,0.0,0.0,0.0,0.0,0.0,0.0,0.0,0.0,0.0,0.0,0.0,0.0,0.0,0.0,0.0,0.0,0.0,0.0,0.0,0.0,0.0,0,0.0,0.0,0.0,0.0,0.0,0.0,0.0,0.0,0.0,2.73,35.45,27.27,8.18,76.92,16.36,10.91,5.45,0.0,0.0,0.0,0.0,3,0,33,0.0,0.0,2.73,2.73,24.55,5.45,2.73,20.0,2.73,25.0,0.0,0.0
573,789958,Serie A,24/25,Parma,Yordan Osorio,Defender,6.47,0.0,0.01,0.0,0.52,0.0,0.52,0.0,0.0,0.0,0.0,0.0,0.0,0.0,0.0,0.0,0.0,0.0,0.0,0.0,0.0,0.0,0.0,0.0,2.62,2.09,3.14,0,0.0,0.0,0.52,0.0,0.0,0.0,0.0,0.0,0.0,0.52,61.22,53.9,7.33,88.03,42.38,11.51,2.09,0.0,0.0,2.09,36.36,3,2,172,0.0,0.0,2.62,1.05,8.37,0.0,4.71,60.0,3.66,58.33,1.05,66.67
574,1177565,Serie A,24/25,Udinese,Damián Pizarro,Forward,6.45,0.0,0.0,0.0,0.0,0.0,0.0,0.0,0.0,0.0,0.0,0.0,0.0,0.0,0.0,0.0,0.0,0.0,0.0,0.0,0.0,0.0,0.0,0.0,0.0,0.0,0.0,0,0.0,0.0,0.0,0.0,0.0,0.0,0.0,0.0,0.0,0.0,11.25,7.5,3.75,66.67,7.5,0.0,0.0,0.0,0.0,0.0,0.0,2,0,24,0.0,0.0,0.0,0.0,3.75,0.0,0.0,0.0,0.0,0.0,0.0,0.0
575,1390489,Serie A,24/25,AC Milan,Davide Bartesaghi,Defender,6.45,0.0,0.01,0.0,0.73,0.73,0.0,0.0,0.0,0.0,0.0,0.0,0.0,0.0,0.0,0.0,0.73,0.0,0.0,0.0,0.0,0.0,0.0,0.0,2.93,2.2,0.73,0,0.0,0.0,0.0,0.0,0.0,0.0,0.0,0.0,0.0,1.46,44.63,42.44,2.2,95.08,16.1,28.54,10.24,2.2,30.0,0.73,50.0,4,1,123,0.0,0.73,0.73,0.0,10.24,0.73,3.66,55.56,2.93,50.0,0.73,100.0
576,365992,Serie A,24/25,Lecce,Kevin Bonifazi,Defender,6.43,0.0,0.0,0.0,0.0,0.0,0.0,0.0,1.34,50.0,0.0,0.0,0.0,0.0,0.0,0.0,0.0,0.0,0.0,0.0,0.0,0.0,0.0,0.0,1.34,2.69,4.03,0,0.0,0.0,0.0,0.0,0.0,0.0,0.0,0.0,0.0,0.0,56.42,49.7,6.72,88.1,36.27,13.43,2.69,0.0,0.0,0.0,0.0,3,0,67,0.0,0.0,0.0,0.0,10.75,0.0,4.03,60.0,2.69,66.67,1.34,50.0
577,1136325,Serie A,24/25,Lecce,Rareș Burnete,Forward,6.43,0.0,0.21,0.0,2.57,0.0,0.0,0.0,2.57,50.0,0.0,0.0,0.0,0.0,0.0,0.0,0.0,0.0,0.0,0.0,0.0,0.0,0.0,0.0,0.0,0.0,0.0,0,2.57,0.0,0.0,0.0,0.0,0.0,0.0,0.0,0.0,0.0,28.29,18.0,10.29,63.64,7.71,10.29,0.0,0.0,0.0,0.0,0.0,4,0,35,0.0,0.0,5.14,5.14,38.57,10.29,7.71,25.0,7.71,27.27,0.0,0.0
578,993101,Serie A,24/25,AS Roma,Samuel Dahl,Defender,6.4,0.0,0.0,0.0,0.0,0.0,0.0,0.0,0.0,0.0,0.0,0.0,0.0,0.0,0.0,0.0,0.0,0.0,0.0,0.0,0.0,0.0,0.0,0.0,4.39,0.0,0.0,0,2.2,0.0,0.0,0.0,0.0,0.0,0.0,0.0,0.0,0.0,57.07,50.49,6.59,88.46,6.59,43.9,24.15,0.0,0.0,0.0,0.0,2,0,41,0.0,0.0,4.39,0.0,15.37,0.0,4.39,28.57,4.39,33.33,0.0,0.0
579,1533725,Serie A,24/25,Juventus,Diego Pugno,Forward,6.4,0.0,0.0,0.0,0.0,0.0,0.0,0.0,0.0,0.0,0.0,0.0,0.0,0.0,0.0,0.0,0.0,0.0,0.0,0.0,0.0,0.0,0.0,0.0,0.0,0.0,0.0,0,0.0,0.0,0.0,0.0,0.0,0.0,0.0,0.0,0.0,9.0,18.0,18.0,0.0,100.0,9.0,9.0,9.0,0.0,0.0,0.0,0.0,1,0,10,0.0,0.0,0.0,0.0,9.0,0.0,0.0,0.0,0.0,0.0,0.0,0.0
580,227082,Serie A,24/25,Empoli,Petar Stojanović,Midfielder,6.4,0.0,0.0,0.0,0.0,0.0,0.0,0.0,0.0,0.0,0.0,0.0,0.0,0.0,0.0,0.0,0.0,0.0,0.0,0.0,0.0,0.0,0.0,0.0,0.0,0.0,0.0,0,0.0,0.0,0.0,0.0,0.0,0.0,0.0,0.0,0.0,0.0,30.0,10.0,20.0,33.33,10.0,0.0,0.0,0.0,0.0,0.0,0.0,1,0,9,0.0,0.0,0.0,0.0,20.0,0.0,0.0,0.0,0.0,0.0,0.0,0.0
581,1066729,Serie A,24/25,Como,Ali Jasim,Midfielder,6.4,0.0,0.0,0.0,0.0,0.0,0.0,0.0,0.0,0.0,0.0,0.0,0.0,0.0,0.0,0.0,0.0,0.0,0.0,0.0,0.0,0.0,0.0,0.0,10.0,0.0,0.0,0,0.0,0.0,0.0,0.0,0.0,0.0,0.0,0.0,0.0,0.0,80.0,70.0,10.0,87.5,40.0,30.0,20.0,0.0,0.0,0.0,0.0,2,0,9,0.0,0.0,10.0,0.0,20.0,0.0,20.0,66.67,10.0,50.0,10.0,100.0
582,1146225,Serie A,24/25,Monza,Stefan Leković,Defender,6.39,0.0,0.03,0.0,0.74,0.0,0.49,0.0,0.49,66.67,0.0,0.0,0.0,0.0,0.0,0.0,0.0,0.0,0.0,0.0,0.0,0.0,0.0,0.0,2.23,1.73,0.99,0,1.98,0.0,0.0,0.0,0.25,0.0,0.0,0.0,0.0,0.0,45.99,39.56,6.43,86.02,26.46,13.1,5.44,0.0,0.0,1.73,50.0,7,3,364,0.0,0.0,1.24,0.74,7.42,0.0,4.95,50.0,3.21,48.15,1.73,53.85
583,1087749,Serie A,24/25,Juventus,Jonas Rouhi,Defender,6.36,0.0,0.0,0.0,0.0,0.0,0.0,0.0,0.87,40.0,0.0,0.0,0.0,0.0,0.0,0.0,0.0,0.0,0.0,0.0,0.0,0.0,0.0,0.0,1.73,1.3,0.43,0,0.43,0.0,0.0,0.0,0.0,0.0,0.0,0.0,0.0,0.0,59.28,46.73,12.55,78.83,24.66,22.07,6.92,0.0,0.0,0.87,18.18,5,1,208,0.0,0.0,1.73,0.87,20.77,2.16,3.46,32.0,3.46,38.1,0.0,0.0
584,187121,Serie A,24/25,Como,Alberto Cerri,Forward,6.33,0.0,1.06,3.14,4.19,1.05,3.14,0.0,0.0,0.0,0.0,0.0,0.0,0.0,0.0,0.0,2.09,0.0,0.0,0.0,0.0,0.0,0.0,0.0,0.0,0.0,1.05,0,0.0,0.0,0.0,0.0,0.0,0.0,0.0,0.0,0.0,0.0,24.07,15.7,8.37,65.22,6.28,9.42,6.28,0.0,0.0,1.05,100.0,5,0,86,0.0,0.0,3.14,1.05,13.6,3.14,5.23,33.33,1.05,14.29,4.19,50.0
585,1397725,Serie A,24/25,Empoli,Jacopo Seghetti,Goalkeeper,6.3,0.0,0.0,0.0,0.0,0.0,0.0,0.0,0.0,0.0,0.0,0.0,0.0,0.0,0.0,0.0,0.0,0.0,0.0,0.0,0.0,0.0,0.0,0.0,0.0,0.0,0.0,0,0.0,0.0,0.0,0.0,0.0,0.0,0.0,0.0,0.0,0.0,16.0,9.0,7.0,56.25,7.0,2.0,0.0,0.0,0.0,4.0,40.0,1,1,90,0.0,0.0,0.0,0.0,8.0,0.0,0.0,0.0,0.0,0.0,0.0,0.0
586,1142248,Serie A,24/25,Lazio,Arijon Ibrahimović,Midfielder,6.3,0.0,0.65,0.0,16.36,0.0,0.0,0.0,0.0,0.0,0.0,0.0,0.0,0.0,0.0,0.0,0.0,0.0,0.0,0.0,0.0,0.0,0.0,0.0,0.0,0.0,0.0,0,0.0,0.0,0.0,0.0,0.0,0.0,0.0,0.0,0.0,0.0,32.73,24.55,8.18,75.0,8.18,16.36,8.18,0.0,0.0,0.0,0.0,1,0,11,0.0,0.0,0.0,0.0,8.18,0.0,0.0,0.0,0.0,0.0,0.0,0.0
587,1825909,Serie A,24/25,Empoli,Thomas Campaniello,Forward,6.3,0.0,2.06,3.21,3.21,0.0,3.21,0.0,0.0,0.0,0.0,0.0,0.0,0.0,0.0,0.0,0.0,0.0,0.0,0.0,0.0,0.0,0.0,0.0,0.0,0.0,0.0,0,6.43,0.0,0.0,0.0,0.0,0.0,0.0,0.0,0.0,0.0,45.0,28.93,16.07,64.29,6.43,22.5,9.64,0.0,0.0,0.0,0.0,3,0,28,0.0,0.0,0.0,3.21,19.29,0.0,6.43,28.57,3.21,33.33,3.21,25.0
588,1477340,Serie A,24/25,Fiorentina,Maat Daniel Caprini,Forward,6.3,0.0,0.0,0.0,0.0,0.0,0.0,0.0,0.0,0.0,0.0,0.0,0.0,0.0,0.0,0.0,6.0,0.0,0.0,0.0,0.0,0.0,0.0,0.0,0.0,0.0,0.0,0,0.0,0.0,0.0,0.0,0.0,0.0,0.0,0.0,0.0,0.0,36.0,30.0,6.0,83.33,12.0,18.0,12.0,0.0,0.0,0.0,0.0,2,0,15,0.0,0.0,0.0,0.0,36.0,6.0,0.0,0.0,0.0,0.0,0.0,0.0
589,962282,Serie A,24/25,Como,Matthias Braunöder,Midfielder,6.29,0.0,0.03,0.0,0.65,0.0,0.0,0.0,0.32,33.33,0.0,0.0,0.0,0.0,0.0,0.0,0.0,0.0,0.0,0.0,0.0,0.0,0.0,0.0,3.23,0.65,1.29,0,1.29,0.32,0.0,0.0,0.0,0.0,0.0,0.0,0.0,0.0,47.1,41.29,5.81,87.67,23.23,18.06,6.77,0.0,0.0,1.94,54.55,8,3,279,0.32,0.32,3.23,1.61,8.06,0.65,5.48,43.59,5.16,47.06,0.32,20.0
590,1101751,Serie A,24/25,Empoli,Saba Sazonov,Defender,6.2,0.0,0.0,0.0,0.0,0.0,0.0,0.0,0.0,0.0,0.0,0.0,0.0,0.0,0.0,0.0,0.0,0.0,0.0,0.0,0.0,0.0,0.0,0.0,0.0,0.0,0.0,0,0.0,0.0,0.0,0.0,0.0,0.0,0.0,0.0,0.0,0.0,0.0,0.0,0.0,0.0,0.0,0.0,0.0,0.0,0.0,0.0,0.0,1,0,11,0.0,0.0,0.0,0.0,0.0,0.0,0.0,0.0,0.0,0.0,0.0,0.0
591,1216053,Serie A,24/25,Parma,Mateusz Kowalski,Forward,6.2,0.0,0.68,1.58,1.58,0.0,1.58,0.0,0.0,0.0,0.0,0.0,0.0,0.0,0.0,1.58,0.0,0.0,0.0,0.0,0.0,0.0,0.0,0.0,0.0,0.0,1.58,0,0.0,0.0,0.0,0.0,0.0,0.0,0.0,0.0,0.0,0.0,18.95,12.63,6.32,66.67,3.16,9.47,6.32,0.0,0.0,0.0,0.0,1,1,57,0.0,0.0,1.58,0.0,12.63,3.16,0.0,0.0,0.0,0.0,0.0,0.0
592,198028,Serie A,24/25,Como,Dele Alli,Midfielder,5.7,0.0,0.0,0.0,0.0,0.0,0.0,0.0,0.0,0.0,0.0,0.0,0.0,0.0,0.0,0.0,0.0,0.0,0.0,0.0,0.0,0.0,0.0,0.0,0.0,0.0,0.0,0,0.0,0.0,0.0,0.0,0.0,0.0,0.0,0.0,0.0,0.0,27.0,27.0,0.0,100.0,9.0,18.0,0.0,0.0,0.0,0.0,0.0,1,0,10,0.0,9.0,9.0,0.0,9.0,0.0,0.0,0.0,0.0,0.0,0.0,0.0
593,1404639,Serie A,24/25,Genoa,Sebastian Otoa,Defender,5.6,0.0,0.0,0.0,0.0,0.0,0.0,0.0,0.0,0.0,0.0,0.0,0.0,0.0,0.0,0.0,0.0,0.0,0.0,0.0,0.0,0.0,0.0,0.0,0.5,1.5,7.0,0,0.5,0.0,0.0,0.0,0.0,0.0,0.0,0.0,0.0,0.0,31.5,27.5,4.0,87.3,24.5,3.0,0.5,0.0,0.0,2.5,71.43,3,3,180,0.5,0.5,2.5,0.0,5.5,0.5,3.5,41.18,0.5,12.5,3.0,66.67
594,1114354,Serie A,24/25,Torino,Aaron Ciammaglichella,Midfielder,0.0,0.0,0.0,0.0,0.0,0.0,0.0,0.0,0.0,0.0,0.0,0.0,0.0,0.0,0.0,0.0,0.0,0.0,0.0,0.0,0.0,0.0,0.0,0.0,0.0,0.0,0.0,0,0.0,0.0,0.0,0.0,0.0,0.0,0.0,0.0,0.0,0.0,0.0,0.0,0.0,0.0,0.0,0.0,0.0,0.0,0.0,0.0,0.0,1,0,1,0.0,0.0,0.0,0.0,0.0,0.0,0.0,0.0,0.0,0.0,0.0,0.0
595,352728,Serie A,24/25,SSC Napoli,Nikita Contini,Goalkeeper,0.0,0.0,0.0,0.0,0.0,0.0,0.0,0.0,0.0,0.0,0.0,0.0,0.0,0.0,0.0,0.0,0.0,0.0,0.0,0.0,0.0,0.0,0.0,0.0,0.0,0.0,0.0,0,0.0,0.0,0.0,0.0,0.0,0.0,0.0,0.0,0.0,0.0,0.0,0.0,0.0,0.0,0.0,0.0,0.0,0.0,0.0,0.0,0.0,0,0,0,1.0,0.0,0.0,0.0,0.0,0.0,0.0,0.0,0.0,0.0,0.0,0.0
596,1466118,Serie A,24/25,Empoli,Lorenzo Tosto,Defender,0.0,0.0,0.0,0.0,0.0,0.0,0.0,0.0,0.0,0.0,0.0,0.0,0.0,0.0,0.0,0.0,0.0,0.0,0.0,0.0,0.0,0.0,0.0,0.0,0.0,0.0,0.0,0,0.0,0.0,0.0,0.0,0.0,0.0,0.0,0.0,0.0,0.0,360.0,360.0,0.0,100.0,360.0,0.0,0.0,0.0,0.0,0.0,0.0,1,0,1,0.0,0.0,0.0,0.0,0.0,0.0,0.0,0.0,0.0,0.0,0.0,0.0
597,152420,Serie A,24/25,AC Milan,Alessandro Florenzi,Defender,0.0,0.0,0.0,0.0,0.0,0.0,0.0,0.0,0.0,0.0,0.0,0.0,0.0,0.0,0.0,0.0,0.0,0.0,0.0,0.0,0.0,0.0,0.0,0.0,0.0,0.0,0.0,0,0.0,0.0,0.0,0.0,0.0,0.0,0.0,0.0,0.0,0.0,67.5,67.5,0.0,100.0,22.5,45.0,22.5,0.0,0.0,0.0,0.0,1,0,4,0.0,0.0,0.0,0.0,22.5,0.0,0.0,0.0,0.0,0.0,0.0,0.0
598,1167514,Serie A,24/25,Hellas Verona,Yllan Okou,Defender,0.0,0.0,0.0,0.0,0.0,0.0,0.0,0.0,0.0,0.0,0.0,0.0,0.0,0.0,0.0,0.0,0.0,0.0,0.0,0.0,0.0,0.0,0.0,0.0,0.0,0.0,0.0,0,0.0,0.0,0.0,0.0,0.0,0.0,0.0,0.0,0.0,0.0,90.0,0.0,90.0,0.0,0.0,0.0,0.0,0.0,0.0,0.0,0.0,1,0,1,0.0,0.0,0.0,0.0,180.0,0.0,0.0,0.0,0.0,0.0,0.0,0.0
599,1137733,Serie A,24/25,Cagliari,Nicola Pintus,Defender,0.0,0.0,0.0,0.0,0.0,0.0,0.0,0.0,0.0,0.0,0.0,0.0,0.0,0.0,0.0,0.0,0.0,0.0,0.0,0.0,0.0,0.0,0.0,0.0,0.0,0.0,60.0,0,0.0,0.0,0.0,0.0,0.0,0.0,0.0,0.0,0.0,0.0,30.0,30.0,0.0,100.0,30.0,0.0,0.0,0.0,0.0,0.0,0.0,1,0,3,0.0,0.0,0.0,0.0,0.0,0.0,0.0,0.0,0.0,0.0,0.0,0.0
600,798664,Serie A,24/25,Como,Oliver Abildgaard,Defender,0.0,0.0,0.0,0.0,0.0,0.0,0.0,0.0,0.0,0.0,0.0,0.0,0.0,0.0,0.0,0.0,0.0,0.0,0.0,0.0,0.0,0.0,0.0,0.0,0.0,0.0,0.0,0,0.0,0.0,0.0,0.0,0.0,0.0,0.0,0.0,0.0,0.0,12.86,12.86,0.0,100.0,12.86,0.0,0.0,0.0,0.0,0.0,0.0,1,0,7,0.0,0.0,0.0,12.86,0.0,0.0,12.86,100.0,12.86,100.0,0.0,0.0
