#,Player ID,League,Team,Name,Position,Sofascore Rating,Goals,xG,Big chances missed,Total shots,Shots on target,Shots off target,Goal conversion %,Succ. dribbles,Succ. dribbles %,Goals inside box,Goals outside box,Headed goals,Left-footed goals,Right-footed goals,Hit woodwork,Offsides,Penalties won,Penalties taken,Penalty goals,Penalty conversion %,Free kick goals,Shots from set piece,Set piece conv. %,Tackles,Interceptions,Clearances,Blocked shots,Dribbled past,Errors leading to goal,Errors leading to shot,Penalties committed,Own goals,Clean sheets,Big chances created,Assists,Passes to assist,Key passes,Total passes,Accurate passes,Inaccurate passes,Accurate passes %,Passes in own half,Passes in opp. half,Acc. final third passes,Accurate crosses,Accurate crosses %,Accurate long balls,Accurate long balls %,Appearances,Started,Minutes played,Yellow cards,Red cards,Fouls,Was fouled,Possession lost,Dispossessed,Total duels won,Total duels won %,Ground duels won,Ground duels won %,Aerial duels won,Aerial duels won %
1,363860,Serie A,Juventus,Manuel Locatelli,Midfielder,7.71,0.03,0.08,0.03,1.36,0.37,0.56,2.27,0.31,55.56,0.03,0.0,0.0,0.0,0.03,0.06,0.0,0.0,0.03,0.0,0.0,0.0,0.06,0.0,3.06,1.17,2.25,0.71,0.68,0.06,0.09,0.0,0.0,0.31,0.15,0.06,0.0,1.42,84.01,74.22,9.79,88.35,27.43,46.79,23.04,0.15,26.32,5.62,58.71,35,35,2914,0.28,0.0,1.67,1.3,11.98,0.49,5.68,59.74,4.6,61.07,1.08,54.69
2,1002428,Serie A,Parma,Filippo Rinaldi,Goalkeeper,7.6,0.0,0.0,0.0,0.0,0.0,0.0,0.0,0.0,0.0,0.0,0.0,0.0,0.0,0.0,0.0,0.0,0.0,0.0,0.0,0.0,0.0,0.0,0.0,0.0,0.0,1.0,0.0,0.0,0.0,0.0,0.0,0.0,1.0,0.0,0.0,0.0,0.0,44.0,21.0,23.0,47.73,17.0,4.0,1.0,0.0,0.0,7.0,23.33,1,1,90,1.0,0.0,0.0,0.0,23.0,0.0,2.0,100.0,0.0,0.0,2.0,100.0
3,15466,Serie A,Milan,Luka Modrić,Midfielder,7.53,0.06,0.05,0.0,0.61,0.26,0.16,10.53,0.55,48.57,0.06,0.0,0.0,0.0,0.06,0.03,0.0,0.0,0.0,0.0,0.0,0.0,0.03,0.0,1.58,1.26,1.06,0.32,0.93,0.0,0.1,0.0,0.0,0.32,0.19,0.1,0.06,1.68,70.79,64.12,6.67,90.58,25.55,38.57,17.08,0.93,26.13,5.61,74.68,33,32,2793,0.13,0.0,0.74,1.03,11.57,0.39,3.51,54.77,3.16,55.37,0.35,50.0
4,135700,Serie A,Inter,Hakan Çalhanoğlu,Midfielder,7.5,0.49,0.31,0.05,2.73,0.93,1.09,18.0,0.27,35.71,0.22,0.27,0.0,0.05,0.44,0.05,0.0,0.0,0.27,0.22,80.0,0.0,0.22,0.0,1.86,0.87,0.87,0.33,0.71,0.0,0.0,0.0,0.0,0.27,0.38,0.22,0.0,2.24,75.92,68.82,7.1,90.65,28.71,40.12,19.87,1.8,38.37,3.55,58.56,22,20,1649,0.38,0.0,1.53,0.6,12.44,0.33,3.44,50.4,2.73,49.02,0.71,56.52
5,284361,Serie A,Inter,Federico Dimarco,Midfielder,7.41,0.2,0.17,0.31,2.14,0.68,0.82,9.52,0.24,50.0,0.17,0.03,0.0,0.17,0.03,0.07,0.17,0.0,0.0,0.0,0.0,0.0,0.17,0.0,1.7,1.02,0.95,0.14,0.68,0.0,0.03,0.0,0.0,0.37,1.12,0.58,0.0,3.19,48.19,40.04,8.15,83.09,13.52,26.52,16.34,3.19,32.75,1.29,39.58,34,29,2650,0.1,0.0,1.39,0.75,16.61,0.37,2.75,47.65,2.68,50.64,0.07,14.29
6,787505,Serie A,Inter,Benjamin Pavard,Defender,7.4,0.0,0.05,0.0,1.0,1.0,0.0,0.0,0.0,0.0,0.0,0.0,0.0,0.0,0.0,0.0,0.0,0.0,0.0,0.0,0.0,0.0,0.0,0.0,2.0,2.0,2.0,2.0,0.0,0.0,1.0,0.0,0.0,1.0,0.0,0.0,0.0,1.0,84.0,80.0,4.0,95.24,55.0,25.0,5.0,0.0,0.0,3.0,60.0,1,1,90,0.0,0.0,1.0,0.0,4.0,0.0,2.0,50.0,2.0,66.67,0.0,0.0
7,1149011,Serie A,Juventus,Kenan Yıldız,Forward,7.39,0.32,0.26,0.1,3.08,1.27,0.76,10.31,2.47,52.35,0.29,0.03,0.0,0.03,0.29,0.16,0.22,0.03,0.06,0.03,50.0,0.0,0.0,0.0,0.82,0.22,0.22,0.0,0.44,0.0,0.13,0.0,0.0,0.1,0.48,0.19,0.0,2.41,38.78,32.63,6.15,84.14,9.01,23.63,15.6,1.05,26.61,0.98,60.78,36,33,2838,0.06,0.0,0.73,1.78,16.14,1.74,5.58,50.57,5.07,50.16,0.51,55.17
8,1171451,Serie A,Como,Nico Paz,Midfielder,7.33,0.37,0.27,0.09,3.78,1.5,1.19,9.92,2.15,55.2,0.22,0.16,0.03,0.34,0.0,0.12,0.0,0.03,0.06,0.0,0.0,0.03,0.37,8.33,2.84,0.87,0.41,0.09,1.12,0.0,0.09,0.0,0.0,0.34,0.41,0.19,0.0,1.59,43.53,36.04,7.49,82.78,12.3,23.73,12.71,0.44,22.22,0.94,50.0,35,33,2882,0.16,0.0,1.66,1.28,15.05,1.41,7.18,52.39,6.28,51.94,0.91,55.77
9,865646,Serie A,Atalanta,Marco Carnesecchi,Goalkeeper,7.33,0.0,0.0,0.0,0.0,0.0,0.0,0.0,0.03,100.0,0.0,0.0,0.0,0.0,0.0,0.0,0.0,0.0,0.0,0.0,0.0,0.0,0.0,0.0,0.03,0.0,0.89,0.0,0.0,0.0,0.0,0.03,0.0,0.35,0.0,0.0,0.0,0.0,31.7,20.81,10.89,65.64,16.86,3.95,1.08,0.0,0.0,6.68,38.29,37,37,3330,0.0,0.0,0.03,0.16,11.08,0.0,0.49,94.74,0.16,85.71,0.32,100.0
10,1122835,Serie A,SSC Napoli,Alisson Santos,Forward,7.32,0.44,0.14,0.0,3.05,1.63,0.65,14.29,3.7,59.65,0.11,0.33,0.0,0.0,0.44,0.11,0.11,0.0,0.0,0.0,0.0,0.0,0.0,0.0,2.18,0.22,0.54,0.11,0.54,0.0,0.11,0.0,0.0,0.22,0.22,0.0,0.0,1.53,30.73,25.28,5.45,82.27,7.63,17.65,11.0,0.76,17.07,0.44,50.0,13,8,826,0.11,0.0,0.44,0.87,16.89,2.07,7.19,55.46,6.76,54.87,0.44,66.67
11,826188,Serie A,Inter,Alessandro Bastoni,Defender,7.27,0.04,0.05,0.12,0.68,0.32,0.24,5.88,0.24,60.0,0.04,0.0,0.04,0.0,0.0,0.08,0.0,0.0,0.0,0.0,0.0,0.0,0.0,0.0,2.04,0.92,3.2,0.24,0.4,0.0,0.0,0.0,0.0,0.32,0.28,0.16,0.0,1.0,74.03,64.75,9.28,87.46,33.98,30.77,14.73,0.92,27.06,4.4,50.69,28,28,2249,0.24,0.0,1.8,0.8,14.69,0.12,5.16,58.9,3.08,55.8,2.08,64.2
12,803039,Serie A,AS Roma,Donyell Malen,Forward,7.26,0.84,0.76,0.52,4.33,1.87,1.1,19.4,0.9,38.89,0.77,0.06,0.0,0.06,0.77,0.13,0.9,0.0,0.19,0.19,100.0,0.0,0.06,0.0,0.19,0.13,0.06,0.0,0.13,0.0,0.0,0.0,0.0,0.06,0.13,0.13,0.0,0.45,13.24,10.39,2.84,78.54,2.71,7.68,5.16,0.06,20.0,0.13,100.0,17,17,1394,0.06,0.0,0.77,1.1,10.39,2.2,2.84,33.59,2.2,33.01,0.65,35.71
13,960441,Serie A,Atalanta,Charles De Ketelaere,Forward,7.25,0.12,0.15,0.12,1.92,0.67,0.58,6.52,2.04,49.49,0.12,0.0,0.04,0.04,0.04,0.0,0.12,0.0,0.0,0.0,0.0,0.0,0.0,0.0,1.0,0.17,0.62,0.08,0.79,0.0,0.0,0.0,0.0,0.21,0.75,0.21,0.0,2.58,41.62,32.75,8.88,78.68,6.21,26.54,17.96,0.67,36.36,1.46,58.33,30,26,2160,0.17,0.0,0.96,1.5,17.12,2.33,6.29,44.02,4.54,42.75,1.75,47.73
14,901850,Serie A,Fiorentina,Nicolò Fagioli,Midfielder,7.23,0.07,0.09,0.04,1.16,0.25,0.46,6.06,0.67,61.29,0.07,0.0,0.0,0.0,0.07,0.04,0.0,0.0,0.0,0.0,0.0,0.0,0.14,0.0,1.61,0.56,0.91,0.35,0.88,0.04,0.04,0.0,0.0,0.14,0.39,0.11,0.0,2.18,58.69,52.79,5.9,89.95,24.82,27.98,12.88,0.7,23.81,3.79,66.26,33,30,2564,0.18,0.0,0.81,1.58,11.41,1.09,3.9,54.41,3.86,54.73,0.04,33.33
15,965828,Serie A,Lazio,Mario Gila,Defender,7.22,0.0,0.05,0.15,0.44,0.11,0.22,0.0,0.22,85.71,0.0,0.0,0.0,0.0,0.0,0.07,0.0,0.0,0.0,0.0,0.0,0.0,0.0,0.0,1.7,0.92,4.06,0.63,0.41,0.0,0.07,0.07,0.0,0.26,0.04,0.0,0.0,0.18,65.99,59.85,6.13,90.71,40.16,19.69,4.95,0.04,100.0,4.84,66.84,30,30,2436,0.11,0.04,0.63,0.92,6.91,0.3,4.95,67.0,2.81,68.47,2.14,65.17
16,250737,Serie A,Milan,Adrien Rabiot,Midfielder,7.22,0.22,0.14,0.07,1.54,0.44,0.66,14.29,0.73,48.78,0.15,0.07,0.0,0.22,0.0,0.04,0.26,0.04,0.0,0.0,0.0,0.0,0.0,0.0,2.05,0.66,1.46,0.18,0.66,0.0,0.04,0.0,0.0,0.48,0.22,0.15,0.0,0.84,46.5,39.7,6.8,85.37,15.62,24.07,11.71,0.51,25.0,1.61,61.11,28,27,2460,0.15,0.04,1.28,1.98,12.26,1.21,6.22,55.92,4.65,54.51,1.57,60.56
17,332155,Serie A,SSC Napoli,Amir Rrahmani,Defender,7.22,0.11,0.06,0.05,0.74,0.16,0.37,14.29,0.11,50.0,0.11,0.0,0.11,0.0,0.0,0.05,0.11,0.0,0.0,0.0,0.0,0.0,0.0,0.0,1.16,1.16,3.53,0.53,0.11,0.0,0.05,0.11,0.0,0.42,0.0,0.05,0.0,0.32,83.16,76.79,6.37,92.34,48.89,27.89,5.58,0.0,0.0,2.21,45.16,20,20,1710,0.16,0.0,1.05,0.84,7.0,0.16,5.42,64.78,2.11,60.61,3.32,67.74
18,363856,Serie A,Inter,Nicolò Barella,Midfielder,7.21,0.11,0.11,0.11,1.27,0.18,0.65,8.57,0.91,50.0,0.11,0.0,0.0,0.04,0.07,0.04,0.15,0.0,0.0,0.0,0.0,0.0,0.07,0.0,1.92,0.33,0.36,0.11,0.84,0.0,0.07,0.0,0.0,0.18,0.51,0.29,0.04,2.61,62.59,53.7,8.89,85.79,18.62,35.07,20.0,1.34,36.27,2.65,55.73,33,30,2479,0.25,0.0,1.2,0.76,14.49,0.69,4.07,49.12,3.59,51.03,0.47,38.24
19,892979,Serie A,Udinese,Oumar Solet,Defender,7.2,0.09,0.09,0.09,1.03,0.19,0.6,9.09,1.25,70.18,0.06,0.03,0.0,0.0,0.09,0.0,0.06,0.0,0.03,0.03,100.0,0.0,0.0,0.0,2.29,1.41,3.92,0.6,0.66,0.03,0.06,0.0,0.03,0.31,0.09,0.03,0.03,0.72,63.2,56.33,6.87,89.14,34.8,21.54,8.43,0.06,10.53,4.64,59.44,34,33,2871,0.03,0.0,0.94,0.91,10.0,0.69,5.96,59.94,4.39,61.95,1.57,54.95
21,599114,Serie A,Como,Jean Butez,Goalkeeper,7.2,0.0,0.0,0.0,0.0,0.0,0.0,0.0,0.03,100.0,0.0,0.0,0.0,0.0,0.0,0.0,0.0,0.0,0.0,0.0,0.0,0.0,0.0,0.0,0.05,0.03,1.22,0.0,0.03,0.05,0.0,0.0,0.0,0.51,0.03,0.03,0.0,0.08,35.32,28.78,6.54,81.48,25.86,2.92,1.27,0.0,0.0,6.24,50.22,37,37,3330,0.08,0.0,0.0,0.24,6.76,0.0,0.57,91.3,0.19,87.5,0.38,93.33
22,984095,Serie A,Lazio,Alessio Furlanetto,Goalkeeper,7.2,0.0,0.0,0.0,0.0,0.0,0.0,0.0,0.0,0.0,0.0,0.0,0.0,0.0,0.0,0.0,0.0,0.0,0.0,0.0,0.0,0.0,0.0,0.0,0.0,0.0,0.0,0.0,0.0,0.0,0.0,0.0,0.0,0.0,0.0,0.0,0.0,0.0,23.0,20.0,3.0,86.96,16.0,4.0,1.0,0.0,0.0,5.0,71.43,1,1,90,0.0,0.0,0.0,0.0,3.0,0.0,0.0,0.0,0.0,0.0,0.0,0.0
23,1142149,Serie A,Lecce,Medon Berisha,Midfielder,7.2,0.2,0.12,0.0,2.45,0.51,1.02,8.33,0.31,75.0,0.1,0.1,0.0,0.1,0.1,0.0,0.1,0.0,0.0,0.0,0.0,0.1,0.61,16.67,2.15,0.51,0.31,0.2,0.2,0.0,0.1,0.0,0.0,0.0,0.51,0.31,0.0,2.05,37.23,30.27,6.95,81.32,11.25,19.02,9.72,2.05,33.9,2.86,51.85,13,12,880,0.0,0.0,1.12,1.02,13.5,1.12,4.19,55.41,3.48,57.63,0.72,46.67
24,879746,Serie A,Genoa,Leo Østigård,Defender,7.19,0.17,0.12,0.17,0.75,0.41,0.21,22.73,0.03,100.0,0.17,0.0,0.1,0.03,0.0,0.03,0.1,0.0,0.0,0.0,0.0,0.0,0.0,0.0,1.24,1.03,7.38,0.93,0.24,0.03,0.0,0.03,0.0,0.27,0.03,0.03,0.0,0.34,58.06,51.64,6.42,88.95,38.36,13.28,3.19,0.0,0.0,2.85,48.26,30,30,2623,0.24,0.0,1.3,0.51,7.41,0.07,5.39,64.88,1.68,53.85,3.71,71.52
25,308182,Serie A,Lazio,Ivan Provedel,Goalkeeper,7.18,0.0,0.0,0.0,0.0,0.0,0.0,0.0,0.04,100.0,0.0,0.0,0.0,0.0,0.0,0.0,0.0,0.0,0.0,0.0,0.0,0.0,0.0,0.0,0.0,0.0,0.85,0.0,0.04,0.04,0.0,0.0,0.0,0.44,0.04,0.0,0.0,0.04,31.93,24.04,7.89,75.29,21.41,2.63,0.7,0.0,0.0,6.41,45.29,27,27,2430,0.04,0.0,0.0,0.07,8.0,0.0,0.44,85.71,0.07,66.67,0.37,90.91
26,1403348,Serie A,Como,Jacobo Ramón,Defender,7.18,0.07,0.15,0.31,1.29,0.31,0.64,5.26,0.24,58.33,0.07,0.0,0.03,0.0,0.03,0.07,0.0,0.0,0.0,0.0,0.0,0.0,0.0,0.0,1.66,1.22,3.97,0.58,0.51,0.0,0.1,0.0,0.0,0.47,0.03,0.0,0.0,0.37,69.31,63.23,6.07,91.24,39.18,24.05,8.35,0.07,20.0,2.24,50.38,31,29,2653,0.37,0.03,1.09,0.41,7.5,0.31,5.94,60.14,2.31,53.13,3.63,65.64
27,850952,Serie A,Bologna,Federico Ravaglia,Goalkeeper,7.17,0.0,0.0,0.0,0.0,0.0,0.0,0.0,0.06,100.0,0.0,0.0,0.0,0.0,0.0,0.0,0.0,0.0,0.0,0.0,0.0,0.0,0.0,0.0,0.18,0.06,1.23,0.0,0.12,0.06,0.12,0.12,0.0,0.12,0.0,0.0,0.0,0.0,46.5,34.62,11.89,74.44,30.27,4.35,0.98,0.0,0.0,7.47,39.61,17,16,1469,0.25,0.0,0.12,0.18,12.31,0.0,0.67,64.71,0.31,55.56,0.37,75.0
28,191210,Serie A,Milan,Mike Maignan,Goalkeeper,7.17,0.0,0.0,0.0,0.0,0.0,0.0,0.0,0.08,100.0,0.0,0.0,0.0,0.0,0.0,0.0,0.0,0.0,0.0,0.0,0.0,0.0,0.0,0.0,0.0,0.03,0.59,0.0,0.0,0.03,0.06,0.0,0.0,0.36,0.0,0.0,0.0,0.0,29.7,23.02,6.68,77.5,20.94,2.08,0.7,0.0,0.0,4.77,42.5,36,36,3206,0.08,0.0,0.0,0.14,6.96,0.0,0.34,100.0,0.2,100.0,0.14,100.0
29,91046,Serie A,Inter,Stefan de Vrij,Defender,7.15,0.0,0.05,0.0,0.76,0.31,0.31,0.0,0.15,50.0,0.0,0.0,0.0,0.0,0.0,0.0,0.0,0.0,0.0,0.0,0.0,0.0,0.0,0.0,1.98,0.92,4.88,0.61,0.15,0.0,0.0,0.0,0.0,0.31,0.0,0.0,0.0,0.31,66.2,61.93,4.27,93.55,32.19,29.75,4.88,0.0,0.0,1.83,54.55,10,7,590,0.15,0.0,0.76,0.76,4.58,0.0,5.19,61.82,2.75,72.0,2.44,53.33
30,888971,Serie A,Sassuolo,Arijanet Murić,Goalkeeper,7.15,0.0,0.0,0.0,0.0,0.0,0.0,0.0,0.0,0.0,0.0,0.0,0.0,0.0,0.0,0.0,0.0,0.0,0.0,0.0,0.0,0.0,0.0,0.0,0.0,0.0,1.53,0.0,0.03,0.06,0.16,0.03,0.0,0.19,0.0,0.0,0.0,0.03,28.97,17.62,11.34,60.84,13.06,4.56,1.81,0.0,0.0,6.72,37.65,32,32,2880,0.12,0.0,0.03,0.09,11.69,0.0,0.59,90.48,0.06,66.67,0.53,94.44
31,138605,Serie A,Inter,Piotr Zieliński,Midfielder,7.15,0.27,0.11,0.05,1.28,0.46,0.32,21.43,0.78,70.83,0.05,0.23,0.0,0.14,0.14,0.05,0.0,0.0,0.05,0.05,100.0,0.0,0.0,0.0,1.37,0.23,1.15,0.14,0.55,0.0,0.05,0.0,0.0,0.14,0.32,0.14,0.0,1.33,66.6,61.42,5.18,92.23,23.04,38.38,19.65,0.41,37.5,2.24,62.82,33,21,1965,0.14,0.0,0.78,0.78,7.6,0.32,3.44,60.0,2.89,60.58,0.55,57.14
32,906275,Serie A,Inter,Yann Bisseck,Defender,7.14,0.15,0.12,0.15,1.23,0.59,0.25,12.0,0.39,66.67,0.15,0.0,0.1,0.05,0.0,0.05,0.15,0.0,0.0,0.0,0.0,0.0,0.0,0.0,1.28,0.98,3.54,0.25,0.39,0.0,0.05,0.0,0.0,0.44,0.0,0.05,0.05,0.44,61.02,56.5,4.52,92.59,32.28,24.22,10.07,0.1,15.38,1.13,43.4,22,20,1832,0.1,0.0,0.98,0.79,6.93,0.34,4.32,60.69,2.41,56.98,1.92,66.1
33,901891,Serie A,Milan,Alexis Saelemaekers,Midfielder,7.14,0.07,0.1,0.13,1.4,0.33,0.6,4.76,1.63,47.12,0.03,0.03,0.0,0.03,0.03,0.1,0.07,0.03,0.0,0.0,0.0,0.0,0.0,0.0,2.36,0.93,0.73,0.13,1.0,0.0,0.1,0.0,0.0,0.27,0.17,0.1,0.0,1.63,42.86,36.11,6.75,84.25,13.7,22.41,11.97,0.63,23.75,0.83,44.64,34,32,2707,0.17,0.0,0.83,2.03,13.7,0.57,6.32,57.93,5.98,58.82,0.33,45.45
34,814882,Serie A,Bologna,Nikola Moro,Midfielder,7.13,0.1,0.05,0.05,1.12,0.15,0.76,9.09,0.66,68.42,0.05,0.05,0.0,0.05,0.05,0.1,0.05,0.0,0.0,0.0,0.0,0.05,0.2,25.0,1.52,0.81,1.73,0.36,0.66,0.0,0.05,0.0,0.0,0.2,0.1,0.0,0.0,1.32,67.01,56.9,10.1,84.92,21.78,35.13,16.04,0.76,30.0,7.51,64.35,29,19,1773,0.05,0.0,0.81,0.86,13.5,0.41,3.96,56.12,2.99,58.42,0.96,50.0
35,1090019,Serie A,Como,Martin Baturina,Midfielder,7.13,0.36,0.11,0.0,1.67,0.54,0.66,21.43,1.25,50.0,0.3,0.06,0.0,0.06,0.3,0.06,0.0,0.0,0.0,0.0,0.0,0.0,0.12,0.0,1.13,0.3,0.12,0.12,1.31,0.0,0.0,0.0,0.0,0.06,0.48,0.18,0.06,3.58,47.92,42.19,5.73,88.04,13.61,28.59,14.98,1.73,38.67,0.72,57.14,28,16,1508,0.0,0.0,0.84,2.57,13.31,1.67,5.31,48.9,4.95,49.7,0.36,40.0
36,1012176,Serie A,Atalanta,Giorgio Scalvini,Defender,7.12,0.15,0.13,0.15,0.98,0.31,0.31,15.79,0.67,46.43,0.15,0.0,0.05,0.0,0.05,0.1,0.1,0.0,0.0,0.0,0.0,0.0,0.0,0.0,2.31,2.21,3.55,0.62,1.08,0.05,0.0,0.05,0.0,0.26,0.1,0.05,0.0,0.77,59.4,52.15,7.25,87.79,29.78,22.37,10.54,0.05,16.67,1.8,42.17,23,22,1750,0.1,0.0,1.59,0.51,10.18,0.31,5.61,54.23,3.5,50.75,2.11,61.19
37,383560,Serie A,Inter,Manuel Akanji,Defender,7.11,0.06,0.07,0.03,0.73,0.19,0.41,8.7,0.03,50.0,0.06,0.0,0.06,0.0,0.0,0.0,0.06,0.0,0.0,0.0,0.0,0.0,0.0,0.0,1.53,1.18,3.35,0.41,0.32,0.0,0.06,0.0,0.0,0.48,0.03,0.0,0.0,0.22,67.24,61.95,5.3,92.12,34.37,27.57,9.67,0.06,66.67,2.94,65.25,33,31,2820,0.13,0.0,0.83,0.57,6.13,0.13,3.73,57.92,2.11,61.68,1.63,53.68
38,823984,Serie A,Inter,Lautaro Martínez,Forward,7.11,0.72,0.57,0.68,3.9,1.65,1.27,18.48,0.89,47.73,0.72,0.0,0.17,0.21,0.34,0.13,0.34,0.0,0.0,0.0,0.0,0.0,0.0,0.0,1.02,0.3,0.76,0.0,0.38,0.0,0.04,0.0,0.0,0.0,0.51,0.25,0.0,1.57,24.66,19.32,5.34,78.35,5.42,13.9,8.94,0.08,11.76,0.72,62.96,29,26,2124,0.13,0.0,1.91,1.91,11.27,1.44,4.79,45.2,3.77,45.88,1.02,42.86
39,259281,Serie A,Torino,Alberto Paleari,Goalkeeper,7.09,0.0,0.0,0.0,0.0,0.0,0.0,0.0,0.0,0.0,0.0,0.0,0.0,0.0,0.0,0.0,0.0,0.0,0.0,0.0,0.0,0.0,0.0,0.0,0.0,0.0,1.0,0.0,0.07,0.04,0.04,0.0,0.0,0.32,0.0,0.0,0.0,0.0,31.46,20.79,10.68,66.06,15.68,5.11,1.86,0.0,0.0,7.11,40.2,28,28,2520,0.04,0.0,0.0,0.25,10.82,0.0,0.68,86.36,0.14,66.67,0.54,93.75
40,885197,Serie A,Juventus,Bremer,Defender,7.09,0.17,0.12,0.04,0.95,0.37,0.46,17.39,0.04,14.29,0.12,0.04,0.12,0.0,0.04,0.04,0.0,0.0,0.0,0.0,0.0,0.0,0.0,0.0,1.16,1.32,3.89,0.46,0.17,0.04,0.0,0.04,0.0,0.5,0.0,0.12,0.0,0.33,55.2,49.41,5.79,89.51,30.25,19.16,5.21,0.0,0.0,2.73,51.56,26,25,2175,0.21,0.0,0.87,0.41,7.03,0.21,4.34,55.56,1.61,52.0,2.73,57.89
41,911848,Serie A,Como,Lucas Da Cunha,Midfielder,7.08,0.14,0.19,0.2,1.22,0.47,0.47,11.11,0.74,66.67,0.1,0.03,0.0,0.14,0.0,0.07,0.03,0.0,0.1,0.1,100.0,0.0,0.03,0.0,1.93,0.54,0.54,0.03,1.02,0.0,0.0,0.0,0.0,0.34,0.34,0.14,0.0,1.49,65.08,58.71,6.37,90.22,26.75,31.96,14.02,1.12,34.38,2.03,55.56,35,30,2658,0.14,0.0,1.15,0.64,10.97,0.95,3.89,48.12,3.32,49.25,0.58,42.5
42,367056,Serie A,Juventus,Jérémie Boga,Forward,7.08,0.59,0.41,0.45,3.42,1.78,0.89,17.39,3.12,52.5,0.59,0.0,0.0,0.0,0.59,0.15,0.15,0.0,0.0,0.0,0.0,0.0,0.0,0.0,0.89,0.3,0.59,0.0,0.59,0.0,0.0,0.0,0.0,0.15,0.3,0.0,0.0,2.08,27.77,22.87,4.9,82.35,6.39,16.49,10.99,1.34,33.33,0.0,0.0,14,5,606,0.15,0.0,0.45,0.74,13.81,1.04,5.2,47.3,4.75,50.0,0.45,30.0
43,1082406,Serie A,AS Roma,Matías Soulé,Forward,7.08,0.26,0.16,0.09,2.11,0.69,0.82,12.24,1.46,36.96,0.17,0.09,0.0,0.26,0.0,0.04,0.26,0.0,0.0,0.0,0.0,0.0,0.17,0.0,0.77,0.39,0.47,0.09,0.52,0.0,0.04,0.0,0.0,0.04,0.21,0.21,0.04,1.93,40.94,34.54,6.4,84.37,8.98,25.56,17.1,0.9,30.0,1.5,62.5,32,27,2095,0.04,0.0,0.3,1.72,16.63,2.23,4.34,39.92,3.95,42.01,0.39,26.47
44,318603,Serie A,Cremonese,Emil Audero,Goalkeeper,7.08,0.0,0.0,0.0,0.0,0.0,0.0,0.0,0.03,100.0,0.0,0.0,0.0,0.0,0.0,0.0,0.0,0.0,0.0,0.0,0.0,0.0,0.0,0.0,0.0,0.0,0.94,0.0,0.03,0.15,0.03,0.0,0.0,0.33,0.0,0.0,0.0,0.0,38.33,23.91,14.42,62.37,19.0,4.91,0.91,0.0,0.0,7.91,35.75,33,33,2970,0.0,0.0,0.0,0.18,14.7,0.0,0.42,82.35,0.06,66.67,0.36,85.71
45,965893,Serie A,Milan,Strahinja Pavlović,Defender,7.06,0.16,0.11,0.06,0.81,0.19,0.45,20.0,0.52,51.61,0.13,0.03,0.06,0.06,0.0,0.0,0.1,0.03,0.0,0.0,0.0,0.0,0.03,0.0,1.72,0.65,3.66,0.45,0.52,0.0,0.03,0.06,0.0,0.36,0.0,0.03,0.03,0.52,57.82,52.48,5.34,90.76,31.14,21.33,6.8,0.16,33.33,2.07,54.7,33,32,2780,0.1,0.0,0.87,0.91,7.48,0.36,5.34,57.69,3.14,58.79,2.2,56.2
46,862223,Serie A,Fiorentina,Manor Solomon,Midfielder,7.06,0.2,0.09,0.1,1.11,0.4,0.2,18.18,2.43,68.57,0.1,0.1,0.0,0.0,0.2,0.0,0.1,0.0,0.0,0.0,0.0,0.0,0.0,0.0,1.32,0.1,0.3,0.1,0.51,0.0,0.0,0.0,0.0,0.3,0.3,0.1,0.0,2.33,31.18,27.94,3.24,89.61,8.1,19.84,11.74,1.21,26.09,0.61,75.0,15,9,889,0.1,0.0,0.2,1.62,10.93,1.72,5.47,59.34,5.37,60.23,0.1,33.33
47,793986,Serie A,AS Roma,Mile Svilar,Goalkeeper,7.06,0.0,0.0,0.0,0.0,0.0,0.0,0.0,0.0,0.0,0.0,0.0,0.0,0.0,0.0,0.0,0.0,0.0,0.0,0.0,0.0,0.0,0.0,0.0,0.08,0.03,0.7,0.0,0.03,0.03,0.0,0.0,0.0,0.46,0.0,0.0,0.0,0.0,30.86,21.35,9.51,69.18,18.54,2.81,0.46,0.0,0.0,5.89,38.31,37,37,3330,0.0,0.0,0.0,0.22,9.65,0.0,0.51,82.61,0.22,88.89,0.3,78.57
48,253367,Serie A,Sassuolo,Domenico Berardi,Forward,7.05,0.38,0.28,0.19,1.82,0.96,0.62,21.05,0.53,42.31,0.38,0.0,0.0,0.34,0.05,0.0,0.57,0.05,0.14,0.1,66.67,0.0,0.1,0.0,1.24,1.15,1.15,0.0,0.91,0.0,0.0,0.0,0.0,0.14,0.34,0.19,0.0,1.53,29.78,22.84,6.94,76.69,8.33,14.51,8.66,0.81,30.91,1.72,53.73,25,23,1880,0.1,0.05,1.39,1.58,12.83,0.86,3.93,45.81,3.3,46.62,0.62,41.94
49,1134200,Serie A,AS Roma,Wesley,Midfielder,7.05,0.18,0.06,0.07,0.92,0.48,0.26,20.0,0.51,23.33,0.18,0.0,0.0,0.0,0.18,0.0,0.07,0.04,0.0,0.0,0.0,0.0,0.0,0.0,1.94,0.84,2.27,0.18,1.1,0.0,0.0,0.0,0.0,0.37,0.33,0.0,0.0,1.21,37.66,30.15,7.51,80.06,10.0,20.15,11.68,0.73,21.05,0.84,31.08,30,28,2457,0.18,0.07,1.32,2.09,15.68,0.92,5.46,47.0,4.54,47.51,0.92,44.64
50,136856,Serie A,Milan,Pietro Terracciano,Goalkeeper,7.05,0.0,0.0,0.0,0.0,0.0,0.0,0.0,0.0,0.0,0.0,0.0,0.0,0.0,0.0,0.0,0.0,0.0,0.0,0.0,0.0,0.0,0.0,0.0,0.0,0.0,0.73,0.0,0.0,0.0,0.0,0.0,0.0,0.73,0.0,0.0,0.0,0.0,22.5,21.05,1.45,93.55,17.42,3.63,1.45,0.0,0.0,5.08,77.78,2,1,124,0.0,0.0,0.0,0.0,2.18,0.0,0.0,0.0,0.0,0.0,0.0,0.0
51,830858,Serie A,Udinese,Keinan Davis,Forward,7.04,0.45,0.45,0.32,2.16,1.13,0.59,20.83,1.35,68.18,0.45,0.0,0.05,0.36,0.05,0.05,0.45,0.09,0.18,0.18,100.0,0.0,0.0,0.0,0.5,0.09,1.13,0.14,0.23,0.0,0.05,0.0,0.0,0.05,0.27,0.18,0.0,1.31,17.02,13.33,3.69,78.31,4.28,9.05,5.49,0.0,0.0,0.36,80.0,29,26,1999,0.23,0.0,1.76,2.12,9.05,1.76,6.57,47.1,3.96,49.44,2.61,43.94
52,791702,Serie A,Inter,Marcus Thuram,Forward,7.04,0.61,0.44,0.71,3.48,1.36,1.27,17.57,0.8,60.71,0.56,0.05,0.19,0.09,0.28,0.05,0.71,0.05,0.0,0.0,0.0,0.0,0.0,0.0,1.13,0.05,0.47,0.09,0.47,0.0,0.05,0.0,0.0,0.0,0.33,0.28,0.0,1.36,22.58,17.08,5.5,75.63,4.94,12.14,7.67,0.28,28.57,0.19,66.67,29,24,1913,0.09,0.0,2.02,1.93,11.1,1.41,6.12,50.39,3.81,48.8,2.31,53.26
53,100389,Serie A,Atalanta,Marten de Roon,Midfielder,7.04,0.03,0.03,0.03,0.48,0.14,0.24,7.14,0.1,37.5,0.03,0.0,0.0,0.0,0.03,0.0,0.0,0.0,0.0,0.0,0.0,0.0,0.0,0.0,2.74,0.82,2.26,0.17,1.0,0.0,0.03,0.03,0.0,0.24,0.03,0.07,0.03,0.75,63.68,54.56,9.13,85.67,22.58,31.98,14.86,0.1,23.08,3.33,49.49,33,31,2623,0.21,0.03,1.2,0.38,10.67,0.17,4.36,52.26,3.19,56.36,1.17,43.59
54,879346,Serie A,SSC Napoli,Scott McTominay,Midfielder,7.04,0.33,0.36,0.43,3.26,1.13,1.23,10.2,0.87,46.43,0.23,0.1,0.07,0.03,0.23,0.07,0.17,0.0,0.03,0.0,0.0,0.0,0.17,0.0,0.93,0.7,1.6,0.43,0.4,0.03,0.07,0.0,0.0,0.4,0.03,0.1,0.0,0.73,42.02,37.23,4.79,88.59,16.22,21.01,8.66,0.03,11.11,1.07,74.42,32,30,2703,0.03,0.0,0.8,2.26,9.52,1.66,5.46,52.56,3.86,50.22,1.6,59.26
55,937324,Serie A,Lazio,Nicolò Rovella,Midfielder,7.04,0.0,0.01,0.0,0.18,0.0,0.18,0.0,1.05,66.67,0.0,0.0,0.0,0.0,0.0,0.0,0.0,0.0,0.0,0.0,0.0,0.0,0.0,0.0,1.93,1.58,1.58,0.18,0.88,0.0,0.35,0.0,0.0,0.18,0.35,0.18,0.0,2.28,86.32,80.0,6.32,92.68,38.95,41.05,14.91,0.7,36.36,2.98,65.38,11,6,513,0.35,0.18,1.23,2.11,10.53,0.7,5.61,62.75,5.09,61.7,0.53,75.0
56,974087,Serie A,AS Roma,Manu Koné,Midfielder,7.04,0.07,0.08,0.04,0.77,0.18,0.26,9.52,1.07,61.7,0.07,0.0,0.04,0.0,0.04,0.04,0.07,0.0,0.0,0.0,0.0,0.0,0.0,0.0,1.81,0.66,0.96,0.11,1.0,0.0,0.07,0.0,0.0,0.41,0.15,0.11,0.0,0.92,50.18,45.39,4.79,90.45,16.78,28.61,13.72,0.0,0.0,1.29,60.34,28,28,2441,0.07,0.0,1.7,1.95,9.03,1.33,5.68,50.83,4.68,50.8,1.0,50.94
57,284349,Serie A,Pisa,Simone Scuffet,Goalkeeper,7.04,0.0,0.0,0.0,0.0,0.0,0.0,0.0,0.0,0.0,0.0,0.0,0.0,0.0,0.0,0.0,0.0,0.0,0.0,0.0,0.0,0.0,0.0,0.0,0.0,0.0,1.29,0.0,0.0,0.0,0.0,0.0,0.0,0.14,0.0,0.0,0.0,0.0,33.86,22.86,11.0,67.51,15.43,7.43,2.43,0.0,0.0,10.43,48.99,7,7,630,0.0,0.0,0.0,0.57,11.0,0.0,0.86,100.0,0.43,100.0,0.43,100.0
58,979222,Serie A,Juventus,Francisco Conceição,Forward,7.03,0.13,0.33,0.44,3.11,1.02,0.89,4.29,2.4,53.47,0.04,0.09,0.0,0.13,0.0,0.13,0.13,0.0,0.0,0.0,0.0,0.0,0.0,0.0,1.51,0.31,0.18,0.04,0.67,0.0,0.0,0.0,0.0,0.0,0.22,0.18,0.0,1.82,36.21,31.69,4.53,87.5,9.45,22.23,14.2,1.02,25.56,0.8,56.25,30,26,2028,0.13,0.0,1.42,1.73,13.22,1.11,5.72,49.81,5.64,52.26,0.09,12.5
59,934384,Serie A,Parma,Adrián Bernabé,Midfielder,7.03,0.11,0.08,0.07,1.81,0.43,0.61,6.0,0.54,35.71,0.07,0.04,0.0,0.07,0.04,0.04,0.04,0.0,0.0,0.0,0.0,0.0,0.25,0.0,1.41,0.61,0.9,0.22,1.12,0.0,0.0,0.0,0.0,0.0,0.25,0.04,0.0,1.99,45.78,38.81,6.97,84.78,16.25,22.56,11.95,0.61,20.99,2.71,63.56,32,31,2493,0.0,0.0,0.54,2.2,12.53,0.79,4.3,52.19,4.15,54.76,0.14,22.22
60,905351,Serie A,Parma,Zion Suzuki,Goalkeeper,7.03,0.0,0.0,0.0,0.0,0.0,0.0,0.0,0.0,0.0,0.0,0.0,0.0,0.0,0.0,0.0,0.0,0.0,0.0,0.0,0.0,0.0,0.0,0.0,0.0,0.0,1.25,0.0,0.05,0.05,0.0,0.0,0.0,0.25,0.0,0.0,0.0,0.05,34.95,21.65,13.3,61.95,15.5,6.15,3.4,0.0,0.0,8.0,37.91,20,20,1800,0.05,0.0,0.0,0.2,13.7,0.0,0.55,91.67,0.2,80.0,0.35,100.0
61,1397736,Serie A,Cagliari,Marco Palestra,Midfielder,7.02,0.03,0.05,0.0,0.79,0.21,0.35,3.7,1.97,50.76,0.03,0.0,0.0,0.0,0.03,0.0,0.24,0.0,0.0,0.0,0.0,0.0,0.0,0.0,1.62,0.56,1.21,0.09,0.53,0.0,0.03,0.0,0.0,0.18,0.21,0.12,0.03,0.91,25.23,21.49,3.74,85.18,11.36,10.13,4.71,0.79,24.77,0.79,54.0,36,34,3057,0.09,0.0,1.21,3.18,11.69,0.68,7.21,59.76,6.77,61.5,0.44,41.67
62,865167,Serie A,Juventus,Lloyd Kelly,Defender,7.02,0.03,0.03,0.0,0.5,0.09,0.22,6.25,0.53,80.95,0.03,0.0,0.0,0.03,0.0,0.03,0.12,0.0,0.0,0.0,0.0,0.0,0.03,0.0,1.42,0.43,3.53,0.5,0.22,0.0,0.06,0.03,0.0,0.4,0.06,0.03,0.0,0.28,61.56,54.81,6.75,89.04,33.95,20.86,6.93,0.0,0.0,3.84,54.15,34,32,2908,0.12,0.0,1.27,0.59,8.51,0.28,5.23,60.57,2.48,57.97,2.75,63.12
63,70996,Serie A,SSC Napoli,Kevin De Bruyne,Midfielder,7.02,0.41,0.33,0.0,2.15,0.91,0.66,19.23,0.74,69.23,0.33,0.08,0.0,0.0,0.41,0.08,0.33,0.0,0.25,0.25,100.0,0.08,0.25,33.33,0.83,0.41,0.33,0.0,0.91,0.0,0.0,0.0,0.0,0.17,0.41,0.08,0.08,2.73,55.37,46.28,9.09,83.58,14.21,32.07,17.6,0.99,21.05,2.31,59.57,17,13,1089,0.08,0.0,0.66,0.5,15.87,0.91,2.31,41.18,2.07,42.37,0.25,33.33
64,548178,Serie A,Fiorentina,Rolando Mandragora,Midfielder,7.02,0.27,0.18,0.0,2.38,0.65,0.96,11.29,0.19,35.71,0.15,0.11,0.04,0.19,0.04,0.04,0.0,0.04,0.04,0.04,100.0,0.04,0.5,7.69,1.72,0.5,1.34,0.19,0.57,0.0,0.0,0.0,0.0,0.08,0.11,0.11,0.0,1.3,36.68,30.93,5.75,84.33,14.64,16.29,8.39,0.61,24.24,1.26,35.87,33,29,2348,0.27,0.0,1.42,2.11,9.43,0.38,5.29,60.0,3.91,60.0,1.38,60.0
65,947954,Serie A,Cagliari,Elia Caprile,Goalkeeper,7.02,0.0,0.0,0.0,0.0,0.0,0.0,0.0,0.0,0.0,0.0,0.0,0.0,0.0,0.0,0.0,0.0,0.0,0.0,0.0,0.0,0.0,0.0,0.0,0.0,0.0,0.86,0.0,0.0,0.05,0.0,0.0,0.0,0.22,0.0,0.0,0.0,0.03,28.7,18.27,10.43,63.65,14.11,4.16,1.19,0.0,0.0,5.59,35.26,37,37,3330,0.05,0.0,0.0,0.22,10.62,0.0,0.46,85.0,0.05,100.0,0.41,83.33
66,907668,Serie A,SSC Napoli,Billy Gilmour,Midfielder,7.01,0.12,0.08,0.0,1.2,0.36,0.36,10.0,1.08,81.82,0.12,0.0,0.0,0.12,0.0,0.0,0.0,0.0,0.0,0.0,0.0,0.0,0.0,0.0,1.44,1.2,1.08,0.12,0.48,0.0,0.12,0.0,0.0,0.12,0.0,0.0,0.12,0.72,85.56,76.68,8.88,89.62,35.52,41.16,19.8,0.0,0.0,2.88,53.33,16,8,750,0.12,0.0,0.96,0.72,11.4,0.36,3.84,55.17,3.24,62.79,0.6,33.33
67,850993,Serie A,SSC Napoli,David Neres,Forward,7.01,0.29,0.15,0.0,1.65,0.39,0.58,17.65,1.85,38.0,0.29,0.0,0.0,0.29,0.0,0.1,0.0,0.0,0.0,0.0,0.0,0.0,0.1,0.0,0.97,0.1,0.19,0.29,0.19,0.0,0.0,0.0,0.0,0.0,0.88,0.29,0.0,2.04,32.21,26.27,5.94,81.57,6.52,19.75,13.72,1.26,24.53,0.39,66.67,16,10,925,0.29,0.0,1.85,0.68,18.0,1.17,3.89,35.09,3.5,37.5,0.39,22.22
68,965008,Serie A,Cagliari,Sebastiano Esposito,Forward,7.01,0.24,0.16,0.07,1.86,0.55,0.83,12.96,0.59,41.46,0.21,0.03,0.07,0.03,0.14,0.07,0.17,0.03,0.03,0.03,100.0,0.0,0.24,0.0,1.79,0.55,0.76,0.14,1.34,0.0,0.03,0.0,0.0,0.03,0.38,0.17,0.0,2.31,32.9,24.72,8.17,75.16,8.66,16.07,9.69,1.17,26.15,2.07,64.52,35,33,2610,0.21,0.0,1.52,1.79,16.72,1.0,4.86,47.32,4.14,48.19,0.72,42.86
69,186855,Serie A,AS Roma,Bryan Cristante,Midfielder,7.01,0.06,0.06,0.06,1.25,0.24,0.57,4.76,0.39,59.09,0.06,0.0,0.06,0.0,0.0,0.06,0.0,0.0,0.0,0.0,0.0,0.0,0.0,0.0,2.12,0.81,1.91,0.21,0.57,0.0,0.09,0.0,0.0,0.39,0.06,0.03,0.0,0.78,61.32,49.67,11.65,81.0,20.22,29.45,13.8,0.15,27.78,3.46,50.43,36,35,3013,0.18,0.0,1.85,0.27,14.37,0.63,6.03,49.39,2.72,45.5,3.32,53.11
72,946888,Serie A,Atalanta,Éderson,Midfielder,7.0,0.08,0.18,0.24,1.41,0.44,0.4,5.71,0.64,55.17,0.08,0.0,0.0,0.0,0.08,0.0,0.08,0.0,0.04,0.04,100.0,0.0,0.0,0.0,2.38,1.13,1.65,0.28,0.77,0.0,0.12,0.0,0.0,0.28,0.12,0.04,0.0,1.01,53.72,47.92,5.8,89.21,21.7,26.21,12.24,0.04,8.33,3.22,72.07,30,26,2235,0.12,0.0,1.37,1.61,9.38,0.85,5.44,53.57,4.55,56.78,0.89,41.51
73,817957,Serie A,Milan,Christian Pulišić,Forward,7.0,0.46,0.45,0.57,2.93,1.44,0.75,15.69,1.55,45.76,0.46,0.0,0.0,0.34,0.11,0.0,0.17,0.0,0.06,0.0,0.0,0.0,0.06,0.0,0.8,0.17,0.57,0.06,0.4,0.0,0.06,0.0,0.0,0.0,0.52,0.23,0.0,2.18,37.36,32.13,5.23,86.0,9.02,23.1,13.39,0.75,37.14,0.4,41.18,29,18,1566,0.0,0.0,0.63,1.32,12.59,1.15,4.2,46.5,3.68,49.61,0.52,32.14
74,226974,Serie A,Como,Marc Kempf,Defender,7.0,0.16,0.11,0.08,0.85,0.24,0.44,19.05,0.08,33.33,0.16,0.0,0.12,0.04,0.0,0.0,0.0,0.0,0.0,0.0,0.0,0.0,0.0,0.0,0.81,0.48,5.44,0.77,0.56,0.08,0.04,0.04,0.0,0.44,0.08,0.04,0.0,0.32,67.15,60.21,6.93,89.68,38.45,21.76,4.39,0.0,0.0,1.61,37.04,33,26,2233,0.12,0.0,1.05,0.73,8.22,0.16,5.2,59.17,1.61,47.62,3.59,66.42
75,611210,Serie A,AS Roma,Gianluca Mancini,Defender,7.0,0.12,0.08,0.0,0.6,0.24,0.21,20.0,0.12,66.67,0.12,0.0,0.12,0.0,0.0,0.03,0.15,0.0,0.0,0.0,0.0,0.0,0.0,0.0,1.54,1.42,3.63,0.42,0.51,0.0,0.06,0.0,0.0,0.33,0.15,0.06,0.03,0.67,48.36,41.95,6.41,86.74,25.71,16.24,6.77,0.18,19.35,1.81,40.27,35,35,2976,0.27,0.0,2.09,1.24,8.56,0.18,5.53,56.13,2.87,50.8,2.66,63.31
76,984184,Serie A,Atalanta,Nicola Zalewski,Midfielder,6.99,0.09,0.14,0.14,1.79,0.33,0.9,5.26,1.32,41.79,0.0,0.09,0.0,0.0,0.09,0.05,0.14,0.05,0.0,0.0,0.0,0.0,0.09,0.0,1.37,0.85,1.08,0.05,0.47,0.0,0.0,0.0,0.0,0.05,0.52,0.19,0.0,1.7,33.13,25.16,7.96,75.96,9.85,15.31,10.32,1.32,22.05,1.74,47.44,33,24,1910,0.14,0.0,0.99,2.45,18.71,1.08,5.75,52.59,5.09,54.27,0.66,42.42
77,852404,Serie A,Lazio,Mattéo Guendouzi,Midfielder,6.99,0.13,0.08,0.06,1.01,0.5,0.38,12.5,0.5,47.06,0.13,0.0,0.0,0.0,0.13,0.13,0.0,0.0,0.0,0.0,0.0,0.0,0.0,0.0,0.88,0.69,0.88,0.38,0.69,0.0,0.13,0.0,0.0,0.5,0.06,0.06,0.0,0.94,46.26,40.53,5.73,87.62,16.17,24.36,12.15,0.44,35.0,2.33,66.07,16,16,1430,0.38,0.06,1.07,1.32,8.62,0.38,3.08,50.52,2.71,50.0,0.38,54.55
78,932643,Serie A,Sassuolo,Armand Laurienté,Forward,6.99,0.25,0.13,0.04,2.47,0.92,0.92,10.0,1.02,36.71,0.21,0.04,0.0,0.0,0.25,0.04,0.64,0.0,0.0,0.0,0.0,0.04,0.42,8.33,0.92,0.25,0.42,0.0,0.35,0.0,0.04,0.0,0.0,0.0,0.53,0.32,0.0,1.91,27.79,23.44,4.34,84.37,5.65,17.8,11.26,0.92,24.07,0.6,53.13,37,32,2549,0.14,0.0,1.45,1.66,14.12,1.87,3.85,38.79,3.6,40.48,0.25,24.14
79,888219,Serie A,Genoa,Junior Messias,Forward,6.99,0.4,0.25,0.0,2.53,0.93,0.93,15.79,2.67,54.05,0.27,0.13,0.0,0.4,0.0,0.0,0.0,0.0,0.13,0.13,100.0,0.0,0.0,0.0,2.67,0.67,1.87,0.13,0.4,0.0,0.0,0.0,0.0,0.0,0.13,0.13,0.0,0.8,34.67,26.4,8.27,76.15,7.6,18.8,13.2,0.4,18.75,2.67,64.52,20,5,675,0.13,0.0,1.33,2.93,17.33,1.33,10.0,55.56,8.27,61.39,1.73,38.24
80,1086286,Serie A,Como,Máximo Perrone,Midfielder,6.99,0.1,0.07,0.1,0.61,0.3,0.17,16.67,0.3,52.94,0.07,0.03,0.0,0.07,0.03,0.0,0.03,0.0,0.0,0.0,0.0,0.0,0.0,0.0,1.9,0.74,0.88,0.1,1.05,0.0,0.14,0.03,0.0,0.47,0.14,0.14,0.07,1.08,71.48,65.21,6.26,91.24,31.49,33.72,11.58,0.1,30.0,2.34,68.32,35,32,2658,0.27,0.0,1.35,0.74,8.77,0.74,3.35,47.14,2.95,46.52,0.41,52.17
81,284363,Serie A,Cremonese,Federico Bonazzoli,Forward,6.99,0.33,0.32,0.18,2.69,1.14,0.89,12.33,0.37,31.25,0.3,0.04,0.0,0.33,0.0,0.07,0.15,0.0,0.07,0.07,100.0,0.0,0.0,0.0,1.11,0.41,0.37,0.0,0.74,0.0,0.0,0.0,0.0,0.07,0.11,0.04,0.0,0.48,30.31,25.55,4.76,84.29,10.19,15.36,7.31,0.22,23.08,1.51,73.21,34,30,2438,0.15,0.0,0.96,2.81,10.04,1.26,4.61,51.65,4.28,53.7,0.33,34.62
82,1134351,Serie A,Sassuolo,Ismael Koné,Midfielder,6.99,0.2,0.17,0.13,0.74,0.33,0.3,27.27,0.87,60.47,0.2,0.0,0.0,0.0,0.2,0.0,0.0,0.0,0.0,0.0,0.0,0.0,0.0,0.0,1.0,0.5,1.0,0.13,0.54,0.0,0.13,0.0,0.0,0.1,0.03,0.0,0.0,0.77,37.02,33.88,3.14,91.51,15.52,18.36,8.6,0.1,60.0,2.07,80.52,34,32,2691,0.1,0.03,0.84,1.81,6.32,0.74,3.85,55.29,3.61,58.38,0.23,30.43
83,148899,Serie A,SSC Napoli,Leonardo Spinazzola,Defender,6.99,0.14,0.05,0.0,0.99,0.33,0.38,14.29,0.76,31.37,0.05,0.09,0.0,0.0,0.14,0.0,0.09,0.0,0.0,0.0,0.0,0.0,0.0,0.0,1.13,0.19,1.51,0.09,0.47,0.0,0.09,0.0,0.0,0.05,0.09,0.14,0.05,1.56,46.53,37.57,8.97,80.73,16.09,21.47,11.47,1.04,30.14,2.41,54.84,32,22,1907,0.05,0.0,0.42,0.42,16.33,0.61,2.41,42.15,2.31,42.61,0.09,33.33
84,126816,Serie A,Inter,Francesco Acerbi,Defender,6.99,0.0,0.02,0.06,0.19,0.06,0.13,0.0,0.06,50.0,0.0,0.0,0.0,0.0,0.0,0.06,0.19,0.0,0.0,0.0,0.0,0.0,0.0,0.0,0.65,1.17,5.9,1.04,0.13,0.0,0.0,0.0,0.0,0.39,0.06,0.0,0.0,0.26,63.46,60.22,3.24,94.89,40.68,19.53,4.67,0.19,100.0,1.43,51.16,18,15,1387,0.19,0.0,1.1,0.84,4.09,0.0,4.48,64.49,1.56,57.14,2.92,69.23
85,818481,Serie A,Bologna,Jhon Lucumí,Defender,6.99,0.04,0.04,0.0,0.33,0.08,0.2,12.5,0.2,100.0,0.04,0.0,0.04,0.0,0.0,0.0,0.04,0.0,0.0,0.0,0.0,0.0,0.0,0.0,1.63,1.26,3.87,0.53,0.57,0.04,0.2,0.0,0.0,0.33,0.04,0.0,0.0,0.29,64.06,57.26,6.8,89.38,37.22,20.04,4.89,0.04,100.0,4.52,61.33,28,25,2210,0.2,0.0,0.77,0.77,8.14,0.33,4.32,60.23,2.61,61.54,1.71,58.33
86,855829,Serie A,Bologna,Juan Miranda,Defender,6.99,0.04,0.02,0.0,0.47,0.18,0.18,7.69,0.29,50.0,0.04,0.0,0.0,0.04,0.0,0.04,0.11,0.04,0.0,0.0,0.0,0.0,0.0,0.0,1.74,1.27,2.65,0.18,0.43,0.04,0.0,0.0,0.0,0.25,0.18,0.11,0.0,2.39,51.76,42.99,8.77,83.05,20.99,22.0,11.56,1.74,28.24,4.02,48.47,31,28,2483,0.22,0.0,0.91,1.23,17.33,0.22,4.42,61.31,3.26,64.29,1.16,54.24
87,822518,Serie A,Fiorentina,Dodô,Midfielder,6.99,0.03,0.06,0.03,0.74,0.12,0.47,4.0,1.36,54.76,0.03,0.0,0.0,0.03,0.0,0.0,0.06,0.0,0.0,0.0,0.0,0.0,0.0,0.0,0.86,0.83,1.65,0.09,0.5,0.0,0.06,0.0,0.0,0.24,0.24,0.06,0.0,1.48,40.03,33.36,6.67,83.33,14.85,18.51,10.04,1.0,22.67,1.42,40.0,35,35,3049,0.21,0.0,0.65,1.53,14.85,0.41,4.22,56.75,3.72,58.6,0.5,45.95
88,1012177,Serie A,Atalanta,Lorenzo Bernasconi,Midfielder,6.98,0.0,0.02,0.06,0.52,0.06,0.17,0.0,0.46,50.0,0.0,0.0,0.0,0.0,0.0,0.0,0.17,0.0,0.0,0.0,0.0,0.0,0.0,0.0,1.66,0.8,2.12,0.34,0.69,0.0,0.0,0.0,0.0,0.46,0.29,0.17,0.0,1.55,40.53,34.12,6.41,84.18,14.89,19.24,9.16,1.83,28.32,1.32,46.0,23,17,1572,0.17,0.0,0.46,0.29,15.29,0.17,2.63,52.87,2.35,57.75,0.29,31.25
89,256667,Serie A,Lecce,Wladimiro Falcone,Goalkeeper,6.98,0.0,0.0,0.0,0.0,0.0,0.0,0.0,0.0,0.0,0.0,0.0,0.0,0.0,0.0,0.0,0.0,0.0,0.0,0.0,0.0,0.0,0.0,0.0,0.05,0.0,1.49,0.0,0.03,0.0,0.03,0.0,0.0,0.24,0.0,0.0,0.0,0.03,30.08,13.68,16.41,45.46,7.95,5.73,1.57,0.0,0.0,7.59,31.75,37,37,3330,0.05,0.0,0.0,0.22,16.59,0.0,0.65,92.31,0.14,83.33,0.51,95.0
90,990411,Serie A,Parma,Edoardo Corvi,Goalkeeper,6.98,0.0,0.0,0.0,0.0,0.0,0.0,0.0,0.0,0.0,0.0,0.0,0.0,0.0,0.0,0.0,0.0,0.0,0.0,0.0,0.0,0.0,0.0,0.0,0.06,0.0,1.06,0.0,0.06,0.12,0.12,0.0,0.0,0.38,0.0,0.0,0.0,0.0,29.94,22.0,7.94,73.49,18.94,3.06,0.94,0.0,0.0,4.69,37.69,16,16,1440,0.06,0.0,0.0,0.31,8.0,0.0,0.44,87.5,0.31,83.33,0.12,100.0
91,904832,Serie A,Juventus,Khéphren Thuram,Midfielder,6.97,0.11,0.11,0.11,1.85,0.57,0.79,6.12,0.83,62.86,0.11,0.0,0.08,0.04,0.0,0.04,0.11,0.0,0.0,0.0,0.0,0.0,0.0,0.0,2.27,0.45,1.1,0.3,0.49,0.0,0.0,0.0,0.0,0.34,0.15,0.08,0.0,0.87,55.74,48.27,7.48,86.59,20.62,27.65,14.5,0.11,20.0,1.59,56.76,34,29,2383,0.08,0.0,1.44,0.45,10.5,0.53,4.91,54.39,3.55,55.95,1.36,50.7
92,293581,Serie A,Lazio,Mattia Zaccagni,Forward,6.97,0.13,0.17,0.34,1.45,0.6,0.55,8.82,0.98,38.33,0.13,0.0,0.0,0.0,0.13,0.04,0.26,0.04,0.04,0.0,0.0,0.0,0.0,0.0,1.58,0.81,0.43,0.04,0.89,0.0,0.0,0.0,0.0,0.26,0.17,0.0,0.0,1.49,32.91,27.16,5.75,82.54,9.54,17.63,9.28,0.43,18.52,0.94,56.41,26,26,2114,0.26,0.04,1.28,3.49,13.5,1.15,6.68,53.77,6.05,55.47,0.64,41.67
93,69378,Serie A,Fiorentina,David De Gea,Goalkeeper,6.97,0.0,0.0,0.0,0.0,0.0,0.0,0.0,0.0,0.0,0.0,0.0,0.0,0.0,0.0,0.0,0.0,0.0,0.0,0.0,0.0,0.0,0.0,0.0,0.0,0.0,0.51,0.0,0.05,0.08,0.05,0.0,0.0,0.27,0.0,0.0,0.0,0.03,28.84,19.11,9.73,66.26,16.08,3.03,0.84,0.0,0.0,5.08,34.62,37,37,3330,0.0,0.0,0.0,0.16,10.05,0.0,0.3,73.33,0.14,71.43,0.16,75.0
94,287057,Serie A,Hellas Verona,Roberto Gagliardini,Midfielder,6.97,0.04,0.05,0.08,0.61,0.12,0.24,6.67,0.24,60.0,0.04,0.0,0.04,0.0,0.0,0.04,0.0,0.0,0.0,0.0,0.0,0.0,0.0,0.0,2.96,2.19,2.84,0.53,0.93,0.0,0.0,0.0,0.0,0.16,0.0,0.0,0.0,0.65,47.31,38.38,8.94,81.12,17.67,20.71,9.38,0.24,37.5,1.87,40.0,29,25,2216,0.41,0.0,1.83,1.42,11.86,0.49,6.86,59.3,4.51,57.81,2.36,62.37
95,1155423,Serie A,Parma,Alessandro Circati,Defender,6.97,0.03,0.04,0.03,0.28,0.03,0.1,12.5,0.1,60.0,0.03,0.0,0.0,0.0,0.03,0.0,0.0,0.0,0.0,0.0,0.0,0.0,0.0,0.0,1.47,0.84,5.21,1.05,0.24,0.03,0.1,0.03,0.0,0.35,0.0,0.0,0.0,0.28,49.86,43.78,6.08,87.81,29.52,14.25,4.44,0.0,0.0,2.76,53.02,30,30,2576,0.21,0.0,1.05,0.59,7.48,0.17,4.79,61.99,2.17,61.39,2.62,62.5
96,1486808,Serie A,Bologna,Eivind Helland,Defender,6.96,0.0,0.02,0.0,0.22,0.0,0.22,0.0,0.0,0.0,0.0,0.0,0.0,0.0,0.0,0.0,0.0,0.0,0.0,0.0,0.0,0.0,0.0,0.0,1.55,0.88,3.76,1.33,0.22,0.0,0.0,0.0,0.0,0.44,0.0,0.0,0.0,0.44,62.14,54.84,7.3,88.26,40.02,14.82,3.98,0.0,0.0,2.21,34.48,5,5,407,0.44,0.0,0.88,0.0,8.62,0.44,4.64,61.76,1.55,50.0,3.1,70.0
97,44241,Serie A,Sassuolo,Nemanja Matić,Midfielder,6.96,0.03,0.01,0.0,0.37,0.14,0.14,9.09,0.44,52.0,0.03,0.0,0.0,0.03,0.0,0.0,0.0,0.0,0.0,0.0,0.0,0.0,0.0,0.0,1.46,0.92,1.6,0.34,0.85,0.0,0.07,0.0,0.0,0.17,0.03,0.03,0.0,0.68,57.83,50.04,7.8,86.52,26.69,23.35,10.14,0.07,16.67,3.51,56.91,33,31,2644,0.24,0.03,0.82,1.33,10.79,0.82,4.22,54.39,3.17,52.54,1.06,60.78
98,227864,Serie A,Lazio,Alessio Romagnoli,Defender,6.96,0.0,0.05,0.07,0.31,0.14,0.17,0.0,0.03,100.0,0.0,0.0,0.0,0.0,0.0,0.03,0.0,0.0,0.0,0.0,0.0,0.0,0.0,0.0,0.8,1.08,4.54,0.66,0.35,0.0,0.03,0.0,0.0,0.42,0.0,0.0,0.0,0.1,67.82,63.21,4.61,93.2,43.48,19.73,4.12,0.0,0.0,2.27,53.72,31,30,2577,0.17,0.03,0.63,0.52,5.03,0.03,3.53,60.12,1.26,57.14,2.27,61.9
99,37151,Serie A,Inter,Henrikh Mkhitaryan,Midfielder,6.95,0.24,0.29,0.41,2.55,0.83,1.01,9.3,0.71,41.38,0.24,0.0,0.06,0.12,0.06,0.24,0.18,0.06,0.0,0.0,0.0,0.0,0.06,0.0,1.96,0.83,1.07,0.24,1.13,0.0,0.0,0.06,0.0,0.24,0.3,0.06,0.0,1.24,58.12,51.19,6.93,88.07,15.88,35.31,20.92,0.36,14.63,2.01,72.34,29,16,1519,0.24,0.0,1.48,1.01,13.09,1.24,4.38,44.85,3.67,43.36,0.71,54.55
100,891656,Serie A,Udinese,Maduka Okoye,Goalkeeper,6.95,0.0,0.0,0.0,0.0,0.0,0.0,0.0,0.0,0.0,0.0,0.0,0.0,0.0,0.0,0.0,0.0,0.0,0.0,0.0,0.0,0.0,0.0,0.0,0.0,0.0,0.96,0.0,0.0,0.07,0.07,0.04,0.0,0.36,0.0,0.0,0.0,0.07,31.13,20.16,10.97,64.76,14.42,5.73,1.07,0.0,0.0,7.16,39.88,29,29,2527,0.04,0.04,0.07,0.14,11.08,0.0,0.32,81.82,0.11,60.0,0.21,100.0
101,360396,Serie A,Cagliari,Yerry Mina,Defender,6.95,0.09,0.07,0.0,0.44,0.13,0.26,20.0,0.09,50.0,0.09,0.0,0.09,0.0,0.0,0.0,0.13,0.0,0.0,0.0,0.0,0.0,0.0,0.0,1.35,1.05,5.19,1.0,0.31,0.04,0.04,0.0,0.0,0.26,0.0,0.0,0.0,0.35,49.91,45.55,4.36,91.26,37.69,7.85,1.88,0.0,0.0,1.57,42.35,25,25,2063,0.13,0.04,1.09,1.61,5.54,0.39,5.54,64.14,3.05,63.64,2.49,64.77
102,972886,Serie A,Fiorentina,Fabiano Parisi,Defender,6.94,0.06,0.08,0.06,1.41,0.41,0.53,4.17,1.83,56.36,0.06,0.0,0.0,0.0,0.06,0.12,0.06,0.06,0.0,0.0,0.0,0.0,0.0,0.0,1.24,1.18,1.3,0.35,0.47,0.0,0.12,0.06,0.06,0.06,0.18,0.06,0.0,1.12,37.66,32.0,5.66,84.98,13.14,18.86,9.31,0.41,17.95,1.47,45.45,23,18,1527,0.35,0.0,0.83,3.89,12.79,1.53,7.31,58.77,6.72,61.29,0.59,40.0
103,1063373,Serie A,Udinese,Thomas Kristensen,Defender,6.94,0.11,0.04,0.04,0.41,0.22,0.11,27.27,0.22,50.0,0.11,0.0,0.11,0.0,0.0,0.0,0.11,0.0,0.0,0.0,0.0,0.0,0.0,0.0,0.97,0.93,7.34,0.82,0.63,0.0,0.04,0.0,0.0,0.34,0.0,0.0,0.0,0.11,45.37,38.97,6.41,85.88,26.3,12.67,3.73,0.04,25.0,2.94,54.11,27,27,2416,0.15,0.0,0.93,0.34,7.49,0.07,4.54,57.01,1.53,47.13,3.02,63.78
104,556696,Serie A,Genoa,Justin Bijlow,Goalkeeper,6.94,0.0,0.0,0.0,0.0,0.0,0.0,0.0,0.0,0.0,0.0,0.0,0.0,0.0,0.0,0.0,0.0,0.0,0.0,0.0,0.0,0.0,0.0,0.0,0.0,0.0,0.9,0.0,0.0,0.0,0.06,0.06,0.0,0.32,0.0,0.0,0.0,0.0,39.35,29.55,9.81,75.08,25.61,3.94,1.74,0.0,0.0,5.74,36.93,16,16,1395,0.06,0.0,0.06,0.06,10.0,0.0,0.52,88.89,0.0,0.0,0.52,100.0
105,971005,Serie A,Bologna,Nicolò Cambiaghi,Forward,6.94,0.18,0.13,0.12,1.41,0.35,0.59,12.5,0.88,45.45,0.18,0.0,0.0,0.12,0.06,0.0,0.29,0.0,0.0,0.0,0.0,0.0,0.0,0.0,1.77,0.47,0.29,0.0,1.18,0.0,0.0,0.0,0.0,0.12,0.29,0.24,0.0,1.06,23.37,19.48,3.88,83.38,5.59,13.89,8.53,0.94,25.0,0.59,45.45,28,17,1529,0.18,0.06,1.88,4.18,11.3,1.24,7.12,55.0,6.77,56.93,0.35,33.33
106,353130,Serie A,AS Roma,Mario Hermoso,Defender,6.93,0.13,0.08,0.09,0.85,0.27,0.4,15.79,0.18,30.77,0.13,0.0,0.04,0.04,0.04,0.04,0.0,0.0,0.0,0.0,0.0,0.0,0.0,0.0,1.62,1.26,3.36,0.27,0.49,0.04,0.04,0.0,0.0,0.31,0.04,0.09,0.0,0.45,59.99,52.09,7.9,86.84,32.98,19.11,7.63,0.04,11.11,2.6,45.31,26,24,2006,0.4,0.0,1.7,0.81,9.96,0.13,4.67,53.89,2.51,48.7,2.15,61.54
107,1516324,Serie A,Parma,Mariano Troilo,Defender,6.93,0.06,0.04,0.0,0.52,0.12,0.23,11.11,0.29,71.43,0.06,0.0,0.06,0.0,0.0,0.0,0.06,0.0,0.0,0.0,0.0,0.0,0.0,0.0,1.51,0.93,6.75,1.05,0.58,0.0,0.12,0.12,0.0,0.23,0.06,0.0,0.0,0.35,46.11,41.16,4.95,89.27,28.0,13.16,2.79,0.06,100.0,2.27,50.65,20,17,1546,0.35,0.12,1.46,1.16,5.71,0.17,5.01,58.5,2.79,55.81,2.21,62.3
108,965330,Serie A,Juventus,Pierre Kalulu,Defender,6.93,0.06,0.05,0.03,0.37,0.11,0.14,15.38,0.2,33.33,0.06,0.0,0.03,0.0,0.03,0.03,0.0,0.0,0.0,0.0,0.0,0.0,0.0,0.0,1.69,0.68,1.69,0.2,0.25,0.0,0.0,0.0,0.0,0.45,0.28,0.11,0.0,1.16,60.34,53.68,6.65,88.97,25.97,27.72,12.94,0.59,23.33,2.11,53.96,36,36,3192,0.03,0.03,0.93,0.39,10.15,0.28,3.21,53.02,2.28,56.64,0.93,45.83
109,848287,Serie A,AS Roma,Evan Ndicka,Defender,6.93,0.1,0.07,0.03,0.77,0.2,0.5,13.04,0.13,44.44,0.1,0.0,0.03,0.03,0.03,0.0,0.0,0.0,0.0,0.0,0.0,0.0,0.0,0.0,0.81,1.64,4.63,0.4,0.27,0.03,0.2,0.0,0.0,0.44,0.03,0.0,0.0,0.2,54.81,49.65,5.17,90.58,35.02,14.63,3.42,0.0,0.0,2.99,55.63,31,31,2683,0.17,0.0,1.07,1.17,6.27,0.2,4.66,58.65,2.11,56.25,2.55,60.8
110,1110136,Serie A,Parma,Mandela Keita,Midfielder,6.93,0.03,0.02,0.0,0.46,0.12,0.25,6.67,0.8,61.9,0.03,0.0,0.0,0.0,0.03,0.0,0.0,0.0,0.0,0.0,0.0,0.0,0.0,0.0,2.24,1.35,0.95,0.34,0.74,0.03,0.09,0.0,0.03,0.31,0.0,0.03,0.0,0.34,36.28,32.1,4.18,88.47,17.07,15.04,5.17,0.0,0.0,1.35,73.33,36,35,2927,0.03,0.0,0.92,1.72,6.95,0.8,5.35,62.59,4.77,63.01,0.58,59.38
111,787941,Serie A,SSC Napoli,Frank Anguissa,Midfielder,6.93,0.29,0.18,0.07,1.65,0.64,0.79,17.39,0.64,52.94,0.29,0.0,0.14,0.07,0.07,0.07,0.0,0.07,0.0,0.0,0.0,0.0,0.0,0.0,1.29,0.86,0.79,0.21,0.86,0.0,0.07,0.0,0.0,0.36,0.07,0.07,0.0,0.93,51.16,44.28,6.88,86.55,20.49,23.79,10.1,0.29,26.67,0.79,50.0,18,14,1256,0.07,0.0,1.29,1.29,11.75,1.72,5.52,48.73,3.22,43.27,2.29,59.26
112,918440,Serie A,Genoa,Morten Frendrup,Midfielder,6.93,0.03,0.01,0.0,0.24,0.09,0.12,12.5,0.24,61.54,0.0,0.03,0.0,0.03,0.0,0.0,0.0,0.0,0.0,0.0,0.0,0.0,0.0,0.0,2.94,1.23,2.61,0.36,0.69,0.0,0.03,0.0,0.0,0.18,0.03,0.0,0.0,0.45,37.78,33.25,4.53,88.01,19.15,14.1,5.19,0.03,20.0,1.29,48.31,35,34,2999,0.15,0.0,1.2,1.17,6.45,0.57,5.13,60.85,4.32,63.16,0.81,50.94
113,893752,Serie A,Sassuolo,Stefano Turati,Goalkeeper,6.92,0.0,0.0,0.0,0.0,0.0,0.0,0.0,0.0,0.0,0.0,0.0,0.0,0.0,0.0,0.0,0.0,0.0,0.0,0.0,0.0,0.0,0.0,0.0,0.0,0.0,1.6,0.0,0.0,0.0,0.0,0.0,0.0,0.4,0.0,0.0,0.0,0.4,25.8,13.2,12.6,51.16,9.0,4.2,2.2,0.0,0.0,4.2,25.0,5,5,450,0.0,0.0,0.0,0.2,13.0,0.0,1.0,100.0,0.2,100.0,0.8,100.0
114,16206,Serie A,Inter,Yann Sommer,Goalkeeper,6.92,0.0,0.0,0.0,0.0,0.0,0.0,0.0,0.0,0.0,0.0,0.0,0.0,0.0,0.0,0.0,0.0,0.0,0.0,0.0,0.0,0.0,0.0,0.0,0.0,0.0,0.36,0.0,0.03,0.03,0.03,0.0,0.0,0.46,0.0,0.0,0.0,0.0,31.85,26.08,5.78,81.87,23.71,2.37,0.46,0.0,0.0,5.02,47.01,33,33,2961,0.0,0.0,0.0,0.09,5.87,0.0,0.12,66.67,0.09,75.0,0.03,50.0
115,924973,Serie A,Sassuolo,Kristian Thorstvedt,Midfielder,6.92,0.15,0.24,0.34,1.63,0.49,0.68,9.3,0.65,41.46,0.11,0.04,0.04,0.11,0.0,0.04,0.04,0.0,0.0,0.0,0.0,0.0,0.0,0.0,1.63,1.22,1.6,0.49,0.42,0.0,0.0,0.0,0.0,0.19,0.15,0.15,0.0,1.22,39.15,32.15,6.99,82.14,12.81,19.35,11.33,0.23,42.86,0.68,40.0,31,26,2368,0.3,0.0,1.22,2.09,11.55,0.8,5.43,52.57,4.37,57.79,1.06,38.36
116,877201,Serie A,Parma,Gabriel Strefezza,Midfielder,6.92,0.18,0.09,0.0,2.13,0.62,0.98,8.33,1.51,51.52,0.18,0.0,0.0,0.0,0.18,0.09,0.18,0.0,0.0,0.0,0.0,0.0,0.0,0.0,1.42,0.44,0.35,0.0,1.15,0.0,0.0,0.0,0.0,0.0,0.27,0.18,0.0,1.24,30.86,26.33,4.52,85.34,6.74,19.6,10.46,0.71,20.51,0.89,41.67,14,13,1015,0.27,0.0,1.86,2.48,13.12,1.6,5.85,46.81,5.41,48.03,0.44,35.71
117,151003,Serie A,Atalanta,Berat Djimsiti,Defender,6.92,0.0,0.06,0.14,0.57,0.07,0.36,0.0,0.11,75.0,0.0,0.0,0.0,0.0,0.0,0.04,0.0,0.0,0.0,0.0,0.0,0.0,0.0,0.0,1.86,1.54,5.56,0.86,0.68,0.04,0.07,0.0,0.0,0.29,0.0,0.0,0.0,0.18,55.38,50.0,5.38,90.29,35.41,14.59,4.48,0.0,0.0,2.11,57.28,33,29,2511,0.14,0.0,0.61,0.29,6.06,0.11,5.34,59.84,2.26,61.17,3.08,58.9
118,797286,Serie A,Genoa,Aarón Martín,Defender,6.92,0.04,0.06,0.04,0.47,0.17,0.04,9.09,0.51,48.0,0.0,0.04,0.0,0.04,0.0,0.0,0.0,0.04,0.04,0.0,0.0,0.04,0.21,20.0,1.78,0.42,1.95,0.47,0.3,0.0,0.0,0.04,0.0,0.13,0.47,0.21,0.0,2.54,30.28,23.89,6.4,78.88,12.32,11.56,6.4,2.67,33.69,1.65,32.5,32,25,2125,0.08,0.0,1.31,1.14,16.05,0.59,3.81,51.72,3.43,56.25,0.38,30.0
119,235672,Serie A,SSC Napoli,Matteo Politano,Midfielder,6.91,0.08,0.09,0.13,1.94,0.51,0.89,4.35,1.39,50.0,0.08,0.0,0.0,0.08,0.0,0.17,0.0,0.0,0.0,0.0,0.0,0.0,0.13,0.0,0.63,0.17,0.59,0.08,0.42,0.0,0.0,0.0,0.0,0.13,0.46,0.21,0.0,1.52,38.1,31.31,6.79,82.17,10.93,20.38,12.19,1.56,21.76,0.97,38.98,33,25,2133,0.17,0.0,0.8,1.1,16.79,0.8,3.42,46.29,3.08,48.03,0.34,34.78
120,357596,Serie A,Torino,Nikola Vlašić,Midfielder,6.91,0.24,0.21,0.06,1.43,0.52,0.58,17.02,0.82,50.0,0.24,0.0,0.0,0.0,0.24,0.06,0.12,0.0,0.15,0.15,100.0,0.0,0.06,0.0,2.0,0.61,0.85,0.12,0.88,0.0,0.06,0.0,0.0,0.21,0.15,0.09,0.0,1.58,34.11,28.52,5.59,83.62,9.66,18.86,10.9,0.33,22.92,1.21,55.56,36,35,2963,0.21,0.0,1.34,1.31,10.9,1.46,4.8,47.16,4.13,48.92,0.67,38.6
121,1444690,Serie A,Udinese,Arthur Atta,Midfielder,6.91,0.18,0.14,0.11,2.0,0.69,0.66,9.09,2.29,53.39,0.15,0.04,0.0,0.04,0.15,0.11,0.29,0.0,0.0,0.0,0.0,0.0,0.04,0.0,0.91,0.69,1.27,0.04,0.58,0.0,0.04,0.0,0.0,0.18,0.18,0.11,0.0,1.2,36.47,30.35,6.11,83.23,10.81,19.54,11.46,0.55,27.27,1.35,52.11,31,28,2473,0.11,0.0,0.84,1.13,15.21,2.4,5.02,43.67,4.26,42.86,0.76,48.84
122,929199,Serie A,Inter,Carlos Augusto,Defender,6.91,0.05,0.07,0.11,0.97,0.27,0.48,5.56,0.32,46.15,0.05,0.0,0.0,0.05,0.0,0.0,0.0,0.0,0.0,0.0,0.0,0.0,0.0,0.0,1.99,0.91,3.22,0.43,0.32,0.0,0.11,0.05,0.0,0.27,0.05,0.05,0.0,0.59,57.98,51.69,6.29,89.16,26.49,25.2,10.42,0.48,19.57,1.13,36.84,33,17,1675,0.32,0.0,1.4,0.64,11.18,0.48,6.18,62.5,2.9,55.1,3.28,70.93
123,875136,Serie A,SSC Napoli,Noa Lang,Forward,6.91,0.13,0.11,0.13,1.21,0.54,0.27,11.11,1.08,40.0,0.13,0.0,0.13,0.0,0.0,0.0,0.27,0.0,0.0,0.0,0.0,0.0,0.0,0.0,1.62,0.27,0.13,0.0,0.27,0.0,0.0,0.0,0.0,0.0,0.54,0.27,0.0,2.02,36.24,28.56,7.68,78.81,7.41,21.15,13.61,1.48,25.0,1.62,80.0,18,7,668,0.27,0.0,0.67,1.48,16.17,0.94,4.99,52.86,4.18,54.39,0.81,46.15
124,150383,Serie A,SSC Napoli,Stanislav Lobotka,Midfielder,6.91,0.04,0.02,0.0,0.3,0.15,0.07,12.5,0.15,50.0,0.04,0.0,0.0,0.0,0.04,0.0,0.0,0.0,0.0,0.0,0.0,0.0,0.0,0.0,1.05,0.6,1.09,0.07,0.67,0.0,0.0,0.04,0.0,0.34,0.0,0.04,0.0,0.79,66.93,61.99,4.94,92.61,29.74,32.25,13.93,0.04,20.0,1.65,58.67,31,28,2403,0.11,0.0,0.49,1.65,6.25,0.3,3.26,62.59,2.85,64.41,0.41,52.38
125,826195,Serie A,Milan,Matteo Gabbia,Defender,6.91,0.0,0.05,0.11,0.7,0.11,0.52,0.0,0.0,0.0,0.0,0.0,0.0,0.0,0.0,0.07,0.0,0.0,0.0,0.0,0.0,0.0,0.0,0.0,0.74,0.52,5.64,0.7,0.18,0.0,0.0,0.0,0.0,0.41,0.0,0.0,0.0,0.07,53.13,48.85,4.28,91.95,34.95,13.9,2.36,0.0,0.0,3.1,56.76,29,27,2441,0.15,0.0,0.92,0.22,4.54,0.0,3.13,58.22,0.92,46.3,2.21,65.22
126,1160559,Serie A,Lazio,Oliver Provstgaard,Defender,6.9,0.0,0.02,0.06,0.36,0.12,0.24,0.0,0.06,33.33,0.0,0.0,0.0,0.0,0.0,0.0,0.0,0.0,0.0,0.0,0.0,0.0,0.0,0.0,0.72,0.84,4.14,0.78,0.36,0.0,0.12,0.0,0.0,0.18,0.06,0.0,0.0,0.24,67.3,62.26,5.04,92.51,37.22,25.04,6.24,0.06,50.0,2.76,57.5,25,13,1499,0.18,0.0,0.84,0.54,5.7,0.3,3.78,53.39,1.26,44.68,2.52,59.15
127,840414,Serie A,Torino,Ardian Ismajli,Defender,6.9,0.0,0.02,0.05,0.3,0.2,0.1,0.0,0.1,33.33,0.0,0.0,0.0,0.0,0.0,0.0,0.05,0.0,0.0,0.0,0.0,0.0,0.0,0.0,1.53,1.63,7.69,0.84,0.25,0.05,0.05,0.05,0.0,0.3,0.05,0.05,0.0,0.2,45.02,39.95,5.08,88.72,27.86,12.08,2.86,0.15,37.5,2.22,50.56,24,20,1825,0.25,0.0,1.04,0.84,6.41,0.05,4.83,65.77,2.37,61.54,2.47,70.42
128,788255,Serie A,Milan,Fikayo Tomori,Defender,6.9,0.0,0.02,0.0,0.32,0.07,0.14,0.0,0.11,60.0,0.0,0.0,0.0,0.0,0.0,0.0,0.07,0.0,0.0,0.0,0.0,0.0,0.0,0.0,2.34,1.04,3.49,0.79,0.65,0.0,0.0,0.04,0.0,0.4,0.07,0.07,0.0,0.14,54.93,49.5,5.43,90.11,30.14,19.35,7.09,0.14,25.0,2.01,52.34,32,30,2502,0.22,0.04,1.22,0.25,7.88,0.14,3.27,54.82,2.7,56.82,0.58,47.06
129,126588,Serie A,Juventus,Filip Kostić,Midfielder,6.9,0.55,0.11,0.0,1.65,0.73,0.37,33.33,0.73,50.0,0.18,0.37,0.0,0.55,0.0,0.0,0.0,0.0,0.0,0.0,0.0,0.0,0.0,0.0,3.12,0.73,2.02,0.0,0.73,0.18,0.0,0.0,0.0,0.0,0.18,0.18,0.0,1.84,42.06,34.9,7.16,82.97,14.69,20.2,8.82,2.02,22.45,1.65,50.0,18,4,490,0.18,0.0,1.47,0.92,18.37,1.1,5.51,53.57,4.78,54.17,0.73,50.0
130,190437,Serie A,Atalanta,Mario Pašalić,Midfielder,6.9,0.15,0.1,0.1,0.88,0.29,0.44,16.67,0.34,58.33,0.1,0.05,0.05,0.05,0.05,0.0,0.05,0.0,0.0,0.0,0.0,0.0,0.0,0.0,1.22,0.64,1.17,0.15,0.73,0.1,0.1,0.0,0.0,0.05,0.39,0.2,0.0,1.86,64.93,57.36,7.57,88.34,25.21,32.15,15.68,0.05,9.09,3.81,69.64,32,20,1842,0.15,0.0,1.03,0.29,10.85,0.44,3.18,43.33,1.86,45.24,1.32,40.91
131,841977,Serie A,Lecce,Ylber Ramadani,Midfielder,6.9,0.03,0.03,0.0,0.98,0.14,0.55,2.94,0.37,52.0,0.03,0.0,0.0,0.0,0.03,0.03,0.0,0.0,0.0,0.0,0.0,0.0,0.0,0.0,2.62,1.35,1.64,0.32,1.5,0.0,0.09,0.03,0.0,0.26,0.03,0.0,0.0,0.49,40.67,32.72,7.95,80.45,13.94,18.78,7.57,0.14,31.25,2.53,41.12,36,36,3125,0.26,0.0,1.21,1.7,10.68,0.75,5.5,55.52,4.58,55.02,0.92,58.18
132,1084730,Serie A,AS Roma,Bryan Zaragoza,Forward,6.9,0.0,0.03,0.0,0.67,0.67,0.0,0.0,4.0,60.0,0.0,0.0,0.0,0.0,0.0,0.0,0.0,0.0,0.0,0.0,0.0,0.0,0.0,0.0,0.67,0.0,0.0,0.0,0.67,0.0,0.0,0.0,0.0,0.0,0.67,0.67,0.0,2.67,39.33,32.67,6.67,83.05,6.67,26.0,16.0,2.0,33.33,0.67,100.0,4,2,135,0.67,0.0,3.33,3.33,19.33,1.33,8.0,48.0,8.0,52.17,0.0,0.0
133,844609,Serie A,Juventus,Michele Di Gregorio,Goalkeeper,6.9,0.0,0.0,0.0,0.0,0.0,0.0,0.0,0.03,100.0,0.0,0.0,0.0,0.0,0.0,0.0,0.0,0.0,0.0,0.0,0.0,0.0,0.0,0.0,0.0,0.0,0.37,0.0,0.0,0.0,0.0,0.0,0.0,0.44,0.0,0.0,0.0,0.0,22.61,17.15,5.46,75.86,15.39,1.76,0.31,0.0,0.0,3.66,40.45,30,29,2655,0.03,0.0,0.0,0.17,5.63,0.0,0.24,100.0,0.17,100.0,0.07,100.0
134,814876,Serie A,Pisa,Adrian Šemper,Goalkeeper,6.9,0.0,0.0,0.0,0.0,0.0,0.0,0.0,0.0,0.0,0.0,0.0,0.0,0.0,0.0,0.0,0.0,0.0,0.0,0.0,0.0,0.0,0.0,0.0,0.0,0.0,1.0,0.0,0.04,0.0,0.12,0.0,0.0,0.17,0.0,0.0,0.0,0.0,29.58,17.92,11.67,60.56,11.29,6.62,1.96,0.0,0.0,8.25,41.68,24,24,2160,0.0,0.0,0.0,0.17,11.96,0.0,0.58,87.5,0.08,66.67,0.5,92.31
135,851284,Serie A,Milan,Rafael Leão,Forward,6.9,0.44,0.48,0.49,3.09,1.18,1.03,14.29,1.22,45.45,0.29,0.15,0.05,0.05,0.34,0.1,0.44,0.0,0.1,0.1,100.0,0.0,0.0,0.0,0.29,0.24,0.34,0.0,0.29,0.0,0.0,0.0,0.0,0.15,0.44,0.15,0.0,0.98,28.07,23.42,4.65,83.42,6.76,16.66,9.11,0.39,40.0,0.69,77.78,28,23,1837,0.24,0.0,0.93,1.67,10.88,1.22,4.56,46.97,3.18,45.45,1.37,50.91
137,1390489,Serie A,Milan,Davide Bartesaghi,Defender,6.9,0.08,0.04,0.0,0.8,0.27,0.31,9.52,0.42,36.67,0.08,0.0,0.0,0.08,0.0,0.0,0.15,0.0,0.0,0.0,0.0,0.0,0.19,0.0,1.8,0.42,2.45,0.34,0.65,0.0,0.08,0.08,0.04,0.27,0.15,0.0,0.0,1.61,39.18,33.56,5.62,85.64,14.08,19.48,9.83,1.49,28.26,1.57,50.0,30,26,2352,0.11,0.0,0.73,0.54,13.09,0.8,3.67,47.76,2.76,48.98,0.92,44.44
138,877013,Serie A,Lazio,Valentín Castellanos,Forward,6.89,0.26,0.26,0.13,2.59,1.04,0.78,10.0,1.04,47.06,0.26,0.0,0.13,0.0,0.13,0.0,0.65,0.0,0.0,0.0,0.0,0.0,0.0,0.0,0.91,0.39,0.91,0.0,0.39,0.0,0.0,0.0,0.0,0.13,0.78,0.39,0.0,1.04,17.51,11.93,5.58,68.15,4.02,7.91,4.15,0.0,0.0,0.65,62.5,11,8,694,0.26,0.0,1.17,2.33,11.54,1.04,6.1,53.41,4.28,55.0,1.82,50.0
139,195850,Serie A,Genoa,Ruslan Malinovskyi,Midfielder,6.89,0.24,0.18,0.04,2.2,0.6,1.12,10.91,0.44,55.0,0.12,0.12,0.0,0.24,0.0,0.08,0.04,0.0,0.12,0.12,100.0,0.04,0.64,6.25,1.2,0.6,0.68,0.2,1.0,0.04,0.08,0.0,0.0,0.04,0.32,0.12,0.04,1.56,48.72,40.04,8.68,82.18,18.24,21.8,11.6,0.88,34.38,3.56,61.81,34,28,2250,0.4,0.0,1.44,1.04,13.48,1.16,4.08,43.4,2.68,41.36,1.4,47.95
140,982778,Serie A,AS Roma,Devyne Rensch,Midfielder,6.89,0.08,0.02,0.08,0.41,0.16,0.16,20.0,0.33,57.14,0.0,0.08,0.0,0.0,0.08,0.0,0.24,0.08,0.0,0.0,0.0,0.0,0.0,0.0,2.44,1.22,2.52,0.41,0.73,0.0,0.0,0.0,0.0,0.24,0.24,0.33,0.0,0.73,40.52,32.88,7.65,81.12,14.08,18.8,10.42,0.41,23.81,0.57,24.14,23,11,1106,0.08,0.0,0.49,1.38,12.37,0.33,4.96,61.62,4.15,69.86,0.81,38.46
141,1091303,Serie A,Inter,Petar Sučić,Midfielder,6.89,0.11,0.09,0.11,1.16,0.32,0.53,9.09,0.79,42.86,0.05,0.05,0.0,0.05,0.05,0.0,0.0,0.0,0.0,0.0,0.0,0.0,0.0,0.0,2.21,0.47,0.95,0.05,1.16,0.0,0.11,0.0,0.0,0.21,0.32,0.11,0.0,1.47,57.26,51.0,6.26,89.06,19.58,31.42,18.26,0.53,25.0,2.84,65.06,33,20,1710,0.26,0.0,1.42,1.26,12.11,1.21,4.89,47.94,4.26,46.82,0.63,57.14
142,881931,Serie A,Juventus,Weston McKennie,Midfielder,6.89,0.16,0.25,0.36,1.41,0.52,0.65,11.63,0.56,51.52,0.16,0.0,0.07,0.03,0.07,0.03,0.23,0.0,0.0,0.0,0.0,0.0,0.0,0.0,1.28,0.79,1.54,0.26,0.33,0.07,0.03,0.0,0.0,0.36,0.2,0.16,0.0,1.54,38.02,31.57,6.44,83.05,9.75,21.82,13.51,0.2,17.65,1.11,66.67,35,31,2751,0.16,0.0,1.37,0.36,11.48,0.52,3.7,48.71,2.19,44.97,1.5,55.42
143,339909,Serie A,Torino,Guillermo Maripán,Defender,6.89,0.08,0.07,0.13,0.75,0.33,0.13,11.11,0.17,66.67,0.08,0.0,0.04,0.0,0.04,0.0,0.08,0.0,0.0,0.0,0.0,0.0,0.0,0.0,2.13,1.17,6.32,1.09,0.59,0.0,0.04,0.04,0.0,0.38,0.0,0.0,0.0,0.38,41.42,35.36,6.07,85.35,24.85,10.5,3.14,0.04,33.33,1.88,46.39,27,24,2151,0.21,0.0,1.13,0.29,7.15,0.38,5.06,54.26,2.59,55.86,2.47,52.68
144,604232,Serie A,Como,Diego Carlos,Defender,6.89,0.05,0.05,0.05,0.37,0.09,0.28,12.5,0.0,0.0,0.05,0.0,0.0,0.0,0.05,0.0,0.09,0.0,0.0,0.0,0.0,0.0,0.0,0.0,1.39,1.02,5.54,0.79,0.09,0.0,0.0,0.05,0.0,0.32,0.0,0.0,0.0,0.09,61.03,56.64,4.39,92.81,40.98,15.66,2.82,0.0,0.0,2.68,53.7,27,21,1948,0.37,0.0,1.8,0.32,5.08,0.09,3.93,53.46,1.71,48.05,2.22,58.54
145,906963,Serie A,Hellas Verona,Andrias Edmundsson,Defender,6.89,0.0,0.01,0.0,0.29,0.07,0.22,0.0,0.07,100.0,0.0,0.0,0.0,0.0,0.0,0.0,0.0,0.0,0.0,0.0,0.0,0.0,0.0,0.0,1.68,1.9,7.98,0.95,0.66,0.07,0.15,0.0,0.07,0.15,0.0,0.0,0.0,0.15,36.73,27.88,8.85,75.9,18.22,9.66,3.44,0.07,25.0,3.37,38.02,14,14,1230,0.22,0.0,0.95,0.51,10.24,0.22,4.9,52.34,2.2,56.6,2.71,49.33
146,1089453,Serie A,Torino,Saúl Coco,Defender,6.89,0.03,0.03,0.0,0.45,0.12,0.24,6.67,0.21,63.64,0.03,0.0,0.03,0.0,0.0,0.0,0.0,0.06,0.0,0.0,0.0,0.0,0.03,0.0,1.71,1.29,5.01,1.23,0.39,0.0,0.0,0.03,0.0,0.33,0.0,0.03,0.0,0.33,44.19,37.86,6.33,85.68,26.22,11.64,3.42,0.03,20.0,2.49,46.11,34,34,3000,0.09,0.0,1.32,1.02,7.74,0.3,4.83,56.49,2.94,58.68,1.89,53.39
147,974581,Serie A,Como,Ivan Smolčić,Defender,6.88,0.0,0.05,0.06,0.69,0.23,0.29,0.0,0.06,50.0,0.0,0.0,0.0,0.0,0.0,0.0,0.0,0.0,0.0,0.0,0.0,0.0,0.0,0.0,2.17,1.31,2.4,0.51,0.8,0.0,0.06,0.0,0.0,0.29,0.06,0.06,0.0,0.8,47.2,41.03,6.17,86.92,20.69,20.34,8.97,0.34,20.69,1.77,44.93,27,18,1575,0.46,0.0,1.43,0.97,10.23,0.17,4.57,55.94,3.2,57.14,1.37,53.33
148,153257,Serie A,SSC Napoli,Giovanni Di Lorenzo,Defender,6.88,0.08,0.08,0.0,1.03,0.37,0.53,8.0,0.33,38.1,0.08,0.0,0.0,0.0,0.08,0.04,0.04,0.08,0.0,0.0,0.0,0.0,0.0,0.0,1.81,0.37,1.85,0.29,0.49,0.04,0.04,0.04,0.0,0.37,0.12,0.04,0.0,0.62,57.18,48.87,8.31,85.47,22.46,26.41,12.09,0.21,13.16,1.48,48.65,25,25,2188,0.04,0.0,1.32,0.95,11.85,0.29,4.44,56.25,3.09,55.15,1.36,58.93
149,1499054,Serie A,Fiorentina,Luís Balbo,Defender,6.88,0.0,0.0,0.0,0.0,0.0,0.0,0.0,0.0,0.0,0.0,0.0,0.0,0.0,0.0,0.0,0.0,0.0,0.0,0.0,0.0,0.0,0.0,0.0,2.78,0.46,4.64,2.32,1.39,0.0,0.0,0.0,0.0,0.0,0.0,0.0,0.0,0.46,23.66,15.77,7.89,66.67,8.81,6.96,3.25,0.46,20.0,1.39,23.08,5,1,194,0.0,0.0,0.93,2.32,15.77,1.86,6.49,51.85,5.1,52.38,1.39,50.0
150,229740,Serie A,Como,Alberto Moreno,Defender,6.88,0.15,0.12,0.15,0.85,0.31,0.31,18.18,0.08,16.67,0.15,0.0,0.08,0.08,0.0,0.0,0.23,0.08,0.0,0.0,0.0,0.0,0.0,0.0,1.55,0.46,2.47,0.08,0.39,0.0,0.15,0.0,0.0,0.39,0.15,0.08,0.0,1.16,51.8,46.78,5.03,90.3,22.65,24.12,12.53,0.54,20.59,2.01,55.32,18,12,1164,0.23,0.0,1.24,0.7,9.9,0.46,3.17,50.0,2.32,49.18,0.85,52.38
151,1177723,Serie A,Como,Jayden Addai,Midfielder,6.88,0.39,0.2,0.0,1.7,0.78,0.65,23.08,1.83,46.67,0.26,0.13,0.0,0.13,0.26,0.0,0.26,0.0,0.0,0.0,0.0,0.0,0.0,0.0,0.78,0.39,0.52,0.13,0.52,0.0,0.0,0.0,0.0,0.0,0.26,0.0,0.0,0.92,21.85,16.22,5.62,74.25,4.45,11.77,7.72,0.26,18.18,0.52,40.0,12,7,688,0.52,0.0,1.7,1.83,13.21,2.22,4.71,41.86,4.45,40.96,0.26,66.67
152,845291,Serie A,Inter,Josep Martínez,Goalkeeper,6.88,0.0,0.0,0.0,0.0,0.0,0.0,0.0,0.0,0.0,0.0,0.0,0.0,0.0,0.0,0.0,0.0,0.0,0.0,0.0,0.0,0.0,0.0,0.0,0.0,0.0,0.75,0.0,0.0,0.0,0.0,0.0,0.0,0.75,0.0,0.0,0.0,0.0,32.25,28.25,4.0,87.6,27.25,1.0,0.0,0.0,0.0,2.25,36.0,4,4,360,0.0,0.0,0.0,0.0,4.5,0.0,0.0,0.0,0.0,0.0,0.0,0.0
153,850891,Serie A,Pisa,Michel Aebischer,Midfielder,6.88,0.03,0.02,0.03,0.6,0.16,0.35,5.26,0.44,48.28,0.0,0.03,0.0,0.0,0.03,0.0,0.0,0.0,0.0,0.0,0.0,0.0,0.03,0.0,2.03,1.14,0.98,0.19,1.08,0.0,0.16,0.0,0.0,0.13,0.22,0.03,0.03,1.05,47.23,40.29,6.94,85.3,22.03,18.26,8.62,0.44,32.56,2.88,52.0,34,32,2839,0.25,0.0,1.39,1.2,10.56,0.38,4.12,51.18,3.68,52.97,0.44,40.0
154,917048,Serie A,Juventus,Andrea Cambiaso,Midfielder,6.88,0.1,0.1,0.07,0.82,0.4,0.33,12.0,0.3,33.33,0.1,0.0,0.03,0.07,0.0,0.0,0.07,0.0,0.0,0.0,0.0,0.0,0.0,0.0,1.98,0.66,0.59,0.23,0.66,0.03,0.1,0.0,0.07,0.1,0.36,0.13,0.0,1.81,49.7,43.7,6.0,87.93,19.71,23.99,13.51,1.02,25.41,1.71,62.65,35,34,2731,0.1,0.03,0.96,0.69,12.36,0.73,3.26,49.5,2.97,51.14,0.3,37.5
155,891346,Serie A,Parma,Emanuele Valeri,Midfielder,6.88,0.0,0.02,0.04,0.74,0.18,0.28,0.0,0.49,42.42,0.0,0.0,0.0,0.0,0.0,0.0,0.11,0.0,0.0,0.0,0.0,0.0,0.11,0.0,1.58,0.77,1.47,0.11,0.91,0.0,0.04,0.0,0.0,0.32,0.14,0.07,0.0,1.72,25.64,18.85,6.8,73.5,8.69,10.16,5.99,1.86,23.35,1.79,48.57,33,28,2569,0.07,0.0,0.81,0.84,19.2,0.81,3.4,46.86,2.91,47.7,0.49,42.42
156,1651825,Serie A,Lecce,Tiago Gabriel,Defender,6.88,0.06,0.1,0.12,0.58,0.12,0.4,10.0,0.03,100.0,0.06,0.0,0.03,0.0,0.0,0.0,0.03,0.0,0.0,0.0,0.0,0.0,0.0,0.0,1.78,1.27,6.87,0.6,0.37,0.03,0.09,0.03,0.03,0.23,0.0,0.0,0.0,0.06,37.32,32.75,4.57,87.75,24.38,8.37,1.5,0.0,0.0,1.9,48.53,36,35,3130,0.17,0.0,0.78,1.12,5.06,0.26,6.38,67.07,2.9,68.71,3.48,65.76
157,1174457,Serie A,Pisa,Samuele Angori,Midfielder,6.87,0.0,0.05,0.04,0.47,0.07,0.18,0.0,0.32,50.0,0.0,0.0,0.0,0.0,0.0,0.0,0.11,0.0,0.0,0.0,0.0,0.0,0.07,0.0,1.65,0.79,2.08,0.29,0.57,0.04,0.0,0.0,0.0,0.07,0.18,0.07,0.0,1.25,26.35,18.83,7.52,71.47,8.91,9.92,6.09,1.54,26.06,1.68,35.07,34,29,2514,0.07,0.0,0.57,1.93,14.18,0.43,4.55,62.56,3.87,67.5,0.68,44.19
158,1001828,Serie A,Milan,Koni De Winter,Defender,6.87,0.05,0.03,0.05,0.35,0.05,0.2,14.29,0.15,50.0,0.05,0.0,0.05,0.0,0.0,0.0,0.05,0.0,0.0,0.0,0.0,0.0,0.0,0.0,1.45,0.65,4.94,0.6,0.2,0.0,0.1,0.05,0.0,0.35,0.0,0.05,0.0,0.25,62.98,57.54,5.43,91.37,36.5,21.04,6.23,0.05,20.0,1.45,36.25,26,19,1805,0.05,0.0,1.35,0.4,6.98,0.15,4.09,59.42,1.99,54.05,2.09,65.63
159,558320,Serie A,Sassuolo,Ulisses Garcia,Defender,6.87,0.11,0.01,0.0,0.21,0.11,0.0,50.0,0.11,20.0,0.0,0.11,0.0,0.11,0.0,0.11,0.11,0.0,0.0,0.0,0.0,0.0,0.0,0.0,1.69,0.84,1.37,0.32,1.69,0.11,0.11,0.0,0.0,0.32,0.42,0.21,0.11,1.27,42.84,37.14,5.7,86.7,16.99,20.15,9.81,1.06,30.3,1.69,50.0,12,9,853,0.32,0.0,1.06,0.11,10.76,0.42,2.43,37.7,1.9,34.62,0.53,55.56
160,377118,Serie A,Fiorentina,Robin Gosens,Midfielder,6.87,0.15,0.14,0.15,0.89,0.35,0.3,16.67,0.0,0.0,0.15,0.0,0.05,0.1,0.0,0.0,0.2,0.0,0.0,0.0,0.0,0.0,0.0,0.0,1.49,1.09,3.07,0.3,0.54,0.0,0.0,0.0,0.0,0.2,0.05,0.05,0.0,0.59,36.65,29.17,7.48,79.59,15.06,14.12,6.09,0.45,21.43,1.04,36.21,25,23,1817,0.1,0.0,1.14,1.19,11.19,0.4,4.21,50.0,2.53,54.26,1.68,44.74
161,317301,Serie A,Lazio,Danilo Cataldi,Midfielder,6.87,0.14,0.14,0.0,1.17,0.32,0.59,11.54,0.27,40.0,0.14,0.0,0.0,0.05,0.09,0.05,0.0,0.0,0.09,0.09,100.0,0.0,0.14,0.0,1.54,0.95,2.03,0.41,0.54,0.0,0.09,0.05,0.0,0.27,0.09,0.14,0.0,1.04,49.61,42.24,7.36,85.15,20.87,21.37,7.77,0.54,25.0,2.08,47.92,27,24,1992,0.27,0.0,0.99,0.54,10.26,0.18,2.89,54.7,2.26,52.63,0.63,63.64
162,318645,Serie A,Cremonese,Jari Vandeputte,Midfielder,6.87,0.05,0.1,0.1,0.96,0.38,0.29,5.0,0.34,33.33,0.05,0.0,0.0,0.0,0.05,0.05,0.05,0.05,0.0,0.0,0.0,0.0,0.24,0.0,1.77,0.86,1.72,0.1,0.72,0.05,0.0,0.0,0.0,0.05,0.48,0.24,0.0,2.54,42.77,33.19,9.58,77.6,15.28,17.91,9.24,1.87,24.53,2.3,41.38,31,23,1879,0.1,0.0,1.63,1.2,18.68,0.96,3.54,44.58,3.3,45.7,0.24,33.33
163,793645,Serie A,Bologna,Riccardo Orsolini,Midfielder,6.87,0.42,0.41,0.3,3.46,1.31,1.48,12.2,1.35,47.76,0.34,0.08,0.0,0.42,0.0,0.34,0.76,0.0,0.25,0.17,66.67,0.0,0.08,0.0,0.89,0.34,0.68,0.04,0.42,0.0,0.0,0.0,0.0,0.13,0.04,0.04,0.0,1.1,23.7,16.69,7.01,70.41,4.9,11.79,7.18,0.21,12.5,1.69,52.63,35,26,2130,0.08,0.0,0.89,1.86,13.61,1.18,5.32,53.62,4.1,52.15,1.23,59.18
164,977679,Serie A,Inter,Luís Henrique,Midfielder,6.87,0.06,0.05,0.11,0.85,0.4,0.23,6.67,0.74,56.52,0.06,0.0,0.0,0.0,0.06,0.06,0.06,0.0,0.0,0.0,0.0,0.0,0.0,0.0,1.13,0.34,0.85,0.06,0.11,0.0,0.0,0.0,0.0,0.23,0.28,0.11,0.0,1.24,45.82,39.77,6.05,86.79,14.59,25.17,15.5,0.62,26.83,1.19,51.22,29,18,1591,0.06,0.0,0.28,0.0,9.79,0.34,2.15,62.3,1.87,60.0,0.28,83.33
165,1518983,Serie A,Lazio,Edoardo Motta,Goalkeeper,6.87,0.0,0.0,0.0,0.0,0.0,0.0,0.0,0.0,0.0,0.0,0.0,0.0,0.0,0.0,0.0,0.0,0.0,0.0,0.0,0.0,0.0,0.0,0.0,0.0,0.0,0.89,0.0,0.0,0.11,0.11,0.11,0.0,0.33,0.0,0.0,0.0,0.11,26.33,18.78,7.56,71.31,17.0,1.78,0.22,0.0,0.0,4.33,37.14,9,9,810,0.11,0.0,0.11,0.11,7.67,0.0,0.44,57.14,0.0,0.0,0.44,66.67
166,294597,Serie A,Bologna,Federico Bernardeschi,Midfielder,6.87,0.24,0.2,0.0,2.93,0.87,1.35,8.11,1.82,47.92,0.24,0.0,0.0,0.24,0.0,0.0,0.16,0.0,0.08,0.08,100.0,0.0,0.32,0.0,0.56,0.56,0.63,0.16,0.24,0.0,0.08,0.08,0.0,0.0,0.32,0.16,0.08,2.22,41.15,35.84,5.31,87.09,12.21,23.63,14.43,1.19,31.91,3.65,82.14,28,11,1135,0.24,0.0,1.03,0.79,14.59,1.11,3.65,43.81,3.17,43.48,0.48,46.15
167,369866,Serie A,Cagliari,Luca Mazzitelli,Midfielder,6.86,0.23,0.08,0.0,1.72,0.57,0.69,13.33,0.34,50.0,0.23,0.0,0.0,0.11,0.11,0.0,0.0,0.0,0.0,0.0,0.0,0.0,0.11,0.0,2.29,1.26,2.98,0.34,1.49,0.0,0.0,0.0,0.0,0.11,0.11,0.23,0.0,0.57,42.42,32.22,10.2,75.95,17.66,14.56,5.73,0.23,22.22,3.67,47.76,18,9,785,0.34,0.0,2.52,1.49,13.53,0.34,5.27,44.66,4.13,47.37,1.15,37.04
168,930189,Serie A,Milan,Samuele Ricci,Midfielder,6.86,0.07,0.11,0.14,1.24,0.41,0.41,5.56,0.34,62.5,0.0,0.07,0.0,0.0,0.07,0.07,0.07,0.0,0.0,0.0,0.0,0.0,0.0,0.0,1.1,0.62,2.0,0.34,0.14,0.0,0.07,0.0,0.0,0.07,0.34,0.28,0.0,1.38,44.62,40.21,4.41,90.11,15.72,24.48,11.38,0.83,42.86,2.55,77.08,31,11,1305,0.21,0.0,1.17,2.28,7.38,0.62,3.86,60.22,3.66,63.86,0.21,30.0
169,1118177,Serie A,Sassuolo,Tarik Muharemović,Defender,6.86,0.06,0.05,0.1,0.63,0.19,0.19,10.0,0.22,63.64,0.06,0.0,0.03,0.0,0.0,0.0,0.0,0.0,0.0,0.0,0.0,0.0,0.03,0.0,1.4,1.43,7.05,0.98,0.29,0.0,0.03,0.0,0.06,0.19,0.03,0.06,0.0,0.16,52.35,44.86,7.49,85.69,32.32,12.54,3.97,0.0,0.0,2.83,39.56,32,32,2835,0.22,0.0,0.76,0.63,8.29,0.06,4.25,64.42,2.13,64.42,2.13,64.42
170,98059,Serie A,Genoa,Nicola Leali,Goalkeeper,6.86,0.0,0.0,0.0,0.0,0.0,0.0,0.0,0.0,0.0,0.0,0.0,0.0,0.0,0.0,0.0,0.0,0.0,0.0,0.0,0.0,0.0,0.0,0.0,0.05,0.05,0.72,0.0,0.0,0.05,0.0,0.0,0.0,0.2,0.0,0.0,0.0,0.1,25.85,16.28,9.57,62.97,12.65,3.63,1.23,0.0,0.0,5.43,36.68,21,20,1758,0.1,0.05,0.1,0.1,9.68,0.0,0.26,71.43,0.1,50.0,0.15,100.0
171,115516,Serie A,Bologna,Remo Freuler,Midfielder,6.86,0.04,0.04,0.0,0.25,0.04,0.04,16.67,0.08,28.57,0.04,0.0,0.04,0.0,0.0,0.0,0.04,0.0,0.0,0.0,0.0,0.0,0.0,0.0,2.26,0.84,1.34,0.21,0.75,0.04,0.0,0.0,0.04,0.29,0.0,0.08,0.0,0.84,55.1,47.95,7.15,87.02,23.1,24.85,10.84,0.08,12.5,2.43,51.79,28,25,2151,0.21,0.0,0.79,0.92,9.67,0.33,3.89,56.02,3.26,62.4,0.63,36.59
172,1069560,Serie A,SSC Napoli,Antonio Vergara,Forward,6.85,0.15,0.11,0.0,1.46,0.44,0.58,10.0,1.17,30.77,0.0,0.15,0.0,0.15,0.0,0.0,0.29,0.15,0.0,0.0,0.0,0.0,0.0,0.0,1.75,0.58,0.44,0.0,1.02,0.0,0.0,0.0,0.0,0.0,0.0,0.29,0.0,1.6,25.63,19.51,6.12,76.14,5.97,13.54,9.47,0.44,27.27,0.29,22.22,12,8,618,0.29,0.0,2.48,2.91,17.33,2.18,6.55,39.82,5.83,42.11,0.73,27.78
173,1831525,Serie A,Udinese,Branimir Mlačić,Defender,6.85,0.0,0.0,0.0,0.0,0.0,0.0,0.0,0.59,100.0,0.0,0.0,0.0,0.0,0.0,0.0,0.0,0.0,0.0,0.0,0.0,0.0,0.0,0.0,1.78,1.18,3.55,1.18,0.59,0.0,0.0,0.0,0.0,0.0,0.0,0.0,0.0,0.0,43.22,37.3,5.92,86.3,27.24,10.07,2.96,0.0,0.0,2.96,62.5,6,2,152,1.18,0.0,2.37,0.0,7.11,0.59,3.55,35.29,2.37,40.0,1.18,28.57
174,958517,Serie A,Parma,Lautaro Valenti,Defender,6.85,0.0,0.02,0.0,0.66,0.16,0.16,0.0,0.33,57.14,0.0,0.0,0.0,0.0,0.0,0.0,0.0,0.0,0.0,0.0,0.0,0.0,0.04,0.0,2.01,1.03,5.88,1.03,0.49,0.04,0.04,0.0,0.0,0.25,0.12,0.0,0.04,0.45,43.64,34.15,9.49,78.25,22.97,11.18,3.78,0.04,5.26,2.34,31.15,26,24,2190,0.25,0.0,0.95,0.7,13.32,0.33,4.64,58.55,3.0,60.83,1.64,54.79
175,1017649,Serie A,Lazio,Matteo Cancellieri,Forward,6.85,0.22,0.23,0.38,2.16,0.86,0.86,10.0,0.7,32.5,0.16,0.05,0.0,0.22,0.0,0.05,0.16,0.0,0.0,0.0,0.0,0.0,0.0,0.0,2.11,1.3,1.35,0.11,1.24,0.0,0.05,0.0,0.0,0.27,0.16,0.11,0.0,0.92,23.38,17.87,5.51,76.44,6.26,11.61,5.29,0.27,23.81,0.43,36.36,29,20,1667,0.32,0.0,2.05,3.51,11.99,1.4,8.04,50.51,6.21,51.11,1.84,48.57
176,2899,Serie A,Udinese,Daniele Padelli,Goalkeeper,6.85,0.0,0.0,0.0,0.0,0.0,0.0,0.0,0.0,0.0,0.0,0.0,0.0,0.0,0.0,0.0,0.0,0.0,0.0,0.0,0.0,0.0,0.0,0.0,0.0,0.0,1.0,0.0,0.0,0.0,0.0,0.0,0.0,0.0,0.0,0.0,0.0,0.0,31.5,21.0,10.5,66.67,20.0,1.0,0.0,0.0,0.0,3.5,25.0,2,2,180,0.0,0.0,0.0,0.0,10.5,0.0,0.0,0.0,0.0,0.0,0.0,0.0
177,996820,Serie A,Torino,Kristjan Asllani,Midfielder,6.85,0.0,0.11,0.08,1.59,0.32,0.71,0.0,0.24,50.0,0.0,0.0,0.0,0.0,0.0,0.0,0.0,0.0,0.08,0.0,0.0,0.0,0.08,0.0,1.67,0.95,0.79,0.08,0.87,0.08,0.08,0.0,0.0,0.08,0.08,0.0,0.0,1.19,48.93,41.15,7.77,84.12,21.73,19.43,7.85,1.03,25.0,5.39,54.4,15,13,1135,0.24,0.0,0.56,1.11,12.69,0.32,3.09,53.42,2.93,59.68,0.16,18.18
178,902019,Serie A,Cagliari,Gianluca Gaetano,Midfielder,6.85,0.1,0.09,0.0,1.48,0.44,0.59,6.67,0.74,57.69,0.1,0.0,0.0,0.0,0.1,0.0,0.0,0.0,0.0,0.0,0.0,0.0,0.25,0.0,1.38,1.04,1.33,0.1,0.84,0.0,0.05,0.0,0.0,0.2,0.1,0.2,0.05,1.33,48.36,38.33,10.03,79.26,19.81,18.52,8.5,0.54,29.73,2.67,48.65,32,20,1822,0.2,0.0,1.28,1.43,14.62,0.99,4.25,49.71,3.56,49.32,0.69,51.85
179,1157713,Serie A,Atalanta,Isak Hien,Defender,6.85,0.05,0.04,0.05,0.38,0.14,0.19,12.5,0.19,44.44,0.05,0.0,0.05,0.0,0.0,0.0,0.0,0.0,0.0,0.0,0.0,0.0,0.0,0.0,2.35,1.3,4.85,0.62,0.72,0.0,0.05,0.0,0.05,0.1,0.0,0.0,0.0,0.1,52.66,48.48,4.18,92.07,34.27,14.21,3.31,0.0,0.0,2.59,65.06,27,19,1875,0.24,0.0,1.63,0.77,6.19,0.53,5.47,50.44,3.31,51.49,2.16,48.91
180,893998,Serie A,Fiorentina,Luca Ranieri,Defender,6.85,0.04,0.07,0.11,0.65,0.11,0.33,5.56,0.22,40.0,0.04,0.0,0.0,0.04,0.0,0.04,0.11,0.0,0.0,0.0,0.0,0.0,0.0,0.0,1.23,0.87,4.61,0.47,0.29,0.0,0.0,0.04,0.0,0.29,0.07,0.0,0.0,0.25,51.23,43.97,7.26,85.83,26.94,17.03,5.63,0.22,22.22,3.01,46.37,34,29,2479,0.29,0.04,0.8,0.98,9.29,0.15,4.14,59.69,2.43,61.47,1.71,57.32
181,965264,Serie A,Juventus,Emil Holm,Defender,6.84,0.1,0.13,0.0,1.24,0.1,0.93,8.33,0.73,46.67,0.1,0.0,0.0,0.1,0.0,0.1,0.0,0.0,0.0,0.0,0.0,0.0,0.0,0.0,3.01,0.83,2.8,0.31,0.62,0.0,0.1,0.0,0.0,0.1,0.31,0.41,0.0,0.93,38.26,30.07,8.19,78.59,15.76,14.31,7.15,0.73,25.0,1.14,26.19,17,10,868,0.1,0.1,1.14,1.97,16.28,0.62,7.26,59.32,5.6,63.53,1.66,48.48
182,944973,Serie A,Lazio,Nuno Tavares,Defender,6.84,0.0,0.04,0.06,0.96,0.06,0.54,0.0,1.39,58.97,0.0,0.0,0.0,0.0,0.0,0.0,0.36,0.0,0.0,0.0,0.0,0.0,0.18,0.0,1.81,1.09,1.87,0.06,0.78,0.06,0.12,0.0,0.0,0.18,0.06,0.0,0.06,1.27,53.95,46.6,7.35,86.37,21.04,25.56,12.6,1.27,21.21,2.05,64.15,23,17,1493,0.3,0.0,1.21,1.33,16.88,0.66,5.18,55.84,4.52,55.97,0.66,55.0
183,132318,Serie A,Atalanta,Davide Zappacosta,Midfielder,6.84,0.11,0.08,0.07,1.28,0.28,0.5,8.33,0.89,43.86,0.07,0.04,0.0,0.11,0.0,0.07,0.25,0.0,0.0,0.0,0.0,0.0,0.0,0.0,0.78,0.71,1.31,0.07,0.53,0.0,0.04,0.0,0.0,0.28,0.07,0.11,0.0,1.38,39.62,33.62,6.0,84.86,14.91,18.71,11.72,0.82,23.0,0.96,36.0,34,30,2535,0.11,0.0,0.6,0.28,13.17,0.53,2.34,41.77,1.92,40.91,0.43,46.15
184,44906,Serie A,Bologna,Łukasz Skorupski,Goalkeeper,6.84,0.0,0.0,0.0,0.0,0.0,0.0,0.0,0.0,0.0,0.0,0.0,0.0,0.0,0.0,0.0,0.0,0.0,0.0,0.0,0.0,0.0,0.0,0.0,0.0,0.0,1.91,0.0,0.0,0.0,0.18,0.0,0.0,0.42,0.0,0.0,0.0,0.0,36.38,26.69,9.69,73.36,23.88,2.81,1.08,0.0,0.0,5.27,35.92,18,18,1504,0.06,0.06,0.06,0.48,9.93,0.0,0.66,91.67,0.24,80.0,0.42,100.0
185,851222,Serie A,Pisa,Mehdi Léris,Midfielder,6.84,0.1,0.08,0.15,1.22,0.34,0.39,8.0,0.78,39.02,0.1,0.0,0.0,0.0,0.1,0.05,0.39,0.05,0.0,0.0,0.0,0.0,0.0,0.0,3.13,0.98,1.81,0.39,0.98,0.0,0.0,0.05,0.0,0.0,0.24,0.15,0.0,1.32,26.2,18.23,7.97,69.59,7.53,10.71,7.09,1.52,32.63,1.08,33.85,33,20,1841,0.1,0.0,1.32,1.03,16.08,0.88,7.53,57.46,4.89,54.05,2.64,65.06
186,904887,Serie A,Udinese,Jürgen Ekkelenkamp,Midfielder,6.84,0.2,0.2,0.16,1.35,0.61,0.49,15.15,0.65,64.0,0.12,0.08,0.08,0.0,0.12,0.0,0.12,0.04,0.0,0.0,0.0,0.04,0.25,16.67,1.92,0.61,1.06,0.25,0.41,0.0,0.04,0.0,0.0,0.12,0.16,0.12,0.04,1.14,26.27,20.75,5.52,79.0,7.39,13.36,7.27,0.2,15.63,0.33,26.67,31,27,2203,0.04,0.0,0.9,0.78,9.15,0.82,3.96,53.59,3.35,57.34,0.61,39.47
187,941179,Serie A,Torino,Niels Nkounkou,Defender,6.83,0.0,0.05,0.0,1.08,0.27,0.54,0.0,1.89,87.5,0.0,0.0,0.0,0.0,0.0,0.27,0.0,0.0,0.0,0.0,0.0,0.0,0.0,0.0,3.5,2.16,4.04,0.27,0.81,0.0,0.27,0.0,0.0,0.0,0.54,0.27,0.0,1.35,28.56,23.17,5.39,81.13,9.7,13.47,7.54,1.35,31.25,1.35,41.67,10,3,334,0.81,0.0,0.81,0.81,11.86,0.81,6.74,56.82,5.93,68.75,0.81,25.0
188,859027,Serie A,Como,Maxence Caqueret,Midfielder,6.83,0.12,0.14,0.06,1.11,0.25,0.49,11.11,1.05,54.84,0.06,0.06,0.0,0.0,0.12,0.0,0.12,0.06,0.0,0.0,0.0,0.0,0.06,0.0,2.09,0.8,0.25,0.18,1.17,0.06,0.0,0.06,0.0,0.0,0.18,0.31,0.0,1.48,54.83,48.23,6.59,87.98,18.73,29.51,15.03,0.55,26.47,0.74,46.15,29,17,1461,0.18,0.0,1.6,1.36,13.55,1.72,4.93,45.71,4.31,45.16,0.62,50.0
189,356160,Serie A,SSC Napoli,Vanja Milinković-Savić,Goalkeeper,6.83,0.0,0.0,0.0,0.0,0.0,0.0,0.0,0.0,0.0,0.0,0.0,0.0,0.0,0.0,0.0,0.0,0.0,0.0,0.0,0.0,0.0,0.0,0.0,0.0,0.0,0.78,0.0,0.07,0.0,0.07,0.04,0.0,0.41,0.04,0.04,0.0,0.11,37.56,27.15,10.41,72.29,24.22,2.93,1.44,0.0,0.0,5.15,33.33,27,27,2430,0.0,0.0,0.04,0.22,10.59,0.0,0.3,72.73,0.15,57.14,0.15,100.0
190,1392819,Serie A,Lecce,Gaby Jean,Defender,6.83,0.0,0.0,0.0,0.0,0.0,0.0,0.0,0.0,0.0,0.0,0.0,0.0,0.0,0.0,0.0,0.0,0.0,0.0,0.0,0.0,0.0,0.0,0.0,1.45,0.48,7.74,0.0,1.45,0.0,0.0,0.0,0.0,0.48,0.0,0.0,0.0,0.0,49.84,40.16,9.68,80.58,25.16,15.0,2.9,0.0,0.0,3.39,38.89,6,1,186,0.48,0.0,0.48,0.97,11.13,0.0,4.35,52.94,1.94,50.0,2.42,55.56
191,1800245,Serie A,Como,Jesús Rodriguez,Midfielder,6.83,0.05,0.21,0.16,2.37,0.59,1.29,2.27,2.16,41.67,0.05,0.0,0.0,0.0,0.05,0.0,0.16,0.0,0.0,0.0,0.0,0.0,0.0,0.0,1.29,0.27,0.54,0.0,0.54,0.0,0.0,0.05,0.0,0.05,0.54,0.43,0.0,1.89,23.55,18.65,4.9,79.18,4.8,13.85,8.51,0.54,18.52,0.38,58.33,30,17,1670,0.11,0.05,1.19,1.62,15.57,1.56,5.77,46.12,5.07,45.19,0.7,54.17
192,555540,Serie A,AS Roma,Lorenzo Pellegrini,Forward,6.83,0.24,0.32,0.18,1.95,0.73,0.73,12.5,0.31,20.83,0.24,0.0,0.0,0.06,0.18,0.12,0.31,0.0,0.12,0.12,100.0,0.0,0.24,0.0,0.73,0.85,0.85,0.24,0.79,0.0,0.0,0.06,0.0,0.06,0.24,0.12,0.0,1.71,41.61,32.09,9.52,77.13,9.09,23.0,14.22,1.46,26.67,1.71,60.87,24,20,1475,0.12,0.0,1.22,2.38,18.12,1.34,4.7,44.0,3.42,43.41,1.28,45.65
193,1087514,Serie A,Genoa,Brooke Norton-Cuffy,Defender,6.83,0.08,0.07,0.08,0.66,0.25,0.21,12.5,1.32,59.26,0.08,0.0,0.0,0.04,0.04,0.04,0.0,0.0,0.0,0.0,0.0,0.0,0.0,0.0,1.73,0.41,1.61,0.25,0.29,0.0,0.04,0.0,0.0,0.08,0.08,0.04,0.0,0.87,29.05,23.49,5.56,80.85,12.49,11.0,5.81,0.78,23.75,1.07,48.15,26,25,2184,0.12,0.04,0.95,0.66,13.6,0.99,4.33,50.0,3.71,54.22,0.62,34.09
194,848355,Serie A,AS Roma,Angeliño,Midfielder,6.83,0.0,0.04,0.0,1.08,0.43,0.43,0.0,0.0,0.0,0.0,0.0,0.0,0.0,0.0,0.0,0.0,0.0,0.0,0.0,0.0,0.0,0.0,0.0,1.94,0.43,1.29,0.0,1.29,0.0,0.0,0.0,0.0,0.22,0.0,0.0,0.0,1.08,45.0,35.31,9.69,78.47,15.29,20.02,12.49,0.86,22.22,2.37,50.0,7,5,418,0.43,0.0,1.08,0.43,15.5,0.43,3.23,42.86,2.37,40.74,0.86,50.0
195,1499991,Serie A,AS Roma,Jan Ziółkowski,Defender,6.83,0.0,0.02,0.0,0.18,0.0,0.18,0.0,0.0,0.0,0.0,0.0,0.0,0.0,0.0,0.0,0.0,0.0,0.0,0.0,0.0,0.0,0.0,0.0,3.42,1.44,6.66,0.9,0.36,0.0,0.0,0.0,0.0,0.18,0.0,0.0,0.0,0.18,44.1,36.72,7.38,83.27,26.64,10.08,2.34,0.0,0.0,2.16,33.33,17,5,500,0.36,0.0,1.98,1.44,7.92,0.36,9.0,61.73,4.86,64.29,4.14,58.97
196,922928,Serie A,Udinese,Alessandro Zanoli,Midfielder,6.83,0.07,0.01,0.0,0.21,0.07,0.14,33.33,0.98,42.42,0.07,0.0,0.0,0.0,0.07,0.0,0.07,0.0,0.0,0.0,0.0,0.0,0.0,0.0,1.74,0.49,2.51,0.35,0.63,0.0,0.0,0.0,0.0,0.07,0.21,0.14,0.0,1.05,24.28,19.53,4.74,80.46,9.35,10.19,6.07,0.84,30.77,0.63,40.91,19,16,1290,0.07,0.0,1.12,0.35,10.67,0.14,4.26,53.04,3.07,48.89,1.19,68.0
197,898815,Serie A,SSC Napoli,Sam Beukema,Defender,6.82,0.11,0.09,0.0,0.43,0.21,0.21,25.0,0.11,66.67,0.11,0.0,0.05,0.05,0.0,0.0,0.05,0.0,0.0,0.0,0.0,0.0,0.0,0.0,1.01,0.75,3.1,0.59,0.48,0.0,0.05,0.05,0.0,0.21,0.0,0.0,0.0,0.32,73.24,66.94,6.3,91.4,41.48,25.46,9.88,0.0,0.0,2.62,54.44,24,18,1686,0.11,0.0,1.01,0.27,7.79,0.21,3.04,48.72,1.33,44.64,1.71,52.46
198,964153,Serie A,Cagliari,Adam Obert,Defender,6.82,0.0,0.05,0.07,0.33,0.1,0.17,0.0,0.53,64.0,0.0,0.0,0.0,0.0,0.0,0.03,0.0,0.0,0.0,0.0,0.0,0.0,0.0,0.0,2.17,1.33,3.7,0.6,0.5,0.0,0.0,0.0,0.0,0.17,0.2,0.1,0.0,0.8,39.5,32.26,7.24,81.67,20.82,11.44,4.77,0.7,31.82,1.8,46.55,34,32,2698,0.27,0.03,1.3,0.4,11.48,0.43,4.1,53.48,3.1,55.69,1.0,47.62
199,894863,Serie A,Como,Anastasios Douvikas,Forward,6.82,0.53,0.44,0.45,2.54,1.15,0.74,20.97,0.53,39.39,0.53,0.0,0.08,0.08,0.37,0.08,0.29,0.04,0.04,0.04,100.0,0.0,0.0,0.0,0.53,0.16,0.57,0.16,0.29,0.0,0.0,0.0,0.0,0.21,0.08,0.04,0.0,0.94,12.87,10.05,2.83,78.03,2.87,7.18,4.26,0.0,0.0,0.37,69.23,37,24,2195,0.0,0.0,1.44,1.64,8.77,1.64,3.98,41.45,2.71,40.49,1.27,43.66
200,908716,Serie A,SSC Napoli,Miguel Gutiérrez,Defender,6.82,0.06,0.05,0.0,0.9,0.26,0.51,7.14,0.51,34.78,0.06,0.0,0.0,0.06,0.0,0.06,0.06,0.0,0.0,0.0,0.0,0.0,0.06,0.0,2.12,0.51,1.35,0.06,0.58,0.0,0.13,0.0,0.0,0.26,0.13,0.06,0.0,1.35,47.31,41.46,5.85,87.64,22.11,19.35,10.22,0.58,20.0,2.38,64.91,27,14,1400,0.0,0.0,1.22,1.74,11.51,0.71,4.95,56.2,4.31,55.83,0.64,58.82
201,959806,Serie A,Lazio,Kenneth Taylor,Midfielder,6.82,0.19,0.13,0.06,1.03,0.39,0.32,18.75,0.51,42.11,0.19,0.0,0.0,0.06,0.13,0.13,0.06,0.0,0.0,0.0,0.0,0.0,0.0,0.0,1.35,0.64,0.64,0.39,1.22,0.0,0.0,0.06,0.0,0.26,0.06,0.13,0.0,0.84,43.26,38.38,4.89,88.71,13.95,24.43,12.09,0.06,11.11,0.51,40.0,17,17,1400,0.32,0.0,1.09,0.84,7.78,0.64,3.02,42.73,2.7,42.42,0.32,45.45
202,158037,Serie A,Cremonese,Matteo Bianchetti,Defender,6.82,0.0,0.02,0.04,0.3,0.04,0.21,0.0,0.09,50.0,0.0,0.0,0.0,0.0,0.0,0.0,0.0,0.0,0.0,0.0,0.0,0.0,0.0,0.0,1.88,0.81,5.64,0.77,0.68,0.0,0.09,0.09,0.0,0.21,0.04,0.09,0.0,0.17,48.74,40.84,7.9,83.79,28.02,12.81,4.23,0.04,16.67,3.08,42.6,26,24,2107,0.13,0.0,1.11,0.6,10.21,0.09,4.7,59.46,2.52,58.42,2.18,60.71
203,1525367,Serie A,Pisa,Ebenezer Akinsanmiro,Midfielder,6.82,0.0,0.06,0.13,0.84,0.19,0.51,0.0,1.35,52.5,0.0,0.0,0.0,0.0,0.0,0.13,0.06,0.0,0.0,0.0,0.0,0.0,0.0,0.0,2.51,1.67,0.9,0.39,0.64,0.0,0.13,0.0,0.0,0.13,0.19,0.06,0.0,1.03,30.73,26.29,4.44,85.56,12.6,13.69,7.46,0.19,27.27,1.29,50.0,23,15,1400,0.13,0.0,1.86,1.8,10.09,1.29,6.56,52.85,5.66,54.66,0.9,43.75
204,1014287,Serie A,Lecce,Jamil Siebert,Defender,6.82,0.06,0.02,0.0,0.33,0.11,0.06,16.67,0.22,66.67,0.06,0.0,0.06,0.0,0.0,0.0,0.06,0.0,0.0,0.0,0.0,0.0,0.0,0.0,1.39,0.89,7.46,1.17,0.56,0.06,0.0,0.0,0.0,0.11,0.0,0.0,0.0,0.17,32.0,24.38,7.63,76.17,15.81,8.57,2.62,0.06,20.0,2.89,40.0,20,17,1617,0.17,0.0,1.17,0.39,8.96,0.17,3.78,51.13,1.95,50.0,1.84,52.38
205,58351,Serie A,Udinese,Christian Kabasele,Defender,6.82,0.12,0.05,0.0,0.41,0.25,0.08,30.0,0.2,83.33,0.12,0.0,0.08,0.0,0.04,0.0,0.04,0.0,0.0,0.0,0.0,0.0,0.0,0.0,0.7,1.43,6.31,0.82,0.2,0.08,0.04,0.0,0.0,0.25,0.0,0.0,0.0,0.04,33.86,29.89,3.97,88.27,23.95,5.94,1.06,0.0,0.0,1.92,50.0,29,27,2198,0.2,0.0,1.31,1.02,4.79,0.16,4.5,60.11,1.84,54.22,2.66,65.0
206,864898,Serie A,Udinese,Nicolò Zaniolo,Forward,6.81,0.2,0.22,0.24,2.86,0.87,0.99,6.94,1.31,35.11,0.2,0.0,0.04,0.12,0.04,0.12,0.24,0.0,0.0,0.0,0.0,0.0,0.2,0.0,1.11,0.16,0.0,0.0,0.79,0.0,0.08,0.0,0.0,0.12,0.28,0.24,0.08,2.1,22.97,17.93,5.04,78.07,5.71,12.22,7.3,1.31,26.61,1.07,60.0,32,28,2269,0.32,0.0,2.46,2.42,17.81,2.5,5.55,37.33,4.84,38.13,0.71,32.73
207,1486729,Serie A,Parma,Nesta Elphege,Forward,6.81,0.59,0.56,0.59,1.76,0.88,0.59,33.33,1.18,66.67,0.59,0.0,0.0,0.29,0.29,0.0,0.88,0.0,0.0,0.0,0.0,0.0,0.0,0.0,0.59,0.0,0.59,0.0,0.0,0.0,0.0,0.0,0.0,0.0,0.0,0.29,0.0,1.18,18.24,12.06,6.18,66.13,3.82,8.24,6.18,0.0,0.0,0.0,0.0,9,2,306,0.0,0.0,0.88,0.0,9.12,0.0,7.35,53.19,1.76,54.55,5.59,52.78
208,976381,Serie A,Lazio,Gustav Isaksen,Forward,6.81,0.28,0.28,0.45,2.7,1.07,0.84,10.42,1.52,38.03,0.28,0.0,0.0,0.23,0.06,0.06,0.06,0.0,0.0,0.0,0.0,0.0,0.0,0.0,0.9,0.39,0.34,0.17,0.56,0.06,0.06,0.0,0.0,0.0,0.0,0.06,0.0,0.96,28.95,23.37,5.58,80.74,8.28,15.09,7.21,0.51,28.13,0.84,55.56,30,18,1598,0.0,0.0,1.01,3.21,13.57,1.46,6.2,49.33,5.58,50.51,0.62,40.74
209,47743,Serie A,Pisa,Juan Cuadrado,Midfielder,6.81,0.19,0.18,0.0,1.87,0.37,0.56,10.0,2.43,43.33,0.19,0.0,0.0,0.0,0.19,0.19,0.0,0.0,0.19,0.19,100.0,0.0,0.19,0.0,2.99,0.75,1.12,0.37,1.68,0.0,0.0,0.0,0.0,0.0,0.37,0.0,0.0,2.24,37.53,30.62,6.91,81.59,14.19,16.43,8.22,2.99,39.02,3.17,58.62,18,2,482,0.56,0.0,1.68,2.99,19.61,1.68,8.78,49.47,8.4,50.56,0.37,33.33
210,902031,Serie A,Bologna,João Mário,Defender,6.81,0.09,0.02,0.0,0.62,0.18,0.09,14.29,1.34,46.88,0.09,0.0,0.0,0.0,0.09,0.0,0.0,0.0,0.0,0.0,0.0,0.0,0.0,0.0,1.25,1.16,1.16,0.27,0.89,0.09,0.0,0.09,0.0,0.18,0.09,0.0,0.0,0.71,43.93,34.46,9.46,78.46,15.0,19.46,11.07,0.62,35.0,1.7,45.24,20,12,1008,0.18,0.0,0.89,2.77,15.18,0.54,5.89,56.9,5.36,58.82,0.54,42.86
211,870211,Serie A,Cagliari,Alberto Dossena,Defender,6.81,0.0,0.08,0.11,0.65,0.22,0.33,0.0,0.11,100.0,0.0,0.0,0.0,0.0,0.0,0.0,0.22,0.0,0.0,0.0,0.0,0.0,0.0,0.0,1.63,0.87,4.35,0.87,0.54,0.0,0.0,0.0,0.0,0.22,0.22,0.11,0.0,0.33,48.37,43.26,5.11,89.44,30.0,13.26,2.72,0.0,0.0,2.07,45.24,11,9,828,0.54,0.0,1.09,0.87,6.3,0.11,4.46,62.12,2.61,60.0,1.85,65.38
212,893008,Serie A,AS Roma,Zeki Çelik,Defender,6.81,0.03,0.05,0.07,0.75,0.14,0.34,4.55,0.27,22.22,0.03,0.0,0.0,0.0,0.03,0.0,0.1,0.0,0.0,0.0,0.0,0.0,0.0,0.0,2.11,0.72,2.25,0.2,0.75,0.0,0.0,0.0,0.0,0.27,0.07,0.07,0.03,0.89,44.62,38.05,6.58,85.26,15.41,22.64,12.78,0.48,18.92,1.09,38.1,33,31,2640,0.07,0.03,1.19,0.58,12.27,0.44,4.12,49.59,2.93,47.25,1.19,56.45
213,798002,Serie A,Lazio,Toma Bašić,Midfielder,6.81,0.11,0.08,0.0,1.58,0.6,0.65,6.9,0.05,25.0,0.05,0.05,0.0,0.11,0.0,0.05,0.0,0.0,0.0,0.0,0.0,0.0,0.11,0.0,1.09,0.6,1.25,0.38,0.71,0.0,0.05,0.0,0.0,0.11,0.27,0.16,0.0,1.14,43.64,38.21,5.43,87.55,19.73,18.48,7.72,0.92,37.78,1.36,58.14,22,22,1656,0.0,0.05,1.09,1.03,8.53,0.6,3.21,51.3,2.17,47.06,1.03,63.33
214,786175,Serie A,Cremonese,Federico Baschirotto,Defender,6.81,0.07,0.04,0.04,0.43,0.18,0.14,16.67,0.04,50.0,0.07,0.0,0.07,0.0,0.0,0.0,0.04,0.0,0.0,0.0,0.0,0.0,0.0,0.0,0.92,0.92,6.59,1.17,0.39,0.04,0.07,0.04,0.0,0.28,0.0,0.0,0.0,0.07,46.61,40.31,6.3,86.47,31.17,9.14,2.23,0.04,12.5,2.27,40.25,29,29,2541,0.07,0.0,1.59,0.32,7.3,0.11,3.29,48.19,1.28,40.0,2.02,55.34
215,865651,Serie A,Atalanta,Giacomo Raspadori,Forward,6.8,0.39,0.38,0.39,3.21,1.41,0.51,12.0,0.51,30.77,0.39,0.0,0.0,0.39,0.0,0.13,0.13,0.0,0.0,0.0,0.0,0.0,0.0,0.0,0.77,0.13,0.51,0.0,0.39,0.0,0.0,0.0,0.0,0.13,0.0,0.13,0.0,1.67,33.38,27.22,6.16,81.54,10.14,17.08,10.4,1.54,28.57,1.54,54.55,12,6,701,0.0,0.0,0.9,0.51,14.25,1.41,2.7,35.59,1.8,31.82,0.9,46.67
216,256219,Serie A,AS Roma,Paulo Dybala,Forward,6.8,0.14,0.31,0.36,2.7,1.14,0.71,5.26,1.0,31.82,0.14,0.0,0.0,0.07,0.07,0.0,0.21,0.0,0.07,0.0,0.0,0.0,0.43,0.0,0.71,0.28,0.14,0.0,0.57,0.0,0.0,0.0,0.0,0.07,0.5,0.28,0.0,3.42,44.75,37.35,7.4,83.47,8.82,28.53,17.93,1.85,29.21,2.21,72.09,21,14,1265,0.0,0.0,0.78,2.49,19.0,1.57,4.84,45.03,4.13,45.31,0.71,43.48
217,220223,Serie A,Cagliari,Andrea Belotti,Forward,6.8,0.78,0.74,1.16,2.33,1.55,0.78,33.33,0.39,25.0,0.78,0.0,0.0,0.0,0.78,0.0,1.55,0.39,0.39,0.39,100.0,0.0,0.0,0.0,0.39,1.55,0.78,0.0,0.39,0.0,0.0,0.0,0.0,0.0,0.0,0.0,0.0,0.39,12.03,8.92,3.1,74.19,4.66,4.27,1.55,0.0,0.0,0.0,0.0,8,3,232,0.0,0.0,1.16,3.88,10.47,1.55,6.21,43.24,4.27,50.0,1.94,33.33
219,1511706,Serie A,Genoa,Alexsandro Amorim,Midfielder,6.8,0.0,0.03,0.0,0.37,0.0,0.0,0.0,1.28,77.78,0.0,0.0,0.0,0.0,0.0,0.0,0.18,0.0,0.0,0.0,0.0,0.0,0.0,0.0,2.56,1.46,1.1,0.37,2.2,0.0,0.18,0.18,0.0,0.0,0.18,0.0,0.0,1.65,45.55,38.96,6.59,85.54,21.59,17.38,5.85,0.73,26.67,2.38,48.15,10,5,492,0.18,0.0,1.28,3.29,11.71,1.1,7.32,58.82,7.13,60.0,0.18,33.33
221,43970,Serie A,Cremonese,Marco Silvestri,Goalkeeper,6.8,0.0,0.0,0.0,0.0,0.0,0.0,0.0,0.0,0.0,0.0,0.0,0.0,0.0,0.0,0.0,0.0,0.0,0.0,0.0,0.0,0.0,0.0,0.0,0.0,0.0,1.0,0.0,0.0,0.25,0.0,0.0,0.0,0.0,0.0,0.0,0.0,0.0,35.0,20.0,15.0,57.14,15.5,4.5,1.0,0.0,0.0,5.75,28.05,4,4,360,0.0,0.0,0.0,0.0,15.0,0.0,0.5,100.0,0.0,0.0,0.5,100.0
223,1485292,Serie A,Sassuolo,Pedro Felipe,Defender,6.8,0.0,0.0,0.0,0.0,0.0,0.0,0.0,0.99,100.0,0.0,0.0,0.0,0.0,0.0,0.0,0.0,0.0,0.0,0.0,0.0,0.0,0.0,0.0,1.98,0.0,2.97,0.99,0.99,0.0,0.0,0.0,0.0,0.0,0.99,0.99,0.0,0.99,78.13,72.2,5.93,92.41,51.43,20.77,3.96,0.0,0.0,2.97,50.0,2,1,91,0.0,0.0,0.0,0.0,6.92,0.99,4.95,62.5,2.97,60.0,1.98,66.67
224,1142612,Serie A,Torino,Emirhan İlkhan,Midfielder,6.8,0.09,0.21,0.19,1.04,0.28,0.38,9.09,0.57,50.0,0.09,0.0,0.0,0.0,0.09,0.0,0.0,0.0,0.0,0.0,0.0,0.0,0.0,0.0,2.36,1.23,1.41,0.19,1.04,0.0,0.0,0.0,0.0,0.0,0.19,0.19,0.0,1.04,42.22,35.72,6.5,84.6,18.57,17.15,7.16,0.28,50.0,4.62,69.01,18,12,955,0.19,0.09,0.94,1.7,9.8,1.04,5.84,56.88,4.62,56.98,1.23,56.52
225,1493689,Serie A,Como,Assane Diao,Forward,6.79,0.18,0.22,0.27,2.33,0.81,0.54,7.69,2.42,40.3,0.18,0.0,0.09,0.09,0.0,0.0,0.18,0.0,0.0,0.0,0.0,0.0,0.0,0.0,1.34,0.36,0.63,0.09,0.27,0.0,0.0,0.0,0.0,0.18,0.18,0.09,0.0,0.72,26.84,21.29,5.55,79.33,4.2,17.09,8.86,0.27,11.11,0.45,62.5,16,12,1006,0.18,0.0,1.34,3.31,16.1,2.24,7.69,46.49,6.98,48.75,0.72,32.0
226,1069244,Serie A,Lazio,Tijjani Noslin,Forward,6.79,0.33,0.38,0.25,2.72,0.91,1.4,12.12,1.4,54.84,0.33,0.0,0.08,0.08,0.16,0.08,0.25,0.16,0.0,0.0,0.0,0.0,0.08,0.0,0.58,0.25,0.58,0.25,0.25,0.0,0.0,0.0,0.0,0.08,0.08,0.08,0.0,1.15,28.87,23.35,5.53,80.86,8.58,14.77,7.67,0.33,40.0,1.48,81.82,28,8,1091,0.25,0.08,1.48,1.9,12.21,1.48,5.53,46.21,3.88,47.96,1.65,42.55
227,1128063,Serie A,Juventus,Federico Gatti,Defender,6.79,0.18,0.17,0.09,1.07,0.53,0.36,16.67,0.09,100.0,0.18,0.0,0.09,0.0,0.09,0.0,0.0,0.0,0.0,0.0,0.0,0.0,0.0,0.0,0.98,1.07,4.81,0.45,0.27,0.09,0.18,0.0,0.0,0.18,0.0,0.0,0.0,0.27,54.27,49.28,4.99,90.8,30.65,18.62,6.06,0.0,0.0,2.58,54.72,20,11,1010,0.27,0.0,1.34,0.53,5.97,0.09,3.74,56.76,1.6,50.0,2.14,63.16
228,1090374,Serie A,Lecce,Kialonda Gaspar,Defender,6.79,0.0,0.04,0.05,0.44,0.05,0.25,0.0,0.05,33.33,0.0,0.0,0.0,0.0,0.0,0.0,0.1,0.0,0.0,0.0,0.0,0.0,0.0,0.0,1.13,0.84,6.94,1.03,0.3,0.0,0.25,0.05,0.0,0.34,0.0,0.0,0.0,0.0,38.97,32.87,6.1,84.34,23.08,9.79,1.97,0.0,0.0,2.31,46.08,22,21,1829,0.3,0.05,0.59,1.08,6.89,0.1,4.63,61.84,2.21,68.18,2.41,56.98
229,889785,Serie A,Genoa,Johan Vásquez,Defender,6.79,0.03,0.04,0.03,0.67,0.17,0.36,4.17,0.22,47.06,0.03,0.0,0.0,0.03,0.0,0.0,0.03,0.0,0.0,0.0,0.0,0.0,0.0,0.0,1.65,1.26,4.31,0.78,0.5,0.03,0.0,0.0,0.0,0.22,0.0,0.0,0.0,0.25,55.78,47.73,8.06,85.56,34.19,13.54,5.37,0.14,20.83,2.66,39.58,36,36,3217,0.06,0.0,0.64,1.29,10.16,0.25,5.18,57.28,3.13,66.67,2.04,47.1
230,217784,Serie A,Lazio,Patric,Defender,6.79,0.0,0.04,0.0,0.66,0.0,0.26,0.0,0.26,100.0,0.0,0.0,0.0,0.0,0.0,0.0,0.0,0.0,0.0,0.0,0.0,0.0,0.0,0.0,0.26,0.53,4.22,0.79,0.4,0.0,0.4,0.0,0.0,0.26,0.13,0.0,0.0,0.26,75.35,68.89,6.47,91.42,40.65,28.24,8.58,0.0,0.0,4.22,69.57,14,6,682,0.26,0.0,0.53,0.26,7.65,0.0,2.24,56.67,0.79,46.15,1.45,64.71
231,341143,Serie A,Torino,Giovanni Simeone,Forward,6.78,0.46,0.41,0.54,3.26,1.17,1.25,14.1,0.92,44.0,0.42,0.04,0.08,0.04,0.33,0.08,0.75,0.08,0.0,0.0,0.0,0.0,0.0,0.0,0.63,0.21,0.67,0.08,0.42,0.0,0.0,0.0,0.0,0.0,0.08,0.0,0.0,0.92,17.04,12.36,4.68,72.55,4.93,7.43,4.26,0.04,12.5,0.33,44.44,31,26,2155,0.04,0.0,1.21,1.63,11.53,1.84,4.55,38.52,3.13,41.67,1.42,33.01
232,887275,Serie A,Pisa,Matteo Tramoni,Forward,6.78,0.11,0.18,0.17,1.56,0.5,0.67,7.14,0.45,23.53,0.11,0.0,0.0,0.0,0.11,0.06,0.11,0.0,0.06,0.06,100.0,0.0,0.0,0.0,1.78,0.89,0.56,0.06,1.06,0.0,0.06,0.06,0.0,0.0,0.22,0.11,0.0,1.56,20.23,14.6,5.63,72.18,4.12,10.48,7.13,1.23,32.35,0.84,46.88,27,21,1615,0.17,0.0,0.84,0.84,12.98,1.0,3.73,44.08,3.07,41.67,0.67,60.0
233,233826,Serie A,Torino,Valentino Lazaro,Midfielder,6.78,0.0,0.02,0.0,0.32,0.08,0.12,0.0,0.44,44.0,0.0,0.0,0.0,0.0,0.0,0.0,0.04,0.0,0.0,0.0,0.0,0.0,0.0,0.0,1.87,0.87,1.99,0.32,0.84,0.0,0.0,0.0,0.0,0.28,0.28,0.08,0.0,1.23,33.57,26.65,6.92,79.38,12.89,13.76,7.72,1.47,27.21,1.79,44.55,31,26,2263,0.16,0.0,1.47,0.36,13.92,0.12,3.26,45.56,2.66,47.52,0.6,38.46
234,351434,Serie A,Udinese,Hassane Kamara,Midfielder,6.78,0.0,0.03,0.05,0.77,0.24,0.39,0.0,0.82,53.13,0.0,0.0,0.0,0.0,0.0,0.1,0.0,0.0,0.0,0.0,0.0,0.0,0.0,0.0,1.49,1.11,2.79,0.14,0.39,0.0,0.05,0.05,0.0,0.19,0.29,0.1,0.05,1.16,35.35,28.89,6.45,81.74,13.92,14.98,7.51,0.82,20.73,1.44,40.0,26,22,1869,0.24,0.0,0.77,0.53,14.16,0.53,3.71,57.04,2.84,55.66,0.87,62.07
235,989186,Serie A,Como,Ignace Van der Brempt,Defender,6.78,0.0,0.02,0.0,0.29,0.0,0.19,0.0,0.58,40.0,0.0,0.0,0.0,0.0,0.0,0.0,0.0,0.0,0.0,0.0,0.0,0.0,0.0,0.0,2.71,0.78,1.84,0.0,0.68,0.0,0.0,0.0,0.0,0.19,0.1,0.1,0.0,0.48,44.47,37.98,6.49,85.4,19.28,18.7,9.4,0.19,18.18,1.07,36.67,19,11,929,0.19,0.0,1.84,1.45,12.79,0.29,5.81,55.56,4.75,57.65,1.07,47.83
236,1133236,Serie A,Hellas Verona,Tobias Slotsager,Defender,6.78,0.0,0.03,0.0,0.61,0.2,0.2,0.0,0.0,0.0,0.0,0.0,0.0,0.0,0.0,0.0,0.0,0.0,0.0,0.0,0.0,0.0,0.0,0.0,2.84,0.61,6.91,0.81,0.41,0.2,0.0,0.0,0.0,0.41,0.0,0.0,0.0,0.0,46.12,35.76,10.36,77.53,21.53,14.22,4.88,0.2,50.0,1.83,25.71,8,4,443,0.0,0.0,0.61,1.02,11.58,0.0,8.13,80.0,3.86,79.17,4.27,80.77
237,870263,Serie A,SSC Napoli,Alessandro Buongiorno,Defender,6.78,0.0,0.05,0.11,0.29,0.11,0.11,0.0,0.04,20.0,0.0,0.0,0.0,0.0,0.0,0.04,0.04,0.0,0.0,0.0,0.0,0.0,0.0,0.0,1.18,1.43,4.04,0.43,0.43,0.04,0.04,0.07,0.0,0.29,0.0,0.04,0.0,0.11,66.06,60.1,5.97,90.97,39.09,21.01,6.22,0.07,33.33,0.96,32.14,33,28,2519,0.11,0.0,1.79,0.93,6.79,0.07,4.79,56.54,2.11,48.36,2.68,65.22
238,35428,Serie A,Lazio,Pedro,Forward,6.77,0.39,0.23,0.0,1.93,0.87,0.68,20.0,1.25,56.52,0.29,0.1,0.0,0.1,0.29,0.0,0.0,0.0,0.19,0.19,100.0,0.0,0.0,0.0,0.96,0.29,0.39,0.0,0.96,0.0,0.19,0.0,0.0,0.0,0.48,0.19,0.0,1.64,42.93,37.23,5.69,86.74,12.83,24.41,12.06,0.68,25.0,1.83,65.52,28,8,933,0.39,0.0,0.87,2.22,11.09,1.06,4.44,52.27,4.34,54.22,0.1,20.0
240,1093695,Serie A,Genoa,Vitinha,Forward,6.77,0.2,0.25,0.32,2.6,0.8,0.84,7.69,1.44,31.86,0.16,0.04,0.0,0.0,0.2,0.04,0.56,0.04,0.0,0.0,0.0,0.0,0.04,0.0,1.56,0.56,1.16,0.2,0.84,0.04,0.0,0.0,0.0,0.04,0.2,0.04,0.0,0.68,15.81,10.58,5.23,66.92,3.35,7.23,4.23,0.56,21.21,0.6,44.12,35,28,2254,0.2,0.0,1.36,2.72,16.21,1.6,8.03,45.07,5.71,45.83,2.32,43.28
241,346948,Serie A,Pisa,Stefano Moreo,Forward,6.77,0.24,0.22,0.2,2.02,0.77,1.01,12.0,0.48,48.0,0.2,0.04,0.04,0.08,0.12,0.12,0.2,0.0,0.08,0.08,100.0,0.0,0.0,0.0,0.69,0.85,2.02,0.16,0.4,0.04,0.0,0.0,0.0,0.04,0.2,0.04,0.0,0.93,21.06,12.51,8.55,59.39,4.03,8.47,5.04,0.12,11.54,0.69,40.48,36,28,2231,0.08,0.0,0.89,0.81,12.99,0.36,5.81,51.99,1.98,49.49,3.83,53.37
242,1065261,Serie A,Bologna,Jonathan Rowe,Forward,6.77,0.18,0.23,0.36,2.72,1.01,0.95,6.52,2.78,53.41,0.18,0.0,0.0,0.06,0.12,0.12,0.24,0.0,0.0,0.0,0.0,0.0,0.0,0.0,1.12,0.36,0.18,0.0,0.47,0.0,0.06,0.0,0.0,0.0,0.3,0.12,0.0,1.18,21.36,17.22,4.14,80.61,4.08,13.14,7.81,0.71,23.53,0.47,29.63,27,16,1521,0.12,0.0,1.36,2.72,13.55,1.72,7.51,50.0,6.57,52.61,0.95,37.21
243,1016788,Serie A,Torino,Cesare Casadei,Midfielder,6.77,0.23,0.18,0.19,1.53,0.69,0.51,15.15,0.56,52.17,0.19,0.05,0.14,0.05,0.05,0.0,0.09,0.0,0.0,0.0,0.0,0.0,0.0,0.0,1.67,0.46,1.8,0.14,0.83,0.0,0.0,0.05,0.0,0.23,0.14,0.0,0.0,0.74,33.87,25.45,8.42,75.14,10.64,14.81,7.08,0.05,25.0,0.83,45.0,32,19,1945,0.23,0.0,2.36,0.69,12.4,0.93,7.63,53.4,2.92,39.62,4.72,68.0
244,1823916,Serie A,Sassuolo,Darryl Bakola,Midfielder,6.77,0.0,0.05,0.0,1.88,0.62,0.62,0.0,1.88,50.0,0.0,0.0,0.0,0.0,0.0,0.0,0.0,0.0,0.0,0.0,0.0,0.0,0.0,0.0,5.0,0.62,0.0,0.0,1.25,0.0,0.0,0.0,0.0,0.0,0.62,0.62,0.0,1.88,38.75,30.62,8.12,79.03,10.0,20.62,14.37,0.0,0.0,0.62,20.0,6,1,144,0.0,0.0,1.25,1.88,15.0,0.62,10.0,64.0,8.75,63.64,1.25,66.67
245,895868,Serie A,Parma,Nahuel Estévez,Midfielder,6.77,0.0,0.05,0.09,0.78,0.09,0.17,0.0,0.0,0.0,0.0,0.0,0.0,0.0,0.0,0.0,0.0,0.0,0.0,0.0,0.0,0.0,0.0,0.0,1.55,0.52,4.05,0.34,0.78,0.0,0.0,0.0,0.0,0.34,0.17,0.09,0.0,1.12,46.21,36.03,10.17,77.99,16.81,19.22,7.84,1.03,27.91,2.59,42.25,32,9,1044,0.26,0.0,0.95,1.12,14.14,0.34,5.43,55.75,2.59,55.56,2.84,55.93
246,227894,Serie A,Udinese,Jesper Karlström,Midfielder,6.77,0.03,0.02,0.0,0.55,0.06,0.23,5.26,0.29,47.62,0.03,0.0,0.0,0.0,0.03,0.0,0.03,0.0,0.0,0.0,0.0,0.0,0.0,0.0,1.51,0.99,2.18,0.47,0.47,0.06,0.06,0.03,0.0,0.29,0.03,0.0,0.0,0.47,38.73,31.45,7.27,81.22,16.03,15.42,6.2,0.06,14.29,1.54,37.86,35,35,3093,0.15,0.0,1.13,0.87,9.31,0.38,3.46,53.36,2.59,53.29,0.87,53.57
247,1034082,Serie A,Milan,Ardon Jashari,Midfielder,6.77,0.0,0.03,0.0,0.98,0.28,0.56,0.0,0.56,33.33,0.0,0.0,0.0,0.0,0.0,0.0,0.0,0.0,0.0,0.0,0.0,0.0,0.0,0.0,1.96,0.7,0.7,0.14,0.7,0.0,0.14,0.0,0.0,0.0,0.28,0.14,0.0,1.26,56.88,51.85,5.03,91.15,22.78,29.07,13.56,0.56,40.0,2.52,78.26,13,6,644,0.0,0.0,1.54,0.98,10.2,0.98,3.77,42.19,3.49,45.45,0.28,22.22
248,980624,Serie A,Atalanta,Lazar Samardžić,Midfielder,6.77,0.19,0.26,0.28,2.05,0.65,0.93,9.09,1.3,45.16,0.19,0.0,0.09,0.09,0.0,0.28,0.09,0.0,0.0,0.0,0.0,0.0,0.09,0.0,1.12,0.75,0.75,0.0,0.56,0.0,0.0,0.0,0.0,0.09,0.19,0.09,0.0,2.52,45.0,37.55,7.45,83.44,8.57,28.98,19.66,1.77,27.54,4.38,79.66,25,10,966,0.09,0.0,1.58,0.84,19.01,1.86,3.73,33.61,3.17,37.36,0.56,21.43
249,1068286,Serie A,Udinese,Rui Modesto,Midfielder,6.77,0.0,0.02,0.0,0.78,0.78,0.0,0.0,0.0,0.0,0.0,0.0,0.0,0.0,0.0,0.0,0.0,0.0,0.0,0.0,0.0,0.0,0.0,0.0,4.66,0.78,1.55,0.0,0.78,0.0,0.0,0.0,0.0,0.0,0.78,0.78,0.0,1.55,34.14,24.83,9.31,72.73,10.09,14.74,10.09,1.55,40.0,0.78,25.0,3,0,116,0.0,0.0,0.0,0.0,18.62,1.55,5.43,43.75,4.66,50.0,0.78,25.0
250,847467,Serie A,Fiorentina,Marin Pongračić,Defender,6.77,0.0,0.02,0.0,0.25,0.03,0.12,0.0,0.5,72.73,0.0,0.0,0.0,0.0,0.0,0.0,0.0,0.0,0.0,0.0,0.0,0.0,0.0,0.0,0.96,1.09,3.98,0.81,0.19,0.0,0.03,0.0,0.0,0.22,0.03,0.0,0.0,0.25,58.68,53.77,4.91,91.63,36.91,16.86,4.23,0.03,25.0,2.43,57.78,34,33,2894,0.37,0.0,2.15,0.65,6.16,0.16,3.64,48.55,2.11,44.44,1.52,55.68
251,1085913,Serie A,Bologna,Martin Vitík,Defender,6.77,0.0,0.02,0.07,0.54,0.14,0.2,0.0,0.14,66.67,0.0,0.0,0.0,0.0,0.0,0.0,0.0,0.0,0.0,0.0,0.0,0.0,0.0,0.0,2.45,0.68,6.32,0.48,0.41,0.0,0.07,0.0,0.0,0.27,0.0,0.0,0.0,0.2,49.69,43.71,5.98,87.96,29.91,13.8,4.15,0.0,0.0,1.43,29.58,19,14,1324,0.2,0.0,1.56,0.27,6.93,0.27,5.78,55.92,2.85,56.0,2.92,55.84
252,945616,Serie A,Lecce,Antonino Gallo,Defender,6.76,0.0,0.01,0.06,0.15,0.03,0.09,0.0,0.39,52.0,0.0,0.0,0.0,0.0,0.0,0.03,0.0,0.0,0.0,0.0,0.0,0.0,0.03,0.0,1.76,0.45,3.64,0.15,0.7,0.0,0.09,0.0,0.0,0.24,0.12,0.12,0.0,1.03,33.45,23.59,9.86,70.53,10.16,13.43,7.52,1.12,27.82,2.37,34.36,36,33,2968,0.09,0.0,0.21,0.39,16.98,0.24,3.34,60.11,2.55,62.69,0.79,53.06
253,970998,Serie A,Genoa,Patrizio Masini,Midfielder,6.76,0.0,0.1,0.13,1.07,0.27,0.4,0.0,0.13,25.0,0.0,0.0,0.0,0.0,0.0,0.07,0.0,0.0,0.0,0.0,0.0,0.0,0.0,0.0,4.21,1.67,2.94,0.53,0.73,0.0,0.0,0.0,0.0,0.13,0.07,0.07,0.0,0.6,35.35,26.06,9.29,73.72,12.49,13.56,5.68,0.2,21.43,1.27,42.22,27,12,1347,0.33,0.0,2.47,2.74,13.76,1.14,8.55,54.47,7.08,60.92,1.47,36.07
254,804621,Serie A,Lecce,Lassana Coulibaly,Midfielder,6.76,0.1,0.1,0.07,0.9,0.28,0.45,11.54,0.83,57.14,0.1,0.0,0.07,0.0,0.03,0.03,0.03,0.0,0.0,0.0,0.0,0.0,0.0,0.0,1.66,0.28,1.07,0.21,0.93,0.03,0.0,0.0,0.0,0.21,0.07,0.03,0.0,0.73,26.36,21.56,4.8,81.78,8.12,13.44,7.08,0.1,15.79,1.42,63.08,32,30,2605,0.14,0.0,1.21,1.8,8.67,0.9,5.49,53.0,4.28,54.63,1.21,47.95
255,983601,Serie A,Hellas Verona,Kieron Bowie,Forward,6.76,0.32,0.28,0.24,2.34,0.73,1.05,13.79,0.4,38.46,0.24,0.08,0.0,0.32,0.0,0.0,0.24,0.08,0.0,0.0,0.0,0.0,0.0,0.0,0.73,0.0,0.57,0.24,0.08,0.0,0.0,0.0,0.0,0.16,0.08,0.0,0.0,1.05,15.19,10.58,4.61,69.68,2.59,8.0,4.77,0.0,0.0,0.57,53.85,13,13,1114,0.08,0.0,2.59,1.78,11.63,1.45,5.25,37.36,2.91,38.3,2.34,36.25
256,893640,Serie A,Lecce,Riccardo Sottil,Forward,6.76,0.08,0.06,0.0,1.68,0.25,0.59,5.0,1.09,33.33,0.0,0.08,0.0,0.0,0.08,0.0,0.34,0.0,0.0,0.0,0.0,0.0,0.5,0.0,0.34,0.17,0.42,0.0,0.42,0.0,0.0,0.0,0.0,0.0,0.5,0.17,0.0,2.01,20.99,17.29,3.69,82.4,3.78,13.52,9.91,2.1,25.0,0.76,60.0,21,13,1072,0.08,0.0,0.84,2.27,16.71,1.51,3.95,39.83,3.69,42.72,0.25,20.0
257,356032,Serie A,Sassuolo,Filippo Romagna,Defender,6.76,0.0,0.01,0.0,0.57,0.0,0.57,0.0,0.0,0.0,0.0,0.0,0.0,0.0,0.0,0.0,0.0,0.0,0.0,0.0,0.0,0.0,0.0,0.0,0.29,1.43,3.43,1.43,0.86,0.0,0.0,0.0,0.0,0.0,0.0,0.0,0.0,0.0,52.29,47.14,5.14,90.16,36.29,10.86,3.43,0.0,0.0,3.14,45.83,5,4,315,0.0,0.0,0.0,0.29,6.29,0.0,1.43,45.45,0.57,40.0,0.86,50.0
258,983815,Serie A,Atalanta,Yunus Musah,Midfielder,6.76,0.16,0.09,0.0,0.95,0.16,0.63,16.67,2.22,70.0,0.16,0.0,0.0,0.0,0.16,0.0,0.48,0.0,0.0,0.0,0.0,0.0,0.0,0.0,1.58,0.63,0.95,0.32,0.79,0.0,0.0,0.0,0.0,0.32,0.16,0.0,0.0,0.48,49.12,43.26,5.86,88.06,15.69,27.57,13.31,0.79,45.45,1.9,75.0,19,4,568,0.16,0.0,1.43,2.69,11.41,1.43,7.29,52.87,6.5,58.57,0.79,29.41
259,826326,Serie A,Pisa,Idrissa Touré,Midfielder,6.76,0.04,0.11,0.16,1.14,0.31,0.55,3.45,0.83,47.73,0.04,0.0,0.04,0.0,0.0,0.04,0.2,0.04,0.0,0.0,0.0,0.0,0.0,0.0,1.69,0.91,3.07,0.31,0.91,0.08,0.04,0.0,0.0,0.16,0.24,0.0,0.0,0.79,26.34,17.32,9.02,65.77,7.95,9.37,5.31,0.43,16.67,1.02,40.0,32,26,2286,0.16,0.04,0.91,0.75,16.5,0.98,8.74,54.68,3.19,47.37,5.55,60.0
260,1155625,Serie A,Sassuolo,Cristian Volpato,Midfielder,6.76,0.17,0.14,0.17,1.76,0.59,0.59,9.52,1.92,43.4,0.0,0.17,0.0,0.17,0.0,0.17,0.0,0.0,0.0,0.0,0.0,0.0,0.0,0.0,1.34,0.42,0.84,0.08,0.59,0.0,0.0,0.0,0.0,0.0,0.5,0.33,0.0,1.92,33.46,26.68,6.78,79.75,11.04,15.64,9.62,1.25,31.25,1.51,56.25,23,11,1076,0.33,0.0,1.51,0.92,17.15,1.92,4.6,38.73,4.18,39.06,0.42,35.71
261,1002564,Serie A,Cremonese,Mikayil Faye,Defender,6.76,0.0,0.01,0.0,0.72,0.0,0.0,0.0,1.08,100.0,0.0,0.0,0.0,0.0,0.0,0.0,0.0,0.0,0.0,0.0,0.0,0.0,0.0,0.0,2.52,2.16,2.52,0.72,0.72,0.0,0.0,0.0,0.0,0.0,0.36,0.0,0.0,0.36,44.64,34.92,9.72,78.23,20.88,14.04,3.96,0.0,0.0,2.88,50.0,8,2,250,0.36,0.0,0.72,1.44,13.32,0.36,6.12,58.62,5.04,73.68,1.08,30.0
262,14718,Serie A,Bologna,Lorenzo De Silvestri,Defender,6.76,0.0,0.0,0.0,0.0,0.0,0.0,0.0,0.21,100.0,0.0,0.0,0.0,0.0,0.0,0.0,0.0,0.0,0.0,0.0,0.0,0.0,0.0,0.0,0.41,1.24,4.94,0.62,0.21,0.0,0.0,0.0,0.0,0.0,0.0,0.0,0.0,1.03,33.57,28.63,4.94,85.28,18.33,10.3,4.12,0.62,60.0,2.06,62.5,11,5,437,0.41,0.0,1.44,0.62,7.83,0.21,2.68,52.0,1.24,40.0,1.44,70.0
263,1030829,Serie A,Torino,Gvidas Gineitis,Midfielder,6.75,0.0,0.05,0.0,1.36,0.26,0.63,0.0,0.89,58.62,0.0,0.0,0.0,0.0,0.0,0.0,0.05,0.0,0.0,0.0,0.0,0.0,0.21,0.0,2.2,1.15,1.41,0.52,0.52,0.1,0.0,0.0,0.0,0.05,0.26,0.05,0.0,1.36,29.34,22.37,6.97,76.25,9.9,12.47,6.5,1.15,34.92,1.2,37.7,28,22,1718,0.26,0.0,2.2,1.68,13.04,0.68,6.13,53.92,4.71,54.88,1.41,50.94
264,911350,Serie A,Lecce,Lameck Banda,Midfielder,6.75,0.21,0.12,0.05,1.86,0.64,0.48,11.43,1.7,38.55,0.16,0.05,0.0,0.05,0.16,0.0,0.16,0.0,0.0,0.0,0.0,0.05,0.16,33.33,1.43,0.37,0.69,0.0,0.9,0.0,0.0,0.0,0.0,0.0,0.32,0.21,0.0,1.22,17.95,14.39,3.56,80.18,3.88,10.51,6.32,0.74,16.28,0.32,50.0,31,20,1695,0.32,0.05,2.28,2.55,16.41,1.91,6.27,41.99,5.68,42.63,0.58,36.67
265,803033,Serie A,Juventus,Teun Koopmeiners,Midfielder,6.75,0.0,0.07,0.1,1.39,0.35,0.45,0.0,0.25,55.56,0.0,0.0,0.0,0.0,0.0,0.05,0.15,0.0,0.0,0.0,0.0,0.0,0.25,0.0,1.64,0.9,1.94,0.35,0.8,0.0,0.1,0.0,0.0,0.15,0.0,0.0,0.0,0.85,57.41,52.19,5.22,90.9,23.83,28.36,12.74,0.6,26.09,2.04,57.75,32,18,1809,0.25,0.0,1.64,0.55,8.66,0.15,3.98,50.96,2.39,47.06,1.59,58.18
266,805078,Serie A,SSC Napoli,Mathías Olivera,Defender,6.75,0.0,0.09,0.14,0.54,0.2,0.34,0.0,0.14,40.0,0.0,0.0,0.0,0.0,0.0,0.0,0.0,0.0,0.0,0.0,0.0,0.0,0.0,0.0,2.85,0.95,1.29,0.27,0.41,0.0,0.07,0.0,0.0,0.14,0.0,0.0,0.0,0.68,71.92,65.26,6.66,90.74,36.23,29.03,13.05,0.14,33.33,1.36,44.44,24,14,1324,0.2,0.0,1.09,0.61,8.7,0.41,5.85,62.32,3.6,63.86,2.24,60.0
267,215246,Serie A,Cremonese,Franco Vázquez,Forward,6.75,0.17,0.24,0.0,2.04,0.68,1.02,8.33,0.85,41.67,0.17,0.0,0.0,0.0,0.17,0.34,0.0,0.0,0.0,0.0,0.0,0.0,0.17,0.0,3.23,0.68,1.02,0.17,1.19,0.0,0.0,0.0,0.0,0.17,0.68,0.34,0.0,1.7,33.69,26.37,7.32,78.28,9.19,17.18,9.36,0.85,26.32,1.7,71.43,15,4,529,0.17,0.0,1.53,2.72,16.5,2.89,8.17,46.15,6.81,50.63,1.36,32.0
268,1086223,Serie A,Inter,Ange-Yoan Bonny,Forward,6.75,0.4,0.3,0.24,1.77,0.72,0.64,22.73,1.61,51.28,0.4,0.0,0.08,0.08,0.24,0.0,0.72,0.08,0.0,0.0,0.0,0.0,0.0,0.0,1.37,0.08,0.4,0.0,0.24,0.0,0.0,0.08,0.0,0.0,0.56,0.32,0.0,1.37,21.07,16.65,4.42,79.01,4.26,12.39,8.2,0.16,33.33,0.4,83.33,32,10,1119,0.08,0.0,1.29,1.85,12.55,3.3,5.71,42.26,4.83,43.17,0.88,37.93
269,824200,Serie A,Atalanta,Ademola Lookman,Forward,6.75,0.23,0.3,0.56,3.05,0.9,0.56,7.41,1.81,53.33,0.23,0.0,0.0,0.11,0.11,0.0,0.45,0.0,0.0,0.0,0.0,0.0,0.0,0.0,0.56,0.34,0.0,0.0,0.23,0.0,0.0,0.0,0.0,0.0,0.45,0.0,0.11,2.03,27.1,21.57,5.53,79.58,5.31,16.26,10.28,0.68,30.0,0.45,66.67,12,9,797,0.0,0.0,1.13,0.9,12.53,1.24,3.5,44.29,3.16,43.75,0.34,50.0
271,352736,Serie A,Cremonese,Sebastiano Luperto,Defender,6.75,0.03,0.02,0.03,0.34,0.15,0.09,9.09,0.15,100.0,0.03,0.0,0.03,0.0,0.0,0.0,0.03,0.0,0.0,0.0,0.0,0.0,0.0,0.0,1.08,0.92,4.74,0.58,0.28,0.0,0.0,0.0,0.0,0.25,0.12,0.03,0.0,0.18,49.2,43.48,5.72,88.38,33.55,9.93,2.92,0.06,18.18,2.03,40.74,33,33,2927,0.12,0.0,0.95,0.86,6.73,0.15,2.98,53.3,2.06,59.82,0.92,42.86
272,874812,Serie A,Hellas Verona,Martin Frese,Defender,6.75,0.08,0.07,0.04,0.81,0.42,0.27,9.52,0.0,0.0,0.04,0.04,0.0,0.04,0.04,0.04,0.15,0.0,0.0,0.0,0.0,0.0,0.12,0.0,3.07,1.08,3.19,0.38,0.85,0.0,0.04,0.0,0.04,0.08,0.15,0.0,0.04,1.19,27.02,20.29,6.73,75.11,11.07,9.22,4.77,0.73,26.76,1.19,32.63,30,26,2342,0.31,0.0,1.77,0.77,13.37,0.12,5.34,58.9,3.84,57.14,1.5,63.93
273,1142238,Serie A,Como,Álex Valle,Defender,6.75,0.04,0.05,0.0,0.49,0.09,0.22,9.09,0.22,26.32,0.04,0.0,0.0,0.0,0.04,0.0,0.04,0.0,0.0,0.0,0.0,0.0,0.0,0.0,2.27,1.02,2.31,0.31,1.02,0.0,0.0,0.0,0.0,0.44,0.13,0.18,0.0,0.62,45.02,38.04,6.98,84.5,17.24,20.8,8.8,0.49,23.91,0.98,35.48,28,23,2025,0.13,0.0,1.51,0.84,11.51,0.31,4.13,50.54,3.33,50.0,0.8,52.94
274,876259,Serie A,Parma,Hans Nicolussi Caviglia,Midfielder,6.74,0.0,0.05,0.0,1.11,0.13,0.33,0.0,0.72,52.38,0.0,0.0,0.0,0.0,0.0,0.0,0.0,0.0,0.0,0.0,0.0,0.0,0.2,0.0,1.63,0.39,1.63,0.2,0.85,0.0,0.07,0.0,0.0,0.0,0.26,0.26,0.0,1.11,47.08,39.67,7.41,84.25,19.51,20.16,7.74,0.85,25.49,2.47,53.52,25,16,1384,0.26,0.0,1.43,1.5,13.59,1.76,4.49,46.0,3.84,45.74,0.65,47.62
275,186845,Serie A,Cremonese,Alberto Grassi,Midfielder,6.74,0.0,0.06,0.05,0.7,0.21,0.32,0.0,0.43,88.89,0.0,0.0,0.0,0.0,0.0,0.0,0.0,0.0,0.0,0.0,0.0,0.0,0.0,0.0,1.18,1.6,2.94,0.48,0.59,0.0,0.11,0.11,0.0,0.21,0.0,0.0,0.05,0.43,44.65,38.07,6.58,85.27,21.98,16.1,5.24,0.0,0.0,1.71,36.78,29,17,1683,0.21,0.0,0.86,1.5,7.97,0.43,3.9,60.83,3.05,61.96,0.86,57.14
276,98212,Serie A,Bologna,Charalampos Lykogiannis,Defender,6.74,0.0,0.03,0.0,1.0,0.29,0.29,0.0,0.43,60.0,0.0,0.0,0.0,0.0,0.0,0.0,0.0,0.0,0.0,0.0,0.0,0.0,0.14,0.0,2.01,0.72,2.44,0.43,0.43,0.0,0.0,0.0,0.0,0.14,0.14,0.14,0.0,1.87,42.49,32.73,9.76,77.03,15.22,17.51,8.61,2.01,31.11,1.87,28.89,10,7,627,0.43,0.0,1.15,0.14,19.81,0.57,3.59,50.0,2.58,52.94,1.0,43.75
277,1034303,Serie A,Cremonese,Filippo Terracciano,Defender,6.74,0.06,0.06,0.06,0.43,0.12,0.15,14.29,0.15,41.67,0.06,0.0,0.06,0.0,0.0,0.0,0.0,0.0,0.0,0.0,0.0,0.0,0.0,0.0,1.01,1.66,3.53,0.71,0.25,0.03,0.12,0.0,0.06,0.34,0.03,0.0,0.0,0.34,47.1,40.65,6.45,86.3,25.23,15.43,5.65,0.09,10.71,2.18,47.33,35,32,2929,0.18,0.0,0.52,0.77,9.65,0.09,3.23,61.76,1.91,64.58,1.32,58.11
278,928103,Serie A,Parma,Enrico Delprato,Defender,6.74,0.06,0.06,0.12,0.55,0.27,0.18,11.11,0.15,55.56,0.06,0.0,0.03,0.0,0.03,0.0,0.18,0.0,0.0,0.0,0.0,0.0,0.0,0.0,1.1,0.73,3.32,0.67,0.52,0.0,0.0,0.0,0.0,0.27,0.03,0.0,0.0,0.21,34.07,29.35,4.72,86.14,18.29,11.06,4.3,0.15,26.32,1.43,36.72,35,34,2953,0.15,0.0,0.49,0.3,7.31,0.12,2.59,52.8,1.55,56.04,1.04,48.57
279,1384847,Serie A,AS Roma,Daniele Ghilardi,Defender,6.74,0.0,0.02,0.09,0.17,0.0,0.09,0.0,0.26,60.0,0.0,0.0,0.0,0.0,0.0,0.0,0.0,0.0,0.0,0.0,0.0,0.0,0.0,0.0,2.24,1.64,4.66,0.43,1.03,0.0,0.09,0.0,0.0,0.34,0.0,0.0,0.09,0.34,48.02,40.69,7.33,84.74,20.6,20.09,7.16,0.0,0.0,2.84,47.83,22,8,1044,0.09,0.0,1.98,1.47,9.4,0.52,6.12,54.62,3.97,52.87,2.16,58.14
280,846148,Serie A,Hellas Verona,Victor Nelsson,Defender,6.74,0.0,0.01,0.03,0.22,0.03,0.17,0.0,0.08,100.0,0.0,0.0,0.0,0.0,0.0,0.0,0.0,0.0,0.0,0.0,0.0,0.0,0.0,0.0,2.01,1.84,7.12,0.64,0.56,0.03,0.06,0.03,0.03,0.17,0.0,0.0,0.0,0.08,33.74,28.49,5.25,84.45,19.53,8.96,2.07,0.0,0.0,1.12,32.0,37,36,3225,0.11,0.0,1.23,0.56,6.14,0.0,6.08,64.69,2.6,60.39,3.49,68.31
281,76132,Serie A,Cremonese,Milan Đurić,Forward,6.74,0.0,0.16,0.0,2.73,0.91,1.27,0.0,0.18,33.33,0.0,0.0,0.0,0.0,0.0,0.0,0.36,0.0,0.0,0.0,0.0,0.0,0.0,0.0,0.18,0.0,1.82,0.0,0.18,0.0,0.0,0.0,0.0,0.0,0.36,0.18,0.0,0.91,28.91,13.45,15.45,46.54,2.73,10.73,6.73,0.0,0.0,0.55,60.0,23,3,495,0.36,0.0,1.09,1.64,18.73,0.36,15.27,71.79,1.82,47.62,13.45,77.08
282,1002045,Serie A,Lecce,Danilo Veiga,Defender,6.74,0.0,0.01,0.0,0.18,0.06,0.09,0.0,0.58,31.15,0.0,0.0,0.0,0.0,0.0,0.0,0.03,0.0,0.0,0.0,0.0,0.0,0.03,0.0,2.92,0.95,4.08,0.43,0.58,0.03,0.09,0.0,0.0,0.25,0.03,0.03,0.0,0.61,29.87,21.03,8.84,70.4,8.93,12.09,6.6,0.49,18.6,1.63,37.59,35,32,2932,0.28,0.0,1.32,1.41,17.4,0.92,6.42,53.59,4.91,54.79,1.5,50.0
283,1116577,Serie A,Bologna,Santiago Castro,Forward,6.74,0.28,0.27,0.32,2.37,0.79,1.11,11.67,0.59,44.12,0.28,0.0,0.0,0.08,0.2,0.08,0.4,0.08,0.0,0.0,0.0,0.0,0.0,0.0,0.36,0.04,1.11,0.08,0.16,0.0,0.0,0.0,0.0,0.08,0.16,0.08,0.0,1.11,14.75,11.23,3.52,76.14,4.07,7.16,4.19,0.0,0.0,0.99,73.53,34,25,2276,0.12,0.0,1.34,1.98,9.57,1.7,4.94,44.01,2.93,44.05,2.02,43.97
284,976025,Serie A,Hellas Verona,Armel Bella-Kotchap,Defender,6.74,0.0,0.01,0.0,0.2,0.0,0.14,0.0,0.07,25.0,0.0,0.0,0.0,0.0,0.0,0.0,0.0,0.0,0.0,0.0,0.0,0.0,0.0,0.0,1.29,2.18,5.71,1.02,0.27,0.07,0.0,0.07,0.0,0.07,0.0,0.0,0.0,0.07,37.14,31.29,5.85,84.25,22.04,9.25,2.72,0.0,0.0,1.56,37.7,18,14,1323,0.2,0.0,1.5,1.09,6.73,0.07,4.97,66.97,2.38,55.56,2.59,82.61
285,988037,Serie A,Juventus,Juan Cabal,Defender,6.74,0.61,0.24,0.0,1.52,0.61,0.61,40.0,0.3,100.0,0.61,0.0,0.3,0.3,0.0,0.0,0.61,0.0,0.0,0.0,0.0,0.0,0.0,0.0,2.74,1.22,1.82,0.0,1.52,0.0,0.0,0.0,0.0,0.0,0.61,0.0,0.0,0.61,40.74,32.84,7.91,80.6,15.2,17.64,8.51,0.0,0.0,0.91,27.27,12,2,296,0.3,0.0,1.22,0.3,13.68,1.22,4.56,42.86,3.34,45.83,1.22,36.36
286,1409700,Serie A,Milan,Zachary Athekame,Defender,6.73,0.22,0.04,0.0,1.31,0.44,0.55,16.67,0.44,36.36,0.0,0.22,0.0,0.11,0.11,0.0,0.22,0.0,0.0,0.0,0.0,0.0,0.0,0.0,1.42,0.33,2.3,0.0,0.55,0.0,0.22,0.0,0.0,0.0,0.44,0.22,0.0,1.31,37.45,30.0,7.45,80.12,12.15,17.85,9.09,1.31,27.27,1.2,34.38,26,7,822,0.33,0.0,1.75,1.2,14.56,0.55,4.16,51.35,3.07,49.12,1.09,58.82
287,886243,Serie A,Sassuolo,Sebastian Walukiewicz,Defender,6.73,0.0,0.01,0.0,0.22,0.0,0.13,0.0,0.66,58.33,0.0,0.0,0.0,0.0,0.0,0.0,0.03,0.0,0.0,0.0,0.0,0.0,0.0,0.0,1.58,0.79,3.4,0.32,0.38,0.0,0.03,0.0,0.0,0.19,0.06,0.03,0.0,0.66,39.03,33.38,5.64,85.54,20.08,13.3,5.89,0.6,41.3,1.36,47.78,34,33,2855,0.22,0.0,1.1,0.41,9.3,0.38,3.47,51.64,2.65,53.16,0.82,47.27
288,1138856,Serie A,Udinese,Adam Buksa,Forward,6.73,0.3,0.21,0.2,1.21,0.6,0.2,25.0,0.2,20.0,0.3,0.0,0.0,0.3,0.0,0.0,0.3,0.0,0.0,0.0,0.0,0.0,0.0,0.0,1.01,0.2,1.21,0.0,0.6,0.0,0.0,0.0,0.0,0.0,0.2,0.0,0.0,1.11,17.8,10.86,6.94,61.02,2.51,8.35,4.32,0.1,50.0,0.3,75.0,24,6,895,0.2,0.0,2.31,1.61,12.17,1.11,7.94,47.88,2.61,37.68,5.33,55.21
289,1530540,Serie A,Bologna,Massimo Pessina,Goalkeeper,6.73,0.0,0.0,0.0,0.0,0.0,0.0,0.0,0.0,0.0,0.0,0.0,0.0,0.0,0.0,0.0,0.0,0.0,0.0,0.0,0.0,0.0,0.0,0.0,0.0,0.0,2.56,0.0,0.0,0.0,0.26,0.0,0.0,0.51,0.0,0.0,0.0,0.0,34.77,23.01,11.76,66.18,20.45,2.56,0.51,0.0,0.0,4.86,30.16,4,3,352,0.0,0.0,0.0,0.26,11.76,0.0,0.51,100.0,0.26,100.0,0.26,100.0
290,769333,Serie A,Milan,Christopher Nkunku,Forward,6.73,0.48,0.64,0.48,1.91,1.03,0.55,25.0,0.55,32.0,0.48,0.0,0.0,0.0,0.48,0.14,0.55,0.27,0.34,0.34,100.0,0.0,0.0,0.0,0.34,0.14,0.48,0.07,0.21,0.0,0.0,0.0,0.0,0.07,0.21,0.21,0.0,1.03,22.36,19.9,2.46,88.99,5.68,14.22,8.55,0.41,37.5,0.55,80.0,31,14,1316,0.0,0.0,0.62,1.44,7.39,0.68,3.21,42.34,2.33,47.89,0.89,32.5
291,979479,Serie A,Cagliari,Gennaro Borrelli,Forward,6.73,0.3,0.19,0.23,1.88,0.6,0.68,16.0,0.45,40.0,0.3,0.0,0.15,0.0,0.15,0.0,0.38,0.0,0.0,0.0,0.0,0.0,0.0,0.0,1.13,0.23,1.28,0.15,0.45,0.0,0.0,0.0,0.0,0.0,0.08,0.08,0.0,0.9,16.14,11.33,4.8,70.23,3.98,7.36,3.98,0.0,0.0,0.53,70.0,26,12,1199,0.3,0.0,3.3,3.53,11.33,1.73,8.86,50.0,4.95,46.81,3.9,54.74
292,1175821,Serie A,AS Roma,Niccolò Pisilli,Midfielder,6.73,0.14,0.12,0.07,1.3,0.36,0.5,11.11,0.58,30.77,0.14,0.0,0.07,0.0,0.07,0.0,0.14,0.0,0.0,0.0,0.0,0.0,0.0,0.0,1.94,1.73,1.08,0.07,1.08,0.0,0.0,0.0,0.0,0.43,0.22,0.29,0.0,0.94,54.79,47.16,7.63,86.07,18.14,29.02,12.67,0.36,33.33,1.44,35.71,24,12,1250,0.22,0.0,1.3,0.29,13.18,1.44,3.74,35.37,2.81,35.45,0.94,35.14
293,800408,Serie A,Hellas Verona,Suat Serdar,Midfielder,6.73,0.16,0.17,0.24,1.53,0.56,0.48,10.53,0.73,52.94,0.16,0.0,0.0,0.0,0.16,0.08,0.08,0.0,0.0,0.0,0.0,0.0,0.0,0.0,2.5,0.73,1.29,0.4,0.73,0.0,0.0,0.08,0.0,0.08,0.16,0.0,0.0,1.05,31.85,22.9,8.95,71.9,8.71,14.19,9.44,0.08,14.29,2.02,44.64,20,12,1116,0.24,0.0,1.53,0.97,12.66,1.05,4.84,49.18,4.19,52.0,0.65,36.36
294,1154894,Serie A,Udinese,Lennon Miller,Midfielder,6.72,0.0,0.04,0.0,0.87,0.1,0.58,0.0,0.78,61.54,0.0,0.0,0.0,0.0,0.0,0.0,0.1,0.0,0.0,0.0,0.0,0.0,0.0,0.0,1.84,0.58,1.75,0.29,0.68,0.0,0.0,0.0,0.0,0.0,0.29,0.19,0.0,1.07,34.04,26.38,7.66,77.49,12.41,13.97,7.27,0.48,17.86,1.36,43.75,23,8,928,0.29,0.0,1.26,1.55,13.77,0.87,5.72,59.0,4.17,56.58,1.55,66.67
295,838232,Serie A,SSC Napoli,Eljif Elmas,Midfielder,6.72,0.05,0.15,0.21,1.33,0.48,0.37,4.0,0.64,57.14,0.05,0.0,0.0,0.0,0.05,0.05,0.05,0.0,0.0,0.0,0.0,0.0,0.0,0.0,1.27,0.37,1.01,0.27,0.32,0.0,0.0,0.0,0.0,0.0,0.05,0.16,0.0,1.22,38.96,34.66,4.29,88.98,14.42,20.25,9.43,0.58,26.83,0.58,61.11,32,19,1698,0.16,0.0,0.95,0.69,8.16,0.74,2.7,48.11,2.6,51.58,0.11,18.18
296,975811,Serie A,Cagliari,Mattia Felici,Forward,6.72,0.44,0.14,0.22,1.99,1.32,0.22,22.22,1.54,36.84,0.44,0.0,0.0,0.0,0.44,0.0,0.0,0.0,0.0,0.0,0.0,0.0,0.0,0.0,2.43,1.1,0.44,0.0,0.66,0.0,0.0,0.0,0.0,0.0,0.22,0.22,0.0,1.76,23.16,15.66,7.5,67.62,6.4,9.26,5.07,1.32,26.09,0.22,33.33,11,4,408,0.66,0.0,2.21,1.32,18.97,1.76,5.51,40.98,5.29,42.86,0.22,20.0
297,575852,Serie A,Hellas Verona,Sandi Lovrić,Midfielder,6.72,0.0,0.09,0.19,1.13,0.38,0.75,0.0,0.94,62.5,0.0,0.0,0.0,0.0,0.0,0.0,0.0,0.0,0.0,0.0,0.0,0.0,0.0,0.0,3.21,1.7,2.08,0.0,1.7,0.19,0.0,0.0,0.0,0.0,0.57,0.19,0.0,2.08,40.0,35.09,4.91,87.74,15.47,19.62,8.87,3.02,36.36,2.83,62.5,13,3,477,0.19,0.0,1.13,0.75,14.15,1.51,5.28,48.28,4.91,50.0,0.38,33.33
298,1019442,Serie A,Atalanta,Kamaldeen Sulemana,Forward,6.72,0.19,0.21,0.29,2.14,0.87,0.68,9.09,1.94,43.48,0.19,0.0,0.0,0.19,0.0,0.0,0.49,0.0,0.0,0.0,0.0,0.0,0.0,0.0,0.87,0.19,0.78,0.1,0.58,0.0,0.0,0.0,0.0,0.0,0.19,0.1,0.0,1.07,29.45,24.69,4.76,83.83,6.9,17.79,11.95,0.39,19.05,1.36,70.0,24,8,926,0.29,0.0,0.97,1.36,13.61,1.56,5.35,44.0,4.18,42.57,1.17,50.0
299,907152,Serie A,Bologna,Lewis Ferguson,Midfielder,6.72,0.06,0.04,0.0,0.71,0.12,0.24,8.33,0.18,42.86,0.0,0.06,0.0,0.0,0.06,0.0,0.12,0.0,0.0,0.0,0.0,0.0,0.0,0.0,1.48,0.65,1.54,0.47,0.36,0.0,0.06,0.06,0.0,0.18,0.06,0.0,0.0,0.89,58.87,51.4,7.47,87.31,24.43,26.98,11.32,0.47,32.0,2.85,66.67,26,16,1518,0.3,0.06,1.9,1.42,9.72,0.36,4.8,52.26,2.96,52.63,1.84,51.67
300,933264,Serie A,Bologna,Torbjørn Heggem,Defender,6.72,0.0,0.05,0.04,0.47,0.09,0.26,0.0,0.34,80.0,0.0,0.0,0.0,0.0,0.0,0.0,0.0,0.0,0.0,0.0,0.0,0.0,0.0,0.0,1.37,1.03,4.36,0.34,0.38,0.04,0.09,0.0,0.0,0.26,0.0,0.0,0.0,0.13,50.77,46.63,4.15,91.83,34.99,11.63,2.57,0.0,0.0,3.59,66.14,26,23,2104,0.0,0.04,1.33,0.51,5.18,0.26,3.81,49.44,2.22,53.06,1.58,45.12
301,805465,Serie A,Milan,Pervis Estupiñán,Midfielder,6.72,0.09,0.03,0.0,0.77,0.09,0.69,11.11,0.17,28.57,0.09,0.0,0.0,0.09,0.0,0.09,0.43,0.0,0.0,0.0,0.0,0.0,0.0,0.0,1.29,0.95,1.98,0.0,1.03,0.0,0.34,0.09,0.0,0.43,0.17,0.09,0.0,1.12,45.34,39.32,6.02,86.72,18.76,20.56,10.84,0.69,40.0,0.6,46.67,19,13,1046,0.43,0.09,1.38,0.69,11.1,0.34,2.84,42.86,2.15,40.32,0.69,53.33
302,993389,Serie A,Cremonese,Tommaso Barbieri,Midfielder,6.72,0.0,0.04,0.05,0.74,0.11,0.32,0.0,0.85,48.48,0.0,0.0,0.0,0.0,0.0,0.0,0.05,0.0,0.0,0.0,0.0,0.0,0.0,0.0,2.38,0.69,1.64,0.42,1.22,0.0,0.0,0.0,0.0,0.16,0.11,0.05,0.0,0.53,28.17,20.66,7.5,73.36,9.35,11.31,6.08,0.48,11.54,1.96,44.58,28,18,1703,0.42,0.0,2.11,1.37,15.8,0.53,5.92,48.48,4.54,49.43,1.37,45.61
303,983816,Serie A,Cremonese,Jeremy Sarmiento,Midfielder,6.72,0.0,0.05,0.0,1.26,1.26,0.0,0.0,3.15,62.5,0.0,0.0,0.0,0.0,0.0,0.0,0.0,0.0,0.0,0.0,0.0,0.0,0.0,0.0,3.78,1.26,0.63,0.0,0.63,0.0,0.0,0.0,0.0,0.0,0.0,0.0,0.0,1.89,36.5,33.36,3.15,91.38,11.33,22.03,13.22,0.63,50.0,1.26,66.67,7,0,143,0.0,0.0,0.0,0.63,15.1,3.15,7.55,57.14,7.55,57.14,0.0,0.0
304,355486,Serie A,Como,Stefan Posch,Defender,6.71,0.22,0.18,0.0,1.77,0.67,0.89,12.5,0.22,100.0,0.22,0.0,0.22,0.0,0.0,0.0,0.0,0.0,0.0,0.0,0.0,0.0,0.0,0.0,2.66,0.89,3.33,0.22,0.44,0.0,0.0,0.0,0.0,0.0,0.0,0.0,0.0,0.44,53.65,43.45,10.2,80.99,23.5,19.95,9.53,0.67,27.27,2.0,32.14,14,3,406,0.22,0.0,2.0,1.33,15.52,0.89,5.99,50.94,4.21,55.88,1.77,42.11
305,1153083,Serie A,Genoa,Valentín Carboni,Midfielder,6.71,0.0,0.11,0.0,1.5,0.5,0.5,0.0,2.5,52.63,0.0,0.0,0.0,0.0,0.0,0.0,0.0,0.0,0.0,0.0,0.0,0.0,0.0,0.0,3.5,0.5,1.5,0.0,1.0,0.0,0.0,0.25,0.0,0.0,0.0,0.0,0.0,1.0,32.75,27.0,5.75,82.44,8.5,18.5,9.5,0.0,0.0,1.0,66.67,12,3,360,0.5,0.0,2.75,1.25,19.0,2.25,8.0,46.38,7.25,47.54,0.75,37.5
306,798147,Serie A,Como,Mërgim Vojvoda,Defender,6.71,0.11,0.08,0.11,1.02,0.4,0.51,11.11,0.74,61.9,0.11,0.0,0.0,0.06,0.06,0.06,0.28,0.0,0.0,0.0,0.0,0.0,0.0,0.0,0.74,0.79,1.3,0.11,0.62,0.06,0.06,0.0,0.0,0.17,0.23,0.11,0.0,1.64,42.31,35.51,6.8,83.94,15.58,19.94,10.31,1.08,29.23,1.13,52.63,29,19,1589,0.11,0.0,0.85,0.68,12.74,1.13,2.72,41.74,2.15,41.3,0.57,43.48
307,1128530,Serie A,AS Roma,Neil El Aynaoui,Midfielder,6.71,0.09,0.1,0.0,0.57,0.38,0.19,16.67,0.85,52.94,0.09,0.0,0.0,0.0,0.09,0.0,0.19,0.0,0.0,0.0,0.0,0.0,0.0,0.0,1.71,1.61,0.95,0.19,0.57,0.0,0.19,0.0,0.0,0.28,0.19,0.19,0.0,1.14,52.39,46.8,5.59,89.33,23.49,23.31,9.28,0.57,37.5,1.33,66.67,24,8,950,0.47,0.0,2.18,0.95,9.38,0.47,4.55,45.71,3.41,46.15,1.14,44.44
308,773409,Serie A,Torino,Che Adams,Forward,6.71,0.24,0.27,0.29,2.47,0.77,0.82,9.8,0.63,46.43,0.24,0.0,0.0,0.1,0.15,0.1,0.44,0.0,0.0,0.0,0.0,0.0,0.0,0.0,0.68,0.05,0.48,0.05,0.29,0.0,0.0,0.0,0.0,0.05,0.29,0.1,0.0,1.26,25.38,19.04,6.33,75.05,6.04,13.0,7.64,0.1,14.29,1.69,71.43,32,19,1862,0.0,0.0,0.87,0.73,10.97,0.82,3.48,40.91,2.03,44.21,1.45,37.04
309,1116570,Serie A,Hellas Verona,Nicolás Valentini,Defender,6.71,0.0,0.06,0.07,1.06,0.46,0.6,0.0,0.13,66.67,0.0,0.0,0.0,0.0,0.0,0.0,0.07,0.0,0.0,0.0,0.0,0.0,0.0,0.0,1.92,1.0,6.17,0.93,0.73,0.0,0.07,0.0,0.0,0.13,0.13,0.0,0.0,0.27,32.99,23.69,9.29,71.83,15.07,8.63,3.58,0.33,33.33,1.73,28.89,20,14,1356,0.4,0.0,1.73,0.46,11.28,0.13,5.84,57.14,2.46,50.0,3.38,63.75
310,1012172,Serie A,Genoa,Tommaso Baldanzi,Midfielder,6.71,0.11,0.23,0.0,2.28,0.8,0.91,5.0,0.57,31.25,0.11,0.0,0.0,0.0,0.11,0.0,0.23,0.0,0.0,0.0,0.0,0.0,0.0,0.0,1.82,0.57,0.11,0.0,0.57,0.0,0.0,0.0,0.0,0.0,0.11,0.23,0.0,1.71,39.48,34.7,4.78,87.9,12.4,22.3,12.86,0.57,31.25,0.91,53.33,18,8,791,0.23,0.0,1.14,2.73,12.29,2.16,5.23,47.92,5.12,51.14,0.11,12.5
311,1210995,Serie A,Pisa,Isak Vural,Midfielder,6.71,0.0,0.1,0.14,0.68,0.14,0.41,0.0,1.09,50.0,0.0,0.0,0.0,0.0,0.0,0.0,0.14,0.14,0.0,0.0,0.0,0.0,0.0,0.0,1.09,0.27,1.09,0.41,0.41,0.0,0.14,0.0,0.0,0.0,0.14,0.0,0.0,0.41,23.79,19.58,4.21,82.29,11.15,8.43,3.94,0.14,20.0,2.04,62.5,14,8,662,0.54,0.0,2.04,4.21,7.89,0.68,7.21,57.61,6.39,61.84,0.82,37.5
312,108484,Serie A,SSC Napoli,Juan Jesus,Defender,6.71,0.0,0.02,0.0,0.16,0.0,0.0,0.0,0.0,0.0,0.0,0.0,0.0,0.0,0.0,0.0,0.0,0.0,0.0,0.0,0.0,0.0,0.0,0.0,2.03,1.43,3.13,0.55,0.27,0.05,0.0,0.05,0.0,0.27,0.0,0.0,0.0,0.22,73.69,67.43,6.26,91.51,46.73,20.7,4.23,0.0,0.0,2.69,53.26,23,19,1639,0.44,0.05,2.14,0.11,7.03,0.11,3.9,47.33,2.14,45.88,1.76,49.23
313,804909,Serie A,Fiorentina,Albert Guðmundsson,Forward,6.71,0.21,0.23,0.21,1.69,0.62,0.54,12.2,0.78,50.0,0.16,0.04,0.0,0.04,0.16,0.08,0.25,0.04,0.12,0.12,100.0,0.0,0.08,0.0,0.33,0.08,0.49,0.12,0.95,0.0,0.08,0.0,0.0,0.08,0.29,0.16,0.0,1.28,33.1,28.7,4.41,86.69,10.54,18.16,10.38,0.49,21.82,1.24,69.77,32,26,2186,0.16,0.04,1.36,1.19,10.58,1.19,2.43,34.71,2.31,36.13,0.12,20.0
314,45925,Serie A,AS Roma,Stephan El Shaarawy,Forward,6.7,0.0,0.17,0.28,2.39,0.85,0.99,0.0,1.69,44.44,0.0,0.0,0.0,0.0,0.0,0.0,0.14,0.14,0.0,0.0,0.0,0.0,0.14,0.0,1.41,0.85,0.85,0.28,0.7,0.0,0.0,0.0,0.0,0.0,0.42,0.28,0.0,1.69,45.07,38.17,6.9,84.69,12.25,25.92,15.63,0.14,6.25,1.41,66.67,19,5,639,0.56,0.0,1.41,0.99,14.65,1.13,4.93,41.18,4.08,43.94,0.85,31.58
316,1114422,Serie A,Fiorentina,Cher Ndour,Midfielder,6.7,0.15,0.13,0.1,1.16,0.39,0.29,12.5,0.34,30.43,0.15,0.0,0.05,0.0,0.1,0.0,0.05,0.0,0.0,0.0,0.0,0.0,0.0,0.0,1.69,0.68,1.64,0.44,0.73,0.05,0.05,0.0,0.0,0.24,0.05,0.0,0.0,0.29,35.82,29.53,6.28,82.46,13.1,16.43,8.75,0.05,5.26,0.92,44.19,32,20,1862,0.1,0.0,1.26,1.11,9.57,0.58,4.69,46.19,3.14,49.24,1.55,41.03
317,825271,Serie A,Udinese,Jakub Piotrowski,Midfielder,6.7,0.05,0.15,0.16,1.97,0.49,0.71,2.78,0.71,44.83,0.05,0.0,0.0,0.05,0.0,0.05,0.11,0.0,0.0,0.0,0.0,0.0,0.16,0.0,2.47,0.93,1.86,0.44,0.71,0.0,0.05,0.05,0.0,0.11,0.05,0.05,0.0,0.6,29.58,24.38,5.2,82.41,10.19,14.19,6.85,0.0,0.0,0.99,48.65,32,19,1643,0.11,0.0,1.48,1.59,10.13,0.77,5.92,55.1,4.77,55.77,1.15,52.5
318,280991,Serie A,Cremonese,Morten Thorsby,Midfielder,6.7,0.2,0.15,0.07,1.42,0.54,0.61,14.29,0.2,100.0,0.2,0.0,0.07,0.07,0.07,0.0,0.47,0.0,0.0,0.0,0.0,0.0,0.0,0.0,1.42,0.34,2.02,0.4,0.61,0.0,0.0,0.0,0.0,0.07,0.2,0.07,0.0,0.61,28.79,20.16,8.63,70.02,6.88,13.28,6.47,0.13,40.0,0.47,43.75,23,15,1335,0.2,0.0,1.62,0.74,11.66,0.54,8.7,52.65,2.29,45.95,6.4,55.56
319,164511,Serie A,Hellas Verona,Jean Daniel Akpa-Akpro,Midfielder,6.7,0.06,0.06,0.06,0.83,0.25,0.19,7.69,1.27,60.61,0.06,0.0,0.0,0.0,0.06,0.06,0.0,0.0,0.0,0.0,0.0,0.0,0.0,0.0,2.48,1.27,1.52,0.44,0.83,0.0,0.06,0.0,0.0,0.06,0.0,0.0,0.0,0.64,22.67,16.89,5.78,74.51,7.24,9.65,4.13,0.19,16.67,0.38,42.86,21,16,1417,0.57,0.0,2.41,0.95,10.92,0.89,6.41,48.56,4.7,49.66,1.71,45.76
321,595572,Serie A,Genoa,Daniele Sommariva,Goalkeeper,6.7,0.0,0.0,0.0,0.0,0.0,0.0,0.0,0.0,0.0,0.0,0.0,0.0,0.0,0.0,0.0,0.0,0.0,0.0,0.0,0.0,0.0,0.0,0.0,0.0,0.0,1.54,0.0,0.0,0.51,0.0,0.0,0.0,0.0,0.0,0.0,0.0,0.0,46.29,25.2,21.09,54.44,14.91,10.29,3.09,0.0,0.0,12.86,38.46,2,1,175,0.0,0.0,0.0,0.51,21.09,0.0,0.51,100.0,0.51,100.0,0.0,0.0
322,970928,Serie A,Lazio,Daniel Maldini,Forward,6.7,0.19,0.3,0.19,2.02,0.58,0.77,9.52,1.34,43.75,0.19,0.0,0.0,0.0,0.19,0.0,0.29,0.0,0.0,0.0,0.0,0.0,0.19,0.0,1.34,0.29,0.38,0.1,0.1,0.0,0.0,0.0,0.0,0.0,0.19,0.1,0.0,1.06,29.01,23.53,5.47,81.13,6.92,16.62,9.8,0.29,27.27,0.48,55.56,20,12,937,0.1,0.0,1.73,2.5,13.64,2.02,5.96,46.62,5.19,50.0,0.77,32.0
323,1103488,Serie A,Hellas Verona,Rafik Belghali,Midfielder,6.7,0.1,0.1,0.1,0.98,0.29,0.34,10.0,1.91,56.52,0.1,0.0,0.0,0.05,0.05,0.0,0.29,0.0,0.0,0.0,0.0,0.0,0.0,0.0,0.98,0.83,1.08,0.29,0.59,0.0,0.0,0.0,0.0,0.1,0.1,0.0,0.0,1.32,23.23,17.85,5.38,76.84,5.87,11.98,7.39,0.78,27.12,0.73,37.5,25,21,1840,0.29,0.0,0.98,0.49,13.35,0.88,3.77,42.78,3.38,46.94,0.39,24.24
324,1099296,Serie A,Parma,Mateo Pellegrino,Forward,6.7,0.25,0.25,0.28,2.17,0.65,0.9,11.43,0.71,50.0,0.22,0.03,0.16,0.09,0.0,0.06,0.34,0.0,0.03,0.03,100.0,0.0,0.0,0.0,0.53,0.12,1.24,0.16,0.37,0.0,0.0,0.0,0.0,0.16,0.12,0.03,0.0,0.62,14.33,8.9,5.43,62.12,2.95,5.96,3.6,0.0,0.0,0.4,48.15,36,33,2901,0.16,0.0,2.57,2.08,12.25,2.02,6.95,42.59,3.29,38.41,3.66,47.2
325,173827,Serie A,Cremonese,Jamie Vardy,Forward,6.7,0.31,0.22,0.27,1.34,0.62,0.36,23.33,0.27,42.86,0.27,0.04,0.0,0.04,0.27,0.0,0.94,0.0,0.0,0.0,0.0,0.0,0.0,0.0,0.54,0.13,1.07,0.13,0.13,0.0,0.0,0.0,0.0,0.18,0.18,0.09,0.0,0.67,13.3,8.3,5.0,62.42,2.23,6.07,3.84,0.09,18.18,0.18,50.0,28,23,2017,0.18,0.0,0.8,0.85,8.57,0.98,3.75,40.98,1.65,42.53,2.1,39.83
329,1526934,Serie A,Fiorentina,Niccolò Fortini,Midfielder,6.69,0.0,0.04,0.0,1.32,0.33,0.49,0.0,1.32,42.11,0.0,0.0,0.0,0.0,0.0,0.0,0.0,0.0,0.0,0.0,0.0,0.0,0.0,0.0,3.63,0.66,1.32,0.33,1.32,0.0,0.16,0.0,0.0,0.0,0.16,0.0,0.0,0.66,34.62,30.33,4.29,87.62,14.34,15.99,9.56,0.82,17.24,1.81,57.89,16,2,546,0.0,0.0,0.82,2.97,15.0,0.82,8.57,59.77,7.75,61.84,0.82,45.45
330,1155571,Serie A,Udinese,Iker Bravo,Forward,6.69,0.42,0.1,0.0,1.67,0.42,0.0,25.0,0.42,50.0,0.42,0.0,0.0,0.0,0.42,0.0,0.0,0.0,0.0,0.0,0.0,0.0,0.0,0.0,0.42,0.0,0.0,0.0,0.83,0.0,0.0,0.0,0.0,0.0,0.0,0.0,0.0,1.25,18.33,15.0,3.33,81.82,5.42,9.58,5.83,0.0,0.0,1.25,100.0,8,3,216,0.42,0.0,1.25,0.42,10.83,2.5,1.67,19.05,1.25,20.0,0.42,16.67
331,887766,Serie A,Juventus,Edon Zhegrova,Forward,6.69,0.0,0.2,0.0,4.56,2.16,0.48,0.0,4.8,48.78,0.0,0.0,0.0,0.0,0.0,0.24,0.48,0.0,0.0,0.0,0.0,0.0,0.48,0.0,1.2,0.0,0.24,0.0,0.24,0.24,0.0,0.0,0.0,0.0,0.48,0.0,0.0,2.4,54.0,44.4,9.6,82.22,6.48,37.92,27.6,2.64,23.4,1.92,72.73,18,0,375,0.0,0.0,0.96,1.44,30.48,2.64,7.92,47.14,7.44,46.27,0.48,66.67
332,1618563,Serie A,AS Roma,Lorenzo Venturino,Forward,6.69,0.0,0.06,0.0,1.77,0.35,0.71,0.0,1.42,66.67,0.0,0.0,0.0,0.0,0.0,0.0,0.35,0.0,0.0,0.0,0.0,0.0,0.0,0.0,0.0,0.0,0.71,0.0,0.35,0.0,0.0,0.0,0.0,0.0,0.35,0.0,0.0,2.48,34.37,27.64,6.73,80.41,7.8,19.84,13.11,3.54,27.78,0.35,20.0,12,1,254,0.0,0.0,0.35,1.06,19.49,1.77,3.54,43.48,2.48,43.75,1.06,42.86
333,1424353,Serie A,Cremonese,Francesco Folino,Defender,6.69,0.12,0.02,0.0,0.24,0.12,0.12,50.0,0.0,0.0,0.12,0.0,0.12,0.0,0.0,0.0,0.0,0.0,0.0,0.0,0.0,0.0,0.0,0.0,0.98,0.37,6.34,1.1,0.73,0.0,0.12,0.0,0.0,0.0,0.0,0.0,0.0,0.12,37.93,30.61,7.32,80.71,22.8,7.8,3.29,0.0,0.0,3.17,42.62,18,7,738,0.0,0.0,1.34,1.1,10.12,0.24,4.02,54.1,2.07,44.74,1.95,69.57
334,184421,Serie A,Genoa,Stefano Sabelli,Defender,6.69,0.0,0.05,0.0,0.52,0.0,0.41,0.0,0.1,12.5,0.0,0.0,0.0,0.0,0.0,0.0,0.0,0.0,0.0,0.0,0.0,0.0,0.0,0.0,2.28,0.41,2.28,0.62,1.04,0.0,0.0,0.0,0.1,0.0,0.0,0.0,0.1,0.72,32.0,22.37,9.63,69.9,10.15,12.22,7.56,0.72,28.0,1.55,30.0,15,11,869,0.1,0.0,0.62,1.97,15.85,0.41,4.66,53.57,4.35,61.76,0.31,18.75
335,928800,Serie A,Fiorentina,Marco Brescianini,Midfielder,6.69,0.18,0.17,0.18,1.2,0.37,0.37,15.38,0.74,61.54,0.18,0.0,0.0,0.09,0.09,0.09,0.0,0.0,0.0,0.0,0.0,0.0,0.0,0.0,1.2,0.18,2.12,0.37,0.55,0.0,0.18,0.0,0.0,0.09,0.18,0.0,0.0,0.83,33.99,28.37,5.62,83.47,12.25,16.12,8.01,0.46,27.78,1.29,42.42,25,9,977,0.18,0.0,1.47,0.92,10.32,1.38,3.5,39.58,2.86,42.47,0.64,30.43
336,1136399,Serie A,Udinese,Nicolò Bertola,Defender,6.69,0.0,0.03,0.05,0.67,0.21,0.31,0.0,0.26,31.25,0.0,0.0,0.0,0.0,0.0,0.0,0.05,0.0,0.0,0.0,0.0,0.0,0.0,0.0,1.75,1.13,4.37,0.72,0.67,0.05,0.1,0.0,0.0,0.05,0.15,0.05,0.0,0.57,41.53,32.47,9.06,78.19,20.89,11.58,4.12,0.0,0.0,2.57,38.17,27,18,1749,0.15,0.0,0.98,0.62,12.04,0.31,4.43,55.48,2.62,52.58,1.8,60.34
337,797596,Serie A,Pisa,Marius Marin,Midfielder,6.69,0.0,0.01,0.0,0.21,0.0,0.07,0.0,0.07,20.0,0.0,0.0,0.0,0.0,0.0,0.0,0.0,0.0,0.0,0.0,0.0,0.0,0.0,0.0,3.13,0.91,1.6,0.28,1.46,0.0,0.07,0.0,0.0,0.0,0.0,0.0,0.0,0.14,31.14,24.03,7.11,77.18,11.91,12.12,6.48,0.07,5.56,2.37,48.57,23,18,1292,0.49,0.0,2.51,1.39,9.96,0.56,5.09,48.99,4.53,48.87,0.56,50.0
338,158615,Serie A,Lazio,Matías Vecino,Midfielder,6.69,0.0,0.05,0.0,1.04,0.0,0.6,0.0,0.0,0.0,0.0,0.0,0.0,0.0,0.0,0.0,0.0,0.0,0.0,0.0,0.0,0.0,0.0,0.0,1.49,1.04,2.53,0.45,0.6,0.0,0.15,0.0,0.0,0.15,0.15,0.15,0.0,0.45,54.89,48.64,6.25,88.62,23.65,24.99,9.37,0.0,0.0,0.89,40.0,13,5,605,0.15,0.0,1.19,0.45,8.63,0.45,3.72,43.86,1.79,41.38,1.93,46.43
339,1084846,Serie A,Torino,Franco Israel,Goalkeeper,6.68,0.0,0.0,0.0,0.0,0.0,0.0,0.0,0.0,0.0,0.0,0.0,0.0,0.0,0.0,0.0,0.0,0.0,0.0,0.0,0.0,0.0,0.0,0.0,0.0,0.0,1.11,0.0,0.0,0.0,0.11,0.0,0.0,0.33,0.0,0.0,0.0,0.0,32.22,18.89,13.33,58.62,13.11,5.78,1.0,0.0,0.0,6.89,34.25,9,9,810,0.11,0.0,0.0,0.33,13.33,0.0,0.67,85.71,0.33,100.0,0.33,75.0
340,3041,Serie A,Pisa,Raúl Albiol,Defender,6.68,0.0,0.01,0.0,0.18,0.0,0.0,0.0,0.0,0.0,0.0,0.0,0.0,0.0,0.0,0.0,0.0,0.0,0.0,0.0,0.0,0.0,0.0,0.0,1.25,1.08,10.76,1.08,0.36,0.0,0.0,0.0,0.0,0.18,0.18,0.18,0.0,0.54,45.36,39.08,6.27,86.17,26.71,12.37,3.05,0.18,100.0,5.74,59.26,8,5,502,0.18,0.0,1.08,0.36,6.99,0.18,2.87,48.48,1.61,50.0,1.25,46.67
341,267619,Serie A,Lazio,Adam Marušić,Defender,6.68,0.03,0.04,0.1,0.47,0.23,0.13,7.14,0.2,30.0,0.03,0.0,0.03,0.0,0.0,0.0,0.03,0.0,0.0,0.0,0.0,0.0,0.03,0.0,1.17,1.1,2.11,0.4,0.3,0.0,0.13,0.0,0.0,0.37,0.1,0.07,0.0,0.27,49.13,42.64,6.48,86.8,22.29,20.35,8.05,0.17,14.71,1.34,50.0,32,31,2693,0.03,0.03,0.74,0.57,9.62,0.3,2.94,50.87,1.9,52.78,1.04,47.69
342,835601,Serie A,Fiorentina,Moise Kean,Forward,6.68,0.35,0.66,0.79,4.31,1.19,2.11,8.16,1.1,41.67,0.31,0.04,0.0,0.04,0.31,0.13,1.32,0.0,0.09,0.09,100.0,0.0,0.0,0.0,0.26,0.31,0.7,0.04,0.18,0.0,0.0,0.0,0.0,0.09,0.0,0.04,0.0,0.13,9.36,6.77,2.59,72.3,2.33,4.44,2.73,0.0,0.0,0.04,33.33,26,23,2047,0.18,0.0,1.28,1.93,8.66,1.32,4.48,44.74,3.3,44.38,1.19,45.76
343,807301,Serie A,Atalanta,Gianluca Scamacca,Forward,6.68,0.69,0.46,0.34,3.92,1.51,1.85,17.54,0.89,56.52,0.69,0.0,0.14,0.0,0.55,0.21,0.55,0.0,0.14,0.14,100.0,0.0,0.27,0.0,0.55,0.21,1.03,0.14,0.27,0.07,0.0,0.0,0.0,0.07,0.07,0.07,0.0,1.17,21.64,15.18,6.46,70.16,3.85,11.34,7.69,0.0,0.0,0.55,72.73,23,16,1310,0.14,0.0,1.79,1.24,11.68,1.44,4.47,46.1,2.68,39.0,1.79,63.41
344,1165371,Serie A,Torino,Luca Marianucci,Defender,6.68,0.0,0.0,0.0,0.26,0.0,0.13,0.0,0.26,40.0,0.0,0.0,0.0,0.0,0.0,0.0,0.0,0.0,0.0,0.0,0.0,0.0,0.0,0.0,2.08,1.3,4.43,0.39,1.3,0.0,0.0,0.0,0.0,0.13,0.26,0.13,0.0,1.04,53.66,45.07,8.6,83.98,23.44,21.62,7.81,0.39,37.5,4.04,52.54,12,7,691,0.26,0.0,1.43,0.39,11.2,0.26,4.56,46.67,2.74,45.65,1.82,48.28
345,877371,Serie A,Torino,Ivan Ilić,Midfielder,6.68,0.0,0.0,0.0,0.0,0.0,0.0,0.0,0.43,66.67,0.0,0.0,0.0,0.0,0.0,0.0,0.0,0.0,0.0,0.0,0.0,0.0,0.0,0.0,1.73,1.3,2.39,0.0,0.87,0.0,0.0,0.0,0.0,0.0,0.22,0.0,0.0,1.73,41.2,33.83,7.37,82.11,19.08,14.75,8.89,0.22,50.0,1.3,46.15,8,5,415,0.43,0.0,1.95,0.87,10.84,1.73,3.69,37.78,2.82,38.24,0.87,36.36
346,1000263,Serie A,Genoa,Albert Grønbæk,Midfielder,6.68,0.0,0.03,0.0,0.84,0.84,0.0,0.0,1.68,33.33,0.0,0.0,0.0,0.0,0.0,0.0,0.0,0.0,0.0,0.0,0.0,0.0,0.84,0.0,3.36,0.0,1.68,0.0,0.0,0.0,0.0,0.0,0.0,0.0,0.0,0.0,0.0,1.68,14.3,10.93,3.36,76.47,3.36,7.57,5.05,0.0,0.0,0.0,0.0,4,1,107,0.84,0.0,0.84,0.84,15.14,0.84,6.73,57.14,5.89,58.33,0.84,50.0
347,1048889,Serie A,Inter,Andy Diouf,Midfielder,6.68,0.0,0.1,0.0,1.54,0.44,0.22,0.0,2.42,52.38,0.0,0.0,0.0,0.0,0.0,0.0,0.22,0.0,0.0,0.0,0.0,0.0,0.0,0.0,2.64,0.22,1.1,0.0,1.32,0.0,0.22,0.0,0.0,0.22,0.44,0.0,0.22,2.64,43.57,36.97,6.6,84.85,9.68,27.29,16.5,0.22,16.67,0.44,50.0,18,3,409,0.22,0.0,0.66,0.66,14.74,2.42,6.82,48.44,5.72,46.43,1.1,62.5
348,826186,Serie A,Lazio,Luca Pellegrini,Defender,6.68,0.06,0.03,0.06,0.39,0.26,0.13,16.67,0.65,41.67,0.06,0.0,0.0,0.06,0.0,0.0,0.0,0.0,0.0,0.0,0.0,0.0,0.06,0.0,1.74,1.03,1.61,0.58,0.77,0.06,0.0,0.0,0.0,0.06,0.13,0.0,0.0,1.03,48.68,38.8,9.88,79.71,20.98,17.82,8.07,0.84,26.53,1.87,42.03,23,16,1394,0.52,0.0,1.55,0.77,15.43,0.65,3.55,43.65,3.1,44.86,0.45,36.84
349,1476922,Serie A,Udinese,Juan Arizala,Defender,6.68,0.0,0.01,0.0,0.46,0.46,0.0,0.0,0.91,40.0,0.0,0.0,0.0,0.0,0.0,0.0,0.0,0.0,0.0,0.0,0.0,0.0,0.0,0.0,3.65,0.46,0.91,0.0,0.46,0.0,0.0,0.0,0.0,0.0,0.0,0.0,0.0,0.46,34.26,30.61,3.65,89.33,12.79,17.82,9.59,0.0,0.0,0.91,100.0,10,1,197,0.0,0.0,0.46,0.46,12.79,0.91,5.94,56.52,5.03,61.11,0.91,40.0
350,1001997,Serie A,Udinese,Răzvan Sava,Goalkeeper,6.67,0.0,0.0,0.0,0.0,0.0,0.0,0.0,0.0,0.0,0.0,0.0,0.0,0.0,0.0,0.0,0.0,0.0,0.0,0.0,0.0,0.0,0.0,0.0,0.0,0.0,1.02,0.0,0.15,0.0,0.15,0.0,0.0,0.15,0.0,0.0,0.0,0.0,25.01,18.76,6.25,75.0,16.28,2.47,0.73,0.0,0.0,2.91,32.26,7,6,619,0.15,0.0,0.0,0.0,6.4,0.0,0.0,0.0,0.0,0.0,0.0,0.0
351,1010223,Serie A,Juventus,Fabio Miretti,Midfielder,6.67,0.15,0.31,0.15,2.65,0.74,1.03,5.56,1.03,36.84,0.15,0.0,0.0,0.0,0.15,0.0,0.0,0.0,0.0,0.0,0.0,0.0,0.15,0.0,2.8,0.44,0.88,0.0,0.88,0.0,0.15,0.0,0.0,0.15,0.29,0.29,0.15,1.77,55.09,47.28,7.81,85.83,15.91,31.37,19.0,0.59,25.0,1.91,48.15,22,5,611,0.15,0.0,2.06,1.03,15.47,1.77,5.3,42.86,4.86,44.59,0.44,30.0
353,609206,Serie A,Udinese,Kingsley Ehizibue,Midfielder,6.67,0.1,0.06,0.05,0.36,0.1,0.16,28.57,0.36,26.92,0.1,0.0,0.0,0.0,0.1,0.0,0.1,0.0,0.0,0.0,0.0,0.0,0.0,0.0,2.02,0.62,2.54,0.16,0.52,0.0,0.05,0.05,0.0,0.21,0.1,0.0,0.0,0.41,23.5,18.73,4.76,79.74,9.73,9.01,4.71,0.21,13.33,1.04,52.63,31,19,1739,0.26,0.0,1.76,1.14,11.33,0.83,4.09,46.2,3.47,46.53,0.62,44.44
354,1031548,Serie A,Sassuolo,Alieu Fadera,Forward,6.67,0.18,0.19,0.18,1.2,0.37,0.37,15.38,1.01,31.43,0.18,0.0,0.0,0.09,0.09,0.0,0.74,0.18,0.0,0.0,0.0,0.0,0.09,0.0,3.31,0.64,0.55,0.0,1.47,0.0,0.09,0.09,0.0,0.0,0.09,0.09,0.0,0.64,23.63,18.57,5.06,78.6,7.35,11.22,6.89,0.55,25.0,0.83,69.23,28,8,979,0.46,0.0,3.31,3.31,14.98,1.84,8.27,45.23,7.54,46.33,0.74,36.36
355,877037,Serie A,Torino,Cyril Ngonge,Forward,6.67,0.09,0.16,0.44,2.13,1.07,0.62,4.17,1.69,59.38,0.0,0.09,0.0,0.0,0.09,0.0,0.53,0.0,0.0,0.0,0.0,0.0,0.09,0.0,0.98,0.18,0.8,0.0,0.44,0.0,0.09,0.0,0.0,0.0,0.0,0.09,0.0,1.07,22.66,15.81,6.84,69.8,4.0,11.82,7.11,0.36,22.22,1.42,66.67,20,11,1013,0.18,0.0,1.78,1.6,15.01,1.6,5.86,47.48,4.26,48.48,1.6,45.0
356,1615784,Serie A,Cagliari,Yael Trepy,Forward,6.67,0.86,0.52,0.86,6.0,1.71,1.71,14.29,1.71,100.0,0.86,0.0,0.0,0.86,0.0,0.0,1.71,0.0,0.0,0.0,0.0,0.0,0.0,0.0,1.71,0.86,0.86,0.0,0.0,0.0,0.0,0.0,0.0,0.0,0.0,0.0,0.0,1.71,12.86,7.71,5.14,60.0,2.57,5.14,1.71,1.71,28.57,0.0,0.0,8,0,105,0.0,0.0,0.86,1.71,14.57,2.57,6.0,41.18,5.14,60.0,0.86,14.29
357,1012179,Serie A,Fiorentina,Jacopo Fazzini,Forward,6.67,0.0,0.16,0.15,1.37,0.15,0.3,0.0,1.37,40.91,0.0,0.0,0.0,0.0,0.0,0.0,0.0,0.0,0.0,0.0,0.0,0.0,0.0,0.0,2.74,0.91,0.91,0.15,0.76,0.0,0.15,0.0,0.0,0.0,0.15,0.0,0.0,1.37,28.63,21.32,7.31,74.47,7.77,13.55,7.92,0.91,37.5,0.91,60.0,20,5,591,0.3,0.0,1.83,2.28,15.84,2.28,7.77,48.11,6.4,49.41,1.37,42.86
358,142148,Serie A,Atalanta,Sead Kolašinac,Defender,6.67,0.0,0.01,0.0,0.22,0.0,0.15,0.0,0.37,71.43,0.0,0.0,0.0,0.0,0.0,0.0,0.07,0.0,0.0,0.0,0.0,0.0,0.0,0.0,1.99,0.81,2.35,0.37,0.66,0.0,0.0,0.0,0.0,0.07,0.0,0.0,0.0,0.0,56.69,51.03,5.66,90.01,28.9,22.13,8.82,0.15,66.67,1.18,36.36,19,15,1224,0.22,0.0,1.62,0.74,6.99,0.37,4.04,50.46,3.09,53.16,0.96,43.33
359,1485391,Serie A,Cagliari,Juan Rodríguez,Defender,6.66,0.0,0.03,0.07,0.14,0.07,0.07,0.0,0.07,100.0,0.0,0.0,0.0,0.0,0.0,0.0,0.0,0.0,0.0,0.0,0.0,0.0,0.0,0.0,2.59,1.29,5.75,1.01,0.43,0.07,0.14,0.0,0.0,0.07,0.0,0.0,0.0,0.0,43.89,38.79,5.1,88.38,30.53,8.26,1.65,0.07,20.0,1.01,26.42,16,15,1253,0.22,0.0,1.01,0.5,6.54,0.14,4.31,62.5,3.16,66.67,1.15,53.33
360,826185,Serie A,Atalanta,Raoul Bellanova,Midfielder,6.66,0.0,0.03,0.0,0.87,0.34,0.2,0.0,0.6,69.23,0.0,0.0,0.0,0.0,0.0,0.0,0.13,0.0,0.0,0.0,0.0,0.0,0.0,0.0,1.21,0.54,1.48,0.2,0.47,0.0,0.0,0.0,0.0,0.07,0.2,0.07,0.0,1.34,35.01,30.92,4.09,88.31,13.55,17.37,10.33,1.07,19.51,1.07,42.11,23,14,1342,0.13,0.0,0.27,0.74,11.33,0.27,3.15,55.29,2.48,66.07,0.67,34.48
361,897594,Serie A,Hellas Verona,Domagoj Bradarić,Midfielder,6.66,0.0,0.03,0.05,0.6,0.28,0.14,0.0,0.32,38.89,0.0,0.0,0.0,0.0,0.0,0.0,0.09,0.0,0.0,0.0,0.0,0.0,0.0,0.0,1.38,0.41,1.75,0.14,0.51,0.0,0.05,0.0,0.0,0.09,0.23,0.05,0.0,1.29,24.11,18.31,5.8,75.95,8.93,9.39,4.56,1.2,25.24,0.74,29.09,28,23,1956,0.09,0.0,0.37,0.46,12.75,0.14,2.48,50.94,2.16,59.49,0.32,25.93
362,1389689,Serie A,Lazio,Reda Belahyane,Midfielder,6.66,0.0,0.02,0.0,0.17,0.17,0.0,0.0,0.86,33.33,0.0,0.0,0.0,0.0,0.0,0.0,0.0,0.0,0.0,0.0,0.0,0.0,0.0,0.0,1.72,0.34,0.86,0.17,0.34,0.0,0.0,0.0,0.0,0.17,0.17,0.17,0.0,0.86,41.03,35.0,6.03,85.29,14.14,20.86,10.52,0.17,100.0,1.55,69.23,12,4,522,0.17,0.17,1.9,0.52,10.34,1.03,3.62,41.18,3.1,38.3,0.52,75.0
363,814589,Serie A,Cremonese,Giuseppe Pezzella,Midfielder,6.66,0.0,0.01,0.0,0.22,0.0,0.18,0.0,0.5,50.0,0.0,0.0,0.0,0.0,0.0,0.0,0.25,0.0,0.0,0.0,0.0,0.0,0.0,0.0,1.76,0.4,3.2,0.4,0.83,0.0,0.0,0.0,0.0,0.22,0.0,0.04,0.0,0.94,26.27,20.22,6.05,76.99,10.76,9.46,4.57,1.26,27.34,0.54,22.06,30,29,2501,0.29,0.04,1.69,1.15,13.21,0.61,4.39,48.22,3.42,48.97,0.97,45.76
364,328109,Serie A,Cagliari,Alessandro Deiola,Midfielder,6.66,0.0,0.09,0.26,1.32,0.4,0.53,0.0,0.2,60.0,0.0,0.0,0.0,0.0,0.0,0.0,0.46,0.0,0.0,0.0,0.0,0.0,0.07,0.0,2.31,0.93,2.38,0.46,0.86,0.0,0.2,0.0,0.0,0.13,0.0,0.13,0.0,0.4,37.36,30.42,6.94,81.42,18.91,11.51,3.97,0.0,0.0,1.79,50.94,19,16,1361,0.2,0.0,1.39,0.79,8.6,0.33,3.9,50.43,3.31,56.18,0.6,32.14
365,1634980,Serie A,Atalanta,Honest Ahanor,Defender,6.66,0.0,0.13,0.35,0.84,0.21,0.49,0.0,0.35,62.5,0.0,0.0,0.0,0.0,0.0,0.0,0.0,0.0,0.0,0.0,0.0,0.0,0.0,0.0,2.37,1.47,3.28,0.7,0.56,0.0,0.07,0.0,0.0,0.28,0.0,0.0,0.0,0.14,45.94,40.92,5.03,89.06,27.16,13.75,5.8,0.07,50.0,0.84,37.5,21,14,1289,0.07,0.07,1.54,1.96,6.77,0.35,6.84,61.64,4.68,65.05,2.16,55.36
366,928104,Serie A,Bologna,Nadir Zortea,Defender,6.66,0.0,0.02,0.0,0.55,0.05,0.45,0.0,1.0,47.62,0.0,0.0,0.0,0.0,0.0,0.1,0.05,0.0,0.0,0.0,0.0,0.0,0.05,0.0,1.3,1.0,1.91,0.3,0.9,0.0,0.0,0.0,0.0,0.2,0.2,0.1,0.0,1.2,38.68,30.85,7.83,79.77,14.3,16.56,7.68,1.05,30.43,2.21,46.32,31,16,1794,0.1,0.0,1.35,0.8,14.9,0.7,3.96,45.66,3.11,43.36,0.85,56.67
367,933641,Serie A,Sassuolo,Jay Idzes,Defender,6.66,0.0,0.01,0.0,0.15,0.0,0.09,0.0,0.18,85.71,0.0,0.0,0.0,0.0,0.0,0.0,0.03,0.0,0.0,0.0,0.0,0.0,0.0,0.0,0.84,1.23,5.5,0.69,0.27,0.03,0.03,0.06,0.0,0.21,0.06,0.0,0.0,0.09,41.9,37.75,4.16,90.08,27.91,9.84,2.33,0.0,0.0,1.23,37.27,34,34,3009,0.09,0.0,0.96,0.39,4.73,0.12,2.93,50.52,1.38,52.87,1.56,48.6
368,832208,Serie A,Juventus,Dušan Vlahović,Forward,6.66,0.49,0.6,0.59,4.33,1.58,1.77,11.36,0.3,42.86,0.39,0.1,0.1,0.39,0.0,0.0,0.89,0.1,0.1,0.1,100.0,0.1,0.3,33.33,0.3,0.2,0.39,0.2,0.0,0.0,0.0,0.0,0.0,0.0,0.0,0.1,0.0,0.89,15.95,11.13,4.82,69.75,2.46,8.67,5.32,0.2,50.0,0.49,62.5,18,10,914,0.0,0.0,0.89,1.67,10.73,1.67,4.53,44.23,2.26,44.23,2.26,44.23
369,79645,Serie A,Juventus,Mattia Perin,Goalkeeper,6.66,0.0,0.0,0.0,0.0,0.0,0.0,0.0,0.0,0.0,0.0,0.0,0.0,0.0,0.0,0.0,0.0,0.0,0.0,0.0,0.0,0.0,0.0,0.0,0.0,0.0,0.4,0.0,0.0,0.0,0.13,0.0,0.0,0.27,0.0,0.0,0.0,0.13,18.13,15.47,2.67,85.29,14.4,1.07,0.4,0.0,0.0,2.53,48.72,8,8,675,0.0,0.0,0.0,0.13,2.67,0.0,0.13,100.0,0.0,0.0,0.13,100.0
370,253391,Serie A,Hellas Verona,Lorenzo Montipò,Goalkeeper,6.66,0.0,0.0,0.0,0.0,0.0,0.0,0.0,0.03,100.0,0.0,0.0,0.0,0.0,0.0,0.0,0.0,0.0,0.0,0.0,0.0,0.0,0.0,0.0,0.0,0.0,0.91,0.0,0.0,0.06,0.0,0.0,0.0,0.15,0.06,0.03,0.0,0.09,26.35,12.12,14.24,45.98,6.82,5.29,1.5,0.0,0.0,6.62,32.01,34,34,3060,0.0,0.0,0.0,0.24,14.32,0.0,0.38,100.0,0.21,100.0,0.18,100.0
371,973437,Serie A,Atalanta,Odilon Kossounou,Defender,6.66,0.09,0.04,0.0,0.45,0.09,0.18,20.0,0.45,45.45,0.0,0.09,0.0,0.0,0.09,0.0,0.09,0.0,0.0,0.0,0.0,0.0,0.0,0.0,1.54,0.81,2.63,0.63,0.36,0.09,0.0,0.09,0.0,0.18,0.0,0.0,0.0,0.36,56.95,52.06,4.89,91.41,31.6,20.46,7.79,0.09,50.0,1.72,57.58,19,10,994,0.09,0.0,1.45,0.27,7.42,0.36,3.35,42.53,2.17,45.28,1.18,38.24
372,839156,Serie A,Atalanta,Nikola Krstović,Forward,6.65,0.5,0.71,0.71,4.99,1.71,2.07,10.1,0.86,43.59,0.45,0.05,0.0,0.2,0.3,0.15,1.36,0.0,0.0,0.0,0.0,0.0,0.0,0.0,0.76,0.15,0.76,0.15,0.2,0.0,0.0,0.0,0.0,0.15,0.25,0.25,0.0,1.06,25.2,18.59,6.6,73.8,4.89,13.71,8.97,0.05,20.0,0.45,52.94,33,18,1786,0.2,0.0,2.27,1.36,13.2,1.16,5.95,44.19,2.92,42.03,3.02,46.51
373,1068885,Serie A,Genoa,Alessandro Marcandalli,Defender,6.65,0.0,0.01,0.0,0.14,0.07,0.04,0.0,0.14,50.0,0.0,0.0,0.0,0.0,0.0,0.0,0.0,0.0,0.0,0.0,0.0,0.0,0.0,0.0,1.11,0.68,3.64,0.39,0.07,0.07,0.07,0.0,0.0,0.25,0.04,0.07,0.0,0.36,41.84,34.57,7.28,82.61,21.51,13.06,4.14,0.18,50.0,1.57,39.29,31,28,2523,0.14,0.0,0.82,0.36,9.74,0.29,3.53,58.58,1.61,55.56,1.93,61.36
374,1210848,Serie A,Fiorentina,Pietro Comuzzo,Defender,6.65,0.06,0.06,0.06,0.56,0.11,0.39,10.0,0.06,50.0,0.06,0.0,0.06,0.0,0.0,0.0,0.0,0.0,0.0,0.0,0.0,0.0,0.0,0.0,1.79,1.29,5.42,0.73,0.61,0.0,0.0,0.11,0.0,0.06,0.0,0.0,0.0,0.17,52.83,47.68,5.14,90.26,32.59,15.09,4.42,0.0,0.0,2.07,53.62,26,17,1610,0.11,0.0,1.23,0.17,5.81,0.11,3.69,50.0,2.01,51.43,1.68,48.39
375,826064,Serie A,Bologna,Jens Odgaard,Midfielder,6.65,0.33,0.16,0.2,2.28,0.85,0.85,14.29,0.46,26.92,0.13,0.2,0.0,0.2,0.13,0.0,0.33,0.0,0.0,0.0,0.0,0.0,0.0,0.0,1.24,0.26,1.04,0.0,0.52,0.0,0.07,0.0,0.0,0.07,0.07,0.07,0.0,0.91,21.07,15.39,5.67,73.07,4.11,11.28,6.85,0.33,38.46,0.33,29.41,25,16,1380,0.07,0.0,1.76,1.83,12.59,2.09,5.8,41.98,3.39,38.24,2.41,48.68
376,1156616,Serie A,Inter,Francesco Pio Esposito,Forward,6.65,0.36,0.38,0.79,3.34,1.34,1.15,10.91,0.24,25.0,0.36,0.0,0.18,0.12,0.06,0.06,0.12,0.0,0.0,0.0,0.0,0.0,0.0,0.0,0.49,0.3,0.73,0.12,0.36,0.0,0.0,0.0,0.0,0.12,0.12,0.18,0.0,1.28,20.89,15.36,5.53,73.55,4.19,11.17,7.77,0.0,0.0,0.61,55.56,34,14,1482,0.06,0.0,1.7,2.67,11.36,1.28,5.83,49.23,3.34,47.01,2.49,52.56
378,831290,Serie A,Cremonese,David Okereke,Forward,6.65,0.45,0.15,0.0,1.8,1.12,0.45,25.0,1.12,38.46,0.45,0.0,0.0,0.22,0.22,0.0,0.45,0.0,0.0,0.0,0.0,0.0,0.0,0.0,0.68,0.0,0.68,0.22,0.68,0.0,0.0,0.0,0.0,0.0,0.22,0.0,0.0,0.68,22.05,19.35,2.7,87.76,4.5,14.85,6.98,0.22,20.0,0.45,100.0,10,3,400,0.0,0.0,0.22,0.9,9.45,1.12,5.4,35.82,2.7,41.38,2.7,31.58
379,917485,Serie A,Lecce,Walid Cheddira,Forward,6.65,0.31,0.23,0.31,2.39,0.85,0.69,12.9,0.93,50.0,0.31,0.0,0.08,0.0,0.23,0.08,0.69,0.0,0.0,0.0,0.0,0.0,0.0,0.0,0.46,0.15,0.23,0.15,0.23,0.0,0.0,0.0,0.0,0.0,0.0,0.08,0.0,0.85,15.58,10.57,5.01,67.82,2.93,7.63,5.09,0.15,28.57,0.23,60.0,32,11,1167,0.23,0.0,2.01,2.54,10.95,1.62,5.71,41.11,3.78,46.23,1.93,33.78
380,592794,Serie A,SSC Napoli,Alex Meret,Goalkeeper,6.65,0.0,0.0,0.0,0.0,0.0,0.0,0.0,0.0,0.0,0.0,0.0,0.0,0.0,0.0,0.0,0.0,0.0,0.0,0.0,0.0,0.0,0.0,0.0,0.0,0.0,0.6,0.0,0.0,0.0,0.0,0.1,0.0,0.3,0.1,0.1,0.0,0.1,31.9,26.4,5.5,82.76,24.7,1.7,0.3,0.0,0.0,4.3,45.74,10,10,900,0.1,0.0,0.1,0.1,5.6,0.0,0.2,50.0,0.0,0.0,0.2,66.67
381,964119,Serie A,Udinese,Jordan Zemura,Midfielder,6.65,0.0,0.04,0.0,0.43,0.09,0.26,0.0,0.77,30.0,0.0,0.0,0.0,0.0,0.0,0.0,0.17,0.09,0.0,0.0,0.0,0.0,0.17,0.0,2.49,0.6,2.23,0.34,0.86,0.0,0.0,0.0,0.0,0.17,0.17,0.09,0.0,1.03,26.45,19.06,7.39,72.08,6.1,12.97,7.73,0.77,25.71,1.29,38.46,16,12,1048,0.26,0.0,1.98,0.94,15.89,1.03,4.81,41.18,4.21,43.36,0.6,30.43
382,837080,Serie A,Hellas Verona,Antoine Bernede,Midfielder,6.65,0.04,0.05,0.04,0.81,0.16,0.39,4.76,0.66,45.95,0.0,0.04,0.0,0.0,0.04,0.08,0.04,0.0,0.0,0.0,0.0,0.0,0.0,0.0,2.72,0.54,0.7,0.23,1.12,0.0,0.04,0.0,0.0,0.04,0.12,0.08,0.0,1.16,34.53,26.73,7.8,77.42,10.2,16.53,9.16,0.19,18.52,1.09,34.15,32,29,2320,0.08,0.0,2.13,0.78,13.27,1.32,4.66,42.55,4.15,43.85,0.5,34.21
383,1404639,Serie A,Genoa,Sebastian Otoa,Defender,6.64,0.0,0.01,0.0,0.36,0.24,0.0,0.0,0.36,75.0,0.0,0.0,0.0,0.0,0.0,0.0,0.24,0.0,0.0,0.0,0.0,0.0,0.0,0.0,1.31,1.08,5.02,1.31,0.12,0.0,0.0,0.0,0.12,0.0,0.0,0.0,0.0,0.0,35.26,31.79,3.47,90.17,23.19,8.61,1.43,0.0,0.0,1.55,52.0,12,8,753,0.12,0.0,0.6,1.43,4.66,0.36,5.5,69.7,2.99,71.43,2.51,67.74
384,829570,Serie A,Fiorentina,Jack Harrison,Forward,6.64,0.1,0.08,0.1,1.11,0.3,0.51,9.09,1.01,34.48,0.1,0.0,0.0,0.1,0.0,0.0,0.0,0.0,0.0,0.0,0.0,0.0,0.0,0.0,0.71,0.1,0.61,0.1,1.11,0.0,0.0,0.0,0.0,0.3,0.0,0.3,0.0,1.21,34.52,28.35,6.18,82.11,10.12,18.22,10.02,0.91,16.36,0.4,23.53,14,9,889,0.1,0.0,0.81,0.51,15.89,1.42,2.63,28.57,2.23,29.73,0.4,23.53
386,945062,Serie A,Milan,Youssouf Fofana,Midfielder,6.64,0.08,0.15,0.21,1.84,0.71,0.75,4.55,0.54,35.14,0.08,0.0,0.0,0.0,0.08,0.0,0.0,0.0,0.0,0.0,0.0,0.0,0.0,0.0,1.68,0.75,0.67,0.17,0.75,0.0,0.17,0.04,0.0,0.13,0.21,0.13,0.0,1.51,32.88,27.22,5.65,82.8,11.01,16.21,8.59,0.08,20.0,0.92,50.0,32,27,2149,0.17,0.0,0.84,0.67,10.05,1.01,3.27,42.16,2.89,44.81,0.38,29.03
387,998830,Serie A,Hellas Verona,Daniel Oyegoke,Midfielder,6.64,0.0,0.01,0.0,0.45,0.15,0.3,0.0,1.04,58.33,0.0,0.0,0.0,0.0,0.0,0.0,0.15,0.0,0.0,0.0,0.0,0.0,0.0,0.0,2.38,1.04,1.78,0.0,0.45,0.0,0.0,0.0,0.0,0.0,0.0,0.0,0.0,0.45,26.29,19.75,6.53,75.14,6.83,12.92,6.53,0.89,18.75,0.59,36.36,15,8,606,0.3,0.0,1.93,0.74,16.93,1.04,5.2,50.0,4.16,51.85,1.04,43.75
388,1123175,Serie A,Cagliari,Riyad Idrissi,Defender,6.64,0.23,0.06,0.12,0.69,0.69,0.0,33.33,0.92,57.14,0.23,0.0,0.12,0.12,0.0,0.0,0.12,0.0,0.0,0.0,0.0,0.0,0.0,0.0,2.42,0.92,3.23,0.46,1.5,0.0,0.12,0.0,0.0,0.0,0.0,0.0,0.0,0.69,33.07,26.39,6.68,79.79,14.17,12.22,5.42,0.23,8.7,1.27,44.0,23,4,781,0.35,0.0,1.04,0.69,14.06,0.58,4.15,46.15,4.03,51.47,0.12,10.0
389,862697,Serie A,Bologna,Nicolò Casale,Defender,6.64,0.0,0.1,0.13,0.66,0.0,0.53,0.0,0.0,0.0,0.0,0.0,0.0,0.0,0.0,0.0,0.0,0.0,0.0,0.0,0.0,0.0,0.0,0.0,0.92,0.92,7.76,0.66,0.39,0.13,0.13,0.0,0.0,0.26,0.0,0.0,0.0,0.53,46.97,40.53,6.45,86.27,25.13,15.39,3.82,0.13,50.0,4.61,61.4,12,8,684,0.0,0.0,1.97,0.66,7.76,0.39,5.66,54.43,1.58,37.5,4.08,65.96
390,759520,Serie A,Inter,Denzel Dumfries,Midfielder,6.64,0.2,0.23,0.34,1.56,0.34,0.75,13.04,0.41,33.33,0.2,0.0,0.07,0.07,0.07,0.07,0.14,0.0,0.0,0.0,0.0,0.0,0.0,0.0,1.09,0.47,1.42,0.0,0.68,0.07,0.0,0.07,0.0,0.27,0.07,0.07,0.0,0.88,25.57,20.48,5.09,80.11,8.34,12.14,7.05,0.34,14.71,0.2,25.0,20,15,1327,0.14,0.0,1.36,0.88,11.6,0.47,4.41,49.62,2.37,45.45,2.03,55.56
391,105905,Serie A,Cagliari,Sulemana,Midfielder,6.63,0.1,0.15,0.1,0.91,0.2,0.51,11.11,1.12,50.0,0.1,0.0,0.0,0.0,0.1,0.1,0.0,0.0,0.0,0.0,0.0,0.0,0.0,0.0,1.83,0.51,1.63,0.3,0.51,0.0,0.2,0.1,0.0,0.1,0.0,0.0,0.0,0.61,38.91,34.33,4.57,88.25,18.08,16.25,6.2,0.0,0.0,1.12,55.0,18,7,886,0.2,0.0,1.22,1.02,8.94,1.02,5.49,50.0,3.96,50.65,1.52,48.39
392,284441,Serie A,Milan,Ruben Loftus-Cheek,Midfielder,6.63,0.23,0.25,0.39,2.27,0.47,0.94,10.34,0.94,46.15,0.23,0.0,0.16,0.0,0.08,0.0,0.08,0.0,0.0,0.0,0.0,0.0,0.0,0.0,1.1,0.39,1.25,0.08,0.39,0.0,0.0,0.0,0.0,0.0,0.23,0.08,0.0,0.78,31.77,26.84,4.93,84.48,6.81,20.03,10.02,0.23,30.0,0.39,38.46,28,12,1150,0.16,0.0,1.8,1.49,11.27,1.49,5.95,47.2,3.52,43.69,2.43,53.45
393,38162,Serie A,Torino,Duván Zapata,Forward,6.63,0.25,0.32,0.51,2.78,1.26,0.67,9.09,0.51,37.5,0.17,0.08,0.08,0.0,0.17,0.0,0.59,0.0,0.08,0.0,0.0,0.0,0.0,0.0,0.34,0.08,1.26,0.08,0.25,0.0,0.08,0.0,0.0,0.0,0.34,0.08,0.0,0.84,19.87,14.48,5.39,72.88,4.71,9.77,5.72,0.0,0.0,0.76,69.23,27,10,1069,0.0,0.0,1.26,1.94,11.45,1.26,5.47,44.52,2.61,45.59,2.86,43.59
394,856065,Serie A,Parma,Pontus Almqvist,Forward,6.63,0.0,0.07,0.21,0.62,0.41,0.0,0.0,1.24,37.5,0.0,0.0,0.0,0.0,0.0,0.0,0.21,0.0,0.0,0.0,0.0,0.0,0.0,0.0,1.66,1.24,0.62,0.0,1.04,0.0,0.0,0.0,0.0,0.0,0.41,0.0,0.0,1.66,20.74,16.38,4.35,79.0,5.81,10.58,7.26,0.62,50.0,0.41,40.0,12,4,434,0.0,0.0,1.24,2.7,12.24,2.49,6.84,46.48,5.6,45.76,1.24,50.0
396,869275,Serie A,Cremonese,Dennis Johnsen,Forward,6.62,0.23,0.1,0.0,1.15,0.46,0.23,20.0,1.15,38.46,0.23,0.0,0.0,0.0,0.23,0.0,0.23,0.0,0.0,0.0,0.0,0.0,0.0,0.0,0.69,0.0,0.92,0.0,0.69,0.0,0.23,0.0,0.0,0.0,0.23,0.23,0.0,0.92,22.15,11.31,10.85,51.04,5.54,5.77,3.69,1.15,41.67,0.46,18.18,11,5,390,0.0,0.0,0.46,0.92,20.31,1.38,4.62,45.45,2.77,40.0,1.85,57.14
397,122848,Serie A,Torino,Cristiano Biraghi,Defender,6.62,0.0,0.01,0.0,0.34,0.0,0.0,0.0,0.17,33.33,0.0,0.0,0.0,0.0,0.0,0.0,0.0,0.0,0.0,0.0,0.0,0.0,0.0,0.0,1.53,0.51,3.06,0.0,0.68,0.17,0.0,0.0,0.0,0.17,0.0,0.0,0.0,1.19,30.74,24.62,6.11,80.11,9.34,15.28,8.32,1.7,22.73,2.04,46.15,14,5,530,0.0,0.0,1.53,1.02,14.6,0.0,3.91,58.97,2.72,53.33,1.19,77.78
398,928295,Serie A,Parma,Adrian Benedyczak,Forward,6.62,0.19,0.27,0.56,1.48,0.56,0.74,12.5,0.0,0.0,0.19,0.0,0.0,0.0,0.19,0.0,0.19,0.0,0.19,0.19,100.0,0.0,0.0,0.0,1.11,0.0,1.48,0.19,0.74,0.0,0.0,0.0,0.0,0.0,0.56,0.19,0.0,1.67,17.78,13.15,4.63,73.96,3.89,9.26,6.11,0.37,20.0,0.93,55.56,14,5,486,0.19,0.0,1.67,1.11,9.07,0.19,5.74,44.93,1.85,40.0,3.89,47.73
399,14990,Serie A,Fiorentina,Edin Džeko,Forward,6.62,0.0,0.11,0.0,1.44,0.36,0.0,0.0,0.72,33.33,0.0,0.0,0.0,0.0,0.0,0.0,0.0,0.0,0.0,0.0,0.0,0.0,0.0,0.0,0.36,0.36,2.16,0.36,0.0,0.0,0.0,0.0,0.0,0.0,0.0,0.0,0.0,0.72,29.16,21.6,7.56,74.07,9.72,11.88,6.12,0.36,100.0,0.36,50.0,11,2,250,0.36,0.0,0.72,1.8,11.88,1.08,9.36,60.47,2.88,50.0,6.48,66.67
400,989894,Serie A,Sassuolo,Woyo Coulibaly,Defender,6.62,0.0,0.01,0.0,0.47,0.09,0.19,0.0,0.66,70.0,0.0,0.0,0.0,0.0,0.0,0.0,0.0,0.0,0.0,0.0,0.0,0.0,0.0,0.0,2.07,0.85,1.6,0.38,0.66,0.0,0.0,0.0,0.0,0.0,0.0,0.0,0.0,0.38,37.58,33.91,3.66,90.25,17.19,16.72,7.05,0.19,18.18,0.56,50.0,19,8,958,0.19,0.0,1.41,1.13,8.92,1.13,4.42,50.54,3.85,53.95,0.56,35.29
401,1127590,Serie A,Lecce,Mohamed Kaba,Midfielder,6.62,0.0,0.07,0.0,1.25,0.56,0.42,0.0,1.25,56.25,0.0,0.0,0.0,0.0,0.0,0.0,0.0,0.0,0.0,0.0,0.0,0.0,0.0,0.0,1.67,0.56,0.84,0.28,0.7,0.0,0.0,0.14,0.0,0.0,0.0,0.0,0.0,0.7,25.91,19.78,6.13,76.34,4.74,15.05,8.08,0.42,37.5,0.98,63.64,15,5,646,0.14,0.0,1.67,2.93,13.37,2.51,7.66,49.11,5.71,50.0,1.95,46.67
402,1175854,Serie A,Lecce,Oumar Ngom,Midfielder,6.62,0.0,0.03,0.0,0.56,0.22,0.0,0.0,0.67,60.0,0.0,0.0,0.0,0.0,0.0,0.0,0.0,0.0,0.0,0.0,0.0,0.0,0.0,0.0,2.69,1.35,1.8,0.22,1.23,0.0,0.0,0.0,0.0,0.0,0.0,0.0,0.0,0.45,28.62,23.79,4.83,83.14,10.55,13.24,5.95,0.11,33.33,1.01,56.25,14,9,802,0.11,0.0,1.68,0.67,7.63,1.01,5.16,48.42,3.93,48.61,1.23,47.83
403,909991,Serie A,Bologna,Simon Sohm,Midfielder,6.62,0.0,0.05,0.06,0.56,0.06,0.31,0.0,0.69,68.75,0.0,0.0,0.0,0.0,0.0,0.0,0.19,0.0,0.0,0.0,0.0,0.0,0.0,0.0,1.25,0.5,0.69,0.31,0.25,0.0,0.0,0.0,0.0,0.06,0.19,0.06,0.0,0.94,35.74,30.54,5.19,85.46,15.77,14.77,6.51,0.06,14.29,1.19,59.38,28,18,1438,0.19,0.0,1.56,0.88,7.39,0.31,4.07,46.43,2.63,53.16,1.44,37.7
404,868958,Serie A,Hellas Verona,Moatasem Al-Musrati,Midfielder,6.62,0.0,0.03,0.0,0.88,0.11,0.33,0.0,0.0,0.0,0.0,0.0,0.0,0.0,0.0,0.0,0.11,0.0,0.0,0.0,0.0,0.0,0.0,0.0,1.44,0.88,2.65,0.88,1.1,0.0,0.0,0.0,0.0,0.11,0.0,0.11,0.0,0.77,50.36,41.63,8.72,82.68,19.66,21.98,7.95,0.11,50.0,3.42,51.67,17,8,815,0.44,0.11,1.66,0.22,10.93,0.77,3.2,36.71,1.66,31.25,1.55,45.16
405,123976,Serie A,Como,Sergi Roberto,Midfielder,6.62,0.0,0.16,0.33,1.16,0.33,0.66,0.0,0.66,50.0,0.0,0.0,0.0,0.0,0.0,0.0,0.0,0.0,0.0,0.0,0.0,0.0,0.0,0.0,1.16,0.83,1.49,0.17,0.99,0.0,0.17,0.0,0.0,0.0,0.0,0.0,0.0,1.32,70.35,64.9,5.45,92.25,33.69,31.21,13.54,0.5,100.0,1.16,58.33,19,5,545,0.5,0.0,1.49,1.49,8.92,1.16,4.13,44.64,3.3,43.48,0.83,50.0
406,928777,Serie A,Cagliari,Michel Adopo,Midfielder,6.62,0.03,0.07,0.12,0.82,0.33,0.24,3.7,0.42,38.89,0.0,0.03,0.0,0.03,0.0,0.03,0.15,0.0,0.0,0.0,0.0,0.0,0.0,0.0,1.64,0.85,1.24,0.18,0.46,0.0,0.15,0.03,0.0,0.15,0.09,0.06,0.0,0.79,32.08,26.38,5.71,82.21,12.69,13.69,6.22,0.18,26.09,0.61,41.67,37,32,2965,0.12,0.0,1.03,0.76,9.35,1.12,3.76,45.76,2.82,46.73,0.94,43.06
407,928796,Serie A,Bologna,Tommaso Pobega,Midfielder,6.62,0.13,0.11,0.06,1.56,0.58,0.71,8.33,0.45,70.0,0.13,0.0,0.0,0.13,0.0,0.0,0.0,0.0,0.0,0.0,0.0,0.0,0.0,0.0,2.34,1.23,1.69,0.71,1.04,0.0,0.0,0.0,0.0,0.06,0.13,0.06,0.0,0.39,31.82,24.35,7.47,76.53,10.58,13.77,5.91,0.0,0.0,1.43,39.29,25,16,1386,0.13,0.06,2.14,0.78,9.61,0.45,5.0,50.0,3.57,49.11,1.43,52.38
408,1111640,Serie A,Torino,Matteo Prati,Midfielder,6.62,0.05,0.07,0.0,1.45,0.05,1.01,3.33,0.34,50.0,0.05,0.0,0.0,0.0,0.05,0.0,0.0,0.0,0.0,0.0,0.0,0.0,0.05,0.0,1.88,0.96,2.94,0.43,0.82,0.05,0.05,0.0,0.0,0.05,0.24,0.05,0.0,0.58,40.33,32.18,8.14,79.81,17.92,14.26,5.35,0.24,33.33,2.6,43.9,32,22,1868,0.29,0.0,1.4,0.43,9.88,0.24,3.37,49.3,2.65,48.67,0.72,51.72
409,1126175,Serie A,Udinese,Saba Goglichidze,Defender,6.62,0.0,0.04,0.21,0.64,0.21,0.43,0.0,0.0,0.0,0.0,0.0,0.0,0.0,0.0,0.0,0.0,0.0,0.0,0.0,0.0,0.0,0.0,0.0,2.35,1.71,3.41,0.21,0.43,0.0,0.0,0.43,0.0,0.0,0.0,0.0,0.0,0.43,39.24,31.99,7.25,81.52,21.11,10.88,5.97,0.21,50.0,6.82,68.09,8,4,422,0.43,0.0,1.07,0.85,8.74,0.21,4.27,60.61,3.2,65.22,1.07,50.0
410,1067204,Serie A,Fiorentina,Giovanni Fabbian,Midfielder,6.61,0.17,0.18,0.08,1.5,0.42,0.91,11.11,0.33,30.77,0.17,0.0,0.08,0.0,0.08,0.0,0.17,0.0,0.0,0.0,0.0,0.0,0.0,0.0,0.83,0.5,1.33,0.08,0.58,0.0,0.08,0.0,0.0,0.08,0.25,0.0,0.0,0.66,22.44,17.7,4.74,78.89,7.98,9.72,4.9,0.0,0.0,0.91,55.0,28,11,1083,0.17,0.0,1.5,2.16,9.22,1.16,5.65,47.55,3.24,46.99,2.41,48.33
411,856737,Serie A,Torino,Zakaria Aboukhlal,Forward,6.61,0.0,0.06,0.0,1.21,0.35,0.52,0.0,1.04,35.29,0.0,0.0,0.0,0.0,0.0,0.0,1.21,0.0,0.0,0.0,0.0,0.0,0.0,0.0,3.81,0.17,1.38,0.17,1.9,0.0,0.0,0.0,0.0,0.0,0.17,0.0,0.0,0.52,28.73,21.29,7.44,74.1,8.65,12.63,6.92,0.35,11.11,1.04,37.5,15,6,520,0.69,0.0,2.08,1.9,17.31,1.04,7.44,46.74,6.75,49.37,0.69,30.77
412,786259,Serie A,AS Roma,Kostas Tsimikas,Defender,6.61,0.0,0.06,0.14,0.98,0.0,0.56,0.0,0.84,60.0,0.0,0.0,0.0,0.0,0.0,0.0,0.14,0.0,0.0,0.0,0.0,0.0,0.0,0.0,1.54,1.12,2.52,0.28,0.84,0.0,0.0,0.0,0.0,0.0,0.0,0.0,0.0,0.56,37.03,29.63,7.41,80.0,14.53,15.09,7.27,0.98,16.28,1.12,30.77,18,6,644,0.14,0.0,1.26,1.12,16.63,1.12,4.19,47.62,3.49,48.08,0.7,45.45
413,848279,Serie A,Torino,Enzo Ebosse,Defender,6.61,0.0,0.0,0.0,0.07,0.0,0.07,0.0,0.15,50.0,0.0,0.0,0.0,0.0,0.0,0.0,0.0,0.0,0.0,0.0,0.0,0.0,0.0,0.0,0.87,0.73,3.7,0.87,0.36,0.07,0.0,0.0,0.0,0.22,0.07,0.07,0.07,0.44,56.93,51.35,5.58,90.19,32.78,18.57,7.4,0.15,40.0,2.61,46.75,16,15,1241,0.22,0.0,1.52,0.73,7.32,0.44,2.61,40.91,1.74,41.38,0.87,40.0
414,877835,Serie A,Como,Nicolas-Gerrit Kühn,Forward,6.61,0.14,0.14,0.14,1.1,0.41,0.27,12.5,1.37,52.63,0.14,0.0,0.0,0.14,0.0,0.0,0.41,0.0,0.0,0.0,0.0,0.0,0.0,0.0,1.79,0.69,0.0,0.0,1.65,0.0,0.0,0.0,0.0,0.0,0.14,0.14,0.0,1.51,29.82,24.46,5.36,82.03,4.67,19.79,11.95,0.55,28.57,0.55,44.44,23,6,655,0.0,0.0,0.82,0.27,12.09,1.37,3.85,38.36,3.44,40.98,0.41,25.0
415,788061,Serie A,Sassuolo,M'bala Nzola,Forward,6.61,0.24,0.44,0.3,2.35,0.66,1.02,10.26,1.14,52.78,0.24,0.0,0.0,0.24,0.0,0.12,0.9,0.0,0.18,0.12,66.67,0.0,0.0,0.0,0.48,0.18,0.72,0.06,0.18,0.0,0.0,0.0,0.0,0.18,0.06,0.06,0.0,1.14,17.39,13.72,3.67,78.89,4.15,9.57,6.32,0.06,14.29,0.42,70.0,29,15,1496,0.12,0.06,1.68,1.56,11.19,2.11,5.72,46.34,3.19,41.09,2.53,55.26
416,273405,Serie A,Lazio,Manuel Lazzari,Defender,6.61,0.0,0.01,0.0,0.38,0.19,0.09,0.0,0.95,45.45,0.0,0.0,0.0,0.0,0.0,0.0,0.0,0.0,0.0,0.0,0.0,0.0,0.0,0.0,1.23,0.57,2.28,0.09,0.28,0.0,0.0,0.0,0.0,0.0,0.0,0.0,0.0,0.19,36.99,31.58,5.41,85.38,16.12,15.46,7.49,0.28,18.75,0.85,56.25,22,9,949,0.19,0.0,0.85,1.71,11.0,0.57,4.08,50.59,3.79,57.14,0.28,20.0
417,1435226,Serie A,Genoa,Nils Zätterström,Defender,6.6,0.0,0.0,0.0,0.0,0.0,0.0,0.0,0.99,50.0,0.0,0.0,0.0,0.0,0.0,0.0,0.0,0.0,0.0,0.0,0.0,0.0,0.0,0.0,0.99,1.98,0.0,0.0,0.0,0.0,0.0,0.0,0.0,0.99,0.0,0.0,0.0,0.0,43.52,36.59,6.92,84.09,30.66,5.93,0.99,0.0,0.0,0.0,0.0,2,1,91,0.0,0.0,0.99,0.0,8.9,0.99,1.98,33.33,1.98,40.0,0.0,0.0
418,2049928,Serie A,Cagliari,Paul Mendy,Forward,6.6,0.56,0.45,0.28,3.91,0.56,2.52,14.29,0.56,50.0,0.56,0.0,0.28,0.28,0.0,0.0,0.56,0.0,0.0,0.0,0.0,0.0,0.0,0.0,0.0,0.28,0.84,0.28,0.28,0.0,0.0,0.0,0.0,0.0,0.0,0.0,0.0,1.4,18.73,12.86,5.87,68.66,2.24,10.62,6.71,0.0,0.0,0.84,75.0,8,3,322,0.28,0.0,3.35,1.12,16.49,3.35,6.43,31.94,1.68,18.18,4.75,43.59
421,1495719,Serie A,Udinese,Matteo Palma,Defender,6.6,0.0,0.0,0.0,0.0,0.0,0.0,0.0,0.0,0.0,0.0,0.0,0.0,0.0,0.0,0.0,0.0,0.0,0.0,0.0,0.0,0.0,0.0,0.0,1.45,1.45,6.53,0.73,0.73,0.0,0.0,0.0,0.0,0.0,0.0,0.0,0.0,0.0,38.47,29.03,9.44,75.47,18.87,10.16,3.63,0.0,0.0,1.45,22.22,5,1,124,0.0,0.0,2.18,0.0,13.06,0.0,7.26,58.82,1.45,33.33,5.81,72.73
422,945448,Serie A,Cagliari,Zé Pedro,Defender,6.6,0.0,0.04,0.05,0.27,0.0,0.22,0.0,0.27,71.43,0.0,0.0,0.0,0.0,0.0,0.05,0.0,0.0,0.0,0.0,0.0,0.0,0.0,0.0,1.69,1.09,4.31,0.71,1.2,0.05,0.11,0.0,0.0,0.22,0.05,0.05,0.0,0.16,48.93,42.33,6.6,86.51,30.22,12.11,3.93,0.0,0.0,1.64,33.71,22,19,1650,0.27,0.0,1.53,0.82,9.27,0.0,3.71,47.22,2.73,50.0,0.98,40.91
423,253369,Serie A,Hellas Verona,Simone Perilli,Goalkeeper,6.6,0.0,0.0,0.0,0.0,0.0,0.0,0.0,0.0,0.0,0.0,0.0,0.0,0.0,0.0,0.0,0.0,0.0,0.0,0.0,0.0,0.0,0.0,0.0,0.0,0.0,0.67,0.0,0.0,0.0,0.0,0.0,0.0,0.33,0.0,0.0,0.0,0.0,26.0,12.33,13.67,47.44,8.67,3.67,1.0,0.0,0.0,5.33,28.57,3,3,270,0.0,0.0,0.0,0.0,13.67,0.0,0.0,0.0,0.0,0.0,0.0,0.0
424,911355,Serie A,Pisa,Simone Canestrelli,Defender,6.6,0.03,0.03,0.06,0.43,0.09,0.23,6.67,0.09,60.0,0.03,0.0,0.03,0.0,0.0,0.0,0.03,0.0,0.0,0.0,0.0,0.0,0.0,0.0,1.13,0.93,5.27,0.58,0.38,0.03,0.06,0.03,0.0,0.14,0.03,0.0,0.0,0.29,34.08,27.37,6.71,80.31,18.6,8.77,2.72,0.03,8.33,1.94,40.85,36,35,3111,0.12,0.0,1.22,0.61,9.69,0.17,4.51,56.93,1.82,51.64,2.69,61.18
425,309156,Serie A,Genoa,Caleb Ekuban,Forward,6.6,0.37,0.34,0.18,2.65,0.91,1.28,13.79,0.73,33.33,0.37,0.0,0.0,0.09,0.27,0.0,0.55,0.0,0.0,0.0,0.0,0.0,0.0,0.0,0.37,0.46,0.46,0.09,0.18,0.0,0.0,0.0,0.0,0.0,0.09,0.09,0.0,1.0,13.97,9.58,4.38,68.63,3.01,6.57,3.92,0.09,16.67,0.18,40.0,31,6,986,0.0,0.0,1.46,2.65,11.32,1.46,5.84,45.71,3.74,46.59,2.1,44.23
426,965009,Serie A,Parma,Gaetano Oristanio,Midfielder,6.6,0.11,0.21,0.21,2.52,0.42,1.05,4.17,1.58,48.39,0.11,0.0,0.0,0.11,0.0,0.21,0.42,0.0,0.0,0.0,0.0,0.0,0.0,0.0,0.95,0.21,0.63,0.0,0.84,0.0,0.0,0.0,0.0,0.0,0.0,0.0,0.0,1.05,16.38,13.44,2.94,82.05,2.52,10.92,6.93,0.42,25.0,1.05,90.91,20,8,857,0.11,0.0,1.37,2.1,12.18,2.73,5.46,43.33,4.52,42.57,0.95,47.37
429,1000366,Serie A,Cremonese,Warren Bondo,Midfielder,6.6,0.0,0.01,0.0,0.41,0.1,0.15,0.0,0.76,57.69,0.0,0.0,0.0,0.0,0.0,0.0,0.0,0.0,0.0,0.0,0.0,0.0,0.0,0.0,1.58,0.41,0.46,0.15,0.46,0.0,0.05,0.0,0.0,0.2,0.0,0.0,0.0,0.15,39.48,35.46,4.02,89.82,20.81,14.65,5.19,0.0,0.0,1.32,57.78,27,22,1769,0.25,0.0,1.98,1.68,7.12,1.02,4.32,49.13,4.02,50.97,0.31,33.33
430,886628,Serie A,Lecce,Þórir Jóhann Helgason,Midfielder,6.59,0.0,0.13,0.0,1.86,1.24,0.0,0.0,3.72,85.71,0.0,0.0,0.0,0.0,0.0,0.0,0.0,0.0,0.0,0.0,0.0,0.0,0.62,0.0,1.24,1.86,0.0,1.24,0.0,0.0,0.0,0.0,0.0,0.0,0.0,0.0,0.0,1.86,28.55,20.48,8.07,71.74,4.97,15.52,8.69,1.86,50.0,0.62,25.0,8,1,145,0.0,0.0,0.0,0.0,14.9,1.86,5.59,60.0,4.97,66.67,0.62,33.33
431,1149288,Serie A,Juventus,Vasilije Adžić,Midfielder,6.59,0.47,0.11,0.0,2.8,1.87,0.47,16.67,0.47,14.29,0.0,0.47,0.0,0.0,0.47,0.0,0.0,0.0,0.0,0.0,0.0,0.0,0.47,0.0,1.87,0.93,1.4,0.0,0.93,0.47,0.47,0.0,0.0,0.0,0.0,0.0,0.0,1.87,46.63,40.1,6.53,86.0,15.85,24.25,14.46,0.0,0.0,1.87,66.67,10,1,193,0.0,0.0,1.4,0.93,13.99,0.93,3.73,28.57,3.26,35.0,0.47,12.5
432,907667,Serie A,Torino,Tino Anjorin,Midfielder,6.59,0.0,0.15,0.31,1.26,0.31,0.0,0.0,0.94,60.0,0.0,0.0,0.0,0.0,0.0,0.0,0.31,0.0,0.0,0.0,0.0,0.0,0.0,0.0,2.83,1.89,1.26,0.31,0.63,0.0,0.0,0.0,0.0,0.0,0.0,0.0,0.0,0.94,39.02,31.78,7.24,81.45,11.64,20.14,9.13,0.31,100.0,0.94,42.86,15,1,286,0.31,0.0,2.52,0.31,12.27,0.63,6.61,50.0,4.09,48.15,2.52,53.33
433,933203,Serie A,Genoa,Mikael Ellertsson,Midfielder,6.59,0.03,0.08,0.1,0.87,0.2,0.4,3.85,0.37,27.5,0.03,0.0,0.0,0.0,0.03,0.0,0.03,0.07,0.0,0.0,0.0,0.0,0.0,0.0,1.47,0.5,1.37,0.27,0.8,0.0,0.0,0.0,0.0,0.23,0.17,0.03,0.0,0.5,20.7,15.57,5.12,75.24,5.93,9.65,5.39,0.23,22.58,0.44,28.26,35,30,2687,0.03,0.03,0.94,1.37,10.01,0.6,3.52,45.26,3.15,48.7,0.37,28.21
434,208988,Serie A,Fiorentina,Pablo Marí,Defender,6.59,0.0,0.0,0.0,0.22,0.0,0.22,0.0,0.0,0.0,0.0,0.0,0.0,0.0,0.0,0.0,0.0,0.0,0.0,0.0,0.0,0.0,0.0,0.0,1.33,2.45,5.23,0.78,0.33,0.0,0.0,0.0,0.0,0.11,0.0,0.0,0.0,0.22,50.62,46.5,4.12,91.87,35.49,11.01,2.34,0.0,0.0,1.78,40.0,11,9,809,0.33,0.0,1.89,0.89,4.67,0.0,4.23,50.67,2.22,50.0,2.0,51.43
435,962364,Serie A,SSC Napoli,Lorenzo Lucca,Forward,6.59,0.21,0.27,0.43,3.21,1.07,0.86,6.67,1.29,66.67,0.21,0.0,0.0,0.0,0.21,0.21,0.86,0.0,0.0,0.0,0.0,0.0,0.0,0.0,0.0,0.0,0.64,0.0,0.21,0.0,0.0,0.0,0.0,0.0,0.21,0.0,0.0,0.43,14.14,11.14,3.0,78.79,3.86,7.29,4.71,0.0,0.0,0.21,100.0,16,4,420,0.21,0.0,3.64,2.79,9.21,1.93,6.0,41.79,3.86,40.0,2.14,45.45
436,978327,Serie A,Lecce,N'Dri Konan,Forward,6.59,0.35,0.18,0.17,3.28,0.86,1.73,10.53,1.55,21.43,0.0,0.35,0.0,0.35,0.0,0.0,0.17,0.0,0.0,0.0,0.0,0.0,0.17,0.0,1.9,0.35,0.0,0.0,1.55,0.0,0.0,0.0,0.0,0.0,0.35,0.0,0.0,0.69,22.28,15.89,6.39,71.32,3.11,12.78,9.33,0.35,8.7,0.86,62.5,26,1,521,0.52,0.0,1.55,3.11,22.98,2.25,7.43,37.39,6.56,37.62,0.86,35.71
437,989276,Serie A,Sassuolo,Josh Doig,Defender,6.59,0.0,0.03,0.05,0.51,0.19,0.28,0.0,0.42,30.0,0.0,0.0,0.0,0.0,0.0,0.05,0.0,0.0,0.0,0.0,0.0,0.0,0.0,0.0,1.54,1.07,2.52,0.65,0.42,0.05,0.05,0.05,0.0,0.19,0.19,0.0,0.0,0.7,34.21,28.04,6.17,81.97,14.95,13.08,5.51,0.61,34.21,0.65,24.56,30,22,1926,0.23,0.0,0.75,0.89,12.52,0.56,4.16,50.28,2.8,51.72,1.36,47.54
438,1142692,Serie A,Torino,Rafael Obrador,Defender,6.59,0.08,0.02,0.0,0.59,0.17,0.25,14.29,0.68,29.63,0.0,0.08,0.0,0.08,0.0,0.0,0.08,0.0,0.0,0.0,0.0,0.0,0.0,0.0,1.87,0.93,1.95,0.08,0.85,0.08,0.0,0.0,0.0,0.08,0.08,0.17,0.0,0.93,28.95,23.6,5.35,81.52,12.91,10.7,5.26,1.19,25.93,1.1,37.14,15,13,1060,0.08,0.0,0.51,0.42,13.08,0.42,3.14,41.57,2.97,46.67,0.17,14.29
439,1493157,Serie A,Torino,Alieu Njie,Forward,6.58,0.32,0.3,0.95,1.58,0.63,0.95,20.0,1.27,33.33,0.0,0.32,0.0,0.0,0.32,0.32,0.0,0.0,0.0,0.0,0.0,0.0,0.0,0.0,1.58,0.0,0.32,0.0,0.32,0.32,0.0,0.0,0.0,0.0,0.0,0.32,0.0,0.95,17.43,12.36,5.07,70.91,3.49,8.87,6.34,0.0,0.0,0.0,0.0,14,2,284,0.63,0.0,2.22,1.9,13.31,1.58,6.02,42.22,4.75,41.67,1.27,44.44
440,1000150,Serie A,Cagliari,Zito Luvumbo,Forward,6.58,0.0,0.3,0.54,3.22,1.61,1.34,0.0,0.81,25.0,0.0,0.0,0.0,0.0,0.0,0.0,0.0,0.0,0.0,0.0,0.0,0.0,0.0,0.0,0.54,0.27,0.27,0.0,0.81,0.0,0.0,0.0,0.0,0.0,0.27,0.0,0.0,0.81,17.46,13.43,4.03,76.92,3.22,10.21,5.64,0.54,28.57,0.0,0.0,12,2,335,0.0,0.0,1.07,4.84,12.63,1.34,6.45,50.0,6.18,53.49,0.27,20.0
442,1142606,Serie A,Cagliari,Semih Kılıçsoy,Forward,6.58,0.37,0.17,0.0,1.55,0.73,0.27,23.53,1.28,56.0,0.27,0.09,0.09,0.09,0.18,0.0,0.18,0.0,0.0,0.0,0.0,0.0,0.0,0.0,0.46,0.09,0.0,0.09,0.0,0.0,0.0,0.0,0.0,0.0,0.0,0.0,0.0,1.01,21.95,16.92,5.03,77.08,6.59,10.34,4.57,0.09,100.0,1.19,92.86,22,11,984,0.09,0.0,1.28,1.37,12.53,2.65,3.66,31.75,3.11,39.08,0.55,15.38
443,1945133,Serie A,Hellas Verona,Fallou Cham,Defender,6.58,0.0,0.13,0.0,1.91,0.77,1.15,0.0,0.38,50.0,0.0,0.0,0.0,0.0,0.0,0.0,0.38,0.0,0.0,0.0,0.0,0.0,0.0,0.0,5.36,1.53,2.3,0.0,1.15,0.0,0.0,0.0,0.0,0.0,0.38,0.0,0.0,1.53,20.3,12.26,8.04,60.38,6.13,6.13,3.83,0.38,10.0,1.15,60.0,6,3,235,0.0,0.0,2.68,1.91,16.09,0.38,8.43,61.11,7.66,62.5,0.77,50.0
444,116666,Serie A,Pisa,Antonio Caracciolo,Defender,6.58,0.06,0.06,0.03,0.73,0.18,0.41,8.0,0.09,33.33,0.06,0.0,0.0,0.0,0.06,0.0,0.06,0.0,0.0,0.0,0.0,0.0,0.0,0.0,2.08,1.46,5.62,0.7,0.97,0.03,0.03,0.03,0.03,0.15,0.0,0.0,0.0,0.06,36.07,30.39,5.68,84.25,23.57,6.82,1.58,0.03,33.33,1.84,38.65,35,34,3074,0.29,0.0,1.17,0.32,6.97,0.23,4.07,53.26,2.46,50.6,1.61,57.89
445,1100354,Serie A,Cremonese,Romano Floriani Mussolini,Midfielder,6.58,0.0,0.03,0.0,0.39,0.08,0.24,0.0,0.47,37.5,0.0,0.0,0.0,0.0,0.0,0.0,0.16,0.16,0.0,0.0,0.0,0.0,0.0,0.0,2.13,0.39,2.92,0.39,0.63,0.0,0.0,0.0,0.0,0.08,0.32,0.08,0.0,0.71,23.76,16.66,7.11,70.1,7.58,9.08,4.58,0.32,13.79,0.32,21.05,27,12,1140,0.16,0.0,1.5,0.39,13.03,0.63,4.42,45.53,2.84,45.0,1.58,46.51
446,108673,Serie A,Genoa,Nicolae Stanciu,Midfielder,6.58,0.0,0.57,0.47,2.36,0.0,1.41,0.0,0.47,50.0,0.0,0.0,0.0,0.0,0.0,0.0,0.0,0.0,0.47,0.0,0.0,0.0,0.47,0.0,1.88,1.41,0.94,0.0,0.0,0.0,0.0,0.0,0.0,0.0,0.0,0.0,0.0,0.94,37.23,27.8,9.42,74.68,15.08,12.72,10.37,0.47,11.11,2.36,71.43,4,2,191,0.0,0.0,0.47,0.94,16.96,0.94,3.77,61.54,3.3,63.64,0.47,50.0
447,1154898,Serie A,Sassuolo,Luca Lipani,Midfielder,6.58,0.0,0.08,0.1,1.14,0.29,0.48,0.0,0.19,28.57,0.0,0.0,0.0,0.0,0.0,0.0,0.1,0.0,0.0,0.0,0.0,0.0,0.0,0.0,2.48,1.33,2.38,0.19,1.52,0.0,0.0,0.0,0.0,0.1,0.1,0.1,0.0,1.05,41.52,34.29,7.24,82.57,17.14,17.14,7.24,0.0,0.0,1.81,47.5,23,9,945,0.29,0.0,2.57,0.57,10.67,1.14,4.38,40.35,3.24,36.96,1.14,54.55
448,972523,Serie A,Hellas Verona,Cheikh Niasse,Midfielder,6.58,0.0,0.02,0.0,0.55,0.09,0.37,0.0,0.37,66.67,0.0,0.0,0.0,0.0,0.0,0.0,0.18,0.0,0.0,0.0,0.0,0.0,0.0,0.0,1.92,1.28,1.65,0.46,0.92,0.0,0.0,0.09,0.0,0.0,0.0,0.09,0.0,1.01,33.05,26.83,6.23,81.16,11.81,15.02,5.68,0.55,50.0,0.64,33.33,20,11,983,0.09,0.0,1.83,1.37,9.06,0.46,5.58,47.66,3.66,54.79,1.92,38.18
449,1459764,Serie A,Pisa,Lorran,Midfielder,6.58,0.8,0.81,0.0,2.39,0.8,0.8,33.33,4.78,50.0,0.8,0.0,0.0,0.8,0.0,0.0,0.0,0.0,0.0,0.0,0.0,0.0,0.0,0.0,3.98,2.39,0.8,0.0,0.8,0.0,0.0,0.0,0.0,0.0,0.0,0.0,0.0,0.8,47.79,37.43,10.35,78.33,14.34,23.1,15.13,0.8,25.0,2.39,37.5,9,0,113,0.0,0.0,0.0,2.39,26.28,1.59,11.15,53.85,11.15,60.87,0.0,0.0
450,377512,Serie A,SSC Napoli,Pasquale Mazzocchi,Midfielder,6.58,0.0,0.01,0.0,0.59,0.29,0.29,0.0,1.18,44.44,0.0,0.0,0.0,0.0,0.0,0.0,0.29,0.0,0.0,0.0,0.0,0.0,0.0,0.0,0.59,0.88,2.94,0.0,0.29,0.0,0.29,0.0,0.0,0.0,0.59,0.29,0.0,1.18,47.65,40.0,7.65,83.95,18.53,21.47,10.29,1.18,28.57,1.18,40.0,15,2,306,0.0,0.29,0.29,0.0,17.06,1.18,3.53,46.15,1.76,35.29,1.76,66.67
451,1525361,Serie A,Pisa,Mateus Lusuardi,Defender,6.57,0.0,0.03,0.0,1.81,0.0,0.45,0.0,0.45,50.0,0.0,0.0,0.0,0.0,0.0,0.0,0.0,0.0,0.0,0.0,0.0,0.0,0.0,0.0,0.9,0.0,5.43,2.26,1.36,0.0,0.0,0.0,0.0,0.0,0.0,0.0,0.0,0.45,35.73,29.4,6.33,82.28,21.71,7.69,1.81,0.0,0.0,1.81,44.44,3,3,199,0.45,0.0,1.81,0.0,7.69,0.0,4.97,52.38,1.36,27.27,3.62,80.0
452,892430,Serie A,Sassuolo,Fali Candé,Defender,6.57,0.0,0.04,0.0,0.53,0.0,0.53,0.0,0.0,0.0,0.0,0.0,0.0,0.0,0.0,0.0,0.0,0.0,0.0,0.0,0.0,0.0,0.0,0.0,1.58,0.35,4.92,0.53,0.7,0.0,0.18,0.18,0.0,0.0,0.0,0.0,0.0,0.18,33.57,25.66,7.91,76.44,16.35,9.32,2.99,0.0,0.0,1.05,25.0,12,5,512,0.35,0.0,1.58,1.05,11.95,0.18,4.57,46.43,2.64,53.57,1.93,39.29
453,927304,Serie A,Cagliari,Gabriele Zappa,Defender,6.57,0.0,0.04,0.06,0.59,0.06,0.42,0.0,0.3,38.46,0.0,0.0,0.0,0.0,0.0,0.06,0.0,0.0,0.0,0.0,0.0,0.0,0.0,0.0,1.66,1.01,2.55,0.12,1.13,0.0,0.06,0.0,0.0,0.06,0.24,0.18,0.0,0.71,50.16,42.21,7.94,84.16,24.19,18.02,8.18,0.71,34.29,1.78,37.97,30,17,1518,0.12,0.0,0.77,0.3,11.92,0.12,2.91,48.51,2.25,48.1,0.65,50.0
454,892521,Serie A,Hellas Verona,Unai Núñez,Defender,6.57,0.0,0.03,0.0,0.5,0.07,0.21,0.0,0.64,75.0,0.0,0.0,0.0,0.0,0.0,0.0,0.0,0.0,0.0,0.0,0.0,0.0,0.0,0.0,1.71,1.64,4.41,0.92,0.5,0.0,0.0,0.0,0.07,0.14,0.0,0.0,0.0,0.36,39.27,30.66,8.61,78.08,16.43,14.23,5.98,0.21,27.27,2.99,43.3,17,15,1265,0.36,0.0,1.92,0.71,10.67,0.14,4.98,50.0,2.99,53.16,1.99,45.9
455,139410,Serie A,Cremonese,Federico Ceccherini,Defender,6.57,0.0,0.04,0.0,0.92,0.37,0.55,0.0,0.18,100.0,0.0,0.0,0.0,0.0,0.0,0.0,0.0,0.0,0.0,0.0,0.0,0.0,0.0,0.0,1.29,1.29,4.6,0.92,0.0,0.0,0.0,0.0,0.0,0.0,0.18,0.18,0.0,0.37,41.6,33.31,8.28,80.09,23.01,10.31,4.23,0.0,0.0,1.66,28.13,9,6,489,0.18,0.18,1.84,1.66,11.6,0.18,5.89,60.38,2.94,61.54,2.94,59.26
456,849274,Serie A,Cremonese,Youssef Maleh,Midfielder,6.57,0.06,0.06,0.06,1.27,0.23,0.75,4.55,0.41,43.75,0.0,0.06,0.0,0.06,0.0,0.06,0.0,0.0,0.0,0.0,0.0,0.0,0.0,0.0,2.2,0.81,1.97,0.17,0.75,0.06,0.0,0.0,0.0,0.12,0.06,0.0,0.0,0.52,33.82,26.58,7.24,78.6,12.39,14.19,6.6,0.52,17.31,1.51,37.68,22,18,1554,0.23,0.06,2.08,1.04,12.8,0.93,4.29,45.4,3.65,46.32,0.64,40.74
457,1009661,Serie A,Udinese,Oier Zarraga,Midfielder,6.57,0.0,0.05,0.18,0.74,0.18,0.18,0.0,0.18,33.33,0.0,0.0,0.0,0.0,0.0,0.18,0.0,0.0,0.0,0.0,0.0,0.0,0.0,0.0,1.11,1.11,2.59,0.55,2.77,0.0,0.0,0.0,0.0,0.0,0.18,0.0,0.0,0.37,28.83,25.87,2.96,89.74,10.9,14.97,7.21,0.37,16.67,0.74,36.36,23,2,487,0.37,0.0,1.48,0.92,7.21,0.55,3.7,37.04,2.22,30.0,1.48,57.14
458,970778,Serie A,Pisa,Gabriele Piccinini,Midfielder,6.57,0.0,0.23,0.53,1.92,0.75,0.53,0.0,0.43,33.33,0.0,0.0,0.0,0.0,0.0,0.0,0.0,0.0,0.0,0.0,0.0,0.0,0.0,0.0,2.24,0.11,1.07,0.0,0.64,0.0,0.0,0.0,0.0,0.0,0.21,0.0,0.0,0.75,23.89,18.77,5.12,78.57,8.85,9.92,5.33,0.21,10.53,0.75,63.64,24,5,844,0.21,0.0,1.07,1.28,10.66,1.17,5.65,50.0,3.84,51.43,1.81,47.22
459,798820,Serie A,AS Roma,Artem Dovbyk,Forward,6.57,0.68,0.57,0.68,2.73,1.36,1.14,25.0,0.45,66.67,0.68,0.0,0.23,0.45,0.0,0.23,0.91,0.0,0.0,0.0,0.0,0.0,0.0,0.0,0.68,0.23,0.68,0.0,0.0,0.0,0.0,0.0,0.0,0.0,0.45,0.23,0.0,2.5,19.77,14.09,5.68,71.26,2.95,11.14,6.59,0.0,0.0,0.0,0.0,14,3,396,0.0,0.0,2.5,1.36,12.5,2.5,5.91,46.43,2.5,33.33,3.41,65.22
460,1514800,Serie A,AS Roma,Robinio Vaz,Forward,6.57,0.43,0.22,0.0,2.16,0.87,0.87,20.0,0.0,0.0,0.43,0.0,0.43,0.0,0.0,0.0,0.87,0.0,0.0,0.0,0.0,0.0,0.0,0.0,0.0,0.87,0.43,0.0,0.43,0.0,0.0,0.0,0.0,0.0,0.0,0.0,0.0,0.0,14.71,9.52,5.19,64.71,2.16,7.36,5.19,0.43,33.33,0.0,0.0,11,0,208,0.0,0.0,0.43,5.19,13.85,2.16,7.36,50.0,5.19,60.0,2.16,35.71
461,1613917,Serie A,Genoa,Jeff Ekhator,Forward,6.56,0.28,0.27,0.38,1.9,0.47,0.85,15.0,1.14,54.55,0.28,0.0,0.0,0.09,0.19,0.0,0.95,0.09,0.0,0.0,0.0,0.0,0.0,0.0,1.14,0.19,0.47,0.0,0.57,0.0,0.0,0.0,0.0,0.0,0.09,0.0,0.0,0.95,16.98,9.96,7.02,58.66,3.51,6.45,3.7,0.0,0.0,0.19,50.0,30,9,949,0.28,0.0,1.9,1.8,14.23,1.61,6.54,45.39,4.08,44.79,2.47,46.43
462,125407,Serie A,Como,Álvaro Morata,Forward,6.56,0.0,0.48,0.78,2.25,0.78,1.07,0.0,0.2,28.57,0.0,0.0,0.0,0.0,0.0,0.0,0.78,0.1,0.1,0.0,0.0,0.0,0.1,0.0,1.37,0.1,0.78,0.0,0.59,0.0,0.0,0.0,0.0,0.1,0.1,0.1,0.0,0.98,22.16,16.59,5.56,74.89,6.05,10.54,6.25,0.29,33.33,0.98,71.43,25,9,922,0.2,0.1,1.56,3.22,10.15,1.27,6.34,52.42,4.78,55.06,1.56,45.71
463,284367,Serie A,Pisa,Arturo Calabresi,Defender,6.56,0.0,0.01,0.0,0.25,0.06,0.06,0.0,0.13,25.0,0.0,0.0,0.0,0.0,0.0,0.0,0.06,0.06,0.0,0.0,0.0,0.0,0.0,0.0,1.06,1.13,4.32,0.81,1.19,0.0,0.0,0.0,0.0,0.06,0.0,0.0,0.0,0.25,29.71,24.33,5.38,81.89,16.01,8.32,3.63,0.19,17.65,1.75,43.08,25,16,1439,0.5,0.0,1.94,1.44,10.07,0.31,3.5,41.18,2.38,38.78,1.13,47.37
464,895592,Serie A,Cremonese,Martín Payero,Midfielder,6.56,0.06,0.11,0.06,1.42,0.49,0.62,4.35,1.36,45.83,0.0,0.06,0.0,0.0,0.06,0.06,0.12,0.0,0.0,0.0,0.0,0.0,0.0,0.0,1.17,0.62,1.11,0.19,0.56,0.0,0.0,0.0,0.0,0.06,0.06,0.0,0.0,0.74,28.27,21.36,6.91,75.55,8.15,13.21,5.8,0.49,23.53,0.74,33.33,25,16,1458,0.49,0.0,2.28,2.1,14.51,1.36,5.74,43.26,4.51,45.34,1.23,37.04
467,1013239,Serie A,Sassuolo,Edoardo Iannoni,Midfielder,6.55,0.33,0.14,0.0,1.0,0.33,0.67,33.33,0.0,0.0,0.33,0.0,0.33,0.0,0.0,0.0,0.33,0.0,0.0,0.0,0.0,0.0,0.0,0.0,2.01,1.0,2.01,0.0,1.34,0.0,0.33,0.0,0.0,0.0,0.0,0.0,0.0,0.0,37.14,30.45,6.69,81.98,14.39,16.06,9.37,0.0,0.0,0.0,0.0,15,1,269,1.0,0.0,3.68,0.0,12.38,1.0,4.35,35.14,2.01,21.43,2.34,77.78
470,989371,Serie A,Sassuolo,Aster Vranckx,Midfielder,6.55,0.0,0.02,0.0,0.39,0.13,0.13,0.0,0.39,23.08,0.0,0.0,0.0,0.0,0.0,0.0,0.13,0.0,0.0,0.0,0.0,0.0,0.0,0.0,2.08,0.0,1.95,0.0,1.43,0.0,0.0,0.0,0.0,0.0,0.0,0.0,0.0,0.26,31.86,26.92,4.94,84.49,15.74,11.18,4.81,0.13,20.0,0.91,58.33,16,9,692,0.26,0.0,2.08,2.21,10.66,1.04,5.72,47.83,4.68,45.57,1.04,61.54
472,1459459,Serie A,Parma,Benjamin Cremaschi,Midfielder,6.55,0.0,0.01,0.0,0.62,0.0,0.62,0.0,1.25,50.0,0.0,0.0,0.0,0.0,0.0,0.0,0.0,0.0,0.0,0.0,0.0,0.0,0.0,0.0,1.25,0.0,3.12,0.62,1.25,0.0,0.0,0.0,0.0,0.62,0.0,0.0,0.0,0.62,31.88,23.12,8.75,72.55,5.0,18.12,10.0,0.62,16.67,0.62,16.67,8,2,144,0.0,0.0,1.25,0.0,16.88,1.88,4.38,41.18,2.5,30.77,1.88,75.0
473,826198,Serie A,Sassuolo,Andrea Pinamonti,Forward,6.55,0.33,0.32,0.54,2.61,1.09,0.98,12.5,0.18,26.32,0.33,0.0,0.04,0.07,0.22,0.07,0.4,0.04,0.04,0.0,0.0,0.0,0.0,0.0,0.33,0.04,0.62,0.07,0.11,0.04,0.04,0.0,0.0,0.04,0.14,0.11,0.0,0.62,16.4,11.95,4.45,72.85,6.23,5.72,3.26,0.07,18.18,0.25,63.64,35,31,2486,0.07,0.04,0.47,1.12,8.07,1.05,3.55,39.04,1.52,42.42,2.03,36.84
474,930191,Serie A,Genoa,Lorenzo Colombo,Forward,6.54,0.28,0.33,0.44,2.59,1.07,0.99,10.77,0.76,38.78,0.24,0.04,0.0,0.24,0.04,0.04,0.04,0.04,0.08,0.04,50.0,0.0,0.0,0.0,0.72,0.04,0.8,0.08,0.4,0.0,0.0,0.04,0.0,0.0,0.04,0.04,0.0,0.72,18.29,12.81,5.49,70.0,4.3,8.51,4.89,0.04,6.67,0.2,33.33,37,29,2263,0.08,0.0,1.59,2.11,12.53,1.91,5.77,37.18,3.38,41.26,2.39,32.61
475,869888,Serie A,Cremonese,Alessio Zerbin,Midfielder,6.54,0.0,0.09,0.17,1.17,0.39,0.45,0.0,0.39,28.0,0.0,0.0,0.0,0.0,0.0,0.06,0.39,0.0,0.0,0.0,0.0,0.0,0.0,0.0,2.12,0.17,1.34,0.17,1.73,0.0,0.0,0.0,0.0,0.0,0.22,0.17,0.0,0.95,25.1,18.22,6.88,72.61,6.09,12.13,6.2,0.61,19.3,0.89,27.59,31,16,1610,0.11,0.0,1.9,1.12,14.03,0.78,4.08,36.5,3.58,39.75,0.5,23.08
476,1157382,Serie A,Lecce,Alex Sala,Midfielder,6.54,0.0,0.12,0.49,1.98,0.99,0.49,0.0,0.0,0.0,0.0,0.0,0.0,0.0,0.0,0.0,0.0,0.0,0.0,0.0,0.0,0.0,0.0,0.0,1.98,1.48,0.99,0.0,2.97,0.0,0.0,0.0,0.0,0.0,0.0,0.49,0.0,1.48,37.09,32.14,4.95,86.67,7.91,24.23,15.33,1.98,33.33,1.48,60.0,9,2,182,0.0,0.0,2.97,2.47,14.84,1.48,4.95,33.33,4.45,36.0,0.49,20.0
477,139273,Serie A,Fiorentina,Daniele Rugani,Defender,6.54,0.0,0.0,0.0,0.0,0.0,0.0,0.0,0.0,0.0,0.0,0.0,0.0,0.0,0.0,0.0,0.0,0.0,0.0,0.0,0.0,0.0,0.0,0.0,1.2,1.2,4.95,0.68,0.17,0.17,0.34,0.17,0.0,0.17,0.0,0.0,0.0,0.0,49.7,45.6,4.1,91.75,35.35,10.25,1.02,0.0,0.0,1.54,50.0,11,6,527,0.34,0.0,1.54,0.0,4.44,0.0,3.59,48.84,1.2,46.67,2.39,50.0
478,981470,Serie A,Lecce,Corrie Ndaba,Defender,6.54,0.0,0.02,0.0,0.33,0.0,0.16,0.0,0.98,100.0,0.0,0.0,0.0,0.0,0.0,0.0,0.0,0.0,0.0,0.0,0.0,0.0,0.0,0.0,1.14,0.65,6.03,0.16,0.49,0.16,0.0,0.0,0.0,0.0,0.0,0.0,0.0,0.33,32.45,27.07,5.38,83.42,14.51,12.55,5.54,0.16,25.0,1.63,41.67,14,6,552,0.0,0.0,0.33,0.0,7.34,0.16,3.26,58.82,2.12,68.42,1.14,46.67
479,934409,Serie A,Torino,Marcus Pedersen,Midfielder,6.54,0.04,0.08,0.04,0.65,0.13,0.35,6.67,0.39,42.86,0.04,0.0,0.04,0.0,0.0,0.0,0.13,0.0,0.0,0.0,0.0,0.0,0.0,0.0,0.96,0.43,0.96,0.17,0.61,0.09,0.04,0.0,0.0,0.35,0.17,0.09,0.0,0.78,23.36,17.97,5.39,76.91,7.87,10.09,4.65,0.74,17.0,0.83,32.2,28,22,2069,0.13,0.0,1.35,0.26,13.44,0.48,1.91,32.59,1.61,35.92,0.3,21.88
480,957921,Serie A,Parma,Oliver Sørensen,Midfielder,6.53,0.05,0.08,0.1,0.69,0.15,0.3,7.14,0.3,27.27,0.05,0.0,0.05,0.0,0.0,0.05,0.1,0.0,0.0,0.0,0.0,0.0,0.0,0.0,0.89,0.84,1.54,0.1,0.74,0.0,0.0,0.0,0.0,0.1,0.05,0.05,0.0,0.5,25.16,20.8,4.36,82.68,8.22,12.58,6.59,0.1,14.29,0.84,48.57,33,19,1817,0.1,0.0,0.64,0.99,8.32,0.84,2.77,39.72,2.08,41.18,0.69,35.9
481,19352,Serie A,Inter,Matteo Darmian,Midfielder,6.53,0.0,0.0,0.0,0.0,0.0,0.0,0.0,0.0,0.0,0.0,0.0,0.0,0.0,0.0,0.0,0.37,0.0,0.0,0.0,0.0,0.0,0.0,0.0,1.1,0.37,1.46,1.1,0.0,0.0,0.0,0.0,0.0,0.0,0.0,0.0,0.0,0.0,44.27,40.24,4.02,90.91,16.1,24.15,12.8,0.37,16.67,1.1,42.86,6,2,246,0.0,0.0,1.46,0.73,8.78,0.0,2.2,40.0,1.83,45.45,0.37,25.0
483,1536811,Serie A,Udinese,Idrissa Gueye,Forward,6.53,0.23,0.38,0.69,3.91,1.15,1.38,5.88,0.46,50.0,0.23,0.0,0.0,0.0,0.23,0.23,0.69,0.0,0.0,0.0,0.0,0.0,0.0,0.0,1.38,0.69,0.92,0.46,0.92,0.0,0.0,0.0,0.0,0.0,0.0,0.0,0.0,0.92,15.65,10.59,5.06,67.65,2.99,7.6,4.83,0.23,25.0,0.0,0.0,18,1,391,0.46,0.0,3.45,2.07,12.66,1.38,8.75,49.35,3.91,44.74,4.83,53.85
485,1101942,Serie A,Lazio,Petar Ratkov,Forward,6.53,0.0,0.23,0.79,2.37,0.39,1.18,0.0,0.0,0.0,0.0,0.0,0.0,0.0,0.0,0.39,0.0,0.0,0.0,0.0,0.0,0.0,0.0,0.0,1.18,0.39,1.18,0.0,0.0,0.0,0.0,0.0,0.0,0.0,0.0,0.0,0.0,0.39,17.76,10.66,7.11,60.0,4.74,5.92,2.76,0.0,0.0,0.0,0.0,8,2,228,0.0,0.0,0.0,1.18,9.08,0.79,5.13,65.0,2.37,66.67,2.76,63.64
486,999231,Serie A,AS Roma,Evan Ferguson,Forward,6.53,0.35,0.3,0.46,3.13,1.74,1.16,11.11,0.93,47.06,0.35,0.0,0.0,0.12,0.23,0.0,0.35,0.0,0.0,0.0,0.0,0.0,0.0,0.0,0.81,0.12,0.23,0.12,0.46,0.0,0.0,0.0,0.0,0.12,0.23,0.23,0.0,1.74,19.14,14.73,4.41,76.97,4.06,10.67,6.73,0.12,50.0,0.46,100.0,16,10,776,0.12,0.0,1.28,1.04,12.41,2.32,3.94,30.36,2.78,35.29,1.16,22.73
487,1086417,Serie A,SSC Napoli,Rasmus Højlund,Forward,6.53,0.37,0.33,0.34,1.95,0.77,0.71,18.97,0.37,33.33,0.37,0.0,0.07,0.2,0.1,0.03,0.57,0.0,0.03,0.03,100.0,0.0,0.0,0.0,0.13,0.0,0.51,0.07,0.1,0.0,0.0,0.0,0.0,0.17,0.13,0.17,0.0,1.04,16.78,12.43,4.35,74.1,3.67,8.76,5.46,0.07,66.67,0.27,80.0,32,31,2671,0.03,0.0,1.25,1.72,10.48,2.02,3.64,35.64,2.19,35.52,1.45,35.83
489,1004790,Serie A,Parma,Jacob Ondrejka,Forward,6.53,0.0,0.13,0.23,2.44,0.81,0.93,0.0,1.16,33.33,0.0,0.0,0.0,0.0,0.0,0.12,0.12,0.0,0.0,0.0,0.0,0.0,0.0,0.0,0.81,0.35,0.35,0.0,0.46,0.0,0.0,0.0,0.0,0.0,0.0,0.0,0.0,0.58,23.78,18.9,4.87,79.51,4.52,14.38,8.7,0.46,30.77,0.35,75.0,16,9,776,0.23,0.0,0.93,1.62,10.9,1.39,3.71,39.51,3.6,41.89,0.12,14.29
490,835600,Serie A,Inter,Davide Frattesi,Midfielder,6.52,0.0,0.34,0.63,2.5,0.63,1.41,0.0,0.78,55.56,0.0,0.0,0.0,0.0,0.0,0.0,0.31,0.0,0.0,0.0,0.0,0.0,0.0,0.0,2.35,0.47,0.63,0.16,0.63,0.0,0.0,0.0,0.0,0.16,0.16,0.0,0.0,0.94,18.94,14.71,4.23,77.69,5.17,9.55,4.54,0.0,0.0,0.31,40.0,22,3,575,0.0,0.0,1.41,1.72,8.14,1.25,5.48,51.47,4.85,55.36,0.63,33.33
491,333261,Serie A,Cremonese,Antonio Sanabria,Forward,6.52,0.1,0.28,0.38,1.15,0.38,0.38,8.33,0.67,77.78,0.1,0.0,0.1,0.0,0.0,0.0,0.57,0.0,0.0,0.0,0.0,0.0,0.0,0.0,0.19,0.1,1.43,0.0,0.29,0.1,0.0,0.0,0.0,0.0,0.29,0.1,0.0,0.57,16.74,13.87,2.87,82.86,5.45,8.42,4.4,0.0,0.0,0.29,100.0,25,10,941,0.19,0.0,1.43,1.43,7.17,0.86,5.07,43.8,2.3,45.28,2.77,42.65
492,1170773,Serie A,SSC Napoli,Giovane,Forward,6.52,0.14,0.18,0.19,2.68,1.29,0.53,5.36,1.72,42.86,0.1,0.05,0.0,0.1,0.05,0.05,0.72,0.0,0.0,0.0,0.0,0.0,0.05,0.0,0.72,0.29,0.53,0.1,0.53,0.05,0.05,0.0,0.0,0.1,0.29,0.24,0.0,1.53,21.94,15.15,6.79,69.06,3.87,11.28,7.36,0.62,19.4,0.67,70.0,33,21,1883,0.1,0.0,1.15,1.15,18.02,1.96,5.35,32.37,3.58,38.27,1.77,24.67
493,869795,Serie A,Cagliari,Michael Folorunsho,Midfielder,6.52,0.09,0.15,0.22,1.61,0.4,0.72,5.56,0.99,44.0,0.04,0.04,0.04,0.0,0.04,0.04,0.58,0.0,0.0,0.0,0.0,0.0,0.0,0.0,1.08,0.4,1.26,0.13,0.76,0.0,0.04,0.0,0.0,0.13,0.09,0.0,0.04,0.67,21.79,14.48,7.31,66.46,6.28,8.21,4.44,0.18,18.18,0.9,37.74,27,24,2007,0.13,0.0,1.57,2.2,14.39,1.43,5.7,45.2,4.17,46.27,1.52,42.5
495,139235,Serie A,Torino,Adrien Tameze,Defender,6.51,0.0,0.02,0.0,0.4,0.0,0.24,0.0,0.0,0.0,0.0,0.0,0.0,0.0,0.0,0.0,0.0,0.0,0.0,0.0,0.0,0.0,0.0,0.0,1.19,1.59,2.86,0.48,0.56,0.16,0.0,0.0,0.0,0.08,0.0,0.0,0.0,0.64,40.75,32.81,7.94,80.51,18.03,14.77,6.75,0.16,14.29,2.54,45.71,24,12,1133,0.24,0.0,1.27,0.56,10.41,0.16,3.26,46.59,1.75,42.31,1.51,52.78
496,905381,Serie A,Bologna,Thijs Dallinga,Forward,6.51,0.22,0.32,0.54,2.51,0.54,1.2,8.7,0.22,33.33,0.22,0.0,0.0,0.0,0.22,0.11,0.44,0.11,0.0,0.0,0.0,0.0,0.0,0.0,0.76,0.11,1.09,0.22,0.0,0.0,0.0,0.0,0.0,0.11,0.11,0.22,0.0,1.09,24.62,17.54,7.08,71.24,4.58,12.97,7.74,0.11,20.0,1.09,71.43,22,9,826,0.22,0.0,2.18,0.98,11.99,1.42,3.92,35.29,1.96,33.33,1.96,37.5
497,1022204,Serie A,Hellas Verona,Amin Sarr,Forward,6.51,0.0,0.11,0.08,1.52,0.51,0.51,0.0,0.84,43.48,0.0,0.0,0.0,0.0,0.0,0.0,0.59,0.0,0.0,0.0,0.0,0.0,0.0,0.0,1.27,0.25,0.84,0.0,0.34,0.0,0.0,0.0,0.0,0.0,0.08,0.08,0.0,1.27,23.79,17.88,5.9,75.18,4.55,13.33,7.76,0.08,9.09,0.25,60.0,33,9,1067,0.0,0.08,2.11,1.77,12.48,1.77,6.92,40.0,3.88,43.4,3.04,36.36
498,1963449,Serie A,Parma,Sascha Britschgi,Defender,6.51,0.0,0.02,0.0,0.57,0.13,0.26,0.0,0.4,50.0,0.0,0.0,0.0,0.0,0.0,0.04,0.0,0.0,0.0,0.0,0.0,0.0,0.0,0.0,1.46,0.35,1.68,0.22,1.41,0.0,0.04,0.09,0.0,0.31,0.13,0.09,0.04,0.79,26.16,19.9,6.26,76.05,10.63,9.26,5.12,0.49,22.92,0.66,35.71,28,21,2040,0.18,0.04,0.75,0.97,11.47,0.79,3.31,45.18,2.82,46.04,0.49,40.74
499,835480,Serie A,Juventus,Loïs Openda,Forward,6.51,0.13,0.48,0.67,3.47,0.8,1.73,3.85,0.53,36.36,0.13,0.0,0.0,0.0,0.13,0.0,1.47,0.0,0.0,0.0,0.0,0.0,0.0,0.0,0.8,0.13,0.4,0.13,0.13,0.0,0.13,0.0,0.0,0.0,0.13,0.0,0.0,1.07,20.13,14.67,5.47,72.85,4.8,9.87,6.8,0.13,14.29,0.27,50.0,24,6,675,0.0,0.0,1.07,2.8,11.07,0.8,5.07,48.1,4.0,58.82,1.07,28.57
500,1019125,Serie A,Lecce,Omri Gandelman,Midfielder,6.51,0.19,0.14,0.0,0.96,0.29,0.39,20.0,0.19,20.0,0.19,0.0,0.1,0.1,0.0,0.1,0.1,0.0,0.0,0.0,0.0,0.0,0.0,0.0,0.87,0.39,1.25,0.1,0.48,0.0,0.0,0.0,0.0,0.1,0.19,0.1,0.0,0.68,22.57,14.57,8.01,64.53,4.73,9.84,4.73,0.1,25.0,0.19,33.33,18,10,933,0.0,0.0,1.16,0.29,12.64,1.45,6.37,37.71,1.35,26.42,5.02,42.62
501,910121,Serie A,Lazio,Fisayo Dele-Bashiru,Midfielder,6.5,0.0,0.06,0.0,0.65,0.08,0.49,0.0,0.41,38.46,0.0,0.0,0.0,0.0,0.0,0.0,0.16,0.0,0.0,0.0,0.0,0.0,0.0,0.0,1.47,0.24,0.82,0.0,0.24,0.0,0.16,0.0,0.0,0.16,0.08,0.0,0.0,0.73,33.21,30.6,2.61,92.14,13.46,17.14,9.22,0.08,12.5,0.16,33.33,23,10,1103,0.0,0.0,0.57,0.24,6.77,1.22,2.45,41.67,2.12,44.83,0.33,28.57
506,150611,Serie A,Pisa,Nícolas,Goalkeeper,6.5,0.0,0.0,0.0,0.0,0.0,0.0,0.0,0.17,100.0,0.0,0.0,0.0,0.0,0.0,0.0,0.0,0.0,0.0,0.0,0.0,0.0,0.0,0.0,0.0,0.0,0.67,0.0,0.33,0.0,0.0,0.0,0.0,0.0,0.0,0.0,0.0,0.0,31.83,20.67,11.17,64.92,13.67,7.0,1.83,0.0,0.0,9.33,45.53,6,6,540,0.0,0.0,0.0,0.5,11.17,0.0,1.17,77.78,0.5,60.0,0.67,100.0
507,1922473,Serie A,Pisa,Daniel Denoon,Defender,6.5,0.0,0.0,0.0,0.0,0.0,0.0,0.0,0.0,0.0,0.0,0.0,0.0,0.0,0.0,0.0,0.0,0.0,0.0,0.0,0.0,0.0,0.0,0.0,2.2,0.73,2.2,0.0,0.0,0.0,0.0,0.0,0.0,0.0,0.0,0.0,0.0,0.0,23.41,19.76,3.66,84.38,16.83,2.93,0.0,0.0,0.0,0.73,33.33,2,2,123,0.73,0.0,2.93,2.2,8.05,0.73,4.39,46.15,4.39,54.55,0.0,0.0
508,1217613,Serie A,Hellas Verona,Gift Orban,Forward,6.5,0.31,0.47,0.53,3.76,1.24,1.46,8.24,0.84,50.0,0.22,0.09,0.0,0.09,0.22,0.13,0.88,0.0,0.09,0.09,100.0,0.0,0.31,0.0,0.18,0.18,0.4,0.0,0.35,0.0,0.0,0.0,0.0,0.04,0.13,0.09,0.0,0.88,16.62,11.94,4.69,71.81,3.76,8.18,4.42,0.22,33.33,0.57,46.43,28,23,2036,0.18,0.04,1.02,0.93,10.08,1.37,3.14,34.63,1.86,36.21,1.28,32.58
509,984527,Serie A,Parma,Abdoulaye Ndiaye,Defender,6.5,0.0,0.08,0.12,0.72,0.0,0.72,0.0,0.24,66.67,0.0,0.0,0.0,0.0,0.0,0.0,0.0,0.0,0.0,0.0,0.0,0.0,0.0,0.0,1.8,1.44,5.03,0.36,0.84,0.0,0.12,0.12,0.0,0.24,0.0,0.0,0.0,0.12,48.89,40.99,7.91,83.82,30.2,10.79,2.4,0.0,0.0,1.68,31.82,10,9,751,0.36,0.12,1.56,1.44,8.87,0.12,6.23,55.91,3.36,57.14,2.88,54.55
510,132645,Serie A,Milan,Niclas Füllkrug,Forward,6.5,0.15,0.57,0.73,2.33,0.73,0.87,6.25,0.44,50.0,0.15,0.0,0.15,0.0,0.0,0.15,1.75,0.0,0.15,0.0,0.0,0.0,0.0,0.0,0.15,0.44,1.89,0.0,0.44,0.0,0.15,0.0,0.0,0.0,0.58,0.0,0.0,1.31,24.76,17.77,6.99,71.76,6.55,11.21,7.86,0.0,0.0,0.29,66.67,19,3,618,0.0,0.0,1.17,1.17,11.07,0.73,4.22,42.03,1.75,41.38,2.48,42.5
512,829581,Serie A,Sassuolo,Nicholas Pierini,Forward,6.49,0.0,0.19,0.0,3.12,1.25,0.62,0.0,1.25,28.57,0.0,0.0,0.0,0.0,0.0,0.62,0.0,0.0,0.0,0.0,0.0,0.0,1.25,0.0,2.5,1.25,0.62,0.0,0.0,0.0,0.0,0.0,0.0,0.0,0.0,0.0,0.0,2.5,33.12,27.5,5.62,83.02,3.75,23.75,13.75,2.5,44.44,0.0,0.0,11,0,144,0.62,0.0,0.62,1.88,20.0,5.0,6.88,39.29,5.62,39.13,1.25,40.0
513,1029748,Serie A,Lecce,Nikola Štulić,Forward,6.49,0.21,0.24,0.21,1.73,0.47,0.63,12.12,0.21,44.44,0.21,0.0,0.0,0.05,0.16,0.0,0.47,0.0,0.05,0.05,100.0,0.0,0.0,0.0,0.63,0.1,0.68,0.21,0.16,0.0,0.0,0.0,0.0,0.0,0.1,0.0,0.0,1.05,16.27,11.18,5.09,68.71,3.73,7.45,4.3,0.05,100.0,0.16,75.0,33,20,1715,0.05,0.0,1.94,1.36,8.76,0.94,4.67,37.71,2.05,40.21,2.62,35.97
514,984998,Serie A,Lecce,Santiago Pierotti,Forward,6.49,0.04,0.11,0.18,1.14,0.28,0.46,3.13,1.35,39.58,0.04,0.0,0.04,0.0,0.0,0.04,0.25,0.0,0.0,0.0,0.0,0.0,0.0,0.0,2.88,0.71,0.85,0.18,1.39,0.0,0.04,0.0,0.0,0.04,0.07,0.04,0.0,0.75,22.1,16.77,5.33,75.88,5.33,11.44,5.86,0.11,13.64,0.32,56.25,36,30,2533,0.14,0.0,2.35,0.78,14.39,2.59,6.82,37.57,5.01,37.8,1.81,36.96
515,605374,Serie A,Lecce,Tete Morente,Forward,6.49,0.0,0.08,0.1,1.47,0.21,0.42,0.0,0.94,33.33,0.0,0.0,0.0,0.0,0.0,0.1,0.1,0.0,0.0,0.0,0.0,0.0,0.1,0.0,1.15,0.31,1.36,0.21,1.36,0.0,0.1,0.1,0.0,0.1,0.1,0.0,0.0,1.05,27.45,20.43,7.02,74.43,5.03,15.4,9.53,0.42,13.79,1.26,50.0,16,9,859,0.21,0.0,1.36,1.26,14.98,1.47,4.4,38.89,3.35,36.78,1.05,47.62
516,915812,Serie A,Hellas Verona,Abdou Harroui,Midfielder,6.49,0.1,0.13,0.0,1.26,0.21,0.42,8.33,1.05,43.48,0.1,0.0,0.0,0.0,0.1,0.0,0.21,0.0,0.1,0.1,100.0,0.0,0.0,0.0,2.62,0.1,0.84,0.21,0.73,0.0,0.0,0.0,0.0,0.0,0.0,0.0,0.0,1.47,36.15,29.34,6.81,81.16,11.53,17.81,9.32,0.73,25.0,1.26,40.0,22,10,859,0.31,0.0,2.2,0.1,15.3,1.47,3.88,35.58,3.77,40.45,0.1,6.67
517,1133715,Serie A,Parma,Mathias Løvik,Midfielder,6.49,0.0,0.03,0.0,0.56,0.0,0.38,0.0,0.38,18.18,0.0,0.0,0.0,0.0,0.0,0.0,0.38,0.0,0.0,0.0,0.0,0.0,0.0,0.0,2.07,1.13,1.69,0.0,1.13,0.0,0.0,0.0,0.0,0.0,0.0,0.0,0.0,0.38,23.86,18.98,4.89,79.53,9.39,9.58,4.13,0.75,26.67,0.94,41.67,9,5,479,0.0,0.0,0.56,0.38,11.65,0.0,3.38,39.13,2.82,45.45,0.56,23.08
518,1201388,Serie A,Parma,Christian Ordoñez,Midfielder,6.48,0.09,0.04,0.0,0.72,0.18,0.36,12.5,0.36,30.77,0.0,0.09,0.0,0.0,0.09,0.0,0.0,0.0,0.0,0.0,0.0,0.0,0.0,0.0,2.06,0.54,0.99,0.63,1.7,0.0,0.0,0.0,0.0,0.09,0.0,0.0,0.0,0.36,20.24,16.75,3.49,82.74,7.07,9.67,4.93,0.09,10.0,0.09,12.5,27,11,1005,0.27,0.09,1.43,0.9,8.24,0.99,3.85,36.75,3.31,40.22,0.54,24.0
519,958982,Serie A,Fiorentina,Roberto Piccoli,Forward,6.48,0.17,0.35,0.67,2.46,0.78,1.18,6.82,0.45,42.11,0.17,0.0,0.0,0.11,0.06,0.11,0.62,0.0,0.0,0.0,0.0,0.0,0.0,0.0,0.39,0.22,0.73,0.0,0.06,0.0,0.0,0.0,0.0,0.22,0.06,0.06,0.0,0.84,12.31,8.12,4.2,65.91,2.69,5.43,2.8,0.06,20.0,0.0,0.0,31,15,1608,0.06,0.0,1.68,2.13,10.97,1.4,5.82,41.94,2.97,46.9,2.85,37.78
520,949780,Serie A,Sassuolo,Luca Moro,Forward,6.48,0.0,0.24,0.78,2.34,0.39,1.95,0.0,0.39,100.0,0.0,0.0,0.0,0.0,0.0,0.0,0.78,0.0,0.0,0.0,0.0,0.0,0.0,0.0,1.95,0.78,0.78,0.0,1.17,0.0,0.0,0.0,0.0,0.0,0.39,0.0,0.0,0.39,17.14,13.25,3.9,77.27,4.29,8.96,5.06,0.0,0.0,0.39,50.0,14,1,231,0.39,0.0,2.73,3.51,13.25,1.56,10.52,51.92,5.84,51.72,4.68,52.17
521,996919,Serie A,Pisa,Samuel Iling Junior,Forward,6.48,0.0,0.0,0.0,0.0,0.0,0.0,0.0,0.0,0.0,0.0,0.0,0.0,0.0,0.0,0.0,0.0,0.0,0.0,0.0,0.0,0.0,0.0,0.0,1.68,0.0,0.0,0.0,0.84,0.0,0.0,0.0,0.0,0.0,0.0,0.0,0.0,0.84,25.23,14.3,10.93,56.67,7.57,6.73,4.21,0.84,20.0,0.0,0.0,5,1,107,0.0,0.0,0.84,0.0,22.71,2.52,1.68,16.67,1.68,20.0,0.0,0.0
522,132704,Serie A,Cagliari,Leonardo Pavoletti,Forward,6.48,0.37,0.44,0.73,2.2,0.37,1.1,16.67,0.0,0.0,0.37,0.0,0.0,0.0,0.37,0.0,0.73,0.0,0.0,0.0,0.0,0.0,0.0,0.0,0.73,0.37,0.73,0.0,0.73,0.0,0.0,0.0,0.0,0.0,0.37,0.37,0.0,0.73,23.05,13.54,9.51,58.73,7.68,5.85,4.76,0.0,0.0,0.37,50.0,13,1,246,0.37,0.0,3.66,0.0,12.07,0.0,4.76,33.33,0.73,18.18,4.02,39.29
523,839925,Serie A,Cremonese,Michele Collocolo,Midfielder,6.48,0.0,0.02,0.0,0.57,0.28,0.0,0.0,0.28,100.0,0.0,0.0,0.0,0.0,0.0,0.0,0.0,0.0,0.0,0.0,0.0,0.0,0.0,0.0,0.85,0.28,0.57,0.28,0.85,0.0,0.0,0.0,0.0,0.28,0.0,0.0,0.0,0.57,31.7,26.32,5.38,83.04,17.26,9.06,4.53,0.0,0.0,0.85,37.5,7,5,318,0.28,0.0,0.57,0.57,11.32,1.42,2.55,42.86,1.7,40.0,0.85,50.0
524,960080,Serie A,Lazio,Boulaye Dia,Forward,6.47,0.07,0.16,0.22,0.88,0.51,0.07,8.33,0.37,55.56,0.07,0.0,0.0,0.0,0.07,0.0,0.29,0.0,0.0,0.0,0.0,0.0,0.0,0.0,0.95,0.22,1.25,0.15,0.29,0.0,0.0,0.0,0.0,0.15,0.22,0.15,0.0,1.03,23.33,19.44,3.89,83.33,8.0,11.44,5.21,0.0,0.0,0.44,66.67,26,14,1227,0.07,0.0,1.39,1.03,8.66,1.83,3.37,34.85,2.35,39.51,1.03,27.45
525,795044,Serie A,Parma,Patrick Cutrone,Forward,6.47,0.1,0.26,0.51,2.53,0.71,1.01,4.0,0.4,33.33,0.1,0.0,0.0,0.0,0.1,0.1,0.81,0.0,0.0,0.0,0.0,0.0,0.0,0.0,0.61,0.3,0.71,0.2,0.4,0.0,0.0,0.0,0.0,0.1,0.2,0.0,0.0,0.3,17.68,11.62,6.06,65.71,2.83,8.79,4.85,0.0,0.0,0.1,12.5,15,11,891,0.0,0.0,0.71,1.62,12.02,0.51,3.54,44.3,2.53,51.02,1.01,33.33
526,892141,Serie A,Milan,Santiago Giménez,Forward,6.46,0.0,0.33,0.74,2.64,0.95,1.27,0.0,0.32,17.65,0.0,0.0,0.0,0.0,0.0,0.32,0.74,0.21,0.0,0.0,0.0,0.0,0.11,0.0,0.74,0.11,0.11,0.11,0.21,0.0,0.0,0.0,0.0,0.0,0.0,0.0,0.0,0.32,13.75,11.0,2.75,80.0,4.65,6.35,4.02,0.11,100.0,0.0,0.0,15,10,851,0.21,0.0,0.95,1.48,7.83,1.06,3.17,37.04,2.54,41.38,0.63,26.09
527,1162611,Serie A,Bologna,Benjamín Domínguez,Midfielder,6.46,0.0,0.11,0.0,1.99,0.33,0.83,0.0,1.49,42.86,0.0,0.0,0.0,0.0,0.0,0.0,0.5,0.0,0.0,0.0,0.0,0.0,0.0,0.0,1.49,0.33,0.0,0.0,1.33,0.0,0.0,0.0,0.0,0.0,0.0,0.5,0.0,1.16,20.06,16.08,3.98,80.17,3.48,12.6,8.62,0.0,0.0,0.66,36.36,15,6,543,0.17,0.0,0.99,2.98,14.92,2.98,6.3,40.43,5.97,45.57,0.33,13.33
528,1183625,Serie A,Pisa,Giovanni Bonfanti,Defender,6.46,0.0,0.07,0.0,1.09,0.18,0.55,0.0,0.91,41.67,0.0,0.0,0.0,0.0,0.0,0.0,0.0,0.0,0.0,0.0,0.0,0.0,0.0,0.0,2.36,1.27,4.73,0.36,0.36,0.0,0.0,0.0,0.0,0.18,0.0,0.0,0.0,0.55,25.45,16.55,8.91,65.0,10.91,5.64,3.09,0.36,16.67,2.0,31.43,9,6,495,0.18,0.0,1.82,0.55,17.64,0.91,5.45,49.18,3.82,47.73,1.64,52.94
529,882592,Serie A,Sassuolo,Daniel Boloca,Midfielder,6.45,0.0,0.17,0.0,1.33,0.0,1.33,0.0,0.67,50.0,0.0,0.0,0.0,0.0,0.0,0.0,0.0,0.0,0.0,0.0,0.0,0.0,0.0,0.0,1.33,1.33,1.33,0.0,0.67,0.0,0.0,0.0,0.0,0.0,0.0,0.0,0.0,0.67,37.33,35.33,2.0,94.64,14.67,20.67,9.33,0.0,0.0,1.33,66.67,2,2,135,0.0,0.0,0.0,0.67,4.0,0.0,2.67,44.44,2.67,66.67,0.0,0.0
530,136322,Serie A,Lazio,Elseid Hysaj,Defender,6.45,0.0,0.0,0.0,0.0,0.0,0.0,0.0,0.0,0.0,0.0,0.0,0.0,0.0,0.0,0.0,0.0,0.0,0.0,0.0,0.0,0.0,0.0,0.0,1.06,1.06,3.71,0.0,0.53,0.0,0.0,0.0,0.0,0.0,0.0,0.0,0.0,0.0,39.18,30.18,9.0,77.03,16.94,13.24,6.35,0.53,50.0,1.59,33.33,5,1,170,0.0,0.0,0.0,0.53,11.12,0.0,2.65,62.5,1.59,60.0,1.06,66.67
531,1910643,Serie A,Lecce,Christ-Owen Kouassi,Defender,6.45,0.0,0.0,0.0,0.0,0.0,0.0,0.0,0.0,0.0,0.0,0.0,0.0,0.0,0.0,0.0,0.0,0.0,0.0,0.0,0.0,0.0,0.0,0.0,4.34,0.39,3.16,0.0,0.0,0.0,0.39,0.39,0.0,0.0,0.0,0.0,0.0,0.0,31.97,25.66,6.32,80.25,11.84,13.82,5.53,0.39,50.0,1.58,50.0,4,3,228,0.0,0.0,0.39,1.18,11.05,0.39,6.71,80.95,5.53,82.35,1.18,75.0
532,1086199,Serie A,Parma,Franco Carboni,Midfielder,6.45,0.0,0.0,0.0,0.0,0.0,0.0,0.0,0.83,25.0,0.0,0.0,0.0,0.0,0.0,0.0,0.0,0.0,0.0,0.0,0.0,0.0,0.0,0.0,1.65,0.83,2.48,0.0,0.83,0.0,0.0,0.0,0.0,0.0,0.0,0.0,0.0,0.0,19.82,15.69,4.13,79.17,10.73,4.95,2.48,0.0,0.0,0.83,50.0,6,1,109,0.0,0.0,2.48,0.0,9.91,0.0,4.95,40.0,2.48,30.0,2.48,60.0
533,844480,Serie A,Hellas Verona,Pol Lirola,Defender,6.45,0.0,0.0,0.0,0.0,0.0,0.0,0.0,0.29,25.0,0.0,0.0,0.0,0.0,0.0,0.0,0.0,0.0,0.0,0.0,0.0,0.0,0.0,0.0,1.44,1.15,1.73,0.29,0.58,0.0,0.0,0.0,0.0,0.0,0.0,0.0,0.0,0.29,32.49,20.42,12.08,62.83,7.48,12.94,5.46,0.29,6.25,1.15,28.57,6,3,313,0.29,0.0,0.86,0.0,21.57,0.58,2.3,36.36,1.73,37.5,0.58,33.33
535,826026,Serie A,Torino,Sandro Kulenović,Forward,6.44,0.0,0.19,0.29,1.45,0.58,0.29,0.0,0.58,40.0,0.0,0.0,0.0,0.0,0.0,0.0,0.0,0.0,0.0,0.0,0.0,0.0,0.0,0.0,1.16,0.29,1.16,0.29,0.29,0.0,0.0,0.0,0.0,0.0,0.0,0.29,0.0,1.45,18.87,11.9,6.97,63.08,4.06,7.84,5.81,0.29,100.0,0.29,33.33,13,3,310,0.58,0.0,3.19,1.16,13.06,1.74,4.06,32.56,2.9,33.33,1.16,30.77
536,808590,Serie A,AS Roma,Leon Bailey,Midfielder,6.44,0.0,0.08,0.0,1.48,0.49,0.0,0.0,0.99,33.33,0.0,0.0,0.0,0.0,0.0,0.0,0.49,0.0,0.0,0.0,0.0,0.0,0.0,0.0,0.99,0.0,0.0,0.0,0.49,0.0,0.0,0.0,0.0,0.0,0.0,0.0,0.0,0.99,29.18,24.23,4.95,83.05,5.44,18.79,13.35,0.99,14.29,0.0,0.0,7,1,182,0.0,0.0,0.99,0.49,19.29,0.99,3.96,38.1,2.47,35.71,1.48,42.86
537,1184248,Serie A,Pisa,Henrik Wendel Meister,Forward,6.43,0.12,0.21,0.54,1.19,0.48,0.48,10.0,0.77,35.14,0.12,0.0,0.0,0.0,0.12,0.06,0.3,0.0,0.0,0.0,0.0,0.0,0.0,0.0,0.3,0.06,0.42,0.0,0.3,0.0,0.0,0.0,0.0,0.0,0.06,0.0,0.0,0.3,9.29,5.95,3.33,64.1,1.67,4.29,2.44,0.0,0.0,0.12,33.33,28,15,1512,0.12,0.0,1.55,1.01,9.52,1.55,4.05,35.79,2.08,31.25,1.96,42.31
538,959003,Serie A,Pisa,Filip Stojilković,Forward,6.43,0.0,0.41,0.9,1.51,0.6,0.75,0.0,0.3,50.0,0.0,0.0,0.0,0.0,0.0,0.15,1.81,0.0,0.0,0.0,0.0,0.0,0.0,0.0,0.3,0.0,0.15,0.15,0.15,0.0,0.0,0.0,0.0,0.0,0.15,0.0,0.0,0.15,8.89,6.48,2.41,72.88,3.92,2.56,1.81,0.15,50.0,0.15,100.0,12,7,597,0.0,0.0,1.21,0.0,4.37,0.45,0.75,17.86,0.6,22.22,0.15,10.0
539,1910527,Serie A,Cagliari,Joseph Liteta,Midfielder,6.43,0.0,0.0,0.0,0.0,0.0,0.0,0.0,0.68,100.0,0.0,0.0,0.0,0.0,0.0,0.0,0.0,0.0,0.0,0.0,0.0,0.0,0.0,0.0,1.69,2.71,1.02,1.02,2.37,0.0,0.0,0.0,0.0,0.0,0.0,0.0,0.0,0.0,44.32,37.56,6.77,84.73,24.36,13.2,4.06,0.0,0.0,1.35,28.57,4,4,266,0.0,0.0,1.35,0.0,9.47,1.35,3.05,34.62,2.37,31.82,0.68,50.0
540,935564,Serie A,Juventus,Jonathan David,Forward,6.43,0.31,0.45,0.66,2.09,0.81,0.71,14.63,0.31,24.0,0.31,0.0,0.05,0.2,0.05,0.15,0.56,0.0,0.05,0.0,0.0,0.0,0.0,0.0,0.87,0.25,0.25,0.0,0.46,0.05,0.0,0.0,0.0,0.05,0.25,0.2,0.0,1.68,26.33,20.78,5.55,78.92,5.2,15.59,9.32,0.0,0.0,0.25,50.0,34,20,1767,0.0,0.0,1.48,1.32,12.02,1.12,3.36,35.29,2.5,38.58,0.87,28.33
541,1520771,Serie A,Lecce,Francesco Camarda,Forward,6.43,0.13,0.24,0.39,2.08,0.39,0.91,6.25,0.39,33.33,0.13,0.0,0.13,0.0,0.0,0.0,0.26,0.0,0.13,0.0,0.0,0.0,0.0,0.0,0.39,0.0,0.26,0.13,0.65,0.0,0.0,0.0,0.0,0.0,0.13,0.0,0.0,0.52,13.9,9.87,4.03,71.03,3.77,6.1,3.12,0.0,0.0,0.39,60.0,21,7,693,0.13,0.0,1.56,0.52,9.22,0.78,3.12,28.92,1.3,27.03,1.82,30.43
542,997583,Serie A,Pisa,Malthe Højholt,Midfielder,6.42,0.0,0.08,0.22,0.44,0.22,0.22,0.0,0.11,33.33,0.0,0.0,0.0,0.0,0.0,0.0,0.0,0.0,0.0,0.0,0.0,0.0,0.0,0.0,1.33,1.0,0.78,0.33,1.66,0.0,0.0,0.0,0.0,0.0,0.0,0.0,0.0,0.33,27.3,22.86,4.44,83.74,13.87,8.99,3.77,0.11,25.0,0.67,33.33,16,9,811,0.22,0.0,1.55,0.55,6.1,0.33,2.55,35.38,2.0,34.62,0.55,38.46
543,1009268,Serie A,Fiorentina,Mattia Viti,Defender,6.42,0.0,0.0,0.0,0.0,0.0,0.0,0.0,0.34,50.0,0.0,0.0,0.0,0.0,0.0,0.0,0.0,0.0,0.0,0.0,0.0,0.0,0.0,0.0,3.03,1.35,5.06,0.34,0.67,0.0,0.0,0.34,0.0,0.0,0.0,0.0,0.0,0.0,48.2,40.45,7.75,83.92,19.89,20.56,7.42,0.0,0.0,4.04,57.14,10,2,267,0.34,0.34,3.03,1.35,13.48,1.01,6.07,43.9,4.72,48.28,1.35,33.33
544,796455,Serie A,Udinese,Vakoun Issouf Bayo,Forward,6.41,0.0,0.27,0.6,2.79,0.4,2.39,0.0,0.2,14.29,0.0,0.0,0.0,0.0,0.0,0.0,1.0,0.0,0.0,0.0,0.0,0.0,0.0,0.0,0.4,0.0,0.4,0.2,0.2,0.0,0.0,0.0,0.0,0.0,0.2,0.4,0.0,0.6,22.35,16.76,5.59,75.0,4.79,11.97,7.78,0.0,0.0,0.4,33.33,15,4,451,0.0,0.0,2.99,1.2,12.97,1.2,6.78,37.78,1.8,25.71,4.99,45.45
548,1125917,Serie A,Pisa,Felipe Loyola,Midfielder,6.39,0.18,0.11,0.0,1.41,0.18,0.53,12.5,0.53,50.0,0.18,0.0,0.0,0.0,0.18,0.0,0.0,0.0,0.0,0.0,0.0,0.0,0.0,0.0,1.77,1.24,1.41,0.18,0.71,0.0,0.0,0.18,0.0,0.0,0.18,0.0,0.0,0.71,33.42,28.64,4.77,85.71,14.68,13.97,5.13,0.0,0.0,1.59,69.23,10,6,509,0.0,0.18,1.41,0.35,11.14,1.94,2.83,33.33,2.65,36.59,0.18,14.29
549,964154,Serie A,Hellas Verona,Tomáš Suslov,Forward,6.39,0.0,0.13,0.23,2.56,0.7,0.7,0.0,0.93,23.53,0.0,0.0,0.0,0.0,0.0,0.0,0.0,0.0,0.0,0.0,0.0,0.0,0.23,0.0,1.63,0.23,0.23,0.0,1.4,0.0,0.0,0.0,0.0,0.0,0.0,0.0,0.0,0.7,21.4,17.67,3.72,82.61,8.84,8.84,5.81,0.93,22.22,1.16,50.0,10,4,387,0.23,0.23,1.86,2.56,15.35,0.93,5.12,40.0,5.12,41.51,0.0,0.0
550,1152386,Serie A,Pisa,Rafiu Durosinmi,Forward,6.38,0.21,0.18,0.21,1.88,1.05,0.63,11.11,0.63,42.86,0.21,0.0,0.21,0.0,0.0,0.0,0.63,0.0,0.0,0.0,0.0,0.0,0.0,0.0,0.0,0.21,1.05,0.0,0.42,0.0,0.0,0.0,0.0,0.0,0.0,0.21,0.0,0.63,17.79,10.67,7.12,60.0,2.93,7.74,3.56,0.0,0.0,0.63,100.0,12,4,430,0.21,0.21,3.14,0.42,14.44,2.3,5.86,32.56,1.05,14.71,4.81,44.23
551,1130662,Serie A,Lecce,Sadik Fofana,Midfielder,6.38,0.0,0.15,0.0,1.91,0.0,1.91,0.0,0.96,50.0,0.0,0.0,0.0,0.0,0.0,0.0,0.0,0.0,0.0,0.0,0.0,0.0,0.0,0.0,1.91,0.0,0.0,0.0,0.96,0.0,0.0,0.0,0.0,0.0,0.0,0.0,0.0,1.91,25.85,13.4,12.45,51.85,4.79,8.62,5.74,0.0,0.0,0.0,0.0,5,1,94,0.0,0.0,2.87,0.96,20.11,0.96,5.74,35.29,3.83,40.0,1.91,28.57
552,1018179,Serie A,Hellas Verona,Daniel Mosquera,Forward,6.38,0.0,0.1,0.0,2.36,0.74,0.89,0.0,1.03,43.75,0.0,0.0,0.0,0.0,0.0,0.0,0.44,0.0,0.0,0.0,0.0,0.0,0.0,0.0,0.74,0.3,0.89,0.44,0.89,0.0,0.0,0.0,0.0,0.0,0.3,0.3,0.0,0.74,16.82,12.39,4.43,73.68,4.57,7.82,3.98,0.0,0.0,0.0,0.0,22,5,610,0.15,0.0,3.25,0.89,12.84,2.21,5.02,27.42,2.51,25.76,2.51,29.31
554,1526932,Serie A,Fiorentina,Riccardo Braschi,Forward,6.35,0.0,0.12,0.0,2.55,0.0,2.55,0.0,1.7,66.67,0.0,0.0,0.0,0.0,0.0,0.85,0.85,0.0,0.0,0.0,0.0,0.0,0.0,0.0,1.7,0.0,0.0,0.0,0.85,0.0,0.0,0.0,0.0,0.0,0.0,0.0,0.0,0.0,15.28,9.34,5.94,61.11,2.55,6.79,4.25,0.85,100.0,0.0,0.0,2,1,106,0.0,0.0,0.0,0.0,12.74,2.55,5.09,37.5,3.4,44.44,1.7,28.57
560,280439,Serie A,Genoa,Maxwel Cornet,Forward,6.29,0.0,1.15,1.49,2.98,1.49,0.74,0.0,0.0,0.0,0.0,0.0,0.0,0.0,0.0,0.0,0.74,0.0,0.74,0.0,0.0,0.0,0.0,0.0,4.46,0.0,0.74,0.0,0.74,0.0,0.0,0.74,0.0,0.0,0.0,0.0,0.0,4.46,29.75,23.06,6.69,77.5,5.21,17.85,10.41,1.49,15.38,0.0,0.0,8,1,121,0.0,0.0,4.46,0.74,20.08,2.23,7.44,40.0,5.21,38.89,2.23,42.86
561,1494096,Serie A,Pisa,Francesco Coppola,Defender,6.28,0.0,0.02,0.0,0.39,0.0,0.0,0.0,0.0,0.0,0.0,0.0,0.0,0.0,0.0,0.0,0.0,0.0,0.0,0.0,0.0,0.0,0.0,0.0,2.54,0.78,2.54,0.78,2.34,0.0,0.0,0.2,0.0,0.0,0.0,0.0,0.0,0.0,24.01,20.11,3.9,83.74,11.91,8.2,3.32,0.2,50.0,0.59,50.0,7,5,461,0.59,0.0,1.37,1.76,9.57,0.2,4.88,48.08,4.3,52.38,0.59,30.0
562,45923,Serie A,Bologna,Ciro Immobile,Forward,6.27,0.0,0.02,0.47,0.94,0.0,0.47,0.0,0.0,0.0,0.0,0.0,0.0,0.0,0.0,0.0,2.83,0.0,0.0,0.0,0.0,0.0,0.0,0.0,0.47,0.0,0.47,0.47,0.47,0.0,0.0,0.0,0.0,0.0,0.0,0.0,0.0,0.47,23.09,16.49,6.6,71.43,5.18,11.31,6.13,0.0,0.0,0.47,100.0,6,2,191,0.47,0.0,3.77,1.41,16.02,0.94,3.3,25.93,1.88,23.53,1.41,30.0
563,1152943,Serie A,Pisa,Rosen Bozhinov,Defender,6.26,0.0,0.01,0.0,0.34,0.17,0.17,0.0,0.0,0.0,0.0,0.0,0.0,0.0,0.0,0.0,0.34,0.0,0.0,0.0,0.0,0.0,0.0,0.0,1.03,1.89,4.81,0.69,0.17,0.0,0.17,0.0,0.0,0.0,0.17,0.0,0.0,0.69,56.34,48.78,7.56,86.59,32.29,16.49,3.26,0.17,33.33,1.89,33.33,8,7,524,0.17,0.17,2.06,0.17,9.79,0.0,3.61,46.67,1.03,30.0,2.58,60.0
565,259995,Serie A,Torino,Adam Masina,Defender,6.24,0.0,0.0,0.0,0.0,0.0,0.0,0.0,0.39,25.0,0.0,0.0,0.0,0.0,0.0,0.0,0.0,0.0,0.0,0.0,0.0,0.0,0.0,0.0,2.72,1.94,4.27,0.39,0.39,0.39,0.0,0.0,0.0,0.0,0.39,0.39,0.0,0.78,38.41,32.97,5.43,85.86,24.05,8.92,3.88,0.0,0.0,2.72,41.18,5,2,232,0.0,0.0,2.33,0.78,9.31,1.16,4.66,42.86,3.88,43.48,0.78,40.0
