#,Player ID,League,Team,Name,Position,Sofascore Rating,Goals,xG,Big chances missed,Total shots,Shots on target,Shots off target,Goal conversion %,Succ. dribbles,Succ. dribbles %,Goals inside box,Goals outside box,Headed goals,Left-footed goals,Right-footed goals,Hit woodwork,Offsides,Penalties won,Penalties taken,Penalty goals,Penalty conversion %,Free kick goals,Shots from set piece,Set piece conv. %,Tackles,Interceptions,Clearances,Blocked shots,Dribbled past,Errors leading to goal,Errors leading to shot,Penalties committed,Own goals,Clean sheets,Big chances created,Assists,Passes to assist,Key passes,Total passes,Accurate passes,Inaccurate passes,Accurate passes %,Passes in own half,Passes in opp. half,Acc. final third passes,Accurate crosses,Accurate crosses %,Accurate long balls,Accurate long balls %,Appearances,Started,Minutes played,Yellow cards,Red cards,Fouls,Was fouled,Possession lost,Dispossessed,Total duels won,Total duels won %,Ground duels won,Ground duels won %,Aerial duels won,Aerial duels won %
1,363860,Serie A,Juventus,Manuel Locatelli,Midfielder,7.71,0.03,0.08,0.03,1.26,0.34,0.51,2.27,0.29,55.56,0.03,0.0,0.0,0.0,0.03,0.06,0.0,0.0,0.03,0.0,0.0,0.0,0.06,0.0,2.83,1.09,2.09,0.66,0.63,0.06,0.09,0.0,0.0,0.29,0.14,0.06,0.0,1.31,77.71,68.66,9.06,88.35,25.37,43.29,21.31,0.14,26.32,5.2,58.71,35,35,2914,0.26,0.0,1.54,1.2,11.09,0.46,5.26,59.74,4.26,61.07,1.0,54.69
2,1002428,Serie A,Parma,Filippo Rinaldi,Goalkeeper,7.6,0.0,0.0,0.0,0.0,0.0,0.0,0.0,0.0,0.0,0.0,0.0,0.0,0.0,0.0,0.0,0.0,0.0,0.0,0.0,0.0,0.0,0.0,0.0,0.0,0.0,1.0,0.0,0.0,0.0,0.0,0.0,0.0,1.0,0.0,0.0,0.0,0.0,44.0,21.0,23.0,47.73,17.0,4.0,1.0,0.0,0.0,7.0,23.33,1,1,90,1.0,0.0,0.0,0.0,23.0,0.0,2.0,100.0,0.0,0.0,2.0,100.0
3,15466,Serie A,Milan,Luka Modrić,Midfielder,7.53,0.06,0.05,0.0,0.58,0.24,0.15,10.53,0.52,48.57,0.06,0.0,0.0,0.0,0.06,0.03,0.0,0.0,0.0,0.0,0.0,0.0,0.03,0.0,1.48,1.18,1.0,0.3,0.88,0.0,0.09,0.0,0.0,0.3,0.18,0.09,0.06,1.58,66.58,60.3,6.27,90.58,24.03,36.27,16.06,0.88,26.13,5.27,74.68,33,32,2793,0.12,0.0,0.7,0.97,10.88,0.36,3.3,54.77,2.97,55.37,0.33,50.0
4,135700,Serie A,Inter,Hakan Çalhanoğlu,Midfielder,7.5,0.41,0.26,0.05,2.27,0.77,0.91,18.0,0.23,35.71,0.18,0.23,0.0,0.05,0.36,0.05,0.0,0.0,0.23,0.18,80.0,0.0,0.18,0.0,1.55,0.73,0.73,0.27,0.59,0.0,0.0,0.0,0.0,0.23,0.32,0.18,0.0,1.86,63.23,57.32,5.91,90.65,23.91,33.41,16.55,1.5,38.37,2.95,58.56,22,20,1649,0.32,0.0,1.27,0.5,10.36,0.27,2.86,50.4,2.27,49.02,0.59,56.52
5,284361,Serie A,Inter,Federico Dimarco,Midfielder,7.41,0.18,0.15,0.26,1.85,0.59,0.71,9.52,0.21,50.0,0.15,0.03,0.0,0.15,0.03,0.06,0.15,0.0,0.0,0.0,0.0,0.0,0.15,0.0,1.47,0.88,0.82,0.12,0.59,0.0,0.03,0.0,0.0,0.32,0.97,0.5,0.0,2.76,41.74,34.68,7.06,83.09,11.71,22.97,14.15,2.76,32.75,1.12,39.58,34,29,2650,0.09,0.0,1.21,0.65,14.38,0.32,2.38,47.65,2.32,50.64,0.06,14.29
6,787505,Serie A,Inter,Benjamin Pavard,Defender,7.4,0.0,0.05,0.0,1.0,1.0,0.0,0.0,0.0,0.0,0.0,0.0,0.0,0.0,0.0,0.0,0.0,0.0,0.0,0.0,0.0,0.0,0.0,0.0,2.0,2.0,2.0,2.0,0.0,0.0,1.0,0.0,0.0,1.0,0.0,0.0,0.0,1.0,84.0,80.0,4.0,95.24,55.0,25.0,5.0,0.0,0.0,3.0,60.0,1,1,90,0.0,0.0,1.0,0.0,4.0,0.0,2.0,50.0,2.0,66.67,0.0,0.0
7,1149011,Serie A,Juventus,Kenan Yıldız,Forward,7.39,0.28,0.23,0.08,2.69,1.11,0.67,10.31,2.17,52.35,0.25,0.03,0.0,0.03,0.25,0.14,0.19,0.03,0.06,0.03,50.0,0.0,0.0,0.0,0.72,0.19,0.19,0.0,0.39,0.0,0.11,0.0,0.0,0.08,0.42,0.17,0.0,2.11,33.97,28.58,5.39,84.14,7.89,20.69,13.67,0.92,26.61,0.86,60.78,36,33,2838,0.06,0.0,0.64,1.56,14.14,1.53,4.89,50.57,4.44,50.16,0.44,55.17
8,1171451,Serie A,Como,Nico Paz,Midfielder,7.33,0.34,0.24,0.09,3.46,1.37,1.09,9.92,1.97,55.2,0.2,0.14,0.03,0.31,0.0,0.11,0.0,0.03,0.06,0.0,0.0,0.03,0.34,8.33,2.6,0.8,0.37,0.09,1.03,0.0,0.09,0.0,0.0,0.31,0.37,0.17,0.0,1.46,39.83,32.97,6.86,82.78,11.26,21.71,11.63,0.4,22.22,0.86,50.0,35,33,2882,0.14,0.0,1.51,1.17,13.77,1.29,6.57,52.39,5.74,51.94,0.83,55.77
9,865646,Serie A,Atalanta,Marco Carnesecchi,Goalkeeper,7.33,0.0,0.0,0.0,0.0,0.0,0.0,0.0,0.03,100.0,0.0,0.0,0.0,0.0,0.0,0.0,0.0,0.0,0.0,0.0,0.0,0.0,0.0,0.0,0.03,0.0,0.89,0.0,0.0,0.0,0.0,0.03,0.0,0.35,0.0,0.0,0.0,0.0,31.7,20.81,10.89,65.64,16.86,3.95,1.08,0.0,0.0,6.68,38.29,37,37,3330,0.0,0.0,0.03,0.16,11.08,0.0,0.49,94.74,0.16,85.71,0.32,100.0
10,1122835,Serie A,SSC Napoli,Alisson Santos,Forward,7.32,0.31,0.1,0.0,2.15,1.15,0.46,14.29,2.62,59.65,0.08,0.23,0.0,0.0,0.31,0.08,0.08,0.0,0.0,0.0,0.0,0.0,0.0,0.0,1.54,0.15,0.38,0.08,0.38,0.0,0.08,0.0,0.0,0.15,0.15,0.0,0.0,1.08,21.69,17.85,3.85,82.27,5.38,12.46,7.77,0.54,17.07,0.31,50.0,13,8,826,0.08,0.0,0.31,0.62,11.92,1.46,5.08,55.46,4.77,54.87,0.31,66.67
11,826188,Serie A,Inter,Alessandro Bastoni,Defender,7.27,0.04,0.05,0.11,0.61,0.29,0.21,5.88,0.21,60.0,0.04,0.0,0.04,0.0,0.0,0.07,0.0,0.0,0.0,0.0,0.0,0.0,0.0,0.0,1.82,0.82,2.86,0.21,0.36,0.0,0.0,0.0,0.0,0.29,0.25,0.14,0.0,0.89,66.07,57.79,8.29,87.46,30.32,27.46,13.14,0.82,27.06,3.93,50.69,28,28,2249,0.21,0.0,1.61,0.71,13.11,0.11,4.61,58.9,2.75,55.8,1.86,64.2
12,803039,Serie A,AS Roma,Donyell Malen,Forward,7.26,0.76,0.69,0.47,3.94,1.71,1.0,19.4,0.82,38.89,0.71,0.06,0.0,0.06,0.71,0.12,0.82,0.0,0.18,0.18,100.0,0.0,0.06,0.0,0.18,0.12,0.06,0.0,0.12,0.0,0.0,0.0,0.0,0.06,0.12,0.12,0.0,0.41,12.06,9.47,2.59,78.54,2.47,7.0,4.71,0.06,20.0,0.12,100.0,17,17,1394,0.06,0.0,0.71,1.0,9.47,2.0,2.59,33.59,2.0,33.01,0.59,35.71
13,960441,Serie A,Atalanta,Charles De Ketelaere,Forward,7.25,0.1,0.12,0.1,1.53,0.53,0.47,6.52,1.63,49.49,0.1,0.0,0.03,0.03,0.03,0.0,0.1,0.0,0.0,0.0,0.0,0.0,0.0,0.0,0.8,0.13,0.5,0.07,0.63,0.0,0.0,0.0,0.0,0.17,0.6,0.17,0.0,2.07,33.3,26.2,7.1,78.68,4.97,21.23,14.37,0.53,36.36,1.17,58.33,30,26,2160,0.13,0.0,0.77,1.2,13.7,1.87,5.03,44.02,3.63,42.75,1.4,47.73
14,901850,Serie A,Fiorentina,Nicolò Fagioli,Midfielder,7.23,0.06,0.08,0.03,1.0,0.21,0.39,6.06,0.58,61.29,0.06,0.0,0.0,0.0,0.06,0.03,0.0,0.0,0.0,0.0,0.0,0.0,0.12,0.0,1.39,0.48,0.79,0.3,0.76,0.03,0.03,0.0,0.0,0.12,0.33,0.09,0.0,1.88,50.67,45.58,5.09,89.95,21.42,24.15,11.12,0.61,23.81,3.27,66.26,33,30,2564,0.15,0.0,0.7,1.36,9.85,0.94,3.36,54.41,3.33,54.73,0.03,33.33
15,965828,Serie A,Lazio,Mario Gila,Defender,7.22,0.0,0.05,0.13,0.4,0.1,0.2,0.0,0.2,85.71,0.0,0.0,0.0,0.0,0.0,0.07,0.0,0.0,0.0,0.0,0.0,0.0,0.0,0.0,1.53,0.83,3.67,0.57,0.37,0.0,0.07,0.07,0.0,0.23,0.03,0.0,0.0,0.17,59.53,54.0,5.53,90.71,36.23,17.77,4.47,0.03,100.0,4.37,66.84,30,30,2436,0.1,0.03,0.57,0.83,6.23,0.27,4.47,67.0,2.53,68.47,1.93,65.17
16,250737,Serie A,Milan,Adrien Rabiot,Midfielder,7.22,0.21,0.14,0.07,1.5,0.43,0.64,14.29,0.71,48.78,0.14,0.07,0.0,0.21,0.0,0.04,0.25,0.04,0.0,0.0,0.0,0.0,0.0,0.0,2.0,0.64,1.43,0.18,0.64,0.0,0.04,0.0,0.0,0.46,0.21,0.14,0.0,0.82,45.39,38.75,6.64,85.37,15.25,23.5,11.43,0.5,25.0,1.57,61.11,28,27,2460,0.14,0.04,1.25,1.93,11.96,1.18,6.07,55.92,4.54,54.51,1.54,60.56
17,332155,Serie A,SSC Napoli,Amir Rrahmani,Defender,7.22,0.1,0.06,0.05,0.7,0.15,0.35,14.29,0.1,50.0,0.1,0.0,0.1,0.0,0.0,0.05,0.1,0.0,0.0,0.0,0.0,0.0,0.0,0.0,1.1,1.1,3.35,0.5,0.1,0.0,0.05,0.1,0.0,0.4,0.0,0.05,0.0,0.3,79.0,72.95,6.05,92.34,46.45,26.5,5.3,0.0,0.0,2.1,45.16,20,20,1710,0.15,0.0,1.0,0.8,6.65,0.15,5.15,64.78,2.0,60.61,3.15,67.74
18,363856,Serie A,Inter,Nicolò Barella,Midfielder,7.21,0.09,0.1,0.09,1.06,0.15,0.55,8.57,0.76,50.0,0.09,0.0,0.0,0.03,0.06,0.03,0.12,0.0,0.0,0.0,0.0,0.0,0.06,0.0,1.61,0.27,0.3,0.09,0.7,0.0,0.06,0.0,0.0,0.15,0.42,0.24,0.03,2.18,52.24,44.82,7.42,85.79,15.55,29.27,16.7,1.12,36.27,2.21,55.73,33,30,2479,0.21,0.0,1.0,0.64,12.09,0.58,3.39,49.12,3.0,51.03,0.39,38.24
19,892979,Serie A,Udinese,Oumar Solet,Defender,7.2,0.09,0.08,0.09,0.97,0.18,0.56,9.09,1.18,70.18,0.06,0.03,0.0,0.0,0.09,0.0,0.06,0.0,0.03,0.03,100.0,0.0,0.0,0.0,2.15,1.32,3.68,0.56,0.62,0.03,0.06,0.0,0.03,0.29,0.09,0.03,0.03,0.68,59.29,52.85,6.44,89.14,32.65,20.21,7.91,0.06,10.53,4.35,59.44,34,33,2871,0.03,0.0,0.88,0.85,9.38,0.65,5.59,59.94,4.12,61.95,1.47,54.95
20,822470,Serie A,Milan,Samuel Chukwueze,Forward,7.2,0.0,0.0,0.0,0.0,0.0,0.0,0.0,1.0,100.0,0.0,0.0,0.0,0.0,0.0,0.0,0.0,0.0,0.0,0.0,0.0,0.0,0.0,0.0,0.0,0.0,0.0,0.0,1.0,0.0,0.0,0.0,0.0,0.0,0.0,0.0,0.0,0.0,13.0,11.0,2.0,84.62,1.0,10.0,6.0,1.0,33.33,0.0,0.0,1,0,25,0.0,0.0,0.0,3.0,5.0,0.0,4.0,80.0,4.0,80.0,0.0,0.0
21,599114,Serie A,Como,Jean Butez,Goalkeeper,7.2,0.0,0.0,0.0,0.0,0.0,0.0,0.0,0.03,100.0,0.0,0.0,0.0,0.0,0.0,0.0,0.0,0.0,0.0,0.0,0.0,0.0,0.0,0.0,0.05,0.03,1.22,0.0,0.03,0.05,0.0,0.0,0.0,0.51,0.03,0.03,0.0,0.08,35.32,28.78,6.54,81.48,25.86,2.92,1.27,0.0,0.0,6.24,50.22,37,37,3330,0.08,0.0,0.0,0.24,6.76,0.0,0.57,91.3,0.19,87.5,0.38,93.33
22,984095,Serie A,Lazio,Alessio Furlanetto,Goalkeeper,7.2,0.0,0.0,0.0,0.0,0.0,0.0,0.0,0.0,0.0,0.0,0.0,0.0,0.0,0.0,0.0,0.0,0.0,0.0,0.0,0.0,0.0,0.0,0.0,0.0,0.0,0.0,0.0,0.0,0.0,0.0,0.0,0.0,0.0,0.0,0.0,0.0,0.0,23.0,20.0,3.0,86.96,16.0,4.0,1.0,0.0,0.0,5.0,71.43,1,1,90,0.0,0.0,0.0,0.0,3.0,0.0,0.0,0.0,0.0,0.0,0.0,0.0
23,1142149,Serie A,Lecce,Medon Berisha,Midfielder,7.2,0.15,0.09,0.0,1.85,0.38,0.77,8.33,0.23,75.0,0.08,0.08,0.0,0.08,0.08,0.0,0.08,0.0,0.0,0.0,0.0,0.08,0.46,16.67,1.62,0.38,0.23,0.15,0.15,0.0,0.08,0.0,0.0,0.0,0.38,0.23,0.0,1.54,28.0,22.77,5.23,81.32,8.46,14.31,7.31,1.54,33.9,2.15,51.85,13,12,880,0.0,0.0,0.85,0.77,10.15,0.85,3.15,55.41,2.62,57.63,0.54,46.67
24,879746,Serie A,Genoa,Leo Østigård,Defender,7.19,0.17,0.11,0.17,0.73,0.4,0.2,22.73,0.03,100.0,0.17,0.0,0.1,0.03,0.0,0.03,0.1,0.0,0.0,0.0,0.0,0.0,0.0,0.0,1.2,1.0,7.17,0.9,0.23,0.03,0.0,0.03,0.0,0.27,0.03,0.03,0.0,0.33,56.4,50.17,6.23,88.95,37.27,12.9,3.1,0.0,0.0,2.77,48.26,30,30,2623,0.23,0.0,1.27,0.5,7.2,0.07,5.23,64.88,1.63,53.85,3.6,71.52
25,308182,Serie A,Lazio,Ivan Provedel,Goalkeeper,7.18,0.0,0.0,0.0,0.0,0.0,0.0,0.0,0.04,100.0,0.0,0.0,0.0,0.0,0.0,0.0,0.0,0.0,0.0,0.0,0.0,0.0,0.0,0.0,0.0,0.0,0.85,0.0,0.04,0.04,0.0,0.0,0.0,0.44,0.04,0.0,0.0,0.04,31.93,24.04,7.89,75.29,21.41,2.63,0.7,0.0,0.0,6.41,45.29,27,27,2430,0.04,0.0,0.0,0.07,8.0,0.0,0.44,85.71,0.07,66.67,0.37,90.91
26,1403348,Serie A,Como,Jacobo Ramón,Defender,7.18,0.06,0.15,0.29,1.23,0.29,0.61,5.26,0.23,58.33,0.06,0.0,0.03,0.0,0.03,0.06,0.0,0.0,0.0,0.0,0.0,0.0,0.0,0.0,1.58,1.16,3.77,0.55,0.48,0.0,0.1,0.0,0.0,0.45,0.03,0.0,0.0,0.35,65.9,60.13,5.77,91.24,37.26,22.87,7.94,0.06,20.0,2.13,50.38,31,29,2653,0.35,0.03,1.03,0.39,7.13,0.29,5.65,60.14,2.19,53.13,3.45,65.64
27,850952,Serie A,Bologna,Federico Ravaglia,Goalkeeper,7.17,0.0,0.0,0.0,0.0,0.0,0.0,0.0,0.06,100.0,0.0,0.0,0.0,0.0,0.0,0.0,0.0,0.0,0.0,0.0,0.0,0.0,0.0,0.0,0.18,0.06,1.18,0.0,0.12,0.06,0.12,0.12,0.0,0.12,0.0,0.0,0.0,0.0,44.65,33.24,11.41,74.44,29.06,4.18,0.94,0.0,0.0,7.18,39.61,17,16,1469,0.24,0.0,0.12,0.18,11.82,0.0,0.65,64.71,0.29,55.56,0.35,75.0
28,191210,Serie A,Milan,Mike Maignan,Goalkeeper,7.17,0.0,0.0,0.0,0.0,0.0,0.0,0.0,0.08,100.0,0.0,0.0,0.0,0.0,0.0,0.0,0.0,0.0,0.0,0.0,0.0,0.0,0.0,0.0,0.0,0.03,0.58,0.0,0.0,0.03,0.06,0.0,0.0,0.36,0.0,0.0,0.0,0.0,29.39,22.78,6.61,77.5,20.72,2.06,0.69,0.0,0.0,4.72,42.5,36,36,3206,0.08,0.0,0.0,0.14,6.89,0.0,0.33,100.0,0.19,100.0,0.14,100.0
29,91046,Serie A,Inter,Stefan de Vrij,Defender,7.15,0.0,0.03,0.0,0.5,0.2,0.2,0.0,0.1,50.0,0.0,0.0,0.0,0.0,0.0,0.0,0.0,0.0,0.0,0.0,0.0,0.0,0.0,0.0,1.3,0.6,3.2,0.4,0.1,0.0,0.0,0.0,0.0,0.2,0.0,0.0,0.0,0.2,43.4,40.6,2.8,93.55,21.1,19.5,3.2,0.0,0.0,1.2,54.55,10,7,590,0.1,0.0,0.5,0.5,3.0,0.0,3.4,61.82,1.8,72.0,1.6,53.33
30,888971,Serie A,Sassuolo,Arijanet Murić,Goalkeeper,7.15,0.0,0.0,0.0,0.0,0.0,0.0,0.0,0.0,0.0,0.0,0.0,0.0,0.0,0.0,0.0,0.0,0.0,0.0,0.0,0.0,0.0,0.0,0.0,0.0,0.0,1.53,0.0,0.03,0.06,0.16,0.03,0.0,0.19,0.0,0.0,0.0,0.03,28.97,17.62,11.34,60.84,13.06,4.56,1.81,0.0,0.0,6.72,37.65,32,32,2880,0.12,0.0,0.03,0.09,11.69,0.0,0.59,90.48,0.06,66.67,0.53,94.44
31,138605,Serie A,Inter,Piotr Zieliński,Midfielder,7.15,0.18,0.07,0.03,0.85,0.3,0.21,21.43,0.52,70.83,0.03,0.15,0.0,0.09,0.09,0.03,0.0,0.0,0.03,0.03,100.0,0.0,0.0,0.0,0.91,0.15,0.76,0.09,0.36,0.0,0.03,0.0,0.0,0.09,0.21,0.09,0.0,0.88,44.06,40.64,3.42,92.23,15.24,25.39,13.0,0.27,37.5,1.48,62.82,33,21,1965,0.09,0.0,0.52,0.52,5.03,0.21,2.27,60.0,1.91,60.58,0.36,57.14
32,906275,Serie A,Inter,Yann Bisseck,Defender,7.14,0.14,0.11,0.14,1.14,0.55,0.23,12.0,0.36,66.67,0.14,0.0,0.09,0.05,0.0,0.05,0.14,0.0,0.0,0.0,0.0,0.0,0.0,0.0,1.18,0.91,3.27,0.23,0.36,0.0,0.05,0.0,0.0,0.41,0.0,0.05,0.05,0.41,56.45,52.27,4.18,92.59,29.86,22.41,9.32,0.09,15.38,1.05,43.4,22,20,1832,0.09,0.0,0.91,0.73,6.41,0.32,4.0,60.69,2.23,56.98,1.77,66.1
33,901891,Serie A,Milan,Alexis Saelemaekers,Midfielder,7.14,0.06,0.09,0.12,1.24,0.29,0.53,4.76,1.44,47.12,0.03,0.03,0.0,0.03,0.03,0.09,0.06,0.03,0.0,0.0,0.0,0.0,0.0,0.0,2.09,0.82,0.65,0.12,0.88,0.0,0.09,0.0,0.0,0.24,0.15,0.09,0.0,1.44,37.91,31.94,5.97,84.25,12.12,19.82,10.59,0.56,23.75,0.74,44.64,34,32,2707,0.15,0.0,0.74,1.79,12.12,0.5,5.59,57.93,5.29,58.82,0.29,45.45
34,814882,Serie A,Bologna,Nikola Moro,Midfielder,7.13,0.07,0.03,0.03,0.76,0.1,0.52,9.09,0.45,68.42,0.03,0.03,0.0,0.03,0.03,0.07,0.03,0.0,0.0,0.0,0.0,0.03,0.14,25.0,1.03,0.55,1.17,0.24,0.45,0.0,0.03,0.0,0.0,0.14,0.07,0.0,0.0,0.9,45.52,38.66,6.86,84.92,14.79,23.86,10.9,0.52,30.0,5.1,64.35,29,19,1773,0.03,0.0,0.55,0.59,9.17,0.28,2.69,56.12,2.03,58.42,0.66,50.0
35,1090019,Serie A,Como,Martin Baturina,Midfielder,7.13,0.21,0.07,0.0,1.0,0.32,0.39,21.43,0.75,50.0,0.18,0.04,0.0,0.04,0.18,0.04,0.0,0.0,0.0,0.0,0.0,0.0,0.07,0.0,0.68,0.18,0.07,0.07,0.79,0.0,0.0,0.0,0.0,0.04,0.29,0.11,0.04,2.14,28.68,25.25,3.43,88.04,8.14,17.11,8.96,1.04,38.67,0.43,57.14,28,16,1508,0.0,0.0,0.5,1.54,7.96,1.0,3.18,48.9,2.96,49.7,0.21,40.0
36,1012176,Serie A,Atalanta,Giorgio Scalvini,Defender,7.12,0.13,0.11,0.13,0.83,0.26,0.26,15.79,0.57,46.43,0.13,0.0,0.04,0.0,0.04,0.09,0.09,0.0,0.0,0.0,0.0,0.0,0.0,0.0,1.96,1.87,3.0,0.52,0.91,0.04,0.0,0.04,0.0,0.22,0.09,0.04,0.0,0.65,50.22,44.09,6.13,87.79,25.17,18.91,8.91,0.04,16.67,1.52,42.17,23,22,1750,0.09,0.0,1.35,0.43,8.61,0.26,4.74,54.23,2.96,50.75,1.78,61.19
37,383560,Serie A,Inter,Manuel Akanji,Defender,7.11,0.06,0.06,0.03,0.7,0.18,0.39,8.7,0.03,50.0,0.06,0.0,0.06,0.0,0.0,0.0,0.06,0.0,0.0,0.0,0.0,0.0,0.0,0.0,1.45,1.12,3.18,0.39,0.3,0.0,0.06,0.0,0.0,0.45,0.03,0.0,0.0,0.21,63.85,58.82,5.03,92.12,32.64,26.18,9.18,0.06,66.67,2.79,65.25,33,31,2820,0.12,0.0,0.79,0.55,5.82,0.12,3.55,57.92,2.0,61.68,1.55,53.68
38,823984,Serie A,Inter,Lautaro Martínez,Forward,7.11,0.59,0.47,0.55,3.17,1.34,1.03,18.48,0.72,47.73,0.59,0.0,0.14,0.17,0.28,0.1,0.28,0.0,0.0,0.0,0.0,0.0,0.0,0.0,0.83,0.24,0.62,0.0,0.31,0.0,0.03,0.0,0.0,0.0,0.41,0.21,0.0,1.28,20.07,15.72,4.34,78.35,4.41,11.31,7.28,0.07,11.76,0.59,62.96,29,26,2124,0.1,0.0,1.55,1.55,9.17,1.17,3.9,45.2,3.07,45.88,0.83,42.86
39,259281,Serie A,Torino,Alberto Paleari,Goalkeeper,7.09,0.0,0.0,0.0,0.0,0.0,0.0,0.0,0.0,0.0,0.0,0.0,0.0,0.0,0.0,0.0,0.0,0.0,0.0,0.0,0.0,0.0,0.0,0.0,0.0,0.0,1.0,0.0,0.07,0.04,0.04,0.0,0.0,0.32,0.0,0.0,0.0,0.0,31.46,20.79,10.68,66.06,15.68,5.11,1.86,0.0,0.0,7.11,40.2,28,28,2520,0.04,0.0,0.0,0.25,10.82,0.0,0.68,86.36,0.14,66.67,0.54,93.75
40,885197,Serie A,Juventus,Bremer,Defender,7.09,0.15,0.11,0.04,0.88,0.35,0.42,17.39,0.04,14.29,0.12,0.04,0.12,0.0,0.04,0.04,0.0,0.0,0.0,0.0,0.0,0.0,0.0,0.0,1.08,1.23,3.62,0.42,0.15,0.04,0.0,0.04,0.0,0.46,0.0,0.12,0.0,0.31,51.31,45.92,5.38,89.51,28.12,17.81,4.85,0.0,0.0,2.54,51.56,26,25,2175,0.19,0.0,0.81,0.38,6.54,0.19,4.04,55.56,1.5,52.0,2.54,57.89
41,911848,Serie A,Como,Lucas Da Cunha,Midfielder,7.08,0.11,0.16,0.17,1.03,0.4,0.4,11.11,0.63,66.67,0.09,0.03,0.0,0.11,0.0,0.06,0.03,0.0,0.09,0.09,100.0,0.0,0.03,0.0,1.63,0.46,0.46,0.03,0.86,0.0,0.0,0.0,0.0,0.29,0.29,0.11,0.0,1.26,54.91,49.54,5.37,90.22,22.57,26.97,11.83,0.94,34.38,1.71,55.56,35,30,2658,0.11,0.0,0.97,0.54,9.26,0.8,3.29,48.12,2.8,49.25,0.49,42.5
42,367056,Serie A,Juventus,Jérémie Boga,Forward,7.08,0.29,0.2,0.21,1.64,0.86,0.43,17.39,1.5,52.5,0.29,0.0,0.0,0.0,0.29,0.07,0.07,0.0,0.0,0.0,0.0,0.0,0.0,0.0,0.43,0.14,0.29,0.0,0.29,0.0,0.0,0.0,0.0,0.07,0.14,0.0,0.0,1.0,13.36,11.0,2.36,82.35,3.07,7.93,5.29,0.64,33.33,0.0,0.0,14,5,606,0.07,0.0,0.21,0.36,6.64,0.5,2.5,47.3,2.29,50.0,0.21,30.0
43,1082406,Serie A,AS Roma,Matías Soulé,Forward,7.08,0.19,0.12,0.06,1.53,0.5,0.59,12.24,1.06,36.96,0.12,0.06,0.0,0.19,0.0,0.03,0.19,0.0,0.0,0.0,0.0,0.0,0.12,0.0,0.56,0.28,0.34,0.06,0.38,0.0,0.03,0.0,0.0,0.03,0.16,0.16,0.03,1.41,29.78,25.12,4.66,84.37,6.53,18.59,12.44,0.66,30.0,1.09,62.5,32,27,2095,0.03,0.0,0.22,1.25,12.09,1.62,3.16,39.92,2.88,42.01,0.28,26.47
44,318603,Serie A,Cremonese,Emil Audero,Goalkeeper,7.08,0.0,0.0,0.0,0.0,0.0,0.0,0.0,0.03,100.0,0.0,0.0,0.0,0.0,0.0,0.0,0.0,0.0,0.0,0.0,0.0,0.0,0.0,0.0,0.0,0.0,0.94,0.0,0.03,0.15,0.03,0.0,0.0,0.33,0.0,0.0,0.0,0.0,38.33,23.91,14.42,62.37,19.0,4.91,0.91,0.0,0.0,7.91,35.75,33,33,2970,0.0,0.0,0.0,0.18,14.7,0.0,0.42,82.35,0.06,66.67,0.36,85.71
45,965893,Serie A,Milan,Strahinja Pavlović,Defender,7.06,0.15,0.11,0.06,0.76,0.18,0.42,20.0,0.48,51.61,0.12,0.03,0.06,0.06,0.0,0.0,0.09,0.03,0.0,0.0,0.0,0.0,0.03,0.0,1.61,0.61,3.42,0.42,0.48,0.0,0.03,0.06,0.0,0.33,0.0,0.03,0.03,0.48,54.12,49.12,5.0,90.76,29.15,19.97,6.36,0.15,33.33,1.94,54.7,33,32,2780,0.09,0.0,0.82,0.85,7.0,0.33,5.0,57.69,2.94,58.79,2.06,56.2
46,862223,Serie A,Fiorentina,Manor Solomon,Midfielder,7.06,0.13,0.06,0.07,0.73,0.27,0.13,18.18,1.6,68.57,0.07,0.07,0.0,0.0,0.13,0.0,0.07,0.0,0.0,0.0,0.0,0.0,0.0,0.0,0.87,0.07,0.2,0.07,0.33,0.0,0.0,0.0,0.0,0.2,0.2,0.07,0.0,1.53,20.53,18.4,2.13,89.61,5.33,13.07,7.73,0.8,26.09,0.4,75.0,15,9,889,0.07,0.0,0.13,1.07,7.2,1.13,3.6,59.34,3.53,60.23,0.07,33.33
47,793986,Serie A,AS Roma,Mile Svilar,Goalkeeper,7.06,0.0,0.0,0.0,0.0,0.0,0.0,0.0,0.0,0.0,0.0,0.0,0.0,0.0,0.0,0.0,0.0,0.0,0.0,0.0,0.0,0.0,0.0,0.0,0.08,0.03,0.7,0.0,0.03,0.03,0.0,0.0,0.0,0.46,0.0,0.0,0.0,0.0,30.86,21.35,9.51,69.18,18.54,2.81,0.46,0.0,0.0,5.89,38.31,37,37,3330,0.0,0.0,0.0,0.22,9.65,0.0,0.51,82.61,0.22,88.89,0.3,78.57
48,253367,Serie A,Sassuolo,Domenico Berardi,Forward,7.05,0.32,0.23,0.16,1.52,0.8,0.52,21.05,0.44,42.31,0.32,0.0,0.0,0.28,0.04,0.0,0.48,0.04,0.12,0.08,66.67,0.0,0.08,0.0,1.04,0.96,0.96,0.0,0.76,0.0,0.0,0.0,0.0,0.12,0.28,0.16,0.0,1.28,24.88,19.08,5.8,76.69,6.96,12.12,7.24,0.68,30.91,1.44,53.73,25,23,1880,0.08,0.04,1.16,1.32,10.72,0.72,3.28,45.81,2.76,46.62,0.52,41.94
49,1134200,Serie A,AS Roma,Wesley,Midfielder,7.05,0.17,0.05,0.07,0.83,0.43,0.23,20.0,0.47,23.33,0.17,0.0,0.0,0.0,0.17,0.0,0.07,0.03,0.0,0.0,0.0,0.0,0.0,0.0,1.77,0.77,2.07,0.17,1.0,0.0,0.0,0.0,0.0,0.33,0.3,0.0,0.0,1.1,34.27,27.43,6.83,80.06,9.1,18.33,10.63,0.67,21.05,0.77,31.08,30,28,2457,0.17,0.07,1.2,1.9,14.27,0.83,4.97,47.0,4.13,47.51,0.83,44.64
50,136856,Serie A,Milan,Pietro Terracciano,Goalkeeper,7.05,0.0,0.0,0.0,0.0,0.0,0.0,0.0,0.0,0.0,0.0,0.0,0.0,0.0,0.0,0.0,0.0,0.0,0.0,0.0,0.0,0.0,0.0,0.0,0.0,0.0,0.5,0.0,0.0,0.0,0.0,0.0,0.0,0.5,0.0,0.0,0.0,0.0,15.5,14.5,1.0,93.55,12.0,2.5,1.0,0.0,0.0,3.5,77.78,2,1,124,0.0,0.0,0.0,0.0,1.5,0.0,0.0,0.0,0.0,0.0,0.0,0.0
51,830858,Serie A,Udinese,Keinan Davis,Forward,7.04,0.34,0.34,0.24,1.66,0.86,0.45,20.83,1.03,68.18,0.34,0.0,0.03,0.28,0.03,0.03,0.34,0.07,0.14,0.14,100.0,0.0,0.0,0.0,0.38,0.07,0.86,0.1,0.17,0.0,0.03,0.0,0.0,0.03,0.21,0.14,0.0,1.0,13.03,10.21,2.83,78.31,3.28,6.93,4.21,0.0,0.0,0.28,80.0,29,26,1999,0.17,0.0,1.34,1.62,6.93,1.34,5.03,47.1,3.03,49.44,2.0,43.94
52,791702,Serie A,Inter,Marcus Thuram,Forward,7.04,0.45,0.33,0.52,2.55,1.0,0.93,17.57,0.59,60.71,0.41,0.03,0.14,0.07,0.21,0.03,0.52,0.03,0.0,0.0,0.0,0.0,0.0,0.0,0.83,0.03,0.34,0.07,0.34,0.0,0.03,0.0,0.0,0.0,0.24,0.21,0.0,1.0,16.55,12.52,4.03,75.63,3.62,8.9,5.62,0.21,28.57,0.14,66.67,29,24,1913,0.07,0.0,1.48,1.41,8.14,1.03,4.48,50.39,2.79,48.8,1.69,53.26
53,100389,Serie A,Atalanta,Marten de Roon,Midfielder,7.04,0.03,0.02,0.03,0.42,0.12,0.21,7.14,0.09,37.5,0.03,0.0,0.0,0.0,0.03,0.0,0.0,0.0,0.0,0.0,0.0,0.0,0.0,0.0,2.42,0.73,2.0,0.15,0.88,0.0,0.03,0.03,0.0,0.21,0.03,0.06,0.03,0.67,56.24,48.18,8.06,85.67,19.94,28.24,13.12,0.09,23.08,2.94,49.49,33,31,2623,0.18,0.03,1.06,0.33,9.42,0.15,3.85,52.26,2.82,56.36,1.03,43.59
54,879346,Serie A,SSC Napoli,Scott McTominay,Midfielder,7.04,0.31,0.33,0.41,3.06,1.06,1.16,10.2,0.81,46.43,0.22,0.09,0.06,0.03,0.22,0.06,0.16,0.0,0.03,0.0,0.0,0.0,0.16,0.0,0.88,0.66,1.5,0.41,0.38,0.03,0.06,0.0,0.0,0.38,0.03,0.09,0.0,0.69,39.44,34.94,4.5,88.59,15.22,19.72,8.12,0.03,11.11,1.0,74.42,32,30,2703,0.03,0.0,0.75,2.12,8.94,1.56,5.12,52.56,3.62,50.22,1.5,59.26
55,937324,Serie A,Lazio,Nicolò Rovella,Midfielder,7.04,0.0,0.0,0.0,0.09,0.0,0.09,0.0,0.55,66.67,0.0,0.0,0.0,0.0,0.0,0.0,0.0,0.0,0.0,0.0,0.0,0.0,0.0,0.0,1.0,0.82,0.82,0.09,0.45,0.0,0.18,0.0,0.0,0.09,0.18,0.09,0.0,1.18,44.73,41.45,3.27,92.68,20.18,21.27,7.73,0.36,36.36,1.55,65.38,11,6,513,0.18,0.09,0.64,1.09,5.45,0.36,2.91,62.75,2.64,61.7,0.27,75.0
56,974087,Serie A,AS Roma,Manu Koné,Midfielder,7.04,0.07,0.08,0.04,0.75,0.18,0.25,9.52,1.04,61.7,0.07,0.0,0.04,0.0,0.04,0.04,0.07,0.0,0.0,0.0,0.0,0.0,0.0,0.0,1.75,0.64,0.93,0.11,0.96,0.0,0.07,0.0,0.0,0.39,0.14,0.11,0.0,0.89,48.61,43.96,4.64,90.45,16.25,27.71,13.29,0.0,0.0,1.25,60.34,28,28,2441,0.07,0.0,1.64,1.89,8.75,1.29,5.5,50.83,4.54,50.8,0.96,50.94
57,284349,Serie A,Pisa,Simone Scuffet,Goalkeeper,7.04,0.0,0.0,0.0,0.0,0.0,0.0,0.0,0.0,0.0,0.0,0.0,0.0,0.0,0.0,0.0,0.0,0.0,0.0,0.0,0.0,0.0,0.0,0.0,0.0,0.0,1.29,0.0,0.0,0.0,0.0,0.0,0.0,0.14,0.0,0.0,0.0,0.0,33.86,22.86,11.0,67.51,15.43,7.43,2.43,0.0,0.0,10.43,48.99,7,7,630,0.0,0.0,0.0,0.57,11.0,0.0,0.86,100.0,0.43,100.0,0.43,100.0
58,979222,Serie A,Juventus,Francisco Conceição,Forward,7.03,0.1,0.25,0.33,2.33,0.77,0.67,4.29,1.8,53.47,0.03,0.07,0.0,0.1,0.0,0.1,0.1,0.0,0.0,0.0,0.0,0.0,0.0,0.0,1.13,0.23,0.13,0.03,0.5,0.0,0.0,0.0,0.0,0.0,0.17,0.13,0.0,1.37,27.2,23.8,3.4,87.5,7.1,16.7,10.67,0.77,25.56,0.6,56.25,30,26,2028,0.1,0.0,1.07,1.3,9.93,0.83,4.3,49.81,4.23,52.26,0.07,12.5
59,934384,Serie A,Parma,Adrián Bernabé,Midfielder,7.03,0.09,0.07,0.06,1.56,0.38,0.53,6.0,0.47,35.71,0.06,0.03,0.0,0.06,0.03,0.03,0.03,0.0,0.0,0.0,0.0,0.0,0.22,0.0,1.22,0.53,0.78,0.19,0.97,0.0,0.0,0.0,0.0,0.0,0.22,0.03,0.0,1.72,39.62,33.59,6.03,84.78,14.06,19.53,10.34,0.53,20.99,2.34,63.56,32,31,2493,0.0,0.0,0.47,1.91,10.84,0.69,3.72,52.19,3.59,54.76,0.12,22.22
60,905351,Serie A,Parma,Zion Suzuki,Goalkeeper,7.03,0.0,0.0,0.0,0.0,0.0,0.0,0.0,0.0,0.0,0.0,0.0,0.0,0.0,0.0,0.0,0.0,0.0,0.0,0.0,0.0,0.0,0.0,0.0,0.0,0.0,1.25,0.0,0.05,0.05,0.0,0.0,0.0,0.25,0.0,0.0,0.0,0.05,34.95,21.65,13.3,61.95,15.5,6.15,3.4,0.0,0.0,8.0,37.91,20,20,1800,0.05,0.0,0.0,0.2,13.7,0.0,0.55,91.67,0.2,80.0,0.35,100.0
61,1397736,Serie A,Cagliari,Marco Palestra,Midfielder,7.02,0.03,0.04,0.0,0.75,0.19,0.33,3.7,1.86,50.76,0.03,0.0,0.0,0.0,0.03,0.0,0.22,0.0,0.0,0.0,0.0,0.0,0.0,0.0,1.53,0.53,1.14,0.08,0.5,0.0,0.03,0.0,0.0,0.17,0.19,0.11,0.03,0.86,23.81,20.28,3.53,85.18,10.72,9.56,4.44,0.75,24.77,0.75,54.0,36,34,3057,0.08,0.0,1.14,3.0,11.03,0.64,6.81,59.76,6.39,61.5,0.42,41.67
62,865167,Serie A,Juventus,Lloyd Kelly,Defender,7.02,0.03,0.03,0.0,0.47,0.09,0.21,6.25,0.5,80.95,0.03,0.0,0.0,0.03,0.0,0.03,0.12,0.0,0.0,0.0,0.0,0.0,0.03,0.0,1.35,0.41,3.35,0.47,0.21,0.0,0.06,0.03,0.0,0.38,0.06,0.03,0.0,0.26,58.5,52.09,6.41,89.04,32.26,19.82,6.59,0.0,0.0,3.65,54.15,34,32,2908,0.12,0.0,1.21,0.56,8.09,0.26,4.97,60.57,2.35,57.97,2.62,63.12
63,70996,Serie A,SSC Napoli,Kevin De Bruyne,Midfielder,7.02,0.29,0.24,0.0,1.53,0.65,0.47,19.23,0.53,69.23,0.24,0.06,0.0,0.0,0.29,0.06,0.24,0.0,0.18,0.18,100.0,0.06,0.18,33.33,0.59,0.29,0.24,0.0,0.65,0.0,0.0,0.0,0.0,0.12,0.29,0.06,0.06,1.94,39.41,32.94,6.47,83.58,10.12,22.82,12.53,0.71,21.05,1.65,59.57,17,13,1089,0.06,0.0,0.47,0.35,11.29,0.65,1.65,41.18,1.47,42.37,0.18,33.33
64,548178,Serie A,Fiorentina,Rolando Mandragora,Midfielder,7.02,0.21,0.14,0.0,1.88,0.52,0.76,11.29,0.15,35.71,0.12,0.09,0.03,0.15,0.03,0.03,0.0,0.03,0.03,0.03,100.0,0.03,0.39,7.69,1.36,0.39,1.06,0.15,0.45,0.0,0.0,0.0,0.0,0.06,0.09,0.09,0.0,1.03,29.0,24.45,4.55,84.33,11.58,12.88,6.64,0.48,24.24,1.0,35.87,33,29,2348,0.21,0.0,1.12,1.67,7.45,0.3,4.18,60.0,3.09,60.0,1.09,60.0
65,947954,Serie A,Cagliari,Elia Caprile,Goalkeeper,7.02,0.0,0.0,0.0,0.0,0.0,0.0,0.0,0.0,0.0,0.0,0.0,0.0,0.0,0.0,0.0,0.0,0.0,0.0,0.0,0.0,0.0,0.0,0.0,0.0,0.0,0.86,0.0,0.0,0.05,0.0,0.0,0.0,0.22,0.0,0.0,0.0,0.03,28.7,18.27,10.43,63.65,14.11,4.16,1.19,0.0,0.0,5.59,35.26,37,37,3330,0.05,0.0,0.0,0.22,10.62,0.0,0.46,85.0,0.05,100.0,0.41,83.33
66,907668,Serie A,SSC Napoli,Billy Gilmour,Midfielder,7.01,0.06,0.04,0.0,0.62,0.19,0.19,10.0,0.56,81.82,0.06,0.0,0.0,0.06,0.0,0.0,0.0,0.0,0.0,0.0,0.0,0.0,0.0,0.0,0.75,0.62,0.56,0.06,0.25,0.0,0.06,0.0,0.0,0.06,0.0,0.0,0.06,0.38,44.56,39.94,4.62,89.62,18.5,21.44,10.31,0.0,0.0,1.5,53.33,16,8,750,0.06,0.0,0.5,0.38,5.94,0.19,2.0,55.17,1.69,62.79,0.31,33.33
67,850993,Serie A,SSC Napoli,David Neres,Forward,7.01,0.19,0.1,0.0,1.06,0.25,0.38,17.65,1.19,38.0,0.19,0.0,0.0,0.19,0.0,0.06,0.0,0.0,0.0,0.0,0.0,0.0,0.06,0.0,0.62,0.06,0.12,0.19,0.12,0.0,0.0,0.0,0.0,0.0,0.56,0.19,0.0,1.31,20.69,16.88,3.81,81.57,4.19,12.69,8.81,0.81,24.53,0.25,66.67,16,10,925,0.19,0.0,1.19,0.44,11.56,0.75,2.5,35.09,2.25,37.5,0.25,22.22
68,965008,Serie A,Cagliari,Sebastiano Esposito,Forward,7.01,0.2,0.13,0.06,1.54,0.46,0.69,12.96,0.49,41.46,0.17,0.03,0.06,0.03,0.11,0.06,0.14,0.03,0.03,0.03,100.0,0.0,0.2,0.0,1.49,0.46,0.63,0.11,1.11,0.0,0.03,0.0,0.0,0.03,0.31,0.14,0.0,1.91,27.26,20.49,6.77,75.16,7.17,13.31,8.03,0.97,26.15,1.71,64.52,35,33,2610,0.17,0.0,1.26,1.49,13.86,0.83,4.03,47.32,3.43,48.19,0.6,42.86
69,186855,Serie A,AS Roma,Bryan Cristante,Midfielder,7.01,0.06,0.06,0.06,1.17,0.22,0.53,4.76,0.36,59.09,0.06,0.0,0.06,0.0,0.0,0.06,0.0,0.0,0.0,0.0,0.0,0.0,0.0,0.0,1.97,0.75,1.78,0.19,0.53,0.0,0.08,0.0,0.0,0.36,0.06,0.03,0.0,0.72,57.03,46.19,10.83,81.0,18.81,27.39,12.83,0.14,27.78,3.22,50.43,36,35,3013,0.17,0.0,1.72,0.25,13.36,0.58,5.61,49.39,2.53,45.5,3.08,53.11
70,1801193,Serie A,Lecce,Matías Pérez,Defender,7.0,0.0,0.0,0.0,0.0,0.0,0.0,0.0,0.0,0.0,0.0,0.0,0.0,0.0,0.0,0.0,0.0,0.0,0.0,0.0,0.0,0.0,0.0,0.0,0.0,0.0,2.0,2.0,1.0,0.0,0.0,0.0,0.0,0.0,0.0,0.0,0.0,1.0,15.0,14.0,1.0,93.33,7.0,7.0,4.0,0.0,0.0,0.0,0.0,1,1,32,0.0,0.0,0.0,0.0,4.0,0.0,0.0,0.0,0.0,0.0,0.0,0.0
71,295133,Serie A,Como,Edoardo Goldaniga,Defender,7.0,0.0,0.0,0.0,0.0,0.0,0.0,0.0,0.0,0.0,0.0,0.0,0.0,0.0,0.0,0.0,0.0,0.0,0.0,0.0,0.0,0.0,0.0,0.0,0.0,0.0,0.5,0.5,0.0,0.0,0.0,0.0,0.0,0.0,0.0,0.0,0.0,0.0,9.0,9.0,0.0,100.0,6.5,2.5,0.5,0.0,0.0,0.0,0.0,2,0,14,0.0,0.0,0.0,0.0,0.5,0.0,0.5,100.0,0.0,0.0,0.5,100.0
72,946888,Serie A,Atalanta,Éderson,Midfielder,7.0,0.07,0.15,0.2,1.17,0.37,0.33,5.71,0.53,55.17,0.07,0.0,0.0,0.0,0.07,0.0,0.07,0.0,0.03,0.03,100.0,0.0,0.0,0.0,1.97,0.93,1.37,0.23,0.63,0.0,0.1,0.0,0.0,0.23,0.1,0.03,0.0,0.83,44.47,39.67,4.8,89.21,17.97,21.7,10.13,0.03,8.33,2.67,72.07,30,26,2235,0.1,0.0,1.13,1.33,7.77,0.7,4.5,53.57,3.77,56.78,0.73,41.51
73,817957,Serie A,Milan,Christian Pulišić,Forward,7.0,0.28,0.27,0.34,1.76,0.86,0.45,15.69,0.93,45.76,0.28,0.0,0.0,0.21,0.07,0.0,0.1,0.0,0.03,0.0,0.0,0.0,0.03,0.0,0.48,0.1,0.34,0.03,0.24,0.0,0.03,0.0,0.0,0.0,0.31,0.14,0.0,1.31,22.41,19.28,3.14,86.0,5.41,13.86,8.03,0.45,37.14,0.24,41.18,29,18,1566,0.0,0.0,0.38,0.79,7.55,0.69,2.52,46.5,2.21,49.61,0.31,32.14
74,226974,Serie A,Como,Marc Kempf,Defender,7.0,0.12,0.09,0.06,0.64,0.18,0.33,19.05,0.06,33.33,0.12,0.0,0.09,0.03,0.0,0.0,0.0,0.0,0.0,0.0,0.0,0.0,0.0,0.0,0.61,0.36,4.09,0.58,0.42,0.06,0.03,0.03,0.0,0.33,0.06,0.03,0.0,0.24,50.48,45.27,5.21,89.68,28.91,16.36,3.3,0.0,0.0,1.21,37.04,33,26,2233,0.09,0.0,0.79,0.55,6.18,0.12,3.91,59.17,1.21,47.62,2.7,66.42
75,611210,Serie A,AS Roma,Gianluca Mancini,Defender,7.0,0.11,0.08,0.0,0.57,0.23,0.2,20.0,0.11,66.67,0.11,0.0,0.11,0.0,0.0,0.03,0.14,0.0,0.0,0.0,0.0,0.0,0.0,0.0,1.46,1.34,3.43,0.4,0.49,0.0,0.06,0.0,0.0,0.31,0.14,0.06,0.03,0.63,45.69,39.63,6.06,86.74,24.29,15.34,6.4,0.17,19.35,1.71,40.27,35,35,2976,0.26,0.0,1.97,1.17,8.09,0.17,5.23,56.13,2.71,50.8,2.51,63.31
76,984184,Serie A,Atalanta,Nicola Zalewski,Midfielder,6.99,0.06,0.09,0.09,1.15,0.21,0.58,5.26,0.85,41.79,0.0,0.06,0.0,0.0,0.06,0.03,0.09,0.03,0.0,0.0,0.0,0.0,0.06,0.0,0.88,0.55,0.7,0.03,0.3,0.0,0.0,0.0,0.0,0.03,0.33,0.12,0.0,1.09,21.3,16.18,5.12,75.96,6.33,9.85,6.64,0.85,22.05,1.12,47.44,33,24,1910,0.09,0.0,0.64,1.58,12.03,0.7,3.7,52.59,3.27,54.27,0.42,42.42
77,852404,Serie A,Lazio,Mattéo Guendouzi,Midfielder,6.99,0.12,0.08,0.06,1.0,0.5,0.38,12.5,0.5,47.06,0.12,0.0,0.0,0.0,0.12,0.12,0.0,0.0,0.0,0.0,0.0,0.0,0.0,0.0,0.88,0.69,0.88,0.38,0.69,0.0,0.12,0.0,0.0,0.5,0.06,0.06,0.0,0.94,45.94,40.25,5.69,87.62,16.06,24.19,12.06,0.44,35.0,2.31,66.07,16,16,1430,0.38,0.06,1.06,1.31,8.56,0.38,3.06,50.52,2.69,50.0,0.38,54.55
78,932643,Serie A,Sassuolo,Armand Laurienté,Forward,6.99,0.19,0.1,0.03,1.89,0.7,0.7,10.0,0.78,36.71,0.16,0.03,0.0,0.0,0.19,0.03,0.49,0.0,0.0,0.0,0.0,0.03,0.32,8.33,0.7,0.19,0.32,0.0,0.27,0.0,0.03,0.0,0.0,0.0,0.41,0.24,0.0,1.46,21.27,17.95,3.32,84.37,4.32,13.62,8.62,0.7,24.07,0.46,53.13,37,32,2549,0.11,0.0,1.11,1.27,10.81,1.43,2.95,38.79,2.76,40.48,0.19,24.14
79,888219,Serie A,Genoa,Junior Messias,Forward,6.99,0.15,0.09,0.0,0.95,0.35,0.35,15.79,1.0,54.05,0.1,0.05,0.0,0.15,0.0,0.0,0.0,0.0,0.05,0.05,100.0,0.0,0.0,0.0,1.0,0.25,0.7,0.05,0.15,0.0,0.0,0.0,0.0,0.0,0.05,0.05,0.0,0.3,13.0,9.9,3.1,76.15,2.85,7.05,4.95,0.15,18.75,1.0,64.52,20,5,675,0.05,0.0,0.5,1.1,6.5,0.5,3.75,55.56,3.1,61.39,0.65,38.24
80,1086286,Serie A,Como,Máximo Perrone,Midfielder,6.99,0.09,0.06,0.09,0.51,0.26,0.14,16.67,0.26,52.94,0.06,0.03,0.0,0.06,0.03,0.0,0.03,0.0,0.0,0.0,0.0,0.0,0.0,0.0,1.6,0.63,0.74,0.09,0.89,0.0,0.11,0.03,0.0,0.4,0.11,0.11,0.06,0.91,60.31,55.03,5.29,91.24,26.57,28.46,9.77,0.09,30.0,1.97,68.32,35,32,2658,0.23,0.0,1.14,0.63,7.4,0.63,2.83,47.14,2.49,46.52,0.34,52.17
81,284363,Serie A,Cremonese,Federico Bonazzoli,Forward,6.99,0.26,0.26,0.15,2.15,0.91,0.71,12.33,0.29,31.25,0.24,0.03,0.0,0.26,0.0,0.06,0.12,0.0,0.06,0.06,100.0,0.0,0.0,0.0,0.88,0.32,0.29,0.0,0.59,0.0,0.0,0.0,0.0,0.06,0.09,0.03,0.0,0.38,24.15,20.35,3.79,84.29,8.12,12.24,5.82,0.18,23.08,1.21,73.21,34,30,2438,0.12,0.0,0.76,2.24,8.0,1.0,3.68,51.65,3.41,53.7,0.26,34.62
82,1134351,Serie A,Sassuolo,Ismael Koné,Midfielder,6.99,0.18,0.15,0.12,0.65,0.29,0.26,27.27,0.76,60.47,0.18,0.0,0.0,0.0,0.18,0.0,0.0,0.0,0.0,0.0,0.0,0.0,0.0,0.0,0.88,0.44,0.88,0.12,0.47,0.0,0.12,0.0,0.0,0.09,0.03,0.0,0.0,0.68,32.56,29.79,2.76,91.51,13.65,16.15,7.56,0.09,60.0,1.82,80.52,34,32,2691,0.09,0.03,0.74,1.59,5.56,0.65,3.38,55.29,3.18,58.38,0.21,30.43
83,148899,Serie A,SSC Napoli,Leonardo Spinazzola,Defender,6.99,0.09,0.04,0.0,0.66,0.22,0.25,14.29,0.5,31.37,0.03,0.06,0.0,0.0,0.09,0.0,0.06,0.0,0.0,0.0,0.0,0.0,0.0,0.0,0.75,0.12,1.0,0.06,0.31,0.0,0.06,0.0,0.0,0.03,0.06,0.09,0.03,1.03,30.81,24.88,5.94,80.73,10.66,14.22,7.59,0.69,30.14,1.59,54.84,32,22,1907,0.03,0.0,0.28,0.28,10.81,0.41,1.59,42.15,1.53,42.61,0.06,33.33
84,126816,Serie A,Inter,Francesco Acerbi,Defender,6.99,0.0,0.02,0.06,0.17,0.06,0.11,0.0,0.06,50.0,0.0,0.0,0.0,0.0,0.0,0.06,0.17,0.0,0.0,0.0,0.0,0.0,0.0,0.0,0.56,1.0,5.06,0.89,0.11,0.0,0.0,0.0,0.0,0.33,0.06,0.0,0.0,0.22,54.33,51.56,2.78,94.89,34.83,16.72,4.0,0.17,100.0,1.22,51.16,18,15,1387,0.17,0.0,0.94,0.72,3.5,0.0,3.83,64.49,1.33,57.14,2.5,69.23
85,818481,Serie A,Bologna,Jhon Lucumí,Defender,6.99,0.04,0.03,0.0,0.29,0.07,0.18,12.5,0.18,100.0,0.04,0.0,0.04,0.0,0.0,0.0,0.04,0.0,0.0,0.0,0.0,0.0,0.0,0.0,1.43,1.11,3.39,0.46,0.5,0.04,0.18,0.0,0.0,0.29,0.04,0.0,0.0,0.25,56.18,50.21,5.96,89.38,32.64,17.57,4.29,0.04,100.0,3.96,61.33,28,25,2210,0.18,0.0,0.68,0.68,7.14,0.29,3.79,60.23,2.29,61.54,1.5,58.33
86,855829,Serie A,Bologna,Juan Miranda,Defender,6.99,0.03,0.02,0.0,0.42,0.16,0.16,7.69,0.26,50.0,0.03,0.0,0.0,0.03,0.0,0.03,0.1,0.03,0.0,0.0,0.0,0.0,0.0,0.0,1.55,1.13,2.35,0.16,0.39,0.03,0.0,0.0,0.0,0.23,0.16,0.1,0.0,2.13,46.06,38.26,7.81,83.05,18.68,19.58,10.29,1.55,28.24,3.58,48.47,31,28,2483,0.19,0.0,0.81,1.1,15.42,0.19,3.94,61.31,2.9,64.29,1.03,54.24
87,822518,Serie A,Fiorentina,Dodô,Midfielder,6.99,0.03,0.06,0.03,0.71,0.11,0.46,4.0,1.31,54.76,0.03,0.0,0.0,0.03,0.0,0.0,0.06,0.0,0.0,0.0,0.0,0.0,0.0,0.0,0.83,0.8,1.6,0.09,0.49,0.0,0.06,0.0,0.0,0.23,0.23,0.06,0.0,1.43,38.74,32.29,6.46,83.33,14.37,17.91,9.71,0.97,22.67,1.37,40.0,35,35,3049,0.2,0.0,0.63,1.49,14.37,0.4,4.09,56.75,3.6,58.6,0.49,45.95
88,1012177,Serie A,Atalanta,Lorenzo Bernasconi,Midfielder,6.98,0.0,0.02,0.04,0.39,0.04,0.13,0.0,0.35,50.0,0.0,0.0,0.0,0.0,0.0,0.0,0.13,0.0,0.0,0.0,0.0,0.0,0.0,0.0,1.26,0.61,1.61,0.26,0.52,0.0,0.0,0.0,0.0,0.35,0.22,0.13,0.0,1.17,30.78,25.91,4.87,84.18,11.3,14.61,6.96,1.39,28.32,1.0,46.0,23,17,1572,0.13,0.0,0.35,0.22,11.61,0.13,2.0,52.87,1.78,57.75,0.22,31.25
89,256667,Serie A,Lecce,Wladimiro Falcone,Goalkeeper,6.98,0.0,0.0,0.0,0.0,0.0,0.0,0.0,0.0,0.0,0.0,0.0,0.0,0.0,0.0,0.0,0.0,0.0,0.0,0.0,0.0,0.0,0.0,0.0,0.05,0.0,1.49,0.0,0.03,0.0,0.03,0.0,0.0,0.24,0.0,0.0,0.0,0.03,30.08,13.68,16.41,45.46,7.95,5.73,1.57,0.0,0.0,7.59,31.75,37,37,3330,0.05,0.0,0.0,0.22,16.59,0.0,0.65,92.31,0.14,83.33,0.51,95.0
90,990411,Serie A,Parma,Edoardo Corvi,Goalkeeper,6.98,0.0,0.0,0.0,0.0,0.0,0.0,0.0,0.0,0.0,0.0,0.0,0.0,0.0,0.0,0.0,0.0,0.0,0.0,0.0,0.0,0.0,0.0,0.0,0.06,0.0,1.06,0.0,0.06,0.12,0.12,0.0,0.0,0.38,0.0,0.0,0.0,0.0,29.94,22.0,7.94,73.49,18.94,3.06,0.94,0.0,0.0,4.69,37.69,16,16,1440,0.06,0.0,0.0,0.31,8.0,0.0,0.44,87.5,0.31,83.33,0.12,100.0
91,904832,Serie A,Juventus,Khéphren Thuram,Midfielder,6.97,0.09,0.09,0.09,1.44,0.44,0.62,6.12,0.65,62.86,0.09,0.0,0.06,0.03,0.0,0.03,0.09,0.0,0.0,0.0,0.0,0.0,0.0,0.0,1.76,0.35,0.85,0.24,0.38,0.0,0.0,0.0,0.0,0.26,0.12,0.06,0.0,0.68,43.41,37.59,5.82,86.59,16.06,21.53,11.29,0.09,20.0,1.24,56.76,34,29,2383,0.06,0.0,1.12,0.35,8.18,0.41,3.82,54.39,2.76,55.95,1.06,50.7
92,293581,Serie A,Lazio,Mattia Zaccagni,Forward,6.97,0.12,0.16,0.31,1.31,0.54,0.5,8.82,0.88,38.33,0.12,0.0,0.0,0.0,0.12,0.04,0.23,0.04,0.04,0.0,0.0,0.0,0.0,0.0,1.42,0.73,0.38,0.04,0.81,0.0,0.0,0.0,0.0,0.23,0.15,0.0,0.0,1.35,29.73,24.54,5.19,82.54,8.62,15.92,8.38,0.38,18.52,0.85,56.41,26,26,2114,0.23,0.04,1.15,3.15,12.19,1.04,6.04,53.77,5.46,55.47,0.58,41.67
93,69378,Serie A,Fiorentina,David De Gea,Goalkeeper,6.97,0.0,0.0,0.0,0.0,0.0,0.0,0.0,0.0,0.0,0.0,0.0,0.0,0.0,0.0,0.0,0.0,0.0,0.0,0.0,0.0,0.0,0.0,0.0,0.0,0.0,0.51,0.0,0.05,0.08,0.05,0.0,0.0,0.27,0.0,0.0,0.0,0.03,28.84,19.11,9.73,66.26,16.08,3.03,0.84,0.0,0.0,5.08,34.62,37,37,3330,0.0,0.0,0.0,0.16,10.05,0.0,0.3,73.33,0.14,71.43,0.16,75.0
94,287057,Serie A,Hellas Verona,Roberto Gagliardini,Midfielder,6.97,0.03,0.04,0.07,0.52,0.1,0.21,6.67,0.21,60.0,0.03,0.0,0.03,0.0,0.0,0.03,0.0,0.0,0.0,0.0,0.0,0.0,0.0,0.0,2.52,1.86,2.41,0.45,0.79,0.0,0.0,0.0,0.0,0.14,0.0,0.0,0.0,0.55,40.17,32.59,7.59,81.12,15.0,17.59,7.97,0.21,37.5,1.59,40.0,29,25,2216,0.34,0.0,1.55,1.21,10.07,0.41,5.83,59.3,3.83,57.81,2.0,62.37
95,1155423,Serie A,Parma,Alessandro Circati,Defender,6.97,0.03,0.03,0.03,0.27,0.03,0.1,12.5,0.1,60.0,0.03,0.0,0.0,0.0,0.03,0.0,0.0,0.0,0.0,0.0,0.0,0.0,0.0,0.0,1.4,0.8,4.97,1.0,0.23,0.03,0.1,0.03,0.0,0.33,0.0,0.0,0.0,0.27,47.57,41.77,5.8,87.81,28.17,13.6,4.23,0.0,0.0,2.63,53.02,30,30,2576,0.2,0.0,1.0,0.57,7.13,0.17,4.57,61.99,2.07,61.39,2.5,62.5
96,1486808,Serie A,Bologna,Eivind Helland,Defender,6.96,0.0,0.01,0.0,0.2,0.0,0.2,0.0,0.0,0.0,0.0,0.0,0.0,0.0,0.0,0.0,0.0,0.0,0.0,0.0,0.0,0.0,0.0,0.0,1.4,0.8,3.4,1.2,0.2,0.0,0.0,0.0,0.0,0.4,0.0,0.0,0.0,0.4,56.2,49.6,6.6,88.26,36.2,13.4,3.6,0.0,0.0,2.0,34.48,5,5,407,0.4,0.0,0.8,0.0,7.8,0.4,4.2,61.76,1.4,50.0,2.8,70.0
97,44241,Serie A,Sassuolo,Nemanja Matić,Midfielder,6.96,0.03,0.01,0.0,0.33,0.12,0.12,9.09,0.39,52.0,0.03,0.0,0.0,0.03,0.0,0.0,0.0,0.0,0.0,0.0,0.0,0.0,0.0,0.0,1.3,0.82,1.42,0.3,0.76,0.0,0.06,0.0,0.0,0.15,0.03,0.03,0.0,0.61,51.48,44.55,6.94,86.52,23.76,20.79,9.03,0.06,16.67,3.12,56.91,33,31,2644,0.21,0.03,0.73,1.18,9.61,0.73,3.76,54.39,2.82,52.54,0.94,60.78
98,227864,Serie A,Lazio,Alessio Romagnoli,Defender,6.96,0.0,0.05,0.06,0.29,0.13,0.16,0.0,0.03,100.0,0.0,0.0,0.0,0.0,0.0,0.03,0.0,0.0,0.0,0.0,0.0,0.0,0.0,0.0,0.74,1.0,4.19,0.61,0.32,0.0,0.03,0.0,0.0,0.39,0.0,0.0,0.0,0.1,62.65,58.39,4.26,93.2,40.16,18.23,3.81,0.0,0.0,2.1,53.72,31,30,2577,0.16,0.03,0.58,0.48,4.65,0.03,3.26,60.12,1.16,57.14,2.1,61.9
99,37151,Serie A,Inter,Henrikh Mkhitaryan,Midfielder,6.95,0.14,0.17,0.24,1.48,0.48,0.59,9.3,0.41,41.38,0.14,0.0,0.03,0.07,0.03,0.14,0.1,0.03,0.0,0.0,0.0,0.0,0.03,0.0,1.14,0.48,0.62,0.14,0.66,0.0,0.0,0.03,0.0,0.14,0.17,0.03,0.0,0.72,33.83,29.79,4.03,88.07,9.24,20.55,12.17,0.21,14.63,1.17,72.34,29,16,1519,0.14,0.0,0.86,0.59,7.62,0.72,2.55,44.85,2.14,43.36,0.41,54.55
100,891656,Serie A,Udinese,Maduka Okoye,Goalkeeper,6.95,0.0,0.0,0.0,0.0,0.0,0.0,0.0,0.0,0.0,0.0,0.0,0.0,0.0,0.0,0.0,0.0,0.0,0.0,0.0,0.0,0.0,0.0,0.0,0.0,0.0,0.93,0.0,0.0,0.07,0.07,0.03,0.0,0.34,0.0,0.0,0.0,0.07,30.14,19.52,10.62,64.76,13.97,5.55,1.03,0.0,0.0,6.93,39.88,29,29,2527,0.03,0.03,0.07,0.14,10.72,0.0,0.31,81.82,0.1,60.0,0.21,100.0
101,360396,Serie A,Cagliari,Yerry Mina,Defender,6.95,0.08,0.06,0.0,0.4,0.12,0.24,20.0,0.08,50.0,0.08,0.0,0.08,0.0,0.0,0.0,0.12,0.0,0.0,0.0,0.0,0.0,0.0,0.0,1.24,0.96,4.76,0.92,0.28,0.04,0.04,0.0,0.0,0.24,0.0,0.0,0.0,0.32,45.76,41.76,4.0,91.26,34.56,7.2,1.72,0.0,0.0,1.44,42.35,25,25,2063,0.12,0.04,1.0,1.48,5.08,0.36,5.08,64.14,2.8,63.64,2.28,64.77
102,972886,Serie A,Fiorentina,Fabiano Parisi,Defender,6.94,0.04,0.06,0.04,1.04,0.3,0.39,4.17,1.35,56.36,0.04,0.0,0.0,0.0,0.04,0.09,0.04,0.04,0.0,0.0,0.0,0.0,0.0,0.0,0.91,0.87,0.96,0.26,0.35,0.0,0.09,0.04,0.04,0.04,0.13,0.04,0.0,0.83,27.78,23.61,4.17,84.98,9.7,13.91,6.87,0.3,17.95,1.09,45.45,23,18,1527,0.26,0.0,0.61,2.87,9.43,1.13,5.39,58.77,4.96,61.29,0.43,40.0
103,1063373,Serie A,Udinese,Thomas Kristensen,Defender,6.94,0.11,0.04,0.04,0.41,0.22,0.11,27.27,0.22,50.0,0.11,0.0,0.11,0.0,0.0,0.0,0.11,0.0,0.0,0.0,0.0,0.0,0.0,0.0,0.96,0.93,7.3,0.81,0.63,0.0,0.04,0.0,0.0,0.33,0.0,0.0,0.0,0.11,45.11,38.74,6.37,85.88,26.15,12.59,3.7,0.04,25.0,2.93,54.11,27,27,2416,0.15,0.0,0.93,0.33,7.44,0.07,4.52,57.01,1.52,47.13,3.0,63.78
104,556696,Serie A,Genoa,Justin Bijlow,Goalkeeper,6.94,0.0,0.0,0.0,0.0,0.0,0.0,0.0,0.0,0.0,0.0,0.0,0.0,0.0,0.0,0.0,0.0,0.0,0.0,0.0,0.0,0.0,0.0,0.0,0.0,0.0,0.88,0.0,0.0,0.0,0.06,0.06,0.0,0.31,0.0,0.0,0.0,0.0,38.12,28.62,9.5,75.08,24.81,3.81,1.69,0.0,0.0,5.56,36.93,16,16,1395,0.06,0.0,0.06,0.06,9.69,0.0,0.5,88.89,0.0,0.0,0.5,100.0
105,971005,Serie A,Bologna,Nicolò Cambiaghi,Forward,6.94,0.11,0.08,0.07,0.86,0.21,0.36,12.5,0.54,45.45,0.11,0.0,0.0,0.07,0.04,0.0,0.18,0.0,0.0,0.0,0.0,0.0,0.0,0.0,1.07,0.29,0.18,0.0,0.71,0.0,0.0,0.0,0.0,0.07,0.18,0.14,0.0,0.64,14.18,11.82,2.36,83.38,3.39,8.43,5.18,0.57,25.0,0.36,45.45,28,17,1529,0.11,0.04,1.14,2.54,6.86,0.75,4.32,55.0,4.11,56.93,0.21,33.33
106,353130,Serie A,AS Roma,Mario Hermoso,Defender,6.93,0.12,0.07,0.08,0.73,0.23,0.35,15.79,0.15,30.77,0.12,0.0,0.04,0.04,0.04,0.04,0.0,0.0,0.0,0.0,0.0,0.0,0.0,0.0,1.38,1.08,2.88,0.23,0.42,0.04,0.04,0.0,0.0,0.27,0.04,0.08,0.0,0.38,51.42,44.65,6.77,86.84,28.27,16.38,6.54,0.04,11.11,2.23,45.31,26,24,2006,0.35,0.0,1.46,0.69,8.54,0.12,4.0,53.89,2.15,48.7,1.85,61.54
107,1516324,Serie A,Parma,Mariano Troilo,Defender,6.93,0.05,0.04,0.0,0.45,0.1,0.2,11.11,0.25,71.43,0.05,0.0,0.05,0.0,0.0,0.0,0.05,0.0,0.0,0.0,0.0,0.0,0.0,0.0,1.3,0.8,5.8,0.9,0.5,0.0,0.1,0.1,0.0,0.2,0.05,0.0,0.0,0.3,39.6,35.35,4.25,89.27,24.05,11.3,2.4,0.05,100.0,1.95,50.65,20,17,1546,0.3,0.1,1.25,1.0,4.9,0.15,4.3,58.5,2.4,55.81,1.9,62.3
108,965330,Serie A,Juventus,Pierre Kalulu,Defender,6.93,0.06,0.05,0.03,0.36,0.11,0.14,15.38,0.19,33.33,0.06,0.0,0.03,0.0,0.03,0.03,0.0,0.0,0.0,0.0,0.0,0.0,0.0,0.0,1.67,0.67,1.67,0.19,0.25,0.0,0.0,0.0,0.0,0.44,0.28,0.11,0.0,1.14,59.44,52.89,6.56,88.97,25.58,27.31,12.75,0.58,23.33,2.08,53.96,36,36,3192,0.03,0.03,0.92,0.39,10.0,0.28,3.17,53.02,2.25,56.64,0.92,45.83
109,848287,Serie A,AS Roma,Evan Ndicka,Defender,6.93,0.1,0.06,0.03,0.74,0.19,0.48,13.04,0.13,44.44,0.1,0.0,0.03,0.03,0.03,0.0,0.0,0.0,0.0,0.0,0.0,0.0,0.0,0.0,0.77,1.58,4.45,0.39,0.26,0.03,0.19,0.0,0.0,0.42,0.03,0.0,0.0,0.19,52.71,47.74,4.97,90.58,33.68,14.06,3.29,0.0,0.0,2.87,55.63,31,31,2683,0.16,0.0,1.03,1.13,6.03,0.19,4.48,58.65,2.03,56.25,2.45,60.8
110,1110136,Serie A,Parma,Mandela Keita,Midfielder,6.93,0.03,0.02,0.0,0.42,0.11,0.22,6.67,0.72,61.9,0.03,0.0,0.0,0.0,0.03,0.0,0.0,0.0,0.0,0.0,0.0,0.0,0.0,0.0,2.03,1.22,0.86,0.31,0.67,0.03,0.08,0.0,0.03,0.28,0.0,0.03,0.0,0.31,32.78,29.0,3.78,88.47,15.42,13.58,4.67,0.0,0.0,1.22,73.33,36,35,2927,0.03,0.0,0.83,1.56,6.28,0.72,4.83,62.59,4.31,63.01,0.53,59.38
111,787941,Serie A,SSC Napoli,Frank Anguissa,Midfielder,6.93,0.22,0.14,0.06,1.28,0.5,0.61,17.39,0.5,52.94,0.22,0.0,0.11,0.06,0.06,0.06,0.0,0.06,0.0,0.0,0.0,0.0,0.0,0.0,1.0,0.67,0.61,0.17,0.67,0.0,0.06,0.0,0.0,0.28,0.06,0.06,0.0,0.72,39.67,34.33,5.33,86.55,15.89,18.44,7.83,0.22,26.67,0.61,50.0,18,14,1256,0.06,0.0,1.0,1.0,9.11,1.33,4.28,48.73,2.5,43.27,1.78,59.26
112,918440,Serie A,Genoa,Morten Frendrup,Midfielder,6.93,0.03,0.01,0.0,0.23,0.09,0.11,12.5,0.23,61.54,0.0,0.03,0.0,0.03,0.0,0.0,0.0,0.0,0.0,0.0,0.0,0.0,0.0,0.0,2.8,1.17,2.49,0.34,0.66,0.0,0.03,0.0,0.0,0.17,0.03,0.0,0.0,0.43,35.97,31.66,4.31,88.01,18.23,13.43,4.94,0.03,20.0,1.23,48.31,35,34,2999,0.14,0.0,1.14,1.11,6.14,0.54,4.89,60.85,4.11,63.16,0.77,50.94
113,893752,Serie A,Sassuolo,Stefano Turati,Goalkeeper,6.92,0.0,0.0,0.0,0.0,0.0,0.0,0.0,0.0,0.0,0.0,0.0,0.0,0.0,0.0,0.0,0.0,0.0,0.0,0.0,0.0,0.0,0.0,0.0,0.0,0.0,1.6,0.0,0.0,0.0,0.0,0.0,0.0,0.4,0.0,0.0,0.0,0.4,25.8,13.2,12.6,51.16,9.0,4.2,2.2,0.0,0.0,4.2,25.0,5,5,450,0.0,0.0,0.0,0.2,13.0,0.0,1.0,100.0,0.2,100.0,0.8,100.0
114,16206,Serie A,Inter,Yann Sommer,Goalkeeper,6.92,0.0,0.0,0.0,0.0,0.0,0.0,0.0,0.0,0.0,0.0,0.0,0.0,0.0,0.0,0.0,0.0,0.0,0.0,0.0,0.0,0.0,0.0,0.0,0.0,0.0,0.36,0.0,0.03,0.03,0.03,0.0,0.0,0.45,0.0,0.0,0.0,0.0,31.76,26.0,5.76,81.87,23.64,2.36,0.45,0.0,0.0,5.0,47.01,33,33,2961,0.0,0.0,0.0,0.09,5.85,0.0,0.12,66.67,0.09,75.0,0.03,50.0
115,924973,Serie A,Sassuolo,Kristian Thorstvedt,Midfielder,6.92,0.13,0.2,0.29,1.39,0.42,0.58,9.3,0.55,41.46,0.1,0.03,0.03,0.1,0.0,0.03,0.03,0.0,0.0,0.0,0.0,0.0,0.0,0.0,1.39,1.03,1.35,0.42,0.35,0.0,0.0,0.0,0.0,0.16,0.13,0.13,0.0,1.03,33.23,27.29,5.94,82.14,10.87,16.42,9.61,0.19,42.86,0.58,40.0,31,26,2368,0.26,0.0,1.03,1.77,9.81,0.68,4.61,52.57,3.71,57.79,0.9,38.36
116,877201,Serie A,Parma,Gabriel Strefezza,Midfielder,6.92,0.14,0.07,0.0,1.71,0.5,0.79,8.33,1.21,51.52,0.14,0.0,0.0,0.0,0.14,0.07,0.14,0.0,0.0,0.0,0.0,0.0,0.0,0.0,1.14,0.36,0.29,0.0,0.93,0.0,0.0,0.0,0.0,0.0,0.21,0.14,0.0,1.0,24.86,21.21,3.64,85.34,5.43,15.79,8.43,0.57,20.51,0.71,41.67,14,13,1015,0.21,0.0,1.5,2.0,10.57,1.29,4.71,46.81,4.36,48.03,0.36,35.71
117,151003,Serie A,Atalanta,Berat Djimsiti,Defender,6.92,0.0,0.05,0.12,0.48,0.06,0.3,0.0,0.09,75.0,0.0,0.0,0.0,0.0,0.0,0.03,0.0,0.0,0.0,0.0,0.0,0.0,0.0,0.0,1.58,1.3,4.7,0.73,0.58,0.03,0.06,0.0,0.0,0.24,0.0,0.0,0.0,0.15,46.82,42.27,4.55,90.29,29.94,12.33,3.79,0.0,0.0,1.79,57.28,33,29,2511,0.12,0.0,0.52,0.24,5.12,0.09,4.52,59.84,1.91,61.17,2.61,58.9
118,797286,Serie A,Genoa,Aarón Martín,Defender,6.92,0.03,0.04,0.03,0.34,0.12,0.03,9.09,0.38,48.0,0.0,0.03,0.0,0.03,0.0,0.0,0.0,0.03,0.03,0.0,0.0,0.03,0.16,20.0,1.31,0.31,1.44,0.34,0.22,0.0,0.0,0.03,0.0,0.09,0.34,0.16,0.0,1.88,22.34,17.62,4.72,78.88,9.09,8.53,4.72,1.97,33.69,1.22,32.5,32,25,2125,0.06,0.0,0.97,0.84,11.84,0.44,2.81,51.72,2.53,56.25,0.28,30.0
119,235672,Serie A,SSC Napoli,Matteo Politano,Midfielder,6.91,0.06,0.07,0.09,1.39,0.36,0.64,4.35,1.0,50.0,0.06,0.0,0.0,0.06,0.0,0.12,0.0,0.0,0.0,0.0,0.0,0.0,0.09,0.0,0.45,0.12,0.42,0.06,0.3,0.0,0.0,0.0,0.0,0.09,0.33,0.15,0.0,1.09,27.36,22.48,4.88,82.17,7.85,14.64,8.76,1.12,21.76,0.7,38.98,33,25,2133,0.12,0.0,0.58,0.79,12.06,0.58,2.45,46.29,2.21,48.03,0.24,34.78
120,357596,Serie A,Torino,Nikola Vlašić,Midfielder,6.91,0.22,0.19,0.06,1.31,0.47,0.53,17.02,0.75,50.0,0.22,0.0,0.0,0.0,0.22,0.06,0.11,0.0,0.14,0.14,100.0,0.0,0.06,0.0,1.83,0.56,0.78,0.11,0.81,0.0,0.06,0.0,0.0,0.19,0.14,0.08,0.0,1.44,31.19,26.08,5.11,83.62,8.83,17.25,9.97,0.31,22.92,1.11,55.56,36,35,2963,0.19,0.0,1.22,1.19,9.97,1.33,4.39,47.16,3.78,48.92,0.61,38.6
121,1444690,Serie A,Udinese,Arthur Atta,Midfielder,6.91,0.16,0.13,0.1,1.77,0.61,0.58,9.09,2.03,53.39,0.13,0.03,0.0,0.03,0.13,0.1,0.26,0.0,0.0,0.0,0.0,0.0,0.03,0.0,0.81,0.61,1.13,0.03,0.52,0.0,0.03,0.0,0.0,0.16,0.16,0.1,0.0,1.06,32.32,26.9,5.42,83.23,9.58,17.32,10.16,0.48,27.27,1.19,52.11,31,28,2473,0.1,0.0,0.74,1.0,13.48,2.13,4.45,43.67,3.77,42.86,0.68,48.84
122,929199,Serie A,Inter,Carlos Augusto,Defender,6.91,0.03,0.04,0.06,0.55,0.15,0.27,5.56,0.18,46.15,0.03,0.0,0.0,0.03,0.0,0.0,0.0,0.0,0.0,0.0,0.0,0.0,0.0,0.0,1.12,0.52,1.82,0.24,0.18,0.0,0.06,0.03,0.0,0.15,0.03,0.03,0.0,0.33,32.7,29.15,3.55,89.16,14.94,14.21,5.88,0.27,19.57,0.64,36.84,33,17,1675,0.18,0.0,0.79,0.36,6.3,0.27,3.48,62.5,1.64,55.1,1.85,70.93
123,875136,Serie A,SSC Napoli,Noa Lang,Forward,6.91,0.06,0.04,0.06,0.5,0.22,0.11,11.11,0.44,40.0,0.06,0.0,0.06,0.0,0.0,0.0,0.11,0.0,0.0,0.0,0.0,0.0,0.0,0.0,0.67,0.11,0.06,0.0,0.11,0.0,0.0,0.0,0.0,0.0,0.22,0.11,0.0,0.83,14.94,11.78,3.17,78.81,3.06,8.72,5.61,0.61,25.0,0.67,80.0,18,7,668,0.11,0.0,0.28,0.61,6.67,0.39,2.06,52.86,1.72,54.39,0.33,46.15
124,150383,Serie A,SSC Napoli,Stanislav Lobotka,Midfielder,6.91,0.03,0.02,0.0,0.26,0.13,0.06,12.5,0.13,50.0,0.03,0.0,0.0,0.0,0.03,0.0,0.0,0.0,0.0,0.0,0.0,0.0,0.0,0.0,0.9,0.52,0.94,0.06,0.58,0.0,0.0,0.03,0.0,0.29,0.0,0.03,0.0,0.68,57.65,53.39,4.26,92.61,25.61,27.77,12.0,0.03,20.0,1.42,58.67,31,28,2403,0.1,0.0,0.42,1.42,5.39,0.26,2.81,62.59,2.45,64.41,0.35,52.38
125,826195,Serie A,Milan,Matteo Gabbia,Defender,6.91,0.0,0.05,0.1,0.66,0.1,0.48,0.0,0.0,0.0,0.0,0.0,0.0,0.0,0.0,0.07,0.0,0.0,0.0,0.0,0.0,0.0,0.0,0.0,0.69,0.48,5.28,0.66,0.17,0.0,0.0,0.0,0.0,0.38,0.0,0.0,0.0,0.07,49.69,45.69,4.0,91.95,32.69,13.0,2.21,0.0,0.0,2.9,56.76,29,27,2441,0.14,0.0,0.86,0.21,4.24,0.0,2.93,58.22,0.86,46.3,2.07,65.22
126,1160559,Serie A,Lazio,Oliver Provstgaard,Defender,6.9,0.0,0.01,0.04,0.24,0.08,0.16,0.0,0.04,33.33,0.0,0.0,0.0,0.0,0.0,0.0,0.0,0.0,0.0,0.0,0.0,0.0,0.0,0.0,0.48,0.56,2.76,0.52,0.24,0.0,0.08,0.0,0.0,0.12,0.04,0.0,0.0,0.16,44.84,41.48,3.36,92.51,24.8,16.68,4.16,0.04,50.0,1.84,57.5,25,13,1499,0.12,0.0,0.56,0.36,3.8,0.2,2.52,53.39,0.84,44.68,1.68,59.15
127,840414,Serie A,Torino,Ardian Ismajli,Defender,6.9,0.0,0.01,0.04,0.25,0.17,0.08,0.0,0.08,33.33,0.0,0.0,0.0,0.0,0.0,0.0,0.04,0.0,0.0,0.0,0.0,0.0,0.0,0.0,1.29,1.38,6.5,0.71,0.21,0.04,0.04,0.04,0.0,0.25,0.04,0.04,0.0,0.17,38.04,33.75,4.29,88.72,23.54,10.21,2.42,0.12,37.5,1.88,50.56,24,20,1825,0.21,0.0,0.88,0.71,5.42,0.04,4.08,65.77,2.0,61.54,2.08,70.42
128,788255,Serie A,Milan,Fikayo Tomori,Defender,6.9,0.0,0.02,0.0,0.28,0.06,0.12,0.0,0.09,60.0,0.0,0.0,0.0,0.0,0.0,0.0,0.06,0.0,0.0,0.0,0.0,0.0,0.0,0.0,2.03,0.91,3.03,0.69,0.56,0.0,0.0,0.03,0.0,0.34,0.06,0.06,0.0,0.12,47.72,43.0,4.72,90.11,26.19,16.81,6.16,0.12,25.0,1.75,52.34,32,30,2502,0.19,0.03,1.06,0.22,6.84,0.12,2.84,54.82,2.34,56.82,0.5,47.06
129,126588,Serie A,Juventus,Filip Kostić,Midfielder,6.9,0.17,0.03,0.0,0.5,0.22,0.11,33.33,0.22,50.0,0.06,0.11,0.0,0.17,0.0,0.0,0.0,0.0,0.0,0.0,0.0,0.0,0.0,0.0,0.94,0.22,0.61,0.0,0.22,0.06,0.0,0.0,0.0,0.0,0.06,0.06,0.0,0.56,12.72,10.56,2.17,82.97,4.44,6.11,2.67,0.61,22.45,0.5,50.0,18,4,490,0.06,0.0,0.44,0.28,5.56,0.33,1.67,53.57,1.44,54.17,0.22,50.0
130,190437,Serie A,Atalanta,Mario Pašalić,Midfielder,6.9,0.09,0.06,0.06,0.56,0.19,0.28,16.67,0.22,58.33,0.06,0.03,0.03,0.03,0.03,0.0,0.03,0.0,0.0,0.0,0.0,0.0,0.0,0.0,0.78,0.41,0.75,0.09,0.47,0.06,0.06,0.0,0.0,0.03,0.25,0.12,0.0,1.19,41.53,36.69,4.84,88.34,16.12,20.56,10.03,0.03,9.09,2.44,69.64,32,20,1842,0.09,0.0,0.66,0.19,6.94,0.28,2.03,43.33,1.19,45.24,0.84,40.91
131,841977,Serie A,Lecce,Ylber Ramadani,Midfielder,6.9,0.03,0.03,0.0,0.94,0.14,0.53,2.94,0.36,52.0,0.03,0.0,0.0,0.0,0.03,0.03,0.0,0.0,0.0,0.0,0.0,0.0,0.0,0.0,2.53,1.31,1.58,0.31,1.44,0.0,0.08,0.03,0.0,0.25,0.03,0.0,0.0,0.47,39.22,31.56,7.67,80.45,13.44,18.11,7.31,0.14,31.25,2.44,41.12,36,36,3125,0.25,0.0,1.17,1.64,10.31,0.72,5.31,55.52,4.42,55.02,0.89,58.18
132,1084730,Serie A,AS Roma,Bryan Zaragoza,Forward,6.9,0.0,0.01,0.0,0.25,0.25,0.0,0.0,1.5,60.0,0.0,0.0,0.0,0.0,0.0,0.0,0.0,0.0,0.0,0.0,0.0,0.0,0.0,0.0,0.25,0.0,0.0,0.0,0.25,0.0,0.0,0.0,0.0,0.0,0.25,0.25,0.0,1.0,14.75,12.25,2.5,83.05,2.5,9.75,6.0,0.75,33.33,0.25,100.0,4,2,135,0.25,0.0,1.25,1.25,7.25,0.5,3.0,48.0,3.0,52.17,0.0,0.0
133,844609,Serie A,Juventus,Michele Di Gregorio,Goalkeeper,6.9,0.0,0.0,0.0,0.0,0.0,0.0,0.0,0.03,100.0,0.0,0.0,0.0,0.0,0.0,0.0,0.0,0.0,0.0,0.0,0.0,0.0,0.0,0.0,0.0,0.0,0.37,0.0,0.0,0.0,0.0,0.0,0.0,0.43,0.0,0.0,0.0,0.0,22.23,16.87,5.37,75.86,15.13,1.73,0.3,0.0,0.0,3.6,40.45,30,29,2655,0.03,0.0,0.0,0.17,5.53,0.0,0.23,100.0,0.17,100.0,0.07,100.0
134,814876,Serie A,Pisa,Adrian Šemper,Goalkeeper,6.9,0.0,0.0,0.0,0.0,0.0,0.0,0.0,0.0,0.0,0.0,0.0,0.0,0.0,0.0,0.0,0.0,0.0,0.0,0.0,0.0,0.0,0.0,0.0,0.0,0.0,1.0,0.0,0.04,0.0,0.12,0.0,0.0,0.17,0.0,0.0,0.0,0.0,29.58,17.92,11.67,60.56,11.29,6.62,1.96,0.0,0.0,8.25,41.68,24,24,2160,0.0,0.0,0.0,0.17,11.96,0.0,0.58,87.5,0.08,66.67,0.5,92.31
135,851284,Serie A,Milan,Rafael Leão,Forward,6.9,0.32,0.35,0.36,2.25,0.86,0.75,14.29,0.89,45.45,0.21,0.11,0.04,0.04,0.25,0.07,0.32,0.0,0.07,0.07,100.0,0.0,0.0,0.0,0.21,0.18,0.25,0.0,0.21,0.0,0.0,0.0,0.0,0.11,0.32,0.11,0.0,0.71,20.46,17.07,3.39,83.42,4.93,12.14,6.64,0.29,40.0,0.5,77.78,28,23,1837,0.18,0.0,0.68,1.21,7.93,0.89,3.32,46.97,2.32,45.45,1.0,50.91
136,1961644,Serie A,Udinese,Abdoulaye Camara,Midfielder,6.9,0.0,0.0,0.0,0.0,0.0,0.0,0.0,0.0,0.0,0.0,0.0,0.0,0.0,0.0,0.0,0.0,0.0,0.0,0.0,0.0,0.0,0.0,0.0,0.0,0.0,0.0,0.0,0.0,0.0,0.0,0.0,0.0,0.0,0.0,0.0,0.0,1.0,9.0,9.0,0.0,100.0,1.0,8.0,3.0,2.0,100.0,1.0,100.0,1,0,11,0.0,0.0,0.0,0.0,0.0,0.0,0.0,0.0,0.0,0.0,0.0,0.0
137,1390489,Serie A,Milan,Davide Bartesaghi,Defender,6.9,0.07,0.04,0.0,0.7,0.23,0.27,9.52,0.37,36.67,0.07,0.0,0.0,0.07,0.0,0.0,0.13,0.0,0.0,0.0,0.0,0.0,0.17,0.0,1.57,0.37,2.13,0.3,0.57,0.0,0.07,0.07,0.03,0.23,0.13,0.0,0.0,1.4,34.13,29.23,4.9,85.64,12.27,16.97,8.57,1.3,28.26,1.37,50.0,30,26,2352,0.1,0.0,0.63,0.47,11.4,0.7,3.2,47.76,2.4,48.98,0.8,44.44
138,877013,Serie A,Lazio,Valentín Castellanos,Forward,6.89,0.18,0.18,0.09,1.82,0.73,0.55,10.0,0.73,47.06,0.18,0.0,0.09,0.0,0.09,0.0,0.45,0.0,0.0,0.0,0.0,0.0,0.0,0.0,0.64,0.27,0.64,0.0,0.27,0.0,0.0,0.0,0.0,0.09,0.55,0.27,0.0,0.73,12.27,8.36,3.91,68.15,2.82,5.55,2.91,0.0,0.0,0.45,62.5,11,8,694,0.18,0.0,0.82,1.64,8.09,0.73,4.27,53.41,3.0,55.0,1.27,50.0
139,195850,Serie A,Genoa,Ruslan Malinovskyi,Midfielder,6.89,0.18,0.13,0.03,1.62,0.44,0.82,10.91,0.32,55.0,0.09,0.09,0.0,0.18,0.0,0.06,0.03,0.0,0.09,0.09,100.0,0.03,0.47,6.25,0.88,0.44,0.5,0.15,0.74,0.03,0.06,0.0,0.0,0.03,0.24,0.09,0.03,1.15,35.82,29.44,6.38,82.18,13.41,16.03,8.53,0.65,34.38,2.62,61.81,34,28,2250,0.29,0.0,1.06,0.76,9.91,0.85,3.0,43.4,1.97,41.36,1.03,47.95
140,982778,Serie A,AS Roma,Devyne Rensch,Midfielder,6.89,0.04,0.01,0.04,0.22,0.09,0.09,20.0,0.17,57.14,0.0,0.04,0.0,0.0,0.04,0.0,0.13,0.04,0.0,0.0,0.0,0.0,0.0,0.0,1.3,0.65,1.35,0.22,0.39,0.0,0.0,0.0,0.0,0.13,0.13,0.17,0.0,0.39,21.65,17.57,4.09,81.12,7.52,10.04,5.57,0.22,23.81,0.3,24.14,23,11,1106,0.04,0.0,0.26,0.74,6.61,0.17,2.65,61.62,2.22,69.86,0.43,38.46
141,1091303,Serie A,Inter,Petar Sučić,Midfielder,6.89,0.06,0.05,0.06,0.67,0.18,0.3,9.09,0.45,42.86,0.03,0.03,0.0,0.03,0.03,0.0,0.0,0.0,0.0,0.0,0.0,0.0,0.0,0.0,1.27,0.27,0.55,0.03,0.67,0.0,0.06,0.0,0.0,0.12,0.18,0.06,0.0,0.85,32.97,29.36,3.61,89.06,11.27,18.09,10.52,0.3,25.0,1.64,65.06,33,20,1710,0.15,0.0,0.82,0.73,6.97,0.7,2.82,47.94,2.45,46.82,0.36,57.14
142,881931,Serie A,Juventus,Weston McKennie,Midfielder,6.89,0.14,0.22,0.31,1.23,0.46,0.57,11.63,0.49,51.52,0.14,0.0,0.06,0.03,0.06,0.03,0.2,0.0,0.0,0.0,0.0,0.0,0.0,0.0,1.11,0.69,1.34,0.23,0.29,0.06,0.03,0.0,0.0,0.31,0.17,0.14,0.0,1.34,33.2,27.57,5.63,83.05,8.51,19.06,11.8,0.17,17.65,0.97,66.67,35,31,2751,0.14,0.0,1.2,0.31,10.03,0.46,3.23,48.71,1.91,44.97,1.31,55.42
143,339909,Serie A,Torino,Guillermo Maripán,Defender,6.89,0.07,0.06,0.11,0.67,0.3,0.11,11.11,0.15,66.67,0.07,0.0,0.04,0.0,0.04,0.0,0.07,0.0,0.0,0.0,0.0,0.0,0.0,0.0,1.89,1.04,5.59,0.96,0.52,0.0,0.04,0.04,0.0,0.33,0.0,0.0,0.0,0.33,36.67,31.3,5.37,85.35,22.0,9.3,2.78,0.04,33.33,1.67,46.39,27,24,2151,0.19,0.0,1.0,0.26,6.33,0.33,4.48,54.26,2.3,55.86,2.19,52.68
144,604232,Serie A,Como,Diego Carlos,Defender,6.89,0.04,0.04,0.04,0.3,0.07,0.22,12.5,0.0,0.0,0.04,0.0,0.0,0.0,0.04,0.0,0.07,0.0,0.0,0.0,0.0,0.0,0.0,0.0,1.11,0.81,4.44,0.63,0.07,0.0,0.0,0.04,0.0,0.26,0.0,0.0,0.0,0.07,48.93,45.41,3.52,92.81,32.85,12.56,2.26,0.0,0.0,2.15,53.7,27,21,1948,0.3,0.0,1.44,0.26,4.07,0.07,3.15,53.46,1.37,48.05,1.78,58.54
145,906963,Serie A,Hellas Verona,Andrias Edmundsson,Defender,6.89,0.0,0.01,0.0,0.29,0.07,0.21,0.0,0.07,100.0,0.0,0.0,0.0,0.0,0.0,0.0,0.0,0.0,0.0,0.0,0.0,0.0,0.0,0.0,1.64,1.86,7.79,0.93,0.64,0.07,0.14,0.0,0.07,0.14,0.0,0.0,0.0,0.14,35.86,27.21,8.64,75.9,17.79,9.43,3.36,0.07,25.0,3.29,38.02,14,14,1230,0.21,0.0,0.93,0.5,10.0,0.21,4.79,52.34,2.14,56.6,2.64,49.33
146,1089453,Serie A,Torino,Saúl Coco,Defender,6.89,0.03,0.03,0.0,0.44,0.12,0.24,6.67,0.21,63.64,0.03,0.0,0.03,0.0,0.0,0.0,0.0,0.06,0.0,0.0,0.0,0.0,0.03,0.0,1.68,1.26,4.91,1.21,0.38,0.0,0.0,0.03,0.0,0.32,0.0,0.03,0.0,0.32,43.32,37.12,6.21,85.68,25.71,11.41,3.35,0.03,20.0,2.44,46.11,34,34,3000,0.09,0.0,1.29,1.0,7.59,0.29,4.74,56.49,2.88,58.68,1.85,53.39
147,974581,Serie A,Como,Ivan Smolčić,Defender,6.88,0.0,0.03,0.04,0.44,0.15,0.19,0.0,0.04,50.0,0.0,0.0,0.0,0.0,0.0,0.0,0.0,0.0,0.0,0.0,0.0,0.0,0.0,0.0,1.41,0.85,1.56,0.33,0.52,0.0,0.04,0.0,0.0,0.19,0.04,0.04,0.0,0.52,30.59,26.59,4.0,86.92,13.41,13.19,5.81,0.22,20.69,1.15,44.93,27,18,1575,0.3,0.0,0.93,0.63,6.63,0.11,2.96,55.94,2.07,57.14,0.89,53.33
148,153257,Serie A,SSC Napoli,Giovanni Di Lorenzo,Defender,6.88,0.08,0.08,0.0,1.0,0.36,0.52,8.0,0.32,38.1,0.08,0.0,0.0,0.0,0.08,0.04,0.04,0.08,0.0,0.0,0.0,0.0,0.0,0.0,1.76,0.36,1.8,0.28,0.48,0.04,0.04,0.04,0.0,0.36,0.12,0.04,0.0,0.6,55.6,47.52,8.08,85.47,21.84,25.68,11.76,0.2,13.16,1.44,48.65,25,25,2188,0.04,0.0,1.28,0.92,11.52,0.28,4.32,56.25,3.0,55.15,1.32,58.93
149,1499054,Serie A,Fiorentina,Luís Balbo,Defender,6.88,0.0,0.0,0.0,0.0,0.0,0.0,0.0,0.0,0.0,0.0,0.0,0.0,0.0,0.0,0.0,0.0,0.0,0.0,0.0,0.0,0.0,0.0,0.0,1.2,0.2,2.0,1.0,0.6,0.0,0.0,0.0,0.0,0.0,0.0,0.0,0.0,0.2,10.2,6.8,3.4,66.67,3.8,3.0,1.4,0.2,20.0,0.6,23.08,5,1,194,0.0,0.0,0.4,1.0,6.8,0.8,2.8,51.85,2.2,52.38,0.6,50.0
150,229740,Serie A,Como,Alberto Moreno,Defender,6.88,0.11,0.08,0.11,0.61,0.22,0.22,18.18,0.06,16.67,0.11,0.0,0.06,0.06,0.0,0.0,0.17,0.06,0.0,0.0,0.0,0.0,0.0,0.0,1.11,0.33,1.78,0.06,0.28,0.0,0.11,0.0,0.0,0.28,0.11,0.06,0.0,0.83,37.22,33.61,3.61,90.3,16.28,17.33,9.0,0.39,20.59,1.44,55.32,18,12,1164,0.17,0.0,0.89,0.5,7.11,0.33,2.28,50.0,1.67,49.18,0.61,52.38
151,1177723,Serie A,Como,Jayden Addai,Midfielder,6.88,0.25,0.13,0.0,1.08,0.5,0.42,23.08,1.17,46.67,0.17,0.08,0.0,0.08,0.17,0.0,0.17,0.0,0.0,0.0,0.0,0.0,0.0,0.0,0.5,0.25,0.33,0.08,0.33,0.0,0.0,0.0,0.0,0.0,0.17,0.0,0.0,0.58,13.92,10.33,3.58,74.25,2.83,7.5,4.92,0.17,18.18,0.33,40.0,12,7,688,0.33,0.0,1.08,1.17,8.42,1.42,3.0,41.86,2.83,40.96,0.17,66.67
152,845291,Serie A,Inter,Josep Martínez,Goalkeeper,6.88,0.0,0.0,0.0,0.0,0.0,0.0,0.0,0.0,0.0,0.0,0.0,0.0,0.0,0.0,0.0,0.0,0.0,0.0,0.0,0.0,0.0,0.0,0.0,0.0,0.0,0.75,0.0,0.0,0.0,0.0,0.0,0.0,0.75,0.0,0.0,0.0,0.0,32.25,28.25,4.0,87.6,27.25,1.0,0.0,0.0,0.0,2.25,36.0,4,4,360,0.0,0.0,0.0,0.0,4.5,0.0,0.0,0.0,0.0,0.0,0.0,0.0
153,850891,Serie A,Pisa,Michel Aebischer,Midfielder,6.88,0.03,0.02,0.03,0.56,0.15,0.32,5.26,0.41,48.28,0.0,0.03,0.0,0.0,0.03,0.0,0.0,0.0,0.0,0.0,0.0,0.0,0.03,0.0,1.88,1.06,0.91,0.18,1.0,0.0,0.15,0.0,0.0,0.12,0.21,0.03,0.03,0.97,43.82,37.38,6.44,85.3,20.44,16.94,8.0,0.41,32.56,2.68,52.0,34,32,2839,0.24,0.0,1.29,1.12,9.79,0.35,3.82,51.18,3.41,52.97,0.41,40.0
154,917048,Serie A,Juventus,Andrea Cambiaso,Midfielder,6.88,0.09,0.08,0.06,0.71,0.34,0.29,12.0,0.26,33.33,0.09,0.0,0.03,0.06,0.0,0.0,0.06,0.0,0.0,0.0,0.0,0.0,0.0,0.0,1.71,0.57,0.51,0.2,0.57,0.03,0.09,0.0,0.06,0.09,0.31,0.11,0.0,1.57,43.09,37.89,5.2,87.93,17.09,20.8,11.71,0.89,25.41,1.49,62.65,35,34,2731,0.09,0.03,0.83,0.6,10.71,0.63,2.83,49.5,2.57,51.14,0.26,37.5
155,891346,Serie A,Parma,Emanuele Valeri,Midfielder,6.88,0.0,0.02,0.03,0.64,0.15,0.24,0.0,0.42,42.42,0.0,0.0,0.0,0.0,0.0,0.0,0.09,0.0,0.0,0.0,0.0,0.0,0.09,0.0,1.36,0.67,1.27,0.09,0.79,0.0,0.03,0.0,0.0,0.27,0.12,0.06,0.0,1.48,22.18,16.3,5.88,73.5,7.52,8.79,5.18,1.61,23.35,1.55,48.57,33,28,2569,0.06,0.0,0.7,0.73,16.61,0.7,2.94,46.86,2.52,47.7,0.42,42.42
156,1651825,Serie A,Lecce,Tiago Gabriel,Defender,6.88,0.06,0.1,0.11,0.56,0.11,0.39,10.0,0.03,100.0,0.06,0.0,0.03,0.0,0.0,0.0,0.03,0.0,0.0,0.0,0.0,0.0,0.0,0.0,1.72,1.22,6.64,0.58,0.36,0.03,0.08,0.03,0.03,0.22,0.0,0.0,0.0,0.06,36.06,31.64,4.42,87.75,23.56,8.08,1.44,0.0,0.0,1.83,48.53,36,35,3130,0.17,0.0,0.75,1.08,4.89,0.25,6.17,67.07,2.81,68.71,3.36,65.76
157,1174457,Serie A,Pisa,Samuele Angori,Midfielder,6.87,0.0,0.04,0.03,0.38,0.06,0.15,0.0,0.26,50.0,0.0,0.0,0.0,0.0,0.0,0.0,0.09,0.0,0.0,0.0,0.0,0.0,0.06,0.0,1.35,0.65,1.71,0.24,0.47,0.03,0.0,0.0,0.0,0.06,0.15,0.06,0.0,1.03,21.65,15.47,6.18,71.47,7.32,8.15,5.0,1.26,26.06,1.38,35.07,34,29,2514,0.06,0.0,0.47,1.59,11.65,0.35,3.74,62.56,3.18,67.5,0.56,44.19
158,1001828,Serie A,Milan,Koni De Winter,Defender,6.87,0.04,0.03,0.04,0.27,0.04,0.15,14.29,0.12,50.0,0.04,0.0,0.04,0.0,0.0,0.0,0.04,0.0,0.0,0.0,0.0,0.0,0.0,0.0,1.12,0.5,3.81,0.46,0.15,0.0,0.08,0.04,0.0,0.27,0.0,0.04,0.0,0.19,48.58,44.38,4.19,91.37,28.15,16.23,4.81,0.04,20.0,1.12,36.25,26,19,1805,0.04,0.0,1.04,0.31,5.38,0.12,3.15,59.42,1.54,54.05,1.62,65.63
159,558320,Serie A,Sassuolo,Ulisses Garcia,Defender,6.87,0.08,0.01,0.0,0.17,0.08,0.0,50.0,0.08,20.0,0.0,0.08,0.0,0.08,0.0,0.08,0.08,0.0,0.0,0.0,0.0,0.0,0.0,0.0,1.33,0.67,1.08,0.25,1.33,0.08,0.08,0.0,0.0,0.25,0.33,0.17,0.08,1.0,33.83,29.33,4.5,86.7,13.42,15.92,7.75,0.83,30.3,1.33,50.0,12,9,853,0.25,0.0,0.83,0.08,8.5,0.33,1.92,37.7,1.5,34.62,0.42,55.56
160,377118,Serie A,Fiorentina,Robin Gosens,Midfielder,6.87,0.12,0.11,0.12,0.72,0.28,0.24,16.67,0.0,0.0,0.12,0.0,0.04,0.08,0.0,0.0,0.16,0.0,0.0,0.0,0.0,0.0,0.0,0.0,1.2,0.88,2.48,0.24,0.44,0.0,0.0,0.0,0.0,0.16,0.04,0.04,0.0,0.48,29.6,23.56,6.04,79.59,12.16,11.4,4.92,0.36,21.43,0.84,36.21,25,23,1817,0.08,0.0,0.92,0.96,9.04,0.32,3.4,50.0,2.04,54.26,1.36,44.74
161,317301,Serie A,Lazio,Danilo Cataldi,Midfielder,6.87,0.11,0.11,0.0,0.96,0.26,0.48,11.54,0.22,40.0,0.11,0.0,0.0,0.04,0.07,0.04,0.0,0.0,0.07,0.07,100.0,0.0,0.11,0.0,1.26,0.78,1.67,0.33,0.44,0.0,0.07,0.04,0.0,0.22,0.07,0.11,0.0,0.85,40.67,34.63,6.04,85.15,17.11,17.52,6.37,0.44,25.0,1.7,47.92,27,24,1992,0.22,0.0,0.81,0.44,8.41,0.15,2.37,54.7,1.85,52.63,0.52,63.64
162,318645,Serie A,Cremonese,Jari Vandeputte,Midfielder,6.87,0.03,0.07,0.06,0.65,0.26,0.19,5.0,0.23,33.33,0.03,0.0,0.0,0.0,0.03,0.03,0.03,0.03,0.0,0.0,0.0,0.0,0.16,0.0,1.19,0.58,1.16,0.06,0.48,0.03,0.0,0.0,0.0,0.03,0.32,0.16,0.0,1.71,28.81,22.35,6.45,77.6,10.29,12.06,6.23,1.26,24.53,1.55,41.38,31,23,1879,0.06,0.0,1.1,0.81,12.58,0.65,2.39,44.58,2.23,45.7,0.16,33.33
163,793645,Serie A,Bologna,Riccardo Orsolini,Midfielder,6.87,0.29,0.28,0.2,2.34,0.89,1.0,12.2,0.91,47.76,0.23,0.06,0.0,0.29,0.0,0.23,0.51,0.0,0.17,0.11,66.67,0.0,0.06,0.0,0.6,0.23,0.46,0.03,0.29,0.0,0.0,0.0,0.0,0.09,0.03,0.03,0.0,0.74,16.03,11.29,4.74,70.41,3.31,7.97,4.86,0.14,12.5,1.14,52.63,35,26,2130,0.06,0.0,0.6,1.26,9.2,0.8,3.6,53.62,2.77,52.15,0.83,59.18
164,977679,Serie A,Inter,Luís Henrique,Midfielder,6.87,0.03,0.03,0.07,0.52,0.24,0.14,6.67,0.45,56.52,0.03,0.0,0.0,0.0,0.03,0.03,0.03,0.0,0.0,0.0,0.0,0.0,0.0,0.0,0.69,0.21,0.52,0.03,0.07,0.0,0.0,0.0,0.0,0.14,0.17,0.07,0.0,0.76,27.93,24.24,3.69,86.79,8.9,15.34,9.45,0.38,26.83,0.72,51.22,29,18,1591,0.03,0.0,0.17,0.0,5.97,0.21,1.31,62.3,1.14,60.0,0.17,83.33
165,1518983,Serie A,Lazio,Edoardo Motta,Goalkeeper,6.87,0.0,0.0,0.0,0.0,0.0,0.0,0.0,0.0,0.0,0.0,0.0,0.0,0.0,0.0,0.0,0.0,0.0,0.0,0.0,0.0,0.0,0.0,0.0,0.0,0.0,0.89,0.0,0.0,0.11,0.11,0.11,0.0,0.33,0.0,0.0,0.0,0.11,26.33,18.78,7.56,71.31,17.0,1.78,0.22,0.0,0.0,4.33,37.14,9,9,810,0.11,0.0,0.11,0.11,7.67,0.0,0.44,57.14,0.0,0.0,0.44,66.67
166,294597,Serie A,Bologna,Federico Bernardeschi,Midfielder,6.87,0.11,0.09,0.0,1.32,0.39,0.61,8.11,0.82,47.92,0.11,0.0,0.0,0.11,0.0,0.0,0.07,0.0,0.04,0.04,100.0,0.0,0.14,0.0,0.25,0.25,0.29,0.07,0.11,0.0,0.04,0.04,0.0,0.0,0.14,0.07,0.04,1.0,18.54,16.14,2.39,87.09,5.5,10.64,6.5,0.54,31.91,1.64,82.14,28,11,1135,0.11,0.0,0.46,0.36,6.57,0.5,1.64,43.81,1.43,43.48,0.21,46.15
167,369866,Serie A,Cagliari,Luca Mazzitelli,Midfielder,6.86,0.11,0.04,0.0,0.83,0.28,0.33,13.33,0.17,50.0,0.11,0.0,0.0,0.06,0.06,0.0,0.0,0.0,0.0,0.0,0.0,0.0,0.06,0.0,1.11,0.61,1.44,0.17,0.72,0.0,0.0,0.0,0.0,0.06,0.06,0.11,0.0,0.28,20.56,15.61,4.94,75.95,8.56,7.06,2.78,0.11,22.22,1.78,47.76,18,9,785,0.17,0.0,1.22,0.72,6.56,0.17,2.56,44.66,2.0,47.37,0.56,37.04
168,930189,Serie A,Milan,Samuele Ricci,Midfielder,6.86,0.03,0.05,0.06,0.58,0.19,0.19,5.56,0.16,62.5,0.0,0.03,0.0,0.0,0.03,0.03,0.03,0.0,0.0,0.0,0.0,0.0,0.0,0.0,0.52,0.29,0.94,0.16,0.06,0.0,0.03,0.0,0.0,0.03,0.16,0.13,0.0,0.65,20.87,18.81,2.06,90.11,7.35,11.45,5.32,0.39,42.86,1.19,77.08,31,11,1305,0.1,0.0,0.55,1.06,3.45,0.29,1.81,60.22,1.71,63.86,0.1,30.0
169,1118177,Serie A,Sassuolo,Tarik Muharemović,Defender,6.86,0.06,0.05,0.09,0.62,0.19,0.19,10.0,0.22,63.64,0.06,0.0,0.03,0.0,0.0,0.0,0.0,0.0,0.0,0.0,0.0,0.0,0.03,0.0,1.38,1.41,6.94,0.97,0.28,0.0,0.03,0.0,0.06,0.19,0.03,0.06,0.0,0.16,51.53,44.16,7.38,85.69,31.81,12.34,3.91,0.0,0.0,2.78,39.56,32,32,2835,0.22,0.0,0.75,0.62,8.16,0.06,4.19,64.42,2.09,64.42,2.09,64.42
170,98059,Serie A,Genoa,Nicola Leali,Goalkeeper,6.86,0.0,0.0,0.0,0.0,0.0,0.0,0.0,0.0,0.0,0.0,0.0,0.0,0.0,0.0,0.0,0.0,0.0,0.0,0.0,0.0,0.0,0.0,0.0,0.05,0.05,0.67,0.0,0.0,0.05,0.0,0.0,0.0,0.19,0.0,0.0,0.0,0.1,24.05,15.14,8.9,62.97,11.76,3.38,1.14,0.0,0.0,5.05,36.68,21,20,1758,0.1,0.05,0.1,0.1,9.0,0.0,0.24,71.43,0.1,50.0,0.14,100.0
171,115516,Serie A,Bologna,Remo Freuler,Midfielder,6.86,0.04,0.03,0.0,0.21,0.04,0.04,16.67,0.07,28.57,0.04,0.0,0.04,0.0,0.0,0.0,0.04,0.0,0.0,0.0,0.0,0.0,0.0,0.0,1.93,0.71,1.14,0.18,0.64,0.04,0.0,0.0,0.04,0.25,0.0,0.07,0.0,0.71,47.04,40.93,6.11,87.02,19.71,21.21,9.25,0.07,12.5,2.07,51.79,28,25,2151,0.18,0.0,0.68,0.79,8.25,0.29,3.32,56.02,2.79,62.4,0.54,36.59
172,1069560,Serie A,SSC Napoli,Antonio Vergara,Forward,6.85,0.08,0.06,0.0,0.83,0.25,0.33,10.0,0.67,30.77,0.0,0.08,0.0,0.08,0.0,0.0,0.17,0.08,0.0,0.0,0.0,0.0,0.0,0.0,1.0,0.33,0.25,0.0,0.58,0.0,0.0,0.0,0.0,0.0,0.0,0.17,0.0,0.92,14.67,11.17,3.5,76.14,3.42,7.75,5.42,0.25,27.27,0.17,22.22,12,8,618,0.17,0.0,1.42,1.67,9.92,1.25,3.75,39.82,3.33,42.11,0.42,27.78
173,1831525,Serie A,Udinese,Branimir Mlačić,Defender,6.85,0.0,0.0,0.0,0.0,0.0,0.0,0.0,0.17,100.0,0.0,0.0,0.0,0.0,0.0,0.0,0.0,0.0,0.0,0.0,0.0,0.0,0.0,0.0,0.5,0.33,1.0,0.33,0.17,0.0,0.0,0.0,0.0,0.0,0.0,0.0,0.0,0.0,12.17,10.5,1.67,86.3,7.67,2.83,0.83,0.0,0.0,0.83,62.5,6,2,152,0.33,0.0,0.67,0.0,2.0,0.17,1.0,35.29,0.67,40.0,0.33,28.57
174,958517,Serie A,Parma,Lautaro Valenti,Defender,6.85,0.0,0.02,0.0,0.62,0.15,0.15,0.0,0.31,57.14,0.0,0.0,0.0,0.0,0.0,0.0,0.0,0.0,0.0,0.0,0.0,0.0,0.04,0.0,1.88,0.96,5.5,0.96,0.46,0.04,0.04,0.0,0.0,0.23,0.12,0.0,0.04,0.42,40.85,31.96,8.88,78.25,21.5,10.46,3.54,0.04,5.26,2.19,31.15,26,24,2190,0.23,0.0,0.88,0.65,12.46,0.31,4.35,58.55,2.81,60.83,1.54,54.79
175,1017649,Serie A,Lazio,Matteo Cancellieri,Forward,6.85,0.14,0.14,0.24,1.38,0.55,0.55,10.0,0.45,32.5,0.1,0.03,0.0,0.14,0.0,0.03,0.1,0.0,0.0,0.0,0.0,0.0,0.0,0.0,1.34,0.83,0.86,0.07,0.79,0.0,0.03,0.0,0.0,0.17,0.1,0.07,0.0,0.59,14.93,11.41,3.52,76.44,4.0,7.41,3.38,0.17,23.81,0.28,36.36,29,20,1667,0.21,0.0,1.31,2.24,7.66,0.9,5.14,50.51,3.97,51.11,1.17,48.57
176,2899,Serie A,Udinese,Daniele Padelli,Goalkeeper,6.85,0.0,0.0,0.0,0.0,0.0,0.0,0.0,0.0,0.0,0.0,0.0,0.0,0.0,0.0,0.0,0.0,0.0,0.0,0.0,0.0,0.0,0.0,0.0,0.0,0.0,1.0,0.0,0.0,0.0,0.0,0.0,0.0,0.0,0.0,0.0,0.0,0.0,31.5,21.0,10.5,66.67,20.0,1.0,0.0,0.0,0.0,3.5,25.0,2,2,180,0.0,0.0,0.0,0.0,10.5,0.0,0.0,0.0,0.0,0.0,0.0,0.0
177,996820,Serie A,Torino,Kristjan Asllani,Midfielder,6.85,0.0,0.09,0.07,1.33,0.27,0.6,0.0,0.2,50.0,0.0,0.0,0.0,0.0,0.0,0.0,0.0,0.0,0.07,0.0,0.0,0.0,0.07,0.0,1.4,0.8,0.67,0.07,0.73,0.07,0.07,0.0,0.0,0.07,0.07,0.0,0.0,1.0,41.13,34.6,6.53,84.12,18.27,16.33,6.6,0.87,25.0,4.53,54.4,15,13,1135,0.2,0.0,0.47,0.93,10.67,0.27,2.6,53.42,2.47,59.68,0.13,18.18
178,902019,Serie A,Cagliari,Gianluca Gaetano,Midfielder,6.85,0.06,0.05,0.0,0.94,0.28,0.38,6.67,0.47,57.69,0.06,0.0,0.0,0.0,0.06,0.0,0.0,0.0,0.0,0.0,0.0,0.0,0.16,0.0,0.88,0.66,0.84,0.06,0.53,0.0,0.03,0.0,0.0,0.12,0.06,0.12,0.03,0.84,30.59,24.25,6.34,79.26,12.53,11.72,5.38,0.34,29.73,1.69,48.65,32,20,1822,0.12,0.0,0.81,0.91,9.25,0.62,2.69,49.71,2.25,49.32,0.44,51.85
179,1157713,Serie A,Atalanta,Isak Hien,Defender,6.85,0.04,0.03,0.04,0.3,0.11,0.15,12.5,0.15,44.44,0.04,0.0,0.04,0.0,0.0,0.0,0.0,0.0,0.0,0.0,0.0,0.0,0.0,0.0,1.81,1.0,3.74,0.48,0.56,0.0,0.04,0.0,0.04,0.07,0.0,0.0,0.0,0.07,40.63,37.41,3.22,92.07,26.44,10.96,2.56,0.0,0.0,2.0,65.06,27,19,1875,0.19,0.0,1.26,0.59,4.78,0.41,4.22,50.44,2.56,51.49,1.67,48.91
180,893998,Serie A,Fiorentina,Luca Ranieri,Defender,6.85,0.03,0.06,0.09,0.53,0.09,0.26,5.56,0.18,40.0,0.03,0.0,0.0,0.03,0.0,0.03,0.09,0.0,0.0,0.0,0.0,0.0,0.0,0.0,1.0,0.71,3.74,0.38,0.24,0.0,0.0,0.03,0.0,0.24,0.06,0.0,0.0,0.21,41.5,35.62,5.88,85.83,21.82,13.79,4.56,0.18,22.22,2.44,46.37,34,29,2479,0.24,0.03,0.65,0.79,7.53,0.12,3.35,59.69,1.97,61.47,1.38,57.32
181,965264,Serie A,Juventus,Emil Holm,Defender,6.84,0.06,0.07,0.0,0.71,0.06,0.53,8.33,0.41,46.67,0.06,0.0,0.0,0.06,0.0,0.06,0.0,0.0,0.0,0.0,0.0,0.0,0.0,0.0,1.71,0.47,1.59,0.18,0.35,0.0,0.06,0.0,0.0,0.06,0.18,0.24,0.0,0.53,21.71,17.06,4.65,78.59,8.94,8.12,4.06,0.41,25.0,0.65,26.19,17,10,868,0.06,0.06,0.65,1.12,9.24,0.35,4.12,59.32,3.18,63.53,0.94,48.48
182,944973,Serie A,Lazio,Nuno Tavares,Defender,6.84,0.0,0.03,0.04,0.7,0.04,0.39,0.0,1.0,58.97,0.0,0.0,0.0,0.0,0.0,0.0,0.26,0.0,0.0,0.0,0.0,0.0,0.13,0.0,1.3,0.78,1.35,0.04,0.57,0.04,0.09,0.0,0.0,0.13,0.04,0.0,0.04,0.91,38.91,33.61,5.3,86.37,15.17,18.43,9.09,0.91,21.21,1.48,64.15,23,17,1493,0.22,0.0,0.87,0.96,12.17,0.48,3.74,55.84,3.26,55.97,0.48,55.0
183,132318,Serie A,Atalanta,Davide Zappacosta,Midfielder,6.84,0.09,0.06,0.06,1.06,0.24,0.41,8.33,0.74,43.86,0.06,0.03,0.0,0.09,0.0,0.06,0.21,0.0,0.0,0.0,0.0,0.0,0.0,0.0,0.65,0.59,1.09,0.06,0.44,0.0,0.03,0.0,0.0,0.24,0.06,0.09,0.0,1.15,32.82,27.85,4.97,84.86,12.35,15.5,9.71,0.68,23.0,0.79,36.0,34,30,2535,0.09,0.0,0.5,0.24,10.91,0.44,1.94,41.77,1.59,40.91,0.35,46.15
184,44906,Serie A,Bologna,Łukasz Skorupski,Goalkeeper,6.84,0.0,0.0,0.0,0.0,0.0,0.0,0.0,0.0,0.0,0.0,0.0,0.0,0.0,0.0,0.0,0.0,0.0,0.0,0.0,0.0,0.0,0.0,0.0,0.0,0.0,1.78,0.0,0.0,0.0,0.17,0.0,0.0,0.39,0.0,0.0,0.0,0.0,33.78,24.78,9.0,73.36,22.17,2.61,1.0,0.0,0.0,4.89,35.92,18,18,1504,0.06,0.06,0.06,0.44,9.22,0.0,0.61,91.67,0.22,80.0,0.39,100.0
185,851222,Serie A,Pisa,Mehdi Léris,Midfielder,6.84,0.06,0.05,0.09,0.76,0.21,0.24,8.0,0.48,39.02,0.06,0.0,0.0,0.0,0.06,0.03,0.24,0.03,0.0,0.0,0.0,0.0,0.0,0.0,1.94,0.61,1.12,0.24,0.61,0.0,0.0,0.03,0.0,0.0,0.15,0.09,0.0,0.82,16.24,11.3,4.94,69.59,4.67,6.64,4.39,0.94,32.63,0.67,33.85,33,20,1841,0.06,0.0,0.82,0.64,9.97,0.55,4.67,57.46,3.03,54.05,1.64,65.06
186,904887,Serie A,Udinese,Jürgen Ekkelenkamp,Midfielder,6.84,0.16,0.16,0.13,1.06,0.48,0.39,15.15,0.52,64.0,0.1,0.06,0.06,0.0,0.1,0.0,0.1,0.03,0.0,0.0,0.0,0.03,0.19,16.67,1.52,0.48,0.84,0.19,0.32,0.0,0.03,0.0,0.0,0.1,0.13,0.1,0.03,0.9,20.74,16.39,4.35,79.0,5.84,10.55,5.74,0.16,15.63,0.26,26.67,31,27,2203,0.03,0.0,0.71,0.61,7.23,0.65,3.13,53.59,2.65,57.34,0.48,39.47
187,941179,Serie A,Torino,Niels Nkounkou,Defender,6.83,0.0,0.02,0.0,0.4,0.1,0.2,0.0,0.7,87.5,0.0,0.0,0.0,0.0,0.0,0.1,0.0,0.0,0.0,0.0,0.0,0.0,0.0,0.0,1.3,0.8,1.5,0.1,0.3,0.0,0.1,0.0,0.0,0.0,0.2,0.1,0.0,0.5,10.6,8.6,2.0,81.13,3.6,5.0,2.8,0.5,31.25,0.5,41.67,10,3,334,0.3,0.0,0.3,0.3,4.4,0.3,2.5,56.82,2.2,68.75,0.3,25.0
188,859027,Serie A,Como,Maxence Caqueret,Midfielder,6.83,0.07,0.08,0.03,0.62,0.14,0.28,11.11,0.59,54.84,0.03,0.03,0.0,0.0,0.07,0.0,0.07,0.03,0.0,0.0,0.0,0.0,0.03,0.0,1.17,0.45,0.14,0.1,0.66,0.03,0.0,0.03,0.0,0.0,0.1,0.17,0.0,0.83,30.69,27.0,3.69,87.98,10.48,16.52,8.41,0.31,26.47,0.41,46.15,29,17,1461,0.1,0.0,0.9,0.76,7.59,0.97,2.76,45.71,2.41,45.16,0.34,50.0
189,356160,Serie A,SSC Napoli,Vanja Milinković-Savić,Goalkeeper,6.83,0.0,0.0,0.0,0.0,0.0,0.0,0.0,0.0,0.0,0.0,0.0,0.0,0.0,0.0,0.0,0.0,0.0,0.0,0.0,0.0,0.0,0.0,0.0,0.0,0.0,0.78,0.0,0.07,0.0,0.07,0.04,0.0,0.41,0.04,0.04,0.0,0.11,37.56,27.15,10.41,72.29,24.22,2.93,1.44,0.0,0.0,5.15,33.33,27,27,2430,0.0,0.0,0.04,0.22,10.59,0.0,0.3,72.73,0.15,57.14,0.15,100.0
190,1392819,Serie A,Lecce,Gaby Jean,Defender,6.83,0.0,0.0,0.0,0.0,0.0,0.0,0.0,0.0,0.0,0.0,0.0,0.0,0.0,0.0,0.0,0.0,0.0,0.0,0.0,0.0,0.0,0.0,0.0,0.5,0.17,2.67,0.0,0.5,0.0,0.0,0.0,0.0,0.17,0.0,0.0,0.0,0.0,17.17,13.83,3.33,80.58,8.67,5.17,1.0,0.0,0.0,1.17,38.89,6,1,186,0.17,0.0,0.17,0.33,3.83,0.0,1.5,52.94,0.67,50.0,0.83,55.56
191,1800245,Serie A,Como,Jesús Rodriguez,Midfielder,6.83,0.03,0.13,0.1,1.47,0.37,0.8,2.27,1.33,41.67,0.03,0.0,0.0,0.0,0.03,0.0,0.1,0.0,0.0,0.0,0.0,0.0,0.0,0.0,0.8,0.17,0.33,0.0,0.33,0.0,0.0,0.03,0.0,0.03,0.33,0.27,0.0,1.17,14.57,11.53,3.03,79.18,2.97,8.57,5.27,0.33,18.52,0.23,58.33,30,17,1670,0.07,0.03,0.73,1.0,9.63,0.97,3.57,46.12,3.13,45.19,0.43,54.17
192,555540,Serie A,AS Roma,Lorenzo Pellegrini,Forward,6.83,0.17,0.22,0.12,1.33,0.5,0.5,12.5,0.21,20.83,0.17,0.0,0.0,0.04,0.12,0.08,0.21,0.0,0.08,0.08,100.0,0.0,0.17,0.0,0.5,0.58,0.58,0.17,0.54,0.0,0.0,0.04,0.0,0.04,0.17,0.08,0.0,1.17,28.42,21.92,6.5,77.13,6.21,15.71,9.71,1.0,26.67,1.17,60.87,24,20,1475,0.08,0.0,0.83,1.62,12.38,0.92,3.21,44.0,2.33,43.41,0.88,45.65
193,1087514,Serie A,Genoa,Brooke Norton-Cuffy,Defender,6.83,0.08,0.06,0.08,0.62,0.23,0.19,12.5,1.23,59.26,0.08,0.0,0.0,0.04,0.04,0.04,0.0,0.0,0.0,0.0,0.0,0.0,0.0,0.0,1.62,0.38,1.5,0.23,0.27,0.0,0.04,0.0,0.0,0.08,0.08,0.04,0.0,0.81,27.12,21.92,5.19,80.85,11.65,10.27,5.42,0.73,23.75,1.0,48.15,26,25,2184,0.12,0.04,0.88,0.62,12.69,0.92,4.04,50.0,3.46,54.22,0.58,34.09
194,848355,Serie A,AS Roma,Angeliño,Midfielder,6.83,0.0,0.03,0.0,0.71,0.29,0.29,0.0,0.0,0.0,0.0,0.0,0.0,0.0,0.0,0.0,0.0,0.0,0.0,0.0,0.0,0.0,0.0,0.0,1.29,0.29,0.86,0.0,0.86,0.0,0.0,0.0,0.0,0.14,0.0,0.0,0.0,0.71,29.86,23.43,6.43,78.47,10.14,13.29,8.29,0.57,22.22,1.57,50.0,7,5,418,0.29,0.0,0.71,0.29,10.29,0.29,2.14,42.86,1.57,40.74,0.57,50.0
195,1499991,Serie A,AS Roma,Jan Ziółkowski,Defender,6.83,0.0,0.01,0.0,0.06,0.0,0.06,0.0,0.0,0.0,0.0,0.0,0.0,0.0,0.0,0.0,0.0,0.0,0.0,0.0,0.0,0.0,0.0,0.0,1.12,0.47,2.18,0.29,0.12,0.0,0.0,0.0,0.0,0.06,0.0,0.0,0.0,0.06,14.41,12.0,2.41,83.27,8.71,3.29,0.76,0.0,0.0,0.71,33.33,17,5,500,0.12,0.0,0.65,0.47,2.59,0.12,2.94,61.73,1.59,64.29,1.35,58.97
196,922928,Serie A,Udinese,Alessandro Zanoli,Midfielder,6.83,0.05,0.01,0.0,0.16,0.05,0.11,33.33,0.74,42.42,0.05,0.0,0.0,0.0,0.05,0.0,0.05,0.0,0.0,0.0,0.0,0.0,0.0,0.0,1.32,0.37,1.89,0.26,0.47,0.0,0.0,0.0,0.0,0.05,0.16,0.11,0.0,0.79,18.32,14.74,3.58,80.46,7.05,7.68,4.58,0.63,30.77,0.47,40.91,19,16,1290,0.05,0.0,0.84,0.26,8.05,0.11,3.21,53.04,2.32,48.89,0.89,68.0
197,898815,Serie A,SSC Napoli,Sam Beukema,Defender,6.82,0.08,0.07,0.0,0.33,0.17,0.17,25.0,0.08,66.67,0.08,0.0,0.04,0.04,0.0,0.0,0.04,0.0,0.0,0.0,0.0,0.0,0.0,0.0,0.79,0.58,2.42,0.46,0.38,0.0,0.04,0.04,0.0,0.17,0.0,0.0,0.0,0.25,57.17,52.25,4.92,91.4,32.38,19.88,7.71,0.0,0.0,2.04,54.44,24,18,1686,0.08,0.0,0.79,0.21,6.08,0.17,2.38,48.72,1.04,44.64,1.33,52.46
198,964153,Serie A,Cagliari,Adam Obert,Defender,6.82,0.0,0.04,0.06,0.29,0.09,0.15,0.0,0.47,64.0,0.0,0.0,0.0,0.0,0.0,0.03,0.0,0.0,0.0,0.0,0.0,0.0,0.0,0.0,1.91,1.18,3.26,0.53,0.44,0.0,0.0,0.0,0.0,0.15,0.18,0.09,0.0,0.71,34.82,28.44,6.38,81.67,18.35,10.09,4.21,0.62,31.82,1.59,46.55,34,32,2698,0.24,0.03,1.15,0.35,10.12,0.38,3.62,53.48,2.74,55.69,0.88,47.62
199,894863,Serie A,Como,Anastasios Douvikas,Forward,6.82,0.35,0.29,0.3,1.68,0.76,0.49,20.97,0.35,39.39,0.35,0.0,0.05,0.05,0.24,0.05,0.19,0.03,0.03,0.03,100.0,0.0,0.0,0.0,0.35,0.11,0.38,0.11,0.19,0.0,0.0,0.0,0.0,0.14,0.05,0.03,0.0,0.62,8.49,6.62,1.86,78.03,1.89,4.73,2.81,0.0,0.0,0.24,69.23,37,24,2195,0.0,0.0,0.95,1.08,5.78,1.08,2.62,41.45,1.78,40.49,0.84,43.66
200,908716,Serie A,SSC Napoli,Miguel Gutiérrez,Defender,6.82,0.04,0.03,0.0,0.52,0.15,0.3,7.14,0.3,34.78,0.04,0.0,0.0,0.04,0.0,0.04,0.04,0.0,0.0,0.0,0.0,0.0,0.04,0.0,1.22,0.3,0.78,0.04,0.33,0.0,0.07,0.0,0.0,0.15,0.07,0.04,0.0,0.78,27.26,23.89,3.37,87.64,12.74,11.15,5.89,0.33,20.0,1.37,64.91,27,14,1400,0.0,0.0,0.7,1.0,6.63,0.41,2.85,56.2,2.48,55.83,0.37,58.82
201,959806,Serie A,Lazio,Kenneth Taylor,Midfielder,6.82,0.18,0.12,0.06,0.94,0.35,0.29,18.75,0.47,42.11,0.18,0.0,0.0,0.06,0.12,0.12,0.06,0.0,0.0,0.0,0.0,0.0,0.0,0.0,1.24,0.59,0.59,0.35,1.12,0.0,0.0,0.06,0.0,0.24,0.06,0.12,0.0,0.76,39.59,35.12,4.47,88.71,12.76,22.35,11.06,0.06,11.11,0.47,40.0,17,17,1400,0.29,0.0,1.0,0.76,7.12,0.59,2.76,42.73,2.47,42.42,0.29,45.45
202,158037,Serie A,Cremonese,Matteo Bianchetti,Defender,6.82,0.0,0.02,0.04,0.27,0.04,0.19,0.0,0.08,50.0,0.0,0.0,0.0,0.0,0.0,0.0,0.0,0.0,0.0,0.0,0.0,0.0,0.0,0.0,1.69,0.73,5.08,0.69,0.62,0.0,0.08,0.08,0.0,0.19,0.04,0.08,0.0,0.15,43.88,36.77,7.12,83.79,25.23,11.54,3.81,0.04,16.67,2.77,42.6,26,24,2107,0.12,0.0,1.0,0.54,9.19,0.08,4.23,59.46,2.27,58.42,1.96,60.71
203,1525367,Serie A,Pisa,Ebenezer Akinsanmiro,Midfielder,6.82,0.0,0.04,0.09,0.57,0.13,0.35,0.0,0.91,52.5,0.0,0.0,0.0,0.0,0.0,0.09,0.04,0.0,0.0,0.0,0.0,0.0,0.0,0.0,1.7,1.13,0.61,0.26,0.43,0.0,0.09,0.0,0.0,0.09,0.13,0.04,0.0,0.7,20.78,17.78,3.0,85.56,8.52,9.26,5.04,0.13,27.27,0.87,50.0,23,15,1400,0.09,0.0,1.26,1.22,6.83,0.87,4.43,52.85,3.83,54.66,0.61,43.75
204,1014287,Serie A,Lecce,Jamil Siebert,Defender,6.82,0.05,0.02,0.0,0.3,0.1,0.05,16.67,0.2,66.67,0.05,0.0,0.05,0.0,0.0,0.0,0.05,0.0,0.0,0.0,0.0,0.0,0.0,0.0,1.25,0.8,6.7,1.05,0.5,0.05,0.0,0.0,0.0,0.1,0.0,0.0,0.0,0.15,28.75,21.9,6.85,76.17,14.2,7.7,2.35,0.05,20.0,2.6,40.0,20,17,1617,0.15,0.0,1.05,0.35,8.05,0.15,3.4,51.13,1.75,50.0,1.65,52.38
205,58351,Serie A,Udinese,Christian Kabasele,Defender,6.82,0.1,0.04,0.0,0.34,0.21,0.07,30.0,0.17,83.33,0.1,0.0,0.07,0.0,0.03,0.0,0.03,0.0,0.0,0.0,0.0,0.0,0.0,0.0,0.59,1.21,5.31,0.69,0.17,0.07,0.03,0.0,0.0,0.21,0.0,0.0,0.0,0.03,28.52,25.17,3.34,88.27,20.17,5.0,0.9,0.0,0.0,1.62,50.0,29,27,2198,0.17,0.0,1.1,0.86,4.03,0.14,3.79,60.11,1.55,54.22,2.24,65.0
206,864898,Serie A,Udinese,Nicolò Zaniolo,Forward,6.81,0.16,0.17,0.19,2.25,0.69,0.78,6.94,1.03,35.11,0.16,0.0,0.03,0.09,0.03,0.09,0.19,0.0,0.0,0.0,0.0,0.0,0.16,0.0,0.88,0.12,0.0,0.0,0.62,0.0,0.06,0.0,0.0,0.09,0.22,0.19,0.06,1.66,18.09,14.12,3.97,78.07,4.5,9.62,5.75,1.03,26.61,0.84,60.0,32,28,2269,0.25,0.0,1.94,1.91,14.03,1.97,4.38,37.33,3.81,38.13,0.56,32.73
207,1486729,Serie A,Parma,Nesta Elphege,Forward,6.81,0.22,0.21,0.22,0.67,0.33,0.22,33.33,0.44,66.67,0.22,0.0,0.0,0.11,0.11,0.0,0.33,0.0,0.0,0.0,0.0,0.0,0.0,0.0,0.22,0.0,0.22,0.0,0.0,0.0,0.0,0.0,0.0,0.0,0.0,0.11,0.0,0.44,6.89,4.56,2.33,66.13,1.44,3.11,2.33,0.0,0.0,0.0,0.0,9,2,306,0.0,0.0,0.33,0.0,3.44,0.0,2.78,53.19,0.67,54.55,2.11,52.78
208,976381,Serie A,Lazio,Gustav Isaksen,Forward,6.81,0.17,0.17,0.27,1.6,0.63,0.5,10.42,0.9,38.03,0.17,0.0,0.0,0.13,0.03,0.03,0.03,0.0,0.0,0.0,0.0,0.0,0.0,0.0,0.53,0.23,0.2,0.1,0.33,0.03,0.03,0.0,0.0,0.0,0.0,0.03,0.0,0.57,17.13,13.83,3.3,80.74,4.9,8.93,4.27,0.3,28.13,0.5,55.56,30,18,1598,0.0,0.0,0.6,1.9,8.03,0.87,3.67,49.33,3.3,50.51,0.37,40.74
209,47743,Serie A,Pisa,Juan Cuadrado,Midfielder,6.81,0.06,0.05,0.0,0.56,0.11,0.17,10.0,0.72,43.33,0.06,0.0,0.0,0.0,0.06,0.06,0.0,0.0,0.06,0.06,100.0,0.0,0.06,0.0,0.89,0.22,0.33,0.11,0.5,0.0,0.0,0.0,0.0,0.0,0.11,0.0,0.0,0.67,11.17,9.11,2.06,81.59,4.22,4.89,2.44,0.89,39.02,0.94,58.62,18,2,482,0.17,0.0,0.5,0.89,5.83,0.5,2.61,49.47,2.5,50.56,0.11,33.33
210,902031,Serie A,Bologna,João Mário,Defender,6.81,0.05,0.01,0.0,0.35,0.1,0.05,14.29,0.75,46.88,0.05,0.0,0.0,0.0,0.05,0.0,0.0,0.0,0.0,0.0,0.0,0.0,0.0,0.0,0.7,0.65,0.65,0.15,0.5,0.05,0.0,0.05,0.0,0.1,0.05,0.0,0.0,0.4,24.6,19.3,5.3,78.46,8.4,10.9,6.2,0.35,35.0,0.95,45.24,20,12,1008,0.1,0.0,0.5,1.55,8.5,0.3,3.3,56.9,3.0,58.82,0.3,42.86
211,870211,Serie A,Cagliari,Alberto Dossena,Defender,6.81,0.0,0.07,0.09,0.55,0.18,0.27,0.0,0.09,100.0,0.0,0.0,0.0,0.0,0.0,0.0,0.18,0.0,0.0,0.0,0.0,0.0,0.0,0.0,1.36,0.73,3.64,0.73,0.45,0.0,0.0,0.0,0.0,0.18,0.18,0.09,0.0,0.27,40.45,36.18,4.27,89.44,25.09,11.09,2.27,0.0,0.0,1.73,45.24,11,9,828,0.45,0.0,0.91,0.73,5.27,0.09,3.73,62.12,2.18,60.0,1.55,65.38
212,893008,Serie A,AS Roma,Zeki Çelik,Defender,6.81,0.03,0.05,0.06,0.67,0.12,0.3,4.55,0.24,22.22,0.03,0.0,0.0,0.0,0.03,0.0,0.09,0.0,0.0,0.0,0.0,0.0,0.0,0.0,1.88,0.64,2.0,0.18,0.67,0.0,0.0,0.0,0.0,0.24,0.06,0.06,0.03,0.79,39.67,33.82,5.85,85.26,13.7,20.12,11.36,0.42,18.92,0.97,38.1,33,31,2640,0.06,0.03,1.06,0.52,10.91,0.39,3.67,49.59,2.61,47.25,1.06,56.45
213,798002,Serie A,Lazio,Toma Bašić,Midfielder,6.81,0.09,0.06,0.0,1.32,0.5,0.55,6.9,0.05,25.0,0.05,0.05,0.0,0.09,0.0,0.05,0.0,0.0,0.0,0.0,0.0,0.0,0.09,0.0,0.91,0.5,1.05,0.32,0.59,0.0,0.05,0.0,0.0,0.09,0.23,0.14,0.0,0.95,36.5,31.95,4.55,87.55,16.5,15.45,6.45,0.77,37.78,1.14,58.14,22,22,1656,0.0,0.05,0.91,0.86,7.14,0.5,2.68,51.3,1.82,47.06,0.86,63.33
214,786175,Serie A,Cremonese,Federico Baschirotto,Defender,6.81,0.07,0.04,0.03,0.41,0.17,0.14,16.67,0.03,50.0,0.07,0.0,0.07,0.0,0.0,0.0,0.03,0.0,0.0,0.0,0.0,0.0,0.0,0.0,0.9,0.9,6.41,1.14,0.38,0.03,0.07,0.03,0.0,0.28,0.0,0.0,0.0,0.07,45.38,39.24,6.14,86.47,30.34,8.9,2.17,0.03,12.5,2.21,40.25,29,29,2541,0.07,0.0,1.55,0.31,7.1,0.1,3.21,48.19,1.24,40.0,1.97,55.34
215,865651,Serie A,Atalanta,Giacomo Raspadori,Forward,6.8,0.25,0.25,0.25,2.08,0.92,0.33,12.0,0.33,30.77,0.25,0.0,0.0,0.25,0.0,0.08,0.08,0.0,0.0,0.0,0.0,0.0,0.0,0.0,0.5,0.08,0.33,0.0,0.25,0.0,0.0,0.0,0.0,0.08,0.0,0.08,0.0,1.08,21.67,17.67,4.0,81.54,6.58,11.08,6.75,1.0,28.57,1.0,54.55,12,6,701,0.0,0.0,0.58,0.33,9.25,0.92,1.75,35.59,1.17,31.82,0.58,46.67
216,256219,Serie A,AS Roma,Paulo Dybala,Forward,6.8,0.1,0.21,0.24,1.81,0.76,0.48,5.26,0.67,31.82,0.1,0.0,0.0,0.05,0.05,0.0,0.14,0.0,0.05,0.0,0.0,0.0,0.29,0.0,0.48,0.19,0.1,0.0,0.38,0.0,0.0,0.0,0.0,0.05,0.33,0.19,0.0,2.29,29.95,25.0,4.95,83.47,5.9,19.1,12.0,1.24,29.21,1.48,72.09,21,14,1265,0.0,0.0,0.52,1.67,12.71,1.05,3.24,45.03,2.76,45.31,0.48,43.48
217,220223,Serie A,Cagliari,Andrea Belotti,Forward,6.8,0.25,0.24,0.38,0.75,0.5,0.25,33.33,0.12,25.0,0.25,0.0,0.0,0.0,0.25,0.0,0.5,0.12,0.12,0.12,100.0,0.0,0.0,0.0,0.12,0.5,0.25,0.0,0.12,0.0,0.0,0.0,0.0,0.0,0.0,0.0,0.0,0.12,3.88,2.88,1.0,74.19,1.5,1.38,0.5,0.0,0.0,0.0,0.0,8,3,232,0.0,0.0,0.38,1.25,3.38,0.5,2.0,43.24,1.38,50.0,0.62,33.33
218,807400,Serie A,Fiorentina,Abdelhamid Sabiri,Midfielder,6.8,0.0,0.01,0.0,1.0,0.0,1.0,0.0,0.0,0.0,0.0,0.0,0.0,0.0,0.0,0.0,0.0,0.0,0.0,0.0,0.0,0.0,0.0,0.0,2.0,0.0,0.0,0.0,1.0,0.0,0.0,0.0,0.0,0.0,0.0,0.0,0.0,3.0,19.0,13.0,6.0,68.42,3.0,10.0,6.0,2.0,50.0,0.0,0.0,1,0,25,0.0,0.0,1.0,1.0,9.0,1.0,3.0,50.0,3.0,50.0,0.0,0.0
219,1511706,Serie A,Genoa,Alexsandro Amorim,Midfielder,6.8,0.0,0.02,0.0,0.2,0.0,0.0,0.0,0.7,77.78,0.0,0.0,0.0,0.0,0.0,0.0,0.1,0.0,0.0,0.0,0.0,0.0,0.0,0.0,1.4,0.8,0.6,0.2,1.2,0.0,0.1,0.1,0.0,0.0,0.1,0.0,0.0,0.9,24.9,21.3,3.6,85.54,11.8,9.5,3.2,0.4,26.67,1.3,48.15,10,5,492,0.1,0.0,0.7,1.8,6.4,0.6,4.0,58.82,3.9,60.0,0.1,33.33
220,1211005,Serie A,Hellas Verona,Yellu Santiago,Midfielder,6.8,0.0,0.01,0.0,1.0,0.5,0.5,0.0,0.5,100.0,0.0,0.0,0.0,0.0,0.0,0.0,0.0,0.0,0.0,0.0,0.0,0.0,0.0,0.0,1.0,0.0,0.0,0.0,0.0,0.0,0.0,0.0,0.0,0.0,0.0,0.0,0.0,0.5,3.5,2.0,1.5,57.14,1.0,1.0,1.0,0.0,0.0,0.0,0.0,2,0,11,0.0,0.0,0.0,0.5,1.5,0.0,2.0,80.0,2.0,100.0,0.0,0.0
221,43970,Serie A,Cremonese,Marco Silvestri,Goalkeeper,6.8,0.0,0.0,0.0,0.0,0.0,0.0,0.0,0.0,0.0,0.0,0.0,0.0,0.0,0.0,0.0,0.0,0.0,0.0,0.0,0.0,0.0,0.0,0.0,0.0,0.0,1.0,0.0,0.0,0.25,0.0,0.0,0.0,0.0,0.0,0.0,0.0,0.0,35.0,20.0,15.0,57.14,15.5,4.5,1.0,0.0,0.0,5.75,28.05,4,4,360,0.0,0.0,0.0,0.0,15.0,0.0,0.5,100.0,0.0,0.0,0.5,100.0
222,2246841,Serie A,Genoa,Wedtoin Latif Ouedraogo,Defender,6.8,0.0,0.0,0.0,0.0,0.0,0.0,0.0,0.0,0.0,0.0,0.0,0.0,0.0,0.0,0.0,0.0,0.0,0.0,0.0,0.0,0.0,0.0,0.0,1.0,0.0,0.0,0.0,0.0,0.0,0.0,0.0,0.0,0.0,0.0,0.0,0.0,0.0,3.0,3.0,0.0,100.0,1.0,2.0,1.0,1.0,100.0,0.0,0.0,1,0,19,0.0,0.0,1.0,1.0,0.0,0.0,2.0,66.67,2.0,66.67,0.0,0.0
223,1485292,Serie A,Sassuolo,Pedro Felipe,Defender,6.8,0.0,0.0,0.0,0.0,0.0,0.0,0.0,0.5,100.0,0.0,0.0,0.0,0.0,0.0,0.0,0.0,0.0,0.0,0.0,0.0,0.0,0.0,0.0,1.0,0.0,1.5,0.5,0.5,0.0,0.0,0.0,0.0,0.0,0.5,0.5,0.0,0.5,39.5,36.5,3.0,92.41,26.0,10.5,2.0,0.0,0.0,1.5,50.0,2,1,91,0.0,0.0,0.0,0.0,3.5,0.5,2.5,62.5,1.5,60.0,1.0,66.67
224,1142612,Serie A,Torino,Emirhan İlkhan,Midfielder,6.8,0.06,0.12,0.11,0.61,0.17,0.22,9.09,0.33,50.0,0.06,0.0,0.0,0.0,0.06,0.0,0.0,0.0,0.0,0.0,0.0,0.0,0.0,0.0,1.39,0.72,0.83,0.11,0.61,0.0,0.0,0.0,0.0,0.0,0.11,0.11,0.0,0.61,24.89,21.06,3.83,84.6,10.94,10.11,4.22,0.17,50.0,2.72,69.01,18,12,955,0.11,0.06,0.56,1.0,5.78,0.61,3.44,56.88,2.72,56.98,0.72,56.52
225,1493689,Serie A,Como,Assane Diao,Forward,6.79,0.12,0.16,0.19,1.62,0.56,0.38,7.69,1.69,40.3,0.12,0.0,0.06,0.06,0.0,0.0,0.12,0.0,0.0,0.0,0.0,0.0,0.0,0.0,0.94,0.25,0.44,0.06,0.19,0.0,0.0,0.0,0.0,0.12,0.12,0.06,0.0,0.5,18.75,14.88,3.88,79.33,2.94,11.94,6.19,0.19,11.11,0.31,62.5,16,12,1006,0.12,0.0,0.94,2.31,11.25,1.56,5.38,46.49,4.88,48.75,0.5,32.0
226,1069244,Serie A,Lazio,Tijjani Noslin,Forward,6.79,0.14,0.16,0.11,1.18,0.39,0.61,12.12,0.61,54.84,0.14,0.0,0.04,0.04,0.07,0.04,0.11,0.07,0.0,0.0,0.0,0.0,0.04,0.0,0.25,0.11,0.25,0.11,0.11,0.0,0.0,0.0,0.0,0.04,0.04,0.04,0.0,0.5,12.5,10.11,2.39,80.86,3.71,6.39,3.32,0.14,40.0,0.64,81.82,28,8,1091,0.11,0.04,0.64,0.82,5.29,0.64,2.39,46.21,1.68,47.96,0.71,42.55
227,1128063,Serie A,Juventus,Federico Gatti,Defender,6.79,0.1,0.1,0.05,0.6,0.3,0.2,16.67,0.05,100.0,0.1,0.0,0.05,0.0,0.05,0.0,0.0,0.0,0.0,0.0,0.0,0.0,0.0,0.0,0.55,0.6,2.7,0.25,0.15,0.05,0.1,0.0,0.0,0.1,0.0,0.0,0.0,0.15,30.45,27.65,2.8,90.8,17.2,10.45,3.4,0.0,0.0,1.45,54.72,20,11,1010,0.15,0.0,0.75,0.3,3.35,0.05,2.1,56.76,0.9,50.0,1.2,63.16
228,1090374,Serie A,Lecce,Kialonda Gaspar,Defender,6.79,0.0,0.04,0.05,0.41,0.05,0.23,0.0,0.05,33.33,0.0,0.0,0.0,0.0,0.0,0.0,0.09,0.0,0.0,0.0,0.0,0.0,0.0,0.0,1.05,0.77,6.41,0.95,0.27,0.0,0.23,0.05,0.0,0.32,0.0,0.0,0.0,0.0,36.0,30.36,5.64,84.34,21.32,9.05,1.82,0.0,0.0,2.14,46.08,22,21,1829,0.27,0.05,0.55,1.0,6.36,0.09,4.27,61.84,2.05,68.18,2.23,56.98
229,889785,Serie A,Genoa,Johan Vásquez,Defender,6.79,0.03,0.04,0.03,0.67,0.17,0.36,4.17,0.22,47.06,0.03,0.0,0.0,0.03,0.0,0.0,0.03,0.0,0.0,0.0,0.0,0.0,0.0,0.0,1.64,1.25,4.28,0.78,0.5,0.03,0.0,0.0,0.0,0.22,0.0,0.0,0.0,0.25,55.39,47.39,8.0,85.56,33.94,13.44,5.33,0.14,20.83,2.64,39.58,36,36,3217,0.06,0.0,0.64,1.28,10.08,0.25,5.14,57.28,3.11,66.67,2.03,47.1
230,217784,Serie A,Lazio,Patric,Defender,6.79,0.0,0.02,0.0,0.36,0.0,0.14,0.0,0.14,100.0,0.0,0.0,0.0,0.0,0.0,0.0,0.0,0.0,0.0,0.0,0.0,0.0,0.0,0.0,0.14,0.29,2.29,0.43,0.21,0.0,0.21,0.0,0.0,0.14,0.07,0.0,0.0,0.14,40.79,37.29,3.5,91.42,22.0,15.29,4.64,0.0,0.0,2.29,69.57,14,6,682,0.14,0.0,0.29,0.14,4.14,0.0,1.21,56.67,0.43,46.15,0.79,64.71
231,341143,Serie A,Torino,Giovanni Simeone,Forward,6.78,0.35,0.32,0.42,2.52,0.9,0.97,14.1,0.71,44.0,0.32,0.03,0.06,0.03,0.26,0.06,0.58,0.06,0.0,0.0,0.0,0.0,0.0,0.0,0.48,0.16,0.52,0.06,0.32,0.0,0.0,0.0,0.0,0.0,0.06,0.0,0.0,0.71,13.16,9.55,3.61,72.55,3.81,5.74,3.29,0.03,12.5,0.26,44.44,31,26,2155,0.03,0.0,0.94,1.26,8.9,1.42,3.52,38.52,2.42,41.67,1.1,33.01
232,887275,Serie A,Pisa,Matteo Tramoni,Forward,6.78,0.07,0.12,0.11,1.04,0.33,0.44,7.14,0.3,23.53,0.07,0.0,0.0,0.0,0.07,0.04,0.07,0.0,0.04,0.04,100.0,0.0,0.0,0.0,1.19,0.59,0.37,0.04,0.7,0.0,0.04,0.04,0.0,0.0,0.15,0.07,0.0,1.04,13.44,9.7,3.74,72.18,2.74,6.96,4.74,0.81,32.35,0.56,46.88,27,21,1615,0.11,0.0,0.56,0.56,8.63,0.67,2.48,44.08,2.04,41.67,0.44,60.0
233,233826,Serie A,Torino,Valentino Lazaro,Midfielder,6.78,0.0,0.02,0.0,0.26,0.06,0.1,0.0,0.35,44.0,0.0,0.0,0.0,0.0,0.0,0.0,0.03,0.0,0.0,0.0,0.0,0.0,0.0,0.0,1.52,0.71,1.61,0.26,0.68,0.0,0.0,0.0,0.0,0.23,0.23,0.06,0.0,1.0,27.23,21.61,5.61,79.38,10.45,11.16,6.26,1.19,27.21,1.45,44.55,31,26,2263,0.13,0.0,1.19,0.29,11.29,0.1,2.65,45.56,2.16,47.52,0.48,38.46
234,351434,Serie A,Udinese,Hassane Kamara,Midfielder,6.78,0.0,0.02,0.04,0.62,0.19,0.31,0.0,0.65,53.13,0.0,0.0,0.0,0.0,0.0,0.08,0.0,0.0,0.0,0.0,0.0,0.0,0.0,0.0,1.19,0.88,2.23,0.12,0.31,0.0,0.04,0.04,0.0,0.15,0.23,0.08,0.04,0.92,28.23,23.08,5.15,81.74,11.12,11.96,6.0,0.65,20.73,1.15,40.0,26,22,1869,0.19,0.0,0.62,0.42,11.31,0.42,2.96,57.04,2.27,55.66,0.69,62.07
235,989186,Serie A,Como,Ignace Van der Brempt,Defender,6.78,0.0,0.01,0.0,0.16,0.0,0.11,0.0,0.32,40.0,0.0,0.0,0.0,0.0,0.0,0.0,0.0,0.0,0.0,0.0,0.0,0.0,0.0,0.0,1.47,0.42,1.0,0.0,0.37,0.0,0.0,0.0,0.0,0.11,0.05,0.05,0.0,0.26,24.16,20.63,3.53,85.4,10.47,10.16,5.11,0.11,18.18,0.58,36.67,19,11,929,0.11,0.0,1.0,0.79,6.95,0.16,3.16,55.56,2.58,57.65,0.58,47.83
236,1133236,Serie A,Hellas Verona,Tobias Slotsager,Defender,6.78,0.0,0.02,0.0,0.38,0.12,0.12,0.0,0.0,0.0,0.0,0.0,0.0,0.0,0.0,0.0,0.0,0.0,0.0,0.0,0.0,0.0,0.0,0.0,1.75,0.38,4.25,0.5,0.25,0.12,0.0,0.0,0.0,0.25,0.0,0.0,0.0,0.0,28.38,22.0,6.38,77.53,13.25,8.75,3.0,0.12,50.0,1.12,25.71,8,4,443,0.0,0.0,0.38,0.62,7.12,0.0,5.0,80.0,2.38,79.17,2.62,80.77
237,870263,Serie A,SSC Napoli,Alessandro Buongiorno,Defender,6.78,0.0,0.04,0.09,0.24,0.09,0.09,0.0,0.03,20.0,0.0,0.0,0.0,0.0,0.0,0.03,0.03,0.0,0.0,0.0,0.0,0.0,0.0,0.0,1.0,1.21,3.42,0.36,0.36,0.03,0.03,0.06,0.0,0.24,0.0,0.03,0.0,0.09,56.03,50.97,5.06,90.97,33.15,17.82,5.27,0.06,33.33,0.82,32.14,33,28,2519,0.09,0.0,1.52,0.79,5.76,0.06,4.06,56.54,1.79,48.36,2.27,65.22
238,35428,Serie A,Lazio,Pedro,Forward,6.77,0.14,0.08,0.0,0.71,0.32,0.25,20.0,0.46,56.52,0.11,0.04,0.0,0.04,0.11,0.0,0.0,0.0,0.07,0.07,100.0,0.0,0.0,0.0,0.36,0.11,0.14,0.0,0.36,0.0,0.07,0.0,0.0,0.0,0.18,0.07,0.0,0.61,15.89,13.79,2.11,86.74,4.75,9.04,4.46,0.25,25.0,0.68,65.52,28,8,933,0.14,0.0,0.32,0.82,4.11,0.39,1.64,52.27,1.61,54.22,0.04,20.0
239,1526933,Serie A,Fiorentina,Eddy Kouadio,Defender,6.77,0.0,0.0,0.0,0.0,0.0,0.0,0.0,0.33,50.0,0.0,0.0,0.0,0.0,0.0,0.0,0.0,0.0,0.0,0.0,0.0,0.0,0.0,0.0,1.33,0.33,0.33,0.0,0.33,0.0,0.0,0.0,0.0,0.0,0.0,0.0,0.0,0.33,8.0,7.0,1.0,87.5,5.67,1.33,0.33,0.0,0.0,0.33,50.0,3,0,80,0.0,0.0,0.33,0.33,2.33,0.0,2.0,66.67,2.0,66.67,0.0,0.0
240,1093695,Serie A,Genoa,Vitinha,Forward,6.77,0.14,0.18,0.23,1.86,0.57,0.6,7.69,1.03,31.86,0.11,0.03,0.0,0.0,0.14,0.03,0.4,0.03,0.0,0.0,0.0,0.0,0.03,0.0,1.11,0.4,0.83,0.14,0.6,0.03,0.0,0.0,0.0,0.03,0.14,0.03,0.0,0.49,11.31,7.57,3.74,66.92,2.4,5.17,3.03,0.4,21.21,0.43,44.12,35,28,2254,0.14,0.0,0.97,1.94,11.6,1.14,5.74,45.07,4.09,45.83,1.66,43.28
241,346948,Serie A,Pisa,Stefano Moreo,Forward,6.77,0.17,0.15,0.14,1.39,0.53,0.69,12.0,0.33,48.0,0.14,0.03,0.03,0.06,0.08,0.08,0.14,0.0,0.06,0.06,100.0,0.0,0.0,0.0,0.47,0.58,1.39,0.11,0.28,0.03,0.0,0.0,0.0,0.03,0.14,0.03,0.0,0.64,14.5,8.61,5.89,59.39,2.78,5.83,3.47,0.08,11.54,0.47,40.48,36,28,2231,0.06,0.0,0.61,0.56,8.94,0.25,4.0,51.99,1.36,49.49,2.64,53.37
242,1065261,Serie A,Bologna,Jonathan Rowe,Forward,6.77,0.11,0.14,0.22,1.7,0.63,0.59,6.52,1.74,53.41,0.11,0.0,0.0,0.04,0.07,0.07,0.15,0.0,0.0,0.0,0.0,0.0,0.0,0.0,0.7,0.22,0.11,0.0,0.3,0.0,0.04,0.0,0.0,0.0,0.19,0.07,0.0,0.74,13.37,10.78,2.59,80.61,2.56,8.22,4.89,0.44,23.53,0.3,29.63,27,16,1521,0.07,0.0,0.85,1.7,8.48,1.07,4.7,50.0,4.11,52.61,0.59,37.21
243,1016788,Serie A,Torino,Cesare Casadei,Midfielder,6.77,0.16,0.12,0.12,1.03,0.47,0.34,15.15,0.38,52.17,0.12,0.03,0.09,0.03,0.03,0.0,0.06,0.0,0.0,0.0,0.0,0.0,0.0,0.0,1.12,0.31,1.22,0.09,0.56,0.0,0.0,0.03,0.0,0.16,0.09,0.0,0.0,0.5,22.88,17.19,5.69,75.14,7.19,10.0,4.78,0.03,25.0,0.56,45.0,32,19,1945,0.16,0.0,1.59,0.47,8.38,0.62,5.16,53.4,1.97,39.62,3.19,68.0
244,1823916,Serie A,Sassuolo,Darryl Bakola,Midfielder,6.77,0.0,0.01,0.0,0.5,0.17,0.17,0.0,0.5,50.0,0.0,0.0,0.0,0.0,0.0,0.0,0.0,0.0,0.0,0.0,0.0,0.0,0.0,0.0,1.33,0.17,0.0,0.0,0.33,0.0,0.0,0.0,0.0,0.0,0.17,0.17,0.0,0.5,10.33,8.17,2.17,79.03,2.67,5.5,3.83,0.0,0.0,0.17,20.0,6,1,144,0.0,0.0,0.33,0.5,4.0,0.17,2.67,64.0,2.33,63.64,0.33,66.67
245,895868,Serie A,Parma,Nahuel Estévez,Midfielder,6.77,0.0,0.02,0.03,0.28,0.03,0.06,0.0,0.0,0.0,0.0,0.0,0.0,0.0,0.0,0.0,0.0,0.0,0.0,0.0,0.0,0.0,0.0,0.0,0.56,0.19,1.47,0.12,0.28,0.0,0.0,0.0,0.0,0.12,0.06,0.03,0.0,0.41,16.75,13.06,3.69,77.99,6.09,6.97,2.84,0.38,27.91,0.94,42.25,32,9,1044,0.09,0.0,0.34,0.41,5.12,0.12,1.97,55.75,0.94,55.56,1.03,55.93
246,227894,Serie A,Udinese,Jesper Karlström,Midfielder,6.77,0.03,0.02,0.0,0.54,0.06,0.23,5.26,0.29,47.62,0.03,0.0,0.0,0.0,0.03,0.0,0.03,0.0,0.0,0.0,0.0,0.0,0.0,0.0,1.49,0.97,2.14,0.46,0.46,0.06,0.06,0.03,0.0,0.29,0.03,0.0,0.0,0.46,38.03,30.89,7.14,81.22,15.74,15.14,6.09,0.06,14.29,1.51,37.86,35,35,3093,0.14,0.0,1.11,0.86,9.14,0.37,3.4,53.36,2.54,53.29,0.86,53.57
247,1034082,Serie A,Milan,Ardon Jashari,Midfielder,6.77,0.0,0.02,0.0,0.54,0.15,0.31,0.0,0.31,33.33,0.0,0.0,0.0,0.0,0.0,0.0,0.0,0.0,0.0,0.0,0.0,0.0,0.0,0.0,1.08,0.38,0.38,0.08,0.38,0.0,0.08,0.0,0.0,0.0,0.15,0.08,0.0,0.69,31.31,28.54,2.77,91.15,12.54,16.0,7.46,0.31,40.0,1.38,78.26,13,6,644,0.0,0.0,0.85,0.54,5.62,0.54,2.08,42.19,1.92,45.45,0.15,22.22
248,980624,Serie A,Atalanta,Lazar Samardžić,Midfielder,6.77,0.08,0.11,0.12,0.88,0.28,0.4,9.09,0.56,45.16,0.08,0.0,0.04,0.04,0.0,0.12,0.04,0.0,0.0,0.0,0.0,0.0,0.04,0.0,0.48,0.32,0.32,0.0,0.24,0.0,0.0,0.0,0.0,0.04,0.08,0.04,0.0,1.08,19.32,16.12,3.2,83.44,3.68,12.44,8.44,0.76,27.54,1.88,79.66,25,10,966,0.04,0.0,0.68,0.36,8.16,0.8,1.6,33.61,1.36,37.36,0.24,21.43
249,1068286,Serie A,Udinese,Rui Modesto,Midfielder,6.77,0.0,0.01,0.0,0.33,0.33,0.0,0.0,0.0,0.0,0.0,0.0,0.0,0.0,0.0,0.0,0.0,0.0,0.0,0.0,0.0,0.0,0.0,0.0,2.0,0.33,0.67,0.0,0.33,0.0,0.0,0.0,0.0,0.0,0.33,0.33,0.0,0.67,14.67,10.67,4.0,72.73,4.33,6.33,4.33,0.67,40.0,0.33,25.0,3,0,116,0.0,0.0,0.0,0.0,8.0,0.67,2.33,43.75,2.0,50.0,0.33,25.0
250,847467,Serie A,Fiorentina,Marin Pongračić,Defender,6.77,0.0,0.02,0.0,0.24,0.03,0.12,0.0,0.47,72.73,0.0,0.0,0.0,0.0,0.0,0.0,0.0,0.0,0.0,0.0,0.0,0.0,0.0,0.0,0.91,1.03,3.76,0.76,0.18,0.0,0.03,0.0,0.0,0.21,0.03,0.0,0.0,0.24,55.5,50.85,4.65,91.63,34.91,15.94,4.0,0.03,25.0,2.29,57.78,34,33,2894,0.35,0.0,2.03,0.62,5.82,0.15,3.44,48.55,2.0,44.44,1.44,55.68
251,1085913,Serie A,Bologna,Martin Vitík,Defender,6.77,0.0,0.02,0.05,0.42,0.11,0.16,0.0,0.11,66.67,0.0,0.0,0.0,0.0,0.0,0.0,0.0,0.0,0.0,0.0,0.0,0.0,0.0,0.0,1.89,0.53,4.89,0.37,0.32,0.0,0.05,0.0,0.0,0.21,0.0,0.0,0.0,0.16,38.47,33.84,4.63,87.96,23.16,10.68,3.21,0.0,0.0,1.11,29.58,19,14,1324,0.16,0.0,1.21,0.21,5.37,0.21,4.47,55.92,2.21,56.0,2.26,55.84
252,945616,Serie A,Lecce,Antonino Gallo,Defender,6.76,0.0,0.01,0.06,0.14,0.03,0.08,0.0,0.36,52.0,0.0,0.0,0.0,0.0,0.0,0.03,0.0,0.0,0.0,0.0,0.0,0.0,0.03,0.0,1.61,0.42,3.33,0.14,0.64,0.0,0.08,0.0,0.0,0.22,0.11,0.11,0.0,0.94,30.64,21.61,9.03,70.53,9.31,12.31,6.89,1.03,27.82,2.17,34.36,36,33,2968,0.08,0.0,0.19,0.36,15.56,0.22,3.06,60.11,2.33,62.69,0.72,53.06
253,970998,Serie A,Genoa,Patrizio Masini,Midfielder,6.76,0.0,0.06,0.07,0.59,0.15,0.22,0.0,0.07,25.0,0.0,0.0,0.0,0.0,0.0,0.04,0.0,0.0,0.0,0.0,0.0,0.0,0.0,0.0,2.33,0.93,1.63,0.3,0.41,0.0,0.0,0.0,0.0,0.07,0.04,0.04,0.0,0.33,19.59,14.44,5.15,73.72,6.93,7.52,3.15,0.11,21.43,0.7,42.22,27,12,1347,0.19,0.0,1.37,1.52,7.63,0.63,4.74,54.47,3.93,60.92,0.81,36.07
254,804621,Serie A,Lecce,Lassana Coulibaly,Midfielder,6.76,0.09,0.09,0.06,0.81,0.25,0.41,11.54,0.75,57.14,0.09,0.0,0.06,0.0,0.03,0.03,0.03,0.0,0.0,0.0,0.0,0.0,0.0,0.0,1.5,0.25,0.97,0.19,0.84,0.03,0.0,0.0,0.0,0.19,0.06,0.03,0.0,0.66,23.84,19.5,4.34,81.78,7.34,12.16,6.41,0.09,15.79,1.28,63.08,32,30,2605,0.12,0.0,1.09,1.62,7.84,0.81,4.97,53.0,3.88,54.63,1.09,47.95
255,983601,Serie A,Hellas Verona,Kieron Bowie,Forward,6.76,0.31,0.27,0.23,2.23,0.69,1.0,13.79,0.38,38.46,0.23,0.08,0.0,0.31,0.0,0.0,0.23,0.08,0.0,0.0,0.0,0.0,0.0,0.0,0.69,0.0,0.54,0.23,0.08,0.0,0.0,0.0,0.0,0.15,0.08,0.0,0.0,1.0,14.46,10.08,4.38,69.68,2.46,7.62,4.54,0.0,0.0,0.54,53.85,13,13,1114,0.08,0.0,2.46,1.69,11.08,1.38,5.0,37.36,2.77,38.3,2.23,36.25
256,893640,Serie A,Lecce,Riccardo Sottil,Forward,6.76,0.05,0.03,0.0,0.95,0.14,0.33,5.0,0.62,33.33,0.0,0.05,0.0,0.0,0.05,0.0,0.19,0.0,0.0,0.0,0.0,0.0,0.29,0.0,0.19,0.1,0.24,0.0,0.24,0.0,0.0,0.0,0.0,0.0,0.29,0.1,0.0,1.14,11.9,9.81,2.1,82.4,2.14,7.67,5.62,1.19,25.0,0.43,60.0,21,13,1072,0.05,0.0,0.48,1.29,9.48,0.86,2.24,39.83,2.1,42.72,0.14,20.0
257,356032,Serie A,Sassuolo,Filippo Romagna,Defender,6.76,0.0,0.01,0.0,0.4,0.0,0.4,0.0,0.0,0.0,0.0,0.0,0.0,0.0,0.0,0.0,0.0,0.0,0.0,0.0,0.0,0.0,0.0,0.0,0.2,1.0,2.4,1.0,0.6,0.0,0.0,0.0,0.0,0.0,0.0,0.0,0.0,0.0,36.6,33.0,3.6,90.16,25.4,7.6,2.4,0.0,0.0,2.2,45.83,5,4,315,0.0,0.0,0.0,0.2,4.4,0.0,1.0,45.45,0.4,40.0,0.6,50.0
258,983815,Serie A,Atalanta,Yunus Musah,Midfielder,6.76,0.05,0.03,0.0,0.32,0.05,0.21,16.67,0.74,70.0,0.05,0.0,0.0,0.0,0.05,0.0,0.16,0.0,0.0,0.0,0.0,0.0,0.0,0.0,0.53,0.21,0.32,0.11,0.26,0.0,0.0,0.0,0.0,0.11,0.05,0.0,0.0,0.16,16.32,14.37,1.95,88.06,5.21,9.16,4.42,0.26,45.45,0.63,75.0,19,4,568,0.05,0.0,0.47,0.89,3.79,0.47,2.42,52.87,2.16,58.57,0.26,29.41
259,826326,Serie A,Pisa,Idrissa Touré,Midfielder,6.76,0.03,0.09,0.12,0.91,0.25,0.44,3.45,0.66,47.73,0.03,0.0,0.03,0.0,0.0,0.03,0.16,0.03,0.0,0.0,0.0,0.0,0.0,0.0,1.34,0.72,2.44,0.25,0.72,0.06,0.03,0.0,0.0,0.12,0.19,0.0,0.0,0.62,20.91,13.75,7.16,65.77,6.31,7.44,4.22,0.34,16.67,0.81,40.0,32,26,2286,0.12,0.03,0.72,0.59,13.09,0.78,6.94,54.68,2.53,47.37,4.41,60.0
260,1155625,Serie A,Sassuolo,Cristian Volpato,Midfielder,6.76,0.09,0.07,0.09,0.91,0.3,0.3,9.52,1.0,43.4,0.0,0.09,0.0,0.09,0.0,0.09,0.0,0.0,0.0,0.0,0.0,0.0,0.0,0.0,0.7,0.22,0.43,0.04,0.3,0.0,0.0,0.0,0.0,0.0,0.26,0.17,0.0,1.0,17.39,13.87,3.52,79.75,5.74,8.13,5.0,0.65,31.25,0.78,56.25,23,11,1076,0.17,0.0,0.78,0.48,8.91,1.0,2.39,38.73,2.17,39.06,0.22,35.71
261,1002564,Serie A,Cremonese,Mikayil Faye,Defender,6.76,0.0,0.0,0.0,0.25,0.0,0.0,0.0,0.38,100.0,0.0,0.0,0.0,0.0,0.0,0.0,0.0,0.0,0.0,0.0,0.0,0.0,0.0,0.0,0.88,0.75,0.88,0.25,0.25,0.0,0.0,0.0,0.0,0.0,0.12,0.0,0.0,0.12,15.5,12.12,3.38,78.23,7.25,4.88,1.38,0.0,0.0,1.0,50.0,8,2,250,0.12,0.0,0.25,0.5,4.62,0.12,2.12,58.62,1.75,73.68,0.38,30.0
262,14718,Serie A,Bologna,Lorenzo De Silvestri,Defender,6.76,0.0,0.0,0.0,0.0,0.0,0.0,0.0,0.09,100.0,0.0,0.0,0.0,0.0,0.0,0.0,0.0,0.0,0.0,0.0,0.0,0.0,0.0,0.0,0.18,0.55,2.18,0.27,0.09,0.0,0.0,0.0,0.0,0.0,0.0,0.0,0.0,0.45,14.82,12.64,2.18,85.28,8.09,4.55,1.82,0.27,60.0,0.91,62.5,11,5,437,0.18,0.0,0.64,0.27,3.45,0.09,1.18,52.0,0.55,40.0,0.64,70.0
263,1030829,Serie A,Torino,Gvidas Gineitis,Midfielder,6.75,0.0,0.03,0.0,0.93,0.18,0.43,0.0,0.61,58.62,0.0,0.0,0.0,0.0,0.0,0.0,0.04,0.0,0.0,0.0,0.0,0.0,0.14,0.0,1.5,0.79,0.96,0.36,0.36,0.07,0.0,0.0,0.0,0.04,0.18,0.04,0.0,0.93,20.0,15.25,4.75,76.25,6.75,8.5,4.43,0.79,34.92,0.82,37.7,28,22,1718,0.18,0.0,1.5,1.14,8.89,0.46,4.18,53.92,3.21,54.88,0.96,50.94
264,911350,Serie A,Lecce,Lameck Banda,Midfielder,6.75,0.13,0.07,0.03,1.13,0.39,0.29,11.43,1.03,38.55,0.1,0.03,0.0,0.03,0.1,0.0,0.1,0.0,0.0,0.0,0.0,0.03,0.1,33.33,0.87,0.23,0.42,0.0,0.55,0.0,0.0,0.0,0.0,0.0,0.19,0.13,0.0,0.74,10.9,8.74,2.16,80.18,2.35,6.39,3.84,0.45,16.28,0.19,50.0,31,20,1695,0.19,0.03,1.39,1.55,9.97,1.16,3.81,41.99,3.45,42.63,0.35,36.67
265,803033,Serie A,Juventus,Teun Koopmeiners,Midfielder,6.75,0.0,0.05,0.06,0.88,0.22,0.28,0.0,0.16,55.56,0.0,0.0,0.0,0.0,0.0,0.03,0.09,0.0,0.0,0.0,0.0,0.0,0.16,0.0,1.03,0.56,1.22,0.22,0.5,0.0,0.06,0.0,0.0,0.09,0.0,0.0,0.0,0.53,36.06,32.78,3.28,90.9,14.97,17.81,8.0,0.38,26.09,1.28,57.75,32,18,1809,0.16,0.0,1.03,0.34,5.44,0.09,2.5,50.96,1.5,47.06,1.0,58.18
266,805078,Serie A,SSC Napoli,Mathías Olivera,Defender,6.75,0.0,0.06,0.08,0.33,0.12,0.21,0.0,0.08,40.0,0.0,0.0,0.0,0.0,0.0,0.0,0.0,0.0,0.0,0.0,0.0,0.0,0.0,0.0,1.75,0.58,0.79,0.17,0.25,0.0,0.04,0.0,0.0,0.08,0.0,0.0,0.0,0.42,44.08,40.0,4.08,90.74,22.21,17.79,8.0,0.08,33.33,0.83,44.44,24,14,1324,0.12,0.0,0.67,0.38,5.33,0.25,3.58,62.32,2.21,63.86,1.38,60.0
267,215246,Serie A,Cremonese,Franco Vázquez,Forward,6.75,0.07,0.09,0.0,0.8,0.27,0.4,8.33,0.33,41.67,0.07,0.0,0.0,0.0,0.07,0.13,0.0,0.0,0.0,0.0,0.0,0.0,0.07,0.0,1.27,0.27,0.4,0.07,0.47,0.0,0.0,0.0,0.0,0.07,0.27,0.13,0.0,0.67,13.2,10.33,2.87,78.28,3.6,6.73,3.67,0.33,26.32,0.67,71.43,15,4,529,0.07,0.0,0.6,1.07,6.47,1.13,3.2,46.15,2.67,50.63,0.53,32.0
268,1086223,Serie A,Inter,Ange-Yoan Bonny,Forward,6.75,0.16,0.12,0.09,0.69,0.28,0.25,22.73,0.62,51.28,0.16,0.0,0.03,0.03,0.09,0.0,0.28,0.03,0.0,0.0,0.0,0.0,0.0,0.0,0.53,0.03,0.16,0.0,0.09,0.0,0.0,0.03,0.0,0.0,0.22,0.12,0.0,0.53,8.19,6.47,1.72,79.01,1.66,4.81,3.19,0.06,33.33,0.16,83.33,32,10,1119,0.03,0.0,0.5,0.72,4.88,1.28,2.22,42.26,1.88,43.17,0.34,37.93
269,824200,Serie A,Atalanta,Ademola Lookman,Forward,6.75,0.17,0.22,0.42,2.25,0.67,0.42,7.41,1.33,53.33,0.17,0.0,0.0,0.08,0.08,0.0,0.33,0.0,0.0,0.0,0.0,0.0,0.0,0.0,0.42,0.25,0.0,0.0,0.17,0.0,0.0,0.0,0.0,0.0,0.33,0.0,0.08,1.5,20.0,15.92,4.08,79.58,3.92,12.0,7.58,0.5,30.0,0.33,66.67,12,9,797,0.0,0.0,0.83,0.67,9.25,0.92,2.58,44.29,2.33,43.75,0.25,50.0
270,914691,Serie A,Fiorentina,Tariq Lamptey,Defender,6.75,0.0,0.0,0.0,0.0,0.0,0.0,0.0,0.0,0.0,0.0,0.0,0.0,0.0,0.0,0.0,0.0,0.0,0.0,0.0,0.0,0.0,0.0,0.0,1.0,0.0,0.0,0.0,0.0,0.0,0.0,0.0,0.0,0.0,0.0,0.0,0.0,1.0,5.0,3.5,1.5,70.0,2.5,1.0,0.5,0.5,100.0,0.0,0.0,2,1,32,0.0,0.0,0.0,0.0,3.0,0.0,1.0,66.67,1.0,100.0,0.0,0.0
271,352736,Serie A,Cremonese,Sebastiano Luperto,Defender,6.75,0.03,0.02,0.03,0.33,0.15,0.09,9.09,0.15,100.0,0.03,0.0,0.03,0.0,0.0,0.0,0.03,0.0,0.0,0.0,0.0,0.0,0.0,0.0,1.06,0.91,4.67,0.58,0.27,0.0,0.0,0.0,0.0,0.24,0.12,0.03,0.0,0.18,48.48,42.85,5.64,88.38,33.06,9.79,2.88,0.06,18.18,2.0,40.74,33,33,2927,0.12,0.0,0.94,0.85,6.64,0.15,2.94,53.3,2.03,59.82,0.91,42.86
272,874812,Serie A,Hellas Verona,Martin Frese,Defender,6.75,0.07,0.06,0.03,0.7,0.37,0.23,9.52,0.0,0.0,0.03,0.03,0.0,0.03,0.03,0.03,0.13,0.0,0.0,0.0,0.0,0.0,0.1,0.0,2.67,0.93,2.77,0.33,0.73,0.0,0.03,0.0,0.03,0.07,0.13,0.0,0.03,1.03,23.43,17.6,5.83,75.11,9.6,8.0,4.13,0.63,26.76,1.03,32.63,30,26,2342,0.27,0.0,1.53,0.67,11.6,0.1,4.63,58.9,3.33,57.14,1.3,63.93
273,1142238,Serie A,Como,Álex Valle,Defender,6.75,0.04,0.04,0.0,0.39,0.07,0.18,9.09,0.18,26.32,0.04,0.0,0.0,0.0,0.04,0.0,0.04,0.0,0.0,0.0,0.0,0.0,0.0,0.0,1.82,0.82,1.86,0.25,0.82,0.0,0.0,0.0,0.0,0.36,0.11,0.14,0.0,0.5,36.18,30.57,5.61,84.5,13.86,16.71,7.07,0.39,23.91,0.79,35.48,28,23,2025,0.11,0.0,1.21,0.68,9.25,0.25,3.32,50.54,2.68,50.0,0.64,52.94
274,876259,Serie A,Parma,Hans Nicolussi Caviglia,Midfielder,6.74,0.0,0.03,0.0,0.68,0.08,0.2,0.0,0.44,52.38,0.0,0.0,0.0,0.0,0.0,0.0,0.0,0.0,0.0,0.0,0.0,0.0,0.12,0.0,1.0,0.24,1.0,0.12,0.52,0.0,0.04,0.0,0.0,0.0,0.16,0.16,0.0,0.68,28.96,24.4,4.56,84.25,12.0,12.4,4.76,0.52,25.49,1.52,53.52,25,16,1384,0.16,0.0,0.88,0.92,8.36,1.08,2.76,46.0,2.36,45.74,0.4,47.62
275,186845,Serie A,Cremonese,Alberto Grassi,Midfielder,6.74,0.0,0.04,0.03,0.45,0.14,0.21,0.0,0.28,88.89,0.0,0.0,0.0,0.0,0.0,0.0,0.0,0.0,0.0,0.0,0.0,0.0,0.0,0.0,0.76,1.03,1.9,0.31,0.38,0.0,0.07,0.07,0.0,0.14,0.0,0.0,0.03,0.28,28.79,24.55,4.24,85.27,14.17,10.38,3.38,0.0,0.0,1.1,36.78,29,17,1683,0.14,0.0,0.55,0.97,5.14,0.28,2.52,60.83,1.97,61.96,0.55,57.14
276,98212,Serie A,Bologna,Charalampos Lykogiannis,Defender,6.74,0.0,0.02,0.0,0.7,0.2,0.2,0.0,0.3,60.0,0.0,0.0,0.0,0.0,0.0,0.0,0.0,0.0,0.0,0.0,0.0,0.0,0.1,0.0,1.4,0.5,1.7,0.3,0.3,0.0,0.0,0.0,0.0,0.1,0.1,0.1,0.0,1.3,29.6,22.8,6.8,77.03,10.6,12.2,6.0,1.4,31.11,1.3,28.89,10,7,627,0.3,0.0,0.8,0.1,13.8,0.4,2.5,50.0,1.8,52.94,0.7,43.75
277,1034303,Serie A,Cremonese,Filippo Terracciano,Defender,6.74,0.06,0.05,0.06,0.4,0.11,0.14,14.29,0.14,41.67,0.06,0.0,0.06,0.0,0.0,0.0,0.0,0.0,0.0,0.0,0.0,0.0,0.0,0.0,0.94,1.54,3.29,0.66,0.23,0.03,0.11,0.0,0.06,0.31,0.03,0.0,0.0,0.31,43.8,37.8,6.0,86.3,23.46,14.34,5.26,0.09,10.71,2.03,47.33,35,32,2929,0.17,0.0,0.49,0.71,8.97,0.09,3.0,61.76,1.77,64.58,1.23,58.11
278,928103,Serie A,Parma,Enrico Delprato,Defender,6.74,0.06,0.06,0.11,0.51,0.26,0.17,11.11,0.14,55.56,0.06,0.0,0.03,0.0,0.03,0.0,0.17,0.0,0.0,0.0,0.0,0.0,0.0,0.0,1.03,0.69,3.11,0.63,0.49,0.0,0.0,0.0,0.0,0.26,0.03,0.0,0.0,0.2,31.94,27.51,4.43,86.14,17.14,10.37,4.03,0.14,26.32,1.34,36.72,35,34,2953,0.14,0.0,0.46,0.29,6.86,0.11,2.43,52.8,1.46,56.04,0.97,48.57
279,1384847,Serie A,AS Roma,Daniele Ghilardi,Defender,6.74,0.0,0.01,0.05,0.09,0.0,0.05,0.0,0.14,60.0,0.0,0.0,0.0,0.0,0.0,0.0,0.0,0.0,0.0,0.0,0.0,0.0,0.0,0.0,1.18,0.86,2.45,0.23,0.55,0.0,0.05,0.0,0.0,0.18,0.0,0.0,0.05,0.18,25.32,21.45,3.86,84.74,10.86,10.59,3.77,0.0,0.0,1.5,47.83,22,8,1044,0.05,0.0,1.05,0.77,4.95,0.27,3.23,54.62,2.09,52.87,1.14,58.14
280,846148,Serie A,Hellas Verona,Victor Nelsson,Defender,6.74,0.0,0.01,0.03,0.22,0.03,0.16,0.0,0.08,100.0,0.0,0.0,0.0,0.0,0.0,0.0,0.0,0.0,0.0,0.0,0.0,0.0,0.0,0.0,1.95,1.78,6.89,0.62,0.54,0.03,0.05,0.03,0.03,0.16,0.0,0.0,0.0,0.08,32.68,27.59,5.08,84.45,18.92,8.68,2.0,0.0,0.0,1.08,32.0,37,36,3225,0.11,0.0,1.19,0.54,5.95,0.0,5.89,64.69,2.51,60.39,3.38,68.31
281,76132,Serie A,Cremonese,Milan Đurić,Forward,6.74,0.0,0.04,0.0,0.65,0.22,0.3,0.0,0.04,33.33,0.0,0.0,0.0,0.0,0.0,0.0,0.09,0.0,0.0,0.0,0.0,0.0,0.0,0.0,0.04,0.0,0.43,0.0,0.04,0.0,0.0,0.0,0.0,0.0,0.09,0.04,0.0,0.22,6.91,3.22,3.7,46.54,0.65,2.57,1.61,0.0,0.0,0.13,60.0,23,3,495,0.09,0.0,0.26,0.39,4.48,0.09,3.65,71.79,0.43,47.62,3.22,77.08
282,1002045,Serie A,Lecce,Danilo Veiga,Defender,6.74,0.0,0.01,0.0,0.17,0.06,0.09,0.0,0.54,31.15,0.0,0.0,0.0,0.0,0.0,0.0,0.03,0.0,0.0,0.0,0.0,0.0,0.03,0.0,2.71,0.89,3.8,0.4,0.54,0.03,0.09,0.0,0.0,0.23,0.03,0.03,0.0,0.57,27.8,19.57,8.23,70.4,8.31,11.26,6.14,0.46,18.6,1.51,37.59,35,32,2932,0.26,0.0,1.23,1.31,16.2,0.86,5.97,53.59,4.57,54.79,1.4,50.0
283,1116577,Serie A,Bologna,Santiago Castro,Forward,6.74,0.21,0.2,0.24,1.76,0.59,0.82,11.67,0.44,44.12,0.21,0.0,0.0,0.06,0.15,0.06,0.29,0.06,0.0,0.0,0.0,0.0,0.0,0.0,0.26,0.03,0.82,0.06,0.12,0.0,0.0,0.0,0.0,0.06,0.12,0.06,0.0,0.82,10.97,8.35,2.62,76.14,3.03,5.32,3.12,0.0,0.0,0.74,73.53,34,25,2276,0.09,0.0,1.0,1.47,7.12,1.26,3.68,44.01,2.18,44.05,1.5,43.97
284,976025,Serie A,Hellas Verona,Armel Bella-Kotchap,Defender,6.74,0.0,0.01,0.0,0.17,0.0,0.11,0.0,0.06,25.0,0.0,0.0,0.0,0.0,0.0,0.0,0.0,0.0,0.0,0.0,0.0,0.0,0.0,0.0,1.06,1.78,4.67,0.83,0.22,0.06,0.0,0.06,0.0,0.06,0.0,0.0,0.0,0.06,30.33,25.56,4.78,84.25,18.0,7.56,2.22,0.0,0.0,1.28,37.7,18,14,1323,0.17,0.0,1.22,0.89,5.5,0.06,4.06,66.97,1.94,55.56,2.11,82.61
285,988037,Serie A,Juventus,Juan Cabal,Defender,6.74,0.17,0.07,0.0,0.42,0.17,0.17,40.0,0.08,100.0,0.17,0.0,0.08,0.08,0.0,0.0,0.17,0.0,0.0,0.0,0.0,0.0,0.0,0.0,0.75,0.33,0.5,0.0,0.42,0.0,0.0,0.0,0.0,0.0,0.17,0.0,0.0,0.17,11.17,9.0,2.17,80.6,4.17,4.83,2.33,0.0,0.0,0.25,27.27,12,2,296,0.08,0.0,0.33,0.08,3.75,0.33,1.25,42.86,0.92,45.83,0.33,36.36
286,1409700,Serie A,Milan,Zachary Athekame,Defender,6.73,0.08,0.01,0.0,0.46,0.15,0.19,16.67,0.15,36.36,0.0,0.08,0.0,0.04,0.04,0.0,0.08,0.0,0.0,0.0,0.0,0.0,0.0,0.0,0.5,0.12,0.81,0.0,0.19,0.0,0.08,0.0,0.0,0.0,0.15,0.08,0.0,0.46,13.15,10.54,2.62,80.12,4.27,6.27,3.19,0.46,27.27,0.42,34.38,26,7,822,0.12,0.0,0.62,0.42,5.12,0.19,1.46,51.35,1.08,49.12,0.38,58.82
287,886243,Serie A,Sassuolo,Sebastian Walukiewicz,Defender,6.73,0.0,0.01,0.0,0.21,0.0,0.12,0.0,0.62,58.33,0.0,0.0,0.0,0.0,0.0,0.0,0.03,0.0,0.0,0.0,0.0,0.0,0.0,0.0,1.47,0.74,3.18,0.29,0.35,0.0,0.03,0.0,0.0,0.18,0.06,0.03,0.0,0.62,36.41,31.15,5.26,85.54,18.74,12.41,5.5,0.56,41.3,1.26,47.78,34,33,2855,0.21,0.0,1.03,0.38,8.68,0.35,3.24,51.64,2.47,53.16,0.76,47.27
288,1138856,Serie A,Udinese,Adam Buksa,Forward,6.73,0.12,0.09,0.08,0.5,0.25,0.08,25.0,0.08,20.0,0.12,0.0,0.0,0.12,0.0,0.0,0.12,0.0,0.0,0.0,0.0,0.0,0.0,0.0,0.42,0.08,0.5,0.0,0.25,0.0,0.0,0.0,0.0,0.0,0.08,0.0,0.0,0.46,7.38,4.5,2.88,61.02,1.04,3.46,1.79,0.04,50.0,0.12,75.0,24,6,895,0.08,0.0,0.96,0.67,5.04,0.46,3.29,47.88,1.08,37.68,2.21,55.21
289,1530540,Serie A,Bologna,Massimo Pessina,Goalkeeper,6.73,0.0,0.0,0.0,0.0,0.0,0.0,0.0,0.0,0.0,0.0,0.0,0.0,0.0,0.0,0.0,0.0,0.0,0.0,0.0,0.0,0.0,0.0,0.0,0.0,0.0,2.5,0.0,0.0,0.0,0.25,0.0,0.0,0.5,0.0,0.0,0.0,0.0,34.0,22.5,11.5,66.18,20.0,2.5,0.5,0.0,0.0,4.75,30.16,4,3,352,0.0,0.0,0.0,0.25,11.5,0.0,0.5,100.0,0.25,100.0,0.25,100.0
290,769333,Serie A,Milan,Christopher Nkunku,Forward,6.73,0.23,0.3,0.23,0.9,0.48,0.26,25.0,0.26,32.0,0.23,0.0,0.0,0.0,0.23,0.06,0.26,0.13,0.16,0.16,100.0,0.0,0.0,0.0,0.16,0.06,0.23,0.03,0.1,0.0,0.0,0.0,0.0,0.03,0.1,0.1,0.0,0.48,10.55,9.39,1.16,88.99,2.68,6.71,4.03,0.19,37.5,0.26,80.0,31,14,1316,0.0,0.0,0.29,0.68,3.48,0.32,1.52,42.34,1.1,47.89,0.42,32.5
291,979479,Serie A,Cagliari,Gennaro Borrelli,Forward,6.73,0.15,0.1,0.12,0.96,0.31,0.35,16.0,0.23,40.0,0.15,0.0,0.08,0.0,0.08,0.0,0.19,0.0,0.0,0.0,0.0,0.0,0.0,0.0,0.58,0.12,0.65,0.08,0.23,0.0,0.0,0.0,0.0,0.0,0.04,0.04,0.0,0.46,8.27,5.81,2.46,70.23,2.04,3.77,2.04,0.0,0.0,0.27,70.0,26,12,1199,0.15,0.0,1.69,1.81,5.81,0.88,4.54,50.0,2.54,46.81,2.0,54.74
292,1175821,Serie A,AS Roma,Niccolò Pisilli,Midfielder,6.73,0.08,0.07,0.04,0.75,0.21,0.29,11.11,0.33,30.77,0.08,0.0,0.04,0.0,0.04,0.0,0.08,0.0,0.0,0.0,0.0,0.0,0.0,0.0,1.12,1.0,0.62,0.04,0.62,0.0,0.0,0.0,0.0,0.25,0.12,0.17,0.0,0.54,31.71,27.29,4.42,86.07,10.5,16.79,7.33,0.21,33.33,0.83,35.71,24,12,1250,0.12,0.0,0.75,0.17,7.62,0.83,2.17,35.37,1.62,35.45,0.54,35.14
293,800408,Serie A,Hellas Verona,Suat Serdar,Midfielder,6.73,0.1,0.11,0.15,0.95,0.35,0.3,10.53,0.45,52.94,0.1,0.0,0.0,0.0,0.1,0.05,0.05,0.0,0.0,0.0,0.0,0.0,0.0,0.0,1.55,0.45,0.8,0.25,0.45,0.0,0.0,0.05,0.0,0.05,0.1,0.0,0.0,0.65,19.75,14.2,5.55,71.9,5.4,8.8,5.85,0.05,14.29,1.25,44.64,20,12,1116,0.15,0.0,0.95,0.6,7.85,0.65,3.0,49.18,2.6,52.0,0.4,36.36
294,1154894,Serie A,Udinese,Lennon Miller,Midfielder,6.72,0.0,0.02,0.0,0.39,0.04,0.26,0.0,0.35,61.54,0.0,0.0,0.0,0.0,0.0,0.0,0.04,0.0,0.0,0.0,0.0,0.0,0.0,0.0,0.83,0.26,0.78,0.13,0.3,0.0,0.0,0.0,0.0,0.0,0.13,0.09,0.0,0.48,15.26,11.83,3.43,77.49,5.57,6.26,3.26,0.22,17.86,0.61,43.75,23,8,928,0.13,0.0,0.57,0.7,6.17,0.39,2.57,59.0,1.87,56.58,0.7,66.67
295,838232,Serie A,SSC Napoli,Eljif Elmas,Midfielder,6.72,0.03,0.09,0.12,0.78,0.28,0.22,4.0,0.38,57.14,0.03,0.0,0.0,0.0,0.03,0.03,0.03,0.0,0.0,0.0,0.0,0.0,0.0,0.0,0.75,0.22,0.59,0.16,0.19,0.0,0.0,0.0,0.0,0.0,0.03,0.09,0.0,0.72,22.97,20.44,2.53,88.98,8.5,11.94,5.56,0.34,26.83,0.34,61.11,32,19,1698,0.09,0.0,0.56,0.41,4.81,0.44,1.59,48.11,1.53,51.58,0.06,18.18
296,975811,Serie A,Cagliari,Mattia Felici,Forward,6.72,0.18,0.06,0.09,0.82,0.55,0.09,22.22,0.64,36.84,0.18,0.0,0.0,0.0,0.18,0.0,0.0,0.0,0.0,0.0,0.0,0.0,0.0,0.0,1.0,0.45,0.18,0.0,0.27,0.0,0.0,0.0,0.0,0.0,0.09,0.09,0.0,0.73,9.55,6.45,3.09,67.62,2.64,3.82,2.09,0.55,26.09,0.09,33.33,11,4,408,0.27,0.0,0.91,0.55,7.82,0.73,2.27,40.98,2.18,42.86,0.09,20.0
297,575852,Serie A,Hellas Verona,Sandi Lovrić,Midfielder,6.72,0.0,0.04,0.08,0.46,0.15,0.31,0.0,0.38,62.5,0.0,0.0,0.0,0.0,0.0,0.0,0.0,0.0,0.0,0.0,0.0,0.0,0.0,0.0,1.31,0.69,0.85,0.0,0.69,0.08,0.0,0.0,0.0,0.0,0.23,0.08,0.0,0.85,16.31,14.31,2.0,87.74,6.31,8.0,3.62,1.23,36.36,1.15,62.5,13,3,477,0.08,0.0,0.46,0.31,5.77,0.62,2.15,48.28,2.0,50.0,0.15,33.33
298,1019442,Serie A,Atalanta,Kamaldeen Sulemana,Forward,6.72,0.08,0.09,0.12,0.92,0.38,0.29,9.09,0.83,43.48,0.08,0.0,0.0,0.08,0.0,0.0,0.21,0.0,0.0,0.0,0.0,0.0,0.0,0.0,0.38,0.08,0.33,0.04,0.25,0.0,0.0,0.0,0.0,0.0,0.08,0.04,0.0,0.46,12.62,10.58,2.04,83.83,2.96,7.62,5.12,0.17,19.05,0.58,70.0,24,8,926,0.12,0.0,0.42,0.58,5.83,0.67,2.29,44.0,1.79,42.57,0.5,50.0
299,907152,Serie A,Bologna,Lewis Ferguson,Midfielder,6.72,0.04,0.02,0.0,0.46,0.08,0.15,8.33,0.12,42.86,0.0,0.04,0.0,0.0,0.04,0.0,0.08,0.0,0.0,0.0,0.0,0.0,0.0,0.0,0.96,0.42,1.0,0.31,0.23,0.0,0.04,0.04,0.0,0.12,0.04,0.0,0.0,0.58,38.19,33.35,4.85,87.31,15.85,17.5,7.35,0.31,32.0,1.85,66.67,26,16,1518,0.19,0.04,1.23,0.92,6.31,0.23,3.12,52.26,1.92,52.63,1.19,51.67
300,933264,Serie A,Bologna,Torbjørn Heggem,Defender,6.72,0.0,0.04,0.04,0.42,0.08,0.23,0.0,0.31,80.0,0.0,0.0,0.0,0.0,0.0,0.0,0.0,0.0,0.0,0.0,0.0,0.0,0.0,0.0,1.23,0.92,3.92,0.31,0.35,0.04,0.08,0.0,0.0,0.23,0.0,0.0,0.0,0.12,45.65,41.92,3.73,91.83,31.46,10.46,2.31,0.0,0.0,3.23,66.14,26,23,2104,0.0,0.04,1.19,0.46,4.65,0.23,3.42,49.44,2.0,53.06,1.42,45.12
301,805465,Serie A,Milan,Pervis Estupiñán,Midfielder,6.72,0.05,0.02,0.0,0.47,0.05,0.42,11.11,0.11,28.57,0.05,0.0,0.0,0.05,0.0,0.05,0.26,0.0,0.0,0.0,0.0,0.0,0.0,0.0,0.79,0.58,1.21,0.0,0.63,0.0,0.21,0.05,0.0,0.26,0.11,0.05,0.0,0.68,27.74,24.05,3.68,86.72,11.47,12.58,6.63,0.42,40.0,0.37,46.67,19,13,1046,0.26,0.05,0.84,0.42,6.79,0.21,1.74,42.86,1.32,40.32,0.42,53.33
302,993389,Serie A,Cremonese,Tommaso Barbieri,Midfielder,6.72,0.0,0.03,0.04,0.5,0.07,0.21,0.0,0.57,48.48,0.0,0.0,0.0,0.0,0.0,0.0,0.04,0.0,0.0,0.0,0.0,0.0,0.0,0.0,1.61,0.46,1.11,0.29,0.82,0.0,0.0,0.0,0.0,0.11,0.07,0.04,0.0,0.36,19.04,13.96,5.07,73.36,6.32,7.64,4.11,0.32,11.54,1.32,44.58,28,18,1703,0.29,0.0,1.43,0.93,10.68,0.36,4.0,48.48,3.07,49.43,0.93,45.61
303,983816,Serie A,Cremonese,Jeremy Sarmiento,Midfielder,6.72,0.0,0.01,0.0,0.29,0.29,0.0,0.0,0.71,62.5,0.0,0.0,0.0,0.0,0.0,0.0,0.0,0.0,0.0,0.0,0.0,0.0,0.0,0.0,0.86,0.29,0.14,0.0,0.14,0.0,0.0,0.0,0.0,0.0,0.0,0.0,0.0,0.43,8.29,7.57,0.71,91.38,2.57,5.0,3.0,0.14,50.0,0.29,66.67,7,0,143,0.0,0.0,0.0,0.14,3.43,0.71,1.71,57.14,1.71,57.14,0.0,0.0
304,355486,Serie A,Como,Stefan Posch,Defender,6.71,0.07,0.06,0.0,0.57,0.21,0.29,12.5,0.07,100.0,0.07,0.0,0.07,0.0,0.0,0.0,0.0,0.0,0.0,0.0,0.0,0.0,0.0,0.0,0.86,0.29,1.07,0.07,0.14,0.0,0.0,0.0,0.0,0.0,0.0,0.0,0.0,0.14,17.29,14.0,3.29,80.99,7.57,6.43,3.07,0.21,27.27,0.64,32.14,14,3,406,0.07,0.0,0.64,0.43,5.0,0.29,1.93,50.94,1.36,55.88,0.57,42.11
305,1153083,Serie A,Genoa,Valentín Carboni,Midfielder,6.71,0.0,0.04,0.0,0.5,0.17,0.17,0.0,0.83,52.63,0.0,0.0,0.0,0.0,0.0,0.0,0.0,0.0,0.0,0.0,0.0,0.0,0.0,0.0,1.17,0.17,0.5,0.0,0.33,0.0,0.0,0.08,0.0,0.0,0.0,0.0,0.0,0.33,10.92,9.0,1.92,82.44,2.83,6.17,3.17,0.0,0.0,0.33,66.67,12,3,360,0.17,0.0,0.92,0.42,6.33,0.75,2.67,46.38,2.42,47.54,0.25,37.5
306,798147,Serie A,Como,Mërgim Vojvoda,Defender,6.71,0.07,0.05,0.07,0.62,0.24,0.31,11.11,0.45,61.9,0.07,0.0,0.0,0.03,0.03,0.03,0.17,0.0,0.0,0.0,0.0,0.0,0.0,0.0,0.45,0.48,0.79,0.07,0.38,0.03,0.03,0.0,0.0,0.1,0.14,0.07,0.0,1.0,25.76,21.62,4.14,83.94,9.48,12.14,6.28,0.66,29.23,0.69,52.63,29,19,1589,0.07,0.0,0.52,0.41,7.76,0.69,1.66,41.74,1.31,41.3,0.34,43.48
307,1128530,Serie A,AS Roma,Neil El Aynaoui,Midfielder,6.71,0.04,0.05,0.0,0.25,0.17,0.08,16.67,0.38,52.94,0.04,0.0,0.0,0.0,0.04,0.0,0.08,0.0,0.0,0.0,0.0,0.0,0.0,0.0,0.75,0.71,0.42,0.08,0.25,0.0,0.08,0.0,0.0,0.12,0.08,0.08,0.0,0.5,23.04,20.58,2.46,89.33,10.33,10.25,4.08,0.25,37.5,0.58,66.67,24,8,950,0.21,0.0,0.96,0.42,4.12,0.21,2.0,45.71,1.5,46.15,0.5,44.44
308,773409,Serie A,Torino,Che Adams,Forward,6.71,0.16,0.17,0.19,1.59,0.5,0.53,9.8,0.41,46.43,0.16,0.0,0.0,0.06,0.09,0.06,0.28,0.0,0.0,0.0,0.0,0.0,0.0,0.0,0.44,0.03,0.31,0.03,0.19,0.0,0.0,0.0,0.0,0.03,0.19,0.06,0.0,0.81,16.41,12.31,4.09,75.05,3.91,8.41,4.94,0.06,14.29,1.09,71.43,32,19,1862,0.0,0.0,0.56,0.47,7.09,0.53,2.25,40.91,1.31,44.21,0.94,37.04
309,1116570,Serie A,Hellas Verona,Nicolás Valentini,Defender,6.71,0.0,0.05,0.05,0.8,0.35,0.45,0.0,0.1,66.67,0.0,0.0,0.0,0.0,0.0,0.0,0.05,0.0,0.0,0.0,0.0,0.0,0.0,0.0,1.45,0.75,4.65,0.7,0.55,0.0,0.05,0.0,0.0,0.1,0.1,0.0,0.0,0.2,24.85,17.85,7.0,71.83,11.35,6.5,2.7,0.25,33.33,1.3,28.89,20,14,1356,0.3,0.0,1.3,0.35,8.5,0.1,4.4,57.14,1.85,50.0,2.55,63.75
310,1012172,Serie A,Genoa,Tommaso Baldanzi,Midfielder,6.71,0.06,0.11,0.0,1.11,0.39,0.44,5.0,0.28,31.25,0.06,0.0,0.0,0.0,0.06,0.0,0.11,0.0,0.0,0.0,0.0,0.0,0.0,0.0,0.89,0.28,0.06,0.0,0.28,0.0,0.0,0.0,0.0,0.0,0.06,0.11,0.0,0.83,19.28,16.94,2.33,87.9,6.06,10.89,6.28,0.28,31.25,0.44,53.33,18,8,791,0.11,0.0,0.56,1.33,6.0,1.06,2.56,47.92,2.5,51.14,0.06,12.5
311,1210995,Serie A,Pisa,Isak Vural,Midfielder,6.71,0.0,0.05,0.07,0.36,0.07,0.21,0.0,0.57,50.0,0.0,0.0,0.0,0.0,0.0,0.0,0.07,0.07,0.0,0.0,0.0,0.0,0.0,0.0,0.57,0.14,0.57,0.21,0.21,0.0,0.07,0.0,0.0,0.0,0.07,0.0,0.0,0.21,12.5,10.29,2.21,82.29,5.86,4.43,2.07,0.07,20.0,1.07,62.5,14,8,662,0.29,0.0,1.07,2.21,4.14,0.36,3.79,57.61,3.36,61.84,0.43,37.5
312,108484,Serie A,SSC Napoli,Juan Jesus,Defender,6.71,0.0,0.01,0.0,0.13,0.0,0.0,0.0,0.0,0.0,0.0,0.0,0.0,0.0,0.0,0.0,0.0,0.0,0.0,0.0,0.0,0.0,0.0,0.0,1.61,1.13,2.48,0.43,0.22,0.04,0.0,0.04,0.0,0.22,0.0,0.0,0.0,0.17,58.35,53.39,4.96,91.51,37.0,16.39,3.35,0.0,0.0,2.13,53.26,23,19,1639,0.35,0.04,1.7,0.09,5.57,0.09,3.09,47.33,1.7,45.88,1.39,49.23
313,804909,Serie A,Fiorentina,Albert Guðmundsson,Forward,6.71,0.16,0.17,0.16,1.28,0.47,0.41,12.2,0.59,50.0,0.12,0.03,0.0,0.03,0.12,0.06,0.19,0.03,0.09,0.09,100.0,0.0,0.06,0.0,0.25,0.06,0.38,0.09,0.72,0.0,0.06,0.0,0.0,0.06,0.22,0.12,0.0,0.97,25.12,21.78,3.34,86.69,8.0,13.78,7.88,0.38,21.82,0.94,69.77,32,26,2186,0.12,0.03,1.03,0.91,8.03,0.91,1.84,34.71,1.75,36.13,0.09,20.0
314,45925,Serie A,AS Roma,Stephan El Shaarawy,Forward,6.7,0.0,0.07,0.11,0.89,0.32,0.37,0.0,0.63,44.44,0.0,0.0,0.0,0.0,0.0,0.0,0.05,0.05,0.0,0.0,0.0,0.0,0.05,0.0,0.53,0.32,0.32,0.11,0.26,0.0,0.0,0.0,0.0,0.0,0.16,0.11,0.0,0.63,16.84,14.26,2.58,84.69,4.58,9.68,5.84,0.05,6.25,0.53,66.67,19,5,639,0.21,0.0,0.53,0.37,5.47,0.42,1.84,41.18,1.53,43.94,0.32,31.58
315,928879,Serie A,Sassuolo,Andrea Ghion,Midfielder,6.7,0.0,0.0,0.0,0.0,0.0,0.0,0.0,0.0,0.0,0.0,0.0,0.0,0.0,0.0,0.0,0.0,0.0,0.0,0.0,0.0,0.0,0.0,0.0,1.0,0.0,0.0,0.0,0.0,0.0,0.0,0.0,0.0,0.0,0.0,0.0,0.0,0.0,1.0,1.0,0.0,100.0,1.0,0.0,0.0,0.0,0.0,0.0,0.0,1,0,9,0.0,0.0,0.0,0.0,1.0,0.0,1.0,100.0,1.0,100.0,0.0,0.0
316,1114422,Serie A,Fiorentina,Cher Ndour,Midfielder,6.7,0.09,0.08,0.06,0.75,0.25,0.19,12.5,0.22,30.43,0.09,0.0,0.03,0.0,0.06,0.0,0.03,0.0,0.0,0.0,0.0,0.0,0.0,0.0,1.09,0.44,1.06,0.28,0.47,0.03,0.03,0.0,0.0,0.16,0.03,0.0,0.0,0.19,23.16,19.09,4.06,82.46,8.47,10.62,5.66,0.03,5.26,0.59,44.19,32,20,1862,0.06,0.0,0.81,0.72,6.19,0.38,3.03,46.19,2.03,49.24,1.0,41.03
317,825271,Serie A,Udinese,Jakub Piotrowski,Midfielder,6.7,0.03,0.08,0.09,1.12,0.28,0.41,2.78,0.41,44.83,0.03,0.0,0.0,0.03,0.0,0.03,0.06,0.0,0.0,0.0,0.0,0.0,0.09,0.0,1.41,0.53,1.06,0.25,0.41,0.0,0.03,0.03,0.0,0.06,0.03,0.03,0.0,0.34,16.88,13.91,2.97,82.41,5.81,8.09,3.91,0.0,0.0,0.56,48.65,32,19,1643,0.06,0.0,0.84,0.91,5.78,0.44,3.38,55.1,2.72,55.77,0.66,52.5
318,280991,Serie A,Cremonese,Morten Thorsby,Midfielder,6.7,0.13,0.1,0.04,0.91,0.35,0.39,14.29,0.13,100.0,0.13,0.0,0.04,0.04,0.04,0.0,0.3,0.0,0.0,0.0,0.0,0.0,0.0,0.0,0.91,0.22,1.3,0.26,0.39,0.0,0.0,0.0,0.0,0.04,0.13,0.04,0.0,0.39,18.57,13.0,5.57,70.02,4.43,8.57,4.17,0.09,40.0,0.3,43.75,23,15,1335,0.13,0.0,1.04,0.48,7.52,0.35,5.61,52.65,1.48,45.95,4.13,55.56
319,164511,Serie A,Hellas Verona,Jean Daniel Akpa-Akpro,Midfielder,6.7,0.05,0.05,0.05,0.62,0.19,0.14,7.69,0.95,60.61,0.05,0.0,0.0,0.0,0.05,0.05,0.0,0.0,0.0,0.0,0.0,0.0,0.0,0.0,1.86,0.95,1.14,0.33,0.62,0.0,0.05,0.0,0.0,0.05,0.0,0.0,0.0,0.48,17.0,12.67,4.33,74.51,5.43,7.24,3.1,0.14,16.67,0.29,42.86,21,16,1417,0.43,0.0,1.81,0.71,8.19,0.67,4.81,48.56,3.52,49.66,1.29,45.76
320,901325,Serie A,Juventus,Nicolás González,Midfielder,6.7,0.0,0.06,0.0,1.0,0.0,0.5,0.0,0.0,0.0,0.0,0.0,0.0,0.0,0.0,0.0,0.0,0.0,0.0,0.0,0.0,0.0,0.0,0.0,0.0,0.0,0.5,0.0,0.0,0.0,0.0,0.0,0.0,0.0,0.0,0.0,0.0,0.5,2.5,1.0,1.5,40.0,0.5,0.5,0.5,0.0,0.0,0.0,0.0,2,0,24,0.0,0.0,0.0,1.5,2.5,0.0,2.5,100.0,1.0,100.0,1.5,100.0
321,595572,Serie A,Genoa,Daniele Sommariva,Goalkeeper,6.7,0.0,0.0,0.0,0.0,0.0,0.0,0.0,0.0,0.0,0.0,0.0,0.0,0.0,0.0,0.0,0.0,0.0,0.0,0.0,0.0,0.0,0.0,0.0,0.0,0.0,1.5,0.0,0.0,0.5,0.0,0.0,0.0,0.0,0.0,0.0,0.0,0.0,45.0,24.5,20.5,54.44,14.5,10.0,3.0,0.0,0.0,12.5,38.46,2,1,175,0.0,0.0,0.0,0.5,20.5,0.0,0.5,100.0,0.5,100.0,0.0,0.0
322,970928,Serie A,Lazio,Daniel Maldini,Forward,6.7,0.1,0.15,0.1,1.05,0.3,0.4,9.52,0.7,43.75,0.1,0.0,0.0,0.0,0.1,0.0,0.15,0.0,0.0,0.0,0.0,0.0,0.1,0.0,0.7,0.15,0.2,0.05,0.05,0.0,0.0,0.0,0.0,0.0,0.1,0.05,0.0,0.55,15.1,12.25,2.85,81.13,3.6,8.65,5.1,0.15,27.27,0.25,55.56,20,12,937,0.05,0.0,0.9,1.3,7.1,1.05,3.1,46.62,2.7,50.0,0.4,32.0
323,1103488,Serie A,Hellas Verona,Rafik Belghali,Midfielder,6.7,0.08,0.08,0.08,0.8,0.24,0.28,10.0,1.56,56.52,0.08,0.0,0.0,0.04,0.04,0.0,0.24,0.0,0.0,0.0,0.0,0.0,0.0,0.0,0.8,0.68,0.88,0.24,0.48,0.0,0.0,0.0,0.0,0.08,0.08,0.0,0.0,1.08,19.0,14.6,4.4,76.84,4.8,9.8,6.04,0.64,27.12,0.6,37.5,25,21,1840,0.24,0.0,0.8,0.4,10.92,0.72,3.08,42.78,2.76,46.94,0.32,24.24
324,1099296,Serie A,Parma,Mateo Pellegrino,Forward,6.7,0.22,0.23,0.25,1.94,0.58,0.81,11.43,0.64,50.0,0.19,0.03,0.14,0.08,0.0,0.06,0.31,0.0,0.03,0.03,100.0,0.0,0.0,0.0,0.47,0.11,1.11,0.14,0.33,0.0,0.0,0.0,0.0,0.14,0.11,0.03,0.0,0.56,12.83,7.97,4.86,62.12,2.64,5.33,3.22,0.0,0.0,0.36,48.15,36,33,2901,0.14,0.0,2.31,1.86,10.97,1.81,6.22,42.59,2.94,38.41,3.28,47.2
325,173827,Serie A,Cremonese,Jamie Vardy,Forward,6.7,0.25,0.18,0.21,1.07,0.5,0.29,23.33,0.21,42.86,0.21,0.04,0.0,0.04,0.21,0.0,0.75,0.0,0.0,0.0,0.0,0.0,0.0,0.0,0.43,0.11,0.86,0.11,0.11,0.0,0.0,0.0,0.0,0.14,0.14,0.07,0.0,0.54,10.64,6.64,4.0,62.42,1.79,4.86,3.07,0.07,18.18,0.14,50.0,28,23,2017,0.14,0.0,0.64,0.68,6.86,0.79,3.0,40.98,1.32,42.53,1.68,39.83
326,856638,Serie A,Atalanta,Mitchel Bakker,Defender,6.7,0.0,0.0,0.0,0.0,0.0,0.0,0.0,0.0,0.0,0.0,0.0,0.0,0.0,0.0,0.0,0.0,0.0,0.0,0.0,0.0,0.0,0.0,0.0,0.0,0.0,0.0,0.0,0.0,0.0,0.0,0.0,0.0,0.0,0.0,0.0,0.0,0.0,7.0,7.0,0.0,100.0,2.0,5.0,1.0,0.0,0.0,0.0,0.0,1,0,8,0.0,0.0,0.0,0.0,0.0,0.0,0.0,0.0,0.0,0.0,0.0,0.0
327,1526308,Serie A,Genoa,Mamedi Doucoure,Defender,6.7,0.0,0.0,0.0,0.0,0.0,0.0,0.0,0.0,0.0,0.0,0.0,0.0,0.0,0.0,0.0,0.0,0.0,0.0,0.0,0.0,0.0,0.0,0.0,0.0,0.0,0.0,0.0,0.0,0.0,0.0,0.0,0.0,0.0,0.0,0.0,0.0,0.0,9.0,9.0,0.0,100.0,5.0,4.0,1.0,0.0,0.0,1.0,100.0,1,0,8,0.0,0.0,0.0,0.0,1.0,1.0,0.0,0.0,0.0,0.0,0.0,0.0
328,1424191,Serie A,Milan,David Odogu,Defender,6.7,0.0,0.0,0.0,0.0,0.0,0.0,0.0,0.0,0.0,0.0,0.0,0.0,0.0,0.0,0.0,0.0,0.0,0.0,0.0,0.0,0.0,0.0,0.0,0.0,0.0,0.5,0.0,0.0,0.0,0.0,0.0,0.0,0.0,0.0,0.0,0.0,0.0,1.0,0.5,0.5,50.0,0.5,0.0,0.0,0.0,0.0,0.0,0.0,2,0,9,0.0,0.0,0.0,0.0,0.5,0.0,0.5,100.0,0.0,0.0,0.5,100.0
329,1526934,Serie A,Fiorentina,Niccolò Fortini,Midfielder,6.69,0.0,0.02,0.0,0.5,0.12,0.19,0.0,0.5,42.11,0.0,0.0,0.0,0.0,0.0,0.0,0.0,0.0,0.0,0.0,0.0,0.0,0.0,0.0,1.38,0.25,0.5,0.12,0.5,0.0,0.06,0.0,0.0,0.0,0.06,0.0,0.0,0.25,13.12,11.5,1.62,87.62,5.44,6.06,3.62,0.31,17.24,0.69,57.89,16,2,546,0.0,0.0,0.31,1.12,5.69,0.31,3.25,59.77,2.94,61.84,0.31,45.45
330,1155571,Serie A,Udinese,Iker Bravo,Forward,6.69,0.12,0.03,0.0,0.5,0.12,0.0,25.0,0.12,50.0,0.12,0.0,0.0,0.0,0.12,0.0,0.0,0.0,0.0,0.0,0.0,0.0,0.0,0.0,0.12,0.0,0.0,0.0,0.25,0.0,0.0,0.0,0.0,0.0,0.0,0.0,0.0,0.38,5.5,4.5,1.0,81.82,1.62,2.88,1.75,0.0,0.0,0.38,100.0,8,3,216,0.12,0.0,0.38,0.12,3.25,0.75,0.5,19.05,0.38,20.0,0.12,16.67
331,887766,Serie A,Juventus,Edon Zhegrova,Forward,6.69,0.0,0.05,0.0,1.06,0.5,0.11,0.0,1.11,48.78,0.0,0.0,0.0,0.0,0.0,0.06,0.11,0.0,0.0,0.0,0.0,0.0,0.11,0.0,0.28,0.0,0.06,0.0,0.06,0.06,0.0,0.0,0.0,0.0,0.11,0.0,0.0,0.56,12.5,10.28,2.22,82.22,1.5,8.78,6.39,0.61,23.4,0.44,72.73,18,0,375,0.0,0.0,0.22,0.33,7.06,0.61,1.83,47.14,1.72,46.27,0.11,66.67
332,1618563,Serie A,AS Roma,Lorenzo Venturino,Forward,6.69,0.0,0.01,0.0,0.42,0.08,0.17,0.0,0.33,66.67,0.0,0.0,0.0,0.0,0.0,0.0,0.08,0.0,0.0,0.0,0.0,0.0,0.0,0.0,0.0,0.0,0.17,0.0,0.08,0.0,0.0,0.0,0.0,0.0,0.08,0.0,0.0,0.58,8.08,6.5,1.58,80.41,1.83,4.67,3.08,0.83,27.78,0.08,20.0,12,1,254,0.0,0.0,0.08,0.25,4.58,0.42,0.83,43.48,0.58,43.75,0.25,42.86
333,1424353,Serie A,Cremonese,Francesco Folino,Defender,6.69,0.06,0.01,0.0,0.11,0.06,0.06,50.0,0.0,0.0,0.06,0.0,0.06,0.0,0.0,0.0,0.0,0.0,0.0,0.0,0.0,0.0,0.0,0.0,0.44,0.17,2.89,0.5,0.33,0.0,0.06,0.0,0.0,0.0,0.0,0.0,0.0,0.06,17.28,13.94,3.33,80.71,10.39,3.56,1.5,0.0,0.0,1.44,42.62,18,7,738,0.0,0.0,0.61,0.5,4.61,0.11,1.83,54.1,0.94,44.74,0.89,69.57
334,184421,Serie A,Genoa,Stefano Sabelli,Defender,6.69,0.0,0.03,0.0,0.33,0.0,0.27,0.0,0.07,12.5,0.0,0.0,0.0,0.0,0.0,0.0,0.0,0.0,0.0,0.0,0.0,0.0,0.0,0.0,1.47,0.27,1.47,0.4,0.67,0.0,0.0,0.0,0.07,0.0,0.0,0.0,0.07,0.47,20.6,14.4,6.2,69.9,6.53,7.87,4.87,0.47,28.0,1.0,30.0,15,11,869,0.07,0.0,0.4,1.27,10.2,0.27,3.0,53.57,2.8,61.76,0.2,18.75
335,928800,Serie A,Fiorentina,Marco Brescianini,Midfielder,6.69,0.08,0.07,0.08,0.52,0.16,0.16,15.38,0.32,61.54,0.08,0.0,0.0,0.04,0.04,0.04,0.0,0.0,0.0,0.0,0.0,0.0,0.0,0.0,0.52,0.08,0.92,0.16,0.24,0.0,0.08,0.0,0.0,0.04,0.08,0.0,0.0,0.36,14.76,12.32,2.44,83.47,5.32,7.0,3.48,0.2,27.78,0.56,42.42,25,9,977,0.08,0.0,0.64,0.4,4.48,0.6,1.52,39.58,1.24,42.47,0.28,30.43
336,1136399,Serie A,Udinese,Nicolò Bertola,Defender,6.69,0.0,0.02,0.04,0.48,0.15,0.22,0.0,0.19,31.25,0.0,0.0,0.0,0.0,0.0,0.0,0.04,0.0,0.0,0.0,0.0,0.0,0.0,0.0,1.26,0.81,3.15,0.52,0.48,0.04,0.07,0.0,0.0,0.04,0.11,0.04,0.0,0.41,29.89,23.37,6.52,78.19,15.04,8.33,2.96,0.0,0.0,1.85,38.17,27,18,1749,0.11,0.0,0.7,0.44,8.67,0.22,3.19,55.48,1.89,52.58,1.3,60.34
337,797596,Serie A,Pisa,Marius Marin,Midfielder,6.69,0.0,0.01,0.0,0.13,0.0,0.04,0.0,0.04,20.0,0.0,0.0,0.0,0.0,0.0,0.0,0.0,0.0,0.0,0.0,0.0,0.0,0.0,0.0,1.96,0.57,1.0,0.17,0.91,0.0,0.04,0.0,0.0,0.0,0.0,0.0,0.0,0.09,19.43,15.0,4.43,77.18,7.43,7.57,4.04,0.04,5.56,1.48,48.57,23,18,1292,0.3,0.0,1.57,0.87,6.22,0.35,3.17,48.99,2.83,48.87,0.35,50.0
338,158615,Serie A,Lazio,Matías Vecino,Midfielder,6.69,0.0,0.03,0.0,0.54,0.0,0.31,0.0,0.0,0.0,0.0,0.0,0.0,0.0,0.0,0.0,0.0,0.0,0.0,0.0,0.0,0.0,0.0,0.0,0.77,0.54,1.31,0.23,0.31,0.0,0.08,0.0,0.0,0.08,0.08,0.08,0.0,0.23,28.38,25.15,3.23,88.62,12.23,12.92,4.85,0.0,0.0,0.46,40.0,13,5,605,0.08,0.0,0.62,0.23,4.46,0.23,1.92,43.86,0.92,41.38,1.0,46.43
339,1084846,Serie A,Torino,Franco Israel,Goalkeeper,6.68,0.0,0.0,0.0,0.0,0.0,0.0,0.0,0.0,0.0,0.0,0.0,0.0,0.0,0.0,0.0,0.0,0.0,0.0,0.0,0.0,0.0,0.0,0.0,0.0,0.0,1.11,0.0,0.0,0.0,0.11,0.0,0.0,0.33,0.0,0.0,0.0,0.0,32.22,18.89,13.33,58.62,13.11,5.78,1.0,0.0,0.0,6.89,34.25,9,9,810,0.11,0.0,0.0,0.33,13.33,0.0,0.67,85.71,0.33,100.0,0.33,75.0
340,3041,Serie A,Pisa,Raúl Albiol,Defender,6.68,0.0,0.01,0.0,0.12,0.0,0.0,0.0,0.0,0.0,0.0,0.0,0.0,0.0,0.0,0.0,0.0,0.0,0.0,0.0,0.0,0.0,0.0,0.0,0.88,0.75,7.5,0.75,0.25,0.0,0.0,0.0,0.0,0.12,0.12,0.12,0.0,0.38,31.62,27.25,4.38,86.17,18.62,8.62,2.12,0.12,100.0,4.0,59.26,8,5,502,0.12,0.0,0.75,0.25,4.88,0.12,2.0,48.48,1.12,50.0,0.88,46.67
341,267619,Serie A,Lazio,Adam Marušić,Defender,6.68,0.03,0.04,0.09,0.44,0.22,0.12,7.14,0.19,30.0,0.03,0.0,0.03,0.0,0.0,0.0,0.03,0.0,0.0,0.0,0.0,0.0,0.03,0.0,1.09,1.03,1.97,0.38,0.28,0.0,0.12,0.0,0.0,0.34,0.09,0.06,0.0,0.25,45.94,39.88,6.06,86.8,20.84,19.03,7.53,0.16,14.71,1.25,50.0,32,31,2693,0.03,0.03,0.69,0.53,9.0,0.28,2.75,50.87,1.78,52.78,0.97,47.69
342,835601,Serie A,Fiorentina,Moise Kean,Forward,6.68,0.31,0.58,0.69,3.77,1.04,1.85,8.16,0.96,41.67,0.27,0.04,0.0,0.04,0.27,0.12,1.15,0.0,0.08,0.08,100.0,0.0,0.0,0.0,0.23,0.27,0.62,0.04,0.15,0.0,0.0,0.0,0.0,0.08,0.0,0.04,0.0,0.12,8.19,5.92,2.27,72.3,2.04,3.88,2.38,0.0,0.0,0.04,33.33,26,23,2047,0.15,0.0,1.12,1.69,7.58,1.15,3.92,44.74,2.88,44.38,1.04,45.76
343,807301,Serie A,Atalanta,Gianluca Scamacca,Forward,6.68,0.43,0.29,0.22,2.48,0.96,1.17,17.54,0.57,56.52,0.43,0.0,0.09,0.0,0.35,0.13,0.35,0.0,0.09,0.09,100.0,0.0,0.17,0.0,0.35,0.13,0.65,0.09,0.17,0.04,0.0,0.0,0.0,0.04,0.04,0.04,0.0,0.74,13.7,9.61,4.09,70.16,2.43,7.17,4.87,0.0,0.0,0.35,72.73,23,16,1310,0.09,0.0,1.13,0.78,7.39,0.91,2.83,46.1,1.7,39.0,1.13,63.41
344,1165371,Serie A,Torino,Luca Marianucci,Defender,6.68,0.0,0.0,0.0,0.17,0.0,0.08,0.0,0.17,40.0,0.0,0.0,0.0,0.0,0.0,0.0,0.0,0.0,0.0,0.0,0.0,0.0,0.0,0.0,1.33,0.83,2.83,0.25,0.83,0.0,0.0,0.0,0.0,0.08,0.17,0.08,0.0,0.67,34.33,28.83,5.5,83.98,15.0,13.83,5.0,0.25,37.5,2.58,52.54,12,7,691,0.17,0.0,0.92,0.25,7.17,0.17,2.92,46.67,1.75,45.65,1.17,48.28
345,877371,Serie A,Torino,Ivan Ilić,Midfielder,6.68,0.0,0.0,0.0,0.0,0.0,0.0,0.0,0.25,66.67,0.0,0.0,0.0,0.0,0.0,0.0,0.0,0.0,0.0,0.0,0.0,0.0,0.0,0.0,1.0,0.75,1.38,0.0,0.5,0.0,0.0,0.0,0.0,0.0,0.12,0.0,0.0,1.0,23.75,19.5,4.25,82.11,11.0,8.5,5.12,0.12,50.0,0.75,46.15,8,5,415,0.25,0.0,1.12,0.5,6.25,1.0,2.12,37.78,1.62,38.24,0.5,36.36
346,1000263,Serie A,Genoa,Albert Grønbæk,Midfielder,6.68,0.0,0.01,0.0,0.25,0.25,0.0,0.0,0.5,33.33,0.0,0.0,0.0,0.0,0.0,0.0,0.0,0.0,0.0,0.0,0.0,0.0,0.25,0.0,1.0,0.0,0.5,0.0,0.0,0.0,0.0,0.0,0.0,0.0,0.0,0.0,0.0,0.5,4.25,3.25,1.0,76.47,1.0,2.25,1.5,0.0,0.0,0.0,0.0,4,1,107,0.25,0.0,0.25,0.25,4.5,0.25,2.0,57.14,1.75,58.33,0.25,50.0
347,1048889,Serie A,Inter,Andy Diouf,Midfielder,6.68,0.0,0.02,0.0,0.39,0.11,0.06,0.0,0.61,52.38,0.0,0.0,0.0,0.0,0.0,0.0,0.06,0.0,0.0,0.0,0.0,0.0,0.0,0.0,0.67,0.06,0.28,0.0,0.33,0.0,0.06,0.0,0.0,0.06,0.11,0.0,0.06,0.67,11.0,9.33,1.67,84.85,2.44,6.89,4.17,0.06,16.67,0.11,50.0,18,3,409,0.06,0.0,0.17,0.17,3.72,0.61,1.72,48.44,1.44,46.43,0.28,62.5
348,826186,Serie A,Lazio,Luca Pellegrini,Defender,6.68,0.04,0.02,0.04,0.26,0.17,0.09,16.67,0.43,41.67,0.04,0.0,0.0,0.04,0.0,0.0,0.0,0.0,0.0,0.0,0.0,0.0,0.04,0.0,1.17,0.7,1.09,0.39,0.52,0.04,0.0,0.0,0.0,0.04,0.09,0.0,0.0,0.7,32.78,26.13,6.65,79.71,14.13,12.0,5.43,0.57,26.53,1.26,42.03,23,16,1394,0.35,0.0,1.04,0.52,10.39,0.43,2.39,43.65,2.09,44.86,0.3,36.84
349,1476922,Serie A,Udinese,Juan Arizala,Defender,6.68,0.0,0.0,0.0,0.1,0.1,0.0,0.0,0.2,40.0,0.0,0.0,0.0,0.0,0.0,0.0,0.0,0.0,0.0,0.0,0.0,0.0,0.0,0.0,0.8,0.1,0.2,0.0,0.1,0.0,0.0,0.0,0.0,0.0,0.0,0.0,0.0,0.1,7.5,6.7,0.8,89.33,2.8,3.9,2.1,0.0,0.0,0.2,100.0,10,1,197,0.0,0.0,0.1,0.1,2.8,0.2,1.3,56.52,1.1,61.11,0.2,40.0
350,1001997,Serie A,Udinese,Răzvan Sava,Goalkeeper,6.67,0.0,0.0,0.0,0.0,0.0,0.0,0.0,0.0,0.0,0.0,0.0,0.0,0.0,0.0,0.0,0.0,0.0,0.0,0.0,0.0,0.0,0.0,0.0,0.0,0.0,1.0,0.0,0.14,0.0,0.14,0.0,0.0,0.14,0.0,0.0,0.0,0.0,24.57,18.43,6.14,75.0,16.0,2.43,0.71,0.0,0.0,2.86,32.26,7,6,619,0.14,0.0,0.0,0.0,6.29,0.0,0.0,0.0,0.0,0.0,0.0,0.0
351,1010223,Serie A,Juventus,Fabio Miretti,Midfielder,6.67,0.05,0.1,0.05,0.82,0.23,0.32,5.56,0.32,36.84,0.05,0.0,0.0,0.0,0.05,0.0,0.0,0.0,0.0,0.0,0.0,0.0,0.05,0.0,0.86,0.14,0.27,0.0,0.27,0.0,0.05,0.0,0.0,0.05,0.09,0.09,0.05,0.55,17.0,14.59,2.41,85.83,4.91,9.68,5.86,0.18,25.0,0.59,48.15,22,5,611,0.05,0.0,0.64,0.32,4.77,0.55,1.64,42.86,1.5,44.59,0.14,30.0
352,1014651,Serie A,Lecce,Balthazar Pierret,Midfielder,6.67,0.0,0.0,0.0,0.0,0.0,0.0,0.0,0.0,0.0,0.0,0.0,0.0,0.0,0.0,0.0,0.0,0.0,0.0,0.0,0.0,0.0,0.0,0.0,0.67,0.0,1.0,0.0,0.0,0.0,0.0,0.0,0.0,0.0,0.0,0.0,0.0,0.0,5.33,3.67,1.67,68.75,1.0,2.67,0.67,0.0,0.0,0.0,0.0,3,0,32,0.0,0.0,0.0,0.67,1.67,0.0,1.67,100.0,1.0,100.0,0.67,100.0
353,609206,Serie A,Udinese,Kingsley Ehizibue,Midfielder,6.67,0.06,0.04,0.03,0.23,0.06,0.1,28.57,0.23,26.92,0.06,0.0,0.0,0.0,0.06,0.0,0.06,0.0,0.0,0.0,0.0,0.0,0.0,0.0,1.26,0.39,1.58,0.1,0.32,0.0,0.03,0.03,0.0,0.13,0.06,0.0,0.0,0.26,14.65,11.68,2.97,79.74,6.06,5.61,2.94,0.13,13.33,0.65,52.63,31,19,1739,0.16,0.0,1.1,0.71,7.06,0.52,2.55,46.2,2.16,46.53,0.39,44.44
354,1031548,Serie A,Sassuolo,Alieu Fadera,Forward,6.67,0.07,0.08,0.07,0.46,0.14,0.14,15.38,0.39,31.43,0.07,0.0,0.0,0.04,0.04,0.0,0.29,0.07,0.0,0.0,0.0,0.0,0.04,0.0,1.29,0.25,0.21,0.0,0.57,0.0,0.04,0.04,0.0,0.0,0.04,0.04,0.0,0.25,9.18,7.21,1.96,78.6,2.86,4.36,2.68,0.21,25.0,0.32,69.23,28,8,979,0.18,0.0,1.29,1.29,5.82,0.71,3.21,45.23,2.93,46.33,0.29,36.36
355,877037,Serie A,Torino,Cyril Ngonge,Forward,6.67,0.05,0.09,0.25,1.2,0.6,0.35,4.17,0.95,59.38,0.0,0.05,0.0,0.0,0.05,0.0,0.3,0.0,0.0,0.0,0.0,0.0,0.05,0.0,0.55,0.1,0.45,0.0,0.25,0.0,0.05,0.0,0.0,0.0,0.0,0.05,0.0,0.6,12.75,8.9,3.85,69.8,2.25,6.65,4.0,0.2,22.22,0.8,66.67,20,11,1013,0.1,0.0,1.0,0.9,8.45,0.9,3.3,47.48,2.4,48.48,0.9,45.0
356,1615784,Serie A,Cagliari,Yael Trepy,Forward,6.67,0.12,0.08,0.12,0.88,0.25,0.25,14.29,0.25,100.0,0.12,0.0,0.0,0.12,0.0,0.0,0.25,0.0,0.0,0.0,0.0,0.0,0.0,0.0,0.25,0.12,0.12,0.0,0.0,0.0,0.0,0.0,0.0,0.0,0.0,0.0,0.0,0.25,1.88,1.12,0.75,60.0,0.38,0.75,0.25,0.25,28.57,0.0,0.0,8,0,105,0.0,0.0,0.12,0.25,2.12,0.38,0.88,41.18,0.75,60.0,0.12,14.29
357,1012179,Serie A,Fiorentina,Jacopo Fazzini,Forward,6.67,0.0,0.05,0.05,0.45,0.05,0.1,0.0,0.45,40.91,0.0,0.0,0.0,0.0,0.0,0.0,0.0,0.0,0.0,0.0,0.0,0.0,0.0,0.0,0.9,0.3,0.3,0.05,0.25,0.0,0.05,0.0,0.0,0.0,0.05,0.0,0.0,0.45,9.4,7.0,2.4,74.47,2.55,4.45,2.6,0.3,37.5,0.3,60.0,20,5,591,0.1,0.0,0.6,0.75,5.2,0.75,2.55,48.11,2.1,49.41,0.45,42.86
358,142148,Serie A,Atalanta,Sead Kolašinac,Defender,6.67,0.0,0.01,0.0,0.16,0.0,0.11,0.0,0.26,71.43,0.0,0.0,0.0,0.0,0.0,0.0,0.05,0.0,0.0,0.0,0.0,0.0,0.0,0.0,1.42,0.58,1.68,0.26,0.47,0.0,0.0,0.0,0.0,0.05,0.0,0.0,0.0,0.0,40.58,36.53,4.05,90.01,20.68,15.84,6.32,0.11,66.67,0.84,36.36,19,15,1224,0.16,0.0,1.16,0.53,5.0,0.26,2.89,50.46,2.21,53.16,0.68,43.33
359,1485391,Serie A,Cagliari,Juan Rodríguez,Defender,6.66,0.0,0.02,0.06,0.12,0.06,0.06,0.0,0.06,100.0,0.0,0.0,0.0,0.0,0.0,0.0,0.0,0.0,0.0,0.0,0.0,0.0,0.0,0.0,2.25,1.12,5.0,0.88,0.38,0.06,0.12,0.0,0.0,0.06,0.0,0.0,0.0,0.0,38.19,33.75,4.44,88.38,26.56,7.19,1.44,0.06,20.0,0.88,26.42,16,15,1253,0.19,0.0,0.88,0.44,5.69,0.12,3.75,62.5,2.75,66.67,1.0,53.33
360,826185,Serie A,Atalanta,Raoul Bellanova,Midfielder,6.66,0.0,0.02,0.0,0.57,0.22,0.13,0.0,0.39,69.23,0.0,0.0,0.0,0.0,0.0,0.0,0.09,0.0,0.0,0.0,0.0,0.0,0.0,0.0,0.78,0.35,0.96,0.13,0.3,0.0,0.0,0.0,0.0,0.04,0.13,0.04,0.0,0.87,22.7,20.04,2.65,88.31,8.78,11.26,6.7,0.7,19.51,0.7,42.11,23,14,1342,0.09,0.0,0.17,0.48,7.35,0.17,2.04,55.29,1.61,66.07,0.43,34.48
361,897594,Serie A,Hellas Verona,Domagoj Bradarić,Midfielder,6.66,0.0,0.02,0.04,0.46,0.21,0.11,0.0,0.25,38.89,0.0,0.0,0.0,0.0,0.0,0.0,0.07,0.0,0.0,0.0,0.0,0.0,0.0,0.0,1.07,0.32,1.36,0.11,0.39,0.0,0.04,0.0,0.0,0.07,0.18,0.04,0.0,1.0,18.71,14.21,4.5,75.95,6.93,7.29,3.54,0.93,25.24,0.57,29.09,28,23,1956,0.07,0.0,0.29,0.36,9.89,0.11,1.93,50.94,1.68,59.49,0.25,25.93
362,1389689,Serie A,Lazio,Reda Belahyane,Midfielder,6.66,0.0,0.01,0.0,0.08,0.08,0.0,0.0,0.42,33.33,0.0,0.0,0.0,0.0,0.0,0.0,0.0,0.0,0.0,0.0,0.0,0.0,0.0,0.0,0.83,0.17,0.42,0.08,0.17,0.0,0.0,0.0,0.0,0.08,0.08,0.08,0.0,0.42,19.83,16.92,2.92,85.29,6.83,10.08,5.08,0.08,100.0,0.75,69.23,12,4,522,0.08,0.08,0.92,0.25,5.0,0.5,1.75,41.18,1.5,38.3,0.25,75.0
363,814589,Serie A,Cremonese,Giuseppe Pezzella,Midfielder,6.66,0.0,0.0,0.0,0.2,0.0,0.17,0.0,0.47,50.0,0.0,0.0,0.0,0.0,0.0,0.0,0.23,0.0,0.0,0.0,0.0,0.0,0.0,0.0,1.63,0.37,2.97,0.37,0.77,0.0,0.0,0.0,0.0,0.2,0.0,0.03,0.0,0.87,24.33,18.73,5.6,76.99,9.97,8.77,4.23,1.17,27.34,0.5,22.06,30,29,2501,0.27,0.03,1.57,1.07,12.23,0.57,4.07,48.22,3.17,48.97,0.9,45.76
364,328109,Serie A,Cagliari,Alessandro Deiola,Midfielder,6.66,0.0,0.07,0.21,1.05,0.32,0.42,0.0,0.16,60.0,0.0,0.0,0.0,0.0,0.0,0.0,0.37,0.0,0.0,0.0,0.0,0.0,0.05,0.0,1.84,0.74,1.89,0.37,0.68,0.0,0.16,0.0,0.0,0.11,0.0,0.11,0.0,0.32,29.74,24.21,5.53,81.42,15.05,9.16,3.16,0.0,0.0,1.42,50.94,19,16,1361,0.16,0.0,1.11,0.63,6.84,0.26,3.11,50.43,2.63,56.18,0.47,32.14
365,1634980,Serie A,Atalanta,Honest Ahanor,Defender,6.66,0.0,0.09,0.24,0.57,0.14,0.33,0.0,0.24,62.5,0.0,0.0,0.0,0.0,0.0,0.0,0.0,0.0,0.0,0.0,0.0,0.0,0.0,0.0,1.62,1.0,2.24,0.48,0.38,0.0,0.05,0.0,0.0,0.19,0.0,0.0,0.0,0.1,31.33,27.9,3.43,89.06,18.52,9.38,3.95,0.05,50.0,0.57,37.5,21,14,1289,0.05,0.05,1.05,1.33,4.62,0.24,4.67,61.64,3.19,65.05,1.48,55.36
366,928104,Serie A,Bologna,Nadir Zortea,Defender,6.66,0.0,0.01,0.0,0.35,0.03,0.29,0.0,0.65,47.62,0.0,0.0,0.0,0.0,0.0,0.06,0.03,0.0,0.0,0.0,0.0,0.0,0.03,0.0,0.84,0.65,1.23,0.19,0.58,0.0,0.0,0.0,0.0,0.13,0.13,0.06,0.0,0.77,24.87,19.84,5.03,79.77,9.19,10.65,4.94,0.68,30.43,1.42,46.32,31,16,1794,0.06,0.0,0.87,0.52,9.58,0.45,2.55,45.66,2.0,43.36,0.55,56.67
367,933641,Serie A,Sassuolo,Jay Idzes,Defender,6.66,0.0,0.01,0.0,0.15,0.0,0.09,0.0,0.18,85.71,0.0,0.0,0.0,0.0,0.0,0.0,0.03,0.0,0.0,0.0,0.0,0.0,0.0,0.0,0.82,1.21,5.41,0.68,0.26,0.03,0.03,0.06,0.0,0.21,0.06,0.0,0.0,0.09,41.21,37.12,4.09,90.08,27.44,9.68,2.29,0.0,0.0,1.21,37.27,34,34,3009,0.09,0.0,0.94,0.38,4.65,0.12,2.88,50.52,1.35,52.87,1.53,48.6
368,832208,Serie A,Juventus,Dušan Vlahović,Forward,6.66,0.28,0.34,0.33,2.44,0.89,1.0,11.36,0.17,42.86,0.22,0.06,0.06,0.22,0.0,0.0,0.5,0.06,0.06,0.06,100.0,0.06,0.17,33.33,0.17,0.11,0.22,0.11,0.0,0.0,0.0,0.0,0.0,0.0,0.0,0.06,0.0,0.5,9.0,6.28,2.72,69.75,1.39,4.89,3.0,0.11,50.0,0.28,62.5,18,10,914,0.0,0.0,0.5,0.94,6.06,0.94,2.56,44.23,1.28,44.23,1.28,44.23
369,79645,Serie A,Juventus,Mattia Perin,Goalkeeper,6.66,0.0,0.0,0.0,0.0,0.0,0.0,0.0,0.0,0.0,0.0,0.0,0.0,0.0,0.0,0.0,0.0,0.0,0.0,0.0,0.0,0.0,0.0,0.0,0.0,0.0,0.38,0.0,0.0,0.0,0.12,0.0,0.0,0.25,0.0,0.0,0.0,0.12,17.0,14.5,2.5,85.29,13.5,1.0,0.38,0.0,0.0,2.38,48.72,8,8,675,0.0,0.0,0.0,0.12,2.5,0.0,0.12,100.0,0.0,0.0,0.12,100.0
370,253391,Serie A,Hellas Verona,Lorenzo Montipò,Goalkeeper,6.66,0.0,0.0,0.0,0.0,0.0,0.0,0.0,0.03,100.0,0.0,0.0,0.0,0.0,0.0,0.0,0.0,0.0,0.0,0.0,0.0,0.0,0.0,0.0,0.0,0.0,0.91,0.0,0.0,0.06,0.0,0.0,0.0,0.15,0.06,0.03,0.0,0.09,26.35,12.12,14.24,45.98,6.82,5.29,1.5,0.0,0.0,6.62,32.01,34,34,3060,0.0,0.0,0.0,0.24,14.32,0.0,0.38,100.0,0.21,100.0,0.18,100.0
371,973437,Serie A,Atalanta,Odilon Kossounou,Defender,6.66,0.05,0.02,0.0,0.26,0.05,0.11,20.0,0.26,45.45,0.0,0.05,0.0,0.0,0.05,0.0,0.05,0.0,0.0,0.0,0.0,0.0,0.0,0.0,0.89,0.47,1.53,0.37,0.21,0.05,0.0,0.05,0.0,0.11,0.0,0.0,0.0,0.21,33.11,30.26,2.84,91.41,18.37,11.89,4.53,0.05,50.0,1.0,57.58,19,10,994,0.05,0.0,0.84,0.16,4.32,0.21,1.95,42.53,1.26,45.28,0.68,38.24
372,839156,Serie A,Atalanta,Nikola Krstović,Forward,6.65,0.3,0.43,0.42,3.0,1.03,1.24,10.1,0.52,43.59,0.27,0.03,0.0,0.12,0.18,0.09,0.82,0.0,0.0,0.0,0.0,0.0,0.0,0.0,0.45,0.09,0.45,0.09,0.12,0.0,0.0,0.0,0.0,0.09,0.15,0.15,0.0,0.64,15.15,11.18,3.97,73.8,2.94,8.24,5.39,0.03,20.0,0.27,52.94,33,18,1786,0.12,0.0,1.36,0.82,7.94,0.7,3.58,44.19,1.76,42.03,1.82,46.51
373,1068885,Serie A,Genoa,Alessandro Marcandalli,Defender,6.65,0.0,0.0,0.0,0.13,0.06,0.03,0.0,0.13,50.0,0.0,0.0,0.0,0.0,0.0,0.0,0.0,0.0,0.0,0.0,0.0,0.0,0.0,0.0,1.0,0.61,3.29,0.35,0.06,0.06,0.06,0.0,0.0,0.23,0.03,0.06,0.0,0.32,37.84,31.26,6.58,82.61,19.45,11.81,3.74,0.16,50.0,1.42,39.29,31,28,2523,0.13,0.0,0.74,0.32,8.81,0.26,3.19,58.58,1.45,55.56,1.74,61.36
374,1210848,Serie A,Fiorentina,Pietro Comuzzo,Defender,6.65,0.04,0.04,0.04,0.38,0.08,0.27,10.0,0.04,50.0,0.04,0.0,0.04,0.0,0.0,0.0,0.0,0.0,0.0,0.0,0.0,0.0,0.0,0.0,1.23,0.88,3.73,0.5,0.42,0.0,0.0,0.08,0.0,0.04,0.0,0.0,0.0,0.12,36.35,32.81,3.54,90.26,22.42,10.38,3.04,0.0,0.0,1.42,53.62,26,17,1610,0.08,0.0,0.85,0.12,4.0,0.08,2.54,50.0,1.38,51.43,1.15,48.39
375,826064,Serie A,Bologna,Jens Odgaard,Midfielder,6.65,0.2,0.1,0.12,1.4,0.52,0.52,14.29,0.28,26.92,0.08,0.12,0.0,0.12,0.08,0.0,0.2,0.0,0.0,0.0,0.0,0.0,0.0,0.0,0.76,0.16,0.64,0.0,0.32,0.0,0.04,0.0,0.0,0.04,0.04,0.04,0.0,0.56,12.92,9.44,3.48,73.07,2.52,6.92,4.2,0.2,38.46,0.2,29.41,25,16,1380,0.04,0.0,1.08,1.12,7.72,1.28,3.56,41.98,2.08,38.24,1.48,48.68
376,1156616,Serie A,Inter,Francesco Pio Esposito,Forward,6.65,0.18,0.18,0.38,1.62,0.65,0.56,10.91,0.12,25.0,0.18,0.0,0.09,0.06,0.03,0.03,0.06,0.0,0.0,0.0,0.0,0.0,0.0,0.0,0.24,0.15,0.35,0.06,0.18,0.0,0.0,0.0,0.0,0.06,0.06,0.09,0.0,0.62,10.12,7.44,2.68,73.55,2.03,5.41,3.76,0.0,0.0,0.29,55.56,34,14,1482,0.03,0.0,0.82,1.29,5.5,0.62,2.82,49.23,1.62,47.01,1.21,52.56
377,850971,Serie A,Cremonese,Manuel De Luca,Forward,6.65,0.5,0.52,0.5,1.0,1.0,0.0,50.0,0.0,0.0,0.5,0.0,0.0,0.0,0.5,0.0,0.0,0.0,0.5,0.5,100.0,0.0,0.0,0.0,0.0,0.0,0.0,0.0,0.5,0.0,0.0,0.0,0.0,0.0,0.0,0.0,0.0,0.0,2.5,0.5,2.0,20.0,0.0,0.5,0.5,0.0,0.0,0.0,0.0,2,0,19,0.0,0.0,0.5,0.5,2.5,0.0,1.0,28.57,0.5,33.33,0.5,25.0
378,831290,Serie A,Cremonese,David Okereke,Forward,6.65,0.2,0.06,0.0,0.8,0.5,0.2,25.0,0.5,38.46,0.2,0.0,0.0,0.1,0.1,0.0,0.2,0.0,0.0,0.0,0.0,0.0,0.0,0.0,0.3,0.0,0.3,0.1,0.3,0.0,0.0,0.0,0.0,0.0,0.1,0.0,0.0,0.3,9.8,8.6,1.2,87.76,2.0,6.6,3.1,0.1,20.0,0.2,100.0,10,3,400,0.0,0.0,0.1,0.4,4.2,0.5,2.4,35.82,1.2,41.38,1.2,31.58
379,917485,Serie A,Lecce,Walid Cheddira,Forward,6.65,0.12,0.09,0.12,0.97,0.34,0.28,12.9,0.38,50.0,0.12,0.0,0.03,0.0,0.09,0.03,0.28,0.0,0.0,0.0,0.0,0.0,0.0,0.0,0.19,0.06,0.09,0.06,0.09,0.0,0.0,0.0,0.0,0.0,0.0,0.03,0.0,0.34,6.31,4.28,2.03,67.82,1.19,3.09,2.06,0.06,28.57,0.09,60.0,32,11,1167,0.09,0.0,0.81,1.03,4.44,0.66,2.31,41.11,1.53,46.23,0.78,33.78
380,592794,Serie A,SSC Napoli,Alex Meret,Goalkeeper,6.65,0.0,0.0,0.0,0.0,0.0,0.0,0.0,0.0,0.0,0.0,0.0,0.0,0.0,0.0,0.0,0.0,0.0,0.0,0.0,0.0,0.0,0.0,0.0,0.0,0.0,0.6,0.0,0.0,0.0,0.0,0.1,0.0,0.3,0.1,0.1,0.0,0.1,31.9,26.4,5.5,82.76,24.7,1.7,0.3,0.0,0.0,4.3,45.74,10,10,900,0.1,0.0,0.1,0.1,5.6,0.0,0.2,50.0,0.0,0.0,0.2,66.67
381,964119,Serie A,Udinese,Jordan Zemura,Midfielder,6.65,0.0,0.03,0.0,0.31,0.06,0.19,0.0,0.56,30.0,0.0,0.0,0.0,0.0,0.0,0.0,0.12,0.06,0.0,0.0,0.0,0.0,0.12,0.0,1.81,0.44,1.62,0.25,0.62,0.0,0.0,0.0,0.0,0.12,0.12,0.06,0.0,0.75,19.25,13.88,5.38,72.08,4.44,9.44,5.62,0.56,25.71,0.94,38.46,16,12,1048,0.19,0.0,1.44,0.69,11.56,0.75,3.5,41.18,3.06,43.36,0.44,30.43
382,837080,Serie A,Hellas Verona,Antoine Bernede,Midfielder,6.65,0.03,0.04,0.03,0.66,0.12,0.31,4.76,0.53,45.95,0.0,0.03,0.0,0.0,0.03,0.06,0.03,0.0,0.0,0.0,0.0,0.0,0.0,0.0,2.19,0.44,0.56,0.19,0.91,0.0,0.03,0.0,0.0,0.03,0.09,0.06,0.0,0.94,27.81,21.53,6.28,77.42,8.22,13.31,7.38,0.16,18.52,0.88,34.15,32,29,2320,0.06,0.0,1.72,0.62,10.69,1.06,3.75,42.55,3.34,43.85,0.41,34.21
383,1404639,Serie A,Genoa,Sebastian Otoa,Defender,6.64,0.0,0.01,0.0,0.25,0.17,0.0,0.0,0.25,75.0,0.0,0.0,0.0,0.0,0.0,0.0,0.17,0.0,0.0,0.0,0.0,0.0,0.0,0.0,0.92,0.75,3.5,0.92,0.08,0.0,0.0,0.0,0.08,0.0,0.0,0.0,0.0,0.0,24.58,22.17,2.42,90.17,16.17,6.0,1.0,0.0,0.0,1.08,52.0,12,8,753,0.08,0.0,0.42,1.0,3.25,0.25,3.83,69.7,2.08,71.43,1.75,67.74
384,829570,Serie A,Fiorentina,Jack Harrison,Forward,6.64,0.07,0.06,0.07,0.79,0.21,0.36,9.09,0.71,34.48,0.07,0.0,0.0,0.07,0.0,0.0,0.0,0.0,0.0,0.0,0.0,0.0,0.0,0.0,0.5,0.07,0.43,0.07,0.79,0.0,0.0,0.0,0.0,0.21,0.0,0.21,0.0,0.86,24.36,20.0,4.36,82.11,7.14,12.86,7.07,0.64,16.36,0.29,23.53,14,9,889,0.07,0.0,0.57,0.36,11.21,1.0,1.86,28.57,1.57,29.73,0.29,23.53
385,791566,Serie A,Hellas Verona,Grigoris Kastanos,Midfielder,6.64,0.0,0.0,0.0,0.17,0.0,0.17,0.0,0.17,50.0,0.0,0.0,0.0,0.0,0.0,0.0,0.0,0.0,0.0,0.0,0.0,0.0,0.0,0.0,0.83,0.5,0.17,0.0,0.5,0.0,0.0,0.0,0.0,0.0,0.0,0.0,0.0,0.17,4.33,3.0,1.33,69.23,0.83,2.17,0.83,0.17,50.0,0.17,33.33,6,0,59,0.0,0.0,0.5,0.17,2.33,0.33,1.33,42.11,1.17,43.75,0.17,33.33
386,945062,Serie A,Milan,Youssouf Fofana,Midfielder,6.64,0.06,0.11,0.16,1.38,0.53,0.56,4.55,0.41,35.14,0.06,0.0,0.0,0.0,0.06,0.0,0.0,0.0,0.0,0.0,0.0,0.0,0.0,0.0,1.25,0.56,0.5,0.12,0.56,0.0,0.12,0.03,0.0,0.09,0.16,0.09,0.0,1.12,24.53,20.31,4.22,82.8,8.22,12.09,6.41,0.06,20.0,0.69,50.0,32,27,2149,0.12,0.0,0.62,0.5,7.5,0.75,2.44,42.16,2.16,44.81,0.28,29.03
387,998830,Serie A,Hellas Verona,Daniel Oyegoke,Midfielder,6.64,0.0,0.0,0.0,0.2,0.07,0.13,0.0,0.47,58.33,0.0,0.0,0.0,0.0,0.0,0.0,0.07,0.0,0.0,0.0,0.0,0.0,0.0,0.0,1.07,0.47,0.8,0.0,0.2,0.0,0.0,0.0,0.0,0.0,0.0,0.0,0.0,0.2,11.8,8.87,2.93,75.14,3.07,5.8,2.93,0.4,18.75,0.27,36.36,15,8,606,0.13,0.0,0.87,0.33,7.6,0.47,2.33,50.0,1.87,51.85,0.47,43.75
388,1123175,Serie A,Cagliari,Riyad Idrissi,Defender,6.64,0.09,0.02,0.04,0.26,0.26,0.0,33.33,0.35,57.14,0.09,0.0,0.04,0.04,0.0,0.0,0.04,0.0,0.0,0.0,0.0,0.0,0.0,0.0,0.91,0.35,1.22,0.17,0.57,0.0,0.04,0.0,0.0,0.0,0.0,0.0,0.0,0.26,12.48,9.96,2.52,79.79,5.35,4.61,2.04,0.09,8.7,0.48,44.0,23,4,781,0.13,0.0,0.39,0.26,5.3,0.22,1.57,46.15,1.52,51.47,0.04,10.0
389,862697,Serie A,Bologna,Nicolò Casale,Defender,6.64,0.0,0.06,0.08,0.42,0.0,0.33,0.0,0.0,0.0,0.0,0.0,0.0,0.0,0.0,0.0,0.0,0.0,0.0,0.0,0.0,0.0,0.0,0.0,0.58,0.58,4.92,0.42,0.25,0.08,0.08,0.0,0.0,0.17,0.0,0.0,0.0,0.33,29.75,25.67,4.08,86.27,15.92,9.75,2.42,0.08,50.0,2.92,61.4,12,8,684,0.0,0.0,1.25,0.42,4.92,0.25,3.58,54.43,1.0,37.5,2.58,65.96
390,759520,Serie A,Inter,Denzel Dumfries,Midfielder,6.64,0.15,0.17,0.25,1.15,0.25,0.55,13.04,0.3,33.33,0.15,0.0,0.05,0.05,0.05,0.05,0.1,0.0,0.0,0.0,0.0,0.0,0.0,0.0,0.8,0.35,1.05,0.0,0.5,0.05,0.0,0.05,0.0,0.2,0.05,0.05,0.0,0.65,18.85,15.1,3.75,80.11,6.15,8.95,5.2,0.25,14.71,0.15,25.0,20,15,1327,0.1,0.0,1.0,0.65,8.55,0.35,3.25,49.62,1.75,45.45,1.5,55.56
391,105905,Serie A,Cagliari,Sulemana,Midfielder,6.63,0.06,0.08,0.06,0.5,0.11,0.28,11.11,0.61,50.0,0.06,0.0,0.0,0.0,0.06,0.06,0.0,0.0,0.0,0.0,0.0,0.0,0.0,0.0,1.0,0.28,0.89,0.17,0.28,0.0,0.11,0.06,0.0,0.06,0.0,0.0,0.0,0.33,21.28,18.78,2.5,88.25,9.89,8.89,3.39,0.0,0.0,0.61,55.0,18,7,886,0.11,0.0,0.67,0.56,4.89,0.56,3.0,50.0,2.17,50.65,0.83,48.39
392,284441,Serie A,Milan,Ruben Loftus-Cheek,Midfielder,6.63,0.11,0.11,0.18,1.04,0.21,0.43,10.34,0.43,46.15,0.11,0.0,0.07,0.0,0.04,0.0,0.04,0.0,0.0,0.0,0.0,0.0,0.0,0.0,0.5,0.18,0.57,0.04,0.18,0.0,0.0,0.0,0.0,0.0,0.11,0.04,0.0,0.36,14.5,12.25,2.25,84.48,3.11,9.14,4.57,0.11,30.0,0.18,38.46,28,12,1150,0.07,0.0,0.82,0.68,5.14,0.68,2.71,47.2,1.61,43.69,1.11,53.45
393,38162,Serie A,Torino,Duván Zapata,Forward,6.63,0.11,0.14,0.22,1.22,0.56,0.3,9.09,0.22,37.5,0.07,0.04,0.04,0.0,0.07,0.0,0.26,0.0,0.04,0.0,0.0,0.0,0.0,0.0,0.15,0.04,0.56,0.04,0.11,0.0,0.04,0.0,0.0,0.0,0.15,0.04,0.0,0.37,8.74,6.37,2.37,72.88,2.07,4.3,2.52,0.0,0.0,0.33,69.23,27,10,1069,0.0,0.0,0.56,0.85,5.04,0.56,2.41,44.52,1.15,45.59,1.26,43.59
394,856065,Serie A,Parma,Pontus Almqvist,Forward,6.63,0.0,0.03,0.08,0.25,0.17,0.0,0.0,0.5,37.5,0.0,0.0,0.0,0.0,0.0,0.0,0.08,0.0,0.0,0.0,0.0,0.0,0.0,0.0,0.67,0.5,0.25,0.0,0.42,0.0,0.0,0.0,0.0,0.0,0.17,0.0,0.0,0.67,8.33,6.58,1.75,79.0,2.33,4.25,2.92,0.25,50.0,0.17,40.0,12,4,434,0.0,0.0,0.5,1.08,4.92,1.0,2.75,46.48,2.25,45.76,0.5,50.0
395,156019,Serie A,Parma,Hernani,Midfielder,6.63,0.0,0.0,0.0,0.25,0.0,0.0,0.0,0.0,0.0,0.0,0.0,0.0,0.0,0.0,0.0,0.25,0.0,0.0,0.0,0.0,0.0,0.0,0.0,0.25,0.25,0.5,0.0,0.0,0.0,0.0,0.0,0.0,0.0,0.0,0.0,0.0,0.25,6.0,4.25,1.75,70.83,1.25,3.0,2.0,0.0,0.0,1.0,66.67,4,0,69,0.0,0.0,0.5,0.75,3.25,0.25,1.5,54.55,1.0,50.0,0.5,66.67
396,869275,Serie A,Cremonese,Dennis Johnsen,Forward,6.62,0.09,0.04,0.0,0.45,0.18,0.09,20.0,0.45,38.46,0.09,0.0,0.0,0.0,0.09,0.0,0.09,0.0,0.0,0.0,0.0,0.0,0.0,0.0,0.27,0.0,0.36,0.0,0.27,0.0,0.09,0.0,0.0,0.0,0.09,0.09,0.0,0.36,8.73,4.45,4.27,51.04,2.18,2.27,1.45,0.45,41.67,0.18,18.18,11,5,390,0.0,0.0,0.18,0.36,8.0,0.55,1.82,45.45,1.09,40.0,0.73,57.14
397,122848,Serie A,Torino,Cristiano Biraghi,Defender,6.62,0.0,0.0,0.0,0.14,0.0,0.0,0.0,0.07,33.33,0.0,0.0,0.0,0.0,0.0,0.0,0.0,0.0,0.0,0.0,0.0,0.0,0.0,0.0,0.64,0.21,1.29,0.0,0.29,0.07,0.0,0.0,0.0,0.07,0.0,0.0,0.0,0.5,12.93,10.36,2.57,80.11,3.93,6.43,3.5,0.71,22.73,0.86,46.15,14,5,530,0.0,0.0,0.64,0.43,6.14,0.0,1.64,58.97,1.14,53.33,0.5,77.78
398,928295,Serie A,Parma,Adrian Benedyczak,Forward,6.62,0.07,0.1,0.21,0.57,0.21,0.29,12.5,0.0,0.0,0.07,0.0,0.0,0.0,0.07,0.0,0.07,0.0,0.07,0.07,100.0,0.0,0.0,0.0,0.43,0.0,0.57,0.07,0.29,0.0,0.0,0.0,0.0,0.0,0.21,0.07,0.0,0.64,6.86,5.07,1.79,73.96,1.5,3.57,2.36,0.14,20.0,0.36,55.56,14,5,486,0.07,0.0,0.64,0.43,3.5,0.07,2.21,44.93,0.71,40.0,1.5,47.73
399,14990,Serie A,Fiorentina,Edin Džeko,Forward,6.62,0.0,0.03,0.0,0.36,0.09,0.0,0.0,0.18,33.33,0.0,0.0,0.0,0.0,0.0,0.0,0.0,0.0,0.0,0.0,0.0,0.0,0.0,0.0,0.09,0.09,0.55,0.09,0.0,0.0,0.0,0.0,0.0,0.0,0.0,0.0,0.0,0.18,7.36,5.45,1.91,74.07,2.45,3.0,1.55,0.09,100.0,0.09,50.0,11,2,250,0.09,0.0,0.18,0.45,3.0,0.27,2.36,60.47,0.73,50.0,1.64,66.67
400,989894,Serie A,Sassuolo,Woyo Coulibaly,Defender,6.62,0.0,0.01,0.0,0.26,0.05,0.11,0.0,0.37,70.0,0.0,0.0,0.0,0.0,0.0,0.0,0.0,0.0,0.0,0.0,0.0,0.0,0.0,0.0,1.16,0.47,0.89,0.21,0.37,0.0,0.0,0.0,0.0,0.0,0.0,0.0,0.0,0.21,21.05,19.0,2.05,90.25,9.63,9.37,3.95,0.11,18.18,0.32,50.0,19,8,958,0.11,0.0,0.79,0.63,5.0,0.63,2.47,50.54,2.16,53.95,0.32,35.29
401,1127590,Serie A,Lecce,Mohamed Kaba,Midfielder,6.62,0.0,0.03,0.0,0.6,0.27,0.2,0.0,0.6,56.25,0.0,0.0,0.0,0.0,0.0,0.0,0.0,0.0,0.0,0.0,0.0,0.0,0.0,0.0,0.8,0.27,0.4,0.13,0.33,0.0,0.0,0.07,0.0,0.0,0.0,0.0,0.0,0.33,12.4,9.47,2.93,76.34,2.27,7.2,3.87,0.2,37.5,0.47,63.64,15,5,646,0.07,0.0,0.8,1.4,6.4,1.2,3.67,49.11,2.73,50.0,0.93,46.67
402,1175854,Serie A,Lecce,Oumar Ngom,Midfielder,6.62,0.0,0.02,0.0,0.36,0.14,0.0,0.0,0.43,60.0,0.0,0.0,0.0,0.0,0.0,0.0,0.0,0.0,0.0,0.0,0.0,0.0,0.0,0.0,1.71,0.86,1.14,0.14,0.79,0.0,0.0,0.0,0.0,0.0,0.0,0.0,0.0,0.29,18.21,15.14,3.07,83.14,6.71,8.43,3.79,0.07,33.33,0.64,56.25,14,9,802,0.07,0.0,1.07,0.43,4.86,0.64,3.29,48.42,2.5,48.61,0.79,47.83
403,909991,Serie A,Bologna,Simon Sohm,Midfielder,6.62,0.0,0.03,0.04,0.32,0.04,0.18,0.0,0.39,68.75,0.0,0.0,0.0,0.0,0.0,0.0,0.11,0.0,0.0,0.0,0.0,0.0,0.0,0.0,0.71,0.29,0.39,0.18,0.14,0.0,0.0,0.0,0.0,0.04,0.11,0.04,0.0,0.54,20.39,17.43,2.96,85.46,9.0,8.43,3.71,0.04,14.29,0.68,59.38,28,18,1438,0.11,0.0,0.89,0.5,4.21,0.18,2.32,46.43,1.5,53.16,0.82,37.7
404,868958,Serie A,Hellas Verona,Moatasem Al-Musrati,Midfielder,6.62,0.0,0.02,0.0,0.47,0.06,0.18,0.0,0.0,0.0,0.0,0.0,0.0,0.0,0.0,0.0,0.06,0.0,0.0,0.0,0.0,0.0,0.0,0.0,0.76,0.47,1.41,0.47,0.59,0.0,0.0,0.0,0.0,0.06,0.0,0.06,0.0,0.41,26.82,22.18,4.65,82.68,10.47,11.71,4.24,0.06,50.0,1.82,51.67,17,8,815,0.24,0.06,0.88,0.12,5.82,0.41,1.71,36.71,0.88,31.25,0.82,45.16
405,123976,Serie A,Como,Sergi Roberto,Midfielder,6.62,0.0,0.05,0.11,0.37,0.11,0.21,0.0,0.21,50.0,0.0,0.0,0.0,0.0,0.0,0.0,0.0,0.0,0.0,0.0,0.0,0.0,0.0,0.0,0.37,0.26,0.47,0.05,0.32,0.0,0.05,0.0,0.0,0.0,0.0,0.0,0.0,0.42,22.42,20.68,1.74,92.25,10.74,9.95,4.32,0.16,100.0,0.37,58.33,19,5,545,0.16,0.0,0.47,0.47,2.84,0.37,1.32,44.64,1.05,43.48,0.26,50.0
406,928777,Serie A,Cagliari,Michel Adopo,Midfielder,6.62,0.03,0.06,0.11,0.73,0.3,0.22,3.7,0.38,38.89,0.0,0.03,0.0,0.03,0.0,0.03,0.14,0.0,0.0,0.0,0.0,0.0,0.0,0.0,1.46,0.76,1.11,0.16,0.41,0.0,0.14,0.03,0.0,0.14,0.08,0.05,0.0,0.7,28.57,23.49,5.08,82.21,11.3,12.19,5.54,0.16,26.09,0.54,41.67,37,32,2965,0.11,0.0,0.92,0.68,8.32,1.0,3.35,45.76,2.51,46.73,0.84,43.06
407,928796,Serie A,Bologna,Tommaso Pobega,Midfielder,6.62,0.08,0.07,0.04,0.96,0.36,0.44,8.33,0.28,70.0,0.08,0.0,0.0,0.08,0.0,0.0,0.0,0.0,0.0,0.0,0.0,0.0,0.0,0.0,1.44,0.76,1.04,0.44,0.64,0.0,0.0,0.0,0.0,0.04,0.08,0.04,0.0,0.24,19.6,15.0,4.6,76.53,6.52,8.48,3.64,0.0,0.0,0.88,39.29,25,16,1386,0.08,0.04,1.32,0.48,5.92,0.28,3.08,50.0,2.2,49.11,0.88,52.38
408,1111640,Serie A,Torino,Matteo Prati,Midfielder,6.62,0.03,0.05,0.0,0.94,0.03,0.66,3.33,0.22,50.0,0.03,0.0,0.0,0.0,0.03,0.0,0.0,0.0,0.0,0.0,0.0,0.0,0.03,0.0,1.22,0.62,1.91,0.28,0.53,0.03,0.03,0.0,0.0,0.03,0.16,0.03,0.0,0.38,26.16,20.88,5.28,79.81,11.62,9.25,3.47,0.16,33.33,1.69,43.9,32,22,1868,0.19,0.0,0.91,0.28,6.41,0.16,2.19,49.3,1.72,48.67,0.47,51.72
409,1126175,Serie A,Udinese,Saba Goglichidze,Defender,6.62,0.0,0.02,0.12,0.38,0.12,0.25,0.0,0.0,0.0,0.0,0.0,0.0,0.0,0.0,0.0,0.0,0.0,0.0,0.0,0.0,0.0,0.0,0.0,1.38,1.0,2.0,0.12,0.25,0.0,0.0,0.25,0.0,0.0,0.0,0.0,0.0,0.25,23.0,18.75,4.25,81.52,12.38,6.38,3.5,0.12,50.0,4.0,68.09,8,4,422,0.25,0.0,0.62,0.5,5.12,0.12,2.5,60.61,1.88,65.22,0.62,50.0
410,1067204,Serie A,Fiorentina,Giovanni Fabbian,Midfielder,6.61,0.07,0.08,0.04,0.64,0.18,0.39,11.11,0.14,30.77,0.07,0.0,0.04,0.0,0.04,0.0,0.07,0.0,0.0,0.0,0.0,0.0,0.0,0.0,0.36,0.21,0.57,0.04,0.25,0.0,0.04,0.0,0.0,0.04,0.11,0.0,0.0,0.29,9.64,7.61,2.04,78.89,3.43,4.18,2.11,0.0,0.0,0.39,55.0,28,11,1083,0.07,0.0,0.64,0.93,3.96,0.5,2.43,47.55,1.39,46.99,1.04,48.33
411,856737,Serie A,Torino,Zakaria Aboukhlal,Forward,6.61,0.0,0.02,0.0,0.47,0.13,0.2,0.0,0.4,35.29,0.0,0.0,0.0,0.0,0.0,0.0,0.47,0.0,0.0,0.0,0.0,0.0,0.0,0.0,1.47,0.07,0.53,0.07,0.73,0.0,0.0,0.0,0.0,0.0,0.07,0.0,0.0,0.2,11.07,8.2,2.87,74.1,3.33,4.87,2.67,0.13,11.11,0.4,37.5,15,6,520,0.27,0.0,0.8,0.73,6.67,0.4,2.87,46.74,2.6,49.37,0.27,30.77
412,786259,Serie A,AS Roma,Kostas Tsimikas,Defender,6.61,0.0,0.02,0.06,0.39,0.0,0.22,0.0,0.33,60.0,0.0,0.0,0.0,0.0,0.0,0.0,0.06,0.0,0.0,0.0,0.0,0.0,0.0,0.0,0.61,0.44,1.0,0.11,0.33,0.0,0.0,0.0,0.0,0.0,0.0,0.0,0.0,0.22,14.72,11.78,2.94,80.0,5.78,6.0,2.89,0.39,16.28,0.44,30.77,18,6,644,0.06,0.0,0.5,0.44,6.61,0.44,1.67,47.62,1.39,48.08,0.28,45.45
413,848279,Serie A,Torino,Enzo Ebosse,Defender,6.61,0.0,0.0,0.0,0.06,0.0,0.06,0.0,0.12,50.0,0.0,0.0,0.0,0.0,0.0,0.0,0.0,0.0,0.0,0.0,0.0,0.0,0.0,0.0,0.75,0.62,3.19,0.75,0.31,0.06,0.0,0.0,0.0,0.19,0.06,0.06,0.06,0.38,49.06,44.25,4.81,90.19,28.25,16.0,6.38,0.12,40.0,2.25,46.75,16,15,1241,0.19,0.0,1.31,0.62,6.31,0.38,2.25,40.91,1.5,41.38,0.75,40.0
414,877835,Serie A,Como,Nicolas-Gerrit Kühn,Forward,6.61,0.04,0.04,0.04,0.35,0.13,0.09,12.5,0.43,52.63,0.04,0.0,0.0,0.04,0.0,0.0,0.13,0.0,0.0,0.0,0.0,0.0,0.0,0.0,0.57,0.22,0.0,0.0,0.52,0.0,0.0,0.0,0.0,0.0,0.04,0.04,0.0,0.48,9.43,7.74,1.7,82.03,1.48,6.26,3.78,0.17,28.57,0.17,44.44,23,6,655,0.0,0.0,0.26,0.09,3.83,0.43,1.22,38.36,1.09,40.98,0.13,25.0
415,788061,Serie A,Sassuolo,M'bala Nzola,Forward,6.61,0.14,0.25,0.17,1.34,0.38,0.59,10.26,0.66,52.78,0.14,0.0,0.0,0.14,0.0,0.07,0.52,0.0,0.1,0.07,66.67,0.0,0.0,0.0,0.28,0.1,0.41,0.03,0.1,0.0,0.0,0.0,0.0,0.1,0.03,0.03,0.0,0.66,9.97,7.86,2.1,78.89,2.38,5.48,3.62,0.03,14.29,0.24,70.0,29,15,1496,0.07,0.03,0.97,0.9,6.41,1.21,3.28,46.34,1.83,41.09,1.45,55.26
416,273405,Serie A,Lazio,Manuel Lazzari,Defender,6.61,0.0,0.01,0.0,0.18,0.09,0.05,0.0,0.45,45.45,0.0,0.0,0.0,0.0,0.0,0.0,0.0,0.0,0.0,0.0,0.0,0.0,0.0,0.0,0.59,0.27,1.09,0.05,0.14,0.0,0.0,0.0,0.0,0.0,0.0,0.0,0.0,0.09,17.73,15.14,2.59,85.38,7.73,7.41,3.59,0.14,18.75,0.41,56.25,22,9,949,0.09,0.0,0.41,0.82,5.27,0.27,1.95,50.59,1.82,57.14,0.14,20.0
417,1435226,Serie A,Genoa,Nils Zätterström,Defender,6.6,0.0,0.0,0.0,0.0,0.0,0.0,0.0,0.5,50.0,0.0,0.0,0.0,0.0,0.0,0.0,0.0,0.0,0.0,0.0,0.0,0.0,0.0,0.0,0.5,1.0,0.0,0.0,0.0,0.0,0.0,0.0,0.0,0.5,0.0,0.0,0.0,0.0,22.0,18.5,3.5,84.09,15.5,3.0,0.5,0.0,0.0,0.0,0.0,2,1,91,0.0,0.0,0.5,0.0,4.5,0.5,1.0,33.33,1.0,40.0,0.0,0.0
418,2049928,Serie A,Cagliari,Paul Mendy,Forward,6.6,0.25,0.2,0.12,1.75,0.25,1.12,14.29,0.25,50.0,0.25,0.0,0.12,0.12,0.0,0.0,0.25,0.0,0.0,0.0,0.0,0.0,0.0,0.0,0.0,0.12,0.38,0.12,0.12,0.0,0.0,0.0,0.0,0.0,0.0,0.0,0.0,0.62,8.38,5.75,2.62,68.66,1.0,4.75,3.0,0.0,0.0,0.38,75.0,8,3,322,0.12,0.0,1.5,0.5,7.38,1.5,2.88,31.94,0.75,18.18,2.12,43.59
419,1184308,Serie A,Milan,Álex Jiménez,Defender,6.6,0.0,0.0,0.0,0.0,0.0,0.0,0.0,4.0,57.14,0.0,0.0,0.0,0.0,0.0,0.0,0.0,0.0,0.0,0.0,0.0,0.0,0.0,0.0,0.0,0.0,0.0,0.0,1.0,0.0,0.0,0.0,0.0,0.0,0.0,0.0,0.0,2.0,20.0,19.0,1.0,95.0,5.0,14.0,11.0,0.0,0.0,0.0,0.0,1,0,45,1.0,0.0,0.0,1.0,5.0,0.0,5.0,55.56,5.0,55.56,0.0,0.0
420,1469998,Serie A,Cagliari,Othniël Raterink,Defender,6.6,0.0,0.0,0.0,0.0,0.0,0.0,0.0,0.0,0.0,0.0,0.0,0.0,0.0,0.0,0.0,0.0,0.0,0.0,0.0,0.0,0.0,0.0,0.0,0.0,0.0,0.0,0.0,0.0,0.0,0.0,0.0,0.0,0.0,0.0,0.0,0.0,0.0,6.0,5.0,1.0,83.33,5.0,0.0,0.0,0.0,0.0,0.0,0.0,1,0,12,0.0,0.0,0.0,0.0,1.0,0.0,0.0,0.0,0.0,0.0,0.0,0.0
421,1495719,Serie A,Udinese,Matteo Palma,Defender,6.6,0.0,0.0,0.0,0.0,0.0,0.0,0.0,0.0,0.0,0.0,0.0,0.0,0.0,0.0,0.0,0.0,0.0,0.0,0.0,0.0,0.0,0.0,0.0,0.4,0.4,1.8,0.2,0.2,0.0,0.0,0.0,0.0,0.0,0.0,0.0,0.0,0.0,10.6,8.0,2.6,75.47,5.2,2.8,1.0,0.0,0.0,0.4,22.22,5,1,124,0.0,0.0,0.6,0.0,3.6,0.0,2.0,58.82,0.4,33.33,1.6,72.73
422,945448,Serie A,Cagliari,Zé Pedro,Defender,6.6,0.0,0.03,0.05,0.23,0.0,0.18,0.0,0.23,71.43,0.0,0.0,0.0,0.0,0.0,0.05,0.0,0.0,0.0,0.0,0.0,0.0,0.0,0.0,1.41,0.91,3.59,0.59,1.0,0.05,0.09,0.0,0.0,0.18,0.05,0.05,0.0,0.14,40.77,35.27,5.5,86.51,25.18,10.09,3.27,0.0,0.0,1.36,33.71,22,19,1650,0.23,0.0,1.27,0.68,7.73,0.0,3.09,47.22,2.27,50.0,0.82,40.91
423,253369,Serie A,Hellas Verona,Simone Perilli,Goalkeeper,6.6,0.0,0.0,0.0,0.0,0.0,0.0,0.0,0.0,0.0,0.0,0.0,0.0,0.0,0.0,0.0,0.0,0.0,0.0,0.0,0.0,0.0,0.0,0.0,0.0,0.0,0.67,0.0,0.0,0.0,0.0,0.0,0.0,0.33,0.0,0.0,0.0,0.0,26.0,12.33,13.67,47.44,8.67,3.67,1.0,0.0,0.0,5.33,28.57,3,3,270,0.0,0.0,0.0,0.0,13.67,0.0,0.0,0.0,0.0,0.0,0.0,0.0
424,911355,Serie A,Pisa,Simone Canestrelli,Defender,6.6,0.03,0.03,0.06,0.42,0.08,0.22,6.67,0.08,60.0,0.03,0.0,0.03,0.0,0.0,0.0,0.03,0.0,0.0,0.0,0.0,0.0,0.0,0.0,1.08,0.89,5.06,0.56,0.36,0.03,0.06,0.03,0.0,0.14,0.03,0.0,0.0,0.28,32.72,26.28,6.44,80.31,17.86,8.42,2.61,0.03,8.33,1.86,40.85,36,35,3111,0.11,0.0,1.17,0.58,9.31,0.17,4.33,56.93,1.75,51.64,2.58,61.18
425,309156,Serie A,Genoa,Caleb Ekuban,Forward,6.6,0.13,0.12,0.06,0.94,0.32,0.45,13.79,0.26,33.33,0.13,0.0,0.0,0.03,0.1,0.0,0.19,0.0,0.0,0.0,0.0,0.0,0.0,0.0,0.13,0.16,0.16,0.03,0.06,0.0,0.0,0.0,0.0,0.0,0.03,0.03,0.0,0.35,4.94,3.39,1.55,68.63,1.06,2.32,1.39,0.03,16.67,0.06,40.0,31,6,986,0.0,0.0,0.52,0.94,4.0,0.52,2.06,45.71,1.32,46.59,0.74,44.23
426,965009,Serie A,Parma,Gaetano Oristanio,Midfielder,6.6,0.05,0.1,0.1,1.2,0.2,0.5,4.17,0.75,48.39,0.05,0.0,0.0,0.05,0.0,0.1,0.2,0.0,0.0,0.0,0.0,0.0,0.0,0.0,0.45,0.1,0.3,0.0,0.4,0.0,0.0,0.0,0.0,0.0,0.0,0.0,0.0,0.5,7.8,6.4,1.4,82.05,1.2,5.2,3.3,0.2,25.0,0.5,90.91,20,8,857,0.05,0.0,0.65,1.0,5.8,1.3,2.6,43.33,2.15,42.57,0.45,47.37
427,1013041,Serie A,Cagliari,Nicolò Cavuoti,Midfielder,6.6,0.0,0.0,0.0,0.0,0.0,0.0,0.0,0.25,50.0,0.0,0.0,0.0,0.0,0.0,0.0,0.0,0.0,0.0,0.0,0.0,0.0,0.0,0.0,0.0,0.0,0.0,0.0,0.25,0.0,0.0,0.0,0.0,0.0,0.0,0.0,0.0,0.0,3.5,3.0,0.5,85.71,1.5,1.5,0.75,0.0,0.0,0.0,0.0,4,0,52,0.0,0.0,0.25,0.25,2.0,0.5,0.75,30.0,0.5,28.57,0.25,33.33
428,1403088,Serie A,Lecce,Olaf Gorter,Midfielder,6.6,0.0,0.0,0.0,0.0,0.0,0.0,0.0,0.0,0.0,0.0,0.0,0.0,0.0,0.0,0.0,0.0,0.0,0.0,0.0,0.0,0.0,0.0,0.0,0.5,0.0,0.0,0.0,0.0,0.0,0.0,0.0,0.0,0.0,0.0,0.0,0.0,0.0,9.5,9.0,0.5,94.74,5.0,4.0,2.5,0.0,0.0,0.5,100.0,2,0,27,0.0,0.0,0.5,0.0,0.5,0.0,0.5,50.0,0.5,50.0,0.0,0.0
429,1000366,Serie A,Cremonese,Warren Bondo,Midfielder,6.6,0.0,0.01,0.0,0.3,0.07,0.11,0.0,0.56,57.69,0.0,0.0,0.0,0.0,0.0,0.0,0.0,0.0,0.0,0.0,0.0,0.0,0.0,0.0,1.15,0.3,0.33,0.11,0.33,0.0,0.04,0.0,0.0,0.15,0.0,0.0,0.0,0.11,28.74,25.81,2.93,89.82,15.15,10.67,3.78,0.0,0.0,0.96,57.78,27,22,1769,0.19,0.0,1.44,1.22,5.19,0.74,3.15,49.13,2.93,50.97,0.22,33.33
430,886628,Serie A,Lecce,Þórir Jóhann Helgason,Midfielder,6.59,0.0,0.03,0.0,0.38,0.25,0.0,0.0,0.75,85.71,0.0,0.0,0.0,0.0,0.0,0.0,0.0,0.0,0.0,0.0,0.0,0.0,0.12,0.0,0.25,0.38,0.0,0.25,0.0,0.0,0.0,0.0,0.0,0.0,0.0,0.0,0.0,0.38,5.75,4.12,1.62,71.74,1.0,3.12,1.75,0.38,50.0,0.12,25.0,8,1,145,0.0,0.0,0.0,0.0,3.0,0.38,1.12,60.0,1.0,66.67,0.12,33.33
431,1149288,Serie A,Juventus,Vasilije Adžić,Midfielder,6.59,0.1,0.02,0.0,0.6,0.4,0.1,16.67,0.1,14.29,0.0,0.1,0.0,0.0,0.1,0.0,0.0,0.0,0.0,0.0,0.0,0.0,0.1,0.0,0.4,0.2,0.3,0.0,0.2,0.1,0.1,0.0,0.0,0.0,0.0,0.0,0.0,0.4,10.0,8.6,1.4,86.0,3.4,5.2,3.1,0.0,0.0,0.4,66.67,10,1,193,0.0,0.0,0.3,0.2,3.0,0.2,0.8,28.57,0.7,35.0,0.1,12.5
432,907667,Serie A,Torino,Tino Anjorin,Midfielder,6.59,0.0,0.03,0.07,0.27,0.07,0.0,0.0,0.2,60.0,0.0,0.0,0.0,0.0,0.0,0.0,0.07,0.0,0.0,0.0,0.0,0.0,0.0,0.0,0.6,0.4,0.27,0.07,0.13,0.0,0.0,0.0,0.0,0.0,0.0,0.0,0.0,0.2,8.27,6.73,1.53,81.45,2.47,4.27,1.93,0.07,100.0,0.2,42.86,15,1,286,0.07,0.0,0.53,0.07,2.6,0.13,1.4,50.0,0.87,48.15,0.53,53.33
433,933203,Serie A,Genoa,Mikael Ellertsson,Midfielder,6.59,0.03,0.06,0.09,0.74,0.17,0.34,3.85,0.31,27.5,0.03,0.0,0.0,0.0,0.03,0.0,0.03,0.06,0.0,0.0,0.0,0.0,0.0,0.0,1.26,0.43,1.17,0.23,0.69,0.0,0.0,0.0,0.0,0.2,0.14,0.03,0.0,0.43,17.66,13.29,4.37,75.24,5.06,8.23,4.6,0.2,22.58,0.37,28.26,35,30,2687,0.03,0.03,0.8,1.17,8.54,0.51,3.0,45.26,2.69,48.7,0.31,28.21
434,208988,Serie A,Fiorentina,Pablo Marí,Defender,6.59,0.0,0.0,0.0,0.18,0.0,0.18,0.0,0.0,0.0,0.0,0.0,0.0,0.0,0.0,0.0,0.0,0.0,0.0,0.0,0.0,0.0,0.0,0.0,1.09,2.0,4.27,0.64,0.27,0.0,0.0,0.0,0.0,0.09,0.0,0.0,0.0,0.18,41.36,38.0,3.36,91.87,29.0,9.0,1.91,0.0,0.0,1.45,40.0,11,9,809,0.27,0.0,1.55,0.73,3.82,0.0,3.45,50.67,1.82,50.0,1.64,51.43
435,962364,Serie A,SSC Napoli,Lorenzo Lucca,Forward,6.59,0.06,0.08,0.12,0.94,0.31,0.25,6.67,0.38,66.67,0.06,0.0,0.0,0.0,0.06,0.06,0.25,0.0,0.0,0.0,0.0,0.0,0.0,0.0,0.0,0.0,0.19,0.0,0.06,0.0,0.0,0.0,0.0,0.0,0.06,0.0,0.0,0.12,4.12,3.25,0.88,78.79,1.12,2.12,1.38,0.0,0.0,0.06,100.0,16,4,420,0.06,0.0,1.06,0.81,2.69,0.56,1.75,41.79,1.12,40.0,0.62,45.45
436,978327,Serie A,Lecce,N'Dri Konan,Forward,6.59,0.08,0.04,0.04,0.73,0.19,0.38,10.53,0.35,21.43,0.0,0.08,0.0,0.08,0.0,0.0,0.04,0.0,0.0,0.0,0.0,0.0,0.04,0.0,0.42,0.08,0.0,0.0,0.35,0.0,0.0,0.0,0.0,0.0,0.08,0.0,0.0,0.15,4.96,3.54,1.42,71.32,0.69,2.85,2.08,0.08,8.7,0.19,62.5,26,1,521,0.12,0.0,0.35,0.69,5.12,0.5,1.65,37.39,1.46,37.62,0.19,35.71
437,989276,Serie A,Sassuolo,Josh Doig,Defender,6.59,0.0,0.02,0.03,0.37,0.13,0.2,0.0,0.3,30.0,0.0,0.0,0.0,0.0,0.0,0.03,0.0,0.0,0.0,0.0,0.0,0.0,0.0,0.0,1.1,0.77,1.8,0.47,0.3,0.03,0.03,0.03,0.0,0.13,0.13,0.0,0.0,0.5,24.4,20.0,4.4,81.97,10.67,9.33,3.93,0.43,34.21,0.47,24.56,30,22,1926,0.17,0.0,0.53,0.63,8.93,0.4,2.97,50.28,2.0,51.72,0.97,47.54
438,1142692,Serie A,Torino,Rafael Obrador,Defender,6.59,0.07,0.01,0.0,0.47,0.13,0.2,14.29,0.53,29.63,0.0,0.07,0.0,0.07,0.0,0.0,0.07,0.0,0.0,0.0,0.0,0.0,0.0,0.0,1.47,0.73,1.53,0.07,0.67,0.07,0.0,0.0,0.0,0.07,0.07,0.13,0.0,0.73,22.73,18.53,4.2,81.52,10.13,8.4,4.13,0.93,25.93,0.87,37.14,15,13,1060,0.07,0.0,0.4,0.33,10.27,0.33,2.47,41.57,2.33,46.67,0.13,14.29
439,1493157,Serie A,Torino,Alieu Njie,Forward,6.58,0.07,0.07,0.21,0.36,0.14,0.21,20.0,0.29,33.33,0.0,0.07,0.0,0.0,0.07,0.07,0.0,0.0,0.0,0.0,0.0,0.0,0.0,0.0,0.36,0.0,0.07,0.0,0.07,0.07,0.0,0.0,0.0,0.0,0.0,0.07,0.0,0.21,3.93,2.79,1.14,70.91,0.79,2.0,1.43,0.0,0.0,0.0,0.0,14,2,284,0.14,0.0,0.5,0.43,3.0,0.36,1.36,42.22,1.07,41.67,0.29,44.44
440,1000150,Serie A,Cagliari,Zito Luvumbo,Forward,6.58,0.0,0.09,0.17,1.0,0.5,0.42,0.0,0.25,25.0,0.0,0.0,0.0,0.0,0.0,0.0,0.0,0.0,0.0,0.0,0.0,0.0,0.0,0.0,0.17,0.08,0.08,0.0,0.25,0.0,0.0,0.0,0.0,0.0,0.08,0.0,0.0,0.25,5.42,4.17,1.25,76.92,1.0,3.17,1.75,0.17,28.57,0.0,0.0,12,2,335,0.0,0.0,0.33,1.5,3.92,0.42,2.0,50.0,1.92,53.49,0.08,20.0
441,78893,Serie A,SSC Napoli,Romelu Lukaku,Forward,6.58,0.2,0.05,0.2,0.4,0.2,0.2,50.0,0.0,0.0,0.2,0.0,0.0,0.2,0.0,0.0,0.0,0.0,0.0,0.0,0.0,0.0,0.0,0.0,0.0,0.0,0.2,0.2,0.0,0.0,0.0,0.0,0.0,0.0,0.0,0.0,0.0,0.4,3.2,2.2,1.0,68.75,0.6,1.6,1.4,0.0,0.0,0.0,0.0,5,0,50,0.2,0.0,0.4,0.0,2.4,0.4,0.0,0.0,0.0,0.0,0.0,0.0
442,1142606,Serie A,Cagliari,Semih Kılıçsoy,Forward,6.58,0.18,0.08,0.0,0.77,0.36,0.14,23.53,0.64,56.0,0.14,0.05,0.05,0.05,0.09,0.0,0.09,0.0,0.0,0.0,0.0,0.0,0.0,0.0,0.23,0.05,0.0,0.05,0.0,0.0,0.0,0.0,0.0,0.0,0.0,0.0,0.0,0.5,10.91,8.41,2.5,77.08,3.27,5.14,2.27,0.05,100.0,0.59,92.86,22,11,984,0.05,0.0,0.64,0.68,6.23,1.32,1.82,31.75,1.55,39.08,0.27,15.38
443,1945133,Serie A,Hellas Verona,Fallou Cham,Defender,6.58,0.0,0.06,0.0,0.83,0.33,0.5,0.0,0.17,50.0,0.0,0.0,0.0,0.0,0.0,0.0,0.17,0.0,0.0,0.0,0.0,0.0,0.0,0.0,2.33,0.67,1.0,0.0,0.5,0.0,0.0,0.0,0.0,0.0,0.17,0.0,0.0,0.67,8.83,5.33,3.5,60.38,2.67,2.67,1.67,0.17,10.0,0.5,60.0,6,3,235,0.0,0.0,1.17,0.83,7.0,0.17,3.67,61.11,3.33,62.5,0.33,50.0
444,116666,Serie A,Pisa,Antonio Caracciolo,Defender,6.58,0.06,0.06,0.03,0.71,0.17,0.4,8.0,0.09,33.33,0.06,0.0,0.0,0.0,0.06,0.0,0.06,0.0,0.0,0.0,0.0,0.0,0.0,0.0,2.03,1.43,5.49,0.69,0.94,0.03,0.03,0.03,0.03,0.14,0.0,0.0,0.0,0.06,35.2,29.66,5.54,84.25,23.0,6.66,1.54,0.03,33.33,1.8,38.65,35,34,3074,0.29,0.0,1.14,0.31,6.8,0.23,3.97,53.26,2.4,50.6,1.57,57.89
445,1100354,Serie A,Cremonese,Romano Floriani Mussolini,Midfielder,6.58,0.0,0.02,0.0,0.19,0.04,0.11,0.0,0.22,37.5,0.0,0.0,0.0,0.0,0.0,0.0,0.07,0.07,0.0,0.0,0.0,0.0,0.0,0.0,1.0,0.19,1.37,0.19,0.3,0.0,0.0,0.0,0.0,0.04,0.15,0.04,0.0,0.33,11.15,7.81,3.33,70.1,3.56,4.26,2.15,0.15,13.79,0.15,21.05,27,12,1140,0.07,0.0,0.7,0.19,6.11,0.3,2.07,45.53,1.33,45.0,0.74,46.51
446,108673,Serie A,Genoa,Nicolae Stanciu,Midfielder,6.58,0.0,0.3,0.25,1.25,0.0,0.75,0.0,0.25,50.0,0.0,0.0,0.0,0.0,0.0,0.0,0.0,0.0,0.25,0.0,0.0,0.0,0.25,0.0,1.0,0.75,0.5,0.0,0.0,0.0,0.0,0.0,0.0,0.0,0.0,0.0,0.0,0.5,19.75,14.75,5.0,74.68,8.0,6.75,5.5,0.25,11.11,1.25,71.43,4,2,191,0.0,0.0,0.25,0.5,9.0,0.5,2.0,61.54,1.75,63.64,0.25,50.0
447,1154898,Serie A,Sassuolo,Luca Lipani,Midfielder,6.58,0.0,0.04,0.04,0.52,0.13,0.22,0.0,0.09,28.57,0.0,0.0,0.0,0.0,0.0,0.0,0.04,0.0,0.0,0.0,0.0,0.0,0.0,0.0,1.13,0.61,1.09,0.09,0.7,0.0,0.0,0.0,0.0,0.04,0.04,0.04,0.0,0.48,18.96,15.65,3.3,82.57,7.83,7.83,3.3,0.0,0.0,0.83,47.5,23,9,945,0.13,0.0,1.17,0.26,4.87,0.52,2.0,40.35,1.48,36.96,0.52,54.55
448,972523,Serie A,Hellas Verona,Cheikh Niasse,Midfielder,6.58,0.0,0.01,0.0,0.3,0.05,0.2,0.0,0.2,66.67,0.0,0.0,0.0,0.0,0.0,0.0,0.1,0.0,0.0,0.0,0.0,0.0,0.0,0.0,1.05,0.7,0.9,0.25,0.5,0.0,0.0,0.05,0.0,0.0,0.0,0.05,0.0,0.55,18.05,14.65,3.4,81.16,6.45,8.2,3.1,0.3,50.0,0.35,33.33,20,11,983,0.05,0.0,1.0,0.75,4.95,0.25,3.05,47.66,2.0,54.79,1.05,38.18
449,1459764,Serie A,Pisa,Lorran,Midfielder,6.58,0.11,0.11,0.0,0.33,0.11,0.11,33.33,0.67,50.0,0.11,0.0,0.0,0.11,0.0,0.0,0.0,0.0,0.0,0.0,0.0,0.0,0.0,0.0,0.56,0.33,0.11,0.0,0.11,0.0,0.0,0.0,0.0,0.0,0.0,0.0,0.0,0.11,6.67,5.22,1.44,78.33,2.0,3.22,2.11,0.11,25.0,0.33,37.5,9,0,113,0.0,0.0,0.0,0.33,3.67,0.22,1.56,53.85,1.56,60.87,0.0,0.0
450,377512,Serie A,SSC Napoli,Pasquale Mazzocchi,Midfielder,6.58,0.0,0.0,0.0,0.13,0.07,0.07,0.0,0.27,44.44,0.0,0.0,0.0,0.0,0.0,0.0,0.07,0.0,0.0,0.0,0.0,0.0,0.0,0.0,0.13,0.2,0.67,0.0,0.07,0.0,0.07,0.0,0.0,0.0,0.13,0.07,0.0,0.27,10.8,9.07,1.73,83.95,4.2,4.87,2.33,0.27,28.57,0.27,40.0,15,2,306,0.0,0.07,0.07,0.0,3.87,0.27,0.8,46.15,0.4,35.29,0.4,66.67
451,1525361,Serie A,Pisa,Mateus Lusuardi,Defender,6.57,0.0,0.02,0.0,1.33,0.0,0.33,0.0,0.33,50.0,0.0,0.0,0.0,0.0,0.0,0.0,0.0,0.0,0.0,0.0,0.0,0.0,0.0,0.0,0.67,0.0,4.0,1.67,1.0,0.0,0.0,0.0,0.0,0.0,0.0,0.0,0.0,0.33,26.33,21.67,4.67,82.28,16.0,5.67,1.33,0.0,0.0,1.33,44.44,3,3,199,0.33,0.0,1.33,0.0,5.67,0.0,3.67,52.38,1.0,27.27,2.67,80.0
452,892430,Serie A,Sassuolo,Fali Candé,Defender,6.57,0.0,0.02,0.0,0.25,0.0,0.25,0.0,0.0,0.0,0.0,0.0,0.0,0.0,0.0,0.0,0.0,0.0,0.0,0.0,0.0,0.0,0.0,0.0,0.75,0.17,2.33,0.25,0.33,0.0,0.08,0.08,0.0,0.0,0.0,0.0,0.0,0.08,15.92,12.17,3.75,76.44,7.75,4.42,1.42,0.0,0.0,0.5,25.0,12,5,512,0.17,0.0,0.75,0.5,5.67,0.08,2.17,46.43,1.25,53.57,0.92,39.29
453,927304,Serie A,Cagliari,Gabriele Zappa,Defender,6.57,0.0,0.02,0.03,0.33,0.03,0.23,0.0,0.17,38.46,0.0,0.0,0.0,0.0,0.0,0.03,0.0,0.0,0.0,0.0,0.0,0.0,0.0,0.0,0.93,0.57,1.43,0.07,0.63,0.0,0.03,0.0,0.0,0.03,0.13,0.1,0.0,0.4,28.2,23.73,4.47,84.16,13.6,10.13,4.6,0.4,34.29,1.0,37.97,30,17,1518,0.07,0.0,0.43,0.17,6.7,0.07,1.63,48.51,1.27,48.1,0.37,50.0
454,892521,Serie A,Hellas Verona,Unai Núñez,Defender,6.57,0.0,0.03,0.0,0.41,0.06,0.18,0.0,0.53,75.0,0.0,0.0,0.0,0.0,0.0,0.0,0.0,0.0,0.0,0.0,0.0,0.0,0.0,0.0,1.41,1.35,3.65,0.76,0.41,0.0,0.0,0.0,0.06,0.12,0.0,0.0,0.0,0.29,32.47,25.35,7.12,78.08,13.59,11.76,4.94,0.18,27.27,2.47,43.3,17,15,1265,0.29,0.0,1.59,0.59,8.82,0.12,4.12,50.0,2.47,53.16,1.65,45.9
455,139410,Serie A,Cremonese,Federico Ceccherini,Defender,6.57,0.0,0.02,0.0,0.56,0.22,0.33,0.0,0.11,100.0,0.0,0.0,0.0,0.0,0.0,0.0,0.0,0.0,0.0,0.0,0.0,0.0,0.0,0.0,0.78,0.78,2.78,0.56,0.0,0.0,0.0,0.0,0.0,0.0,0.11,0.11,0.0,0.22,25.11,20.11,5.0,80.09,13.89,6.22,2.56,0.0,0.0,1.0,28.13,9,6,489,0.11,0.11,1.11,1.0,7.0,0.11,3.56,60.38,1.78,61.54,1.78,59.26
456,849274,Serie A,Cremonese,Youssef Maleh,Midfielder,6.57,0.05,0.05,0.05,1.0,0.18,0.59,4.55,0.32,43.75,0.0,0.05,0.0,0.05,0.0,0.05,0.0,0.0,0.0,0.0,0.0,0.0,0.0,0.0,1.73,0.64,1.55,0.14,0.59,0.05,0.0,0.0,0.0,0.09,0.05,0.0,0.0,0.41,26.55,20.86,5.68,78.6,9.73,11.14,5.18,0.41,17.31,1.18,37.68,22,18,1554,0.18,0.05,1.64,0.82,10.05,0.73,3.36,45.4,2.86,46.32,0.5,40.74
457,1009661,Serie A,Udinese,Oier Zarraga,Midfielder,6.57,0.0,0.01,0.04,0.17,0.04,0.04,0.0,0.04,33.33,0.0,0.0,0.0,0.0,0.0,0.04,0.0,0.0,0.0,0.0,0.0,0.0,0.0,0.0,0.26,0.26,0.61,0.13,0.65,0.0,0.0,0.0,0.0,0.0,0.04,0.0,0.0,0.09,6.78,6.09,0.7,89.74,2.57,3.52,1.7,0.09,16.67,0.17,36.36,23,2,487,0.09,0.0,0.35,0.22,1.7,0.13,0.87,37.04,0.52,30.0,0.35,57.14
458,970778,Serie A,Pisa,Gabriele Piccinini,Midfielder,6.57,0.0,0.09,0.21,0.75,0.29,0.21,0.0,0.17,33.33,0.0,0.0,0.0,0.0,0.0,0.0,0.0,0.0,0.0,0.0,0.0,0.0,0.0,0.0,0.88,0.04,0.42,0.0,0.25,0.0,0.0,0.0,0.0,0.0,0.08,0.0,0.0,0.29,9.33,7.33,2.0,78.57,3.46,3.88,2.08,0.08,10.53,0.29,63.64,24,5,844,0.08,0.0,0.42,0.5,4.17,0.46,2.21,50.0,1.5,51.43,0.71,47.22
459,798820,Serie A,AS Roma,Artem Dovbyk,Forward,6.57,0.21,0.18,0.21,0.86,0.43,0.36,25.0,0.14,66.67,0.21,0.0,0.07,0.14,0.0,0.07,0.29,0.0,0.0,0.0,0.0,0.0,0.0,0.0,0.21,0.07,0.21,0.0,0.0,0.0,0.0,0.0,0.0,0.0,0.14,0.07,0.0,0.79,6.21,4.43,1.79,71.26,0.93,3.5,2.07,0.0,0.0,0.0,0.0,14,3,396,0.0,0.0,0.79,0.43,3.93,0.79,1.86,46.43,0.79,33.33,1.07,65.22
460,1514800,Serie A,AS Roma,Robinio Vaz,Forward,6.57,0.09,0.05,0.0,0.45,0.18,0.18,20.0,0.0,0.0,0.09,0.0,0.09,0.0,0.0,0.0,0.18,0.0,0.0,0.0,0.0,0.0,0.0,0.0,0.0,0.18,0.09,0.0,0.09,0.0,0.0,0.0,0.0,0.0,0.0,0.0,0.0,0.0,3.09,2.0,1.09,64.71,0.45,1.55,1.09,0.09,33.33,0.0,0.0,11,0,208,0.0,0.0,0.09,1.09,2.91,0.45,1.55,50.0,1.09,60.0,0.45,35.71
461,1613917,Serie A,Genoa,Jeff Ekhator,Forward,6.56,0.1,0.1,0.13,0.67,0.17,0.3,15.0,0.4,54.55,0.1,0.0,0.0,0.03,0.07,0.0,0.33,0.03,0.0,0.0,0.0,0.0,0.0,0.0,0.4,0.07,0.17,0.0,0.2,0.0,0.0,0.0,0.0,0.0,0.03,0.0,0.0,0.33,5.97,3.5,2.47,58.66,1.23,2.27,1.3,0.0,0.0,0.07,50.0,30,9,949,0.1,0.0,0.67,0.63,5.0,0.57,2.3,45.39,1.43,44.79,0.87,46.43
462,125407,Serie A,Como,Álvaro Morata,Forward,6.56,0.0,0.2,0.32,0.92,0.32,0.44,0.0,0.08,28.57,0.0,0.0,0.0,0.0,0.0,0.0,0.32,0.04,0.04,0.0,0.0,0.0,0.04,0.0,0.56,0.04,0.32,0.0,0.24,0.0,0.0,0.0,0.0,0.04,0.04,0.04,0.0,0.4,9.08,6.8,2.28,74.89,2.48,4.32,2.56,0.12,33.33,0.4,71.43,25,9,922,0.08,0.04,0.64,1.32,4.16,0.52,2.6,52.42,1.96,55.06,0.64,45.71
463,284367,Serie A,Pisa,Arturo Calabresi,Defender,6.56,0.0,0.01,0.0,0.16,0.04,0.04,0.0,0.08,25.0,0.0,0.0,0.0,0.0,0.0,0.0,0.04,0.04,0.0,0.0,0.0,0.0,0.0,0.0,0.68,0.72,2.76,0.52,0.76,0.0,0.0,0.0,0.0,0.04,0.0,0.0,0.0,0.16,19.0,15.56,3.44,81.89,10.24,5.32,2.32,0.12,17.65,1.12,43.08,25,16,1439,0.32,0.0,1.24,0.92,6.44,0.2,2.24,41.18,1.52,38.78,0.72,47.37
464,895592,Serie A,Cremonese,Martín Payero,Midfielder,6.56,0.04,0.07,0.04,0.92,0.32,0.4,4.35,0.88,45.83,0.0,0.04,0.0,0.0,0.04,0.04,0.08,0.0,0.0,0.0,0.0,0.0,0.0,0.0,0.76,0.4,0.72,0.12,0.36,0.0,0.0,0.0,0.0,0.04,0.04,0.0,0.0,0.48,18.32,13.84,4.48,75.55,5.28,8.56,3.76,0.32,23.53,0.48,33.33,25,16,1458,0.32,0.0,1.48,1.36,9.4,0.88,3.72,43.26,2.92,45.34,0.8,37.04
465,1423452,Serie A,Parma,Daniel Mikołajewski,Forward,6.55,0.0,0.0,0.0,0.0,0.0,0.0,0.0,0.0,0.0,0.0,0.0,0.0,0.0,0.0,0.0,1.0,0.0,0.0,0.0,0.0,0.0,0.0,0.0,0.5,0.0,0.0,0.0,0.0,0.0,0.0,0.0,0.0,0.0,0.0,0.0,0.0,0.0,1.0,1.0,0.0,100.0,0.5,0.5,0.5,0.0,0.0,0.0,0.0,2,0,30,0.0,0.0,1.0,0.5,1.0,0.0,1.0,33.33,1.0,50.0,0.0,0.0
466,1923599,Serie A,AS Roma,Antonio Arena,Forward,6.55,0.0,0.1,0.0,1.0,0.0,0.0,0.0,0.0,0.0,0.0,0.0,0.0,0.0,0.0,0.0,0.5,0.0,0.0,0.0,0.0,0.0,0.0,0.0,0.0,0.0,0.0,0.0,0.5,0.0,0.0,0.0,0.0,0.0,0.0,0.0,0.0,0.0,2.0,1.5,0.5,75.0,0.5,1.0,0.5,0.0,0.0,0.0,0.0,2,0,25,0.0,0.0,0.0,0.0,1.5,1.0,0.0,0.0,0.0,0.0,0.0,0.0
467,1013239,Serie A,Sassuolo,Edoardo Iannoni,Midfielder,6.55,0.07,0.03,0.0,0.2,0.07,0.13,33.33,0.0,0.0,0.07,0.0,0.07,0.0,0.0,0.0,0.07,0.0,0.0,0.0,0.0,0.0,0.0,0.0,0.4,0.2,0.4,0.0,0.27,0.0,0.07,0.0,0.0,0.0,0.0,0.0,0.0,0.0,7.4,6.07,1.33,81.98,2.87,3.2,1.87,0.0,0.0,0.0,0.0,15,1,269,0.2,0.0,0.73,0.0,2.47,0.2,0.87,35.14,0.4,21.43,0.47,77.78
468,1397347,Serie A,Torino,Ali Dembélé,Defender,6.55,0.0,0.03,0.0,0.5,0.0,0.5,0.0,0.0,0.0,0.0,0.0,0.0,0.0,0.0,0.0,0.0,0.0,0.0,0.0,0.0,0.0,0.0,0.0,0.0,0.0,1.0,0.0,0.0,0.0,0.0,0.0,0.0,0.0,0.0,0.0,0.0,0.0,3.0,2.5,0.5,83.33,1.0,1.5,0.5,0.0,0.0,0.5,100.0,2,0,24,0.0,0.0,0.0,0.0,2.5,0.0,0.5,50.0,0.0,0.0,0.5,100.0
469,1121333,Serie A,Fiorentina,Amir Richardson,Midfielder,6.55,0.0,0.01,0.0,0.5,0.0,0.5,0.0,0.5,25.0,0.0,0.0,0.0,0.0,0.0,0.0,0.0,0.0,0.0,0.0,0.0,0.0,0.0,0.0,0.5,0.0,1.0,0.0,0.0,0.0,0.0,0.0,0.0,0.0,0.0,0.0,0.0,0.0,14.5,10.0,4.5,68.97,3.0,7.0,3.0,0.0,0.0,0.5,100.0,2,0,40,0.0,0.0,0.5,1.5,8.0,0.5,3.0,50.0,2.5,50.0,0.5,50.0
470,989371,Serie A,Sassuolo,Aster Vranckx,Midfielder,6.55,0.0,0.01,0.0,0.19,0.06,0.06,0.0,0.19,23.08,0.0,0.0,0.0,0.0,0.0,0.0,0.06,0.0,0.0,0.0,0.0,0.0,0.0,0.0,1.0,0.0,0.94,0.0,0.69,0.0,0.0,0.0,0.0,0.0,0.0,0.0,0.0,0.12,15.31,12.94,2.38,84.49,7.56,5.38,2.31,0.06,20.0,0.44,58.33,16,9,692,0.12,0.0,1.0,1.06,5.12,0.5,2.75,47.83,2.25,45.57,0.5,61.54
471,1464187,Serie A,Cagliari,Agustín Albarracín,Midfielder,6.55,0.0,0.0,0.0,0.0,0.0,0.0,0.0,0.0,0.0,0.0,0.0,0.0,0.0,0.0,0.0,0.0,0.0,0.0,0.0,0.0,0.0,0.0,0.0,0.0,0.0,0.0,0.0,0.5,0.0,0.0,0.0,0.0,0.0,0.0,0.0,0.0,0.0,8.0,7.0,1.0,87.5,1.5,5.5,1.0,0.0,0.0,0.0,0.0,2,0,31,0.0,0.0,0.0,1.5,2.5,0.0,1.5,60.0,1.5,60.0,0.0,0.0
472,1459459,Serie A,Parma,Benjamin Cremaschi,Midfielder,6.55,0.0,0.0,0.0,0.12,0.0,0.12,0.0,0.25,50.0,0.0,0.0,0.0,0.0,0.0,0.0,0.0,0.0,0.0,0.0,0.0,0.0,0.0,0.0,0.25,0.0,0.62,0.12,0.25,0.0,0.0,0.0,0.0,0.12,0.0,0.0,0.0,0.12,6.38,4.62,1.75,72.55,1.0,3.62,2.0,0.12,16.67,0.12,16.67,8,2,144,0.0,0.0,0.25,0.0,3.38,0.38,0.88,41.18,0.5,30.77,0.38,75.0
473,826198,Serie A,Sassuolo,Andrea Pinamonti,Forward,6.55,0.26,0.25,0.43,2.06,0.86,0.77,12.5,0.14,26.32,0.26,0.0,0.03,0.06,0.17,0.06,0.31,0.03,0.03,0.0,0.0,0.0,0.0,0.0,0.26,0.03,0.49,0.06,0.09,0.03,0.03,0.0,0.0,0.03,0.11,0.09,0.0,0.49,12.94,9.43,3.51,72.85,4.91,4.51,2.57,0.06,18.18,0.2,63.64,35,31,2486,0.06,0.03,0.37,0.89,6.37,0.83,2.8,39.04,1.2,42.42,1.6,36.84
474,930191,Serie A,Genoa,Lorenzo Colombo,Forward,6.54,0.19,0.22,0.3,1.76,0.73,0.68,10.77,0.51,38.78,0.16,0.03,0.0,0.16,0.03,0.03,0.03,0.03,0.05,0.03,50.0,0.0,0.0,0.0,0.49,0.03,0.54,0.05,0.27,0.0,0.0,0.03,0.0,0.0,0.03,0.03,0.0,0.49,12.43,8.7,3.73,70.0,2.92,5.78,3.32,0.03,6.67,0.14,33.33,37,29,2263,0.05,0.0,1.08,1.43,8.51,1.3,3.92,37.18,2.3,41.26,1.62,32.61
475,869888,Serie A,Cremonese,Alessio Zerbin,Midfielder,6.54,0.0,0.05,0.1,0.68,0.23,0.26,0.0,0.23,28.0,0.0,0.0,0.0,0.0,0.0,0.03,0.23,0.0,0.0,0.0,0.0,0.0,0.0,0.0,1.23,0.1,0.77,0.1,1.0,0.0,0.0,0.0,0.0,0.0,0.13,0.1,0.0,0.55,14.48,10.52,3.97,72.61,3.52,7.0,3.58,0.35,19.3,0.52,27.59,31,16,1610,0.06,0.0,1.1,0.65,8.1,0.45,2.35,36.5,2.06,39.75,0.29,23.08
476,1157382,Serie A,Lecce,Alex Sala,Midfielder,6.54,0.0,0.03,0.11,0.44,0.22,0.11,0.0,0.0,0.0,0.0,0.0,0.0,0.0,0.0,0.0,0.0,0.0,0.0,0.0,0.0,0.0,0.0,0.0,0.44,0.33,0.22,0.0,0.67,0.0,0.0,0.0,0.0,0.0,0.0,0.11,0.0,0.33,8.33,7.22,1.11,86.67,1.78,5.44,3.44,0.44,33.33,0.33,60.0,9,2,182,0.0,0.0,0.67,0.56,3.33,0.33,1.11,33.33,1.0,36.0,0.11,20.0
477,139273,Serie A,Fiorentina,Daniele Rugani,Defender,6.54,0.0,0.0,0.0,0.0,0.0,0.0,0.0,0.0,0.0,0.0,0.0,0.0,0.0,0.0,0.0,0.0,0.0,0.0,0.0,0.0,0.0,0.0,0.0,0.64,0.64,2.64,0.36,0.09,0.09,0.18,0.09,0.0,0.09,0.0,0.0,0.0,0.0,26.45,24.27,2.18,91.75,18.82,5.45,0.55,0.0,0.0,0.82,50.0,11,6,527,0.18,0.0,0.82,0.0,2.36,0.0,1.91,48.84,0.64,46.67,1.27,50.0
478,981470,Serie A,Lecce,Corrie Ndaba,Defender,6.54,0.0,0.01,0.0,0.14,0.0,0.07,0.0,0.43,100.0,0.0,0.0,0.0,0.0,0.0,0.0,0.0,0.0,0.0,0.0,0.0,0.0,0.0,0.0,0.5,0.29,2.64,0.07,0.21,0.07,0.0,0.0,0.0,0.0,0.0,0.0,0.0,0.14,14.21,11.86,2.36,83.42,6.36,5.5,2.43,0.07,25.0,0.71,41.67,14,6,552,0.0,0.0,0.14,0.0,3.21,0.07,1.43,58.82,0.93,68.42,0.5,46.67
479,934409,Serie A,Torino,Marcus Pedersen,Midfielder,6.54,0.04,0.06,0.04,0.54,0.11,0.29,6.67,0.32,42.86,0.04,0.0,0.04,0.0,0.0,0.0,0.11,0.0,0.0,0.0,0.0,0.0,0.0,0.0,0.79,0.36,0.79,0.14,0.5,0.07,0.04,0.0,0.0,0.29,0.14,0.07,0.0,0.64,19.18,14.75,4.43,76.91,6.46,8.29,3.82,0.61,17.0,0.68,32.2,28,22,2069,0.11,0.0,1.11,0.21,11.04,0.39,1.57,32.59,1.32,35.92,0.25,21.88
480,957921,Serie A,Parma,Oliver Sørensen,Midfielder,6.53,0.03,0.05,0.06,0.42,0.09,0.18,7.14,0.18,27.27,0.03,0.0,0.03,0.0,0.0,0.03,0.06,0.0,0.0,0.0,0.0,0.0,0.0,0.0,0.55,0.52,0.94,0.06,0.45,0.0,0.0,0.0,0.0,0.06,0.03,0.03,0.0,0.3,15.39,12.73,2.67,82.68,5.03,7.7,4.03,0.06,14.29,0.52,48.57,33,19,1817,0.06,0.0,0.39,0.61,5.09,0.52,1.7,39.72,1.27,41.18,0.42,35.9
481,19352,Serie A,Inter,Matteo Darmian,Midfielder,6.53,0.0,0.0,0.0,0.0,0.0,0.0,0.0,0.0,0.0,0.0,0.0,0.0,0.0,0.0,0.0,0.17,0.0,0.0,0.0,0.0,0.0,0.0,0.0,0.5,0.17,0.67,0.5,0.0,0.0,0.0,0.0,0.0,0.0,0.0,0.0,0.0,0.0,20.17,18.33,1.83,90.91,7.33,11.0,5.83,0.17,16.67,0.5,42.86,6,2,246,0.0,0.0,0.67,0.33,4.0,0.0,1.0,40.0,0.83,45.45,0.17,25.0
482,978301,Serie A,Genoa,Jean Onana,Midfielder,6.53,0.0,0.01,0.0,0.33,0.0,0.33,0.0,0.0,0.0,0.0,0.0,0.0,0.0,0.0,0.0,0.0,0.0,0.0,0.0,0.0,0.0,0.0,0.0,1.0,0.0,0.0,0.67,0.0,0.0,0.0,0.0,0.0,0.0,0.0,0.0,0.0,0.33,7.67,5.67,2.0,73.91,3.33,2.33,1.33,0.0,0.0,0.67,50.0,3,0,45,0.0,0.0,1.33,0.0,3.33,1.0,1.33,33.33,1.0,30.0,0.33,50.0
483,1536811,Serie A,Udinese,Idrissa Gueye,Forward,6.53,0.06,0.09,0.17,0.94,0.28,0.33,5.88,0.11,50.0,0.06,0.0,0.0,0.0,0.06,0.06,0.17,0.0,0.0,0.0,0.0,0.0,0.0,0.0,0.33,0.17,0.22,0.11,0.22,0.0,0.0,0.0,0.0,0.0,0.0,0.0,0.0,0.22,3.78,2.56,1.22,67.65,0.72,1.83,1.17,0.06,25.0,0.0,0.0,18,1,391,0.11,0.0,0.83,0.5,3.06,0.33,2.11,49.35,0.94,44.74,1.17,53.85
484,1163083,Serie A,SSC Napoli,Giuseppe Ambrosino,Forward,6.53,0.0,0.0,0.0,0.0,0.0,0.0,0.0,0.67,100.0,0.0,0.0,0.0,0.0,0.0,0.0,0.0,0.0,0.0,0.0,0.0,0.0,0.0,0.0,0.0,0.0,0.0,0.33,0.0,0.0,0.0,0.0,0.0,0.0,0.0,0.0,0.0,0.0,1.67,0.67,1.0,40.0,0.0,0.67,0.0,0.0,0.0,0.0,0.0,3,0,41,0.0,0.0,0.33,0.33,1.67,0.33,1.33,57.14,1.0,60.0,0.33,50.0
485,1101942,Serie A,Lazio,Petar Ratkov,Forward,6.53,0.0,0.07,0.25,0.75,0.12,0.38,0.0,0.0,0.0,0.0,0.0,0.0,0.0,0.0,0.12,0.0,0.0,0.0,0.0,0.0,0.0,0.0,0.0,0.38,0.12,0.38,0.0,0.0,0.0,0.0,0.0,0.0,0.0,0.0,0.0,0.0,0.12,5.62,3.38,2.25,60.0,1.5,1.88,0.88,0.0,0.0,0.0,0.0,8,2,228,0.0,0.0,0.0,0.38,2.88,0.25,1.62,65.0,0.75,66.67,0.88,63.64
486,999231,Serie A,AS Roma,Evan Ferguson,Forward,6.53,0.19,0.16,0.25,1.69,0.94,0.62,11.11,0.5,47.06,0.19,0.0,0.0,0.06,0.12,0.0,0.19,0.0,0.0,0.0,0.0,0.0,0.0,0.0,0.44,0.06,0.12,0.06,0.25,0.0,0.0,0.0,0.0,0.06,0.12,0.12,0.0,0.94,10.31,7.94,2.38,76.97,2.19,5.75,3.62,0.06,50.0,0.25,100.0,16,10,776,0.06,0.0,0.69,0.56,6.69,1.25,2.12,30.36,1.5,35.29,0.62,22.73
487,1086417,Serie A,SSC Napoli,Rasmus Højlund,Forward,6.53,0.34,0.31,0.31,1.81,0.72,0.66,18.97,0.34,33.33,0.34,0.0,0.06,0.19,0.09,0.03,0.53,0.0,0.03,0.03,100.0,0.0,0.0,0.0,0.12,0.0,0.47,0.06,0.09,0.0,0.0,0.0,0.0,0.16,0.12,0.16,0.0,0.97,15.56,11.53,4.03,74.1,3.41,8.12,5.06,0.06,66.67,0.25,80.0,32,31,2671,0.03,0.0,1.16,1.59,9.72,1.88,3.38,35.64,2.03,35.52,1.34,35.83
488,1471239,Serie A,Hellas Verona,Isaac,Forward,6.53,0.0,0.0,0.0,0.0,0.0,0.0,0.0,0.33,100.0,0.0,0.0,0.0,0.0,0.0,0.0,0.0,0.0,0.0,0.0,0.0,0.0,0.0,0.0,0.0,0.0,0.0,0.0,0.0,0.0,0.0,0.0,0.0,0.0,0.0,0.0,0.0,0.0,7.33,6.67,0.67,90.91,1.67,5.0,2.33,0.0,0.0,0.0,0.0,3,0,37,0.0,0.0,0.33,0.67,1.33,0.33,1.33,57.14,1.0,60.0,0.33,50.0
489,1004790,Serie A,Parma,Jacob Ondrejka,Forward,6.53,0.0,0.07,0.12,1.31,0.44,0.5,0.0,0.62,33.33,0.0,0.0,0.0,0.0,0.0,0.06,0.06,0.0,0.0,0.0,0.0,0.0,0.0,0.0,0.44,0.19,0.19,0.0,0.25,0.0,0.0,0.0,0.0,0.0,0.0,0.0,0.0,0.31,12.81,10.19,2.62,79.51,2.44,7.75,4.69,0.25,30.77,0.19,75.0,16,9,776,0.12,0.0,0.5,0.88,5.88,0.75,2.0,39.51,1.94,41.89,0.06,14.29
490,835600,Serie A,Inter,Davide Frattesi,Midfielder,6.52,0.0,0.1,0.18,0.73,0.18,0.41,0.0,0.23,55.56,0.0,0.0,0.0,0.0,0.0,0.0,0.09,0.0,0.0,0.0,0.0,0.0,0.0,0.0,0.68,0.14,0.18,0.05,0.18,0.0,0.0,0.0,0.0,0.05,0.05,0.0,0.0,0.27,5.5,4.27,1.23,77.69,1.5,2.77,1.32,0.0,0.0,0.09,40.0,22,3,575,0.0,0.0,0.41,0.5,2.36,0.36,1.59,51.47,1.41,55.36,0.18,33.33
491,333261,Serie A,Cremonese,Antonio Sanabria,Forward,6.52,0.04,0.12,0.16,0.48,0.16,0.16,8.33,0.28,77.78,0.04,0.0,0.04,0.0,0.0,0.0,0.24,0.0,0.0,0.0,0.0,0.0,0.0,0.0,0.08,0.04,0.6,0.0,0.12,0.04,0.0,0.0,0.0,0.0,0.12,0.04,0.0,0.24,7.0,5.8,1.2,82.86,2.28,3.52,1.84,0.0,0.0,0.12,100.0,25,10,941,0.08,0.0,0.6,0.6,3.0,0.36,2.12,43.8,0.96,45.28,1.16,42.65
492,1170773,Serie A,SSC Napoli,Giovane,Forward,6.52,0.09,0.11,0.12,1.7,0.82,0.33,5.36,1.09,42.86,0.06,0.03,0.0,0.06,0.03,0.03,0.45,0.0,0.0,0.0,0.0,0.0,0.03,0.0,0.45,0.18,0.33,0.06,0.33,0.03,0.03,0.0,0.0,0.06,0.18,0.15,0.0,0.97,13.91,9.61,4.3,69.06,2.45,7.15,4.67,0.39,19.4,0.42,70.0,33,21,1883,0.06,0.0,0.73,0.73,11.42,1.24,3.39,32.37,2.27,38.27,1.12,24.67
493,869795,Serie A,Cagliari,Michael Folorunsho,Midfielder,6.52,0.07,0.12,0.19,1.33,0.33,0.59,5.56,0.81,44.0,0.04,0.04,0.04,0.0,0.04,0.04,0.48,0.0,0.0,0.0,0.0,0.0,0.0,0.0,0.89,0.33,1.04,0.11,0.63,0.0,0.04,0.0,0.0,0.11,0.07,0.0,0.04,0.56,18.0,11.96,6.04,66.46,5.19,6.78,3.67,0.15,18.18,0.74,37.74,27,24,2007,0.11,0.0,1.3,1.81,11.89,1.19,4.7,45.2,3.44,46.27,1.26,42.5
494,1152477,Serie A,Hellas Verona,Ioan Vermesan,Forward,6.52,0.0,0.06,0.2,0.8,0.2,0.6,0.0,0.0,0.0,0.0,0.0,0.0,0.0,0.0,0.0,0.0,0.0,0.0,0.0,0.0,0.0,0.0,0.0,0.0,0.0,0.2,0.0,0.0,0.0,0.0,0.0,0.0,0.0,0.0,0.0,0.0,0.0,5.0,3.6,1.4,72.0,1.0,2.6,2.2,0.0,0.0,0.0,0.0,5,0,84,0.0,0.0,0.0,0.2,2.0,0.0,0.8,66.67,0.2,50.0,0.6,75.0
495,139235,Serie A,Torino,Adrien Tameze,Defender,6.51,0.0,0.01,0.0,0.21,0.0,0.12,0.0,0.0,0.0,0.0,0.0,0.0,0.0,0.0,0.0,0.0,0.0,0.0,0.0,0.0,0.0,0.0,0.0,0.62,0.83,1.5,0.25,0.29,0.08,0.0,0.0,0.0,0.04,0.0,0.0,0.0,0.33,21.38,17.21,4.17,80.51,9.46,7.75,3.54,0.08,14.29,1.33,45.71,24,12,1133,0.12,0.0,0.67,0.29,5.46,0.08,1.71,46.59,0.92,42.31,0.79,52.78
496,905381,Serie A,Bologna,Thijs Dallinga,Forward,6.51,0.09,0.13,0.23,1.05,0.23,0.5,8.7,0.09,33.33,0.09,0.0,0.0,0.0,0.09,0.05,0.18,0.05,0.0,0.0,0.0,0.0,0.0,0.0,0.32,0.05,0.45,0.09,0.0,0.0,0.0,0.0,0.0,0.05,0.05,0.09,0.0,0.45,10.27,7.32,2.95,71.24,1.91,5.41,3.23,0.05,20.0,0.45,71.43,22,9,826,0.09,0.0,0.91,0.41,5.0,0.59,1.64,35.29,0.82,33.33,0.82,37.5
497,1022204,Serie A,Hellas Verona,Amin Sarr,Forward,6.51,0.0,0.04,0.03,0.55,0.18,0.18,0.0,0.3,43.48,0.0,0.0,0.0,0.0,0.0,0.0,0.21,0.0,0.0,0.0,0.0,0.0,0.0,0.0,0.45,0.09,0.3,0.0,0.12,0.0,0.0,0.0,0.0,0.0,0.03,0.03,0.0,0.45,8.55,6.42,2.12,75.18,1.64,4.79,2.79,0.03,9.09,0.09,60.0,33,9,1067,0.0,0.03,0.76,0.64,4.48,0.64,2.48,40.0,1.39,43.4,1.09,36.36
498,1963449,Serie A,Parma,Sascha Britschgi,Defender,6.51,0.0,0.02,0.0,0.46,0.11,0.21,0.0,0.32,50.0,0.0,0.0,0.0,0.0,0.0,0.04,0.0,0.0,0.0,0.0,0.0,0.0,0.0,0.0,1.18,0.29,1.36,0.18,1.14,0.0,0.04,0.07,0.0,0.25,0.11,0.07,0.04,0.64,21.18,16.11,5.07,76.05,8.61,7.5,4.14,0.39,22.92,0.54,35.71,28,21,2040,0.14,0.04,0.61,0.79,9.29,0.64,2.68,45.18,2.29,46.04,0.39,40.74
499,835480,Serie A,Juventus,Loïs Openda,Forward,6.51,0.04,0.15,0.21,1.08,0.25,0.54,3.85,0.17,36.36,0.04,0.0,0.0,0.0,0.04,0.0,0.46,0.0,0.0,0.0,0.0,0.0,0.0,0.0,0.25,0.04,0.12,0.04,0.04,0.0,0.04,0.0,0.0,0.0,0.04,0.0,0.0,0.33,6.29,4.58,1.71,72.85,1.5,3.08,2.12,0.04,14.29,0.08,50.0,24,6,675,0.0,0.0,0.33,0.88,3.46,0.25,1.58,48.1,1.25,58.82,0.33,28.57
500,1019125,Serie A,Lecce,Omri Gandelman,Midfielder,6.51,0.11,0.08,0.0,0.56,0.17,0.22,20.0,0.11,20.0,0.11,0.0,0.06,0.06,0.0,0.06,0.06,0.0,0.0,0.0,0.0,0.0,0.0,0.0,0.5,0.22,0.72,0.06,0.28,0.0,0.0,0.0,0.0,0.06,0.11,0.06,0.0,0.39,13.0,8.39,4.61,64.53,2.72,5.67,2.72,0.06,25.0,0.11,33.33,18,10,933,0.0,0.0,0.67,0.17,7.28,0.83,3.67,37.71,0.78,26.42,2.89,42.62
501,910121,Serie A,Lazio,Fisayo Dele-Bashiru,Midfielder,6.5,0.0,0.03,0.0,0.35,0.04,0.26,0.0,0.22,38.46,0.0,0.0,0.0,0.0,0.0,0.0,0.09,0.0,0.0,0.0,0.0,0.0,0.0,0.0,0.78,0.13,0.43,0.0,0.13,0.0,0.09,0.0,0.0,0.09,0.04,0.0,0.0,0.39,17.7,16.3,1.39,92.14,7.17,9.13,4.91,0.04,12.5,0.09,33.33,23,10,1103,0.0,0.0,0.3,0.13,3.61,0.65,1.3,41.67,1.13,44.83,0.17,28.57
502,857480,Serie A,Pisa,Calvin Stengs,Midfielder,6.5,0.0,0.02,0.0,0.5,0.25,0.25,0.0,0.0,0.0,0.0,0.0,0.0,0.0,0.0,0.0,0.0,0.0,0.0,0.0,0.0,0.0,0.0,0.0,0.5,0.0,0.0,0.0,0.5,0.0,0.0,0.0,0.0,0.0,0.0,0.0,0.0,0.25,7.0,5.75,1.25,82.14,2.0,3.75,3.25,0.0,0.0,0.25,50.0,4,0,61,0.0,0.0,0.0,0.5,4.0,1.5,1.25,35.71,1.0,33.33,0.25,50.0
503,1417034,Serie A,AS Roma,Alessandro Romano,Midfielder,6.5,0.0,0.0,0.0,0.0,0.0,0.0,0.0,0.5,100.0,0.0,0.0,0.0,0.0,0.0,0.0,0.0,0.0,0.0,0.0,0.0,0.0,0.0,0.0,0.0,0.0,0.0,0.0,0.5,0.0,0.0,0.0,0.0,0.0,0.0,0.0,0.0,0.0,3.5,3.0,0.5,85.71,1.5,1.5,1.0,0.0,0.0,0.0,0.0,2,0,10,0.0,0.0,1.0,0.0,1.0,0.0,0.5,25.0,0.5,25.0,0.0,0.0
504,2205650,Serie A,Milan,Cheveyo Mul-Balentien,Forward,6.5,0.0,0.04,0.0,0.5,0.0,0.5,0.0,0.0,0.0,0.0,0.0,0.0,0.0,0.0,0.0,0.0,0.0,0.0,0.0,0.0,0.0,0.0,0.0,0.0,0.0,0.0,0.0,0.5,0.0,0.0,0.0,0.0,0.0,0.0,0.0,0.0,0.0,0.5,0.0,0.5,0.0,0.0,0.0,0.0,0.0,0.0,0.0,0.0,2,0,9,0.0,0.0,0.0,0.0,2.0,0.5,0.0,0.0,0.0,0.0,0.0,0.0
505,1034241,Serie A,Sassuolo,Laurs Skjellerup,Forward,6.5,0.0,0.02,0.0,1.0,0.0,0.0,0.0,0.0,0.0,0.0,0.0,0.0,0.0,0.0,0.0,0.0,0.0,0.0,0.0,0.0,0.0,0.0,0.0,0.0,0.0,0.0,0.0,0.0,0.0,0.0,0.0,0.0,0.0,0.0,0.0,0.0,0.0,3.0,0.0,3.0,0.0,0.0,0.0,0.0,0.0,0.0,0.0,0.0,1,0,9,0.0,0.0,0.0,0.0,3.0,0.0,1.0,100.0,0.0,0.0,1.0,100.0
506,150611,Serie A,Pisa,Nícolas,Goalkeeper,6.5,0.0,0.0,0.0,0.0,0.0,0.0,0.0,0.17,100.0,0.0,0.0,0.0,0.0,0.0,0.0,0.0,0.0,0.0,0.0,0.0,0.0,0.0,0.0,0.0,0.0,0.67,0.0,0.33,0.0,0.0,0.0,0.0,0.0,0.0,0.0,0.0,0.0,31.83,20.67,11.17,64.92,13.67,7.0,1.83,0.0,0.0,9.33,45.53,6,6,540,0.0,0.0,0.0,0.5,11.17,0.0,1.17,77.78,0.5,60.0,0.67,100.0
507,1922473,Serie A,Pisa,Daniel Denoon,Defender,6.5,0.0,0.0,0.0,0.0,0.0,0.0,0.0,0.0,0.0,0.0,0.0,0.0,0.0,0.0,0.0,0.0,0.0,0.0,0.0,0.0,0.0,0.0,0.0,1.5,0.5,1.5,0.0,0.0,0.0,0.0,0.0,0.0,0.0,0.0,0.0,0.0,0.0,16.0,13.5,2.5,84.38,11.5,2.0,0.0,0.0,0.0,0.5,33.33,2,2,123,0.5,0.0,2.0,1.5,5.5,0.5,3.0,46.15,3.0,54.55,0.0,0.0
508,1217613,Serie A,Hellas Verona,Gift Orban,Forward,6.5,0.25,0.38,0.43,3.04,1.0,1.18,8.24,0.68,50.0,0.18,0.07,0.0,0.07,0.18,0.11,0.71,0.0,0.07,0.07,100.0,0.0,0.25,0.0,0.14,0.14,0.32,0.0,0.29,0.0,0.0,0.0,0.0,0.04,0.11,0.07,0.0,0.71,13.43,9.64,3.79,71.81,3.04,6.61,3.57,0.18,33.33,0.46,46.43,28,23,2036,0.14,0.04,0.82,0.75,8.14,1.11,2.54,34.63,1.5,36.21,1.04,32.58
509,984527,Serie A,Parma,Abdoulaye Ndiaye,Defender,6.5,0.0,0.06,0.1,0.6,0.0,0.6,0.0,0.2,66.67,0.0,0.0,0.0,0.0,0.0,0.0,0.0,0.0,0.0,0.0,0.0,0.0,0.0,0.0,1.5,1.2,4.2,0.3,0.7,0.0,0.1,0.1,0.0,0.2,0.0,0.0,0.0,0.1,40.8,34.2,6.6,83.82,25.2,9.0,2.0,0.0,0.0,1.4,31.82,10,9,751,0.3,0.1,1.3,1.2,7.4,0.1,5.2,55.91,2.8,57.14,2.4,54.55
510,132645,Serie A,Milan,Niclas Füllkrug,Forward,6.5,0.05,0.21,0.26,0.84,0.26,0.32,6.25,0.16,50.0,0.05,0.0,0.05,0.0,0.0,0.05,0.63,0.0,0.05,0.0,0.0,0.0,0.0,0.0,0.05,0.16,0.68,0.0,0.16,0.0,0.05,0.0,0.0,0.0,0.21,0.0,0.0,0.47,8.95,6.42,2.53,71.76,2.37,4.05,2.84,0.0,0.0,0.11,66.67,19,3,618,0.0,0.0,0.42,0.42,4.0,0.26,1.53,42.03,0.63,41.38,0.89,42.5
511,1153193,Serie A,Cremonese,Dachi Lordkipanidze,Midfielder,6.5,0.0,0.0,0.0,0.0,0.0,0.0,0.0,0.0,0.0,0.0,0.0,0.0,0.0,0.0,0.0,0.0,0.0,0.0,0.0,0.0,0.0,0.0,0.0,0.0,1.0,1.0,0.0,0.0,0.0,0.0,0.0,0.0,0.0,0.0,0.0,0.0,0.0,7.0,5.0,2.0,71.43,4.0,1.0,0.0,0.0,0.0,1.0,100.0,1,0,28,0.0,0.0,0.0,0.0,4.0,2.0,1.0,25.0,0.0,0.0,1.0,50.0
512,829581,Serie A,Sassuolo,Nicholas Pierini,Forward,6.49,0.0,0.03,0.0,0.45,0.18,0.09,0.0,0.18,28.57,0.0,0.0,0.0,0.0,0.0,0.09,0.0,0.0,0.0,0.0,0.0,0.0,0.18,0.0,0.36,0.18,0.09,0.0,0.0,0.0,0.0,0.0,0.0,0.0,0.0,0.0,0.0,0.36,4.82,4.0,0.82,83.02,0.55,3.45,2.0,0.36,44.44,0.0,0.0,11,0,144,0.09,0.0,0.09,0.27,2.91,0.73,1.0,39.29,0.82,39.13,0.18,40.0
513,1029748,Serie A,Lecce,Nikola Štulić,Forward,6.49,0.12,0.14,0.12,1.0,0.27,0.36,12.12,0.12,44.44,0.12,0.0,0.0,0.03,0.09,0.0,0.27,0.0,0.03,0.03,100.0,0.0,0.0,0.0,0.36,0.06,0.39,0.12,0.09,0.0,0.0,0.0,0.0,0.0,0.06,0.0,0.0,0.61,9.39,6.45,2.94,68.71,2.15,4.3,2.48,0.03,100.0,0.09,75.0,33,20,1715,0.03,0.0,1.12,0.79,5.06,0.55,2.7,37.71,1.18,40.21,1.52,35.97
514,984998,Serie A,Lecce,Santiago Pierotti,Forward,6.49,0.03,0.09,0.14,0.89,0.22,0.36,3.13,1.06,39.58,0.03,0.0,0.03,0.0,0.0,0.03,0.19,0.0,0.0,0.0,0.0,0.0,0.0,0.0,2.25,0.56,0.67,0.14,1.08,0.0,0.03,0.0,0.0,0.03,0.06,0.03,0.0,0.58,17.28,13.11,4.17,75.88,4.17,8.94,4.58,0.08,13.64,0.25,56.25,36,30,2533,0.11,0.0,1.83,0.61,11.25,2.03,5.33,37.57,3.92,37.8,1.42,36.96
515,605374,Serie A,Lecce,Tete Morente,Forward,6.49,0.0,0.04,0.06,0.88,0.12,0.25,0.0,0.56,33.33,0.0,0.0,0.0,0.0,0.0,0.06,0.06,0.0,0.0,0.0,0.0,0.0,0.06,0.0,0.69,0.19,0.81,0.12,0.81,0.0,0.06,0.06,0.0,0.06,0.06,0.0,0.0,0.62,16.38,12.19,4.19,74.43,3.0,9.19,5.69,0.25,13.79,0.75,50.0,16,9,859,0.12,0.0,0.81,0.75,8.94,0.88,2.62,38.89,2.0,36.78,0.62,47.62
516,915812,Serie A,Hellas Verona,Abdou Harroui,Midfielder,6.49,0.05,0.05,0.0,0.55,0.09,0.18,8.33,0.45,43.48,0.05,0.0,0.0,0.0,0.05,0.0,0.09,0.0,0.05,0.05,100.0,0.0,0.0,0.0,1.14,0.05,0.36,0.09,0.32,0.0,0.0,0.0,0.0,0.0,0.0,0.0,0.0,0.64,15.68,12.73,2.95,81.16,5.0,7.73,4.05,0.32,25.0,0.55,40.0,22,10,859,0.14,0.0,0.95,0.05,6.64,0.64,1.68,35.58,1.64,40.45,0.05,6.67
517,1133715,Serie A,Parma,Mathias Løvik,Midfielder,6.49,0.0,0.02,0.0,0.33,0.0,0.22,0.0,0.22,18.18,0.0,0.0,0.0,0.0,0.0,0.0,0.22,0.0,0.0,0.0,0.0,0.0,0.0,0.0,1.22,0.67,1.0,0.0,0.67,0.0,0.0,0.0,0.0,0.0,0.0,0.0,0.0,0.22,14.11,11.22,2.89,79.53,5.56,5.67,2.44,0.44,26.67,0.56,41.67,9,5,479,0.0,0.0,0.33,0.22,6.89,0.0,2.0,39.13,1.67,45.45,0.33,23.08
518,1201388,Serie A,Parma,Christian Ordoñez,Midfielder,6.48,0.04,0.02,0.0,0.3,0.07,0.15,12.5,0.15,30.77,0.0,0.04,0.0,0.0,0.04,0.0,0.0,0.0,0.0,0.0,0.0,0.0,0.0,0.0,0.85,0.22,0.41,0.26,0.7,0.0,0.0,0.0,0.0,0.04,0.0,0.0,0.0,0.15,8.37,6.93,1.44,82.74,2.93,4.0,2.04,0.04,10.0,0.04,12.5,27,11,1005,0.11,0.04,0.59,0.37,3.41,0.41,1.59,36.75,1.37,40.22,0.22,24.0
519,958982,Serie A,Fiorentina,Roberto Piccoli,Forward,6.48,0.1,0.2,0.39,1.42,0.45,0.68,6.82,0.26,42.11,0.1,0.0,0.0,0.06,0.03,0.06,0.35,0.0,0.0,0.0,0.0,0.0,0.0,0.0,0.23,0.13,0.42,0.0,0.03,0.0,0.0,0.0,0.0,0.13,0.03,0.03,0.0,0.48,7.1,4.68,2.42,65.91,1.55,3.13,1.61,0.03,20.0,0.0,0.0,31,15,1608,0.03,0.0,0.97,1.23,6.32,0.81,3.35,41.94,1.71,46.9,1.65,37.78
520,949780,Serie A,Sassuolo,Luca Moro,Forward,6.48,0.0,0.04,0.14,0.43,0.07,0.36,0.0,0.07,100.0,0.0,0.0,0.0,0.0,0.0,0.0,0.14,0.0,0.0,0.0,0.0,0.0,0.0,0.0,0.36,0.14,0.14,0.0,0.21,0.0,0.0,0.0,0.0,0.0,0.07,0.0,0.0,0.07,3.14,2.43,0.71,77.27,0.79,1.64,0.93,0.0,0.0,0.07,50.0,14,1,231,0.07,0.0,0.5,0.64,2.43,0.29,1.93,51.92,1.07,51.72,0.86,52.17
521,996919,Serie A,Pisa,Samuel Iling Junior,Forward,6.48,0.0,0.0,0.0,0.0,0.0,0.0,0.0,0.0,0.0,0.0,0.0,0.0,0.0,0.0,0.0,0.0,0.0,0.0,0.0,0.0,0.0,0.0,0.0,0.4,0.0,0.0,0.0,0.2,0.0,0.0,0.0,0.0,0.0,0.0,0.0,0.0,0.2,6.0,3.4,2.6,56.67,1.8,1.6,1.0,0.2,20.0,0.0,0.0,5,1,107,0.0,0.0,0.2,0.0,5.4,0.6,0.4,16.67,0.4,20.0,0.0,0.0
522,132704,Serie A,Cagliari,Leonardo Pavoletti,Forward,6.48,0.08,0.09,0.15,0.46,0.08,0.23,16.67,0.0,0.0,0.08,0.0,0.0,0.0,0.08,0.0,0.15,0.0,0.0,0.0,0.0,0.0,0.0,0.0,0.15,0.08,0.15,0.0,0.15,0.0,0.0,0.0,0.0,0.0,0.08,0.08,0.0,0.15,4.85,2.85,2.0,58.73,1.62,1.23,1.0,0.0,0.0,0.08,50.0,13,1,246,0.08,0.0,0.77,0.0,2.54,0.0,1.0,33.33,0.15,18.18,0.85,39.29
523,839925,Serie A,Cremonese,Michele Collocolo,Midfielder,6.48,0.0,0.01,0.0,0.29,0.14,0.0,0.0,0.14,100.0,0.0,0.0,0.0,0.0,0.0,0.0,0.0,0.0,0.0,0.0,0.0,0.0,0.0,0.0,0.43,0.14,0.29,0.14,0.43,0.0,0.0,0.0,0.0,0.14,0.0,0.0,0.0,0.29,16.0,13.29,2.71,83.04,8.71,4.57,2.29,0.0,0.0,0.43,37.5,7,5,318,0.14,0.0,0.29,0.29,5.71,0.71,1.29,42.86,0.86,40.0,0.43,50.0
524,960080,Serie A,Lazio,Boulaye Dia,Forward,6.47,0.04,0.08,0.12,0.46,0.27,0.04,8.33,0.19,55.56,0.04,0.0,0.0,0.0,0.04,0.0,0.15,0.0,0.0,0.0,0.0,0.0,0.0,0.0,0.5,0.12,0.65,0.08,0.15,0.0,0.0,0.0,0.0,0.08,0.12,0.08,0.0,0.54,12.23,10.19,2.04,83.33,4.19,6.0,2.73,0.0,0.0,0.23,66.67,26,14,1227,0.04,0.0,0.73,0.54,4.54,0.96,1.77,34.85,1.23,39.51,0.54,27.45
525,795044,Serie A,Parma,Patrick Cutrone,Forward,6.47,0.07,0.17,0.33,1.67,0.47,0.67,4.0,0.27,33.33,0.07,0.0,0.0,0.0,0.07,0.07,0.53,0.0,0.0,0.0,0.0,0.0,0.0,0.0,0.4,0.2,0.47,0.13,0.27,0.0,0.0,0.0,0.0,0.07,0.13,0.0,0.0,0.2,11.67,7.67,4.0,65.71,1.87,5.8,3.2,0.0,0.0,0.07,12.5,15,11,891,0.0,0.0,0.47,1.07,7.93,0.33,2.33,44.3,1.67,51.02,0.67,33.33
526,892141,Serie A,Milan,Santiago Giménez,Forward,6.46,0.0,0.21,0.47,1.67,0.6,0.8,0.0,0.2,17.65,0.0,0.0,0.0,0.0,0.0,0.2,0.47,0.13,0.0,0.0,0.0,0.0,0.07,0.0,0.47,0.07,0.07,0.07,0.13,0.0,0.0,0.0,0.0,0.0,0.0,0.0,0.0,0.2,8.67,6.93,1.73,80.0,2.93,4.0,2.53,0.07,100.0,0.0,0.0,15,10,851,0.13,0.0,0.6,0.93,4.93,0.67,2.0,37.04,1.6,41.38,0.4,26.09
527,1162611,Serie A,Bologna,Benjamín Domínguez,Midfielder,6.46,0.0,0.04,0.0,0.8,0.13,0.33,0.0,0.6,42.86,0.0,0.0,0.0,0.0,0.0,0.0,0.2,0.0,0.0,0.0,0.0,0.0,0.0,0.0,0.6,0.13,0.0,0.0,0.53,0.0,0.0,0.0,0.0,0.0,0.0,0.2,0.0,0.47,8.07,6.47,1.6,80.17,1.4,5.07,3.47,0.0,0.0,0.27,36.36,15,6,543,0.07,0.0,0.4,1.2,6.0,1.2,2.53,40.43,2.4,45.57,0.13,13.33
528,1183625,Serie A,Pisa,Giovanni Bonfanti,Defender,6.46,0.0,0.04,0.0,0.67,0.11,0.33,0.0,0.56,41.67,0.0,0.0,0.0,0.0,0.0,0.0,0.0,0.0,0.0,0.0,0.0,0.0,0.0,0.0,1.44,0.78,2.89,0.22,0.22,0.0,0.0,0.0,0.0,0.11,0.0,0.0,0.0,0.33,15.56,10.11,5.44,65.0,6.67,3.44,1.89,0.22,16.67,1.22,31.43,9,6,495,0.11,0.0,1.11,0.33,10.78,0.56,3.33,49.18,2.33,47.73,1.0,52.94
529,882592,Serie A,Sassuolo,Daniel Boloca,Midfielder,6.45,0.0,0.12,0.0,1.0,0.0,1.0,0.0,0.5,50.0,0.0,0.0,0.0,0.0,0.0,0.0,0.0,0.0,0.0,0.0,0.0,0.0,0.0,0.0,1.0,1.0,1.0,0.0,0.5,0.0,0.0,0.0,0.0,0.0,0.0,0.0,0.0,0.5,28.0,26.5,1.5,94.64,11.0,15.5,7.0,0.0,0.0,1.0,66.67,2,2,135,0.0,0.0,0.0,0.5,3.0,0.0,2.0,44.44,2.0,66.67,0.0,0.0
530,136322,Serie A,Lazio,Elseid Hysaj,Defender,6.45,0.0,0.0,0.0,0.0,0.0,0.0,0.0,0.0,0.0,0.0,0.0,0.0,0.0,0.0,0.0,0.0,0.0,0.0,0.0,0.0,0.0,0.0,0.0,0.4,0.4,1.4,0.0,0.2,0.0,0.0,0.0,0.0,0.0,0.0,0.0,0.0,0.0,14.8,11.4,3.4,77.03,6.4,5.0,2.4,0.2,50.0,0.6,33.33,5,1,170,0.0,0.0,0.0,0.2,4.2,0.0,1.0,62.5,0.6,60.0,0.4,66.67
531,1910643,Serie A,Lecce,Christ-Owen Kouassi,Defender,6.45,0.0,0.0,0.0,0.0,0.0,0.0,0.0,0.0,0.0,0.0,0.0,0.0,0.0,0.0,0.0,0.0,0.0,0.0,0.0,0.0,0.0,0.0,0.0,2.75,0.25,2.0,0.0,0.0,0.0,0.25,0.25,0.0,0.0,0.0,0.0,0.0,0.0,20.25,16.25,4.0,80.25,7.5,8.75,3.5,0.25,50.0,1.0,50.0,4,3,228,0.0,0.0,0.25,0.75,7.0,0.25,4.25,80.95,3.5,82.35,0.75,75.0
532,1086199,Serie A,Parma,Franco Carboni,Midfielder,6.45,0.0,0.0,0.0,0.0,0.0,0.0,0.0,0.17,25.0,0.0,0.0,0.0,0.0,0.0,0.0,0.0,0.0,0.0,0.0,0.0,0.0,0.0,0.0,0.33,0.17,0.5,0.0,0.17,0.0,0.0,0.0,0.0,0.0,0.0,0.0,0.0,0.0,4.0,3.17,0.83,79.17,2.17,1.0,0.5,0.0,0.0,0.17,50.0,6,1,109,0.0,0.0,0.5,0.0,2.0,0.0,1.0,40.0,0.5,30.0,0.5,60.0
533,844480,Serie A,Hellas Verona,Pol Lirola,Defender,6.45,0.0,0.0,0.0,0.0,0.0,0.0,0.0,0.17,25.0,0.0,0.0,0.0,0.0,0.0,0.0,0.0,0.0,0.0,0.0,0.0,0.0,0.0,0.0,0.83,0.67,1.0,0.17,0.33,0.0,0.0,0.0,0.0,0.0,0.0,0.0,0.0,0.17,18.83,11.83,7.0,62.83,4.33,7.5,3.17,0.17,6.25,0.67,28.57,6,3,313,0.17,0.0,0.5,0.0,12.5,0.33,1.33,36.36,1.0,37.5,0.33,33.33
534,812946,Serie A,Fiorentina,Christian Kouamé,Forward,6.45,0.0,0.0,0.0,0.0,0.0,0.0,0.0,0.0,0.0,0.0,0.0,0.0,0.0,0.0,0.0,0.0,0.0,0.0,0.0,0.0,0.0,0.0,0.0,0.5,0.5,0.5,0.0,0.0,0.0,0.0,0.0,0.0,0.0,0.0,0.0,0.0,0.0,7.5,6.0,1.5,80.0,1.5,4.5,2.0,0.0,0.0,0.0,0.0,2,0,32,0.0,0.0,0.0,0.0,2.5,0.0,0.5,50.0,0.5,100.0,0.0,0.0
535,826026,Serie A,Torino,Sandro Kulenović,Forward,6.44,0.0,0.05,0.08,0.38,0.15,0.08,0.0,0.15,40.0,0.0,0.0,0.0,0.0,0.0,0.0,0.0,0.0,0.0,0.0,0.0,0.0,0.0,0.0,0.31,0.08,0.31,0.08,0.08,0.0,0.0,0.0,0.0,0.0,0.0,0.08,0.0,0.38,5.0,3.15,1.85,63.08,1.08,2.08,1.54,0.08,100.0,0.08,33.33,13,3,310,0.15,0.0,0.85,0.31,3.46,0.46,1.08,32.56,0.77,33.33,0.31,30.77
536,808590,Serie A,AS Roma,Leon Bailey,Midfielder,6.44,0.0,0.02,0.0,0.43,0.14,0.0,0.0,0.29,33.33,0.0,0.0,0.0,0.0,0.0,0.0,0.14,0.0,0.0,0.0,0.0,0.0,0.0,0.0,0.29,0.0,0.0,0.0,0.14,0.0,0.0,0.0,0.0,0.0,0.0,0.0,0.0,0.29,8.43,7.0,1.43,83.05,1.57,5.43,3.86,0.29,14.29,0.0,0.0,7,1,182,0.0,0.0,0.29,0.14,5.57,0.29,1.14,38.1,0.71,35.71,0.43,42.86
537,1184248,Serie A,Pisa,Henrik Wendel Meister,Forward,6.43,0.07,0.13,0.32,0.71,0.29,0.29,10.0,0.46,35.14,0.07,0.0,0.0,0.0,0.07,0.04,0.18,0.0,0.0,0.0,0.0,0.0,0.0,0.0,0.18,0.04,0.25,0.0,0.18,0.0,0.0,0.0,0.0,0.0,0.04,0.0,0.0,0.18,5.57,3.57,2.0,64.1,1.0,2.57,1.46,0.0,0.0,0.07,33.33,28,15,1512,0.07,0.0,0.93,0.61,5.71,0.93,2.43,35.79,1.25,31.25,1.18,42.31
538,959003,Serie A,Pisa,Filip Stojilković,Forward,6.43,0.0,0.23,0.5,0.83,0.33,0.42,0.0,0.17,50.0,0.0,0.0,0.0,0.0,0.0,0.08,1.0,0.0,0.0,0.0,0.0,0.0,0.0,0.0,0.17,0.0,0.08,0.08,0.08,0.0,0.0,0.0,0.0,0.0,0.08,0.0,0.0,0.08,4.92,3.58,1.33,72.88,2.17,1.42,1.0,0.08,50.0,0.08,100.0,12,7,597,0.0,0.0,0.67,0.0,2.42,0.25,0.42,17.86,0.33,22.22,0.08,10.0
539,1910527,Serie A,Cagliari,Joseph Liteta,Midfielder,6.43,0.0,0.0,0.0,0.0,0.0,0.0,0.0,0.5,100.0,0.0,0.0,0.0,0.0,0.0,0.0,0.0,0.0,0.0,0.0,0.0,0.0,0.0,0.0,1.25,2.0,0.75,0.75,1.75,0.0,0.0,0.0,0.0,0.0,0.0,0.0,0.0,0.0,32.75,27.75,5.0,84.73,18.0,9.75,3.0,0.0,0.0,1.0,28.57,4,4,266,0.0,0.0,1.0,0.0,7.0,1.0,2.25,34.62,1.75,31.82,0.5,50.0
540,935564,Serie A,Juventus,Jonathan David,Forward,6.43,0.18,0.26,0.38,1.21,0.47,0.41,14.63,0.18,24.0,0.18,0.0,0.03,0.12,0.03,0.09,0.32,0.0,0.03,0.0,0.0,0.0,0.0,0.0,0.5,0.15,0.15,0.0,0.26,0.03,0.0,0.0,0.0,0.03,0.15,0.12,0.0,0.97,15.21,12.0,3.21,78.92,3.0,9.0,5.38,0.0,0.0,0.15,50.0,34,20,1767,0.0,0.0,0.85,0.76,6.94,0.65,1.94,35.29,1.44,38.58,0.5,28.33
541,1520771,Serie A,Lecce,Francesco Camarda,Forward,6.43,0.05,0.09,0.14,0.76,0.14,0.33,6.25,0.14,33.33,0.05,0.0,0.05,0.0,0.0,0.0,0.1,0.0,0.05,0.0,0.0,0.0,0.0,0.0,0.14,0.0,0.1,0.05,0.24,0.0,0.0,0.0,0.0,0.0,0.05,0.0,0.0,0.19,5.1,3.62,1.48,71.03,1.38,2.24,1.14,0.0,0.0,0.14,60.0,21,7,693,0.05,0.0,0.57,0.19,3.38,0.29,1.14,28.92,0.48,27.03,0.67,30.43
542,997583,Serie A,Pisa,Malthe Højholt,Midfielder,6.42,0.0,0.05,0.12,0.25,0.12,0.12,0.0,0.06,33.33,0.0,0.0,0.0,0.0,0.0,0.0,0.0,0.0,0.0,0.0,0.0,0.0,0.0,0.0,0.75,0.56,0.44,0.19,0.94,0.0,0.0,0.0,0.0,0.0,0.0,0.0,0.0,0.19,15.38,12.88,2.5,83.74,7.81,5.06,2.12,0.06,25.0,0.38,33.33,16,9,811,0.12,0.0,0.88,0.31,3.44,0.19,1.44,35.38,1.12,34.62,0.31,38.46
543,1009268,Serie A,Fiorentina,Mattia Viti,Defender,6.42,0.0,0.0,0.0,0.0,0.0,0.0,0.0,0.1,50.0,0.0,0.0,0.0,0.0,0.0,0.0,0.0,0.0,0.0,0.0,0.0,0.0,0.0,0.0,0.9,0.4,1.5,0.1,0.2,0.0,0.0,0.1,0.0,0.0,0.0,0.0,0.0,0.0,14.3,12.0,2.3,83.92,5.9,6.1,2.2,0.0,0.0,1.2,57.14,10,2,267,0.1,0.1,0.9,0.4,4.0,0.3,1.8,43.9,1.4,48.28,0.4,33.33
544,796455,Serie A,Udinese,Vakoun Issouf Bayo,Forward,6.41,0.0,0.09,0.2,0.93,0.13,0.8,0.0,0.07,14.29,0.0,0.0,0.0,0.0,0.0,0.0,0.33,0.0,0.0,0.0,0.0,0.0,0.0,0.0,0.13,0.0,0.13,0.07,0.07,0.0,0.0,0.0,0.0,0.0,0.07,0.13,0.0,0.2,7.47,5.6,1.87,75.0,1.6,4.0,2.6,0.0,0.0,0.13,33.33,15,4,451,0.0,0.0,1.0,0.4,4.33,0.4,2.27,37.78,0.6,25.71,1.67,45.45
545,1164381,Serie A,Genoa,Seydou Fini,Forward,6.4,0.0,0.0,0.0,0.0,0.0,0.0,0.0,1.0,100.0,0.0,0.0,0.0,0.0,0.0,0.0,2.0,0.0,0.0,0.0,0.0,0.0,0.0,0.0,0.0,0.0,1.0,0.0,0.0,0.0,0.0,0.0,0.0,0.0,0.0,0.0,0.0,1.0,3.0,2.0,1.0,66.67,0.0,2.0,1.0,0.0,0.0,0.0,0.0,1,0,31,0.0,0.0,1.0,0.0,4.0,0.0,1.0,33.33,1.0,50.0,0.0,0.0
546,1822931,Serie A,Inter,Matteo Lavelli,Forward,6.4,0.0,0.0,0.0,0.0,0.0,0.0,0.0,0.0,0.0,0.0,0.0,0.0,0.0,0.0,0.0,0.0,0.0,0.0,0.0,0.0,0.0,0.0,0.0,0.0,0.0,0.0,0.0,0.0,0.0,0.0,0.0,0.0,0.0,0.0,0.0,0.0,0.0,1.0,1.0,0.0,100.0,1.0,0.0,0.0,0.0,0.0,0.0,0.0,1,0,12,0.0,0.0,0.0,0.0,3.0,0.0,0.0,0.0,0.0,0.0,0.0,0.0
547,1838644,Serie A,Sassuolo,Christian Frangella,Midfielder,6.4,0.0,0.0,0.0,0.0,0.0,0.0,0.0,0.0,0.0,0.0,0.0,0.0,0.0,0.0,0.0,1.0,0.0,0.0,0.0,0.0,0.0,0.0,0.0,0.0,1.0,0.0,0.0,0.0,0.0,0.0,0.0,0.0,0.0,0.0,0.0,0.0,0.0,7.0,4.0,3.0,57.14,1.0,3.0,1.0,0.0,0.0,0.0,0.0,1,0,9,0.0,0.0,0.0,0.0,6.0,0.0,0.0,0.0,0.0,0.0,0.0,0.0
548,1125917,Serie A,Pisa,Felipe Loyola,Midfielder,6.39,0.1,0.06,0.0,0.8,0.1,0.3,12.5,0.3,50.0,0.1,0.0,0.0,0.0,0.1,0.0,0.0,0.0,0.0,0.0,0.0,0.0,0.0,0.0,1.0,0.7,0.8,0.1,0.4,0.0,0.0,0.1,0.0,0.0,0.1,0.0,0.0,0.4,18.9,16.2,2.7,85.71,8.3,7.9,2.9,0.0,0.0,0.9,69.23,10,6,509,0.0,0.1,0.8,0.2,6.3,1.1,1.6,33.33,1.5,36.59,0.1,14.29
549,964154,Serie A,Hellas Verona,Tomáš Suslov,Forward,6.39,0.0,0.05,0.1,1.1,0.3,0.3,0.0,0.4,23.53,0.0,0.0,0.0,0.0,0.0,0.0,0.0,0.0,0.0,0.0,0.0,0.0,0.1,0.0,0.7,0.1,0.1,0.0,0.6,0.0,0.0,0.0,0.0,0.0,0.0,0.0,0.0,0.3,9.2,7.6,1.6,82.61,3.8,3.8,2.5,0.4,22.22,0.5,50.0,10,4,387,0.1,0.1,0.8,1.1,6.6,0.4,2.2,40.0,2.2,41.51,0.0,0.0
550,1152386,Serie A,Pisa,Rafiu Durosinmi,Forward,6.38,0.08,0.07,0.08,0.75,0.42,0.25,11.11,0.25,42.86,0.08,0.0,0.08,0.0,0.0,0.0,0.25,0.0,0.0,0.0,0.0,0.0,0.0,0.0,0.0,0.08,0.42,0.0,0.17,0.0,0.0,0.0,0.0,0.0,0.0,0.08,0.0,0.25,7.08,4.25,2.83,60.0,1.17,3.08,1.42,0.0,0.0,0.25,100.0,12,4,430,0.08,0.08,1.25,0.17,5.75,0.92,2.33,32.56,0.42,14.71,1.92,44.23
551,1130662,Serie A,Lecce,Sadik Fofana,Midfielder,6.38,0.0,0.03,0.0,0.4,0.0,0.4,0.0,0.2,50.0,0.0,0.0,0.0,0.0,0.0,0.0,0.0,0.0,0.0,0.0,0.0,0.0,0.0,0.0,0.4,0.0,0.0,0.0,0.2,0.0,0.0,0.0,0.0,0.0,0.0,0.0,0.0,0.4,5.4,2.8,2.6,51.85,1.0,1.8,1.2,0.0,0.0,0.0,0.0,5,1,94,0.0,0.0,0.6,0.2,4.2,0.2,1.2,35.29,0.8,40.0,0.4,28.57
552,1018179,Serie A,Hellas Verona,Daniel Mosquera,Forward,6.38,0.0,0.03,0.0,0.73,0.23,0.27,0.0,0.32,43.75,0.0,0.0,0.0,0.0,0.0,0.0,0.14,0.0,0.0,0.0,0.0,0.0,0.0,0.0,0.23,0.09,0.27,0.14,0.27,0.0,0.0,0.0,0.0,0.0,0.09,0.09,0.0,0.23,5.18,3.82,1.36,73.68,1.41,2.41,1.23,0.0,0.0,0.0,0.0,22,5,610,0.05,0.0,1.0,0.27,3.95,0.68,1.55,27.42,0.77,25.76,0.77,29.31
553,1819178,Serie A,Pisa,Louis Buffon,Forward,6.37,0.0,0.0,0.0,0.0,0.0,0.0,0.0,0.0,0.0,0.0,0.0,0.0,0.0,0.0,0.0,0.0,0.0,0.0,0.0,0.0,0.0,0.0,0.0,0.0,0.0,0.0,0.0,0.0,0.0,0.0,0.0,0.0,0.0,0.0,0.0,0.0,0.0,1.5,1.25,0.25,83.33,0.25,1.0,0.5,0.0,0.0,0.0,0.0,4,0,36,0.0,0.0,0.25,0.25,1.75,0.25,0.25,14.29,0.25,25.0,0.0,0.0
554,1526932,Serie A,Fiorentina,Riccardo Braschi,Forward,6.35,0.0,0.07,0.0,1.5,0.0,1.5,0.0,1.0,66.67,0.0,0.0,0.0,0.0,0.0,0.5,0.5,0.0,0.0,0.0,0.0,0.0,0.0,0.0,1.0,0.0,0.0,0.0,0.5,0.0,0.0,0.0,0.0,0.0,0.0,0.0,0.0,0.0,9.0,5.5,3.5,61.11,1.5,4.0,2.5,0.5,100.0,0.0,0.0,2,1,106,0.0,0.0,0.0,0.0,7.5,1.5,3.0,37.5,2.0,44.44,1.0,28.57
555,301162,Serie A,Inter,Raffaele Di Gennaro,Goalkeeper,6.3,0.0,0.0,0.0,0.0,0.0,0.0,0.0,0.0,0.0,0.0,0.0,0.0,0.0,0.0,0.0,0.0,0.0,0.0,0.0,0.0,0.0,0.0,0.0,0.0,0.0,0.0,0.0,0.0,0.0,0.0,0.0,0.0,0.0,0.0,0.0,0.0,0.0,7.0,4.0,3.0,57.14,4.0,0.0,0.0,0.0,0.0,0.0,0.0,1,0,9,0.0,0.0,0.0,0.0,3.0,0.0,0.0,0.0,0.0,0.0,0.0,0.0
556,1530727,Serie A,Inter,Mattia Mosconi,Forward,6.3,0.0,0.04,0.0,1.0,0.0,1.0,0.0,0.0,0.0,0.0,0.0,0.0,0.0,0.0,0.0,0.0,0.0,0.0,0.0,0.0,0.0,0.0,0.0,0.0,0.0,0.0,0.0,0.0,0.0,0.5,0.0,0.0,0.0,0.0,0.0,0.0,0.0,6.5,6.5,0.0,100.0,2.5,4.0,1.5,0.0,0.0,0.0,0.0,2,0,25,0.0,0.0,0.5,1.0,2.0,0.5,1.0,33.33,1.0,40.0,0.0,0.0
557,979210,Serie A,Pisa,Tomás Esteves,Midfielder,6.3,0.0,0.0,0.0,0.0,0.0,0.0,0.0,0.0,0.0,0.0,0.0,0.0,0.0,0.0,0.0,0.0,0.0,0.0,0.0,0.0,0.0,0.0,0.0,0.0,0.0,0.0,0.0,0.0,0.0,0.0,0.0,0.0,0.0,0.0,0.0,0.0,0.0,5.0,4.0,1.0,80.0,2.0,2.0,0.0,0.0,0.0,0.0,0.0,1,0,13,0.0,0.0,0.0,0.0,2.0,0.0,1.0,100.0,0.0,0.0,1.0,100.0
558,161325,Serie A,Juventus,Arkadiusz Milik,Forward,6.3,0.0,0.04,0.5,1.0,1.0,0.0,0.0,0.5,25.0,0.0,0.0,0.0,0.0,0.0,0.0,0.0,0.0,0.0,0.0,0.0,0.0,0.0,0.0,0.0,0.0,0.0,0.0,0.0,0.0,0.0,0.0,0.0,0.0,0.0,0.0,0.0,0.0,5.5,4.5,1.0,81.82,0.5,4.0,3.0,0.0,0.0,0.0,0.0,2,0,34,0.0,0.0,0.5,0.0,3.0,0.0,0.5,14.29,0.5,20.0,0.0,0.0
559,1029456,Serie A,Cremonese,Faris Moumbagna,Forward,6.3,0.0,0.08,0.2,0.4,0.0,0.2,0.0,0.0,0.0,0.0,0.0,0.0,0.0,0.0,0.0,0.0,0.0,0.0,0.0,0.0,0.0,0.0,0.0,0.0,0.0,0.2,0.0,0.0,0.0,0.0,0.0,0.0,0.0,0.0,0.0,0.0,0.2,3.0,1.8,1.2,60.0,0.6,1.2,0.8,0.0,0.0,0.0,0.0,5,0,88,0.0,0.0,0.2,0.0,3.4,0.2,0.6,33.33,0.0,0.0,0.6,50.0
560,280439,Serie A,Genoa,Maxwel Cornet,Forward,6.29,0.0,0.19,0.25,0.5,0.25,0.12,0.0,0.0,0.0,0.0,0.0,0.0,0.0,0.0,0.0,0.12,0.0,0.12,0.0,0.0,0.0,0.0,0.0,0.75,0.0,0.12,0.0,0.12,0.0,0.0,0.12,0.0,0.0,0.0,0.0,0.0,0.75,5.0,3.88,1.12,77.5,0.88,3.0,1.75,0.25,15.38,0.0,0.0,8,1,121,0.0,0.0,0.75,0.12,3.38,0.38,1.25,40.0,0.88,38.89,0.38,42.86
561,1494096,Serie A,Pisa,Francesco Coppola,Defender,6.28,0.0,0.01,0.0,0.29,0.0,0.0,0.0,0.0,0.0,0.0,0.0,0.0,0.0,0.0,0.0,0.0,0.0,0.0,0.0,0.0,0.0,0.0,0.0,1.86,0.57,1.86,0.57,1.71,0.0,0.0,0.14,0.0,0.0,0.0,0.0,0.0,0.0,17.57,14.71,2.86,83.74,8.71,6.0,2.43,0.14,50.0,0.43,50.0,7,5,461,0.43,0.0,1.0,1.29,7.0,0.14,3.57,48.08,3.14,52.38,0.43,30.0
562,45923,Serie A,Bologna,Ciro Immobile,Forward,6.27,0.0,0.01,0.17,0.33,0.0,0.17,0.0,0.0,0.0,0.0,0.0,0.0,0.0,0.0,0.0,1.0,0.0,0.0,0.0,0.0,0.0,0.0,0.0,0.17,0.0,0.17,0.17,0.17,0.0,0.0,0.0,0.0,0.0,0.0,0.0,0.0,0.17,8.17,5.83,2.33,71.43,1.83,4.0,2.17,0.0,0.0,0.17,100.0,6,2,191,0.17,0.0,1.33,0.5,5.67,0.33,1.17,25.93,0.67,23.53,0.5,30.0
563,1152943,Serie A,Pisa,Rosen Bozhinov,Defender,6.26,0.0,0.01,0.0,0.25,0.12,0.12,0.0,0.0,0.0,0.0,0.0,0.0,0.0,0.0,0.0,0.25,0.0,0.0,0.0,0.0,0.0,0.0,0.0,0.75,1.38,3.5,0.5,0.12,0.0,0.12,0.0,0.0,0.0,0.12,0.0,0.0,0.5,41.0,35.5,5.5,86.59,23.5,12.0,2.38,0.12,33.33,1.38,33.33,8,7,524,0.12,0.12,1.5,0.12,7.12,0.0,2.62,46.67,0.75,30.0,1.88,60.0
564,928814,Serie A,Cagliari,Alessandro Di Pardo,Midfielder,6.25,0.0,0.03,0.0,0.33,0.0,0.33,0.0,0.0,0.0,0.0,0.0,0.0,0.0,0.0,0.0,0.0,0.0,0.0,0.0,0.0,0.0,0.0,0.0,0.33,0.0,1.0,0.33,0.67,0.0,0.0,0.0,0.0,0.0,0.0,0.0,0.0,0.0,5.67,4.33,1.33,76.47,3.0,1.33,0.67,0.0,0.0,0.0,0.0,3,0,60,0.0,0.0,0.0,0.33,2.33,0.0,0.67,40.0,0.67,50.0,0.0,0.0
565,259995,Serie A,Torino,Adam Masina,Defender,6.24,0.0,0.0,0.0,0.0,0.0,0.0,0.0,0.2,25.0,0.0,0.0,0.0,0.0,0.0,0.0,0.0,0.0,0.0,0.0,0.0,0.0,0.0,0.0,1.4,1.0,2.2,0.2,0.2,0.2,0.0,0.0,0.0,0.0,0.2,0.2,0.0,0.4,19.8,17.0,2.8,85.86,12.4,4.6,2.0,0.0,0.0,1.4,41.18,5,2,232,0.0,0.0,1.2,0.4,4.8,0.6,2.4,42.86,2.0,43.48,0.4,40.0
566,2199322,Serie A,Como,Andrea Le Borgne,Midfielder,0.0,0.0,0.0,0.0,0.0,0.0,0.0,0.0,0.0,0.0,0.0,0.0,0.0,0.0,0.0,0.0,0.0,0.0,0.0,0.0,0.0,0.0,0.0,0.0,0.0,0.0,0.0,0.0,0.0,0.0,0.0,0.0,0.0,0.0,0.0,0.0,0.0,0.0,1.0,1.0,0.0,100.0,1.0,0.0,0.0,0.0,0.0,0.0,0.0,1,0,1,0.0,0.0,0.0,0.0,1.0,0.0,0.0,0.0,0.0,0.0,0.0,0.0
567,991677,Serie A,Sassuolo,Cas Odenthal,Defender,0.0,0.0,0.0,0.0,0.0,0.0,0.0,0.0,0.0,0.0,0.0,0.0,0.0,0.0,0.0,0.0,0.0,0.0,0.0,0.0,0.0,0.0,0.0,0.0,0.0,0.0,0.0,0.0,0.0,0.0,0.0,0.0,0.0,0.0,0.0,0.0,0.0,0.0,2.0,2.0,0.0,100.0,1.0,1.0,0.0,0.0,0.0,0.0,0.0,1,0,1,0.0,0.0,0.0,0.0,0.0,0.0,0.0,0.0,0.0,0.0,0.0,0.0
568,1030200,Serie A,Parma,Tjaš Begić,Forward,0.0,0.0,0.0,0.0,0.0,0.0,0.0,0.0,0.0,0.0,0.0,0.0,0.0,0.0,0.0,0.0,0.0,0.0,0.0,0.0,0.0,0.0,0.0,0.0,0.0,0.0,0.0,0.0,0.0,0.0,0.0,0.0,0.0,0.0,0.0,0.0,0.0,0.0,1.0,0.0,1.0,0.0,0.0,0.0,0.0,0.0,0.0,0.0,0.0,1,0,1,0.0,0.0,0.0,0.0,1.0,0.0,0.0,0.0,0.0,0.0,0.0,0.0
569,1605324,Serie A,Genoa,Joi Xheto Nuredini,Forward,0.0,0.0,0.0,0.0,0.0,0.0,0.0,0.0,0.0,0.0,0.0,0.0,0.0,0.0,0.0,0.0,0.0,0.0,0.0,0.0,0.0,0.0,0.0,0.0,0.0,0.0,0.0,0.0,1.0,0.0,0.0,0.0,0.0,0.0,0.0,0.0,0.0,0.0,0.0,0.0,0.0,0.0,0.0,0.0,0.0,0.0,0.0,0.0,0.0,1,0,1,0.0,0.0,0.0,0.0,0.0,0.0,0.0,0.0,0.0,0.0,0.0,0.0
570,1474846,Serie A,Hellas Verona,Junior Ajayi,Forward,0.0,0.0,0.0,0.0,0.0,0.0,0.0,0.0,0.0,0.0,0.0,0.0,0.0,0.0,0.0,0.0,0.0,0.0,0.0,0.0,0.0,0.0,0.0,0.0,0.0,0.0,0.0,0.0,0.0,0.0,0.0,0.0,0.0,0.0,0.0,0.0,0.0,0.0,1.0,1.0,0.0,100.0,0.0,1.0,1.0,0.0,0.0,0.0,0.0,1,0,1,0.0,0.0,0.0,0.0,2.0,1.0,1.0,50.0,0.0,0.0,1.0,100.0
