#,Player ID,League,Season,Team,Name,Position,Sofascore Rating,Goals,xG,Big chances missed,Total shots,Shots on target,Shots off target,Goal conversion %,Succ. dribbles,Succ. dribbles %,Goals inside box,Goals outside box,Headed goals,Left-footed goals,Right-footed goals,Hit woodwork,Offsides,Penalties won,Penalties taken,Penalty goals,Penalty conversion %,Free kick goals,Shots from set piece,Set piece conv. %,Tackles,Interceptions,Clearances,Blocked shots,Dribbled past,Errors leading to goal,Errors leading to shot,Penalties committed,Own goals,Clean sheets,Big chances created,Assists,Passes to assist,Key passes,Total passes,Accurate passes,Inaccurate passes,Accurate passes %,Passes in own half,Passes in opp. half,Acc. final third passes,Accurate crosses,Accurate crosses %,Accurate long balls,Accurate long balls %,Appearances,Started,Minutes played,Yellow cards,Red cards,Fouls,Was fouled,Possession lost,Dispossessed,Total duels won,Total duels won %,Ground duels won,Ground duels won %,Aerial duels won,Aerial duels won %
1,860306,Serie A,25/26,Fiorentina,Oliver Christensen,Goalkeeper,8.6,0.0,0.0,0.0,0.0,0.0,0.0,0.0,0.0,0.0,0.0,0.0,0.0,0.0,0.0,0.0,0.0,0.0,0.0,0.0,0.0,0.0,0.0,0.0,0.0,0.0,0.0,0.0,0.0,0.0,0.0,0.0,0.0,0.0,0.0,0.0,0.0,0.0,42.41,31.03,11.38,73.17,22.76,8.28,0.0,0.0,0.0,14.48,56.0,1,1,87,0.0,0.0,0.0,1.03,13.45,0.0,1.03,100.0,1.03,100.0,0.0,0.0
2,363860,Serie A,25/26,Juventus,Manuel Locatelli,Midfielder,7.72,0.03,0.08,0.03,1.38,0.36,0.6,2.17,0.3,55.56,0.03,0.0,0.0,0.0,0.03,0.06,0.0,0.0,0.03,0.0,0.0,0.0,0.06,0.0,3.06,1.17,2.25,0.69,0.72,0.06,0.09,0.0,0.0,0.3,0.15,0.06,0.0,1.41,84.04,74.09,9.95,88.16,27.17,46.92,23.04,0.15,26.32,5.72,59.5,36,36,3004,0.27,0.0,1.65,1.32,12.07,0.48,5.69,59.75,4.58,60.96,1.11,55.22
3,1002428,Serie A,25/26,Parma,Filippo Rinaldi,Goalkeeper,7.6,0.0,0.0,0.0,0.0,0.0,0.0,0.0,0.0,0.0,0.0,0.0,0.0,0.0,0.0,0.0,0.0,0.0,0.0,0.0,0.0,0.0,0.0,0.0,0.0,0.0,1.0,0.0,0.0,0.0,0.0,0.0,0.0,1.0,0.0,0.0,0.0,0.0,44.0,21.0,23.0,47.73,17.0,4.0,1.0,0.0,0.0,7.0,23.33,1,1,90,1.0,0.0,0.0,0.0,23.0,0.0,2.0,100.0,0.0,0.0,2.0,100.0
4,15466,Serie A,25/26,AC Milan,Luka Modrić,Midfielder,7.53,0.06,0.05,0.0,0.64,0.26,0.19,10.0,0.54,48.57,0.06,0.0,0.0,0.0,0.06,0.03,0.0,0.0,0.0,0.0,0.0,0.0,0.03,0.0,1.63,1.24,1.05,0.38,0.93,0.0,0.1,0.0,0.0,0.32,0.19,0.1,0.06,1.69,70.79,64.0,6.8,90.4,25.43,38.57,17.13,0.93,25.66,5.62,74.58,34,32,2821,0.13,0.0,0.73,1.05,11.71,0.38,3.57,55.45,3.22,56.11,0.35,50.0
5,135700,Serie A,25/26,Inter,Hakan Çalhanoğlu,Midfielder,7.5,0.49,0.31,0.05,2.73,0.93,1.09,18.0,0.27,35.71,0.22,0.27,0.0,0.05,0.44,0.05,0.0,0.0,0.27,0.22,80.0,0.0,0.22,0.0,1.86,0.87,0.87,0.33,0.71,0.0,0.0,0.0,0.0,0.27,0.38,0.22,0.0,2.24,75.92,68.82,7.1,90.65,28.71,40.12,19.87,1.8,38.37,3.55,58.56,22,20,1649,0.38,0.0,1.53,0.6,12.44,0.33,3.44,50.4,2.73,49.02,0.71,56.52
6,284361,Serie A,25/26,Inter,Federico Dimarco,Midfielder,7.43,0.23,0.17,0.3,2.16,0.73,0.8,10.77,0.23,50.0,0.17,0.07,0.0,0.2,0.03,0.07,0.17,0.0,0.0,0.0,0.0,0.03,0.2,16.67,1.66,1.03,0.93,0.13,0.67,0.0,0.03,0.0,0.0,0.37,1.1,0.57,0.0,3.2,48.49,40.37,8.12,83.25,13.88,26.49,16.24,3.2,32.99,1.4,42.0,35,30,2704,0.1,0.0,1.36,0.77,16.51,0.37,2.73,47.95,2.66,50.96,0.07,14.29
7,787505,Serie A,25/26,Inter,Benjamin Pavard,Defender,7.4,0.0,0.05,0.0,1.0,1.0,0.0,0.0,0.0,0.0,0.0,0.0,0.0,0.0,0.0,0.0,0.0,0.0,0.0,0.0,0.0,0.0,0.0,0.0,2.0,2.0,2.0,2.0,0.0,0.0,1.0,0.0,0.0,1.0,0.0,0.0,0.0,1.0,84.0,80.0,4.0,95.24,55.0,25.0,5.0,0.0,0.0,3.0,60.0,1,1,90,0.0,0.0,1.0,0.0,4.0,0.0,2.0,50.0,2.0,66.67,0.0,0.0
8,1149011,Serie A,25/26,Juventus,Kenan Yıldız,Forward,7.39,0.32,0.26,0.1,3.08,1.27,0.76,10.31,2.47,52.35,0.29,0.03,0.0,0.03,0.29,0.16,0.22,0.03,0.06,0.03,50.0,0.0,0.0,0.0,0.82,0.22,0.22,0.0,0.44,0.0,0.13,0.0,0.0,0.1,0.48,0.19,0.0,2.41,38.78,32.63,6.15,84.14,9.01,23.63,15.6,1.05,26.61,0.98,60.78,36,33,2838,0.06,0.0,0.73,1.78,16.14,1.74,5.58,50.57,5.07,50.16,0.51,55.17
9,865646,Serie A,25/26,Atalanta,Marco Carnesecchi,Goalkeeper,7.33,0.0,0.0,0.0,0.0,0.0,0.0,0.0,0.03,100.0,0.0,0.0,0.0,0.0,0.0,0.0,0.0,0.0,0.0,0.0,0.0,0.0,0.0,0.0,0.03,0.0,0.89,0.0,0.0,0.0,0.0,0.03,0.0,0.35,0.0,0.0,0.0,0.0,31.7,20.81,10.89,65.64,16.86,3.95,1.08,0.0,0.0,6.68,38.29,37,37,3330,0.0,0.0,0.03,0.16,11.08,0.0,0.49,94.74,0.16,85.71,0.32,100.0
10,1171451,Serie A,25/26,Como,Nico Paz,Midfielder,7.33,0.37,0.27,0.09,3.78,1.5,1.19,9.92,2.15,55.2,0.22,0.16,0.03,0.34,0.0,0.12,0.0,0.03,0.06,0.0,0.0,0.03,0.37,8.33,2.84,0.87,0.41,0.09,1.12,0.0,0.09,0.0,0.0,0.34,0.41,0.19,0.0,1.59,43.53,36.04,7.49,82.78,12.3,23.73,12.71,0.44,22.22,0.94,50.0,35,33,2882,0.16,0.0,1.66,1.28,15.05,1.41,7.18,52.39,6.28,51.94,0.91,55.77
11,1122835,Serie A,25/26,SSC Napoli,Alisson Santos,Forward,7.29,0.43,0.15,0.0,3.12,1.72,0.65,13.79,3.66,59.65,0.11,0.32,0.0,0.0,0.43,0.11,0.11,0.0,0.0,0.0,0.0,0.0,0.0,0.0,2.15,0.22,0.54,0.11,0.54,0.0,0.11,0.0,0.0,0.22,0.22,0.0,0.0,1.51,30.79,25.3,5.49,82.17,7.86,17.44,10.87,0.75,17.07,0.43,50.0,14,9,836,0.11,0.0,0.43,0.86,16.79,2.05,7.11,55.46,6.67,54.87,0.43,66.67
12,826188,Serie A,25/26,Inter,Alessandro Bastoni,Defender,7.27,0.04,0.05,0.12,0.68,0.32,0.24,5.88,0.24,60.0,0.04,0.0,0.04,0.0,0.0,0.08,0.0,0.0,0.0,0.0,0.0,0.0,0.0,0.0,2.04,0.92,3.2,0.24,0.4,0.0,0.0,0.0,0.0,0.32,0.28,0.16,0.0,1.0,74.03,64.75,9.28,87.46,33.98,30.77,14.73,0.92,27.06,4.4,50.69,28,28,2249,0.24,0.0,1.8,0.8,14.69,0.12,5.16,58.9,3.08,55.8,2.08,64.2
13,332155,Serie A,25/26,SSC Napoli,Amir Rrahmani,Defender,7.23,0.1,0.07,0.05,0.75,0.2,0.35,13.33,0.1,50.0,0.1,0.0,0.1,0.0,0.0,0.05,0.1,0.0,0.0,0.0,0.0,0.0,0.0,0.0,1.1,1.2,3.55,0.5,0.1,0.0,0.05,0.1,0.0,0.45,0.0,0.05,0.0,0.35,83.6,77.15,6.45,92.28,49.4,27.75,5.7,0.0,0.0,2.2,44.0,21,21,1800,0.15,0.0,1.0,0.8,7.1,0.15,5.4,65.45,2.0,60.61,3.4,68.69
14,901850,Serie A,25/26,Fiorentina,Nicolò Fagioli,Midfielder,7.23,0.07,0.09,0.04,1.16,0.25,0.46,6.06,0.67,61.29,0.07,0.0,0.0,0.0,0.07,0.04,0.0,0.0,0.0,0.0,0.0,0.0,0.14,0.0,1.61,0.56,0.91,0.35,0.88,0.04,0.04,0.0,0.0,0.14,0.39,0.11,0.0,2.18,58.69,52.79,5.9,89.95,24.82,27.98,12.88,0.7,23.81,3.79,66.26,33,30,2564,0.18,0.0,0.81,1.58,11.41,1.09,3.9,54.41,3.86,54.73,0.04,33.33
15,191210,Serie A,25/26,AC Milan,Mike Maignan,Goalkeeper,7.23,0.0,0.0,0.0,0.0,0.0,0.0,0.0,0.08,100.0,0.0,0.0,0.0,0.0,0.0,0.0,0.0,0.0,0.0,0.0,0.0,0.0,0.0,0.0,0.0,0.03,0.6,0.0,0.0,0.03,0.05,0.0,0.0,0.35,0.0,0.0,0.0,0.0,29.54,22.94,6.61,77.63,20.89,2.05,0.68,0.0,0.0,4.75,42.65,37,37,3296,0.11,0.0,0.0,0.14,6.88,0.0,0.33,100.0,0.19,100.0,0.14,100.0
16,250737,Serie A,25/26,AC Milan,Adrien Rabiot,Midfielder,7.23,0.21,0.15,0.11,1.62,0.42,0.78,13.04,0.71,48.78,0.14,0.07,0.0,0.21,0.0,0.04,0.25,0.04,0.0,0.0,0.0,0.0,0.0,0.0,2.01,0.74,1.45,0.18,0.67,0.0,0.04,0.0,0.0,0.46,0.21,0.14,0.0,0.95,46.52,39.81,6.71,85.58,15.6,24.21,11.89,0.56,26.67,1.66,62.67,29,28,2550,0.14,0.04,1.24,1.94,12.21,1.16,6.11,56.17,4.55,54.66,1.55,61.11
17,960441,Serie A,25/26,Atalanta,Charles De Ketelaere,Forward,7.22,0.12,0.15,0.12,1.89,0.66,0.58,6.52,2.02,49.49,0.12,0.0,0.04,0.04,0.04,0.0,0.12,0.0,0.0,0.0,0.0,0.0,0.0,0.0,0.99,0.16,0.62,0.08,0.78,0.0,0.0,0.0,0.0,0.21,0.74,0.21,0.0,2.59,41.87,32.91,8.97,78.59,6.13,26.78,18.1,0.66,34.04,1.44,58.33,31,26,2188,0.16,0.0,0.95,1.48,17.32,2.3,6.21,43.9,4.48,42.75,1.73,47.19
18,803039,Serie A,25/26,AS Roma,Donyell Malen,Forward,7.21,0.85,0.85,0.61,4.26,1.89,1.1,20.0,0.97,37.21,0.79,0.06,0.0,0.12,0.73,0.12,0.85,0.0,0.24,0.18,75.0,0.0,0.06,0.0,0.3,0.12,0.06,0.0,0.18,0.0,0.0,0.0,0.0,0.06,0.12,0.12,0.0,0.49,13.4,10.35,3.04,77.27,2.62,7.73,5.05,0.06,16.67,0.12,100.0,18,18,1478,0.06,0.0,0.73,1.04,11.14,2.37,2.92,32.88,2.31,32.2,0.61,35.71
19,822470,Serie A,25/26,AC Milan,Samuel Chukwueze,Forward,7.2,0.0,0.0,0.0,0.0,0.0,0.0,0.0,3.6,100.0,0.0,0.0,0.0,0.0,0.0,0.0,0.0,0.0,0.0,0.0,0.0,0.0,0.0,0.0,0.0,0.0,0.0,0.0,3.6,0.0,0.0,0.0,0.0,0.0,0.0,0.0,0.0,0.0,46.8,39.6,7.2,84.62,3.6,36.0,21.6,3.6,33.33,0.0,0.0,1,0,25,0.0,0.0,0.0,10.8,18.0,0.0,14.4,80.0,14.4,80.0,0.0,0.0
20,1142149,Serie A,25/26,Lecce,Medon Berisha,Midfielder,7.2,0.2,0.12,0.0,2.45,0.51,1.02,8.33,0.31,75.0,0.1,0.1,0.0,0.1,0.1,0.0,0.1,0.0,0.0,0.0,0.0,0.1,0.61,16.67,2.15,0.51,0.31,0.2,0.2,0.0,0.1,0.0,0.0,0.0,0.51,0.31,0.0,2.05,37.23,30.27,6.95,81.32,11.25,19.02,9.72,2.05,33.9,2.86,51.85,13,12,880,0.0,0.0,1.12,1.02,13.5,1.12,4.19,55.41,3.48,57.63,0.72,46.67
21,879746,Serie A,25/26,Genoa,Leo Østigård,Defender,7.19,0.17,0.12,0.17,0.75,0.41,0.21,22.73,0.03,100.0,0.17,0.0,0.1,0.03,0.0,0.03,0.1,0.0,0.0,0.0,0.0,0.0,0.0,0.0,1.24,1.03,7.38,0.93,0.24,0.03,0.0,0.03,0.0,0.27,0.03,0.03,0.0,0.34,58.06,51.64,6.42,88.95,38.36,13.28,3.19,0.0,0.0,2.85,48.26,30,30,2623,0.24,0.0,1.3,0.51,7.41,0.07,5.39,64.88,1.68,53.85,3.71,71.52
22,965828,Serie A,25/26,Lazio,Mario Gila,Defender,7.19,0.0,0.05,0.15,0.44,0.11,0.22,0.0,0.22,85.71,0.0,0.0,0.0,0.0,0.0,0.07,0.0,0.0,0.0,0.0,0.0,0.0,0.0,0.0,1.67,0.91,3.99,0.62,0.4,0.0,0.07,0.07,0.0,0.25,0.04,0.0,0.0,0.18,66.02,59.85,6.17,90.66,40.08,19.77,4.97,0.04,100.0,4.9,66.83,31,31,2481,0.15,0.04,0.69,0.91,6.96,0.29,4.86,66.01,2.76,67.26,2.1,64.44
23,599114,Serie A,25/26,Como,Jean Butez,Goalkeeper,7.19,0.0,0.0,0.0,0.0,0.0,0.0,0.0,0.03,100.0,0.0,0.0,0.0,0.0,0.0,0.0,0.0,0.0,0.0,0.0,0.0,0.0,0.0,0.0,0.05,0.03,1.21,0.0,0.03,0.05,0.0,0.0,0.0,0.5,0.03,0.03,0.0,0.08,35.26,28.76,6.5,81.57,25.87,2.89,1.29,0.0,0.0,6.24,50.32,38,38,3420,0.08,0.0,0.0,0.24,6.71,0.0,0.58,91.67,0.18,87.5,0.39,93.75
24,363856,Serie A,25/26,Inter,Nicolò Barella,Midfielder,7.19,0.11,0.11,0.11,1.24,0.18,0.64,8.57,0.89,50.0,0.11,0.0,0.0,0.04,0.07,0.04,0.14,0.0,0.0,0.0,0.0,0.0,0.07,0.0,1.92,0.32,0.36,0.11,0.82,0.0,0.07,0.0,0.0,0.18,0.5,0.28,0.04,2.56,62.53,53.62,8.92,85.74,18.9,34.71,19.68,1.31,36.27,2.63,55.22,34,31,2533,0.25,0.0,1.17,0.78,14.43,0.71,4.05,49.35,3.59,51.27,0.46,38.24
25,892979,Serie A,25/26,Udinese,Oumar Solet,Defender,7.18,0.09,0.08,0.09,1.0,0.18,0.58,9.09,1.25,70.69,0.06,0.03,0.0,0.0,0.09,0.0,0.06,0.0,0.03,0.03,100.0,0.0,0.0,0.0,2.28,1.46,3.8,0.58,0.67,0.03,0.06,0.0,0.03,0.3,0.09,0.03,0.03,0.7,63.07,56.29,6.78,89.25,34.71,21.58,8.42,0.06,10.0,4.59,59.45,35,34,2961,0.03,0.0,0.91,0.88,9.97,0.73,5.87,59.57,4.35,61.64,1.52,54.35
26,308182,Serie A,25/26,Lazio,Ivan Provedel,Goalkeeper,7.18,0.0,0.0,0.0,0.0,0.0,0.0,0.0,0.04,100.0,0.0,0.0,0.0,0.0,0.0,0.0,0.0,0.0,0.0,0.0,0.0,0.0,0.0,0.0,0.0,0.0,0.85,0.0,0.04,0.04,0.0,0.0,0.0,0.44,0.04,0.0,0.0,0.04,31.93,24.04,7.89,75.29,21.41,2.63,0.7,0.0,0.0,6.41,45.29,27,27,2430,0.04,0.0,0.0,0.07,8.0,0.0,0.44,85.71,0.07,66.67,0.37,90.91
27,850952,Serie A,25/26,Bologna,Federico Ravaglia,Goalkeeper,7.17,0.0,0.0,0.0,0.0,0.0,0.0,0.0,0.06,100.0,0.0,0.0,0.0,0.0,0.0,0.0,0.0,0.0,0.0,0.0,0.0,0.0,0.0,0.0,0.18,0.06,1.23,0.0,0.12,0.06,0.12,0.12,0.0,0.12,0.0,0.0,0.0,0.0,46.5,34.62,11.89,74.44,30.27,4.35,0.98,0.0,0.0,7.47,39.61,17,16,1469,0.25,0.0,0.12,0.18,12.31,0.0,0.67,64.71,0.31,55.56,0.37,75.0
28,1403348,Serie A,25/26,Como,Jacobo Ramón,Defender,7.17,0.07,0.15,0.3,1.28,0.3,0.66,5.13,0.23,58.33,0.07,0.0,0.03,0.0,0.03,0.07,0.0,0.0,0.0,0.0,0.0,0.0,0.0,0.0,1.64,1.21,4.0,0.56,0.49,0.0,0.1,0.03,0.0,0.46,0.03,0.0,0.0,0.36,69.59,63.59,6.0,91.37,39.44,24.15,8.1,0.07,20.0,2.26,50.74,32,30,2743,0.36,0.03,1.08,0.39,7.45,0.3,5.97,60.87,2.26,53.08,3.71,66.86
29,901891,Serie A,25/26,AC Milan,Alexis Saelemaekers,Midfielder,7.16,0.1,0.11,0.13,1.38,0.35,0.58,6.98,1.61,47.17,0.06,0.03,0.0,0.03,0.06,0.1,0.06,0.03,0.0,0.0,0.0,0.0,0.0,0.0,2.35,0.9,0.71,0.13,0.97,0.0,0.13,0.0,0.0,0.26,0.19,0.1,0.0,1.67,42.67,35.78,6.89,83.86,13.51,22.27,11.91,0.68,25.61,0.8,44.64,35,33,2797,0.16,0.0,0.84,2.06,13.84,0.58,6.31,58.16,5.98,59.05,0.32,45.45
30,888971,Serie A,25/26,Sassuolo,Arijanet Murić,Goalkeeper,7.15,0.0,0.0,0.0,0.0,0.0,0.0,0.0,0.0,0.0,0.0,0.0,0.0,0.0,0.0,0.0,0.0,0.0,0.0,0.0,0.0,0.0,0.0,0.0,0.0,0.0,1.53,0.0,0.03,0.06,0.16,0.03,0.0,0.19,0.0,0.0,0.0,0.03,28.97,17.62,11.34,60.84,13.06,4.56,1.81,0.0,0.0,6.72,37.65,32,32,2880,0.12,0.0,0.03,0.09,11.69,0.0,0.59,90.48,0.06,66.67,0.53,94.44
31,1090019,Serie A,25/26,Como,Martin Baturina,Midfielder,7.12,0.34,0.1,0.0,1.58,0.51,0.62,21.43,1.3,51.11,0.28,0.06,0.0,0.06,0.28,0.06,0.0,0.0,0.0,0.0,0.0,0.0,0.11,0.0,1.19,0.28,0.11,0.11,1.24,0.0,0.0,0.0,0.0,0.06,0.45,0.17,0.06,3.56,47.8,41.92,5.88,87.69,13.52,28.4,15.16,1.75,40.26,0.85,62.5,29,17,1591,0.0,0.0,0.85,2.49,13.29,1.7,5.32,48.96,4.98,50.0,0.34,37.5
32,1012176,Serie A,25/26,Atalanta,Giorgio Scalvini,Defender,7.11,0.15,0.13,0.15,0.94,0.3,0.3,15.79,0.64,44.83,0.15,0.0,0.05,0.0,0.05,0.1,0.1,0.0,0.0,0.0,0.0,0.0,0.0,0.0,2.33,2.13,3.62,0.59,1.09,0.05,0.0,0.05,0.0,0.25,0.1,0.05,0.0,0.74,59.98,52.75,7.23,87.94,29.47,23.28,11.19,0.05,16.67,1.83,42.53,24,23,1817,0.1,0.0,1.54,0.5,10.1,0.3,5.55,54.37,3.47,50.72,2.08,61.76
33,906275,Serie A,25/26,Inter,Yann Bisseck,Defender,7.11,0.14,0.12,0.14,1.17,0.56,0.23,12.0,0.37,66.67,0.14,0.0,0.09,0.05,0.0,0.05,0.14,0.0,0.0,0.0,0.0,0.0,0.0,0.0,1.26,1.03,3.47,0.33,0.37,0.0,0.05,0.0,0.0,0.42,0.0,0.05,0.05,0.42,60.73,56.29,4.45,92.68,32.92,23.37,9.74,0.09,15.38,1.22,45.61,23,21,1922,0.09,0.0,0.98,0.75,6.74,0.33,4.17,60.14,2.34,56.82,1.83,65.0
34,383560,Serie A,25/26,Inter,Manuel Akanji,Defender,7.11,0.06,0.07,0.03,0.73,0.19,0.41,8.7,0.03,50.0,0.06,0.0,0.06,0.0,0.0,0.0,0.06,0.0,0.0,0.0,0.0,0.0,0.0,0.0,1.53,1.18,3.35,0.41,0.32,0.0,0.06,0.0,0.0,0.48,0.03,0.0,0.0,0.22,67.24,61.95,5.3,92.12,34.37,27.57,9.67,0.06,66.67,2.94,65.25,33,31,2820,0.13,0.0,0.83,0.57,6.13,0.13,3.73,57.92,2.11,61.68,1.63,53.68
35,814882,Serie A,25/26,Bologna,Nikola Moro,Midfielder,7.11,0.1,0.05,0.05,1.1,0.15,0.75,9.09,0.65,68.42,0.05,0.05,0.0,0.05,0.05,0.1,0.05,0.0,0.0,0.0,0.0,0.05,0.2,25.0,1.6,0.85,1.7,0.35,0.65,0.0,0.05,0.0,0.0,0.2,0.1,0.0,0.0,1.3,67.01,56.94,10.07,84.98,22.09,34.86,15.93,0.75,30.0,7.51,64.1,30,19,1797,0.05,0.0,0.9,0.85,13.47,0.4,4.01,55.94,3.06,58.1,0.95,50.0
36,138605,Serie A,25/26,Inter,Piotr Zieliński,Midfielder,7.11,0.26,0.11,0.04,1.27,0.44,0.31,20.69,0.79,66.67,0.04,0.22,0.0,0.13,0.13,0.04,0.0,0.0,0.04,0.04,100.0,0.0,0.0,0.0,1.36,0.22,1.09,0.13,0.53,0.0,0.04,0.0,0.04,0.13,0.31,0.13,0.0,1.27,65.52,60.48,5.04,92.31,23.12,37.36,19.09,0.39,37.5,2.28,64.2,34,22,2055,0.13,0.0,0.79,0.79,7.53,0.39,3.42,59.09,2.89,59.46,0.53,57.14
37,911848,Serie A,25/26,Como,Lucas Da Cunha,Midfielder,7.11,0.2,0.22,0.2,1.34,0.52,0.46,14.63,0.72,66.67,0.16,0.03,0.0,0.2,0.0,0.07,0.03,0.0,0.13,0.13,100.0,0.0,0.07,0.0,1.87,0.59,0.56,0.03,0.98,0.0,0.0,0.0,0.0,0.33,0.33,0.13,0.0,1.47,64.88,58.56,6.32,90.26,26.53,32.03,14.15,1.08,33.67,2.0,55.45,36,31,2748,0.13,0.0,1.15,0.62,10.84,0.92,3.77,47.92,3.21,49.0,0.56,42.5
38,1643836,Serie A,25/26,Genoa,Filippo Carbone,Midfielder,7.1,0.0,0.0,0.0,0.0,0.0,0.0,0.0,0.0,0.0,0.0,0.0,0.0,0.0,0.0,0.0,0.0,0.0,0.0,0.0,0.0,0.0,0.0,0.0,27.0,9.0,0.0,0.0,0.0,0.0,0.0,0.0,0.0,0.0,0.0,0.0,0.0,0.0,63.0,63.0,0.0,100.0,36.0,27.0,18.0,0.0,0.0,0.0,0.0,1,0,10,0.0,0.0,0.0,9.0,0.0,0.0,36.0,80.0,27.0,100.0,9.0,50.0
39,823984,Serie A,25/26,Inter,Lautaro Martínez,Forward,7.09,0.7,0.56,0.66,3.8,1.61,1.24,18.48,0.87,47.73,0.7,0.0,0.17,0.21,0.33,0.12,0.33,0.0,0.0,0.0,0.0,0.0,0.0,0.0,0.99,0.29,0.74,0.0,0.37,0.0,0.04,0.0,0.0,0.0,0.5,0.25,0.0,1.53,24.79,19.38,5.41,78.17,5.5,13.88,8.97,0.08,11.76,0.79,65.52,30,27,2178,0.17,0.0,1.94,1.94,11.32,1.4,4.75,45.28,3.76,45.96,0.99,42.86
40,885197,Serie A,25/26,Juventus,Bremer,Defender,7.09,0.17,0.12,0.04,0.95,0.37,0.46,17.39,0.04,14.29,0.12,0.04,0.12,0.0,0.04,0.04,0.0,0.0,0.0,0.0,0.0,0.0,0.0,0.0,1.16,1.32,3.89,0.46,0.17,0.04,0.0,0.04,0.0,0.5,0.0,0.12,0.0,0.33,55.2,49.41,5.79,89.51,30.25,19.16,5.21,0.0,0.0,2.73,51.56,26,25,2175,0.21,0.0,0.87,0.41,7.03,0.21,4.34,55.56,1.61,52.0,2.73,57.89
41,793986,Serie A,25/26,AS Roma,Mile Svilar,Goalkeeper,7.08,0.0,0.0,0.0,0.0,0.0,0.0,0.0,0.0,0.0,0.0,0.0,0.0,0.0,0.0,0.0,0.0,0.0,0.0,0.0,0.0,0.0,0.0,0.0,0.08,0.03,0.68,0.0,0.03,0.03,0.0,0.0,0.0,0.47,0.0,0.0,0.0,0.0,30.71,21.34,9.37,69.49,18.61,2.74,0.45,0.0,0.0,5.76,38.15,38,38,3420,0.0,0.0,0.0,0.21,9.5,0.0,0.53,83.33,0.21,88.89,0.32,80.0
42,259281,Serie A,25/26,Torino,Alberto Paleari,Goalkeeper,7.07,0.0,0.0,0.0,0.0,0.0,0.0,0.0,0.0,0.0,0.0,0.0,0.0,0.0,0.0,0.0,0.0,0.0,0.0,0.0,0.0,0.0,0.0,0.0,0.0,0.0,1.03,0.0,0.07,0.03,0.03,0.0,0.0,0.31,0.0,0.0,0.0,0.0,31.48,20.83,10.66,66.16,15.59,5.24,1.83,0.0,0.0,7.28,40.81,29,29,2610,0.03,0.0,0.0,0.24,10.79,0.0,0.66,86.36,0.14,66.67,0.52,93.75
43,367056,Serie A,25/26,Juventus,Jérémie Boga,Forward,7.07,0.53,0.38,0.39,3.16,1.58,0.79,16.67,2.89,52.38,0.53,0.0,0.0,0.0,0.53,0.13,0.13,0.0,0.0,0.0,0.0,0.0,0.0,0.0,0.92,0.26,0.53,0.0,0.53,0.0,0.0,0.0,0.0,0.13,0.26,0.0,0.0,1.97,28.03,23.16,4.87,82.63,6.45,16.71,10.79,1.32,33.33,0.0,0.0,15,6,684,0.13,0.0,0.39,0.92,13.29,1.05,5.13,48.15,4.74,51.43,0.39,27.27
44,1082406,Serie A,25/26,AS Roma,Matías Soulé,Forward,7.06,0.25,0.17,0.08,2.16,0.75,0.79,11.54,1.45,37.23,0.17,0.08,0.0,0.25,0.0,0.04,0.25,0.0,0.0,0.0,0.0,0.0,0.21,0.0,0.79,0.37,0.5,0.08,0.58,0.0,0.04,0.0,0.0,0.04,0.21,0.21,0.04,1.91,41.08,34.68,6.4,84.43,9.01,25.67,17.03,0.87,30.0,1.45,62.5,33,28,2167,0.04,0.0,0.29,1.7,16.41,2.24,4.32,39.85,3.95,41.85,0.37,26.47
45,136856,Serie A,25/26,AC Milan,Pietro Terracciano,Goalkeeper,7.05,0.0,0.0,0.0,0.0,0.0,0.0,0.0,0.0,0.0,0.0,0.0,0.0,0.0,0.0,0.0,0.0,0.0,0.0,0.0,0.0,0.0,0.0,0.0,0.0,0.0,0.73,0.0,0.0,0.0,0.0,0.0,0.0,0.73,0.0,0.0,0.0,0.0,22.5,21.05,1.45,93.55,17.42,3.63,1.45,0.0,0.0,5.08,77.78,2,1,124,0.0,0.0,0.0,0.0,2.18,0.0,0.0,0.0,0.0,0.0,0.0,0.0
46,862223,Serie A,25/26,Fiorentina,Manor Solomon,Midfielder,7.05,0.2,0.08,0.1,1.1,0.4,0.2,18.18,2.49,69.44,0.1,0.1,0.0,0.0,0.2,0.0,0.1,0.0,0.0,0.0,0.0,0.0,0.0,0.0,1.3,0.1,0.3,0.1,0.5,0.0,0.0,0.0,0.0,0.3,0.3,0.1,0.0,2.49,31.4,28.11,3.29,89.52,8.07,20.03,11.96,1.2,25.53,0.6,75.0,16,9,903,0.1,0.0,0.2,1.59,11.06,1.69,5.48,59.78,5.38,60.67,0.1,33.33
47,1134200,Serie A,25/26,AS Roma,Wesley,Midfielder,7.05,0.18,0.06,0.07,0.92,0.48,0.26,20.0,0.51,23.33,0.18,0.0,0.0,0.0,0.18,0.0,0.07,0.04,0.0,0.0,0.0,0.0,0.0,0.0,1.94,0.84,2.27,0.18,1.1,0.0,0.0,0.0,0.0,0.37,0.33,0.0,0.0,1.21,37.66,30.15,7.51,80.06,10.0,20.15,11.68,0.73,21.05,0.84,31.08,30,28,2457,0.18,0.07,1.32,2.09,15.68,0.92,5.46,47.0,4.54,47.51,0.92,44.64
48,791702,Serie A,25/26,Inter,Marcus Thuram,Forward,7.04,0.61,0.44,0.71,3.48,1.36,1.27,17.57,0.8,60.71,0.56,0.05,0.19,0.09,0.28,0.05,0.71,0.05,0.0,0.0,0.0,0.0,0.0,0.0,1.13,0.05,0.47,0.09,0.47,0.0,0.05,0.0,0.0,0.0,0.33,0.28,0.0,1.36,22.58,17.08,5.5,75.63,4.94,12.14,7.67,0.28,28.57,0.19,66.67,29,24,1913,0.09,0.0,2.02,1.93,11.1,1.41,6.12,50.39,3.81,48.8,2.31,53.26
49,284349,Serie A,25/26,Pisa,Simone Scuffet,Goalkeeper,7.04,0.0,0.0,0.0,0.0,0.0,0.0,0.0,0.0,0.0,0.0,0.0,0.0,0.0,0.0,0.0,0.0,0.0,0.0,0.0,0.0,0.0,0.0,0.0,0.0,0.0,1.29,0.0,0.0,0.0,0.0,0.0,0.0,0.14,0.0,0.0,0.0,0.0,33.86,22.86,11.0,67.51,15.43,7.43,2.43,0.0,0.0,10.43,48.99,7,7,630,0.0,0.0,0.0,0.57,11.0,0.0,0.86,100.0,0.43,100.0,0.43,100.0
50,965893,Serie A,25/26,AC Milan,Strahinja Pavlović,Defender,7.04,0.16,0.11,0.06,0.82,0.19,0.47,19.23,0.53,53.13,0.13,0.03,0.06,0.06,0.0,0.0,0.13,0.03,0.0,0.0,0.0,0.0,0.03,0.0,1.69,0.63,3.67,0.44,0.5,0.0,0.03,0.06,0.0,0.34,0.0,0.03,0.03,0.5,57.95,52.62,5.33,90.8,30.95,21.67,6.87,0.16,33.33,2.23,55.47,34,33,2870,0.13,0.0,0.94,0.88,7.4,0.34,5.3,57.29,3.1,58.58,2.2,55.56
51,937324,Serie A,25/26,Lazio,Nicolò Rovella,Midfielder,7.04,0.0,0.01,0.0,0.18,0.0,0.18,0.0,1.05,66.67,0.0,0.0,0.0,0.0,0.0,0.0,0.0,0.0,0.0,0.0,0.0,0.0,0.0,0.0,1.93,1.58,1.58,0.18,0.88,0.0,0.35,0.0,0.0,0.18,0.35,0.18,0.0,2.28,86.32,80.0,6.32,92.68,38.95,41.05,14.91,0.7,36.36,2.98,65.38,11,6,513,0.35,0.18,1.23,2.11,10.53,0.7,5.61,62.75,5.09,61.7,0.53,75.0
52,318603,Serie A,25/26,Cremonese,Emil Audero,Goalkeeper,7.04,0.0,0.0,0.0,0.0,0.0,0.0,0.0,0.03,100.0,0.0,0.0,0.0,0.0,0.0,0.0,0.0,0.0,0.0,0.0,0.0,0.0,0.0,0.0,0.0,0.0,0.91,0.0,0.03,0.15,0.03,0.0,0.0,0.32,0.0,0.0,0.0,0.0,38.03,23.5,14.53,61.79,18.68,4.82,0.88,0.0,0.0,7.76,35.15,34,34,3060,0.0,0.0,0.0,0.18,14.79,0.0,0.41,82.35,0.06,66.67,0.35,85.71
53,879346,Serie A,25/26,SSC Napoli,Scott McTominay,Midfielder,7.04,0.32,0.35,0.45,3.25,1.1,1.26,9.9,0.84,45.61,0.23,0.1,0.06,0.03,0.23,0.06,0.16,0.0,0.03,0.0,0.0,0.0,0.16,0.0,0.9,0.68,1.55,0.42,0.39,0.03,0.06,0.0,0.0,0.42,0.03,0.1,0.0,0.71,42.82,38.09,4.74,88.94,16.69,21.4,8.6,0.06,20.0,1.1,73.91,33,31,2793,0.03,0.0,0.77,2.35,9.41,1.61,5.45,53.14,3.9,51.05,1.55,59.26
54,934384,Serie A,25/26,Parma,Adrián Bernabé,Midfielder,7.03,0.11,0.08,0.07,1.81,0.43,0.61,6.0,0.54,35.71,0.07,0.04,0.0,0.07,0.04,0.04,0.04,0.0,0.0,0.0,0.0,0.0,0.25,0.0,1.41,0.61,0.9,0.22,1.12,0.0,0.0,0.0,0.0,0.0,0.25,0.04,0.0,1.99,45.78,38.81,6.97,84.78,16.25,22.56,11.95,0.61,20.99,2.71,63.56,32,31,2493,0.0,0.0,0.54,2.2,12.53,0.79,4.3,52.19,4.15,54.76,0.14,22.22
55,907668,Serie A,25/26,SSC Napoli,Billy Gilmour,Midfielder,7.03,0.11,0.08,0.0,1.12,0.34,0.34,10.0,1.01,81.82,0.11,0.0,0.0,0.11,0.0,0.0,0.0,0.0,0.0,0.0,0.0,0.0,0.0,0.0,1.57,1.23,1.12,0.11,0.45,0.0,0.11,0.0,0.0,0.11,0.0,0.0,0.11,0.78,88.77,79.91,8.85,90.03,35.64,44.27,20.62,0.0,0.0,2.8,51.02,17,8,803,0.11,0.0,1.01,0.78,11.54,0.34,3.92,56.45,3.36,63.83,0.56,33.33
56,100389,Serie A,25/26,Atalanta,Marten de Roon,Midfielder,7.03,0.03,0.03,0.03,0.53,0.13,0.3,6.25,0.1,37.5,0.03,0.0,0.0,0.0,0.03,0.0,0.0,0.0,0.0,0.0,0.0,0.0,0.0,0.0,2.7,0.9,2.23,0.17,1.0,0.0,0.03,0.03,0.0,0.23,0.03,0.07,0.03,0.8,64.64,55.52,9.12,85.89,22.87,32.65,15.28,0.1,23.08,3.39,50.5,34,32,2704,0.2,0.03,1.23,0.37,10.65,0.17,4.33,52.0,3.13,55.62,1.2,44.44
57,905351,Serie A,25/26,Parma,Zion Suzuki,Goalkeeper,7.03,0.0,0.0,0.0,0.0,0.0,0.0,0.0,0.0,0.0,0.0,0.0,0.0,0.0,0.0,0.0,0.0,0.0,0.0,0.0,0.0,0.0,0.0,0.0,0.0,0.0,1.25,0.0,0.05,0.05,0.0,0.0,0.0,0.25,0.0,0.0,0.0,0.05,34.95,21.65,13.3,61.95,15.5,6.15,3.4,0.0,0.0,8.0,37.91,20,20,1800,0.05,0.0,0.0,0.2,13.7,0.0,0.55,91.67,0.2,80.0,0.35,100.0
58,965008,Serie A,25/26,Cagliari,Sebastiano Esposito,Forward,7.03,0.23,0.17,0.07,1.9,0.53,0.87,12.28,0.57,41.46,0.2,0.03,0.07,0.03,0.13,0.07,0.17,0.03,0.03,0.03,100.0,0.0,0.23,0.0,1.87,0.67,0.73,0.13,1.4,0.0,0.03,0.0,0.0,0.03,0.37,0.17,0.0,2.37,33.51,25.31,8.2,75.52,8.97,16.34,9.8,1.13,24.82,2.13,64.0,36,34,2699,0.2,0.0,1.5,1.87,16.94,1.03,4.97,47.76,4.27,48.67,0.7,42.86
59,91046,Serie A,25/26,Inter,Stefan de Vrij,Defender,7.03,0.0,0.05,0.0,0.8,0.27,0.4,0.0,0.13,50.0,0.0,0.0,0.0,0.0,0.0,0.0,0.0,0.0,0.0,0.0,0.0,0.0,0.0,0.0,2.01,0.94,4.56,0.54,0.13,0.0,0.0,0.0,0.0,0.27,0.0,0.0,0.0,0.27,62.64,58.75,3.89,93.79,32.32,26.42,4.29,0.0,0.0,1.74,56.52,11,8,671,0.13,0.0,0.67,0.67,4.16,0.0,4.96,63.79,2.68,74.07,2.28,54.84
60,253367,Serie A,25/26,Sassuolo,Domenico Berardi,Forward,7.02,0.37,0.27,0.18,1.83,0.96,0.64,20.0,0.5,42.31,0.37,0.0,0.0,0.32,0.05,0.0,0.55,0.05,0.14,0.09,66.67,0.0,0.14,0.0,1.19,1.1,1.1,0.0,0.96,0.0,0.0,0.0,0.0,0.14,0.37,0.18,0.0,1.51,29.56,22.75,6.81,76.97,8.31,14.44,8.68,0.78,29.31,1.69,52.86,26,24,1970,0.09,0.05,1.42,1.55,12.65,0.82,3.79,44.86,3.2,45.75,0.59,40.63
61,186855,Serie A,25/26,AS Roma,Bryan Cristante,Midfielder,7.02,0.06,0.06,0.06,1.28,0.23,0.61,4.55,0.38,59.09,0.06,0.0,0.06,0.0,0.0,0.06,0.0,0.0,0.0,0.0,0.0,0.0,0.0,0.0,2.09,0.78,1.94,0.23,0.55,0.0,0.09,0.0,0.0,0.41,0.09,0.03,0.0,0.78,61.75,50.21,11.54,81.31,20.39,29.82,13.89,0.17,31.58,3.51,51.49,37,36,3103,0.17,0.0,1.83,0.26,14.24,0.67,5.97,49.52,2.67,45.1,3.31,53.77
62,974087,Serie A,25/26,AS Roma,Manu Koné,Midfielder,7.02,0.07,0.08,0.04,0.77,0.18,0.26,9.52,1.06,61.7,0.07,0.0,0.04,0.0,0.04,0.04,0.07,0.0,0.0,0.0,0.0,0.0,0.0,0.0,1.79,0.66,1.02,0.11,1.02,0.0,0.07,0.0,0.0,0.4,0.15,0.11,0.0,0.92,50.14,45.35,4.79,90.44,16.84,28.51,13.62,0.0,0.0,1.28,59.32,29,28,2459,0.07,0.0,1.72,1.94,9.04,1.32,5.67,50.49,4.65,50.4,1.02,50.91
63,1397736,Serie A,25/26,Cagliari,Marco Palestra,Midfielder,7.02,0.03,0.05,0.0,0.85,0.2,0.38,3.45,2.04,51.85,0.03,0.0,0.0,0.0,0.03,0.0,0.23,0.0,0.0,0.0,0.0,0.0,0.0,0.0,1.61,0.58,1.23,0.09,0.58,0.0,0.03,0.0,0.0,0.18,0.2,0.12,0.03,0.96,25.3,21.54,3.76,85.12,11.35,10.18,4.76,0.79,24.77,0.82,54.9,37,34,3084,0.09,0.0,1.2,3.15,11.67,0.67,7.24,59.62,6.8,61.48,0.44,40.54
64,947954,Serie A,25/26,Cagliari,Elia Caprile,Goalkeeper,7.02,0.0,0.0,0.0,0.0,0.0,0.0,0.0,0.0,0.0,0.0,0.0,0.0,0.0,0.0,0.0,0.0,0.0,0.0,0.0,0.0,0.0,0.0,0.0,0.0,0.0,0.89,0.0,0.0,0.05,0.0,0.0,0.0,0.21,0.0,0.0,0.0,0.03,28.71,18.32,10.39,63.79,14.16,4.16,1.21,0.0,0.0,5.63,35.49,38,38,3420,0.05,0.0,0.0,0.21,10.58,0.0,0.47,85.71,0.05,100.0,0.42,84.21
65,548178,Serie A,25/26,Fiorentina,Rolando Mandragora,Midfielder,7.01,0.26,0.17,0.0,2.36,0.66,0.92,10.94,0.22,37.5,0.15,0.11,0.04,0.18,0.04,0.04,0.0,0.04,0.04,0.04,100.0,0.04,0.52,7.14,1.66,0.48,1.29,0.18,0.55,0.0,0.0,0.0,0.0,0.07,0.11,0.11,0.0,1.29,36.55,30.86,5.68,84.44,14.73,16.13,8.2,0.63,24.29,1.22,35.48,34,30,2438,0.26,0.0,1.37,2.03,9.49,0.41,5.21,60.0,3.8,59.54,1.4,61.29
66,70996,Serie A,25/26,SSC Napoli,Kevin De Bruyne,Midfielder,7.01,0.38,0.31,0.0,2.08,0.85,0.69,18.52,0.69,64.29,0.31,0.08,0.0,0.0,0.38,0.08,0.31,0.0,0.23,0.23,100.0,0.08,0.23,33.33,0.92,0.38,0.31,0.0,0.85,0.0,0.0,0.0,0.0,0.15,0.46,0.15,0.08,2.85,56.97,47.73,9.24,83.78,14.47,33.26,18.25,0.92,20.69,2.23,59.18,18,13,1169,0.08,0.0,0.62,0.46,16.01,1.0,2.31,41.1,2.08,42.19,0.23,33.33
67,850993,Serie A,25/26,SSC Napoli,David Neres,Forward,7.01,0.29,0.15,0.0,1.65,0.39,0.58,17.65,1.85,38.0,0.29,0.0,0.0,0.29,0.0,0.1,0.0,0.0,0.0,0.0,0.0,0.0,0.1,0.0,0.97,0.1,0.19,0.29,0.19,0.0,0.0,0.0,0.0,0.0,0.88,0.29,0.0,2.04,32.21,26.27,5.94,81.57,6.52,19.75,13.72,1.26,24.53,0.39,66.67,16,10,925,0.29,0.0,1.85,0.68,18.0,1.17,3.89,35.09,3.5,37.5,0.39,22.22
68,979222,Serie A,25/26,Juventus,Francisco Conceição,Forward,7.01,0.13,0.33,0.47,3.13,0.99,0.94,4.11,2.32,52.94,0.04,0.09,0.0,0.13,0.0,0.13,0.13,0.0,0.0,0.0,0.0,0.0,0.0,0.0,1.46,0.3,0.17,0.04,0.69,0.0,0.0,0.0,0.0,0.0,0.26,0.21,0.0,1.8,36.42,31.79,4.63,87.28,9.39,22.39,14.29,0.99,25.0,0.77,54.55,31,27,2098,0.13,0.0,1.37,1.72,13.47,1.16,5.58,49.24,5.49,51.61,0.09,12.5
69,830858,Serie A,25/26,Udinese,Keinan Davis,Forward,7.0,0.43,0.44,0.3,2.16,1.08,0.56,20.0,1.3,68.18,0.43,0.0,0.04,0.35,0.04,0.04,0.43,0.09,0.17,0.17,100.0,0.0,0.0,0.0,0.48,0.09,1.13,0.13,0.22,0.0,0.04,0.0,0.0,0.04,0.26,0.17,0.0,1.34,17.14,13.33,3.81,77.78,4.46,8.87,5.37,0.0,0.0,0.35,72.73,30,27,2079,0.22,0.0,1.77,2.03,9.05,1.73,6.36,46.23,3.81,48.62,2.55,43.07
70,284363,Serie A,25/26,Cremonese,Federico Bonazzoli,Forward,7.0,0.36,0.35,0.18,2.68,1.14,0.89,13.33,0.39,32.35,0.32,0.04,0.0,0.36,0.0,0.07,0.14,0.0,0.11,0.11,100.0,0.0,0.0,0.0,1.07,0.39,0.36,0.0,0.71,0.0,0.0,0.0,0.0,0.07,0.11,0.04,0.0,0.46,29.71,25.08,4.64,84.39,10.2,14.88,7.1,0.21,23.08,1.5,73.68,35,31,2523,0.14,0.0,0.93,2.85,9.85,1.21,4.64,52.42,4.32,54.5,0.32,34.62
71,946888,Serie A,25/26,Atalanta,Éderson,Midfielder,7.0,0.08,0.18,0.24,1.41,0.44,0.4,5.71,0.64,55.17,0.08,0.0,0.0,0.0,0.08,0.0,0.08,0.0,0.04,0.04,100.0,0.0,0.0,0.0,2.38,1.13,1.65,0.28,0.77,0.0,0.12,0.0,0.0,0.28,0.12,0.04,0.0,1.01,53.72,47.92,5.8,89.21,21.7,26.21,12.24,0.04,8.33,3.22,72.07,30,26,2235,0.12,0.0,1.37,1.61,9.38,0.85,5.44,53.57,4.55,56.78,0.89,41.51
72,1801193,Serie A,25/26,Lecce,Matías Pérez,Defender,7.0,0.0,0.0,0.0,0.0,0.0,0.0,0.0,0.0,0.0,0.0,0.0,0.0,0.0,0.0,0.0,0.0,0.0,0.0,0.0,0.0,0.0,0.0,0.0,0.0,0.0,5.62,5.62,2.81,0.0,0.0,0.0,0.0,0.0,0.0,0.0,0.0,2.81,42.19,39.38,2.81,93.33,19.69,19.69,11.25,0.0,0.0,0.0,0.0,1,1,32,0.0,0.0,0.0,0.0,11.25,0.0,0.0,0.0,0.0,0.0,0.0,0.0
73,295133,Serie A,25/26,Como,Edoardo Goldaniga,Defender,7.0,0.0,0.0,0.0,0.0,0.0,0.0,0.0,0.0,0.0,0.0,0.0,0.0,0.0,0.0,0.0,0.0,0.0,0.0,0.0,0.0,0.0,0.0,0.0,0.0,0.0,6.43,6.43,0.0,0.0,0.0,0.0,0.0,0.0,0.0,0.0,0.0,0.0,115.71,115.71,0.0,100.0,83.57,32.14,6.43,0.0,0.0,0.0,0.0,2,0,14,0.0,0.0,0.0,0.0,6.43,0.0,6.43,100.0,0.0,0.0,6.43,100.0
74,226974,Serie A,25/26,Como,Marc Kempf,Defender,7.0,0.15,0.11,0.08,0.81,0.23,0.43,19.05,0.08,33.33,0.15,0.0,0.12,0.04,0.0,0.0,0.0,0.0,0.0,0.0,0.0,0.0,0.0,0.0,0.81,0.46,5.35,0.77,0.58,0.08,0.04,0.04,0.0,0.43,0.08,0.04,0.0,0.31,67.22,60.01,7.21,89.28,38.47,21.54,4.46,0.0,0.0,1.63,36.21,34,27,2323,0.12,0.0,1.01,0.74,8.52,0.15,5.19,59.56,1.59,47.67,3.6,66.91
75,611210,Serie A,25/26,AS Roma,Gianluca Mancini,Defender,7.0,0.12,0.08,0.0,0.59,0.23,0.21,20.0,0.12,66.67,0.12,0.0,0.12,0.0,0.0,0.03,0.15,0.0,0.0,0.0,0.0,0.0,0.0,0.0,1.53,1.44,3.7,0.41,0.5,0.0,0.06,0.0,0.0,0.35,0.15,0.06,0.03,0.65,48.41,42.06,6.34,86.9,25.74,16.32,6.81,0.18,19.35,1.76,40.0,36,36,3066,0.26,0.0,2.08,1.23,8.42,0.18,5.52,55.95,2.85,50.79,2.67,62.76
76,865167,Serie A,25/26,Juventus,Lloyd Kelly,Defender,7.0,0.03,0.03,0.0,0.51,0.09,0.24,5.88,0.54,78.26,0.03,0.0,0.0,0.03,0.0,0.03,0.12,0.0,0.0,0.0,0.0,0.0,0.03,0.0,1.44,0.42,3.48,0.51,0.21,0.0,0.06,0.03,0.0,0.39,0.09,0.03,0.0,0.33,61.03,54.28,6.75,88.93,33.68,20.59,6.75,0.0,0.0,3.81,54.27,35,33,2998,0.12,0.0,1.29,0.6,8.56,0.27,5.19,60.28,2.49,57.64,2.7,62.94
77,1134351,Serie A,25/26,Sassuolo,Ismael Koné,Midfielder,6.99,0.2,0.17,0.13,0.75,0.33,0.33,26.09,0.85,59.09,0.2,0.0,0.0,0.0,0.2,0.03,0.0,0.0,0.0,0.0,0.0,0.0,0.0,0.0,1.01,0.49,1.04,0.13,0.52,0.0,0.13,0.0,0.0,0.1,0.03,0.0,0.0,0.75,37.33,34.16,3.17,91.51,15.45,18.71,8.72,0.1,60.0,2.16,80.49,35,33,2756,0.1,0.03,0.82,1.76,6.34,0.72,3.79,55.24,3.56,58.29,0.23,30.43
78,256667,Serie A,25/26,Lecce,Wladimiro Falcone,Goalkeeper,6.99,0.0,0.0,0.0,0.0,0.0,0.0,0.0,0.0,0.0,0.0,0.0,0.0,0.0,0.0,0.0,0.0,0.0,0.0,0.0,0.0,0.0,0.0,0.0,0.05,0.0,1.45,0.0,0.03,0.0,0.03,0.0,0.0,0.26,0.0,0.0,0.0,0.03,30.05,13.74,16.32,45.71,7.79,5.95,1.53,0.0,0.0,7.79,32.42,38,38,3420,0.05,0.0,0.0,0.21,16.5,0.0,0.63,92.31,0.13,83.33,0.5,95.0
79,852404,Serie A,25/26,Lazio,Mattéo Guendouzi,Midfielder,6.99,0.13,0.08,0.06,1.01,0.5,0.38,12.5,0.5,47.06,0.13,0.0,0.0,0.0,0.13,0.13,0.0,0.0,0.0,0.0,0.0,0.0,0.0,0.0,0.88,0.69,0.88,0.38,0.69,0.0,0.13,0.0,0.0,0.5,0.06,0.06,0.0,0.94,46.26,40.53,5.73,87.62,16.17,24.36,12.15,0.44,35.0,2.33,66.07,16,16,1430,0.38,0.06,1.07,1.32,8.62,0.38,3.08,50.52,2.71,50.0,0.38,54.55
80,984184,Serie A,25/26,Atalanta,Nicola Zalewski,Midfielder,6.99,0.09,0.14,0.14,1.79,0.33,0.9,5.26,1.32,41.79,0.0,0.09,0.0,0.0,0.09,0.05,0.14,0.05,0.0,0.0,0.0,0.0,0.09,0.0,1.37,0.85,1.08,0.05,0.47,0.0,0.0,0.0,0.0,0.05,0.52,0.19,0.0,1.7,33.13,25.16,7.96,75.96,9.85,15.31,10.32,1.32,22.05,1.74,47.44,33,24,1910,0.14,0.0,0.99,2.45,18.71,1.08,5.75,52.59,5.09,54.27,0.66,42.42
81,822518,Serie A,25/26,Fiorentina,Dodô,Midfielder,6.99,0.03,0.06,0.03,0.72,0.11,0.46,4.0,1.32,54.12,0.03,0.0,0.0,0.03,0.0,0.0,0.06,0.0,0.0,0.0,0.0,0.0,0.0,0.0,0.83,0.86,1.69,0.09,0.52,0.0,0.06,0.0,0.0,0.23,0.23,0.06,0.0,1.46,40.14,33.55,6.59,83.57,14.94,18.61,10.15,1.0,23.03,1.4,39.52,36,36,3139,0.2,0.0,0.63,1.52,14.65,0.4,4.16,56.42,3.64,58.26,0.52,46.15
82,126816,Serie A,25/26,Inter,Francesco Acerbi,Defender,6.99,0.0,0.02,0.06,0.19,0.06,0.13,0.0,0.06,50.0,0.0,0.0,0.0,0.0,0.0,0.06,0.19,0.0,0.0,0.0,0.0,0.0,0.0,0.0,0.65,1.17,5.9,1.04,0.13,0.0,0.0,0.0,0.0,0.39,0.06,0.0,0.0,0.26,63.46,60.22,3.24,94.89,40.68,19.53,4.67,0.19,100.0,1.43,51.16,18,15,1387,0.19,0.0,1.1,0.84,4.09,0.0,4.48,64.49,1.56,57.14,2.92,69.23
83,888219,Serie A,25/26,Genoa,Junior Messias,Forward,6.99,0.4,0.25,0.0,2.53,0.93,0.93,15.79,2.67,54.05,0.27,0.13,0.0,0.4,0.0,0.0,0.0,0.0,0.13,0.13,100.0,0.0,0.0,0.0,2.67,0.67,1.87,0.13,0.4,0.0,0.0,0.0,0.0,0.0,0.13,0.13,0.0,0.8,34.67,26.4,8.27,76.15,7.6,18.8,13.2,0.4,18.75,2.67,64.52,20,5,675,0.13,0.0,1.33,2.93,17.33,1.33,10.0,55.56,8.27,61.39,1.73,38.24
84,817957,Serie A,25/26,AC Milan,Christian Pulišić,Forward,6.99,0.45,0.45,0.56,3.02,1.4,0.89,14.81,1.79,48.48,0.45,0.0,0.0,0.34,0.11,0.0,0.17,0.0,0.06,0.0,0.0,0.0,0.06,0.0,0.84,0.17,0.61,0.06,0.39,0.0,0.06,0.0,0.0,0.0,0.5,0.22,0.0,2.12,37.37,32.12,5.25,85.95,8.94,23.18,13.41,0.78,37.84,0.45,44.44,30,18,1611,0.0,0.0,0.61,1.28,12.74,1.12,4.47,47.62,3.91,51.09,0.56,32.26
85,148899,Serie A,25/26,SSC Napoli,Leonardo Spinazzola,Defender,6.99,0.14,0.05,0.0,0.99,0.33,0.38,14.29,0.76,31.37,0.05,0.09,0.0,0.0,0.14,0.0,0.09,0.0,0.0,0.0,0.0,0.0,0.0,0.0,1.13,0.19,1.51,0.09,0.47,0.0,0.09,0.0,0.0,0.05,0.09,0.14,0.05,1.56,46.53,37.57,8.97,80.73,16.09,21.47,11.47,1.04,30.14,2.41,54.84,32,22,1907,0.05,0.0,0.42,0.42,16.33,0.61,2.41,42.15,2.31,42.61,0.09,33.33
86,1086286,Serie A,25/26,Como,Máximo Perrone,Midfielder,6.99,0.1,0.07,0.1,0.59,0.29,0.16,16.67,0.29,52.94,0.07,0.03,0.0,0.07,0.03,0.0,0.03,0.0,0.0,0.0,0.0,0.0,0.0,0.0,1.83,0.72,0.85,0.1,1.02,0.0,0.13,0.03,0.0,0.46,0.13,0.13,0.07,1.11,71.23,65.08,6.16,91.36,31.21,33.86,11.53,0.1,27.27,2.36,68.57,36,33,2748,0.26,0.0,1.41,0.75,8.61,0.72,3.28,46.73,2.88,46.07,0.39,52.17
87,1155423,Serie A,25/26,Parma,Alessandro Circati,Defender,6.98,0.03,0.03,0.03,0.27,0.03,0.1,12.5,0.14,66.67,0.03,0.0,0.0,0.0,0.03,0.0,0.0,0.0,0.0,0.0,0.0,0.0,0.0,0.0,1.45,0.81,5.06,1.01,0.24,0.03,0.1,0.03,0.0,0.37,0.0,0.0,0.0,0.3,49.89,43.72,6.18,87.62,29.54,14.18,4.46,0.0,0.0,2.77,52.23,31,31,2666,0.2,0.0,1.01,0.61,7.66,0.17,4.76,62.67,2.19,62.5,2.57,62.81
88,1012177,Serie A,25/26,Atalanta,Lorenzo Bernasconi,Midfielder,6.98,0.0,0.02,0.06,0.52,0.06,0.17,0.0,0.46,50.0,0.0,0.0,0.0,0.0,0.0,0.0,0.17,0.0,0.0,0.0,0.0,0.0,0.0,0.0,1.66,0.8,2.12,0.34,0.69,0.0,0.0,0.0,0.0,0.46,0.29,0.17,0.0,1.55,40.53,34.12,6.41,84.18,14.89,19.24,9.16,1.83,28.32,1.32,46.0,23,17,1572,0.17,0.0,0.46,0.29,15.29,0.17,2.63,52.87,2.35,57.75,0.29,31.25
89,932643,Serie A,25/26,Sassuolo,Armand Laurienté,Forward,6.98,0.24,0.13,0.07,2.44,0.89,0.93,9.86,1.0,36.25,0.21,0.03,0.0,0.0,0.24,0.03,0.62,0.0,0.0,0.0,0.0,0.03,0.41,8.33,0.93,0.24,0.41,0.03,0.38,0.0,0.03,0.0,0.0,0.0,0.52,0.31,0.0,1.86,28.02,23.71,4.3,84.64,5.54,18.17,11.43,0.89,23.85,0.62,54.55,38,33,2615,0.14,0.0,1.45,1.62,14.04,1.82,3.79,38.6,3.54,40.23,0.24,24.14
90,891656,Serie A,25/26,Udinese,Maduka Okoye,Goalkeeper,6.98,0.0,0.0,0.0,0.0,0.0,0.0,0.0,0.0,0.0,0.0,0.0,0.0,0.0,0.0,0.0,0.0,0.0,0.0,0.0,0.0,0.0,0.0,0.0,0.0,0.0,0.93,0.0,0.0,0.07,0.07,0.03,0.0,0.34,0.0,0.0,0.0,0.07,31.09,20.12,10.97,64.71,14.48,5.64,1.03,0.0,0.0,7.12,39.73,30,30,2617,0.03,0.03,0.07,0.14,11.07,0.0,0.31,75.0,0.1,60.0,0.21,85.71
91,990411,Serie A,25/26,Parma,Edoardo Corvi,Goalkeeper,6.98,0.0,0.0,0.0,0.0,0.0,0.0,0.0,0.0,0.0,0.0,0.0,0.0,0.0,0.0,0.0,0.0,0.0,0.0,0.0,0.0,0.0,0.0,0.0,0.06,0.0,1.0,0.0,0.06,0.12,0.12,0.0,0.0,0.41,0.0,0.0,0.0,0.0,30.12,22.47,7.65,74.61,19.41,3.06,0.94,0.0,0.0,4.71,38.65,17,17,1530,0.06,0.0,0.0,0.29,7.71,0.0,0.41,87.5,0.29,83.33,0.12,100.0
92,287057,Serie A,25/26,Hellas Verona,Roberto Gagliardini,Midfielder,6.97,0.04,0.05,0.08,0.61,0.12,0.24,6.67,0.24,60.0,0.04,0.0,0.04,0.0,0.0,0.04,0.0,0.0,0.0,0.0,0.0,0.0,0.0,0.0,2.96,2.19,2.84,0.53,0.93,0.0,0.0,0.0,0.0,0.16,0.0,0.0,0.0,0.65,47.31,38.38,8.94,81.12,17.67,20.71,9.38,0.24,37.5,1.87,40.0,29,25,2216,0.41,0.0,1.83,1.42,11.86,0.49,6.86,59.3,4.51,57.81,2.36,62.37
93,904832,Serie A,25/26,Juventus,Khéphren Thuram,Midfielder,6.97,0.11,0.11,0.11,1.83,0.55,0.77,6.0,0.84,62.16,0.11,0.0,0.07,0.04,0.0,0.04,0.11,0.0,0.0,0.0,0.0,0.0,0.0,0.0,2.2,0.44,1.06,0.33,0.51,0.0,0.0,0.0,0.0,0.33,0.15,0.11,0.0,0.88,55.29,47.99,7.3,86.79,20.44,27.55,14.42,0.11,17.65,1.54,56.76,35,30,2453,0.07,0.0,1.39,0.44,10.38,0.55,4.84,53.88,3.49,55.23,1.36,50.68
94,293581,Serie A,25/26,Lazio,Mattia Zaccagni,Forward,6.97,0.13,0.17,0.34,1.45,0.6,0.55,8.82,0.98,38.33,0.13,0.0,0.0,0.0,0.13,0.04,0.26,0.04,0.04,0.0,0.0,0.0,0.0,0.0,1.58,0.81,0.43,0.04,0.89,0.0,0.0,0.0,0.0,0.26,0.17,0.0,0.0,1.49,32.91,27.16,5.75,82.54,9.54,17.63,9.28,0.43,18.52,0.94,56.41,26,26,2114,0.26,0.04,1.28,3.49,13.5,1.15,6.68,53.77,6.05,55.47,0.64,41.67
95,69378,Serie A,25/26,Fiorentina,David De Gea,Goalkeeper,6.97,0.0,0.0,0.0,0.0,0.0,0.0,0.0,0.0,0.0,0.0,0.0,0.0,0.0,0.0,0.0,0.0,0.0,0.0,0.0,0.0,0.0,0.0,0.0,0.0,0.0,0.51,0.0,0.05,0.08,0.05,0.0,0.0,0.27,0.0,0.0,0.0,0.03,28.84,19.11,9.73,66.26,16.08,3.03,0.84,0.0,0.0,5.08,34.62,37,37,3330,0.0,0.0,0.0,0.16,10.05,0.0,0.3,73.33,0.14,71.43,0.16,75.0
96,818481,Serie A,25/26,Bologna,Jhon Lucumí,Defender,6.97,0.04,0.04,0.0,0.31,0.08,0.2,12.5,0.2,100.0,0.04,0.0,0.04,0.0,0.0,0.0,0.04,0.0,0.0,0.0,0.0,0.0,0.0,0.0,1.6,1.25,3.95,0.55,0.55,0.04,0.2,0.0,0.0,0.31,0.04,0.0,0.0,0.27,63.39,56.78,6.61,89.57,37.06,19.72,4.97,0.04,100.0,4.5,61.5,29,26,2300,0.2,0.0,0.9,0.74,7.9,0.31,4.19,59.12,2.54,59.63,1.64,58.33
97,855829,Serie A,25/26,Bologna,Juan Miranda,Defender,6.96,0.03,0.02,0.0,0.45,0.17,0.17,7.69,0.28,50.0,0.03,0.0,0.0,0.03,0.0,0.03,0.1,0.03,0.0,0.0,0.0,0.0,0.0,0.0,1.71,1.22,2.59,0.17,0.45,0.03,0.0,0.0,0.0,0.24,0.17,0.1,0.0,2.31,50.93,42.39,8.53,83.24,20.85,21.55,11.3,1.68,27.59,3.95,48.71,32,29,2573,0.21,0.0,0.87,1.22,17.07,0.24,4.41,61.17,3.22,63.89,1.19,54.84
98,227864,Serie A,25/26,Lazio,Alessio Romagnoli,Defender,6.96,0.0,0.05,0.07,0.3,0.13,0.17,0.0,0.03,100.0,0.0,0.0,0.0,0.0,0.0,0.03,0.0,0.0,0.0,0.0,0.0,0.0,0.0,0.0,0.78,1.08,4.52,0.67,0.34,0.0,0.03,0.0,0.0,0.4,0.0,0.0,0.0,0.1,67.53,62.97,4.56,93.25,43.19,19.78,3.98,0.0,0.0,2.33,54.76,32,31,2667,0.17,0.03,0.61,0.51,4.96,0.03,3.41,59.76,1.21,57.14,2.19,61.32
99,984095,Serie A,25/26,Lazio,Alessio Furlanetto,Goalkeeper,6.95,0.0,0.0,0.0,0.0,0.0,0.0,0.0,0.0,0.0,0.0,0.0,0.0,0.0,0.0,0.0,0.0,0.0,0.0,0.0,0.0,0.0,0.0,0.0,0.0,0.0,0.0,0.0,0.0,0.0,0.0,0.0,0.0,0.0,0.0,0.0,0.0,0.0,22.5,18.5,4.0,82.22,16.5,2.0,0.5,0.0,0.0,3.5,53.85,2,2,180,0.0,0.0,0.0,0.0,4.0,0.0,0.0,0.0,0.0,0.0,0.0,0.0
100,814876,Serie A,25/26,Pisa,Adrian Šemper,Goalkeeper,6.95,0.0,0.0,0.0,0.0,0.0,0.0,0.0,0.0,0.0,0.0,0.0,0.0,0.0,0.0,0.0,0.0,0.0,0.0,0.0,0.0,0.0,0.0,0.0,0.0,0.0,1.0,0.0,0.04,0.0,0.12,0.0,0.0,0.16,0.0,0.0,0.0,0.0,29.84,18.36,11.48,61.53,11.92,6.44,1.88,0.0,0.0,8.08,41.65,25,25,2250,0.0,0.0,0.0,0.24,11.76,0.0,0.64,88.89,0.16,80.0,0.48,92.31
101,44241,Serie A,25/26,Sassuolo,Nemanja Matić,Midfielder,6.95,0.03,0.01,0.0,0.37,0.13,0.13,9.09,0.44,52.0,0.03,0.0,0.0,0.03,0.0,0.0,0.0,0.0,0.0,0.0,0.0,0.0,0.0,0.0,1.45,0.94,1.58,0.34,0.84,0.0,0.07,0.0,0.0,0.17,0.03,0.03,0.0,0.67,58.03,50.18,7.86,86.46,26.91,23.27,10.12,0.07,16.67,3.51,56.83,34,31,2669,0.24,0.03,0.81,1.32,10.86,0.81,4.18,54.39,3.14,52.54,1.05,60.78
102,972886,Serie A,25/26,Fiorentina,Fabiano Parisi,Defender,6.94,0.06,0.08,0.06,1.41,0.41,0.53,4.17,1.83,56.36,0.06,0.0,0.0,0.0,0.06,0.12,0.06,0.06,0.0,0.0,0.0,0.0,0.0,0.0,1.24,1.18,1.3,0.35,0.47,0.0,0.12,0.06,0.06,0.06,0.18,0.06,0.0,1.12,37.66,32.0,5.66,84.98,13.14,18.86,9.31,0.41,17.95,1.47,45.45,23,18,1527,0.35,0.0,0.83,3.89,12.79,1.53,7.31,58.77,6.72,61.29,0.59,40.0
103,1516324,Serie A,25/26,Parma,Mariano Troilo,Defender,6.94,0.06,0.04,0.0,0.5,0.11,0.22,11.11,0.28,71.43,0.06,0.0,0.06,0.0,0.0,0.0,0.06,0.0,0.0,0.0,0.0,0.0,0.0,0.0,1.54,0.99,6.55,0.99,0.55,0.0,0.11,0.11,0.0,0.28,0.06,0.0,0.0,0.39,46.82,41.81,5.01,89.31,28.55,13.26,2.92,0.06,100.0,2.42,50.57,21,18,1636,0.33,0.11,1.49,1.1,5.72,0.17,4.9,58.55,2.75,55.56,2.15,62.9
104,37151,Serie A,25/26,Inter,Henrikh Mkhitaryan,Midfielder,6.94,0.23,0.28,0.41,2.49,0.81,0.98,9.3,0.69,41.38,0.23,0.0,0.06,0.12,0.06,0.23,0.17,0.06,0.0,0.0,0.0,0.0,0.06,0.0,1.91,0.81,1.04,0.23,1.16,0.0,0.0,0.06,0.0,0.23,0.29,0.06,0.0,1.33,57.7,50.82,6.89,88.06,15.8,35.02,20.72,0.35,14.29,2.08,73.47,30,16,1555,0.29,0.0,1.62,0.98,12.96,1.22,4.28,43.79,3.59,42.18,0.69,54.55
105,971005,Serie A,25/26,Bologna,Nicolò Cambiaghi,Forward,6.94,0.18,0.13,0.12,1.41,0.35,0.59,12.5,0.88,45.45,0.18,0.0,0.0,0.12,0.06,0.0,0.29,0.0,0.0,0.0,0.0,0.0,0.0,0.0,1.77,0.47,0.29,0.0,1.18,0.0,0.0,0.0,0.0,0.12,0.29,0.24,0.0,1.06,23.37,19.48,3.88,83.38,5.59,13.89,8.53,0.94,25.0,0.59,45.45,28,17,1529,0.18,0.06,1.88,4.18,11.3,1.24,7.12,55.0,6.77,56.93,0.35,33.33
106,556696,Serie A,25/26,Genoa,Justin Bijlow,Goalkeeper,6.94,0.0,0.0,0.0,0.0,0.0,0.0,0.0,0.0,0.0,0.0,0.0,0.0,0.0,0.0,0.0,0.0,0.0,0.0,0.0,0.0,0.0,0.0,0.0,0.0,0.0,0.9,0.0,0.0,0.0,0.06,0.06,0.0,0.32,0.0,0.0,0.0,0.0,39.35,29.55,9.81,75.08,25.61,3.94,1.74,0.0,0.0,5.74,36.93,16,16,1395,0.06,0.0,0.06,0.06,10.0,0.0,0.52,88.89,0.0,0.0,0.52,100.0
107,787941,Serie A,25/26,SSC Napoli,Frank Anguissa,Midfielder,6.93,0.29,0.18,0.07,1.65,0.64,0.79,17.39,0.64,52.94,0.29,0.0,0.14,0.07,0.07,0.07,0.0,0.07,0.0,0.0,0.0,0.0,0.0,0.0,1.29,0.86,0.79,0.21,0.86,0.0,0.07,0.0,0.0,0.36,0.07,0.07,0.0,0.93,51.16,44.28,6.88,86.55,20.49,23.79,10.1,0.29,26.67,0.79,50.0,18,14,1256,0.07,0.0,1.29,1.29,11.75,1.72,5.52,48.73,3.22,43.27,2.29,59.26
108,1110136,Serie A,25/26,Parma,Mandela Keita,Midfielder,6.93,0.03,0.02,0.0,0.48,0.15,0.24,6.25,0.87,64.44,0.03,0.0,0.0,0.0,0.03,0.0,0.0,0.0,0.0,0.0,0.0,0.0,0.0,0.0,2.22,1.32,0.93,0.33,0.81,0.03,0.09,0.0,0.03,0.3,0.0,0.03,0.0,0.33,36.31,32.11,4.2,88.43,16.99,15.13,5.22,0.0,0.0,1.35,73.77,37,36,2999,0.03,0.0,0.9,1.71,6.93,0.81,5.37,62.37,4.8,62.75,0.57,59.38
109,360396,Serie A,25/26,Cagliari,Yerry Mina,Defender,6.93,0.08,0.07,0.0,0.46,0.13,0.25,18.18,0.08,40.0,0.08,0.0,0.08,0.0,0.0,0.0,0.13,0.0,0.0,0.0,0.0,0.0,0.0,0.0,1.34,1.09,5.31,0.96,0.33,0.04,0.04,0.0,0.0,0.25,0.0,0.0,0.0,0.33,50.2,45.94,4.26,91.51,37.75,8.19,1.8,0.0,0.0,1.55,43.02,26,26,2153,0.13,0.04,1.09,1.55,5.48,0.38,5.39,63.55,2.97,62.28,2.42,65.17
110,797286,Serie A,25/26,Genoa,Aarón Martín,Defender,6.93,0.04,0.05,0.04,0.45,0.16,0.04,9.09,0.54,50.0,0.0,0.04,0.0,0.04,0.0,0.0,0.0,0.04,0.04,0.0,0.0,0.04,0.21,20.0,1.77,0.41,1.89,0.45,0.29,0.0,0.0,0.04,0.0,0.12,0.54,0.21,0.0,2.55,30.36,23.93,6.43,78.83,12.4,11.53,6.43,2.76,34.36,1.65,32.52,33,26,2185,0.08,0.0,1.28,1.11,16.19,0.58,3.79,52.27,3.42,56.85,0.37,30.0
111,826195,Serie A,25/26,AC Milan,Matteo Gabbia,Defender,6.93,0.0,0.05,0.11,0.68,0.11,0.5,0.0,0.0,0.0,0.0,0.0,0.0,0.0,0.0,0.07,0.0,0.0,0.0,0.0,0.0,0.0,0.0,0.0,0.75,0.5,5.55,0.78,0.18,0.0,0.0,0.0,0.0,0.39,0.0,0.0,0.0,0.07,53.3,49.0,4.3,91.93,34.81,14.19,2.31,0.0,0.0,3.2,58.06,30,28,2531,0.14,0.0,0.89,0.21,4.55,0.0,3.2,58.82,0.92,47.27,2.28,65.31
112,353130,Serie A,25/26,AS Roma,Mario Hermoso,Defender,6.93,0.13,0.08,0.09,0.86,0.26,0.39,15.0,0.17,30.77,0.13,0.0,0.04,0.04,0.04,0.04,0.0,0.0,0.0,0.0,0.0,0.0,0.0,0.0,1.55,1.25,3.39,0.26,0.47,0.04,0.04,0.0,0.0,0.34,0.04,0.09,0.0,0.43,61.02,53.07,7.94,86.98,33.41,19.67,7.73,0.04,11.11,2.58,44.78,27,25,2096,0.39,0.0,1.72,0.82,9.92,0.13,4.59,53.77,2.45,48.31,2.15,61.73
113,848287,Serie A,25/26,AS Roma,Evan Ndicka,Defender,6.93,0.1,0.07,0.03,0.77,0.2,0.5,13.04,0.13,44.44,0.1,0.0,0.03,0.03,0.03,0.0,0.0,0.0,0.0,0.0,0.0,0.0,0.0,0.0,0.81,1.64,4.63,0.4,0.27,0.03,0.2,0.0,0.0,0.44,0.03,0.0,0.0,0.2,54.81,49.65,5.17,90.58,35.02,14.63,3.42,0.0,0.0,2.99,55.63,31,31,2683,0.17,0.0,1.07,1.17,6.27,0.2,4.66,58.65,2.11,56.25,2.55,60.8
114,877201,Serie A,25/26,Parma,Gabriel Strefezza,Midfielder,6.92,0.18,0.09,0.0,2.13,0.62,0.98,8.33,1.51,51.52,0.18,0.0,0.0,0.0,0.18,0.09,0.18,0.0,0.0,0.0,0.0,0.0,0.0,0.0,1.42,0.44,0.35,0.0,1.15,0.0,0.0,0.0,0.0,0.0,0.27,0.18,0.0,1.24,30.86,26.33,4.52,85.34,6.74,19.6,10.46,0.71,20.51,0.89,41.67,14,13,1015,0.27,0.0,1.86,2.48,13.12,1.6,5.85,46.81,5.41,48.03,0.44,35.71
115,893752,Serie A,25/26,Sassuolo,Stefano Turati,Goalkeeper,6.92,0.0,0.0,0.0,0.0,0.0,0.0,0.0,0.0,0.0,0.0,0.0,0.0,0.0,0.0,0.0,0.0,0.0,0.0,0.0,0.0,0.0,0.0,0.0,0.0,0.17,1.35,0.0,0.0,0.0,0.0,0.0,0.0,0.34,0.0,0.0,0.0,0.34,26.51,13.17,13.34,49.68,8.61,4.56,2.03,0.0,0.0,5.07,27.52,6,6,533,0.0,0.0,0.0,0.17,13.68,0.0,0.84,100.0,0.17,100.0,0.68,100.0
116,16206,Serie A,25/26,Inter,Yann Sommer,Goalkeeper,6.92,0.0,0.0,0.0,0.0,0.0,0.0,0.0,0.0,0.0,0.0,0.0,0.0,0.0,0.0,0.0,0.0,0.0,0.0,0.0,0.0,0.0,0.0,0.0,0.0,0.0,0.36,0.0,0.03,0.03,0.03,0.0,0.0,0.46,0.0,0.0,0.0,0.0,31.85,26.08,5.78,81.87,23.71,2.37,0.46,0.0,0.0,5.02,47.01,33,33,2961,0.0,0.0,0.0,0.09,5.87,0.0,0.12,66.67,0.09,75.0,0.03,50.0
117,875136,Serie A,25/26,SSC Napoli,Noa Lang,Forward,6.91,0.13,0.11,0.13,1.21,0.54,0.27,11.11,1.08,40.0,0.13,0.0,0.13,0.0,0.0,0.0,0.27,0.0,0.0,0.0,0.0,0.0,0.0,0.0,1.62,0.27,0.13,0.0,0.27,0.0,0.0,0.0,0.0,0.0,0.54,0.27,0.0,2.02,36.24,28.56,7.68,78.81,7.41,21.15,13.61,1.48,25.0,1.62,80.0,18,7,668,0.27,0.0,0.67,1.48,16.17,0.94,4.99,52.86,4.18,54.39,0.81,46.15
118,851284,Serie A,25/26,AC Milan,Rafael Leão,Forward,6.91,0.44,0.48,0.48,3.05,1.16,1.02,14.29,1.26,46.43,0.29,0.15,0.05,0.05,0.34,0.1,0.44,0.0,0.1,0.1,100.0,0.0,0.0,0.0,0.29,0.24,0.34,0.0,0.34,0.0,0.0,0.0,0.0,0.15,0.48,0.15,0.0,1.11,28.18,23.58,4.6,83.68,6.78,16.8,9.3,0.53,44.0,0.68,77.78,29,23,1859,0.24,0.0,0.92,1.65,10.84,1.21,4.55,47.0,3.2,45.52,1.36,50.91
119,1390489,Serie A,25/26,AC Milan,Davide Bartesaghi,Defender,6.91,0.07,0.04,0.0,0.81,0.26,0.29,9.09,0.44,37.5,0.07,0.0,0.0,0.07,0.0,0.0,0.15,0.0,0.0,0.0,0.0,0.0,0.18,0.0,1.81,0.44,2.47,0.37,0.66,0.0,0.07,0.07,0.04,0.26,0.15,0.0,0.0,1.62,39.18,33.61,5.57,85.79,14.15,19.46,9.91,1.51,29.29,1.66,51.14,31,27,2442,0.11,0.0,0.7,0.52,13.01,0.85,3.69,47.85,2.76,48.7,0.92,45.45
120,1063373,Serie A,25/26,Udinese,Thomas Kristensen,Defender,6.91,0.11,0.04,0.04,0.4,0.22,0.11,27.27,0.22,50.0,0.11,0.0,0.11,0.0,0.0,0.0,0.11,0.0,0.0,0.0,0.0,0.0,0.0,0.0,0.95,0.91,7.2,0.8,0.62,0.0,0.07,0.0,0.0,0.33,0.0,0.0,0.0,0.11,45.42,38.87,6.55,85.59,26.25,12.62,3.67,0.04,25.0,2.91,52.98,28,28,2475,0.15,0.0,0.91,0.33,7.64,0.07,4.44,56.74,1.49,47.13,2.95,63.28
121,965330,Serie A,25/26,Juventus,Pierre Kalulu,Defender,6.91,0.05,0.05,0.03,0.36,0.11,0.14,15.38,0.19,31.82,0.05,0.0,0.03,0.0,0.03,0.03,0.0,0.0,0.0,0.0,0.0,0.0,0.0,0.0,1.7,0.66,1.7,0.22,0.25,0.0,0.0,0.0,0.0,0.44,0.3,0.11,0.0,1.18,60.25,53.53,6.72,88.85,25.67,27.86,13.03,0.6,23.4,2.08,53.15,37,37,3282,0.05,0.03,0.93,0.44,10.31,0.27,3.26,53.36,2.3,56.76,0.96,46.67
122,235672,Serie A,25/26,SSC Napoli,Matteo Politano,Midfielder,6.91,0.08,0.1,0.12,1.99,0.53,0.89,4.08,1.34,47.83,0.08,0.0,0.0,0.08,0.0,0.16,0.0,0.0,0.0,0.0,0.0,0.0,0.12,0.0,0.61,0.2,0.57,0.08,0.45,0.0,0.0,0.0,0.0,0.12,0.45,0.2,0.0,1.5,38.23,31.36,6.87,82.02,11.18,20.17,12.16,1.55,21.97,1.06,40.63,34,26,2213,0.16,0.0,0.77,1.14,16.8,0.77,3.42,46.15,3.05,47.47,0.37,37.5
123,357596,Serie A,25/26,Torino,Nikola Vlašić,Midfielder,6.91,0.24,0.21,0.06,1.44,0.5,0.56,16.33,0.83,50.91,0.24,0.0,0.0,0.0,0.24,0.06,0.12,0.0,0.15,0.15,100.0,0.0,0.06,0.0,1.98,0.62,0.83,0.12,0.85,0.0,0.06,0.0,0.0,0.21,0.15,0.09,0.0,1.59,34.05,28.54,5.51,83.81,9.7,18.84,10.88,0.32,22.92,1.18,55.56,37,36,3053,0.21,0.0,1.3,1.33,10.85,1.42,4.78,47.65,4.13,49.65,0.65,37.93
124,918440,Serie A,25/26,Genoa,Morten Frendrup,Midfielder,6.91,0.03,0.01,0.0,0.23,0.09,0.12,12.5,0.23,57.14,0.0,0.03,0.0,0.03,0.0,0.0,0.0,0.0,0.0,0.0,0.0,0.0,0.0,0.0,2.88,1.19,2.59,0.35,0.7,0.0,0.03,0.0,0.0,0.17,0.03,0.0,0.0,0.44,38.34,33.68,4.66,87.84,19.38,14.31,5.22,0.03,20.0,1.28,47.83,36,35,3089,0.15,0.0,1.17,1.14,6.64,0.55,5.04,60.49,4.22,62.77,0.82,50.91
125,150383,Serie A,25/26,SSC Napoli,Stanislav Lobotka,Midfielder,6.91,0.04,0.02,0.0,0.3,0.15,0.07,12.5,0.15,50.0,0.04,0.0,0.0,0.0,0.04,0.0,0.0,0.0,0.0,0.0,0.0,0.0,0.0,0.0,1.03,0.59,1.07,0.11,0.66,0.0,0.0,0.04,0.0,0.33,0.0,0.04,0.0,0.81,67.28,62.37,4.91,92.71,30.39,31.98,13.83,0.04,20.0,1.62,57.89,32,29,2440,0.11,0.0,0.48,1.66,6.23,0.3,3.25,62.86,2.84,64.71,0.41,52.38
126,151003,Serie A,25/26,Atalanta,Berat Djimsiti,Defender,6.91,0.0,0.06,0.14,0.57,0.07,0.36,0.0,0.11,75.0,0.0,0.0,0.0,0.0,0.0,0.04,0.0,0.0,0.0,0.0,0.0,0.0,0.0,0.0,1.85,1.53,5.51,0.85,0.67,0.04,0.07,0.0,0.0,0.28,0.0,0.0,0.0,0.21,55.69,50.33,5.36,90.37,35.41,14.92,4.72,0.0,0.0,2.13,57.69,34,29,2534,0.14,0.0,0.6,0.28,6.04,0.11,5.29,59.84,2.24,61.17,3.05,58.9
127,1961644,Serie A,25/26,Udinese,Abdoulaye Camara,Midfielder,6.9,0.0,0.0,0.0,0.0,0.0,0.0,0.0,0.0,0.0,0.0,0.0,0.0,0.0,0.0,0.0,0.0,0.0,0.0,0.0,0.0,0.0,0.0,0.0,0.0,0.0,0.0,0.0,0.0,0.0,0.0,0.0,0.0,0.0,0.0,0.0,0.0,8.18,73.64,73.64,0.0,100.0,8.18,65.45,24.55,16.36,100.0,8.18,100.0,1,0,11,0.0,0.0,0.0,0.0,0.0,0.0,0.0,0.0,0.0,0.0,0.0,0.0
128,126588,Serie A,25/26,Juventus,Filip Kostić,Midfielder,6.9,0.55,0.11,0.0,1.65,0.73,0.37,33.33,0.73,50.0,0.18,0.37,0.0,0.55,0.0,0.0,0.0,0.0,0.0,0.0,0.0,0.0,0.0,0.0,3.12,0.73,2.02,0.0,0.73,0.18,0.0,0.0,0.0,0.0,0.18,0.18,0.0,1.84,42.06,34.9,7.16,82.97,14.69,20.2,8.82,2.02,22.45,1.65,50.0,18,4,490,0.18,0.0,1.47,0.92,18.37,1.1,5.51,53.57,4.78,54.17,0.73,50.0
129,982778,Serie A,25/26,AS Roma,Devyne Rensch,Midfielder,6.9,0.08,0.02,0.08,0.45,0.15,0.15,16.67,0.3,57.14,0.0,0.08,0.0,0.0,0.08,0.0,0.23,0.08,0.0,0.0,0.0,0.0,0.0,0.0,2.33,1.28,2.78,0.38,0.68,0.0,0.0,0.0,0.0,0.3,0.3,0.3,0.0,0.75,40.86,33.26,7.6,81.4,14.0,19.26,10.54,0.38,22.73,0.6,24.24,24,12,1196,0.08,0.0,0.45,1.35,12.12,0.3,4.82,62.14,3.99,70.67,0.83,39.29
130,1160559,Serie A,25/26,Lazio,Oliver Provstgaard,Defender,6.9,0.0,0.02,0.06,0.35,0.12,0.23,0.0,0.06,33.33,0.0,0.0,0.0,0.0,0.0,0.0,0.0,0.0,0.0,0.0,0.0,0.0,0.0,0.0,0.7,0.87,4.14,0.76,0.35,0.0,0.12,0.0,0.0,0.17,0.06,0.0,0.0,0.23,67.21,62.08,5.13,92.37,37.25,24.83,6.12,0.06,50.0,2.74,57.32,26,13,1544,0.17,0.0,0.82,0.52,5.77,0.29,3.67,52.94,1.22,44.68,2.45,58.33
131,840414,Serie A,25/26,Torino,Ardian Ismajli,Defender,6.9,0.0,0.02,0.05,0.28,0.19,0.09,0.0,0.09,33.33,0.0,0.0,0.0,0.0,0.0,0.0,0.05,0.0,0.0,0.0,0.0,0.0,0.0,0.0,1.55,1.6,7.52,0.85,0.23,0.05,0.05,0.05,0.0,0.28,0.05,0.05,0.0,0.19,44.79,39.67,5.12,88.56,27.68,11.98,2.82,0.14,37.5,2.26,50.0,25,21,1915,0.23,0.0,0.99,0.85,6.39,0.05,4.89,67.1,2.4,62.96,2.49,71.62
132,153257,Serie A,25/26,SSC Napoli,Giovanni Di Lorenzo,Defender,6.9,0.08,0.08,0.0,0.99,0.36,0.51,8.0,0.32,38.1,0.08,0.0,0.0,0.0,0.08,0.04,0.04,0.08,0.0,0.0,0.0,0.0,0.0,0.0,1.78,0.36,1.82,0.36,0.47,0.04,0.04,0.04,0.0,0.4,0.12,0.04,0.0,0.63,57.96,49.78,8.18,85.89,23.43,26.35,11.97,0.2,13.16,1.46,48.68,26,26,2278,0.04,0.0,1.3,0.91,11.62,0.32,4.39,56.06,3.0,54.68,1.38,59.32
133,844609,Serie A,25/26,Juventus,Michele Di Gregorio,Goalkeeper,6.9,0.0,0.0,0.0,0.0,0.0,0.0,0.0,0.03,100.0,0.0,0.0,0.0,0.0,0.0,0.0,0.0,0.0,0.0,0.0,0.0,0.0,0.0,0.0,0.0,0.0,0.37,0.0,0.0,0.0,0.0,0.0,0.0,0.44,0.0,0.0,0.0,0.0,22.61,17.15,5.46,75.86,15.39,1.76,0.31,0.0,0.0,3.66,40.45,30,29,2655,0.03,0.0,0.0,0.17,5.63,0.0,0.24,100.0,0.17,100.0,0.07,100.0
134,294597,Serie A,25/26,Bologna,Federico Bernardeschi,Midfielder,6.9,0.29,0.22,0.0,2.87,0.96,1.25,10.26,1.77,48.98,0.29,0.0,0.0,0.29,0.0,0.0,0.15,0.0,0.07,0.07,100.0,0.0,0.29,0.0,0.52,0.52,0.59,0.15,0.22,0.0,0.07,0.07,0.0,0.0,0.29,0.15,0.07,2.21,39.74,34.66,5.08,87.22,12.0,22.67,13.83,1.1,30.61,3.46,81.03,29,12,1223,0.22,0.0,0.96,0.81,14.06,1.18,3.53,44.04,3.09,43.75,0.44,46.15
135,256219,Serie A,25/26,AS Roma,Paulo Dybala,Forward,6.9,0.13,0.32,0.4,2.86,1.2,0.73,4.65,1.26,35.19,0.13,0.0,0.0,0.07,0.07,0.0,0.2,0.0,0.07,0.0,0.0,0.0,0.53,0.0,0.66,0.27,0.13,0.07,0.53,0.0,0.0,0.0,0.0,0.13,0.6,0.4,0.0,3.65,45.37,37.93,7.44,83.6,8.83,29.09,18.27,1.93,29.59,2.19,70.21,22,15,1355,0.0,0.0,0.73,2.66,19.26,1.59,5.18,45.88,4.52,46.9,0.66,40.0
136,1084730,Serie A,25/26,AS Roma,Bryan Zaragoza,Forward,6.9,0.0,0.03,0.0,0.67,0.67,0.0,0.0,4.0,60.0,0.0,0.0,0.0,0.0,0.0,0.0,0.0,0.0,0.0,0.0,0.0,0.0,0.0,0.0,0.67,0.0,0.0,0.0,0.67,0.0,0.0,0.0,0.0,0.0,0.67,0.67,0.0,2.67,39.33,32.67,6.67,83.05,6.67,26.0,16.0,2.0,33.33,0.67,100.0,4,2,135,0.67,0.0,3.33,3.33,19.33,1.33,8.0,48.0,8.0,52.17,0.0,0.0
137,841977,Serie A,25/26,Lecce,Ylber Ramadani,Midfielder,6.9,0.03,0.03,0.0,0.95,0.14,0.53,2.94,0.39,51.85,0.03,0.0,0.0,0.0,0.03,0.03,0.0,0.0,0.0,0.0,0.0,0.0,0.0,0.0,2.58,1.32,1.6,0.31,1.46,0.0,0.08,0.03,0.0,0.25,0.03,0.0,0.0,0.53,40.49,32.57,7.92,80.43,13.78,18.79,7.7,0.14,31.25,2.63,41.78,37,37,3214,0.28,0.0,1.2,1.65,10.7,0.73,5.4,55.46,4.51,54.95,0.9,58.18
138,924973,Serie A,25/26,Sassuolo,Kristian Thorstvedt,Midfielder,6.9,0.15,0.23,0.33,1.57,0.48,0.66,9.3,0.66,42.86,0.11,0.04,0.04,0.11,0.0,0.04,0.04,0.0,0.0,0.0,0.0,0.0,0.0,0.0,1.61,1.17,1.57,0.48,0.44,0.0,0.0,0.0,0.0,0.18,0.15,0.15,0.0,1.17,38.63,31.82,6.81,82.37,12.52,19.3,11.2,0.22,42.86,0.66,40.0,32,27,2458,0.33,0.0,1.24,2.09,11.35,0.81,5.46,52.1,4.36,57.49,1.1,37.97
139,1444690,Serie A,25/26,Udinese,Arthur Atta,Midfielder,6.9,0.18,0.14,0.11,2.0,0.7,0.63,8.77,2.21,52.5,0.14,0.04,0.0,0.04,0.14,0.11,0.28,0.0,0.0,0.0,0.0,0.0,0.04,0.0,0.95,0.67,1.23,0.04,0.56,0.0,0.04,0.0,0.0,0.18,0.18,0.11,0.0,1.19,36.48,30.34,6.15,83.16,10.99,19.35,11.27,0.53,27.27,1.37,51.32,32,29,2563,0.11,0.0,0.81,1.12,15.1,2.32,4.95,43.79,4.21,43.17,0.74,47.73
140,788255,Serie A,25/26,AC Milan,Fikayo Tomori,Defender,6.89,0.0,0.02,0.0,0.32,0.07,0.14,0.0,0.11,60.0,0.0,0.0,0.0,0.0,0.0,0.0,0.07,0.0,0.0,0.0,0.0,0.0,0.0,0.0,2.28,1.02,3.51,0.81,0.63,0.0,0.0,0.04,0.0,0.39,0.07,0.07,0.0,0.14,55.17,49.76,5.41,90.2,30.09,19.66,7.27,0.14,23.53,2.11,53.57,33,31,2563,0.21,0.04,1.26,0.25,7.94,0.18,3.2,53.85,2.63,55.56,0.56,47.06
141,917048,Serie A,25/26,Juventus,Andrea Cambiaso,Midfielder,6.89,0.1,0.1,0.06,0.84,0.42,0.32,11.54,0.29,33.33,0.1,0.0,0.03,0.06,0.0,0.0,0.06,0.0,0.0,0.0,0.0,0.0,0.0,0.0,1.96,0.64,0.64,0.23,0.64,0.03,0.1,0.0,0.06,0.1,0.39,0.13,0.0,1.8,49.77,43.81,5.96,88.03,20.0,23.8,13.37,1.03,26.02,1.77,63.22,36,35,2794,0.1,0.03,0.93,0.68,12.21,0.71,3.22,49.5,2.93,51.41,0.29,36.0
142,195850,Serie A,25/26,Genoa,Ruslan Malinovskyi,Midfielder,6.89,0.24,0.18,0.04,2.2,0.6,1.12,10.91,0.44,55.0,0.12,0.12,0.0,0.24,0.0,0.08,0.04,0.0,0.12,0.12,100.0,0.04,0.64,6.25,1.2,0.6,0.68,0.2,1.0,0.04,0.08,0.0,0.0,0.04,0.32,0.12,0.04,1.56,48.72,40.04,8.68,82.18,18.24,21.8,11.6,0.88,34.38,3.56,61.81,34,28,2250,0.4,0.0,1.44,1.04,13.48,1.16,4.08,43.4,2.68,41.36,1.4,47.95
143,604232,Serie A,25/26,Como,Diego Carlos,Defender,6.89,0.05,0.05,0.05,0.37,0.09,0.28,12.5,0.0,0.0,0.05,0.0,0.0,0.0,0.05,0.0,0.09,0.0,0.0,0.0,0.0,0.0,0.0,0.0,1.39,1.02,5.54,0.79,0.09,0.0,0.0,0.05,0.0,0.32,0.0,0.0,0.0,0.09,61.03,56.64,4.39,92.81,40.98,15.66,2.82,0.0,0.0,2.68,53.7,27,21,1948,0.37,0.0,1.8,0.32,5.08,0.09,3.93,53.46,1.71,48.05,2.22,58.54
144,339909,Serie A,25/26,Torino,Guillermo Maripán,Defender,6.89,0.08,0.07,0.13,0.75,0.33,0.13,11.11,0.17,66.67,0.08,0.0,0.04,0.0,0.04,0.0,0.08,0.0,0.0,0.0,0.0,0.0,0.0,0.0,2.13,1.17,6.32,1.09,0.59,0.0,0.04,0.04,0.0,0.38,0.0,0.0,0.0,0.38,41.42,35.36,6.07,85.35,24.85,10.5,3.14,0.04,33.33,1.88,46.39,27,24,2151,0.21,0.0,1.13,0.29,7.15,0.38,5.06,54.26,2.59,55.86,2.47,52.68
145,877013,Serie A,25/26,Lazio,Valentín Castellanos,Forward,6.89,0.26,0.26,0.13,2.59,1.04,0.78,10.0,1.04,47.06,0.26,0.0,0.13,0.0,0.13,0.0,0.65,0.0,0.0,0.0,0.0,0.0,0.0,0.0,0.91,0.39,0.91,0.0,0.39,0.0,0.0,0.0,0.0,0.13,0.78,0.39,0.0,1.04,17.51,11.93,5.58,68.15,4.02,7.91,4.15,0.0,0.0,0.65,62.5,11,8,694,0.26,0.0,1.17,2.33,11.54,1.04,6.1,53.41,4.28,55.0,1.82,50.0
146,929199,Serie A,25/26,Inter,Carlos Augusto,Defender,6.88,0.05,0.07,0.1,1.02,0.31,0.51,5.0,0.31,46.15,0.05,0.0,0.0,0.05,0.0,0.0,0.0,0.0,0.0,0.0,0.0,0.0,0.0,0.0,1.89,0.92,3.11,0.46,0.36,0.0,0.1,0.05,0.0,0.25,0.05,0.05,0.0,0.56,57.67,51.35,6.32,89.04,27.08,24.27,9.94,0.46,19.57,1.22,36.36,34,18,1765,0.31,0.0,1.33,0.66,11.01,0.46,5.92,61.7,2.8,55.0,3.11,69.32
147,1651825,Serie A,25/26,Lecce,Tiago Gabriel,Defender,6.88,0.06,0.1,0.11,0.56,0.11,0.39,10.0,0.03,100.0,0.06,0.0,0.03,0.0,0.0,0.0,0.03,0.0,0.0,0.0,0.0,0.0,0.0,0.0,1.76,1.26,6.79,0.59,0.36,0.03,0.08,0.03,0.03,0.25,0.0,0.0,0.0,0.06,37.12,32.45,4.67,87.42,24.26,8.19,1.48,0.0,0.0,1.84,47.48,37,36,3220,0.2,0.0,0.81,1.12,5.14,0.25,6.34,67.16,2.88,68.21,3.47,66.31
148,98059,Serie A,25/26,Genoa,Nicola Leali,Goalkeeper,6.88,0.0,0.0,0.0,0.0,0.0,0.0,0.0,0.0,0.0,0.0,0.0,0.0,0.0,0.0,0.0,0.0,0.0,0.0,0.0,0.0,0.0,0.0,0.0,0.05,0.05,0.78,0.0,0.05,0.05,0.0,0.0,0.0,0.19,0.0,0.0,0.0,0.1,26.64,17.14,9.5,64.35,13.69,3.46,1.17,0.0,0.0,5.26,36.12,22,21,1848,0.1,0.05,0.1,0.1,9.59,0.0,0.24,62.5,0.1,40.0,0.15,100.0
149,850891,Serie A,25/26,Pisa,Michel Aebischer,Midfielder,6.88,0.03,0.02,0.03,0.59,0.16,0.34,5.26,0.43,48.28,0.0,0.03,0.0,0.0,0.03,0.0,0.0,0.0,0.0,0.0,0.0,0.0,0.03,0.0,2.02,1.15,0.99,0.19,1.09,0.0,0.16,0.0,0.0,0.12,0.25,0.06,0.03,1.06,47.45,40.59,6.86,85.55,22.38,18.22,8.53,0.47,34.09,2.89,52.54,35,33,2900,0.25,0.0,1.4,1.18,10.46,0.37,4.07,50.97,3.63,52.7,0.43,40.0
150,190437,Serie A,25/26,Atalanta,Mario Pašalić,Midfielder,6.88,0.14,0.12,0.14,1.12,0.28,0.65,12.5,0.33,53.85,0.09,0.05,0.05,0.05,0.05,0.0,0.05,0.0,0.0,0.0,0.0,0.0,0.0,0.0,1.16,0.61,1.16,0.14,0.75,0.09,0.09,0.0,0.0,0.05,0.37,0.19,0.0,1.86,65.36,57.86,7.5,88.52,24.97,32.89,15.89,0.05,9.09,3.82,68.33,33,21,1932,0.14,0.0,1.02,0.28,10.71,0.42,3.12,42.14,1.77,43.68,1.35,40.28
151,881931,Serie A,25/26,Juventus,Weston McKennie,Midfielder,6.88,0.16,0.24,0.35,1.36,0.51,0.63,11.63,0.54,51.52,0.16,0.0,0.06,0.03,0.06,0.03,0.22,0.0,0.0,0.0,0.0,0.0,0.0,0.0,1.27,0.79,1.55,0.25,0.35,0.06,0.03,0.0,0.0,0.35,0.19,0.16,0.0,1.52,37.6,31.27,6.34,83.15,9.63,21.64,13.27,0.19,17.14,1.11,67.31,36,32,2841,0.16,0.0,1.39,0.35,11.28,0.51,3.61,48.1,2.15,44.44,1.46,54.76
152,1174457,Serie A,25/26,Pisa,Samuele Angori,Midfielder,6.88,0.0,0.06,0.07,0.48,0.1,0.17,0.0,0.31,50.0,0.0,0.0,0.0,0.0,0.0,0.0,0.1,0.0,0.0,0.0,0.0,0.0,0.07,0.0,1.59,0.76,2.11,0.28,0.55,0.03,0.0,0.0,0.0,0.07,0.17,0.07,0.0,1.31,27.13,19.74,7.4,72.74,9.71,10.02,5.94,1.59,27.22,1.66,35.29,35,30,2604,0.07,0.0,0.59,1.9,13.96,0.45,4.42,62.14,3.77,66.87,0.66,44.19
153,1177723,Serie A,25/26,Como,Jayden Addai,Midfielder,6.88,0.39,0.2,0.0,1.7,0.78,0.65,23.08,1.83,46.67,0.26,0.13,0.0,0.13,0.26,0.0,0.26,0.0,0.0,0.0,0.0,0.0,0.0,0.0,0.78,0.39,0.52,0.13,0.52,0.0,0.0,0.0,0.0,0.0,0.26,0.0,0.0,0.92,21.85,16.22,5.62,74.25,4.45,11.77,7.72,0.26,18.18,0.52,40.0,12,7,688,0.52,0.0,1.7,1.83,13.21,2.22,4.71,41.86,4.45,40.96,0.26,66.67
154,377118,Serie A,25/26,Fiorentina,Robin Gosens,Midfielder,6.88,0.14,0.14,0.14,0.86,0.33,0.29,16.67,0.0,0.0,0.14,0.0,0.05,0.1,0.0,0.0,0.19,0.0,0.0,0.0,0.0,0.0,0.0,0.0,1.47,1.19,3.14,0.29,0.57,0.0,0.0,0.0,0.0,0.19,0.05,0.05,0.0,0.57,36.89,29.33,7.56,79.51,15.26,14.07,6.13,0.43,21.43,1.05,35.48,26,24,1893,0.1,0.0,1.14,1.19,11.27,0.43,4.18,50.0,2.52,53.54,1.66,45.45
155,891346,Serie A,25/26,Parma,Emanuele Valeri,Midfielder,6.88,0.0,0.02,0.03,0.78,0.17,0.34,0.0,0.51,44.12,0.0,0.0,0.0,0.0,0.0,0.0,0.1,0.0,0.0,0.0,0.0,0.0,0.1,0.0,1.57,0.75,1.43,0.1,0.88,0.0,0.03,0.0,0.0,0.31,0.14,0.07,0.0,1.74,25.59,18.71,6.87,73.14,8.68,10.04,5.92,1.84,23.28,1.8,49.53,34,29,2645,0.07,0.0,0.78,0.88,19.12,0.85,3.44,47.42,2.96,48.33,0.48,42.42
156,1091303,Serie A,25/26,Inter,Petar Sučić,Midfielder,6.88,0.1,0.08,0.1,1.11,0.3,0.5,9.09,0.76,42.86,0.05,0.05,0.0,0.05,0.05,0.0,0.0,0.0,0.0,0.0,0.0,0.0,0.0,0.0,2.32,0.45,0.96,0.05,1.11,0.0,0.1,0.0,0.0,0.2,0.3,0.1,0.0,1.46,57.26,51.15,6.1,89.34,20.23,30.92,17.81,0.5,23.81,2.88,64.77,34,21,1784,0.25,0.0,1.51,1.26,11.86,1.16,4.94,48.51,4.34,47.51,0.61,57.14
157,115516,Serie A,25/26,Bologna,Remo Freuler,Midfielder,6.87,0.04,0.05,0.04,0.32,0.04,0.12,12.5,0.08,28.57,0.04,0.0,0.04,0.0,0.0,0.0,0.04,0.0,0.0,0.0,0.0,0.0,0.0,0.0,2.23,0.93,1.34,0.2,0.73,0.04,0.0,0.0,0.04,0.28,0.04,0.08,0.0,0.89,54.72,47.78,6.94,87.31,23.34,24.44,10.68,0.08,12.5,2.4,52.21,29,26,2217,0.2,0.0,0.77,0.97,9.42,0.37,3.9,56.47,3.29,62.79,0.61,36.59
158,1001828,Serie A,25/26,AC Milan,Koni De Winter,Defender,6.87,0.05,0.03,0.05,0.35,0.05,0.2,14.29,0.15,50.0,0.05,0.0,0.05,0.0,0.0,0.0,0.05,0.0,0.0,0.0,0.0,0.0,0.0,0.0,1.45,0.65,4.94,0.6,0.2,0.0,0.1,0.05,0.0,0.35,0.0,0.05,0.0,0.25,62.98,57.54,5.43,91.37,36.5,21.04,6.23,0.05,20.0,1.45,36.25,26,19,1805,0.05,0.0,1.35,0.4,6.98,0.15,4.09,59.42,1.99,54.05,2.09,65.63
159,1518983,Serie A,25/26,Lazio,Edoardo Motta,Goalkeeper,6.87,0.0,0.0,0.0,0.0,0.0,0.0,0.0,0.0,0.0,0.0,0.0,0.0,0.0,0.0,0.0,0.0,0.0,0.0,0.0,0.0,0.0,0.0,0.0,0.0,0.0,0.89,0.0,0.0,0.11,0.11,0.11,0.0,0.33,0.0,0.0,0.0,0.11,26.33,18.78,7.56,71.31,17.0,1.78,0.22,0.0,0.0,4.33,37.14,9,9,810,0.11,0.0,0.11,0.11,7.67,0.0,0.44,57.14,0.0,0.0,0.44,66.67
160,906963,Serie A,25/26,Hellas Verona,Andrias Edmundsson,Defender,6.87,0.0,0.01,0.0,0.27,0.07,0.2,0.0,0.07,50.0,0.0,0.0,0.0,0.0,0.0,0.0,0.0,0.0,0.0,0.0,0.0,0.0,0.0,0.0,1.77,1.84,7.98,0.95,0.68,0.07,0.14,0.0,0.07,0.14,0.0,0.0,0.0,0.14,35.73,26.93,8.8,75.38,17.39,9.55,3.48,0.07,25.0,3.34,37.98,15,15,1320,0.2,0.0,0.89,0.48,10.3,0.2,4.91,52.55,2.25,56.9,2.66,49.37
161,1089453,Serie A,25/26,Torino,Saúl Coco,Defender,6.87,0.03,0.03,0.0,0.44,0.12,0.23,6.67,0.2,63.64,0.03,0.0,0.03,0.0,0.0,0.0,0.0,0.06,0.0,0.0,0.0,0.0,0.03,0.0,1.69,1.25,5.01,1.22,0.38,0.0,0.0,0.03,0.0,0.32,0.0,0.03,0.0,0.32,43.92,37.46,6.47,85.28,25.89,11.56,3.44,0.03,20.0,2.42,45.36,35,35,3090,0.09,0.0,1.34,0.99,7.89,0.29,4.81,56.51,2.88,58.58,1.92,53.66
162,1017649,Serie A,25/26,Lazio,Matteo Cancellieri,Forward,6.87,0.21,0.22,0.36,2.12,0.88,0.83,9.76,0.72,34.15,0.16,0.05,0.0,0.21,0.0,0.05,0.16,0.0,0.0,0.0,0.0,0.0,0.0,0.0,2.17,1.24,1.35,0.1,1.24,0.0,0.05,0.0,0.0,0.26,0.16,0.1,0.0,0.93,23.67,18.18,5.49,76.81,6.37,11.81,5.44,0.26,23.81,0.41,36.36,30,21,1738,0.31,0.0,2.02,3.47,11.86,1.45,8.03,50.82,6.27,51.49,1.76,48.57
163,793645,Serie A,25/26,Bologna,Riccardo Orsolini,Midfielder,6.87,0.42,0.41,0.3,3.46,1.31,1.48,12.2,1.35,47.76,0.34,0.08,0.0,0.42,0.0,0.34,0.76,0.0,0.25,0.17,66.67,0.0,0.08,0.0,0.89,0.34,0.68,0.04,0.42,0.0,0.0,0.0,0.0,0.13,0.04,0.04,0.0,1.1,23.7,16.69,7.01,70.41,4.9,11.79,7.18,0.21,12.5,1.69,52.63,35,26,2130,0.08,0.0,0.89,1.86,13.61,1.18,5.32,53.62,4.1,52.15,1.23,59.18
164,317301,Serie A,25/26,Lazio,Danilo Cataldi,Midfielder,6.87,0.14,0.14,0.0,1.17,0.32,0.59,11.54,0.27,40.0,0.14,0.0,0.0,0.05,0.09,0.05,0.0,0.0,0.09,0.09,100.0,0.0,0.14,0.0,1.54,0.95,2.03,0.41,0.54,0.0,0.09,0.05,0.0,0.27,0.09,0.14,0.0,1.04,49.61,42.24,7.36,85.15,20.87,21.37,7.77,0.54,25.0,2.08,47.92,27,24,1992,0.27,0.0,0.99,0.54,10.26,0.18,2.89,54.7,2.26,52.63,0.63,63.64
165,974581,Serie A,25/26,Como,Ivan Smolčić,Defender,6.87,0.0,0.05,0.05,0.65,0.22,0.27,0.0,0.11,66.67,0.0,0.0,0.0,0.0,0.0,0.0,0.0,0.0,0.0,0.0,0.0,0.0,0.0,0.0,2.05,1.24,2.38,0.49,0.76,0.0,0.05,0.0,0.0,0.27,0.05,0.05,0.05,0.81,47.46,41.35,6.11,87.13,20.86,20.49,8.97,0.32,20.69,1.89,46.67,28,19,1665,0.43,0.0,1.41,0.92,10.05,0.16,4.43,56.16,3.08,57.0,1.35,54.35
166,1157713,Serie A,25/26,Atalanta,Isak Hien,Defender,6.86,0.05,0.04,0.05,0.41,0.14,0.23,11.11,0.18,44.44,0.05,0.0,0.05,0.0,0.0,0.0,0.0,0.0,0.0,0.0,0.0,0.0,0.0,0.0,2.24,1.33,4.67,0.73,0.69,0.0,0.05,0.0,0.05,0.09,0.0,0.0,0.0,0.09,51.94,47.82,4.12,92.06,33.62,14.2,3.39,0.0,0.0,2.56,65.12,28,20,1965,0.23,0.0,1.65,0.96,6.14,0.55,5.59,51.05,3.39,52.11,2.2,49.48
167,558320,Serie A,25/26,Sassuolo,Ulisses Garcia,Defender,6.86,0.1,0.01,0.0,0.19,0.1,0.0,50.0,0.19,33.33,0.0,0.1,0.0,0.1,0.0,0.1,0.1,0.0,0.0,0.0,0.0,0.0,0.0,0.0,1.62,0.86,1.24,0.38,1.81,0.1,0.1,0.0,0.0,0.29,0.38,0.19,0.1,1.24,42.47,36.55,5.92,86.07,16.42,20.14,9.73,1.05,32.35,1.62,50.0,13,10,943,0.29,0.0,1.05,0.19,10.59,0.48,2.58,38.57,2.0,35.0,0.57,60.0
168,902019,Serie A,25/26,Cagliari,Gianluca Gaetano,Midfielder,6.86,0.09,0.09,0.0,1.6,0.52,0.66,5.88,0.8,58.62,0.09,0.0,0.0,0.0,0.09,0.0,0.0,0.0,0.0,0.0,0.0,0.0,0.24,0.0,1.37,1.04,1.37,0.09,0.89,0.0,0.05,0.0,0.0,0.19,0.09,0.19,0.05,1.32,49.66,39.96,9.7,80.47,21.04,18.92,8.47,0.52,28.21,2.54,48.21,33,21,1912,0.19,0.0,1.22,1.37,14.5,1.08,4.19,48.9,3.53,48.39,0.66,51.85
169,1118177,Serie A,25/26,Sassuolo,Tarik Muharemović,Defender,6.86,0.06,0.05,0.1,0.63,0.19,0.19,10.0,0.22,63.64,0.06,0.0,0.03,0.0,0.0,0.0,0.0,0.0,0.0,0.0,0.0,0.0,0.03,0.0,1.4,1.43,7.05,0.98,0.29,0.0,0.03,0.0,0.06,0.19,0.03,0.06,0.0,0.16,52.35,44.86,7.49,85.69,32.32,12.54,3.97,0.0,0.0,2.83,39.56,32,32,2835,0.22,0.0,0.76,0.63,8.29,0.06,4.25,64.42,2.13,64.42,2.13,64.42
170,941179,Serie A,25/26,Torino,Niels Nkounkou,Defender,6.86,0.0,0.05,0.0,1.0,0.25,0.5,0.0,1.99,66.67,0.0,0.0,0.0,0.0,0.0,0.25,0.0,0.0,0.0,0.0,0.0,0.0,0.0,0.0,3.99,1.99,3.74,0.25,1.0,0.0,0.25,0.0,0.0,0.0,0.75,0.25,0.0,1.5,29.17,23.43,5.73,80.34,10.22,13.21,7.73,1.5,30.0,1.5,42.86,11,3,361,0.75,0.0,1.0,0.75,13.96,0.75,7.23,54.72,6.48,63.41,0.75,25.0
171,958517,Serie A,25/26,Parma,Lautaro Valenti,Defender,6.86,0.0,0.02,0.0,0.68,0.16,0.2,0.0,0.32,57.14,0.0,0.0,0.0,0.0,0.0,0.0,0.0,0.0,0.0,0.0,0.0,0.0,0.04,0.0,1.96,1.0,5.76,1.0,0.48,0.04,0.04,0.0,0.0,0.24,0.12,0.0,0.04,0.44,43.94,34.34,9.6,78.16,23.03,11.31,3.84,0.08,10.0,2.36,31.38,27,25,2251,0.28,0.0,1.0,0.68,13.31,0.32,4.64,58.29,2.92,59.84,1.72,55.84
172,1800245,Serie A,25/26,Como,Jesús Rodriguez,Midfielder,6.86,0.1,0.21,0.16,2.34,0.62,1.25,4.44,2.13,41.41,0.05,0.05,0.0,0.0,0.1,0.0,0.16,0.0,0.0,0.0,0.0,0.0,0.0,0.0,1.35,0.26,0.52,0.0,0.52,0.0,0.0,0.05,0.0,0.05,0.57,0.47,0.0,1.87,23.67,18.84,4.83,79.61,4.78,14.07,8.62,0.52,17.54,0.42,61.54,31,18,1734,0.16,0.05,1.3,1.66,15.62,1.51,5.81,46.09,5.14,45.62,0.67,50.0
173,930189,Serie A,25/26,AC Milan,Samuele Ricci,Midfielder,6.86,0.07,0.11,0.14,1.24,0.41,0.41,5.56,0.34,62.5,0.0,0.07,0.0,0.0,0.07,0.07,0.07,0.0,0.0,0.0,0.0,0.0,0.0,0.0,1.1,0.62,2.0,0.34,0.14,0.0,0.07,0.0,0.0,0.07,0.34,0.28,0.0,1.38,44.62,40.21,4.41,90.11,15.72,24.48,11.38,0.83,42.86,2.55,77.08,31,11,1305,0.21,0.0,1.17,2.28,7.38,0.62,3.86,60.22,3.66,63.86,0.21,30.0
174,369866,Serie A,25/26,Cagliari,Luca Mazzitelli,Midfielder,6.86,0.23,0.08,0.0,1.72,0.57,0.69,13.33,0.34,50.0,0.23,0.0,0.0,0.11,0.11,0.0,0.0,0.0,0.0,0.0,0.0,0.0,0.11,0.0,2.29,1.26,2.98,0.34,1.49,0.0,0.0,0.0,0.0,0.11,0.11,0.23,0.0,0.57,42.42,32.22,10.2,75.95,17.66,14.56,5.73,0.23,22.22,3.67,47.76,18,9,785,0.34,0.0,2.52,1.49,13.53,0.34,5.27,44.66,4.13,47.37,1.15,37.04
175,977679,Serie A,25/26,Inter,Luís Henrique,Midfielder,6.86,0.06,0.05,0.11,0.83,0.39,0.22,6.67,0.72,56.52,0.06,0.0,0.0,0.0,0.06,0.06,0.06,0.0,0.0,0.0,0.0,0.0,0.0,0.0,1.11,0.33,0.83,0.06,0.11,0.0,0.0,0.0,0.0,0.22,0.28,0.11,0.0,1.22,45.41,39.44,5.97,86.85,14.6,24.84,15.27,0.61,26.83,1.27,53.49,30,18,1627,0.06,0.0,0.28,0.0,9.63,0.33,2.1,62.3,1.83,60.0,0.28,83.33
176,996820,Serie A,25/26,Torino,Kristjan Asllani,Midfielder,6.85,0.0,0.11,0.08,1.59,0.32,0.71,0.0,0.24,50.0,0.0,0.0,0.0,0.0,0.0,0.0,0.0,0.0,0.08,0.0,0.0,0.0,0.08,0.0,1.67,0.95,0.79,0.08,0.87,0.08,0.08,0.0,0.0,0.08,0.08,0.0,0.0,1.19,48.93,41.15,7.77,84.12,21.73,19.43,7.85,1.03,25.0,5.39,54.4,15,13,1135,0.24,0.0,0.56,1.11,12.69,0.32,3.09,53.42,2.93,59.68,0.16,18.18
177,318645,Serie A,25/26,Cremonese,Jari Vandeputte,Midfielder,6.85,0.05,0.1,0.09,0.92,0.37,0.28,5.0,0.32,31.82,0.05,0.0,0.0,0.0,0.05,0.05,0.05,0.05,0.0,0.0,0.0,0.0,0.23,0.0,1.75,0.83,1.66,0.09,0.69,0.05,0.0,0.0,0.0,0.05,0.46,0.23,0.0,2.49,41.98,32.49,9.49,77.39,15.02,17.47,9.12,1.8,24.07,2.26,41.18,32,23,1953,0.14,0.0,1.57,1.15,18.57,1.01,3.46,43.86,3.23,45.16,0.23,31.25
178,893998,Serie A,25/26,Fiorentina,Luca Ranieri,Defender,6.85,0.04,0.07,0.11,0.65,0.11,0.33,5.56,0.22,40.0,0.04,0.0,0.0,0.04,0.0,0.04,0.11,0.0,0.0,0.0,0.0,0.0,0.0,0.0,1.23,0.87,4.61,0.47,0.29,0.0,0.0,0.04,0.0,0.29,0.07,0.0,0.0,0.25,51.23,43.97,7.26,85.83,26.94,17.03,5.63,0.22,22.22,3.01,46.37,34,29,2479,0.29,0.04,0.8,0.98,9.29,0.15,4.14,59.69,2.43,61.47,1.71,57.32
179,851222,Serie A,25/26,Pisa,Mehdi Léris,Midfielder,6.85,0.09,0.07,0.14,1.18,0.33,0.38,8.0,0.8,40.48,0.09,0.0,0.0,0.0,0.09,0.05,0.38,0.05,0.0,0.0,0.0,0.0,0.0,0.0,3.15,1.04,1.74,0.38,0.94,0.0,0.0,0.05,0.0,0.0,0.24,0.14,0.0,1.27,26.5,18.59,7.91,70.16,7.91,10.69,7.11,1.51,32.65,1.08,34.33,34,21,1912,0.09,0.0,1.27,1.04,15.96,0.85,7.58,58.55,4.94,55.26,2.64,65.88
180,2899,Serie A,25/26,Udinese,Daniele Padelli,Goalkeeper,6.85,0.0,0.0,0.0,0.0,0.0,0.0,0.0,0.0,0.0,0.0,0.0,0.0,0.0,0.0,0.0,0.0,0.0,0.0,0.0,0.0,0.0,0.0,0.0,0.0,0.0,1.0,0.0,0.0,0.0,0.0,0.0,0.0,0.0,0.0,0.0,0.0,0.0,31.5,21.0,10.5,66.67,20.0,1.0,0.0,0.0,0.0,3.5,25.0,2,2,180,0.0,0.0,0.0,0.0,10.5,0.0,0.0,0.0,0.0,0.0,0.0,0.0
181,229740,Serie A,25/26,Como,Alberto Moreno,Defender,6.85,0.15,0.11,0.15,0.8,0.29,0.29,18.18,0.07,16.67,0.15,0.0,0.07,0.07,0.0,0.0,0.22,0.07,0.0,0.0,0.0,0.0,0.0,0.0,1.6,0.44,2.32,0.07,0.44,0.0,0.15,0.0,0.0,0.36,0.15,0.07,0.0,1.09,50.23,45.44,4.79,90.46,21.92,23.52,12.19,0.51,20.0,1.89,55.32,19,13,1240,0.29,0.0,1.23,0.87,9.51,0.51,3.48,50.53,2.54,50.72,0.94,50.0
182,1069560,Serie A,25/26,SSC Napoli,Antonio Vergara,Forward,6.85,0.15,0.11,0.0,1.46,0.44,0.58,10.0,1.17,30.77,0.0,0.15,0.0,0.15,0.0,0.0,0.29,0.15,0.0,0.0,0.0,0.0,0.0,0.0,1.75,0.58,0.44,0.0,1.02,0.0,0.0,0.0,0.0,0.0,0.0,0.29,0.0,1.6,25.63,19.51,6.12,76.14,5.97,13.54,9.47,0.44,27.27,0.29,22.22,12,8,618,0.29,0.0,2.48,2.91,17.33,2.18,6.55,39.82,5.83,42.11,0.73,27.78
183,904887,Serie A,25/26,Udinese,Jürgen Ekkelenkamp,Midfielder,6.84,0.2,0.2,0.16,1.35,0.61,0.49,15.15,0.65,64.0,0.12,0.08,0.08,0.0,0.12,0.0,0.12,0.04,0.0,0.0,0.0,0.04,0.25,16.67,1.92,0.61,1.06,0.25,0.41,0.0,0.04,0.0,0.0,0.12,0.16,0.12,0.04,1.14,26.27,20.75,5.52,79.0,7.39,13.36,7.27,0.2,15.63,0.33,26.67,31,27,2203,0.04,0.0,0.9,0.78,9.15,0.82,3.96,53.59,3.35,57.34,0.61,39.47
184,944973,Serie A,25/26,Lazio,Nuno Tavares,Defender,6.84,0.0,0.04,0.06,0.96,0.06,0.54,0.0,1.39,58.97,0.0,0.0,0.0,0.0,0.0,0.0,0.36,0.0,0.0,0.0,0.0,0.0,0.18,0.0,1.81,1.09,1.87,0.06,0.78,0.06,0.12,0.0,0.0,0.18,0.06,0.0,0.06,1.27,53.95,46.6,7.35,86.37,21.04,25.56,12.6,1.27,21.21,2.05,64.15,23,17,1493,0.3,0.0,1.21,1.33,16.88,0.66,5.18,55.84,4.52,55.97,0.66,55.0
185,1014287,Serie A,25/26,Lecce,Jamil Siebert,Defender,6.84,0.05,0.02,0.0,0.32,0.11,0.05,16.67,0.21,66.67,0.05,0.0,0.05,0.0,0.0,0.0,0.05,0.0,0.0,0.0,0.0,0.0,0.0,0.0,1.42,0.84,7.54,1.11,0.53,0.05,0.0,0.0,0.0,0.16,0.0,0.0,0.0,0.16,31.69,24.46,7.22,77.2,16.08,8.38,2.58,0.05,20.0,2.85,40.91,21,18,1707,0.16,0.0,1.16,0.37,8.59,0.16,3.95,52.45,1.95,50.68,2.0,54.29
186,132318,Serie A,25/26,Atalanta,Davide Zappacosta,Midfielder,6.84,0.1,0.08,0.1,1.29,0.31,0.49,8.11,0.87,43.86,0.07,0.03,0.0,0.1,0.0,0.07,0.24,0.0,0.0,0.0,0.0,0.0,0.0,0.0,0.77,0.7,1.29,0.07,0.52,0.0,0.03,0.0,0.0,0.28,0.07,0.1,0.0,1.47,40.19,34.15,6.03,84.98,14.9,19.26,11.93,0.91,25.0,0.94,36.0,35,30,2580,0.1,0.0,0.63,0.28,13.12,0.52,2.3,41.51,1.88,40.6,0.42,46.15
187,859027,Serie A,25/26,Como,Maxence Caqueret,Midfielder,6.84,0.12,0.14,0.06,1.09,0.24,0.48,11.11,1.03,53.13,0.06,0.06,0.0,0.0,0.12,0.0,0.12,0.06,0.0,0.0,0.0,0.0,0.06,0.0,2.12,0.79,0.24,0.18,1.15,0.06,0.0,0.06,0.0,0.0,0.18,0.36,0.0,1.57,54.84,48.36,6.48,88.19,19.0,29.35,14.95,0.54,25.0,0.73,46.15,30,17,1487,0.18,0.0,1.57,1.39,13.56,1.76,4.96,45.81,4.36,45.28,0.61,50.0
188,894863,Serie A,25/26,Como,Anastasios Douvikas,Forward,6.84,0.55,0.48,0.47,2.61,1.19,0.75,21.21,0.51,39.39,0.55,0.0,0.08,0.08,0.4,0.08,0.28,0.08,0.04,0.04,100.0,0.0,0.0,0.0,0.51,0.16,0.55,0.16,0.28,0.0,0.0,0.0,0.0,0.2,0.08,0.04,0.0,0.91,12.56,9.76,2.81,77.67,2.84,6.91,4.11,0.0,0.0,0.36,69.23,38,25,2278,0.0,0.0,1.42,1.66,8.57,1.58,3.95,41.84,2.69,40.96,1.26,43.84
189,555540,Serie A,25/26,AS Roma,Lorenzo Pellegrini,Forward,6.83,0.24,0.32,0.18,1.95,0.73,0.73,12.5,0.31,20.83,0.24,0.0,0.0,0.06,0.18,0.12,0.31,0.0,0.12,0.12,100.0,0.0,0.24,0.0,0.73,0.85,0.85,0.24,0.79,0.0,0.0,0.06,0.0,0.06,0.24,0.12,0.0,1.71,41.61,32.09,9.52,77.13,9.09,23.0,14.22,1.46,26.67,1.71,60.87,24,20,1475,0.12,0.0,1.22,2.38,18.12,1.34,4.7,44.0,3.42,43.41,1.28,45.65
190,1087514,Serie A,25/26,Genoa,Brooke Norton-Cuffy,Defender,6.83,0.08,0.07,0.08,0.65,0.24,0.2,12.5,1.3,59.26,0.08,0.0,0.0,0.04,0.04,0.04,0.0,0.0,0.0,0.0,0.0,0.0,0.0,0.0,1.75,0.41,1.59,0.24,0.28,0.0,0.04,0.0,0.0,0.08,0.08,0.04,0.0,0.85,29.27,23.74,5.53,81.11,12.52,11.22,5.89,0.77,23.46,1.06,47.27,27,25,2214,0.12,0.04,0.93,0.65,13.54,0.98,4.31,49.77,3.7,54.49,0.61,32.61
191,356160,Serie A,25/26,SSC Napoli,Vanja Milinković-Savić,Goalkeeper,6.83,0.0,0.0,0.0,0.0,0.0,0.0,0.0,0.0,0.0,0.0,0.0,0.0,0.0,0.0,0.0,0.0,0.0,0.0,0.0,0.0,0.0,0.0,0.0,0.0,0.0,0.78,0.0,0.07,0.0,0.07,0.04,0.0,0.41,0.04,0.04,0.0,0.11,37.56,27.15,10.41,72.29,24.22,2.93,1.44,0.0,0.0,5.15,33.33,27,27,2430,0.0,0.0,0.04,0.22,10.59,0.0,0.3,72.73,0.15,57.14,0.15,100.0
192,1831525,Serie A,25/26,Udinese,Branimir Mlačić,Defender,6.83,0.0,0.02,0.0,0.56,0.0,0.0,0.0,0.56,100.0,0.0,0.0,0.0,0.0,0.0,0.0,0.0,0.0,0.0,0.0,0.0,0.0,0.0,0.0,1.67,1.11,3.33,1.11,0.56,0.0,0.0,0.0,0.0,0.0,0.0,0.0,0.0,0.56,43.33,37.78,5.56,87.18,26.67,11.11,3.89,0.0,0.0,2.78,62.5,7,2,162,1.11,0.0,2.22,0.0,6.67,0.56,3.33,35.29,2.22,40.0,1.11,28.57
193,922928,Serie A,25/26,Udinese,Alessandro Zanoli,Midfielder,6.83,0.07,0.01,0.0,0.21,0.07,0.14,33.33,0.98,42.42,0.07,0.0,0.0,0.0,0.07,0.0,0.07,0.0,0.0,0.0,0.0,0.0,0.0,0.0,1.74,0.49,2.51,0.35,0.63,0.0,0.0,0.0,0.0,0.07,0.21,0.14,0.0,1.05,24.28,19.53,4.74,80.46,9.35,10.19,6.07,0.84,30.77,0.63,40.91,19,16,1290,0.07,0.0,1.12,0.35,10.67,0.14,4.26,53.04,3.07,48.89,1.19,68.0
194,848355,Serie A,25/26,AS Roma,Angeliño,Midfielder,6.83,0.0,0.04,0.0,1.08,0.43,0.43,0.0,0.0,0.0,0.0,0.0,0.0,0.0,0.0,0.0,0.0,0.0,0.0,0.0,0.0,0.0,0.0,0.0,1.94,0.43,1.29,0.0,1.29,0.0,0.0,0.0,0.0,0.22,0.0,0.0,0.0,1.08,45.0,35.31,9.69,78.47,15.29,20.02,12.49,0.86,22.22,2.37,50.0,7,5,418,0.43,0.0,1.08,0.43,15.5,0.43,3.23,42.86,2.37,40.74,0.86,50.0
195,47743,Serie A,25/26,Pisa,Juan Cuadrado,Midfielder,6.83,0.18,0.17,0.0,1.8,0.36,0.54,10.0,2.34,43.33,0.18,0.0,0.0,0.0,0.18,0.18,0.0,0.0,0.18,0.18,100.0,0.0,0.18,0.0,3.23,0.72,1.26,0.36,1.62,0.0,0.0,0.0,0.0,0.0,0.36,0.0,0.0,2.34,38.8,31.62,7.19,81.48,15.27,16.35,7.9,3.23,40.91,3.23,60.0,19,2,501,0.54,0.0,1.62,2.87,19.58,1.62,8.8,50.52,8.44,51.65,0.36,33.33
196,959806,Serie A,25/26,Lazio,Kenneth Taylor,Midfielder,6.82,0.19,0.13,0.06,1.03,0.39,0.32,18.75,0.51,42.11,0.19,0.0,0.0,0.06,0.13,0.13,0.06,0.0,0.0,0.0,0.0,0.0,0.0,0.0,1.35,0.64,0.64,0.39,1.22,0.0,0.0,0.06,0.0,0.26,0.06,0.13,0.0,0.84,43.26,38.38,4.89,88.71,13.95,24.43,12.09,0.06,11.11,0.51,40.0,17,17,1400,0.32,0.0,1.09,0.84,7.78,0.64,3.02,42.73,2.7,42.42,0.32,45.45
197,908716,Serie A,25/26,SSC Napoli,Miguel Gutiérrez,Defender,6.82,0.06,0.05,0.0,0.91,0.3,0.48,6.67,0.48,34.78,0.06,0.0,0.0,0.06,0.0,0.06,0.06,0.0,0.0,0.0,0.0,0.0,0.06,0.0,1.99,0.54,1.27,0.06,0.54,0.0,0.12,0.0,0.0,0.3,0.12,0.06,0.0,1.27,47.96,42.22,5.74,88.04,21.87,20.36,10.75,0.54,18.75,2.36,62.9,28,15,1490,0.0,0.0,1.15,1.69,11.6,0.79,4.71,55.71,4.11,55.28,0.6,58.82
198,964153,Serie A,25/26,Cagliari,Adam Obert,Defender,6.82,0.0,0.05,0.06,0.32,0.1,0.16,0.0,0.52,64.0,0.0,0.0,0.0,0.0,0.0,0.03,0.0,0.0,0.0,0.0,0.0,0.0,0.0,0.0,2.2,1.36,3.65,0.58,0.52,0.0,0.0,0.0,0.0,0.16,0.19,0.1,0.0,0.87,39.03,31.89,7.13,81.72,20.53,11.36,4.75,0.74,33.33,1.74,46.15,35,33,2788,0.26,0.03,1.29,0.42,11.36,0.48,4.13,53.33,3.13,55.43,1.0,47.69
199,1486808,Serie A,25/26,Bologna,Eivind Helland,Defender,6.82,0.0,0.01,0.0,0.18,0.0,0.18,0.0,0.0,0.0,0.0,0.0,0.0,0.0,0.0,0.0,0.0,0.0,0.0,0.0,0.0,0.0,0.0,0.0,1.29,1.11,3.5,1.11,0.18,0.0,0.0,0.0,0.0,0.37,0.0,0.0,0.0,0.55,61.78,54.22,7.56,87.76,40.39,13.83,3.87,0.0,0.0,2.03,31.43,6,6,488,0.37,0.0,0.92,0.18,9.22,0.37,4.24,62.16,1.48,50.0,2.77,71.43
200,898815,Serie A,25/26,SSC Napoli,Sam Beukema,Defender,6.82,0.11,0.09,0.0,0.43,0.21,0.21,25.0,0.11,66.67,0.11,0.0,0.05,0.05,0.0,0.0,0.05,0.0,0.0,0.0,0.0,0.0,0.0,0.0,1.01,0.75,3.1,0.59,0.48,0.0,0.05,0.05,0.0,0.21,0.0,0.0,0.0,0.32,73.24,66.94,6.3,91.4,41.48,25.46,9.88,0.0,0.0,2.62,54.44,24,18,1686,0.11,0.0,1.01,0.27,7.79,0.21,3.04,48.72,1.33,44.64,1.71,52.46
201,902031,Serie A,25/26,Bologna,João Mário,Defender,6.81,0.09,0.03,0.0,0.62,0.18,0.09,14.29,1.34,46.88,0.09,0.0,0.0,0.0,0.09,0.0,0.0,0.0,0.0,0.0,0.0,0.0,0.0,0.0,1.25,1.16,1.16,0.27,0.89,0.09,0.0,0.09,0.0,0.18,0.09,0.0,0.0,0.71,43.93,34.46,9.46,78.46,15.0,19.46,11.07,0.62,35.0,1.7,45.24,20,12,1008,0.18,0.0,0.89,2.77,15.18,0.54,5.89,56.9,5.36,58.82,0.54,42.86
202,786175,Serie A,25/26,Cremonese,Federico Baschirotto,Defender,6.81,0.07,0.04,0.04,0.43,0.18,0.14,16.67,0.04,50.0,0.07,0.0,0.07,0.0,0.0,0.0,0.04,0.0,0.0,0.0,0.0,0.0,0.0,0.0,0.92,0.92,6.59,1.17,0.39,0.04,0.07,0.04,0.0,0.28,0.0,0.0,0.0,0.07,46.61,40.31,6.3,86.47,31.17,9.14,2.23,0.04,12.5,2.27,40.25,29,29,2541,0.07,0.0,1.59,0.32,7.3,0.11,3.29,48.19,1.28,40.0,2.02,55.34
203,870211,Serie A,25/26,Cagliari,Alberto Dossena,Defender,6.81,0.0,0.08,0.11,0.63,0.21,0.32,0.0,0.11,100.0,0.0,0.0,0.0,0.0,0.0,0.0,0.21,0.0,0.0,0.0,0.0,0.0,0.0,0.0,1.68,0.95,4.42,0.95,0.53,0.0,0.0,0.0,0.0,0.21,0.21,0.11,0.0,0.32,48.15,43.0,5.15,89.3,30.18,12.83,2.63,0.0,0.0,2.0,44.19,12,9,856,0.53,0.0,1.16,0.84,6.31,0.11,4.52,60.56,2.63,59.52,1.89,62.07
204,965264,Serie A,25/26,Juventus,Emil Holm,Defender,6.81,0.1,0.13,0.0,1.31,0.2,0.91,7.69,0.7,46.67,0.1,0.0,0.0,0.1,0.0,0.1,0.0,0.0,0.0,0.0,0.0,0.0,0.0,0.0,3.02,0.91,2.92,0.3,0.7,0.0,0.1,0.0,0.0,0.1,0.3,0.4,0.0,0.91,37.61,29.46,8.15,78.34,15.49,13.98,7.04,0.7,24.14,1.11,26.19,18,10,895,0.1,0.1,1.11,1.91,16.29,0.6,7.24,58.54,5.53,63.22,1.71,47.22
205,893008,Serie A,25/26,AS Roma,Zeki Çelik,Defender,6.81,0.03,0.05,0.07,0.73,0.13,0.33,4.55,0.26,22.22,0.03,0.0,0.0,0.0,0.03,0.0,0.1,0.0,0.0,0.0,0.0,0.0,0.0,0.0,2.11,0.73,2.24,0.2,0.76,0.0,0.0,0.0,0.0,0.3,0.07,0.07,0.03,0.92,44.41,37.85,6.56,85.23,15.4,22.45,12.73,0.49,20.0,1.05,38.1,34,32,2730,0.07,0.03,1.15,0.59,12.16,0.43,4.12,50.2,2.93,47.85,1.19,57.14
206,1392819,Serie A,25/26,Lecce,Gaby Jean,Defender,6.81,0.0,0.0,0.0,0.0,0.0,0.0,0.0,0.0,0.0,0.0,0.0,0.0,0.0,0.0,0.0,0.0,0.0,0.0,0.0,0.0,0.0,0.0,0.0,1.38,0.46,7.35,0.0,1.38,0.0,0.0,0.0,0.0,0.46,0.0,0.0,0.0,0.0,47.76,38.57,9.18,80.77,24.34,14.23,2.76,0.0,0.0,3.21,38.89,7,1,196,0.46,0.0,0.46,0.92,10.56,0.0,4.13,52.94,1.84,50.0,2.3,55.56
207,1499991,Serie A,25/26,AS Roma,Jan Ziółkowski,Defender,6.81,0.0,0.02,0.0,0.34,0.0,0.34,0.0,0.0,0.0,0.0,0.0,0.0,0.0,0.0,0.0,0.0,0.0,0.0,0.0,0.0,0.0,0.0,0.0,3.24,1.37,7.0,0.85,0.34,0.0,0.0,0.0,0.0,0.17,0.0,0.0,0.0,0.17,43.38,36.38,7.0,83.86,26.81,9.56,2.22,0.0,0.0,2.05,33.33,18,5,527,0.51,0.0,2.05,1.37,7.51,0.34,8.54,59.52,4.61,62.79,3.93,56.1
208,798002,Serie A,25/26,Lazio,Toma Bašić,Midfielder,6.81,0.1,0.07,0.0,1.55,0.62,0.62,6.67,0.05,25.0,0.05,0.05,0.0,0.1,0.0,0.05,0.0,0.0,0.0,0.0,0.0,0.0,0.1,0.0,1.08,0.57,1.24,0.36,0.67,0.0,0.05,0.0,0.0,0.1,0.26,0.15,0.0,1.13,45.1,39.43,5.67,87.43,20.26,19.18,7.94,0.93,37.5,1.49,60.42,23,23,1746,0.0,0.05,1.03,0.98,8.81,0.57,3.2,52.1,2.11,47.67,1.08,63.64
209,35428,Serie A,25/26,Lazio,Pedro,Forward,6.81,0.45,0.22,0.0,1.99,1.0,0.63,22.73,1.18,52.0,0.27,0.18,0.0,0.18,0.27,0.0,0.0,0.0,0.18,0.18,100.0,0.0,0.0,0.0,1.0,0.36,0.36,0.0,1.0,0.0,0.18,0.0,0.0,0.0,0.54,0.18,0.0,1.81,43.64,37.94,5.7,86.93,13.13,24.81,12.22,0.63,23.33,1.81,66.67,29,9,994,0.36,0.0,0.91,2.35,11.41,1.09,4.53,51.55,4.35,52.75,0.18,33.33
210,976381,Serie A,25/26,Lazio,Gustav Isaksen,Forward,6.81,0.28,0.28,0.45,2.7,1.07,0.84,10.42,1.52,38.03,0.28,0.0,0.0,0.23,0.06,0.06,0.06,0.0,0.0,0.0,0.0,0.0,0.0,0.0,0.9,0.39,0.34,0.17,0.56,0.06,0.06,0.0,0.0,0.0,0.0,0.06,0.0,0.96,28.95,23.37,5.58,80.74,8.28,15.09,7.21,0.51,28.13,0.84,55.56,30,18,1598,0.0,0.0,1.01,3.21,13.57,1.46,6.2,49.33,5.58,50.51,0.62,40.74
211,1486729,Serie A,25/26,Parma,Nesta Elphege,Forward,6.81,0.59,0.56,0.59,1.76,0.88,0.59,33.33,1.18,66.67,0.59,0.0,0.0,0.29,0.29,0.0,0.88,0.0,0.0,0.0,0.0,0.0,0.0,0.0,0.59,0.0,0.59,0.0,0.0,0.0,0.0,0.0,0.0,0.0,0.0,0.29,0.0,1.18,18.24,12.06,6.18,66.13,3.82,8.24,6.18,0.0,0.0,0.0,0.0,9,2,306,0.0,0.0,0.88,0.0,9.12,0.0,7.35,53.19,1.76,54.55,5.59,52.78
212,864898,Serie A,25/26,Udinese,Nicolò Zaniolo,Forward,6.81,0.2,0.22,0.24,2.86,0.87,0.99,6.94,1.31,35.11,0.2,0.0,0.04,0.12,0.04,0.12,0.24,0.0,0.0,0.0,0.0,0.0,0.2,0.0,1.11,0.16,0.0,0.0,0.79,0.0,0.08,0.0,0.0,0.12,0.28,0.24,0.08,2.1,22.97,17.93,5.04,78.07,5.71,12.22,7.3,1.31,26.61,1.07,60.0,32,28,2269,0.32,0.0,2.46,2.42,17.81,2.5,5.55,37.33,4.84,38.13,0.71,32.73
213,1525367,Serie A,25/26,Pisa,Ebenezer Akinsanmiro,Midfielder,6.8,0.0,0.05,0.12,0.81,0.19,0.5,0.0,1.31,52.5,0.0,0.0,0.0,0.0,0.0,0.12,0.06,0.0,0.0,0.0,0.0,0.0,0.0,0.0,2.43,1.68,0.87,0.37,0.62,0.0,0.12,0.0,0.0,0.12,0.19,0.06,0.0,1.0,31.7,27.16,4.55,85.66,13.33,13.83,7.47,0.19,27.27,1.25,50.0,24,16,1445,0.12,0.0,1.87,1.74,10.21,1.37,6.35,52.04,5.48,53.66,0.87,43.75
214,1416579,Serie A,25/26,Inter,Matteo Cocchi,Defender,6.8,0.0,0.0,0.0,0.0,0.0,0.0,0.0,0.0,0.0,0.0,0.0,0.0,0.0,0.0,0.0,0.0,0.0,0.0,0.0,0.0,0.0,0.0,0.0,5.62,0.0,11.25,0.0,5.62,0.0,0.0,0.0,0.0,0.0,0.0,0.0,0.0,0.0,45.0,28.12,16.88,62.5,5.62,22.5,11.25,0.0,0.0,0.0,0.0,1,0,16,0.0,0.0,0.0,0.0,16.88,0.0,11.25,66.67,5.62,50.0,5.62,100.0
215,807400,Serie A,25/26,Fiorentina,Abdelhamid Sabiri,Midfielder,6.8,0.0,0.04,0.0,3.6,0.0,3.6,0.0,0.0,0.0,0.0,0.0,0.0,0.0,0.0,0.0,0.0,0.0,0.0,0.0,0.0,0.0,0.0,0.0,7.2,0.0,0.0,0.0,3.6,0.0,0.0,0.0,0.0,0.0,0.0,0.0,0.0,10.8,68.4,46.8,21.6,68.42,10.8,36.0,21.6,7.2,50.0,0.0,0.0,1,0,25,0.0,0.0,3.6,3.6,32.4,3.6,10.8,50.0,10.8,50.0,0.0,0.0
216,1211005,Serie A,25/26,Hellas Verona,Yellu Santiago,Midfielder,6.8,0.0,0.16,0.0,16.36,8.18,8.18,0.0,8.18,100.0,0.0,0.0,0.0,0.0,0.0,0.0,0.0,0.0,0.0,0.0,0.0,0.0,0.0,0.0,16.36,0.0,0.0,0.0,0.0,0.0,0.0,0.0,0.0,0.0,0.0,0.0,0.0,8.18,57.27,32.73,24.55,57.14,16.36,16.36,16.36,0.0,0.0,0.0,0.0,2,0,11,0.0,0.0,0.0,8.18,24.55,0.0,32.73,80.0,32.73,100.0,0.0,0.0
217,220223,Serie A,25/26,Cagliari,Andrea Belotti,Forward,6.8,0.78,0.74,1.16,2.33,1.55,0.78,33.33,0.39,25.0,0.78,0.0,0.0,0.0,0.78,0.0,1.55,0.39,0.39,0.39,100.0,0.0,0.0,0.0,0.39,1.55,0.78,0.0,0.39,0.0,0.0,0.0,0.0,0.0,0.0,0.0,0.0,0.39,12.03,8.92,3.1,74.19,4.66,4.27,1.55,0.0,0.0,0.0,0.0,8,3,232,0.0,0.0,1.16,3.88,10.47,1.55,6.21,43.24,4.27,50.0,1.94,33.33
218,43970,Serie A,25/26,Cremonese,Marco Silvestri,Goalkeeper,6.8,0.0,0.0,0.0,0.0,0.0,0.0,0.0,0.0,0.0,0.0,0.0,0.0,0.0,0.0,0.0,0.0,0.0,0.0,0.0,0.0,0.0,0.0,0.0,0.0,0.0,1.0,0.0,0.0,0.25,0.0,0.0,0.0,0.0,0.0,0.0,0.0,0.0,35.0,20.0,15.0,57.14,15.5,4.5,1.0,0.0,0.0,5.75,28.05,4,4,360,0.0,0.0,0.0,0.0,15.0,0.0,0.5,100.0,0.0,0.0,0.5,100.0
219,1090374,Serie A,25/26,Lecce,Kialonda Gaspar,Defender,6.79,0.0,0.04,0.05,0.44,0.05,0.25,0.0,0.05,33.33,0.0,0.0,0.0,0.0,0.0,0.0,0.1,0.0,0.0,0.0,0.0,0.0,0.0,0.0,1.13,0.84,6.93,1.03,0.3,0.0,0.25,0.05,0.0,0.34,0.0,0.0,0.0,0.0,38.95,32.85,6.1,84.34,23.07,9.79,1.97,0.0,0.0,2.31,46.08,23,21,1830,0.3,0.05,0.64,1.08,6.89,0.1,4.62,61.44,2.21,68.18,2.41,56.32
220,58351,Serie A,25/26,Udinese,Christian Kabasele,Defender,6.79,0.12,0.05,0.0,0.4,0.24,0.08,30.0,0.2,83.33,0.12,0.0,0.08,0.0,0.04,0.0,0.04,0.0,0.0,0.0,0.0,0.0,0.0,0.0,0.72,1.43,6.25,0.84,0.2,0.08,0.04,0.0,0.0,0.24,0.0,0.0,0.0,0.04,33.46,29.56,3.9,88.35,23.67,5.89,1.03,0.0,0.0,1.91,50.0,30,28,2262,0.2,0.04,1.31,0.99,4.69,0.16,4.42,60.0,1.83,54.12,2.59,65.0
221,1384847,Serie A,25/26,AS Roma,Daniele Ghilardi,Defender,6.79,0.0,0.03,0.08,0.25,0.0,0.17,0.0,0.25,60.0,0.0,0.0,0.0,0.0,0.0,0.0,0.0,0.0,0.0,0.0,0.0,0.0,0.0,0.0,2.48,1.65,4.63,0.5,0.99,0.0,0.08,0.0,0.0,0.33,0.0,0.0,0.08,0.41,49.83,42.81,7.02,85.9,22.48,20.33,7.02,0.0,0.0,2.89,49.3,23,9,1089,0.08,0.0,1.9,1.4,9.01,0.5,6.2,55.56,4.13,54.95,2.07,56.82
222,889785,Serie A,25/26,Genoa,Johan Vásquez,Defender,6.79,0.03,0.04,0.03,0.67,0.17,0.36,4.17,0.22,47.06,0.03,0.0,0.0,0.03,0.0,0.0,0.03,0.0,0.0,0.0,0.0,0.0,0.0,0.0,1.65,1.26,4.31,0.78,0.5,0.03,0.0,0.0,0.0,0.22,0.0,0.0,0.0,0.25,55.78,47.73,8.06,85.56,34.19,13.54,5.37,0.14,20.83,2.66,39.58,36,36,3217,0.06,0.0,0.64,1.29,10.16,0.25,5.18,57.28,3.13,66.67,2.04,47.1
223,217784,Serie A,25/26,Lazio,Patric,Defender,6.79,0.0,0.04,0.0,0.66,0.0,0.26,0.0,0.26,100.0,0.0,0.0,0.0,0.0,0.0,0.0,0.0,0.0,0.0,0.0,0.0,0.0,0.0,0.0,0.26,0.53,4.22,0.79,0.4,0.0,0.4,0.0,0.0,0.26,0.13,0.0,0.0,0.26,75.35,68.89,6.47,91.42,40.65,28.24,8.58,0.0,0.0,4.22,69.57,14,6,682,0.26,0.0,0.53,0.26,7.65,0.0,2.24,56.67,0.79,46.15,1.45,64.71
224,979479,Serie A,25/26,Cagliari,Gennaro Borrelli,Forward,6.79,0.35,0.22,0.21,2.12,0.85,0.64,16.67,0.42,37.5,0.35,0.0,0.14,0.07,0.14,0.0,0.35,0.0,0.0,0.0,0.0,0.0,0.0,0.0,1.06,0.21,1.2,0.14,0.42,0.0,0.0,0.0,0.0,0.0,0.07,0.07,0.0,0.85,16.05,11.24,4.81,70.04,4.03,7.21,4.03,0.0,0.0,0.49,70.0,27,13,1273,0.28,0.0,3.11,3.46,11.24,1.63,8.55,50.21,4.74,46.85,3.82,55.1
225,980624,Serie A,25/26,Atalanta,Lazar Samardžić,Midfielder,6.79,0.18,0.26,0.26,2.19,0.79,0.88,8.0,1.23,43.75,0.18,0.0,0.09,0.09,0.0,0.26,0.09,0.0,0.0,0.0,0.0,0.0,0.09,0.0,1.05,0.79,0.7,0.0,0.53,0.0,0.0,0.0,0.0,0.09,0.18,0.09,0.0,2.45,45.88,38.61,7.27,84.16,8.58,30.03,20.57,1.66,27.54,4.64,81.54,26,11,1028,0.09,0.0,1.49,0.88,18.39,1.75,3.59,33.88,3.06,37.63,0.53,21.43
226,1016788,Serie A,25/26,Torino,Cesare Casadei,Midfielder,6.79,0.27,0.19,0.23,1.58,0.77,0.5,17.14,0.59,54.17,0.23,0.05,0.18,0.05,0.05,0.0,0.09,0.0,0.0,0.0,0.0,0.0,0.0,0.0,1.63,0.45,1.76,0.14,0.81,0.0,0.0,0.05,0.0,0.23,0.14,0.0,0.0,0.77,33.83,25.46,8.37,75.27,10.63,14.83,7.01,0.05,25.0,0.81,43.9,33,19,1990,0.23,0.0,2.35,0.72,12.3,0.95,7.69,53.8,2.94,39.88,4.75,68.63
227,1065261,Serie A,25/26,Bologna,Jonathan Rowe,Forward,6.79,0.17,0.22,0.34,2.68,0.95,0.95,6.25,2.74,53.85,0.17,0.0,0.0,0.06,0.11,0.11,0.22,0.0,0.0,0.0,0.0,0.0,0.0,0.0,1.17,0.45,0.17,0.0,0.5,0.0,0.06,0.0,0.0,0.0,0.28,0.11,0.0,1.17,21.68,17.54,4.13,80.93,4.3,13.24,7.93,0.67,23.08,0.5,32.14,28,17,1611,0.11,0.0,1.28,2.79,13.46,1.68,7.54,50.75,6.65,53.6,0.89,36.36
228,346948,Serie A,25/26,Pisa,Stefano Moreo,Forward,6.79,0.27,0.23,0.19,2.02,0.78,1.01,13.46,0.5,48.15,0.23,0.04,0.08,0.08,0.12,0.12,0.19,0.0,0.08,0.08,100.0,0.0,0.0,0.0,0.66,0.85,1.98,0.16,0.39,0.04,0.0,0.0,0.0,0.04,0.19,0.04,0.0,0.97,21.25,12.72,8.53,59.85,4.19,8.53,5.08,0.12,10.71,0.66,38.64,37,29,2321,0.08,0.0,0.85,0.78,13.03,0.39,5.66,51.77,1.94,49.02,3.72,53.33
229,1069244,Serie A,25/26,Lazio,Tijjani Noslin,Forward,6.78,0.3,0.37,0.3,2.67,0.99,1.3,11.43,1.3,54.84,0.3,0.0,0.08,0.08,0.15,0.08,0.38,0.15,0.0,0.0,0.0,0.0,0.08,0.0,0.53,0.23,0.53,0.23,0.23,0.0,0.0,0.0,0.0,0.08,0.08,0.15,0.0,1.22,28.35,23.01,5.33,81.18,8.38,14.63,7.7,0.3,40.0,1.52,80.0,29,9,1181,0.3,0.08,1.45,1.75,11.66,1.37,5.18,45.64,3.58,47.47,1.6,42.0
230,1128063,Serie A,25/26,Juventus,Federico Gatti,Defender,6.78,0.16,0.17,0.16,1.15,0.49,0.41,14.29,0.08,100.0,0.16,0.0,0.08,0.0,0.08,0.0,0.0,0.0,0.0,0.0,0.0,0.0,0.0,0.0,0.98,1.06,5.15,0.49,0.25,0.08,0.16,0.0,0.0,0.16,0.0,0.0,0.0,0.25,52.77,47.86,4.91,90.7,30.19,17.67,5.65,0.0,0.0,2.54,53.45,21,12,1100,0.25,0.0,1.39,0.49,5.81,0.08,3.76,56.1,1.55,48.72,2.21,62.79
231,945616,Serie A,25/26,Lecce,Antonino Gallo,Defender,6.78,0.0,0.02,0.06,0.18,0.03,0.12,0.0,0.38,52.0,0.0,0.0,0.0,0.0,0.0,0.03,0.0,0.0,0.0,0.0,0.0,0.0,0.03,0.0,1.71,0.44,3.68,0.18,0.68,0.0,0.09,0.0,0.0,0.26,0.18,0.12,0.0,1.06,33.14,23.4,9.74,70.6,9.98,13.42,7.48,1.12,28.36,2.35,34.19,37,34,3058,0.09,0.0,0.21,0.38,16.72,0.24,3.24,59.78,2.47,62.69,0.77,52.0
232,870263,Serie A,25/26,SSC Napoli,Alessandro Buongiorno,Defender,6.78,0.0,0.05,0.11,0.29,0.11,0.11,0.0,0.04,20.0,0.0,0.0,0.0,0.0,0.0,0.04,0.04,0.0,0.0,0.0,0.0,0.0,0.0,0.0,1.18,1.43,4.04,0.43,0.43,0.04,0.04,0.07,0.0,0.29,0.0,0.04,0.0,0.11,66.06,60.1,5.97,90.97,39.09,21.01,6.22,0.07,33.33,0.96,32.14,33,28,2519,0.11,0.0,1.79,0.93,6.79,0.07,4.79,56.54,2.11,48.36,2.68,65.22
233,1499054,Serie A,25/26,Fiorentina,Luís Balbo,Defender,6.78,0.0,0.0,0.0,0.0,0.0,0.0,0.0,0.0,0.0,0.0,0.0,0.0,0.0,0.0,0.0,0.0,0.0,0.0,0.0,0.0,0.0,0.0,0.0,2.6,0.43,4.33,2.16,1.3,0.0,0.0,0.0,0.0,0.0,0.0,0.0,0.0,0.43,23.37,15.58,7.79,66.67,8.65,6.92,3.46,0.43,20.0,1.3,23.08,6,1,208,0.0,0.0,0.87,2.6,15.14,1.73,6.49,53.57,5.19,54.55,1.3,50.0
234,1133236,Serie A,25/26,Hellas Verona,Tobias Slotsager,Defender,6.78,0.0,0.03,0.0,0.61,0.2,0.2,0.0,0.0,0.0,0.0,0.0,0.0,0.0,0.0,0.0,0.0,0.0,0.0,0.0,0.0,0.0,0.0,0.0,2.84,0.61,6.91,0.81,0.41,0.2,0.0,0.0,0.0,0.41,0.0,0.0,0.0,0.0,46.12,35.76,10.36,77.53,21.53,14.22,4.88,0.2,50.0,1.83,25.71,8,4,443,0.0,0.0,0.61,1.02,11.58,0.0,8.13,80.0,3.86,79.17,4.27,80.77
235,887275,Serie A,25/26,Pisa,Matteo Tramoni,Forward,6.78,0.11,0.18,0.17,1.56,0.5,0.67,7.14,0.45,23.53,0.11,0.0,0.0,0.0,0.11,0.06,0.11,0.0,0.06,0.06,100.0,0.0,0.0,0.0,1.78,0.89,0.56,0.06,1.06,0.0,0.06,0.06,0.0,0.0,0.22,0.11,0.0,1.56,20.23,14.6,5.63,72.18,4.12,10.48,7.13,1.23,32.35,0.84,46.88,27,21,1615,0.17,0.0,0.84,0.84,12.98,1.0,3.73,44.08,3.07,41.67,0.67,60.0
236,983601,Serie A,25/26,Hellas Verona,Kieron Bowie,Forward,6.78,0.3,0.32,0.3,2.47,0.82,1.05,12.12,0.37,33.33,0.22,0.07,0.0,0.3,0.0,0.0,0.22,0.07,0.0,0.0,0.0,0.0,0.0,0.0,0.67,0.0,0.6,0.22,0.07,0.0,0.0,0.07,0.0,0.15,0.07,0.0,0.0,0.97,14.95,10.47,4.49,70.0,2.62,7.85,4.63,0.0,0.0,0.52,53.85,14,14,1204,0.07,0.0,2.54,2.02,11.74,1.42,5.31,38.38,3.06,39.81,2.24,36.59
237,989186,Serie A,25/26,Como,Ignace Van der Brempt,Defender,6.78,0.0,0.02,0.0,0.29,0.0,0.19,0.0,0.57,40.0,0.0,0.0,0.0,0.0,0.0,0.0,0.1,0.0,0.0,0.0,0.0,0.0,0.0,0.0,2.86,0.76,1.81,0.0,0.67,0.0,0.0,0.0,0.0,0.19,0.1,0.1,0.0,0.48,44.67,38.27,6.39,85.68,19.37,18.9,9.54,0.19,18.18,1.05,36.67,20,11,943,0.19,0.0,1.81,1.43,12.69,0.29,5.92,56.36,4.87,58.62,1.05,47.83
238,1493689,Serie A,25/26,Como,Assane Diao,Forward,6.78,0.17,0.22,0.25,2.48,0.83,0.58,6.67,2.23,39.13,0.17,0.0,0.08,0.08,0.0,0.0,0.25,0.0,0.0,0.0,0.0,0.0,0.0,0.0,1.32,0.33,0.58,0.08,0.25,0.0,0.0,0.0,0.0,0.17,0.25,0.08,0.0,0.74,26.78,21.4,5.37,79.94,4.3,17.11,8.84,0.25,11.11,0.41,62.5,17,13,1089,0.17,0.0,1.24,3.22,15.7,2.15,7.44,46.15,6.69,48.8,0.74,31.03
239,1142612,Serie A,25/26,Torino,Emirhan İlkhan,Midfielder,6.78,0.09,0.2,0.18,1.06,0.27,0.35,8.33,0.62,53.85,0.09,0.0,0.0,0.0,0.09,0.0,0.0,0.0,0.0,0.0,0.0,0.0,0.0,0.0,2.3,1.15,1.41,0.18,1.06,0.0,0.0,0.0,0.0,0.0,0.18,0.18,0.0,0.97,41.91,35.19,6.72,83.97,17.59,17.59,7.51,0.27,42.86,4.69,68.83,19,13,1018,0.18,0.09,0.97,1.59,9.99,0.97,5.66,55.65,4.51,56.67,1.15,52.0
240,233826,Serie A,25/26,Torino,Valentino Lazaro,Midfielder,6.78,0.0,0.02,0.0,0.32,0.08,0.12,0.0,0.44,44.0,0.0,0.0,0.0,0.0,0.0,0.0,0.04,0.0,0.0,0.0,0.0,0.0,0.0,0.0,1.87,0.87,1.99,0.32,0.84,0.0,0.0,0.0,0.0,0.28,0.28,0.08,0.0,1.23,33.57,26.65,6.92,79.38,12.89,13.76,7.72,1.47,27.21,1.79,44.55,31,26,2263,0.16,0.0,1.47,0.36,13.92,0.12,3.26,45.56,2.66,47.52,0.6,38.46
241,351434,Serie A,25/26,Udinese,Hassane Kamara,Midfielder,6.78,0.0,0.03,0.05,0.77,0.24,0.39,0.0,0.82,53.13,0.0,0.0,0.0,0.0,0.0,0.1,0.0,0.0,0.0,0.0,0.0,0.0,0.0,0.0,1.49,1.11,2.79,0.14,0.39,0.0,0.05,0.05,0.0,0.19,0.29,0.1,0.05,1.16,35.35,28.89,6.45,81.74,13.92,14.98,7.51,0.82,20.73,1.44,40.0,26,22,1869,0.24,0.0,0.77,0.53,14.16,0.53,3.71,57.04,2.84,55.66,0.87,62.07
242,1823916,Serie A,25/26,Sassuolo,Darryl Bakola,Midfielder,6.77,0.0,0.05,0.0,1.88,0.62,0.62,0.0,1.88,50.0,0.0,0.0,0.0,0.0,0.0,0.0,0.0,0.0,0.0,0.0,0.0,0.0,0.0,0.0,5.0,0.62,0.0,0.0,1.25,0.0,0.0,0.0,0.0,0.0,0.62,0.62,0.0,1.88,38.75,30.62,8.12,79.03,10.0,20.62,14.37,0.0,0.0,0.62,20.0,6,1,144,0.0,0.0,1.25,1.88,15.0,0.62,10.0,64.0,8.75,63.64,1.25,66.67
243,1068286,Serie A,25/26,Udinese,Rui Modesto,Midfielder,6.77,0.0,0.02,0.0,0.78,0.78,0.0,0.0,0.0,0.0,0.0,0.0,0.0,0.0,0.0,0.0,0.0,0.0,0.0,0.0,0.0,0.0,0.0,0.0,4.66,0.78,1.55,0.0,0.78,0.0,0.0,0.0,0.0,0.0,0.78,0.78,0.0,1.55,34.14,24.83,9.31,72.73,10.09,14.74,10.09,1.55,40.0,0.78,25.0,3,0,116,0.0,0.0,0.0,0.0,18.62,1.55,5.43,43.75,4.66,50.0,0.78,25.0
244,227894,Serie A,25/26,Udinese,Jesper Karlström,Midfielder,6.77,0.03,0.02,0.0,0.57,0.09,0.23,5.0,0.29,47.62,0.03,0.0,0.0,0.0,0.03,0.0,0.03,0.0,0.0,0.0,0.0,0.0,0.0,0.0,1.54,1.03,2.17,0.46,0.46,0.06,0.06,0.03,0.0,0.29,0.03,0.0,0.0,0.46,38.72,31.49,7.22,81.34,16.05,15.45,6.14,0.06,13.33,1.54,38.03,36,36,3152,0.17,0.0,1.17,0.86,9.31,0.4,3.45,53.07,2.6,52.91,0.86,53.57
245,895868,Serie A,25/26,Parma,Nahuel Estévez,Midfielder,6.77,0.0,0.05,0.09,0.78,0.09,0.17,0.0,0.0,0.0,0.0,0.0,0.0,0.0,0.0,0.0,0.0,0.0,0.0,0.0,0.0,0.0,0.0,0.0,1.55,0.52,4.05,0.34,0.78,0.0,0.0,0.0,0.0,0.34,0.17,0.09,0.0,1.12,46.21,36.03,10.17,77.99,16.81,19.22,7.84,1.03,27.91,2.59,42.25,32,9,1044,0.26,0.0,0.95,1.12,14.14,0.34,5.43,55.75,2.59,55.56,2.84,55.93
246,1526933,Serie A,25/26,Fiorentina,Eddy Kouadio,Defender,6.77,0.0,0.0,0.0,0.0,0.0,0.0,0.0,1.12,50.0,0.0,0.0,0.0,0.0,0.0,0.0,0.0,0.0,0.0,0.0,0.0,0.0,0.0,0.0,4.5,1.12,1.12,0.0,1.12,0.0,0.0,0.0,0.0,0.0,0.0,0.0,0.0,1.12,27.0,23.62,3.38,87.5,19.12,4.5,1.12,0.0,0.0,1.12,50.0,3,0,80,0.0,0.0,1.12,1.12,7.87,0.0,6.75,66.67,6.75,66.67,0.0,0.0
247,108484,Serie A,25/26,SSC Napoli,Juan Jesus,Defender,6.77,0.0,0.02,0.0,0.16,0.0,0.0,0.0,0.0,0.0,0.0,0.0,0.0,0.0,0.0,0.0,0.0,0.0,0.0,0.0,0.0,0.0,0.0,0.0,2.14,1.44,3.26,0.64,0.27,0.05,0.0,0.05,0.0,0.27,0.0,0.0,0.0,0.21,73.86,67.61,6.25,91.53,46.66,20.95,4.17,0.0,0.0,2.78,54.17,24,19,1684,0.43,0.05,2.08,0.11,7.0,0.11,4.12,49.04,2.24,47.73,1.87,50.72
248,1085913,Serie A,25/26,Bologna,Martin Vitík,Defender,6.77,0.0,0.02,0.07,0.54,0.14,0.2,0.0,0.14,66.67,0.0,0.0,0.0,0.0,0.0,0.0,0.0,0.0,0.0,0.0,0.0,0.0,0.0,0.0,2.45,0.68,6.32,0.48,0.41,0.0,0.07,0.0,0.0,0.27,0.0,0.0,0.0,0.2,49.69,43.71,5.98,87.96,29.91,13.8,4.15,0.0,0.0,1.43,29.58,19,14,1324,0.2,0.0,1.56,0.27,6.93,0.27,5.78,55.92,2.85,56.0,2.92,55.84
249,1093695,Serie A,25/26,Genoa,Vitinha,Forward,6.77,0.2,0.25,0.32,2.6,0.8,0.84,7.69,1.44,31.86,0.16,0.04,0.0,0.0,0.2,0.04,0.56,0.04,0.0,0.0,0.0,0.0,0.04,0.0,1.56,0.56,1.16,0.2,0.84,0.04,0.0,0.0,0.0,0.04,0.2,0.04,0.0,0.68,15.81,10.58,5.23,66.92,3.35,7.23,4.23,0.56,21.21,0.6,44.12,35,28,2254,0.2,0.0,1.36,2.72,16.21,1.6,8.03,45.07,5.71,45.83,2.32,43.28
250,44906,Serie A,25/26,Bologna,Łukasz Skorupski,Goalkeeper,6.77,0.0,0.0,0.0,0.0,0.0,0.0,0.0,0.0,0.0,0.0,0.0,0.0,0.0,0.0,0.0,0.0,0.0,0.0,0.0,0.0,0.0,0.0,0.0,0.0,0.0,1.81,0.0,0.0,0.0,0.17,0.0,0.0,0.4,0.0,0.0,0.0,0.0,36.47,26.76,9.71,73.37,24.05,2.71,1.02,0.0,0.0,5.08,35.02,19,19,1594,0.06,0.06,0.06,0.45,9.99,0.0,0.62,91.67,0.23,80.0,0.4,100.0
251,911350,Serie A,25/26,Lecce,Lameck Banda,Midfielder,6.77,0.26,0.14,0.1,1.94,0.77,0.46,13.16,1.74,39.08,0.2,0.05,0.0,0.05,0.2,0.0,0.15,0.0,0.0,0.0,0.0,0.05,0.15,33.33,1.38,0.36,0.66,0.0,0.87,0.0,0.0,0.0,0.0,0.0,0.31,0.2,0.0,1.23,17.49,14.01,3.48,80.12,3.73,10.28,6.19,0.77,16.67,0.31,50.0,32,21,1760,0.31,0.05,2.25,2.51,16.16,1.89,6.19,42.01,5.62,42.64,0.56,36.67
252,341143,Serie A,25/26,Torino,Giovanni Simeone,Forward,6.77,0.44,0.4,0.52,3.17,1.12,1.24,13.92,0.88,42.31,0.4,0.04,0.08,0.04,0.32,0.08,0.72,0.08,0.0,0.0,0.0,0.0,0.0,0.0,0.64,0.2,0.64,0.08,0.4,0.0,0.0,0.0,0.0,0.0,0.08,0.0,0.0,0.92,16.72,12.15,4.57,72.66,4.89,7.26,4.17,0.04,11.11,0.32,44.44,32,27,2245,0.04,0.0,1.24,1.64,11.47,1.8,4.49,38.1,3.13,41.71,1.36,31.78
253,865651,Serie A,25/26,Atalanta,Giacomo Raspadori,Forward,6.77,0.34,0.36,0.34,3.19,1.25,0.68,10.71,0.57,33.33,0.34,0.0,0.0,0.34,0.0,0.11,0.11,0.0,0.0,0.0,0.0,0.0,0.0,0.0,0.91,0.11,0.57,0.0,0.34,0.0,0.0,0.0,0.0,0.11,0.0,0.11,0.0,1.93,34.02,27.42,6.6,80.6,9.79,17.64,11.38,1.48,29.55,1.37,52.17,13,7,791,0.0,0.0,0.8,0.68,14.11,1.25,2.96,39.39,2.16,38.0,0.8,43.75
254,1511706,Serie A,25/26,Genoa,Alexsandro Amorim,Midfielder,6.77,0.0,0.03,0.0,0.32,0.0,0.0,0.0,1.12,77.78,0.0,0.0,0.0,0.0,0.0,0.0,0.16,0.0,0.0,0.0,0.0,0.0,0.0,0.0,2.57,1.28,1.28,0.32,2.25,0.0,0.16,0.16,0.0,0.0,0.16,0.0,0.0,1.76,45.24,38.66,6.58,85.46,21.98,16.68,5.61,0.8,31.25,2.09,43.33,11,6,561,0.16,0.0,1.12,2.89,11.07,0.96,6.74,58.33,6.58,59.42,0.16,33.33
255,847467,Serie A,25/26,Fiorentina,Marin Pongračić,Defender,6.76,0.0,0.02,0.0,0.25,0.03,0.12,0.0,0.49,72.73,0.0,0.0,0.0,0.0,0.0,0.0,0.0,0.0,0.0,0.0,0.0,0.0,0.0,0.0,0.96,1.08,4.01,0.83,0.19,0.0,0.03,0.0,0.0,0.22,0.03,0.0,0.0,0.25,58.65,53.75,4.91,91.64,36.96,16.78,4.2,0.03,25.0,2.41,57.78,35,33,2917,0.37,0.0,2.13,0.65,6.14,0.15,3.61,48.55,2.1,44.44,1.51,55.68
256,158037,Serie A,25/26,Cremonese,Matteo Bianchetti,Defender,6.76,0.0,0.02,0.04,0.29,0.04,0.2,0.0,0.08,50.0,0.0,0.0,0.0,0.0,0.0,0.0,0.0,0.0,0.0,0.0,0.0,0.0,0.0,0.0,1.88,0.78,5.74,0.78,0.66,0.0,0.08,0.12,0.0,0.2,0.04,0.08,0.0,0.16,47.56,39.78,7.78,83.63,27.32,12.45,4.06,0.04,16.67,2.95,41.62,27,25,2197,0.16,0.0,1.15,0.61,10.04,0.08,4.71,59.28,2.54,58.49,2.17,60.23
257,805078,Serie A,25/26,SSC Napoli,Mathías Olivera,Defender,6.76,0.0,0.09,0.13,0.53,0.2,0.33,0.0,0.13,40.0,0.0,0.0,0.0,0.0,0.0,0.0,0.0,0.0,0.0,0.0,0.0,0.0,0.0,0.0,2.76,0.99,1.38,0.33,0.39,0.0,0.07,0.0,0.0,0.13,0.0,0.0,0.0,0.66,72.58,66.07,6.51,91.03,37.21,28.86,12.75,0.13,33.33,1.31,44.44,25,15,1369,0.2,0.0,1.12,0.66,8.48,0.39,5.79,62.41,3.55,63.53,2.24,60.71
258,1002564,Serie A,25/26,Cremonese,Mikayil Faye,Defender,6.76,0.0,0.01,0.0,0.72,0.0,0.0,0.0,1.08,100.0,0.0,0.0,0.0,0.0,0.0,0.0,0.0,0.0,0.0,0.0,0.0,0.0,0.0,0.0,2.52,2.16,2.52,0.72,0.72,0.0,0.0,0.0,0.0,0.0,0.36,0.0,0.0,0.36,44.64,34.92,9.72,78.23,20.88,14.04,3.96,0.0,0.0,2.88,50.0,8,2,250,0.36,0.0,0.72,1.44,13.32,0.36,6.12,58.62,5.04,73.68,1.08,30.0
259,893640,Serie A,25/26,Lecce,Riccardo Sottil,Forward,6.76,0.08,0.06,0.0,1.68,0.25,0.59,5.0,1.09,33.33,0.0,0.08,0.0,0.0,0.08,0.0,0.34,0.0,0.0,0.0,0.0,0.0,0.5,0.0,0.34,0.17,0.42,0.0,0.42,0.0,0.0,0.0,0.0,0.0,0.5,0.17,0.0,2.01,20.99,17.29,3.69,82.4,3.78,13.52,9.91,2.1,25.0,0.76,60.0,21,13,1072,0.08,0.0,0.84,2.27,16.71,1.51,3.95,39.83,3.69,42.72,0.25,20.0
260,874812,Serie A,25/26,Hellas Verona,Martin Frese,Defender,6.76,0.07,0.06,0.04,0.78,0.41,0.26,9.52,0.0,0.0,0.04,0.04,0.0,0.04,0.04,0.04,0.15,0.0,0.0,0.0,0.0,0.0,0.11,0.0,3.13,1.08,3.28,0.37,0.82,0.0,0.04,0.0,0.04,0.07,0.15,0.0,0.04,1.16,26.79,20.11,6.68,75.07,10.93,9.18,4.7,0.75,27.78,1.27,34.0,31,27,2412,0.3,0.0,1.72,0.75,13.32,0.11,5.37,59.02,3.88,57.78,1.49,62.5
261,845291,Serie A,25/26,Inter,Josep Martínez,Goalkeeper,6.76,0.0,0.0,0.0,0.0,0.0,0.0,0.0,0.0,0.0,0.0,0.0,0.0,0.0,0.0,0.0,0.0,0.0,0.0,0.0,0.0,0.0,0.0,0.0,0.0,0.0,0.8,0.0,0.0,0.0,0.0,0.0,0.0,0.6,0.0,0.0,0.0,0.0,36.8,32.0,4.8,86.96,31.2,0.8,0.0,0.0,0.0,3.2,43.24,5,5,450,0.0,0.0,0.0,0.0,5.2,0.0,0.0,0.0,0.0,0.0,0.0,0.0
262,983815,Serie A,25/26,Atalanta,Yunus Musah,Midfielder,6.76,0.14,0.08,0.0,0.96,0.27,0.55,14.29,1.91,66.67,0.14,0.0,0.0,0.0,0.14,0.0,0.41,0.0,0.0,0.0,0.0,0.0,0.0,0.0,1.37,0.68,0.96,0.27,0.82,0.0,0.0,0.0,0.0,0.27,0.14,0.0,0.0,0.55,50.2,44.18,6.02,88.01,15.18,29.0,14.5,0.68,45.45,2.19,72.73,20,5,658,0.14,0.0,1.23,2.46,11.22,1.23,6.43,52.22,5.74,57.53,0.68,29.41
263,970998,Serie A,25/26,Genoa,Patrizio Masini,Midfielder,6.76,0.0,0.12,0.25,1.13,0.31,0.44,0.0,0.13,22.22,0.0,0.0,0.0,0.0,0.0,0.06,0.0,0.0,0.0,0.0,0.0,0.0,0.0,0.0,4.28,1.57,2.77,0.5,0.76,0.0,0.0,0.0,0.0,0.13,0.06,0.06,0.0,0.57,35.56,26.43,9.13,74.34,12.78,13.66,5.92,0.19,21.43,1.26,42.55,28,13,1430,0.31,0.0,2.45,2.83,13.53,1.07,8.87,55.73,7.24,61.83,1.64,38.81
264,1034082,Serie A,25/26,AC Milan,Ardon Jashari,Midfielder,6.76,0.0,0.03,0.0,0.89,0.25,0.51,0.0,0.76,42.86,0.0,0.0,0.0,0.0,0.0,0.0,0.0,0.0,0.0,0.0,0.0,0.0,0.0,0.0,1.78,0.64,0.89,0.13,0.64,0.0,0.13,0.0,0.0,0.0,0.25,0.13,0.0,1.15,55.45,50.48,4.97,91.03,22.18,28.3,13.13,0.51,36.36,2.29,75.0,14,7,706,0.0,0.0,1.4,1.02,10.07,1.15,3.82,43.48,3.57,46.67,0.25,22.22
265,826326,Serie A,25/26,Pisa,Idrissa Touré,Midfielder,6.76,0.04,0.11,0.16,1.14,0.31,0.55,3.45,0.83,47.73,0.04,0.0,0.04,0.0,0.0,0.04,0.2,0.04,0.0,0.0,0.0,0.0,0.0,0.0,1.69,0.91,3.07,0.31,0.91,0.08,0.04,0.0,0.0,0.16,0.24,0.0,0.0,0.79,26.34,17.32,9.02,65.77,7.95,9.37,5.31,0.43,16.67,1.02,40.0,32,26,2286,0.16,0.04,0.91,0.75,16.5,0.98,8.74,54.68,3.19,47.37,5.55,60.0
266,1030829,Serie A,25/26,Torino,Gvidas Gineitis,Midfielder,6.76,0.0,0.05,0.0,1.38,0.26,0.66,0.0,0.87,58.62,0.0,0.0,0.0,0.0,0.0,0.0,0.05,0.0,0.0,0.0,0.0,0.0,0.2,0.0,2.3,1.12,1.43,0.51,0.51,0.1,0.0,0.0,0.0,0.05,0.26,0.05,0.0,1.38,29.25,22.36,6.89,76.44,9.85,12.51,6.59,1.12,33.85,1.17,37.7,29,23,1763,0.26,0.0,2.2,1.63,12.97,0.66,6.18,54.5,4.75,55.69,1.43,50.91
267,356032,Serie A,25/26,Sassuolo,Filippo Romagna,Defender,6.76,0.0,0.01,0.0,0.57,0.0,0.57,0.0,0.0,0.0,0.0,0.0,0.0,0.0,0.0,0.0,0.0,0.0,0.0,0.0,0.0,0.0,0.0,0.0,0.29,1.43,3.43,1.43,0.86,0.0,0.0,0.0,0.0,0.0,0.0,0.0,0.0,0.0,52.29,47.14,5.14,90.16,36.29,10.86,3.43,0.0,0.0,3.14,45.83,5,4,315,0.0,0.0,0.0,0.29,6.29,0.0,1.43,45.45,0.57,40.0,0.86,50.0
268,804621,Serie A,25/26,Lecce,Lassana Coulibaly,Midfielder,6.75,0.1,0.09,0.07,0.94,0.27,0.5,10.71,0.8,57.14,0.1,0.0,0.07,0.0,0.03,0.03,0.03,0.0,0.0,0.0,0.0,0.0,0.0,0.0,1.6,0.27,1.04,0.2,0.9,0.03,0.0,0.0,0.0,0.23,0.07,0.03,0.0,0.7,26.08,21.37,4.71,81.95,8.15,13.22,6.98,0.1,15.79,1.44,64.18,33,31,2695,0.13,0.0,1.2,1.74,8.52,0.87,5.31,52.82,4.14,54.39,1.17,47.95
269,1155625,Serie A,25/26,Sassuolo,Cristian Volpato,Midfielder,6.75,0.17,0.14,0.17,1.73,0.58,0.58,9.52,1.9,43.4,0.0,0.17,0.0,0.17,0.0,0.17,0.0,0.0,0.0,0.0,0.0,0.0,0.0,0.0,1.32,0.5,0.83,0.08,0.58,0.0,0.0,0.0,0.0,0.0,0.5,0.33,0.0,1.9,33.52,26.75,6.77,79.8,11.06,15.69,9.74,1.24,30.0,1.49,56.25,24,11,1090,0.33,0.0,1.57,0.91,17.17,1.9,4.54,38.46,4.13,38.76,0.41,35.71
270,824200,Serie A,25/26,Atalanta,Ademola Lookman,Forward,6.75,0.23,0.3,0.56,3.05,0.9,0.56,7.41,1.81,53.33,0.23,0.0,0.0,0.11,0.11,0.0,0.45,0.0,0.0,0.0,0.0,0.0,0.0,0.0,0.56,0.34,0.0,0.0,0.23,0.0,0.0,0.0,0.0,0.0,0.45,0.0,0.11,2.03,27.1,21.57,5.53,79.58,5.31,16.26,10.28,0.68,30.0,0.45,66.67,12,9,797,0.0,0.0,1.13,0.9,12.53,1.24,3.5,44.29,3.16,43.75,0.34,50.0
271,1142238,Serie A,25/26,Como,Álex Valle,Defender,6.75,0.04,0.05,0.0,0.49,0.09,0.22,9.09,0.22,26.32,0.04,0.0,0.0,0.0,0.04,0.0,0.04,0.0,0.0,0.0,0.0,0.0,0.0,0.0,2.27,1.02,2.31,0.31,1.02,0.0,0.0,0.0,0.0,0.44,0.13,0.18,0.0,0.62,45.02,38.04,6.98,84.5,17.24,20.8,8.8,0.49,23.91,0.98,35.48,28,23,2025,0.13,0.0,1.51,0.84,11.51,0.31,4.13,50.54,3.33,50.0,0.8,52.94
272,1409700,Serie A,25/26,AC Milan,Zachary Athekame,Defender,6.75,0.21,0.04,0.0,1.37,0.42,0.53,15.38,0.53,41.67,0.0,0.21,0.0,0.11,0.11,0.0,0.21,0.0,0.0,0.0,0.0,0.0,0.0,0.0,1.59,0.32,2.43,0.0,0.53,0.0,0.21,0.0,0.0,0.0,0.42,0.21,0.0,1.27,37.86,30.46,7.4,80.45,11.84,18.61,9.73,1.27,26.09,1.16,34.38,27,7,851,0.32,0.0,1.69,1.27,14.59,0.53,4.44,53.16,3.38,52.46,1.06,55.56
273,2246841,Serie A,25/26,Genoa,Wedtoin Latif Ouedraogo,Defender,6.75,0.0,0.0,0.0,0.0,0.0,0.0,0.0,0.0,0.0,0.0,0.0,0.0,0.0,0.0,0.0,0.0,0.0,0.0,0.0,0.0,0.0,0.0,0.0,9.18,1.84,1.84,0.0,0.0,0.0,0.0,0.0,0.0,0.0,0.0,0.0,0.0,0.0,29.39,18.37,11.02,62.5,11.02,7.35,3.67,1.84,33.33,0.0,0.0,2,0,49,0.0,0.0,3.67,3.67,20.2,1.84,12.86,58.33,12.86,58.33,0.0,0.0
274,914691,Serie A,25/26,Fiorentina,Tariq Lamptey,Defender,6.75,0.0,0.0,0.0,0.0,0.0,0.0,0.0,0.0,0.0,0.0,0.0,0.0,0.0,0.0,0.0,0.0,0.0,0.0,0.0,0.0,0.0,0.0,0.0,5.62,0.0,0.0,0.0,0.0,0.0,0.0,0.0,0.0,0.0,0.0,0.0,0.0,5.62,28.12,19.69,8.44,70.0,14.06,5.62,2.81,2.81,100.0,0.0,0.0,2,1,32,0.0,0.0,0.0,0.0,16.88,0.0,5.62,66.67,5.62,100.0,0.0,0.0
275,215246,Serie A,25/26,Cremonese,Franco Vázquez,Forward,6.75,0.17,0.24,0.0,2.04,0.68,1.02,8.33,0.85,41.67,0.17,0.0,0.0,0.0,0.17,0.34,0.0,0.0,0.0,0.0,0.0,0.0,0.17,0.0,3.23,0.68,1.02,0.17,1.19,0.0,0.0,0.0,0.0,0.17,0.68,0.34,0.0,1.7,33.69,26.37,7.32,78.28,9.19,17.18,9.36,0.85,26.32,1.7,71.43,15,4,529,0.17,0.0,1.53,2.72,16.5,2.89,8.17,46.15,6.81,50.63,1.36,32.0
276,876259,Serie A,25/26,Parma,Hans Nicolussi Caviglia,Midfielder,6.74,0.0,0.06,0.0,1.22,0.18,0.43,0.0,0.67,50.0,0.0,0.0,0.0,0.0,0.0,0.0,0.0,0.0,0.0,0.0,0.0,0.0,0.24,0.0,1.65,0.37,1.53,0.24,0.79,0.0,0.06,0.0,0.0,0.06,0.24,0.24,0.0,1.16,46.89,39.63,7.27,84.51,19.84,19.78,7.63,0.92,27.78,2.38,53.42,26,17,1474,0.24,0.0,1.4,1.47,13.62,1.71,4.46,45.91,3.79,45.93,0.67,45.83
277,45925,Serie A,25/26,AS Roma,Stephan El Shaarawy,Forward,6.74,0.14,0.2,0.27,2.47,0.96,0.96,5.56,1.64,44.44,0.14,0.0,0.0,0.0,0.14,0.0,0.14,0.14,0.0,0.0,0.0,0.0,0.14,0.0,1.37,0.96,0.82,0.27,0.68,0.0,0.0,0.0,0.0,0.0,0.41,0.27,0.0,1.64,45.34,38.49,6.85,84.89,12.74,25.75,15.48,0.14,6.25,1.37,66.67,20,5,657,0.55,0.0,1.37,0.96,14.38,1.1,4.79,40.23,3.97,43.94,0.82,28.57
278,76132,Serie A,25/26,Cremonese,Milan Đurić,Forward,6.74,0.0,0.16,0.0,2.73,0.91,1.27,0.0,0.18,33.33,0.0,0.0,0.0,0.0,0.0,0.0,0.36,0.0,0.0,0.0,0.0,0.0,0.0,0.0,0.18,0.0,1.82,0.0,0.18,0.0,0.0,0.0,0.0,0.0,0.36,0.18,0.0,0.91,28.91,13.45,15.45,46.54,2.73,10.73,6.73,0.0,0.0,0.55,60.0,23,3,495,0.36,0.18,1.09,1.64,18.73,0.36,15.27,71.79,1.82,47.62,13.45,77.08
279,976025,Serie A,25/26,Hellas Verona,Armel Bella-Kotchap,Defender,6.74,0.0,0.01,0.0,0.2,0.0,0.13,0.0,0.07,25.0,0.0,0.0,0.0,0.0,0.0,0.0,0.0,0.0,0.0,0.0,0.0,0.0,0.0,0.0,1.33,2.13,5.71,1.06,0.27,0.07,0.0,0.07,0.0,0.07,0.0,0.0,0.0,0.07,37.59,31.68,5.91,84.28,22.38,9.3,2.72,0.0,0.0,1.53,37.1,19,14,1355,0.2,0.0,1.46,1.13,6.84,0.07,5.11,68.14,2.46,56.92,2.66,83.33
280,988037,Serie A,25/26,Juventus,Juan Cabal,Defender,6.74,0.61,0.24,0.0,1.52,0.61,0.61,40.0,0.3,100.0,0.61,0.0,0.3,0.3,0.0,0.0,0.61,0.0,0.0,0.0,0.0,0.0,0.0,0.0,2.74,1.22,1.82,0.0,1.52,0.0,0.0,0.0,0.0,0.0,0.61,0.0,0.0,0.61,40.74,32.84,7.91,80.6,15.2,17.64,8.51,0.0,0.0,0.91,27.27,12,2,296,0.3,0.0,1.22,0.3,13.68,1.22,4.56,42.86,3.34,45.83,1.22,36.36
281,98212,Serie A,25/26,Bologna,Charalampos Lykogiannis,Defender,6.74,0.0,0.03,0.0,1.0,0.29,0.29,0.0,0.43,60.0,0.0,0.0,0.0,0.0,0.0,0.0,0.0,0.0,0.0,0.0,0.0,0.0,0.14,0.0,2.01,0.72,2.44,0.43,0.43,0.0,0.0,0.0,0.0,0.14,0.14,0.14,0.0,1.87,42.49,32.73,9.76,77.03,15.22,17.51,8.61,2.01,31.11,1.87,28.89,10,7,627,0.43,0.0,1.15,0.14,19.81,0.57,3.59,50.0,2.58,52.94,1.0,43.75
282,1086223,Serie A,25/26,Inter,Ange-Yoan Bonny,Forward,6.74,0.39,0.3,0.23,1.71,0.7,0.62,22.73,1.56,50.0,0.39,0.0,0.08,0.08,0.23,0.0,0.7,0.08,0.0,0.0,0.0,0.0,0.0,0.0,1.32,0.08,0.39,0.0,0.23,0.0,0.0,0.08,0.0,0.0,0.55,0.31,0.0,1.32,20.96,16.68,4.29,79.55,4.44,12.23,8.1,0.16,33.33,0.39,83.33,33,10,1155,0.08,0.0,1.32,1.87,12.31,3.19,5.61,42.11,4.75,43.26,0.86,36.67
283,928103,Serie A,25/26,Parma,Enrico Delprato,Defender,6.74,0.06,0.06,0.12,0.55,0.27,0.18,11.11,0.15,55.56,0.06,0.0,0.03,0.0,0.03,0.0,0.18,0.0,0.0,0.0,0.0,0.0,0.0,0.0,1.1,0.73,3.32,0.67,0.52,0.0,0.0,0.0,0.0,0.27,0.03,0.0,0.0,0.21,34.07,29.35,4.72,86.14,18.29,11.06,4.3,0.15,26.32,1.43,36.72,35,34,2953,0.15,0.0,0.49,0.3,7.31,0.12,2.59,52.8,1.55,56.04,1.04,48.57
284,1002045,Serie A,25/26,Lecce,Danilo Veiga,Defender,6.74,0.0,0.01,0.0,0.18,0.06,0.09,0.0,0.57,30.65,0.0,0.0,0.0,0.0,0.0,0.0,0.03,0.0,0.0,0.0,0.0,0.0,0.03,0.0,2.89,0.98,4.05,0.42,0.57,0.03,0.09,0.0,0.0,0.27,0.06,0.03,0.0,0.63,29.84,21.09,8.76,70.66,9.05,12.03,6.58,0.48,17.98,1.61,38.03,36,33,3022,0.27,0.0,1.31,1.4,17.33,0.95,6.34,53.25,4.85,54.52,1.49,49.5
285,803033,Serie A,25/26,Juventus,Teun Koopmeiners,Midfielder,6.74,0.0,0.07,0.1,1.38,0.34,0.44,0.0,0.25,55.56,0.0,0.0,0.0,0.0,0.0,0.05,0.15,0.0,0.0,0.0,0.0,0.0,0.25,0.0,1.62,0.89,1.92,0.34,0.84,0.0,0.1,0.0,0.0,0.15,0.0,0.0,0.0,0.84,57.13,51.82,5.31,90.7,23.57,28.24,12.65,0.59,25.53,2.02,56.94,33,18,1829,0.25,0.0,1.62,0.54,8.76,0.15,3.94,50.63,2.36,46.6,1.57,58.18
286,1019442,Serie A,25/26,Atalanta,Kamaldeen Sulemana,Forward,6.73,0.18,0.21,0.27,2.23,0.89,0.8,8.0,1.97,45.83,0.18,0.0,0.0,0.18,0.0,0.0,0.45,0.0,0.0,0.0,0.0,0.0,0.0,0.0,0.8,0.18,0.71,0.09,0.54,0.0,0.0,0.0,0.0,0.0,0.27,0.09,0.0,1.16,30.57,25.92,4.65,84.8,7.06,18.86,13.05,0.45,22.73,1.25,70.0,25,9,1007,0.36,0.0,1.16,1.25,13.14,1.61,5.09,43.18,4.02,41.67,1.07,50.0
287,1128530,Serie A,25/26,AS Roma,Neil El Aynaoui,Midfielder,6.73,0.09,0.1,0.0,0.54,0.36,0.18,16.67,0.81,52.94,0.09,0.0,0.0,0.0,0.09,0.0,0.18,0.0,0.0,0.0,0.0,0.0,0.0,0.0,1.81,1.54,1.36,0.18,0.63,0.0,0.18,0.0,0.0,0.27,0.18,0.18,0.0,1.09,52.73,47.04,5.7,89.19,23.52,23.52,9.5,0.54,35.29,1.45,66.67,25,8,995,0.45,0.0,2.08,0.9,9.41,0.45,4.61,46.79,3.44,46.91,1.18,46.43
288,800408,Serie A,25/26,Hellas Verona,Suat Serdar,Midfielder,6.73,0.16,0.17,0.24,1.53,0.56,0.48,10.53,0.73,52.94,0.16,0.0,0.0,0.0,0.16,0.08,0.08,0.0,0.0,0.0,0.0,0.0,0.0,0.0,2.5,0.73,1.29,0.4,0.73,0.0,0.0,0.08,0.0,0.08,0.16,0.0,0.0,1.05,31.85,22.9,8.95,71.9,8.71,14.19,9.44,0.08,14.29,2.02,44.64,20,12,1116,0.24,0.0,1.53,0.97,12.66,1.05,4.84,49.18,4.19,52.0,0.65,36.36
289,1154894,Serie A,25/26,Udinese,Lennon Miller,Midfielder,6.73,0.0,0.03,0.0,0.8,0.09,0.53,0.0,0.88,66.67,0.0,0.0,0.0,0.0,0.0,0.0,0.09,0.0,0.0,0.0,0.0,0.0,0.0,0.0,1.86,0.62,1.59,0.35,0.62,0.0,0.0,0.0,0.0,0.0,0.27,0.18,0.0,1.24,33.95,26.35,7.6,77.6,12.64,13.7,6.9,0.62,21.88,1.33,38.46,24,9,1018,0.35,0.0,1.24,1.5,13.35,0.8,5.66,60.38,4.24,58.54,1.41,66.67
290,1530540,Serie A,25/26,Bologna,Massimo Pessina,Goalkeeper,6.73,0.0,0.0,0.0,0.0,0.0,0.0,0.0,0.0,0.0,0.0,0.0,0.0,0.0,0.0,0.0,0.0,0.0,0.0,0.0,0.0,0.0,0.0,0.0,0.0,0.0,2.56,0.0,0.0,0.0,0.26,0.0,0.0,0.51,0.0,0.0,0.0,0.0,34.77,23.01,11.76,66.18,20.45,2.56,0.51,0.0,0.0,4.86,30.16,4,3,352,0.0,0.0,0.0,0.26,11.76,0.0,0.51,100.0,0.26,100.0,0.26,100.0
291,829570,Serie A,25/26,Fiorentina,Jack Harrison,Forward,6.73,0.09,0.08,0.09,1.2,0.37,0.46,7.69,1.01,34.38,0.09,0.0,0.0,0.09,0.0,0.0,0.0,0.0,0.0,0.0,0.0,0.0,0.0,0.0,0.92,0.09,0.55,0.09,1.1,0.0,0.0,0.0,0.0,0.28,0.09,0.28,0.0,1.38,35.03,28.96,6.07,82.68,11.22,17.74,9.74,1.01,19.3,0.46,27.78,15,10,979,0.09,0.0,0.83,0.64,15.17,1.29,2.94,31.68,2.57,33.33,0.37,23.53
292,886243,Serie A,25/26,Sassuolo,Sebastian Walukiewicz,Defender,6.73,0.0,0.01,0.0,0.22,0.0,0.13,0.0,0.66,58.33,0.0,0.0,0.0,0.0,0.0,0.0,0.03,0.0,0.0,0.0,0.0,0.0,0.0,0.0,1.58,0.79,3.4,0.32,0.38,0.0,0.03,0.0,0.0,0.19,0.06,0.03,0.0,0.66,39.03,33.38,5.64,85.54,20.08,13.3,5.89,0.6,41.3,1.36,47.78,34,33,2855,0.22,0.0,1.1,0.41,9.3,0.38,3.47,51.64,2.65,53.16,0.82,47.27
293,1116577,Serie A,25/26,Bologna,Santiago Castro,Forward,6.73,0.27,0.28,0.34,2.4,0.76,1.1,11.11,0.61,45.71,0.27,0.0,0.0,0.08,0.19,0.08,0.46,0.08,0.0,0.0,0.0,0.0,0.0,0.0,0.38,0.04,1.1,0.08,0.15,0.0,0.0,0.0,0.0,0.08,0.15,0.08,0.0,1.07,14.76,11.34,3.42,76.8,4.15,7.19,4.26,0.0,0.0,0.95,73.53,35,26,2366,0.11,0.0,1.33,1.9,9.51,1.71,4.91,44.18,2.89,43.93,2.02,44.54
294,832208,Serie A,25/26,Juventus,Dušan Vlahović,Forward,6.73,0.65,0.65,0.74,4.52,1.66,1.84,14.29,0.28,42.86,0.55,0.09,0.09,0.46,0.09,0.0,0.83,0.09,0.09,0.09,100.0,0.09,0.28,33.33,0.28,0.18,0.37,0.18,0.0,0.0,0.0,0.0,0.0,0.0,0.09,0.09,0.0,1.11,16.14,11.25,4.89,69.71,2.49,8.76,5.26,0.18,50.0,0.46,62.5,19,11,976,0.0,0.0,0.83,1.66,10.88,1.75,4.52,44.95,2.21,43.64,2.31,46.3
295,769333,Serie A,25/26,AC Milan,Christopher Nkunku,Forward,6.73,0.46,0.62,0.52,1.9,1.05,0.52,24.14,0.59,34.62,0.46,0.0,0.0,0.0,0.46,0.13,0.52,0.26,0.33,0.33,100.0,0.0,0.0,0.0,0.33,0.2,0.52,0.07,0.2,0.0,0.0,0.0,0.0,0.07,0.2,0.2,0.0,1.05,22.35,19.74,2.61,88.3,5.88,13.86,8.3,0.52,44.44,0.52,66.67,32,15,1377,0.0,0.0,0.59,1.44,7.45,0.65,3.27,43.86,2.35,49.32,0.92,34.15
296,1099296,Serie A,25/26,Parma,Mateo Pellegrino,Forward,6.72,0.27,0.26,0.27,2.2,0.66,0.93,12.33,0.75,52.08,0.24,0.03,0.18,0.09,0.0,0.06,0.36,0.0,0.03,0.03,100.0,0.0,0.0,0.0,0.51,0.12,1.26,0.15,0.36,0.0,0.0,0.0,0.0,0.18,0.12,0.03,0.0,0.66,14.44,9.06,5.39,62.71,2.89,6.17,3.76,0.03,8.33,0.39,48.15,37,34,2991,0.15,0.0,2.62,2.14,12.28,1.99,7.01,42.67,3.37,39.02,3.64,46.72
297,975811,Serie A,25/26,Cagliari,Mattia Felici,Forward,6.72,0.44,0.14,0.22,1.98,1.32,0.22,22.22,1.54,36.84,0.44,0.0,0.0,0.0,0.44,0.0,0.0,0.0,0.0,0.0,0.0,0.0,0.0,0.0,2.42,1.1,0.44,0.0,0.66,0.0,0.0,0.0,0.0,0.0,0.22,0.22,0.0,1.76,23.11,15.62,7.48,67.62,6.38,9.24,5.06,1.32,26.09,0.22,33.33,12,4,409,0.66,0.0,2.2,1.32,18.92,1.76,5.5,40.98,5.28,42.86,0.22,20.0
298,773409,Serie A,25/26,Torino,Che Adams,Forward,6.72,0.28,0.27,0.28,2.52,0.85,0.81,11.32,0.62,46.43,0.28,0.0,0.0,0.14,0.14,0.09,0.43,0.0,0.0,0.0,0.0,0.0,0.0,0.0,0.66,0.05,0.52,0.05,0.28,0.0,0.0,0.0,0.0,0.05,0.28,0.09,0.0,1.23,25.4,19.08,6.31,75.14,6.03,13.05,7.59,0.09,14.29,1.66,71.43,33,19,1896,0.0,0.0,0.85,0.71,10.92,0.81,3.42,40.68,1.99,44.21,1.42,36.59
299,592794,Serie A,25/26,SSC Napoli,Alex Meret,Goalkeeper,6.72,0.0,0.0,0.0,0.0,0.0,0.0,0.0,0.0,0.0,0.0,0.0,0.0,0.0,0.0,0.0,0.0,0.0,0.0,0.0,0.0,0.0,0.0,0.0,0.0,0.0,0.55,0.0,0.0,0.0,0.0,0.09,0.0,0.28,0.09,0.09,0.0,0.09,32.14,27.0,5.14,84.0,25.44,1.56,0.28,0.0,0.0,4.13,46.39,11,11,980,0.09,0.0,0.09,0.09,5.23,0.0,0.18,50.0,0.0,0.0,0.18,66.67
300,804909,Serie A,25/26,Fiorentina,Albert Guðmundsson,Forward,6.72,0.2,0.22,0.2,1.63,0.6,0.52,12.2,0.8,51.28,0.16,0.04,0.0,0.04,0.16,0.08,0.24,0.04,0.12,0.12,100.0,0.0,0.08,0.0,0.32,0.12,0.56,0.12,0.92,0.0,0.08,0.0,0.0,0.08,0.32,0.16,0.0,1.27,33.38,28.97,4.42,86.77,10.82,18.14,10.5,0.52,22.81,1.23,67.39,33,27,2262,0.16,0.04,1.35,1.19,10.46,1.15,2.43,35.26,2.31,36.71,0.12,20.0
301,846148,Serie A,25/26,Hellas Verona,Victor Nelsson,Defender,6.72,0.0,0.01,0.03,0.22,0.03,0.16,0.0,0.08,75.0,0.0,0.0,0.0,0.0,0.0,0.0,0.0,0.0,0.0,0.0,0.0,0.0,0.0,0.0,1.95,1.85,7.09,0.62,0.57,0.03,0.05,0.03,0.03,0.16,0.0,0.0,0.0,0.08,33.39,28.07,5.32,84.07,19.09,8.99,2.12,0.0,0.0,1.09,31.01,38,37,3315,0.11,0.0,1.19,0.54,6.3,0.0,6.0,64.43,2.52,59.62,3.48,68.45
302,838232,Serie A,25/26,SSC Napoli,Eljif Elmas,Midfielder,6.72,0.05,0.15,0.2,1.36,0.45,0.4,3.7,0.65,59.09,0.05,0.0,0.0,0.0,0.05,0.05,0.1,0.0,0.0,0.0,0.0,0.0,0.0,0.0,1.21,0.35,0.96,0.3,0.35,0.0,0.0,0.0,0.0,0.05,0.05,0.15,0.0,1.21,39.16,34.98,4.18,89.33,13.99,20.99,9.77,0.55,26.83,0.55,57.89,33,20,1788,0.15,0.0,0.91,0.65,7.95,0.81,2.62,47.27,2.52,50.51,0.1,18.18
303,993389,Serie A,25/26,Cremonese,Tommaso Barbieri,Midfielder,6.72,0.0,0.04,0.05,0.84,0.11,0.37,0.0,0.84,48.48,0.0,0.0,0.0,0.0,0.0,0.0,0.05,0.0,0.0,0.0,0.0,0.0,0.0,0.0,2.36,0.68,1.63,0.42,1.21,0.0,0.0,0.0,0.0,0.16,0.11,0.05,0.0,0.53,28.16,20.65,7.51,73.32,9.4,11.24,6.04,0.47,11.54,1.94,44.05,29,18,1713,0.42,0.0,2.1,1.37,15.81,0.53,5.88,48.48,4.52,49.43,1.37,45.61
304,907152,Serie A,25/26,Bologna,Lewis Ferguson,Midfielder,6.72,0.06,0.04,0.0,0.73,0.11,0.28,7.69,0.17,42.86,0.0,0.06,0.0,0.0,0.06,0.0,0.11,0.0,0.0,0.0,0.0,0.0,0.0,0.0,1.46,0.62,1.51,0.45,0.34,0.0,0.06,0.06,0.0,0.17,0.06,0.0,0.0,0.9,58.26,51.1,7.16,87.7,24.74,26.36,11.03,0.45,32.0,2.8,66.67,27,17,1608,0.28,0.06,1.85,1.46,9.29,0.34,4.7,52.83,2.97,53.54,1.74,51.67
305,805465,Serie A,25/26,AC Milan,Pervis Estupiñán,Midfielder,6.72,0.09,0.03,0.0,0.77,0.09,0.69,11.11,0.17,28.57,0.09,0.0,0.0,0.09,0.0,0.09,0.43,0.0,0.0,0.0,0.0,0.0,0.0,0.0,1.29,0.95,1.98,0.0,1.03,0.0,0.34,0.09,0.0,0.43,0.17,0.09,0.0,1.12,45.34,39.32,6.02,86.72,18.76,20.56,10.84,0.69,40.0,0.6,46.67,19,13,1046,0.43,0.09,1.38,0.69,11.1,0.34,2.84,42.86,2.15,40.32,0.69,53.33
306,983816,Serie A,25/26,Cremonese,Jeremy Sarmiento,Midfielder,6.72,0.0,0.05,0.0,1.26,1.26,0.0,0.0,3.15,62.5,0.0,0.0,0.0,0.0,0.0,0.0,0.0,0.0,0.0,0.0,0.0,0.0,0.0,0.0,3.78,1.26,0.63,0.0,0.63,0.0,0.0,0.0,0.0,0.0,0.0,0.0,0.0,1.89,36.5,33.36,3.15,91.38,11.33,22.03,13.22,0.63,50.0,1.26,66.67,7,0,143,0.0,0.0,0.0,0.63,15.1,3.15,7.55,57.14,7.55,57.14,0.0,0.0
307,173827,Serie A,25/26,Cremonese,Jamie Vardy,Forward,6.71,0.3,0.21,0.26,1.28,0.6,0.34,23.33,0.26,40.0,0.26,0.04,0.0,0.04,0.26,0.0,0.98,0.04,0.0,0.0,0.0,0.0,0.0,0.0,0.51,0.13,1.07,0.13,0.17,0.0,0.0,0.0,0.0,0.17,0.17,0.09,0.0,0.64,12.94,8.07,4.87,62.38,2.14,5.94,3.8,0.09,16.67,0.17,50.0,29,24,2107,0.21,0.0,0.81,0.9,8.46,0.98,3.72,40.65,1.67,41.94,2.05,39.67
308,355486,Serie A,25/26,Como,Stefan Posch,Defender,6.71,0.22,0.18,0.0,1.77,0.67,0.89,12.5,0.22,100.0,0.22,0.0,0.22,0.0,0.0,0.0,0.0,0.0,0.0,0.0,0.0,0.0,0.0,0.0,2.66,0.89,3.33,0.22,0.44,0.0,0.0,0.0,0.0,0.0,0.0,0.0,0.0,0.44,53.65,43.45,10.2,80.99,23.5,19.95,9.53,0.67,27.27,2.0,32.14,14,3,406,0.22,0.0,2.0,1.33,15.52,0.89,5.99,50.94,4.21,55.88,1.77,42.11
309,1034303,Serie A,25/26,Cremonese,Filippo Terracciano,Defender,6.71,0.06,0.06,0.06,0.42,0.12,0.15,14.29,0.15,38.46,0.06,0.0,0.06,0.0,0.0,0.0,0.0,0.0,0.0,0.0,0.0,0.0,0.0,0.0,0.99,1.67,3.5,0.69,0.27,0.03,0.12,0.0,0.06,0.33,0.03,0.0,0.0,0.33,46.31,39.92,6.39,86.19,24.83,15.09,5.53,0.09,10.71,2.18,48.03,36,33,3012,0.18,0.0,0.54,0.78,9.59,0.09,3.17,60.92,1.88,63.0,1.28,58.11
310,253391,Serie A,25/26,Hellas Verona,Lorenzo Montipò,Goalkeeper,6.71,0.0,0.0,0.0,0.0,0.0,0.0,0.0,0.03,100.0,0.0,0.0,0.0,0.0,0.0,0.0,0.0,0.0,0.0,0.0,0.0,0.0,0.0,0.0,0.03,0.0,0.89,0.0,0.0,0.06,0.0,0.0,0.0,0.14,0.06,0.03,0.0,0.09,26.51,12.29,14.23,46.34,6.86,5.43,1.54,0.0,0.0,6.77,32.51,35,35,3150,0.0,0.0,0.0,0.23,14.31,0.0,0.4,100.0,0.23,100.0,0.17,100.0
311,352736,Serie A,25/26,Cremonese,Sebastiano Luperto,Defender,6.71,0.03,0.02,0.03,0.36,0.15,0.12,8.33,0.15,100.0,0.03,0.0,0.03,0.0,0.0,0.0,0.03,0.0,0.0,0.0,0.0,0.0,0.0,0.0,1.04,0.89,4.74,0.57,0.27,0.03,0.0,0.0,0.0,0.24,0.12,0.03,0.0,0.18,48.62,42.9,5.73,88.22,33.17,9.72,2.86,0.06,18.18,2.06,41.07,34,34,3017,0.12,0.0,0.95,0.87,6.74,0.15,3.01,53.44,2.03,59.65,0.98,44.0
312,798147,Serie A,25/26,Como,Mërgim Vojvoda,Defender,6.71,0.11,0.08,0.11,1.01,0.39,0.51,11.11,0.73,61.9,0.11,0.0,0.0,0.06,0.06,0.06,0.28,0.0,0.0,0.0,0.0,0.0,0.0,0.0,0.73,0.79,1.29,0.11,0.62,0.06,0.06,0.0,0.0,0.17,0.23,0.11,0.0,1.63,42.38,35.52,6.87,83.8,15.7,19.81,10.24,1.07,28.79,1.13,50.0,30,19,1599,0.11,0.0,0.84,0.68,12.83,1.13,2.7,41.74,2.14,41.3,0.56,43.48
313,1012172,Serie A,25/26,Genoa,Tommaso Baldanzi,Midfielder,6.71,0.11,0.23,0.0,2.28,0.8,0.91,5.0,0.57,31.25,0.11,0.0,0.0,0.0,0.11,0.0,0.23,0.0,0.0,0.0,0.0,0.0,0.0,0.0,1.82,0.57,0.11,0.0,0.57,0.0,0.0,0.0,0.0,0.0,0.11,0.23,0.0,1.71,39.48,34.7,4.78,87.9,12.4,22.3,12.86,0.57,31.25,0.91,53.33,18,8,791,0.23,0.0,1.14,2.73,12.29,2.16,5.23,47.92,5.12,51.14,0.11,12.5
314,575852,Serie A,25/26,Hellas Verona,Sandi Lovrić,Midfielder,6.71,0.0,0.08,0.17,1.01,0.34,0.67,0.0,0.84,62.5,0.0,0.0,0.0,0.0,0.0,0.0,0.0,0.0,0.0,0.0,0.0,0.0,0.0,0.0,3.7,1.85,2.36,0.0,1.85,0.17,0.0,0.0,0.0,0.0,0.67,0.17,0.0,2.02,39.7,34.82,4.88,87.71,15.31,19.51,8.41,2.69,34.04,2.69,61.54,14,4,535,0.34,0.0,1.51,0.67,14.13,1.51,5.55,47.83,5.21,49.21,0.34,33.33
315,1048889,Serie A,25/26,Inter,Andy Diouf,Midfielder,6.71,0.18,0.11,0.0,1.8,0.54,0.54,10.0,2.16,50.0,0.18,0.0,0.0,0.0,0.18,0.18,0.18,0.0,0.0,0.0,0.0,0.0,0.0,0.0,2.16,0.18,0.9,0.0,1.26,0.0,0.18,0.0,0.0,0.18,0.36,0.0,0.18,2.16,42.2,36.07,6.13,85.47,11.72,24.35,14.79,0.18,16.67,0.36,50.0,19,4,499,0.18,0.0,0.9,0.54,13.53,2.16,5.95,45.21,4.87,42.86,1.08,60.0
316,1153083,Serie A,25/26,Genoa,Valentín Carboni,Midfielder,6.71,0.0,0.11,0.0,1.5,0.5,0.5,0.0,2.5,52.63,0.0,0.0,0.0,0.0,0.0,0.0,0.0,0.0,0.0,0.0,0.0,0.0,0.0,0.0,3.5,0.5,1.5,0.0,1.0,0.0,0.0,0.25,0.0,0.0,0.0,0.0,0.0,1.0,32.75,27.0,5.75,82.44,8.5,18.5,9.5,0.0,0.0,1.0,66.67,12,3,360,0.5,0.0,2.75,1.25,19.0,2.25,8.0,46.38,7.25,47.54,0.75,37.5
317,186845,Serie A,25/26,Cremonese,Alberto Grassi,Midfielder,6.71,0.0,0.06,0.05,0.67,0.21,0.31,0.0,0.41,88.89,0.0,0.0,0.0,0.0,0.0,0.0,0.0,0.0,0.0,0.0,0.0,0.0,0.0,0.0,1.18,1.64,2.82,0.46,0.56,0.0,0.1,0.1,0.0,0.21,0.0,0.0,0.05,0.41,43.82,37.3,6.52,85.13,21.7,15.6,5.18,0.0,0.0,1.69,36.67,30,18,1754,0.21,0.05,0.87,1.54,7.95,0.41,3.9,60.8,3.08,62.5,0.82,55.17
318,1397739,Serie A,25/26,Atalanta,Dominic Vavassori,Forward,6.7,0.0,0.0,0.0,0.0,0.0,0.0,0.0,0.0,0.0,0.0,0.0,0.0,0.0,0.0,0.0,0.0,0.0,0.0,0.0,0.0,0.0,0.0,0.0,0.0,0.0,10.0,0.0,0.0,0.0,0.0,0.0,0.0,0.0,0.0,0.0,0.0,0.0,20.0,20.0,0.0,100.0,20.0,0.0,0.0,0.0,0.0,0.0,0.0,1,0,9,0.0,0.0,10.0,10.0,0.0,0.0,20.0,66.67,10.0,50.0,10.0,100.0
319,970928,Serie A,25/26,Lazio,Daniel Maldini,Forward,6.7,0.19,0.31,0.19,2.17,0.66,0.75,8.7,1.51,47.06,0.19,0.0,0.0,0.0,0.19,0.0,0.28,0.0,0.0,0.0,0.0,0.0,0.19,0.0,1.41,0.38,0.38,0.09,0.19,0.0,0.0,0.0,0.0,0.0,0.19,0.09,0.0,1.04,29.09,23.63,5.46,81.23,7.15,16.47,9.6,0.28,27.27,0.47,55.56,21,12,956,0.09,0.0,1.69,2.54,13.84,2.35,6.21,46.48,5.46,49.57,0.75,32.0
320,1138856,Serie A,25/26,Udinese,Adam Buksa,Forward,6.7,0.29,0.21,0.19,1.17,0.58,0.19,25.0,0.19,20.0,0.29,0.0,0.0,0.29,0.0,0.0,0.29,0.0,0.0,0.0,0.0,0.0,0.0,0.0,0.97,0.19,1.17,0.0,0.58,0.0,0.0,0.0,0.0,0.0,0.19,0.0,0.0,1.07,17.59,10.69,6.9,60.77,2.62,8.07,4.18,0.1,50.0,0.29,75.0,25,6,926,0.29,0.0,2.33,1.56,12.15,1.17,7.78,47.06,2.53,36.62,5.25,54.55
321,1175821,Serie A,25/26,AS Roma,Niccolò Pisilli,Midfielder,6.7,0.14,0.12,0.07,1.32,0.35,0.56,10.53,0.56,29.63,0.14,0.0,0.07,0.0,0.07,0.0,0.14,0.0,0.0,0.0,0.0,0.0,0.0,0.0,1.88,1.67,1.04,0.07,1.11,0.0,0.0,0.0,0.0,0.42,0.21,0.28,0.0,0.9,56.43,48.58,7.85,86.08,18.49,30.09,12.86,0.35,33.33,1.46,35.59,25,13,1295,0.21,0.0,1.39,0.28,13.55,1.46,3.61,34.44,2.71,34.21,0.9,35.14
322,1215062,Serie A,25/26,Inter,Luka Topalović,Midfielder,6.7,0.0,0.0,0.0,0.0,0.0,0.0,0.0,0.0,0.0,0.0,0.0,0.0,0.0,0.0,0.0,0.0,0.0,0.0,0.0,0.0,0.0,0.0,0.0,0.0,0.0,0.0,0.0,0.0,0.0,0.0,0.0,0.0,0.0,10.0,10.0,0.0,10.0,50.0,30.0,20.0,60.0,0.0,30.0,20.0,0.0,0.0,10.0,100.0,1,0,9,0.0,0.0,0.0,0.0,50.0,10.0,0.0,0.0,0.0,0.0,0.0,0.0
323,164511,Serie A,25/26,Hellas Verona,Jean Daniel Akpa-Akpro,Midfielder,6.7,0.06,0.06,0.06,0.78,0.24,0.18,7.69,1.37,62.16,0.06,0.0,0.0,0.0,0.06,0.06,0.0,0.0,0.0,0.0,0.0,0.0,0.0,0.0,2.63,1.37,1.43,0.42,0.78,0.0,0.06,0.0,0.0,0.06,0.0,0.0,0.0,0.66,22.99,17.2,5.79,74.81,7.29,9.91,4.12,0.18,16.67,0.42,46.67,22,17,1507,0.54,0.0,2.33,0.9,10.87,0.9,6.51,49.32,4.9,51.25,1.61,44.26
324,1103488,Serie A,25/26,Hellas Verona,Rafik Belghali,Midfielder,6.7,0.09,0.1,0.09,0.98,0.28,0.33,9.52,1.82,54.93,0.09,0.0,0.0,0.05,0.05,0.0,0.28,0.0,0.0,0.0,0.0,0.0,0.0,0.0,0.98,0.84,1.07,0.28,0.56,0.0,0.0,0.0,0.0,0.09,0.09,0.0,0.0,1.31,22.99,17.66,5.33,76.83,5.75,11.92,7.43,0.75,26.67,0.75,39.02,26,22,1926,0.28,0.0,0.93,0.47,13.27,0.84,3.69,42.93,3.27,46.67,0.42,26.47
325,2284001,Serie A,25/26,Pisa,Brando Bettazzi,Midfielder,6.7,0.0,0.0,0.0,0.0,0.0,0.0,0.0,6.92,50.0,0.0,0.0,0.0,0.0,0.0,0.0,0.0,0.0,0.0,0.0,0.0,0.0,0.0,0.0,6.92,0.0,0.0,0.0,0.0,0.0,0.0,0.0,0.0,0.0,0.0,0.0,0.0,0.0,27.69,27.69,0.0,100.0,13.85,13.85,6.92,0.0,0.0,0.0,0.0,1,0,13,0.0,0.0,6.92,6.92,6.92,0.0,20.77,60.0,20.77,60.0,0.0,0.0
326,1424191,Serie A,25/26,AC Milan,David Odogu,Defender,6.7,0.0,0.0,0.0,0.0,0.0,0.0,0.0,0.0,0.0,0.0,0.0,0.0,0.0,0.0,0.0,0.0,0.0,0.0,0.0,0.0,0.0,0.0,0.0,0.0,0.0,10.0,0.0,0.0,0.0,0.0,0.0,0.0,0.0,0.0,0.0,0.0,0.0,20.0,10.0,10.0,50.0,10.0,0.0,0.0,0.0,0.0,0.0,0.0,2,0,9,0.0,0.0,0.0,0.0,10.0,0.0,10.0,100.0,0.0,0.0,10.0,100.0
327,856638,Serie A,25/26,Atalanta,Mitchel Bakker,Defender,6.7,0.0,0.0,0.0,0.0,0.0,0.0,0.0,0.0,0.0,0.0,0.0,0.0,0.0,0.0,0.0,0.0,0.0,0.0,0.0,0.0,0.0,0.0,0.0,0.0,0.0,0.0,0.0,0.0,0.0,0.0,0.0,0.0,0.0,0.0,0.0,0.0,0.0,78.75,78.75,0.0,100.0,22.5,56.25,11.25,0.0,0.0,0.0,0.0,1,0,8,0.0,0.0,0.0,0.0,0.0,0.0,0.0,0.0,0.0,0.0,0.0,0.0
328,928879,Serie A,25/26,Sassuolo,Andrea Ghion,Midfielder,6.7,0.0,0.0,0.0,0.0,0.0,0.0,0.0,0.0,0.0,0.0,0.0,0.0,0.0,0.0,0.0,0.0,0.0,0.0,0.0,0.0,0.0,0.0,0.0,10.0,0.0,0.0,0.0,0.0,0.0,0.0,0.0,0.0,0.0,0.0,0.0,0.0,0.0,10.0,10.0,0.0,100.0,10.0,0.0,0.0,0.0,0.0,0.0,0.0,1,0,9,0.0,0.0,0.0,0.0,10.0,0.0,10.0,100.0,10.0,100.0,0.0,0.0
329,901325,Serie A,25/26,Juventus,Nicolás González,Midfielder,6.7,0.0,0.49,0.0,7.5,0.0,3.75,0.0,0.0,0.0,0.0,0.0,0.0,0.0,0.0,0.0,0.0,0.0,0.0,0.0,0.0,0.0,0.0,0.0,0.0,0.0,3.75,0.0,0.0,0.0,0.0,0.0,0.0,0.0,0.0,0.0,0.0,3.75,18.75,7.5,11.25,40.0,3.75,3.75,3.75,0.0,0.0,0.0,0.0,2,0,24,0.0,0.0,0.0,11.25,18.75,0.0,18.75,100.0,7.5,100.0,11.25,100.0
330,1526308,Serie A,25/26,Genoa,Mamedi Doucoure,Defender,6.7,0.0,0.0,0.0,0.0,0.0,0.0,0.0,0.0,0.0,0.0,0.0,0.0,0.0,0.0,0.0,0.0,0.0,0.0,0.0,0.0,0.0,0.0,0.0,0.0,0.0,0.0,0.0,0.0,0.0,0.0,0.0,0.0,0.0,0.0,0.0,0.0,0.0,101.25,101.25,0.0,100.0,56.25,45.0,11.25,0.0,0.0,11.25,100.0,1,0,8,0.0,0.0,0.0,0.0,11.25,11.25,0.0,0.0,0.0,0.0,0.0,0.0
331,1136399,Serie A,25/26,Udinese,Nicolò Bertola,Defender,6.7,0.0,0.03,0.05,0.66,0.2,0.3,0.0,0.25,31.25,0.0,0.0,0.0,0.0,0.0,0.0,0.05,0.0,0.0,0.0,0.0,0.0,0.0,0.0,1.87,1.16,4.35,0.71,0.71,0.05,0.1,0.0,0.0,0.05,0.15,0.05,0.0,0.56,41.31,32.31,9.0,78.21,20.78,11.53,4.1,0.0,0.0,2.53,38.17,28,18,1780,0.15,0.0,1.01,0.61,11.93,0.3,4.5,55.63,2.73,52.94,1.77,60.34
332,933264,Serie A,25/26,Bologna,Torbjørn Heggem,Defender,6.7,0.0,0.05,0.04,0.47,0.09,0.26,0.0,0.34,80.0,0.0,0.0,0.0,0.0,0.0,0.0,0.0,0.0,0.0,0.0,0.0,0.0,0.0,0.0,1.36,1.02,4.34,0.34,0.38,0.04,0.09,0.0,0.0,0.26,0.0,0.0,0.0,0.13,50.94,46.73,4.22,91.72,35.1,11.63,2.56,0.0,0.0,3.58,65.12,27,23,2113,0.0,0.04,1.32,0.51,5.24,0.26,3.79,49.44,2.21,53.06,1.58,45.12
333,176301,Serie A,25/26,Atalanta,Marco Sportiello,Goalkeeper,6.7,0.0,0.0,0.0,0.0,0.0,0.0,0.0,0.0,0.0,0.0,0.0,0.0,0.0,0.0,0.0,0.0,0.0,0.0,0.0,0.0,0.0,0.0,0.0,1.0,0.0,0.0,0.0,0.0,0.0,0.0,0.0,0.0,0.0,0.0,0.0,0.0,0.0,18.0,15.0,3.0,83.33,14.0,1.0,0.0,0.0,0.0,3.0,50.0,1,1,90,0.0,0.0,0.0,0.0,3.0,0.0,1.0,100.0,1.0,100.0,0.0,0.0
334,595572,Serie A,25/26,Genoa,Daniele Sommariva,Goalkeeper,6.7,0.0,0.0,0.0,0.0,0.0,0.0,0.0,0.0,0.0,0.0,0.0,0.0,0.0,0.0,0.0,0.0,0.0,0.0,0.0,0.0,0.0,0.0,0.0,0.0,0.0,1.54,0.0,0.0,0.51,0.0,0.0,0.0,0.0,0.0,0.0,0.0,0.0,46.29,25.2,21.09,54.44,14.91,10.29,3.09,0.0,0.0,12.86,38.46,2,1,175,0.0,0.0,0.0,0.51,21.09,0.0,0.51,100.0,0.51,100.0,0.0,0.0
335,79645,Serie A,25/26,Juventus,Mattia Perin,Goalkeeper,6.69,0.0,0.0,0.0,0.0,0.0,0.0,0.0,0.0,0.0,0.0,0.0,0.0,0.0,0.0,0.0,0.0,0.0,0.0,0.0,0.0,0.0,0.0,0.0,0.0,0.0,0.47,0.0,0.0,0.0,0.12,0.0,0.0,0.24,0.0,0.0,0.0,0.12,18.94,16.12,2.82,85.09,14.94,1.18,0.35,0.0,0.0,3.18,52.94,9,9,765,0.0,0.0,0.0,0.24,2.82,0.0,0.24,100.0,0.12,100.0,0.12,100.0
336,1389689,Serie A,25/26,Lazio,Reda Belahyane,Midfielder,6.69,0.0,0.03,0.0,0.44,0.15,0.29,0.0,1.03,33.33,0.0,0.0,0.0,0.0,0.0,0.0,0.0,0.0,0.0,0.0,0.0,0.0,0.0,0.0,1.91,0.44,0.74,0.15,0.44,0.0,0.0,0.0,0.0,0.15,0.15,0.29,0.0,0.88,41.32,35.44,5.88,85.77,13.82,21.62,10.44,0.15,100.0,1.62,68.75,13,5,612,0.15,0.15,1.62,0.44,10.74,0.88,3.82,42.62,3.38,40.35,0.44,75.0
337,1526934,Serie A,25/26,Fiorentina,Niccolò Fortini,Midfielder,6.69,0.0,0.04,0.0,1.32,0.33,0.49,0.0,1.32,42.11,0.0,0.0,0.0,0.0,0.0,0.0,0.0,0.0,0.0,0.0,0.0,0.0,0.0,0.0,3.63,0.66,1.32,0.33,1.32,0.0,0.16,0.0,0.0,0.0,0.16,0.0,0.0,0.66,34.62,30.33,4.29,87.62,14.34,15.99,9.56,0.82,17.24,1.81,57.89,16,2,546,0.0,0.0,0.82,2.97,15.0,0.82,8.57,59.77,7.75,61.84,0.82,45.45
338,1114422,Serie A,25/26,Fiorentina,Cher Ndour,Midfielder,6.69,0.14,0.12,0.1,1.15,0.38,0.29,12.5,0.33,30.43,0.14,0.0,0.05,0.0,0.1,0.0,0.05,0.0,0.0,0.0,0.0,0.0,0.0,0.0,1.67,0.67,1.62,0.43,0.72,0.05,0.05,0.0,0.0,0.24,0.05,0.0,0.0,0.29,36.1,29.89,6.21,82.8,13.56,16.33,8.69,0.05,5.26,0.91,44.19,33,20,1885,0.1,0.0,1.24,1.15,9.45,0.57,4.68,46.45,3.15,49.62,1.53,41.03
339,825271,Serie A,25/26,Udinese,Jakub Piotrowski,Midfielder,6.69,0.05,0.14,0.16,1.91,0.48,0.69,2.78,0.69,44.83,0.05,0.0,0.0,0.05,0.0,0.05,0.11,0.0,0.0,0.0,0.0,0.0,0.16,0.0,2.39,0.9,1.86,0.42,0.69,0.0,0.05,0.05,0.0,0.11,0.05,0.05,0.0,0.64,29.33,24.08,5.25,82.1,10.08,14.0,6.79,0.0,0.0,0.95,46.15,33,20,1697,0.11,0.0,1.54,1.54,10.18,0.74,5.78,54.77,4.61,55.06,1.17,53.66
340,14718,Serie A,25/26,Bologna,Lorenzo De Silvestri,Defender,6.69,0.0,0.0,0.0,0.0,0.0,0.0,0.0,0.18,50.0,0.0,0.0,0.0,0.0,0.0,0.0,0.0,0.0,0.0,0.0,0.0,0.0,0.0,0.0,0.36,1.25,4.29,0.54,0.18,0.0,0.0,0.0,0.0,0.0,0.0,0.0,0.0,0.89,32.74,28.09,4.65,85.79,18.43,9.66,3.58,0.72,57.14,1.79,55.56,12,6,503,0.36,0.0,1.61,0.54,7.51,0.18,2.33,48.15,1.07,35.29,1.25,70.0
341,797596,Serie A,25/26,Pisa,Marius Marin,Midfielder,6.69,0.0,0.01,0.0,0.21,0.0,0.07,0.0,0.07,20.0,0.0,0.0,0.0,0.0,0.0,0.0,0.0,0.0,0.0,0.0,0.0,0.0,0.0,0.0,3.13,0.91,1.6,0.28,1.46,0.0,0.07,0.0,0.0,0.0,0.0,0.0,0.0,0.14,31.14,24.03,7.11,77.18,11.91,12.12,6.48,0.07,5.56,2.37,48.57,23,18,1292,0.49,0.0,2.51,1.39,9.96,0.56,5.09,48.99,4.53,48.87,0.56,50.0
342,1210995,Serie A,25/26,Pisa,Isak Vural,Midfielder,6.69,0.0,0.1,0.12,0.72,0.12,0.48,0.0,1.08,50.0,0.0,0.0,0.0,0.0,0.0,0.0,0.12,0.12,0.0,0.0,0.0,0.0,0.0,0.0,1.08,0.24,0.96,0.36,0.36,0.0,0.12,0.0,0.0,0.0,0.12,0.0,0.0,0.36,25.13,20.82,4.31,82.86,11.85,8.98,3.83,0.12,20.0,1.91,61.54,15,9,752,0.48,0.0,1.91,3.95,8.02,0.72,6.94,56.86,6.1,61.45,0.84,36.84
343,1155571,Serie A,25/26,Udinese,Iker Bravo,Forward,6.69,0.42,0.1,0.0,1.67,0.42,0.0,25.0,0.42,50.0,0.42,0.0,0.0,0.0,0.42,0.0,0.0,0.0,0.0,0.0,0.0,0.0,0.0,0.0,0.42,0.0,0.0,0.0,0.83,0.0,0.0,0.0,0.0,0.0,0.0,0.0,0.0,1.25,18.33,15.0,3.33,81.82,5.42,9.58,5.83,0.0,0.0,1.25,100.0,8,3,216,0.42,0.0,1.25,0.42,10.83,2.5,1.67,19.05,1.25,20.0,0.42,16.67
344,1618563,Serie A,25/26,AS Roma,Lorenzo Venturino,Forward,6.69,0.0,0.06,0.0,1.77,0.35,0.71,0.0,1.42,66.67,0.0,0.0,0.0,0.0,0.0,0.0,0.35,0.0,0.0,0.0,0.0,0.0,0.0,0.0,0.0,0.0,0.71,0.0,0.35,0.0,0.0,0.0,0.0,0.0,0.35,0.0,0.0,2.48,34.37,27.64,6.73,80.41,7.8,19.84,13.11,3.54,27.78,0.35,20.0,12,1,254,0.0,0.0,0.35,1.06,19.49,1.77,3.54,43.48,2.48,43.75,1.06,42.86
345,928800,Serie A,25/26,Fiorentina,Marco Brescianini,Midfielder,6.69,0.17,0.16,0.17,1.12,0.34,0.34,15.38,0.69,61.54,0.17,0.0,0.0,0.09,0.09,0.09,0.0,0.0,0.0,0.0,0.0,0.0,0.0,0.0,1.12,0.17,2.16,0.34,0.52,0.0,0.17,0.0,0.0,0.09,0.17,0.09,0.0,0.86,33.79,28.1,5.69,83.16,12.07,16.03,8.02,0.43,27.78,1.21,42.42,26,10,1044,0.17,0.0,1.47,0.95,10.17,1.29,3.36,39.0,2.76,42.67,0.6,28.0
346,158615,Serie A,25/26,Lazio,Matías Vecino,Midfielder,6.69,0.0,0.05,0.0,1.04,0.0,0.6,0.0,0.0,0.0,0.0,0.0,0.0,0.0,0.0,0.0,0.0,0.0,0.0,0.0,0.0,0.0,0.0,0.0,1.49,1.04,2.53,0.45,0.6,0.0,0.15,0.0,0.0,0.15,0.15,0.15,0.0,0.45,54.89,48.64,6.25,88.62,23.65,24.99,9.37,0.0,0.0,0.89,40.0,13,5,605,0.15,0.0,1.19,0.45,8.63,0.45,3.72,43.86,1.79,41.38,1.93,46.43
347,1424353,Serie A,25/26,Cremonese,Francesco Folino,Defender,6.69,0.12,0.02,0.0,0.24,0.12,0.12,50.0,0.0,0.0,0.12,0.0,0.12,0.0,0.0,0.0,0.0,0.0,0.0,0.0,0.0,0.0,0.0,0.0,0.98,0.37,6.34,1.1,0.73,0.0,0.12,0.0,0.0,0.0,0.0,0.0,0.0,0.12,37.93,30.61,7.32,80.71,22.8,7.8,3.29,0.0,0.0,3.17,42.62,18,7,738,0.0,0.0,1.34,1.1,10.12,0.24,4.02,54.1,2.07,44.74,1.95,69.57
348,856065,Serie A,25/26,Parma,Pontus Almqvist,Forward,6.68,0.0,0.08,0.2,1.0,0.4,0.2,0.0,1.19,37.5,0.0,0.0,0.0,0.0,0.0,0.0,0.2,0.0,0.0,0.0,0.0,0.0,0.0,0.0,1.79,1.19,0.6,0.0,1.0,0.0,0.0,0.0,0.0,0.0,0.6,0.2,0.0,1.79,21.11,16.53,4.58,78.3,5.77,10.75,7.37,0.8,57.14,0.4,33.33,13,4,452,0.0,0.0,1.19,2.79,12.35,2.39,6.97,47.95,5.77,47.54,1.19,50.0
349,3041,Serie A,25/26,Pisa,Raúl Albiol,Defender,6.68,0.0,0.01,0.0,0.18,0.0,0.0,0.0,0.0,0.0,0.0,0.0,0.0,0.0,0.0,0.0,0.0,0.0,0.0,0.0,0.0,0.0,0.0,0.0,1.25,1.08,10.76,1.08,0.36,0.0,0.0,0.0,0.0,0.18,0.18,0.18,0.0,0.54,45.36,39.08,6.27,86.17,26.71,12.37,3.05,0.18,100.0,5.74,59.26,8,5,502,0.18,0.0,1.08,0.36,6.99,0.18,2.87,48.48,1.61,50.0,1.25,46.67
350,1084846,Serie A,25/26,Torino,Franco Israel,Goalkeeper,6.68,0.0,0.0,0.0,0.0,0.0,0.0,0.0,0.0,0.0,0.0,0.0,0.0,0.0,0.0,0.0,0.0,0.0,0.0,0.0,0.0,0.0,0.0,0.0,0.0,0.0,1.11,0.0,0.0,0.0,0.11,0.0,0.0,0.33,0.0,0.0,0.0,0.0,32.22,18.89,13.33,58.62,13.11,5.78,1.0,0.0,0.0,6.89,34.25,9,9,810,0.11,0.0,0.0,0.33,13.33,0.0,0.67,85.71,0.33,100.0,0.33,75.0
351,1476922,Serie A,25/26,Udinese,Juan Arizala,Defender,6.68,0.0,0.01,0.0,0.46,0.46,0.0,0.0,0.91,40.0,0.0,0.0,0.0,0.0,0.0,0.0,0.0,0.0,0.0,0.0,0.0,0.0,0.0,0.0,3.65,0.46,0.91,0.0,0.46,0.0,0.0,0.0,0.0,0.0,0.0,0.0,0.0,0.46,34.26,30.61,3.65,89.33,12.79,17.82,9.59,0.0,0.0,0.91,100.0,10,1,197,0.0,0.0,0.46,0.46,12.79,0.91,5.94,56.52,5.03,61.11,0.91,40.0
352,826186,Serie A,25/26,Lazio,Luca Pellegrini,Defender,6.68,0.06,0.04,0.06,0.43,0.3,0.12,14.29,0.61,41.67,0.06,0.0,0.0,0.06,0.0,0.0,0.0,0.0,0.0,0.0,0.0,0.0,0.06,0.0,1.65,1.04,1.59,0.61,0.73,0.06,0.0,0.0,0.0,0.06,0.12,0.0,0.0,0.98,49.39,39.57,9.82,80.12,21.4,18.17,8.48,0.79,25.49,1.77,40.85,24,17,1476,0.49,0.0,1.59,0.73,15.37,0.67,3.41,42.75,2.93,43.64,0.49,38.1
353,1165371,Serie A,25/26,Torino,Luca Marianucci,Defender,6.68,0.0,0.0,0.0,0.26,0.0,0.13,0.0,0.26,40.0,0.0,0.0,0.0,0.0,0.0,0.0,0.0,0.0,0.0,0.0,0.0,0.0,0.0,0.0,2.08,1.3,4.43,0.39,1.3,0.0,0.0,0.0,0.0,0.13,0.26,0.13,0.0,1.04,53.66,45.07,8.6,83.98,23.44,21.62,7.81,0.39,37.5,4.04,52.54,12,7,691,0.26,0.0,1.43,0.39,11.2,0.26,4.56,46.67,2.74,45.65,1.82,48.28
354,1000263,Serie A,25/26,Genoa,Albert Grønbæk,Midfielder,6.68,0.0,0.03,0.0,0.84,0.84,0.0,0.0,1.68,33.33,0.0,0.0,0.0,0.0,0.0,0.0,0.0,0.0,0.0,0.0,0.0,0.0,0.84,0.0,3.36,0.0,1.68,0.0,0.0,0.0,0.0,0.0,0.0,0.0,0.0,0.0,0.0,1.68,14.3,10.93,3.36,76.47,3.36,7.57,5.05,0.0,0.0,0.0,0.0,4,1,107,0.84,0.0,0.84,0.84,15.14,0.84,6.73,57.14,5.89,58.33,0.84,50.0
355,280991,Serie A,25/26,Cremonese,Morten Thorsby,Midfielder,6.68,0.2,0.15,0.07,1.37,0.52,0.59,14.29,0.2,100.0,0.2,0.0,0.07,0.07,0.07,0.0,0.46,0.0,0.0,0.0,0.0,0.0,0.0,0.0,1.43,0.33,1.96,0.46,0.59,0.0,0.0,0.0,0.0,0.07,0.2,0.07,0.0,0.59,28.57,20.09,8.48,70.32,6.98,13.11,6.33,0.13,40.0,0.52,47.06,24,16,1380,0.26,0.0,1.63,0.72,11.41,0.52,8.54,52.19,2.28,46.67,6.26,54.55
356,1485391,Serie A,25/26,Cagliari,Juan Rodríguez,Defender,6.68,0.07,0.05,0.07,0.21,0.14,0.07,33.33,0.07,100.0,0.07,0.0,0.07,0.0,0.0,0.0,0.0,0.0,0.0,0.0,0.0,0.0,0.0,0.0,2.53,1.23,5.54,0.96,0.41,0.07,0.14,0.0,0.0,0.07,0.0,0.0,0.0,0.0,45.31,40.17,5.13,88.67,31.28,8.9,1.64,0.07,20.0,0.96,25.45,17,16,1315,0.21,0.0,1.03,0.55,6.5,0.14,4.24,61.39,3.15,66.67,1.1,50.0
357,835601,Serie A,25/26,Fiorentina,Moise Kean,Forward,6.68,0.35,0.66,0.79,4.31,1.19,2.11,8.16,1.1,41.67,0.31,0.04,0.0,0.04,0.31,0.13,1.32,0.0,0.09,0.09,100.0,0.0,0.0,0.0,0.26,0.31,0.7,0.04,0.18,0.0,0.0,0.0,0.0,0.09,0.0,0.04,0.0,0.13,9.36,6.77,2.59,72.3,2.33,4.44,2.73,0.0,0.0,0.04,33.33,26,23,2047,0.18,0.0,1.28,1.93,8.66,1.32,4.48,44.74,3.3,44.38,1.19,45.76
358,184421,Serie A,25/26,Genoa,Stefano Sabelli,Defender,6.68,0.0,0.05,0.0,0.78,0.0,0.58,0.0,0.1,12.5,0.0,0.0,0.0,0.0,0.0,0.0,0.0,0.0,0.0,0.0,0.0,0.0,0.0,0.0,2.13,0.39,2.13,0.58,0.97,0.0,0.0,0.0,0.1,0.0,0.0,0.0,0.1,0.68,32.16,22.28,9.88,69.28,10.27,12.01,7.65,0.68,25.93,1.65,31.48,16,12,929,0.1,0.0,0.58,1.84,15.98,0.39,4.36,53.57,4.07,61.76,0.29,18.75
359,877371,Serie A,25/26,Torino,Ivan Ilić,Midfielder,6.68,0.0,0.0,0.0,0.0,0.0,0.0,0.0,0.43,66.67,0.0,0.0,0.0,0.0,0.0,0.0,0.0,0.0,0.0,0.0,0.0,0.0,0.0,0.0,1.73,1.3,2.39,0.0,0.87,0.0,0.0,0.0,0.0,0.0,0.22,0.0,0.0,1.73,41.2,33.83,7.37,82.11,19.08,14.75,8.89,0.22,50.0,1.3,46.15,8,5,415,0.43,0.0,1.95,0.87,10.84,1.73,3.69,37.78,2.82,38.24,0.87,36.36
360,1012179,Serie A,25/26,Fiorentina,Jacopo Fazzini,Forward,6.67,0.0,0.16,0.15,1.37,0.15,0.3,0.0,1.37,40.91,0.0,0.0,0.0,0.0,0.0,0.0,0.0,0.0,0.0,0.0,0.0,0.0,0.0,0.0,2.74,0.91,0.91,0.15,0.76,0.0,0.15,0.0,0.0,0.0,0.15,0.0,0.0,1.37,28.63,21.32,7.31,74.47,7.77,13.55,7.92,0.91,37.5,0.91,60.0,20,5,591,0.3,0.0,1.83,2.28,15.84,2.28,7.77,48.11,6.4,49.41,1.37,42.86
361,887766,Serie A,25/26,Juventus,Edon Zhegrova,Forward,6.67,0.0,0.19,0.0,4.42,2.09,0.47,0.0,4.88,47.73,0.0,0.0,0.0,0.0,0.0,0.23,0.47,0.0,0.0,0.0,0.0,0.0,0.47,0.0,1.16,0.0,0.23,0.0,0.23,0.23,0.0,0.0,0.0,0.0,0.47,0.0,0.0,2.33,53.26,43.95,9.3,82.53,6.51,37.44,27.21,2.56,22.45,1.86,72.73,19,0,387,0.23,0.0,0.93,1.4,30.47,2.56,7.91,45.95,7.44,45.71,0.47,50.0
362,1615784,Serie A,25/26,Cagliari,Yael Trepy,Forward,6.67,0.86,0.52,0.86,6.0,1.71,1.71,14.29,1.71,100.0,0.86,0.0,0.0,0.86,0.0,0.0,1.71,0.0,0.0,0.0,0.0,0.0,0.0,0.0,1.71,0.86,0.86,0.0,0.0,0.0,0.0,0.0,0.0,0.0,0.0,0.0,0.0,1.71,12.86,7.71,5.14,60.0,2.57,5.14,1.71,1.71,28.57,0.0,0.0,8,0,105,0.0,0.0,0.86,1.71,14.57,2.57,6.0,41.18,5.14,60.0,0.86,14.29
363,1031548,Serie A,25/26,Sassuolo,Alieu Fadera,Forward,6.67,0.18,0.19,0.18,1.2,0.37,0.37,15.38,1.01,31.43,0.18,0.0,0.0,0.09,0.09,0.0,0.74,0.18,0.0,0.0,0.0,0.0,0.09,0.0,3.31,0.64,0.55,0.0,1.47,0.0,0.09,0.09,0.0,0.0,0.09,0.09,0.0,0.64,23.63,18.57,5.06,78.6,7.35,11.22,6.89,0.55,25.0,0.83,69.23,28,8,979,0.46,0.0,3.31,3.31,14.98,1.84,8.27,45.23,7.54,46.33,0.74,36.36
364,877037,Serie A,25/26,Torino,Cyril Ngonge,Forward,6.67,0.09,0.16,0.44,2.13,1.07,0.62,4.17,1.69,59.38,0.0,0.09,0.0,0.0,0.09,0.0,0.53,0.0,0.0,0.0,0.0,0.0,0.09,0.0,0.98,0.18,0.8,0.0,0.44,0.0,0.09,0.0,0.0,0.0,0.0,0.09,0.0,1.07,22.66,15.81,6.84,69.8,4.0,11.82,7.11,0.36,22.22,1.42,66.67,20,11,1013,0.18,0.0,1.78,1.6,15.01,1.6,5.86,47.48,4.26,48.48,1.6,45.0
365,807301,Serie A,25/26,Atalanta,Gianluca Scamacca,Forward,6.67,0.68,0.46,0.34,3.89,1.5,1.84,17.54,0.89,56.52,0.68,0.0,0.14,0.0,0.55,0.2,0.55,0.0,0.14,0.14,100.0,0.0,0.27,0.0,0.55,0.2,1.02,0.14,0.27,0.07,0.0,0.0,0.0,0.07,0.07,0.07,0.0,1.16,21.56,15.15,6.41,70.25,3.82,11.33,7.64,0.0,0.0,0.55,72.73,24,16,1319,0.14,0.0,1.77,1.23,11.6,1.43,4.44,46.1,2.66,39.0,1.77,63.41
366,1156616,Serie A,25/26,Inter,Francesco Pio Esposito,Forward,6.67,0.4,0.42,0.74,3.26,1.32,1.15,12.28,0.23,25.0,0.4,0.0,0.17,0.11,0.11,0.06,0.11,0.0,0.0,0.0,0.0,0.0,0.0,0.0,0.52,0.29,0.74,0.11,0.34,0.0,0.0,0.0,0.0,0.11,0.11,0.17,0.0,1.26,20.9,15.29,5.61,73.15,4.35,10.94,7.61,0.0,0.0,0.63,55.0,35,15,1572,0.06,0.0,1.66,2.86,11.34,1.26,5.95,50.49,3.55,49.21,2.4,52.5
367,933641,Serie A,25/26,Sassuolo,Jay Idzes,Defender,6.67,0.0,0.01,0.0,0.15,0.0,0.09,0.0,0.18,85.71,0.0,0.0,0.0,0.0,0.0,0.0,0.03,0.0,0.0,0.0,0.0,0.0,0.0,0.0,0.82,1.23,5.61,0.68,0.26,0.03,0.03,0.06,0.0,0.21,0.06,0.0,0.0,0.09,41.64,37.52,4.11,90.12,27.65,9.87,2.29,0.0,0.0,1.2,36.94,35,35,3063,0.09,0.0,0.97,0.41,4.67,0.12,2.94,50.51,1.38,52.81,1.56,48.62
368,1116570,Serie A,25/26,Hellas Verona,Nicolás Valentini,Defender,6.67,0.0,0.06,0.06,1.02,0.45,0.58,0.0,0.32,83.33,0.0,0.0,0.0,0.0,0.0,0.0,0.06,0.0,0.0,0.0,0.0,0.0,0.0,0.0,1.98,0.96,6.34,0.9,0.77,0.0,0.06,0.0,0.0,0.13,0.13,0.0,0.0,0.26,32.84,23.56,9.28,71.73,15.17,8.39,3.52,0.32,33.33,1.73,29.03,21,15,1406,0.38,0.06,1.92,0.45,11.2,0.13,6.08,56.89,2.69,50.0,3.39,63.86
369,142148,Serie A,25/26,Atalanta,Sead Kolašinac,Defender,6.67,0.0,0.01,0.0,0.22,0.0,0.15,0.0,0.37,71.43,0.0,0.0,0.0,0.0,0.0,0.0,0.07,0.0,0.0,0.0,0.0,0.0,0.0,0.0,1.99,0.81,2.35,0.37,0.66,0.0,0.0,0.0,0.0,0.07,0.0,0.0,0.0,0.0,56.69,51.03,5.66,90.01,28.9,22.13,8.82,0.15,66.67,1.18,36.36,19,15,1224,0.22,0.0,1.62,0.74,6.99,0.37,4.04,50.46,3.09,53.16,0.96,43.33
370,267619,Serie A,25/26,Lazio,Adam Marušić,Defender,6.67,0.03,0.04,0.1,0.52,0.23,0.19,6.25,0.19,30.0,0.03,0.0,0.03,0.0,0.0,0.03,0.03,0.0,0.0,0.0,0.0,0.0,0.03,0.0,1.13,1.07,2.1,0.39,0.29,0.0,0.13,0.0,0.0,0.36,0.1,0.06,0.0,0.29,49.61,43.17,6.44,87.03,22.83,20.34,8.02,0.16,14.71,1.33,48.24,33,32,2783,0.03,0.03,0.71,0.58,9.51,0.29,2.88,51.15,1.88,53.21,1.0,47.69
371,1014651,Serie A,25/26,Lecce,Balthazar Pierret,Midfielder,6.67,0.0,0.0,0.0,0.0,0.0,0.0,0.0,0.0,0.0,0.0,0.0,0.0,0.0,0.0,0.0,0.0,0.0,0.0,0.0,0.0,0.0,0.0,0.0,5.62,0.0,8.44,0.0,0.0,0.0,0.0,0.0,0.0,0.0,0.0,0.0,0.0,0.0,45.0,30.94,14.06,68.75,8.44,22.5,5.62,0.0,0.0,0.0,0.0,3,0,32,0.0,0.0,0.0,5.62,14.06,0.0,14.06,100.0,8.44,100.0,5.62,100.0
372,609206,Serie A,25/26,Udinese,Kingsley Ehizibue,Midfielder,6.67,0.1,0.06,0.05,0.39,0.1,0.2,25.0,0.34,26.92,0.1,0.0,0.0,0.0,0.1,0.0,0.1,0.0,0.0,0.0,0.0,0.0,0.0,0.0,1.92,0.59,2.51,0.15,0.49,0.0,0.05,0.05,0.0,0.2,0.1,0.0,0.0,0.39,23.47,18.6,4.87,79.25,9.74,8.86,4.53,0.2,12.5,1.03,51.22,32,20,1829,0.25,0.0,1.67,1.13,11.37,0.79,3.94,46.51,3.35,46.9,0.59,44.44
373,1001997,Serie A,25/26,Udinese,Răzvan Sava,Goalkeeper,6.67,0.0,0.0,0.0,0.0,0.0,0.0,0.0,0.0,0.0,0.0,0.0,0.0,0.0,0.0,0.0,0.0,0.0,0.0,0.0,0.0,0.0,0.0,0.0,0.0,0.0,1.02,0.0,0.15,0.0,0.15,0.0,0.0,0.15,0.0,0.0,0.0,0.0,25.01,18.76,6.25,75.0,16.28,2.47,0.73,0.0,0.0,2.91,32.26,7,6,619,0.15,0.0,0.0,0.0,6.4,0.0,0.0,0.0,0.0,0.0,0.0,0.0
374,826064,Serie A,25/26,Bologna,Jens Odgaard,Midfielder,6.66,0.32,0.16,0.19,2.24,0.83,0.83,14.29,0.45,25.93,0.13,0.19,0.0,0.19,0.13,0.0,0.32,0.0,0.0,0.0,0.0,0.0,0.0,0.0,1.35,0.26,1.03,0.0,0.51,0.0,0.06,0.0,0.0,0.06,0.06,0.06,0.0,0.9,20.9,15.26,5.64,73.01,4.1,11.15,6.79,0.32,38.46,0.32,29.41,26,16,1404,0.06,0.0,1.79,1.79,12.5,2.05,5.9,42.4,3.46,38.57,2.44,49.35
375,1068885,Serie A,25/26,Genoa,Alessandro Marcandalli,Defender,6.66,0.0,0.01,0.03,0.17,0.07,0.07,0.0,0.14,44.44,0.0,0.0,0.0,0.0,0.0,0.0,0.0,0.0,0.0,0.0,0.0,0.0,0.0,0.0,1.14,0.69,3.63,0.38,0.1,0.07,0.07,0.0,0.0,0.24,0.03,0.07,0.0,0.35,42.55,35.3,7.25,82.95,22.17,13.12,4.11,0.17,50.0,1.59,40.35,32,29,2606,0.14,0.0,0.79,0.38,9.77,0.28,3.59,59.09,1.66,55.81,1.93,62.22
376,814589,Serie A,25/26,Cremonese,Giuseppe Pezzella,Midfielder,6.66,0.0,0.0,0.0,0.21,0.0,0.17,0.0,0.49,48.28,0.0,0.0,0.0,0.0,0.0,0.0,0.28,0.0,0.0,0.0,0.0,0.0,0.0,0.0,1.84,0.38,3.13,0.49,0.8,0.0,0.0,0.0,0.0,0.21,0.0,0.03,0.0,0.94,26.02,20.01,6.01,76.9,10.66,9.34,4.48,1.25,27.91,0.52,20.83,31,30,2591,0.28,0.03,1.7,1.11,13.03,0.59,4.41,48.66,3.44,49.25,0.97,46.67
377,928796,Serie A,25/26,Bologna,Tommaso Pobega,Midfielder,6.66,0.19,0.1,0.06,1.55,0.62,0.68,12.0,0.43,70.0,0.12,0.06,0.0,0.19,0.0,0.0,0.0,0.0,0.0,0.0,0.0,0.0,0.0,0.0,2.29,1.18,1.86,0.68,0.99,0.0,0.0,0.0,0.0,0.06,0.12,0.06,0.0,0.37,31.61,24.42,7.19,77.25,10.66,13.76,6.01,0.0,0.0,1.43,40.35,26,17,1452,0.12,0.06,2.17,0.74,9.24,0.43,4.83,49.37,3.47,48.7,1.36,51.16
378,973437,Serie A,25/26,Atalanta,Odilon Kossounou,Defender,6.66,0.09,0.04,0.0,0.45,0.09,0.18,20.0,0.45,45.45,0.0,0.09,0.0,0.0,0.09,0.0,0.09,0.0,0.0,0.0,0.0,0.0,0.0,0.0,1.54,0.81,2.63,0.63,0.36,0.09,0.0,0.09,0.0,0.18,0.0,0.0,0.0,0.36,56.95,52.06,4.89,91.41,31.6,20.46,7.79,0.09,50.0,1.72,57.58,19,10,994,0.09,0.0,1.45,0.27,7.42,0.36,3.35,42.53,2.17,45.28,1.18,38.24
379,826185,Serie A,25/26,Atalanta,Raoul Bellanova,Midfielder,6.65,0.0,0.03,0.0,0.84,0.32,0.19,0.0,0.58,69.23,0.0,0.0,0.0,0.0,0.0,0.0,0.13,0.0,0.0,0.0,0.0,0.0,0.0,0.0,1.17,0.58,1.56,0.19,0.45,0.0,0.0,0.0,0.0,0.06,0.19,0.06,0.0,1.36,35.69,31.73,3.96,88.91,13.89,17.84,10.64,1.04,18.82,1.1,43.59,24,15,1387,0.13,0.0,0.32,0.78,11.29,0.26,3.11,55.17,2.47,66.67,0.65,33.33
380,964119,Serie A,25/26,Udinese,Jordan Zemura,Midfielder,6.65,0.0,0.04,0.0,0.4,0.08,0.24,0.0,0.72,30.0,0.0,0.0,0.0,0.0,0.0,0.0,0.16,0.08,0.0,0.0,0.0,0.0,0.16,0.0,2.47,0.56,2.15,0.32,0.8,0.0,0.0,0.0,0.0,0.16,0.16,0.08,0.0,0.96,26.57,19.55,7.02,73.57,6.54,13.01,7.5,0.8,27.78,1.2,37.5,17,13,1128,0.24,0.0,2.07,0.88,15.0,0.96,4.63,41.13,4.07,43.22,0.56,30.43
381,837080,Serie A,25/26,Hellas Verona,Antoine Bernede,Midfielder,6.65,0.04,0.05,0.04,0.81,0.16,0.39,4.76,0.66,45.95,0.0,0.04,0.0,0.0,0.04,0.08,0.04,0.0,0.0,0.0,0.0,0.0,0.0,0.0,2.72,0.54,0.7,0.23,1.12,0.0,0.04,0.0,0.0,0.04,0.12,0.08,0.0,1.16,34.53,26.73,7.8,77.42,10.2,16.53,9.16,0.19,18.52,1.09,34.15,32,29,2320,0.08,0.0,2.13,0.78,13.27,1.32,4.66,42.55,4.15,43.85,0.5,34.21
382,850971,Serie A,25/26,Cremonese,Manuel De Luca,Forward,6.65,4.74,4.97,4.74,9.47,9.47,0.0,50.0,0.0,0.0,4.74,0.0,0.0,0.0,4.74,0.0,0.0,0.0,4.74,4.74,100.0,0.0,0.0,0.0,0.0,0.0,0.0,0.0,4.74,0.0,0.0,0.0,0.0,0.0,0.0,0.0,0.0,0.0,23.68,4.74,18.95,20.0,0.0,4.74,4.74,0.0,0.0,0.0,0.0,2,0,19,0.0,0.0,4.74,4.74,23.68,0.0,9.47,28.57,4.74,33.33,4.74,25.0
383,928104,Serie A,25/26,Bologna,Nadir Zortea,Defender,6.65,0.0,0.02,0.0,0.54,0.05,0.45,0.0,0.99,47.62,0.0,0.0,0.0,0.0,0.0,0.1,0.05,0.0,0.0,0.0,0.0,0.0,0.05,0.0,1.29,0.99,1.88,0.3,0.89,0.0,0.0,0.0,0.0,0.2,0.2,0.1,0.0,1.19,38.47,30.74,7.72,79.92,14.31,16.44,7.67,1.04,30.43,2.18,46.32,32,16,1818,0.1,0.0,1.39,0.84,14.85,0.74,3.96,45.45,3.12,43.15,0.84,56.67
384,1404639,Serie A,25/26,Genoa,Sebastian Otoa,Defender,6.65,0.0,0.01,0.0,0.32,0.21,0.0,0.0,0.32,75.0,0.0,0.0,0.0,0.0,0.0,0.0,0.21,0.0,0.0,0.0,0.0,0.0,0.0,0.0,1.17,0.96,4.91,1.17,0.11,0.0,0.0,0.0,0.11,0.0,0.0,0.0,0.0,0.0,38.65,35.02,3.63,90.61,26.8,8.22,1.28,0.0,0.0,1.71,50.0,13,9,843,0.11,0.0,0.53,1.39,4.7,0.32,5.12,70.59,2.78,72.22,2.35,68.75
385,839156,Serie A,25/26,Atalanta,Nikola Krstović,Forward,6.65,0.5,0.71,0.71,4.99,1.71,2.07,10.1,0.86,43.59,0.45,0.05,0.0,0.2,0.3,0.15,1.36,0.0,0.0,0.0,0.0,0.0,0.0,0.0,0.76,0.15,0.76,0.15,0.2,0.0,0.0,0.0,0.0,0.15,0.25,0.25,0.0,1.06,25.2,18.59,6.6,73.8,4.89,13.71,8.97,0.05,20.0,0.45,52.94,33,18,1786,0.2,0.0,2.27,1.36,13.2,1.16,5.95,44.19,2.92,42.03,3.02,46.51
386,831290,Serie A,25/26,Cremonese,David Okereke,Forward,6.65,0.45,0.15,0.0,1.8,1.12,0.45,25.0,1.12,38.46,0.45,0.0,0.0,0.23,0.23,0.0,0.45,0.0,0.0,0.0,0.0,0.0,0.0,0.0,0.67,0.0,0.67,0.23,0.67,0.0,0.0,0.0,0.0,0.0,0.23,0.0,0.0,0.67,22.05,19.35,2.7,87.76,4.5,14.85,6.97,0.23,20.0,0.45,100.0,10,3,400,0.0,0.23,0.23,0.9,9.45,1.12,5.4,35.82,2.7,41.38,2.7,31.58
387,917485,Serie A,25/26,Lecce,Walid Cheddira,Forward,6.65,0.29,0.26,0.36,2.38,0.87,0.72,12.12,1.01,51.85,0.29,0.0,0.07,0.0,0.22,0.14,0.79,0.0,0.0,0.0,0.0,0.0,0.0,0.0,0.43,0.14,0.29,0.22,0.22,0.0,0.0,0.0,0.0,0.0,0.0,0.07,0.0,0.79,15.01,10.18,4.84,67.79,2.89,7.29,4.84,0.14,25.0,0.22,60.0,33,12,1247,0.22,0.0,1.95,2.45,10.97,1.59,5.56,41.18,3.75,46.43,1.8,33.33
388,1123175,Serie A,25/26,Cagliari,Riyad Idrissi,Defender,6.64,0.23,0.06,0.12,0.69,0.69,0.0,33.33,0.92,57.14,0.23,0.0,0.12,0.12,0.0,0.0,0.12,0.0,0.0,0.0,0.0,0.0,0.0,0.0,2.42,0.92,3.23,0.46,1.5,0.0,0.12,0.0,0.0,0.0,0.0,0.0,0.0,0.69,33.07,26.39,6.68,79.79,14.17,12.22,5.42,0.23,8.7,1.27,44.0,23,4,781,0.35,0.0,1.04,0.69,14.06,0.58,4.15,46.15,4.03,51.47,0.12,10.0
389,328109,Serie A,25/26,Cagliari,Alessandro Deiola,Midfielder,6.64,0.0,0.1,0.25,1.38,0.44,0.56,0.0,0.19,60.0,0.0,0.0,0.0,0.0,0.0,0.0,0.44,0.0,0.0,0.0,0.0,0.0,0.06,0.0,2.2,0.88,2.38,0.44,0.88,0.0,0.25,0.0,0.0,0.13,0.0,0.13,0.0,0.38,37.32,30.36,6.96,81.34,18.82,11.54,4.01,0.0,0.0,1.76,51.85,20,17,1435,0.19,0.0,1.38,0.75,8.66,0.31,3.83,50.0,3.14,54.95,0.69,35.48
390,862697,Serie A,25/26,Bologna,Nicolò Casale,Defender,6.64,0.0,0.1,0.13,0.66,0.0,0.53,0.0,0.0,0.0,0.0,0.0,0.0,0.0,0.0,0.0,0.0,0.0,0.0,0.0,0.0,0.0,0.0,0.0,0.92,0.92,7.76,0.66,0.39,0.13,0.13,0.0,0.0,0.26,0.0,0.0,0.0,0.53,46.97,40.53,6.45,86.27,25.13,15.39,3.82,0.13,50.0,4.61,61.4,12,8,684,0.0,0.0,1.97,0.66,7.76,0.39,5.66,54.43,1.58,37.5,4.08,65.96
391,1010223,Serie A,25/26,Juventus,Fabio Miretti,Midfielder,6.64,0.14,0.3,0.14,2.57,0.71,1.0,5.56,1.0,36.84,0.14,0.0,0.0,0.0,0.14,0.0,0.0,0.0,0.0,0.0,0.0,0.0,0.14,0.0,2.71,0.43,0.86,0.0,0.86,0.0,0.14,0.0,0.0,0.14,0.29,0.29,0.14,1.71,54.06,46.35,7.7,85.75,15.69,30.67,18.54,0.57,25.0,1.85,48.15,23,5,631,0.14,0.0,2.14,1.0,15.4,1.85,5.13,41.86,4.71,43.42,0.43,30.0
392,1210848,Serie A,25/26,Fiorentina,Pietro Comuzzo,Defender,6.64,0.05,0.05,0.05,0.53,0.11,0.37,10.0,0.05,50.0,0.05,0.0,0.05,0.0,0.0,0.0,0.0,0.0,0.0,0.0,0.0,0.0,0.0,0.0,1.69,1.27,5.4,0.74,0.58,0.0,0.0,0.11,0.05,0.05,0.0,0.0,0.0,0.16,52.52,47.44,5.08,90.32,32.77,14.66,4.24,0.0,0.0,2.17,55.41,27,18,1700,0.11,0.0,1.27,0.21,5.77,0.11,3.65,50.36,1.96,50.68,1.69,50.0
393,897594,Serie A,25/26,Hellas Verona,Domagoj Bradarić,Midfielder,6.64,0.0,0.03,0.05,0.59,0.27,0.14,0.0,0.32,38.89,0.0,0.0,0.0,0.0,0.0,0.0,0.09,0.0,0.0,0.0,0.0,0.0,0.0,0.0,1.37,0.41,1.73,0.14,0.55,0.0,0.05,0.0,0.0,0.09,0.23,0.05,0.0,1.28,24.19,18.36,5.83,75.89,8.97,9.38,4.51,1.28,25.69,0.77,30.36,29,23,1976,0.09,0.0,0.36,0.46,13.12,0.18,2.46,50.0,2.14,58.02,0.32,25.93
394,791566,Serie A,25/26,Hellas Verona,Grigoris Kastanos,Midfielder,6.64,0.0,0.03,0.0,1.53,0.0,1.53,0.0,1.53,50.0,0.0,0.0,0.0,0.0,0.0,0.0,0.0,0.0,0.0,0.0,0.0,0.0,0.0,0.0,7.63,4.58,1.53,0.0,4.58,0.0,0.0,0.0,0.0,0.0,0.0,0.0,0.0,1.53,39.66,27.46,12.2,69.23,7.63,19.83,7.63,1.53,50.0,1.53,33.33,6,0,59,0.0,0.0,4.58,1.53,21.36,3.05,12.2,42.11,10.68,43.75,1.53,33.33
395,759520,Serie A,25/26,Inter,Denzel Dumfries,Midfielder,6.64,0.2,0.23,0.34,1.56,0.34,0.75,13.04,0.41,33.33,0.2,0.0,0.07,0.07,0.07,0.07,0.14,0.0,0.0,0.0,0.0,0.0,0.0,0.0,1.09,0.47,1.42,0.0,0.68,0.07,0.0,0.07,0.0,0.27,0.07,0.07,0.0,0.88,25.57,20.48,5.09,80.11,8.34,12.14,7.05,0.34,14.71,0.2,25.0,20,15,1327,0.14,0.0,1.36,0.88,11.6,0.47,4.41,49.62,2.37,45.45,2.03,55.56
396,998830,Serie A,25/26,Hellas Verona,Daniel Oyegoke,Midfielder,6.64,0.0,0.01,0.0,0.45,0.15,0.3,0.0,1.04,58.33,0.0,0.0,0.0,0.0,0.0,0.0,0.15,0.0,0.0,0.0,0.0,0.0,0.0,0.0,2.38,1.04,1.78,0.0,0.45,0.0,0.0,0.0,0.0,0.0,0.0,0.0,0.0,0.45,26.29,19.75,6.53,75.14,6.83,12.92,6.53,0.89,18.75,0.59,36.36,15,8,606,0.3,0.0,1.93,0.74,16.93,1.04,5.2,50.0,4.16,51.85,1.04,43.75
397,38162,Serie A,25/26,Torino,Duván Zapata,Forward,6.63,0.24,0.31,0.48,2.72,1.2,0.72,8.82,0.48,37.5,0.16,0.08,0.08,0.0,0.16,0.0,0.56,0.0,0.08,0.0,0.0,0.0,0.0,0.0,0.32,0.08,1.2,0.08,0.24,0.0,0.08,0.0,0.0,0.0,0.32,0.08,0.0,0.8,19.6,14.32,5.28,73.06,4.8,9.52,5.6,0.0,0.0,0.8,71.43,28,11,1125,0.0,0.0,1.2,1.92,11.52,1.28,5.36,44.97,2.56,45.71,2.8,44.3
398,989894,Serie A,25/26,Sassuolo,Woyo Coulibaly,Defender,6.63,0.0,0.01,0.0,0.52,0.09,0.17,0.0,0.69,72.73,0.0,0.0,0.0,0.0,0.0,0.0,0.0,0.0,0.0,0.0,0.0,0.0,0.0,0.0,2.06,0.77,1.55,0.34,0.6,0.0,0.0,0.0,0.0,0.0,0.0,0.0,0.0,0.34,37.36,33.75,3.61,90.34,17.09,16.66,7.13,0.17,18.18,0.52,50.0,20,9,1048,0.17,0.0,1.29,1.03,8.85,1.03,4.29,52.08,3.78,55.7,0.52,35.29
399,848279,Serie A,25/26,Torino,Enzo Ebosse,Defender,6.63,0.0,0.0,0.0,0.07,0.0,0.07,0.0,0.14,50.0,0.0,0.0,0.0,0.0,0.0,0.0,0.0,0.0,0.0,0.0,0.0,0.0,0.0,0.0,0.81,0.68,3.99,1.01,0.34,0.07,0.0,0.0,0.0,0.2,0.07,0.07,0.07,0.47,55.92,50.17,5.75,89.72,32.19,17.99,7.1,0.2,42.86,2.5,44.05,17,16,1331,0.27,0.0,1.42,0.68,7.51,0.41,2.7,43.48,1.62,41.38,1.08,47.06
400,284441,Serie A,25/26,AC Milan,Ruben Loftus-Cheek,Midfielder,6.63,0.23,0.25,0.39,2.27,0.47,0.94,10.34,0.94,46.15,0.23,0.0,0.16,0.0,0.08,0.0,0.08,0.0,0.0,0.0,0.0,0.0,0.0,0.0,1.1,0.39,1.25,0.08,0.39,0.0,0.0,0.0,0.0,0.0,0.23,0.08,0.0,0.78,31.77,26.84,4.93,84.48,6.81,20.03,10.02,0.23,30.0,0.39,38.46,28,12,1150,0.16,0.0,1.8,1.49,11.27,1.49,5.95,47.2,3.52,43.69,2.43,53.45
401,156019,Serie A,25/26,Parma,Hernani,Midfielder,6.63,0.0,0.03,0.0,1.3,0.0,0.0,0.0,0.0,0.0,0.0,0.0,0.0,0.0,0.0,0.0,1.3,0.0,0.0,0.0,0.0,0.0,0.0,0.0,1.3,1.3,2.61,0.0,0.0,0.0,0.0,0.0,0.0,0.0,0.0,0.0,0.0,1.3,31.3,22.17,9.13,70.83,6.52,15.65,10.43,0.0,0.0,5.22,66.67,4,0,69,0.0,0.0,2.61,3.91,16.96,1.3,7.83,54.55,5.22,50.0,2.61,66.67
402,928295,Serie A,25/26,Parma,Adrian Benedyczak,Forward,6.62,0.19,0.27,0.56,1.48,0.56,0.74,12.5,0.0,0.0,0.19,0.0,0.0,0.0,0.19,0.0,0.19,0.0,0.19,0.19,100.0,0.0,0.0,0.0,1.11,0.0,1.48,0.19,0.74,0.0,0.0,0.0,0.0,0.0,0.56,0.19,0.0,1.67,17.78,13.15,4.63,73.96,3.89,9.26,6.11,0.37,20.0,0.93,55.56,14,5,486,0.19,0.0,1.67,1.11,9.07,0.19,5.74,44.93,1.85,40.0,3.89,47.73
403,1111640,Serie A,25/26,Torino,Matteo Prati,Midfielder,6.62,0.05,0.07,0.0,1.48,0.05,1.0,3.23,0.33,50.0,0.05,0.0,0.0,0.0,0.05,0.0,0.0,0.0,0.0,0.0,0.0,0.0,0.05,0.0,1.86,0.95,2.91,0.43,0.86,0.05,0.05,0.0,0.0,0.05,0.24,0.05,0.0,0.57,40.5,32.3,8.19,79.76,17.91,14.39,5.34,0.24,33.33,2.72,44.88,33,22,1889,0.29,0.0,1.38,0.48,9.91,0.24,3.38,49.31,2.67,48.7,0.71,51.72
404,123976,Serie A,25/26,Como,Sergi Roberto,Midfielder,6.62,0.0,0.16,0.32,1.14,0.32,0.65,0.0,0.65,50.0,0.0,0.0,0.0,0.0,0.0,0.0,0.0,0.0,0.0,0.0,0.0,0.0,0.0,0.0,1.14,0.81,1.62,0.16,0.97,0.0,0.16,0.0,0.0,0.0,0.0,0.0,0.0,1.3,70.54,65.03,5.51,92.18,34.22,30.81,13.3,0.49,100.0,1.14,58.33,20,5,555,0.49,0.0,1.46,1.46,9.08,1.14,4.05,44.64,3.24,43.48,0.81,50.0
405,1127590,Serie A,25/26,Lecce,Mohamed Kaba,Midfielder,6.62,0.0,0.07,0.0,1.25,0.56,0.42,0.0,1.25,56.25,0.0,0.0,0.0,0.0,0.0,0.0,0.0,0.0,0.0,0.0,0.0,0.0,0.0,0.0,1.67,0.56,0.84,0.28,0.7,0.0,0.0,0.14,0.0,0.0,0.0,0.0,0.0,0.7,25.91,19.78,6.13,76.34,4.74,15.05,8.08,0.42,37.5,0.98,63.64,15,5,646,0.14,0.0,1.67,2.93,13.37,2.51,7.66,49.11,5.71,50.0,1.95,46.67
406,1126175,Serie A,25/26,Udinese,Saba Goglichidze,Defender,6.62,0.0,0.04,0.21,0.64,0.21,0.43,0.0,0.0,0.0,0.0,0.0,0.0,0.0,0.0,0.0,0.0,0.0,0.0,0.0,0.0,0.0,0.0,0.0,2.35,1.71,3.41,0.21,0.43,0.0,0.0,0.43,0.0,0.0,0.0,0.0,0.0,0.43,39.24,31.99,7.25,81.52,21.11,10.88,5.97,0.21,50.0,6.82,68.09,8,4,422,0.43,0.0,1.07,0.85,8.74,0.21,4.27,60.61,3.2,65.22,1.07,50.0
407,2049928,Serie A,25/26,Cagliari,Paul Mendy,Forward,6.62,0.53,0.5,0.53,3.99,0.8,2.4,13.33,0.53,40.0,0.53,0.0,0.27,0.27,0.0,0.0,0.53,0.0,0.0,0.0,0.0,0.0,0.0,0.0,0.0,0.27,1.07,0.27,0.27,0.0,0.0,0.0,0.0,0.0,0.0,0.0,0.0,1.6,19.7,13.85,5.86,70.27,2.4,11.45,7.46,0.0,0.0,0.8,75.0,9,3,338,0.27,0.0,3.2,1.07,16.24,3.2,6.39,31.17,1.6,17.65,4.79,41.86
408,869275,Serie A,25/26,Cremonese,Dennis Johnsen,Forward,6.62,0.23,0.1,0.0,1.15,0.46,0.23,20.0,1.15,38.46,0.23,0.0,0.0,0.0,0.23,0.0,0.23,0.0,0.0,0.0,0.0,0.0,0.0,0.0,0.69,0.0,0.92,0.0,0.69,0.0,0.23,0.0,0.0,0.0,0.23,0.23,0.0,0.92,22.15,11.31,10.85,51.04,5.54,5.77,3.69,1.15,41.67,0.46,18.18,11,5,390,0.0,0.0,0.46,0.92,20.31,1.38,4.62,45.45,2.77,40.0,1.85,57.14
409,14990,Serie A,25/26,Fiorentina,Edin Džeko,Forward,6.62,0.0,0.11,0.0,1.44,0.36,0.0,0.0,0.72,33.33,0.0,0.0,0.0,0.0,0.0,0.0,0.0,0.0,0.0,0.0,0.0,0.0,0.0,0.0,0.36,0.36,2.16,0.36,0.0,0.0,0.0,0.0,0.0,0.0,0.0,0.0,0.0,0.72,29.16,21.6,7.56,74.07,9.72,11.88,6.12,0.36,100.0,0.36,50.0,11,2,250,0.36,0.0,0.72,1.8,11.88,1.08,9.36,60.47,2.88,50.0,6.48,66.67
410,122848,Serie A,25/26,Torino,Cristiano Biraghi,Defender,6.62,0.0,0.01,0.0,0.34,0.0,0.0,0.0,0.17,33.33,0.0,0.0,0.0,0.0,0.0,0.0,0.0,0.0,0.0,0.0,0.0,0.0,0.0,0.0,1.53,0.51,3.06,0.0,0.68,0.17,0.0,0.0,0.0,0.17,0.0,0.0,0.0,1.19,30.74,24.62,6.11,80.11,9.34,15.28,8.32,1.7,22.73,2.04,46.15,14,5,530,0.0,0.0,1.53,1.02,14.6,0.0,3.91,58.97,2.72,53.33,1.19,77.78
411,945062,Serie A,25/26,AC Milan,Youssouf Fofana,Midfielder,6.62,0.08,0.15,0.2,1.83,0.73,0.73,4.44,0.53,34.21,0.08,0.0,0.0,0.0,0.08,0.0,0.0,0.0,0.0,0.0,0.0,0.0,0.0,0.0,1.66,0.77,0.65,0.16,0.81,0.0,0.16,0.04,0.0,0.12,0.2,0.12,0.0,1.46,32.6,26.96,5.64,82.69,10.96,15.99,8.44,0.08,20.0,0.89,48.89,33,28,2217,0.16,0.0,0.85,0.65,10.03,1.01,3.25,41.67,2.84,43.75,0.41,31.25
412,105905,Serie A,25/26,Cagliari,Sulemana,Midfielder,6.62,0.1,0.16,0.1,1.1,0.2,0.5,9.09,1.1,47.83,0.1,0.0,0.0,0.0,0.1,0.1,0.0,0.0,0.0,0.0,0.0,0.0,0.0,0.0,1.9,0.5,1.6,0.3,0.6,0.0,0.2,0.1,0.0,0.1,0.0,0.0,0.0,0.6,38.91,34.32,4.59,88.21,18.06,16.26,6.19,0.0,0.0,1.1,55.0,19,7,902,0.3,0.0,1.3,1.0,9.08,1.0,5.49,49.11,3.99,49.38,1.5,48.39
413,1634980,Serie A,25/26,Atalanta,Honest Ahanor,Defender,6.62,0.0,0.13,0.33,0.85,0.26,0.46,0.0,0.33,62.5,0.0,0.0,0.0,0.0,0.0,0.0,0.0,0.0,0.0,0.0,0.0,0.0,0.0,0.0,2.35,1.5,3.2,0.65,0.72,0.0,0.07,0.0,0.0,0.26,0.0,0.0,0.0,0.13,46.6,41.77,4.83,89.64,27.28,14.49,6.33,0.07,50.0,0.85,38.24,22,15,1379,0.13,0.07,1.63,1.83,6.59,0.33,6.66,59.65,4.5,62.16,2.15,55.0
414,868958,Serie A,25/26,Hellas Verona,Moatasem Al-Musrati,Midfielder,6.62,0.0,0.03,0.0,0.96,0.11,0.32,0.0,0.0,0.0,0.0,0.0,0.0,0.0,0.0,0.0,0.11,0.0,0.0,0.0,0.0,0.0,0.0,0.0,1.49,0.96,2.66,0.85,1.06,0.0,0.0,0.0,0.0,0.11,0.0,0.11,0.0,0.74,51.0,42.18,8.82,82.71,19.98,22.21,7.97,0.11,50.0,3.51,51.56,18,8,847,0.43,0.11,1.59,0.32,11.05,0.74,3.29,37.8,1.81,33.33,1.49,45.16
415,1154898,Serie A,25/26,Sassuolo,Luca Lipani,Midfielder,6.62,0.0,0.07,0.09,1.05,0.26,0.44,0.0,0.44,50.0,0.0,0.0,0.0,0.0,0.0,0.0,0.09,0.0,0.0,0.0,0.0,0.0,0.0,0.0,2.54,1.31,2.28,0.18,1.49,0.0,0.0,0.0,0.0,0.09,0.09,0.09,0.0,0.96,42.29,35.46,6.83,83.85,17.77,17.68,7.44,0.0,0.0,2.19,54.35,24,10,1028,0.26,0.0,2.45,0.7,10.33,1.14,4.82,43.31,3.68,40.78,1.14,54.17
416,909991,Serie A,25/26,Bologna,Simon Sohm,Midfielder,6.62,0.0,0.05,0.06,0.56,0.06,0.31,0.0,0.69,68.75,0.0,0.0,0.0,0.0,0.0,0.0,0.19,0.0,0.0,0.0,0.0,0.0,0.0,0.0,1.25,0.5,0.69,0.31,0.25,0.0,0.0,0.0,0.0,0.06,0.19,0.06,0.0,0.94,35.74,30.54,5.19,85.46,15.77,14.77,6.51,0.06,14.29,1.19,59.38,28,18,1438,0.19,0.0,1.56,0.88,7.39,0.31,4.07,46.43,2.63,53.16,1.44,37.7
417,928777,Serie A,25/26,Cagliari,Michel Adopo,Midfielder,6.61,0.03,0.07,0.12,0.82,0.32,0.24,3.57,0.41,38.89,0.0,0.03,0.0,0.03,0.0,0.03,0.15,0.0,0.0,0.0,0.0,0.0,0.0,0.0,1.68,0.85,1.27,0.18,0.5,0.0,0.15,0.03,0.0,0.15,0.09,0.06,0.0,0.8,31.93,26.28,5.66,82.29,12.46,13.82,6.3,0.18,23.08,0.59,41.67,38,33,3055,0.12,0.0,1.03,0.74,9.37,1.09,3.74,45.85,2.83,46.83,0.91,43.06
418,877835,Serie A,25/26,Como,Nicolas-Gerrit Kühn,Forward,6.61,0.14,0.14,0.14,1.1,0.41,0.27,12.5,1.37,52.63,0.14,0.0,0.0,0.14,0.0,0.0,0.41,0.0,0.0,0.0,0.0,0.0,0.0,0.0,1.79,0.69,0.0,0.0,1.65,0.0,0.0,0.0,0.0,0.0,0.14,0.14,0.0,1.51,29.82,24.46,5.36,82.03,4.67,19.79,11.95,0.55,28.57,0.55,44.44,23,6,655,0.0,0.0,0.82,0.27,12.09,1.37,3.85,38.36,3.44,40.98,0.41,25.0
419,856737,Serie A,25/26,Torino,Zakaria Aboukhlal,Forward,6.61,0.0,0.06,0.0,1.21,0.35,0.52,0.0,1.04,35.29,0.0,0.0,0.0,0.0,0.0,0.0,1.21,0.0,0.0,0.0,0.0,0.0,0.0,0.0,3.81,0.17,1.38,0.17,1.9,0.0,0.0,0.0,0.0,0.0,0.17,0.0,0.0,0.52,28.73,21.29,7.44,74.1,8.65,12.63,6.92,0.35,11.11,1.04,37.5,15,6,520,0.69,0.0,2.08,1.9,17.31,1.04,7.44,46.74,6.75,49.37,0.69,30.77
420,1067204,Serie A,25/26,Fiorentina,Giovanni Fabbian,Midfielder,6.61,0.15,0.19,0.15,1.61,0.46,1.0,9.52,0.46,40.0,0.15,0.0,0.08,0.0,0.08,0.0,0.15,0.0,0.0,0.0,0.0,0.0,0.0,0.0,0.92,0.46,1.38,0.08,0.54,0.0,0.08,0.0,0.0,0.08,0.23,0.0,0.0,0.69,22.71,18.11,4.6,79.73,8.52,9.59,4.99,0.0,0.0,0.84,52.38,29,12,1173,0.15,0.0,1.46,2.07,8.98,1.07,5.83,48.1,3.38,49.44,2.46,46.38
421,911355,Serie A,25/26,Pisa,Simone Canestrelli,Defender,6.61,0.03,0.04,0.06,0.45,0.08,0.22,6.25,0.08,60.0,0.03,0.0,0.03,0.0,0.0,0.0,0.03,0.0,0.0,0.0,0.0,0.0,0.0,0.0,1.12,0.93,5.23,0.56,0.37,0.03,0.06,0.03,0.0,0.14,0.03,0.0,0.0,0.28,35.45,28.85,6.61,81.36,20.05,8.8,2.78,0.03,8.33,2.05,42.44,37,36,3201,0.11,0.0,1.18,0.59,9.5,0.17,4.44,57.25,1.8,52.03,2.64,61.44
422,273405,Serie A,25/26,Lazio,Manuel Lazzari,Defender,6.61,0.0,0.01,0.0,0.38,0.19,0.09,0.0,0.94,45.45,0.0,0.0,0.0,0.0,0.0,0.0,0.0,0.0,0.0,0.0,0.0,0.0,0.0,0.0,1.22,0.56,2.26,0.09,0.28,0.0,0.0,0.0,0.0,0.0,0.0,0.0,0.0,0.19,37.34,31.97,5.36,85.64,16.46,15.52,7.52,0.28,18.75,0.85,56.25,23,9,957,0.19,0.0,0.94,1.79,11.1,0.66,4.14,50.0,3.86,56.16,0.28,20.0
423,1175854,Serie A,25/26,Lecce,Oumar Ngom,Midfielder,6.61,0.0,0.02,0.0,0.53,0.21,0.0,0.0,0.64,54.55,0.0,0.0,0.0,0.0,0.0,0.0,0.0,0.0,0.0,0.0,0.0,0.0,0.0,0.0,2.55,1.38,1.7,0.21,1.17,0.0,0.0,0.0,0.0,0.0,0.0,0.0,0.0,0.43,27.73,22.85,4.89,82.38,10.09,12.75,5.63,0.11,33.33,1.06,55.56,15,10,847,0.11,0.0,1.59,0.64,8.08,0.96,4.99,47.47,3.72,47.95,1.28,46.15
424,1142692,Serie A,25/26,Torino,Rafael Obrador,Defender,6.61,0.08,0.01,0.0,0.56,0.16,0.24,14.29,0.72,32.14,0.0,0.08,0.0,0.08,0.0,0.0,0.08,0.0,0.0,0.0,0.0,0.0,0.0,0.0,1.84,0.88,1.92,0.08,0.8,0.08,0.0,0.0,0.0,0.08,0.16,0.24,0.0,1.04,28.77,23.4,5.37,81.34,12.74,10.66,5.37,1.2,25.42,1.12,37.84,16,14,1123,0.08,0.0,0.56,0.4,13.14,0.4,3.13,42.39,2.97,47.44,0.16,14.29
425,786259,Serie A,25/26,AS Roma,Kostas Tsimikas,Defender,6.61,0.0,0.06,0.14,0.98,0.0,0.56,0.0,0.84,60.0,0.0,0.0,0.0,0.0,0.0,0.0,0.14,0.0,0.0,0.0,0.0,0.0,0.0,0.0,1.54,1.12,2.52,0.28,0.84,0.0,0.0,0.0,0.0,0.0,0.0,0.0,0.0,0.56,37.03,29.63,7.41,80.0,14.53,15.09,7.27,0.98,16.28,1.12,30.77,18,6,644,0.14,0.0,1.26,1.12,16.63,1.12,4.19,47.62,3.49,48.08,0.7,45.45
426,309156,Serie A,25/26,Genoa,Caleb Ekuban,Forward,6.6,0.37,0.34,0.18,2.65,0.91,1.28,13.79,0.73,33.33,0.37,0.0,0.0,0.09,0.27,0.0,0.55,0.0,0.0,0.0,0.0,0.0,0.0,0.0,0.37,0.46,0.46,0.09,0.18,0.0,0.0,0.0,0.0,0.0,0.09,0.09,0.0,1.0,13.97,9.58,4.38,68.63,3.01,6.57,3.92,0.09,16.67,0.18,40.0,31,6,986,0.0,0.0,1.46,2.65,11.32,1.46,5.84,45.71,3.74,46.59,2.1,44.23
427,1495719,Serie A,25/26,Udinese,Matteo Palma,Defender,6.6,0.0,0.0,0.0,0.0,0.0,0.0,0.0,0.0,0.0,0.0,0.0,0.0,0.0,0.0,0.0,0.0,0.0,0.0,0.0,0.0,0.0,0.0,0.0,1.45,1.45,6.53,0.73,0.73,0.0,0.0,0.0,0.0,0.0,0.0,0.0,0.0,0.0,38.47,29.03,9.44,75.47,18.87,10.16,3.63,0.0,0.0,1.45,22.22,5,1,124,0.0,0.0,2.18,0.0,13.06,0.0,7.26,58.82,1.45,33.33,5.81,72.73
428,1469998,Serie A,25/26,Cagliari,Othniël Raterink,Defender,6.6,0.0,0.0,0.0,0.0,0.0,0.0,0.0,0.0,0.0,0.0,0.0,0.0,0.0,0.0,0.0,0.0,0.0,0.0,0.0,0.0,0.0,0.0,0.0,0.0,0.0,0.0,0.0,0.0,0.0,0.0,0.0,0.0,0.0,0.0,0.0,0.0,0.0,45.0,37.5,7.5,83.33,37.5,0.0,0.0,0.0,0.0,0.0,0.0,1,0,12,0.0,0.0,0.0,0.0,7.5,0.0,0.0,0.0,0.0,0.0,0.0,0.0
429,1184308,Serie A,25/26,AC Milan,Álex Jiménez,Defender,6.6,0.0,0.0,0.0,0.0,0.0,0.0,0.0,8.0,57.14,0.0,0.0,0.0,0.0,0.0,0.0,0.0,0.0,0.0,0.0,0.0,0.0,0.0,0.0,0.0,0.0,0.0,0.0,2.0,0.0,0.0,0.0,0.0,0.0,0.0,0.0,0.0,4.0,40.0,38.0,2.0,95.0,10.0,28.0,22.0,0.0,0.0,0.0,0.0,1,0,45,2.0,0.0,0.0,2.0,10.0,0.0,10.0,55.56,10.0,55.56,0.0,0.0
430,965009,Serie A,25/26,Parma,Gaetano Oristanio,Midfielder,6.6,0.11,0.21,0.21,2.52,0.42,1.05,4.17,1.58,48.39,0.11,0.0,0.0,0.11,0.0,0.21,0.42,0.0,0.0,0.0,0.0,0.0,0.0,0.0,0.95,0.21,0.63,0.0,0.84,0.0,0.0,0.0,0.0,0.0,0.0,0.0,0.0,1.05,16.38,13.44,2.94,82.05,2.52,10.92,6.93,0.42,25.0,1.05,90.91,20,8,857,0.11,0.0,1.37,2.1,12.18,2.73,5.46,43.33,4.52,42.57,0.95,47.37
431,945448,Serie A,25/26,Cagliari,Zé Pedro,Defender,6.6,0.0,0.04,0.05,0.37,0.0,0.32,0.0,0.26,71.43,0.0,0.0,0.0,0.0,0.0,0.05,0.0,0.0,0.0,0.0,0.0,0.0,0.0,0.0,1.63,1.05,4.31,0.68,1.16,0.05,0.11,0.0,0.0,0.21,0.05,0.05,0.0,0.16,50.07,43.56,6.51,86.99,30.37,13.19,4.52,0.0,0.0,1.79,36.17,23,20,1713,0.32,0.0,1.52,0.79,9.19,0.0,3.57,46.9,2.63,49.5,0.95,40.91
432,1012165,Serie A,25/26,Sassuolo,Gioele Zacchi,Goalkeeper,6.6,0.0,0.0,0.0,0.0,0.0,0.0,0.0,0.0,0.0,0.0,0.0,0.0,0.0,0.0,0.0,0.0,0.0,0.0,0.0,0.0,0.0,0.0,0.0,0.0,0.0,0.0,0.0,0.0,0.0,0.0,0.0,0.0,0.0,0.0,0.0,0.0,0.0,6.43,6.43,0.0,100.0,0.0,6.43,6.43,0.0,0.0,6.43,100.0,1,0,14,0.0,0.0,0.0,0.0,0.0,0.0,0.0,0.0,0.0,0.0,0.0,0.0
433,352728,Serie A,25/26,SSC Napoli,Nikita Contini,Goalkeeper,6.6,0.0,0.0,0.0,0.0,0.0,0.0,0.0,0.0,0.0,0.0,0.0,0.0,0.0,0.0,0.0,0.0,0.0,0.0,0.0,0.0,0.0,0.0,0.0,0.0,0.0,0.0,0.0,0.0,0.0,0.0,0.0,0.0,0.0,0.0,0.0,0.0,0.0,27.0,18.0,9.0,66.67,18.0,0.0,0.0,0.0,0.0,0.0,0.0,1,0,10,0.0,0.0,0.0,0.0,9.0,0.0,0.0,0.0,0.0,0.0,0.0,0.0
434,253369,Serie A,25/26,Hellas Verona,Simone Perilli,Goalkeeper,6.6,0.0,0.0,0.0,0.0,0.0,0.0,0.0,0.0,0.0,0.0,0.0,0.0,0.0,0.0,0.0,0.0,0.0,0.0,0.0,0.0,0.0,0.0,0.0,0.0,0.0,0.67,0.0,0.0,0.0,0.0,0.0,0.0,0.33,0.0,0.0,0.0,0.0,26.0,12.33,13.67,47.44,8.67,3.67,1.0,0.0,0.0,5.33,28.57,3,3,270,0.0,0.0,0.0,0.0,13.67,0.0,0.0,0.0,0.0,0.0,0.0,0.0
435,1403088,Serie A,25/26,Lecce,Olaf Gorter,Midfielder,6.6,0.0,0.0,0.0,0.0,0.0,0.0,0.0,0.0,0.0,0.0,0.0,0.0,0.0,0.0,0.0,0.0,0.0,0.0,0.0,0.0,0.0,0.0,0.0,3.33,0.0,0.0,0.0,0.0,0.0,0.0,0.0,0.0,0.0,0.0,0.0,0.0,0.0,63.33,60.0,3.33,94.74,33.33,26.67,16.67,0.0,0.0,3.33,100.0,2,0,27,0.0,0.0,3.33,0.0,3.33,0.0,3.33,50.0,3.33,50.0,0.0,0.0
436,1403204,Serie A,25/26,Genoa,Gael Lafont,Midfielder,6.6,0.0,0.0,0.0,0.0,0.0,0.0,0.0,0.0,0.0,0.0,0.0,0.0,0.0,0.0,0.0,0.0,0.0,0.0,0.0,0.0,0.0,0.0,0.0,0.0,0.0,0.0,0.0,0.0,0.0,0.0,0.0,0.0,0.0,0.0,0.0,0.0,0.0,126.0,117.0,9.0,92.86,54.0,63.0,36.0,0.0,0.0,0.0,0.0,1,0,10,0.0,0.0,0.0,0.0,9.0,0.0,0.0,0.0,0.0,0.0,0.0,0.0
437,788061,Serie A,25/26,Sassuolo,M'bala Nzola,Forward,6.6,0.24,0.43,0.3,2.31,0.65,1.01,10.26,1.12,51.35,0.24,0.0,0.0,0.24,0.0,0.12,0.89,0.0,0.18,0.12,66.67,0.0,0.0,0.0,0.47,0.18,0.71,0.06,0.18,0.0,0.0,0.0,0.0,0.18,0.06,0.06,0.0,1.18,17.59,13.86,3.73,78.79,4.14,9.71,6.39,0.06,14.29,0.41,70.0,30,15,1520,0.12,0.06,1.72,1.54,11.43,2.25,5.68,45.71,3.14,39.85,2.55,55.84
438,1493157,Serie A,25/26,Torino,Alieu Njie,Forward,6.6,0.29,0.29,0.87,1.74,0.87,0.87,16.67,2.03,46.67,0.0,0.29,0.0,0.0,0.29,0.29,0.0,0.0,0.0,0.0,0.0,0.0,0.0,0.0,1.74,0.0,0.29,0.0,0.29,0.29,0.0,0.0,0.0,0.0,0.0,0.29,0.0,0.87,17.65,12.73,4.92,72.13,3.18,9.55,6.37,0.0,0.0,0.0,0.0,15,2,311,0.58,0.0,2.32,2.32,13.31,2.03,7.23,45.45,6.08,46.67,1.16,40.0
439,1643838,Serie A,25/26,Genoa,Jacopo Grossi,Midfielder,6.6,0.0,0.26,0.0,4.29,0.0,0.0,0.0,0.0,0.0,0.0,0.0,0.0,0.0,0.0,0.0,0.0,0.0,0.0,0.0,0.0,0.0,4.29,0.0,0.0,0.0,0.0,0.0,4.29,0.0,0.0,0.0,0.0,0.0,0.0,0.0,0.0,0.0,60.0,55.71,4.29,92.86,25.71,30.0,12.86,0.0,0.0,4.29,100.0,1,0,21,0.0,0.0,0.0,0.0,17.14,0.0,0.0,0.0,0.0,0.0,0.0,0.0
440,1000366,Serie A,25/26,Cremonese,Warren Bondo,Midfielder,6.6,0.0,0.01,0.0,0.41,0.1,0.15,0.0,0.76,57.69,0.0,0.0,0.0,0.0,0.0,0.0,0.0,0.0,0.0,0.0,0.0,0.0,0.0,0.0,1.58,0.41,0.46,0.15,0.46,0.0,0.05,0.0,0.0,0.2,0.0,0.0,0.0,0.15,39.48,35.46,4.02,89.82,20.81,14.65,5.19,0.0,0.0,1.32,57.78,27,22,1769,0.25,0.0,1.98,1.68,7.12,1.02,4.32,49.13,4.02,50.97,0.31,33.33
441,1618552,Serie A,25/26,Cremonese,Simone Lottici Tessadri,Midfielder,6.6,0.0,0.45,0.0,11.25,0.0,11.25,0.0,0.0,0.0,0.0,0.0,0.0,0.0,0.0,0.0,0.0,0.0,0.0,0.0,0.0,0.0,0.0,0.0,0.0,0.0,0.0,0.0,0.0,0.0,0.0,0.0,0.0,0.0,0.0,0.0,0.0,0.0,22.5,22.5,0.0,100.0,0.0,22.5,11.25,0.0,0.0,0.0,0.0,1,0,8,0.0,0.0,0.0,0.0,0.0,0.0,0.0,0.0,0.0,0.0,0.0,0.0
442,1013041,Serie A,25/26,Cagliari,Nicolò Cavuoti,Midfielder,6.6,0.0,0.0,0.0,0.0,0.0,0.0,0.0,1.73,50.0,0.0,0.0,0.0,0.0,0.0,0.0,0.0,0.0,0.0,0.0,0.0,0.0,0.0,0.0,0.0,0.0,0.0,0.0,1.73,0.0,0.0,0.0,0.0,0.0,0.0,0.0,0.0,0.0,24.23,20.77,3.46,85.71,10.38,10.38,5.19,0.0,0.0,0.0,0.0,4,0,52,0.0,0.0,1.73,1.73,13.85,3.46,5.19,30.0,3.46,28.57,1.73,33.33
443,933203,Serie A,25/26,Genoa,Mikael Ellertsson,Midfielder,6.6,0.03,0.07,0.1,0.84,0.19,0.39,3.85,0.36,27.5,0.03,0.0,0.0,0.0,0.03,0.0,0.03,0.06,0.0,0.0,0.0,0.0,0.0,0.0,1.43,0.49,1.36,0.26,0.78,0.0,0.0,0.0,0.0,0.23,0.16,0.03,0.0,0.52,20.68,15.62,5.06,75.55,5.93,9.69,5.41,0.23,21.88,0.45,29.79,36,31,2777,0.03,0.03,0.91,1.36,9.92,0.58,3.5,45.76,3.08,48.97,0.42,30.95
444,1466806,Serie A,25/26,Lazio,Adrian Przyborek,Midfielder,6.6,0.0,0.23,0.0,11.25,0.0,11.25,0.0,0.0,0.0,0.0,0.0,0.0,0.0,0.0,0.0,0.0,0.0,0.0,0.0,0.0,0.0,0.0,0.0,0.0,0.0,0.0,0.0,0.0,0.0,0.0,0.0,0.0,0.0,0.0,0.0,0.0,0.0,90.0,78.75,11.25,87.5,67.5,11.25,0.0,0.0,0.0,0.0,0.0,1,0,8,0.0,0.0,0.0,0.0,11.25,0.0,0.0,0.0,0.0,0.0,0.0,0.0
445,989276,Serie A,25/26,Sassuolo,Josh Doig,Defender,6.59,0.0,0.03,0.05,0.51,0.19,0.28,0.0,0.42,30.0,0.0,0.0,0.0,0.0,0.0,0.05,0.0,0.0,0.0,0.0,0.0,0.0,0.0,0.0,1.54,1.07,2.52,0.65,0.42,0.05,0.05,0.05,0.0,0.19,0.19,0.0,0.0,0.7,34.21,28.04,6.17,81.97,14.95,13.08,5.51,0.61,34.21,0.65,24.56,30,22,1926,0.23,0.0,0.75,0.89,12.52,0.56,4.16,50.28,2.8,51.72,1.36,47.54
446,208988,Serie A,25/26,Fiorentina,Pablo Marí,Defender,6.59,0.0,0.0,0.0,0.22,0.0,0.22,0.0,0.0,0.0,0.0,0.0,0.0,0.0,0.0,0.0,0.0,0.0,0.0,0.0,0.0,0.0,0.0,0.0,1.33,2.45,5.23,0.78,0.33,0.0,0.0,0.0,0.0,0.11,0.0,0.0,0.0,0.22,50.62,46.5,4.12,91.87,35.49,11.01,2.34,0.0,0.0,1.78,40.0,11,9,809,0.33,0.0,1.89,0.89,4.67,0.0,4.23,50.67,2.22,50.0,2.0,51.43
447,907667,Serie A,25/26,Torino,Tino Anjorin,Midfielder,6.59,0.0,0.15,0.31,1.26,0.31,0.0,0.0,0.94,60.0,0.0,0.0,0.0,0.0,0.0,0.0,0.31,0.0,0.0,0.0,0.0,0.0,0.0,0.0,2.83,1.89,1.26,0.31,0.63,0.0,0.0,0.0,0.0,0.0,0.0,0.0,0.0,0.94,39.02,31.78,7.24,81.45,11.64,20.14,9.13,0.31,100.0,0.94,42.86,15,1,286,0.31,0.0,2.52,0.31,12.27,0.63,6.61,50.0,4.09,48.15,2.52,53.33
448,1149288,Serie A,25/26,Juventus,Vasilije Adžić,Midfielder,6.59,0.47,0.11,0.0,2.8,1.87,0.47,16.67,0.47,14.29,0.0,0.47,0.0,0.0,0.47,0.0,0.0,0.0,0.0,0.0,0.0,0.0,0.47,0.0,1.87,0.93,1.4,0.0,0.93,0.47,0.47,0.0,0.0,0.0,0.0,0.0,0.0,1.87,46.63,40.1,6.53,86.0,15.85,24.25,14.46,0.0,0.0,1.87,66.67,10,1,193,0.0,0.0,1.4,0.93,13.99,0.93,3.73,28.57,3.26,35.0,0.47,12.5
449,886628,Serie A,25/26,Lecce,Þórir Jóhann Helgason,Midfielder,6.59,0.0,0.13,0.0,1.86,1.24,0.0,0.0,3.72,85.71,0.0,0.0,0.0,0.0,0.0,0.0,0.0,0.0,0.0,0.0,0.0,0.0,0.62,0.0,1.24,1.86,0.0,1.24,0.0,0.0,0.0,0.0,0.0,0.0,0.0,0.0,0.0,1.86,28.55,20.48,8.07,71.74,4.97,15.52,8.69,1.86,50.0,0.62,25.0,8,1,145,0.0,0.0,0.0,0.0,14.9,1.86,5.59,60.0,4.97,66.67,0.62,33.33
450,978327,Serie A,25/26,Lecce,N'Dri Konan,Forward,6.59,0.33,0.17,0.16,3.13,0.82,1.65,10.53,1.65,22.73,0.0,0.33,0.0,0.33,0.0,0.0,0.33,0.0,0.0,0.0,0.0,0.0,0.16,0.0,1.81,0.33,0.0,0.0,1.48,0.0,0.0,0.0,0.0,0.0,0.33,0.0,0.0,0.66,21.76,15.16,6.59,69.7,2.97,12.2,8.9,0.33,8.7,0.82,55.56,27,1,546,0.49,0.0,1.48,2.97,22.91,2.47,7.25,36.97,6.43,37.14,0.82,35.71
451,1086417,Serie A,25/26,SSC Napoli,Rasmus Højlund,Forward,6.59,0.39,0.35,0.33,1.96,0.81,0.68,20.0,0.39,35.29,0.39,0.0,0.07,0.2,0.13,0.03,0.65,0.0,0.03,0.03,100.0,0.0,0.0,0.0,0.13,0.0,0.49,0.07,0.13,0.0,0.0,0.0,0.0,0.2,0.16,0.16,0.0,1.08,16.53,12.32,4.2,74.56,3.62,8.7,5.48,0.07,66.67,0.26,80.0,33,32,2761,0.03,0.0,1.21,1.73,10.33,2.02,3.62,35.92,2.22,35.98,1.4,35.83
452,962364,Serie A,25/26,SSC Napoli,Lorenzo Lucca,Forward,6.59,0.21,0.27,0.43,3.21,1.07,0.86,6.67,1.29,66.67,0.21,0.0,0.0,0.0,0.21,0.21,0.86,0.0,0.0,0.0,0.0,0.0,0.0,0.0,0.0,0.0,0.64,0.0,0.21,0.0,0.0,0.0,0.0,0.0,0.21,0.0,0.0,0.43,14.14,11.14,3.0,78.79,3.86,7.29,4.71,0.0,0.0,0.21,100.0,16,4,420,0.21,0.0,3.64,2.79,9.21,1.93,6.0,41.79,3.86,40.0,2.14,45.45
453,1000150,Serie A,25/26,Cagliari,Zito Luvumbo,Forward,6.58,0.0,0.3,0.54,3.22,1.61,1.34,0.0,0.81,25.0,0.0,0.0,0.0,0.0,0.0,0.0,0.0,0.0,0.0,0.0,0.0,0.0,0.0,0.0,0.54,0.27,0.27,0.0,0.81,0.0,0.0,0.0,0.0,0.0,0.27,0.0,0.0,0.81,17.46,13.43,4.03,76.92,3.22,10.21,5.64,0.54,28.57,0.0,0.0,12,2,335,0.0,0.0,1.07,4.84,12.63,1.34,6.45,50.0,6.18,53.49,0.27,20.0
454,377512,Serie A,25/26,SSC Napoli,Pasquale Mazzocchi,Midfielder,6.58,0.0,0.01,0.0,0.57,0.28,0.28,0.0,1.14,44.44,0.0,0.0,0.0,0.0,0.0,0.0,0.28,0.0,0.0,0.0,0.0,0.0,0.0,0.0,0.57,0.85,2.85,0.0,0.28,0.0,0.28,0.0,0.0,0.0,0.57,0.28,0.0,1.14,48.13,40.73,7.41,84.62,18.51,22.22,10.25,1.14,26.67,1.14,40.0,16,2,316,0.0,0.28,0.28,0.0,17.09,1.14,3.42,46.15,1.71,35.29,1.71,66.67
455,108673,Serie A,25/26,Genoa,Nicolae Stanciu,Midfielder,6.58,0.0,0.57,0.47,2.36,0.0,1.41,0.0,0.47,50.0,0.0,0.0,0.0,0.0,0.0,0.0,0.0,0.0,0.47,0.0,0.0,0.0,0.47,0.0,1.88,1.41,0.94,0.0,0.0,0.0,0.0,0.0,0.0,0.0,0.0,0.0,0.0,0.94,37.23,27.8,9.42,74.68,15.08,12.72,10.37,0.47,11.11,2.36,71.43,4,2,191,0.0,0.0,0.47,0.94,16.96,0.94,3.77,61.54,3.3,63.64,0.47,50.0
456,78893,Serie A,25/26,SSC Napoli,Romelu Lukaku,Forward,6.58,1.8,0.47,1.8,3.6,1.8,1.8,50.0,0.0,0.0,1.8,0.0,0.0,1.8,0.0,0.0,0.0,0.0,0.0,0.0,0.0,0.0,0.0,0.0,0.0,0.0,1.8,1.8,0.0,0.0,0.0,0.0,0.0,0.0,0.0,0.0,0.0,3.6,28.8,19.8,9.0,68.75,5.4,14.4,12.6,0.0,0.0,0.0,0.0,5,0,50,1.8,0.0,3.6,0.0,21.6,3.6,0.0,0.0,0.0,0.0,0.0,0.0
457,972523,Serie A,25/26,Hellas Verona,Cheikh Niasse,Midfielder,6.58,0.0,0.02,0.0,0.55,0.09,0.37,0.0,0.37,66.67,0.0,0.0,0.0,0.0,0.0,0.0,0.18,0.0,0.0,0.0,0.0,0.0,0.0,0.0,1.92,1.28,1.65,0.46,0.92,0.0,0.0,0.09,0.0,0.0,0.0,0.09,0.0,1.01,33.05,26.83,6.23,81.16,11.81,15.02,5.68,0.55,50.0,0.64,33.33,20,11,983,0.09,0.0,1.83,1.37,9.06,0.46,5.58,47.66,3.66,54.79,1.92,38.18
458,1459764,Serie A,25/26,Pisa,Lorran,Midfielder,6.58,0.8,0.81,0.0,2.39,0.8,0.8,33.33,4.78,50.0,0.8,0.0,0.0,0.8,0.0,0.0,0.0,0.0,0.0,0.0,0.0,0.0,0.0,0.0,3.98,2.39,0.8,0.0,0.8,0.0,0.0,0.0,0.0,0.0,0.0,0.0,0.0,0.8,47.79,37.43,10.35,78.33,14.34,23.1,15.13,0.8,25.0,2.39,37.5,9,0,113,0.0,0.0,0.0,2.39,26.28,1.59,11.15,53.85,11.15,60.87,0.0,0.0
459,116666,Serie A,25/26,Pisa,Antonio Caracciolo,Defender,6.58,0.06,0.06,0.03,0.73,0.18,0.41,8.0,0.09,33.33,0.06,0.0,0.0,0.0,0.06,0.0,0.06,0.0,0.0,0.0,0.0,0.0,0.0,0.0,2.08,1.46,5.62,0.7,0.97,0.03,0.03,0.03,0.03,0.15,0.0,0.0,0.0,0.06,36.07,30.39,5.68,84.25,23.57,6.82,1.58,0.03,33.33,1.84,38.65,35,34,3074,0.29,0.0,1.17,0.32,6.97,0.23,4.07,53.26,2.46,50.6,1.61,57.89
460,1945133,Serie A,25/26,Hellas Verona,Fallou Cham,Defender,6.58,0.0,0.13,0.0,1.91,0.77,1.15,0.0,0.38,50.0,0.0,0.0,0.0,0.0,0.0,0.0,0.38,0.0,0.0,0.0,0.0,0.0,0.0,0.0,5.36,1.53,2.3,0.0,1.15,0.0,0.0,0.0,0.0,0.0,0.38,0.0,0.0,1.53,20.3,12.26,8.04,60.38,6.13,6.13,3.83,0.38,10.0,1.15,60.0,6,3,235,0.0,0.0,2.68,1.91,16.09,0.38,8.43,61.11,7.66,62.5,0.77,50.0
461,1142606,Serie A,25/26,Cagliari,Semih Kılıçsoy,Forward,6.58,0.37,0.17,0.0,1.55,0.73,0.27,23.53,1.28,56.0,0.27,0.09,0.09,0.09,0.18,0.0,0.18,0.0,0.0,0.0,0.0,0.0,0.0,0.0,0.46,0.09,0.0,0.09,0.0,0.0,0.0,0.0,0.0,0.0,0.0,0.0,0.0,1.01,21.95,16.92,5.03,77.08,6.59,10.34,4.57,0.09,100.0,1.19,92.86,22,11,984,0.09,0.0,1.28,1.37,12.53,2.65,3.66,31.75,3.11,39.08,0.55,15.38
462,798820,Serie A,25/26,AS Roma,Artem Dovbyk,Forward,6.57,0.68,0.57,0.68,2.73,1.36,1.14,25.0,0.45,66.67,0.68,0.0,0.23,0.45,0.0,0.23,0.91,0.0,0.0,0.0,0.0,0.0,0.0,0.0,0.68,0.23,0.68,0.0,0.0,0.0,0.0,0.0,0.0,0.0,0.45,0.23,0.0,2.5,19.77,14.09,5.68,71.26,2.95,11.14,6.59,0.0,0.0,0.0,0.0,14,3,396,0.0,0.0,2.5,1.36,12.5,2.5,5.91,46.43,2.5,33.33,3.41,65.22
463,892521,Serie A,25/26,Hellas Verona,Unai Núñez,Defender,6.57,0.0,0.03,0.0,0.5,0.07,0.21,0.0,0.64,75.0,0.0,0.0,0.0,0.0,0.0,0.0,0.0,0.0,0.0,0.0,0.0,0.0,0.0,0.0,1.71,1.64,4.41,0.92,0.5,0.0,0.0,0.0,0.07,0.14,0.0,0.0,0.0,0.36,39.27,30.66,8.61,78.08,16.43,14.23,5.98,0.21,27.27,2.99,43.3,17,15,1265,0.36,0.0,1.92,0.71,10.67,0.14,4.98,50.0,2.99,53.16,1.99,45.9
464,927304,Serie A,25/26,Cagliari,Gabriele Zappa,Defender,6.57,0.0,0.05,0.11,0.62,0.11,0.39,0.0,0.28,35.71,0.0,0.0,0.0,0.0,0.0,0.06,0.0,0.0,0.0,0.0,0.0,0.0,0.0,0.0,1.57,0.95,2.52,0.11,1.06,0.0,0.06,0.0,0.0,0.06,0.22,0.17,0.0,0.73,49.42,41.7,7.72,84.37,23.73,17.97,8.06,0.73,35.14,1.74,38.75,31,18,1608,0.11,0.0,0.73,0.28,11.64,0.17,2.74,46.67,2.13,46.91,0.62,45.83
465,892430,Serie A,25/26,Sassuolo,Fali Candé,Defender,6.57,0.0,0.04,0.0,0.53,0.0,0.53,0.0,0.0,0.0,0.0,0.0,0.0,0.0,0.0,0.0,0.0,0.0,0.0,0.0,0.0,0.0,0.0,0.0,1.58,0.35,4.92,0.53,0.7,0.0,0.18,0.18,0.0,0.0,0.0,0.0,0.0,0.18,33.57,25.66,7.91,76.44,16.35,9.32,2.99,0.0,0.0,1.05,25.0,12,5,512,0.35,0.0,1.58,1.05,11.95,0.18,4.57,46.43,2.64,53.57,1.93,39.29
466,139410,Serie A,25/26,Cremonese,Federico Ceccherini,Defender,6.57,0.0,0.04,0.0,0.92,0.37,0.55,0.0,0.18,100.0,0.0,0.0,0.0,0.0,0.0,0.0,0.0,0.0,0.0,0.0,0.0,0.0,0.0,0.0,1.29,1.29,4.6,0.92,0.0,0.0,0.0,0.0,0.0,0.0,0.18,0.18,0.0,0.37,41.6,33.31,8.28,80.09,23.01,10.31,4.23,0.0,0.0,1.66,28.13,9,6,489,0.18,0.18,1.84,1.66,11.6,0.18,5.89,60.38,2.94,61.54,2.94,59.26
467,849274,Serie A,25/26,Cremonese,Youssef Maleh,Midfielder,6.57,0.06,0.06,0.06,1.26,0.23,0.75,4.55,0.4,43.75,0.0,0.06,0.0,0.06,0.0,0.06,0.0,0.0,0.0,0.0,0.0,0.0,0.0,0.0,2.18,0.8,1.95,0.17,0.75,0.06,0.0,0.0,0.0,0.11,0.06,0.0,0.0,0.52,33.71,26.43,7.28,78.4,12.38,14.04,6.54,0.52,17.31,1.49,37.68,23,19,1570,0.23,0.06,2.06,1.03,12.84,0.92,4.24,45.4,3.61,46.32,0.63,40.74
468,1009661,Serie A,25/26,Udinese,Oier Zarraga,Midfielder,6.57,0.0,0.05,0.18,0.72,0.18,0.18,0.0,0.18,33.33,0.0,0.0,0.0,0.0,0.0,0.18,0.0,0.0,0.0,0.0,0.0,0.0,0.0,0.0,1.09,1.09,2.54,0.54,2.72,0.0,0.0,0.0,0.0,0.0,0.18,0.0,0.0,0.36,28.61,25.71,2.9,89.87,10.68,15.03,7.06,0.36,16.67,0.72,36.36,24,2,497,0.36,0.0,1.45,0.91,7.06,0.54,3.62,37.04,2.17,30.0,1.45,57.14
469,1525361,Serie A,25/26,Pisa,Mateus Lusuardi,Defender,6.57,0.0,0.03,0.0,1.81,0.0,0.45,0.0,0.45,50.0,0.0,0.0,0.0,0.0,0.0,0.0,0.0,0.0,0.0,0.0,0.0,0.0,0.0,0.0,0.9,0.0,5.43,2.26,1.36,0.0,0.0,0.0,0.0,0.0,0.0,0.0,0.0,0.45,35.73,29.4,6.33,82.28,21.71,7.69,1.81,0.0,0.0,1.81,44.44,3,3,199,0.45,0.0,1.81,0.0,7.69,0.0,4.97,52.38,1.36,27.27,3.62,80.0
470,125407,Serie A,25/26,Como,Álvaro Morata,Forward,6.56,0.0,0.48,0.77,2.22,0.77,1.06,0.0,0.19,28.57,0.0,0.0,0.0,0.0,0.0,0.0,0.87,0.1,0.1,0.0,0.0,0.0,0.1,0.0,1.35,0.1,0.77,0.0,0.58,0.0,0.0,0.0,0.0,0.1,0.1,0.1,0.0,0.97,22.31,16.8,5.5,75.32,6.18,10.62,6.18,0.29,33.33,0.97,71.43,26,9,932,0.19,0.1,1.55,3.19,10.04,1.26,6.28,52.42,4.73,55.06,1.55,45.71
471,895592,Serie A,25/26,Cremonese,Martín Payero,Midfielder,6.56,0.06,0.11,0.06,1.42,0.49,0.62,4.35,1.36,45.83,0.0,0.06,0.0,0.0,0.06,0.06,0.12,0.0,0.0,0.0,0.0,0.0,0.0,0.0,1.17,0.62,1.11,0.19,0.56,0.0,0.0,0.0,0.0,0.06,0.06,0.0,0.0,0.74,28.27,21.36,6.91,75.55,8.15,13.21,5.8,0.49,23.53,0.74,33.33,25,16,1458,0.49,0.0,2.28,2.1,14.51,1.36,5.74,43.26,4.51,45.34,1.23,37.04
472,1613917,Serie A,25/26,Genoa,Jeff Ekhator,Forward,6.56,0.28,0.27,0.38,1.9,0.47,0.85,15.0,1.14,54.55,0.28,0.0,0.0,0.09,0.19,0.0,0.95,0.09,0.0,0.0,0.0,0.0,0.0,0.0,1.14,0.19,0.47,0.0,0.57,0.0,0.0,0.0,0.0,0.0,0.09,0.0,0.0,0.95,16.98,9.96,7.02,58.66,3.51,6.45,3.7,0.0,0.0,0.19,50.0,30,9,949,0.28,0.0,1.9,1.8,14.23,1.61,6.54,45.39,4.08,44.79,2.47,46.43
473,139273,Serie A,25/26,Fiorentina,Daniele Rugani,Defender,6.56,0.0,0.02,0.15,0.15,0.0,0.15,0.0,0.0,0.0,0.0,0.0,0.0,0.0,0.0,0.0,0.0,0.0,0.0,0.0,0.0,0.0,0.0,0.0,1.21,1.36,4.55,0.61,0.15,0.15,0.3,0.15,0.0,0.15,0.0,0.0,0.0,0.0,48.94,44.85,4.09,91.64,35.45,9.39,1.06,0.0,0.0,1.52,52.63,12,7,594,0.3,0.0,1.36,0.0,4.39,0.0,3.48,51.11,1.21,50.0,2.27,51.72
474,1013239,Serie A,25/26,Sassuolo,Edoardo Iannoni,Midfielder,6.55,0.33,0.14,0.0,1.0,0.33,0.67,33.33,0.0,0.0,0.33,0.0,0.33,0.0,0.0,0.0,0.33,0.0,0.0,0.0,0.0,0.0,0.0,0.0,2.01,1.0,2.01,0.0,1.34,0.0,0.33,0.0,0.0,0.0,0.0,0.0,0.0,0.0,37.14,30.45,6.69,81.98,14.39,16.06,9.37,0.0,0.0,0.0,0.0,15,1,269,1.0,0.0,3.68,0.0,12.38,1.0,4.35,35.14,2.01,21.43,2.34,77.78
475,910121,Serie A,25/26,Lazio,Fisayo Dele-Bashiru,Midfielder,6.55,0.08,0.07,0.0,0.68,0.15,0.46,11.11,0.38,38.46,0.08,0.0,0.0,0.0,0.08,0.0,0.15,0.0,0.0,0.0,0.0,0.0,0.0,0.0,1.44,0.23,0.76,0.0,0.23,0.0,0.15,0.0,0.0,0.15,0.08,0.0,0.0,0.84,34.1,31.44,2.66,92.2,13.59,17.85,8.89,0.15,20.0,0.23,42.86,24,11,1185,0.0,0.0,0.61,0.23,6.68,1.14,2.35,41.89,2.05,45.0,0.3,28.57
476,989371,Serie A,25/26,Sassuolo,Aster Vranckx,Midfielder,6.55,0.0,0.02,0.0,0.39,0.13,0.13,0.0,0.39,23.08,0.0,0.0,0.0,0.0,0.0,0.0,0.13,0.0,0.0,0.0,0.0,0.0,0.0,0.0,2.08,0.0,1.95,0.0,1.43,0.0,0.0,0.0,0.0,0.0,0.0,0.0,0.0,0.26,31.86,26.92,4.94,84.49,15.74,11.18,4.81,0.13,20.0,0.91,58.33,16,9,692,0.26,0.0,2.08,2.21,10.66,1.04,5.72,47.83,4.68,45.57,1.04,61.54
477,970778,Serie A,25/26,Pisa,Gabriele Piccinini,Midfielder,6.55,0.0,0.23,0.52,1.96,0.72,0.62,0.0,0.41,33.33,0.0,0.0,0.0,0.0,0.0,0.0,0.0,0.0,0.0,0.0,0.0,0.0,0.0,0.0,2.27,0.21,1.03,0.1,0.72,0.0,0.0,0.0,0.0,0.0,0.21,0.0,0.0,0.72,23.94,18.78,5.16,78.45,8.77,10.01,5.26,0.21,10.53,0.72,63.64,25,5,872,0.31,0.0,1.14,1.24,10.53,1.14,5.57,49.54,3.82,50.68,1.75,47.22
478,1397347,Serie A,25/26,Torino,Ali Dembélé,Defender,6.55,0.0,0.23,0.0,3.75,0.0,3.75,0.0,0.0,0.0,0.0,0.0,0.0,0.0,0.0,0.0,0.0,0.0,0.0,0.0,0.0,0.0,0.0,0.0,0.0,0.0,7.5,0.0,0.0,0.0,0.0,0.0,0.0,0.0,0.0,0.0,0.0,0.0,22.5,18.75,3.75,83.33,7.5,11.25,3.75,0.0,0.0,3.75,100.0,2,0,24,0.0,0.0,0.0,0.0,18.75,0.0,3.75,50.0,0.0,0.0,3.75,100.0
479,826198,Serie A,25/26,Sassuolo,Andrea Pinamonti,Forward,6.55,0.31,0.31,0.52,2.52,1.05,0.94,12.5,0.17,26.32,0.31,0.0,0.03,0.07,0.21,0.07,0.45,0.03,0.03,0.0,0.0,0.0,0.0,0.0,0.38,0.03,0.59,0.07,0.1,0.03,0.03,0.0,0.0,0.03,0.14,0.1,0.0,0.59,16.35,11.91,4.44,72.86,6.18,5.73,3.25,0.07,18.18,0.24,63.64,36,32,2576,0.07,0.03,0.49,1.15,8.04,1.08,3.6,39.62,1.61,43.4,1.99,37.01
480,1464187,Serie A,25/26,Cagliari,Agustín Albarracín,Midfielder,6.55,0.0,0.0,0.0,0.0,0.0,0.0,0.0,0.0,0.0,0.0,0.0,0.0,0.0,0.0,0.0,0.0,0.0,0.0,0.0,0.0,0.0,0.0,0.0,0.0,0.0,0.0,0.0,2.9,0.0,0.0,0.0,0.0,0.0,0.0,0.0,0.0,0.0,46.45,40.65,5.81,87.5,8.71,31.94,5.81,0.0,0.0,0.0,0.0,2,0,31,0.0,0.0,0.0,8.71,14.52,0.0,8.71,60.0,8.71,60.0,0.0,0.0
481,1121333,Serie A,25/26,Fiorentina,Amir Richardson,Midfielder,6.55,0.0,0.04,0.0,2.25,0.0,2.25,0.0,2.25,25.0,0.0,0.0,0.0,0.0,0.0,0.0,0.0,0.0,0.0,0.0,0.0,0.0,0.0,0.0,2.25,0.0,4.5,0.0,0.0,0.0,0.0,0.0,0.0,0.0,0.0,0.0,0.0,0.0,65.25,45.0,20.25,68.97,13.5,31.5,13.5,0.0,0.0,2.25,100.0,2,0,40,0.0,0.0,2.25,6.75,36.0,2.25,13.5,50.0,11.25,50.0,2.25,50.0
482,1459459,Serie A,25/26,Parma,Benjamin Cremaschi,Midfielder,6.55,0.0,0.01,0.0,0.62,0.0,0.62,0.0,1.25,50.0,0.0,0.0,0.0,0.0,0.0,0.0,0.0,0.0,0.0,0.0,0.0,0.0,0.0,0.0,1.25,0.0,3.12,0.62,1.25,0.0,0.0,0.0,0.0,0.62,0.0,0.0,0.0,0.62,31.88,23.12,8.75,72.55,5.0,18.12,10.0,0.62,16.67,0.62,16.67,8,2,144,0.0,0.0,1.25,0.0,16.88,1.88,4.38,41.18,2.5,30.77,1.88,75.0
483,1923599,Serie A,25/26,AS Roma,Antonio Arena,Forward,6.55,0.0,0.76,0.0,7.2,0.0,0.0,0.0,0.0,0.0,0.0,0.0,0.0,0.0,0.0,0.0,3.6,0.0,0.0,0.0,0.0,0.0,0.0,0.0,0.0,0.0,0.0,0.0,3.6,0.0,0.0,0.0,0.0,0.0,0.0,0.0,0.0,0.0,14.4,10.8,3.6,75.0,3.6,7.2,3.6,0.0,0.0,0.0,0.0,2,0,25,0.0,0.0,0.0,0.0,10.8,7.2,0.0,0.0,0.0,0.0,0.0,0.0
484,1514800,Serie A,25/26,AS Roma,Robinio Vaz,Forward,6.54,0.41,0.21,0.0,2.04,0.81,0.81,20.0,0.0,0.0,0.41,0.0,0.41,0.0,0.0,0.0,1.22,0.0,0.0,0.0,0.0,0.0,0.0,0.0,0.0,0.81,0.41,0.0,0.41,0.0,0.0,0.0,0.0,0.0,0.0,0.0,0.0,0.0,14.25,9.37,4.89,65.71,2.44,6.92,4.89,0.41,33.33,0.0,0.0,12,0,221,0.0,0.0,0.81,4.89,13.85,2.44,6.92,43.59,4.89,52.17,2.04,31.25
485,1100354,Serie A,25/26,Cremonese,Romano Floriani Mussolini,Midfielder,6.54,0.0,0.03,0.0,0.38,0.08,0.23,0.0,0.46,37.5,0.0,0.0,0.0,0.0,0.0,0.0,0.15,0.15,0.0,0.0,0.0,0.0,0.0,0.0,2.05,0.38,2.81,0.38,0.61,0.0,0.08,0.0,0.0,0.08,0.3,0.08,0.0,0.68,23.39,16.41,6.99,70.13,7.44,8.96,4.56,0.3,13.79,0.3,21.05,28,12,1185,0.15,0.0,1.59,0.38,12.91,0.68,4.48,45.04,2.73,43.37,1.75,47.92
486,934409,Serie A,25/26,Torino,Marcus Pedersen,Midfielder,6.54,0.04,0.07,0.04,0.63,0.13,0.34,6.67,0.38,42.86,0.04,0.0,0.04,0.0,0.0,0.0,0.13,0.0,0.0,0.0,0.0,0.0,0.0,0.0,0.97,0.42,0.97,0.17,0.63,0.08,0.04,0.0,0.0,0.34,0.17,0.08,0.0,0.84,23.24,17.93,5.3,77.17,7.87,10.06,4.59,0.84,18.52,0.84,32.79,29,23,2138,0.13,0.0,1.3,0.25,13.51,0.55,1.89,32.37,1.6,35.51,0.29,21.88
487,1157382,Serie A,25/26,Lecce,Alex Sala,Midfielder,6.54,0.0,0.12,0.49,1.98,0.99,0.49,0.0,0.0,0.0,0.0,0.0,0.0,0.0,0.0,0.0,0.0,0.0,0.0,0.0,0.0,0.0,0.0,0.0,1.98,1.48,0.99,0.0,2.97,0.0,0.0,0.0,0.0,0.0,0.0,0.49,0.0,1.48,37.09,32.14,4.95,86.67,7.91,24.23,15.33,1.98,33.33,1.48,60.0,9,2,182,0.0,0.0,2.97,2.47,14.84,1.48,4.95,33.33,4.45,36.0,0.49,20.0
488,930191,Serie A,25/26,Genoa,Lorenzo Colombo,Forward,6.54,0.27,0.32,0.42,2.52,1.03,0.99,10.61,0.73,38.0,0.23,0.04,0.0,0.23,0.04,0.04,0.11,0.04,0.08,0.04,50.0,0.0,0.0,0.0,0.76,0.04,0.76,0.08,0.38,0.0,0.0,0.04,0.0,0.0,0.08,0.04,0.0,0.73,18.24,12.85,5.39,70.44,4.32,8.53,4.93,0.04,5.88,0.23,37.5,38,30,2353,0.08,0.0,1.57,2.1,12.51,1.87,5.74,37.22,3.4,41.78,2.33,32.11
489,981470,Serie A,25/26,Lecce,Corrie Ndaba,Defender,6.54,0.0,0.02,0.0,0.33,0.0,0.16,0.0,0.98,100.0,0.0,0.0,0.0,0.0,0.0,0.0,0.0,0.0,0.0,0.0,0.0,0.0,0.0,0.0,1.14,0.65,6.03,0.16,0.49,0.16,0.0,0.0,0.0,0.0,0.0,0.0,0.0,0.33,32.45,27.07,5.38,83.42,14.51,12.55,5.54,0.16,25.0,1.63,41.67,14,6,552,0.0,0.0,0.33,0.0,7.34,0.16,3.26,58.82,2.12,68.42,1.14,46.67
490,284367,Serie A,25/26,Pisa,Arturo Calabresi,Defender,6.54,0.0,0.01,0.0,0.24,0.06,0.06,0.0,0.12,22.22,0.0,0.0,0.0,0.0,0.0,0.0,0.06,0.06,0.0,0.0,0.0,0.0,0.0,0.0,1.13,1.13,4.1,0.77,1.19,0.0,0.0,0.0,0.0,0.06,0.0,0.0,0.0,0.24,30.81,25.35,5.46,82.27,17.16,8.19,3.5,0.18,17.65,1.72,42.65,26,17,1516,0.47,0.0,1.96,1.48,9.97,0.3,3.62,41.78,2.49,40.0,1.13,46.34
491,957921,Serie A,25/26,Parma,Oliver Sørensen,Midfielder,6.53,0.05,0.08,0.1,0.74,0.15,0.34,6.67,0.34,30.43,0.05,0.0,0.05,0.0,0.0,0.05,0.1,0.0,0.0,0.0,0.0,0.0,0.0,0.0,0.88,0.83,1.52,0.1,0.74,0.0,0.0,0.0,0.0,0.1,0.05,0.05,0.0,0.49,25.21,20.89,4.32,82.88,8.19,12.7,6.72,0.1,14.29,0.83,48.57,34,19,1835,0.1,0.0,0.64,0.98,8.24,0.83,2.8,40.14,2.11,41.75,0.69,35.9
492,19352,Serie A,25/26,Inter,Matteo Darmian,Midfielder,6.53,0.0,0.0,0.0,0.0,0.0,0.0,0.0,0.0,0.0,0.0,0.0,0.0,0.0,0.0,0.0,0.37,0.0,0.0,0.0,0.0,0.0,0.0,0.0,1.1,0.37,1.46,1.1,0.0,0.0,0.0,0.0,0.0,0.0,0.0,0.0,0.0,0.0,44.27,40.24,4.02,90.91,16.1,24.15,12.8,0.37,16.67,1.1,42.86,6,2,246,0.0,0.0,1.46,0.73,8.78,0.0,2.2,40.0,1.83,45.45,0.37,25.0
493,1004790,Serie A,25/26,Parma,Jacob Ondrejka,Forward,6.53,0.0,0.13,0.23,2.44,0.81,0.93,0.0,1.16,33.33,0.0,0.0,0.0,0.0,0.0,0.12,0.12,0.0,0.0,0.0,0.0,0.0,0.0,0.0,0.81,0.35,0.35,0.0,0.46,0.0,0.0,0.0,0.0,0.0,0.0,0.0,0.0,0.58,23.78,18.9,4.87,79.51,4.52,14.38,8.7,0.46,30.77,0.35,75.0,16,9,776,0.23,0.0,0.93,1.62,10.9,1.39,3.71,39.51,3.6,41.89,0.12,14.29
494,984527,Serie A,25/26,Parma,Abdoulaye Ndiaye,Defender,6.53,0.0,0.07,0.12,0.69,0.0,0.69,0.0,0.23,66.67,0.0,0.0,0.0,0.0,0.0,0.0,0.0,0.0,0.0,0.0,0.0,0.0,0.0,0.0,1.85,1.38,5.08,0.35,0.81,0.0,0.12,0.12,0.0,0.23,0.0,0.0,0.0,0.12,48.92,41.08,7.85,83.96,30.69,10.38,2.31,0.0,0.0,1.73,33.33,11,9,780,0.35,0.12,1.5,1.38,8.77,0.12,6.12,55.79,3.35,58.0,2.77,53.33
495,1471239,Serie A,25/26,Hellas Verona,Isaac,Forward,6.53,0.0,0.0,0.0,0.0,0.0,0.0,0.0,2.43,100.0,0.0,0.0,0.0,0.0,0.0,0.0,0.0,0.0,0.0,0.0,0.0,0.0,0.0,0.0,0.0,0.0,0.0,0.0,0.0,0.0,0.0,0.0,0.0,0.0,0.0,0.0,0.0,0.0,53.51,48.65,4.86,90.91,12.16,36.49,17.03,0.0,0.0,0.0,0.0,3,0,37,0.0,0.0,2.43,4.86,9.73,2.43,9.73,57.14,7.3,60.0,2.43,50.0
496,1163083,Serie A,25/26,SSC Napoli,Giuseppe Ambrosino,Forward,6.53,0.0,0.0,0.0,0.0,0.0,0.0,0.0,4.39,100.0,0.0,0.0,0.0,0.0,0.0,0.0,0.0,0.0,0.0,0.0,0.0,0.0,0.0,0.0,0.0,0.0,0.0,2.2,0.0,0.0,0.0,0.0,0.0,0.0,0.0,0.0,0.0,0.0,10.98,4.39,6.59,40.0,0.0,4.39,0.0,0.0,0.0,0.0,0.0,3,0,41,0.0,0.0,2.2,2.2,10.98,2.2,8.78,57.14,6.59,60.0,2.2,50.0
497,1152477,Serie A,25/26,Hellas Verona,Ioan Vermesan,Forward,6.53,0.0,0.27,0.95,3.79,0.95,2.84,0.0,0.0,0.0,0.0,0.0,0.0,0.0,0.0,0.0,0.0,0.0,0.0,0.0,0.0,0.0,0.0,0.0,0.0,0.0,0.95,0.0,0.0,0.0,0.0,0.0,0.0,0.0,0.0,0.0,0.0,0.0,26.53,19.89,6.63,75.0,4.74,15.16,11.37,0.0,0.0,0.95,50.0,6,0,95,0.0,0.0,0.0,0.95,10.42,0.0,4.74,71.43,0.95,50.0,3.79,80.0
498,999231,Serie A,25/26,AS Roma,Evan Ferguson,Forward,6.53,0.35,0.3,0.46,3.13,1.74,1.16,11.11,0.93,47.06,0.35,0.0,0.0,0.12,0.23,0.0,0.35,0.0,0.0,0.0,0.0,0.0,0.0,0.0,0.81,0.12,0.23,0.12,0.46,0.0,0.0,0.0,0.0,0.12,0.23,0.23,0.0,1.74,19.14,14.73,4.41,76.97,4.06,10.67,6.73,0.12,50.0,0.46,100.0,16,10,776,0.12,0.0,1.28,1.04,12.41,2.32,3.94,30.36,2.78,35.29,1.16,22.73
499,1536811,Serie A,25/26,Udinese,Idrissa Gueye,Forward,6.53,0.21,0.36,0.63,4.22,1.26,1.26,5.0,0.42,40.0,0.21,0.0,0.0,0.0,0.21,0.21,0.63,0.0,0.0,0.0,0.0,0.0,0.0,0.0,1.26,0.63,0.84,0.63,0.84,0.0,0.0,0.0,0.0,0.0,0.0,0.0,0.0,0.84,14.96,10.12,4.85,67.61,2.74,7.38,4.64,0.21,25.0,0.0,0.0,19,1,427,0.42,0.0,3.16,1.9,12.22,1.26,8.01,47.5,3.58,43.59,4.43,51.22
500,1101942,Serie A,25/26,Lazio,Petar Ratkov,Forward,6.53,0.0,0.23,0.79,2.37,0.39,1.18,0.0,0.0,0.0,0.0,0.0,0.0,0.0,0.0,0.39,0.0,0.0,0.0,0.0,0.0,0.0,0.0,0.0,1.18,0.39,1.18,0.0,0.0,0.0,0.0,0.0,0.0,0.0,0.0,0.0,0.0,0.39,17.76,10.66,7.11,60.0,4.74,5.92,2.76,0.0,0.0,0.0,0.0,8,2,228,0.0,0.0,0.0,1.18,9.08,0.79,5.13,65.0,2.37,66.67,2.76,63.64
501,869888,Serie A,25/26,Cremonese,Alessio Zerbin,Midfielder,6.53,0.0,0.09,0.16,1.14,0.38,0.44,0.0,0.44,29.63,0.0,0.0,0.0,0.0,0.0,0.05,0.38,0.0,0.0,0.0,0.0,0.0,0.0,0.0,2.18,0.16,1.36,0.16,1.79,0.0,0.0,0.0,0.0,0.0,0.22,0.16,0.0,0.92,24.8,17.89,6.91,72.15,6.04,11.85,6.09,0.6,18.64,0.92,27.87,32,17,1655,0.11,0.0,2.01,1.09,14.14,0.87,4.13,35.85,3.64,39.18,0.49,21.95
502,978301,Serie A,25/26,Genoa,Jean Onana,Midfielder,6.53,0.0,0.04,0.0,2.0,0.0,2.0,0.0,0.0,0.0,0.0,0.0,0.0,0.0,0.0,0.0,0.0,0.0,0.0,0.0,0.0,0.0,0.0,0.0,6.0,0.0,0.0,4.0,0.0,0.0,0.0,0.0,0.0,0.0,0.0,0.0,0.0,2.0,46.0,34.0,12.0,73.91,20.0,14.0,8.0,0.0,0.0,4.0,50.0,3,0,45,0.0,0.0,8.0,0.0,20.0,6.0,8.0,33.33,6.0,30.0,2.0,50.0
503,869795,Serie A,25/26,Cagliari,Michael Folorunsho,Midfielder,6.52,0.09,0.15,0.22,1.61,0.4,0.72,5.56,0.99,44.0,0.04,0.04,0.04,0.0,0.04,0.04,0.58,0.0,0.0,0.0,0.0,0.0,0.0,0.0,1.08,0.4,1.26,0.13,0.76,0.0,0.04,0.0,0.0,0.13,0.09,0.0,0.04,0.67,21.79,14.48,7.31,66.46,6.28,8.21,4.44,0.18,18.18,0.9,37.74,27,24,2007,0.13,0.0,1.57,2.2,14.39,1.43,5.7,45.2,4.17,46.27,1.52,42.5
504,835600,Serie A,25/26,Inter,Davide Frattesi,Midfielder,6.52,0.0,0.34,0.63,2.5,0.63,1.41,0.0,0.78,55.56,0.0,0.0,0.0,0.0,0.0,0.0,0.31,0.0,0.0,0.0,0.0,0.0,0.0,0.0,2.35,0.47,0.63,0.16,0.63,0.0,0.0,0.0,0.0,0.16,0.16,0.0,0.0,0.94,18.94,14.71,4.23,77.69,5.17,9.55,4.54,0.0,0.0,0.31,40.0,22,3,575,0.0,0.0,1.41,1.72,8.14,1.25,5.48,51.47,4.85,55.36,0.63,33.33
505,333261,Serie A,25/26,Cremonese,Antonio Sanabria,Forward,6.52,0.1,0.28,0.38,1.15,0.38,0.38,8.33,0.67,77.78,0.1,0.0,0.1,0.0,0.0,0.0,0.57,0.0,0.0,0.0,0.0,0.0,0.0,0.0,0.19,0.1,1.43,0.0,0.29,0.1,0.0,0.0,0.0,0.0,0.29,0.1,0.0,0.57,16.74,13.87,2.87,82.86,5.45,8.42,4.4,0.0,0.0,0.29,100.0,25,10,941,0.19,0.0,1.43,1.43,7.17,0.86,5.07,43.8,2.3,45.28,2.77,42.65
506,1170773,Serie A,25/26,SSC Napoli,Giovane,Forward,6.52,0.14,0.18,0.19,2.68,1.29,0.53,5.36,1.72,42.86,0.1,0.05,0.0,0.1,0.05,0.05,0.72,0.0,0.0,0.0,0.0,0.0,0.05,0.0,0.72,0.29,0.53,0.1,0.53,0.05,0.05,0.0,0.0,0.1,0.29,0.24,0.0,1.53,21.94,15.15,6.79,69.06,3.87,11.28,7.36,0.62,19.4,0.67,70.0,33,21,1883,0.1,0.0,1.15,1.15,18.02,1.96,5.35,32.37,3.58,38.27,1.77,24.67
507,139235,Serie A,25/26,Torino,Adrien Tameze,Defender,6.51,0.0,0.02,0.0,0.4,0.0,0.24,0.0,0.0,0.0,0.0,0.0,0.0,0.0,0.0,0.0,0.0,0.0,0.0,0.0,0.0,0.0,0.0,0.0,1.19,1.59,2.86,0.48,0.56,0.16,0.0,0.0,0.0,0.08,0.0,0.0,0.0,0.64,40.75,32.81,7.94,80.51,18.03,14.77,6.75,0.16,14.29,2.54,45.71,24,12,1133,0.24,0.0,1.27,0.56,10.41,0.16,3.26,46.59,1.75,42.31,1.51,52.78
508,905381,Serie A,25/26,Bologna,Thijs Dallinga,Forward,6.51,0.22,0.32,0.54,2.5,0.54,1.2,8.7,0.22,33.33,0.22,0.0,0.0,0.0,0.22,0.11,0.43,0.11,0.0,0.0,0.0,0.0,0.0,0.0,0.76,0.11,1.09,0.22,0.0,0.0,0.0,0.0,0.0,0.11,0.11,0.22,0.0,1.09,24.57,17.5,7.07,71.24,4.57,12.93,7.72,0.11,20.0,1.09,71.43,23,9,828,0.22,0.0,2.17,0.98,12.07,1.41,3.91,35.29,1.96,33.33,1.96,37.5
509,1019125,Serie A,25/26,Lecce,Omri Gandelman,Midfielder,6.51,0.18,0.13,0.0,0.92,0.28,0.37,20.0,0.18,18.18,0.18,0.0,0.09,0.09,0.0,0.09,0.09,0.0,0.0,0.0,0.0,0.0,0.0,0.0,0.83,0.37,1.29,0.09,0.46,0.0,0.0,0.0,0.0,0.09,0.18,0.09,0.0,0.64,22.36,14.26,8.1,63.79,4.6,9.66,4.6,0.09,25.0,0.18,33.33,19,10,978,0.0,0.0,1.2,0.28,12.98,1.66,6.35,37.3,1.29,24.14,5.06,43.31
510,1201388,Serie A,25/26,Parma,Christian Ordoñez,Midfielder,6.51,0.08,0.04,0.0,0.82,0.16,0.41,10.0,0.41,35.71,0.0,0.08,0.0,0.0,0.08,0.0,0.0,0.0,0.0,0.0,0.0,0.0,0.0,0.0,2.05,0.66,0.99,0.58,1.56,0.0,0.0,0.0,0.0,0.16,0.0,0.0,0.0,0.41,21.7,17.84,3.86,82.2,7.4,10.44,5.51,0.16,16.67,0.16,22.22,28,12,1095,0.25,0.08,1.32,0.9,8.47,0.99,4.03,39.52,3.37,42.27,0.66,29.63
511,958982,Serie A,25/26,Fiorentina,Roberto Piccoli,Forward,6.51,0.21,0.34,0.64,2.49,0.8,1.17,8.51,0.48,45.0,0.21,0.0,0.0,0.16,0.05,0.11,0.8,0.0,0.0,0.0,0.0,0.0,0.0,0.0,0.42,0.21,0.69,0.0,0.05,0.0,0.0,0.0,0.0,0.21,0.05,0.05,0.0,0.8,12.08,7.95,4.13,65.79,2.7,5.25,2.65,0.05,20.0,0.0,0.0,32,16,1698,0.05,0.0,1.8,2.12,11.02,1.43,5.83,41.98,3.02,46.34,2.81,38.13
512,1022204,Serie A,25/26,Hellas Verona,Amin Sarr,Forward,6.51,0.0,0.11,0.08,1.57,0.5,0.58,0.0,0.83,43.48,0.0,0.0,0.0,0.0,0.0,0.0,0.58,0.0,0.0,0.0,0.0,0.0,0.0,0.0,1.24,0.25,0.91,0.0,0.33,0.0,0.0,0.0,0.0,0.0,0.08,0.08,0.0,1.24,23.76,17.88,5.88,75.26,4.47,13.41,7.87,0.17,16.67,0.25,60.0,34,9,1087,0.0,0.08,2.07,1.82,12.34,1.74,7.04,40.28,3.89,43.93,3.15,36.54
513,835480,Serie A,25/26,Juventus,Loïs Openda,Forward,6.51,0.13,0.48,0.67,3.47,0.8,1.73,3.85,0.53,36.36,0.13,0.0,0.0,0.0,0.13,0.0,1.47,0.0,0.0,0.0,0.0,0.0,0.0,0.0,0.8,0.13,0.4,0.13,0.13,0.0,0.13,0.0,0.0,0.0,0.13,0.0,0.0,1.07,20.13,14.67,5.47,72.85,4.8,9.87,6.8,0.13,14.29,0.27,50.0,24,6,675,0.0,0.0,1.07,2.8,11.07,0.8,5.07,48.1,4.0,58.82,1.07,28.57
514,1153193,Serie A,25/26,Cremonese,Dachi Lordkipanidze,Midfielder,6.5,0.0,0.0,0.0,0.0,0.0,0.0,0.0,0.0,0.0,0.0,0.0,0.0,0.0,0.0,0.0,0.0,0.0,0.0,0.0,0.0,0.0,0.0,0.0,0.0,3.21,3.21,0.0,0.0,0.0,0.0,0.0,0.0,0.0,0.0,0.0,0.0,0.0,22.5,16.07,6.43,71.43,12.86,3.21,0.0,0.0,0.0,3.21,100.0,1,0,28,0.0,0.0,0.0,0.0,12.86,6.43,3.21,25.0,0.0,0.0,3.21,50.0
515,915812,Serie A,25/26,Hellas Verona,Abdou Harroui,Midfielder,6.5,0.1,0.12,0.0,1.16,0.19,0.39,8.33,1.07,45.83,0.1,0.0,0.0,0.0,0.1,0.0,0.19,0.0,0.1,0.1,100.0,0.0,0.0,0.0,2.62,0.1,0.78,0.48,0.78,0.0,0.0,0.0,0.0,0.0,0.0,0.0,0.0,1.36,34.97,28.58,6.39,81.72,11.63,16.95,8.82,0.68,24.14,1.16,40.0,23,11,929,0.29,0.0,2.13,0.1,14.53,1.36,3.88,36.36,3.78,41.49,0.1,6.25
516,132645,Serie A,25/26,AC Milan,Niclas Füllkrug,Forward,6.5,0.14,0.54,0.7,2.23,0.7,0.83,6.25,0.42,50.0,0.14,0.0,0.14,0.0,0.0,0.14,1.95,0.0,0.14,0.0,0.0,0.0,0.0,0.0,0.14,0.42,1.95,0.0,0.42,0.0,0.14,0.0,0.0,0.0,0.56,0.0,0.0,1.25,25.18,18.08,7.09,71.82,6.4,11.68,8.07,0.0,0.0,0.28,66.67,20,3,647,0.0,0.0,1.11,1.11,11.13,0.83,4.31,42.47,1.67,40.0,2.64,44.19
517,2205650,Serie A,25/26,AC Milan,Cheveyo Mul-Balentien,Forward,6.5,0.0,0.7,0.0,10.0,0.0,10.0,0.0,0.0,0.0,0.0,0.0,0.0,0.0,0.0,0.0,0.0,0.0,0.0,0.0,0.0,0.0,0.0,0.0,0.0,0.0,0.0,0.0,10.0,0.0,0.0,0.0,0.0,0.0,0.0,0.0,0.0,0.0,10.0,0.0,10.0,0.0,0.0,0.0,0.0,0.0,0.0,0.0,0.0,2,0,9,0.0,0.0,0.0,0.0,40.0,10.0,0.0,0.0,0.0,0.0,0.0,0.0
518,1034241,Serie A,25/26,Sassuolo,Laurs Skjellerup,Forward,6.5,0.0,0.2,0.0,10.0,0.0,0.0,0.0,0.0,0.0,0.0,0.0,0.0,0.0,0.0,0.0,0.0,0.0,0.0,0.0,0.0,0.0,0.0,0.0,0.0,0.0,0.0,0.0,0.0,0.0,0.0,0.0,0.0,0.0,0.0,0.0,0.0,0.0,30.0,0.0,30.0,0.0,0.0,0.0,0.0,0.0,0.0,0.0,0.0,1,0,9,0.0,0.0,0.0,0.0,30.0,0.0,10.0,100.0,0.0,0.0,10.0,100.0
519,1217613,Serie A,25/26,Hellas Verona,Gift Orban,Forward,6.5,0.31,0.47,0.53,3.76,1.24,1.46,8.24,0.84,50.0,0.22,0.09,0.0,0.09,0.22,0.13,0.88,0.0,0.09,0.09,100.0,0.0,0.31,0.0,0.18,0.18,0.4,0.0,0.35,0.0,0.0,0.0,0.0,0.04,0.13,0.09,0.0,0.88,16.62,11.94,4.69,71.81,3.76,8.18,4.42,0.22,33.33,0.57,46.43,28,23,2036,0.18,0.04,1.02,0.93,10.08,1.37,3.14,34.63,1.86,36.21,1.28,32.58
520,1423452,Serie A,25/26,Parma,Daniel Mikołajewski,Forward,6.5,0.0,0.26,1.2,1.2,0.0,1.2,0.0,0.0,0.0,0.0,0.0,0.0,0.0,0.0,0.0,2.4,0.0,0.0,0.0,0.0,0.0,0.0,0.0,1.2,0.0,0.0,0.0,1.2,0.0,0.0,0.0,0.0,0.0,0.0,0.0,0.0,0.0,10.8,10.8,0.0,100.0,4.8,6.0,3.6,1.2,100.0,0.0,0.0,3,1,75,0.0,0.0,2.4,2.4,7.2,0.0,3.6,30.0,3.6,37.5,0.0,0.0
521,1029748,Serie A,25/26,Lecce,Nikola Štulić,Forward,6.5,0.21,0.24,0.21,1.72,0.47,0.63,12.12,0.21,44.44,0.21,0.0,0.0,0.05,0.16,0.0,0.47,0.0,0.05,0.05,100.0,0.0,0.0,0.0,0.63,0.1,0.68,0.21,0.16,0.0,0.0,0.0,0.0,0.0,0.1,0.0,0.0,1.04,16.38,11.27,5.11,68.79,3.7,7.57,4.43,0.05,100.0,0.16,75.0,34,20,1725,0.05,0.0,1.93,1.36,8.77,0.94,4.64,37.71,2.03,40.21,2.61,35.97
522,1417034,Serie A,25/26,AS Roma,Alessandro Romano,Midfielder,6.5,0.0,0.0,0.0,0.0,0.0,0.0,0.0,9.0,100.0,0.0,0.0,0.0,0.0,0.0,0.0,0.0,0.0,0.0,0.0,0.0,0.0,0.0,0.0,0.0,0.0,0.0,0.0,9.0,0.0,0.0,0.0,0.0,0.0,0.0,0.0,0.0,0.0,63.0,54.0,9.0,85.71,27.0,27.0,18.0,0.0,0.0,0.0,0.0,2,0,10,0.0,0.0,18.0,0.0,18.0,0.0,9.0,25.0,9.0,25.0,0.0,0.0
523,150611,Serie A,25/26,Pisa,Nícolas,Goalkeeper,6.5,0.0,0.0,0.0,0.0,0.0,0.0,0.0,0.17,100.0,0.0,0.0,0.0,0.0,0.0,0.0,0.0,0.0,0.0,0.0,0.0,0.0,0.0,0.0,0.0,0.0,0.67,0.0,0.33,0.0,0.0,0.0,0.0,0.0,0.0,0.0,0.0,0.0,31.83,20.67,11.17,64.92,13.67,7.0,1.83,0.0,0.0,9.33,45.53,6,6,540,0.0,0.0,0.0,0.5,11.17,0.0,1.17,77.78,0.5,60.0,0.67,100.0
524,1963449,Serie A,25/26,Parma,Sascha Britschgi,Defender,6.5,0.0,0.02,0.0,0.55,0.13,0.26,0.0,0.38,50.0,0.0,0.0,0.0,0.0,0.0,0.04,0.0,0.0,0.0,0.0,0.0,0.0,0.0,0.0,1.41,0.34,1.62,0.21,1.45,0.0,0.04,0.09,0.0,0.3,0.13,0.09,0.04,0.77,26.21,19.94,6.26,76.1,10.57,9.38,5.16,0.47,22.45,0.64,35.71,29,22,2112,0.21,0.04,0.77,0.98,11.51,0.81,3.24,44.44,2.77,45.14,0.47,40.74
525,1922473,Serie A,25/26,Pisa,Daniel Denoon,Defender,6.5,0.0,0.0,0.0,0.0,0.0,0.0,0.0,0.0,0.0,0.0,0.0,0.0,0.0,0.0,0.0,0.0,0.0,0.0,0.0,0.0,0.0,0.0,0.0,2.2,0.73,2.2,0.0,0.0,0.0,0.0,0.0,0.0,0.0,0.0,0.0,0.0,0.0,23.41,19.76,3.66,84.38,16.83,2.93,0.0,0.0,0.0,0.73,33.33,2,2,123,0.73,0.0,2.93,2.2,8.05,0.73,4.39,46.15,4.39,54.55,0.0,0.0
526,1485292,Serie A,25/26,Sassuolo,Pedro Felipe,Defender,6.5,0.0,0.0,0.0,0.0,0.0,0.0,0.0,0.71,100.0,0.0,0.0,0.0,0.0,0.0,0.0,0.0,0.0,0.0,0.0,0.0,0.0,0.0,0.0,1.42,1.42,2.83,0.71,1.42,0.0,0.0,0.0,0.0,0.0,0.71,0.71,0.0,0.71,68.03,61.65,6.38,90.63,44.65,17.01,2.83,0.0,0.0,2.83,50.0,3,1,127,0.0,0.0,1.42,0.71,7.09,0.71,4.96,50.0,2.83,44.44,2.13,60.0
527,1086199,Serie A,25/26,Parma,Franco Carboni,Midfielder,6.5,0.0,0.0,0.0,0.0,0.0,0.0,0.0,0.73,25.0,0.0,0.0,0.0,0.0,0.0,0.0,0.0,0.0,0.0,0.0,0.0,0.0,0.0,0.0,1.46,1.46,2.93,0.0,0.73,0.0,0.0,0.0,0.0,0.0,0.0,0.0,0.0,0.0,21.95,17.56,4.39,80.0,11.71,5.85,2.2,0.0,0.0,1.46,66.67,7,1,123,0.0,0.0,2.2,0.0,10.24,0.0,4.39,40.0,2.2,30.0,2.2,60.0
528,857480,Serie A,25/26,Pisa,Calvin Stengs,Midfielder,6.5,0.0,0.12,0.0,2.95,1.48,1.48,0.0,0.0,0.0,0.0,0.0,0.0,0.0,0.0,0.0,0.0,0.0,0.0,0.0,0.0,0.0,0.0,0.0,2.95,0.0,0.0,0.0,2.95,0.0,0.0,0.0,0.0,0.0,0.0,0.0,0.0,1.48,41.31,33.93,7.38,82.14,11.8,22.13,19.18,0.0,0.0,1.48,50.0,4,0,61,0.0,0.0,0.0,2.95,23.61,8.85,7.38,35.71,5.9,33.33,1.48,50.0
529,1133715,Serie A,25/26,Parma,Mathias Løvik,Midfielder,6.49,0.0,0.03,0.0,0.56,0.0,0.38,0.0,0.38,18.18,0.0,0.0,0.0,0.0,0.0,0.0,0.38,0.0,0.0,0.0,0.0,0.0,0.0,0.0,2.07,1.13,1.69,0.0,1.13,0.0,0.0,0.0,0.0,0.0,0.0,0.0,0.0,0.38,23.86,18.98,4.89,79.53,9.39,9.58,4.13,0.75,26.67,0.94,41.67,9,5,479,0.0,0.0,0.56,0.38,11.65,0.0,3.38,39.13,2.82,45.45,0.56,23.08
530,829581,Serie A,25/26,Sassuolo,Nicholas Pierini,Forward,6.49,0.0,0.19,0.0,3.12,1.25,0.62,0.0,1.25,28.57,0.0,0.0,0.0,0.0,0.0,0.62,0.0,0.0,0.0,0.0,0.0,0.0,1.25,0.0,2.5,1.25,0.62,0.0,0.0,0.0,0.0,0.0,0.0,0.0,0.0,0.0,0.0,2.5,33.12,27.5,5.62,83.02,3.75,23.75,13.75,2.5,44.44,0.0,0.0,11,0,144,0.62,0.0,0.62,1.88,20.0,5.0,6.88,39.29,5.62,39.13,1.25,40.0
531,984998,Serie A,25/26,Lecce,Santiago Pierotti,Forward,6.49,0.03,0.11,0.21,1.14,0.28,0.48,3.03,1.34,40.21,0.03,0.0,0.03,0.0,0.0,0.07,0.24,0.0,0.0,0.0,0.0,0.0,0.0,0.0,2.86,0.69,0.83,0.17,1.38,0.0,0.03,0.0,0.0,0.03,0.1,0.07,0.0,0.76,22.04,16.6,5.44,75.31,5.3,11.3,5.75,0.1,13.04,0.31,52.94,37,31,2613,0.14,0.0,2.31,0.79,14.54,2.69,6.79,37.6,4.99,37.76,1.79,37.14
532,605374,Serie A,25/26,Lecce,Tete Morente,Forward,6.49,0.0,0.08,0.1,1.47,0.21,0.42,0.0,0.94,33.33,0.0,0.0,0.0,0.0,0.0,0.1,0.1,0.0,0.0,0.0,0.0,0.0,0.1,0.0,1.15,0.31,1.36,0.21,1.36,0.0,0.1,0.1,0.0,0.1,0.1,0.0,0.0,1.05,27.45,20.43,7.02,74.43,5.03,15.4,9.53,0.42,13.79,1.26,50.0,16,9,859,0.21,0.0,1.36,1.26,14.98,1.47,4.4,38.89,3.35,36.78,1.05,47.62
533,132704,Serie A,25/26,Cagliari,Leonardo Pavoletti,Forward,6.48,0.37,0.44,0.73,2.2,0.37,1.1,16.67,0.0,0.0,0.37,0.0,0.0,0.0,0.37,0.0,0.73,0.0,0.0,0.0,0.0,0.0,0.0,0.0,0.73,0.37,0.73,0.0,0.73,0.0,0.0,0.0,0.0,0.0,0.37,0.37,0.0,0.73,23.05,13.54,9.51,58.73,7.68,5.85,4.76,0.0,0.0,0.37,50.0,13,1,246,0.37,0.0,3.66,0.0,12.07,0.0,4.76,33.33,0.73,18.18,4.02,39.29
534,996919,Serie A,25/26,Pisa,Samuel Iling Junior,Forward,6.48,0.0,0.0,0.0,0.0,0.0,0.0,0.0,0.0,0.0,0.0,0.0,0.0,0.0,0.0,0.0,0.0,0.0,0.0,0.0,0.0,0.0,0.0,0.0,1.68,0.0,0.0,0.0,0.84,0.0,0.0,0.0,0.0,0.0,0.0,0.0,0.0,0.84,25.23,14.3,10.93,56.67,7.57,6.73,4.21,0.84,20.0,0.0,0.0,5,1,107,0.0,0.0,0.84,0.0,22.71,2.52,1.68,16.67,1.68,20.0,0.0,0.0
535,949780,Serie A,25/26,Sassuolo,Luca Moro,Forward,6.48,0.0,0.24,0.78,2.34,0.39,1.95,0.0,0.39,100.0,0.0,0.0,0.0,0.0,0.0,0.0,0.78,0.0,0.0,0.0,0.0,0.0,0.0,0.0,1.95,0.78,0.78,0.0,1.17,0.0,0.0,0.0,0.0,0.0,0.39,0.0,0.0,0.39,17.14,13.25,3.9,77.27,4.29,8.96,5.06,0.0,0.0,0.39,50.0,14,1,231,0.39,0.0,2.73,3.51,13.25,1.56,10.52,51.92,5.84,51.72,4.68,52.17
536,795044,Serie A,25/26,Parma,Patrick Cutrone,Forward,6.47,0.1,0.26,0.51,2.53,0.71,1.01,4.0,0.4,33.33,0.1,0.0,0.0,0.0,0.1,0.1,0.81,0.0,0.0,0.0,0.0,0.0,0.0,0.0,0.61,0.3,0.71,0.2,0.4,0.0,0.0,0.0,0.0,0.1,0.2,0.0,0.0,0.3,17.68,11.62,6.06,65.71,2.83,8.79,4.85,0.0,0.0,0.1,12.5,15,11,891,0.0,0.0,0.71,1.62,12.02,0.51,3.54,44.3,2.53,51.02,1.01,33.33
537,839925,Serie A,25/26,Cremonese,Michele Collocolo,Midfielder,6.47,0.0,0.01,0.0,0.5,0.25,0.0,0.0,0.25,100.0,0.0,0.0,0.0,0.0,0.0,0.0,0.0,0.0,0.0,0.0,0.0,0.0,0.0,0.0,0.74,0.25,0.5,0.5,0.74,0.0,0.0,0.0,0.0,0.25,0.0,0.0,0.0,0.5,29.26,23.8,5.45,81.36,15.87,7.93,3.97,0.0,0.0,0.74,30.0,8,5,363,0.25,0.0,0.5,0.5,10.66,1.24,2.23,42.86,1.49,40.0,0.74,50.0
538,960080,Serie A,25/26,Lazio,Boulaye Dia,Forward,6.47,0.07,0.15,0.21,0.86,0.5,0.07,8.33,0.36,55.56,0.07,0.0,0.0,0.0,0.07,0.0,0.29,0.0,0.0,0.0,0.0,0.0,0.0,0.0,0.93,0.21,1.22,0.14,0.29,0.0,0.0,0.0,0.0,0.14,0.21,0.14,0.0,1.07,23.29,19.35,3.94,83.08,7.95,11.39,5.16,0.0,0.0,0.43,66.67,27,14,1256,0.07,0.0,1.36,1.0,8.67,1.79,3.3,34.85,2.29,39.51,1.0,27.45
539,1183625,Serie A,25/26,Pisa,Giovanni Bonfanti,Defender,6.46,0.0,0.07,0.0,1.09,0.18,0.55,0.0,0.91,41.67,0.0,0.0,0.0,0.0,0.0,0.0,0.0,0.0,0.0,0.0,0.0,0.0,0.0,0.0,2.36,1.27,4.73,0.36,0.36,0.0,0.0,0.0,0.0,0.18,0.0,0.0,0.0,0.55,25.45,16.55,8.91,65.0,10.91,5.64,3.09,0.36,16.67,2.0,31.43,9,6,495,0.18,0.0,1.82,0.55,17.64,0.91,5.45,49.18,3.82,47.73,1.64,52.94
540,892141,Serie A,25/26,AC Milan,Santiago Giménez,Forward,6.46,0.0,0.34,0.7,2.71,0.9,1.41,0.0,0.3,15.79,0.0,0.0,0.0,0.0,0.0,0.3,0.7,0.2,0.0,0.0,0.0,0.0,0.1,0.0,0.8,0.1,0.1,0.1,0.2,0.0,0.0,0.0,0.0,0.0,0.1,0.1,0.0,0.4,13.46,10.85,2.61,80.6,4.62,6.23,4.02,0.1,100.0,0.0,0.0,16,11,896,0.2,0.0,1.0,1.51,7.63,1.0,3.21,37.21,2.61,41.27,0.6,26.09
541,1162611,Serie A,25/26,Bologna,Benjamín Domínguez,Midfielder,6.46,0.0,0.11,0.0,1.99,0.33,0.83,0.0,1.49,42.86,0.0,0.0,0.0,0.0,0.0,0.0,0.5,0.0,0.0,0.0,0.0,0.0,0.0,0.0,1.49,0.33,0.0,0.0,1.33,0.0,0.0,0.0,0.0,0.0,0.0,0.5,0.0,1.16,20.06,16.08,3.98,80.17,3.48,12.6,8.62,0.0,0.0,0.66,36.36,15,6,543,0.17,0.0,0.99,2.98,14.92,2.98,6.3,40.43,5.97,45.57,0.33,13.33
542,997583,Serie A,25/26,Pisa,Malthe Højholt,Midfielder,6.45,0.0,0.08,0.21,0.42,0.21,0.21,0.0,0.11,33.33,0.0,0.0,0.0,0.0,0.0,0.0,0.0,0.0,0.0,0.0,0.0,0.0,0.0,0.0,1.47,0.95,0.74,0.32,1.68,0.0,0.0,0.0,0.0,0.0,0.0,0.0,0.0,0.32,29.44,24.92,4.52,84.64,15.25,9.67,4.1,0.11,25.0,0.74,35.0,17,9,856,0.21,0.0,1.47,0.53,6.1,0.32,2.63,36.76,2.1,36.36,0.53,38.46
543,882592,Serie A,25/26,Sassuolo,Daniel Boloca,Midfielder,6.45,0.0,0.17,0.0,1.33,0.0,1.33,0.0,0.67,50.0,0.0,0.0,0.0,0.0,0.0,0.0,0.0,0.0,0.0,0.0,0.0,0.0,0.0,0.0,1.33,1.33,1.33,0.0,0.67,0.0,0.0,0.0,0.0,0.0,0.0,0.0,0.0,0.67,37.33,35.33,2.0,94.64,14.67,20.67,9.33,0.0,0.0,1.33,66.67,2,2,135,0.0,0.0,0.0,0.67,4.0,0.0,2.67,44.44,2.67,66.67,0.0,0.0
544,844480,Serie A,25/26,Hellas Verona,Pol Lirola,Defender,6.45,0.0,0.0,0.0,0.0,0.0,0.0,0.0,0.29,25.0,0.0,0.0,0.0,0.0,0.0,0.0,0.0,0.0,0.0,0.0,0.0,0.0,0.0,0.0,1.44,1.15,1.73,0.29,0.58,0.0,0.0,0.0,0.0,0.0,0.0,0.0,0.0,0.29,32.49,20.42,12.08,62.83,7.48,12.94,5.46,0.29,6.25,1.15,28.57,6,3,313,0.29,0.0,0.86,0.0,21.57,0.58,2.3,36.36,1.73,37.5,0.58,33.33
545,1435226,Serie A,25/26,Genoa,Nils Zätterström,Defender,6.45,0.0,0.0,0.0,0.0,0.0,0.0,0.0,0.5,50.0,0.0,0.0,0.0,0.0,0.0,0.0,0.0,0.0,0.0,0.0,0.0,0.0,0.0,0.0,0.99,0.99,1.99,0.0,0.0,0.0,0.0,0.0,0.0,0.5,0.0,0.0,0.0,0.0,57.18,48.73,8.45,85.22,40.77,7.96,2.49,0.0,0.0,1.99,40.0,3,2,181,0.0,0.0,1.49,0.0,9.94,0.5,1.49,27.27,1.49,37.5,0.0,0.0
546,812946,Serie A,25/26,Fiorentina,Christian Kouamé,Forward,6.45,0.0,0.0,0.0,0.0,0.0,0.0,0.0,0.0,0.0,0.0,0.0,0.0,0.0,0.0,0.0,0.0,0.0,0.0,0.0,0.0,0.0,0.0,0.0,2.81,2.81,2.81,0.0,0.0,0.0,0.0,0.0,0.0,0.0,0.0,0.0,0.0,0.0,42.19,33.75,8.44,80.0,8.44,25.31,11.25,0.0,0.0,0.0,0.0,2,0,32,0.0,0.0,0.0,0.0,14.06,0.0,2.81,50.0,2.81,100.0,0.0,0.0
547,136322,Serie A,25/26,Lazio,Elseid Hysaj,Defender,6.45,0.0,0.0,0.0,0.0,0.0,0.0,0.0,0.0,0.0,0.0,0.0,0.0,0.0,0.0,0.0,0.0,0.0,0.0,0.0,0.0,0.0,0.0,0.0,1.06,1.06,3.71,0.0,0.53,0.0,0.0,0.0,0.0,0.0,0.0,0.0,0.0,0.0,39.18,30.18,9.0,77.03,16.94,13.24,6.35,0.53,50.0,1.59,33.33,5,1,170,0.0,0.0,0.0,0.53,11.12,0.0,2.65,62.5,1.59,60.0,1.06,66.67
548,1910643,Serie A,25/26,Lecce,Christ-Owen Kouassi,Defender,6.45,0.0,0.0,0.0,0.0,0.0,0.0,0.0,0.0,0.0,0.0,0.0,0.0,0.0,0.0,0.0,0.0,0.0,0.0,0.0,0.0,0.0,0.0,0.0,4.34,0.39,3.16,0.0,0.0,0.0,0.39,0.39,0.0,0.0,0.0,0.0,0.0,0.0,31.97,25.66,6.32,80.25,11.84,13.82,5.53,0.39,50.0,1.58,50.0,4,3,228,0.0,0.0,0.39,1.18,11.05,0.39,6.71,80.95,5.53,82.35,1.18,75.0
549,826026,Serie A,25/26,Torino,Sandro Kulenović,Forward,6.44,0.0,0.19,0.29,1.45,0.58,0.29,0.0,0.58,40.0,0.0,0.0,0.0,0.0,0.0,0.0,0.0,0.0,0.0,0.0,0.0,0.0,0.0,0.0,1.16,0.29,1.16,0.29,0.29,0.0,0.0,0.0,0.0,0.0,0.0,0.29,0.0,1.45,18.87,11.9,6.97,63.08,4.06,7.84,5.81,0.29,100.0,0.29,33.33,13,3,310,0.58,0.0,3.19,1.16,13.06,1.74,4.06,32.56,2.9,33.33,1.16,30.77
550,808590,Serie A,25/26,AS Roma,Leon Bailey,Midfielder,6.44,0.0,0.08,0.0,1.48,0.49,0.0,0.0,0.99,33.33,0.0,0.0,0.0,0.0,0.0,0.0,0.49,0.0,0.0,0.0,0.0,0.0,0.0,0.0,0.99,0.0,0.0,0.0,0.49,0.0,0.0,0.0,0.0,0.0,0.0,0.0,0.0,0.99,29.18,24.23,4.95,83.05,5.44,18.79,13.35,0.99,14.29,0.0,0.0,7,1,182,0.0,0.0,0.99,0.49,19.29,0.99,3.96,38.1,2.47,35.71,1.48,42.86
551,959003,Serie A,25/26,Pisa,Filip Stojilković,Forward,6.43,0.0,0.37,0.82,1.37,0.55,0.68,0.0,0.27,50.0,0.0,0.0,0.0,0.0,0.0,0.14,1.64,0.0,0.0,0.0,0.0,0.0,0.0,0.0,0.27,0.0,0.14,0.14,0.14,0.0,0.0,0.0,0.0,0.0,0.27,0.0,0.0,0.27,9.29,6.69,2.59,72.06,3.96,2.73,1.91,0.27,66.67,0.14,100.0,13,8,659,0.0,0.0,1.09,0.0,4.37,0.41,0.68,17.86,0.55,22.22,0.14,10.0
552,1520771,Serie A,25/26,Lecce,Francesco Camarda,Forward,6.43,0.13,0.24,0.39,2.08,0.39,0.91,6.25,0.39,33.33,0.13,0.0,0.13,0.0,0.0,0.0,0.26,0.0,0.13,0.0,0.0,0.0,0.0,0.0,0.39,0.0,0.26,0.13,0.65,0.0,0.0,0.0,0.0,0.0,0.13,0.0,0.0,0.52,13.9,9.87,4.03,71.03,3.77,6.1,3.12,0.0,0.0,0.39,60.0,21,7,693,0.13,0.0,1.56,0.52,9.22,0.78,3.12,28.92,1.3,27.03,1.82,30.43
553,1910527,Serie A,25/26,Cagliari,Joseph Liteta,Midfielder,6.43,0.0,0.0,0.0,0.0,0.0,0.0,0.0,0.68,100.0,0.0,0.0,0.0,0.0,0.0,0.0,0.0,0.0,0.0,0.0,0.0,0.0,0.0,0.0,1.69,2.71,1.02,1.02,2.37,0.0,0.0,0.0,0.0,0.0,0.0,0.0,0.0,0.0,44.32,37.56,6.77,84.73,24.36,13.2,4.06,0.0,0.0,1.35,28.57,4,4,266,0.0,0.0,1.35,0.0,9.47,1.35,3.05,34.62,2.37,31.82,0.68,50.0
554,964154,Serie A,25/26,Hellas Verona,Tomáš Suslov,Forward,6.43,0.0,0.11,0.2,2.43,0.81,0.61,0.0,0.81,23.53,0.0,0.0,0.0,0.0,0.0,0.0,0.0,0.0,0.0,0.0,0.0,0.0,0.2,0.0,1.62,0.2,0.2,0.0,1.42,0.0,0.0,0.0,0.0,0.0,0.0,0.0,0.0,0.81,20.63,17.19,3.44,83.33,8.9,8.29,5.66,1.01,25.0,1.01,50.0,11,5,445,0.2,0.2,1.82,2.43,14.56,1.01,4.85,40.68,4.85,42.11,0.0,0.0
555,1184248,Serie A,25/26,Pisa,Henrik Wendel Meister,Forward,6.43,0.12,0.21,0.54,1.19,0.48,0.48,10.0,0.77,35.14,0.12,0.0,0.0,0.0,0.12,0.06,0.3,0.0,0.0,0.0,0.0,0.0,0.0,0.0,0.3,0.06,0.42,0.0,0.3,0.0,0.0,0.0,0.0,0.0,0.06,0.0,0.0,0.3,9.29,5.95,3.33,64.1,1.67,4.29,2.44,0.0,0.0,0.12,33.33,28,15,1512,0.12,0.0,1.55,1.01,9.52,1.55,4.05,35.79,2.08,31.25,1.96,42.31
556,1009268,Serie A,25/26,Fiorentina,Mattia Viti,Defender,6.42,0.0,0.0,0.0,0.0,0.0,0.0,0.0,0.34,50.0,0.0,0.0,0.0,0.0,0.0,0.0,0.0,0.0,0.0,0.0,0.0,0.0,0.0,0.0,3.03,1.35,5.06,0.34,0.67,0.0,0.0,0.34,0.0,0.0,0.0,0.0,0.0,0.0,48.2,40.45,7.75,83.92,19.89,20.56,7.42,0.0,0.0,4.04,57.14,10,2,267,0.34,0.34,3.03,1.35,13.48,1.01,6.07,43.9,4.72,48.28,1.35,33.33
557,935564,Serie A,25/26,Juventus,Jonathan David,Forward,6.42,0.3,0.44,0.65,2.06,0.8,0.7,14.63,0.3,24.0,0.3,0.0,0.05,0.2,0.05,0.15,0.55,0.0,0.05,0.0,0.0,0.0,0.0,0.0,0.85,0.25,0.25,0.0,0.5,0.05,0.0,0.0,0.0,0.05,0.25,0.2,0.0,1.65,26.27,20.71,5.57,78.82,5.21,15.49,9.23,0.0,0.0,0.25,50.0,35,20,1795,0.0,0.0,1.5,1.3,12.18,1.15,3.31,34.2,2.46,37.69,0.85,26.98
558,1125917,Serie A,25/26,Pisa,Felipe Loyola,Midfielder,6.41,0.17,0.13,0.0,1.51,0.17,0.5,11.11,0.5,50.0,0.17,0.0,0.0,0.0,0.17,0.0,0.0,0.0,0.0,0.0,0.0,0.0,0.0,0.0,1.67,1.17,1.34,0.17,0.67,0.0,0.0,0.17,0.0,0.0,0.17,0.0,0.0,0.67,36.13,31.45,4.68,87.04,17.06,14.39,5.19,0.0,0.0,1.51,64.29,11,6,538,0.0,0.17,1.34,0.33,10.87,2.01,2.68,32.65,2.51,35.71,0.17,14.29
559,796455,Serie A,25/26,Udinese,Vakoun Issouf Bayo,Forward,6.41,0.0,0.27,0.6,2.79,0.4,2.39,0.0,0.2,14.29,0.0,0.0,0.0,0.0,0.0,0.0,1.0,0.0,0.0,0.0,0.0,0.0,0.0,0.0,0.4,0.0,0.4,0.2,0.2,0.0,0.0,0.0,0.0,0.0,0.2,0.4,0.0,0.6,22.35,16.76,5.59,75.0,4.79,11.97,7.78,0.0,0.0,0.4,33.33,15,4,451,0.0,0.0,2.99,1.2,12.97,1.2,6.78,37.78,1.8,25.71,4.99,45.45
560,1838644,Serie A,25/26,Sassuolo,Christian Frangella,Midfielder,6.4,0.0,0.0,0.0,0.0,0.0,0.0,0.0,0.0,0.0,0.0,0.0,0.0,0.0,0.0,0.0,10.0,0.0,0.0,0.0,0.0,0.0,0.0,0.0,0.0,10.0,0.0,0.0,0.0,0.0,0.0,0.0,0.0,0.0,0.0,0.0,0.0,0.0,70.0,40.0,30.0,57.14,10.0,30.0,10.0,0.0,0.0,0.0,0.0,1,0,9,0.0,0.0,0.0,0.0,60.0,0.0,0.0,0.0,0.0,0.0,0.0,0.0
561,1164381,Serie A,25/26,Genoa,Seydou Fini,Forward,6.4,0.0,0.0,0.0,0.0,0.0,0.0,0.0,2.9,100.0,0.0,0.0,0.0,0.0,0.0,0.0,5.81,0.0,0.0,0.0,0.0,0.0,0.0,0.0,0.0,0.0,2.9,0.0,0.0,0.0,0.0,0.0,0.0,0.0,0.0,0.0,0.0,2.9,8.71,5.81,2.9,66.67,0.0,5.81,2.9,0.0,0.0,0.0,0.0,1,0,31,0.0,0.0,2.9,0.0,11.61,0.0,2.9,33.33,2.9,50.0,0.0,0.0
562,1822931,Serie A,25/26,Inter,Matteo Lavelli,Forward,6.4,0.0,0.0,0.0,0.0,0.0,0.0,0.0,0.0,0.0,0.0,0.0,0.0,0.0,0.0,0.0,0.0,0.0,0.0,0.0,0.0,0.0,0.0,0.0,0.0,0.0,0.0,0.0,0.0,0.0,0.0,0.0,0.0,0.0,0.0,0.0,0.0,0.0,7.5,7.5,0.0,100.0,7.5,0.0,0.0,0.0,0.0,0.0,0.0,1,0,12,0.0,0.0,0.0,0.0,22.5,0.0,0.0,0.0,0.0,0.0,0.0,0.0
563,2158647,Serie A,25/26,Parma,Alessandro Cardinali,Midfielder,6.4,0.0,0.0,0.0,0.0,0.0,0.0,0.0,0.0,0.0,0.0,0.0,0.0,0.0,0.0,0.0,0.0,0.0,0.0,0.0,0.0,0.0,0.0,0.0,0.0,0.0,0.0,0.0,0.0,0.0,0.0,0.0,0.0,0.0,0.0,0.0,0.0,0.0,18.0,16.0,2.0,88.89,6.0,10.0,2.0,0.0,0.0,0.0,0.0,1,0,45,0.0,0.0,0.0,0.0,6.0,0.0,0.0,0.0,0.0,0.0,0.0,0.0
564,1018179,Serie A,25/26,Hellas Verona,Daniel Mosquera,Forward,6.38,0.0,0.1,0.0,2.36,0.74,0.89,0.0,1.03,43.75,0.0,0.0,0.0,0.0,0.0,0.0,0.44,0.0,0.0,0.0,0.0,0.0,0.0,0.0,0.74,0.3,0.89,0.44,0.89,0.0,0.0,0.0,0.0,0.0,0.3,0.3,0.0,0.74,16.82,12.39,4.43,73.68,4.57,7.82,3.98,0.0,0.0,0.0,0.0,22,5,610,0.15,0.0,3.25,0.89,12.84,2.21,5.02,27.42,2.51,25.76,2.51,29.31
565,1130662,Serie A,25/26,Lecce,Sadik Fofana,Midfielder,6.38,0.0,0.15,0.0,1.91,0.0,1.91,0.0,0.96,50.0,0.0,0.0,0.0,0.0,0.0,0.0,0.0,0.0,0.0,0.0,0.0,0.0,0.0,0.0,1.91,0.0,0.0,0.0,0.96,0.0,0.0,0.0,0.0,0.0,0.0,0.0,0.0,1.91,25.85,13.4,12.45,51.85,4.79,8.62,5.74,0.0,0.0,0.0,0.0,5,1,94,0.0,0.0,2.87,0.96,20.11,0.96,5.74,35.29,3.83,40.0,1.91,28.57
566,1152386,Serie A,25/26,Pisa,Rafiu Durosinmi,Forward,6.38,0.21,0.18,0.21,1.88,1.05,0.63,11.11,0.63,42.86,0.21,0.0,0.21,0.0,0.0,0.0,0.63,0.0,0.0,0.0,0.0,0.0,0.0,0.0,0.0,0.21,1.05,0.0,0.42,0.0,0.0,0.0,0.0,0.0,0.0,0.21,0.0,0.63,17.79,10.67,7.12,60.0,2.93,7.74,3.56,0.0,0.0,0.63,100.0,12,4,430,0.21,0.21,3.14,0.42,14.44,2.3,5.86,32.56,1.05,14.71,4.81,44.23
567,1819178,Serie A,25/26,Pisa,Louis Buffon,Forward,6.37,0.0,0.0,0.0,0.0,0.0,0.0,0.0,0.0,0.0,0.0,0.0,0.0,0.0,0.0,0.0,0.0,0.0,0.0,0.0,0.0,0.0,0.0,0.0,0.0,0.0,0.0,0.0,0.0,0.0,0.0,0.0,0.0,0.0,0.0,0.0,0.0,0.0,15.0,12.5,2.5,83.33,2.5,10.0,5.0,0.0,0.0,0.0,0.0,4,0,36,0.0,0.0,2.5,2.5,17.5,2.5,2.5,14.29,2.5,25.0,0.0,0.0
568,1526932,Serie A,25/26,Fiorentina,Riccardo Braschi,Forward,6.35,0.0,0.12,0.0,2.55,0.0,2.55,0.0,1.7,66.67,0.0,0.0,0.0,0.0,0.0,0.85,0.85,0.0,0.0,0.0,0.0,0.0,0.0,0.0,1.7,0.0,0.0,0.0,0.85,0.0,0.0,0.0,0.0,0.0,0.0,0.0,0.0,0.0,15.28,9.34,5.94,61.11,2.55,6.79,4.25,0.85,100.0,0.0,0.0,2,1,106,0.0,0.0,0.0,0.0,12.74,2.55,5.09,37.5,3.4,44.44,1.7,28.57
569,301162,Serie A,25/26,Inter,Raffaele Di Gennaro,Goalkeeper,6.3,0.0,0.0,0.0,0.0,0.0,0.0,0.0,0.0,0.0,0.0,0.0,0.0,0.0,0.0,0.0,0.0,0.0,0.0,0.0,0.0,0.0,0.0,0.0,0.0,0.0,0.0,0.0,0.0,0.0,0.0,0.0,0.0,0.0,0.0,0.0,0.0,0.0,70.0,40.0,30.0,57.14,40.0,0.0,0.0,0.0,0.0,0.0,0.0,1,0,9,0.0,0.0,0.0,0.0,30.0,0.0,0.0,0.0,0.0,0.0,0.0,0.0
570,979210,Serie A,25/26,Pisa,Tomás Esteves,Midfielder,6.3,0.0,0.0,0.0,0.0,0.0,0.0,0.0,0.0,0.0,0.0,0.0,0.0,0.0,0.0,0.0,0.0,0.0,0.0,0.0,0.0,0.0,0.0,0.0,0.0,0.0,0.0,0.0,0.0,0.0,0.0,0.0,0.0,0.0,0.0,0.0,0.0,0.0,34.62,27.69,6.92,80.0,13.85,13.85,0.0,0.0,0.0,0.0,0.0,1,0,13,0.0,0.0,0.0,0.0,13.85,0.0,6.92,100.0,0.0,0.0,6.92,100.0
571,161325,Serie A,25/26,Juventus,Arkadiusz Milik,Forward,6.3,0.0,0.24,2.65,5.29,5.29,0.0,0.0,2.65,25.0,0.0,0.0,0.0,0.0,0.0,0.0,0.0,0.0,0.0,0.0,0.0,0.0,0.0,0.0,0.0,0.0,0.0,0.0,0.0,0.0,0.0,0.0,0.0,0.0,0.0,0.0,0.0,0.0,29.12,23.82,5.29,81.82,2.65,21.18,15.88,0.0,0.0,0.0,0.0,2,0,34,0.0,0.0,2.65,0.0,15.88,0.0,2.65,14.29,2.65,20.0,0.0,0.0
572,1530727,Serie A,25/26,Inter,Mattia Mosconi,Forward,6.3,0.0,0.32,0.0,7.2,0.0,7.2,0.0,0.0,0.0,0.0,0.0,0.0,0.0,0.0,0.0,0.0,0.0,0.0,0.0,0.0,0.0,0.0,0.0,0.0,0.0,0.0,0.0,0.0,0.0,3.6,0.0,0.0,0.0,0.0,0.0,0.0,0.0,46.8,46.8,0.0,100.0,18.0,28.8,10.8,0.0,0.0,0.0,0.0,2,0,25,0.0,0.0,3.6,7.2,14.4,3.6,7.2,33.33,7.2,40.0,0.0,0.0
573,1029456,Serie A,25/26,Cremonese,Faris Moumbagna,Forward,6.3,0.0,0.4,1.02,2.05,0.0,1.02,0.0,0.0,0.0,0.0,0.0,0.0,0.0,0.0,0.0,0.0,0.0,0.0,0.0,0.0,0.0,0.0,0.0,0.0,0.0,1.02,0.0,0.0,0.0,0.0,0.0,0.0,0.0,0.0,0.0,0.0,1.02,15.34,9.2,6.14,60.0,3.07,6.14,4.09,0.0,0.0,0.0,0.0,5,0,88,0.0,0.0,1.02,0.0,17.39,1.02,3.07,33.33,0.0,0.0,3.07,50.0
574,280439,Serie A,25/26,Genoa,Maxwel Cornet,Forward,6.29,0.0,1.15,1.49,2.98,1.49,0.74,0.0,0.0,0.0,0.0,0.0,0.0,0.0,0.0,0.0,0.74,0.0,0.74,0.0,0.0,0.0,0.0,0.0,4.46,0.0,0.74,0.0,0.74,0.0,0.0,0.74,0.0,0.0,0.0,0.0,0.0,4.46,29.75,23.06,6.69,77.5,5.21,17.85,10.41,1.49,15.38,0.0,0.0,8,1,121,0.0,0.0,4.46,0.74,20.08,2.23,7.44,40.0,5.21,38.89,2.23,42.86
575,1494096,Serie A,25/26,Pisa,Francesco Coppola,Defender,6.28,0.0,0.02,0.0,0.39,0.0,0.0,0.0,0.0,0.0,0.0,0.0,0.0,0.0,0.0,0.0,0.0,0.0,0.0,0.0,0.0,0.0,0.0,0.0,2.54,0.78,2.54,0.78,2.34,0.0,0.0,0.2,0.0,0.0,0.0,0.0,0.0,0.0,24.01,20.11,3.9,83.74,11.91,8.2,3.32,0.2,50.0,0.59,50.0,7,5,461,0.59,0.0,1.37,1.76,9.57,0.2,4.88,48.08,4.3,52.38,0.59,30.0
576,45923,Serie A,25/26,Bologna,Ciro Immobile,Forward,6.27,0.0,0.02,0.47,0.94,0.0,0.47,0.0,0.0,0.0,0.0,0.0,0.0,0.0,0.0,0.0,2.83,0.0,0.0,0.0,0.0,0.0,0.0,0.0,0.47,0.0,0.47,0.47,0.47,0.0,0.0,0.0,0.0,0.0,0.0,0.0,0.0,0.47,23.09,16.49,6.6,71.43,5.18,11.31,6.13,0.0,0.0,0.47,100.0,6,2,191,0.47,0.0,3.77,1.41,16.02,0.94,3.3,25.93,1.88,23.53,1.41,30.0
577,928814,Serie A,25/26,Cagliari,Alessandro Di Pardo,Midfielder,6.25,0.0,0.12,0.0,1.5,0.0,1.5,0.0,0.0,0.0,0.0,0.0,0.0,0.0,0.0,0.0,0.0,0.0,0.0,0.0,0.0,0.0,0.0,0.0,1.5,0.0,4.5,1.5,3.0,0.0,0.0,0.0,0.0,0.0,0.0,0.0,0.0,0.0,25.5,19.5,6.0,76.47,13.5,6.0,3.0,0.0,0.0,0.0,0.0,3,0,60,0.0,0.0,0.0,1.5,10.5,0.0,3.0,40.0,3.0,50.0,0.0,0.0
578,1152943,Serie A,25/26,Pisa,Rosen Bozhinov,Defender,6.24,0.0,0.03,0.0,0.44,0.15,0.29,0.0,0.0,0.0,0.0,0.0,0.0,0.0,0.0,0.0,0.29,0.0,0.0,0.0,0.0,0.0,0.0,0.0,1.03,1.61,4.1,0.59,0.29,0.0,0.29,0.0,0.0,0.0,0.15,0.0,0.0,0.59,60.54,52.92,7.62,87.41,35.03,17.88,3.66,0.15,33.33,1.61,29.73,9,8,614,0.15,0.15,1.76,0.15,9.82,0.0,3.37,47.92,1.03,31.82,2.35,61.54
579,259995,Serie A,25/26,Torino,Adam Masina,Defender,6.24,0.0,0.0,0.0,0.0,0.0,0.0,0.0,0.39,25.0,0.0,0.0,0.0,0.0,0.0,0.0,0.0,0.0,0.0,0.0,0.0,0.0,0.0,0.0,2.72,1.94,4.27,0.39,0.39,0.39,0.0,0.0,0.0,0.0,0.39,0.39,0.0,0.78,38.41,32.97,5.43,85.86,24.05,8.92,3.88,0.0,0.0,2.72,41.18,5,2,232,0.0,0.0,2.33,0.78,9.31,1.16,4.66,42.86,3.88,43.48,0.78,40.0
580,1910444,Serie A,25/26,Sassuolo,Tommaso Macchioni,Defender,6.1,0.0,0.43,1.0,1.0,0.0,1.0,0.0,0.0,0.0,0.0,0.0,0.0,0.0,0.0,0.0,0.0,0.0,0.0,0.0,0.0,0.0,0.0,0.0,0.0,2.0,4.0,0.0,0.0,0.0,0.0,0.0,0.0,0.0,0.0,0.0,0.0,0.0,35.0,28.0,7.0,80.0,20.0,8.0,0.0,0.0,0.0,1.0,25.0,1,1,90,1.0,0.0,1.0,0.0,10.0,0.0,3.0,50.0,0.0,0.0,3.0,60.0
581,139272,Serie A,25/26,Fiorentina,Luca Lezzerini,Goalkeeper,0.0,0.0,0.0,0.0,0.0,0.0,0.0,0.0,0.0,0.0,0.0,0.0,0.0,0.0,0.0,0.0,0.0,0.0,0.0,0.0,0.0,0.0,0.0,0.0,0.0,0.0,0.0,0.0,0.0,0.0,0.0,0.0,0.0,0.0,0.0,0.0,0.0,0.0,150.0,90.0,60.0,60.0,60.0,30.0,0.0,0.0,0.0,30.0,33.33,1,0,3,0.0,0.0,0.0,0.0,60.0,0.0,0.0,0.0,0.0,0.0,0.0,0.0
582,2199322,Serie A,25/26,Como,Andrea Le Borgne,Midfielder,0.0,0.0,0.0,0.0,0.0,0.0,0.0,0.0,0.0,0.0,0.0,0.0,0.0,0.0,0.0,0.0,0.0,0.0,0.0,0.0,0.0,0.0,0.0,0.0,0.0,0.0,0.0,0.0,0.0,0.0,0.0,0.0,0.0,0.0,0.0,0.0,0.0,0.0,90.0,90.0,0.0,100.0,90.0,0.0,0.0,0.0,0.0,0.0,0.0,1,0,1,0.0,0.0,0.0,0.0,90.0,0.0,0.0,0.0,0.0,0.0,0.0,0.0
583,991677,Serie A,25/26,Sassuolo,Cas Odenthal,Defender,0.0,0.0,0.0,0.0,0.0,0.0,0.0,0.0,0.0,0.0,0.0,0.0,0.0,0.0,0.0,0.0,0.0,0.0,0.0,0.0,0.0,0.0,0.0,0.0,0.0,0.0,0.0,0.0,0.0,0.0,0.0,0.0,0.0,0.0,0.0,0.0,0.0,0.0,180.0,180.0,0.0,100.0,90.0,90.0,0.0,0.0,0.0,0.0,0.0,1,0,1,0.0,0.0,0.0,0.0,0.0,0.0,0.0,0.0,0.0,0.0,0.0,0.0
584,1030200,Serie A,25/26,Parma,Tjaš Begić,Forward,0.0,0.0,0.0,0.0,0.0,0.0,0.0,0.0,0.0,0.0,0.0,0.0,0.0,0.0,0.0,0.0,0.0,0.0,0.0,0.0,0.0,0.0,0.0,0.0,0.0,0.0,0.0,0.0,0.0,0.0,0.0,0.0,0.0,0.0,0.0,0.0,0.0,0.0,90.0,0.0,90.0,0.0,0.0,0.0,0.0,0.0,0.0,0.0,0.0,1,0,1,0.0,0.0,0.0,0.0,90.0,0.0,0.0,0.0,0.0,0.0,0.0,0.0
585,1605324,Serie A,25/26,Genoa,Joi Xheto Nuredini,Forward,0.0,0.0,0.0,0.0,0.0,0.0,0.0,0.0,0.0,0.0,0.0,0.0,0.0,0.0,0.0,0.0,0.0,0.0,0.0,0.0,0.0,0.0,0.0,0.0,0.0,0.0,0.0,0.0,90.0,0.0,0.0,0.0,0.0,0.0,0.0,0.0,0.0,0.0,0.0,0.0,0.0,0.0,0.0,0.0,0.0,0.0,0.0,0.0,0.0,1,0,1,0.0,0.0,0.0,0.0,0.0,0.0,0.0,0.0,0.0,0.0,0.0,0.0
586,1474846,Serie A,25/26,Hellas Verona,Junior Ajayi,Forward,0.0,0.0,0.0,0.0,0.0,0.0,0.0,0.0,0.0,0.0,0.0,0.0,0.0,0.0,0.0,0.0,0.0,0.0,0.0,0.0,0.0,0.0,0.0,0.0,0.0,0.0,0.0,0.0,0.0,0.0,0.0,0.0,0.0,0.0,0.0,0.0,0.0,0.0,90.0,90.0,0.0,100.0,0.0,90.0,90.0,0.0,0.0,0.0,0.0,1,0,1,0.0,0.0,0.0,0.0,180.0,90.0,90.0,50.0,0.0,0.0,90.0,100.0
