#,Player ID,League,Team,Name,Position,Sofascore Rating,Goals,xG,Big chances missed,Total shots,Shots on target,Shots off target,Goal conversion %,Succ. dribbles,Succ. dribbles %,Goals inside box,Goals outside box,Headed goals,Left-footed goals,Right-footed goals,Hit woodwork,Offsides,Penalties won,Penalties taken,Penalty goals,Penalty conversion %,Free kick goals,Shots from set piece,Set piece conv. %,Tackles,Interceptions,Clearances,Blocked shots,Dribbled past,Errors leading to goal,Errors leading to shot,Penalties committed,Own goals,Clean sheets,Big chances created,Assists,Passes to assist,Key passes,Total passes,Accurate passes,Inaccurate passes,Accurate passes %,Passes in own half,Passes in opp. half,Acc. final third passes,Accurate crosses,Accurate crosses %,Accurate long balls,Accurate long balls %,Appearances,Started,Minutes played,Yellow cards,Red cards,Fouls,Was fouled,Possession lost,Dispossessed,Total duels won,Total duels won %,Ground duels won,Ground duels won %,Aerial duels won,Aerial duels won %
1,363860,Serie A,Juventus,Manuel Locatelli,Midfielder,7.71,1,2.67,1,44,12,18,2.27,10,55.56,1,0,0,0,1,2,0,0,1,0,0.0,0,2,0.0,99,38,73,23,22,2,3,0,0,10,5,2,0,46,2720,2403,317,88.35,888,1515,746,5,26.32,182,58.71,35,35,2914,9,0,54,42,388,16,184,59.74,149,61.07,35,54.69
2,1002428,Serie A,Parma,Filippo Rinaldi,Goalkeeper,7.6,0,0.0,0,0,0,0,0.0,0,0.0,0,0,0,0,0,0,0,0,0,0,0.0,0,0,0.0,0,0,1,0,0,0,0,0,0,1,0,0,0,0,44,21,23,47.73,17,4,1,0,0.0,7,23.33,1,1,90,1,0,0,0,23,0,2,100.0,0,0.0,2,100.0
3,15466,Serie A,Milan,Luka Modrić,Midfielder,7.53,2,1.51,0,19,8,5,10.53,17,48.57,2,0,0,0,2,1,0,0,0,0,0.0,0,1,0.0,49,39,33,10,29,0,3,0,0,10,6,3,2,52,2197,1990,207,90.58,793,1197,530,29,26.13,174,74.68,33,32,2793,4,0,23,32,359,12,109,54.77,98,55.37,11,50.0
4,135700,Serie A,Inter,Hakan Çalhanoğlu,Midfielder,7.5,9,5.65,1,50,17,20,18.0,5,35.71,4,5,0,1,8,1,0,0,5,4,80.0,0,4,0.0,34,16,16,6,13,0,0,0,0,5,7,4,0,41,1391,1261,130,90.65,526,735,364,33,38.37,65,58.56,22,20,1649,7,0,28,11,228,6,63,50.4,50,49.02,13,56.52
5,284361,Serie A,Inter,Federico Dimarco,Midfielder,7.41,6,5.04,9,63,20,24,9.52,7,50.0,5,1,0,5,1,2,5,0,0,0,0.0,0,5,0.0,50,30,28,4,20,0,1,0,0,11,33,17,0,94,1419,1179,240,83.09,398,781,481,94,32.75,38,39.58,34,29,2650,3,0,41,22,489,11,81,47.65,79,50.64,2,14.29
6,787505,Serie A,Inter,Benjamin Pavard,Defender,7.4,0,0.05,0,1,1,0,0.0,0,0.0,0,0,0,0,0,0,0,0,0,0,0.0,0,0,0.0,2,2,2,2,0,0,1,0,0,1,0,0,0,1,84,80,4,95.24,55,25,5,0,0.0,3,60.0,1,1,90,0,0,1,0,4,0,2,50.0,2,66.67,0,0.0
7,1149011,Serie A,Juventus,Kenan Yıldız,Forward,7.39,10,8.17,3,97,40,24,10.31,78,52.35,9,1,0,1,9,5,7,1,2,1,50.0,0,0,0.0,26,7,7,0,14,0,4,0,0,3,15,6,0,76,1223,1029,194,84.14,284,745,492,33,26.61,31,60.78,36,33,2838,2,0,23,56,509,55,176,50.57,160,50.16,16,55.17
8,1171451,Serie A,Como,Nico Paz,Midfielder,7.33,12,8.5,3,121,48,38,9.92,69,55.2,7,5,1,11,0,4,0,1,2,0,0.0,1,12,8.33,91,28,13,3,36,0,3,0,0,11,13,6,0,51,1394,1154,240,82.78,394,760,407,14,22.22,30,50.0,35,33,2882,5,0,53,41,482,45,230,52.39,201,51.94,29,55.77
9,865646,Serie A,Atalanta,Marco Carnesecchi,Goalkeeper,7.33,0,0.0,0,0,0,0,0.0,1,100.0,0,0,0,0,0,0,0,0,0,0,0.0,0,0,0.0,1,0,33,0,0,0,0,1,0,13,0,0,0,0,1173,770,403,65.64,624,146,40,0,0.0,247,38.29,37,37,3330,0,0,1,6,410,0,18,94.74,6,85.71,12,100.0
10,1122835,Serie A,SSC Napoli,Alisson Santos,Forward,7.32,4,1.28,0,28,15,6,14.29,34,59.65,1,3,0,0,4,1,1,0,0,0,0.0,0,0,0.0,20,2,5,1,5,0,1,0,0,2,2,0,0,14,282,232,50,82.27,70,162,101,7,17.07,4,50.0,13,8,826,1,0,4,8,155,19,66,55.46,62,54.87,4,66.67
11,826188,Serie A,Inter,Alessandro Bastoni,Defender,7.27,1,1.35,3,17,8,6,5.88,6,60.0,1,0,1,0,0,2,0,0,0,0,0.0,0,0,0.0,51,23,80,6,10,0,0,0,0,8,7,4,0,25,1850,1618,232,87.46,849,769,368,23,27.06,110,50.69,28,28,2249,6,0,45,20,367,3,129,58.9,77,55.8,52,64.2
12,803039,Serie A,AS Roma,Donyell Malen,Forward,7.26,13,11.81,8,67,29,17,19.4,14,38.89,12,1,0,1,12,2,14,0,3,3,100.0,0,1,0.0,3,2,1,0,2,0,0,0,0,1,2,2,0,7,205,161,44,78.54,42,119,80,1,20.0,2,100.0,17,17,1394,1,0,12,17,161,34,44,33.59,34,33.01,10,35.71
13,960441,Serie A,Atalanta,Charles De Ketelaere,Forward,7.25,3,3.63,3,46,16,14,6.52,49,49.49,3,0,1,1,1,0,3,0,0,0,0.0,0,0,0.0,24,4,15,2,19,0,0,0,0,5,18,5,0,62,999,786,213,78.68,149,637,431,16,36.36,35,58.33,30,26,2160,4,0,23,36,411,56,151,44.02,109,42.75,42,47.73
14,901850,Serie A,Fiorentina,Nicolò Fagioli,Midfielder,7.23,2,2.53,1,33,7,13,6.06,19,61.29,2,0,0,0,2,1,0,0,0,0,0.0,0,4,0.0,46,16,26,10,25,1,1,0,0,4,11,3,0,62,1672,1504,168,89.95,707,797,367,20,23.81,108,66.26,33,30,2564,5,0,23,45,325,31,111,54.41,110,54.73,1,33.33
15,965828,Serie A,Lazio,Mario Gila,Defender,7.22,0,1.43,4,12,3,6,0.0,6,85.71,0,0,0,0,0,2,0,0,0,0,0.0,0,0,0.0,46,25,110,17,11,0,2,2,0,7,1,0,0,5,1786,1620,166,90.71,1087,533,134,1,100.0,131,66.84,30,30,2436,3,1,17,25,187,8,134,67.0,76,68.47,58,65.17
16,250737,Serie A,Milan,Adrien Rabiot,Midfielder,7.22,6,3.88,2,42,12,18,14.29,20,48.78,4,2,0,6,0,1,7,1,0,0,0.0,0,0,0.0,56,18,40,5,18,0,1,0,0,13,6,4,0,23,1271,1085,186,85.37,427,658,320,14,25.0,44,61.11,28,27,2460,4,1,35,54,335,33,170,55.92,127,54.51,43,60.56
17,332155,Serie A,SSC Napoli,Amir Rrahmani,Defender,7.22,2,1.15,1,14,3,7,14.29,2,50.0,2,0,2,0,0,1,2,0,0,0,0.0,0,0,0.0,22,22,67,10,2,0,1,2,0,8,0,1,0,6,1580,1459,121,92.34,929,530,106,0,0.0,42,45.16,20,20,1710,3,0,20,16,133,3,103,64.78,40,60.61,63,67.74
18,363856,Serie A,Inter,Nicolò Barella,Midfielder,7.21,3,3.16,3,35,5,18,8.57,25,50.0,3,0,0,1,2,1,4,0,0,0,0.0,0,2,0.0,53,9,10,3,23,0,2,0,0,5,14,8,1,72,1724,1479,245,85.79,513,966,551,37,36.27,73,55.73,33,30,2479,7,0,33,21,399,19,112,49.12,99,51.03,13,38.24
19,892979,Serie A,Udinese,Oumar Solet,Defender,7.2,3,2.79,3,33,6,19,9.09,40,70.18,2,1,0,0,3,0,2,0,1,1,100.0,0,0,0.0,73,45,125,19,21,1,2,0,1,10,3,1,1,23,2016,1797,219,89.14,1110,687,269,2,10.53,148,59.44,34,33,2871,1,0,30,29,319,22,190,59.94,140,61.95,50,54.95
20,822470,Serie A,Milan,Samuel Chukwueze,Forward,7.2,0,0.0,0,0,0,0,0.0,1,100.0,0,0,0,0,0,0,0,0,0,0,0.0,0,0,0.0,0,0,0,0,1,0,0,0,0,0,0,0,0,0,13,11,2,84.62,1,10,6,1,33.33,0,0.0,1,0,25,0,0,0,3,5,0,4,80.0,4,80.0,0,0.0
21,599114,Serie A,Como,Jean Butez,Goalkeeper,7.2,0,0.0,0,0,0,0,0.0,1,100.0,0,0,0,0,0,0,0,0,0,0,0.0,0,0,0.0,2,1,45,0,1,2,0,0,0,19,1,1,0,3,1307,1065,242,81.48,957,108,47,0,0.0,231,50.22,37,37,3330,3,0,0,9,250,0,21,91.3,7,87.5,14,93.33
22,984095,Serie A,Lazio,Alessio Furlanetto,Goalkeeper,7.2,0,0.0,0,0,0,0,0.0,0,0.0,0,0,0,0,0,0,0,0,0,0,0.0,0,0,0.0,0,0,0,0,0,0,0,0,0,0,0,0,0,0,23,20,3,86.96,16,4,1,0,0.0,5,71.43,1,1,90,0,0,0,0,3,0,0,0.0,0,0.0,0,0.0
23,1142149,Serie A,Lecce,Medon Berisha,Midfielder,7.2,2,1.22,0,24,5,10,8.33,3,75.0,1,1,0,1,1,0,1,0,0,0,0.0,1,6,16.67,21,5,3,2,2,0,1,0,0,0,5,3,0,20,364,296,68,81.32,110,186,95,20,33.9,28,51.85,13,12,880,0,0,11,10,132,11,41,55.41,34,57.63,7,46.67
24,879746,Serie A,Genoa,Leo Østigård,Defender,7.19,5,3.39,5,22,12,6,22.73,1,100.0,5,0,3,1,0,1,3,0,0,0,0.0,0,0,0.0,36,30,215,27,7,1,0,1,0,8,1,1,0,10,1692,1505,187,88.95,1118,387,93,0,0.0,83,48.26,30,30,2623,7,0,38,15,216,2,157,64.88,49,53.85,108,71.52
25,308182,Serie A,Lazio,Ivan Provedel,Goalkeeper,7.18,0,0.0,0,0,0,0,0.0,1,100.0,0,0,0,0,0,0,0,0,0,0,0.0,0,0,0.0,0,0,23,0,1,1,0,0,0,12,1,0,0,1,862,649,213,75.29,578,71,19,0,0.0,173,45.29,27,27,2430,1,0,0,2,216,0,12,85.71,2,66.67,10,90.91
26,1403348,Serie A,Como,Jacobo Ramón,Defender,7.18,2,4.54,9,38,9,19,5.26,7,58.33,2,0,1,0,1,2,0,0,0,0,0.0,0,0,0.0,49,36,117,17,15,0,3,0,0,14,1,0,0,11,2043,1864,179,91.24,1155,709,246,2,20.0,66,50.38,31,29,2653,11,1,32,12,221,9,175,60.14,68,53.13,107,65.64
27,850952,Serie A,Bologna,Federico Ravaglia,Goalkeeper,7.17,0,0.0,0,0,0,0,0.0,1,100.0,0,0,0,0,0,0,0,0,0,0,0.0,0,0,0.0,3,1,20,0,2,1,2,2,0,2,0,0,0,0,759,565,194,74.44,494,71,16,0,0.0,122,39.61,17,16,1469,4,0,2,3,201,0,11,64.71,5,55.56,6,75.0
28,191210,Serie A,Milan,Mike Maignan,Goalkeeper,7.17,0,0.0,0,0,0,0,0.0,3,100.0,0,0,0,0,0,0,0,0,0,0,0.0,0,0,0.0,0,1,21,0,0,1,2,0,0,13,0,0,0,0,1058,820,238,77.5,746,74,25,0,0.0,170,42.5,36,36,3206,3,0,0,5,248,0,12,100.0,7,100.0,5,100.0
29,91046,Serie A,Inter,Stefan de Vrij,Defender,7.15,0,0.32,0,5,2,2,0.0,1,50.0,0,0,0,0,0,0,0,0,0,0,0.0,0,0,0.0,13,6,32,4,1,0,0,0,0,2,0,0,0,2,434,406,28,93.55,211,195,32,0,0.0,12,54.55,10,7,590,1,0,5,5,30,0,34,61.82,18,72.0,16,53.33
30,888971,Serie A,Sassuolo,Arijanet Murić,Goalkeeper,7.15,0,0.0,0,0,0,0,0.0,0,0.0,0,0,0,0,0,0,0,0,0,0,0.0,0,0,0.0,0,0,49,0,1,2,5,1,0,6,0,0,0,1,927,564,363,60.84,418,146,58,0,0.0,215,37.65,32,32,2880,4,0,1,3,374,0,19,90.48,2,66.67,17,94.44
31,138605,Serie A,Inter,Piotr Zieliński,Midfielder,7.15,6,2.33,1,28,10,7,21.43,17,70.83,1,5,0,3,3,1,0,0,1,1,100.0,0,0,0.0,30,5,25,3,12,0,1,0,0,3,7,3,0,29,1454,1341,113,92.23,503,838,429,9,37.5,49,62.82,33,21,1965,3,0,17,17,166,7,75,60.0,63,60.58,12,57.14
32,906275,Serie A,Inter,Yann Bisseck,Defender,7.14,3,2.52,3,25,12,5,12.0,8,66.67,3,0,2,1,0,1,3,0,0,0,0.0,0,0,0.0,26,20,72,5,8,0,1,0,0,9,0,1,1,9,1242,1150,92,92.59,657,493,205,2,15.38,23,43.4,22,20,1832,2,0,20,16,141,7,88,60.69,49,56.98,39,66.1
33,901891,Serie A,Milan,Alexis Saelemaekers,Midfielder,7.14,2,3.03,4,42,10,18,4.76,49,47.12,1,1,0,1,1,3,2,1,0,0,0.0,0,0,0.0,71,28,22,4,30,0,3,0,0,8,5,3,0,49,1289,1086,203,84.25,412,674,360,19,23.75,25,44.64,34,32,2707,5,0,25,61,412,17,190,57.93,180,58.82,10,45.45
34,814882,Serie A,Bologna,Nikola Moro,Midfielder,7.13,2,0.93,1,22,3,15,9.09,13,68.42,1,1,0,1,1,2,1,0,0,0,0.0,1,4,25.0,30,16,34,7,13,0,1,0,0,4,2,0,0,26,1320,1121,199,84.92,429,692,316,15,30.0,148,64.35,29,19,1773,1,0,16,17,266,8,78,56.12,59,58.42,19,50.0
35,1090019,Serie A,Como,Martin Baturina,Midfielder,7.13,6,1.83,0,28,9,11,21.43,21,50.0,5,1,0,1,5,1,0,0,0,0,0.0,0,2,0.0,19,5,2,2,22,0,0,0,0,1,8,3,1,60,803,707,96,88.04,228,479,251,29,38.67,12,57.14,28,16,1508,0,0,14,43,223,28,89,48.9,83,49.7,6,40.0
36,1012176,Serie A,Atalanta,Giorgio Scalvini,Defender,7.12,3,2.57,3,19,6,6,15.79,13,46.43,3,0,1,0,1,2,2,0,0,0,0.0,0,0,0.0,45,43,69,12,21,1,0,1,0,5,2,1,0,15,1155,1014,141,87.79,579,435,205,1,16.67,35,42.17,23,22,1750,2,0,31,10,198,6,109,54.23,68,50.75,41,61.19
37,383560,Serie A,Inter,Manuel Akanji,Defender,7.11,2,2.05,1,23,6,13,8.7,1,50.0,2,0,2,0,0,0,2,0,0,0,0.0,0,0,0.0,48,37,105,13,10,0,2,0,0,15,1,0,0,7,2107,1941,166,92.12,1077,864,303,2,66.67,92,65.25,33,31,2820,4,0,26,18,192,4,117,57.92,66,61.68,51,53.68
38,823984,Serie A,Inter,Lautaro Martínez,Forward,7.11,17,13.5,16,92,39,30,18.48,21,47.73,17,0,4,5,8,3,8,0,0,0,0.0,0,0,0.0,24,7,18,0,9,0,1,0,0,0,12,6,0,37,582,456,126,78.35,128,328,211,2,11.76,17,62.96,29,26,2124,3,0,45,45,266,34,113,45.2,89,45.88,24,42.86
39,259281,Serie A,Torino,Alberto Paleari,Goalkeeper,7.09,0,0.0,0,0,0,0,0.0,0,0.0,0,0,0,0,0,0,0,0,0,0,0.0,0,0,0.0,0,0,28,0,2,1,1,0,0,9,0,0,0,0,881,582,299,66.06,439,143,52,0,0.0,199,40.2,28,28,2520,1,0,0,7,303,0,19,86.36,4,66.67,15,93.75
40,885197,Serie A,Juventus,Bremer,Defender,7.09,4,2.79,1,23,9,11,17.39,1,14.29,3,1,3,0,1,1,0,0,0,0,0.0,0,0,0.0,28,32,94,11,4,1,0,1,0,12,0,3,0,8,1334,1194,140,89.51,731,463,126,0,0.0,66,51.56,26,25,2175,5,0,21,10,170,5,105,55.56,39,52.0,66,57.89
41,911848,Serie A,Como,Lucas Da Cunha,Midfielder,7.08,4,5.68,6,36,14,14,11.11,22,66.67,3,1,0,4,0,2,1,0,3,3,100.0,0,1,0.0,57,16,16,1,30,0,0,0,0,10,10,4,0,44,1922,1734,188,90.22,790,944,414,33,34.38,60,55.56,35,30,2658,4,0,34,19,324,28,115,48.12,98,49.25,17,42.5
42,367056,Serie A,Juventus,Jérémie Boga,Forward,7.08,4,2.79,3,23,12,6,17.39,21,52.5,4,0,0,0,4,1,1,0,0,0,0.0,0,0,0.0,6,2,4,0,4,0,0,0,0,1,2,0,0,14,187,154,33,82.35,43,111,74,9,33.33,0,0.0,14,5,606,1,0,3,5,93,7,35,47.3,32,50.0,3,30.0
43,1082406,Serie A,AS Roma,Matías Soulé,Forward,7.08,6,3.77,2,49,16,19,12.24,34,36.96,4,2,0,6,0,1,6,0,0,0,0.0,0,4,0.0,18,9,11,2,12,0,1,0,0,1,5,5,1,45,953,804,149,84.37,209,595,398,21,30.0,35,62.5,32,27,2095,1,0,7,40,387,52,101,39.92,92,42.01,9,26.47
44,318603,Serie A,Cremonese,Emil Audero,Goalkeeper,7.08,0,0.0,0,0,0,0,0.0,1,100.0,0,0,0,0,0,0,0,0,0,0,0.0,0,0,0.0,0,0,31,0,1,5,1,0,0,11,0,0,0,0,1265,789,476,62.37,627,162,30,0,0.0,261,35.75,33,33,2970,0,0,0,6,485,0,14,82.35,2,66.67,12,85.71
45,965893,Serie A,Milan,Strahinja Pavlović,Defender,7.06,5,3.47,2,25,6,14,20.0,16,51.61,4,1,2,2,0,0,3,1,0,0,0.0,0,1,0.0,53,20,113,14,16,0,1,2,0,11,0,1,1,16,1786,1621,165,90.76,962,659,210,5,33.33,64,54.7,33,32,2780,3,0,27,28,231,11,165,57.69,97,58.79,68,56.2
46,862223,Serie A,Fiorentina,Manor Solomon,Midfielder,7.06,2,0.85,1,11,4,2,18.18,24,68.57,1,1,0,0,2,0,1,0,0,0,0.0,0,0,0.0,13,1,3,1,5,0,0,0,0,3,3,1,0,23,308,276,32,89.61,80,196,116,12,26.09,6,75.0,15,9,889,1,0,2,16,108,17,54,59.34,53,60.23,1,33.33
47,793986,Serie A,AS Roma,Mile Svilar,Goalkeeper,7.06,0,0.0,0,0,0,0,0.0,0,0.0,0,0,0,0,0,0,0,0,0,0,0.0,0,0,0.0,3,1,26,0,1,1,0,0,0,17,0,0,0,0,1142,790,352,69.18,686,104,17,0,0.0,218,38.31,37,37,3330,0,0,0,8,357,0,19,82.61,8,88.89,11,78.57
48,253367,Serie A,Sassuolo,Domenico Berardi,Forward,7.05,8,5.78,4,38,20,13,21.05,11,42.31,8,0,0,7,1,0,12,1,3,2,66.67,0,2,0.0,26,24,24,0,19,0,0,0,0,3,7,4,0,32,622,477,145,76.69,174,303,181,17,30.91,36,53.73,25,23,1880,2,1,29,33,268,18,82,45.81,69,46.62,13,41.94
49,1134200,Serie A,AS Roma,Wesley,Midfielder,7.05,5,1.6,2,25,13,7,20.0,14,23.33,5,0,0,0,5,0,2,1,0,0,0.0,0,0,0.0,53,23,62,5,30,0,0,0,0,10,9,0,0,33,1028,823,205,80.06,273,550,319,20,21.05,23,31.08,30,28,2457,5,2,36,57,428,25,149,47.0,124,47.51,25,44.64
50,136856,Serie A,Milan,Pietro Terracciano,Goalkeeper,7.05,0,0.0,0,0,0,0,0.0,0,0.0,0,0,0,0,0,0,0,0,0,0,0.0,0,0,0.0,0,0,1,0,0,0,0,0,0,1,0,0,0,0,31,29,2,93.55,24,5,2,0,0.0,7,77.78,2,1,124,0,0,0,0,3,0,0,0.0,0,0.0,0,0.0
51,830858,Serie A,Udinese,Keinan Davis,Forward,7.04,10,9.97,7,48,25,13,20.83,30,68.18,10,0,1,8,1,1,10,2,4,4,100.0,0,0,0.0,11,2,25,3,5,0,1,0,0,1,6,4,0,29,378,296,82,78.31,95,201,122,0,0.0,8,80.0,29,26,1999,5,0,39,47,201,39,146,47.1,88,49.44,58,43.94
52,791702,Serie A,Inter,Marcus Thuram,Forward,7.04,13,9.43,15,74,29,27,17.57,17,60.71,12,1,4,2,6,1,15,1,0,0,0.0,0,0,0.0,24,1,10,2,10,0,1,0,0,0,7,6,0,29,480,363,117,75.63,105,258,163,6,28.57,4,66.67,29,24,1913,2,0,43,41,236,30,130,50.39,81,48.8,49,53.26
53,100389,Serie A,Atalanta,Marten de Roon,Midfielder,7.04,1,0.77,1,14,4,7,7.14,3,37.5,1,0,0,0,1,0,0,0,0,0,0.0,0,0,0.0,80,24,66,5,29,0,1,1,0,7,1,2,1,22,1856,1590,266,85.67,658,932,433,3,23.08,97,49.49,33,31,2623,6,1,35,11,311,5,127,52.26,93,56.36,34,43.59
54,879346,Serie A,SSC Napoli,Scott McTominay,Midfielder,7.04,10,10.67,13,98,34,37,10.2,26,46.43,7,3,2,1,7,2,5,0,1,0,0.0,0,5,0.0,28,21,48,13,12,1,2,0,0,12,1,3,0,22,1262,1118,144,88.59,487,631,260,1,11.11,32,74.42,32,30,2703,1,0,24,68,286,50,164,52.56,116,50.22,48,59.26
55,937324,Serie A,Lazio,Nicolò Rovella,Midfielder,7.04,0,0.03,0,1,0,1,0.0,6,66.67,0,0,0,0,0,0,0,0,0,0,0.0,0,0,0.0,11,9,9,1,5,0,2,0,0,1,2,1,0,13,492,456,36,92.68,222,234,85,4,36.36,17,65.38,11,6,513,2,1,7,12,60,4,32,62.75,29,61.7,3,75.0
56,974087,Serie A,AS Roma,Manu Koné,Midfielder,7.04,2,2.11,1,21,5,7,9.52,29,61.7,2,0,1,0,1,1,2,0,0,0,0.0,0,0,0.0,49,18,26,3,27,0,2,0,0,11,4,3,0,25,1361,1231,130,90.45,455,776,372,0,0.0,35,60.34,28,28,2441,2,0,46,53,245,36,154,50.83,127,50.8,27,50.94
57,284349,Serie A,Pisa,Simone Scuffet,Goalkeeper,7.04,0,0.0,0,0,0,0,0.0,0,0.0,0,0,0,0,0,0,0,0,0,0,0.0,0,0,0.0,0,0,9,0,0,0,0,0,0,1,0,0,0,0,237,160,77,67.51,108,52,17,0,0.0,73,48.99,7,7,630,0,0,0,4,77,0,6,100.0,3,100.0,3,100.0
58,979222,Serie A,Juventus,Francisco Conceição,Forward,7.03,3,7.38,10,70,23,20,4.29,54,53.47,1,2,0,3,0,3,3,0,0,0,0.0,0,0,0.0,34,7,4,1,15,0,0,0,0,0,5,4,0,41,816,714,102,87.5,213,501,320,23,25.56,18,56.25,30,26,2028,3,0,32,39,298,25,129,49.81,127,52.26,2,12.5
59,934384,Serie A,Parma,Adrián Bernabé,Midfielder,7.03,3,2.25,2,50,12,17,6.0,15,35.71,2,1,0,2,1,1,1,0,0,0,0.0,0,7,0.0,39,17,25,6,31,0,0,0,0,0,7,1,0,55,1268,1075,193,84.78,450,625,331,17,20.99,75,63.56,32,31,2493,0,0,15,61,347,22,119,52.19,115,54.76,4,22.22
60,905351,Serie A,Parma,Zion Suzuki,Goalkeeper,7.03,0,0.0,0,0,0,0,0.0,0,0.0,0,0,0,0,0,0,0,0,0,0,0.0,0,0,0.0,0,0,25,0,1,1,0,0,0,5,0,0,0,1,699,433,266,61.95,310,123,68,0,0.0,160,37.91,20,20,1800,1,0,0,4,274,0,11,91.67,4,80.0,7,100.0
61,1397736,Serie A,Cagliari,Marco Palestra,Midfielder,7.02,1,1.6,0,27,7,12,3.7,67,50.76,1,0,0,0,1,0,8,0,0,0,0.0,0,0,0.0,55,19,41,3,18,0,1,0,0,6,7,4,1,31,857,730,127,85.18,386,344,160,27,24.77,27,54.0,36,34,3057,3,0,41,108,397,23,245,59.76,230,61.5,15,41.67
62,865167,Serie A,Juventus,Lloyd Kelly,Defender,7.02,1,0.96,0,16,3,7,6.25,17,80.95,1,0,0,1,0,1,4,0,0,0,0.0,0,1,0.0,46,14,114,16,7,0,2,1,0,13,2,1,0,9,1989,1771,218,89.04,1097,674,224,0,0.0,124,54.15,34,32,2908,4,0,41,19,275,9,169,60.57,80,57.97,89,63.12
63,70996,Serie A,SSC Napoli,Kevin De Bruyne,Midfielder,7.02,5,4.04,0,26,11,8,19.23,9,69.23,4,1,0,0,5,1,4,0,3,3,100.0,1,3,33.33,10,5,4,0,11,0,0,0,0,2,5,1,1,33,670,560,110,83.58,172,388,213,12,21.05,28,59.57,17,13,1089,1,0,8,6,192,11,28,41.18,25,42.37,3,33.33
64,548178,Serie A,Fiorentina,Rolando Mandragora,Midfielder,7.02,7,4.6,0,62,17,25,11.29,5,35.71,4,3,1,5,1,1,0,1,1,1,100.0,1,13,7.69,45,13,35,5,15,0,0,0,0,2,3,3,0,34,957,807,150,84.33,382,425,219,16,24.24,33,35.87,33,29,2348,7,0,37,55,246,10,138,60.0,102,60.0,36,60.0
65,947954,Serie A,Cagliari,Elia Caprile,Goalkeeper,7.02,0,0.0,0,0,0,0,0.0,0,0.0,0,0,0,0,0,0,0,0,0,0,0.0,0,0,0.0,0,0,32,0,0,2,0,0,0,8,0,0,0,1,1062,676,386,63.65,522,154,44,0,0.0,207,35.26,37,37,3330,2,0,0,8,393,0,17,85.0,2,100.0,15,83.33
66,907668,Serie A,SSC Napoli,Billy Gilmour,Midfielder,7.01,1,0.69,0,10,3,3,10.0,9,81.82,1,0,0,1,0,0,0,0,0,0,0.0,0,0,0.0,12,10,9,1,4,0,1,0,0,1,0,0,1,6,713,639,74,89.62,296,343,165,0,0.0,24,53.33,16,8,750,1,0,8,6,95,3,32,55.17,27,62.79,5,33.33
67,850993,Serie A,SSC Napoli,David Neres,Forward,7.01,3,1.54,0,17,4,6,17.65,19,38.0,3,0,0,3,0,1,0,0,0,0,0.0,0,1,0.0,10,1,2,3,2,0,0,0,0,0,9,3,0,21,331,270,61,81.57,67,203,141,13,24.53,4,66.67,16,10,925,3,0,19,7,185,12,40,35.09,36,37.5,4,22.22
68,965008,Serie A,Cagliari,Sebastiano Esposito,Forward,7.01,7,4.63,2,54,16,24,12.96,17,41.46,6,1,2,1,4,2,5,1,1,1,100.0,0,7,0.0,52,16,22,4,39,0,1,0,0,1,11,5,0,67,954,717,237,75.16,251,466,281,34,26.15,60,64.52,35,33,2610,6,0,44,52,485,29,141,47.32,120,48.19,21,42.86
69,186855,Serie A,AS Roma,Bryan Cristante,Midfielder,7.01,2,2.12,2,42,8,19,4.76,13,59.09,2,0,2,0,0,2,0,0,0,0,0.0,0,0,0.0,71,27,64,7,19,0,3,0,0,13,2,1,0,26,2053,1663,390,81.0,677,986,462,5,27.78,116,50.43,36,35,3013,6,0,62,9,481,21,202,49.39,91,45.5,111,53.11
70,1801193,Serie A,Lecce,Matías Pérez,Defender,7.0,0,0.0,0,0,0,0,0.0,0,0.0,0,0,0,0,0,0,0,0,0,0,0.0,0,0,0.0,0,0,2,2,1,0,0,0,0,0,0,0,0,1,15,14,1,93.33,7,7,4,0,0.0,0,0.0,1,1,32,0,0,0,0,4,0,0,0.0,0,0.0,0,0.0
71,295133,Serie A,Como,Edoardo Goldaniga,Defender,7.0,0,0.0,0,0,0,0,0.0,0,0.0,0,0,0,0,0,0,0,0,0,0,0.0,0,0,0.0,0,0,1,1,0,0,0,0,0,0,0,0,0,0,18,18,0,100.0,13,5,1,0,0.0,0,0.0,2,0,14,0,0,0,0,1,0,1,100.0,0,0.0,1,100.0
72,946888,Serie A,Atalanta,Éderson,Midfielder,7.0,2,4.36,6,35,11,10,5.71,16,55.17,2,0,0,0,2,0,2,0,1,1,100.0,0,0,0.0,59,28,41,7,19,0,3,0,0,7,3,1,0,25,1334,1190,144,89.21,539,651,304,1,8.33,80,72.07,30,26,2235,3,0,34,40,233,21,135,53.57,113,56.78,22,41.51
73,817957,Serie A,Milan,Christian Pulišić,Forward,7.0,8,7.85,10,51,25,13,15.69,27,45.76,8,0,0,6,2,0,3,0,1,0,0.0,0,1,0.0,14,3,10,1,7,0,1,0,0,0,9,4,0,38,650,559,91,86.0,157,402,233,13,37.14,7,41.18,29,18,1566,0,0,11,23,219,20,73,46.5,64,49.61,9,32.14
74,226974,Serie A,Como,Marc Kempf,Defender,7.0,4,2.82,2,21,6,11,19.05,2,33.33,4,0,3,1,0,0,0,0,0,0,0.0,0,0,0.0,20,12,135,19,14,2,1,1,0,11,2,1,0,8,1666,1494,172,89.68,954,540,109,0,0.0,40,37.04,33,26,2233,3,0,26,18,204,4,129,59.17,40,47.62,89,66.42
75,611210,Serie A,AS Roma,Gianluca Mancini,Defender,7.0,4,2.64,0,20,8,7,20.0,4,66.67,4,0,4,0,0,1,5,0,0,0,0.0,0,0,0.0,51,47,120,14,17,0,2,0,0,11,5,2,1,22,1599,1387,212,86.74,850,537,224,6,19.35,60,40.27,35,35,2976,9,0,69,41,283,6,183,56.13,95,50.8,88,63.31
76,984184,Serie A,Atalanta,Nicola Zalewski,Midfielder,6.99,2,2.88,3,38,7,19,5.26,28,41.79,0,2,0,0,2,1,3,1,0,0,0.0,0,2,0.0,29,18,23,1,10,0,0,0,0,1,11,4,0,36,703,534,169,75.96,209,325,219,28,22.05,37,47.44,33,24,1910,3,0,21,52,397,23,122,52.59,108,54.27,14,42.42
77,852404,Serie A,Lazio,Mattéo Guendouzi,Midfielder,6.99,2,1.3,1,16,8,6,12.5,8,47.06,2,0,0,0,2,2,0,0,0,0,0.0,0,0,0.0,14,11,14,6,11,0,2,0,0,8,1,1,0,15,735,644,91,87.62,257,387,193,7,35.0,37,66.07,16,16,1430,6,1,17,21,137,6,49,50.52,43,50.0,6,54.55
78,932643,Serie A,Sassuolo,Armand Laurienté,Forward,6.99,7,3.6,1,70,26,26,10.0,29,36.71,6,1,0,0,7,1,18,0,0,0,0.0,1,12,8.33,26,7,12,0,10,0,1,0,0,0,15,9,0,54,787,664,123,84.37,160,504,319,26,24.07,17,53.13,37,32,2549,4,0,41,47,400,53,109,38.79,102,40.48,7,24.14
79,888219,Serie A,Genoa,Junior Messias,Forward,6.99,3,1.86,0,19,7,7,15.79,20,54.05,2,1,0,3,0,0,0,0,1,1,100.0,0,0,0.0,20,5,14,1,3,0,0,0,0,0,1,1,0,6,260,198,62,76.15,57,141,99,3,18.75,20,64.52,20,5,675,1,0,10,22,130,10,75,55.56,62,61.39,13,38.24
80,1086286,Serie A,Como,Máximo Perrone,Midfielder,6.99,3,2.14,3,18,9,5,16.67,9,52.94,2,1,0,2,1,0,1,0,0,0,0.0,0,0,0.0,56,22,26,3,31,0,4,1,0,14,4,4,2,32,2111,1926,185,91.24,930,996,342,3,30.0,69,68.32,35,32,2658,8,0,40,22,259,22,99,47.14,87,46.52,12,52.17
81,284363,Serie A,Cremonese,Federico Bonazzoli,Forward,6.99,9,8.8,5,73,31,24,12.33,10,31.25,8,1,0,9,0,2,4,0,2,2,100.0,0,0,0.0,30,11,10,0,20,0,0,0,0,2,3,1,0,13,821,692,129,84.29,276,416,198,6,23.08,41,73.21,34,30,2438,4,0,26,76,272,34,125,51.65,116,53.7,9,34.62
82,1134351,Serie A,Sassuolo,Ismael Koné,Midfielder,6.99,6,4.99,4,22,10,9,27.27,26,60.47,6,0,0,0,6,0,0,0,0,0,0.0,0,0,0.0,30,15,30,4,16,0,4,0,0,3,1,0,0,23,1107,1013,94,91.51,464,549,257,3,60.0,62,80.52,34,32,2691,3,1,25,54,189,22,115,55.29,108,58.38,7,30.43
83,148899,Serie A,SSC Napoli,Leonardo Spinazzola,Defender,6.99,3,1.16,0,21,7,8,14.29,16,31.37,1,2,0,0,3,0,2,0,0,0,0.0,0,0,0.0,24,4,32,2,10,0,2,0,0,1,2,3,1,33,986,796,190,80.73,341,455,243,22,30.14,51,54.84,32,22,1907,1,0,9,9,346,13,51,42.15,49,42.61,2,33.33
84,126816,Serie A,Inter,Francesco Acerbi,Defender,6.99,0,0.37,1,3,1,2,0.0,1,50.0,0,0,0,0,0,1,3,0,0,0,0.0,0,0,0.0,10,18,91,16,2,0,0,0,0,6,1,0,0,4,978,928,50,94.89,627,301,72,3,100.0,22,51.16,18,15,1387,3,0,17,13,63,0,69,64.49,24,57.14,45,69.23
85,818481,Serie A,Bologna,Jhon Lucumí,Defender,6.99,1,0.96,0,8,2,5,12.5,5,100.0,1,0,1,0,0,0,1,0,0,0,0.0,0,0,0.0,40,31,95,13,14,1,5,0,0,8,1,0,0,7,1573,1406,167,89.38,914,492,120,1,100.0,111,61.33,28,25,2210,5,0,19,19,200,8,106,60.23,64,61.54,42,58.33
86,855829,Serie A,Bologna,Juan Miranda,Defender,6.99,1,0.61,0,13,5,5,7.69,8,50.0,1,0,0,1,0,1,3,1,0,0,0.0,0,0,0.0,48,35,73,5,12,1,0,0,0,7,5,3,0,66,1428,1186,242,83.05,579,607,319,48,28.24,111,48.47,31,28,2483,6,0,25,34,478,6,122,61.31,90,64.29,32,54.24
87,822518,Serie A,Fiorentina,Dodô,Midfielder,6.99,1,2.18,1,25,4,16,4.0,46,54.76,1,0,0,1,0,0,2,0,0,0,0.0,0,0,0.0,29,28,56,3,17,0,2,0,0,8,8,2,0,50,1356,1130,226,83.33,503,627,340,34,22.67,48,40.0,35,35,3049,7,0,22,52,503,14,143,56.75,126,58.6,17,45.95
88,1012177,Serie A,Atalanta,Lorenzo Bernasconi,Midfielder,6.98,0,0.4,1,9,1,3,0.0,8,50.0,0,0,0,0,0,0,3,0,0,0,0.0,0,0,0.0,29,14,37,6,12,0,0,0,0,8,5,3,0,27,708,596,112,84.18,260,336,160,32,28.32,23,46.0,23,17,1572,3,0,8,5,267,3,46,52.87,41,57.75,5,31.25
89,256667,Serie A,Lecce,Wladimiro Falcone,Goalkeeper,6.98,0,0.0,0,0,0,0,0.0,0,0.0,0,0,0,0,0,0,0,0,0,0,0.0,0,0,0.0,2,0,55,0,1,0,1,0,0,9,0,0,0,1,1113,506,607,45.46,294,212,58,0,0.0,281,31.75,37,37,3330,2,0,0,8,614,0,24,92.31,5,83.33,19,95.0
90,990411,Serie A,Parma,Edoardo Corvi,Goalkeeper,6.98,0,0.0,0,0,0,0,0.0,0,0.0,0,0,0,0,0,0,0,0,0,0,0.0,0,0,0.0,1,0,17,0,1,2,2,0,0,6,0,0,0,0,479,352,127,73.49,303,49,15,0,0.0,75,37.69,16,16,1440,1,0,0,5,128,0,7,87.5,5,83.33,2,100.0
91,904832,Serie A,Juventus,Khéphren Thuram,Midfielder,6.97,3,3.03,3,49,15,21,6.12,22,62.86,3,0,2,1,0,1,3,0,0,0,0.0,0,0,0.0,60,12,29,8,13,0,0,0,0,9,4,2,0,23,1476,1278,198,86.59,546,732,384,3,20.0,42,56.76,34,29,2383,2,0,38,12,278,14,130,54.39,94,55.95,36,50.7
92,293581,Serie A,Lazio,Mattia Zaccagni,Forward,6.97,3,4.07,8,34,14,13,8.82,23,38.33,3,0,0,0,3,1,6,1,1,0,0.0,0,0,0.0,37,19,10,1,21,0,0,0,0,6,4,0,0,35,773,638,135,82.54,224,414,218,10,18.52,22,56.41,26,26,2114,6,1,30,82,317,27,157,53.77,142,55.47,15,41.67
93,69378,Serie A,Fiorentina,David De Gea,Goalkeeper,6.97,0,0.0,0,0,0,0,0.0,0,0.0,0,0,0,0,0,0,0,0,0,0,0.0,0,0,0.0,0,0,19,0,2,3,2,0,0,10,0,0,0,1,1067,707,360,66.26,595,112,31,0,0.0,188,34.62,37,37,3330,0,0,0,6,372,0,11,73.33,5,71.43,6,75.0
94,287057,Serie A,Hellas Verona,Roberto Gagliardini,Midfielder,6.97,1,1.23,2,15,3,6,6.67,6,60.0,1,0,1,0,0,1,0,0,0,0,0.0,0,0,0.0,73,54,70,13,23,0,0,0,0,4,0,0,0,16,1165,945,220,81.12,435,510,231,6,37.5,46,40.0,29,25,2216,10,0,45,35,292,12,169,59.3,111,57.81,58,62.37
95,1155423,Serie A,Parma,Alessandro Circati,Defender,6.97,1,1.01,1,8,1,3,12.5,3,60.0,1,0,0,0,1,0,0,0,0,0,0.0,0,0,0.0,42,24,149,30,7,1,3,1,0,10,0,0,0,8,1427,1253,174,87.81,845,408,127,0,0.0,79,53.02,30,30,2576,6,0,30,17,214,5,137,61.99,62,61.39,75,62.5
96,1486808,Serie A,Bologna,Eivind Helland,Defender,6.96,0,0.07,0,1,0,1,0.0,0,0.0,0,0,0,0,0,0,0,0,0,0,0.0,0,0,0.0,7,4,17,6,1,0,0,0,0,2,0,0,0,2,281,248,33,88.26,181,67,18,0,0.0,10,34.48,5,5,407,2,0,4,0,39,2,21,61.76,7,50.0,14,70.0
97,44241,Serie A,Sassuolo,Nemanja Matić,Midfielder,6.96,1,0.37,0,11,4,4,9.09,13,52.0,1,0,0,1,0,0,0,0,0,0,0.0,0,0,0.0,43,27,47,10,25,0,2,0,0,5,1,1,0,20,1699,1470,229,86.52,784,686,298,2,16.67,103,56.91,33,31,2644,7,1,24,39,317,24,124,54.39,93,52.54,31,60.78
98,227864,Serie A,Lazio,Alessio Romagnoli,Defender,6.96,0,1.46,2,9,4,5,0.0,1,100.0,0,0,0,0,0,1,0,0,0,0,0.0,0,0,0.0,23,31,130,19,10,0,1,0,0,12,0,0,0,3,1942,1810,132,93.2,1245,565,118,0,0.0,65,53.72,31,30,2577,5,1,18,15,144,1,101,60.12,36,57.14,65,61.9
99,37151,Serie A,Inter,Henrikh Mkhitaryan,Midfielder,6.95,4,4.92,7,43,14,17,9.3,12,41.38,4,0,1,2,1,4,3,1,0,0,0.0,0,1,0.0,33,14,18,4,19,0,0,1,0,4,5,1,0,21,981,864,117,88.07,268,596,353,6,14.63,34,72.34,29,16,1519,4,0,25,17,221,21,74,44.85,62,43.36,12,54.55
100,891656,Serie A,Udinese,Maduka Okoye,Goalkeeper,6.95,0,0.0,0,0,0,0,0.0,0,0.0,0,0,0,0,0,0,0,0,0,0,0.0,0,0,0.0,0,0,27,0,0,2,2,1,0,10,0,0,0,2,874,566,308,64.76,405,161,30,0,0.0,201,39.88,29,29,2527,1,1,2,4,311,0,9,81.82,3,60.0,6,100.0
101,360396,Serie A,Cagliari,Yerry Mina,Defender,6.95,2,1.53,0,10,3,6,20.0,2,50.0,2,0,2,0,0,0,3,0,0,0,0.0,0,0,0.0,31,24,119,23,7,1,1,0,0,6,0,0,0,8,1144,1044,100,91.26,864,180,43,0,0.0,36,42.35,25,25,2063,3,1,25,37,127,9,127,64.14,70,63.64,57,64.77
102,972886,Serie A,Fiorentina,Fabiano Parisi,Defender,6.94,1,1.28,1,24,7,9,4.17,31,56.36,1,0,0,0,1,2,1,1,0,0,0.0,0,0,0.0,21,20,22,6,8,0,2,1,1,1,3,1,0,19,639,543,96,84.98,223,320,158,7,17.95,25,45.45,23,18,1527,6,0,14,66,217,26,124,58.77,114,61.29,10,40.0
103,1063373,Serie A,Udinese,Thomas Kristensen,Defender,6.94,3,1.02,1,11,6,3,27.27,6,50.0,3,0,3,0,0,0,3,0,0,0,0.0,0,0,0.0,26,25,197,22,17,0,1,0,0,9,0,0,0,3,1218,1046,172,85.88,706,340,100,1,25.0,79,54.11,27,27,2416,4,0,25,9,201,2,122,57.01,41,47.13,81,63.78
104,556696,Serie A,Genoa,Justin Bijlow,Goalkeeper,6.94,0,0.0,0,0,0,0,0.0,0,0.0,0,0,0,0,0,0,0,0,0,0,0.0,0,0,0.0,0,0,14,0,0,0,1,1,0,5,0,0,0,0,610,458,152,75.08,397,61,27,0,0.0,89,36.93,16,16,1395,1,0,1,1,155,0,8,88.89,0,0.0,8,100.0
105,971005,Serie A,Bologna,Nicolò Cambiaghi,Forward,6.94,3,2.13,2,24,6,10,12.5,15,45.45,3,0,0,2,1,0,5,0,0,0,0.0,0,0,0.0,30,8,5,0,20,0,0,0,0,2,5,4,0,18,397,331,66,83.38,95,236,145,16,25.0,10,45.45,28,17,1529,3,1,32,71,192,21,121,55.0,115,56.93,6,33.33
106,353130,Serie A,AS Roma,Mario Hermoso,Defender,6.93,3,1.8,2,19,6,9,15.79,4,30.77,3,0,1,1,1,1,0,0,0,0,0.0,0,0,0.0,36,28,75,6,11,1,1,0,0,7,1,2,0,10,1337,1161,176,86.84,735,426,170,1,11.11,58,45.31,26,24,2006,9,0,38,18,222,3,104,53.89,56,48.7,48,61.54
107,1516324,Serie A,Parma,Mariano Troilo,Defender,6.93,1,0.75,0,9,2,4,11.11,5,71.43,1,0,1,0,0,0,1,0,0,0,0.0,0,0,0.0,26,16,116,18,10,0,2,2,0,4,1,0,0,6,792,707,85,89.27,481,226,48,1,100.0,39,50.65,20,17,1546,6,2,25,20,98,3,86,58.5,48,55.81,38,62.3
108,965330,Serie A,Juventus,Pierre Kalulu,Defender,6.93,2,1.75,1,13,4,5,15.38,7,33.33,2,0,1,0,1,1,0,0,0,0,0.0,0,0,0.0,60,24,60,7,9,0,0,0,0,16,10,4,0,41,2140,1904,236,88.97,921,983,459,21,23.33,75,53.96,36,36,3192,1,1,33,14,360,10,114,53.02,81,56.64,33,45.83
109,848287,Serie A,AS Roma,Evan Ndicka,Defender,6.93,3,1.95,1,23,6,15,13.04,4,44.44,3,0,1,1,1,0,0,0,0,0,0.0,0,0,0.0,24,49,138,12,8,1,6,0,0,13,1,0,0,6,1634,1480,154,90.58,1044,436,102,0,0.0,89,55.63,31,31,2683,5,0,32,35,187,6,139,58.65,63,56.25,76,60.8
110,1110136,Serie A,Parma,Mandela Keita,Midfielder,6.93,1,0.58,0,15,4,8,6.67,26,61.9,1,0,0,0,1,0,0,0,0,0,0.0,0,0,0.0,73,44,31,11,24,1,3,0,1,10,0,1,0,11,1180,1044,136,88.47,555,489,168,0,0.0,44,73.33,36,35,2927,1,0,30,56,226,26,174,62.59,155,63.01,19,59.38
111,787941,Serie A,SSC Napoli,Frank Anguissa,Midfielder,6.93,4,2.54,1,23,9,11,17.39,9,52.94,4,0,2,1,1,1,0,1,0,0,0.0,0,0,0.0,18,12,11,3,12,0,1,0,0,5,1,1,0,13,714,618,96,86.55,286,332,141,4,26.67,11,50.0,18,14,1256,1,0,18,18,164,24,77,48.73,45,43.27,32,59.26
112,918440,Serie A,Genoa,Morten Frendrup,Midfielder,6.93,1,0.4,0,8,3,4,12.5,8,61.54,0,1,0,1,0,0,0,0,0,0,0.0,0,0,0.0,98,41,87,12,23,0,1,0,0,6,1,0,0,15,1259,1108,151,88.01,638,470,173,1,20.0,43,48.31,35,34,2999,5,0,40,39,215,19,171,60.85,144,63.16,27,50.94
113,893752,Serie A,Sassuolo,Stefano Turati,Goalkeeper,6.92,0,0.0,0,0,0,0,0.0,0,0.0,0,0,0,0,0,0,0,0,0,0,0.0,0,0,0.0,0,0,8,0,0,0,0,0,0,2,0,0,0,2,129,66,63,51.16,45,21,11,0,0.0,21,25.0,5,5,450,0,0,0,1,65,0,5,100.0,1,100.0,4,100.0
114,16206,Serie A,Inter,Yann Sommer,Goalkeeper,6.92,0,0.0,0,0,0,0,0.0,0,0.0,0,0,0,0,0,0,0,0,0,0,0.0,0,0,0.0,0,0,12,0,1,1,1,0,0,15,0,0,0,0,1048,858,190,81.87,780,78,15,0,0.0,165,47.01,33,33,2961,0,0,0,3,193,0,4,66.67,3,75.0,1,50.0
115,924973,Serie A,Sassuolo,Kristian Thorstvedt,Midfielder,6.92,4,6.35,9,43,13,18,9.3,17,41.46,3,1,1,3,0,1,1,0,0,0,0.0,0,0,0.0,43,32,42,13,11,0,0,0,0,5,4,4,0,32,1030,846,184,82.14,337,509,298,6,42.86,18,40.0,31,26,2368,8,0,32,55,304,21,143,52.57,115,57.79,28,38.36
116,877201,Serie A,Parma,Gabriel Strefezza,Midfielder,6.92,2,0.97,0,24,7,11,8.33,17,51.52,2,0,0,0,2,1,2,0,0,0,0.0,0,0,0.0,16,5,4,0,13,0,0,0,0,0,3,2,0,14,348,297,51,85.34,76,221,118,8,20.51,10,41.67,14,13,1015,3,0,21,28,148,18,66,46.81,61,48.03,5,35.71
117,151003,Serie A,Atalanta,Berat Djimsiti,Defender,6.92,0,1.63,4,16,2,10,0.0,3,75.0,0,0,0,0,0,1,0,0,0,0,0.0,0,0,0.0,52,43,155,24,19,1,2,0,0,8,0,0,0,5,1545,1395,150,90.29,988,407,125,0,0.0,59,57.28,33,29,2511,4,0,17,8,169,3,149,59.84,63,61.17,86,58.9
118,797286,Serie A,Genoa,Aarón Martín,Defender,6.92,1,1.32,1,11,4,1,9.09,12,48.0,0,1,0,1,0,0,0,1,1,0,0.0,1,5,20.0,42,10,46,11,7,0,0,1,0,3,11,5,0,60,715,564,151,78.88,291,273,151,63,33.69,39,32.5,32,25,2125,2,0,31,27,379,14,90,51.72,81,56.25,9,30.0
119,235672,Serie A,SSC Napoli,Matteo Politano,Midfielder,6.91,2,2.21,3,46,12,21,4.35,33,50.0,2,0,0,2,0,4,0,0,0,0,0.0,0,3,0.0,15,4,14,2,10,0,0,0,0,3,11,5,0,36,903,742,161,82.17,259,483,289,37,21.76,23,38.98,33,25,2133,4,0,19,26,398,19,81,46.29,73,48.03,8,34.78
120,357596,Serie A,Torino,Nikola Vlašić,Midfielder,6.91,8,6.93,2,47,17,19,17.02,27,50.0,8,0,0,0,8,2,4,0,5,5,100.0,0,2,0.0,66,20,28,4,29,0,2,0,0,7,5,3,0,52,1123,939,184,83.62,318,621,359,11,22.92,40,55.56,36,35,2963,7,0,44,43,359,48,158,47.16,136,48.92,22,38.6
121,1444690,Serie A,Udinese,Arthur Atta,Midfielder,6.91,5,3.94,3,55,19,18,9.09,63,53.39,4,1,0,1,4,3,8,0,0,0,0.0,0,1,0.0,25,19,35,1,16,0,1,0,0,5,5,3,0,33,1002,834,168,83.23,297,537,315,15,27.27,37,52.11,31,28,2473,3,0,23,31,418,66,138,43.67,117,42.86,21,48.84
122,929199,Serie A,Inter,Carlos Augusto,Defender,6.91,1,1.25,2,18,5,9,5.56,6,46.15,1,0,0,1,0,0,0,0,0,0,0.0,0,0,0.0,37,17,60,8,6,0,2,1,0,5,1,1,0,11,1079,962,117,89.16,493,469,194,9,19.57,21,36.84,33,17,1675,6,0,26,12,208,9,115,62.5,54,55.1,61,70.93
123,875136,Serie A,SSC Napoli,Noa Lang,Forward,6.91,1,0.79,1,9,4,2,11.11,8,40.0,1,0,1,0,0,0,2,0,0,0,0.0,0,0,0.0,12,2,1,0,2,0,0,0,0,0,4,2,0,15,269,212,57,78.81,55,157,101,11,25.0,12,80.0,18,7,668,2,0,5,11,120,7,37,52.86,31,54.39,6,46.15
124,150383,Serie A,SSC Napoli,Stanislav Lobotka,Midfielder,6.91,1,0.51,0,8,4,2,12.5,4,50.0,1,0,0,0,1,0,0,0,0,0,0.0,0,0,0.0,28,16,29,2,18,0,0,1,0,9,0,1,0,21,1787,1655,132,92.61,794,861,372,1,20.0,44,58.67,31,28,2403,3,0,13,44,167,8,87,62.59,76,64.41,11,52.38
125,826195,Serie A,Milan,Matteo Gabbia,Defender,6.91,0,1.39,3,19,3,14,0.0,0,0.0,0,0,0,0,0,2,0,0,0,0,0.0,0,0,0.0,20,14,153,19,5,0,0,0,0,11,0,0,0,2,1441,1325,116,91.95,948,377,64,0,0.0,84,56.76,29,27,2441,4,0,25,6,123,0,85,58.22,25,46.3,60,65.22
126,1160559,Serie A,Lazio,Oliver Provstgaard,Defender,6.9,0,0.33,1,6,2,4,0.0,1,33.33,0,0,0,0,0,0,0,0,0,0,0.0,0,0,0.0,12,14,69,13,6,0,2,0,0,3,1,0,0,4,1121,1037,84,92.51,620,417,104,1,50.0,46,57.5,25,13,1499,3,0,14,9,95,5,63,53.39,21,44.68,42,59.15
127,840414,Serie A,Torino,Ardian Ismajli,Defender,6.9,0,0.32,1,6,4,2,0.0,2,33.33,0,0,0,0,0,0,1,0,0,0,0.0,0,0,0.0,31,33,156,17,5,1,1,1,0,6,1,1,0,4,913,810,103,88.72,565,245,58,3,37.5,45,50.56,24,20,1825,5,0,21,17,130,1,98,65.77,48,61.54,50,70.42
128,788255,Serie A,Milan,Fikayo Tomori,Defender,6.9,0,0.59,0,9,2,4,0.0,3,60.0,0,0,0,0,0,0,2,0,0,0,0.0,0,0,0.0,65,29,97,22,18,0,0,1,0,11,2,2,0,4,1527,1376,151,90.11,838,538,197,4,25.0,56,52.34,32,30,2502,6,1,34,7,219,4,91,54.82,75,56.82,16,47.06
129,126588,Serie A,Juventus,Filip Kostić,Midfielder,6.9,3,0.59,0,9,4,2,33.33,4,50.0,1,2,0,3,0,0,0,0,0,0,0.0,0,0,0.0,17,4,11,0,4,1,0,0,0,0,1,1,0,10,229,190,39,82.97,80,110,48,11,22.45,9,50.0,18,4,490,1,0,8,5,100,6,30,53.57,26,54.17,4,50.0
130,190437,Serie A,Atalanta,Mario Pašalić,Midfielder,6.9,3,2.06,2,18,6,9,16.67,7,58.33,2,1,1,1,1,0,1,0,0,0,0.0,0,0,0.0,25,13,24,3,15,2,2,0,0,1,8,4,0,38,1329,1174,155,88.34,516,658,321,1,9.09,78,69.64,32,20,1842,3,0,21,6,222,9,65,43.33,38,45.24,27,40.91
131,841977,Serie A,Lecce,Ylber Ramadani,Midfielder,6.9,1,1.1,0,34,5,19,2.94,13,52.0,1,0,0,0,1,1,0,0,0,0,0.0,0,0,0.0,91,47,57,11,52,0,3,1,0,9,1,0,0,17,1412,1136,276,80.45,484,652,263,5,31.25,88,41.12,36,36,3125,9,0,42,59,371,26,191,55.52,159,55.02,32,58.18
132,1084730,Serie A,AS Roma,Bryan Zaragoza,Forward,6.9,0,0.05,0,1,1,0,0.0,6,60.0,0,0,0,0,0,0,0,0,0,0,0.0,0,0,0.0,1,0,0,0,1,0,0,0,0,0,1,1,0,4,59,49,10,83.05,10,39,24,3,33.33,1,100.0,4,2,135,1,0,5,5,29,2,12,48.0,12,52.17,0,0.0
133,844609,Serie A,Juventus,Michele Di Gregorio,Goalkeeper,6.9,0,0.0,0,0,0,0,0.0,1,100.0,0,0,0,0,0,0,0,0,0,0,0.0,0,0,0.0,0,0,11,0,0,0,0,0,0,13,0,0,0,0,667,506,161,75.86,454,52,9,0,0.0,108,40.45,30,29,2655,1,0,0,5,166,0,7,100.0,5,100.0,2,100.0
134,814876,Serie A,Pisa,Adrian Šemper,Goalkeeper,6.9,0,0.0,0,0,0,0,0.0,0,0.0,0,0,0,0,0,0,0,0,0,0,0.0,0,0,0.0,0,0,24,0,1,0,3,0,0,4,0,0,0,0,710,430,280,60.56,271,159,47,0,0.0,198,41.68,24,24,2160,0,0,0,4,287,0,14,87.5,2,66.67,12,92.31
135,851284,Serie A,Milan,Rafael Leão,Forward,6.9,9,9.88,10,63,24,21,14.29,25,45.45,6,3,1,1,7,2,9,0,2,2,100.0,0,0,0.0,6,5,7,0,6,0,0,0,0,3,9,3,0,20,573,478,95,83.42,138,340,186,8,40.0,14,77.78,28,23,1837,5,0,19,34,222,25,93,46.97,65,45.45,28,50.91
136,1961644,Serie A,Udinese,Abdoulaye Camara,Midfielder,6.9,0,0.0,0,0,0,0,0.0,0,0.0,0,0,0,0,0,0,0,0,0,0,0.0,0,0,0.0,0,0,0,0,0,0,0,0,0,0,0,0,0,1,9,9,0,100.0,1,8,3,2,100.0,1,100.0,1,0,11,0,0,0,0,0,0,0,0.0,0,0.0,0,0.0
137,1390489,Serie A,Milan,Davide Bartesaghi,Defender,6.9,2,1.07,0,21,7,8,9.52,11,36.67,2,0,0,2,0,0,4,0,0,0,0.0,0,5,0.0,47,11,64,9,17,0,2,2,1,7,4,0,0,42,1024,877,147,85.64,368,509,257,39,28.26,41,50.0,30,26,2352,3,0,19,14,342,21,96,47.76,72,48.98,24,44.44
138,877013,Serie A,Lazio,Valentín Castellanos,Forward,6.89,2,2.02,1,20,8,6,10.0,8,47.06,2,0,1,0,1,0,5,0,0,0,0.0,0,0,0.0,7,3,7,0,3,0,0,0,0,1,6,3,0,8,135,92,43,68.15,31,61,32,0,0.0,5,62.5,11,8,694,2,0,9,18,89,8,47,53.41,33,55.0,14,50.0
139,195850,Serie A,Genoa,Ruslan Malinovskyi,Midfielder,6.89,6,4.55,1,55,15,28,10.91,11,55.0,3,3,0,6,0,2,1,0,3,3,100.0,1,16,6.25,30,15,17,5,25,1,2,0,0,1,8,3,1,39,1218,1001,217,82.18,456,545,290,22,34.38,89,61.81,34,28,2250,10,0,36,26,337,29,102,43.4,67,41.36,35,47.95
140,982778,Serie A,AS Roma,Devyne Rensch,Midfielder,6.89,1,0.24,1,5,2,2,20.0,4,57.14,0,1,0,0,1,0,3,1,0,0,0.0,0,0,0.0,30,15,31,5,9,0,0,0,0,3,3,4,0,9,498,404,94,81.12,173,231,128,5,23.81,7,24.14,23,11,1106,1,0,6,17,152,4,61,61.62,51,69.86,10,38.46
141,1091303,Serie A,Inter,Petar Sučić,Midfielder,6.89,2,1.66,2,22,6,10,9.09,15,42.86,1,1,0,1,1,0,0,0,0,0,0.0,0,0,0.0,42,9,18,1,22,0,2,0,0,4,6,2,0,28,1088,969,119,89.06,372,597,347,10,25.0,54,65.06,33,20,1710,5,0,27,24,230,23,93,47.94,81,46.82,12,57.14
142,881931,Serie A,Juventus,Weston McKennie,Midfielder,6.89,5,7.54,11,43,16,20,11.63,17,51.52,5,0,2,1,2,1,7,0,0,0,0.0,0,0,0.0,39,24,47,8,10,2,1,0,0,11,6,5,0,47,1162,965,197,83.05,298,667,413,6,17.65,34,66.67,35,31,2751,5,0,42,11,351,16,113,48.71,67,44.97,46,55.42
143,339909,Serie A,Torino,Guillermo Maripán,Defender,6.89,2,1.57,3,18,8,3,11.11,4,66.67,2,0,1,0,1,0,2,0,0,0,0.0,0,0,0.0,51,28,151,26,14,0,1,1,0,9,0,0,0,9,990,845,145,85.35,594,251,75,1,33.33,45,46.39,27,24,2151,5,0,27,7,171,9,121,54.26,62,55.86,59,52.68
144,604232,Serie A,Como,Diego Carlos,Defender,6.89,1,0.98,1,8,2,6,12.5,0,0.0,1,0,0,0,1,0,2,0,0,0,0.0,0,0,0.0,30,22,120,17,2,0,0,1,0,7,0,0,0,2,1321,1226,95,92.81,887,339,61,0,0.0,58,53.7,27,21,1948,8,0,39,7,110,2,85,53.46,37,48.05,48,58.54
145,906963,Serie A,Hellas Verona,Andrias Edmundsson,Defender,6.89,0,0.19,0,4,1,3,0.0,1,100.0,0,0,0,0,0,0,0,0,0,0,0.0,0,0,0.0,23,26,109,13,9,1,2,0,1,2,0,0,0,2,502,381,121,75.9,249,132,47,1,25.0,46,38.02,14,14,1230,3,0,13,7,140,3,67,52.34,30,56.6,37,49.33
146,1089453,Serie A,Torino,Saúl Coco,Defender,6.89,1,0.9,0,15,4,8,6.67,7,63.64,1,0,1,0,0,0,0,2,0,0,0.0,0,1,0.0,57,43,167,41,13,0,0,1,0,11,0,1,0,11,1473,1262,211,85.68,874,388,114,1,20.0,83,46.11,34,34,3000,3,0,44,34,258,10,161,56.49,98,58.68,63,53.39
147,974581,Serie A,Como,Ivan Smolčić,Defender,6.88,0,0.86,1,12,4,5,0.0,1,50.0,0,0,0,0,0,0,0,0,0,0,0.0,0,0,0.0,38,23,42,9,14,0,1,0,0,5,1,1,0,14,826,718,108,86.92,362,356,157,6,20.69,31,44.93,27,18,1575,8,0,25,17,179,3,80,55.94,56,57.14,24,53.33
148,153257,Serie A,SSC Napoli,Giovanni Di Lorenzo,Defender,6.88,2,2.03,0,25,9,13,8.0,8,38.1,2,0,0,0,2,1,1,2,0,0,0.0,0,0,0.0,44,9,45,7,12,1,1,1,0,9,3,1,0,15,1390,1188,202,85.47,546,642,294,5,13.16,36,48.65,25,25,2188,1,0,32,23,288,7,108,56.25,75,55.15,33,58.93
149,1499054,Serie A,Fiorentina,Luís Balbo,Defender,6.88,0,0.0,0,0,0,0,0.0,0,0.0,0,0,0,0,0,0,0,0,0,0,0.0,0,0,0.0,6,1,10,5,3,0,0,0,0,0,0,0,0,1,51,34,17,66.67,19,15,7,1,20.0,3,23.08,5,1,194,0,0,2,5,34,4,14,51.85,11,52.38,3,50.0
150,229740,Serie A,Como,Alberto Moreno,Defender,6.88,2,1.51,2,11,4,4,18.18,1,16.67,2,0,1,1,0,0,3,1,0,0,0.0,0,0,0.0,20,6,32,1,5,0,2,0,0,5,2,1,0,15,670,605,65,90.3,293,312,162,7,20.59,26,55.32,18,12,1164,3,0,16,9,128,6,41,50.0,30,49.18,11,52.38
151,1177723,Serie A,Como,Jayden Addai,Midfielder,6.88,3,1.54,0,13,6,5,23.08,14,46.67,2,1,0,1,2,0,2,0,0,0,0.0,0,0,0.0,6,3,4,1,4,0,0,0,0,0,2,0,0,7,167,124,43,74.25,34,90,59,2,18.18,4,40.0,12,7,688,4,0,13,14,101,17,36,41.86,34,40.96,2,66.67
152,845291,Serie A,Inter,Josep Martínez,Goalkeeper,6.88,0,0.0,0,0,0,0,0.0,0,0.0,0,0,0,0,0,0,0,0,0,0,0.0,0,0,0.0,0,0,3,0,0,0,0,0,0,3,0,0,0,0,129,113,16,87.6,109,4,0,0,0.0,9,36.0,4,4,360,0,0,0,0,18,0,0,0.0,0,0.0,0,0.0
153,850891,Serie A,Pisa,Michel Aebischer,Midfielder,6.88,1,0.65,1,19,5,11,5.26,14,48.28,0,1,0,0,1,0,0,0,0,0,0.0,0,1,0.0,64,36,31,6,34,0,5,0,0,4,7,1,1,33,1490,1271,219,85.3,695,576,272,14,32.56,91,52.0,34,32,2839,8,0,44,38,333,12,130,51.18,116,52.97,14,40.0
154,917048,Serie A,Juventus,Andrea Cambiaso,Midfielder,6.88,3,2.92,2,25,12,10,12.0,9,33.33,3,0,1,2,0,0,2,0,0,0,0.0,0,0,0.0,60,20,18,7,20,1,3,0,2,3,11,4,0,55,1508,1326,182,87.93,598,728,410,31,25.41,52,62.65,35,34,2731,3,1,29,21,375,22,99,49.5,90,51.14,9,37.5
155,891346,Serie A,Parma,Emanuele Valeri,Midfielder,6.88,0,0.65,1,21,5,8,0.0,14,42.42,0,0,0,0,0,0,3,0,0,0,0.0,0,3,0.0,45,22,42,3,26,0,1,0,0,9,4,2,0,49,732,538,194,73.5,248,290,171,53,23.35,51,48.57,33,28,2569,2,0,23,24,548,23,97,46.86,83,47.7,14,42.42
156,1651825,Serie A,Lecce,Tiago Gabriel,Defender,6.88,2,3.6,4,20,4,14,10.0,1,100.0,2,0,1,0,0,0,1,0,0,0,0.0,0,0,0.0,62,44,239,21,13,1,3,1,1,8,0,0,0,2,1298,1139,159,87.75,848,291,52,0,0.0,66,48.53,36,35,3130,6,0,27,39,176,9,222,67.07,101,68.71,121,65.76
157,1174457,Serie A,Pisa,Samuele Angori,Midfielder,6.87,0,1.37,1,13,2,5,0.0,9,50.0,0,0,0,0,0,0,3,0,0,0,0.0,0,2,0.0,46,22,58,8,16,1,0,0,0,2,5,2,0,35,736,526,210,71.47,249,277,170,43,26.06,47,35.07,34,29,2514,2,0,16,54,396,12,127,62.56,108,67.5,19,44.19
158,1001828,Serie A,Milan,Koni De Winter,Defender,6.87,1,0.69,1,7,1,4,14.29,3,50.0,1,0,1,0,0,0,1,0,0,0,0.0,0,0,0.0,29,13,99,12,4,0,2,1,0,7,0,1,0,5,1263,1154,109,91.37,732,422,125,1,20.0,29,36.25,26,19,1805,1,0,27,8,140,3,82,59.42,40,54.05,42,65.63
159,558320,Serie A,Sassuolo,Ulisses Garcia,Defender,6.87,1,0.09,0,2,1,0,50.0,1,20.0,0,1,0,1,0,1,1,0,0,0,0.0,0,0,0.0,16,8,13,3,16,1,1,0,0,3,4,2,1,12,406,352,54,86.7,161,191,93,10,30.3,16,50.0,12,9,853,3,0,10,1,102,4,23,37.7,18,34.62,5,55.56
160,377118,Serie A,Fiorentina,Robin Gosens,Midfielder,6.87,3,2.86,3,18,7,6,16.67,0,0.0,3,0,1,2,0,0,4,0,0,0,0.0,0,0,0.0,30,22,62,6,11,0,0,0,0,4,1,1,0,12,740,589,151,79.59,304,285,123,9,21.43,21,36.21,25,23,1817,2,0,23,24,226,8,85,50.0,51,54.26,34,44.74
161,317301,Serie A,Lazio,Danilo Cataldi,Midfielder,6.87,3,2.99,0,26,7,13,11.54,6,40.0,3,0,0,1,2,1,0,0,2,2,100.0,0,3,0.0,34,21,45,9,12,0,2,1,0,6,2,3,0,23,1098,935,163,85.15,462,473,172,12,25.0,46,47.92,27,24,1992,6,0,22,12,227,4,64,54.7,50,52.63,14,63.64
162,318645,Serie A,Cremonese,Jari Vandeputte,Midfielder,6.87,1,2.16,2,20,8,6,5.0,7,33.33,1,0,0,0,1,1,1,1,0,0,0.0,0,5,0.0,37,18,36,2,15,1,0,0,0,1,10,5,0,53,893,693,200,77.6,319,374,193,39,24.53,48,41.38,31,23,1879,2,0,34,25,390,20,74,44.58,69,45.7,5,33.33
163,793645,Serie A,Bologna,Riccardo Orsolini,Midfielder,6.87,10,9.68,7,82,31,35,12.2,32,47.76,8,2,0,10,0,8,18,0,6,4,66.67,0,2,0.0,21,8,16,1,10,0,0,0,0,3,1,1,0,26,561,395,166,70.41,116,279,170,5,12.5,40,52.63,35,26,2130,2,0,21,44,322,28,126,53.62,97,52.15,29,59.18
164,977679,Serie A,Inter,Luís Henrique,Midfielder,6.87,1,0.88,2,15,7,4,6.67,13,56.52,1,0,0,0,1,1,1,0,0,0,0.0,0,0,0.0,20,6,15,1,2,0,0,0,0,4,5,2,0,22,810,703,107,86.79,258,445,274,11,26.83,21,51.22,29,18,1591,1,0,5,0,173,6,38,62.3,33,60.0,5,83.33
165,1518983,Serie A,Lazio,Edoardo Motta,Goalkeeper,6.87,0,0.0,0,0,0,0,0.0,0,0.0,0,0,0,0,0,0,0,0,0,0,0.0,0,0,0.0,0,0,8,0,0,1,1,1,0,3,0,0,0,1,237,169,68,71.31,153,16,2,0,0.0,39,37.14,9,9,810,1,0,1,1,69,0,4,57.14,0,0.0,4,66.67
166,294597,Serie A,Bologna,Federico Bernardeschi,Midfielder,6.87,3,2.54,0,37,11,17,8.11,23,47.92,3,0,0,3,0,0,2,0,1,1,100.0,0,4,0.0,7,7,8,2,3,0,1,1,0,0,4,2,1,28,519,452,67,87.09,154,298,182,15,31.91,46,82.14,28,11,1135,3,0,13,10,184,14,46,43.81,40,43.48,6,46.15
167,369866,Serie A,Cagliari,Luca Mazzitelli,Midfielder,6.86,2,0.73,0,15,5,6,13.33,3,50.0,2,0,0,1,1,0,0,0,0,0,0.0,0,1,0.0,20,11,26,3,13,0,0,0,0,1,1,2,0,5,370,281,89,75.95,154,127,50,2,22.22,32,47.76,18,9,785,3,0,22,13,118,3,46,44.66,36,47.37,10,37.04
168,930189,Serie A,Milan,Samuele Ricci,Midfielder,6.86,1,1.53,2,18,6,6,5.56,5,62.5,0,1,0,0,1,1,1,0,0,0,0.0,0,0,0.0,16,9,29,5,2,0,1,0,0,1,5,4,0,20,647,583,64,90.11,228,355,165,12,42.86,37,77.08,31,11,1305,3,0,17,33,107,9,56,60.22,53,63.86,3,30.0
169,1118177,Serie A,Sassuolo,Tarik Muharemović,Defender,6.86,2,1.64,3,20,6,6,10.0,7,63.64,2,0,1,0,0,0,0,0,0,0,0.0,0,1,0.0,44,45,222,31,9,0,1,0,2,6,1,2,0,5,1649,1413,236,85.69,1018,395,125,0,0.0,89,39.56,32,32,2835,7,0,24,20,261,2,134,64.42,67,64.42,67,64.42
170,98059,Serie A,Genoa,Nicola Leali,Goalkeeper,6.86,0,0.0,0,0,0,0,0.0,0,0.0,0,0,0,0,0,0,0,0,0,0,0.0,0,0,0.0,1,1,14,0,0,1,0,0,0,4,0,0,0,2,505,318,187,62.97,247,71,24,0,0.0,106,36.68,21,20,1758,2,1,2,2,189,0,5,71.43,2,50.0,3,100.0
171,115516,Serie A,Bologna,Remo Freuler,Midfielder,6.86,1,0.84,0,6,1,1,16.67,2,28.57,1,0,1,0,0,0,1,0,0,0,0.0,0,0,0.0,54,20,32,5,18,1,0,0,1,7,0,2,0,20,1317,1146,171,87.02,552,594,259,2,12.5,58,51.79,28,25,2151,5,0,19,22,231,8,93,56.02,78,62.4,15,36.59
172,1069560,Serie A,SSC Napoli,Antonio Vergara,Forward,6.85,1,0.77,0,10,3,4,10.0,8,30.77,0,1,0,1,0,0,2,1,0,0,0.0,0,0,0.0,12,4,3,0,7,0,0,0,0,0,0,2,0,11,176,134,42,76.14,41,93,65,3,27.27,2,22.22,12,8,618,2,0,17,20,119,15,45,39.82,40,42.11,5,27.78
173,1831525,Serie A,Udinese,Branimir Mlačić,Defender,6.85,0,0.0,0,0,0,0,0.0,1,100.0,0,0,0,0,0,0,0,0,0,0,0.0,0,0,0.0,3,2,6,2,1,0,0,0,0,0,0,0,0,0,73,63,10,86.3,46,17,5,0,0.0,5,62.5,6,2,152,2,0,4,0,12,1,6,35.29,4,40.0,2,28.57
174,958517,Serie A,Parma,Lautaro Valenti,Defender,6.85,0,0.48,0,16,4,4,0.0,8,57.14,0,0,0,0,0,0,0,0,0,0,0.0,0,1,0.0,49,25,143,25,12,1,1,0,0,6,3,0,1,11,1062,831,231,78.25,559,272,92,1,5.26,57,31.15,26,24,2190,6,0,23,17,324,8,113,58.55,73,60.83,40,54.79
175,1017649,Serie A,Lazio,Matteo Cancellieri,Forward,6.85,4,4.17,7,40,16,16,10.0,13,32.5,3,1,0,4,0,1,3,0,0,0,0.0,0,0,0.0,39,24,25,2,23,0,1,0,0,5,3,2,0,17,433,331,102,76.44,116,215,98,5,23.81,8,36.36,29,20,1667,6,0,38,65,222,26,149,50.51,115,51.11,34,48.57
176,2899,Serie A,Udinese,Daniele Padelli,Goalkeeper,6.85,0,0.0,0,0,0,0,0.0,0,0.0,0,0,0,0,0,0,0,0,0,0,0.0,0,0,0.0,0,0,2,0,0,0,0,0,0,0,0,0,0,0,63,42,21,66.67,40,2,0,0,0.0,7,25.0,2,2,180,0,0,0,0,21,0,0,0.0,0,0.0,0,0.0
177,996820,Serie A,Torino,Kristjan Asllani,Midfielder,6.85,0,1.39,1,20,4,9,0.0,3,50.0,0,0,0,0,0,0,0,0,1,0,0.0,0,1,0.0,21,12,10,1,11,1,1,0,0,1,1,0,0,15,617,519,98,84.12,274,245,99,13,25.0,68,54.4,15,13,1135,3,0,7,14,160,4,39,53.42,37,59.68,2,18.18
178,902019,Serie A,Cagliari,Gianluca Gaetano,Midfielder,6.85,2,1.74,0,30,9,12,6.67,15,57.69,2,0,0,0,2,0,0,0,0,0,0.0,0,5,0.0,28,21,27,2,17,0,1,0,0,4,2,4,1,27,979,776,203,79.26,401,375,172,11,29.73,54,48.65,32,20,1822,4,0,26,29,296,20,86,49.71,72,49.32,14,51.85
179,1157713,Serie A,Atalanta,Isak Hien,Defender,6.85,1,0.8,1,8,3,4,12.5,4,44.44,1,0,1,0,0,0,0,0,0,0,0.0,0,0,0.0,49,27,101,13,15,0,1,0,1,2,0,0,0,2,1097,1010,87,92.07,714,296,69,0,0.0,54,65.06,27,19,1875,5,0,34,16,129,11,114,50.44,69,51.49,45,48.91
180,893998,Serie A,Fiorentina,Luca Ranieri,Defender,6.85,1,1.89,3,18,3,9,5.56,6,40.0,1,0,0,1,0,1,3,0,0,0,0.0,0,0,0.0,34,24,127,13,8,0,0,1,0,8,2,0,0,7,1411,1211,200,85.83,742,469,155,6,22.22,83,46.37,34,29,2479,8,1,22,27,256,4,114,59.69,67,61.47,47,57.32
181,965264,Serie A,Juventus,Emil Holm,Defender,6.84,1,1.27,0,12,1,9,8.33,7,46.67,1,0,0,1,0,1,0,0,0,0,0.0,0,0,0.0,29,8,27,3,6,0,1,0,0,1,3,4,0,9,369,290,79,78.59,152,138,69,7,25.0,11,26.19,17,10,868,1,1,11,19,157,6,70,59.32,54,63.53,16,48.48
182,944973,Serie A,Lazio,Nuno Tavares,Defender,6.84,0,0.65,1,16,1,9,0.0,23,58.97,0,0,0,0,0,0,6,0,0,0,0.0,0,3,0.0,30,18,31,1,13,1,2,0,0,3,1,0,1,21,895,773,122,86.37,349,424,209,21,21.21,34,64.15,23,17,1493,5,0,20,22,280,11,86,55.84,75,55.97,11,55.0
183,132318,Serie A,Atalanta,Davide Zappacosta,Midfielder,6.84,3,2.21,2,36,8,14,8.33,25,43.86,2,1,0,3,0,2,7,0,0,0,0.0,0,0,0.0,22,20,37,2,15,0,1,0,0,8,2,3,0,39,1116,947,169,84.86,420,527,330,23,23.0,27,36.0,34,30,2535,3,0,17,8,371,15,66,41.77,54,40.91,12,46.15
184,44906,Serie A,Bologna,Łukasz Skorupski,Goalkeeper,6.84,0,0.0,0,0,0,0,0.0,0,0.0,0,0,0,0,0,0,0,0,0,0,0.0,0,0,0.0,0,0,32,0,0,0,3,0,0,7,0,0,0,0,608,446,162,73.36,399,47,18,0,0.0,88,35.92,18,18,1504,1,1,1,8,166,0,11,91.67,4,80.0,7,100.0
185,851222,Serie A,Pisa,Mehdi Léris,Midfielder,6.84,2,1.59,3,25,7,8,8.0,16,39.02,2,0,0,0,2,1,8,1,0,0,0.0,0,0,0.0,64,20,37,8,20,0,0,1,0,0,5,3,0,27,536,373,163,69.59,154,219,145,31,32.63,22,33.85,33,20,1841,2,0,27,21,329,18,154,57.46,100,54.05,54,65.06
186,904887,Serie A,Udinese,Jürgen Ekkelenkamp,Midfielder,6.84,5,4.89,4,33,15,12,15.15,16,64.0,3,2,2,0,3,0,3,1,0,0,0.0,1,6,16.67,47,15,26,6,10,0,1,0,0,3,4,3,1,28,643,508,135,79.0,181,327,178,5,15.63,8,26.67,31,27,2203,1,0,22,19,224,20,97,53.59,82,57.34,15,39.47
187,941179,Serie A,Torino,Niels Nkounkou,Defender,6.83,0,0.19,0,4,1,2,0.0,7,87.5,0,0,0,0,0,1,0,0,0,0,0.0,0,0,0.0,13,8,15,1,3,0,1,0,0,0,2,1,0,5,106,86,20,81.13,36,50,28,5,31.25,5,41.67,10,3,334,3,0,3,3,44,3,25,56.82,22,68.75,3,25.0
188,859027,Serie A,Como,Maxence Caqueret,Midfielder,6.83,2,2.27,1,18,4,8,11.11,17,54.84,1,1,0,0,2,0,2,1,0,0,0.0,0,1,0.0,34,13,4,3,19,1,0,1,0,0,3,5,0,24,890,783,107,87.98,304,479,244,9,26.47,12,46.15,29,17,1461,3,0,26,22,220,28,80,45.71,70,45.16,10,50.0
189,356160,Serie A,SSC Napoli,Vanja Milinković-Savić,Goalkeeper,6.83,0,0.0,0,0,0,0,0.0,0,0.0,0,0,0,0,0,0,0,0,0,0,0.0,0,0,0.0,0,0,21,0,2,0,2,1,0,11,1,1,0,3,1014,733,281,72.29,654,79,39,0,0.0,139,33.33,27,27,2430,0,0,1,6,286,0,8,72.73,4,57.14,4,100.0
190,1392819,Serie A,Lecce,Gaby Jean,Defender,6.83,0,0.0,0,0,0,0,0.0,0,0.0,0,0,0,0,0,0,0,0,0,0,0.0,0,0,0.0,3,1,16,0,3,0,0,0,0,1,0,0,0,0,103,83,20,80.58,52,31,6,0,0.0,7,38.89,6,1,186,1,0,1,2,23,0,9,52.94,4,50.0,5,55.56
191,1800245,Serie A,Como,Jesús Rodriguez,Midfielder,6.83,1,3.91,3,44,11,24,2.27,40,41.67,1,0,0,0,1,0,3,0,0,0,0.0,0,0,0.0,24,5,10,0,10,0,0,1,0,1,10,8,0,35,437,346,91,79.18,89,257,158,10,18.52,7,58.33,30,17,1670,2,1,22,30,289,29,107,46.12,94,45.19,13,54.17
192,555540,Serie A,AS Roma,Lorenzo Pellegrini,Forward,6.83,4,5.32,3,32,12,12,12.5,5,20.83,4,0,0,1,3,2,5,0,2,2,100.0,0,4,0.0,12,14,14,4,13,0,0,1,0,1,4,2,0,28,682,526,156,77.13,149,377,233,24,26.67,28,60.87,24,20,1475,2,0,20,39,297,22,77,44.0,56,43.41,21,45.65
193,1087514,Serie A,Genoa,Brooke Norton-Cuffy,Defender,6.83,2,1.6,2,16,6,5,12.5,32,59.26,2,0,0,1,1,1,0,0,0,0,0.0,0,0,0.0,42,10,39,6,7,0,1,0,0,2,2,1,0,21,705,570,135,80.85,303,267,141,19,23.75,26,48.15,26,25,2184,3,1,23,16,330,24,105,50.0,90,54.22,15,34.09
194,848355,Serie A,AS Roma,Angeliño,Midfielder,6.83,0,0.19,0,5,2,2,0.0,0,0.0,0,0,0,0,0,0,0,0,0,0,0.0,0,0,0.0,9,2,6,0,6,0,0,0,0,1,0,0,0,5,209,164,45,78.47,71,93,58,4,22.22,11,50.0,7,5,418,2,0,5,2,72,2,15,42.86,11,40.74,4,50.0
195,1499991,Serie A,AS Roma,Jan Ziółkowski,Defender,6.83,0,0.1,0,1,0,1,0.0,0,0.0,0,0,0,0,0,0,0,0,0,0,0.0,0,0,0.0,19,8,37,5,2,0,0,0,0,1,0,0,0,1,245,204,41,83.27,148,56,13,0,0.0,12,33.33,17,5,500,2,0,11,8,44,2,50,61.73,27,64.29,23,58.97
196,922928,Serie A,Udinese,Alessandro Zanoli,Midfielder,6.83,1,0.1,0,3,1,2,33.33,14,42.42,1,0,0,0,1,0,1,0,0,0,0.0,0,0,0.0,25,7,36,5,9,0,0,0,0,1,3,2,0,15,348,280,68,80.46,134,146,87,12,30.77,9,40.91,19,16,1290,1,0,16,5,153,2,61,53.04,44,48.89,17,68.0
197,898815,Serie A,SSC Napoli,Sam Beukema,Defender,6.82,2,1.7,0,8,4,4,25.0,2,66.67,2,0,1,1,0,0,1,0,0,0,0.0,0,0,0.0,19,14,58,11,9,0,1,1,0,4,0,0,0,6,1372,1254,118,91.4,777,477,185,0,0.0,49,54.44,24,18,1686,2,0,19,5,146,4,57,48.72,25,44.64,32,52.46
198,964153,Serie A,Cagliari,Adam Obert,Defender,6.82,0,1.43,2,10,3,5,0.0,16,64.0,0,0,0,0,0,1,0,0,0,0,0.0,0,0,0.0,65,40,111,18,15,0,0,0,0,5,6,3,0,24,1184,967,217,81.67,624,343,143,21,31.82,54,46.55,34,32,2698,8,1,39,12,344,13,123,53.48,93,55.69,30,47.62
199,894863,Serie A,Como,Anastasios Douvikas,Forward,6.82,13,10.78,11,62,28,18,20.97,13,39.39,13,0,2,2,9,2,7,1,1,1,100.0,0,0,0.0,13,4,14,4,7,0,0,0,0,5,2,1,0,23,314,245,69,78.03,70,175,104,0,0.0,9,69.23,37,24,2195,0,0,35,40,214,40,97,41.45,66,40.49,31,43.66
200,908716,Serie A,SSC Napoli,Miguel Gutiérrez,Defender,6.82,1,0.74,0,14,4,8,7.14,8,34.78,1,0,0,1,0,1,1,0,0,0,0.0,0,1,0.0,33,8,21,1,9,0,2,0,0,4,2,1,0,21,736,645,91,87.64,344,301,159,9,20.0,37,64.91,27,14,1400,0,0,19,27,179,11,77,56.2,67,55.83,10,58.82
201,959806,Serie A,Lazio,Kenneth Taylor,Midfielder,6.82,3,2.04,1,16,6,5,18.75,8,42.11,3,0,0,1,2,2,1,0,0,0,0.0,0,0,0.0,21,10,10,6,19,0,0,1,0,4,1,2,0,13,673,597,76,88.71,217,380,188,1,11.11,8,40.0,17,17,1400,5,0,17,13,121,10,47,42.73,42,42.42,5,45.45
202,158037,Serie A,Cremonese,Matteo Bianchetti,Defender,6.82,0,0.5,1,7,1,5,0.0,2,50.0,0,0,0,0,0,0,0,0,0,0,0.0,0,0,0.0,44,19,132,18,16,0,2,2,0,5,1,2,0,4,1141,956,185,83.79,656,300,99,1,16.67,72,42.6,26,24,2107,3,0,26,14,239,2,110,59.46,59,58.42,51,60.71
203,1525367,Serie A,Pisa,Ebenezer Akinsanmiro,Midfielder,6.82,0,0.86,2,13,3,8,0.0,21,52.5,0,0,0,0,0,2,1,0,0,0,0.0,0,0,0.0,39,26,14,6,10,0,2,0,0,2,3,1,0,16,478,409,69,85.56,196,213,116,3,27.27,20,50.0,23,15,1400,2,0,29,28,157,20,102,52.85,88,54.66,14,43.75
204,1014287,Serie A,Lecce,Jamil Siebert,Defender,6.82,1,0.41,0,6,2,1,16.67,4,66.67,1,0,1,0,0,0,1,0,0,0,0.0,0,0,0.0,25,16,134,21,10,1,0,0,0,2,0,0,0,3,575,438,137,76.17,284,154,47,1,20.0,52,40.0,20,17,1617,3,0,21,7,161,3,68,51.13,35,50.0,33,52.38
205,58351,Serie A,Udinese,Christian Kabasele,Defender,6.82,3,1.29,0,10,6,2,30.0,5,83.33,3,0,2,0,1,0,1,0,0,0,0.0,0,0,0.0,17,35,154,20,5,2,1,0,0,6,0,0,0,1,827,730,97,88.27,585,145,26,0,0.0,47,50.0,29,27,2198,5,0,32,25,117,4,110,60.11,45,54.22,65,65.0
206,864898,Serie A,Udinese,Nicolò Zaniolo,Forward,6.81,5,5.5,6,72,22,25,6.94,33,35.11,5,0,1,3,1,3,6,0,0,0,0.0,0,5,0.0,28,4,0,0,20,0,2,0,0,3,7,6,2,53,579,452,127,78.07,144,308,184,33,26.61,27,60.0,32,28,2269,8,0,62,61,449,63,140,37.33,122,38.13,18,32.73
207,1486729,Serie A,Parma,Nesta Elphege,Forward,6.81,2,1.91,2,6,3,2,33.33,4,66.67,2,0,0,1,1,0,3,0,0,0,0.0,0,0,0.0,2,0,2,0,0,0,0,0,0,0,0,1,0,4,62,41,21,66.13,13,28,21,0,0.0,0,0.0,9,2,306,0,0,3,0,31,0,25,53.19,6,54.55,19,52.78
208,976381,Serie A,Lazio,Gustav Isaksen,Forward,6.81,5,5.01,8,48,19,15,10.42,27,38.03,5,0,0,4,1,1,1,0,0,0,0.0,0,0,0.0,16,7,6,3,10,1,1,0,0,0,0,1,0,17,514,415,99,80.74,147,268,128,9,28.13,15,55.56,30,18,1598,0,0,18,57,241,26,110,49.33,99,50.51,11,40.74
209,47743,Serie A,Pisa,Juan Cuadrado,Midfielder,6.81,1,0.96,0,10,2,3,10.0,13,43.33,1,0,0,0,1,1,0,0,1,1,100.0,0,1,0.0,16,4,6,2,9,0,0,0,0,0,2,0,0,12,201,164,37,81.59,76,88,44,16,39.02,17,58.62,18,2,482,3,0,9,16,105,9,47,49.47,45,50.56,2,33.33
210,902031,Serie A,Bologna,João Mário,Defender,6.81,1,0.28,0,7,2,1,14.29,15,46.88,1,0,0,0,1,0,0,0,0,0,0.0,0,0,0.0,14,13,13,3,10,1,0,1,0,2,1,0,0,8,492,386,106,78.46,168,218,124,7,35.0,19,45.24,20,12,1008,2,0,10,31,170,6,66,56.9,60,58.82,6,42.86
211,870211,Serie A,Cagliari,Alberto Dossena,Defender,6.81,0,0.78,1,6,2,3,0.0,1,100.0,0,0,0,0,0,0,2,0,0,0,0.0,0,0,0.0,15,8,40,8,5,0,0,0,0,2,2,1,0,3,445,398,47,89.44,276,122,25,0,0.0,19,45.24,11,9,828,5,0,10,8,58,1,41,62.12,24,60.0,17,65.38
212,893008,Serie A,AS Roma,Zeki Çelik,Defender,6.81,1,1.54,2,22,4,10,4.55,8,22.22,1,0,0,0,1,0,3,0,0,0,0.0,0,0,0.0,62,21,66,6,22,0,0,0,0,8,2,2,1,26,1309,1116,193,85.26,452,664,375,14,18.92,32,38.1,33,31,2640,2,1,35,17,360,13,121,49.59,86,47.25,35,56.45
213,798002,Serie A,Lazio,Toma Bašić,Midfielder,6.81,2,1.39,0,29,11,12,6.9,1,25.0,1,1,0,2,0,1,0,0,0,0,0.0,0,2,0.0,20,11,23,7,13,0,1,0,0,2,5,3,0,21,803,703,100,87.55,363,340,142,17,37.78,25,58.14,22,22,1656,0,1,20,19,157,11,59,51.3,40,47.06,19,63.33
214,786175,Serie A,Cremonese,Federico Baschirotto,Defender,6.81,2,1.06,1,12,5,4,16.67,1,50.0,2,0,2,0,0,0,1,0,0,0,0.0,0,0,0.0,26,26,186,33,11,1,2,1,0,8,0,0,0,2,1316,1138,178,86.47,880,258,63,1,12.5,64,40.25,29,29,2541,2,0,45,9,206,3,93,48.19,36,40.0,57,55.34
215,865651,Serie A,Atalanta,Giacomo Raspadori,Forward,6.8,3,2.99,3,25,11,4,12.0,4,30.77,3,0,0,3,0,1,1,0,0,0,0.0,0,0,0.0,6,1,4,0,3,0,0,0,0,1,0,1,0,13,260,212,48,81.54,79,133,81,12,28.57,12,54.55,12,6,701,0,0,7,4,111,11,21,35.59,14,31.82,7,46.67
216,256219,Serie A,AS Roma,Paulo Dybala,Forward,6.8,2,4.32,5,38,16,10,5.26,14,31.82,2,0,0,1,1,0,3,0,1,0,0.0,0,6,0.0,10,4,2,0,8,0,0,0,0,1,7,4,0,48,629,525,104,83.47,124,401,252,26,29.21,31,72.09,21,14,1265,0,0,11,35,267,22,68,45.03,58,45.31,10,43.48
217,220223,Serie A,Cagliari,Andrea Belotti,Forward,6.8,2,1.92,3,6,4,2,33.33,1,25.0,2,0,0,0,2,0,4,1,1,1,100.0,0,0,0.0,1,4,2,0,1,0,0,0,0,0,0,0,0,1,31,23,8,74.19,12,11,4,0,0.0,0,0.0,8,3,232,0,0,3,10,27,4,16,43.24,11,50.0,5,33.33
218,807400,Serie A,Fiorentina,Abdelhamid Sabiri,Midfielder,6.8,0,0.01,0,1,0,1,0.0,0,0.0,0,0,0,0,0,0,0,0,0,0,0.0,0,0,0.0,2,0,0,0,1,0,0,0,0,0,0,0,0,3,19,13,6,68.42,3,10,6,2,50.0,0,0.0,1,0,25,0,0,1,1,9,1,3,50.0,3,50.0,0,0.0
219,1511706,Serie A,Genoa,Alexsandro Amorim,Midfielder,6.8,0,0.16,0,2,0,0,0.0,7,77.78,0,0,0,0,0,0,1,0,0,0,0.0,0,0,0.0,14,8,6,2,12,0,1,1,0,0,1,0,0,9,249,213,36,85.54,118,95,32,4,26.67,13,48.15,10,5,492,1,0,7,18,64,6,40,58.82,39,60.0,1,33.33
220,1211005,Serie A,Hellas Verona,Yellu Santiago,Midfielder,6.8,0,0.02,0,2,1,1,0.0,1,100.0,0,0,0,0,0,0,0,0,0,0,0.0,0,0,0.0,2,0,0,0,0,0,0,0,0,0,0,0,0,1,7,4,3,57.14,2,2,2,0,0.0,0,0.0,2,0,11,0,0,0,1,3,0,4,80.0,4,100.0,0,0.0
221,43970,Serie A,Cremonese,Marco Silvestri,Goalkeeper,6.8,0,0.0,0,0,0,0,0.0,0,0.0,0,0,0,0,0,0,0,0,0,0,0.0,0,0,0.0,0,0,4,0,0,1,0,0,0,0,0,0,0,0,140,80,60,57.14,62,18,4,0,0.0,23,28.05,4,4,360,0,0,0,0,60,0,2,100.0,0,0.0,2,100.0
222,2246841,Serie A,Genoa,Wedtoin Latif Ouedraogo,Defender,6.8,0,0.0,0,0,0,0,0.0,0,0.0,0,0,0,0,0,0,0,0,0,0,0.0,0,0,0.0,1,0,0,0,0,0,0,0,0,0,0,0,0,0,3,3,0,100.0,1,2,1,1,100.0,0,0.0,1,0,19,0,0,1,1,0,0,2,66.67,2,66.67,0,0.0
223,1485292,Serie A,Sassuolo,Pedro Felipe,Defender,6.8,0,0.0,0,0,0,0,0.0,1,100.0,0,0,0,0,0,0,0,0,0,0,0.0,0,0,0.0,2,0,3,1,1,0,0,0,0,0,1,1,0,1,79,73,6,92.41,52,21,4,0,0.0,3,50.0,2,1,91,0,0,0,0,7,1,5,62.5,3,60.0,2,66.67
224,1142612,Serie A,Torino,Emirhan İlkhan,Midfielder,6.8,1,2.21,2,11,3,4,9.09,6,50.0,1,0,0,0,1,0,0,0,0,0,0.0,0,0,0.0,25,13,15,2,11,0,0,0,0,0,2,2,0,11,448,379,69,84.6,197,182,76,3,50.0,49,69.01,18,12,955,2,1,10,18,104,11,62,56.88,49,56.98,13,56.52
225,1493689,Serie A,Como,Assane Diao,Forward,6.79,2,2.48,3,26,9,6,7.69,27,40.3,2,0,1,1,0,0,2,0,0,0,0.0,0,0,0.0,15,4,7,1,3,0,0,0,0,2,2,1,0,8,300,238,62,79.33,47,191,99,3,11.11,5,62.5,16,12,1006,2,0,15,37,180,25,86,46.49,78,48.75,8,32.0
226,1069244,Serie A,Lazio,Tijjani Noslin,Forward,6.79,4,4.56,3,33,11,17,12.12,17,54.84,4,0,1,1,2,1,3,2,0,0,0.0,0,1,0.0,7,3,7,3,3,0,0,0,0,1,1,1,0,14,350,283,67,80.86,104,179,93,4,40.0,18,81.82,28,8,1091,3,1,18,23,148,18,67,46.21,47,47.96,20,42.55
227,1128063,Serie A,Juventus,Federico Gatti,Defender,6.79,2,1.95,1,12,6,4,16.67,1,100.0,2,0,1,0,1,0,0,0,0,0,0.0,0,0,0.0,11,12,54,5,3,1,2,0,0,2,0,0,0,3,609,553,56,90.8,344,209,68,0,0.0,29,54.72,20,11,1010,3,0,15,6,67,1,42,56.76,18,50.0,24,63.16
228,1090374,Serie A,Lecce,Kialonda Gaspar,Defender,6.79,0,0.89,1,9,1,5,0.0,1,33.33,0,0,0,0,0,0,2,0,0,0,0.0,0,0,0.0,23,17,141,21,6,0,5,1,0,7,0,0,0,0,792,668,124,84.34,469,199,40,0,0.0,47,46.08,22,21,1829,6,1,12,22,140,2,94,61.84,45,68.18,49,56.98
229,889785,Serie A,Genoa,Johan Vásquez,Defender,6.79,1,1.29,1,24,6,13,4.17,8,47.06,1,0,0,1,0,0,1,0,0,0,0.0,0,0,0.0,59,45,154,28,18,1,0,0,0,8,0,0,0,9,1994,1706,288,85.56,1222,484,192,5,20.83,95,39.58,36,36,3217,2,0,23,46,363,9,185,57.28,112,66.67,73,47.1
230,217784,Serie A,Lazio,Patric,Defender,6.79,0,0.29,0,5,0,2,0.0,2,100.0,0,0,0,0,0,0,0,0,0,0,0.0,0,0,0.0,2,4,32,6,3,0,3,0,0,2,1,0,0,2,571,522,49,91.42,308,214,65,0,0.0,32,69.57,14,6,682,2,0,4,2,58,0,17,56.67,6,46.15,11,64.71
231,341143,Serie A,Torino,Giovanni Simeone,Forward,6.78,11,9.86,13,78,28,30,14.1,22,44.0,10,1,2,1,8,2,18,2,0,0,0.0,0,0,0.0,15,5,16,2,10,0,0,0,0,0,2,0,0,22,408,296,112,72.55,118,178,102,1,12.5,8,44.44,31,26,2155,1,0,29,39,276,44,109,38.52,75,41.67,34,33.01
232,887275,Serie A,Pisa,Matteo Tramoni,Forward,6.78,2,3.25,3,28,9,12,7.14,8,23.53,2,0,0,0,2,1,2,0,1,1,100.0,0,0,0.0,32,16,10,1,19,0,1,1,0,0,4,2,0,28,363,262,101,72.18,74,188,128,22,32.35,15,46.88,27,21,1615,3,0,15,15,233,18,67,44.08,55,41.67,12,60.0
233,233826,Serie A,Torino,Valentino Lazaro,Midfielder,6.78,0,0.48,0,8,2,3,0.0,11,44.0,0,0,0,0,0,0,1,0,0,0,0.0,0,0,0.0,47,22,50,8,21,0,0,0,0,7,7,2,0,31,844,670,174,79.38,324,346,194,37,27.21,45,44.55,31,26,2263,4,0,37,9,350,3,82,45.56,67,47.52,15,38.46
234,351434,Serie A,Udinese,Hassane Kamara,Midfielder,6.78,0,0.65,1,16,5,8,0.0,17,53.13,0,0,0,0,0,2,0,0,0,0,0.0,0,0,0.0,31,23,58,3,8,0,1,1,0,4,6,2,1,24,734,600,134,81.74,289,311,156,17,20.73,30,40.0,26,22,1869,5,0,16,11,294,11,77,57.04,59,55.66,18,62.07
235,989186,Serie A,Como,Ignace Van der Brempt,Defender,6.78,0,0.18,0,3,0,2,0.0,6,40.0,0,0,0,0,0,0,0,0,0,0,0.0,0,0,0.0,28,8,19,0,7,0,0,0,0,2,1,1,0,5,459,392,67,85.4,199,193,97,2,18.18,11,36.67,19,11,929,2,0,19,15,132,3,60,55.56,49,57.65,11,47.83
236,1133236,Serie A,Hellas Verona,Tobias Slotsager,Defender,6.78,0,0.14,0,3,1,1,0.0,0,0.0,0,0,0,0,0,0,0,0,0,0,0.0,0,0,0.0,14,3,34,4,2,1,0,0,0,2,0,0,0,0,227,176,51,77.53,106,70,24,1,50.0,9,25.71,8,4,443,0,0,3,5,57,0,40,80.0,19,79.17,21,80.77
237,870263,Serie A,SSC Napoli,Alessandro Buongiorno,Defender,6.78,0,1.43,3,8,3,3,0.0,1,20.0,0,0,0,0,0,1,1,0,0,0,0.0,0,0,0.0,33,40,113,12,12,1,1,2,0,8,0,1,0,3,1849,1682,167,90.97,1094,588,174,2,33.33,27,32.14,33,28,2519,3,0,50,26,190,2,134,56.54,59,48.36,75,65.22
238,35428,Serie A,Lazio,Pedro,Forward,6.77,4,2.36,0,20,9,7,20.0,13,56.52,3,1,0,1,3,0,0,0,2,2,100.0,0,0,0.0,10,3,4,0,10,0,2,0,0,0,5,2,0,17,445,386,59,86.74,133,253,125,7,25.0,19,65.52,28,8,933,4,0,9,23,115,11,46,52.27,45,54.22,1,20.0
239,1526933,Serie A,Fiorentina,Eddy Kouadio,Defender,6.77,0,0.0,0,0,0,0,0.0,1,50.0,0,0,0,0,0,0,0,0,0,0,0.0,0,0,0.0,4,1,1,0,1,0,0,0,0,0,0,0,0,1,24,21,3,87.5,17,4,1,0,0.0,1,50.0,3,0,80,0,0,1,1,7,0,6,66.67,6,66.67,0,0.0
240,1093695,Serie A,Genoa,Vitinha,Forward,6.77,5,6.21,8,65,20,21,7.69,36,31.86,4,1,0,0,5,1,14,1,0,0,0.0,0,1,0.0,39,14,29,5,21,1,0,0,0,1,5,1,0,17,396,265,131,66.92,84,181,106,14,21.21,15,44.12,35,28,2254,5,0,34,68,406,40,201,45.07,143,45.83,58,43.28
241,346948,Serie A,Pisa,Stefano Moreo,Forward,6.77,6,5.36,5,50,19,25,12.0,12,48.0,5,1,1,2,3,3,5,0,2,2,100.0,0,0,0.0,17,21,50,4,10,1,0,0,0,1,5,1,0,23,522,310,212,59.39,100,210,125,3,11.54,17,40.48,36,28,2231,2,0,22,20,322,9,144,51.99,49,49.49,95,53.37
242,1065261,Serie A,Bologna,Jonathan Rowe,Forward,6.77,3,3.89,6,46,17,16,6.52,47,53.41,3,0,0,1,2,2,4,0,0,0,0.0,0,0,0.0,19,6,3,0,8,0,1,0,0,0,5,2,0,20,361,291,70,80.61,69,222,132,12,23.53,8,29.63,27,16,1521,2,0,23,46,229,29,127,50.0,111,52.61,16,37.21
243,1016788,Serie A,Torino,Cesare Casadei,Midfielder,6.77,5,3.94,4,33,15,11,15.15,12,52.17,4,1,3,1,1,0,2,0,0,0,0.0,0,0,0.0,36,10,39,3,18,0,0,1,0,5,3,0,0,16,732,550,182,75.14,230,320,153,1,25.0,18,45.0,32,19,1945,5,0,51,15,268,20,165,53.4,63,39.62,102,68.0
244,1823916,Serie A,Sassuolo,Darryl Bakola,Midfielder,6.77,0,0.08,0,3,1,1,0.0,3,50.0,0,0,0,0,0,0,0,0,0,0,0.0,0,0,0.0,8,1,0,0,2,0,0,0,0,0,1,1,0,3,62,49,13,79.03,16,33,23,0,0.0,1,20.0,6,1,144,0,0,2,3,24,1,16,64.0,14,63.64,2,66.67
245,895868,Serie A,Parma,Nahuel Estévez,Midfielder,6.77,0,0.57,1,9,1,2,0.0,0,0.0,0,0,0,0,0,0,0,0,0,0,0.0,0,0,0.0,18,6,47,4,9,0,0,0,0,4,2,1,0,13,536,418,118,77.99,195,223,91,12,27.91,30,42.25,32,9,1044,3,0,11,13,164,4,63,55.75,30,55.56,33,55.93
246,227894,Serie A,Udinese,Jesper Karlström,Midfielder,6.77,1,0.81,0,19,2,8,5.26,10,47.62,1,0,0,0,1,0,1,0,0,0,0.0,0,0,0.0,52,34,75,16,16,2,2,1,0,10,1,0,0,16,1331,1081,250,81.22,551,530,213,2,14.29,53,37.86,35,35,3093,5,0,39,30,320,13,119,53.36,89,53.29,30,53.57
247,1034082,Serie A,Milan,Ardon Jashari,Midfielder,6.77,0,0.22,0,7,2,4,0.0,4,33.33,0,0,0,0,0,0,0,0,0,0,0.0,0,0,0.0,14,5,5,1,5,0,1,0,0,0,2,1,0,9,407,371,36,91.15,163,208,97,4,40.0,18,78.26,13,6,644,0,0,11,7,73,7,27,42.19,25,45.45,2,22.22
248,980624,Serie A,Atalanta,Lazar Samardžić,Midfielder,6.77,2,2.82,3,22,7,10,9.09,14,45.16,2,0,1,1,0,3,1,0,0,0,0.0,0,1,0.0,12,8,8,0,6,0,0,0,0,1,2,1,0,27,483,403,80,83.44,92,311,211,19,27.54,47,79.66,25,10,966,1,0,17,9,204,20,40,33.61,34,37.36,6,21.43
249,1068286,Serie A,Udinese,Rui Modesto,Midfielder,6.77,0,0.02,0,1,1,0,0.0,0,0.0,0,0,0,0,0,0,0,0,0,0,0.0,0,0,0.0,6,1,2,0,1,0,0,0,0,0,1,1,0,2,44,32,12,72.73,13,19,13,2,40.0,1,25.0,3,0,116,0,0,0,0,24,2,7,43.75,6,50.0,1,25.0
250,847467,Serie A,Fiorentina,Marin Pongračić,Defender,6.77,0,0.7,0,8,1,4,0.0,16,72.73,0,0,0,0,0,0,0,0,0,0,0.0,0,0,0.0,31,35,128,26,6,0,1,0,0,7,1,0,0,8,1887,1729,158,91.63,1187,542,136,1,25.0,78,57.78,34,33,2894,12,0,69,21,198,5,117,48.55,68,44.44,49,55.68
251,1085913,Serie A,Bologna,Martin Vitík,Defender,6.77,0,0.36,1,8,2,3,0.0,2,66.67,0,0,0,0,0,0,0,0,0,0,0.0,0,0,0.0,36,10,93,7,6,0,1,0,0,4,0,0,0,3,731,643,88,87.96,440,203,61,0,0.0,21,29.58,19,14,1324,3,0,23,4,102,4,85,55.92,42,56.0,43,55.84
252,945616,Serie A,Lecce,Antonino Gallo,Defender,6.76,0,0.46,2,5,1,3,0.0,13,52.0,0,0,0,0,0,1,0,0,0,0,0.0,0,1,0.0,58,15,120,5,23,0,3,0,0,8,4,4,0,34,1103,778,325,70.53,335,443,248,37,27.82,78,34.36,36,33,2968,3,0,7,13,560,8,110,60.11,84,62.69,26,53.06
253,970998,Serie A,Genoa,Patrizio Masini,Midfielder,6.76,0,1.54,2,16,4,6,0.0,2,25.0,0,0,0,0,0,1,0,0,0,0,0.0,0,0,0.0,63,25,44,8,11,0,0,0,0,2,1,1,0,9,529,390,139,73.72,187,203,85,3,21.43,19,42.22,27,12,1347,5,0,37,41,206,17,128,54.47,106,60.92,22,36.07
254,804621,Serie A,Lecce,Lassana Coulibaly,Midfielder,6.76,3,2.75,2,26,8,13,11.54,24,57.14,3,0,2,0,1,1,1,0,0,0,0.0,0,0,0.0,48,8,31,6,27,1,0,0,0,6,2,1,0,21,763,624,139,81.78,235,389,205,3,15.79,41,63.08,32,30,2605,4,0,35,52,251,26,159,53.0,124,54.63,35,47.95
255,983601,Serie A,Hellas Verona,Kieron Bowie,Forward,6.76,4,3.52,3,29,9,13,13.79,5,38.46,3,1,0,4,0,0,3,1,0,0,0.0,0,0,0.0,9,0,7,3,1,0,0,0,0,2,1,0,0,13,188,131,57,69.68,32,99,59,0,0.0,7,53.85,13,13,1114,1,0,32,22,144,18,65,37.36,36,38.3,29,36.25
256,893640,Serie A,Lecce,Riccardo Sottil,Forward,6.76,1,0.67,0,20,3,7,5.0,13,33.33,0,1,0,0,1,0,4,0,0,0,0.0,0,6,0.0,4,2,5,0,5,0,0,0,0,0,6,2,0,24,250,206,44,82.4,45,161,118,25,25.0,9,60.0,21,13,1072,1,0,10,27,199,18,47,39.83,44,42.72,3,20.0
257,356032,Serie A,Sassuolo,Filippo Romagna,Defender,6.76,0,0.04,0,2,0,2,0.0,0,0.0,0,0,0,0,0,0,0,0,0,0,0.0,0,0,0.0,1,5,12,5,3,0,0,0,0,0,0,0,0,0,183,165,18,90.16,127,38,12,0,0.0,11,45.83,5,4,315,0,0,0,1,22,0,5,45.45,2,40.0,3,50.0
258,983815,Serie A,Atalanta,Yunus Musah,Midfielder,6.76,1,0.58,0,6,1,4,16.67,14,70.0,1,0,0,0,1,0,3,0,0,0,0.0,0,0,0.0,10,4,6,2,5,0,0,0,0,2,1,0,0,3,310,273,37,88.06,99,174,84,5,45.45,12,75.0,19,4,568,1,0,9,17,72,9,46,52.87,41,58.57,5,29.41
259,826326,Serie A,Pisa,Idrissa Touré,Midfielder,6.76,1,2.75,4,29,8,14,3.45,21,47.73,1,0,1,0,0,1,5,1,0,0,0.0,0,0,0.0,43,23,78,8,23,2,1,0,0,4,6,0,0,20,669,440,229,65.77,202,238,135,11,16.67,26,40.0,32,26,2286,4,1,23,19,419,25,222,54.68,81,47.37,141,60.0
260,1155625,Serie A,Sassuolo,Cristian Volpato,Midfielder,6.76,2,1.66,2,21,7,7,9.52,23,43.4,0,2,0,2,0,2,0,0,0,0,0.0,0,0,0.0,16,5,10,1,7,0,0,0,0,0,6,4,0,23,400,319,81,79.75,132,187,115,15,31.25,18,56.25,23,11,1076,4,0,18,11,205,23,55,38.73,50,39.06,5,35.71
261,1002564,Serie A,Cremonese,Mikayil Faye,Defender,6.76,0,0.04,0,2,0,0,0.0,3,100.0,0,0,0,0,0,0,0,0,0,0,0.0,0,0,0.0,7,6,7,2,2,0,0,0,0,0,1,0,0,1,124,97,27,78.23,58,39,11,0,0.0,8,50.0,8,2,250,1,0,2,4,37,1,17,58.62,14,73.68,3,30.0
262,14718,Serie A,Bologna,Lorenzo De Silvestri,Defender,6.76,0,0.0,0,0,0,0,0.0,1,100.0,0,0,0,0,0,0,0,0,0,0,0.0,0,0,0.0,2,6,24,3,1,0,0,0,0,0,0,0,0,5,163,139,24,85.28,89,50,20,3,60.0,10,62.5,11,5,437,2,0,7,3,38,1,13,52.0,6,40.0,7,70.0
263,1030829,Serie A,Torino,Gvidas Gineitis,Midfielder,6.75,0,0.89,0,26,5,12,0.0,17,58.62,0,0,0,0,0,0,1,0,0,0,0.0,0,4,0.0,42,22,27,10,10,2,0,0,0,1,5,1,0,26,560,427,133,76.25,189,238,124,22,34.92,23,37.7,28,22,1718,5,0,42,32,249,13,117,53.92,90,54.88,27,50.94
264,911350,Serie A,Lecce,Lameck Banda,Midfielder,6.75,4,2.22,1,35,12,9,11.43,32,38.55,3,1,0,1,3,0,3,0,0,0,0.0,1,3,33.33,27,7,13,0,17,0,0,0,0,0,6,4,0,23,338,271,67,80.18,73,198,119,14,16.28,6,50.0,31,20,1695,6,1,43,48,309,36,118,41.99,107,42.63,11,36.67
265,803033,Serie A,Juventus,Teun Koopmeiners,Midfielder,6.75,0,1.5,2,28,7,9,0.0,5,55.56,0,0,0,0,0,1,3,0,0,0,0.0,0,5,0.0,33,18,39,7,16,0,2,0,0,3,0,0,0,17,1154,1049,105,90.9,479,570,256,12,26.09,41,57.75,32,18,1809,5,0,33,11,174,3,80,50.96,48,47.06,32,58.18
266,805078,Serie A,SSC Napoli,Mathías Olivera,Defender,6.75,0,1.37,2,8,3,5,0.0,2,40.0,0,0,0,0,0,0,0,0,0,0,0.0,0,0,0.0,42,14,19,4,6,0,1,0,0,2,0,0,0,10,1058,960,98,90.74,533,427,192,2,33.33,20,44.44,24,14,1324,3,0,16,9,128,6,86,62.32,53,63.86,33,60.0
267,215246,Serie A,Cremonese,Franco Vázquez,Forward,6.75,1,1.39,0,12,4,6,8.33,5,41.67,1,0,0,0,1,2,0,0,0,0,0.0,0,1,0.0,19,4,6,1,7,0,0,0,0,1,4,2,0,10,198,155,43,78.28,54,101,55,5,26.32,10,71.43,15,4,529,1,0,9,16,97,17,48,46.15,40,50.63,8,32.0
268,1086223,Serie A,Inter,Ange-Yoan Bonny,Forward,6.75,5,3.79,3,22,9,8,22.73,20,51.28,5,0,1,1,3,0,9,1,0,0,0.0,0,0,0.0,17,1,5,0,3,0,0,1,0,0,7,4,0,17,262,207,55,79.01,53,154,102,2,33.33,5,83.33,32,10,1119,1,0,16,23,156,41,71,42.26,60,43.17,11,37.93
269,824200,Serie A,Atalanta,Ademola Lookman,Forward,6.75,2,2.68,5,27,8,5,7.41,16,53.33,2,0,0,1,1,0,4,0,0,0,0.0,0,0,0.0,5,3,0,0,2,0,0,0,0,0,4,0,1,18,240,191,49,79.58,47,144,91,6,30.0,4,66.67,12,9,797,0,0,10,8,111,11,31,44.29,28,43.75,3,50.0
270,914691,Serie A,Fiorentina,Tariq Lamptey,Defender,6.75,0,0.0,0,0,0,0,0.0,0,0.0,0,0,0,0,0,0,0,0,0,0,0.0,0,0,0.0,2,0,0,0,0,0,0,0,0,0,0,0,0,2,10,7,3,70.0,5,2,1,1,100.0,0,0.0,2,1,32,0,0,0,0,6,0,2,66.67,2,100.0,0,0.0
271,352736,Serie A,Cremonese,Sebastiano Luperto,Defender,6.75,1,0.64,1,11,5,3,9.09,5,100.0,1,0,1,0,0,0,1,0,0,0,0.0,0,0,0.0,35,30,154,19,9,0,0,0,0,8,4,1,0,6,1600,1414,186,88.38,1091,323,95,2,18.18,66,40.74,33,33,2927,4,0,31,28,219,5,97,53.3,67,59.82,30,42.86
272,874812,Serie A,Hellas Verona,Martin Frese,Defender,6.75,2,1.73,1,21,11,7,9.52,0,0.0,1,1,0,1,1,1,4,0,0,0,0.0,0,3,0.0,80,28,83,10,22,0,1,0,1,2,4,0,1,31,703,528,175,75.11,288,240,124,19,26.76,31,32.63,30,26,2342,8,0,46,20,348,3,139,58.9,100,57.14,39,63.93
273,1142238,Serie A,Como,Álex Valle,Defender,6.75,1,1.04,0,11,2,5,9.09,5,26.32,1,0,0,0,1,0,1,0,0,0,0.0,0,0,0.0,51,23,52,7,23,0,0,0,0,10,3,4,0,14,1013,856,157,84.5,388,468,198,11,23.91,22,35.48,28,23,2025,3,0,34,19,259,7,93,50.54,75,50.0,18,52.94
274,876259,Serie A,Parma,Hans Nicolussi Caviglia,Midfielder,6.74,0,0.82,0,17,2,5,0.0,11,52.38,0,0,0,0,0,0,0,0,0,0,0.0,0,3,0.0,25,6,25,3,13,0,1,0,0,0,4,4,0,17,724,610,114,84.25,300,310,119,13,25.49,38,53.52,25,16,1384,4,0,22,23,209,27,69,46.0,59,45.74,10,47.62
275,186845,Serie A,Cremonese,Alberto Grassi,Midfielder,6.74,0,1.1,1,13,4,6,0.0,8,88.89,0,0,0,0,0,0,0,0,0,0,0.0,0,0,0.0,22,30,55,9,11,0,2,2,0,4,0,0,1,8,835,712,123,85.27,411,301,98,0,0.0,32,36.78,29,17,1683,4,0,16,28,149,8,73,60.83,57,61.96,16,57.14
276,98212,Serie A,Bologna,Charalampos Lykogiannis,Defender,6.74,0,0.2,0,7,2,2,0.0,3,60.0,0,0,0,0,0,0,0,0,0,0,0.0,0,1,0.0,14,5,17,3,3,0,0,0,0,1,1,1,0,13,296,228,68,77.03,106,122,60,14,31.11,13,28.89,10,7,627,3,0,8,1,138,4,25,50.0,18,52.94,7,43.75
277,1034303,Serie A,Cremonese,Filippo Terracciano,Defender,6.74,2,1.88,2,14,4,5,14.29,5,41.67,2,0,2,0,0,0,0,0,0,0,0.0,0,0,0.0,33,54,115,23,8,1,4,0,2,11,1,0,0,11,1533,1323,210,86.3,821,502,184,3,10.71,71,47.33,35,32,2929,6,0,17,25,314,3,105,61.76,62,64.58,43,58.11
278,928103,Serie A,Parma,Enrico Delprato,Defender,6.74,2,2.12,4,18,9,6,11.11,5,55.56,2,0,1,0,1,0,6,0,0,0,0.0,0,0,0.0,36,24,109,22,17,0,0,0,0,9,1,0,0,7,1118,963,155,86.14,600,363,141,5,26.32,47,36.72,35,34,2953,5,0,16,10,240,4,85,52.8,51,56.04,34,48.57
279,1384847,Serie A,AS Roma,Daniele Ghilardi,Defender,6.74,0,0.24,1,2,0,1,0.0,3,60.0,0,0,0,0,0,0,0,0,0,0,0.0,0,0,0.0,26,19,54,5,12,0,1,0,0,4,0,0,1,4,557,472,85,84.74,239,233,83,0,0.0,33,47.83,22,8,1044,1,0,23,17,109,6,71,54.62,46,52.87,25,58.14
280,846148,Serie A,Hellas Verona,Victor Nelsson,Defender,6.74,0,0.45,1,8,1,6,0.0,3,100.0,0,0,0,0,0,0,0,0,0,0,0.0,0,0,0.0,72,66,255,23,20,1,2,1,1,6,0,0,0,3,1209,1021,188,84.45,700,321,74,0,0.0,40,32.0,37,36,3225,4,0,44,20,220,0,218,64.69,93,60.39,125,68.31
281,76132,Serie A,Cremonese,Milan Đurić,Forward,6.74,0,0.88,0,15,5,7,0.0,1,33.33,0,0,0,0,0,0,2,0,0,0,0.0,0,0,0.0,1,0,10,0,1,0,0,0,0,0,2,1,0,5,159,74,85,46.54,15,59,37,0,0.0,3,60.0,23,3,495,2,0,6,9,103,2,84,71.79,10,47.62,74,77.08
282,1002045,Serie A,Lecce,Danilo Veiga,Defender,6.74,0,0.24,0,6,2,3,0.0,19,31.15,0,0,0,0,0,0,1,0,0,0,0.0,0,1,0.0,95,31,133,14,19,1,3,0,0,8,1,1,0,20,973,685,288,70.4,291,394,215,16,18.6,53,37.59,35,32,2932,9,0,43,46,567,30,209,53.59,160,54.79,49,50.0
283,1116577,Serie A,Bologna,Santiago Castro,Forward,6.74,7,6.94,8,60,20,28,11.67,15,44.12,7,0,0,2,5,2,10,2,0,0,0.0,0,0,0.0,9,1,28,2,4,0,0,0,0,2,4,2,0,28,373,284,89,76.14,103,181,106,0,0.0,25,73.53,34,25,2276,3,0,34,50,242,43,125,44.01,74,44.05,51,43.97
284,976025,Serie A,Hellas Verona,Armel Bella-Kotchap,Defender,6.74,0,0.11,0,3,0,2,0.0,1,25.0,0,0,0,0,0,0,0,0,0,0,0.0,0,0,0.0,19,32,84,15,4,1,0,1,0,1,0,0,0,1,546,460,86,84.25,324,136,40,0,0.0,23,37.7,18,14,1323,3,0,22,16,99,1,73,66.97,35,55.56,38,82.61
285,988037,Serie A,Juventus,Juan Cabal,Defender,6.74,2,0.79,0,5,2,2,40.0,1,100.0,2,0,1,1,0,0,2,0,0,0,0.0,0,0,0.0,9,4,6,0,5,0,0,0,0,0,2,0,0,2,134,108,26,80.6,50,58,28,0,0.0,3,27.27,12,2,296,1,0,4,1,45,4,15,42.86,11,45.83,4,36.36
286,1409700,Serie A,Milan,Zachary Athekame,Defender,6.73,2,0.37,0,12,4,5,16.67,4,36.36,0,2,0,1,1,0,2,0,0,0,0.0,0,0,0.0,13,3,21,0,5,0,2,0,0,0,4,2,0,12,342,274,68,80.12,111,163,83,12,27.27,11,34.38,26,7,822,3,0,16,11,133,5,38,51.35,28,49.12,10,58.82
287,886243,Serie A,Sassuolo,Sebastian Walukiewicz,Defender,6.73,0,0.22,0,7,0,4,0.0,21,58.33,0,0,0,0,0,0,1,0,0,0,0.0,0,0,0.0,50,25,108,10,12,0,1,0,0,6,2,1,0,21,1238,1059,179,85.54,637,422,187,19,41.3,43,47.78,34,33,2855,7,0,35,13,295,12,110,51.64,84,53.16,26,47.27
288,1138856,Serie A,Udinese,Adam Buksa,Forward,6.73,3,2.11,2,12,6,2,25.0,2,20.0,3,0,0,3,0,0,3,0,0,0,0.0,0,0,0.0,10,2,12,0,6,0,0,0,0,0,2,0,0,11,177,108,69,61.02,25,83,43,1,50.0,3,75.0,24,6,895,2,0,23,16,121,11,79,47.88,26,37.68,53,55.21
289,1530540,Serie A,Bologna,Massimo Pessina,Goalkeeper,6.73,0,0.0,0,0,0,0,0.0,0,0.0,0,0,0,0,0,0,0,0,0,0,0.0,0,0,0.0,0,0,10,0,0,0,1,0,0,2,0,0,0,0,136,90,46,66.18,80,10,2,0,0.0,19,30.16,4,3,352,0,0,0,1,46,0,2,100.0,1,100.0,1,100.0
290,769333,Serie A,Milan,Christopher Nkunku,Forward,6.73,7,9.34,7,28,15,8,25.0,8,32.0,7,0,0,0,7,2,8,4,5,5,100.0,0,0,0.0,5,2,7,1,3,0,0,0,0,1,3,3,0,15,327,291,36,88.99,83,208,125,6,37.5,8,80.0,31,14,1316,0,0,9,21,108,10,47,42.34,34,47.89,13,32.5
291,979479,Serie A,Cagliari,Gennaro Borrelli,Forward,6.73,4,2.54,3,25,8,9,16.0,6,40.0,4,0,2,0,2,0,5,0,0,0,0.0,0,0,0.0,15,3,17,2,6,0,0,0,0,0,1,1,0,12,215,151,64,70.23,53,98,53,0,0.0,7,70.0,26,12,1199,4,0,44,47,151,23,118,50.0,66,46.81,52,54.74
292,1175821,Serie A,AS Roma,Niccolò Pisilli,Midfielder,6.73,2,1.66,1,18,5,7,11.11,8,30.77,2,0,1,0,1,0,2,0,0,0,0.0,0,0,0.0,27,24,15,1,15,0,0,0,0,6,3,4,0,13,761,655,106,86.07,252,403,176,5,33.33,20,35.71,24,12,1250,3,0,18,4,183,20,52,35.37,39,35.45,13,35.14
293,800408,Serie A,Hellas Verona,Suat Serdar,Midfielder,6.73,2,2.15,3,19,7,6,10.53,9,52.94,2,0,0,0,2,1,1,0,0,0,0.0,0,0,0.0,31,9,16,5,9,0,0,1,0,1,2,0,0,13,395,284,111,71.9,108,176,117,1,14.29,25,44.64,20,12,1116,3,0,19,12,157,13,60,49.18,52,52.0,8,36.36
294,1154894,Serie A,Udinese,Lennon Miller,Midfielder,6.72,0,0.38,0,9,1,6,0.0,8,61.54,0,0,0,0,0,0,1,0,0,0,0.0,0,0,0.0,19,6,18,3,7,0,0,0,0,0,3,2,0,11,351,272,79,77.49,128,144,75,5,17.86,14,43.75,23,8,928,3,0,13,16,142,9,59,59.0,43,56.58,16,66.67
295,838232,Serie A,SSC Napoli,Eljif Elmas,Midfielder,6.72,1,2.87,4,25,9,7,4.0,12,57.14,1,0,0,0,1,1,1,0,0,0,0.0,0,0,0.0,24,7,19,5,6,0,0,0,0,0,1,3,0,23,735,654,81,88.98,272,382,178,11,26.83,11,61.11,32,19,1698,3,0,18,13,154,14,51,48.11,49,51.58,2,18.18
296,975811,Serie A,Cagliari,Mattia Felici,Forward,6.72,2,0.62,1,9,6,1,22.22,7,36.84,2,0,0,0,2,0,0,0,0,0,0.0,0,0,0.0,11,5,2,0,3,0,0,0,0,0,1,1,0,8,105,71,34,67.62,29,42,23,6,26.09,1,33.33,11,4,408,3,0,10,6,86,8,25,40.98,24,42.86,1,20.0
297,575852,Serie A,Hellas Verona,Sandi Lovrić,Midfielder,6.72,0,0.49,1,6,2,4,0.0,5,62.5,0,0,0,0,0,0,0,0,0,0,0.0,0,0,0.0,17,9,11,0,9,1,0,0,0,0,3,1,0,11,212,186,26,87.74,82,104,47,16,36.36,15,62.5,13,3,477,1,0,6,4,75,8,28,48.28,26,50.0,2,33.33
298,1019442,Serie A,Atalanta,Kamaldeen Sulemana,Forward,6.72,2,2.13,3,22,9,7,9.09,20,43.48,2,0,0,2,0,0,5,0,0,0,0.0,0,0,0.0,9,2,8,1,6,0,0,0,0,0,2,1,0,11,303,254,49,83.83,71,183,123,4,19.05,14,70.0,24,8,926,3,0,10,14,140,16,55,44.0,43,42.57,12,50.0
299,907152,Serie A,Bologna,Lewis Ferguson,Midfielder,6.72,1,0.65,0,12,2,4,8.33,3,42.86,0,1,0,0,1,0,2,0,0,0,0.0,0,0,0.0,25,11,26,8,6,0,1,1,0,3,1,0,0,15,993,867,126,87.31,412,455,191,8,32.0,48,66.67,26,16,1518,5,1,32,24,164,6,81,52.26,50,52.63,31,51.67
300,933264,Serie A,Bologna,Torbjørn Heggem,Defender,6.72,0,1.14,1,11,2,6,0.0,8,80.0,0,0,0,0,0,0,0,0,0,0,0.0,0,0,0.0,32,24,102,8,9,1,2,0,0,6,0,0,0,3,1187,1090,97,91.83,818,272,60,0,0.0,84,66.14,26,23,2104,0,1,31,12,121,6,89,49.44,52,53.06,37,45.12
301,805465,Serie A,Milan,Pervis Estupiñán,Midfielder,6.72,1,0.39,0,9,1,8,11.11,2,28.57,1,0,0,1,0,1,5,0,0,0,0.0,0,0,0.0,15,11,23,0,12,0,4,1,0,5,2,1,0,13,527,457,70,86.72,218,239,126,8,40.0,7,46.67,19,13,1046,5,1,16,8,129,4,33,42.86,25,40.32,8,53.33
302,993389,Serie A,Cremonese,Tommaso Barbieri,Midfielder,6.72,0,0.75,1,14,2,6,0.0,16,48.48,0,0,0,0,0,0,1,0,0,0,0.0,0,0,0.0,45,13,31,8,23,0,0,0,0,3,2,1,0,10,533,391,142,73.36,177,214,115,9,11.54,37,44.58,28,18,1703,8,0,40,26,299,10,112,48.48,86,49.43,26,45.61
303,983816,Serie A,Cremonese,Jeremy Sarmiento,Midfielder,6.72,0,0.08,0,2,2,0,0.0,5,62.5,0,0,0,0,0,0,0,0,0,0,0.0,0,0,0.0,6,2,1,0,1,0,0,0,0,0,0,0,0,3,58,53,5,91.38,18,35,21,1,50.0,2,66.67,7,0,143,0,0,0,1,24,5,12,57.14,12,57.14,0,0.0
304,355486,Serie A,Como,Stefan Posch,Defender,6.71,1,0.8,0,8,3,4,12.5,1,100.0,1,0,1,0,0,0,0,0,0,0,0.0,0,0,0.0,12,4,15,1,2,0,0,0,0,0,0,0,0,2,242,196,46,80.99,106,90,43,3,27.27,9,32.14,14,3,406,1,0,9,6,70,4,27,50.94,19,55.88,8,42.11
305,1153083,Serie A,Genoa,Valentín Carboni,Midfielder,6.71,0,0.44,0,6,2,2,0.0,10,52.63,0,0,0,0,0,0,0,0,0,0,0.0,0,0,0.0,14,2,6,0,4,0,0,1,0,0,0,0,0,4,131,108,23,82.44,34,74,38,0,0.0,4,66.67,12,3,360,2,0,11,5,76,9,32,46.38,29,47.54,3,37.5
306,798147,Serie A,Como,Mërgim Vojvoda,Defender,6.71,2,1.36,2,18,7,9,11.11,13,61.9,2,0,0,1,1,1,5,0,0,0,0.0,0,0,0.0,13,14,23,2,11,1,1,0,0,3,4,2,0,29,747,627,120,83.94,275,352,182,19,29.23,20,52.63,29,19,1589,2,0,15,12,225,20,48,41.74,38,41.3,10,43.48
307,1128530,Serie A,AS Roma,Neil El Aynaoui,Midfielder,6.71,1,1.08,0,6,4,2,16.67,9,52.94,1,0,0,0,1,0,2,0,0,0,0.0,0,0,0.0,18,17,10,2,6,0,2,0,0,3,2,2,0,12,553,494,59,89.33,248,246,98,6,37.5,14,66.67,24,8,950,5,0,23,10,99,5,48,45.71,36,46.15,12,44.44
308,773409,Serie A,Torino,Che Adams,Forward,6.71,5,5.56,6,51,16,17,9.8,13,46.43,5,0,0,2,3,2,9,0,0,0,0.0,0,0,0.0,14,1,10,1,6,0,0,0,0,1,6,2,0,26,525,394,131,75.05,125,269,158,2,14.29,35,71.43,32,19,1862,0,0,18,15,227,17,72,40.91,42,44.21,30,37.04
309,1116570,Serie A,Hellas Verona,Nicolás Valentini,Defender,6.71,0,0.92,1,16,7,9,0.0,2,66.67,0,0,0,0,0,0,1,0,0,0,0.0,0,0,0.0,29,15,93,14,11,0,1,0,0,2,2,0,0,4,497,357,140,71.83,227,130,54,5,33.33,26,28.89,20,14,1356,6,0,26,7,170,2,88,57.14,37,50.0,51,63.75
310,1012172,Serie A,Genoa,Tommaso Baldanzi,Midfielder,6.71,1,2.01,0,20,7,8,5.0,5,31.25,1,0,0,0,1,0,2,0,0,0,0.0,0,0,0.0,16,5,1,0,5,0,0,0,0,0,1,2,0,15,347,305,42,87.9,109,196,113,5,31.25,8,53.33,18,8,791,2,0,10,24,108,19,46,47.92,45,51.14,1,12.5
311,1210995,Serie A,Pisa,Isak Vural,Midfielder,6.71,0,0.7,1,5,1,3,0.0,8,50.0,0,0,0,0,0,0,1,1,0,0,0.0,0,0,0.0,8,2,8,3,3,0,1,0,0,0,1,0,0,3,175,144,31,82.29,82,62,29,1,20.0,15,62.5,14,8,662,4,0,15,31,58,5,53,57.61,47,61.84,6,37.5
312,108484,Serie A,SSC Napoli,Juan Jesus,Defender,6.71,0,0.33,0,3,0,0,0.0,0,0.0,0,0,0,0,0,0,0,0,0,0,0.0,0,0,0.0,37,26,57,10,5,1,0,1,0,5,0,0,0,4,1342,1228,114,91.51,851,377,77,0,0.0,49,53.26,23,19,1639,8,1,39,2,128,2,71,47.33,39,45.88,32,49.23
313,804909,Serie A,Fiorentina,Albert Guðmundsson,Forward,6.71,5,5.58,5,41,15,13,12.2,19,50.0,4,1,0,1,4,2,6,1,3,3,100.0,0,2,0.0,8,2,12,3,23,0,2,0,0,2,7,4,0,31,804,697,107,86.69,256,441,252,12,21.82,30,69.77,32,26,2186,4,1,33,29,257,29,59,34.71,56,36.13,3,20.0
314,45925,Serie A,AS Roma,Stephan El Shaarawy,Forward,6.7,0,1.24,2,17,6,7,0.0,12,44.44,0,0,0,0,0,0,1,1,0,0,0.0,0,1,0.0,10,6,6,2,5,0,0,0,0,0,3,2,0,12,320,271,49,84.69,87,184,111,1,6.25,10,66.67,19,5,639,4,0,10,7,104,8,35,41.18,29,43.94,6,31.58
315,928879,Serie A,Sassuolo,Andrea Ghion,Midfielder,6.7,0,0.0,0,0,0,0,0.0,0,0.0,0,0,0,0,0,0,0,0,0,0,0.0,0,0,0.0,1,0,0,0,0,0,0,0,0,0,0,0,0,0,1,1,0,100.0,1,0,0,0,0.0,0,0.0,1,0,9,0,0,0,0,1,0,1,100.0,1,100.0,0,0.0
316,1114422,Serie A,Fiorentina,Cher Ndour,Midfielder,6.7,3,2.61,2,24,8,6,12.5,7,30.43,3,0,1,0,2,0,1,0,0,0,0.0,0,0,0.0,35,14,34,9,15,1,1,0,0,5,1,0,0,6,741,611,130,82.46,271,340,181,1,5.26,19,44.19,32,20,1862,2,0,26,23,198,12,97,46.19,65,49.24,32,41.03
317,825271,Serie A,Udinese,Jakub Piotrowski,Midfielder,6.7,1,2.69,3,36,9,13,2.78,13,44.83,1,0,0,1,0,1,2,0,0,0,0.0,0,3,0.0,45,17,34,8,13,0,1,1,0,2,1,1,0,11,540,445,95,82.41,186,259,125,0,0.0,18,48.65,32,19,1643,2,0,27,29,185,14,108,55.1,87,55.77,21,52.5
318,280991,Serie A,Cremonese,Morten Thorsby,Midfielder,6.7,3,2.25,1,21,8,9,14.29,3,100.0,3,0,1,1,1,0,7,0,0,0,0.0,0,0,0.0,21,5,30,6,9,0,0,0,0,1,3,1,0,9,427,299,128,70.02,102,197,96,2,40.0,7,43.75,23,15,1335,3,0,24,11,173,8,129,52.65,34,45.95,95,55.56
319,164511,Serie A,Hellas Verona,Jean Daniel Akpa-Akpro,Midfielder,6.7,1,1.0,1,13,4,3,7.69,20,60.61,1,0,0,0,1,1,0,0,0,0,0.0,0,0,0.0,39,20,24,7,13,0,1,0,0,1,0,0,0,10,357,266,91,74.51,114,152,65,3,16.67,6,42.86,21,16,1417,9,0,38,15,172,14,101,48.56,74,49.66,27,45.76
320,901325,Serie A,Juventus,Nicolás González,Midfielder,6.7,0,0.13,0,2,0,1,0.0,0,0.0,0,0,0,0,0,0,0,0,0,0,0.0,0,0,0.0,0,0,1,0,0,0,0,0,0,0,0,0,0,1,5,2,3,40.0,1,1,1,0,0.0,0,0.0,2,0,24,0,0,0,3,5,0,5,100.0,2,100.0,3,100.0
321,595572,Serie A,Genoa,Daniele Sommariva,Goalkeeper,6.7,0,0.0,0,0,0,0,0.0,0,0.0,0,0,0,0,0,0,0,0,0,0,0.0,0,0,0.0,0,0,3,0,0,1,0,0,0,0,0,0,0,0,90,49,41,54.44,29,20,6,0,0.0,25,38.46,2,1,175,0,0,0,1,41,0,1,100.0,1,100.0,0,0.0
322,970928,Serie A,Lazio,Daniel Maldini,Forward,6.7,2,3.09,2,21,6,8,9.52,14,43.75,2,0,0,0,2,0,3,0,0,0,0.0,0,2,0.0,14,3,4,1,1,0,0,0,0,0,2,1,0,11,302,245,57,81.13,72,173,102,3,27.27,5,55.56,20,12,937,1,0,18,26,142,21,62,46.62,54,50.0,8,32.0
323,1103488,Serie A,Hellas Verona,Rafik Belghali,Midfielder,6.7,2,2.12,2,20,6,7,10.0,39,56.52,2,0,0,1,1,0,6,0,0,0,0.0,0,0,0.0,20,17,22,6,12,0,0,0,0,2,2,0,0,27,475,365,110,76.84,120,245,151,16,27.12,15,37.5,25,21,1840,6,0,20,10,273,18,77,42.78,69,46.94,8,24.24
324,1099296,Serie A,Parma,Mateo Pellegrino,Forward,6.7,8,8.16,9,70,21,29,11.43,23,50.0,7,1,5,3,0,2,11,0,1,1,100.0,0,0,0.0,17,4,40,5,12,0,0,0,0,5,4,1,0,20,462,287,175,62.12,95,192,116,0,0.0,13,48.15,36,33,2901,5,0,83,67,395,65,224,42.59,106,38.41,118,47.2
325,173827,Serie A,Cremonese,Jamie Vardy,Forward,6.7,7,4.9,6,30,14,8,23.33,6,42.86,6,1,0,1,6,0,21,0,0,0,0.0,0,0,0.0,12,3,24,3,3,0,0,0,0,4,4,2,0,15,298,186,112,62.42,50,136,86,2,18.18,4,50.0,28,23,2017,4,0,18,19,192,22,84,40.98,37,42.53,47,39.83
326,856638,Serie A,Atalanta,Mitchel Bakker,Defender,6.7,0,0.0,0,0,0,0,0.0,0,0.0,0,0,0,0,0,0,0,0,0,0,0.0,0,0,0.0,0,0,0,0,0,0,0,0,0,0,0,0,0,0,7,7,0,100.0,2,5,1,0,0.0,0,0.0,1,0,8,0,0,0,0,0,0,0,0.0,0,0.0,0,0.0
327,1526308,Serie A,Genoa,Mamedi Doucoure,Defender,6.7,0,0.0,0,0,0,0,0.0,0,0.0,0,0,0,0,0,0,0,0,0,0,0.0,0,0,0.0,0,0,0,0,0,0,0,0,0,0,0,0,0,0,9,9,0,100.0,5,4,1,0,0.0,1,100.0,1,0,8,0,0,0,0,1,1,0,0.0,0,0.0,0,0.0
328,1424191,Serie A,Milan,David Odogu,Defender,6.7,0,0.0,0,0,0,0,0.0,0,0.0,0,0,0,0,0,0,0,0,0,0,0.0,0,0,0.0,0,0,1,0,0,0,0,0,0,0,0,0,0,0,2,1,1,50.0,1,0,0,0,0.0,0,0.0,2,0,9,0,0,0,0,1,0,1,100.0,0,0.0,1,100.0
329,1526934,Serie A,Fiorentina,Niccolò Fortini,Midfielder,6.69,0,0.25,0,8,2,3,0.0,8,42.11,0,0,0,0,0,0,0,0,0,0,0.0,0,0,0.0,22,4,8,2,8,0,1,0,0,0,1,0,0,4,210,184,26,87.62,87,97,58,5,17.24,11,57.89,16,2,546,0,0,5,18,91,5,52,59.77,47,61.84,5,45.45
330,1155571,Serie A,Udinese,Iker Bravo,Forward,6.69,1,0.24,0,4,1,0,25.0,1,50.0,1,0,0,0,1,0,0,0,0,0,0.0,0,0,0.0,1,0,0,0,2,0,0,0,0,0,0,0,0,3,44,36,8,81.82,13,23,14,0,0.0,3,100.0,8,3,216,1,0,3,1,26,6,4,19.05,3,20.0,1,16.67
331,887766,Serie A,Juventus,Edon Zhegrova,Forward,6.69,0,0.82,0,19,9,2,0.0,20,48.78,0,0,0,0,0,1,2,0,0,0,0.0,0,2,0.0,5,0,1,0,1,1,0,0,0,0,2,0,0,10,225,185,40,82.22,27,158,115,11,23.4,8,72.73,18,0,375,0,0,4,6,127,11,33,47.14,31,46.27,2,66.67
332,1618563,Serie A,AS Roma,Lorenzo Venturino,Forward,6.69,0,0.17,0,5,1,2,0.0,4,66.67,0,0,0,0,0,0,1,0,0,0,0.0,0,0,0.0,0,0,2,0,1,0,0,0,0,0,1,0,0,7,97,78,19,80.41,22,56,37,10,27.78,1,20.0,12,1,254,0,0,1,3,55,5,10,43.48,7,43.75,3,42.86
333,1424353,Serie A,Cremonese,Francesco Folino,Defender,6.69,1,0.17,0,2,1,1,50.0,0,0.0,1,0,1,0,0,0,0,0,0,0,0.0,0,0,0.0,8,3,52,9,6,0,1,0,0,0,0,0,0,1,311,251,60,80.71,187,64,27,0,0.0,26,42.62,18,7,738,0,0,11,9,83,2,33,54.1,17,44.74,16,69.57
334,184421,Serie A,Genoa,Stefano Sabelli,Defender,6.69,0,0.45,0,5,0,4,0.0,1,12.5,0,0,0,0,0,0,0,0,0,0,0.0,0,0,0.0,22,4,22,6,10,0,0,0,1,0,0,0,1,7,309,216,93,69.9,98,118,73,7,28.0,15,30.0,15,11,869,1,0,6,19,153,4,45,53.57,42,61.76,3,18.75
335,928800,Serie A,Fiorentina,Marco Brescianini,Midfielder,6.69,2,1.81,2,13,4,4,15.38,8,61.54,2,0,0,1,1,1,0,0,0,0,0.0,0,0,0.0,13,2,23,4,6,0,2,0,0,1,2,0,0,9,369,308,61,83.47,133,175,87,5,27.78,14,42.42,25,9,977,2,0,16,10,112,15,38,39.58,31,42.47,7,30.43
336,1136399,Serie A,Udinese,Nicolò Bertola,Defender,6.69,0,0.57,1,13,4,6,0.0,5,31.25,0,0,0,0,0,0,1,0,0,0,0.0,0,0,0.0,34,22,85,14,13,1,2,0,0,1,3,1,0,11,807,631,176,78.19,406,225,80,0,0.0,50,38.17,27,18,1749,3,0,19,12,234,6,86,55.48,51,52.58,35,60.34
337,797596,Serie A,Pisa,Marius Marin,Midfielder,6.69,0,0.12,0,3,0,1,0.0,1,20.0,0,0,0,0,0,0,0,0,0,0,0.0,0,0,0.0,45,13,23,4,21,0,1,0,0,0,0,0,0,2,447,345,102,77.18,171,174,93,1,5.56,34,48.57,23,18,1292,7,0,36,20,143,8,73,48.99,65,48.87,8,50.0
338,158615,Serie A,Lazio,Matías Vecino,Midfielder,6.69,0,0.33,0,7,0,4,0.0,0,0.0,0,0,0,0,0,0,0,0,0,0,0.0,0,0,0.0,10,7,17,3,4,0,1,0,0,1,1,1,0,3,369,327,42,88.62,159,168,63,0,0.0,6,40.0,13,5,605,1,0,8,3,58,3,25,43.86,12,41.38,13,46.43
339,1084846,Serie A,Torino,Franco Israel,Goalkeeper,6.68,0,0.0,0,0,0,0,0.0,0,0.0,0,0,0,0,0,0,0,0,0,0,0.0,0,0,0.0,0,0,10,0,0,0,1,0,0,3,0,0,0,0,290,170,120,58.62,118,52,9,0,0.0,62,34.25,9,9,810,1,0,0,3,120,0,6,85.71,3,100.0,3,75.0
340,3041,Serie A,Pisa,Raúl Albiol,Defender,6.68,0,0.07,0,1,0,0,0.0,0,0.0,0,0,0,0,0,0,0,0,0,0,0.0,0,0,0.0,7,6,60,6,2,0,0,0,0,1,1,1,0,3,253,218,35,86.17,149,69,17,1,100.0,32,59.26,8,5,502,1,0,6,2,39,1,16,48.48,9,50.0,7,46.67
341,267619,Serie A,Lazio,Adam Marušić,Defender,6.68,1,1.26,3,14,7,4,7.14,6,30.0,1,0,1,0,0,0,1,0,0,0,0.0,0,1,0.0,35,33,63,12,9,0,4,0,0,11,3,2,0,8,1470,1276,194,86.8,667,609,241,5,14.71,40,50.0,32,31,2693,1,1,22,17,288,9,88,50.87,57,52.78,31,47.69
342,835601,Serie A,Fiorentina,Moise Kean,Forward,6.68,8,15.06,18,98,27,48,8.16,25,41.67,7,1,0,1,7,3,30,0,2,2,100.0,0,0,0.0,6,7,16,1,4,0,0,0,0,2,0,1,0,3,213,154,59,72.3,53,101,62,0,0.0,1,33.33,26,23,2047,4,0,29,44,197,30,102,44.74,75,44.38,27,45.76
343,807301,Serie A,Atalanta,Gianluca Scamacca,Forward,6.68,10,6.73,5,57,22,27,17.54,13,56.52,10,0,2,0,8,3,8,0,2,2,100.0,0,4,0.0,8,3,15,2,4,1,0,0,0,1,1,1,0,17,315,221,94,70.16,56,165,112,0,0.0,8,72.73,23,16,1310,2,0,26,18,170,21,65,46.1,39,39.0,26,63.41
344,1165371,Serie A,Torino,Luca Marianucci,Defender,6.68,0,0.03,0,2,0,1,0.0,2,40.0,0,0,0,0,0,0,0,0,0,0,0.0,0,0,0.0,16,10,34,3,10,0,0,0,0,1,2,1,0,8,412,346,66,83.98,180,166,60,3,37.5,31,52.54,12,7,691,2,0,11,3,86,2,35,46.67,21,45.65,14,48.28
345,877371,Serie A,Torino,Ivan Ilić,Midfielder,6.68,0,0.0,0,0,0,0,0.0,2,66.67,0,0,0,0,0,0,0,0,0,0,0.0,0,0,0.0,8,6,11,0,4,0,0,0,0,0,1,0,0,8,190,156,34,82.11,88,68,41,1,50.0,6,46.15,8,5,415,2,0,9,4,50,8,17,37.78,13,38.24,4,36.36
346,1000263,Serie A,Genoa,Albert Grønbæk,Midfielder,6.68,0,0.03,0,1,1,0,0.0,2,33.33,0,0,0,0,0,0,0,0,0,0,0.0,0,1,0.0,4,0,2,0,0,0,0,0,0,0,0,0,0,2,17,13,4,76.47,4,9,6,0,0.0,0,0.0,4,1,107,1,0,1,1,18,1,8,57.14,7,58.33,1,50.0
347,1048889,Serie A,Inter,Andy Diouf,Midfielder,6.68,0,0.44,0,7,2,1,0.0,11,52.38,0,0,0,0,0,0,1,0,0,0,0.0,0,0,0.0,12,1,5,0,6,0,1,0,0,1,2,0,1,12,198,168,30,84.85,44,124,75,1,16.67,2,50.0,18,3,409,1,0,3,3,67,11,31,48.44,26,46.43,5,62.5
348,826186,Serie A,Lazio,Luca Pellegrini,Defender,6.68,1,0.54,1,6,4,2,16.67,10,41.67,1,0,0,1,0,0,0,0,0,0,0.0,0,1,0.0,27,16,25,9,12,1,0,0,0,1,2,0,0,16,754,601,153,79.71,325,276,125,13,26.53,29,42.03,23,16,1394,8,0,24,12,239,10,55,43.65,48,44.86,7,36.84
349,1476922,Serie A,Udinese,Juan Arizala,Defender,6.68,0,0.03,0,1,1,0,0.0,2,40.0,0,0,0,0,0,0,0,0,0,0,0.0,0,0,0.0,8,1,2,0,1,0,0,0,0,0,0,0,0,1,75,67,8,89.33,28,39,21,0,0.0,2,100.0,10,1,197,0,0,1,1,28,2,13,56.52,11,61.11,2,40.0
350,1001997,Serie A,Udinese,Răzvan Sava,Goalkeeper,6.67,0,0.0,0,0,0,0,0.0,0,0.0,0,0,0,0,0,0,0,0,0,0,0.0,0,0,0.0,0,0,7,0,1,0,1,0,0,1,0,0,0,0,172,129,43,75.0,112,17,5,0,0.0,20,32.26,7,6,619,1,0,0,0,44,0,0,0.0,0,0.0,0,0.0
351,1010223,Serie A,Juventus,Fabio Miretti,Midfielder,6.67,1,2.12,1,18,5,7,5.56,7,36.84,1,0,0,0,1,0,0,0,0,0,0.0,0,1,0.0,19,3,6,0,6,0,1,0,0,1,2,2,1,12,374,321,53,85.83,108,213,129,4,25.0,13,48.15,22,5,611,1,0,14,7,105,12,36,42.86,33,44.59,3,30.0
352,1014651,Serie A,Lecce,Balthazar Pierret,Midfielder,6.67,0,0.0,0,0,0,0,0.0,0,0.0,0,0,0,0,0,0,0,0,0,0,0.0,0,0,0.0,2,0,3,0,0,0,0,0,0,0,0,0,0,0,16,11,5,68.75,3,8,2,0,0.0,0,0.0,3,0,32,0,0,0,2,5,0,5,100.0,3,100.0,2,100.0
353,609206,Serie A,Udinese,Kingsley Ehizibue,Midfielder,6.67,2,1.1,1,7,2,3,28.57,7,26.92,2,0,0,0,2,0,2,0,0,0,0.0,0,0,0.0,39,12,49,3,10,0,1,1,0,4,2,0,0,8,454,362,92,79.74,188,174,91,4,13.33,20,52.63,31,19,1739,5,0,34,22,219,16,79,46.2,67,46.53,12,44.44
354,1031548,Serie A,Sassuolo,Alieu Fadera,Forward,6.67,2,2.1,2,13,4,4,15.38,11,31.43,2,0,0,1,1,0,8,2,0,0,0.0,0,1,0.0,36,7,6,0,16,0,1,1,0,0,1,1,0,7,257,202,55,78.6,80,122,75,6,25.0,9,69.23,28,8,979,5,0,36,36,163,20,90,45.23,82,46.33,8,36.36
355,877037,Serie A,Torino,Cyril Ngonge,Forward,6.67,1,1.85,5,24,12,7,4.17,19,59.38,0,1,0,0,1,0,6,0,0,0,0.0,0,1,0.0,11,2,9,0,5,0,1,0,0,0,0,1,0,12,255,178,77,69.8,45,133,80,4,22.22,16,66.67,20,11,1013,2,0,20,18,169,18,66,47.48,48,48.48,18,45.0
356,1615784,Serie A,Cagliari,Yael Trepy,Forward,6.67,1,0.61,1,7,2,2,14.29,2,100.0,1,0,0,1,0,0,2,0,0,0,0.0,0,0,0.0,2,1,1,0,0,0,0,0,0,0,0,0,0,2,15,9,6,60.0,3,6,2,2,28.57,0,0.0,8,0,105,0,0,1,2,17,3,7,41.18,6,60.0,1,14.29
357,1012179,Serie A,Fiorentina,Jacopo Fazzini,Forward,6.67,0,1.06,1,9,1,2,0.0,9,40.91,0,0,0,0,0,0,0,0,0,0,0.0,0,0,0.0,18,6,6,1,5,0,1,0,0,0,1,0,0,9,188,140,48,74.47,51,89,52,6,37.5,6,60.0,20,5,591,2,0,12,15,104,15,51,48.11,42,49.41,9,42.86
358,142148,Serie A,Atalanta,Sead Kolašinac,Defender,6.67,0,0.19,0,3,0,2,0.0,5,71.43,0,0,0,0,0,0,1,0,0,0,0.0,0,0,0.0,27,11,32,5,9,0,0,0,0,1,0,0,0,0,771,694,77,90.01,393,301,120,2,66.67,16,36.36,19,15,1224,3,0,22,10,95,5,55,50.46,42,53.16,13,43.33
359,1485391,Serie A,Cagliari,Juan Rodríguez,Defender,6.66,0,0.4,1,2,1,1,0.0,1,100.0,0,0,0,0,0,0,0,0,0,0,0.0,0,0,0.0,36,18,80,14,6,1,2,0,0,1,0,0,0,0,611,540,71,88.38,425,115,23,1,20.0,14,26.42,16,15,1253,3,0,14,7,91,2,60,62.5,44,66.67,16,53.33
360,826185,Serie A,Atalanta,Raoul Bellanova,Midfielder,6.66,0,0.48,0,13,5,3,0.0,9,69.23,0,0,0,0,0,0,2,0,0,0,0.0,0,0,0.0,18,8,22,3,7,0,0,0,0,1,3,1,0,20,522,461,61,88.31,202,259,154,16,19.51,16,42.11,23,14,1342,2,0,4,11,169,4,47,55.29,37,66.07,10,34.48
361,897594,Serie A,Hellas Verona,Domagoj Bradarić,Midfielder,6.66,0,0.62,1,13,6,3,0.0,7,38.89,0,0,0,0,0,0,2,0,0,0,0.0,0,0,0.0,30,9,38,3,11,0,1,0,0,2,5,1,0,28,524,398,126,75.95,194,204,99,26,25.24,16,29.09,28,23,1956,2,0,8,10,277,3,54,50.94,47,59.49,7,25.93
362,1389689,Serie A,Lazio,Reda Belahyane,Midfielder,6.66,0,0.13,0,1,1,0,0.0,5,33.33,0,0,0,0,0,0,0,0,0,0,0.0,0,0,0.0,10,2,5,1,2,0,0,0,0,1,1,1,0,5,238,203,35,85.29,82,121,61,1,100.0,9,69.23,12,4,522,1,1,11,3,60,6,21,41.18,18,38.3,3,75.0
363,814589,Serie A,Cremonese,Giuseppe Pezzella,Midfielder,6.66,0,0.14,0,6,0,5,0.0,14,50.0,0,0,0,0,0,0,7,0,0,0,0.0,0,0,0.0,49,11,89,11,23,0,0,0,0,6,0,1,0,26,730,562,168,76.99,299,263,127,35,27.34,15,22.06,30,29,2501,8,1,47,32,367,17,122,48.22,95,48.97,27,45.76
364,328109,Serie A,Cagliari,Alessandro Deiola,Midfielder,6.66,0,1.38,4,20,6,8,0.0,3,60.0,0,0,0,0,0,0,7,0,0,0,0.0,0,1,0.0,35,14,36,7,13,0,3,0,0,2,0,2,0,6,565,460,105,81.42,286,174,60,0,0.0,27,50.94,19,16,1361,3,0,21,12,130,5,59,50.43,50,56.18,9,32.14
365,1634980,Serie A,Atalanta,Honest Ahanor,Defender,6.66,0,1.88,5,12,3,7,0.0,5,62.5,0,0,0,0,0,0,0,0,0,0,0.0,0,0,0.0,34,21,47,10,8,0,1,0,0,4,0,0,0,2,658,586,72,89.06,389,197,83,1,50.0,12,37.5,21,14,1289,1,1,22,28,97,5,98,61.64,67,65.05,31,55.36
366,928104,Serie A,Bologna,Nadir Zortea,Defender,6.66,0,0.43,0,11,1,9,0.0,20,47.62,0,0,0,0,0,2,1,0,0,0,0.0,0,1,0.0,26,20,38,6,18,0,0,0,0,4,4,2,0,24,771,615,156,79.77,285,330,153,21,30.43,44,46.32,31,16,1794,2,0,27,16,297,14,79,45.66,62,43.36,17,56.67
367,933641,Serie A,Sassuolo,Jay Idzes,Defender,6.66,0,0.19,0,5,0,3,0.0,6,85.71,0,0,0,0,0,0,1,0,0,0,0.0,0,0,0.0,28,41,184,23,9,1,1,2,0,7,2,0,0,3,1401,1262,139,90.08,933,329,78,0,0.0,41,37.27,34,34,3009,3,0,32,13,158,4,98,50.52,46,52.87,52,48.6
368,832208,Serie A,Juventus,Dušan Vlahović,Forward,6.66,5,6.08,6,44,16,18,11.36,3,42.86,4,1,1,4,0,0,9,1,1,1,100.0,1,3,33.33,3,2,4,2,0,0,0,0,0,0,0,1,0,9,162,113,49,69.75,25,88,54,2,50.0,5,62.5,18,10,914,0,0,9,17,109,17,46,44.23,23,44.23,23,44.23
369,79645,Serie A,Juventus,Mattia Perin,Goalkeeper,6.66,0,0.0,0,0,0,0,0.0,0,0.0,0,0,0,0,0,0,0,0,0,0,0.0,0,0,0.0,0,0,3,0,0,0,1,0,0,2,0,0,0,1,136,116,20,85.29,108,8,3,0,0.0,19,48.72,8,8,675,0,0,0,1,20,0,1,100.0,0,0.0,1,100.0
370,253391,Serie A,Hellas Verona,Lorenzo Montipò,Goalkeeper,6.66,0,0.0,0,0,0,0,0.0,1,100.0,0,0,0,0,0,0,0,0,0,0,0.0,0,0,0.0,0,0,31,0,0,2,0,0,0,5,2,1,0,3,896,412,484,45.98,232,180,51,0,0.0,225,32.01,34,34,3060,0,0,0,8,487,0,13,100.0,7,100.0,6,100.0
371,973437,Serie A,Atalanta,Odilon Kossounou,Defender,6.66,1,0.39,0,5,1,2,20.0,5,45.45,0,1,0,0,1,0,1,0,0,0,0.0,0,0,0.0,17,9,29,7,4,1,0,1,0,2,0,0,0,4,629,575,54,91.41,349,226,86,1,50.0,19,57.58,19,10,994,1,0,16,3,82,4,37,42.53,24,45.28,13,38.24
372,839156,Serie A,Atalanta,Nikola Krstović,Forward,6.65,10,14.03,14,99,34,41,10.1,17,43.59,9,1,0,4,6,3,27,0,0,0,0.0,0,0,0.0,15,3,15,3,4,0,0,0,0,3,5,5,0,21,500,369,131,73.8,97,272,178,1,20.0,9,52.94,33,18,1786,4,0,45,27,262,23,118,44.19,58,42.03,60,46.51
373,1068885,Serie A,Genoa,Alessandro Marcandalli,Defender,6.65,0,0.15,0,4,2,1,0.0,4,50.0,0,0,0,0,0,0,0,0,0,0,0.0,0,0,0.0,31,19,102,11,2,2,2,0,0,7,1,2,0,10,1173,969,204,82.61,603,366,116,5,50.0,44,39.29,31,28,2523,4,0,23,10,273,8,99,58.58,45,55.56,54,61.36
374,1210848,Serie A,Fiorentina,Pietro Comuzzo,Defender,6.65,1,1.03,1,10,2,7,10.0,1,50.0,1,0,1,0,0,0,0,0,0,0,0.0,0,0,0.0,32,23,97,13,11,0,0,2,0,1,0,0,0,3,945,853,92,90.26,583,270,79,0,0.0,37,53.62,26,17,1610,2,0,22,3,104,2,66,50.0,36,51.43,30,48.39
375,826064,Serie A,Bologna,Jens Odgaard,Midfielder,6.65,5,2.46,3,35,13,13,14.29,7,26.92,2,3,0,3,2,0,5,0,0,0,0.0,0,0,0.0,19,4,16,0,8,0,1,0,0,1,1,1,0,14,323,236,87,73.07,63,173,105,5,38.46,5,29.41,25,16,1380,1,0,27,28,193,32,89,41.98,52,38.24,37,48.68
376,1156616,Serie A,Inter,Francesco Pio Esposito,Forward,6.65,6,6.27,13,55,22,19,10.91,4,25.0,6,0,3,2,1,1,2,0,0,0,0.0,0,0,0.0,8,5,12,2,6,0,0,0,0,2,2,3,0,21,344,253,91,73.55,69,184,128,0,0.0,10,55.56,34,14,1482,1,0,28,44,187,21,96,49.23,55,47.01,41,52.56
377,850971,Serie A,Cremonese,Manuel De Luca,Forward,6.65,1,1.05,1,2,2,0,50.0,0,0.0,1,0,0,0,1,0,0,0,1,1,100.0,0,0,0.0,0,0,0,0,1,0,0,0,0,0,0,0,0,0,5,1,4,20.0,0,1,1,0,0.0,0,0.0,2,0,19,0,0,1,1,5,0,2,28.57,1,33.33,1,25.0
378,831290,Serie A,Cremonese,David Okereke,Forward,6.65,2,0.65,0,8,5,2,25.0,5,38.46,2,0,0,1,1,0,2,0,0,0,0.0,0,0,0.0,3,0,3,1,3,0,0,0,0,0,1,0,0,3,98,86,12,87.76,20,66,31,1,20.0,2,100.0,10,3,400,0,0,1,4,42,5,24,35.82,12,41.38,12,31.58
379,917485,Serie A,Lecce,Walid Cheddira,Forward,6.65,4,2.95,4,31,11,9,12.9,12,50.0,4,0,1,0,3,1,9,0,0,0,0.0,0,0,0.0,6,2,3,2,3,0,0,0,0,0,0,1,0,11,202,137,65,67.82,38,99,66,2,28.57,3,60.0,32,11,1167,3,0,26,33,142,21,74,41.11,49,46.23,25,33.78
380,592794,Serie A,SSC Napoli,Alex Meret,Goalkeeper,6.65,0,0.0,0,0,0,0,0.0,0,0.0,0,0,0,0,0,0,0,0,0,0,0.0,0,0,0.0,0,0,6,0,0,0,0,1,0,3,1,1,0,1,319,264,55,82.76,247,17,3,0,0.0,43,45.74,10,10,900,1,0,1,1,56,0,2,50.0,0,0.0,2,66.67
381,964119,Serie A,Udinese,Jordan Zemura,Midfielder,6.65,0,0.46,0,5,1,3,0.0,9,30.0,0,0,0,0,0,0,2,1,0,0,0.0,0,2,0.0,29,7,26,4,10,0,0,0,0,2,2,1,0,12,308,222,86,72.08,71,151,90,9,25.71,15,38.46,16,12,1048,3,0,23,11,185,12,56,41.18,49,43.36,7,30.43
382,837080,Serie A,Hellas Verona,Antoine Bernede,Midfielder,6.65,1,1.36,1,21,4,10,4.76,17,45.95,0,1,0,0,1,2,1,0,0,0,0.0,0,0,0.0,70,14,18,6,29,0,1,0,0,1,3,2,0,30,890,689,201,77.42,263,426,236,5,18.52,28,34.15,32,29,2320,2,0,55,20,342,34,120,42.55,107,43.85,13,34.21
383,1404639,Serie A,Genoa,Sebastian Otoa,Defender,6.64,0,0.09,0,3,2,0,0.0,3,75.0,0,0,0,0,0,0,2,0,0,0,0.0,0,0,0.0,11,9,42,11,1,0,0,0,1,0,0,0,0,0,295,266,29,90.17,194,72,12,0,0.0,13,52.0,12,8,753,1,0,5,12,39,3,46,69.7,25,71.43,21,67.74
384,829570,Serie A,Fiorentina,Jack Harrison,Forward,6.64,1,0.8,1,11,3,5,9.09,10,34.48,1,0,0,1,0,0,0,0,0,0,0.0,0,0,0.0,7,1,6,1,11,0,0,0,0,3,0,3,0,12,341,280,61,82.11,100,180,99,9,16.36,4,23.53,14,9,889,1,0,8,5,157,14,26,28.57,22,29.73,4,23.53
385,791566,Serie A,Hellas Verona,Grigoris Kastanos,Midfielder,6.64,0,0.02,0,1,0,1,0.0,1,50.0,0,0,0,0,0,0,0,0,0,0,0.0,0,0,0.0,5,3,1,0,3,0,0,0,0,0,0,0,0,1,26,18,8,69.23,5,13,5,1,50.0,1,33.33,6,0,59,0,0,3,1,14,2,8,42.11,7,43.75,1,33.33
386,945062,Serie A,Milan,Youssouf Fofana,Midfielder,6.64,2,3.62,5,44,17,18,4.55,13,35.14,2,0,0,0,2,0,0,0,0,0,0.0,0,0,0.0,40,18,16,4,18,0,4,1,0,3,5,3,0,36,785,650,135,82.8,263,387,205,2,20.0,22,50.0,32,27,2149,4,0,20,16,240,24,78,42.16,69,44.81,9,29.03
387,998830,Serie A,Hellas Verona,Daniel Oyegoke,Midfielder,6.64,0,0.07,0,3,1,2,0.0,7,58.33,0,0,0,0,0,0,1,0,0,0,0.0,0,0,0.0,16,7,12,0,3,0,0,0,0,0,0,0,0,3,177,133,44,75.14,46,87,44,6,18.75,4,36.36,15,8,606,2,0,13,5,114,7,35,50.0,28,51.85,7,43.75
388,1123175,Serie A,Cagliari,Riyad Idrissi,Defender,6.64,2,0.53,1,6,6,0,33.33,8,57.14,2,0,1,1,0,0,1,0,0,0,0.0,0,0,0.0,21,8,28,4,13,0,1,0,0,0,0,0,0,6,287,229,58,79.79,123,106,47,2,8.7,11,44.0,23,4,781,3,0,9,6,122,5,36,46.15,35,51.47,1,10.0
389,862697,Serie A,Bologna,Nicolò Casale,Defender,6.64,0,0.74,1,5,0,4,0.0,0,0.0,0,0,0,0,0,0,0,0,0,0,0.0,0,0,0.0,7,7,59,5,3,1,1,0,0,2,0,0,0,4,357,308,49,86.27,191,117,29,1,50.0,35,61.4,12,8,684,0,0,15,5,59,3,43,54.43,12,37.5,31,65.96
390,759520,Serie A,Inter,Denzel Dumfries,Midfielder,6.64,3,3.44,5,23,5,11,13.04,6,33.33,3,0,1,1,1,1,2,0,0,0,0.0,0,0,0.0,16,7,21,0,10,1,0,1,0,4,1,1,0,13,377,302,75,80.11,123,179,104,5,14.71,3,25.0,20,15,1327,2,0,20,13,171,7,65,49.62,35,45.45,30,55.56
391,105905,Serie A,Cagliari,Sulemana,Midfielder,6.63,1,1.47,1,9,2,5,11.11,11,50.0,1,0,0,0,1,1,0,0,0,0,0.0,0,0,0.0,18,5,16,3,5,0,2,1,0,1,0,0,0,6,383,338,45,88.25,178,160,61,0,0.0,11,55.0,18,7,886,2,0,12,10,88,10,54,50.0,39,50.65,15,48.39
392,284441,Serie A,Milan,Ruben Loftus-Cheek,Midfielder,6.63,3,3.16,5,29,6,12,10.34,12,46.15,3,0,2,0,1,0,1,0,0,0,0.0,0,0,0.0,14,5,16,1,5,0,0,0,0,0,3,1,0,10,406,343,63,84.48,87,256,128,3,30.0,5,38.46,28,12,1150,2,0,23,19,144,19,76,47.2,45,43.69,31,53.45
393,38162,Serie A,Torino,Duván Zapata,Forward,6.63,3,3.78,6,33,15,8,9.09,6,37.5,2,1,1,0,2,0,7,0,1,0,0.0,0,0,0.0,4,1,15,1,3,0,1,0,0,0,4,1,0,10,236,172,64,72.88,56,116,68,0,0.0,9,69.23,27,10,1069,0,0,15,23,136,15,65,44.52,31,45.59,34,43.59
394,856065,Serie A,Parma,Pontus Almqvist,Forward,6.63,0,0.33,1,3,2,0,0.0,6,37.5,0,0,0,0,0,0,1,0,0,0,0.0,0,0,0.0,8,6,3,0,5,0,0,0,0,0,2,0,0,8,100,79,21,79.0,28,51,35,3,50.0,2,40.0,12,4,434,0,0,6,13,59,12,33,46.48,27,45.76,6,50.0
395,156019,Serie A,Parma,Hernani,Midfielder,6.63,0,0.02,0,1,0,0,0.0,0,0.0,0,0,0,0,0,0,1,0,0,0,0.0,0,0,0.0,1,1,2,0,0,0,0,0,0,0,0,0,0,1,24,17,7,70.83,5,12,8,0,0.0,4,66.67,4,0,69,0,0,2,3,13,1,6,54.55,4,50.0,2,66.67
396,869275,Serie A,Cremonese,Dennis Johnsen,Forward,6.62,1,0.43,0,5,2,1,20.0,5,38.46,1,0,0,0,1,0,1,0,0,0,0.0,0,0,0.0,3,0,4,0,3,0,1,0,0,0,1,1,0,4,96,49,47,51.04,24,25,16,5,41.67,2,18.18,11,5,390,0,0,2,4,88,6,20,45.45,12,40.0,8,57.14
397,122848,Serie A,Torino,Cristiano Biraghi,Defender,6.62,0,0.07,0,2,0,0,0.0,1,33.33,0,0,0,0,0,0,0,0,0,0,0.0,0,0,0.0,9,3,18,0,4,1,0,0,0,1,0,0,0,7,181,145,36,80.11,55,90,49,10,22.73,12,46.15,14,5,530,0,0,9,6,86,0,23,58.97,16,53.33,7,77.78
398,928295,Serie A,Parma,Adrian Benedyczak,Forward,6.62,1,1.44,3,8,3,4,12.5,0,0.0,1,0,0,0,1,0,1,0,1,1,100.0,0,0,0.0,6,0,8,1,4,0,0,0,0,0,3,1,0,9,96,71,25,73.96,21,50,33,2,20.0,5,55.56,14,5,486,1,0,9,6,49,1,31,44.93,10,40.0,21,47.73
399,14990,Serie A,Fiorentina,Edin Džeko,Forward,6.62,0,0.3,0,4,1,0,0.0,2,33.33,0,0,0,0,0,0,0,0,0,0,0.0,0,0,0.0,1,1,6,1,0,0,0,0,0,0,0,0,0,2,81,60,21,74.07,27,33,17,1,100.0,1,50.0,11,2,250,1,0,2,5,33,3,26,60.47,8,50.0,18,66.67
400,989894,Serie A,Sassuolo,Woyo Coulibaly,Defender,6.62,0,0.12,0,5,1,2,0.0,7,70.0,0,0,0,0,0,0,0,0,0,0,0.0,0,0,0.0,22,9,17,4,7,0,0,0,0,0,0,0,0,4,400,361,39,90.25,183,178,75,2,18.18,6,50.0,19,8,958,2,0,15,12,95,12,47,50.54,41,53.95,6,35.29
401,1127590,Serie A,Lecce,Mohamed Kaba,Midfielder,6.62,0,0.47,0,9,4,3,0.0,9,56.25,0,0,0,0,0,0,0,0,0,0,0.0,0,0,0.0,12,4,6,2,5,0,0,1,0,0,0,0,0,5,186,142,44,76.34,34,108,58,3,37.5,7,63.64,15,5,646,1,0,12,21,96,18,55,49.11,41,50.0,14,46.67
402,1175854,Serie A,Lecce,Oumar Ngom,Midfielder,6.62,0,0.23,0,5,2,0,0.0,6,60.0,0,0,0,0,0,0,0,0,0,0,0.0,0,0,0.0,24,12,16,2,11,0,0,0,0,0,0,0,0,4,255,212,43,83.14,94,118,53,1,33.33,9,56.25,14,9,802,1,0,15,6,68,9,46,48.42,35,48.61,11,47.83
403,909991,Serie A,Bologna,Simon Sohm,Midfielder,6.62,0,0.79,1,9,1,5,0.0,11,68.75,0,0,0,0,0,0,3,0,0,0,0.0,0,0,0.0,20,8,11,5,4,0,0,0,0,1,3,1,0,15,571,488,83,85.46,252,236,104,1,14.29,19,59.38,28,18,1438,3,0,25,14,118,5,65,46.43,42,53.16,23,37.7
404,868958,Serie A,Hellas Verona,Moatasem Al-Musrati,Midfielder,6.62,0,0.28,0,8,1,3,0.0,0,0.0,0,0,0,0,0,0,1,0,0,0,0.0,0,0,0.0,13,8,24,8,10,0,0,0,0,1,0,1,0,7,456,377,79,82.68,178,199,72,1,50.0,31,51.67,17,8,815,4,1,15,2,99,7,29,36.71,15,31.25,14,45.16
405,123976,Serie A,Como,Sergi Roberto,Midfielder,6.62,0,0.96,2,7,2,4,0.0,4,50.0,0,0,0,0,0,0,0,0,0,0,0.0,0,0,0.0,7,5,9,1,6,0,1,0,0,0,0,0,0,8,426,393,33,92.25,204,189,82,3,100.0,7,58.33,19,5,545,3,0,9,9,54,7,25,44.64,20,43.48,5,50.0
406,928777,Serie A,Cagliari,Michel Adopo,Midfielder,6.62,1,2.22,4,27,11,8,3.7,14,38.89,0,1,0,1,0,1,5,0,0,0,0.0,0,0,0.0,54,28,41,6,15,0,5,1,0,5,3,2,0,26,1057,869,188,82.21,418,451,205,6,26.09,20,41.67,37,32,2965,4,0,34,25,308,37,124,45.76,93,46.73,31,43.06
407,928796,Serie A,Bologna,Tommaso Pobega,Midfielder,6.62,2,1.65,1,24,9,11,8.33,7,70.0,2,0,0,2,0,0,0,0,0,0,0.0,0,0,0.0,36,19,26,11,16,0,0,0,0,1,2,1,0,6,490,375,115,76.53,163,212,91,0,0.0,22,39.29,25,16,1386,2,1,33,12,148,7,77,50.0,55,49.11,22,52.38
408,1111640,Serie A,Torino,Matteo Prati,Midfielder,6.62,1,1.51,0,30,1,21,3.33,7,50.0,1,0,0,0,1,0,0,0,0,0,0.0,0,1,0.0,39,20,61,9,17,1,1,0,0,1,5,1,0,12,837,668,169,79.81,372,296,111,5,33.33,54,43.9,32,22,1868,6,0,29,9,205,5,70,49.3,55,48.67,15,51.72
409,1126175,Serie A,Udinese,Saba Goglichidze,Defender,6.62,0,0.2,1,3,1,2,0.0,0,0.0,0,0,0,0,0,0,0,0,0,0,0.0,0,0,0.0,11,8,16,1,2,0,0,2,0,0,0,0,0,2,184,150,34,81.52,99,51,28,1,50.0,32,68.09,8,4,422,2,0,5,4,41,1,20,60.61,15,65.22,5,50.0
410,1067204,Serie A,Fiorentina,Giovanni Fabbian,Midfielder,6.61,2,2.12,1,18,5,11,11.11,4,30.77,2,0,1,0,1,0,2,0,0,0,0.0,0,0,0.0,10,6,16,1,7,0,1,0,0,1,3,0,0,8,270,213,57,78.89,96,117,59,0,0.0,11,55.0,28,11,1083,2,0,18,26,111,14,68,47.55,39,46.99,29,48.33
411,856737,Serie A,Torino,Zakaria Aboukhlal,Forward,6.61,0,0.34,0,7,2,3,0.0,6,35.29,0,0,0,0,0,0,7,0,0,0,0.0,0,0,0.0,22,1,8,1,11,0,0,0,0,0,1,0,0,3,166,123,43,74.1,50,73,40,2,11.11,6,37.5,15,6,520,4,0,12,11,100,6,43,46.74,39,49.37,4,30.77
412,786259,Serie A,AS Roma,Kostas Tsimikas,Defender,6.61,0,0.42,1,7,0,4,0.0,6,60.0,0,0,0,0,0,0,1,0,0,0,0.0,0,0,0.0,11,8,18,2,6,0,0,0,0,0,0,0,0,4,265,212,53,80.0,104,108,52,7,16.28,8,30.77,18,6,644,1,0,9,8,119,8,30,47.62,25,48.08,5,45.45
413,848279,Serie A,Torino,Enzo Ebosse,Defender,6.61,0,0.05,0,1,0,1,0.0,2,50.0,0,0,0,0,0,0,0,0,0,0,0.0,0,0,0.0,12,10,51,12,5,1,0,0,0,3,1,1,1,6,785,708,77,90.19,452,256,102,2,40.0,36,46.75,16,15,1241,3,0,21,10,101,6,36,40.91,24,41.38,12,40.0
414,877835,Serie A,Como,Nicolas-Gerrit Kühn,Forward,6.61,1,1.02,1,8,3,2,12.5,10,52.63,1,0,0,1,0,0,3,0,0,0,0.0,0,0,0.0,13,5,0,0,12,0,0,0,0,0,1,1,0,11,217,178,39,82.03,34,144,87,4,28.57,4,44.44,23,6,655,0,0,6,2,88,10,28,38.36,25,40.98,3,25.0
415,788061,Serie A,Sassuolo,M'bala Nzola,Forward,6.61,4,7.32,5,39,11,17,10.26,19,52.78,4,0,0,4,0,2,15,0,3,2,66.67,0,0,0.0,8,3,12,1,3,0,0,0,0,3,1,1,0,19,289,228,61,78.89,69,159,105,1,14.29,7,70.0,29,15,1496,2,1,28,26,186,35,95,46.34,53,41.09,42,55.26
416,273405,Serie A,Lazio,Manuel Lazzari,Defender,6.61,0,0.15,0,4,2,1,0.0,10,45.45,0,0,0,0,0,0,0,0,0,0,0.0,0,0,0.0,13,6,24,1,3,0,0,0,0,0,0,0,0,2,390,333,57,85.38,170,163,79,3,18.75,9,56.25,22,9,949,2,0,9,18,116,6,43,50.59,40,57.14,3,20.0
417,1435226,Serie A,Genoa,Nils Zätterström,Defender,6.6,0,0.0,0,0,0,0,0.0,1,50.0,0,0,0,0,0,0,0,0,0,0,0.0,0,0,0.0,1,2,0,0,0,0,0,0,0,1,0,0,0,0,44,37,7,84.09,31,6,1,0,0.0,0,0.0,2,1,91,0,0,1,0,9,1,2,33.33,2,40.0,0,0.0
418,2049928,Serie A,Cagliari,Paul Mendy,Forward,6.6,2,1.62,1,14,2,9,14.29,2,50.0,2,0,1,1,0,0,2,0,0,0,0.0,0,0,0.0,0,1,3,1,1,0,0,0,0,0,0,0,0,5,67,46,21,68.66,8,38,24,0,0.0,3,75.0,8,3,322,1,0,12,4,59,12,23,31.94,6,18.18,17,43.59
419,1184308,Serie A,Milan,Álex Jiménez,Defender,6.6,0,0.0,0,0,0,0,0.0,4,57.14,0,0,0,0,0,0,0,0,0,0,0.0,0,0,0.0,0,0,0,0,1,0,0,0,0,0,0,0,0,2,20,19,1,95.0,5,14,11,0,0.0,0,0.0,1,0,45,1,0,0,1,5,0,5,55.56,5,55.56,0,0.0
420,1469998,Serie A,Cagliari,Othniël Raterink,Defender,6.6,0,0.0,0,0,0,0,0.0,0,0.0,0,0,0,0,0,0,0,0,0,0,0.0,0,0,0.0,0,0,0,0,0,0,0,0,0,0,0,0,0,0,6,5,1,83.33,5,0,0,0,0.0,0,0.0,1,0,12,0,0,0,0,1,0,0,0.0,0,0.0,0,0.0
421,1495719,Serie A,Udinese,Matteo Palma,Defender,6.6,0,0.0,0,0,0,0,0.0,0,0.0,0,0,0,0,0,0,0,0,0,0,0.0,0,0,0.0,2,2,9,1,1,0,0,0,0,0,0,0,0,0,53,40,13,75.47,26,14,5,0,0.0,2,22.22,5,1,124,0,0,3,0,18,0,10,58.82,2,33.33,8,72.73
422,945448,Serie A,Cagliari,Zé Pedro,Defender,6.6,0,0.68,1,5,0,4,0.0,5,71.43,0,0,0,0,0,1,0,0,0,0,0.0,0,0,0.0,31,20,79,13,22,1,2,0,0,4,1,1,0,3,897,776,121,86.51,554,222,72,0,0.0,30,33.71,22,19,1650,5,0,28,15,170,0,68,47.22,50,50.0,18,40.91
423,253369,Serie A,Hellas Verona,Simone Perilli,Goalkeeper,6.6,0,0.0,0,0,0,0,0.0,0,0.0,0,0,0,0,0,0,0,0,0,0,0.0,0,0,0.0,0,0,2,0,0,0,0,0,0,1,0,0,0,0,78,37,41,47.44,26,11,3,0,0.0,16,28.57,3,3,270,0,0,0,0,41,0,0,0.0,0,0.0,0,0.0
424,911355,Serie A,Pisa,Simone Canestrelli,Defender,6.6,1,1.2,2,15,3,8,6.67,3,60.0,1,0,1,0,0,0,1,0,0,0,0.0,0,0,0.0,39,32,182,20,13,1,2,1,0,5,1,0,0,10,1178,946,232,80.31,643,303,94,1,8.33,67,40.85,36,35,3111,4,0,42,21,335,6,156,56.93,63,51.64,93,61.18
425,309156,Serie A,Genoa,Caleb Ekuban,Forward,6.6,4,3.74,2,29,10,14,13.79,8,33.33,4,0,0,1,3,0,6,0,0,0,0.0,0,0,0.0,4,5,5,1,2,0,0,0,0,0,1,1,0,11,153,105,48,68.63,33,72,43,1,16.67,2,40.0,31,6,986,0,0,16,29,124,16,64,45.71,41,46.59,23,44.23
426,965009,Serie A,Parma,Gaetano Oristanio,Midfielder,6.6,1,2.01,2,24,4,10,4.17,15,48.39,1,0,0,1,0,2,4,0,0,0,0.0,0,0,0.0,9,2,6,0,8,0,0,0,0,0,0,0,0,10,156,128,28,82.05,24,104,66,4,25.0,10,90.91,20,8,857,1,0,13,20,116,26,52,43.33,43,42.57,9,47.37
427,1013041,Serie A,Cagliari,Nicolò Cavuoti,Midfielder,6.6,0,0.0,0,0,0,0,0.0,1,50.0,0,0,0,0,0,0,0,0,0,0,0.0,0,0,0.0,0,0,0,0,1,0,0,0,0,0,0,0,0,0,14,12,2,85.71,6,6,3,0,0.0,0,0.0,4,0,52,0,0,1,1,8,2,3,30.0,2,28.57,1,33.33
428,1403088,Serie A,Lecce,Olaf Gorter,Midfielder,6.6,0,0.0,0,0,0,0,0.0,0,0.0,0,0,0,0,0,0,0,0,0,0,0.0,0,0,0.0,1,0,0,0,0,0,0,0,0,0,0,0,0,0,19,18,1,94.74,10,8,5,0,0.0,1,100.0,2,0,27,0,0,1,0,1,0,1,50.0,1,50.0,0,0.0
429,1000366,Serie A,Cremonese,Warren Bondo,Midfielder,6.6,0,0.25,0,8,2,3,0.0,15,57.69,0,0,0,0,0,0,0,0,0,0,0.0,0,0,0.0,31,8,9,3,9,0,1,0,0,4,0,0,0,3,776,697,79,89.82,409,288,102,0,0.0,26,57.78,27,22,1769,5,0,39,33,140,20,85,49.13,79,50.97,6,33.33
430,886628,Serie A,Lecce,Þórir Jóhann Helgason,Midfielder,6.59,0,0.21,0,3,2,0,0.0,6,85.71,0,0,0,0,0,0,0,0,0,0,0.0,0,1,0.0,2,3,0,2,0,0,0,0,0,0,0,0,0,3,46,33,13,71.74,8,25,14,3,50.0,1,25.0,8,1,145,0,0,0,0,24,3,9,60.0,8,66.67,1,33.33
431,1149288,Serie A,Juventus,Vasilije Adžić,Midfielder,6.59,1,0.23,0,6,4,1,16.67,1,14.29,0,1,0,0,1,0,0,0,0,0,0.0,0,1,0.0,4,2,3,0,2,1,1,0,0,0,0,0,0,4,100,86,14,86.0,34,52,31,0,0.0,4,66.67,10,1,193,0,0,3,2,30,2,8,28.57,7,35.0,1,12.5
432,907667,Serie A,Torino,Tino Anjorin,Midfielder,6.59,0,0.49,1,4,1,0,0.0,3,60.0,0,0,0,0,0,0,1,0,0,0,0.0,0,0,0.0,9,6,4,1,2,0,0,0,0,0,0,0,0,3,124,101,23,81.45,37,64,29,1,100.0,3,42.86,15,1,286,1,0,8,1,39,2,21,50.0,13,48.15,8,53.33
433,933203,Serie A,Genoa,Mikael Ellertsson,Midfielder,6.59,1,2.27,3,26,6,12,3.85,11,27.5,1,0,0,0,1,0,1,2,0,0,0.0,0,0,0.0,44,15,41,8,24,0,0,0,0,7,5,1,0,15,618,465,153,75.24,177,288,161,7,22.58,13,28.26,35,30,2687,1,1,28,41,299,18,105,45.26,94,48.7,11,28.21
434,208988,Serie A,Fiorentina,Pablo Marí,Defender,6.59,0,0.03,0,2,0,2,0.0,0,0.0,0,0,0,0,0,0,0,0,0,0,0.0,0,0,0.0,12,22,47,7,3,0,0,0,0,1,0,0,0,2,455,418,37,91.87,319,99,21,0,0.0,16,40.0,11,9,809,3,0,17,8,42,0,38,50.67,20,50.0,18,51.43
435,962364,Serie A,SSC Napoli,Lorenzo Lucca,Forward,6.59,1,1.26,2,15,5,4,6.67,6,66.67,1,0,0,0,1,1,4,0,0,0,0.0,0,0,0.0,0,0,3,0,1,0,0,0,0,0,1,0,0,2,66,52,14,78.79,18,34,22,0,0.0,1,100.0,16,4,420,1,0,17,13,43,9,28,41.79,18,40.0,10,45.45
436,978327,Serie A,Lecce,N'Dri Konan,Forward,6.59,2,1.03,1,19,5,10,10.53,9,21.43,0,2,0,2,0,0,1,0,0,0,0.0,0,1,0.0,11,2,0,0,9,0,0,0,0,0,2,0,0,4,129,92,37,71.32,18,74,54,2,8.7,5,62.5,26,1,521,3,0,9,18,133,13,43,37.39,38,37.62,5,35.71
437,989276,Serie A,Sassuolo,Josh Doig,Defender,6.59,0,0.68,1,11,4,6,0.0,9,30.0,0,0,0,0,0,1,0,0,0,0,0.0,0,0,0.0,33,23,54,14,9,1,1,1,0,4,4,0,0,15,732,600,132,81.97,320,280,118,13,34.21,14,24.56,30,22,1926,5,0,16,19,268,12,89,50.28,60,51.72,29,47.54
438,1142692,Serie A,Torino,Rafael Obrador,Defender,6.59,1,0.18,0,7,2,3,14.29,8,29.63,0,1,0,1,0,0,1,0,0,0,0.0,0,0,0.0,22,11,23,1,10,1,0,0,0,1,1,2,0,11,341,278,63,81.52,152,126,62,14,25.93,13,37.14,15,13,1060,1,0,6,5,154,5,37,41.57,35,46.67,2,14.29
439,1493157,Serie A,Torino,Alieu Njie,Forward,6.58,1,0.95,3,5,2,3,20.0,4,33.33,0,1,0,0,1,1,0,0,0,0,0.0,0,0,0.0,5,0,1,0,1,1,0,0,0,0,0,1,0,3,55,39,16,70.91,11,28,20,0,0.0,0,0.0,14,2,284,2,0,7,6,42,5,19,42.22,15,41.67,4,44.44
440,1000150,Serie A,Cagliari,Zito Luvumbo,Forward,6.58,0,1.1,2,12,6,5,0.0,3,25.0,0,0,0,0,0,0,0,0,0,0,0.0,0,0,0.0,2,1,1,0,3,0,0,0,0,0,1,0,0,3,65,50,15,76.92,12,38,21,2,28.57,0,0.0,12,2,335,0,0,4,18,47,5,24,50.0,23,53.49,1,20.0
441,78893,Serie A,SSC Napoli,Romelu Lukaku,Forward,6.58,1,0.26,1,2,1,1,50.0,0,0.0,1,0,0,1,0,0,0,0,0,0,0.0,0,0,0.0,0,0,1,1,0,0,0,0,0,0,0,0,0,2,16,11,5,68.75,3,8,7,0,0.0,0,0.0,5,0,50,1,0,2,0,12,2,0,0.0,0,0.0,0,0.0
442,1142606,Serie A,Cagliari,Semih Kılıçsoy,Forward,6.58,4,1.86,0,17,8,3,23.53,14,56.0,3,1,1,1,2,0,2,0,0,0,0.0,0,0,0.0,5,1,0,1,0,0,0,0,0,0,0,0,0,11,240,185,55,77.08,72,113,50,1,100.0,13,92.86,22,11,984,1,0,14,15,137,29,40,31.75,34,39.08,6,15.38
443,1945133,Serie A,Hellas Verona,Fallou Cham,Defender,6.58,0,0.35,0,5,2,3,0.0,1,50.0,0,0,0,0,0,0,1,0,0,0,0.0,0,0,0.0,14,4,6,0,3,0,0,0,0,0,1,0,0,4,53,32,21,60.38,16,16,10,1,10.0,3,60.0,6,3,235,0,0,7,5,42,1,22,61.11,20,62.5,2,50.0
444,116666,Serie A,Pisa,Antonio Caracciolo,Defender,6.58,2,2.09,1,25,6,14,8.0,3,33.33,2,0,0,0,2,0,2,0,0,0,0.0,0,0,0.0,71,50,192,24,33,1,1,1,1,5,0,0,0,2,1232,1038,194,84.25,805,233,54,1,33.33,63,38.65,35,34,3074,10,0,40,11,238,8,139,53.26,84,50.6,55,57.89
445,1100354,Serie A,Cremonese,Romano Floriani Mussolini,Midfielder,6.58,0,0.41,0,5,1,3,0.0,6,37.5,0,0,0,0,0,0,2,2,0,0,0.0,0,0,0.0,27,5,37,5,8,0,0,0,0,1,4,1,0,9,301,211,90,70.1,96,115,58,4,13.79,4,21.05,27,12,1140,2,0,19,5,165,8,56,45.53,36,45.0,20,46.51
446,108673,Serie A,Genoa,Nicolae Stanciu,Midfielder,6.58,0,1.22,1,5,0,3,0.0,1,50.0,0,0,0,0,0,0,0,0,1,0,0.0,0,1,0.0,4,3,2,0,0,0,0,0,0,0,0,0,0,2,79,59,20,74.68,32,27,22,1,11.11,5,71.43,4,2,191,0,0,1,2,36,2,8,61.54,7,63.64,1,50.0
447,1154898,Serie A,Sassuolo,Luca Lipani,Midfielder,6.58,0,0.85,1,12,3,5,0.0,2,28.57,0,0,0,0,0,0,1,0,0,0,0.0,0,0,0.0,26,14,25,2,16,0,0,0,0,1,1,1,0,11,436,360,76,82.57,180,180,76,0,0.0,19,47.5,23,9,945,3,0,27,6,112,12,46,40.35,34,36.96,12,54.55
448,972523,Serie A,Hellas Verona,Cheikh Niasse,Midfielder,6.58,0,0.17,0,6,1,4,0.0,4,66.67,0,0,0,0,0,0,2,0,0,0,0.0,0,0,0.0,21,14,18,5,10,0,0,1,0,0,0,1,0,11,361,293,68,81.16,129,164,62,6,50.0,7,33.33,20,11,983,1,0,20,15,99,5,61,47.66,40,54.79,21,38.18
449,1459764,Serie A,Pisa,Lorran,Midfielder,6.58,1,1.02,0,3,1,1,33.33,6,50.0,1,0,0,1,0,0,0,0,0,0,0.0,0,0,0.0,5,3,1,0,1,0,0,0,0,0,0,0,0,1,60,47,13,78.33,18,29,19,1,25.0,3,37.5,9,0,113,0,0,0,3,33,2,14,53.85,14,60.87,0,0.0
450,377512,Serie A,SSC Napoli,Pasquale Mazzocchi,Midfielder,6.58,0,0.05,0,2,1,1,0.0,4,44.44,0,0,0,0,0,0,1,0,0,0,0.0,0,0,0.0,2,3,10,0,1,0,1,0,0,0,2,1,0,4,162,136,26,83.95,63,73,35,4,28.57,4,40.0,15,2,306,0,1,1,0,58,4,12,46.15,6,35.29,6,66.67
451,1525361,Serie A,Pisa,Mateus Lusuardi,Defender,6.57,0,0.07,0,4,0,1,0.0,1,50.0,0,0,0,0,0,0,0,0,0,0,0.0,0,0,0.0,2,0,12,5,3,0,0,0,0,0,0,0,0,1,79,65,14,82.28,48,17,4,0,0.0,4,44.44,3,3,199,1,0,4,0,17,0,11,52.38,3,27.27,8,80.0
452,892430,Serie A,Sassuolo,Fali Candé,Defender,6.57,0,0.22,0,3,0,3,0.0,0,0.0,0,0,0,0,0,0,0,0,0,0,0.0,0,0,0.0,9,2,28,3,4,0,1,1,0,0,0,0,0,1,191,146,45,76.44,93,53,17,0,0.0,6,25.0,12,5,512,2,0,9,6,68,1,26,46.43,15,53.57,11,39.29
453,927304,Serie A,Cagliari,Gabriele Zappa,Defender,6.57,0,0.68,1,10,1,7,0.0,5,38.46,0,0,0,0,0,1,0,0,0,0,0.0,0,0,0.0,28,17,43,2,19,0,1,0,0,1,4,3,0,12,846,712,134,84.16,408,304,138,12,34.29,30,37.97,30,17,1518,2,0,13,5,201,2,49,48.51,38,48.1,11,50.0
454,892521,Serie A,Hellas Verona,Unai Núñez,Defender,6.57,0,0.45,0,7,1,3,0.0,9,75.0,0,0,0,0,0,0,0,0,0,0,0.0,0,0,0.0,24,23,62,13,7,0,0,0,1,2,0,0,0,5,552,431,121,78.08,231,200,84,3,27.27,42,43.3,17,15,1265,5,0,27,10,150,2,70,50.0,42,53.16,28,45.9
455,139410,Serie A,Cremonese,Federico Ceccherini,Defender,6.57,0,0.2,0,5,2,3,0.0,1,100.0,0,0,0,0,0,0,0,0,0,0,0.0,0,0,0.0,7,7,25,5,0,0,0,0,0,0,1,1,0,2,226,181,45,80.09,125,56,23,0,0.0,9,28.13,9,6,489,1,1,10,9,63,1,32,60.38,16,61.54,16,59.26
456,849274,Serie A,Cremonese,Youssef Maleh,Midfielder,6.57,1,1.0,1,22,4,13,4.55,7,43.75,0,1,0,1,0,1,0,0,0,0,0.0,0,0,0.0,38,14,34,3,13,1,0,0,0,2,1,0,0,9,584,459,125,78.6,214,245,114,9,17.31,26,37.68,22,18,1554,4,1,36,18,221,16,74,45.4,63,46.32,11,40.74
457,1009661,Serie A,Udinese,Oier Zarraga,Midfielder,6.57,0,0.28,1,4,1,1,0.0,1,33.33,0,0,0,0,0,1,0,0,0,0,0.0,0,0,0.0,6,6,14,3,15,0,0,0,0,0,1,0,0,2,156,140,16,89.74,59,81,39,2,16.67,4,36.36,23,2,487,2,0,8,5,39,3,20,37.04,12,30.0,8,57.14
458,970778,Serie A,Pisa,Gabriele Piccinini,Midfielder,6.57,0,2.13,5,18,7,5,0.0,4,33.33,0,0,0,0,0,0,0,0,0,0,0.0,0,0,0.0,21,1,10,0,6,0,0,0,0,0,2,0,0,7,224,176,48,78.57,83,93,50,2,10.53,7,63.64,24,5,844,2,0,10,12,100,11,53,50.0,36,51.43,17,47.22
459,798820,Serie A,AS Roma,Artem Dovbyk,Forward,6.57,3,2.52,3,12,6,5,25.0,2,66.67,3,0,1,2,0,1,4,0,0,0,0.0,0,0,0.0,3,1,3,0,0,0,0,0,0,0,2,1,0,11,87,62,25,71.26,13,49,29,0,0.0,0,0.0,14,3,396,0,0,11,6,55,11,26,46.43,11,33.33,15,65.22
460,1514800,Serie A,AS Roma,Robinio Vaz,Forward,6.57,1,0.51,0,5,2,2,20.0,0,0.0,1,0,1,0,0,0,2,0,0,0,0.0,0,0,0.0,0,2,1,0,1,0,0,0,0,0,0,0,0,0,34,22,12,64.71,5,17,12,1,33.33,0,0.0,11,0,208,0,0,1,12,32,5,17,50.0,12,60.0,5,35.71
461,1613917,Serie A,Genoa,Jeff Ekhator,Forward,6.56,3,2.89,4,20,5,9,15.0,12,54.55,3,0,0,1,2,0,10,1,0,0,0.0,0,0,0.0,12,2,5,0,6,0,0,0,0,0,1,0,0,10,179,105,74,58.66,37,68,39,0,0.0,2,50.0,30,9,949,3,0,20,19,150,17,69,45.39,43,44.79,26,46.43
462,125407,Serie A,Como,Álvaro Morata,Forward,6.56,0,4.92,8,23,8,11,0.0,2,28.57,0,0,0,0,0,0,8,1,1,0,0.0,0,1,0.0,14,1,8,0,6,0,0,0,0,1,1,1,0,10,227,170,57,74.89,62,108,64,3,33.33,10,71.43,25,9,922,2,1,16,33,104,13,65,52.42,49,55.06,16,45.71
463,284367,Serie A,Pisa,Arturo Calabresi,Defender,6.56,0,0.2,0,4,1,1,0.0,2,25.0,0,0,0,0,0,0,1,1,0,0,0.0,0,0,0.0,17,18,69,13,19,0,0,0,0,1,0,0,0,4,475,389,86,81.89,256,133,58,3,17.65,28,43.08,25,16,1439,8,0,31,23,161,5,56,41.18,38,38.78,18,47.37
464,895592,Serie A,Cremonese,Martín Payero,Midfielder,6.56,1,1.8,1,23,8,10,4.35,22,45.83,0,1,0,0,1,1,2,0,0,0,0.0,0,0,0.0,19,10,18,3,9,0,0,0,0,1,1,0,0,12,458,346,112,75.55,132,214,94,8,23.53,12,33.33,25,16,1458,8,0,37,34,235,22,93,43.26,73,45.34,20,37.04
465,1423452,Serie A,Parma,Daniel Mikołajewski,Forward,6.55,0,0.0,0,0,0,0,0.0,0,0.0,0,0,0,0,0,0,2,0,0,0,0.0,0,0,0.0,1,0,0,0,0,0,0,0,0,0,0,0,0,0,2,2,0,100.0,1,1,1,0,0.0,0,0.0,2,0,30,0,0,2,1,2,0,2,33.33,2,50.0,0,0.0
466,1923599,Serie A,AS Roma,Antonio Arena,Forward,6.55,0,0.21,0,2,0,0,0.0,0,0.0,0,0,0,0,0,0,1,0,0,0,0.0,0,0,0.0,0,0,0,0,1,0,0,0,0,0,0,0,0,0,4,3,1,75.0,1,2,1,0,0.0,0,0.0,2,0,25,0,0,0,0,3,2,0,0.0,0,0.0,0,0.0
467,1013239,Serie A,Sassuolo,Edoardo Iannoni,Midfielder,6.55,1,0.43,0,3,1,2,33.33,0,0.0,1,0,1,0,0,0,1,0,0,0,0.0,0,0,0.0,6,3,6,0,4,0,1,0,0,0,0,0,0,0,111,91,20,81.98,43,48,28,0,0.0,0,0.0,15,1,269,3,0,11,0,37,3,13,35.14,6,21.43,7,77.78
468,1397347,Serie A,Torino,Ali Dembélé,Defender,6.55,0,0.06,0,1,0,1,0.0,0,0.0,0,0,0,0,0,0,0,0,0,0,0.0,0,0,0.0,0,0,2,0,0,0,0,0,0,0,0,0,0,0,6,5,1,83.33,2,3,1,0,0.0,1,100.0,2,0,24,0,0,0,0,5,0,1,50.0,0,0.0,1,100.0
469,1121333,Serie A,Fiorentina,Amir Richardson,Midfielder,6.55,0,0.02,0,1,0,1,0.0,1,25.0,0,0,0,0,0,0,0,0,0,0,0.0,0,0,0.0,1,0,2,0,0,0,0,0,0,0,0,0,0,0,29,20,9,68.97,6,14,6,0,0.0,1,100.0,2,0,40,0,0,1,3,16,1,6,50.0,5,50.0,1,50.0
470,989371,Serie A,Sassuolo,Aster Vranckx,Midfielder,6.55,0,0.15,0,3,1,1,0.0,3,23.08,0,0,0,0,0,0,1,0,0,0,0.0,0,0,0.0,16,0,15,0,11,0,0,0,0,0,0,0,0,2,245,207,38,84.49,121,86,37,1,20.0,7,58.33,16,9,692,2,0,16,17,82,8,44,47.83,36,45.57,8,61.54
471,1464187,Serie A,Cagliari,Agustín Albarracín,Midfielder,6.55,0,0.0,0,0,0,0,0.0,0,0.0,0,0,0,0,0,0,0,0,0,0,0.0,0,0,0.0,0,0,0,0,1,0,0,0,0,0,0,0,0,0,16,14,2,87.5,3,11,2,0,0.0,0,0.0,2,0,31,0,0,0,3,5,0,3,60.0,3,60.0,0,0.0
472,1459459,Serie A,Parma,Benjamin Cremaschi,Midfielder,6.55,0,0.02,0,1,0,1,0.0,2,50.0,0,0,0,0,0,0,0,0,0,0,0.0,0,0,0.0,2,0,5,1,2,0,0,0,0,1,0,0,0,1,51,37,14,72.55,8,29,16,1,16.67,1,16.67,8,2,144,0,0,2,0,27,3,7,41.18,4,30.77,3,75.0
473,826198,Serie A,Sassuolo,Andrea Pinamonti,Forward,6.55,9,8.78,15,72,30,27,12.5,5,26.32,9,0,1,2,6,2,11,1,1,0,0.0,0,0,0.0,9,1,17,2,3,1,1,0,0,1,4,3,0,17,453,330,123,72.85,172,158,90,2,18.18,7,63.64,35,31,2486,2,1,13,31,223,29,98,39.04,42,42.42,56,36.84
474,930191,Serie A,Genoa,Lorenzo Colombo,Forward,6.54,7,8.31,11,65,27,25,10.77,19,38.78,6,1,0,6,1,1,1,1,2,1,50.0,0,0,0.0,18,1,20,2,10,0,0,1,0,0,1,1,0,18,460,322,138,70.0,108,214,123,1,6.67,5,33.33,37,29,2263,2,0,40,53,315,48,145,37.18,85,41.26,60,32.61
475,869888,Serie A,Cremonese,Alessio Zerbin,Midfielder,6.54,0,1.61,3,21,7,8,0.0,7,28.0,0,0,0,0,0,1,7,0,0,0,0.0,0,0,0.0,38,3,24,3,31,0,0,0,0,0,4,3,0,17,449,326,123,72.61,109,217,111,11,19.3,16,27.59,31,16,1610,2,0,34,20,251,14,73,36.5,64,39.75,9,23.08
476,1157382,Serie A,Lecce,Alex Sala,Midfielder,6.54,0,0.25,1,4,2,1,0.0,0,0.0,0,0,0,0,0,0,0,0,0,0,0.0,0,0,0.0,4,3,2,0,6,0,0,0,0,0,0,1,0,3,75,65,10,86.67,16,49,31,4,33.33,3,60.0,9,2,182,0,0,6,5,30,3,10,33.33,9,36.0,1,20.0
477,139273,Serie A,Fiorentina,Daniele Rugani,Defender,6.54,0,0.0,0,0,0,0,0.0,0,0.0,0,0,0,0,0,0,0,0,0,0,0.0,0,0,0.0,7,7,29,4,1,1,2,1,0,1,0,0,0,0,291,267,24,91.75,207,60,6,0,0.0,9,50.0,11,6,527,2,0,9,0,26,0,21,48.84,7,46.67,14,50.0
478,981470,Serie A,Lecce,Corrie Ndaba,Defender,6.54,0,0.12,0,2,0,1,0.0,6,100.0,0,0,0,0,0,0,0,0,0,0,0.0,0,0,0.0,7,4,37,1,3,1,0,0,0,0,0,0,0,2,199,166,33,83.42,89,77,34,1,25.0,10,41.67,14,6,552,0,0,2,0,45,1,20,58.82,13,68.42,7,46.67
479,934409,Serie A,Torino,Marcus Pedersen,Midfielder,6.54,1,1.74,1,15,3,8,6.67,9,42.86,1,0,1,0,0,0,3,0,0,0,0.0,0,0,0.0,22,10,22,4,14,2,1,0,0,8,4,2,0,18,537,413,124,76.91,181,232,107,17,17.0,19,32.2,28,22,2069,3,0,31,6,309,11,44,32.59,37,35.92,7,21.88
480,957921,Serie A,Parma,Oliver Sørensen,Midfielder,6.53,1,1.56,2,14,3,6,7.14,6,27.27,1,0,1,0,0,1,2,0,0,0,0.0,0,0,0.0,18,17,31,2,15,0,0,0,0,2,1,1,0,10,508,420,88,82.68,166,254,133,2,14.29,17,48.57,33,19,1817,2,0,13,20,168,17,56,39.72,42,41.18,14,35.9
481,19352,Serie A,Inter,Matteo Darmian,Midfielder,6.53,0,0.0,0,0,0,0,0.0,0,0.0,0,0,0,0,0,0,1,0,0,0,0.0,0,0,0.0,3,1,4,3,0,0,0,0,0,0,0,0,0,0,121,110,11,90.91,44,66,35,1,16.67,3,42.86,6,2,246,0,0,4,2,24,0,6,40.0,5,45.45,1,25.0
482,978301,Serie A,Genoa,Jean Onana,Midfielder,6.53,0,0.02,0,1,0,1,0.0,0,0.0,0,0,0,0,0,0,0,0,0,0,0.0,0,0,0.0,3,0,0,2,0,0,0,0,0,0,0,0,0,1,23,17,6,73.91,10,7,4,0,0.0,2,50.0,3,0,45,0,0,4,0,10,3,4,33.33,3,30.0,1,50.0
483,1536811,Serie A,Udinese,Idrissa Gueye,Forward,6.53,1,1.63,3,17,5,6,5.88,2,50.0,1,0,0,0,1,1,3,0,0,0,0.0,0,0,0.0,6,3,4,2,4,0,0,0,0,0,0,0,0,4,68,46,22,67.65,13,33,21,1,25.0,0,0.0,18,1,391,2,0,15,9,55,6,38,49.35,17,44.74,21,53.85
484,1163083,Serie A,SSC Napoli,Giuseppe Ambrosino,Forward,6.53,0,0.0,0,0,0,0,0.0,2,100.0,0,0,0,0,0,0,0,0,0,0,0.0,0,0,0.0,0,0,0,1,0,0,0,0,0,0,0,0,0,0,5,2,3,40.0,0,2,0,0,0.0,0,0.0,3,0,41,0,0,1,1,5,1,4,57.14,3,60.0,1,50.0
485,1101942,Serie A,Lazio,Petar Ratkov,Forward,6.53,0,0.59,2,6,1,3,0.0,0,0.0,0,0,0,0,0,1,0,0,0,0,0.0,0,0,0.0,3,1,3,0,0,0,0,0,0,0,0,0,0,1,45,27,18,60.0,12,15,7,0,0.0,0,0.0,8,2,228,0,0,0,3,23,2,13,65.0,6,66.67,7,63.64
486,999231,Serie A,AS Roma,Evan Ferguson,Forward,6.53,3,2.62,4,27,15,10,11.11,8,47.06,3,0,0,1,2,0,3,0,0,0,0.0,0,0,0.0,7,1,2,1,4,0,0,0,0,1,2,2,0,15,165,127,38,76.97,35,92,58,1,50.0,4,100.0,16,10,776,1,0,11,9,107,20,34,30.36,24,35.29,10,22.73
487,1086417,Serie A,SSC Napoli,Rasmus Højlund,Forward,6.53,11,9.93,10,58,23,21,18.97,11,33.33,11,0,2,6,3,1,17,0,1,1,100.0,0,0,0.0,4,0,15,2,3,0,0,0,0,5,4,5,0,31,498,369,129,74.1,109,260,162,2,66.67,8,80.0,32,31,2671,1,0,37,51,311,60,108,35.64,65,35.52,43,35.83
488,1471239,Serie A,Hellas Verona,Isaac,Forward,6.53,0,0.0,0,0,0,0,0.0,1,100.0,0,0,0,0,0,0,0,0,0,0,0.0,0,0,0.0,0,0,0,0,0,0,0,0,0,0,0,0,0,0,22,20,2,90.91,5,15,7,0,0.0,0,0.0,3,0,37,0,0,1,2,4,1,4,57.14,3,60.0,1,50.0
489,1004790,Serie A,Parma,Jacob Ondrejka,Forward,6.53,0,1.16,2,21,7,8,0.0,10,33.33,0,0,0,0,0,1,1,0,0,0,0.0,0,0,0.0,7,3,3,0,4,0,0,0,0,0,0,0,0,5,205,163,42,79.51,39,124,75,4,30.77,3,75.0,16,9,776,2,0,8,14,94,12,32,39.51,31,41.89,1,14.29
490,835600,Serie A,Inter,Davide Frattesi,Midfielder,6.52,0,2.17,4,16,4,9,0.0,5,55.56,0,0,0,0,0,0,2,0,0,0,0.0,0,0,0.0,15,3,4,1,4,0,0,0,0,1,1,0,0,6,121,94,27,77.69,33,61,29,0,0.0,2,40.0,22,3,575,0,0,9,11,52,8,35,51.47,31,55.36,4,33.33
491,333261,Serie A,Cremonese,Antonio Sanabria,Forward,6.52,1,2.92,4,12,4,4,8.33,7,77.78,1,0,1,0,0,0,6,0,0,0,0.0,0,0,0.0,2,1,15,0,3,1,0,0,0,0,3,1,0,6,175,145,30,82.86,57,88,46,0,0.0,3,100.0,25,10,941,2,0,15,15,75,9,53,43.8,24,45.28,29,42.65
492,1170773,Serie A,SSC Napoli,Giovane,Forward,6.52,3,3.69,4,56,27,11,5.36,36,42.86,2,1,0,2,1,1,15,0,0,0,0.0,0,1,0.0,15,6,11,2,11,1,1,0,0,2,6,5,0,32,459,317,142,69.06,81,236,154,13,19.4,14,70.0,33,21,1883,2,0,24,24,377,41,112,32.37,75,38.27,37,24.67
493,869795,Serie A,Cagliari,Michael Folorunsho,Midfielder,6.52,2,3.37,5,36,9,16,5.56,22,44.0,1,1,1,0,1,1,13,0,0,0,0.0,0,0,0.0,24,9,28,3,17,0,1,0,0,3,2,0,1,15,486,323,163,66.46,140,183,99,4,18.18,20,37.74,27,24,2007,3,0,35,49,321,32,127,45.2,93,46.27,34,42.5
494,1152477,Serie A,Hellas Verona,Ioan Vermesan,Forward,6.52,0,0.29,1,4,1,3,0.0,0,0.0,0,0,0,0,0,0,0,0,0,0,0.0,0,0,0.0,0,0,1,0,0,0,0,0,0,0,0,0,0,0,25,18,7,72.0,5,13,11,0,0.0,0,0.0,5,0,84,0,0,0,1,10,0,4,66.67,1,50.0,3,75.0
495,139235,Serie A,Torino,Adrien Tameze,Defender,6.51,0,0.26,0,5,0,3,0.0,0,0.0,0,0,0,0,0,0,0,0,0,0,0.0,0,0,0.0,15,20,36,6,7,2,0,0,0,1,0,0,0,8,513,413,100,80.51,227,186,85,2,14.29,32,45.71,24,12,1133,3,0,16,7,131,2,41,46.59,22,42.31,19,52.78
496,905381,Serie A,Bologna,Thijs Dallinga,Forward,6.51,2,2.94,5,23,5,11,8.7,2,33.33,2,0,0,0,2,1,4,1,0,0,0.0,0,0,0.0,7,1,10,2,0,0,0,0,0,1,1,2,0,10,226,161,65,71.24,42,119,71,1,20.0,10,71.43,22,9,826,2,0,20,9,110,13,36,35.29,18,33.33,18,37.5
497,1022204,Serie A,Hellas Verona,Amin Sarr,Forward,6.51,0,1.26,1,18,6,6,0.0,10,43.48,0,0,0,0,0,0,7,0,0,0,0.0,0,0,0.0,15,3,10,0,4,0,0,0,0,0,1,1,0,15,282,212,70,75.18,54,158,92,1,9.09,3,60.0,33,9,1067,0,1,25,21,148,21,82,40.0,46,43.4,36,36.36
498,1963449,Serie A,Parma,Sascha Britschgi,Defender,6.51,0,0.42,0,13,3,6,0.0,9,50.0,0,0,0,0,0,1,0,0,0,0,0.0,0,0,0.0,33,8,38,5,32,0,1,2,0,7,3,2,1,18,593,451,142,76.05,241,210,116,11,22.92,15,35.71,28,21,2040,4,1,17,22,260,18,75,45.18,64,46.04,11,40.74
499,835480,Serie A,Juventus,Loïs Openda,Forward,6.51,1,3.57,5,26,6,13,3.85,4,36.36,1,0,0,0,1,0,11,0,0,0,0.0,0,0,0.0,6,1,3,1,1,0,1,0,0,0,1,0,0,8,151,110,41,72.85,36,74,51,1,14.29,2,50.0,24,6,675,0,0,8,21,83,6,38,48.1,30,58.82,8,28.57
500,1019125,Serie A,Lecce,Omri Gandelman,Midfielder,6.51,2,1.4,0,10,3,4,20.0,2,20.0,2,0,1,1,0,1,1,0,0,0,0.0,0,0,0.0,9,4,13,1,5,0,0,0,0,1,2,1,0,7,234,151,83,64.53,49,102,49,1,25.0,2,33.33,18,10,933,0,0,12,3,131,15,66,37.71,14,26.42,52,42.62
501,910121,Serie A,Lazio,Fisayo Dele-Bashiru,Midfielder,6.5,0,0.69,0,8,1,6,0.0,5,38.46,0,0,0,0,0,0,2,0,0,0,0.0,0,0,0.0,18,3,10,0,3,0,2,0,0,2,1,0,0,9,407,375,32,92.14,165,210,113,1,12.5,2,33.33,23,10,1103,0,0,7,3,83,15,30,41.67,26,44.83,4,28.57
502,857480,Serie A,Pisa,Calvin Stengs,Midfielder,6.5,0,0.08,0,2,1,1,0.0,0,0.0,0,0,0,0,0,0,0,0,0,0,0.0,0,0,0.0,2,0,0,0,2,0,0,0,0,0,0,0,0,1,28,23,5,82.14,8,15,13,0,0.0,1,50.0,4,0,61,0,0,0,2,16,6,5,35.71,4,33.33,1,50.0
503,1417034,Serie A,AS Roma,Alessandro Romano,Midfielder,6.5,0,0.0,0,0,0,0,0.0,1,100.0,0,0,0,0,0,0,0,0,0,0,0.0,0,0,0.0,0,0,0,0,1,0,0,0,0,0,0,0,0,0,7,6,1,85.71,3,3,2,0,0.0,0,0.0,2,0,10,0,0,2,0,2,0,1,25.0,1,25.0,0,0.0
504,2205650,Serie A,Milan,Cheveyo Mul-Balentien,Forward,6.5,0,0.07,0,1,0,1,0.0,0,0.0,0,0,0,0,0,0,0,0,0,0,0.0,0,0,0.0,0,0,0,0,1,0,0,0,0,0,0,0,0,0,1,0,1,0.0,0,0,0,0,0.0,0,0.0,2,0,9,0,0,0,0,4,1,0,0.0,0,0.0,0,0.0
505,1034241,Serie A,Sassuolo,Laurs Skjellerup,Forward,6.5,0,0.02,0,1,0,0,0.0,0,0.0,0,0,0,0,0,0,0,0,0,0,0.0,0,0,0.0,0,0,0,0,0,0,0,0,0,0,0,0,0,0,3,0,3,0.0,0,0,0,0,0.0,0,0.0,1,0,9,0,0,0,0,3,0,1,100.0,0,0.0,1,100.0
506,150611,Serie A,Pisa,Nícolas,Goalkeeper,6.5,0,0.0,0,0,0,0,0.0,1,100.0,0,0,0,0,0,0,0,0,0,0,0.0,0,0,0.0,0,0,4,0,2,0,0,0,0,0,0,0,0,0,191,124,67,64.92,82,42,11,0,0.0,56,45.53,6,6,540,0,0,0,3,67,0,7,77.78,3,60.0,4,100.0
507,1922473,Serie A,Pisa,Daniel Denoon,Defender,6.5,0,0.0,0,0,0,0,0.0,0,0.0,0,0,0,0,0,0,0,0,0,0,0.0,0,0,0.0,3,1,3,0,0,0,0,0,0,0,0,0,0,0,32,27,5,84.38,23,4,0,0,0.0,1,33.33,2,2,123,1,0,4,3,11,1,6,46.15,6,54.55,0,0.0
508,1217613,Serie A,Hellas Verona,Gift Orban,Forward,6.5,7,10.55,12,85,28,33,8.24,19,50.0,5,2,0,2,5,3,20,0,2,2,100.0,0,7,0.0,4,4,9,0,8,0,0,0,0,1,3,2,0,20,376,270,106,71.81,85,185,100,5,33.33,13,46.43,28,23,2036,4,1,23,21,228,31,71,34.63,42,36.21,29,32.58
509,984527,Serie A,Parma,Abdoulaye Ndiaye,Defender,6.5,0,0.63,1,6,0,6,0.0,2,66.67,0,0,0,0,0,0,0,0,0,0,0.0,0,0,0.0,15,12,42,3,7,0,1,1,0,2,0,0,0,1,408,342,66,83.82,252,90,20,0,0.0,14,31.82,10,9,751,3,1,13,12,74,1,52,55.91,28,57.14,24,54.55
510,132645,Serie A,Milan,Niclas Füllkrug,Forward,6.5,1,3.9,5,16,5,6,6.25,3,50.0,1,0,1,0,0,1,12,0,1,0,0.0,0,0,0.0,1,3,13,0,3,0,1,0,0,0,4,0,0,9,170,122,48,71.76,45,77,54,0,0.0,2,66.67,19,3,618,0,0,8,8,76,5,29,42.03,12,41.38,17,42.5
511,1153193,Serie A,Cremonese,Dachi Lordkipanidze,Midfielder,6.5,0,0.0,0,0,0,0,0.0,0,0.0,0,0,0,0,0,0,0,0,0,0,0.0,0,0,0.0,0,1,1,0,0,0,0,0,0,0,0,0,0,0,7,5,2,71.43,4,1,0,0,0.0,1,100.0,1,0,28,0,0,0,0,4,2,1,25.0,0,0.0,1,50.0
512,829581,Serie A,Sassuolo,Nicholas Pierini,Forward,6.49,0,0.31,0,5,2,1,0.0,2,28.57,0,0,0,0,0,1,0,0,0,0,0.0,0,2,0.0,4,2,1,0,0,0,0,0,0,0,0,0,0,4,53,44,9,83.02,6,38,22,4,44.44,0,0.0,11,0,144,1,0,1,3,32,8,11,39.29,9,39.13,2,40.0
513,1029748,Serie A,Lecce,Nikola Štulić,Forward,6.49,4,4.54,4,33,9,12,12.12,4,44.44,4,0,0,1,3,0,9,0,1,1,100.0,0,0,0.0,12,2,13,4,3,0,0,0,0,0,2,0,0,20,310,213,97,68.71,71,142,82,1,100.0,3,75.0,33,20,1715,1,0,37,26,167,18,89,37.71,39,40.21,50,35.97
514,984998,Serie A,Lecce,Santiago Pierotti,Forward,6.49,1,3.15,5,32,8,13,3.13,38,39.58,1,0,1,0,0,1,7,0,0,0,0.0,0,0,0.0,81,20,24,5,39,0,1,0,0,1,2,1,0,21,622,472,150,75.88,150,322,165,3,13.64,9,56.25,36,30,2533,4,0,66,22,405,73,192,37.57,141,37.8,51,36.96
515,605374,Serie A,Lecce,Tete Morente,Forward,6.49,0,0.72,1,14,2,4,0.0,9,33.33,0,0,0,0,0,1,1,0,0,0,0.0,0,1,0.0,11,3,13,2,13,0,1,1,0,1,1,0,0,10,262,195,67,74.43,48,147,91,4,13.79,12,50.0,16,9,859,2,0,13,12,143,14,42,38.89,32,36.78,10,47.62
516,915812,Serie A,Hellas Verona,Abdou Harroui,Midfielder,6.49,1,1.2,0,12,2,4,8.33,10,43.48,1,0,0,0,1,0,2,0,1,1,100.0,0,0,0.0,25,1,8,2,7,0,0,0,0,0,0,0,0,14,345,280,65,81.16,110,170,89,7,25.0,12,40.0,22,10,859,3,0,21,1,146,14,37,35.58,36,40.45,1,6.67
517,1133715,Serie A,Parma,Mathias Løvik,Midfielder,6.49,0,0.15,0,3,0,2,0.0,2,18.18,0,0,0,0,0,0,2,0,0,0,0.0,0,0,0.0,11,6,9,0,6,0,0,0,0,0,0,0,0,2,127,101,26,79.53,50,51,22,4,26.67,5,41.67,9,5,479,0,0,3,2,62,0,18,39.13,15,45.45,3,23.08
518,1201388,Serie A,Parma,Christian Ordoñez,Midfielder,6.48,1,0.42,0,8,2,4,12.5,4,30.77,0,1,0,0,1,0,0,0,0,0,0.0,0,0,0.0,23,6,11,7,19,0,0,0,0,1,0,0,0,4,226,187,39,82.74,79,108,55,1,10.0,1,12.5,27,11,1005,3,1,16,10,92,11,43,36.75,37,40.22,6,24.0
519,958982,Serie A,Fiorentina,Roberto Piccoli,Forward,6.48,3,6.23,12,44,14,21,6.82,8,42.11,3,0,0,2,1,2,11,0,0,0,0.0,0,0,0.0,7,4,13,0,1,0,0,0,0,4,1,1,0,15,220,145,75,65.91,48,97,50,1,20.0,0,0.0,31,15,1608,1,0,30,38,196,25,104,41.94,53,46.9,51,37.78
520,949780,Serie A,Sassuolo,Luca Moro,Forward,6.48,0,0.62,2,6,1,5,0.0,1,100.0,0,0,0,0,0,0,2,0,0,0,0.0,0,0,0.0,5,2,2,0,3,0,0,0,0,0,1,0,0,1,44,34,10,77.27,11,23,13,0,0.0,1,50.0,14,1,231,1,0,7,9,34,4,27,51.92,15,51.72,12,52.17
521,996919,Serie A,Pisa,Samuel Iling Junior,Forward,6.48,0,0.0,0,0,0,0,0.0,0,0.0,0,0,0,0,0,0,0,0,0,0,0.0,0,0,0.0,2,0,0,0,1,0,0,0,0,0,0,0,0,1,30,17,13,56.67,9,8,5,1,20.0,0,0.0,5,1,107,0,0,1,0,27,3,2,16.67,2,20.0,0,0.0
522,132704,Serie A,Cagliari,Leonardo Pavoletti,Forward,6.48,1,1.19,2,6,1,3,16.67,0,0.0,1,0,0,0,1,0,2,0,0,0,0.0,0,0,0.0,2,1,2,0,2,0,0,0,0,0,1,1,0,2,63,37,26,58.73,21,16,13,0,0.0,1,50.0,13,1,246,1,0,10,0,33,0,13,33.33,2,18.18,11,39.29
523,839925,Serie A,Cremonese,Michele Collocolo,Midfielder,6.48,0,0.06,0,2,1,0,0.0,1,100.0,0,0,0,0,0,0,0,0,0,0,0.0,0,0,0.0,3,1,2,1,3,0,0,0,0,1,0,0,0,2,112,93,19,83.04,61,32,16,0,0.0,3,37.5,7,5,318,1,0,2,2,40,5,9,42.86,6,40.0,3,50.0
524,960080,Serie A,Lazio,Boulaye Dia,Forward,6.47,1,2.16,3,12,7,1,8.33,5,55.56,1,0,0,0,1,0,4,0,0,0,0.0,0,0,0.0,13,3,17,2,4,0,0,0,0,2,3,2,0,14,318,265,53,83.33,109,156,71,0,0.0,6,66.67,26,14,1227,1,0,19,14,118,25,46,34.85,32,39.51,14,27.45
525,795044,Serie A,Parma,Patrick Cutrone,Forward,6.47,1,2.62,5,25,7,10,4.0,4,33.33,1,0,0,0,1,1,8,0,0,0,0.0,0,0,0.0,6,3,7,2,4,0,0,0,0,1,2,0,0,3,175,115,60,65.71,28,87,48,0,0.0,1,12.5,15,11,891,0,0,7,16,119,5,35,44.3,25,51.02,10,33.33
526,892141,Serie A,Milan,Santiago Giménez,Forward,6.46,0,3.08,7,25,9,12,0.0,3,17.65,0,0,0,0,0,3,7,2,0,0,0.0,0,1,0.0,7,1,1,1,2,0,0,0,0,0,0,0,0,3,130,104,26,80.0,44,60,38,1,100.0,0,0.0,15,10,851,2,0,9,14,74,10,30,37.04,24,41.38,6,26.09
527,1162611,Serie A,Bologna,Benjamín Domínguez,Midfielder,6.46,0,0.67,0,12,2,5,0.0,9,42.86,0,0,0,0,0,0,3,0,0,0,0.0,0,0,0.0,9,2,0,0,8,0,0,0,0,0,0,3,0,7,121,97,24,80.17,21,76,52,0,0.0,4,36.36,15,6,543,1,0,6,18,90,18,38,40.43,36,45.57,2,13.33
528,1183625,Serie A,Pisa,Giovanni Bonfanti,Defender,6.46,0,0.37,0,6,1,3,0.0,5,41.67,0,0,0,0,0,0,0,0,0,0,0.0,0,0,0.0,13,7,26,2,2,0,0,0,0,1,0,0,0,3,140,91,49,65.0,60,31,17,2,16.67,11,31.43,9,6,495,1,0,10,3,97,5,30,49.18,21,47.73,9,52.94
529,882592,Serie A,Sassuolo,Daniel Boloca,Midfielder,6.45,0,0.25,0,2,0,2,0.0,1,50.0,0,0,0,0,0,0,0,0,0,0,0.0,0,0,0.0,2,2,2,0,1,0,0,0,0,0,0,0,0,1,56,53,3,94.64,22,31,14,0,0.0,2,66.67,2,2,135,0,0,0,1,6,0,4,44.44,4,66.67,0,0.0
530,136322,Serie A,Lazio,Elseid Hysaj,Defender,6.45,0,0.0,0,0,0,0,0.0,0,0.0,0,0,0,0,0,0,0,0,0,0,0.0,0,0,0.0,2,2,7,0,1,0,0,0,0,0,0,0,0,0,74,57,17,77.03,32,25,12,1,50.0,3,33.33,5,1,170,0,0,0,1,21,0,5,62.5,3,60.0,2,66.67
531,1910643,Serie A,Lecce,Christ-Owen Kouassi,Defender,6.45,0,0.0,0,0,0,0,0.0,0,0.0,0,0,0,0,0,0,0,0,0,0,0.0,0,0,0.0,11,1,8,0,0,0,1,1,0,0,0,0,0,0,81,65,16,80.25,30,35,14,1,50.0,4,50.0,4,3,228,0,0,1,3,28,1,17,80.95,14,82.35,3,75.0
532,1086199,Serie A,Parma,Franco Carboni,Midfielder,6.45,0,0.0,0,0,0,0,0.0,1,25.0,0,0,0,0,0,0,0,0,0,0,0.0,0,0,0.0,2,1,3,0,1,0,0,0,0,0,0,0,0,0,24,19,5,79.17,13,6,3,0,0.0,1,50.0,6,1,109,0,0,3,0,12,0,6,40.0,3,30.0,3,60.0
533,844480,Serie A,Hellas Verona,Pol Lirola,Defender,6.45,0,0.0,0,0,0,0,0.0,1,25.0,0,0,0,0,0,0,0,0,0,0,0.0,0,0,0.0,5,4,6,1,2,0,0,0,0,0,0,0,0,1,113,71,42,62.83,26,45,19,1,6.25,4,28.57,6,3,313,1,0,3,0,75,2,8,36.36,6,37.5,2,33.33
534,812946,Serie A,Fiorentina,Christian Kouamé,Forward,6.45,0,0.0,0,0,0,0,0.0,0,0.0,0,0,0,0,0,0,0,0,0,0,0.0,0,0,0.0,1,1,1,0,0,0,0,0,0,0,0,0,0,0,15,12,3,80.0,3,9,4,0,0.0,0,0.0,2,0,32,0,0,0,0,5,0,1,50.0,1,100.0,0,0.0
535,826026,Serie A,Torino,Sandro Kulenović,Forward,6.44,0,0.67,1,5,2,1,0.0,2,40.0,0,0,0,0,0,0,0,0,0,0,0.0,0,0,0.0,4,1,4,1,1,0,0,0,0,0,0,1,0,5,65,41,24,63.08,14,27,20,1,100.0,1,33.33,13,3,310,2,0,11,4,45,6,14,32.56,10,33.33,4,30.77
536,808590,Serie A,AS Roma,Leon Bailey,Midfielder,6.44,0,0.17,0,3,1,0,0.0,2,33.33,0,0,0,0,0,0,1,0,0,0,0.0,0,0,0.0,2,0,0,0,1,0,0,0,0,0,0,0,0,2,59,49,10,83.05,11,38,27,2,14.29,0,0.0,7,1,182,0,0,2,1,39,2,8,38.1,5,35.71,3,42.86
537,1184248,Serie A,Pisa,Henrik Wendel Meister,Forward,6.43,2,3.56,9,20,8,8,10.0,13,35.14,2,0,0,0,2,1,5,0,0,0,0.0,0,0,0.0,5,1,7,0,5,0,0,0,0,0,1,0,0,5,156,100,56,64.1,28,72,41,0,0.0,2,33.33,28,15,1512,2,0,26,17,160,26,68,35.79,35,31.25,33,42.31
538,959003,Serie A,Pisa,Filip Stojilković,Forward,6.43,0,2.73,6,10,4,5,0.0,2,50.0,0,0,0,0,0,1,12,0,0,0,0.0,0,0,0.0,2,0,1,1,1,0,0,0,0,0,1,0,0,1,59,43,16,72.88,26,17,12,1,50.0,1,100.0,12,7,597,0,0,8,0,29,3,5,17.86,4,22.22,1,10.0
539,1910527,Serie A,Cagliari,Joseph Liteta,Midfielder,6.43,0,0.0,0,0,0,0,0.0,2,100.0,0,0,0,0,0,0,0,0,0,0,0.0,0,0,0.0,5,8,3,3,7,0,0,0,0,0,0,0,0,0,131,111,20,84.73,72,39,12,0,0.0,4,28.57,4,4,266,0,0,4,0,28,4,9,34.62,7,31.82,2,50.0
540,935564,Serie A,Juventus,Jonathan David,Forward,6.43,6,8.81,13,41,16,14,14.63,6,24.0,6,0,1,4,1,3,11,0,1,0,0.0,0,0,0.0,17,5,5,0,9,1,0,0,0,1,5,4,0,33,517,408,109,78.92,102,306,183,0,0.0,5,50.0,34,20,1767,0,0,29,26,236,22,66,35.29,49,38.58,17,28.33
541,1520771,Serie A,Lecce,Francesco Camarda,Forward,6.43,1,1.86,3,16,3,7,6.25,3,33.33,1,0,1,0,0,0,2,0,1,0,0.0,0,0,0.0,3,0,2,1,5,0,0,0,0,0,1,0,0,4,107,76,31,71.03,29,47,24,0,0.0,3,60.0,21,7,693,1,0,12,4,71,6,24,28.92,10,27.03,14,30.43
542,997583,Serie A,Pisa,Malthe Højholt,Midfielder,6.42,0,0.73,2,4,2,2,0.0,1,33.33,0,0,0,0,0,0,0,0,0,0,0.0,0,0,0.0,12,9,7,3,15,0,0,0,0,0,0,0,0,3,246,206,40,83.74,125,81,34,1,25.0,6,33.33,16,9,811,2,0,14,5,55,3,23,35.38,18,34.62,5,38.46
543,1009268,Serie A,Fiorentina,Mattia Viti,Defender,6.42,0,0.0,0,0,0,0,0.0,1,50.0,0,0,0,0,0,0,0,0,0,0,0.0,0,0,0.0,9,4,15,1,2,0,0,1,0,0,0,0,0,0,143,120,23,83.92,59,61,22,0,0.0,12,57.14,10,2,267,1,1,9,4,40,3,18,43.9,14,48.28,4,33.33
544,796455,Serie A,Udinese,Vakoun Issouf Bayo,Forward,6.41,0,1.37,3,14,2,12,0.0,1,14.29,0,0,0,0,0,0,5,0,0,0,0.0,0,0,0.0,2,0,2,1,1,0,0,0,0,0,1,2,0,3,112,84,28,75.0,24,60,39,0,0.0,2,33.33,15,4,451,0,0,15,6,65,6,34,37.78,9,25.71,25,45.45
545,1164381,Serie A,Genoa,Seydou Fini,Forward,6.4,0,0.0,0,0,0,0,0.0,1,100.0,0,0,0,0,0,0,2,0,0,0,0.0,0,0,0.0,0,0,1,0,0,0,0,0,0,0,0,0,0,1,3,2,1,66.67,0,2,1,0,0.0,0,0.0,1,0,31,0,0,1,0,4,0,1,33.33,1,50.0,0,0.0
546,1822931,Serie A,Inter,Matteo Lavelli,Forward,6.4,0,0.0,0,0,0,0,0.0,0,0.0,0,0,0,0,0,0,0,0,0,0,0.0,0,0,0.0,0,0,0,0,0,0,0,0,0,0,0,0,0,0,1,1,0,100.0,1,0,0,0,0.0,0,0.0,1,0,12,0,0,0,0,3,0,0,0.0,0,0.0,0,0.0
547,1838644,Serie A,Sassuolo,Christian Frangella,Midfielder,6.4,0,0.0,0,0,0,0,0.0,0,0.0,0,0,0,0,0,0,1,0,0,0,0.0,0,0,0.0,0,1,0,0,0,0,0,0,0,0,0,0,0,0,7,4,3,57.14,1,3,1,0,0.0,0,0.0,1,0,9,0,0,0,0,6,0,0,0.0,0,0.0,0,0.0
548,1125917,Serie A,Pisa,Felipe Loyola,Midfielder,6.39,1,0.65,0,8,1,3,12.5,3,50.0,1,0,0,0,1,0,0,0,0,0,0.0,0,0,0.0,10,7,8,1,4,0,0,1,0,0,1,0,0,4,189,162,27,85.71,83,79,29,0,0.0,9,69.23,10,6,509,0,1,8,2,63,11,16,33.33,15,36.59,1,14.29
549,964154,Serie A,Hellas Verona,Tomáš Suslov,Forward,6.39,0,0.54,1,11,3,3,0.0,4,23.53,0,0,0,0,0,0,0,0,0,0,0.0,0,1,0.0,7,1,1,0,6,0,0,0,0,0,0,0,0,3,92,76,16,82.61,38,38,25,4,22.22,5,50.0,10,4,387,1,1,8,11,66,4,22,40.0,22,41.51,0,0.0
550,1152386,Serie A,Pisa,Rafiu Durosinmi,Forward,6.38,1,0.85,1,9,5,3,11.11,3,42.86,1,0,1,0,0,0,3,0,0,0,0.0,0,0,0.0,0,1,5,0,2,0,0,0,0,0,0,1,0,3,85,51,34,60.0,14,37,17,0,0.0,3,100.0,12,4,430,1,1,15,2,69,11,28,32.56,5,14.71,23,44.23
551,1130662,Serie A,Lecce,Sadik Fofana,Midfielder,6.38,0,0.16,0,2,0,2,0.0,1,50.0,0,0,0,0,0,0,0,0,0,0,0.0,0,0,0.0,2,0,0,0,1,0,0,0,0,0,0,0,0,2,27,14,13,51.85,5,9,6,0,0.0,0,0.0,5,1,94,0,0,3,1,21,1,6,35.29,4,40.0,2,28.57
552,1018179,Serie A,Hellas Verona,Daniel Mosquera,Forward,6.38,0,0.71,0,16,5,6,0.0,7,43.75,0,0,0,0,0,0,3,0,0,0,0.0,0,0,0.0,5,2,6,3,6,0,0,0,0,0,2,2,0,5,114,84,30,73.68,31,53,27,0,0.0,0,0.0,22,5,610,1,0,22,6,87,15,34,27.42,17,25.76,17,29.31
553,1819178,Serie A,Pisa,Louis Buffon,Forward,6.37,0,0.0,0,0,0,0,0.0,0,0.0,0,0,0,0,0,0,0,0,0,0,0.0,0,0,0.0,0,0,0,0,0,0,0,0,0,0,0,0,0,0,6,5,1,83.33,1,4,2,0,0.0,0,0.0,4,0,36,0,0,1,1,7,1,1,14.29,1,25.0,0,0.0
554,1526932,Serie A,Fiorentina,Riccardo Braschi,Forward,6.35,0,0.14,0,3,0,3,0.0,2,66.67,0,0,0,0,0,1,1,0,0,0,0.0,0,0,0.0,2,0,0,0,1,0,0,0,0,0,0,0,0,0,18,11,7,61.11,3,8,5,1,100.0,0,0.0,2,1,106,0,0,0,0,15,3,6,37.5,4,44.44,2,28.57
555,301162,Serie A,Inter,Raffaele Di Gennaro,Goalkeeper,6.3,0,0.0,0,0,0,0,0.0,0,0.0,0,0,0,0,0,0,0,0,0,0,0.0,0,0,0.0,0,0,0,0,0,0,0,0,0,0,0,0,0,0,7,4,3,57.14,4,0,0,0,0.0,0,0.0,1,0,9,0,0,0,0,3,0,0,0.0,0,0.0,0,0.0
556,1530727,Serie A,Inter,Mattia Mosconi,Forward,6.3,0,0.09,0,2,0,2,0.0,0,0.0,0,0,0,0,0,0,0,0,0,0,0.0,0,0,0.0,0,0,0,0,0,0,1,0,0,0,0,0,0,0,13,13,0,100.0,5,8,3,0,0.0,0,0.0,2,0,25,0,0,1,2,4,1,2,33.33,2,40.0,0,0.0
557,979210,Serie A,Pisa,Tomás Esteves,Midfielder,6.3,0,0.0,0,0,0,0,0.0,0,0.0,0,0,0,0,0,0,0,0,0,0,0.0,0,0,0.0,0,0,0,0,0,0,0,0,0,0,0,0,0,0,5,4,1,80.0,2,2,0,0,0.0,0,0.0,1,0,13,0,0,0,0,2,0,1,100.0,0,0.0,1,100.0
558,161325,Serie A,Juventus,Arkadiusz Milik,Forward,6.3,0,0.09,1,2,2,0,0.0,1,25.0,0,0,0,0,0,0,0,0,0,0,0.0,0,0,0.0,0,0,0,0,0,0,0,0,0,0,0,0,0,0,11,9,2,81.82,1,8,6,0,0.0,0,0.0,2,0,34,0,0,1,0,6,0,1,14.29,1,20.0,0,0.0
559,1029456,Serie A,Cremonese,Faris Moumbagna,Forward,6.3,0,0.39,1,2,0,1,0.0,0,0.0,0,0,0,0,0,0,0,0,0,0,0.0,0,0,0.0,0,0,1,0,0,0,0,0,0,0,0,0,0,1,15,9,6,60.0,3,6,4,0,0.0,0,0.0,5,0,88,0,0,1,0,17,1,3,33.33,0,0.0,3,50.0
560,280439,Serie A,Genoa,Maxwel Cornet,Forward,6.29,0,1.54,2,4,2,1,0.0,0,0.0,0,0,0,0,0,0,1,0,1,0,0.0,0,0,0.0,6,0,1,0,1,0,0,1,0,0,0,0,0,6,40,31,9,77.5,7,24,14,2,15.38,0,0.0,8,1,121,0,0,6,1,27,3,10,40.0,7,38.89,3,42.86
561,1494096,Serie A,Pisa,Francesco Coppola,Defender,6.28,0,0.1,0,2,0,0,0.0,0,0.0,0,0,0,0,0,0,0,0,0,0,0.0,0,0,0.0,13,4,13,4,12,0,0,1,0,0,0,0,0,0,123,103,20,83.74,61,42,17,1,50.0,3,50.0,7,5,461,3,0,7,9,49,1,25,48.08,22,52.38,3,30.0
562,45923,Serie A,Bologna,Ciro Immobile,Forward,6.27,0,0.04,1,2,0,1,0.0,0,0.0,0,0,0,0,0,0,6,0,0,0,0.0,0,0,0.0,1,0,1,1,1,0,0,0,0,0,0,0,0,1,49,35,14,71.43,11,24,13,0,0.0,1,100.0,6,2,191,1,0,8,3,34,2,7,25.93,4,23.53,3,30.0
563,1152943,Serie A,Pisa,Rosen Bozhinov,Defender,6.26,0,0.06,0,2,1,1,0.0,0,0.0,0,0,0,0,0,0,2,0,0,0,0.0,0,0,0.0,6,11,28,4,1,0,1,0,0,0,1,0,0,4,328,284,44,86.59,188,96,19,1,33.33,11,33.33,8,7,524,1,1,12,1,57,0,21,46.67,6,30.0,15,60.0
564,928814,Serie A,Cagliari,Alessandro Di Pardo,Midfielder,6.25,0,0.08,0,1,0,1,0.0,0,0.0,0,0,0,0,0,0,0,0,0,0,0.0,0,0,0.0,1,0,3,1,2,0,0,0,0,0,0,0,0,0,17,13,4,76.47,9,4,2,0,0.0,0,0.0,3,0,60,0,0,0,1,7,0,2,40.0,2,50.0,0,0.0
565,259995,Serie A,Torino,Adam Masina,Defender,6.24,0,0.0,0,0,0,0,0.0,1,25.0,0,0,0,0,0,0,0,0,0,0,0.0,0,0,0.0,7,5,11,1,1,1,0,0,0,0,1,1,0,2,99,85,14,85.86,62,23,10,0,0.0,7,41.18,5,2,232,0,0,6,2,24,3,12,42.86,10,43.48,2,40.0
566,2199322,Serie A,Como,Andrea Le Borgne,Midfielder,0.0,0,0.0,0,0,0,0,0.0,0,0.0,0,0,0,0,0,0,0,0,0,0,0.0,0,0,0.0,0,0,0,0,0,0,0,0,0,0,0,0,0,0,1,1,0,100.0,1,0,0,0,0.0,0,0.0,1,0,1,0,0,0,0,1,0,0,0.0,0,0.0,0,0.0
567,991677,Serie A,Sassuolo,Cas Odenthal,Defender,0.0,0,0.0,0,0,0,0,0.0,0,0.0,0,0,0,0,0,0,0,0,0,0,0.0,0,0,0.0,0,0,0,0,0,0,0,0,0,0,0,0,0,0,2,2,0,100.0,1,1,0,0,0.0,0,0.0,1,0,1,0,0,0,0,0,0,0,0.0,0,0.0,0,0.0
568,1030200,Serie A,Parma,Tjaš Begić,Forward,0.0,0,0.0,0,0,0,0,0.0,0,0.0,0,0,0,0,0,0,0,0,0,0,0.0,0,0,0.0,0,0,0,0,0,0,0,0,0,0,0,0,0,0,1,0,1,0.0,0,0,0,0,0.0,0,0.0,1,0,1,0,0,0,0,1,0,0,0.0,0,0.0,0,0.0
569,1605324,Serie A,Genoa,Joi Xheto Nuredini,Forward,0.0,0,0.0,0,0,0,0,0.0,0,0.0,0,0,0,0,0,0,0,0,0,0,0.0,0,0,0.0,0,0,0,0,1,0,0,0,0,0,0,0,0,0,0,0,0,0.0,0,0,0,0,0.0,0,0.0,1,0,1,0,0,0,0,0,0,0,0.0,0,0.0,0,0.0
570,1474846,Serie A,Hellas Verona,Junior Ajayi,Forward,0.0,0,0.0,0,0,0,0,0.0,0,0.0,0,0,0,0,0,0,0,0,0,0,0.0,0,0,0.0,0,0,0,0,0,0,0,0,0,0,0,0,0,0,1,1,0,100.0,0,1,1,0,0.0,0,0.0,1,0,1,0,0,0,0,2,1,1,50.0,0,0.0,1,100.0
